1382359.JIAL01000001_gene977,JIAL01000001_gene977,annotation&nbsp;not&nbsp;available,98.9
1382359.JIAL01000001_gene2238,JIAL01000001_gene2238,annotation&nbsp;not&nbsp;available,98.9
1382359.JIAL01000001_gene2072,JIAL01000001_gene2072,annotation&nbsp;not&nbsp;available,98.8
1382359.JIAL01000001_gene757,JIAL01000001_gene757,annotation&nbsp;not&nbsp;available,98.8
1382359.JIAL01000001_gene2662,JIAL01000001_gene2662,annotation&nbsp;not&nbsp;available,98.7
1382359.JIAL01000001_gene987,JIAL01000001_gene987,annotation&nbsp;not&nbsp;available,98.7
1382359.JIAL01000001_gene1875,JIAL01000001_gene1875,annotation&nbsp;not&nbsp;available,98.7
1382359.JIAL01000001_gene2191,JIAL01000001_gene2191,annotation&nbsp;not&nbsp;available,98.7
1382359.JIAL01000001_gene2768,JIAL01000001_gene2768,annotation&nbsp;not&nbsp;available,98.7
1382359.JIAL01000001_gene1980,JIAL01000001_gene1980,annotation&nbsp;not&nbsp;available,98.7
1382359.JIAL01000001_gene464,JIAL01000001_gene464,annotation&nbsp;not&nbsp;available,98.7
1382359.JIAL01000001_gene2419,JIAL01000001_gene2419,annotation&nbsp;not&nbsp;available,98.5
1382359.JIAL01000001_gene2922,JIAL01000001_gene2922,annotation&nbsp;not&nbsp;available,98.5
1382359.JIAL01000001_gene2729,JIAL01000001_gene2729,annotation&nbsp;not&nbsp;available,98.4
1382359.JIAL01000001_gene636,JIAL01000001_gene636,annotation&nbsp;not&nbsp;available,98.3
1382359.JIAL01000001_gene531,JIAL01000001_gene531,annotation&nbsp;not&nbsp;available,98.3
1382359.JIAL01000001_gene1968,JIAL01000001_gene1968,annotation&nbsp;not&nbsp;available,98.3
1382359.JIAL01000001_gene1708,JIAL01000001_gene1708,annotation&nbsp;not&nbsp;available,98.2
1382359.JIAL01000001_gene791,JIAL01000001_gene791,annotation&nbsp;not&nbsp;available,98.2
1382359.JIAL01000001_gene1780,JIAL01000001_gene1780,annotation&nbsp;not&nbsp;available,98.1
1382359.JIAL01000001_gene1520,JIAL01000001_gene1520,annotation&nbsp;not&nbsp;available,98.1
1382359.JIAL01000001_gene423,JIAL01000001_gene423,annotation&nbsp;not&nbsp;available,98.0
1382359.JIAL01000001_gene2421,JIAL01000001_gene2421,annotation&nbsp;not&nbsp;available,98.0
1382359.JIAL01000001_gene2110,JIAL01000001_gene2110,annotation&nbsp;not&nbsp;available,98.0
1382359.JIAL01000001_gene1776,JIAL01000001_gene1776,annotation&nbsp;not&nbsp;available,98.0
1382359.JIAL01000001_gene1432,JIAL01000001_gene1432,annotation&nbsp;not&nbsp;available,97.9
1382359.JIAL01000001_gene1673,JIAL01000001_gene1673,annotation&nbsp;not&nbsp;available,97.9
1382359.JIAL01000001_gene401,JIAL01000001_gene401,annotation&nbsp;not&nbsp;available,97.8
1382359.JIAL01000001_gene523,JIAL01000001_gene523,annotation&nbsp;not&nbsp;available,97.8
1382359.JIAL01000001_gene1602,JIAL01000001_gene1602,annotation&nbsp;not&nbsp;available,97.7
1382359.JIAL01000001_gene2788,JIAL01000001_gene2788,annotation&nbsp;not&nbsp;available,97.6
1382359.JIAL01000001_gene1524,JIAL01000001_gene1524,annotation&nbsp;not&nbsp;available,97.6
1382359.JIAL01000001_gene2856,JIAL01000001_gene2856,annotation&nbsp;not&nbsp;available,97.6
1382359.JIAL01000001_gene916,JIAL01000001_gene916,annotation&nbsp;not&nbsp;available,97.6
1382359.JIAL01000001_gene2951,JIAL01000001_gene2951,annotation&nbsp;not&nbsp;available,97.6
1382359.JIAL01000001_gene2705,JIAL01000001_gene2705,annotation&nbsp;not&nbsp;available,97.5
1382359.JIAL01000001_gene434,JIAL01000001_gene434,annotation&nbsp;not&nbsp;available,97.5
1382359.JIAL01000001_gene2716,JIAL01000001_gene2716,annotation&nbsp;not&nbsp;available,97.4
1382359.JIAL01000001_gene2593,JIAL01000001_gene2593,annotation&nbsp;not&nbsp;available,97.3
1382359.JIAL01000001_gene414,JIAL01000001_gene414,annotation&nbsp;not&nbsp;available,97.3
1382359.JIAL01000001_gene1888,JIAL01000001_gene1888,annotation&nbsp;not&nbsp;available,97.2
1382359.JIAL01000001_gene621,JIAL01000001_gene621,annotation&nbsp;not&nbsp;available,97.1
1382359.JIAL01000001_gene2762,JIAL01000001_gene2762,annotation&nbsp;not&nbsp;available,97.1
1382359.JIAL01000001_gene349,JIAL01000001_gene349,annotation&nbsp;not&nbsp;available,97.1
1382359.JIAL01000001_gene2185,JIAL01000001_gene2185,annotation&nbsp;not&nbsp;available,97.0
1382359.JIAL01000001_gene2368,JIAL01000001_gene2368,annotation&nbsp;not&nbsp;available,96.9
1382359.JIAL01000001_gene2843,JIAL01000001_gene2843,annotation&nbsp;not&nbsp;available,96.9
1382359.JIAL01000001_gene1698,JIAL01000001_gene1698,annotation&nbsp;not&nbsp;available,96.8
1382359.JIAL01000001_gene2571,JIAL01000001_gene2571,annotation&nbsp;not&nbsp;available,96.7
1382359.JIAL01000001_gene1695,JIAL01000001_gene1695,annotation&nbsp;not&nbsp;available,96.7
1382359.JIAL01000001_gene1038,JIAL01000001_gene1038,annotation&nbsp;not&nbsp;available,96.6
1382359.JIAL01000001_gene1705,JIAL01000001_gene1705,annotation&nbsp;not&nbsp;available,96.6
1382359.JIAL01000001_gene748,JIAL01000001_gene748,annotation&nbsp;not&nbsp;available,96.5
1382359.JIAL01000001_gene528,JIAL01000001_gene528,annotation&nbsp;not&nbsp;available,96.5
1382359.JIAL01000001_gene2838,JIAL01000001_gene2838,annotation&nbsp;not&nbsp;available,96.4
1382359.JIAL01000001_gene2937,JIAL01000001_gene2937,annotation&nbsp;not&nbsp;available,96.2
1382359.JIAL01000001_gene1914,JIAL01000001_gene1914,annotation&nbsp;not&nbsp;available,96.2
1382359.JIAL01000001_gene2786,JIAL01000001_gene2786,annotation&nbsp;not&nbsp;available,96.2
1382359.JIAL01000001_gene655,JIAL01000001_gene655,annotation&nbsp;not&nbsp;available,96.2
1382359.JIAL01000001_gene2087,JIAL01000001_gene2087,annotation&nbsp;not&nbsp;available,96.2
1382359.JIAL01000001_gene2992,JIAL01000001_gene2992,annotation&nbsp;not&nbsp;available,96.1
1382359.JIAL01000001_gene1410,JIAL01000001_gene1410,annotation&nbsp;not&nbsp;available,96.1
1382359.JIAL01000001_gene2629,JIAL01000001_gene2629,annotation&nbsp;not&nbsp;available,96.0
1382359.JIAL01000001_gene2783,JIAL01000001_gene2783,annotation&nbsp;not&nbsp;available,96.0
1382359.JIAL01000001_gene2870,JIAL01000001_gene2870,annotation&nbsp;not&nbsp;available,96.0
1382359.JIAL01000001_gene865,JIAL01000001_gene865,annotation&nbsp;not&nbsp;available,95.9
1382359.JIAL01000001_gene17,JIAL01000001_gene17,annotation&nbsp;not&nbsp;available,95.8
1382359.JIAL01000001_gene2926,JIAL01000001_gene2926,annotation&nbsp;not&nbsp;available,95.8
1382359.JIAL01000001_gene1310,JIAL01000001_gene1310,annotation&nbsp;not&nbsp;available,95.8
1382359.JIAL01000001_gene2514,JIAL01000001_gene2514,annotation&nbsp;not&nbsp;available,95.7
1382359.JIAL01000001_gene2385,JIAL01000001_gene2385,annotation&nbsp;not&nbsp;available,95.6
1382359.JIAL01000001_gene2884,JIAL01000001_gene2884,annotation&nbsp;not&nbsp;available,95.5
1382359.JIAL01000001_gene683,JIAL01000001_gene683,annotation&nbsp;not&nbsp;available,95.4
1382359.JIAL01000001_gene765,JIAL01000001_gene765,annotation&nbsp;not&nbsp;available,95.4
1382359.JIAL01000001_gene1363,JIAL01000001_gene1363,annotation&nbsp;not&nbsp;available,95.3
1382359.JIAL01000001_gene2199,JIAL01000001_gene2199,annotation&nbsp;not&nbsp;available,95.3
1382359.JIAL01000001_gene770,JIAL01000001_gene770,annotation&nbsp;not&nbsp;available,95.3
1382359.JIAL01000001_gene1508,JIAL01000001_gene1508,annotation&nbsp;not&nbsp;available,95.3
1382359.JIAL01000001_gene2796,JIAL01000001_gene2796,annotation&nbsp;not&nbsp;available,95.2
1382359.JIAL01000001_gene335,JIAL01000001_gene335,annotation&nbsp;not&nbsp;available,95.0
1382359.JIAL01000001_gene327,JIAL01000001_gene327,annotation&nbsp;not&nbsp;available,94.9
1382359.JIAL01000001_gene2777,JIAL01000001_gene2777,annotation&nbsp;not&nbsp;available,94.9
1382359.JIAL01000001_gene2617,JIAL01000001_gene2617,annotation&nbsp;not&nbsp;available,94.9
1382359.JIAL01000001_gene1726,JIAL01000001_gene1726,annotation&nbsp;not&nbsp;available,94.8
1382359.JIAL01000001_gene2366,JIAL01000001_gene2366,annotation&nbsp;not&nbsp;available,94.8
1382359.JIAL01000001_gene2683,JIAL01000001_gene2683,annotation&nbsp;not&nbsp;available,94.7
1382359.JIAL01000001_gene127,JIAL01000001_gene127,annotation&nbsp;not&nbsp;available,94.7
1382359.JIAL01000001_gene938,JIAL01000001_gene938,annotation&nbsp;not&nbsp;available,94.6
1382359.JIAL01000001_gene2633,JIAL01000001_gene2633,annotation&nbsp;not&nbsp;available,94.6
1382359.JIAL01000001_gene1703,JIAL01000001_gene1703,annotation&nbsp;not&nbsp;available,94.5
1382359.JIAL01000001_gene211,JIAL01000001_gene211,annotation&nbsp;not&nbsp;available,94.5
1382359.JIAL01000001_gene1704,JIAL01000001_gene1704,annotation&nbsp;not&nbsp;available,94.4
1382359.JIAL01000001_gene1409,JIAL01000001_gene1409,annotation&nbsp;not&nbsp;available,94.4
1382359.JIAL01000001_gene332,JIAL01000001_gene332,annotation&nbsp;not&nbsp;available,94.4
1382359.JIAL01000001_gene2800,JIAL01000001_gene2800,annotation&nbsp;not&nbsp;available,94.3
1382359.JIAL01000001_gene190,JIAL01000001_gene190,annotation&nbsp;not&nbsp;available,94.3
1382359.JIAL01000001_gene752,JIAL01000001_gene752,annotation&nbsp;not&nbsp;available,94.2
1382359.JIAL01000001_gene114,JIAL01000001_gene114,annotation&nbsp;not&nbsp;available,94.0
1382359.JIAL01000001_gene2639,JIAL01000001_gene2639,annotation&nbsp;not&nbsp;available,93.9
1382359.JIAL01000001_gene984,JIAL01000001_gene984,annotation&nbsp;not&nbsp;available,93.9
1382359.JIAL01000001_gene1412,JIAL01000001_gene1412,annotation&nbsp;not&nbsp;available,93.9
1382359.JIAL01000001_gene974,JIAL01000001_gene974,annotation&nbsp;not&nbsp;available,93.8
1382359.JIAL01000001_gene334,JIAL01000001_gene334,annotation&nbsp;not&nbsp;available,93.7
1382359.JIAL01000001_gene444,JIAL01000001_gene444,annotation&nbsp;not&nbsp;available,93.7
1382359.JIAL01000001_gene2960,JIAL01000001_gene2960,annotation&nbsp;not&nbsp;available,93.7
1382359.JIAL01000001_gene3009,JIAL01000001_gene3009,annotation&nbsp;not&nbsp;available,93.6
1382359.JIAL01000001_gene1796,JIAL01000001_gene1796,annotation&nbsp;not&nbsp;available,93.6
1382359.JIAL01000001_gene2351,JIAL01000001_gene2351,annotation&nbsp;not&nbsp;available,93.5
1382359.JIAL01000001_gene2120,JIAL01000001_gene2120,annotation&nbsp;not&nbsp;available,93.5
1382359.JIAL01000001_gene841,JIAL01000001_gene841,annotation&nbsp;not&nbsp;available,93.5
1382359.JIAL01000001_gene2433,JIAL01000001_gene2433,annotation&nbsp;not&nbsp;available,93.4
1382359.JIAL01000001_gene1996,JIAL01000001_gene1996,annotation&nbsp;not&nbsp;available,93.4
1382359.JIAL01000001_gene370,JIAL01000001_gene370,annotation&nbsp;not&nbsp;available,93.4
1382359.JIAL01000001_gene2569,JIAL01000001_gene2569,annotation&nbsp;not&nbsp;available,93.3
1382359.JIAL01000001_gene1320,JIAL01000001_gene1320,annotation&nbsp;not&nbsp;available,93.1
1382359.JIAL01000001_gene1805,JIAL01000001_gene1805,annotation&nbsp;not&nbsp;available,93.1
1382359.JIAL01000001_gene2428,JIAL01000001_gene2428,annotation&nbsp;not&nbsp;available,93.1
1382359.JIAL01000001_gene1199,JIAL01000001_gene1199,annotation&nbsp;not&nbsp;available,93.0
1382359.JIAL01000001_gene2297,JIAL01000001_gene2297,annotation&nbsp;not&nbsp;available,93.0
1382359.JIAL01000001_gene1852,JIAL01000001_gene1852,annotation&nbsp;not&nbsp;available,92.9
1382359.JIAL01000001_gene2407,JIAL01000001_gene2407,annotation&nbsp;not&nbsp;available,92.7
1382359.JIAL01000001_gene2597,JIAL01000001_gene2597,annotation&nbsp;not&nbsp;available,92.7
1382359.JIAL01000001_gene1136,JIAL01000001_gene1136,annotation&nbsp;not&nbsp;available,92.7
1382359.JIAL01000001_gene2925,JIAL01000001_gene2925,annotation&nbsp;not&nbsp;available,92.6
1382359.JIAL01000001_gene2127,JIAL01000001_gene2127,annotation&nbsp;not&nbsp;available,92.5
1382359.JIAL01000001_gene1955,JIAL01000001_gene1955,annotation&nbsp;not&nbsp;available,92.5
1382359.JIAL01000001_gene1987,JIAL01000001_gene1987,annotation&nbsp;not&nbsp;available,92.4
1382359.JIAL01000001_gene2750,JIAL01000001_gene2750,annotation&nbsp;not&nbsp;available,92.4
1382359.JIAL01000001_gene2158,JIAL01000001_gene2158,annotation&nbsp;not&nbsp;available,92.4
1382359.JIAL01000001_gene1234,JIAL01000001_gene1234,annotation&nbsp;not&nbsp;available,92.4
1382359.JIAL01000001_gene96,JIAL01000001_gene96,annotation&nbsp;not&nbsp;available,92.3
1382359.JIAL01000001_gene1331,JIAL01000001_gene1331,annotation&nbsp;not&nbsp;available,92.3
1382359.JIAL01000001_gene1864,JIAL01000001_gene1864,annotation&nbsp;not&nbsp;available,92.2
1382359.JIAL01000001_gene2592,JIAL01000001_gene2592,annotation&nbsp;not&nbsp;available,92.1
1382359.JIAL01000001_gene1753,JIAL01000001_gene1753,annotation&nbsp;not&nbsp;available,92.1
1382359.JIAL01000001_gene2097,JIAL01000001_gene2097,annotation&nbsp;not&nbsp;available,91.9
1382359.JIAL01000001_gene1716,JIAL01000001_gene1716,annotation&nbsp;not&nbsp;available,91.9
1382359.JIAL01000001_gene3018,JIAL01000001_gene3018,annotation&nbsp;not&nbsp;available,91.9
1382359.JIAL01000001_gene1396,JIAL01000001_gene1396,annotation&nbsp;not&nbsp;available,91.9
1382359.JIAL01000001_gene2068,JIAL01000001_gene2068,annotation&nbsp;not&nbsp;available,91.8
1382359.JIAL01000001_gene2082,JIAL01000001_gene2082,annotation&nbsp;not&nbsp;available,91.7
1382359.JIAL01000001_gene2404,JIAL01000001_gene2404,annotation&nbsp;not&nbsp;available,91.7
1382359.JIAL01000001_gene2877,JIAL01000001_gene2877,annotation&nbsp;not&nbsp;available,91.7
1382359.JIAL01000001_gene1402,JIAL01000001_gene1402,annotation&nbsp;not&nbsp;available,91.6
1382359.JIAL01000001_gene1787,JIAL01000001_gene1787,annotation&nbsp;not&nbsp;available,91.6
1382359.JIAL01000001_gene396,JIAL01000001_gene396,annotation&nbsp;not&nbsp;available,91.6
1382359.JIAL01000001_gene635,JIAL01000001_gene635,annotation&nbsp;not&nbsp;available,91.5
1382359.JIAL01000001_gene2195,JIAL01000001_gene2195,annotation&nbsp;not&nbsp;available,91.4
1382359.JIAL01000001_gene824,JIAL01000001_gene824,annotation&nbsp;not&nbsp;available,91.4
1382359.JIAL01000001_gene2733,JIAL01000001_gene2733,annotation&nbsp;not&nbsp;available,91.3
1382359.JIAL01000001_gene664,JIAL01000001_gene664,annotation&nbsp;not&nbsp;available,91.3
1382359.JIAL01000001_gene1375,JIAL01000001_gene1375,annotation&nbsp;not&nbsp;available,91.2
1382359.JIAL01000001_gene333,JIAL01000001_gene333,annotation&nbsp;not&nbsp;available,91.1
1382359.JIAL01000001_gene1721,JIAL01000001_gene1721,annotation&nbsp;not&nbsp;available,91.1
1382359.JIAL01000001_gene2369,JIAL01000001_gene2369,annotation&nbsp;not&nbsp;available,91.1
1382359.JIAL01000001_gene110,JIAL01000001_gene110,annotation&nbsp;not&nbsp;available,91.1
1382359.JIAL01000001_gene383,JIAL01000001_gene383,annotation&nbsp;not&nbsp;available,91.1
1382359.JIAL01000001_gene1994,JIAL01000001_gene1994,annotation&nbsp;not&nbsp;available,91.1
1382359.JIAL01000001_gene2990,JIAL01000001_gene2990,annotation&nbsp;not&nbsp;available,91.0
1382359.JIAL01000001_gene1505,JIAL01000001_gene1505,annotation&nbsp;not&nbsp;available,91.0
1382359.JIAL01000001_gene3014,JIAL01000001_gene3014,annotation&nbsp;not&nbsp;available,91.0
1382359.JIAL01000001_gene1826,JIAL01000001_gene1826,annotation&nbsp;not&nbsp;available,90.9
1382359.JIAL01000001_gene2523,JIAL01000001_gene2523,annotation&nbsp;not&nbsp;available,90.9
1382359.JIAL01000001_gene2171,JIAL01000001_gene2171,annotation&nbsp;not&nbsp;available,90.9
1382359.JIAL01000001_gene2168,JIAL01000001_gene2168,annotation&nbsp;not&nbsp;available,90.9
1382359.JIAL01000001_gene2606,JIAL01000001_gene2606,annotation&nbsp;not&nbsp;available,90.8
1382359.JIAL01000001_gene338,JIAL01000001_gene338,annotation&nbsp;not&nbsp;available,90.8
1382359.JIAL01000001_gene1276,JIAL01000001_gene1276,annotation&nbsp;not&nbsp;available,90.7
1382359.JIAL01000001_gene1755,JIAL01000001_gene1755,annotation&nbsp;not&nbsp;available,90.7
1382359.JIAL01000001_gene134,JIAL01000001_gene134,annotation&nbsp;not&nbsp;available,90.6
1382359.JIAL01000001_gene2748,JIAL01000001_gene2748,annotation&nbsp;not&nbsp;available,90.6
1382359.JIAL01000001_gene2383,JIAL01000001_gene2383,annotation&nbsp;not&nbsp;available,90.5
1382359.JIAL01000001_gene2242,JIAL01000001_gene2242,annotation&nbsp;not&nbsp;available,90.5
1382359.JIAL01000001_gene2875,JIAL01000001_gene2875,annotation&nbsp;not&nbsp;available,90.4
1382359.JIAL01000001_gene887,JIAL01000001_gene887,annotation&nbsp;not&nbsp;available,90.3
1382359.JIAL01000001_gene2737,JIAL01000001_gene2737,annotation&nbsp;not&nbsp;available,90.3
1382359.JIAL01000001_gene2317,JIAL01000001_gene2317,annotation&nbsp;not&nbsp;available,90.2
1382359.JIAL01000001_gene1348,JIAL01000001_gene1348,annotation&nbsp;not&nbsp;available,90.1
1382359.JIAL01000001_gene1863,JIAL01000001_gene1863,annotation&nbsp;not&nbsp;available,90.1
1382359.JIAL01000001_gene2735,JIAL01000001_gene2735,annotation&nbsp;not&nbsp;available,90.1
1382359.JIAL01000001_gene1916,JIAL01000001_gene1916,annotation&nbsp;not&nbsp;available,90.1
1382359.JIAL01000001_gene1808,JIAL01000001_gene1808,annotation&nbsp;not&nbsp;available,90.0
1382359.JIAL01000001_gene2936,JIAL01000001_gene2936,annotation&nbsp;not&nbsp;available,90.0
1382359.JIAL01000001_gene1157,JIAL01000001_gene1157,annotation&nbsp;not&nbsp;available,89.9
1382359.JIAL01000001_gene1878,JIAL01000001_gene1878,annotation&nbsp;not&nbsp;available,89.9
1382359.JIAL01000001_gene975,JIAL01000001_gene975,annotation&nbsp;not&nbsp;available,89.7
1382359.JIAL01000001_gene2434,JIAL01000001_gene2434,annotation&nbsp;not&nbsp;available,89.7
1382359.JIAL01000001_gene1997,JIAL01000001_gene1997,annotation&nbsp;not&nbsp;available,89.7
1382359.JIAL01000001_gene1287,JIAL01000001_gene1287,annotation&nbsp;not&nbsp;available,89.7
1382359.JIAL01000001_gene1057,JIAL01000001_gene1057,annotation&nbsp;not&nbsp;available,89.7
1382359.JIAL01000001_gene1725,JIAL01000001_gene1725,annotation&nbsp;not&nbsp;available,89.6
1382359.JIAL01000001_gene2193,JIAL01000001_gene2193,annotation&nbsp;not&nbsp;available,89.5
1382359.JIAL01000001_gene2411,JIAL01000001_gene2411,annotation&nbsp;not&nbsp;available,89.5
1382359.JIAL01000001_gene2880,JIAL01000001_gene2880,annotation&nbsp;not&nbsp;available,89.5
1382359.JIAL01000001_gene2277,JIAL01000001_gene2277,annotation&nbsp;not&nbsp;available,89.5
1382359.JIAL01000001_gene2218,JIAL01000001_gene2218,annotation&nbsp;not&nbsp;available,89.4
1382359.JIAL01000001_gene2447,JIAL01000001_gene2447,annotation&nbsp;not&nbsp;available,89.3
1382359.JIAL01000001_gene1553,JIAL01000001_gene1553,annotation&nbsp;not&nbsp;available,89.3
1382359.JIAL01000001_gene369,JIAL01000001_gene369,annotation&nbsp;not&nbsp;available,89.3
1382359.JIAL01000001_gene2157,JIAL01000001_gene2157,annotation&nbsp;not&nbsp;available,89.2
1382359.JIAL01000001_gene2747,JIAL01000001_gene2747,annotation&nbsp;not&nbsp;available,89.2
1382359.JIAL01000001_gene1720,JIAL01000001_gene1720,annotation&nbsp;not&nbsp;available,89.1
1382359.JIAL01000001_gene1239,JIAL01000001_gene1239,annotation&nbsp;not&nbsp;available,89.0
1382359.JIAL01000001_gene2879,JIAL01000001_gene2879,annotation&nbsp;not&nbsp;available,89.0
1382359.JIAL01000001_gene923,JIAL01000001_gene923,annotation&nbsp;not&nbsp;available,89.0
1382359.JIAL01000001_gene2226,JIAL01000001_gene2226,annotation&nbsp;not&nbsp;available,88.9
1382359.JIAL01000001_gene821,JIAL01000001_gene821,annotation&nbsp;not&nbsp;available,88.8
1382359.JIAL01000001_gene2251,JIAL01000001_gene2251,annotation&nbsp;not&nbsp;available,88.8
1382359.JIAL01000001_gene1441,JIAL01000001_gene1441,annotation&nbsp;not&nbsp;available,88.7
1382359.JIAL01000001_gene185,JIAL01000001_gene185,annotation&nbsp;not&nbsp;available,88.7
1382359.JIAL01000001_gene27,JIAL01000001_gene27,annotation&nbsp;not&nbsp;available,88.7
1382359.JIAL01000001_gene2141,JIAL01000001_gene2141,annotation&nbsp;not&nbsp;available,88.6
1382359.JIAL01000001_gene497,JIAL01000001_gene497,annotation&nbsp;not&nbsp;available,88.5
1382359.JIAL01000001_gene2438,JIAL01000001_gene2438,annotation&nbsp;not&nbsp;available,88.5
1382359.JIAL01000001_gene600,JIAL01000001_gene600,annotation&nbsp;not&nbsp;available,88.4
1382359.JIAL01000001_gene175,JIAL01000001_gene175,annotation&nbsp;not&nbsp;available,88.4
1382359.JIAL01000001_gene101,JIAL01000001_gene101,annotation&nbsp;not&nbsp;available,88.2
1382359.JIAL01000001_gene1521,JIAL01000001_gene1521,annotation&nbsp;not&nbsp;available,88.2
1382359.JIAL01000001_gene557,JIAL01000001_gene557,annotation&nbsp;not&nbsp;available,88.1
1382359.JIAL01000001_gene1624,JIAL01000001_gene1624,annotation&nbsp;not&nbsp;available,87.9
1382359.JIAL01000001_gene2160,JIAL01000001_gene2160,annotation&nbsp;not&nbsp;available,87.9
1382359.JIAL01000001_gene2814,JIAL01000001_gene2814,annotation&nbsp;not&nbsp;available,87.8
1382359.JIAL01000001_gene558,JIAL01000001_gene558,annotation&nbsp;not&nbsp;available,87.8
1382359.JIAL01000001_gene709,JIAL01000001_gene709,annotation&nbsp;not&nbsp;available,87.8
1382359.JIAL01000001_gene2599,JIAL01000001_gene2599,annotation&nbsp;not&nbsp;available,87.8
1382359.JIAL01000001_gene1738,JIAL01000001_gene1738,annotation&nbsp;not&nbsp;available,87.7
1382359.JIAL01000001_gene1644,JIAL01000001_gene1644,annotation&nbsp;not&nbsp;available,87.7
1382359.JIAL01000001_gene986,JIAL01000001_gene986,annotation&nbsp;not&nbsp;available,87.7
1382359.JIAL01000001_gene1547,JIAL01000001_gene1547,annotation&nbsp;not&nbsp;available,87.4
1382359.JIAL01000001_gene2274,JIAL01000001_gene2274,annotation&nbsp;not&nbsp;available,87.4
1382359.JIAL01000001_gene833,JIAL01000001_gene833,annotation&nbsp;not&nbsp;available,87.3
1382359.JIAL01000001_gene1769,JIAL01000001_gene1769,annotation&nbsp;not&nbsp;available,87.2
1382359.JIAL01000001_gene1740,JIAL01000001_gene1740,annotation&nbsp;not&nbsp;available,87.2
1382359.JIAL01000001_gene2070,JIAL01000001_gene2070,annotation&nbsp;not&nbsp;available,87.2
1382359.JIAL01000001_gene2228,JIAL01000001_gene2228,annotation&nbsp;not&nbsp;available,87.2
1382359.JIAL01000001_gene1013,JIAL01000001_gene1013,annotation&nbsp;not&nbsp;available,87.2
1382359.JIAL01000001_gene120,JIAL01000001_gene120,annotation&nbsp;not&nbsp;available,87.1
1382359.JIAL01000001_gene443,JIAL01000001_gene443,annotation&nbsp;not&nbsp;available,87.1
1382359.JIAL01000001_gene535,JIAL01000001_gene535,annotation&nbsp;not&nbsp;available,87.0
1382359.JIAL01000001_gene2945,JIAL01000001_gene2945,annotation&nbsp;not&nbsp;available,87.0
1382359.JIAL01000001_gene2923,JIAL01000001_gene2923,annotation&nbsp;not&nbsp;available,87.0
1382359.JIAL01000001_gene2570,JIAL01000001_gene2570,annotation&nbsp;not&nbsp;available,87.0
1382359.JIAL01000001_gene1358,JIAL01000001_gene1358,annotation&nbsp;not&nbsp;available,87.0
1382359.JIAL01000001_gene2524,JIAL01000001_gene2524,annotation&nbsp;not&nbsp;available,86.9
1382359.JIAL01000001_gene2480,JIAL01000001_gene2480,annotation&nbsp;not&nbsp;available,86.9
1382359.JIAL01000001_gene2257,JIAL01000001_gene2257,annotation&nbsp;not&nbsp;available,86.9
1382359.JIAL01000001_gene1148,JIAL01000001_gene1148,annotation&nbsp;not&nbsp;available,86.9
1382359.JIAL01000001_gene1783,JIAL01000001_gene1783,annotation&nbsp;not&nbsp;available,86.8
1382359.JIAL01000001_gene2646,JIAL01000001_gene2646,annotation&nbsp;not&nbsp;available,86.7
1382359.JIAL01000001_gene186,JIAL01000001_gene186,annotation&nbsp;not&nbsp;available,86.7
1382359.JIAL01000001_gene522,JIAL01000001_gene522,annotation&nbsp;not&nbsp;available,86.6
1382359.JIAL01000001_gene2026,JIAL01000001_gene2026,annotation&nbsp;not&nbsp;available,86.6
1382359.JIAL01000001_gene2161,JIAL01000001_gene2161,annotation&nbsp;not&nbsp;available,86.6
1382359.JIAL01000001_gene2325,JIAL01000001_gene2325,annotation&nbsp;not&nbsp;available,86.6
1382359.JIAL01000001_gene2371,JIAL01000001_gene2371,annotation&nbsp;not&nbsp;available,86.5
1382359.JIAL01000001_gene1560,JIAL01000001_gene1560,annotation&nbsp;not&nbsp;available,86.5
1382359.JIAL01000001_gene876,JIAL01000001_gene876,annotation&nbsp;not&nbsp;available,86.4
1382359.JIAL01000001_gene1294,JIAL01000001_gene1294,annotation&nbsp;not&nbsp;available,86.4
1382359.JIAL01000001_gene2012,JIAL01000001_gene2012,annotation&nbsp;not&nbsp;available,86.1
1382359.JIAL01000001_gene1072,JIAL01000001_gene1072,annotation&nbsp;not&nbsp;available,85.9
1382359.JIAL01000001_gene1265,JIAL01000001_gene1265,annotation&nbsp;not&nbsp;available,85.9
1382359.JIAL01000001_gene1702,JIAL01000001_gene1702,annotation&nbsp;not&nbsp;available,85.8
1382359.JIAL01000001_gene3011,JIAL01000001_gene3011,annotation&nbsp;not&nbsp;available,85.8
1382359.JIAL01000001_gene2887,JIAL01000001_gene2887,annotation&nbsp;not&nbsp;available,85.8
1382359.JIAL01000001_gene2594,JIAL01000001_gene2594,annotation&nbsp;not&nbsp;available,85.7
1382359.JIAL01000001_gene638,JIAL01000001_gene638,annotation&nbsp;not&nbsp;available,85.7
1382359.JIAL01000001_gene2101,JIAL01000001_gene2101,annotation&nbsp;not&nbsp;available,85.7
1382359.JIAL01000001_gene2081,JIAL01000001_gene2081,annotation&nbsp;not&nbsp;available,85.6
1382359.JIAL01000001_gene2889,JIAL01000001_gene2889,annotation&nbsp;not&nbsp;available,85.6
1382359.JIAL01000001_gene1456,JIAL01000001_gene1456,annotation&nbsp;not&nbsp;available,85.6
1382359.JIAL01000001_gene1227,JIAL01000001_gene1227,annotation&nbsp;not&nbsp;available,85.6
1382359.JIAL01000001_gene2350,JIAL01000001_gene2350,annotation&nbsp;not&nbsp;available,85.5
1382359.JIAL01000001_gene1405,JIAL01000001_gene1405,annotation&nbsp;not&nbsp;available,85.4
1382359.JIAL01000001_gene1697,JIAL01000001_gene1697,annotation&nbsp;not&nbsp;available,85.4
1382359.JIAL01000001_gene1954,JIAL01000001_gene1954,annotation&nbsp;not&nbsp;available,85.4
1382359.JIAL01000001_gene1544,JIAL01000001_gene1544,annotation&nbsp;not&nbsp;available,85.4
1382359.JIAL01000001_gene2961,JIAL01000001_gene2961,annotation&nbsp;not&nbsp;available,85.4
1382359.JIAL01000001_gene2423,JIAL01000001_gene2423,annotation&nbsp;not&nbsp;available,85.4
1382359.JIAL01000001_gene2519,JIAL01000001_gene2519,annotation&nbsp;not&nbsp;available,85.3
1382359.JIAL01000001_gene1885,JIAL01000001_gene1885,annotation&nbsp;not&nbsp;available,85.2
1382359.JIAL01000001_gene1255,JIAL01000001_gene1255,annotation&nbsp;not&nbsp;available,85.2
1382359.JIAL01000001_gene1571,JIAL01000001_gene1571,annotation&nbsp;not&nbsp;available,85.1
1382359.JIAL01000001_gene1193,JIAL01000001_gene1193,annotation&nbsp;not&nbsp;available,85.1
1382359.JIAL01000001_gene875,JIAL01000001_gene875,annotation&nbsp;not&nbsp;available,85.1
1382359.JIAL01000001_gene2374,JIAL01000001_gene2374,annotation&nbsp;not&nbsp;available,85.1
1382359.JIAL01000001_gene2640,JIAL01000001_gene2640,annotation&nbsp;not&nbsp;available,85.1
1382359.JIAL01000001_gene2111,JIAL01000001_gene2111,annotation&nbsp;not&nbsp;available,85.1
1382359.JIAL01000001_gene1355,JIAL01000001_gene1355,annotation&nbsp;not&nbsp;available,85.0
1382359.JIAL01000001_gene1457,JIAL01000001_gene1457,annotation&nbsp;not&nbsp;available,85.0
1382359.JIAL01000001_gene1449,JIAL01000001_gene1449,annotation&nbsp;not&nbsp;available,84.9
1382359.JIAL01000001_gene2780,JIAL01000001_gene2780,annotation&nbsp;not&nbsp;available,84.9
1382359.JIAL01000001_gene1794,JIAL01000001_gene1794,annotation&nbsp;not&nbsp;available,84.9
1382359.JIAL01000001_gene1378,JIAL01000001_gene1378,annotation&nbsp;not&nbsp;available,84.8
1382359.JIAL01000001_gene105,JIAL01000001_gene105,annotation&nbsp;not&nbsp;available,84.7
1382359.JIAL01000001_gene1116,JIAL01000001_gene1116,annotation&nbsp;not&nbsp;available,84.7
1382359.JIAL01000001_gene689,JIAL01000001_gene689,annotation&nbsp;not&nbsp;available,84.7
1382359.JIAL01000001_gene2135,JIAL01000001_gene2135,annotation&nbsp;not&nbsp;available,84.7
1382359.JIAL01000001_gene476,JIAL01000001_gene476,annotation&nbsp;not&nbsp;available,84.6
1382359.JIAL01000001_gene1380,JIAL01000001_gene1380,annotation&nbsp;not&nbsp;available,84.6
1382359.JIAL01000001_gene2405,JIAL01000001_gene2405,annotation&nbsp;not&nbsp;available,84.6
1382359.JIAL01000001_gene2715,JIAL01000001_gene2715,annotation&nbsp;not&nbsp;available,84.6
1382359.JIAL01000001_gene2456,JIAL01000001_gene2456,annotation&nbsp;not&nbsp;available,84.5
1382359.JIAL01000001_gene2941,JIAL01000001_gene2941,annotation&nbsp;not&nbsp;available,84.4
1382359.JIAL01000001_gene2734,JIAL01000001_gene2734,annotation&nbsp;not&nbsp;available,84.4
1382359.JIAL01000001_gene203,JIAL01000001_gene203,annotation&nbsp;not&nbsp;available,84.3
1382359.JIAL01000001_gene2409,JIAL01000001_gene2409,annotation&nbsp;not&nbsp;available,84.2
1382359.JIAL01000001_gene1314,JIAL01000001_gene1314,annotation&nbsp;not&nbsp;available,84.1
1382359.JIAL01000001_gene2763,JIAL01000001_gene2763,annotation&nbsp;not&nbsp;available,84.1
1382359.JIAL01000001_gene1839,JIAL01000001_gene1839,annotation&nbsp;not&nbsp;available,84.0
1382359.JIAL01000001_gene1722,JIAL01000001_gene1722,annotation&nbsp;not&nbsp;available,84.0
1382359.JIAL01000001_gene2095,JIAL01000001_gene2095,annotation&nbsp;not&nbsp;available,84.0
1382359.JIAL01000001_gene900,JIAL01000001_gene900,annotation&nbsp;not&nbsp;available,84.0
1382359.JIAL01000001_gene2666,JIAL01000001_gene2666,annotation&nbsp;not&nbsp;available,83.9
1382359.JIAL01000001_gene2359,JIAL01000001_gene2359,annotation&nbsp;not&nbsp;available,83.9
1382359.JIAL01000001_gene1408,JIAL01000001_gene1408,annotation&nbsp;not&nbsp;available,83.9
1382359.JIAL01000001_gene2693,JIAL01000001_gene2693,annotation&nbsp;not&nbsp;available,83.9
1382359.JIAL01000001_gene80,JIAL01000001_gene80,annotation&nbsp;not&nbsp;available,83.8
1382359.JIAL01000001_gene72,JIAL01000001_gene72,annotation&nbsp;not&nbsp;available,83.8
1382359.JIAL01000001_gene1270,JIAL01000001_gene1270,annotation&nbsp;not&nbsp;available,83.8
1382359.JIAL01000001_gene2370,JIAL01000001_gene2370,annotation&nbsp;not&nbsp;available,83.8
1382359.JIAL01000001_gene2321,JIAL01000001_gene2321,annotation&nbsp;not&nbsp;available,83.8
1382359.JIAL01000001_gene959,JIAL01000001_gene959,annotation&nbsp;not&nbsp;available,83.6
1382359.JIAL01000001_gene1373,JIAL01000001_gene1373,annotation&nbsp;not&nbsp;available,83.5
1382359.JIAL01000001_gene1443,JIAL01000001_gene1443,annotation&nbsp;not&nbsp;available,83.5
1382359.JIAL01000001_gene1879,JIAL01000001_gene1879,annotation&nbsp;not&nbsp;available,83.5
1382359.JIAL01000001_gene2039,JIAL01000001_gene2039,annotation&nbsp;not&nbsp;available,83.5
1382359.JIAL01000001_gene2455,JIAL01000001_gene2455,annotation&nbsp;not&nbsp;available,83.5
1382359.JIAL01000001_gene2339,JIAL01000001_gene2339,annotation&nbsp;not&nbsp;available,83.5
1382359.JIAL01000001_gene2610,JIAL01000001_gene2610,annotation&nbsp;not&nbsp;available,83.4
1382359.JIAL01000001_gene2472,JIAL01000001_gene2472,annotation&nbsp;not&nbsp;available,83.4
1382359.JIAL01000001_gene1105,JIAL01000001_gene1105,annotation&nbsp;not&nbsp;available,83.3
1382359.JIAL01000001_gene323,JIAL01000001_gene323,annotation&nbsp;not&nbsp;available,83.3
1382359.JIAL01000001_gene569,JIAL01000001_gene569,annotation&nbsp;not&nbsp;available,83.2
1382359.JIAL01000001_gene2708,JIAL01000001_gene2708,annotation&nbsp;not&nbsp;available,83.2
1382359.JIAL01000001_gene2707,JIAL01000001_gene2707,annotation&nbsp;not&nbsp;available,83.2
1382359.JIAL01000001_gene969,JIAL01000001_gene969,annotation&nbsp;not&nbsp;available,83.1
1382359.JIAL01000001_gene1362,JIAL01000001_gene1362,annotation&nbsp;not&nbsp;available,83.1
1382359.JIAL01000001_gene2035,JIAL01000001_gene2035,annotation&nbsp;not&nbsp;available,82.9
1382359.JIAL01000001_gene2818,JIAL01000001_gene2818,annotation&nbsp;not&nbsp;available,82.8
1382359.JIAL01000001_gene1699,JIAL01000001_gene1699,annotation&nbsp;not&nbsp;available,82.8
1382359.JIAL01000001_gene2545,JIAL01000001_gene2545,annotation&nbsp;not&nbsp;available,82.8
1382359.JIAL01000001_gene1923,JIAL01000001_gene1923,annotation&nbsp;not&nbsp;available,82.8
1382359.JIAL01000001_gene1284,JIAL01000001_gene1284,annotation&nbsp;not&nbsp;available,82.8
1382359.JIAL01000001_gene2769,JIAL01000001_gene2769,annotation&nbsp;not&nbsp;available,82.7
1382359.JIAL01000001_gene2174,JIAL01000001_gene2174,annotation&nbsp;not&nbsp;available,82.7
1382359.JIAL01000001_gene2256,JIAL01000001_gene2256,annotation&nbsp;not&nbsp;available,82.7
1382359.JIAL01000001_gene113,JIAL01000001_gene113,annotation&nbsp;not&nbsp;available,82.6
1382359.JIAL01000001_gene2382,JIAL01000001_gene2382,annotation&nbsp;not&nbsp;available,82.5
1382359.JIAL01000001_gene1555,JIAL01000001_gene1555,annotation&nbsp;not&nbsp;available,82.5
1382359.JIAL01000001_gene2388,JIAL01000001_gene2388,annotation&nbsp;not&nbsp;available,82.4
1382359.JIAL01000001_gene1681,JIAL01000001_gene1681,annotation&nbsp;not&nbsp;available,82.2
1382359.JIAL01000001_gene1317,JIAL01000001_gene1317,annotation&nbsp;not&nbsp;available,82.2
1382359.JIAL01000001_gene496,JIAL01000001_gene496,annotation&nbsp;not&nbsp;available,82.2
1382359.JIAL01000001_gene930,JIAL01000001_gene930,annotation&nbsp;not&nbsp;available,82.2
1382359.JIAL01000001_gene2471,JIAL01000001_gene2471,annotation&nbsp;not&nbsp;available,82.1
1382359.JIAL01000001_gene1388,JIAL01000001_gene1388,annotation&nbsp;not&nbsp;available,82.1
1382359.JIAL01000001_gene2541,JIAL01000001_gene2541,annotation&nbsp;not&nbsp;available,82.1
1382359.JIAL01000001_gene2876,JIAL01000001_gene2876,annotation&nbsp;not&nbsp;available,82.0
1382359.JIAL01000001_gene1549,JIAL01000001_gene1549,annotation&nbsp;not&nbsp;available,81.9
1382359.JIAL01000001_gene1771,JIAL01000001_gene1771,annotation&nbsp;not&nbsp;available,81.9
1382359.JIAL01000001_gene111,JIAL01000001_gene111,annotation&nbsp;not&nbsp;available,81.9
1382359.JIAL01000001_gene1435,JIAL01000001_gene1435,annotation&nbsp;not&nbsp;available,81.8
1382359.JIAL01000001_gene394,JIAL01000001_gene394,annotation&nbsp;not&nbsp;available,81.8
1382359.JIAL01000001_gene1518,JIAL01000001_gene1518,annotation&nbsp;not&nbsp;available,81.8
1382359.JIAL01000001_gene3010,JIAL01000001_gene3010,annotation&nbsp;not&nbsp;available,81.7
1382359.JIAL01000001_gene2019,JIAL01000001_gene2019,annotation&nbsp;not&nbsp;available,81.7
1382359.JIAL01000001_gene2138,JIAL01000001_gene2138,annotation&nbsp;not&nbsp;available,81.6
1382359.JIAL01000001_gene1896,JIAL01000001_gene1896,annotation&nbsp;not&nbsp;available,81.5
1382359.JIAL01000001_gene607,JIAL01000001_gene607,annotation&nbsp;not&nbsp;available,81.5
1382359.JIAL01000001_gene2022,JIAL01000001_gene2022,annotation&nbsp;not&nbsp;available,81.4
1382359.JIAL01000001_gene2440,JIAL01000001_gene2440,annotation&nbsp;not&nbsp;available,81.4
1382359.JIAL01000001_gene1614,JIAL01000001_gene1614,annotation&nbsp;not&nbsp;available,81.4
1382359.JIAL01000001_gene1645,JIAL01000001_gene1645,annotation&nbsp;not&nbsp;available,81.4
1382359.JIAL01000001_gene614,JIAL01000001_gene614,annotation&nbsp;not&nbsp;available,81.3
1382359.JIAL01000001_gene2934,JIAL01000001_gene2934,annotation&nbsp;not&nbsp;available,81.3
1382359.JIAL01000001_gene2892,JIAL01000001_gene2892,annotation&nbsp;not&nbsp;available,81.3
1382359.JIAL01000001_gene2637,JIAL01000001_gene2637,annotation&nbsp;not&nbsp;available,81.2
1382359.JIAL01000001_gene2092,JIAL01000001_gene2092,annotation&nbsp;not&nbsp;available,81.1
1382359.JIAL01000001_gene2584,JIAL01000001_gene2584,annotation&nbsp;not&nbsp;available,81.1
1382359.JIAL01000001_gene856,JIAL01000001_gene856,annotation&nbsp;not&nbsp;available,81.0
1382359.JIAL01000001_gene2214,JIAL01000001_gene2214,annotation&nbsp;not&nbsp;available,81.0
1382359.JIAL01000001_gene1990,JIAL01000001_gene1990,annotation&nbsp;not&nbsp;available,80.9
1382359.JIAL01000001_gene2125,JIAL01000001_gene2125,annotation&nbsp;not&nbsp;available,80.9
1382359.JIAL01000001_gene1235,JIAL01000001_gene1235,annotation&nbsp;not&nbsp;available,80.9
1382359.JIAL01000001_gene2189,JIAL01000001_gene2189,annotation&nbsp;not&nbsp;available,80.8
1382359.JIAL01000001_gene1770,JIAL01000001_gene1770,annotation&nbsp;not&nbsp;available,80.8
1382359.JIAL01000001_gene1155,JIAL01000001_gene1155,annotation&nbsp;not&nbsp;available,80.7
1382359.JIAL01000001_gene3058,JIAL01000001_gene3058,annotation&nbsp;not&nbsp;available,80.7
1382359.JIAL01000001_gene733,JIAL01000001_gene733,annotation&nbsp;not&nbsp;available,80.7
1382359.JIAL01000001_gene480,JIAL01000001_gene480,annotation&nbsp;not&nbsp;available,80.7
1382359.JIAL01000001_gene2049,JIAL01000001_gene2049,annotation&nbsp;not&nbsp;available,80.6
1382359.JIAL01000001_gene1598,JIAL01000001_gene1598,annotation&nbsp;not&nbsp;available,80.6
1382359.JIAL01000001_gene661,JIAL01000001_gene661,annotation&nbsp;not&nbsp;available,80.5
1382359.JIAL01000001_gene1273,JIAL01000001_gene1273,annotation&nbsp;not&nbsp;available,80.5
1382359.JIAL01000001_gene1070,JIAL01000001_gene1070,annotation&nbsp;not&nbsp;available,80.5
1382359.JIAL01000001_gene2862,JIAL01000001_gene2862,annotation&nbsp;not&nbsp;available,80.5
1382359.JIAL01000001_gene1785,JIAL01000001_gene1785,annotation&nbsp;not&nbsp;available,80.5
1382359.JIAL01000001_gene2279,JIAL01000001_gene2279,annotation&nbsp;not&nbsp;available,80.4
1382359.JIAL01000001_gene2184,JIAL01000001_gene2184,annotation&nbsp;not&nbsp;available,80.4
1382359.JIAL01000001_gene803,JIAL01000001_gene803,annotation&nbsp;not&nbsp;available,80.4
1382359.JIAL01000001_gene2755,JIAL01000001_gene2755,annotation&nbsp;not&nbsp;available,80.3
1382359.JIAL01000001_gene20,JIAL01000001_gene20,annotation&nbsp;not&nbsp;available,80.3
1382359.JIAL01000001_gene1824,JIAL01000001_gene1824,annotation&nbsp;not&nbsp;available,80.2
1382359.JIAL01000001_gene539,JIAL01000001_gene539,annotation&nbsp;not&nbsp;available,80.2
1382359.JIAL01000001_gene1920,JIAL01000001_gene1920,annotation&nbsp;not&nbsp;available,80.2
1382359.JIAL01000001_gene1500,JIAL01000001_gene1500,annotation&nbsp;not&nbsp;available,80.1
1382359.JIAL01000001_gene2027,JIAL01000001_gene2027,annotation&nbsp;not&nbsp;available,80.0
1382359.JIAL01000001_gene2785,JIAL01000001_gene2785,annotation&nbsp;not&nbsp;available,80.0
1382359.JIAL01000001_gene873,JIAL01000001_gene873,annotation&nbsp;not&nbsp;available,79.9
1382359.JIAL01000001_gene1490,JIAL01000001_gene1490,annotation&nbsp;not&nbsp;available,79.9
1382359.JIAL01000001_gene192,JIAL01000001_gene192,annotation&nbsp;not&nbsp;available,79.9
1382359.JIAL01000001_gene2155,JIAL01000001_gene2155,annotation&nbsp;not&nbsp;available,79.8
1382359.JIAL01000001_gene2024,JIAL01000001_gene2024,annotation&nbsp;not&nbsp;available,79.8
1382359.JIAL01000001_gene2781,JIAL01000001_gene2781,annotation&nbsp;not&nbsp;available,79.8
1382359.JIAL01000001_gene2450,JIAL01000001_gene2450,annotation&nbsp;not&nbsp;available,79.7
1382359.JIAL01000001_gene544,JIAL01000001_gene544,annotation&nbsp;not&nbsp;available,79.7
1382359.JIAL01000001_gene612,JIAL01000001_gene612,annotation&nbsp;not&nbsp;available,79.7
1382359.JIAL01000001_gene1325,JIAL01000001_gene1325,annotation&nbsp;not&nbsp;available,79.7
1382359.JIAL01000001_gene1253,JIAL01000001_gene1253,annotation&nbsp;not&nbsp;available,79.6
1382359.JIAL01000001_gene2416,JIAL01000001_gene2416,annotation&nbsp;not&nbsp;available,79.6
1382359.JIAL01000001_gene371,JIAL01000001_gene371,annotation&nbsp;not&nbsp;available,79.6
1382359.JIAL01000001_gene2287,JIAL01000001_gene2287,annotation&nbsp;not&nbsp;available,79.6
1382359.JIAL01000001_gene2632,JIAL01000001_gene2632,annotation&nbsp;not&nbsp;available,79.6
1382359.JIAL01000001_gene2837,JIAL01000001_gene2837,annotation&nbsp;not&nbsp;available,79.4
1382359.JIAL01000001_gene484,JIAL01000001_gene484,annotation&nbsp;not&nbsp;available,79.4
1382359.JIAL01000001_gene1316,JIAL01000001_gene1316,annotation&nbsp;not&nbsp;available,79.3
1382359.JIAL01000001_gene1187,JIAL01000001_gene1187,annotation&nbsp;not&nbsp;available,79.1
1382359.JIAL01000001_gene1797,JIAL01000001_gene1797,annotation&nbsp;not&nbsp;available,79.1
1382359.JIAL01000001_gene2389,JIAL01000001_gene2389,annotation&nbsp;not&nbsp;available,79.0
1382359.JIAL01000001_gene191,JIAL01000001_gene191,annotation&nbsp;not&nbsp;available,79.0
1382359.JIAL01000001_gene2227,JIAL01000001_gene2227,annotation&nbsp;not&nbsp;available,78.9
1382359.JIAL01000001_gene970,JIAL01000001_gene970,annotation&nbsp;not&nbsp;available,78.9
1382359.JIAL01000001_gene888,JIAL01000001_gene888,annotation&nbsp;not&nbsp;available,78.8
1382359.JIAL01000001_gene1286,JIAL01000001_gene1286,annotation&nbsp;not&nbsp;available,78.7
1382359.JIAL01000001_gene532,JIAL01000001_gene532,annotation&nbsp;not&nbsp;available,78.7
1382359.JIAL01000001_gene197,JIAL01000001_gene197,annotation&nbsp;not&nbsp;available,78.6
1382359.JIAL01000001_gene2635,JIAL01000001_gene2635,annotation&nbsp;not&nbsp;available,78.6
1382359.JIAL01000001_gene232,JIAL01000001_gene232,annotation&nbsp;not&nbsp;available,78.6
1382359.JIAL01000001_gene2283,JIAL01000001_gene2283,annotation&nbsp;not&nbsp;available,78.6
1382359.JIAL01000001_gene2190,JIAL01000001_gene2190,annotation&nbsp;not&nbsp;available,78.5
1382359.JIAL01000001_gene1353,JIAL01000001_gene1353,annotation&nbsp;not&nbsp;available,78.5
1382359.JIAL01000001_gene2591,JIAL01000001_gene2591,annotation&nbsp;not&nbsp;available,78.4
1382359.JIAL01000001_gene228,JIAL01000001_gene228,annotation&nbsp;not&nbsp;available,78.4
1382359.JIAL01000001_gene913,JIAL01000001_gene913,annotation&nbsp;not&nbsp;available,78.3
1382359.JIAL01000001_gene871,JIAL01000001_gene871,annotation&nbsp;not&nbsp;available,78.2
1382359.JIAL01000001_gene2357,JIAL01000001_gene2357,annotation&nbsp;not&nbsp;available,78.2
1382359.JIAL01000001_gene1000,JIAL01000001_gene1000,annotation&nbsp;not&nbsp;available,78.1
1382359.JIAL01000001_gene400,JIAL01000001_gene400,annotation&nbsp;not&nbsp;available,78.1
1382359.JIAL01000001_gene1354,JIAL01000001_gene1354,annotation&nbsp;not&nbsp;available,78.1
1382359.JIAL01000001_gene2016,JIAL01000001_gene2016,annotation&nbsp;not&nbsp;available,78.0
1382359.JIAL01000001_gene235,JIAL01000001_gene235,annotation&nbsp;not&nbsp;available,78.0
1382359.JIAL01000001_gene3043,JIAL01000001_gene3043,annotation&nbsp;not&nbsp;available,77.9
1382359.JIAL01000001_gene649,JIAL01000001_gene649,annotation&nbsp;not&nbsp;available,77.8
1382359.JIAL01000001_gene1247,JIAL01000001_gene1247,annotation&nbsp;not&nbsp;available,77.8
1382359.JIAL01000001_gene115,JIAL01000001_gene115,annotation&nbsp;not&nbsp;available,77.7
1382359.JIAL01000001_gene868,JIAL01000001_gene868,annotation&nbsp;not&nbsp;available,77.7
1382359.JIAL01000001_gene2694,JIAL01000001_gene2694,annotation&nbsp;not&nbsp;available,77.7
1382359.JIAL01000001_gene1153,JIAL01000001_gene1153,annotation&nbsp;not&nbsp;available,77.7
1382359.JIAL01000001_gene1926,JIAL01000001_gene1926,annotation&nbsp;not&nbsp;available,77.6
1382359.JIAL01000001_gene2742,JIAL01000001_gene2742,annotation&nbsp;not&nbsp;available,77.6
1382359.JIAL01000001_gene1687,JIAL01000001_gene1687,annotation&nbsp;not&nbsp;available,77.5
1382359.JIAL01000001_gene2452,JIAL01000001_gene2452,annotation&nbsp;not&nbsp;available,77.4
1382359.JIAL01000001_gene2612,JIAL01000001_gene2612,annotation&nbsp;not&nbsp;available,77.3
1382359.JIAL01000001_gene1609,JIAL01000001_gene1609,annotation&nbsp;not&nbsp;available,77.3
1382359.JIAL01000001_gene2739,JIAL01000001_gene2739,annotation&nbsp;not&nbsp;available,77.1
1382359.JIAL01000001_gene1387,JIAL01000001_gene1387,annotation&nbsp;not&nbsp;available,77.1
1382359.JIAL01000001_gene142,JIAL01000001_gene142,annotation&nbsp;not&nbsp;available,77.1
1382359.JIAL01000001_gene1256,JIAL01000001_gene1256,annotation&nbsp;not&nbsp;available,76.9
1382359.JIAL01000001_gene183,JIAL01000001_gene183,annotation&nbsp;not&nbsp;available,76.9
1382359.JIAL01000001_gene210,JIAL01000001_gene210,annotation&nbsp;not&nbsp;available,76.7
1382359.JIAL01000001_gene905,JIAL01000001_gene905,annotation&nbsp;not&nbsp;available,76.6
1382359.JIAL01000001_gene1974,JIAL01000001_gene1974,annotation&nbsp;not&nbsp;available,76.6
1382359.JIAL01000001_gene189,JIAL01000001_gene189,annotation&nbsp;not&nbsp;available,76.6
1382359.JIAL01000001_gene2310,JIAL01000001_gene2310,annotation&nbsp;not&nbsp;available,76.5
1382359.JIAL01000001_gene1952,JIAL01000001_gene1952,annotation&nbsp;not&nbsp;available,76.5
1382359.JIAL01000001_gene112,JIAL01000001_gene112,annotation&nbsp;not&nbsp;available,76.4
1382359.JIAL01000001_gene1806,JIAL01000001_gene1806,annotation&nbsp;not&nbsp;available,76.3
1382359.JIAL01000001_gene2787,JIAL01000001_gene2787,annotation&nbsp;not&nbsp;available,76.3
1382359.JIAL01000001_gene2582,JIAL01000001_gene2582,annotation&nbsp;not&nbsp;available,76.2
1382359.JIAL01000001_gene1407,JIAL01000001_gene1407,annotation&nbsp;not&nbsp;available,76.2
1382359.JIAL01000001_gene1381,JIAL01000001_gene1381,annotation&nbsp;not&nbsp;available,76.2
1382359.JIAL01000001_gene419,JIAL01000001_gene419,annotation&nbsp;not&nbsp;available,76.2
1382359.JIAL01000001_gene125,JIAL01000001_gene125,annotation&nbsp;not&nbsp;available,76.2
1382359.JIAL01000001_gene2526,JIAL01000001_gene2526,annotation&nbsp;not&nbsp;available,76.1
1382359.JIAL01000001_gene2094,JIAL01000001_gene2094,annotation&nbsp;not&nbsp;available,76.1
1382359.JIAL01000001_gene2977,JIAL01000001_gene2977,annotation&nbsp;not&nbsp;available,76.0
1382359.JIAL01000001_gene2331,JIAL01000001_gene2331,annotation&nbsp;not&nbsp;available,75.9
1382359.JIAL01000001_gene2159,JIAL01000001_gene2159,annotation&nbsp;not&nbsp;available,75.9
1382359.JIAL01000001_gene2377,JIAL01000001_gene2377,annotation&nbsp;not&nbsp;available,75.9
1382359.JIAL01000001_gene2183,JIAL01000001_gene2183,annotation&nbsp;not&nbsp;available,75.9
1382359.JIAL01000001_gene628,JIAL01000001_gene628,annotation&nbsp;not&nbsp;available,75.9
1382359.JIAL01000001_gene816,JIAL01000001_gene816,annotation&nbsp;not&nbsp;available,75.8
1382359.JIAL01000001_gene1205,JIAL01000001_gene1205,annotation&nbsp;not&nbsp;available,75.8
1382359.JIAL01000001_gene107,JIAL01000001_gene107,annotation&nbsp;not&nbsp;available,75.8
1382359.JIAL01000001_gene204,JIAL01000001_gene204,annotation&nbsp;not&nbsp;available,75.7
1382359.JIAL01000001_gene59,JIAL01000001_gene59,annotation&nbsp;not&nbsp;available,75.6
1382359.JIAL01000001_gene815,JIAL01000001_gene815,annotation&nbsp;not&nbsp;available,75.6
1382359.JIAL01000001_gene1989,JIAL01000001_gene1989,annotation&nbsp;not&nbsp;available,75.5
1382359.JIAL01000001_gene2469,JIAL01000001_gene2469,annotation&nbsp;not&nbsp;available,75.4
1382359.JIAL01000001_gene2614,JIAL01000001_gene2614,annotation&nbsp;not&nbsp;available,75.4
1382359.JIAL01000001_gene1709,JIAL01000001_gene1709,annotation&nbsp;not&nbsp;available,75.4
1382359.JIAL01000001_gene162,JIAL01000001_gene162,annotation&nbsp;not&nbsp;available,75.3
1382359.JIAL01000001_gene1929,JIAL01000001_gene1929,annotation&nbsp;not&nbsp;available,75.3
1382359.JIAL01000001_gene2562,JIAL01000001_gene2562,annotation&nbsp;not&nbsp;available,75.2
1382359.JIAL01000001_gene541,JIAL01000001_gene541,annotation&nbsp;not&nbsp;available,75.2
1382359.JIAL01000001_gene1628,JIAL01000001_gene1628,annotation&nbsp;not&nbsp;available,75.1
1382359.JIAL01000001_gene137,JIAL01000001_gene137,annotation&nbsp;not&nbsp;available,75.0
1382359.JIAL01000001_gene1711,JIAL01000001_gene1711,annotation&nbsp;not&nbsp;available,74.9
1382359.JIAL01000001_gene2008,JIAL01000001_gene2008,annotation&nbsp;not&nbsp;available,74.9
1382359.JIAL01000001_gene1576,JIAL01000001_gene1576,annotation&nbsp;not&nbsp;available,74.9
1382359.JIAL01000001_gene163,JIAL01000001_gene163,annotation&nbsp;not&nbsp;available,74.8
1382359.JIAL01000001_gene2498,JIAL01000001_gene2498,annotation&nbsp;not&nbsp;available,74.8
1382359.JIAL01000001_gene2981,JIAL01000001_gene2981,annotation&nbsp;not&nbsp;available,74.7
1382359.JIAL01000001_gene641,JIAL01000001_gene641,annotation&nbsp;not&nbsp;available,74.7
1382359.JIAL01000001_gene1158,JIAL01000001_gene1158,annotation&nbsp;not&nbsp;available,74.6
1382359.JIAL01000001_gene1868,JIAL01000001_gene1868,annotation&nbsp;not&nbsp;available,74.6
1382359.JIAL01000001_gene1710,JIAL01000001_gene1710,annotation&nbsp;not&nbsp;available,74.6
1382359.JIAL01000001_gene2233,JIAL01000001_gene2233,annotation&nbsp;not&nbsp;available,74.5
1382359.JIAL01000001_gene1754,JIAL01000001_gene1754,annotation&nbsp;not&nbsp;available,74.4
1382359.JIAL01000001_gene1097,JIAL01000001_gene1097,annotation&nbsp;not&nbsp;available,74.4
1382359.JIAL01000001_gene2091,JIAL01000001_gene2091,annotation&nbsp;not&nbsp;available,74.4
1382359.JIAL01000001_gene119,JIAL01000001_gene119,annotation&nbsp;not&nbsp;available,74.1
1382359.JIAL01000001_gene844,JIAL01000001_gene844,annotation&nbsp;not&nbsp;available,74.1
1382359.JIAL01000001_gene849,JIAL01000001_gene849,annotation&nbsp;not&nbsp;available,74.1
1382359.JIAL01000001_gene2169,JIAL01000001_gene2169,annotation&nbsp;not&nbsp;available,74.1
1382359.JIAL01000001_gene1556,JIAL01000001_gene1556,annotation&nbsp;not&nbsp;available,74.1
1382359.JIAL01000001_gene1962,JIAL01000001_gene1962,annotation&nbsp;not&nbsp;available,74.1
1382359.JIAL01000001_gene1340,JIAL01000001_gene1340,annotation&nbsp;not&nbsp;available,74.0
1382359.JIAL01000001_gene1398,JIAL01000001_gene1398,annotation&nbsp;not&nbsp;available,74.0
1382359.JIAL01000001_gene1159,JIAL01000001_gene1159,annotation&nbsp;not&nbsp;available,74.0
1382359.JIAL01000001_gene3015,JIAL01000001_gene3015,annotation&nbsp;not&nbsp;available,73.9
1382359.JIAL01000001_gene2414,JIAL01000001_gene2414,annotation&nbsp;not&nbsp;available,73.9
1382359.JIAL01000001_gene1735,JIAL01000001_gene1735,annotation&nbsp;not&nbsp;available,73.9
1382359.JIAL01000001_gene2408,JIAL01000001_gene2408,annotation&nbsp;not&nbsp;available,73.8
1382359.JIAL01000001_gene1063,JIAL01000001_gene1063,annotation&nbsp;not&nbsp;available,73.8
1382359.JIAL01000001_gene1541,JIAL01000001_gene1541,annotation&nbsp;not&nbsp;available,73.8
1382359.JIAL01000001_gene1030,JIAL01000001_gene1030,annotation&nbsp;not&nbsp;available,73.8
1382359.JIAL01000001_gene1081,JIAL01000001_gene1081,annotation&nbsp;not&nbsp;available,73.8
1382359.JIAL01000001_gene817,JIAL01000001_gene817,annotation&nbsp;not&nbsp;available,73.8
1382359.JIAL01000001_gene397,JIAL01000001_gene397,annotation&nbsp;not&nbsp;available,73.8
1382359.JIAL01000001_gene1935,JIAL01000001_gene1935,annotation&nbsp;not&nbsp;available,73.7
1382359.JIAL01000001_gene1156,JIAL01000001_gene1156,annotation&nbsp;not&nbsp;available,73.7
1382359.JIAL01000001_gene2752,JIAL01000001_gene2752,annotation&nbsp;not&nbsp;available,73.7
1382359.JIAL01000001_gene976,JIAL01000001_gene976,annotation&nbsp;not&nbsp;available,73.6
1382359.JIAL01000001_gene732,JIAL01000001_gene732,annotation&nbsp;not&nbsp;available,73.6
1382359.JIAL01000001_gene1641,JIAL01000001_gene1641,annotation&nbsp;not&nbsp;available,73.5
1382359.JIAL01000001_gene1133,JIAL01000001_gene1133,annotation&nbsp;not&nbsp;available,73.4
1382359.JIAL01000001_gene2222,JIAL01000001_gene2222,annotation&nbsp;not&nbsp;available,73.4
1382359.JIAL01000001_gene3055,JIAL01000001_gene3055,annotation&nbsp;not&nbsp;available,73.3
1382359.JIAL01000001_gene2994,JIAL01000001_gene2994,annotation&nbsp;not&nbsp;available,73.3
1382359.JIAL01000001_gene282,JIAL01000001_gene282,annotation&nbsp;not&nbsp;available,73.3
1382359.JIAL01000001_gene2451,JIAL01000001_gene2451,annotation&nbsp;not&nbsp;available,73.3
1382359.JIAL01000001_gene2328,JIAL01000001_gene2328,annotation&nbsp;not&nbsp;available,73.3
1382359.JIAL01000001_gene1902,JIAL01000001_gene1902,annotation&nbsp;not&nbsp;available,73.2
1382359.JIAL01000001_gene2034,JIAL01000001_gene2034,annotation&nbsp;not&nbsp;available,73.1
1382359.JIAL01000001_gene2765,JIAL01000001_gene2765,annotation&nbsp;not&nbsp;available,73.1
1382359.JIAL01000001_gene2333,JIAL01000001_gene2333,annotation&nbsp;not&nbsp;available,73.0
1382359.JIAL01000001_gene715,JIAL01000001_gene715,annotation&nbsp;not&nbsp;available,73.0
1382359.JIAL01000001_gene1723,JIAL01000001_gene1723,annotation&nbsp;not&nbsp;available,73.0
1382359.JIAL01000001_gene1894,JIAL01000001_gene1894,annotation&nbsp;not&nbsp;available,72.9
1382359.JIAL01000001_gene1128,JIAL01000001_gene1128,annotation&nbsp;not&nbsp;available,72.9
1382359.JIAL01000001_gene903,JIAL01000001_gene903,annotation&nbsp;not&nbsp;available,72.8
1382359.JIAL01000001_gene1016,JIAL01000001_gene1016,annotation&nbsp;not&nbsp;available,72.8
1382359.JIAL01000001_gene838,JIAL01000001_gene838,annotation&nbsp;not&nbsp;available,72.8
1382359.JIAL01000001_gene957,JIAL01000001_gene957,annotation&nbsp;not&nbsp;available,72.7
1382359.JIAL01000001_gene1151,JIAL01000001_gene1151,annotation&nbsp;not&nbsp;available,72.7
1382359.JIAL01000001_gene2627,JIAL01000001_gene2627,annotation&nbsp;not&nbsp;available,72.5
1382359.JIAL01000001_gene2360,JIAL01000001_gene2360,annotation&nbsp;not&nbsp;available,72.5
1382359.JIAL01000001_gene1915,JIAL01000001_gene1915,annotation&nbsp;not&nbsp;available,72.5
1382359.JIAL01000001_gene960,JIAL01000001_gene960,annotation&nbsp;not&nbsp;available,72.4
1382359.JIAL01000001_gene504,JIAL01000001_gene504,annotation&nbsp;not&nbsp;available,72.4
1382359.JIAL01000001_gene1688,JIAL01000001_gene1688,annotation&nbsp;not&nbsp;available,72.3
1382359.JIAL01000001_gene2982,JIAL01000001_gene2982,annotation&nbsp;not&nbsp;available,72.2
1382359.JIAL01000001_gene3041,JIAL01000001_gene3041,annotation&nbsp;not&nbsp;available,72.2
1382359.JIAL01000001_gene1428,JIAL01000001_gene1428,annotation&nbsp;not&nbsp;available,72.2
1382359.JIAL01000001_gene2046,JIAL01000001_gene2046,annotation&nbsp;not&nbsp;available,72.1
1382359.JIAL01000001_gene1807,JIAL01000001_gene1807,annotation&nbsp;not&nbsp;available,72.0
1382359.JIAL01000001_gene1043,JIAL01000001_gene1043,annotation&nbsp;not&nbsp;available,72.0
1382359.JIAL01000001_gene1927,JIAL01000001_gene1927,annotation&nbsp;not&nbsp;available,72.0
1382359.JIAL01000001_gene1059,JIAL01000001_gene1059,annotation&nbsp;not&nbsp;available,72.0
1382359.JIAL01000001_gene1018,JIAL01000001_gene1018,annotation&nbsp;not&nbsp;available,72.0
1382359.JIAL01000001_gene2588,JIAL01000001_gene2588,annotation&nbsp;not&nbsp;available,71.9
1382359.JIAL01000001_gene1897,JIAL01000001_gene1897,annotation&nbsp;not&nbsp;available,71.9
1382359.JIAL01000001_gene1220,JIAL01000001_gene1220,annotation&nbsp;not&nbsp;available,71.8
1382359.JIAL01000001_gene1389,JIAL01000001_gene1389,annotation&nbsp;not&nbsp;available,71.8
1382359.JIAL01000001_gene1629,JIAL01000001_gene1629,annotation&nbsp;not&nbsp;available,71.8
1382359.JIAL01000001_gene640,JIAL01000001_gene640,annotation&nbsp;not&nbsp;available,71.8
1382359.JIAL01000001_gene526,JIAL01000001_gene526,annotation&nbsp;not&nbsp;available,71.6
1382359.JIAL01000001_gene639,JIAL01000001_gene639,annotation&nbsp;not&nbsp;available,71.5
1382359.JIAL01000001_gene2932,JIAL01000001_gene2932,annotation&nbsp;not&nbsp;available,71.5
1382359.JIAL01000001_gene2671,JIAL01000001_gene2671,annotation&nbsp;not&nbsp;available,71.4
1382359.JIAL01000001_gene3013,JIAL01000001_gene3013,annotation&nbsp;not&nbsp;available,71.4
1382359.JIAL01000001_gene2142,JIAL01000001_gene2142,annotation&nbsp;not&nbsp;available,71.4
1382359.JIAL01000001_gene1077,JIAL01000001_gene1077,annotation&nbsp;not&nbsp;available,71.4
1382359.JIAL01000001_gene23,JIAL01000001_gene23,annotation&nbsp;not&nbsp;available,71.3
1382359.JIAL01000001_gene878,JIAL01000001_gene878,annotation&nbsp;not&nbsp;available,71.3
1382359.JIAL01000001_gene2246,JIAL01000001_gene2246,annotation&nbsp;not&nbsp;available,71.3
1382359.JIAL01000001_gene1900,JIAL01000001_gene1900,annotation&nbsp;not&nbsp;available,71.3
1382359.JIAL01000001_gene2699,JIAL01000001_gene2699,annotation&nbsp;not&nbsp;available,71.2
1382359.JIAL01000001_gene1756,JIAL01000001_gene1756,annotation&nbsp;not&nbsp;available,71.1
1382359.JIAL01000001_gene1692,JIAL01000001_gene1692,annotation&nbsp;not&nbsp;available,71.1
1382359.JIAL01000001_gene729,JIAL01000001_gene729,annotation&nbsp;not&nbsp;available,71.1
1382359.JIAL01000001_gene618,JIAL01000001_gene618,annotation&nbsp;not&nbsp;available,71.0
1382359.JIAL01000001_gene1285,JIAL01000001_gene1285,annotation&nbsp;not&nbsp;available,71.0
1382359.JIAL01000001_gene1620,JIAL01000001_gene1620,annotation&nbsp;not&nbsp;available,70.9
1382359.JIAL01000001_gene2463,JIAL01000001_gene2463,annotation&nbsp;not&nbsp;available,70.8
1382359.JIAL01000001_gene2113,JIAL01000001_gene2113,annotation&nbsp;not&nbsp;available,70.7
1382359.JIAL01000001_gene857,JIAL01000001_gene857,annotation&nbsp;not&nbsp;available,70.7
1382359.JIAL01000001_gene2412,JIAL01000001_gene2412,annotation&nbsp;not&nbsp;available,70.7
1382359.JIAL01000001_gene1231,JIAL01000001_gene1231,annotation&nbsp;not&nbsp;available,70.6
1382359.JIAL01000001_gene3045,JIAL01000001_gene3045,annotation&nbsp;not&nbsp;available,70.6
1382359.JIAL01000001_gene775,JIAL01000001_gene775,annotation&nbsp;not&nbsp;available,70.6
1382359.JIAL01000001_gene1118,JIAL01000001_gene1118,annotation&nbsp;not&nbsp;available,70.5
1382359.JIAL01000001_gene1938,JIAL01000001_gene1938,annotation&nbsp;not&nbsp;available,70.5
1382359.JIAL01000001_gene1802,JIAL01000001_gene1802,annotation&nbsp;not&nbsp;available,70.4
1382359.JIAL01000001_gene1631,JIAL01000001_gene1631,annotation&nbsp;not&nbsp;available,70.4
1382359.JIAL01000001_gene848,JIAL01000001_gene848,annotation&nbsp;not&nbsp;available,70.4
1382359.JIAL01000001_gene725,JIAL01000001_gene725,annotation&nbsp;not&nbsp;available,70.3
1382359.JIAL01000001_gene3034,JIAL01000001_gene3034,annotation&nbsp;not&nbsp;available,70.3
1382359.JIAL01000001_gene808,JIAL01000001_gene808,annotation&nbsp;not&nbsp;available,70.1
1382359.JIAL01000001_gene475,JIAL01000001_gene475,annotation&nbsp;not&nbsp;available,70.0
1382359.JIAL01000001_gene85,JIAL01000001_gene85,annotation&nbsp;not&nbsp;available,70.0
1382359.JIAL01000001_gene2835,JIAL01000001_gene2835,annotation&nbsp;not&nbsp;available,69.9
1382359.JIAL01000001_gene699,JIAL01000001_gene699,annotation&nbsp;not&nbsp;available,69.9
1382359.JIAL01000001_gene582,JIAL01000001_gene582,annotation&nbsp;not&nbsp;available,69.7
1382359.JIAL01000001_gene721,JIAL01000001_gene721,annotation&nbsp;not&nbsp;available,69.7
1382359.JIAL01000001_gene2789,JIAL01000001_gene2789,annotation&nbsp;not&nbsp;available,69.7
1382359.JIAL01000001_gene2025,JIAL01000001_gene2025,annotation&nbsp;not&nbsp;available,69.5
1382359.JIAL01000001_gene922,JIAL01000001_gene922,annotation&nbsp;not&nbsp;available,69.5
1382359.JIAL01000001_gene3053,JIAL01000001_gene3053,annotation&nbsp;not&nbsp;available,69.5
1382359.JIAL01000001_gene1374,JIAL01000001_gene1374,annotation&nbsp;not&nbsp;available,69.4
1382359.JIAL01000001_gene533,JIAL01000001_gene533,annotation&nbsp;not&nbsp;available,69.4
1382359.JIAL01000001_gene1192,JIAL01000001_gene1192,annotation&nbsp;not&nbsp;available,69.3
1382359.JIAL01000001_gene2162,JIAL01000001_gene2162,annotation&nbsp;not&nbsp;available,69.3
1382359.JIAL01000001_gene1767,JIAL01000001_gene1767,annotation&nbsp;not&nbsp;available,69.2
1382359.JIAL01000001_gene2021,JIAL01000001_gene2021,annotation&nbsp;not&nbsp;available,69.2
1382359.JIAL01000001_gene1242,JIAL01000001_gene1242,annotation&nbsp;not&nbsp;available,69.2
1382359.JIAL01000001_gene594,JIAL01000001_gene594,annotation&nbsp;not&nbsp;available,69.2
1382359.JIAL01000001_gene1800,JIAL01000001_gene1800,annotation&nbsp;not&nbsp;available,69.1
1382359.JIAL01000001_gene731,JIAL01000001_gene731,annotation&nbsp;not&nbsp;available,69.0
1382359.JIAL01000001_gene2840,JIAL01000001_gene2840,annotation&nbsp;not&nbsp;available,68.9
1382359.JIAL01000001_gene968,JIAL01000001_gene968,annotation&nbsp;not&nbsp;available,68.9
1382359.JIAL01000001_gene1621,JIAL01000001_gene1621,annotation&nbsp;not&nbsp;available,68.9
1382359.JIAL01000001_gene2613,JIAL01000001_gene2613,annotation&nbsp;not&nbsp;available,68.9
1382359.JIAL01000001_gene934,JIAL01000001_gene934,annotation&nbsp;not&nbsp;available,68.8
1382359.JIAL01000001_gene2043,JIAL01000001_gene2043,annotation&nbsp;not&nbsp;available,68.8
1382359.JIAL01000001_gene2784,JIAL01000001_gene2784,annotation&nbsp;not&nbsp;available,68.8
1382359.JIAL01000001_gene1200,JIAL01000001_gene1200,annotation&nbsp;not&nbsp;available,68.7
1382359.JIAL01000001_gene1707,JIAL01000001_gene1707,annotation&nbsp;not&nbsp;available,68.7
1382359.JIAL01000001_gene1535,JIAL01000001_gene1535,annotation&nbsp;not&nbsp;available,68.6
1382359.JIAL01000001_gene1713,JIAL01000001_gene1713,annotation&nbsp;not&nbsp;available,68.6
1382359.JIAL01000001_gene945,JIAL01000001_gene945,annotation&nbsp;not&nbsp;available,68.6
1382359.JIAL01000001_gene402,JIAL01000001_gene402,annotation&nbsp;not&nbsp;available,68.5
1382359.JIAL01000001_gene1186,JIAL01000001_gene1186,annotation&nbsp;not&nbsp;available,68.5
1382359.JIAL01000001_gene2064,JIAL01000001_gene2064,annotation&nbsp;not&nbsp;available,68.5
1382359.JIAL01000001_gene99,JIAL01000001_gene99,annotation&nbsp;not&nbsp;available,68.5
1382359.JIAL01000001_gene716,JIAL01000001_gene716,annotation&nbsp;not&nbsp;available,68.4
1382359.JIAL01000001_gene2112,JIAL01000001_gene2112,annotation&nbsp;not&nbsp;available,68.4
1382359.JIAL01000001_gene1536,JIAL01000001_gene1536,annotation&nbsp;not&nbsp;available,68.4
1382359.JIAL01000001_gene1667,JIAL01000001_gene1667,annotation&nbsp;not&nbsp;available,68.3
1382359.JIAL01000001_gene1323,JIAL01000001_gene1323,annotation&nbsp;not&nbsp;available,68.3
1382359.JIAL01000001_gene2504,JIAL01000001_gene2504,annotation&nbsp;not&nbsp;available,68.2
1382359.JIAL01000001_gene713,JIAL01000001_gene713,annotation&nbsp;not&nbsp;available,68.2
1382359.JIAL01000001_gene1671,JIAL01000001_gene1671,annotation&nbsp;not&nbsp;available,68.2
1382359.JIAL01000001_gene1594,JIAL01000001_gene1594,annotation&nbsp;not&nbsp;available,68.2
1382359.JIAL01000001_gene1813,JIAL01000001_gene1813,annotation&nbsp;not&nbsp;available,68.2
1382359.JIAL01000001_gene2395,JIAL01000001_gene2395,annotation&nbsp;not&nbsp;available,68.2
1382359.JIAL01000001_gene2764,JIAL01000001_gene2764,annotation&nbsp;not&nbsp;available,68.1
1382359.JIAL01000001_gene2394,JIAL01000001_gene2394,annotation&nbsp;not&nbsp;available,68.1
1382359.JIAL01000001_gene1895,JIAL01000001_gene1895,annotation&nbsp;not&nbsp;available,68.1
1382359.JIAL01000001_gene403,JIAL01000001_gene403,annotation&nbsp;not&nbsp;available,68.0
1382359.JIAL01000001_gene615,JIAL01000001_gene615,annotation&nbsp;not&nbsp;available,68.0
1382359.JIAL01000001_gene182,JIAL01000001_gene182,annotation&nbsp;not&nbsp;available,67.9
1382359.JIAL01000001_gene1305,JIAL01000001_gene1305,annotation&nbsp;not&nbsp;available,67.9
1382359.JIAL01000001_gene948,JIAL01000001_gene948,annotation&nbsp;not&nbsp;available,67.9
1382359.JIAL01000001_gene1706,JIAL01000001_gene1706,annotation&nbsp;not&nbsp;available,67.8
1382359.JIAL01000001_gene391,JIAL01000001_gene391,annotation&nbsp;not&nbsp;available,67.8
1382359.JIAL01000001_gene1357,JIAL01000001_gene1357,annotation&nbsp;not&nbsp;available,67.7
1382359.JIAL01000001_gene958,JIAL01000001_gene958,annotation&nbsp;not&nbsp;available,67.6
1382359.JIAL01000001_gene2033,JIAL01000001_gene2033,annotation&nbsp;not&nbsp;available,67.6
1382359.JIAL01000001_gene1941,JIAL01000001_gene1941,annotation&nbsp;not&nbsp;available,67.6
1382359.JIAL01000001_gene1581,JIAL01000001_gene1581,annotation&nbsp;not&nbsp;available,67.6
1382359.JIAL01000001_gene1983,JIAL01000001_gene1983,annotation&nbsp;not&nbsp;available,67.6
1382359.JIAL01000001_gene1129,JIAL01000001_gene1129,annotation&nbsp;not&nbsp;available,67.5
1382359.JIAL01000001_gene1184,JIAL01000001_gene1184,annotation&nbsp;not&nbsp;available,67.5
1382359.JIAL01000001_gene2721,JIAL01000001_gene2721,annotation&nbsp;not&nbsp;available,67.4
1382359.JIAL01000001_gene2031,JIAL01000001_gene2031,annotation&nbsp;not&nbsp;available,67.4
1382359.JIAL01000001_gene3044,JIAL01000001_gene3044,annotation&nbsp;not&nbsp;available,67.4
1382359.JIAL01000001_gene2506,JIAL01000001_gene2506,annotation&nbsp;not&nbsp;available,67.3
1382359.JIAL01000001_gene908,JIAL01000001_gene908,annotation&nbsp;not&nbsp;available,67.3
1382359.JIAL01000001_gene1975,JIAL01000001_gene1975,annotation&nbsp;not&nbsp;available,67.2
1382359.JIAL01000001_gene2931,JIAL01000001_gene2931,annotation&nbsp;not&nbsp;available,67.2
1382359.JIAL01000001_gene1431,JIAL01000001_gene1431,annotation&nbsp;not&nbsp;available,67.2
1382359.JIAL01000001_gene1659,JIAL01000001_gene1659,annotation&nbsp;not&nbsp;available,67.2
1382359.JIAL01000001_gene1502,JIAL01000001_gene1502,annotation&nbsp;not&nbsp;available,67.1
1382359.JIAL01000001_gene967,JIAL01000001_gene967,annotation&nbsp;not&nbsp;available,67.1
1382359.JIAL01000001_gene2924,JIAL01000001_gene2924,annotation&nbsp;not&nbsp;available,67.1
1382359.JIAL01000001_gene2253,JIAL01000001_gene2253,annotation&nbsp;not&nbsp;available,67.0
1382359.JIAL01000001_gene2071,JIAL01000001_gene2071,annotation&nbsp;not&nbsp;available,67.0
1382359.JIAL01000001_gene2148,JIAL01000001_gene2148,annotation&nbsp;not&nbsp;available,67.0
1382359.JIAL01000001_gene796,JIAL01000001_gene796,annotation&nbsp;not&nbsp;available,66.9
1382359.JIAL01000001_gene1079,JIAL01000001_gene1079,annotation&nbsp;not&nbsp;available,66.9
1382359.JIAL01000001_gene2449,JIAL01000001_gene2449,annotation&nbsp;not&nbsp;available,66.9
1382359.JIAL01000001_gene2017,JIAL01000001_gene2017,annotation&nbsp;not&nbsp;available,66.9
1382359.JIAL01000001_gene2647,JIAL01000001_gene2647,annotation&nbsp;not&nbsp;available,66.8
1382359.JIAL01000001_gene2558,JIAL01000001_gene2558,annotation&nbsp;not&nbsp;available,66.7
1382359.JIAL01000001_gene1652,JIAL01000001_gene1652,annotation&nbsp;not&nbsp;available,66.7
1382359.JIAL01000001_gene2202,JIAL01000001_gene2202,annotation&nbsp;not&nbsp;available,66.7
1382359.JIAL01000001_gene788,JIAL01000001_gene788,annotation&nbsp;not&nbsp;available,66.7
1382359.JIAL01000001_gene174,JIAL01000001_gene174,annotation&nbsp;not&nbsp;available,66.7
1382359.JIAL01000001_gene2453,JIAL01000001_gene2453,annotation&nbsp;not&nbsp;available,66.6
1382359.JIAL01000001_gene3012,JIAL01000001_gene3012,annotation&nbsp;not&nbsp;available,66.6
1382359.JIAL01000001_gene2122,JIAL01000001_gene2122,annotation&nbsp;not&nbsp;available,66.6
1382359.JIAL01000001_gene399,JIAL01000001_gene399,annotation&nbsp;not&nbsp;available,66.5
1382359.JIAL01000001_gene2023,JIAL01000001_gene2023,annotation&nbsp;not&nbsp;available,66.5
1382359.JIAL01000001_gene2182,JIAL01000001_gene2182,annotation&nbsp;not&nbsp;available,66.5
1382359.JIAL01000001_gene432,JIAL01000001_gene432,annotation&nbsp;not&nbsp;available,66.4
1382359.JIAL01000001_gene1386,JIAL01000001_gene1386,annotation&nbsp;not&nbsp;available,66.4
1382359.JIAL01000001_gene3048,JIAL01000001_gene3048,annotation&nbsp;not&nbsp;available,66.4
1382359.JIAL01000001_gene2326,JIAL01000001_gene2326,annotation&nbsp;not&nbsp;available,66.2
1382359.JIAL01000001_gene1578,JIAL01000001_gene1578,annotation&nbsp;not&nbsp;available,66.2
1382359.JIAL01000001_gene2344,JIAL01000001_gene2344,annotation&nbsp;not&nbsp;available,66.2
1382359.JIAL01000001_gene207,JIAL01000001_gene207,annotation&nbsp;not&nbsp;available,66.2
1382359.JIAL01000001_gene727,JIAL01000001_gene727,annotation&nbsp;not&nbsp;available,66.0
1382359.JIAL01000001_gene468,JIAL01000001_gene468,annotation&nbsp;not&nbsp;available,65.9
1382359.JIAL01000001_gene16,JIAL01000001_gene16,annotation&nbsp;not&nbsp;available,65.9
1382359.JIAL01000001_gene2816,JIAL01000001_gene2816,annotation&nbsp;not&nbsp;available,65.8
1382359.JIAL01000001_gene1846,JIAL01000001_gene1846,annotation&nbsp;not&nbsp;available,65.8
1382359.JIAL01000001_gene2544,JIAL01000001_gene2544,annotation&nbsp;not&nbsp;available,65.8
1382359.JIAL01000001_gene322,JIAL01000001_gene322,annotation&nbsp;not&nbsp;available,65.8
1382359.JIAL01000001_gene548,JIAL01000001_gene548,annotation&nbsp;not&nbsp;available,65.7
1382359.JIAL01000001_gene385,JIAL01000001_gene385,annotation&nbsp;not&nbsp;available,65.6
1382359.JIAL01000001_gene1718,JIAL01000001_gene1718,annotation&nbsp;not&nbsp;available,65.6
1382359.JIAL01000001_gene1999,JIAL01000001_gene1999,annotation&nbsp;not&nbsp;available,65.5
1382359.JIAL01000001_gene2123,JIAL01000001_gene2123,annotation&nbsp;not&nbsp;available,65.5
1382359.JIAL01000001_gene106,JIAL01000001_gene106,annotation&nbsp;not&nbsp;available,65.5
1382359.JIAL01000001_gene1648,JIAL01000001_gene1648,annotation&nbsp;not&nbsp;available,65.5
1382359.JIAL01000001_gene1185,JIAL01000001_gene1185,annotation&nbsp;not&nbsp;available,65.5
1382359.JIAL01000001_gene1683,JIAL01000001_gene1683,annotation&nbsp;not&nbsp;available,65.4
1382359.JIAL01000001_gene2207,JIAL01000001_gene2207,annotation&nbsp;not&nbsp;available,65.4
1382359.JIAL01000001_gene918,JIAL01000001_gene918,annotation&nbsp;not&nbsp;available,65.4
1382359.JIAL01000001_gene3059,JIAL01000001_gene3059,annotation&nbsp;not&nbsp;available,65.4
1382359.JIAL01000001_gene95,JIAL01000001_gene95,annotation&nbsp;not&nbsp;available,65.3
1382359.JIAL01000001_gene2565,JIAL01000001_gene2565,annotation&nbsp;not&nbsp;available,65.3
1382359.JIAL01000001_gene1917,JIAL01000001_gene1917,annotation&nbsp;not&nbsp;available,65.3
1382359.JIAL01000001_gene116,JIAL01000001_gene116,annotation&nbsp;not&nbsp;available,65.2
1382359.JIAL01000001_gene451,JIAL01000001_gene451,annotation&nbsp;not&nbsp;available,65.2
1382359.JIAL01000001_gene1311,JIAL01000001_gene1311,annotation&nbsp;not&nbsp;available,65.2
1382359.JIAL01000001_gene919,JIAL01000001_gene919,annotation&nbsp;not&nbsp;available,65.2
1382359.JIAL01000001_gene845,JIAL01000001_gene845,annotation&nbsp;not&nbsp;available,65.1
1382359.JIAL01000001_gene135,JIAL01000001_gene135,annotation&nbsp;not&nbsp;available,65.1
1382359.JIAL01000001_gene1574,JIAL01000001_gene1574,annotation&nbsp;not&nbsp;available,65.1
1382359.JIAL01000001_gene2817,JIAL01000001_gene2817,annotation&nbsp;not&nbsp;available,65.0
1382359.JIAL01000001_gene2848,JIAL01000001_gene2848,annotation&nbsp;not&nbsp;available,64.8
1382359.JIAL01000001_gene2196,JIAL01000001_gene2196,annotation&nbsp;not&nbsp;available,64.8
1382359.JIAL01000001_gene1849,JIAL01000001_gene1849,annotation&nbsp;not&nbsp;available,64.8
1382359.JIAL01000001_gene1768,JIAL01000001_gene1768,annotation&nbsp;not&nbsp;available,64.8
1382359.JIAL01000001_gene2701,JIAL01000001_gene2701,annotation&nbsp;not&nbsp;available,64.7
1382359.JIAL01000001_gene2793,JIAL01000001_gene2793,annotation&nbsp;not&nbsp;available,64.7
1382359.JIAL01000001_gene2015,JIAL01000001_gene2015,annotation&nbsp;not&nbsp;available,64.5
1382359.JIAL01000001_gene2929,JIAL01000001_gene2929,annotation&nbsp;not&nbsp;available,64.5
1382359.JIAL01000001_gene723,JIAL01000001_gene723,annotation&nbsp;not&nbsp;available,64.5
1382359.JIAL01000001_gene139,JIAL01000001_gene139,annotation&nbsp;not&nbsp;available,64.4
1382359.JIAL01000001_gene2928,JIAL01000001_gene2928,annotation&nbsp;not&nbsp;available,64.3
1382359.JIAL01000001_gene1040,JIAL01000001_gene1040,annotation&nbsp;not&nbsp;available,64.3
1382359.JIAL01000001_gene1188,JIAL01000001_gene1188,annotation&nbsp;not&nbsp;available,64.3
1382359.JIAL01000001_gene1259,JIAL01000001_gene1259,annotation&nbsp;not&nbsp;available,64.2
1382359.JIAL01000001_gene2669,JIAL01000001_gene2669,annotation&nbsp;not&nbsp;available,64.2
1382359.JIAL01000001_gene744,JIAL01000001_gene744,annotation&nbsp;not&nbsp;available,64.1
1382359.JIAL01000001_gene726,JIAL01000001_gene726,annotation&nbsp;not&nbsp;available,64.1
1382359.JIAL01000001_gene1300,JIAL01000001_gene1300,annotation&nbsp;not&nbsp;available,64.1
1382359.JIAL01000001_gene2211,JIAL01000001_gene2211,annotation&nbsp;not&nbsp;available,64.0
1382359.JIAL01000001_gene3008,JIAL01000001_gene3008,annotation&nbsp;not&nbsp;available,64.0
1382359.JIAL01000001_gene1637,JIAL01000001_gene1637,annotation&nbsp;not&nbsp;available,64.0
1382359.JIAL01000001_gene2746,JIAL01000001_gene2746,annotation&nbsp;not&nbsp;available,64.0
1382359.JIAL01000001_gene2589,JIAL01000001_gene2589,annotation&nbsp;not&nbsp;available,63.9
1382359.JIAL01000001_gene447,JIAL01000001_gene447,annotation&nbsp;not&nbsp;available,63.9
1382359.JIAL01000001_gene2441,JIAL01000001_gene2441,annotation&nbsp;not&nbsp;available,63.9
1382359.JIAL01000001_gene1714,JIAL01000001_gene1714,annotation&nbsp;not&nbsp;available,63.7
1382359.JIAL01000001_gene637,JIAL01000001_gene637,annotation&nbsp;not&nbsp;available,63.7
1382359.JIAL01000001_gene774,JIAL01000001_gene774,annotation&nbsp;not&nbsp;available,63.7
1382359.JIAL01000001_gene2611,JIAL01000001_gene2611,annotation&nbsp;not&nbsp;available,63.6
1382359.JIAL01000001_gene1298,JIAL01000001_gene1298,annotation&nbsp;not&nbsp;available,63.6
1382359.JIAL01000001_gene2413,JIAL01000001_gene2413,annotation&nbsp;not&nbsp;available,63.5
1382359.JIAL01000001_gene605,JIAL01000001_gene605,annotation&nbsp;not&nbsp;available,63.2
1382359.JIAL01000001_gene1183,JIAL01000001_gene1183,annotation&nbsp;not&nbsp;available,63.2
1382359.JIAL01000001_gene2198,JIAL01000001_gene2198,annotation&nbsp;not&nbsp;available,63.1
1382359.JIAL01000001_gene505,JIAL01000001_gene505,annotation&nbsp;not&nbsp;available,62.8
1382359.JIAL01000001_gene1757,JIAL01000001_gene1757,annotation&nbsp;not&nbsp;available,62.8
1382359.JIAL01000001_gene2778,JIAL01000001_gene2778,annotation&nbsp;not&nbsp;available,62.7
1382359.JIAL01000001_gene1326,JIAL01000001_gene1326,annotation&nbsp;not&nbsp;available,62.7
1382359.JIAL01000001_gene1538,JIAL01000001_gene1538,annotation&nbsp;not&nbsp;available,62.6
1382359.JIAL01000001_gene2117,JIAL01000001_gene2117,annotation&nbsp;not&nbsp;available,62.5
1382359.JIAL01000001_gene2573,JIAL01000001_gene2573,annotation&nbsp;not&nbsp;available,62.5
1382359.JIAL01000001_gene632,JIAL01000001_gene632,annotation&nbsp;not&nbsp;available,62.5
1382359.JIAL01000001_gene525,JIAL01000001_gene525,annotation&nbsp;not&nbsp;available,62.3
1382359.JIAL01000001_gene1724,JIAL01000001_gene1724,annotation&nbsp;not&nbsp;available,62.2
1382359.JIAL01000001_gene1928,JIAL01000001_gene1928,annotation&nbsp;not&nbsp;available,62.2
1382359.JIAL01000001_gene1563,JIAL01000001_gene1563,annotation&nbsp;not&nbsp;available,62.2
1382359.JIAL01000001_gene1925,JIAL01000001_gene1925,annotation&nbsp;not&nbsp;available,62.2
1382359.JIAL01000001_gene2401,JIAL01000001_gene2401,annotation&nbsp;not&nbsp;available,62.1
1382359.JIAL01000001_gene128,JIAL01000001_gene128,annotation&nbsp;not&nbsp;available,61.9
1382359.JIAL01000001_gene2576,JIAL01000001_gene2576,annotation&nbsp;not&nbsp;available,61.9
1382359.JIAL01000001_gene1715,JIAL01000001_gene1715,annotation&nbsp;not&nbsp;available,61.8
1382359.JIAL01000001_gene778,JIAL01000001_gene778,annotation&nbsp;not&nbsp;available,61.8
1382359.JIAL01000001_gene874,JIAL01000001_gene874,annotation&nbsp;not&nbsp;available,61.7
1382359.JIAL01000001_gene2791,JIAL01000001_gene2791,annotation&nbsp;not&nbsp;available,61.7
1382359.JIAL01000001_gene2696,JIAL01000001_gene2696,annotation&nbsp;not&nbsp;available,61.7
1382359.JIAL01000001_gene2327,JIAL01000001_gene2327,annotation&nbsp;not&nbsp;available,61.7
1382359.JIAL01000001_gene1569,JIAL01000001_gene1569,annotation&nbsp;not&nbsp;available,61.7
1382359.JIAL01000001_gene1957,JIAL01000001_gene1957,annotation&nbsp;not&nbsp;available,61.6
1382359.JIAL01000001_gene1469,JIAL01000001_gene1469,annotation&nbsp;not&nbsp;available,61.5
1382359.JIAL01000001_gene1160,JIAL01000001_gene1160,annotation&nbsp;not&nbsp;available,61.5
1382359.JIAL01000001_gene2496,JIAL01000001_gene2496,annotation&nbsp;not&nbsp;available,61.5
1382359.JIAL01000001_gene86,JIAL01000001_gene86,annotation&nbsp;not&nbsp;available,61.4
1382359.JIAL01000001_gene275,JIAL01000001_gene275,annotation&nbsp;not&nbsp;available,61.4
1382359.JIAL01000001_gene1691,JIAL01000001_gene1691,annotation&nbsp;not&nbsp;available,61.3
1382359.JIAL01000001_gene917,JIAL01000001_gene917,annotation&nbsp;not&nbsp;available,61.3
1382359.JIAL01000001_gene205,JIAL01000001_gene205,annotation&nbsp;not&nbsp;available,61.3
1382359.JIAL01000001_gene1867,JIAL01000001_gene1867,annotation&nbsp;not&nbsp;available,61.3
1382359.JIAL01000001_gene1811,JIAL01000001_gene1811,annotation&nbsp;not&nbsp;available,61.2
1382359.JIAL01000001_gene1303,JIAL01000001_gene1303,annotation&nbsp;not&nbsp;available,61.2
1382359.JIAL01000001_gene1037,JIAL01000001_gene1037,annotation&nbsp;not&nbsp;available,61.0
1382359.JIAL01000001_gene827,JIAL01000001_gene827,annotation&nbsp;not&nbsp;available,61.0
1382359.JIAL01000001_gene2268,JIAL01000001_gene2268,annotation&nbsp;not&nbsp;available,61.0
1382359.JIAL01000001_gene547,JIAL01000001_gene547,annotation&nbsp;not&nbsp;available,60.9
1382359.JIAL01000001_gene2139,JIAL01000001_gene2139,annotation&nbsp;not&nbsp;available,60.9
1382359.JIAL01000001_gene1429,JIAL01000001_gene1429,annotation&nbsp;not&nbsp;available,60.9
1382359.JIAL01000001_gene1484,JIAL01000001_gene1484,annotation&nbsp;not&nbsp;available,60.9
1382359.JIAL01000001_gene2415,JIAL01000001_gene2415,annotation&nbsp;not&nbsp;available,60.9
1382359.JIAL01000001_gene1670,JIAL01000001_gene1670,annotation&nbsp;not&nbsp;available,60.9
1382359.JIAL01000001_gene2128,JIAL01000001_gene2128,annotation&nbsp;not&nbsp;available,60.9
1382359.JIAL01000001_gene2687,JIAL01000001_gene2687,annotation&nbsp;not&nbsp;available,60.8
1382359.JIAL01000001_gene2792,JIAL01000001_gene2792,annotation&nbsp;not&nbsp;available,60.8
1382359.JIAL01000001_gene2673,JIAL01000001_gene2673,annotation&nbsp;not&nbsp;available,60.8
1382359.JIAL01000001_gene2479,JIAL01000001_gene2479,annotation&nbsp;not&nbsp;available,60.8
1382359.JIAL01000001_gene209,JIAL01000001_gene209,annotation&nbsp;not&nbsp;available,60.8
1382359.JIAL01000001_gene2489,JIAL01000001_gene2489,annotation&nbsp;not&nbsp;available,60.7
1382359.JIAL01000001_gene2103,JIAL01000001_gene2103,annotation&nbsp;not&nbsp;available,60.7
1382359.JIAL01000001_gene1509,JIAL01000001_gene1509,annotation&nbsp;not&nbsp;available,60.7
1382359.JIAL01000001_gene2668,JIAL01000001_gene2668,annotation&nbsp;not&nbsp;available,60.7
1382359.JIAL01000001_gene2364,JIAL01000001_gene2364,annotation&nbsp;not&nbsp;available,60.7
1382359.JIAL01000001_gene2641,JIAL01000001_gene2641,annotation&nbsp;not&nbsp;available,60.5
1382359.JIAL01000001_gene337,JIAL01000001_gene337,annotation&nbsp;not&nbsp;available,60.5
1382359.JIAL01000001_gene2372,JIAL01000001_gene2372,annotation&nbsp;not&nbsp;available,60.4
1382359.JIAL01000001_gene840,JIAL01000001_gene840,annotation&nbsp;not&nbsp;available,60.4
1382359.JIAL01000001_gene763,JIAL01000001_gene763,annotation&nbsp;not&nbsp;available,60.4
1382359.JIAL01000001_gene911,JIAL01000001_gene911,annotation&nbsp;not&nbsp;available,60.3
1382359.JIAL01000001_gene42,JIAL01000001_gene42,annotation&nbsp;not&nbsp;available,60.3
1382359.JIAL01000001_gene2458,JIAL01000001_gene2458,annotation&nbsp;not&nbsp;available,60.3
1382359.JIAL01000001_gene1786,JIAL01000001_gene1786,annotation&nbsp;not&nbsp;available,60.2
1382359.JIAL01000001_gene1465,JIAL01000001_gene1465,annotation&nbsp;not&nbsp;available,60.2
1382359.JIAL01000001_gene2069,JIAL01000001_gene2069,annotation&nbsp;not&nbsp;available,60.1
1382359.JIAL01000001_gene1992,JIAL01000001_gene1992,annotation&nbsp;not&nbsp;available,60.1
1382359.JIAL01000001_gene3019,JIAL01000001_gene3019,annotation&nbsp;not&nbsp;available,60.1
1382359.JIAL01000001_gene1531,JIAL01000001_gene1531,annotation&nbsp;not&nbsp;available,60.0
1382359.JIAL01000001_gene1979,JIAL01000001_gene1979,annotation&nbsp;not&nbsp;available,59.9
1382359.JIAL01000001_gene256,JIAL01000001_gene256,annotation&nbsp;not&nbsp;available,59.9
1382359.JIAL01000001_gene331,JIAL01000001_gene331,annotation&nbsp;not&nbsp;available,59.9
1382359.JIAL01000001_gene1391,JIAL01000001_gene1391,annotation&nbsp;not&nbsp;available,59.9
1382359.JIAL01000001_gene2239,JIAL01000001_gene2239,annotation&nbsp;not&nbsp;available,59.8
1382359.JIAL01000001_gene866,JIAL01000001_gene866,annotation&nbsp;not&nbsp;available,59.8
1382359.JIAL01000001_gene1654,JIAL01000001_gene1654,annotation&nbsp;not&nbsp;available,59.8
1382359.JIAL01000001_gene1905,JIAL01000001_gene1905,annotation&nbsp;not&nbsp;available,59.7
1382359.JIAL01000001_gene1866,JIAL01000001_gene1866,annotation&nbsp;not&nbsp;available,59.7
1382359.JIAL01000001_gene1956,JIAL01000001_gene1956,annotation&nbsp;not&nbsp;available,59.6
1382359.JIAL01000001_gene2020,JIAL01000001_gene2020,annotation&nbsp;not&nbsp;available,59.6
1382359.JIAL01000001_gene2442,JIAL01000001_gene2442,annotation&nbsp;not&nbsp;available,59.6
1382359.JIAL01000001_gene2147,JIAL01000001_gene2147,annotation&nbsp;not&nbsp;available,59.5
1382359.JIAL01000001_gene149,JIAL01000001_gene149,annotation&nbsp;not&nbsp;available,59.3
1382359.JIAL01000001_gene1584,JIAL01000001_gene1584,annotation&nbsp;not&nbsp;available,59.3
1382359.JIAL01000001_gene2341,JIAL01000001_gene2341,annotation&nbsp;not&nbsp;available,59.3
1382359.JIAL01000001_gene843,JIAL01000001_gene843,annotation&nbsp;not&nbsp;available,59.3
1382359.JIAL01000001_gene2600,JIAL01000001_gene2600,annotation&nbsp;not&nbsp;available,59.2
1382359.JIAL01000001_gene2066,JIAL01000001_gene2066,annotation&nbsp;not&nbsp;available,59.2
1382359.JIAL01000001_gene1062,JIAL01000001_gene1062,annotation&nbsp;not&nbsp;available,59.2
1382359.JIAL01000001_gene2604,JIAL01000001_gene2604,annotation&nbsp;not&nbsp;available,59.1
1382359.JIAL01000001_gene2897,JIAL01000001_gene2897,annotation&nbsp;not&nbsp;available,59.0
1382359.JIAL01000001_gene1384,JIAL01000001_gene1384,annotation&nbsp;not&nbsp;available,59.0
1382359.JIAL01000001_gene2137,JIAL01000001_gene2137,annotation&nbsp;not&nbsp;available,59.0
1382359.JIAL01000001_gene3029,JIAL01000001_gene3029,annotation&nbsp;not&nbsp;available,58.9
1382359.JIAL01000001_gene2940,JIAL01000001_gene2940,annotation&nbsp;not&nbsp;available,58.9
1382359.JIAL01000001_gene2367,JIAL01000001_gene2367,annotation&nbsp;not&nbsp;available,58.9
1382359.JIAL01000001_gene1831,JIAL01000001_gene1831,annotation&nbsp;not&nbsp;available,58.7
1382359.JIAL01000001_gene1804,JIAL01000001_gene1804,annotation&nbsp;not&nbsp;available,58.7
1382359.JIAL01000001_gene730,JIAL01000001_gene730,annotation&nbsp;not&nbsp;available,58.7
1382359.JIAL01000001_gene2067,JIAL01000001_gene2067,annotation&nbsp;not&nbsp;available,58.6
1382359.JIAL01000001_gene559,JIAL01000001_gene559,annotation&nbsp;not&nbsp;available,58.5
1382359.JIAL01000001_gene2596,JIAL01000001_gene2596,annotation&nbsp;not&nbsp;available,58.5
1382359.JIAL01000001_gene433,JIAL01000001_gene433,annotation&nbsp;not&nbsp;available,58.5
1382359.JIAL01000001_gene561,JIAL01000001_gene561,annotation&nbsp;not&nbsp;available,58.4
1382359.JIAL01000001_gene1131,JIAL01000001_gene1131,annotation&nbsp;not&nbsp;available,58.3
1382359.JIAL01000001_gene94,JIAL01000001_gene94,annotation&nbsp;not&nbsp;available,58.3
1382359.JIAL01000001_gene717,JIAL01000001_gene717,annotation&nbsp;not&nbsp;available,58.2
1382359.JIAL01000001_gene2521,JIAL01000001_gene2521,annotation&nbsp;not&nbsp;available,58.1
1382359.JIAL01000001_gene1377,JIAL01000001_gene1377,annotation&nbsp;not&nbsp;available,58.0
1382359.JIAL01000001_gene2309,JIAL01000001_gene2309,annotation&nbsp;not&nbsp;available,58.0
1382359.JIAL01000001_gene2245,JIAL01000001_gene2245,annotation&nbsp;not&nbsp;available,57.9
1382359.JIAL01000001_gene1301,JIAL01000001_gene1301,annotation&nbsp;not&nbsp;available,57.9
1382359.JIAL01000001_gene1981,JIAL01000001_gene1981,annotation&nbsp;not&nbsp;available,57.9
1382359.JIAL01000001_gene1139,JIAL01000001_gene1139,annotation&nbsp;not&nbsp;available,57.8
1382359.JIAL01000001_gene813,JIAL01000001_gene813,annotation&nbsp;not&nbsp;available,57.7
1382359.JIAL01000001_gene1712,JIAL01000001_gene1712,annotation&nbsp;not&nbsp;available,57.7
1382359.JIAL01000001_gene2502,JIAL01000001_gene2502,annotation&nbsp;not&nbsp;available,57.6
1382359.JIAL01000001_gene529,JIAL01000001_gene529,annotation&nbsp;not&nbsp;available,57.6
1382359.JIAL01000001_gene2007,JIAL01000001_gene2007,annotation&nbsp;not&nbsp;available,57.6
1382359.JIAL01000001_gene2625,JIAL01000001_gene2625,annotation&nbsp;not&nbsp;available,57.5
1382359.JIAL01000001_gene842,JIAL01000001_gene842,annotation&nbsp;not&nbsp;available,57.3
1382359.JIAL01000001_gene847,JIAL01000001_gene847,annotation&nbsp;not&nbsp;available,57.3
1382359.JIAL01000001_gene1719,JIAL01000001_gene1719,annotation&nbsp;not&nbsp;available,57.3
1382359.JIAL01000001_gene37,JIAL01000001_gene37,annotation&nbsp;not&nbsp;available,57.3
1382359.JIAL01000001_gene946,JIAL01000001_gene946,annotation&nbsp;not&nbsp;available,57.2
1382359.JIAL01000001_gene1328,JIAL01000001_gene1328,annotation&nbsp;not&nbsp;available,57.0
1382359.JIAL01000001_gene988,JIAL01000001_gene988,annotation&nbsp;not&nbsp;available,57.0
1382359.JIAL01000001_gene2882,JIAL01000001_gene2882,annotation&nbsp;not&nbsp;available,57.0
1382359.JIAL01000001_gene1352,JIAL01000001_gene1352,annotation&nbsp;not&nbsp;available,56.9
1382359.JIAL01000001_gene3021,JIAL01000001_gene3021,annotation&nbsp;not&nbsp;available,56.8
1382359.JIAL01000001_gene1912,JIAL01000001_gene1912,annotation&nbsp;not&nbsp;available,56.8
1382359.JIAL01000001_gene1651,JIAL01000001_gene1651,annotation&nbsp;not&nbsp;available,56.8
1382359.JIAL01000001_gene1464,JIAL01000001_gene1464,annotation&nbsp;not&nbsp;available,56.8
1382359.JIAL01000001_gene1117,JIAL01000001_gene1117,annotation&nbsp;not&nbsp;available,56.8
1382359.JIAL01000001_gene2192,JIAL01000001_gene2192,annotation&nbsp;not&nbsp;available,56.7
1382359.JIAL01000001_gene2209,JIAL01000001_gene2209,annotation&nbsp;not&nbsp;available,56.7
1382359.JIAL01000001_gene1630,JIAL01000001_gene1630,annotation&nbsp;not&nbsp;available,56.6
1382359.JIAL01000001_gene2230,JIAL01000001_gene2230,annotation&nbsp;not&nbsp;available,56.5
1382359.JIAL01000001_gene754,JIAL01000001_gene754,annotation&nbsp;not&nbsp;available,56.4
1382359.JIAL01000001_gene1777,JIAL01000001_gene1777,annotation&nbsp;not&nbsp;available,56.3
1382359.JIAL01000001_gene2272,JIAL01000001_gene2272,annotation&nbsp;not&nbsp;available,56.3
1382359.JIAL01000001_gene985,JIAL01000001_gene985,annotation&nbsp;not&nbsp;available,56.3
1382359.JIAL01000001_gene339,JIAL01000001_gene339,annotation&nbsp;not&nbsp;available,56.2
1382359.JIAL01000001_gene2237,JIAL01000001_gene2237,annotation&nbsp;not&nbsp;available,56.2
1382359.JIAL01000001_gene1779,JIAL01000001_gene1779,annotation&nbsp;not&nbsp;available,56.1
1382359.JIAL01000001_gene1893,JIAL01000001_gene1893,annotation&nbsp;not&nbsp;available,56.1
1382359.JIAL01000001_gene2136,JIAL01000001_gene2136,annotation&nbsp;not&nbsp;available,56.1
1382359.JIAL01000001_gene2223,JIAL01000001_gene2223,annotation&nbsp;not&nbsp;available,56.0
1382359.JIAL01000001_gene1162,JIAL01000001_gene1162,annotation&nbsp;not&nbsp;available,56.0
1382359.JIAL01000001_gene2088,JIAL01000001_gene2088,annotation&nbsp;not&nbsp;available,56.0
1382359.JIAL01000001_gene2210,JIAL01000001_gene2210,annotation&nbsp;not&nbsp;available,55.9
1382359.JIAL01000001_gene2731,JIAL01000001_gene2731,annotation&nbsp;not&nbsp;available,55.9
1382359.JIAL01000001_gene1774,JIAL01000001_gene1774,annotation&nbsp;not&nbsp;available,55.8
1382359.JIAL01000001_gene534,JIAL01000001_gene534,annotation&nbsp;not&nbsp;available,55.8
1382359.JIAL01000001_gene165,JIAL01000001_gene165,annotation&nbsp;not&nbsp;available,55.7
1382359.JIAL01000001_gene798,JIAL01000001_gene798,annotation&nbsp;not&nbsp;available,55.7
1382359.JIAL01000001_gene2215,JIAL01000001_gene2215,annotation&nbsp;not&nbsp;available,55.6
1382359.JIAL01000001_gene1700,JIAL01000001_gene1700,annotation&nbsp;not&nbsp;available,55.6
1382359.JIAL01000001_gene1492,JIAL01000001_gene1492,annotation&nbsp;not&nbsp;available,55.5
1382359.JIAL01000001_gene751,JIAL01000001_gene751,annotation&nbsp;not&nbsp;available,55.5
1382359.JIAL01000001_gene951,JIAL01000001_gene951,annotation&nbsp;not&nbsp;available,55.5
1382359.JIAL01000001_gene437,JIAL01000001_gene437,annotation&nbsp;not&nbsp;available,55.4
1382359.JIAL01000001_gene1612,JIAL01000001_gene1612,annotation&nbsp;not&nbsp;available,55.4
1382359.JIAL01000001_gene2595,JIAL01000001_gene2595,annotation&nbsp;not&nbsp;available,55.4
1382359.JIAL01000001_gene2888,JIAL01000001_gene2888,annotation&nbsp;not&nbsp;available,55.3
1382359.JIAL01000001_gene1344,JIAL01000001_gene1344,annotation&nbsp;not&nbsp;available,55.2
1382359.JIAL01000001_gene1686,JIAL01000001_gene1686,annotation&nbsp;not&nbsp;available,55.2
1382359.JIAL01000001_gene166,JIAL01000001_gene166,annotation&nbsp;not&nbsp;available,55.2
1382359.JIAL01000001_gene1527,JIAL01000001_gene1527,annotation&nbsp;not&nbsp;available,55.1
1382359.JIAL01000001_gene2134,JIAL01000001_gene2134,annotation&nbsp;not&nbsp;available,55.1
1382359.JIAL01000001_gene863,JIAL01000001_gene863,annotation&nbsp;not&nbsp;available,55.1
1382359.JIAL01000001_gene2030,JIAL01000001_gene2030,annotation&nbsp;not&nbsp;available,55.0
1382359.JIAL01000001_gene2065,JIAL01000001_gene2065,annotation&nbsp;not&nbsp;available,55.0
1382359.JIAL01000001_gene1504,JIAL01000001_gene1504,annotation&nbsp;not&nbsp;available,54.8
1382359.JIAL01000001_gene2847,JIAL01000001_gene2847,annotation&nbsp;not&nbsp;available,54.7
1382359.JIAL01000001_gene417,JIAL01000001_gene417,annotation&nbsp;not&nbsp;available,54.6
1382359.JIAL01000001_gene2688,JIAL01000001_gene2688,annotation&nbsp;not&nbsp;available,54.5
1382359.JIAL01000001_gene479,JIAL01000001_gene479,annotation&nbsp;not&nbsp;available,54.5
1382359.JIAL01000001_gene2172,JIAL01000001_gene2172,annotation&nbsp;not&nbsp;available,54.5
1382359.JIAL01000001_gene2332,JIAL01000001_gene2332,annotation&nbsp;not&nbsp;available,54.5
1382359.JIAL01000001_gene77,JIAL01000001_gene77,annotation&nbsp;not&nbsp;available,54.5
1382359.JIAL01000001_gene1939,JIAL01000001_gene1939,annotation&nbsp;not&nbsp;available,54.5
1382359.JIAL01000001_gene1219,JIAL01000001_gene1219,annotation&nbsp;not&nbsp;available,54.5
1382359.JIAL01000001_gene1988,JIAL01000001_gene1988,annotation&nbsp;not&nbsp;available,54.5
1382359.JIAL01000001_gene2156,JIAL01000001_gene2156,annotation&nbsp;not&nbsp;available,54.4
1382359.JIAL01000001_gene623,JIAL01000001_gene623,annotation&nbsp;not&nbsp;available,54.4
1382359.JIAL01000001_gene1403,JIAL01000001_gene1403,annotation&nbsp;not&nbsp;available,54.3
1382359.JIAL01000001_gene2131,JIAL01000001_gene2131,annotation&nbsp;not&nbsp;available,54.3
1382359.JIAL01000001_gene1034,JIAL01000001_gene1034,annotation&nbsp;not&nbsp;available,54.3
1382359.JIAL01000001_gene2090,JIAL01000001_gene2090,annotation&nbsp;not&nbsp;available,54.1
1382359.JIAL01000001_gene629,JIAL01000001_gene629,annotation&nbsp;not&nbsp;available,54.1
1382359.JIAL01000001_gene3024,JIAL01000001_gene3024,annotation&nbsp;not&nbsp;available,54.0
1382359.JIAL01000001_gene1696,JIAL01000001_gene1696,annotation&nbsp;not&nbsp;available,53.9
1382359.JIAL01000001_gene1619,JIAL01000001_gene1619,annotation&nbsp;not&nbsp;available,53.9
1382359.JIAL01000001_gene773,JIAL01000001_gene773,annotation&nbsp;not&nbsp;available,53.7
1382359.JIAL01000001_gene720,JIAL01000001_gene720,annotation&nbsp;not&nbsp;available,53.7
1382359.JIAL01000001_gene429,JIAL01000001_gene429,annotation&nbsp;not&nbsp;available,53.7
1382359.JIAL01000001_gene1127,JIAL01000001_gene1127,annotation&nbsp;not&nbsp;available,53.6
1382359.JIAL01000001_gene2930,JIAL01000001_gene2930,annotation&nbsp;not&nbsp;available,53.6
1382359.JIAL01000001_gene2178,JIAL01000001_gene2178,annotation&nbsp;not&nbsp;available,53.5
1382359.JIAL01000001_gene348,JIAL01000001_gene348,annotation&nbsp;not&nbsp;available,53.5
1382359.JIAL01000001_gene855,JIAL01000001_gene855,annotation&nbsp;not&nbsp;available,53.5
1382359.JIAL01000001_gene2013,JIAL01000001_gene2013,annotation&nbsp;not&nbsp;available,53.5
1382359.JIAL01000001_gene3052,JIAL01000001_gene3052,annotation&nbsp;not&nbsp;available,53.4
1382359.JIAL01000001_gene1209,JIAL01000001_gene1209,annotation&nbsp;not&nbsp;available,53.4
1382359.JIAL01000001_gene1001,JIAL01000001_gene1001,annotation&nbsp;not&nbsp;available,53.4
1382359.JIAL01000001_gene1991,JIAL01000001_gene1991,annotation&nbsp;not&nbsp;available,53.3
1382359.JIAL01000001_gene1649,JIAL01000001_gene1649,annotation&nbsp;not&nbsp;available,53.3
1382359.JIAL01000001_gene595,JIAL01000001_gene595,annotation&nbsp;not&nbsp;available,53.3
1382359.JIAL01000001_gene2560,JIAL01000001_gene2560,annotation&nbsp;not&nbsp;available,53.3
1382359.JIAL01000001_gene973,JIAL01000001_gene973,annotation&nbsp;not&nbsp;available,53.2
1382359.JIAL01000001_gene519,JIAL01000001_gene519,annotation&nbsp;not&nbsp;available,53.2
1382359.JIAL01000001_gene1406,JIAL01000001_gene1406,annotation&nbsp;not&nbsp;available,53.1
1382359.JIAL01000001_gene1132,JIAL01000001_gene1132,annotation&nbsp;not&nbsp;available,53.1
1382359.JIAL01000001_gene2323,JIAL01000001_gene2323,annotation&nbsp;not&nbsp;available,53.1
1382359.JIAL01000001_gene2827,JIAL01000001_gene2827,annotation&nbsp;not&nbsp;available,53.0
1382359.JIAL01000001_gene1327,JIAL01000001_gene1327,annotation&nbsp;not&nbsp;available,53.0
1382359.JIAL01000001_gene989,JIAL01000001_gene989,annotation&nbsp;not&nbsp;available,53.0
1382359.JIAL01000001_gene1679,JIAL01000001_gene1679,annotation&nbsp;not&nbsp;available,53.0
1382359.JIAL01000001_gene1847,JIAL01000001_gene1847,annotation&nbsp;not&nbsp;available,53.0
1382359.JIAL01000001_gene1741,JIAL01000001_gene1741,annotation&nbsp;not&nbsp;available,52.9
1382359.JIAL01000001_gene1430,JIAL01000001_gene1430,annotation&nbsp;not&nbsp;available,52.8
1382359.JIAL01000001_gene1877,JIAL01000001_gene1877,annotation&nbsp;not&nbsp;available,52.8
1382359.JIAL01000001_gene2353,JIAL01000001_gene2353,annotation&nbsp;not&nbsp;available,52.7
1382359.JIAL01000001_gene625,JIAL01000001_gene625,annotation&nbsp;not&nbsp;available,52.7
1382359.JIAL01000001_gene724,JIAL01000001_gene724,annotation&nbsp;not&nbsp;available,52.7
1382359.JIAL01000001_gene1019,JIAL01000001_gene1019,annotation&nbsp;not&nbsp;available,52.7
1382359.JIAL01000001_gene336,JIAL01000001_gene336,annotation&nbsp;not&nbsp;available,52.5
1382359.JIAL01000001_gene1055,JIAL01000001_gene1055,annotation&nbsp;not&nbsp;available,52.5
1382359.JIAL01000001_gene2393,JIAL01000001_gene2393,annotation&nbsp;not&nbsp;available,52.4
1382359.JIAL01000001_gene2975,JIAL01000001_gene2975,annotation&nbsp;not&nbsp;available,52.4
1382359.JIAL01000001_gene651,JIAL01000001_gene651,annotation&nbsp;not&nbsp;available,52.3
1382359.JIAL01000001_gene899,JIAL01000001_gene899,annotation&nbsp;not&nbsp;available,52.3
1382359.JIAL01000001_gene2616,JIAL01000001_gene2616,annotation&nbsp;not&nbsp;available,52.2
1382359.JIAL01000001_gene1304,JIAL01000001_gene1304,annotation&nbsp;not&nbsp;available,52.2
1382359.JIAL01000001_gene921,JIAL01000001_gene921,annotation&nbsp;not&nbsp;available,52.2
1382359.JIAL01000001_gene1678,JIAL01000001_gene1678,annotation&nbsp;not&nbsp;available,52.1
1382359.JIAL01000001_gene2284,JIAL01000001_gene2284,annotation&nbsp;not&nbsp;available,52.1
1382359.JIAL01000001_gene3025,JIAL01000001_gene3025,annotation&nbsp;not&nbsp;available,52.0
1382359.JIAL01000001_gene646,JIAL01000001_gene646,annotation&nbsp;not&nbsp;available,52.0
1382359.JIAL01000001_gene1701,JIAL01000001_gene1701,annotation&nbsp;not&nbsp;available,51.9
1382359.JIAL01000001_gene2605,JIAL01000001_gene2605,annotation&nbsp;not&nbsp;available,51.9
1382359.JIAL01000001_gene2381,JIAL01000001_gene2381,annotation&nbsp;not&nbsp;available,51.9
1382359.JIAL01000001_gene1870,JIAL01000001_gene1870,annotation&nbsp;not&nbsp;available,51.8
1382359.JIAL01000001_gene1942,JIAL01000001_gene1942,annotation&nbsp;not&nbsp;available,51.7
1382359.JIAL01000001_gene2874,JIAL01000001_gene2874,annotation&nbsp;not&nbsp;available,51.7
1382359.JIAL01000001_gene1966,JIAL01000001_gene1966,annotation&nbsp;not&nbsp;available,51.6
1382359.JIAL01000001_gene351,JIAL01000001_gene351,annotation&nbsp;not&nbsp;available,51.6
1382359.JIAL01000001_gene2790,JIAL01000001_gene2790,annotation&nbsp;not&nbsp;available,51.5
1382359.JIAL01000001_gene1653,JIAL01000001_gene1653,annotation&nbsp;not&nbsp;available,51.3
1382359.JIAL01000001_gene2583,JIAL01000001_gene2583,annotation&nbsp;not&nbsp;available,51.3
1382359.JIAL01000001_gene2634,JIAL01000001_gene2634,annotation&nbsp;not&nbsp;available,51.3
1382359.JIAL01000001_gene728,JIAL01000001_gene728,annotation&nbsp;not&nbsp;available,51.3
1382359.JIAL01000001_gene1682,JIAL01000001_gene1682,annotation&nbsp;not&nbsp;available,51.2
1382359.JIAL01000001_gene1315,JIAL01000001_gene1315,annotation&nbsp;not&nbsp;available,51.2
1382359.JIAL01000001_gene1494,JIAL01000001_gene1494,annotation&nbsp;not&nbsp;available,51.2
1382359.JIAL01000001_gene1880,JIAL01000001_gene1880,annotation&nbsp;not&nbsp;available,51.2
1382359.JIAL01000001_gene2219,JIAL01000001_gene2219,annotation&nbsp;not&nbsp;available,51.1
1382359.JIAL01000001_gene176,JIAL01000001_gene176,annotation&nbsp;not&nbsp;available,51.1
1382359.JIAL01000001_gene1784,JIAL01000001_gene1784,annotation&nbsp;not&nbsp;available,51.0
