380394.Lferr_2576,Lferr_2576,PFAM:&nbsp;ABC&nbsp;transporter&nbsp;related,98.9
380394.Lferr_2670,gshB,KEGG:&nbsp;cbd:COXBU7E912_0106&nbsp;glutathione&nbsp;synthase,98.7
380394.Lferr_1362,Lferr_1362,D-lactate&nbsp;dehydrogenase&nbsp;(Cytochrome),98.6
380394.Lferr_2255,nuoC,NADH-quinone&nbsp;oxidoreductase&nbsp;subunit&nbsp;C,98.5
380394.Lferr_0032,mnmE,tRNA&nbsp;modification&nbsp;GTPase&nbsp;MnmE,98.5
380394.Lferr_0140,Lferr_0140,Single-stranded&nbsp;DNA-binding&nbsp;protein,98.3
380394.Lferr_2249,nuoI,NADH-quinone&nbsp;oxidoreductase&nbsp;subunit&nbsp;I,98.2
380394.Lferr_1160,rpsB,PFAM:&nbsp;ribosomal&nbsp;protein&nbsp;S2,97.8
380394.Lferr_1794,Lferr_1794,PFAM:&nbsp;Mammalian&nbsp;cell&nbsp;entry&nbsp;related&nbsp;domain&nbsp;protein,97.8
380394.Lferr_2446,rpsF,30S&nbsp;ribosomal&nbsp;protein&nbsp;S6,97.7
380394.Lferr_2302,Lferr_2302,3-deoxy-D-manno-octulosonic-acid&nbsp;transferase-like&nbsp;protein,97.7
380394.Lferr_1110,Lferr_1110,"KEGG:&nbsp;acr:Acry_1636&nbsp;beta&nbsp;tubulin,&nbsp;autoregulation&nbsp;binding&nbsp;site",97.6
380394.Lferr_1177,Lferr_1177,KEGG:&nbsp;hch:HCH_01861&nbsp;DNA&nbsp;polymerase&nbsp;III&nbsp;subunit&nbsp;alpha,97.5
380394.Lferr_2171,Lferr_2171,PFAM:&nbsp;Radical&nbsp;SAM&nbsp;domain&nbsp;protein,97.5
380394.Lferr_2252,Lferr_2252,NADH-quinone&nbsp;oxidoreductase&nbsp;subunit&nbsp;F,97.5
380394.Lferr_0564,dnaQ,DNA&nbsp;polymerase&nbsp;III&nbsp;subunit&nbsp;epsilon,97.3
380394.Lferr_2294,rpmG,PFAM:&nbsp;ribosomal&nbsp;protein&nbsp;L33,97.1
380394.Lferr_0559,pnp,Polyribonucleotide&nbsp;nucleotidyltransferase,97.0
380394.Lferr_1599,mutL,DNA&nbsp;mismatch&nbsp;repair&nbsp;protein&nbsp;MutL,97.0
380394.Lferr_1213,Lferr_1213,PFAM:&nbsp;transport&nbsp;system&nbsp;permease&nbsp;protein,97.0
380394.Lferr_1535,Lferr_1535,PFAM:&nbsp;short-chain&nbsp;dehydrogenase/reductase&nbsp;SDR,96.9
380394.Lferr_0125,plsY,Glycerol-3-phosphate&nbsp;acyltransferase,96.8
380394.Lferr_2466,Lferr_2466,Single-stranded&nbsp;DNA-binding&nbsp;protein,96.6
380394.Lferr_1359,Lferr_1359,PFAM:&nbsp;NADH/Ubiquinone/plastoquinone&nbsp;(complex&nbsp;I),96.5
380394.Lferr_0768,Lferr_0768,PFAM:&nbsp;ABC&nbsp;transporter&nbsp;transmembrane&nbsp;region,96.2
380394.Lferr_1490,Lferr_1490,Pyruvate&nbsp;dehydrogenase&nbsp;(Acetyl-transferring),96.2
380394.Lferr_2173,Lferr_2173,PFAM:&nbsp;biotin/lipoate&nbsp;A/B&nbsp;protein&nbsp;ligase,96.2
380394.Lferr_2811,atpF,ATP&nbsp;synthase&nbsp;subunit&nbsp;b,96.1
380394.Lferr_0321,Lferr_0321,KEGG:&nbsp;eba:ebA4197&nbsp;putative&nbsp;transferase,96.1
380394.Lferr_0741,deaD,ATP-dependent&nbsp;RNA&nbsp;helicase&nbsp;DeaD,96.0
380394.Lferr_2519,Lferr_2519,"KEGG:&nbsp;spl:Spea_3930&nbsp;nitrogen&nbsp;metabolism&nbsp;transcriptional&nbsp;regulator,&nbsp;NtrC,&nbsp;fis&nbsp;family",96.0
380394.Lferr_0844,gfa,Glutathione-dependent&nbsp;formaldehyde-activating&nbsp;enzyme,95.9
380394.Lferr_0808,rpmE,50S&nbsp;ribosomal&nbsp;protein&nbsp;L31,95.9
380394.Lferr_0508,rplX,50S&nbsp;ribosomal&nbsp;protein&nbsp;L24,95.8
380394.Lferr_0893,Lferr_0893,"TIGRFAM:&nbsp;acetolactate&nbsp;synthase,&nbsp;small&nbsp;subunit",95.8
380394.Lferr_2353,Lferr_2353,PFAM:&nbsp;cytochrome&nbsp;c1,95.7
380394.Lferr_2013,Lferr_2013,TIGRFAM:&nbsp;UbiD&nbsp;family&nbsp;decarboxylase,95.5
380394.Lferr_0002,Lferr_0002,Beta&nbsp;sliding&nbsp;clamp,95.4
380394.Lferr_1226,Lferr_1226,Nitrogen&nbsp;fixation&nbsp;protein&nbsp;NifU,95.3
380394.Lferr_2254,nuoD,NADH-quinone&nbsp;oxidoreductase&nbsp;subunit&nbsp;D,95.2
380394.Lferr_1663,Lferr_1663,"3,4-dihydroxy-2-butanone&nbsp;4-phosphate&nbsp;synthase",95.2
380394.Lferr_1492,Lferr_1492,"2,3-bisphosphoglycerate-independent&nbsp;phosphoglycerate&nbsp;mutase",95.2
380394.Lferr_0802,Lferr_0802,PFAM:&nbsp;UBA/THIF-type&nbsp;NAD/FAD&nbsp;binding&nbsp;protein,95.0
380394.Lferr_2674,Lferr_2674,PFAM:&nbsp;biotin/lipoyl&nbsp;attachment&nbsp;domain-containing&nbsp;protein,95.0
380394.Lferr_1658,Lferr_1658,2-isopropylmalate&nbsp;synthase,94.9
380394.Lferr_1488,Lferr_1488,PFAM:&nbsp;biotin/lipoyl&nbsp;attachment&nbsp;domain-containing&nbsp;protein,94.9
380394.Lferr_0592,bamD,Outer&nbsp;membrane&nbsp;protein&nbsp;assembly&nbsp;factor&nbsp;BamD,94.8
380394.Lferr_1196,Lferr_1196,PFAM:&nbsp;Electron&nbsp;transfer&nbsp;flavoprotein&nbsp;alpha/beta-subunit,94.8
380394.Lferr_1093,Lferr_1093,TIGRFAM:&nbsp;glycine&nbsp;cleavage&nbsp;system&nbsp;T&nbsp;protein,94.7
380394.Lferr_0523,rpsD,30S&nbsp;ribosomal&nbsp;protein&nbsp;S4,94.7
380394.Lferr_2863,Lferr_2863,"TIGRFAM:&nbsp;efflux&nbsp;transporter,&nbsp;RND&nbsp;family,&nbsp;MFP&nbsp;subunit",94.7
380394.Lferr_2853,Lferr_2853,Transketolase,94.6
380394.Lferr_1803,ctc,50S&nbsp;ribosomal&nbsp;protein&nbsp;L25,94.5
380394.Lferr_1016,gyrA,DNA&nbsp;gyrase&nbsp;subunit&nbsp;A,94.4
380394.Lferr_1240,nifH,Nitrogenase&nbsp;iron&nbsp;protein,94.4
380394.Lferr_2100,Lferr_2100,Potassium-transporting&nbsp;ATPase&nbsp;KdpC&nbsp;subunit,94.4
380394.Lferr_2256,nuoB2,NADH-quinone&nbsp;oxidoreductase&nbsp;subunit&nbsp;B&nbsp;2,94.4
380394.Lferr_1885,Lferr_1885,Potassium-transporting&nbsp;ATPase&nbsp;potassium-binding&nbsp;subunit,94.2
380394.Lferr_0877,Lferr_0877,"TIGRFAM:&nbsp;glutamate&nbsp;synthase,&nbsp;small&nbsp;subunit",94.0
380394.Lferr_0678,Lferr_0678,"KEGG:&nbsp;mca:MCA1789&nbsp;ATP-dependent&nbsp;Clp&nbsp;protease,&nbsp;ATP-binding&nbsp;subunit&nbsp;ClpA",94.0
380394.Lferr_2295,rpmB,PFAM:&nbsp;ribosomal&nbsp;protein&nbsp;L28,93.9
380394.Lferr_1361,Lferr_1361,PFAM:&nbsp;FAD&nbsp;linked&nbsp;oxidase&nbsp;domain&nbsp;protein,93.8
380394.Lferr_2490,Lferr_2490,Glycine&nbsp;cleavage&nbsp;system&nbsp;H&nbsp;protein,93.7
380394.Lferr_2238,pheT,"KEGG:&nbsp;mca:MCA0698&nbsp;phenylalanyl-tRNA&nbsp;synthetase,&nbsp;beta&nbsp;subunit",93.5
380394.Lferr_2812,atpE,ATP&nbsp;synthase&nbsp;subunit&nbsp;c,93.4
380394.Lferr_0880,Lferr_0880,"Thymidylate&nbsp;synthase,&nbsp;flavin-dependent",93.4
380394.Lferr_1591,dnaX,DNA&nbsp;polymerase&nbsp;III&nbsp;subunit&nbsp;gamma/tau,93.4
380394.Lferr_2649,hisG,ATP&nbsp;phosphoribosyltransferase,93.4
380394.Lferr_1469,Lferr_1469,PFAM:&nbsp;FAD-dependent&nbsp;pyridine&nbsp;nucleotide-disulphide&nbsp;oxidoreductase,93.4
380394.Lferr_0401,secA,Protein&nbsp;translocase&nbsp;subunit&nbsp;SecA,93.4
380394.Lferr_1280,Lferr_1280,Single-stranded&nbsp;DNA-binding&nbsp;protein,93.1
380394.Lferr_2666,pyrB,TIGRFAM:&nbsp;aspartate&nbsp;carbamoyltransferase,93.1
380394.Lferr_2672,Lferr_2672,KEGG:&nbsp;noc:Noc_2628&nbsp;methylcitrate&nbsp;synthase,93.1
380394.Lferr_2515,Lferr_2515,Peptidoglycan&nbsp;glycosyltransferase,93.1
380394.Lferr_0450,purK,N5-carboxyaminoimidazole&nbsp;ribonucleotide&nbsp;synthase,93.0
380394.Lferr_1773,Lferr_1773,TIGRFAM:&nbsp;hopanoid&nbsp;biosynthesis&nbsp;associated&nbsp;membrane&nbsp;protein&nbsp;HpnM,92.9
380394.Lferr_1225,Lferr_1225,Cysteine&nbsp;desulfurase,92.7
380394.Lferr_0488,rplJ,50S&nbsp;ribosomal&nbsp;protein&nbsp;L10,92.7
380394.Lferr_1498,Lferr_1498,PFAM:&nbsp;aminotransferase&nbsp;class&nbsp;I&nbsp;and&nbsp;II,92.7
380394.Lferr_1476,Lferr_1476,KEGG:&nbsp;sat:SYN_02761&nbsp;glycogen&nbsp;phosphorylase,92.5
380394.Lferr_2723,Lferr_2723,KEGG:&nbsp;mms:mma_2455&nbsp;sulfate&nbsp;adenylyltransferase&nbsp;subunit&nbsp;2,92.5
380394.Lferr_0642,lolD,Lipoprotein-releasing&nbsp;system&nbsp;ATP-binding&nbsp;protein&nbsp;LolD,92.4
380394.Lferr_1735,Lferr_1735,TIGRFAM:&nbsp;molybdenum&nbsp;cofactor&nbsp;synthesis&nbsp;domain&nbsp;protein,92.4
380394.Lferr_1807,Lferr_1807,NADH&nbsp;dehydrogenase&nbsp;(Quinone),92.3
380394.Lferr_2237,himA,Integration&nbsp;host&nbsp;factor&nbsp;subunit&nbsp;alpha,92.3
380394.Lferr_2368,hslU,ATP-dependent&nbsp;protease&nbsp;ATPase&nbsp;subunit&nbsp;HslU,92.1
380394.Lferr_0313,Lferr_0313,PFAM:&nbsp;FAD&nbsp;linked&nbsp;oxidase&nbsp;domain&nbsp;protein,91.8
380394.Lferr_0013,Lferr_0013,TIGRFAM:&nbsp;septum&nbsp;site-determining&nbsp;protein&nbsp;MinD,91.8
380394.Lferr_2604,Lferr_2604,PFAM:&nbsp;binding-protein-dependent&nbsp;transport&nbsp;systems&nbsp;inner&nbsp;membrane&nbsp;component,91.8
380394.Lferr_0500,rplB,50S&nbsp;ribosomal&nbsp;protein&nbsp;L2,91.6
380394.Lferr_2245,Lferr_2245,"KEGG:&nbsp;mfa:Mfla_2049&nbsp;proton-translocating&nbsp;NADH-quinone&nbsp;oxidoreductase,&nbsp;chain&nbsp;M",91.6
380394.Lferr_0005,Lferr_0005,KEGG:&nbsp;noc:Noc_1583&nbsp;hypothetical&nbsp;protein,91.5
380394.Lferr_0718,rpoZ,DNA-directed&nbsp;RNA&nbsp;polymerase&nbsp;subunit&nbsp;omega,91.5
380394.Lferr_2575,Lferr_2575,PFAM:&nbsp;ABC-2&nbsp;type&nbsp;transporter,91.5
380394.Lferr_2748,Lferr_2748,PFAM:&nbsp;cytochrome&nbsp;c&nbsp;oxidase&nbsp;subunit&nbsp;II,91.4
380394.Lferr_0696,Lferr_0696,Adenylyl-sulfate&nbsp;kinase,91.3
380394.Lferr_1253,Lferr_1253,PFAM:&nbsp;aminotransferase&nbsp;class&nbsp;V,91.2
380394.Lferr_0391,Lferr_0391,Peptidoglycan&nbsp;glycosyltransferase,91.0
380394.Lferr_2605,Lferr_2605,PFAM:&nbsp;extracellular&nbsp;solute-binding&nbsp;protein&nbsp;family&nbsp;5,90.8
380394.Lferr_1918,Lferr_1918,"Putative&nbsp;two&nbsp;component&nbsp;transcriptional&nbsp;regulator,&nbsp;winged&nbsp;helix&nbsp;family",90.5
380394.Lferr_0679,clpS,ATP-dependent&nbsp;Clp&nbsp;protease&nbsp;adapter&nbsp;protein&nbsp;ClpS,90.3
380394.Lferr_2692,polA,DNA&nbsp;polymerase&nbsp;I,90.3
380394.Lferr_2680,rpsI,PFAM:&nbsp;ribosomal&nbsp;protein&nbsp;S9,90.3
380394.Lferr_0699,groS,10&nbsp;kDa&nbsp;chaperonin,90.0
380394.Lferr_0411,Lferr_0411,TIGRFAM:&nbsp;lipopolysaccharide&nbsp;heptosyltransferase&nbsp;I,89.9
380394.Lferr_0822,iscS,Cysteine&nbsp;desulfurase&nbsp;IscS,89.7
380394.Lferr_0784,Lferr_0784,KEGG:&nbsp;acr:Acry_1093&nbsp;hypothetical&nbsp;protein,89.6
380394.Lferr_0776,leuD,3-isopropylmalate&nbsp;dehydratase&nbsp;small&nbsp;subunit,89.6
380394.Lferr_1814,Lferr_1814,PFAM:&nbsp;ribulose&nbsp;bisphosphate&nbsp;carboxylase&nbsp;large&nbsp;chain,89.6
380394.Lferr_0506,rpsQ,30S&nbsp;ribosomal&nbsp;protein&nbsp;S17,89.5
380394.Lferr_0503,rpsC,30S&nbsp;ribosomal&nbsp;protein&nbsp;S3,89.4
380394.Lferr_2818,gidA,tRNA&nbsp;uridine&nbsp;5-carboxymethylaminomethyl&nbsp;modification&nbsp;enzyme&nbsp;MnmG,89.3
380394.Lferr_0620,Lferr_0620,NAD(P)H&nbsp;dehydrogenase&nbsp;(quinone),89.2
380394.Lferr_2538,Lferr_2538,Serine-type&nbsp;D-Ala-D-Ala&nbsp;carboxypeptidase,89.2
380394.Lferr_2477,ffh,Signal&nbsp;recognition&nbsp;particle&nbsp;protein,89.0
380394.Lferr_1505,Lferr_1505,PFAM:&nbsp;toluene&nbsp;tolerance&nbsp;family&nbsp;protein,88.9
380394.Lferr_1734,Lferr_1734,TIGRFAM:&nbsp;molybdopterin-guanine&nbsp;dinucleotide&nbsp;biosynthesis&nbsp;protein&nbsp;B,88.9
380394.Lferr_2367,hslV,ATP-dependent&nbsp;protease&nbsp;subunit&nbsp;HslV,88.7
380394.Lferr_2213,Lferr_2213,"TIGRFAM:&nbsp;alpha-L-glutamate&nbsp;ligase,&nbsp;RimK&nbsp;family",88.7
380394.Lferr_1856,Lferr_1856,PFAM:&nbsp;permease&nbsp;YjgP/YjgQ&nbsp;family&nbsp;protein,88.4
380394.Lferr_2212,Lferr_2212,PFAM:&nbsp;phospholipid/glycerol&nbsp;acyltransferase,88.3
380394.Lferr_0475,Lferr_0475,"3,4-dihydroxy-2-butanone&nbsp;4-phosphate&nbsp;synthase",88.2
380394.Lferr_1020,Lferr_1020,TIGRFAM:&nbsp;histidinol-phosphate&nbsp;aminotransferase,88.2
380394.Lferr_0790,carA,"TIGRFAM:&nbsp;carbamoyl-phosphate&nbsp;synthase,&nbsp;small&nbsp;subunit",88.2
380394.Lferr_0806,Lferr_0806,TIGRFAM:&nbsp;thioredoxin,88.2
380394.Lferr_0461,rpmA,PFAM:&nbsp;ribosomal&nbsp;protein&nbsp;L27,88.1
380394.Lferr_1388,Lferr_1388,PFAM:&nbsp;ribulose&nbsp;bisphosphate&nbsp;carboxylase&nbsp;small&nbsp;chain,88.1
380394.Lferr_1611,Lferr_1611,Phosphate-binding&nbsp;protein&nbsp;PstS,88.0
380394.Lferr_0492,rpsL,30S&nbsp;ribosomal&nbsp;protein&nbsp;S12,88.0
380394.Lferr_2175,Lferr_2175,Glycine&nbsp;cleavage&nbsp;system&nbsp;H&nbsp;protein,88.0
380394.Lferr_0486,rplK,50S&nbsp;ribosomal&nbsp;protein&nbsp;L11,87.8
380394.Lferr_1094,Lferr_1094,Glycine&nbsp;cleavage&nbsp;system&nbsp;H&nbsp;protein,87.7
380394.Lferr_2872,Lferr_2872,"Two&nbsp;component&nbsp;transcriptional&nbsp;regulator,&nbsp;winged&nbsp;helix&nbsp;family",87.6
380394.Lferr_2837,Lferr_2837,PFAM:&nbsp;ABC&nbsp;transporter&nbsp;related,87.5
380394.Lferr_2257,nuoA,NADH-quinone&nbsp;oxidoreductase&nbsp;subunit&nbsp;A,87.5
380394.Lferr_0525,rplQ,PFAM:&nbsp;ribosomal&nbsp;protein&nbsp;L17,87.4
380394.Lferr_1874,rne,Ribonuclease&nbsp;E,87.4
380394.Lferr_2443,rplI,50S&nbsp;ribosomal&nbsp;protein&nbsp;L9,87.4
380394.Lferr_1579,rpmF,TIGRFAM:&nbsp;ribosomal&nbsp;protein&nbsp;L32,87.3
380394.Lferr_2855,Lferr_2855,Inositol-1-monophosphatase,87.3
380394.Lferr_1808,Lferr_1808,KEGG:&nbsp;eba:ebA4192&nbsp;formate&nbsp;hydrogenlyase&nbsp;membrane&nbsp;subunit&nbsp;subunit&nbsp;HyfD,87.2
380394.Lferr_2585,Lferr_2585,"KEGG:&nbsp;hmo:HM1_1167&nbsp;sulfate&nbsp;adenylyltransferase,&nbsp;small&nbsp;subunit",87.2
380394.Lferr_2058,Lferr_2058,PFAM:&nbsp;cytochrome&nbsp;B561,87.2
380394.Lferr_2661,Lferr_2661,PFAM:&nbsp;ribulose&nbsp;bisphosphate&nbsp;carboxylase&nbsp;small&nbsp;chain,87.1
380394.Lferr_0036,rpmH,PFAM:&nbsp;ribosomal&nbsp;protein&nbsp;L34,86.7
380394.Lferr_1949,Lferr_1949,"Putative&nbsp;two&nbsp;component&nbsp;transcriptional&nbsp;regulator,&nbsp;winged&nbsp;helix&nbsp;family",86.6
380394.Lferr_1572,purN,Phosphoribosylglycinamide&nbsp;formyltransferase,86.3
380394.Lferr_1744,Lferr_1744,TIGRFAM:&nbsp;zinc-binding&nbsp;alcohol&nbsp;dehydrogenase&nbsp;family&nbsp;protein,86.2
380394.Lferr_1478,Lferr_1478,KEGG:&nbsp;sfu:Sfum_1475&nbsp;pyruvate&nbsp;kinase,86.1
380394.Lferr_2600,Lferr_2600,PFAM:&nbsp;extracellular&nbsp;solute-binding&nbsp;protein&nbsp;family&nbsp;5,86.0
380394.Lferr_1096,Lferr_1096,PFAM:&nbsp;glycine&nbsp;cleavage&nbsp;system&nbsp;P-protein,85.8
380394.Lferr_2699,Lferr_2699,PFAM:&nbsp;UvrD/REP&nbsp;helicase,85.8
380394.Lferr_0760,Lferr_0760,PFAM:&nbsp;NAD-dependent&nbsp;epimerase/dehydratase,85.8
380394.Lferr_2445,rpsR,30S&nbsp;ribosomal&nbsp;protein&nbsp;S18,85.7
380394.Lferr_2225,Lferr_2225,2-isopropylmalate&nbsp;synthase,85.7
380394.Lferr_0849,Lferr_0849,PFAM:&nbsp;NADH&nbsp;ubiquinone&nbsp;oxidoreductase&nbsp;20&nbsp;kDa&nbsp;subunit,85.6
380394.Lferr_1374,Lferr_1374,PFAM:&nbsp;ketose-bisphosphate&nbsp;aldolase&nbsp;class-II,85.6
380394.Lferr_1369,pyrC,Dihydroorotase,85.6
380394.Lferr_0496,rpsJ,30S&nbsp;ribosomal&nbsp;protein&nbsp;S10,85.6
380394.Lferr_1074,Lferr_1074,PFAM:&nbsp;FAD-dependent&nbsp;pyridine&nbsp;nucleotide-disulphide&nbsp;oxidoreductase,85.5
380394.Lferr_2720,Lferr_2720,Sulfite&nbsp;reductase&nbsp;[NADPH]&nbsp;flavoprotein&nbsp;alpha-component,85.5
380394.Lferr_0357,Lferr_0357,TIGRFAM:&nbsp;exodeoxyribonuclease&nbsp;III,85.4
380394.Lferr_2060,Lferr_2060,"TIGRFAM:&nbsp;heavy&nbsp;metal&nbsp;efflux&nbsp;pump,&nbsp;CzcA&nbsp;family",85.3
380394.Lferr_1223,Lferr_1223,KEGG:&nbsp;psa:PST_1353&nbsp;serine&nbsp;acetyltransferase&nbsp;(CysE-like),85.2
380394.Lferr_2651,Lferr_2651,TIGRFAM:&nbsp;histidinol-phosphate&nbsp;aminotransferase,85.2
380394.Lferr_2847,gph,TIGRFAM:&nbsp;phosphoglycolate&nbsp;phosphatase,85.1
380394.Lferr_1155,Lferr_1155,"TIGRFAM:&nbsp;phosphate&nbsp;ABC&nbsp;transporter,&nbsp;inner&nbsp;membrane&nbsp;subunit&nbsp;PstA",85.0
380394.Lferr_1024,cmk,KEGG:&nbsp;aeh:Mlg_0930&nbsp;cytidylate&nbsp;kinase,84.8
380394.Lferr_0878,Lferr_0878,PFAM:&nbsp;glutamine&nbsp;amidotransferase&nbsp;class-II,84.5
380394.Lferr_1109,Lferr_1109,"KEGG:&nbsp;acr:Acry_1637&nbsp;ABC&nbsp;transporter,&nbsp;transmembrane&nbsp;region,&nbsp;type&nbsp;1",84.5
380394.Lferr_1930,Lferr_1930,KEGG:&nbsp;oan:Oant_2191&nbsp;phosphonate&nbsp;C-P&nbsp;lyase&nbsp;system&nbsp;protein&nbsp;PhnL,84.3
380394.Lferr_0497,rplC,50S&nbsp;ribosomal&nbsp;protein&nbsp;L3,84.1
380394.Lferr_0491,rpoC,DNA-directed&nbsp;RNA&nbsp;polymerase&nbsp;subunit&nbsp;beta',84.1
380394.Lferr_0510,rpsN,30S&nbsp;ribosomal&nbsp;protein&nbsp;S14&nbsp;type&nbsp;Z,84.1
380394.Lferr_1601,ndk,Nucleoside&nbsp;diphosphate&nbsp;kinase,84.0
380394.Lferr_2259,tpiA,Triosephosphate&nbsp;isomerase,84.0
380394.Lferr_2197,Lferr_2197,Serine-type&nbsp;D-Ala-D-Ala&nbsp;carboxypeptidase,83.9
380394.Lferr_2795,Lferr_2795,Putative&nbsp;transcriptional&nbsp;regulator,83.8
380394.Lferr_1613,Lferr_1613,"TIGRFAM:&nbsp;phosphate&nbsp;ABC&nbsp;transporter,&nbsp;inner&nbsp;membrane&nbsp;subunit&nbsp;PstA",83.8
380394.Lferr_0152,Lferr_0152,PFAM:&nbsp;amine&nbsp;oxidase,83.7
380394.Lferr_1908,purD,KEGG:&nbsp;abo:ABO_2016&nbsp;phosphoribosylamine-glycine&nbsp;ligase,83.5
380394.Lferr_1648,xseA,Exodeoxyribonuclease&nbsp;7&nbsp;large&nbsp;subunit,83.5
380394.Lferr_0584,gltX1,Glutamate--tRNA&nbsp;ligase&nbsp;1,83.5
380394.Lferr_1927,Lferr_1927,PFAM:&nbsp;phosphonate&nbsp;metabolism,83.4
380394.Lferr_2292,grpE,Protein&nbsp;GrpE,83.4
380394.Lferr_0610,Lferr_0610,Integral&nbsp;membrane&nbsp;sensor&nbsp;signal&nbsp;transduction&nbsp;histidine&nbsp;kinase,83.3
380394.Lferr_2547,recB,RecBCD&nbsp;enzyme&nbsp;subunit&nbsp;RecB,83.2
380394.Lferr_0846,Lferr_0846,S-formylglutathione&nbsp;hydrolase,83.2
380394.Lferr_1928,Lferr_1928,Alpha-D-ribose&nbsp;1-methylphosphonate&nbsp;5-phosphate&nbsp;C-P&nbsp;lyase,83.2
380394.Lferr_2736,Lferr_2736,"Two&nbsp;component&nbsp;transcriptional&nbsp;regulator,&nbsp;Fis&nbsp;family",83.1
380394.Lferr_0589,sucD,Succinate--CoA&nbsp;ligase&nbsp;[ADP-forming]&nbsp;subunit&nbsp;alpha,83.1
380394.Lferr_0498,rplD,50S&nbsp;ribosomal&nbsp;protein&nbsp;L4,83.0
380394.Lferr_0783,Lferr_0783,KEGG:&nbsp;acr:Acry_1094&nbsp;heme/copper-type&nbsp;cytochrome/quinol&nbsp;oxidase&nbsp;subunit&nbsp;3-like&nbsp;protein,82.9
380394.Lferr_2088,Lferr_2088,Glutamate&nbsp;5-kinase,82.8
380394.Lferr_1617,Lferr_1617,"TIGRFAM:&nbsp;heavy&nbsp;metal&nbsp;efflux&nbsp;pump,&nbsp;CzcA&nbsp;family",82.7
380394.Lferr_0049,Lferr_0049,PFAM:&nbsp;TQO&nbsp;small&nbsp;subunit&nbsp;DoxD,82.7
380394.Lferr_2184,Lferr_2184,PFAM:&nbsp;protein&nbsp;of&nbsp;unknown&nbsp;function&nbsp;DUF224&nbsp;cysteine-rich&nbsp;region&nbsp;domain&nbsp;protein,82.7
380394.Lferr_2546,recC,RecBCD&nbsp;enzyme&nbsp;subunit&nbsp;RecC,82.6
380394.Lferr_2378,fpg,Formamidopyrimidine-DNA&nbsp;glycosylase,82.5
380394.Lferr_0685,Lferr_0685,"Alpha-1,4&nbsp;glucan&nbsp;phosphorylase",82.5
380394.Lferr_2550,Lferr_2550,"Putative&nbsp;two&nbsp;component&nbsp;transcriptional&nbsp;regulator,&nbsp;winged&nbsp;helix&nbsp;family",82.4
380394.Lferr_1156,pstB,Phosphate&nbsp;import&nbsp;ATP-binding&nbsp;protein&nbsp;PstB,82.4
380394.Lferr_0818,Lferr_0818,Inositol-1-monophosphatase,82.2
380394.Lferr_1925,Lferr_1925,TIGRFAM:&nbsp;phosphonate&nbsp;C-P&nbsp;lyase&nbsp;system&nbsp;protein&nbsp;PhnG,82.1
380394.Lferr_1901,Lferr_1901,PFAM:&nbsp;glycosyl&nbsp;transferase&nbsp;family&nbsp;51,81.9
380394.Lferr_2709,Lferr_2709,PFAM:&nbsp;cytochrome&nbsp;c1,81.8
380394.Lferr_0311,Lferr_0311,TIGRFAM:&nbsp;lipopolysaccharide&nbsp;heptosyltransferase&nbsp;II,81.8
380394.Lferr_1070,Lferr_1070,PFAM:&nbsp;cytochrome&nbsp;bd&nbsp;ubiquinol&nbsp;oxidase&nbsp;subunit&nbsp;I,81.7
380394.Lferr_1872,Lferr_1872,"TIGRFAM:&nbsp;HAD-superfamily&nbsp;hydrolase,&nbsp;subfamily&nbsp;IA,&nbsp;variant&nbsp;3",81.7
380394.Lferr_2716,Lferr_2229,PFAM:&nbsp;FAD-dependent&nbsp;pyridine&nbsp;nucleotide-disulphide&nbsp;oxidoreductase,81.6
380394.Lferr_1970,rpoD,RNA&nbsp;polymerase&nbsp;sigma&nbsp;factor&nbsp;RpoD,81.4
380394.Lferr_2086,Lferr_2086,PFAM:&nbsp;nitrogen&nbsp;regulatory&nbsp;protein&nbsp;P-II,81.4
380394.Lferr_2808,atpG,ATP&nbsp;synthase&nbsp;gamma&nbsp;chain,81.3
380394.Lferr_2657,Lferr_2657,Sec-independent&nbsp;protein&nbsp;translocase&nbsp;protein&nbsp;TatA,81.1
380394.Lferr_1230,Lferr_1230,"TIGRFAM:&nbsp;ferredoxin&nbsp;III,&nbsp;nif-specific",81.0
380394.Lferr_0459,Lferr_0459,Glutamate&nbsp;5-kinase,81.0
380394.Lferr_2603,Lferr_2603,PFAM:&nbsp;binding-protein-dependent&nbsp;transport&nbsp;systems&nbsp;inner&nbsp;membrane&nbsp;component,80.9
380394.Lferr_0340,Lferr_0340,PFAM:&nbsp;toluene&nbsp;tolerance&nbsp;family&nbsp;protein,80.9
380394.Lferr_1580,plsX,Phosphate&nbsp;acyltransferase,80.3
380394.Lferr_2210,glyS,KEGG:&nbsp;noc:Noc_0373&nbsp;glycine--tRNA&nbsp;ligase,80.2
380394.Lferr_1857,pepA,Probable&nbsp;cytosol&nbsp;aminopeptidase,80.2
380394.Lferr_0335,speE,Polyamine&nbsp;aminopropyltransferase,80.1
380394.Lferr_0517,secY,Protein&nbsp;translocase&nbsp;subunit&nbsp;SecY,80.1
380394.Lferr_2809,atpA,ATP&nbsp;synthase&nbsp;subunit&nbsp;alpha,80.1
380394.Lferr_1397,Lferr_1397,PFAM:&nbsp;Lytic&nbsp;transglycosylase&nbsp;catalytic,80.1
380394.Lferr_2813,atpB,ATP&nbsp;synthase&nbsp;subunit&nbsp;a,80.0
380394.Lferr_1695,Lferr_1695,Integral&nbsp;membrane&nbsp;sensor&nbsp;signal&nbsp;transduction&nbsp;histidine&nbsp;kinase,80.0
380394.Lferr_2239,pheS,"TIGRFAM:&nbsp;phenylalanyl-tRNA&nbsp;synthetase,&nbsp;alpha&nbsp;subunit",79.9
380394.Lferr_0339,Lferr_0339,PFAM:&nbsp;Mammalian&nbsp;cell&nbsp;entry&nbsp;related&nbsp;domain&nbsp;protein,79.8
380394.Lferr_2248,Lferr_2248,PFAM:&nbsp;NADH-ubiquinone/plastoquinone&nbsp;oxidoreductase&nbsp;chain&nbsp;6,79.6
380394.Lferr_1576,Lferr_1576,TIGRFAM:&nbsp;DnaA&nbsp;regulatory&nbsp;inactivator&nbsp;Hda,79.6
380394.Lferr_0782,Lferr_0782,PFAM:&nbsp;cytochrome&nbsp;c&nbsp;oxidase&nbsp;subunit&nbsp;I,79.6
380394.Lferr_1846,rpsT,30S&nbsp;ribosomal&nbsp;protein&nbsp;S20,79.4
380394.Lferr_1090,Lferr_1090,PFAM:&nbsp;molybdopterin&nbsp;biosynthesis&nbsp;MoaE&nbsp;protein,79.4
380394.Lferr_0473,Lferr_0473,Riboflavin&nbsp;biosynthesis&nbsp;protein&nbsp;RibD,79.3
380394.Lferr_1567,Lferr_1567,PFAM:&nbsp;FAD-dependent&nbsp;pyridine&nbsp;nucleotide-disulphide&nbsp;oxidoreductase,79.2
380394.Lferr_2450,rlmD,23S&nbsp;rRNA&nbsp;(uracil(1939)-C(5))-methyltransferase&nbsp;RlmD,79.2
380394.Lferr_0341,Lferr_0341,Uncharacterized&nbsp;protein,79.2
380394.Lferr_2108,Lferr_2108,"Glucan&nbsp;1,4-alpha-glucosidase",78.9
380394.Lferr_0892,Lferr_0892,"TIGRFAM:&nbsp;acetolactate&nbsp;synthase,&nbsp;large&nbsp;subunit,&nbsp;biosynthetic&nbsp;type",78.8
380394.Lferr_2633,Lferr_2633,RNA&nbsp;polymerase&nbsp;sigma-54&nbsp;factor,78.8
380394.Lferr_2253,Lferr_2253,"TIGRFAM:&nbsp;NADH-quinone&nbsp;oxidoreductase,&nbsp;E&nbsp;subunit",78.8
380394.Lferr_1206,Lferr_1206,PFAM:&nbsp;ABC&nbsp;transporter&nbsp;related,78.5
380394.Lferr_1878,Lferr_1878,"Glucan&nbsp;1,4-alpha-glucosidase",78.5
380394.Lferr_0171,Lferr_0171,"TIGRFAM:&nbsp;efflux&nbsp;transporter,&nbsp;RND&nbsp;family,&nbsp;MFP&nbsp;subunit",78.5
380394.Lferr_2708,Lferr_2708,Cytochrome&nbsp;b,78.4
380394.Lferr_2251,Lferr_2251,"TIGRFAM:&nbsp;NADH-quinone&nbsp;oxidoreductase,&nbsp;chain&nbsp;G",78.3
380394.Lferr_0172,Lferr_0172,"TIGRFAM:&nbsp;heavy&nbsp;metal&nbsp;efflux&nbsp;pump,&nbsp;CzcA&nbsp;family",78.1
380394.Lferr_1715,secD,Protein&nbsp;translocase&nbsp;subunit&nbsp;SecD,78.0
380394.Lferr_0641,Lferr_0641,"TIGRFAM:&nbsp;lipoprotein&nbsp;releasing&nbsp;system,&nbsp;transmembrane&nbsp;protein,&nbsp;LolC/E&nbsp;family",78.0
380394.Lferr_1453,guaB,Inosine-5'-monophosphate&nbsp;dehydrogenase,78.0
380394.Lferr_1170,lpxD,UDP-3-O-acylglucosamine&nbsp;N-acyltransferase,78.0
380394.Lferr_0951,Lferr_0951,PFAM:&nbsp;molybdopterin&nbsp;dehydrogenase&nbsp;FAD-binding,78.0
380394.Lferr_0684,Lferr_0684,"2,3-bisphosphoglycerate-independent&nbsp;phosphoglycerate&nbsp;mutase",77.9
380394.Lferr_0787,uppP,Undecaprenyl-diphosphatase,77.5
380394.Lferr_2177,Lferr_2177,PFAM:&nbsp;glycine&nbsp;cleavage&nbsp;H-protein,77.4
380394.Lferr_2655,hisF,Imidazole&nbsp;glycerol&nbsp;phosphate&nbsp;synthase&nbsp;subunit&nbsp;HisF,77.3
380394.Lferr_0195,Lferr_0195,PFAM:&nbsp;FAD-dependent&nbsp;pyridine&nbsp;nucleotide-disulphide&nbsp;oxidoreductase,77.2
380394.Lferr_2247,nuoK,NADH-quinone&nbsp;oxidoreductase&nbsp;subunit&nbsp;K,77.1
380394.Lferr_0771,Lferr_0771,PFAM:&nbsp;Phosphoglycerate&nbsp;mutase,77.1
380394.Lferr_1180,Lferr_1180,Dihydroorotase,77.0
380394.Lferr_2634,Lferr_2634,PFAM:&nbsp;ABC&nbsp;transporter&nbsp;related,76.8
380394.Lferr_0489,rplL,50S&nbsp;ribosomal&nbsp;protein&nbsp;L7/L12,76.8
380394.Lferr_2297,Lferr_2297,3-deoxy-7-phosphoheptulonate&nbsp;synthase,76.7
380394.Lferr_0188,Lferr_0188,PFAM:&nbsp;aminotransferase&nbsp;class&nbsp;V,76.5
380394.Lferr_0798,Lferr_0798,PFAM:&nbsp;protein&nbsp;of&nbsp;unknown&nbsp;function&nbsp;DUF140,76.4
380394.Lferr_1151,Lferr_1151,"Two&nbsp;component&nbsp;transcriptional&nbsp;regulator,&nbsp;winged&nbsp;helix&nbsp;family",76.4
380394.Lferr_1911,pyrD,Dihydroorotate&nbsp;dehydrogenase&nbsp;(quinone),76.3
380394.Lferr_1043,glnD,Bifunctional&nbsp;uridylyltransferase/uridylyl-removing&nbsp;enzyme,76.3
380394.Lferr_1238,Lferr_1238,Nitrogenase&nbsp;molybdenum-iron&nbsp;protein&nbsp;beta&nbsp;chain,76.3
380394.Lferr_1204,Lferr_1204,PFAM:&nbsp;periplasmic&nbsp;binding&nbsp;protein,76.2
380394.Lferr_0775,leuC,3-isopropylmalate&nbsp;dehydratase&nbsp;large&nbsp;subunit,76.0
380394.Lferr_0379,ftsZ,Cell&nbsp;division&nbsp;protein&nbsp;FtsZ,76.0
380394.Lferr_2265,Lferr_2265,Ribonucleoside-diphosphate&nbsp;reductase&nbsp;subunit&nbsp;beta,75.9
380394.Lferr_2592,Lferr_2592,"GDP-mannose&nbsp;4,6-dehydratase",75.8
380394.Lferr_0471,glyA,Serine&nbsp;hydroxymethyltransferase,75.7
380394.Lferr_0919,Lferr_0919,PFAM:&nbsp;ferredoxin,75.7
380394.Lferr_0375,Lferr_0375,Biotin&nbsp;carboxyl&nbsp;carrier&nbsp;protein&nbsp;of&nbsp;acetyl-CoA&nbsp;carboxylase,75.7
380394.Lferr_1726,trpA,Tryptophan&nbsp;synthase&nbsp;alpha&nbsp;chain,75.7
380394.Lferr_0534,Lferr_0534,PFAM:&nbsp;phosphoribosyltransferase,75.5
380394.Lferr_1716,Lferr_1716,"TIGRFAM:&nbsp;preprotein&nbsp;translocase,&nbsp;YajC&nbsp;subunit",75.5
380394.Lferr_0380,ftsA,Cell&nbsp;division&nbsp;protein&nbsp;FtsA,75.5
380394.Lferr_1769,gatB,Aspartyl/glutamyl-tRNA(Asn/Gln)&nbsp;amidotransferase&nbsp;subunit&nbsp;B,75.4
380394.Lferr_2473,rplS,50S&nbsp;ribosomal&nbsp;protein&nbsp;L19,75.3
380394.Lferr_1493,Lferr_1493,Phosphoenolpyruvate&nbsp;synthase,75.1
380394.Lferr_1582,Lferr_1582,TIGRFAM:&nbsp;malonyl&nbsp;CoA-acyl&nbsp;carrier&nbsp;protein&nbsp;transacylase,75.1
380394.Lferr_1190,Lferr_1190,PFAM:&nbsp;Glutathione&nbsp;S-transferase&nbsp;domain,75.1
380394.Lferr_0504,rplP,50S&nbsp;ribosomal&nbsp;protein&nbsp;L16,75.0
380394.Lferr_0295,Lferr_0295,DNA&nbsp;helicase,75.0
380394.Lferr_0502,rplV,50S&nbsp;ribosomal&nbsp;protein&nbsp;L22,74.7
380394.Lferr_0408,Lferr_0408,PFAM:&nbsp;O-antigen&nbsp;polymerase,74.6
380394.Lferr_2241,rpmI,PFAM:&nbsp;ribosomal&nbsp;protein&nbsp;L35,74.6
380394.Lferr_0520,rpmJ,PFAM:&nbsp;ribosomal&nbsp;protein&nbsp;L36,74.6
380394.Lferr_1887,Lferr_1887,Potassium-transporting&nbsp;ATPase&nbsp;KdpC&nbsp;subunit,74.5
380394.Lferr_1855,Lferr_1855,PFAM:&nbsp;permease&nbsp;YjgP/YjgQ&nbsp;family&nbsp;protein,74.5
380394.Lferr_2209,glyQ,KEGG:&nbsp;pau:PA14_00100&nbsp;glycyl-tRNA&nbsp;synthetase&nbsp;subunit&nbsp;alpha,74.5
380394.Lferr_0936,Lferr_0936,PFAM:&nbsp;NAD-dependent&nbsp;epimerase/dehydratase,74.3
380394.Lferr_1727,trpB,Tryptophan&nbsp;synthase&nbsp;beta&nbsp;chain,74.3
380394.Lferr_1178,accA,Acetyl-coenzyme&nbsp;A&nbsp;carboxylase&nbsp;carboxyl&nbsp;transferase&nbsp;subunit&nbsp;alpha,74.1
380394.Lferr_0512,rplF,50S&nbsp;ribosomal&nbsp;protein&nbsp;L6,74.0
380394.Lferr_0059,Lferr_0059,PFAM:&nbsp;phospholipid/glycerol&nbsp;acyltransferase,74.0
380394.Lferr_1811,Lferr_1811,PFAM:&nbsp;NADH-ubiquinone&nbsp;oxidoreductase&nbsp;chain&nbsp;49kDa,73.9
380394.Lferr_0811,Lferr_0811,KEGG:&nbsp;afw:Anae109_4269&nbsp;dihydroxy-acid&nbsp;dehydratase,73.8
380394.Lferr_0444,Lferr_0444,PFAM:&nbsp;FAD-dependent&nbsp;pyridine&nbsp;nucleotide-disulphide&nbsp;oxidoreductase,73.8
380394.Lferr_0545,Lferr_0545,TIGRFAM:&nbsp;thioredoxin&nbsp;reductase,73.7
380394.Lferr_2178,Lferr_2178,CoB--CoM&nbsp;heterodisulfide&nbsp;reductase,73.7
380394.Lferr_0724,Lferr_0724,Protoporphyrinogen&nbsp;oxidase,73.6
380394.Lferr_0413,Lferr_0413,PFAM:&nbsp;Three-deoxy-D-manno-octulosonic-acid&nbsp;transferase&nbsp;domain&nbsp;protein,73.6
380394.Lferr_0022,Lferr_0022,16S&nbsp;rRNA&nbsp;(cytosine(967)-C(5))-methyltransferase,73.6
380394.Lferr_2290,dnaJ,Chaperone&nbsp;protein&nbsp;DnaJ,73.3
380394.Lferr_1527,Lferr_1527,PFAM:&nbsp;HhH-GPD&nbsp;family&nbsp;protein,73.2
380394.Lferr_0623,Lferr_0623,"PFAM:&nbsp;DNA&nbsp;glycosylase/AP&nbsp;lyase,&nbsp;H2TH&nbsp;DNA-binding",73.2
380394.Lferr_0729,Lferr_0729,"TIGRFAM:&nbsp;type&nbsp;I&nbsp;secretion&nbsp;outer&nbsp;membrane&nbsp;protein,&nbsp;TolC&nbsp;family",72.9
380394.Lferr_0522,rpsK,30S&nbsp;ribosomal&nbsp;protein&nbsp;S11,72.7
380394.Lferr_1628,Lferr_1628,KEGG:&nbsp;sus:Acid_1026&nbsp;D-alanyl-D-alanine&nbsp;carboxypeptidase/D-alanyl-D-alanine-endopeptidase,72.6
380394.Lferr_1802,Lferr_1802,KEGG:&nbsp;mca:MCA0103&nbsp;penicillin-binding&nbsp;protein&nbsp;2,72.5
380394.Lferr_0436,bioB,Biotin&nbsp;synthase,72.5
380394.Lferr_1851,Lferr_1851,KEGG:&nbsp;aeh:Mlg_0870&nbsp;ATP-dependent&nbsp;DNA&nbsp;helicase&nbsp;RecQ,72.5
380394.Lferr_0939,Lferr_0939,PFAM:&nbsp;Beta-ketoacyl&nbsp;synthase,72.5
380394.Lferr_0419,bioF,8-amino-7-oxononanoate&nbsp;synthase,72.4
380394.Lferr_1370,Lferr_1370,KEGG:&nbsp;nmu:Nmul_A0346&nbsp;dihydroxy-acid&nbsp;dehydratase,72.3
380394.Lferr_2884,Lferr_2884,PFAM:&nbsp;nickel-dependent&nbsp;hydrogenase&nbsp;large&nbsp;subunit,72.2
380394.Lferr_2570,Lferr_2570,Integral&nbsp;membrane&nbsp;sensor&nbsp;signal&nbsp;transduction&nbsp;histidine&nbsp;kinase,72.1
380394.Lferr_1786,secB,Protein-export&nbsp;protein&nbsp;SecB,72.1
380394.Lferr_0570,argD,TIGRFAM:&nbsp;acetylornithine&nbsp;and&nbsp;succinylornithine&nbsp;aminotransferase,72.0
380394.Lferr_2574,Lferr_2574,KEGG:&nbsp;cph:Cpha266_2346&nbsp;lipopolysaccharide&nbsp;biosynthesis,72.0
380394.Lferr_1454,guaA,GMP&nbsp;synthase&nbsp;[glutamine-hydrolyzing],71.8
380394.Lferr_0499,rplW,50S&nbsp;ribosomal&nbsp;protein&nbsp;L23,71.7
380394.Lferr_0477,nusB,Transcription&nbsp;antitermination&nbsp;protein&nbsp;NusB,71.5
380394.Lferr_0516,rplO,50S&nbsp;ribosomal&nbsp;protein&nbsp;L15,71.5
380394.Lferr_0952,Lferr_0952,PFAM:&nbsp;aldehyde&nbsp;oxidase&nbsp;and&nbsp;xanthine&nbsp;dehydrogenase&nbsp;a/b&nbsp;hammerhead,71.4
380394.Lferr_2223,Lferr_2223,PFAM:&nbsp;Glutathione&nbsp;S-transferase&nbsp;domain,71.3
380394.Lferr_2373,ftsY,Signal&nbsp;recognition&nbsp;particle&nbsp;receptor&nbsp;FtsY,71.2
380394.Lferr_0897,Lferr_0897,PFAM:&nbsp;Pyruvate&nbsp;kinase&nbsp;barrel,71.0
380394.Lferr_0465,metE,5-methyltetrahydropteroyltriglutamate--homocysteine&nbsp;methyltransferase,71.0
380394.Lferr_0334,Lferr_0334,PFAM:&nbsp;Phosphoglycerate&nbsp;mutase,70.8
380394.Lferr_1989,purC,KEGG:&nbsp;ilo:IL1458&nbsp;phosphoribosylaminoimidazolesuccinocarboxamide&nbsp;(SAICAR)&nbsp;synthase,70.8
380394.Lferr_1216,Lferr_1216,PFAM:&nbsp;extracellular&nbsp;solute-binding&nbsp;protein&nbsp;family&nbsp;1,70.7
380394.Lferr_0554,nusA,Transcription&nbsp;termination/antitermination&nbsp;protein&nbsp;NusA,70.5
380394.Lferr_0068,tolB,Protein&nbsp;TolB,70.5
380394.Lferr_1028,pyrF,Orotidine&nbsp;5'-phosphate&nbsp;decarboxylase,70.4
380394.Lferr_2352,Lferr_2352,Cytochrome&nbsp;b,70.4
380394.Lferr_0338,Lferr_0338,PFAM:&nbsp;protein&nbsp;of&nbsp;unknown&nbsp;function&nbsp;DUF140,70.4
380394.Lferr_0608,Lferr_0608,"Two&nbsp;component,&nbsp;sigma54&nbsp;specific,&nbsp;transcriptional&nbsp;regulator,&nbsp;Fis&nbsp;family",70.4
380394.Lferr_2845,Lferr_2845,TIGRFAM:&nbsp;glutamine&nbsp;amidotransferase&nbsp;of&nbsp;anthranilate&nbsp;synthase,70.2
380394.Lferr_0813,argA,Amino-acid&nbsp;acetyltransferase,70.0
380394.Lferr_2676,pdhA,Pyruvate&nbsp;dehydrogenase&nbsp;E1&nbsp;component&nbsp;subunit&nbsp;alpha,69.9
380394.Lferr_0173,Lferr_0173,PFAM:&nbsp;cytochrome&nbsp;B561,69.8
380394.Lferr_2707,Lferr_2707,Ubiquinol-cytochrome&nbsp;c&nbsp;reductase&nbsp;iron-sulfur&nbsp;subunit,69.8
380394.Lferr_0421,bioC,Malonyl-[acyl-carrier&nbsp;protein]&nbsp;O-methyltransferase,69.7
380394.Lferr_1389,Lferr_1389,Ribulose&nbsp;bisphosphate&nbsp;carboxylase&nbsp;large&nbsp;chain,69.7
380394.Lferr_1153,Lferr_1153,Phosphate-binding&nbsp;protein&nbsp;PstS,69.6
380394.Lferr_0618,Lferr_0618,KEGG:&nbsp;eca:ECA1308&nbsp;LPS-assembly&nbsp;lipoprotein&nbsp;RplB,69.6
380394.Lferr_1706,Lferr_1706,PFAM:&nbsp;outer&nbsp;membrane&nbsp;efflux&nbsp;protein,69.4
380394.Lferr_2741,ctaB,Protoheme&nbsp;IX&nbsp;farnesyltransferase,69.4
380394.Lferr_2660,Lferr_2660,Ribulose&nbsp;bisphosphate&nbsp;carboxylase&nbsp;large&nbsp;chain,69.4
380394.Lferr_2104,Lferr_2104,Potassium-transporting&nbsp;ATPase&nbsp;potassium-binding&nbsp;subunit,69.4
380394.Lferr_1812,Lferr_1812,PFAM:&nbsp;NADH&nbsp;ubiquinone&nbsp;oxidoreductase&nbsp;20&nbsp;kDa&nbsp;subunit,69.3
380394.Lferr_2854,Lferr_2854,"TIGRFAM:&nbsp;fructose-1,6-bisphosphatase,&nbsp;class&nbsp;II",69.3
380394.Lferr_2246,Lferr_2246,"KEGG:&nbsp;noc:Noc_2554&nbsp;NADH-plastoquinone&nbsp;oxidoreductase,&nbsp;chain&nbsp;5",69.3
380394.Lferr_1958,Lferr_1958,"Two&nbsp;component&nbsp;transcriptional&nbsp;regulator,&nbsp;winged&nbsp;helix&nbsp;family",68.9
380394.Lferr_1618,Lferr_1618,"TIGRFAM:&nbsp;efflux&nbsp;transporter,&nbsp;RND&nbsp;family,&nbsp;MFP&nbsp;subunit",68.8
380394.Lferr_1585,Lferr_1585,3-oxoacyl-[acyl-carrier-protein]&nbsp;synthase&nbsp;2,68.7
380394.Lferr_2602,Lferr_2602,KEGG:&nbsp;azc:AZC_1983&nbsp;ABC&nbsp;transporter&nbsp;ATP-binding&nbsp;protein,68.7
380394.Lferr_2053,Lferr_2053,ATP&nbsp;synthase&nbsp;epsilon&nbsp;chain,68.6
380394.Lferr_0515,rpmD,PFAM:&nbsp;ribosomal&nbsp;protein&nbsp;L30,68.4
380394.Lferr_0628,surE,5'-nucleotidase&nbsp;SurE,68.3
380394.Lferr_1025,Lferr_1025,30S&nbsp;ribosomal&nbsp;protein&nbsp;S1,68.3
380394.Lferr_0402,argJ,Arginine&nbsp;biosynthesis&nbsp;bifunctional&nbsp;protein&nbsp;ArgJ,68.3
380394.Lferr_2757,Lferr_2757,PFAM:&nbsp;D-isomer&nbsp;specific&nbsp;2-hydroxyacid&nbsp;dehydrogenase&nbsp;catalytic&nbsp;region,68.2
380394.Lferr_2152,Lferr_2152,Ferrous&nbsp;iron&nbsp;transport&nbsp;protein&nbsp;B,68.2
380394.Lferr_2846,trpE,Anthranilate&nbsp;synthase&nbsp;component&nbsp;1,68.2
380394.Lferr_1552,folD,Bifunctional&nbsp;protein&nbsp;FolD,68.2
380394.Lferr_2296,metG,Methionine--tRNA&nbsp;ligase,68.0
380394.Lferr_1489,Lferr_1489,PFAM:&nbsp;Transketolase&nbsp;central&nbsp;region,67.7
380394.Lferr_2601,Lferr_2601,"KEGG:&nbsp;mxa:MXAN_4664&nbsp;oligopeptide/dipeptide&nbsp;ABC&nbsp;transporter,&nbsp;ATP-binding&nbsp;protein",67.7
380394.Lferr_2476,rpsP,PFAM:&nbsp;ribosomal&nbsp;protein&nbsp;S16,67.7
380394.Lferr_0582,Lferr_0582,Enoyl-[acyl-carrier-protein]&nbsp;reductase&nbsp;[NADH],67.6
380394.Lferr_1589,Lferr_1589,"KEGG:&nbsp;mca:MCA1995&nbsp;DNA&nbsp;polymerase&nbsp;III,&nbsp;delta&nbsp;prime&nbsp;subunit",67.6
380394.Lferr_2573,Lferr_2573,KEGG:&nbsp;mfa:Mfla_1268&nbsp;mannose-1-phosphate&nbsp;guanylyltransferase/mannose-6-phosphate&nbsp;isomerase,67.6
380394.Lferr_2735,Lferr_2735,Integral&nbsp;membrane&nbsp;sensor&nbsp;signal&nbsp;transduction&nbsp;histidine&nbsp;kinase,67.6
380394.Lferr_0587,sucC,Succinate--CoA&nbsp;ligase&nbsp;[ADP-forming]&nbsp;subunit&nbsp;beta,67.4
380394.Lferr_1725,accD,Acetyl-coenzyme&nbsp;A&nbsp;carboxylase&nbsp;carboxyl&nbsp;transferase&nbsp;subunit&nbsp;beta,67.0
380394.Lferr_0493,rpsG,30S&nbsp;ribosomal&nbsp;protein&nbsp;S7,66.8
380394.Lferr_0501,rpsS,30S&nbsp;ribosomal&nbsp;protein&nbsp;S19,66.7
380394.Lferr_0020,Lferr_0020,Peptide&nbsp;deformylase,66.6
380394.Lferr_2890,Lferr_2890,"GDP-mannose&nbsp;4,6-dehydratase",66.6
380394.Lferr_1972,mutS2,Endonuclease&nbsp;MutS2,66.6
380394.Lferr_0108,Lferr_0108,"Two&nbsp;component&nbsp;transcriptional&nbsp;regulator,&nbsp;winged&nbsp;helix&nbsp;family",66.6
380394.Lferr_0467,Lferr_0467,PFAM:&nbsp;Glutathione&nbsp;S-transferase&nbsp;domain,66.5
380394.Lferr_2836,Lferr_2836,Transport&nbsp;permease&nbsp;protein,66.5
380394.Lferr_2675,Lferr_2675,PFAM:&nbsp;Transketolase&nbsp;central&nbsp;region,66.4
380394.Lferr_0513,rplR,50S&nbsp;ribosomal&nbsp;protein&nbsp;L18,66.4
380394.Lferr_1078,Lferr_1078,PFAM:&nbsp;NAD-dependent&nbsp;epimerase/dehydratase,66.4
380394.Lferr_0356,Lferr_0356,PFAM:&nbsp;Glutathione&nbsp;S-transferase&nbsp;domain,66.2
380394.Lferr_0261,Lferr_0261,PFAM:&nbsp;Lytic&nbsp;transglycosylase&nbsp;catalytic,66.1
380394.Lferr_0820,Lferr_0820,KEGG:&nbsp;son:SO_2262&nbsp;serine&nbsp;acetyltransferase,66.1
380394.Lferr_0850,Lferr_0850,Hydrogen:quinone&nbsp;oxidoreductase,66.1
380394.Lferr_2185,Lferr_2185,KEGG:&nbsp;aae:aq_391&nbsp;hypothetical&nbsp;protein,66.1
380394.Lferr_0530,Lferr_0530,PFAM:&nbsp;phosphoesterase&nbsp;PA-phosphatase&nbsp;related,66.0
380394.Lferr_0722,recG,ATP-dependent&nbsp;DNA&nbsp;helicase&nbsp;RecG,65.8
380394.Lferr_1431,Lferr_1431,Carbonic&nbsp;anhydrase,65.7
380394.Lferr_0785,ACH83035.1,TIGRFAM:&nbsp;protoheme&nbsp;IX&nbsp;farnesyltransferase,65.6
380394.Lferr_0514,rpsE,30S&nbsp;ribosomal&nbsp;protein&nbsp;S5,65.6
380394.Lferr_0511,rpsH,30S&nbsp;ribosomal&nbsp;protein&nbsp;S8,65.5
380394.Lferr_2240,rplT,50S&nbsp;ribosomal&nbsp;protein&nbsp;L20,65.4
380394.Lferr_1522,Lferr_1522,TIGRFAM:&nbsp;transketolase,65.4
380394.Lferr_1634,Lferr_1634,PFAM:&nbsp;NAD-dependent&nbsp;epimerase/dehydratase,65.2
380394.Lferr_1886,Lferr_1886,Potassium-transporting&nbsp;ATPase&nbsp;ATP-binding&nbsp;subunit,65.1
380394.Lferr_0591,Lferr_0591,PFAM:&nbsp;nitrogen&nbsp;regulatory&nbsp;protein&nbsp;P-II,65.1
380394.Lferr_0462,rplU,50S&nbsp;ribosomal&nbsp;protein&nbsp;L21,65.0
380394.Lferr_0789,carB,"TIGRFAM:&nbsp;carbamoyl-phosphate&nbsp;synthase,&nbsp;large&nbsp;subunit",64.8
380394.Lferr_0033,yidC,Membrane&nbsp;protein&nbsp;insertase&nbsp;YidC,64.7
380394.Lferr_1029,pyrE,Orotate&nbsp;phosphoribosyltransferase,64.7
380394.Lferr_0490,rpoB,DNA-directed&nbsp;RNA&nbsp;polymerase&nbsp;subunit&nbsp;beta,64.6
380394.Lferr_2061,Lferr_2061,"TIGRFAM:&nbsp;efflux&nbsp;transporter,&nbsp;RND&nbsp;family,&nbsp;MFP&nbsp;subunit",64.6
380394.Lferr_0521,rpsM,30S&nbsp;ribosomal&nbsp;protein&nbsp;S13,64.2
380394.Lferr_2665,Lferr_2665,"KEGG:&nbsp;hha:Hhal_0942&nbsp;dihydroorotase,&nbsp;multifunctional&nbsp;complex&nbsp;type",64.1
380394.Lferr_0841,Lferr_0841,KEGG:&nbsp;mfa:Mfla_0338&nbsp;oxidoreductase&nbsp;alpha&nbsp;(molybdopterin)&nbsp;subunit,64.0
380394.Lferr_1069,Lferr_1069,"KEGG:&nbsp;acr:Acry_1634&nbsp;cytochrome&nbsp;d&nbsp;ubiquinol&nbsp;oxidase,&nbsp;subunit&nbsp;II",64.0
380394.Lferr_2244,nuoN,NADH-quinone&nbsp;oxidoreductase&nbsp;subunit&nbsp;N,63.9
380394.Lferr_2873,Lferr_2873,Integral&nbsp;membrane&nbsp;sensor&nbsp;signal&nbsp;transduction&nbsp;histidine&nbsp;kinase,63.9
380394.Lferr_1644,xseB,Exodeoxyribonuclease&nbsp;7&nbsp;small&nbsp;subunit,63.9
380394.Lferr_1883,Lferr_1883,"Two&nbsp;component&nbsp;transcriptional&nbsp;regulator,&nbsp;winged&nbsp;helix&nbsp;family",63.8
380394.Lferr_0904,Lferr_0904,ATP&nbsp;synthase&nbsp;epsilon&nbsp;chain,63.8
380394.Lferr_0959,Lferr_0959,KEGG:&nbsp;gme:Gmet_3497&nbsp;plasma-membrane&nbsp;proton-efflux&nbsp;P-type&nbsp;ATPase,63.8
380394.Lferr_2242,infC,Translation&nbsp;initiation&nbsp;factor&nbsp;IF-3,63.7
380394.Lferr_2722,Lferr_2722,"Adenylylsulfate&nbsp;reductase,&nbsp;thioredoxin&nbsp;dependent",63.5
380394.Lferr_1479,Lferr_1479,PFAM:&nbsp;deoxyribose-phosphate&nbsp;aldolase/phospho-2-dehydro-3-deoxyheptonate&nbsp;aldolase,63.1
380394.Lferr_2687,Lferr_2687,KEGG:&nbsp;mse:Msed_0505&nbsp;plasma-membrane&nbsp;proton-efflux&nbsp;P-type&nbsp;ATPase,63.1
380394.Lferr_1089,Lferr_1089,PFAM:&nbsp;thiamineS&nbsp;protein,63.0
380394.Lferr_1532,Lferr_1532,PFAM:&nbsp;FAD-dependent&nbsp;pyridine&nbsp;nucleotide-disulphide&nbsp;oxidoreductase,62.8
380394.Lferr_2548,recD,RecBCD&nbsp;enzyme&nbsp;subunit&nbsp;RecD,62.5
380394.Lferr_1373,Lferr_1373,ATP-dependent&nbsp;dethiobiotin&nbsp;synthetase&nbsp;BioD,62.5
380394.Lferr_2807,atpD,ATP&nbsp;synthase&nbsp;subunit&nbsp;beta,62.5
380394.Lferr_2423,Lferr_2423,PFAM:&nbsp;helix-turn-helix-&nbsp;domain&nbsp;containing&nbsp;protein&nbsp;AraC&nbsp;type,62.5
380394.Lferr_0692,Lferr_0692,"KEGG:&nbsp;mca:MCA0137&nbsp;5,10-methylenetetrahydrofolate&nbsp;reductase",62.3
380394.Lferr_2215,Lferr_2215,PFAM:&nbsp;protein&nbsp;of&nbsp;unknown&nbsp;function&nbsp;DUF224&nbsp;cysteine-rich&nbsp;region&nbsp;domain&nbsp;protein,62.3
380394.Lferr_2298,fumC,Fumarate&nbsp;hydratase&nbsp;class&nbsp;II,62.3
380394.Lferr_0484,secE,Protein&nbsp;translocase&nbsp;subunit&nbsp;SecE,62.1
380394.Lferr_2806,Lferr_2806,ATP&nbsp;synthase&nbsp;epsilon&nbsp;chain,62.0
380394.Lferr_2343,Lferr_2343,PFAM:&nbsp;protein&nbsp;of&nbsp;unknown&nbsp;function&nbsp;DUF116,61.9
380394.Lferr_2747,Lferr_2747,PFAM:&nbsp;cytochrome&nbsp;c&nbsp;oxidase&nbsp;subunit&nbsp;I,61.9
380394.Lferr_2102,Lferr_2102,Potassium-transporting&nbsp;ATPase&nbsp;potassium-binding&nbsp;subunit,61.7
380394.Lferr_2089,Lferr_2089,PFAM:&nbsp;RimK&nbsp;domain&nbsp;protein&nbsp;ATP-grasp,61.6
380394.Lferr_2151,Lferr_2151,PFAM:&nbsp;FeoA&nbsp;family&nbsp;protein,61.5
380394.Lferr_1907,purH,Bifunctional&nbsp;purine&nbsp;biosynthesis&nbsp;protein&nbsp;PurH,61.4
380394.Lferr_1162,pyrH,Uridylate&nbsp;kinase,61.3
380394.Lferr_2849,Lferr_2849,"Fructose-bisphosphate&nbsp;aldolase,&nbsp;class&nbsp;II,&nbsp;Calvin&nbsp;cycle&nbsp;subtype",61.3
380394.Lferr_2568,Lferr_2568,"Two&nbsp;component,&nbsp;sigma54&nbsp;specific,&nbsp;transcriptional&nbsp;regulator,&nbsp;Fis&nbsp;family",61.3
380394.Lferr_1985,Lferr_1985,Serine-type&nbsp;D-Ala-D-Ala&nbsp;carboxypeptidase,61.3
380394.Lferr_2850,Lferr_2850,KEGG:&nbsp;tbd:Tbd_0162&nbsp;pyruvate&nbsp;kinase,61.1
380394.Lferr_1350,Lferr_1350,Oxidoreductase&nbsp;alpha&nbsp;(Molybdopterin)&nbsp;subunit,61.0
380394.Lferr_0433,argB,Acetylglutamate&nbsp;kinase,61.0
380394.Lferr_0507,rplN,50S&nbsp;ribosomal&nbsp;protein&nbsp;L14,60.8
380394.Lferr_1360,Lferr_1360,Uncharacterized&nbsp;protein,60.6
380394.Lferr_0368,fbp,"Fructose-1,6-bisphosphatase&nbsp;class&nbsp;1",60.6
380394.Lferr_2851,pgk,PFAM:&nbsp;phosphoglycerate&nbsp;kinase,60.5
380394.Lferr_0107,Lferr_0107,Integral&nbsp;membrane&nbsp;sensor&nbsp;signal&nbsp;transduction&nbsp;histidine&nbsp;kinase,60.5
380394.Lferr_1819,Lferr_1819,KEGG:&nbsp;eba:ebA4197&nbsp;putative&nbsp;transferase,60.5
380394.Lferr_2643,lptD,LPS-assembly&nbsp;protein&nbsp;LptD,60.4
380394.Lferr_0781,Lferr_0781,PFAM:&nbsp;cytochrome&nbsp;c&nbsp;oxidase&nbsp;subunit&nbsp;II,60.4
380394.Lferr_1021,Lferr_1021,TIGRFAM:&nbsp;phospho-2-dehydro-3-deoxyheptonate&nbsp;aldolase,60.3
380394.Lferr_2520,Lferr_2520,"Signal&nbsp;transduction&nbsp;histidine&nbsp;kinase,&nbsp;nitrogen&nbsp;specific,&nbsp;NtrB",60.3
380394.Lferr_0652,ppa,Inorganic&nbsp;pyrophosphatase,60.1
380394.Lferr_1847,Lferr_1847,PFAM:&nbsp;ABC&nbsp;transporter&nbsp;related,60.0
380394.Lferr_0698,groL,60&nbsp;kDa&nbsp;chaperonin,59.9
380394.Lferr_2729,Lferr_2729,Sec-independent&nbsp;protein&nbsp;translocase&nbsp;protein&nbsp;TatA,59.7
380394.Lferr_2881,Lferr_2881,"KEGG:&nbsp;tbd:Tbd_1378&nbsp;Ni-Fe&nbsp;hydrogenase,&nbsp;small&nbsp;subunit",59.6
380394.Lferr_2724,Lferr_2724,Sulfate&nbsp;adenylyltransferase&nbsp;subunit&nbsp;1,59.6
380394.Lferr_1195,Lferr_1195,PFAM:&nbsp;Electron&nbsp;transfer&nbsp;flavoprotein&nbsp;alpha/beta-subunit&nbsp;,59.4
380394.Lferr_0487,rplA,50S&nbsp;ribosomal&nbsp;protein&nbsp;L1,59.4
380394.Lferr_0464,Lferr_0464,Carbonic&nbsp;anhydrase,59.1
380394.Lferr_2618,Lferr_2618,8-amino-7-oxononanoate&nbsp;synthase,59.1
380394.Lferr_2258,Lferr_2258,"TIGRFAM:&nbsp;preprotein&nbsp;translocase,&nbsp;SecG&nbsp;subunit",59.0
380394.Lferr_1554,Lferr_1554,"TIGRFAM:&nbsp;efflux&nbsp;transporter,&nbsp;RND&nbsp;family,&nbsp;MFP&nbsp;subunit",58.9
380394.Lferr_0524,rpoA,DNA-directed&nbsp;RNA&nbsp;polymerase&nbsp;subunit&nbsp;alpha,58.7
380394.Lferr_2043,Lferr_2043,PFAM:&nbsp;PEP-utilising&nbsp;protein&nbsp;mobile&nbsp;region,58.7
380394.Lferr_2101,Lferr_2101,Potassium-transporting&nbsp;ATPase&nbsp;ATP-binding&nbsp;subunit,58.5
380394.Lferr_0337,Lferr_0337,PFAM:&nbsp;ABC&nbsp;transporter&nbsp;related,58.5
380394.Lferr_1437,mutS,DNA&nbsp;mismatch&nbsp;repair&nbsp;protein&nbsp;MutS,58.5
380394.Lferr_0558,rpsO,30S&nbsp;ribosomal&nbsp;protein&nbsp;S15,58.5
380394.Lferr_2827,Lferr_2827,TIGRFAM:&nbsp;flavoprotein&nbsp;WrbA,58.4
380394.Lferr_0626,Lferr_0626,"TIGRFAM:&nbsp;glutamine&nbsp;synthetase,&nbsp;type&nbsp;I",58.3
380394.Lferr_0875,Lferr_0875,TIGRFAM:&nbsp;1-acyl-sn-glycerol-3-phosphate&nbsp;acyltransferase,58.2
380394.Lferr_1771,gatC,Aspartyl/glutamyl-tRNA(Asn/Gln)&nbsp;amidotransferase&nbsp;subunit&nbsp;C,58.2
380394.Lferr_1876,gltX2,Glutamate--tRNA&nbsp;ligase&nbsp;2,58.2
380394.Lferr_2653,hisH,Imidazole&nbsp;glycerol&nbsp;phosphate&nbsp;synthase&nbsp;subunit&nbsp;HisH,58.1
380394.Lferr_0004,gyrB,DNA&nbsp;gyrase&nbsp;subunit&nbsp;B,58.0
380394.Lferr_0617,Lferr_0617,KEGG:&nbsp;pen:PSEEN4815&nbsp;DNA&nbsp;polymerase&nbsp;III&nbsp;subunit&nbsp;delta,57.8
380394.Lferr_1205,Lferr_1205,PFAM:&nbsp;transport&nbsp;system&nbsp;permease&nbsp;protein,57.7
380394.Lferr_1858,Lferr_1858,PFAM:&nbsp;DNA&nbsp;polymerase&nbsp;III&nbsp;chi&nbsp;subunit&nbsp;HolC,57.6
380394.Lferr_1460,Lferr_1460,Glutamate&nbsp;5-kinase,57.6
380394.Lferr_2042,nuoB1,NADH-quinone&nbsp;oxidoreductase&nbsp;subunit&nbsp;B&nbsp;1,57.6
380394.Lferr_1926,Lferr_1926,TIGRFAM:&nbsp;phosphonate&nbsp;C-P&nbsp;lyase&nbsp;system&nbsp;protein&nbsp;PhnH,57.4
380394.Lferr_1548,Lferr_1548,TIGRFAM:&nbsp;aminopeptidase&nbsp;N,57.4
380394.Lferr_1482,Lferr_1482,Phosphofructokinase,57.3
380394.Lferr_2250,nuoH,NADH-quinone&nbsp;oxidoreductase&nbsp;subunit&nbsp;H,56.9
380394.Lferr_1168,bamA,Outer&nbsp;membrane&nbsp;protein&nbsp;assembly&nbsp;factor&nbsp;BamA,56.9
380394.Lferr_1026,Lferr_1026,Integration&nbsp;host&nbsp;factor&nbsp;subunit&nbsp;beta,56.8
380394.Lferr_1212,Lferr_1212,PFAM:&nbsp;periplasmic&nbsp;binding&nbsp;protein,56.6
380394.Lferr_1608,bamB,Outer&nbsp;membrane&nbsp;protein&nbsp;assembly&nbsp;factor&nbsp;BamB,56.4
380394.Lferr_0364,Lferr_0364,"Two&nbsp;component,&nbsp;sigma54&nbsp;specific,&nbsp;transcriptional&nbsp;regulator,&nbsp;Fis&nbsp;family",56.3
380394.Lferr_2586,cysN,Multifunctional&nbsp;fusion&nbsp;protein,56.3
380394.Lferr_2351,Lferr_2351,Ubiquinol-cytochrome&nbsp;c&nbsp;reductase&nbsp;iron-sulfur&nbsp;subunit,56.3
380394.Lferr_0205,Lferr_0205,PFAM:&nbsp;ABC&nbsp;transporter&nbsp;related,56.1
380394.Lferr_0449,purE,N5-carboxyaminoimidazole&nbsp;ribonucleotide&nbsp;mutase,55.9
380394.Lferr_1707,Lferr_1707,"KEGG:&nbsp;mca:MCA2708&nbsp;ATP&nbsp;synthase&nbsp;F1,&nbsp;gamma&nbsp;subunit",55.8
380394.Lferr_2187,Lferr_2187,PFAM:&nbsp;SirA&nbsp;family&nbsp;protein,55.7
380394.Lferr_1553,Lferr_1553,PFAM:&nbsp;acriflavin&nbsp;resistance&nbsp;protein,55.6
380394.Lferr_0688,Lferr_0688,PFAM:&nbsp;PfkB&nbsp;domain&nbsp;protein,55.5
380394.Lferr_1732,leuB,3-isopropylmalate&nbsp;dehydrogenase,55.4
380394.Lferr_0953,Lferr_0953,PFAM:&nbsp;ferredoxin,55.3
380394.Lferr_1095,Lferr_1095,PFAM:&nbsp;glycine&nbsp;cleavage&nbsp;system&nbsp;P-protein,55.2
380394.Lferr_1810,Lferr_1810,NADH&nbsp;dehydrogenase&nbsp;(Quinone),55.1
380394.Lferr_2264,Lferr_2264,Ribonucleoside-diphosphate&nbsp;reductase,55.0
380394.Lferr_1688,purT,Formate-dependent&nbsp;phosphoribosylglycinamide&nbsp;formyltransferase,55.0
380394.Lferr_0505,rpmC,PFAM:&nbsp;ribosomal&nbsp;protein&nbsp;L29,54.8
380394.Lferr_0012,minE,Cell&nbsp;division&nbsp;topological&nbsp;specificity&nbsp;factor,54.6
380394.Lferr_1728,trpF,PFAM:&nbsp;N-(5'phosphoribosyl)anthranilate&nbsp;isomerase&nbsp;(PRAI),54.5
380394.Lferr_1583,Lferr_1583,TIGRFAM:&nbsp;3-oxoacyl-(acyl-carrier-protein)&nbsp;reductase,54.5
380394.Lferr_0797,Lferr_0797,PFAM:&nbsp;ABC&nbsp;transporter&nbsp;related,54.4
380394.Lferr_1884,Lferr_1884,PFAM:&nbsp;ATP-binding&nbsp;region&nbsp;ATPase&nbsp;domain&nbsp;protein,54.4
380394.Lferr_1239,Lferr_1239,KEGG:&nbsp;mca:MCA0230&nbsp;nitrogenase&nbsp;molybdenum-iron&nbsp;protein&nbsp;alpha&nbsp;chain,54.3
380394.Lferr_1957,Lferr_1957,Integral&nbsp;membrane&nbsp;sensor&nbsp;signal&nbsp;transduction&nbsp;histidine&nbsp;kinase,54.3
380394.Lferr_0374,Lferr_0374,"TIGRFAM:&nbsp;acetyl-CoA&nbsp;carboxylase,&nbsp;biotin&nbsp;carboxylase",54.2
380394.Lferr_0072,Lferr_0072,TIGRFAM:&nbsp;peptidoglycan-associated&nbsp;lipoprotein,54.2
380394.Lferr_1563,hisZ,ATP&nbsp;phosphoribosyltransferase&nbsp;regulatory&nbsp;subunit,54.2
380394.Lferr_1154,Lferr_1154,Phosphate&nbsp;transport&nbsp;system&nbsp;permease&nbsp;protein,54.0
380394.Lferr_1584,acpP,Acyl&nbsp;carrier&nbsp;protein,53.9
380394.Lferr_0697,Lferr_0697,PFAM:&nbsp;phosphoribosyltransferase,53.9
380394.Lferr_0353,Lferr_0353,Exodeoxyribonuclease&nbsp;III&nbsp;Xth,53.9
380394.Lferr_1612,Lferr_1612,Phosphate&nbsp;transport&nbsp;system&nbsp;permease&nbsp;protein,53.6
380394.Lferr_2746,Lferr_2746,Uncharacterized&nbsp;protein,53.5
380394.Lferr_2195,mrdA,"Peptidoglycan&nbsp;D,D-transpeptidase&nbsp;MrdA",53.4
380394.Lferr_0422,Lferr_0422,ATP-dependent&nbsp;dethiobiotin&nbsp;synthetase&nbsp;BioD,53.3
380394.Lferr_0891,Lferr_0891,Endonuclease&nbsp;MutS2,53.3
380394.Lferr_2843,trpC,PFAM:&nbsp;Indole-3-glycerol&nbsp;phosphate&nbsp;synthase,53.2
380394.Lferr_1570,ACH83792.1,KEGG:&nbsp;azo:azo3124&nbsp;phosphoribosylglycinamide&nbsp;formyltransferase,52.9
380394.Lferr_0845,Lferr_0845,TIGRFAM:&nbsp;S-(hydroxymethyl)glutathione&nbsp;dehydrogenase/class&nbsp;III&nbsp;alcohol&nbsp;dehydrogenase,52.8
380394.Lferr_1877,Lferr_1877,Peptidoglycan&nbsp;glycosyltransferase,52.8
380394.Lferr_2891,Lferr_2891,KEGG:&nbsp;pap:PSPA7_3009&nbsp;mannose-1-phosphate&nbsp;guanylyltransferase/mannose-6-phosphate&nbsp;isomerase,52.8
380394.Lferr_2681,rplM,50S&nbsp;ribosomal&nbsp;protein&nbsp;L13,52.7
380394.Lferr_1152,Lferr_1152,KEGG:&nbsp;pmy:Pmen_4407&nbsp;PAS/PAC&nbsp;sensor&nbsp;signal&nbsp;transduction&nbsp;histidine&nbsp;kinase,52.6
380394.Lferr_1714,secF,Protein-export&nbsp;membrane&nbsp;protein&nbsp;SecF,52.4
380394.Lferr_0045,Lferr_0045,PFAM:&nbsp;TQO&nbsp;small&nbsp;subunit&nbsp;DoxD,52.4
380394.Lferr_0796,ubiX,Flavin&nbsp;prenyltransferase&nbsp;UbiX,52.4
380394.Lferr_2587,Lferr_2587,"TIGRFAM:&nbsp;3'(2'),5'-bisphosphate&nbsp;nucleotidase",52.2
380394.Lferr_0457,bamE,Outer&nbsp;membrane&nbsp;protein&nbsp;assembly&nbsp;factor&nbsp;BamE,52.1
380394.Lferr_2183,Lferr_2183,PFAM:&nbsp;FAD-dependent&nbsp;pyridine&nbsp;nucleotide-disulphide&nbsp;oxidoreductase,52.0
380394.Lferr_1097,Lferr_1097,PFAM:&nbsp;ABC&nbsp;transporter&nbsp;transmembrane&nbsp;region,52.0
380394.Lferr_1848,Lferr_1848,PFAM:&nbsp;binding-protein-dependent&nbsp;transport&nbsp;systems&nbsp;inner&nbsp;membrane&nbsp;component,51.9
380394.Lferr_0509,rplE,50S&nbsp;ribosomal&nbsp;protein&nbsp;L5,51.7
380394.Lferr_1879,Lferr_1879,PFAM:&nbsp;short-chain&nbsp;dehydrogenase/reductase&nbsp;SDR,51.7
380394.Lferr_1687,Lferr_1687,PFAM:&nbsp;aminotransferase&nbsp;class&nbsp;I&nbsp;and&nbsp;II,51.6
380394.Lferr_0363,Lferr_0363,"Signal&nbsp;transduction&nbsp;histidine&nbsp;kinase,&nbsp;nitrogen&nbsp;specific,&nbsp;NtrB",51.5
380394.Lferr_2810,atpH,ATP&nbsp;synthase&nbsp;subunit&nbsp;delta,51.4
380394.Lferr_2291,dnaK,Chaperone&nbsp;protein&nbsp;DnaK,51.3
380394.Lferr_2875,argH,TIGRFAM:&nbsp;argininosuccinate&nbsp;lyase,51.2
380394.Lferr_1974,rpsU,PFAM:&nbsp;ribosomal&nbsp;protein&nbsp;S21,51.2
380394.Lferr_1760,Lferr_1760,"TIGRFAM:&nbsp;efflux&nbsp;transporter,&nbsp;RND&nbsp;family,&nbsp;MFP&nbsp;subunit",51.1
380394.Lferr_1770,gatA,Glutamyl-tRNA(Gln)&nbsp;amidotransferase&nbsp;subunit&nbsp;A,51.1
380394.Lferr_2721,cysI,Sulfite&nbsp;reductase&nbsp;[NADPH]&nbsp;hemoprotein&nbsp;beta-component,51.0
