1392540.P256_00361,P256_00361,annotation&nbsp;not&nbsp;available,98.9
1392540.P256_00924,P256_00924,annotation&nbsp;not&nbsp;available,98.9
1392540.P256_02484,gyrB,DNA&nbsp;gyrase&nbsp;subunit&nbsp;B,98.6
1392540.P256_01933,gluQ,Glutamyl-Q&nbsp;tRNA(Asp)&nbsp;synthetase,98.5
1392540.P256_00923,P256_00923,Dihydrolipoyllysine-residue&nbsp;succinyltransferase&nbsp;component&nbsp;of&nbsp;2-oxoglutarate&nbsp;dehydrogenase&nbsp;complex,98.3
1392540.P256_00274,P256_00274,annotation&nbsp;not&nbsp;available,98.1
1392540.P256_00369,P256_00369,annotation&nbsp;not&nbsp;available,98.1
1392540.P256_01249,P256_01249,annotation&nbsp;not&nbsp;available,98.1
1392540.P256_02376,P256_02376,annotation&nbsp;not&nbsp;available,98.1
1392540.P256_01802,leuB,3-isopropylmalate&nbsp;dehydrogenase,98.0
1392540.P256_01761,rplE,50S&nbsp;ribosomal&nbsp;protein&nbsp;L5,97.9
1392540.P256_02404,znuC,Zinc&nbsp;import&nbsp;ATP-binding&nbsp;protein&nbsp;ZnuC,97.8
1392540.P256_01146,P256_01146,annotation&nbsp;not&nbsp;available,97.8
1392540.P256_01251,P256_01251,annotation&nbsp;not&nbsp;available,97.8
1392540.P256_01638,glmS,Glutamine--fructose-6-phosphate&nbsp;aminotransferase&nbsp;[isomerizing],97.6
1392540.P256_01855,gmk,Guanylate&nbsp;kinase,97.5
1392540.P256_01946,P256_01946,annotation&nbsp;not&nbsp;available,97.4
1392540.P256_00832,ftsY,Signal&nbsp;recognition&nbsp;particle&nbsp;receptor&nbsp;FtsY,97.2
1392540.P256_01985,P256_01985,annotation&nbsp;not&nbsp;available,97.1
1392540.P256_00191,P256_00191,annotation&nbsp;not&nbsp;available,96.9
1392540.P256_00894,P256_00894,annotation&nbsp;not&nbsp;available,96.8
1392540.P256_01512,P256_01512,Aminopyrimidine&nbsp;aminohydrolase,96.7
1392540.P256_00539,P256_00539,annotation&nbsp;not&nbsp;available,96.6
1392540.P256_02547,argJ,Arginine&nbsp;biosynthesis&nbsp;bifunctional&nbsp;protein&nbsp;ArgJ,96.5
1392540.P256_00463,P256_00463,Biotin&nbsp;carboxyl&nbsp;carrier&nbsp;protein&nbsp;of&nbsp;acetyl-CoA&nbsp;carboxylase,96.5
1392540.P256_00655,P256_00655,annotation&nbsp;not&nbsp;available,96.4
1392540.P256_00178,P256_00178,annotation&nbsp;not&nbsp;available,96.3
1392540.P256_00154,P256_00154,annotation&nbsp;not&nbsp;available,96.1
1392540.P256_01153,P256_01153,NADH-quinone&nbsp;oxidoreductase&nbsp;subunit&nbsp;F,96.0
1392540.P256_00519,P256_00519,annotation&nbsp;not&nbsp;available,96.0
1392540.P256_00574,rpiA,Ribose-5-phosphate&nbsp;isomerase&nbsp;A,96.0
1392540.P256_00914,P256_00914,annotation&nbsp;not&nbsp;available,95.9
1392540.P256_01938,P256_01938,annotation&nbsp;not&nbsp;available,95.8
1392540.P256_01417,P256_01417,annotation&nbsp;not&nbsp;available,95.8
1392540.P256_01991,argD,annotation&nbsp;not&nbsp;available,95.8
1392540.P256_01951,pepA,Probable&nbsp;cytosol&nbsp;aminopeptidase,95.7
1392540.P256_00764,P256_00764,annotation&nbsp;not&nbsp;available,95.5
1392540.P256_01759,rpsH,30S&nbsp;ribosomal&nbsp;protein&nbsp;S8,95.3
1392540.P256_00993,gatB,Aspartyl/glutamyl-tRNA(Asn/Gln)&nbsp;amidotransferase&nbsp;subunit&nbsp;B,95.3
1392540.P256_01795,asd,Aspartate-semialdehyde&nbsp;dehydrogenase,95.3
1392540.P256_01444,ftsI,"Peptidoglycan&nbsp;D,D-transpeptidase&nbsp;FtsI",95.3
1392540.P256_01949,P256_01949,annotation&nbsp;not&nbsp;available,95.2
1392540.P256_01340,ndk,Nucleoside&nbsp;diphosphate&nbsp;kinase,95.2
1392540.P256_00305,P256_00305,annotation&nbsp;not&nbsp;available,94.8
1392540.P256_01042,rpmI,annotation&nbsp;not&nbsp;available,94.7
1392540.P256_01760,rpsN,30S&nbsp;ribosomal&nbsp;protein&nbsp;S14,94.5
1392540.P256_00020,trpD,Anthranilate&nbsp;phosphoribosyltransferase,94.5
1392540.P256_02191,P256_02191,annotation&nbsp;not&nbsp;available,94.5
1392540.P256_00925,P256_00925,annotation&nbsp;not&nbsp;available,94.5
1392540.P256_01378,P256_01378,annotation&nbsp;not&nbsp;available,94.4
1392540.P256_02430,pgi,annotation&nbsp;not&nbsp;available,94.1
1392540.P256_01248,P256_01248,annotation&nbsp;not&nbsp;available,94.1
1392540.P256_01125,rpsG,30S&nbsp;ribosomal&nbsp;protein&nbsp;S7,94.0
1392540.P256_00351,P256_00351,annotation&nbsp;not&nbsp;available,94.0
1392540.P256_01671,dapB,4-hydroxy-tetrahydrodipicolinate&nbsp;reductase,93.9
1392540.P256_00202,P256_00202,annotation&nbsp;not&nbsp;available,93.8
1392540.P256_00927,P256_00927,Succinate&nbsp;dehydrogenase&nbsp;hydrophobic&nbsp;membrane&nbsp;anchor&nbsp;subunit,93.6
1392540.P256_01465,P256_01465,annotation&nbsp;not&nbsp;available,93.5
1392540.P256_00879,metN,Methionine&nbsp;import&nbsp;ATP-binding&nbsp;protein&nbsp;MetN,93.5
1392540.P256_02003,P256_02003,annotation&nbsp;not&nbsp;available,93.4
1392540.P256_02204,P256_02204,annotation&nbsp;not&nbsp;available,93.4
1392540.P256_02212,P256_02212,annotation&nbsp;not&nbsp;available,93.3
1392540.P256_00478,pyrF,Orotidine&nbsp;5'-phosphate&nbsp;decarboxylase,93.3
1392540.P256_00019,trpC,annotation&nbsp;not&nbsp;available,93.3
1392540.P256_01466,P256_01466,annotation&nbsp;not&nbsp;available,92.8
1392540.P256_01154,P256_01154,annotation&nbsp;not&nbsp;available,92.7
1392540.P256_02554,trpA,Tryptophan&nbsp;synthase&nbsp;alpha&nbsp;chain,92.6
1392540.P256_01105,P256_01105,annotation&nbsp;not&nbsp;available,92.6
1392540.P256_02026,P256_02026,annotation&nbsp;not&nbsp;available,92.2
1392540.P256_01751,rpsM,30S&nbsp;ribosomal&nbsp;protein&nbsp;S13,92.2
1392540.P256_02394,atpD,ATP&nbsp;synthase&nbsp;subunit&nbsp;beta,92.1
1392540.P256_00315,P256_00315,annotation&nbsp;not&nbsp;available,92.0
1392540.P256_01950,P256_01950,annotation&nbsp;not&nbsp;available,91.9
1392540.P256_02096,rpmF,annotation&nbsp;not&nbsp;available,91.7
1392540.P256_01708,P256_01708,annotation&nbsp;not&nbsp;available,91.6
1392540.P256_00877,purD,annotation&nbsp;not&nbsp;available,91.6
1392540.P256_00974,P256_00974,annotation&nbsp;not&nbsp;available,91.6
1392540.P256_01005,rnhA,Ribonuclease&nbsp;H,91.5
1392540.P256_02166,P256_02166,annotation&nbsp;not&nbsp;available,91.3
1392540.P256_01748,rpoA,DNA-directed&nbsp;RNA&nbsp;polymerase&nbsp;subunit&nbsp;alpha,91.2
1392540.P256_00913,P256_00913,annotation&nbsp;not&nbsp;available,91.2
1392540.P256_00418,P256_00418,annotation&nbsp;not&nbsp;available,91.2
1392540.P256_01588,ftsA,Cell&nbsp;division&nbsp;protein&nbsp;FtsA,91.1
1392540.P256_02198,adk,Adenylate&nbsp;kinase,91.1
1392540.P256_01203,P256_01203,Fumarate&nbsp;hydratase&nbsp;class&nbsp;I,90.7
1392540.P256_02271,lolD,Lipoprotein-releasing&nbsp;system&nbsp;ATP-binding&nbsp;protein&nbsp;LolD,90.7
1392540.P256_00895,P256_00895,annotation&nbsp;not&nbsp;available,90.7
1392540.P256_00156,rplI,50S&nbsp;ribosomal&nbsp;protein&nbsp;L9,90.6
1392540.P256_01175,P256_01175,annotation&nbsp;not&nbsp;available,90.6
1392540.P256_01263,polA,DNA&nbsp;polymerase&nbsp;I,90.5
1392540.P256_00380,iscS,Cysteine&nbsp;desulfurase&nbsp;IscS,90.3
1392540.P256_01430,P256_01430,annotation&nbsp;not&nbsp;available,90.2
1392540.P256_00163,P256_00163,annotation&nbsp;not&nbsp;available,90.1
1392540.P256_01353,P256_01353,annotation&nbsp;not&nbsp;available,90.0
1392540.P256_00587,rpsU,annotation&nbsp;not&nbsp;available,90.0
1392540.P256_00201,pyrB,annotation&nbsp;not&nbsp;available,90.0
1392540.P256_00363,fabZ,3-hydroxyacyl-[acyl-carrier-protein]&nbsp;dehydratase&nbsp;FabZ,89.7
1392540.P256_01126,rpsL,30S&nbsp;ribosomal&nbsp;protein&nbsp;S12,89.7
1392540.P256_01860,P256_01860,Bacterioferritin,89.6
1392540.P256_00316,dnaX,DNA&nbsp;polymerase&nbsp;III&nbsp;subunit&nbsp;gamma/tau,89.6
1392540.P256_01406,P256_01406,annotation&nbsp;not&nbsp;available,89.4
1392540.P256_02355,P256_02355,annotation&nbsp;not&nbsp;available,89.4
1392540.P256_01415,P256_01415,annotation&nbsp;not&nbsp;available,89.3
1392540.P256_00611,P256_00611,annotation&nbsp;not&nbsp;available,89.2
1392540.P256_02439,ilvD,annotation&nbsp;not&nbsp;available,89.1
1392540.P256_01156,nuoB,NADH-quinone&nbsp;oxidoreductase&nbsp;subunit&nbsp;B,89.1
1392540.P256_00157,rpsR,30S&nbsp;ribosomal&nbsp;protein&nbsp;S18,89.1
1392540.P256_00922,P256_00922,annotation&nbsp;not&nbsp;available,89.0
1392540.P256_00591,purF,Amidophosphoribosyltransferase,89.0
1392540.P256_00271,P256_00271,annotation&nbsp;not&nbsp;available,89.0
1392540.P256_01064,P256_01064,annotation&nbsp;not&nbsp;available,88.8
1392540.P256_01762,rplX,50S&nbsp;ribosomal&nbsp;protein&nbsp;L24,88.8
1392540.P256_01809,P256_01809,annotation&nbsp;not&nbsp;available,88.5
1392540.P256_00354,pyrH,Uridylate&nbsp;kinase,88.5
1392540.P256_01177,P256_01177,NAD(P)&nbsp;transhydrogenase&nbsp;subunit&nbsp;beta,88.3
1392540.P256_02519,P256_02519,annotation&nbsp;not&nbsp;available,88.2
1392540.P256_01750,rpsK,30S&nbsp;ribosomal&nbsp;protein&nbsp;S11,88.1
1392540.P256_01923,P256_01923,annotation&nbsp;not&nbsp;available,88.1
1392540.P256_00360,bamA,Outer&nbsp;membrane&nbsp;protein&nbsp;assembly&nbsp;factor&nbsp;BamA,88.0
1392540.P256_00575,ilvA,L-threonine&nbsp;dehydratase,87.7
1392540.P256_00983,P256_00983,Uncharacterized&nbsp;protein,87.7
1392540.P256_01328,P256_01328,annotation&nbsp;not&nbsp;available,87.6
1392540.P256_01749,rpsD,30S&nbsp;ribosomal&nbsp;protein&nbsp;S4,87.6
1392540.P256_02054,P256_02054,annotation&nbsp;not&nbsp;available,87.5
1392540.P256_00810,groS,10&nbsp;kDa&nbsp;chaperonin,87.2
1392540.P256_01954,P256_01954,annotation&nbsp;not&nbsp;available,87.1
1392540.P256_01780,rpmG,annotation&nbsp;not&nbsp;available,86.9
1392540.P256_00153,gidA,tRNA&nbsp;uridine&nbsp;5-carboxymethylaminomethyl&nbsp;modification&nbsp;enzyme&nbsp;MnmG,86.7
1392540.P256_01161,P256_01161,annotation&nbsp;not&nbsp;available,86.5
1392540.P256_02151,prs,Ribose-phosphate&nbsp;pyrophosphokinase,86.4
1392540.P256_00311,dadA,D-amino&nbsp;acid&nbsp;dehydrogenase,86.3
1392540.P256_00139,rpsB,annotation&nbsp;not&nbsp;available,86.1
1392540.P256_01583,P256_01583,Pyruvate&nbsp;dehydrogenase&nbsp;E1&nbsp;component,85.8
1392540.P256_01059,P256_01059,annotation&nbsp;not&nbsp;available,85.8
1392540.P256_01804,leuD,3-isopropylmalate&nbsp;dehydratase&nbsp;small&nbsp;subunit,85.6
1392540.P256_00653,tmk,Thymidylate&nbsp;kinase,85.6
1392540.P256_01660,P256_01660,annotation&nbsp;not&nbsp;available,85.2
1392540.P256_01805,leuC,3-isopropylmalate&nbsp;dehydratase&nbsp;large&nbsp;subunit,85.2
1392540.P256_02429,P256_02429,annotation&nbsp;not&nbsp;available,85.0
1392540.P256_01635,thiL,Thiamine-monophosphate&nbsp;kinase,84.8
1392540.P256_00160,P256_00160,annotation&nbsp;not&nbsp;available,84.7
1392540.P256_01869,P256_01869,annotation&nbsp;not&nbsp;available,84.4
1392540.P256_00627,P256_00627,annotation&nbsp;not&nbsp;available,84.4
1392540.P256_00864,eno,Enolase,84.1
1392540.P256_01942,P256_01942,Threonine&nbsp;synthase,84.1
1392540.P256_00207,rpmE,50S&nbsp;ribosomal&nbsp;protein&nbsp;L31,83.8
1392540.P256_01587,ftsZ,Cell&nbsp;division&nbsp;protein&nbsp;FtsZ,83.7
1392540.P256_01216,P256_01216,2-isopropylmalate&nbsp;synthase,83.6
1392540.P256_01770,rplB,50S&nbsp;ribosomal&nbsp;protein&nbsp;L2,83.4
1392540.P256_00962,P256_00962,annotation&nbsp;not&nbsp;available,83.3
1392540.P256_02385,P256_02385,Peptide&nbsp;deformylase,83.3
1392540.P256_00480,P256_00480,Integration&nbsp;host&nbsp;factor&nbsp;subunit&nbsp;beta,83.2
1392540.P256_02077,nadE,Glutamine-dependent&nbsp;NAD(+)&nbsp;synthetase,83.1
1392540.P256_00932,ligA,DNA&nbsp;ligase,83.1
1392540.P256_01144,upp,Uracil&nbsp;phosphoribosyltransferase,83.1
1392540.P256_01893,P256_01893,annotation&nbsp;not&nbsp;available,83.0
1392540.P256_01364,secB,Protein-export&nbsp;protein&nbsp;SecB,82.9
1392540.P256_01940,P256_01940,Thiol:disulfide&nbsp;interchange&nbsp;protein,82.6
1392540.P256_01931,P256_01931,"3',5'-cyclic&nbsp;adenosine&nbsp;monophosphate&nbsp;phosphodiesterase&nbsp;CpdA",82.6
1392540.P256_02099,acpP,Acyl&nbsp;carrier&nbsp;protein,82.6
1392540.P256_02278,P256_02278,annotation&nbsp;not&nbsp;available,82.5
1392540.P256_00481,P256_00481,30S&nbsp;ribosomal&nbsp;protein&nbsp;S1,82.5
1392540.P256_02056,P256_02056,annotation&nbsp;not&nbsp;available,82.4
1392540.P256_00151,glyA,Serine&nbsp;hydroxymethyltransferase,82.4
1392540.P256_01772,rplD,50S&nbsp;ribosomal&nbsp;protein&nbsp;L4,82.3
1392540.P256_00122,P256_00122,annotation&nbsp;not&nbsp;available,82.3
1392540.P256_01957,nrdR,Transcriptional&nbsp;repressor&nbsp;NrdR,82.3
1392540.P256_00751,P256_00751,Ferredoxin,82.3
1392540.P256_00484,P256_00484,annotation&nbsp;not&nbsp;available,82.2
1392540.P256_01856,rpoZ,DNA-directed&nbsp;RNA&nbsp;polymerase&nbsp;subunit&nbsp;omega,82.0
1392540.P256_01147,P256_01147,annotation&nbsp;not&nbsp;available,82.0
1392540.P256_01479,hisF,Imidazole&nbsp;glycerol&nbsp;phosphate&nbsp;synthase&nbsp;subunit&nbsp;HisF,82.0
1392540.P256_02016,P256_02016,annotation&nbsp;not&nbsp;available,82.0
1392540.P256_02195,mrdA,"Peptidoglycan&nbsp;D,D-transpeptidase&nbsp;MrdA",81.8
1392540.P256_02393,atpC,ATP&nbsp;synthase&nbsp;epsilon&nbsp;chain,81.8
1392540.P256_01016,P256_01016,Ribonucleoside-diphosphate&nbsp;reductase,81.7
1392540.P256_00926,P256_00926,annotation&nbsp;not&nbsp;available,81.7
1392540.P256_00137,P256_00137,annotation&nbsp;not&nbsp;available,81.7
1392540.P256_00268,P256_00268,annotation&nbsp;not&nbsp;available,81.6
1392540.P256_00400,P256_00400,annotation&nbsp;not&nbsp;available,81.2
1392540.P256_02083,P256_02083,L-aspartate&nbsp;oxidase,81.0
1392540.P256_01148,nuoK,NADH-quinone&nbsp;oxidoreductase&nbsp;subunit&nbsp;K,80.9
1392540.P256_01448,gltX,Glutamate--tRNA&nbsp;ligase,80.8
1392540.P256_02208,P256_02208,Penicillin-binding&nbsp;protein&nbsp;1B,80.8
1392540.P256_02398,atpF,ATP&nbsp;synthase&nbsp;subunit&nbsp;b,80.6
1392540.P256_01429,P256_01429,annotation&nbsp;not&nbsp;available,80.5
1392540.P256_01935,murD,UDP-N-acetylmuramoylalanine--D-glutamate&nbsp;ligase,80.4
1392540.P256_00270,moaA,"GTP&nbsp;3',8-cyclase",80.3
1392540.P256_02283,fbp,annotation&nbsp;not&nbsp;available,80.3
1392540.P256_00525,P256_00525,Transketolase,80.3
1392540.P256_01925,argH,annotation&nbsp;not&nbsp;available,80.1
1392540.P256_02275,purN,Phosphoribosylglycinamide&nbsp;formyltransferase,79.9
1392540.P256_01956,P256_01956,Riboflavin&nbsp;biosynthesis&nbsp;protein&nbsp;RibD,79.8
1392540.P256_01846,rpsP,annotation&nbsp;not&nbsp;available,79.7
1392540.P256_00956,rplU,50S&nbsp;ribosomal&nbsp;protein&nbsp;L21,79.7
1392540.P256_01157,nuoA,NADH-quinone&nbsp;oxidoreductase&nbsp;subunit&nbsp;A,79.6
1392540.P256_00446,P256_00446,annotation&nbsp;not&nbsp;available,79.5
1392540.P256_01918,P256_01918,annotation&nbsp;not&nbsp;available,79.4
1392540.P256_02302,P256_02302,annotation&nbsp;not&nbsp;available,79.3
1392540.P256_00162,P256_00162,annotation&nbsp;not&nbsp;available,79.3
1392540.P256_02147,P256_02147,"3,4-dihydroxy-2-butanone&nbsp;4-phosphate&nbsp;synthase",79.3
1392540.P256_02160,bamD,Outer&nbsp;membrane&nbsp;protein&nbsp;assembly&nbsp;factor&nbsp;BamD,79.0
1392540.P256_02040,P256_02040,annotation&nbsp;not&nbsp;available,79.0
1392540.P256_01854,ispH,4-hydroxy-3-methylbut-2-enyl&nbsp;diphosphate&nbsp;reductase,78.8
1392540.P256_00448,P256_00448,annotation&nbsp;not&nbsp;available,78.7
1392540.P256_00930,P256_00930,Bacterioferritin,78.7
1392540.P256_00642,P256_00642,annotation&nbsp;not&nbsp;available,78.5
1392540.P256_02189,P256_02189,annotation&nbsp;not&nbsp;available,78.4
1392540.P256_01707,argA,annotation&nbsp;not&nbsp;available,78.4
1392540.P256_01041,rplT,50S&nbsp;ribosomal&nbsp;protein&nbsp;L20,78.4
1392540.P256_01196,nagZ,Beta-hexosaminidase,78.3
1392540.P256_02558,P256_02558,annotation&nbsp;not&nbsp;available,78.1
1392540.P256_00388,P256_00388,annotation&nbsp;not&nbsp;available,78.0
1392540.P256_00667,P256_00667,annotation&nbsp;not&nbsp;available,77.8
1392540.P256_02270,P256_02270,annotation&nbsp;not&nbsp;available,77.7
1392540.P256_01160,P256_01160,annotation&nbsp;not&nbsp;available,77.7
1392540.P256_00336,P256_00336,annotation&nbsp;not&nbsp;available,77.6
1392540.P256_02419,P256_02419,annotation&nbsp;not&nbsp;available,77.5
1392540.P256_01145,nuoN,NADH-quinone&nbsp;oxidoreductase&nbsp;subunit&nbsp;N,77.4
1392540.P256_01717,P256_01717,annotation&nbsp;not&nbsp;available,77.3
1392540.P256_00379,P256_00379,Iron-sulfur&nbsp;cluster&nbsp;assembly&nbsp;scaffold&nbsp;protein&nbsp;IscU,77.3
1392540.P256_02209,nadK,NAD&nbsp;kinase,77.3
1392540.P256_00330,cysD,annotation&nbsp;not&nbsp;available,77.2
1392540.P256_00773,P256_00773,annotation&nbsp;not&nbsp;available,77.2
1392540.P256_01959,P256_01959,annotation&nbsp;not&nbsp;available,77.0
1392540.P256_01763,rplN,50S&nbsp;ribosomal&nbsp;protein&nbsp;L14,77.0
1392540.P256_01999,P256_01999,annotation&nbsp;not&nbsp;available,76.9
1392540.P256_01439,P256_01439,annotation&nbsp;not&nbsp;available,76.9
1392540.P256_02301,P256_02301,annotation&nbsp;not&nbsp;available,76.6
1392540.P256_01907,rplA,50S&nbsp;ribosomal&nbsp;protein&nbsp;L1,76.6
1392540.P256_00870,P256_00870,Bifunctional&nbsp;protein&nbsp;PutA,76.4
1392540.P256_01266,P256_01266,annotation&nbsp;not&nbsp;available,76.3
1392540.P256_02050,dcd,annotation&nbsp;not&nbsp;available,76.1
1392540.P256_00757,glnS,annotation&nbsp;not&nbsp;available,76.1
1392540.P256_00610,P256_00610,annotation&nbsp;not&nbsp;available,75.9
1392540.P256_01174,P256_01174,annotation&nbsp;not&nbsp;available,75.7
1392540.P256_01904,rpoB,DNA-directed&nbsp;RNA&nbsp;polymerase&nbsp;subunit&nbsp;beta,75.5
1392540.P256_01473,hisH,Imidazole&nbsp;glycerol&nbsp;phosphate&nbsp;synthase&nbsp;subunit&nbsp;HisH,75.3
1392540.P256_02400,atpB,ATP&nbsp;synthase&nbsp;subunit&nbsp;a,75.3
1392540.P256_01964,ppa,Inorganic&nbsp;pyrophosphatase,75.3
1392540.P256_01399,pnp,Polyribonucleotide&nbsp;nucleotidyltransferase,75.3
1392540.P256_01333,bamB,Outer&nbsp;membrane&nbsp;protein&nbsp;assembly&nbsp;factor&nbsp;BamB,75.2
1392540.P256_01128,P256_01128,annotation&nbsp;not&nbsp;available,75.2
1392540.P256_01155,nuoC,NADH-quinone&nbsp;oxidoreductase&nbsp;subunit&nbsp;C/D,75.2
1392540.P256_00386,gcvH,Glycine&nbsp;cleavage&nbsp;system&nbsp;H&nbsp;protein,75.2
1392540.P256_00911,betB,NAD/NADP-dependent&nbsp;betaine&nbsp;aldehyde&nbsp;dehydrogenase,75.0
1392540.P256_01774,rpsJ,30S&nbsp;ribosomal&nbsp;protein&nbsp;S10,74.5
1392540.P256_00949,cysG,Siroheme&nbsp;synthase,74.4
1392540.P256_00374,P256_00374,annotation&nbsp;not&nbsp;available,74.4
1392540.P256_00158,rpsF,30S&nbsp;ribosomal&nbsp;protein&nbsp;S6,74.3
1392540.P256_02007,P256_02007,annotation&nbsp;not&nbsp;available,74.2
1392540.P256_02107,carA,annotation&nbsp;not&nbsp;available,74.1
1392540.P256_01171,P256_01171,Uncharacterized&nbsp;protein,74.1
1392540.P256_01952,P256_01952,annotation&nbsp;not&nbsp;available,74.1
1392540.P256_01771,rplW,50S&nbsp;ribosomal&nbsp;protein&nbsp;L23,74.1
1392540.P256_00123,gyrA,DNA&nbsp;gyrase&nbsp;subunit&nbsp;A,73.7
1392540.P256_01822,glyQ,annotation&nbsp;not&nbsp;available,73.7
1392540.P256_02482,P256_02482,Beta&nbsp;sliding&nbsp;clamp,73.6
1392540.P256_00505,mutL,DNA&nbsp;mismatch&nbsp;repair&nbsp;protein&nbsp;MutL,73.5
1392540.P256_02295,P256_02295,annotation&nbsp;not&nbsp;available,73.4
1392540.P256_01755,rpmD,annotation&nbsp;not&nbsp;available,73.3
1392540.P256_01002,rnt,Ribonuclease&nbsp;T,73.3
1392540.P256_01769,rpsS,30S&nbsp;ribosomal&nbsp;protein&nbsp;S19,73.2
1392540.P256_01758,rplF,50S&nbsp;ribosomal&nbsp;protein&nbsp;L6,73.2
1392540.P256_00535,P256_00535,annotation&nbsp;not&nbsp;available,73.1
1392540.P256_01992,P256_01992,annotation&nbsp;not&nbsp;available,73.0
1392540.P256_00775,mnmA,tRNA-specific&nbsp;2-thiouridylase&nbsp;MnmA,73.0
1392540.P256_01272,rplM,50S&nbsp;ribosomal&nbsp;protein&nbsp;L13,73.0
1392540.P256_00569,P256_00569,annotation&nbsp;not&nbsp;available,72.9
1392540.P256_00541,P256_00541,annotation&nbsp;not&nbsp;available,72.8
1392540.P256_02014,hisC,annotation&nbsp;not&nbsp;available,72.7
1392540.P256_01908,rplK,50S&nbsp;ribosomal&nbsp;protein&nbsp;L11,72.6
1392540.P256_01843,rplS,50S&nbsp;ribosomal&nbsp;protein&nbsp;L19,72.6
1392540.P256_01757,rplR,50S&nbsp;ribosomal&nbsp;protein&nbsp;L18,72.6
1392540.P256_01215,P256_01215,annotation&nbsp;not&nbsp;available,72.6
1392540.P256_00165,P256_00165,Phosphoenolpyruvate&nbsp;synthase,72.6
1392540.P256_01033,P256_01033,annotation&nbsp;not&nbsp;available,72.5
1392540.P256_00341,P256_00341,Transaldolase,72.5
1392540.P256_02025,P256_02025,annotation&nbsp;not&nbsp;available,72.4
1392540.P256_00570,clpS,ATP-dependent&nbsp;Clp&nbsp;protease&nbsp;adapter&nbsp;protein&nbsp;ClpS,72.3
1392540.P256_01566,P256_01566,annotation&nbsp;not&nbsp;available,72.3
1392540.P256_02480,rpmH,annotation&nbsp;not&nbsp;available,72.2
1392540.P256_01686,P256_01686,annotation&nbsp;not&nbsp;available,72.2
1392540.P256_01038,pheT,annotation&nbsp;not&nbsp;available,72.1
1392540.P256_01001,pyrC,Dihydroorotase,72.0
1392540.P256_01766,rplP,50S&nbsp;ribosomal&nbsp;protein&nbsp;L16,71.9
1392540.P256_02196,P256_02196,annotation&nbsp;not&nbsp;available,71.9
1392540.P256_00456,P256_00456,Uncharacterized&nbsp;protein,71.8
1392540.P256_00940,rpoD,RNA&nbsp;polymerase&nbsp;sigma&nbsp;factor&nbsp;RpoD,71.7
1392540.P256_01647,P256_01647,annotation&nbsp;not&nbsp;available,71.6
1392540.P256_01050,kdpA,Potassium-transporting&nbsp;ATPase&nbsp;potassium-binding&nbsp;subunit,71.6
1392540.P256_00461,P256_00461,annotation&nbsp;not&nbsp;available,71.6
1392540.P256_01037,himA,Integration&nbsp;host&nbsp;factor&nbsp;subunit&nbsp;alpha,71.5
1392540.P256_01273,rpsI,annotation&nbsp;not&nbsp;available,71.1
1392540.P256_01159,P256_01159,annotation&nbsp;not&nbsp;available,71.1
1392540.P256_01873,tpiA,Triosephosphate&nbsp;isomerase,71.0
1392540.P256_01752,P256_01752,annotation&nbsp;not&nbsp;available,71.0
1392540.P256_01839,P256_01839,annotation&nbsp;not&nbsp;available,71.0
1392540.P256_01633,ribH,"6,7-dimethyl-8-ribityllumazine&nbsp;synthase",70.9
1392540.P256_01297,trpF,annotation&nbsp;not&nbsp;available,70.6
1392540.P256_02511,P256_02511,annotation&nbsp;not&nbsp;available,70.6
1392540.P256_01903,rpoC,DNA-directed&nbsp;RNA&nbsp;polymerase&nbsp;subunit&nbsp;beta,70.6
1392540.P256_02491,P256_02491,annotation&nbsp;not&nbsp;available,70.2
1392540.P256_00303,cysA,Sulfate/thiosulfate&nbsp;import&nbsp;ATP-binding&nbsp;protein&nbsp;CysA,70.2
1392540.P256_02106,carB,annotation&nbsp;not&nbsp;available,70.1
1392540.P256_01279,ribA,GTP&nbsp;cyclohydrolase-2,70.0
1392540.P256_00960,P256_00960,annotation&nbsp;not&nbsp;available,69.9
1392540.P256_01779,rpmB,annotation&nbsp;not&nbsp;available,69.9
1392540.P256_00327,P256_00327,annotation&nbsp;not&nbsp;available,69.9
1392540.P256_00415,tauB,Taurine&nbsp;import&nbsp;ATP-binding&nbsp;protein&nbsp;TauB,69.8
1392540.P256_01632,P256_01632,"3,4-dihydroxy-2-butanone&nbsp;4-phosphate&nbsp;synthase",69.6
1392540.P256_02477,yidC,Membrane&nbsp;protein&nbsp;insertase&nbsp;YidC,69.5
1392540.P256_01625,P256_01625,annotation&nbsp;not&nbsp;available,69.4
1392540.P256_00841,metZ,O-succinylhomoserine&nbsp;sulfhydrylase,69.2
1392540.P256_01582,P256_01582,annotation&nbsp;not&nbsp;available,69.2
1392540.P256_00436,fumC,Fumarate&nbsp;hydratase&nbsp;class&nbsp;II,69.2
1392540.P256_02156,P256_02156,annotation&nbsp;not&nbsp;available,69.1
1392540.P256_02399,atpE,ATP&nbsp;synthase&nbsp;subunit&nbsp;c,69.1
1392540.P256_02049,P256_02049,annotation&nbsp;not&nbsp;available,69.0
1392540.P256_01178,P256_01178,annotation&nbsp;not&nbsp;available,69.0
1392540.P256_00639,rbsK,Ribokinase,69.0
1392540.P256_00814,folD,Bifunctional&nbsp;protein&nbsp;FolD,68.8
1392540.P256_02012,hisG,ATP&nbsp;phosphoribosyltransferase,68.6
1392540.P256_01773,rplC,50S&nbsp;ribosomal&nbsp;protein&nbsp;L3,68.6
1392540.P256_02285,P256_02285,annotation&nbsp;not&nbsp;available,68.3
1392540.P256_00007,P256_00007,annotation&nbsp;not&nbsp;available,68.0
1392540.P256_02324,P256_02324,annotation&nbsp;not&nbsp;available,67.9
1392540.P256_01151,nuoH,NADH-quinone&nbsp;oxidoreductase&nbsp;subunit&nbsp;H,67.7
1392540.P256_00961,P256_00961,annotation&nbsp;not&nbsp;available,67.6
1392540.P256_01656,purC,annotation&nbsp;not&nbsp;available,67.5
1392540.P256_00402,purT,Formate-dependent&nbsp;phosphoribosylglycinamide&nbsp;formyltransferase,67.5
1392540.P256_01443,murE,"UDP-N-acetylmuramoyl-L-alanyl-D-glutamate--2,6-diaminopimelate&nbsp;ligase",67.4
1392540.P256_01350,P256_01350,annotation&nbsp;not&nbsp;available,67.4
1392540.P256_00331,cysN,Sulfate&nbsp;adenylyltransferase&nbsp;subunit&nbsp;1,67.4
1392540.P256_00184,hisZ,ATP&nbsp;phosphoribosyltransferase&nbsp;regulatory&nbsp;subunit,67.4
1392540.P256_01733,P256_01733,annotation&nbsp;not&nbsp;available,67.4
1392540.P256_02033,P256_02033,annotation&nbsp;not&nbsp;available,67.4
1392540.P256_01329,secD,Protein&nbsp;translocase&nbsp;subunit&nbsp;SecD,67.4
1392540.P256_01614,gshA,annotation&nbsp;not&nbsp;available,67.3
1392540.P256_01049,kdpB,Potassium-transporting&nbsp;ATPase&nbsp;ATP-binding&nbsp;subunit,67.3
1392540.P256_00928,P256_00928,annotation&nbsp;not&nbsp;available,67.2
1392540.P256_01917,trpE,Anthranilate&nbsp;synthase&nbsp;component&nbsp;1,67.1
1392540.P256_02009,P256_02009,RNA&nbsp;polymerase&nbsp;sigma-54&nbsp;factor,66.9
1392540.P256_01906,rplJ,50S&nbsp;ribosomal&nbsp;protein&nbsp;L10,66.8
1392540.P256_01252,P256_01252,annotation&nbsp;not&nbsp;available,66.7
1392540.P256_01874,P256_01874,annotation&nbsp;not&nbsp;available,66.5
1392540.P256_02447,dnaK,Chaperone&nbsp;protein&nbsp;DnaK,66.2
1392540.P256_01031,accA,Acetyl-coenzyme&nbsp;A&nbsp;carboxylase&nbsp;carboxyl&nbsp;transferase&nbsp;subunit&nbsp;alpha,66.0
1392540.P256_01996,maeA,annotation&nbsp;not&nbsp;available,65.9
1392540.P256_01924,hemC,Porphobilinogen&nbsp;deaminase,65.8
1392540.P256_02334,P256_02334,annotation&nbsp;not&nbsp;available,65.8
1392540.P256_02097,P256_02097,annotation&nbsp;not&nbsp;available,65.7
1392540.P256_02421,P256_02421,annotation&nbsp;not&nbsp;available,65.6
1392540.P256_01104,argB,Acetylglutamate&nbsp;kinase,65.5
1392540.P256_01765,rpmC,annotation&nbsp;not&nbsp;available,65.5
1392540.P256_01319,ilvE,Branched-chain-amino-acid&nbsp;aminotransferase,65.4
1392540.P256_02356,P256_02356,annotation&nbsp;not&nbsp;available,65.2
1392540.P256_01777,purU,Formyltetrahydrofolate&nbsp;deformylase,65.2
1392540.P256_02286,tolB,Protein&nbsp;TolB,65.1
1392540.P256_01593,gshB,annotation&nbsp;not&nbsp;available,65.0
1392540.P256_02150,rplY,50S&nbsp;ribosomal&nbsp;protein&nbsp;L25,64.9
1392540.P256_01596,pyrE,Orotate&nbsp;phosphoribosyltransferase,64.7
1392540.P256_02213,aroA,3-phosphoshikimate&nbsp;1-carboxyvinyltransferase,64.6
1392540.P256_01164,P256_01164,annotation&nbsp;not&nbsp;available,64.5
1392540.P256_01020,P256_01020,annotation&nbsp;not&nbsp;available,64.5
1392540.P256_00017,folE,annotation&nbsp;not&nbsp;available,64.4
1392540.P256_01242,plsB,annotation&nbsp;not&nbsp;available,64.3
1392540.P256_00771,surE,5'-nucleotidase&nbsp;SurE,64.3
1392540.P256_00444,P256_00444,Sulfurtransferase,64.2
1392540.P256_02405,P256_02405,annotation&nbsp;not&nbsp;available,64.1
1392540.P256_02098,P256_02098,annotation&nbsp;not&nbsp;available,63.9
1392540.P256_01823,glyS,annotation&nbsp;not&nbsp;available,63.8
1392540.P256_01330,secF,Protein-export&nbsp;membrane&nbsp;protein&nbsp;SecF,63.6
1392540.P256_01017,P256_01017,Ribonucleoside-diphosphate&nbsp;reductase&nbsp;subunit&nbsp;beta,63.4
1392540.P256_00161,P256_00161,annotation&nbsp;not&nbsp;available,63.4
1392540.P256_00490,P256_00490,annotation&nbsp;not&nbsp;available,63.3
1392540.P256_00180,P256_00180,annotation&nbsp;not&nbsp;available,63.3
1392540.P256_01974,guaA,GMP&nbsp;synthase&nbsp;[glutamine-hydrolyzing],63.2
1392540.P256_02396,atpA,ATP&nbsp;synthase&nbsp;subunit&nbsp;alpha,63.2
1392540.P256_01344,P256_01344,annotation&nbsp;not&nbsp;available,63.1
1392540.P256_01634,nusB,Transcription&nbsp;antitermination&nbsp;protein&nbsp;NusB,63.0
1392540.P256_01345,P256_01345,annotation&nbsp;not&nbsp;available,62.9
1392540.P256_01423,nusA,Transcription&nbsp;termination/antitermination&nbsp;protein&nbsp;NusA,62.7
1392540.P256_02451,purK,N5-carboxyaminoimidazole&nbsp;ribonucleotide&nbsp;synthase,62.5
1392540.P256_01887,P256_01887,annotation&nbsp;not&nbsp;available,62.4
1392540.P256_00159,cyoE,Protoheme&nbsp;IX&nbsp;farnesyltransferase,62.4
1392540.P256_01621,P256_01621,annotation&nbsp;not&nbsp;available,62.3
1392540.P256_01910,secE,Protein&nbsp;translocase&nbsp;subunit&nbsp;SecE,62.1
1392540.P256_01363,P256_01363,Glutaredoxin,62.0
1392540.P256_00370,P256_00370,annotation&nbsp;not&nbsp;available,61.9
1392540.P256_00325,pgk,annotation&nbsp;not&nbsp;available,61.8
1392540.P256_00301,P256_00301,annotation&nbsp;not&nbsp;available,61.7
1392540.P256_01814,P256_01814,annotation&nbsp;not&nbsp;available,61.7
1392540.P256_00371,rpsT,30S&nbsp;ribosomal&nbsp;protein&nbsp;S20,61.5
1392540.P256_01152,P256_01152,annotation&nbsp;not&nbsp;available,61.4
1392540.P256_02452,purE,N5-carboxyaminoimidazole&nbsp;ribonucleotide&nbsp;mutase,61.2
1392540.P256_01753,secY,Protein&nbsp;translocase&nbsp;subunit&nbsp;SecY,61.1
1392540.P256_02397,atpH,ATP&nbsp;synthase&nbsp;subunit&nbsp;delta,61.0
1392540.P256_02420,P256_02420,annotation&nbsp;not&nbsp;available,61.0
1392540.P256_00021,P256_00021,annotation&nbsp;not&nbsp;available,60.9
1392540.P256_02553,accD,Acetyl-coenzyme&nbsp;A&nbsp;carboxylase&nbsp;carboxyl&nbsp;transferase&nbsp;subunit&nbsp;beta,60.9
1392540.P256_01400,rpsO,30S&nbsp;ribosomal&nbsp;protein&nbsp;S15,60.9
1392540.P256_00273,P256_00273,annotation&nbsp;not&nbsp;available,60.8
1392540.P256_01179,P256_01179,annotation&nbsp;not&nbsp;available,60.8
1392540.P256_00455,P256_00455,annotation&nbsp;not&nbsp;available,60.7
1392540.P256_01756,rpsE,30S&nbsp;ribosomal&nbsp;protein&nbsp;S5,60.5
1392540.P256_00842,P256_00842,annotation&nbsp;not&nbsp;available,60.5
1392540.P256_00206,P256_00206,annotation&nbsp;not&nbsp;available,60.5
1392540.P256_00265,P256_00265,annotation&nbsp;not&nbsp;available,60.4
1392540.P256_01150,nuoI,NADH-quinone&nbsp;oxidoreductase&nbsp;subunit&nbsp;I,60.4
1392540.P256_01866,ssuD,Alkanesulfonate&nbsp;monooxygenase,60.2
1392540.P256_01767,rpsC,30S&nbsp;ribosomal&nbsp;protein&nbsp;S3,60.1
1392540.P256_00441,P256_00441,annotation&nbsp;not&nbsp;available,60.1
1392540.P256_01464,P256_01464,annotation&nbsp;not&nbsp;available,60.0
1392540.P256_00276,P256_00276,annotation&nbsp;not&nbsp;available,60.0
1392540.P256_00942,lipB,Octanoyltransferase,59.8
1392540.P256_00748,mutS,DNA&nbsp;mismatch&nbsp;repair&nbsp;protein&nbsp;MutS,59.8
1392540.P256_01764,rpsQ,30S&nbsp;ribosomal&nbsp;protein&nbsp;S17,59.8
1392540.P256_02432,P256_02432,annotation&nbsp;not&nbsp;available,59.8
1392540.P256_02242,ppk,Polyphosphate&nbsp;kinase,59.8
1392540.P256_01149,P256_01149,annotation&nbsp;not&nbsp;available,59.7
1392540.P256_01047,P256_01047,annotation&nbsp;not&nbsp;available,59.7
1392540.P256_01941,P256_01941,annotation&nbsp;not&nbsp;available,59.7
1392540.P256_00747,P256_00747,annotation&nbsp;not&nbsp;available,59.6
1392540.P256_00267,P256_00267,annotation&nbsp;not&nbsp;available,59.5
1392540.P256_00304,P256_00304,annotation&nbsp;not&nbsp;available,59.3
1392540.P256_01958,P256_01958,annotation&nbsp;not&nbsp;available,59.2
1392540.P256_02498,P256_02498,annotation&nbsp;not&nbsp;available,58.9
1392540.P256_01987,P256_01987,annotation&nbsp;not&nbsp;available,58.9
1392540.P256_01361,rsgA,Small&nbsp;ribosomal&nbsp;subunit&nbsp;biogenesis&nbsp;GTPase&nbsp;RsgA,58.9
1392540.P256_02431,P256_02431,annotation&nbsp;not&nbsp;available,58.7
1392540.P256_00121,P256_00121,annotation&nbsp;not&nbsp;available,58.6
1392540.P256_02446,grpE,Protein&nbsp;GrpE,58.6
1392540.P256_02534,fmt,Methionyl-tRNA&nbsp;formyltransferase,58.3
1392540.P256_00266,P256_00266,annotation&nbsp;not&nbsp;available,58.3
1392540.P256_00929,P256_00929,annotation&nbsp;not&nbsp;available,58.3
1392540.P256_02140,ffh,Signal&nbsp;recognition&nbsp;particle&nbsp;protein,58.2
1392540.P256_01119,P256_01119,annotation&nbsp;not&nbsp;available,58.2
1392540.P256_00401,glnD,Bifunctional&nbsp;uridylyltransferase/uridylyl-removing&nbsp;enzyme,58.1
1392540.P256_00643,P256_00643,annotation&nbsp;not&nbsp;available,57.9
1392540.P256_00414,P256_00414,annotation&nbsp;not&nbsp;available,57.8
1392540.P256_02190,lipA,Lipoyl&nbsp;synthase,57.8
1392540.P256_01754,rplO,50S&nbsp;ribosomal&nbsp;protein&nbsp;L15,57.7
1392540.P256_01622,P256_01622,annotation&nbsp;not&nbsp;available,57.7
1392540.P256_01796,P256_01796,annotation&nbsp;not&nbsp;available,57.5
1392540.P256_01817,rne,Ribonuclease&nbsp;E,57.4
1392540.P256_01905,rplL,50S&nbsp;ribosomal&nbsp;protein&nbsp;L7/L12,57.3
1392540.P256_01442,murF,UDP-N-acetylmuramoyl-tripeptide--D-alanyl-D-alanine&nbsp;ligase,57.2
1392540.P256_01039,pheS,annotation&nbsp;not&nbsp;available,57.2
1392540.P256_02549,secA,Protein&nbsp;translocase&nbsp;subunit&nbsp;SecA,57.1
1392540.P256_01894,P256_01894,annotation&nbsp;not&nbsp;available,57.1
1392540.P256_00957,P256_00957,annotation&nbsp;not&nbsp;available,57.0
1392540.P256_01601,P256_01601,annotation&nbsp;not&nbsp;available,56.8
1392540.P256_02067,P256_02067,annotation&nbsp;not&nbsp;available,56.8
1392540.P256_01201,proA,Gamma-glutamyl&nbsp;phosphate&nbsp;reductase,56.8
1392540.P256_01948,gpmI,"2,3-bisphosphoglycerate-independent&nbsp;phosphoglycerate&nbsp;mutase",56.6
1392540.P256_00593,pyrD,Dihydroorotate&nbsp;dehydrogenase&nbsp;(quinone),56.6
1392540.P256_00269,P256_00269,Molybdenum&nbsp;cofactor&nbsp;guanylyltransferase,56.5
1392540.P256_00482,cmk,annotation&nbsp;not&nbsp;available,56.4
1392540.P256_01351,macB,Macrolide&nbsp;export&nbsp;ATP-binding/permease&nbsp;protein&nbsp;MacB,56.4
1392540.P256_02476,mnmE,tRNA&nbsp;modification&nbsp;GTPase&nbsp;MnmE,56.2
1392540.P256_01654,dapA,4-hydroxy-tetrahydrodipicolinate&nbsp;synthase,56.2
1392540.P256_01395,P256_01395,annotation&nbsp;not&nbsp;available,56.2
1392540.P256_02427,P256_02427,annotation&nbsp;not&nbsp;available,56.1
1392540.P256_01674,ppc,Phosphoenolpyruvate&nbsp;carboxylase,55.9
1392540.P256_01015,metG,Methionine--tRNA&nbsp;ligase,55.9
1392540.P256_01872,P256_01872,annotation&nbsp;not&nbsp;available,55.8
1392540.P256_02182,P256_02182,annotation&nbsp;not&nbsp;available,55.2
1392540.P256_00809,groL,60&nbsp;kDa&nbsp;chaperonin,55.0
1392540.P256_01672,dnaJ,Chaperone&nbsp;protein&nbsp;DnaJ,54.8
1392540.P256_01048,kdpC,Potassium-transporting&nbsp;ATPase&nbsp;KdpC&nbsp;subunit,54.8
1392540.P256_00955,rpmA,annotation&nbsp;not&nbsp;available,54.7
1392540.P256_02422,mqo,annotation&nbsp;not&nbsp;available,54.7
1392540.P256_01747,rplQ,annotation&nbsp;not&nbsp;available,54.6
1392540.P256_01857,P256_01857,annotation&nbsp;not&nbsp;available,54.5
1392540.P256_01768,rplV,50S&nbsp;ribosomal&nbsp;protein&nbsp;L22,54.4
1392540.P256_00085,P256_00085,annotation&nbsp;not&nbsp;available,54.4
1392540.P256_02249,thiE,Thiamine-phosphate&nbsp;synthase,54.1
1392540.P256_02121,P256_02121,annotation&nbsp;not&nbsp;available,54.0
1392540.P256_00362,lpxD,UDP-3-O-acylglucosamine&nbsp;N-acyltransferase,53.9
1392540.P256_01349,P256_01349,annotation&nbsp;not&nbsp;available,53.9
1392540.P256_01296,trpB,Tryptophan&nbsp;synthase&nbsp;beta&nbsp;chain,53.8
1392540.P256_02055,P256_02055,annotation&nbsp;not&nbsp;available,53.7
1392540.P256_00992,gatA,Glutamyl-tRNA(Gln)&nbsp;amidotransferase&nbsp;subunit&nbsp;A,53.3
1392540.P256_00277,P256_00277,annotation&nbsp;not&nbsp;available,53.2
1392540.P256_00185,purA,Adenylosuccinate&nbsp;synthetase,53.2
1392540.P256_02057,P256_02057,annotation&nbsp;not&nbsp;available,53.0
1392540.P256_01618,P256_01618,annotation&nbsp;not&nbsp;available,53.0
1392540.P256_00991,gatC,Aspartyl/glutamyl-tRNA(Asn/Gln)&nbsp;amidotransferase&nbsp;subunit&nbsp;C,52.9
1392540.P256_00537,P256_00537,annotation&nbsp;not&nbsp;available,52.7
1392540.P256_02231,P256_02231,annotation&nbsp;not&nbsp;available,52.6
1392540.P256_00812,pckG,Phosphoenolpyruvate&nbsp;carboxykinase&nbsp;[GTP],52.5
1392540.P256_01746,P256_01746,annotation&nbsp;not&nbsp;available,52.5
1392540.P256_00275,P256_00275,annotation&nbsp;not&nbsp;available,52.3
1392540.P256_00299,P256_00299,annotation&nbsp;not&nbsp;available,52.3
1392540.P256_00352,P256_00352,annotation&nbsp;not&nbsp;available,52.3
1392540.P256_01937,P256_01937,Ferrous&nbsp;iron&nbsp;transport&nbsp;protein&nbsp;B,52.3
1392540.P256_00876,purH,annotation&nbsp;not&nbsp;available,52.1
1392540.P256_02395,atpG,ATP&nbsp;synthase&nbsp;gamma&nbsp;chain,51.9
1392540.P256_00464,P256_00464,annotation&nbsp;not&nbsp;available,51.3
