1217656.F964_00465,F964_00465,annotation&nbsp;not&nbsp;available,98.9
1217656.F964_02459,F964_02459,annotation&nbsp;not&nbsp;available,98.9
1217656.F964_00293,F964_00293,annotation&nbsp;not&nbsp;available,98.7
1217656.F964_01475,F964_01475,dITP/XTP&nbsp;pyrophosphatase,98.7
1217656.F964_01066,guaB,Inosine-5'-monophosphate&nbsp;dehydrogenase,98.7
1217656.F964_01755,F964_01755,Ribonucleoside-diphosphate&nbsp;reductase&nbsp;subunit&nbsp;beta,98.7
1217656.F964_04343,F964_04343,annotation&nbsp;not&nbsp;available,98.6
1217656.F964_02119,F964_02119,annotation&nbsp;not&nbsp;available,98.6
1217656.F964_03635,F964_03635,annotation&nbsp;not&nbsp;available,98.5
1217656.F964_02515,F964_02515,annotation&nbsp;not&nbsp;available,98.5
1217656.F964_04502,F964_04502,annotation&nbsp;not&nbsp;available,98.5
1217656.F964_02971,F964_02971,annotation&nbsp;not&nbsp;available,98.4
1217656.F964_03356,F964_03356,annotation&nbsp;not&nbsp;available,98.4
1217656.F964_01621,thrS,Threonine--tRNA&nbsp;ligase,98.4
1217656.F964_03190,ureF,Urease&nbsp;accessory&nbsp;protein&nbsp;UreF,98.3
1217656.F964_03544,F964_03544,annotation&nbsp;not&nbsp;available,98.3
1217656.F964_01388,asd,Aspartate-semialdehyde&nbsp;dehydrogenase,98.2
1217656.F964_02193,F964_02193,annotation&nbsp;not&nbsp;available,98.2
1217656.F964_02141,F964_02141,annotation&nbsp;not&nbsp;available,98.2
1217656.F964_03669,F964_03669,Methionine&nbsp;import&nbsp;ATP-binding&nbsp;protein&nbsp;MetN,98.2
1217656.F964_02159,kdpC,Potassium-transporting&nbsp;ATPase&nbsp;KdpC&nbsp;subunit,98.1
1217656.F964_03788,F964_03788,annotation&nbsp;not&nbsp;available,98.1
1217656.F964_02577,F964_02577,annotation&nbsp;not&nbsp;available,98.1
1217656.F964_00858,F964_00858,annotation&nbsp;not&nbsp;available,98.0
1217656.F964_02351,F964_02351,annotation&nbsp;not&nbsp;available,98.0
1217656.F964_04486,F964_04486,annotation&nbsp;not&nbsp;available,98.0
1217656.F964_04464,argA,annotation&nbsp;not&nbsp;available,98.0
1217656.F964_00712,F964_00712,annotation&nbsp;not&nbsp;available,97.9
1217656.F964_00097,F964_00097,annotation&nbsp;not&nbsp;available,97.9
1217656.F964_03444,pyrH,Uridylate&nbsp;kinase,97.9
1217656.F964_01198,uvrC,UvrABC&nbsp;system&nbsp;protein&nbsp;C,97.8
1217656.F964_01810,minC,Probable&nbsp;septum&nbsp;site-determining&nbsp;protein&nbsp;MinC,97.8
1217656.F964_03442,uppS,"Ditrans,polycis-undecaprenyl-diphosphate&nbsp;synthase&nbsp;((2E,6E)-farnesyl-diphosphate&nbsp;specific)",97.8
1217656.F964_02926,F964_02926,annotation&nbsp;not&nbsp;available,97.8
1217656.F964_04087,cysA,Sulfate/thiosulfate&nbsp;import&nbsp;ATP-binding&nbsp;protein&nbsp;CysA,97.6
1217656.F964_02247,F964_02247,annotation&nbsp;not&nbsp;available,97.6
1217656.F964_03934,F964_03934,annotation&nbsp;not&nbsp;available,97.6
1217656.F964_00717,F964_00717,annotation&nbsp;not&nbsp;available,97.5
1217656.F964_02426,F964_02426,annotation&nbsp;not&nbsp;available,97.3
1217656.F964_02595,F964_02595,annotation&nbsp;not&nbsp;available,97.2
1217656.F964_03523,F964_03523,annotation&nbsp;not&nbsp;available,97.2
1217656.F964_02089,F964_02089,annotation&nbsp;not&nbsp;available,97.2
1217656.F964_00220,F964_00220,annotation&nbsp;not&nbsp;available,97.1
1217656.F964_02285,thiE,Thiamine-phosphate&nbsp;synthase,97.1
1217656.F964_04364,F964_04364,annotation&nbsp;not&nbsp;available,97.1
1217656.F964_01243,F964_01243,annotation&nbsp;not&nbsp;available,97.1
1217656.F964_02664,F964_02664,annotation&nbsp;not&nbsp;available,97.1
1217656.F964_03354,aroQ,3-dehydroquinate&nbsp;dehydratase,97.0
1217656.F964_00902,gyrB,DNA&nbsp;gyrase&nbsp;subunit&nbsp;B,97.0
1217656.F964_00609,F964_00609,annotation&nbsp;not&nbsp;available,97.0
1217656.F964_03447,F964_03447,annotation&nbsp;not&nbsp;available,96.8
1217656.F964_02829,F964_02829,annotation&nbsp;not&nbsp;available,96.7
1217656.F964_02738,F964_02738,annotation&nbsp;not&nbsp;available,96.6
1217656.F964_01181,htpG,Chaperone&nbsp;protein&nbsp;HtpG,96.6
1217656.F964_00854,F964_00854,annotation&nbsp;not&nbsp;available,96.5
1217656.F964_00214,F964_00214,annotation&nbsp;not&nbsp;available,96.4
1217656.F964_01789,F964_01789,annotation&nbsp;not&nbsp;available,96.4
1217656.F964_00616,ENV18816.1,annotation&nbsp;not&nbsp;available,96.1
1217656.F964_02960,clpS,ATP-dependent&nbsp;Clp&nbsp;protease&nbsp;adapter&nbsp;protein&nbsp;ClpS,96.1
1217656.F964_03360,F964_03360,annotation&nbsp;not&nbsp;available,96.1
1217656.F964_03118,F964_03118,annotation&nbsp;not&nbsp;available,96.1
1217656.F964_00942,ppc,Phosphoenolpyruvate&nbsp;carboxylase,96.0
1217656.F964_01424,F964_01424,annotation&nbsp;not&nbsp;available,96.0
1217656.F964_01314,F964_01314,annotation&nbsp;not&nbsp;available,96.0
1217656.F964_03541,F964_03541,annotation&nbsp;not&nbsp;available,96.0
1217656.F964_03305,F964_03305,annotation&nbsp;not&nbsp;available,95.9
1217656.F964_02446,F964_02446,annotation&nbsp;not&nbsp;available,95.9
1217656.F964_00251,rpmC,annotation&nbsp;not&nbsp;available,95.7
1217656.F964_04452,F964_04452,annotation&nbsp;not&nbsp;available,95.7
1217656.F964_02129,F964_02129,Molybdenum&nbsp;cofactor&nbsp;biosynthesis&nbsp;protein&nbsp;A,95.6
1217656.F964_04046,F964_04046,annotation&nbsp;not&nbsp;available,95.6
1217656.F964_00901,recF,DNA&nbsp;replication&nbsp;and&nbsp;repair&nbsp;protein&nbsp;RecF,95.6
1217656.F964_03467,F964_03467,annotation&nbsp;not&nbsp;available,95.5
1217656.F964_02420,F964_02420,annotation&nbsp;not&nbsp;available,95.5
1217656.F964_02166,F964_02166,annotation&nbsp;not&nbsp;available,95.3
1217656.F964_03047,F964_03047,annotation&nbsp;not&nbsp;available,95.3
1217656.F964_01588,F964_01588,annotation&nbsp;not&nbsp;available,95.2
1217656.F964_04491,F964_04491,Glucose-1-phosphate&nbsp;thymidylyltransferase,95.2
1217656.F964_02834,F964_02834,annotation&nbsp;not&nbsp;available,95.1
1217656.F964_03779,tolB,Protein&nbsp;TolB,95.1
1217656.F964_01167,rplK,50S&nbsp;ribosomal&nbsp;protein&nbsp;L11,95.1
1217656.F964_00366,F964_00366,annotation&nbsp;not&nbsp;available,95.1
1217656.F964_04013,lldD,L-lactate&nbsp;dehydrogenase,95.1
1217656.F964_02635,F964_02635,2-dehydropantoate&nbsp;2-reductase,95.1
1217656.F964_03304,F964_03304,annotation&nbsp;not&nbsp;available,95.0
1217656.F964_00769,trpA,Tryptophan&nbsp;synthase&nbsp;alpha&nbsp;chain,95.0
1217656.F964_01344,F964_01344,annotation&nbsp;not&nbsp;available,95.0
1217656.F964_00738,metG,Methionine--tRNA&nbsp;ligase,95.0
1217656.F964_04521,prfB,Peptide&nbsp;chain&nbsp;release&nbsp;factor&nbsp;2,94.9
1217656.F964_02573,F964_02573,annotation&nbsp;not&nbsp;available,94.9
1217656.F964_03730,F964_03730,3-deoxy-D-manno-octulosonate&nbsp;8-phosphate&nbsp;phosphatase&nbsp;KdsC,94.8
1217656.F964_03534,F964_03534,annotation&nbsp;not&nbsp;available,94.8
1217656.F964_01327,F964_01327,annotation&nbsp;not&nbsp;available,94.8
1217656.F964_00105,gltX,Glutamate--tRNA&nbsp;ligase,94.7
1217656.F964_00953,F964_00953,annotation&nbsp;not&nbsp;available,94.7
1217656.F964_02045,F964_02045,annotation&nbsp;not&nbsp;available,94.7
1217656.F964_04320,F964_04320,annotation&nbsp;not&nbsp;available,94.7
1217656.F964_00261,rpmD,annotation&nbsp;not&nbsp;available,94.6
1217656.F964_04443,F964_04443,annotation&nbsp;not&nbsp;available,94.6
1217656.F964_01029,F964_01029,annotation&nbsp;not&nbsp;available,94.5
1217656.F964_02596,F964_02596,annotation&nbsp;not&nbsp;available,94.5
1217656.F964_03003,F964_03003,annotation&nbsp;not&nbsp;available,94.4
1217656.F964_04460,F964_04460,annotation&nbsp;not&nbsp;available,94.4
1217656.F964_04561,F964_04561,annotation&nbsp;not&nbsp;available,94.4
1217656.F964_00046,F964_00046,annotation&nbsp;not&nbsp;available,94.3
1217656.F964_04402,F964_04402,annotation&nbsp;not&nbsp;available,94.3
1217656.F964_00912,F964_00912,annotation&nbsp;not&nbsp;available,94.3
1217656.F964_03613,F964_03613,annotation&nbsp;not&nbsp;available,94.2
1217656.F964_00326,rsgA,Small&nbsp;ribosomal&nbsp;subunit&nbsp;biogenesis&nbsp;GTPase&nbsp;RsgA,94.2
1217656.F964_04329,F964_04329,annotation&nbsp;not&nbsp;available,94.1
1217656.F964_01722,F964_01722,annotation&nbsp;not&nbsp;available,94.1
1217656.F964_04313,F964_04313,annotation&nbsp;not&nbsp;available,94.1
1217656.F964_03881,F964_03881,annotation&nbsp;not&nbsp;available,94.1
1217656.F964_03432,recX,Regulatory&nbsp;protein&nbsp;RecX,94.1
1217656.F964_02161,F964_02161,annotation&nbsp;not&nbsp;available,94.0
1217656.F964_03709,F964_03709,annotation&nbsp;not&nbsp;available,93.9
1217656.F964_03644,rplI,50S&nbsp;ribosomal&nbsp;protein&nbsp;L9,93.7
1217656.F964_00380,panB,3-methyl-2-oxobutanoate&nbsp;hydroxymethyltransferase,93.6
1217656.F964_00447,F964_00447,annotation&nbsp;not&nbsp;available,93.6
1217656.F964_02044,F964_02044,annotation&nbsp;not&nbsp;available,93.6
1217656.F964_00777,F964_00777,annotation&nbsp;not&nbsp;available,93.3
1217656.F964_02200,tsf,Elongation&nbsp;factor&nbsp;Ts,93.2
1217656.F964_00360,bamB,Outer&nbsp;membrane&nbsp;protein&nbsp;assembly&nbsp;factor&nbsp;BamB,93.2
1217656.F964_03890,F964_03890,annotation&nbsp;not&nbsp;available,93.2
1217656.F964_00653,F964_00653,Undecaprenyl-diphosphatase,93.2
1217656.F964_02492,F964_02492,annotation&nbsp;not&nbsp;available,93.2
1217656.F964_00757,F964_00757,annotation&nbsp;not&nbsp;available,93.2
1217656.F964_02957,F964_02957,annotation&nbsp;not&nbsp;available,93.2
1217656.F964_01213,F964_01213,annotation&nbsp;not&nbsp;available,93.2
1217656.F964_03977,F964_03977,annotation&nbsp;not&nbsp;available,93.1
1217656.F964_03126,F964_03126,Acetaldehyde&nbsp;dehydrogenase,93.1
1217656.F964_03618,F964_03618,annotation&nbsp;not&nbsp;available,93.1
1217656.F964_04463,F964_04463,annotation&nbsp;not&nbsp;available,93.1
1217656.F964_04524,F964_04524,annotation&nbsp;not&nbsp;available,93.0
1217656.F964_03371,F964_03371,annotation&nbsp;not&nbsp;available,93.0
1217656.F964_02612,mnmA,tRNA-specific&nbsp;2-thiouridylase&nbsp;MnmA,92.9
1217656.F964_02053,F964_02053,annotation&nbsp;not&nbsp;available,92.8
1217656.F964_02921,F964_02921,annotation&nbsp;not&nbsp;available,92.7
1217656.F964_00241,F964_00241,annotation&nbsp;not&nbsp;available,92.7
1217656.F964_02572,F964_02572,annotation&nbsp;not&nbsp;available,92.6
1217656.F964_03777,F964_03777,annotation&nbsp;not&nbsp;available,92.5
1217656.F964_01212,F964_01212,annotation&nbsp;not&nbsp;available,92.4
1217656.F964_00992,F964_00992,"3,4-dihydroxy-2-butanone&nbsp;4-phosphate&nbsp;synthase",92.4
1217656.F964_02870,F964_02870,Methionine&nbsp;import&nbsp;ATP-binding&nbsp;protein&nbsp;MetN,92.4
1217656.F964_00428,F964_00428,annotation&nbsp;not&nbsp;available,92.3
1217656.F964_01504,prfC,Peptide&nbsp;chain&nbsp;release&nbsp;factor&nbsp;3,92.2
1217656.F964_01419,rpmG,annotation&nbsp;not&nbsp;available,92.2
1217656.F964_01381,infA,Translation&nbsp;initiation&nbsp;factor&nbsp;IF-1,92.2
1217656.F964_04050,F964_04050,annotation&nbsp;not&nbsp;available,92.1
1217656.F964_01775,F964_01775,annotation&nbsp;not&nbsp;available,92.1
1217656.F964_03599,rpoH,annotation&nbsp;not&nbsp;available,92.1
1217656.F964_01187,F964_01187,annotation&nbsp;not&nbsp;available,92.1
1217656.F964_00222,F964_00222,annotation&nbsp;not&nbsp;available,92.1
1217656.F964_00131,F964_00131,annotation&nbsp;not&nbsp;available,92.1
1217656.F964_00119,F964_00119,annotation&nbsp;not&nbsp;available,92.1
1217656.F964_00893,F964_00893,annotation&nbsp;not&nbsp;available,92.1
1217656.F964_03049,F964_03049,annotation&nbsp;not&nbsp;available,92.1
1217656.F964_01421,F964_01421,annotation&nbsp;not&nbsp;available,92.1
1217656.F964_00169,F964_00169,annotation&nbsp;not&nbsp;available,92.1
1217656.F964_03796,trpD,Anthranilate&nbsp;phosphoribosyltransferase,92.0
1217656.F964_02593,F964_02593,annotation&nbsp;not&nbsp;available,92.0
1217656.F964_01404,F964_01404,annotation&nbsp;not&nbsp;available,91.9
1217656.F964_00340,F964_00340,annotation&nbsp;not&nbsp;available,91.7
1217656.F964_04177,carB,annotation&nbsp;not&nbsp;available,91.7
1217656.F964_01482,F964_01482,annotation&nbsp;not&nbsp;available,91.7
1217656.F964_03517,metZ,O-succinylhomoserine&nbsp;sulfhydrylase,91.7
1217656.F964_04292,F964_04292,annotation&nbsp;not&nbsp;available,91.7
1217656.F964_02482,F964_02482,annotation&nbsp;not&nbsp;available,91.7
1217656.F964_02839,F964_02839,annotation&nbsp;not&nbsp;available,91.6
1217656.F964_00421,F964_00421,annotation&nbsp;not&nbsp;available,91.5
1217656.F964_04501,F964_04501,annotation&nbsp;not&nbsp;available,91.4
1217656.F964_02139,F964_02139,annotation&nbsp;not&nbsp;available,91.4
1217656.F964_03195,F964_03195,annotation&nbsp;not&nbsp;available,91.4
1217656.F964_04532,F964_04532,annotation&nbsp;not&nbsp;available,91.2
1217656.F964_02020,rnt,Ribonuclease&nbsp;T,91.2
1217656.F964_02451,F964_02451,annotation&nbsp;not&nbsp;available,91.2
1217656.F964_00126,F964_00126,annotation&nbsp;not&nbsp;available,91.2
1217656.F964_00809,ffh,Signal&nbsp;recognition&nbsp;particle&nbsp;protein,91.1
1217656.F964_00440,F964_00440,annotation&nbsp;not&nbsp;available,91.0
1217656.F964_03718,F964_03718,annotation&nbsp;not&nbsp;available,90.9
1217656.F964_04027,F964_04027,annotation&nbsp;not&nbsp;available,90.9
1217656.F964_01287,F964_01287,annotation&nbsp;not&nbsp;available,90.9
1217656.F964_00666,hisD,Histidinol&nbsp;dehydrogenase,90.9
1217656.F964_04262,F964_04262,annotation&nbsp;not&nbsp;available,90.9
1217656.F964_03288,pyrG,CTP&nbsp;synthase,90.8
1217656.F964_04082,F964_04082,annotation&nbsp;not&nbsp;available,90.8
1217656.F964_01569,F964_01569,NAD(P)&nbsp;transhydrogenase&nbsp;subunit&nbsp;beta,90.7
1217656.F964_02388,rapA,RNA&nbsp;polymerase-associated&nbsp;protein&nbsp;RapA,90.7
1217656.F964_00378,pcnB,Poly(A)&nbsp;polymerase&nbsp;I,90.6
1217656.F964_04319,F964_04319,annotation&nbsp;not&nbsp;available,90.6
1217656.F964_00929,F964_00929,annotation&nbsp;not&nbsp;available,90.6
1217656.F964_03556,F964_03556,annotation&nbsp;not&nbsp;available,90.6
1217656.F964_00664,F964_00664,annotation&nbsp;not&nbsp;available,90.6
1217656.F964_02471,F964_02471,annotation&nbsp;not&nbsp;available,90.6
1217656.F964_00464,F964_00464,annotation&nbsp;not&nbsp;available,90.5
1217656.F964_03849,F964_03849,annotation&nbsp;not&nbsp;available,90.5
1217656.F964_01584,F964_01584,annotation&nbsp;not&nbsp;available,90.5
1217656.F964_01708,F964_01708,annotation&nbsp;not&nbsp;available,90.5
1217656.F964_03655,gidA,tRNA&nbsp;uridine&nbsp;5-carboxymethylaminomethyl&nbsp;modification&nbsp;enzyme&nbsp;MnmG,90.4
1217656.F964_04446,F964_04446,annotation&nbsp;not&nbsp;available,90.4
1217656.F964_01036,F964_01036,annotation&nbsp;not&nbsp;available,90.4
1217656.F964_00174,F964_00174,annotation&nbsp;not&nbsp;available,90.3
1217656.F964_02845,tsaD,tRNA&nbsp;N6-adenosine&nbsp;threonylcarbamoyltransferase,90.3
1217656.F964_02602,F964_02602,annotation&nbsp;not&nbsp;available,90.3
1217656.F964_01383,F964_01383,annotation&nbsp;not&nbsp;available,90.3
1217656.F964_02512,F964_02512,annotation&nbsp;not&nbsp;available,90.3
1217656.F964_01652,F964_01652,annotation&nbsp;not&nbsp;available,90.3
1217656.F964_03509,F964_03509,Tryptophan&nbsp;synthase&nbsp;beta&nbsp;chain,90.3
1217656.F964_00462,F964_00462,annotation&nbsp;not&nbsp;available,90.3
1217656.F964_03593,gpsA,annotation&nbsp;not&nbsp;available,90.3
1217656.F964_00463,F964_00463,annotation&nbsp;not&nbsp;available,90.3
1217656.F964_01208,F964_01208,annotation&nbsp;not&nbsp;available,90.3
1217656.F964_00248,rplV,50S&nbsp;ribosomal&nbsp;protein&nbsp;L22,90.2
1217656.F964_02297,F964_02297,annotation&nbsp;not&nbsp;available,90.2
1217656.F964_04481,F964_04481,annotation&nbsp;not&nbsp;available,90.1
1217656.F964_00323,secB,Protein-export&nbsp;protein&nbsp;SecB,90.0
1217656.F964_00937,ileS,Isoleucine--tRNA&nbsp;ligase,90.0
1217656.F964_04529,F964_04529,annotation&nbsp;not&nbsp;available,89.9
1217656.F964_01265,gmk,Guanylate&nbsp;kinase,89.9
1217656.F964_02128,mobA,Molybdenum&nbsp;cofactor&nbsp;guanylyltransferase,89.9
1217656.F964_02527,F964_02527,annotation&nbsp;not&nbsp;available,89.9
1217656.F964_01018,gshA,annotation&nbsp;not&nbsp;available,89.9
1217656.F964_01169,rplJ,50S&nbsp;ribosomal&nbsp;protein&nbsp;L10,89.8
1217656.F964_04547,maeA,annotation&nbsp;not&nbsp;available,89.5
1217656.F964_01503,F964_01503,annotation&nbsp;not&nbsp;available,89.5
1217656.F964_01354,F964_01354,annotation&nbsp;not&nbsp;available,89.4
1217656.F964_00459,F964_00459,annotation&nbsp;not&nbsp;available,89.4
1217656.F964_04476,rph,Ribonuclease&nbsp;PH,89.4
1217656.F964_04141,F964_04141,annotation&nbsp;not&nbsp;available,89.2
1217656.F964_01716,F964_01716,annotation&nbsp;not&nbsp;available,89.1
1217656.F964_01463,thyA,Thymidylate&nbsp;synthase,89.1
1217656.F964_02188,F964_02188,annotation&nbsp;not&nbsp;available,89.1
1217656.F964_03727,F964_03727,annotation&nbsp;not&nbsp;available,89.1
1217656.F964_01495,F964_01495,Phosphate&nbsp;acetyltransferase,89.1
1217656.F964_01462,F964_01462,Dihydrofolate&nbsp;reductase,89.1
1217656.F964_03358,F964_03358,annotation&nbsp;not&nbsp;available,89.1
1217656.F964_04489,F964_04489,annotation&nbsp;not&nbsp;available,89.0
1217656.F964_03184,ureC,annotation&nbsp;not&nbsp;available,89.0
1217656.F964_01508,F964_01508,Aconitate&nbsp;hydratase,89.0
1217656.F964_04330,F964_04330,annotation&nbsp;not&nbsp;available,89.0
1217656.F964_04331,F964_04331,annotation&nbsp;not&nbsp;available,89.0
1217656.F964_03776,F964_03776,annotation&nbsp;not&nbsp;available,88.9
1217656.F964_00869,F964_00869,annotation&nbsp;not&nbsp;available,88.9
1217656.F964_01289,F964_01289,annotation&nbsp;not&nbsp;available,88.9
1217656.F964_00451,F964_00451,annotation&nbsp;not&nbsp;available,88.8
1217656.F964_01586,ilvE,Branched-chain-amino-acid&nbsp;aminotransferase,88.8
1217656.F964_01795,cysD,annotation&nbsp;not&nbsp;available,88.7
1217656.F964_02949,ilvA,L-threonine&nbsp;dehydratase,88.6
1217656.F964_03031,F964_03031,annotation&nbsp;not&nbsp;available,88.5
1217656.F964_01371,F964_01371,annotation&nbsp;not&nbsp;available,88.4
1217656.F964_01496,ackA,Acetate&nbsp;kinase,88.4
1217656.F964_02968,F964_02968,annotation&nbsp;not&nbsp;available,88.4
1217656.F964_00042,F964_00042,annotation&nbsp;not&nbsp;available,88.4
1217656.F964_00290,F964_00290,annotation&nbsp;not&nbsp;available,88.3
1217656.F964_00148,F964_00148,annotation&nbsp;not&nbsp;available,88.3
1217656.F964_03205,F964_03205,annotation&nbsp;not&nbsp;available,88.3
1217656.F964_04182,F964_04182,annotation&nbsp;not&nbsp;available,88.2
1217656.F964_04342,F964_04342,annotation&nbsp;not&nbsp;available,88.2
1217656.F964_03961,F964_03961,annotation&nbsp;not&nbsp;available,88.2
1217656.F964_04405,dsdA,annotation&nbsp;not&nbsp;available,88.1
1217656.F964_04266,F964_04266,annotation&nbsp;not&nbsp;available,88.1
1217656.F964_00324,F964_00324,Glutaredoxin,88.1
1217656.F964_04457,F964_04457,annotation&nbsp;not&nbsp;available,88.0
1217656.F964_03368,F964_03368,annotation&nbsp;not&nbsp;available,88.0
1217656.F964_02753,F964_02753,annotation&nbsp;not&nbsp;available,87.9
1217656.F964_01872,F964_01872,Carbonic&nbsp;anhydrase,87.9
1217656.F964_03435,fabZ,3-hydroxyacyl-[acyl-carrier-protein]&nbsp;dehydratase&nbsp;FabZ,87.9
1217656.F964_01157,F964_01157,annotation&nbsp;not&nbsp;available,87.9
1217656.F964_02358,lolD,Lipoprotein-releasing&nbsp;system&nbsp;ATP-binding&nbsp;protein&nbsp;LolD,87.8
1217656.F964_00136,F964_00136,annotation&nbsp;not&nbsp;available,87.8
1217656.F964_00619,rpsL,30S&nbsp;ribosomal&nbsp;protein&nbsp;S12,87.7
1217656.F964_00342,leuS,annotation&nbsp;not&nbsp;available,87.7
1217656.F964_04308,F964_04308,annotation&nbsp;not&nbsp;available,87.7
1217656.F964_00270,F964_00270,annotation&nbsp;not&nbsp;available,87.7
1217656.F964_03797,trpC,annotation&nbsp;not&nbsp;available,87.6
1217656.F964_03135,F964_03135,annotation&nbsp;not&nbsp;available,87.6
1217656.F964_02875,F964_02875,annotation&nbsp;not&nbsp;available,87.6
1217656.F964_01220,xerD,annotation&nbsp;not&nbsp;available,87.5
1217656.F964_03102,F964_03102,annotation&nbsp;not&nbsp;available,87.5
1217656.F964_01622,infC,Translation&nbsp;initiation&nbsp;factor&nbsp;IF-3,87.5
1217656.F964_04142,F964_04142,Succinate&nbsp;dehydrogenase&nbsp;hydrophobic&nbsp;membrane&nbsp;anchor&nbsp;subunit,87.5
1217656.F964_01368,F964_01368,annotation&nbsp;not&nbsp;available,87.5
1217656.F964_00135,F964_00135,annotation&nbsp;not&nbsp;available,87.5
1217656.F964_01016,F964_01016,annotation&nbsp;not&nbsp;available,87.4
1217656.F964_00895,yidC,Membrane&nbsp;protein&nbsp;insertase&nbsp;YidC,87.4
1217656.F964_01032,F964_01032,annotation&nbsp;not&nbsp;available,87.4
1217656.F964_00161,recB,RecBCD&nbsp;enzyme&nbsp;subunit&nbsp;RecB,87.3
1217656.F964_01551,F964_01551,annotation&nbsp;not&nbsp;available,87.3
1217656.F964_03203,F964_03203,annotation&nbsp;not&nbsp;available,87.2
1217656.F964_04109,F964_04109,annotation&nbsp;not&nbsp;available,87.1
1217656.F964_00284,rnr,Ribonuclease&nbsp;R,87.1
1217656.F964_02153,F964_02153,annotation&nbsp;not&nbsp;available,87.1
1217656.F964_04303,F964_04303,annotation&nbsp;not&nbsp;available,87.1
1217656.F964_03530,F964_03530,annotation&nbsp;not&nbsp;available,87.1
1217656.F964_02626,F964_02626,Lactoylglutathione&nbsp;lyase,87.1
1217656.F964_01409,topA,DNA&nbsp;topoisomerase&nbsp;1,87.0
1217656.F964_00268,rpoA,DNA-directed&nbsp;RNA&nbsp;polymerase&nbsp;subunit&nbsp;alpha,87.0
1217656.F964_00255,rplE,50S&nbsp;ribosomal&nbsp;protein&nbsp;L5,86.9
1217656.F964_03438,bamA,Outer&nbsp;membrane&nbsp;protein&nbsp;assembly&nbsp;factor&nbsp;BamA,86.9
1217656.F964_01573,F964_01573,annotation&nbsp;not&nbsp;available,86.8
1217656.F964_01041,F964_01041,annotation&nbsp;not&nbsp;available,86.7
1217656.F964_04224,F964_04224,annotation&nbsp;not&nbsp;available,86.7
1217656.F964_00991,ribH,"6,7-dimethyl-8-ribityllumazine&nbsp;synthase",86.7
1217656.F964_01833,F964_01833,annotation&nbsp;not&nbsp;available,86.6
1217656.F964_03485,F964_03485,Transaldolase,86.6
1217656.F964_02449,F964_02449,annotation&nbsp;not&nbsp;available,86.6
1217656.F964_03519,F964_03519,annotation&nbsp;not&nbsp;available,86.5
1217656.F964_01170,rplL,50S&nbsp;ribosomal&nbsp;protein&nbsp;L7/L12,86.4
1217656.F964_03672,gloB,Hydroxyacylglutathione&nbsp;hydrolase,86.4
1217656.F964_03833,F964_03833,annotation&nbsp;not&nbsp;available,86.3
1217656.F964_02338,F964_02338,annotation&nbsp;not&nbsp;available,86.3
1217656.F964_02576,F964_02576,annotation&nbsp;not&nbsp;available,86.3
1217656.F964_04480,F964_04480,annotation&nbsp;not&nbsp;available,86.2
1217656.F964_01639,himA,Integration&nbsp;host&nbsp;factor&nbsp;subunit&nbsp;alpha,86.2
1217656.F964_00266,rpsK,30S&nbsp;ribosomal&nbsp;protein&nbsp;S11,86.2
1217656.F964_01250,nusA,Transcription&nbsp;termination/antitermination&nbsp;protein&nbsp;NusA,86.2
1217656.F964_04293,F964_04293,annotation&nbsp;not&nbsp;available,86.2
1217656.F964_02450,F964_02450,annotation&nbsp;not&nbsp;available,86.1
1217656.F964_00922,fmt,Methionyl-tRNA&nbsp;formyltransferase,86.1
1217656.F964_00088,F964_00088,annotation&nbsp;not&nbsp;available,86.0
1217656.F964_03150,F964_03150,annotation&nbsp;not&nbsp;available,86.0
1217656.F964_03598,F964_03598,annotation&nbsp;not&nbsp;available,86.0
1217656.F964_04523,F964_04523,annotation&nbsp;not&nbsp;available,85.9
1217656.F964_00252,rpsQ,30S&nbsp;ribosomal&nbsp;protein&nbsp;S17,85.9
1217656.F964_03941,F964_03941,annotation&nbsp;not&nbsp;available,85.8
1217656.F964_01896,F964_01896,annotation&nbsp;not&nbsp;available,85.8
1217656.F964_01770,nuoH,NADH-quinone&nbsp;oxidoreductase&nbsp;subunit&nbsp;H,85.8
1217656.F964_00172,priA,Primosomal&nbsp;protein&nbsp;N,85.7
1217656.F964_02524,F964_02524,annotation&nbsp;not&nbsp;available,85.7
1217656.F964_01887,F964_01887,annotation&nbsp;not&nbsp;available,85.7
1217656.F964_00180,F964_00180,annotation&nbsp;not&nbsp;available,85.6
1217656.F964_02296,F964_02296,annotation&nbsp;not&nbsp;available,85.6
1217656.F964_01666,F964_01666,annotation&nbsp;not&nbsp;available,85.5
1217656.F964_01061,F964_01061,Pyruvate&nbsp;dehydrogenase&nbsp;E1&nbsp;component,85.5
1217656.F964_02418,F964_02418,annotation&nbsp;not&nbsp;available,85.5
1217656.F964_02199,rpsB,annotation&nbsp;not&nbsp;available,85.4
1217656.F964_04208,mtgA,Biosynthetic&nbsp;peptidoglycan&nbsp;transglycosylase,85.4
1217656.F964_03668,F964_03668,annotation&nbsp;not&nbsp;available,85.4
1217656.F964_00755,acpP,Acyl&nbsp;carrier&nbsp;protein,85.4
1217656.F964_02876,F964_02876,annotation&nbsp;not&nbsp;available,85.3
1217656.F964_00726,dcd,annotation&nbsp;not&nbsp;available,85.2
1217656.F964_02260,glyA,Serine&nbsp;hydroxymethyltransferase,85.2
1217656.F964_02403,F964_02403,Ferredoxin,85.2
1217656.F964_00254,rplX,50S&nbsp;ribosomal&nbsp;protein&nbsp;L24,85.1
1217656.F964_03015,hscB,Co-chaperone&nbsp;protein&nbsp;HscB&nbsp;homolog,85.1
1217656.F964_00424,F964_00424,annotation&nbsp;not&nbsp;available,85.1
1217656.F964_03514,F964_03514,annotation&nbsp;not&nbsp;available,85.0
1217656.F964_02962,F964_02962,annotation&nbsp;not&nbsp;available,85.0
1217656.F964_03636,F964_03636,annotation&nbsp;not&nbsp;available,85.0
1217656.F964_03645,F964_03645,Replicative&nbsp;DNA&nbsp;helicase,84.9
1217656.F964_04294,F964_04294,annotation&nbsp;not&nbsp;available,84.9
1217656.F964_00258,rplF,50S&nbsp;ribosomal&nbsp;protein&nbsp;L6,84.9
1217656.F964_03244,F964_03244,annotation&nbsp;not&nbsp;available,84.7
1217656.F964_00791,F964_00791,annotation&nbsp;not&nbsp;available,84.6
1217656.F964_02381,F964_02381,annotation&nbsp;not&nbsp;available,84.5
1217656.F964_01980,F964_01980,annotation&nbsp;not&nbsp;available,84.4
1217656.F964_01956,bamD,Outer&nbsp;membrane&nbsp;protein&nbsp;assembly&nbsp;factor&nbsp;BamD,84.4
1217656.F964_00160,recC,RecBCD&nbsp;enzyme&nbsp;subunit&nbsp;RecC,84.4
1217656.F964_01028,F964_01028,annotation&nbsp;not&nbsp;available,84.2
1217656.F964_03285,ftsB,Cell&nbsp;division&nbsp;protein&nbsp;FtsB,84.2
1217656.F964_02470,F964_02470,annotation&nbsp;not&nbsp;available,84.2
1217656.F964_00749,nadA,Quinolinate&nbsp;synthase&nbsp;A,84.2
1217656.F964_01769,F964_01769,annotation&nbsp;not&nbsp;available,84.1
1217656.F964_04254,F964_04254,annotation&nbsp;not&nbsp;available,84.0
1217656.F964_01704,F964_01704,annotation&nbsp;not&nbsp;available,84.0
1217656.F964_03838,F964_03838,annotation&nbsp;not&nbsp;available,83.9
1217656.F964_02961,F964_02961,annotation&nbsp;not&nbsp;available,83.9
1217656.F964_00329,F964_00329,annotation&nbsp;not&nbsp;available,83.9
1217656.F964_04456,F964_04456,annotation&nbsp;not&nbsp;available,83.8
1217656.F964_01675,F964_01675,annotation&nbsp;not&nbsp;available,83.8
1217656.F964_03579,ruvC,Crossover&nbsp;junction&nbsp;endodeoxyribonuclease&nbsp;RuvC,83.8
1217656.F964_01217,F964_01217,Threonine&nbsp;synthase,83.8
1217656.F964_03012,F964_03012,annotation&nbsp;not&nbsp;available,83.7
1217656.F964_00253,rplN,50S&nbsp;ribosomal&nbsp;protein&nbsp;L14,83.7
1217656.F964_01908,F964_01908,annotation&nbsp;not&nbsp;available,83.7
1217656.F964_02571,F964_02571,annotation&nbsp;not&nbsp;available,83.5
1217656.F964_02563,F964_02563,annotation&nbsp;not&nbsp;available,83.5
1217656.F964_03028,F964_03028,Sulfurtransferase,83.5
1217656.F964_02667,F964_02667,Adenine&nbsp;deaminase,83.5
1217656.F964_03931,F964_03931,annotation&nbsp;not&nbsp;available,83.4
1217656.F964_02491,F964_02491,annotation&nbsp;not&nbsp;available,83.4
1217656.F964_01458,F964_01458,annotation&nbsp;not&nbsp;available,83.4
1217656.F964_01676,F964_01676,annotation&nbsp;not&nbsp;available,83.3
1217656.F964_02616,F964_02616,annotation&nbsp;not&nbsp;available,83.3
1217656.F964_02920,F964_02920,annotation&nbsp;not&nbsp;available,83.3
1217656.F964_00114,murF,UDP-N-acetylmuramoyl-tripeptide--D-alanyl-D-alanine&nbsp;ligase,83.3
1217656.F964_02561,F964_02561,annotation&nbsp;not&nbsp;available,83.2
1217656.F964_01446,mdh,Malate&nbsp;dehydrogenase,83.2
1217656.F964_01927,F964_01927,annotation&nbsp;not&nbsp;available,83.2
1217656.F964_04492,F964_04492,"dTDP-4-dehydrorhamnose&nbsp;3,5-epimerase",83.1
1217656.F964_00835,F964_00835,annotation&nbsp;not&nbsp;available,83.1
1217656.F964_01325,glyQ,annotation&nbsp;not&nbsp;available,83.0
1217656.F964_02489,F964_02489,annotation&nbsp;not&nbsp;available,83.0
1217656.F964_04533,F964_04533,annotation&nbsp;not&nbsp;available,83.0
1217656.F964_00931,F964_00931,annotation&nbsp;not&nbsp;available,82.9
1217656.F964_02874,F964_02874,annotation&nbsp;not&nbsp;available,82.8
1217656.F964_03637,cyoE,Protoheme&nbsp;IX&nbsp;farnesyltransferase,82.8
1217656.F964_01031,F964_01031,annotation&nbsp;not&nbsp;available,82.7
1217656.F964_00975,F964_00975,annotation&nbsp;not&nbsp;available,82.7
1217656.F964_01156,F964_01156,annotation&nbsp;not&nbsp;available,82.7
1217656.F964_03829,F964_03829,annotation&nbsp;not&nbsp;available,82.7
1217656.F964_02991,F964_02991,annotation&nbsp;not&nbsp;available,82.5
1217656.F964_03633,F964_03633,annotation&nbsp;not&nbsp;available,82.5
1217656.F964_00117,F964_00117,annotation&nbsp;not&nbsp;available,82.5
1217656.F964_03197,aroC,Chorismate&nbsp;synthase,82.5
1217656.F964_00414,F964_00414,annotation&nbsp;not&nbsp;available,82.5
1217656.F964_01767,F964_01767,annotation&nbsp;not&nbsp;available,82.4
1217656.F964_00112,ftsI,"Peptidoglycan&nbsp;D,D-transpeptidase&nbsp;FtsI",82.4
1217656.F964_02831,coq7,"2-nonaprenyl-3-methyl-6-methoxy-1,4-benzoquinol&nbsp;hydroxylase",82.4
1217656.F964_00345,F964_00345,annotation&nbsp;not&nbsp;available,82.4
1217656.F964_02346,hutG,Formimidoylglutamase,82.4
1217656.F964_04363,F964_04363,annotation&nbsp;not&nbsp;available,82.4
1217656.F964_03622,prfA,Peptide&nbsp;chain&nbsp;release&nbsp;factor&nbsp;1,82.4
1217656.F964_00383,F964_00383,annotation&nbsp;not&nbsp;available,82.2
1217656.F964_00118,F964_00118,annotation&nbsp;not&nbsp;available,82.2
1217656.F964_00346,ilvC,Ketol-acid&nbsp;reductoisomerase&nbsp;(NADP(+)),82.1
1217656.F964_00351,F964_00351,annotation&nbsp;not&nbsp;available,82.0
1217656.F964_01241,F964_01241,annotation&nbsp;not&nbsp;available,82.0
1217656.F964_01218,F964_01218,annotation&nbsp;not&nbsp;available,81.9
1217656.F964_04482,F964_04482,annotation&nbsp;not&nbsp;available,81.9
1217656.F964_04143,F964_04143,annotation&nbsp;not&nbsp;available,81.8
1217656.F964_02137,F964_02137,annotation&nbsp;not&nbsp;available,81.8
1217656.F964_01646,proC,Pyrroline-5-carboxylate&nbsp;reductase,81.8
1217656.F964_00049,ftsW,Probable&nbsp;peptidoglycan&nbsp;glycosyltransferase&nbsp;FtsW,81.7
1217656.F964_01758,F964_01758,annotation&nbsp;not&nbsp;available,81.7
1217656.F964_04034,F964_04034,annotation&nbsp;not&nbsp;available,81.7
1217656.F964_03170,F964_03170,annotation&nbsp;not&nbsp;available,81.6
1217656.F964_01054,ddl,D-alanine--D-alanine&nbsp;ligase,81.6
1217656.F964_00123,aroK,Shikimate&nbsp;kinase,81.5
1217656.F964_02366,F964_02366,annotation&nbsp;not&nbsp;available,81.4
1217656.F964_01011,F964_01011,annotation&nbsp;not&nbsp;available,81.4
1217656.F964_03686,F964_03686,annotation&nbsp;not&nbsp;available,81.3
1217656.F964_04459,ssuB,Aliphatic&nbsp;sulfonates&nbsp;import&nbsp;ATP-binding&nbsp;protein&nbsp;SsuB,81.3
1217656.F964_00972,F964_00972,annotation&nbsp;not&nbsp;available,81.2
1217656.F964_01817,argB,Acetylglutamate&nbsp;kinase,81.2
1217656.F964_03979,F964_03979,annotation&nbsp;not&nbsp;available,81.1
1217656.F964_03446,F964_03446,annotation&nbsp;not&nbsp;available,81.1
1217656.F964_00957,F964_00957,annotation&nbsp;not&nbsp;available,81.0
1217656.F964_02142,F964_02142,annotation&nbsp;not&nbsp;available,81.0
1217656.F964_03501,ftsY,Signal&nbsp;recognition&nbsp;particle&nbsp;receptor&nbsp;FtsY,81.0
1217656.F964_03647,F964_03647,Alanine&nbsp;racemase,81.0
1217656.F964_03728,lptA,Lipopolysaccharide&nbsp;export&nbsp;system&nbsp;protein&nbsp;LptA,80.9
1217656.F964_04122,F964_04122,annotation&nbsp;not&nbsp;available,80.9
1217656.F964_00249,rpsC,30S&nbsp;ribosomal&nbsp;protein&nbsp;S3,80.9
1217656.F964_01637,pheS,annotation&nbsp;not&nbsp;available,80.9
1217656.F964_01233,F964_01233,annotation&nbsp;not&nbsp;available,80.9
1217656.F964_00796,F964_00796,Bacterioferritin,80.8
1217656.F964_00828,F964_00828,annotation&nbsp;not&nbsp;available,80.8
1217656.F964_03847,F964_03847,annotation&nbsp;not&nbsp;available,80.8
1217656.F964_04566,atpB,ATP&nbsp;synthase&nbsp;subunit&nbsp;a,80.7
1217656.F964_00608,F964_00608,annotation&nbsp;not&nbsp;available,80.7
1217656.F964_00308,xpt,Xanthine&nbsp;phosphoribosyltransferase,80.7
1217656.F964_02152,F964_02152,Sensor&nbsp;protein,80.6
1217656.F964_01866,F964_01866,annotation&nbsp;not&nbsp;available,80.6
1217656.F964_01648,polA,DNA&nbsp;polymerase&nbsp;I,80.5
1217656.F964_03715,pstB,Phosphate&nbsp;import&nbsp;ATP-binding&nbsp;protein&nbsp;PstB,80.5
1217656.F964_03080,F964_03080,annotation&nbsp;not&nbsp;available,80.5
1217656.F964_03681,F964_03681,annotation&nbsp;not&nbsp;available,80.4
1217656.F964_03726,F964_03726,annotation&nbsp;not&nbsp;available,80.4
1217656.F964_03775,F964_03775,annotation&nbsp;not&nbsp;available,80.4
1217656.F964_02294,F964_02294,annotation&nbsp;not&nbsp;available,80.2
1217656.F964_00632,F964_00632,annotation&nbsp;not&nbsp;available,80.2
1217656.F964_01055,ftsQ,Cell&nbsp;division&nbsp;protein&nbsp;FtsQ,80.1
1217656.F964_04039,F964_04039,annotation&nbsp;not&nbsp;available,80.1
1217656.F964_02417,F964_02417,annotation&nbsp;not&nbsp;available,80.1
1217656.F964_04461,ssuD,Alkanesulfonate&nbsp;monooxygenase,80.0
1217656.F964_01572,secD,Protein&nbsp;translocase&nbsp;subunit&nbsp;SecD,80.0
1217656.F964_00729,F964_00729,annotation&nbsp;not&nbsp;available,80.0
1217656.F964_01967,F964_01967,annotation&nbsp;not&nbsp;available,79.9
1217656.F964_01841,F964_01841,annotation&nbsp;not&nbsp;available,79.7
1217656.F964_01342,F964_01342,annotation&nbsp;not&nbsp;available,79.6
1217656.F964_04127,adk,Adenylate&nbsp;kinase,79.5
1217656.F964_00397,trpF,annotation&nbsp;not&nbsp;available,79.4
1217656.F964_03125,F964_03125,annotation&nbsp;not&nbsp;available,79.4
1217656.F964_01638,pheT,annotation&nbsp;not&nbsp;available,79.4
1217656.F964_03085,F964_03085,annotation&nbsp;not&nbsp;available,79.4
1217656.F964_02126,F964_02126,annotation&nbsp;not&nbsp;available,79.4
1217656.F964_00837,F964_00837,annotation&nbsp;not&nbsp;available,79.3
1217656.F964_00455,F964_00455,Phenylacetate-coenzyme&nbsp;A&nbsp;ligase,79.3
1217656.F964_02144,aroD,3-dehydroquinate&nbsp;dehydratase,79.2
1217656.F964_02516,F964_02516,annotation&nbsp;not&nbsp;available,79.2
1217656.F964_00033,ppa,Inorganic&nbsp;pyrophosphatase,79.2
1217656.F964_02868,ychF,Ribosome-binding&nbsp;ATPase&nbsp;YchF,79.1
1217656.F964_04380,F964_04380,annotation&nbsp;not&nbsp;available,79.1
1217656.F964_02513,F964_02513,annotation&nbsp;not&nbsp;available,79.1
1217656.F964_02748,purA,Adenylosuccinate&nbsp;synthetase,79.1
1217656.F964_01277,rplS,50S&nbsp;ribosomal&nbsp;protein&nbsp;L19,79.1
1217656.F964_02122,F964_02122,annotation&nbsp;not&nbsp;available,79.1
1217656.F964_02905,lptD,LPS-assembly&nbsp;protein&nbsp;LptD,78.9
1217656.F964_03462,F964_03462,annotation&nbsp;not&nbsp;available,78.8
1217656.F964_00041,F964_00041,annotation&nbsp;not&nbsp;available,78.8
1217656.F964_02493,F964_02493,annotation&nbsp;not&nbsp;available,78.7
1217656.F964_00242,rpsJ,30S&nbsp;ribosomal&nbsp;protein&nbsp;S10,78.7
1217656.F964_02103,F964_02103,annotation&nbsp;not&nbsp;available,78.6
1217656.F964_02494,F964_02494,annotation&nbsp;not&nbsp;available,78.6
1217656.F964_03988,F964_03988,annotation&nbsp;not&nbsp;available,78.6
1217656.F964_00844,F964_00844,annotation&nbsp;not&nbsp;available,78.5
1217656.F964_00223,F964_00223,annotation&nbsp;not&nbsp;available,78.5
1217656.F964_00115,mraY,Phospho-N-acetylmuramoyl-pentapeptide-transferase,78.4
1217656.F964_01078,F964_01078,annotation&nbsp;not&nbsp;available,78.4
1217656.F964_01147,F964_01147,annotation&nbsp;not&nbsp;available,78.4
1217656.F964_02490,F964_02490,annotation&nbsp;not&nbsp;available,78.3
1217656.F964_03766,ruvA,Holliday&nbsp;junction&nbsp;ATP-dependent&nbsp;DNA&nbsp;helicase&nbsp;RuvA,78.2
1217656.F964_04506,F964_04506,annotation&nbsp;not&nbsp;available,78.2
1217656.F964_02557,F964_02557,annotation&nbsp;not&nbsp;available,78.1
1217656.F964_00472,F964_00472,annotation&nbsp;not&nbsp;available,78.1
1217656.F964_03767,ruvB,Holliday&nbsp;junction&nbsp;ATP-dependent&nbsp;DNA&nbsp;helicase&nbsp;RuvB,78.1
1217656.F964_03443,frr,Ribosome-recycling&nbsp;factor,78.1
1217656.F964_03515,recR,Recombination&nbsp;protein&nbsp;RecR,78.1
1217656.F964_03912,F964_03912,annotation&nbsp;not&nbsp;available,78.0
1217656.F964_01635,F964_01635,annotation&nbsp;not&nbsp;available,78.0
1217656.F964_00589,glpK,Glycerol&nbsp;kinase,78.0
1217656.F964_02940,pyrF,Orotidine&nbsp;5'-phosphate&nbsp;decarboxylase,78.0
1217656.F964_01207,F964_01207,annotation&nbsp;not&nbsp;available,77.9
1217656.F964_02130,F964_02130,annotation&nbsp;not&nbsp;available,77.9
1217656.F964_01986,groS,10&nbsp;kDa&nbsp;chaperonin,77.8
1217656.F964_01604,F964_01604,annotation&nbsp;not&nbsp;available,77.8
1217656.F964_01413,F964_01413,annotation&nbsp;not&nbsp;available,77.8
1217656.F964_01343,F964_01343,annotation&nbsp;not&nbsp;available,77.7
1217656.F964_04305,F964_04305,annotation&nbsp;not&nbsp;available,77.7
1217656.F964_00152,F964_00152,annotation&nbsp;not&nbsp;available,77.5
1217656.F964_02849,F964_02849,annotation&nbsp;not&nbsp;available,77.5
1217656.F964_01975,folD,Bifunctional&nbsp;protein&nbsp;FolD,77.4
1217656.F964_04447,F964_04447,annotation&nbsp;not&nbsp;available,77.4
1217656.F964_01403,F964_01403,annotation&nbsp;not&nbsp;available,77.4
1217656.F964_03171,F964_03171,annotation&nbsp;not&nbsp;available,77.4
1217656.F964_03834,F964_03834,annotation&nbsp;not&nbsp;available,77.3
1217656.F964_01630,rplT,50S&nbsp;ribosomal&nbsp;protein&nbsp;L20,77.3
1217656.F964_03927,F964_03927,annotation&nbsp;not&nbsp;available,77.2
1217656.F964_01003,F964_01003,annotation&nbsp;not&nbsp;available,77.2
1217656.F964_00713,F964_00713,annotation&nbsp;not&nbsp;available,77.2
1217656.F964_01165,secE,Protein&nbsp;translocase&nbsp;subunit&nbsp;SecE,77.2
1217656.F964_04567,atpE,ATP&nbsp;synthase&nbsp;subunit&nbsp;c,77.2
1217656.F964_03180,F964_03180,annotation&nbsp;not&nbsp;available,77.1
1217656.F964_01906,F964_01906,annotation&nbsp;not&nbsp;available,77.1
1217656.F964_03663,purD,annotation&nbsp;not&nbsp;available,77.1
1217656.F964_02389,F964_02389,annotation&nbsp;not&nbsp;available,77.1
1217656.F964_01191,F964_01191,Fatty&nbsp;acid&nbsp;oxidation&nbsp;complex&nbsp;subunit&nbsp;alpha,77.1
1217656.F964_02424,F964_02424,annotation&nbsp;not&nbsp;available,77.0
1217656.F964_04543,argS,annotation&nbsp;not&nbsp;available,77.0
1217656.F964_00224,F964_00224,annotation&nbsp;not&nbsp;available,76.9
1217656.F964_02979,F964_02979,annotation&nbsp;not&nbsp;available,76.9
1217656.F964_00490,F964_00490,annotation&nbsp;not&nbsp;available,76.9
1217656.F964_03984,F964_03984,annotation&nbsp;not&nbsp;available,76.8
1217656.F964_01435,F964_01435,annotation&nbsp;not&nbsp;available,76.8
1217656.F964_01796,cysN,Sulfate&nbsp;adenylyltransferase&nbsp;subunit&nbsp;1,76.8
1217656.F964_04139,F964_04139,annotation&nbsp;not&nbsp;available,76.8
1217656.F964_02255,F964_02255,annotation&nbsp;not&nbsp;available,76.8
1217656.F964_00386,F964_00386,annotation&nbsp;not&nbsp;available,76.8
1217656.F964_02203,F964_02203,annotation&nbsp;not&nbsp;available,76.8
1217656.F964_02160,F964_02160,annotation&nbsp;not&nbsp;available,76.8
1217656.F964_03341,F964_03341,annotation&nbsp;not&nbsp;available,76.6
1217656.F964_00994,F964_00994,annotation&nbsp;not&nbsp;available,76.6
1217656.F964_01613,F964_01613,annotation&nbsp;not&nbsp;available,76.5
1217656.F964_02143,F964_02143,annotation&nbsp;not&nbsp;available,76.5
1217656.F964_04086,F964_04086,annotation&nbsp;not&nbsp;available,76.5
1217656.F964_00209,F964_00209,annotation&nbsp;not&nbsp;available,76.5
1217656.F964_01816,F964_01816,annotation&nbsp;not&nbsp;available,76.4
1217656.F964_00240,F964_00240,annotation&nbsp;not&nbsp;available,76.4
1217656.F964_01823,bamE,Outer&nbsp;membrane&nbsp;protein&nbsp;assembly&nbsp;factor&nbsp;BamE,76.3
1217656.F964_02901,mutL,DNA&nbsp;mismatch&nbsp;repair&nbsp;protein&nbsp;MutL,76.3
1217656.F964_00064,hisF,Imidazole&nbsp;glycerol&nbsp;phosphate&nbsp;synthase&nbsp;subunit&nbsp;HisF,76.3
1217656.F964_01253,F964_01253,annotation&nbsp;not&nbsp;available,76.3
1217656.F964_01888,F964_01888,annotation&nbsp;not&nbsp;available,76.2
1217656.F964_00124,aroB,3-dehydroquinate&nbsp;synthase,76.2
1217656.F964_00863,F964_00863,annotation&nbsp;not&nbsp;available,76.2
1217656.F964_04074,F964_04074,L-aspartate&nbsp;oxidase,76.2
1217656.F964_01172,rpoC,DNA-directed&nbsp;RNA&nbsp;polymerase&nbsp;subunit&nbsp;beta',76.1
1217656.F964_00927,ilvD,annotation&nbsp;not&nbsp;available,76.0
1217656.F964_04371,F964_04371,annotation&nbsp;not&nbsp;available,76.0
1217656.F964_00084,F964_00084,annotation&nbsp;not&nbsp;available,76.0
1217656.F964_04531,F964_04531,annotation&nbsp;not&nbsp;available,75.9
1217656.F964_01264,rpoZ,DNA-directed&nbsp;RNA&nbsp;polymerase&nbsp;subunit&nbsp;omega,75.9
1217656.F964_03747,F964_03747,annotation&nbsp;not&nbsp;available,75.8
1217656.F964_01931,rpoD,RNA&nbsp;polymerase&nbsp;sigma&nbsp;factor&nbsp;RpoD,75.8
1217656.F964_01600,F964_01600,annotation&nbsp;not&nbsp;available,75.8
1217656.F964_01820,F964_01820,annotation&nbsp;not&nbsp;available,75.8
1217656.F964_03345,F964_03345,annotation&nbsp;not&nbsp;available,75.8
1217656.F964_01870,F964_01870,annotation&nbsp;not&nbsp;available,75.8
1217656.F964_03755,F964_03755,annotation&nbsp;not&nbsp;available,75.7
1217656.F964_00256,rpsN,30S&nbsp;ribosomal&nbsp;protein&nbsp;S14,75.7
1217656.F964_04144,F964_04144,annotation&nbsp;not&nbsp;available,75.7
1217656.F964_01084,F964_01084,Aminopyrimidine&nbsp;aminohydrolase,75.7
1217656.F964_00672,F964_00672,RNA&nbsp;polymerase&nbsp;sigma-54&nbsp;factor,75.6
1217656.F964_00107,F964_00107,annotation&nbsp;not&nbsp;available,75.6
1217656.F964_04042,F964_04042,annotation&nbsp;not&nbsp;available,75.6
1217656.F964_04207,F964_04207,Polyphosphate&nbsp;kinase,75.5
1217656.F964_03032,F964_03032,annotation&nbsp;not&nbsp;available,75.5
1217656.F964_01290,F964_01290,annotation&nbsp;not&nbsp;available,75.4
1217656.F964_00861,grpE,Protein&nbsp;GrpE,75.3
1217656.F964_01757,F964_01757,Ribonucleoside-diphosphate&nbsp;reductase,75.3
1217656.F964_03574,metK,S-adenosylmethionine&nbsp;synthase,75.3
1217656.F964_02305,F964_02305,annotation&nbsp;not&nbsp;available,75.3
1217656.F964_02120,F964_02120,annotation&nbsp;not&nbsp;available,75.1
1217656.F964_02589,F964_02589,annotation&nbsp;not&nbsp;available,75.0
1217656.F964_02405,mutS,DNA&nbsp;mismatch&nbsp;repair&nbsp;protein&nbsp;MutS,75.0
1217656.F964_02678,F964_02678,annotation&nbsp;not&nbsp;available,75.0
1217656.F964_04083,F964_04083,annotation&nbsp;not&nbsp;available,74.9
1217656.F964_00750,argJ,Arginine&nbsp;biosynthesis&nbsp;bifunctional&nbsp;protein&nbsp;ArgJ,74.8
1217656.F964_02006,lysA,Diaminopimelate&nbsp;decarboxylase,74.7
1217656.F964_01911,F964_01911,annotation&nbsp;not&nbsp;available,74.7
1217656.F964_04268,F964_04268,annotation&nbsp;not&nbsp;available,74.6
1217656.F964_03219,F964_03219,annotation&nbsp;not&nbsp;available,74.6
1217656.F964_01023,parE,DNA&nbsp;topoisomerase&nbsp;4&nbsp;subunit&nbsp;B,74.6
1217656.F964_02931,F964_02931,Integration&nbsp;host&nbsp;factor&nbsp;subunit&nbsp;beta,74.5
1217656.F964_04099,F964_04099,annotation&nbsp;not&nbsp;available,74.5
1217656.F964_02871,F964_02871,annotation&nbsp;not&nbsp;available,74.2
1217656.F964_02581,F964_02581,annotation&nbsp;not&nbsp;available,74.1
1217656.F964_04378,F964_04378,annotation&nbsp;not&nbsp;available,74.1
1217656.F964_02915,kdsB,3-deoxy-manno-octulosonate&nbsp;cytidylyltransferase,74.1
1217656.F964_02534,F964_02534,annotation&nbsp;not&nbsp;available,74.1
1217656.F964_01614,F964_01614,annotation&nbsp;not&nbsp;available,74.0
1217656.F964_00083,F964_00083,annotation&nbsp;not&nbsp;available,74.0
1217656.F964_00339,F964_00339,annotation&nbsp;not&nbsp;available,74.0
1217656.F964_01051,gshB,annotation&nbsp;not&nbsp;available,74.0
1217656.F964_02622,argD,annotation&nbsp;not&nbsp;available,73.9
1217656.F964_03115,F964_03115,annotation&nbsp;not&nbsp;available,73.9
1217656.F964_00714,F964_00714,annotation&nbsp;not&nbsp;available,73.9
1217656.F964_04080,tmk,Thymidylate&nbsp;kinase,73.8
1217656.F964_03563,F964_03563,annotation&nbsp;not&nbsp;available,73.8
1217656.F964_00015,F964_00015,annotation&nbsp;not&nbsp;available,73.8
1217656.F964_04269,gatC,Aspartyl/glutamyl-tRNA(Asn/Gln)&nbsp;amidotransferase&nbsp;subunit&nbsp;C,73.8
1217656.F964_02335,F964_02335,annotation&nbsp;not&nbsp;available,73.8
1217656.F964_04186,F964_04186,annotation&nbsp;not&nbsp;available,73.7
1217656.F964_02320,F964_02320,annotation&nbsp;not&nbsp;available,73.7
1217656.F964_03369,F964_03369,annotation&nbsp;not&nbsp;available,73.6
1217656.F964_03185,ureB,annotation&nbsp;not&nbsp;available,73.6
1217656.F964_02628,rpmE,50S&nbsp;ribosomal&nbsp;protein&nbsp;L31,73.5
1217656.F964_03978,F964_03978,annotation&nbsp;not&nbsp;available,73.4
1217656.F964_00267,rpsD,30S&nbsp;ribosomal&nbsp;protein&nbsp;S4,73.4
1217656.F964_01650,F964_01650,annotation&nbsp;not&nbsp;available,73.3
1217656.F964_04542,F964_04542,annotation&nbsp;not&nbsp;available,73.3
1217656.F964_00617,fusA,Elongation&nbsp;factor&nbsp;G,73.3
1217656.F964_04022,F964_04022,annotation&nbsp;not&nbsp;available,73.3
1217656.F964_04110,F964_04110,annotation&nbsp;not&nbsp;available,73.3
1217656.F964_02579,F964_02579,annotation&nbsp;not&nbsp;available,73.3
1217656.F964_00776,F964_00776,annotation&nbsp;not&nbsp;available,73.2
1217656.F964_03819,rutA,Pyrimidine&nbsp;monooxygenase&nbsp;RutA,73.1
1217656.F964_00137,F964_00137,annotation&nbsp;not&nbsp;available,73.1
1217656.F964_02189,rnhA,Ribonuclease&nbsp;H,73.1
1217656.F964_04588,F964_04588,Peptide&nbsp;deformylase,73.1
1217656.F964_04107,gyrA,DNA&nbsp;gyrase&nbsp;subunit&nbsp;A,73.0
1217656.F964_00402,F964_00402,annotation&nbsp;not&nbsp;available,73.0
1217656.F964_01420,rpmB,annotation&nbsp;not&nbsp;available,73.0
1217656.F964_02575,F964_02575,annotation&nbsp;not&nbsp;available,73.0
1217656.F964_00396,F964_00396,annotation&nbsp;not&nbsp;available,72.9
1217656.F964_00272,F964_00272,annotation&nbsp;not&nbsp;available,72.8
1217656.F964_02192,F964_02192,annotation&nbsp;not&nbsp;available,72.7
1217656.F964_03717,F964_03717,Phosphate&nbsp;transport&nbsp;system&nbsp;permease&nbsp;protein,72.7
1217656.F964_02445,F964_02445,annotation&nbsp;not&nbsp;available,72.6
1217656.F964_01492,F964_01492,Fumarate&nbsp;hydratase&nbsp;class&nbsp;I,72.6
1217656.F964_02773,pyrB,annotation&nbsp;not&nbsp;available,72.6
1217656.F964_03540,F964_03540,annotation&nbsp;not&nbsp;available,72.5
1217656.F964_03303,F964_03303,annotation&nbsp;not&nbsp;available,72.5
1217656.F964_04321,F964_04321,annotation&nbsp;not&nbsp;available,72.5
1217656.F964_02859,purT,Formate-dependent&nbsp;phosphoribosylglycinamide&nbsp;formyltransferase,72.5
1217656.F964_03736,F964_03736,annotation&nbsp;not&nbsp;available,72.5
1217656.F964_00120,F964_00120,annotation&nbsp;not&nbsp;available,72.5
1217656.F964_03344,F964_03344,annotation&nbsp;not&nbsp;available,72.4
1217656.F964_02357,F964_02357,annotation&nbsp;not&nbsp;available,72.3
1217656.F964_02436,F964_02436,annotation&nbsp;not&nbsp;available,72.3
1217656.F964_03937,phnW,2-aminoethylphosphonate--pyruvate&nbsp;transaminase,72.3
1217656.F964_03799,folE,annotation&nbsp;not&nbsp;available,72.3
1217656.F964_03610,F964_03610,annotation&nbsp;not&nbsp;available,72.3
1217656.F964_02127,F964_02127,annotation&nbsp;not&nbsp;available,72.3
1217656.F964_02747,hisZ,ATP&nbsp;phosphoribosyltransferase&nbsp;regulatory&nbsp;subunit,72.3
1217656.F964_02186,F964_02186,annotation&nbsp;not&nbsp;available,72.2
1217656.F964_01263,F964_01263,annotation&nbsp;not&nbsp;available,72.2
1217656.F964_03611,F964_03611,annotation&nbsp;not&nbsp;available,72.2
1217656.F964_00674,F964_00674,annotation&nbsp;not&nbsp;available,72.2
1217656.F964_03589,pyrD,Dihydroorotate&nbsp;dehydrogenase&nbsp;(quinone),72.1
1217656.F964_01219,F964_01219,Thiol:disulfide&nbsp;interchange&nbsp;protein,72.1
1217656.F964_02194,F964_02194,annotation&nbsp;not&nbsp;available,72.1
1217656.F964_03508,F964_03508,annotation&nbsp;not&nbsp;available,72.0
1217656.F964_01945,prs,Ribose-phosphate&nbsp;pyrophosphokinase,71.9
1217656.F964_02241,F964_02241,annotation&nbsp;not&nbsp;available,71.8
1217656.F964_01144,F964_01144,annotation&nbsp;not&nbsp;available,71.8
1217656.F964_02974,F964_02974,Polyphosphate&nbsp;kinase,71.8
1217656.F964_01879,F964_01879,annotation&nbsp;not&nbsp;available,71.8
1217656.F964_03795,F964_03795,annotation&nbsp;not&nbsp;available,71.8
1217656.F964_00460,F964_00460,annotation&nbsp;not&nbsp;available,71.6
1217656.F964_00029,parC,DNA&nbsp;topoisomerase&nbsp;4&nbsp;subunit&nbsp;A,71.5
1217656.F964_02301,F964_02301,Penicillin-binding&nbsp;protein&nbsp;1B,71.5
1217656.F964_01056,ftsA,Cell&nbsp;division&nbsp;protein&nbsp;FtsA,71.5
1217656.F964_00976,dapA,4-hydroxy-tetrahydrodipicolinate&nbsp;synthase,71.5
1217656.F964_03018,iscS,Cysteine&nbsp;desulfurase&nbsp;IscS,71.5
1217656.F964_02978,prpB,2-methylisocitrate&nbsp;lyase,71.4
1217656.F964_03153,F964_03153,annotation&nbsp;not&nbsp;available,71.4
1217656.F964_04324,F964_04324,annotation&nbsp;not&nbsp;available,71.3
1217656.F964_04135,sucD,Succinate--CoA&nbsp;ligase&nbsp;[ADP-forming]&nbsp;subunit&nbsp;alpha,71.3
1217656.F964_02833,F964_02833,annotation&nbsp;not&nbsp;available,71.2
1217656.F964_04038,ahcY,Adenosylhomocysteinase,71.2
1217656.F964_02437,F964_02437,annotation&nbsp;not&nbsp;available,71.2
1217656.F964_03548,F964_03548,annotation&nbsp;not&nbsp;available,71.2
1217656.F964_03427,F964_03427,annotation&nbsp;not&nbsp;available,71.1
1217656.F964_03780,F964_03780,annotation&nbsp;not&nbsp;available,71.0
1217656.F964_00325,F964_00325,annotation&nbsp;not&nbsp;available,70.9
1217656.F964_00758,rpmF,annotation&nbsp;not&nbsp;available,70.9
1217656.F964_04353,betB,NAD/NADP-dependent&nbsp;betaine&nbsp;aldehyde&nbsp;dehydrogenase,70.9
1217656.F964_00264,rpmJ,annotation&nbsp;not&nbsp;available,70.8
1217656.F964_04041,F964_04041,annotation&nbsp;not&nbsp;available,70.8
1217656.F964_03019,F964_03019,annotation&nbsp;not&nbsp;available,70.8
1217656.F964_03536,dnaX,DNA&nbsp;polymerase&nbsp;III&nbsp;subunit&nbsp;gamma/tau,70.8
1217656.F964_00870,purK,N5-carboxyaminoimidazole&nbsp;ribonucleotide&nbsp;synthase,70.8
1217656.F964_02523,F964_02523,annotation&nbsp;not&nbsp;available,70.7
1217656.F964_01340,rne,Ribonuclease&nbsp;E,70.6
1217656.F964_01168,rplA,50S&nbsp;ribosomal&nbsp;protein&nbsp;L1,70.5
1217656.F964_03816,F964_03816,Pyrimidine&nbsp;utilization&nbsp;flavin&nbsp;reductase&nbsp;F,70.5
1217656.F964_01765,nuoB,NADH-quinone&nbsp;oxidoreductase&nbsp;subunit&nbsp;B,70.5
1217656.F964_00650,F964_00650,S-formylglutathione&nbsp;hydrolase,70.4
1217656.F964_01773,nuoK,NADH-quinone&nbsp;oxidoreductase&nbsp;subunit&nbsp;K,70.4
1217656.F964_03301,F964_03301,annotation&nbsp;not&nbsp;available,70.4
1217656.F964_00294,F964_00294,annotation&nbsp;not&nbsp;available,70.4
1217656.F964_02889,F964_02889,annotation&nbsp;not&nbsp;available,70.4
1217656.F964_03033,fumC,Fumarate&nbsp;hydratase&nbsp;class&nbsp;II,70.4
1217656.F964_02869,F964_02869,annotation&nbsp;not&nbsp;available,70.3
1217656.F964_00246,rplB,50S&nbsp;ribosomal&nbsp;protein&nbsp;L2,70.3
1217656.F964_01814,rep,ATP-dependent&nbsp;DNA&nbsp;helicase&nbsp;Rep,70.3
1217656.F964_00917,F964_00917,annotation&nbsp;not&nbsp;available,70.3
1217656.F964_04373,F964_04373,annotation&nbsp;not&nbsp;available,70.2
1217656.F964_04564,F964_04564,annotation&nbsp;not&nbsp;available,70.1
1217656.F964_04052,F964_04052,annotation&nbsp;not&nbsp;available,70.1
1217656.F964_03729,F964_03729,annotation&nbsp;not&nbsp;available,70.1
1217656.F964_03634,F964_03634,annotation&nbsp;not&nbsp;available,70.1
1217656.F964_02187,F964_02187,annotation&nbsp;not&nbsp;available,70.0
1217656.F964_00592,F964_00592,annotation&nbsp;not&nbsp;available,70.0
1217656.F964_04504,F964_04504,annotation&nbsp;not&nbsp;available,69.9
1217656.F964_04103,F964_04103,annotation&nbsp;not&nbsp;available,69.9
1217656.F964_02767,clpB,Chaperone&nbsp;protein&nbsp;ClpB,69.9
1217656.F964_03468,F964_03468,annotation&nbsp;not&nbsp;available,69.8
1217656.F964_02762,F964_02762,annotation&nbsp;not&nbsp;available,69.8
1217656.F964_04267,F964_04267,Cell&nbsp;shape-determining&nbsp;protein&nbsp;MreC,69.8
1217656.F964_01627,F964_01627,annotation&nbsp;not&nbsp;available,69.7
1217656.F964_02858,glnD,Bifunctional&nbsp;uridylyltransferase/uridylyl-removing&nbsp;enzyme,69.7
1217656.F964_02138,F964_02138,annotation&nbsp;not&nbsp;available,69.7
1217656.F964_00998,pncB,Nicotinate&nbsp;phosphoribosyltransferase,69.6
1217656.F964_02204,F964_02204,annotation&nbsp;not&nbsp;available,69.5
1217656.F964_03823,F964_03823,annotation&nbsp;not&nbsp;available,69.5
1217656.F964_03619,F964_03619,annotation&nbsp;not&nbsp;available,69.5
1217656.F964_03176,F964_03176,annotation&nbsp;not&nbsp;available,69.4
1217656.F964_02848,F964_02848,annotation&nbsp;not&nbsp;available,69.4
1217656.F964_02857,F964_02857,annotation&nbsp;not&nbsp;available,69.3
1217656.F964_02476,F964_02476,annotation&nbsp;not&nbsp;available,69.3
1217656.F964_03260,F964_03260,annotation&nbsp;not&nbsp;available,69.3
1217656.F964_00019,uvrA,UvrABC&nbsp;system&nbsp;protein&nbsp;A,69.2
1217656.F964_03542,F964_03542,annotation&nbsp;not&nbsp;available,69.2
1217656.F964_00415,F964_00415,annotation&nbsp;not&nbsp;available,69.2
1217656.F964_01324,glyS,annotation&nbsp;not&nbsp;available,69.2
1217656.F964_00111,ftsL,Cell&nbsp;division&nbsp;protein&nbsp;FtsL,69.2
1217656.F964_00898,rpmH,annotation&nbsp;not&nbsp;available,69.2
1217656.F964_02916,F964_02916,annotation&nbsp;not&nbsp;available,69.2
1217656.F964_00141,hisI,annotation&nbsp;not&nbsp;available,69.1
1217656.F964_00528,F964_00528,annotation&nbsp;not&nbsp;available,69.1
1217656.F964_00507,F964_00507,annotation&nbsp;not&nbsp;available,69.1
1217656.F964_03046,F964_03046,annotation&nbsp;not&nbsp;available,69.1
1217656.F964_00250,rplP,50S&nbsp;ribosomal&nbsp;protein&nbsp;L16,69.1
1217656.F964_00387,F964_00387,annotation&nbsp;not&nbsp;available,69.0
1217656.F964_01629,rpmI,annotation&nbsp;not&nbsp;available,68.9
1217656.F964_01909,F964_01909,annotation&nbsp;not&nbsp;available,68.9
1217656.F964_03783,fbp,annotation&nbsp;not&nbsp;available,68.8
1217656.F964_03731,F964_03731,annotation&nbsp;not&nbsp;available,68.8
1217656.F964_02509,F964_02509,annotation&nbsp;not&nbsp;available,68.8
1217656.F964_01828,F964_01828,Undecaprenyl-diphosphatase,68.8
1217656.F964_00292,F964_00292,annotation&nbsp;not&nbsp;available,68.7
1217656.F964_00337,F964_00337,annotation&nbsp;not&nbsp;available,68.7
1217656.F964_01281,truB,tRNA&nbsp;pseudouridine&nbsp;synthase&nbsp;B,68.7
1217656.F964_01062,F964_01062,annotation&nbsp;not&nbsp;available,68.7
1217656.F964_01983,pckG,Phosphoenolpyruvate&nbsp;carboxykinase&nbsp;[GTP],68.7
1217656.F964_00718,proS,Proline--tRNA&nbsp;ligase,68.7
1217656.F964_02569,F964_02569,annotation&nbsp;not&nbsp;available,68.6
1217656.F964_04085,F964_04085,annotation&nbsp;not&nbsp;available,68.6
1217656.F964_02989,pgk,annotation&nbsp;not&nbsp;available,68.6
1217656.F964_02158,kdpB,Potassium-transporting&nbsp;ATPase&nbsp;ATP-binding&nbsp;subunit,68.6
1217656.F964_01385,F964_01385,annotation&nbsp;not&nbsp;available,68.4
1217656.F964_01766,nuoC,NADH-quinone&nbsp;oxidoreductase&nbsp;subunit&nbsp;C/D,68.4
1217656.F964_02950,F964_02950,Ribose-5-phosphate&nbsp;isomerase&nbsp;A,68.4
1217656.F964_04495,F964_04495,annotation&nbsp;not&nbsp;available,68.4
1217656.F964_03573,F964_03573,Transketolase,68.4
1217656.F964_03804,F964_03804,annotation&nbsp;not&nbsp;available,68.2
1217656.F964_02922,F964_02922,annotation&nbsp;not&nbsp;available,68.2
1217656.F964_02844,rpsU,annotation&nbsp;not&nbsp;available,68.1
1217656.F964_04134,F964_04134,annotation&nbsp;not&nbsp;available,68.0
1217656.F964_01509,F964_01509,annotation&nbsp;not&nbsp;available,68.0
1217656.F964_01046,pyrE,Orotate&nbsp;phosphoribosyltransferase,67.8
1217656.F964_01487,clpX,ATP-dependent&nbsp;Clp&nbsp;protease&nbsp;ATP-binding&nbsp;subunit&nbsp;ClpX,67.8
1217656.F964_02021,pyrC,Dihydroorotase,67.8
1217656.F964_02506,F964_02506,annotation&nbsp;not&nbsp;available,67.7
1217656.F964_03652,F964_03652,annotation&nbsp;not&nbsp;available,67.7
1217656.F964_00302,F964_00302,annotation&nbsp;not&nbsp;available,67.6
1217656.F964_04345,F964_04345,annotation&nbsp;not&nbsp;available,67.6
1217656.F964_00947,dnaJ,Chaperone&nbsp;protein&nbsp;DnaJ,67.6
1217656.F964_00409,F964_00409,annotation&nbsp;not&nbsp;available,67.6
1217656.F964_01042,F964_01042,annotation&nbsp;not&nbsp;available,67.5
1217656.F964_00431,F964_00431,annotation&nbsp;not&nbsp;available,67.5
1217656.F964_01568,F964_01568,annotation&nbsp;not&nbsp;available,67.5
1217656.F964_01953,hemA,Glutamyl-tRNA&nbsp;reductase,67.5
1217656.F964_00843,F964_00843,annotation&nbsp;not&nbsp;available,67.4
1217656.F964_04392,F964_04392,annotation&nbsp;not&nbsp;available,67.4
1217656.F964_00701,F964_00701,annotation&nbsp;not&nbsp;available,67.4
1217656.F964_04406,F964_04406,annotation&nbsp;not&nbsp;available,67.4
1217656.F964_03803,F964_03803,annotation&nbsp;not&nbsp;available,67.4
1217656.F964_00668,hisG,ATP&nbsp;phosphoribosyltransferase,67.4
1217656.F964_03294,F964_03294,annotation&nbsp;not&nbsp;available,67.4
1217656.F964_00113,murE,"UDP-N-acetylmuramoyl-L-alanyl-D-glutamate--2,6-diaminopimelate&nbsp;ligase",67.3
1217656.F964_03186,ureA,annotation&nbsp;not&nbsp;available,67.1
1217656.F964_02425,F964_02425,annotation&nbsp;not&nbsp;available,67.1
1217656.F964_04312,F964_04312,annotation&nbsp;not&nbsp;available,67.1
1217656.F964_04505,F964_04505,annotation&nbsp;not&nbsp;available,67.1
1217656.F964_02422,F964_02422,annotation&nbsp;not&nbsp;available,67.1
1217656.F964_03828,F964_03828,annotation&nbsp;not&nbsp;available,67.0
1217656.F964_03275,glnS,annotation&nbsp;not&nbsp;available,66.9
1217656.F964_02117,F964_02117,annotation&nbsp;not&nbsp;available,66.9
1217656.F964_00647,F964_00647,annotation&nbsp;not&nbsp;available,66.9
1217656.F964_02764,F964_02764,annotation&nbsp;not&nbsp;available,66.9
1217656.F964_04477,F964_04477,annotation&nbsp;not&nbsp;available,66.9
1217656.F964_00752,secA,Protein&nbsp;translocase&nbsp;subunit&nbsp;SecA,66.8
1217656.F964_04540,F964_04540,annotation&nbsp;not&nbsp;available,66.7
1217656.F964_02903,F964_02903,RNA-binding&nbsp;protein&nbsp;Hfq,66.7
1217656.F964_03140,F964_03140,annotation&nbsp;not&nbsp;available,66.6
1217656.F964_01856,F964_01856,annotation&nbsp;not&nbsp;available,66.6
1217656.F964_03889,F964_03889,annotation&nbsp;not&nbsp;available,66.5
1217656.F964_03940,F964_03940,annotation&nbsp;not&nbsp;available,66.5
1217656.F964_02487,F964_02487,annotation&nbsp;not&nbsp;available,66.5
1217656.F964_00768,accD,Acetyl-coenzyme&nbsp;A&nbsp;carboxylase&nbsp;carboxyl&nbsp;transferase&nbsp;subunit&nbsp;beta,66.5
1217656.F964_01316,F964_01316,annotation&nbsp;not&nbsp;available,66.4
1217656.F964_00269,rplQ,annotation&nbsp;not&nbsp;available,66.4
1217656.F964_03002,rpsT,30S&nbsp;ribosomal&nbsp;protein&nbsp;S20,66.4
1217656.F964_01764,nuoA,NADH-quinone&nbsp;oxidoreductase&nbsp;subunit&nbsp;A,66.4
1217656.F964_01379,leuB,3-isopropylmalate&nbsp;dehydrogenase,66.3
1217656.F964_03939,F964_03939,annotation&nbsp;not&nbsp;available,66.3
1217656.F964_03017,F964_03017,Iron-sulfur&nbsp;cluster&nbsp;assembly&nbsp;scaffold&nbsp;protein&nbsp;IscU,66.3
1217656.F964_01696,F964_01696,annotation&nbsp;not&nbsp;available,66.3
1217656.F964_00767,F964_00767,annotation&nbsp;not&nbsp;available,66.3
1217656.F964_04573,atpC,ATP&nbsp;synthase&nbsp;epsilon&nbsp;chain,66.2
1217656.F964_04341,F964_04341,annotation&nbsp;not&nbsp;available,66.2
1217656.F964_03014,hscA,Chaperone&nbsp;protein&nbsp;HscA&nbsp;homolog,66.2
1217656.F964_03911,F964_03911,annotation&nbsp;not&nbsp;available,66.2
1217656.F964_00350,F964_00350,annotation&nbsp;not&nbsp;available,66.2
1217656.F964_01030,F964_01030,annotation&nbsp;not&nbsp;available,66.1
1217656.F964_01500,nagZ,Beta-hexosaminidase,66.1
1217656.F964_04413,F964_04413,annotation&nbsp;not&nbsp;available,66.0
1217656.F964_01251,infB,Translation&nbsp;initiation&nbsp;factor&nbsp;IF-2,66.0
1217656.F964_01039,F964_01039,annotation&nbsp;not&nbsp;available,65.9
1217656.F964_01849,F964_01849,annotation&nbsp;not&nbsp;available,65.8
1217656.F964_03587,purF,Amidophosphoribosyltransferase,65.6
1217656.F964_02438,F964_02438,annotation&nbsp;not&nbsp;available,65.6
1217656.F964_04065,F964_04065,annotation&nbsp;not&nbsp;available,65.5
1217656.F964_00458,F964_00458,annotation&nbsp;not&nbsp;available,65.5
1217656.F964_00043,nrdR,Transcriptional&nbsp;repressor&nbsp;NrdR,65.5
1217656.F964_02765,F964_02765,annotation&nbsp;not&nbsp;available,65.4
1217656.F964_04344,F964_04344,annotation&nbsp;not&nbsp;available,65.4
1217656.F964_01759,F964_01759,annotation&nbsp;not&nbsp;available,65.4
1217656.F964_02911,F964_02911,annotation&nbsp;not&nbsp;available,65.4
1217656.F964_00743,F964_00743,annotation&nbsp;not&nbsp;available,65.3
1217656.F964_02485,xylB,annotation&nbsp;not&nbsp;available,65.3
1217656.F964_00265,rpsM,30S&nbsp;ribosomal&nbsp;protein&nbsp;S13,65.3
1217656.F964_04346,F964_04346,annotation&nbsp;not&nbsp;available,65.3
1217656.F964_00164,rpsO,30S&nbsp;ribosomal&nbsp;protein&nbsp;S15,65.3
1217656.F964_02376,F964_02376,annotation&nbsp;not&nbsp;available,65.2
1217656.F964_00827,F964_00827,annotation&nbsp;not&nbsp;available,65.2
1217656.F964_04528,acsA,Acetyl-coenzyme&nbsp;A&nbsp;synthetase,65.2
1217656.F964_00853,F964_00853,annotation&nbsp;not&nbsp;available,65.1
1217656.F964_04137,F964_04137,annotation&nbsp;not&nbsp;available,65.1
1217656.F964_03901,F964_03901,annotation&nbsp;not&nbsp;available,65.1
1217656.F964_04012,dld,Quinone-dependent&nbsp;D-lactate&nbsp;dehydrogenase,65.1
1217656.F964_02148,F964_02148,annotation&nbsp;not&nbsp;available,65.1
1217656.F964_02416,moaA,"GTP&nbsp;3',8-cyclase",65.0
1217656.F964_00162,recD,RecBCD&nbsp;enzyme&nbsp;subunit&nbsp;RecD,64.9
1217656.F964_04562,znuC,Zinc&nbsp;import&nbsp;ATP-binding&nbsp;protein&nbsp;ZnuC,64.9
1217656.F964_00127,F964_00127,annotation&nbsp;not&nbsp;available,64.9
1217656.F964_02807,F964_02807,annotation&nbsp;not&nbsp;available,64.8
1217656.F964_00379,F964_00379,annotation&nbsp;not&nbsp;available,64.8
1217656.F964_00244,rplD,50S&nbsp;ribosomal&nbsp;protein&nbsp;L4,64.7
1217656.F964_04200,F964_04200,annotation&nbsp;not&nbsp;available,64.7
1217656.F964_02299,F964_02299,annotation&nbsp;not&nbsp;available,64.6
1217656.F964_02105,F964_02105,annotation&nbsp;not&nbsp;available,64.5
1217656.F964_01377,leuD,3-isopropylmalate&nbsp;dehydratase&nbsp;small&nbsp;subunit,64.5
1217656.F964_03189,ureG,Urease&nbsp;accessory&nbsp;protein&nbsp;UreG,64.4
1217656.F964_00344,F964_00344,annotation&nbsp;not&nbsp;available,64.4
1217656.F964_01799,F964_01799,annotation&nbsp;not&nbsp;available,64.3
1217656.F964_00634,F964_00634,annotation&nbsp;not&nbsp;available,64.3
1217656.F964_02394,F964_02394,annotation&nbsp;not&nbsp;available,64.3
1217656.F964_02543,F964_02543,annotation&nbsp;not&nbsp;available,64.3
1217656.F964_00053,cpdA,"3',5'-cyclic&nbsp;adenosine&nbsp;monophosphate&nbsp;phosphodiesterase&nbsp;CpdA",64.2
1217656.F964_01387,F964_01387,annotation&nbsp;not&nbsp;available,64.2
1217656.F964_01962,F964_01962,annotation&nbsp;not&nbsp;available,64.2
1217656.F964_03328,F964_03328,annotation&nbsp;not&nbsp;available,64.2
1217656.F964_02125,F964_02125,annotation&nbsp;not&nbsp;available,64.2
1217656.F964_02484,F964_02484,annotation&nbsp;not&nbsp;available,64.2
1217656.F964_01447,F964_01447,annotation&nbsp;not&nbsp;available,64.2
1217656.F964_01392,lpxL,Lipid&nbsp;A&nbsp;biosynthesis&nbsp;lauroyltransferase,64.1
1217656.F964_03138,F964_03138,annotation&nbsp;not&nbsp;available,64.0
1217656.F964_02488,F964_02488,Ribose-5-phosphate&nbsp;isomerase&nbsp;A,63.9
1217656.F964_00838,F964_00838,annotation&nbsp;not&nbsp;available,63.9
1217656.F964_01987,groL,60&nbsp;kDa&nbsp;chaperonin,63.9
1217656.F964_04270,gatA,Glutamyl-tRNA(Gln)&nbsp;amidotransferase&nbsp;subunit&nbsp;A,63.9
1217656.F964_04400,F964_04400,annotation&nbsp;not&nbsp;available,63.9
1217656.F964_00065,thrB,annotation&nbsp;not&nbsp;available,63.8
1217656.F964_03127,F964_03127,4-hydroxy-2-oxovalerate&nbsp;aldolase,63.7
1217656.F964_02533,F964_02533,annotation&nbsp;not&nbsp;available,63.6
1217656.F964_01952,F964_01952,annotation&nbsp;not&nbsp;available,63.6
1217656.F964_00801,smc,Chromosome&nbsp;partition&nbsp;protein&nbsp;Smc,63.6
1217656.F964_00665,hisC,annotation&nbsp;not&nbsp;available,63.6
1217656.F964_03708,aroA,3-phosphoshikimate&nbsp;1-carboxyvinyltransferase,63.5
1217656.F964_03429,recA,Protein&nbsp;RecA,63.5
1217656.F964_04260,F964_04260,annotation&nbsp;not&nbsp;available,63.5
1217656.F964_04067,era,GTPase&nbsp;Era,63.4
1217656.F964_02694,F964_02694,annotation&nbsp;not&nbsp;available,63.2
1217656.F964_00852,F964_00852,annotation&nbsp;not&nbsp;available,63.1
1217656.F964_03191,ureE,Urease&nbsp;accessory&nbsp;protein&nbsp;UreE,63.0
1217656.F964_02180,F964_02180,annotation&nbsp;not&nbsp;available,63.0
1217656.F964_04494,F964_04494,annotation&nbsp;not&nbsp;available,63.0
1217656.F964_00085,F964_00085,annotation&nbsp;not&nbsp;available,63.0
1217656.F964_02578,F964_02578,annotation&nbsp;not&nbsp;available,62.9
1217656.F964_01731,F964_01731,annotation&nbsp;not&nbsp;available,62.9
1217656.F964_01226,F964_01226,annotation&nbsp;not&nbsp;available,62.9
1217656.F964_02795,F964_02795,annotation&nbsp;not&nbsp;available,62.9
1217656.F964_03178,F964_03178,annotation&nbsp;not&nbsp;available,62.9
1217656.F964_00168,F964_00168,annotation&nbsp;not&nbsp;available,62.9
1217656.F964_01985,F964_01985,annotation&nbsp;not&nbsp;available,62.9
1217656.F964_03175,alc,annotation&nbsp;not&nbsp;available,62.8
1217656.F964_00836,F964_00836,annotation&nbsp;not&nbsp;available,62.8
1217656.F964_02598,uvrB,UvrABC&nbsp;system&nbsp;protein&nbsp;B,62.8
1217656.F964_04570,atpA,ATP&nbsp;synthase&nbsp;subunit&nbsp;alpha,62.7
1217656.F964_00626,F964_00626,annotation&nbsp;not&nbsp;available,62.6
1217656.F964_01481,leuA,2-isopropylmalate&nbsp;synthase,62.6
1217656.F964_01834,sbcD,Nuclease&nbsp;SbcCD&nbsp;subunit&nbsp;D,62.6
1217656.F964_00259,rplR,50S&nbsp;ribosomal&nbsp;protein&nbsp;L18,62.5
1217656.F964_00353,ndk,Nucleoside&nbsp;diphosphate&nbsp;kinase,62.5
1217656.F964_01008,F964_01008,annotation&nbsp;not&nbsp;available,62.4
1217656.F964_04010,F964_04010,annotation&nbsp;not&nbsp;available,62.2
1217656.F964_00260,rpsE,30S&nbsp;ribosomal&nbsp;protein&nbsp;S5,62.2
1217656.F964_04166,nadE,Glutamine-dependent&nbsp;NAD(+)&nbsp;synthetase,62.1
1217656.F964_00058,F964_00058,Phosphate-specific&nbsp;transport&nbsp;system&nbsp;accessory&nbsp;protein&nbsp;PhoU,62.1
1217656.F964_03061,F964_03061,annotation&nbsp;not&nbsp;available,62.0
1217656.F964_00221,F964_00221,annotation&nbsp;not&nbsp;available,62.0
1217656.F964_02883,mqo,annotation&nbsp;not&nbsp;available,62.0
1217656.F964_01776,nuoN,NADH-quinone&nbsp;oxidoreductase&nbsp;subunit&nbsp;N,62.0
1217656.F964_03134,F964_03134,annotation&nbsp;not&nbsp;available,62.0
1217656.F964_01693,rplM,50S&nbsp;ribosomal&nbsp;protein&nbsp;L13,61.9
1217656.F964_00856,F964_00856,annotation&nbsp;not&nbsp;available,61.8
1217656.F964_01242,tpiA,Triosephosphate&nbsp;isomerase,61.8
1217656.F964_03232,F964_03232,annotation&nbsp;not&nbsp;available,61.8
1217656.F964_02929,cmk,annotation&nbsp;not&nbsp;available,61.7
1217656.F964_04136,sucC,Succinate--CoA&nbsp;ligase&nbsp;[ADP-forming]&nbsp;subunit&nbsp;beta,61.7
1217656.F964_00262,rplO,50S&nbsp;ribosomal&nbsp;protein&nbsp;L15,61.6
1217656.F964_04568,atpF,ATP&nbsp;synthase&nbsp;subunit&nbsp;b,61.6
1217656.F964_00369,F964_00369,annotation&nbsp;not&nbsp;available,61.6
1217656.F964_03832,F964_03832,annotation&nbsp;not&nbsp;available,61.6
1217656.F964_03286,eno,Enolase,61.5
1217656.F964_01459,F964_01459,annotation&nbsp;not&nbsp;available,61.5
1217656.F964_02872,F964_02872,annotation&nbsp;not&nbsp;available,61.5
1217656.F964_03137,F964_03137,annotation&nbsp;not&nbsp;available,61.5
1217656.F964_02458,F964_02458,annotation&nbsp;not&nbsp;available,61.4
1217656.F964_00393,F964_00393,annotation&nbsp;not&nbsp;available,61.4
1217656.F964_01163,tuf,Elongation&nbsp;factor&nbsp;Tu,61.4
1217656.F964_01955,dnaG,DNA&nbsp;primase,61.3
1217656.F964_01209,gpmI,"2,3-bisphosphoglycerate-independent&nbsp;phosphoglycerate&nbsp;mutase",61.3
1217656.F964_00348,F964_00348,annotation&nbsp;not&nbsp;available,61.3
1217656.F964_01486,clpP,ATP-dependent&nbsp;Clp&nbsp;protease&nbsp;proteolytic&nbsp;subunit,61.3
1217656.F964_00461,F964_00461,annotation&nbsp;not&nbsp;available,61.2
1217656.F964_00441,F964_00441,annotation&nbsp;not&nbsp;available,61.2
1217656.F964_03139,F964_03139,annotation&nbsp;not&nbsp;available,61.1
1217656.F964_02455,F964_02455,annotation&nbsp;not&nbsp;available,61.1
1217656.F964_04261,F964_04261,"5'-adenylylsulfate&nbsp;reductase,&nbsp;thioredoxin-independent",61.1
1217656.F964_00675,F964_00675,annotation&nbsp;not&nbsp;available,61.1
1217656.F964_00368,F964_00368,annotation&nbsp;not&nbsp;available,61.0
1217656.F964_00715,F964_00715,annotation&nbsp;not&nbsp;available,61.0
1217656.F964_00900,F964_00900,Beta&nbsp;sliding&nbsp;clamp,61.0
1217656.F964_04047,F964_04047,Lipoyl&nbsp;synthase,60.9
1217656.F964_01644,accA,Acetyl-coenzyme&nbsp;A&nbsp;carboxylase&nbsp;carboxyl&nbsp;transferase&nbsp;subunit&nbsp;alpha,60.9
1217656.F964_04503,pgi,annotation&nbsp;not&nbsp;available,60.8
1217656.F964_00851,F964_00851,annotation&nbsp;not&nbsp;available,60.8
1217656.F964_02774,F964_02774,annotation&nbsp;not&nbsp;available,60.8
1217656.F964_02062,F964_02062,annotation&nbsp;not&nbsp;available,60.7
1217656.F964_01430,F964_01430,annotation&nbsp;not&nbsp;available,60.7
1217656.F964_01918,cysG,Siroheme&nbsp;synthase,60.6
1217656.F964_01878,F964_01878,annotation&nbsp;not&nbsp;available,60.6
1217656.F964_00051,gluQ,Glutamyl-Q&nbsp;tRNA(Asp)&nbsp;synthetase,60.6
1217656.F964_01809,F964_01809,annotation&nbsp;not&nbsp;available,60.6
1217656.F964_03436,lpxD,UDP-3-O-acylglucosamine&nbsp;N-acyltransferase,60.5
1217656.F964_03614,F964_03614,annotation&nbsp;not&nbsp;available,60.4
1217656.F964_04569,atpH,ATP&nbsp;synthase&nbsp;subunit&nbsp;delta,60.4
1217656.F964_01497,proA,Gamma-glutamyl&nbsp;phosphate&nbsp;reductase,60.4
1217656.F964_04328,F964_04328,annotation&nbsp;not&nbsp;available,60.4
1217656.F964_02347,F964_02347,annotation&nbsp;not&nbsp;available,60.3
1217656.F964_03013,F964_03013,annotation&nbsp;not&nbsp;available,60.3
1217656.F964_04500,F964_04500,annotation&nbsp;not&nbsp;available,60.2
1217656.F964_02106,F964_02106,annotation&nbsp;not&nbsp;available,60.2
1217656.F964_03402,F964_03402,annotation&nbsp;not&nbsp;available,60.2
1217656.F964_01840,F964_01840,annotation&nbsp;not&nbsp;available,60.1
1217656.F964_03764,F964_03764,annotation&nbsp;not&nbsp;available,60.1
1217656.F964_03608,F964_03608,annotation&nbsp;not&nbsp;available,60.0
1217656.F964_01266,ispH,4-hydroxy-3-methylbut-2-enyl&nbsp;diphosphate&nbsp;reductase,60.0
1217656.F964_00165,pnp,Polyribonucleotide&nbsp;nucleotidyltransferase,60.0
1217656.F964_02191,F964_02191,annotation&nbsp;not&nbsp;available,59.9
1217656.F964_03942,F964_03942,annotation&nbsp;not&nbsp;available,59.9
1217656.F964_03955,F964_03955,annotation&nbsp;not&nbsp;available,59.8
1217656.F964_01423,purU,Formyltetrahydrofolate&nbsp;deformylase,59.8
1217656.F964_04026,F964_04026,annotation&nbsp;not&nbsp;available,59.8
1217656.F964_02196,F964_02196,annotation&nbsp;not&nbsp;available,59.7
1217656.F964_04307,F964_04307,annotation&nbsp;not&nbsp;available,59.7
1217656.F964_02619,surE,5'-nucleotidase&nbsp;SurE,59.7
1217656.F964_03365,F964_03365,Phospho-2-dehydro-3-deoxyheptonate&nbsp;aldolase,59.6
1217656.F964_03716,F964_03716,annotation&nbsp;not&nbsp;available,59.6
1217656.F964_01571,secF,Protein-export&nbsp;membrane&nbsp;protein&nbsp;SecF,59.5
1217656.F964_01166,nusG,Transcription&nbsp;termination/antitermination&nbsp;protein&nbsp;NusG,59.5
1217656.F964_02930,F964_02930,30S&nbsp;ribosomal&nbsp;protein&nbsp;S1,59.3
1217656.F964_01260,F964_01260,Bacterioferritin,59.3
1217656.F964_02462,F964_02462,annotation&nbsp;not&nbsp;available,59.2
1217656.F964_02401,F964_02401,annotation&nbsp;not&nbsp;available,59.2
1217656.F964_04018,argG,annotation&nbsp;not&nbsp;available,59.2
1217656.F964_01057,ftsZ,Cell&nbsp;division&nbsp;protein&nbsp;FtsZ,59.1
1217656.F964_03670,F964_03670,annotation&nbsp;not&nbsp;available,59.1
1217656.F964_02463,F964_02463,annotation&nbsp;not&nbsp;available,59.1
1217656.F964_00676,F964_00676,annotation&nbsp;not&nbsp;available,59.0
1217656.F964_03989,F964_03989,Sensor&nbsp;protein,59.0
1217656.F964_04571,atpG,ATP&nbsp;synthase&nbsp;gamma&nbsp;chain,59.0
1217656.F964_01145,F964_01145,annotation&nbsp;not&nbsp;available,58.9
1217656.F964_00372,F964_00372,Uncharacterized&nbsp;protein,58.9
1217656.F964_02124,F964_02124,annotation&nbsp;not&nbsp;available,58.9
1217656.F964_03280,F964_03280,annotation&nbsp;not&nbsp;available,58.8
1217656.F964_03359,F964_03359,annotation&nbsp;not&nbsp;available,58.8
1217656.F964_02308,F964_02308,annotation&nbsp;not&nbsp;available,58.7
1217656.F964_02364,purM,annotation&nbsp;not&nbsp;available,58.7
1217656.F964_04140,F964_04140,annotation&nbsp;not&nbsp;available,58.7
1217656.F964_01363,F964_01363,annotation&nbsp;not&nbsp;available,58.6
1217656.F964_04394,F964_04394,annotation&nbsp;not&nbsp;available,58.6
1217656.F964_00316,F964_00316,Coenzyme&nbsp;A&nbsp;biosynthesis&nbsp;bifunctional&nbsp;protein&nbsp;CoaBC,58.6
1217656.F964_00247,rpsS,30S&nbsp;ribosomal&nbsp;protein&nbsp;S19,58.5
1217656.F964_03151,F964_03151,annotation&nbsp;not&nbsp;available,58.5
1217656.F964_01938,F964_01938,"3,4-dihydroxy-2-butanone&nbsp;4-phosphate&nbsp;synthase",58.5
1217656.F964_00006,F964_00006,annotation&nbsp;not&nbsp;available,58.5
1217656.F964_00216,ribA,GTP&nbsp;cyclohydrolase-2,58.5
1217656.F964_00070,hisA,annotation&nbsp;not&nbsp;available,58.4
1217656.F964_01567,F964_01567,annotation&nbsp;not&nbsp;available,58.4
1217656.F964_04441,F964_04441,annotation&nbsp;not&nbsp;available,58.4
1217656.F964_03136,F964_03136,annotation&nbsp;not&nbsp;available,58.4
1217656.F964_02607,F964_02607,annotation&nbsp;not&nbsp;available,58.4
1217656.F964_00654,F964_00654,annotation&nbsp;not&nbsp;available,58.4
1217656.F964_03851,F964_03851,annotation&nbsp;not&nbsp;available,58.3
1217656.F964_03282,dadA,D-amino&nbsp;acid&nbsp;dehydrogenase,58.3
1217656.F964_02360,F964_02360,annotation&nbsp;not&nbsp;available,58.3
1217656.F964_00862,dnaK,Chaperone&nbsp;protein&nbsp;DnaK,58.3
1217656.F964_02157,kdpA,Potassium-transporting&nbsp;ATPase&nbsp;potassium-binding&nbsp;subunit,58.3
1217656.F964_03302,F964_03302,annotation&nbsp;not&nbsp;available,58.2
1217656.F964_00855,tauB,Taurine&nbsp;import&nbsp;ATP-binding&nbsp;protein&nbsp;TauB,58.2
1217656.F964_00885,F964_00885,annotation&nbsp;not&nbsp;available,58.1
1217656.F964_02133,F964_02133,annotation&nbsp;not&nbsp;available,58.1
1217656.F964_00513,F964_00513,annotation&nbsp;not&nbsp;available,58.1
1217656.F964_01780,F964_01780,annotation&nbsp;not&nbsp;available,58.0
1217656.F964_04190,F964_04190,annotation&nbsp;not&nbsp;available,58.0
1217656.F964_02610,F964_02610,annotation&nbsp;not&nbsp;available,57.9
1217656.F964_00999,F964_00999,annotation&nbsp;not&nbsp;available,57.8
1217656.F964_04271,gatB,Aspartyl/glutamyl-tRNA(Asn/Gln)&nbsp;amidotransferase&nbsp;subunit&nbsp;B,57.8
1217656.F964_01721,F964_01721,annotation&nbsp;not&nbsp;available,57.8
1217656.F964_03263,F964_03263,annotation&nbsp;not&nbsp;available,57.8
1217656.F964_02090,F964_02090,annotation&nbsp;not&nbsp;available,57.7
1217656.F964_03497,glcB,Malate&nbsp;synthase&nbsp;G,57.7
1217656.F964_04116,xerC,annotation&nbsp;not&nbsp;available,57.6
1217656.F964_03278,F964_03278,annotation&nbsp;not&nbsp;available,57.5
1217656.F964_00191,F964_00191,annotation&nbsp;not&nbsp;available,57.4
1217656.F964_02419,F964_02419,Molybdenum&nbsp;cofactor&nbsp;guanylyltransferase,57.4
1217656.F964_02794,F964_02794,annotation&nbsp;not&nbsp;available,57.4
1217656.F964_01214,F964_01214,annotation&nbsp;not&nbsp;available,57.3
1217656.F964_04475,F964_04475,annotation&nbsp;not&nbsp;available,57.3
1217656.F964_00457,F964_00457,annotation&nbsp;not&nbsp;available,57.3
1217656.F964_01642,F964_01642,annotation&nbsp;not&nbsp;available,57.3
1217656.F964_01808,minE,Cell&nbsp;division&nbsp;topological&nbsp;specificity&nbsp;factor,57.2
1217656.F964_04541,F964_04541,annotation&nbsp;not&nbsp;available,57.2
1217656.F964_01211,F964_01211,annotation&nbsp;not&nbsp;available,57.2
1217656.F964_04130,mrdA,"Peptidoglycan&nbsp;D,D-transpeptidase&nbsp;MrdA",57.2
1217656.F964_03601,F964_03601,annotation&nbsp;not&nbsp;available,57.1
1217656.F964_01040,F964_01040,annotation&nbsp;not&nbsp;available,57.1
1217656.F964_04176,carA,annotation&nbsp;not&nbsp;available,57.1
1217656.F964_00716,F964_00716,annotation&nbsp;not&nbsp;available,57.1
1217656.F964_00671,F964_00671,annotation&nbsp;not&nbsp;available,57.1
1217656.F964_03712,F964_03712,annotation&nbsp;not&nbsp;available,57.0
1217656.F964_00030,F964_00030,annotation&nbsp;not&nbsp;available,57.0
1217656.F964_02331,F964_02331,annotation&nbsp;not&nbsp;available,56.9
1217656.F964_01771,nuoI,NADH-quinone&nbsp;oxidoreductase&nbsp;subunit&nbsp;I,56.9
1217656.F964_04445,F964_04445,annotation&nbsp;not&nbsp;available,56.8
1217656.F964_03355,F964_03355,Biotin&nbsp;carboxyl&nbsp;carrier&nbsp;protein&nbsp;of&nbsp;acetyl-CoA&nbsp;carboxylase,56.8
1217656.F964_04053,F964_04053,annotation&nbsp;not&nbsp;available,56.7
1217656.F964_04488,F964_04488,annotation&nbsp;not&nbsp;available,56.7
1217656.F964_03683,F964_03683,annotation&nbsp;not&nbsp;available,56.7
1217656.F964_04290,folE2,GTP&nbsp;cyclohydrolase&nbsp;FolE2,56.6
1217656.F964_00635,F964_00635,annotation&nbsp;not&nbsp;available,56.6
1217656.F964_04490,F964_04490,dTDP-4-dehydrorhamnose&nbsp;reductase,56.5
1217656.F964_00731,F964_00731,Iron-sulfur&nbsp;cluster&nbsp;carrier&nbsp;protein,56.5
1217656.F964_00257,rpsH,30S&nbsp;ribosomal&nbsp;protein&nbsp;S8,56.5
1217656.F964_02865,F964_02865,annotation&nbsp;not&nbsp;available,56.5
1217656.F964_00226,F964_00226,annotation&nbsp;not&nbsp;available,56.5
1217656.F964_01649,F964_01649,annotation&nbsp;not&nbsp;available,56.5
1217656.F964_02826,F964_02826,annotation&nbsp;not&nbsp;available,56.5
1217656.F964_04322,F964_04322,annotation&nbsp;not&nbsp;available,56.4
1217656.F964_04367,F964_04367,annotation&nbsp;not&nbsp;available,56.2
1217656.F964_04347,F964_04347,Lipoyl&nbsp;synthase,56.2
1217656.F964_02570,F964_02570,annotation&nbsp;not&nbsp;available,56.1
1217656.F964_01815,dut,Deoxyuridine&nbsp;5'-triphosphate&nbsp;nucleotidohydrolase,56.0
1217656.F964_02132,F964_02132,annotation&nbsp;not&nbsp;available,56.0
1217656.F964_02038,F964_02038,annotation&nbsp;not&nbsp;available,56.0
1217656.F964_04068,rnc,Ribonuclease&nbsp;3,56.0
1217656.F964_03062,F964_03062,annotation&nbsp;not&nbsp;available,55.9
1217656.F964_01774,F964_01774,annotation&nbsp;not&nbsp;available,55.9
1217656.F964_00673,F964_00673,annotation&nbsp;not&nbsp;available,55.9
1217656.F964_00099,F964_00099,annotation&nbsp;not&nbsp;available,55.8
1217656.F964_02400,F964_02400,annotation&nbsp;not&nbsp;available,55.7
1217656.F964_04572,atpD,ATP&nbsp;synthase&nbsp;subunit&nbsp;beta,55.7
1217656.F964_03016,F964_03016,Iron-binding&nbsp;protein&nbsp;IscA,55.7
1217656.F964_00211,aroE,Shikimate&nbsp;dehydrogenase&nbsp;(NADP(+)),55.6
1217656.F964_00363,F964_00363,annotation&nbsp;not&nbsp;available,55.6
1217656.F964_02565,F964_02565,annotation&nbsp;not&nbsp;available,55.6
1217656.F964_00989,thiL,Thiamine-monophosphate&nbsp;kinase,55.5
1217656.F964_00200,rpmE2,annotation&nbsp;not&nbsp;available,55.5
1217656.F964_03248,F964_03248,annotation&nbsp;not&nbsp;available,55.5
1217656.F964_01415,F964_01415,annotation&nbsp;not&nbsp;available,55.4
1217656.F964_01205,F964_01205,annotation&nbsp;not&nbsp;available,55.4
1217656.F964_03145,F964_03145,annotation&nbsp;not&nbsp;available,55.3
1217656.F964_04192,F964_04192,annotation&nbsp;not&nbsp;available,55.2
1217656.F964_02805,F964_02805,annotation&nbsp;not&nbsp;available,55.1
1217656.F964_01777,upp,Uracil&nbsp;phosphoribosyltransferase,55.1
1217656.F964_03761,purL,Phosphoribosylformylglycinamidine&nbsp;synthase,55.1
1217656.F964_00355,F964_00355,annotation&nbsp;not&nbsp;available,55.1
1217656.F964_04196,lysS,annotation&nbsp;not&nbsp;available,55.0
1217656.F964_02880,F964_02880,annotation&nbsp;not&nbsp;available,55.0
1217656.F964_04138,F964_04138,Dihydrolipoyllysine-residue&nbsp;succinyltransferase&nbsp;component&nbsp;of&nbsp;2-oxoglutarate&nbsp;dehydrogenase&nbsp;complex,55.0
1217656.F964_03953,F964_03953,annotation&nbsp;not&nbsp;available,55.0
1217656.F964_03463,F964_03463,annotation&nbsp;not&nbsp;available,54.9
1217656.F964_04304,F964_04304,annotation&nbsp;not&nbsp;available,54.9
1217656.F964_03631,F964_03631,Phosphoenolpyruvate&nbsp;synthase,54.8
1217656.F964_02108,F964_02108,annotation&nbsp;not&nbsp;available,54.8
1217656.F964_00243,rplC,50S&nbsp;ribosomal&nbsp;protein&nbsp;L3,54.8
1217656.F964_02363,purN,Phosphoribosylglycinamide&nbsp;formyltransferase,54.7
1217656.F964_01944,rplY,50S&nbsp;ribosomal&nbsp;protein&nbsp;L25,54.7
1217656.F964_03662,purH,annotation&nbsp;not&nbsp;available,54.7
1217656.F964_02806,F964_02806,annotation&nbsp;not&nbsp;available,54.7
1217656.F964_00048,murD,UDP-N-acetylmuramoylalanine--D-glutamate&nbsp;ligase,54.5
1217656.F964_02310,proB,Glutamate&nbsp;5-kinase,54.5
1217656.F964_02982,F964_02982,annotation&nbsp;not&nbsp;available,54.5
1217656.F964_02942,F964_02942,annotation&nbsp;not&nbsp;available,54.5
1217656.F964_00305,F964_00305,annotation&nbsp;not&nbsp;available,54.4
1217656.F964_00398,F964_00398,Tryptophan&nbsp;synthase&nbsp;beta&nbsp;chain,54.4
1217656.F964_04335,F964_04335,annotation&nbsp;not&nbsp;available,54.3
1217656.F964_02332,F964_02332,annotation&nbsp;not&nbsp;available,54.3
1217656.F964_00238,F964_00238,annotation&nbsp;not&nbsp;available,54.2
1217656.F964_01146,hemC,Porphobilinogen&nbsp;deaminase,54.2
1217656.F964_00871,purE,N5-carboxyaminoimidazole&nbsp;ribonucleotide&nbsp;mutase,54.2
1217656.F964_00618,rpsG,30S&nbsp;ribosomal&nbsp;protein&nbsp;S7,54.0
1217656.F964_03441,F964_03441,annotation&nbsp;not&nbsp;available,54.0
1217656.F964_01004,F964_01004,annotation&nbsp;not&nbsp;available,54.0
1217656.F964_01913,rpmA,annotation&nbsp;not&nbsp;available,54.0
1217656.F964_03880,F964_03880,annotation&nbsp;not&nbsp;available,54.0
1217656.F964_00456,F964_00456,annotation&nbsp;not&nbsp;available,54.0
1217656.F964_00413,F964_00413,annotation&nbsp;not&nbsp;available,53.9
1217656.F964_02477,F964_02477,annotation&nbsp;not&nbsp;available,53.9
1217656.F964_01641,rho,Transcription&nbsp;termination&nbsp;factor&nbsp;Rho,53.9
1217656.F964_02195,F964_02195,annotation&nbsp;not&nbsp;available,53.9
1217656.F964_02423,fdhD,Sulfur&nbsp;carrier&nbsp;protein&nbsp;FdhD,53.8
1217656.F964_02430,F964_02430,annotation&nbsp;not&nbsp;available,53.8
1217656.F964_01768,F964_01768,NADH-quinone&nbsp;oxidoreductase&nbsp;subunit&nbsp;F,53.8
1217656.F964_00756,F964_00756,annotation&nbsp;not&nbsp;available,53.8
1217656.F964_03218,F964_03218,Phospho-2-dehydro-3-deoxyheptonate&nbsp;aldolase,53.8
1217656.F964_03481,F964_03481,annotation&nbsp;not&nbsp;available,53.8
1217656.F964_01087,F964_01087,Single-stranded&nbsp;DNA-binding&nbsp;protein,53.8
1217656.F964_02673,F964_02673,annotation&nbsp;not&nbsp;available,53.7
1217656.F964_00381,panC,Pantothenate&nbsp;synthetase,53.7
1217656.F964_01425,F964_01425,annotation&nbsp;not&nbsp;available,53.7
1217656.F964_04366,F964_04366,annotation&nbsp;not&nbsp;available,53.7
1217656.F964_00990,nusB,Transcription&nbsp;antitermination&nbsp;protein&nbsp;NusB,53.6
1217656.F964_01206,pepA,Probable&nbsp;cytosol&nbsp;aminopeptidase,53.6
1217656.F964_04025,F964_04025,annotation&nbsp;not&nbsp;available,53.5
1217656.F964_01912,rplU,50S&nbsp;ribosomal&nbsp;protein&nbsp;L21,53.4
1217656.F964_04246,F964_04246,annotation&nbsp;not&nbsp;available,53.4
1217656.F964_02398,F964_02398,annotation&nbsp;not&nbsp;available,53.3
1217656.F964_00894,mnmE,tRNA&nbsp;modification&nbsp;GTPase&nbsp;MnmE,53.3
1217656.F964_03207,gcvH,Glycine&nbsp;cleavage&nbsp;system&nbsp;H&nbsp;protein,53.3
1217656.F964_00950,F964_00950,4-hydroxy-tetrahydrodipicolinate&nbsp;reductase,53.3
1217656.F964_01274,rpsP,annotation&nbsp;not&nbsp;available,53.2
1217656.F964_00338,macB,Macrolide&nbsp;export&nbsp;ATP-binding/permease&nbsp;protein&nbsp;MacB,53.2
1217656.F964_03643,rpsR,30S&nbsp;ribosomal&nbsp;protein&nbsp;S18,53.0
1217656.F964_00376,F964_00376,annotation&nbsp;not&nbsp;available,52.9
1217656.F964_01692,rpsI,annotation&nbsp;not&nbsp;available,52.9
1217656.F964_04517,guaA,GMP&nbsp;synthase&nbsp;[glutamine-hydrolyzing],52.8
1217656.F964_04297,F964_04297,annotation&nbsp;not&nbsp;available,52.8
1217656.F964_03324,F964_03324,Bifunctional&nbsp;protein&nbsp;PutA,52.7
1217656.F964_00271,F964_00271,annotation&nbsp;not&nbsp;available,52.6
1217656.F964_04336,F964_04336,annotation&nbsp;not&nbsp;available,52.6
1217656.F964_00177,F964_00177,annotation&nbsp;not&nbsp;available,52.5
1217656.F964_00842,F964_00842,annotation&nbsp;not&nbsp;available,52.5
1217656.F964_01376,leuC,3-isopropylmalate&nbsp;dehydratase&nbsp;large&nbsp;subunit,52.4
1217656.F964_01907,F964_01907,annotation&nbsp;not&nbsp;available,52.3
1217656.F964_03036,F964_03036,annotation&nbsp;not&nbsp;available,52.3
1217656.F964_00427,F964_00427,annotation&nbsp;not&nbsp;available,52.3
1217656.F964_00341,lptE,LPS-assembly&nbsp;lipoprotein&nbsp;LptE,52.2
1217656.F964_01720,F964_01720,annotation&nbsp;not&nbsp;available,52.2
1217656.F964_02958,argC,N-acetyl-gamma-glutamyl-phosphate&nbsp;reductase,52.2
1217656.F964_00799,ligA,DNA&nbsp;ligase,52.2
1217656.F964_04438,F964_04438,annotation&nbsp;not&nbsp;available,52.1
1217656.F964_00245,rplW,50S&nbsp;ribosomal&nbsp;protein&nbsp;L23,52.1
1217656.F964_01025,F964_01025,annotation&nbsp;not&nbsp;available,52.1
1217656.F964_00044,F964_00044,Riboflavin&nbsp;biosynthesis&nbsp;protein&nbsp;RibD,52.1
1217656.F964_01587,F964_01587,annotation&nbsp;not&nbsp;available,52.1
1217656.F964_01713,F964_01713,annotation&nbsp;not&nbsp;available,52.0
1217656.F964_01190,fadA,3-ketoacyl-CoA&nbsp;thiolase,51.9
1217656.F964_03257,F964_03257,annotation&nbsp;not&nbsp;available,51.9
1217656.F964_00291,F964_00291,annotation&nbsp;not&nbsp;available,51.9
1217656.F964_03642,rpsF,30S&nbsp;ribosomal&nbsp;protein&nbsp;S6,51.9
1217656.F964_01143,argH,annotation&nbsp;not&nbsp;available,51.9
1217656.F964_00263,secY,Protein&nbsp;translocase&nbsp;subunit&nbsp;SecY,51.8
1217656.F964_02532,F964_02532,annotation&nbsp;not&nbsp;available,51.8
1217656.F964_01772,F964_01772,annotation&nbsp;not&nbsp;available,51.8
1217656.F964_02286,hemL,annotation&nbsp;not&nbsp;available,51.8
1217656.F964_01303,F964_01303,Superoxide&nbsp;dismutase&nbsp;[Cu-Zn],51.7
1217656.F964_03411,F964_03411,annotation&nbsp;not&nbsp;available,51.7
1217656.F964_00986,glmS,Glutamine--fructose-6-phosphate&nbsp;aminotransferase&nbsp;[isomerizing],51.7
1217656.F964_00022,F964_00022,annotation&nbsp;not&nbsp;available,51.7
1217656.F964_00074,hisH,Imidazole&nbsp;glycerol&nbsp;phosphate&nbsp;synthase&nbsp;subunit&nbsp;HisH,51.7
1217656.F964_01171,rpoB,DNA-directed&nbsp;RNA&nbsp;polymerase&nbsp;subunit&nbsp;beta,51.7
1217656.F964_04302,F964_04302,annotation&nbsp;not&nbsp;available,51.6
1217656.F964_00213,hemF,Oxygen-dependent&nbsp;coproporphyrinogen-III&nbsp;oxidase,51.6
1217656.F964_02336,F964_02336,annotation&nbsp;not&nbsp;available,51.6
1217656.F964_00122,F964_00122,annotation&nbsp;not&nbsp;available,51.6
1217656.F964_00311,F964_00311,annotation&nbsp;not&nbsp;available,51.6
1217656.F964_00059,F964_00059,annotation&nbsp;not&nbsp;available,51.5
1217656.F964_01158,trpE,Anthranilate&nbsp;synthase&nbsp;component&nbsp;1,51.5
1217656.F964_03753,F964_03753,annotation&nbsp;not&nbsp;available,51.4
1217656.F964_00631,F964_00631,Alanine&nbsp;racemase,51.4
1217656.F964_03149,F964_03149,annotation&nbsp;not&nbsp;available,51.4
1217656.F964_01732,F964_01732,annotation&nbsp;not&nbsp;available,51.4
1217656.F964_01318,F964_01318,annotation&nbsp;not&nbsp;available,51.4
1217656.F964_02156,F964_02156,Undecaprenyl-diphosphatase,51.3
1217656.F964_00196,F964_00196,annotation&nbsp;not&nbsp;available,51.3
1217656.F964_03202,F964_03202,annotation&nbsp;not&nbsp;available,51.3
1217656.F964_03684,F964_03684,annotation&nbsp;not&nbsp;available,51.2
1217656.F964_01154,F964_01154,annotation&nbsp;not&nbsp;available,51.2
1217656.F964_03653,F964_03653,annotation&nbsp;not&nbsp;available,51.1
1217656.F964_02302,nadK,NAD&nbsp;kinase,51.1
1217656.F964_00232,plsB,annotation&nbsp;not&nbsp;available,51.1
1217656.F964_02851,F964_02851,annotation&nbsp;not&nbsp;available,51.1
1217656.F964_00974,purC,annotation&nbsp;not&nbsp;available,51.0
1217656.F964_04123,F964_04123,Uncharacterized&nbsp;protein,51.0
1217656.F964_02976,F964_02976,Ornithine&nbsp;carbamoyltransferase,51.0
1217656.F964_03437,F964_03437,annotation&nbsp;not&nbsp;available,51.0
1217656.F964_03615,F964_03615,annotation&nbsp;not&nbsp;available,51.0
