981223.AIED01000018_gene560,AIED01000018_gene560,annotation&nbsp;not&nbsp;available,98.9
981223.AIED01000005_gene2778,AIED01000005_gene2778,annotation&nbsp;not&nbsp;available,98.9
981223.AIED01000029_gene292,AIED01000029_gene292,annotation&nbsp;not&nbsp;available,98.9
981223.AIED01000048_gene1338,AIED01000048_gene1338,annotation&nbsp;not&nbsp;available,98.8
981223.AIED01000007_gene231,AIED01000007_gene231,annotation&nbsp;not&nbsp;available,98.8
981223.AIED01000013_gene1950,AIED01000013_gene1950,annotation&nbsp;not&nbsp;available,98.8
981223.AIED01000024_gene3389,AIED01000024_gene3389,annotation&nbsp;not&nbsp;available,98.8
981223.AIED01000011_gene1274,AIED01000011_gene1274,annotation&nbsp;not&nbsp;available,98.7
981223.AIED01000062_gene3575,AIED01000062_gene3575,annotation&nbsp;not&nbsp;available,98.6
981223.AIED01000039_gene535,AIED01000039_gene535,annotation&nbsp;not&nbsp;available,98.5
981223.AIED01000011_gene1257,AIED01000011_gene1257,annotation&nbsp;not&nbsp;available,98.4
981223.AIED01000003_gene2579,AIED01000003_gene2579,annotation&nbsp;not&nbsp;available,98.4
981223.AIED01000038_gene470,AIED01000038_gene470,annotation&nbsp;not&nbsp;available,98.3
981223.AIED01000013_gene1945,AIED01000013_gene1945,annotation&nbsp;not&nbsp;available,98.3
981223.AIED01000021_gene2322,AIED01000021_gene2322,annotation&nbsp;not&nbsp;available,98.2
981223.AIED01000013_gene1934,AIED01000013_gene1934,annotation&nbsp;not&nbsp;available,98.1
981223.AIED01000017_gene960,AIED01000017_gene960,annotation&nbsp;not&nbsp;available,98.1
981223.AIED01000001_gene1832,AIED01000001_gene1832,annotation&nbsp;not&nbsp;available,98.1
981223.AIED01000016_gene1570,AIED01000016_gene1570,annotation&nbsp;not&nbsp;available,98.0
981223.AIED01000090_gene2499,AIED01000090_gene2499,annotation&nbsp;not&nbsp;available,97.9
981223.AIED01000004_gene2878,AIED01000004_gene2878,annotation&nbsp;not&nbsp;available,97.7
981223.AIED01000003_gene2610,AIED01000003_gene2610,annotation&nbsp;not&nbsp;available,97.7
981223.AIED01000040_gene3678,AIED01000040_gene3678,annotation&nbsp;not&nbsp;available,97.6
981223.AIED01000001_gene1713,AIED01000001_gene1713,annotation&nbsp;not&nbsp;available,97.6
981223.AIED01000001_gene1742,AIED01000001_gene1742,annotation&nbsp;not&nbsp;available,97.6
981223.AIED01000014_gene1510,AIED01000014_gene1510,annotation&nbsp;not&nbsp;available,97.5
981223.AIED01000028_gene378,AIED01000028_gene378,annotation&nbsp;not&nbsp;available,97.5
981223.AIED01000010_gene1140,AIED01000010_gene1140,annotation&nbsp;not&nbsp;available,97.5
981223.AIED01000044_gene79,AIED01000044_gene79,annotation&nbsp;not&nbsp;available,97.3
981223.AIED01000001_gene1696,AIED01000001_gene1696,annotation&nbsp;not&nbsp;available,97.3
981223.AIED01000010_gene1122,AIED01000010_gene1122,annotation&nbsp;not&nbsp;available,97.1
981223.AIED01000016_gene1623,AIED01000016_gene1623,annotation&nbsp;not&nbsp;available,97.0
981223.AIED01000031_gene324,AIED01000031_gene324,annotation&nbsp;not&nbsp;available,97.0
981223.AIED01000009_gene3230,AIED01000009_gene3230,annotation&nbsp;not&nbsp;available,96.9
981223.AIED01000047_gene1419,AIED01000047_gene1419,annotation&nbsp;not&nbsp;available,96.9
981223.AIED01000008_gene3215,AIED01000008_gene3215,annotation&nbsp;not&nbsp;available,96.8
981223.AIED01000015_gene1661,AIED01000015_gene1661,annotation&nbsp;not&nbsp;available,96.7
981223.AIED01000004_gene2900,AIED01000004_gene2900,annotation&nbsp;not&nbsp;available,96.7
981223.AIED01000015_gene1652,AIED01000015_gene1652,annotation&nbsp;not&nbsp;available,96.7
981223.AIED01000017_gene976,AIED01000017_gene976,annotation&nbsp;not&nbsp;available,96.7
981223.AIED01000004_gene2875,AIED01000004_gene2875,annotation&nbsp;not&nbsp;available,96.7
981223.AIED01000001_gene1847,AIED01000001_gene1847,annotation&nbsp;not&nbsp;available,96.7
981223.AIED01000001_gene1708,AIED01000001_gene1708,annotation&nbsp;not&nbsp;available,96.7
981223.AIED01000008_gene3214,AIED01000008_gene3214,annotation&nbsp;not&nbsp;available,96.6
981223.AIED01000009_gene3238,AIED01000009_gene3238,annotation&nbsp;not&nbsp;available,96.6
981223.AIED01000019_gene612,AIED01000019_gene612,annotation&nbsp;not&nbsp;available,96.5
981223.AIED01000035_gene3028,AIED01000035_gene3028,annotation&nbsp;not&nbsp;available,96.5
981223.AIED01000050_gene1003,AIED01000050_gene1003,annotation&nbsp;not&nbsp;available,96.5
981223.AIED01000031_gene341,AIED01000031_gene341,annotation&nbsp;not&nbsp;available,96.5
981223.AIED01000055_gene2698,AIED01000055_gene2698,annotation&nbsp;not&nbsp;available,96.4
981223.AIED01000007_gene214,AIED01000007_gene214,annotation&nbsp;not&nbsp;available,96.3
981223.AIED01000006_gene3471,AIED01000006_gene3471,annotation&nbsp;not&nbsp;available,96.2
981223.AIED01000002_gene2007,AIED01000002_gene2007,annotation&nbsp;not&nbsp;available,96.1
981223.AIED01000018_gene593,AIED01000018_gene593,annotation&nbsp;not&nbsp;available,95.9
981223.AIED01000011_gene1249,AIED01000011_gene1249,annotation&nbsp;not&nbsp;available,95.9
981223.AIED01000031_gene331,AIED01000031_gene331,annotation&nbsp;not&nbsp;available,95.9
981223.AIED01000034_gene3013,AIED01000034_gene3013,annotation&nbsp;not&nbsp;available,95.9
981223.AIED01000002_gene2138,AIED01000002_gene2138,annotation&nbsp;not&nbsp;available,95.9
981223.AIED01000016_gene1591,AIED01000016_gene1591,annotation&nbsp;not&nbsp;available,95.8
981223.AIED01000033_gene2393,AIED01000033_gene2393,annotation&nbsp;not&nbsp;available,95.8
981223.AIED01000027_gene34,AIED01000027_gene34,annotation&nbsp;not&nbsp;available,95.8
981223.AIED01000006_gene3467,AIED01000006_gene3467,annotation&nbsp;not&nbsp;available,95.7
981223.AIED01000022_gene825,AIED01000022_gene825,annotation&nbsp;not&nbsp;available,95.7
981223.AIED01000013_gene1971,AIED01000013_gene1971,annotation&nbsp;not&nbsp;available,95.6
981223.AIED01000007_gene200,AIED01000007_gene200,annotation&nbsp;not&nbsp;available,95.5
981223.AIED01000023_gene907,AIED01000023_gene907,annotation&nbsp;not&nbsp;available,95.5
981223.AIED01000014_gene1508,AIED01000014_gene1508,annotation&nbsp;not&nbsp;available,95.4
981223.AIED01000035_gene3037,AIED01000035_gene3037,annotation&nbsp;not&nbsp;available,95.2
981223.AIED01000078_gene677,AIED01000078_gene677,annotation&nbsp;not&nbsp;available,95.1
981223.AIED01000033_gene2392,AIED01000033_gene2392,annotation&nbsp;not&nbsp;available,95.1
981223.AIED01000002_gene2047,AIED01000002_gene2047,annotation&nbsp;not&nbsp;available,95.1
981223.AIED01000016_gene1614,AIED01000016_gene1614,annotation&nbsp;not&nbsp;available,95.0
981223.AIED01000042_gene159,AIED01000042_gene159,annotation&nbsp;not&nbsp;available,95.0
981223.AIED01000001_gene1852,AIED01000001_gene1852,annotation&nbsp;not&nbsp;available,95.0
981223.AIED01000002_gene2010,AIED01000002_gene2010,annotation&nbsp;not&nbsp;available,95.0
981223.AIED01000039_gene536,AIED01000039_gene536,annotation&nbsp;not&nbsp;available,94.9
981223.AIED01000002_gene2048,AIED01000002_gene2048,annotation&nbsp;not&nbsp;available,94.9
981223.AIED01000032_gene3621,AIED01000032_gene3621,annotation&nbsp;not&nbsp;available,94.8
981223.AIED01000003_gene2634,AIED01000003_gene2634,annotation&nbsp;not&nbsp;available,94.7
981223.AIED01000037_gene3335,AIED01000037_gene3335,annotation&nbsp;not&nbsp;available,94.7
981223.AIED01000026_gene3532,AIED01000026_gene3532,annotation&nbsp;not&nbsp;available,94.6
981223.AIED01000006_gene3475,AIED01000006_gene3475,annotation&nbsp;not&nbsp;available,94.6
981223.AIED01000013_gene1935,AIED01000013_gene1935,annotation&nbsp;not&nbsp;available,94.6
981223.AIED01000003_gene2587,AIED01000003_gene2587,annotation&nbsp;not&nbsp;available,94.6
981223.AIED01000017_gene971,AIED01000017_gene971,annotation&nbsp;not&nbsp;available,94.4
981223.AIED01000005_gene2767,AIED01000005_gene2767,annotation&nbsp;not&nbsp;available,94.4
981223.AIED01000004_gene2824,AIED01000004_gene2824,annotation&nbsp;not&nbsp;available,94.4
981223.AIED01000001_gene1837,AIED01000001_gene1837,annotation&nbsp;not&nbsp;available,94.4
981223.AIED01000001_gene1834,AIED01000001_gene1834,annotation&nbsp;not&nbsp;available,94.2
981223.AIED01000007_gene203,AIED01000007_gene203,annotation&nbsp;not&nbsp;available,94.2
981223.AIED01000001_gene1760,AIED01000001_gene1760,annotation&nbsp;not&nbsp;available,94.1
981223.AIED01000073_gene440,AIED01000073_gene440,annotation&nbsp;not&nbsp;available,94.1
981223.AIED01000002_gene2013,AIED01000002_gene2013,annotation&nbsp;not&nbsp;available,94.1
981223.AIED01000060_gene2267,AIED01000060_gene2267,annotation&nbsp;not&nbsp;available,94.1
981223.AIED01000004_gene2941,AIED01000004_gene2941,annotation&nbsp;not&nbsp;available,94.1
981223.AIED01000021_gene2308,AIED01000021_gene2308,annotation&nbsp;not&nbsp;available,94.0
981223.AIED01000047_gene1439,AIED01000047_gene1439,annotation&nbsp;not&nbsp;available,94.0
981223.AIED01000035_gene3040,AIED01000035_gene3040,annotation&nbsp;not&nbsp;available,93.8
981223.AIED01000009_gene3264,AIED01000009_gene3264,annotation&nbsp;not&nbsp;available,93.8
981223.AIED01000003_gene2624,AIED01000003_gene2624,annotation&nbsp;not&nbsp;available,93.8
981223.AIED01000010_gene1113,AIED01000010_gene1113,annotation&nbsp;not&nbsp;available,93.8
981223.AIED01000029_gene283,AIED01000029_gene283,annotation&nbsp;not&nbsp;available,93.8
981223.AIED01000032_gene3622,AIED01000032_gene3622,annotation&nbsp;not&nbsp;available,93.7
981223.AIED01000013_gene1982,AIED01000013_gene1982,annotation&nbsp;not&nbsp;available,93.7
981223.AIED01000015_gene1689,AIED01000015_gene1689,annotation&nbsp;not&nbsp;available,93.6
981223.AIED01000019_gene647,AIED01000019_gene647,annotation&nbsp;not&nbsp;available,93.6
981223.AIED01000014_gene1507,AIED01000014_gene1507,annotation&nbsp;not&nbsp;available,93.5
981223.AIED01000010_gene1144,AIED01000010_gene1144,annotation&nbsp;not&nbsp;available,93.4
981223.AIED01000030_gene2488,AIED01000030_gene2488,annotation&nbsp;not&nbsp;available,93.3
981223.AIED01000001_gene1848,AIED01000001_gene1848,annotation&nbsp;not&nbsp;available,93.3
981223.AIED01000002_gene2187,AIED01000002_gene2187,annotation&nbsp;not&nbsp;available,93.3
981223.AIED01000015_gene1636,AIED01000015_gene1636,annotation&nbsp;not&nbsp;available,93.3
981223.AIED01000009_gene3267,AIED01000009_gene3267,annotation&nbsp;not&nbsp;available,93.3
981223.AIED01000008_gene3208,AIED01000008_gene3208,annotation&nbsp;not&nbsp;available,93.3
981223.AIED01000032_gene3656,AIED01000032_gene3656,annotation&nbsp;not&nbsp;available,93.2
981223.AIED01000009_gene3233,AIED01000009_gene3233,annotation&nbsp;not&nbsp;available,93.2
981223.AIED01000013_gene1969,AIED01000013_gene1969,annotation&nbsp;not&nbsp;available,93.2
981223.AIED01000010_gene1169,AIED01000010_gene1169,annotation&nbsp;not&nbsp;available,93.2
981223.AIED01000019_gene615,AIED01000019_gene615,annotation&nbsp;not&nbsp;available,93.1
981223.AIED01000015_gene1672,AIED01000015_gene1672,annotation&nbsp;not&nbsp;available,93.1
981223.AIED01000009_gene3251,AIED01000009_gene3251,annotation&nbsp;not&nbsp;available,93.0
981223.AIED01000033_gene2412,AIED01000033_gene2412,annotation&nbsp;not&nbsp;available,92.9
981223.AIED01000040_gene3691,AIED01000040_gene3691,annotation&nbsp;not&nbsp;available,92.8
981223.AIED01000028_gene379,AIED01000028_gene379,annotation&nbsp;not&nbsp;available,92.8
981223.AIED01000034_gene3017,AIED01000034_gene3017,annotation&nbsp;not&nbsp;available,92.7
981223.AIED01000059_gene2254,AIED01000059_gene2254,annotation&nbsp;not&nbsp;available,92.7
981223.AIED01000001_gene1717,AIED01000001_gene1717,annotation&nbsp;not&nbsp;available,92.7
981223.AIED01000006_gene3492,AIED01000006_gene3492,annotation&nbsp;not&nbsp;available,92.7
981223.AIED01000001_gene1896,AIED01000001_gene1896,annotation&nbsp;not&nbsp;available,92.7
981223.AIED01000059_gene2239,AIED01000059_gene2239,annotation&nbsp;not&nbsp;available,92.7
981223.AIED01000004_gene2862,AIED01000004_gene2862,annotation&nbsp;not&nbsp;available,92.6
981223.AIED01000022_gene823,AIED01000022_gene823,annotation&nbsp;not&nbsp;available,92.6
981223.AIED01000005_gene2710,AIED01000005_gene2710,annotation&nbsp;not&nbsp;available,92.6
981223.AIED01000005_gene2758,AIED01000005_gene2758,annotation&nbsp;not&nbsp;available,92.5
981223.AIED01000039_gene523,AIED01000039_gene523,annotation&nbsp;not&nbsp;available,92.4
981223.AIED01000029_gene280,AIED01000029_gene280,annotation&nbsp;not&nbsp;available,92.4
981223.AIED01000032_gene3626,AIED01000032_gene3626,annotation&nbsp;not&nbsp;available,92.4
981223.AIED01000007_gene252,AIED01000007_gene252,annotation&nbsp;not&nbsp;available,92.4
981223.AIED01000022_gene854,AIED01000022_gene854,annotation&nbsp;not&nbsp;available,92.3
981223.AIED01000020_gene782,AIED01000020_gene782,annotation&nbsp;not&nbsp;available,92.3
981223.AIED01000003_gene2538,AIED01000003_gene2538,annotation&nbsp;not&nbsp;available,92.3
981223.AIED01000006_gene3489,AIED01000006_gene3489,annotation&nbsp;not&nbsp;available,92.1
981223.AIED01000016_gene1592,AIED01000016_gene1592,annotation&nbsp;not&nbsp;available,92.1
981223.AIED01000055_gene2685,AIED01000055_gene2685,annotation&nbsp;not&nbsp;available,92.1
981223.AIED01000032_gene3623,AIED01000032_gene3623,annotation&nbsp;not&nbsp;available,92.1
981223.AIED01000061_gene2289,AIED01000061_gene2289,annotation&nbsp;not&nbsp;available,92.0
981223.AIED01000005_gene2754,AIED01000005_gene2754,annotation&nbsp;not&nbsp;available,92.0
981223.AIED01000047_gene1436,AIED01000047_gene1436,annotation&nbsp;not&nbsp;available,91.9
981223.AIED01000010_gene1175,AIED01000010_gene1175,annotation&nbsp;not&nbsp;available,91.8
981223.AIED01000009_gene3310,AIED01000009_gene3310,annotation&nbsp;not&nbsp;available,91.7
981223.AIED01000053_gene1051,AIED01000053_gene1051,annotation&nbsp;not&nbsp;available,91.6
981223.AIED01000048_gene1343,AIED01000048_gene1343,annotation&nbsp;not&nbsp;available,91.6
981223.AIED01000001_gene1737,AIED01000001_gene1737,annotation&nbsp;not&nbsp;available,91.6
981223.AIED01000014_gene1505,AIED01000014_gene1505,annotation&nbsp;not&nbsp;available,91.5
981223.AIED01000001_gene1740,AIED01000001_gene1740,annotation&nbsp;not&nbsp;available,91.4
981223.AIED01000035_gene3051,AIED01000035_gene3051,annotation&nbsp;not&nbsp;available,91.4
981223.AIED01000016_gene1620,AIED01000016_gene1620,annotation&nbsp;not&nbsp;available,91.3
981223.AIED01000024_gene3391,AIED01000024_gene3391,annotation&nbsp;not&nbsp;available,91.3
981223.AIED01000009_gene3289,AIED01000009_gene3289,annotation&nbsp;not&nbsp;available,91.1
981223.AIED01000009_gene3280,AIED01000009_gene3280,annotation&nbsp;not&nbsp;available,91.1
981223.AIED01000002_gene2181,AIED01000002_gene2181,annotation&nbsp;not&nbsp;available,90.9
981223.AIED01000003_gene2612,AIED01000003_gene2612,annotation&nbsp;not&nbsp;available,90.9
981223.AIED01000035_gene3061,AIED01000035_gene3061,annotation&nbsp;not&nbsp;available,90.8
981223.AIED01000034_gene3019,AIED01000034_gene3019,annotation&nbsp;not&nbsp;available,90.8
981223.AIED01000001_gene1709,AIED01000001_gene1709,annotation&nbsp;not&nbsp;available,90.7
981223.AIED01000001_gene1894,AIED01000001_gene1894,annotation&nbsp;not&nbsp;available,90.7
981223.AIED01000015_gene1669,AIED01000015_gene1669,annotation&nbsp;not&nbsp;available,90.7
981223.AIED01000022_gene842,AIED01000022_gene842,annotation&nbsp;not&nbsp;available,90.6
981223.AIED01000012_gene3765,AIED01000012_gene3765,annotation&nbsp;not&nbsp;available,90.6
981223.AIED01000030_gene2485,AIED01000030_gene2485,annotation&nbsp;not&nbsp;available,90.6
981223.AIED01000051_gene1097,AIED01000051_gene1097,annotation&nbsp;not&nbsp;available,90.5
981223.AIED01000062_gene3561,AIED01000062_gene3561,annotation&nbsp;not&nbsp;available,90.5
981223.AIED01000019_gene651,AIED01000019_gene651,annotation&nbsp;not&nbsp;available,90.5
981223.AIED01000009_gene3295,AIED01000009_gene3295,annotation&nbsp;not&nbsp;available,90.5
981223.AIED01000007_gene176,AIED01000007_gene176,annotation&nbsp;not&nbsp;available,90.4
981223.AIED01000042_gene140,AIED01000042_gene140,annotation&nbsp;not&nbsp;available,90.3
981223.AIED01000001_gene1724,AIED01000001_gene1724,annotation&nbsp;not&nbsp;available,90.2
981223.AIED01000005_gene2719,AIED01000005_gene2719,annotation&nbsp;not&nbsp;available,90.2
981223.AIED01000001_gene1808,AIED01000001_gene1808,annotation&nbsp;not&nbsp;available,90.1
981223.AIED01000005_gene2794,AIED01000005_gene2794,annotation&nbsp;not&nbsp;available,90.1
981223.AIED01000001_gene1731,AIED01000001_gene1731,annotation&nbsp;not&nbsp;available,90.1
981223.AIED01000014_gene1518,AIED01000014_gene1518,annotation&nbsp;not&nbsp;available,89.9
981223.AIED01000026_gene3542,AIED01000026_gene3542,annotation&nbsp;not&nbsp;available,89.9
981223.AIED01000004_gene2848,AIED01000004_gene2848,annotation&nbsp;not&nbsp;available,89.8
981223.AIED01000003_gene2638,AIED01000003_gene2638,annotation&nbsp;not&nbsp;available,89.7
981223.AIED01000053_gene1052,AIED01000053_gene1052,annotation&nbsp;not&nbsp;available,89.7
981223.AIED01000013_gene1937,AIED01000013_gene1937,annotation&nbsp;not&nbsp;available,89.7
981223.AIED01000024_gene3379,AIED01000024_gene3379,annotation&nbsp;not&nbsp;available,89.6
981223.AIED01000003_gene2589,AIED01000003_gene2589,annotation&nbsp;not&nbsp;available,89.6
981223.AIED01000004_gene2945,AIED01000004_gene2945,annotation&nbsp;not&nbsp;available,89.5
981223.AIED01000022_gene858,AIED01000022_gene858,annotation&nbsp;not&nbsp;available,89.4
981223.AIED01000012_gene3711,AIED01000012_gene3711,annotation&nbsp;not&nbsp;available,89.4
981223.AIED01000002_gene2184,AIED01000002_gene2184,annotation&nbsp;not&nbsp;available,89.4
981223.AIED01000037_gene3334,AIED01000037_gene3334,annotation&nbsp;not&nbsp;available,89.3
981223.AIED01000005_gene2789,AIED01000005_gene2789,annotation&nbsp;not&nbsp;available,89.3
981223.AIED01000002_gene2027,AIED01000002_gene2027,annotation&nbsp;not&nbsp;available,89.2
981223.AIED01000016_gene1597,AIED01000016_gene1597,annotation&nbsp;not&nbsp;available,89.1
981223.AIED01000008_gene3210,AIED01000008_gene3210,annotation&nbsp;not&nbsp;available,89.1
981223.AIED01000013_gene1924,AIED01000013_gene1924,annotation&nbsp;not&nbsp;available,89.1
981223.AIED01000006_gene3486,AIED01000006_gene3486,annotation&nbsp;not&nbsp;available,89.1
981223.AIED01000003_gene2608,AIED01000003_gene2608,annotation&nbsp;not&nbsp;available,89.0
981223.AIED01000084_gene1293,AIED01000084_gene1293,annotation&nbsp;not&nbsp;available,89.0
981223.AIED01000001_gene1773,AIED01000001_gene1773,annotation&nbsp;not&nbsp;available,88.9
981223.AIED01000038_gene467,AIED01000038_gene467,annotation&nbsp;not&nbsp;available,88.9
981223.AIED01000024_gene3392,AIED01000024_gene3392,annotation&nbsp;not&nbsp;available,88.7
981223.AIED01000055_gene2688,AIED01000055_gene2688,annotation&nbsp;not&nbsp;available,88.4
981223.AIED01000022_gene860,AIED01000022_gene860,annotation&nbsp;not&nbsp;available,88.4
981223.AIED01000001_gene1726,AIED01000001_gene1726,annotation&nbsp;not&nbsp;available,88.3
981223.AIED01000001_gene1723,AIED01000001_gene1723,annotation&nbsp;not&nbsp;available,88.3
981223.AIED01000017_gene932,AIED01000017_gene932,annotation&nbsp;not&nbsp;available,88.2
981223.AIED01000017_gene972,AIED01000017_gene972,annotation&nbsp;not&nbsp;available,88.2
981223.AIED01000022_gene853,AIED01000022_gene853,annotation&nbsp;not&nbsp;available,88.2
981223.AIED01000025_gene1463,AIED01000025_gene1463,annotation&nbsp;not&nbsp;available,88.2
981223.AIED01000006_gene3460,AIED01000006_gene3460,annotation&nbsp;not&nbsp;available,88.1
981223.AIED01000021_gene2343,AIED01000021_gene2343,annotation&nbsp;not&nbsp;available,88.1
981223.AIED01000037_gene3361,AIED01000037_gene3361,annotation&nbsp;not&nbsp;available,88.0
981223.AIED01000003_gene2563,AIED01000003_gene2563,annotation&nbsp;not&nbsp;available,88.0
981223.AIED01000050_gene1000,AIED01000050_gene1000,annotation&nbsp;not&nbsp;available,88.0
981223.AIED01000015_gene1662,AIED01000015_gene1662,annotation&nbsp;not&nbsp;available,87.9
981223.AIED01000037_gene3349,AIED01000037_gene3349,annotation&nbsp;not&nbsp;available,87.8
981223.AIED01000032_gene3649,AIED01000032_gene3649,annotation&nbsp;not&nbsp;available,87.6
981223.AIED01000017_gene959,AIED01000017_gene959,annotation&nbsp;not&nbsp;available,87.6
981223.AIED01000055_gene2684,AIED01000055_gene2684,annotation&nbsp;not&nbsp;available,87.6
981223.AIED01000053_gene1055,AIED01000053_gene1055,annotation&nbsp;not&nbsp;available,87.6
981223.AIED01000008_gene3209,AIED01000008_gene3209,annotation&nbsp;not&nbsp;available,87.4
981223.AIED01000005_gene2716,AIED01000005_gene2716,annotation&nbsp;not&nbsp;available,87.4
981223.AIED01000007_gene208,AIED01000007_gene208,annotation&nbsp;not&nbsp;available,87.4
981223.AIED01000020_gene761,AIED01000020_gene761,annotation&nbsp;not&nbsp;available,87.3
981223.AIED01000006_gene3465,AIED01000006_gene3465,annotation&nbsp;not&nbsp;available,87.3
981223.AIED01000063_gene3587,AIED01000063_gene3587,annotation&nbsp;not&nbsp;available,87.2
981223.AIED01000001_gene1727,AIED01000001_gene1727,annotation&nbsp;not&nbsp;available,87.2
981223.AIED01000001_gene1814,AIED01000001_gene1814,annotation&nbsp;not&nbsp;available,87.1
981223.AIED01000010_gene1121,AIED01000010_gene1121,annotation&nbsp;not&nbsp;available,87.1
981223.AIED01000054_gene1019,AIED01000054_gene1019,annotation&nbsp;not&nbsp;available,87.0
981223.AIED01000014_gene1503,AIED01000014_gene1503,annotation&nbsp;not&nbsp;available,86.9
981223.AIED01000003_gene2602,AIED01000003_gene2602,annotation&nbsp;not&nbsp;available,86.7
981223.AIED01000001_gene1728,AIED01000001_gene1728,annotation&nbsp;not&nbsp;available,86.6
981223.AIED01000007_gene206,AIED01000007_gene206,annotation&nbsp;not&nbsp;available,86.6
981223.AIED01000017_gene953,AIED01000017_gene953,annotation&nbsp;not&nbsp;available,86.5
981223.AIED01000030_gene2444,AIED01000030_gene2444,annotation&nbsp;not&nbsp;available,86.5
981223.AIED01000006_gene3428,AIED01000006_gene3428,annotation&nbsp;not&nbsp;available,86.5
981223.AIED01000001_gene1817,AIED01000001_gene1817,annotation&nbsp;not&nbsp;available,86.4
981223.AIED01000010_gene1199,AIED01000010_gene1199,annotation&nbsp;not&nbsp;available,86.4
981223.AIED01000001_gene1719,AIED01000001_gene1719,annotation&nbsp;not&nbsp;available,86.4
981223.AIED01000050_gene1002,AIED01000050_gene1002,annotation&nbsp;not&nbsp;available,86.3
981223.AIED01000033_gene2389,AIED01000033_gene2389,annotation&nbsp;not&nbsp;available,86.3
981223.AIED01000031_gene328,AIED01000031_gene328,annotation&nbsp;not&nbsp;available,86.3
981223.AIED01000010_gene1124,AIED01000010_gene1124,annotation&nbsp;not&nbsp;available,86.2
981223.AIED01000007_gene247,AIED01000007_gene247,annotation&nbsp;not&nbsp;available,86.2
981223.AIED01000002_gene2025,AIED01000002_gene2025,annotation&nbsp;not&nbsp;available,86.1
981223.AIED01000013_gene1954,AIED01000013_gene1954,annotation&nbsp;not&nbsp;available,85.9
981223.AIED01000030_gene2462,AIED01000030_gene2462,annotation&nbsp;not&nbsp;available,85.8
981223.AIED01000002_gene2139,AIED01000002_gene2139,annotation&nbsp;not&nbsp;available,85.8
981223.AIED01000014_gene1504,AIED01000014_gene1504,annotation&nbsp;not&nbsp;available,85.7
981223.AIED01000084_gene1289,AIED01000084_gene1289,annotation&nbsp;not&nbsp;available,85.7
981223.AIED01000054_gene1027,AIED01000054_gene1027,annotation&nbsp;not&nbsp;available,85.6
981223.AIED01000002_gene2004,AIED01000002_gene2004,annotation&nbsp;not&nbsp;available,85.6
981223.AIED01000010_gene1125,AIED01000010_gene1125,annotation&nbsp;not&nbsp;available,85.5
981223.AIED01000071_gene710,AIED01000071_gene710,annotation&nbsp;not&nbsp;available,85.5
981223.AIED01000001_gene1769,AIED01000001_gene1769,annotation&nbsp;not&nbsp;available,85.4
981223.AIED01000003_gene2565,AIED01000003_gene2565,annotation&nbsp;not&nbsp;available,85.4
981223.AIED01000006_gene3421,AIED01000006_gene3421,annotation&nbsp;not&nbsp;available,85.3
981223.AIED01000005_gene2810,AIED01000005_gene2810,annotation&nbsp;not&nbsp;available,85.3
981223.AIED01000063_gene3584,AIED01000063_gene3584,annotation&nbsp;not&nbsp;available,85.3
981223.AIED01000009_gene3254,AIED01000009_gene3254,annotation&nbsp;not&nbsp;available,85.1
981223.AIED01000016_gene1617,AIED01000016_gene1617,annotation&nbsp;not&nbsp;available,85.1
981223.AIED01000073_gene446,AIED01000073_gene446,annotation&nbsp;not&nbsp;available,85.0
981223.AIED01000035_gene3048,AIED01000035_gene3048,annotation&nbsp;not&nbsp;available,85.0
981223.AIED01000001_gene1831,AIED01000001_gene1831,annotation&nbsp;not&nbsp;available,85.0
981223.AIED01000027_gene13,AIED01000027_gene13,annotation&nbsp;not&nbsp;available,84.8
981223.AIED01000040_gene3679,AIED01000040_gene3679,annotation&nbsp;not&nbsp;available,84.8
981223.AIED01000042_gene161,AIED01000042_gene161,annotation&nbsp;not&nbsp;available,84.8
981223.AIED01000001_gene1900,AIED01000001_gene1900,annotation&nbsp;not&nbsp;available,84.7
981223.AIED01000001_gene1890,AIED01000001_gene1890,annotation&nbsp;not&nbsp;available,84.6
981223.AIED01000011_gene1247,AIED01000011_gene1247,annotation&nbsp;not&nbsp;available,84.6
981223.AIED01000085_gene1334,AIED01000085_gene1334,annotation&nbsp;not&nbsp;available,84.6
981223.AIED01000006_gene3473,AIED01000006_gene3473,annotation&nbsp;not&nbsp;available,84.5
981223.AIED01000033_gene2385,AIED01000033_gene2385,annotation&nbsp;not&nbsp;available,84.5
981223.AIED01000003_gene2550,AIED01000003_gene2550,annotation&nbsp;not&nbsp;available,84.5
981223.AIED01000045_gene1313,AIED01000045_gene1313,annotation&nbsp;not&nbsp;available,84.5
981223.AIED01000061_gene2287,AIED01000061_gene2287,annotation&nbsp;not&nbsp;available,84.3
981223.AIED01000018_gene591,AIED01000018_gene591,annotation&nbsp;not&nbsp;available,84.3
981223.AIED01000019_gene610,AIED01000019_gene610,annotation&nbsp;not&nbsp;available,84.3
981223.AIED01000038_gene474,AIED01000038_gene474,annotation&nbsp;not&nbsp;available,84.3
981223.AIED01000018_gene558,AIED01000018_gene558,annotation&nbsp;not&nbsp;available,84.2
981223.AIED01000001_gene1751,AIED01000001_gene1751,annotation&nbsp;not&nbsp;available,84.2
981223.AIED01000042_gene163,AIED01000042_gene163,annotation&nbsp;not&nbsp;available,84.2
981223.AIED01000004_gene2880,AIED01000004_gene2880,annotation&nbsp;not&nbsp;available,84.2
981223.AIED01000004_gene2929,AIED01000004_gene2929,annotation&nbsp;not&nbsp;available,84.1
981223.AIED01000003_gene2621,AIED01000003_gene2621,annotation&nbsp;not&nbsp;available,84.0
981223.AIED01000001_gene1729,AIED01000001_gene1729,annotation&nbsp;not&nbsp;available,84.0
981223.AIED01000053_gene1038,AIED01000053_gene1038,annotation&nbsp;not&nbsp;available,84.0
981223.AIED01000007_gene209,AIED01000007_gene209,annotation&nbsp;not&nbsp;available,84.0
981223.AIED01000007_gene197,AIED01000007_gene197,annotation&nbsp;not&nbsp;available,84.0
981223.AIED01000020_gene795,AIED01000020_gene795,annotation&nbsp;not&nbsp;available,83.8
981223.AIED01000011_gene1243,AIED01000011_gene1243,annotation&nbsp;not&nbsp;available,83.8
981223.AIED01000020_gene797,AIED01000020_gene797,annotation&nbsp;not&nbsp;available,83.7
981223.AIED01000073_gene443,AIED01000073_gene443,annotation&nbsp;not&nbsp;available,83.7
981223.AIED01000030_gene2448,AIED01000030_gene2448,annotation&nbsp;not&nbsp;available,83.5
981223.AIED01000007_gene202,AIED01000007_gene202,annotation&nbsp;not&nbsp;available,83.4
981223.AIED01000050_gene1005,AIED01000050_gene1005,annotation&nbsp;not&nbsp;available,83.2
981223.AIED01000009_gene3253,AIED01000009_gene3253,annotation&nbsp;not&nbsp;available,83.2
981223.AIED01000011_gene1216,AIED01000011_gene1216,annotation&nbsp;not&nbsp;available,83.2
981223.AIED01000031_gene332,AIED01000031_gene332,annotation&nbsp;not&nbsp;available,83.2
981223.AIED01000027_gene32,AIED01000027_gene32,annotation&nbsp;not&nbsp;available,83.2
981223.AIED01000063_gene3588,AIED01000063_gene3588,annotation&nbsp;not&nbsp;available,83.1
981223.AIED01000003_gene2568,AIED01000003_gene2568,annotation&nbsp;not&nbsp;available,83.0
981223.AIED01000011_gene1239,AIED01000011_gene1239,annotation&nbsp;not&nbsp;available,83.0
981223.AIED01000003_gene2578,AIED01000003_gene2578,annotation&nbsp;not&nbsp;available,83.0
981223.AIED01000004_gene2872,AIED01000004_gene2872,annotation&nbsp;not&nbsp;available,82.9
981223.AIED01000006_gene3458,AIED01000006_gene3458,annotation&nbsp;not&nbsp;available,82.9
981223.AIED01000016_gene1593,AIED01000016_gene1593,annotation&nbsp;not&nbsp;available,82.9
981223.AIED01000014_gene1534,AIED01000014_gene1534,annotation&nbsp;not&nbsp;available,82.7
981223.AIED01000046_gene1399,AIED01000046_gene1399,annotation&nbsp;not&nbsp;available,82.7
981223.AIED01000005_gene2804,AIED01000005_gene2804,annotation&nbsp;not&nbsp;available,82.7
981223.AIED01000050_gene1004,AIED01000050_gene1004,annotation&nbsp;not&nbsp;available,82.6
981223.AIED01000038_gene471,AIED01000038_gene471,annotation&nbsp;not&nbsp;available,82.6
981223.AIED01000013_gene1974,AIED01000013_gene1974,annotation&nbsp;not&nbsp;available,82.6
981223.AIED01000034_gene2994,AIED01000034_gene2994,annotation&nbsp;not&nbsp;available,82.6
981223.AIED01000055_gene2689,AIED01000055_gene2689,annotation&nbsp;not&nbsp;available,82.6
981223.AIED01000001_gene1738,AIED01000001_gene1738,annotation&nbsp;not&nbsp;available,82.6
981223.AIED01000019_gene641,AIED01000019_gene641,annotation&nbsp;not&nbsp;available,82.5
981223.AIED01000002_gene2018,AIED01000002_gene2018,annotation&nbsp;not&nbsp;available,82.5
981223.AIED01000039_gene520,AIED01000039_gene520,annotation&nbsp;not&nbsp;available,82.3
981223.AIED01000014_gene1544,AIED01000014_gene1544,annotation&nbsp;not&nbsp;available,82.3
981223.AIED01000002_gene2032,AIED01000002_gene2032,annotation&nbsp;not&nbsp;available,82.1
981223.AIED01000025_gene1485,AIED01000025_gene1485,annotation&nbsp;not&nbsp;available,82.1
981223.AIED01000033_gene2420,AIED01000033_gene2420,annotation&nbsp;not&nbsp;available,82.1
981223.AIED01000007_gene204,AIED01000007_gene204,annotation&nbsp;not&nbsp;available,82.0
981223.AIED01000039_gene500,AIED01000039_gene500,annotation&nbsp;not&nbsp;available,82.0
981223.AIED01000004_gene2895,AIED01000004_gene2895,annotation&nbsp;not&nbsp;available,82.0
981223.AIED01000018_gene554,AIED01000018_gene554,annotation&nbsp;not&nbsp;available,82.0
981223.AIED01000002_gene2057,AIED01000002_gene2057,annotation&nbsp;not&nbsp;available,82.0
981223.AIED01000048_gene1356,AIED01000048_gene1356,annotation&nbsp;not&nbsp;available,81.9
981223.AIED01000002_gene2006,AIED01000002_gene2006,annotation&nbsp;not&nbsp;available,81.9
981223.AIED01000007_gene201,AIED01000007_gene201,annotation&nbsp;not&nbsp;available,81.8
981223.AIED01000005_gene2703,AIED01000005_gene2703,annotation&nbsp;not&nbsp;available,81.8
981223.AIED01000007_gene228,AIED01000007_gene228,annotation&nbsp;not&nbsp;available,81.8
981223.AIED01000004_gene2932,AIED01000004_gene2932,annotation&nbsp;not&nbsp;available,81.8
981223.AIED01000009_gene3258,AIED01000009_gene3258,annotation&nbsp;not&nbsp;available,81.7
981223.AIED01000043_gene53,AIED01000043_gene53,annotation&nbsp;not&nbsp;available,81.7
981223.AIED01000006_gene3472,AIED01000006_gene3472,annotation&nbsp;not&nbsp;available,81.6
981223.AIED01000010_gene1145,AIED01000010_gene1145,annotation&nbsp;not&nbsp;available,81.5
981223.AIED01000001_gene1733,AIED01000001_gene1733,annotation&nbsp;not&nbsp;available,81.5
981223.AIED01000003_gene2566,AIED01000003_gene2566,annotation&nbsp;not&nbsp;available,81.5
981223.AIED01000028_gene372,AIED01000028_gene372,annotation&nbsp;not&nbsp;available,81.3
981223.AIED01000001_gene1775,AIED01000001_gene1775,annotation&nbsp;not&nbsp;available,81.3
981223.AIED01000028_gene361,AIED01000028_gene361,annotation&nbsp;not&nbsp;available,81.3
981223.AIED01000032_gene3644,AIED01000032_gene3644,annotation&nbsp;not&nbsp;available,81.2
981223.AIED01000006_gene3457,AIED01000006_gene3457,annotation&nbsp;not&nbsp;available,81.2
981223.AIED01000005_gene2800,AIED01000005_gene2800,annotation&nbsp;not&nbsp;available,81.1
981223.AIED01000001_gene1763,AIED01000001_gene1763,annotation&nbsp;not&nbsp;available,81.1
981223.AIED01000039_gene508,AIED01000039_gene508,annotation&nbsp;not&nbsp;available,81.1
981223.AIED01000030_gene2484,AIED01000030_gene2484,annotation&nbsp;not&nbsp;available,81.1
981223.AIED01000049_gene1381,AIED01000049_gene1381,annotation&nbsp;not&nbsp;available,81.1
981223.AIED01000017_gene948,AIED01000017_gene948,annotation&nbsp;not&nbsp;available,81.1
981223.AIED01000003_gene2630,AIED01000003_gene2630,annotation&nbsp;not&nbsp;available,81.1
981223.AIED01000044_gene80,AIED01000044_gene80,annotation&nbsp;not&nbsp;available,81.0
981223.AIED01000033_gene2424,AIED01000033_gene2424,annotation&nbsp;not&nbsp;available,80.9
981223.AIED01000001_gene1880,AIED01000001_gene1880,annotation&nbsp;not&nbsp;available,80.9
981223.AIED01000042_gene157,AIED01000042_gene157,annotation&nbsp;not&nbsp;available,80.7
981223.AIED01000086_gene2277,AIED01000086_gene2277,annotation&nbsp;not&nbsp;available,80.6
981223.AIED01000013_gene1948,AIED01000013_gene1948,annotation&nbsp;not&nbsp;available,80.5
981223.AIED01000037_gene3337,AIED01000037_gene3337,annotation&nbsp;not&nbsp;available,80.5
981223.AIED01000050_gene999,AIED01000050_gene999,annotation&nbsp;not&nbsp;available,80.5
981223.AIED01000008_gene3204,AIED01000008_gene3204,annotation&nbsp;not&nbsp;available,80.5
981223.AIED01000006_gene3474,AIED01000006_gene3474,annotation&nbsp;not&nbsp;available,80.4
981223.AIED01000019_gene646,AIED01000019_gene646,annotation&nbsp;not&nbsp;available,80.3
981223.AIED01000030_gene2469,AIED01000030_gene2469,annotation&nbsp;not&nbsp;available,80.2
981223.AIED01000039_gene506,AIED01000039_gene506,annotation&nbsp;not&nbsp;available,80.1
981223.AIED01000009_gene3276,AIED01000009_gene3276,annotation&nbsp;not&nbsp;available,80.0
981223.AIED01000018_gene580,AIED01000018_gene580,annotation&nbsp;not&nbsp;available,80.0
981223.AIED01000002_gene2168,AIED01000002_gene2168,annotation&nbsp;not&nbsp;available,80.0
981223.AIED01000008_gene3163,AIED01000008_gene3163,annotation&nbsp;not&nbsp;available,79.8
981223.AIED01000051_gene1104,AIED01000051_gene1104,annotation&nbsp;not&nbsp;available,79.8
981223.AIED01000025_gene1468,AIED01000025_gene1468,annotation&nbsp;not&nbsp;available,79.7
981223.AIED01000029_gene288,AIED01000029_gene288,annotation&nbsp;not&nbsp;available,79.6
981223.AIED01000013_gene1936,AIED01000013_gene1936,annotation&nbsp;not&nbsp;available,79.6
981223.AIED01000002_gene2151,AIED01000002_gene2151,annotation&nbsp;not&nbsp;available,79.5
981223.AIED01000003_gene2601,AIED01000003_gene2601,annotation&nbsp;not&nbsp;available,79.5
981223.AIED01000061_gene2297,AIED01000061_gene2297,annotation&nbsp;not&nbsp;available,79.4
981223.AIED01000029_gene275,AIED01000029_gene275,annotation&nbsp;not&nbsp;available,79.4
981223.AIED01000025_gene1491,AIED01000025_gene1491,annotation&nbsp;not&nbsp;available,79.4
981223.AIED01000003_gene2590,AIED01000003_gene2590,annotation&nbsp;not&nbsp;available,79.3
981223.AIED01000021_gene2378,AIED01000021_gene2378,annotation&nbsp;not&nbsp;available,79.3
981223.AIED01000009_gene3273,AIED01000009_gene3273,annotation&nbsp;not&nbsp;available,79.3
981223.AIED01000013_gene1929,AIED01000013_gene1929,annotation&nbsp;not&nbsp;available,79.3
981223.AIED01000031_gene339,AIED01000031_gene339,annotation&nbsp;not&nbsp;available,79.2
981223.AIED01000017_gene958,AIED01000017_gene958,annotation&nbsp;not&nbsp;available,79.0
981223.AIED01000034_gene3011,AIED01000034_gene3011,annotation&nbsp;not&nbsp;available,79.0
981223.AIED01000021_gene2323,AIED01000021_gene2323,annotation&nbsp;not&nbsp;available,79.0
981223.AIED01000005_gene2725,AIED01000005_gene2725,annotation&nbsp;not&nbsp;available,79.0
981223.AIED01000050_gene995,AIED01000050_gene995,annotation&nbsp;not&nbsp;available,79.0
981223.AIED01000002_gene1999,AIED01000002_gene1999,annotation&nbsp;not&nbsp;available,79.0
981223.AIED01000011_gene1244,AIED01000011_gene1244,annotation&nbsp;not&nbsp;available,78.9
981223.AIED01000009_gene3294,AIED01000009_gene3294,annotation&nbsp;not&nbsp;available,78.9
981223.AIED01000003_gene2560,AIED01000003_gene2560,annotation&nbsp;not&nbsp;available,78.8
981223.AIED01000003_gene2531,AIED01000003_gene2531,annotation&nbsp;not&nbsp;available,78.7
981223.AIED01000019_gene620,AIED01000019_gene620,annotation&nbsp;not&nbsp;available,78.6
981223.AIED01000003_gene2549,AIED01000003_gene2549,annotation&nbsp;not&nbsp;available,78.6
981223.AIED01000018_gene545,AIED01000018_gene545,annotation&nbsp;not&nbsp;available,78.5
981223.AIED01000006_gene3459,AIED01000006_gene3459,annotation&nbsp;not&nbsp;available,78.3
981223.AIED01000011_gene1241,AIED01000011_gene1241,annotation&nbsp;not&nbsp;available,78.2
981223.AIED01000041_gene126,AIED01000041_gene126,annotation&nbsp;not&nbsp;available,78.2
981223.AIED01000005_gene2733,AIED01000005_gene2733,annotation&nbsp;not&nbsp;available,78.2
981223.AIED01000023_gene899,AIED01000023_gene899,annotation&nbsp;not&nbsp;available,78.2
981223.AIED01000062_gene3560,AIED01000062_gene3560,annotation&nbsp;not&nbsp;available,78.2
981223.AIED01000025_gene1471,AIED01000025_gene1471,annotation&nbsp;not&nbsp;available,78.2
981223.AIED01000068_gene3109,AIED01000068_gene3109,annotation&nbsp;not&nbsp;available,78.1
981223.AIED01000001_gene1860,AIED01000001_gene1860,annotation&nbsp;not&nbsp;available,78.1
981223.AIED01000011_gene1270,AIED01000011_gene1270,annotation&nbsp;not&nbsp;available,78.0
981223.AIED01000017_gene949,AIED01000017_gene949,annotation&nbsp;not&nbsp;available,78.0
981223.AIED01000001_gene1764,AIED01000001_gene1764,annotation&nbsp;not&nbsp;available,77.9
981223.AIED01000001_gene1734,AIED01000001_gene1734,annotation&nbsp;not&nbsp;available,77.8
981223.AIED01000014_gene1519,AIED01000014_gene1519,annotation&nbsp;not&nbsp;available,77.8
981223.AIED01000017_gene937,AIED01000017_gene937,annotation&nbsp;not&nbsp;available,77.7
981223.AIED01000027_gene21,AIED01000027_gene21,annotation&nbsp;not&nbsp;available,77.7
981223.AIED01000060_gene2271,AIED01000060_gene2271,annotation&nbsp;not&nbsp;available,77.6
981223.AIED01000010_gene1123,AIED01000010_gene1123,annotation&nbsp;not&nbsp;available,77.6
981223.AIED01000010_gene1161,AIED01000010_gene1161,annotation&nbsp;not&nbsp;available,77.6
981223.AIED01000045_gene1319,AIED01000045_gene1319,annotation&nbsp;not&nbsp;available,77.6
981223.AIED01000005_gene2788,AIED01000005_gene2788,annotation&nbsp;not&nbsp;available,77.5
981223.AIED01000007_gene171,AIED01000007_gene171,annotation&nbsp;not&nbsp;available,77.5
981223.AIED01000002_gene2062,AIED01000002_gene2062,annotation&nbsp;not&nbsp;available,77.4
981223.AIED01000029_gene304,AIED01000029_gene304,annotation&nbsp;not&nbsp;available,77.4
981223.AIED01000011_gene1238,AIED01000011_gene1238,annotation&nbsp;not&nbsp;available,77.3
981223.AIED01000002_gene2050,AIED01000002_gene2050,annotation&nbsp;not&nbsp;available,77.2
981223.AIED01000028_gene370,AIED01000028_gene370,annotation&nbsp;not&nbsp;available,77.2
981223.AIED01000016_gene1579,AIED01000016_gene1579,annotation&nbsp;not&nbsp;available,77.2
981223.AIED01000041_gene123,AIED01000041_gene123,annotation&nbsp;not&nbsp;available,77.2
981223.AIED01000002_gene2049,AIED01000002_gene2049,annotation&nbsp;not&nbsp;available,77.1
981223.AIED01000003_gene2505,AIED01000003_gene2505,annotation&nbsp;not&nbsp;available,77.1
981223.AIED01000001_gene1739,AIED01000001_gene1739,annotation&nbsp;not&nbsp;available,77.0
981223.AIED01000031_gene322,AIED01000031_gene322,annotation&nbsp;not&nbsp;available,76.9
981223.AIED01000029_gene276,AIED01000029_gene276,annotation&nbsp;not&nbsp;available,76.9
981223.AIED01000018_gene577,AIED01000018_gene577,annotation&nbsp;not&nbsp;available,76.8
981223.AIED01000004_gene2947,AIED01000004_gene2947,annotation&nbsp;not&nbsp;available,76.8
981223.AIED01000021_gene2350,AIED01000021_gene2350,annotation&nbsp;not&nbsp;available,76.8
981223.AIED01000047_gene1418,AIED01000047_gene1418,annotation&nbsp;not&nbsp;available,76.6
981223.AIED01000061_gene2296,AIED01000061_gene2296,annotation&nbsp;not&nbsp;available,76.5
981223.AIED01000002_gene2160,AIED01000002_gene2160,annotation&nbsp;not&nbsp;available,76.5
981223.AIED01000072_gene415,AIED01000072_gene415,annotation&nbsp;not&nbsp;available,76.4
981223.AIED01000014_gene1497,AIED01000014_gene1497,annotation&nbsp;not&nbsp;available,76.3
981223.AIED01000018_gene544,AIED01000018_gene544,annotation&nbsp;not&nbsp;available,76.2
981223.AIED01000035_gene3042,AIED01000035_gene3042,annotation&nbsp;not&nbsp;available,76.2
981223.AIED01000004_gene2834,AIED01000004_gene2834,annotation&nbsp;not&nbsp;available,76.1
981223.AIED01000035_gene3052,AIED01000035_gene3052,annotation&nbsp;not&nbsp;available,76.0
981223.AIED01000045_gene1321,AIED01000045_gene1321,annotation&nbsp;not&nbsp;available,75.8
981223.AIED01000038_gene491,AIED01000038_gene491,annotation&nbsp;not&nbsp;available,75.8
981223.AIED01000029_gene285,AIED01000029_gene285,annotation&nbsp;not&nbsp;available,75.8
981223.AIED01000013_gene1944,AIED01000013_gene1944,annotation&nbsp;not&nbsp;available,75.8
981223.AIED01000002_gene2005,AIED01000002_gene2005,annotation&nbsp;not&nbsp;available,75.7
981223.AIED01000017_gene970,AIED01000017_gene970,annotation&nbsp;not&nbsp;available,75.7
981223.AIED01000015_gene1634,AIED01000015_gene1634,annotation&nbsp;not&nbsp;available,75.7
981223.AIED01000009_gene3308,AIED01000009_gene3308,annotation&nbsp;not&nbsp;available,75.7
981223.AIED01000013_gene1970,AIED01000013_gene1970,annotation&nbsp;not&nbsp;available,75.7
981223.AIED01000033_gene2411,AIED01000033_gene2411,annotation&nbsp;not&nbsp;available,75.6
981223.AIED01000037_gene3354,AIED01000037_gene3354,annotation&nbsp;not&nbsp;available,75.5
981223.AIED01000013_gene1976,AIED01000013_gene1976,annotation&nbsp;not&nbsp;available,75.5
981223.AIED01000022_gene821,AIED01000022_gene821,annotation&nbsp;not&nbsp;available,75.4
981223.AIED01000037_gene3362,AIED01000037_gene3362,annotation&nbsp;not&nbsp;available,75.3
981223.AIED01000048_gene1339,AIED01000048_gene1339,annotation&nbsp;not&nbsp;available,75.3
981223.AIED01000032_gene3655,AIED01000032_gene3655,annotation&nbsp;not&nbsp;available,75.2
981223.AIED01000020_gene791,AIED01000020_gene791,annotation&nbsp;not&nbsp;available,75.0
981223.AIED01000003_gene2600,AIED01000003_gene2600,annotation&nbsp;not&nbsp;available,75.0
981223.AIED01000003_gene2542,AIED01000003_gene2542,annotation&nbsp;not&nbsp;available,75.0
981223.AIED01000011_gene1254,AIED01000011_gene1254,annotation&nbsp;not&nbsp;available,74.9
981223.AIED01000031_gene323,AIED01000031_gene323,annotation&nbsp;not&nbsp;available,74.9
981223.AIED01000022_gene859,AIED01000022_gene859,annotation&nbsp;not&nbsp;available,74.8
981223.AIED01000072_gene410,AIED01000072_gene410,annotation&nbsp;not&nbsp;available,74.6
981223.AIED01000014_gene1509,AIED01000014_gene1509,annotation&nbsp;not&nbsp;available,74.6
981223.AIED01000009_gene3270,AIED01000009_gene3270,annotation&nbsp;not&nbsp;available,74.5
981223.AIED01000006_gene3502,AIED01000006_gene3502,annotation&nbsp;not&nbsp;available,74.4
981223.AIED01000013_gene1958,AIED01000013_gene1958,annotation&nbsp;not&nbsp;available,74.4
981223.AIED01000031_gene313,AIED01000031_gene313,annotation&nbsp;not&nbsp;available,74.4
981223.AIED01000039_gene527,AIED01000039_gene527,annotation&nbsp;not&nbsp;available,74.2
981223.AIED01000018_gene561,AIED01000018_gene561,annotation&nbsp;not&nbsp;available,74.2
981223.AIED01000029_gene287,AIED01000029_gene287,annotation&nbsp;not&nbsp;available,74.1
981223.AIED01000027_gene33,AIED01000027_gene33,annotation&nbsp;not&nbsp;available,74.1
981223.AIED01000021_gene2366,AIED01000021_gene2366,annotation&nbsp;not&nbsp;available,73.9
981223.AIED01000022_gene862,AIED01000022_gene862,annotation&nbsp;not&nbsp;available,73.9
981223.AIED01000058_gene2226,AIED01000058_gene2226,annotation&nbsp;not&nbsp;available,73.9
981223.AIED01000060_gene2272,AIED01000060_gene2272,annotation&nbsp;not&nbsp;available,73.9
981223.AIED01000049_gene1383,AIED01000049_gene1383,annotation&nbsp;not&nbsp;available,73.8
981223.AIED01000013_gene1946,AIED01000013_gene1946,annotation&nbsp;not&nbsp;available,73.8
981223.AIED01000035_gene3050,AIED01000035_gene3050,annotation&nbsp;not&nbsp;available,73.8
981223.AIED01000003_gene2574,AIED01000003_gene2574,annotation&nbsp;not&nbsp;available,73.7
981223.AIED01000093_gene3072,AIED01000093_gene3072,annotation&nbsp;not&nbsp;available,73.6
981223.AIED01000002_gene2169,AIED01000002_gene2169,annotation&nbsp;not&nbsp;available,73.6
981223.AIED01000003_gene2611,AIED01000003_gene2611,annotation&nbsp;not&nbsp;available,73.6
981223.AIED01000020_gene796,AIED01000020_gene796,annotation&nbsp;not&nbsp;available,73.5
981223.AIED01000055_gene2686,AIED01000055_gene2686,annotation&nbsp;not&nbsp;available,73.5
981223.AIED01000064_gene3612,AIED01000064_gene3612,annotation&nbsp;not&nbsp;available,73.5
981223.AIED01000008_gene3179,AIED01000008_gene3179,annotation&nbsp;not&nbsp;available,73.4
981223.AIED01000001_gene1903,AIED01000001_gene1903,annotation&nbsp;not&nbsp;available,73.4
981223.AIED01000030_gene2471,AIED01000030_gene2471,annotation&nbsp;not&nbsp;available,73.3
981223.AIED01000051_gene1100,AIED01000051_gene1100,annotation&nbsp;not&nbsp;available,73.3
981223.AIED01000001_gene1735,AIED01000001_gene1735,annotation&nbsp;not&nbsp;available,73.2
981223.AIED01000022_gene822,AIED01000022_gene822,annotation&nbsp;not&nbsp;available,73.2
981223.AIED01000009_gene3292,AIED01000009_gene3292,annotation&nbsp;not&nbsp;available,73.2
981223.AIED01000003_gene2604,AIED01000003_gene2604,annotation&nbsp;not&nbsp;available,73.1
981223.AIED01000004_gene2847,AIED01000004_gene2847,annotation&nbsp;not&nbsp;available,73.1
981223.AIED01000016_gene1615,AIED01000016_gene1615,annotation&nbsp;not&nbsp;available,73.0
981223.AIED01000085_gene1330,AIED01000085_gene1330,annotation&nbsp;not&nbsp;available,73.0
981223.AIED01000034_gene2990,AIED01000034_gene2990,annotation&nbsp;not&nbsp;available,72.9
981223.AIED01000089_gene2430,AIED01000089_gene2430,annotation&nbsp;not&nbsp;available,72.8
981223.AIED01000018_gene563,AIED01000018_gene563,annotation&nbsp;not&nbsp;available,72.7
981223.AIED01000033_gene2419,AIED01000033_gene2419,annotation&nbsp;not&nbsp;available,72.7
981223.AIED01000024_gene3375,AIED01000024_gene3375,annotation&nbsp;not&nbsp;available,72.6
981223.AIED01000042_gene158,AIED01000042_gene158,annotation&nbsp;not&nbsp;available,72.3
981223.AIED01000072_gene416,AIED01000072_gene416,annotation&nbsp;not&nbsp;available,72.2
981223.AIED01000007_gene250,AIED01000007_gene250,annotation&nbsp;not&nbsp;available,72.2
981223.AIED01000008_gene3161,AIED01000008_gene3161,annotation&nbsp;not&nbsp;available,72.1
981223.AIED01000027_gene31,AIED01000027_gene31,annotation&nbsp;not&nbsp;available,71.8
981223.AIED01000002_gene2178,AIED01000002_gene2178,annotation&nbsp;not&nbsp;available,71.7
981223.AIED01000055_gene2687,AIED01000055_gene2687,annotation&nbsp;not&nbsp;available,71.6
981223.AIED01000018_gene539,AIED01000018_gene539,annotation&nbsp;not&nbsp;available,71.6
981223.AIED01000018_gene562,AIED01000018_gene562,annotation&nbsp;not&nbsp;available,71.5
981223.AIED01000001_gene1867,AIED01000001_gene1867,annotation&nbsp;not&nbsp;available,71.5
981223.AIED01000038_gene485,AIED01000038_gene485,annotation&nbsp;not&nbsp;available,71.4
981223.AIED01000013_gene1972,AIED01000013_gene1972,annotation&nbsp;not&nbsp;available,71.3
981223.AIED01000047_gene1416,AIED01000047_gene1416,annotation&nbsp;not&nbsp;available,71.2
981223.AIED01000001_gene1895,AIED01000001_gene1895,annotation&nbsp;not&nbsp;available,71.2
981223.AIED01000033_gene2387,AIED01000033_gene2387,annotation&nbsp;not&nbsp;available,71.1
981223.AIED01000010_gene1111,AIED01000010_gene1111,annotation&nbsp;not&nbsp;available,71.1
981223.AIED01000017_gene962,AIED01000017_gene962,annotation&nbsp;not&nbsp;available,71.1
981223.AIED01000006_gene3436,AIED01000006_gene3436,annotation&nbsp;not&nbsp;available,71.0
981223.AIED01000005_gene2768,AIED01000005_gene2768,annotation&nbsp;not&nbsp;available,70.9
981223.AIED01000003_gene2584,AIED01000003_gene2584,annotation&nbsp;not&nbsp;available,70.8
981223.AIED01000009_gene3286,AIED01000009_gene3286,annotation&nbsp;not&nbsp;available,70.7
981223.AIED01000062_gene3565,AIED01000062_gene3565,annotation&nbsp;not&nbsp;available,70.7
981223.AIED01000038_gene468,AIED01000038_gene468,annotation&nbsp;not&nbsp;available,70.7
981223.AIED01000052_gene1068,AIED01000052_gene1068,annotation&nbsp;not&nbsp;available,70.7
981223.AIED01000061_gene2293,AIED01000061_gene2293,annotation&nbsp;not&nbsp;available,70.6
981223.AIED01000017_gene930,AIED01000017_gene930,annotation&nbsp;not&nbsp;available,70.5
981223.AIED01000001_gene1865,AIED01000001_gene1865,annotation&nbsp;not&nbsp;available,70.5
981223.AIED01000009_gene3293,AIED01000009_gene3293,annotation&nbsp;not&nbsp;available,70.5
981223.AIED01000031_gene320,AIED01000031_gene320,annotation&nbsp;not&nbsp;available,70.4
981223.AIED01000003_gene2627,AIED01000003_gene2627,annotation&nbsp;not&nbsp;available,70.4
981223.AIED01000013_gene1979,AIED01000013_gene1979,annotation&nbsp;not&nbsp;available,70.3
981223.AIED01000039_gene504,AIED01000039_gene504,annotation&nbsp;not&nbsp;available,70.2
981223.AIED01000026_gene3540,AIED01000026_gene3540,annotation&nbsp;not&nbsp;available,70.2
981223.AIED01000001_gene1757,AIED01000001_gene1757,annotation&nbsp;not&nbsp;available,70.2
981223.AIED01000080_gene2435,AIED01000080_gene2435,annotation&nbsp;not&nbsp;available,70.1
981223.AIED01000002_gene2042,AIED01000002_gene2042,annotation&nbsp;not&nbsp;available,70.0
981223.AIED01000002_gene2186,AIED01000002_gene2186,annotation&nbsp;not&nbsp;available,69.8
981223.AIED01000011_gene1251,AIED01000011_gene1251,annotation&nbsp;not&nbsp;available,69.7
981223.AIED01000007_gene181,AIED01000007_gene181,annotation&nbsp;not&nbsp;available,69.7
981223.AIED01000008_gene3162,AIED01000008_gene3162,annotation&nbsp;not&nbsp;available,69.7
981223.AIED01000008_gene3175,AIED01000008_gene3175,annotation&nbsp;not&nbsp;available,69.7
981223.AIED01000032_gene3652,AIED01000032_gene3652,annotation&nbsp;not&nbsp;available,69.6
981223.AIED01000010_gene1165,AIED01000010_gene1165,annotation&nbsp;not&nbsp;available,69.6
981223.AIED01000010_gene1107,AIED01000010_gene1107,annotation&nbsp;not&nbsp;available,69.6
981223.AIED01000004_gene2869,AIED01000004_gene2869,annotation&nbsp;not&nbsp;available,69.5
981223.AIED01000030_gene2455,AIED01000030_gene2455,annotation&nbsp;not&nbsp;available,69.5
981223.AIED01000001_gene1784,AIED01000001_gene1784,annotation&nbsp;not&nbsp;available,69.4
981223.AIED01000025_gene1484,AIED01000025_gene1484,annotation&nbsp;not&nbsp;available,69.4
981223.AIED01000050_gene998,AIED01000050_gene998,annotation&nbsp;not&nbsp;available,69.3
981223.AIED01000002_gene2061,AIED01000002_gene2061,annotation&nbsp;not&nbsp;available,69.3
981223.AIED01000013_gene1938,AIED01000013_gene1938,annotation&nbsp;not&nbsp;available,69.3
981223.AIED01000040_gene3692,AIED01000040_gene3692,annotation&nbsp;not&nbsp;available,69.3
981223.AIED01000037_gene3348,AIED01000037_gene3348,annotation&nbsp;not&nbsp;available,69.2
981223.AIED01000042_gene156,AIED01000042_gene156,annotation&nbsp;not&nbsp;available,69.2
981223.AIED01000027_gene14,AIED01000027_gene14,annotation&nbsp;not&nbsp;available,69.2
981223.AIED01000054_gene1031,AIED01000054_gene1031,annotation&nbsp;not&nbsp;available,69.1
981223.AIED01000006_gene3503,AIED01000006_gene3503,annotation&nbsp;not&nbsp;available,69.1
981223.AIED01000025_gene1477,AIED01000025_gene1477,annotation&nbsp;not&nbsp;available,69.1
981223.AIED01000050_gene996,AIED01000050_gene996,annotation&nbsp;not&nbsp;available,69.1
981223.AIED01000029_gene302,AIED01000029_gene302,annotation&nbsp;not&nbsp;available,69.1
981223.AIED01000011_gene1248,AIED01000011_gene1248,annotation&nbsp;not&nbsp;available,69.1
981223.AIED01000005_gene2801,AIED01000005_gene2801,annotation&nbsp;not&nbsp;available,69.1
981223.AIED01000017_gene977,AIED01000017_gene977,annotation&nbsp;not&nbsp;available,69.0
981223.AIED01000053_gene1037,AIED01000053_gene1037,annotation&nbsp;not&nbsp;available,68.9
981223.AIED01000014_gene1540,AIED01000014_gene1540,annotation&nbsp;not&nbsp;available,68.8
981223.AIED01000002_gene2152,AIED01000002_gene2152,annotation&nbsp;not&nbsp;available,68.7
981223.AIED01000002_gene2055,AIED01000002_gene2055,annotation&nbsp;not&nbsp;available,68.7
981223.AIED01000044_gene83,AIED01000044_gene83,annotation&nbsp;not&nbsp;available,68.7
981223.AIED01000009_gene3236,AIED01000009_gene3236,annotation&nbsp;not&nbsp;available,68.6
981223.AIED01000004_gene2888,AIED01000004_gene2888,annotation&nbsp;not&nbsp;available,68.6
981223.AIED01000001_gene1851,AIED01000001_gene1851,annotation&nbsp;not&nbsp;available,68.5
981223.AIED01000003_gene2507,AIED01000003_gene2507,annotation&nbsp;not&nbsp;available,68.5
981223.AIED01000003_gene2623,AIED01000003_gene2623,annotation&nbsp;not&nbsp;available,68.5
981223.AIED01000031_gene325,AIED01000031_gene325,annotation&nbsp;not&nbsp;available,68.4
981223.AIED01000002_gene2003,AIED01000002_gene2003,annotation&nbsp;not&nbsp;available,68.4
981223.AIED01000006_gene3414,AIED01000006_gene3414,annotation&nbsp;not&nbsp;available,68.3
981223.AIED01000019_gene613,AIED01000019_gene613,annotation&nbsp;not&nbsp;available,68.3
981223.AIED01000001_gene1889,AIED01000001_gene1889,annotation&nbsp;not&nbsp;available,68.3
981223.AIED01000012_gene3727,AIED01000012_gene3727,annotation&nbsp;not&nbsp;available,68.2
981223.AIED01000002_gene2073,AIED01000002_gene2073,annotation&nbsp;not&nbsp;available,68.1
981223.AIED01000051_gene1098,AIED01000051_gene1098,annotation&nbsp;not&nbsp;available,68.1
981223.AIED01000001_gene1714,AIED01000001_gene1714,annotation&nbsp;not&nbsp;available,68.0
981223.AIED01000021_gene2317,AIED01000021_gene2317,annotation&nbsp;not&nbsp;available,67.9
981223.AIED01000045_gene1312,AIED01000045_gene1312,annotation&nbsp;not&nbsp;available,67.9
981223.AIED01000007_gene199,AIED01000007_gene199,annotation&nbsp;not&nbsp;available,67.9
981223.AIED01000001_gene1883,AIED01000001_gene1883,annotation&nbsp;not&nbsp;available,67.9
981223.AIED01000069_gene704,AIED01000069_gene704,annotation&nbsp;not&nbsp;available,67.8
981223.AIED01000013_gene1959,AIED01000013_gene1959,annotation&nbsp;not&nbsp;available,67.7
981223.AIED01000009_gene3285,AIED01000009_gene3285,annotation&nbsp;not&nbsp;available,67.7
981223.AIED01000011_gene1256,AIED01000011_gene1256,annotation&nbsp;not&nbsp;available,67.6
981223.AIED01000049_gene1387,AIED01000049_gene1387,annotation&nbsp;not&nbsp;available,67.6
981223.AIED01000040_gene3683,AIED01000040_gene3683,annotation&nbsp;not&nbsp;available,67.6
981223.AIED01000042_gene155,AIED01000042_gene155,annotation&nbsp;not&nbsp;available,67.5
981223.AIED01000019_gene617,AIED01000019_gene617,annotation&nbsp;not&nbsp;available,67.4
981223.AIED01000034_gene3003,AIED01000034_gene3003,annotation&nbsp;not&nbsp;available,67.3
981223.AIED01000053_gene1050,AIED01000053_gene1050,annotation&nbsp;not&nbsp;available,67.3
981223.AIED01000022_gene826,AIED01000022_gene826,annotation&nbsp;not&nbsp;available,67.2
981223.AIED01000009_gene3284,AIED01000009_gene3284,annotation&nbsp;not&nbsp;available,67.2
981223.AIED01000046_gene1400,AIED01000046_gene1400,annotation&nbsp;not&nbsp;available,67.1
981223.AIED01000010_gene1191,AIED01000010_gene1191,annotation&nbsp;not&nbsp;available,67.1
981223.AIED01000031_gene330,AIED01000031_gene330,annotation&nbsp;not&nbsp;available,67.1
981223.AIED01000004_gene2844,AIED01000004_gene2844,annotation&nbsp;not&nbsp;available,67.1
981223.AIED01000013_gene1939,AIED01000013_gene1939,annotation&nbsp;not&nbsp;available,67.1
981223.AIED01000003_gene2628,AIED01000003_gene2628,annotation&nbsp;not&nbsp;available,67.1
981223.AIED01000057_gene2653,AIED01000057_gene2653,annotation&nbsp;not&nbsp;available,67.0
981223.AIED01000022_gene857,AIED01000022_gene857,annotation&nbsp;not&nbsp;available,67.0
981223.AIED01000005_gene2783,AIED01000005_gene2783,annotation&nbsp;not&nbsp;available,67.0
981223.AIED01000049_gene1382,AIED01000049_gene1382,annotation&nbsp;not&nbsp;available,67.0
981223.AIED01000029_gene277,AIED01000029_gene277,annotation&nbsp;not&nbsp;available,66.9
981223.AIED01000017_gene947,AIED01000017_gene947,annotation&nbsp;not&nbsp;available,66.8
981223.AIED01000051_gene1099,AIED01000051_gene1099,annotation&nbsp;not&nbsp;available,66.8
981223.AIED01000002_gene2171,AIED01000002_gene2171,annotation&nbsp;not&nbsp;available,66.8
981223.AIED01000013_gene1947,AIED01000013_gene1947,annotation&nbsp;not&nbsp;available,66.7
981223.AIED01000006_gene3482,AIED01000006_gene3482,annotation&nbsp;not&nbsp;available,66.6
981223.AIED01000002_gene2023,AIED01000002_gene2023,annotation&nbsp;not&nbsp;available,66.6
981223.AIED01000066_gene3099,AIED01000066_gene3099,annotation&nbsp;not&nbsp;available,66.5
981223.AIED01000001_gene1912,AIED01000001_gene1912,annotation&nbsp;not&nbsp;available,66.3
981223.AIED01000008_gene3194,AIED01000008_gene3194,annotation&nbsp;not&nbsp;available,66.3
981223.AIED01000034_gene3021,AIED01000034_gene3021,annotation&nbsp;not&nbsp;available,66.2
981223.AIED01000028_gene375,AIED01000028_gene375,annotation&nbsp;not&nbsp;available,66.1
981223.AIED01000021_gene2353,AIED01000021_gene2353,annotation&nbsp;not&nbsp;available,66.1
981223.AIED01000016_gene1566,AIED01000016_gene1566,annotation&nbsp;not&nbsp;available,66.0
981223.AIED01000005_gene2732,AIED01000005_gene2732,annotation&nbsp;not&nbsp;available,66.0
981223.AIED01000003_gene2619,AIED01000003_gene2619,annotation&nbsp;not&nbsp;available,65.9
981223.AIED01000040_gene3680,AIED01000040_gene3680,annotation&nbsp;not&nbsp;available,65.9
981223.AIED01000030_gene2477,AIED01000030_gene2477,annotation&nbsp;not&nbsp;available,65.9
981223.AIED01000028_gene400,AIED01000028_gene400,annotation&nbsp;not&nbsp;available,65.9
981223.AIED01000002_gene2132,AIED01000002_gene2132,annotation&nbsp;not&nbsp;available,65.8
981223.AIED01000023_gene919,AIED01000023_gene919,annotation&nbsp;not&nbsp;available,65.8
981223.AIED01000022_gene820,AIED01000022_gene820,annotation&nbsp;not&nbsp;available,65.8
981223.AIED01000001_gene1725,AIED01000001_gene1725,annotation&nbsp;not&nbsp;available,65.7
981223.AIED01000004_gene2923,AIED01000004_gene2923,annotation&nbsp;not&nbsp;available,65.6
981223.AIED01000012_gene3716,AIED01000012_gene3716,annotation&nbsp;not&nbsp;available,65.5
981223.AIED01000015_gene1677,AIED01000015_gene1677,annotation&nbsp;not&nbsp;available,65.5
981223.AIED01000004_gene2846,AIED01000004_gene2846,annotation&nbsp;not&nbsp;available,65.4
981223.AIED01000007_gene249,AIED01000007_gene249,annotation&nbsp;not&nbsp;available,65.4
981223.AIED01000013_gene1931,AIED01000013_gene1931,annotation&nbsp;not&nbsp;available,65.3
981223.AIED01000002_gene2135,AIED01000002_gene2135,annotation&nbsp;not&nbsp;available,65.2
981223.AIED01000003_gene2581,AIED01000003_gene2581,annotation&nbsp;not&nbsp;available,65.1
981223.AIED01000007_gene251,AIED01000007_gene251,annotation&nbsp;not&nbsp;available,65.1
981223.AIED01000049_gene1360,AIED01000049_gene1360,annotation&nbsp;not&nbsp;available,65.0
981223.AIED01000031_gene333,AIED01000031_gene333,annotation&nbsp;not&nbsp;available,65.0
981223.AIED01000061_gene2291,AIED01000061_gene2291,annotation&nbsp;not&nbsp;available,64.9
981223.AIED01000006_gene3469,AIED01000006_gene3469,annotation&nbsp;not&nbsp;available,64.8
981223.AIED01000001_gene1705,AIED01000001_gene1705,annotation&nbsp;not&nbsp;available,64.8
981223.AIED01000071_gene711,AIED01000071_gene711,annotation&nbsp;not&nbsp;available,64.8
981223.AIED01000036_gene2958,AIED01000036_gene2958,annotation&nbsp;not&nbsp;available,64.8
981223.AIED01000008_gene3144,AIED01000008_gene3144,annotation&nbsp;not&nbsp;available,64.7
981223.AIED01000047_gene1422,AIED01000047_gene1422,annotation&nbsp;not&nbsp;available,64.6
981223.AIED01000078_gene681,AIED01000078_gene681,annotation&nbsp;not&nbsp;available,64.5
981223.AIED01000014_gene1542,AIED01000014_gene1542,annotation&nbsp;not&nbsp;available,64.4
981223.AIED01000025_gene1476,AIED01000025_gene1476,annotation&nbsp;not&nbsp;available,64.4
981223.AIED01000013_gene1973,AIED01000013_gene1973,annotation&nbsp;not&nbsp;available,64.4
981223.AIED01000012_gene3752,AIED01000012_gene3752,annotation&nbsp;not&nbsp;available,64.4
981223.AIED01000009_gene3297,AIED01000009_gene3297,annotation&nbsp;not&nbsp;available,64.3
981223.AIED01000006_gene3491,AIED01000006_gene3491,annotation&nbsp;not&nbsp;available,64.3
981223.AIED01000018_gene543,AIED01000018_gene543,annotation&nbsp;not&nbsp;available,64.3
981223.AIED01000011_gene1240,AIED01000011_gene1240,annotation&nbsp;not&nbsp;available,64.2
981223.AIED01000049_gene1384,AIED01000049_gene1384,annotation&nbsp;not&nbsp;available,64.2
981223.AIED01000029_gene278,AIED01000029_gene278,annotation&nbsp;not&nbsp;available,64.0
981223.AIED01000020_gene807,AIED01000020_gene807,annotation&nbsp;not&nbsp;available,64.0
981223.AIED01000010_gene1192,AIED01000010_gene1192,annotation&nbsp;not&nbsp;available,64.0
981223.AIED01000022_gene832,AIED01000022_gene832,annotation&nbsp;not&nbsp;available,64.0
981223.AIED01000007_gene256,AIED01000007_gene256,annotation&nbsp;not&nbsp;available,63.9
981223.AIED01000019_gene616,AIED01000019_gene616,annotation&nbsp;not&nbsp;available,63.9
981223.AIED01000002_gene2021,AIED01000002_gene2021,annotation&nbsp;not&nbsp;available,63.9
981223.AIED01000034_gene3022,AIED01000034_gene3022,annotation&nbsp;not&nbsp;available,63.9
981223.AIED01000040_gene3693,AIED01000040_gene3693,annotation&nbsp;not&nbsp;available,63.8
981223.AIED01000059_gene2255,AIED01000059_gene2255,annotation&nbsp;not&nbsp;available,63.7
981223.AIED01000011_gene1273,AIED01000011_gene1273,annotation&nbsp;not&nbsp;available,63.7
981223.AIED01000051_gene1095,AIED01000051_gene1095,annotation&nbsp;not&nbsp;available,63.7
981223.AIED01000042_gene139,AIED01000042_gene139,annotation&nbsp;not&nbsp;available,63.6
981223.AIED01000014_gene1520,AIED01000014_gene1520,annotation&nbsp;not&nbsp;available,63.5
981223.AIED01000037_gene3350,AIED01000037_gene3350,annotation&nbsp;not&nbsp;available,63.5
981223.AIED01000003_gene2567,AIED01000003_gene2567,annotation&nbsp;not&nbsp;available,63.5
981223.AIED01000001_gene1906,AIED01000001_gene1906,annotation&nbsp;not&nbsp;available,63.4
981223.AIED01000013_gene1943,AIED01000013_gene1943,annotation&nbsp;not&nbsp;available,63.4
981223.AIED01000001_gene1861,AIED01000001_gene1861,annotation&nbsp;not&nbsp;available,63.4
981223.AIED01000026_gene3535,AIED01000026_gene3535,annotation&nbsp;not&nbsp;available,63.3
981223.AIED01000001_gene1730,AIED01000001_gene1730,annotation&nbsp;not&nbsp;available,63.2
981223.AIED01000052_gene1076,AIED01000052_gene1076,annotation&nbsp;not&nbsp;available,63.1
981223.AIED01000010_gene1163,AIED01000010_gene1163,annotation&nbsp;not&nbsp;available,63.1
981223.AIED01000038_gene488,AIED01000038_gene488,annotation&nbsp;not&nbsp;available,63.0
981223.AIED01000003_gene2562,AIED01000003_gene2562,annotation&nbsp;not&nbsp;available,63.0
981223.AIED01000002_gene2134,AIED01000002_gene2134,annotation&nbsp;not&nbsp;available,62.9
981223.AIED01000004_gene2897,AIED01000004_gene2897,annotation&nbsp;not&nbsp;available,62.9
981223.AIED01000018_gene565,AIED01000018_gene565,annotation&nbsp;not&nbsp;available,62.9
981223.AIED01000039_gene507,AIED01000039_gene507,annotation&nbsp;not&nbsp;available,62.8
981223.AIED01000008_gene3211,AIED01000008_gene3211,annotation&nbsp;not&nbsp;available,62.8
981223.AIED01000005_gene2780,AIED01000005_gene2780,annotation&nbsp;not&nbsp;available,62.8
981223.AIED01000028_gene399,AIED01000028_gene399,annotation&nbsp;not&nbsp;available,62.7
981223.AIED01000015_gene1687,AIED01000015_gene1687,annotation&nbsp;not&nbsp;available,62.6
981223.AIED01000002_gene2001,AIED01000002_gene2001,annotation&nbsp;not&nbsp;available,62.5
981223.AIED01000001_gene1762,AIED01000001_gene1762,annotation&nbsp;not&nbsp;available,62.5
981223.AIED01000006_gene3463,AIED01000006_gene3463,annotation&nbsp;not&nbsp;available,62.3
981223.AIED01000023_gene906,AIED01000023_gene906,annotation&nbsp;not&nbsp;available,62.2
981223.AIED01000027_gene18,AIED01000027_gene18,annotation&nbsp;not&nbsp;available,62.1
981223.AIED01000021_gene2336,AIED01000021_gene2336,annotation&nbsp;not&nbsp;available,62.1
981223.AIED01000019_gene650,AIED01000019_gene650,annotation&nbsp;not&nbsp;available,62.0
981223.AIED01000025_gene1461,AIED01000025_gene1461,annotation&nbsp;not&nbsp;available,62.0
981223.AIED01000060_gene2269,AIED01000060_gene2269,annotation&nbsp;not&nbsp;available,62.0
981223.AIED01000004_gene2881,AIED01000004_gene2881,annotation&nbsp;not&nbsp;available,62.0
981223.AIED01000007_gene182,AIED01000007_gene182,annotation&nbsp;not&nbsp;available,61.9
981223.AIED01000003_gene2570,AIED01000003_gene2570,annotation&nbsp;not&nbsp;available,61.9
981223.AIED01000002_gene2019,AIED01000002_gene2019,annotation&nbsp;not&nbsp;available,61.9
981223.AIED01000003_gene2572,AIED01000003_gene2572,annotation&nbsp;not&nbsp;available,61.8
981223.AIED01000026_gene3520,AIED01000026_gene3520,annotation&nbsp;not&nbsp;available,61.8
981223.AIED01000014_gene1525,AIED01000014_gene1525,annotation&nbsp;not&nbsp;available,61.8
981223.AIED01000032_gene3632,AIED01000032_gene3632,annotation&nbsp;not&nbsp;available,61.8
981223.AIED01000002_gene2008,AIED01000002_gene2008,annotation&nbsp;not&nbsp;available,61.7
981223.AIED01000033_gene2397,AIED01000033_gene2397,annotation&nbsp;not&nbsp;available,61.7
981223.AIED01000009_gene3309,AIED01000009_gene3309,annotation&nbsp;not&nbsp;available,61.6
981223.AIED01000011_gene1250,AIED01000011_gene1250,annotation&nbsp;not&nbsp;available,61.6
981223.AIED01000004_gene2819,AIED01000004_gene2819,annotation&nbsp;not&nbsp;available,61.6
981223.AIED01000002_gene2022,AIED01000002_gene2022,annotation&nbsp;not&nbsp;available,61.5
981223.AIED01000029_gene307,AIED01000029_gene307,annotation&nbsp;not&nbsp;available,61.4
981223.AIED01000004_gene2948,AIED01000004_gene2948,annotation&nbsp;not&nbsp;available,61.4
981223.AIED01000021_gene2309,AIED01000021_gene2309,annotation&nbsp;not&nbsp;available,61.4
981223.AIED01000030_gene2457,AIED01000030_gene2457,annotation&nbsp;not&nbsp;available,61.3
981223.AIED01000030_gene2463,AIED01000030_gene2463,annotation&nbsp;not&nbsp;available,61.1
981223.AIED01000005_gene2720,AIED01000005_gene2720,annotation&nbsp;not&nbsp;available,61.1
981223.AIED01000021_gene2349,AIED01000021_gene2349,annotation&nbsp;not&nbsp;available,61.0
981223.AIED01000047_gene1417,AIED01000047_gene1417,annotation&nbsp;not&nbsp;available,61.0
981223.AIED01000011_gene1205,AIED01000011_gene1205,annotation&nbsp;not&nbsp;available,61.0
981223.AIED01000020_gene776,AIED01000020_gene776,annotation&nbsp;not&nbsp;available,61.0
981223.AIED01000002_gene2161,AIED01000002_gene2161,annotation&nbsp;not&nbsp;available,60.9
981223.AIED01000020_gene765,AIED01000020_gene765,annotation&nbsp;not&nbsp;available,60.9
981223.AIED01000007_gene198,AIED01000007_gene198,annotation&nbsp;not&nbsp;available,60.8
981223.AIED01000008_gene3178,AIED01000008_gene3178,annotation&nbsp;not&nbsp;available,60.6
981223.AIED01000086_gene2280,AIED01000086_gene2280,annotation&nbsp;not&nbsp;available,60.6
981223.AIED01000025_gene1492,AIED01000025_gene1492,annotation&nbsp;not&nbsp;available,60.4
981223.AIED01000060_gene2270,AIED01000060_gene2270,annotation&nbsp;not&nbsp;available,60.3
981223.AIED01000011_gene1242,AIED01000011_gene1242,annotation&nbsp;not&nbsp;available,60.3
981223.AIED01000003_gene2548,AIED01000003_gene2548,annotation&nbsp;not&nbsp;available,60.2
981223.AIED01000018_gene564,AIED01000018_gene564,annotation&nbsp;not&nbsp;available,60.2
981223.AIED01000085_gene1332,AIED01000085_gene1332,annotation&nbsp;not&nbsp;available,60.2
981223.AIED01000011_gene1245,AIED01000011_gene1245,annotation&nbsp;not&nbsp;available,60.1
981223.AIED01000001_gene1732,AIED01000001_gene1732,annotation&nbsp;not&nbsp;available,60.1
981223.AIED01000038_gene495,AIED01000038_gene495,annotation&nbsp;not&nbsp;available,60.0
981223.AIED01000021_gene2326,AIED01000021_gene2326,annotation&nbsp;not&nbsp;available,60.0
981223.AIED01000016_gene1583,AIED01000016_gene1583,annotation&nbsp;not&nbsp;available,60.0
981223.AIED01000001_gene1761,AIED01000001_gene1761,annotation&nbsp;not&nbsp;available,59.8
981223.AIED01000048_gene1351,AIED01000048_gene1351,annotation&nbsp;not&nbsp;available,59.7
981223.AIED01000020_gene811,AIED01000020_gene811,annotation&nbsp;not&nbsp;available,59.7
981223.AIED01000003_gene2622,AIED01000003_gene2622,annotation&nbsp;not&nbsp;available,59.7
981223.AIED01000006_gene3494,AIED01000006_gene3494,annotation&nbsp;not&nbsp;available,59.7
981223.AIED01000005_gene2766,AIED01000005_gene2766,annotation&nbsp;not&nbsp;available,59.7
981223.AIED01000008_gene3184,AIED01000008_gene3184,annotation&nbsp;not&nbsp;available,59.7
981223.AIED01000041_gene127,AIED01000041_gene127,annotation&nbsp;not&nbsp;available,59.6
981223.AIED01000031_gene321,AIED01000031_gene321,annotation&nbsp;not&nbsp;available,59.6
981223.AIED01000006_gene3495,AIED01000006_gene3495,annotation&nbsp;not&nbsp;available,59.5
981223.AIED01000030_gene2464,AIED01000030_gene2464,annotation&nbsp;not&nbsp;available,59.4
981223.AIED01000001_gene1850,AIED01000001_gene1850,annotation&nbsp;not&nbsp;available,59.4
981223.AIED01000004_gene2944,AIED01000004_gene2944,annotation&nbsp;not&nbsp;available,59.4
981223.AIED01000064_gene3605,AIED01000064_gene3605,annotation&nbsp;not&nbsp;available,59.3
981223.AIED01000005_gene2730,AIED01000005_gene2730,annotation&nbsp;not&nbsp;available,59.3
981223.AIED01000017_gene936,AIED01000017_gene936,annotation&nbsp;not&nbsp;available,59.3
981223.AIED01000003_gene2614,AIED01000003_gene2614,annotation&nbsp;not&nbsp;available,59.3
981223.AIED01000014_gene1559,AIED01000014_gene1559,annotation&nbsp;not&nbsp;available,59.3
981223.AIED01000040_gene3694,AIED01000040_gene3694,annotation&nbsp;not&nbsp;available,59.2
981223.AIED01000047_gene1433,AIED01000047_gene1433,annotation&nbsp;not&nbsp;available,59.2
981223.AIED01000019_gene638,AIED01000019_gene638,annotation&nbsp;not&nbsp;available,59.2
981223.AIED01000053_gene1053,AIED01000053_gene1053,annotation&nbsp;not&nbsp;available,59.1
981223.AIED01000006_gene3505,AIED01000006_gene3505,annotation&nbsp;not&nbsp;available,59.1
981223.AIED01000011_gene1208,AIED01000011_gene1208,annotation&nbsp;not&nbsp;available,59.0
981223.AIED01000006_gene3493,AIED01000006_gene3493,annotation&nbsp;not&nbsp;available,58.9
981223.AIED01000015_gene1678,AIED01000015_gene1678,annotation&nbsp;not&nbsp;available,58.8
981223.AIED01000016_gene1569,AIED01000016_gene1569,annotation&nbsp;not&nbsp;available,58.7
981223.AIED01000001_gene1911,AIED01000001_gene1911,annotation&nbsp;not&nbsp;available,58.6
981223.AIED01000034_gene3002,AIED01000034_gene3002,annotation&nbsp;not&nbsp;available,58.5
981223.AIED01000005_gene2751,AIED01000005_gene2751,annotation&nbsp;not&nbsp;available,58.5
981223.AIED01000001_gene1743,AIED01000001_gene1743,annotation&nbsp;not&nbsp;available,58.5
981223.AIED01000018_gene586,AIED01000018_gene586,annotation&nbsp;not&nbsp;available,58.5
981223.AIED01000043_gene69,AIED01000043_gene69,annotation&nbsp;not&nbsp;available,58.4
981223.AIED01000005_gene2782,AIED01000005_gene2782,annotation&nbsp;not&nbsp;available,58.4
981223.AIED01000007_gene224,AIED01000007_gene224,annotation&nbsp;not&nbsp;available,58.4
981223.AIED01000001_gene1857,AIED01000001_gene1857,annotation&nbsp;not&nbsp;available,58.3
981223.AIED01000007_gene248,AIED01000007_gene248,annotation&nbsp;not&nbsp;available,58.3
981223.AIED01000003_gene2609,AIED01000003_gene2609,annotation&nbsp;not&nbsp;available,58.2
981223.AIED01000022_gene840,AIED01000022_gene840,annotation&nbsp;not&nbsp;available,58.0
981223.AIED01000045_gene1310,AIED01000045_gene1310,annotation&nbsp;not&nbsp;available,58.0
981223.AIED01000004_gene2896,AIED01000004_gene2896,annotation&nbsp;not&nbsp;available,58.0
981223.AIED01000064_gene3611,AIED01000064_gene3611,annotation&nbsp;not&nbsp;available,58.0
981223.AIED01000019_gene640,AIED01000019_gene640,annotation&nbsp;not&nbsp;available,57.9
981223.AIED01000029_gene273,AIED01000029_gene273,annotation&nbsp;not&nbsp;available,57.9
981223.AIED01000001_gene1782,AIED01000001_gene1782,annotation&nbsp;not&nbsp;available,57.8
981223.AIED01000003_gene2557,AIED01000003_gene2557,annotation&nbsp;not&nbsp;available,57.8
981223.AIED01000022_gene861,AIED01000022_gene861,annotation&nbsp;not&nbsp;available,57.8
981223.AIED01000047_gene1428,AIED01000047_gene1428,annotation&nbsp;not&nbsp;available,57.8
981223.AIED01000015_gene1668,AIED01000015_gene1668,annotation&nbsp;not&nbsp;available,57.8
981223.AIED01000006_gene3484,AIED01000006_gene3484,annotation&nbsp;not&nbsp;available,57.6
981223.AIED01000043_gene63,AIED01000043_gene63,annotation&nbsp;not&nbsp;available,57.6
981223.AIED01000022_gene856,AIED01000022_gene856,annotation&nbsp;not&nbsp;available,57.6
981223.AIED01000011_gene1246,AIED01000011_gene1246,annotation&nbsp;not&nbsp;available,57.5
981223.AIED01000085_gene1331,AIED01000085_gene1331,annotation&nbsp;not&nbsp;available,57.5
981223.AIED01000010_gene1153,AIED01000010_gene1153,annotation&nbsp;not&nbsp;available,57.5
981223.AIED01000015_gene1686,AIED01000015_gene1686,annotation&nbsp;not&nbsp;available,57.4
981223.AIED01000005_gene2753,AIED01000005_gene2753,annotation&nbsp;not&nbsp;available,57.4
981223.AIED01000019_gene634,AIED01000019_gene634,annotation&nbsp;not&nbsp;available,57.4
981223.AIED01000001_gene1859,AIED01000001_gene1859,annotation&nbsp;not&nbsp;available,57.3
981223.AIED01000014_gene1552,AIED01000014_gene1552,annotation&nbsp;not&nbsp;available,57.3
981223.AIED01000001_gene1807,AIED01000001_gene1807,annotation&nbsp;not&nbsp;available,57.3
981223.AIED01000035_gene3047,AIED01000035_gene3047,annotation&nbsp;not&nbsp;available,57.0
981223.AIED01000012_gene3722,AIED01000012_gene3722,annotation&nbsp;not&nbsp;available,57.0
981223.AIED01000032_gene3645,AIED01000032_gene3645,annotation&nbsp;not&nbsp;available,57.0
981223.AIED01000002_gene2051,AIED01000002_gene2051,annotation&nbsp;not&nbsp;available,57.0
981223.AIED01000054_gene1026,AIED01000054_gene1026,annotation&nbsp;not&nbsp;available,56.9
981223.AIED01000001_gene1736,AIED01000001_gene1736,annotation&nbsp;not&nbsp;available,56.9
981223.AIED01000004_gene2949,AIED01000004_gene2949,annotation&nbsp;not&nbsp;available,56.8
981223.AIED01000004_gene2836,AIED01000004_gene2836,annotation&nbsp;not&nbsp;available,56.8
981223.AIED01000063_gene3581,AIED01000063_gene3581,annotation&nbsp;not&nbsp;available,56.8
981223.AIED01000037_gene3341,AIED01000037_gene3341,annotation&nbsp;not&nbsp;available,56.8
981223.AIED01000032_gene3640,AIED01000032_gene3640,annotation&nbsp;not&nbsp;available,56.6
981223.AIED01000001_gene1745,AIED01000001_gene1745,annotation&nbsp;not&nbsp;available,56.6
981223.AIED01000003_gene2573,AIED01000003_gene2573,annotation&nbsp;not&nbsp;available,56.6
981223.AIED01000027_gene39,AIED01000027_gene39,annotation&nbsp;not&nbsp;available,56.5
981223.AIED01000011_gene1258,AIED01000011_gene1258,annotation&nbsp;not&nbsp;available,56.5
981223.AIED01000029_gene279,AIED01000029_gene279,annotation&nbsp;not&nbsp;available,56.5
981223.AIED01000047_gene1440,AIED01000047_gene1440,annotation&nbsp;not&nbsp;available,56.4
981223.AIED01000087_gene2208,AIED01000087_gene2208,annotation&nbsp;not&nbsp;available,56.4
981223.AIED01000044_gene77,AIED01000044_gene77,annotation&nbsp;not&nbsp;available,56.4
981223.AIED01000005_gene2711,AIED01000005_gene2711,annotation&nbsp;not&nbsp;available,56.4
981223.AIED01000036_gene2973,AIED01000036_gene2973,annotation&nbsp;not&nbsp;available,56.4
981223.AIED01000015_gene1653,AIED01000015_gene1653,annotation&nbsp;not&nbsp;available,56.4
981223.AIED01000004_gene2868,AIED01000004_gene2868,annotation&nbsp;not&nbsp;available,56.3
981223.AIED01000007_gene257,AIED01000007_gene257,annotation&nbsp;not&nbsp;available,56.2
981223.AIED01000001_gene1721,AIED01000001_gene1721,annotation&nbsp;not&nbsp;available,56.2
981223.AIED01000032_gene3634,AIED01000032_gene3634,annotation&nbsp;not&nbsp;available,56.2
981223.AIED01000013_gene1925,AIED01000013_gene1925,annotation&nbsp;not&nbsp;available,56.2
981223.AIED01000037_gene3357,AIED01000037_gene3357,annotation&nbsp;not&nbsp;available,56.1
981223.AIED01000009_gene3227,AIED01000009_gene3227,annotation&nbsp;not&nbsp;available,56.1
981223.AIED01000026_gene3519,AIED01000026_gene3519,annotation&nbsp;not&nbsp;available,56.1
981223.AIED01000005_gene2773,AIED01000005_gene2773,annotation&nbsp;not&nbsp;available,55.9
981223.AIED01000004_gene2870,AIED01000004_gene2870,annotation&nbsp;not&nbsp;available,55.9
981223.AIED01000011_gene1264,AIED01000011_gene1264,annotation&nbsp;not&nbsp;available,55.8
981223.AIED01000010_gene1196,AIED01000010_gene1196,annotation&nbsp;not&nbsp;available,55.7
981223.AIED01000007_gene195,AIED01000007_gene195,annotation&nbsp;not&nbsp;available,55.7
981223.AIED01000052_gene1079,AIED01000052_gene1079,annotation&nbsp;not&nbsp;available,55.6
981223.AIED01000055_gene2682,AIED01000055_gene2682,annotation&nbsp;not&nbsp;available,55.5
981223.AIED01000082_gene2299,AIED01000082_gene2299,annotation&nbsp;not&nbsp;available,55.5
981223.AIED01000052_gene1067,AIED01000052_gene1067,annotation&nbsp;not&nbsp;available,55.5
981223.AIED01000007_gene180,AIED01000007_gene180,annotation&nbsp;not&nbsp;available,55.4
981223.AIED01000002_gene2012,AIED01000002_gene2012,annotation&nbsp;not&nbsp;available,55.3
981223.AIED01000013_gene1927,AIED01000013_gene1927,annotation&nbsp;not&nbsp;available,55.3
981223.AIED01000021_gene2348,AIED01000021_gene2348,annotation&nbsp;not&nbsp;available,55.3
981223.AIED01000030_gene2452,AIED01000030_gene2452,annotation&nbsp;not&nbsp;available,55.3
981223.AIED01000032_gene3650,AIED01000032_gene3650,annotation&nbsp;not&nbsp;available,55.2
981223.AIED01000080_gene2433,AIED01000080_gene2433,annotation&nbsp;not&nbsp;available,55.2
981223.AIED01000006_gene3466,AIED01000006_gene3466,annotation&nbsp;not&nbsp;available,55.1
981223.AIED01000008_gene3189,AIED01000008_gene3189,annotation&nbsp;not&nbsp;available,55.1
981223.AIED01000001_gene1722,AIED01000001_gene1722,annotation&nbsp;not&nbsp;available,55.1
981223.AIED01000005_gene2756,AIED01000005_gene2756,annotation&nbsp;not&nbsp;available,55.1
981223.AIED01000002_gene1991,AIED01000002_gene1991,annotation&nbsp;not&nbsp;available,55.0
981223.AIED01000003_gene2586,AIED01000003_gene2586,annotation&nbsp;not&nbsp;available,55.0
981223.AIED01000004_gene2823,AIED01000004_gene2823,annotation&nbsp;not&nbsp;available,54.9
981223.AIED01000017_gene940,AIED01000017_gene940,annotation&nbsp;not&nbsp;available,54.8
981223.AIED01000001_gene1862,AIED01000001_gene1862,annotation&nbsp;not&nbsp;available,54.8
981223.AIED01000003_gene2626,AIED01000003_gene2626,annotation&nbsp;not&nbsp;available,54.8
981223.AIED01000011_gene1255,AIED01000011_gene1255,annotation&nbsp;not&nbsp;available,54.7
981223.AIED01000064_gene3607,AIED01000064_gene3607,annotation&nbsp;not&nbsp;available,54.7
981223.AIED01000009_gene3229,AIED01000009_gene3229,annotation&nbsp;not&nbsp;available,54.7
981223.AIED01000064_gene3606,AIED01000064_gene3606,annotation&nbsp;not&nbsp;available,54.7
981223.AIED01000035_gene3027,AIED01000035_gene3027,annotation&nbsp;not&nbsp;available,54.7
981223.AIED01000001_gene1716,AIED01000001_gene1716,annotation&nbsp;not&nbsp;available,54.6
981223.AIED01000027_gene40,AIED01000027_gene40,annotation&nbsp;not&nbsp;available,54.6
981223.AIED01000015_gene1670,AIED01000015_gene1670,annotation&nbsp;not&nbsp;available,54.5
981223.AIED01000001_gene1788,AIED01000001_gene1788,annotation&nbsp;not&nbsp;available,54.5
981223.AIED01000003_gene2625,AIED01000003_gene2625,annotation&nbsp;not&nbsp;available,54.4
981223.AIED01000036_gene2974,AIED01000036_gene2974,annotation&nbsp;not&nbsp;available,54.3
981223.AIED01000020_gene800,AIED01000020_gene800,annotation&nbsp;not&nbsp;available,54.3
981223.AIED01000002_gene2058,AIED01000002_gene2058,annotation&nbsp;not&nbsp;available,54.2
981223.AIED01000053_gene1056,AIED01000053_gene1056,annotation&nbsp;not&nbsp;available,54.2
981223.AIED01000030_gene2459,AIED01000030_gene2459,annotation&nbsp;not&nbsp;available,54.2
981223.AIED01000037_gene3359,AIED01000037_gene3359,annotation&nbsp;not&nbsp;available,54.2
981223.AIED01000019_gene637,AIED01000019_gene637,annotation&nbsp;not&nbsp;available,54.2
981223.AIED01000004_gene2843,AIED01000004_gene2843,annotation&nbsp;not&nbsp;available,54.2
981223.AIED01000037_gene3358,AIED01000037_gene3358,annotation&nbsp;not&nbsp;available,54.2
981223.AIED01000006_gene3476,AIED01000006_gene3476,annotation&nbsp;not&nbsp;available,54.1
981223.AIED01000003_gene2569,AIED01000003_gene2569,annotation&nbsp;not&nbsp;available,54.1
981223.AIED01000006_gene3504,AIED01000006_gene3504,annotation&nbsp;not&nbsp;available,54.0
981223.AIED01000048_gene1349,AIED01000048_gene1349,annotation&nbsp;not&nbsp;available,54.0
981223.AIED01000019_gene631,AIED01000019_gene631,annotation&nbsp;not&nbsp;available,53.9
981223.AIED01000026_gene3544,AIED01000026_gene3544,annotation&nbsp;not&nbsp;available,53.9
981223.AIED01000008_gene3172,AIED01000008_gene3172,annotation&nbsp;not&nbsp;available,53.8
981223.AIED01000018_gene553,AIED01000018_gene553,annotation&nbsp;not&nbsp;available,53.8
981223.AIED01000033_gene2410,AIED01000033_gene2410,annotation&nbsp;not&nbsp;available,53.8
981223.AIED01000017_gene954,AIED01000017_gene954,annotation&nbsp;not&nbsp;available,53.8
981223.AIED01000018_gene592,AIED01000018_gene592,annotation&nbsp;not&nbsp;available,53.7
981223.AIED01000002_gene2060,AIED01000002_gene2060,annotation&nbsp;not&nbsp;available,53.7
981223.AIED01000003_gene2564,AIED01000003_gene2564,annotation&nbsp;not&nbsp;available,53.6
981223.AIED01000002_gene2131,AIED01000002_gene2131,annotation&nbsp;not&nbsp;available,53.6
981223.AIED01000042_gene160,AIED01000042_gene160,annotation&nbsp;not&nbsp;available,53.5
981223.AIED01000022_gene827,AIED01000022_gene827,annotation&nbsp;not&nbsp;available,53.5
981223.AIED01000030_gene2470,AIED01000030_gene2470,annotation&nbsp;not&nbsp;available,53.4
981223.AIED01000022_gene844,AIED01000022_gene844,annotation&nbsp;not&nbsp;available,53.3
981223.AIED01000029_gene308,AIED01000029_gene308,annotation&nbsp;not&nbsp;available,53.3
981223.AIED01000093_gene3073,AIED01000093_gene3073,annotation&nbsp;not&nbsp;available,53.2
981223.AIED01000022_gene855,AIED01000022_gene855,annotation&nbsp;not&nbsp;available,53.2
981223.AIED01000016_gene1621,AIED01000016_gene1621,annotation&nbsp;not&nbsp;available,53.2
981223.AIED01000028_gene366,AIED01000028_gene366,annotation&nbsp;not&nbsp;available,53.1
981223.AIED01000003_gene2613,AIED01000003_gene2613,annotation&nbsp;not&nbsp;available,53.0
981223.AIED01000007_gene215,AIED01000007_gene215,annotation&nbsp;not&nbsp;available,53.0
981223.AIED01000015_gene1684,AIED01000015_gene1684,annotation&nbsp;not&nbsp;available,52.9
981223.AIED01000006_gene3410,AIED01000006_gene3410,annotation&nbsp;not&nbsp;available,52.8
981223.AIED01000017_gene983,AIED01000017_gene983,annotation&nbsp;not&nbsp;available,52.8
981223.AIED01000003_gene2597,AIED01000003_gene2597,annotation&nbsp;not&nbsp;available,52.8
981223.AIED01000056_gene2665,AIED01000056_gene2665,annotation&nbsp;not&nbsp;available,52.8
981223.AIED01000001_gene1833,AIED01000001_gene1833,annotation&nbsp;not&nbsp;available,52.8
981223.AIED01000002_gene2137,AIED01000002_gene2137,annotation&nbsp;not&nbsp;available,52.7
981223.AIED01000047_gene1425,AIED01000047_gene1425,annotation&nbsp;not&nbsp;available,52.7
981223.AIED01000012_gene3709,AIED01000012_gene3709,annotation&nbsp;not&nbsp;available,52.7
981223.AIED01000017_gene928,AIED01000017_gene928,annotation&nbsp;not&nbsp;available,52.7
981223.AIED01000033_gene2404,AIED01000033_gene2404,annotation&nbsp;not&nbsp;available,52.7
981223.AIED01000013_gene1930,AIED01000013_gene1930,annotation&nbsp;not&nbsp;available,52.7
981223.AIED01000002_gene2009,AIED01000002_gene2009,annotation&nbsp;not&nbsp;available,52.6
981223.AIED01000008_gene3203,AIED01000008_gene3203,annotation&nbsp;not&nbsp;available,52.6
981223.AIED01000034_gene2993,AIED01000034_gene2993,annotation&nbsp;not&nbsp;available,52.6
981223.AIED01000047_gene1438,AIED01000047_gene1438,annotation&nbsp;not&nbsp;available,52.6
981223.AIED01000012_gene3720,AIED01000012_gene3720,annotation&nbsp;not&nbsp;available,52.6
981223.AIED01000049_gene1365,AIED01000049_gene1365,annotation&nbsp;not&nbsp;available,52.6
981223.AIED01000012_gene3758,AIED01000012_gene3758,annotation&nbsp;not&nbsp;available,52.6
981223.AIED01000001_gene1715,AIED01000001_gene1715,annotation&nbsp;not&nbsp;available,52.5
981223.AIED01000009_gene3252,AIED01000009_gene3252,annotation&nbsp;not&nbsp;available,52.5
981223.AIED01000038_gene473,AIED01000038_gene473,annotation&nbsp;not&nbsp;available,52.5
981223.AIED01000008_gene3176,AIED01000008_gene3176,annotation&nbsp;not&nbsp;available,52.5
981223.AIED01000026_gene3554,AIED01000026_gene3554,annotation&nbsp;not&nbsp;available,52.4
981223.AIED01000010_gene1112,AIED01000010_gene1112,annotation&nbsp;not&nbsp;available,52.4
981223.AIED01000005_gene2729,AIED01000005_gene2729,annotation&nbsp;not&nbsp;available,52.4
981223.AIED01000008_gene3177,AIED01000008_gene3177,annotation&nbsp;not&nbsp;available,52.3
981223.AIED01000037_gene3339,AIED01000037_gene3339,annotation&nbsp;not&nbsp;available,52.1
981223.AIED01000048_gene1344,AIED01000048_gene1344,annotation&nbsp;not&nbsp;available,52.1
981223.AIED01000010_gene1166,AIED01000010_gene1166,annotation&nbsp;not&nbsp;available,52.1
981223.AIED01000033_gene2403,AIED01000033_gene2403,annotation&nbsp;not&nbsp;available,52.0
981223.AIED01000001_gene1720,AIED01000001_gene1720,annotation&nbsp;not&nbsp;available,52.0
981223.AIED01000008_gene3171,AIED01000008_gene3171,annotation&nbsp;not&nbsp;available,51.9
981223.AIED01000015_gene1637,AIED01000015_gene1637,annotation&nbsp;not&nbsp;available,51.9
981223.AIED01000030_gene2443,AIED01000030_gene2443,annotation&nbsp;not&nbsp;available,51.9
981223.AIED01000010_gene1136,AIED01000010_gene1136,annotation&nbsp;not&nbsp;available,51.8
981223.AIED01000008_gene3207,AIED01000008_gene3207,annotation&nbsp;not&nbsp;available,51.8
981223.AIED01000009_gene3234,AIED01000009_gene3234,annotation&nbsp;not&nbsp;available,51.8
981223.AIED01000026_gene3518,AIED01000026_gene3518,annotation&nbsp;not&nbsp;available,51.7
981223.AIED01000001_gene1718,AIED01000001_gene1718,annotation&nbsp;not&nbsp;available,51.7
981223.AIED01000016_gene1577,AIED01000016_gene1577,annotation&nbsp;not&nbsp;available,51.6
981223.AIED01000034_gene3004,AIED01000034_gene3004,annotation&nbsp;not&nbsp;available,51.6
981223.AIED01000006_gene3468,AIED01000006_gene3468,annotation&nbsp;not&nbsp;available,51.5
981223.AIED01000015_gene1659,AIED01000015_gene1659,annotation&nbsp;not&nbsp;available,51.4
981223.AIED01000006_gene3422,AIED01000006_gene3422,annotation&nbsp;not&nbsp;available,51.3
981223.AIED01000010_gene1164,AIED01000010_gene1164,annotation&nbsp;not&nbsp;available,51.3
981223.AIED01000011_gene1237,AIED01000011_gene1237,annotation&nbsp;not&nbsp;available,51.3
981223.AIED01000015_gene1685,AIED01000015_gene1685,annotation&nbsp;not&nbsp;available,51.2
981223.AIED01000004_gene2831,AIED01000004_gene2831,annotation&nbsp;not&nbsp;available,51.2
981223.AIED01000023_gene916,AIED01000023_gene916,annotation&nbsp;not&nbsp;available,51.2
981223.AIED01000002_gene1986,AIED01000002_gene1986,annotation&nbsp;not&nbsp;available,51.2
981223.AIED01000010_gene1173,AIED01000010_gene1173,annotation&nbsp;not&nbsp;available,51.1
981223.AIED01000028_gene377,AIED01000028_gene377,annotation&nbsp;not&nbsp;available,51.1
981223.AIED01000014_gene1498,AIED01000014_gene1498,annotation&nbsp;not&nbsp;available,51.0
981223.AIED01000030_gene2481,AIED01000030_gene2481,annotation&nbsp;not&nbsp;available,51.0
981223.AIED01000003_gene2620,AIED01000003_gene2620,annotation&nbsp;not&nbsp;available,51.0
