1217703.F904_03367,rplA,50S&nbsp;ribosomal&nbsp;protein&nbsp;L1,98.9
1217703.F904_02971,F904_02971,annotation&nbsp;not&nbsp;available,98.9
1217703.F904_02264,aroQ,3-dehydroquinate&nbsp;dehydratase,98.9
1217703.F904_02867,F904_02867,annotation&nbsp;not&nbsp;available,98.6
1217703.F904_02632,F904_02632,annotation&nbsp;not&nbsp;available,98.6
1217703.F904_00787,rpmD,annotation&nbsp;not&nbsp;available,98.5
1217703.F904_03190,nuoC,NADH-quinone&nbsp;oxidoreductase&nbsp;subunit&nbsp;C/D,98.5
1217703.F904_02788,F904_02788,annotation&nbsp;not&nbsp;available,98.4
1217703.F904_01702,F904_01702,annotation&nbsp;not&nbsp;available,98.3
1217703.F904_00924,mraY,Phospho-N-acetylmuramoyl-pentapeptide-transferase,98.3
1217703.F904_00105,F904_00105,annotation&nbsp;not&nbsp;available,98.3
1217703.F904_02830,F904_02830,annotation&nbsp;not&nbsp;available,98.3
1217703.F904_02790,F904_02790,annotation&nbsp;not&nbsp;available,98.3
1217703.F904_02419,F904_02419,annotation&nbsp;not&nbsp;available,98.3
1217703.F904_03275,F904_03275,annotation&nbsp;not&nbsp;available,98.2
1217703.F904_01292,rph,Ribonuclease&nbsp;PH,98.2
1217703.F904_01527,F904_01527,Exodeoxyribonuclease&nbsp;7&nbsp;large&nbsp;subunit,98.2
1217703.F904_03179,upp,Uracil&nbsp;phosphoribosyltransferase,98.0
1217703.F904_01553,F904_01553,annotation&nbsp;not&nbsp;available,98.0
1217703.F904_02143,F904_02143,Phospho-2-dehydro-3-deoxyheptonate&nbsp;aldolase,98.0
1217703.F904_00591,F904_00591,annotation&nbsp;not&nbsp;available,98.0
1217703.F904_02541,rplI,50S&nbsp;ribosomal&nbsp;protein&nbsp;L9,98.0
1217703.F904_03336,gluQ,Glutamyl-Q&nbsp;tRNA(Asp)&nbsp;synthetase,97.9
1217703.F904_00848,glyQ,annotation&nbsp;not&nbsp;available,97.9
1217703.F904_02529,F904_02529,annotation&nbsp;not&nbsp;available,97.7
1217703.F904_02586,F904_02586,annotation&nbsp;not&nbsp;available,97.6
1217703.F904_02203,F904_02203,annotation&nbsp;not&nbsp;available,97.5
1217703.F904_03198,F904_03198,annotation&nbsp;not&nbsp;available,97.4
1217703.F904_00256,proB,Glutamate&nbsp;5-kinase,97.4
1217703.F904_00768,F904_00768,annotation&nbsp;not&nbsp;available,97.4
1217703.F904_03188,F904_03188,NADH-quinone&nbsp;oxidoreductase&nbsp;subunit&nbsp;F,97.3
1217703.F904_00343,F904_00343,Uncharacterized&nbsp;protein,97.3
1217703.F904_03441,recB,RecBCD&nbsp;enzyme&nbsp;subunit&nbsp;RecB,97.2
1217703.F904_03665,F904_03665,annotation&nbsp;not&nbsp;available,97.1
1217703.F904_01346,F904_01346,Alanine&nbsp;racemase,97.1
1217703.F904_02631,F904_02631,annotation&nbsp;not&nbsp;available,97.1
1217703.F904_01742,F904_01742,annotation&nbsp;not&nbsp;available,97.0
1217703.F904_03160,metG,Methionine--tRNA&nbsp;ligase,97.0
1217703.F904_03391,fadA,3-ketoacyl-CoA&nbsp;thiolase,97.0
1217703.F904_02534,F904_02534,annotation&nbsp;not&nbsp;available,96.9
1217703.F904_02589,gloB,Hydroxyacylglutathione&nbsp;hydrolase,96.9
1217703.F904_03341,F904_03341,Phosphate-specific&nbsp;transport&nbsp;system&nbsp;accessory&nbsp;protein&nbsp;PhoU,96.7
1217703.F904_01510,F904_01510,annotation&nbsp;not&nbsp;available,96.7
1217703.F904_03038,minC,Probable&nbsp;septum&nbsp;site-determining&nbsp;protein&nbsp;MinC,96.6
1217703.F904_03343,argH,annotation&nbsp;not&nbsp;available,96.6
1217703.F904_00783,rpsM,30S&nbsp;ribosomal&nbsp;protein&nbsp;S13,96.6
1217703.F904_00797,rpmC,annotation&nbsp;not&nbsp;available,96.6
1217703.F904_03637,F904_03637,annotation&nbsp;not&nbsp;available,96.6
1217703.F904_01818,aroA,3-phosphoshikimate&nbsp;1-carboxyvinyltransferase,96.5
1217703.F904_02263,F904_02263,annotation&nbsp;not&nbsp;available,96.5
1217703.F904_00612,F904_00612,Aconitate&nbsp;hydratase,96.4
1217703.F904_00617,F904_00617,annotation&nbsp;not&nbsp;available,96.4
1217703.F904_00964,F904_00964,annotation&nbsp;not&nbsp;available,96.2
1217703.F904_01229,F904_01229,annotation&nbsp;not&nbsp;available,96.2
1217703.F904_03043,F904_03043,annotation&nbsp;not&nbsp;available,96.2
1217703.F904_01568,F904_01568,annotation&nbsp;not&nbsp;available,96.1
1217703.F904_02556,F904_02556,annotation&nbsp;not&nbsp;available,96.1
1217703.F904_03239,F904_03239,Undecaprenyl-diphosphatase,96.0
1217703.F904_01105,F904_01105,annotation&nbsp;not&nbsp;available,95.9
1217703.F904_00701,nagZ,Beta-hexosaminidase,95.8
1217703.F904_02266,F904_02266,annotation&nbsp;not&nbsp;available,95.8
1217703.F904_02390,F904_02390,annotation&nbsp;not&nbsp;available,95.6
1217703.F904_02507,F904_02507,annotation&nbsp;not&nbsp;available,95.5
1217703.F904_00557,himA,Integration&nbsp;host&nbsp;factor&nbsp;subunit&nbsp;alpha,95.5
1217703.F904_02181,F904_02181,Phenylacetate-coenzyme&nbsp;A&nbsp;ligase,95.4
1217703.F904_01495,F904_01495,annotation&nbsp;not&nbsp;available,95.4
1217703.F904_01104,F904_01104,annotation&nbsp;not&nbsp;available,95.3
1217703.F904_01914,F904_01914,annotation&nbsp;not&nbsp;available,95.3
1217703.F904_01253,dnaK,Chaperone&nbsp;protein&nbsp;DnaK,95.3
1217703.F904_02197,F904_02197,annotation&nbsp;not&nbsp;available,95.2
1217703.F904_01143,F904_01143,annotation&nbsp;not&nbsp;available,95.2
1217703.F904_01547,F904_01547,annotation&nbsp;not&nbsp;available,95.2
1217703.F904_02173,F904_02173,annotation&nbsp;not&nbsp;available,95.1
1217703.F904_00309,F904_00309,annotation&nbsp;not&nbsp;available,95.0
1217703.F904_03458,F904_03458,annotation&nbsp;not&nbsp;available,95.0
1217703.F904_00775,F904_00775,annotation&nbsp;not&nbsp;available,95.0
1217703.F904_00515,F904_00515,annotation&nbsp;not&nbsp;available,94.8
1217703.F904_02279,F904_02279,annotation&nbsp;not&nbsp;available,94.8
1217703.F904_00532,F904_00532,annotation&nbsp;not&nbsp;available,94.8
1217703.F904_00639,F904_00639,annotation&nbsp;not&nbsp;available,94.8
1217703.F904_03811,F904_03811,annotation&nbsp;not&nbsp;available,94.8
1217703.F904_02332,F904_02332,annotation&nbsp;not&nbsp;available,94.8
1217703.F904_01330,F904_01330,annotation&nbsp;not&nbsp;available,94.7
1217703.F904_03240,F904_03240,annotation&nbsp;not&nbsp;available,94.7
1217703.F904_03799,F904_03799,Tryptophan&nbsp;synthase&nbsp;beta&nbsp;chain,94.7
1217703.F904_00743,F904_00743,annotation&nbsp;not&nbsp;available,94.7
1217703.F904_03317,F904_03317,annotation&nbsp;not&nbsp;available,94.6
1217703.F904_00912,F904_00912,annotation&nbsp;not&nbsp;available,94.6
1217703.F904_03312,F904_03312,annotation&nbsp;not&nbsp;available,94.6
1217703.F904_02510,F904_02510,annotation&nbsp;not&nbsp;available,94.6
1217703.F904_01303,F904_01303,annotation&nbsp;not&nbsp;available,94.6
1217703.F904_01155,dapA,4-hydroxy-tetrahydrodipicolinate&nbsp;synthase,94.6
1217703.F904_00604,F904_00604,annotation&nbsp;not&nbsp;available,94.5
1217703.F904_03316,F904_03316,annotation&nbsp;not&nbsp;available,94.5
1217703.F904_00810,F904_00810,annotation&nbsp;not&nbsp;available,94.4
1217703.F904_00109,F904_00109,annotation&nbsp;not&nbsp;available,94.4
1217703.F904_03327,F904_03327,annotation&nbsp;not&nbsp;available,94.4
1217703.F904_00002,F904_00002,annotation&nbsp;not&nbsp;available,94.3
1217703.F904_02614,F904_02614,annotation&nbsp;not&nbsp;available,94.3
1217703.F904_01618,F904_01618,annotation&nbsp;not&nbsp;available,94.2
1217703.F904_00389,thiE,Thiamine-phosphate&nbsp;synthase,94.2
1217703.F904_03657,F904_03657,annotation&nbsp;not&nbsp;available,94.1
1217703.F904_02824,F904_02824,annotation&nbsp;not&nbsp;available,94.0
1217703.F904_03519,F904_03519,annotation&nbsp;not&nbsp;available,93.9
1217703.F904_00636,F904_00636,annotation&nbsp;not&nbsp;available,93.8
1217703.F904_03370,rpoB,DNA-directed&nbsp;RNA&nbsp;polymerase&nbsp;subunit&nbsp;beta,93.8
1217703.F904_02190,F904_02190,annotation&nbsp;not&nbsp;available,93.8
1217703.F904_03306,F904_03306,annotation&nbsp;not&nbsp;available,93.8
1217703.F904_01185,ppc,Phosphoenolpyruvate&nbsp;carboxylase,93.7
1217703.F904_03088,F904_03088,annotation&nbsp;not&nbsp;available,93.7
1217703.F904_00554,F904_00554,annotation&nbsp;not&nbsp;available,93.7
1217703.F904_01239,F904_01239,annotation&nbsp;not&nbsp;available,93.7
1217703.F904_01550,F904_01550,annotation&nbsp;not&nbsp;available,93.6
1217703.F904_00962,F904_00962,annotation&nbsp;not&nbsp;available,93.6
1217703.F904_01535,F904_01535,annotation&nbsp;not&nbsp;available,93.6
1217703.F904_00734,tatB,Sec-independent&nbsp;protein&nbsp;translocase&nbsp;protein&nbsp;TatB,93.6
1217703.F904_03849,secF,Protein-export&nbsp;membrane&nbsp;protein&nbsp;SecF,93.5
1217703.F904_03092,F904_03092,annotation&nbsp;not&nbsp;available,93.5
1217703.F904_00242,cysN,Sulfate&nbsp;adenylyltransferase&nbsp;subunit&nbsp;1,93.4
1217703.F904_01121,F904_01121,annotation&nbsp;not&nbsp;available,93.4
1217703.F904_03437,F904_03437,annotation&nbsp;not&nbsp;available,93.2
1217703.F904_03122,F904_03122,annotation&nbsp;not&nbsp;available,93.2
1217703.F904_00789,rplR,50S&nbsp;ribosomal&nbsp;protein&nbsp;L18,93.2
1217703.F904_01067,ftsA,Cell&nbsp;division&nbsp;protein&nbsp;FtsA,93.2
1217703.F904_02394,F904_02394,annotation&nbsp;not&nbsp;available,93.1
1217703.F904_00705,ackA,Acetate&nbsp;kinase,93.1
1217703.F904_01320,pgi,annotation&nbsp;not&nbsp;available,93.1
1217703.F904_02544,F904_02544,Alanine&nbsp;racemase,93.0
1217703.F904_03867,F904_03867,annotation&nbsp;not&nbsp;available,92.9
1217703.F904_02226,F904_02226,Sulfurtransferase,92.9
1217703.F904_01125,F904_01125,annotation&nbsp;not&nbsp;available,92.9
1217703.F904_03617,F904_03617,annotation&nbsp;not&nbsp;available,92.9
1217703.F904_03544,rpmB,annotation&nbsp;not&nbsp;available,92.9
1217703.F904_03224,nadA,Quinolinate&nbsp;synthase&nbsp;A,92.8
1217703.F904_02222,F904_02222,annotation&nbsp;not&nbsp;available,92.6
1217703.F904_00122,F904_00122,annotation&nbsp;not&nbsp;available,92.6
1217703.F904_00642,lptE,LPS-assembly&nbsp;lipoprotein&nbsp;LptE,92.6
1217703.F904_01536,F904_01536,annotation&nbsp;not&nbsp;available,92.6
1217703.F904_00368,F904_00368,annotation&nbsp;not&nbsp;available,92.5
1217703.F904_01350,F904_01350,annotation&nbsp;not&nbsp;available,92.4
1217703.F904_03123,F904_03123,annotation&nbsp;not&nbsp;available,92.3
1217703.F904_00530,F904_00530,annotation&nbsp;not&nbsp;available,92.3
1217703.F904_00102,F904_00102,annotation&nbsp;not&nbsp;available,92.2
1217703.F904_01368,guaA,GMP&nbsp;synthase&nbsp;[glutamine-hydrolyzing],92.2
1217703.F904_02521,mutL,DNA&nbsp;mismatch&nbsp;repair&nbsp;protein&nbsp;MutL,92.0
1217703.F904_00247,lysS,annotation&nbsp;not&nbsp;available,92.0
1217703.F904_03876,F904_03876,annotation&nbsp;not&nbsp;available,92.0
1217703.F904_00285,trpD,Anthranilate&nbsp;phosphoribosyltransferase,92.0
1217703.F904_03448,F904_03448,annotation&nbsp;not&nbsp;available,92.0
1217703.F904_00898,rpoZ,DNA-directed&nbsp;RNA&nbsp;polymerase&nbsp;subunit&nbsp;omega,91.9
1217703.F904_01876,pyrF,Orotidine&nbsp;5'-phosphate&nbsp;decarboxylase,91.9
1217703.F904_01355,F904_01355,annotation&nbsp;not&nbsp;available,91.9
1217703.F904_00293,folE,annotation&nbsp;not&nbsp;available,91.9
1217703.F904_03573,F904_03573,annotation&nbsp;not&nbsp;available,91.8
1217703.F904_00388,hemL,annotation&nbsp;not&nbsp;available,91.8
1217703.F904_00516,F904_00516,annotation&nbsp;not&nbsp;available,91.7
1217703.F904_03790,accD,Acetyl-coenzyme&nbsp;A&nbsp;carboxylase&nbsp;carboxyl&nbsp;transferase&nbsp;subunit&nbsp;beta,91.6
1217703.F904_01804,F904_01804,annotation&nbsp;not&nbsp;available,91.5
1217703.F904_00838,aroE,Shikimate&nbsp;dehydrogenase&nbsp;(NADP(+)),91.5
1217703.F904_01754,F904_01754,annotation&nbsp;not&nbsp;available,91.5
1217703.F904_01301,F904_01301,annotation&nbsp;not&nbsp;available,91.4
1217703.F904_02846,F904_02846,annotation&nbsp;not&nbsp;available,91.4
1217703.F904_00948,F904_00948,annotation&nbsp;not&nbsp;available,91.4
1217703.F904_03805,F904_03805,annotation&nbsp;not&nbsp;available,91.4
1217703.F904_02076,F904_02076,annotation&nbsp;not&nbsp;available,91.3
1217703.F904_01729,F904_01729,annotation&nbsp;not&nbsp;available,91.1
1217703.F904_03182,F904_03182,annotation&nbsp;not&nbsp;available,91.0
1217703.F904_00559,pheS,annotation&nbsp;not&nbsp;available,91.0
1217703.F904_01748,F904_01748,annotation&nbsp;not&nbsp;available,90.9
1217703.F904_00584,F904_00584,annotation&nbsp;not&nbsp;available,90.8
1217703.F904_01947,eno,Enolase,90.7
1217703.F904_00587,F904_00587,Uncharacterized&nbsp;protein,90.7
1217703.F904_01964,F904_01964,annotation&nbsp;not&nbsp;available,90.6
1217703.F904_02888,F904_02888,annotation&nbsp;not&nbsp;available,90.6
1217703.F904_03055,F904_03055,annotation&nbsp;not&nbsp;available,90.5
1217703.F904_01191,fmt,Methionyl-tRNA&nbsp;formyltransferase,90.4
1217703.F904_03233,F904_03233,annotation&nbsp;not&nbsp;available,90.4
1217703.F904_01377,F904_01377,annotation&nbsp;not&nbsp;available,90.4
1217703.F904_01190,ilvD,annotation&nbsp;not&nbsp;available,90.2
1217703.F904_02069,F904_02069,Polyphosphate&nbsp;kinase,90.2
1217703.F904_00957,F904_00957,annotation&nbsp;not&nbsp;available,90.0
1217703.F904_02550,F904_02550,annotation&nbsp;not&nbsp;available,90.0
1217703.F904_00834,ribA,GTP&nbsp;cyclohydrolase-2,90.0
1217703.F904_02610,F904_02610,L-aspartate&nbsp;oxidase,89.9
1217703.F904_03006,F904_03006,annotation&nbsp;not&nbsp;available,89.9
1217703.F904_02876,F904_02876,annotation&nbsp;not&nbsp;available,89.9
1217703.F904_03585,F904_03585,Dihydrolipoyllysine-residue&nbsp;succinyltransferase&nbsp;component&nbsp;of&nbsp;2-oxoglutarate&nbsp;dehydrogenase&nbsp;complex,89.9
1217703.F904_00169,F904_00169,annotation&nbsp;not&nbsp;available,89.9
1217703.F904_03331,F904_03331,annotation&nbsp;not&nbsp;available,89.9
1217703.F904_00826,F904_00826,annotation&nbsp;not&nbsp;available,89.8
1217703.F904_03543,rpmG,annotation&nbsp;not&nbsp;available,89.8
1217703.F904_00070,mnmA,tRNA-specific&nbsp;2-thiouridylase&nbsp;MnmA,89.8
1217703.F904_03791,trpA,Tryptophan&nbsp;synthase&nbsp;alpha&nbsp;chain,89.7
1217703.F904_02039,F904_02039,annotation&nbsp;not&nbsp;available,89.7
1217703.F904_01146,ribH,"6,7-dimethyl-8-ribityllumazine&nbsp;synthase",89.6
1217703.F904_03307,F904_03307,annotation&nbsp;not&nbsp;available,89.6
1217703.F904_02826,F904_02826,annotation&nbsp;not&nbsp;available,89.6
1217703.F904_02552,purA,Adenylosuccinate&nbsp;synthetase,89.5
1217703.F904_03338,cpdA,"3',5'-cyclic&nbsp;adenosine&nbsp;monophosphate&nbsp;phosphodiesterase&nbsp;CpdA",89.5
1217703.F904_00142,F904_00142,annotation&nbsp;not&nbsp;available,89.2
1217703.F904_00951,F904_00951,annotation&nbsp;not&nbsp;available,89.1
1217703.F904_02062,F904_02062,annotation&nbsp;not&nbsp;available,89.0
1217703.F904_02392,F904_02392,annotation&nbsp;not&nbsp;available,88.9
1217703.F904_01352,F904_01352,annotation&nbsp;not&nbsp;available,88.6
1217703.F904_00552,accA,Acetyl-coenzyme&nbsp;A&nbsp;carboxylase&nbsp;carboxyl&nbsp;transferase&nbsp;subunit&nbsp;alpha,88.6
1217703.F904_00779,rplQ,annotation&nbsp;not&nbsp;available,88.5
1217703.F904_02618,F904_02618,annotation&nbsp;not&nbsp;available,88.5
1217703.F904_01759,prfA,Peptide&nbsp;chain&nbsp;release&nbsp;factor&nbsp;1,88.5
1217703.F904_00902,F904_00902,Bacterioferritin,88.3
1217703.F904_03032,F904_03032,annotation&nbsp;not&nbsp;available,88.3
1217703.F904_03772,F904_03772,annotation&nbsp;not&nbsp;available,88.3
1217703.F904_03197,F904_03197,annotation&nbsp;not&nbsp;available,88.3
1217703.F904_02278,F904_02278,annotation&nbsp;not&nbsp;available,88.2
1217703.F904_02906,F904_02906,annotation&nbsp;not&nbsp;available,88.2
1217703.F904_01314,F904_01314,annotation&nbsp;not&nbsp;available,88.1
1217703.F904_01327,F904_01327,annotation&nbsp;not&nbsp;available,88.1
1217703.F904_02016,F904_02016,annotation&nbsp;not&nbsp;available,88.0
1217703.F904_02463,F904_02463,annotation&nbsp;not&nbsp;available,87.9
1217703.F904_01238,F904_01238,annotation&nbsp;not&nbsp;available,87.9
1217703.F904_03508,leuC,3-isopropylmalate&nbsp;dehydratase&nbsp;large&nbsp;subunit,87.8
1217703.F904_00803,rplW,50S&nbsp;ribosomal&nbsp;protein&nbsp;L23,87.8
1217703.F904_03181,F904_03181,annotation&nbsp;not&nbsp;available,87.8
1217703.F904_02515,F904_02515,annotation&nbsp;not&nbsp;available,87.7
1217703.F904_01813,F904_01813,annotation&nbsp;not&nbsp;available,87.6
1217703.F904_01244,purE,N5-carboxyaminoimidazole&nbsp;ribonucleotide&nbsp;mutase,87.5
1217703.F904_02420,F904_02420,annotation&nbsp;not&nbsp;available,87.5
1217703.F904_01671,F904_01671,annotation&nbsp;not&nbsp;available,87.4
1217703.F904_03053,rpsL,30S&nbsp;ribosomal&nbsp;protein&nbsp;S12,87.4
1217703.F904_02773,glsA,annotation&nbsp;not&nbsp;available,87.4
1217703.F904_01029,F904_01029,Aminopyrimidine&nbsp;aminohydrolase,87.3
1217703.F904_00459,F904_00459,annotation&nbsp;not&nbsp;available,87.3
1217703.F904_01404,F904_01404,Peptide&nbsp;deformylase,87.2
1217703.F904_03610,cysG,Siroheme&nbsp;synthase,87.2
1217703.F904_02150,F904_02150,annotation&nbsp;not&nbsp;available,87.1
1217703.F904_00781,rpsD,30S&nbsp;ribosomal&nbsp;protein&nbsp;S4,86.9
1217703.F904_00359,F904_00359,annotation&nbsp;not&nbsp;available,86.8
1217703.F904_02201,fabZ,3-hydroxyacyl-[acyl-carrier-protein]&nbsp;dehydratase&nbsp;FabZ,86.7
1217703.F904_01041,F904_01041,annotation&nbsp;not&nbsp;available,86.7
1217703.F904_00915,aroB,3-dehydroquinate&nbsp;synthase,86.6
1217703.F904_02594,F904_02594,annotation&nbsp;not&nbsp;available,86.6
1217703.F904_01717,F904_01717,annotation&nbsp;not&nbsp;available,86.5
1217703.F904_00643,F904_00643,annotation&nbsp;not&nbsp;available,86.3
1217703.F904_00616,prfC,Peptide&nbsp;chain&nbsp;release&nbsp;factor&nbsp;3,86.3
1217703.F904_03866,F904_03866,Acyl&nbsp;carrier&nbsp;protein,86.2
1217703.F904_01810,nadK,NAD&nbsp;kinase,86.2
1217703.F904_03236,F904_03236,S-formylglutathione&nbsp;hydrolase,86.1
1217703.F904_01044,acsA,Acetyl-coenzyme&nbsp;A&nbsp;synthetase,86.0
1217703.F904_01694,F904_01694,annotation&nbsp;not&nbsp;available,86.0
1217703.F904_02639,ruvB,Holliday&nbsp;junction&nbsp;ATP-dependent&nbsp;DNA&nbsp;helicase&nbsp;RuvB,85.8
1217703.F904_00420,F904_00420,Polyphosphate&nbsp;kinase,85.8
1217703.F904_02638,ruvA,Holliday&nbsp;junction&nbsp;ATP-dependent&nbsp;DNA&nbsp;helicase&nbsp;RuvA,85.7
1217703.F904_03364,secE,Protein&nbsp;translocase&nbsp;subunit&nbsp;SecE,85.7
1217703.F904_02430,F904_02430,Undecaprenyl-diphosphatase,85.7
1217703.F904_01869,cmk,annotation&nbsp;not&nbsp;available,85.6
1217703.F904_01755,F904_01755,annotation&nbsp;not&nbsp;available,85.6
1217703.F904_01837,rpoH,annotation&nbsp;not&nbsp;available,85.5
1217703.F904_02533,F904_02533,annotation&nbsp;not&nbsp;available,85.4
1217703.F904_03591,F904_03591,annotation&nbsp;not&nbsp;available,85.2
1217703.F904_00650,F904_00650,annotation&nbsp;not&nbsp;available,85.2
1217703.F904_03670,F904_03670,annotation&nbsp;not&nbsp;available,85.2
1217703.F904_00678,F904_00678,annotation&nbsp;not&nbsp;available,85.2
1217703.F904_01683,F904_01683,annotation&nbsp;not&nbsp;available,85.1
1217703.F904_00970,hisH,Imidazole&nbsp;glycerol&nbsp;phosphate&nbsp;synthase&nbsp;subunit&nbsp;HisH,85.1
1217703.F904_00882,rpsP,annotation&nbsp;not&nbsp;available,85.1
1217703.F904_02357,F904_02357,Transketolase,85.0
1217703.F904_00357,F904_00357,annotation&nbsp;not&nbsp;available,84.5
1217703.F904_02659,purN,Phosphoribosylglycinamide&nbsp;formyltransferase,84.4
1217703.F904_02191,F904_02191,annotation&nbsp;not&nbsp;available,84.3
1217703.F904_01429,F904_01429,annotation&nbsp;not&nbsp;available,84.3
1217703.F904_02188,F904_02188,annotation&nbsp;not&nbsp;available,84.2
1217703.F904_00301,pyrC,Dihydroorotase,84.1
1217703.F904_02509,F904_02509,annotation&nbsp;not&nbsp;available,84.0
1217703.F904_00366,F904_00366,annotation&nbsp;not&nbsp;available,83.8
1217703.F904_03555,thyA,Thymidylate&nbsp;synthase,83.6
1217703.F904_03208,mqo,annotation&nbsp;not&nbsp;available,83.5
1217703.F904_01727,F904_01727,annotation&nbsp;not&nbsp;available,83.5
1217703.F904_00312,F904_00312,annotation&nbsp;not&nbsp;available,83.5
1217703.F904_03345,F904_03345,annotation&nbsp;not&nbsp;available,83.2
1217703.F904_00358,F904_00358,Phosphate&nbsp;transport&nbsp;system&nbsp;permease&nbsp;protein,83.2
1217703.F904_02585,F904_02585,Methionine&nbsp;import&nbsp;ATP-binding&nbsp;protein&nbsp;MetN,83.2
1217703.F904_03590,F904_03590,annotation&nbsp;not&nbsp;available,83.2
1217703.F904_02462,F904_02462,annotation&nbsp;not&nbsp;available,83.1
1217703.F904_00547,polA,DNA&nbsp;polymerase&nbsp;I,83.1
1217703.F904_01972,F904_01972,2-dehydropantoate&nbsp;2-reductase,83.1
1217703.F904_03141,ffh,Signal&nbsp;recognition&nbsp;particle&nbsp;protein,83.0
1217703.F904_02456,F904_02456,annotation&nbsp;not&nbsp;available,83.0
1217703.F904_03690,gatC,Aspartyl/glutamyl-tRNA(Asn/Gln)&nbsp;amidotransferase&nbsp;subunit&nbsp;C,83.0
1217703.F904_02474,F904_02474,Iron-sulfur&nbsp;cluster&nbsp;assembly&nbsp;scaffold&nbsp;protein&nbsp;IscU,82.9
1217703.F904_00706,F904_00706,Phosphate&nbsp;acetyltransferase,82.9
1217703.F904_01649,F904_01649,annotation&nbsp;not&nbsp;available,82.9
1217703.F904_01102,F904_01102,annotation&nbsp;not&nbsp;available,82.9
1217703.F904_03455,F904_03455,annotation&nbsp;not&nbsp;available,82.7
1217703.F904_03065,F904_03065,annotation&nbsp;not&nbsp;available,82.7
1217703.F904_02619,cysA,Sulfate/thiosulfate&nbsp;import&nbsp;ATP-binding&nbsp;protein&nbsp;CysA,82.7
1217703.F904_01408,F904_01408,annotation&nbsp;not&nbsp;available,82.6
1217703.F904_03832,F904_03832,annotation&nbsp;not&nbsp;available,82.6
1217703.F904_02785,F904_02785,annotation&nbsp;not&nbsp;available,82.6
1217703.F904_02457,rpsT,30S&nbsp;ribosomal&nbsp;protein&nbsp;S20,82.5
1217703.F904_02908,F904_02908,annotation&nbsp;not&nbsp;available,82.5
1217703.F904_03647,F904_03647,annotation&nbsp;not&nbsp;available,82.5
1217703.F904_01675,F904_01675,annotation&nbsp;not&nbsp;available,82.4
1217703.F904_00804,rplD,50S&nbsp;ribosomal&nbsp;protein&nbsp;L4,82.4
1217703.F904_02665,F904_02665,annotation&nbsp;not&nbsp;available,82.3
1217703.F904_02026,F904_02026,annotation&nbsp;not&nbsp;available,82.3
1217703.F904_03727,F904_03727,annotation&nbsp;not&nbsp;available,82.2
1217703.F904_00300,F904_00300,annotation&nbsp;not&nbsp;available,82.2
1217703.F904_03355,F904_03355,annotation&nbsp;not&nbsp;available,82.2
1217703.F904_03284,F904_03284,annotation&nbsp;not&nbsp;available,82.0
1217703.F904_01904,ftsY,Signal&nbsp;recognition&nbsp;particle&nbsp;receptor&nbsp;FtsY,82.0
1217703.F904_00403,F904_00403,Sensor&nbsp;protein,82.0
1217703.F904_00440,groL,60&nbsp;kDa&nbsp;chaperonin,81.9
1217703.F904_03205,F904_03205,annotation&nbsp;not&nbsp;available,81.8
1217703.F904_03489,F904_03489,annotation&nbsp;not&nbsp;available,81.8
1217703.F904_03678,kdpA,Potassium-transporting&nbsp;ATPase&nbsp;potassium-binding&nbsp;subunit,81.8
1217703.F904_02302,dnaX,DNA&nbsp;polymerase&nbsp;III&nbsp;subunit&nbsp;gamma/tau,81.7
1217703.F904_03557,xpt,Xanthine&nbsp;phosphoribosyltransferase,81.7
1217703.F904_03491,F904_03491,annotation&nbsp;not&nbsp;available,81.6
1217703.F904_00802,rplB,50S&nbsp;ribosomal&nbsp;protein&nbsp;L2,81.6
1217703.F904_00788,rpsE,30S&nbsp;ribosomal&nbsp;protein&nbsp;S5,81.6
1217703.F904_01034,uvrA,UvrABC&nbsp;system&nbsp;protein&nbsp;A,81.4
1217703.F904_03133,smc,Chromosome&nbsp;partition&nbsp;protein&nbsp;Smc,81.4
1217703.F904_03584,F904_03584,annotation&nbsp;not&nbsp;available,81.4
1217703.F904_01586,F904_01586,annotation&nbsp;not&nbsp;available,81.4
1217703.F904_03621,F904_03621,annotation&nbsp;not&nbsp;available,81.3
1217703.F904_00786,rplO,50S&nbsp;ribosomal&nbsp;protein&nbsp;L15,81.3
1217703.F904_02389,F904_02389,annotation&nbsp;not&nbsp;available,81.2
1217703.F904_00731,F904_00731,dITP/XTP&nbsp;pyrophosphatase,81.0
1217703.F904_03251,hisC,annotation&nbsp;not&nbsp;available,80.9
1217703.F904_01136,F904_01136,annotation&nbsp;not&nbsp;available,80.9
1217703.F904_02569,F904_02569,annotation&nbsp;not&nbsp;available,80.9
1217703.F904_00399,F904_00399,annotation&nbsp;not&nbsp;available,80.9
1217703.F904_00419,F904_00419,annotation&nbsp;not&nbsp;available,80.8
1217703.F904_03412,tpiA,Triosephosphate&nbsp;isomerase,80.8
1217703.F904_00996,F904_00996,annotation&nbsp;not&nbsp;available,80.7
1217703.F904_01254,grpE,Protein&nbsp;GrpE,80.7
1217703.F904_00759,rnr,Ribonuclease&nbsp;R,80.6
1217703.F904_00171,F904_00171,annotation&nbsp;not&nbsp;available,80.5
1217703.F904_01996,F904_01996,Sensor&nbsp;protein,80.5
1217703.F904_02370,ruvC,Crossover&nbsp;junction&nbsp;endodeoxyribonuclease&nbsp;RuvC,80.4
1217703.F904_02516,F904_02516,annotation&nbsp;not&nbsp;available,80.4
1217703.F904_03131,ligA,DNA&nbsp;ligase,80.3
1217703.F904_03588,F904_03588,annotation&nbsp;not&nbsp;available,80.3
1217703.F904_03712,F904_03712,annotation&nbsp;not&nbsp;available,80.3
1217703.F904_00801,rpsS,30S&nbsp;ribosomal&nbsp;protein&nbsp;S19,80.3
1217703.F904_01913,F904_01913,annotation&nbsp;not&nbsp;available,80.3
1217703.F904_02786,F904_02786,annotation&nbsp;not&nbsp;available,80.2
1217703.F904_01620,F904_01620,annotation&nbsp;not&nbsp;available,80.1
1217703.F904_00805,rplC,50S&nbsp;ribosomal&nbsp;protein&nbsp;L3,80.1
1217703.F904_01783,F904_01783,annotation&nbsp;not&nbsp;available,80.0
1217703.F904_01387,atpE,ATP&nbsp;synthase&nbsp;subunit&nbsp;c,80.0
1217703.F904_02473,iscS,Cysteine&nbsp;desulfurase&nbsp;IscS,79.9
1217703.F904_03848,secD,Protein&nbsp;translocase&nbsp;subunit&nbsp;SecD,79.7
1217703.F904_03636,F904_03636,annotation&nbsp;not&nbsp;available,79.6
1217703.F904_00713,clpX,ATP-dependent&nbsp;Clp&nbsp;protease&nbsp;ATP-binding&nbsp;subunit&nbsp;ClpX,79.4
1217703.F904_01378,argS,annotation&nbsp;not&nbsp;available,79.4
1217703.F904_01925,ilvA,L-threonine&nbsp;dehydratase,79.3
1217703.F904_01415,F904_01415,annotation&nbsp;not&nbsp;available,79.2
1217703.F904_00402,F904_00402,annotation&nbsp;not&nbsp;available,79.2
1217703.F904_01225,mnmE,tRNA&nbsp;modification&nbsp;GTPase&nbsp;MnmE,79.2
1217703.F904_00052,rpmE,50S&nbsp;ribosomal&nbsp;protein&nbsp;L31,79.1
1217703.F904_03783,secA,Protein&nbsp;translocase&nbsp;subunit&nbsp;SecA,79.1
1217703.F904_02219,F904_02219,annotation&nbsp;not&nbsp;available,79.1
1217703.F904_01345,dadA,D-amino&nbsp;acid&nbsp;dehydrogenase,79.1
1217703.F904_00590,F904_00590,annotation&nbsp;not&nbsp;available,79.1
1217703.F904_01807,F904_01807,annotation&nbsp;not&nbsp;available,78.9
1217703.F904_03314,F904_03314,annotation&nbsp;not&nbsp;available,78.8
1217703.F904_03028,F904_03028,annotation&nbsp;not&nbsp;available,78.8
1217703.F904_01988,F904_01988,annotation&nbsp;not&nbsp;available,78.8
1217703.F904_01965,F904_01965,annotation&nbsp;not&nbsp;available,78.8
1217703.F904_02617,F904_02617,annotation&nbsp;not&nbsp;available,78.8
1217703.F904_02844,F904_02844,annotation&nbsp;not&nbsp;available,78.7
1217703.F904_03674,F904_03674,annotation&nbsp;not&nbsp;available,78.6
1217703.F904_01898,F904_01898,annotation&nbsp;not&nbsp;available,78.5
1217703.F904_03676,kdpC,Potassium-transporting&nbsp;ATPase&nbsp;KdpC&nbsp;subunit,78.4
1217703.F904_02822,F904_02822,annotation&nbsp;not&nbsp;available,78.4
1217703.F904_01391,atpG,ATP&nbsp;synthase&nbsp;gamma&nbsp;chain,78.3
1217703.F904_03691,gatA,Glutamyl-tRNA(Gln)&nbsp;amidotransferase&nbsp;subunit&nbsp;A,78.3
1217703.F904_02921,F904_02921,annotation&nbsp;not&nbsp;available,78.2
1217703.F904_00580,panB,3-methyl-2-oxobutanoate&nbsp;hydroxymethyltransferase,78.0
1217703.F904_03892,F904_03892,annotation&nbsp;not&nbsp;available,78.0
1217703.F904_00799,rpsC,30S&nbsp;ribosomal&nbsp;protein&nbsp;S3,78.0
1217703.F904_02683,F904_02683,annotation&nbsp;not&nbsp;available,78.0
1217703.F904_03589,F904_03589,Succinate&nbsp;dehydrogenase&nbsp;hydrophobic&nbsp;membrane&nbsp;anchor&nbsp;subunit,77.9
1217703.F904_03326,F904_03326,Threonine&nbsp;synthase,77.9
1217703.F904_01883,glcB,Malate&nbsp;synthase&nbsp;G,77.9
1217703.F904_02796,F904_02796,annotation&nbsp;not&nbsp;available,77.8
1217703.F904_03604,F904_03604,annotation&nbsp;not&nbsp;available,77.7
1217703.F904_03250,F904_03250,annotation&nbsp;not&nbsp;available,77.7
1217703.F904_00926,murE,"UDP-N-acetylmuramoyl-L-alanyl-D-glutamate--2,6-diaminopimelate&nbsp;ligase",77.7
1217703.F904_02213,F904_02213,annotation&nbsp;not&nbsp;available,77.6
1217703.F904_01157,purC,annotation&nbsp;not&nbsp;available,77.6
1217703.F904_00796,rpsQ,30S&nbsp;ribosomal&nbsp;protein&nbsp;S17,77.6
1217703.F904_01817,F904_01817,annotation&nbsp;not&nbsp;available,77.6
1217703.F904_00792,rpsN,30S&nbsp;ribosomal&nbsp;protein&nbsp;S14,77.6
1217703.F904_01224,yidC,Membrane&nbsp;protein&nbsp;insertase&nbsp;YidC,77.5
1217703.F904_02268,F904_02268,annotation&nbsp;not&nbsp;available,77.4
1217703.F904_00704,proA,Gamma-glutamyl&nbsp;phosphate&nbsp;reductase,77.4
1217703.F904_02829,F904_02829,annotation&nbsp;not&nbsp;available,77.4
1217703.F904_02094,F904_02094,annotation&nbsp;not&nbsp;available,77.4
1217703.F904_00593,F904_00593,annotation&nbsp;not&nbsp;available,77.3
1217703.F904_03052,rpsG,30S&nbsp;ribosomal&nbsp;protein&nbsp;S7,77.2
1217703.F904_01388,atpF,ATP&nbsp;synthase&nbsp;subunit&nbsp;b,77.1
1217703.F904_02882,F904_02882,annotation&nbsp;not&nbsp;available,76.9
1217703.F904_03354,F904_03354,annotation&nbsp;not&nbsp;available,76.9
1217703.F904_03833,F904_03833,annotation&nbsp;not&nbsp;available,76.9
1217703.F904_02004,F904_02004,annotation&nbsp;not&nbsp;available,76.9
1217703.F904_02792,F904_02792,annotation&nbsp;not&nbsp;available,76.8
1217703.F904_01395,F904_01395,annotation&nbsp;not&nbsp;available,76.8
1217703.F904_02539,rpsF,30S&nbsp;ribosomal&nbsp;protein&nbsp;S6,76.7
1217703.F904_02300,F904_02300,annotation&nbsp;not&nbsp;available,76.6
1217703.F904_00794,rplX,50S&nbsp;ribosomal&nbsp;protein&nbsp;L24,76.5
1217703.F904_03643,F904_03643,annotation&nbsp;not&nbsp;available,76.5
1217703.F904_02648,fbp,annotation&nbsp;not&nbsp;available,76.5
1217703.F904_02258,F904_02258,annotation&nbsp;not&nbsp;available,76.4
1217703.F904_03887,rpsI,annotation&nbsp;not&nbsp;available,76.4
1217703.F904_01329,prpB,2-methylisocitrate&nbsp;lyase,76.4
1217703.F904_03633,F904_03633,annotation&nbsp;not&nbsp;available,76.3
1217703.F904_00281,F904_00281,annotation&nbsp;not&nbsp;available,76.3
1217703.F904_00735,tatC,Sec-independent&nbsp;protein&nbsp;translocase&nbsp;protein&nbsp;TatC,76.3
1217703.F904_03087,F904_03087,annotation&nbsp;not&nbsp;available,76.2
1217703.F904_01621,aroD,3-dehydroquinate&nbsp;dehydratase,76.1
1217703.F904_03392,F904_03392,Fatty&nbsp;acid&nbsp;oxidation&nbsp;complex&nbsp;subunit&nbsp;alpha,76.1
1217703.F904_03855,F904_03855,annotation&nbsp;not&nbsp;available,76.0
1217703.F904_00001,F904_00001,annotation&nbsp;not&nbsp;available,75.9
1217703.F904_00037,argG,annotation&nbsp;not&nbsp;available,75.9
1217703.F904_03369,rplL,50S&nbsp;ribosomal&nbsp;protein&nbsp;L7/L12,75.8
1217703.F904_00322,F904_00322,annotation&nbsp;not&nbsp;available,75.8
1217703.F904_03675,F904_03675,annotation&nbsp;not&nbsp;available,75.7
1217703.F904_02281,F904_02281,annotation&nbsp;not&nbsp;available,75.7
1217703.F904_02591,ahcY,Adenosylhomocysteinase,75.6
1217703.F904_02330,gcvH,Glycine&nbsp;cleavage&nbsp;system&nbsp;H&nbsp;protein,75.6
1217703.F904_03252,hisD,Histidinol&nbsp;dehydrogenase,75.6
1217703.F904_00784,F904_00784,annotation&nbsp;not&nbsp;available,75.6
1217703.F904_02196,F904_02196,annotation&nbsp;not&nbsp;available,75.6
1217703.F904_01918,F904_01918,annotation&nbsp;not&nbsp;available,75.5
1217703.F904_01219,F904_01219,Beta&nbsp;sliding&nbsp;clamp,75.4
1217703.F904_00927,ftsI,"Peptidoglycan&nbsp;D,D-transpeptidase&nbsp;FtsI",75.3
1217703.F904_02405,F904_02405,annotation&nbsp;not&nbsp;available,75.3
1217703.F904_01062,F904_01062,Pyruvate&nbsp;dehydrogenase&nbsp;E1&nbsp;component,75.2
1217703.F904_01297,F904_01297,annotation&nbsp;not&nbsp;available,75.2
1217703.F904_01382,znuC,Zinc&nbsp;import&nbsp;ATP-binding&nbsp;protein&nbsp;ZnuC,75.2
1217703.F904_00356,pstB,Phosphate&nbsp;import&nbsp;ATP-binding&nbsp;protein&nbsp;PstB,75.2
1217703.F904_03758,F904_03758,annotation&nbsp;not&nbsp;available,75.2
1217703.F904_02202,lpxD,UDP-3-O-acylglucosamine&nbsp;N-acyltransferase,75.1
1217703.F904_01606,F904_01606,annotation&nbsp;not&nbsp;available,75.1
1217703.F904_00302,rnt,Ribonuclease&nbsp;T,75.1
1217703.F904_03185,nuoI,NADH-quinone&nbsp;oxidoreductase&nbsp;subunit&nbsp;I,75.1
1217703.F904_03387,F904_03387,annotation&nbsp;not&nbsp;available,75.0
1217703.F904_00558,pheT,annotation&nbsp;not&nbsp;available,74.9
1217703.F904_00921,F904_00921,annotation&nbsp;not&nbsp;available,74.8
1217703.F904_00441,groS,10&nbsp;kDa&nbsp;chaperonin,74.8
1217703.F904_02540,rpsR,30S&nbsp;ribosomal&nbsp;protein&nbsp;S18,74.7
1217703.F904_00268,F904_00268,annotation&nbsp;not&nbsp;available,74.7
1217703.F904_02723,F904_02723,annotation&nbsp;not&nbsp;available,74.7
1217703.F904_01992,F904_01992,annotation&nbsp;not&nbsp;available,74.7
1217703.F904_03017,sbcD,Nuclease&nbsp;SbcCD&nbsp;subunit&nbsp;D,74.6
1217703.F904_02404,glnD,Bifunctional&nbsp;uridylyltransferase/uridylyl-removing&nbsp;enzyme,74.5
1217703.F904_02531,F904_02531,Phosphoenolpyruvate&nbsp;synthase,74.5
1217703.F904_03214,betB,NAD/NADP-dependent&nbsp;betaine&nbsp;aldehyde&nbsp;dehydrogenase,74.5
1217703.F904_01761,F904_01761,annotation&nbsp;not&nbsp;available,74.5
1217703.F904_03344,F904_03344,annotation&nbsp;not&nbsp;available,74.2
1217703.F904_01156,F904_01156,annotation&nbsp;not&nbsp;available,74.1
1217703.F904_03269,F904_03269,annotation&nbsp;not&nbsp;available,74.1
1217703.F904_03183,nuoK,NADH-quinone&nbsp;oxidoreductase&nbsp;subunit&nbsp;K,74.1
1217703.F904_02119,F904_02119,annotation&nbsp;not&nbsp;available,74.0
1217703.F904_03347,F904_03347,annotation&nbsp;not&nbsp;available,74.0
1217703.F904_02167,F904_02167,annotation&nbsp;not&nbsp;available,74.0
1217703.F904_00524,carA,annotation&nbsp;not&nbsp;available,73.8
1217703.F904_00598,F904_00598,NAD(P)&nbsp;transhydrogenase&nbsp;subunit&nbsp;beta,73.8
1217703.F904_00963,F904_00963,annotation&nbsp;not&nbsp;available,73.7
1217703.F904_00840,F904_00840,annotation&nbsp;not&nbsp;available,73.7
1217703.F904_03746,F904_03746,annotation&nbsp;not&nbsp;available,73.6
1217703.F904_03755,F904_03755,annotation&nbsp;not&nbsp;available,73.6
1217703.F904_03728,F904_03728,annotation&nbsp;not&nbsp;available,73.6
1217703.F904_02612,tmk,Thymidylate&nbsp;kinase,73.5
1217703.F904_02035,F904_02035,annotation&nbsp;not&nbsp;available,73.4
1217703.F904_02164,F904_02164,annotation&nbsp;not&nbsp;available,73.4
1217703.F904_03620,F904_03620,annotation&nbsp;not&nbsp;available,73.3
1217703.F904_00385,rapA,RNA&nbsp;polymerase-associated&nbsp;protein&nbsp;RapA,73.3
1217703.F904_00656,secB,Protein-export&nbsp;protein&nbsp;SecB,73.3
1217703.F904_03726,F904_03726,annotation&nbsp;not&nbsp;available,73.2
1217703.F904_01381,F904_01381,annotation&nbsp;not&nbsp;available,73.2
1217703.F904_01663,F904_01663,annotation&nbsp;not&nbsp;available,73.1
1217703.F904_00095,tsaD,tRNA&nbsp;N6-adenosine&nbsp;threonylcarbamoyltransferase,73.1
1217703.F904_00747,F904_00747,annotation&nbsp;not&nbsp;available,73.1
1217703.F904_01561,F904_01561,annotation&nbsp;not&nbsp;available,73.1
1217703.F904_01779,F904_01779,annotation&nbsp;not&nbsp;available,73.0
1217703.F904_01814,F904_01814,annotation&nbsp;not&nbsp;available,73.0
1217703.F904_03773,F904_03773,annotation&nbsp;not&nbsp;available,72.9
1217703.F904_03090,F904_03090,Acyl&nbsp;carrier&nbsp;protein,72.8
1217703.F904_02103,F904_02103,annotation&nbsp;not&nbsp;available,72.8
1217703.F904_00261,F904_00261,annotation&nbsp;not&nbsp;available,72.7
1217703.F904_01221,rpmH,annotation&nbsp;not&nbsp;available,72.7
1217703.F904_01321,F904_01321,annotation&nbsp;not&nbsp;available,72.7
1217703.F904_00896,ispH,4-hydroxy-3-methylbut-2-enyl&nbsp;diphosphate&nbsp;reductase,72.7
1217703.F904_00599,F904_00599,annotation&nbsp;not&nbsp;available,72.7
1217703.F904_01392,atpD,ATP&nbsp;synthase&nbsp;subunit&nbsp;beta,72.6
1217703.F904_00063,F904_00063,annotation&nbsp;not&nbsp;available,72.6
1217703.F904_01585,F904_01585,annotation&nbsp;not&nbsp;available,72.6
1217703.F904_00722,leuA,2-isopropylmalate&nbsp;synthase,72.6
1217703.F904_01762,F904_01762,annotation&nbsp;not&nbsp;available,72.5
1217703.F904_00791,rpsH,30S&nbsp;ribosomal&nbsp;protein&nbsp;S8,72.5
1217703.F904_00828,F904_00828,annotation&nbsp;not&nbsp;available,72.4
1217703.F904_02496,F904_02496,annotation&nbsp;not&nbsp;available,72.3
1217703.F904_00129,mutS,DNA&nbsp;mismatch&nbsp;repair&nbsp;protein&nbsp;MutS,72.3
1217703.F904_03291,F904_03291,annotation&nbsp;not&nbsp;available,72.3
1217703.F904_02592,F904_02592,annotation&nbsp;not&nbsp;available,72.2
1217703.F904_03192,nuoA,NADH-quinone&nbsp;oxidoreductase&nbsp;subunit&nbsp;A,72.0
1217703.F904_03600,rpoD,RNA&nbsp;polymerase&nbsp;sigma&nbsp;factor&nbsp;RpoD,72.0
1217703.F904_01180,dnaJ,Chaperone&nbsp;protein&nbsp;DnaJ,71.9
1217703.F904_01838,F904_01838,annotation&nbsp;not&nbsp;available,71.8
1217703.F904_03619,F904_03619,annotation&nbsp;not&nbsp;available,71.8
1217703.F904_01496,F904_01496,annotation&nbsp;not&nbsp;available,71.6
1217703.F904_00550,proC,Pyrroline-5-carboxylate&nbsp;reductase,71.6
1217703.F904_00243,cysD,annotation&nbsp;not&nbsp;available,71.6
1217703.F904_00564,rplT,50S&nbsp;ribosomal&nbsp;protein&nbsp;L20,71.5
1217703.F904_01172,F904_01172,annotation&nbsp;not&nbsp;available,71.5
1217703.F904_01040,F904_01040,annotation&nbsp;not&nbsp;available,71.5
1217703.F904_00879,rplS,50S&nbsp;ribosomal&nbsp;protein&nbsp;L19,71.3
1217703.F904_03299,ppa,Inorganic&nbsp;pyrophosphatase,71.2
1217703.F904_00849,glyS,annotation&nbsp;not&nbsp;available,71.1
1217703.F904_01126,F904_01126,annotation&nbsp;not&nbsp;available,71.1
1217703.F904_00213,F904_00213,annotation&nbsp;not&nbsp;available,71.1
1217703.F904_00313,F904_00313,annotation&nbsp;not&nbsp;available,71.1
1217703.F904_03640,F904_03640,annotation&nbsp;not&nbsp;available,71.0
1217703.F904_03357,trpE,Anthranilate&nbsp;synthase&nbsp;component&nbsp;1,71.0
1217703.F904_01279,ssuD,Alkanesulfonate&nbsp;monooxygenase,71.0
1217703.F904_00653,rsgA,Small&nbsp;ribosomal&nbsp;subunit&nbsp;biogenesis&nbsp;GTPase&nbsp;RsgA,71.0
1217703.F904_02442,pgk,annotation&nbsp;not&nbsp;available,70.9
1217703.F904_03285,F904_03285,annotation&nbsp;not&nbsp;available,70.8
1217703.F904_02451,F904_02451,annotation&nbsp;not&nbsp;available,70.8
1217703.F904_00816,plsB,annotation&nbsp;not&nbsp;available,70.8
1217703.F904_03641,F904_03641,annotation&nbsp;not&nbsp;available,70.8
1217703.F904_03622,F904_03622,annotation&nbsp;not&nbsp;available,70.7
1217703.F904_03061,nadE,Glutamine-dependent&nbsp;NAD(+)&nbsp;synthetase,70.7
1217703.F904_03321,F904_03321,annotation&nbsp;not&nbsp;available,70.6
1217703.F904_03547,purU,Formyltetrahydrofolate&nbsp;deformylase,70.6
1217703.F904_01843,lptD,LPS-assembly&nbsp;protein&nbsp;LptD,70.6
1217703.F904_03201,F904_03201,Ribonucleoside-diphosphate&nbsp;reductase&nbsp;subunit&nbsp;beta,70.5
1217703.F904_00993,F904_00993,dGTPase,70.5
1217703.F904_03724,dapE,Succinyl-diaminopimelate&nbsp;desuccinylase,70.4
1217703.F904_01780,F904_01780,annotation&nbsp;not&nbsp;available,70.3
1217703.F904_00264,uvrB,UvrABC&nbsp;system&nbsp;protein&nbsp;B,70.2
1217703.F904_00710,F904_00710,Fumarate&nbsp;hydratase&nbsp;class&nbsp;I,70.2
1217703.F904_03681,F904_03681,annotation&nbsp;not&nbsp;available,70.2
1217703.F904_01962,F904_01962,annotation&nbsp;not&nbsp;available,70.2
1217703.F904_03039,F904_03039,annotation&nbsp;not&nbsp;available,70.1
1217703.F904_00452,folD,Bifunctional&nbsp;protein&nbsp;FolD,70.0
1217703.F904_00646,macB,Macrolide&nbsp;export&nbsp;ATP-binding/permease&nbsp;protein&nbsp;MacB,70.0
1217703.F904_00365,F904_00365,annotation&nbsp;not&nbsp;available,70.0
1217703.F904_01281,F904_01281,annotation&nbsp;not&nbsp;available,70.0
1217703.F904_02184,F904_02184,annotation&nbsp;not&nbsp;available,69.9
1217703.F904_03186,nuoH,NADH-quinone&nbsp;oxidoreductase&nbsp;subunit&nbsp;H,69.9
1217703.F904_02398,F904_02398,annotation&nbsp;not&nbsp;available,69.9
1217703.F904_01932,clpS,ATP-dependent&nbsp;Clp&nbsp;protease&nbsp;adapter&nbsp;protein&nbsp;ClpS,69.8
1217703.F904_03582,sucD,Succinate--CoA&nbsp;ligase&nbsp;[ADP-forming]&nbsp;subunit&nbsp;alpha,69.8
1217703.F904_00446,F904_00446,annotation&nbsp;not&nbsp;available,69.8
1217703.F904_01316,F904_01316,annotation&nbsp;not&nbsp;available,69.8
1217703.F904_01765,F904_01765,annotation&nbsp;not&nbsp;available,69.7
1217703.F904_02010,F904_02010,annotation&nbsp;not&nbsp;available,69.7
1217703.F904_03898,F904_03898,annotation&nbsp;not&nbsp;available,69.7
1217703.F904_00641,leuS,annotation&nbsp;not&nbsp;available,69.6
1217703.F904_02692,F904_02692,annotation&nbsp;not&nbsp;available,69.6
1217703.F904_00808,F904_00808,annotation&nbsp;not&nbsp;available,69.6
1217703.F904_02115,recR,Recombination&nbsp;protein&nbsp;RecR,69.4
1217703.F904_01835,F904_01835,annotation&nbsp;not&nbsp;available,69.3
1217703.F904_03315,pepA,Probable&nbsp;cytosol&nbsp;aminopeptidase,69.2
1217703.F904_01993,F904_01993,annotation&nbsp;not&nbsp;available,69.2
1217703.F904_01669,F904_01669,annotation&nbsp;not&nbsp;available,69.2
1217703.F904_01701,pyrB,annotation&nbsp;not&nbsp;available,69.2
1217703.F904_02186,F904_02186,annotation&nbsp;not&nbsp;available,69.1
1217703.F904_01217,gyrB,DNA&nbsp;gyrase&nbsp;subunit&nbsp;B,68.9
1217703.F904_01501,F904_01501,annotation&nbsp;not&nbsp;available,68.9
1217703.F904_00899,F904_00899,annotation&nbsp;not&nbsp;available,68.8
1217703.F904_00827,F904_00827,annotation&nbsp;not&nbsp;available,68.8
1217703.F904_00573,thrS,Threonine--tRNA&nbsp;ligase,68.8
1217703.F904_01386,atpB,ATP&nbsp;synthase&nbsp;subunit&nbsp;a,68.8
1217703.F904_03356,F904_03356,annotation&nbsp;not&nbsp;available,68.7
1217703.F904_00798,rplP,50S&nbsp;ribosomal&nbsp;protein&nbsp;L16,68.7
1217703.F904_00096,rpsU,annotation&nbsp;not&nbsp;available,68.6
1217703.F904_01777,coq7,"2-nonaprenyl-3-methyl-6-methoxy-1,4-benzoquinol&nbsp;hydroxylase",68.5
1217703.F904_03692,gatB,Aspartyl/glutamyl-tRNA(Asn/Gln)&nbsp;amidotransferase&nbsp;subunit&nbsp;B,68.5
1217703.F904_02899,F904_02899,annotation&nbsp;not&nbsp;available,68.4
1217703.F904_01809,F904_01809,Penicillin-binding&nbsp;protein&nbsp;1B,68.3
1217703.F904_00785,secY,Protein&nbsp;translocase&nbsp;subunit&nbsp;SecY,68.2
1217703.F904_01744,glyA,Serine&nbsp;hydroxymethyltransferase,68.2
1217703.F904_02189,F904_02189,annotation&nbsp;not&nbsp;available,68.2
1217703.F904_03490,F904_03490,annotation&nbsp;not&nbsp;available,68.2
1217703.F904_02235,F904_02235,annotation&nbsp;not&nbsp;available,68.1
1217703.F904_01331,F904_01331,annotation&nbsp;not&nbsp;available,68.1
1217703.F904_02920,F904_02920,annotation&nbsp;not&nbsp;available,68.0
1217703.F904_01945,pyrG,CTP&nbsp;synthase,68.0
1217703.F904_02815,F904_02815,annotation&nbsp;not&nbsp;available,68.0
1217703.F904_02637,F904_02637,annotation&nbsp;not&nbsp;available,67.9
1217703.F904_03909,F904_03909,annotation&nbsp;not&nbsp;available,67.9
1217703.F904_00605,F904_00605,annotation&nbsp;not&nbsp;available,67.8
1217703.F904_00054,F904_00054,Lactoylglutathione&nbsp;lyase,67.7
1217703.F904_00581,F904_00581,annotation&nbsp;not&nbsp;available,67.6
1217703.F904_02481,F904_02481,annotation&nbsp;not&nbsp;available,67.6
1217703.F904_00363,F904_00363,annotation&nbsp;not&nbsp;available,67.5
1217703.F904_03199,F904_03199,Ribonucleoside-diphosphate&nbsp;reductase,67.5
1217703.F904_03517,F904_03517,annotation&nbsp;not&nbsp;available,67.4
1217703.F904_01179,dapB,4-hydroxy-tetrahydrodipicolinate&nbsp;reductase,67.2
1217703.F904_03583,sucC,Succinate--CoA&nbsp;ligase&nbsp;[ADP-forming]&nbsp;subunit&nbsp;beta,67.1
1217703.F904_03424,F904_03424,annotation&nbsp;not&nbsp;available,67.1
1217703.F904_00367,F904_00367,annotation&nbsp;not&nbsp;available,67.0
1217703.F904_00131,F904_00131,Ferredoxin,67.0
1217703.F904_01871,F904_01871,Integration&nbsp;host&nbsp;factor&nbsp;subunit&nbsp;beta,67.0
1217703.F904_02260,F904_02260,annotation&nbsp;not&nbsp;available,66.8
1217703.F904_00774,F904_00774,annotation&nbsp;not&nbsp;available,66.8
1217703.F904_02207,F904_02207,annotation&nbsp;not&nbsp;available,66.7
1217703.F904_03646,F904_03646,annotation&nbsp;not&nbsp;available,66.7
1217703.F904_00800,rplV,50S&nbsp;ribosomal&nbsp;protein&nbsp;L22,66.7
1217703.F904_00719,F904_00719,annotation&nbsp;not&nbsp;available,66.6
1217703.F904_00897,gmk,Guanylate&nbsp;kinase,66.6
1217703.F904_02187,F904_02187,annotation&nbsp;not&nbsp;available,66.6
1217703.F904_01148,thiL,Thiamine-monophosphate&nbsp;kinase,66.4
1217703.F904_03586,F904_03586,annotation&nbsp;not&nbsp;available,66.4
1217703.F904_00958,F904_00958,annotation&nbsp;not&nbsp;available,66.4
1217703.F904_02183,F904_02183,annotation&nbsp;not&nbsp;available,66.4
1217703.F904_02646,F904_02646,annotation&nbsp;not&nbsp;available,66.2
1217703.F904_01648,hutG,Formimidoylglutamase,66.2
1217703.F904_00121,F904_00121,annotation&nbsp;not&nbsp;available,66.2
1217703.F904_02656,F904_02656,annotation&nbsp;not&nbsp;available,66.1
1217703.F904_00066,F904_00066,annotation&nbsp;not&nbsp;available,66.1
1217703.F904_02358,metK,S-adenosylmethionine&nbsp;synthase,66.0
1217703.F904_03189,F904_03189,annotation&nbsp;not&nbsp;available,65.9
1217703.F904_02223,F904_02223,annotation&nbsp;not&nbsp;available,65.9
1217703.F904_00872,F904_00872,annotation&nbsp;not&nbsp;available,65.8
1217703.F904_00790,rplF,50S&nbsp;ribosomal&nbsp;protein&nbsp;L6,65.8
1217703.F904_02265,F904_02265,Biotin&nbsp;carboxyl&nbsp;carrier&nbsp;protein&nbsp;of&nbsp;acetyl-CoA&nbsp;carboxylase,65.8
1217703.F904_00346,adk,Adenylate&nbsp;kinase,65.6
1217703.F904_01245,purK,N5-carboxyaminoimidazole&nbsp;ribonucleotide&nbsp;synthase,65.5
1217703.F904_03568,mdh,Malate&nbsp;dehydrogenase,65.5
1217703.F904_00782,rpsK,30S&nbsp;ribosomal&nbsp;protein&nbsp;S11,65.4
1217703.F904_03225,argJ,Arginine&nbsp;biosynthesis&nbsp;bifunctional&nbsp;protein&nbsp;ArgJ,65.4
1217703.F904_00205,F904_00205,annotation&nbsp;not&nbsp;available,65.4
1217703.F904_01567,F904_01567,annotation&nbsp;not&nbsp;available,65.4
1217703.F904_03334,murD,UDP-N-acetylmuramoylalanine--D-glutamate&nbsp;ligase,65.4
1217703.F904_00324,F904_00324,annotation&nbsp;not&nbsp;available,65.4
1217703.F904_00012,F904_00012,annotation&nbsp;not&nbsp;available,65.3
1217703.F904_00354,F904_00354,annotation&nbsp;not&nbsp;available,65.2
1217703.F904_01619,F904_01619,annotation&nbsp;not&nbsp;available,65.1
1217703.F904_03419,infB,Translation&nbsp;initiation&nbsp;factor&nbsp;IF-2,65.1
1217703.F904_00572,F904_00572,annotation&nbsp;not&nbsp;available,65.1
1217703.F904_00637,ilvC,Ketol-acid&nbsp;reductoisomerase&nbsp;(NADP(+)),65.1
1217703.F904_03403,F904_03403,annotation&nbsp;not&nbsp;available,64.8
1217703.F904_03330,F904_03330,annotation&nbsp;not&nbsp;available,64.8
1217703.F904_03124,F904_03124,annotation&nbsp;not&nbsp;available,64.8
1217703.F904_02415,F904_02415,annotation&nbsp;not&nbsp;available,64.7
1217703.F904_02117,metZ,O-succinylhomoserine&nbsp;sulfhydrylase,64.7
1217703.F904_03007,F904_03007,annotation&nbsp;not&nbsp;available,64.7
1217703.F904_03051,fusA,Elongation&nbsp;factor&nbsp;G,64.4
1217703.F904_03320,F904_03320,annotation&nbsp;not&nbsp;available,64.1
1217703.F904_03442,recD,RecBCD&nbsp;enzyme&nbsp;subunit&nbsp;RecD,64.1
1217703.F904_03642,F904_03642,annotation&nbsp;not&nbsp;available,64.0
1217703.F904_03756,F904_03756,annotation&nbsp;not&nbsp;available,64.0
1217703.F904_02853,F904_02853,annotation&nbsp;not&nbsp;available,63.9
1217703.F904_03688,F904_03688,Cell&nbsp;shape-determining&nbsp;protein&nbsp;MreC,63.8
1217703.F904_00484,F904_00484,annotation&nbsp;not&nbsp;available,63.7
1217703.F904_02178,F904_02178,annotation&nbsp;not&nbsp;available,63.7
1217703.F904_01051,prfB,Peptide&nbsp;chain&nbsp;release&nbsp;factor&nbsp;2,63.7
1217703.F904_01147,nusB,Transcription&nbsp;antitermination&nbsp;protein&nbsp;NusB,63.7
1217703.F904_01145,F904_01145,"3,4-dihydroxy-2-butanone&nbsp;4-phosphate&nbsp;synthase",63.6
1217703.F904_03729,F904_03729,annotation&nbsp;not&nbsp;available,63.5
1217703.F904_01788,F904_01788,annotation&nbsp;not&nbsp;available,63.5
1217703.F904_03881,F904_03881,annotation&nbsp;not&nbsp;available,63.5
1217703.F904_01384,F904_01384,annotation&nbsp;not&nbsp;available,63.4
1217703.F904_02511,F904_02511,annotation&nbsp;not&nbsp;available,63.4
1217703.F904_01176,F904_01176,annotation&nbsp;not&nbsp;available,63.4
1217703.F904_02751,F904_02751,annotation&nbsp;not&nbsp;available,63.3
1217703.F904_03346,hemC,Porphobilinogen&nbsp;deaminase,63.3
1217703.F904_03191,nuoB,NADH-quinone&nbsp;oxidoreductase&nbsp;subunit&nbsp;B,63.3
1217703.F904_02615,F904_02615,annotation&nbsp;not&nbsp;available,63.2
1217703.F904_03033,dut,Deoxyuridine&nbsp;5'-triphosphate&nbsp;nucleotidohydrolase,63.1
1217703.F904_02841,astD,N-succinylglutamate&nbsp;5-semialdehyde&nbsp;dehydrogenase,63.0
1217703.F904_00538,F904_00538,annotation&nbsp;not&nbsp;available,63.0
1217703.F904_00342,F904_00342,annotation&nbsp;not&nbsp;available,63.0
1217703.F904_02595,F904_02595,annotation&nbsp;not&nbsp;available,62.9
1217703.F904_02185,F904_02185,annotation&nbsp;not&nbsp;available,62.9
1217703.F904_03809,F904_03809,annotation&nbsp;not&nbsp;available,62.9
1217703.F904_02601,F904_02601,annotation&nbsp;not&nbsp;available,62.8
1217703.F904_02393,F904_02393,Methionine&nbsp;import&nbsp;ATP-binding&nbsp;protein&nbsp;MetN,62.8
1217703.F904_03031,argB,Acetylglutamate&nbsp;kinase,62.8
1217703.F904_00409,F904_00409,annotation&nbsp;not&nbsp;available,62.7
1217703.F904_00140,F904_00140,annotation&nbsp;not&nbsp;available,62.7
1217703.F904_01751,F904_01751,annotation&nbsp;not&nbsp;available,62.6
1217703.F904_03797,F904_03797,annotation&nbsp;not&nbsp;available,62.5
1217703.F904_00283,F904_00283,annotation&nbsp;not&nbsp;available,62.5
1217703.F904_01526,F904_01526,annotation&nbsp;not&nbsp;available,62.5
1217703.F904_01353,F904_01353,annotation&nbsp;not&nbsp;available,62.4
1217703.F904_02558,F904_02558,annotation&nbsp;not&nbsp;available,62.4
1217703.F904_03217,F904_03217,annotation&nbsp;not&nbsp;available,62.3
1217703.F904_00873,F904_00873,annotation&nbsp;not&nbsp;available,62.2
1217703.F904_00983,thrB,annotation&nbsp;not&nbsp;available,62.2
1217703.F904_01841,F904_01841,annotation&nbsp;not&nbsp;available,62.1
1217703.F904_01195,F904_01195,annotation&nbsp;not&nbsp;available,62.1
1217703.F904_01293,F904_01293,annotation&nbsp;not&nbsp;available,62.1
1217703.F904_01791,F904_01791,annotation&nbsp;not&nbsp;available,62.0
1217703.F904_01390,atpA,ATP&nbsp;synthase&nbsp;subunit&nbsp;alpha,61.9
1217703.F904_00780,rpoA,DNA-directed&nbsp;RNA&nbsp;polymerase&nbsp;subunit&nbsp;alpha,61.9
1217703.F904_02664,lolD,Lipoprotein-releasing&nbsp;system&nbsp;ATP-binding&nbsp;protein&nbsp;LolD,61.8
1217703.F904_01017,F904_01017,annotation&nbsp;not&nbsp;available,61.8
1217703.F904_03426,F904_03426,annotation&nbsp;not&nbsp;available,61.8
1217703.F904_01049,F904_01049,annotation&nbsp;not&nbsp;available,61.7
1217703.F904_03371,rpoC,DNA-directed&nbsp;RNA&nbsp;polymerase&nbsp;subunit&nbsp;beta,61.6
1217703.F904_01866,F904_01866,annotation&nbsp;not&nbsp;available,61.5
1217703.F904_02472,F904_02472,annotation&nbsp;not&nbsp;available,61.5
1217703.F904_02461,F904_02461,annotation&nbsp;not&nbsp;available,61.5
1217703.F904_01282,argA,annotation&nbsp;not&nbsp;available,61.5
1217703.F904_03852,F904_03852,annotation&nbsp;not&nbsp;available,61.5
1217703.F904_02105,F904_02105,annotation&nbsp;not&nbsp;available,61.4
1217703.F904_01490,F904_01490,annotation&nbsp;not&nbsp;available,61.4
1217703.F904_03103,F904_03103,annotation&nbsp;not&nbsp;available,61.3
1217703.F904_00577,F904_00577,annotation&nbsp;not&nbsp;available,61.2
1217703.F904_01533,F904_01533,annotation&nbsp;not&nbsp;available,61.1
1217703.F904_00916,aroK,Shikimate&nbsp;kinase,61.1
1217703.F904_02536,F904_02536,annotation&nbsp;not&nbsp;available,61.1
1217703.F904_00565,rpmI,annotation&nbsp;not&nbsp;available,61.0
1217703.F904_01277,ssuB,Aliphatic&nbsp;sulfonates&nbsp;import&nbsp;ATP-binding&nbsp;protein&nbsp;SsuB,60.9
1217703.F904_03467,F904_03467,annotation&nbsp;not&nbsp;available,60.8
1217703.F904_03616,rplU,50S&nbsp;ribosomal&nbsp;protein&nbsp;L21,60.8
1217703.F904_03545,F904_03545,annotation&nbsp;not&nbsp;available,60.7
1217703.F904_01066,ftsZ,Cell&nbsp;division&nbsp;protein&nbsp;FtsZ,60.7
1217703.F904_03461,F904_03461,annotation&nbsp;not&nbsp;available,60.6
1217703.F904_03150,dcd,annotation&nbsp;not&nbsp;available,60.6
1217703.F904_03509,leuD,3-isopropylmalate&nbsp;dehydratase&nbsp;small&nbsp;subunit,60.5
1217703.F904_00307,F904_00307,annotation&nbsp;not&nbsp;available,60.5
1217703.F904_02821,F904_02821,annotation&nbsp;not&nbsp;available,60.4
1217703.F904_02543,F904_02543,Replicative&nbsp;DNA&nbsp;helicase,60.4
1217703.F904_01039,F904_01039,annotation&nbsp;not&nbsp;available,60.4
1217703.F904_02753,F904_02753,annotation&nbsp;not&nbsp;available,60.3
1217703.F904_00932,gltX,Glutamate--tRNA&nbsp;ligase,60.3
1217703.F904_02465,recA,Protein&nbsp;RecA,60.1
1217703.F904_03864,F904_03864,annotation&nbsp;not&nbsp;available,60.1
1217703.F904_02883,F904_02883,annotation&nbsp;not&nbsp;available,60.1
1217703.F904_01562,F904_01562,annotation&nbsp;not&nbsp;available,60.1
1217703.F904_03005,F904_03005,annotation&nbsp;not&nbsp;available,60.0
1217703.F904_03116,F904_03116,annotation&nbsp;not&nbsp;available,60.0
1217703.F904_01308,F904_01308,annotation&nbsp;not&nbsp;available,60.0
1217703.F904_02204,bamA,Outer&nbsp;membrane&nbsp;protein&nbsp;assembly&nbsp;factor&nbsp;BamA,60.0
1217703.F904_02584,F904_02584,annotation&nbsp;not&nbsp;available,60.0
1217703.F904_03731,F904_03731,annotation&nbsp;not&nbsp;available,60.0
1217703.F904_03901,F904_03901,annotation&nbsp;not&nbsp;available,59.9
1217703.F904_03395,uvrC,UvrABC&nbsp;system&nbsp;protein&nbsp;C,59.9
1217703.F904_01934,F904_01934,annotation&nbsp;not&nbsp;available,59.9
1217703.F904_00829,F904_00829,annotation&nbsp;not&nbsp;available,59.9
1217703.F904_00525,carB,annotation&nbsp;not&nbsp;available,59.9
1217703.F904_02275,F904_02275,annotation&nbsp;not&nbsp;available,59.8
1217703.F904_03413,F904_03413,annotation&nbsp;not&nbsp;available,59.8
1217703.F904_01056,guaB,Inosine-5'-monophosphate&nbsp;dehydrogenase,59.8
1217703.F904_02535,F904_02535,annotation&nbsp;not&nbsp;available,59.8
1217703.F904_03308,nrdR,Transcriptional&nbsp;repressor&nbsp;NrdR,59.8
1217703.F904_01318,F904_01318,annotation&nbsp;not&nbsp;available,59.8
1217703.F904_03180,nuoN,NADH-quinone&nbsp;oxidoreductase&nbsp;subunit&nbsp;N,59.7
1217703.F904_02962,F904_02962,annotation&nbsp;not&nbsp;available,59.7
1217703.F904_02096,F904_02096,annotation&nbsp;not&nbsp;available,59.7
1217703.F904_01271,ileS,Isoleucine--tRNA&nbsp;ligase,59.7
1217703.F904_03440,recC,RecBCD&nbsp;enzyme&nbsp;subunit&nbsp;RecC,59.6
1217703.F904_00806,rpsJ,30S&nbsp;ribosomal&nbsp;protein&nbsp;S10,59.6
1217703.F904_01854,F904_01854,annotation&nbsp;not&nbsp;available,59.6
1217703.F904_01101,F904_01101,annotation&nbsp;not&nbsp;available,59.4
1217703.F904_02417,F904_02417,annotation&nbsp;not&nbsp;available,59.1
1217703.F904_03900,F904_03900,annotation&nbsp;not&nbsp;available,58.9
1217703.F904_00984,hisF,Imidazole&nbsp;glycerol&nbsp;phosphate&nbsp;synthase&nbsp;subunit&nbsp;HisF,58.9
1217703.F904_03079,prs,Ribose-phosphate&nbsp;pyrophosphokinase,58.8
1217703.F904_03587,F904_03587,annotation&nbsp;not&nbsp;available,58.8
1217703.F904_01789,F904_01789,annotation&nbsp;not&nbsp;available,58.7
1217703.F904_03835,ilvE,Branched-chain-amino-acid&nbsp;aminotransferase,58.7
1217703.F904_03071,bamD,Outer&nbsp;membrane&nbsp;protein&nbsp;assembly&nbsp;factor&nbsp;BamD,58.7
1217703.F904_03520,asd,Aspartate-semialdehyde&nbsp;dehydrogenase,58.5
1217703.F904_01091,F904_01091,annotation&nbsp;not&nbsp;available,58.4
1217703.F904_01319,F904_01319,annotation&nbsp;not&nbsp;available,58.2
1217703.F904_02759,F904_02759,annotation&nbsp;not&nbsp;available,58.1
1217703.F904_00807,F904_00807,annotation&nbsp;not&nbsp;available,57.9
1217703.F904_01278,F904_01278,annotation&nbsp;not&nbsp;available,57.9
1217703.F904_00072,F904_00072,annotation&nbsp;not&nbsp;available,57.9
1217703.F904_02195,F904_02195,annotation&nbsp;not&nbsp;available,57.8
1217703.F904_03738,F904_03738,annotation&nbsp;not&nbsp;available,57.8
1217703.F904_03366,rplK,50S&nbsp;ribosomal&nbsp;protein&nbsp;L11,57.7
1217703.F904_02210,pyrH,Uridylate&nbsp;kinase,57.6
1217703.F904_03418,nusA,Transcription&nbsp;termination/antitermination&nbsp;protein&nbsp;NusA,57.6
1217703.F904_00308,F904_00308,annotation&nbsp;not&nbsp;available,57.6
1217703.F904_02735,F904_02735,annotation&nbsp;not&nbsp;available,57.6
1217703.F904_01615,F904_01615,annotation&nbsp;not&nbsp;available,57.5
1217703.F904_02563,F904_02563,Adenine&nbsp;deaminase,57.4
1217703.F904_03730,F904_03730,annotation&nbsp;not&nbsp;available,57.3
1217703.F904_01419,F904_01419,annotation&nbsp;not&nbsp;available,57.2
1217703.F904_01325,lldD,L-lactate&nbsp;dehydrogenase,57.2
1217703.F904_02053,F904_02053,annotation&nbsp;not&nbsp;available,57.2
1217703.F904_03086,F904_03086,"3,4-dihydroxy-2-butanone&nbsp;4-phosphate&nbsp;synthase",57.1
1217703.F904_03569,F904_03569,annotation&nbsp;not&nbsp;available,57.1
1217703.F904_00974,hisA,annotation&nbsp;not&nbsp;available,57.0
1217703.F904_03187,F904_03187,annotation&nbsp;not&nbsp;available,56.9
1217703.F904_01774,F904_01774,annotation&nbsp;not&nbsp;available,56.9
1217703.F904_00692,F904_00692,annotation&nbsp;not&nbsp;available,56.9
1217703.F904_02787,tauB,Taurine&nbsp;import&nbsp;ATP-binding&nbsp;protein&nbsp;TauB,56.8
1217703.F904_03093,rpmF,annotation&nbsp;not&nbsp;available,56.8
1217703.F904_00925,murF,UDP-N-acetylmuramoyl-tripeptide--D-alanyl-D-alanine&nbsp;ligase,56.7
1217703.F904_03878,ndk,Nucleoside&nbsp;diphosphate&nbsp;kinase,56.7
1217703.F904_03886,rplM,50S&nbsp;ribosomal&nbsp;protein&nbsp;L13,56.6
1217703.F904_01151,glmS,Glutamine--fructose-6-phosphate&nbsp;aminotransferase&nbsp;[isomerizing],56.6
1217703.F904_03104,F904_03104,annotation&nbsp;not&nbsp;available,56.6
1217703.F904_03677,kdpB,Potassium-transporting&nbsp;ATPase&nbsp;ATP-binding&nbsp;subunit,56.4
1217703.F904_02335,F904_02335,Bifunctional&nbsp;protein&nbsp;PutA,56.4
1217703.F904_01686,F904_01686,annotation&nbsp;not&nbsp;available,56.4
1217703.F904_00920,F904_00920,annotation&nbsp;not&nbsp;available,56.2
1217703.F904_00417,F904_00417,annotation&nbsp;not&nbsp;available,56.2
1217703.F904_03072,dnaG,DNA&nbsp;primase,56.1
1217703.F904_00349,mrdA,"Peptidoglycan&nbsp;D,D-transpeptidase&nbsp;MrdA",56.1
1217703.F904_03689,F904_03689,annotation&nbsp;not&nbsp;available,56.0
1217703.F904_01581,F904_01581,annotation&nbsp;not&nbsp;available,56.0
1217703.F904_00540,F904_00540,annotation&nbsp;not&nbsp;available,55.9
1217703.F904_03487,rne,Ribonuclease&nbsp;E,55.9
1217703.F904_01389,atpH,ATP&nbsp;synthase&nbsp;subunit&nbsp;delta,55.8
1217703.F904_03499,F904_03499,annotation&nbsp;not&nbsp;available,55.8
1217703.F904_02403,purT,Formate-dependent&nbsp;phosphoribosylglycinamide&nbsp;formyltransferase,55.8
1217703.F904_00922,F904_00922,annotation&nbsp;not&nbsp;available,55.7
1217703.F904_02450,F904_02450,annotation&nbsp;not&nbsp;available,55.6
1217703.F904_03322,F904_03322,annotation&nbsp;not&nbsp;available,55.5
1217703.F904_03091,F904_03091,annotation&nbsp;not&nbsp;available,55.5
1217703.F904_03255,hisG,ATP&nbsp;phosphoribosyltransferase,55.4
1217703.F904_00822,F904_00822,annotation&nbsp;not&nbsp;available,55.3
1217703.F904_01790,F904_01790,annotation&nbsp;not&nbsp;available,55.2
1217703.F904_03445,pnp,Polyribonucleotide&nbsp;nucleotidyltransferase,55.2
1217703.F904_02512,glnS,annotation&nbsp;not&nbsp;available,55.1
1217703.F904_00645,F904_00645,annotation&nbsp;not&nbsp;available,55.1
1217703.F904_01026,F904_01026,Single-stranded&nbsp;DNA-binding&nbsp;protein,55.0
1217703.F904_00793,rplE,50S&nbsp;ribosomal&nbsp;protein&nbsp;L5,55.0
1217703.F904_01926,rpiA,Ribose-5-phosphate&nbsp;isomerase&nbsp;A,54.9
1217703.F904_00059,surE,5'-nucleotidase&nbsp;SurE,54.9
1217703.F904_03837,F904_03837,annotation&nbsp;not&nbsp;available,54.9
1217703.F904_01870,F904_01870,30S&nbsp;ribosomal&nbsp;protein&nbsp;S1,54.8
1217703.F904_01393,atpC,ATP&nbsp;synthase&nbsp;epsilon&nbsp;chain,54.8
1217703.F904_03812,F904_03812,annotation&nbsp;not&nbsp;available,54.8
1217703.F904_03080,rplY,50S&nbsp;ribosomal&nbsp;protein&nbsp;L25,54.7
1217703.F904_02771,F904_02771,annotation&nbsp;not&nbsp;available,54.7
1217703.F904_03429,hisI,annotation&nbsp;not&nbsp;available,54.7
1217703.F904_03511,leuB,3-isopropylmalate&nbsp;dehydrogenase,54.6
1217703.F904_02438,gpsA,annotation&nbsp;not&nbsp;available,54.6
1217703.F904_03847,F904_03847,annotation&nbsp;not&nbsp;available,54.5
1217703.F904_03682,F904_03682,annotation&nbsp;not&nbsp;available,54.5
1217703.F904_01092,F904_01092,annotation&nbsp;not&nbsp;available,54.5
1217703.F904_02434,pyrD,Dihydroorotate&nbsp;dehydrogenase&nbsp;(quinone),54.5
1217703.F904_03193,F904_03193,annotation&nbsp;not&nbsp;available,54.5
1217703.F904_02760,F904_02760,annotation&nbsp;not&nbsp;available,54.4
1217703.F904_03808,F904_03808,annotation&nbsp;not&nbsp;available,54.2
1217703.F904_00714,clpP,ATP-dependent&nbsp;Clp&nbsp;protease&nbsp;proteolytic&nbsp;subunit,54.2
1217703.F904_02154,F904_02154,annotation&nbsp;not&nbsp;available,54.1
1217703.F904_00539,F904_00539,annotation&nbsp;not&nbsp;available,54.1
1217703.F904_00280,F904_00280,annotation&nbsp;not&nbsp;available,54.0
1217703.F904_02582,purH,annotation&nbsp;not&nbsp;available,53.7
1217703.F904_03800,trpF,annotation&nbsp;not&nbsp;available,53.6
1217703.F904_03259,F904_03259,RNA&nbsp;polymerase&nbsp;sigma-54&nbsp;factor,53.6
1217703.F904_02492,F904_02492,annotation&nbsp;not&nbsp;available,53.5
1217703.F904_03853,F904_03853,annotation&nbsp;not&nbsp;available,53.5
1217703.F904_01103,F904_01103,annotation&nbsp;not&nbsp;available,53.5
1217703.F904_01820,F904_01820,annotation&nbsp;not&nbsp;available,53.5
1217703.F904_02645,tolB,Protein&nbsp;TolB,53.5
1217703.F904_03615,rpmA,annotation&nbsp;not&nbsp;available,53.4
1217703.F904_00638,F904_00638,annotation&nbsp;not&nbsp;available,53.4
1217703.F904_00408,F904_00408,annotation&nbsp;not&nbsp;available,53.4
1217703.F904_03453,priA,Primosomal&nbsp;protein&nbsp;N,53.3
1217703.F904_02209,frr,Ribosome-recycling&nbsp;factor,53.3
1217703.F904_00444,pckG,Phosphoenolpyruvate&nbsp;carboxykinase&nbsp;[GTP],53.3
1217703.F904_03073,hemA,Glutamyl-tRNA&nbsp;reductase,53.2
1217703.F904_03318,gpmI,"2,3-bisphosphoglycerate-independent&nbsp;phosphoglycerate&nbsp;mutase",53.2
1217703.F904_01072,gshB,annotation&nbsp;not&nbsp;available,53.1
1217703.F904_03368,rplJ,50S&nbsp;ribosomal&nbsp;protein&nbsp;L10,53.1
1217703.F904_01549,F904_01549,annotation&nbsp;not&nbsp;available,53.1
1217703.F904_00733,tatA,Sec-independent&nbsp;protein&nbsp;translocase&nbsp;protein&nbsp;TatA,53.1
1217703.F904_02108,F904_02108,Tryptophan&nbsp;synthase&nbsp;beta&nbsp;chain,53.0
1217703.F904_00223,rpsB,annotation&nbsp;not&nbsp;available,52.9
1217703.F904_03129,F904_03129,Bacterioferritin,52.8
1217703.F904_02262,F904_02262,annotation&nbsp;not&nbsp;available,52.8
1217703.F904_01313,F904_01313,annotation&nbsp;not&nbsp;available,52.8
1217703.F904_03514,infA,Translation&nbsp;initiation&nbsp;factor&nbsp;IF-1,52.8
1217703.F904_02754,gyrA,DNA&nbsp;gyrase&nbsp;subunit&nbsp;A,52.7
1217703.F904_00286,trpC,annotation&nbsp;not&nbsp;available,52.7
1217703.F904_02797,F904_02797,annotation&nbsp;not&nbsp;available,52.7
1217703.F904_01137,pncB,Nicotinate&nbsp;phosphoribosyltransferase,52.5
1217703.F904_00144,F904_00144,annotation&nbsp;not&nbsp;available,52.4
1217703.F904_03444,rpsO,30S&nbsp;ribosomal&nbsp;protein&nbsp;S15,52.4
1217703.F904_00795,rplN,50S&nbsp;ribosomal&nbsp;protein&nbsp;L14,52.4
1217703.F904_01552,F904_01552,annotation&nbsp;not&nbsp;available,52.3
1217703.F904_00600,F904_00600,annotation&nbsp;not&nbsp;available,52.3
1217703.F904_02271,F904_02271,annotation&nbsp;not&nbsp;available,52.3
1217703.F904_00448,glpK,Glycerol&nbsp;kinase,52.2
1217703.F904_01085,pyrE,Orotate&nbsp;phosphoribosyltransferase,52.2
1217703.F904_03796,F904_03796,annotation&nbsp;not&nbsp;available,52.2
1217703.F904_02577,gidA,tRNA&nbsp;uridine&nbsp;5-carboxymethylaminomethyl&nbsp;modification&nbsp;enzyme&nbsp;MnmG,52.0
1217703.F904_02432,purF,Amidophosphoribosyltransferase,52.0
1217703.F904_03309,F904_03309,Riboflavin&nbsp;biosynthesis&nbsp;protein&nbsp;RibD,52.0
1217703.F904_02212,F904_02212,annotation&nbsp;not&nbsp;available,52.0
1217703.F904_01771,F904_01771,annotation&nbsp;not&nbsp;available,51.9
1217703.F904_02553,hisZ,ATP&nbsp;phosphoribosyltransferase&nbsp;regulatory&nbsp;subunit,51.9
1217703.F904_03871,bamB,Outer&nbsp;membrane&nbsp;protein&nbsp;assembly&nbsp;factor&nbsp;BamB,51.9
1217703.F904_00825,F904_00825,annotation&nbsp;not&nbsp;available,51.8
1217703.F904_01061,F904_01061,annotation&nbsp;not&nbsp;available,51.8
1217703.F904_02487,F904_02487,Transaldolase,51.8
1217703.F904_00913,F904_00913,annotation&nbsp;not&nbsp;available,51.8
1217703.F904_02221,fumC,Fumarate&nbsp;hydratase&nbsp;class&nbsp;II,51.8
1217703.F904_01940,F904_01940,annotation&nbsp;not&nbsp;available,51.7
1217703.F904_01354,F904_01354,annotation&nbsp;not&nbsp;available,51.7
1217703.F904_00311,rnhA,Ribonuclease&nbsp;H,51.6
1217703.F904_00033,F904_00033,annotation&nbsp;not&nbsp;available,51.6
1217703.F904_01351,F904_01351,annotation&nbsp;not&nbsp;available,51.6
1217703.F904_00421,mtgA,Biosynthetic&nbsp;peptidoglycan&nbsp;transglycosylase,51.6
1217703.F904_03762,F904_03762,annotation&nbsp;not&nbsp;available,51.5
1217703.F904_01376,F904_01376,annotation&nbsp;not&nbsp;available,51.4
1217703.F904_01937,F904_01937,Phospho-2-dehydro-3-deoxyheptonate&nbsp;aldolase,51.3
1217703.F904_00610,F904_00610,annotation&nbsp;not&nbsp;available,51.3
1217703.F904_02259,F904_02259,annotation&nbsp;not&nbsp;available,51.3
1217703.F904_02537,cyoE,Protoheme&nbsp;IX&nbsp;farnesyltransferase,51.2
1217703.F904_03184,F904_03184,annotation&nbsp;not&nbsp;available,51.2
1217703.F904_00655,F904_00655,Glutaredoxin,51.2
1217703.F904_02583,purD,annotation&nbsp;not&nbsp;available,51.2
1217703.F904_01489,F904_01489,annotation&nbsp;not&nbsp;available,51.2
1217703.F904_01117,gshA,annotation&nbsp;not&nbsp;available,51.1
1217703.F904_01805,F904_01805,annotation&nbsp;not&nbsp;available,51.1
1217703.F904_03074,F904_03074,annotation&nbsp;not&nbsp;available,51.0
1217703.F904_01322,F904_01322,annotation&nbsp;not&nbsp;available,51.0
