1219581.HMPREF1628_06560,KGF01235.1,Glycerol-3-phosphate&nbsp;dehydrogenase,98.2
1219581.HMPREF1628_04250,ilvA,L-threonine&nbsp;dehydratase,98.1
1219581.HMPREF1628_06400,KGF01360.1,Inosose&nbsp;dehydratase,98.1
1219581.HMPREF1628_03240,tpiA,Triosephosphate&nbsp;isomerase,98.0
1219581.HMPREF1628_03765,rpsO,30S&nbsp;ribosomal&nbsp;protein&nbsp;S15,97.5
1219581.HMPREF1628_01745,KGF02261.1,NADH-quinone&nbsp;oxidoreductase&nbsp;subunit&nbsp;G,97.3
1219581.HMPREF1628_00750,KGF02756.1,Nitrate&nbsp;reductase,97.0
1219581.HMPREF1628_03220,KGF02063.1,Transketolase,96.8
1219581.HMPREF1628_05380,KGF01733.1,UTP--glucose-1-phosphate&nbsp;uridylyltransferase,96.8
1219581.HMPREF1628_08280,KGE99949.1,Catalyzes&nbsp;the&nbsp;transamination&nbsp;of&nbsp;the&nbsp;branched-chain&nbsp;amino&nbsp;acids&nbsp;to&nbsp;their&nbsp;respective&nbsp;alpha-keto&nbsp;acids,96.6
1219581.HMPREF1628_06235,purU,Formyltetrahydrofolate&nbsp;deformylase,96.4
1219581.HMPREF1628_07250,KGF00875.1,Cytochrome&nbsp;BD&nbsp;ubiquinol&nbsp;oxidase&nbsp;subunit&nbsp;I,96.3
1219581.HMPREF1628_08295,KGE99952.1,Acetolactate&nbsp;synthase,96.3
1219581.HMPREF1628_08390,pheT,Phenylalanine--tRNA&nbsp;ligase&nbsp;beta&nbsp;subunit,96.3
1219581.HMPREF1628_03360,KGF02086.1,Pyruvate&nbsp;kinase,95.9
1219581.HMPREF1628_01410,rplV,50S&nbsp;ribosomal&nbsp;protein&nbsp;L22,95.9
1219581.HMPREF1628_00465,KGF02708.1,UDP-galactopyranose&nbsp;mutase,95.7
1219581.HMPREF1628_04600,KGF01604.1,Ribonucleoside-diphosphate&nbsp;reductase&nbsp;subunit&nbsp;beta,95.6
1219581.HMPREF1628_02840,ruvA,Holliday&nbsp;junction&nbsp;ATP-dependent&nbsp;DNA&nbsp;helicase&nbsp;RuvA,95.6
1219581.HMPREF1628_01440,rpsJ,30S&nbsp;ribosomal&nbsp;protein&nbsp;S10,95.5
1219581.HMPREF1628_00575,KGF02727.1,UDP-glucose&nbsp;4-epimerase,95.3
1219581.HMPREF1628_06080,xseA,Exodeoxyribonuclease&nbsp;7&nbsp;large&nbsp;subunit,95.3
1219581.HMPREF1628_08420,KGE99705.1,Uncharacterized&nbsp;protein,95.2
1219581.HMPREF1628_07235,rpmA,50S&nbsp;ribosomal&nbsp;protein&nbsp;L27,95.2
1219581.HMPREF1628_08015,rpsB,30S&nbsp;ribosomal&nbsp;protein&nbsp;S2,94.9
1219581.HMPREF1628_00110,atpH,ATP&nbsp;synthase&nbsp;subunit&nbsp;delta,94.8
1219581.HMPREF1628_03375,hisI,Phosphoribosyl-AMP&nbsp;cyclohydrolase,94.6
1219581.HMPREF1628_00335,KGF02684.1,Histidinol&nbsp;phosphatase,94.4
1219581.HMPREF1628_00155,rpmE,50S&nbsp;ribosomal&nbsp;protein&nbsp;L31,94.3
1219581.HMPREF1628_06375,KGF01355.1,Inositol&nbsp;2-dehydrogenase,94.2
1219581.HMPREF1628_02675,acnA,Aconitate&nbsp;hydratase,93.6
1219581.HMPREF1628_07345,rpmI,50S&nbsp;ribosomal&nbsp;protein&nbsp;L35,92.7
1219581.HMPREF1628_08370,argB,Acetylglutamate&nbsp;kinase,92.6
1219581.HMPREF1628_03840,aroD,3-dehydroquinate&nbsp;dehydratase,92.4
1219581.HMPREF1628_07625,nadK,NAD&nbsp;kinase,92.2
1219581.HMPREF1628_01455,rpsG,30S&nbsp;ribosomal&nbsp;protein&nbsp;S7,91.7
1219581.HMPREF1628_01760,nuoD,NADH-quinone&nbsp;oxidoreductase&nbsp;subunit&nbsp;D,91.5
1219581.HMPREF1628_03005,KGF02026.1,Uncharacterized&nbsp;protein,91.2
1219581.HMPREF1628_08395,pheS,Phenylalanine--tRNA&nbsp;ligase&nbsp;alpha&nbsp;subunit,91.0
1219581.HMPREF1628_08065,rplS,50S&nbsp;ribosomal&nbsp;protein&nbsp;L19,90.7
1219581.HMPREF1628_01770,nuoB,NADH-quinone&nbsp;oxidoreductase&nbsp;subunit&nbsp;B,90.5
1219581.HMPREF1628_01775,nuoA,NADH-quinone&nbsp;oxidoreductase&nbsp;subunit&nbsp;A,89.8
1219581.HMPREF1628_06105,KGF01499.1,Formate&nbsp;acetyltransferase,89.8
1219581.HMPREF1628_05530,pyrE,Orotate&nbsp;phosphoribosyltransferase,89.7
1219581.HMPREF1628_03535,KGF02118.1,Dihydrolipoamide&nbsp;acetyltransferase&nbsp;component&nbsp;of&nbsp;pyruvate&nbsp;dehydrogenase&nbsp;complex,89.5
1219581.HMPREF1628_00405,KGF02697.1,Histidine&nbsp;kinase,89.4
1219581.HMPREF1628_05600,KGF01418.1,ABC&nbsp;transporter&nbsp;permease,89.4
1219581.HMPREF1628_01315,rpmJ,50S&nbsp;ribosomal&nbsp;protein&nbsp;L36,89.3
1219581.HMPREF1628_03270,uvrC,UvrABC&nbsp;system&nbsp;protein&nbsp;C,89.1
1219581.HMPREF1628_07075,rplI,50S&nbsp;ribosomal&nbsp;protein&nbsp;L9,88.9
1219581.HMPREF1628_01385,rplN,50S&nbsp;ribosomal&nbsp;protein&nbsp;L14,88.7
1219581.HMPREF1628_02140,KGF02328.1,Phosphate-binding&nbsp;protein&nbsp;PstS,88.7
1219581.HMPREF1628_01115,KGF02520.1,Glutamine-dependent&nbsp;NAD(+)&nbsp;synthetase,88.6
1219581.HMPREF1628_02485,deoD,Purine-nucleoside&nbsp;phosphorylase,88.6
1219581.HMPREF1628_01295,KGF02553.1,50S&nbsp;ribosomal&nbsp;protein&nbsp;L17,88.6
1219581.HMPREF1628_04065,KGF01817.1,Chorismate&nbsp;mutase,88.5
1219581.HMPREF1628_01730,KGF02258.1,NADH-quinone&nbsp;oxidoreductase&nbsp;subunit&nbsp;J,88.4
1219581.HMPREF1628_01390,rpsQ,30S&nbsp;ribosomal&nbsp;protein&nbsp;S17,88.1
1219581.HMPREF1628_03960,rpsT,30S&nbsp;ribosomal&nbsp;protein&nbsp;S20,88.0
1219581.HMPREF1628_02130,KGF02326.1,Phosphate&nbsp;transport&nbsp;system&nbsp;permease&nbsp;protein&nbsp;PstA,87.9
1219581.HMPREF1628_01275,rpsI,30S&nbsp;ribosomal&nbsp;protein&nbsp;S9,87.7
1219581.HMPREF1628_01560,secE,Protein&nbsp;translocase&nbsp;subunit&nbsp;SecE,87.6
1219581.HMPREF1628_01305,rpsK,30S&nbsp;ribosomal&nbsp;protein&nbsp;S11,87.4
1219581.HMPREF1628_03230,KGF02064.1,Preprotein&nbsp;translocase&nbsp;subunit&nbsp;SecG,87.2
1219581.HMPREF1628_03055,KGF02035.1,Ribulose-phosphate&nbsp;3-epimerase,86.7
1219581.HMPREF1628_00585,purK,N5-carboxyaminoimidazole&nbsp;ribonucleotide&nbsp;synthase,86.7
1219581.HMPREF1628_00185,KGF02661.1,Catalyzes&nbsp;the&nbsp;interconversion&nbsp;of&nbsp;ribose&nbsp;5-phosphate&nbsp;to&nbsp;ribulose&nbsp;5-phosphate,86.7
1219581.HMPREF1628_07575,KGF00699.1,Nitrite&nbsp;reductase,86.7
1219581.HMPREF1628_03735,dapA,4-hydroxy-tetrahydrodipicolinate&nbsp;synthase,86.2
1219581.HMPREF1628_01405,rpsC,30S&nbsp;ribosomal&nbsp;protein&nbsp;S3,86.2
1219581.HMPREF1628_03025,rpoZ,DNA-directed&nbsp;RNA&nbsp;polymerase&nbsp;subunit&nbsp;omega,85.8
1219581.HMPREF1628_02915,aspS,Aspartate--tRNA(Asp/Asn)&nbsp;ligase,85.6
1219581.HMPREF1628_01460,rpsL,30S&nbsp;ribosomal&nbsp;protein&nbsp;S12,84.8
1219581.HMPREF1628_01400,rplP,50S&nbsp;ribosomal&nbsp;protein&nbsp;L16,84.1
1219581.HMPREF1628_08085,rpsP,30S&nbsp;ribosomal&nbsp;protein&nbsp;S16,83.9
1219581.HMPREF1628_00075,KGF02640.1,N-acetylglucosamine-6-phosphate&nbsp;deacetylase,83.7
1219581.HMPREF1628_05340,KGF01726.1,Converts&nbsp;2-oxoglutarate&nbsp;to&nbsp;glutamate,83.4
1219581.HMPREF1628_04490,KGF01796.1,NrdH&nbsp;family&nbsp;redoxin,83.1
1219581.HMPREF1628_01535,rplL,50S&nbsp;ribosomal&nbsp;protein&nbsp;L7/L12,83.0
1219581.HMPREF1628_07240,rplU,50S&nbsp;ribosomal&nbsp;protein&nbsp;L21,82.8
1219581.HMPREF1628_03010,carB,Carbamoyl-phosphate&nbsp;synthase&nbsp;large&nbsp;chain,82.7
1219581.HMPREF1628_02310,dcd,dCTP&nbsp;deaminase,81.9
1219581.HMPREF1628_01890,KGF02284.1,3-dehydroquinate&nbsp;synthase,81.8
1219581.HMPREF1628_00265,KGF02674.1,Uncharacterized&nbsp;protein,81.7
1219581.HMPREF1628_08195,gltX,Glutamate--tRNA&nbsp;ligase,81.7
1219581.HMPREF1628_05425,KGF01741.1,Threonine&nbsp;synthase,81.3
1219581.HMPREF1628_04650,KGF01611.1,ATP-dependent&nbsp;helicase&nbsp;HrpA,81.1
1219581.HMPREF1628_02380,KGF02363.1,Aspartokinase,81.0
1219581.HMPREF1628_06455,groEL,60&nbsp;kDa&nbsp;chaperonin,80.9
1219581.HMPREF1628_00580,purE,N5-carboxyaminoimidazole&nbsp;ribonucleotide&nbsp;mutase,80.3
1219581.HMPREF1628_03085,KGF02041.1,Uncharacterized&nbsp;protein,78.8
1219581.HMPREF1628_08300,KGE99953.1,Acetolactate&nbsp;synthase&nbsp;large&nbsp;subunit,78.8
1219581.HMPREF1628_03530,KGF02117.1,Dihydrolipoyl&nbsp;dehydrogenase,78.7
1219581.HMPREF1628_01530,rpoB,DNA-directed&nbsp;RNA&nbsp;polymerase&nbsp;subunit&nbsp;beta,78.5
1219581.HMPREF1628_03370,KGF02088.1,Indole-3-glycerol&nbsp;phosphate&nbsp;synthase,78.2
1219581.HMPREF1628_01435,rplC,50S&nbsp;ribosomal&nbsp;protein&nbsp;L3,77.7
1219581.HMPREF1628_07375,hisC,Histidinol-phosphate&nbsp;aminotransferase,77.2
1219581.HMPREF1628_01170,groS,10&nbsp;kDa&nbsp;chaperonin,77.2
1219581.HMPREF1628_07060,rpsF,30S&nbsp;ribosomal&nbsp;protein&nbsp;S6,77.2
1219581.HMPREF1628_01395,rpmC,50S&nbsp;ribosomal&nbsp;protein&nbsp;L29,77.0
1219581.HMPREF1628_07340,rplT,50S&nbsp;ribosomal&nbsp;protein&nbsp;L20,76.6
1219581.HMPREF1628_02390,KGF02365.1,Uncharacterized&nbsp;protein,76.4
1219581.HMPREF1628_02515,KGF02206.1,Dihydroorotate&nbsp;dehydrogenase&nbsp;(quinone),76.3
1219581.HMPREF1628_00955,KGF02789.1,Flavoprotein&nbsp;disulfide&nbsp;reductase,75.9
1219581.HMPREF1628_07935,KGF00130.1,Succinate&nbsp;dehydrogenase&nbsp;iron-sulfur&nbsp;subunit,75.9
1219581.HMPREF1628_06245,pgi,Glucose-6-phosphate&nbsp;isomerase,75.8
1219581.HMPREF1628_07395,KGF00670.1,DNA-directed&nbsp;DNA&nbsp;polymerase,75.6
1219581.HMPREF1628_05285,KGF01717.1,Sugar&nbsp;ABC&nbsp;transporter&nbsp;permease,75.5
1219581.HMPREF1628_01345,rpmD,50S&nbsp;ribosomal&nbsp;protein&nbsp;L30,75.5
1219581.HMPREF1628_03480,KGF02108.1,Uncharacterized&nbsp;protein,75.2
1219581.HMPREF1628_05280,KGF01716.1,Maltose&nbsp;ABC&nbsp;transporter&nbsp;permease,75.2
1219581.HMPREF1628_04270,KGF01851.1,Cysteine&nbsp;synthase,75.2
1219581.HMPREF1628_06900,KGF00928.1,ABC&nbsp;transporter,75.1
1219581.HMPREF1628_01725,nuoK,NADH-quinone&nbsp;oxidoreductase&nbsp;subunit&nbsp;K,75.1
1219581.HMPREF1628_05575,gatC,Aspartyl/glutamyl-tRNA(Asn/Gln)&nbsp;amidotransferase&nbsp;subunit&nbsp;C,75.1
1219581.HMPREF1628_01210,KGF02538.1,Succinate&nbsp;dehydrogenase&nbsp;iron-sulfur&nbsp;subunit,75.0
1219581.HMPREF1628_04210,KGF01842.1,4-alpha-glucanotransferase,74.9
1219581.HMPREF1628_01350,rpsE,30S&nbsp;ribosomal&nbsp;protein&nbsp;S5,74.3
1219581.HMPREF1628_08240,ilvD,Dihydroxy-acid&nbsp;dehydratase,74.2
1219581.HMPREF1628_00385,secA,Protein&nbsp;translocase&nbsp;subunit&nbsp;SecA,74.1
1219581.HMPREF1628_01910,KGF02288.1,Ribose&nbsp;5-phosphate&nbsp;isomerase,74.0
1219581.HMPREF1628_05055,KGF01676.1,Oxidoreductase,73.9
1219581.HMPREF1628_07925,KGF00128.1,Pyruvate&nbsp;dehydrogenase&nbsp;E1&nbsp;component,73.7
1219581.HMPREF1628_00105,atpA,ATP&nbsp;synthase&nbsp;subunit&nbsp;alpha,73.6
1219581.HMPREF1628_03985,proC,Pyrroline-5-carboxylate&nbsp;reductase,73.5
1219581.HMPREF1628_05050,KGF01675.1,"Alpha-1,4&nbsp;glucan&nbsp;phosphorylase",73.5
1219581.HMPREF1628_01010,ctc,50S&nbsp;ribosomal&nbsp;protein&nbsp;L25,73.1
1219581.HMPREF1628_07260,KGF00645.1,Cysteine&nbsp;ABC&nbsp;transporter&nbsp;permease,73.1
1219581.HMPREF1628_07165,rpmH,50S&nbsp;ribosomal&nbsp;protein&nbsp;L34,73.0
1219581.HMPREF1628_05565,gatB,Aspartyl/glutamyl-tRNA(Asn/Gln)&nbsp;amidotransferase&nbsp;subunit&nbsp;B,72.8
1219581.HMPREF1628_02135,KGF02327.1,Phosphate&nbsp;transport&nbsp;system&nbsp;permease&nbsp;protein,72.7
1219581.HMPREF1628_05260,KGF01712.1,1-pyrroline-5-carboxylate&nbsp;dehydrogenase,72.6
1219581.HMPREF1628_01215,KGF02539.1,Part&nbsp;of&nbsp;four&nbsp;member&nbsp;succinate&nbsp;dehydrogenase&nbsp;enzyme&nbsp;complex&nbsp;that&nbsp;forms&nbsp;a&nbsp;trimeric&nbsp;complex&nbsp;(trimer&nbsp;of&nbsp;tetramers),72.6
1219581.HMPREF1628_01550,rplK,50S&nbsp;ribosomal&nbsp;protein&nbsp;L11,71.8
1219581.HMPREF1628_01220,KGF02540.1,Succinate&nbsp;dehydrogenase,70.9
1219581.HMPREF1628_01280,rplM,50S&nbsp;ribosomal&nbsp;protein&nbsp;L13,70.8
1219581.HMPREF1628_01420,rplB,50S&nbsp;ribosomal&nbsp;protein&nbsp;L2,70.7
1219581.HMPREF1628_05605,KGF01419.1,Sugar&nbsp;ABC&nbsp;transporter&nbsp;permease,70.6
1219581.HMPREF1628_01145,guaB,Inosine-5'-monophosphate&nbsp;dehydrogenase,70.6
1219581.HMPREF1628_02720,KGF02239.1,Glycogen&nbsp;debranching&nbsp;protein,70.4
1219581.HMPREF1628_06220,glyA,Serine&nbsp;hydroxymethyltransferase,70.4
1219581.HMPREF1628_00760,narY,Nitrate&nbsp;reductase,70.1
1219581.HMPREF1628_01335,secY,Protein&nbsp;translocase&nbsp;subunit&nbsp;SecY,69.9
1219581.HMPREF1628_01380,rplX,50S&nbsp;ribosomal&nbsp;protein&nbsp;L24,69.5
1219581.HMPREF1628_01300,rpoA,DNA-directed&nbsp;RNA&nbsp;polymerase&nbsp;subunit&nbsp;alpha,69.3
1219581.HMPREF1628_01130,fumC,Fumarate&nbsp;hydratase&nbsp;class&nbsp;II,69.2
1219581.HMPREF1628_07940,KGF00131.1,Part&nbsp;of&nbsp;four&nbsp;member&nbsp;succinate&nbsp;dehydrogenase&nbsp;enzyme&nbsp;complex&nbsp;that&nbsp;forms&nbsp;a&nbsp;trimeric&nbsp;complex&nbsp;(trimer&nbsp;of&nbsp;tetramers),69.0
1219581.HMPREF1628_02950,KGF02016.1,Shikimate&nbsp;dehydrogenase,68.8
1219581.HMPREF1628_01540,rplJ,50S&nbsp;ribosomal&nbsp;protein&nbsp;L10,68.2
1219581.HMPREF1628_02375,asd,Aspartate-semialdehyde&nbsp;dehydrogenase,68.1
1219581.HMPREF1628_01310,rpsM,30S&nbsp;ribosomal&nbsp;protein&nbsp;S13,67.6
1219581.HMPREF1628_01525,rpoC,DNA-directed&nbsp;RNA&nbsp;polymerase&nbsp;subunit&nbsp;beta,67.0
1219581.HMPREF1628_05550,KGF01765.1,Fructose-bisphosphate&nbsp;aldolase,66.6
1219581.HMPREF1628_08375,argJ,Arginine&nbsp;biosynthesis&nbsp;bifunctional&nbsp;protein&nbsp;ArgJ,66.4
1219581.HMPREF1628_08290,ilvC,Ketol-acid&nbsp;reductoisomerase&nbsp;(NADP(+)),66.4
1219581.HMPREF1628_02125,pstB,Phosphate&nbsp;import&nbsp;ATP-binding&nbsp;protein&nbsp;PstB,66.3
1219581.HMPREF1628_03000,pyrC,Dihydroorotase,66.2
1219581.HMPREF1628_01735,nuoI,NADH-quinone&nbsp;oxidoreductase&nbsp;subunit&nbsp;I,65.7
1219581.HMPREF1628_01105,KGF02518.1,Phosphate&nbsp;acetyltransferase,65.6
1219581.HMPREF1628_03635,nrdR,Transcriptional&nbsp;repressor&nbsp;NrdR,65.6
1219581.HMPREF1628_01570,KGF02442.1,Aminotransferase,65.5
1219581.HMPREF1628_03330,rpsA,30S&nbsp;ribosomal&nbsp;protein&nbsp;S1,65.5
1219581.HMPREF1628_06250,KGF01526.1,6-phosphofructokinase,65.3
1219581.HMPREF1628_06100,KGF01498.1,Formate&nbsp;acetyltransferase,65.0
1219581.HMPREF1628_06875,pntB,NAD(P)&nbsp;transhydrogenase&nbsp;subunit&nbsp;beta,64.9
1219581.HMPREF1628_01355,rplR,50S&nbsp;ribosomal&nbsp;protein&nbsp;L18,64.8
1219581.HMPREF1628_01765,nuoC,NADH-quinone&nbsp;oxidoreductase&nbsp;subunit&nbsp;C,64.7
1219581.HMPREF1628_06215,folD,Bifunctional&nbsp;protein&nbsp;FolD,64.6
1219581.HMPREF1628_03190,KGF02057.1,Prephenate&nbsp;dehydrogenase,64.4
1219581.HMPREF1628_07175,KGF00975.1,Beta&nbsp;sliding&nbsp;clamp,64.0
1219581.HMPREF1628_01430,rplD,50S&nbsp;ribosomal&nbsp;protein&nbsp;L4,63.8
1219581.HMPREF1628_08535,sucC,Succinate--CoA&nbsp;ligase&nbsp;[ADP-forming]&nbsp;subunit&nbsp;beta,63.6
1219581.HMPREF1628_01545,rplA,50S&nbsp;ribosomal&nbsp;protein&nbsp;L1,63.6
1219581.HMPREF1628_05595,ligA,DNA&nbsp;ligase,63.5
1219581.HMPREF1628_00965,KGF02791.1,Phosphomannomutase,63.5
1219581.HMPREF1628_05265,KGF01713.1,Amylase,63.5
1219581.HMPREF1628_08010,tsf,Elongation&nbsp;factor&nbsp;Ts,63.5
1219581.HMPREF1628_07850,KGF00447.1,Acyl-CoA&nbsp;dehydrogenase,63.0
1219581.HMPREF1628_04500,KGF01798.1,Ribonucleoside-diphosphate&nbsp;reductase,62.8
1219581.HMPREF1628_01750,KGF02262.1,NADH-quinone&nbsp;oxidoreductase&nbsp;subunit&nbsp;F,62.4
1219581.HMPREF1628_06890,KGF00926.1,Glucose&nbsp;dehydrogenase,62.2
1219581.HMPREF1628_02845,ruvB,Holliday&nbsp;junction&nbsp;ATP-dependent&nbsp;DNA&nbsp;helicase&nbsp;RuvB,62.1
1219581.HMPREF1628_01710,nuoN,NADH-quinone&nbsp;oxidoreductase&nbsp;subunit&nbsp;N,62.1
1219581.HMPREF1628_00100,atpG,ATP&nbsp;synthase&nbsp;gamma&nbsp;chain,62.1
1219581.HMPREF1628_03335,polA,DNA&nbsp;polymerase&nbsp;I,62.1
1219581.HMPREF1628_04275,KGF01852.1,Serine&nbsp;acetyltransferase,61.7
1219581.HMPREF1628_05875,KGF01461.1,Citrate&nbsp;synthase,61.6
1219581.HMPREF1628_00235,KGF02669.1,Dimethyl&nbsp;sulfoxide&nbsp;reductase,61.4
1219581.HMPREF1628_00090,KGF02643.1,ATP&nbsp;synthase&nbsp;subunit&nbsp;epsilon,61.3
1219581.HMPREF1628_03020,gmk,Guanylate&nbsp;kinase,61.3
1219581.HMPREF1628_06085,xseB,Exodeoxyribonuclease&nbsp;7&nbsp;small&nbsp;subunit,61.2
1219581.HMPREF1628_01360,rplF,50S&nbsp;ribosomal&nbsp;protein&nbsp;L6,61.1
1219581.HMPREF1628_00240,KGF02670.1,4Fe-4S&nbsp;ferredoxin,61.1
1219581.HMPREF1628_01415,rpsS,30S&nbsp;ribosomal&nbsp;protein&nbsp;S19,61.0
1219581.HMPREF1628_07820,KGF00441.1,Ribonucleoside-triphosphate&nbsp;reductase,60.7
1219581.HMPREF1628_00755,KGF02757.1,Nitrate&nbsp;reductase,60.2
1219581.HMPREF1628_01110,ackA,Acetate&nbsp;kinase,60.1
1219581.HMPREF1628_06870,KGF00922.1,NAD(P)&nbsp;transhydrogenase&nbsp;subunit&nbsp;alpha,60.0
1219581.HMPREF1628_06575,KGF01238.1,N-acetylglutamate&nbsp;synthase,59.9
1219581.HMPREF1628_07025,KGF00948.1,2-oxoacid:acceptor&nbsp;oxidoreductase,59.7
1219581.HMPREF1628_07360,hisA,1-(5-phosphoribosyl)-5-[(5-phosphoribosylamino)methylideneamino]&nbsp;imidazole-4-carboxamide&nbsp;isomerase,59.7
1219581.HMPREF1628_07070,rpsR,30S&nbsp;ribosomal&nbsp;protein&nbsp;S18,59.6
1219581.HMPREF1628_08540,sucD,Succinate--CoA&nbsp;ligase&nbsp;[ADP-forming]&nbsp;subunit&nbsp;alpha,59.3
1219581.HMPREF1628_04985,KGF01665.1,ABC&nbsp;transporter,58.7
1219581.HMPREF1628_01340,rplO,50S&nbsp;ribosomal&nbsp;protein&nbsp;L15,58.4
1219581.HMPREF1628_03490,dnaE2,Error-prone&nbsp;DNA&nbsp;polymerase,58.2
1219581.HMPREF1628_05105,KGF01685.1,Uncharacterized&nbsp;protein,58.1
1219581.HMPREF1628_03655,KGF01884.1,ATP-dependent&nbsp;helicase,57.8
1219581.HMPREF1628_01140,KGF02525.1,DNA&nbsp;polymerase&nbsp;III&nbsp;subunit&nbsp;epsilon,57.3
1219581.HMPREF1628_05570,gatA,Glutamyl-tRNA(Gln)&nbsp;amidotransferase&nbsp;subunit&nbsp;A,57.1
1219581.HMPREF1628_04945,KGF01659.1,Uncharacterized&nbsp;protein,56.8
1219581.HMPREF1628_08125,KGF00167.1,Dihydroxyacetone&nbsp;kinase,56.5
1219581.HMPREF1628_00020,KGF02631.1,Electron&nbsp;transfer&nbsp;flavoprotein&nbsp;subunit&nbsp;beta,56.5
1219581.HMPREF1628_03745,dapB,4-hydroxy-tetrahydrodipicolinate&nbsp;reductase,56.4
1219581.HMPREF1628_00095,atpD,ATP&nbsp;synthase&nbsp;subunit&nbsp;beta,56.4
1219581.HMPREF1628_06170,eno,Enolase,56.3
1219581.HMPREF1628_02930,rpsD,30S&nbsp;ribosomal&nbsp;protein&nbsp;S4,56.2
1219581.HMPREF1628_01675,rpmG,50S&nbsp;ribosomal&nbsp;protein&nbsp;L33,56.2
1219581.HMPREF1628_02995,pyrB,Aspartate&nbsp;carbamoyltransferase,56.0
1219581.HMPREF1628_01740,nuoH,NADH-quinone&nbsp;oxidoreductase&nbsp;subunit&nbsp;H,55.7
1219581.HMPREF1628_06370,KGF01354.1,Transaldolase,55.6
1219581.HMPREF1628_05885,KGF01463.1,Ferredoxin,55.6
1219581.HMPREF1628_05855,nagB,Glucosamine-6-phosphate&nbsp;deaminase,55.5
1219581.HMPREF1628_08120,ndk,Nucleoside&nbsp;diphosphate&nbsp;kinase,55.4
1219581.HMPREF1628_01425,rplW,50S&nbsp;ribosomal&nbsp;protein&nbsp;L23,55.4
1219581.HMPREF1628_06895,KGF00927.1,ABC&nbsp;transporter,55.3
1219581.HMPREF1628_01375,rplE,50S&nbsp;ribosomal&nbsp;protein&nbsp;L5,55.0
1219581.HMPREF1628_01365,rpsH,30S&nbsp;ribosomal&nbsp;protein&nbsp;S8,54.8
1219581.HMPREF1628_01445,tuf,Elongation&nbsp;factor&nbsp;Tu,54.8
1219581.HMPREF1628_05610,KGF01420.1,Sugar&nbsp;ABC&nbsp;transporter&nbsp;substrate-binding&nbsp;protein,54.8
1219581.HMPREF1628_07020,porA,Pyruvate&nbsp;ferredoxin&nbsp;oxidoreductase,54.6
1219581.HMPREF1628_03015,KGF02028.1,Orotidine&nbsp;5'-phosphate&nbsp;decarboxylase,54.6
1219581.HMPREF1628_03250,KGF02067.1,Glyceraldehyde-3-phosphate&nbsp;dehydrogenase,54.4
1219581.HMPREF1628_06555,KGF01234.1,Glycerol-3-phosphate&nbsp;dehydrogenase,54.3
1219581.HMPREF1628_07265,KGF00646.1,ABC&nbsp;transporter,54.2
1219581.HMPREF1628_00170,KGF02658.1,Homoserine&nbsp;dehydrogenase,54.2
1219581.HMPREF1628_08455,KGE99710.1,Uncharacterized&nbsp;protein,54.0
1219581.HMPREF1628_07255,KGF00876.1,Cytochrome&nbsp;C&nbsp;oxidase&nbsp;assembly&nbsp;protein,53.6
1219581.HMPREF1628_03070,hisE,Phosphoribosyl-ATP&nbsp;pyrophosphatase,53.5
1219581.HMPREF1628_00015,KGF02630.1,Electron&nbsp;transporter,53.4
1219581.HMPREF1628_01090,KGF02516.1,Glucokinase,53.4
1219581.HMPREF1628_04990,KGF01666.1,Metal&nbsp;ABC&nbsp;transporter&nbsp;permease,53.2
1219581.HMPREF1628_00025,KGF02632.1,Glycogen&nbsp;debranching&nbsp;protein,53.2
1219581.HMPREF1628_00215,kgd,Alpha-ketoglutarate&nbsp;decarboxylase,53.1
1219581.HMPREF1628_02075,KGF02316.1,"Pyruvate,&nbsp;phosphate&nbsp;dikinase",52.8
1219581.HMPREF1628_08500,KGE99526.1,Pyridine&nbsp;nucleotide-disulfide&nbsp;oxidoreductase,52.6
1219581.HMPREF1628_01715,KGF02255.1,NADH-quinone&nbsp;oxidoreductase&nbsp;subunit&nbsp;M,52.3
1219581.HMPREF1628_02020,KGF02305.1,Oxidoreductase,52.1
1219581.HMPREF1628_03830,KGF01915.1,Deoxyguanosinetriphosphate&nbsp;triphosphohydrolase-like&nbsp;protein,52.0
1219581.HMPREF1628_01370,rpsN,30S&nbsp;ribosomal&nbsp;protein&nbsp;S14&nbsp;type&nbsp;Z,51.7
1219581.HMPREF1628_00960,KGF02790.1,Purine&nbsp;nucleoside&nbsp;phosphorylase,51.6
