1461693.ATO10_09533,KCV82078.1,Ser/Thr&nbsp;protein&nbsp;phosphatase/nucleotidase,98.9
1461693.ATO10_12199,ffh,Signal&nbsp;recognition&nbsp;particle&nbsp;protein,98.9
1461693.ATO10_08482,KCV82413.1,Two&nbsp;component&nbsp;transcriptional&nbsp;regulator,98.9
1461693.ATO10_00110,bamD,Outer&nbsp;membrane&nbsp;protein&nbsp;assembly&nbsp;factor&nbsp;BamD,98.9
1461693.ATO10_09558,KCV82083.1,TRAP-transporter&nbsp;subunit&nbsp;DctQ,98.8
1461693.ATO10_08467,KCV82410.1,"COG0834&nbsp;ABC-type&nbsp;amino&nbsp;acid&nbsp;transport/signal&nbsp;transduction&nbsp;systems,&nbsp;periplasmic&nbsp;component/domain",98.7
1461693.ATO10_04052,KCV82750.1,Transcriptional&nbsp;regulator,98.7
1461693.ATO10_02325,fabZ,3-hydroxyacyl-[acyl-carrier-protein]&nbsp;dehydratase&nbsp;FabZ,98.7
1461693.ATO10_03315,KCV83757.1,Deoxyguanosinetriphosphate&nbsp;triphosphohydrolase-like&nbsp;protein,98.7
1461693.ATO10_05312,KCV83002.1,COG0332&nbsp;3-oxoacyl-[acyl-carrier-protein]&nbsp;synthase&nbsp;III,98.6
1461693.ATO10_11217,KCV81478.1,COG0174&nbsp;Glutamine&nbsp;synthetase,98.3
1461693.ATO10_15470,rpsL,30S&nbsp;ribosomal&nbsp;protein&nbsp;S12,98.3
1461693.ATO10_03897,rplB,50S&nbsp;ribosomal&nbsp;protein&nbsp;L2,98.2
1461693.ATO10_09413,KCV82054.1,annotation&nbsp;not&nbsp;available,98.2
1461693.ATO10_14394,KCV80999.1,Branched-chain&nbsp;amino&nbsp;acid&nbsp;ABC&nbsp;transporter&nbsp;ATP-binding&nbsp;protein,98.1
1461693.ATO10_13289,accA,Acetyl-coenzyme&nbsp;A&nbsp;carboxylase&nbsp;carboxyl&nbsp;transferase&nbsp;subunit&nbsp;alpha,98.0
1461693.ATO10_01705,ilvH,"COG0440&nbsp;Acetolactate&nbsp;synthase,&nbsp;small&nbsp;(regulatory)&nbsp;subunit",98.0
1461693.ATO10_08517,leuS,Leucine--tRNA&nbsp;ligase,97.7
1461693.ATO10_04687,KCV82877.1,Putative&nbsp;ATPase,97.7
1461693.ATO10_04762,KCV82892.1,"Peptidase&nbsp;M22,&nbsp;glycoprotease",97.6
1461693.ATO10_08347,KCV82386.1,COG2133&nbsp;Glucose/sorbosone&nbsp;dehydrogenases,97.6
1461693.ATO10_06226,KCV82516.1,Hpt&nbsp;domain-containing&nbsp;protein,97.5
1461693.ATO10_09013,rpsA,30S&nbsp;ribosomal&nbsp;protein&nbsp;S1,97.5
1461693.ATO10_04422,KCV82824.1,"COG1271&nbsp;Cytochrome&nbsp;bd-type&nbsp;quinol&nbsp;oxidase,&nbsp;subunit&nbsp;1",97.5
1461693.ATO10_13464,dnaX,DNA&nbsp;polymerase&nbsp;III&nbsp;subunit&nbsp;gamma/tau,97.4
1461693.ATO10_02360,KCV83566.1,Two&nbsp;component&nbsp;transcriptional&nbsp;regulator,97.4
1461693.ATO10_15465,rpsG,30S&nbsp;ribosomal&nbsp;protein&nbsp;S7,97.2
1461693.ATO10_09878,KCV82145.1,COG0529&nbsp;Adenylylsulfate&nbsp;kinase&nbsp;and&nbsp;related&nbsp;kinases,97.2
1461693.ATO10_01900,KCV83474.1,COG0174&nbsp;Glutamine&nbsp;synthetase,97.1
1461693.ATO10_11807,KCV81596.1,annotation&nbsp;not&nbsp;available,97.1
1461693.ATO10_09368,KCV82045.1,Histidine&nbsp;kinase,96.9
1461693.ATO10_01640,KCV83423.1,Uncharacterized&nbsp;protein,96.8
1461693.ATO10_09083,ctc,50S&nbsp;ribosomal&nbsp;protein&nbsp;L25,96.8
1461693.ATO10_13854,KCV81062.1,COG0789&nbsp;Predicted&nbsp;transcriptional&nbsp;regulators,96.7
1461693.ATO10_09553,KCV82082.1,"COG1593&nbsp;TRAP-type&nbsp;C4-dicarboxylate&nbsp;transport&nbsp;system,&nbsp;large&nbsp;permease&nbsp;component",96.7
1461693.ATO10_03982,rpsE,30S&nbsp;ribosomal&nbsp;protein&nbsp;S5,96.6
1461693.ATO10_12579,KCV81443.1,Putative&nbsp;short-chain&nbsp;dehydrogenase,96.5
1461693.ATO10_11422,KCV81519.1,Diguanylate&nbsp;cyclase,96.5
1461693.ATO10_01615,trpD,Anthranilate&nbsp;phosphoribosyltransferase,96.4
1461693.ATO10_06311,gidA,tRNA&nbsp;uridine&nbsp;5-carboxymethylaminomethyl&nbsp;modification&nbsp;enzyme&nbsp;MnmG,96.4
1461693.ATO10_05177,groEL,60&nbsp;kDa&nbsp;chaperonin,96.4
1461693.ATO10_09513,KCV82074.1,Dihydroorotate&nbsp;dehydrogenase&nbsp;(quinone),96.3
1461693.ATO10_10965,KCV81862.1,Sporulation&nbsp;related&nbsp;protein,96.3
1461693.ATO10_15360,plsY,Glycerol-3-phosphate&nbsp;acyltransferase,96.2
1461693.ATO10_01305,KCV83356.1,PepSY-associated&nbsp;TM&nbsp;helix&nbsp;domain-containing&nbsp;protein,96.2
1461693.ATO10_12884,KCV81299.1,"COG1593&nbsp;TRAP-type&nbsp;C4-dicarboxylate&nbsp;transport&nbsp;system,&nbsp;large&nbsp;permease&nbsp;component",95.8
1461693.ATO10_15090,KCV80856.1,Phosphonate-binding&nbsp;periplasmic&nbsp;protein,95.7
1461693.ATO10_10725,KCV81814.1,COG0303&nbsp;Molybdopterin&nbsp;biosynthesis&nbsp;enzyme,95.6
1461693.ATO10_03040,KCV83702.1,Benzoate-coenzyme&nbsp;A&nbsp;ligase,95.6
1461693.ATO10_06056,KCV82482.1,OmpA/MotB&nbsp;protein,95.6
1461693.ATO10_14444,KCV81009.1,ABC&nbsp;transporter-like&nbsp;protein,95.6
1461693.ATO10_11447,KCV81524.1,COG3706&nbsp;Response&nbsp;regulator&nbsp;containing&nbsp;a&nbsp;CheY-like&nbsp;receiver&nbsp;domain&nbsp;and&nbsp;a&nbsp;GGDEF&nbsp;domain,95.5
1461693.ATO10_12149,rpmE,50S&nbsp;ribosomal&nbsp;protein&nbsp;L31,95.2
1461693.ATO10_10835,KCV81836.1,ABC&nbsp;transporter&nbsp;ATP-binding&nbsp;protein,95.2
1461693.ATO10_03952,rplX,50S&nbsp;ribosomal&nbsp;protein&nbsp;L24,95.1
1461693.ATO10_00825,xseA,Exodeoxyribonuclease&nbsp;7&nbsp;large&nbsp;subunit,95.0
1461693.ATO10_13729,ackA,Acetate&nbsp;kinase,94.9
1461693.ATO10_14909,hisH,Imidazole&nbsp;glycerol&nbsp;phosphate&nbsp;synthase&nbsp;subunit&nbsp;HisH,94.9
1461693.ATO10_02980,rpsB,COG0052&nbsp;Ribosomal&nbsp;protein&nbsp;S2,94.9
1461693.ATO10_12239,atpB,ATP&nbsp;synthase&nbsp;subunit&nbsp;a,94.9
1461693.ATO10_10485,KCV81766.1,Uncharacterized&nbsp;protein,94.8
1461693.ATO10_00375,KCV83170.1,COG1905&nbsp;NADH:ubiquinone&nbsp;oxidoreductase&nbsp;24&nbsp;kD&nbsp;subunit,94.7
1461693.ATO10_10450,KCV81759.1,COG0174&nbsp;Glutamine&nbsp;synthetase,94.7
1461693.ATO10_14539,KCV81028.1,Membrane&nbsp;ATPase/protein&nbsp;kinase,94.5
1461693.ATO10_04327,KCV82805.1,"COG1053&nbsp;Succinate&nbsp;dehydrogenase/fumarate&nbsp;reductase,&nbsp;flavoprotein&nbsp;subunit",94.5
1461693.ATO10_08397,KCV82396.1,COG0405&nbsp;Gamma-glutamyltransferase,94.5
1461693.ATO10_14379,KCV80996.1,"COG0683&nbsp;ABC-type&nbsp;branched-chain&nbsp;amino&nbsp;acid&nbsp;transport&nbsp;systems,&nbsp;periplasmic&nbsp;component",94.4
1461693.ATO10_00605,pyrE,Orotate&nbsp;phosphoribosyltransferase,94.4
1461693.ATO10_00430,KCV83181.1,COG0839&nbsp;NADH:ubiquinone&nbsp;oxidoreductase&nbsp;subunit&nbsp;6&nbsp;(chain&nbsp;J),94.2
1461693.ATO10_13889,KCV81069.1,Cyclic&nbsp;nucleotide-binding&nbsp;protein,94.1
1461693.ATO10_02105,KCV83515.1,Acetyltransferase&nbsp;component&nbsp;of&nbsp;pyruvate&nbsp;dehydrogenase&nbsp;complex,94.0
1461693.ATO10_05707,folD,Bifunctional&nbsp;protein&nbsp;FolD,94.0
1461693.ATO10_07977,KCV82312.1,COG1018&nbsp;Flavodoxin&nbsp;reductases&nbsp;(ferredoxin-NADPH&nbsp;reductases)&nbsp;family&nbsp;1,93.9
1461693.ATO10_10770,KCV81823.1,Formate&nbsp;dehydrogenase&nbsp;iron-sulfur&nbsp;subunit,93.6
1461693.ATO10_01220,KCV83339.1,Sensor&nbsp;histidine&nbsp;kinase/response&nbsp;regulator,93.6
1461693.ATO10_08237,KCV82364.1,COG2857&nbsp;Cytochrome&nbsp;c1,93.5
1461693.ATO10_03795,KCV83853.1,"COG4177&nbsp;ABC-type&nbsp;branched-chain&nbsp;amino&nbsp;acid&nbsp;transport&nbsp;system,&nbsp;permease&nbsp;component",93.3
1461693.ATO10_01040,KCV83303.1,COG0438&nbsp;Glycosyltransferase,93.3
1461693.ATO10_08593,KCV81890.1,COG0745&nbsp;Response&nbsp;regulators&nbsp;consisting&nbsp;of&nbsp;a&nbsp;CheY-like&nbsp;receiver&nbsp;domain&nbsp;and&nbsp;a&nbsp;winged-helix&nbsp;DNA-binding&nbsp;domain,93.3
1461693.ATO10_04967,dnaE,"COG0587&nbsp;DNA&nbsp;polymerase&nbsp;III,&nbsp;alpha&nbsp;subunit",93.2
1461693.ATO10_06151,KCV82501.1,ComF/GntX-like&nbsp;protein,93.2
1461693.ATO10_13239,argC,N-acetyl-gamma-glutamyl-phosphate&nbsp;reductase,93.2
1461693.ATO10_15105,KCV80859.1,Sulfur&nbsp;oxidation&nbsp;F&nbsp;protein,93.0
1461693.ATO10_06961,KCV82663.1,annotation&nbsp;not&nbsp;available,93.0
1461693.ATO10_14409,KCV81002.1,COG0745&nbsp;Response&nbsp;regulators&nbsp;consisting&nbsp;of&nbsp;a&nbsp;CheY-like&nbsp;receiver&nbsp;domain&nbsp;and&nbsp;a&nbsp;winged-helix&nbsp;DNA-binding&nbsp;domain,92.9
1461693.ATO10_00095,ftsA,Cell&nbsp;division&nbsp;protein&nbsp;FtsA,92.9
1461693.ATO10_08037,KCV82324.1,annotation&nbsp;not&nbsp;available,92.7
1461693.ATO10_15520,rplK,50S&nbsp;ribosomal&nbsp;protein&nbsp;L11,92.6
1461693.ATO10_03882,rplW,50S&nbsp;ribosomal&nbsp;protein&nbsp;L23,92.5
1461693.ATO10_04837,gshB,COG0189&nbsp;Glutathione&nbsp;synthase/Ribosomal&nbsp;protein&nbsp;S6&nbsp;modification&nbsp;enzyme&nbsp;(glutaminyl&nbsp;transferase),92.5
1461693.ATO10_03877,rplD,50S&nbsp;ribosomal&nbsp;protein&nbsp;L4,92.5
1461693.ATO10_09623,infA,Translation&nbsp;initiation&nbsp;factor&nbsp;IF-1,92.4
1461693.ATO10_13264,KCV81152.1,annotation&nbsp;not&nbsp;available,92.4
1461693.ATO10_04032,rpoA,DNA-directed&nbsp;RNA&nbsp;polymerase&nbsp;subunit&nbsp;alpha,92.4
1461693.ATO10_09933,KCV82156.1,TRAP&nbsp;dicarboxylate&nbsp;transporter,92.3
1461693.ATO10_00750,KCV83245.1,"COG1593&nbsp;TRAP-type&nbsp;C4-dicarboxylate&nbsp;transport&nbsp;system,&nbsp;large&nbsp;permease&nbsp;component",92.2
1461693.ATO10_11322,ribB,"3,4-dihydroxy-2-butanone&nbsp;4-phosphate&nbsp;synthase",92.1
1461693.ATO10_15355,KCV80812.1,COG0044&nbsp;Dihydroorotase&nbsp;and&nbsp;related&nbsp;cyclic&nbsp;amidohydrolases,92.0
1461693.ATO10_06266,grpE,Protein&nbsp;GrpE,91.8
1461693.ATO10_00950,glmM,Phosphoglucosamine&nbsp;mutase,91.8
1461693.ATO10_03180,KCV83730.1,COG5000&nbsp;Signal&nbsp;transduction&nbsp;histidine&nbsp;kinase&nbsp;involved&nbsp;in&nbsp;nitrogen&nbsp;fixation&nbsp;and&nbsp;metabolism&nbsp;regulation,91.7
1461693.ATO10_12694,KCV81261.1,Precorrin-3B&nbsp;synthase,91.7
1461693.ATO10_05237,KCV82987.1,COG0492&nbsp;Thioredoxin&nbsp;reductase,91.6
1461693.ATO10_08227,KCV82362.1,Ubiquinol-cytochrome&nbsp;c&nbsp;reductase&nbsp;iron-sulfur&nbsp;subunit,91.4
1461693.ATO10_15460,fusA,Elongation&nbsp;factor&nbsp;G,91.4
1461693.ATO10_03410,KCV83776.1,COG1104&nbsp;Cysteine&nbsp;sulfinate&nbsp;desulfinase/cysteine&nbsp;desulfurase&nbsp;and&nbsp;related&nbsp;enzymes,91.3
1461693.ATO10_01245,KCV83344.1,COG3474&nbsp;Cytochrome&nbsp;c2,91.2
1461693.ATO10_07247,KCV82166.1,COG0642&nbsp;Signal&nbsp;transduction&nbsp;histidine&nbsp;kinase,91.2
1461693.ATO10_00365,nuoD,NADH-quinone&nbsp;oxidoreductase&nbsp;subunit&nbsp;D,91.1
1461693.ATO10_04392,znuC,Zinc&nbsp;import&nbsp;ATP-binding&nbsp;protein&nbsp;ZnuC,91.1
1461693.ATO10_13549,KCV81209.1,COG0664&nbsp;cAMP-binding&nbsp;proteins&nbsp;-&nbsp;catabolite&nbsp;gene&nbsp;activator&nbsp;and&nbsp;regulatory&nbsp;subunit&nbsp;of&nbsp;cAMP-dependent&nbsp;protein&nbsp;kinases,91.1
1461693.ATO10_01655,KCV83426.1,COG0623&nbsp;Enoyl-[acyl-carrier-protein]&nbsp;reductase&nbsp;(NADH),91.1
1461693.ATO10_08502,KCV82417.1,Sulfotransferase,91.0
1461693.ATO10_09483,KCV82068.1,COG0789&nbsp;Predicted&nbsp;transcriptional&nbsp;regulators,90.9
1461693.ATO10_06976,rpsO,30S&nbsp;ribosomal&nbsp;protein&nbsp;S15,90.9
1461693.ATO10_01725,KCV83439.1,Solute-binding&nbsp;family&nbsp;7&nbsp;protein,90.8
1461693.ATO10_08743,gcvP,Glycine&nbsp;dehydrogenase&nbsp;(decarboxylating),90.7
1461693.ATO10_06391,hslV,ATP-dependent&nbsp;protease&nbsp;subunit&nbsp;HslV,90.5
1461693.ATO10_12359,KCV81399.1,Extracellular&nbsp;solute-binding&nbsp;protein,90.5
1461693.ATO10_08427,KCV82402.1,Class&nbsp;I&nbsp;and&nbsp;II&nbsp;aminotransferase,90.5
1461693.ATO10_10700,KCV81809.1,COG0642&nbsp;Signal&nbsp;transduction&nbsp;histidine&nbsp;kinase,90.5
1461693.ATO10_08532,KCV82423.1,NADH-ubiquinone&nbsp;oxidoreductase,90.4
1461693.ATO10_15205,KCV80879.1,"Transcriptional&nbsp;regulator,&nbsp;LuxR&nbsp;family&nbsp;protein",90.4
1461693.ATO10_07191,KCV82709.1,COG0069&nbsp;Glutamate&nbsp;synthase&nbsp;domain&nbsp;2,90.4
1461693.ATO10_15145,KCV80867.1,Sulfur&nbsp;oxidation&nbsp;protein&nbsp;SoxY,90.2
1461693.ATO10_07972,KCV82311.1,Ferredoxin,90.1
1461693.ATO10_00730,KCV83241.1,COG4191&nbsp;Signal&nbsp;transduction&nbsp;histidine&nbsp;kinase&nbsp;regulating&nbsp;C4-dicarboxylate&nbsp;transport&nbsp;system,90.1
1461693.ATO10_12364,KCV81400.1,Binding-protein-dependent&nbsp;transport&nbsp;system&nbsp;inner&nbsp;membrane&nbsp;protein,90.1
1461693.ATO10_04022,rpsM,30S&nbsp;ribosomal&nbsp;protein&nbsp;S13,90.1
1461693.ATO10_12549,KCV81437.1,annotation&nbsp;not&nbsp;available,90.0
1461693.ATO10_07141,pyrF,Orotidine&nbsp;5'-phosphate&nbsp;decarboxylase,89.9
1461693.ATO10_02315,bamA,Outer&nbsp;membrane&nbsp;protein&nbsp;assembly&nbsp;factor&nbsp;BamA,89.9
1461693.ATO10_12624,KCV81452.1,annotation&nbsp;not&nbsp;available,89.9
1461693.ATO10_01075,KCV83310.1,WecB/TagA/CpsF&nbsp;family&nbsp;glycosyl&nbsp;transferase,89.9
1461693.ATO10_03360,KCV83766.1,Two&nbsp;component&nbsp;transcriptional&nbsp;regulator,89.9
1461693.ATO10_00420,nuoI,NADH-quinone&nbsp;oxidoreductase&nbsp;subunit&nbsp;I,89.9
1461693.ATO10_06041,dnaK,Chaperone&nbsp;protein&nbsp;DnaK,89.8
1461693.ATO10_00040,KCV83103.1,Uncharacterized&nbsp;protein,89.6
1461693.ATO10_13249,argH,COG0165&nbsp;Argininosuccinate&nbsp;lyase,89.6
1461693.ATO10_04982,hisZ,COG3705&nbsp;ATP&nbsp;phosphoribosyltransferase&nbsp;involved&nbsp;in&nbsp;histidine&nbsp;biosynthesis,89.5
1461693.ATO10_01430,KCV83381.1,Type&nbsp;I&nbsp;secretion&nbsp;target&nbsp;repeat-containing&nbsp;protein,89.4
1461693.ATO10_01715,KCV83437.1,Two&nbsp;component&nbsp;transcriptional&nbsp;regulator,89.4
1461693.ATO10_01805,secF,Protein-export&nbsp;membrane&nbsp;protein&nbsp;SecF,89.4
1461693.ATO10_11377,dnaG,DNA&nbsp;primase,89.3
1461693.ATO10_11912,mdh,Malate&nbsp;dehydrogenase,89.2
1461693.ATO10_10715,KCV81812.1,Formate&nbsp;dehydrogenase&nbsp;subunit&nbsp;beta,89.2
1461693.ATO10_00600,KCV83215.1,Replicative&nbsp;DNA&nbsp;helicase,89.1
1461693.ATO10_10765,KCV81822.1,COG2864&nbsp;Cytochrome&nbsp;b&nbsp;subunit&nbsp;of&nbsp;formate&nbsp;dehydrogenase,89.1
1461693.ATO10_03972,rplF,50S&nbsp;ribosomal&nbsp;protein&nbsp;L6,89.1
1461693.ATO10_01425,KCV83380.1,"COG1249&nbsp;Pyruvate/2-oxoglutarate&nbsp;dehydrogenase&nbsp;complex,&nbsp;dihydrolipoamide&nbsp;dehydrogenase&nbsp;(E3)&nbsp;component,&nbsp;and&nbsp;related&nbsp;enzymes",89.0
1461693.ATO10_00445,KCV83184.1,COG1008&nbsp;NADH:ubiquinone&nbsp;oxidoreductase&nbsp;subunit&nbsp;4&nbsp;(chain&nbsp;M),88.9
1461693.ATO10_05112,atpC,ATP&nbsp;synthase&nbsp;epsilon&nbsp;chain,88.9
1461693.ATO10_11942,KCV81623.1,"COG1249&nbsp;Pyruvate/2-oxoglutarate&nbsp;dehydrogenase&nbsp;complex,&nbsp;dihydrolipoamide&nbsp;dehydrogenase&nbsp;(E3)&nbsp;component,&nbsp;and&nbsp;related&nbsp;enzymes",88.9
1461693.ATO10_06741,KCV82619.1,"COG1593&nbsp;TRAP-type&nbsp;C4-dicarboxylate&nbsp;transport&nbsp;system,&nbsp;large&nbsp;permease&nbsp;component",88.9
1461693.ATO10_05192,purK,N5-carboxyaminoimidazole&nbsp;ribonucleotide&nbsp;synthase,88.9
1461693.ATO10_02115,pdhA,Pyruvate&nbsp;dehydrogenase&nbsp;E1&nbsp;component&nbsp;subunit&nbsp;alpha,88.8
1461693.ATO10_09783,KCV82126.1,Transcriptional&nbsp;regulator,88.8
1461693.ATO10_12244,atpE,ATP&nbsp;synthase&nbsp;subunit&nbsp;c,88.7
1461693.ATO10_02850,KCV83664.1,Phosphate-specific&nbsp;transport&nbsp;system&nbsp;accessory&nbsp;protein&nbsp;PhoU,88.6
1461693.ATO10_15030,KCV80844.1,Phosphonates&nbsp;transport&nbsp;ATP-binding&nbsp;protein&nbsp;PhnL,88.6
1461693.ATO10_10755,KCV81820.1,Transcriptional&nbsp;regulatory&nbsp;protein,88.6
1461693.ATO10_06401,KCV82551.1,UvrD/REP&nbsp;helicase,88.6
1461693.ATO10_05257,KCV82991.1,Uncharacterized&nbsp;protein,88.5
1461693.ATO10_05227,cysC,Adenylyl-sulfate&nbsp;kinase,88.5
1461693.ATO10_07106,rpmJ,COG0257&nbsp;Ribosomal&nbsp;protein&nbsp;L36,88.5
1461693.ATO10_12179,rpsP,COG0228&nbsp;Ribosomal&nbsp;protein&nbsp;S16,88.4
1461693.ATO10_14944,KCV80958.1,Diguanylate&nbsp;cyclase,88.2
1461693.ATO10_09173,KCV82006.1,Uncharacterized&nbsp;protein,88.1
1461693.ATO10_08247,KCV82366.1,COG3474&nbsp;Cytochrome&nbsp;c2,88.1
1461693.ATO10_01835,KCV83461.1,Periplasmic&nbsp;protein&nbsp;thiol--disulfide&nbsp;oxidoreductase&nbsp;DsbE,88.0
1461693.ATO10_07957,KCV82308.1,COG1146&nbsp;Ferredoxin,87.9
1461693.ATO10_07592,KCV82235.1,"COG1902&nbsp;NADH:flavin&nbsp;oxidoreductases,&nbsp;Old&nbsp;Yellow&nbsp;Enzyme&nbsp;family",87.9
1461693.ATO10_12057,KCV81646.1,"COG4770&nbsp;Acetyl/propionyl-CoA&nbsp;carboxylase,&nbsp;alpha&nbsp;subunit",87.8
1461693.ATO10_03330,KCV83760.1,COG0623&nbsp;Enoyl-[acyl-carrier-protein]&nbsp;reductase&nbsp;(NADH),87.8
1461693.ATO10_08007,KCV82318.1,COG0438&nbsp;Glycosyltransferase,87.8
1461693.ATO10_09328,KCV82037.1,COG2084&nbsp;3-hydroxyisobutyrate&nbsp;dehydrogenase&nbsp;and&nbsp;related&nbsp;beta-hydroxyacid&nbsp;dehydrogenases,87.7
1461693.ATO10_01995,KCV83493.1,3-oxoacyl-[acyl-carrier-protein]&nbsp;synthase&nbsp;2,87.6
1461693.ATO10_08042,KCV82325.1,COG0438&nbsp;Glycosyltransferase,87.6
1461693.ATO10_09353,glyA,Serine&nbsp;hydroxymethyltransferase,87.6
1461693.ATO10_10475,KCV81764.1,Two-component&nbsp;sensor&nbsp;histidine&nbsp;kinase/response&nbsp;regulator&nbsp;hybrid&nbsp;protein,87.5
1461693.ATO10_01950,rpsR,30S&nbsp;ribosomal&nbsp;protein&nbsp;S18,87.5
1461693.ATO10_04632,KCV82866.1,Siroheme&nbsp;synthase&nbsp;CysG,87.4
1461693.ATO10_03825,fbp,"COG0158&nbsp;Fructose-1,6-bisphosphatase",87.4
1461693.ATO10_14874,hisF,Imidazole&nbsp;glycerol&nbsp;phosphate&nbsp;synthase&nbsp;subunit&nbsp;HisF,87.3
1461693.ATO10_08387,KCV82394.1,COG1366&nbsp;Anti-anti-sigma&nbsp;regulatory&nbsp;factor&nbsp;(antagonist&nbsp;of&nbsp;anti-sigma&nbsp;factor),87.3
1461693.ATO10_04492,KCV82838.1,Phosphoadenylyl-sulfate&nbsp;reductase&nbsp;(thioredoxin),87.3
1461693.ATO10_06971,KCV82665.1,Globin,87.2
1461693.ATO10_01525,purL,Phosphoribosylformylglycinamidine&nbsp;synthase&nbsp;subunit&nbsp;PurL,86.9
1461693.ATO10_03810,KCV83856.1,Two-component&nbsp;hybrid&nbsp;sensor&nbsp;and&nbsp;regulator,86.8
1461693.ATO10_03800,KCV83854.1,"COG0559&nbsp;Branched-chain&nbsp;amino&nbsp;acid&nbsp;ABC-type&nbsp;transport&nbsp;system,&nbsp;permease&nbsp;components",86.7
1461693.ATO10_09048,trpB,Tryptophan&nbsp;synthase&nbsp;beta&nbsp;chain,86.6
1461693.ATO10_04042,rplQ,COG0203&nbsp;Ribosomal&nbsp;protein&nbsp;L17,86.6
1461693.ATO10_04612,KCV82862.1,"Assimilatory&nbsp;nitrite&nbsp;reductase,&nbsp;large&nbsp;subunit",86.6
1461693.ATO10_07472,KCV82211.1,COG2897&nbsp;Rhodanese-related&nbsp;sulfurtransferase,86.5
1461693.ATO10_00235,pntA,NAD(P)&nbsp;transhydrogenase&nbsp;subunit&nbsp;alpha,86.3
1461693.ATO10_03977,rplR,50S&nbsp;ribosomal&nbsp;protein&nbsp;L18,86.3
1461693.ATO10_08668,leuA,2-isopropylmalate&nbsp;synthase,86.3
1461693.ATO10_00690,KCV83233.1,COG0845&nbsp;Membrane-fusion&nbsp;protein,86.2
1461693.ATO10_09158,KCV82003.1,"COG4176&nbsp;ABC-type&nbsp;proline/glycine&nbsp;betaine&nbsp;transport&nbsp;system,&nbsp;permease&nbsp;component",86.2
1461693.ATO10_04952,KCV82930.1,"COG4631&nbsp;Xanthine&nbsp;dehydrogenase,&nbsp;molybdopterin-binding&nbsp;subunit&nbsp;B",86.1
1461693.ATO10_14269,rpmG,COG0267&nbsp;Ribosomal&nbsp;protein&nbsp;L33,85.9
1461693.ATO10_10865,KCV81842.1,COG4451&nbsp;Ribulose&nbsp;bisphosphate&nbsp;carboxylase&nbsp;small&nbsp;subunit,85.8
1461693.ATO10_15080,KCV80854.1,"COG3639&nbsp;ABC-type&nbsp;phosphate/phosphonate&nbsp;transport&nbsp;system,&nbsp;permease&nbsp;component",85.8
1461693.ATO10_01735,KCV83441.1,"TRAP&nbsp;transporter,&nbsp;subunit&nbsp;DctM",85.7
1461693.ATO10_04582,KCV82856.1,Transcription&nbsp;antitermination&nbsp;regulatory&nbsp;protein,85.7
1461693.ATO10_09823,KCV82134.1,Alkaline&nbsp;phosphatase&nbsp;synthesis&nbsp;transcriptional&nbsp;regulatory&nbsp;protein,85.7
1461693.ATO10_11137,KCV81462.1,Glutathione-disulfide&nbsp;reductase,85.5
1461693.ATO10_02695,KCV83633.1,COG0008&nbsp;Glutamyl-&nbsp;and&nbsp;glutaminyl-tRNA&nbsp;synthetases,85.4
1461693.ATO10_05732,KCV83086.1,Uncharacterized&nbsp;protein,85.3
1461693.ATO10_13079,KCV81338.1,COG1012&nbsp;NAD-dependent&nbsp;aldehyde&nbsp;dehydrogenases,85.3
1461693.ATO10_01580,KCV83411.1,COG0372&nbsp;Citrate&nbsp;synthase,85.3
1461693.ATO10_02840,KCV83662.1,"COG0581&nbsp;ABC-type&nbsp;phosphate&nbsp;transport&nbsp;system,&nbsp;permease&nbsp;component",85.3
1461693.ATO10_03530,ndk,Nucleoside&nbsp;diphosphate&nbsp;kinase,85.2
1461693.ATO10_00415,nuoH,NADH-quinone&nbsp;oxidoreductase&nbsp;subunit&nbsp;H,84.9
1461693.ATO10_13999,KCV81091.1,Two&nbsp;component&nbsp;transcriptional&nbsp;regulator,84.8
1461693.ATO10_11347,KCV81504.1,Riboflavin&nbsp;biosynthesis&nbsp;protein&nbsp;RibD,84.7
1461693.ATO10_07402,KCV82197.1,COG2951&nbsp;Membrane-bound&nbsp;lytic&nbsp;murein&nbsp;transglycosylase&nbsp;B,84.7
1461693.ATO10_04497,KCV82839.1,COG1018&nbsp;Flavodoxin&nbsp;reductases&nbsp;(ferredoxin-NADPH&nbsp;reductases)&nbsp;family&nbsp;1,84.7
1461693.ATO10_06141,KCV82499.1,Carbon-nitrogen&nbsp;family&nbsp;hydrolase,84.7
1461693.ATO10_01285,KCV83352.1,"COG0834&nbsp;ABC-type&nbsp;amino&nbsp;acid&nbsp;transport/signal&nbsp;transduction&nbsp;systems,&nbsp;periplasmic&nbsp;component/domain",84.6
1461693.ATO10_10490,KCV81767.1,Family&nbsp;3&nbsp;extracellular&nbsp;solute-binding&nbsp;protein,84.6
1461693.ATO10_02505,rpmA,COG0211&nbsp;Ribosomal&nbsp;protein&nbsp;L27,84.5
1461693.ATO10_03510,KCV83796.1,Uncharacterized&nbsp;protein,84.4
1461693.ATO10_01125,KCV83320.1,annotation&nbsp;not&nbsp;available,84.3
1461693.ATO10_10155,KCV81700.1,"TRAP&nbsp;transporter&nbsp;solute&nbsp;receptor,&nbsp;TAXI&nbsp;family&nbsp;protein",84.2
1461693.ATO10_09888,KCV82147.1,Phosphonopyruvate&nbsp;decarboxylase,84.2
1461693.ATO10_07342,rpoZ,DNA-directed&nbsp;RNA&nbsp;polymerase&nbsp;subunit&nbsp;omega,84.0
1461693.ATO10_12659,KCV81254.1,COG2875&nbsp;Precorrin-4&nbsp;methylase,84.0
1461693.ATO10_15410,KCV80823.1,"COG0314&nbsp;Molybdopterin&nbsp;converting&nbsp;factor,&nbsp;large&nbsp;subunit",83.9
1461693.ATO10_10430,KCV81755.1,annotation&nbsp;not&nbsp;available,83.9
1461693.ATO10_03947,rplN,50S&nbsp;ribosomal&nbsp;protein&nbsp;L14,83.8
1461693.ATO10_06726,KCV82616.1,Bifunctional&nbsp;protein&nbsp;PutA,83.8
1461693.ATO10_15515,rplA,50S&nbsp;ribosomal&nbsp;protein&nbsp;L1,83.6
1461693.ATO10_08918,KCV81955.1,3-hydroxydecanoyl-[acyl-carrier-protein]&nbsp;dehydratase,83.6
1461693.ATO10_00695,KCV83234.1,ABC&nbsp;transporter-like&nbsp;protein,83.5
1461693.ATO10_09960,KCV81661.1,COG0033&nbsp;Phosphoglucomutase,83.5
1461693.ATO10_09018,glsA,COG2066&nbsp;Glutaminase,83.5
1461693.ATO10_09093,KCV81990.1,COG1304&nbsp;L-lactate&nbsp;dehydrogenase&nbsp;(FMN-dependent)&nbsp;and&nbsp;related&nbsp;alpha-hydroxy&nbsp;acid&nbsp;dehydrogenases,83.4
1461693.ATO10_01585,gltX,Glutamate--tRNA&nbsp;ligase,83.4
1461693.ATO10_01720,KCV83438.1,COG4564&nbsp;Signal&nbsp;transduction&nbsp;histidine&nbsp;kinase,83.4
1461693.ATO10_15425,uvrC,UvrABC&nbsp;system&nbsp;protein&nbsp;C,83.2
1461693.ATO10_02975,tsf,Elongation&nbsp;factor&nbsp;Ts,83.2
1461693.ATO10_02835,KCV83661.1,Phosphate&nbsp;transport&nbsp;system&nbsp;permease&nbsp;protein,83.1
1461693.ATO10_10160,KCV81701.1,"TRAP&nbsp;transporter,&nbsp;4TM/12TM&nbsp;fusion&nbsp;protein",83.1
1461693.ATO10_05387,KCV83017.1,COG0778&nbsp;Nitroreductase,83.0
1461693.ATO10_04147,KCV82769.1,EAL&nbsp;domain-containing&nbsp;protein,82.9
1461693.ATO10_14714,apt,Adenine&nbsp;phosphoribosyltransferase,82.9
1461693.ATO10_06911,leuD,3-isopropylmalate&nbsp;dehydratase&nbsp;small&nbsp;subunit,82.8
1461693.ATO10_11862,sdhB,"COG0479&nbsp;Succinate&nbsp;dehydrogenase/fumarate&nbsp;reductase,&nbsp;Fe-S&nbsp;protein&nbsp;subunit",82.7
1461693.ATO10_01630,trpE,Anthranilate&nbsp;synthase&nbsp;component&nbsp;1,82.7
1461693.ATO10_02755,KCV83645.1,Uncharacterized&nbsp;protein,82.6
1461693.ATO10_04712,KCV82882.1,Periplasmic&nbsp;binding&nbsp;protein/LacI&nbsp;transcriptional&nbsp;regulator,82.5
1461693.ATO10_02770,KCV83648.1,"COG0411&nbsp;ABC-type&nbsp;branched-chain&nbsp;amino&nbsp;acid&nbsp;transport&nbsp;systems,&nbsp;ATPase&nbsp;component",82.5
1461693.ATO10_11107,KCV81456.1,COG0633&nbsp;Ferredoxin,82.4
1461693.ATO10_11372,rpoD,RNA&nbsp;polymerase&nbsp;sigma&nbsp;factor&nbsp;RpoD,82.4
1461693.ATO10_05642,ruvB,Holliday&nbsp;junction&nbsp;ATP-dependent&nbsp;DNA&nbsp;helicase&nbsp;RuvB,82.4
1461693.ATO10_09913,KCV82152.1,annotation&nbsp;not&nbsp;available,82.4
1461693.ATO10_06951,KCV82661.1,NAD(FAD)-dependent&nbsp;dehydrogenase,82.3
1461693.ATO10_12874,KCV81297.1,TRAP&nbsp;dicarboxylate&nbsp;transporter&nbsp;subunit&nbsp;DctP,82.3
1461693.ATO10_03265,ihfA,Integration&nbsp;host&nbsp;factor&nbsp;subunit&nbsp;alpha,82.2
1461693.ATO10_05552,KCV83050.1,Uncharacterized&nbsp;protein,82.1
1461693.ATO10_01945,rplI,50S&nbsp;ribosomal&nbsp;protein&nbsp;L9,82.1
1461693.ATO10_01710,KCV83436.1,Acetolactate&nbsp;synthase,81.9
1461693.ATO10_15540,secE,Protein&nbsp;translocase&nbsp;subunit&nbsp;SecE,81.9
1461693.ATO10_05062,KCV82952.1,annotation&nbsp;not&nbsp;available,81.8
1461693.ATO10_02750,KCV83644.1,"COG4177&nbsp;ABC-type&nbsp;branched-chain&nbsp;amino&nbsp;acid&nbsp;transport&nbsp;system,&nbsp;permease&nbsp;component",81.6
1461693.ATO10_07552,KCV82227.1,Pyridine&nbsp;nucleotide-disulfide&nbsp;oxidoreductase,81.4
1461693.ATO10_05107,atpD,ATP&nbsp;synthase&nbsp;subunit&nbsp;beta,81.3
1461693.ATO10_02370,recG,ATP-dependent&nbsp;DNA&nbsp;helicase&nbsp;RecG,81.1
1461693.ATO10_14454,KCV81011.1,Inner-membrane&nbsp;translocator,81.1
1461693.ATO10_01030,KCV83301.1,Cytochrome-c&nbsp;oxidase,81.1
1461693.ATO10_14289,gatC,Aspartyl/glutamyl-tRNA(Asn/Gln)&nbsp;amidotransferase&nbsp;subunit&nbsp;C,81.0
1461693.ATO10_13134,KCV81349.1,DNA&nbsp;helicase,81.0
1461693.ATO10_15500,rplJ,50S&nbsp;ribosomal&nbsp;protein&nbsp;L10,80.9
1461693.ATO10_06466,KCV82564.1,Uncharacterized&nbsp;protein,80.9
1461693.ATO10_03125,purC,COG0152&nbsp;Phosphoribosylaminoimidazolesuccinocarboxamide&nbsp;(SAICAR)&nbsp;synthase,80.8
1461693.ATO10_10645,fumC,Fumarate&nbsp;hydratase&nbsp;class&nbsp;II,80.8
1461693.ATO10_12774,KCV81277.1,Hydrogen:quinone&nbsp;oxidoreductase,80.7
1461693.ATO10_14534,rpmB,COG0227&nbsp;Ribosomal&nbsp;protein&nbsp;L28,80.6
1461693.ATO10_10200,KCV81709.1,NAD-binding&nbsp;3-hydroxyacyl-CoA&nbsp;dehydrogenase,80.5
1461693.ATO10_00740,KCV83243.1,C4-dicarboxylate-binding&nbsp;periplasmic&nbsp;protein&nbsp;DctP,80.5
1461693.ATO10_09908,KCV82151.1,COG0236&nbsp;Acyl&nbsp;carrier&nbsp;protein,80.4
1461693.ATO10_13514,KCV81202.1,"Cytochrome&nbsp;c,&nbsp;class&nbsp;I",80.4
1461693.ATO10_06526,KCV82576.1,COG3206&nbsp;Uncharacterized&nbsp;protein&nbsp;involved&nbsp;in&nbsp;exopolysaccharide&nbsp;biosynthesis,80.3
1461693.ATO10_05102,atpG,ATP&nbsp;synthase&nbsp;gamma&nbsp;chain,80.2
1461693.ATO10_01955,rpsF,30S&nbsp;ribosomal&nbsp;protein&nbsp;S6,80.2
1461693.ATO10_13739,KCV81247.1,COG0334&nbsp;Glutamate&nbsp;dehydrogenase/leucine&nbsp;dehydrogenase,80.2
1461693.ATO10_05367,KCV83013.1,COG0745&nbsp;Response&nbsp;regulators&nbsp;consisting&nbsp;of&nbsp;a&nbsp;CheY-like&nbsp;receiver&nbsp;domain&nbsp;and&nbsp;a&nbsp;winged-helix&nbsp;DNA-binding&nbsp;domain,80.2
1461693.ATO10_00275,moaA,"GTP&nbsp;3',8-cyclase",80.2
1461693.ATO10_01880,KCV83470.1,OsmC-like&nbsp;protein,80.2
1461693.ATO10_00735,KCV83242.1,C4-dicarboxylate&nbsp;transport&nbsp;transcriptional&nbsp;regulator,80.1
1461693.ATO10_10425,purF,Amidophosphoribosyltransferase,80.1
1461693.ATO10_07076,mutL,DNA&nbsp;mismatch&nbsp;repair&nbsp;protein&nbsp;MutL,80.0
1461693.ATO10_04407,KCV82821.1,FAD-dependent&nbsp;pyridine&nbsp;nucleotide-disulfide&nbsp;oxidoreductase,80.0
1461693.ATO10_02405,KCV83575.1,Alpha-isopropylmalate/homocitrate&nbsp;synthase&nbsp;family&nbsp;transferase,79.9
1461693.ATO10_11927,sucD,Succinate--CoA&nbsp;ligase&nbsp;[ADP-forming]&nbsp;subunit&nbsp;alpha,79.8
1461693.ATO10_02575,ctaA,Heme&nbsp;A&nbsp;synthase,79.7
1461693.ATO10_05122,prs,Ribose-phosphate&nbsp;pyrophosphokinase,79.7
1461693.ATO10_15125,KCV80863.1,Sulfur&nbsp;oxidation&nbsp;molybdopterin&nbsp;C&nbsp;protein,79.7
1461693.ATO10_12154,rplS,50S&nbsp;ribosomal&nbsp;protein&nbsp;L19,79.7
1461693.ATO10_06561,KCV82583.1,Beta&nbsp;sliding&nbsp;clamp,79.7
1461693.ATO10_08112,bioD,ATP-dependent&nbsp;dethiobiotin&nbsp;synthetase&nbsp;BioD,79.6
1461693.ATO10_05017,rpsD,30S&nbsp;ribosomal&nbsp;protein&nbsp;S4,79.5
1461693.ATO10_10445,KCV81758.1,Sarcosine&nbsp;oxidase&nbsp;beta&nbsp;subunit&nbsp;family&nbsp;protein,79.4
1461693.ATO10_03907,rplV,50S&nbsp;ribosomal&nbsp;protein&nbsp;L22,79.3
1461693.ATO10_00390,KCV83173.1,NADH-quinone&nbsp;oxidoreductase&nbsp;subunit&nbsp;F,79.3
1461693.ATO10_13359,rplT,50S&nbsp;ribosomal&nbsp;protein&nbsp;L20,79.1
1461693.ATO10_09928,KCV82155.1,TRAP&nbsp;dicarboxylate&nbsp;transporter&nbsp;subunit&nbsp;DctP,78.8
1461693.ATO10_12174,KCV81362.1,"Cob(II)yrinic&nbsp;acid&nbsp;a,c-diamide&nbsp;reductase",78.5
1461693.ATO10_06411,KCV82553.1,Nucleotidyltransferase,78.5
1461693.ATO10_00640,ureC,Urease&nbsp;subunit&nbsp;alpha,78.5
1461693.ATO10_00745,KCV83244.1,TRAP&nbsp;dicarboxylate&nbsp;transporter&nbsp;subunit&nbsp;DctQ,78.3
1461693.ATO10_02435,zwf,Glucose-6-phosphate&nbsp;1-dehydrogenase,78.3
1461693.ATO10_06821,KCV82635.1,annotation&nbsp;not&nbsp;available,78.2
1461693.ATO10_02765,KCV83647.1,"COG0410&nbsp;ABC-type&nbsp;branched-chain&nbsp;amino&nbsp;acid&nbsp;transport&nbsp;systems,&nbsp;ATPase&nbsp;component",78.2
1461693.ATO10_05142,KCV82968.1,COG2030&nbsp;Acyl&nbsp;dehydratase,78.1
1461693.ATO10_07337,KCV82184.1,"(P)ppGpp&nbsp;synthetase&nbsp;I,&nbsp;SpoT/RelA",77.8
1461693.ATO10_03595,prfA,Peptide&nbsp;chain&nbsp;release&nbsp;factor&nbsp;1,77.8
1461693.ATO10_11352,nrdR,Transcriptional&nbsp;repressor&nbsp;NrdR,77.7
1461693.ATO10_02775,KCV83649.1,Putative&nbsp;periplasmic&nbsp;ligand-binding&nbsp;protein,77.7
1461693.ATO10_06906,leuC,3-isopropylmalate&nbsp;dehydratase&nbsp;large&nbsp;subunit,77.7
1461693.ATO10_14659,KCV80901.1,Cytochrome&nbsp;c&nbsp;oxidase&nbsp;subunit&nbsp;2,77.6
1461693.ATO10_09163,KCV82004.1,Glycine&nbsp;betaine/proline&nbsp;ABC&nbsp;transporter&nbsp;ATP-binding&nbsp;protein,77.5
1461693.ATO10_01450,KCV83385.1,COG2084&nbsp;3-hydroxyisobutyrate&nbsp;dehydrogenase&nbsp;and&nbsp;related&nbsp;beta-hydroxyacid&nbsp;dehydrogenases,77.4
1461693.ATO10_03190,KCV83732.1,Nitrogen&nbsp;regulation&nbsp;protein,77.3
1461693.ATO10_10915,KCV81852.1,COG0642&nbsp;Signal&nbsp;transduction&nbsp;histidine&nbsp;kinase,77.3
1461693.ATO10_12589,KCV81445.1,annotation&nbsp;not&nbsp;available,77.3
1461693.ATO10_01340,KCV83363.1,5-aminolevulinate&nbsp;synthase,77.2
1461693.ATO10_07026,KCV82676.1,DEAD/DEAH&nbsp;box&nbsp;helicase,77.2
1461693.ATO10_01360,KCV83367.1,Aminotransferase,77.2
1461693.ATO10_10760,KCV81821.1,Uncharacterized&nbsp;protein,77.2
1461693.ATO10_09303,trpA,Tryptophan&nbsp;synthase&nbsp;alpha&nbsp;chain,77.1
1461693.ATO10_04207,KCV82781.1,Putative&nbsp;mercuric&nbsp;reductase&nbsp;MerA,77.1
1461693.ATO10_04987,hisG,ATP&nbsp;phosphoribosyltransferase,77.1
1461693.ATO10_01730,KCV83440.1,Uncharacterized&nbsp;protein,77.1
1461693.ATO10_05667,KCV83073.1,annotation&nbsp;not&nbsp;available,77.1
1461693.ATO10_07427,KCV82202.1,FAD&nbsp;dependent&nbsp;oxidoreductase,77.0
1461693.ATO10_04617,KCV82863.1,"Assimilatory&nbsp;nitrite&nbsp;reductase,&nbsp;small&nbsp;subunit",76.9
1461693.ATO10_05637,ruvA,Holliday&nbsp;junction&nbsp;ATP-dependent&nbsp;DNA&nbsp;helicase&nbsp;RuvA,76.8
1461693.ATO10_14664,ctaB,Protoheme&nbsp;IX&nbsp;farnesyltransferase,76.6
1461693.ATO10_04027,rpsK,30S&nbsp;ribosomal&nbsp;protein&nbsp;S11,76.6
1461693.ATO10_15120,KCV80862.1,Sulfite&nbsp;oxidase&nbsp;cytochrome&nbsp;subunit,76.6
1461693.ATO10_02295,frr,Ribosome-recycling&nbsp;factor,76.6
1461693.ATO10_15055,KCV80849.1,Alkylphosphonate&nbsp;utilization&nbsp;protein&nbsp;PhnG,76.5
1461693.ATO10_04817,glnD,Bifunctional&nbsp;uridylyltransferase/uridylyl-removing&nbsp;enzyme,76.5
1461693.ATO10_10130,KCV81695.1,ABC&nbsp;transporter&nbsp;extracellular&nbsp;solute-binding&nbsp;protein,76.3
1461693.ATO10_04007,rplO,50S&nbsp;ribosomal&nbsp;protein&nbsp;L15,76.2
1461693.ATO10_08738,gcvH,Glycine&nbsp;cleavage&nbsp;system&nbsp;H&nbsp;protein,76.2
1461693.ATO10_10895,KCV81848.1,COG1304&nbsp;L-lactate&nbsp;dehydrogenase&nbsp;(FMN-dependent)&nbsp;and&nbsp;related&nbsp;alpha-hydroxy&nbsp;acid&nbsp;dehydrogenases,76.2
1461693.ATO10_04127,argB,Acetylglutamate&nbsp;kinase,76.0
1461693.ATO10_06606,KCV82592.1,COG0789&nbsp;Predicted&nbsp;transcriptional&nbsp;regulators,76.0
1461693.ATO10_07872,KCV82291.1,Uncharacterized&nbsp;protein,75.9
1461693.ATO10_08708,KCV81913.1,Glutamate--tRNA&nbsp;ligase,75.7
1461693.ATO10_01465,KCV83388.1,Putative&nbsp;glutamate--cysteine&nbsp;ligase&nbsp;2,75.7
1461693.ATO10_03917,rplP,50S&nbsp;ribosomal&nbsp;protein&nbsp;L16,75.5
1461693.ATO10_11882,KCV81611.1,Uncharacterized&nbsp;protein,75.4
1461693.ATO10_12254,KCV81378.1,ATP&nbsp;synthase&nbsp;subunit&nbsp;b,75.4
1461693.ATO10_13224,KCV81144.1,Acyltransferase,75.4
1461693.ATO10_08683,nadE,Glutamine-dependent&nbsp;NAD(+)&nbsp;synthetase,75.3
1461693.ATO10_15095,KCV80857.1,Phosphonates&nbsp;import&nbsp;ATP-binding&nbsp;protein&nbsp;PhnC,75.3
1461693.ATO10_02500,rplU,50S&nbsp;ribosomal&nbsp;protein&nbsp;L21,75.1
1461693.ATO10_05891,KCV82449.1,Phosphohydrolase,75.1
1461693.ATO10_00625,ureB,Urease&nbsp;subunit&nbsp;beta,74.9
1461693.ATO10_12614,KCV81450.1,Uncharacterized&nbsp;protein,74.8
1461693.ATO10_08367,KCV82390.1,Glutamate&nbsp;synthase&nbsp;(NADPH)&nbsp;large&nbsp;subunit,74.8
1461693.ATO10_12489,KCV81425.1,COG1012&nbsp;NAD-dependent&nbsp;aldehyde&nbsp;dehydrogenases,74.7
1461693.ATO10_11937,KCV81622.1,Dihydrolipoyllysine-residue&nbsp;succinyltransferase&nbsp;component&nbsp;of&nbsp;2-oxoglutarate&nbsp;dehydrogenase&nbsp;complex,74.7
1461693.ATO10_04477,KCV82835.1,Uroporphyrinogen-III&nbsp;C-methyltransferase,74.6
1461693.ATO10_11292,KCV81493.1,Putative&nbsp;serine--glyoxylate&nbsp;aminotransferase,74.5
1461693.ATO10_02615,rplM,50S&nbsp;ribosomal&nbsp;protein&nbsp;L13,74.4
1461693.ATO10_00350,nuoB,NADH-quinone&nbsp;oxidoreductase&nbsp;subunit&nbsp;B,74.3
1461693.ATO10_01680,KCV83430.1,Vitamin&nbsp;B12-dependent&nbsp;ribonucleotide&nbsp;reductase,74.3
1461693.ATO10_12619,KCV81451.1,COG0845&nbsp;Membrane-fusion&nbsp;protein,74.2
1461693.ATO10_07912,KCV82299.1,COG0664&nbsp;cAMP-binding&nbsp;proteins&nbsp;-&nbsp;catabolite&nbsp;gene&nbsp;activator&nbsp;and&nbsp;regulatory&nbsp;subunit&nbsp;of&nbsp;cAMP-dependent&nbsp;protein&nbsp;kinases,74.1
1461693.ATO10_13109,KCV81344.1,Extracellular&nbsp;substrate-binding&nbsp;protein,74.0
1461693.ATO10_02830,KCV83660.1,Phosphate&nbsp;ABC&nbsp;transporter&nbsp;substrate-binding&nbsp;protein,74.0
1461693.ATO10_09788,KCV82127.1,"Nitrate&nbsp;transporter&nbsp;component,&nbsp;nrtA",73.9
1461693.ATO10_12764,KCV81275.1,Sensor&nbsp;protein,73.8
1461693.ATO10_07762,KCV82269.1,COG1012&nbsp;NAD-dependent&nbsp;aldehyde&nbsp;dehydrogenases,73.8
1461693.ATO10_03465,recA,Protein&nbsp;RecA,73.8
1461693.ATO10_15140,KCV80866.1,annotation&nbsp;not&nbsp;available,73.7
1461693.ATO10_09473,KCV82066.1,COG0789&nbsp;Predicted&nbsp;transcriptional&nbsp;regulators,73.7
1461693.ATO10_00450,nuoN,NADH-quinone&nbsp;oxidoreductase&nbsp;subunit&nbsp;N,73.7
1461693.ATO10_11177,pyrG,CTP&nbsp;synthase,73.6
1461693.ATO10_05727,KCV83085.1,Lipoprotein,73.6
1461693.ATO10_06256,KCV82522.1,COG0281&nbsp;Malic&nbsp;enzyme,73.6
1461693.ATO10_10460,KCV81761.1,COG0070&nbsp;Glutamate&nbsp;synthase&nbsp;domain&nbsp;3,73.6
1461693.ATO10_01845,KCV83463.1,Bifunctional&nbsp;aconitate&nbsp;hydratase&nbsp;2/2-methylisocitrate&nbsp;dehydratase,73.4
1461693.ATO10_02375,KCV83569.1,Uncharacterized&nbsp;protein,73.3
1461693.ATO10_15050,phnH,Carbon-phosphorus&nbsp;lyase&nbsp;complex&nbsp;subunit,73.3
1461693.ATO10_12344,KCV81396.1,COG1012&nbsp;NAD-dependent&nbsp;aldehyde&nbsp;dehydrogenases,73.3
1461693.ATO10_03967,rpsH,30S&nbsp;ribosomal&nbsp;protein&nbsp;S8,73.1
1461693.ATO10_06221,KCV82515.1,Response&nbsp;regulator,73.1
1461693.ATO10_14679,KCV80905.1,"COG1845&nbsp;Heme/copper-type&nbsp;cytochrome/quinol&nbsp;oxidase,&nbsp;subunit&nbsp;3",73.1
1461693.ATO10_13364,pheS,COG0016&nbsp;Phenylalanyl-tRNA&nbsp;synthetase&nbsp;alpha&nbsp;subunit,73.0
1461693.ATO10_08908,KCV81953.1,COG0623&nbsp;Enoyl-[acyl-carrier-protein]&nbsp;reductase&nbsp;(NADH),72.9
1461693.ATO10_09443,KCV82060.1,3-hydroxyacyl-CoA&nbsp;dehydrogenase,72.9
1461693.ATO10_06696,KCV82610.1,Beta-ketothiolase,72.9
1461693.ATO10_13044,amiF,Formamidase,72.7
1461693.ATO10_10535,KCV81776.1,"COG1175&nbsp;ABC-type&nbsp;sugar&nbsp;transport&nbsp;systems,&nbsp;permease&nbsp;components",72.7
1461693.ATO10_13104,KCV81343.1,Integral&nbsp;membrane&nbsp;protein,72.6
1461693.ATO10_08477,KCV82412.1,Polar&nbsp;amino&nbsp;acid&nbsp;ABC&nbsp;transporter&nbsp;inner&nbsp;membrane&nbsp;protein,72.5
1461693.ATO10_15490,rpoB,DNA-directed&nbsp;RNA&nbsp;polymerase&nbsp;subunit&nbsp;beta,72.4
1461693.ATO10_05417,KCV83023.1,annotation&nbsp;not&nbsp;available,72.3
1461693.ATO10_01600,KCV83415.1,MoeA-like&nbsp;domain-containing&nbsp;protein,72.3
1461693.ATO10_15755,tuf,Elongation&nbsp;factor&nbsp;Tu,72.1
1461693.ATO10_04352,KCV82810.1,Transporter,72.1
1461693.ATO10_10145,KCV81698.1,Sensor&nbsp;protein&nbsp;FixL,72.0
1461693.ATO10_04197,rpmH,COG0230&nbsp;Ribosomal&nbsp;protein&nbsp;L34,72.0
1461693.ATO10_10275,acsA,Acetyl-coenzyme&nbsp;A&nbsp;synthetase,71.9
1461693.ATO10_09965,KCV81662.1,COG0642&nbsp;Signal&nbsp;transduction&nbsp;histidine&nbsp;kinase,71.8
1461693.ATO10_11527,KCV81540.1,"COG0810&nbsp;Periplasmic&nbsp;protein&nbsp;TonB,&nbsp;links&nbsp;inner&nbsp;and&nbsp;outer&nbsp;membranes",71.7
1461693.ATO10_12544,KCV81436.1,Putative&nbsp;modular&nbsp;PKS&nbsp;system,71.5
1461693.ATO10_04667,KCV82873.1,"COG1884&nbsp;Methylmalonyl-CoA&nbsp;mutase,&nbsp;N-terminal&nbsp;domain/subunit",71.4
1461693.ATO10_10800,KCV81829.1,Uncharacterized&nbsp;protein,71.3
1461693.ATO10_11872,KCV81609.1,"COG2142&nbsp;Succinate&nbsp;dehydrogenase,&nbsp;hydrophobic&nbsp;anchor&nbsp;subunit",71.2
1461693.ATO10_12789,KCV81280.1,"COG0374&nbsp;Ni,Fe-hydrogenase&nbsp;I&nbsp;large&nbsp;subunit",71.1
1461693.ATO10_13354,rpmI,COG0291&nbsp;Ribosomal&nbsp;protein&nbsp;L35,71.1
1461693.ATO10_15495,rplL,50S&nbsp;ribosomal&nbsp;protein&nbsp;L7/L12,71.0
1461693.ATO10_14134,KCV81118.1,COG0642&nbsp;Signal&nbsp;transduction&nbsp;histidine&nbsp;kinase,71.0
1461693.ATO10_06046,dnaJ,Chaperone&nbsp;protein&nbsp;DnaJ,71.0
1461693.ATO10_03872,rplC,50S&nbsp;ribosomal&nbsp;protein&nbsp;L3,70.9
1461693.ATO10_12569,KCV81441.1,Uncharacterized&nbsp;protein,70.8
1461693.ATO10_05197,purE,N5-carboxyaminoimidazole&nbsp;ribonucleotide&nbsp;mutase,70.7
1461693.ATO10_06316,trmE,tRNA&nbsp;modification&nbsp;GTPase&nbsp;MnmE,70.6
1461693.ATO10_03385,KCV83771.1,Protein&nbsp;SufD,70.6
1461693.ATO10_01085,KCV83312.1,COG3206&nbsp;Uncharacterized&nbsp;protein&nbsp;involved&nbsp;in&nbsp;exopolysaccharide&nbsp;biosynthesis,70.6
1461693.ATO10_00355,nuoC,NADH-quinone&nbsp;oxidoreductase&nbsp;subunit&nbsp;C,70.5
1461693.ATO10_04112,KCV82762.1,"COG0765&nbsp;ABC-type&nbsp;amino&nbsp;acid&nbsp;transport&nbsp;system,&nbsp;permease&nbsp;component",70.5
1461693.ATO10_05921,KCV82455.1,Transcriptional&nbsp;activator&nbsp;protein&nbsp;vanR,70.5
1461693.ATO10_15110,KCV80860.1,COG3474&nbsp;Cytochrome&nbsp;c2,70.4
1461693.ATO10_10020,dnaE2,Error-prone&nbsp;DNA&nbsp;polymerase,70.4
1461693.ATO10_12799,KCV81282.1,"COG1969&nbsp;Ni,Fe-hydrogenase&nbsp;I&nbsp;cytochrome&nbsp;b&nbsp;subunit",70.3
1461693.ATO10_10465,KCV81762.1,Glutamine&nbsp;amidotransferase,70.3
1461693.ATO10_13374,pheT,Phenylalanine--tRNA&nbsp;ligase&nbsp;beta&nbsp;subunit,70.1
1461693.ATO10_03300,KCV83754.1,annotation&nbsp;not&nbsp;available,70.1
1461693.ATO10_00335,KCV83162.1,Hydroxymethylglutaryl-CoA&nbsp;lyase,70.1
1461693.ATO10_15712,KCV80745.1,"COG2086&nbsp;Electron&nbsp;transfer&nbsp;flavoprotein,&nbsp;beta&nbsp;subunit",70.1
1461693.ATO10_04282,KCV82796.1,"Two&nbsp;component&nbsp;transcriptional&nbsp;regulator,&nbsp;winged&nbsp;helix&nbsp;family&nbsp;protein",70.0
1461693.ATO10_04622,KCV82864.1,Nitrate&nbsp;reductase,69.8
1461693.ATO10_09938,KCV82157.1,COG1304&nbsp;L-lactate&nbsp;dehydrogenase&nbsp;(FMN-dependent)&nbsp;and&nbsp;related&nbsp;alpha-hydroxy&nbsp;acid&nbsp;dehydrogenases,69.8
1461693.ATO10_14639,KCV80897.1,"COG1788&nbsp;Acyl&nbsp;CoA:acetate/3-ketoacid&nbsp;CoA&nbsp;transferase,&nbsp;alpha&nbsp;subunit",69.8
1461693.ATO10_00130,KCV83121.1,COG2343&nbsp;Uncharacterized&nbsp;protein&nbsp;conserved&nbsp;in&nbsp;bacteria,69.8
1461693.ATO10_01610,trpC,COG0134&nbsp;Indole-3-glycerol&nbsp;phosphate&nbsp;synthase,69.7
1461693.ATO10_13979,KCV81087.1,Periplasmic&nbsp;protein&nbsp;thiol--disulfide&nbsp;oxidoreductase&nbsp;DsbE,69.7
1461693.ATO10_07962,KCV82309.1,Oxidoreductase,69.7
1461693.ATO10_10710,KCV81811.1,Formate&nbsp;dehydrogenase&nbsp;subunit&nbsp;alpha,69.5
1461693.ATO10_00405,KCV83176.1,NADH-quinone&nbsp;oxidoreductase,69.5
1461693.ATO10_10575,KCV81784.1,"COG1071&nbsp;Pyruvate/2-oxoglutarate&nbsp;dehydrogenase&nbsp;complex,&nbsp;dehydrogenase&nbsp;(E1)&nbsp;component,&nbsp;eukaryotic&nbsp;type,&nbsp;alpha&nbsp;subunit",69.5
1461693.ATO10_12879,KCV81298.1,annotation&nbsp;not&nbsp;available,69.5
1461693.ATO10_03785,KCV83851.1,ABC&nbsp;transporter&nbsp;ATP-binding&nbsp;protein,69.4
1461693.ATO10_06506,tsaD,tRNA&nbsp;N6-adenosine&nbsp;threonylcarbamoyltransferase,69.4
1461693.ATO10_03962,rpsN,30S&nbsp;ribosomal&nbsp;protein&nbsp;S14,69.4
1461693.ATO10_15215,KCV80881.1,COG0147&nbsp;Anthranilate/para-aminobenzoate&nbsp;synthases&nbsp;component&nbsp;I,69.4
1461693.ATO10_03110,KCV83716.1,Sensor&nbsp;protein,69.4
1461693.ATO10_05332,carB,COG0458&nbsp;Carbamoylphosphate&nbsp;synthase&nbsp;large&nbsp;subunit&nbsp;(split&nbsp;gene&nbsp;in&nbsp;MJ),69.3
1461693.ATO10_08117,KCV82340.1,8-amino-7-oxononanoate&nbsp;synthase,69.3
1461693.ATO10_11917,sucC,Succinate--CoA&nbsp;ligase&nbsp;[ADP-forming]&nbsp;subunit&nbsp;beta,69.2
1461693.ATO10_10400,fni,Isopentenyl-diphosphate&nbsp;delta-isomerase,69.2
1461693.ATO10_13414,rpsU,COG0828&nbsp;Ribosomal&nbsp;protein&nbsp;S21,69.1
1461693.ATO10_05172,groS,10&nbsp;kDa&nbsp;chaperonin,69.1
1461693.ATO10_05092,atpH,ATP&nbsp;synthase&nbsp;subunit&nbsp;delta,69.1
1461693.ATO10_10830,KCV81835.1,Uncharacterized&nbsp;protein,69.0
1461693.ATO10_08913,KCV81954.1,Beta-ketoacyl&nbsp;synthase,69.0
1461693.ATO10_14624,KCV80894.1,"COG2057&nbsp;Acyl&nbsp;CoA:acetate/3-ketoacid&nbsp;CoA&nbsp;transferase,&nbsp;beta&nbsp;subunit",68.7
1461693.ATO10_03987,rpmD,COG1841&nbsp;Ribosomal&nbsp;protein&nbsp;L30/L7E,68.6
1461693.ATO10_07227,KCV82162.1,DNA&nbsp;integration/recombination/inversion&nbsp;protein,68.6
1461693.ATO10_06926,leuB,3-isopropylmalate&nbsp;dehydrogenase,68.5
1461693.ATO10_10435,KCV81756.1,Sarcosine&nbsp;oxidase&nbsp;alpha&nbsp;subunit&nbsp;family&nbsp;protein,68.4
1461693.ATO10_01860,KCV83466.1,Uncharacterized&nbsp;protein,68.4
1461693.ATO10_02530,KCV83600.1,Uncharacterized&nbsp;protein,68.4
1461693.ATO10_03902,rpsS,30S&nbsp;ribosomal&nbsp;protein&nbsp;S19,68.3
1461693.ATO10_03937,rpmC,COG0255&nbsp;Ribosomal&nbsp;protein&nbsp;L29,68.1
1461693.ATO10_06016,KCV82474.1,"3'(2'),5'-bisphosphate&nbsp;nucleotidase",68.1
1461693.ATO10_03275,KCV83749.1,2'-deoxycytidine&nbsp;5'-triphosphate&nbsp;deaminase,68.0
1461693.ATO10_15740,KCV80737.1,COG1038&nbsp;Pyruvate&nbsp;carboxylase,67.8
1461693.ATO10_05152,KCV82970.1,Aldose&nbsp;1-epimerase,67.8
1461693.ATO10_00620,ureA,Urease&nbsp;subunit&nbsp;gamma,67.8
1461693.ATO10_04252,KCV82790.1,Periplasmic&nbsp;binding&nbsp;protein/LacI&nbsp;transcriptional&nbsp;regulator,67.8
1461693.ATO10_15545,KCV80789.1,Tetratricopeptide&nbsp;repeat&nbsp;protein,67.8
1461693.ATO10_03912,rpsC,30S&nbsp;ribosomal&nbsp;protein&nbsp;S3,67.4
1461693.ATO10_13244,KCV81148.1,Redoxin,67.4
1461693.ATO10_07111,KCV82693.1,COG3741&nbsp;N-formylglutamate&nbsp;amidohydrolase,67.3
1461693.ATO10_02365,ligA,DNA&nbsp;ligase,67.3
1461693.ATO10_12449,polA,DNA&nbsp;polymerase&nbsp;I,67.3
1461693.ATO10_05557,ileS,Isoleucine--tRNA&nbsp;ligase,67.3
1461693.ATO10_03135,KCV83721.1,"COG0646&nbsp;Methionine&nbsp;synthase&nbsp;I&nbsp;(cobalamin-dependent),&nbsp;methyltransferase&nbsp;domain",67.3
1461693.ATO10_08372,KCV82391.1,Dihydropyrimidine&nbsp;dehydrogenase&nbsp;subunit&nbsp;A,67.2
1461693.ATO10_00585,KCV83212.1,ABC&nbsp;transporter-like&nbsp;protein,67.1
1461693.ATO10_12669,KCV81256.1,"Precorrin-6Y&nbsp;C(5,15)-methyltransferase",67.1
1461693.ATO10_10775,KCV81824.1,Formate&nbsp;dehydrogenase&nbsp;alpha&nbsp;subunit,66.9
1461693.ATO10_09318,KCV82035.1,COG0726&nbsp;Predicted&nbsp;xylanase/chitin&nbsp;deacetylase,66.8
1461693.ATO10_12529,KCV81433.1,Tripartite&nbsp;ATP-independent&nbsp;periplasmic&nbsp;transporter&nbsp;DctQ,66.7
1461693.ATO10_04722,KCV82884.1,"Fructose&nbsp;ABC&nbsp;transporter,&nbsp;ATP-binding&nbsp;protein&nbsp;FrcA",66.7
1461693.ATO10_06156,KCV82502.1,Uncharacterized&nbsp;protein,66.7
1461693.ATO10_00940,KCV83283.1,Pyruvate&nbsp;phosphate&nbsp;dikinase,66.7
1461693.ATO10_10570,KCV81783.1,"COG0022&nbsp;Pyruvate/2-oxoglutarate&nbsp;dehydrogenase&nbsp;complex,&nbsp;dehydrogenase&nbsp;(E1)&nbsp;component,&nbsp;eukaryotic&nbsp;type,&nbsp;beta&nbsp;subunit",66.5
1461693.ATO10_03105,KCV83715.1,C4-dicarboxylate&nbsp;transport&nbsp;transcriptional&nbsp;regulatory&nbsp;protein&nbsp;DctD,66.4
1461693.ATO10_13344,KCV81168.1,COG0469&nbsp;Pyruvate&nbsp;kinase,66.4
1461693.ATO10_15085,KCV80855.1,"COG3639&nbsp;ABC-type&nbsp;phosphate/phosphonate&nbsp;transport&nbsp;system,&nbsp;permease&nbsp;component",66.2
1461693.ATO10_09373,KCV82046.1,Propionate--CoA&nbsp;ligase,66.2
1461693.ATO10_01445,KCV83384.1,Crp-Fnr&nbsp;family&nbsp;transcriptional&nbsp;regulator,66.1
1461693.ATO10_10135,cpdA,"3',5'-cyclic&nbsp;adenosine&nbsp;monophosphate&nbsp;phosphodiesterase&nbsp;CpdA",66.1
1461693.ATO10_04467,KCV82833.1,Undecaprenyl-phosphate&nbsp;galactosephosphotransferase,66.0
1461693.ATO10_02845,pstB,Phosphate&nbsp;import&nbsp;ATP-binding&nbsp;protein&nbsp;PstB,66.0
1461693.ATO10_01270,KCV83349.1,Uncharacterized&nbsp;protein,65.9
1461693.ATO10_10240,KCV81717.1,COG0745&nbsp;Response&nbsp;regulators&nbsp;consisting&nbsp;of&nbsp;a&nbsp;CheY-like&nbsp;receiver&nbsp;domain&nbsp;and&nbsp;a&nbsp;winged-helix&nbsp;DNA-binding&nbsp;domain,65.8
1461693.ATO10_04037,KCV82747.1,NADPH-dependent&nbsp;FMN&nbsp;reductase,65.8
1461693.ATO10_00295,glmS,Glutamine--fructose-6-phosphate&nbsp;aminotransferase&nbsp;[isomerizing],65.8
1461693.ATO10_12539,KCV81435.1,Putative&nbsp;modular&nbsp;PKS&nbsp;system,65.7
1461693.ATO10_12519,KCV81431.1,C4-dicarboxylate&nbsp;transport&nbsp;transcriptional&nbsp;regulatory&nbsp;protein&nbsp;DctD,65.7
1461693.ATO10_12514,KCV81430.1,C4-dicarboxylate&nbsp;transport&nbsp;sensor&nbsp;protein&nbsp;dctB,65.7
1461693.ATO10_02740,KCV83642.1,Hemolysin-type&nbsp;calcium-binding&nbsp;repeat&nbsp;family&nbsp;protein,65.6
1461693.ATO10_02855,KCV83665.1,Two&nbsp;component&nbsp;transcriptional&nbsp;regulator,65.6
1461693.ATO10_10060,KCV81681.1,Transcriptional&nbsp;regulatory&nbsp;protein&nbsp;QseB,65.6
1461693.ATO10_09028,ihfB,Integration&nbsp;host&nbsp;factor&nbsp;subunit&nbsp;beta,65.5
1461693.ATO10_15667,KCV80768.1,COG0789&nbsp;Predicted&nbsp;transcriptional&nbsp;regulators,65.5
1461693.ATO10_11025,KCV81874.1,COG2838&nbsp;Monomeric&nbsp;isocitrate&nbsp;dehydrogenase,65.4
1461693.ATO10_14789,KCV80927.1,TPR&nbsp;repeat-containing&nbsp;protein,65.4
1461693.ATO10_02085,KCV83511.1,annotation&nbsp;not&nbsp;available,65.4
1461693.ATO10_10265,KCV81722.1,ABC&nbsp;transporter-like&nbsp;protein,65.3
1461693.ATO10_10010,KCV81671.1,COG1012&nbsp;NAD-dependent&nbsp;aldehyde&nbsp;dehydrogenases,65.3
1461693.ATO10_11877,KCV81610.1,"COG2009&nbsp;Succinate&nbsp;dehydrogenase/fumarate&nbsp;reductase,&nbsp;cytochrome&nbsp;b&nbsp;subunit",65.3
1461693.ATO10_01105,KCV83316.1,Nitrilase,65.3
1461693.ATO10_08588,KCV81889.1,PAS&nbsp;sensor&nbsp;protein,65.2
1461693.ATO10_15510,KCV80782.1,DEAD/DEAH&nbsp;box&nbsp;helicase,65.1
1461693.ATO10_06736,KCV82618.1,Uncharacterized&nbsp;protein,65.0
1461693.ATO10_08733,KCV81918.1,COG0404&nbsp;Glycine&nbsp;cleavage&nbsp;system&nbsp;T&nbsp;protein&nbsp;(aminomethyltransferase),65.0
1461693.ATO10_15210,folE,COG0302&nbsp;GTP&nbsp;cyclohydrolase&nbsp;I,64.9
1461693.ATO10_14804,KCV80930.1,Ferredoxin,64.8
1461693.ATO10_01990,acpP,Acyl&nbsp;carrier&nbsp;protein,64.8
1461693.ATO10_03867,rpsJ,30S&nbsp;ribosomal&nbsp;protein&nbsp;S10,64.8
1461693.ATO10_06511,KCV82573.1,annotation&nbsp;not&nbsp;available,64.7
1461693.ATO10_07987,KCV82314.1,Uncharacterized&nbsp;protein,64.3
1461693.ATO10_00440,KCV83183.1,"COG1009&nbsp;NADH:ubiquinone&nbsp;oxidoreductase&nbsp;subunit&nbsp;5&nbsp;(chain&nbsp;L)/Multisubunit&nbsp;Na+/H+&nbsp;antiporter,&nbsp;MnhA&nbsp;subunit",64.3
1461693.ATO10_10440,KCV81757.1,COG4311&nbsp;Sarcosine&nbsp;oxidase&nbsp;delta&nbsp;subunit,64.3
1461693.ATO10_02460,KCV83586.1,Methyltetrahydrofolate:corrinoid/iron-sulfur&nbsp;protein&nbsp;methyltransferase,64.1
1461693.ATO10_06396,KCV82550.1,Thioredoxin,64.1
1461693.ATO10_03355,KCV83765.1,Extracellular&nbsp;solute-binding&nbsp;protein,64.0
1461693.ATO10_10250,KCV81719.1,"COG0683&nbsp;ABC-type&nbsp;branched-chain&nbsp;amino&nbsp;acid&nbsp;transport&nbsp;systems,&nbsp;periplasmic&nbsp;component",64.0
1461693.ATO10_02205,KCV83535.1,COG0236&nbsp;Acyl&nbsp;carrier&nbsp;protein,63.9
1461693.ATO10_10085,KCV81686.1,Tripartite&nbsp;ATP-independent&nbsp;periplasmic&nbsp;transporter&nbsp;DctQ&nbsp;component,63.9
1461693.ATO10_00815,purD,COG0151&nbsp;Phosphoribosylamine-glycine&nbsp;ligase,63.8
1461693.ATO10_01980,KCV83490.1,COG0331&nbsp;(acyl-carrier-protein)&nbsp;S-malonyltransferase,63.7
1461693.ATO10_10090,KCV81687.1,TRAP&nbsp;dicarboxylate&nbsp;transporter&nbsp;subunit&nbsp;DctM,63.5
1461693.ATO10_02110,KCV83516.1,Pyruvate&nbsp;dehydrogenase&nbsp;E1&nbsp;component&nbsp;subunit&nbsp;beta,63.3
1461693.ATO10_09798,KCV82129.1,Cyanate&nbsp;ABC&nbsp;transporter&nbsp;ATP-binding&nbsp;protein,63.2
1461693.ATO10_06551,rpsT,30S&nbsp;ribosomal&nbsp;protein&nbsp;S20,63.2
1461693.ATO10_09143,KCV82000.1,Thiamine&nbsp;biosynthesis&nbsp;oxidoreductase&nbsp;ThiO,63.2
1461693.ATO10_04707,KCV82881.1,COG1940&nbsp;Transcriptional&nbsp;regulator/sugar&nbsp;kinase,63.1
1461693.ATO10_03175,KCV83729.1,Nitrogen&nbsp;assimilation&nbsp;regulatory&nbsp;protein&nbsp;NtrX,63.0
1461693.ATO10_02620,rpsI,COG0103&nbsp;Ribosomal&nbsp;protein&nbsp;S9,63.0
1461693.ATO10_05791,KCV82429.1,COG0469&nbsp;Pyruvate&nbsp;kinase,63.0
1461693.ATO10_14094,KCV81110.1,"Transcriptional&nbsp;regulator,&nbsp;MerR&nbsp;family&nbsp;protein",62.7
1461693.ATO10_14389,KCV80998.1,"COG4177&nbsp;ABC-type&nbsp;branched-chain&nbsp;amino&nbsp;acid&nbsp;transport&nbsp;system,&nbsp;permease&nbsp;component",62.6
1461693.ATO10_14474,purU,Formyltetrahydrofolate&nbsp;deformylase,62.4
1461693.ATO10_00180,gatB,Aspartyl/glutamyl-tRNA(Asn/Gln)&nbsp;amidotransferase&nbsp;subunit&nbsp;B,62.4
1461693.ATO10_03390,KCV83772.1,FeS&nbsp;assembly&nbsp;ATPase&nbsp;SufC,62.4
1461693.ATO10_03405,KCV83775.1,Cysteine&nbsp;desulfurase&nbsp;activator&nbsp;complex&nbsp;subunit&nbsp;SufB,62.3
1461693.ATO10_00845,ftsY,Signal&nbsp;recognition&nbsp;particle&nbsp;receptor&nbsp;FtsY,62.2
1461693.ATO10_06836,KCV82638.1,Glutamine&nbsp;ABC&nbsp;transporter&nbsp;substrate-binding&nbsp;protein,62.2
1461693.ATO10_13494,cpdB,"Bifunctional&nbsp;2',3'-cyclic&nbsp;nucleotide&nbsp;2'-phosphodiesterase/3'-nucleotidase&nbsp;periplasmic&nbsp;protein",62.1
1461693.ATO10_03585,KCV83811.1,annotation&nbsp;not&nbsp;available,62.1
1461693.ATO10_14449,KCV81010.1,"COG0411&nbsp;ABC-type&nbsp;branched-chain&nbsp;amino&nbsp;acid&nbsp;transport&nbsp;systems,&nbsp;ATPase&nbsp;component",61.8
1461693.ATO10_10140,KCV81697.1,Transcriptional&nbsp;regulatory&nbsp;protein&nbsp;FixJ,61.8
1461693.ATO10_04597,KCV82859.1,ABC&nbsp;transporter&nbsp;permease,61.7
1461693.ATO10_02455,KCV83585.1,COG3894&nbsp;Uncharacterized&nbsp;metal-binding&nbsp;protein,61.7
1461693.ATO10_10885,glcB,Malate&nbsp;synthase&nbsp;G,61.6
1461693.ATO10_02825,KCV83659.1,COG0642&nbsp;Signal&nbsp;transduction&nbsp;histidine&nbsp;kinase,61.5
1461693.ATO10_11227,KCV81480.1,Glutamate--ammonia&nbsp;ligase,61.5
1461693.ATO10_04742,KCV82888.1,Integral&nbsp;inner-membrane&nbsp;protein,61.5
1461693.ATO10_05097,atpA,ATP&nbsp;synthase&nbsp;subunit&nbsp;alpha,61.5
1461693.ATO10_12524,KCV81432.1,TRAP&nbsp;dicarboxylate&nbsp;transporter&nbsp;subunit&nbsp;DctP,61.5
1461693.ATO10_14459,KCV81012.1,Inner-membrane&nbsp;translocator,61.4
1461693.ATO10_04417,KCV82823.1,"COG1294&nbsp;Cytochrome&nbsp;bd-type&nbsp;quinol&nbsp;oxidase,&nbsp;subunit&nbsp;2",61.3
1461693.ATO10_04277,KCV82795.1,COG0642&nbsp;Signal&nbsp;transduction&nbsp;histidine&nbsp;kinase,61.3
1461693.ATO10_06956,KCV82662.1,Cytochrome&nbsp;c-552,61.3
1461693.ATO10_11867,sdhA,"COG1053&nbsp;Succinate&nbsp;dehydrogenase/fumarate&nbsp;reductase,&nbsp;flavoprotein&nbsp;subunit",61.2
1461693.ATO10_10675,purN,Phosphoribosylglycinamide&nbsp;formyltransferase,61.1
1461693.ATO10_12829,KCV81288.1,Hydrogenase&nbsp;expression/formation&nbsp;protein&nbsp;HupK,61.0
1461693.ATO10_03345,KCV83763.1,Binding-protein-dependent&nbsp;transport&nbsp;systems&nbsp;inner&nbsp;membrane&nbsp;component,61.0
1461693.ATO10_03815,KCV83857.1,COG0745&nbsp;Response&nbsp;regulators&nbsp;consisting&nbsp;of&nbsp;a&nbsp;CheY-like&nbsp;receiver&nbsp;domain&nbsp;and&nbsp;a&nbsp;winged-helix&nbsp;DNA-binding&nbsp;domain,60.9
1461693.ATO10_05077,KCV82955.1,ATP-dependent&nbsp;Clp&nbsp;protease&nbsp;ATP-binding&nbsp;protein&nbsp;ClpA,60.9
1461693.ATO10_03115,purQ,Phosphoribosylformylglycinamidine&nbsp;synthase&nbsp;subunit&nbsp;PurQ,60.9
1461693.ATO10_06101,nusA,Transcription&nbsp;termination/antitermination&nbsp;protein&nbsp;NusA,60.9
1461693.ATO10_08232,KCV82363.1,Cytochrome&nbsp;b,60.8
1461693.ATO10_02445,pgi,COG0166&nbsp;Glucose-6-phosphate&nbsp;isomerase,60.8
1461693.ATO10_02100,KCV83514.1,COG1045&nbsp;Serine&nbsp;acetyltransferase,60.8
1461693.ATO10_07252,KCV82167.1,COG0745&nbsp;Response&nbsp;regulators&nbsp;consisting&nbsp;of&nbsp;a&nbsp;CheY-like&nbsp;receiver&nbsp;domain&nbsp;and&nbsp;a&nbsp;winged-helix&nbsp;DNA-binding&nbsp;domain,60.7
1461693.ATO10_09858,KCV82141.1,annotation&nbsp;not&nbsp;available,60.5
1461693.ATO10_07477,KCV82212.1,Aminotransferase,60.5
1461693.ATO10_03250,rpmF,COG0333&nbsp;Ribosomal&nbsp;protein&nbsp;L32,60.5
1461693.ATO10_06681,KCV82607.1,Histidine&nbsp;kinase,60.4
1461693.ATO10_07747,KCV82266.1,Nucleotidyl&nbsp;transferase,60.4
1461693.ATO10_11172,secG,annotation&nbsp;not&nbsp;available,60.4
1461693.ATO10_00240,KCV83143.1,NAD(P)&nbsp;transhydrogenase&nbsp;subunit&nbsp;beta,60.3
1461693.ATO10_11212,KCV81477.1,Amino&nbsp;acid&nbsp;transport&nbsp;permease,60.3
1461693.ATO10_15345,pyrB,"COG0540&nbsp;Aspartate&nbsp;carbamoyltransferase,&nbsp;catalytic&nbsp;chain",60.1
1461693.ATO10_10540,KCV81777.1,"COG0395&nbsp;ABC-type&nbsp;sugar&nbsp;transport&nbsp;system,&nbsp;permease&nbsp;component",60.1
1461693.ATO10_14399,KCV81000.1,"COG0410&nbsp;ABC-type&nbsp;branched-chain&nbsp;amino&nbsp;acid&nbsp;transport&nbsp;systems,&nbsp;ATPase&nbsp;component",60.1
1461693.ATO10_08578,KCV81887.1,Dehydratase,60.0
1461693.ATO10_00665,ureE,Urease&nbsp;accessory&nbsp;protein&nbsp;UreE,60.0
1461693.ATO10_03185,KCV83731.1,Two&nbsp;component&nbsp;sigma-54&nbsp;specific&nbsp;Fis&nbsp;family&nbsp;transcriptional&nbsp;regulator,59.9
1461693.ATO10_10545,KCV81778.1,Sugar&nbsp;ABC&nbsp;transporter&nbsp;substrate-binding&nbsp;protein,59.8
1461693.ATO10_13869,KCV81065.1,COG0789&nbsp;Predicted&nbsp;transcriptional&nbsp;regulators,59.8
1461693.ATO10_00345,nuoA,NADH-quinone&nbsp;oxidoreductase&nbsp;subunit&nbsp;A,59.8
1461693.ATO10_08027,KCV82322.1,Sulfotransferase,59.8
1461693.ATO10_12087,KCV81652.1,"COG4799&nbsp;Acetyl-CoA&nbsp;carboxylase,&nbsp;carboxyltransferase&nbsp;component&nbsp;(subunits&nbsp;alpha&nbsp;and&nbsp;beta)",59.7
1461693.ATO10_03790,KCV83852.1,High-affinity&nbsp;branched-chain&nbsp;amino&nbsp;acid&nbsp;transport&nbsp;ATP-binding&nbsp;protein,59.6
1461693.ATO10_00135,KCV83122.1,Aminopeptidase,59.5
1461693.ATO10_11602,KCV81555.1,Uncharacterized&nbsp;protein,59.4
1461693.ATO10_07627,accD,Acetyl-coenzyme&nbsp;A&nbsp;carboxylase&nbsp;carboxyl&nbsp;transferase&nbsp;subunit&nbsp;beta,59.3
1461693.ATO10_14404,KCV81001.1,DNA&nbsp;polymerase&nbsp;III&nbsp;subunit&nbsp;epsilon,59.3
1461693.ATO10_03475,KCV83789.1,Sensor&nbsp;kinase-like&nbsp;protein,59.3
1461693.ATO10_10870,rbcL,Ribulose&nbsp;bisphosphate&nbsp;carboxylase&nbsp;large&nbsp;chain,59.3
1461693.ATO10_04957,KCV82931.1,"COG4630&nbsp;Xanthine&nbsp;dehydrogenase,&nbsp;iron-sulfur&nbsp;cluster&nbsp;and&nbsp;FAD-binding&nbsp;subunit&nbsp;A",59.2
1461693.ATO10_06066,secA,Protein&nbsp;translocase&nbsp;subunit&nbsp;SecA,59.2
1461693.ATO10_10295,KCV81728.1,COG0439&nbsp;Biotin&nbsp;carboxylase,59.1
1461693.ATO10_07196,msrP,Protein-methionine-sulfoxide&nbsp;reductase&nbsp;catalytic&nbsp;subunit&nbsp;MsrP,59.0
1461693.ATO10_01800,secD,Protein&nbsp;translocase&nbsp;subunit&nbsp;SecD,59.0
1461693.ATO10_04592,KCV82858.1,Periplasmic-binding&nbsp;protein-like&nbsp;II,59.0
1461693.ATO10_10035,KCV81676.1,COG0372&nbsp;Citrate&nbsp;synthase,59.0
1461693.ATO10_04012,secY,Protein&nbsp;translocase&nbsp;subunit&nbsp;SecY,59.0
1461693.ATO10_00670,ureF,Urease&nbsp;accessory&nbsp;protein&nbsp;UreF,58.9
1461693.ATO10_13714,KCV81242.1,"Selenide,&nbsp;water&nbsp;dikinase",58.9
1461693.ATO10_00960,KCV83287.1,Uncharacterized&nbsp;protein,58.8
1461693.ATO10_09453,KCV82062.1,COG0183&nbsp;Acetyl-CoA&nbsp;acetyltransferase,58.7
1461693.ATO10_03957,rplE,50S&nbsp;ribosomal&nbsp;protein&nbsp;L5,58.7
1461693.ATO10_06751,KCV82621.1,Putative&nbsp;glutamate&nbsp;synthase&nbsp;[NADPH]&nbsp;large&nbsp;chain,58.6
1461693.ATO10_00875,KCV83270.1,GTP&nbsp;cyclohydrolase,58.6
1461693.ATO10_02970,KCV83688.1,LuxR&nbsp;family&nbsp;autoinducer-binding&nbsp;transcriptional&nbsp;regulator,58.4
1461693.ATO10_12964,KCV81315.1,COG2723&nbsp;Beta-glucosidase/6-phospho-beta-glucosidase/beta-&nbsp;galactosidase,58.3
1461693.ATO10_07257,pckA,Phosphoenolpyruvate&nbsp;carboxykinase&nbsp;(ATP),58.3
1461693.ATO10_10105,KCV81690.1,Ferredoxin-dependent&nbsp;glutamate&nbsp;synthase,58.3
1461693.ATO10_09868,KCV82143.1,"Acetolacetate&nbsp;synthase,&nbsp;catabolic",58.2
1461693.ATO10_12814,KCV81285.1,Hydrogenase&nbsp;expression/formation&nbsp;protein,58.1
1461693.ATO10_15760,KCV80733.1,Enolase,58.1
1461693.ATO10_00100,ftsZ,Cell&nbsp;division&nbsp;protein&nbsp;FtsZ,58.0
1461693.ATO10_11802,KCV81595.1,COG0436&nbsp;Aspartate/tyrosine/aromatic&nbsp;aminotransferase,58.0
1461693.ATO10_00590,KCV83213.1,Uncharacterized&nbsp;protein,58.0
1461693.ATO10_06146,KCV82500.1,Glutaredoxin,57.9
1461693.ATO10_12534,KCV81434.1,"TRAP&nbsp;transporter,&nbsp;subunit&nbsp;DctM",57.8
1461693.ATO10_10565,KCV81782.1,Acetoin&nbsp;dehydrogenase&nbsp;E2&nbsp;subunit&nbsp;dihydrolipoyllysine-residue&nbsp;acetyltransferase,57.8
1461693.ATO10_01035,lipB,Octanoyltransferase,57.8
1461693.ATO10_08392,KCV82395.1,COG2172&nbsp;Anti-sigma&nbsp;regulatory&nbsp;factor&nbsp;(Ser/Thr&nbsp;protein&nbsp;kinase),57.6
1461693.ATO10_10980,KCV81865.1,DNA&nbsp;polymerase&nbsp;III&nbsp;subunit&nbsp;delta,57.6
1461693.ATO10_12042,KCV81643.1,"COG1884&nbsp;Methylmalonyl-CoA&nbsp;mutase,&nbsp;N-terminal&nbsp;domain/subunit",57.5
1461693.ATO10_00435,nuoK,NADH-quinone&nbsp;oxidoreductase&nbsp;subunit&nbsp;K,57.5
1461693.ATO10_11327,KCV81500.1,COG0307&nbsp;Riboflavin&nbsp;synthase&nbsp;alpha&nbsp;chain,57.5
1461693.ATO10_09063,KCV81984.1,Transcriptional&nbsp;regulator,57.4
1461693.ATO10_04212,KCV82782.1,COG0642&nbsp;Signal&nbsp;transduction&nbsp;histidine&nbsp;kinase,57.2
1461693.ATO10_15130,KCV80864.1,"COG0737&nbsp;5'-nucleotidase/2',3'-cyclic&nbsp;phosphodiesterase&nbsp;and&nbsp;related&nbsp;esterases",57.2
1461693.ATO10_08562,KCV82427.1,Enolase,57.1
1461693.ATO10_10750,KCV81819.1,COG0642&nbsp;Signal&nbsp;transduction&nbsp;histidine&nbsp;kinase,57.0
1461693.ATO10_15415,moaD,Molybdopterin&nbsp;synthase&nbsp;sulfur&nbsp;carrier&nbsp;subunit,56.9
1461693.ATO10_15717,KCV80746.1,"COG2025&nbsp;Electron&nbsp;transfer&nbsp;flavoprotein,&nbsp;alpha&nbsp;subunit",56.8
1461693.ATO10_13724,KCV81244.1,Bifunctional&nbsp;enoyl-CoA&nbsp;hydratase/phosphate&nbsp;acetyltransferase,56.8
1461693.ATO10_10290,KCV81727.1,Biotin&nbsp;carboxyl&nbsp;carrier&nbsp;protein&nbsp;of&nbsp;acetyl-CoA&nbsp;carboxylase,56.8
1461693.ATO10_07652,KCV82247.1,S-formylglutathione&nbsp;hydrolase,56.6
1461693.ATO10_06376,hslU,ATP-dependent&nbsp;protease&nbsp;ATPase&nbsp;subunit&nbsp;HslU,56.5
1461693.ATO10_04102,KCV82760.1,Glutamate/glutamine/aspartate/asparagine&nbsp;ABC&nbsp;transporter&nbsp;substrate-binding&nbsp;protein,56.5
1461693.ATO10_01130,KCV83321.1,FAD&nbsp;dependent&nbsp;oxidoreductase,56.5
1461693.ATO10_09383,KCV82048.1,COG0281&nbsp;Malic&nbsp;enzyme,56.5
1461693.ATO10_09793,KCV82128.1,Nitrate&nbsp;ABC&nbsp;transporter&nbsp;inner&nbsp;membrane&nbsp;subunit,56.2
1461693.ATO10_08307,xseB,Exodeoxyribonuclease&nbsp;7&nbsp;small&nbsp;subunit,56.1
1461693.ATO10_13174,KCV81134.1,Uncharacterized&nbsp;protein,56.1
1461693.ATO10_05946,KCV82460.1,COG0794&nbsp;Predicted&nbsp;sugar&nbsp;phosphate&nbsp;isomerase&nbsp;involved&nbsp;in&nbsp;capsule&nbsp;formation,55.9
1461693.ATO10_09893,KCV82148.1,Phosphoenolpyruvate&nbsp;phosphomutase,55.8
1461693.ATO10_02410,KCV83576.1,Uncharacterized&nbsp;protein,55.8
1461693.ATO10_06346,dnaQ,DNA&nbsp;polymerase&nbsp;III&nbsp;subunit&nbsp;epsilon,55.7
1461693.ATO10_04607,KCV82861.1,Hemoprotein,55.7
1461693.ATO10_11617,KCV81558.1,Helix-turn-helix&nbsp;domain-containing&nbsp;protein,55.7
1461693.ATO10_09363,KCV82044.1,"Two&nbsp;component,&nbsp;sigma-54&nbsp;specific,&nbsp;transcriptional&nbsp;regulator",55.6
1461693.ATO10_07357,rnhA,Ribonuclease&nbsp;H,55.5
1461693.ATO10_08317,KCV82380.1,COG0745&nbsp;Response&nbsp;regulators&nbsp;consisting&nbsp;of&nbsp;a&nbsp;CheY-like&nbsp;receiver&nbsp;domain&nbsp;and&nbsp;a&nbsp;winged-helix&nbsp;DNA-binding&nbsp;domain,55.5
1461693.ATO10_14129,KCV81117.1,"Two&nbsp;component&nbsp;transcriptional&nbsp;regulator,&nbsp;winged&nbsp;helix&nbsp;family",55.4
1461693.ATO10_01210,KCV83337.1,COG1012&nbsp;NAD-dependent&nbsp;aldehyde&nbsp;dehydrogenases,55.4
1461693.ATO10_01010,carA,COG0505&nbsp;Carbamoylphosphate&nbsp;synthase&nbsp;small&nbsp;subunit,55.4
1461693.ATO10_07992,KCV82315.1,COG1109&nbsp;Phosphomannomutase,55.3
1461693.ATO10_00720,KCV83239.1,COG1018&nbsp;Flavodoxin&nbsp;reductases&nbsp;(ferredoxin-NADPH&nbsp;reductases)&nbsp;family&nbsp;1,55.2
1461693.ATO10_08527,KCV82422.1,"COG1466&nbsp;DNA&nbsp;polymerase&nbsp;III,&nbsp;delta&nbsp;subunit",55.2
1461693.ATO10_15485,rpoC,DNA-directed&nbsp;RNA&nbsp;polymerase&nbsp;subunit&nbsp;beta',55.0
1461693.ATO10_03295,KCV83753.1,Beta-N-acetylhexosaminidase,55.0
1461693.ATO10_05287,proC,Pyrroline-5-carboxylate&nbsp;reductase,55.0
1461693.ATO10_01320,KCV83359.1,Thioesterase&nbsp;superfamily&nbsp;protein,54.9
1461693.ATO10_08487,ribA,GTP&nbsp;cyclohydrolase-2,54.8
1461693.ATO10_03942,rpsQ,30S&nbsp;ribosomal&nbsp;protein&nbsp;S17,54.4
1461693.ATO10_10455,KCV81760.1,COG0069&nbsp;Glutamate&nbsp;synthase&nbsp;domain&nbsp;2,54.3
1461693.ATO10_12249,KCV81377.1,ATP&nbsp;synthase&nbsp;subunit&nbsp;b,54.2
1461693.ATO10_11097,KCV81454.1,Enolase,54.2
1461693.ATO10_04107,KCV82761.1,"COG4597&nbsp;ABC-type&nbsp;amino&nbsp;acid&nbsp;transport&nbsp;system,&nbsp;permease&nbsp;component",54.1
1461693.ATO10_01985,KCV83491.1,3-oxoacyl-ACP&nbsp;reductase,54.1
1461693.ATO10_04737,KCV82887.1,"COG1079&nbsp;Uncharacterized&nbsp;ABC-type&nbsp;transport&nbsp;system,&nbsp;permease&nbsp;component",54.0
1461693.ATO10_14384,KCV80997.1,"COG0559&nbsp;Branched-chain&nbsp;amino&nbsp;acid&nbsp;ABC-type&nbsp;transport&nbsp;system,&nbsp;permease&nbsp;components",53.9
1461693.ATO10_02160,KCV83526.1,Hippurate&nbsp;hydrolase&nbsp;HipO,53.8
1461693.ATO10_10405,KCV81750.1,COG3425&nbsp;3-hydroxy-3-methylglutaryl&nbsp;CoA&nbsp;synthase,53.8
1461693.ATO10_03270,KCV83748.1,COG0789&nbsp;Predicted&nbsp;transcriptional&nbsp;regulators,53.8
1461693.ATO10_01080,KCV83311.1,COG2197&nbsp;Response&nbsp;regulator&nbsp;containing&nbsp;a&nbsp;CheY-like&nbsp;receiver&nbsp;domain&nbsp;and&nbsp;an&nbsp;HTH&nbsp;DNA-binding&nbsp;domain,53.6
1461693.ATO10_09228,KCV82017.1,Uncharacterized&nbsp;protein,53.6
1461693.ATO10_06091,infB,Translation&nbsp;initiation&nbsp;factor&nbsp;IF-2,53.5
1461693.ATO10_14464,KCV81013.1,"COG0683&nbsp;ABC-type&nbsp;branched-chain&nbsp;amino&nbsp;acid&nbsp;transport&nbsp;systems,&nbsp;periplasmic&nbsp;component",53.5
1461693.ATO10_10125,KCV81694.1,ABC&nbsp;transporter&nbsp;permease,53.5
1461693.ATO10_06866,KCV82644.1,COG2951&nbsp;Membrane-bound&nbsp;lytic&nbsp;murein&nbsp;transglycosylase&nbsp;B,53.4
1461693.ATO10_11932,sucA,"COG0567&nbsp;2-oxoglutarate&nbsp;dehydrogenase&nbsp;complex,&nbsp;dehydrogenase&nbsp;(E1)&nbsp;component,&nbsp;and&nbsp;related&nbsp;enzymes",53.3
1461693.ATO10_09038,trpF,COG0135&nbsp;Phosphoribosylanthranilate&nbsp;isomerase,53.3
1461693.ATO10_00900,KCV83275.1,"Decarboxylase,&nbsp;group&nbsp;II",53.3
1461693.ATO10_04997,KCV82939.1,Vitamin&nbsp;B12-dependent&nbsp;ribonucleotide&nbsp;reductase,53.2
1461693.ATO10_13674,KCV81234.1,Lipolytic&nbsp;protein,53.1
1461693.ATO10_04397,KCV82819.1,Uncharacterized&nbsp;protein,53.0
1461693.ATO10_12394,KCV81406.1,Von&nbsp;Willebrand&nbsp;factor&nbsp;A,52.9
1461693.ATO10_13614,clpS,ATP-dependent&nbsp;Clp&nbsp;protease&nbsp;adapter&nbsp;protein&nbsp;ClpS,52.8
1461693.ATO10_08688,KCV81909.1,Diguanylate&nbsp;cyclase,52.5
1461693.ATO10_11202,KCV81475.1,His/Glu/Gln/Arg/opine&nbsp;family&nbsp;ABC&nbsp;transporter&nbsp;substrate-binding&nbsp;protein,52.5
1461693.ATO10_15135,KCV80865.1,SoxAX&nbsp;cytochrome&nbsp;complex&nbsp;subunit&nbsp;A,52.4
1461693.ATO10_07051,purH,Bifunctional&nbsp;purine&nbsp;biosynthesis&nbsp;protein&nbsp;PurH,52.3
1461693.ATO10_11722,KCV81579.1,Sulfotransferase,52.3
1461693.ATO10_09970,KCV81663.1,Two&nbsp;component&nbsp;sigma-54-specific&nbsp;Fis&nbsp;family&nbsp;transcriptional&nbsp;regulator,52.2
1461693.ATO10_11692,KCV81573.1,"COG0685&nbsp;5,10-methylenetetrahydrofolate&nbsp;reductase",52.2
1461693.ATO10_00470,KCV83189.1,COG0513&nbsp;Superfamily&nbsp;II&nbsp;DNA&nbsp;and&nbsp;RNA&nbsp;helicases,52.1
1461693.ATO10_04902,KCV82920.1,Glyoxylate&nbsp;reductase,52.1
1461693.ATO10_03260,fabH,3-oxoacyl-[acyl-carrier-protein]&nbsp;synthase&nbsp;3,52.0
1461693.ATO10_01230,KCV83341.1,LuxR&nbsp;family&nbsp;transcriptional&nbsp;regulator,52.0
1461693.ATO10_08472,KCV82411.1,"COG0765&nbsp;ABC-type&nbsp;amino&nbsp;acid&nbsp;transport&nbsp;system,&nbsp;permease&nbsp;component",52.0
1461693.ATO10_03485,guaB,Inosine-5'-monophosphate&nbsp;dehydrogenase,52.0
1461693.ATO10_11672,KCV81569.1,Uncharacterized&nbsp;protein,51.9
1461693.ATO10_02210,KCV83536.1,Beta-ketoacyl&nbsp;synthase,51.9
1461693.ATO10_12844,KCV81291.1,Hydrogenase&nbsp;accessory&nbsp;protein&nbsp;HypB,51.9
1461693.ATO10_11782,thyX,Flavin-dependent&nbsp;thymidylate&nbsp;synthase,51.6
1461693.ATO10_04487,KCV82837.1,Nitrite/sulfite&nbsp;reductase&nbsp;hemoprotein&nbsp;beta-component&nbsp;ferrodoxin&nbsp;domain-containing&nbsp;protein,51.6
1461693.ATO10_05297,KCV82999.1,D-isomer&nbsp;specific&nbsp;2-hydroxyacid&nbsp;dehydrogenase&nbsp;family&nbsp;protein,51.5
1461693.ATO10_11232,KCV81481.1,Gamma-glutamylputrescine&nbsp;oxidoreductase&nbsp;PuuB,51.4
1461693.ATO10_10080,KCV81685.1,"Extracellular&nbsp;solute-binding&nbsp;protein,&nbsp;family&nbsp;7",51.2
1461693.ATO10_01475,KCV83390.1,COG1012&nbsp;NAD-dependent&nbsp;aldehyde&nbsp;dehydrogenases,51.1
1461693.ATO10_00980,KCV83291.1,Aminotransferase,51.1
1461693.ATO10_04357,KCV82811.1,Putrescine-binding&nbsp;periplasmic&nbsp;protein,51.0
