562973.HMPREF0059_01085,EGE38231.1,annotation&nbsp;not&nbsp;available,98.9
562973.HMPREF0059_02403,EGE37040.2,annotation&nbsp;not&nbsp;available,98.9
562973.HMPREF0059_01340,EGE38482.2,annotation&nbsp;not&nbsp;available,98.8
562973.HMPREF0059_01642,EGE37374.2,annotation&nbsp;not&nbsp;available,98.8
562973.HMPREF0059_00302,EGE38954.2,annotation&nbsp;not&nbsp;available,98.8
562973.HMPREF0059_00205,proC,Pyrroline-5-carboxylate&nbsp;reductase,98.7
562973.HMPREF0059_00526,nuoH,NADH-quinone&nbsp;oxidoreductase&nbsp;subunit&nbsp;H,98.6
562973.HMPREF0059_00374,rsgA,Small&nbsp;ribosomal&nbsp;subunit&nbsp;biogenesis&nbsp;GTPase&nbsp;RsgA,98.6
562973.HMPREF0059_02463,EGE37100.1,annotation&nbsp;not&nbsp;available,98.6
562973.HMPREF0059_01472,groL,60&nbsp;kDa&nbsp;chaperonin,98.5
562973.HMPREF0059_02397,rplQ,annotation&nbsp;not&nbsp;available,98.5
562973.HMPREF0059_00090,EGE38746.1,annotation&nbsp;not&nbsp;available,98.5
562973.HMPREF0059_01155,EGE38301.1,annotation&nbsp;not&nbsp;available,98.4
562973.HMPREF0059_01874,EGE37604.1,annotation&nbsp;not&nbsp;available,98.4
562973.HMPREF0059_01922,EGE37651.1,annotation&nbsp;not&nbsp;available,98.4
562973.HMPREF0059_01715,metK,S-adenosylmethionine&nbsp;synthase,98.2
562973.HMPREF0059_00942,EGE38090.1,annotation&nbsp;not&nbsp;available,98.1
562973.HMPREF0059_01383,EGE38523.1,annotation&nbsp;not&nbsp;available,98.0
562973.HMPREF0059_02132,EGE37861.2,Nicotinate&nbsp;phosphoribosyltransferase,97.6
562973.HMPREF0059_01858,dnaE2,Error-prone&nbsp;DNA&nbsp;polymerase,97.6
562973.HMPREF0059_02372,rplB,50S&nbsp;ribosomal&nbsp;protein&nbsp;L2,97.6
562973.HMPREF0059_01151,EGE38297.1,annotation&nbsp;not&nbsp;available,97.6
562973.HMPREF0059_01138,EGE38284.2,annotation&nbsp;not&nbsp;available,97.6
562973.HMPREF0059_01795,EGE37526.2,annotation&nbsp;not&nbsp;available,97.6
562973.HMPREF0059_02509,atpE,ATP&nbsp;synthase&nbsp;subunit&nbsp;c,97.5
562973.HMPREF0059_00015,pheT,annotation&nbsp;not&nbsp;available,97.3
562973.HMPREF0059_01413,grpE,Protein&nbsp;GrpE,97.2
562973.HMPREF0059_00728,prs,Ribose-phosphate&nbsp;pyrophosphokinase,97.2
562973.HMPREF0059_00260,EGE38913.1,Phosphoenolpyruvate-protein&nbsp;phosphotransferase,97.0
562973.HMPREF0059_01564,EGE37301.1,annotation&nbsp;not&nbsp;available,97.0
562973.HMPREF0059_02602,EGE37235.2,annotation&nbsp;not&nbsp;available,97.0
562973.HMPREF0059_01444,EGE38582.1,annotation&nbsp;not&nbsp;available,96.9
562973.HMPREF0059_01543,EGE37280.1,annotation&nbsp;not&nbsp;available,96.8
562973.HMPREF0059_01930,EGE37659.1,annotation&nbsp;not&nbsp;available,96.7
562973.HMPREF0059_01189,EGE38335.1,annotation&nbsp;not&nbsp;available,96.7
562973.HMPREF0059_01680,EGE37412.1,annotation&nbsp;not&nbsp;available,96.7
562973.HMPREF0059_01608,EGE37343.1,annotation&nbsp;not&nbsp;available,96.6
562973.HMPREF0059_00187,EGE38843.2,annotation&nbsp;not&nbsp;available,96.6
562973.HMPREF0059_00142,EGE38798.1,annotation&nbsp;not&nbsp;available,96.6
562973.HMPREF0059_02447,rnhA,Ribonuclease&nbsp;H,96.5
562973.HMPREF0059_00893,gpmA,"2,3-bisphosphoglycerate-dependent&nbsp;phosphoglycerate&nbsp;mutase",96.4
562973.HMPREF0059_00967,EGE38114.2,annotation&nbsp;not&nbsp;available,96.4
562973.HMPREF0059_01844,EGE37574.1,annotation&nbsp;not&nbsp;available,96.3
562973.HMPREF0059_02007,EGE37736.1,annotation&nbsp;not&nbsp;available,96.3
562973.HMPREF0059_02394,rpsM,30S&nbsp;ribosomal&nbsp;protein&nbsp;S13,96.2
562973.HMPREF0059_00767,metG,Methionine--tRNA&nbsp;ligase,96.2
562973.HMPREF0059_01589,EGE37325.1,annotation&nbsp;not&nbsp;available,96.1
562973.HMPREF0059_00393,EGE39045.2,annotation&nbsp;not&nbsp;available,96.1
562973.HMPREF0059_02054,thiL,Thiamine-monophosphate&nbsp;kinase,96.1
562973.HMPREF0059_00567,EGE39218.2,annotation&nbsp;not&nbsp;available,96.1
562973.HMPREF0059_00008,argG,annotation&nbsp;not&nbsp;available,96.0
562973.HMPREF0059_00643,EGE39294.1,annotation&nbsp;not&nbsp;available,96.0
562973.HMPREF0059_02272,folE,annotation&nbsp;not&nbsp;available,96.0
562973.HMPREF0059_01710,carB,annotation&nbsp;not&nbsp;available,96.0
562973.HMPREF0059_02371,rplW,50S&nbsp;ribosomal&nbsp;protein&nbsp;L23,95.9
562973.HMPREF0059_00391,EGE39043.1,annotation&nbsp;not&nbsp;available,95.9
562973.HMPREF0059_01539,EGE37276.1,annotation&nbsp;not&nbsp;available,95.9
562973.HMPREF0059_02677,sigA,RNA&nbsp;polymerase&nbsp;sigma&nbsp;factor&nbsp;SigA,95.8
562973.HMPREF0059_01748,EGE37479.1,annotation&nbsp;not&nbsp;available,95.8
562973.HMPREF0059_00676,EGE39326.1,Phosphate&nbsp;transport&nbsp;system&nbsp;permease&nbsp;protein,95.8
562973.HMPREF0059_01916,EGE37645.1,annotation&nbsp;not&nbsp;available,95.7
562973.HMPREF0059_02212,EGE36852.1,annotation&nbsp;not&nbsp;available,95.6
562973.HMPREF0059_00830,EGE37979.1,annotation&nbsp;not&nbsp;available,95.6
562973.HMPREF0059_01980,trpB,Multifunctional&nbsp;fusion&nbsp;protein,95.6
562973.HMPREF0059_02543,glyA,Serine&nbsp;hydroxymethyltransferase,95.4
562973.HMPREF0059_00451,EGE39103.1,annotation&nbsp;not&nbsp;available,95.3
562973.HMPREF0059_02374,rplV,50S&nbsp;ribosomal&nbsp;protein&nbsp;L22,95.2
562973.HMPREF0059_02385,rplF,50S&nbsp;ribosomal&nbsp;protein&nbsp;L6,95.2
562973.HMPREF0059_01280,EGE38424.1,annotation&nbsp;not&nbsp;available,95.2
562973.HMPREF0059_01010,EGE38156.2,annotation&nbsp;not&nbsp;available,95.1
562973.HMPREF0059_00256,EGE38909.1,annotation&nbsp;not&nbsp;available,95.1
562973.HMPREF0059_00702,EGE39352.1,annotation&nbsp;not&nbsp;available,95.1
562973.HMPREF0059_02559,EGE37193.1,annotation&nbsp;not&nbsp;available,95.1
562973.HMPREF0059_01075,upp,Uracil&nbsp;phosphoribosyltransferase,95.1
562973.HMPREF0059_02049,EGE37778.1,annotation&nbsp;not&nbsp;available,95.0
562973.HMPREF0059_00101,rpsO,30S&nbsp;ribosomal&nbsp;protein&nbsp;S15,95.0
562973.HMPREF0059_00243,EGE38896.1,annotation&nbsp;not&nbsp;available,95.0
562973.HMPREF0059_01565,dnaG,DNA&nbsp;primase,94.9
562973.HMPREF0059_00319,EGE38971.1,annotation&nbsp;not&nbsp;available,94.8
562973.HMPREF0059_02540,EGE37174.1,annotation&nbsp;not&nbsp;available,94.8
562973.HMPREF0059_00553,EGE39204.1,annotation&nbsp;not&nbsp;available,94.7
562973.HMPREF0059_00390,EGE39042.1,annotation&nbsp;not&nbsp;available,94.7
562973.HMPREF0059_02231,EGE36871.1,annotation&nbsp;not&nbsp;available,94.6
562973.HMPREF0059_01355,EGE38496.1,annotation&nbsp;not&nbsp;available,94.5
562973.HMPREF0059_01658,pdxT,Pyridoxal&nbsp;5'-phosphate&nbsp;synthase&nbsp;subunit&nbsp;PdxT,94.4
562973.HMPREF0059_01813,uvrB,UvrABC&nbsp;system&nbsp;protein&nbsp;B,94.4
562973.HMPREF0059_00038,hisA,annotation&nbsp;not&nbsp;available,94.2
562973.HMPREF0059_02424,EGE37061.1,annotation&nbsp;not&nbsp;available,94.2
562973.HMPREF0059_00537,EGE39189.1,annotation&nbsp;not&nbsp;available,94.1
562973.HMPREF0059_00219,EGE38872.1,annotation&nbsp;not&nbsp;available,93.9
562973.HMPREF0059_02603,EGE37236.1,annotation&nbsp;not&nbsp;available,93.9
562973.HMPREF0059_01843,EGE37573.1,annotation&nbsp;not&nbsp;available,93.9
562973.HMPREF0059_00935,EGE38083.1,annotation&nbsp;not&nbsp;available,93.8
562973.HMPREF0059_02544,folD,Bifunctional&nbsp;protein&nbsp;FolD,93.7
562973.HMPREF0059_00026,EGE38683.1,annotation&nbsp;not&nbsp;available,93.6
562973.HMPREF0059_02583,EGE37217.1,annotation&nbsp;not&nbsp;available,93.5
562973.HMPREF0059_01268,EGE38412.1,annotation&nbsp;not&nbsp;available,93.4
562973.HMPREF0059_00382,EGE39034.2,annotation&nbsp;not&nbsp;available,93.3
562973.HMPREF0059_02057,EGE37786.1,annotation&nbsp;not&nbsp;available,93.3
562973.HMPREF0059_02052,EGE37781.1,annotation&nbsp;not&nbsp;available,93.2
562973.HMPREF0059_00290,EGE38943.1,annotation&nbsp;not&nbsp;available,93.2
562973.HMPREF0059_01069,EGE38215.1,annotation&nbsp;not&nbsp;available,93.2
562973.HMPREF0059_00555,EGE39206.1,annotation&nbsp;not&nbsp;available,93.2
562973.HMPREF0059_00755,EGE39404.1,annotation&nbsp;not&nbsp;available,93.1
562973.HMPREF0059_00704,EGE39354.2,annotation&nbsp;not&nbsp;available,93.1
562973.HMPREF0059_01576,EGE37312.1,Pyruvate&nbsp;dehydrogenase&nbsp;E1&nbsp;component,93.1
562973.HMPREF0059_01936,EGE37665.2,annotation&nbsp;not&nbsp;available,93.1
562973.HMPREF0059_02668,EQM96859.1,annotation&nbsp;not&nbsp;available,93.1
562973.HMPREF0059_01796,tpiA,Triosephosphate&nbsp;isomerase,93.0
562973.HMPREF0059_00546,EGE39197.1,annotation&nbsp;not&nbsp;available,93.0
562973.HMPREF0059_00125,fni,Isopentenyl-diphosphate&nbsp;delta-isomerase,93.0
562973.HMPREF0059_00357,EGE39009.1,annotation&nbsp;not&nbsp;available,92.9
562973.HMPREF0059_01602,EGE37337.2,annotation&nbsp;not&nbsp;available,92.8
562973.HMPREF0059_01226,EGE38371.1,annotation&nbsp;not&nbsp;available,92.8
562973.HMPREF0059_00413,EGE39065.2,annotation&nbsp;not&nbsp;available,92.7
562973.HMPREF0059_01662,ruvB,Holliday&nbsp;junction&nbsp;ATP-dependent&nbsp;DNA&nbsp;helicase&nbsp;RuvB,92.7
562973.HMPREF0059_02436,EGE37073.2,annotation&nbsp;not&nbsp;available,92.7
562973.HMPREF0059_02550,EGE37184.1,annotation&nbsp;not&nbsp;available,92.6
562973.HMPREF0059_00331,EGE38983.1,6-phosphofructokinase,92.6
562973.HMPREF0059_01178,EGE38324.1,Ribonucleoside-diphosphate&nbsp;reductase,92.5
562973.HMPREF0059_00013,argC,N-acetyl-gamma-glutamyl-phosphate&nbsp;reductase,92.5
562973.HMPREF0059_02135,nagB,Glucosamine-6-phosphate&nbsp;deaminase,92.5
562973.HMPREF0059_01633,EGE37366.1,annotation&nbsp;not&nbsp;available,92.4
562973.HMPREF0059_01481,EGE38619.1,annotation&nbsp;not&nbsp;available,92.4
562973.HMPREF0059_00263,EGE38916.1,annotation&nbsp;not&nbsp;available,92.4
562973.HMPREF0059_01803,EGE37534.1,annotation&nbsp;not&nbsp;available,92.2
562973.HMPREF0059_02258,EGE36896.1,annotation&nbsp;not&nbsp;available,92.0
562973.HMPREF0059_00088,EGE38744.2,annotation&nbsp;not&nbsp;available,92.0
562973.HMPREF0059_02512,atpA,ATP&nbsp;synthase&nbsp;subunit&nbsp;alpha,91.9
562973.HMPREF0059_02680,EQM96892.1,annotation&nbsp;not&nbsp;available,91.8
562973.HMPREF0059_02376,rplP,50S&nbsp;ribosomal&nbsp;protein&nbsp;L16,91.7
562973.HMPREF0059_02247,EGE36885.1,annotation&nbsp;not&nbsp;available,91.7
562973.HMPREF0059_01524,nadK,NAD&nbsp;kinase,91.4
562973.HMPREF0059_01708,pyrC,Dihydroorotase,91.4
562973.HMPREF0059_00384,EGE39036.1,annotation&nbsp;not&nbsp;available,91.4
562973.HMPREF0059_02575,EGE37209.1,annotation&nbsp;not&nbsp;available,91.4
562973.HMPREF0059_01483,EGE38621.1,annotation&nbsp;not&nbsp;available,91.2
562973.HMPREF0059_01623,EGE37356.1,annotation&nbsp;not&nbsp;available,91.2
562973.HMPREF0059_01561,EGE37298.1,annotation&nbsp;not&nbsp;available,91.2
562973.HMPREF0059_01537,EGE37274.2,annotation&nbsp;not&nbsp;available,91.0
562973.HMPREF0059_01775,EGE37506.1,annotation&nbsp;not&nbsp;available,91.0
562973.HMPREF0059_02353,rplK,50S&nbsp;ribosomal&nbsp;protein&nbsp;L11,91.0
562973.HMPREF0059_02354,rplA,50S&nbsp;ribosomal&nbsp;protein&nbsp;L1,90.8
562973.HMPREF0059_00565,EGE39216.1,annotation&nbsp;not&nbsp;available,90.8
562973.HMPREF0059_00482,EGE39134.1,annotation&nbsp;not&nbsp;available,90.8
562973.HMPREF0059_01862,EGE37592.1,annotation&nbsp;not&nbsp;available,90.8
562973.HMPREF0059_01671,EGE37403.2,annotation&nbsp;not&nbsp;available,90.8
562973.HMPREF0059_00343,EGE38995.2,annotation&nbsp;not&nbsp;available,90.8
562973.HMPREF0059_02382,rplE,50S&nbsp;ribosomal&nbsp;protein&nbsp;L5,90.7
562973.HMPREF0059_00674,pstB,Phosphate&nbsp;import&nbsp;ATP-binding&nbsp;protein&nbsp;PstB,90.7
562973.HMPREF0059_02144,EGE37873.1,annotation&nbsp;not&nbsp;available,90.6
562973.HMPREF0059_01433,clpB,Chaperone&nbsp;protein&nbsp;ClpB,90.5
562973.HMPREF0059_02621,gatB,Aspartyl/glutamyl-tRNA(Asn/Gln)&nbsp;amidotransferase&nbsp;subunit&nbsp;B,90.5
562973.HMPREF0059_00016,pheS,annotation&nbsp;not&nbsp;available,90.4
562973.HMPREF0059_01733,EGE37464.1,annotation&nbsp;not&nbsp;available,90.4
562973.HMPREF0059_00254,EGE38907.1,annotation&nbsp;not&nbsp;available,90.4
562973.HMPREF0059_01878,EGE37608.1,annotation&nbsp;not&nbsp;available,90.3
562973.HMPREF0059_02560,EGE37194.1,annotation&nbsp;not&nbsp;available,90.3
562973.HMPREF0059_00588,EGE39239.2,annotation&nbsp;not&nbsp;available,90.3
562973.HMPREF0059_01348,EGE38490.1,annotation&nbsp;not&nbsp;available,90.2
562973.HMPREF0059_00024,EGE38681.2,annotation&nbsp;not&nbsp;available,90.2
562973.HMPREF0059_02643,EQM96885.1,annotation&nbsp;not&nbsp;available,89.9
562973.HMPREF0059_02084,EGE37813.1,annotation&nbsp;not&nbsp;available,89.9
562973.HMPREF0059_00098,EGE38754.1,annotation&nbsp;not&nbsp;available,89.8
562973.HMPREF0059_00055,EGE38711.1,annotation&nbsp;not&nbsp;available,89.8
562973.HMPREF0059_01567,def,Peptide&nbsp;deformylase,89.8
562973.HMPREF0059_02211,xseB,Exodeoxyribonuclease&nbsp;7&nbsp;small&nbsp;subunit,89.5
562973.HMPREF0059_01697,aroC,Chorismate&nbsp;synthase,89.4
562973.HMPREF0059_00902,tmk,Thymidylate&nbsp;kinase,89.4
562973.HMPREF0059_01279,EGE38423.1,annotation&nbsp;not&nbsp;available,89.4
562973.HMPREF0059_00094,dapA,4-hydroxy-tetrahydrodipicolinate&nbsp;synthase,89.3
562973.HMPREF0059_02302,EGE36939.2,annotation&nbsp;not&nbsp;available,89.3
562973.HMPREF0059_00329,sucC,Succinate--CoA&nbsp;ligase&nbsp;[ADP-forming]&nbsp;subunit&nbsp;beta,89.3
562973.HMPREF0059_00831,EGE37980.1,annotation&nbsp;not&nbsp;available,89.3
562973.HMPREF0059_00207,EGE38860.1,Phosphoadenylyl-sulfate&nbsp;reductase&nbsp;(thioredoxin),89.2
562973.HMPREF0059_00253,EGE38906.1,annotation&nbsp;not&nbsp;available,89.0
562973.HMPREF0059_02182,EGE37911.1,annotation&nbsp;not&nbsp;available,88.9
562973.HMPREF0059_01353,EGE38494.1,annotation&nbsp;not&nbsp;available,88.8
562973.HMPREF0059_00358,argS,annotation&nbsp;not&nbsp;available,88.8
562973.HMPREF0059_00721,eno,Enolase,88.7
562973.HMPREF0059_02537,ureA,annotation&nbsp;not&nbsp;available,88.6
562973.HMPREF0059_01236,EGE38381.1,annotation&nbsp;not&nbsp;available,88.6
562973.HMPREF0059_00175,ndk,Nucleoside&nbsp;diphosphate&nbsp;kinase,88.5
562973.HMPREF0059_02569,deoC,Deoxyribose-phosphate&nbsp;aldolase,88.5
562973.HMPREF0059_00137,tsf,Elongation&nbsp;factor&nbsp;Ts,88.5
562973.HMPREF0059_02208,xseA,Exodeoxyribonuclease&nbsp;7&nbsp;large&nbsp;subunit,88.5
562973.HMPREF0059_02619,gatC,Aspartyl/glutamyl-tRNA(Asn/Gln)&nbsp;amidotransferase&nbsp;subunit&nbsp;C,88.4
562973.HMPREF0059_02644,EQM96886.1,annotation&nbsp;not&nbsp;available,88.4
562973.HMPREF0059_00529,EGE39181.1,NADH-quinone&nbsp;oxidoreductase&nbsp;subunit&nbsp;F,88.4
562973.HMPREF0059_00089,EGE38745.1,annotation&nbsp;not&nbsp;available,88.4
562973.HMPREF0059_01275,EGE38419.1,annotation&nbsp;not&nbsp;available,88.1
562973.HMPREF0059_02207,ispH,4-hydroxy-3-methylbut-2-enyl&nbsp;diphosphate&nbsp;reductase,88.1
562973.HMPREF0059_01421,EGE38560.2,annotation&nbsp;not&nbsp;available,88.0
562973.HMPREF0059_00203,EGE38856.1,annotation&nbsp;not&nbsp;available,87.9
562973.HMPREF0059_00530,EGE39182.1,annotation&nbsp;not&nbsp;available,87.8
562973.HMPREF0059_02080,EGE37809.1,annotation&nbsp;not&nbsp;available,87.7
562973.HMPREF0059_00857,EGE38006.1,annotation&nbsp;not&nbsp;available,87.7
562973.HMPREF0059_02087,EGE37816.1,annotation&nbsp;not&nbsp;available,87.7
562973.HMPREF0059_00677,EGE39327.2,Phosphate-binding&nbsp;protein&nbsp;PstS,87.6
562973.HMPREF0059_01757,pfkA,ATP-dependent&nbsp;6-phosphofructokinase,87.6
562973.HMPREF0059_01484,EGE38622.1,annotation&nbsp;not&nbsp;available,87.5
562973.HMPREF0059_01513,EGE38651.1,annotation&nbsp;not&nbsp;available,87.5
562973.HMPREF0059_02386,rplR,50S&nbsp;ribosomal&nbsp;protein&nbsp;L18,87.4
562973.HMPREF0059_02364,tuf,Elongation&nbsp;factor&nbsp;Tu,87.4
562973.HMPREF0059_02089,fhs,annotation&nbsp;not&nbsp;available,87.4
562973.HMPREF0059_01204,rpsR,30S&nbsp;ribosomal&nbsp;protein&nbsp;S18,87.2
562973.HMPREF0059_00320,mdh,Malate&nbsp;dehydrogenase,87.2
562973.HMPREF0059_01991,EGE37720.1,annotation&nbsp;not&nbsp;available,87.2
562973.HMPREF0059_00579,EGE39230.1,annotation&nbsp;not&nbsp;available,87.2
562973.HMPREF0059_00011,argB,Acetylglutamate&nbsp;kinase,87.1
562973.HMPREF0059_01985,rpsT,30S&nbsp;ribosomal&nbsp;protein&nbsp;S20,86.9
562973.HMPREF0059_01923,EGE37652.1,annotation&nbsp;not&nbsp;available,86.9
562973.HMPREF0059_00209,EGE38862.1,Sulfate&nbsp;adenylyltransferase&nbsp;subunit&nbsp;1,86.9
562973.HMPREF0059_02419,EGE37056.2,Holo-[acyl-carrier-protein]&nbsp;synthase,86.8
562973.HMPREF0059_02014,nadD,Probable&nbsp;nicotinate-nucleotide&nbsp;adenylyltransferase,86.7
562973.HMPREF0059_01087,EGE38233.1,Uncharacterized&nbsp;protein,86.7
562973.HMPREF0059_01920,EGE37649.2,annotation&nbsp;not&nbsp;available,86.6
562973.HMPREF0059_01907,EGE37636.2,annotation&nbsp;not&nbsp;available,86.6
562973.HMPREF0059_00079,murE,UDP-N-acetylmuramyl-tripeptide&nbsp;synthetase,86.6
562973.HMPREF0059_00399,EGE39051.1,annotation&nbsp;not&nbsp;available,86.6
562973.HMPREF0059_02622,EGE37255.2,annotation&nbsp;not&nbsp;available,86.5
562973.HMPREF0059_00573,EGE39224.2,annotation&nbsp;not&nbsp;available,86.4
562973.HMPREF0059_02538,rpmE2,annotation&nbsp;not&nbsp;available,86.3
562973.HMPREF0059_02351,secE,Protein&nbsp;translocase&nbsp;subunit&nbsp;SecE,86.3
562973.HMPREF0059_01761,EGE37492.2,annotation&nbsp;not&nbsp;available,86.2
562973.HMPREF0059_01534,EGE37272.2,annotation&nbsp;not&nbsp;available,86.2
562973.HMPREF0059_00341,EGE38993.2,annotation&nbsp;not&nbsp;available,86.0
562973.HMPREF0059_00200,ileS,Isoleucine--tRNA&nbsp;ligase,85.9
562973.HMPREF0059_00936,EGE38084.2,annotation&nbsp;not&nbsp;available,85.9
562973.HMPREF0059_02373,rpsS,30S&nbsp;ribosomal&nbsp;protein&nbsp;S19,85.8
562973.HMPREF0059_02510,atpF,ATP&nbsp;synthase&nbsp;subunit&nbsp;b,85.8
562973.HMPREF0059_00394,EGE39046.2,annotation&nbsp;not&nbsp;available,85.7
562973.HMPREF0059_02573,EGE37207.1,annotation&nbsp;not&nbsp;available,85.6
562973.HMPREF0059_00549,EGE39200.1,annotation&nbsp;not&nbsp;available,85.6
562973.HMPREF0059_00435,EGE39087.2,annotation&nbsp;not&nbsp;available,85.5
562973.HMPREF0059_02141,EGE37870.2,annotation&nbsp;not&nbsp;available,85.5
562973.HMPREF0059_02534,ureE,Urease&nbsp;accessory&nbsp;protein&nbsp;UreE,85.5
562973.HMPREF0059_01696,EGE37428.1,annotation&nbsp;not&nbsp;available,85.3
562973.HMPREF0059_02330,EGE36967.2,annotation&nbsp;not&nbsp;available,85.2
562973.HMPREF0059_01206,rpsF,30S&nbsp;ribosomal&nbsp;protein&nbsp;S6,85.2
562973.HMPREF0059_00835,pyrE,Orotate&nbsp;phosphoribosyltransferase,85.1
562973.HMPREF0059_01609,EGE37344.1,annotation&nbsp;not&nbsp;available,85.1
562973.HMPREF0059_01203,rplI,50S&nbsp;ribosomal&nbsp;protein&nbsp;L9,84.9
562973.HMPREF0059_00622,EGE39273.1,annotation&nbsp;not&nbsp;available,84.9
562973.HMPREF0059_00966,EGE38113.1,annotation&nbsp;not&nbsp;available,84.8
562973.HMPREF0059_01811,EGE37541.1,annotation&nbsp;not&nbsp;available,84.8
562973.HMPREF0059_00150,rplS,50S&nbsp;ribosomal&nbsp;protein&nbsp;L19,84.8
562973.HMPREF0059_00896,EGE38045.1,annotation&nbsp;not&nbsp;available,84.7
562973.HMPREF0059_00361,EGE39013.1,annotation&nbsp;not&nbsp;available,84.7
562973.HMPREF0059_01231,EGE38376.1,Beta&nbsp;sliding&nbsp;clamp,84.7
562973.HMPREF0059_01798,EGE37529.1,annotation&nbsp;not&nbsp;available,84.6
562973.HMPREF0059_01777,EGE37508.1,"6-phosphogluconate&nbsp;dehydrogenase,&nbsp;decarboxylating",84.5
562973.HMPREF0059_01644,EGE37376.1,annotation&nbsp;not&nbsp;available,84.5
562973.HMPREF0059_01022,recR,Recombination&nbsp;protein&nbsp;RecR,84.5
562973.HMPREF0059_02361,rpsL,30S&nbsp;ribosomal&nbsp;protein&nbsp;S12,84.5
562973.HMPREF0059_01747,EGE37478.1,annotation&nbsp;not&nbsp;available,84.5
562973.HMPREF0059_01551,speE,Polyamine&nbsp;aminopropyltransferase,84.4
562973.HMPREF0059_01016,asd,Aspartate-semialdehyde&nbsp;dehydrogenase,84.3
562973.HMPREF0059_01941,recO,DNA&nbsp;repair&nbsp;protein&nbsp;RecO,84.3
562973.HMPREF0059_01827,hisF,Imidazole&nbsp;glycerol&nbsp;phosphate&nbsp;synthase&nbsp;subunit&nbsp;HisF,84.2
562973.HMPREF0059_00675,EGE39325.1,annotation&nbsp;not&nbsp;available,84.2
562973.HMPREF0059_00301,EGE38953.2,annotation&nbsp;not&nbsp;available,84.0
562973.HMPREF0059_01823,EGE37553.2,annotation&nbsp;not&nbsp;available,84.0
562973.HMPREF0059_00594,EGE39245.1,annotation&nbsp;not&nbsp;available,84.0
562973.HMPREF0059_01243,EGE38388.1,annotation&nbsp;not&nbsp;available,83.9
562973.HMPREF0059_00136,pyrH,Uridylate&nbsp;kinase,83.9
562973.HMPREF0059_00626,EGE39277.1,annotation&nbsp;not&nbsp;available,83.8
562973.HMPREF0059_00032,rpmI,annotation&nbsp;not&nbsp;available,83.7
562973.HMPREF0059_02570,EGE37204.2,annotation&nbsp;not&nbsp;available,83.7
562973.HMPREF0059_01661,ruvA,Holliday&nbsp;junction&nbsp;ATP-dependent&nbsp;DNA&nbsp;helicase&nbsp;RuvA,83.6
562973.HMPREF0059_00859,EGE38008.2,annotation&nbsp;not&nbsp;available,83.6
562973.HMPREF0059_00155,rpsP,annotation&nbsp;not&nbsp;available,83.6
562973.HMPREF0059_01663,EGE37395.1,annotation&nbsp;not&nbsp;available,83.5
562973.HMPREF0059_02459,EGE37096.1,annotation&nbsp;not&nbsp;available,83.5
562973.HMPREF0059_00602,EGE39253.1,annotation&nbsp;not&nbsp;available,83.1
562973.HMPREF0059_01664,secD,Protein&nbsp;translocase&nbsp;subunit&nbsp;SecD,83.0
562973.HMPREF0059_00759,EGE39408.2,annotation&nbsp;not&nbsp;available,82.8
562973.HMPREF0059_00080,EGE38736.2,annotation&nbsp;not&nbsp;available,82.8
562973.HMPREF0059_02427,EGE37064.1,annotation&nbsp;not&nbsp;available,82.5
562973.HMPREF0059_00520,nuoN,NADH-quinone&nbsp;oxidoreductase&nbsp;subunit&nbsp;N,82.5
562973.HMPREF0059_02124,rph,Ribonuclease&nbsp;PH,82.5
562973.HMPREF0059_00054,metE,5-methyltetrahydropteroyltriglutamate--homocysteine&nbsp;methyltransferase,82.5
562973.HMPREF0059_01863,EGE37593.1,annotation&nbsp;not&nbsp;available,82.5
562973.HMPREF0059_01929,glgC,Glucose-1-phosphate&nbsp;adenylyltransferase,82.4
562973.HMPREF0059_02031,rplU,50S&nbsp;ribosomal&nbsp;protein&nbsp;L21,82.3
562973.HMPREF0059_01990,ribH,"6,7-dimethyl-8-ribityllumazine&nbsp;synthase",82.3
562973.HMPREF0059_02554,EGE37188.1,annotation&nbsp;not&nbsp;available,82.2
562973.HMPREF0059_02056,gpsA,annotation&nbsp;not&nbsp;available,82.0
562973.HMPREF0059_00845,EGE37994.1,annotation&nbsp;not&nbsp;available,82.0
562973.HMPREF0059_00523,nuoK,NADH-quinone&nbsp;oxidoreductase&nbsp;subunit&nbsp;K,81.9
562973.HMPREF0059_02377,rpmC,annotation&nbsp;not&nbsp;available,81.9
562973.HMPREF0059_00060,EGE38716.1,annotation&nbsp;not&nbsp;available,81.7
562973.HMPREF0059_01947,EGE37676.1,annotation&nbsp;not&nbsp;available,81.7
562973.HMPREF0059_00992,EGE38139.1,annotation&nbsp;not&nbsp;available,81.6
562973.HMPREF0059_02571,EGE37205.2,annotation&nbsp;not&nbsp;available,81.5
562973.HMPREF0059_00403,EGE39055.1,annotation&nbsp;not&nbsp;available,81.5
562973.HMPREF0059_02541,EGE37175.2,annotation&nbsp;not&nbsp;available,81.4
562973.HMPREF0059_00497,EGE39149.1,annotation&nbsp;not&nbsp;available,81.3
562973.HMPREF0059_00580,EGE39231.1,annotation&nbsp;not&nbsp;available,81.1
562973.HMPREF0059_00453,EGE39105.1,Glucose-1-phosphate&nbsp;thymidylyltransferase,81.1
562973.HMPREF0059_02438,groS,10&nbsp;kDa&nbsp;chaperonin,81.0
562973.HMPREF0059_01338,EGE38480.1,annotation&nbsp;not&nbsp;available,80.9
562973.HMPREF0059_01824,hisI,Phosphoribosyl-AMP&nbsp;cyclohydrolase,80.9
562973.HMPREF0059_01940,EGE37669.1,Isoprenyl&nbsp;transferase,80.8
562973.HMPREF0059_00124,EGE38780.1,annotation&nbsp;not&nbsp;available,80.6
562973.HMPREF0059_01679,EGE37411.1,annotation&nbsp;not&nbsp;available,80.6
562973.HMPREF0059_00781,EGE37931.2,annotation&nbsp;not&nbsp;available,80.4
562973.HMPREF0059_00587,EGE39238.1,annotation&nbsp;not&nbsp;available,80.3
562973.HMPREF0059_00282,EGE38935.2,annotation&nbsp;not&nbsp;available,80.2
562973.HMPREF0059_01720,EGE37451.1,annotation&nbsp;not&nbsp;available,80.2
562973.HMPREF0059_01515,EGE38653.1,annotation&nbsp;not&nbsp;available,80.1
562973.HMPREF0059_00122,EGE38778.1,annotation&nbsp;not&nbsp;available,79.9
562973.HMPREF0059_01412,dnaK,Chaperone&nbsp;protein&nbsp;DnaK,79.9
562973.HMPREF0059_00519,EGE39171.1,annotation&nbsp;not&nbsp;available,79.8
562973.HMPREF0059_02067,EGE37796.1,annotation&nbsp;not&nbsp;available,79.8
562973.HMPREF0059_00259,EGE38912.2,annotation&nbsp;not&nbsp;available,79.7
562973.HMPREF0059_02461,EGE37098.1,annotation&nbsp;not&nbsp;available,79.7
562973.HMPREF0059_02476,guaA,GMP&nbsp;synthase&nbsp;[glutamine-hydrolyzing],79.4
562973.HMPREF0059_01622,EGE37355.1,annotation&nbsp;not&nbsp;available,79.2
562973.HMPREF0059_00525,nuoI,NADH-quinone&nbsp;oxidoreductase&nbsp;subunit&nbsp;I,79.2
562973.HMPREF0059_01727,EGE37458.1,annotation&nbsp;not&nbsp;available,79.2
562973.HMPREF0059_00778,EGE37928.1,annotation&nbsp;not&nbsp;available,79.1
562973.HMPREF0059_00663,EGE39314.1,annotation&nbsp;not&nbsp;available,79.0
562973.HMPREF0059_01555,pyrD,Dihydroorotate&nbsp;dehydrogenase&nbsp;(quinone),78.9
562973.HMPREF0059_02125,EGE37854.1,dITP/XTP&nbsp;pyrophosphatase,78.9
562973.HMPREF0059_00910,EGE38058.1,annotation&nbsp;not&nbsp;available,78.8
562973.HMPREF0059_02378,rpsQ,30S&nbsp;ribosomal&nbsp;protein&nbsp;S17,78.7
562973.HMPREF0059_00462,EGE39114.1,annotation&nbsp;not&nbsp;available,78.6
562973.HMPREF0059_02375,rpsC,30S&nbsp;ribosomal&nbsp;protein&nbsp;S3,78.6
562973.HMPREF0059_00218,EGE38871.2,annotation&nbsp;not&nbsp;available,78.6
562973.HMPREF0059_01562,EGE37299.2,annotation&nbsp;not&nbsp;available,78.4
562973.HMPREF0059_02396,rpoA,DNA-directed&nbsp;RNA&nbsp;polymerase&nbsp;subunit&nbsp;alpha,78.4
562973.HMPREF0059_01667,EGE37399.2,RelA/SpoT&nbsp;family&nbsp;protein,78.4
562973.HMPREF0059_00465,EGE39117.1,annotation&nbsp;not&nbsp;available,78.3
562973.HMPREF0059_00233,EGE38886.1,annotation&nbsp;not&nbsp;available,78.2
562973.HMPREF0059_01533,EGE37271.1,annotation&nbsp;not&nbsp;available,78.0
562973.HMPREF0059_00096,dapB,4-hydroxy-tetrahydrodipicolinate&nbsp;reductase,78.0
562973.HMPREF0059_02535,ureC,annotation&nbsp;not&nbsp;available,77.9
562973.HMPREF0059_01805,uvrC,UvrABC&nbsp;system&nbsp;protein&nbsp;C,77.9
562973.HMPREF0059_01560,EGE37297.1,annotation&nbsp;not&nbsp;available,77.9
562973.HMPREF0059_02533,ureF,Urease&nbsp;accessory&nbsp;protein&nbsp;UreF,77.8
562973.HMPREF0059_01649,thrS,annotation&nbsp;not&nbsp;available,77.8
562973.HMPREF0059_01728,EGE37459.2,annotation&nbsp;not&nbsp;available,77.6
562973.HMPREF0059_01988,EGE37717.1,annotation&nbsp;not&nbsp;available,77.6
562973.HMPREF0059_02465,EGE37102.1,annotation&nbsp;not&nbsp;available,77.6
562973.HMPREF0059_01856,EGE37586.1,annotation&nbsp;not&nbsp;available,77.5
562973.HMPREF0059_02350,EGE36987.1,annotation&nbsp;not&nbsp;available,77.5
562973.HMPREF0059_00039,hisH,Imidazole&nbsp;glycerol&nbsp;phosphate&nbsp;synthase&nbsp;subunit&nbsp;HisH,77.5
562973.HMPREF0059_01887,EGE37617.1,annotation&nbsp;not&nbsp;available,77.5
562973.HMPREF0059_01766,EGE37497.1,annotation&nbsp;not&nbsp;available,77.4
562973.HMPREF0059_00493,purK,N5-carboxyaminoimidazole&nbsp;ribonucleotide&nbsp;synthase,77.3
562973.HMPREF0059_00717,EGE39367.1,annotation&nbsp;not&nbsp;available,77.3
562973.HMPREF0059_00303,EGE38955.1,annotation&nbsp;not&nbsp;available,77.2
562973.HMPREF0059_00596,EGE39247.1,annotation&nbsp;not&nbsp;available,77.1
562973.HMPREF0059_02508,atpB,ATP&nbsp;synthase&nbsp;subunit&nbsp;a,77.1
562973.HMPREF0059_01802,purT,Formate-dependent&nbsp;phosphoribosylglycinamide&nbsp;formyltransferase,76.8
562973.HMPREF0059_01180,EGE38326.1,annotation&nbsp;not&nbsp;available,76.7
562973.HMPREF0059_01252,EGE38396.1,annotation&nbsp;not&nbsp;available,76.6
562973.HMPREF0059_01942,leuA,2-isopropylmalate&nbsp;synthase,76.4
562973.HMPREF0059_02088,EGE37817.2,annotation&nbsp;not&nbsp;available,76.4
562973.HMPREF0059_01778,zwf,Glucose-6-phosphate&nbsp;1-dehydrogenase,76.3
562973.HMPREF0059_00383,EGE39035.1,annotation&nbsp;not&nbsp;available,76.3
562973.HMPREF0059_01052,EGE38198.1,annotation&nbsp;not&nbsp;available,76.3
562973.HMPREF0059_00305,glgE,"Alpha-1,4-glucan:maltose-1-phosphate&nbsp;maltosyltransferase",76.2
562973.HMPREF0059_01738,hisE,annotation&nbsp;not&nbsp;available,76.1
562973.HMPREF0059_00837,EGE37986.1,annotation&nbsp;not&nbsp;available,76.1
562973.HMPREF0059_01734,EGE37465.1,annotation&nbsp;not&nbsp;available,76.0
562973.HMPREF0059_02656,EQM96870.1,annotation&nbsp;not&nbsp;available,76.0
562973.HMPREF0059_00380,moaA,"GTP&nbsp;3',8-cyclase",75.9
562973.HMPREF0059_02380,rplN,50S&nbsp;ribosomal&nbsp;protein&nbsp;L14,75.9
562973.HMPREF0059_02059,leuD,3-isopropylmalate&nbsp;dehydratase&nbsp;small&nbsp;subunit,75.7
562973.HMPREF0059_00548,EGE39199.1,annotation&nbsp;not&nbsp;available,75.7
562973.HMPREF0059_01406,EGE38545.1,annotation&nbsp;not&nbsp;available,75.7
562973.HMPREF0059_01711,pyrF,annotation&nbsp;not&nbsp;available,75.6
562973.HMPREF0059_01005,EGE38152.1,annotation&nbsp;not&nbsp;available,75.5
562973.HMPREF0059_02574,EGE37208.2,annotation&nbsp;not&nbsp;available,75.4
562973.HMPREF0059_02030,rpmA,annotation&nbsp;not&nbsp;available,75.3
562973.HMPREF0059_01900,EGE37629.1,annotation&nbsp;not&nbsp;available,75.2
562973.HMPREF0059_02441,EGE37078.1,annotation&nbsp;not&nbsp;available,75.2
562973.HMPREF0059_00782,EGE37932.1,annotation&nbsp;not&nbsp;available,75.1
562973.HMPREF0059_02320,EGE36957.1,annotation&nbsp;not&nbsp;available,75.0
562973.HMPREF0059_01979,trpD,Anthranilate&nbsp;phosphoribosyltransferase,75.0
562973.HMPREF0059_00433,hpf,Ribosome&nbsp;hibernation&nbsp;promoting&nbsp;factor,74.8
562973.HMPREF0059_02565,EGE37199.2,annotation&nbsp;not&nbsp;available,74.7
562973.HMPREF0059_00356,EGE39008.1,annotation&nbsp;not&nbsp;available,74.7
562973.HMPREF0059_02468,EGE37105.1,annotation&nbsp;not&nbsp;available,74.6
562973.HMPREF0059_02149,EGE37878.1,annotation&nbsp;not&nbsp;available,74.6
562973.HMPREF0059_00436,EGE39088.1,annotation&nbsp;not&nbsp;available,74.5
562973.HMPREF0059_01220,EGE38365.1,annotation&nbsp;not&nbsp;available,74.5
562973.HMPREF0059_00685,EGE39335.1,Isoprenyl&nbsp;transferase,74.4
562973.HMPREF0059_00653,EGE39304.1,annotation&nbsp;not&nbsp;available,74.4
562973.HMPREF0059_00832,EGE37981.2,annotation&nbsp;not&nbsp;available,74.4
562973.HMPREF0059_00309,EGE38961.1,"Alpha-1,4&nbsp;glucan&nbsp;phosphorylase",74.3
562973.HMPREF0059_02572,EGE37206.2,annotation&nbsp;not&nbsp;available,74.2
562973.HMPREF0059_00840,EGE37989.1,annotation&nbsp;not&nbsp;available,74.2
562973.HMPREF0059_02381,rplX,50S&nbsp;ribosomal&nbsp;protein&nbsp;L24,74.2
562973.HMPREF0059_01018,EGE38164.1,annotation&nbsp;not&nbsp;available,74.2
562973.HMPREF0059_00475,EGE39127.1,annotation&nbsp;not&nbsp;available,74.2
562973.HMPREF0059_02024,EGE37753.1,annotation&nbsp;not&nbsp;available,74.1
562973.HMPREF0059_01816,EGE37546.1,annotation&nbsp;not&nbsp;available,74.1
562973.HMPREF0059_02034,EGE37763.1,annotation&nbsp;not&nbsp;available,74.1
562973.HMPREF0059_01806,EGE37537.1,annotation&nbsp;not&nbsp;available,74.0
562973.HMPREF0059_00499,EGE39151.1,annotation&nbsp;not&nbsp;available,74.0
562973.HMPREF0059_01090,pheA,annotation&nbsp;not&nbsp;available,73.9
562973.HMPREF0059_02368,rpsJ,30S&nbsp;ribosomal&nbsp;protein&nbsp;S10,73.7
562973.HMPREF0059_01981,trpA,Tryptophan&nbsp;synthase&nbsp;alpha&nbsp;chain,73.7
562973.HMPREF0059_00799,purS,Phosphoribosylformylglycinamidine&nbsp;synthase&nbsp;subunit&nbsp;PurS,73.6
562973.HMPREF0059_00452,EGE39104.2,annotation&nbsp;not&nbsp;available,73.5
562973.HMPREF0059_02081,gcvT,Aminomethyltransferase,73.4
562973.HMPREF0059_02529,purU,Formyltetrahydrofolate&nbsp;deformylase,73.4
562973.HMPREF0059_01245,EGE38390.1,annotation&nbsp;not&nbsp;available,73.4
562973.HMPREF0059_00660,rbsK,Ribokinase,73.3
562973.HMPREF0059_01721,EGE37452.1,annotation&nbsp;not&nbsp;available,73.2
562973.HMPREF0059_00102,EGE38758.1,annotation&nbsp;not&nbsp;available,73.2
562973.HMPREF0059_01665,secF,Protein-export&nbsp;membrane&nbsp;protein&nbsp;SecF,73.1
562973.HMPREF0059_02620,gatA,Glutamyl-tRNA(Gln)&nbsp;amidotransferase&nbsp;subunit&nbsp;A,73.1
562973.HMPREF0059_00177,EGE38833.1,annotation&nbsp;not&nbsp;available,73.1
562973.HMPREF0059_01767,EGE37498.1,annotation&nbsp;not&nbsp;available,73.0
562973.HMPREF0059_00792,purL,Phosphoribosylformylglycinamidine&nbsp;synthase&nbsp;subunit&nbsp;PurL,73.0
562973.HMPREF0059_00078,murF,UDP-N-acetylmuramoyl-tripeptide--D-alanyl-D-alanine&nbsp;ligase,72.9
562973.HMPREF0059_02471,EGE37108.1,annotation&nbsp;not&nbsp;available,72.9
562973.HMPREF0059_01603,EGE37338.1,annotation&nbsp;not&nbsp;available,72.9
562973.HMPREF0059_01453,EGE38591.1,annotation&nbsp;not&nbsp;available,72.9
562973.HMPREF0059_01789,EGE37520.1,annotation&nbsp;not&nbsp;available,72.7
562973.HMPREF0059_00522,EGE39174.1,annotation&nbsp;not&nbsp;available,72.6
562973.HMPREF0059_02617,ligA,DNA&nbsp;ligase,72.6
562973.HMPREF0059_02036,EGE37765.1,annotation&nbsp;not&nbsp;available,72.6
562973.HMPREF0059_00833,EGE37982.2,annotation&nbsp;not&nbsp;available,72.5
562973.HMPREF0059_01352,EGE38493.1,annotation&nbsp;not&nbsp;available,72.5
562973.HMPREF0059_00116,nusA,Transcription&nbsp;termination/antitermination&nbsp;protein&nbsp;NusA,72.3
562973.HMPREF0059_01987,EGE37716.2,Riboflavin&nbsp;biosynthesis&nbsp;protein&nbsp;RibD,72.3
562973.HMPREF0059_00277,EGE38930.1,annotation&nbsp;not&nbsp;available,72.2
562973.HMPREF0059_01118,pat,Putative&nbsp;phenylalanine&nbsp;aminotransferase,72.2
562973.HMPREF0059_02346,EGE36983.1,annotation&nbsp;not&nbsp;available,72.2
562973.HMPREF0059_02650,EQM96879.1,annotation&nbsp;not&nbsp;available,72.1
562973.HMPREF0059_00557,EGE39208.2,annotation&nbsp;not&nbsp;available,72.1
562973.HMPREF0059_00803,purC,annotation&nbsp;not&nbsp;available,72.1
562973.HMPREF0059_00164,ffh,Signal&nbsp;recognition&nbsp;particle&nbsp;protein,72.1
562973.HMPREF0059_01627,lipA,Lipoyl&nbsp;synthase,72.0
562973.HMPREF0059_00533,nuoB,NADH-quinone&nbsp;oxidoreductase&nbsp;subunit&nbsp;B,72.0
562973.HMPREF0059_02453,ackA,Acetate&nbsp;kinase,72.0
562973.HMPREF0059_00381,EGE39033.2,annotation&nbsp;not&nbsp;available,72.0
562973.HMPREF0059_02185,EGE37914.1,annotation&nbsp;not&nbsp;available,72.0
562973.HMPREF0059_01807,EGE37538.2,annotation&nbsp;not&nbsp;available,72.0
562973.HMPREF0059_02562,EGE37196.1,annotation&nbsp;not&nbsp;available,72.0
562973.HMPREF0059_00421,rplL,50S&nbsp;ribosomal&nbsp;protein&nbsp;L7/L12,71.9
562973.HMPREF0059_02514,atpD,ATP&nbsp;synthase&nbsp;subunit&nbsp;beta,71.8
562973.HMPREF0059_01347,EGE38489.1,annotation&nbsp;not&nbsp;available,71.8
562973.HMPREF0059_00705,ilvD,annotation&nbsp;not&nbsp;available,71.7
562973.HMPREF0059_00337,EGE38989.2,annotation&nbsp;not&nbsp;available,71.7
562973.HMPREF0059_00461,EGE39113.1,annotation&nbsp;not&nbsp;available,71.6
562973.HMPREF0059_01821,EGE37551.1,annotation&nbsp;not&nbsp;available,71.5
562973.HMPREF0059_00389,EGE39041.1,annotation&nbsp;not&nbsp;available,71.5
562973.HMPREF0059_01188,EGE38334.1,annotation&nbsp;not&nbsp;available,71.4
562973.HMPREF0059_01692,rpsD,30S&nbsp;ribosomal&nbsp;protein&nbsp;S4,71.2
562973.HMPREF0059_01150,EGE38296.1,annotation&nbsp;not&nbsp;available,71.1
562973.HMPREF0059_00010,argD,annotation&nbsp;not&nbsp;available,71.1
562973.HMPREF0059_01914,EGE37643.2,annotation&nbsp;not&nbsp;available,71.1
562973.HMPREF0059_01594,EGE37330.1,annotation&nbsp;not&nbsp;available,71.1
562973.HMPREF0059_00455,EGE39107.2,dTDP-4-dehydrorhamnose&nbsp;reductase,71.1
562973.HMPREF0059_02220,EGE36860.2,annotation&nbsp;not&nbsp;available,71.0
562973.HMPREF0059_01168,EGE38314.2,Ribonucleoside-diphosphate&nbsp;reductase&nbsp;subunit&nbsp;beta,70.8
562973.HMPREF0059_01899,EGE37628.1,annotation&nbsp;not&nbsp;available,70.7
562973.HMPREF0059_00471,EGE39123.2,annotation&nbsp;not&nbsp;available,70.6
562973.HMPREF0059_02515,EGE37149.1,annotation&nbsp;not&nbsp;available,70.6
562973.HMPREF0059_00266,prfB,Peptide&nbsp;chain&nbsp;release&nbsp;factor&nbsp;2,70.6
562973.HMPREF0059_01780,EGE37511.1,annotation&nbsp;not&nbsp;available,70.5
562973.HMPREF0059_02254,ppa,Inorganic&nbsp;pyrophosphatase,70.4
562973.HMPREF0059_02092,recA,Protein&nbsp;RecA,70.3
562973.HMPREF0059_02028,proB,Glutamate&nbsp;5-kinase,70.3
562973.HMPREF0059_01666,apt,Adenine&nbsp;phosphoribosyltransferase,70.3
562973.HMPREF0059_02395,rpsK,30S&nbsp;ribosomal&nbsp;protein&nbsp;S11,70.2
562973.HMPREF0059_01628,lipB,Octanoyltransferase,70.1
562973.HMPREF0059_01596,EGE37332.2,annotation&nbsp;not&nbsp;available,70.1
562973.HMPREF0059_01646,EGE37378.1,annotation&nbsp;not&nbsp;available,70.0
562973.HMPREF0059_00761,EGE39410.1,annotation&nbsp;not&nbsp;available,69.9
562973.HMPREF0059_02025,EGE37754.1,annotation&nbsp;not&nbsp;available,69.8
562973.HMPREF0059_00500,EGE39152.1,annotation&nbsp;not&nbsp;available,69.8
562973.HMPREF0059_02428,EGE37065.1,annotation&nbsp;not&nbsp;available,69.8
562973.HMPREF0059_00353,thrB,Homoserine&nbsp;kinase,69.7
562973.HMPREF0059_01200,EGE38345.1,Replicative&nbsp;DNA&nbsp;helicase,69.6
562973.HMPREF0059_00228,EGE38881.1,annotation&nbsp;not&nbsp;available,69.5
562973.HMPREF0059_01541,EGE37278.1,annotation&nbsp;not&nbsp;available,69.5
562973.HMPREF0059_02599,fumC,Fumarate&nbsp;hydratase&nbsp;class&nbsp;II,69.5
562973.HMPREF0059_00366,EGE39018.1,annotation&nbsp;not&nbsp;available,69.4
562973.HMPREF0059_02027,proA,Gamma-glutamyl&nbsp;phosphate&nbsp;reductase,69.4
562973.HMPREF0059_02409,glmM,Phosphoglucosamine&nbsp;mutase,69.4
562973.HMPREF0059_00600,EGE39251.2,annotation&nbsp;not&nbsp;available,69.3
562973.HMPREF0059_01713,rpoZ,DNA-directed&nbsp;RNA&nbsp;polymerase&nbsp;subunit&nbsp;omega,69.3
562973.HMPREF0059_01938,EGE37667.1,annotation&nbsp;not&nbsp;available,69.2
562973.HMPREF0059_00210,EGE38863.1,annotation&nbsp;not&nbsp;available,69.2
562973.HMPREF0059_02408,rpsI,annotation&nbsp;not&nbsp;available,68.9
562973.HMPREF0059_01632,EGE37365.2,annotation&nbsp;not&nbsp;available,68.8
562973.HMPREF0059_00680,EGE39330.1,Polyphosphate&nbsp;kinase,68.8
562973.HMPREF0059_00230,EGE38883.1,annotation&nbsp;not&nbsp;available,68.8
562973.HMPREF0059_02362,rpsG,30S&nbsp;ribosomal&nbsp;protein&nbsp;S7,68.6
562973.HMPREF0059_00460,EGE39112.2,annotation&nbsp;not&nbsp;available,68.6
562973.HMPREF0059_01440,EGE38579.2,annotation&nbsp;not&nbsp;available,68.6
562973.HMPREF0059_00258,EGE38911.1,annotation&nbsp;not&nbsp;available,68.5
562973.HMPREF0059_01871,EGE37601.1,annotation&nbsp;not&nbsp;available,68.4
562973.HMPREF0059_00901,EGE38050.2,annotation&nbsp;not&nbsp;available,68.4
562973.HMPREF0059_01913,EGE37642.1,annotation&nbsp;not&nbsp;available,68.4
562973.HMPREF0059_02337,EGE36974.2,annotation&nbsp;not&nbsp;available,68.4
562973.HMPREF0059_00838,EGE37987.1,annotation&nbsp;not&nbsp;available,68.3
562973.HMPREF0059_01730,EGE37461.2,annotation&nbsp;not&nbsp;available,68.3
562973.HMPREF0059_00528,EGE39180.1,annotation&nbsp;not&nbsp;available,68.2
562973.HMPREF0059_00532,nuoC,NADH-quinone&nbsp;oxidoreductase&nbsp;subunit&nbsp;C,68.1
562973.HMPREF0059_01570,acpP,Acyl&nbsp;carrier&nbsp;protein,68.1
562973.HMPREF0059_00916,EGE38064.1,annotation&nbsp;not&nbsp;available,68.1
562973.HMPREF0059_00815,pckG,Phosphoenolpyruvate&nbsp;carboxykinase&nbsp;[GTP],68.1
562973.HMPREF0059_01901,thiE,Thiamine-phosphate&nbsp;synthase,68.1
562973.HMPREF0059_01445,EGE38583.1,annotation&nbsp;not&nbsp;available,68.0
562973.HMPREF0059_02053,EGE37782.1,annotation&nbsp;not&nbsp;available,67.8
562973.HMPREF0059_01868,EGE37598.1,annotation&nbsp;not&nbsp;available,67.8
562973.HMPREF0059_00245,EGE38898.1,annotation&nbsp;not&nbsp;available,67.6
562973.HMPREF0059_02310,EGE36947.1,annotation&nbsp;not&nbsp;available,67.6
562973.HMPREF0059_02339,EGE36976.1,annotation&nbsp;not&nbsp;available,67.6
562973.HMPREF0059_01354,EGE38495.1,annotation&nbsp;not&nbsp;available,67.5
562973.HMPREF0059_00524,EGE39176.2,annotation&nbsp;not&nbsp;available,67.5
562973.HMPREF0059_00348,rpmE,50S&nbsp;ribosomal&nbsp;protein&nbsp;L31,67.4
562973.HMPREF0059_02487,EGE37122.1,annotation&nbsp;not&nbsp;available,67.4
562973.HMPREF0059_00411,EGE39063.1,annotation&nbsp;not&nbsp;available,67.4
562973.HMPREF0059_00306,EGE38958.2,annotation&nbsp;not&nbsp;available,67.4
562973.HMPREF0059_00276,EGE38929.1,annotation&nbsp;not&nbsp;available,67.1
562973.HMPREF0059_00554,EGE39205.1,annotation&nbsp;not&nbsp;available,67.1
562973.HMPREF0059_01114,EGE38260.1,annotation&nbsp;not&nbsp;available,67.0
562973.HMPREF0059_01458,EGE38596.1,annotation&nbsp;not&nbsp;available,67.0
562973.HMPREF0059_02363,fusA,Elongation&nbsp;factor&nbsp;G,66.9
562973.HMPREF0059_02511,atpH,ATP&nbsp;synthase&nbsp;subunit&nbsp;delta,66.9
562973.HMPREF0059_01461,EGE38599.2,annotation&nbsp;not&nbsp;available,66.8
562973.HMPREF0059_02104,gltX,Glutamate--tRNA&nbsp;ligase,66.7
562973.HMPREF0059_00318,EGE38970.1,annotation&nbsp;not&nbsp;available,66.7
562973.HMPREF0059_01786,pgi,Glucose-6-phosphate&nbsp;isomerase,66.7
562973.HMPREF0059_00317,EGE38969.2,annotation&nbsp;not&nbsp;available,66.6
562973.HMPREF0059_01729,EGE37460.1,annotation&nbsp;not&nbsp;available,66.6
562973.HMPREF0059_01285,EGE38429.1,annotation&nbsp;not&nbsp;available,66.6
562973.HMPREF0059_02086,EGE37815.1,annotation&nbsp;not&nbsp;available,66.4
562973.HMPREF0059_00397,EGE39049.1,annotation&nbsp;not&nbsp;available,66.4
562973.HMPREF0059_02657,EQM96871.1,annotation&nbsp;not&nbsp;available,66.3
562973.HMPREF0059_01569,EGE37306.1,annotation&nbsp;not&nbsp;available,66.3
562973.HMPREF0059_01722,EGE37453.1,Ornithine&nbsp;carbamoyltransferase,66.3
562973.HMPREF0059_00138,rpsB,annotation&nbsp;not&nbsp;available,66.2
562973.HMPREF0059_01297,EGE38441.1,annotation&nbsp;not&nbsp;available,66.2
562973.HMPREF0059_02147,EGE37876.1,annotation&nbsp;not&nbsp;available,66.2
562973.HMPREF0059_02066,ldh,annotation&nbsp;not&nbsp;available,66.0
562973.HMPREF0059_00328,sucD,Succinate--CoA&nbsp;ligase&nbsp;[ADP-forming]&nbsp;subunit&nbsp;alpha,65.9
562973.HMPREF0059_02605,EGE37238.1,annotation&nbsp;not&nbsp;available,65.9
562973.HMPREF0059_01725,fmt,Methionyl-tRNA&nbsp;formyltransferase,65.8
562973.HMPREF0059_00231,EGE38884.2,annotation&nbsp;not&nbsp;available,65.8
562973.HMPREF0059_00758,EGE39407.2,annotation&nbsp;not&nbsp;available,65.6
562973.HMPREF0059_01442,nadE,Glutamine-dependent&nbsp;NAD(+)&nbsp;synthetase,65.6
562973.HMPREF0059_02307,EGE36944.2,annotation&nbsp;not&nbsp;available,65.5
562973.HMPREF0059_01841,EGE37571.1,annotation&nbsp;not&nbsp;available,65.5
562973.HMPREF0059_00025,EGE38682.1,annotation&nbsp;not&nbsp;available,65.4
562973.HMPREF0059_02388,rpmD,annotation&nbsp;not&nbsp;available,65.4
562973.HMPREF0059_01131,EGE38277.1,annotation&nbsp;not&nbsp;available,65.3
562973.HMPREF0059_02524,EGE37158.1,annotation&nbsp;not&nbsp;available,65.3
562973.HMPREF0059_02414,EGE37051.2,annotation&nbsp;not&nbsp;available,65.2
562973.HMPREF0059_02608,EGE37241.1,annotation&nbsp;not&nbsp;available,65.2
562973.HMPREF0059_00491,EGE39143.1,annotation&nbsp;not&nbsp;available,65.1
562973.HMPREF0059_02402,EGE37039.2,annotation&nbsp;not&nbsp;available,65.1
562973.HMPREF0059_00572,EGE39223.2,annotation&nbsp;not&nbsp;available,64.9
562973.HMPREF0059_00827,purA,Adenylosuccinate&nbsp;synthetase,64.8
562973.HMPREF0059_01908,pfp,Pyrophosphate--fructose&nbsp;6-phosphate&nbsp;1-phosphotransferase,64.8
562973.HMPREF0059_00593,EGE39244.1,annotation&nbsp;not&nbsp;available,64.7
562973.HMPREF0059_02391,adk,Adenylate&nbsp;kinase,64.6
562973.HMPREF0059_01833,EGE37563.2,tRNA&nbsp;(adenine(58)-N(1))-methyltransferase&nbsp;TrmI,64.6
562973.HMPREF0059_00354,EGE39006.1,annotation&nbsp;not&nbsp;available,64.6
562973.HMPREF0059_02099,EGE37828.1,annotation&nbsp;not&nbsp;available,64.4
562973.HMPREF0059_00703,EGE39353.2,annotation&nbsp;not&nbsp;available,64.3
562973.HMPREF0059_02532,ureG,Urease&nbsp;accessory&nbsp;protein&nbsp;UreG,64.1
562973.HMPREF0059_00637,EGE39288.1,annotation&nbsp;not&nbsp;available,64.1
562973.HMPREF0059_02407,rplM,50S&nbsp;ribosomal&nbsp;protein&nbsp;L13,63.9
562973.HMPREF0059_00597,EGE39248.1,annotation&nbsp;not&nbsp;available,63.9
562973.HMPREF0059_01972,trmB,tRNA&nbsp;(guanine-N(7)-)-methyltransferase,63.8
562973.HMPREF0059_01905,EGE37634.2,annotation&nbsp;not&nbsp;available,63.7
562973.HMPREF0059_01006,EGE38153.1,annotation&nbsp;not&nbsp;available,63.6
562973.HMPREF0059_02536,ureB,annotation&nbsp;not&nbsp;available,63.5
562973.HMPREF0059_02563,EGE37197.1,annotation&nbsp;not&nbsp;available,63.5
562973.HMPREF0059_02033,EGE37762.1,annotation&nbsp;not&nbsp;available,63.5
562973.HMPREF0059_00890,EGE38039.2,annotation&nbsp;not&nbsp;available,63.3
562973.HMPREF0059_00410,sbcD,Nuclease&nbsp;SbcCD&nbsp;subunit&nbsp;D,63.3
562973.HMPREF0059_02291,lysS,annotation&nbsp;not&nbsp;available,63.2
562973.HMPREF0059_02317,EGE36954.1,annotation&nbsp;not&nbsp;available,63.2
562973.HMPREF0059_00714,ctc,50S&nbsp;ribosomal&nbsp;protein&nbsp;L25,63.2
562973.HMPREF0059_01381,EGE38521.1,annotation&nbsp;not&nbsp;available,63.2
562973.HMPREF0059_00012,argJ,Arginine&nbsp;biosynthesis&nbsp;bifunctional&nbsp;protein&nbsp;ArgJ,63.1
562973.HMPREF0059_01624,EGE37357.1,annotation&nbsp;not&nbsp;available,63.1
562973.HMPREF0059_01989,ribBA,Riboflavin&nbsp;biosynthesis&nbsp;protein&nbsp;RibBA,63.1
562973.HMPREF0059_00516,EGE39168.1,annotation&nbsp;not&nbsp;available,63.1
562973.HMPREF0059_01050,EGE38196.1,annotation&nbsp;not&nbsp;available,62.8
562973.HMPREF0059_00232,EGE38885.1,annotation&nbsp;not&nbsp;available,62.7
562973.HMPREF0059_00325,purH,annotation&nbsp;not&nbsp;available,62.7
562973.HMPREF0059_01707,pyrB,annotation&nbsp;not&nbsp;available,62.7
562973.HMPREF0059_02440,guaB,Inosine-5'-monophosphate&nbsp;dehydrogenase,62.6
562973.HMPREF0059_00422,rplJ,50S&nbsp;ribosomal&nbsp;protein&nbsp;L10,62.5
562973.HMPREF0059_02587,EGE37221.2,annotation&nbsp;not&nbsp;available,62.3
562973.HMPREF0059_00492,purE,N5-carboxyaminoimidazole&nbsp;ribonucleotide&nbsp;mutase,62.2
562973.HMPREF0059_00077,mraY,Phospho-N-acetylmuramoyl-pentapeptide-transferase,62.2
562973.HMPREF0059_02306,EGE36943.1,annotation&nbsp;not&nbsp;available,62.1
562973.HMPREF0059_01683,EGE37415.2,annotation&nbsp;not&nbsp;available,62.1
562973.HMPREF0059_02063,nrdR,Transcriptional&nbsp;repressor&nbsp;NrdR,62.0
562973.HMPREF0059_02060,leuC,3-isopropylmalate&nbsp;dehydratase&nbsp;large&nbsp;subunit,62.0
562973.HMPREF0059_01978,EGE37707.1,annotation&nbsp;not&nbsp;available,62.0
562973.HMPREF0059_01998,leuS,annotation&nbsp;not&nbsp;available,62.0
562973.HMPREF0059_01548,EGE37285.2,Adenosylmethionine&nbsp;decarboxylase,61.9
562973.HMPREF0059_00396,EGE39048.2,annotation&nbsp;not&nbsp;available,61.8
562973.HMPREF0059_02564,EGE37198.1,annotation&nbsp;not&nbsp;available,61.7
562973.HMPREF0059_00534,EGE39186.1,NADH-quinone&nbsp;oxidoreductase&nbsp;subunit,61.5
562973.HMPREF0059_02467,EGE37104.1,annotation&nbsp;not&nbsp;available,61.4
562973.HMPREF0059_01937,EGE37666.2,annotation&nbsp;not&nbsp;available,61.4
562973.HMPREF0059_02073,EGE37802.1,annotation&nbsp;not&nbsp;available,61.3
562973.HMPREF0059_02369,rplC,50S&nbsp;ribosomal&nbsp;protein&nbsp;L3,61.3
562973.HMPREF0059_01192,EGE38338.1,annotation&nbsp;not&nbsp;available,61.2
562973.HMPREF0059_01699,EGE37431.1,annotation&nbsp;not&nbsp;available,61.2
562973.HMPREF0059_01685,aspS,Aspartate--tRNA(Asp/Asn)&nbsp;ligase,61.1
562973.HMPREF0059_00804,purD,annotation&nbsp;not&nbsp;available,61.1
562973.HMPREF0059_02037,EGE37766.1,annotation&nbsp;not&nbsp;available,61.1
562973.HMPREF0059_01842,EGE37572.1,annotation&nbsp;not&nbsp;available,60.7
562973.HMPREF0059_01542,EGE37279.1,Cysteine&nbsp;desulfurase,60.7
562973.HMPREF0059_01817,polA,DNA&nbsp;polymerase&nbsp;I,60.7
562973.HMPREF0059_00891,EGE38040.1,annotation&nbsp;not&nbsp;available,60.6
562973.HMPREF0059_00031,rplT,50S&nbsp;ribosomal&nbsp;protein&nbsp;L20,60.6
562973.HMPREF0059_01540,EGE37277.1,annotation&nbsp;not&nbsp;available,60.6
562973.HMPREF0059_01607,EGE37342.1,annotation&nbsp;not&nbsp;available,60.5
562973.HMPREF0059_01731,EGE37462.2,Holo-[acyl-carrier-protein]&nbsp;synthase,60.5
562973.HMPREF0059_00701,EGE39351.1,annotation&nbsp;not&nbsp;available,60.4
562973.HMPREF0059_00405,uppP,Undecaprenyl-diphosphatase,60.3
562973.HMPREF0059_01535,EGE37273.2,annotation&nbsp;not&nbsp;available,60.3
562973.HMPREF0059_02454,EGE37091.1,Phosphate&nbsp;acetyltransferase,60.3
562973.HMPREF0059_02609,thyA,Thymidylate&nbsp;synthase,60.2
562973.HMPREF0059_01999,EGE37728.2,annotation&nbsp;not&nbsp;available,60.2
562973.HMPREF0059_02251,EGE36889.1,annotation&nbsp;not&nbsp;available,60.1
562973.HMPREF0059_00498,EGE39150.2,annotation&nbsp;not&nbsp;available,60.0
562973.HMPREF0059_01630,EGE37363.1,annotation&nbsp;not&nbsp;available,60.0
562973.HMPREF0059_00621,EGE39272.1,annotation&nbsp;not&nbsp;available,60.0
562973.HMPREF0059_02430,tsaD,tRNA&nbsp;N6-adenosine&nbsp;threonylcarbamoyltransferase,59.9
562973.HMPREF0059_00388,EGE39040.1,annotation&nbsp;not&nbsp;available,59.9
562973.HMPREF0059_01476,EGE38614.2,annotation&nbsp;not&nbsp;available,59.8
562973.HMPREF0059_00504,EGE39156.1,annotation&nbsp;not&nbsp;available,59.8
562973.HMPREF0059_00856,EGE38005.2,annotation&nbsp;not&nbsp;available,59.7
562973.HMPREF0059_00135,frr,Ribosome-recycling&nbsp;factor,59.6
562973.HMPREF0059_00278,EGE38931.1,annotation&nbsp;not&nbsp;available,59.4
562973.HMPREF0059_01932,EGE37661.2,annotation&nbsp;not&nbsp;available,59.4
562973.HMPREF0059_01785,EGE37516.1,Glucose-6-phosphate&nbsp;isomerase,59.4
562973.HMPREF0059_02387,rpsE,30S&nbsp;ribosomal&nbsp;protein&nbsp;S5,59.3
562973.HMPREF0059_01251,EGE38395.2,annotation&nbsp;not&nbsp;available,59.2
562973.HMPREF0059_00289,EGE38942.1,annotation&nbsp;not&nbsp;available,59.1
562973.HMPREF0059_02115,EGE37844.1,annotation&nbsp;not&nbsp;available,59.0
562973.HMPREF0059_01877,EGE37607.1,Aconitate&nbsp;hydratase,58.9
562973.HMPREF0059_00571,EGE39222.1,annotation&nbsp;not&nbsp;available,58.9
562973.HMPREF0059_00521,EGE39173.1,annotation&nbsp;not&nbsp;available,58.9
562973.HMPREF0059_00915,EGE38063.1,annotation&nbsp;not&nbsp;available,58.8
562973.HMPREF0059_01233,rpmH,annotation&nbsp;not&nbsp;available,58.8
562973.HMPREF0059_02443,EGE37080.2,annotation&nbsp;not&nbsp;available,58.7
562973.HMPREF0059_01363,EGE38504.2,annotation&nbsp;not&nbsp;available,58.6
562973.HMPREF0059_00547,EGE39198.1,annotation&nbsp;not&nbsp;available,58.4
562973.HMPREF0059_00347,prfA,Peptide&nbsp;chain&nbsp;release&nbsp;factor&nbsp;1,58.4
562973.HMPREF0059_02418,glmS,Glutamine--fructose-6-phosphate&nbsp;aminotransferase&nbsp;[isomerizing],58.4
562973.HMPREF0059_00777,EGE37927.1,annotation&nbsp;not&nbsp;available,58.4
562973.HMPREF0059_02464,EGE37101.1,annotation&nbsp;not&nbsp;available,58.3
562973.HMPREF0059_00246,EGE38899.1,annotation&nbsp;not&nbsp;available,58.2
562973.HMPREF0059_00662,EGE39313.2,annotation&nbsp;not&nbsp;available,58.1
562973.HMPREF0059_00076,EGE38732.1,annotation&nbsp;not&nbsp;available,58.0
562973.HMPREF0059_01635,pepA,Probable&nbsp;cytosol&nbsp;aminopeptidase,58.0
562973.HMPREF0059_02389,rplO,50S&nbsp;ribosomal&nbsp;protein&nbsp;L15,58.0
562973.HMPREF0059_00314,EGE38966.1,annotation&nbsp;not&nbsp;available,57.9
562973.HMPREF0059_01689,EGE37421.2,annotation&nbsp;not&nbsp;available,57.9
562973.HMPREF0059_00947,EGE38095.2,annotation&nbsp;not&nbsp;available,57.8
562973.HMPREF0059_00419,rpoB,DNA-directed&nbsp;RNA&nbsp;polymerase&nbsp;subunit&nbsp;beta,57.7
562973.HMPREF0059_02426,EGE37063.2,annotation&nbsp;not&nbsp;available,57.5
562973.HMPREF0059_00696,ilvA,L-threonine&nbsp;dehydratase,57.4
562973.HMPREF0059_01926,EGE37655.1,annotation&nbsp;not&nbsp;available,57.4
562973.HMPREF0059_00673,EGE39323.2,annotation&nbsp;not&nbsp;available,57.4
562973.HMPREF0059_02683,tadA,tRNA-specific&nbsp;adenosine&nbsp;deaminase,57.3
562973.HMPREF0059_00229,EGE38882.1,annotation&nbsp;not&nbsp;available,57.3
562973.HMPREF0059_01593,panB,3-methyl-2-oxobutanoate&nbsp;hydroxymethyltransferase,57.1
562973.HMPREF0059_00307,EGE38959.1,annotation&nbsp;not&nbsp;available,57.0
562973.HMPREF0059_01634,EGE37367.1,annotation&nbsp;not&nbsp;available,57.0
562973.HMPREF0059_00652,EGE39303.2,annotation&nbsp;not&nbsp;available,56.8
562973.HMPREF0059_02042,EGE37771.1,annotation&nbsp;not&nbsp;available,56.8
562973.HMPREF0059_02639,EGE36822.2,annotation&nbsp;not&nbsp;available,56.8
562973.HMPREF0059_02148,EGE37877.1,annotation&nbsp;not&nbsp;available,56.6
562973.HMPREF0059_00430,secA,Protein&nbsp;translocase&nbsp;subunit&nbsp;SecA,56.4
562973.HMPREF0059_02137,EGE37866.1,annotation&nbsp;not&nbsp;available,56.4
562973.HMPREF0059_02604,EGE37237.1,annotation&nbsp;not&nbsp;available,56.4
562973.HMPREF0059_00061,EGE38717.1,2-dehydropantoate&nbsp;2-reductase,56.2
562973.HMPREF0059_01977,EGE37706.1,annotation&nbsp;not&nbsp;available,56.2
562973.HMPREF0059_01912,EGE37641.1,annotation&nbsp;not&nbsp;available,56.0
562973.HMPREF0059_00176,EGE38832.1,annotation&nbsp;not&nbsp;available,56.0
562973.HMPREF0059_02039,EGE37768.1,annotation&nbsp;not&nbsp;available,56.0
562973.HMPREF0059_00351,EGE39003.2,annotation&nbsp;not&nbsp;available,55.9
562973.HMPREF0059_01045,EGE38191.1,annotation&nbsp;not&nbsp;available,55.8
562973.HMPREF0059_01405,EGE38544.1,annotation&nbsp;not&nbsp;available,55.8
562973.HMPREF0059_01656,pdxS,Pyridoxal&nbsp;5'-phosphate&nbsp;synthase&nbsp;subunit&nbsp;PdxS,55.8
562973.HMPREF0059_02695,EQM96829.1,annotation&nbsp;not&nbsp;available,55.7
562973.HMPREF0059_02146,EGE37875.1,annotation&nbsp;not&nbsp;available,55.7
562973.HMPREF0059_02545,EGE37179.1,annotation&nbsp;not&nbsp;available,55.6
562973.HMPREF0059_00412,EGE39064.2,annotation&nbsp;not&nbsp;available,55.6
562973.HMPREF0059_02539,EGE37173.1,30S&nbsp;ribosomal&nbsp;protein&nbsp;S14,55.5
562973.HMPREF0059_02035,EGE37764.2,annotation&nbsp;not&nbsp;available,55.3
562973.HMPREF0059_02011,EGE37740.1,annotation&nbsp;not&nbsp;available,55.2
562973.HMPREF0059_01797,pgk,annotation&nbsp;not&nbsp;available,55.0
562973.HMPREF0059_02077,EGE37806.1,annotation&nbsp;not&nbsp;available,54.9
562973.HMPREF0059_00112,EGE38768.1,annotation&nbsp;not&nbsp;available,54.9
562973.HMPREF0059_01895,EGE37625.1,annotation&nbsp;not&nbsp;available,54.9
562973.HMPREF0059_00169,ftsY,Signal&nbsp;recognition&nbsp;particle&nbsp;receptor&nbsp;FtsY,54.9
562973.HMPREF0059_02498,EGE37132.1,annotation&nbsp;not&nbsp;available,54.8
562973.HMPREF0059_02546,EGE37180.1,annotation&nbsp;not&nbsp;available,54.8
562973.HMPREF0059_02404,EGE37041.1,annotation&nbsp;not&nbsp;available,54.6
562973.HMPREF0059_00006,argH,annotation&nbsp;not&nbsp;available,54.5
562973.HMPREF0059_00308,glgB,"1,4-alpha-glucan&nbsp;branching&nbsp;enzyme&nbsp;GlgB",54.4
562973.HMPREF0059_02662,EQM96866.1,annotation&nbsp;not&nbsp;available,54.4
562973.HMPREF0059_02393,infA,Translation&nbsp;initiation&nbsp;factor&nbsp;IF-1,54.3
562973.HMPREF0059_01681,EGE37413.1,annotation&nbsp;not&nbsp;available,54.3
562973.HMPREF0059_00418,rpoC,DNA-directed&nbsp;RNA&nbsp;polymerase&nbsp;subunit&nbsp;beta,54.3
562973.HMPREF0059_00415,EGE39067.1,annotation&nbsp;not&nbsp;available,54.2
562973.HMPREF0059_02193,EGE37922.2,annotation&nbsp;not&nbsp;available,54.2
562973.HMPREF0059_01706,pyrR,Bifunctional&nbsp;protein&nbsp;PyrR,53.7
562973.HMPREF0059_01625,EGE37358.1,annotation&nbsp;not&nbsp;available,53.6
562973.HMPREF0059_02383,rpsZ,30S&nbsp;ribosomal&nbsp;protein&nbsp;S14&nbsp;type&nbsp;Z,53.6
562973.HMPREF0059_02082,gcvH,Glycine&nbsp;cleavage&nbsp;system&nbsp;H&nbsp;protein,53.6
562973.HMPREF0059_02390,secY,Protein&nbsp;translocase&nbsp;subunit&nbsp;SecY,53.5
562973.HMPREF0059_00257,EGE38910.1,annotation&nbsp;not&nbsp;available,53.5
562973.HMPREF0059_01506,EGE38644.2,annotation&nbsp;not&nbsp;available,53.4
562973.HMPREF0059_00962,EGE38109.1,annotation&nbsp;not&nbsp;available,53.4
562973.HMPREF0059_02384,rpsH,30S&nbsp;ribosomal&nbsp;protein&nbsp;S8,53.3
562973.HMPREF0059_00387,EGE39039.1,annotation&nbsp;not&nbsp;available,53.3
562973.HMPREF0059_00527,EGE39179.1,annotation&nbsp;not&nbsp;available,53.3
562973.HMPREF0059_00044,hisC,annotation&nbsp;not&nbsp;available,53.2
562973.HMPREF0059_01645,EGE37377.1,annotation&nbsp;not&nbsp;available,53.1
562973.HMPREF0059_02192,EGE37921.2,annotation&nbsp;not&nbsp;available,53.1
562973.HMPREF0059_00208,EGE38861.1,annotation&nbsp;not&nbsp;available,53.0
562973.HMPREF0059_01350,EGE38491.1,annotation&nbsp;not&nbsp;available,52.9
562973.HMPREF0059_02513,atpG,ATP&nbsp;synthase&nbsp;gamma&nbsp;chain,52.9
562973.HMPREF0059_01670,EGE37402.2,annotation&nbsp;not&nbsp;available,52.9
562973.HMPREF0059_00873,EGE38022.1,annotation&nbsp;not&nbsp;available,52.8
562973.HMPREF0059_01709,carA,annotation&nbsp;not&nbsp;available,52.7
562973.HMPREF0059_00923,EGE38071.1,annotation&nbsp;not&nbsp;available,52.6
562973.HMPREF0059_02232,EGE36872.2,annotation&nbsp;not&nbsp;available,52.5
562973.HMPREF0059_02140,EGE37869.1,annotation&nbsp;not&nbsp;available,52.5
562973.HMPREF0059_00288,EGE38941.1,annotation&nbsp;not&nbsp;available,52.5
562973.HMPREF0059_02188,leuB,3-isopropylmalate&nbsp;dehydrogenase,52.4
562973.HMPREF0059_01848,EGE37578.1,annotation&nbsp;not&nbsp;available,52.4
562973.HMPREF0059_02473,EGE37110.2,annotation&nbsp;not&nbsp;available,52.4
562973.HMPREF0059_01025,dnaX,DNA&nbsp;polymerase&nbsp;III&nbsp;subunit&nbsp;gamma/tau,52.4
562973.HMPREF0059_00930,EGE38078.1,annotation&nbsp;not&nbsp;available,52.3
562973.HMPREF0059_01770,EGE37501.1,annotation&nbsp;not&nbsp;available,52.3
562973.HMPREF0059_01606,EGE37341.2,annotation&nbsp;not&nbsp;available,52.1
562973.HMPREF0059_02015,EGE37744.2,annotation&nbsp;not&nbsp;available,52.1
562973.HMPREF0059_00123,EGE38779.1,annotation&nbsp;not&nbsp;available,52.1
562973.HMPREF0059_02561,EGE37195.1,annotation&nbsp;not&nbsp;available,52.0
562973.HMPREF0059_02370,rplD,50S&nbsp;ribosomal&nbsp;protein&nbsp;L4,52.0
562973.HMPREF0059_02442,EGE37079.1,annotation&nbsp;not&nbsp;available,52.0
562973.HMPREF0059_00206,EGE38859.1,annotation&nbsp;not&nbsp;available,51.9
562973.HMPREF0059_02191,ilvC,Ketol-acid&nbsp;reductoisomerase&nbsp;(NADP(+)),51.9
562973.HMPREF0059_02032,EGE37761.1,annotation&nbsp;not&nbsp;available,51.9
562973.HMPREF0059_02401,EGE37038.1,NAD(P)&nbsp;transhydrogenase&nbsp;subunit&nbsp;beta,51.9
562973.HMPREF0059_01422,EGE38561.1,annotation&nbsp;not&nbsp;available,51.8
562973.HMPREF0059_01400,EGE38539.1,annotation&nbsp;not&nbsp;available,51.7
562973.HMPREF0059_00100,pnp,Polyribonucleotide&nbsp;nucleotidyltransferase,51.5
562973.HMPREF0059_00599,EGE39250.1,annotation&nbsp;not&nbsp;available,51.5
562973.HMPREF0059_00543,EGE39194.2,O-succinylbenzoate&nbsp;synthase,51.3
562973.HMPREF0059_00086,EGE38742.1,annotation&nbsp;not&nbsp;available,51.3
562973.HMPREF0059_00798,purQ,Phosphoribosylformylglycinamidine&nbsp;synthase&nbsp;subunit&nbsp;PurQ,51.3
562973.HMPREF0059_01407,EGE38546.1,annotation&nbsp;not&nbsp;available,51.2
562973.HMPREF0059_01086,EGE38232.1,annotation&nbsp;not&nbsp;available,51.2
562973.HMPREF0059_00531,nuoD,NADH-quinone&nbsp;oxidoreductase&nbsp;subunit&nbsp;D,51.1
562973.HMPREF0059_02435,EGE37072.1,Putative&nbsp;glutamate--cysteine&nbsp;ligase&nbsp;2,51.1
562973.HMPREF0059_00392,EGE39044.2,annotation&nbsp;not&nbsp;available,51.0
