944560.HMPREF9058_0568,nadE,Glutamine-dependent&nbsp;NAD(+)&nbsp;synthetase,98.9
944560.HMPREF9058_0335,dnaB,Replicative&nbsp;DNA&nbsp;helicase,98.9
944560.HMPREF9058_0627,nrdD,annotation&nbsp;not&nbsp;available,98.8
944560.HMPREF9058_2374,EGV14832.1,annotation&nbsp;not&nbsp;available,98.8
944560.HMPREF9058_0719,ffh,Signal&nbsp;recognition&nbsp;particle&nbsp;protein,98.8
944560.HMPREF9058_1450,EGV14818.1,annotation&nbsp;not&nbsp;available,98.8
944560.HMPREF9058_2570,pyrD,Dihydroorotate&nbsp;dehydrogenase&nbsp;(quinone),98.8
944560.HMPREF9058_0313,EGV12841.1,annotation&nbsp;not&nbsp;available,98.7
944560.HMPREF9058_2526,EGV14525.1,annotation&nbsp;not&nbsp;available,98.6
944560.HMPREF9058_2616,argC,N-acetyl-gamma-glutamyl-phosphate&nbsp;reductase,98.2
944560.HMPREF9058_1656,glmM,Phosphoglucosamine&nbsp;mutase,98.1
944560.HMPREF9058_1617,rplC,50S&nbsp;ribosomal&nbsp;protein&nbsp;L3,98.1
944560.HMPREF9058_1407,EGV13616.1,annotation&nbsp;not&nbsp;available,98.0
944560.HMPREF9058_1621,rpsS,30S&nbsp;ribosomal&nbsp;protein&nbsp;S19,97.8
944560.HMPREF9058_2392,EGV14463.1,Uncharacterized&nbsp;protein,97.6
944560.HMPREF9058_0802,malQ,annotation&nbsp;not&nbsp;available,97.4
944560.HMPREF9058_0647,EGV11501.1,annotation&nbsp;not&nbsp;available,97.3
944560.HMPREF9058_1235,pstC,Phosphate&nbsp;transport&nbsp;system&nbsp;permease&nbsp;protein,97.1
944560.HMPREF9058_0667,EGV12669.1,annotation&nbsp;not&nbsp;available,97.0
944560.HMPREF9058_1397,purL,Phosphoribosylformylglycinamidine&nbsp;synthase&nbsp;subunit&nbsp;PurL,97.0
944560.HMPREF9058_2694,dapA,4-hydroxy-tetrahydrodipicolinate&nbsp;synthase,97.0
944560.HMPREF9058_0655,EGV11542.1,annotation&nbsp;not&nbsp;available,96.8
944560.HMPREF9058_2500,EGV13938.1,annotation&nbsp;not&nbsp;available,96.8
944560.HMPREF9058_1596,secE,Protein&nbsp;translocase&nbsp;subunit&nbsp;SecE,96.4
944560.HMPREF9058_1859,thyA,Thymidylate&nbsp;synthase,96.2
944560.HMPREF9058_0943,EGV12323.1,annotation&nbsp;not&nbsp;available,96.2
944560.HMPREF9058_1136,gltA,annotation&nbsp;not&nbsp;available,96.0
944560.HMPREF9058_1413,EGV14852.1,annotation&nbsp;not&nbsp;available,96.0
944560.HMPREF9058_1348,EGV13990.1,annotation&nbsp;not&nbsp;available,95.8
944560.HMPREF9058_1233,pstB,Phosphate&nbsp;import&nbsp;ATP-binding&nbsp;protein&nbsp;PstB,95.8
944560.HMPREF9058_2685,dinB,DNA&nbsp;polymerase&nbsp;IV,95.8
944560.HMPREF9058_1689,guaB,Inosine-5'-monophosphate&nbsp;dehydrogenase,95.7
944560.HMPREF9058_2678,murE,UDP-N-acetylmuramyl-tripeptide&nbsp;synthetase,95.7
944560.HMPREF9058_2119,leuS,annotation&nbsp;not&nbsp;available,95.6
944560.HMPREF9058_0788,cysK,annotation&nbsp;not&nbsp;available,95.5
944560.HMPREF9058_0896,prfA,Peptide&nbsp;chain&nbsp;release&nbsp;factor&nbsp;1,95.5
944560.HMPREF9058_2329,uvrC,UvrABC&nbsp;system&nbsp;protein&nbsp;C,95.4
944560.HMPREF9058_2353,EGV13772.1,annotation&nbsp;not&nbsp;available,95.4
944560.HMPREF9058_1777,ureG,Urease&nbsp;accessory&nbsp;protein&nbsp;UreG,95.3
944560.HMPREF9058_1789,rpmE_2,annotation&nbsp;not&nbsp;available,95.3
944560.HMPREF9058_1599,rplA,50S&nbsp;ribosomal&nbsp;protein&nbsp;L1,95.2
944560.HMPREF9058_1304,gpmA,"2,3-bisphosphoglycerate-dependent&nbsp;phosphoglycerate&nbsp;mutase",95.2
944560.HMPREF9058_1561,EGV14354.1,annotation&nbsp;not&nbsp;available,95.2
944560.HMPREF9058_1655,rpsI,annotation&nbsp;not&nbsp;available,95.0
944560.HMPREF9058_1675,sdhA_2,annotation&nbsp;not&nbsp;available,95.0
944560.HMPREF9058_0861,EGV12695.1,annotation&nbsp;not&nbsp;available,94.9
944560.HMPREF9058_2696,dapB,4-hydroxy-tetrahydrodipicolinate&nbsp;reductase,94.9
944560.HMPREF9058_1871,EGV14489.1,annotation&nbsp;not&nbsp;available,94.7
944560.HMPREF9058_1758,atpE,ATP&nbsp;synthase&nbsp;subunit&nbsp;c,94.5
944560.HMPREF9058_1598,rplK,50S&nbsp;ribosomal&nbsp;protein&nbsp;L11,94.3
944560.HMPREF9058_0839,EGV12105.1,annotation&nbsp;not&nbsp;available,94.2
944560.HMPREF9058_2110,deoD,annotation&nbsp;not&nbsp;available,94.1
944560.HMPREF9058_1132,EGV12674.1,annotation&nbsp;not&nbsp;available,94.0
944560.HMPREF9058_0934,moaC,annotation&nbsp;not&nbsp;available,93.8
944560.HMPREF9058_0392,EGV12973.1,annotation&nbsp;not&nbsp;available,93.6
944560.HMPREF9058_1610,fusA,Elongation&nbsp;factor&nbsp;G,93.4
944560.HMPREF9058_1717,EGV14542.1,annotation&nbsp;not&nbsp;available,93.3
944560.HMPREF9058_0268,pbpA,annotation&nbsp;not&nbsp;available,93.0
944560.HMPREF9058_0365,EGV12914.1,Ribonucleoside-diphosphate&nbsp;reductase&nbsp;subunit&nbsp;beta,93.0
944560.HMPREF9058_0680,tsf,Elongation&nbsp;factor&nbsp;Ts,93.0
944560.HMPREF9058_2640,hisA,annotation&nbsp;not&nbsp;available,92.9
944560.HMPREF9058_0296,EGV12891.1,annotation&nbsp;not&nbsp;available,92.9
944560.HMPREF9058_1124,EGV12245.1,annotation&nbsp;not&nbsp;available,92.7
944560.HMPREF9058_1131,sdhA_1,annotation&nbsp;not&nbsp;available,92.7
944560.HMPREF9058_1360,EGV14173.1,annotation&nbsp;not&nbsp;available,92.7
944560.HMPREF9058_1239,ppk1,Polyphosphate&nbsp;kinase,92.7
944560.HMPREF9058_2561,EGV13871.1,annotation&nbsp;not&nbsp;available,92.6
944560.HMPREF9058_0044,EGV13097.1,annotation&nbsp;not&nbsp;available,92.5
944560.HMPREF9058_2362,zwf,Glucose-6-phosphate&nbsp;1-dehydrogenase,92.5
944560.HMPREF9058_1947,rdgB,dITP/XTP&nbsp;pyrophosphatase,92.3
944560.HMPREF9058_1298,EGV14807.1,annotation&nbsp;not&nbsp;available,92.2
944560.HMPREF9058_1667,EGV14779.1,Holo-[acyl-carrier-protein]&nbsp;synthase,92.2
944560.HMPREF9058_2251,EGV13467.1,annotation&nbsp;not&nbsp;available,92.2
944560.HMPREF9058_0745,ileS,Isoleucine--tRNA&nbsp;ligase,92.1
944560.HMPREF9058_2052,gpsA,annotation&nbsp;not&nbsp;available,91.9
944560.HMPREF9058_0398,EGV12879.1,annotation&nbsp;not&nbsp;available,91.8
944560.HMPREF9058_1847,fumC,Fumarate&nbsp;hydratase&nbsp;class&nbsp;II,91.8
944560.HMPREF9058_1931,EGV13856.1,annotation&nbsp;not&nbsp;available,91.7
944560.HMPREF9058_0706,rplS,50S&nbsp;ribosomal&nbsp;protein&nbsp;L19,91.6
944560.HMPREF9058_1411,EGV14376.1,annotation&nbsp;not&nbsp;available,91.6
944560.HMPREF9058_2661,dnaE_2,annotation&nbsp;not&nbsp;available,91.3
944560.HMPREF9058_2408,EGV14874.1,annotation&nbsp;not&nbsp;available,91.2
944560.HMPREF9058_2299,hisF,Imidazole&nbsp;glycerol&nbsp;phosphate&nbsp;synthase&nbsp;subunit&nbsp;HisF,91.2
944560.HMPREF9058_0903,hom,annotation&nbsp;not&nbsp;available,91.1
944560.HMPREF9058_1937,nagB,Glucosamine-6-phosphate&nbsp;deaminase,91.1
944560.HMPREF9058_1868,gatC,Aspartyl/glutamyl-tRNA(Asn/Gln)&nbsp;amidotransferase&nbsp;subunit&nbsp;C,91.0
944560.HMPREF9058_2662,EGV13747.1,2-dehydropantoate&nbsp;2-reductase,91.0
944560.HMPREF9058_1791,rpmG_2,annotation&nbsp;not&nbsp;available,91.0
944560.HMPREF9058_2340,secG,annotation&nbsp;not&nbsp;available,91.0
944560.HMPREF9058_0988,raiA,Ribosome&nbsp;hibernation&nbsp;promoting&nbsp;factor,91.0
944560.HMPREF9058_0055,tadA,tRNA-specific&nbsp;adenosine&nbsp;deaminase,90.9
944560.HMPREF9058_2634,rpmI,annotation&nbsp;not&nbsp;available,90.7
944560.HMPREF9058_1081,EGV12344.1,annotation&nbsp;not&nbsp;available,90.7
944560.HMPREF9058_0571,sacC,annotation&nbsp;not&nbsp;available,90.6
944560.HMPREF9058_2346,EGV14698.1,annotation&nbsp;not&nbsp;available,90.5
944560.HMPREF9058_2082,proA,Gamma-glutamyl&nbsp;phosphate&nbsp;reductase,90.5
944560.HMPREF9058_1692,ptsH,annotation&nbsp;not&nbsp;available,90.4
944560.HMPREF9058_1628,rplX,50S&nbsp;ribosomal&nbsp;protein&nbsp;L24,90.4
944560.HMPREF9058_2085,EGV14006.1,annotation&nbsp;not&nbsp;available,90.4
944560.HMPREF9058_2312,rpsA,annotation&nbsp;not&nbsp;available,90.3
944560.HMPREF9058_1558,EGV14676.1,annotation&nbsp;not&nbsp;available,90.3
944560.HMPREF9058_1832,EGV14300.1,annotation&nbsp;not&nbsp;available,90.3
944560.HMPREF9058_2455,aspS,Aspartate--tRNA(Asp/Asn)&nbsp;ligase,90.2
944560.HMPREF9058_1236,pstS,Phosphate-binding&nbsp;protein&nbsp;PstS,90.2
944560.HMPREF9058_0471,EGV11605.1,annotation&nbsp;not&nbsp;available,90.2
944560.HMPREF9058_2609,argH,annotation&nbsp;not&nbsp;available,90.1
944560.HMPREF9058_0042,EGV13088.1,"ABC&nbsp;transporter,&nbsp;ATP-binding&nbsp;protein",90.0
944560.HMPREF9058_1686,groS,10&nbsp;kDa&nbsp;chaperonin,90.0
944560.HMPREF9058_0711,rpsP,annotation&nbsp;not&nbsp;available,89.9
944560.HMPREF9058_2558,def,Peptide&nbsp;deformylase,89.7
944560.HMPREF9058_1090,EGV12339.1,NADH-quinone&nbsp;oxidoreductase&nbsp;subunit,89.7
944560.HMPREF9058_2364,gnd,"6-phosphogluconate&nbsp;dehydrogenase,&nbsp;decarboxylating",89.5
944560.HMPREF9058_1087,EGV12424.1,Putative&nbsp;NADH&nbsp;dehydrogenase&nbsp;subunit&nbsp;D,89.5
944560.HMPREF9058_1082,nuoI,NADH-quinone&nbsp;oxidoreductase&nbsp;subunit&nbsp;I,89.5
944560.HMPREF9058_2478,ruvA,Holliday&nbsp;junction&nbsp;ATP-dependent&nbsp;DNA&nbsp;helicase&nbsp;RuvA,89.1
944560.HMPREF9058_1542,EGV13817.1,annotation&nbsp;not&nbsp;available,89.0
944560.HMPREF9058_0850,treS,annotation&nbsp;not&nbsp;available,89.0
944560.HMPREF9058_1210,EGV12635.1,annotation&nbsp;not&nbsp;available,89.0
944560.HMPREF9058_2564,EGV13529.1,annotation&nbsp;not&nbsp;available,88.9
944560.HMPREF9058_2470,EGV14084.1,annotation&nbsp;not&nbsp;available,88.8
944560.HMPREF9058_2490,thrS,annotation&nbsp;not&nbsp;available,88.8
944560.HMPREF9058_2269,EGV14629.1,annotation&nbsp;not&nbsp;available,88.6
944560.HMPREF9058_2532,EGV13966.1,annotation&nbsp;not&nbsp;available,88.4
944560.HMPREF9058_0434,prs,Ribose-phosphate&nbsp;pyrophosphokinase,88.3
944560.HMPREF9058_1869,gatA,Glutamyl-tRNA(Gln)&nbsp;amidotransferase&nbsp;subunit&nbsp;A,88.2
944560.HMPREF9058_0879,EGV12570.1,6-phosphofructokinase,88.2
944560.HMPREF9058_0180,EGV13232.1,annotation&nbsp;not&nbsp;available,88.1
944560.HMPREF9058_2428,pyrF,annotation&nbsp;not&nbsp;available,87.5
944560.HMPREF9058_2432,pyrB,annotation&nbsp;not&nbsp;available,87.3
944560.HMPREF9058_1611,tuf,Elongation&nbsp;factor&nbsp;Tu,87.3
944560.HMPREF9058_1818,deoC,Deoxyribose-phosphate&nbsp;aldolase,87.2
944560.HMPREF9058_1483,metX,Homoserine&nbsp;O-acetyltransferase,87.1
944560.HMPREF9058_0847,glgX_1,annotation&nbsp;not&nbsp;available,87.1
944560.HMPREF9058_0730,dhaL_1,annotation&nbsp;not&nbsp;available,86.9
944560.HMPREF9058_2131,EGV13686.1,Putative&nbsp;riboflavin&nbsp;biosynthesis&nbsp;protein&nbsp;RibD,86.8
944560.HMPREF9058_0771,EGV12686.1,annotation&nbsp;not&nbsp;available,86.8
944560.HMPREF9058_1408,EGV14254.1,annotation&nbsp;not&nbsp;available,86.7
944560.HMPREF9058_2565,EGV14617.1,annotation&nbsp;not&nbsp;available,86.7
944560.HMPREF9058_1367,EGV14335.1,annotation&nbsp;not&nbsp;available,86.6
944560.HMPREF9058_1293,holB,annotation&nbsp;not&nbsp;available,86.5
944560.HMPREF9058_2071,EGV13922.1,annotation&nbsp;not&nbsp;available,86.5
944560.HMPREF9058_0610,EGV11683.1,annotation&nbsp;not&nbsp;available,86.3
944560.HMPREF9058_0761,EGV12613.1,annotation&nbsp;not&nbsp;available,86.3
944560.HMPREF9058_1661,EGV13975.1,annotation&nbsp;not&nbsp;available,86.2
944560.HMPREF9058_1627,rplN,50S&nbsp;ribosomal&nbsp;protein&nbsp;L14,86.1
944560.HMPREF9058_0990,EGV12458.1,ATPase/histidine&nbsp;kinase/DNA&nbsp;gyrase&nbsp;B/HSP90&nbsp;domain&nbsp;protein,86.1
944560.HMPREF9058_2258,EGV14573.1,annotation&nbsp;not&nbsp;available,86.1
944560.HMPREF9058_1594,aspC,annotation&nbsp;not&nbsp;available,86.0
944560.HMPREF9058_0053,akr5f,annotation&nbsp;not&nbsp;available,86.0
944560.HMPREF9058_0860,EGV12619.1,annotation&nbsp;not&nbsp;available,86.0
944560.HMPREF9058_1538,EGV14159.1,annotation&nbsp;not&nbsp;available,86.0
944560.HMPREF9058_1359,EGV14278.1,annotation&nbsp;not&nbsp;available,85.7
944560.HMPREF9058_1224,EGV12293.1,annotation&nbsp;not&nbsp;available,85.7
944560.HMPREF9058_1582,EGV14186.1,annotation&nbsp;not&nbsp;available,85.7
944560.HMPREF9058_0862,EGV12129.1,annotation&nbsp;not&nbsp;available,85.5
944560.HMPREF9058_2183,leuA,2-isopropylmalate&nbsp;synthase,85.4
944560.HMPREF9058_1005,EGV12252.1,annotation&nbsp;not&nbsp;available,85.3
944560.HMPREF9058_1633,rplR,50S&nbsp;ribosomal&nbsp;protein&nbsp;L18,85.3
944560.HMPREF9058_2134,rpsT,30S&nbsp;ribosomal&nbsp;protein&nbsp;S20,85.2
944560.HMPREF9058_2324,EGV13874.1,annotation&nbsp;not&nbsp;available,85.1
944560.HMPREF9058_1089,nuoB,NADH-quinone&nbsp;oxidoreductase&nbsp;subunit&nbsp;B,85.0
944560.HMPREF9058_2520,glnA,annotation&nbsp;not&nbsp;available,85.0
944560.HMPREF9058_1764,atpD,ATP&nbsp;synthase&nbsp;subunit&nbsp;beta,85.0
944560.HMPREF9058_1866,ligA,DNA&nbsp;ligase,85.0
944560.HMPREF9058_1452,xseA,Exodeoxyribonuclease&nbsp;7&nbsp;large&nbsp;subunit,84.9
944560.HMPREF9058_2077,EGV14644.1,annotation&nbsp;not&nbsp;available,84.5
944560.HMPREF9058_2143,trpB,Multifunctional&nbsp;fusion&nbsp;protein,84.4
944560.HMPREF9058_0905,lysA,annotation&nbsp;not&nbsp;available,84.4
944560.HMPREF9058_1651,pntA,annotation&nbsp;not&nbsp;available,84.4
944560.HMPREF9058_1256,EGV12427.1,annotation&nbsp;not&nbsp;available,84.3
944560.HMPREF9058_2198,serB,annotation&nbsp;not&nbsp;available,84.3
944560.HMPREF9058_2645,EGV14155.1,annotation&nbsp;not&nbsp;available,84.3
944560.HMPREF9058_0351,nrdH,annotation&nbsp;not&nbsp;available,84.2
944560.HMPREF9058_1634,rpsE,30S&nbsp;ribosomal&nbsp;protein&nbsp;S5,84.1
944560.HMPREF9058_2426,gmk,Guanylate&nbsp;kinase,83.9
944560.HMPREF9058_1640,infA,Translation&nbsp;initiation&nbsp;factor&nbsp;IF-1,83.8
944560.HMPREF9058_1642,rpsM,30S&nbsp;ribosomal&nbsp;protein&nbsp;S13,83.7
944560.HMPREF9058_0941,narI,annotation&nbsp;not&nbsp;available,83.7
944560.HMPREF9058_0801,EGV12581.1,annotation&nbsp;not&nbsp;available,83.7
944560.HMPREF9058_1716,EGV14244.1,annotation&nbsp;not&nbsp;available,83.7
944560.HMPREF9058_1354,EGV14348.1,Exonuclease,83.7
944560.HMPREF9058_2267,dnaE_1,Error-prone&nbsp;DNA&nbsp;polymerase,83.7
944560.HMPREF9058_1779,ureE,Urease&nbsp;accessory&nbsp;protein&nbsp;UreE,83.7
944560.HMPREF9058_2656,EGV14544.1,annotation&nbsp;not&nbsp;available,83.7
944560.HMPREF9058_2226,thiD_2,annotation&nbsp;not&nbsp;available,83.5
944560.HMPREF9058_0331,rpsR,30S&nbsp;ribosomal&nbsp;protein&nbsp;S18,83.5
944560.HMPREF9058_2215,EGV13628.1,annotation&nbsp;not&nbsp;available,83.5
944560.HMPREF9058_2615,argJ,Arginine&nbsp;biosynthesis&nbsp;bifunctional&nbsp;protein&nbsp;ArgJ,83.4
944560.HMPREF9058_1626,rpsQ,30S&nbsp;ribosomal&nbsp;protein&nbsp;S17,83.3
944560.HMPREF9058_2677,murF,UDP-N-acetylmuramoyl-tripeptide--D-alanyl-D-alanine&nbsp;ligase,83.3
944560.HMPREF9058_1550,EGV14757.1,annotation&nbsp;not&nbsp;available,83.3
944560.HMPREF9058_2199,glgC,Glucose-1-phosphate&nbsp;adenylyltransferase,83.1
944560.HMPREF9058_0332,rplI,50S&nbsp;ribosomal&nbsp;protein&nbsp;L9,83.0
944560.HMPREF9058_0527,EGV11606.1,annotation&nbsp;not&nbsp;available,83.0
944560.HMPREF9058_0243,glkA,annotation&nbsp;not&nbsp;available,82.9
944560.HMPREF9058_1154,EGV12171.1,annotation&nbsp;not&nbsp;available,82.9
944560.HMPREF9058_2191,EGV13602.1,annotation&nbsp;not&nbsp;available,82.7
944560.HMPREF9058_2675,murD,UDP-N-acetylmuramoylalanine--D-glutamate&nbsp;ligase,82.6
944560.HMPREF9058_1254,ilvA,L-threonine&nbsp;dehydratase,82.6
944560.HMPREF9058_2411,rpe,annotation&nbsp;not&nbsp;available,82.5
944560.HMPREF9058_1637,secY,Protein&nbsp;translocase&nbsp;subunit&nbsp;SecY,82.5
944560.HMPREF9058_0853,glgP,"Alpha-1,4&nbsp;glucan&nbsp;phosphorylase",82.2
944560.HMPREF9058_0897,rpmE_1,50S&nbsp;ribosomal&nbsp;protein&nbsp;L31,82.1
944560.HMPREF9058_1006,manA,annotation&nbsp;not&nbsp;available,82.1
944560.HMPREF9058_2410,EGV14311.1,annotation&nbsp;not&nbsp;available,81.9
944560.HMPREF9058_1622,rplV,50S&nbsp;ribosomal&nbsp;protein&nbsp;L22,81.7
944560.HMPREF9058_1854,EGV14396.1,annotation&nbsp;not&nbsp;available,81.7
944560.HMPREF9058_1375,pckG,Phosphoenolpyruvate&nbsp;carboxykinase&nbsp;[GTP],81.6
944560.HMPREF9058_2555,acpP,Acyl&nbsp;carrier&nbsp;protein,81.5
944560.HMPREF9058_2081,proB,Glutamate&nbsp;5-kinase,81.5
944560.HMPREF9058_2338,pgk,annotation&nbsp;not&nbsp;available,81.4
944560.HMPREF9058_2035,EGV14149.1,annotation&nbsp;not&nbsp;available,81.3
944560.HMPREF9058_1788,rpmJ_3,annotation&nbsp;not&nbsp;available,81.1
944560.HMPREF9058_2066,EGV14257.1,annotation&nbsp;not&nbsp;available,81.0
944560.HMPREF9058_1624,rplP,50S&nbsp;ribosomal&nbsp;protein&nbsp;L16,80.9
944560.HMPREF9058_1853,EGV13781.1,annotation&nbsp;not&nbsp;available,80.7
944560.HMPREF9058_1770,EGV14076.1,annotation&nbsp;not&nbsp;available,80.6
944560.HMPREF9058_1120,EGV12578.1,annotation&nbsp;not&nbsp;available,80.3
944560.HMPREF9058_2046,nrdR,Transcriptional&nbsp;repressor&nbsp;NrdR,80.3
944560.HMPREF9058_1630,rpsN_1,30S&nbsp;ribosomal&nbsp;protein&nbsp;S14&nbsp;type&nbsp;Z,80.2
944560.HMPREF9058_2196,EGV14748.1,annotation&nbsp;not&nbsp;available,80.2
944560.HMPREF9058_0421,EGV11477.1,annotation&nbsp;not&nbsp;available,80.2
944560.HMPREF9058_1790,rpsN_2,30S&nbsp;ribosomal&nbsp;protein&nbsp;S14,80.1
944560.HMPREF9058_1801,EGV13712.1,annotation&nbsp;not&nbsp;available,80.0
944560.HMPREF9058_2474,secF,Protein-export&nbsp;membrane&nbsp;protein&nbsp;SecF,80.0
944560.HMPREF9058_2229,EGV14703.1,annotation&nbsp;not&nbsp;available,80.0
944560.HMPREF9058_2127,EGV13850.1,annotation&nbsp;not&nbsp;available,80.0
944560.HMPREF9058_2094,EGV14017.1,annotation&nbsp;not&nbsp;available,79.9
944560.HMPREF9058_1733,EGV14292.1,annotation&nbsp;not&nbsp;available,79.9
944560.HMPREF9058_1616,rpsJ,30S&nbsp;ribosomal&nbsp;protein&nbsp;S10,79.8
944560.HMPREF9058_1106,EGV12176.1,annotation&nbsp;not&nbsp;available,79.6
944560.HMPREF9058_2527,panB,3-methyl-2-oxobutanoate&nbsp;hydroxymethyltransferase,79.6
944560.HMPREF9058_0550,EGV11696.1,annotation&nbsp;not&nbsp;available,79.4
944560.HMPREF9058_2503,EGV14124.1,Putative&nbsp;formate&nbsp;C-acetyltransferase,79.4
944560.HMPREF9058_2400,hisE,annotation&nbsp;not&nbsp;available,79.4
944560.HMPREF9058_0288,thrC,annotation&nbsp;not&nbsp;available,79.4
944560.HMPREF9058_0944,EGV12270.1,annotation&nbsp;not&nbsp;available,79.3
944560.HMPREF9058_2078,rplU,50S&nbsp;ribosomal&nbsp;protein&nbsp;L21,79.2
944560.HMPREF9058_0731,folC,annotation&nbsp;not&nbsp;available,79.2
944560.HMPREF9058_2429,carB,annotation&nbsp;not&nbsp;available,79.2
944560.HMPREF9058_0932,moaE,annotation&nbsp;not&nbsp;available,79.2
944560.HMPREF9058_0567,EGV11593.1,PTS&nbsp;system&nbsp;fructose&nbsp;IIA&nbsp;component,79.2
944560.HMPREF9058_0924,rsgA,Small&nbsp;ribosomal&nbsp;subunit&nbsp;biogenesis&nbsp;GTPase&nbsp;RsgA,79.1
944560.HMPREF9058_1134,EGV12238.1,annotation&nbsp;not&nbsp;available,79.1
944560.HMPREF9058_1781,ureB,annotation&nbsp;not&nbsp;available,79.0
944560.HMPREF9058_2380,EGV13878.1,annotation&nbsp;not&nbsp;available,79.0
944560.HMPREF9058_2496,glgX_2,annotation&nbsp;not&nbsp;available,78.6
944560.HMPREF9058_2515,EGV14788.1,annotation&nbsp;not&nbsp;available,78.6
944560.HMPREF9058_1672,yeaZ,annotation&nbsp;not&nbsp;available,78.6
944560.HMPREF9058_2689,EGV13552.1,annotation&nbsp;not&nbsp;available,78.5
944560.HMPREF9058_2025,EGV13697.1,annotation&nbsp;not&nbsp;available,78.4
944560.HMPREF9058_0967,EGV12381.1,annotation&nbsp;not&nbsp;available,78.2
944560.HMPREF9058_1783,rpmJ_2,annotation&nbsp;not&nbsp;available,78.2
944560.HMPREF9058_1678,tsaD,tRNA&nbsp;N6-adenosine&nbsp;threonylcarbamoyltransferase,78.0
944560.HMPREF9058_1612,EGV14872.1,LPXTG-motif&nbsp;cell&nbsp;wall&nbsp;anchor&nbsp;domain&nbsp;protein,77.8
944560.HMPREF9058_2391,EGV13663.1,annotation&nbsp;not&nbsp;available,77.7
944560.HMPREF9058_2502,EGV14119.1,Glycine&nbsp;radical&nbsp;domain&nbsp;protein,77.2
944560.HMPREF9058_1234,pstA,annotation&nbsp;not&nbsp;available,77.2
944560.HMPREF9058_1539,gdhA,annotation&nbsp;not&nbsp;available,77.1
944560.HMPREF9058_1702,ackA,Acetate&nbsp;kinase,77.1
944560.HMPREF9058_1714,EGV14730.1,annotation&nbsp;not&nbsp;available,76.9
944560.HMPREF9058_1078,EGV12479.1,annotation&nbsp;not&nbsp;available,76.9
944560.HMPREF9058_0961,uppP,Undecaprenyl-diphosphatase,76.7
944560.HMPREF9058_1618,rplD,50S&nbsp;ribosomal&nbsp;protein&nbsp;L4,76.7
944560.HMPREF9058_2074,EGV14202.1,annotation&nbsp;not&nbsp;available,76.5
944560.HMPREF9058_2028,gcvH,Glycine&nbsp;cleavage&nbsp;system&nbsp;H&nbsp;protein,76.4
944560.HMPREF9058_1691,EGV14350.1,annotation&nbsp;not&nbsp;available,76.1
944560.HMPREF9058_2691,EGV13680.1,annotation&nbsp;not&nbsp;available,76.0
944560.HMPREF9058_1101,proV,annotation&nbsp;not&nbsp;available,76.0
944560.HMPREF9058_1759,atpF,ATP&nbsp;synthase&nbsp;subunit&nbsp;b,75.9
944560.HMPREF9058_2055,rpmB_2,annotation&nbsp;not&nbsp;available,75.7
944560.HMPREF9058_1645,rplQ,annotation&nbsp;not&nbsp;available,75.6
944560.HMPREF9058_2498,treZ,annotation&nbsp;not&nbsp;available,75.2
944560.HMPREF9058_1932,EGV14486.1,annotation&nbsp;not&nbsp;available,75.0
944560.HMPREF9058_1778,ureF,Urease&nbsp;accessory&nbsp;protein&nbsp;UreF,75.0
944560.HMPREF9058_2700,rpsO,30S&nbsp;ribosomal&nbsp;protein&nbsp;S15,75.0
944560.HMPREF9058_0797,pepN_1,annotation&nbsp;not&nbsp;available,74.8
944560.HMPREF9058_1484,EGV14828.1,annotation&nbsp;not&nbsp;available,74.8
944560.HMPREF9058_1364,fbaA,annotation&nbsp;not&nbsp;available,74.8
944560.HMPREF9058_2655,metE,5-methyltetrahydropteroyltriglutamate--homocysteine&nbsp;methyltransferase,74.8
944560.HMPREF9058_1760,atpH,ATP&nbsp;synthase&nbsp;subunit&nbsp;delta,74.7
944560.HMPREF9058_2614,argB,Acetylglutamate&nbsp;kinase,74.6
944560.HMPREF9058_0846,etfB,annotation&nbsp;not&nbsp;available,74.5
944560.HMPREF9058_2375,EGV14216.1,annotation&nbsp;not&nbsp;available,74.5
944560.HMPREF9058_0043,EGV13121.1,annotation&nbsp;not&nbsp;available,74.3
944560.HMPREF9058_2697,EGV14406.1,annotation&nbsp;not&nbsp;available,74.2
944560.HMPREF9058_2144,trpD,Anthranilate&nbsp;phosphoribosyltransferase,74.1
944560.HMPREF9058_2209,EGV14312.1,annotation&nbsp;not&nbsp;available,74.0
944560.HMPREF9058_1184,EGV12477.1,annotation&nbsp;not&nbsp;available,74.0
944560.HMPREF9058_1083,nuoH,NADH-quinone&nbsp;oxidoreductase&nbsp;subunit&nbsp;H,73.9
944560.HMPREF9058_1015,EGV12434.1,annotation&nbsp;not&nbsp;available,73.9
944560.HMPREF9058_2641,hisH,Imidazole&nbsp;glycerol&nbsp;phosphate&nbsp;synthase&nbsp;subunit&nbsp;HisH,73.7
944560.HMPREF9058_2331,EGV14147.1,annotation&nbsp;not&nbsp;available,73.6
944560.HMPREF9058_2560,dnaG,DNA&nbsp;primase,73.5
944560.HMPREF9058_1072,EGV12124.1,annotation&nbsp;not&nbsp;available,73.4
944560.HMPREF9058_0092,EGV13265.1,annotation&nbsp;not&nbsp;available,73.4
944560.HMPREF9058_1608,rpsL,30S&nbsp;ribosomal&nbsp;protein&nbsp;S12,73.3
944560.HMPREF9058_1690,EGV13739.1,annotation&nbsp;not&nbsp;available,73.1
944560.HMPREF9058_2676,mraY,Phospho-N-acetylmuramoyl-pentapeptide-transferase,73.0
944560.HMPREF9058_0538,groL,60&nbsp;kDa&nbsp;chaperonin,72.9
944560.HMPREF9058_1386,purC,annotation&nbsp;not&nbsp;available,72.8
944560.HMPREF9058_1652,EGV13985.1,annotation&nbsp;not&nbsp;available,72.8
944560.HMPREF9058_0775,EGV12318.1,annotation&nbsp;not&nbsp;available,72.7
944560.HMPREF9058_1792,rpmB_1,annotation&nbsp;not&nbsp;available,72.7
944560.HMPREF9058_2551,aceE,Pyruvate&nbsp;dehydrogenase&nbsp;E1&nbsp;component,72.5
944560.HMPREF9058_1811,EGV14695.1,annotation&nbsp;not&nbsp;available,72.4
944560.HMPREF9058_2247,acnA,Aconitate&nbsp;hydratase,72.3
944560.HMPREF9058_2030,gcvP,annotation&nbsp;not&nbsp;available,72.3
944560.HMPREF9058_0820,EGV12528.1,UvrD/REP&nbsp;helicase,72.2
944560.HMPREF9058_2042,EGV13765.1,annotation&nbsp;not&nbsp;available,72.2
944560.HMPREF9058_1049,purE,N5-carboxyaminoimidazole&nbsp;ribonucleotide&nbsp;mutase,72.2
944560.HMPREF9058_1107,EGV12539.1,annotation&nbsp;not&nbsp;available,72.1
944560.HMPREF9058_1553,EGV13524.1,annotation&nbsp;not&nbsp;available,72.1
944560.HMPREF9058_1549,EGV14042.1,annotation&nbsp;not&nbsp;available,72.1
944560.HMPREF9058_1713,idhA,annotation&nbsp;not&nbsp;available,72.1
944560.HMPREF9058_1385,purD,annotation&nbsp;not&nbsp;available,71.8
944560.HMPREF9058_0976,rplJ,50S&nbsp;ribosomal&nbsp;protein&nbsp;L10,71.8
944560.HMPREF9058_0565,manY,annotation&nbsp;not&nbsp;available,71.7
944560.HMPREF9058_0892,EGV12600.1,annotation&nbsp;not&nbsp;available,71.6
944560.HMPREF9058_2427,EGV14120.1,annotation&nbsp;not&nbsp;available,71.5
944560.HMPREF9058_2317,uvrB,UvrABC&nbsp;system&nbsp;protein&nbsp;B,71.5
944560.HMPREF9058_1125,EGV12304.1,annotation&nbsp;not&nbsp;available,71.5
944560.HMPREF9058_1362,pyrE,Orotate&nbsp;phosphoribosyltransferase,71.5
944560.HMPREF9058_2311,polA,DNA&nbsp;polymerase&nbsp;I,71.4
944560.HMPREF9058_0678,frr,Ribosome-recycling&nbsp;factor,71.0
944560.HMPREF9058_2203,EGV14723.1,annotation&nbsp;not&nbsp;available,71.0
944560.HMPREF9058_1879,ilvN,annotation&nbsp;not&nbsp;available,70.9
944560.HMPREF9058_0210,EGV12996.1,annotation&nbsp;not&nbsp;available,70.7
944560.HMPREF9058_1889,EGV13704.1,CDP-glycerol:poly(Glycerophosphate)&nbsp;glycerophosphotransferase,70.5
944560.HMPREF9058_2711,EGV14857.1,annotation&nbsp;not&nbsp;available,70.4
944560.HMPREF9058_1720,mmsA,annotation&nbsp;not&nbsp;available,70.4
944560.HMPREF9058_2371,EGV14143.1,annotation&nbsp;not&nbsp;available,70.4
944560.HMPREF9058_2129,ribB,Riboflavin&nbsp;biosynthesis&nbsp;protein&nbsp;RibBA,70.3
944560.HMPREF9058_1100,EGV12228.1,annotation&nbsp;not&nbsp;available,70.2
944560.HMPREF9058_2577,EGV14058.1,Adenosylmethionine&nbsp;decarboxylase,70.1
944560.HMPREF9058_0230,EGV13015.1,annotation&nbsp;not&nbsp;available,70.1
944560.HMPREF9058_1105,EGV12163.1,annotation&nbsp;not&nbsp;available,70.0
944560.HMPREF9058_2207,EGV14342.1,annotation&nbsp;not&nbsp;available,69.8
944560.HMPREF9058_1757,atpB,ATP&nbsp;synthase&nbsp;subunit&nbsp;a,69.8
944560.HMPREF9058_0489,EGV11481.1,annotation&nbsp;not&nbsp;available,69.8
944560.HMPREF9058_0904,EGV12191.1,annotation&nbsp;not&nbsp;available,69.7
944560.HMPREF9058_2304,trpC,annotation&nbsp;not&nbsp;available,69.7
944560.HMPREF9058_0679,pyrH,Uridylate&nbsp;kinase,69.6
944560.HMPREF9058_1479,EGV13760.1,BNR/Asp-box&nbsp;repeat&nbsp;protein,69.5
944560.HMPREF9058_2510,sucB,annotation&nbsp;not&nbsp;available,69.5
944560.HMPREF9058_0666,mvaD,annotation&nbsp;not&nbsp;available,69.4
944560.HMPREF9058_0157,EGV13304.1,annotation&nbsp;not&nbsp;available,69.4
944560.HMPREF9058_1795,folD,Bifunctional&nbsp;protein&nbsp;FolD,69.0
944560.HMPREF9058_1088,nuoC,NADH-quinone&nbsp;oxidoreductase&nbsp;subunit&nbsp;C,68.8
944560.HMPREF9058_1880,ilvC,Ketol-acid&nbsp;reductoisomerase&nbsp;(NADP(+)),68.8
944560.HMPREF9058_2339,tpiA,Triosephosphate&nbsp;isomerase,68.7
944560.HMPREF9058_2192,EGV14798.1,annotation&nbsp;not&nbsp;available,68.6
944560.HMPREF9058_1086,EGV12589.1,annotation&nbsp;not&nbsp;available,68.5
944560.HMPREF9058_1061,rpmG_1,annotation&nbsp;not&nbsp;available,68.4
944560.HMPREF9058_0931,EGV12367.1,annotation&nbsp;not&nbsp;available,68.2
944560.HMPREF9058_0863,mdh,Malate&nbsp;dehydrogenase,68.2
944560.HMPREF9058_1571,tkt,annotation&nbsp;not&nbsp;available,68.2
944560.HMPREF9058_2509,lpdA,annotation&nbsp;not&nbsp;available,68.1
944560.HMPREF9058_1085,nuoF,NADH-quinone&nbsp;oxidoreductase&nbsp;subunit&nbsp;F,67.9
944560.HMPREF9058_1623,rpsC,30S&nbsp;ribosomal&nbsp;protein&nbsp;S3,67.9
944560.HMPREF9058_0681,rpsB,annotation&nbsp;not&nbsp;available,67.9
944560.HMPREF9058_2142,trpA,Tryptophan&nbsp;synthase&nbsp;alpha&nbsp;chain,67.8
944560.HMPREF9058_1676,EGV14367.1,annotation&nbsp;not&nbsp;available,67.7
944560.HMPREF9058_0975,rplL,50S&nbsp;ribosomal&nbsp;protein&nbsp;L7/L12,67.7
944560.HMPREF9058_2633,rplT,50S&nbsp;ribosomal&nbsp;protein&nbsp;L20,67.6
944560.HMPREF9058_2461,EGV13858.1,annotation&nbsp;not&nbsp;available,67.6
944560.HMPREF9058_1050,purK,N5-carboxyaminoimidazole&nbsp;ribonucleotide&nbsp;synthase,67.5
944560.HMPREF9058_0792,EGV12309.1,annotation&nbsp;not&nbsp;available,67.5
944560.HMPREF9058_0973,rpoB,DNA-directed&nbsp;RNA&nbsp;polymerase&nbsp;subunit&nbsp;beta,67.5
944560.HMPREF9058_2322,uvrA,UvrABC&nbsp;system&nbsp;protein&nbsp;A,67.4
944560.HMPREF9058_0776,EGV12241.1,annotation&nbsp;not&nbsp;available,67.4
944560.HMPREF9058_2351,pgi,annotation&nbsp;not&nbsp;available,67.4
944560.HMPREF9058_1084,EGV12394.1,annotation&nbsp;not&nbsp;available,67.3
944560.HMPREF9058_2382,pfkA,ATP-dependent&nbsp;6-phosphofructokinase,67.3
944560.HMPREF9058_0845,etfA,annotation&nbsp;not&nbsp;available,67.3
944560.HMPREF9058_0231,EGV12975.1,annotation&nbsp;not&nbsp;available,67.2
944560.HMPREF9058_0852,glgB,"1,4-alpha-glucan&nbsp;branching&nbsp;enzyme&nbsp;GlgB",67.2
944560.HMPREF9058_2072,cydC,annotation&nbsp;not&nbsp;available,67.1
944560.HMPREF9058_2481,pdxT,Pyridoxal&nbsp;5'-phosphate&nbsp;synthase&nbsp;subunit&nbsp;PdxT,67.0
944560.HMPREF9058_2431,pyrC,Dihydroorotase,66.7
944560.HMPREF9058_0972,rpoC,DNA-directed&nbsp;RNA&nbsp;polymerase&nbsp;subunit&nbsp;beta',66.6
944560.HMPREF9058_1609,rpsG,30S&nbsp;ribosomal&nbsp;protein&nbsp;S7,66.4
944560.HMPREF9058_2556,EGV14683.1,annotation&nbsp;not&nbsp;available,66.3
944560.HMPREF9058_0939,narH,annotation&nbsp;not&nbsp;available,66.3
944560.HMPREF9058_2690,EGV13522.1,annotation&nbsp;not&nbsp;available,65.9
944560.HMPREF9058_0942,modA,annotation&nbsp;not&nbsp;available,65.7
944560.HMPREF9058_0966,EGV12509.1,annotation&nbsp;not&nbsp;available,65.6
944560.HMPREF9058_0986,secA,Protein&nbsp;translocase&nbsp;subunit&nbsp;SecA,65.5
944560.HMPREF9058_1666,glmS,Glutamine--fructose-6-phosphate&nbsp;aminotransferase&nbsp;[isomerizing],65.5
944560.HMPREF9058_1809,EGV14069.1,annotation&nbsp;not&nbsp;available,65.3
944560.HMPREF9058_2620,pheS,annotation&nbsp;not&nbsp;available,65.2
944560.HMPREF9058_2221,EGV14645.1,annotation&nbsp;not&nbsp;available,64.8
944560.HMPREF9058_1540,gabT,annotation&nbsp;not&nbsp;available,64.8
944560.HMPREF9058_0319,cypB,Peptidyl-prolyl&nbsp;cis-trans&nbsp;isomerase,64.8
944560.HMPREF9058_1047,galE,annotation&nbsp;not&nbsp;available,64.7
944560.HMPREF9058_1244,EGV12664.1,Isoprenyl&nbsp;transferase,64.6
944560.HMPREF9058_2184,recO,DNA&nbsp;repair&nbsp;protein&nbsp;RecO,64.4
944560.HMPREF9058_1152,EGV12329.1,annotation&nbsp;not&nbsp;available,64.4
944560.HMPREF9058_1146,EGV12138.1,annotation&nbsp;not&nbsp;available,64.3
944560.HMPREF9058_1632,rplF,50S&nbsp;ribosomal&nbsp;protein&nbsp;L6,64.2
944560.HMPREF9058_0762,EGV12197.1,annotation&nbsp;not&nbsp;available,64.1
944560.HMPREF9058_2225,thiE,Thiamine-phosphate&nbsp;synthase,64.0
944560.HMPREF9058_0200,EGV12990.1,"ABC&nbsp;transporter,&nbsp;substrate-binding&nbsp;protein,&nbsp;thiB&nbsp;family",64.0
944560.HMPREF9058_0916,EGV12423.1,2-oxoglutarate&nbsp;decarboxylase,64.0
944560.HMPREF9058_1589,add,annotation&nbsp;not&nbsp;available,63.9
944560.HMPREF9058_2425,rpoZ,DNA-directed&nbsp;RNA&nbsp;polymerase&nbsp;subunit&nbsp;omega,63.9
944560.HMPREF9058_2483,pdxS,Pyridoxal&nbsp;5'-phosphate&nbsp;synthase&nbsp;subunit&nbsp;PdxS,63.8
944560.HMPREF9058_2023,EGV14484.1,annotation&nbsp;not&nbsp;available,63.8
944560.HMPREF9058_1096,menC,O-succinylbenzoate&nbsp;synthase,63.7
944560.HMPREF9058_2699,gpsI,Polyribonucleotide&nbsp;nucleotidyltransferase,63.7
944560.HMPREF9058_0015,hisC,Putative&nbsp;phenylalanine&nbsp;aminotransferase,63.4
944560.HMPREF9058_1650,pntB,NAD(P)&nbsp;transhydrogenase&nbsp;subunit&nbsp;beta,63.3
944560.HMPREF9058_0079,recR,Recombination&nbsp;protein&nbsp;RecR,63.2
944560.HMPREF9058_1631,rpsH,30S&nbsp;ribosomal&nbsp;protein&nbsp;S8,63.2
944560.HMPREF9058_1391,purQ,Phosphoribosylformylglycinamidine&nbsp;synthase&nbsp;subunit&nbsp;PurQ,63.2
944560.HMPREF9058_0772,EGV12597.1,annotation&nbsp;not&nbsp;available,63.2
944560.HMPREF9058_1273,EGV14221.1,ATPase/histidine&nbsp;kinase/DNA&nbsp;gyrase&nbsp;B/HSP90&nbsp;domain&nbsp;protein,63.2
944560.HMPREF9058_1762,atpG,ATP&nbsp;synthase&nbsp;gamma&nbsp;chain,63.2
944560.HMPREF9058_1117,EGV12498.1,annotation&nbsp;not&nbsp;available,63.1
944560.HMPREF9058_1292,tmk,Thymidylate&nbsp;kinase,63.0
944560.HMPREF9058_2337,gap,annotation&nbsp;not&nbsp;available,62.8
944560.HMPREF9058_0019,pgm,annotation&nbsp;not&nbsp;available,62.6
944560.HMPREF9058_2029,gcvT,Aminomethyltransferase,62.5
944560.HMPREF9058_0902,thrB,Homoserine&nbsp;kinase,62.4
944560.HMPREF9058_0564,manZ,annotation&nbsp;not&nbsp;available,62.4
944560.HMPREF9058_1858,EGV14753.1,annotation&nbsp;not&nbsp;available,62.4
944560.HMPREF9058_1852,EGV14566.1,annotation&nbsp;not&nbsp;available,62.4
944560.HMPREF9058_1886,ilvE,annotation&nbsp;not&nbsp;available,62.4
944560.HMPREF9058_2177,EGV14716.1,annotation&nbsp;not&nbsp;available,62.2
944560.HMPREF9058_1636,rplO,50S&nbsp;ribosomal&nbsp;protein&nbsp;L15,62.1
944560.HMPREF9058_1102,EGV12510.1,annotation&nbsp;not&nbsp;available,62.1
944560.HMPREF9058_0821,EGV12373.1,annotation&nbsp;not&nbsp;available,62.1
944560.HMPREF9058_2423,metK,S-adenosylmethionine&nbsp;synthase,62.1
944560.HMPREF9058_0906,argS,annotation&nbsp;not&nbsp;available,62.0
944560.HMPREF9058_2596,ppnK,NAD&nbsp;kinase,61.9
944560.HMPREF9058_1644,rpoA,DNA-directed&nbsp;RNA&nbsp;polymerase&nbsp;subunit&nbsp;alpha,61.9
944560.HMPREF9058_1794,glyA,Serine&nbsp;hydroxymethyltransferase,61.6
944560.HMPREF9058_0659,nusA,Transcription&nbsp;termination/antitermination&nbsp;protein&nbsp;NusA,61.5
944560.HMPREF9058_1948,rph,Ribonuclease&nbsp;PH,61.5
944560.HMPREF9058_1620,rplB,50S&nbsp;ribosomal&nbsp;protein&nbsp;L2,61.3
944560.HMPREF9058_1077,nuoN,NADH-quinone&nbsp;oxidoreductase&nbsp;subunit&nbsp;N,61.3
944560.HMPREF9058_0424,EGV11678.1,annotation&nbsp;not&nbsp;available,61.2
944560.HMPREF9058_1194,ppdK,annotation&nbsp;not&nbsp;available,61.1
944560.HMPREF9058_1878,ilvB,annotation&nbsp;not&nbsp;available,61.1
944560.HMPREF9058_0358,EGV13012.1,Uncharacterized&nbsp;protein,61.0
944560.HMPREF9058_0300,dnaN,Beta&nbsp;sliding&nbsp;clamp,61.0
944560.HMPREF9058_2619,pheT,annotation&nbsp;not&nbsp;available,60.9
944560.HMPREF9058_1451,xseB,Exodeoxyribonuclease&nbsp;7&nbsp;small&nbsp;subunit,60.9
944560.HMPREF9058_1780,ureC,annotation&nbsp;not&nbsp;available,60.8
944560.HMPREF9058_1526,lysS,annotation&nbsp;not&nbsp;available,60.8
944560.HMPREF9058_0083,EGV13345.1,annotation&nbsp;not&nbsp;available,60.7
944560.HMPREF9058_0940,narJ,annotation&nbsp;not&nbsp;available,60.7
944560.HMPREF9058_2475,secD,Protein&nbsp;translocase&nbsp;subunit&nbsp;SecD,60.4
944560.HMPREF9058_0873,sucC,Succinate--CoA&nbsp;ligase&nbsp;[ADP-forming]&nbsp;subunit&nbsp;beta,60.4
944560.HMPREF9058_2457,EGV14834.1,Uncharacterized&nbsp;protein,60.2
944560.HMPREF9058_2469,EGV14851.1,annotation&nbsp;not&nbsp;available,60.2
944560.HMPREF9058_2146,EGV14713.1,annotation&nbsp;not&nbsp;available,60.2
944560.HMPREF9058_1883,leuB,3-isopropylmalate&nbsp;dehydrogenase,60.0
944560.HMPREF9058_2049,leuC,3-isopropylmalate&nbsp;dehydratase&nbsp;large&nbsp;subunit,59.8
944560.HMPREF9058_0868,purH,annotation&nbsp;not&nbsp;available,59.8
944560.HMPREF9058_1638,adk,Adenylate&nbsp;kinase,59.7
944560.HMPREF9058_2130,ribE,annotation&nbsp;not&nbsp;available,59.6
944560.HMPREF9058_2635,infC,Translation&nbsp;initiation&nbsp;factor&nbsp;IF-3,59.6
944560.HMPREF9058_1925,EGV14859.1,annotation&nbsp;not&nbsp;available,59.5
944560.HMPREF9058_2020,fhs,annotation&nbsp;not&nbsp;available,59.5
944560.HMPREF9058_0185,EGV13240.1,annotation&nbsp;not&nbsp;available,59.2
944560.HMPREF9058_0657,EGV12475.1,"Translation&nbsp;initiation&nbsp;factor&nbsp;IF-2,&nbsp;N-terminal&nbsp;domain&nbsp;protein",59.0
944560.HMPREF9058_0748,EGV12299.1,annotation&nbsp;not&nbsp;available,59.0
944560.HMPREF9058_0724,ftsY,Signal&nbsp;recognition&nbsp;particle&nbsp;receptor&nbsp;FtsY,58.9
944560.HMPREF9058_2073,cydD,annotation&nbsp;not&nbsp;available,58.7
944560.HMPREF9058_0960,hisN,annotation&nbsp;not&nbsp;available,58.7
944560.HMPREF9058_0818,EGV12561.1,annotation&nbsp;not&nbsp;available,58.6
944560.HMPREF9058_2518,lipA,Lipoyl&nbsp;synthase,58.6
944560.HMPREF9058_1708,iolE,annotation&nbsp;not&nbsp;available,58.6
944560.HMPREF9058_0329,rpsF,30S&nbsp;ribosomal&nbsp;protein&nbsp;S6,58.5
944560.HMPREF9058_0005,EGV13119.1,Adenylosuccinate&nbsp;lyase&nbsp;C-terminal&nbsp;domain&nbsp;protein,58.2
944560.HMPREF9058_2430,carA,annotation&nbsp;not&nbsp;available,58.2
944560.HMPREF9058_1703,pta,Phosphate&nbsp;acetyltransferase,58.1
944560.HMPREF9058_1643,rpsK,30S&nbsp;ribosomal&nbsp;protein&nbsp;S11,58.0
944560.HMPREF9058_0566,EGV11470.1,Putative&nbsp;PTS&nbsp;system&nbsp;mannose-specific&nbsp;EIIAB&nbsp;component,57.9
944560.HMPREF9058_1654,rplM,50S&nbsp;ribosomal&nbsp;protein&nbsp;L13,57.9
944560.HMPREF9058_1507,folE,annotation&nbsp;not&nbsp;available,57.7
944560.HMPREF9058_0305,EGV12897.1,annotation&nbsp;not&nbsp;available,57.6
944560.HMPREF9058_0419,ctc,50S&nbsp;ribosomal&nbsp;protein&nbsp;L25,57.4
944560.HMPREF9058_0598,dnaK,Chaperone&nbsp;protein&nbsp;DnaK,57.4
944560.HMPREF9058_2472,relA,GTP&nbsp;diphosphokinase,57.3
944560.HMPREF9058_2261,EGV14842.1,annotation&nbsp;not&nbsp;available,57.3
944560.HMPREF9058_1635,rpmD,annotation&nbsp;not&nbsp;available,57.3
944560.HMPREF9058_1761,atpA,ATP&nbsp;synthase&nbsp;subunit&nbsp;alpha,57.2
944560.HMPREF9058_0938,EGV12582.1,annotation&nbsp;not&nbsp;available,57.1
944560.HMPREF9058_1629,rplE,50S&nbsp;ribosomal&nbsp;protein&nbsp;L5,56.9
944560.HMPREF9058_2214,EGV14421.1,annotation&nbsp;not&nbsp;available,56.8
944560.HMPREF9058_0750,proC,Pyrroline-5-carboxylate&nbsp;reductase,56.6
944560.HMPREF9058_0729,ndk,Nucleoside&nbsp;diphosphate&nbsp;kinase,56.6
944560.HMPREF9058_1870,gatB,Aspartyl/glutamyl-tRNA(Asn/Gln)&nbsp;amidotransferase&nbsp;subunit&nbsp;B,56.6
944560.HMPREF9058_2583,sufS,Cysteine&nbsp;desulfurase,56.5
944560.HMPREF9058_1423,EGV14252.1,annotation&nbsp;not&nbsp;available,56.5
944560.HMPREF9058_1076,EGV12500.1,annotation&nbsp;not&nbsp;available,56.3
944560.HMPREF9058_1641,rpmJ_1,annotation&nbsp;not&nbsp;available,56.3
944560.HMPREF9058_0808,prfB,Peptide&nbsp;chain&nbsp;release&nbsp;factor&nbsp;2,56.3
944560.HMPREF9058_1079,EGV12618.1,annotation&nbsp;not&nbsp;available,56.2
944560.HMPREF9058_2679,EGV14301.1,annotation&nbsp;not&nbsp;available,56.0
944560.HMPREF9058_0872,sucD,Succinate--CoA&nbsp;ligase&nbsp;[ADP-forming]&nbsp;subunit&nbsp;alpha,56.0
944560.HMPREF9058_2582,EGV14011.1,annotation&nbsp;not&nbsp;available,55.9
944560.HMPREF9058_1580,dhaK,annotation&nbsp;not&nbsp;available,55.9
944560.HMPREF9058_1080,nuoK,NADH-quinone&nbsp;oxidoreductase&nbsp;subunit&nbsp;K,55.9
944560.HMPREF9058_0930,moaA,"GTP&nbsp;3',8-cyclase",55.8
944560.HMPREF9058_2222,rpoD,RNA&nbsp;polymerase&nbsp;sigma&nbsp;factor&nbsp;SigA,55.8
944560.HMPREF9058_2001,gltX,Glutamate--tRNA&nbsp;ligase,55.8
944560.HMPREF9058_2185,uppS,Isoprenyl&nbsp;transferase,55.8
944560.HMPREF9058_2075,EGV14329.1,annotation&nbsp;not&nbsp;available,55.8
944560.HMPREF9058_2010,EGV13882.1,annotation&nbsp;not&nbsp;available,55.5
944560.HMPREF9058_2712,infB,Translation&nbsp;initiation&nbsp;factor&nbsp;IF-2,55.4
944560.HMPREF9058_1352,dcd,annotation&nbsp;not&nbsp;available,55.4
944560.HMPREF9058_1149,EGV12637.1,annotation&nbsp;not&nbsp;available,55.3
944560.HMPREF9058_2444,aroE,annotation&nbsp;not&nbsp;available,55.2
944560.HMPREF9058_2050,leuD,3-isopropylmalate&nbsp;dehydratase&nbsp;small&nbsp;subunit,55.2
944560.HMPREF9058_2306,pyk,annotation&nbsp;not&nbsp;available,55.1
944560.HMPREF9058_1765,EGV13563.1,annotation&nbsp;not&nbsp;available,55.0
944560.HMPREF9058_0077,dnaX,DNA&nbsp;polymerase&nbsp;III&nbsp;subunit&nbsp;gamma/tau,54.8
944560.HMPREF9058_0343,EGV12858.1,annotation&nbsp;not&nbsp;available,54.8
944560.HMPREF9058_2686,EGV13964.1,Uncharacterized&nbsp;protein,54.6
944560.HMPREF9058_0789,cysE,annotation&nbsp;not&nbsp;available,54.6
944560.HMPREF9058_1724,EGV14460.1,annotation&nbsp;not&nbsp;available,54.6
944560.HMPREF9058_1306,senX,annotation&nbsp;not&nbsp;available,54.5
944560.HMPREF9058_0428,eno,Enolase,54.4
944560.HMPREF9058_2517,lipB,Octanoyltransferase,54.3
944560.HMPREF9058_1054,EGV12487.1,annotation&nbsp;not&nbsp;available,54.3
944560.HMPREF9058_0804,ptsP,Phosphoenolpyruvate-protein&nbsp;phosphotransferase,54.3
944560.HMPREF9058_0838,EGV12321.1,annotation&nbsp;not&nbsp;available,54.3
944560.HMPREF9058_1726,guaA,GMP&nbsp;synthase&nbsp;[glutamine-hydrolyzing],54.2
944560.HMPREF9058_1410,EGV13564.1,annotation&nbsp;not&nbsp;available,54.1
944560.HMPREF9058_1683,EGV14456.1,Putative&nbsp;glutamate--cysteine&nbsp;ligase&nbsp;2,54.1
944560.HMPREF9058_1797,lsdA,Levansucrase,53.9
944560.HMPREF9058_1625,rpmC,annotation&nbsp;not&nbsp;available,53.9
944560.HMPREF9058_2022,EGV13692.1,annotation&nbsp;not&nbsp;available,53.8
944560.HMPREF9058_2413,fmt,Methionyl-tRNA&nbsp;formyltransferase,53.8
944560.HMPREF9058_0956,EGV12180.1,annotation&nbsp;not&nbsp;available,53.8
944560.HMPREF9058_2145,EGV14167.1,annotation&nbsp;not&nbsp;available,53.8
944560.HMPREF9058_0597,grpE,Protein&nbsp;GrpE,53.8
944560.HMPREF9058_2416,argF,Ornithine&nbsp;carbamoyltransferase,53.7
944560.HMPREF9058_1486,ppa,Inorganic&nbsp;pyrophosphatase,53.5
944560.HMPREF9058_2360,pgl,annotation&nbsp;not&nbsp;available,53.4
944560.HMPREF9058_2563,EGV14062.1,annotation&nbsp;not&nbsp;available,53.4
944560.HMPREF9058_0774,EGV12346.1,annotation&nbsp;not&nbsp;available,53.3
944560.HMPREF9058_0668,fni,Isopentenyl-diphosphate&nbsp;delta-isomerase,53.2
944560.HMPREF9058_0399,patB,annotation&nbsp;not&nbsp;available,52.9
944560.HMPREF9058_1016,EGV12527.1,annotation&nbsp;not&nbsp;available,52.9
944560.HMPREF9058_0806,EGV12580.1,annotation&nbsp;not&nbsp;available,52.8
944560.HMPREF9058_2477,ruvB,Holliday&nbsp;junction&nbsp;ATP-dependent&nbsp;DNA&nbsp;helicase&nbsp;RuvB,52.8
944560.HMPREF9058_2017,recA,Protein&nbsp;RecA,52.8
944560.HMPREF9058_0084,asd,Aspartate-semialdehyde&nbsp;dehydrogenase,52.7
944560.HMPREF9058_1782,ureA,annotation&nbsp;not&nbsp;available,52.6
944560.HMPREF9058_1453,ispH,4-hydroxy-3-methylbut-2-enyl&nbsp;diphosphate&nbsp;reductase,52.6
944560.HMPREF9058_2448,rpsD,30S&nbsp;ribosomal&nbsp;protein&nbsp;S4,52.4
944560.HMPREF9058_2473,apt,Adenine&nbsp;phosphoribosyltransferase,52.4
944560.HMPREF9058_2079,rpmA,annotation&nbsp;not&nbsp;available,52.3
944560.HMPREF9058_2406,EGV14766.1,Holo-[acyl-carrier-protein]&nbsp;synthase,52.1
944560.HMPREF9058_1796,EGV14817.1,annotation&nbsp;not&nbsp;available,52.0
944560.HMPREF9058_2218,pfp,Pyrophosphate--fructose&nbsp;6-phosphate&nbsp;1-phosphotransferase,52.0
944560.HMPREF9058_1619,rplW,50S&nbsp;ribosomal&nbsp;protein&nbsp;L23,52.0
944560.HMPREF9058_1823,EGV13913.1,annotation&nbsp;not&nbsp;available,51.9
944560.HMPREF9058_1259,EGV12310.1,"ABC&nbsp;transporter,&nbsp;ATP-binding&nbsp;protein",51.8
944560.HMPREF9058_2409,EGV13723.1,annotation&nbsp;not&nbsp;available,51.5
944560.HMPREF9058_2043,ldh,annotation&nbsp;not&nbsp;available,51.3
944560.HMPREF9058_2303,hisI,Phosphoribosyl-AMP&nbsp;cyclohydrolase,51.3
944560.HMPREF9058_0965,EGV12540.1,Type&nbsp;5&nbsp;capsule&nbsp;protein&nbsp;repressor&nbsp;C-terminal&nbsp;domain&nbsp;protein,51.2
944560.HMPREF9058_1222,rbsK,Ribokinase,51.1
944560.HMPREF9058_1260,ilvD,annotation&nbsp;not&nbsp;available,51.1
944560.HMPREF9058_1695,rnhA,Ribonuclease&nbsp;H,51.1
944560.HMPREF9058_0353,EGV12924.1,Ribonucleoside-diphosphate&nbsp;reductase,51.1
