416269.APL_0410,APL_0410,annotation&nbsp;not&nbsp;available,98.9
416269.APL_1238,malF,annotation&nbsp;not&nbsp;available,98.9
416269.APL_0130,engC,Small&nbsp;ribosomal&nbsp;subunit&nbsp;biogenesis&nbsp;GTPase&nbsp;RsgA,98.9
416269.APL_0012,ftsI,"Peptidoglycan&nbsp;D,D-transpeptidase&nbsp;FtsI",98.8
416269.APL_1909,xylF,annotation&nbsp;not&nbsp;available,98.7
416269.APL_1413,APL_1413,annotation&nbsp;not&nbsp;available,98.7
416269.APL_0083,dhaK,annotation&nbsp;not&nbsp;available,98.7
416269.APL_0202,thiL,Thiamine-monophosphate&nbsp;kinase,98.6
416269.APL_0794,sapC,annotation&nbsp;not&nbsp;available,98.6
416269.APL_0427,gdhA,annotation&nbsp;not&nbsp;available,98.6
416269.APL_1391,APL_1391,PTS&nbsp;system&nbsp;mannose-specific&nbsp;EIIAB&nbsp;component,98.6
416269.APL_0002,dnaN,Beta&nbsp;sliding&nbsp;clamp,98.5
416269.APL_1518,glnB,annotation&nbsp;not&nbsp;available,98.5
416269.APL_0598,glnD,Bifunctional&nbsp;uridylyltransferase/uridylyl-removing&nbsp;enzyme,98.4
416269.APL_0626,macB,Macrolide&nbsp;export&nbsp;ATP-binding/permease&nbsp;protein&nbsp;MacB,98.2
416269.APL_0662,aspC,annotation&nbsp;not&nbsp;available,98.2
416269.APL_1463,APL_1463,annotation&nbsp;not&nbsp;available,98.1
416269.APL_1402,rfaC,annotation&nbsp;not&nbsp;available,98.1
416269.APL_0631,accD,Acetyl-coenzyme&nbsp;A&nbsp;carboxylase&nbsp;carboxyl&nbsp;transferase&nbsp;subunit&nbsp;beta,98.0
416269.APL_1662,APL_1662,PTS&nbsp;system&nbsp;mannose-specific&nbsp;EIIAB&nbsp;component,98.0
416269.APL_1887,pulJ,annotation&nbsp;not&nbsp;available,97.8
416269.APL_0062,mipB,Transaldolase,97.7
416269.APL_1208,adhC,annotation&nbsp;not&nbsp;available,97.6
416269.APL_0579,mukF,Chromosome&nbsp;partition&nbsp;protein&nbsp;MukF,97.4
416269.APL_1327,hypB,annotation&nbsp;not&nbsp;available,97.4
416269.APL_2015,fhuB,annotation&nbsp;not&nbsp;available,97.3
416269.APL_0727,ilvI,annotation&nbsp;not&nbsp;available,97.3
416269.APL_1448,afuC,Fe(3+)&nbsp;ions&nbsp;import&nbsp;ATP-binding&nbsp;protein&nbsp;FbpC,97.3
416269.APL_0486,maeB,annotation&nbsp;not&nbsp;available,97.1
416269.APL_0401,pyrR,Bifunctional&nbsp;protein&nbsp;PyrR,97.1
416269.APL_1782,rpsK,30S&nbsp;ribosomal&nbsp;protein&nbsp;S11,97.1
416269.APL_0992,nrdA,Ribonucleoside-diphosphate&nbsp;reductase,96.9
416269.APL_0545,recO,DNA&nbsp;repair&nbsp;protein&nbsp;RecO,96.8
416269.APL_1819,acpP,Acyl&nbsp;carrier&nbsp;protein,96.7
416269.APL_0250,thrA,annotation&nbsp;not&nbsp;available,96.6
416269.APL_0028,APL_0028,annotation&nbsp;not&nbsp;available,96.5
416269.APL_0487,rplY,50S&nbsp;ribosomal&nbsp;protein&nbsp;L25,96.5
416269.APL_1753,nanK,annotation&nbsp;not&nbsp;available,96.5
416269.APL_1992,fabG,annotation&nbsp;not&nbsp;available,96.3
416269.APL_1620,cbiO,annotation&nbsp;not&nbsp;available,96.3
416269.APL_1715,sgaB,annotation&nbsp;not&nbsp;available,96.3
416269.APL_1147,APL_1147,annotation&nbsp;not&nbsp;available,96.3
416269.APL_1078,trxA,annotation&nbsp;not&nbsp;available,96.2
416269.APL_1124,pfkA,ATP-dependent&nbsp;6-phosphofructokinase,96.2
416269.APL_1505,holC,annotation&nbsp;not&nbsp;available,96.1
416269.APL_1105,dnaE,annotation&nbsp;not&nbsp;available,96.1
416269.APL_0059,narP,annotation&nbsp;not&nbsp;available,96.1
416269.APL_1614,ureE,Urease&nbsp;accessory&nbsp;protein&nbsp;UreE,95.9
416269.APL_0380,glpB,Anaerobic&nbsp;glycerol-3-phosphate&nbsp;dehydrogenase&nbsp;subunit&nbsp;B,95.8
416269.APL_1386,rpmF,annotation&nbsp;not&nbsp;available,95.8
416269.APL_1319,ptsB,PTS&nbsp;system&nbsp;sucrose-specific&nbsp;EIIBC&nbsp;component,95.6
416269.APL_0439,znuB,annotation&nbsp;not&nbsp;available,95.6
416269.APL_1660,APL_1660,annotation&nbsp;not&nbsp;available,95.3
416269.APL_0145,APL_0145,annotation&nbsp;not&nbsp;available,95.0
416269.APL_0301,tolR,annotation&nbsp;not&nbsp;available,95.0
416269.APL_1486,accA,Acetyl-coenzyme&nbsp;A&nbsp;carboxylase&nbsp;carboxyl&nbsp;transferase&nbsp;subunit&nbsp;alpha,94.9
416269.APL_0755,fabI,annotation&nbsp;not&nbsp;available,94.9
416269.APL_1803,sygB,annotation&nbsp;not&nbsp;available,94.8
416269.APL_1651,atpE,ATP&nbsp;synthase&nbsp;subunit&nbsp;c,94.7
416269.APL_1691,APL_1691,annotation&nbsp;not&nbsp;available,94.5
416269.APL_1674,dmsA,annotation&nbsp;not&nbsp;available,94.5
416269.APL_0148,rnr1,annotation&nbsp;not&nbsp;available,94.3
416269.APL_1602,mutS,DNA&nbsp;mismatch&nbsp;repair&nbsp;protein&nbsp;MutS,94.3
416269.APL_1622,cbiM,annotation&nbsp;not&nbsp;available,94.1
416269.APL_1111,nagZ,Beta-hexosaminidase,93.9
416269.APL_0802,ispD,2-C-methyl-D-erythritol&nbsp;4-phosphate&nbsp;cytidylyltransferase,93.9
416269.APL_1643,APL_1643,annotation&nbsp;not&nbsp;available,93.8
416269.APL_0667,uvrB,UvrABC&nbsp;system&nbsp;protein&nbsp;B,93.8
416269.APL_1341,plsY,Glycerol-3-phosphate&nbsp;acyltransferase,93.7
416269.APL_0455,sucA,annotation&nbsp;not&nbsp;available,93.6
416269.APL_1104,APL_1104,annotation&nbsp;not&nbsp;available,93.5
416269.APL_1132,kdtA,annotation&nbsp;not&nbsp;available,93.5
416269.APL_1769,rpsQ,30S&nbsp;ribosomal&nbsp;protein&nbsp;S17,93.4
416269.APL_0298,cydB,annotation&nbsp;not&nbsp;available,93.3
416269.APL_1372,ccmA,Cytochrome&nbsp;c&nbsp;biogenesis&nbsp;ATP-binding&nbsp;export&nbsp;protein&nbsp;CcmA,93.2
416269.APL_0800,pckA,Phosphoenolpyruvate&nbsp;carboxykinase&nbsp;(ATP),93.1
416269.APL_0827,cydD,annotation&nbsp;not&nbsp;available,92.8
416269.APL_0554,rcpB,annotation&nbsp;not&nbsp;available,92.8
416269.APL_0826,cydC,annotation&nbsp;not&nbsp;available,92.6
416269.APL_0621,APL_0621,annotation&nbsp;not&nbsp;available,92.6
416269.APL_1604,APL_1604,annotation&nbsp;not&nbsp;available,92.5
416269.APL_0842,pntA,NAD(P)&nbsp;transhydrogenase&nbsp;subunit&nbsp;alpha,92.5
416269.APL_0297,cydA,annotation&nbsp;not&nbsp;available,92.4
416269.APL_1455,ilvA,L-threonine&nbsp;dehydratase,92.2
416269.APL_0710,lysC,annotation&nbsp;not&nbsp;available,92.1
416269.APL_0266,apt,Adenine&nbsp;phosphoribosyltransferase,92.1
416269.APL_1163,trpE,annotation&nbsp;not&nbsp;available,92.0
416269.APL_0728,ilvH,annotation&nbsp;not&nbsp;available,92.0
416269.APL_1096,APL_1096,annotation&nbsp;not&nbsp;available,91.9
416269.APL_0436,mreC,annotation&nbsp;not&nbsp;available,91.9
416269.APL_1515,APL_1515,Cytochrome&nbsp;c-type&nbsp;biogenesis&nbsp;protein,91.9
416269.APL_1334,hyaB,annotation&nbsp;not&nbsp;available,91.9
416269.APL_1101,pepA,Probable&nbsp;cytosol&nbsp;aminopeptidase,91.8
416269.APL_0644,pta,Phosphate&nbsp;acetyltransferase,91.7
416269.APL_1532,dcuB,Anaerobic&nbsp;C4-dicarboxylate&nbsp;transporter,91.7
416269.APL_1043,APL_1043,annotation&nbsp;not&nbsp;available,91.6
416269.APL_0716,APL_0716,annotation&nbsp;not&nbsp;available,91.6
416269.APL_0065,dppB,annotation&nbsp;not&nbsp;available,91.6
416269.APL_1718,rplK,50S&nbsp;ribosomal&nbsp;protein&nbsp;L11,91.5
416269.APL_0282,potC,annotation&nbsp;not&nbsp;available,91.1
416269.APL_1647,atpG,ATP&nbsp;synthase&nbsp;gamma&nbsp;chain,91.0
416269.APL_0931,iscS,Cysteine&nbsp;desulfurase&nbsp;IscS,90.9
416269.APL_1429,napA,Periplasmic&nbsp;nitrate&nbsp;reductase,90.9
416269.APL_0370,recB,RecBCD&nbsp;enzyme&nbsp;subunit&nbsp;RecB,90.8
416269.APL_0026,APL_0026,annotation&nbsp;not&nbsp;available,90.8
416269.APL_0958,purH,Bifunctional&nbsp;purine&nbsp;biosynthesis&nbsp;protein&nbsp;PurH,90.7
416269.APL_1700,APL_1700,annotation&nbsp;not&nbsp;available,90.7
416269.APL_0772,aceF,Acetyltransferase&nbsp;component&nbsp;of&nbsp;pyruvate&nbsp;dehydrogenase&nbsp;complex,90.6
416269.APL_1400,rpsG,30S&nbsp;ribosomal&nbsp;protein&nbsp;S7,90.5
416269.APL_1450,fbp,annotation&nbsp;not&nbsp;available,90.5
416269.APL_1551,wecC,annotation&nbsp;not&nbsp;available,90.3
416269.APL_0782,uvrA,UvrABC&nbsp;system&nbsp;protein&nbsp;A,90.0
416269.APL_1552,wecB,annotation&nbsp;not&nbsp;available,90.0
416269.APL_1424,oxaA,Membrane&nbsp;protein&nbsp;insertase&nbsp;YidC,89.8
416269.APL_0610,ihfA,Integration&nbsp;host&nbsp;factor&nbsp;subunit&nbsp;alpha,89.7
416269.APL_0408,fabZ,3-hydroxyacyl-[acyl-carrier-protein]&nbsp;dehydratase&nbsp;FabZ,89.7
416269.APL_0698,argA,annotation&nbsp;not&nbsp;available,89.7
416269.APL_0859,trpCF,Multifunctional&nbsp;fusion&nbsp;protein,89.6
416269.APL_0912,metN,Methionine&nbsp;import&nbsp;ATP-binding&nbsp;protein&nbsp;MetN,89.5
416269.APL_1993,fabD,annotation&nbsp;not&nbsp;available,89.4
416269.APL_0397,lcfA,annotation&nbsp;not&nbsp;available,89.1
416269.APL_0416,APL_0416,annotation&nbsp;not&nbsp;available,89.1
416269.APL_0592,guaA,GMP&nbsp;synthase&nbsp;[glutamine-hydrolyzing],88.9
416269.APL_1719,rplA,50S&nbsp;ribosomal&nbsp;protein&nbsp;L1,88.9
416269.APL_1986,tatB,Sec-independent&nbsp;protein&nbsp;translocase&nbsp;protein&nbsp;TatB,88.9
416269.APL_0591,pgm,annotation&nbsp;not&nbsp;available,88.8
416269.APL_1577,kdsB2,3-deoxy-manno-octulosonate&nbsp;cytidylyltransferase&nbsp;2,88.8
416269.APL_0428,smpA,Outer&nbsp;membrane&nbsp;protein&nbsp;assembly&nbsp;factor&nbsp;BamE,88.8
416269.APL_1473,rpsU,annotation&nbsp;not&nbsp;available,88.8
416269.APL_1768,rpmC,annotation&nbsp;not&nbsp;available,88.7
416269.APL_1762,rplW,50S&nbsp;ribosomal&nbsp;protein&nbsp;L23,88.6
416269.APL_1612,ureG,Urease&nbsp;accessory&nbsp;protein&nbsp;UreG,88.5
416269.APL_1371,ccmB,Heme&nbsp;exporter&nbsp;protein&nbsp;B,88.5
416269.APL_1786,rpsP,annotation&nbsp;not&nbsp;available,88.4
416269.APL_1617,ureB,annotation&nbsp;not&nbsp;available,88.4
416269.APL_0928,hscB,Co-chaperone&nbsp;protein&nbsp;HscB&nbsp;homolog,88.4
416269.APL_1074,thiI,tRNA&nbsp;sulfurtransferase,88.4
416269.APL_1847,cysW,annotation&nbsp;not&nbsp;available,88.3
416269.APL_1001,APL_1001,annotation&nbsp;not&nbsp;available,88.3
416269.APL_1621,cbiQ,annotation&nbsp;not&nbsp;available,88.3
416269.APL_2025,hisH,Imidazole&nbsp;glycerol&nbsp;phosphate&nbsp;synthase&nbsp;subunit&nbsp;HisH,88.2
416269.APL_1972,rpmG,annotation&nbsp;not&nbsp;available,88.2
416269.APL_0578,parC,DNA&nbsp;topoisomerase&nbsp;4&nbsp;subunit&nbsp;A,88.1
416269.APL_1324,crr,annotation&nbsp;not&nbsp;available,88.1
416269.APL_1323,ptsI,Phosphoenolpyruvate-protein&nbsp;phosphotransferase,88.0
416269.APL_0005,asd,Aspartate-semialdehyde&nbsp;dehydrogenase,88.0
416269.APL_0300,tolQ,annotation&nbsp;not&nbsp;available,87.9
416269.APL_1145,pabB,annotation&nbsp;not&nbsp;available,87.9
416269.APL_1426,napB,"Periplasmic&nbsp;nitrate&nbsp;reductase,&nbsp;electron&nbsp;transfer&nbsp;subunit",87.9
416269.APL_0857,sdaA,annotation&nbsp;not&nbsp;available,87.8
416269.APL_0348,glgC,Glucose-1-phosphate&nbsp;adenylyltransferase,87.8
416269.APL_1066,yajC,annotation&nbsp;not&nbsp;available,87.6
416269.APL_0682,hpt,annotation&nbsp;not&nbsp;available,87.6
416269.APL_0303,tolB,Protein&nbsp;TolB,87.4
416269.APL_1012,groEL,60&nbsp;kDa&nbsp;chaperonin,87.1
416269.APL_1699,ulaC,annotation&nbsp;not&nbsp;available,87.0
416269.APL_0411,D15,Outer&nbsp;membrane&nbsp;protein&nbsp;assembly&nbsp;factor&nbsp;BamA,86.9
416269.APL_0387,APL_0387,annotation&nbsp;not&nbsp;available,86.8
416269.APL_1116,recQ,annotation&nbsp;not&nbsp;available,86.8
416269.APL_0269,thrCA,annotation&nbsp;not&nbsp;available,86.8
416269.APL_0848,APL_0848,annotation&nbsp;not&nbsp;available,86.7
416269.APL_1237,malE,annotation&nbsp;not&nbsp;available,86.5
416269.APL_1793,APL_1793,annotation&nbsp;not&nbsp;available,86.4
416269.APL_0277,uvrC,UvrABC&nbsp;system&nbsp;protein&nbsp;C,86.3
416269.APL_0614,bioD1,ATP-dependent&nbsp;dethiobiotin&nbsp;synthetase&nbsp;BioD,86.3
416269.APL_0454,sucB,Dihydrolipoyllysine-residue&nbsp;succinyltransferase&nbsp;component&nbsp;of&nbsp;2-oxoglutarate&nbsp;dehydrogenase&nbsp;complex,86.2
416269.APL_0741,cmkA,annotation&nbsp;not&nbsp;available,86.1
416269.APL_0693,moaE,annotation&nbsp;not&nbsp;available,85.9
416269.APL_0034,engD,Ribosome-binding&nbsp;ATPase&nbsp;YchF,85.8
416269.APL_1603,APL_1603,annotation&nbsp;not&nbsp;available,85.8
416269.APL_1290,APL_1290,annotation&nbsp;not&nbsp;available,85.8
416269.APL_1785,rplQ,annotation&nbsp;not&nbsp;available,85.8
416269.APL_1509,secB,Protein-export&nbsp;protein&nbsp;SecB,85.5
416269.APL_0888,fadJ,annotation&nbsp;not&nbsp;available,85.3
416269.APL_1474,dnaG,DNA&nbsp;primase,85.3
416269.APL_1645,atpC,ATP&nbsp;synthase&nbsp;epsilon&nbsp;chain,85.1
416269.APL_1864,accB,Biotin&nbsp;carboxyl&nbsp;carrier&nbsp;protein&nbsp;of&nbsp;acetyl-CoA&nbsp;carboxylase,85.1
416269.APL_0254,pepD,annotation&nbsp;not&nbsp;available,85.1
416269.APL_0577,pnp,Polyribonucleotide&nbsp;nucleotidyltransferase,85.0
416269.APL_1036,pflB,annotation&nbsp;not&nbsp;available,85.0
416269.APL_0896,fdhE,Protein&nbsp;FdhE&nbsp;homolog,84.9
416269.APL_0262,modA,annotation&nbsp;not&nbsp;available,84.8
416269.APL_1385,plsX,Phosphate&nbsp;acyltransferase,84.8
416269.APL_1650,atpF,ATP&nbsp;synthase&nbsp;subunit&nbsp;b,84.8
416269.APL_0391,APL_0391,annotation&nbsp;not&nbsp;available,84.8
416269.APL_1770,rplX,50S&nbsp;ribosomal&nbsp;protein&nbsp;L24,84.8
416269.APL_1661,APL_1661,annotation&nbsp;not&nbsp;available,84.5
416269.APL_0983,tktA,Transketolase,84.3
416269.APL_0715,APL_0715,annotation&nbsp;not&nbsp;available,84.3
416269.APL_0347,glgX,annotation&nbsp;not&nbsp;available,84.2
416269.APL_1711,def,Peptide&nbsp;deformylase,84.1
416269.APL_1282,APL_1282,DNA&nbsp;polymerase&nbsp;III&nbsp;subunit&nbsp;epsilon,84.0
416269.APL_0789,APL_0789,annotation&nbsp;not&nbsp;available,83.9
416269.APL_0906,APL_0906,annotation&nbsp;not&nbsp;available,83.8
416269.APL_0469,trpB,Tryptophan&nbsp;synthase&nbsp;beta&nbsp;chain,83.7
416269.APL_0638,nusA,Transcription&nbsp;termination/antitermination&nbsp;protein&nbsp;NusA,83.5
416269.APL_0701,APL_0701,annotation&nbsp;not&nbsp;available,83.5
416269.APL_1975,ddc,annotation&nbsp;not&nbsp;available,83.2
416269.APL_0147,APL_0147,annotation&nbsp;not&nbsp;available,83.2
416269.APL_0345,fruB,Multiphosphoryl&nbsp;transfer&nbsp;protein,83.1
416269.APL_0534,thiS,annotation&nbsp;not&nbsp;available,82.9
416269.APL_0384,ribA,Riboflavin&nbsp;biosynthesis&nbsp;protein&nbsp;RibBA,82.9
416269.APL_0851,APL_0851,annotation&nbsp;not&nbsp;available,82.8
416269.APL_0187,pykA,annotation&nbsp;not&nbsp;available,82.8
416269.APL_1359,dsbD,Thiol:disulfide&nbsp;interchange&nbsp;protein&nbsp;DsbD,82.6
416269.APL_1332,hybA,annotation&nbsp;not&nbsp;available,82.6
416269.APL_1971,rpmB,annotation&nbsp;not&nbsp;available,82.5
416269.APL_0046,nadR,annotation&nbsp;not&nbsp;available,82.5
416269.APL_0072,ilvE,annotation&nbsp;not&nbsp;available,82.4
416269.APL_1905,dnaJ,Chaperone&nbsp;protein&nbsp;DnaJ,82.3
416269.APL_1852,APL_1852,annotation&nbsp;not&nbsp;available,82.3
416269.APL_1155,metE,5-methyltetrahydropteroyltriglutamate--homocysteine&nbsp;methyltransferase,82.3
416269.APL_1499,thrC,annotation&nbsp;not&nbsp;available,82.1
416269.APL_1771,rplE,50S&nbsp;ribosomal&nbsp;protein&nbsp;L5,81.9
416269.APL_0798,lpcA,Phosphoheptose&nbsp;isomerase,81.9
416269.APL_2036,lolE,annotation&nbsp;not&nbsp;available,81.8
416269.APL_1080,metK,S-adenosylmethionine&nbsp;synthase,81.8
416269.APL_0451,sucD,Succinate--CoA&nbsp;ligase&nbsp;[ADP-forming]&nbsp;subunit&nbsp;alpha,81.7
416269.APL_0085,kdsB1,3-deoxy-manno-octulosonate&nbsp;cytidylyltransferase&nbsp;1,81.7
416269.APL_1773,rpsH,30S&nbsp;ribosomal&nbsp;protein&nbsp;S8,81.6
416269.APL_1107,plsB,annotation&nbsp;not&nbsp;available,81.5
416269.APL_2013,fhuC,annotation&nbsp;not&nbsp;available,81.5
416269.APL_0945,dacB,annotation&nbsp;not&nbsp;available,81.4
416269.APL_1393,ptnD,annotation&nbsp;not&nbsp;available,81.2
416269.APL_0714,APL_0714,annotation&nbsp;not&nbsp;available,81.2
416269.APL_0087,nudC,annotation&nbsp;not&nbsp;available,81.1
416269.APL_0223,infC,Translation&nbsp;initiation&nbsp;factor&nbsp;IF-3,81.0
416269.APL_0840,APL_0840,annotation&nbsp;not&nbsp;available,80.9
416269.APL_0398,upp,Uracil&nbsp;phosphoribosyltransferase,80.7
416269.APL_0224,rpmI,annotation&nbsp;not&nbsp;available,80.4
416269.APL_0795,sapB,annotation&nbsp;not&nbsp;available,80.3
416269.APL_1576,APL_1576,annotation&nbsp;not&nbsp;available,80.3
416269.APL_0717,APL_0717,annotation&nbsp;not&nbsp;available,80.2
416269.APL_0853,APL_0853,annotation&nbsp;not&nbsp;available,80.1
416269.APL_1616,ureC,annotation&nbsp;not&nbsp;available,80.1
416269.APL_1792,APL_1792,annotation&nbsp;not&nbsp;available,80.0
416269.APL_0572,pdxS,Pyridoxal&nbsp;5'-phosphate&nbsp;synthase&nbsp;subunit&nbsp;PdxS,80.0
416269.APL_0793,sapD,annotation&nbsp;not&nbsp;available,79.9
416269.APL_0852,APL_0852,annotation&nbsp;not&nbsp;available,79.8
416269.APL_1780,rpmJ1,annotation&nbsp;not&nbsp;available,79.8
416269.APL_0350,glgP,"Alpha-1,4&nbsp;glucan&nbsp;phosphorylase",79.7
416269.APL_0261,modB,annotation&nbsp;not&nbsp;available,79.7
416269.APL_1236,malK,Maltose/maltodextrin&nbsp;import&nbsp;ATP-binding&nbsp;protein&nbsp;MalK,79.6
416269.APL_0911,metI,annotation&nbsp;not&nbsp;available,79.4
416269.APL_0352,metG,Methionine--tRNA&nbsp;ligase,79.3
416269.APL_0832,gpmA,"2,3-bisphosphoglycerate-dependent&nbsp;phosphoglycerate&nbsp;mutase",79.1
416269.APL_0564,afuB_2,annotation&nbsp;not&nbsp;available,79.1
416269.APL_0074,recR,Recombination&nbsp;protein&nbsp;RecR,79.1
416269.APL_1418,mglC,annotation&nbsp;not&nbsp;available,78.9
416269.APL_1814,APL_1814,annotation&nbsp;not&nbsp;available,78.8
416269.APL_1250,fba,annotation&nbsp;not&nbsp;available,78.8
416269.APL_1822,rpmJ2,annotation&nbsp;not&nbsp;available,78.7
416269.APL_0659,purE,N5-carboxyaminoimidazole&nbsp;ribonucleotide&nbsp;mutase,78.5
416269.APL_1260,pstC,Phosphate&nbsp;transport&nbsp;system&nbsp;permease&nbsp;protein,78.4
416269.APL_0700,APL_0700,annotation&nbsp;not&nbsp;available,78.3
416269.APL_1258,pstB,Phosphate&nbsp;import&nbsp;ATP-binding&nbsp;protein&nbsp;PstB,78.1
416269.APL_0732,ubiX,Flavin&nbsp;prenyltransferase&nbsp;UbiX,78.1
416269.APL_1755,nagB,Glucosamine-6-phosphate&nbsp;deaminase,78.1
416269.APL_0185,aroF,Phospho-2-dehydro-3-deoxyheptonate&nbsp;aldolase,78.1
416269.APL_0624,glpX,annotation&nbsp;not&nbsp;available,78.0
416269.APL_1373,APL_1373,annotation&nbsp;not&nbsp;available,78.0
416269.APL_1320,thiQ,Thiamine&nbsp;import&nbsp;ATP-binding&nbsp;protein&nbsp;ThiQ,78.0
416269.APL_1789,rplS,50S&nbsp;ribosomal&nbsp;protein&nbsp;L19,78.0
416269.APL_0067,dppD,annotation&nbsp;not&nbsp;available,77.8
416269.APL_1464,wzm,annotation&nbsp;not&nbsp;available,77.6
416269.APL_2038,lolC,annotation&nbsp;not&nbsp;available,77.4
416269.APL_1959,adhI,annotation&nbsp;not&nbsp;available,77.3
416269.APL_1436,rne,Ribonuclease&nbsp;E,77.2
416269.APL_1171,rpsF,30S&nbsp;ribosomal&nbsp;protein&nbsp;S6,77.2
416269.APL_0409,lpxD,UDP-3-O-acylglucosamine&nbsp;N-acyltransferase,77.0
416269.APL_0158,trmU,tRNA-specific&nbsp;2-thiouridylase&nbsp;MnmA,77.0
416269.APL_1764,rpsS,30S&nbsp;ribosomal&nbsp;protein&nbsp;S19,77.0
416269.APL_0273,APL_0273,Sulfurtransferase,77.0
416269.APL_1068,secF,Protein-export&nbsp;membrane&nbsp;protein&nbsp;SecF,76.8
416269.APL_0566,rpsB,annotation&nbsp;not&nbsp;available,76.7
416269.APL_0569,pyrH,Uridylate&nbsp;kinase,76.6
416269.APL_1884,recC,RecBCD&nbsp;enzyme&nbsp;subunit&nbsp;RecC,76.6
416269.APL_1514,dsbE,annotation&nbsp;not&nbsp;available,76.6
416269.APL_1375,oadG,Probable&nbsp;oxaloacetate&nbsp;decarboxylase&nbsp;gamma&nbsp;chain,76.6
416269.APL_2021,APL_2021,annotation&nbsp;not&nbsp;available,76.5
416269.APL_2000,rpmA,annotation&nbsp;not&nbsp;available,76.5
416269.APL_0098,ilvM,annotation&nbsp;not&nbsp;available,76.5
416269.APL_1889,fabA,3-hydroxydecanoyl-[acyl-carrier-protein]&nbsp;dehydratase,76.5
416269.APL_1781,rpsM,30S&nbsp;ribosomal&nbsp;protein&nbsp;S13,76.2
416269.APL_0932,APL_0932,annotation&nbsp;not&nbsp;available,76.0
416269.APL_1599,mrdA,"Peptidoglycan&nbsp;D,D-transpeptidase&nbsp;MrdA",76.0
416269.APL_1735,hslU,ATP-dependent&nbsp;protease&nbsp;ATPase&nbsp;subunit&nbsp;HslU,75.7
416269.APL_1783,rpsD,30S&nbsp;ribosomal&nbsp;protein&nbsp;S4,75.7
416269.APL_0458,dsbC,Thiol:disulfide&nbsp;interchange&nbsp;protein,75.7
416269.APL_0645,ackA,Acetate&nbsp;kinase,75.7
416269.APL_1259,pstA,annotation&nbsp;not&nbsp;available,75.5
416269.APL_1646,atpD,ATP&nbsp;synthase&nbsp;subunit&nbsp;beta,75.4
416269.APL_0128,yfeC,annotation&nbsp;not&nbsp;available,75.4
416269.APL_0184,tyrA,annotation&nbsp;not&nbsp;available,75.4
416269.APL_1165,trpD,Anthranilate&nbsp;phosphoribosyltransferase,75.3
416269.APL_0660,APL_0660,annotation&nbsp;not&nbsp;available,75.3
416269.APL_2033,scrB,annotation&nbsp;not&nbsp;available,75.3
416269.APL_1919,APL_1919,annotation&nbsp;not&nbsp;available,75.2
416269.APL_0938,bioD2,ATP-dependent&nbsp;dethiobiotin&nbsp;synthetase&nbsp;BioD,75.2
416269.APL_1289,APL_1289,annotation&nbsp;not&nbsp;available,74.9
416269.APL_1106,purT,Formate-dependent&nbsp;phosphoribosylglycinamide&nbsp;formyltransferase,74.7
416269.APL_1675,dmsB,annotation&nbsp;not&nbsp;available,74.5
416269.APL_0417,pgpB,annotation&nbsp;not&nbsp;available,74.4
416269.APL_1384,fabH,3-oxoacyl-[acyl-carrier-protein]&nbsp;synthase&nbsp;3,74.4
416269.APL_0993,nrdB,annotation&nbsp;not&nbsp;available,74.3
416269.APL_1419,mglA,Galactose/methyl&nbsp;galactoside&nbsp;import&nbsp;ATP-binding&nbsp;protein&nbsp;MglA,74.3
416269.APL_0192,dam,annotation&nbsp;not&nbsp;available,74.2
416269.APL_0310,moeA,annotation&nbsp;not&nbsp;available,73.9
416269.APL_0661,purK,N5-carboxyaminoimidazole&nbsp;ribonucleotide&nbsp;synthase,73.8
416269.APL_0452,sucC,Succinate--CoA&nbsp;ligase&nbsp;[ADP-forming]&nbsp;subunit&nbsp;beta,73.7
416269.APL_0132,APL_0132,annotation&nbsp;not&nbsp;available,73.7
416269.APL_0027,APL_0027,annotation&nbsp;not&nbsp;available,73.6
416269.APL_1842,cysI,Sulfite&nbsp;reductase&nbsp;[NADPH]&nbsp;hemoprotein&nbsp;beta-component,73.6
416269.APL_0160,proC,Pyrroline-5-carboxylate&nbsp;reductase,73.6
416269.APL_1120,gcp,tRNA&nbsp;N6-adenosine&nbsp;threonylcarbamoyltransferase,73.4
416269.APL_1447,afuB,annotation&nbsp;not&nbsp;available,73.4
416269.APL_0531,APL_0531,annotation&nbsp;not&nbsp;available,73.4
416269.APL_1865,accC,annotation&nbsp;not&nbsp;available,73.4
416269.APL_0593,guaB,Inosine-5'-monophosphate&nbsp;dehydrogenase,73.4
416269.APL_1257,phoB,annotation&nbsp;not&nbsp;available,73.4
416269.APL_1527,frdC,Fumarate&nbsp;reductase&nbsp;subunit&nbsp;C,73.3
416269.APL_1848,cysA,Sulfate/thiosulfate&nbsp;import&nbsp;ATP-binding&nbsp;protein&nbsp;CysA,73.2
416269.APL_0806,xseB,Exodeoxyribonuclease&nbsp;7&nbsp;small&nbsp;subunit,73.1
416269.APL_1256,phoR,annotation&nbsp;not&nbsp;available,73.1
416269.APL_1526,frdD,Fumarate&nbsp;reductase&nbsp;subunit&nbsp;D,72.9
416269.APL_0320,metC,annotation&nbsp;not&nbsp;available,72.8
416269.APL_0079,glpE,Thiosulfate&nbsp;sulfurtransferase&nbsp;GlpE,72.8
416269.APL_0466,fhs,annotation&nbsp;not&nbsp;available,72.8
416269.APL_0769,ushA,UshA,72.8
416269.APL_0575,deaD,ATP-dependent&nbsp;RNA&nbsp;helicase&nbsp;DeaD,72.6
416269.APL_0873,rlpB,LPS-assembly&nbsp;lipoprotein&nbsp;LptE,72.5
416269.APL_0435,mreB,annotation&nbsp;not&nbsp;available,72.5
416269.APL_0304,palA,Outer&nbsp;membrane&nbsp;protein&nbsp;PalA,72.5
416269.APL_0994,galT,annotation&nbsp;not&nbsp;available,72.4
416269.APL_1403,rfaF,annotation&nbsp;not&nbsp;available,72.4
416269.APL_0740,rpsA,30S&nbsp;ribosomal&nbsp;protein&nbsp;S1,72.4
416269.APL_1776,rpsE,30S&nbsp;ribosomal&nbsp;protein&nbsp;S5,72.4
416269.APL_1834,rpoH,annotation&nbsp;not&nbsp;available,72.3
416269.APL_0622,tdk,annotation&nbsp;not&nbsp;available,72.3
416269.APL_1823,pbpB,Penicillin-binding&nbsp;protein&nbsp;1B,72.3
416269.APL_0651,galU,annotation&nbsp;not&nbsp;available,72.2
416269.APL_0084,trxB,annotation&nbsp;not&nbsp;available,72.1
416269.APL_1164,APL_1164,annotation&nbsp;not&nbsp;available,71.7
416269.APL_0281,potB,annotation&nbsp;not&nbsp;available,71.7
416269.APL_1888,pulG,annotation&nbsp;not&nbsp;available,71.7
416269.APL_0239,secA,Protein&nbsp;translocase&nbsp;subunit&nbsp;SecA,71.6
416269.APL_1340,pepN,annotation&nbsp;not&nbsp;available,71.6
416269.APL_1845,sbp,annotation&nbsp;not&nbsp;available,71.5
416269.APL_0368,potD2,Putrescine-binding&nbsp;periplasmic&nbsp;protein,71.5
416269.APL_1985,tatA,Sec-independent&nbsp;protein&nbsp;translocase&nbsp;protein&nbsp;TatA,71.4
416269.APL_1678,APL_1678,annotation&nbsp;not&nbsp;available,71.4
416269.APL_0257,APL_0257,annotation&nbsp;not&nbsp;available,71.4
416269.APL_0212,pnnK,NAD&nbsp;kinase,71.3
416269.APL_0318,pryE,Orotate&nbsp;phosphoribosyltransferase,71.3
416269.APL_0894,fdxH,annotation&nbsp;not&nbsp;available,71.3
416269.APL_0271,APL_0271,annotation&nbsp;not&nbsp;available,71.3
416269.APL_0456,znuC,Zinc&nbsp;import&nbsp;ATP-binding&nbsp;protein&nbsp;ZnuC,71.2
416269.APL_1652,atpB,ATP&nbsp;synthase&nbsp;subunit&nbsp;a,71.1
416269.APL_0393,leuA,2-isopropylmalate&nbsp;synthase,70.9
416269.APL_1965,crp,annotation&nbsp;not&nbsp;available,70.8
416269.APL_0962,ostA,LPS-assembly&nbsp;protein&nbsp;LptD,70.8
416269.APL_0260,modC,Molybdenum&nbsp;import&nbsp;ATP-binding&nbsp;protein&nbsp;ModC,70.8
416269.APL_1671,rbsC,annotation&nbsp;not&nbsp;available,70.7
416269.APL_0652,manB,annotation&nbsp;not&nbsp;available,70.5
416269.APL_1766,rpsC,30S&nbsp;ribosomal&nbsp;protein&nbsp;S3,70.4
416269.APL_1644,APL_1644,annotation&nbsp;not&nbsp;available,70.4
416269.APL_0608,pheS,annotation&nbsp;not&nbsp;available,70.2
416269.APL_1063,qseB,annotation&nbsp;not&nbsp;available,70.1
416269.APL_1364,gmhA,annotation&nbsp;not&nbsp;available,70.0
416269.APL_0771,lpdA,annotation&nbsp;not&nbsp;available,70.0
416269.APL_1222,APL_1222,annotation&nbsp;not&nbsp;available,69.9
416269.APL_2014,APL_2014,"ABC-type&nbsp;Fe3+-hydroxamate&nbsp;transport&nbsp;system,&nbsp;periplasmic&nbsp;component&nbsp;FhuD",69.8
416269.APL_1586,modF,annotation&nbsp;not&nbsp;available,69.7
416269.APL_0255,gpt,Xanthine&nbsp;phosphoribosyltransferase,69.6
416269.APL_1825,spoT,"Guanosine-3',5'-bis(Diphosphate)&nbsp;3'-pyrophosphohydrolase&nbsp;(PpGpp)ase",69.4
416269.APL_0225,rplT,50S&nbsp;ribosomal&nbsp;protein&nbsp;L20,69.4
416269.APL_1351,artM,annotation&nbsp;not&nbsp;available,69.2
416269.APL_1392,ptnC,annotation&nbsp;not&nbsp;available,69.2
416269.APL_1021,APL_1021,annotation&nbsp;not&nbsp;available,69.1
416269.APL_1784,rpoA,DNA-directed&nbsp;RNA&nbsp;polymerase&nbsp;subunit&nbsp;alpha,69.0
416269.APL_1772,rpsN,30S&nbsp;ribosomal&nbsp;protein&nbsp;S14,68.9
416269.APL_1759,rpsJ,30S&nbsp;ribosomal&nbsp;protein&nbsp;S10,68.9
416269.APL_0743,secG,annotation&nbsp;not&nbsp;available,68.8
416269.APL_0367,grpE,Protein&nbsp;GrpE,68.6
416269.APL_1232,malP,"Alpha-1,4&nbsp;glucan&nbsp;phosphorylase",68.6
416269.APL_1475,rpoD,RNA&nbsp;polymerase&nbsp;sigma&nbsp;factor&nbsp;RpoD,68.5
416269.APL_0066,dppC,annotation&nbsp;not&nbsp;available,68.5
416269.APL_0284,ruvB,Holliday&nbsp;junction&nbsp;ATP-dependent&nbsp;DNA&nbsp;helicase&nbsp;RuvB,68.4
416269.APL_1714,APL_1714,annotation&nbsp;not&nbsp;available,68.3
416269.APL_0473,polA,DNA&nbsp;polymerase&nbsp;I,68.3
416269.APL_1958,mutL,DNA&nbsp;mismatch&nbsp;repair&nbsp;protein&nbsp;MutL,68.2
416269.APL_0580,mukE,annotation&nbsp;not&nbsp;available,68.2
416269.APL_1558,rpsT,30S&nbsp;ribosomal&nbsp;protein&nbsp;S20,68.2
416269.APL_1800,sygA,annotation&nbsp;not&nbsp;available,68.1
416269.APL_1529,frdA,annotation&nbsp;not&nbsp;available,68.0
416269.APL_0219,thrS,Threonine--tRNA&nbsp;ligase,68.0
416269.APL_1239,malG,annotation&nbsp;not&nbsp;available,67.9
416269.APL_0230,gpmB,annotation&nbsp;not&nbsp;available,67.9
416269.APL_0893,APL_0893,annotation&nbsp;not&nbsp;available,67.8
416269.APL_0243,argB,Acetylglutamate&nbsp;kinase,67.7
416269.APL_1510,gpsA,annotation&nbsp;not&nbsp;available,67.6
416269.APL_1367,ccmF,annotation&nbsp;not&nbsp;available,67.5
416269.APL_1670,rbsA,Ribose&nbsp;import&nbsp;ATP-binding&nbsp;protein&nbsp;RbsA,67.4
416269.APL_1354,artP,annotation&nbsp;not&nbsp;available,67.4
416269.APL_1296,mdh,Malate&nbsp;dehydrogenase,67.3
416269.APL_0127,yfeD,annotation&nbsp;not&nbsp;available,67.2
416269.APL_1925,tpiA,Triosephosphate&nbsp;isomerase,67.2
416269.APL_0174,APL_0174,annotation&nbsp;not&nbsp;available,66.9
416269.APL_1013,groES,10&nbsp;kDa&nbsp;chaperonin,66.9
416269.APL_0388,pepB,Peptidase&nbsp;B,66.9
416269.APL_0344,fruK,annotation&nbsp;not&nbsp;available,66.7
416269.APL_1301,galE,annotation&nbsp;not&nbsp;available,66.6
416269.APL_0909,plpB,annotation&nbsp;not&nbsp;available,66.6
416269.APL_1868,dsbA,annotation&nbsp;not&nbsp;available,66.4
416269.APL_0139,leuC,3-isopropylmalate&nbsp;dehydratase&nbsp;large&nbsp;subunit,66.3
416269.APL_1249,sapF,annotation&nbsp;not&nbsp;available,66.2
416269.APL_1578,APL_1578,annotation&nbsp;not&nbsp;available,66.0
416269.APL_0563,afuA_2,annotation&nbsp;not&nbsp;available,65.9
416269.APL_1352,artQ,annotation&nbsp;not&nbsp;available,65.9
416269.APL_0379,glpA,annotation&nbsp;not&nbsp;available,65.9
416269.APL_1428,napG,annotation&nbsp;not&nbsp;available,65.9
416269.APL_0302,tolA,annotation&nbsp;not&nbsp;available,65.7
416269.APL_1011,adh2,Includes:&nbsp;Alcohol&nbsp;dehydrogenase,65.7
416269.APL_0336,yhgB,annotation&nbsp;not&nbsp;available,65.7
416269.APL_0736,pyrF,Orotidine&nbsp;5'-phosphate&nbsp;decarboxylase,65.6
416269.APL_0533,thiF,annotation&nbsp;not&nbsp;available,65.4
416269.APL_0092,sirA,Sulfur&nbsp;carrier&nbsp;protein&nbsp;TusA,65.2
416269.APL_1638,dsbA_2,annotation&nbsp;not&nbsp;available,65.2
416269.APL_1631,glmS,Glutamine--fructose-6-phosphate&nbsp;aminotransferase&nbsp;[isomerizing],65.1
416269.APL_1179,argH,annotation&nbsp;not&nbsp;available,64.8
416269.APL_0099,ilvG,annotation&nbsp;not&nbsp;available,64.7
416269.APL_1765,rplV,50S&nbsp;ribosomal&nbsp;protein&nbsp;L22,64.6
416269.APL_1121,bamD,Outer&nbsp;membrane&nbsp;protein&nbsp;assembly&nbsp;factor&nbsp;BamD,64.6
416269.APL_0850,APL_0850,annotation&nbsp;not&nbsp;available,64.5
416269.APL_0081,dhaM,annotation&nbsp;not&nbsp;available,64.4
416269.APL_0627,APL_0627,annotation&nbsp;not&nbsp;available,64.3
416269.APL_1999,rplU,50S&nbsp;ribosomal&nbsp;protein&nbsp;L21,64.1
416269.APL_1727,rpoB,DNA-directed&nbsp;RNA&nbsp;polymerase&nbsp;subunit&nbsp;beta,64.1
416269.APL_1613,ureF,Urease&nbsp;accessory&nbsp;protein&nbsp;UreF,64.0
416269.APL_1760,rplC,50S&nbsp;ribosomal&nbsp;protein&nbsp;L3,64.0
416269.APL_1316,dcuB2,Anaerobic&nbsp;C4-dicarboxylate&nbsp;transporter,64.0
416269.APL_1292,APL_1292,annotation&nbsp;not&nbsp;available,63.9
416269.APL_0138,leuD,3-isopropylmalate&nbsp;dehydratase&nbsp;small&nbsp;subunit,63.9
416269.APL_1767,rplP,50S&nbsp;ribosomal&nbsp;protein&nbsp;L16,63.7
416269.APL_0783,ssb,Single-stranded&nbsp;DNA-binding&nbsp;protein,63.4
416269.APL_0339,pepC,Phosphoenolpyruvate&nbsp;carboxylase,63.3
416269.APL_0849,APL_0849,annotation&nbsp;not&nbsp;available,63.3
416269.APL_0272,yfeA,annotation&nbsp;not&nbsp;available,63.2
416269.APL_0022,ftsA,Cell&nbsp;division&nbsp;protein&nbsp;FtsA,63.2
416269.APL_0029,APL_0029,annotation&nbsp;not&nbsp;available,63.1
416269.APL_0773,aceE,Pyruvate&nbsp;dehydrogenase&nbsp;E1&nbsp;component,63.0
416269.APL_1630,mtlA,PTS&nbsp;system&nbsp;mannitol-specific&nbsp;EIICBA&nbsp;component,63.0
416269.APL_1291,APL_1291,annotation&nbsp;not&nbsp;available,62.9
416269.APL_0930,nifU,Iron-sulfur&nbsp;cluster&nbsp;assembly&nbsp;scaffold&nbsp;protein&nbsp;IscU,62.8
416269.APL_0692,moaD,Molybdopterin&nbsp;synthase&nbsp;sulfur&nbsp;carrier&nbsp;subunit,62.8
416269.APL_1414,mqo,annotation&nbsp;not&nbsp;available,62.8
416269.APL_1692,APL_1692,annotation&nbsp;not&nbsp;available,62.8
416269.APL_1676,dmsC,annotation&nbsp;not&nbsp;available,62.8
416269.APL_1655,gidA,tRNA&nbsp;uridine&nbsp;5-carboxymethylaminomethyl&nbsp;modification&nbsp;enzyme&nbsp;MnmG,62.8
416269.APL_1346,ftsY,Signal&nbsp;recognition&nbsp;particle&nbsp;receptor&nbsp;FtsY,62.7
416269.APL_1761,rplD,50S&nbsp;ribosomal&nbsp;protein&nbsp;L4,62.7
416269.APL_1200,APL_1200,Very&nbsp;short&nbsp;patch&nbsp;repair&nbsp;endonuclease,62.5
416269.APL_1440,znuA,annotation&nbsp;not&nbsp;available,62.5
416269.APL_1303,zipA,Cell&nbsp;division&nbsp;protein&nbsp;ZipA,62.4
416269.APL_1240,malQ,annotation&nbsp;not&nbsp;available,62.4
416269.APL_2010,APL_2010,annotation&nbsp;not&nbsp;available,62.2
416269.APL_0586,APL_0586,annotation&nbsp;not&nbsp;available,62.2
416269.APL_0538,APL_0538,annotation&nbsp;not&nbsp;available,61.8
416269.APL_2040,APL_2040,annotation&nbsp;not&nbsp;available,61.8
416269.APL_1490,trmE,tRNA&nbsp;modification&nbsp;GTPase&nbsp;MnmE,61.8
416269.APL_1672,rbsB,annotation&nbsp;not&nbsp;available,61.7
416269.APL_1033,pheA,P-protein,61.7
416269.APL_1779,secY,Protein&nbsp;translocase&nbsp;subunit&nbsp;SecY,61.6
416269.APL_0600,rplM,50S&nbsp;ribosomal&nbsp;protein&nbsp;L13,61.3
416269.APL_0982,APL_0982,50S&nbsp;ribosomal&nbsp;protein&nbsp;L31,61.3
416269.APL_0394,rpoE,annotation&nbsp;not&nbsp;available,61.2
416269.APL_1583,cpxC,Capsule&nbsp;polysaccharide&nbsp;export&nbsp;inner-membrane&nbsp;protein,61.2
416269.APL_0195,mrcA,annotation&nbsp;not&nbsp;available,61.1
416269.APL_1137,pgi,annotation&nbsp;not&nbsp;available,61.0
416269.APL_1321,thiP,annotation&nbsp;not&nbsp;available,61.0
416269.APL_1777,rpmD,annotation&nbsp;not&nbsp;available,61.0
416269.APL_1439,ubiD,3-octaprenyl-4-hydroxybenzoate&nbsp;carboxy-lyase,60.9
416269.APL_1376,oadA,annotation&nbsp;not&nbsp;available,60.9
416269.APL_0375,glpK,Glycerol&nbsp;kinase,60.9
416269.APL_1826,rpoZ,DNA-directed&nbsp;RNA&nbsp;polymerase&nbsp;subunit&nbsp;omega,60.8
416269.APL_0935,APL_0935,annotation&nbsp;not&nbsp;available,60.7
416269.APL_1927,surE,5'-nucleotidase&nbsp;SurE,60.7
416269.APL_1649,atpH,ATP&nbsp;synthase&nbsp;subunit&nbsp;delta,60.7
416269.APL_1585,cpxA,ATP-binding&nbsp;protein,60.5
416269.APL_1197,APL_1197,annotation&nbsp;not&nbsp;available,60.5
416269.APL_0286,gyrA,DNA&nbsp;gyrase&nbsp;subunit&nbsp;A,60.5
416269.APL_0311,moeB,annotation&nbsp;not&nbsp;available,60.4
416269.APL_1370,ccmC,Heme&nbsp;exporter&nbsp;protein&nbsp;C,60.4
416269.APL_1721,rplL,50S&nbsp;ribosomal&nbsp;protein&nbsp;L7/L12,60.2
416269.APL_0817,xseA,Exodeoxyribonuclease&nbsp;7&nbsp;large&nbsp;subunit,60.2
416269.APL_0462,narQ,annotation&nbsp;not&nbsp;available,60.1
416269.APL_1728,rpoC,DNA-directed&nbsp;RNA&nbsp;polymerase&nbsp;subunit&nbsp;beta',59.9
416269.APL_0841,pntB,NAD(P)&nbsp;transhydrogenase&nbsp;subunit&nbsp;beta,59.9
416269.APL_0349,glgA,Glycogen&nbsp;synthase,59.8
416269.APL_1288,APL_1288,annotation&nbsp;not&nbsp;available,59.8
416269.APL_1353,artI,annotation&nbsp;not&nbsp;available,59.8
416269.APL_1596,dacA,annotation&nbsp;not&nbsp;available,59.7
416269.APL_1401,rpsL,30S&nbsp;ribosomal&nbsp;protein&nbsp;S12,59.6
416269.APL_0405,relA,GTP&nbsp;pyrophosphokinase,59.4
416269.APL_1055,fabB,annotation&nbsp;not&nbsp;available,59.3
416269.APL_0343,fruA,PTS&nbsp;system&nbsp;fructose-specific&nbsp;EIIBC&nbsp;component,59.2
416269.APL_1131,APL_1131,annotation&nbsp;not&nbsp;available,59.2
416269.APL_2006,holD,DNA&nbsp;polymerase&nbsp;III&nbsp;subunit&nbsp;psi,59.0
416269.APL_0821,gyrB,DNA&nbsp;gyrase&nbsp;subunit&nbsp;B,58.9
416269.APL_0587,acrB,annotation&nbsp;not&nbsp;available,58.9
416269.APL_1584,cpxB,Transport&nbsp;permease&nbsp;protein,58.9
416269.APL_1844,cysN,annotation&nbsp;not&nbsp;available,58.8
416269.APL_1427,napH,annotation&nbsp;not&nbsp;available,58.8
416269.APL_2027,hisF,Imidazole&nbsp;glycerol&nbsp;phosphate&nbsp;synthase&nbsp;subunit&nbsp;hisF,58.8
416269.APL_0874,holA,annotation&nbsp;not&nbsp;available,58.7
416269.APL_2037,lolD,Lipoprotein-releasing&nbsp;system&nbsp;ATP-binding&nbsp;protein&nbsp;LolD,58.6
416269.APL_1446,afuA,annotation&nbsp;not&nbsp;available,58.5
416269.APL_1624,cbiK,annotation&nbsp;not&nbsp;available,58.4
416269.APL_0382,ribD,Riboflavin&nbsp;biosynthesis&nbsp;protein&nbsp;RibD,58.3
416269.APL_0620,aroG,Phospho-2-dehydro-3-deoxyheptonate&nbsp;aldolase,58.2
416269.APL_0495,APL_0495,annotation&nbsp;not&nbsp;available,58.1
416269.APL_1743,APL_1743,annotation&nbsp;not&nbsp;available,58.0
416269.APL_0201,nusB,Transcription&nbsp;antitermination&nbsp;protein&nbsp;NusB,57.7
416269.APL_1742,srp54,Signal&nbsp;recognition&nbsp;particle&nbsp;protein,57.5
416269.APL_0048,arcA,annotation&nbsp;not&nbsp;available,57.5
416269.APL_0796,sapA,annotation&nbsp;not&nbsp;available,57.5
416269.APL_0470,trpA,Tryptophan&nbsp;synthase&nbsp;alpha&nbsp;chain,57.5
416269.APL_1938,rpmH,annotation&nbsp;not&nbsp;available,57.4
416269.APL_0283,ruvA,Holliday&nbsp;junction&nbsp;ATP-dependent&nbsp;DNA&nbsp;helicase&nbsp;RuvA,57.4
416269.APL_0887,fadI,annotation&nbsp;not&nbsp;available,57.4
416269.APL_1846,cysT,annotation&nbsp;not&nbsp;available,57.3
416269.APL_0432,leuB,3-isopropylmalate&nbsp;dehydrogenase,57.2
416269.APL_0713,dnaB,Replicative&nbsp;DNA&nbsp;helicase,57.0
416269.APL_1974,APL_1974,annotation&nbsp;not&nbsp;available,56.8
416269.APL_0395,rseA,Anti-sigma-E&nbsp;factor&nbsp;RseA,56.7
416269.APL_1963,APL_1963,annotation&nbsp;not&nbsp;available,56.6
416269.APL_1816,holB,annotation&nbsp;not&nbsp;available,56.6
416269.APL_0629,cpxR,annotation&nbsp;not&nbsp;available,56.5
416269.APL_1821,rpmE2,annotation&nbsp;not&nbsp;available,56.5
416269.APL_1648,atpA,ATP&nbsp;synthase&nbsp;subunit&nbsp;alpha,56.4
416269.APL_1716,secE,Protein&nbsp;translocase&nbsp;subunit&nbsp;SecE,56.4
416269.APL_0203,pgpA,Phosphatidylglycerophosphatase&nbsp;A,56.2
416269.APL_0253,recD,RecBCD&nbsp;enzyme&nbsp;subunit&nbsp;RecD,56.2
416269.APL_1843,cysJ,Sulfite&nbsp;reductase&nbsp;[NADPH]&nbsp;flavoprotein&nbsp;alpha-component,56.1
416269.APL_1331,hyaA,annotation&nbsp;not&nbsp;available,55.8
416269.APL_1067,secD,Protein&nbsp;translocase&nbsp;subunit&nbsp;SecD,55.8
416269.APL_1169,rplI,50S&nbsp;ribosomal&nbsp;protein&nbsp;L9,55.8
416269.APL_0646,cpdB,annotation&nbsp;not&nbsp;available,55.8
416269.APL_0068,dppF,annotation&nbsp;not&nbsp;available,55.7
416269.APL_0910,plpA,annotation&nbsp;not&nbsp;available,55.4
416269.APL_1774,rplF,50S&nbsp;ribosomal&nbsp;protein&nbsp;L6,55.4
416269.APL_1778,rplO,50S&nbsp;ribosomal&nbsp;protein&nbsp;L15,55.4
416269.APL_1657,APL_1657,annotation&nbsp;not&nbsp;available,55.3
416269.APL_1618,ureA,annotation&nbsp;not&nbsp;available,55.1
416269.APL_0630,mazG,annotation&nbsp;not&nbsp;available,55.0
416269.APL_0615,mlc,annotation&nbsp;not&nbsp;available,54.9
416269.APL_0265,dnaX,DNA&nbsp;polymerase&nbsp;III&nbsp;subunit&nbsp;gamma/tau,54.9
416269.APL_1204,APL_1204,S-formylglutathione&nbsp;hydrolase,54.8
416269.APL_1910,xylG,Xylose&nbsp;import&nbsp;ATP-binding&nbsp;protein&nbsp;XylG,54.8
416269.APL_0573,pdxT,Pyridoxal&nbsp;5'-phosphate&nbsp;synthase&nbsp;subunit&nbsp;PdxT,54.7
416269.APL_0023,ftsZ,Cell&nbsp;division&nbsp;protein&nbsp;FtsZ,54.7
416269.APL_1866,mobAB,Molybdenum&nbsp;cofactor&nbsp;guanylyltransferase,54.7
416269.APL_0082,dhaL,annotation&nbsp;not&nbsp;available,54.3
416269.APL_0102,nrfC,annotation&nbsp;not&nbsp;available,54.3
416269.APL_1736,hslV,ATP-dependent&nbsp;protease&nbsp;subunit&nbsp;HslV,54.3
416269.APL_1528,frdB,annotation&nbsp;not&nbsp;available,54.2
416269.APL_1775,rplR,50S&nbsp;ribosomal&nbsp;protein&nbsp;L18,54.1
416269.APL_1837,asnA,annotation&nbsp;not&nbsp;available,54.1
416269.APL_1261,pstS,Phosphate-binding&nbsp;protein&nbsp;PstS,54.0
416269.APL_0739,ihfB,Integration&nbsp;host&nbsp;factor&nbsp;subunit&nbsp;beta,53.9
416269.APL_0106,putA,Bifunctional&nbsp;protein&nbsp;PutA,53.9
416269.APL_1368,ccmE,Cytochrome&nbsp;c-type&nbsp;biogenesis&nbsp;protein&nbsp;CcmE,53.8
416269.APL_0601,rpsI,annotation&nbsp;not&nbsp;available,53.7
416269.APL_1906,dnaK,Chaperone&nbsp;protein&nbsp;DnaK,53.7
416269.APL_1064,qseC,annotation&nbsp;not&nbsp;available,53.7
416269.APL_1763,rplB,50S&nbsp;ribosomal&nbsp;protein&nbsp;L2,53.5
416269.APL_0609,pheT,annotation&nbsp;not&nbsp;available,53.5
416269.APL_0895,fdnI,annotation&nbsp;not&nbsp;available,53.4
416269.APL_0346,glgB,"1,4-alpha-glucan&nbsp;branching&nbsp;enzyme&nbsp;GlgB",53.4
416269.APL_1420,APL_1420,annotation&nbsp;not&nbsp;available,53.4
416269.APL_1642,tusD,annotation&nbsp;not&nbsp;available,53.3
416269.APL_0381,glpC,annotation&nbsp;not&nbsp;available,53.3
416269.APL_1103,APL_1103,annotation&nbsp;not&nbsp;available,53.2
416269.APL_0064,APL_0064,annotation&nbsp;not&nbsp;available,53.1
416269.APL_1322,ptsH,annotation&nbsp;not&nbsp;available,52.9
416269.APL_0581,mukB,Chromosome&nbsp;partition&nbsp;protein&nbsp;MukB,52.9
416269.APL_1333,hybB,annotation&nbsp;not&nbsp;available,52.8
416269.APL_1005,rpsO,30S&nbsp;ribosomal&nbsp;protein&nbsp;S15,52.7
416269.APL_1251,pgk,annotation&nbsp;not&nbsp;available,52.7
416269.APL_1720,rplJ,50S&nbsp;ribosomal&nbsp;protein&nbsp;L10,52.6
416269.APL_1377,oadB,annotation&nbsp;not&nbsp;available,52.5
416269.APL_1421,APL_1421,annotation&nbsp;not&nbsp;available,52.0
416269.APL_0351,ndk,Nucleoside&nbsp;diphosphate&nbsp;kinase,52.0
416269.APL_0135,APL_0135,annotation&nbsp;not&nbsp;available,51.6
416269.APL_1911,xylH,annotation&nbsp;not&nbsp;available,51.2
416269.APL_0280,potA,Spermidine/putrescine&nbsp;import&nbsp;ATP-binding&nbsp;protein&nbsp;PotA,51.2
416269.APL_0892,APL_0892,annotation&nbsp;not&nbsp;available,51.1
