435830.HMPREF0045_00183,EHM89518.1,annotation&nbsp;not&nbsp;available,98.9
435830.HMPREF0045_01441,nadE,Glutamine-dependent&nbsp;NAD(+)&nbsp;synthetase,98.9
435830.HMPREF0045_00598,pfp,Pyrophosphate--fructose&nbsp;6-phosphate&nbsp;1-phosphotransferase,98.9
435830.HMPREF0045_01586,tsaD,tRNA&nbsp;N6-adenosine&nbsp;threonylcarbamoyltransferase,98.8
435830.HMPREF0045_00507,ruvB,Holliday&nbsp;junction&nbsp;ATP-dependent&nbsp;DNA&nbsp;helicase&nbsp;RuvB,98.8
435830.HMPREF0045_01370,rpsF,30S&nbsp;ribosomal&nbsp;protein&nbsp;S6,98.7
435830.HMPREF0045_01572,rplM,50S&nbsp;ribosomal&nbsp;protein&nbsp;L13,98.0
435830.HMPREF0045_00028,EHM89363.1,annotation&nbsp;not&nbsp;available,98.0
435830.HMPREF0045_01683,atpF,ATP&nbsp;synthase&nbsp;subunit&nbsp;b,98.0
435830.HMPREF0045_00884,rpoB,DNA-directed&nbsp;RNA&nbsp;polymerase&nbsp;subunit&nbsp;beta,97.9
435830.HMPREF0045_00639,EHM89226.1,annotation&nbsp;not&nbsp;available,97.9
435830.HMPREF0045_01691,EHM87312.1,annotation&nbsp;not&nbsp;available,97.7
435830.HMPREF0045_01553,rpmD,annotation&nbsp;not&nbsp;available,97.5
435830.HMPREF0045_00254,murF,UDP-N-acetylmuramoyl-tripeptide--D-alanyl-D-alanine&nbsp;ligase,97.4
435830.HMPREF0045_01841,rpmI,annotation&nbsp;not&nbsp;available,97.0
435830.HMPREF0045_01503,EHM87444.1,annotation&nbsp;not&nbsp;available,97.0
435830.HMPREF0045_01554,rplO,50S&nbsp;ribosomal&nbsp;protein&nbsp;L15,96.9
435830.HMPREF0045_01541,rpsC,30S&nbsp;ribosomal&nbsp;protein&nbsp;S3,96.8
435830.HMPREF0045_00137,gltX,Glutamate--tRNA&nbsp;ligase,96.8
435830.HMPREF0045_00710,EHM88497.1,annotation&nbsp;not&nbsp;available,96.7
435830.HMPREF0045_00890,rplJ,50S&nbsp;ribosomal&nbsp;protein&nbsp;L10,96.7
435830.HMPREF0045_01129,EHM88018.1,annotation&nbsp;not&nbsp;available,96.5
435830.HMPREF0045_00473,aroC,Chorismate&nbsp;synthase,96.4
435830.HMPREF0045_00841,EHM88628.1,annotation&nbsp;not&nbsp;available,96.4
435830.HMPREF0045_00142,EHM89477.1,annotation&nbsp;not&nbsp;available,96.3
435830.HMPREF0045_00453,EHM89040.1,annotation&nbsp;not&nbsp;available,96.3
435830.HMPREF0045_00186,EHM89521.1,annotation&nbsp;not&nbsp;available,96.2
435830.HMPREF0045_01562,rpoA,DNA-directed&nbsp;RNA&nbsp;polymerase&nbsp;subunit&nbsp;alpha,96.2
435830.HMPREF0045_01396,gpmA,"2,3-bisphosphoglycerate-dependent&nbsp;phosphoglycerate&nbsp;mutase",96.0
435830.HMPREF0045_00310,nrdR,Transcriptional&nbsp;repressor&nbsp;NrdR,95.8
435830.HMPREF0045_00390,EHM89725.1,annotation&nbsp;not&nbsp;available,95.6
435830.HMPREF0045_01592,guaB,Inosine-5'-monophosphate&nbsp;dehydrogenase,95.4
435830.HMPREF0045_01550,rplF,50S&nbsp;ribosomal&nbsp;protein&nbsp;L6,95.4
435830.HMPREF0045_00750,rpmE,50S&nbsp;ribosomal&nbsp;protein&nbsp;L31,95.3
435830.HMPREF0045_00883,rpoC,DNA-directed&nbsp;RNA&nbsp;polymerase&nbsp;subunit&nbsp;beta',95.2
435830.HMPREF0045_00035,EHM89370.1,annotation&nbsp;not&nbsp;available,95.2
435830.HMPREF0045_00391,pgk,annotation&nbsp;not&nbsp;available,94.9
435830.HMPREF0045_01540,rplV,50S&nbsp;ribosomal&nbsp;protein&nbsp;L22,94.9
435830.HMPREF0045_01372,rpsR,30S&nbsp;ribosomal&nbsp;protein&nbsp;S18,94.8
435830.HMPREF0045_01792,eno,Enolase,94.8
435830.HMPREF0045_01538,rplB,50S&nbsp;ribosomal&nbsp;protein&nbsp;L2,94.6
435830.HMPREF0045_00397,EHM89732.1,annotation&nbsp;not&nbsp;available,94.5
435830.HMPREF0045_00984,EHM88289.1,annotation&nbsp;not&nbsp;available,94.5
435830.HMPREF0045_01602,EHM87543.1,annotation&nbsp;not&nbsp;available,94.3
435830.HMPREF0045_00666,EHM88868.1,annotation&nbsp;not&nbsp;available,94.3
435830.HMPREF0045_00743,purN,Phosphoribosylglycinamide&nbsp;formyltransferase,94.3
435830.HMPREF0045_00369,lipB,Octanoyltransferase,94.3
435830.HMPREF0045_01813,ctc,50S&nbsp;ribosomal&nbsp;protein&nbsp;L25,94.2
435830.HMPREF0045_00350,EHM89685.1,annotation&nbsp;not&nbsp;available,94.1
435830.HMPREF0045_01844,pheS,annotation&nbsp;not&nbsp;available,93.7
435830.HMPREF0045_00983,EHM88288.1,NADH-quinone&nbsp;oxidoreductase&nbsp;subunit&nbsp;F,93.6
435830.HMPREF0045_01548,rpsN,30S&nbsp;ribosomal&nbsp;protein&nbsp;S14&nbsp;type&nbsp;Z,93.6
435830.HMPREF0045_01668,EHM87289.1,annotation&nbsp;not&nbsp;available,93.6
435830.HMPREF0045_00233,EHM89568.1,annotation&nbsp;not&nbsp;available,93.3
435830.HMPREF0045_00806,EHM88593.1,annotation&nbsp;not&nbsp;available,93.2
435830.HMPREF0045_00323,EHM89658.1,annotation&nbsp;not&nbsp;available,93.2
435830.HMPREF0045_01830,EHM87147.1,annotation&nbsp;not&nbsp;available,93.2
435830.HMPREF0045_01504,EHM87445.1,annotation&nbsp;not&nbsp;available,92.8
435830.HMPREF0045_01095,purL,Phosphoribosylformylglycinamidine&nbsp;synthase&nbsp;subunit&nbsp;PurL,92.7
435830.HMPREF0045_00046,EHM89381.1,annotation&nbsp;not&nbsp;available,92.6
435830.HMPREF0045_01280,EHM87875.1,annotation&nbsp;not&nbsp;available,92.6
435830.HMPREF0045_00896,EHM88683.1,annotation&nbsp;not&nbsp;available,92.3
435830.HMPREF0045_00860,purE,N5-carboxyaminoimidazole&nbsp;ribonucleotide&nbsp;mutase,92.2
435830.HMPREF0045_00673,EHM88875.1,annotation&nbsp;not&nbsp;available,92.0
435830.HMPREF0045_00936,EHM88723.1,annotation&nbsp;not&nbsp;available,92.0
435830.HMPREF0045_01536,rplD,50S&nbsp;ribosomal&nbsp;protein&nbsp;L4,91.8
435830.HMPREF0045_01685,atpA,ATP&nbsp;synthase&nbsp;subunit&nbsp;alpha,91.8
435830.HMPREF0045_00306,EHM89641.1,annotation&nbsp;not&nbsp;available,91.5
435830.HMPREF0045_01346,rpmH,annotation&nbsp;not&nbsp;available,91.4
435830.HMPREF0045_01130,EHM88019.1,annotation&nbsp;not&nbsp;available,91.4
435830.HMPREF0045_01252,EHM88141.1,annotation&nbsp;not&nbsp;available,91.2
435830.HMPREF0045_00711,EHM88498.1,annotation&nbsp;not&nbsp;available,90.9
435830.HMPREF0045_01694,folD,Bifunctional&nbsp;protein&nbsp;FolD,90.9
435830.HMPREF0045_00526,EHM89113.1,annotation&nbsp;not&nbsp;available,90.8
435830.HMPREF0045_01559,rpmJ,annotation&nbsp;not&nbsp;available,90.8
435830.HMPREF0045_00834,EHM88621.1,annotation&nbsp;not&nbsp;available,90.6
435830.HMPREF0045_00320,EHM89655.1,annotation&nbsp;not&nbsp;available,90.3
435830.HMPREF0045_00456,EHM89043.1,annotation&nbsp;not&nbsp;available,90.0
435830.HMPREF0045_00534,EHM89121.1,annotation&nbsp;not&nbsp;available,89.9
435830.HMPREF0045_00595,EHM89182.1,annotation&nbsp;not&nbsp;available,89.9
435830.HMPREF0045_00741,EHM88528.1,annotation&nbsp;not&nbsp;available,89.8
435830.HMPREF0045_01626,guaA,GMP&nbsp;synthase&nbsp;[glutamine-hydrolyzing],89.7
435830.HMPREF0045_00052,EHM89387.1,annotation&nbsp;not&nbsp;available,89.2
435830.HMPREF0045_00986,nuoC,NADH-quinone&nbsp;oxidoreductase&nbsp;subunit&nbsp;C,89.1
435830.HMPREF0045_01365,EHM87678.1,annotation&nbsp;not&nbsp;available,89.0
435830.HMPREF0045_00705,rpmA,annotation&nbsp;not&nbsp;available,88.9
435830.HMPREF0045_01560,rpsM,30S&nbsp;ribosomal&nbsp;protein&nbsp;S13,88.6
435830.HMPREF0045_00508,ruvA,Holliday&nbsp;junction&nbsp;ATP-dependent&nbsp;DNA&nbsp;helicase&nbsp;RuvA,88.4
435830.HMPREF0045_01605,EHM87546.1,Phosphate&nbsp;acetyltransferase,88.4
435830.HMPREF0045_00478,rpsD,30S&nbsp;ribosomal&nbsp;protein&nbsp;S4,88.3
435830.HMPREF0045_01721,EHM87342.1,annotation&nbsp;not&nbsp;available,88.3
435830.HMPREF0045_01684,atpH,ATP&nbsp;synthase&nbsp;subunit&nbsp;delta,88.2
435830.HMPREF0045_00895,secE,Protein&nbsp;translocase&nbsp;subunit&nbsp;SecE,87.9
435830.HMPREF0045_00299,fhs,annotation&nbsp;not&nbsp;available,87.5
435830.HMPREF0045_00200,rpsP,annotation&nbsp;not&nbsp;available,87.4
435830.HMPREF0045_00889,rplL,50S&nbsp;ribosomal&nbsp;protein&nbsp;L7/L12,87.4
435830.HMPREF0045_01530,rpsG,30S&nbsp;ribosomal&nbsp;protein&nbsp;S7,87.3
435830.HMPREF0045_01069,EHM88230.1,annotation&nbsp;not&nbsp;available,87.0
435830.HMPREF0045_01591,groS,10&nbsp;kDa&nbsp;chaperonin,87.0
435830.HMPREF0045_00685,EHM88887.1,annotation&nbsp;not&nbsp;available,86.9
435830.HMPREF0045_01818,ilvA,L-threonine&nbsp;dehydratase,86.8
435830.HMPREF0045_00572,EHM89159.1,annotation&nbsp;not&nbsp;available,86.4
435830.HMPREF0045_00616,EHM89203.1,annotation&nbsp;not&nbsp;available,86.3
435830.HMPREF0045_00723,glgE,"Alpha-1,4-glucan:maltose-1-phosphate&nbsp;maltosyltransferase",86.3
435830.HMPREF0045_00024,EHM89359.1,Dihydroorotate&nbsp;dehydrogenase&nbsp;(quinone),86.3
435830.HMPREF0045_01543,rpmC,annotation&nbsp;not&nbsp;available,86.0
435830.HMPREF0045_00319,EHM89654.1,annotation&nbsp;not&nbsp;available,85.8
435830.HMPREF0045_01556,adk,Adenylate&nbsp;kinase,85.6
435830.HMPREF0045_01264,EHM88153.1,annotation&nbsp;not&nbsp;available,85.5
435830.HMPREF0045_00790,EHM88577.1,annotation&nbsp;not&nbsp;available,85.1
435830.HMPREF0045_00256,murD,UDP-N-acetylmuramoylalanine--D-glutamate&nbsp;ligase,85.1
435830.HMPREF0045_00187,rpsT,30S&nbsp;ribosomal&nbsp;protein&nbsp;S20,84.7
435830.HMPREF0045_00725,glgB,"1,4-alpha-glucan&nbsp;branching&nbsp;enzyme&nbsp;GlgB",84.6
435830.HMPREF0045_00980,nuoI,NADH-quinone&nbsp;oxidoreductase&nbsp;subunit&nbsp;I,84.6
435830.HMPREF0045_00746,EHM88533.1,6-phosphofructokinase,84.5
435830.HMPREF0045_00613,glgC,Glucose-1-phosphate&nbsp;adenylyltransferase,84.2
435830.HMPREF0045_01783,EHM87198.1,annotation&nbsp;not&nbsp;available,83.8
435830.HMPREF0045_01749,EHM87370.1,annotation&nbsp;not&nbsp;available,83.6
435830.HMPREF0045_01380,EHM87693.1,annotation&nbsp;not&nbsp;available,83.3
435830.HMPREF0045_01620,EHM87561.1,annotation&nbsp;not&nbsp;available,83.2
435830.HMPREF0045_00976,EHM88281.1,annotation&nbsp;not&nbsp;available,83.2
435830.HMPREF0045_00420,EHM89007.1,annotation&nbsp;not&nbsp;available,83.2
435830.HMPREF0045_00253,murE,UDP-N-acetylmuramyl-tripeptide&nbsp;synthetase,83.2
435830.HMPREF0045_01573,rpsI,annotation&nbsp;not&nbsp;available,83.1
435830.HMPREF0045_00375,EHM89710.1,annotation&nbsp;not&nbsp;available,83.0
435830.HMPREF0045_01412,groL,60&nbsp;kDa&nbsp;chaperonin,83.0
435830.HMPREF0045_00241,EHM89576.1,annotation&nbsp;not&nbsp;available,83.0
435830.HMPREF0045_00380,EHM89715.1,annotation&nbsp;not&nbsp;available,82.9
435830.HMPREF0045_01383,EHM87696.1,Ribonucleoside-diphosphate&nbsp;reductase&nbsp;subunit&nbsp;beta,82.6
435830.HMPREF0045_01687,atpD,ATP&nbsp;synthase&nbsp;subunit&nbsp;beta,82.6
435830.HMPREF0045_01817,ilvD,annotation&nbsp;not&nbsp;available,82.6
435830.HMPREF0045_00765,EHM88552.1,annotation&nbsp;not&nbsp;available,81.9
435830.HMPREF0045_01534,rpsJ,30S&nbsp;ribosomal&nbsp;protein&nbsp;S10,81.7
435830.HMPREF0045_00436,EHM89023.1,annotation&nbsp;not&nbsp;available,81.0
435830.HMPREF0045_00525,EHM89112.1,annotation&nbsp;not&nbsp;available,80.8
435830.HMPREF0045_01547,rplE,50S&nbsp;ribosomal&nbsp;protein&nbsp;L5,80.7
435830.HMPREF0045_00464,EHM89051.1,annotation&nbsp;not&nbsp;available,80.5
435830.HMPREF0045_00977,EHM88282.1,annotation&nbsp;not&nbsp;available,80.4
435830.HMPREF0045_00113,EHM89448.1,annotation&nbsp;not&nbsp;available,80.3
435830.HMPREF0045_01136,dcd,annotation&nbsp;not&nbsp;available,80.2
435830.HMPREF0045_00381,EHM89716.1,annotation&nbsp;not&nbsp;available,80.0
435830.HMPREF0045_00717,EHM88504.1,annotation&nbsp;not&nbsp;available,79.6
435830.HMPREF0045_00194,ffh,Signal&nbsp;recognition&nbsp;particle&nbsp;protein,79.6
435830.HMPREF0045_00742,purH,annotation&nbsp;not&nbsp;available,79.4
435830.HMPREF0045_00574,EHM89161.1,annotation&nbsp;not&nbsp;available,79.3
435830.HMPREF0045_00734,EHM88521.1,annotation&nbsp;not&nbsp;available,79.3
435830.HMPREF0045_00011,pyrG,CTP&nbsp;synthase,79.2
435830.HMPREF0045_00393,EHM89728.1,annotation&nbsp;not&nbsp;available,79.0
435830.HMPREF0045_00987,nuoB,NADH-quinone&nbsp;oxidoreductase&nbsp;subunit&nbsp;B,78.9
435830.HMPREF0045_00351,EHM89686.1,annotation&nbsp;not&nbsp;available,78.5
435830.HMPREF0045_00374,EHM89709.1,annotation&nbsp;not&nbsp;available,78.2
435830.HMPREF0045_01209,EHM88098.1,annotation&nbsp;not&nbsp;available,78.1
435830.HMPREF0045_01040,EHM88201.1,5-methyltetrahydropteroyltriglutamate--homocysteine&nbsp;methyltransferase,78.0
435830.HMPREF0045_00255,mraY,Phospho-N-acetylmuramoyl-pentapeptide-transferase,78.0
435830.HMPREF0045_01532,tuf,Elongation&nbsp;factor&nbsp;Tu,77.9
435830.HMPREF0045_00122,EHM89457.1,Nicotinate&nbsp;phosphoribosyltransferase,77.8
435830.HMPREF0045_00973,EHM88278.1,annotation&nbsp;not&nbsp;available,77.8
435830.HMPREF0045_00276,ilvC,Ketol-acid&nbsp;reductoisomerase&nbsp;(NADP(+)),77.8
435830.HMPREF0045_01688,atpC,ATP&nbsp;synthase&nbsp;epsilon&nbsp;chain,77.7
435830.HMPREF0045_00893,rplK,50S&nbsp;ribosomal&nbsp;protein&nbsp;L11,77.5
435830.HMPREF0045_00974,EHM88279.1,annotation&nbsp;not&nbsp;available,77.3
435830.HMPREF0045_00454,EHM89041.1,annotation&nbsp;not&nbsp;available,77.2
435830.HMPREF0045_00455,EHM89042.1,annotation&nbsp;not&nbsp;available,77.2
435830.HMPREF0045_01390,EHM87703.1,annotation&nbsp;not&nbsp;available,77.1
435830.HMPREF0045_01725,secA,Protein&nbsp;translocase&nbsp;subunit&nbsp;SecA,76.5
435830.HMPREF0045_00684,EHM88886.1,annotation&nbsp;not&nbsp;available,76.5
435830.HMPREF0045_01682,atpE,ATP&nbsp;synthase&nbsp;subunit&nbsp;c,76.3
435830.HMPREF0045_01835,EHM87131.1,annotation&nbsp;not&nbsp;available,76.2
435830.HMPREF0045_01686,atpG,ATP&nbsp;synthase&nbsp;gamma&nbsp;chain,76.0
435830.HMPREF0045_00708,EHM88495.1,annotation&nbsp;not&nbsp;available,75.6
435830.HMPREF0045_00503,apt,Adenine&nbsp;phosphoribosyltransferase,75.5
435830.HMPREF0045_00521,EHM89108.1,annotation&nbsp;not&nbsp;available,75.5
435830.HMPREF0045_00981,nuoH,NADH-quinone&nbsp;oxidoreductase&nbsp;subunit&nbsp;H,75.3
435830.HMPREF0045_00144,trpB,Tryptophan&nbsp;synthase&nbsp;beta&nbsp;chain,75.2
435830.HMPREF0045_01529,rpsL,30S&nbsp;ribosomal&nbsp;protein&nbsp;S12,75.2
435830.HMPREF0045_00629,ftsY,Signal&nbsp;recognition&nbsp;particle&nbsp;receptor&nbsp;FtsY,75.1
435830.HMPREF0045_00462,rpoZ,DNA-directed&nbsp;RNA&nbsp;polymerase&nbsp;subunit&nbsp;omega,74.9
435830.HMPREF0045_00274,EHM89609.1,annotation&nbsp;not&nbsp;available,74.8
435830.HMPREF0045_01344,EHM87657.1,Beta&nbsp;sliding&nbsp;clamp,74.6
435830.HMPREF0045_01693,glyA,Serine&nbsp;hydroxymethyltransferase,74.4
435830.HMPREF0045_00392,tpiA,Triosephosphate&nbsp;isomerase,74.3
435830.HMPREF0045_00474,EHM89061.1,annotation&nbsp;not&nbsp;available,74.3
435830.HMPREF0045_01831,EHM87148.1,annotation&nbsp;not&nbsp;available,74.2
435830.HMPREF0045_01039,EHM88200.1,annotation&nbsp;not&nbsp;available,73.9
435830.HMPREF0045_00766,EHM88553.1,annotation&nbsp;not&nbsp;available,73.8
435830.HMPREF0045_01555,secY,Protein&nbsp;translocase&nbsp;subunit&nbsp;SecY,73.7
435830.HMPREF0045_00270,EHM89605.1,annotation&nbsp;not&nbsp;available,73.7
435830.HMPREF0045_00777,uppP,Undecaprenyl-diphosphatase,73.7
435830.HMPREF0045_01291,EHM87886.1,annotation&nbsp;not&nbsp;available,73.5
435830.HMPREF0045_00366,EHM89701.1,annotation&nbsp;not&nbsp;available,73.3
435830.HMPREF0045_01832,EHM87149.1,annotation&nbsp;not&nbsp;available,73.2
435830.HMPREF0045_00680,EHM88882.1,annotation&nbsp;not&nbsp;available,73.1
435830.HMPREF0045_00119,nagB,Glucosamine-6-phosphate&nbsp;deaminase,73.0
435830.HMPREF0045_01746,gatC,Aspartyl/glutamyl-tRNA(Asn/Gln)&nbsp;amidotransferase&nbsp;subunit&nbsp;C,72.9
435830.HMPREF0045_00228,nusA,Transcription&nbsp;termination/antitermination&nbsp;protein&nbsp;NusA,72.6
435830.HMPREF0045_01377,EHM87690.1,annotation&nbsp;not&nbsp;available,72.6
435830.HMPREF0045_01542,rplP,50S&nbsp;ribosomal&nbsp;protein&nbsp;L16,72.6
435830.HMPREF0045_01585,EHM87526.1,annotation&nbsp;not&nbsp;available,72.3
435830.HMPREF0045_01581,EHM87522.1,annotation&nbsp;not&nbsp;available,72.3
435830.HMPREF0045_01563,rplQ,annotation&nbsp;not&nbsp;available,72.2
435830.HMPREF0045_00745,sucC,Succinate--CoA&nbsp;ligase&nbsp;[ADP-forming]&nbsp;subunit&nbsp;beta,72.1
435830.HMPREF0045_01102,pckG,Phosphoenolpyruvate&nbsp;carboxykinase&nbsp;[GTP],71.9
435830.HMPREF0045_00988,nuoA,NADH-quinone&nbsp;oxidoreductase&nbsp;subunit&nbsp;A,71.7
435830.HMPREF0045_01279,EHM87874.1,annotation&nbsp;not&nbsp;available,71.5
435830.HMPREF0045_00631,ndk,Nucleoside&nbsp;diphosphate&nbsp;kinase,71.5
435830.HMPREF0045_00446,EHM89033.1,annotation&nbsp;not&nbsp;available,71.4
435830.HMPREF0045_01842,rplT,50S&nbsp;ribosomal&nbsp;protein&nbsp;L20,71.4
435830.HMPREF0045_01710,EHM87331.1,annotation&nbsp;not&nbsp;available,71.3
435830.HMPREF0045_01459,EHM87772.1,annotation&nbsp;not&nbsp;available,71.2
435830.HMPREF0045_00036,acpP,Acyl&nbsp;carrier&nbsp;protein,71.0
435830.HMPREF0045_01041,EHM88202.1,annotation&nbsp;not&nbsp;available,70.8
435830.HMPREF0045_00569,polA,DNA&nbsp;polymerase&nbsp;I,70.7
435830.HMPREF0045_00039,EHM89374.1,Pyruvate&nbsp;dehydrogenase&nbsp;E1&nbsp;component,70.5
435830.HMPREF0045_01614,EHM87555.1,annotation&nbsp;not&nbsp;available,70.4
435830.HMPREF0045_00669,EHM88871.1,annotation&nbsp;not&nbsp;available,70.4
435830.HMPREF0045_00234,rpsO,30S&nbsp;ribosomal&nbsp;protein&nbsp;S15,70.0
435830.HMPREF0045_01460,asd,Aspartate-semialdehyde&nbsp;dehydrogenase,69.9
435830.HMPREF0045_00607,EHM89194.1,annotation&nbsp;not&nbsp;available,69.7
435830.HMPREF0045_00568,EHM89155.1,annotation&nbsp;not&nbsp;available,69.3
435830.HMPREF0045_00433,EHM89020.1,annotation&nbsp;not&nbsp;available,69.2
435830.HMPREF0045_00463,gmk,Guanylate&nbsp;kinase,69.2
435830.HMPREF0045_01552,rpsE,30S&nbsp;ribosomal&nbsp;protein&nbsp;S5,69.2
435830.HMPREF0045_01099,EHM87988.1,annotation&nbsp;not&nbsp;available,68.8
435830.HMPREF0045_00111,EHM89446.1,annotation&nbsp;not&nbsp;available,68.7
435830.HMPREF0045_00732,EHM88519.1,annotation&nbsp;not&nbsp;available,68.4
435830.HMPREF0045_01389,EHM87702.1,Uncharacterized&nbsp;protein,67.8
435830.HMPREF0045_00217,frr,Ribosome-recycling&nbsp;factor,67.7
435830.HMPREF0045_00214,rpsB,annotation&nbsp;not&nbsp;available,67.4
435830.HMPREF0045_00215,tsf,Elongation&nbsp;factor&nbsp;Ts,67.4
435830.HMPREF0045_01100,purC,annotation&nbsp;not&nbsp;available,67.1
435830.HMPREF0045_01038,EHM88199.1,annotation&nbsp;not&nbsp;available,67.0
435830.HMPREF0045_01681,atpB,ATP&nbsp;synthase&nbsp;subunit&nbsp;a,67.0
435830.HMPREF0045_01457,EHM87770.1,annotation&nbsp;not&nbsp;available,66.8
435830.HMPREF0045_00665,EHM88867.1,annotation&nbsp;not&nbsp;available,66.7
435830.HMPREF0045_01549,rpsH,30S&nbsp;ribosomal&nbsp;protein&nbsp;S8,66.6
435830.HMPREF0045_01627,EHM87568.1,annotation&nbsp;not&nbsp;available,66.6
435830.HMPREF0045_00905,xseA,Exodeoxyribonuclease&nbsp;7&nbsp;large&nbsp;subunit,66.6
435830.HMPREF0045_01070,tmk,Thymidylate&nbsp;kinase,66.2
435830.HMPREF0045_01796,EHM87211.1,annotation&nbsp;not&nbsp;available,66.2
435830.HMPREF0045_00438,pfkA,ATP-dependent&nbsp;6-phosphofructokinase,66.1
435830.HMPREF0045_01537,rplW,50S&nbsp;ribosomal&nbsp;protein&nbsp;L23,65.9
435830.HMPREF0045_01748,gatB,Aspartyl/glutamyl-tRNA(Asn/Gln)&nbsp;amidotransferase&nbsp;subunit&nbsp;B,65.7
435830.HMPREF0045_00204,rplS,50S&nbsp;ribosomal&nbsp;protein&nbsp;L19,65.7
435830.HMPREF0045_00754,EHM88541.1,annotation&nbsp;not&nbsp;available,65.7
435830.HMPREF0045_01207,EHM88096.1,Adenine&nbsp;deaminase,65.3
435830.HMPREF0045_01097,purQ,Phosphoribosylformylglycinamidine&nbsp;synthase&nbsp;subunit&nbsp;PurQ,65.3
435830.HMPREF0045_00901,rpmG,annotation&nbsp;not&nbsp;available,65.2
435830.HMPREF0045_01737,thyA,Thymidylate&nbsp;synthase,65.2
435830.HMPREF0045_00048,EHM89383.1,annotation&nbsp;not&nbsp;available,65.1
435830.HMPREF0045_00353,EHM89688.1,annotation&nbsp;not&nbsp;available,65.0
435830.HMPREF0045_01407,pgi,annotation&nbsp;not&nbsp;available,64.6
435830.HMPREF0045_01523,EHM87464.1,annotation&nbsp;not&nbsp;available,64.6
435830.HMPREF0045_00690,fumC,Fumarate&nbsp;hydratase&nbsp;class&nbsp;II,64.6
435830.HMPREF0045_01736,EHM87357.1,annotation&nbsp;not&nbsp;available,64.4
435830.HMPREF0045_01262,EHM88151.1,annotation&nbsp;not&nbsp;available,64.4
435830.HMPREF0045_00722,rpmB,annotation&nbsp;not&nbsp;available,64.3
435830.HMPREF0045_00146,EHM89481.1,annotation&nbsp;not&nbsp;available,64.1
435830.HMPREF0045_01558,infA,Translation&nbsp;initiation&nbsp;factor&nbsp;IF-1,63.7
435830.HMPREF0045_01453,EHM87766.1,annotation&nbsp;not&nbsp;available,63.6
435830.HMPREF0045_01570,EHM87511.1,annotation&nbsp;not&nbsp;available,63.3
435830.HMPREF0045_00811,EHM88598.1,annotation&nbsp;not&nbsp;available,63.3
435830.HMPREF0045_00465,pyrF,annotation&nbsp;not&nbsp;available,63.1
435830.HMPREF0045_01584,EHM87525.1,annotation&nbsp;not&nbsp;available,62.9
435830.HMPREF0045_01604,ackA,Acetate&nbsp;kinase,62.8
435830.HMPREF0045_00906,xseB,Exodeoxyribonuclease&nbsp;7&nbsp;small&nbsp;subunit,62.5
435830.HMPREF0045_01564,EHM87505.1,annotation&nbsp;not&nbsp;available,62.3
435830.HMPREF0045_00600,EHM89187.1,annotation&nbsp;not&nbsp;available,62.3
435830.HMPREF0045_01205,EHM88094.1,annotation&nbsp;not&nbsp;available,62.3
435830.HMPREF0045_00434,EHM89021.1,annotation&nbsp;not&nbsp;available,62.3
435830.HMPREF0045_00979,EHM88284.1,annotation&nbsp;not&nbsp;available,61.9
435830.HMPREF0045_00982,EHM88287.1,annotation&nbsp;not&nbsp;available,61.8
435830.HMPREF0045_00501,EHM89088.1,Uncharacterized&nbsp;protein,61.8
435830.HMPREF0045_00975,nuoN,NADH-quinone&nbsp;oxidoreductase&nbsp;subunit&nbsp;N,61.5
435830.HMPREF0045_00733,EHM88520.1,annotation&nbsp;not&nbsp;available,61.2
435830.HMPREF0045_00136,EHM89471.1,annotation&nbsp;not&nbsp;available,61.1
435830.HMPREF0045_01373,rplI,50S&nbsp;ribosomal&nbsp;protein&nbsp;L9,61.1
435830.HMPREF0045_00275,EHM89610.1,annotation&nbsp;not&nbsp;available,60.9
435830.HMPREF0045_01181,EHM88070.1,annotation&nbsp;not&nbsp;available,60.8
435830.HMPREF0045_01091,EHM87980.1,annotation&nbsp;not&nbsp;available,60.5
435830.HMPREF0045_00871,EHM88658.1,annotation&nbsp;not&nbsp;available,60.0
435830.HMPREF0045_01747,gatA,Glutamyl-tRNA(Gln)&nbsp;amidotransferase&nbsp;subunit&nbsp;A,59.9
435830.HMPREF0045_00726,EHM88513.1,"Alpha-1,4&nbsp;glucan&nbsp;phosphorylase",59.7
435830.HMPREF0045_01002,EHM88307.1,annotation&nbsp;not&nbsp;available,59.6
435830.HMPREF0045_01126,pyrE,Orotate&nbsp;phosphoribosyltransferase,59.5
435830.HMPREF0045_01603,rnhA,Ribonuclease&nbsp;H,59.4
435830.HMPREF0045_01382,EHM87695.1,Ribonucleoside-diphosphate&nbsp;reductase,59.2
435830.HMPREF0045_01123,EHM88012.1,annotation&nbsp;not&nbsp;available,59.1
435830.HMPREF0045_01253,EHM88142.1,annotation&nbsp;not&nbsp;available,59.0
435830.HMPREF0045_00482,aspS,Aspartate--tRNA(Asp/Asn)&nbsp;ligase,58.9
435830.HMPREF0045_00047,EHM89382.1,annotation&nbsp;not&nbsp;available,58.9
435830.HMPREF0045_01258,EHM88147.1,annotation&nbsp;not&nbsp;available,58.9
435830.HMPREF0045_01544,rpsQ,30S&nbsp;ribosomal&nbsp;protein&nbsp;S17,58.9
435830.HMPREF0045_00831,EHM88618.1,annotation&nbsp;not&nbsp;available,58.5
435830.HMPREF0045_01545,rplN,50S&nbsp;ribosomal&nbsp;protein&nbsp;L14,58.3
435830.HMPREF0045_00859,EHM88646.1,annotation&nbsp;not&nbsp;available,58.2
435830.HMPREF0045_00646,EHM89233.1,annotation&nbsp;not&nbsp;available,58.0
435830.HMPREF0045_00290,leuA,2-isopropylmalate&nbsp;synthase,57.1
435830.HMPREF0045_00825,EHM88612.1,dTDP-4-dehydrorhamnose&nbsp;reductase,57.1
435830.HMPREF0045_00681,EHM88883.1,Phosphoenolpyruvate-protein&nbsp;phosphotransferase,57.0
435830.HMPREF0045_00892,rplA,50S&nbsp;ribosomal&nbsp;protein&nbsp;L1,56.8
435830.HMPREF0045_01551,rplR,50S&nbsp;ribosomal&nbsp;protein&nbsp;L18,56.8
435830.HMPREF0045_00147,EHM89482.1,annotation&nbsp;not&nbsp;available,56.5
435830.HMPREF0045_01574,glmM,Phosphoglucosamine&nbsp;mutase,56.2
435830.HMPREF0045_01535,rplC,50S&nbsp;ribosomal&nbsp;protein&nbsp;L3,56.1
435830.HMPREF0045_00832,EHM88619.1,annotation&nbsp;not&nbsp;available,55.9
435830.HMPREF0045_00112,EHM89447.1,annotation&nbsp;not&nbsp;available,55.7
435830.HMPREF0045_01128,EHM88017.1,annotation&nbsp;not&nbsp;available,55.4
435830.HMPREF0045_00114,EHM89449.1,annotation&nbsp;not&nbsp;available,54.9
435830.HMPREF0045_00125,EHM89460.1,dITP/XTP&nbsp;pyrophosphatase,54.9
435830.HMPREF0045_00018,EHM89353.1,annotation&nbsp;not&nbsp;available,54.8
435830.HMPREF0045_01845,pheT,annotation&nbsp;not&nbsp;available,54.7
435830.HMPREF0045_00143,trpA,Tryptophan&nbsp;synthase&nbsp;alpha&nbsp;chain,54.2
435830.HMPREF0045_00861,purK,N5-carboxyaminoimidazole&nbsp;ribonucleotide&nbsp;synthase,54.1
435830.HMPREF0045_01074,EHM88235.1,annotation&nbsp;not&nbsp;available,54.0
435830.HMPREF0045_00145,trpD,Anthranilate&nbsp;phosphoribosyltransferase,54.0
435830.HMPREF0045_00978,nuoK,NADH-quinone&nbsp;oxidoreductase&nbsp;subunit&nbsp;K,54.0
435830.HMPREF0045_01539,rpsS,30S&nbsp;ribosomal&nbsp;protein&nbsp;S19,53.9
435830.HMPREF0045_00985,nuoD,NADH-quinone&nbsp;oxidoreductase&nbsp;subunit&nbsp;D,53.8
435830.HMPREF0045_01577,nnrD,ADP-dependent&nbsp;(S)-NAD(P)H-hydrate&nbsp;dehydratase,53.6
435830.HMPREF0045_00019,EHM89354.1,annotation&nbsp;not&nbsp;available,53.6
435830.HMPREF0045_00527,EHM89114.1,annotation&nbsp;not&nbsp;available,53.6
435830.HMPREF0045_00654,EHM88856.1,annotation&nbsp;not&nbsp;available,53.2
435830.HMPREF0045_01576,glmS,Glutamine--fructose-6-phosphate&nbsp;aminotransferase&nbsp;[isomerizing],53.0
435830.HMPREF0045_00452,acpS,Holo-[acyl-carrier-protein]&nbsp;synthase,52.4
435830.HMPREF0045_01101,purD,annotation&nbsp;not&nbsp;available,52.3
435830.HMPREF0045_01546,rplX,50S&nbsp;ribosomal&nbsp;protein&nbsp;L24,52.2
435830.HMPREF0045_00998,EHM88303.1,annotation&nbsp;not&nbsp;available,52.0
435830.HMPREF0045_00709,EHM88496.1,annotation&nbsp;not&nbsp;available,52.0
435830.HMPREF0045_01500,EHM87441.1,annotation&nbsp;not&nbsp;available,51.8
435830.HMPREF0045_01561,rpsK,30S&nbsp;ribosomal&nbsp;protein&nbsp;S11,51.8
435830.HMPREF0045_00277,EHM89612.1,annotation&nbsp;not&nbsp;available,51.8
435830.HMPREF0045_00466,pyrC,Dihydroorotase,51.7
435830.HMPREF0045_00385,EHM89720.1,annotation&nbsp;not&nbsp;available,51.7
435830.HMPREF0045_00744,sucD,Succinate--CoA&nbsp;ligase&nbsp;[ADP-forming]&nbsp;subunit&nbsp;alpha,51.6
435830.HMPREF0045_00706,rplU,50S&nbsp;ribosomal&nbsp;protein&nbsp;L21,51.6
435830.HMPREF0045_01774,prs,Ribose-phosphate&nbsp;pyrophosphokinase,51.3
