1247726.MIM_c08750,dctA2,C4-dicarboxylate&nbsp;transport&nbsp;protein,98.9
1247726.MIM_c29770,mauB,annotation&nbsp;not&nbsp;available,98.9
1247726.MIM_c39010,rpmD,annotation&nbsp;not&nbsp;available,98.9
1247726.MIM_c02970,pntA,NAD(P)&nbsp;transhydrogenase&nbsp;subunit&nbsp;alpha,98.9
1247726.MIM_c28470,moaE,annotation&nbsp;not&nbsp;available,98.8
1247726.MIM_c37590,MIM_c37590,annotation&nbsp;not&nbsp;available,98.8
1247726.MIM_c11390,cyoB,annotation&nbsp;not&nbsp;available,98.8
1247726.MIM_c08360,MIM_c08360,"Putative&nbsp;TRAP&nbsp;transporter&nbsp;solute&nbsp;receptor,&nbsp;DctP&nbsp;family",98.8
1247726.MIM_c02560,MIM_c02560,annotation&nbsp;not&nbsp;available,98.8
1247726.MIM_c18470,rpsP,annotation&nbsp;not&nbsp;available,98.7
1247726.MIM_c07010,MIM_c07010,annotation&nbsp;not&nbsp;available,98.6
1247726.MIM_c04560,MIM_c04560,annotation&nbsp;not&nbsp;available,98.6
1247726.MIM_c38110,MIM_c38110,annotation&nbsp;not&nbsp;available,98.6
1247726.MIM_c14580,eno,Enolase,98.5
1247726.MIM_c32100,thiL,Thiamine-monophosphate&nbsp;kinase,98.5
1247726.MIM_c22400,MIM_c22400,annotation&nbsp;not&nbsp;available,98.4
1247726.MIM_c40650,rplJ,50S&nbsp;ribosomal&nbsp;protein&nbsp;L10,98.3
1247726.MIM_c01170,braF1,annotation&nbsp;not&nbsp;available,98.1
1247726.MIM_c35900,leuC5,3-isopropylmalate&nbsp;dehydratase&nbsp;large&nbsp;subunit,98.1
1247726.MIM_c22680,ccoP,Cbb3-type&nbsp;cytochrome&nbsp;c&nbsp;oxidase&nbsp;subunit,98.1
1247726.MIM_c29300,rplM,50S&nbsp;ribosomal&nbsp;protein&nbsp;L13,98.0
1247726.MIM_c26770,MIM_c26770,annotation&nbsp;not&nbsp;available,98.0
1247726.MIM_c11510,nadK,NAD&nbsp;kinase,98.0
1247726.MIM_c02800,dppE,annotation&nbsp;not&nbsp;available,97.9
1247726.MIM_c24200,MIM_c24200,annotation&nbsp;not&nbsp;available,97.9
1247726.MIM_c23320,purD,annotation&nbsp;not&nbsp;available,97.8
1247726.MIM_c28660,dnaQ,DNA&nbsp;polymerase&nbsp;III&nbsp;subunit&nbsp;epsilon,97.8
1247726.MIM_c37890,MIM_c37890,annotation&nbsp;not&nbsp;available,97.8
1247726.MIM_c05900,gsiB,annotation&nbsp;not&nbsp;available,97.7
1247726.MIM_c05810,thiD1,annotation&nbsp;not&nbsp;available,97.7
1247726.MIM_c32860,MIM_c32860,annotation&nbsp;not&nbsp;available,97.6
1247726.MIM_c07510,atpG,ATP&nbsp;synthase&nbsp;gamma&nbsp;chain,97.6
1247726.MIM_c23940,plsX,Phosphate&nbsp;acyltransferase,97.6
1247726.MIM_c24550,nuoE,annotation&nbsp;not&nbsp;available,97.5
1247726.MIM_c07350,gpsA,annotation&nbsp;not&nbsp;available,97.4
1247726.MIM_c35020,MIM_c35020,annotation&nbsp;not&nbsp;available,97.4
1247726.MIM_c03270,MIM_c03270,annotation&nbsp;not&nbsp;available,97.4
1247726.MIM_c19360,frr,Ribosome-recycling&nbsp;factor,97.3
1247726.MIM_c24920,MIM_c24920,annotation&nbsp;not&nbsp;available,97.3
1247726.MIM_c25710,MIM_c25710,annotation&nbsp;not&nbsp;available,97.3
1247726.MIM_c30350,MIM_c30350,annotation&nbsp;not&nbsp;available,97.2
1247726.MIM_c19610,holB,annotation&nbsp;not&nbsp;available,97.1
1247726.MIM_c39000,rplO,50S&nbsp;ribosomal&nbsp;protein&nbsp;L15,96.9
1247726.MIM_c08130,MIM_c08130,annotation&nbsp;not&nbsp;available,96.9
1247726.MIM_c18440,ascD,annotation&nbsp;not&nbsp;available,96.9
1247726.MIM_c27470,MIM_c27470,annotation&nbsp;not&nbsp;available,96.8
1247726.MIM_c15180,dnaE1,annotation&nbsp;not&nbsp;available,96.7
1247726.MIM_c07360,secB,Protein-export&nbsp;protein&nbsp;SecB,96.6
1247726.MIM_c07040,MIM_c07040,annotation&nbsp;not&nbsp;available,96.6
1247726.MIM_c01730,ilvD1,annotation&nbsp;not&nbsp;available,96.6
1247726.MIM_c12830,MIM_c12830,annotation&nbsp;not&nbsp;available,96.6
1247726.MIM_c09810,ftsZ,Cell&nbsp;division&nbsp;protein&nbsp;FtsZ,96.5
1247726.MIM_c22790,rpsA,30S&nbsp;ribosomal&nbsp;protein&nbsp;S1,96.5
1247726.MIM_c37470,MIM_c37470,annotation&nbsp;not&nbsp;available,96.4
1247726.MIM_c37220,MIM_c37220,annotation&nbsp;not&nbsp;available,96.4
1247726.MIM_c20060,MIM_c20060,annotation&nbsp;not&nbsp;available,96.4
1247726.MIM_c06110,phnI,annotation&nbsp;not&nbsp;available,96.3
1247726.MIM_c21310,xthA,annotation&nbsp;not&nbsp;available,96.2
1247726.MIM_c17790,ectD2,annotation&nbsp;not&nbsp;available,96.2
1247726.MIM_c27100,MIM_c27100,annotation&nbsp;not&nbsp;available,96.1
1247726.MIM_c26700,lptD,LPS-assembly&nbsp;protein&nbsp;LptD,96.1
1247726.MIM_c13190,prpD,annotation&nbsp;not&nbsp;available,96.1
1247726.MIM_c36010,MIM_c36010,annotation&nbsp;not&nbsp;available,96.1
1247726.MIM_c10520,MIM_c10520,annotation&nbsp;not&nbsp;available,96.1
1247726.MIM_c08450,MIM_c08450,annotation&nbsp;not&nbsp;available,96.0
1247726.MIM_c26080,carB,annotation&nbsp;not&nbsp;available,96.0
1247726.MIM_c14120,infB,Translation&nbsp;initiation&nbsp;factor&nbsp;IF-2,96.0
1247726.MIM_c19650,gdhA2,annotation&nbsp;not&nbsp;available,96.0
1247726.MIM_c12340,MIM_c12340,annotation&nbsp;not&nbsp;available,95.9
1247726.MIM_c04650,tauA1,annotation&nbsp;not&nbsp;available,95.9
1247726.MIM_c16190,MIM_c16190,annotation&nbsp;not&nbsp;available,95.8
1247726.MIM_c16720,leuB,3-isopropylmalate&nbsp;dehydrogenase,95.7
1247726.MIM_c07530,atpC,ATP&nbsp;synthase&nbsp;epsilon&nbsp;chain,95.6
1247726.MIM_c09420,nasD,annotation&nbsp;not&nbsp;available,95.5
1247726.MIM_c02660,proW,annotation&nbsp;not&nbsp;available,95.4
1247726.MIM_c18540,MIM_c18540,Iron-sulfur&nbsp;cluster&nbsp;assembly&nbsp;scaffold&nbsp;protein&nbsp;IscU,95.4
1247726.MIM_c02040,MIM_c02040,annotation&nbsp;not&nbsp;available,95.4
1247726.MIM_c09000,pyrE,Orotate&nbsp;phosphoribosyltransferase,95.4
1247726.MIM_c26760,MIM_c26760,annotation&nbsp;not&nbsp;available,95.3
1247726.MIM_c26900,pdxH,Pyridoxine/pyridoxamine&nbsp;5'-phosphate&nbsp;oxidase,95.3
1247726.MIM_c27970,secF,Protein-export&nbsp;membrane&nbsp;protein&nbsp;SecF,95.2
1247726.MIM_c08380,katE,Catalase,95.1
1247726.MIM_c08890,xth,annotation&nbsp;not&nbsp;available,95.0
1247726.MIM_c19030,braC2,annotation&nbsp;not&nbsp;available,95.0
1247726.MIM_c04840,hisG,ATP&nbsp;phosphoribosyltransferase,95.0
1247726.MIM_c01180,braG1,annotation&nbsp;not&nbsp;available,94.9
1247726.MIM_c09360,ppc,Phosphoenolpyruvate&nbsp;carboxylase,94.9
1247726.MIM_c16980,cysK,annotation&nbsp;not&nbsp;available,94.8
1247726.MIM_c32900,gcvP,Glycine&nbsp;dehydrogenase&nbsp;(decarboxylating),94.8
1247726.MIM_c11130,MIM_c11130,annotation&nbsp;not&nbsp;available,94.7
1247726.MIM_c09500,acrB,annotation&nbsp;not&nbsp;available,94.7
1247726.MIM_c01080,glpK1,Glycerol&nbsp;kinase,94.6
1247726.MIM_c06270,MIM_c06270,annotation&nbsp;not&nbsp;available,94.5
1247726.MIM_c35770,MIM_c35770,annotation&nbsp;not&nbsp;available,94.5
1247726.MIM_c30090,MIM_c30090,annotation&nbsp;not&nbsp;available,94.5
1247726.MIM_c12820,MIM_c12820,annotation&nbsp;not&nbsp;available,94.5
1247726.MIM_c12840,MIM_c12840,annotation&nbsp;not&nbsp;available,94.4
1247726.MIM_c05680,phoB,annotation&nbsp;not&nbsp;available,94.3
1247726.MIM_c35870,MIM_c35870,annotation&nbsp;not&nbsp;available,94.3
1247726.MIM_c04390,MIM_c04390,annotation&nbsp;not&nbsp;available,94.2
1247726.MIM_c20650,MIM_c20650,annotation&nbsp;not&nbsp;available,94.2
1247726.MIM_c33910,MIM_c33910,annotation&nbsp;not&nbsp;available,94.1
1247726.MIM_c12090,pcaJ1,annotation&nbsp;not&nbsp;available,94.1
1247726.MIM_c09010,gatB,Aspartyl/glutamyl-tRNA(Asn/Gln)&nbsp;amidotransferase&nbsp;subunit&nbsp;B,94.0
1247726.MIM_c01930,MIM_c01930,annotation&nbsp;not&nbsp;available,94.0
1247726.MIM_c01810,MIM_c01810,annotation&nbsp;not&nbsp;available,94.0
1247726.MIM_c24580,nuoB,NADH-quinone&nbsp;oxidoreductase&nbsp;subunit&nbsp;B,94.0
1247726.MIM_c40620,rpoC,DNA-directed&nbsp;RNA&nbsp;polymerase&nbsp;subunit&nbsp;beta',93.9
1247726.MIM_c35000,MIM_c35000,annotation&nbsp;not&nbsp;available,93.9
1247726.MIM_c39670,rpsS,30S&nbsp;ribosomal&nbsp;protein&nbsp;S19,93.8
1247726.MIM_c24540,nuoF,NADH-quinone&nbsp;oxidoreductase&nbsp;subunit&nbsp;F,93.7
1247726.MIM_c19440,fabZ,3-hydroxyacyl-[acyl-carrier-protein]&nbsp;dehydratase&nbsp;FabZ,93.7
1247726.MIM_c20740,MIM_c20740,annotation&nbsp;not&nbsp;available,93.5
1247726.MIM_c03800,MIM_c03800,annotation&nbsp;not&nbsp;available,93.5
1247726.MIM_c30040,MIM_c30040,annotation&nbsp;not&nbsp;available,93.4
1247726.MIM_c04680,fghA,S-formylglutathione&nbsp;hydrolase,93.4
1247726.MIM_c09460,cobA,annotation&nbsp;not&nbsp;available,93.4
1247726.MIM_c15870,clpS,ATP-dependent&nbsp;Clp&nbsp;protease&nbsp;adapter&nbsp;protein&nbsp;ClpS,93.4
1247726.MIM_c19380,cdsA,annotation&nbsp;not&nbsp;available,93.3
1247726.MIM_c36600,cobS,annotation&nbsp;not&nbsp;available,93.3
1247726.MIM_c27230,MIM_c27230,annotation&nbsp;not&nbsp;available,93.0
1247726.MIM_c02810,dppD1,annotation&nbsp;not&nbsp;available,92.9
1247726.MIM_c38470,kdpC,Potassium-transporting&nbsp;ATPase&nbsp;KdpC&nbsp;subunit,92.9
1247726.MIM_c13240,MIM_c13240,annotation&nbsp;not&nbsp;available,92.9
1247726.MIM_c11380,cyoC,annotation&nbsp;not&nbsp;available,92.9
1247726.MIM_c27950,MIM_c27950,annotation&nbsp;not&nbsp;available,92.8
1247726.MIM_c12110,gltL,annotation&nbsp;not&nbsp;available,92.8
1247726.MIM_c09120,MIM_c09120,annotation&nbsp;not&nbsp;available,92.7
1247726.MIM_c12050,MIM_c12050,annotation&nbsp;not&nbsp;available,92.7
1247726.MIM_c39630,rpsQ,30S&nbsp;ribosomal&nbsp;protein&nbsp;S17,92.7
1247726.MIM_c21840,rpmI,annotation&nbsp;not&nbsp;available,92.6
1247726.MIM_c24490,nuoK,NADH-quinone&nbsp;oxidoreductase&nbsp;subunit&nbsp;K,92.6
1247726.MIM_c18030,rpoD,RNA&nbsp;polymerase&nbsp;sigma&nbsp;factor&nbsp;RpoD,92.6
1247726.MIM_c25730,MIM_c25730,annotation&nbsp;not&nbsp;available,92.5
1247726.MIM_c38120,MIM_c38120,annotation&nbsp;not&nbsp;available,92.4
1247726.MIM_c01030,MIM_c01030,annotation&nbsp;not&nbsp;available,92.4
1247726.MIM_c14820,folE2,GTP&nbsp;cyclohydrolase&nbsp;FolE2,92.4
1247726.MIM_c38680,mrcA,annotation&nbsp;not&nbsp;available,92.4
1247726.MIM_c19140,MIM_c19140,annotation&nbsp;not&nbsp;available,92.3
1247726.MIM_c13500,comL,Outer&nbsp;membrane&nbsp;protein&nbsp;assembly&nbsp;factor&nbsp;BamD,92.3
1247726.MIM_c13260,sdhB,annotation&nbsp;not&nbsp;available,92.3
1247726.MIM_c19040,ugpC,Sn-glycerol-3-phosphate&nbsp;import&nbsp;ATP-binding&nbsp;protein&nbsp;UgpC,92.2
1247726.MIM_c27910,upp,Uracil&nbsp;phosphoribosyltransferase,92.2
1247726.MIM_c09430,nirB,annotation&nbsp;not&nbsp;available,92.1
1247726.MIM_c08140,MIM_c08140,annotation&nbsp;not&nbsp;available,92.0
1247726.MIM_c39110,MIM_c39110,annotation&nbsp;not&nbsp;available,92.0
1247726.MIM_c08710,MIM_c08710,annotation&nbsp;not&nbsp;available,91.8
1247726.MIM_c25220,MIM_c25220,annotation&nbsp;not&nbsp;available,91.8
1247726.MIM_c24440,MIM_c24440,annotation&nbsp;not&nbsp;available,91.7
1247726.MIM_c24530,nuoG,annotation&nbsp;not&nbsp;available,91.7
1247726.MIM_c06710,waaA,annotation&nbsp;not&nbsp;available,91.7
1247726.MIM_c18960,ntrC,annotation&nbsp;not&nbsp;available,91.7
1247726.MIM_c39180,MIM_c39180,annotation&nbsp;not&nbsp;available,91.7
1247726.MIM_c40780,mnmG,tRNA&nbsp;uridine&nbsp;5-carboxymethylaminomethyl&nbsp;modification&nbsp;enzyme&nbsp;MnmG,91.6
1247726.MIM_c30440,MIM_c30440,annotation&nbsp;not&nbsp;available,91.6
1247726.MIM_c09480,baeS,annotation&nbsp;not&nbsp;available,91.5
1247726.MIM_c11680,MIM_c11680,annotation&nbsp;not&nbsp;available,91.5
1247726.MIM_c28540,MIM_c28540,annotation&nbsp;not&nbsp;available,91.4
1247726.MIM_c27240,MIM_c27240,annotation&nbsp;not&nbsp;available,91.4
1247726.MIM_c29050,rpmJ,annotation&nbsp;not&nbsp;available,91.4
1247726.MIM_c23610,acsA,Acetyl-coenzyme&nbsp;A&nbsp;synthetase,91.4
1247726.MIM_c15160,argA,annotation&nbsp;not&nbsp;available,91.4
1247726.MIM_c35810,pcaH,annotation&nbsp;not&nbsp;available,91.3
1247726.MIM_c28160,MIM_c28160,annotation&nbsp;not&nbsp;available,91.3
1247726.MIM_c40810,MIM_c40810,annotation&nbsp;not&nbsp;available,91.3
1247726.MIM_c00240,MIM_c00240,annotation&nbsp;not&nbsp;available,91.0
1247726.MIM_c13910,MIM_c13910,annotation&nbsp;not&nbsp;available,90.9
1247726.MIM_c08300,MIM_c08300,annotation&nbsp;not&nbsp;available,90.9
1247726.MIM_c00420,metN1,Methionine&nbsp;import&nbsp;ATP-binding&nbsp;protein&nbsp;MetN,90.9
1247726.MIM_c19310,glnD,Bifunctional&nbsp;uridylyltransferase/uridylyl-removing&nbsp;enzyme,90.8
1247726.MIM_c39800,MIM_c39800,annotation&nbsp;not&nbsp;available,90.7
1247726.MIM_c02720,MIM_c02720,annotation&nbsp;not&nbsp;available,90.6
1247726.MIM_c21240,MIM_c21240,annotation&nbsp;not&nbsp;available,90.6
1247726.MIM_c37310,maeB2,annotation&nbsp;not&nbsp;available,90.6
1247726.MIM_c13930,MIM_c13930,annotation&nbsp;not&nbsp;available,90.6
1247726.MIM_c19100,braD3,annotation&nbsp;not&nbsp;available,90.6
1247726.MIM_c15830,xseA,Exodeoxyribonuclease&nbsp;7&nbsp;large&nbsp;subunit,90.6
1247726.MIM_c14310,MIM_c14310,annotation&nbsp;not&nbsp;available,90.5
1247726.MIM_c14860,rplI,50S&nbsp;ribosomal&nbsp;protein&nbsp;L9,90.5
1247726.MIM_c14380,cbbL,Ribulose&nbsp;bisphosphate&nbsp;carboxylase&nbsp;large&nbsp;chain,90.5
1247726.MIM_c00430,metQ,annotation&nbsp;not&nbsp;available,90.4
1247726.MIM_c01980,braC1,annotation&nbsp;not&nbsp;available,90.4
1247726.MIM_c05250,ubiX,Flavin&nbsp;prenyltransferase&nbsp;UbiX,90.4
1247726.MIM_c21640,guaB,Inosine-5'-monophosphate&nbsp;dehydrogenase,90.3
1247726.MIM_c37820,MIM_c37820,annotation&nbsp;not&nbsp;available,90.2
1247726.MIM_c11480,bamE,Outer&nbsp;membrane&nbsp;protein&nbsp;assembly&nbsp;factor&nbsp;BamE,90.1
1247726.MIM_c33900,ssuB6,annotation&nbsp;not&nbsp;available,90.0
1247726.MIM_c28460,moaD,Molybdopterin&nbsp;synthase&nbsp;sulfur&nbsp;carrier&nbsp;subunit,90.0
1247726.MIM_c13330,odhA,annotation&nbsp;not&nbsp;available,90.0
1247726.MIM_c26580,MIM_c26580,Fumarate&nbsp;hydratase&nbsp;class&nbsp;I,89.9
1247726.MIM_c20770,MIM_c20770,annotation&nbsp;not&nbsp;available,89.9
1247726.MIM_c25950,ppk,Polyphosphate&nbsp;kinase,89.8
1247726.MIM_c18680,prfB,Peptide&nbsp;chain&nbsp;release&nbsp;factor&nbsp;2,89.8
1247726.MIM_c35840,catJ,annotation&nbsp;not&nbsp;available,89.7
1247726.MIM_c33350,fabF2,3-oxoacyl-[acyl-carrier-protein]&nbsp;synthase&nbsp;2,89.7
1247726.MIM_c12280,dapA2,4-hydroxy-tetrahydrodipicolinate&nbsp;synthase,89.7
1247726.MIM_c38430,quiA,annotation&nbsp;not&nbsp;available,89.6
1247726.MIM_c16610,MIM_c16610,annotation&nbsp;not&nbsp;available,89.6
1247726.MIM_c40670,rplK,50S&nbsp;ribosomal&nbsp;protein&nbsp;L11,89.6
1247726.MIM_c23660,fadI,annotation&nbsp;not&nbsp;available,89.6
1247726.MIM_c13230,MIM_c13230,annotation&nbsp;not&nbsp;available,89.5
1247726.MIM_c14290,MIM_c14290,annotation&nbsp;not&nbsp;available,89.5
1247726.MIM_c24100,trpB1,Tryptophan&nbsp;synthase&nbsp;beta&nbsp;chain,89.5
1247726.MIM_c39890,MIM_c39890,annotation&nbsp;not&nbsp;available,89.5
1247726.MIM_c03780,MIM_c03780,annotation&nbsp;not&nbsp;available,89.4
1247726.MIM_c02820,dppC1,annotation&nbsp;not&nbsp;available,89.4
1247726.MIM_c31670,pyrD2,Dihydroorotate&nbsp;dehydrogenase,89.4
1247726.MIM_c07420,MIM_c07420,annotation&nbsp;not&nbsp;available,89.3
1247726.MIM_c23100,MIM_c23100,annotation&nbsp;not&nbsp;available,89.3
1247726.MIM_c02350,argE,annotation&nbsp;not&nbsp;available,89.3
1247726.MIM_c22050,MIM_c22050,annotation&nbsp;not&nbsp;available,89.2
1247726.MIM_c08580,MIM_c08580,annotation&nbsp;not&nbsp;available,89.2
1247726.MIM_c09380,leuC3,annotation&nbsp;not&nbsp;available,89.2
1247726.MIM_c23730,pepA,Probable&nbsp;cytosol&nbsp;aminopeptidase,89.1
1247726.MIM_c12850,MIM_c12850,annotation&nbsp;not&nbsp;available,89.1
1247726.MIM_c34630,MIM_c34630,annotation&nbsp;not&nbsp;available,89.0
1247726.MIM_c15490,cysN,Sulfate&nbsp;adenylyltransferase&nbsp;subunit&nbsp;1,89.0
1247726.MIM_c20780,MIM_c20780,annotation&nbsp;not&nbsp;available,89.0
1247726.MIM_c20030,MIM_c20030,annotation&nbsp;not&nbsp;available,89.0
1247726.MIM_24p00100,leuD,3-isopropylmalate&nbsp;dehydratase&nbsp;small&nbsp;subunit,89.0
1247726.MIM_c20200,MIM_c20200,annotation&nbsp;not&nbsp;available,89.0
1247726.MIM_c05060,hslU,ATP-dependent&nbsp;protease&nbsp;ATPase&nbsp;subunit&nbsp;HslU,88.7
1247726.MIM_c26610,glyS,annotation&nbsp;not&nbsp;available,88.7
1247726.MIM_c04990,petB,Cytochrome&nbsp;b,88.6
1247726.MIM_c32130,ribBA,"3,4-dihydroxy-2-butanone&nbsp;4-phosphate&nbsp;synthase",88.6
1247726.MIM_c26410,dppB3,annotation&nbsp;not&nbsp;available,88.6
1247726.MIM_c29650,rpmA,annotation&nbsp;not&nbsp;available,88.6
1247726.MIM_c32660,MIM_c32660,annotation&nbsp;not&nbsp;available,88.6
1247726.MIM_c09310,glnH1,annotation&nbsp;not&nbsp;available,88.4
1247726.MIM_c22630,MIM_c22630,annotation&nbsp;not&nbsp;available,88.4
1247726.MIM_c16700,leuC4,3-isopropylmalate&nbsp;dehydratase&nbsp;large&nbsp;subunit,88.4
1247726.MIM_c07470,atpE,ATP&nbsp;synthase&nbsp;subunit&nbsp;c,88.1
1247726.MIM_c29710,cysG,Siroheme&nbsp;synthase,88.1
1247726.MIM_c05820,MIM_c05820,annotation&nbsp;not&nbsp;available,88.0
1247726.MIM_c33090,metG,Methionine--tRNA&nbsp;ligase,87.9
1247726.MIM_c26790,minC,Probable&nbsp;septum&nbsp;site-determining&nbsp;protein&nbsp;MinC,87.8
1247726.MIM_c24330,rimI,annotation&nbsp;not&nbsp;available,87.8
1247726.MIM_c22070,MIM_c22070,annotation&nbsp;not&nbsp;available,87.7
1247726.MIM_c39870,braE4,annotation&nbsp;not&nbsp;available,87.7
1247726.MIM_c29590,thiD2,annotation&nbsp;not&nbsp;available,87.6
1247726.MIM_c02960,pntB,NAD(P)&nbsp;transhydrogenase&nbsp;subunit&nbsp;beta,87.6
1247726.MIM_c30070,MIM_c30070,annotation&nbsp;not&nbsp;available,87.6
1247726.MIM_c24230,MIM_c24230,annotation&nbsp;not&nbsp;available,87.4
1247726.MIM_c31110,MIM_c31110,annotation&nbsp;not&nbsp;available,87.4
1247726.MIM_c21050,MIM_c21050,annotation&nbsp;not&nbsp;available,87.4
1247726.MIM_c36630,tauC2,annotation&nbsp;not&nbsp;available,87.4
1247726.MIM_c02210,MIM_c02210,annotation&nbsp;not&nbsp;available,87.3
1247726.MIM_c34550,MIM_c34550,annotation&nbsp;not&nbsp;available,87.3
1247726.MIM_c39320,MIM_c39320,annotation&nbsp;not&nbsp;available,87.2
1247726.MIM_c09780,ddl2,D-alanine--D-alanine&nbsp;ligase,87.2
1247726.MIM_c04530,MIM_c04530,Cytochrome&nbsp;c&nbsp;oxidase&nbsp;subunit&nbsp;2,87.2
1247726.MIM_c28480,moaB,Molybdenum&nbsp;cofactor&nbsp;biosynthesis&nbsp;protein&nbsp;B,87.1
1247726.MIM_c22550,ribH1,"6,7-dimethyl-8-ribityllumazine&nbsp;synthase",87.1
1247726.MIM_c15080,potF,Putrescine-binding&nbsp;periplasmic&nbsp;protein,87.0
1247726.MIM_c21300,phaA,annotation&nbsp;not&nbsp;available,87.0
1247726.MIM_c09710,ftsI,"Peptidoglycan&nbsp;D,D-transpeptidase&nbsp;FtsI",87.0
1247726.MIM_c04750,MIM_c04750,annotation&nbsp;not&nbsp;available,87.0
1247726.MIM_c00250,ssuB1,Aliphatic&nbsp;sulfonates&nbsp;import&nbsp;ATP-binding&nbsp;protein&nbsp;SsuB,87.0
1247726.MIM_c27260,MIM_c27260,annotation&nbsp;not&nbsp;available,87.0
1247726.MIM_c22090,MIM_c22090,annotation&nbsp;not&nbsp;available,87.0
1247726.MIM_c39050,rpsH,30S&nbsp;ribosomal&nbsp;protein&nbsp;S8,86.9
1247726.MIM_c13120,acnA2,Aconitate&nbsp;hydratase,86.8
1247726.MIM_c03480,metC1,annotation&nbsp;not&nbsp;available,86.7
1247726.MIM_c05620,ilvA,L-threonine&nbsp;dehydratase,86.7
1247726.MIM_c39020,rpsE,30S&nbsp;ribosomal&nbsp;protein&nbsp;S5,86.7
1247726.MIM_c36660,glnH2,annotation&nbsp;not&nbsp;available,86.6
1247726.MIM_c31120,MIM_c31120,annotation&nbsp;not&nbsp;available,86.6
1247726.MIM_c20000,MIM_c20000,annotation&nbsp;not&nbsp;available,86.5
1247726.MIM_c29020,frmA,annotation&nbsp;not&nbsp;available,86.5
1247726.MIM_c01600,MIM_c01600,annotation&nbsp;not&nbsp;available,86.5
1247726.MIM_c21820,pheS,annotation&nbsp;not&nbsp;available,86.5
1247726.MIM_c12180,rpsO,30S&nbsp;ribosomal&nbsp;protein&nbsp;S15,86.4
1247726.MIM_c12290,MIM_c12290,annotation&nbsp;not&nbsp;available,86.4
1247726.MIM_c19210,pdhB,Acetyltransferase&nbsp;component&nbsp;of&nbsp;pyruvate&nbsp;dehydrogenase&nbsp;complex,86.4
1247726.MIM_c29690,cysI,Sulfite&nbsp;reductase&nbsp;[NADPH]&nbsp;hemoprotein&nbsp;beta-component,86.4
1247726.MIM_c02200,MIM_c02200,annotation&nbsp;not&nbsp;available,86.3
1247726.MIM_c00020,dnaN,Beta&nbsp;sliding&nbsp;clamp,86.2
1247726.MIM_c21430,surE,5'-nucleotidase&nbsp;SurE,86.1
1247726.MIM_c05360,trpG,annotation&nbsp;not&nbsp;available,86.1
1247726.MIM_c28310,MIM_c28310,annotation&nbsp;not&nbsp;available,86.1
1247726.MIM_c36130,MIM_c36130,annotation&nbsp;not&nbsp;available,86.0
1247726.MIM_c01110,MIM_c01110,annotation&nbsp;not&nbsp;available,85.8
1247726.MIM_c26860,uvrA1,UvrABC&nbsp;system&nbsp;protein&nbsp;A,85.7
1247726.MIM_c24220,MIM_c24220,annotation&nbsp;not&nbsp;available,85.5
1247726.MIM_c25090,MIM_c25090,annotation&nbsp;not&nbsp;available,85.2
1247726.MIM_c09440,nirD,annotation&nbsp;not&nbsp;available,85.2
1247726.MIM_c20280,MIM_c20280,annotation&nbsp;not&nbsp;available,85.1
1247726.MIM_c23080,cdh,annotation&nbsp;not&nbsp;available,85.1
1247726.MIM_c32670,MIM_c32670,annotation&nbsp;not&nbsp;available,85.0
1247726.MIM_c36140,trpA2,Tryptophan&nbsp;synthase&nbsp;alpha&nbsp;chain,84.8
1247726.MIM_c16040,uvrD,annotation&nbsp;not&nbsp;available,84.8
1247726.MIM_c34070,ntrB,annotation&nbsp;not&nbsp;available,84.8
1247726.MIM_c35640,MIM_c35640,annotation&nbsp;not&nbsp;available,84.7
1247726.MIM_c03360,MIM_c03360,annotation&nbsp;not&nbsp;available,84.5
1247726.MIM_c16400,rsgA,Small&nbsp;ribosomal&nbsp;subunit&nbsp;biogenesis&nbsp;GTPase&nbsp;RsgA,84.5
1247726.MIM_c25640,MIM_c25640,annotation&nbsp;not&nbsp;available,84.4
1247726.MIM_c38960,rpsK,30S&nbsp;ribosomal&nbsp;protein&nbsp;S11,84.4
1247726.MIM_c39410,MIM_c39410,annotation&nbsp;not&nbsp;available,84.4
1247726.MIM_c29550,pyrB,annotation&nbsp;not&nbsp;available,84.3
1247726.MIM_c24650,MIM_c24650,annotation&nbsp;not&nbsp;available,84.3
1247726.MIM_c36410,ssb1,annotation&nbsp;not&nbsp;available,84.3
1247726.MIM_c01250,MIM_c01250,annotation&nbsp;not&nbsp;available,84.1
1247726.MIM_c22330,MIM_c22330,annotation&nbsp;not&nbsp;available,84.0
1247726.MIM_c22310,MIM_c22310,annotation&nbsp;not&nbsp;available,83.9
1247726.MIM_c40160,MIM_c40160,annotation&nbsp;not&nbsp;available,83.9
1247726.MIM_c32020,groEL,60&nbsp;kDa&nbsp;chaperonin,83.9
1247726.MIM_c33670,MIM_c33670,annotation&nbsp;not&nbsp;available,83.9
1247726.MIM_c16760,MIM_c16760,annotation&nbsp;not&nbsp;available,83.9
1247726.MIM_c01520,ssuC1,annotation&nbsp;not&nbsp;available,83.8
1247726.MIM_c00990,ectD1,annotation&nbsp;not&nbsp;available,83.8
1247726.MIM_c39210,MIM_c39210,annotation&nbsp;not&nbsp;available,83.7
1247726.MIM_c04320,leuC1,3-isopropylmalate&nbsp;dehydratase&nbsp;large&nbsp;subunit,83.7
1247726.MIM_c38200,metC3,annotation&nbsp;not&nbsp;available,83.7
1247726.MIM_c32700,MIM_c32700,annotation&nbsp;not&nbsp;available,83.7
1247726.MIM_c31080,MIM_c31080,annotation&nbsp;not&nbsp;available,83.6
1247726.MIM_c14850,rpsR,30S&nbsp;ribosomal&nbsp;protein&nbsp;S18,83.6
1247726.MIM_c14320,cbbA,annotation&nbsp;not&nbsp;available,83.6
1247726.MIM_c19130,braG3,annotation&nbsp;not&nbsp;available,83.5
1247726.MIM_c39200,MIM_c39200,annotation&nbsp;not&nbsp;available,83.5
1247726.MIM_c24660,tpiA,Triosephosphate&nbsp;isomerase,83.4
1247726.MIM_c29570,MIM_c29570,annotation&nbsp;not&nbsp;available,83.3
1247726.MIM_c19510,ppsA,Phosphoenolpyruvate&nbsp;synthase,83.2
1247726.MIM_c39060,rpsN,30S&nbsp;ribosomal&nbsp;protein&nbsp;S14,83.2
1247726.MIM_c12430,uppP,Undecaprenyl-diphosphatase,83.2
1247726.MIM_c38100,MIM_c38100,annotation&nbsp;not&nbsp;available,83.2
1247726.MIM_c29200,ribD,Riboflavin&nbsp;biosynthesis&nbsp;protein&nbsp;RibD,83.1
1247726.MIM_c18280,sucC,Succinate--CoA&nbsp;ligase&nbsp;[ADP-forming]&nbsp;subunit&nbsp;beta,83.0
1247726.MIM_c23180,glcF,annotation&nbsp;not&nbsp;available,83.0
1247726.MIM_c05600,purT,Formate-dependent&nbsp;phosphoribosylglycinamide&nbsp;formyltransferase,82.9
1247726.MIM_c16710,leuD3,3-isopropylmalate&nbsp;dehydratase&nbsp;small&nbsp;subunit,82.9
1247726.MIM_c08320,MIM_c08320,annotation&nbsp;not&nbsp;available,82.9
1247726.MIM_c40010,MIM_c40010,annotation&nbsp;not&nbsp;available,82.7
1247726.MIM_c38170,MIM_c38170,annotation&nbsp;not&nbsp;available,82.6
1247726.MIM_c24470,nuoM,annotation&nbsp;not&nbsp;available,82.5
1247726.MIM_c06970,MIM_c06970,annotation&nbsp;not&nbsp;available,82.5
1247726.MIM_c30150,MIM_c30150,annotation&nbsp;not&nbsp;available,82.4
1247726.MIM_c26380,dppF2,annotation&nbsp;not&nbsp;available,82.4
1247726.MIM_c07050,MIM_c07050,annotation&nbsp;not&nbsp;available,82.3
1247726.MIM_c22830,hisC3,annotation&nbsp;not&nbsp;available,82.3
1247726.MIM_c37360,iolA,annotation&nbsp;not&nbsp;available,82.3
1247726.MIM_c18530,iscS,Cysteine&nbsp;desulfurase&nbsp;IscS,82.2
1247726.MIM_c18980,MIM_c18980,annotation&nbsp;not&nbsp;available,82.2
1247726.MIM_c12330,MIM_c12330,annotation&nbsp;not&nbsp;available,82.2
1247726.MIM_c21030,MIM_c21030,annotation&nbsp;not&nbsp;available,82.0
1247726.MIM_c39040,rplF,50S&nbsp;ribosomal&nbsp;protein&nbsp;L6,81.9
1247726.MIM_c18460,MIM_c18460,annotation&nbsp;not&nbsp;available,81.9
1247726.MIM_c11600,modB,annotation&nbsp;not&nbsp;available,81.9
1247726.MIM_c14370,cbxS,annotation&nbsp;not&nbsp;available,81.8
1247726.MIM_c22110,ureA1,annotation&nbsp;not&nbsp;available,81.7
1247726.MIM_c27130,MIM_c27130,annotation&nbsp;not&nbsp;available,81.7
1247726.MIM_c01990,braD2,annotation&nbsp;not&nbsp;available,81.7
1247726.MIM_c04790,MIM_c04790,annotation&nbsp;not&nbsp;available,81.5
1247726.MIM_c25720,MIM_c25720,annotation&nbsp;not&nbsp;available,81.4
1247726.MIM_c35370,MIM_c35370,annotation&nbsp;not&nbsp;available,81.4
1247726.MIM_c15100,potH,annotation&nbsp;not&nbsp;available,81.4
1247726.MIM_c12130,gltJ,annotation&nbsp;not&nbsp;available,81.3
1247726.MIM_c03840,argT,annotation&nbsp;not&nbsp;available,81.2
1247726.MIM_c16580,nrdA,Ribonucleoside-diphosphate&nbsp;reductase,81.2
1247726.MIM_c23890,fabF1,3-oxoacyl-[acyl-carrier-protein]&nbsp;synthase&nbsp;2,81.1
1247726.MIM_c07020,MIM_c07020,annotation&nbsp;not&nbsp;available,81.1
1247726.MIM_c18990,idiA,annotation&nbsp;not&nbsp;available,81.0
1247726.MIM_c09030,gatC,Aspartyl/glutamyl-tRNA(Asn/Gln)&nbsp;amidotransferase&nbsp;subunit&nbsp;C,81.0
1247726.MIM_c17420,MIM_c17420,annotation&nbsp;not&nbsp;available,81.0
1247726.MIM_c06570,putA,Bifunctional&nbsp;protein&nbsp;PutA,80.9
1247726.MIM_c16880,MIM_c16880,annotation&nbsp;not&nbsp;available,80.8
1247726.MIM_c26050,MIM_c26050,annotation&nbsp;not&nbsp;available,80.8
1247726.MIM_c39480,MIM_c39480,annotation&nbsp;not&nbsp;available,80.8
1247726.MIM_c09400,nrtA,annotation&nbsp;not&nbsp;available,80.7
1247726.MIM_c01150,braD1,annotation&nbsp;not&nbsp;available,80.7
1247726.MIM_c27400,garL2,annotation&nbsp;not&nbsp;available,80.6
1247726.MIM_c23240,pepN,annotation&nbsp;not&nbsp;available,80.6
1247726.MIM_c04730,gltB,annotation&nbsp;not&nbsp;available,80.6
1247726.MIM_c02430,MIM_c02430,annotation&nbsp;not&nbsp;available,80.4
1247726.MIM_c04740,gltD,annotation&nbsp;not&nbsp;available,80.3
1247726.MIM_c04240,MIM_c04240,annotation&nbsp;not&nbsp;available,80.3
1247726.MIM_c12960,MIM_c12960,annotation&nbsp;not&nbsp;available,80.2
1247726.MIM_c00230,MIM_c00230,annotation&nbsp;not&nbsp;available,80.1
1247726.MIM_c32070,pyrF,annotation&nbsp;not&nbsp;available,80.1
1247726.MIM_c26400,dppC3,annotation&nbsp;not&nbsp;available,80.1
1247726.MIM_c27710,purC,annotation&nbsp;not&nbsp;available,80.0
1247726.MIM_c35850,catI,annotation&nbsp;not&nbsp;available,79.9
1247726.MIM_c35800,pcaG,annotation&nbsp;not&nbsp;available,79.9
1247726.MIM_c16520,etfA,annotation&nbsp;not&nbsp;available,79.9
1247726.MIM_c30080,MIM_c30080,annotation&nbsp;not&nbsp;available,79.9
1247726.MIM_c12590,MIM_c12590,annotation&nbsp;not&nbsp;available,79.8
1247726.MIM_c05000,petC,annotation&nbsp;not&nbsp;available,79.7
1247726.MIM_c01140,MIM_c01140,annotation&nbsp;not&nbsp;available,79.4
1247726.MIM_c30460,argH2,annotation&nbsp;not&nbsp;available,79.4
1247726.MIM_c13940,MIM_c13940,annotation&nbsp;not&nbsp;available,79.4
1247726.MIM_c18290,sucD,Succinate--CoA&nbsp;ligase&nbsp;[ADP-forming]&nbsp;subunit&nbsp;alpha,79.2
1247726.MIM_c13350,odhL,annotation&nbsp;not&nbsp;available,79.0
1247726.MIM_c30430,MIM_c30430,annotation&nbsp;not&nbsp;available,79.0
1247726.MIM_c17300,MIM_c17300,annotation&nbsp;not&nbsp;available,79.0
1247726.MIM_c39460,MIM_c39460,annotation&nbsp;not&nbsp;available,78.9
1247726.MIM_c24090,trpA1,Tryptophan&nbsp;synthase&nbsp;alpha&nbsp;chain,78.9
1247726.MIM_c25630,macB,Macrolide&nbsp;export&nbsp;ATP-binding/permease&nbsp;protein&nbsp;MacB,78.8
1247726.MIM_c03980,ssuB4,Aliphatic&nbsp;sulfonates&nbsp;import&nbsp;ATP-binding&nbsp;protein&nbsp;SsuB,78.8
1247726.MIM_c39450,MIM_c39450,annotation&nbsp;not&nbsp;available,78.8
1247726.MIM_c27740,mog,annotation&nbsp;not&nbsp;available,78.6
1247726.MIM_c31090,MIM_c31090,annotation&nbsp;not&nbsp;available,78.5
1247726.MIM_c08780,hisQ2,annotation&nbsp;not&nbsp;available,78.5
1247726.MIM_c03870,hisP1,annotation&nbsp;not&nbsp;available,78.5
1247726.MIM_c05920,gsiD,annotation&nbsp;not&nbsp;available,78.4
1247726.MIM_c06140,phnL,annotation&nbsp;not&nbsp;available,78.4
1247726.MIM_c12860,MIM_c12860,annotation&nbsp;not&nbsp;available,78.3
1247726.MIM_c22640,MIM_c22640,annotation&nbsp;not&nbsp;available,78.3
1247726.MIM_c20250,MIM_c20250,annotation&nbsp;not&nbsp;available,78.3
1247726.MIM_c32160,MIM_c32160,annotation&nbsp;not&nbsp;available,78.2
1247726.MIM_c36590,cobT,annotation&nbsp;not&nbsp;available,78.2
1247726.MIM_c06410,acxC,annotation&nbsp;not&nbsp;available,78.1
1247726.MIM_c34420,MIM_c34420,annotation&nbsp;not&nbsp;available,78.0
1247726.MIM_c20620,MIM_c20620,annotation&nbsp;not&nbsp;available,78.0
1247726.MIM_c40300,MIM_c40300,annotation&nbsp;not&nbsp;available,77.9
1247726.MIM_c12000,MIM_c12000,annotation&nbsp;not&nbsp;available,77.9
1247726.MIM_c39170,MIM_c39170,annotation&nbsp;not&nbsp;available,77.8
1247726.MIM_c39850,braG4,annotation&nbsp;not&nbsp;available,77.8
1247726.MIM_c04890,hisF,Imidazole&nbsp;glycerol&nbsp;phosphate&nbsp;synthase&nbsp;subunit&nbsp;HisF,77.6
1247726.MIM_c25860,alcA2,annotation&nbsp;not&nbsp;available,77.6
1247726.MIM_c26740,ompR2,annotation&nbsp;not&nbsp;available,77.5
1247726.MIM_c08720,MIM_c08720,annotation&nbsp;not&nbsp;available,77.5
1247726.MIM_c18750,lolD,Lipoprotein-releasing&nbsp;system&nbsp;ATP-binding&nbsp;protein&nbsp;LolD,77.5
1247726.MIM_c14330,cbbT,Transketolase,77.5
1247726.MIM_c23490,rpmB,annotation&nbsp;not&nbsp;available,77.4
1247726.MIM_c39120,MIM_c39120,annotation&nbsp;not&nbsp;available,77.4
1247726.MIM_c25930,pstC,Phosphate&nbsp;transport&nbsp;system&nbsp;permease&nbsp;protein,77.3
1247726.MIM_c12200,gdhA1,annotation&nbsp;not&nbsp;available,77.2
1247726.MIM_c18220,recA,Protein&nbsp;RecA,77.1
1247726.MIM_c27730,fbA,annotation&nbsp;not&nbsp;available,77.1
1247726.MIM_c03970,MIM_c03970,annotation&nbsp;not&nbsp;available,77.1
1247726.MIM_c38130,MIM_c38130,annotation&nbsp;not&nbsp;available,77.0
1247726.MIM_c39100,MIM_c39100,annotation&nbsp;not&nbsp;available,77.0
1247726.MIM_c32120,ribH2,"6,7-dimethyl-8-ribityllumazine&nbsp;synthase",76.9
1247726.MIM_c17490,MIM_c17490,annotation&nbsp;not&nbsp;available,76.9
1247726.MIM_c26390,dppD3,annotation&nbsp;not&nbsp;available,76.8
1247726.MIM_c26070,bfr2,Bacterioferritin,76.8
1247726.MIM_c18010,rpsU,annotation&nbsp;not&nbsp;available,76.8
1247726.MIM_c05670,phoR,annotation&nbsp;not&nbsp;available,76.7
1247726.MIM_c09870,suhB1,annotation&nbsp;not&nbsp;available,76.7
1247726.MIM_c34340,MIM_c34340,annotation&nbsp;not&nbsp;available,76.7
1247726.MIM_c07780,MIM_c07780,annotation&nbsp;not&nbsp;available,76.7
1247726.MIM_c19080,proC,Pyrroline-5-carboxylate&nbsp;reductase,76.6
1247726.MIM_c02450,MIM_c02450,annotation&nbsp;not&nbsp;available,76.5
1247726.MIM_c24890,MIM_c24890,annotation&nbsp;not&nbsp;available,76.5
1247726.MIM_c07920,MIM_c07920,annotation&nbsp;not&nbsp;available,76.5
1247726.MIM_c13250,sdhA,annotation&nbsp;not&nbsp;available,76.5
1247726.MIM_c27800,tktA,annotation&nbsp;not&nbsp;available,76.4
1247726.MIM_c16140,MIM_c16140,annotation&nbsp;not&nbsp;available,76.3
1247726.MIM_c38970,rpsM,30S&nbsp;ribosomal&nbsp;protein&nbsp;S13,76.3
1247726.MIM_c37810,MIM_c37810,annotation&nbsp;not&nbsp;available,76.2
1247726.MIM_c19350,pyrH,Uridylate&nbsp;kinase,76.0
1247726.MIM_c15450,hprA,annotation&nbsp;not&nbsp;available,76.0
1247726.MIM_c13150,acnB,annotation&nbsp;not&nbsp;available,76.0
1247726.MIM_c19110,braE3,annotation&nbsp;not&nbsp;available,75.9
1247726.MIM_c31350,prpC2,annotation&nbsp;not&nbsp;available,75.9
1247726.MIM_c21620,guaA,GMP&nbsp;synthase&nbsp;[glutamine-hydrolyzing],75.9
1247726.MIM_c06350,MIM_c06350,annotation&nbsp;not&nbsp;available,75.9
1247726.MIM_c01820,MIM_c01820,annotation&nbsp;not&nbsp;available,75.9
1247726.MIM_c24080,accD,Acetyl-coenzyme&nbsp;A&nbsp;carboxylase&nbsp;carboxyl&nbsp;transferase&nbsp;subunit&nbsp;beta,75.8
1247726.MIM_c26440,dppA4,annotation&nbsp;not&nbsp;available,75.7
1247726.MIM_c14740,polA,DNA&nbsp;polymerase&nbsp;I,75.6
1247726.MIM_c35380,MIM_c35380,annotation&nbsp;not&nbsp;available,75.6
1247726.MIM_c15280,folE,annotation&nbsp;not&nbsp;available,75.6
1247726.MIM_c03590,bfr1,Bacterioferritin,75.6
1247726.MIM_c20660,hbd,annotation&nbsp;not&nbsp;available,75.5
1247726.MIM_c29810,mauN,annotation&nbsp;not&nbsp;available,75.4
1247726.MIM_c08190,MIM_c08190,annotation&nbsp;not&nbsp;available,75.4
1247726.MIM_c27160,boxA,annotation&nbsp;not&nbsp;available,75.4
1247726.MIM_c29530,MIM_c29530,annotation&nbsp;not&nbsp;available,75.3
1247726.MIM_c39420,ilvD6,annotation&nbsp;not&nbsp;available,75.3
1247726.MIM_c38620,uvrA2,UvrABC&nbsp;system&nbsp;protein&nbsp;A,75.3
1247726.MIM_c28780,ldh,annotation&nbsp;not&nbsp;available,75.2
1247726.MIM_c23250,fbp2,annotation&nbsp;not&nbsp;available,75.0
1247726.MIM_c16590,nrdB,annotation&nbsp;not&nbsp;available,74.8
1247726.MIM_c27880,ubiD,3-octaprenyl-4-hydroxybenzoate&nbsp;carboxy-lyase,74.6
1247726.MIM_c34060,ntrCD,annotation&nbsp;not&nbsp;available,74.6
1247726.MIM_c04670,tauC1,annotation&nbsp;not&nbsp;available,74.5
1247726.MIM_c34330,MIM_c34330,annotation&nbsp;not&nbsp;available,74.5
1247726.MIM_c28330,MIM_c28330,annotation&nbsp;not&nbsp;available,74.4
1247726.MIM_c21440,plsY,Glycerol-3-phosphate&nbsp;acyltransferase,74.4
1247726.MIM_c02830,dppB1,annotation&nbsp;not&nbsp;available,74.4
1247726.MIM_c09410,nrtB,annotation&nbsp;not&nbsp;available,74.4
1247726.MIM_c22720,cysM,annotation&nbsp;not&nbsp;available,74.3
1247726.MIM_c39310,MIM_c39310,annotation&nbsp;not&nbsp;available,74.3
1247726.MIM_c28570,MIM_c28570,annotation&nbsp;not&nbsp;available,74.3
1247726.MIM_c23580,lpsI,annotation&nbsp;not&nbsp;available,74.3
1247726.MIM_c32680,MIM_c32680,annotation&nbsp;not&nbsp;available,74.3
1247726.MIM_c08610,MIM_c08610,annotation&nbsp;not&nbsp;available,74.3
1247726.MIM_c11570,dnaJ,Chaperone&nbsp;protein&nbsp;DnaJ,74.2
1247726.MIM_c19960,aspC2,annotation&nbsp;not&nbsp;available,74.1
1247726.MIM_c27360,MIM_c27360,annotation&nbsp;not&nbsp;available,74.1
1247726.MIM_c06040,MIM_c06040,annotation&nbsp;not&nbsp;available,74.1
1247726.MIM_c02220,MIM_c02220,annotation&nbsp;not&nbsp;available,74.0
1247726.MIM_c04980,petA,Ubiquinol-cytochrome&nbsp;c&nbsp;reductase&nbsp;iron-sulfur&nbsp;subunit,73.9
1247726.MIM_c27110,MIM_c27110,annotation&nbsp;not&nbsp;available,73.9
1247726.MIM_c20540,MIM_c20540,annotation&nbsp;not&nbsp;available,73.7
1247726.MIM_c01490,ssuD1,Alkanesulfonate&nbsp;monooxygenase,73.7
1247726.MIM_c40660,rplA,50S&nbsp;ribosomal&nbsp;protein&nbsp;L1,73.7
1247726.MIM_c35630,MIM_c35630,annotation&nbsp;not&nbsp;available,73.6
1247726.MIM_c09850,secA,Protein&nbsp;translocase&nbsp;subunit&nbsp;SecA,73.6
1247726.MIM_c34940,MIM_c34940,annotation&nbsp;not&nbsp;available,73.5
1247726.MIM_c32970,dcd,annotation&nbsp;not&nbsp;available,73.5
1247726.MIM_c37480,MIM_c37480,annotation&nbsp;not&nbsp;available,73.5
1247726.MIM_c32870,MIM_c32870,annotation&nbsp;not&nbsp;available,73.5
1247726.MIM_c03290,MIM_c03290,annotation&nbsp;not&nbsp;available,73.4
1247726.MIM_c24150,MIM_c24150,Ferredoxin,73.4
1247726.MIM_c18740,lolC,annotation&nbsp;not&nbsp;available,73.3
1247726.MIM_c03850,hisQ1,annotation&nbsp;not&nbsp;available,73.2
1247726.MIM_c04610,ctaB,Protoheme&nbsp;IX&nbsp;farnesyltransferase,73.2
1247726.MIM_c22060,MIM_c22060,annotation&nbsp;not&nbsp;available,73.1
1247726.MIM_c30400,soxB,annotation&nbsp;not&nbsp;available,73.0
1247726.MIM_c38460,kdpB,Potassium-transporting&nbsp;ATPase&nbsp;ATP-binding&nbsp;subunit,73.0
1247726.MIM_c24340,ompR1,annotation&nbsp;not&nbsp;available,73.0
1247726.MIM_c08800,hisP2,annotation&nbsp;not&nbsp;available,72.9
1247726.MIM_c12120,gltK,annotation&nbsp;not&nbsp;available,72.9
1247726.MIM_c22190,sdaA,annotation&nbsp;not&nbsp;available,72.9
1247726.MIM_c32920,gcvT,annotation&nbsp;not&nbsp;available,72.8
1247726.MIM_c02000,braE2,annotation&nbsp;not&nbsp;available,72.8
1247726.MIM_c26630,MIM_c26630,annotation&nbsp;not&nbsp;available,72.8
1247726.MIM_c30140,MIM_c30140,annotation&nbsp;not&nbsp;available,72.7
1247726.MIM_c12750,katA,annotation&nbsp;not&nbsp;available,72.7
1247726.MIM_c16510,etfB,annotation&nbsp;not&nbsp;available,72.7
1247726.MIM_c39090,rplN,50S&nbsp;ribosomal&nbsp;protein&nbsp;L14,72.6
1247726.MIM_c27600,MIM_c27600,annotation&nbsp;not&nbsp;available,72.6
1247726.MIM_c12600,accA,Acetyl-coenzyme&nbsp;A&nbsp;carboxylase&nbsp;carboxyl&nbsp;transferase&nbsp;subunit&nbsp;alpha,72.6
1247726.MIM_c30480,MIM_c30480,annotation&nbsp;not&nbsp;available,72.5
1247726.MIM_c26090,carA,annotation&nbsp;not&nbsp;available,72.4
1247726.MIM_c12390,amn,AMP&nbsp;nucleosidase,72.4
1247726.MIM_c30810,cbrA,annotation&nbsp;not&nbsp;available,72.3
1247726.MIM_c06050,phnC,Phosphonates&nbsp;import&nbsp;ATP-binding&nbsp;protein&nbsp;PhnC,72.2
1247726.MIM_c08490,MIM_c08490,annotation&nbsp;not&nbsp;available,72.2
1247726.MIM_c21010,MIM_c21010,annotation&nbsp;not&nbsp;available,72.2
1247726.MIM_c21810,pheT,annotation&nbsp;not&nbsp;available,72.1
1247726.MIM_c38480,kdpA,Potassium-transporting&nbsp;ATPase&nbsp;potassium-binding&nbsp;subunit,72.1
1247726.MIM_c02680,MIM_c02680,annotation&nbsp;not&nbsp;available,71.9
1247726.MIM_c36640,tauB2,Taurine&nbsp;import&nbsp;ATP-binding&nbsp;protein&nbsp;TauB,71.9
1247726.MIM_c25010,MIM_c25010,annotation&nbsp;not&nbsp;available,71.8
1247726.MIM_c25310,MIM_c25310,annotation&nbsp;not&nbsp;available,71.7
1247726.MIM_c01530,ssuB2,Aliphatic&nbsp;sulfonates&nbsp;import&nbsp;ATP-binding&nbsp;protein&nbsp;SsuB,71.7
1247726.MIM_c35960,MIM_c35960,annotation&nbsp;not&nbsp;available,71.7
1247726.MIM_c03250,argD,annotation&nbsp;not&nbsp;available,71.5
1247726.MIM_c09320,glnP,annotation&nbsp;not&nbsp;available,71.4
1247726.MIM_c10010,hmuU,annotation&nbsp;not&nbsp;available,71.2
1247726.MIM_c40530,MIM_c40530,annotation&nbsp;not&nbsp;available,71.1
1247726.MIM_c40210,fumC,Fumarate&nbsp;hydratase&nbsp;class&nbsp;II,71.1
1247726.MIM_c37050,prfA,Peptide&nbsp;chain&nbsp;release&nbsp;factor&nbsp;1,71.1
1247726.MIM_c11610,modC,annotation&nbsp;not&nbsp;available,71.0
1247726.MIM_c05370,trpE,Anthranilate&nbsp;synthase&nbsp;component&nbsp;1,71.0
1247726.MIM_c28530,MIM_c28530,annotation&nbsp;not&nbsp;available,71.0
1247726.MIM_c14300,gfa,Glutathione-dependent&nbsp;formaldehyde-activating&nbsp;enzyme,71.0
1247726.MIM_c01740,garL1,annotation&nbsp;not&nbsp;available,70.9
1247726.MIM_c20010,MIM_c20010,annotation&nbsp;not&nbsp;available,70.9
1247726.MIM_c24560,nuoD,NADH-quinone&nbsp;oxidoreductase&nbsp;subunit&nbsp;D,70.9
1247726.MIM_c07490,atpH,ATP&nbsp;synthase&nbsp;subunit&nbsp;delta,70.9
1247726.MIM_c14350,fbp1,annotation&nbsp;not&nbsp;available,70.9
1247726.MIM_24p00090,leuC,3-isopropylmalate&nbsp;dehydratase&nbsp;large&nbsp;subunit,70.8
1247726.MIM_c13830,MIM_c13830,annotation&nbsp;not&nbsp;available,70.8
1247726.MIM_c12060,fadA,annotation&nbsp;not&nbsp;available,70.8
1247726.MIM_c10030,acnA1,annotation&nbsp;not&nbsp;available,70.6
1247726.MIM_c15610,MIM_c15610,annotation&nbsp;not&nbsp;available,70.6
1247726.MIM_c01540,ssuD2,annotation&nbsp;not&nbsp;available,70.5
1247726.MIM_c04230,MIM_c04230,annotation&nbsp;not&nbsp;available,70.4
1247726.MIM_c29220,glyA,Serine&nbsp;hydroxymethyltransferase,70.4
1247726.MIM_c27760,MIM_c27760,annotation&nbsp;not&nbsp;available,70.3
1247726.MIM_c38930,rplQ,annotation&nbsp;not&nbsp;available,70.3
1247726.MIM_c06060,phnD,annotation&nbsp;not&nbsp;available,70.2
1247726.MIM_c27790,MIM_c27790,annotation&nbsp;not&nbsp;available,70.2
1247726.MIM_c38070,MIM_c38070,annotation&nbsp;not&nbsp;available,70.2
1247726.MIM_c39860,braF4,annotation&nbsp;not&nbsp;available,70.2
1247726.MIM_c06100,phnH,annotation&nbsp;not&nbsp;available,70.2
1247726.MIM_c39030,rplR,50S&nbsp;ribosomal&nbsp;protein&nbsp;L18,70.2
1247726.MIM_c20690,MIM_c20690,annotation&nbsp;not&nbsp;available,70.2
1247726.MIM_c02670,MIM_c02670,annotation&nbsp;not&nbsp;available,70.2
1247726.MIM_c09340,ilvD2,annotation&nbsp;not&nbsp;available,70.2
1247726.MIM_c29430,accB,Biotin&nbsp;carboxyl&nbsp;carrier&nbsp;protein&nbsp;of&nbsp;acetyl-CoA&nbsp;carboxylase,70.2
1247726.MIM_c21780,lldD,annotation&nbsp;not&nbsp;available,70.2
1247726.MIM_c21830,rplT,50S&nbsp;ribosomal&nbsp;protein&nbsp;L20,70.1
1247726.MIM_c40690,secE,Protein&nbsp;translocase&nbsp;subunit&nbsp;SecE,70.1
1247726.MIM_c33480,MIM_c33480,annotation&nbsp;not&nbsp;available,70.0
1247726.MIM_c14110,nusA,Transcription&nbsp;termination/antitermination&nbsp;protein&nbsp;NusA,69.7
1247726.MIM_c20290,MIM_c20290,annotation&nbsp;not&nbsp;available,69.7
1247726.MIM_c39680,rplB,50S&nbsp;ribosomal&nbsp;protein&nbsp;L2,69.7
1247726.MIM_c01190,MIM_c01190,annotation&nbsp;not&nbsp;available,69.7
1247726.MIM_c35010,MIM_c35010,annotation&nbsp;not&nbsp;available,69.7
1247726.MIM_c12140,gltI,annotation&nbsp;not&nbsp;available,69.7
1247726.MIM_c37510,citE,annotation&nbsp;not&nbsp;available,69.6
1247726.MIM_c34670,hpcH,annotation&nbsp;not&nbsp;available,69.5
1247726.MIM_c14690,lptE,LPS-assembly&nbsp;lipoprotein&nbsp;LptE,69.3
1247726.MIM_c04710,glpK2,Glycerol&nbsp;kinase,69.3
1247726.MIM_c26660,pykA,annotation&nbsp;not&nbsp;available,69.1
1247726.MIM_c26500,MIM_c26500,annotation&nbsp;not&nbsp;available,69.1
1247726.MIM_c31070,MIM_c31070,annotation&nbsp;not&nbsp;available,69.1
1247726.MIM_c25820,alcA1,annotation&nbsp;not&nbsp;available,69.0
1247726.MIM_c24520,nuoH,NADH-quinone&nbsp;oxidoreductase&nbsp;subunit&nbsp;H,68.9
1247726.MIM_c11590,MIM_c11590,annotation&nbsp;not&nbsp;available,68.9
1247726.MIM_c30820,cbrB,annotation&nbsp;not&nbsp;available,68.7
1247726.MIM_c17110,MIM_c17110,annotation&nbsp;not&nbsp;available,68.7
1247726.MIM_c36500,pckG,Phosphoenolpyruvate&nbsp;carboxykinase&nbsp;[GTP],68.6
1247726.MIM_c16120,MIM_c16120,annotation&nbsp;not&nbsp;available,68.6
1247726.MIM_c40940,mnmE,tRNA&nbsp;modification&nbsp;GTPase&nbsp;MnmE,68.5
1247726.MIM_c06090,phnG,annotation&nbsp;not&nbsp;available,68.4
1247726.MIM_c07480,atpF,ATP&nbsp;synthase&nbsp;subunit&nbsp;b,68.3
1247726.MIM_c11250,MIM_c11250,"3',5'-cyclic&nbsp;adenosine&nbsp;monophosphate&nbsp;phosphodiesterase&nbsp;CpdA",68.3
1247726.MIM_c31220,ilvD5,annotation&nbsp;not&nbsp;available,68.3
1247726.MIM_c09070,mrdA,"Peptidoglycan&nbsp;D,D-transpeptidase&nbsp;MrdA",68.3
1247726.MIM_c36710,MIM_c36710,annotation&nbsp;not&nbsp;available,68.3
1247726.MIM_c34080,ntrA,annotation&nbsp;not&nbsp;available,68.3
1247726.MIM_c26590,MIM_c26590,annotation&nbsp;not&nbsp;available,68.3
1247726.MIM_c39080,rplX,50S&nbsp;ribosomal&nbsp;protein&nbsp;L24,68.2
1247726.MIM_c36950,metH,annotation&nbsp;not&nbsp;available,68.2
1247726.MIM_c00110,ddl1,D-alanine--D-alanine&nbsp;ligase,68.2
1247726.MIM_c23720,MIM_c23720,annotation&nbsp;not&nbsp;available,68.1
1247726.MIM_c01550,ssuD3,annotation&nbsp;not&nbsp;available,68.1
1247726.MIM_c01280,dctA1,annotation&nbsp;not&nbsp;available,68.1
1247726.MIM_c27220,MIM_c27220,annotation&nbsp;not&nbsp;available,68.0
1247726.MIM_c38080,MIM_c38080,annotation&nbsp;not&nbsp;available,68.0
1247726.MIM_c01570,ssuC2,annotation&nbsp;not&nbsp;available,68.0
1247726.MIM_c39710,rplC,50S&nbsp;ribosomal&nbsp;protein&nbsp;L3,68.0
1247726.MIM_c18950,MIM_c18950,annotation&nbsp;not&nbsp;available,67.9
1247726.MIM_c18970,MIM_c18970,annotation&nbsp;not&nbsp;available,67.9
1247726.MIM_c40000,MIM_c40000,annotation&nbsp;not&nbsp;available,67.8
1247726.MIM_c23190,glcE,annotation&nbsp;not&nbsp;available,67.7
1247726.MIM_c29700,cysJ,Sulfite&nbsp;reductase&nbsp;[NADPH]&nbsp;flavoprotein&nbsp;alpha-component,67.6
1247726.MIM_c14680,holA,annotation&nbsp;not&nbsp;available,67.5
1247726.MIM_c07440,fadB,annotation&nbsp;not&nbsp;available,67.5
1247726.MIM_c25580,MIM_c25580,annotation&nbsp;not&nbsp;available,67.5
1247726.MIM_c32910,gcvH,Glycine&nbsp;cleavage&nbsp;system&nbsp;H&nbsp;protein,67.3
1247726.MIM_c37580,MIM_c37580,annotation&nbsp;not&nbsp;available,67.3
1247726.MIM_c18180,aspC1,annotation&nbsp;not&nbsp;available,67.3
1247726.MIM_c13920,MIM_c13920,annotation&nbsp;not&nbsp;available,67.2
1247726.MIM_c39690,rplW,50S&nbsp;ribosomal&nbsp;protein&nbsp;L23,67.1
1247726.MIM_c13200,prpC1,annotation&nbsp;not&nbsp;available,67.1
1247726.MIM_c08480,MIM_c08480,annotation&nbsp;not&nbsp;available,67.1
1247726.MIM_c16770,MIM_c16770,annotation&nbsp;not&nbsp;available,67.0
1247726.MIM_c29390,adoK,annotation&nbsp;not&nbsp;available,67.0
1247726.MIM_c38180,MIM_c38180,annotation&nbsp;not&nbsp;available,66.9
1247726.MIM_c02880,MIM_c02880,annotation&nbsp;not&nbsp;available,66.9
1247726.MIM_c21370,argH1,annotation&nbsp;not&nbsp;available,66.8
1247726.MIM_c05890,gsiA,annotation&nbsp;not&nbsp;available,66.8
1247726.MIM_c29290,rpsI,annotation&nbsp;not&nbsp;available,66.7
1247726.MIM_c08730,MIM_c08730,annotation&nbsp;not&nbsp;available,66.6
1247726.MIM_c35930,MIM_c35930,"3',5'-cyclic&nbsp;adenosine&nbsp;monophosphate&nbsp;phosphodiesterase&nbsp;CpdA",66.5
1247726.MIM_c36150,trpB2,Tryptophan&nbsp;synthase&nbsp;beta&nbsp;chain,66.4
1247726.MIM_c30830,cbrC,annotation&nbsp;not&nbsp;available,66.3
1247726.MIM_c03560,leuA,2-isopropylmalate&nbsp;synthase,66.3
1247726.MIM_c32230,ftsY,Signal&nbsp;recognition&nbsp;particle&nbsp;receptor&nbsp;FtsY,66.2
1247726.MIM_c03930,MIM_c03930,annotation&nbsp;not&nbsp;available,66.2
1247726.MIM_c33710,metE2,annotation&nbsp;not&nbsp;available,66.1
1247726.MIM_c32420,rplY,50S&nbsp;ribosomal&nbsp;protein&nbsp;L25,66.0
1247726.MIM_c11350,MIM_c11350,annotation&nbsp;not&nbsp;available,66.0
1247726.MIM_c15510,cysW,annotation&nbsp;not&nbsp;available,65.9
1247726.MIM_c19050,ugpE,Sn-glycerol-3-phosphate&nbsp;transport&nbsp;system&nbsp;permease&nbsp;protein&nbsp;UgpE,65.9
1247726.MIM_c17510,hpcG1,annotation&nbsp;not&nbsp;available,65.9
1247726.MIM_c20760,MIM_c20760,annotation&nbsp;not&nbsp;available,65.9
1247726.MIM_c01920,MIM_c01920,annotation&nbsp;not&nbsp;available,65.9
1247726.MIM_c38940,rpoA,DNA-directed&nbsp;RNA&nbsp;polymerase&nbsp;subunit&nbsp;alpha,65.8
1247726.MIM_c30660,MIM_c30660,annotation&nbsp;not&nbsp;available,65.8
1247726.MIM_c39130,MIM_c39130,Spermidine/putrescine&nbsp;import&nbsp;ATP-binding&nbsp;protein&nbsp;PotA,65.8
1247726.MIM_c29540,pyrC2,annotation&nbsp;not&nbsp;available,65.8
1247726.MIM_c04770,MIM_c04770,annotation&nbsp;not&nbsp;available,65.7
1247726.MIM_c06750,dacA,annotation&nbsp;not&nbsp;available,65.6
1247726.MIM_c20900,MIM_c20900,annotation&nbsp;not&nbsp;available,65.6
1247726.MIM_c17400,MIM_c17400,annotation&nbsp;not&nbsp;available,65.6
1247726.MIM_c06700,rfaC,annotation&nbsp;not&nbsp;available,65.5
1247726.MIM_c34440,MIM_c34440,annotation&nbsp;not&nbsp;available,65.3
1247726.MIM_c12890,MIM_c12890,annotation&nbsp;not&nbsp;available,65.2
1247726.MIM_c21930,gshB,annotation&nbsp;not&nbsp;available,65.0
1247726.MIM_c40040,rpsJ,30S&nbsp;ribosomal&nbsp;protein&nbsp;S10,64.9
1247726.MIM_c08770,hisJ,annotation&nbsp;not&nbsp;available,64.9
1247726.MIM_c05780,MIM_c05780,annotation&nbsp;not&nbsp;available,64.8
1247726.MIM_c37840,MIM_c37840,annotation&nbsp;not&nbsp;available,64.7
1247726.MIM_c02190,MIM_c02190,annotation&nbsp;not&nbsp;available,64.7
1247726.MIM_c06300,MIM_c06300,annotation&nbsp;not&nbsp;available,64.6
1247726.MIM_c01580,MIM_c01580,annotation&nbsp;not&nbsp;available,64.6
1247726.MIM_c34640,MIM_c34640,annotation&nbsp;not&nbsp;available,64.6
1247726.MIM_c04060,gcd,annotation&nbsp;not&nbsp;available,64.5
1247726.MIM_c34960,MIM_c34960,annotation&nbsp;not&nbsp;available,64.4
1247726.MIM_c27960,secD,Protein&nbsp;translocase&nbsp;subunit&nbsp;SecD,64.4
1247726.MIM_c07460,atpB,ATP&nbsp;synthase&nbsp;subunit&nbsp;a,64.3
1247726.MIM_c27250,MIM_c27250,annotation&nbsp;not&nbsp;available,64.3
1247726.MIM_c05550,MIM_c05550,annotation&nbsp;not&nbsp;available,64.1
1247726.MIM_c07850,dapA1,annotation&nbsp;not&nbsp;available,64.0
1247726.MIM_c28810,ilvD4,annotation&nbsp;not&nbsp;available,64.0
1247726.MIM_c19780,MIM_c19780,annotation&nbsp;not&nbsp;available,64.0
1247726.MIM_c20480,MIM_c20480,annotation&nbsp;not&nbsp;available,63.9
1247726.MIM_c27370,MIM_c27370,annotation&nbsp;not&nbsp;available,63.9
1247726.MIM_c22650,MIM_c22650,annotation&nbsp;not&nbsp;available,63.8
1247726.MIM_c03990,MIM_c03990,annotation&nbsp;not&nbsp;available,63.8
1247726.MIM_c20360,MIM_c20360,annotation&nbsp;not&nbsp;available,63.8
1247726.MIM_c20260,MIM_c20260,annotation&nbsp;not&nbsp;available,63.4
1247726.MIM_c04370,leuC2,3-isopropylmalate&nbsp;dehydratase&nbsp;large&nbsp;subunit,63.4
1247726.MIM_c31680,pyrK,annotation&nbsp;not&nbsp;available,63.4
1247726.MIM_c04760,MIM_c04760,annotation&nbsp;not&nbsp;available,63.3
1247726.MIM_c22840,pheA,annotation&nbsp;not&nbsp;available,63.2
1247726.MIM_c31030,MIM_c31030,annotation&nbsp;not&nbsp;available,63.1
1247726.MIM_c24500,nuoJ,annotation&nbsp;not&nbsp;available,63.1
1247726.MIM_c35650,MIM_c35650,annotation&nbsp;not&nbsp;available,63.0
1247726.MIM_c40070,rpsG,30S&nbsp;ribosomal&nbsp;protein&nbsp;S7,62.9
1247726.MIM_c34680,hpcG2,annotation&nbsp;not&nbsp;available,62.9
1247726.MIM_c26600,glyQ,annotation&nbsp;not&nbsp;available,62.8
1247726.MIM_c04660,tauB1,Taurine&nbsp;import&nbsp;ATP-binding&nbsp;protein&nbsp;TauB,62.7
1247726.MIM_c40220,MIM_c40220,annotation&nbsp;not&nbsp;available,62.7
1247726.MIM_c10000,hmuT,annotation&nbsp;not&nbsp;available,62.7
1247726.MIM_c23910,fabG1,annotation&nbsp;not&nbsp;available,62.7
1247726.MIM_c22780,ihfB,Integration&nbsp;host&nbsp;factor&nbsp;subunit&nbsp;beta,62.3
1247726.MIM_c22140,ureC1,annotation&nbsp;not&nbsp;available,62.3
1247726.MIM_c13320,maeB1,annotation&nbsp;not&nbsp;available,62.3
1247726.MIM_c26140,dnaX,DNA&nbsp;polymerase&nbsp;III&nbsp;subunit&nbsp;gamma/tau,62.3
1247726.MIM_c27920,MIM_c27920,annotation&nbsp;not&nbsp;available,62.3
1247726.MIM_c13900,MIM_c13900,annotation&nbsp;not&nbsp;available,62.2
1247726.MIM_c12540,MIM_c12540,annotation&nbsp;not&nbsp;available,62.2
1247726.MIM_c28370,MIM_c28370,annotation&nbsp;not&nbsp;available,62.2
1247726.MIM_c14730,MIM_c14730,annotation&nbsp;not&nbsp;available,62.2
1247726.MIM_c15500,cysA,Sulfate/thiosulfate&nbsp;import&nbsp;ATP-binding&nbsp;protein&nbsp;CysA,62.1
1247726.MIM_c39190,MIM_c39190,annotation&nbsp;not&nbsp;available,62.1
1247726.MIM_c11550,grpE,Protein&nbsp;GrpE,62.1
1247726.MIM_c19860,MIM_c19860,annotation&nbsp;not&nbsp;available,62.0
1247726.MIM_c19220,lpdA,annotation&nbsp;not&nbsp;available,61.9
1247726.MIM_c20270,MIM_c20270,annotation&nbsp;not&nbsp;available,61.9
1247726.MIM_c15110,potI,annotation&nbsp;not&nbsp;available,61.8
1247726.MIM_c38990,secY,Protein&nbsp;translocase&nbsp;subunit&nbsp;SecY,61.8
1247726.MIM_c23570,lpsJ,annotation&nbsp;not&nbsp;available,61.7
1247726.MIM_c23450,rpmE,annotation&nbsp;not&nbsp;available,61.7
1247726.MIM_c12800,MIM_c12800,annotation&nbsp;not&nbsp;available,61.7
1247726.MIM_c39650,rpsC,30S&nbsp;ribosomal&nbsp;protein&nbsp;S3,61.7
1247726.MIM_c39700,rplD,50S&nbsp;ribosomal&nbsp;protein&nbsp;L4,61.6
1247726.MIM_c06880,MIM_c06880,annotation&nbsp;not&nbsp;available,61.6
1247726.MIM_c15480,cysD,annotation&nbsp;not&nbsp;available,61.6
1247726.MIM_c15770,rpsT,30S&nbsp;ribosomal&nbsp;protein&nbsp;S20,61.6
1247726.MIM_c06890,MIM_c06890,annotation&nbsp;not&nbsp;available,61.5
1247726.MIM_c13340,sucB,Dihydrolipoyllysine-residue&nbsp;succinyltransferase&nbsp;component&nbsp;of&nbsp;2-oxoglutarate&nbsp;dehydrogenase&nbsp;complex,61.5
1247726.MIM_c36650,tauA2,annotation&nbsp;not&nbsp;available,61.5
1247726.MIM_c24510,nuoI,NADH-quinone&nbsp;oxidoreductase&nbsp;subunit&nbsp;I,61.2
1247726.MIM_c15520,cysT,annotation&nbsp;not&nbsp;available,61.2
1247726.MIM_c26420,dppA2,annotation&nbsp;not&nbsp;available,61.1
1247726.MIM_c30410,soxA,annotation&nbsp;not&nbsp;available,61.1
1247726.MIM_c39770,MIM_c39770,annotation&nbsp;not&nbsp;available,61.0
1247726.MIM_c09450,narB,annotation&nbsp;not&nbsp;available,61.0
1247726.MIM_c26430,dppA3,annotation&nbsp;not&nbsp;available,60.9
1247726.MIM_c03280,MIM_c03280,annotation&nbsp;not&nbsp;available,60.8
1247726.MIM_c20610,MIM_c20610,annotation&nbsp;not&nbsp;available,60.8
1247726.MIM_c13060,MIM_c13060,annotation&nbsp;not&nbsp;available,60.8
1247726.MIM_c09130,MIM_c09130,annotation&nbsp;not&nbsp;available,60.8
1247726.MIM_c30840,cbrD,annotation&nbsp;not&nbsp;available,60.7
1247726.MIM_c09140,MIM_c09140,annotation&nbsp;not&nbsp;available,60.6
1247726.MIM_c01910,MIM_c01910,annotation&nbsp;not&nbsp;available,60.6
1247726.MIM_c24210,MIM_c24210,annotation&nbsp;not&nbsp;available,60.5
1247726.MIM_c11750,MIM_c11750,annotation&nbsp;not&nbsp;available,60.4
1247726.MIM_c23950,rpmF,annotation&nbsp;not&nbsp;available,60.4
1247726.MIM_c17980,hisZ,ATP&nbsp;phosphoribosyltransferase&nbsp;regulatory&nbsp;subunit,60.3
1247726.MIM_c39580,MIM_c39580,annotation&nbsp;not&nbsp;available,60.3
1247726.MIM_c24350,MIM_c24350,annotation&nbsp;not&nbsp;available,60.0
1247726.MIM_c22620,MIM_c22620,annotation&nbsp;not&nbsp;available,60.0
1247726.MIM_c39880,braD4,annotation&nbsp;not&nbsp;available,60.0
1247726.MIM_c13870,MIM_c13870,annotation&nbsp;not&nbsp;available,60.0
1247726.MIM_c00410,metI1,annotation&nbsp;not&nbsp;available,60.0
1247726.MIM_c27270,MIM_c27270,annotation&nbsp;not&nbsp;available,59.8
1247726.MIM_c26800,minD,annotation&nbsp;not&nbsp;available,59.6
1247726.MIM_c16970,MIM_c16970,annotation&nbsp;not&nbsp;available,59.6
1247726.MIM_c04250,MIM_c04250,annotation&nbsp;not&nbsp;available,59.5
1247726.MIM_c03860,hisM1,annotation&nbsp;not&nbsp;available,59.5
1247726.MIM_c22080,MIM_c22080,annotation&nbsp;not&nbsp;available,59.5
1247726.MIM_c29490,aroE,Shikimate&nbsp;dehydrogenase&nbsp;(NADP(+)),59.5
1247726.MIM_c01160,braE1,annotation&nbsp;not&nbsp;available,59.4
1247726.MIM_c40640,rplL,50S&nbsp;ribosomal&nbsp;protein&nbsp;L7/L12,59.3
1247726.MIM_c32690,MIM_c32690,annotation&nbsp;not&nbsp;available,59.3
1247726.MIM_c30630,MIM_c30630,annotation&nbsp;not&nbsp;available,59.3
1247726.MIM_c10700,dnaB1,Replicative&nbsp;DNA&nbsp;helicase,59.2
1247726.MIM_c22700,ccoN,annotation&nbsp;not&nbsp;available,59.2
1247726.MIM_c19120,braF3,annotation&nbsp;not&nbsp;available,59.1
1247726.MIM_c07520,atpD,ATP&nbsp;synthase&nbsp;subunit&nbsp;beta,59.1
1247726.MIM_c12510,pcaI2,annotation&nbsp;not&nbsp;available,59.0
1247726.MIM_c39790,MIM_c39790,annotation&nbsp;not&nbsp;available,58.9
1247726.MIM_c39230,MIM_c39230,annotation&nbsp;not&nbsp;available,58.9
1247726.MIM_c10370,pyrD1,Dihydroorotate&nbsp;dehydrogenase&nbsp;(quinone),58.8
1247726.MIM_c18520,MIM_c18520,annotation&nbsp;not&nbsp;available,58.8
1247726.MIM_c18410,trxA,annotation&nbsp;not&nbsp;available,58.8
1247726.MIM_c28630,MIM_c28630,annotation&nbsp;not&nbsp;available,58.7
1247726.MIM_c29420,accC,annotation&nbsp;not&nbsp;available,58.7
1247726.MIM_c19070,ugpB,annotation&nbsp;not&nbsp;available,58.6
1247726.MIM_c25920,pstA,annotation&nbsp;not&nbsp;available,58.5
1247726.MIM_c24460,nuoN,NADH-quinone&nbsp;oxidoreductase&nbsp;subunit&nbsp;N,58.5
1247726.MIM_c36020,MIM_c36020,annotation&nbsp;not&nbsp;available,58.5
1247726.MIM_c01830,hmuV1,annotation&nbsp;not&nbsp;available,58.5
1247726.MIM_c29510,MIM_c29510,annotation&nbsp;not&nbsp;available,58.4
1247726.MIM_c13210,mdh2,Malate&nbsp;dehydrogenase,58.4
1247726.MIM_c19760,MIM_c19760,annotation&nbsp;not&nbsp;available,58.4
1247726.MIM_c08350,MIM_c08350,annotation&nbsp;not&nbsp;available,58.4
1247726.MIM_c40030,metN2,Methionine&nbsp;import&nbsp;ATP-binding&nbsp;protein&nbsp;MetN,58.4
1247726.MIM_c24590,nuoA,NADH-quinone&nbsp;oxidoreductase&nbsp;subunit&nbsp;A,58.3
1247726.MIM_c26650,gloA,annotation&nbsp;not&nbsp;available,58.3
1247726.MIM_c18860,rpoZ,DNA-directed&nbsp;RNA&nbsp;polymerase&nbsp;subunit&nbsp;omega,58.3
1247726.MIM_c21350,glnB1,annotation&nbsp;not&nbsp;available,58.3
1247726.MIM_c41170,oxaA,Membrane&nbsp;protein&nbsp;insertase&nbsp;YidC,58.2
1247726.MIM_c33120,pip,annotation&nbsp;not&nbsp;available,58.2
1247726.MIM_c40060,fusA,Elongation&nbsp;factor&nbsp;G,58.2
1247726.MIM_c06070,phnE,annotation&nbsp;not&nbsp;available,58.2
1247726.MIM_c09800,ftsA,Cell&nbsp;division&nbsp;protein&nbsp;FtsA,58.2
1247726.MIM_c01560,ssuB3,Aliphatic&nbsp;sulfonates&nbsp;import&nbsp;ATP-binding&nbsp;protein&nbsp;SsuB,58.1
1247726.MIM_c19200,pdhA,Pyruvate&nbsp;dehydrogenase&nbsp;E1&nbsp;component,58.1
1247726.MIM_c19330,rpsB,annotation&nbsp;not&nbsp;available,58.0
1247726.MIM_c40500,fabF3,annotation&nbsp;not&nbsp;available,57.9
1247726.MIM_c39070,rplE,50S&nbsp;ribosomal&nbsp;protein&nbsp;L5,57.9
1247726.MIM_c15530,cysP,annotation&nbsp;not&nbsp;available,57.7
1247726.MIM_c16010,purN,Phosphoribosylglycinamide&nbsp;formyltransferase,57.7
1247726.MIM_c27050,ureB2,annotation&nbsp;not&nbsp;available,57.6
1247726.MIM_c30640,MIM_c30640,annotation&nbsp;not&nbsp;available,57.5
1247726.MIM_c17370,MIM_c17370,annotation&nbsp;not&nbsp;available,57.5
1247726.MIM_c17150,MIM_c17150,annotation&nbsp;not&nbsp;available,57.5
1247726.MIM_c28550,MIM_c28550,annotation&nbsp;not&nbsp;available,57.4
1247726.MIM_c23200,glcD,annotation&nbsp;not&nbsp;available,57.4
1247726.MIM_c07030,MIM_c07030,annotation&nbsp;not&nbsp;available,57.3
1247726.MIM_c22690,ccoO,annotation&nbsp;not&nbsp;available,57.3
1247726.MIM_c17850,ndk,Nucleoside&nbsp;diphosphate&nbsp;kinase,57.3
1247726.MIM_c37900,MIM_c37900,annotation&nbsp;not&nbsp;available,57.2
1247726.MIM_c25940,pstS,Phosphate-binding&nbsp;protein&nbsp;PstS,57.2
1247726.MIM_c25000,MIM_c25000,annotation&nbsp;not&nbsp;available,57.2
1247726.MIM_c05910,gsiC,annotation&nbsp;not&nbsp;available,57.2
1247726.MIM_c20300,MIM_c20300,annotation&nbsp;not&nbsp;available,57.1
1247726.MIM_c12500,pcaJ2,annotation&nbsp;not&nbsp;available,57.0
1247726.MIM_c26750,MIM_c26750,annotation&nbsp;not&nbsp;available,56.9
1247726.MIM_c02060,MIM_c02060,annotation&nbsp;not&nbsp;available,56.9
1247726.MIM_c02900,MIM_c02900,annotation&nbsp;not&nbsp;available,56.7
1247726.MIM_c10210,purH,annotation&nbsp;not&nbsp;available,56.6
1247726.MIM_c08280,MIM_c08280,annotation&nbsp;not&nbsp;available,56.6
1247726.MIM_c02020,braG2,annotation&nbsp;not&nbsp;available,56.6
1247726.MIM_c13030,MIM_c13030,annotation&nbsp;not&nbsp;available,56.6
1247726.MIM_c14790,xseB,Exodeoxyribonuclease&nbsp;7&nbsp;small&nbsp;subunit,56.6
1247726.MIM_c11340,MIM_c11340,annotation&nbsp;not&nbsp;available,56.6
1247726.MIM_c27060,ureA2,annotation&nbsp;not&nbsp;available,56.5
1247726.MIM_c29640,rplU,50S&nbsp;ribosomal&nbsp;protein&nbsp;L21,56.5
1247726.MIM_c24110,relA,annotation&nbsp;not&nbsp;available,56.4
1247726.MIM_c39390,MIM_c39390,annotation&nbsp;not&nbsp;available,56.3
1247726.MIM_c40080,rpsL,30S&nbsp;ribosomal&nbsp;protein&nbsp;S12,56.3
1247726.MIM_c01590,MIM_c01590,annotation&nbsp;not&nbsp;available,56.2
1247726.MIM_c16380,rplS,50S&nbsp;ribosomal&nbsp;protein&nbsp;L19,56.2
1247726.MIM_c11790,trxB,annotation&nbsp;not&nbsp;available,56.2
1247726.MIM_c11370,cyoD,annotation&nbsp;not&nbsp;available,56.1
1247726.MIM_c10020,hmuV2,annotation&nbsp;not&nbsp;available,56.0
1247726.MIM_c12080,pcaI1,annotation&nbsp;not&nbsp;available,56.0
1247726.MIM_c23700,fadD,annotation&nbsp;not&nbsp;available,55.9
1247726.MIM_c05380,MIM_c05380,annotation&nbsp;not&nbsp;available,55.8
1247726.MIM_c08790,hisM2,annotation&nbsp;not&nbsp;available,55.7
1247726.MIM_c23500,rpmG,annotation&nbsp;not&nbsp;available,55.7
1247726.MIM_c13590,MIM_c13590,annotation&nbsp;not&nbsp;available,55.6
1247726.MIM_c02010,braF2,annotation&nbsp;not&nbsp;available,55.6
1247726.MIM_c14870,dnaB2,Replicative&nbsp;DNA&nbsp;helicase,55.5
1247726.MIM_c01500,MIM_c01500,annotation&nbsp;not&nbsp;available,55.5
1247726.MIM_c39660,rplV,50S&nbsp;ribosomal&nbsp;protein&nbsp;L22,55.5
1247726.MIM_c21250,MIM_c21250,annotation&nbsp;not&nbsp;available,55.4
1247726.MIM_c32010,groS,10&nbsp;kDa&nbsp;chaperonin,55.3
1247726.MIM_c14630,MIM_c14630,annotation&nbsp;not&nbsp;available,55.2
1247726.MIM_c27340,MIM_c27340,annotation&nbsp;not&nbsp;available,55.2
1247726.MIM_c37940,MIM_c37940,Spermidine/putrescine&nbsp;import&nbsp;ATP-binding&nbsp;protein&nbsp;PotA,55.2
1247726.MIM_c21800,ihfA,Integration&nbsp;host&nbsp;factor&nbsp;subunit&nbsp;alpha,55.2
1247726.MIM_c18630,MIM_c18630,annotation&nbsp;not&nbsp;available,55.1
1247726.MIM_c35160,MIM_c35160,2-dehydropantoate&nbsp;2-reductase,55.1
1247726.MIM_c22800,cmk,annotation&nbsp;not&nbsp;available,55.1
1247726.MIM_c12420,suhB2,annotation&nbsp;not&nbsp;available,55.1
1247726.MIM_c39290,MIM_c39290,annotation&nbsp;not&nbsp;available,55.0
1247726.MIM_c19060,ugpA,annotation&nbsp;not&nbsp;available,55.0
1247726.MIM_c20870,MIM_c20870,annotation&nbsp;not&nbsp;available,55.0
1247726.MIM_c21230,MIM_c21230,annotation&nbsp;not&nbsp;available,55.0
1247726.MIM_c18850,spoT,"Guanosine-3',5'-bis(Diphosphate)&nbsp;3'-pyrophosphohydrolase",54.9
1247726.MIM_c40020,metI2,annotation&nbsp;not&nbsp;available,54.8
1247726.MIM_c33160,ffh,Signal&nbsp;recognition&nbsp;particle&nbsp;protein,54.8
1247726.MIM_c39330,MIM_c39330,annotation&nbsp;not&nbsp;available,54.8
1247726.MIM_c11900,MIM_c11900,annotation&nbsp;not&nbsp;available,54.7
1247726.MIM_c28670,fabI,annotation&nbsp;not&nbsp;available,54.6
1247726.MIM_c30450,MIM_c30450,annotation&nbsp;not&nbsp;available,54.6
1247726.MIM_c27170,boxB,annotation&nbsp;not&nbsp;available,54.5
1247726.MIM_c39640,rplP,50S&nbsp;ribosomal&nbsp;protein&nbsp;L16,54.4
1247726.MIM_c30100,MIM_c30100,annotation&nbsp;not&nbsp;available,54.4
1247726.MIM_c25910,pstB,Phosphate&nbsp;import&nbsp;ATP-binding&nbsp;protein&nbsp;PstB,54.4
1247726.MIM_c15240,MIM_c15240,annotation&nbsp;not&nbsp;available,54.4
1247726.MIM_c17440,dapA3,annotation&nbsp;not&nbsp;available,54.2
1247726.MIM_c27780,pgk,annotation&nbsp;not&nbsp;available,54.1
1247726.MIM_c07060,MIM_c07060,annotation&nbsp;not&nbsp;available,54.1
1247726.MIM_c33890,MIM_c33890,annotation&nbsp;not&nbsp;available,54.1
1247726.MIM_c24570,nuoC,NADH-quinone&nbsp;oxidoreductase&nbsp;subunit&nbsp;C,54.0
1247726.MIM_c02050,MIM_c02050,annotation&nbsp;not&nbsp;available,54.0
1247726.MIM_c39300,MIM_c39300,annotation&nbsp;not&nbsp;available,54.0
1247726.MIM_c14830,rpsF,30S&nbsp;ribosomal&nbsp;protein&nbsp;S6,53.9
1247726.MIM_c35360,MIM_c35360,annotation&nbsp;not&nbsp;available,53.9
1247726.MIM_c02650,proV,annotation&nbsp;not&nbsp;available,53.9
1247726.MIM_c12240,MIM_c12240,Putative&nbsp;phospholipase,53.9
1247726.MIM_c04870,hisH,Imidazole&nbsp;glycerol&nbsp;phosphate&nbsp;synthase&nbsp;subunit&nbsp;HisH,53.9
1247726.MIM_c09330,glnQ2,annotation&nbsp;not&nbsp;available,53.8
1247726.MIM_c11560,dnaK,Chaperone&nbsp;protein&nbsp;DnaK,53.7
1247726.MIM_c07500,atpA,ATP&nbsp;synthase&nbsp;subunit&nbsp;alpha,53.6
1247726.MIM_c23670,fadJ,annotation&nbsp;not&nbsp;available,53.6
1247726.MIM_c08540,MIM_c08540,annotation&nbsp;not&nbsp;available,53.5
1247726.MIM_c35590,MIM_c35590,annotation&nbsp;not&nbsp;available,53.5
1247726.MIM_c01510,ssuA,annotation&nbsp;not&nbsp;available,53.4
1247726.MIM_c10150,ruvB,Holliday&nbsp;junction&nbsp;ATP-dependent&nbsp;DNA&nbsp;helicase&nbsp;RuvB,53.3
1247726.MIM_c15090,potG,Spermidine/putrescine&nbsp;import&nbsp;ATP-binding&nbsp;protein&nbsp;PotA,53.2
1247726.MIM_c22130,ureB1,annotation&nbsp;not&nbsp;available,53.2
1247726.MIM_c27040,ureC2,annotation&nbsp;not&nbsp;available,53.1
1247726.MIM_c38190,MIM_c38190,annotation&nbsp;not&nbsp;available,53.1
1247726.MIM_c26510,MIM_c26510,annotation&nbsp;not&nbsp;available,52.9
1247726.MIM_c17580,hpaG2,annotation&nbsp;not&nbsp;available,52.9
1247726.MIM_c29860,MIM_c29860,annotation&nbsp;not&nbsp;available,52.9
1247726.MIM_c04540,MIM_c04540,Cytochrome&nbsp;c&nbsp;oxidase&nbsp;subunit&nbsp;1,52.9
1247726.MIM_c06760,dat,annotation&nbsp;not&nbsp;available,52.8
1247726.MIM_c15920,MIM_c15920,annotation&nbsp;not&nbsp;available,52.8
1247726.MIM_c01270,allA,annotation&nbsp;not&nbsp;available,52.8
1247726.MIM_c28380,MIM_c28380,annotation&nbsp;not&nbsp;available,52.7
1247726.MIM_c04080,MIM_c04080,Catalase-related&nbsp;peroxidase,52.6
1247726.MIM_c07390,gpmA,"2,3-bisphosphoglycerate-dependent&nbsp;phosphoglycerate&nbsp;mutase",52.6
1247726.MIM_c23740,MIM_c23740,annotation&nbsp;not&nbsp;available,52.5
1247726.MIM_c23930,fabH,3-oxoacyl-[acyl-carrier-protein]&nbsp;synthase&nbsp;3,52.4
1247726.MIM_c09470,baeR,annotation&nbsp;not&nbsp;available,52.4
1247726.MIM_c37430,metC2,annotation&nbsp;not&nbsp;available,52.4
1247726.MIM_c23920,fabD,annotation&nbsp;not&nbsp;available,52.3
1247726.MIM_c17610,hisC1,annotation&nbsp;not&nbsp;available,52.2
1247726.MIM_c21450,gcp,tRNA&nbsp;N6-adenosine&nbsp;threonylcarbamoyltransferase,52.2
1247726.MIM_c30680,MIM_c30680,"TRAP&nbsp;transporter&nbsp;solute&nbsp;receptor,&nbsp;DctP&nbsp;family",52.1
1247726.MIM_c38630,MIM_c38630,annotation&nbsp;not&nbsp;available,52.1
1247726.MIM_c35390,MIM_c35390,annotation&nbsp;not&nbsp;available,52.0
1247726.MIM_c20750,MIM_c20750,annotation&nbsp;not&nbsp;available,51.9
1247726.MIM_c10190,ruvA,Holliday&nbsp;junction&nbsp;ATP-dependent&nbsp;DNA&nbsp;helicase&nbsp;RuvA,51.8
1247726.MIM_c03790,MIM_c03790,annotation&nbsp;not&nbsp;available,51.6
1247726.MIM_c17930,hisC2,annotation&nbsp;not&nbsp;available,51.5
1247726.MIM_c19410,bamA,Outer&nbsp;membrane&nbsp;protein&nbsp;assembly&nbsp;factor&nbsp;BamA,51.5
1247726.MIM_c29620,argJ,Arginine&nbsp;biosynthesis&nbsp;bifunctional&nbsp;protein&nbsp;ArgJ,51.5
1247726.MIM_c09650,pyrC1,Dihydroorotase,51.4
1247726.MIM_c15880,clpA,annotation&nbsp;not&nbsp;available,51.4
1247726.MIM_c06820,pgi,annotation&nbsp;not&nbsp;available,51.4
1247726.MIM_c34430,MIM_c34430,annotation&nbsp;not&nbsp;available,51.4
1247726.MIM_c29740,mauA,annotation&nbsp;not&nbsp;available,51.3
1247726.MIM_c38600,ssb2,Single-stranded&nbsp;DNA-binding&nbsp;protein,51.3
1247726.MIM_c08070,MIM_c08070,annotation&nbsp;not&nbsp;available,51.3
1247726.MIM_c05070,hslV,ATP-dependent&nbsp;protease&nbsp;subunit&nbsp;HslV,51.3
1247726.MIM_c35040,MIM_c35040,annotation&nbsp;not&nbsp;available,51.3
1247726.MIM_c38950,rpsD,30S&nbsp;ribosomal&nbsp;protein&nbsp;S4,51.3
1247726.MIM_c18260,metE1,5-methyltetrahydropteroyltriglutamate--homocysteine&nbsp;methyltransferase,51.3
1247726.MIM_c03770,MIM_c03770,annotation&nbsp;not&nbsp;available,51.2
1247726.MIM_c35750,MIM_c35750,annotation&nbsp;not&nbsp;available,51.1
1247726.MIM_c40630,rpoB,DNA-directed&nbsp;RNA&nbsp;polymerase&nbsp;subunit&nbsp;beta,51.0
1247726.MIM_c29560,pyrR,annotation&nbsp;not&nbsp;available,51.0
1247726.MIM_c17570,hpaG1,annotation&nbsp;not&nbsp;available,51.0
1247726.MIM_c17430,MIM_c17430,annotation&nbsp;not&nbsp;available,51.0
1247726.MIM_c25320,MIM_c25320,annotation&nbsp;not&nbsp;available,51.0
