998088.B565_1822,minE,Cell&nbsp;division&nbsp;topological&nbsp;specificity&nbsp;factor,98.9
998088.B565_0211,WM43_13735,annotation&nbsp;not&nbsp;available,98.9
998088.B565_2564,B565_2564,annotation&nbsp;not&nbsp;available,98.8
998088.B565_1366,B565_1366,annotation&nbsp;not&nbsp;available,98.7
998088.B565_2844,B565_2844,annotation&nbsp;not&nbsp;available,98.7
998088.B565_2572,B565_2572,annotation&nbsp;not&nbsp;available,98.7
998088.B565_3500,B565_3500,annotation&nbsp;not&nbsp;available,98.6
998088.B565_0433,uvrA,UvrABC&nbsp;system&nbsp;protein&nbsp;A,98.6
998088.B565_3672,B565_3672,annotation&nbsp;not&nbsp;available,98.5
998088.B565_1439,WM43_20065,annotation&nbsp;not&nbsp;available,98.5
998088.B565_0798,B565_0798,annotation&nbsp;not&nbsp;available,98.5
998088.B565_2956,WM43_06765,annotation&nbsp;not&nbsp;available,98.4
998088.B565_1220,B565_1220,annotation&nbsp;not&nbsp;available,98.4
998088.B565_1921,B565_1921,annotation&nbsp;not&nbsp;available,98.2
998088.B565_3855,pyrE,Orotate&nbsp;phosphoribosyltransferase,98.2
998088.B565_3788,B565_3788,annotation&nbsp;not&nbsp;available,98.1
998088.B565_3440,B565_3440,annotation&nbsp;not&nbsp;available,98.1
998088.B565_3220,ribH,"6,7-dimethyl-8-ribityllumazine&nbsp;synthase",98.1
998088.B565_3352,B565_3352,annotation&nbsp;not&nbsp;available,98.1
998088.B565_3856,rph,Ribonuclease&nbsp;PH,98.0
998088.B565_2052,rplY,50S&nbsp;ribosomal&nbsp;protein&nbsp;L25,98.0
998088.B565_1938,B565_1938,Spermidine/putrescine&nbsp;import&nbsp;ATP-binding&nbsp;protein&nbsp;PotA,98.0
998088.B565_0587,WM43_15955,RNA-binding&nbsp;protein&nbsp;Hfq,98.0
998088.B565_3323,metN,Methionine&nbsp;import&nbsp;ATP-binding&nbsp;protein&nbsp;MetN,97.9
998088.B565_2502,glpD,annotation&nbsp;not&nbsp;available,97.9
998088.B565_3654,B565_3654,annotation&nbsp;not&nbsp;available,97.9
998088.B565_3896,B565_3896,annotation&nbsp;not&nbsp;available,97.8
998088.B565_3340,purC,annotation&nbsp;not&nbsp;available,97.8
998088.B565_0417,B565_0417,annotation&nbsp;not&nbsp;available,97.8
998088.B565_1012,B565_1012,annotation&nbsp;not&nbsp;available,97.8
998088.B565_0777,B565_0777,Anti-sigma-E&nbsp;factor&nbsp;RseA,97.8
998088.B565_3185,rpsO,30S&nbsp;ribosomal&nbsp;protein&nbsp;S15,97.8
998088.B565_0606,WM43_16050,annotation&nbsp;not&nbsp;available,97.7
998088.B565_2406,gltB,annotation&nbsp;not&nbsp;available,97.7
998088.B565_1828,WM43_02475,annotation&nbsp;not&nbsp;available,97.7
998088.B565_2116,B565_2116,annotation&nbsp;not&nbsp;available,97.7
998088.B565_1839,mukB,annotation&nbsp;not&nbsp;available,97.7
998088.B565_2146,B565_2146,annotation&nbsp;not&nbsp;available,97.7
998088.B565_3318,WM43_08810,annotation&nbsp;not&nbsp;available,97.7
998088.B565_1041,B565_1041,annotation&nbsp;not&nbsp;available,97.6
998088.B565_3981,tatB,Sec-independent&nbsp;protein&nbsp;translocase&nbsp;protein&nbsp;TatB,97.6
998088.B565_0343,murD,UDP-N-acetylmuramoylalanine--D-glutamate&nbsp;ligase,97.5
998088.B565_3231,B565_3231,annotation&nbsp;not&nbsp;available,97.5
998088.B565_2910,B565_2910,Sulfurtransferase,97.5
998088.B565_0464,B565_0464,annotation&nbsp;not&nbsp;available,97.5
998088.B565_1305,B565_1305,annotation&nbsp;not&nbsp;available,97.5
998088.B565_0163,WM43_13470,annotation&nbsp;not&nbsp;available,97.4
998088.B565_0428,B565_0428,annotation&nbsp;not&nbsp;available,97.4
998088.B565_0758,B565_0758,annotation&nbsp;not&nbsp;available,97.3
998088.B565_1320,rnhA,Ribonuclease&nbsp;H,97.3
998088.B565_1858,B565_1858,annotation&nbsp;not&nbsp;available,97.3
998088.B565_3831,B565_3831,annotation&nbsp;not&nbsp;available,97.2
998088.B565_2901,B565_2901,annotation&nbsp;not&nbsp;available,97.2
998088.B565_2123,hycE,annotation&nbsp;not&nbsp;available,97.2
998088.B565_2217,clpX,ATP-dependent&nbsp;Clp&nbsp;protease&nbsp;ATP-binding&nbsp;subunit&nbsp;ClpX,97.1
998088.B565_3022,B565_3022,Transketolase,97.1
998088.B565_4020,B565_4020,annotation&nbsp;not&nbsp;available,97.1
998088.B565_0900,nadD,Probable&nbsp;nicotinate-nucleotide&nbsp;adenylyltransferase,97.1
998088.B565_2180,B565_2180,annotation&nbsp;not&nbsp;available,97.1
998088.B565_2660,seqA,Negative&nbsp;modulator&nbsp;of&nbsp;initiation&nbsp;of&nbsp;replication,97.0
998088.B565_3381,tbpA,annotation&nbsp;not&nbsp;available,97.0
998088.B565_1512,B565_1512,annotation&nbsp;not&nbsp;available,97.0
998088.B565_4009,atpF,ATP&nbsp;synthase&nbsp;subunit&nbsp;b,97.0
998088.B565_1562,accD,Acetyl-coenzyme&nbsp;A&nbsp;carboxylase&nbsp;carboxyl&nbsp;transferase&nbsp;subunit&nbsp;beta,97.0
998088.B565_2783,B565_2783,annotation&nbsp;not&nbsp;available,96.9
998088.B565_0793,B565_0793,annotation&nbsp;not&nbsp;available,96.9
998088.B565_1865,B565_1865,annotation&nbsp;not&nbsp;available,96.8
998088.B565_3343,B565_3343,annotation&nbsp;not&nbsp;available,96.7
998088.B565_2310,rpsA,30S&nbsp;ribosomal&nbsp;protein&nbsp;S1,96.7
998088.B565_1933,B565_1933,annotation&nbsp;not&nbsp;available,96.7
998088.B565_3347,WM43_08950,Acetate&nbsp;kinase,96.7
998088.B565_2601,flgG,annotation&nbsp;not&nbsp;available,96.6
998088.B565_3730,rplA,50S&nbsp;ribosomal&nbsp;protein&nbsp;L1,96.6
998088.B565_0306,WM43_14325,annotation&nbsp;not&nbsp;available,96.6
998088.B565_3043,lpxA,Acyl-[acyl-carrier-protein]--UDP-N-acetylglucosamine&nbsp;O-acyltransferase,96.5
998088.B565_0366,B565_0366,annotation&nbsp;not&nbsp;available,96.5
998088.B565_2558,B565_2558,annotation&nbsp;not&nbsp;available,96.4
998088.B565_2955,phoR,annotation&nbsp;not&nbsp;available,96.4
998088.B565_1387,WM43_19815,annotation&nbsp;not&nbsp;available,96.2
998088.B565_1061,B565_1061,annotation&nbsp;not&nbsp;available,96.1
998088.B565_1178,B565_1178,annotation&nbsp;not&nbsp;available,96.1
998088.B565_1128,B565_1128,Heme&nbsp;exporter&nbsp;protein&nbsp;B,96.1
998088.B565_2131,B565_2131,annotation&nbsp;not&nbsp;available,96.1
998088.B565_2075,B565_2075,annotation&nbsp;not&nbsp;available,96.0
998088.B565_1208,B565_1208,annotation&nbsp;not&nbsp;available,96.0
998088.B565_1115,B565_1115,annotation&nbsp;not&nbsp;available,96.0
998088.B565_1658,B565_1658,annotation&nbsp;not&nbsp;available,95.9
998088.B565_1062,mobA,Molybdenum&nbsp;cofactor&nbsp;guanylyltransferase,95.8
998088.B565_2413,B565_2413,annotation&nbsp;not&nbsp;available,95.8
998088.B565_2425,B565_2425,Peptidyl-prolyl&nbsp;cis-trans&nbsp;isomerase,95.7
998088.B565_3748,B565_3748,annotation&nbsp;not&nbsp;available,95.7
998088.B565_1741,WM43_02675,annotation&nbsp;not&nbsp;available,95.7
998088.B565_3418,prfC,Peptide&nbsp;chain&nbsp;release&nbsp;factor&nbsp;3,95.7
998088.B565_2238,guaA,GMP&nbsp;synthase&nbsp;[glutamine-hydrolyzing],95.7
998088.B565_3044,fabZ,3-hydroxyacyl-[acyl-carrier-protein]&nbsp;dehydratase&nbsp;FabZ,95.7
998088.B565_2636,entE,annotation&nbsp;not&nbsp;available,95.7
998088.B565_0574,B565_0574,annotation&nbsp;not&nbsp;available,95.6
998088.B565_3027,gshB,annotation&nbsp;not&nbsp;available,95.5
998088.B565_3331,B565_3331,dGTPase,95.5
998088.B565_3184,pnp,Polyribonucleotide&nbsp;nucleotidyltransferase,95.5
998088.B565_1936,potC,annotation&nbsp;not&nbsp;available,95.4
998088.B565_1378,WM43_19775,annotation&nbsp;not&nbsp;available,95.3
998088.B565_3875,cysE,annotation&nbsp;not&nbsp;available,95.2
998088.B565_2128,selA,L-seryl-tRNA(Sec)&nbsp;selenium&nbsp;transferase,95.2
998088.B565_1417,B565_1417,Glucose-1-phosphate&nbsp;adenylyltransferase,95.2
998088.B565_1402,B565_1402,annotation&nbsp;not&nbsp;available,95.2
998088.B565_3222,B565_3222,annotation&nbsp;not&nbsp;available,95.1
998088.B565_3805,B565_3805,N5-carboxyaminoimidazole&nbsp;ribonucleotide&nbsp;mutase,95.0
998088.B565_0273,WM43_14050,annotation&nbsp;not&nbsp;available,95.0
998088.B565_3998,B565_3998,annotation&nbsp;not&nbsp;available,95.0
998088.B565_3954,WM43_12160,annotation&nbsp;not&nbsp;available,94.8
998088.B565_0056,B565_0056,annotation&nbsp;not&nbsp;available,94.8
998088.B565_0243,katG,Catalase-peroxidase,94.8
998088.B565_0303,lptA,Lipopolysaccharide&nbsp;export&nbsp;system&nbsp;protein&nbsp;LptA,94.8
998088.B565_3776,pntA,NAD(P)&nbsp;transhydrogenase&nbsp;subunit&nbsp;alpha,94.8
998088.B565_3746,B565_3746,annotation&nbsp;not&nbsp;available,94.7
998088.B565_0249,B565_0249,Tyrosine--tRNA&nbsp;ligase,94.7
998088.B565_1682,B565_1682,annotation&nbsp;not&nbsp;available,94.6
998088.B565_0047,purK,N5-carboxyaminoimidazole&nbsp;ribonucleotide&nbsp;synthase,94.6
998088.B565_2355,B565_2355,annotation&nbsp;not&nbsp;available,94.6
998088.B565_0633,B565_0633,Siroheme&nbsp;synthase,94.5
998088.B565_0219,recC,RecBCD&nbsp;enzyme&nbsp;subunit&nbsp;RecC,94.5
998088.B565_2637,B565_2637,annotation&nbsp;not&nbsp;available,94.5
998088.B565_0933,B565_0933,annotation&nbsp;not&nbsp;available,94.4
998088.B565_1063,B565_1063,annotation&nbsp;not&nbsp;available,94.4
998088.B565_0949,WM43_17845,Fumarate&nbsp;reductase&nbsp;subunit&nbsp;C,94.4
998088.B565_1527,B565_1527,annotation&nbsp;not&nbsp;available,94.4
998088.B565_1542,asnB,annotation&nbsp;not&nbsp;available,94.2
998088.B565_2107,B565_2107,annotation&nbsp;not&nbsp;available,94.2
998088.B565_3173,B565_3173,3-oxoacyl-[acyl-carrier-protein]&nbsp;synthase&nbsp;3,93.9
998088.B565_2979,zipA,Cell&nbsp;division&nbsp;protein&nbsp;ZipA,93.9
998088.B565_3183,WM43_08075,Chemotaxis&nbsp;response&nbsp;regulator&nbsp;protein-glutamate&nbsp;methylesterase,93.9
998088.B565_3775,pntB,NAD(P)&nbsp;transhydrogenase&nbsp;subunit&nbsp;beta,93.9
998088.B565_3332,B565_3332,annotation&nbsp;not&nbsp;available,93.8
998088.B565_1151,B565_1151,annotation&nbsp;not&nbsp;available,93.8
998088.B565_0630,B565_0630,annotation&nbsp;not&nbsp;available,93.7
998088.B565_2322,B565_2322,annotation&nbsp;not&nbsp;available,93.7
998088.B565_3202,xseB,Exodeoxyribonuclease&nbsp;7&nbsp;small&nbsp;subunit,93.7
998088.B565_0761,WM43_16930,annotation&nbsp;not&nbsp;available,93.7
998088.B565_1087,B565_1087,annotation&nbsp;not&nbsp;available,93.7
998088.B565_3515,proC,Pyrroline-5-carboxylate&nbsp;reductase,93.6
998088.B565_1929,B565_1929,annotation&nbsp;not&nbsp;available,93.6
998088.B565_0352,secA,Protein&nbsp;translocase&nbsp;subunit&nbsp;SecA,93.6
998088.B565_3192,B565_3192,Triosephosphate&nbsp;isomerase,93.6
998088.B565_2028,pabB,annotation&nbsp;not&nbsp;available,93.5
998088.B565_0992,B565_0992,annotation&nbsp;not&nbsp;available,93.5
998088.B565_2007,rne,Ribonuclease&nbsp;E,93.5
998088.B565_1367,B565_1367,annotation&nbsp;not&nbsp;available,93.5
998088.B565_1214,moaD,Molybdopterin&nbsp;synthase&nbsp;sulfur&nbsp;carrier&nbsp;subunit,93.5
998088.B565_3423,B565_3423,annotation&nbsp;not&nbsp;available,93.4
998088.B565_1810,purT,Formate-dependent&nbsp;phosphoribosylglycinamide&nbsp;formyltransferase,93.4
998088.B565_0240,B565_0240,annotation&nbsp;not&nbsp;available,93.4
998088.B565_0789,B565_0789,annotation&nbsp;not&nbsp;available,93.3
998088.B565_1664,B565_1664,annotation&nbsp;not&nbsp;available,93.3
998088.B565_0558,B565_0558,annotation&nbsp;not&nbsp;available,93.3
998088.B565_3287,proA,Gamma-glutamyl&nbsp;phosphate&nbsp;reductase,93.2
998088.B565_0885,ansA,annotation&nbsp;not&nbsp;available,93.2
998088.B565_3541,B565_3541,annotation&nbsp;not&nbsp;available,93.2
998088.B565_3592,B565_3592,annotation&nbsp;not&nbsp;available,93.1
998088.B565_0113,mglA,Galactose/methyl&nbsp;galactoside&nbsp;import&nbsp;ATP-binding&nbsp;protein&nbsp;MglA,93.0
998088.B565_3499,B565_3499,annotation&nbsp;not&nbsp;available,93.0
998088.B565_0887,B565_0887,annotation&nbsp;not&nbsp;available,93.0
998088.B565_3437,rpsR,30S&nbsp;ribosomal&nbsp;protein&nbsp;S18,92.9
998088.B565_3096,nqrB,Na(+)-translocating&nbsp;NADH-quinone&nbsp;reductase&nbsp;subunit&nbsp;B,92.9
998088.B565_0656,B565_0656,Penicillin-binding&nbsp;protein&nbsp;1B,92.9
998088.B565_3211,B565_3211,annotation&nbsp;not&nbsp;available,92.9
998088.B565_1301,B565_1301,annotation&nbsp;not&nbsp;available,92.9
998088.B565_1390,oppB,annotation&nbsp;not&nbsp;available,92.7
998088.B565_0436,B565_0436,annotation&nbsp;not&nbsp;available,92.7
998088.B565_1042,B565_1042,annotation&nbsp;not&nbsp;available,92.7
998088.B565_2102,B565_2102,annotation&nbsp;not&nbsp;available,92.6
998088.B565_0687,relA,GTP&nbsp;pyrophosphokinase,92.6
998088.B565_2345,nuoA,NADH-quinone&nbsp;oxidoreductase&nbsp;subunit&nbsp;A,92.6
998088.B565_1094,B565_1094,annotation&nbsp;not&nbsp;available,92.6
998088.B565_1878,hisB,annotation&nbsp;not&nbsp;available,92.5
998088.B565_3370,B565_3370,annotation&nbsp;not&nbsp;available,92.5
998088.B565_3083,B565_3083,annotation&nbsp;not&nbsp;available,92.5
998088.B565_3504,B565_3504,annotation&nbsp;not&nbsp;available,92.2
998088.B565_0124,WM43_13270,annotation&nbsp;not&nbsp;available,92.1
998088.B565_2562,B565_2562,annotation&nbsp;not&nbsp;available,92.0
998088.B565_4004,atpC,ATP&nbsp;synthase&nbsp;epsilon&nbsp;chain,92.0
998088.B565_1158,mnmA,tRNA-specific&nbsp;2-thiouridylase&nbsp;MnmA,91.9
998088.B565_2409,WM43_21060,annotation&nbsp;not&nbsp;available,91.9
998088.B565_1698,glpC,annotation&nbsp;not&nbsp;available,91.9
998088.B565_1503,B565_1503,annotation&nbsp;not&nbsp;available,91.8
998088.B565_2852,B565_2852,annotation&nbsp;not&nbsp;available,91.8
998088.B565_0386,argG,annotation&nbsp;not&nbsp;available,91.8
998088.B565_3221,B565_3221,"3,4-dihydroxy-2-butanone&nbsp;4-phosphate&nbsp;synthase",91.8
998088.B565_1337,B565_1337,annotation&nbsp;not&nbsp;available,91.7
998088.B565_1463,B565_1463,annotation&nbsp;not&nbsp;available,91.6
998088.B565_0399,B565_0399,annotation&nbsp;not&nbsp;available,91.6
998088.B565_2287,clpS,ATP-dependent&nbsp;Clp&nbsp;protease&nbsp;adapter&nbsp;protein&nbsp;ClpS,91.5
998088.B565_2975,B565_2975,annotation&nbsp;not&nbsp;available,91.4
998088.B565_1299,B565_1299,"3,4-dihydroxy-2-butanone&nbsp;4-phosphate&nbsp;synthase",91.4
998088.B565_2356,B565_2356,annotation&nbsp;not&nbsp;available,91.4
998088.B565_0493,B565_0493,annotation&nbsp;not&nbsp;available,91.4
998088.B565_2247,B565_2247,annotation&nbsp;not&nbsp;available,91.3
998088.B565_3629,WM43_10480,annotation&nbsp;not&nbsp;available,91.3
998088.B565_0901,B565_0901,annotation&nbsp;not&nbsp;available,91.2
998088.B565_2930,WM43_06635,annotation&nbsp;not&nbsp;available,91.2
998088.B565_3720,B565_3720,annotation&nbsp;not&nbsp;available,91.2
998088.B565_2597,B565_2597,annotation&nbsp;not&nbsp;available,91.2
998088.B565_3893,B565_3893,annotation&nbsp;not&nbsp;available,91.2
998088.B565_2005,B565_2005,annotation&nbsp;not&nbsp;available,91.1
998088.B565_0182,rpsJ,30S&nbsp;ribosomal&nbsp;protein&nbsp;S10,91.1
998088.B565_3217,B565_3217,Phosphatidylglycerophosphatase&nbsp;A,91.1
998088.B565_0189,rpsC,30S&nbsp;ribosomal&nbsp;protein&nbsp;S3,91.0
998088.B565_0690,eno,Enolase,91.0
998088.B565_3095,nqrA,Na(+)-translocating&nbsp;NADH-quinone&nbsp;reductase&nbsp;subunit&nbsp;A,90.9
998088.B565_2618,B565_2618,Transaldolase,90.9
998088.B565_0295,B565_0295,annotation&nbsp;not&nbsp;available,90.9
998088.B565_2688,B565_2688,Pyruvate-flavodoxin&nbsp;oxidoreductase,90.8
998088.B565_3755,msrP,Protein-methionine-sulfoxide&nbsp;reductase&nbsp;catalytic&nbsp;subunit&nbsp;MsrP,90.8
998088.B565_2009,fruK,annotation&nbsp;not&nbsp;available,90.7
998088.B565_1931,rbsA,Ribose&nbsp;import&nbsp;ATP-binding&nbsp;protein&nbsp;RbsA,90.6
998088.B565_1454,B565_1454,annotation&nbsp;not&nbsp;available,90.6
998088.B565_0220,recB,RecBCD&nbsp;enzyme&nbsp;subunit&nbsp;RecB,90.6
998088.B565_3178,B565_3178,annotation&nbsp;not&nbsp;available,90.6
998088.B565_0951,B565_0951,annotation&nbsp;not&nbsp;available,90.5
998088.B565_3506,B565_3506,annotation&nbsp;not&nbsp;available,90.5
998088.B565_2610,WM43_05000,annotation&nbsp;not&nbsp;available,90.5
998088.B565_0333,B565_0333,annotation&nbsp;not&nbsp;available,90.4
998088.B565_3087,B565_3087,2-dehydropantoate&nbsp;2-reductase,90.4
998088.B565_3188,infB,Translation&nbsp;initiation&nbsp;factor&nbsp;IF-2,90.4
998088.B565_0015,kdpB,Potassium-transporting&nbsp;ATPase&nbsp;ATP-binding&nbsp;subunit,90.4
998088.B565_1966,fabA,3-hydroxydecanoyl-[acyl-carrier-protein]&nbsp;dehydratase,90.4
998088.B565_0868,glsA,annotation&nbsp;not&nbsp;available,90.3
998088.B565_1064,WM43_18445,annotation&nbsp;not&nbsp;available,90.3
998088.B565_3399,dnaG,DNA&nbsp;primase,90.3
998088.B565_0948,WM43_17840,Fumarate&nbsp;reductase&nbsp;subunit&nbsp;D,90.2
998088.B565_0368,WM43_14645,annotation&nbsp;not&nbsp;available,90.2
998088.B565_0233,B565_0233,annotation&nbsp;not&nbsp;available,90.2
998088.B565_1900,udk,annotation&nbsp;not&nbsp;available,90.2
998088.B565_0458,B565_0458,annotation&nbsp;not&nbsp;available,90.2
998088.B565_2669,B565_2669,annotation&nbsp;not&nbsp;available,90.2
998088.B565_3254,B565_3254,annotation&nbsp;not&nbsp;available,90.2
998088.B565_3306,rpmA,annotation&nbsp;not&nbsp;available,90.1
998088.B565_2978,B565_2978,annotation&nbsp;not&nbsp;available,90.1
998088.B565_3390,groL,60&nbsp;kDa&nbsp;chaperonin,90.0
998088.B565_3053,pyrH,Uridylate&nbsp;kinase,90.0
998088.B565_3923,pgi,annotation&nbsp;not&nbsp;available,90.0
998088.B565_0185,rplW,50S&nbsp;ribosomal&nbsp;protein&nbsp;L23,89.9
998088.B565_2431,B565_2431,annotation&nbsp;not&nbsp;available,89.9
998088.B565_1446,B565_1446,annotation&nbsp;not&nbsp;available,89.8
998088.B565_0131,WM43_13305,Putrescine-binding&nbsp;periplasmic&nbsp;protein,89.8
998088.B565_3867,ebgC,annotation&nbsp;not&nbsp;available,89.8
998088.B565_2347,nuoC,NADH-quinone&nbsp;oxidoreductase&nbsp;subunit&nbsp;C/D,89.8
998088.B565_1875,hisF,Imidazole&nbsp;glycerol&nbsp;phosphate&nbsp;synthase&nbsp;subunit&nbsp;HisF,89.8
998088.B565_1392,oppD,annotation&nbsp;not&nbsp;available,89.8
998088.B565_3803,hemF,Oxygen-dependent&nbsp;coproporphyrinogen-III&nbsp;oxidase,89.7
998088.B565_2825,trpC,annotation&nbsp;not&nbsp;available,89.7
998088.B565_1204,moaA,"GTP&nbsp;3',8-cyclase",89.7
998088.B565_0788,B565_0788,annotation&nbsp;not&nbsp;available,89.7
998088.B565_0681,hcp,Hydroxylamine&nbsp;reductase,89.6
998088.B565_1888,rnd,Ribonuclease&nbsp;D,89.6
998088.B565_1695,B565_1695,annotation&nbsp;not&nbsp;available,89.5
998088.B565_0608,WM43_16060,annotation&nbsp;not&nbsp;available,89.5
998088.B565_3596,ansB,annotation&nbsp;not&nbsp;available,89.4
998088.B565_3291,gpt,Xanthine&nbsp;phosphoribosyltransferase,89.4
998088.B565_1577,argA,annotation&nbsp;not&nbsp;available,89.3
998088.B565_2815,aceK,Isocitrate&nbsp;dehydrogenase&nbsp;kinase/phosphatase,89.2
998088.B565_1671,B565_1671,annotation&nbsp;not&nbsp;available,89.2
998088.B565_0405,pckA,Phosphoenolpyruvate&nbsp;carboxykinase&nbsp;(ATP),89.2
998088.B565_1640,metE,5-methyltetrahydropteroyltriglutamate--homocysteine&nbsp;methyltransferase,89.2
998088.B565_2372,ndk,Nucleoside&nbsp;diphosphate&nbsp;kinase,89.1
998088.B565_2630,B565_2630,annotation&nbsp;not&nbsp;available,89.1
998088.B565_3576,WM43_10150,Glucose-1-phosphate&nbsp;adenylyltransferase,89.0
998088.B565_2281,B565_2281,annotation&nbsp;not&nbsp;available,88.9
998088.B565_2670,nagB,Glucosamine-6-phosphate&nbsp;deaminase,88.9
998088.B565_2842,WM43_06185,annotation&nbsp;not&nbsp;available,88.8
998088.B565_1719,B565_1719,annotation&nbsp;not&nbsp;available,88.8
998088.B565_3840,B565_3840,annotation&nbsp;not&nbsp;available,88.8
998088.B565_0324,rpsI,annotation&nbsp;not&nbsp;available,88.8
998088.B565_0783,era,GTPase&nbsp;Era,88.8
998088.B565_0712,B565_0712,Acetate&nbsp;kinase,88.7
998088.B565_1532,B565_1532,annotation&nbsp;not&nbsp;available,88.7
998088.B565_0416,gldA,annotation&nbsp;not&nbsp;available,88.7
998088.B565_1539,B565_1539,annotation&nbsp;not&nbsp;available,88.7
998088.B565_2280,WM43_03430,annotation&nbsp;not&nbsp;available,88.6
998088.B565_0872,B565_0872,annotation&nbsp;not&nbsp;available,88.6
998088.B565_0263,B565_0263,annotation&nbsp;not&nbsp;available,88.6
998088.B565_0795,B565_0795,annotation&nbsp;not&nbsp;available,88.5
998088.B565_2763,dnaK,Chaperone&nbsp;protein&nbsp;DnaK,88.5
998088.B565_1919,pheT,annotation&nbsp;not&nbsp;available,88.4
998088.B565_3759,B565_3759,annotation&nbsp;not&nbsp;available,88.4
998088.B565_0254,B565_0254,annotation&nbsp;not&nbsp;available,88.4
998088.B565_1024,B565_1024,annotation&nbsp;not&nbsp;available,88.4
998088.B565_0825,WM43_17215,annotation&nbsp;not&nbsp;available,88.3
998088.B565_3816,glnA,annotation&nbsp;not&nbsp;available,88.2
998088.B565_2882,B565_2882,annotation&nbsp;not&nbsp;available,88.2
998088.B565_3263,B565_3263,annotation&nbsp;not&nbsp;available,88.2
998088.B565_2598,B565_2598,annotation&nbsp;not&nbsp;available,88.2
998088.B565_3936,B565_3936,annotation&nbsp;not&nbsp;available,88.2
998088.B565_1922,B565_1922,annotation&nbsp;not&nbsp;available,88.1
998088.B565_2433,B565_2433,annotation&nbsp;not&nbsp;available,88.1
998088.B565_3838,ilvD,annotation&nbsp;not&nbsp;available,88.0
998088.B565_1616,B565_1616,annotation&nbsp;not&nbsp;available,87.9
998088.B565_3945,glyS,annotation&nbsp;not&nbsp;available,87.8
998088.B565_2377,hscB,Co-chaperone&nbsp;protein&nbsp;HscB&nbsp;homolog,87.8
998088.B565_0838,B565_0838,annotation&nbsp;not&nbsp;available,87.8
998088.B565_0297,WM43_14280,annotation&nbsp;not&nbsp;available,87.7
998088.B565_3622,B565_3622,annotation&nbsp;not&nbsp;available,87.7
998088.B565_3747,B565_3747,annotation&nbsp;not&nbsp;available,87.7
998088.B565_1918,pheS,annotation&nbsp;not&nbsp;available,87.7
998088.B565_1432,B565_1432,annotation&nbsp;not&nbsp;available,87.5
998088.B565_2022,B565_2022,annotation&nbsp;not&nbsp;available,87.4
998088.B565_2593,ppk,Polyphosphate&nbsp;kinase,87.4
998088.B565_1696,nrfA,Cytochrome&nbsp;c-552,87.4
998088.B565_1035,B565_1035,annotation&nbsp;not&nbsp;available,87.3
998088.B565_2507,B565_2507,annotation&nbsp;not&nbsp;available,87.2
998088.B565_0746,B565_0746,annotation&nbsp;not&nbsp;available,87.1
998088.B565_1419,B565_1419,Protein&nbsp;translocase&nbsp;subunit&nbsp;SecD,87.1
998088.B565_1180,ruvC,Crossover&nbsp;junction&nbsp;endodeoxyribonuclease&nbsp;RuvC,87.1
998088.B565_1699,B565_1699,annotation&nbsp;not&nbsp;available,87.0
998088.B565_0425,B565_0425,Single-stranded&nbsp;DNA-binding&nbsp;protein,86.9
998088.B565_1700,B565_1700,annotation&nbsp;not&nbsp;available,86.9
998088.B565_0152,B565_0152,annotation&nbsp;not&nbsp;available,86.8
998088.B565_0776,B565_0776,annotation&nbsp;not&nbsp;available,86.8
998088.B565_0313,B565_0313,annotation&nbsp;not&nbsp;available,86.8
998088.B565_2758,B565_2758,annotation&nbsp;not&nbsp;available,86.8
998088.B565_2010,B565_2010,annotation&nbsp;not&nbsp;available,86.8
998088.B565_0014,kdpC,Potassium-transporting&nbsp;ATPase&nbsp;KdpC&nbsp;subunit,86.7
998088.B565_2349,B565_2349,NADH-quinone&nbsp;oxidoreductase&nbsp;subunit&nbsp;F,86.7
998088.B565_0598,ruvB,Holliday&nbsp;junction&nbsp;ATP-dependent&nbsp;DNA&nbsp;helicase&nbsp;RuvB,86.7
998088.B565_0742,B565_0742,annotation&nbsp;not&nbsp;available,86.7
998088.B565_1223,B565_1223,annotation&nbsp;not&nbsp;available,86.7
998088.B565_2132,B565_2132,annotation&nbsp;not&nbsp;available,86.6
998088.B565_3819,glnG,annotation&nbsp;not&nbsp;available,86.5
998088.B565_1142,B565_1142,annotation&nbsp;not&nbsp;available,86.5
998088.B565_3603,recX,Regulatory&nbsp;protein&nbsp;RecX,86.4
998088.B565_0312,B565_0312,annotation&nbsp;not&nbsp;available,86.3
998088.B565_1951,WM43_01785,annotation&nbsp;not&nbsp;available,86.3
998088.B565_0786,B565_0786,annotation&nbsp;not&nbsp;available,86.3
998088.B565_0100,B565_0100,annotation&nbsp;not&nbsp;available,86.3
998088.B565_3386,B565_3386,Vitamin&nbsp;B12-dependent&nbsp;ribonucleotide&nbsp;reductase,86.2
998088.B565_3969,rhlB,ATP-dependent&nbsp;RNA&nbsp;helicase&nbsp;RhlB,86.2
998088.B565_0188,rplV,50S&nbsp;ribosomal&nbsp;protein&nbsp;L22,86.2
998088.B565_2290,B565_2290,annotation&nbsp;not&nbsp;available,86.1
998088.B565_0679,B565_0679,annotation&nbsp;not&nbsp;available,86.1
998088.B565_2375,WM43_21235,annotation&nbsp;not&nbsp;available,86.0
998088.B565_1331,B565_1331,annotation&nbsp;not&nbsp;available,86.0
998088.B565_1058,B565_1058,annotation&nbsp;not&nbsp;available,85.9
998088.B565_1570,B565_1570,annotation&nbsp;not&nbsp;available,85.9
998088.B565_0013,B565_0013,annotation&nbsp;not&nbsp;available,85.7
998088.B565_3718,fusA,Elongation&nbsp;factor&nbsp;G,85.7
998088.B565_1853,B565_1853,annotation&nbsp;not&nbsp;available,85.7
998088.B565_0897,mrdA,"Peptidoglycan&nbsp;D,D-transpeptidase&nbsp;MrdA",85.7
998088.B565_0325,B565_0325,Ubiquinol-cytochrome&nbsp;c&nbsp;reductase&nbsp;iron-sulfur&nbsp;subunit,85.7
998088.B565_3731,rplK,50S&nbsp;ribosomal&nbsp;protein&nbsp;L11,85.7
998088.B565_3532,B565_3532,annotation&nbsp;not&nbsp;available,85.7
998088.B565_2557,B565_2557,annotation&nbsp;not&nbsp;available,85.7
998088.B565_1694,B565_1694,annotation&nbsp;not&nbsp;available,85.6
998088.B565_1997,acpP,Acyl&nbsp;carrier&nbsp;protein,85.6
998088.B565_3974,B565_3974,annotation&nbsp;not&nbsp;available,85.6
998088.B565_3052,frr,Ribosome-recycling&nbsp;factor,85.5
998088.B565_0625,glgB,"1,4-alpha-glucan&nbsp;branching&nbsp;enzyme&nbsp;GlgB",85.5
998088.B565_0277,B565_0277,annotation&nbsp;not&nbsp;available,85.5
998088.B565_0427,B565_0427,annotation&nbsp;not&nbsp;available,85.4
998088.B565_0976,trpS,annotation&nbsp;not&nbsp;available,85.4
998088.B565_1937,potB,annotation&nbsp;not&nbsp;available,85.3
998088.B565_1535,B565_1535,annotation&nbsp;not&nbsp;available,85.3
998088.B565_1823,WM43_02490,annotation&nbsp;not&nbsp;available,85.2
998088.B565_0099,hslV,ATP-dependent&nbsp;protease&nbsp;subunit&nbsp;HslV,85.2
998088.B565_1453,B565_1453,annotation&nbsp;not&nbsp;available,85.2
998088.B565_1609,B565_1609,annotation&nbsp;not&nbsp;available,85.2
998088.B565_2147,B565_2147,annotation&nbsp;not&nbsp;available,85.2
998088.B565_2224,B565_2224,annotation&nbsp;not&nbsp;available,85.1
998088.B565_0877,cysH,Phosphoadenosine&nbsp;phosphosulfate&nbsp;reductase,85.1
998088.B565_0975,B565_0975,annotation&nbsp;not&nbsp;available,85.1
998088.B565_0307,WM43_14330,annotation&nbsp;not&nbsp;available,85.0
998088.B565_1360,B565_1360,annotation&nbsp;not&nbsp;available,84.9
998088.B565_2098,WM43_01035,Aspartate-semialdehyde&nbsp;dehydrogenase,84.9
998088.B565_3282,rsgA,Small&nbsp;ribosomal&nbsp;subunit&nbsp;biogenesis&nbsp;GTPase&nbsp;RsgA,84.8
998088.B565_0039,B565_0039,annotation&nbsp;not&nbsp;available,84.8
998088.B565_2050,B565_2050,annotation&nbsp;not&nbsp;available,84.8
998088.B565_1415,tyrA,annotation&nbsp;not&nbsp;available,84.8
998088.B565_2118,B565_2118,annotation&nbsp;not&nbsp;available,84.6
998088.B565_3443,WM43_09480,annotation&nbsp;not&nbsp;available,84.6
998088.B565_0186,rplB,50S&nbsp;ribosomal&nbsp;protein&nbsp;L2,84.5
998088.B565_1725,B565_1725,Lipid&nbsp;A&nbsp;biosynthesis&nbsp;myristoyltransferase,84.4
998088.B565_0801,B565_0801,annotation&nbsp;not&nbsp;available,84.4
998088.B565_3225,glyA,Serine&nbsp;hydroxymethyltransferase,84.4
998088.B565_1604,WM43_00225,annotation&nbsp;not&nbsp;available,84.4
998088.B565_3965,ubiD,3-octaprenyl-4-hydroxybenzoate&nbsp;carboxy-lyase,84.4
998088.B565_2541,B565_2541,Electron&nbsp;transport&nbsp;complex&nbsp;subunit&nbsp;C,84.3
998088.B565_3175,B565_3175,annotation&nbsp;not&nbsp;available,84.3
998088.B565_0540,znuC,Zinc&nbsp;import&nbsp;ATP-binding&nbsp;protein&nbsp;ZnuC,84.3
998088.B565_2865,B565_2865,annotation&nbsp;not&nbsp;available,84.3
998088.B565_3060,WM43_07320,annotation&nbsp;not&nbsp;available,84.3
998088.B565_1325,B565_1325,annotation&nbsp;not&nbsp;available,84.1
998088.B565_3933,B565_3933,annotation&nbsp;not&nbsp;available,84.1
998088.B565_3373,B565_3373,annotation&nbsp;not&nbsp;available,84.1
998088.B565_0388,argB,Acetylglutamate&nbsp;kinase,84.0
998088.B565_2056,B565_2056,annotation&nbsp;not&nbsp;available,84.0
998088.B565_0133,B565_0133,Spermidine/putrescine&nbsp;import&nbsp;ATP-binding&nbsp;protein&nbsp;PotA,84.0
998088.B565_3077,WM43_07510,annotation&nbsp;not&nbsp;available,83.9
998088.B565_2391,yajC,annotation&nbsp;not&nbsp;available,83.8
998088.B565_0048,B565_0048,N5-carboxyaminoimidazole&nbsp;ribonucleotide&nbsp;mutase,83.8
998088.B565_3223,ribD,Riboflavin&nbsp;biosynthesis&nbsp;protein&nbsp;RibD,83.8
998088.B565_3631,rimK,annotation&nbsp;not&nbsp;available,83.8
998088.B565_1014,B565_1014,annotation&nbsp;not&nbsp;available,83.7
998088.B565_0387,B565_0387,annotation&nbsp;not&nbsp;available,83.7
998088.B565_2880,WM43_06405,Phosphoenolpyruvate-protein&nbsp;phosphotransferase,83.7
998088.B565_1901,dcd,annotation&nbsp;not&nbsp;available,83.7
998088.B565_2768,B565_2768,annotation&nbsp;not&nbsp;available,83.7
998088.B565_2603,B565_2603,annotation&nbsp;not&nbsp;available,83.6
998088.B565_3680,B565_3680,Carbonic&nbsp;anhydrase,83.6
998088.B565_2813,thrA,annotation&nbsp;not&nbsp;available,83.6
998088.B565_0902,lptE,LPS-assembly&nbsp;lipoprotein&nbsp;LptE,83.5
998088.B565_1346,B565_1346,annotation&nbsp;not&nbsp;available,83.5
998088.B565_3487,rplS,50S&nbsp;ribosomal&nbsp;protein&nbsp;L19,83.5
998088.B565_3237,acsA,Acetyl-coenzyme&nbsp;A&nbsp;synthetase,83.5
998088.B565_2252,aroA,3-phosphoshikimate&nbsp;1-carboxyvinyltransferase,83.5
998088.B565_1406,WM43_19900,annotation&nbsp;not&nbsp;available,83.4
998088.B565_1452,B565_1452,annotation&nbsp;not&nbsp;available,83.3
998088.B565_0309,WM43_14340,annotation&nbsp;not&nbsp;available,83.1
998088.B565_2402,B565_2402,annotation&nbsp;not&nbsp;available,83.1
998088.B565_0808,B565_0808,annotation&nbsp;not&nbsp;available,83.1
998088.B565_2506,glpK,Glycerol&nbsp;kinase,83.1
998088.B565_3652,B565_3652,Cell&nbsp;shape-determining&nbsp;protein&nbsp;MreC,83.1
998088.B565_1731,B565_1731,annotation&nbsp;not&nbsp;available,83.0
998088.B565_2234,B565_2234,annotation&nbsp;not&nbsp;available,83.0
998088.B565_1615,B565_1615,annotation&nbsp;not&nbsp;available,83.0
998088.B565_0340,murE,"UDP-N-acetylmuramoyl-L-alanyl-D-glutamate--2,6-diaminopimelate&nbsp;ligase",83.0
998088.B565_3227,B565_3227,annotation&nbsp;not&nbsp;available,83.0
998088.B565_4026,WM43_12610,annotation&nbsp;not&nbsp;available,82.9
998088.B565_0135,B565_0135,annotation&nbsp;not&nbsp;available,82.9
998088.B565_3100,nqrF,Na(+)-translocating&nbsp;NADH-quinone&nbsp;reductase&nbsp;subunit&nbsp;F,82.9
998088.B565_1243,B565_1243,annotation&nbsp;not&nbsp;available,82.9
998088.B565_0529,B565_0529,annotation&nbsp;not&nbsp;available,82.8
998088.B565_3428,B565_3428,annotation&nbsp;not&nbsp;available,82.8
998088.B565_1837,B565_1837,Chromosome&nbsp;partition&nbsp;protein&nbsp;MukF,82.8
998088.B565_2285,infA,Translation&nbsp;initiation&nbsp;factor&nbsp;IF-1,82.8
998088.B565_1834,B565_1834,Triosephosphate&nbsp;isomerase,82.7
998088.B565_1576,B565_1576,annotation&nbsp;not&nbsp;available,82.7
998088.B565_3037,tal,Transaldolase,82.7
998088.B565_3460,WM43_09565,annotation&nbsp;not&nbsp;available,82.7
998088.B565_2222,B565_2222,annotation&nbsp;not&nbsp;available,82.6
998088.B565_3737,birA,Bifunctional&nbsp;ligase/repressor&nbsp;BirA,82.6
998088.B565_0190,rplP,50S&nbsp;ribosomal&nbsp;protein&nbsp;L16,82.6
998088.B565_0066,B565_0066,annotation&nbsp;not&nbsp;available,82.6
998088.B565_1948,B565_1948,Cbb3-type&nbsp;cytochrome&nbsp;c&nbsp;oxidase&nbsp;subunit,82.6
998088.B565_0196,rpsN,30S&nbsp;ribosomal&nbsp;protein&nbsp;S14,82.5
998088.B565_0194,rplX,50S&nbsp;ribosomal&nbsp;protein&nbsp;L24,82.5
998088.B565_0852,B565_0852,annotation&nbsp;not&nbsp;available,82.5
998088.B565_0370,B565_0370,annotation&nbsp;not&nbsp;available,82.4
998088.B565_3944,glyQ,annotation&nbsp;not&nbsp;available,82.4
998088.B565_3990,B565_3990,Protein&nbsp;TonB,82.2
998088.B565_1122,B565_1122,annotation&nbsp;not&nbsp;available,82.2
998088.B565_0372,B565_0372,annotation&nbsp;not&nbsp;available,82.2
998088.B565_1683,B565_1683,annotation&nbsp;not&nbsp;available,82.2
998088.B565_2243,B565_2243,annotation&nbsp;not&nbsp;available,82.1
998088.B565_1100,WM43_18620,Flagellar&nbsp;motor&nbsp;switch&nbsp;protein&nbsp;FliG,82.0
998088.B565_3841,B565_3841,annotation&nbsp;not&nbsp;available,82.0
998088.B565_1132,B565_1132,annotation&nbsp;not&nbsp;available,82.0
998088.B565_0112,B565_0112,annotation&nbsp;not&nbsp;available,82.0
998088.B565_3928,B565_3928,annotation&nbsp;not&nbsp;available,81.9
998088.B565_3919,dut,Deoxyuridine&nbsp;5'-triphosphate&nbsp;nucleotidohydrolase,81.9
998088.B565_3877,WM43_11815,annotation&nbsp;not&nbsp;available,81.8
998088.B565_3174,B565_3174,annotation&nbsp;not&nbsp;available,81.8
998088.B565_1164,B565_1164,annotation&nbsp;not&nbsp;available,81.7
998088.B565_0654,B565_0654,annotation&nbsp;not&nbsp;available,81.6
998088.B565_2602,WM43_04960,annotation&nbsp;not&nbsp;available,81.6
998088.B565_3394,aspA,annotation&nbsp;not&nbsp;available,81.6
998088.B565_1590,B565_1590,annotation&nbsp;not&nbsp;available,81.5
998088.B565_3751,WM43_11115,annotation&nbsp;not&nbsp;available,81.5
998088.B565_3348,B565_3348,Phosphate&nbsp;acetyltransferase,81.5
998088.B565_2185,B565_2185,annotation&nbsp;not&nbsp;available,81.5
998088.B565_1469,B565_1469,annotation&nbsp;not&nbsp;available,81.5
998088.B565_2822,B565_2822,annotation&nbsp;not&nbsp;available,81.4
998088.B565_3777,B565_3777,annotation&nbsp;not&nbsp;available,81.4
998088.B565_2797,B565_2797,annotation&nbsp;not&nbsp;available,81.3
998088.B565_2179,B565_2179,annotation&nbsp;not&nbsp;available,81.3
998088.B565_1427,B565_1427,annotation&nbsp;not&nbsp;available,81.2
998088.B565_2659,B565_2659,annotation&nbsp;not&nbsp;available,81.2
998088.B565_2747,B565_2747,annotation&nbsp;not&nbsp;available,81.2
998088.B565_3180,B565_3180,annotation&nbsp;not&nbsp;available,81.2
998088.B565_1736,B565_1736,annotation&nbsp;not&nbsp;available,81.1
998088.B565_2607,WM43_04985,annotation&nbsp;not&nbsp;available,81.1
998088.B565_1289,B565_1289,Enoyl-[acyl-carrier-protein]&nbsp;reductase&nbsp;[NADH],81.1
998088.B565_0817,WM43_17175,annotation&nbsp;not&nbsp;available,81.1
998088.B565_1118,B565_1118,Protein&nbsp;phosphatase&nbsp;CheZ,81.1
998088.B565_3017,WM43_07060,Tyrosine--tRNA&nbsp;ligase,81.1
998088.B565_1478,gcvH,Glycine&nbsp;cleavage&nbsp;system&nbsp;H&nbsp;protein,81.1
998088.B565_1916,rpmI,annotation&nbsp;not&nbsp;available,81.0
998088.B565_1959,pyrD,Dihydroorotate&nbsp;dehydrogenase&nbsp;(quinone),81.0
998088.B565_2487,uvrC,UvrABC&nbsp;system&nbsp;protein&nbsp;C,81.0
998088.B565_2359,B565_2359,annotation&nbsp;not&nbsp;available,80.9
998088.B565_3999,B565_3999,annotation&nbsp;not&nbsp;available,80.9
998088.B565_0028,rpoZ,DNA-directed&nbsp;RNA&nbsp;polymerase&nbsp;subunit&nbsp;omega,80.9
998088.B565_1077,B565_1077,annotation&nbsp;not&nbsp;available,80.9
998088.B565_2008,B565_2008,annotation&nbsp;not&nbsp;available,80.8
998088.B565_2522,B565_2522,annotation&nbsp;not&nbsp;available,80.8
998088.B565_1663,B565_1663,Pyridoxal&nbsp;kinase&nbsp;PdxY,80.7
998088.B565_2769,macB,Macrolide&nbsp;export&nbsp;ATP-binding/permease&nbsp;protein&nbsp;MacB,80.7
998088.B565_3327,B565_3327,annotation&nbsp;not&nbsp;available,80.6
998088.B565_1238,B565_1238,annotation&nbsp;not&nbsp;available,80.6
998088.B565_0197,rpsH,30S&nbsp;ribosomal&nbsp;protein&nbsp;S8,80.6
998088.B565_3296,lptD,LPS-assembly&nbsp;protein&nbsp;LptD,80.5
998088.B565_3956,livM,annotation&nbsp;not&nbsp;available,80.5
998088.B565_3168,B565_3168,annotation&nbsp;not&nbsp;available,80.4
998088.B565_2582,B565_2582,annotation&nbsp;not&nbsp;available,80.4
998088.B565_3404,purH,annotation&nbsp;not&nbsp;available,80.4
998088.B565_2578,WM43_04835,annotation&nbsp;not&nbsp;available,80.3
998088.B565_2136,B565_2136,annotation&nbsp;not&nbsp;available,80.3
998088.B565_0195,rplE,50S&nbsp;ribosomal&nbsp;protein&nbsp;L5,80.3
998088.B565_3823,B565_3823,annotation&nbsp;not&nbsp;available,80.2
998088.B565_3757,WM43_11145,annotation&nbsp;not&nbsp;available,80.2
998088.B565_3383,thiQ,Thiamine&nbsp;import&nbsp;ATP-binding&nbsp;protein&nbsp;ThiQ,80.1
998088.B565_3120,pheA,annotation&nbsp;not&nbsp;available,80.0
998088.B565_0348,ftsA,Cell&nbsp;division&nbsp;protein&nbsp;FtsA,80.0
998088.B565_1607,B565_1607,annotation&nbsp;not&nbsp;available,79.8
998088.B565_1497,malG,annotation&nbsp;not&nbsp;available,79.8
998088.B565_0734,B565_0734,annotation&nbsp;not&nbsp;available,79.8
998088.B565_3292,B565_3292,annotation&nbsp;not&nbsp;available,79.7
998088.B565_3556,B565_3556,annotation&nbsp;not&nbsp;available,79.6
998088.B565_1486,B565_1486,Phosphoenolpyruvate&nbsp;synthase,79.6
998088.B565_3230,B565_3230,annotation&nbsp;not&nbsp;available,79.6
998088.B565_1618,B565_1618,annotation&nbsp;not&nbsp;available,79.6
998088.B565_0926,WM43_17730,annotation&nbsp;not&nbsp;available,79.6
998088.B565_2885,B565_2885,annotation&nbsp;not&nbsp;available,79.6
998088.B565_2312,ribA,GTP&nbsp;cyclohydrolase-2,79.5
998088.B565_1515,B565_1515,annotation&nbsp;not&nbsp;available,79.4
998088.B565_2306,pyrF,Orotidine&nbsp;5'-phosphate&nbsp;decarboxylase,79.4
998088.B565_1203,WM43_19130,annotation&nbsp;not&nbsp;available,79.4
998088.B565_0057,B565_0057,Cysteine&nbsp;desulfurase,79.3
998088.B565_3135,B565_3135,annotation&nbsp;not&nbsp;available,79.3
998088.B565_0513,parC,DNA&nbsp;topoisomerase&nbsp;4&nbsp;subunit&nbsp;A,79.3
998088.B565_0969,aroK,Shikimate&nbsp;kinase,79.2
998088.B565_1290,WM43_19350,annotation&nbsp;not&nbsp;available,79.2
998088.B565_3702,WM43_10840,Sec-independent&nbsp;protein&nbsp;translocase&nbsp;protein&nbsp;TatA,79.2
998088.B565_3934,fadB,Fatty&nbsp;acid&nbsp;oxidation&nbsp;complex&nbsp;subunit&nbsp;alpha,79.2
998088.B565_1127,ccmA,Cytochrome&nbsp;c&nbsp;biogenesis&nbsp;ATP-binding&nbsp;export&nbsp;protein&nbsp;CcmA,79.0
998088.B565_0503,mtlD,annotation&nbsp;not&nbsp;available,79.0
998088.B565_0572,B565_0572,annotation&nbsp;not&nbsp;available,79.0
998088.B565_2346,nuoB,NADH-quinone&nbsp;oxidoreductase&nbsp;subunit&nbsp;B,79.0
998088.B565_0813,B565_0813,annotation&nbsp;not&nbsp;available,78.9
998088.B565_3955,B565_3955,annotation&nbsp;not&nbsp;available,78.9
998088.B565_0688,mazG,annotation&nbsp;not&nbsp;available,78.8
998088.B565_3317,B565_3317,annotation&nbsp;not&nbsp;available,78.8
998088.B565_1557,B565_1557,annotation&nbsp;not&nbsp;available,78.8
998088.B565_3481,thyA,Thymidylate&nbsp;synthase,78.7
998088.B565_3813,trkA,annotation&nbsp;not&nbsp;available,78.7
998088.B565_3733,secE,Protein&nbsp;translocase&nbsp;subunit&nbsp;SecE,78.7
998088.B565_0755,B565_0755,Bifunctional&nbsp;protein&nbsp;PutA,78.6
998088.B565_0193,rplN,50S&nbsp;ribosomal&nbsp;protein&nbsp;L14,78.6
998088.B565_1391,B565_1391,annotation&nbsp;not&nbsp;available,78.6
998088.B565_3604,recA,Protein&nbsp;RecA,78.6
998088.B565_1001,hemA,Glutamyl-tRNA&nbsp;reductase,78.5
998088.B565_1657,B565_1657,annotation&nbsp;not&nbsp;available,78.5
998088.B565_3076,xni,Flap&nbsp;endonuclease&nbsp;Xni,78.4
998088.B565_1328,B565_1328,annotation&nbsp;not&nbsp;available,78.4
998088.B565_1393,B565_1393,annotation&nbsp;not&nbsp;available,78.4
998088.B565_1216,B565_1216,annotation&nbsp;not&nbsp;available,78.3
998088.B565_0281,cyaY,annotation&nbsp;not&nbsp;available,78.3
998088.B565_0830,WM43_17245,Replicative&nbsp;DNA&nbsp;helicase,78.3
998088.B565_1186,B565_1186,annotation&nbsp;not&nbsp;available,78.2
998088.B565_1647,B565_1647,annotation&nbsp;not&nbsp;available,78.2
998088.B565_1065,B565_1065,annotation&nbsp;not&nbsp;available,78.1
998088.B565_3935,fadA,3-ketoacyl-CoA&nbsp;thiolase,78.1
998088.B565_1863,B565_1863,annotation&nbsp;not&nbsp;available,78.1
998088.B565_2033,B565_2033,annotation&nbsp;not&nbsp;available,78.1
998088.B565_3818,glnL,annotation&nbsp;not&nbsp;available,78.0
998088.B565_1121,motC,annotation&nbsp;not&nbsp;available,78.0
998088.B565_0778,B565_0778,annotation&nbsp;not&nbsp;available,78.0
998088.B565_3980,tatC,Sec-independent&nbsp;protein&nbsp;translocase&nbsp;protein&nbsp;TatC,78.0
998088.B565_1864,B565_1864,annotation&nbsp;not&nbsp;available,77.9
998088.B565_2668,B565_2668,annotation&nbsp;not&nbsp;available,77.8
998088.B565_0286,B565_0286,annotation&nbsp;not&nbsp;available,77.8
998088.B565_0261,pepA,Probable&nbsp;cytosol&nbsp;aminopeptidase,77.7
998088.B565_3240,WM43_08375,annotation&nbsp;not&nbsp;available,77.7
998088.B565_2538,B565_2538,annotation&nbsp;not&nbsp;available,77.6
998088.B565_3859,B565_3859,annotation&nbsp;not&nbsp;available,77.6
998088.B565_2188,B565_2188,annotation&nbsp;not&nbsp;available,77.6
998088.B565_1750,fadR,Fatty&nbsp;acid&nbsp;metabolism&nbsp;regulator&nbsp;protein,77.5
998088.B565_2872,WM43_06375,annotation&nbsp;not&nbsp;available,77.5
998088.B565_0997,B565_0997,annotation&nbsp;not&nbsp;available,77.5
998088.B565_0092,B565_0092,annotation&nbsp;not&nbsp;available,77.5
998088.B565_3189,nusA,Transcription&nbsp;termination/antitermination&nbsp;protein&nbsp;NusA,77.4
998088.B565_1907,B565_1907,Ribonucleoside-diphosphate&nbsp;reductase,77.4
998088.B565_1571,B565_1571,annotation&nbsp;not&nbsp;available,77.4
998088.B565_0832,alr,Alanine&nbsp;racemase,77.3
998088.B565_2054,B565_2054,annotation&nbsp;not&nbsp;available,77.3
998088.B565_1859,B565_1859,annotation&nbsp;not&nbsp;available,77.2
998088.B565_2432,B565_2432,annotation&nbsp;not&nbsp;available,77.2
998088.B565_2348,B565_2348,annotation&nbsp;not&nbsp;available,77.1
998088.B565_2827,trpA,Tryptophan&nbsp;synthase&nbsp;alpha&nbsp;chain,77.1
998088.B565_2389,WM43_21165,Protein-export&nbsp;membrane&nbsp;protein&nbsp;SecF,77.1
998088.B565_0016,kdpA,Potassium-transporting&nbsp;ATPase&nbsp;potassium-binding&nbsp;subunit,77.1
998088.B565_3091,B565_3091,Peptidyl-prolyl&nbsp;cis-trans&nbsp;isomerase,77.0
998088.B565_0564,srmB,ATP-dependent&nbsp;RNA&nbsp;helicase&nbsp;SrmB,77.0
998088.B565_0089,B565_0089,Siroheme&nbsp;synthase,76.9
998088.B565_4023,mnmE,tRNA&nbsp;modification&nbsp;GTPase&nbsp;MnmE,76.9
998088.B565_3219,nusB,Transcription&nbsp;antitermination&nbsp;protein&nbsp;NusB,76.9
998088.B565_0541,B565_0541,annotation&nbsp;not&nbsp;available,76.9
998088.B565_2954,WM43_06755,annotation&nbsp;not&nbsp;available,76.8
998088.B565_1229,B565_1229,annotation&nbsp;not&nbsp;available,76.8
998088.B565_3483,B565_3483,annotation&nbsp;not&nbsp;available,76.8
998088.B565_0200,rpsE,30S&nbsp;ribosomal&nbsp;protein&nbsp;S5,76.6
998088.B565_0169,secB,Protein-export&nbsp;protein&nbsp;SecB,76.5
998088.B565_1050,B565_1050,annotation&nbsp;not&nbsp;available,76.5
998088.B565_3868,ebgA,annotation&nbsp;not&nbsp;available,76.5
998088.B565_2903,B565_2903,annotation&nbsp;not&nbsp;available,76.4
998088.B565_3995,WM43_12390,annotation&nbsp;not&nbsp;available,76.4
998088.B565_2759,B565_2759,annotation&nbsp;not&nbsp;available,76.4
998088.B565_3632,B565_3632,annotation&nbsp;not&nbsp;available,76.3
998088.B565_2023,B565_2023,annotation&nbsp;not&nbsp;available,76.3
998088.B565_1321,dnaQ,DNA&nbsp;polymerase&nbsp;III&nbsp;subunit&nbsp;epsilon,76.2
998088.B565_2100,B565_2100,annotation&nbsp;not&nbsp;available,76.1
998088.B565_2590,B565_2590,annotation&nbsp;not&nbsp;available,76.1
998088.B565_3780,B565_3780,annotation&nbsp;not&nbsp;available,76.1
998088.B565_0429,B565_0429,annotation&nbsp;not&nbsp;available,76.0
998088.B565_0782,rnc,Ribonuclease&nbsp;3,76.0
998088.B565_0299,WM43_14290,annotation&nbsp;not&nbsp;available,76.0
998088.B565_0012,B565_0012,annotation&nbsp;not&nbsp;available,75.9
998088.B565_2902,B565_2902,annotation&nbsp;not&nbsp;available,75.9
998088.B565_3047,bamA,Outer&nbsp;membrane&nbsp;protein&nbsp;assembly&nbsp;factor&nbsp;BamA,75.8
998088.B565_0995,ychF,Ribosome-binding&nbsp;ATPase&nbsp;YchF,75.8
998088.B565_3521,B565_3521,annotation&nbsp;not&nbsp;available,75.8
998088.B565_2767,B565_2767,annotation&nbsp;not&nbsp;available,75.7
998088.B565_2379,WM43_21215,Iron-sulfur&nbsp;cluster&nbsp;assembly&nbsp;scaffold&nbsp;protein&nbsp;IscU,75.7
998088.B565_1887,B565_1887,annotation&nbsp;not&nbsp;available,75.7
998088.B565_2588,B565_2588,annotation&nbsp;not&nbsp;available,75.6
998088.B565_0881,lysS,annotation&nbsp;not&nbsp;available,75.6
998088.B565_2608,WM43_04990,annotation&nbsp;not&nbsp;available,75.6
998088.B565_3584,hemL,annotation&nbsp;not&nbsp;available,75.6
998088.B565_3878,B565_3878,annotation&nbsp;not&nbsp;available,75.6
998088.B565_2740,B565_2740,annotation&nbsp;not&nbsp;available,75.4
998088.B565_0756,nudC,annotation&nbsp;not&nbsp;available,75.4
998088.B565_3321,WM43_08825,annotation&nbsp;not&nbsp;available,75.4
998088.B565_1643,B565_1643,annotation&nbsp;not&nbsp;available,75.4
998088.B565_3397,rpsU,annotation&nbsp;not&nbsp;available,75.3
998088.B565_0208,rplQ,annotation&nbsp;not&nbsp;available,75.3
998088.B565_0296,WM43_14275,annotation&nbsp;not&nbsp;available,75.3
998088.B565_1895,B565_1895,annotation&nbsp;not&nbsp;available,75.3
998088.B565_0234,B565_0234,annotation&nbsp;not&nbsp;available,75.1
998088.B565_2017,rhlE,ATP-dependent&nbsp;RNA&nbsp;helicase&nbsp;RhlE,75.1
998088.B565_3396,tsaD,tRNA&nbsp;N6-adenosine&nbsp;threonylcarbamoyltransferase,75.1
998088.B565_0452,B565_0452,annotation&nbsp;not&nbsp;available,75.0
998088.B565_0132,B565_0132,Putrescine-binding&nbsp;periplasmic&nbsp;protein,74.9
998088.B565_2631,B565_2631,annotation&nbsp;not&nbsp;available,74.8
998088.B565_0385,argH,annotation&nbsp;not&nbsp;available,74.8
998088.B565_3485,mutH,DNA&nbsp;mismatch&nbsp;repair&nbsp;protein&nbsp;MutH,74.8
998088.B565_3350,B565_3350,annotation&nbsp;not&nbsp;available,74.7
998088.B565_1898,metG,Methionine--tRNA&nbsp;ligase,74.7
998088.B565_2373,WM43_21245,Aminopeptidase&nbsp;B.&nbsp;Metallo&nbsp;peptidase.&nbsp;MEROPS&nbsp;family&nbsp;M17,74.6
998088.B565_3789,B565_3789,Ornithine&nbsp;carbamoyltransferase,74.6
998088.B565_3420,B565_3420,annotation&nbsp;not&nbsp;available,74.6
998088.B565_0629,nadA,Quinolinate&nbsp;synthase&nbsp;A,74.6
998088.B565_1874,hisI,annotation&nbsp;not&nbsp;available,74.6
998088.B565_0201,rpmD,annotation&nbsp;not&nbsp;available,74.6
998088.B565_2594,B565_2594,annotation&nbsp;not&nbsp;available,74.6
998088.B565_0304,WM43_14315,annotation&nbsp;not&nbsp;available,74.6
998088.B565_3055,rpsB,annotation&nbsp;not&nbsp;available,74.6
998088.B565_4028,B565_4028,annotation&nbsp;not&nbsp;available,74.6
998088.B565_1468,B565_1468,annotation&nbsp;not&nbsp;available,74.5
998088.B565_3836,B565_3836,annotation&nbsp;not&nbsp;available,74.5
998088.B565_1218,modC,Molybdenum&nbsp;import&nbsp;ATP-binding&nbsp;protein&nbsp;ModC,74.5
998088.B565_0419,B565_0419,annotation&nbsp;not&nbsp;available,74.5
998088.B565_1207,napA,Nitrate&nbsp;reductase,74.5
998088.B565_0180,B565_0180,annotation&nbsp;not&nbsp;available,74.5
998088.B565_0302,lptC,Lipopolysaccharide&nbsp;export&nbsp;system&nbsp;protein&nbsp;LptC,74.5
998088.B565_3490,rpsP,annotation&nbsp;not&nbsp;available,74.4
998088.B565_0791,B565_0791,annotation&nbsp;not&nbsp;available,74.4
998088.B565_1920,himA,Integration&nbsp;host&nbsp;factor&nbsp;subunit&nbsp;alpha,74.4
998088.B565_2227,fbp,annotation&nbsp;not&nbsp;available,74.4
998088.B565_0663,B565_0663,annotation&nbsp;not&nbsp;available,74.4
998088.B565_1713,B565_1713,annotation&nbsp;not&nbsp;available,74.4
998088.B565_1690,B565_1690,Formate-dependent&nbsp;nitrite&nbsp;reductase&nbsp;complex&nbsp;subunit,74.4
998088.B565_2680,B565_2680,annotation&nbsp;not&nbsp;available,74.3
998088.B565_3498,artM,annotation&nbsp;not&nbsp;available,74.2
998088.B565_0600,WM43_16020,annotation&nbsp;not&nbsp;available,74.1
998088.B565_2309,himD,Integration&nbsp;host&nbsp;factor&nbsp;subunit&nbsp;beta,74.1
998088.B565_3958,livF,annotation&nbsp;not&nbsp;available,74.1
998088.B565_3721,B565_3721,annotation&nbsp;not&nbsp;available,74.1
998088.B565_2376,hscA,Chaperone&nbsp;protein&nbsp;HscA&nbsp;homolog,74.1
998088.B565_3606,mutS,DNA&nbsp;mismatch&nbsp;repair&nbsp;protein&nbsp;MutS,74.0
998088.B565_2642,B565_2642,annotation&nbsp;not&nbsp;available,74.0
998088.B565_0369,B565_0369,annotation&nbsp;not&nbsp;available,74.0
998088.B565_1559,B565_1559,Aspartate-semialdehyde&nbsp;dehydrogenase,74.0
998088.B565_2121,B565_2121,annotation&nbsp;not&nbsp;available,73.9
998088.B565_1551,B565_1551,annotation&nbsp;not&nbsp;available,73.9
998088.B565_1911,B565_1911,annotation&nbsp;not&nbsp;available,73.9
998088.B565_1824,minC,Probable&nbsp;septum&nbsp;site-determining&nbsp;protein&nbsp;MinC,73.9
998088.B565_0341,murF,UDP-N-acetylmuramoyl-tripeptide--D-alanyl-D-alanine&nbsp;ligase,73.9
998088.B565_3200,motB,annotation&nbsp;not&nbsp;available,73.7
998088.B565_1353,B565_1353,annotation&nbsp;not&nbsp;available,73.7
998088.B565_0207,rpoA,DNA-directed&nbsp;RNA&nbsp;polymerase&nbsp;subunit&nbsp;alpha,73.7
998088.B565_2350,B565_2350,annotation&nbsp;not&nbsp;available,73.7
998088.B565_2881,WM43_06410,annotation&nbsp;not&nbsp;available,73.7
998088.B565_0179,ompR,annotation&nbsp;not&nbsp;available,73.7
998088.B565_1745,uvrB,UvrABC&nbsp;system&nbsp;protein&nbsp;B,73.6
998088.B565_2931,B565_2931,annotation&nbsp;not&nbsp;available,73.6
998088.B565_0963,B565_0963,annotation&nbsp;not&nbsp;available,73.6
998088.B565_0004,gyrB,DNA&nbsp;gyrase&nbsp;subunit&nbsp;B,73.5
998088.B565_1418,B565_1418,Protein-export&nbsp;membrane&nbsp;protein&nbsp;SecF,73.5
998088.B565_2279,WM43_03425,annotation&nbsp;not&nbsp;available,73.5
998088.B565_0850,B565_0850,annotation&nbsp;not&nbsp;available,73.5
998088.B565_3769,bamD,Outer&nbsp;membrane&nbsp;protein&nbsp;assembly&nbsp;factor&nbsp;BamD,73.5
998088.B565_1102,fliI,annotation&nbsp;not&nbsp;available,73.4
998088.B565_2992,B565_2992,annotation&nbsp;not&nbsp;available,73.4
998088.B565_0858,WM43_17400,annotation&nbsp;not&nbsp;available,73.4
998088.B565_2248,B565_2248,annotation&nbsp;not&nbsp;available,73.4
998088.B565_2303,queC,7-cyano-7-deazaguanine&nbsp;synthase,73.3
998088.B565_0167,gpmI,"2,3-bisphosphoglycerate-independent&nbsp;phosphoglycerate&nbsp;mutase",73.3
998088.B565_0657,B565_0657,annotation&nbsp;not&nbsp;available,73.3
998088.B565_0487,menF,Isochorismate&nbsp;synthase&nbsp;MenF,73.3
998088.B565_1978,B565_1978,annotation&nbsp;not&nbsp;available,73.3
998088.B565_0003,recF,DNA&nbsp;replication&nbsp;and&nbsp;repair&nbsp;protein&nbsp;RecF,73.2
998088.B565_2765,nadK,NAD&nbsp;kinase,73.2
998088.B565_1215,B565_1215,annotation&nbsp;not&nbsp;available,73.2
998088.B565_0664,panB,3-methyl-2-oxobutanoate&nbsp;hydroxymethyltransferase,73.1
998088.B565_1139,B565_1139,L-threonine&nbsp;dehydratase&nbsp;catabolic&nbsp;TdcB,73.1
998088.B565_0849,B565_0849,annotation&nbsp;not&nbsp;available,73.1
998088.B565_3476,rpsT,30S&nbsp;ribosomal&nbsp;protein&nbsp;S20,73.0
998088.B565_0961,B565_0961,annotation&nbsp;not&nbsp;available,73.0
998088.B565_0634,cysD,annotation&nbsp;not&nbsp;available,73.0
998088.B565_3726,rpoC,DNA-directed&nbsp;RNA&nbsp;polymerase&nbsp;subunit&nbsp;beta',72.9
998088.B565_1124,B565_1124,annotation&nbsp;not&nbsp;available,72.8
998088.B565_3097,nqrC,Na(+)-translocating&nbsp;NADH-quinone&nbsp;reductase&nbsp;subunit&nbsp;C,72.8
998088.B565_1498,B565_1498,annotation&nbsp;not&nbsp;available,72.8
998088.B565_0876,B565_0876,Dihydrofolate&nbsp;reductase,72.8
998088.B565_3325,metQ,annotation&nbsp;not&nbsp;available,72.8
998088.B565_2241,xseA,Exodeoxyribonuclease&nbsp;7&nbsp;large&nbsp;subunit,72.7
998088.B565_3682,WM43_10745,Cell&nbsp;division&nbsp;protein&nbsp;FtsX,72.7
998088.B565_1672,sdhD,Succinate&nbsp;dehydrogenase&nbsp;hydrophobic&nbsp;membrane&nbsp;anchor&nbsp;subunit,72.7
998088.B565_1018,B565_1018,annotation&nbsp;not&nbsp;available,72.7
998088.B565_3495,hmp,Flavohemoprotein,72.7
998088.B565_1179,B565_1179,annotation&nbsp;not&nbsp;available,72.7
998088.B565_1807,B565_1807,annotation&nbsp;not&nbsp;available,72.6
998088.B565_0173,bioH,Pimeloyl-[acyl-carrier&nbsp;protein]&nbsp;methyl&nbsp;ester&nbsp;esterase,72.6
998088.B565_2779,B565_2779,annotation&nbsp;not&nbsp;available,72.5
998088.B565_3957,livG,annotation&nbsp;not&nbsp;available,72.4
998088.B565_4007,atpA,ATP&nbsp;synthase&nbsp;subunit&nbsp;alpha,72.4
998088.B565_1099,B565_1099,Flagellar&nbsp;M-ring&nbsp;protein,72.4
998088.B565_1131,ccmE,Cytochrome&nbsp;c-type&nbsp;biogenesis&nbsp;protein&nbsp;CcmE,72.4
998088.B565_3637,B565_3637,annotation&nbsp;not&nbsp;available,72.4
998088.B565_1950,WM43_01790,annotation&nbsp;not&nbsp;available,72.3
998088.B565_2781,B565_2781,annotation&nbsp;not&nbsp;available,72.3
998088.B565_1162,WM43_18970,annotation&nbsp;not&nbsp;available,72.2
998088.B565_2264,B565_2264,annotation&nbsp;not&nbsp;available,72.2
998088.B565_3810,def,Peptide&nbsp;deformylase,72.2
998088.B565_1517,B565_1517,annotation&nbsp;not&nbsp;available,72.2
998088.B565_2133,B565_2133,annotation&nbsp;not&nbsp;available,72.1
998088.B565_2124,B565_2124,annotation&nbsp;not&nbsp;available,72.1
998088.B565_1092,glk,annotation&nbsp;not&nbsp;available,71.9
998088.B565_1958,B565_1958,annotation&nbsp;not&nbsp;available,71.8
998088.B565_3839,ilvE,Branched-chain-amino-acid&nbsp;aminotransferase,71.8
998088.B565_0640,B565_0640,annotation&nbsp;not&nbsp;available,71.8
998088.B565_2645,B565_2645,annotation&nbsp;not&nbsp;available,71.8
998088.B565_0347,ftsQ,Cell&nbsp;division&nbsp;protein&nbsp;FtsQ,71.8
998088.B565_0752,B565_0752,annotation&nbsp;not&nbsp;available,71.7
998088.B565_1224,fhs,annotation&nbsp;not&nbsp;available,71.7
998088.B565_0439,metF,annotation&nbsp;not&nbsp;available,71.6
998088.B565_0651,B565_0651,annotation&nbsp;not&nbsp;available,71.6
998088.B565_3860,B565_3860,S-formylglutathione&nbsp;hydrolase,71.6
998088.B565_2689,B565_2689,annotation&nbsp;not&nbsp;available,71.6
998088.B565_1949,WM43_01795,annotation&nbsp;not&nbsp;available,71.5
998088.B565_3967,rho,Transcription&nbsp;termination&nbsp;factor&nbsp;Rho,71.5
998088.B565_2721,WM43_05575,Uridine&nbsp;phosphorylase,71.5
998088.B565_0017,B565_0017,annotation&nbsp;not&nbsp;available,71.4
998088.B565_3438,rpsF,30S&nbsp;ribosomal&nbsp;protein&nbsp;S6,71.4
998088.B565_0836,hmuV,Hemin&nbsp;import&nbsp;ATP-binding&nbsp;protein&nbsp;HmuV,71.3
998088.B565_3796,B565_3796,annotation&nbsp;not&nbsp;available,71.3
998088.B565_1213,moaC,Cyclic&nbsp;pyranopterin&nbsp;monophosphate&nbsp;synthase,71.3
998088.B565_0298,B565_0298,annotation&nbsp;not&nbsp;available,71.3
998088.B565_2000,B565_2000,3-oxoacyl-[acyl-carrier-protein]&nbsp;synthase&nbsp;3,71.2
998088.B565_3505,B565_3505,annotation&nbsp;not&nbsp;available,71.1
998088.B565_2942,B565_2942,annotation&nbsp;not&nbsp;available,71.1
998088.B565_2843,B565_2843,annotation&nbsp;not&nbsp;available,71.1
998088.B565_2722,B565_2722,annotation&nbsp;not&nbsp;available,71.1
998088.B565_2289,folD,Bifunctional&nbsp;protein&nbsp;FolD,71.1
998088.B565_3996,glmS,Glutamine--fructose-6-phosphate&nbsp;aminotransferase&nbsp;[isomerizing],71.1
998088.B565_3968,WM43_12230,annotation&nbsp;not&nbsp;available,71.0
998088.B565_1681,B565_1681,annotation&nbsp;not&nbsp;available,70.9
998088.B565_2037,fadJ,Fatty&nbsp;acid&nbsp;oxidation&nbsp;complex&nbsp;subunit&nbsp;alpha,70.9
998088.B565_2122,hycD,annotation&nbsp;not&nbsp;available,70.9
998088.B565_2087,B565_2087,annotation&nbsp;not&nbsp;available,70.9
998088.B565_1369,B565_1369,annotation&nbsp;not&nbsp;available,70.8
998088.B565_0893,B565_0893,annotation&nbsp;not&nbsp;available,70.8
998088.B565_0635,cysN,Sulfate&nbsp;adenylyltransferase&nbsp;subunit&nbsp;1,70.8
998088.B565_3201,B565_3201,annotation&nbsp;not&nbsp;available,70.7
998088.B565_0310,B565_0310,annotation&nbsp;not&nbsp;available,70.7
998088.B565_1130,B565_1130,Heme&nbsp;exporter&nbsp;protein&nbsp;D,70.7
998088.B565_3426,B565_3426,annotation&nbsp;not&nbsp;available,70.7
998088.B565_3063,B565_3063,annotation&nbsp;not&nbsp;available,70.6
998088.B565_2354,nuoK,NADH-quinone&nbsp;oxidoreductase&nbsp;subunit&nbsp;K,70.5
998088.B565_0689,pyrG,CTP&nbsp;synthase,70.4
998088.B565_1221,B565_1221,annotation&nbsp;not&nbsp;available,70.4
998088.B565_1116,fliA,RNA&nbsp;polymerase&nbsp;sigma&nbsp;factor&nbsp;FliA,70.3
998088.B565_0507,tolC,annotation&nbsp;not&nbsp;available,70.3
998088.B565_3179,B565_3179,annotation&nbsp;not&nbsp;available,70.2
998088.B565_2291,B565_2291,annotation&nbsp;not&nbsp;available,70.2
998088.B565_1038,topA,DNA&nbsp;topoisomerase&nbsp;1,70.1
998088.B565_0774,B565_0774,L-aspartate&nbsp;oxidase,69.9
998088.B565_3278,B565_3278,annotation&nbsp;not&nbsp;available,69.9
998088.B565_3601,B565_3601,annotation&nbsp;not&nbsp;available,69.9
998088.B565_3313,WM43_08785,RNA-binding&nbsp;protein&nbsp;Hfq,69.8
998088.B565_0105,uppP,Undecaprenyl-diphosphatase,69.8
998088.B565_3727,rpoB,DNA-directed&nbsp;RNA&nbsp;polymerase&nbsp;subunit&nbsp;beta,69.6
998088.B565_3501,WM43_09765,annotation&nbsp;not&nbsp;available,69.6
998088.B565_2144,B565_2144,annotation&nbsp;not&nbsp;available,69.5
998088.B565_3964,fre,annotation&nbsp;not&nbsp;available,69.5
998088.B565_2764,grpE,Protein&nbsp;GrpE,69.5
998088.B565_1603,B565_1603,annotation&nbsp;not&nbsp;available,69.4
998088.B565_1880,hisD,Histidinol&nbsp;dehydrogenase,69.3
998088.B565_3250,fadH,annotation&nbsp;not&nbsp;available,69.3
998088.B565_0323,rplM,50S&nbsp;ribosomal&nbsp;protein&nbsp;L13,69.3
998088.B565_2770,B565_2770,annotation&nbsp;not&nbsp;available,69.3
998088.B565_2860,B565_2860,annotation&nbsp;not&nbsp;available,69.3
998088.B565_1365,B565_1365,annotation&nbsp;not&nbsp;available,69.3
998088.B565_0145,B565_0145,annotation&nbsp;not&nbsp;available,69.2
998088.B565_2038,fadI,3-ketoacyl-CoA&nbsp;thiolase,69.2
998088.B565_0109,B565_0109,annotation&nbsp;not&nbsp;available,69.2
998088.B565_0091,nirD,annotation&nbsp;not&nbsp;available,69.1
998088.B565_3039,accA,Acetyl-coenzyme&nbsp;A&nbsp;carboxylase&nbsp;carboxyl&nbsp;transferase&nbsp;subunit&nbsp;alpha,69.1
998088.B565_3349,B565_3349,annotation&nbsp;not&nbsp;available,69.1
998088.B565_3624,thiE,Thiamine-phosphate&nbsp;synthase,69.0
998088.B565_2672,WM43_05330,annotation&nbsp;not&nbsp;available,69.0
998088.B565_0158,recG,ATP-dependent&nbsp;DNA&nbsp;helicase&nbsp;RecG,69.0
998088.B565_0597,ruvA,Holliday&nbsp;junction&nbsp;ATP-dependent&nbsp;DNA&nbsp;helicase&nbsp;RuvA,68.9
998088.B565_1838,WM43_02430,annotation&nbsp;not&nbsp;available,68.9
998088.B565_1310,B565_1310,annotation&nbsp;not&nbsp;available,68.9
998088.B565_0952,B565_0952,annotation&nbsp;not&nbsp;available,68.8
998088.B565_1514,B565_1514,annotation&nbsp;not&nbsp;available,68.8
998088.B565_2623,B565_2623,annotation&nbsp;not&nbsp;available,68.8
998088.B565_1568,B565_1568,Siroheme&nbsp;synthase,68.8
998088.B565_4010,atpE,ATP&nbsp;synthase&nbsp;subunit&nbsp;c,68.7
998088.B565_2187,B565_2187,annotation&nbsp;not&nbsp;available,68.6
998088.B565_2318,B565_2318,annotation&nbsp;not&nbsp;available,68.5
998088.B565_0009,avtA,annotation&nbsp;not&nbsp;available,68.5
998088.B565_2210,B565_2210,annotation&nbsp;not&nbsp;available,68.4
998088.B565_0539,B565_0539,annotation&nbsp;not&nbsp;available,68.3
998088.B565_1026,WM43_18270,annotation&nbsp;not&nbsp;available,68.3
998088.B565_3569,B565_3569,annotation&nbsp;not&nbsp;available,68.2
998088.B565_1851,B565_1851,annotation&nbsp;not&nbsp;available,68.2
998088.B565_3829,B565_3829,annotation&nbsp;not&nbsp;available,68.1
998088.B565_0108,B565_0108,annotation&nbsp;not&nbsp;available,68.1
998088.B565_3732,nusG,Transcription&nbsp;termination/antitermination&nbsp;protein&nbsp;NusG,68.0
998088.B565_0717,ftsB,Cell&nbsp;division&nbsp;protein&nbsp;FtsB,68.0
998088.B565_3301,apaH,"Bis(5'-nucleosyl)-tetraphosphatase,&nbsp;symmetrical",68.0
998088.B565_2798,B565_2798,annotation&nbsp;not&nbsp;available,67.9
998088.B565_0953,B565_0953,annotation&nbsp;not&nbsp;available,67.9
998088.B565_3884,plsB,annotation&nbsp;not&nbsp;available,67.8
998088.B565_1712,B565_1712,annotation&nbsp;not&nbsp;available,67.7
998088.B565_1395,B565_1395,Alanine&nbsp;racemase,67.7
998088.B565_3385,B565_3385,annotation&nbsp;not&nbsp;available,67.7
998088.B565_3450,deoD,annotation&nbsp;not&nbsp;available,67.6
998088.B565_3377,leuC,3-isopropylmalate&nbsp;dehydratase&nbsp;large&nbsp;subunit,67.6
998088.B565_0115,B565_0115,annotation&nbsp;not&nbsp;available,67.6
998088.B565_0882,prfB,Peptide&nbsp;chain&nbsp;release&nbsp;factor&nbsp;2,67.4
998088.B565_0596,B565_0596,annotation&nbsp;not&nbsp;available,67.4
998088.B565_2223,lolD,Lipoprotein-releasing&nbsp;system&nbsp;ATP-binding&nbsp;protein&nbsp;LolD,67.4
998088.B565_1407,rpiA,Ribose-5-phosphate&nbsp;isomerase&nbsp;A,67.4
998088.B565_0192,rpsQ,30S&nbsp;ribosomal&nbsp;protein&nbsp;S17,67.0
998088.B565_3099,nqrE,Na(+)-translocating&nbsp;NADH-quinone&nbsp;reductase&nbsp;subunit&nbsp;E,67.0
998088.B565_3951,B565_3951,annotation&nbsp;not&nbsp;available,67.0
998088.B565_3181,B565_3181,Chemotaxis&nbsp;protein&nbsp;methyltransferase,67.0
998088.B565_3895,B565_3895,annotation&nbsp;not&nbsp;available,67.0
998088.B565_0170,gpsA,annotation&nbsp;not&nbsp;available,67.0
998088.B565_1389,B565_1389,annotation&nbsp;not&nbsp;available,66.9
998088.B565_1117,WM43_18705,annotation&nbsp;not&nbsp;available,66.8
998088.B565_2762,dnaJ,Chaperone&nbsp;protein&nbsp;DnaJ,66.8
998088.B565_1513,B565_1513,annotation&nbsp;not&nbsp;available,66.8
998088.B565_3391,groS,10&nbsp;kDa&nbsp;chaperonin,66.6
998088.B565_1119,B565_1119,annotation&nbsp;not&nbsp;available,66.5
998088.B565_1630,B565_1630,annotation&nbsp;not&nbsp;available,66.5
998088.B565_1961,rpmE2,annotation&nbsp;not&nbsp;available,66.5
998088.B565_3324,WM43_08840,annotation&nbsp;not&nbsp;available,66.4
998088.B565_0111,lacZ,annotation&nbsp;not&nbsp;available,66.4
998088.B565_2523,B565_2523,annotation&nbsp;not&nbsp;available,66.4
998088.B565_4006,atpG,ATP&nbsp;synthase&nbsp;gamma&nbsp;chain,66.3
998088.B565_2932,B565_2932,annotation&nbsp;not&nbsp;available,66.3
998088.B565_0212,B565_0212,annotation&nbsp;not&nbsp;available,66.3
998088.B565_3297,surA,Chaperone&nbsp;SurA,66.3
998088.B565_1914,thrS,Threonine--tRNA&nbsp;ligase,66.2
998088.B565_3976,B565_3976,annotation&nbsp;not&nbsp;available,66.1
998088.B565_2255,B565_2255,annotation&nbsp;not&nbsp;available,66.1
998088.B565_3436,rplI,50S&nbsp;ribosomal&nbsp;protein&nbsp;L9,66.1
998088.B565_1212,B565_1212,Molybdenum&nbsp;cofactor&nbsp;biosynthesis&nbsp;protein&nbsp;B,66.1
998088.B565_2906,B565_2906,annotation&nbsp;not&nbsp;available,66.0
998088.B565_3177,B565_3177,annotation&nbsp;not&nbsp;available,66.0
998088.B565_3765,asnA,annotation&nbsp;not&nbsp;available,65.9
998088.B565_2496,WM43_04405,annotation&nbsp;not&nbsp;available,65.7
998088.B565_1910,gyrA,DNA&nbsp;gyrase&nbsp;subunit&nbsp;A,65.7
998088.B565_0879,B565_0879,Sulfite&nbsp;reductase&nbsp;[NADPH]&nbsp;flavoprotein&nbsp;alpha-component,65.6
998088.B565_2577,B565_2577,annotation&nbsp;not&nbsp;available,65.6
998088.B565_0719,ispF,"2-C-methyl-D-erythritol&nbsp;2,4-cyclodiphosphate&nbsp;synthase",65.6
998088.B565_0970,aroB,3-dehydroquinate&nbsp;synthase,65.6
998088.B565_0857,B565_0857,annotation&nbsp;not&nbsp;available,65.6
998088.B565_3786,pyrI,Aspartate&nbsp;carbamoyltransferase&nbsp;regulatory&nbsp;chain,65.5
998088.B565_4008,atpH,ATP&nbsp;synthase&nbsp;subunit&nbsp;delta,65.5
998088.B565_1676,B565_1676,Dihydrolipoyllysine-residue&nbsp;succinyltransferase&nbsp;component&nbsp;of&nbsp;2-oxoglutarate&nbsp;dehydrogenase&nbsp;complex,65.4
998088.B565_3641,B565_3641,annotation&nbsp;not&nbsp;available,65.4
998088.B565_1996,B565_1996,3-oxoacyl-[acyl-carrier-protein]&nbsp;synthase&nbsp;2,65.4
998088.B565_2605,WM43_04975,annotation&nbsp;not&nbsp;available,65.3
998088.B565_0260,B565_0260,annotation&nbsp;not&nbsp;available,65.3
998088.B565_3002,B565_3002,Pyridoxal&nbsp;kinase&nbsp;PdxY,65.3
998088.B565_3342,B565_3342,4-hydroxy-tetrahydrodipicolinate&nbsp;synthase,65.3
998088.B565_1602,htpG,Chaperone&nbsp;protein&nbsp;HtpG,65.3
998088.B565_0607,tolB,Protein&nbsp;TolB,65.2
998088.B565_1101,B565_1101,annotation&nbsp;not&nbsp;available,65.1
998088.B565_0883,B565_0883,annotation&nbsp;not&nbsp;available,65.1
998088.B565_2991,B565_2991,annotation&nbsp;not&nbsp;available,65.1
998088.B565_2989,WM43_06915,annotation&nbsp;not&nbsp;available,65.0
998088.B565_0594,B565_0594,annotation&nbsp;not&nbsp;available,65.0
998088.B565_2311,cmk,annotation&nbsp;not&nbsp;available,64.9
998088.B565_2120,B565_2120,annotation&nbsp;not&nbsp;available,64.9
998088.B565_0236,B565_0236,annotation&nbsp;not&nbsp;available,64.8
998088.B565_0626,B565_0626,annotation&nbsp;not&nbsp;available,64.8
998088.B565_1491,B565_1491,annotation&nbsp;not&nbsp;available,64.8
998088.B565_0305,WM43_14320,RNA&nbsp;polymerase&nbsp;sigma-54&nbsp;factor,64.8
998088.B565_3600,csrA,Carbon&nbsp;storage&nbsp;regulator&nbsp;homolog,64.7
998088.B565_0721,surE,5'-nucleotidase&nbsp;SurE,64.7
998088.B565_0134,B565_0134,annotation&nbsp;not&nbsp;available,64.7
998088.B565_2951,B565_2951,annotation&nbsp;not&nbsp;available,64.6
998088.B565_3564,B565_3564,annotation&nbsp;not&nbsp;available,64.5
998088.B565_0604,WM43_16040,annotation&nbsp;not&nbsp;available,64.5
998088.B565_2575,WM43_04820,Phosphate-specific&nbsp;transport&nbsp;system&nbsp;accessory&nbsp;protein&nbsp;PhoU,64.5
998088.B565_0418,B565_0418,annotation&nbsp;not&nbsp;available,64.4
998088.B565_2352,nuoI,NADH-quinone&nbsp;oxidoreductase&nbsp;subunit&nbsp;I,64.3
998088.B565_0098,hslU,ATP-dependent&nbsp;protease&nbsp;ATPase&nbsp;subunit&nbsp;HslU,64.3
998088.B565_3723,B565_3723,annotation&nbsp;not&nbsp;available,64.3
998088.B565_1915,infC,Translation&nbsp;initiation&nbsp;factor&nbsp;IF-3,64.2
998088.B565_1876,hisA,annotation&nbsp;not&nbsp;available,64.2
998088.B565_2933,maeA,annotation&nbsp;not&nbsp;available,64.1
998088.B565_1210,WM43_19165,"Periplasmic&nbsp;nitrate&nbsp;reductase,&nbsp;electron&nbsp;transfer&nbsp;subunit",64.1
998088.B565_1079,B565_1079,annotation&nbsp;not&nbsp;available,64.1
998088.B565_3486,B565_3486,annotation&nbsp;not&nbsp;available,64.1
998088.B565_2099,B565_2099,Sulfur&nbsp;carrier&nbsp;protein&nbsp;FdhD,64.1
998088.B565_4022,B565_4022,annotation&nbsp;not&nbsp;available,64.0
998088.B565_2692,B565_2692,annotation&nbsp;not&nbsp;available,64.0
998088.B565_4027,WM43_12615,annotation&nbsp;not&nbsp;available,64.0
998088.B565_0599,B565_0599,annotation&nbsp;not&nbsp;available,64.0
998088.B565_1401,B565_1401,annotation&nbsp;not&nbsp;available,63.9
998088.B565_1686,B565_1686,annotation&nbsp;not&nbsp;available,63.9
998088.B565_3681,rpoH,annotation&nbsp;not&nbsp;available,63.8
998088.B565_3045,lpxD,UDP-3-O-acylglucosamine&nbsp;N-acyltransferase,63.8
998088.B565_3315,mutL,DNA&nbsp;mismatch&nbsp;repair&nbsp;protein&nbsp;MutL,63.7
998088.B565_3684,ftsY,Signal&nbsp;recognition&nbsp;particle&nbsp;receptor&nbsp;FtsY,63.7
998088.B565_3360,B565_3360,annotation&nbsp;not&nbsp;available,63.7
998088.B565_2351,nuoH,NADH-quinone&nbsp;oxidoreductase&nbsp;subunit&nbsp;H,63.7
998088.B565_1601,recR,Recombination&nbsp;protein&nbsp;RecR,63.6
998088.B565_2380,iscS,Cysteine&nbsp;desulfurase&nbsp;IscS,63.6
998088.B565_0718,ispD,2-C-methyl-D-erythritol&nbsp;4-phosphate&nbsp;cytidylyltransferase,63.5
998088.B565_2730,B565_2730,annotation&nbsp;not&nbsp;available,63.4
998088.B565_1413,carB,annotation&nbsp;not&nbsp;available,63.3
998088.B565_2293,B565_2293,annotation&nbsp;not&nbsp;available,63.3
998088.B565_0851,B565_0851,annotation&nbsp;not&nbsp;available,63.3
998088.B565_2739,B565_2739,annotation&nbsp;not&nbsp;available,63.3
998088.B565_1956,pepN,annotation&nbsp;not&nbsp;available,63.2
998088.B565_0936,B565_0936,annotation&nbsp;not&nbsp;available,63.2
998088.B565_3098,nqrD,Na(+)-translocating&nbsp;NADH-quinone&nbsp;reductase&nbsp;subunit&nbsp;D,63.1
998088.B565_2353,B565_2353,annotation&nbsp;not&nbsp;available,63.1
998088.B565_4005,atpD,ATP&nbsp;synthase&nbsp;subunit&nbsp;beta,63.1
998088.B565_3785,pyrB,annotation&nbsp;not&nbsp;available,63.0
998088.B565_2297,tdk,annotation&nbsp;not&nbsp;available,62.9
998088.B565_3982,WM43_12295,Sec-independent&nbsp;protein&nbsp;translocase&nbsp;protein&nbsp;TatA,62.9
998088.B565_1906,WM43_02010,annotation&nbsp;not&nbsp;available,62.8
998088.B565_3828,B565_3828,annotation&nbsp;not&nbsp;available,62.8
998088.B565_3904,rpmB,annotation&nbsp;not&nbsp;available,62.8
998088.B565_0191,rpmC,annotation&nbsp;not&nbsp;available,62.8
998088.B565_2027,B565_2027,Fumarate&nbsp;hydratase&nbsp;class&nbsp;I,62.8
998088.B565_1656,B565_1656,annotation&nbsp;not&nbsp;available,62.8
998088.B565_2339,B565_2339,annotation&nbsp;not&nbsp;available,62.7
998088.B565_1998,B565_1998,annotation&nbsp;not&nbsp;available,62.7
998088.B565_2589,WM43_04895,annotation&nbsp;not&nbsp;available,62.6
998088.B565_3497,mdh,Malate&nbsp;dehydrogenase,62.5
998088.B565_2001,plsX,Phosphate&nbsp;acyltransferase,62.5
998088.B565_2374,B565_2374,Aminopeptidase,62.5
998088.B565_0379,B565_0379,annotation&nbsp;not&nbsp;available,62.4
998088.B565_0276,B565_0276,annotation&nbsp;not&nbsp;available,62.3
998088.B565_2286,clpA,annotation&nbsp;not&nbsp;available,62.3
998088.B565_3243,B565_3243,annotation&nbsp;not&nbsp;available,62.2
998088.B565_2400,WM43_21105,annotation&nbsp;not&nbsp;available,62.1
998088.B565_1617,B565_1617,annotation&nbsp;not&nbsp;available,62.1
998088.B565_3651,WM43_10580,Rod&nbsp;shape-determining&nbsp;protein&nbsp;MreD,62.0
998088.B565_1726,B565_1726,Lipid&nbsp;A&nbsp;biosynthesis&nbsp;myristoyltransferase,61.9
998088.B565_2695,bioC,Malonyl-[acyl-carrier&nbsp;protein]&nbsp;O-methyltransferase,61.8
998088.B565_1189,B565_1189,annotation&nbsp;not&nbsp;available,61.8
998088.B565_0627,WM43_16215,annotation&nbsp;not&nbsp;available,61.8
998088.B565_3378,leuD,3-isopropylmalate&nbsp;dehydratase&nbsp;small&nbsp;subunit,61.8
998088.B565_2580,B565_2580,annotation&nbsp;not&nbsp;available,61.7
998088.B565_1496,malF,annotation&nbsp;not&nbsp;available,61.7
998088.B565_1569,B565_1569,annotation&nbsp;not&nbsp;available,61.6
998088.B565_3400,rpoD,RNA&nbsp;polymerase&nbsp;sigma&nbsp;factor&nbsp;RpoD,61.6
998088.B565_0653,WM43_16355,annotation&nbsp;not&nbsp;available,61.5
998088.B565_1606,B565_1606,annotation&nbsp;not&nbsp;available,61.5
998088.B565_0041,B565_0041,Enoyl-[acyl-carrier-protein]&nbsp;reductase&nbsp;[NADH],61.5
998088.B565_1803,B565_1803,annotation&nbsp;not&nbsp;available,61.5
998088.B565_2313,cysB,annotation&nbsp;not&nbsp;available,61.4
998088.B565_3232,B565_3232,annotation&nbsp;not&nbsp;available,61.2
998088.B565_3356,B565_3356,annotation&nbsp;not&nbsp;available,61.2
998088.B565_0232,B565_0232,annotation&nbsp;not&nbsp;available,61.2
998088.B565_3023,metK,S-adenosylmethionine&nbsp;synthase,61.2
998088.B565_0221,recD,RecBCD&nbsp;enzyme&nbsp;subunit&nbsp;RecD,61.2
998088.B565_3239,B565_3239,Biotin&nbsp;carboxyl&nbsp;carrier&nbsp;protein&nbsp;of&nbsp;acetyl-CoA&nbsp;carboxylase,61.1
998088.B565_0129,B565_0129,annotation&nbsp;not&nbsp;available,61.1
998088.B565_1211,B565_1211,annotation&nbsp;not&nbsp;available,61.0
998088.B565_3883,lexA,LexA&nbsp;repressor,60.9
998088.B565_3719,rpsG,30S&nbsp;ribosomal&nbsp;protein&nbsp;S7,60.8
998088.B565_1877,hisH,Imidazole&nbsp;glycerol&nbsp;phosphate&nbsp;synthase&nbsp;subunit&nbsp;HisH,60.7
998088.B565_3871,polA,DNA&nbsp;polymerase&nbsp;I,60.7
998088.B565_1930,rbsC,annotation&nbsp;not&nbsp;available,60.6
998088.B565_1336,B565_1336,annotation&nbsp;not&nbsp;available,60.6
998088.B565_0166,B565_0166,annotation&nbsp;not&nbsp;available,60.6
998088.B565_1509,B565_1509,annotation&nbsp;not&nbsp;available,60.5
998088.B565_0139,B565_0139,annotation&nbsp;not&nbsp;available,60.5
998088.B565_1309,B565_1309,annotation&nbsp;not&nbsp;available,60.4
998088.B565_0650,ppa,Inorganic&nbsp;pyrophosphatase,60.4
998088.B565_1125,WM43_18745,annotation&nbsp;not&nbsp;available,60.4
998088.B565_0609,cpoB,Cell&nbsp;division&nbsp;coordinator&nbsp;CpoB,60.4
998088.B565_0147,rpmE,50S&nbsp;ribosomal&nbsp;protein&nbsp;L31,60.3
998088.B565_2964,B565_2964,annotation&nbsp;not&nbsp;available,60.3
998088.B565_3834,B565_3834,annotation&nbsp;not&nbsp;available,60.3
998088.B565_2715,B565_2715,annotation&nbsp;not&nbsp;available,60.2
998088.B565_0998,prs,Ribose-phosphate&nbsp;pyrophosphokinase,60.1
998088.B565_2629,B565_2629,annotation&nbsp;not&nbsp;available,60.1
998088.B565_3267,B565_3267,annotation&nbsp;not&nbsp;available,60.1
998088.B565_0512,parE,DNA&nbsp;topoisomerase&nbsp;4&nbsp;subunit&nbsp;B,60.1
998088.B565_3218,thiL,Thiamine-monophosphate&nbsp;kinase,60.0
998088.B565_3182,cheD,Probable&nbsp;chemoreceptor&nbsp;glutamine&nbsp;deamidase&nbsp;CheD,60.0
998088.B565_3355,B565_3355,annotation&nbsp;not&nbsp;available,60.0
998088.B565_1605,WM43_00230,annotation&nbsp;not&nbsp;available,59.9
998088.B565_0560,rnr,Ribonuclease&nbsp;R,59.9
998088.B565_0784,recO,DNA&nbsp;repair&nbsp;protein&nbsp;RecO,59.9
998088.B565_2738,bamE,Outer&nbsp;membrane&nbsp;protein&nbsp;assembly&nbsp;factor&nbsp;BamE,59.9
998088.B565_2218,clpP,ATP-dependent&nbsp;Clp&nbsp;protease&nbsp;proteolytic&nbsp;subunit,59.7
998088.B565_3729,rplJ,50S&nbsp;ribosomal&nbsp;protein&nbsp;L10,59.7
998088.B565_1040,B565_1040,annotation&nbsp;not&nbsp;available,59.7
998088.B565_2635,B565_2635,annotation&nbsp;not&nbsp;available,59.7
998088.B565_3920,B565_3920,annotation&nbsp;not&nbsp;available,59.7
998088.B565_1548,B565_1548,annotation&nbsp;not&nbsp;available,59.6
998088.B565_2142,B565_2142,annotation&nbsp;not&nbsp;available,59.6
998088.B565_1326,B565_1326,annotation&nbsp;not&nbsp;available,59.6
998088.B565_2694,bioD,ATP-dependent&nbsp;dethiobiotin&nbsp;synthetase&nbsp;BioD,59.6
998088.B565_2586,purN,Phosphoribosylglycinamide&nbsp;formyltransferase,59.5
998088.B565_0184,rplD,50S&nbsp;ribosomal&nbsp;protein&nbsp;L4,59.5
998088.B565_2357,nuoN,NADH-quinone&nbsp;oxidoreductase&nbsp;subunit&nbsp;N,59.5
998088.B565_0504,B565_0504,annotation&nbsp;not&nbsp;available,59.5
998088.B565_1935,potD,Putrescine-binding&nbsp;periplasmic&nbsp;protein,59.4
998088.B565_3461,nadE,Glutamine-dependent&nbsp;NAD(+)&nbsp;synthetase,59.3
998088.B565_0002,WM43_12630,Beta&nbsp;sliding&nbsp;clamp,59.3
998088.B565_1993,tmk,Thymidylate&nbsp;kinase,59.3
998088.B565_3892,B565_3892,annotation&nbsp;not&nbsp;available,59.2
998088.B565_1495,malE,annotation&nbsp;not&nbsp;available,59.2
998088.B565_3605,B565_3605,annotation&nbsp;not&nbsp;available,59.2
998088.B565_0114,mglC,annotation&nbsp;not&nbsp;available,59.2
998088.B565_3307,B565_3307,annotation&nbsp;not&nbsp;available,59.2
998088.B565_2563,B565_2563,annotation&nbsp;not&nbsp;available,59.2
998088.B565_0790,B565_0790,annotation&nbsp;not&nbsp;available,59.1
998088.B565_3191,B565_3191,annotation&nbsp;not&nbsp;available,59.1
998088.B565_1311,B565_1311,annotation&nbsp;not&nbsp;available,58.9
998088.B565_0932,B565_0932,annotation&nbsp;not&nbsp;available,58.9
998088.B565_3790,WM43_11315,annotation&nbsp;not&nbsp;available,58.9
998088.B565_2221,B565_2221,5'-deoxynucleotidase&nbsp;AMS64_10865,58.9
998088.B565_3959,glpE,Thiosulfate&nbsp;sulfurtransferase&nbsp;GlpE,58.8
998088.B565_0148,priA,Primosomal&nbsp;protein&nbsp;N',58.8
998088.B565_1830,B565_1830,annotation&nbsp;not&nbsp;available,58.8
998088.B565_2256,B565_2256,annotation&nbsp;not&nbsp;available,58.8
998088.B565_1327,B565_1327,annotation&nbsp;not&nbsp;available,58.7
998088.B565_3491,ffh,Signal&nbsp;recognition&nbsp;particle&nbsp;protein,58.7
998088.B565_2257,B565_2257,annotation&nbsp;not&nbsp;available,58.6
998088.B565_1982,B565_1982,annotation&nbsp;not&nbsp;available,58.6
998088.B565_2277,B565_2277,annotation&nbsp;not&nbsp;available,58.6
998088.B565_1917,rplT,50S&nbsp;ribosomal&nbsp;protein&nbsp;L20,58.5
998088.B565_3937,B565_3937,annotation&nbsp;not&nbsp;available,58.4
998088.B565_0199,rplR,50S&nbsp;ribosomal&nbsp;protein&nbsp;L18,58.4
998088.B565_2117,B565_2117,annotation&nbsp;not&nbsp;available,58.4
998088.B565_2129,B565_2129,annotation&nbsp;not&nbsp;available,58.4
998088.B565_1449,thiI,tRNA&nbsp;sulfurtransferase,58.4
998088.B565_3623,B565_3623,annotation&nbsp;not&nbsp;available,58.3
998088.B565_0019,WM43_12730,annotation&nbsp;not&nbsp;available,58.3
998088.B565_2633,B565_2633,annotation&nbsp;not&nbsp;available,58.2
998088.B565_2869,B565_2869,annotation&nbsp;not&nbsp;available,58.2
998088.B565_3537,B565_3537,annotation&nbsp;not&nbsp;available,58.2
998088.B565_2228,B565_2228,annotation&nbsp;not&nbsp;available,58.2
998088.B565_2746,B565_2746,annotation&nbsp;not&nbsp;available,58.1
998088.B565_1554,deaD,ATP-dependent&nbsp;RNA&nbsp;helicase&nbsp;DeaD,58.1
998088.B565_2365,bamB,Outer&nbsp;membrane&nbsp;protein&nbsp;assembly&nbsp;factor&nbsp;BamB,58.1
998088.B565_2263,B565_2263,Glucose-1-phosphate&nbsp;adenylyltransferase,58.0
998088.B565_1703,B565_1703,annotation&nbsp;not&nbsp;available,57.9
998088.B565_1999,B565_1999,annotation&nbsp;not&nbsp;available,57.7
998088.B565_1879,hisC,annotation&nbsp;not&nbsp;available,57.6
998088.B565_0470,B565_0470,annotation&nbsp;not&nbsp;available,57.6
998088.B565_1429,B565_1429,annotation&nbsp;not&nbsp;available,57.5
998088.B565_3574,B565_3574,4-hydroxy-tetrahydrodipicolinate&nbsp;synthase,57.4
998088.B565_0198,rplF,50S&nbsp;ribosomal&nbsp;protein&nbsp;L6,57.4
998088.B565_1702,B565_1702,annotation&nbsp;not&nbsp;available,57.3
998088.B565_1078,B565_1078,annotation&nbsp;not&nbsp;available,57.2
998088.B565_2435,B565_2435,annotation&nbsp;not&nbsp;available,57.2
998088.B565_1217,B565_1217,annotation&nbsp;not&nbsp;available,57.1
998088.B565_1202,WM43_19125,annotation&nbsp;not&nbsp;available,57.1
998088.B565_1718,apt,Adenine&nbsp;phosphoribosyltransferase,57.0
998088.B565_0204,rpsM,30S&nbsp;ribosomal&nbsp;protein&nbsp;S13,56.9
998088.B565_3924,ilvC,Ketol-acid&nbsp;reductoisomerase&nbsp;(NADP(+)),56.9
998088.B565_1209,napH,annotation&nbsp;not&nbsp;available,56.8
998088.B565_1499,WM43_20795,annotation&nbsp;not&nbsp;available,56.8
998088.B565_3760,B565_3760,annotation&nbsp;not&nbsp;available,56.8
998088.B565_0029,gmk,Guanylate&nbsp;kinase,56.8
998088.B565_1692,B565_1692,annotation&nbsp;not&nbsp;available,56.8
998088.B565_2620,B565_2620,annotation&nbsp;not&nbsp;available,56.8
998088.B565_2879,WM43_06400,annotation&nbsp;not&nbsp;available,56.8
998088.B565_4011,atpB,ATP&nbsp;synthase&nbsp;subunit&nbsp;a,56.7
998088.B565_1537,B565_1537,dTDP-4-dehydrorhamnose&nbsp;reductase,56.7
998088.B565_3452,deoA,Thymidine&nbsp;phosphorylase,56.6
998088.B565_0569,B565_0569,annotation&nbsp;not&nbsp;available,56.6
998088.B565_2407,B565_2407,annotation&nbsp;not&nbsp;available,56.6
998088.B565_3474,B565_3474,annotation&nbsp;not&nbsp;available,56.5
998088.B565_3341,bamC,Outer&nbsp;membrane&nbsp;protein&nbsp;assembly&nbsp;factor&nbsp;BamC,56.5
998088.B565_3602,alaS,Alanine--tRNA&nbsp;ligase,56.4
998088.B565_0364,aceE,Pyruvate&nbsp;dehydrogenase&nbsp;E1&nbsp;component,56.3
998088.B565_1082,B565_1082,annotation&nbsp;not&nbsp;available,56.3
998088.B565_3259,B565_3259,annotation&nbsp;not&nbsp;available,56.3
998088.B565_3940,tusA,Sulfur&nbsp;carrier&nbsp;protein&nbsp;TusA,56.2
998088.B565_3907,B565_3907,annotation&nbsp;not&nbsp;available,56.2
998088.B565_0205,rpsK,30S&nbsp;ribosomal&nbsp;protein&nbsp;S11,56.1
998088.B565_0339,ftsI,"Peptidoglycan&nbsp;D,D-transpeptidase&nbsp;FtsI",56.1
998088.B565_1678,sucD,Succinate--CoA&nbsp;ligase&nbsp;[ADP-forming]&nbsp;subunit&nbsp;alpha,55.9
998088.B565_1674,sdhB,annotation&nbsp;not&nbsp;available,55.9
998088.B565_1141,B565_1141,Acetate&nbsp;kinase,55.9
998088.B565_1480,B565_1480,annotation&nbsp;not&nbsp;available,55.9
998088.B565_3570,B565_3570,annotation&nbsp;not&nbsp;available,55.8
998088.B565_1884,B565_1884,annotation&nbsp;not&nbsp;available,55.8
998088.B565_2824,trpD,Anthranilate&nbsp;phosphoribosyltransferase,55.8
998088.B565_3653,WM43_10590,annotation&nbsp;not&nbsp;available,55.8
998088.B565_3369,ilvH,annotation&nbsp;not&nbsp;available,55.8
998088.B565_0605,B565_0605,annotation&nbsp;not&nbsp;available,55.7
998088.B565_1992,B565_1992,annotation&nbsp;not&nbsp;available,55.7
998088.B565_1677,sucC,Succinate--CoA&nbsp;ligase&nbsp;[ADP-forming]&nbsp;subunit&nbsp;beta,55.7
998088.B565_3014,B565_3014,annotation&nbsp;not&nbsp;available,55.7
998088.B565_1610,WM43_00255,annotation&nbsp;not&nbsp;available,55.7
998088.B565_0349,ftsZ,Cell&nbsp;division&nbsp;protein&nbsp;FtsZ,55.6
998088.B565_3288,proB,Glutamate&nbsp;5-kinase,55.6
998088.B565_3082,WM43_07535,annotation&nbsp;not&nbsp;available,55.6
998088.B565_0061,tdh,L-threonine&nbsp;3-dehydrogenase,55.6
998088.B565_2145,B565_2145,annotation&nbsp;not&nbsp;available,55.5
998088.B565_0725,rpoS,annotation&nbsp;not&nbsp;available,55.5
998088.B565_1831,ppnP,Pyrimidine/purine&nbsp;nucleoside&nbsp;phosphorylase,55.5
998088.B565_2501,glpQ,annotation&nbsp;not&nbsp;available,55.5
998088.B565_0020,B565_0020,annotation&nbsp;not&nbsp;available,55.4
998088.B565_3728,rplL,50S&nbsp;ribosomal&nbsp;protein&nbsp;L7/L12,55.4
998088.B565_0828,B565_0828,annotation&nbsp;not&nbsp;available,55.4
998088.B565_1134,B565_1134,Cytochrome&nbsp;c-type&nbsp;biogenesis&nbsp;protein,55.3
998088.B565_1711,B565_1711,annotation&nbsp;not&nbsp;available,55.3
998088.B565_1330,B565_1330,annotation&nbsp;not&nbsp;available,55.3
998088.B565_4016,gidA,tRNA&nbsp;uridine&nbsp;5-carboxymethylaminomethyl&nbsp;modification&nbsp;enzyme&nbsp;MnmG,55.2
998088.B565_2488,sirA,annotation&nbsp;not&nbsp;available,55.2
998088.B565_3376,leuB,3-isopropylmalate&nbsp;dehydrogenase,55.2
998088.B565_2606,flgB,Flagellar&nbsp;basal&nbsp;body&nbsp;rod&nbsp;protein&nbsp;FlgB,55.2
998088.B565_0262,B565_0262,annotation&nbsp;not&nbsp;available,55.2
998088.B565_2166,B565_2166,annotation&nbsp;not&nbsp;available,55.1
998088.B565_2125,B565_2125,annotation&nbsp;not&nbsp;available,55.1
998088.B565_2826,trpB,Tryptophan&nbsp;synthase&nbsp;beta&nbsp;chain,55.1
998088.B565_2851,B565_2851,annotation&nbsp;not&nbsp;available,55.0
998088.B565_0203,secY,Protein&nbsp;translocase&nbsp;subunit&nbsp;SecY,55.0
998088.B565_0674,WM43_16465,annotation&nbsp;not&nbsp;available,55.0
998088.B565_1161,B565_1161,annotation&nbsp;not&nbsp;available,55.0
998088.B565_2681,B565_2681,annotation&nbsp;not&nbsp;available,55.0
998088.B565_2791,B565_2791,annotation&nbsp;not&nbsp;available,54.9
998088.B565_1932,rbsD,D-ribose&nbsp;pyranase,54.9
998088.B565_3046,B565_3046,annotation&nbsp;not&nbsp;available,54.9
998088.B565_1619,B565_1619,annotation&nbsp;not&nbsp;available,54.9
998088.B565_0676,ubiX,Flavin&nbsp;prenyltransferase&nbsp;UbiX,54.9
998088.B565_0230,B565_0230,annotation&nbsp;not&nbsp;available,54.8
998088.B565_1106,B565_1106,Flagellar&nbsp;motor&nbsp;switch&nbsp;protein&nbsp;FliM,54.8
998088.B565_0381,plsY,Glycerol-3-phosphate&nbsp;acyltransferase,54.7
998088.B565_0338,ftsL,Cell&nbsp;division&nbsp;protein&nbsp;FtsL,54.6
998088.B565_0150,B565_0150,annotation&nbsp;not&nbsp;available,54.6
998088.B565_3562,B565_3562,annotation&nbsp;not&nbsp;available,54.6
998088.B565_2250,B565_2250,annotation&nbsp;not&nbsp;available,54.6
998088.B565_2002,rpmF,annotation&nbsp;not&nbsp;available,54.5
998088.B565_0278,hemC,Porphobilinogen&nbsp;deaminase,54.4
998088.B565_3057,glnD,Bifunctional&nbsp;uridylyltransferase/uridylyl-removing&nbsp;enzyme,54.4
998088.B565_3894,B565_3894,annotation&nbsp;not&nbsp;available,54.3
998088.B565_0073,B565_0073,annotation&nbsp;not&nbsp;available,54.3
998088.B565_3949,B565_3949,annotation&nbsp;not&nbsp;available,54.3
998088.B565_1670,gltA,annotation&nbsp;not&nbsp;available,54.2
998088.B565_1345,B565_1345,annotation&nbsp;not&nbsp;available,54.2
998088.B565_0628,B565_0628,annotation&nbsp;not&nbsp;available,54.2
998088.B565_3040,dnaE,annotation&nbsp;not&nbsp;available,54.2
998088.B565_0624,B565_0624,annotation&nbsp;not&nbsp;available,54.2
998088.B565_0415,B565_0415,annotation&nbsp;not&nbsp;available,54.2
998088.B565_0950,WM43_17850,annotation&nbsp;not&nbsp;available,54.2
998088.B565_0326,B565_0326,Cytochrome&nbsp;b,54.1
998088.B565_3154,B565_3154,annotation&nbsp;not&nbsp;available,54.1
998088.B565_2793,B565_2793,annotation&nbsp;not&nbsp;available,54.0
998088.B565_2338,B565_2338,annotation&nbsp;not&nbsp;available,54.0
998088.B565_0001,dnaA,Chromosomal&nbsp;replication&nbsp;initiator&nbsp;protein&nbsp;DnaA,53.9
998088.B565_0027,B565_0027,"Guanosine-3',5'-bis(Diphosphate)&nbsp;3'-pyrophosphohydrolase",53.9
998088.B565_0837,B565_0837,annotation&nbsp;not&nbsp;available,53.9
998088.B565_1654,B565_1654,annotation&nbsp;not&nbsp;available,53.8
998088.B565_0878,cysI,Sulfite&nbsp;reductase&nbsp;[NADPH]&nbsp;hemoprotein&nbsp;beta-component,53.7
998088.B565_3507,WM43_09795,annotation&nbsp;not&nbsp;available,53.7
998088.B565_1107,WM43_18655,Flagellar&nbsp;motor&nbsp;switch&nbsp;protein&nbsp;FliN,53.6
998088.B565_2782,B565_2782,annotation&nbsp;not&nbsp;available,53.6
998088.B565_1120,B565_1120,Chemotaxis&nbsp;response&nbsp;regulator&nbsp;protein-glutamate&nbsp;methylesterase,53.6
998088.B565_1479,gcvP,Glycine&nbsp;dehydrogenase&nbsp;(decarboxylating),53.3
998088.B565_1652,B565_1652,"Alpha-1,4&nbsp;glucan&nbsp;phosphorylase",53.3
998088.B565_3205,ushA,annotation&nbsp;not&nbsp;available,53.3
998088.B565_1529,B565_1529,annotation&nbsp;not&nbsp;available,53.3
998088.B565_3903,rpmG,annotation&nbsp;not&nbsp;available,53.2
998088.B565_2651,B565_2651,annotation&nbsp;not&nbsp;available,53.2
998088.B565_2643,WM43_05160,annotation&nbsp;not&nbsp;available,53.1
998088.B565_2239,guaB,Inosine-5'-monophosphate&nbsp;dehydrogenase,53.0
998088.B565_1833,pfkA,ATP-dependent&nbsp;6-phosphofructokinase,52.8
998088.B565_1673,sdhA,annotation&nbsp;not&nbsp;available,52.8
998088.B565_0327,B565_0327,annotation&nbsp;not&nbsp;available,52.7
998088.B565_0206,rpsD,30S&nbsp;ribosomal&nbsp;protein&nbsp;S4,52.7
998088.B565_3403,purD,annotation&nbsp;not&nbsp;available,52.7
998088.B565_2823,B565_2823,annotation&nbsp;not&nbsp;available,52.7
998088.B565_3247,B565_3247,annotation&nbsp;not&nbsp;available,52.7
998088.B565_2868,sbcD,Nuclease&nbsp;SbcCD&nbsp;subunit&nbsp;D,52.6
998088.B565_1528,B565_1528,annotation&nbsp;not&nbsp;available,52.6
998088.B565_0187,rpsS,30S&nbsp;ribosomal&nbsp;protein&nbsp;S19,52.5
998088.B565_0202,rplO,50S&nbsp;ribosomal&nbsp;protein&nbsp;L15,52.4
998088.B565_1675,B565_1675,annotation&nbsp;not&nbsp;available,52.4
998088.B565_0391,ppc,Phosphoenolpyruvate&nbsp;carboxylase,52.4
998088.B565_1338,WM43_19580,annotation&nbsp;not&nbsp;available,52.4
998088.B565_3722,B565_3722,annotation&nbsp;not&nbsp;available,52.3
998088.B565_0685,B565_0685,annotation&nbsp;not&nbsp;available,52.3
998088.B565_0662,pcnB,Poly(A)&nbsp;polymerase&nbsp;I,52.3
998088.B565_1611,B565_1611,annotation&nbsp;not&nbsp;available,52.3
998088.B565_2576,pstB,Phosphate&nbsp;import&nbsp;ATP-binding&nbsp;protein&nbsp;PstB,52.2
998088.B565_1205,B565_1205,annotation&nbsp;not&nbsp;available,52.1
998088.B565_1856,B565_1856,annotation&nbsp;not&nbsp;available,52.1
998088.B565_3970,gppA,"Guanosine-5'-triphosphate,3'-diphosphate&nbsp;pyrophosphatase",52.1
998088.B565_1477,gcvT,Aminomethyltransferase,52.1
998088.B565_3382,thiP,annotation&nbsp;not&nbsp;available,52.0
998088.B565_1222,folE,annotation&nbsp;not&nbsp;available,51.9
998088.B565_0978,B565_0978,annotation&nbsp;not&nbsp;available,51.9
998088.B565_2646,B565_2646,annotation&nbsp;not&nbsp;available,51.9
998088.B565_0986,B565_0986,annotation&nbsp;not&nbsp;available,51.8
998088.B565_0637,cysC,Adenylyl-sulfate&nbsp;kinase,51.8
998088.B565_1129,ccmC,Heme&nbsp;exporter&nbsp;protein&nbsp;C,51.7
998088.B565_2904,B565_2904,annotation&nbsp;not&nbsp;available,51.6
998088.B565_3837,ilvA,L-threonine&nbsp;dehydratase,51.6
998088.B565_3709,B565_3709,annotation&nbsp;not&nbsp;available,51.6
998088.B565_3375,leuA,2-isopropylmalate&nbsp;synthase,51.5
998088.B565_0365,aceF,Acetyltransferase&nbsp;component&nbsp;of&nbsp;pyruvate&nbsp;dehydrogenase&nbsp;complex,51.5
998088.B565_4021,B565_4021,annotation&nbsp;not&nbsp;available,51.4
998088.B565_2390,B565_2390,Protein&nbsp;translocase&nbsp;subunit&nbsp;SecD,51.1
998088.B565_3710,B565_3710,annotation&nbsp;not&nbsp;available,51.1
998088.B565_0183,rplC,50S&nbsp;ribosomal&nbsp;protein&nbsp;L3,51.1
998088.B565_1412,carA,annotation&nbsp;not&nbsp;available,51.1
998088.B565_0120,B565_0120,annotation&nbsp;not&nbsp;available,51.0
998088.B565_4024,yidC,Membrane&nbsp;protein&nbsp;insertase&nbsp;YidC,51.0
