187272.Mlg_2102,Mlg_2102,Vitamin&nbsp;B12-dependent&nbsp;ribonucleotide&nbsp;reductase,98.9
187272.Mlg_1601,Mlg_1601,PFAM:&nbsp;AMP-dependent&nbsp;synthetase&nbsp;and&nbsp;ligase,98.8
187272.Mlg_0134,Mlg_0134,PFAM:&nbsp;asparagine&nbsp;synthase,98.8
187272.Mlg_2434,Mlg_2434,Carboxylesterase&nbsp;BioH&nbsp;(Pimeloyl-CoA&nbsp;synthesis),98.6
187272.Mlg_2547,sucC,Succinate--CoA&nbsp;ligase&nbsp;[ADP-forming]&nbsp;subunit&nbsp;beta,98.6
187272.Mlg_2101,Mlg_2101,KEGG:&nbsp;pae:PA5025&nbsp;O-acetylhomoserine&nbsp;(thiol)-lyase,98.6
187272.Mlg_0292,bioD,ATP-dependent&nbsp;dethiobiotin&nbsp;synthetase&nbsp;BioD,98.5
187272.Mlg_1605,Mlg_1605,TIGRFAM:&nbsp;molybdopterin-guanine&nbsp;dinucleotide&nbsp;biosynthesis&nbsp;protein&nbsp;B,98.5
187272.Mlg_2659,ftsY,Signal&nbsp;recognition&nbsp;particle&nbsp;receptor&nbsp;FtsY,98.5
187272.Mlg_1263,Mlg_1263,Phosphoadenylylsulfate&nbsp;reductase&nbsp;(Thioredoxin),98.4
187272.Mlg_1923,Mlg_1923,PFAM:&nbsp;ABC&nbsp;transporter&nbsp;related,98.3
187272.Mlg_0611,purH,Bifunctional&nbsp;purine&nbsp;biosynthesis&nbsp;protein&nbsp;PurH,98.3
187272.Mlg_1186,Mlg_1186,"TIGRFAM:&nbsp;efflux&nbsp;transporter,&nbsp;RND&nbsp;family,&nbsp;MFP&nbsp;subunit",98.3
187272.Mlg_1035,thiI,Probable&nbsp;tRNA&nbsp;sulfurtransferase,98.2
187272.Mlg_1863,rpsB,PFAM:&nbsp;ribosomal&nbsp;protein&nbsp;S2,98.2
187272.Mlg_0629,Mlg_0629,KEGG:&nbsp;noc:Noc_1329&nbsp;response&nbsp;regulator&nbsp;receiver,98.2
187272.Mlg_1679,cysG,Siroheme&nbsp;synthase,98.1
187272.Mlg_0241,Mlg_0241,PFAM:&nbsp;OmpA/MotB&nbsp;domain&nbsp;protein,97.9
187272.Mlg_0606,ppa,Inorganic&nbsp;pyrophosphatase,97.9
187272.Mlg_0404,nadD,Probable&nbsp;nicotinate-nucleotide&nbsp;adenylyltransferase,97.8
187272.Mlg_0375,Mlg_0375,Riboflavin&nbsp;biosynthesis&nbsp;protein&nbsp;RibD,97.8
187272.Mlg_1016,guaA,GMP&nbsp;synthase&nbsp;[glutamine-hydrolyzing],97.7
187272.Mlg_0379,nusB,Transcription&nbsp;antitermination&nbsp;protein&nbsp;NusB,97.7
187272.Mlg_0480,rpsM,30S&nbsp;ribosomal&nbsp;protein&nbsp;S13,97.7
187272.Mlg_1106,Mlg_1106,PAS/PAC&nbsp;sensor&nbsp;signal&nbsp;transduction&nbsp;histidine&nbsp;kinase,97.7
187272.Mlg_0975,Mlg_0975,Flagellar&nbsp;motor&nbsp;switch&nbsp;protein&nbsp;FliM,97.6
187272.Mlg_0345,Mlg_0345,"TIGRFAM:&nbsp;dihydroorotase,&nbsp;multifunctional&nbsp;complex&nbsp;type",97.6
187272.Mlg_1409,Mlg_1409,"TIGRFAM:&nbsp;efflux&nbsp;transporter,&nbsp;RND&nbsp;family,&nbsp;MFP&nbsp;subunit",97.6
187272.Mlg_1299,folE,PFAM:&nbsp;GTP&nbsp;cyclohydrolase&nbsp;I,97.5
187272.Mlg_1644,Mlg_1644,"PFAM:&nbsp;ABC&nbsp;transporter,&nbsp;transmembrane&nbsp;region",97.2
187272.Mlg_2841,Mlg_2841,Transketolase,97.1
187272.Mlg_1966,Mlg_1966,"KEGG:&nbsp;noc:Noc_2561&nbsp;NADH&nbsp;dehydrogenase&nbsp;(ubiquinone),&nbsp;24&nbsp;kDa&nbsp;subunit",96.9
187272.Mlg_1359,fumC,Fumarate&nbsp;hydratase&nbsp;class&nbsp;II,96.9
187272.Mlg_1972,tpiA,Triosephosphate&nbsp;isomerase,96.7
187272.Mlg_0358,Mlg_0358,PFAM:&nbsp;chemotaxis&nbsp;sensory&nbsp;transducer,96.6
187272.Mlg_2369,Mlg_2369,"PFAM:&nbsp;N-acetylneuraminic&nbsp;acid&nbsp;synthase,&nbsp;N-terminal&nbsp;domain",96.6
187272.Mlg_1352,Mlg_1352,TIGRFAM:&nbsp;cysteine&nbsp;synthases,96.5
187272.Mlg_0481,rpsK,30S&nbsp;ribosomal&nbsp;protein&nbsp;S11,96.5
187272.Mlg_2425,Mlg_2425,"TIGRFAM:&nbsp;formate&nbsp;dehydrogenase,&nbsp;gamma&nbsp;subunit",96.4
187272.Mlg_0571,mutL,DNA&nbsp;mismatch&nbsp;repair&nbsp;protein&nbsp;MutL,96.3
187272.Mlg_1486,Mlg_1486,Ferredoxin,96.2
187272.Mlg_0217,Mlg_0217,"PFAM:&nbsp;4Fe-4S&nbsp;ferredoxin,&nbsp;iron-sulfur&nbsp;binding&nbsp;domain&nbsp;protein",96.2
187272.Mlg_2869,atpD,ATP&nbsp;synthase&nbsp;subunit&nbsp;beta,96.1
187272.Mlg_0005,Mlg_0005,Trehalose&nbsp;6-phosphate&nbsp;phosphatase,96.1
187272.Mlg_0467,rpsQ,30S&nbsp;ribosomal&nbsp;protein&nbsp;S17,96.0
187272.Mlg_1890,Mlg_1890,Phosphoenolpyruvate&nbsp;synthase,95.9
187272.Mlg_0447,rplK,50S&nbsp;ribosomal&nbsp;protein&nbsp;L11,95.8
187272.Mlg_0249,Mlg_0249,PFAM:&nbsp;Fimbrial&nbsp;protein&nbsp;pilin,95.8
187272.Mlg_2262,metK,S-adenosylmethionine&nbsp;synthase,95.8
187272.Mlg_2248,trpD,Anthranilate&nbsp;phosphoribosyltransferase,95.8
187272.Mlg_0612,purD,KEGG:&nbsp;vch:VC0275&nbsp;phosphoribosylamine--glycine&nbsp;ligase,95.7
187272.Mlg_2298,Mlg_2298,Putative&nbsp;transcriptional&nbsp;regulator,95.7
187272.Mlg_0474,rplR,50S&nbsp;ribosomal&nbsp;protein&nbsp;L18,95.6
187272.Mlg_2739,Mlg_2739,PFAM:&nbsp;ABC&nbsp;transporter&nbsp;related,95.6
187272.Mlg_2378,Mlg_2378,PFAM:&nbsp;phosphate&nbsp;acetyl/butaryl&nbsp;transferase,95.4
187272.Mlg_0466,rpmC,PFAM:&nbsp;ribosomal&nbsp;protein&nbsp;L29,95.4
187272.Mlg_1925,Mlg_1925,"TIGRFAM:&nbsp;molybdenum&nbsp;ABC&nbsp;transporter,&nbsp;periplasmic&nbsp;molybdate-binding&nbsp;protein",95.3
187272.Mlg_2513,Mlg_2513,"TIGRFAM:&nbsp;formate&nbsp;dehydrogenase,&nbsp;alpha&nbsp;subunit",95.1
187272.Mlg_1454,Mlg_1454,Aconitate&nbsp;hydratase,95.0
187272.Mlg_0805,recD,RecBCD&nbsp;enzyme&nbsp;subunit&nbsp;RecD,95.0
187272.Mlg_2111,Mlg_2111,PFAM:&nbsp;Enoyl-CoA&nbsp;hydratase/isomerase,94.9
187272.Mlg_1866,Mlg_1866,"PFAM:&nbsp;aminotransferase,&nbsp;class&nbsp;I&nbsp;and&nbsp;II",94.9
187272.Mlg_1731,Mlg_1731,KEGG:&nbsp;tbd:Tbd_1465&nbsp;ribose-phosphate&nbsp;pyrophosphokinase,94.7
187272.Mlg_1538,Mlg_1538,PFAM:&nbsp;SNF2-related&nbsp;protein,94.7
187272.Mlg_0465,rplP,50S&nbsp;ribosomal&nbsp;protein&nbsp;L16,94.6
187272.Mlg_0664,Mlg_0664,PFAM:&nbsp;isocitrate/isopropylmalate&nbsp;dehydrogenase,94.6
187272.Mlg_0167,gatA,Glutamyl-tRNA(Gln)&nbsp;amidotransferase&nbsp;subunit&nbsp;A,94.4
187272.Mlg_1422,Mlg_1422,TIGRFAM:&nbsp;malonyl&nbsp;CoA-acyl&nbsp;carrier&nbsp;protein&nbsp;transacylase,94.4
187272.Mlg_0558,pepA,Probable&nbsp;cytosol&nbsp;aminopeptidase,94.3
187272.Mlg_2880,gidA,tRNA&nbsp;uridine&nbsp;5-carboxymethylaminomethyl&nbsp;modification&nbsp;enzyme&nbsp;MnmG,94.2
187272.Mlg_0520,Mlg_0520,KEGG:&nbsp;noc:Noc_0187&nbsp;flavodoxin/nitric&nbsp;oxide&nbsp;synthase,94.0
187272.Mlg_0804,recB,RecBCD&nbsp;enzyme&nbsp;subunit&nbsp;RecB,93.8
187272.Mlg_2580,gcvPB,Probable&nbsp;glycine&nbsp;dehydrogenase&nbsp;(decarboxylating)&nbsp;subunit&nbsp;2,93.8
187272.Mlg_0168,gatC,Aspartyl/glutamyl-tRNA(Asn/Gln)&nbsp;amidotransferase&nbsp;subunit&nbsp;C,93.7
187272.Mlg_2871,atpA,ATP&nbsp;synthase&nbsp;subunit&nbsp;alpha,93.6
187272.Mlg_0944,folE2,GTP&nbsp;cyclohydrolase&nbsp;FolE2,93.5
187272.Mlg_0373,glyA,Serine&nbsp;hydroxymethyltransferase,93.5
187272.Mlg_0693,xseA,Exodeoxyribonuclease&nbsp;7&nbsp;large&nbsp;subunit,93.3
187272.Mlg_2239,Mlg_2239,"TIGRFAM:&nbsp;poly(R)-hydroxyalkanoic&nbsp;acid&nbsp;synthase,&nbsp;class&nbsp;I",93.3
187272.Mlg_0845,rplU,50S&nbsp;ribosomal&nbsp;protein&nbsp;L21,93.1
187272.Mlg_2669,Mlg_2669,PFAM:&nbsp;Uroporphyrinogen&nbsp;III&nbsp;synthase&nbsp;HEM4,93.1
187272.Mlg_0892,Mlg_0892,"PFAM:&nbsp;MCP&nbsp;methyltransferase,&nbsp;CheR-type",92.8
187272.Mlg_2818,cobD,Cobalamin&nbsp;biosynthesis&nbsp;protein&nbsp;CobD,92.8
187272.Mlg_0987,Mlg_0987,Protein&nbsp;phosphatase&nbsp;CheZ,92.8
187272.Mlg_2673,argH,TIGRFAM:&nbsp;argininosuccinate&nbsp;lyase,92.7
187272.Mlg_1981,carB,"TIGRFAM:&nbsp;carbamoyl-phosphate&nbsp;synthase,&nbsp;large&nbsp;subunit",92.4
187272.Mlg_2188,ftsA,Cell&nbsp;division&nbsp;protein&nbsp;FtsA,92.2
187272.Mlg_2089,Mlg_2089,PFAM:&nbsp;deoxyribose-phosphate&nbsp;aldolase/phospho-2-dehydro-3-deoxyheptonate&nbsp;aldolase,92.2
187272.Mlg_2771,Mlg_2771,NAD(P)(+)&nbsp;transhydrogenase&nbsp;(AB-specific),92.2
187272.Mlg_0454,rpsG,30S&nbsp;ribosomal&nbsp;protein&nbsp;S7,92.1
187272.Mlg_0543,Mlg_0543,"TIGRFAM:&nbsp;acetolactate&nbsp;synthase,&nbsp;small&nbsp;subunit",92.1
187272.Mlg_1654,Mlg_1654,"KEGG:&nbsp;mag:amb3368&nbsp;sulfite&nbsp;reductase,&nbsp;dissimilatory-type&nbsp;beta&nbsp;subunit",92.0
187272.Mlg_2489,Mlg_2489,"KEGG:&nbsp;noc:Noc_0255&nbsp;para-aminobenzoate&nbsp;synthase,&nbsp;component&nbsp;I",92.0
187272.Mlg_2721,lpxD,UDP-3-O-acylglucosamine&nbsp;N-acyltransferase,92.0
187272.Mlg_2873,atpF,ATP&nbsp;synthase&nbsp;subunit&nbsp;b,91.9
187272.Mlg_1168,Mlg_1168,"Ribulose-1,5-bisphosphate&nbsp;carboxylase/oxygenase&nbsp;large&nbsp;subunit",91.9
187272.Mlg_0138,Mlg_0138,"KEGG:&nbsp;tbd:Tbd_0292&nbsp;asparagine&nbsp;synthase,&nbsp;glutamine-hydrolyzing",91.9
187272.Mlg_1982,carA,"TIGRFAM:&nbsp;carbamoyl-phosphate&nbsp;synthase,&nbsp;small&nbsp;subunit",91.9
187272.Mlg_0011,glyS,"KEGG:&nbsp;tcx:Tcr_0355&nbsp;glycyl-tRNA&nbsp;synthetase,&nbsp;beta&nbsp;subunit",91.9
187272.Mlg_2234,Mlg_2234,"TIGRFAM:&nbsp;phosphocarrier,&nbsp;HPr&nbsp;family",91.8
187272.Mlg_2177,Mlg_2177,"Oligopeptide/dipeptide&nbsp;ABC&nbsp;transporter,&nbsp;ATPase&nbsp;subunit",91.8
187272.Mlg_0603,ubiX,Flavin&nbsp;prenyltransferase&nbsp;UbiX,91.8
187272.Mlg_0346,pyrB,KEGG:&nbsp;noc:Noc_0365&nbsp;aspartate&nbsp;carbamoyltransferase&nbsp;catalytic&nbsp;subunit,91.8
187272.Mlg_0448,rplA,50S&nbsp;ribosomal&nbsp;protein&nbsp;L1,91.8
187272.Mlg_0931,Mlg_0931,30S&nbsp;ribosomal&nbsp;protein&nbsp;S1,91.7
187272.Mlg_1703,Mlg_1703,Nitrate&nbsp;transporter,91.7
187272.Mlg_1196,znuC,Zinc&nbsp;import&nbsp;ATP-binding&nbsp;protein&nbsp;ZnuC,91.6
187272.Mlg_1563,Mlg_1563,"Carbon&nbsp;monoxide&nbsp;dehydrogenase,&nbsp;small&nbsp;subunit",91.5
187272.Mlg_1104,Mlg_1104,5-oxoprolinase&nbsp;(ATP-hydrolyzing),91.5
187272.Mlg_1658,Mlg_1658,Sulfurtransferase,91.2
187272.Mlg_0914,sthA,Soluble&nbsp;pyridine&nbsp;nucleotide&nbsp;transhydrogenase,91.2
187272.Mlg_1949,nusA,Transcription&nbsp;termination/antitermination&nbsp;protein&nbsp;NusA,91.1
187272.Mlg_1219,secF,Protein-export&nbsp;membrane&nbsp;protein&nbsp;SecF,91.1
187272.Mlg_0956,Mlg_0956,"KEGG:&nbsp;neu:NE0074&nbsp;putative&nbsp;alpha-glucan&nbsp;phosphorylase,&nbsp;putative",91.1
187272.Mlg_1991,dnaQ,DNA&nbsp;polymerase&nbsp;III&nbsp;subunit&nbsp;epsilon,91.1
187272.Mlg_1843,accA,Acetyl-coenzyme&nbsp;A&nbsp;carboxylase&nbsp;carboxyl&nbsp;transferase&nbsp;subunit&nbsp;alpha,91.0
187272.Mlg_0889,Mlg_0889,"PFAM:&nbsp;Anti-sigma-28&nbsp;factor,&nbsp;FlgM&nbsp;family&nbsp;protein",91.0
187272.Mlg_1592,Mlg_1592,TIGRFAM:&nbsp;aminopeptidase&nbsp;N,90.9
187272.Mlg_2127,Mlg_2127,PFAM:&nbsp;AMP-dependent&nbsp;synthetase&nbsp;and&nbsp;ligase,90.9
187272.Mlg_2229,Mlg_2229,PFAM:&nbsp;ABC&nbsp;transporter&nbsp;related,90.9
187272.Mlg_1869,Mlg_1869,KEGG:&nbsp;sth:STH2141&nbsp;alkaline&nbsp;phosphatase,90.9
187272.Mlg_0559,Mlg_0559,PFAM:&nbsp;permease&nbsp;YjgP/YjgQ&nbsp;family&nbsp;protein,90.8
187272.Mlg_1390,Mlg_1390,"TIGRFAM:&nbsp;heavy&nbsp;metal&nbsp;efflux&nbsp;pump,&nbsp;CzcA&nbsp;family",90.7
187272.Mlg_1412,Mlg_1412,PFAM:&nbsp;Alcohol&nbsp;dehydrogenase&nbsp;GroES&nbsp;domain&nbsp;protein,90.6
187272.Mlg_2597,Mlg_2597,PFAM:&nbsp;AMP-dependent&nbsp;synthetase&nbsp;and&nbsp;ligase,90.5
187272.Mlg_0177,Mlg_0177,Branched&nbsp;chain&nbsp;amino&nbsp;acid:&nbsp;2-keto-4-methylthiobutyrate&nbsp;aminotransferase,90.4
187272.Mlg_0563,Mlg_0563,KEGG:&nbsp;noc:Noc_0884&nbsp;2-amino-4-hydroxy-6-hydroxymethyldihydropteridine&nbsp;diphosphokinase,90.3
187272.Mlg_0284,ctc,50S&nbsp;ribosomal&nbsp;protein&nbsp;L25,90.3
187272.Mlg_2140,Mlg_2140,"TIGRFAM:&nbsp;polar&nbsp;amino&nbsp;acid&nbsp;ABC&nbsp;transporter,&nbsp;inner&nbsp;membrane&nbsp;subunit",90.3
187272.Mlg_0986,Mlg_0986,PFAM:&nbsp;response&nbsp;regulator&nbsp;receiver,90.3
187272.Mlg_1323,gpmA,"2,3-bisphosphoglycerate-dependent&nbsp;phosphoglycerate&nbsp;mutase",90.3
187272.Mlg_1990,Mlg_1990,"TIGRFAM:&nbsp;HAD-superfamily&nbsp;hydrolase,&nbsp;subfamily&nbsp;IA,&nbsp;variant&nbsp;3",90.3
187272.Mlg_0007,Mlg_0007,Trehalose&nbsp;6-phosphate&nbsp;synthase,90.2
187272.Mlg_2209,Mlg_2209,PFAM:&nbsp;cytochrome&nbsp;c1,90.1
187272.Mlg_2614,hisF,Imidazole&nbsp;glycerol&nbsp;phosphate&nbsp;synthase&nbsp;subunit&nbsp;HisF,90.0
187272.Mlg_1960,nuoK,NADH-quinone&nbsp;oxidoreductase&nbsp;subunit&nbsp;K,90.0
187272.Mlg_0959,glgC2,Glucose-1-phosphate&nbsp;adenylyltransferase&nbsp;2,89.9
187272.Mlg_1970,nuoA,NADH-quinone&nbsp;oxidoreductase&nbsp;subunit&nbsp;A,89.7
187272.Mlg_0012,glyQ,"PFAM:&nbsp;glycyl-tRNA&nbsp;synthetase,&nbsp;alpha&nbsp;subunit",89.6
187272.Mlg_0673,acsA,Acetyl-coenzyme&nbsp;A&nbsp;synthetase,89.4
187272.Mlg_1302,gltX1,Glutamate--tRNA&nbsp;ligase&nbsp;1,89.2
187272.Mlg_2266,rimK,"TIGRFAM:&nbsp;alpha-L-glutamate&nbsp;ligases,&nbsp;RimK&nbsp;family",89.2
187272.Mlg_1289,Mlg_1289,"TIGRFAM:&nbsp;formate&nbsp;dehydrogenase,&nbsp;gamma&nbsp;subunit",89.0
187272.Mlg_1657,Mlg_1657,PFAM:&nbsp;DsrH&nbsp;family&nbsp;protein,88.9
187272.Mlg_1967,nuoD,NADH-quinone&nbsp;oxidoreductase&nbsp;subunit&nbsp;D,88.6
187272.Mlg_1445,Mlg_1445,PFAM:&nbsp;DAHP&nbsp;synthetase&nbsp;I/KDSA,88.6
187272.Mlg_2792,Mlg_2792,TIGRFAM:&nbsp;lipopolysaccharide&nbsp;heptosyltransferase&nbsp;II,88.5
187272.Mlg_1677,Mlg_1677,PFAM:&nbsp;DMSO&nbsp;reductase&nbsp;anchor&nbsp;subunit&nbsp;(DmsC),88.4
187272.Mlg_0923,gyrA,DNA&nbsp;gyrase&nbsp;subunit&nbsp;A,88.2
187272.Mlg_2571,secB,Protein-export&nbsp;protein&nbsp;SecB,88.2
187272.Mlg_1396,Mlg_1396,PFAM:&nbsp;AMP-dependent&nbsp;synthetase&nbsp;and&nbsp;ligase,88.1
187272.Mlg_1098,Mlg_1098,"PFAM:&nbsp;histidine&nbsp;kinase,&nbsp;HAMP&nbsp;region&nbsp;domain&nbsp;protein",88.0
187272.Mlg_2842,pgk,PFAM:&nbsp;phosphoglycerate&nbsp;kinase,87.9
187272.Mlg_2521,plsY,Glycerol-3-phosphate&nbsp;acyltransferase,87.8
187272.Mlg_1260,Mlg_1260,Sulfate&nbsp;adenylyltransferase&nbsp;subunit&nbsp;1,87.8
187272.Mlg_2805,Mlg_2805,TIGRFAM:&nbsp;lipid&nbsp;A&nbsp;biosynthesis&nbsp;lauroyl&nbsp;(or&nbsp;palmitoleoyl)&nbsp;acyltransferase,87.8
187272.Mlg_2044,Mlg_2044,"TIGRFAM:&nbsp;cytochrome&nbsp;d&nbsp;ubiquinol&nbsp;oxidase,&nbsp;subunit&nbsp;II",87.5
187272.Mlg_2054,Mlg_2054,PFAM:&nbsp;response&nbsp;regulator&nbsp;receiver,87.4
187272.Mlg_0294,Mlg_0294,Cytochrome&nbsp;c&nbsp;oxidase&nbsp;subunit&nbsp;1,87.3
187272.Mlg_0930,cmk,KEGG:&nbsp;ilo:IL1356&nbsp;cytidylate&nbsp;kinase,87.2
187272.Mlg_1453,Mlg_1453,PFAM:&nbsp;aconitate&nbsp;hydratase&nbsp;domain&nbsp;protein,87.1
187272.Mlg_1006,Mlg_1006,"Two&nbsp;component&nbsp;transcriptional&nbsp;regulator,&nbsp;LuxR&nbsp;family",87.1
187272.Mlg_1615,Mlg_1615,Cystathionine&nbsp;gamma-synthase,86.9
187272.Mlg_2512,Mlg_2512,NAD-dependent&nbsp;formate&nbsp;dehydrogenase&nbsp;flavoprotein&nbsp;subunit,86.9
187272.Mlg_1203,Mlg_1203,PFAM:&nbsp;Mammalian&nbsp;cell&nbsp;entry&nbsp;related&nbsp;domain&nbsp;protein,86.8
187272.Mlg_2244,speD,S-adenosylmethionine&nbsp;decarboxylase&nbsp;proenzyme,86.6
187272.Mlg_2038,Mlg_2038,"TIGRFAM:&nbsp;acetolactate&nbsp;synthase,&nbsp;large&nbsp;subunit,&nbsp;biosynthetic&nbsp;type",86.4
187272.Mlg_2199,ftsI,"Peptidoglycan&nbsp;D,D-transpeptidase&nbsp;FtsI",86.4
187272.Mlg_1420,acpP,Acyl&nbsp;carrier&nbsp;protein,86.3
187272.Mlg_2139,Mlg_2139,PFAM:&nbsp;ABC&nbsp;transporter&nbsp;related,86.3
187272.Mlg_1642,Mlg_1642,Periplasmic&nbsp;sensor&nbsp;signal&nbsp;transduction&nbsp;histidine&nbsp;kinase,86.3
187272.Mlg_0428,Mlg_0428,"PTSINtr&nbsp;with&nbsp;GAF&nbsp;domain,&nbsp;PtsP",86.2
187272.Mlg_2715,Mlg_2715,KEGG:&nbsp;sco:SCO4963&nbsp;putative&nbsp;ABC&nbsp;transporter&nbsp;ATP-binding&nbsp;protein,86.1
187272.Mlg_2530,Mlg_2530,PFAM:&nbsp;ferredoxin,86.1
187272.Mlg_0189,Mlg_0189,"Amino&nbsp;acid/amide&nbsp;ABC&nbsp;transporter&nbsp;membrane&nbsp;protein&nbsp;1,&nbsp;HAAT&nbsp;family",86.1
187272.Mlg_2668,Mlg_2668,"PFAM:&nbsp;protein&nbsp;of&nbsp;unknown&nbsp;function&nbsp;DUF513,&nbsp;hemX",86.0
187272.Mlg_1287,Mlg_1287,"PFAM:&nbsp;4Fe-4S&nbsp;ferredoxin,&nbsp;iron-sulfur&nbsp;binding&nbsp;domain&nbsp;protein",85.9
187272.Mlg_2770,Mlg_2770,KEGG:&nbsp;xoo:XOO3630&nbsp;pyridine&nbsp;nucleotide&nbsp;transhydrogenase&nbsp;subunit&nbsp;alpha,85.9
187272.Mlg_0477,rplO,50S&nbsp;ribosomal&nbsp;protein&nbsp;L15,85.8
187272.Mlg_2247,trpC,PFAM:&nbsp;Indole-3-glycerol&nbsp;phosphate&nbsp;synthase,85.8
187272.Mlg_0552,Mlg_0552,TIGRFAM:&nbsp;phage&nbsp;SPO1&nbsp;DNA&nbsp;polymerase-related&nbsp;protein,85.8
187272.Mlg_2010,Mlg_2010,"PFAM:&nbsp;nickel-dependent&nbsp;hydrogenase,&nbsp;large&nbsp;subunit",85.8
187272.Mlg_2822,Mlg_2822,PFAM:&nbsp;ABC&nbsp;transporter&nbsp;related,85.8
187272.Mlg_1948,infB,Translation&nbsp;initiation&nbsp;factor&nbsp;IF-2,85.7
187272.Mlg_1333,Mlg_1333,"PFAM:&nbsp;succinate&nbsp;dehydrogenase,&nbsp;cytochrome&nbsp;b&nbsp;subunit",85.7
187272.Mlg_0884,rpsP,PFAM:&nbsp;ribosomal&nbsp;protein&nbsp;S16,85.7
187272.Mlg_1503,rsgA,Small&nbsp;ribosomal&nbsp;subunit&nbsp;biogenesis&nbsp;GTPase&nbsp;RsgA,85.6
187272.Mlg_0744,Mlg_0744,NADH&nbsp;dehydrogenase&nbsp;(Quinone),85.4
187272.Mlg_0368,Mlg_0368,TIGRFAM:&nbsp;thioredoxin,85.4
187272.Mlg_0734,Mlg_0734,Response&nbsp;regulator&nbsp;receiver&nbsp;protein,85.4
187272.Mlg_0828,Mlg_0828,PFAM:&nbsp;metallophosphoesterase,85.4
187272.Mlg_2190,ddl,D-alanine--D-alanine&nbsp;ligase,85.3
187272.Mlg_0796,Mlg_0796,PFAM:&nbsp;UDP-glucose/GDP-mannose&nbsp;dehydrogenase,85.3
187272.Mlg_2153,Mlg_2153,PFAM:&nbsp;response&nbsp;regulator&nbsp;receiver,85.3
187272.Mlg_0887,rplS,50S&nbsp;ribosomal&nbsp;protein&nbsp;L19,85.3
187272.Mlg_0327,Mlg_0327,Tryptophan&nbsp;synthase&nbsp;beta&nbsp;chain,85.2
187272.Mlg_0026,Mlg_0026,"TIGRFAM:&nbsp;acetyl-CoA&nbsp;carboxylase,&nbsp;biotin&nbsp;carboxylase",85.1
187272.Mlg_1900,dnaK,Chaperone&nbsp;protein&nbsp;DnaK,84.9
187272.Mlg_1722,Mlg_1722,TIGRFAM:&nbsp;acetylornithine&nbsp;deacetylase&nbsp;or&nbsp;succinyl-diaminopimelate&nbsp;desuccinylase,84.9
187272.Mlg_0451,rpoB,DNA-directed&nbsp;RNA&nbsp;polymerase&nbsp;subunit&nbsp;beta,84.8
187272.Mlg_2075,Mlg_2075,PFAM:&nbsp;MotA/TolQ/ExbB&nbsp;proton&nbsp;channel,84.8
187272.Mlg_2794,Mlg_2794,Lipopolysaccharide&nbsp;core&nbsp;heptose(I)&nbsp;kinase,84.8
187272.Mlg_2769,Mlg_2769,NAD(P)&nbsp;transhydrogenase&nbsp;subunit&nbsp;beta,84.7
187272.Mlg_0460,rplW,50S&nbsp;ribosomal&nbsp;protein&nbsp;L23,84.7
187272.Mlg_0295,Mlg_0295,PFAM:&nbsp;cytochrome&nbsp;c&nbsp;oxidase&nbsp;assembly&nbsp;protein&nbsp;CtaG/Cox11,84.6
187272.Mlg_1446,infA,Translation&nbsp;initiation&nbsp;factor&nbsp;IF-1,84.6
187272.Mlg_0296,Mlg_0296,"PFAM:&nbsp;cytochrome&nbsp;c&nbsp;oxidase,&nbsp;subunit&nbsp;III",84.5
187272.Mlg_0597,pyrC,Dihydroorotase,84.5
187272.Mlg_2860,polA,DNA&nbsp;polymerase&nbsp;I,84.4
187272.Mlg_2009,Mlg_2009,PAS/PAC&nbsp;sensor&nbsp;signal&nbsp;transduction&nbsp;histidine&nbsp;kinase,84.4
187272.Mlg_0891,Mlg_0891,PFAM:&nbsp;response&nbsp;regulator&nbsp;receiver,84.4
187272.Mlg_2237,purE,N5-carboxyaminoimidazole&nbsp;ribonucleotide&nbsp;mutase,84.4
187272.Mlg_1505,Mlg_1505,KEGG:&nbsp;rso:RSp1411&nbsp;probable&nbsp;chemotaxis&nbsp;(motility&nbsp;protein&nbsp;A)&nbsp;transmembrane,84.4
187272.Mlg_2764,Mlg_2764,"TIGRFAM:&nbsp;glutamate&nbsp;synthase,&nbsp;small&nbsp;subunit",84.4
187272.Mlg_0732,Mlg_0732,KEGG:&nbsp;dde:Dde_0673&nbsp;glycine&nbsp;betaine/L-proline&nbsp;transport&nbsp;ATP&nbsp;binding&nbsp;subunit,84.2
187272.Mlg_2616,hisH,Imidazole&nbsp;glycerol&nbsp;phosphate&nbsp;synthase&nbsp;subunit&nbsp;HisH,84.1
187272.Mlg_1004,Mlg_1004,KEGG:&nbsp;eba:ebA6288&nbsp;nitrate/nitrite&nbsp;antiporter,84.0
187272.Mlg_1060,Mlg_1060,PFAM:&nbsp;oxidoreductase&nbsp;FAD/NAD(P)-binding&nbsp;domain&nbsp;protein,83.9
187272.Mlg_0898,Mlg_0898,TIGRFAM:&nbsp;flagellar&nbsp;basal-body&nbsp;rod&nbsp;protein&nbsp;FlgG,83.8
187272.Mlg_2596,pdhA,Pyruvate&nbsp;dehydrogenase&nbsp;E1&nbsp;component&nbsp;subunit&nbsp;alpha,83.8
187272.Mlg_1903,nadK,NAD&nbsp;kinase,83.8
187272.Mlg_2380,Mlg_2380,PFAM:&nbsp;alpha/beta&nbsp;hydrolase&nbsp;fold,83.8
187272.Mlg_2607,Mlg_2607,TIGRFAM:&nbsp;dihydrolipoamide&nbsp;dehydrogenase,83.8
187272.Mlg_0002,Mlg_0002,Beta&nbsp;sliding&nbsp;clamp,83.6
187272.Mlg_1153,Mlg_1153,PFAM:&nbsp;chemotaxis&nbsp;sensory&nbsp;transducer,83.5
187272.Mlg_0166,gatB,Aspartyl/glutamyl-tRNA(Asn/Gln)&nbsp;amidotransferase&nbsp;subunit&nbsp;B,83.5
187272.Mlg_1087,Mlg_1087,"PFAM:&nbsp;aminotransferase,&nbsp;class&nbsp;I&nbsp;and&nbsp;II",83.4
187272.Mlg_0669,Mlg_0669,PFAM:&nbsp;response&nbsp;regulator&nbsp;receiver,83.4
187272.Mlg_1451,mnmA,tRNA-specific&nbsp;2-thiouridylase&nbsp;MnmA,83.3
187272.Mlg_2033,Mlg_2033,PFAM:&nbsp;cobalamin&nbsp;(vitamin&nbsp;B12)&nbsp;biosynthesis&nbsp;CbiM&nbsp;protein,83.3
187272.Mlg_2221,Mlg_2221,PFAM:&nbsp;Mammalian&nbsp;cell&nbsp;entry&nbsp;related&nbsp;domain&nbsp;protein,83.2
187272.Mlg_0817,metG,Methionine--tRNA&nbsp;ligase,83.1
187272.Mlg_0766,rpmI,PFAM:&nbsp;ribosomal&nbsp;protein&nbsp;L35,82.9
187272.Mlg_1681,Mlg_1681,Thiosulfate-binding&nbsp;protein&nbsp;SoxY,82.9
187272.Mlg_1447,Mlg_1447,"KEGG:&nbsp;mca:MCA1789&nbsp;ATP-dependent&nbsp;Clp&nbsp;protease,&nbsp;ATP-binding&nbsp;subunit&nbsp;ClpA",82.9
187272.Mlg_1718,Mlg_1718,"PFAM:&nbsp;Pyridoxal-5'-phosphate-dependent&nbsp;enzyme,&nbsp;beta&nbsp;subunit",82.8
187272.Mlg_1720,Mlg_1720,KEGG:&nbsp;csa:Csal_1112&nbsp;hypothetical&nbsp;protein,82.8
187272.Mlg_2577,gcvH,Glycine&nbsp;cleavage&nbsp;system&nbsp;H&nbsp;protein,82.8
187272.Mlg_0258,Mlg_0258,"Two&nbsp;component,&nbsp;sigma54&nbsp;specific,&nbsp;transcriptional&nbsp;regulator,&nbsp;Fis&nbsp;family",82.7
187272.Mlg_2748,uvrA,UvrABC&nbsp;system&nbsp;protein&nbsp;A,82.7
187272.Mlg_0067,hslU,ATP-dependent&nbsp;protease&nbsp;ATPase&nbsp;subunit&nbsp;HslU,82.7
187272.Mlg_1264,Mlg_1264,"PFAM:&nbsp;nitrite/sulfite&nbsp;reductase,&nbsp;hemoprotein&nbsp;beta-component,&nbsp;ferrodoxin&nbsp;domain&nbsp;protein",82.7
187272.Mlg_0838,Mlg_0838,PFAM:&nbsp;Rhs&nbsp;element&nbsp;Vgr&nbsp;protein,82.3
187272.Mlg_2644,Mlg_2644,5-oxoprolinase&nbsp;(ATP-hydrolyzing),82.2
187272.Mlg_1656,Mlg_1656,PFAM:&nbsp;DsrE&nbsp;family&nbsp;protein,82.1
187272.Mlg_1001,Mlg_1001,TIGRFAM:&nbsp;nitrate&nbsp;reductase&nbsp;molybdenum&nbsp;cofactor&nbsp;assembly&nbsp;chaperone,82.1
187272.Mlg_1962,nuoI,NADH-quinone&nbsp;oxidoreductase&nbsp;subunit&nbsp;I,81.9
187272.Mlg_1471,Mlg_1471,Ribonucleoside-diphosphate&nbsp;reductase,81.9
187272.Mlg_2672,Mlg_2672,Sensory&nbsp;transduction&nbsp;protein&nbsp;kinase&nbsp;AlgZ,81.8
187272.Mlg_0364,Mlg_0364,KEGG:&nbsp;pfl:PFL_5942&nbsp;acetylornithine&nbsp;deacetylase,81.7
187272.Mlg_2837,Mlg_2837,"PFAM:&nbsp;ribulose&nbsp;bisphosphate&nbsp;carboxylase,&nbsp;small&nbsp;chain",81.5
187272.Mlg_1118,Mlg_1118,TIGRFAM:&nbsp;PAS&nbsp;sensor&nbsp;protein,81.4
187272.Mlg_2738,Mlg_2738,"KEGG:&nbsp;mag:amb3044&nbsp;ABC-type&nbsp;tungstate&nbsp;transport&nbsp;system,&nbsp;permease&nbsp;component",81.4
187272.Mlg_0709,Mlg_0709,Flagellar&nbsp;M-ring&nbsp;protein,81.4
187272.Mlg_1218,secD,Protein&nbsp;translocase&nbsp;subunit&nbsp;SecD,81.3
187272.Mlg_0202,Mlg_0202,PFAM:&nbsp;thiamineS&nbsp;protein,81.2
187272.Mlg_1659,Mlg_1659,"PFAM:&nbsp;Nitrate&nbsp;reductase,&nbsp;gamma&nbsp;subunit",81.2
187272.Mlg_0894,Mlg_0894,TIGRFAM:&nbsp;flagellar&nbsp;basal-body&nbsp;rod&nbsp;protein&nbsp;FlgC,81.2
187272.Mlg_2377,ackA,Acetate&nbsp;kinase,81.1
187272.Mlg_1638,Mlg_1638,FAD&nbsp;linked&nbsp;oxidase&nbsp;domain&nbsp;protein,81.1
187272.Mlg_1879,Mlg_1879,Cbb3-type&nbsp;cytochrome&nbsp;c&nbsp;oxidase&nbsp;subunit,81.1
187272.Mlg_1553,Mlg_1553,KEGG:&nbsp;cya:CYA_1697&nbsp;dihydroxy-acid&nbsp;dehydratase,81.0
187272.Mlg_2689,Mlg_2689,Molybdenum&nbsp;cofactor&nbsp;biosynthesis&nbsp;protein&nbsp;B,80.9
187272.Mlg_0680,zipA,Cell&nbsp;division&nbsp;protein&nbsp;ZipA,80.8
187272.Mlg_1100,Mlg_1100,PFAM:&nbsp;ABC&nbsp;transporter&nbsp;related,80.7
187272.Mlg_1692,Mlg_1692,"KEGG:&nbsp;tbd:Tbd_0101&nbsp;peptidase&nbsp;S13,&nbsp;D-Ala-D-Ala&nbsp;carboxypeptidase&nbsp;C",80.5
187272.Mlg_2088,Mlg_2088,KEGG:&nbsp;pst:PSPTO0949&nbsp;hypothetical&nbsp;protein,80.4
187272.Mlg_2706,Mlg_2706,KEGG:&nbsp;reu:Reut_B4738&nbsp;thiolase,80.4
187272.Mlg_1424,plsX,Phosphate&nbsp;acyltransferase,80.4
187272.Mlg_2339,Mlg_2339,"KEGG:&nbsp;reu:Reut_B5373&nbsp;asparagine&nbsp;synthase,&nbsp;glutamine-hydrolyzing",80.3
187272.Mlg_1700,Mlg_1700,"TIGRFAM:&nbsp;nitrite&nbsp;reductase&nbsp;[NAD(P)H],&nbsp;large&nbsp;subunit",80.2
187272.Mlg_2820,Mlg_2820,PFAM:&nbsp;periplasmic&nbsp;binding&nbsp;protein,80.2
187272.Mlg_2219,Mlg_2219,PFAM:&nbsp;Sulfate&nbsp;transporter/antisigma-factor&nbsp;antagonist&nbsp;STAS,80.1
187272.Mlg_0584,rpsR,30S&nbsp;ribosomal&nbsp;protein&nbsp;S18,80.0
187272.Mlg_1643,Mlg_1643,"PFAM:&nbsp;ABC&nbsp;transporter,&nbsp;transmembrane&nbsp;region",79.8
187272.Mlg_0946,xseB,Exodeoxyribonuclease&nbsp;7&nbsp;small&nbsp;subunit,79.8
187272.Mlg_1334,Mlg_1334,"KEGG:&nbsp;mca:MCA1550&nbsp;succinate&nbsp;dehydrogenase,&nbsp;flavoprotein&nbsp;subunit",79.8
187272.Mlg_2344,cysD2,"TIGRFAM:&nbsp;sulfate&nbsp;adenylyltransferase,&nbsp;small&nbsp;subunit",79.5
187272.Mlg_2702,Mlg_2702,Bifunctional&nbsp;protein&nbsp;PutA,79.4
187272.Mlg_1924,Mlg_1924,"TIGRFAM:&nbsp;molybdate&nbsp;ABC&nbsp;transporter,&nbsp;inner&nbsp;membrane&nbsp;subunit",79.4
187272.Mlg_2806,Mlg_2806,"PFAM:&nbsp;glycosyl&nbsp;transferase,&nbsp;family&nbsp;9",79.4
187272.Mlg_2699,ilvE,Branched-chain-amino-acid&nbsp;aminotransferase,79.1
187272.Mlg_1261,cysD1,"TIGRFAM:&nbsp;sulfate&nbsp;adenylyltransferase,&nbsp;small&nbsp;subunit",79.1
187272.Mlg_1926,Mlg_1926,KEGG:&nbsp;mag:amb0850&nbsp;xanthine&nbsp;and&nbsp;CO&nbsp;dehydrogenase&nbsp;maturation&nbsp;factor,79.1
187272.Mlg_2007,htpG,Chaperone&nbsp;protein&nbsp;HtpG,79.0
187272.Mlg_2516,rpoD,RNA&nbsp;polymerase&nbsp;sigma&nbsp;factor&nbsp;RpoD,79.0
187272.Mlg_1839,eno,Enolase,78.8
187272.Mlg_0242,tolB,Protein&nbsp;TolB,78.8
187272.Mlg_2362,Mlg_2362,PFAM:&nbsp;isocitrate/isopropylmalate&nbsp;dehydrogenase,78.6
187272.Mlg_0191,Mlg_0191,PFAM:&nbsp;ABC&nbsp;transporter&nbsp;related,78.6
187272.Mlg_0582,rpsF,30S&nbsp;ribosomal&nbsp;protein&nbsp;S6,78.5
187272.Mlg_1084,Mlg_1084,PFAM:&nbsp;binding-protein-dependent&nbsp;transport&nbsp;systems&nbsp;inner&nbsp;membrane&nbsp;component,78.5
187272.Mlg_2863,Mlg_2863,PFAM:&nbsp;UvrD/REP&nbsp;helicase,78.5
187272.Mlg_0182,ureA,"KEGG:&nbsp;dar:Daro_1429&nbsp;urease,&nbsp;gamma&nbsp;subunit&nbsp;region",78.5
187272.Mlg_0270,Mlg_0270,Acetyltransferase&nbsp;component&nbsp;of&nbsp;pyruvate&nbsp;dehydrogenase&nbsp;complex,78.4
187272.Mlg_0464,rpsC,30S&nbsp;ribosomal&nbsp;protein&nbsp;S3,78.3
187272.Mlg_0710,Mlg_0710,Flagellar&nbsp;motor&nbsp;switch&nbsp;protein&nbsp;FliG,78.2
187272.Mlg_1135,Mlg_1135,PFAM:&nbsp;binding-protein-dependent&nbsp;transport&nbsp;systems&nbsp;inner&nbsp;membrane&nbsp;component,78.2
187272.Mlg_0927,Mlg_0927,TIGRFAM:&nbsp;histidinol-phosphate&nbsp;aminotransferase,78.1
187272.Mlg_1005,Mlg_1005,Histidine&nbsp;kinase,78.0
187272.Mlg_0827,Mlg_0827,KEGG:&nbsp;sru:SRU_2006&nbsp;hypothetical&nbsp;protein,78.0
187272.Mlg_1277,Mlg_1277,NAD(P)H&nbsp;dehydrogenase&nbsp;(quinone),77.9
187272.Mlg_0655,glgC1,Glucose-1-phosphate&nbsp;adenylyltransferase&nbsp;1,77.9
187272.Mlg_0283,prs,Ribose-phosphate&nbsp;pyrophosphokinase,77.7
187272.Mlg_0016,Mlg_0016,"Nitrogen&nbsp;metabolism&nbsp;transcriptional&nbsp;regulator,&nbsp;NtrC,&nbsp;Fis&nbsp;family",77.6
187272.Mlg_1880,Mlg_1880,PFAM:&nbsp;Cbb3-type&nbsp;cytochrome&nbsp;oxidase&nbsp;component,77.4
187272.Mlg_1957,nuoN,NADH-quinone&nbsp;oxidoreductase&nbsp;subunit&nbsp;N,77.4
187272.Mlg_0727,Mlg_0727,Iron-regulated&nbsp;ABC&nbsp;transporter&nbsp;permease&nbsp;protein&nbsp;SufD,77.4
187272.Mlg_1085,Mlg_1085,PFAM:&nbsp;binding-protein-dependent&nbsp;transport&nbsp;systems&nbsp;inner&nbsp;membrane&nbsp;component,77.3
187272.Mlg_0190,Mlg_0190,PFAM:&nbsp;inner-membrane&nbsp;translocator,77.2
187272.Mlg_1236,Mlg_1236,Tryptophan&nbsp;synthase&nbsp;beta&nbsp;chain,77.1
187272.Mlg_2843,Mlg_2843,PFAM:&nbsp;pyruvate&nbsp;kinase,77.1
187272.Mlg_1419,Mlg_1419,3-oxoacyl-[acyl-carrier-protein]&nbsp;synthase&nbsp;2,77.0
187272.Mlg_0849,rpsT,30S&nbsp;ribosomal&nbsp;protein&nbsp;S20,77.0
187272.Mlg_1228,leuC,3-isopropylmalate&nbsp;dehydratase&nbsp;large&nbsp;subunit,77.0
187272.Mlg_0293,Mlg_0293,Cytochrome&nbsp;c&nbsp;oxidase&nbsp;subunit&nbsp;2,76.8
187272.Mlg_0261,ppc,Phosphoenolpyruvate&nbsp;carboxylase,76.8
187272.Mlg_2242,rplM,50S&nbsp;ribosomal&nbsp;protein&nbsp;L13,76.7
187272.Mlg_1332,Mlg_1332,"PFAM:&nbsp;succinate&nbsp;dehydrogenase,&nbsp;cytochrome&nbsp;b&nbsp;subunit",76.6
187272.Mlg_1374,fabA,3-hydroxydecanoyl-[acyl-carrier-protein]&nbsp;dehydratase,76.6
187272.Mlg_2821,Mlg_2821,PFAM:&nbsp;transport&nbsp;system&nbsp;permease&nbsp;protein,76.6
187272.Mlg_1360,Mlg_1360,"KEGG:&nbsp;noc:Noc_2131&nbsp;pyrimidine&nbsp;reductase,&nbsp;riboflavin&nbsp;biosynthesis,&nbsp;RibD",76.6
187272.Mlg_0725,Mlg_0725,Iron-regulated&nbsp;ABC&nbsp;transporter&nbsp;membrane&nbsp;component&nbsp;SufB,76.5
187272.Mlg_1895,Mlg_1895,PFAM:&nbsp;FAD&nbsp;linked&nbsp;oxidase&nbsp;domain&nbsp;protein,76.5
187272.Mlg_2264,Mlg_2264,"KEGG:&nbsp;nmu:Nmul_A2539&nbsp;5,10-methylenetetrahydrofolate&nbsp;reductase",76.5
187272.Mlg_1248,ndk,Nucleoside&nbsp;diphosphate&nbsp;kinase,76.4
187272.Mlg_2817,Mlg_2817,PFAM:&nbsp;Phosphoglycerate&nbsp;mutase,76.3
187272.Mlg_2045,Mlg_2045,"PFAM:&nbsp;cytochrome&nbsp;bd&nbsp;ubiquinol&nbsp;oxidase,&nbsp;subunit&nbsp;I",76.3
187272.Mlg_2090,Mlg_2090,"Multisubunit&nbsp;sodium/proton&nbsp;antiporter,&nbsp;MrpA&nbsp;subunit",76.3
187272.Mlg_2574,Mlg_2574,"PFAM:&nbsp;extracellular&nbsp;solute-binding&nbsp;protein,&nbsp;family&nbsp;1",76.3
187272.Mlg_0912,Mlg_0912,Shikimate&nbsp;kinase,76.3
187272.Mlg_1086,Mlg_1086,"Extracellular&nbsp;solute-binding&nbsp;protein,&nbsp;family&nbsp;5",76.2
187272.Mlg_0851,Mlg_0851,TIGRFAM:&nbsp;riboflavin&nbsp;biosynthesis&nbsp;protein&nbsp;RibF,76.1
187272.Mlg_2277,Mlg_2277,Enoyl-[acyl-carrier-protein]&nbsp;reductase&nbsp;[NADH],76.1
187272.Mlg_1102,argD,KEGG:&nbsp;mca:MCA2079&nbsp;acetylornithine&nbsp;aminotransferase,76.0
187272.Mlg_1000,Mlg_1000,"TIGRFAM:&nbsp;respiratory&nbsp;nitrate&nbsp;reductase,&nbsp;gamma&nbsp;subunit",75.8
187272.Mlg_1675,Mlg_1675,PFAM:&nbsp;molybdopterin&nbsp;oxidoreductase,75.8
187272.Mlg_1504,Mlg_1504,PFAM:&nbsp;OmpA/MotB&nbsp;domain&nbsp;protein,75.7
187272.Mlg_2076,Mlg_2076,PFAM:&nbsp;OmpA/MotB&nbsp;domain&nbsp;protein,75.7
187272.Mlg_1423,fabH,3-oxoacyl-[acyl-carrier-protein]&nbsp;synthase&nbsp;3,75.5
187272.Mlg_1425,rpmF,TIGRFAM:&nbsp;ribosomal&nbsp;protein&nbsp;L32,75.4
187272.Mlg_0902,Mlg_0902,TIGRFAM:&nbsp;flagellar&nbsp;hook-associated&nbsp;protein&nbsp;FlgK,75.4
187272.Mlg_1457,Mlg_1457,TIGRFAM:&nbsp;MazG&nbsp;family&nbsp;protein,75.3
187272.Mlg_0893,Mlg_0893,Flagellar&nbsp;basal&nbsp;body&nbsp;rod&nbsp;protein&nbsp;FlgB,74.9
187272.Mlg_0469,rplX,50S&nbsp;ribosomal&nbsp;protein&nbsp;L24,74.8
187272.Mlg_0271,Mlg_0271,TIGRFAM:&nbsp;dihydrolipoamide&nbsp;dehydrogenase,74.8
187272.Mlg_0377,ribB,"3,4-dihydroxy-2-butanone&nbsp;4-phosphate&nbsp;synthase",74.7
187272.Mlg_2373,Mlg_2373,"TIGRFAM:&nbsp;3'(2'),5'-bisphosphate&nbsp;nucleotidase",74.6
187272.Mlg_0577,hisZ,ATP&nbsp;phosphoribosyltransferase&nbsp;regulatory&nbsp;subunit,74.6
187272.Mlg_1204,Mlg_1204,PFAM:&nbsp;ABC&nbsp;transporter&nbsp;related,74.3
187272.Mlg_0025,Mlg_0025,Biotin&nbsp;carboxyl&nbsp;carrier&nbsp;protein&nbsp;of&nbsp;acetyl-CoA&nbsp;carboxylase,74.2
187272.Mlg_1083,Mlg_1083,KEGG:&nbsp;mlo:mll7347&nbsp;ABC&nbsp;transporter&nbsp;ATP-binding&nbsp;protein,74.2
187272.Mlg_0763,pheT,"KEGG:&nbsp;mca:MCA0698&nbsp;phenylalanyl-tRNA&nbsp;synthetase,&nbsp;beta&nbsp;subunit",74.2
187272.Mlg_0468,rplN,50S&nbsp;ribosomal&nbsp;protein&nbsp;L14,74.1
187272.Mlg_1669,Mlg_1669,"Two&nbsp;component&nbsp;transcriptional&nbsp;regulator,&nbsp;LuxR&nbsp;family",73.9
187272.Mlg_2123,Mlg_2123,"PFAM:&nbsp;Glu/Leu/Phe/Val&nbsp;dehydrogenase,&nbsp;C&nbsp;terminal",73.8
187272.Mlg_1825,rpoS,TIGRFAM:&nbsp;RNA&nbsp;polymerase&nbsp;sigma&nbsp;factor&nbsp;RpoS,73.8
187272.Mlg_0712,Mlg_0712,Flagellar&nbsp;protein&nbsp;export&nbsp;ATPase&nbsp;FliI,73.8
187272.Mlg_0461,rplB,50S&nbsp;ribosomal&nbsp;protein&nbsp;L2,73.7
187272.Mlg_1938,ffh,Signal&nbsp;recognition&nbsp;particle&nbsp;protein,73.7
187272.Mlg_2433,bioC,Malonyl-[acyl-carrier&nbsp;protein]&nbsp;O-methyltransferase,73.7
187272.Mlg_2041,Mlg_2041,KEGG:&nbsp;hch:HCH_05403&nbsp;phosphoserine&nbsp;phosphatase&nbsp;SerB,73.7
187272.Mlg_2485,Mlg_2485,PFAM:&nbsp;alpha/beta&nbsp;hydrolase&nbsp;fold,73.6
187272.Mlg_0449,rplJ,50S&nbsp;ribosomal&nbsp;protein&nbsp;L10,73.4
187272.Mlg_2110,Mlg_2110,KEGG:&nbsp;eca:ECA3079&nbsp;putative&nbsp;3-ketoacyl-CoA&nbsp;thiolase,73.3
187272.Mlg_0126,Mlg_0126,PFAM:&nbsp;Orn/DAP/Arg&nbsp;decarboxylase&nbsp;2,73.2
187272.Mlg_0473,rplF,50S&nbsp;ribosomal&nbsp;protein&nbsp;L6,73.2
187272.Mlg_2429,Mlg_2429,KEGG:&nbsp;mca:MCA2070&nbsp;sensory&nbsp;box&nbsp;protein,73.2
187272.Mlg_0992,Mlg_0992,PFAM:&nbsp;CheW&nbsp;domain&nbsp;protein,73.1
187272.Mlg_1550,Mlg_1550,TIGRFAM:&nbsp;molybdenum&nbsp;cofactor&nbsp;synthesis&nbsp;domain,73.0
187272.Mlg_0484,rplQ,PFAM:&nbsp;ribosomal&nbsp;protein&nbsp;L17,73.0
187272.Mlg_0221,tal,Transaldolase,72.9
187272.Mlg_2882,yidC,Membrane&nbsp;protein&nbsp;insertase&nbsp;YidC,72.8
187272.Mlg_0418,Mlg_0418,KEGG:&nbsp;pae:PA0353&nbsp;dihydroxy-acid&nbsp;dehydratase,72.8
187272.Mlg_1430,rne,Ribonuclease&nbsp;E,72.8
187272.Mlg_0997,Mlg_0997,Sulfurtransferase,72.7
187272.Mlg_1448,clpS,ATP-dependent&nbsp;Clp&nbsp;protease&nbsp;adapter&nbsp;protein&nbsp;ClpS,72.6
187272.Mlg_1688,Mlg_1688,TIGRFAM:&nbsp;periplasmic&nbsp;protein&nbsp;thiol--disulphide&nbsp;oxidoreductase&nbsp;DsbE,72.6
187272.Mlg_0084,argB,Acetylglutamate&nbsp;kinase,72.5
187272.Mlg_2628,def,Peptide&nbsp;deformylase,72.4
187272.Mlg_1576,Mlg_1576,PFAM:&nbsp;ABC&nbsp;transporter&nbsp;related,72.4
187272.Mlg_2116,Mlg_2116,"PFAM:&nbsp;cytochrome&nbsp;c&nbsp;oxidase,&nbsp;subunit&nbsp;III",72.4
187272.Mlg_0369,Mlg_0369,"TIGRFAM:&nbsp;HAD-superfamily&nbsp;hydrolase,&nbsp;subfamily&nbsp;IA,&nbsp;variant&nbsp;3",72.3
187272.Mlg_0419,Mlg_0419,TIGRFAM:&nbsp;ATP--cobalamin&nbsp;adenosyltransferase,72.2
187272.Mlg_0988,Mlg_0988,CheA&nbsp;signal&nbsp;transduction&nbsp;histidine&nbsp;kinase,72.1
187272.Mlg_2035,Mlg_2035,PFAM:&nbsp;ABC&nbsp;transporter&nbsp;related,72.0
187272.Mlg_0462,rpsS,30S&nbsp;ribosomal&nbsp;protein&nbsp;S19,72.0
187272.Mlg_0340,proC,Pyrroline-5-carboxylate&nbsp;reductase,71.9
187272.Mlg_0186,ureF,Urease&nbsp;accessory&nbsp;protein&nbsp;UreF,71.9
187272.Mlg_2126,Mlg_2126,PFAM:&nbsp;Enoyl-CoA&nbsp;hydratase/isomerase,71.8
187272.Mlg_2171,Mlg_2171,PFAM:&nbsp;EAL&nbsp;domain&nbsp;protein,71.6
187272.Mlg_1666,Mlg_1666,"TIGRFAM:&nbsp;cobyrinic&nbsp;acid&nbsp;a,c-diamide&nbsp;synthase",71.6
187272.Mlg_2550,Mlg_2550,PFAM:&nbsp;nitrogen&nbsp;regulatory&nbsp;protein&nbsp;P-II,71.6
187272.Mlg_0275,Mlg_0275,Phospho-2-dehydro-3-deoxyheptonate&nbsp;aldolase,71.5
187272.Mlg_1262,Mlg_1262,TIGRFAM:&nbsp;uroporphyrin-III&nbsp;C-methyltransferase,71.5
187272.Mlg_2608,Mlg_2608,Dihydrolipoyllysine-residue&nbsp;succinyltransferase&nbsp;component&nbsp;of&nbsp;2-oxoglutarate&nbsp;dehydrogenase&nbsp;complex,71.5
187272.Mlg_2761,Mlg_2761,Shikimate&nbsp;kinase,71.4
187272.Mlg_2210,Mlg_2210,Cytochrome&nbsp;b,71.4
187272.Mlg_1945,rpsO,30S&nbsp;ribosomal&nbsp;protein&nbsp;S15,71.4
187272.Mlg_0765,rplT,50S&nbsp;ribosomal&nbsp;protein&nbsp;L20,71.3
187272.Mlg_1373,Mlg_1373,PFAM:&nbsp;beta-ketoacyl&nbsp;synthase,71.2
187272.Mlg_1335,Mlg_1335,KEGG:&nbsp;xcb:XC_1985&nbsp;succinate&nbsp;dehydrogenase&nbsp;iron-sulfur&nbsp;protein,71.2
187272.Mlg_2343,Mlg_2343,"TIGRFAM:&nbsp;3'(2'),5'-bisphosphate&nbsp;nucleotidase",71.1
187272.Mlg_0073,Mlg_0073,Polyamine&nbsp;aminopropyltransferase,70.9
187272.Mlg_2620,Mlg_2620,PFAM:&nbsp;lipid&nbsp;A&nbsp;biosynthesis&nbsp;acyltransferase,70.8
187272.Mlg_1562,Mlg_1562,"Carbon&nbsp;monoxide&nbsp;dehydrogenase,&nbsp;medium&nbsp;subunit",70.8
187272.Mlg_2222,Mlg_2222,PFAM:&nbsp;protein&nbsp;of&nbsp;unknown&nbsp;function&nbsp;DUF140,70.7
187272.Mlg_1463,pyrD,Dihydroorotate&nbsp;dehydrogenase&nbsp;(quinone),70.7
187272.Mlg_2729,Mlg_2729,PFAM:&nbsp;Pyrrolo-quinoline&nbsp;quinone,70.6
187272.Mlg_0344,Mlg_0344,KEGG:&nbsp;noc:Noc_0363&nbsp;dihydroorotate&nbsp;dehydrogenase&nbsp;electron&nbsp;transfer&nbsp;subunit,70.6
187272.Mlg_1894,Mlg_1894,PFAM:&nbsp;FAD&nbsp;linked&nbsp;oxidase&nbsp;domain&nbsp;protein,70.6
187272.Mlg_0897,Mlg_0897,TIGRFAM:&nbsp;flagellar&nbsp;basal-body&nbsp;rod&nbsp;protein&nbsp;FlgF,70.5
187272.Mlg_1882,Mlg_1882,"TIGRFAM:&nbsp;cytochrome&nbsp;c&nbsp;oxidase,&nbsp;cbb3-type,&nbsp;subunit&nbsp;I",70.3
187272.Mlg_1965,Mlg_1965,NADH-quinone&nbsp;oxidoreductase&nbsp;subunit&nbsp;F,70.2
187272.Mlg_0290,pgi,PFAM:&nbsp;phosphoglucose&nbsp;isomerase&nbsp;(PGI),70.2
187272.Mlg_2844,Mlg_2844,"KEGG:&nbsp;noc:Noc_2804&nbsp;fructose-bisphosphate&nbsp;aldolase,&nbsp;class&nbsp;II,&nbsp;calvin&nbsp;cycle&nbsp;subtype",70.2
187272.Mlg_1136,Mlg_1136,"TIGRFAM:&nbsp;phosphate&nbsp;ABC&nbsp;transporter,&nbsp;inner&nbsp;membrane&nbsp;subunit&nbsp;PstA",70.1
187272.Mlg_2012,Mlg_2012,"Two&nbsp;component,&nbsp;sigma54&nbsp;specific,&nbsp;transcriptional&nbsp;regulator,&nbsp;Fis&nbsp;family",70.0
187272.Mlg_0176,Mlg_0176,Penicillin-binding&nbsp;protein&nbsp;6,70.0
187272.Mlg_1093,Mlg_1093,Transport&nbsp;permease&nbsp;protein,70.0
187272.Mlg_2260,Mlg_2260,"KEGG:&nbsp;bte:BTH_I1196&nbsp;glyceraldehyde-3-phosphate&nbsp;dehydrogenase,&nbsp;type&nbsp;I",69.9
187272.Mlg_2034,Mlg_2034,KEGG:&nbsp;ade:Adeh_0494&nbsp;hypothetical&nbsp;protein,69.9
187272.Mlg_0989,cheB,Chemotaxis&nbsp;response&nbsp;regulator&nbsp;protein-glutamate&nbsp;methylesterase,69.9
187272.Mlg_0471,rpsN,30S&nbsp;ribosomal&nbsp;protein&nbsp;S14,69.8
187272.Mlg_0192,Mlg_0192,"Amino&nbsp;acid/amide&nbsp;ABC&nbsp;transporter&nbsp;ATP-binding&nbsp;protein&nbsp;2,&nbsp;HAAT&nbsp;family",69.7
187272.Mlg_2763,Mlg_2763,"PFAM:&nbsp;glutamine&nbsp;amidotransferase,&nbsp;class-II",69.7
187272.Mlg_2716,Mlg_2716,Transport&nbsp;permease&nbsp;protein,69.7
187272.Mlg_2641,rpmB,PFAM:&nbsp;ribosomal&nbsp;protein&nbsp;L28,69.6
187272.Mlg_0111,Mlg_0111,PFAM:&nbsp;Inorganic&nbsp;pyrophosphatase,69.6
187272.Mlg_0482,rpsD,30S&nbsp;ribosomal&nbsp;protein&nbsp;S4,69.6
187272.Mlg_1564,Mlg_1564,"TIGRFAM:&nbsp;carbon-monoxide&nbsp;dehydrogenase,&nbsp;large&nbsp;subunit",69.5
187272.Mlg_1853,fabZ,3-hydroxyacyl-[acyl-carrier-protein]&nbsp;dehydratase&nbsp;FabZ,69.3
187272.Mlg_0976,Mlg_0976,Flagellar&nbsp;motor&nbsp;switch&nbsp;protein&nbsp;FliN,69.1
187272.Mlg_2595,Mlg_2595,PFAM:&nbsp;biotin/lipoyl&nbsp;attachment&nbsp;domain-containing&nbsp;protein,69.1
187272.Mlg_0172,mrdA,"Peptidoglycan&nbsp;D,D-transpeptidase&nbsp;MrdA",69.0
187272.Mlg_1841,pyrG,CTP&nbsp;synthase,68.9
187272.Mlg_2185,Mlg_2185,"KEGG:&nbsp;gme:Gmet_2580&nbsp;excinuclease&nbsp;ABC,&nbsp;A&nbsp;subunit",68.8
187272.Mlg_2085,argJ,Arginine&nbsp;biosynthesis&nbsp;bifunctional&nbsp;protein&nbsp;ArgJ,68.6
187272.Mlg_1881,Mlg_1881,"TIGRFAM:&nbsp;cytochrome&nbsp;c&nbsp;oxidase,&nbsp;cbb3-type,&nbsp;subunit&nbsp;II",68.6
187272.Mlg_2086,secA,Protein&nbsp;translocase&nbsp;subunit&nbsp;SecA,68.4
187272.Mlg_2813,Mlg_2813,"PFAM:&nbsp;Cobyrinic&nbsp;acid&nbsp;a,c-diamide&nbsp;synthase",68.4
187272.Mlg_2416,Mlg_2416,PFAM:&nbsp;Sulfate&nbsp;transporter/antisigma-factor&nbsp;antagonist&nbsp;STAS,68.2
187272.Mlg_0762,himA,Integration&nbsp;host&nbsp;factor&nbsp;subunit&nbsp;alpha,68.2
187272.Mlg_1637,Mlg_1637,PFAM:&nbsp;glutamine&nbsp;amidotransferase&nbsp;class-I,68.2
187272.Mlg_1440,Mlg_1440,"TIGRFAM:&nbsp;lipoprotein&nbsp;releasing&nbsp;system,&nbsp;transmembrane&nbsp;protein,&nbsp;LolC/E&nbsp;family",68.1
187272.Mlg_2442,Mlg_2442,"(P)ppGpp&nbsp;synthetase&nbsp;I,&nbsp;SpoT/RelA",68.1
187272.Mlg_1701,Mlg_1701,"TIGRFAM:&nbsp;nitrite&nbsp;reductase&nbsp;[NAD(P)H],&nbsp;small&nbsp;subunit",67.9
187272.Mlg_2548,sucD,Succinate--CoA&nbsp;ligase&nbsp;[ADP-forming]&nbsp;subunit&nbsp;alpha,67.9
187272.Mlg_0402,Mlg_0402,"KEGG:&nbsp;pst:PSPTO4814&nbsp;DNA&nbsp;polymerase&nbsp;III,&nbsp;delta&nbsp;subunit",67.9
187272.Mlg_1237,trpA,Tryptophan&nbsp;synthase&nbsp;alpha&nbsp;chain,67.8
187272.Mlg_2870,atpG,ATP&nbsp;synthase&nbsp;gamma&nbsp;chain,67.8
187272.Mlg_0935,pyrF,Orotidine&nbsp;5'-phosphate&nbsp;decarboxylase,67.8
187272.Mlg_0478,secY,Protein&nbsp;translocase&nbsp;subunit&nbsp;SecY,67.8
187272.Mlg_1963,nuoH,NADH-quinone&nbsp;oxidoreductase&nbsp;subunit&nbsp;H,67.8
187272.Mlg_0452,rpoC,DNA-directed&nbsp;RNA&nbsp;polymerase&nbsp;subunit&nbsp;beta,67.8
187272.Mlg_1003,Mlg_1003,"KEGG:&nbsp;csa:Csal_1330&nbsp;nitrate&nbsp;reductase,&nbsp;alpha&nbsp;subunit",67.7
187272.Mlg_1393,prfC,Peptide&nbsp;chain&nbsp;release&nbsp;factor&nbsp;3,67.6
187272.Mlg_2740,Mlg_2740,PFAM:&nbsp;binding-protein-dependent&nbsp;transport&nbsp;systems&nbsp;inner&nbsp;membrane&nbsp;component,67.6
187272.Mlg_1113,Mlg_1113,"Phosphate&nbsp;ABC&nbsp;transporter&nbsp;substrate-binding&nbsp;protein,&nbsp;PhoT&nbsp;family",67.5
187272.Mlg_2486,Mlg_2486,TIGRFAM:&nbsp;acetoacetyl-CoA&nbsp;reductase,67.5
187272.Mlg_0769,Mlg_0769,TIGRFAM:&nbsp;alpha-L-glutamate&nbsp;ligase-like&nbsp;protein,67.4
187272.Mlg_0991,Mlg_0991,PFAM:&nbsp;CheW&nbsp;domain&nbsp;protein,67.4
187272.Mlg_2490,Mlg_2490,PFAM:&nbsp;AMP-dependent&nbsp;synthetase&nbsp;and&nbsp;ligase,67.3
187272.Mlg_0445,secE,Protein&nbsp;translocase&nbsp;subunit&nbsp;SecE,67.2
187272.Mlg_0458,rplC,50S&nbsp;ribosomal&nbsp;protein&nbsp;L3,67.1
187272.Mlg_2249,Mlg_2249,"Anthranilate&nbsp;synthase,&nbsp;component&nbsp;II",67.0
187272.Mlg_0688,Mlg_0688,KEGG:&nbsp;eba:ebA5202&nbsp;putative&nbsp;thiolase,67.0
187272.Mlg_2379,Mlg_2379,Enoyl-[acyl-carrier-protein]&nbsp;reductase&nbsp;[NADH],66.9
187272.Mlg_2103,Mlg_2103,Ribonucleoside-diphosphate&nbsp;reductase&nbsp;subunit&nbsp;beta,66.8
187272.Mlg_0726,Mlg_0726,KEGG:&nbsp;noc:Noc_2489&nbsp;FeS&nbsp;assembly&nbsp;ATPase&nbsp;SufC,66.8
187272.Mlg_2504,Mlg_2504,Periplasmic&nbsp;sensor&nbsp;signal&nbsp;transduction&nbsp;histidine&nbsp;kinase,66.6
187272.Mlg_2105,metE,5-methyltetrahydropteroyltriglutamate--homocysteine&nbsp;methyltransferase,66.4
187272.Mlg_0560,Mlg_0560,PFAM:&nbsp;permease&nbsp;YjgP/YjgQ&nbsp;family&nbsp;protein,66.3
187272.Mlg_2578,gcvPA,Probable&nbsp;glycine&nbsp;dehydrogenase&nbsp;(decarboxylating)&nbsp;subunit&nbsp;1,66.3
187272.Mlg_1181,Mlg_1181,Pyridine&nbsp;nucleotide-disulfide&nbsp;oxidoreductase&nbsp;dimerization&nbsp;region,66.1
187272.Mlg_2881,mnmE,tRNA&nbsp;modification&nbsp;GTPase&nbsp;MnmE,66.0
187272.Mlg_0248,Mlg_0248,TIGRFAM:&nbsp;thioredoxin&nbsp;reductase,66.0
187272.Mlg_1398,Mlg_1398,PFAM:&nbsp;OmpA/MotB&nbsp;domain&nbsp;protein,66.0
187272.Mlg_0985,fliA,RNA&nbsp;polymerase&nbsp;sigma&nbsp;factor&nbsp;FliA,65.8
187272.Mlg_1682,Mlg_1682,Sulfur&nbsp;compound&nbsp;chelating&nbsp;protein&nbsp;SoxZ,65.7
187272.Mlg_0380,thiL,Thiamine-monophosphate&nbsp;kinase,65.7
187272.Mlg_1570,Mlg_1570,PFAM:&nbsp;nitrogen-fixing&nbsp;NifU&nbsp;domain&nbsp;protein,65.7
187272.Mlg_0269,Mlg_0269,Pyruvate&nbsp;dehydrogenase&nbsp;E1&nbsp;component,65.6
187272.Mlg_2603,Mlg_2603,Aconitate&nbsp;hydratase,65.5
187272.Mlg_0354,gshB,KEGG:&nbsp;hch:HCH_00547&nbsp;glutathione&nbsp;synthetase,65.5
187272.Mlg_0022,Mlg_0022,"PFAM:&nbsp;cytochrome&nbsp;c&nbsp;biogenesis&nbsp;protein,&nbsp;transmembrane&nbsp;region",65.4
187272.Mlg_0463,rplV,50S&nbsp;ribosomal&nbsp;protein&nbsp;L22,65.3
187272.Mlg_2884,rpmH,PFAM:&nbsp;ribosomal&nbsp;protein&nbsp;L34,65.0
187272.Mlg_0650,Mlg_0650,PFAM:&nbsp;Rhs&nbsp;element&nbsp;Vgr&nbsp;protein,65.0
187272.Mlg_1187,Mlg_1187,PFAM:&nbsp;acriflavin&nbsp;resistance&nbsp;protein,64.9
187272.Mlg_2261,Mlg_2261,Transketolase,64.8
187272.Mlg_1238,accD,Acetyl-coenzyme&nbsp;A&nbsp;carboxylase&nbsp;carboxyl&nbsp;transferase&nbsp;subunit&nbsp;beta,64.7
187272.Mlg_2388,Mlg_2388,TIGRFAM:&nbsp;general&nbsp;secretion&nbsp;pathway&nbsp;protein&nbsp;J,64.7
187272.Mlg_1217,Mlg_1217,"TIGRFAM:&nbsp;preprotein&nbsp;translocase,&nbsp;YajC&nbsp;subunit",64.7
187272.Mlg_1254,bamB,Outer&nbsp;membrane&nbsp;protein&nbsp;assembly&nbsp;factor&nbsp;BamB,64.5
187272.Mlg_0262,Mlg_0262,"TIGRFAM:&nbsp;isocitrate&nbsp;dehydrogenase,&nbsp;NADP-dependent",64.5
187272.Mlg_0450,rplL,50S&nbsp;ribosomal&nbsp;protein&nbsp;L7/L12,64.1
187272.Mlg_1121,Mlg_1121,KEGG:&nbsp;pae:PA2624&nbsp;isocitrate&nbsp;dehydrogenase,64.1
187272.Mlg_1964,Mlg_1964,"TIGRFAM:&nbsp;NADH-quinone&nbsp;oxidoreductase,&nbsp;chain&nbsp;G",64.1
187272.Mlg_0624,Mlg_0624,"PFAM:&nbsp;aminotransferase,&nbsp;class&nbsp;V",64.1
187272.Mlg_1771,Mlg_1771,"PFAM:&nbsp;aminotransferase,&nbsp;class&nbsp;I&nbsp;and&nbsp;II",64.0
187272.Mlg_2732,Mlg_2732,KEGG:&nbsp;pfl:PFL_2219&nbsp;hypothetical&nbsp;protein,64.0
187272.Mlg_1705,Mlg_1705,"KEGG:&nbsp;sme:SMa0581&nbsp;nitrate&nbsp;transport&nbsp;ATP&nbsp;binding&nbsp;protein,&nbsp;probable",64.0
187272.Mlg_1526,Mlg_1526,TIGRFAM:&nbsp;molybdenum&nbsp;cofactor&nbsp;synthesis&nbsp;domain,63.8
187272.Mlg_2874,atpE,ATP&nbsp;synthase&nbsp;subunit&nbsp;c,63.8
187272.Mlg_2250,trpE,Anthranilate&nbsp;synthase&nbsp;component&nbsp;1,63.7
187272.Mlg_2642,rpmG,PFAM:&nbsp;ribosomal&nbsp;protein&nbsp;L33,63.7
187272.Mlg_0483,rpoA,DNA-directed&nbsp;RNA&nbsp;polymerase&nbsp;subunit&nbsp;alpha,63.6
187272.Mlg_1865,glnD,Bifunctional&nbsp;uridylyltransferase/uridylyl-removing&nbsp;enzyme,63.6
187272.Mlg_1811,gltX2,Glutamate--tRNA&nbsp;ligase&nbsp;2,63.6
187272.Mlg_0301,cyoE,Protoheme&nbsp;IX&nbsp;farnesyltransferase,63.6
187272.Mlg_1861,pyrH,Uridylate&nbsp;kinase,63.5
187272.Mlg_1559,Mlg_1559,PFAM:&nbsp;molybdopterin&nbsp;biosynthesis&nbsp;MoaE,63.5
187272.Mlg_2179,Mlg_2179,PFAM:&nbsp;binding-protein-dependent&nbsp;transport&nbsp;systems&nbsp;inner&nbsp;membrane&nbsp;component,63.4
187272.Mlg_1243,metZ,O-succinylhomoserine&nbsp;sulfhydrylase,63.4
187272.Mlg_1594,Mlg_1594,PFAM:&nbsp;Enoyl-CoA&nbsp;hydratase/isomerase,63.4
187272.Mlg_1235,trpF,PFAM:&nbsp;N-(5'phosphoribosyl)anthranilate&nbsp;isomerase&nbsp;(PRAI),63.4
187272.Mlg_0764,pheS,"KEGG:&nbsp;pae:PA2740&nbsp;phenylalanyl-tRNA&nbsp;synthetase,&nbsp;alpha-subunit",63.0
187272.Mlg_1229,leuD,3-isopropylmalate&nbsp;dehydratase&nbsp;small&nbsp;subunit,63.0
187272.Mlg_1685,ccmC,Heme&nbsp;exporter&nbsp;protein&nbsp;C,63.0
187272.Mlg_2389,Mlg_2389,TIGRFAM:&nbsp;general&nbsp;secretion&nbsp;pathway&nbsp;protein&nbsp;I,63.0
187272.Mlg_1968,nuoC,NADH-quinone&nbsp;oxidoreductase&nbsp;subunit&nbsp;C,62.9
187272.Mlg_0278,prfA,Peptide&nbsp;chain&nbsp;release&nbsp;factor&nbsp;1,62.9
187272.Mlg_0475,rpsE,30S&nbsp;ribosomal&nbsp;protein&nbsp;S5,62.8
187272.Mlg_0825,dcd,dCTP&nbsp;deaminase,62.8
187272.Mlg_0029,Mlg_0029,PFAM:&nbsp;NAD-dependent&nbsp;epimerase/dehydratase,62.8
187272.Mlg_1860,frr,Ribosome-recycling&nbsp;factor,62.6
187272.Mlg_0359,Mlg_0359,CheA&nbsp;signal&nbsp;transduction&nbsp;histidine&nbsp;kinase,62.6
187272.Mlg_1896,Mlg_1896,Uncharacterized&nbsp;protein,62.5
187272.Mlg_0635,Mlg_0635,KEGG:&nbsp;dde:Dde_0680&nbsp;formate&nbsp;dehydrogenase&nbsp;gamma&nbsp;subunit,62.5
187272.Mlg_0733,Mlg_0733,PFAM:&nbsp;binding-protein-dependent&nbsp;transport&nbsp;systems&nbsp;inner&nbsp;membrane&nbsp;component,62.5
187272.Mlg_0470,rplE,50S&nbsp;ribosomal&nbsp;protein&nbsp;L5,62.4
187272.Mlg_2531,ubiD,3-octaprenyl-4-hydroxybenzoate&nbsp;carboxy-lyase,62.4
187272.Mlg_2220,Mlg_2220,PFAM:&nbsp;toluene&nbsp;tolerance&nbsp;family&nbsp;protein,62.2
187272.Mlg_2840,Mlg_2840,"KEGG:&nbsp;bte:BTH_I1196&nbsp;glyceraldehyde-3-phosphate&nbsp;dehydrogenase,&nbsp;type&nbsp;I",62.2
187272.Mlg_2575,Mlg_2575,PFAM:&nbsp;binding-protein-dependent&nbsp;transport&nbsp;systems&nbsp;inner&nbsp;membrane&nbsp;component,62.1
187272.Mlg_0453,rpsL,30S&nbsp;ribosomal&nbsp;protein&nbsp;S12,61.8
187272.Mlg_1969,nuoB,NADH-quinone&nbsp;oxidoreductase&nbsp;subunit&nbsp;B,61.8
187272.Mlg_2868,atpC,ATP&nbsp;synthase&nbsp;epsilon&nbsp;chain,61.8
187272.Mlg_1002,Mlg_1002,"TIGRFAM:&nbsp;nitrate&nbsp;reductase,&nbsp;beta&nbsp;subunit",61.7
187272.Mlg_0729,Mlg_0729,"TIGRFAM:&nbsp;SUF&nbsp;system&nbsp;FeS&nbsp;assembly&nbsp;protein,&nbsp;NifU&nbsp;family",61.7
187272.Mlg_1661,Mlg_1661,PFAM:&nbsp;FAD-dependent&nbsp;pyridine&nbsp;nucleotide-disulphide&nbsp;oxidoreductase,61.5
187272.Mlg_1829,surE,5'-nucleotidase&nbsp;SurE,61.5
187272.Mlg_1684,Mlg_1684,Heme&nbsp;exporter&nbsp;protein&nbsp;B,61.5
187272.Mlg_2118,Mlg_2118,"Nitric&nbsp;oxide&nbsp;reductase,&nbsp;NorB&nbsp;subunit&nbsp;apoprotein",61.4
187272.Mlg_2236,purK,N5-carboxyaminoimidazole&nbsp;ribonucleotide&nbsp;synthase,61.4
187272.Mlg_1105,Mlg_1105,"Two&nbsp;component&nbsp;transcriptional&nbsp;regulator,&nbsp;winged&nbsp;helix&nbsp;family",61.4
187272.Mlg_2211,Mlg_2211,Ubiquinol-cytochrome&nbsp;c&nbsp;reductase&nbsp;iron-sulfur&nbsp;subunit,61.3
187272.Mlg_2637,Mlg_2637,PFAM:&nbsp;Three-deoxy-D-manno-octulosonic-acid&nbsp;transferase&nbsp;domain&nbsp;protein,61.2
187272.Mlg_2793,Mlg_2793,"PFAM:&nbsp;glycosyl&nbsp;transferase,&nbsp;group&nbsp;1",61.2
187272.Mlg_1959,Mlg_1959,"KEGG:&nbsp;noc:Noc_2554&nbsp;NADH-plastoquinone&nbsp;oxidoreductase,&nbsp;chain&nbsp;5",61.1
187272.Mlg_1724,Mlg_1724,D-alanine--D-alanine&nbsp;ligase,61.1
187272.Mlg_2214,Mlg_2214,TIGRFAM:&nbsp;histidinol-phosphate&nbsp;aminotransferase,61.0
187272.Mlg_2609,Mlg_2609,"TIGRFAM:&nbsp;2-oxoglutarate&nbsp;dehydrogenase,&nbsp;E1&nbsp;subunit",61.0
187272.Mlg_0459,rplD,50S&nbsp;ribosomal&nbsp;protein&nbsp;L4,61.0
187272.Mlg_2836,cbbL,Ribulose&nbsp;bisphosphate&nbsp;carboxylase&nbsp;large&nbsp;chain,60.9
187272.Mlg_1892,Mlg_1892,Flavodoxin/nitric&nbsp;oxide&nbsp;synthase,60.9
187272.Mlg_1641,Mlg_1641,PFAM:&nbsp;response&nbsp;regulator&nbsp;receiver,60.8
187272.Mlg_1397,Mlg_1397,PFAM:&nbsp;MotA/TolQ/ExbB&nbsp;proton&nbsp;channel,60.6
187272.Mlg_2545,Mlg_2545,Sensor&nbsp;protein&nbsp;PilS,60.5
187272.Mlg_1961,Mlg_1961,NADH&nbsp;dehydrogenase&nbsp;subunit&nbsp;J,60.5
187272.Mlg_1014,guaB,Inosine-5'-monophosphate&nbsp;dehydrogenase,60.4
187272.Mlg_1145,Mlg_1145,PFAM:&nbsp;Rhs&nbsp;element&nbsp;Vgr&nbsp;protein,60.4
187272.Mlg_1683,ccmA,Cytochrome&nbsp;c&nbsp;biogenesis&nbsp;ATP-binding&nbsp;export&nbsp;protein&nbsp;CcmA,60.4
187272.Mlg_1415,Mlg_1415,"TIGRFAM:&nbsp;DNA&nbsp;polymerase&nbsp;III,&nbsp;delta&nbsp;prime&nbsp;subunit",60.4
187272.Mlg_0184,ureC,"KEGG:&nbsp;hch:HCH_04523&nbsp;urease,&nbsp;alpha&nbsp;subunit",60.3
187272.Mlg_2117,Mlg_2117,"KEGG:&nbsp;neu:NE2003&nbsp;nitric&nbsp;oxide&nbsp;reductase,&nbsp;cytochrome&nbsp;c-containing&nbsp;subunit",60.2
187272.Mlg_2125,Mlg_2125,KEGG:&nbsp;xcv:XCV2063&nbsp;acetyl-CoA&nbsp;acetyltransferase,60.2
187272.Mlg_1400,Mlg_1400,"PFAM:&nbsp;D-isomer&nbsp;specific&nbsp;2-hydroxyacid&nbsp;dehydrogenase,&nbsp;catalytic&nbsp;region",60.0
187272.Mlg_1573,Mlg_1573,"TIGRFAM:&nbsp;efflux&nbsp;transporter,&nbsp;RND&nbsp;family,&nbsp;MFP&nbsp;subunit",60.0
187272.Mlg_1389,Mlg_1389,"TIGRFAM:&nbsp;efflux&nbsp;transporter,&nbsp;RND&nbsp;family,&nbsp;MFP&nbsp;subunit",59.6
187272.Mlg_0932,himD,Integration&nbsp;host&nbsp;factor&nbsp;subunit&nbsp;beta,59.6
187272.Mlg_0188,Mlg_0188,"KEGG:&nbsp;ppu:PP4841&nbsp;branched-chain&nbsp;amino&nbsp;acid&nbsp;ABC&nbsp;transporter,&nbsp;periplasmic&nbsp;amino&nbsp;acid-binding&nbsp;protein,&nbsp;putative",59.6
187272.Mlg_0193,Mlg_0193,PFAM:&nbsp;major&nbsp;facilitator&nbsp;superfamily&nbsp;MFS_1,59.6
187272.Mlg_2327,Mlg_2327,"PFAM:&nbsp;N-acetylneuraminic&nbsp;acid&nbsp;synthase,&nbsp;N-terminal&nbsp;domain",59.6
187272.Mlg_2779,Mlg_2779,PFAM:&nbsp;NAD-glutamate&nbsp;dehydrogenase,59.6
187272.Mlg_2589,Mlg_2589,Putative&nbsp;nitrate&nbsp;transporter&nbsp;component,59.5
187272.Mlg_0803,recC,RecBCD&nbsp;enzyme&nbsp;subunit&nbsp;RecC,59.5
187272.Mlg_0557,Mlg_0557,"PFAM:&nbsp;DNA&nbsp;polymerase&nbsp;III&nbsp;chi&nbsp;subunit,&nbsp;HolC",59.4
187272.Mlg_0896,Mlg_0896,PFAM:&nbsp;flagellar&nbsp;basal&nbsp;body&nbsp;rod&nbsp;protein,59.3
187272.Mlg_1278,Mlg_1278,Molybdopterin&nbsp;molybdochelatase,59.2
187272.Mlg_2141,Mlg_2141,"PFAM:&nbsp;extracellular&nbsp;solute-binding&nbsp;protein,&nbsp;family&nbsp;3",59.2
187272.Mlg_0994,Mlg_0994,TIGRFAM:&nbsp;acetoacetyl-CoA&nbsp;reductase,59.1
187272.Mlg_2028,Mlg_2028,"PFAM:&nbsp;nickel-dependent&nbsp;hydrogenase,&nbsp;large&nbsp;subunit",59.1
187272.Mlg_2223,Mlg_2223,PFAM:&nbsp;ABC&nbsp;transporter&nbsp;related,59.0
187272.Mlg_0357,Mlg_0357,PFAM:&nbsp;CheW&nbsp;domain&nbsp;protein,59.0
187272.Mlg_1676,Mlg_1676,"PFAM:&nbsp;4Fe-4S&nbsp;ferredoxin,&nbsp;iron-sulfur&nbsp;binding&nbsp;domain&nbsp;protein",59.0
187272.Mlg_2523,Mlg_2523,TIGRFAM:&nbsp;2-amino-4-hydroxy-6-hydroxymethyldihydropteridine&nbsp;pyrophosphokinase,59.0
187272.Mlg_2588,Mlg_2588,"TIGRFAM:&nbsp;nitrate&nbsp;ABC&nbsp;transporter,&nbsp;inner&nbsp;membrane&nbsp;subunit",58.9
187272.Mlg_0356,Mlg_0356,PFAM:&nbsp;response&nbsp;regulator&nbsp;receiver,58.9
187272.Mlg_1092,Mlg_1092,PFAM:&nbsp;ABC&nbsp;transporter&nbsp;related,58.8
187272.Mlg_0336,Mlg_0336,Polyamine&nbsp;aminopropyltransferase,58.8
187272.Mlg_2505,Mlg_2505,"Two&nbsp;component&nbsp;transcriptional&nbsp;regulator,&nbsp;winged&nbsp;helix&nbsp;family",58.8
187272.Mlg_2671,Mlg_2671,PFAM:&nbsp;response&nbsp;regulator&nbsp;receiver,58.8
187272.Mlg_0767,infC,Translation&nbsp;initiation&nbsp;factor&nbsp;IF-3,58.7
187272.Mlg_0004,gyrB,DNA&nbsp;gyrase&nbsp;subunit&nbsp;B,58.6
187272.Mlg_1148,Mlg_1148,"Two&nbsp;component&nbsp;transcriptional&nbsp;regulator,&nbsp;winged&nbsp;helix&nbsp;family",58.6
187272.Mlg_1194,Mlg_1194,PFAM:&nbsp;periplasmic&nbsp;solute&nbsp;binding&nbsp;protein,58.3
187272.Mlg_1485,mutS,DNA&nbsp;mismatch&nbsp;repair&nbsp;protein&nbsp;MutS,58.2
187272.Mlg_1803,Mlg_1803,PFAM:&nbsp;response&nbsp;regulator&nbsp;receiver,58.2
187272.Mlg_0846,rpmA,PFAM:&nbsp;ribosomal&nbsp;protein&nbsp;L27,58.2
187272.Mlg_0457,rpsJ,30S&nbsp;ribosomal&nbsp;protein&nbsp;S10,58.1
187272.Mlg_1901,grpE,Protein&nbsp;GrpE,58.1
187272.Mlg_0591,folD,Bifunctional&nbsp;protein&nbsp;FolD,58.1
187272.Mlg_1655,Mlg_1655,PFAM:&nbsp;DsrE&nbsp;family&nbsp;protein,57.9
187272.Mlg_1670,Mlg_1670,"Signal&nbsp;transduction&nbsp;histidine&nbsp;kinase,&nbsp;nitrate/nitrite-specific,&nbsp;NarQ",57.7
187272.Mlg_2443,rpoZ,DNA-directed&nbsp;RNA&nbsp;polymerase&nbsp;subunit&nbsp;omega,57.6
187272.Mlg_1269,Mlg_1269,Uncharacterized&nbsp;protein,57.3
187272.Mlg_0252,Mlg_0252,PFAM:&nbsp;Fimbrial&nbsp;protein&nbsp;pilin,57.2
187272.Mlg_2178,Mlg_2178,PFAM:&nbsp;binding-protein-dependent&nbsp;transport&nbsp;systems&nbsp;inner&nbsp;membrane&nbsp;component,57.2
187272.Mlg_0476,rpmD,PFAM:&nbsp;ribosomal&nbsp;protein&nbsp;L30,57.2
187272.Mlg_2241,rpsI,PFAM:&nbsp;ribosomal&nbsp;protein&nbsp;S9,57.2
187272.Mlg_0015,Mlg_0015,"Signal&nbsp;transduction&nbsp;histidine&nbsp;kinase,&nbsp;nitrogen&nbsp;specific,&nbsp;NtrB",57.1
187272.Mlg_2114,cysH,Phosphoadenosine&nbsp;phosphosulfate&nbsp;reductase,57.1
187272.Mlg_1137,pstB,Phosphate&nbsp;import&nbsp;ATP-binding&nbsp;protein&nbsp;PstB,57.1
187272.Mlg_1704,Mlg_1704,"TIGRFAM:&nbsp;nitrate&nbsp;ABC&nbsp;transporter,&nbsp;inner&nbsp;membrane&nbsp;subunit",57.1
187272.Mlg_1361,Mlg_1361,PFAM:&nbsp;Uracil-DNA&nbsp;glycosylase&nbsp;superfamily,57.1
187272.Mlg_0355,Mlg_0355,PFAM:&nbsp;response&nbsp;regulator&nbsp;receiver,57.0
187272.Mlg_2576,gcvT,Aminomethyltransferase,56.9
187272.Mlg_1702,Mlg_1702,Assimilatory&nbsp;nitrate&nbsp;reductase&nbsp;(NADH)&nbsp;alpha&nbsp;subunit&nbsp;apoprotein,56.8
187272.Mlg_0066,hslV,ATP-dependent&nbsp;protease&nbsp;subunit&nbsp;HslV,56.8
187272.Mlg_0019,groL,60&nbsp;kDa&nbsp;chaperonin,56.8
187272.Mlg_0185,ureE,Urease&nbsp;accessory&nbsp;protein&nbsp;UreE,56.6
187272.Mlg_1205,Mlg_1205,PFAM:&nbsp;protein&nbsp;of&nbsp;unknown&nbsp;function&nbsp;DUF140,56.6
187272.Mlg_2814,Mlg_2814,"Cob(I)yrinic&nbsp;acid&nbsp;a,c-diamide&nbsp;adenosyltransferase",56.5
187272.Mlg_1487,Mlg_1487,Thiol:disulfide&nbsp;interchange&nbsp;protein,56.5
187272.Mlg_2146,Mlg_2146,"TIGRFAM:&nbsp;efflux&nbsp;transporter,&nbsp;RND&nbsp;family,&nbsp;MFP&nbsp;subunit",56.5
187272.Mlg_1899,dnaJ,Chaperone&nbsp;protein&nbsp;DnaJ,56.4
187272.Mlg_2216,hisG,ATP&nbsp;phosphoribosyltransferase,56.4
187272.Mlg_1997,Mlg_1997,TIGRFAM:&nbsp;septum&nbsp;site-determining&nbsp;protein&nbsp;MinD,56.4
187272.Mlg_0209,lysA,Diaminopimelate&nbsp;decarboxylase,56.3
187272.Mlg_0787,Mlg_0787,PFAM:&nbsp;thiamine&nbsp;pyrophosphate&nbsp;enzyme&nbsp;domain&nbsp;protein&nbsp;TPP-binding,56.3
187272.Mlg_1110,Mlg_1110,DNA&nbsp;helicase,56.3
187272.Mlg_2440,recG,ATP-dependent&nbsp;DNA&nbsp;helicase&nbsp;RecG,56.2
187272.Mlg_2471,Mlg_2471,PFAM:&nbsp;carboxyl&nbsp;transferase,56.0
187272.Mlg_0551,leuA,2-isopropylmalate&nbsp;synthase,56.0
187272.Mlg_2684,Mlg_2684,"KEGG:&nbsp;dvu:DVU0120&nbsp;ABC&nbsp;transporter,&nbsp;substrate-binding&nbsp;protein,&nbsp;putative",56.0
187272.Mlg_0095,Mlg_0095,PFAM:&nbsp;UBA/THIF-type&nbsp;NAD/FAD&nbsp;binding&nbsp;protein,55.9
187272.Mlg_0020,groS,10&nbsp;kDa&nbsp;chaperonin,55.8
187272.Mlg_2872,atpH,ATP&nbsp;synthase&nbsp;subunit&nbsp;delta,55.7
187272.Mlg_0515,purN,Phosphoribosylglycinamide&nbsp;formyltransferase,55.5
187272.Mlg_0300,Mlg_0300,PFAM:&nbsp;cytochrome&nbsp;oxidase&nbsp;assembly,55.5
187272.Mlg_1849,Mlg_1849,"KEGG:&nbsp;mca:MCA1286&nbsp;DNA&nbsp;polymerase&nbsp;III,&nbsp;alpha&nbsp;subunit",55.4
187272.Mlg_1629,Mlg_1629,TIGRFAM:&nbsp;phosphoserine&nbsp;phosphatase/homoserine&nbsp;phosphotransferase&nbsp;bifunctional&nbsp;protein,55.4
187272.Mlg_2345,cysC,Multifunctional&nbsp;fusion&nbsp;protein,55.3
187272.Mlg_2638,lpxL,Lipid&nbsp;A&nbsp;biosynthesis&nbsp;lauroyltransferase,55.3
187272.Mlg_2554,Mlg_2554,"PFAM:&nbsp;aminotransferase,&nbsp;class&nbsp;I&nbsp;and&nbsp;II",55.2
187272.Mlg_1855,bamA,Outer&nbsp;membrane&nbsp;protein&nbsp;assembly&nbsp;factor&nbsp;BamA,55.2
187272.Mlg_2819,Mlg_2819,"PFAM:&nbsp;aminotransferase,&nbsp;class&nbsp;I&nbsp;and&nbsp;II",55.0
187272.Mlg_2132,Mlg_2132,TIGRFAM:&nbsp;methionine&nbsp;synthase,55.0
187272.Mlg_2831,Mlg_2831,PFAM:&nbsp;OmpA/MotB&nbsp;domain&nbsp;protein,54.9
187272.Mlg_1510,dnaX,DNA&nbsp;polymerase&nbsp;III&nbsp;subunit&nbsp;gamma/tau,54.8
187272.Mlg_1439,lolD,Lipoprotein-releasing&nbsp;system&nbsp;ATP-binding&nbsp;protein&nbsp;LolD,54.8
187272.Mlg_2519,rpsU,PFAM:&nbsp;ribosomal&nbsp;protein&nbsp;S21,54.7
187272.Mlg_2875,atpB,ATP&nbsp;synthase&nbsp;subunit&nbsp;a,54.7
187272.Mlg_2246,Mlg_2246,"Transcriptional&nbsp;regulator,&nbsp;Crp/Fnr&nbsp;family",54.6
187272.Mlg_2230,Mlg_2230,RNA&nbsp;polymerase&nbsp;sigma-54&nbsp;factor,54.5
187272.Mlg_2412,Mlg_2412,Fumarate&nbsp;hydratase&nbsp;class&nbsp;I,54.4
187272.Mlg_1674,Mlg_1674,"Sulfide&nbsp;dehydrogenase&nbsp;(Flavocytochrome),&nbsp;flavoprotein&nbsp;subunit",54.4
187272.Mlg_2591,pckA,Phosphoenolpyruvate&nbsp;carboxykinase&nbsp;(ATP),54.3
187272.Mlg_0696,Mlg_0696,PFAM:&nbsp;thiamine&nbsp;pyrophosphate&nbsp;enzyme&nbsp;domain&nbsp;protein&nbsp;TPP-binding,54.1
187272.Mlg_0218,Mlg_0218,"TIGRFAM:&nbsp;phosphonate&nbsp;ABC&nbsp;transporter,&nbsp;periplasmic&nbsp;phosphonate-binding&nbsp;protein",54.1
187272.Mlg_0235,Mlg_0235,PFAM:&nbsp;ferredoxin-dependent&nbsp;glutamate&nbsp;synthase,54.0
187272.Mlg_0183,ureB,Urease&nbsp;subunit&nbsp;beta,54.0
187272.Mlg_1152,Mlg_1152,PFAM:&nbsp;chemotaxis&nbsp;sensory&nbsp;transducer,54.0
187272.Mlg_1906,bamE,Outer&nbsp;membrane&nbsp;protein&nbsp;assembly&nbsp;factor&nbsp;BamE,54.0
187272.Mlg_1607,Mlg_1607,PFAM:&nbsp;glutamine&nbsp;amidotransferase&nbsp;class-I,54.0
187272.Mlg_1514,Mlg_1514,"KEGG:&nbsp;csa:Csal_1568&nbsp;glyceraldehyde-3-phosphate&nbsp;dehydrogenase,&nbsp;type&nbsp;I",53.8
187272.Mlg_0788,Mlg_0788,PFAM:&nbsp;pyruvate&nbsp;flavodoxin/ferredoxin&nbsp;oxidoreductase&nbsp;domain&nbsp;protein,53.7
187272.Mlg_1097,Mlg_1097,"(P)ppGpp&nbsp;synthetase&nbsp;I,&nbsp;SpoT/RelA",53.6
187272.Mlg_1673,Mlg_1673,"PFAM:&nbsp;cytochrome&nbsp;c,&nbsp;class&nbsp;I",53.6
187272.Mlg_1230,leuB,3-isopropylmalate&nbsp;dehydrogenase,53.5
187272.Mlg_1037,Mlg_1037,PFAM:&nbsp;GCN5-related&nbsp;N-acetyltransferase,53.4
187272.Mlg_2584,Mlg_2584,KEGG:&nbsp;noc:Noc_1583&nbsp;hypothetical&nbsp;protein,53.3
187272.Mlg_1672,Mlg_1672,PFAM:&nbsp;SirA&nbsp;family&nbsp;protein,53.3
187272.Mlg_2751,rpmE2,PFAM:&nbsp;ribosomal&nbsp;protein&nbsp;L31,53.3
187272.Mlg_1286,Mlg_1286,Formate&nbsp;dehydrogenase&nbsp;alpha&nbsp;subunit,53.3
187272.Mlg_2639,Mlg_2639,"TIGRFAM:&nbsp;type&nbsp;I&nbsp;secretion&nbsp;outer&nbsp;membrane&nbsp;protein,&nbsp;TolC&nbsp;family",53.3
187272.Mlg_0711,Mlg_0711,PFAM:&nbsp;flagellar&nbsp;assembly&nbsp;protein&nbsp;FliH,53.2
187272.Mlg_2187,ftsZ,Cell&nbsp;division&nbsp;protein&nbsp;FtsZ,53.1
187272.Mlg_0260,pyrE,Orotate&nbsp;phosphoribosyltransferase,53.0
187272.Mlg_0479,rpmJ,PFAM:&nbsp;ribosomal&nbsp;protein&nbsp;L36,53.0
187272.Mlg_1707,Mlg_1707,PFAM:&nbsp;Uroporphyrinogen&nbsp;III&nbsp;synthase&nbsp;HEM4,52.9
187272.Mlg_0360,Mlg_0360,KEGG:&nbsp;xcb:XC_1190&nbsp;chemosensory&nbsp;pili&nbsp;system&nbsp;protein&nbsp;ChpC,52.8
187272.Mlg_1958,Mlg_1958,NADH&nbsp;dehydrogenase&nbsp;subunit&nbsp;M,52.8
187272.Mlg_2754,Mlg_2754,KEGG:&nbsp;noc:Noc_0246&nbsp;penicillin-binding&nbsp;protein&nbsp;1A,52.8
187272.Mlg_2257,purC,KEGG:&nbsp;mca:MCA0021&nbsp;phosphoribosylaminoimidazole-succinocarboxamide&nbsp;synthase,52.7
187272.Mlg_1180,Mlg_1180,Thiosulfate&nbsp;sulfurtransferase,52.7
187272.Mlg_0455,fusA,Elongation&nbsp;factor&nbsp;G,52.6
187272.Mlg_1971,Mlg_1971,"TIGRFAM:&nbsp;preprotein&nbsp;translocase,&nbsp;SecG&nbsp;subunit",52.6
187272.Mlg_1197,Mlg_1197,PFAM:&nbsp;ABC-3&nbsp;protein,52.5
187272.Mlg_2180,Mlg_2180,"KEGG:&nbsp;pai:PAE3088&nbsp;oligopeptide&nbsp;binding&nbsp;protein,&nbsp;putative",52.4
187272.Mlg_2027,Mlg_2027,"TIGRFAM:&nbsp;Ni/Fe-hydrogenase,&nbsp;b-type&nbsp;cytochrome&nbsp;subunit",52.4
187272.Mlg_0363,argA,TIGRFAM:&nbsp;amino-acid&nbsp;N-acetyltransferase,52.4
187272.Mlg_2176,Mlg_2176,"Oligopeptide/dipeptide&nbsp;ABC&nbsp;transporter,&nbsp;ATPase&nbsp;subunit",52.3
187272.Mlg_2587,Mlg_2587,KEGG:&nbsp;mfa:Mfla_2170&nbsp;nitrate&nbsp;transport&nbsp;ATP-binding&nbsp;subunits&nbsp;C&nbsp;and&nbsp;D,52.1
187272.Mlg_1007,Mlg_1007,PFAM:&nbsp;major&nbsp;facilitator&nbsp;superfamily&nbsp;MFS_1,52.1
187272.Mlg_1937,Mlg_1937,"PFAM:&nbsp;histidine&nbsp;kinase,&nbsp;HAMP&nbsp;region&nbsp;domain&nbsp;protein",52.0
187272.Mlg_1421,Mlg_1421,TIGRFAM:&nbsp;3-oxoacyl-(acyl-carrier-protein)&nbsp;reductase,52.0
187272.Mlg_0958,glgB,"1,4-alpha-glucan&nbsp;branching&nbsp;enzyme&nbsp;GlgB",51.9
187272.Mlg_1558,Mlg_1558,Uncharacterized&nbsp;protein,51.8
187272.Mlg_0518,Mlg_0518,Regulatory&nbsp;inactivation&nbsp;of&nbsp;DnaA&nbsp;Hda&nbsp;protein,51.8
187272.Mlg_1653,Mlg_1653,"KEGG:&nbsp;mag:amb3367&nbsp;sulfite&nbsp;reductase,&nbsp;dissimilatory-type&nbsp;alpha&nbsp;subunit",51.6
187272.Mlg_0586,rplI,50S&nbsp;ribosomal&nbsp;protein&nbsp;L9,51.5
187272.Mlg_1944,pnp,Polyribonucleotide&nbsp;nucleotidyltransferase,51.4
187272.Mlg_0697,Mlg_0697,PFAM:&nbsp;pyruvate&nbsp;ferredoxin/flavodoxin&nbsp;oxidoreductase,51.4
187272.Mlg_1154,Mlg_1154,Penicillin-binding&nbsp;protein&nbsp;1B,51.4
187272.Mlg_0472,rpsH,30S&nbsp;ribosomal&nbsp;protein&nbsp;S8,51.3
187272.Mlg_1897,Mlg_1897,Sulfurtransferase,51.3
187272.Mlg_0489,Mlg_0489,PFAM:&nbsp;isocitrate/isopropylmalate&nbsp;dehydrogenase,51.2
187272.Mlg_1996,minE,Cell&nbsp;division&nbsp;topological&nbsp;specificity&nbsp;factor,51.2
187272.Mlg_0109,Mlg_0109,PFAM:&nbsp;UDP-N-acetylglucosamine&nbsp;2-epimerase,51.1
187272.Mlg_2029,Mlg_2029,KEGG:&nbsp;rme:Rmet_1298&nbsp;hydrogenase&nbsp;(NiFe)&nbsp;small&nbsp;subunit&nbsp;(HydA),51.1
