320483.AMF_187,secE,Protein&nbsp;translocase&nbsp;subunit&nbsp;SecE,98.5
320483.AMF_342,AMF_342,Uncharacterized&nbsp;protein,98.3
320483.AMF_129,ruvB,Holliday&nbsp;junction&nbsp;ATP-dependent&nbsp;DNA&nbsp;helicase&nbsp;RuvB,97.6
320483.AMF_550,nuoM,NADH&nbsp;dehydrogenase&nbsp;I&nbsp;chain&nbsp;M&nbsp;(NuoM),97.4
320483.AMF_885,ribB,"3,4-dihydroxy-2-butanone&nbsp;4-phosphate&nbsp;synthase",97.3
320483.AMF_716,carB,Carbamoyl-phosphate&nbsp;synthase&nbsp;large&nbsp;chain,96.9
320483.AMF_223,rpsD,30S&nbsp;ribosomal&nbsp;protein&nbsp;S4,96.7
320483.AMF_687,rpsQ,30S&nbsp;ribosomal&nbsp;protein&nbsp;S17,96.3
320483.AMF_997,ribA,GTP&nbsp;cyclohydrolase&nbsp;II&nbsp;(RibA),95.8
320483.AMF_771,yajC,Preprotein&nbsp;translocase&nbsp;subunit&nbsp;(YajC),95.4
320483.AMF_672,rpoA,DNA-directed&nbsp;RNA&nbsp;polymerase&nbsp;subunit&nbsp;alpha,95.2
320483.AMF_760,hslU,ATP-dependent&nbsp;protease&nbsp;ATPase&nbsp;subunit&nbsp;HslU,94.8
320483.AMF_527,nuoI,NADH-quinone&nbsp;oxidoreductase&nbsp;subunit&nbsp;I,94.8
320483.AMF_121,rplI,50S&nbsp;ribosomal&nbsp;protein&nbsp;L9,94.3
320483.AMF_163,pstC,Phosphate&nbsp;transport&nbsp;system&nbsp;permease&nbsp;protein,93.9
320483.AMF_167,sucD,Succinate--CoA&nbsp;ligase&nbsp;[ADP-forming]&nbsp;subunit&nbsp;alpha,93.6
320483.AMF_743,purL,Phosphoribosylformylglycinamidine&nbsp;synthase&nbsp;subunit&nbsp;PurL,93.6
320483.AMF_521,gatA,Glutamyl-tRNA(Gln)&nbsp;amidotransferase&nbsp;subunit&nbsp;A,93.3
320483.AMF_119,rpsF,30S&nbsp;ribosomal&nbsp;protein&nbsp;S6,93.2
320483.AMF_329,pyrF,Orotidine&nbsp;5'-phosphate&nbsp;decarboxylase,92.9
320483.AMF_982,coxC,"Cytochrome&nbsp;C&nbsp;oxidase,&nbsp;subunit&nbsp;III&nbsp;(CoxC)",92.8
320483.AMF_888,atpH,ATP&nbsp;synthase&nbsp;subunit&nbsp;delta,92.3
320483.AMF_355,nrdB,Ribonucleoside-diphosphate&nbsp;reductase&nbsp;subunit&nbsp;beta,92.2
320483.AMF_693,rplB,50S&nbsp;ribosomal&nbsp;protein&nbsp;L2,92.1
320483.AMF_697,rpsJ,30S&nbsp;ribosomal&nbsp;protein&nbsp;S10,91.6
320483.AMF_217,sdhD,Succinate&nbsp;dehyrdrogenase&nbsp;subunit&nbsp;D,91.0
320483.AMF_733,purN,Phosphoribosylglycinamide&nbsp;formyltransferase,90.9
320483.AMF_681,rplF,50S&nbsp;ribosomal&nbsp;protein&nbsp;L6,90.6
320483.AMF_725,groEL,60&nbsp;kDa&nbsp;chaperonin,90.6
320483.AMF_692,rpsS,30S&nbsp;ribosomal&nbsp;protein&nbsp;S19,90.5
320483.AMF_273,gyrA,DNA&nbsp;gyrase&nbsp;subunit&nbsp;A,90.4
320483.AMF_125,sdhA,Succinate&nbsp;dehydrogenase&nbsp;flavoprotein&nbsp;subunit,90.1
320483.AMF_477,nuoH,NADH-quinone&nbsp;oxidoreductase&nbsp;subunit&nbsp;H,89.8
320483.AMF_839,atpB,ATP&nbsp;synthase&nbsp;subunit&nbsp;a,89.1
320483.AMF_324,rpoZ,DNA-directed&nbsp;RNA&nbsp;polymerase&nbsp;subunit&nbsp;omega,89.0
320483.AMF_131,ccmC,Heme&nbsp;exporter&nbsp;protein&nbsp;C,88.9
320483.AMF_679,rpsE,30S&nbsp;ribosomal&nbsp;protein&nbsp;S5,88.7
320483.AMF_312,gatB,Aspartyl/glutamyl-tRNA(Asn/Gln)&nbsp;amidotransferase&nbsp;subunit&nbsp;B,88.6
320483.AMF_436,fabG,3-oxoacyl-reductase&nbsp;(FabG),87.9
320483.AMF_122,glyA,Serine&nbsp;hydroxymethyltransferase,87.7
320483.AMF_779,rplM,50S&nbsp;ribosomal&nbsp;protein&nbsp;L13,87.7
320483.AMF_652,plsX,Phosphate&nbsp;acyltransferase,87.6
320483.AMF_190,rplK,50S&nbsp;ribosomal&nbsp;protein&nbsp;L11,87.4
320483.AMF_194,rpoB,DNA-directed&nbsp;RNA&nbsp;polymerase&nbsp;subunit&nbsp;beta,86.9
320483.AMF_443,rpmJ,50S&nbsp;ribosomal&nbsp;protein&nbsp;L36,86.8
320483.AMF_690,rpsC,30S&nbsp;ribosomal&nbsp;protein&nbsp;S3,86.2
320483.AMF_013,ribD,Riboflavin&nbsp;biosynthesis&nbsp;protein&nbsp;RibD,86.1
320483.AMF_153,ntrX,Nitrogen&nbsp;assimilation&nbsp;regulatory&nbsp;protein&nbsp;(NtrX),86.1
320483.AMF_110,ntrY,Nitrogen&nbsp;regulation&nbsp;protein&nbsp;(NtrY),86.0
320483.AMF_1006,xseA,Exodeoxyribonuclease&nbsp;7&nbsp;large&nbsp;subunit,85.9
320483.AMF_767,coxA,Cytochrome&nbsp;c&nbsp;oxidase&nbsp;subunit&nbsp;1,85.7
320483.AMF_785,gatC,"Glutamyl-tRNA(Gln)&nbsp;amidotransferase,&nbsp;C&nbsp;subunit",85.6
320483.AMF_071,pdhA,Pyruvate&nbsp;dehydrogenase&nbsp;E1&nbsp;component&nbsp;subunit&nbsp;alpha,85.5
320483.AMF_127,thy1,Flavin-dependent&nbsp;thymidylate&nbsp;synthase,85.4
320483.AMF_037,rpsP,30S&nbsp;ribosomal&nbsp;protein&nbsp;S16,85.3
320483.AMF_500,atpD,ATP&nbsp;synthase&nbsp;subunit&nbsp;beta,85.0
320483.AMF_684,rplE,50S&nbsp;ribosomal&nbsp;protein&nbsp;L5,84.8
320483.AMF_1025,pdhB,Pyruvate&nbsp;dehydrogenase&nbsp;E1&nbsp;component&nbsp;subunit&nbsp;beta,84.5
320483.AMF_931,rpsT,30S&nbsp;ribosomal&nbsp;protein&nbsp;S20,84.4
320483.AMF_673,rpsK,30S&nbsp;ribosomal&nbsp;protein&nbsp;S11,84.2
320483.AMF_942,secD,Protein&nbsp;translocase&nbsp;subunit&nbsp;SecD,84.2
320483.AMF_980,plsY,Glycerol-3-phosphate&nbsp;acyltransferase,83.9
320483.AMF_349,AMF_349,Psort:&nbsp;bacterial&nbsp;cytoplasm&nbsp;---&nbsp;Certainty=&nbsp;0.331(Affirmative),83.8
320483.AMF_195,rpoC,DNA-directed&nbsp;RNA&nbsp;polymerase&nbsp;subunit&nbsp;beta',83.1
320483.AMF_1048,rpmH,50S&nbsp;ribosomal&nbsp;protein&nbsp;L34,82.4
320483.AMF_695,rplD,50S&nbsp;ribosomal&nbsp;protein&nbsp;L4,82.0
320483.AMF_701,rpsA,30S&nbsp;ribosomal&nbsp;protein&nbsp;S1&nbsp;(RpsA),80.8
320483.AMF_609,pstA,Phosphate&nbsp;transport&nbsp;system&nbsp;permease&nbsp;protein&nbsp;PstA,80.6
320483.AMF_677,secY,Protein&nbsp;translocase&nbsp;subunit&nbsp;SecY,80.6
320483.AMF_062,pyrE,Orotate&nbsp;phosphoribosyltransferase,80.5
320483.AMF_077,fabD,Malonyl&nbsp;CoA-acyl&nbsp;carrier&nbsp;protein&nbsp;transacylase,80.4
320483.AMF_766,coxB,Cytochrome&nbsp;c&nbsp;oxidase&nbsp;subunit&nbsp;2,80.3
320483.AMF_724,groES,10&nbsp;kDa&nbsp;chaperonin,79.9
320483.AMF_169,rpsU,30S&nbsp;ribosomal&nbsp;protein&nbsp;S21,79.0
320483.AMF_464,atpG,ATP&nbsp;synthase&nbsp;gamma&nbsp;chain&nbsp;(AtpG),77.3
320483.AMF_959,rplS,50S&nbsp;ribosomal&nbsp;protein&nbsp;L19,77.2
320483.AMF_580,petB,Cytochrome&nbsp;b,77.1
320483.AMF_848,secA,Protein&nbsp;translocase&nbsp;subunit&nbsp;SecA,76.4
320483.AMF_584,znuB,"Zinc&nbsp;ABC&nbsp;transporter,&nbsp;permease&nbsp;protein&nbsp;(ZnuB)",76.4
320483.AMF_854,ftsY,Signal&nbsp;recognition&nbsp;particle&nbsp;receptor&nbsp;FtsY,76.3
320483.AMF_288,znuC,Zinc&nbsp;import&nbsp;ATP-binding&nbsp;protein&nbsp;ZnuC,76.2
320483.AMF_287,znuA,High-affinity&nbsp;zinc&nbsp;uptake&nbsp;system&nbsp;protein&nbsp;(ZnuA),76.1
320483.AMF_686,rplN,50S&nbsp;ribosomal&nbsp;protein&nbsp;L14,76.0
320483.AMF_831,purH,Bifunctional&nbsp;purine&nbsp;biosynthesis&nbsp;protein&nbsp;PurH,75.7
320483.AMF_192,rplJ,Ribosomal&nbsp;protein&nbsp;L10&nbsp;(RplJ),75.5
320483.AMF_103,coxW,Heme&nbsp;A&nbsp;synthase,74.7
320483.AMF_1016,rplY,50S&nbsp;ribosomal&nbsp;protein&nbsp;L25,74.7
320483.AMF_215,sdhC,Succinate&nbsp;dehydrogenase&nbsp;cytochrome&nbsp;b556&nbsp;subunit&nbsp;(SdhC),74.6
320483.AMF_842,AMF_842,Uncharacterized&nbsp;protein,74.3
320483.AMF_671,rplQ,50S&nbsp;ribosomal&nbsp;protein&nbsp;L17,74.2
320483.AMF_019,phnL,Lipoprotein-releasing&nbsp;system&nbsp;ATP-binding&nbsp;protein&nbsp;LolD,74.2
320483.AMF_887,atpA,ATP&nbsp;synthase&nbsp;subunit&nbsp;alpha,74.0
320483.AMF_183,rpsG,30S&nbsp;ribosomal&nbsp;protein&nbsp;S7,73.5
320483.AMF_595,carA,Carbamoyl-phosphate&nbsp;synthase&nbsp;small&nbsp;chain,73.0
320483.AMF_894,holA,Putative&nbsp;DNA&nbsp;polymerase&nbsp;III&nbsp;delta&nbsp;subunit&nbsp;(HolA),72.5
320483.AMF_120,rpsR,30S&nbsp;ribosomal&nbsp;protein&nbsp;S18,72.2
320483.AMF_911,mkl,Ribonucleotide&nbsp;transport&nbsp;ATP-binding&nbsp;protein&nbsp;(Mkl),72.0
320483.AMF_446,rpmA,50S&nbsp;ribosomal&nbsp;protein&nbsp;L27,71.8
320483.AMF_495,pyrB,Aspartate&nbsp;carbamoyltransferase&nbsp;pyrB&nbsp;(PyrB),70.7
320483.AMF_689,rplP,50S&nbsp;ribosomal&nbsp;protein&nbsp;L16,70.7
320483.AMF_333,nuoB,NADH-quinone&nbsp;oxidoreductase&nbsp;subunit&nbsp;B,70.7
320483.AMF_768,ctaB,Protoheme&nbsp;IX&nbsp;farnesyltransferase,70.3
320483.AMF_569,pccB,Propionyl-COA&nbsp;carboxylase&nbsp;beta&nbsp;chain&nbsp;(PccB),70.2
320483.AMF_967,dnaZ,DNA&nbsp;polymerase&nbsp;III&nbsp;subunit&nbsp;gamma/tau,70.1
320483.AMF_626,ffh,Signal&nbsp;recognition&nbsp;particle&nbsp;protein&nbsp;(Ffh),69.5
320483.AMF_480,gyrB2,DNA&nbsp;gyrase&nbsp;subunit&nbsp;B,69.1
320483.AMF_552,nuoK,NADH-quinone&nbsp;oxidoreductase&nbsp;subunit&nbsp;K,68.6
320483.AMF_900,pdhC,Acetyltransferase&nbsp;component&nbsp;of&nbsp;pyruvate&nbsp;dehydrogenase&nbsp;complex,67.6
320483.AMF_655,pstB,Phosphate&nbsp;ABC&nbsp;transporter&nbsp;(PstB),67.5
320483.AMF_903,secF,Protein-export&nbsp;membrane&nbsp;protein&nbsp;SecF,67.2
320483.AMF_553,nuoJ,NADH&nbsp;dehydrogenase&nbsp;I&nbsp;chain&nbsp;J&nbsp;(NuoJ),67.1
320483.AMF_478,nuoG,NADH-quinone&nbsp;oxidoreductase,66.9
320483.AMF_683,rpsN,Small&nbsp;ribosomal&nbsp;protein&nbsp;S14&nbsp;(RpsN),66.9
320483.AMF_581,AMF_581,Ubiquinol-cytochrome&nbsp;c&nbsp;reductase&nbsp;iron-sulfur&nbsp;subunit,66.8
320483.AMF_759,hslV,ATP-dependent&nbsp;protease&nbsp;subunit&nbsp;HslV,66.5
320483.AMF_912,AMF_912,Uncharacterized&nbsp;protein,66.1
320483.AMF_016,secG,Preprotein&nbsp;translocase&nbsp;SecG&nbsp;subunit,66.0
320483.AMF_680,rplR,50S&nbsp;ribosomal&nbsp;protein&nbsp;L18,65.9
320483.AMF_614,pycA,Propionyl-CoA&nbsp;carboxylase&nbsp;alpha&nbsp;chain&nbsp;(PycA),65.9
320483.AMF_244,barA,Histidine&nbsp;kinase&nbsp;sensor&nbsp;protein&nbsp;(BarA),65.8
320483.AMF_447,rplU,50S&nbsp;ribosomal&nbsp;protein&nbsp;L21,65.7
320483.AMF_467,dnaQ,DNA&nbsp;polymerase&nbsp;III&nbsp;subunit&nbsp;epsilon,65.7
320483.AMF_778,rpsI,30S&nbsp;ribosomal&nbsp;protein&nbsp;S9,65.6
320483.AMF_914,polA,DNA&nbsp;polymerase&nbsp;I,65.5
320483.AMF_773,dnaN,Beta&nbsp;sliding&nbsp;clamp,65.4
320483.AMF_499,atpC,ATP&nbsp;synthase&nbsp;epsilon&nbsp;chain&nbsp;atpC&nbsp;(AtpC),65.2
320483.AMF_736,purQ,Phosphoribosylformylglycinamidine&nbsp;synthase&nbsp;I&nbsp;(PurQ),65.2
320483.AMF_390,rpsO,30S&nbsp;ribosomal&nbsp;protein&nbsp;S15,65.1
320483.AMF_691,rplV,50S&nbsp;ribosomal&nbsp;protein&nbsp;L22,63.9
320483.AMF_081,secB,Protein-export&nbsp;protein&nbsp;SecB,63.7
320483.AMF_465,nuoD,NADH-quinone&nbsp;oxidoreductase&nbsp;subunit&nbsp;D,63.6
320483.AMF_182,rpsL,30S&nbsp;ribosomal&nbsp;protein&nbsp;S12,63.4
320483.AMF_042,pheS,Phenylalanine--tRNA&nbsp;ligase&nbsp;alpha&nbsp;subunit,63.4
320483.AMF_076,rpmE,50S&nbsp;ribosomal&nbsp;protein&nbsp;L31,63.3
320483.AMF_841,atpE,ATP&nbsp;synthase&nbsp;C&nbsp;chain&nbsp;(AtpE),62.9
320483.AMF_130,ruvA,Holliday&nbsp;junction&nbsp;ATP-dependent&nbsp;DNA&nbsp;helicase&nbsp;RuvA,62.7
320483.AMF_043,rplT,50S&nbsp;ribosomal&nbsp;protein&nbsp;L20,62.4
320483.AMF_737,gidA,tRNA&nbsp;uridine&nbsp;5-carboxymethylaminomethyl&nbsp;modification&nbsp;enzyme&nbsp;MnmG,62.2
320483.AMF_156,pdhD,Dihydrolipoyl&nbsp;dehydrogenase,61.9
320483.AMF_678,rplO,50S&nbsp;ribosomal&nbsp;protein&nbsp;L15,61.3
320483.AMF_682,rpsH,30S&nbsp;ribosomal&nbsp;protein&nbsp;S8,60.9
320483.AMF_1010,thdF,tRNA&nbsp;modification&nbsp;GTPase&nbsp;MnmE,60.8
320483.AMF_203,pyrD,Dihydroorotate&nbsp;dehydrogenase&nbsp;(quinone),60.8
320483.AMF_675,rpsM,30S&nbsp;ribosomal&nbsp;protein&nbsp;S13,60.6
320483.AMF_688,rpmC,50S&nbsp;ribosomal&nbsp;protein&nbsp;L29,60.0
320483.AMF_105,ccmA,Cytochrome&nbsp;c&nbsp;biogenesis&nbsp;ATP-binding&nbsp;export&nbsp;protein&nbsp;CcmA,59.5
320483.AMF_696,rplC,50S&nbsp;ribosomal&nbsp;protein&nbsp;L3,58.8
320483.AMF_591,lpdA,Dihydrolipoyl&nbsp;dehydrogenase,58.7
320483.AMF_893,lolE,Lipoprotein-releasing&nbsp;system&nbsp;transmembrane&nbsp;protein&nbsp;(LolE),58.6
320483.AMF_295,sucA,2-oxoglutarate&nbsp;dehydrogenase&nbsp;E1&nbsp;component&nbsp;(SucA),58.3
320483.AMF_193,rplL,50S&nbsp;ribosomal&nbsp;protein&nbsp;L7/L12,58.3
320483.AMF_694,rplW,50S&nbsp;ribosomal&nbsp;protein&nbsp;L23,58.2
320483.AMF_670,pheT,Phenylalanine--tRNA&nbsp;ligase&nbsp;beta&nbsp;subunit,58.1
320483.AMF_644,nrdA,Ribonucleoside-diphosphate&nbsp;reductase,57.9
320483.AMF_170,pstS,"Phosphate&nbsp;ABC&nbsp;transporter,&nbsp;periplasmic&nbsp;phosphate-binding&nbsp;protein",57.9
320483.AMF_068,xseB,Exodeoxyribonuclease&nbsp;7&nbsp;small&nbsp;subunit,57.9
320483.AMF_685,rplX,50S&nbsp;ribosomal&nbsp;protein&nbsp;L24&nbsp;(RplX),57.4
320483.AMF_213,dnaE,DNA-directed&nbsp;DNA&nbsp;polymerase,56.7
320483.AMF_319,dnaX,DNA&nbsp;polymerase&nbsp;III&nbsp;subunit&nbsp;gamma,56.3
320483.AMF_578,petC,"Cytochrome&nbsp;c1,&nbsp;heme&nbsp;protein",56.2
320483.AMF_332,nuoC1,NADH-quinone&nbsp;oxidoreductase&nbsp;subunit&nbsp;C,55.9
320483.AMF_168,sucC,Succinate--CoA&nbsp;ligase&nbsp;[ADP-forming]&nbsp;subunit&nbsp;beta,55.7
320483.AMF_339,yidC,Membrane&nbsp;protein&nbsp;insertase&nbsp;YidC,55.3
320483.AMF_1036,rpmG,50S&nbsp;ribosomal&nbsp;protein&nbsp;L33,54.9
320483.AMF_1047,rpmF,50S&nbsp;ribosomal&nbsp;protein&nbsp;L32,54.5
320483.AMF_126,sdhB,Succinate&nbsp;dehydrogenase&nbsp;iron-sulfur&nbsp;subunit,54.2
320483.AMF_334,nuoA,NADH-quinone&nbsp;oxidoreductase&nbsp;subunit&nbsp;A,53.9
320483.AMF_587,rpsB,30S&nbsp;ribosomal&nbsp;protein&nbsp;S2,53.8
320483.AMF_821,sucB,Dihydrolipoamide&nbsp;acetyltransferase&nbsp;component&nbsp;(SucB),53.2
320483.AMF_1033,rpmI,50S&nbsp;ribosomal&nbsp;protein&nbsp;L35,53.1
320483.AMF_617,rpmB,50S&nbsp;ribosomal&nbsp;protein&nbsp;L28,53.0
320483.AMF_549,nuoN1,NADH-quinone&nbsp;oxidoreductase&nbsp;subunit&nbsp;N,52.3
320483.AMF_191,rplA,50S&nbsp;ribosomal&nbsp;protein&nbsp;L1,51.4
