1384056.N787_02010,N787_02010,Uncharacterized&nbsp;protein,98.9
1384056.N787_00320,rpsO,30S&nbsp;ribosomal&nbsp;protein&nbsp;S15,98.9
1384056.N787_07260,N787_07260,Cytochrome&nbsp;b,98.8
1384056.N787_04720,N787_04720,Uncharacterized&nbsp;protein,98.8
1384056.N787_05055,N787_05055,Uncharacterized&nbsp;protein,98.8
1384056.N787_10935,N787_10935,Uncharacterized&nbsp;protein,98.8
1384056.N787_12280,N787_12280,Lipopolysaccharide&nbsp;ABC&nbsp;transporter&nbsp;ATP-binding&nbsp;protein,98.8
1384056.N787_07445,N787_07445,MerR&nbsp;family&nbsp;transcriptional&nbsp;regulator,98.8
1384056.N787_09470,N787_09470,Uncharacterized&nbsp;protein,98.7
1384056.N787_05290,rnt,Ribonuclease&nbsp;T,98.7
1384056.N787_10910,plsB,Glycerol-3-phosphate&nbsp;acyltransferase,98.7
1384056.N787_01175,lysS,Lysine--tRNA&nbsp;ligase,98.6
1384056.N787_05000,mutS,DNA&nbsp;mismatch&nbsp;repair&nbsp;protein&nbsp;MutS,98.6
1384056.N787_07650,apt,Adenine&nbsp;phosphoribosyltransferase,98.6
1384056.N787_05850,N787_05850,Uncharacterized&nbsp;protein,98.6
1384056.N787_13490,N787_13490,Glutathione&nbsp;peroxidase,98.5
1384056.N787_03510,N787_03510,Uncharacterized&nbsp;protein,98.5
1384056.N787_00540,ligA,DNA&nbsp;ligase,98.5
1384056.N787_13780,rpsL,30S&nbsp;ribosomal&nbsp;protein&nbsp;S12,98.4
1384056.N787_13110,N787_13110,Aldehyde&nbsp;dehydrogenase,98.4
1384056.N787_10990,N787_10990,Ammonium&nbsp;transporter,98.4
1384056.N787_00530,smc,Chromosome&nbsp;partition&nbsp;protein&nbsp;Smc,98.4
1384056.N787_13180,N787_13180,Phosphoglycolate&nbsp;phosphatase,98.4
1384056.N787_09110,secA,Protein&nbsp;translocase&nbsp;subunit&nbsp;SecA,98.3
1384056.N787_10765,N787_10765,Uncharacterized&nbsp;protein,98.3
1384056.N787_13065,N787_13065,Uncharacterized&nbsp;protein,98.3
1384056.N787_01530,N787_01530,tRNA-binding&nbsp;protein,98.2
1384056.N787_07995,N787_07995,Uncharacterized&nbsp;protein,98.2
1384056.N787_07830,hemA,Glutamyl-tRNA&nbsp;reductase,98.2
1384056.N787_12830,N787_12830,Uncharacterized&nbsp;protein,98.2
1384056.N787_02280,N787_02280,Uncharacterized&nbsp;protein,98.2
1384056.N787_13770,fusA,Elongation&nbsp;factor&nbsp;G,98.1
1384056.N787_06915,cyoE,Protoheme&nbsp;IX&nbsp;farnesyltransferase,98.1
1384056.N787_10055,N787_10055,Uncharacterized&nbsp;protein,98.1
1384056.N787_09085,ftsA,Cell&nbsp;division&nbsp;protein&nbsp;FtsA,98.1
1384056.N787_09720,N787_09720,Uncharacterized&nbsp;protein,98.1
1384056.N787_03780,N787_03780,Uncharacterized&nbsp;protein,97.9
1384056.N787_02800,N787_02800,Catalase-related&nbsp;peroxidase,97.9
1384056.N787_02635,N787_02635,Aldehyde&nbsp;dehydrogenase,97.9
1384056.N787_04765,pckG,Phosphoenolpyruvate&nbsp;carboxykinase&nbsp;[GTP],97.8
1384056.N787_11835,N787_11835,Uncharacterized&nbsp;protein,97.8
1384056.N787_12900,N787_12900,Uncharacterized&nbsp;protein,97.8
1384056.N787_12235,purN,Phosphoribosylglycinamide&nbsp;formyltransferase,97.8
1384056.N787_00860,N787_00860,Carbonic&nbsp;anhydrase,97.7
1384056.N787_08985,N787_08985,Phosphatidylglycerophosphatase&nbsp;A,97.7
1384056.N787_02335,N787_02335,Uncharacterized&nbsp;protein,97.7
1384056.N787_13675,N787_13675,Uncharacterized&nbsp;protein,97.7
1384056.N787_06715,N787_06715,Uncharacterized&nbsp;protein,97.6
1384056.N787_02515,hemF,Oxygen-dependent&nbsp;coproporphyrinogen-III&nbsp;oxidase,97.6
1384056.N787_11270,N787_11270,Isocitrate&nbsp;dehydrogenase,97.5
1384056.N787_04460,N787_04460,Fructose-bisphosphate&nbsp;aldolase,97.5
1384056.N787_05770,N787_05770,Uncharacterized&nbsp;protein,97.4
1384056.N787_05510,N787_05510,Acyl-CoA&nbsp;hydrolase,97.4
1384056.N787_04525,thiG,Thiazole&nbsp;synthase,97.4
1384056.N787_10615,N787_10615,Uncharacterized&nbsp;protein,97.4
1384056.N787_01490,N787_01490,30S&nbsp;ribosomal&nbsp;protein&nbsp;S1,97.4
1384056.N787_06280,N787_06280,Uncharacterized&nbsp;protein,97.3
1384056.N787_05075,ileS,Isoleucine--tRNA&nbsp;ligase,97.3
1384056.N787_01235,clpA,ATP-dependent&nbsp;Clp&nbsp;protease&nbsp;ATP-binding&nbsp;protein,97.2
1384056.N787_08355,N787_08355,PhoB&nbsp;family&nbsp;transcriptional&nbsp;regulator,97.1
1384056.N787_02320,N787_02320,Lipoprotein-releasing&nbsp;system&nbsp;ATP-binding&nbsp;protein&nbsp;LolD,97.1
1384056.N787_00240,N787_00240,Uncharacterized&nbsp;protein,97.1
1384056.N787_07460,N787_07460,Uncharacterized&nbsp;protein,97.0
1384056.N787_07640,N787_07640,Uncharacterized&nbsp;protein,97.0
1384056.N787_10950,N787_10950,Uncharacterized&nbsp;protein,97.0
1384056.N787_02855,N787_02855,Uncharacterized&nbsp;protein,96.9
1384056.N787_05560,deaD,ATP-dependent&nbsp;RNA&nbsp;helicase&nbsp;DeaD,96.9
1384056.N787_06285,N787_06285,Uncharacterized&nbsp;protein,96.9
1384056.N787_10920,pyrF,Orotidine&nbsp;5'-phosphate&nbsp;decarboxylase,96.9
1384056.N787_08610,N787_08610,Uncharacterized&nbsp;protein,96.9
1384056.N787_11780,N787_11780,Uncharacterized&nbsp;protein,96.9
1384056.N787_04065,N787_04065,Electron&nbsp;transfer&nbsp;flavoprotein&nbsp;subunit&nbsp;beta,96.9
1384056.N787_03685,rpmH,50S&nbsp;ribosomal&nbsp;protein&nbsp;L34,96.7
1384056.N787_00020,N787_00020,LuxR&nbsp;family&nbsp;transcriptional&nbsp;regulator,96.7
1384056.N787_08090,N787_08090,Malonyl&nbsp;CoA-acyl&nbsp;carrier&nbsp;protein&nbsp;transacylase,96.7
1384056.N787_05100,rpmA,50S&nbsp;ribosomal&nbsp;protein&nbsp;L27,96.7
1384056.N787_00200,N787_00200,Group&nbsp;1&nbsp;truncated&nbsp;hemoglobin,96.7
1384056.N787_13480,N787_13480,Ferredoxin--NADP&nbsp;reductase,96.7
1384056.N787_12000,N787_12000,Periplasmic&nbsp;serine&nbsp;endoprotease&nbsp;DegP-like,96.7
1384056.N787_11680,N787_11680,Histidinol-phosphate&nbsp;aminotransferase,96.6
1384056.N787_04850,N787_04850,Uncharacterized&nbsp;protein,96.6
1384056.N787_08970,ribH,"6,7-dimethyl-8-ribityllumazine&nbsp;synthase",96.6
1384056.N787_08010,dnaX,DNA&nbsp;polymerase&nbsp;III&nbsp;subunit&nbsp;gamma/tau,96.5
1384056.N787_01820,merP,Periplasmic&nbsp;mercury&nbsp;ion-binding&nbsp;protein,96.5
1384056.N787_03100,N787_03100,Uncharacterized&nbsp;protein,96.5
1384056.N787_06440,N787_06440,Uncharacterized&nbsp;protein,96.4
1384056.N787_07905,N787_07905,Uncharacterized&nbsp;protein,96.4
1384056.N787_03670,recF,DNA&nbsp;replication&nbsp;and&nbsp;repair&nbsp;protein&nbsp;RecF,96.4
1384056.N787_08500,pgi,Glucose-6-phosphate&nbsp;isomerase,96.3
1384056.N787_02495,N787_02495,Uncharacterized&nbsp;protein,96.2
1384056.N787_07945,N787_07945,Protein&nbsp;phosphatase,96.2
1384056.N787_10995,N787_10995,Nitrogen&nbsp;regulatory&nbsp;protein&nbsp;P-II&nbsp;1,96.1
1384056.N787_03840,N787_03840,2-oxoisovalerate&nbsp;dehydrogenase&nbsp;subunit&nbsp;beta,96.1
1384056.N787_05810,N787_05810,D-3-phosphoglycerate&nbsp;dehydrogenase,96.0
1384056.N787_12860,mdh,Malate&nbsp;dehydrogenase,96.0
1384056.N787_00160,trpB,Tryptophan&nbsp;synthase&nbsp;beta&nbsp;chain,95.9
1384056.N787_13240,N787_13240,Protein&nbsp;CyaE,95.9
1384056.N787_13760,N787_13760,Uncharacterized&nbsp;protein,95.9
1384056.N787_11805,N787_11805,Fe/S&nbsp;cluster&nbsp;cysteine&nbsp;desulfuration&nbsp;protein,95.8
1384056.N787_06085,N787_06085,Uncharacterized&nbsp;protein,95.7
1384056.N787_13020,rpsS,30S&nbsp;ribosomal&nbsp;protein&nbsp;S19,95.7
1384056.N787_01535,N787_01535,Acetyl-CoA&nbsp;acetyltransferase,95.5
1384056.N787_12005,N787_12005,Vitamin&nbsp;B12-dependent&nbsp;ribonucleotide&nbsp;reductase,95.5
1384056.N787_11700,N787_11700,Uncharacterized&nbsp;protein,95.5
1384056.N787_00770,N787_00770,Uncharacterized&nbsp;protein,95.5
1384056.N787_06095,speD,S-adenosylmethionine&nbsp;decarboxylase&nbsp;proenzyme,95.4
1384056.N787_08295,N787_08295,Uncharacterized&nbsp;protein,95.4
1384056.N787_03985,N787_03985,Uncharacterized&nbsp;protein,95.2
1384056.N787_06780,ppc,Phosphoenolpyruvate&nbsp;carboxylase,95.2
1384056.N787_04135,N787_04135,Electron&nbsp;transfer&nbsp;flavoprotein,95.2
1384056.N787_13555,N787_13555,Uncharacterized&nbsp;protein,95.2
1384056.N787_05230,gcvP,Glycine&nbsp;dehydrogenase&nbsp;(decarboxylating),95.2
1384056.N787_06850,cca,Multifunctional&nbsp;CCA&nbsp;protein,95.1
1384056.N787_01100,dnaK,Chaperone&nbsp;protein&nbsp;DnaK,95.1
1384056.N787_00145,N787_00145,Uncharacterized&nbsp;protein,95.0
1384056.N787_14105,N787_14105,Uncharacterized&nbsp;protein,95.0
1384056.N787_13660,adk,Adenylate&nbsp;kinase,95.0
1384056.N787_01735,N787_01735,Uncharacterized&nbsp;protein,94.9
1384056.N787_10835,glyQ,Glycine--tRNA&nbsp;ligase&nbsp;alpha&nbsp;subunit,94.9
1384056.N787_01515,N787_01515,Uncharacterized&nbsp;protein,94.9
1384056.N787_12455,N787_12455,Homoserine&nbsp;dehydrogenase,94.8
1384056.N787_04345,N787_04345,Uncharacterized&nbsp;protein,94.7
1384056.N787_09115,N787_09115,Uncharacterized&nbsp;protein,94.7
1384056.N787_04915,clpP,ATP-dependent&nbsp;Clp&nbsp;protease&nbsp;proteolytic&nbsp;subunit,94.6
1384056.N787_04510,N787_04510,Uncharacterized&nbsp;protein,94.6
1384056.N787_05150,N787_05150,Uncharacterized&nbsp;protein,94.6
1384056.N787_07810,N787_07810,Uncharacterized&nbsp;protein,94.6
1384056.N787_14030,N787_14030,Fumarate&nbsp;hydratase&nbsp;class&nbsp;I,94.5
1384056.N787_00450,ccmE,Cytochrome&nbsp;c-type&nbsp;biogenesis&nbsp;protein&nbsp;CcmE,94.5
1384056.N787_07820,N787_07820,Molybdenum&nbsp;cofactor&nbsp;biosynthesis&nbsp;protein&nbsp;B,94.5
1384056.N787_04075,cysG,Siroheme&nbsp;synthase,94.5
1384056.N787_07425,rplT,50S&nbsp;ribosomal&nbsp;protein&nbsp;L20,94.4
1384056.N787_08100,acpP,Acyl&nbsp;carrier&nbsp;protein,94.3
1384056.N787_01000,N787_01000,Uncharacterized&nbsp;protein,94.3
1384056.N787_11545,N787_11545,Uncharacterized&nbsp;protein,94.2
1384056.N787_09250,ruvA,Holliday&nbsp;junction&nbsp;ATP-dependent&nbsp;DNA&nbsp;helicase&nbsp;RuvA,94.2
1384056.N787_08465,N787_08465,Uncharacterized&nbsp;protein,94.0
1384056.N787_08310,N787_08310,Uncharacterized&nbsp;protein,94.0
1384056.N787_12370,N787_12370,Uncharacterized&nbsp;protein,94.0
1384056.N787_03060,N787_03060,Uncharacterized&nbsp;protein,94.0
1384056.N787_05255,N787_05255,Glyceraldehyde-3-phosphate&nbsp;dehydrogenase,93.9
1384056.N787_05090,rpsT,30S&nbsp;ribosomal&nbsp;protein&nbsp;S20,93.9
1384056.N787_04430,gapA,Glyceraldehyde-3-phosphate&nbsp;dehydrogenase,93.9
1384056.N787_02220,folD,Bifunctional&nbsp;protein&nbsp;FolD,93.8
1384056.N787_13190,folE2,GTP&nbsp;cyclohydrolase&nbsp;FolE2,93.8
1384056.N787_11790,N787_11790,Catalyzes&nbsp;the&nbsp;conversion&nbsp;of&nbsp;N-acetylornithine&nbsp;to&nbsp;N-acetylcitrulline&nbsp;in&nbsp;an&nbsp;alternative&nbsp;arginine&nbsp;biosynthesis&nbsp;pathway,93.7
1384056.N787_09315,N787_09315,Uncharacterized&nbsp;protein,93.7
1384056.N787_10795,N787_10795,Uncharacterized&nbsp;protein,93.7
1384056.N787_12525,aroB,3-dehydroquinate&nbsp;synthase,93.7
1384056.N787_06960,N787_06960,Cytochrome&nbsp;c&nbsp;oxidase&nbsp;subunit&nbsp;2,93.6
1384056.N787_12270,N787_12270,Uncharacterized&nbsp;protein,93.6
1384056.N787_03220,uppP,Undecaprenyl-diphosphatase,93.6
1384056.N787_00910,rpsR,30S&nbsp;ribosomal&nbsp;protein&nbsp;S18,93.5
1384056.N787_11235,N787_11235,Uncharacterized&nbsp;protein,93.4
1384056.N787_13155,N787_13155,Uncharacterized&nbsp;protein,93.4
1384056.N787_11145,N787_11145,Uncharacterized&nbsp;protein,93.3
1384056.N787_02460,N787_02460,Uncharacterized&nbsp;protein,93.3
1384056.N787_07660,N787_07660,Uncharacterized&nbsp;protein,93.3
1384056.N787_08905,N787_08905,Uncharacterized&nbsp;protein,93.3
1384056.N787_09235,N787_09235,Uncharacterized&nbsp;protein,93.3
1384056.N787_07990,N787_07990,Uncharacterized&nbsp;protein,93.3
1384056.N787_11510,N787_11510,Isovaleryl-CoA&nbsp;dehydrogenase,93.1
1384056.N787_01255,N787_01255,Thioredoxin&nbsp;reductase,93.1
1384056.N787_01600,N787_01600,Uncharacterized&nbsp;protein,93.0
1384056.N787_06350,dinB,DNA&nbsp;polymerase&nbsp;IV,93.0
1384056.N787_12965,rplF,50S&nbsp;ribosomal&nbsp;protein&nbsp;L6,93.0
1384056.N787_09515,hslV,ATP-dependent&nbsp;protease&nbsp;subunit&nbsp;HslV,93.0
1384056.N787_13870,N787_13870,Uncharacterized&nbsp;protein,92.9
1384056.N787_09155,sucC,Succinate--CoA&nbsp;ligase&nbsp;[ADP-forming]&nbsp;subunit&nbsp;beta,92.8
1384056.N787_02385,N787_02385,Acyl-CoA&nbsp;dehydrogenase,92.8
1384056.N787_14045,N787_14045,Uncharacterized&nbsp;protein,92.7
1384056.N787_02105,N787_02105,Uncharacterized&nbsp;protein,92.6
1384056.N787_04550,N787_04550,XRE&nbsp;family&nbsp;transcriptional&nbsp;regulator,92.4
1384056.N787_00865,N787_00865,Uncharacterized&nbsp;protein,92.3
1384056.N787_00925,N787_00925,Alanine&nbsp;racemase,92.2
1384056.N787_07765,N787_07765,NAD(P)&nbsp;transhydrogenase&nbsp;subunit&nbsp;beta,92.2
1384056.N787_12750,purD,Phosphoribosylamine--glycine&nbsp;ligase,92.2
1384056.N787_09630,N787_09630,Uncharacterized&nbsp;protein,92.2
1384056.N787_08240,N787_08240,Uncharacterized&nbsp;protein,92.1
1384056.N787_02660,aroE,Shikimate&nbsp;dehydrogenase&nbsp;(NADP(+)),92.0
1384056.N787_11515,N787_11515,Acetyl-CoA&nbsp;acetyltransferase,92.0
1384056.N787_12670,groEL,60&nbsp;kDa&nbsp;chaperonin,91.9
1384056.N787_09930,N787_09930,Uncharacterized&nbsp;protein,91.9
1384056.N787_08365,N787_08365,Glutaredoxin,91.8
1384056.N787_02275,uvrC,UvrABC&nbsp;system&nbsp;protein&nbsp;C,91.8
1384056.N787_12315,N787_12315,Uncharacterized&nbsp;protein,91.8
1384056.N787_05030,rpsP,30S&nbsp;ribosomal&nbsp;protein&nbsp;S16,91.7
1384056.N787_03300,N787_03300,Gamma-glutamyltransferase,91.7
1384056.N787_00250,N787_00250,NADH-quinone&nbsp;oxidoreductase,91.7
1384056.N787_13010,rpsC,30S&nbsp;ribosomal&nbsp;protein&nbsp;S3,91.7
1384056.N787_00205,tpiA,Triosephosphate&nbsp;isomerase,91.7
1384056.N787_12160,mtgA,Biosynthetic&nbsp;peptidoglycan&nbsp;transglycosylase,91.5
1384056.N787_08800,N787_08800,Uncharacterized&nbsp;protein,91.5
1384056.N787_12625,N787_12625,Uncharacterized&nbsp;protein,91.4
1384056.N787_02060,N787_02060,Uncharacterized&nbsp;protein,91.2
1384056.N787_09955,tdh,L-threonine&nbsp;3-dehydrogenase,91.2
1384056.N787_04545,rimK,Probable&nbsp;alpha-L-glutamate&nbsp;ligase,91.2
1384056.N787_04595,metK,S-adenosylmethionine&nbsp;synthase,91.1
1384056.N787_13315,N787_13315,Uncharacterized&nbsp;protein,91.1
1384056.N787_09165,nadE,Glutamine-dependent&nbsp;NAD(+)&nbsp;synthetase,91.1
1384056.N787_05720,N787_05720,Uncharacterized&nbsp;protein,91.1
1384056.N787_01625,N787_01625,Uncharacterized&nbsp;protein,91.0
1384056.N787_08935,nrdR,Transcriptional&nbsp;repressor&nbsp;NrdR,91.0
1384056.N787_01125,dapB,4-hydroxy-tetrahydrodipicolinate&nbsp;reductase,90.9
1384056.N787_02405,N787_02405,Uncharacterized&nbsp;protein,90.7
1384056.N787_10060,nadD,Probable&nbsp;nicotinate-nucleotide&nbsp;adenylyltransferase,90.7
1384056.N787_10290,N787_10290,Uncharacterized&nbsp;protein,90.6
1384056.N787_09330,N787_09330,Uncharacterized&nbsp;protein,90.6
1384056.N787_10590,N787_10590,Efflux&nbsp;pump&nbsp;membrane&nbsp;transporter,90.5
1384056.N787_14230,N787_14230,Uncharacterized&nbsp;protein,90.5
1384056.N787_03660,N787_03660,Uncharacterized&nbsp;protein,90.4
1384056.N787_00730,N787_00730,Uncharacterized&nbsp;protein,90.4
1384056.N787_02345,N787_02345,Succinate&nbsp;dehydrogenase&nbsp;flavoprotein&nbsp;subunit,90.3
1384056.N787_02210,N787_02210,Uncharacterized&nbsp;protein,90.1
1384056.N787_12285,N787_12285,RNA&nbsp;polymerase&nbsp;sigma-54&nbsp;factor,90.1
1384056.N787_00210,N787_00210,Uncharacterized&nbsp;protein,90.1
1384056.N787_02960,N787_02960,Uncharacterized&nbsp;protein,90.0
1384056.N787_04630,rbsK,Ribokinase,90.0
1384056.N787_03055,N787_03055,Uncharacterized&nbsp;protein,89.9
1384056.N787_13100,pyrD,Dihydroorotate&nbsp;dehydrogenase&nbsp;(quinone),89.9
1384056.N787_02270,N787_02270,Uncharacterized&nbsp;protein,89.9
1384056.N787_12015,N787_12015,Uncharacterized&nbsp;protein,89.7
1384056.N787_12105,N787_12105,Probable&nbsp;cytosol&nbsp;aminopeptidase,89.7
1384056.N787_06520,N787_06520,Uncharacterized&nbsp;protein,89.7
1384056.N787_02325,N787_02325,Uncharacterized&nbsp;protein,89.6
1384056.N787_06220,N787_06220,Uncharacterized&nbsp;protein,89.6
1384056.N787_13030,rplW,50S&nbsp;ribosomal&nbsp;protein&nbsp;L23,89.6
1384056.N787_11565,N787_11565,Hydroxymethylglutaryl-CoA&nbsp;lyase,89.6
1384056.N787_00995,N787_00995,Sulfate&nbsp;transporter,89.5
1384056.N787_01940,N787_01940,Uncharacterized&nbsp;protein,89.4
1384056.N787_11045,dut,Deoxyuridine&nbsp;5'-triphosphate&nbsp;nucleotidohydrolase,89.4
1384056.N787_07130,nadA,Quinolinate&nbsp;synthase&nbsp;A,89.3
1384056.N787_12945,rplO,50S&nbsp;ribosomal&nbsp;protein&nbsp;L15,89.3
1384056.N787_12905,N787_12905,Phospho-2-dehydro-3-deoxyheptonate&nbsp;aldolase,89.3
1384056.N787_10480,N787_10480,Uncharacterized&nbsp;protein,89.3
1384056.N787_12700,N787_12700,Biotin&nbsp;carboxyl&nbsp;carrier&nbsp;protein&nbsp;of&nbsp;acetyl-CoA&nbsp;carboxylase,89.3
1384056.N787_09605,N787_09605,Uncharacterized&nbsp;protein,89.2
1384056.N787_05665,N787_05665,Uncharacterized&nbsp;protein,89.2
1384056.N787_10965,N787_10965,Phage-associated&nbsp;protein,89.2
1384056.N787_08900,N787_08900,Transport&nbsp;permease&nbsp;protein,89.1
1384056.N787_02365,N787_02365,Uncharacterized&nbsp;protein,89.1
1384056.N787_00970,N787_00970,Alanine&nbsp;dehydrogenase,89.1
1384056.N787_11855,mrdA,"Peptidoglycan&nbsp;D,D-transpeptidase&nbsp;MrdA",89.0
1384056.N787_07920,gloB,Hydroxyacylglutathione&nbsp;hydrolase,89.0
1384056.N787_13285,ppa,Inorganic&nbsp;pyrophosphatase,89.0
1384056.N787_00120,psd,Phosphatidylserine&nbsp;decarboxylase&nbsp;proenzyme,88.9
1384056.N787_04445,pgk,Phosphoglycerate&nbsp;kinase,88.9
1384056.N787_06230,N787_06230,Uncharacterized&nbsp;protein,88.9
1384056.N787_00225,nuoB,NADH-quinone&nbsp;oxidoreductase&nbsp;subunit&nbsp;B,88.8
1384056.N787_14095,N787_14095,Uncharacterized&nbsp;protein,88.8
1384056.N787_05780,purF,Amidophosphoribosyltransferase,88.8
1384056.N787_12395,N787_12395,Uncharacterized&nbsp;protein,88.8
1384056.N787_12390,N787_12390,Uncharacterized&nbsp;protein,88.7
1384056.N787_11660,hisF,Imidazole&nbsp;glycerol&nbsp;phosphate&nbsp;synthase&nbsp;subunit&nbsp;HisF,88.7
1384056.N787_02670,N787_02670,Uncharacterized&nbsp;protein,88.7
1384056.N787_12130,dnaE2,Error-prone&nbsp;DNA&nbsp;polymerase,88.6
1384056.N787_05330,purA,Adenylosuccinate&nbsp;synthetase,88.6
1384056.N787_04020,N787_04020,Putative&nbsp;glucose-6-phosphate&nbsp;1-epimerase,88.6
1384056.N787_06195,purC,Phosphoribosylaminoimidazole-succinocarboxamide&nbsp;synthase,88.5
1384056.N787_10475,N787_10475,Uncharacterized&nbsp;protein,88.4
1384056.N787_08960,N787_08960,Uncharacterized&nbsp;protein,88.4
1384056.N787_04600,N787_04600,Uncharacterized&nbsp;protein,88.3
1384056.N787_07105,N787_07105,Uncharacterized&nbsp;protein,88.2
1384056.N787_08930,glyA,Serine&nbsp;hydroxymethyltransferase,88.2
1384056.N787_14090,N787_14090,Cell&nbsp;division&nbsp;protein&nbsp;FtsX,88.1
1384056.N787_12510,N787_12510,Uncharacterized&nbsp;protein,88.1
1384056.N787_03370,N787_03370,Heat&nbsp;shock&nbsp;protein&nbsp;Hsp70,88.0
1384056.N787_00440,N787_00440,Uncharacterized&nbsp;protein,88.0
1384056.N787_12545,pdxH,Pyridoxine/pyridoxamine&nbsp;5'-phosphate&nbsp;oxidase,88.0
1384056.N787_10470,N787_10470,Uncharacterized&nbsp;protein,88.0
1384056.N787_02925,N787_02925,Membrane&nbsp;protein,88.0
1384056.N787_00220,nuoA,NADH-quinone&nbsp;oxidoreductase&nbsp;subunit&nbsp;A,88.0
1384056.N787_00645,fumC,Fumarate&nbsp;hydratase&nbsp;class&nbsp;II,87.9
1384056.N787_08420,N787_08420,Uncharacterized&nbsp;protein,87.8
1384056.N787_12135,prfC,Peptide&nbsp;chain&nbsp;release&nbsp;factor&nbsp;3,87.7
1384056.N787_06160,N787_06160,Uncharacterized&nbsp;protein,87.7
1384056.N787_08615,N787_08615,Uncharacterized&nbsp;protein,87.7
1384056.N787_11655,hisI,Histidine&nbsp;biosynthesis&nbsp;bifunctional&nbsp;protein&nbsp;HisIE,87.7
1384056.N787_00465,N787_00465,Heme&nbsp;exporter&nbsp;protein&nbsp;B,87.6
1384056.N787_11730,N787_11730,Uncharacterized&nbsp;protein,87.6
1384056.N787_13980,N787_13980,Uncharacterized&nbsp;protein,87.6
1384056.N787_10465,N787_10465,Uncharacterized&nbsp;protein,87.4
1384056.N787_12575,proC,Pyrroline-5-carboxylate&nbsp;reductase,87.4
1384056.N787_14115,mnmE,tRNA&nbsp;modification&nbsp;GTPase&nbsp;MnmE,87.3
1384056.N787_08745,rpsI,30S&nbsp;ribosomal&nbsp;protein&nbsp;S9,87.3
1384056.N787_00165,trpA,Tryptophan&nbsp;synthase&nbsp;alpha&nbsp;chain,87.3
1384056.N787_06115,N787_06115,Uncharacterized&nbsp;protein,87.3
1384056.N787_12330,murD,UDP-N-acetylmuramoylalanine--D-glutamate&nbsp;ligase,87.3
1384056.N787_04750,N787_04750,Uncharacterized&nbsp;protein,87.2
1384056.N787_12995,rpsQ,30S&nbsp;ribosomal&nbsp;protein&nbsp;S17,87.1
1384056.N787_02290,kdsB,3-deoxy-manno-octulosonate&nbsp;cytidylyltransferase,87.0
1384056.N787_06735,N787_06735,Catalyzes&nbsp;the&nbsp;hydrolysis&nbsp;of&nbsp;AMP&nbsp;to&nbsp;form&nbsp;adenine&nbsp;and&nbsp;ribose&nbsp;5-phosphate&nbsp;using&nbsp;water&nbsp;as&nbsp;the&nbsp;nucleophile,87.0
1384056.N787_11425,N787_11425,Uncharacterized&nbsp;protein,86.9
1384056.N787_00640,N787_00640,Adenylosuccinate&nbsp;lyase,86.9
1384056.N787_11775,N787_11775,Uncharacterized&nbsp;protein,86.8
1384056.N787_05400,surE,5'-nucleotidase&nbsp;SurE,86.8
1384056.N787_09480,N787_09480,Uncharacterized&nbsp;protein,86.7
1384056.N787_09005,N787_09005,Uncharacterized&nbsp;protein,86.6
1384056.N787_05900,secF,Protein-export&nbsp;membrane&nbsp;protein&nbsp;SecF,86.6
1384056.N787_01660,N787_01660,Uncharacterized&nbsp;protein,86.5
1384056.N787_11150,N787_11150,Uncharacterized&nbsp;protein,86.5
1384056.N787_12605,pyrB,Aspartate&nbsp;carbamoyltransferase,86.5
1384056.N787_01810,N787_01810,Uncharacterized&nbsp;protein,86.4
1384056.N787_08550,metG,Methionine--tRNA&nbsp;ligase,86.4
1384056.N787_06880,N787_06880,Uncharacterized&nbsp;protein,86.4
1384056.N787_03960,gmd,"GDP-mannose&nbsp;4,6-dehydratase",86.4
1384056.N787_08690,rlmD,23S&nbsp;rRNA&nbsp;(uracil(1939)-C(5))-methyltransferase&nbsp;RlmD,86.3
1384056.N787_06075,N787_06075,ABC&nbsp;transporter,86.3
1384056.N787_13450,N787_13450,Uncharacterized&nbsp;protein,86.2
1384056.N787_00095,purT,Formate-dependent&nbsp;phosphoribosylglycinamide&nbsp;formyltransferase,86.2
1384056.N787_05035,ffh,Signal&nbsp;recognition&nbsp;particle&nbsp;protein,86.1
1384056.N787_06955,N787_06955,Cytochrome&nbsp;c&nbsp;oxidase&nbsp;subunit&nbsp;1,86.1
1384056.N787_08125,tmk,Thymidylate&nbsp;kinase,86.1
1384056.N787_06670,N787_06670,Histidine&nbsp;kinase,86.0
1384056.N787_02190,guaA,GMP&nbsp;synthase&nbsp;[glutamine-hydrolyzing],85.9
1384056.N787_01525,N787_01525,Uncharacterized&nbsp;protein,85.9
1384056.N787_13635,hppA,K(+)-insensitive&nbsp;pyrophosphate-energized&nbsp;proton&nbsp;pump,85.9
1384056.N787_05755,gltX,Glutamate--tRNA&nbsp;ligase,85.8
1384056.N787_05065,ispH,4-hydroxy-3-methylbut-2-enyl&nbsp;diphosphate&nbsp;reductase,85.8
1384056.N787_13955,N787_13955,Uncharacterized&nbsp;protein,85.7
1384056.N787_00055,N787_00055,Uncharacterized&nbsp;protein,85.7
1384056.N787_03570,N787_03570,LuxR&nbsp;family&nbsp;transcriptional&nbsp;regulator,85.6
1384056.N787_06895,rpsU,30S&nbsp;ribosomal&nbsp;protein&nbsp;S21,85.6
1384056.N787_01935,N787_01935,Uncharacterized&nbsp;protein,85.6
1384056.N787_07410,thrS,Threonine--tRNA&nbsp;ligase,85.5
1384056.N787_13485,N787_13485,Uncharacterized&nbsp;protein,85.5
1384056.N787_03885,hmgA,"Homogentisate&nbsp;1,2-dioxygenase",85.4
1384056.N787_04400,N787_04400,Uncharacterized&nbsp;protein,85.4
1384056.N787_05935,N787_05935,Uncharacterized&nbsp;protein,85.4
1384056.N787_13885,N787_13885,Uncharacterized&nbsp;protein,85.4
1384056.N787_12215,N787_12215,Uncharacterized&nbsp;protein,85.4
1384056.N787_09620,N787_09620,Uncharacterized&nbsp;protein,85.2
1384056.N787_07285,N787_07285,Uncharacterized&nbsp;protein,85.1
1384056.N787_01240,infA,Translation&nbsp;initiation&nbsp;factor&nbsp;IF-1,85.0
1384056.N787_02050,fabG,3-ketoacyl-ACP&nbsp;reductase,85.0
1384056.N787_00270,nuoK,NADH-quinone&nbsp;oxidoreductase&nbsp;subunit&nbsp;K,85.0
1384056.N787_10350,minE,Cell&nbsp;division&nbsp;topological&nbsp;specificity&nbsp;factor,85.0
1384056.N787_12450,N787_12450,Uncharacterized&nbsp;protein,84.9
1384056.N787_04220,N787_04220,Uncharacterized&nbsp;protein,84.8
1384056.N787_05930,N787_05930,Uncharacterized&nbsp;protein,84.7
1384056.N787_12970,rpsH,30S&nbsp;ribosomal&nbsp;protein&nbsp;S8,84.6
1384056.N787_06940,N787_06940,Uncharacterized&nbsp;protein,84.6
1384056.N787_04300,rpmE2,50S&nbsp;ribosomal&nbsp;protein&nbsp;L31,84.6
1384056.N787_12200,N787_12200,Uncharacterized&nbsp;protein,84.5
1384056.N787_08000,N787_08000,Uncharacterized&nbsp;protein,84.5
1384056.N787_12925,rpsD,30S&nbsp;ribosomal&nbsp;protein&nbsp;S4,84.4
1384056.N787_10705,atpB,ATP&nbsp;synthase&nbsp;subunit&nbsp;a,84.3
1384056.N787_10205,tsf,Elongation&nbsp;factor&nbsp;Ts,84.3
1384056.N787_02475,N787_02475,Thioredoxin,84.3
1384056.N787_02755,N787_02755,Uncharacterized&nbsp;protein,84.2
1384056.N787_06020,N787_06020,Dihydrofolate&nbsp;reductase,84.2
1384056.N787_07305,purK,N5-carboxyaminoimidazole&nbsp;ribonucleotide&nbsp;synthase,84.1
1384056.N787_04140,N787_04140,Uncharacterized&nbsp;protein,84.1
1384056.N787_01140,carB,Carbamoyl-phosphate&nbsp;synthase&nbsp;large&nbsp;chain,84.1
1384056.N787_13795,rplL,50S&nbsp;ribosomal&nbsp;protein&nbsp;L7/L12,84.1
1384056.N787_08830,N787_08830,Thiol:disulfide&nbsp;interchange&nbsp;protein,84.1
1384056.N787_06120,trpC,Indole-3-glycerol&nbsp;phosphate&nbsp;synthase,84.0
1384056.N787_04185,proS,Proline--tRNA&nbsp;ligase,83.9
1384056.N787_06025,thyA,Thymidylate&nbsp;synthase,83.9
1384056.N787_01995,N787_01995,Uncharacterized&nbsp;protein,83.9
1384056.N787_01445,N787_01445,Uncharacterized&nbsp;protein,83.7
1384056.N787_11925,N787_11925,Uncharacterized&nbsp;protein,83.7
1384056.N787_13445,N787_13445,Uncharacterized&nbsp;protein,83.7
1384056.N787_13875,N787_13875,Uncharacterized&nbsp;protein,83.7
1384056.N787_09120,coaE,Dephospho-CoA&nbsp;kinase,83.6
1384056.N787_05420,ispD,2-C-methyl-D-erythritol&nbsp;4-phosphate&nbsp;cytidylyltransferase,83.4
1384056.N787_08375,N787_08375,Isocitrate&nbsp;dehydrogenase,83.2
1384056.N787_00395,N787_00395,Uncharacterized&nbsp;protein,83.1
1384056.N787_04270,gmk,Guanylate&nbsp;kinase,83.1
1384056.N787_05170,N787_05170,Uncharacterized&nbsp;protein,83.1
1384056.N787_05580,N787_05580,Uncharacterized&nbsp;protein,82.9
1384056.N787_08145,N787_08145,Uncharacterized&nbsp;protein,82.9
1384056.N787_10680,atpG,ATP&nbsp;synthase&nbsp;gamma&nbsp;chain,82.9
1384056.N787_07725,N787_07725,Uncharacterized&nbsp;protein,82.9
1384056.N787_07855,prs,Ribose-phosphate&nbsp;pyrophosphokinase,82.8
1384056.N787_02200,N787_02200,Uncharacterized&nbsp;protein,82.8
1384056.N787_03650,N787_03650,Uncharacterized&nbsp;protein,82.8
1384056.N787_01205,N787_01205,Aconitate&nbsp;hydratase,82.7
1384056.N787_07080,N787_07080,Cytochrome&nbsp;oxidase&nbsp;subunit&nbsp;I,82.7
1384056.N787_09625,hemC,Porphobilinogen&nbsp;deaminase,82.7
1384056.N787_04125,cysC,Multifunctional&nbsp;fusion&nbsp;protein,82.6
1384056.N787_12475,N787_12475,Uncharacterized&nbsp;protein,82.6
1384056.N787_06335,N787_06335,Uncharacterized&nbsp;protein,82.6
1384056.N787_06665,aceE,Pyruvate&nbsp;dehydrogenase&nbsp;E1&nbsp;component,82.5
1384056.N787_06250,N787_06250,Uncharacterized&nbsp;protein,82.5
1384056.N787_11480,N787_11480,Uncharacterized&nbsp;protein,82.5
1384056.N787_02685,N787_02685,Uncharacterized&nbsp;protein,82.4
1384056.N787_01485,cmk,Cytidylate&nbsp;kinase,82.4
1384056.N787_04975,recA,Protein&nbsp;RecA,82.4
1384056.N787_10860,tatB,Sec-independent&nbsp;protein&nbsp;translocase&nbsp;protein&nbsp;TatB,82.4
1384056.N787_11570,N787_11570,Uncharacterized&nbsp;protein,82.4
1384056.N787_13045,rpsJ,30S&nbsp;ribosomal&nbsp;protein&nbsp;S10,82.3
1384056.N787_08300,N787_08300,ABC&nbsp;transporter,82.3
1384056.N787_00175,glmM,Phosphoglucosamine&nbsp;mutase,82.3
1384056.N787_07200,N787_07200,Coproporphyrinogen-III&nbsp;oxidase,82.3
1384056.N787_11635,mtnD,Acireductone&nbsp;dioxygenase,82.2
1384056.N787_07575,N787_07575,Ribosomal&nbsp;RNA&nbsp;small&nbsp;subunit&nbsp;methyltransferase&nbsp;D,82.2
1384056.N787_00585,N787_00585,Uncharacterized&nbsp;protein,82.1
1384056.N787_06825,N787_06825,Uncharacterized&nbsp;protein,82.1
1384056.N787_01455,msrP,Protein-methionine-sulfoxide&nbsp;reductase&nbsp;catalytic&nbsp;subunit&nbsp;MsrP,82.1
1384056.N787_04010,cpsB,Mannose-1-phosphate&nbsp;guanyltransferase,82.1
1384056.N787_07680,N787_07680,With&nbsp;AhpF&nbsp;catalyzes&nbsp;the&nbsp;conversion&nbsp;of&nbsp;alkyl&nbsp;hydroperoxides&nbsp;to&nbsp;their&nbsp;corresponding&nbsp;alcohols,82.0
1384056.N787_12850,N787_12850,Citrate&nbsp;synthase,81.9
1384056.N787_09090,ftsZ,Cell&nbsp;division&nbsp;protein&nbsp;FtsZ,81.9
1384056.N787_12210,N787_12210,Uncharacterized&nbsp;protein,81.9
1384056.N787_02945,N787_02945,Uncharacterized&nbsp;protein,81.9
1384056.N787_13935,N787_13935,Uncharacterized&nbsp;protein,81.9
1384056.N787_09775,N787_09775,Uncharacterized&nbsp;protein,81.9
1384056.N787_06595,N787_06595,Uncharacterized&nbsp;protein,81.9
1384056.N787_02090,N787_02090,Histidine&nbsp;ammonia-lyase,81.9
1384056.N787_11845,N787_11845,Cell&nbsp;shape-determining&nbsp;protein&nbsp;MreC,81.8
1384056.N787_03675,N787_03675,Beta&nbsp;sliding&nbsp;clamp,81.8
1384056.N787_04255,N787_04255,dITP/XTP&nbsp;pyrophosphatase,81.7
1384056.N787_12265,N787_12265,3-deoxy-D-manno-octulosonate&nbsp;8-phosphate&nbsp;phosphatase&nbsp;KdsC,81.6
1384056.N787_06760,N787_06760,Uncharacterized&nbsp;protein,81.6
1384056.N787_09345,N787_09345,Penicillin-binding&nbsp;protein&nbsp;1B,81.5
1384056.N787_11450,N787_11450,ABC&nbsp;transporter&nbsp;ATP-binding&nbsp;protein,81.5
1384056.N787_13810,rplK,50S&nbsp;ribosomal&nbsp;protein&nbsp;L11,81.5
1384056.N787_05110,uvrA,UvrABC&nbsp;system&nbsp;protein&nbsp;A,81.4
1384056.N787_09150,N787_09150,Uncharacterized&nbsp;protein,81.3
1384056.N787_08370,N787_08370,Alkyl&nbsp;hydroperoxide&nbsp;reductase&nbsp;AhpD,81.2
1384056.N787_09960,N787_09960,Uncharacterized&nbsp;protein,81.2
1384056.N787_07175,N787_07175,Uncharacterized&nbsp;protein,81.2
1384056.N787_04330,N787_04330,Uncharacterized&nbsp;protein,81.1
1384056.N787_00565,gyrA,DNA&nbsp;gyrase&nbsp;subunit&nbsp;A,81.1
1384056.N787_04735,N787_04735,S-formylglutathione&nbsp;hydrolase,81.0
1384056.N787_01815,merA,Mercuric&nbsp;reductase,81.0
1384056.N787_13790,rpoB,DNA-directed&nbsp;RNA&nbsp;polymerase&nbsp;subunit&nbsp;beta,81.0
1384056.N787_11665,hisA,1-(5-phosphoribosyl)-5-[(5-phosphoribosylamino)methylideneamino]&nbsp;imidazole-4-carboxamide&nbsp;isomerase,81.0
1384056.N787_10190,uppS,"Ditrans,polycis-undecaprenyl-diphosphate&nbsp;synthase&nbsp;((2E,6E)-farnesyl-diphosphate&nbsp;specific)",80.9
1384056.N787_11455,N787_11455,Uncharacterized&nbsp;protein,80.9
1384056.N787_08080,fabH,3-oxoacyl-[acyl-carrier-protein]&nbsp;synthase&nbsp;3,80.9
1384056.N787_07900,N787_07900,Uncharacterized&nbsp;protein,80.9
1384056.N787_09375,N787_09375,Single-stranded&nbsp;DNA-binding&nbsp;protein,80.8
1384056.N787_01030,potA,Spermidine/putrescine&nbsp;import&nbsp;ATP-binding&nbsp;protein&nbsp;PotA,80.8
1384056.N787_04280,N787_04280,Uncharacterized&nbsp;protein,80.8
1384056.N787_12485,N787_12485,Serine&nbsp;dehydratase,80.7
1384056.N787_09795,def,Peptide&nbsp;deformylase,80.7
1384056.N787_04105,cysI,Sulfite&nbsp;reductase&nbsp;[NADPH]&nbsp;hemoprotein&nbsp;beta-component,80.6
1384056.N787_10880,N787_10880,Uncharacterized&nbsp;protein,80.6
1384056.N787_02680,N787_02680,Uncharacterized&nbsp;protein,80.6
1384056.N787_00155,trpF,N-(5'-phosphoribosyl)anthranilate&nbsp;isomerase,80.5
1384056.N787_08965,N787_08965,Uncharacterized&nbsp;protein,80.5
1384056.N787_09245,ruvC,Crossover&nbsp;junction&nbsp;endodeoxyribonuclease&nbsp;RuvC,80.5
1384056.N787_00245,N787_00245,NADH-quinone&nbsp;oxidoreductase&nbsp;subunit&nbsp;F,80.5
1384056.N787_09040,ftsI,"Peptidoglycan&nbsp;D,D-transpeptidase&nbsp;FtsI",80.4
1384056.N787_03180,N787_03180,Uncharacterized&nbsp;protein,80.2
1384056.N787_03755,birA,Bifunctional&nbsp;ligase/repressor&nbsp;BirA,80.1
1384056.N787_09265,N787_09265,Uncharacterized&nbsp;protein,80.0
1384056.N787_01350,N787_01350,Uncharacterized&nbsp;protein,79.9
1384056.N787_02915,N787_02915,Uncharacterized&nbsp;protein,79.9
1384056.N787_08345,ppk,Polyphosphate&nbsp;kinase,79.9
1384056.N787_05880,N787_05880,Uncharacterized&nbsp;protein,79.9
1384056.N787_03065,N787_03065,Uncharacterized&nbsp;protein,79.8
1384056.N787_01480,aroA,3-phosphoshikimate&nbsp;1-carboxyvinyltransferase,79.8
1384056.N787_07590,N787_07590,Ferredoxin,79.8
1384056.N787_00965,N787_00965,Uncharacterized&nbsp;protein,79.8
1384056.N787_04040,N787_04040,Succinyl-CoA:3-ketoacid-CoA&nbsp;transferase,79.8
1384056.N787_12490,N787_12490,Uncharacterized&nbsp;protein,79.8
1384056.N787_11915,N787_11915,Uncharacterized&nbsp;protein,79.7
1384056.N787_08810,N787_08810,Uncharacterized&nbsp;protein,79.7
1384056.N787_02825,N787_02825,Uncharacterized&nbsp;protein,79.7
1384056.N787_11785,N787_11785,Argininosuccinate&nbsp;synthase,79.7
1384056.N787_07495,N787_07495,Uncharacterized&nbsp;protein,79.7
1384056.N787_01740,N787_01740,Uncharacterized&nbsp;protein,79.6
1384056.N787_10810,N787_10810,Uncharacterized&nbsp;protein,79.6
1384056.N787_07170,N787_07170,Uncharacterized&nbsp;protein,79.5
1384056.N787_10655,N787_10655,Uncharacterized&nbsp;protein,79.4
1384056.N787_06800,N787_06800,Uncharacterized&nbsp;protein,79.4
1384056.N787_03930,N787_03930,Cystathionine&nbsp;beta-lyase,79.4
1384056.N787_02995,N787_02995,Uncharacterized&nbsp;protein,79.3
1384056.N787_07075,N787_07075,Peptidase&nbsp;S41,79.2
1384056.N787_10855,tatC,Sec-independent&nbsp;protein&nbsp;translocase&nbsp;protein&nbsp;TatC,79.2
1384056.N787_02940,N787_02940,Oxidoreductase,79.2
1384056.N787_10830,glyS,Glycine--tRNA&nbsp;ligase&nbsp;beta&nbsp;subunit,79.2
1384056.N787_08490,panB,3-methyl-2-oxobutanoate&nbsp;hydroxymethyltransferase,79.2
1384056.N787_01230,clpS,ATP-dependent&nbsp;Clp&nbsp;protease&nbsp;adapter&nbsp;protein&nbsp;ClpS,79.1
1384056.N787_11705,N787_11705,Uncharacterized&nbsp;protein,79.1
1384056.N787_06140,N787_06140,Uncharacterized&nbsp;protein,79.1
1384056.N787_03965,N787_03965,Uncharacterized&nbsp;protein,79.1
1384056.N787_01765,N787_01765,Uncharacterized&nbsp;protein,79.1
1384056.N787_03235,N787_03235,Uncharacterized&nbsp;protein,79.0
1384056.N787_11930,N787_11930,Uncharacterized&nbsp;protein,79.0
1384056.N787_02870,N787_02870,Uncharacterized&nbsp;protein,79.0
1384056.N787_08700,nagZ,Beta-hexosaminidase,78.9
1384056.N787_03775,N787_03775,Uncharacterized&nbsp;protein,78.9
1384056.N787_06945,N787_06945,Uncharacterized&nbsp;protein,78.8
1384056.N787_02100,N787_02100,Uncharacterized&nbsp;protein,78.8
1384056.N787_11880,N787_11880,Uncharacterized&nbsp;protein,78.7
1384056.N787_09785,N787_09785,Uncharacterized&nbsp;protein,78.7
1384056.N787_12610,N787_12610,Uncharacterized&nbsp;protein,78.7
1384056.N787_09045,murE,"UDP-N-acetylmuramoyl-L-alanyl-D-glutamate--2,6-diaminopimelate&nbsp;ligase",78.6
1384056.N787_07785,N787_07785,Asparaginase,78.5
1384056.N787_08250,N787_08250,Uncharacterized&nbsp;protein,78.5
1384056.N787_10115,xseB,Exodeoxyribonuclease&nbsp;7&nbsp;small&nbsp;subunit,78.5
1384056.N787_08190,N787_08190,Putrescine-binding&nbsp;periplasmic&nbsp;protein,78.5
1384056.N787_09140,N787_09140,Uncharacterized&nbsp;protein,78.4
1384056.N787_02355,N787_02355,Uncharacterized&nbsp;protein,78.4
1384056.N787_08105,N787_08105,3-oxoacyl-[acyl-carrier-protein]&nbsp;synthase&nbsp;2,78.4
1384056.N787_02735,N787_02735,50S&nbsp;ribosomal&nbsp;protein&nbsp;L28,78.3
1384056.N787_11465,icmF,Fused&nbsp;isobutyryl-CoA&nbsp;mutase,78.2
1384056.N787_00135,aroC,Chorismate&nbsp;synthase,78.1
1384056.N787_13705,thiE,Thiamine-phosphate&nbsp;synthase,78.0
1384056.N787_07870,ychF,Ribosome-binding&nbsp;ATPase&nbsp;YchF,77.9
1384056.N787_10445,N787_10445,Uncharacterized&nbsp;protein,77.8
1384056.N787_13185,N787_13185,Uncharacterized&nbsp;protein,77.8
1384056.N787_07010,N787_07010,"dTDP-4-dehydrorhamnose&nbsp;3,5-epimerase",77.7
1384056.N787_11670,hisH,Imidazole&nbsp;glycerol&nbsp;phosphate&nbsp;synthase&nbsp;subunit&nbsp;HisH,77.7
1384056.N787_13775,rpsG,30S&nbsp;ribosomal&nbsp;protein&nbsp;S7,77.6
1384056.N787_10155,lpxA,Acyl-[acyl-carrier-protein]--UDP-N-acetylglucosamine&nbsp;O-acyltransferase,77.6
1384056.N787_03925,N787_03925,Cystathionine&nbsp;beta-synthase,77.5
1384056.N787_00385,N787_00385,Uncharacterized&nbsp;protein,77.5
1384056.N787_02700,N787_02700,Uncharacterized&nbsp;protein,77.4
1384056.N787_12530,aroK,Shikimate&nbsp;kinase,77.4
1384056.N787_12960,rplR,50S&nbsp;ribosomal&nbsp;protein&nbsp;L18,77.4
1384056.N787_00605,N787_00605,Uncharacterized&nbsp;protein,77.4
1384056.N787_02600,N787_02600,Exodeoxyribonuclease&nbsp;III,77.3
1384056.N787_06105,N787_06105,Uncharacterized&nbsp;protein,77.3
1384056.N787_07530,N787_07530,Uncharacterized&nbsp;protein,77.3
1384056.N787_12690,N787_12690,Uncharacterized&nbsp;protein,77.3
1384056.N787_01180,N787_01180,Uncharacterized&nbsp;protein,77.2
1384056.N787_08015,N787_08015,Uncharacterized&nbsp;protein,77.1
1384056.N787_05245,N787_05245,Osmotically&nbsp;inducible&nbsp;protein&nbsp;C,77.1
1384056.N787_10565,recC,RecBCD&nbsp;enzyme&nbsp;subunit&nbsp;RecC,77.1
1384056.N787_07065,N787_07065,Cbb3-type&nbsp;cytochrome&nbsp;c&nbsp;oxidase&nbsp;subunit,77.1
1384056.N787_07635,glnS,Glutamine--tRNA&nbsp;ligase,77.0
1384056.N787_08815,N787_08815,Uncharacterized&nbsp;protein,77.0
1384056.N787_00460,ccmC,Heme&nbsp;exporter&nbsp;protein&nbsp;C,76.9
1384056.N787_00255,nuoH,NADH-quinone&nbsp;oxidoreductase&nbsp;subunit&nbsp;H,76.9
1384056.N787_10130,N787_10130,DNA-directed&nbsp;DNA&nbsp;polymerase,76.8
1384056.N787_09580,N787_09580,D-alanine--D-alanine&nbsp;ligase,76.7
1384056.N787_11690,hisG,ATP&nbsp;phosphoribosyltransferase,76.7
1384056.N787_02520,polA,DNA&nbsp;polymerase&nbsp;I,76.7
1384056.N787_03935,N787_03935,Transport&nbsp;permease&nbsp;protein,76.7
1384056.N787_13695,N787_13695,Uncharacterized&nbsp;protein,76.7
1384056.N787_09270,N787_09270,Uncharacterized&nbsp;protein,76.6
1384056.N787_03725,N787_03725,Transcriptional&nbsp;regulator,76.5
1384056.N787_01560,N787_01560,Uncharacterized&nbsp;protein,76.4
1384056.N787_02550,N787_02550,Uncharacterized&nbsp;protein,76.3
1384056.N787_03785,N787_03785,Uncharacterized&nbsp;protein,76.3
1384056.N787_04120,cysD,Sulfate&nbsp;adenylyltransferase&nbsp;subunit&nbsp;2,76.3
1384056.N787_09145,N787_09145,Uncharacterized&nbsp;protein,76.2
1384056.N787_03940,N787_03940,Uncharacterized&nbsp;protein,76.2
1384056.N787_09790,fmt,Methionyl-tRNA&nbsp;formyltransferase,76.1
1384056.N787_11920,N787_11920,Uncharacterized&nbsp;protein,76.0
1384056.N787_04155,N787_04155,Uncharacterized&nbsp;protein,76.0
1384056.N787_01630,N787_01630,Uncharacterized&nbsp;protein,76.0
1384056.N787_07195,N787_07195,Uncharacterized&nbsp;protein,76.0
1384056.N787_06705,rsgA,Small&nbsp;ribosomal&nbsp;subunit&nbsp;biogenesis&nbsp;GTPase&nbsp;RsgA,75.9
1384056.N787_08785,N787_08785,Uncharacterized&nbsp;protein,75.9
1384056.N787_00905,rpsF,30S&nbsp;ribosomal&nbsp;protein&nbsp;S6,75.7
1384056.N787_02165,N787_02165,Uncharacterized&nbsp;protein,75.7
1384056.N787_10380,N787_10380,Uncharacterized&nbsp;protein,75.7
1384056.N787_01520,N787_01520,UTP--glucose-1-phosphate&nbsp;uridylyltransferase,75.7
1384056.N787_08740,rplM,50S&nbsp;ribosomal&nbsp;protein&nbsp;L13,75.6
1384056.N787_00485,N787_00485,Uncharacterized&nbsp;protein,75.5
1384056.N787_09075,ddl,D-alanine--D-alanine&nbsp;ligase,75.5
1384056.N787_04695,gcvH,Glycine&nbsp;cleavage&nbsp;system&nbsp;H&nbsp;protein,75.5
1384056.N787_10785,gidA,tRNA&nbsp;uridine&nbsp;5-carboxymethylaminomethyl&nbsp;modification&nbsp;enzyme&nbsp;MnmG,75.4
1384056.N787_00830,N787_00830,Uncharacterized&nbsp;protein,75.4
1384056.N787_07915,N787_07915,Uncharacterized&nbsp;protein,75.3
1384056.N787_05905,secD,Protein&nbsp;translocase&nbsp;subunit&nbsp;SecD,75.3
1384056.N787_12855,prpB,2-methylisocitrate&nbsp;lyase,75.2
1384056.N787_04685,N787_04685,Uncharacterized&nbsp;protein,75.1
1384056.N787_05350,hfq,RNA-binding&nbsp;protein&nbsp;Hfq,75.1
1384056.N787_02350,N787_02350,Uncharacterized&nbsp;protein,75.1
1384056.N787_11650,N787_11650,Uncharacterized&nbsp;protein,75.0
1384056.N787_12740,purH,Bifunctional&nbsp;purine&nbsp;biosynthesis&nbsp;protein&nbsp;PurH,74.9
1384056.N787_13785,rpoC,DNA-directed&nbsp;RNA&nbsp;polymerase&nbsp;subunit&nbsp;beta',74.6
1384056.N787_03525,N787_03525,Uncharacterized&nbsp;protein,74.5
1384056.N787_03350,N787_03350,Uncharacterized&nbsp;protein,74.5
1384056.N787_01595,N787_01595,Uncharacterized&nbsp;protein,74.5
1384056.N787_03830,N787_03830,Uncharacterized&nbsp;protein,74.5
1384056.N787_05575,N787_05575,Uncharacterized&nbsp;protein,74.5
1384056.N787_13120,thrB,Homoserine&nbsp;kinase,74.5
1384056.N787_07645,N787_07645,Uncharacterized&nbsp;protein,74.4
1384056.N787_10730,bioH,Pimeloyl-[acyl-carrier&nbsp;protein]&nbsp;methyl&nbsp;ester&nbsp;esterase,74.4
1384056.N787_12985,rplX,50S&nbsp;ribosomal&nbsp;protein&nbsp;L24,74.3
1384056.N787_06240,N787_06240,Uncharacterized&nbsp;protein,74.3
1384056.N787_10685,atpA,ATP&nbsp;synthase&nbsp;subunit&nbsp;alpha,74.3
1384056.N787_02880,tdk,Thymidine&nbsp;kinase,74.3
1384056.N787_07935,dnaQ,DNA&nbsp;polymerase&nbsp;III&nbsp;subunit&nbsp;epsilon,74.2
1384056.N787_09190,clpB,Chaperone&nbsp;protein&nbsp;ClpB,74.2
1384056.N787_05050,N787_05050,Uncharacterized&nbsp;protein,74.2
1384056.N787_09225,aspS,Aspartate--tRNA&nbsp;ligase,74.1
1384056.N787_06090,coq7,"2-nonaprenyl-3-methyl-6-methoxy-1,4-benzoquinol&nbsp;hydroxylase",74.1
1384056.N787_07415,infC,Translation&nbsp;initiation&nbsp;factor&nbsp;IF-3,74.1
1384056.N787_01330,rne,Ribonuclease&nbsp;E,74.0
1384056.N787_13395,N787_13395,Uncharacterized&nbsp;protein,74.0
1384056.N787_01415,N787_01415,Short-chain&nbsp;dehydrogenase,74.0
1384056.N787_10170,bamA,Outer&nbsp;membrane&nbsp;protein&nbsp;assembly&nbsp;factor&nbsp;BamA,73.9
1384056.N787_03580,fbp,"Fructose-1,6-bisphosphatase&nbsp;class&nbsp;1",73.9
1384056.N787_00195,N787_00195,Uncharacterized&nbsp;protein,73.8
1384056.N787_07535,N787_07535,Uncharacterized&nbsp;protein,73.8
1384056.N787_06505,N787_06505,Uncharacterized&nbsp;protein,73.7
1384056.N787_06560,N787_06560,Uncharacterized&nbsp;protein,73.7
1384056.N787_14015,N787_14015,Uncharacterized&nbsp;protein,73.6
1384056.N787_10185,N787_10185,Phosphatidate&nbsp;cytidylyltransferase,73.6
1384056.N787_02535,N787_02535,Uncharacterized&nbsp;protein,73.5
1384056.N787_14150,N787_14150,ATPase&nbsp;AAA,73.5
1384056.N787_05285,N787_05285,Uncharacterized&nbsp;protein,73.5
1384056.N787_05205,N787_05205,Phosphate-binding&nbsp;protein&nbsp;PstS,73.5
1384056.N787_04315,N787_04315,Uncharacterized&nbsp;protein,73.5
1384056.N787_00920,N787_00920,Replicative&nbsp;DNA&nbsp;helicase,73.3
1384056.N787_11000,speE,Polyamine&nbsp;aminopropyltransferase,73.3
1384056.N787_08130,N787_08130,Uncharacterized&nbsp;protein,73.3
1384056.N787_13215,N787_13215,Uncharacterized&nbsp;protein,73.2
1384056.N787_08880,N787_08880,Uncharacterized&nbsp;protein,73.2
1384056.N787_00625,N787_00625,Uncharacterized&nbsp;protein,73.1
1384056.N787_04870,N787_04870,Uncharacterized&nbsp;protein,73.0
1384056.N787_04755,N787_04755,Uncharacterized&nbsp;protein,73.0
1384056.N787_06145,trpE,Anthranilate&nbsp;synthase&nbsp;component&nbsp;1,73.0
1384056.N787_09170,bamD,Outer&nbsp;membrane&nbsp;protein&nbsp;assembly&nbsp;factor&nbsp;BamD,72.9
1384056.N787_03880,N787_03880,4-hydroxyphenylpyruvate&nbsp;dioxygenase,72.9
1384056.N787_01685,N787_01685,Uncharacterized&nbsp;protein,72.9
1384056.N787_02970,N787_02970,Uncharacterized&nbsp;protein,72.9
1384056.N787_09815,N787_09815,Uncharacterized&nbsp;protein,72.9
1384056.N787_00185,N787_00185,Uncharacterized&nbsp;protein,72.9
1384056.N787_00445,N787_00445,Uncharacterized&nbsp;protein,72.9
1384056.N787_11710,hisS,Histidine--tRNA&nbsp;ligase,72.8
1384056.N787_12430,N787_12430,Transporter,72.8
1384056.N787_01700,N787_01700,Uncharacterized&nbsp;protein,72.7
1384056.N787_04455,N787_04455,Pyruvate&nbsp;kinase,72.6
1384056.N787_11580,N787_11580,3-hydroxy-2-methylbutyryl-CoA&nbsp;dehydrogenase,72.5
1384056.N787_03665,gyrB,DNA&nbsp;gyrase&nbsp;subunit&nbsp;B,72.5
1384056.N787_04275,rpoZ,DNA-directed&nbsp;RNA&nbsp;polymerase&nbsp;subunit&nbsp;omega,72.4
1384056.N787_06890,tsaD,tRNA&nbsp;N6-adenosine&nbsp;threonylcarbamoyltransferase,72.4
1384056.N787_07730,N787_07730,Uncharacterized&nbsp;protein,72.3
1384056.N787_01590,N787_01590,Uncharacterized&nbsp;protein,72.2
1384056.N787_08695,N787_08695,Uncharacterized&nbsp;protein,72.2
1384056.N787_06530,N787_06530,Uncharacterized&nbsp;protein,72.2
1384056.N787_03980,N787_03980,Uncharacterized&nbsp;protein,72.1
1384056.N787_03835,N787_03835,Dihydrolipoamide&nbsp;acetyltransferase&nbsp;component&nbsp;of&nbsp;pyruvate&nbsp;dehydrogenase&nbsp;complex,72.1
1384056.N787_07390,uvrB,UvrABC&nbsp;system&nbsp;protein&nbsp;B,72.1
1384056.N787_11555,N787_11555,Uncharacterized&nbsp;protein,72.1
1384056.N787_11250,N787_11250,Ribonucleoside-diphosphate&nbsp;reductase&nbsp;subunit&nbsp;beta,72.0
1384056.N787_04325,N787_04325,Uncharacterized&nbsp;protein,72.0
1384056.N787_10975,N787_10975,Uncharacterized&nbsp;protein,72.0
1384056.N787_09875,N787_09875,Uncharacterized&nbsp;protein,72.0
1384056.N787_11765,argC,N-acetyl-gamma-glutamyl-phosphate&nbsp;reductase,72.0
1384056.N787_13965,N787_13965,XRE&nbsp;family&nbsp;transcriptional&nbsp;regulator,72.0
1384056.N787_01115,N787_01115,Uncharacterized&nbsp;protein,71.9
1384056.N787_07970,N787_07970,Uncharacterized&nbsp;protein,71.9
1384056.N787_07595,N787_07595,Uncharacterized&nbsp;protein,71.8
1384056.N787_09445,gpmI,"2,3-bisphosphoglycerate-independent&nbsp;phosphoglycerate&nbsp;mutase",71.8
1384056.N787_04910,clpX,ATP-dependent&nbsp;Clp&nbsp;protease&nbsp;ATP-binding&nbsp;subunit&nbsp;ClpX,71.8
1384056.N787_01095,grpE,Protein&nbsp;GrpE,71.8
1384056.N787_03460,N787_03460,Uncharacterized&nbsp;protein,71.7
1384056.N787_04170,N787_04170,Uncharacterized&nbsp;protein,71.7
1384056.N787_06385,N787_06385,Uncharacterized&nbsp;protein,71.7
1384056.N787_04640,N787_04640,Uncharacterized&nbsp;protein,71.7
1384056.N787_04035,N787_04035,Succinyl-CoA:3-ketoacid-CoA&nbsp;transferase,71.6
1384056.N787_01005,N787_01005,Uncharacterized&nbsp;protein,71.6
1384056.N787_03305,N787_03305,Uncharacterized&nbsp;protein,71.5
1384056.N787_11875,N787_11875,Uncharacterized&nbsp;protein,71.5
1384056.N787_05295,N787_05295,Cysteine&nbsp;synthase,71.5
1384056.N787_12155,N787_12155,Bactoprenol&nbsp;glucosyl&nbsp;transferase,71.4
1384056.N787_08570,dcd,dCTP&nbsp;deaminase,71.3
1384056.N787_11675,hisB,Histidine&nbsp;biosynthesis&nbsp;bifunctional&nbsp;protein&nbsp;HisB,71.3
1384056.N787_12685,N787_12685,Uncharacterized&nbsp;protein,71.3
1384056.N787_13565,N787_13565,Uncharacterized&nbsp;protein,71.2
1384056.N787_01020,N787_01020,Aminotransferase,71.0
1384056.N787_08755,N787_08755,Uncharacterized&nbsp;protein,71.0
1384056.N787_05210,N787_05210,Phosphate&nbsp;transport&nbsp;system&nbsp;permease&nbsp;protein,71.0
1384056.N787_04130,N787_04130,Uncharacterized&nbsp;protein,70.9
1384056.N787_09645,N787_09645,Uncharacterized&nbsp;protein,70.9
1384056.N787_12920,rpoA,DNA-directed&nbsp;RNA&nbsp;polymerase&nbsp;subunit&nbsp;alpha,70.9
1384056.N787_10560,recB,RecBCD&nbsp;enzyme&nbsp;subunit&nbsp;RecB,70.9
1384056.N787_00480,N787_00480,Aminotransferase,70.8
1384056.N787_01460,N787_01460,Uncharacterized&nbsp;protein,70.8
1384056.N787_03105,N787_03105,Uncharacterized&nbsp;protein,70.7
1384056.N787_11940,N787_11940,Uncharacterized&nbsp;protein,70.7
1384056.N787_00785,N787_00785,Uncharacterized&nbsp;protein,70.6
1384056.N787_09160,sucD,Succinate--CoA&nbsp;ligase&nbsp;[ADP-forming]&nbsp;subunit&nbsp;alpha,70.6
1384056.N787_11245,N787_11245,Ribonucleoside-diphosphate&nbsp;reductase,70.6
1384056.N787_01845,N787_01845,Uncharacterized&nbsp;protein,70.6
1384056.N787_13470,N787_13470,Uncharacterized&nbsp;protein,70.6
1384056.N787_13015,rplV,50S&nbsp;ribosomal&nbsp;protein&nbsp;L22,70.5
1384056.N787_13235,N787_13235,Uncharacterized&nbsp;protein,70.5
1384056.N787_03530,N787_03530,Uncharacterized&nbsp;protein,70.4
1384056.N787_02155,N787_02155,Phosphoenolpyruvate&nbsp;synthase,70.3
1384056.N787_08895,N787_08895,Uncharacterized&nbsp;protein,70.3
1384056.N787_01750,ackA,Acetate&nbsp;kinase,70.2
1384056.N787_12865,N787_12865,Aminotransferase,70.2
1384056.N787_09360,N787_09360,Uncharacterized&nbsp;protein,70.1
1384056.N787_03130,N787_03130,Uncharacterized&nbsp;protein,70.1
1384056.N787_02690,N787_02690,Uncharacterized&nbsp;protein,70.0
1384056.N787_02340,sdhB,Part&nbsp;of&nbsp;four&nbsp;member&nbsp;succinate&nbsp;dehydrogenase&nbsp;enzyme&nbsp;complex&nbsp;that&nbsp;forms&nbsp;a&nbsp;trimeric&nbsp;complex&nbsp;(trimer&nbsp;of&nbsp;tetramers),69.9
1384056.N787_03030,gpsA,Glycerol-3-phosphate&nbsp;dehydrogenase&nbsp;[NAD(P)+],69.8
1384056.N787_00775,ppnK,NAD&nbsp;kinase,69.7
1384056.N787_08955,ribB,"3,4-dihydroxy-2-butanone&nbsp;4-phosphate&nbsp;synthase",69.7
1384056.N787_02610,N787_02610,Uncharacterized&nbsp;protein,69.6
1384056.N787_11020,N787_11020,Uncharacterized&nbsp;protein,69.6
1384056.N787_07015,N787_07015,dTDP-4-dehydrorhamnose&nbsp;reductase,69.6
1384056.N787_00895,asnS,Asparagine--tRNA&nbsp;ligase,69.6
1384056.N787_11895,lipA,Lipoyl&nbsp;synthase,69.5
1384056.N787_13055,N787_13055,Uncharacterized&nbsp;protein,69.5
1384056.N787_13000,rpmC,50S&nbsp;ribosomal&nbsp;protein&nbsp;L29,69.5
1384056.N787_00615,N787_00615,E3&nbsp;component&nbsp;of&nbsp;2-oxoglutarate&nbsp;dehydrogenase&nbsp;complex,69.5
1384056.N787_04370,N787_04370,Uncharacterized&nbsp;protein,69.5
1384056.N787_07140,fabA,3-hydroxydecanoyl-[acyl-carrier-protein]&nbsp;dehydratase,69.3
1384056.N787_09275,N787_09275,Uncharacterized&nbsp;protein,69.3
1384056.N787_13230,N787_13230,Uncharacterized&nbsp;protein,69.2
1384056.N787_12825,N787_12825,Uncharacterized&nbsp;protein,69.2
1384056.N787_10495,N787_10495,Uncharacterized&nbsp;protein,69.2
1384056.N787_10670,atpC,ATP&nbsp;synthase&nbsp;epsilon&nbsp;chain,69.2
1384056.N787_12975,rpsN,30S&nbsp;ribosomal&nbsp;protein&nbsp;S14,69.2
1384056.N787_01195,N787_01195,Long-chain&nbsp;fatty&nbsp;acid--CoA&nbsp;ligase,69.2
1384056.N787_08805,N787_08805,Probable&nbsp;cytosol&nbsp;aminopeptidase,69.1
1384056.N787_12755,N787_12755,Glycerol&nbsp;acyltransferase,69.0
1384056.N787_07760,N787_07760,NAD(P)&nbsp;transhydrogenase,69.0
1384056.N787_02815,N787_02815,Uncharacterized&nbsp;protein,68.9
1384056.N787_13225,N787_13225,Uncharacterized&nbsp;protein,68.8
1384056.N787_06790,N787_06790,Glutamate--cysteine&nbsp;ligase,68.7
1384056.N787_13220,N787_13220,Uncharacterized&nbsp;protein,68.7
1384056.N787_05630,srkA,Stress&nbsp;response&nbsp;kinase&nbsp;A,68.7
1384056.N787_01540,N787_01540,3-hydroxyacyl-CoA&nbsp;dehydrogenase,68.6
1384056.N787_06635,N787_06635,Uncharacterized&nbsp;protein,68.4
1384056.N787_01320,N787_01320,Uncharacterized&nbsp;protein,68.4
1384056.N787_02170,N787_02170,Uncharacterized&nbsp;protein,68.3
1384056.N787_00235,nuoD,NADH-quinone&nbsp;oxidoreductase&nbsp;subunit&nbsp;D,68.2
1384056.N787_07485,N787_07485,Uncharacterized&nbsp;protein,68.1
1384056.N787_01075,bamE,Outer&nbsp;membrane&nbsp;protein&nbsp;assembly&nbsp;factor&nbsp;BamE,68.0
1384056.N787_05680,N787_05680,Uncharacterized&nbsp;protein,68.0
1384056.N787_01290,N787_01290,Uncharacterized&nbsp;protein,68.0
1384056.N787_00275,N787_00275,Uncharacterized&nbsp;protein,67.8
1384056.N787_05235,N787_05235,Uncharacterized&nbsp;protein,67.7
1384056.N787_06155,N787_06155,Uncharacterized&nbsp;protein,67.7
1384056.N787_04070,N787_04070,Cysteine&nbsp;synthase,67.7
1384056.N787_07005,N787_07005,Glucose-1-phosphate&nbsp;thymidylyltransferase,67.7
1384056.N787_07335,N787_07335,Uncharacterized&nbsp;protein,67.6
1384056.N787_04390,N787_04390,Uncharacterized&nbsp;protein,67.5
1384056.N787_08705,N787_08705,Uncharacterized&nbsp;protein,67.5
1384056.N787_11205,N787_11205,Uncharacterized&nbsp;protein,67.4
1384056.N787_13655,pfp,Pyrophosphate--fructose&nbsp;6-phosphate&nbsp;1-phosphotransferase,67.4
1384056.N787_02575,N787_02575,Uncharacterized&nbsp;protein,67.4
1384056.N787_10735,bioC,Malonyl-[acyl-carrier&nbsp;protein]&nbsp;O-methyltransferase,67.4
1384056.N787_00190,N787_00190,Uncharacterized&nbsp;protein,67.3
1384056.N787_03695,yidC,Membrane&nbsp;protein&nbsp;insertase&nbsp;YidC,67.3
1384056.N787_07860,ctc,50S&nbsp;ribosomal&nbsp;protein&nbsp;L25,67.2
1384056.N787_00005,N787_00005,Uncharacterized&nbsp;protein,67.1
1384056.N787_05895,N787_05895,Inositol-1-monophosphatase,67.1
1384056.N787_10125,accA,Acetyl-coenzyme&nbsp;A&nbsp;carboxylase&nbsp;carboxyl&nbsp;transferase&nbsp;subunit&nbsp;alpha,67.1
1384056.N787_08025,recR,Recombination&nbsp;protein&nbsp;RecR,67.1
1384056.N787_04015,N787_04015,Phosphomannomutase,67.0
1384056.N787_04860,N787_04860,Cysteine&nbsp;desulfurase,67.0
1384056.N787_00060,N787_00060,Uncharacterized&nbsp;protein,67.0
1384056.N787_03605,N787_03605,Uncharacterized&nbsp;protein,67.0
1384056.N787_12260,N787_12260,Arabinose&nbsp;5-phosphate&nbsp;isomerase,66.9
1384056.N787_08980,thiL,Thiamine-monophosphate&nbsp;kinase,66.8
1384056.N787_07500,N787_07500,Uncharacterized&nbsp;protein,66.8
1384056.N787_06175,N787_06175,Ribulose-phosphate&nbsp;3-epimerase,66.7
1384056.N787_06125,trpD,Anthranilate&nbsp;phosphoribosyltransferase,66.7
1384056.N787_08760,rpiA,Ribose-5-phosphate&nbsp;isomerase&nbsp;A,66.6
1384056.N787_08495,panC,Pantothenate&nbsp;synthetase,66.4
1384056.N787_09050,murF,UDP-N-acetylmuramoyl-tripeptide--D-alanyl-D-alanine&nbsp;ligase,66.4
1384056.N787_00375,N787_00375,Uncharacterized&nbsp;protein,66.4
1384056.N787_06275,N787_06275,Dihydrolipoyl&nbsp;dehydrogenase,66.3
1384056.N787_05480,N787_05480,Uncharacterized&nbsp;protein,66.2
1384056.N787_00280,N787_00280,NADH:ubiquinone&nbsp;oxidoreductase&nbsp;subunit&nbsp;M,66.2
1384056.N787_00230,nuoC,NADH-quinone&nbsp;oxidoreductase&nbsp;subunit&nbsp;C,66.1
1384056.N787_10165,N787_10165,Uncharacterized&nbsp;protein,66.1
1384056.N787_02725,N787_02725,Dolichol-phosphate&nbsp;mannosyltransferase,66.0
1384056.N787_10940,N787_10940,Uncharacterized&nbsp;protein,66.0
1384056.N787_09615,N787_09615,Uncharacterized&nbsp;protein,65.9
1384056.N787_04295,N787_04295,Uncharacterized&nbsp;protein,65.9
1384056.N787_01400,rpmJ,50S&nbsp;ribosomal&nbsp;protein&nbsp;L36,65.8
1384056.N787_10050,lptE,LPS-assembly&nbsp;lipoprotein&nbsp;LptE,65.8
1384056.N787_11640,mtnC,Enolase-phosphatase&nbsp;E1,65.7
1384056.N787_02740,rpmG,50S&nbsp;ribosomal&nbsp;protein&nbsp;L33,65.7
1384056.N787_05015,rplS,50S&nbsp;ribosomal&nbsp;protein&nbsp;L19,65.7
1384056.N787_10315,parC,DNA&nbsp;topoisomerase&nbsp;4&nbsp;subunit&nbsp;A,65.7
1384056.N787_07440,himA,Integration&nbsp;host&nbsp;factor&nbsp;subunit&nbsp;alpha,65.6
1384056.N787_03825,N787_03825,Uncharacterized&nbsp;protein,65.5
1384056.N787_00835,kynU,Kynureninase,65.5
1384056.N787_10620,N787_10620,Cytokinin&nbsp;riboside&nbsp;5'-monophosphate&nbsp;phosphoribohydrolase,65.5
1384056.N787_13040,rplC,50S&nbsp;ribosomal&nbsp;protein&nbsp;L3,65.5
1384056.N787_11535,N787_11535,Uncharacterized&nbsp;protein,65.5
1384056.N787_04500,N787_04500,Uncharacterized&nbsp;protein,65.5
1384056.N787_06150,N787_06150,Histidine&nbsp;kinase,65.4
1384056.N787_06315,N787_06315,Uncharacterized&nbsp;protein,65.4
1384056.N787_10220,glnD,Bifunctional&nbsp;uridylyltransferase/uridylyl-removing&nbsp;enzyme,65.3
1384056.N787_12480,N787_12480,Uncharacterized&nbsp;protein,65.2
1384056.N787_00425,N787_00425,Serine&nbsp;O-succinyltransferase,65.1
1384056.N787_09440,N787_09440,Uncharacterized&nbsp;protein,65.0
1384056.N787_02195,guaB,Inosine-5'-monophosphate&nbsp;dehydrogenase,65.0
1384056.N787_05415,ispF,"2-C-methyl-D-erythritol&nbsp;2,4-cyclodiphosphate&nbsp;synthase",64.9
1384056.N787_07780,N787_07780,Uncharacterized&nbsp;protein,64.8
1384056.N787_08460,dapA,4-hydroxy-tetrahydrodipicolinate&nbsp;synthase,64.7
1384056.N787_13025,rplB,50S&nbsp;ribosomal&nbsp;protein&nbsp;L2,64.7
1384056.N787_01730,N787_01730,Putative&nbsp;thymidine&nbsp;phosphorylase,64.7
1384056.N787_01105,dnaJ,Chaperone&nbsp;protein&nbsp;DnaJ,64.6
1384056.N787_01170,prfB,Peptide&nbsp;chain&nbsp;release&nbsp;factor&nbsp;2,64.6
1384056.N787_07910,N787_07910,Enoyl-[acyl-carrier-protein]&nbsp;reductase&nbsp;[NADH],64.6
1384056.N787_05445,parE,DNA&nbsp;topoisomerase&nbsp;4&nbsp;subunit&nbsp;B,64.6
1384056.N787_01260,N787_01260,Cell&nbsp;division&nbsp;protein&nbsp;FtsK,64.5
1384056.N787_04530,N787_04530,Uncharacterized&nbsp;protein,64.4
1384056.N787_05310,rnr,Ribonuclease&nbsp;R,64.4
1384056.N787_10770,N787_10770,Uncharacterized&nbsp;protein,64.3
1384056.N787_12620,N787_12620,Pilus&nbsp;response&nbsp;regulator&nbsp;PilG,64.3
1384056.N787_11890,lipB,Octanoyltransferase,64.2
1384056.N787_11975,N787_11975,Uncharacterized&nbsp;protein,64.2
1384056.N787_12990,rplN,50S&nbsp;ribosomal&nbsp;protein&nbsp;L14,64.2
1384056.N787_08975,nusB,Transcription&nbsp;antitermination&nbsp;protein&nbsp;NusB,64.2
1384056.N787_05910,N787_05910,Uncharacterized&nbsp;protein,64.2
1384056.N787_02025,N787_02025,Uncharacterized&nbsp;protein,64.2
1384056.N787_01850,N787_01850,Iron&nbsp;permease,64.2
1384056.N787_07300,purE,N5-carboxyaminoimidazole&nbsp;ribonucleotide&nbsp;mutase,64.1
1384056.N787_01185,N787_01185,Uncharacterized&nbsp;protein,63.9
1384056.N787_00880,N787_00880,Uncharacterized&nbsp;protein,63.9
1384056.N787_05225,N787_05225,Phosphate-specific&nbsp;transport&nbsp;system&nbsp;accessory&nbsp;protein&nbsp;PhoU,63.9
1384056.N787_06630,N787_06630,Uncharacterized&nbsp;protein,63.9
1384056.N787_12230,purM,Phosphoribosylformylglycinamidine&nbsp;cyclo-ligase,63.8
1384056.N787_08350,N787_08350,Uncharacterized&nbsp;protein,63.8
1384056.N787_10455,pyrC,Dihydroorotase,63.7
1384056.N787_03035,secB,Protein-export&nbsp;protein&nbsp;SecB,63.7
1384056.N787_04865,N787_04865,Uncharacterized&nbsp;protein,63.7
1384056.N787_05485,N787_05485,Uncharacterized&nbsp;protein,63.7
1384056.N787_02530,N787_02530,Uncharacterized&nbsp;protein,63.5
1384056.N787_12425,N787_12425,Cysteine&nbsp;desulfurase&nbsp;activator&nbsp;complex&nbsp;subunit&nbsp;SufB,63.5
1384056.N787_00740,N787_00740,Uncharacterized&nbsp;protein,63.4
1384056.N787_06245,N787_06245,Uncharacterized&nbsp;protein,63.3
1384056.N787_02245,N787_02245,Uncharacterized&nbsp;protein,63.3
1384056.N787_00610,N787_00610,Uncharacterized&nbsp;protein,63.3
1384056.N787_09870,priA,Primosomal&nbsp;protein&nbsp;N',63.3
1384056.N787_02205,N787_02205,Uncharacterized&nbsp;protein,63.2
1384056.N787_05175,N787_05175,Electron&nbsp;transport&nbsp;complex&nbsp;subunit&nbsp;C,63.1
1384056.N787_00675,N787_00675,Glutathione&nbsp;peroxidase,63.1
1384056.N787_08675,N787_08675,Uncharacterized&nbsp;protein,63.1
1384056.N787_13985,N787_13985,Uncharacterized&nbsp;protein,63.1
1384056.N787_09490,N787_09490,Uncharacterized&nbsp;protein,63.0
1384056.N787_05080,N787_05080,Riboflavin&nbsp;biosynthesis&nbsp;protein,62.9
1384056.N787_03335,N787_03335,Uncharacterized&nbsp;protein,62.9
1384056.N787_10690,atpH,ATP&nbsp;synthase&nbsp;subunit&nbsp;delta,62.9
1384056.N787_00340,N787_00340,CDP-diacylglycerol--serine&nbsp;O-phosphatidyltransferase,62.9
1384056.N787_14185,N787_14185,Uncharacterized&nbsp;protein,62.9
1384056.N787_07570,ftsY,Signal&nbsp;recognition&nbsp;particle&nbsp;receptor&nbsp;FtsY,62.9
1384056.N787_00110,N787_00110,Uncharacterized&nbsp;protein,62.9
1384056.N787_02545,N787_02545,Uncharacterized&nbsp;protein,62.8
1384056.N787_04465,N787_04465,Uncharacterized&nbsp;protein,62.8
1384056.N787_08210,N787_08210,Uncharacterized&nbsp;protein,62.8
1384056.N787_08835,purL,Phosphoribosylformylglycinamidine&nbsp;synthase,62.8
1384056.N787_08670,recO,DNA&nbsp;repair&nbsp;protein&nbsp;RecO,62.8
1384056.N787_13560,N787_13560,Uncharacterized&nbsp;protein,62.8
1384056.N787_01025,N787_01025,Putrescine-binding&nbsp;periplasmic&nbsp;protein,62.7
1384056.N787_07740,N787_07740,Uncharacterized&nbsp;protein,62.6
1384056.N787_05795,N787_05795,Uncharacterized&nbsp;protein,62.6
1384056.N787_14010,N787_14010,Protein-glutamate&nbsp;methylesterase,62.6
1384056.N787_00750,N787_00750,Acyl-CoA&nbsp;dehydrogenase,62.6
1384056.N787_09340,N787_09340,Uncharacterized&nbsp;protein,62.6
1384056.N787_02745,N787_02745,Uncharacterized&nbsp;protein,62.5
1384056.N787_11840,N787_11840,Rod&nbsp;shape-determining&nbsp;protein&nbsp;Mbl,62.5
1384056.N787_05135,N787_05135,Uncharacterized&nbsp;protein,62.5
1384056.N787_05700,N787_05700,Uncharacterized&nbsp;protein,62.5
1384056.N787_03640,N787_03640,Protein&nbsp;TonB,62.4
1384056.N787_06640,N787_06640,Uncharacterized&nbsp;protein,62.4
1384056.N787_05660,N787_05660,Uncharacterized&nbsp;protein,62.4
1384056.N787_03975,N787_03975,Uncharacterized&nbsp;protein,62.3
1384056.N787_07580,coaD,Phosphopantetheine&nbsp;adenylyltransferase,62.3
1384056.N787_00975,N787_00975,Omega&nbsp;amino&nbsp;acid--pyruvate&nbsp;aminotransferase,62.3
1384056.N787_08710,N787_08710,Probable&nbsp;6-oxopurine&nbsp;nucleoside&nbsp;phosphorylase,62.3
1384056.N787_05985,lptD,LPS-assembly&nbsp;protein&nbsp;LptD,62.3
1384056.N787_11760,N787_11760,Uncharacterized&nbsp;protein,62.2
1384056.N787_12705,N787_12705,"An&nbsp;AccC&nbsp;homodimer&nbsp;forms&nbsp;the&nbsp;biotin&nbsp;carboxylase&nbsp;subunit&nbsp;of&nbsp;the&nbsp;acetyl&nbsp;CoA&nbsp;carboxylase,&nbsp;an&nbsp;enzyme&nbsp;that&nbsp;catalyzes&nbsp;the&nbsp;formation&nbsp;of&nbsp;malonyl-CoA,&nbsp;which&nbsp;in&nbsp;turn&nbsp;controls&nbsp;the&nbsp;rate&nbsp;of&nbsp;fatty&nbsp;acid&nbsp;metabolism",62.2
1384056.N787_08075,rpmF,50S&nbsp;ribosomal&nbsp;protein&nbsp;L32,62.2
1384056.N787_09285,N787_09285,Uncharacterized&nbsp;protein,62.1
1384056.N787_01920,N787_01920,Uncharacterized&nbsp;protein,62.1
1384056.N787_14005,N787_14005,Uncharacterized&nbsp;protein,62.1
1384056.N787_12340,N787_12340,Uncharacterized&nbsp;protein,62.1
1384056.N787_04260,rph,Ribonuclease&nbsp;PH,62.1
1384056.N787_10355,N787_10355,Site-determining&nbsp;protein,62.0
1384056.N787_00435,N787_00435,Cytochrome&nbsp;c-type&nbsp;biogenesis&nbsp;protein,62.0
1384056.N787_12675,groS,10&nbsp;kDa&nbsp;chaperonin,62.0
1384056.N787_00620,N787_00620,Dihydrolipoyllysine-residue&nbsp;succinyltransferase&nbsp;component&nbsp;of&nbsp;2-oxoglutarate&nbsp;dehydrogenase&nbsp;complex,62.0
1384056.N787_04305,gltA,Citrate&nbsp;synthase,62.0
1384056.N787_08520,N787_08520,Uncharacterized&nbsp;protein,62.0
1384056.N787_01120,N787_01120,Uncharacterized&nbsp;protein,62.0
1384056.N787_01015,N787_01015,Glutamine&nbsp;synthetase,61.9
1384056.N787_00535,zipA,Cell&nbsp;division&nbsp;protein&nbsp;ZipA,61.9
1384056.N787_04690,gcvT,Aminomethyltransferase,61.9
1384056.N787_07265,N787_07265,Uncharacterized&nbsp;protein,61.9
1384056.N787_04450,N787_04450,Uncharacterized&nbsp;protein,61.8
1384056.N787_00470,ccmA,Cytochrome&nbsp;c&nbsp;biogenesis&nbsp;ATP-binding&nbsp;export&nbsp;protein&nbsp;CcmA,61.8
1384056.N787_11850,N787_11850,Rod&nbsp;shape-determining&nbsp;protein&nbsp;MreD,61.8
1384056.N787_06920,N787_06920,Uncharacterized&nbsp;protein,61.8
1384056.N787_10650,N787_10650,Uncharacterized&nbsp;protein,61.8
1384056.N787_10375,N787_10375,Bacterioferritin,61.7
1384056.N787_07270,sspA,Stringent&nbsp;starvation&nbsp;protein&nbsp;A,61.7
1384056.N787_08110,N787_08110,Uncharacterized&nbsp;protein,61.6
1384056.N787_12840,fadH,"2,4-dienoyl-CoA&nbsp;reductase",61.5
1384056.N787_00985,N787_00985,Gamma-glutamyl-gamma-aminobutyraldehyde&nbsp;dehydrogenase,61.5
1384056.N787_12955,rpsE,30S&nbsp;ribosomal&nbsp;protein&nbsp;S5,61.5
1384056.N787_10725,bioF,8-amino-7-oxononanoate&nbsp;synthase,61.5
1384056.N787_01550,ndk,Nucleoside&nbsp;diphosphate&nbsp;kinase,61.5
1384056.N787_11025,argS,Arginine--tRNA&nbsp;ligase,61.4
1384056.N787_07340,N787_07340,Uncharacterized&nbsp;protein,61.4
1384056.N787_00850,nbaC,"3-hydroxyanthranilate&nbsp;3,4-dioxygenase",61.4
1384056.N787_11905,N787_11905,Uncharacterized&nbsp;protein,61.4
1384056.N787_11060,pyrE,Orotate&nbsp;phosphoribosyltransferase,61.3
1384056.N787_03820,N787_03820,Uncharacterized&nbsp;protein,61.3
1384056.N787_10200,pyrH,Uridylate&nbsp;kinase,61.3
1384056.N787_13805,rplA,50S&nbsp;ribosomal&nbsp;protein&nbsp;L1,61.3
1384056.N787_00560,mtnA,Methylthioribose-1-phosphate&nbsp;isomerase,61.2
1384056.N787_10500,N787_10500,Uncharacterized&nbsp;protein,61.1
1384056.N787_10555,recD,RecBCD&nbsp;enzyme&nbsp;subunit&nbsp;RecD,61.0
1384056.N787_01705,N787_01705,Uncharacterized&nbsp;protein,61.0
1384056.N787_06905,dnaG,DNA&nbsp;primase,61.0
1384056.N787_01055,N787_01055,Uncharacterized&nbsp;protein,61.0
1384056.N787_08485,N787_08485,Uncharacterized&nbsp;protein,61.0
1384056.N787_02985,N787_02985,3-oxoacyl-ACP&nbsp;synthase,60.9
1384056.N787_04470,N787_04470,Uncharacterized&nbsp;protein,60.9
1384056.N787_03270,N787_03270,Uncharacterized&nbsp;protein,60.8
1384056.N787_00325,pnp,Polyribonucleotide&nbsp;nucleotidyltransferase,60.8
1384056.N787_11065,N787_11065,Catabolite&nbsp;repression&nbsp;control&nbsp;protein,60.7
1384056.N787_00140,asd,Aspartate-semialdehyde&nbsp;dehydrogenase,60.7
1384056.N787_05595,N787_05595,Uncharacterized&nbsp;protein,60.5
1384056.N787_00695,N787_00695,UDP-glucose&nbsp;6-dehydrogenase,60.5
1384056.N787_07435,pheT,Phenylalanine--tRNA&nbsp;ligase&nbsp;beta&nbsp;subunit,60.4
1384056.N787_02820,acsA,Acetyl-coenzyme&nbsp;A&nbsp;synthetase,60.4
1384056.N787_07825,prfA,Peptide&nbsp;chain&nbsp;release&nbsp;factor&nbsp;1,60.3
1384056.N787_10295,N787_10295,Uncharacterized&nbsp;protein,60.3
1384056.N787_07290,N787_07290,Uncharacterized&nbsp;protein,60.3
1384056.N787_10840,N787_10840,Uncharacterized&nbsp;protein,60.3
1384056.N787_12310,N787_12310,Uncharacterized&nbsp;protein,60.3
1384056.N787_08335,N787_08335,Uncharacterized&nbsp;protein,60.2
1384056.N787_10235,dapE,Succinyl-diaminopimelate&nbsp;desuccinylase,60.2
1384056.N787_08435,N787_08435,Uncharacterized&nbsp;protein,60.2
1384056.N787_09485,N787_09485,Uncharacterized&nbsp;protein,59.9
1384056.N787_11280,katG,Catalase-peroxidase,59.7
1384056.N787_10160,fabZ,3-hydroxyacyl-[acyl-carrier-protein]&nbsp;dehydratase&nbsp;FabZ,59.7
1384056.N787_13690,N787_13690,Uncharacterized&nbsp;protein,59.7
1384056.N787_12695,aroQ,3-dehydroquinate&nbsp;dehydratase,59.6
1384056.N787_03990,N787_03990,Uncharacterized&nbsp;protein,59.6
1384056.N787_10025,N787_10025,Uncharacterized&nbsp;protein,59.5
1384056.N787_13800,rplJ,50S&nbsp;ribosomal&nbsp;protein&nbsp;L10,59.5
1384056.N787_09745,rpoD,RNA&nbsp;polymerase&nbsp;sigma&nbsp;factor&nbsp;RpoD,59.5
1384056.N787_09885,rpoH,RNA&nbsp;polymerase&nbsp;sigma&nbsp;factor&nbsp;RpoH,59.4
1384056.N787_12615,gshB,"Catalyzes&nbsp;the&nbsp;second&nbsp;step&nbsp;in&nbsp;the&nbsp;glutathione&nbsp;biosynthesis&nbsp;pathway,&nbsp;where&nbsp;it&nbsp;synthesizes&nbsp;ATP&nbsp;+&nbsp;gamma-L-glutamyl-L-cysteine&nbsp;+&nbsp;glycine&nbsp;=&nbsp;ADP&nbsp;+&nbsp;phosphate&nbsp;+&nbsp;glutathione",59.4
1384056.N787_10805,N787_10805,Uncharacterized&nbsp;protein,59.3
1384056.N787_01160,N787_01160,Uncharacterized&nbsp;protein,59.3
1384056.N787_10195,frr,Ribosome-recycling&nbsp;factor,59.3
1384056.N787_11505,N787_11505,Leucine&nbsp;dehydrogenase,59.2
1384056.N787_11970,N787_11970,Uncharacterized&nbsp;protein,59.2
1384056.N787_08255,fdhD,Sulfur&nbsp;carrier&nbsp;protein&nbsp;FdhD,59.2
1384056.N787_09280,tolB,Protein&nbsp;TolB,59.2
1384056.N787_00305,infB,Translation&nbsp;initiation&nbsp;factor&nbsp;IF-2,59.1
1384056.N787_06510,N787_06510,Uncharacterized&nbsp;protein,59.1
1384056.N787_00260,nuoI,NADH-quinone&nbsp;oxidoreductase&nbsp;subunit&nbsp;I,59.1
1384056.N787_08945,N787_08945,Riboflavin&nbsp;biosynthesis&nbsp;protein&nbsp;RibD,59.0
1384056.N787_10700,atpE,ATP&nbsp;synthase&nbsp;subunit&nbsp;c,59.0
1384056.N787_04340,N787_04340,Uncharacterized&nbsp;protein,59.0
1384056.N787_12320,N787_12320,Phosphoenolpyruvate-protein&nbsp;phosphotransferase,59.0
1384056.N787_12950,rpmD,50S&nbsp;ribosomal&nbsp;protein&nbsp;L30,59.0
1384056.N787_03730,N787_03730,Uncharacterized&nbsp;protein,59.0
1384056.N787_04355,N787_04355,Transketolase,58.9
1384056.N787_09520,hslU,ATP-dependent&nbsp;protease&nbsp;ATPase&nbsp;subunit&nbsp;HslU,58.7
1384056.N787_01470,N787_01470,Uncharacterized&nbsp;protein,58.7
1384056.N787_04290,recG,ATP-dependent&nbsp;DNA&nbsp;helicase&nbsp;RecG,58.6
1384056.N787_03590,N787_03590,Uncharacterized&nbsp;protein,58.6
1384056.N787_09370,N787_09370,Uncharacterized&nbsp;protein,58.5
1384056.N787_04560,ilvE,Branched-chain-amino-acid&nbsp;aminotransferase,58.5
1384056.N787_03125,N787_03125,Uncharacterized&nbsp;protein,58.5
1384056.N787_10695,atpF,ATP&nbsp;synthase&nbsp;subunit&nbsp;b,58.4
1384056.N787_04195,N787_04195,Uncharacterized&nbsp;protein,58.4
1384056.N787_08540,N787_08540,Electron&nbsp;transport&nbsp;complex&nbsp;subunit&nbsp;B,58.4
1384056.N787_12790,N787_12790,Uncharacterized&nbsp;protein,58.3
1384056.N787_12980,rplE,50S&nbsp;ribosomal&nbsp;protein&nbsp;L5,58.3
1384056.N787_07975,kdkA,3-deoxy-D-manno-octulosonic&nbsp;acid&nbsp;kinase,58.2
1384056.N787_04580,ahcY,Adenosylhomocysteinase,58.2
1384056.N787_13130,N787_13130,Uncharacterized&nbsp;protein,58.1
1384056.N787_05105,rplU,50S&nbsp;ribosomal&nbsp;protein&nbsp;L21,58.0
1384056.N787_01830,N787_01830,Uncharacterized&nbsp;protein,57.9
1384056.N787_13700,hemL,"Glutamate-1-semialdehyde&nbsp;2,1-aminomutase",57.9
1384056.N787_07815,N787_07815,Uncharacterized&nbsp;protein,57.9
1384056.N787_00170,accD,Acetyl-coenzyme&nbsp;A&nbsp;carboxylase&nbsp;carboxyl&nbsp;transferase&nbsp;subunit&nbsp;beta,57.8
1384056.N787_04730,N787_04730,S-(hydroxymethyl)glutathione&nbsp;dehydrogenase,57.8
1384056.N787_01035,N787_01035,Uncharacterized&nbsp;protein,57.8
1384056.N787_12630,N787_12630,Uncharacterized&nbsp;protein,57.7
1384056.N787_03095,N787_03095,CDP-glycerol&nbsp;glycerophosphotransferase,57.7
1384056.N787_00915,rplI,50S&nbsp;ribosomal&nbsp;protein&nbsp;L9,57.7
1384056.N787_05430,eno,Enolase,57.6
1384056.N787_07135,N787_07135,Uncharacterized&nbsp;protein,57.6
1384056.N787_12635,N787_12635,Uncharacterized&nbsp;protein,57.6
1384056.N787_03145,N787_03145,Uncharacterized&nbsp;protein,57.6
1384056.N787_01385,N787_01385,Apolipoprotein&nbsp;acyltransferase,57.5
1384056.N787_13070,xseA,Exodeoxyribonuclease&nbsp;7&nbsp;large&nbsp;subunit,57.5
1384056.N787_09355,N787_09355,Uncharacterized&nbsp;protein,57.5
1384056.N787_02910,N787_02910,Uncharacterized&nbsp;protein,57.4
1384056.N787_02125,N787_02125,Uncharacterized&nbsp;protein,57.4
1384056.N787_04165,N787_04165,Uncharacterized&nbsp;protein,57.4
1384056.N787_10110,N787_10110,Uncharacterized&nbsp;protein,57.2
1384056.N787_06970,N787_06970,Bifunctional&nbsp;protein&nbsp;PutA,57.2
1384056.N787_03490,folE,GTP&nbsp;cyclohydrolase&nbsp;1,57.1
1384056.N787_13685,N787_13685,Glyoxalase,56.8
1384056.N787_07030,N787_07030,Uncharacterized&nbsp;protein,56.8
1384056.N787_06040,N787_06040,Diacylglycerol&nbsp;kinase,56.8
1384056.N787_07310,N787_07310,Uncharacterized&nbsp;protein,56.7
1384056.N787_10255,asnB,Functions&nbsp;in&nbsp;asparagine&nbsp;biosynthesis,56.7
1384056.N787_12275,lptA,Lipopolysaccharide&nbsp;export&nbsp;system&nbsp;protein&nbsp;LptA,56.7
1384056.N787_08330,N787_08330,Uncharacterized&nbsp;protein,56.7
1384056.N787_13005,rplP,50S&nbsp;ribosomal&nbsp;protein&nbsp;L16,56.7
1384056.N787_06795,N787_06795,Uncharacterized&nbsp;protein,56.6
1384056.N787_10335,N787_10335,Uncharacterized&nbsp;protein,56.6
1384056.N787_02750,N787_02750,Uncharacterized&nbsp;protein,56.6
1384056.N787_03945,N787_03945,Uncharacterized&nbsp;protein,56.6
1384056.N787_10540,N787_10540,Aconitate&nbsp;hydratase,56.5
1384056.N787_06130,N787_06130,Anthranilate&nbsp;synthase&nbsp;subunit&nbsp;II,56.5
1384056.N787_04570,N787_04570,Methylenetetrahydrofolate&nbsp;reductase,56.4
1384056.N787_09755,N787_09755,Uncharacterized&nbsp;protein,56.4
1384056.N787_05215,N787_05215,Phosphate&nbsp;transport&nbsp;system&nbsp;permease&nbsp;protein&nbsp;PstA,56.4
1384056.N787_01495,himD,Integration&nbsp;host&nbsp;factor&nbsp;subunit&nbsp;beta,56.3
1384056.N787_10210,rpsB,30S&nbsp;ribosomal&nbsp;protein&nbsp;S2,56.3
1384056.N787_14200,tuf,Elongation&nbsp;factor&nbsp;Tu,56.3
1384056.N787_03750,plsY,Glycerol-3-phosphate&nbsp;acyltransferase,56.2
1384056.N787_06060,N787_06060,Uncharacterized&nbsp;protein,56.2
1384056.N787_11010,N787_11010,Uncharacterized&nbsp;protein,56.2
1384056.N787_03275,N787_03275,Uncharacterized&nbsp;protein,56.1
1384056.N787_03870,N787_03870,Uncharacterized&nbsp;protein,55.9
1384056.N787_07000,N787_07000,"dTDP-glucose&nbsp;4,6-dehydratase",55.8
1384056.N787_07930,rnhA,Ribonuclease&nbsp;H,55.8
1384056.N787_07685,N787_07685,Alkyl&nbsp;hydroperoxide&nbsp;reductase&nbsp;subunit&nbsp;F,55.8
1384056.N787_01585,mobA,Molybdenum&nbsp;cofactor&nbsp;guanylyltransferase,55.7
1384056.N787_04110,N787_04110,Sulfite&nbsp;reductase&nbsp;[NADPH]&nbsp;flavoprotein&nbsp;alpha-component,55.7
1384056.N787_01575,bamB,Outer&nbsp;membrane&nbsp;protein&nbsp;assembly&nbsp;factor&nbsp;BamB,55.7
1384056.N787_10865,tatA,Sec-independent&nbsp;protein&nbsp;translocase&nbsp;protein&nbsp;TatA,55.7
1384056.N787_09880,N787_09880,Uncharacterized&nbsp;protein,55.7
1384056.N787_07715,N787_07715,Proline&nbsp;iminopeptidase,55.6
1384056.N787_08115,N787_08115,Uncharacterized&nbsp;protein,55.6
1384056.N787_04100,cysH,Phosphoadenosine&nbsp;phosphosulfate&nbsp;reductase,55.5
1384056.N787_07985,moaA,"GTP&nbsp;3',8-cyclase",55.5
1384056.N787_13540,N787_13540,Uncharacterized&nbsp;protein,55.4
1384056.N787_02780,N787_02780,Uncharacterized&nbsp;protein,55.3
1384056.N787_12555,N787_12555,Uncharacterized&nbsp;protein,55.1
1384056.N787_03745,N787_03745,Uncharacterized&nbsp;protein,55.1
1384056.N787_01475,N787_01475,Histidinol-phosphate&nbsp;aminotransferase,55.0
1384056.N787_06495,N787_06495,Uncharacterized&nbsp;protein,55.0
1384056.N787_08950,N787_08950,Uncharacterized&nbsp;protein,54.9
1384056.N787_00780,N787_00780,Uncharacterized&nbsp;protein,54.8
1384056.N787_09650,N787_09650,Protein&nbsp;TonB,54.8
1384056.N787_01510,N787_01510,Uncharacterized&nbsp;protein,54.7
1384056.N787_11685,hisD,Histidinol&nbsp;dehydrogenase,54.7
1384056.N787_09055,mraY,Phospho-N-acetylmuramoyl-pentapeptide-transferase,54.7
1384056.N787_05220,pstB,Phosphate&nbsp;import&nbsp;ATP-binding&nbsp;protein&nbsp;PstB,54.6
1384056.N787_10960,N787_10960,Uncharacterized&nbsp;protein,54.6
1384056.N787_05440,pyrG,CTP&nbsp;synthase,54.5
1384056.N787_08680,N787_08680,Uncharacterized&nbsp;protein,54.4
1384056.N787_02045,N787_02045,Uncharacterized&nbsp;protein,54.4
1384056.N787_10600,bioD,ATP-dependent&nbsp;dethiobiotin&nbsp;synthetase&nbsp;BioD,54.4
1384056.N787_07430,pheS,Phenylalanine--tRNA&nbsp;ligase&nbsp;alpha&nbsp;subunit,54.3
1384056.N787_08480,pcnB,Poly(A)&nbsp;polymerase&nbsp;I,54.2
1384056.N787_04985,N787_04985,Uncharacterized&nbsp;protein,54.2
1384056.N787_12445,N787_12445,Uncharacterized&nbsp;protein,54.2
1384056.N787_11525,N787_11525,Methylcrotonoyl-CoA&nbsp;carboxylase,54.1
1384056.N787_07255,N787_07255,Ubiquinol-cytochrome&nbsp;c&nbsp;reductase&nbsp;iron-sulfur&nbsp;subunit,54.0
1384056.N787_11210,N787_11210,Uncharacterized&nbsp;protein,53.9
1384056.N787_06450,N787_06450,Uncharacterized&nbsp;protein,53.8
1384056.N787_13820,secE,Protein&nbsp;translocase&nbsp;subunit&nbsp;SecE,53.8
1384056.N787_13145,gluQ,Glutamyl-Q&nbsp;tRNA(Asp)&nbsp;synthetase,53.5
1384056.N787_02450,N787_02450,Uncharacterized&nbsp;protein,53.5
1384056.N787_10675,atpD,ATP&nbsp;synthase&nbsp;subunit&nbsp;beta,53.4
1384056.N787_12930,rpsK,30S&nbsp;ribosomal&nbsp;protein&nbsp;S11,53.3
1384056.N787_03500,N787_03500,Uncharacterized&nbsp;protein,53.2
1384056.N787_02375,N787_02375,Uncharacterized&nbsp;protein,53.2
1384056.N787_00300,nusA,Transcription&nbsp;termination/antitermination&nbsp;protein&nbsp;NusA,53.2
1384056.N787_06865,N787_06865,Uncharacterized&nbsp;protein,53.1
1384056.N787_12820,N787_12820,Uncharacterized&nbsp;protein,53.1
1384056.N787_10825,N787_10825,Uncharacterized&nbsp;protein,53.1
1384056.N787_11445,N787_11445,Uncharacterized&nbsp;protein,53.1
1384056.N787_12295,N787_12295,Uncharacterized&nbsp;protein,53.1
1384056.N787_07420,rpmI,50S&nbsp;ribosomal&nbsp;protein&nbsp;L35,53.0
1384056.N787_05955,N787_05955,Uncharacterized&nbsp;protein,53.0
1384056.N787_04590,N787_04590,Uncharacterized&nbsp;protein,52.9
1384056.N787_04680,N787_04680,Uncharacterized&nbsp;protein,52.9
1384056.N787_12935,rpsM,30S&nbsp;ribosomal&nbsp;protein&nbsp;S13,52.8
1384056.N787_03175,N787_03175,Uncharacterized&nbsp;protein,52.8
1384056.N787_08095,N787_08095,3-ketoacyl-ACP&nbsp;reductase,52.8
1384056.N787_02005,N787_02005,Uncharacterized&nbsp;protein,52.7
1384056.N787_10625,glmS,Glutamine--fructose-6-phosphate&nbsp;aminotransferase&nbsp;[isomerizing],52.7
1384056.N787_01045,N787_01045,Uncharacterized&nbsp;protein,52.6
1384056.N787_03795,N787_03795,Arginase,52.6
1384056.N787_03845,N787_03845,Uncharacterized&nbsp;protein,52.6
1384056.N787_10045,leuS,leucine--tRNA&nbsp;ligase,52.5
1384056.N787_06675,N787_06675,Uncharacterized&nbsp;protein,52.5
1384056.N787_01130,carA,Carbamoyl-phosphate&nbsp;synthase&nbsp;small&nbsp;chain,52.5
1384056.N787_13035,rplD,50S&nbsp;ribosomal&nbsp;protein&nbsp;L4,52.4
1384056.N787_02380,N787_02380,MFS&nbsp;transporter,52.4
1384056.N787_00070,N787_00070,Uncharacterized&nbsp;protein,52.4
1384056.N787_03895,N787_03895,Fumarylacetoacetate&nbsp;hydrolase,52.4
1384056.N787_10720,bioB,Biotin&nbsp;synthase,52.3
1384056.N787_09945,kbl,2-amino-3-ketobutyrate&nbsp;coenzyme&nbsp;A&nbsp;ligase,52.3
1384056.N787_06475,N787_06475,Uncharacterized&nbsp;protein,52.1
1384056.N787_03215,glnA,Forms&nbsp;a&nbsp;homododecamer,52.1
1384056.N787_02930,N787_02930,Lipoprotein-releasing&nbsp;system&nbsp;ATP-binding&nbsp;protein&nbsp;LolD,52.1
1384056.N787_08160,N787_08160,Uncharacterized&nbsp;protein,52.0
1384056.N787_07145,N787_07145,"FabB,&nbsp;beta-Ketoacyl-ACP&nbsp;synthase&nbsp;I,&nbsp;KASI",52.0
1384056.N787_04160,N787_04160,Uncharacterized&nbsp;protein,51.9
1384056.N787_11540,N787_11540,Uncharacterized&nbsp;protein,51.8
1384056.N787_00285,nuoN,NADH-quinone&nbsp;oxidoreductase&nbsp;subunit&nbsp;N,51.7
1384056.N787_13645,N787_13645,Uncharacterized&nbsp;protein,51.7
1384056.N787_09595,N787_09595,Uncharacterized&nbsp;protein,51.7
1384056.N787_00265,N787_00265,Uncharacterized&nbsp;protein,51.6
1384056.N787_11630,mtnB,Methylthioribulose-1-phosphate&nbsp;dehydratase,51.6
1384056.N787_02785,N787_02785,Glutathione&nbsp;S-transferase,51.6
1384056.N787_08470,N787_08470,Ferredoxin,51.5
1384056.N787_04060,N787_04060,Electron&nbsp;transfer&nbsp;flavoprotein&nbsp;subunit&nbsp;beta,51.5
1384056.N787_08640,N787_08640,Periplasmic&nbsp;serine&nbsp;endoprotease&nbsp;DegP-like,51.5
1384056.N787_09255,ruvB,Holliday&nbsp;junction&nbsp;ATP-dependent&nbsp;DNA&nbsp;helicase&nbsp;RuvB,51.5
1384056.N787_13545,N787_13545,Uncharacterized&nbsp;protein,51.4
1384056.N787_08525,mutL,DNA&nbsp;mismatch&nbsp;repair&nbsp;protein&nbsp;MutL,51.4
1384056.N787_03080,N787_03080,Acetyl-CoA&nbsp;acetyltransferase,51.4
1384056.N787_12940,secY,Protein&nbsp;translocase&nbsp;subunit&nbsp;SecY,51.4
1384056.N787_12380,N787_12380,Uncharacterized&nbsp;protein,51.3
1384056.N787_12915,rplQ,50S&nbsp;ribosomal&nbsp;protein&nbsp;L17,51.2
1384056.N787_07095,N787_07095,Uncharacterized&nbsp;protein,51.1
1384056.N787_08840,N787_08840,Uncharacterized&nbsp;protein,51.1
1384056.N787_10595,N787_10595,Uncharacterized&nbsp;protein,51.1
1384056.N787_11050,N787_11050,Uncharacterized&nbsp;protein,51.0
1384056.N787_01040,N787_01040,Putrescine/spermidine&nbsp;ABC&nbsp;transporter&nbsp;permease,51.0
1384056.N787_06690,N787_06690,Uncharacterized&nbsp;protein,51.0
