1121015.N789_14580,rpsG,30S&nbsp;ribosomal&nbsp;protein&nbsp;S7,98.8
1121015.N789_09330,N789_09330,Uncharacterized&nbsp;protein,98.8
1121015.N789_13795,N789_13795,"An&nbsp;AccC&nbsp;homodimer&nbsp;forms&nbsp;the&nbsp;biotin&nbsp;carboxylase&nbsp;subunit&nbsp;of&nbsp;the&nbsp;acetyl&nbsp;CoA&nbsp;carboxylase,&nbsp;an&nbsp;enzyme&nbsp;that&nbsp;catalyzes&nbsp;the&nbsp;formation&nbsp;of&nbsp;malonyl-CoA,&nbsp;which&nbsp;in&nbsp;turn&nbsp;controls&nbsp;the&nbsp;rate&nbsp;of&nbsp;fatty&nbsp;acid&nbsp;metabolism",98.8
1121015.N789_06300,rpsJ,30S&nbsp;ribosomal&nbsp;protein&nbsp;S10,98.7
1121015.N789_08525,N789_08525,Catabolite&nbsp;repression&nbsp;control&nbsp;protein,98.7
1121015.N789_06220,rplF,50S&nbsp;ribosomal&nbsp;protein&nbsp;L6,98.7
1121015.N789_00740,gluQ,Glutamyl-Q&nbsp;tRNA(Asp)&nbsp;synthetase,98.7
1121015.N789_08805,N789_08805,Uncharacterized&nbsp;protein,98.6
1121015.N789_06040,N789_06040,Uncharacterized&nbsp;protein,98.6
1121015.N789_11275,N789_11275,Uncharacterized&nbsp;protein,98.6
1121015.N789_06465,rpoD,RNA&nbsp;polymerase&nbsp;sigma&nbsp;factor&nbsp;RpoD,98.5
1121015.N789_05290,ffh,Signal&nbsp;recognition&nbsp;particle&nbsp;protein,98.4
1121015.N789_08860,N789_08860,Uncharacterized&nbsp;protein,98.4
1121015.N789_00150,cmk,Cytidylate&nbsp;kinase,98.4
1121015.N789_02130,N789_02130,Uncharacterized&nbsp;protein,98.4
1121015.N789_07305,uppP,Undecaprenyl-diphosphatase,98.4
1121015.N789_14420,N789_14420,Glutamate--cysteine&nbsp;ligase,98.3
1121015.N789_01425,ccmE,Cytochrome&nbsp;c-type&nbsp;biogenesis&nbsp;protein&nbsp;CcmE,98.3
1121015.N789_02365,N789_02365,Uncharacterized&nbsp;protein,98.2
1121015.N789_10170,N789_10170,Uncharacterized&nbsp;protein,98.0
1121015.N789_03180,N789_03180,Uncharacterized&nbsp;protein,98.0
1121015.N789_04910,tmk,Thymidylate&nbsp;kinase,98.0
1121015.N789_06235,rplE,50S&nbsp;ribosomal&nbsp;protein&nbsp;L5,97.9
1121015.N789_03150,N789_03150,Glucose-1-phosphate&nbsp;thymidylyltransferase,97.8
1121015.N789_09920,pgk,Phosphoglycerate&nbsp;kinase,97.8
1121015.N789_13355,N789_13355,Cystathionine&nbsp;beta-lyase,97.8
1121015.N789_04790,N789_04790,Uncharacterized&nbsp;protein,97.8
1121015.N789_00690,N789_00690,Uncharacterized&nbsp;protein,97.7
1121015.N789_05135,N789_05135,Enoyl-[acyl-carrier-protein]&nbsp;reductase&nbsp;[NADH],97.7
1121015.N789_03395,N789_03395,Uncharacterized&nbsp;protein,97.7
1121015.N789_06435,hemC,Porphobilinogen&nbsp;deaminase,97.7
1121015.N789_01330,zipA,Cell&nbsp;division&nbsp;protein&nbsp;ZipA,97.6
1121015.N789_10980,N789_10980,Uncharacterized&nbsp;protein,97.6
1121015.N789_13330,N789_13330,Succinyl-CoA:3-ketoacid-CoA&nbsp;transferase,97.6
1121015.N789_02815,N789_02815,Uncharacterized&nbsp;protein,97.6
1121015.N789_07730,plsB,Glycerol-3-phosphate&nbsp;acyltransferase,97.5
1121015.N789_09970,N789_09970,Transketolase,97.5
1121015.N789_13440,N789_13440,Uncharacterized&nbsp;protein,97.4
1121015.N789_05755,fabZ,3-hydroxyacyl-[acyl-carrier-protein]&nbsp;dehydratase&nbsp;FabZ,97.4
1121015.N789_10505,N789_10505,Uncharacterized&nbsp;protein,97.3
1121015.N789_05230,recX,Regulatory&nbsp;protein&nbsp;RecX,97.3
1121015.N789_01745,psd,Phosphatidylserine&nbsp;decarboxylase&nbsp;proenzyme,97.3
1121015.N789_03430,N789_03430,Vi&nbsp;polysaccharide&nbsp;biosynthesis&nbsp;protein&nbsp;vipA/tviB,97.3
1121015.N789_04405,rnc,Ribonuclease&nbsp;3,97.3
1121015.N789_12245,N789_12245,Uncharacterized&nbsp;protein,97.1
1121015.N789_09025,N789_09025,Uncharacterized&nbsp;protein,97.1
1121015.N789_10540,N789_10540,Uncharacterized&nbsp;protein,97.1
1121015.N789_10130,N789_10130,Uncharacterized&nbsp;protein,97.0
1121015.N789_10470,N789_10470,Uncharacterized&nbsp;protein,97.0
1121015.N789_07530,N789_07530,Uncharacterized&nbsp;protein,97.0
1121015.N789_12475,N789_12475,Uncharacterized&nbsp;protein,97.0
1121015.N789_10020,gltA,Citrate&nbsp;synthase,97.0
1121015.N789_09615,gcvH,Glycine&nbsp;cleavage&nbsp;system&nbsp;H&nbsp;protein,96.9
1121015.N789_08410,N789_08410,Uncharacterized&nbsp;protein,96.9
1121015.N789_02550,secF,Protein-export&nbsp;membrane&nbsp;protein&nbsp;SecF,96.9
1121015.N789_09750,N789_09750,Methylenetetrahydrofolate&nbsp;reductase,96.9
1121015.N789_11120,aspS,Aspartate--tRNA&nbsp;ligase,96.8
1121015.N789_14015,N789_14015,Uncharacterized&nbsp;protein,96.7
1121015.N789_12285,lolD,Lipoprotein-releasing&nbsp;system&nbsp;ATP-binding&nbsp;protein&nbsp;LolD,96.7
1121015.N789_12250,N789_12250,Uncharacterized&nbsp;protein,96.7
1121015.N789_07420,N789_07420,Uncharacterized&nbsp;protein,96.6
1121015.N789_11330,ftsZ,Cell&nbsp;division&nbsp;protein&nbsp;FtsZ,96.5
1121015.N789_06180,rpsD,30S&nbsp;ribosomal&nbsp;protein&nbsp;S4,96.3
1121015.N789_02140,N789_02140,Uncharacterized&nbsp;protein,96.1
1121015.N789_13435,N789_13435,Dihydrolipoamide&nbsp;acetyltransferase&nbsp;component&nbsp;of&nbsp;pyruvate&nbsp;dehydrogenase&nbsp;complex,96.1
1121015.N789_01850,N789_01850,Uncharacterized&nbsp;protein,95.9
1121015.N789_12235,N789_12235,Uncharacterized&nbsp;protein,95.9
1121015.N789_00095,N789_00095,3-hydroxyacyl-CoA&nbsp;dehydrogenase,95.9
1121015.N789_08890,surA,Chaperone&nbsp;SurA,95.9
1121015.N789_07000,rpmB,50S&nbsp;ribosomal&nbsp;protein&nbsp;L28,95.8
1121015.N789_06285,rplW,50S&nbsp;ribosomal&nbsp;protein&nbsp;L23,95.8
1121015.N789_05215,csrA,Carbon&nbsp;storage&nbsp;regulator&nbsp;homolog,95.7
1121015.N789_00590,N789_00590,Putrescine/spermidine&nbsp;ABC&nbsp;transporter&nbsp;permease,95.7
1121015.N789_00585,N789_00585,Uncharacterized&nbsp;protein,95.6
1121015.N789_02725,himA,Integration&nbsp;host&nbsp;factor&nbsp;subunit&nbsp;alpha,95.6
1121015.N789_07650,yidC,Membrane&nbsp;protein&nbsp;insertase&nbsp;YidC,95.5
1121015.N789_04260,N789_04260,Catalyzes&nbsp;the&nbsp;conversion&nbsp;of&nbsp;N-acetylornithine&nbsp;to&nbsp;N-acetylcitrulline&nbsp;in&nbsp;an&nbsp;alternative&nbsp;arginine&nbsp;biosynthesis&nbsp;pathway,95.5
1121015.N789_00835,ilvD,Dihydroxy-acid&nbsp;dehydratase,95.5
1121015.N789_07135,N789_07135,3-oxoacyl-ACP&nbsp;synthase,95.5
1121015.N789_00165,N789_00165,Uncharacterized&nbsp;protein,95.5
1121015.N789_00315,N789_00315,Uncharacterized&nbsp;protein,95.4
1121015.N789_10150,fabA,3-hydroxydecanoyl-[acyl-carrier-protein]&nbsp;dehydratase,95.4
1121015.N789_01015,N789_01015,Uncharacterized&nbsp;protein,95.3
1121015.N789_09075,N789_09075,Pilus&nbsp;response&nbsp;regulator&nbsp;PilG,95.3
1121015.N789_01295,gyrA,DNA&nbsp;gyrase&nbsp;subunit&nbsp;A,95.3
1121015.N789_05885,leuS,leucine--tRNA&nbsp;ligase,95.2
1121015.N789_05525,N789_05525,Cysteine&nbsp;synthase,95.2
1121015.N789_13570,atpD,ATP&nbsp;synthase&nbsp;subunit&nbsp;beta,95.1
1121015.N789_12570,N789_12570,Uncharacterized&nbsp;protein,95.1
1121015.N789_05170,clpP,ATP-dependent&nbsp;Clp&nbsp;protease&nbsp;proteolytic&nbsp;subunit,95.0
1121015.N789_06840,polA,DNA&nbsp;polymerase&nbsp;I,95.0
1121015.N789_01755,N789_01755,Uncharacterized&nbsp;protein,95.0
1121015.N789_07860,N789_07860,Uncharacterized&nbsp;protein,95.0
1121015.N789_08485,argS,Arginine--tRNA&nbsp;ligase,95.0
1121015.N789_00045,N789_00045,Uncharacterized&nbsp;protein,95.0
1121015.N789_02285,srkA,Stress&nbsp;response&nbsp;kinase&nbsp;A,94.9
1121015.N789_00965,rplI,50S&nbsp;ribosomal&nbsp;protein&nbsp;L9,94.8
1121015.N789_04165,hisI,Histidine&nbsp;biosynthesis&nbsp;bifunctional&nbsp;protein&nbsp;HisIE,94.8
1121015.N789_14345,N789_14345,Uncharacterized&nbsp;protein,94.7
1121015.N789_04615,dapA,4-hydroxy-tetrahydrodipicolinate&nbsp;synthase,94.7
1121015.N789_05925,N789_05925,Uncharacterized&nbsp;protein,94.7
1121015.N789_10645,mrdA,"Peptidoglycan&nbsp;D,D-transpeptidase&nbsp;MrdA",94.6
1121015.N789_13305,N789_13305,Uncharacterized&nbsp;protein,94.5
1121015.N789_01180,N789_01180,UDP-glucose&nbsp;6-dehydrogenase,94.5
1121015.N789_03535,N789_03535,Arabinose&nbsp;5-phosphate&nbsp;isomerase,94.5
1121015.N789_01765,purT,Formate-dependent&nbsp;phosphoribosylglycinamide&nbsp;formyltransferase,94.4
1121015.N789_12130,N789_12130,Glutathione&nbsp;S-transferase,94.2
1121015.N789_10010,N789_10010,Uncharacterized&nbsp;protein,94.2
1121015.N789_04110,N789_04110,3-hydroxy-2-methylbutyryl-CoA&nbsp;dehydrogenase,94.2
1121015.N789_11665,N789_11665,Uncharacterized&nbsp;protein,94.2
1121015.N789_13815,N789_13815,Uncharacterized&nbsp;protein,94.2
1121015.N789_03315,N789_03315,Uncharacterized&nbsp;protein,94.1
1121015.N789_07875,gidA,tRNA&nbsp;uridine&nbsp;5-carboxymethylaminomethyl&nbsp;modification&nbsp;enzyme&nbsp;MnmG,94.1
1121015.N789_02155,N789_02155,Uncharacterized&nbsp;protein,94.1
1121015.N789_03700,N789_03700,Uncharacterized&nbsp;protein,94.1
1121015.N789_10585,N789_10585,Uncharacterized&nbsp;protein,93.9
1121015.N789_06115,N789_06115,Aminotransferase,93.8
1121015.N789_04940,N789_04940,3-ketoacyl-ACP&nbsp;reductase,93.7
1121015.N789_00780,N789_00780,Uncharacterized&nbsp;protein,93.7
1121015.N789_04870,N789_04870,Uncharacterized&nbsp;protein,93.7
1121015.N789_05430,N789_05430,Uncharacterized&nbsp;protein,93.6
1121015.N789_07130,N789_07130,Uncharacterized&nbsp;protein,93.6
1121015.N789_12365,N789_12365,Uncharacterized&nbsp;protein,93.5
1121015.N789_06335,N789_06335,Uncharacterized&nbsp;protein,93.4
1121015.N789_03365,N789_03365,Uncharacterized&nbsp;protein,93.3
1121015.N789_09195,aroB,3-dehydroquinate&nbsp;synthase,93.2
1121015.N789_00310,rne,Ribonuclease&nbsp;E,93.2
1121015.N789_04060,N789_04060,Iron&nbsp;transporter&nbsp;FeoB,93.2
1121015.N789_08605,hemA,Glutamyl-tRNA&nbsp;reductase,93.1
1121015.N789_08915,N789_08915,Dihydrofolate&nbsp;reductase,93.1
1121015.N789_08510,N789_08510,Uncharacterized&nbsp;protein,93.1
1121015.N789_00390,clpS,ATP-dependent&nbsp;Clp&nbsp;protease&nbsp;adapter&nbsp;protein&nbsp;ClpS,93.0
1121015.N789_08220,N789_08220,Ribonucleoside-diphosphate&nbsp;reductase&nbsp;subunit&nbsp;beta,93.0
1121015.N789_04795,N789_04795,Uncharacterized&nbsp;protein,92.7
1121015.N789_03585,N789_03585,Uncharacterized&nbsp;protein,92.7
1121015.N789_05365,rplU,50S&nbsp;ribosomal&nbsp;protein&nbsp;L21,92.6
1121015.N789_00360,N789_00360,Cell&nbsp;division&nbsp;protein&nbsp;FtsK,92.5
1121015.N789_00020,N789_00020,NADPH-dependent&nbsp;FMN&nbsp;reductase,92.5
1121015.N789_00445,lysS,Lysine--tRNA&nbsp;ligase,92.4
1121015.N789_09335,N789_09335,Uncharacterized&nbsp;protein,92.4
1121015.N789_05705,N789_05705,Uncharacterized&nbsp;protein,92.4
1121015.N789_01005,N789_01005,Uncharacterized&nbsp;protein,92.3
1121015.N789_13800,N789_13800,Biotin&nbsp;carboxyl&nbsp;carrier&nbsp;protein&nbsp;of&nbsp;acetyl-CoA&nbsp;carboxylase,92.2
1121015.N789_04300,N789_04300,Alanine&nbsp;dehydrogenase,92.0
1121015.N789_05100,N789_05100,Protein&nbsp;phosphatase,92.0
1121015.N789_01275,N789_01275,Uncharacterized&nbsp;protein,91.8
1121015.N789_03870,N789_03870,Uncharacterized&nbsp;protein,91.8
1121015.N789_09480,cca,Multifunctional&nbsp;CCA&nbsp;protein,91.8
1121015.N789_12915,N789_12915,Uncharacterized&nbsp;protein,91.8
1121015.N789_12110,N789_12110,Fumarate&nbsp;hydratase&nbsp;class&nbsp;I,91.7
1121015.N789_09770,N789_09770,XRE&nbsp;family&nbsp;transcriptional&nbsp;regulator,91.7
1121015.N789_01555,nuoN,NADH-quinone&nbsp;oxidoreductase&nbsp;subunit&nbsp;N,91.7
1121015.N789_05045,moaA,"GTP&nbsp;3',8-cyclase",91.7
1121015.N789_09960,N789_09960,Uncharacterized&nbsp;protein,91.6
1121015.N789_08170,N789_08170,Uncharacterized&nbsp;protein,91.6
1121015.N789_09440,tsaD,tRNA&nbsp;N6-adenosine&nbsp;threonylcarbamoyltransferase,91.6
1121015.N789_11190,N789_11190,Uncharacterized&nbsp;protein,91.6
1121015.N789_08275,N789_08275,Efflux&nbsp;pump&nbsp;membrane&nbsp;transporter,91.6
1121015.N789_13275,N789_13275,Malic&nbsp;enzyme,91.6
1121015.N789_07780,tatB,Sec-independent&nbsp;protein&nbsp;translocase&nbsp;protein&nbsp;TatB,91.5
1121015.N789_03250,N789_03250,Uncharacterized&nbsp;protein,91.5
1121015.N789_01585,nuoH,NADH-quinone&nbsp;oxidoreductase&nbsp;subunit&nbsp;H,91.4
1121015.N789_07830,N789_07830,Uncharacterized&nbsp;protein,91.3
1121015.N789_03310,N789_03310,Transporter,91.3
1121015.N789_02045,pyrG,CTP&nbsp;synthase,91.3
1121015.N789_11845,N789_11845,Uncharacterized&nbsp;protein,91.2
1121015.N789_11475,glyA,Serine&nbsp;hydroxymethyltransferase,91.1
1121015.N789_11540,N789_11540,Uncharacterized&nbsp;protein,91.1
1121015.N789_02545,N789_02545,Inositol-1-monophosphatase,91.1
1121015.N789_00105,N789_00105,Uncharacterized&nbsp;protein,91.1
1121015.N789_11205,N789_11205,Glucose-1-phosphate&nbsp;cytidylyltransferase,91.0
1121015.N789_05410,N789_05410,Uncharacterized&nbsp;protein,91.0
1121015.N789_13545,atpE,ATP&nbsp;synthase&nbsp;subunit&nbsp;c,90.9
1121015.N789_10525,N789_10525,Uncharacterized&nbsp;protein,90.9
1121015.N789_09280,N789_09280,Uncharacterized&nbsp;protein,90.9
1121015.N789_01125,N789_01125,Uncharacterized&nbsp;protein,90.8
1121015.N789_09940,gapA,Glyceraldehyde-3-phosphate&nbsp;dehydrogenase,90.8
1121015.N789_10615,N789_10615,S-(hydroxymethyl)glutathione&nbsp;dehydrogenase,90.7
1121015.N789_01995,surE,5'-nucleotidase&nbsp;SurE,90.7
1121015.N789_03510,purM,Phosphoribosylformylglycinamidine&nbsp;cyclo-ligase,90.6
1121015.N789_07805,glyQ,Glycine--tRNA&nbsp;ligase&nbsp;alpha&nbsp;subunit,90.6
1121015.N789_02955,N789_02955,Uncharacterized&nbsp;protein,90.6
1121015.N789_04285,N789_04285,Gamma-glutamyl-gamma-aminobutyraldehyde&nbsp;dehydrogenase,90.5
1121015.N789_09260,prfC,Peptide&nbsp;chain&nbsp;release&nbsp;factor&nbsp;3,90.5
1121015.N789_10330,N789_10330,Uncharacterized&nbsp;protein,90.4
1121015.N789_06420,N789_06420,Uncharacterized&nbsp;protein,90.4
1121015.N789_07235,N789_07235,Uncharacterized&nbsp;protein,90.4
1121015.N789_00905,pyrD,Dihydroorotate&nbsp;dehydrogenase&nbsp;(quinone),90.3
1121015.N789_09810,N789_09810,Uncharacterized&nbsp;protein,90.3
1121015.N789_06685,N789_06685,Cysteine&nbsp;synthase,90.2
1121015.N789_11595,N789_11595,Uncharacterized&nbsp;protein,90.1
1121015.N789_00875,N789_00875,Isoaspartyl&nbsp;dipeptidase,90.1
1121015.N789_06690,cysD,Sulfate&nbsp;adenylyltransferase&nbsp;subunit&nbsp;2,90.1
1121015.N789_00515,bamE,Outer&nbsp;membrane&nbsp;protein&nbsp;assembly&nbsp;factor&nbsp;BamE,90.0
1121015.N789_02195,N789_02195,Uncharacterized&nbsp;protein,90.0
1121015.N789_06005,N789_06005,Uncharacterized&nbsp;protein,89.9
1121015.N789_04175,hisA,1-(5-phosphoribosyl)-5-[(5-phosphoribosylamino)methylideneamino]&nbsp;imidazole-4-carboxamide&nbsp;isomerase,89.9
1121015.N789_01080,N789_01080,Uncharacterized&nbsp;protein,89.9
1121015.N789_05870,nadD,Probable&nbsp;nicotinate-nucleotide&nbsp;adenylyltransferase,89.8
1121015.N789_02985,N789_02985,Uncharacterized&nbsp;protein,89.8
1121015.N789_09860,N789_09860,Uncharacterized&nbsp;protein,89.8
1121015.N789_05325,ispH,4-hydroxy-3-methylbut-2-enyl&nbsp;diphosphate&nbsp;reductase,89.7
1121015.N789_04250,N789_04250,Uncharacterized&nbsp;protein,89.7
1121015.N789_12510,N789_12510,Histidine&nbsp;ammonia-lyase,89.7
1121015.N789_03545,N789_03545,Uncharacterized&nbsp;protein,89.7
1121015.N789_10055,gmk,Guanylate&nbsp;kinase,89.7
1121015.N789_05255,mutS,DNA&nbsp;mismatch&nbsp;repair&nbsp;protein&nbsp;MutS,89.6
1121015.N789_07910,bioC,Malonyl-[acyl-carrier&nbsp;protein]&nbsp;O-methyltransferase,89.6
1121015.N789_04375,rlmD,23S&nbsp;rRNA&nbsp;(uracil(1939)-C(5))-methyltransferase&nbsp;RlmD,89.6
1121015.N789_02125,N789_02125,Uncharacterized&nbsp;protein,89.6
1121015.N789_04370,N789_04370,Uncharacterized&nbsp;protein,89.6
1121015.N789_07365,N789_07365,Uncharacterized&nbsp;protein,89.6
1121015.N789_05710,N789_05710,Lipoprotein,89.6
1121015.N789_13670,bioD,ATP-dependent&nbsp;dethiobiotin&nbsp;synthetase&nbsp;BioD,89.5
1121015.N789_07655,mnmE,tRNA&nbsp;modification&nbsp;GTPase&nbsp;MnmE,89.5
1121015.N789_03965,icmF,Fused&nbsp;isobutyryl-CoA&nbsp;mutase,89.5
1121015.N789_11070,N789_11070,Uncharacterized&nbsp;protein,89.5
1121015.N789_00840,ilvC,Ketol-acid&nbsp;reductoisomerase&nbsp;(NADP(+)),89.4
1121015.N789_11435,nusB,Transcription&nbsp;antitermination&nbsp;protein&nbsp;NusB,89.3
1121015.N789_03445,N789_03445,Uncharacterized&nbsp;protein,89.3
1121015.N789_00985,asnS,Asparagine--tRNA&nbsp;ligase,89.3
1121015.N789_01120,N789_01120,Uncharacterized&nbsp;protein,89.2
1121015.N789_01860,minC,Probable&nbsp;septum&nbsp;site-determining&nbsp;protein&nbsp;MinC,89.2
1121015.N789_11200,N789_11200,Uncharacterized&nbsp;protein,89.2
1121015.N789_01535,infB,Translation&nbsp;initiation&nbsp;factor&nbsp;IF-2,89.1
1121015.N789_11720,trpC,Indole-3-glycerol&nbsp;phosphate&nbsp;synthase,89.1
1121015.N789_13285,rsgA,Small&nbsp;ribosomal&nbsp;subunit&nbsp;biogenesis&nbsp;GTPase&nbsp;RsgA,89.0
1121015.N789_12495,N789_12495,Uncharacterized&nbsp;protein,89.0
1121015.N789_04070,N789_04070,Uncharacterized&nbsp;protein,89.0
1121015.N789_13640,N789_13640,Uncharacterized&nbsp;protein,89.0
1121015.N789_08270,N789_08270,Uncharacterized&nbsp;protein,89.0
1121015.N789_07100,tdk,Thymidine&nbsp;kinase,89.0
1121015.N789_14605,rplJ,50S&nbsp;ribosomal&nbsp;protein&nbsp;L10,88.9
1121015.N789_10600,lipB,Octanoyltransferase,88.9
1121015.N789_09775,rimK,Probable&nbsp;alpha-L-glutamate&nbsp;ligase,88.9
1121015.N789_05950,N789_05950,Uncharacterized&nbsp;protein,88.9
1121015.N789_13430,N789_13430,2-oxoisovalerate&nbsp;dehydrogenase&nbsp;subunit&nbsp;beta,88.8
1121015.N789_07375,N789_07375,Uncharacterized&nbsp;protein,88.8
1121015.N789_02460,N789_02460,Uncharacterized&nbsp;protein,88.8
1121015.N789_11010,N789_11010,Uncharacterized&nbsp;protein,88.8
1121015.N789_06710,N789_06710,Uncharacterized&nbsp;protein,88.8
1121015.N789_06210,rpsE,30S&nbsp;ribosomal&nbsp;protein&nbsp;S5,88.7
1121015.N789_05800,xseB,Exodeoxyribonuclease&nbsp;7&nbsp;small&nbsp;subunit,88.7
1121015.N789_12550,fabG,3-ketoacyl-ACP&nbsp;reductase,88.6
1121015.N789_12405,N789_12405,Uncharacterized&nbsp;protein,88.6
1121015.N789_12210,N789_12210,Acyl-CoA&nbsp;dehydrogenase,88.6
1121015.N789_10515,N789_10515,Vitamin&nbsp;B12-dependent&nbsp;ribonucleotide&nbsp;reductase,88.6
1121015.N789_04505,dcd,dCTP&nbsp;deaminase,88.5
1121015.N789_00405,mnmA,tRNA-specific&nbsp;2-thiouridylase&nbsp;MnmA,88.5
1121015.N789_06760,N789_06760,Uncharacterized&nbsp;protein,88.5
1121015.N789_08655,N789_08655,Asparaginase,88.5
1121015.N789_01540,nusA,Transcription&nbsp;termination/antitermination&nbsp;protein&nbsp;NusA,88.4
1121015.N789_11455,N789_11455,Riboflavin&nbsp;biosynthesis&nbsp;protein&nbsp;RibD,88.4
1121015.N789_07025,N789_07025,Uncharacterized&nbsp;protein,88.4
1121015.N789_08150,recD,RecBCD&nbsp;enzyme&nbsp;subunit&nbsp;RecD,88.4
1121015.N789_00830,leuB,3-isopropylmalate&nbsp;dehydrogenase,88.3
1121015.N789_12220,N789_12220,Uncharacterized&nbsp;protein,88.2
1121015.N789_11680,rpsI,30S&nbsp;ribosomal&nbsp;protein&nbsp;S9,88.1
1121015.N789_11955,N789_11955,Uncharacterized&nbsp;protein,88.0
1121015.N789_06795,N789_06795,Uncharacterized&nbsp;protein,88.0
1121015.N789_05520,rnt,Ribonuclease&nbsp;T,88.0
1121015.N789_12625,N789_12625,Uncharacterized&nbsp;protein,88.0
1121015.N789_02745,rpmI,50S&nbsp;ribosomal&nbsp;protein&nbsp;L35,88.0
1121015.N789_07665,N789_07665,Uncharacterized&nbsp;protein,88.0
1121015.N789_09435,rpsU,30S&nbsp;ribosomal&nbsp;protein&nbsp;S21,88.0
1121015.N789_08250,N789_08250,Isocitrate&nbsp;dehydrogenase&nbsp;[NADP],88.0
1121015.N789_04635,N789_04635,Uncharacterized&nbsp;protein,87.9
1121015.N789_12370,N789_12370,Uncharacterized&nbsp;protein,87.9
1121015.N789_14585,rpsL,30S&nbsp;ribosomal&nbsp;protein&nbsp;S12,87.9
1121015.N789_03780,N789_03780,Uncharacterized&nbsp;protein,87.9
1121015.N789_06550,topA,DNA&nbsp;topoisomerase&nbsp;1,87.8
1121015.N789_05480,pstB,Phosphate&nbsp;import&nbsp;ATP-binding&nbsp;protein&nbsp;PstB,87.7
1121015.N789_01115,N789_01115,Spermidine/putrescine&nbsp;ABC&nbsp;transporter&nbsp;permease,87.7
1121015.N789_13335,N789_13335,Succinyl-CoA:3-ketoacid-CoA&nbsp;transferase,87.7
1121015.N789_11425,N789_11425,Phosphatidylglycerophosphatase&nbsp;A,87.7
1121015.N789_02970,N789_02970,Uncharacterized&nbsp;protein,87.6
1121015.N789_11465,nrdR,Transcriptional&nbsp;repressor&nbsp;NrdR,87.5
1121015.N789_09875,N789_09875,Fructose-bisphosphate&nbsp;aldolase,87.5
1121015.N789_13325,N789_13325,Uncharacterized&nbsp;protein,87.5
1121015.N789_06805,N789_06805,Uncharacterized&nbsp;protein,87.5
1121015.N789_10385,N789_10385,Uncharacterized&nbsp;protein,87.4
1121015.N789_11450,N789_11450,Uncharacterized&nbsp;protein,87.4
1121015.N789_13575,atpC,ATP&nbsp;synthase&nbsp;epsilon&nbsp;chain,87.4
1121015.N789_01610,nuoC,NADH-quinone&nbsp;oxidoreductase&nbsp;subunit&nbsp;C,87.3
1121015.N789_13500,N789_13500,Uncharacterized&nbsp;protein,87.2
1121015.N789_03330,N789_03330,Uncharacterized&nbsp;protein,87.2
1121015.N789_03400,N789_03400,Uncharacterized&nbsp;protein,87.2
1121015.N789_07810,glyS,Glycine--tRNA&nbsp;ligase&nbsp;beta&nbsp;subunit,87.2
1121015.N789_10050,rpoZ,DNA-directed&nbsp;RNA&nbsp;polymerase&nbsp;subunit&nbsp;omega,87.2
1121015.N789_06515,N789_06515,Uncharacterized&nbsp;protein,87.1
1121015.N789_07285,N789_07285,Uncharacterized&nbsp;protein,87.1
1121015.N789_13685,N789_13685,"6-carboxy-5,6,7,8-tetrahydropterin&nbsp;synthase",87.1
1121015.N789_14385,N789_14385,Catalyzes&nbsp;the&nbsp;hydrolysis&nbsp;of&nbsp;AMP&nbsp;to&nbsp;form&nbsp;adenine&nbsp;and&nbsp;ribose&nbsp;5-phosphate&nbsp;using&nbsp;water&nbsp;as&nbsp;the&nbsp;nucleophile,87.1
1121015.N789_06255,rpmC,50S&nbsp;ribosomal&nbsp;protein&nbsp;L29,87.0
1121015.N789_13765,purD,Phosphoribosylamine--glycine&nbsp;ligase,87.0
1121015.N789_07205,N789_07205,Uncharacterized&nbsp;protein,87.0
1121015.N789_02920,N789_02920,Uncharacterized&nbsp;protein,86.9
1121015.N789_05465,N789_05465,Phosphate-binding&nbsp;protein&nbsp;PstS,86.9
1121015.N789_12755,N789_12755,Uncharacterized&nbsp;protein,86.8
1121015.N789_02895,N789_02895,Ubiquinol-cytochrome&nbsp;c&nbsp;reductase&nbsp;iron-sulfur&nbsp;subunit,86.8
1121015.N789_09550,N789_09550,Uncharacterized&nbsp;protein,86.8
1121015.N789_01600,N789_01600,NADH&nbsp;dehydrogenase&nbsp;subunit&nbsp;E,86.7
1121015.N789_10445,N789_10445,Uncharacterized&nbsp;protein,86.6
1121015.N789_04595,pcnB,Poly(A)&nbsp;polymerase&nbsp;I,86.6
1121015.N789_10145,proS,Proline--tRNA&nbsp;ligase,86.6
1121015.N789_05055,kdkA,3-deoxy-D-manno-octulosonic&nbsp;acid&nbsp;kinase,86.5
1121015.N789_08730,N789_08730,Uncharacterized&nbsp;protein,86.5
1121015.N789_03195,N789_03195,Octaprenyl-diphosphate&nbsp;synthase,86.5
1121015.N789_04025,N789_04025,Isovaleryl-CoA&nbsp;dehydrogenase,86.4
1121015.N789_08395,N789_08395,Uncharacterized&nbsp;protein,86.4
1121015.N789_09855,N789_09855,Uncharacterized&nbsp;protein,86.3
1121015.N789_07855,N789_07855,Uncharacterized&nbsp;protein,86.3
1121015.N789_04320,N789_04320,Uncharacterized&nbsp;protein,86.3
1121015.N789_08830,glnS,Glutamine--tRNA&nbsp;ligase,86.2
1121015.N789_07090,N789_07090,Uncharacterized&nbsp;protein,86.2
1121015.N789_04315,xseA,Exodeoxyribonuclease&nbsp;7&nbsp;large&nbsp;subunit,86.1
1121015.N789_04750,N789_04750,Uncharacterized&nbsp;protein,86.1
1121015.N789_10435,N789_10435,Uncharacterized&nbsp;protein,86.0
1121015.N789_08740,N789_08740,Proline&nbsp;iminopeptidase,85.9
1121015.N789_07360,N789_07360,Uncharacterized&nbsp;protein,85.9
1121015.N789_06780,N789_06780,Uncharacterized&nbsp;protein,85.9
1121015.N789_04555,N789_04555,Uncharacterized&nbsp;protein,85.8
1121015.N789_09985,N789_09985,Uncharacterized&nbsp;protein,85.7
1121015.N789_13960,N789_13960,Uncharacterized&nbsp;protein,85.7
1121015.N789_01160,N789_01160,Uncharacterized&nbsp;protein,85.7
1121015.N789_01810,N789_01810,Uncharacterized&nbsp;protein,85.7
1121015.N789_06105,prpB,2-methylisocitrate&nbsp;lyase,85.6
1121015.N789_10030,N789_10030,Uncharacterized&nbsp;protein,85.6
1121015.N789_10990,N789_10990,Uncharacterized&nbsp;protein,85.4
1121015.N789_03455,N789_03455,Uncharacterized&nbsp;protein,85.4
1121015.N789_00120,N789_00120,Uncharacterized&nbsp;protein,85.4
1121015.N789_02535,N789_02535,Uncharacterized&nbsp;protein,85.4
1121015.N789_08005,N789_08005,Uncharacterized&nbsp;protein,85.4
1121015.N789_06950,N789_06950,Uncharacterized&nbsp;protein,85.3
1121015.N789_04145,mtnD,Acireductone&nbsp;dioxygenase,85.3
1121015.N789_06655,cysH,Phosphoadenosine&nbsp;phosphosulfate&nbsp;reductase,85.1
1121015.N789_11420,N789_11420,Uncharacterized&nbsp;protein,85.1
1121015.N789_11660,N789_11660,Uncharacterized&nbsp;protein,85.1
1121015.N789_11735,N789_11735,Anthranilate&nbsp;synthase&nbsp;subunit&nbsp;II,85.1
1121015.N789_08380,N789_08380,Uncharacterized&nbsp;protein,85.0
1121015.N789_13630,glmS,Glutamine--fructose-6-phosphate&nbsp;aminotransferase&nbsp;[isomerizing],85.0
1121015.N789_11445,ribB,"3,4-dihydroxy-2-butanone&nbsp;4-phosphate&nbsp;synthase",84.9
1121015.N789_08520,pyrE,Orotate&nbsp;phosphoribosyltransferase,84.9
1121015.N789_00440,N789_00440,Uncharacterized&nbsp;protein,84.9
1121015.N789_03425,N789_03425,NAD&nbsp;dependent&nbsp;epimerase/dehydratase,84.8
1121015.N789_04095,N789_04095,Hydroxymethylglutaryl-CoA&nbsp;lyase,84.7
1121015.N789_07320,N789_07320,Uncharacterized&nbsp;protein,84.7
1121015.N789_00435,N789_00435,Uncharacterized&nbsp;protein,84.7
1121015.N789_09385,N789_09385,Uncharacterized&nbsp;protein,84.6
1121015.N789_09905,N789_09905,Uncharacterized&nbsp;protein,84.6
1121015.N789_10720,N789_10720,Uncharacterized&nbsp;protein,84.5
1121015.N789_14590,rpoC,DNA-directed&nbsp;RNA&nbsp;polymerase&nbsp;subunit&nbsp;beta',84.5
1121015.N789_00920,N789_00920,Uncharacterized&nbsp;protein,84.4
1121015.N789_03245,N789_03245,Uncharacterized&nbsp;protein,84.4
1121015.N789_08060,N789_08060,Uncharacterized&nbsp;protein,84.4
1121015.N789_06215,rplR,50S&nbsp;ribosomal&nbsp;protein&nbsp;L18,84.3
1121015.N789_10650,N789_10650,Rod&nbsp;shape-determining&nbsp;protein&nbsp;MreD,84.3
1121015.N789_03235,N789_03235,Uncharacterized&nbsp;protein,84.2
1121015.N789_01300,mtnA,Methylthioribose-1-phosphate&nbsp;isomerase,84.2
1121015.N789_03000,N789_03000,Uncharacterized&nbsp;protein,84.2
1121015.N789_09295,N789_09295,Uncharacterized&nbsp;protein,84.2
1121015.N789_07180,secB,Protein-export&nbsp;protein&nbsp;SecB,84.1
1121015.N789_09450,N789_09450,Uncharacterized&nbsp;protein,84.1
1121015.N789_13970,ppa,Inorganic&nbsp;pyrophosphatase,84.1
1121015.N789_06675,N789_06675,Uncharacterized&nbsp;protein,84.0
1121015.N789_06525,def,Peptide&nbsp;deformylase,84.0
1121015.N789_05040,N789_05040,Uncharacterized&nbsp;protein,83.9
1121015.N789_01575,N789_01575,Uncharacterized&nbsp;protein,83.9
1121015.N789_05020,dnaX,DNA&nbsp;polymerase&nbsp;III&nbsp;subunit&nbsp;gamma/tau,83.9
1121015.N789_08235,N789_08235,Uncharacterized&nbsp;protein,83.9
1121015.N789_12185,N789_12185,ThiF&nbsp;domain-containing&nbsp;protein,83.9
1121015.N789_12620,N789_12620,Uncharacterized&nbsp;protein,83.8
1121015.N789_10810,N789_10810,Glyoxalase,83.8
1121015.N789_07895,N789_07895,Uncharacterized&nbsp;protein,83.8
1121015.N789_08585,prs,Ribose-phosphate&nbsp;pyrophosphokinase,83.8
1121015.N789_06730,N789_06730,Thioredoxin,83.8
1121015.N789_05115,rnhA,Ribonuclease&nbsp;H,83.7
1121015.N789_13925,N789_13925,Uncharacterized&nbsp;protein,83.7
1121015.N789_00790,N789_00790,Uncharacterized&nbsp;protein,83.7
1121015.N789_02020,ispD,2-C-methyl-D-erythritol&nbsp;4-phosphate&nbsp;cytidylyltransferase,83.6
1121015.N789_09070,N789_09070,Uncharacterized&nbsp;protein,83.5
1121015.N789_05720,frr,Ribosome-recycling&nbsp;factor,83.4
1121015.N789_03970,N789_03970,Uncharacterized&nbsp;protein,83.4
1121015.N789_10665,N789_10665,Uncharacterized&nbsp;protein,83.4
1121015.N789_02600,N789_02600,Uncharacterized&nbsp;protein,83.4
1121015.N789_00820,leuC,3-isopropylmalate&nbsp;dehydratase&nbsp;large&nbsp;subunit,83.3
1121015.N789_06610,N789_06610,Uncharacterized&nbsp;protein,83.2
1121015.N789_04550,mutL,DNA&nbsp;mismatch&nbsp;repair&nbsp;protein&nbsp;MutL,83.1
1121015.N789_13065,N789_13065,Uncharacterized&nbsp;protein,83.1
1121015.N789_13045,N789_13045,Uncharacterized&nbsp;protein,83.1
1121015.N789_02965,N789_02965,Coproporphyrinogen-III&nbsp;oxidase,83.0
1121015.N789_10555,N789_10555,Uncharacterized&nbsp;protein,82.9
1121015.N789_00600,N789_00600,Putrescine-binding&nbsp;periplasmic&nbsp;protein,82.9
1121015.N789_02580,N789_02580,Uncharacterized&nbsp;protein,82.8
1121015.N789_04925,N789_04925,Uncharacterized&nbsp;protein,82.8
1121015.N789_07620,gyrB,DNA&nbsp;gyrase&nbsp;subunit&nbsp;B,82.7
1121015.N789_09955,N789_09955,Uncharacterized&nbsp;protein,82.7
1121015.N789_10400,N789_10400,Uncharacterized&nbsp;protein,82.6
1121015.N789_11185,N789_11185,Uncharacterized&nbsp;protein,82.5
1121015.N789_11060,N789_11060,Uncharacterized&nbsp;protein,82.5
1121015.N789_13770,purH,Bifunctional&nbsp;purine&nbsp;biosynthesis&nbsp;protein&nbsp;PurH,82.4
1121015.N789_11950,N789_11950,Uncharacterized&nbsp;protein,82.3
1121015.N789_04590,N789_04590,Uncharacterized&nbsp;protein,82.3
1121015.N789_06205,rpmD,50S&nbsp;ribosomal&nbsp;protein&nbsp;L30,82.3
1121015.N789_01640,N789_01640,Uncharacterized&nbsp;protein,82.2
1121015.N789_13400,N789_13400,4-hydroxyphenylpyruvate&nbsp;dioxygenase,82.1
1121015.N789_01390,N789_01390,Uncharacterized&nbsp;protein,82.0
1121015.N789_03635,N789_03635,Uncharacterized&nbsp;protein,81.9
1121015.N789_04160,N789_04160,Uncharacterized&nbsp;protein,81.8
1121015.N789_04275,N789_04275,Fe/S&nbsp;cluster&nbsp;cysteine&nbsp;desulfuration&nbsp;protein,81.7
1121015.N789_11570,purL,Phosphoribosylformylglycinamidine&nbsp;synthase,81.7
1121015.N789_14610,rplA,50S&nbsp;ribosomal&nbsp;protein&nbsp;L1,81.6
1121015.N789_01970,tsf,Elongation&nbsp;factor&nbsp;Ts,81.6
1121015.N789_01440,N789_01440,Cytochrome&nbsp;c-type&nbsp;biogenesis&nbsp;protein,81.6
1121015.N789_13270,aceE,Pyruvate&nbsp;dehydrogenase&nbsp;E1&nbsp;component,81.5
1121015.N789_05340,N789_05340,Riboflavin&nbsp;biosynthesis&nbsp;protein,81.5
1121015.N789_09515,N789_09515,Uncharacterized&nbsp;protein,81.5
1121015.N789_08835,N789_08835,Uncharacterized&nbsp;protein,81.5
1121015.N789_04200,hisG,ATP&nbsp;phosphoribosyltransferase,81.5
1121015.N789_14040,N789_14040,Rubredoxin,81.4
1121015.N789_10520,N789_10520,Periplasmic&nbsp;serine&nbsp;endoprotease&nbsp;DegP-like,81.4
1121015.N789_06715,N789_06715,Cell&nbsp;division&nbsp;protein&nbsp;FtsX,81.3
1121015.N789_02575,N789_02575,Uncharacterized&nbsp;protein,81.2
1121015.N789_07980,N789_07980,Uncharacterized&nbsp;protein,81.2
1121015.N789_09130,proC,Pyrroline-5-carboxylate&nbsp;reductase,81.2
1121015.N789_00595,potA,Spermidine/putrescine&nbsp;import&nbsp;ATP-binding&nbsp;protein&nbsp;PotA,81.2
1121015.N789_11335,ftsA,Cell&nbsp;division&nbsp;protein&nbsp;FtsA,81.2
1121015.N789_06650,cysI,Sulfite&nbsp;reductase&nbsp;[NADPH]&nbsp;hemoprotein&nbsp;beta-component,81.2
1121015.N789_01725,asd,Aspartate-semialdehyde&nbsp;dehydrogenase,81.1
1121015.N789_00865,N789_00865,Cyanophycin&nbsp;synthetase,81.1
1121015.N789_09055,N789_09055,Protein-glutamate&nbsp;methylesterase,81.1
1121015.N789_11105,ruvC,Crossover&nbsp;junction&nbsp;endodeoxyribonuclease&nbsp;RuvC,81.0
1121015.N789_10200,N789_10200,Electron&nbsp;transfer&nbsp;flavoprotein,81.0
1121015.N789_09620,gcvT,Aminomethyltransferase,81.0
1121015.N789_10025,rpmE2,RpmE2,81.0
1121015.N789_01520,rpsO,30S&nbsp;ribosomal&nbsp;protein&nbsp;S15,81.0
1121015.N789_11630,N789_11630,Uncharacterized&nbsp;protein,81.0
1121015.N789_09460,N789_09460,Uncharacterized&nbsp;protein,81.0
1121015.N789_09060,N789_09060,Uncharacterized&nbsp;protein,80.9
1121015.N789_00750,N789_00750,Uncharacterized&nbsp;protein,80.8
1121015.N789_11250,N789_11250,Uncharacterized&nbsp;protein,80.8
1121015.N789_05785,N789_05785,DNA-directed&nbsp;DNA&nbsp;polymerase,80.8
1121015.N789_13740,N789_13740,Uncharacterized&nbsp;protein,80.8
1121015.N789_08665,N789_08665,Uncharacterized&nbsp;protein,80.7
1121015.N789_10175,N789_10175,Uncharacterized&nbsp;protein,80.7
1121015.N789_12410,guaB,Inosine-5'-monophosphate&nbsp;dehydrogenase,80.5
1121015.N789_00060,bamB,Outer&nbsp;membrane&nbsp;protein&nbsp;assembly&nbsp;factor&nbsp;BamB,80.5
1121015.N789_07625,recF,DNA&nbsp;replication&nbsp;and&nbsp;repair&nbsp;protein&nbsp;RecF,80.4
1121015.N789_06230,rpsN,30S&nbsp;ribosomal&nbsp;protein&nbsp;S14,80.3
1121015.N789_14595,rpoB,DNA-directed&nbsp;RNA&nbsp;polymerase&nbsp;subunit&nbsp;beta,80.3
1121015.N789_03035,N789_03035,Cbb3-type&nbsp;cytochrome&nbsp;c&nbsp;oxidase&nbsp;subunit,80.2
1121015.N789_00675,N789_00675,Dihydroorotase,80.2
1121015.N789_08775,N789_08775,Aminopeptidase,80.2
1121015.N789_01395,N789_01395,Aminotransferase,80.2
1121015.N789_03570,N789_03570,Uncharacterized&nbsp;protein,80.2
1121015.N789_13980,hppA,K(+)-insensitive&nbsp;pyrophosphate-energized&nbsp;proton&nbsp;pump,80.1
1121015.N789_10735,N789_10735,Uncharacterized&nbsp;protein,80.1
1121015.N789_08570,ychF,Ribosome-binding&nbsp;ATPase&nbsp;YchF,80.0
1121015.N789_01570,nuoK,NADH-quinone&nbsp;oxidoreductase&nbsp;subunit&nbsp;K,79.9
1121015.N789_01515,pnp,Polyribonucleotide&nbsp;nucleotidyltransferase,79.9
1121015.N789_06700,ung,Uracil-DNA&nbsp;glycosylase,79.8
1121015.N789_11365,mraY,Phospho-N-acetylmuramoyl-pentapeptide-transferase,79.6
1121015.N789_10595,lipA,Lipoyl&nbsp;synthase,79.6
1121015.N789_13550,atpF,ATP&nbsp;synthase&nbsp;subunit&nbsp;b,79.6
1121015.N789_01965,rpsB,30S&nbsp;ribosomal&nbsp;protein&nbsp;S2,79.5
1121015.N789_01620,nuoA,NADH-quinone&nbsp;oxidoreductase&nbsp;subunit&nbsp;A,79.5
1121015.N789_13540,atpB,ATP&nbsp;synthase&nbsp;subunit&nbsp;a,79.5
1121015.N789_14620,nusG,Transcription&nbsp;termination/antitermination&nbsp;protein&nbsp;NusG,79.4
1121015.N789_12445,N789_12445,Phosphoenolpyruvate&nbsp;synthase,79.4
1121015.N789_06775,N789_06775,Uncharacterized&nbsp;protein,79.3
1121015.N789_08160,recC,RecBCD&nbsp;enzyme&nbsp;subunit&nbsp;RecC,79.3
1121015.N789_00705,N789_00705,Uncharacterized&nbsp;protein,79.3
1121015.N789_12330,N789_12330,Uncharacterized&nbsp;protein,79.3
1121015.N789_05010,recR,Recombination&nbsp;protein&nbsp;RecR,79.2
1121015.N789_14445,N789_14445,Uncharacterized&nbsp;protein,79.2
1121015.N789_12400,N789_12400,Uncharacterized&nbsp;protein,79.1
1121015.N789_03305,N789_03305,Cysteine&nbsp;desulfurase&nbsp;activator&nbsp;complex&nbsp;subunit&nbsp;SufB,79.1
1121015.N789_06845,hemF,Oxygen-dependent&nbsp;coproporphyrinogen-III&nbsp;oxidase,79.0
1121015.N789_10465,N789_10465,Uncharacterized&nbsp;protein,79.0
1121015.N789_00250,N789_00250,Apolipoprotein&nbsp;acyltransferase,79.0
1121015.N789_11700,speD,S-adenosylmethionine&nbsp;decarboxylase&nbsp;proenzyme,79.0
1121015.N789_05790,accA,Acetyl-coenzyme&nbsp;A&nbsp;carboxylase&nbsp;carboxyl&nbsp;transferase&nbsp;subunit&nbsp;alpha,79.0
1121015.N789_05880,lptE,LPS-assembly&nbsp;lipoprotein&nbsp;LptE,79.0
1121015.N789_00975,rpsF,30S&nbsp;ribosomal&nbsp;protein&nbsp;S6,78.9
1121015.N789_11360,ftsW,Probable&nbsp;peptidoglycan&nbsp;glycosyltransferase&nbsp;FtsW,78.9
1121015.N789_10565,N789_10565,ABC&nbsp;transporter,78.9
1121015.N789_02310,N789_02310,Putative&nbsp;glutamate--cysteine&nbsp;ligase&nbsp;2,78.8
1121015.N789_07415,N789_07415,Uncharacterized&nbsp;protein,78.8
1121015.N789_03215,N789_03215,Uncharacterized&nbsp;protein,78.7
1121015.N789_07300,glnA,Forms&nbsp;a&nbsp;homododecamer,78.7
1121015.N789_04440,N789_04440,Uncharacterized&nbsp;protein,78.5
1121015.N789_13675,N789_13675,Uncharacterized&nbsp;protein,78.4
1121015.N789_03140,N789_03140,dTDP-4-dehydrorhamnose&nbsp;reductase,78.4
1121015.N789_05760,lpxA,Acyl-[acyl-carrier-protein]--UDP-N-acetylglucosamine&nbsp;O-acyltransferase,78.4
1121015.N789_12710,N789_12710,Ribulose-phosphate&nbsp;3-epimerase,78.4
1121015.N789_14535,N789_14535,Uncharacterized&nbsp;protein,78.3
1121015.N789_06955,N789_06955,Uncharacterized&nbsp;protein,78.3
1121015.N789_02220,N789_02220,Uncharacterized&nbsp;protein,78.3
1121015.N789_10550,N789_10550,Uncharacterized&nbsp;protein,78.2
1121015.N789_11195,N789_11195,Uncharacterized&nbsp;protein,78.2
1121015.N789_02845,purK,N5-carboxyaminoimidazole&nbsp;ribonucleotide&nbsp;synthase,78.2
1121015.N789_07125,N789_07125,Uncharacterized&nbsp;protein,78.1
1121015.N789_06200,rplO,50S&nbsp;ribosomal&nbsp;protein&nbsp;L15,78.1
1121015.N789_03830,N789_03830,Alkane&nbsp;1-monooxygenase,78.1
1121015.N789_08355,N789_08355,Uncharacterized&nbsp;protein,78.1
1121015.N789_02655,N789_02655,Ribosomal&nbsp;RNA&nbsp;small&nbsp;subunit&nbsp;methyltransferase&nbsp;D,78.1
1121015.N789_06860,N789_06860,Uncharacterized&nbsp;protein,78.0
1121015.N789_04215,N789_04215,Histidine&nbsp;ammonia-lyase,77.9
1121015.N789_09655,N789_09655,Uncharacterized&nbsp;protein,77.8
1121015.N789_11175,sucC,Succinate--CoA&nbsp;ligase&nbsp;[ADP-forming]&nbsp;subunit&nbsp;beta,77.7
1121015.N789_02860,N789_02860,Uncharacterized&nbsp;protein,77.7
1121015.N789_03515,purN,Phosphoribosylglycinamide&nbsp;formyltransferase,77.6
1121015.N789_12575,N789_12575,Uncharacterized&nbsp;protein,77.6
1121015.N789_01260,N789_01260,Uncharacterized&nbsp;protein,77.3
1121015.N789_09995,N789_09995,Uncharacterized&nbsp;protein,77.2
1121015.N789_07630,N789_07630,Beta&nbsp;sliding&nbsp;clamp,77.2
1121015.N789_13710,N789_13710,Uncharacterized&nbsp;protein,77.2
1121015.N789_12610,N789_12610,Uncharacterized&nbsp;protein,77.2
1121015.N789_13635,N789_13635,Cytokinin&nbsp;riboside&nbsp;5'-monophosphate&nbsp;phosphoribohydrolase,77.1
1121015.N789_12700,trpE,Anthranilate&nbsp;synthase&nbsp;component&nbsp;1,77.0
1121015.N789_10945,N789_10945,Uncharacterized&nbsp;protein,77.0
1121015.N789_08480,N789_08480,Uncharacterized&nbsp;protein,77.0
1121015.N789_02415,gltX,Glutamate--tRNA&nbsp;ligase,76.9
1121015.N789_08455,speE,Polyamine&nbsp;aminopropyltransferase,76.8
1121015.N789_10185,N789_10185,Uncharacterized&nbsp;protein,76.8
1121015.N789_01150,N789_01150,Acyl-CoA&nbsp;dehydrogenase,76.8
1121015.N789_02555,secD,Protein&nbsp;translocase&nbsp;subunit&nbsp;SecD,76.7
1121015.N789_04645,N789_04645,Isocitrate&nbsp;dehydrogenase,76.7
1121015.N789_02480,rapA,RNA&nbsp;polymerase-associated&nbsp;protein&nbsp;RapA,76.7
1121015.N789_02455,N789_02455,Uncharacterized&nbsp;protein,76.6
1121015.N789_08625,N789_08625,Uncharacterized&nbsp;protein,76.6
1121015.N789_00700,N789_00700,Uncharacterized&nbsp;protein,76.6
1121015.N789_04170,N789_04170,Imidazole&nbsp;glycerol&nbsp;phosphate&nbsp;synthase,76.6
1121015.N789_08820,N789_08820,Uncharacterized&nbsp;protein,76.5
1121015.N789_10620,N789_10620,S-formylglutathione&nbsp;hydrolase,76.5
1121015.N789_00800,N789_00800,Uncharacterized&nbsp;protein,76.5
1121015.N789_09190,aroK,Shikimate&nbsp;kinase,76.4
1121015.N789_01720,N789_01720,Uncharacterized&nbsp;protein,76.4
1121015.N789_01105,N789_01105,Uncharacterized&nbsp;protein,76.3
1121015.N789_07525,N789_07525,Uncharacterized&nbsp;protein,76.3
1121015.N789_02640,N789_02640,Ferredoxin,76.3
1121015.N789_08290,aceK,Isocitrate&nbsp;dehydrogenase&nbsp;kinase/phosphatase,76.2
1121015.N789_06190,rpsM,30S&nbsp;ribosomal&nbsp;protein&nbsp;S13,76.1
1121015.N789_04715,N789_04715,Uncharacterized&nbsp;protein,76.1
1121015.N789_12350,N789_12350,Uncharacterized&nbsp;protein,76.1
1121015.N789_11065,tolB,Protein&nbsp;TolB,76.1
1121015.N789_02060,N789_02060,Uncharacterized&nbsp;protein,76.0
1121015.N789_02785,N789_02785,Uncharacterized&nbsp;protein,76.0
1121015.N789_11160,bamD,Outer&nbsp;membrane&nbsp;protein&nbsp;assembly&nbsp;factor&nbsp;BamD,76.0
1121015.N789_01410,N789_01410,Heme&nbsp;exporter&nbsp;protein&nbsp;B,75.9
1121015.N789_02465,N789_02465,D-3-phosphoglycerate&nbsp;dehydrogenase,75.8
1121015.N789_00470,carB,Carbamoyl-phosphate&nbsp;synthase&nbsp;large&nbsp;chain,75.7
1121015.N789_04190,N789_04190,Histidinol-phosphate&nbsp;aminotransferase,75.7
1121015.N789_04040,N789_04040,Methylcrotonoyl-CoA&nbsp;carboxylase,75.6
1121015.N789_14430,N789_14430,Uncharacterized&nbsp;protein,75.5
1121015.N789_13600,N789_13600,Uncharacterized&nbsp;protein,75.4
1121015.N789_09820,N789_09820,Uncharacterized&nbsp;protein,75.4
1121015.N789_13700,N789_13700,Uncharacterized&nbsp;protein,75.3
1121015.N789_05350,rpsT,30S&nbsp;ribosomal&nbsp;protein&nbsp;S20,75.3
1121015.N789_04755,N789_04755,Uncharacterized&nbsp;protein,75.3
1121015.N789_05405,N789_05405,Uncharacterized&nbsp;protein,75.3
1121015.N789_02730,pheT,Phenylalanine--tRNA&nbsp;ligase&nbsp;beta&nbsp;subunit,75.3
1121015.N789_00175,N789_00175,Uncharacterized&nbsp;protein,75.2
1121015.N789_07500,N789_07500,Uncharacterized&nbsp;protein,75.2
1121015.N789_06940,aroE,Shikimate&nbsp;dehydrogenase&nbsp;(NADP(+)),75.2
1121015.N789_12945,N789_12945,Uncharacterized&nbsp;protein,75.2
1121015.N789_00385,clpA,ATP-dependent&nbsp;Clp&nbsp;protease&nbsp;ATP-binding&nbsp;protein,75.1
1121015.N789_09245,N789_09245,Serine&nbsp;dehydratase,75.1
1121015.N789_09250,N789_09250,Uncharacterized&nbsp;protein,75.1
1121015.N789_00695,folE2,GTP&nbsp;cyclohydrolase&nbsp;FolE2,75.0
1121015.N789_06260,rplP,50S&nbsp;ribosomal&nbsp;protein&nbsp;L16,74.9
1121015.N789_05060,N789_05060,Uncharacterized&nbsp;protein,74.9
1121015.N789_01245,N789_01245,E3&nbsp;component&nbsp;of&nbsp;2-oxoglutarate&nbsp;dehydrogenase&nbsp;complex,74.8
1121015.N789_04450,N789_04450,RNA&nbsp;polymerase&nbsp;sigma&nbsp;factor,74.8
1121015.N789_04085,N789_04085,Uncharacterized&nbsp;protein,74.8
1121015.N789_05475,N789_05475,Phosphate&nbsp;transport&nbsp;system&nbsp;permease&nbsp;protein&nbsp;PstA,74.8
1121015.N789_04150,mtnC,Enolase-phosphatase&nbsp;E1,74.6
1121015.N789_02435,N789_02435,Uncharacterized&nbsp;protein,74.6
1121015.N789_13510,N789_13510,Uncharacterized&nbsp;protein,74.6
1121015.N789_06245,rplN,50S&nbsp;ribosomal&nbsp;protein&nbsp;L14,74.6
1121015.N789_08630,N789_08630,Acylphosphatase,74.6
1121015.N789_00490,dnaK,Chaperone&nbsp;protein&nbsp;DnaK,74.5
1121015.N789_10480,N789_10480,Uncharacterized&nbsp;protein,74.5
1121015.N789_04185,hisB,Histidine&nbsp;biosynthesis&nbsp;bifunctional&nbsp;protein&nbsp;HisB,74.4
1121015.N789_07575,N789_07575,Uncharacterized&nbsp;protein,74.4
1121015.N789_06475,N789_06475,Uncharacterized&nbsp;protein,74.4
1121015.N789_07400,N789_07400,Uncharacterized&nbsp;protein,74.4
1121015.N789_05725,uppS,"Ditrans,polycis-undecaprenyl-diphosphate&nbsp;synthase&nbsp;((2E,6E)-farnesyl-diphosphate&nbsp;specific)",74.3
1121015.N789_05165,clpX,ATP-dependent&nbsp;Clp&nbsp;protease&nbsp;ATP-binding&nbsp;subunit&nbsp;ClpX,74.3
1121015.N789_04445,N789_04445,Uncharacterized&nbsp;protein,74.2
1121015.N789_03320,N789_03320,Cysteine&nbsp;desulfurase,74.2
1121015.N789_08145,N789_08145,Uncharacterized&nbsp;protein,74.2
1121015.N789_13205,N789_13205,Uncharacterized&nbsp;protein,74.1
1121015.N789_01220,N789_01220,Adenylosuccinate&nbsp;lyase,74.1
1121015.N789_08435,N789_08435,Ammonium&nbsp;transporter,74.0
1121015.N789_13155,N789_13155,Uncharacterized&nbsp;protein,74.0
1121015.N789_12225,N789_12225,MFS&nbsp;transporter,74.0
1121015.N789_14035,thiE,Thiamine-phosphate&nbsp;synthase,74.0
1121015.N789_04075,N789_04075,Uncharacterized&nbsp;protein,74.0
1121015.N789_07970,N789_07970,Uncharacterized&nbsp;protein,73.9
1121015.N789_03145,N789_03145,"dTDP-4-dehydrorhamnose&nbsp;3,5-epimerase",73.9
1121015.N789_01565,N789_01565,Uncharacterized&nbsp;protein,73.9
1121015.N789_11715,N789_11715,Histidine&nbsp;kinase,73.9
1121015.N789_02710,N789_02710,Uncharacterized&nbsp;protein,73.9
1121015.N789_06630,N789_06630,Homoserine&nbsp;dehydrogenase,73.9
1121015.N789_01980,N789_01980,Uncharacterized&nbsp;protein,73.8
1121015.N789_11685,rplM,50S&nbsp;ribosomal&nbsp;protein&nbsp;L13,73.8
1121015.N789_12325,uvrC,UvrABC&nbsp;system&nbsp;protein&nbsp;C,73.8
1121015.N789_02290,N789_02290,Uncharacterized&nbsp;protein,73.8
1121015.N789_14615,rplK,50S&nbsp;ribosomal&nbsp;protein&nbsp;L11,73.8
1121015.N789_11580,xerD,Tyrosine&nbsp;recombinase&nbsp;XerD,73.7
1121015.N789_04950,fabH,3-oxoacyl-[acyl-carrier-protein]&nbsp;synthase&nbsp;3,73.7
1121015.N789_01490,N789_01490,Uncharacterized&nbsp;protein,73.6
1121015.N789_01315,N789_01315,Uncharacterized&nbsp;protein,73.6
1121015.N789_13995,adk,Adenylate&nbsp;kinase,73.6
1121015.N789_11575,N789_11575,Thiol:disulfide&nbsp;interchange&nbsp;protein,73.5
1121015.N789_04610,N789_04610,Uncharacterized&nbsp;protein,73.5
1121015.N789_02885,N789_02885,Uncharacterized&nbsp;protein,73.5
1121015.N789_06635,N789_06635,Catalyzes&nbsp;the&nbsp;formation&nbsp;of&nbsp;cystathionine&nbsp;from&nbsp;L-cysteine&nbsp;and&nbsp;O-succinyl-L-homoserine,73.4
1121015.N789_01915,N789_01915,Uncharacterized&nbsp;protein,73.4
1121015.N789_07410,N789_07410,Uncharacterized&nbsp;protein,73.4
1121015.N789_12845,dinB,DNA&nbsp;polymerase&nbsp;IV,73.2
1121015.N789_08000,N789_08000,Uncharacterized&nbsp;protein,73.0
1121015.N789_10375,N789_10375,Beta-lactamase,73.0
1121015.N789_01690,trpB,Tryptophan&nbsp;synthase&nbsp;beta&nbsp;chain,72.9
1121015.N789_12705,N789_12705,4-hydroxy-4-methyl-2-oxoglutarate&nbsp;aldolase,72.9
1121015.N789_08815,N789_08815,Uncharacterized&nbsp;protein,72.9
1121015.N789_04775,fdhD,Sulfur&nbsp;carrier&nbsp;protein&nbsp;FdhD,72.9
1121015.N789_00945,N789_00945,Alanine&nbsp;racemase,72.9
1121015.N789_01335,smc,Chromosome&nbsp;partition&nbsp;protein&nbsp;Smc,72.8
1121015.N789_13715,N789_13715,Uncharacterized&nbsp;protein,72.8
1121015.N789_01845,N789_01845,LuxR&nbsp;family&nbsp;transcriptional&nbsp;regulator,72.8
1121015.N789_09370,N789_09370,Cytochrome&nbsp;c&nbsp;oxidase&nbsp;subunit&nbsp;2,72.7
1121015.N789_04065,N789_04065,Uncharacterized&nbsp;protein,72.7
1121015.N789_03020,N789_03020,Cytochrome&nbsp;oxidase&nbsp;subunit&nbsp;I,72.7
1121015.N789_06015,tdh,L-threonine&nbsp;3-dehydrogenase,72.7
1121015.N789_11385,ftsL,Cell&nbsp;division&nbsp;protein&nbsp;FtsL,72.6
1121015.N789_04945,N789_04945,Malonyl&nbsp;CoA-acyl&nbsp;carrier&nbsp;protein&nbsp;transacylase,72.5
1121015.N789_04695,N789_04695,Uncharacterized&nbsp;protein,72.4
1121015.N789_11215,N789_11215,"dTDP-4-dehydrorhamnose&nbsp;3,5-epimerase",72.4
1121015.N789_01435,N789_01435,Uncharacterized&nbsp;protein,72.3
1121015.N789_09840,N789_09840,Uncharacterized&nbsp;protein,72.3
1121015.N789_11180,N789_11180,Uncharacterized&nbsp;protein,72.3
1121015.N789_00285,N789_00285,Uncharacterized&nbsp;protein,72.2
1121015.N789_00845,N789_00845,Acetolactate&nbsp;synthase,72.1
1121015.N789_04360,N789_04360,Uncharacterized&nbsp;protein,72.1
1121015.N789_07640,rpmH,50S&nbsp;ribosomal&nbsp;protein&nbsp;L34,72.0
1121015.N789_01250,N789_01250,Uncharacterized&nbsp;protein,72.0
1121015.N789_02445,purF,Amidophosphoribosyltransferase,71.9
1121015.N789_13315,N789_13315,Electron&nbsp;transfer&nbsp;flavoprotein&nbsp;subunit&nbsp;beta,71.9
1121015.N789_08990,N789_08990,Uncharacterized&nbsp;protein,71.9
1121015.N789_07965,N789_07965,Uncharacterized&nbsp;protein,71.9
1121015.N789_14600,rplL,50S&nbsp;ribosomal&nbsp;protein&nbsp;L7/L12,71.8
1121015.N789_00620,N789_00620,Uncharacterized&nbsp;protein,71.8
1121015.N789_09000,N789_09000,XRE&nbsp;family&nbsp;transcriptional&nbsp;regulator,71.8
1121015.N789_00825,leuD,3-isopropylmalate&nbsp;dehydratase&nbsp;small&nbsp;subunit,71.8
1121015.N789_01580,nuoI,NADH-quinone&nbsp;oxidoreductase&nbsp;subunit&nbsp;I,71.7
1121015.N789_01050,N789_01050,Derived&nbsp;by&nbsp;automated&nbsp;computational&nbsp;analysis&nbsp;using&nbsp;gene&nbsp;prediction&nbsp;method:&nbsp;GeneMarkS+,71.6
1121015.N789_04355,N789_04355,Probable&nbsp;6-oxopurine&nbsp;nucleoside&nbsp;phosphorylase,71.6
1121015.N789_09585,N789_09585,Uncharacterized&nbsp;protein,71.4
1121015.N789_06195,secY,Protein&nbsp;translocase&nbsp;subunit&nbsp;SecY,71.4
1121015.N789_06175,rpoA,DNA-directed&nbsp;RNA&nbsp;polymerase&nbsp;subunit&nbsp;alpha,71.4
1121015.N789_09735,ahcY,Adenosylhomocysteinase,71.3
1121015.N789_05470,N789_05470,Phosphate&nbsp;transport&nbsp;system&nbsp;permease&nbsp;protein,71.3
1121015.N789_08855,N789_08855,Uncharacterized&nbsp;protein,71.3
1121015.N789_02660,ftsY,Signal&nbsp;recognition&nbsp;particle&nbsp;receptor&nbsp;FtsY,71.3
1121015.N789_05035,N789_05035,Uncharacterized&nbsp;protein,71.2
1121015.N789_11605,pepA,Probable&nbsp;cytosol&nbsp;aminopeptidase,71.2
1121015.N789_00415,N789_00415,Aconitate&nbsp;hydratase,71.2
1121015.N789_04230,argH,Argininosuccinate&nbsp;lyase,71.1
1121015.N789_09695,metK,S-adenosylmethionine&nbsp;synthase,71.0
1121015.N789_00815,N789_00815,Branched-chain-amino-acid&nbsp;aminotransferase,70.8
1121015.N789_12100,N789_12100,Uncharacterized&nbsp;protein,70.8
1121015.N789_00155,aroA,3-phosphoshikimate&nbsp;1-carboxyvinyltransferase,70.8
1121015.N789_00180,msrP,Protein-methionine-sulfoxide&nbsp;reductase&nbsp;catalytic&nbsp;subunit&nbsp;MsrP,70.8
1121015.N789_13395,hmgA,"Homogentisate&nbsp;1,2-dioxygenase",70.8
1121015.N789_05875,N789_05875,Uncharacterized&nbsp;protein,70.8
1121015.N789_04580,panC,Pantothenate&nbsp;synthetase,70.7
1121015.N789_01590,N789_01590,NADH-quinone&nbsp;oxidoreductase,70.7
1121015.N789_08465,N789_08465,Uncharacterized&nbsp;protein,70.7
1121015.N789_00485,dnaJ,Chaperone&nbsp;protein&nbsp;DnaJ,70.7
1121015.N789_13555,atpH,ATP&nbsp;synthase&nbsp;subunit&nbsp;delta,70.6
1121015.N789_00805,N789_00805,Uncharacterized&nbsp;protein,70.6
1121015.N789_06270,rplV,50S&nbsp;ribosomal&nbsp;protein&nbsp;L22,70.2
1121015.N789_11345,ddl,D-alanine--D-alanine&nbsp;ligase,70.2
1121015.N789_09760,N789_09760,Branched-chain-amino-acid&nbsp;aminotransferase,70.1
1121015.N789_01870,minE,Cell&nbsp;division&nbsp;topological&nbsp;specificity&nbsp;factor,70.1
1121015.N789_05125,gloB,Hydroxyacylglutathione&nbsp;hydrolase,70.0
1121015.N789_12090,N789_12090,Uncharacterized&nbsp;protein,69.8
1121015.N789_13830,groEL,60&nbsp;kDa&nbsp;chaperonin,69.8
1121015.N789_11415,N789_11415,Uncharacterized&nbsp;protein,69.8
1121015.N789_03500,N789_03500,Uncharacterized&nbsp;protein,69.8
1121015.N789_06425,N789_06425,Uncharacterized&nbsp;protein,69.8
1121015.N789_04295,N789_04295,Omega&nbsp;amino&nbsp;acid--pyruvate&nbsp;aminotransferase,69.6
1121015.N789_00380,infA,Translation&nbsp;initiation&nbsp;factor&nbsp;IF-1,69.6
1121015.N789_07610,N789_07610,Uncharacterized&nbsp;protein,69.5
1121015.N789_01110,N789_01110,Uncharacterized&nbsp;protein,69.5
1121015.N789_09065,N789_09065,Uncharacterized&nbsp;protein,69.5
1121015.N789_04460,N789_04460,Uncharacterized&nbsp;protein,69.5
1121015.N789_04680,ppk,Polyphosphate&nbsp;kinase,69.4
1121015.N789_06100,N789_06100,Citrate&nbsp;synthase,69.4
1121015.N789_12085,N789_12085,Uncharacterized&nbsp;protein,69.3
1121015.N789_14625,secE,Protein&nbsp;translocase&nbsp;subunit&nbsp;SecE,69.3
1121015.N789_08385,N789_08385,Uncharacterized&nbsp;protein,69.3
1121015.N789_02390,N789_02390,Uncharacterized&nbsp;protein,69.3
1121015.N789_04385,N789_04385,Uncharacterized&nbsp;protein,69.3
1121015.N789_00950,N789_00950,Uncharacterized&nbsp;protein,69.3
1121015.N789_05395,N789_05395,Uncharacterized&nbsp;protein,69.3
1121015.N789_01235,N789_01235,Uncharacterized&nbsp;protein,69.1
1121015.N789_10280,N789_10280,Uncharacterized&nbsp;protein,69.0
1121015.N789_08285,N789_08285,Uncharacterized&nbsp;protein,68.9
1121015.N789_04010,N789_04010,Uncharacterized&nbsp;protein,68.9
1121015.N789_07385,N789_07385,Uncharacterized&nbsp;protein,68.8
1121015.N789_04525,metG,Methionine--tRNA&nbsp;ligase,68.8
1121015.N789_05700,metN,Methionine&nbsp;import&nbsp;ATP-binding&nbsp;protein&nbsp;MetN,68.8
1121015.N789_05235,recA,Protein&nbsp;RecA,68.8
1121015.N789_12280,N789_12280,Uncharacterized&nbsp;protein,68.7
1121015.N789_09845,N789_09845,Uncharacterized&nbsp;protein,68.7
1121015.N789_01680,trpA,Tryptophan&nbsp;synthase&nbsp;alpha&nbsp;chain,68.6
1121015.N789_12435,N789_12435,Uncharacterized&nbsp;protein,68.6
1121015.N789_09090,pyrB,Aspartate&nbsp;carbamoyltransferase,68.5
1121015.N789_06315,N789_06315,Uncharacterized&nbsp;protein,68.5
1121015.N789_01670,glmM,Phosphoglucosamine&nbsp;mutase,68.4
1121015.N789_01635,tpiA,Triosephosphate&nbsp;isomerase,68.4
1121015.N789_06695,cysC,Multifunctional&nbsp;fusion&nbsp;protein,68.4
1121015.N789_06090,N789_06090,Uncharacterized&nbsp;protein,68.3
1121015.N789_09965,N789_09965,Uncharacterized&nbsp;protein,68.3
1121015.N789_08985,N789_08985,ABC&nbsp;transporter,68.2
1121015.N789_07785,tatC,Sec-independent&nbsp;protein&nbsp;translocase&nbsp;protein&nbsp;TatC,68.2
1121015.N789_07670,N789_07670,ABC&nbsp;transporter&nbsp;ATP-binding&nbsp;protein,68.1
1121015.N789_04585,panB,3-methyl-2-oxobutanoate&nbsp;hydroxymethyltransferase,68.0
1121015.N789_05540,rnr,Ribonuclease&nbsp;R,68.0
1121015.N789_02115,deaD,ATP-dependent&nbsp;RNA&nbsp;helicase&nbsp;DeaD,67.9
1121015.N789_06320,gpmI,"2,3-bisphosphoglycerate-independent&nbsp;phosphoglycerate&nbsp;mutase",67.9
1121015.N789_02890,N789_02890,Cytochrome&nbsp;b,67.8
1121015.N789_06645,N789_06645,Sulfite&nbsp;reductase&nbsp;[NADPH]&nbsp;flavoprotein&nbsp;alpha-component,67.8
1121015.N789_03485,N789_03485,Uncharacterized&nbsp;protein,67.7
1121015.N789_00365,N789_00365,Thioredoxin&nbsp;reductase,67.7
1121015.N789_08925,thyA,Thymidylate&nbsp;synthase,67.7
1121015.N789_01145,N789_01145,Uncharacterized&nbsp;protein,67.6
1121015.N789_08610,prfA,Peptide&nbsp;chain&nbsp;release&nbsp;factor&nbsp;1,67.6
1121015.N789_08550,tyrS,Tyrosine--tRNA&nbsp;ligase,67.6
1121015.N789_10300,N789_10300,Uncharacterized&nbsp;protein,67.5
1121015.N789_06295,rplC,50S&nbsp;ribosomal&nbsp;protein&nbsp;L3,67.5
1121015.N789_12315,kdsB,3-deoxy-manno-octulosonate&nbsp;cytidylyltransferase,67.5
1121015.N789_00140,himD,Integration&nbsp;host&nbsp;factor&nbsp;subunit&nbsp;beta,67.4
1121015.N789_11515,N789_11515,Uncharacterized&nbsp;protein,67.4
1121015.N789_00810,leuA,2-isopropylmalate&nbsp;synthase,67.4
1121015.N789_02025,ftsB,Cell&nbsp;division&nbsp;protein&nbsp;FtsB,67.4
1121015.N789_00190,N789_00190,Uncharacterized&nbsp;protein,67.3
1121015.N789_04390,N789_04390,Uncharacterized&nbsp;protein,67.2
1121015.N789_00475,carA,Carbamoyl-phosphate&nbsp;synthase&nbsp;small&nbsp;chain,67.0
1121015.N789_09980,N789_09980,Uncharacterized&nbsp;protein,67.0
1121015.N789_08770,N789_08770,Uncharacterized&nbsp;protein,66.9
1121015.N789_07290,N789_07290,Uncharacterized&nbsp;protein,66.9
1121015.N789_06185,rpsK,30S&nbsp;ribosomal&nbsp;protein&nbsp;S11,66.7
1121015.N789_11695,coq7,"2-nonaprenyl-3-methyl-6-methoxy-1,4-benzoquinol&nbsp;hydroxylase",66.6
1121015.N789_01130,N789_01130,Uncharacterized&nbsp;protein,66.6
1121015.N789_08195,N789_08195,Uncharacterized&nbsp;protein,66.5
1121015.N789_03160,N789_03160,Single-stranded&nbsp;DNA-binding&nbsp;protein,66.5
1121015.N789_07760,N789_07760,Uncharacterized&nbsp;protein,66.4
1121015.N789_07815,N789_07815,Uncharacterized&nbsp;protein,66.3
1121015.N789_14455,N789_14455,Uncharacterized&nbsp;protein,66.3
1121015.N789_01865,N789_01865,Site-determining&nbsp;protein,66.2
1121015.N789_11100,ruvA,Holliday&nbsp;junction&nbsp;ATP-dependent&nbsp;DNA&nbsp;helicase&nbsp;RuvA,66.2
1121015.N789_13310,N789_13310,Electron&nbsp;transfer&nbsp;flavoprotein&nbsp;subunit&nbsp;beta,66.1
1121015.N789_05805,N789_05805,Uncharacterized&nbsp;protein,66.1
1121015.N789_10995,N789_10995,Penicillin-binding&nbsp;protein&nbsp;1B,66.1
1121015.N789_10740,N789_10740,Uncharacterized&nbsp;protein,66.1
1121015.N789_10070,N789_10070,dITP/XTP&nbsp;pyrophosphatase,66.0
1121015.N789_03490,N789_03490,Uncharacterized&nbsp;protein,66.0
1121015.N789_12060,N789_12060,Glutathione&nbsp;peroxidase,65.9
1121015.N789_12775,N789_12775,Dihydrolipoyl&nbsp;dehydrogenase,65.9
1121015.N789_12320,N789_12320,Uncharacterized&nbsp;protein,65.9
1121015.N789_04655,N789_04655,Alkyl&nbsp;hydroperoxide&nbsp;reductase&nbsp;AhpD,65.6
1121015.N789_08015,N789_08015,Uncharacterized&nbsp;protein,65.6
1121015.N789_11000,N789_11000,Uncharacterized&nbsp;protein,65.6
1121015.N789_09105,N789_09105,Uncharacterized&nbsp;protein,65.6
1121015.N789_11530,N789_11530,Uncharacterized&nbsp;protein,65.5
1121015.N789_12415,guaA,GMP&nbsp;synthase&nbsp;[glutamine-hydrolyzing],65.5
1121015.N789_00115,N789_00115,UTP--glucose-1-phosphate&nbsp;uridylyltransferase,65.5
1121015.N789_13810,N789_13810,Uncharacterized&nbsp;protein,65.4
1121015.N789_10915,N789_10915,Uncharacterized&nbsp;protein,65.4
1121015.N789_04905,N789_04905,Uncharacterized&nbsp;protein,65.4
1121015.N789_09210,N789_09210,Uncharacterized&nbsp;protein,65.4
1121015.N789_13560,atpA,ATP&nbsp;synthase&nbsp;subunit&nbsp;alpha,65.4
1121015.N789_02050,parE,DNA&nbsp;topoisomerase&nbsp;4&nbsp;subunit&nbsp;B,65.3
1121015.N789_09350,N789_09350,Uncharacterized&nbsp;protein,65.3
1121015.N789_00970,rpsR,30S&nbsp;ribosomal&nbsp;protein&nbsp;S18,65.3
1121015.N789_13360,N789_13360,Cystathionine&nbsp;beta-synthase,65.3
1121015.N789_09375,N789_09375,Cytochrome&nbsp;c&nbsp;oxidase&nbsp;subunit&nbsp;1,65.2
1121015.N789_01650,N789_01650,Uncharacterized&nbsp;protein,65.2
1121015.N789_14450,N789_14450,Thiol:disulfide&nbsp;interchange&nbsp;protein,65.0
1121015.N789_03565,N789_03565,RNA&nbsp;polymerase&nbsp;sigma-54&nbsp;factor,65.0
1121015.N789_13030,N789_13030,Uncharacterized&nbsp;protein,64.9
1121015.N789_06770,N789_06770,Uncharacterized&nbsp;protein,64.9
1121015.N789_01240,N789_01240,Dihydrolipoyllysine-residue&nbsp;succinyltransferase&nbsp;component&nbsp;of&nbsp;2-oxoglutarate&nbsp;dehydrogenase&nbsp;complex,64.8
1121015.N789_09410,N789_09410,Uncharacterized&nbsp;protein,64.8
1121015.N789_01560,N789_01560,NADH:ubiquinone&nbsp;oxidoreductase&nbsp;subunit&nbsp;M,64.8
1121015.N789_01800,N789_01800,Uncharacterized&nbsp;protein,64.8
1121015.N789_08505,dut,Deoxyuridine&nbsp;5'-triphosphate&nbsp;nucleotidohydrolase,64.8
1121015.N789_04605,N789_04605,Ferredoxin,64.8
1121015.N789_02560,N789_02560,Uncharacterized&nbsp;protein,64.8
1121015.N789_12540,N789_12540,Uncharacterized&nbsp;protein,64.6
1121015.N789_08040,N789_08040,Uncharacterized&nbsp;protein,64.6
1121015.N789_11600,N789_11600,Uncharacterized&nbsp;protein,64.6
1121015.N789_00775,thrB,Homoserine&nbsp;kinase,64.6
1121015.N789_06640,N789_06640,Uncharacterized&nbsp;protein,64.6
1121015.N789_04620,N789_04620,Glycine&nbsp;cleavage&nbsp;system&nbsp;regulatory&nbsp;protein,64.6
1121015.N789_14375,N789_14375,Uncharacterized&nbsp;protein,64.5
1121015.N789_05850,N789_05850,Uncharacterized&nbsp;protein,64.5
1121015.N789_05605,N789_05605,Uncharacterized&nbsp;protein,64.5
1121015.N789_00605,N789_00605,Aminotransferase,64.4
1121015.N789_13010,N789_13010,Uncharacterized&nbsp;protein,64.4
1121015.N789_01215,fumC,Fumarate&nbsp;hydratase&nbsp;class&nbsp;II,64.4
1121015.N789_04235,argC,N-acetyl-gamma-glutamyl-phosphate&nbsp;reductase,64.3
1121015.N789_13200,N789_13200,Long-chain&nbsp;fatty&nbsp;acid--CoA&nbsp;ligase,64.3
1121015.N789_02320,N789_02320,Uncharacterized&nbsp;protein,64.3
1121015.N789_07010,N789_07010,Hydroxyacid&nbsp;dehydrogenase,64.2
1121015.N789_13075,N789_13075,Uncharacterized&nbsp;protein,64.2
1121015.N789_09535,pckG,Phosphoenolpyruvate&nbsp;carboxykinase&nbsp;[GTP],64.2
1121015.N789_09390,N789_09390,Uncharacterized&nbsp;protein,64.1
1121015.N789_11690,N789_11690,Uncharacterized&nbsp;protein,64.0
1121015.N789_07675,N789_07675,Uncharacterized&nbsp;protein,64.0
1121015.N789_04930,N789_04930,3-oxoacyl-[acyl-carrier-protein]&nbsp;synthase&nbsp;2,64.0
1121015.N789_11265,N789_11265,Uncharacterized&nbsp;protein,64.0
1121015.N789_04785,N789_04785,Uncharacterized&nbsp;protein,64.0
1121015.N789_00100,N789_00100,Acetyl-CoA&nbsp;acetyltransferase,63.9
1121015.N789_11165,nadE,Glutamine-dependent&nbsp;NAD(+)&nbsp;synthetase,63.9
1121015.N789_08295,katG,Catalase-peroxidase,63.9
1121015.N789_13515,N789_13515,Transcriptional&nbsp;regulator,63.8
1121015.N789_08215,N789_08215,Ribonucleoside-diphosphate&nbsp;reductase,63.8
1121015.N789_03025,N789_03025,Peptidase&nbsp;S41,63.8
1121015.N789_06885,N789_06885,Aldehyde&nbsp;dehydrogenase,63.7
1121015.N789_05030,N789_05030,Uncharacterized&nbsp;protein,63.7
1121015.N789_12985,N789_12985,Uncharacterized&nbsp;protein,63.6
1121015.N789_11730,trpD,Anthranilate&nbsp;phosphoribosyltransferase,63.5
1121015.N789_12240,N789_12240,Uncharacterized&nbsp;protein,63.5
1121015.N789_07270,N789_07270,Uncharacterized&nbsp;protein,63.5
1121015.N789_01325,ligA,DNA&nbsp;ligase,63.4
1121015.N789_00235,rpmJ,50S&nbsp;ribosomal&nbsp;protein&nbsp;L36,63.4
1121015.N789_11375,murE,"UDP-N-acetylmuramoyl-L-alanyl-D-glutamate--2,6-diaminopimelate&nbsp;ligase",63.4
1121015.N789_09310,mtgA,Biosynthetic&nbsp;peptidoglycan&nbsp;transglycosylase,63.4
1121015.N789_06280,rplB,50S&nbsp;ribosomal&nbsp;protein&nbsp;L2,63.4
1121015.N789_04935,acpP,Acyl&nbsp;carrier&nbsp;protein,63.3
1121015.N789_11790,N789_11790,Uncharacterized&nbsp;protein,63.3
1121015.N789_11440,ribH,"6,7-dimethyl-8-ribityllumazine&nbsp;synthase",63.3
1121015.N789_01955,glnD,Bifunctional&nbsp;uridylyltransferase/uridylyl-removing&nbsp;enzyme,63.3
1121015.N789_02720,N789_02720,MerR&nbsp;family&nbsp;transcriptional&nbsp;regulator,63.3
1121015.N789_13645,N789_13645,Uncharacterized&nbsp;protein,63.2
1121015.N789_07175,gpsA,Glycerol-3-phosphate&nbsp;dehydrogenase&nbsp;[NAD(P)+],63.1
1121015.N789_00220,N789_00220,Short-chain&nbsp;dehydrogenase,63.1
1121015.N789_00850,N789_00850,Uncharacterized&nbsp;protein,63.1
1121015.N789_09360,N789_09360,Bifunctional&nbsp;protein&nbsp;PutA,63.0
1121015.N789_00425,N789_00425,Long-chain&nbsp;fatty&nbsp;acid--CoA&nbsp;ligase,62.9
1121015.N789_13915,N789_13915,Uncharacterized&nbsp;protein,62.9
1121015.N789_13295,N789_13295,Uncharacterized&nbsp;protein,62.7
1121015.N789_13390,N789_13390,Fumarylacetoacetate&nbsp;hydrolase,62.7
1121015.N789_05360,rpmA,50S&nbsp;ribosomal&nbsp;protein&nbsp;L27,62.6
1121015.N789_06735,rho,Transcription&nbsp;termination&nbsp;factor&nbsp;Rho,62.6
1121015.N789_09765,N789_09765,Uncharacterized&nbsp;protein,62.5
1121015.N789_04020,N789_04020,Leucine&nbsp;dehydrogenase,62.5
1121015.N789_09080,gshB,"Catalyzes&nbsp;the&nbsp;second&nbsp;step&nbsp;in&nbsp;the&nbsp;glutathione&nbsp;biosynthesis&nbsp;pathway,&nbsp;where&nbsp;it&nbsp;synthesizes&nbsp;ATP&nbsp;+&nbsp;gamma-L-glutamyl-L-cysteine&nbsp;+&nbsp;glycine&nbsp;=&nbsp;ADP&nbsp;+&nbsp;phosphate&nbsp;+&nbsp;glutathione",62.5
1121015.N789_07070,N789_07070,Uncharacterized&nbsp;protein,62.4
1121015.N789_09795,thiG,Thiazole&nbsp;synthase,62.4
1121015.N789_04245,N789_04245,Uncharacterized&nbsp;protein,62.3
1121015.N789_07490,N789_07490,Uncharacterized&nbsp;protein,62.1
1121015.N789_03685,N789_03685,Uncharacterized&nbsp;protein,62.0
1121015.N789_06960,N789_06960,Uncharacterized&nbsp;protein,62.0
1121015.N789_10655,N789_10655,Cell&nbsp;shape-determining&nbsp;protein&nbsp;MreC,62.0
1121015.N789_04710,N789_04710,Uncharacterized&nbsp;protein,62.0
1121015.N789_03375,N789_03375,Uncharacterized&nbsp;protein,61.9
1121015.N789_09485,N789_09485,Uncharacterized&nbsp;protein,61.9
1121015.N789_09665,rbsK,Ribokinase,61.9
1121015.N789_06225,rpsH,30S&nbsp;ribosomal&nbsp;protein&nbsp;S8,61.9
1121015.N789_03730,N789_03730,Uncharacterized&nbsp;protein,61.9
1121015.N789_10660,N789_10660,Rod&nbsp;shape-determining&nbsp;protein&nbsp;Mbl,61.9
1121015.N789_10630,rlpA,Endolytic&nbsp;peptidoglycan&nbsp;transglycosylase&nbsp;RlpA,61.9
1121015.N789_04670,N789_04670,PhoB&nbsp;family&nbsp;transcriptional&nbsp;regulator,61.8
1121015.N789_03285,N789_03285,Uncharacterized&nbsp;protein,61.8
1121015.N789_08200,N789_08200,Uncharacterized&nbsp;protein,61.8
1121015.N789_01405,ccmA,Cytochrome&nbsp;c&nbsp;biogenesis&nbsp;ATP-binding&nbsp;export&nbsp;protein&nbsp;CcmA,61.8
1121015.N789_08995,N789_08995,Uncharacterized&nbsp;protein,61.7
1121015.N789_06965,N789_06965,Uncharacterized&nbsp;protein,61.7
1121015.N789_12230,N789_12230,Uncharacterized&nbsp;protein,61.7
1121015.N789_13910,N789_13910,Uncharacterized&nbsp;protein,61.6
1121015.N789_05795,tilS,tRNA(Ile)-lysidine&nbsp;synthase,61.5
1121015.N789_00145,N789_00145,30S&nbsp;ribosomal&nbsp;protein&nbsp;S1,61.5
1121015.N789_01605,nuoD,NADH-quinone&nbsp;oxidoreductase&nbsp;subunit&nbsp;D,61.4
1121015.N789_02345,N789_02345,Uncharacterized&nbsp;protein,61.4
1121015.N789_14030,hemL,"Glutamate-1-semialdehyde&nbsp;2,1-aminomutase",61.3
1121015.N789_05620,purA,Adenylosuccinate&nbsp;synthetase,61.2
1121015.N789_06370,xerC,Tyrosine&nbsp;recombinase&nbsp;XerC,61.2
1121015.N789_11090,ruvB,Holliday&nbsp;junction&nbsp;ATP-dependent&nbsp;DNA&nbsp;helicase&nbsp;RuvB,61.1
1121015.N789_01595,N789_01595,NADH-quinone&nbsp;oxidoreductase&nbsp;subunit&nbsp;F,61.1
1121015.N789_06745,N789_06745,Uncharacterized&nbsp;protein,61.0
1121015.N789_09150,N789_09150,Uncharacterized&nbsp;protein,61.0
1121015.N789_03760,N789_03760,Uncharacterized&nbsp;protein,60.9
1121015.N789_09240,N789_09240,Uncharacterized&nbsp;protein,60.9
1121015.N789_06830,N789_06830,Uncharacterized&nbsp;protein,60.9
1121015.N789_01695,trpF,N-(5'-phosphoribosyl)anthranilate&nbsp;isomerase,60.9
1121015.N789_09690,N789_09690,Uncharacterized&nbsp;protein,60.9
1121015.N789_12260,sdhB,Part&nbsp;of&nbsp;four&nbsp;member&nbsp;succinate&nbsp;dehydrogenase&nbsp;enzyme&nbsp;complex&nbsp;that&nbsp;forms&nbsp;a&nbsp;trimeric&nbsp;complex&nbsp;(trimer&nbsp;of&nbsp;tetramers),60.8
1121015.N789_06275,rpsS,30S&nbsp;ribosomal&nbsp;protein&nbsp;S19,60.7
1121015.N789_13990,pfp,Pyrophosphate--fructose&nbsp;6-phosphate&nbsp;1-phosphotransferase,60.7
1121015.N789_00545,N789_00545,Uncharacterized&nbsp;protein,60.7
1121015.N789_07925,N789_07925,8-amino-7-oxononanoate&nbsp;synthase,60.7
1121015.N789_02015,ispF,"2-C-methyl-D-erythritol&nbsp;2,4-cyclodiphosphate&nbsp;synthase",60.7
1121015.N789_01495,N789_01495,Uncharacterized&nbsp;protein,60.6
1121015.N789_01135,N789_01135,Uncharacterized&nbsp;protein,60.5
1121015.N789_05110,dnaQ,DNA&nbsp;polymerase&nbsp;III&nbsp;subunit&nbsp;epsilon,60.5
1121015.N789_14355,N789_14355,Uncharacterized&nbsp;protein,60.5
1121015.N789_03155,N789_03155,"dTDP-glucose&nbsp;4,6-dehydratase",60.5
1121015.N789_14130,N789_14130,Uncharacterized&nbsp;protein,60.4
1121015.N789_04140,mtnB,Methylthioribulose-1-phosphate&nbsp;dehydratase,60.4
1121015.N789_04030,N789_04030,Acetyl-CoA&nbsp;acetyltransferase,60.4
1121015.N789_08885,lptD,LPS-assembly&nbsp;protein&nbsp;LptD,60.4
1121015.N789_04675,N789_04675,Uncharacterized&nbsp;protein,60.3
1121015.N789_04535,N789_04535,Electron&nbsp;transport&nbsp;complex&nbsp;subunit&nbsp;B,60.3
1121015.N789_07215,N789_07215,Uncharacterized&nbsp;protein,60.2
1121015.N789_09415,cyoE,Protoheme&nbsp;IX&nbsp;farnesyltransferase,60.1
1121015.N789_08440,N789_08440,Nitrogen&nbsp;regulatory&nbsp;protein&nbsp;P-II&nbsp;1,60.1
1121015.N789_11310,secA,Protein&nbsp;translocase&nbsp;subunit&nbsp;SecA,60.1
1121015.N789_11270,N789_11270,Uncharacterized&nbsp;protein,59.9
1121015.N789_05490,gcvP,Glycine&nbsp;dehydrogenase&nbsp;(decarboxylating),59.9
1121015.N789_06250,rpsQ,30S&nbsp;ribosomal&nbsp;protein&nbsp;S17,59.8
1121015.N789_11300,coaE,Dephospho-CoA&nbsp;kinase,59.8
1121015.N789_11025,N789_11025,Uncharacterized&nbsp;protein,59.7
1121015.N789_06110,mdh,Malate&nbsp;dehydrogenase,59.5
1121015.N789_02500,N789_02500,Uncharacterized&nbsp;protein,59.5
1121015.N789_12950,N789_12950,Uncharacterized&nbsp;protein,59.5
1121015.N789_11140,clpB,Chaperone&nbsp;protein&nbsp;ClpB,59.5
1121015.N789_06030,kbl,2-amino-3-ketobutyrate&nbsp;coenzyme&nbsp;A&nbsp;ligase,59.5
1121015.N789_04660,N789_04660,Glutaredoxin,59.4
1121015.N789_03205,murD,UDP-N-acetylmuramoylalanine--D-glutamate&nbsp;ligase,59.4
1121015.N789_12725,purC,Phosphoribosylaminoimidazole-succinocarboxamide&nbsp;synthase,59.3
1121015.N789_00765,N789_00765,Uncharacterized&nbsp;protein,59.3
1121015.N789_03070,N789_03070,Uncharacterized&nbsp;protein,59.3
1121015.N789_01715,gmd,"GDP-mannose&nbsp;4,6-dehydratase",59.3
1121015.N789_11305,N789_11305,Uncharacterized&nbsp;protein,59.3
1121015.N789_06505,N789_06505,Uncharacterized&nbsp;protein,59.2
1121015.N789_14500,N789_14500,Uncharacterized&nbsp;protein,59.2
1121015.N789_10195,N789_10195,Uncharacterized&nbsp;protein,59.1
1121015.N789_07265,N789_07265,Uncharacterized&nbsp;protein,59.1
1121015.N789_01140,ppnK,NAD&nbsp;kinase,59.1
1121015.N789_13565,atpG,ATP&nbsp;synthase&nbsp;gamma&nbsp;chain,59.0
1121015.N789_08405,N789_08405,Uncharacterized&nbsp;protein,59.0
1121015.N789_06625,rpoH,RNA&nbsp;polymerase&nbsp;sigma&nbsp;factor&nbsp;RpoH,58.9
1121015.N789_10000,N789_10000,Uncharacterized&nbsp;protein,58.9
1121015.N789_01675,accD,Acetyl-coenzyme&nbsp;A&nbsp;carboxylase&nbsp;carboxyl&nbsp;transferase&nbsp;subunit&nbsp;beta,58.9
1121015.N789_03590,N789_03590,Uncharacterized&nbsp;protein,58.9
1121015.N789_07540,fbp,"Fructose-1,6-bisphosphatase&nbsp;class&nbsp;1",58.8
1121015.N789_03825,N789_03825,Uncharacterized&nbsp;protein,58.8
1121015.N789_10625,N789_10625,Uncharacterized&nbsp;protein,58.8
1121015.N789_03550,lptA,Lipopolysaccharide&nbsp;export&nbsp;system&nbsp;protein&nbsp;LptA,58.8
1121015.N789_01415,ccmC,Heme&nbsp;exporter&nbsp;protein&nbsp;C,58.7
1121015.N789_10985,N789_10985,Uncharacterized&nbsp;protein,58.6
1121015.N789_00160,N789_00160,Histidinol-phosphate&nbsp;aminotransferase,58.5
1121015.N789_09545,N789_09545,Uncharacterized&nbsp;protein,58.5
1121015.N789_04220,hisS,Histidine--tRNA&nbsp;ligase,58.4
1121015.N789_10105,N789_10105,Uncharacterized&nbsp;protein,58.4
1121015.N789_12780,N789_12780,Acetyltransferase&nbsp;component&nbsp;of&nbsp;pyruvate&nbsp;dehydrogenase&nbsp;complex,58.3
1121015.N789_11485,pyrF,Orotidine&nbsp;5'-phosphate&nbsp;decarboxylase,58.3
1121015.N789_12555,N789_12555,Uncharacterized&nbsp;protein,58.3
1121015.N789_04100,N789_04100,Uncharacterized&nbsp;protein,58.2
1121015.N789_01925,asnB,Functions&nbsp;in&nbsp;asparagine&nbsp;biosynthesis,58.1
1121015.N789_07560,N789_07560,Uncharacterized&nbsp;protein,58.0
1121015.N789_07915,bioH,Pimeloyl-[acyl-carrier&nbsp;protein]&nbsp;methyl&nbsp;ester&nbsp;esterase,58.0
1121015.N789_13825,groS,10&nbsp;kDa&nbsp;chaperonin,58.0
1121015.N789_04920,N789_04920,Uncharacterized&nbsp;protein,57.9
1121015.N789_04255,N789_04255,Argininosuccinate&nbsp;synthase,57.9
1121015.N789_14020,N789_14020,Uncharacterized&nbsp;protein,57.9
1121015.N789_14560,N789_14560,Uncharacterized&nbsp;protein,57.8
1121015.N789_08685,N789_08685,NAD(P)&nbsp;transhydrogenase&nbsp;subunit&nbsp;beta,57.7
1121015.N789_08715,N789_08715,Uncharacterized&nbsp;protein,57.7
1121015.N789_04955,rpmF,50S&nbsp;ribosomal&nbsp;protein&nbsp;L32,57.7
1121015.N789_04830,N789_04830,Uncharacterized&nbsp;protein,57.7
1121015.N789_02030,eno,Enolase,57.6
1121015.N789_02865,N789_02865,Uncharacterized&nbsp;protein,57.6
1121015.N789_08635,N789_08635,Uncharacterized&nbsp;protein,57.5
1121015.N789_08620,N789_08620,Molybdenum&nbsp;cofactor&nbsp;biosynthesis&nbsp;protein&nbsp;B,57.5
1121015.N789_02770,uvrB,UvrABC&nbsp;system&nbsp;protein&nbsp;B,57.5
1121015.N789_12955,N789_12955,Uncharacterized&nbsp;protein,57.4
1121015.N789_12385,folD,Bifunctional&nbsp;protein&nbsp;FolD,57.2
1121015.N789_11855,N789_11855,Uncharacterized&nbsp;protein,57.2
1121015.N789_06415,N789_06415,Uncharacterized&nbsp;protein,57.2
1121015.N789_13895,N789_13895,Uncharacterized&nbsp;protein,57.2
1121015.N789_11555,N789_11555,Uncharacterized&nbsp;protein,57.2
1121015.N789_11705,N789_11705,Uncharacterized&nbsp;protein,57.1
1121015.N789_13350,N789_13350,Transport&nbsp;permease&nbsp;protein,57.1
1121015.N789_10045,N789_10045,Uncharacterized&nbsp;protein,57.0
1121015.N789_03705,N789_03705,Uncharacterized&nbsp;protein,57.0
1121015.N789_01190,N789_01190,Glutathione&nbsp;peroxidase,56.9
1121015.N789_05750,lpxD,UDP-3-O-acylglucosamine&nbsp;N-acyltransferase,56.9
1121015.N789_09900,N789_09900,Pyruvate&nbsp;kinase,56.9
1121015.N789_02750,infC,Translation&nbsp;initiation&nbsp;factor&nbsp;IF-3,56.8
1121015.N789_00480,dapB,4-hydroxy-tetrahydrodipicolinate&nbsp;reductase,56.8
1121015.N789_03540,N789_03540,3-deoxy-D-manno-octulosonate&nbsp;8-phosphate&nbsp;phosphatase&nbsp;KdsC,56.8
1121015.N789_10155,N789_10155,"FabB,&nbsp;beta-Ketoacyl-ACP&nbsp;synthase&nbsp;I,&nbsp;KASI",56.8
1121015.N789_14810,tuf,Elongation&nbsp;factor&nbsp;Tu,56.8
1121015.N789_05285,rpsP,30S&nbsp;ribosomal&nbsp;protein&nbsp;S16,56.7
1121015.N789_03175,N789_03175,Uncharacterized&nbsp;protein,56.7
1121015.N789_01630,N789_01630,Uncharacterized&nbsp;protein,56.7
1121015.N789_09085,N789_09085,Uncharacterized&nbsp;protein,56.7
1121015.N789_06265,rpsC,30S&nbsp;ribosomal&nbsp;protein&nbsp;S3,56.6
1121015.N789_09520,N789_09520,Uncharacterized&nbsp;protein,56.6
1121015.N789_10270,N789_10270,Aminopeptidase,56.6
1121015.N789_07230,N789_07230,Uncharacterized&nbsp;protein,56.6
1121015.N789_05335,ileS,Isoleucine--tRNA&nbsp;ligase,56.5
1121015.N789_00730,N789_00730,Uncharacterized&nbsp;protein,56.5
1121015.N789_06440,N789_06440,Uncharacterized&nbsp;protein,56.5
1121015.N789_01940,dapE,Succinyl-diaminopimelate&nbsp;desuccinylase,56.4
1121015.N789_06240,rplX,50S&nbsp;ribosomal&nbsp;protein&nbsp;L24,56.4
1121015.N789_08690,N789_08690,NAD(P)&nbsp;transhydrogenase,56.3
1121015.N789_11075,N789_11075,Uncharacterized&nbsp;protein,56.3
1121015.N789_03555,N789_03555,Lipopolysaccharide&nbsp;ABC&nbsp;transporter&nbsp;ATP-binding&nbsp;protein,56.3
1121015.N789_12255,N789_12255,Succinate&nbsp;dehydrogenase&nbsp;flavoprotein&nbsp;subunit,56.3
1121015.N789_06170,rplQ,50S&nbsp;ribosomal&nbsp;protein&nbsp;L17,56.2
1121015.N789_04455,N789_04455,Uncharacterized&nbsp;protein,56.2
1121015.N789_01500,N789_01500,Uncharacterized&nbsp;protein,56.1
1121015.N789_09030,N789_09030,Uncharacterized&nbsp;protein,56.1
1121015.N789_13605,N789_13605,Uncharacterized&nbsp;protein,56.0
1121015.N789_12270,N789_12270,Uncharacterized&nbsp;protein,55.9
1121015.N789_14575,fusA,Elongation&nbsp;factor&nbsp;G,55.9
1121015.N789_13920,N789_13920,Uncharacterized&nbsp;protein,55.9
1121015.N789_01430,N789_01430,Uncharacterized&nbsp;protein,55.9
1121015.N789_00895,N789_00895,Aldehyde&nbsp;dehydrogenase,55.8
1121015.N789_10180,N789_10180,Uncharacterized&nbsp;protein,55.8
1121015.N789_09050,N789_09050,Uncharacterized&nbsp;protein,55.8
1121015.N789_06915,N789_06915,Uncharacterized&nbsp;protein,55.7
1121015.N789_03995,N789_03995,Uncharacterized&nbsp;protein,55.7
1121015.N789_00050,N789_00050,Molybdenum&nbsp;cofactor&nbsp;guanylyltransferase,55.7
1121015.N789_09790,N789_09790,Uncharacterized&nbsp;protein,55.7
1121015.N789_00610,N789_00610,Glutamine&nbsp;synthetase,55.7
1121015.N789_05485,N789_05485,Phosphate-specific&nbsp;transport&nbsp;system&nbsp;accessory&nbsp;protein&nbsp;PhoU,55.6
1121015.N789_08280,N789_08280,Uncharacterized&nbsp;protein,55.4
1121015.N789_13760,N789_13760,Uncharacterized&nbsp;protein,55.4
1121015.N789_10035,recG,ATP-dependent&nbsp;DNA&nbsp;helicase&nbsp;RecG,55.4
1121015.N789_11170,sucD,Succinate--CoA&nbsp;ligase&nbsp;[ADP-forming]&nbsp;subunit&nbsp;alpha,55.4
1121015.N789_01255,N789_01255,Chemotaxis&nbsp;protein&nbsp;CheY,55.3
1121015.N789_11080,N789_11080,Uncharacterized&nbsp;protein,55.3
1121015.N789_07005,rpmG,50S&nbsp;ribosomal&nbsp;protein&nbsp;L33,55.3
1121015.N789_12395,N789_12395,Uncharacterized&nbsp;protein,55.3
1121015.N789_11340,ftsQ,Cell&nbsp;division&nbsp;protein&nbsp;FtsQ,55.2
1121015.N789_05645,hfq,RNA-binding&nbsp;protein&nbsp;Hfq,55.2
1121015.N789_06160,N789_06160,Phospho-2-dehydro-3-deoxyheptonate&nbsp;aldolase,55.2
1121015.N789_11655,rpiA,Ribose-5-phosphate&nbsp;isomerase&nbsp;A,55.2
1121015.N789_08580,ctc,50S&nbsp;ribosomal&nbsp;protein&nbsp;L25,55.1
1121015.N789_13495,plsY,Glycerol-3-phosphate&nbsp;acyltransferase,55.1
1121015.N789_02740,rplT,50S&nbsp;ribosomal&nbsp;protein&nbsp;L20,55.1
1121015.N789_05250,N789_05250,Uncharacterized&nbsp;protein,55.0
1121015.N789_13345,N789_13345,Uncharacterized&nbsp;protein,55.0
1121015.N789_11370,murF,UDP-N-acetylmuramoyl-tripeptide--D-alanyl-D-alanine&nbsp;ligase,54.9
1121015.N789_00495,grpE,Protein&nbsp;GrpE,54.9
1121015.N789_01445,N789_01445,Uncharacterized&nbsp;protein,54.9
1121015.N789_00450,prfB,Peptide&nbsp;chain&nbsp;release&nbsp;factor&nbsp;2,54.8
1121015.N789_00960,N789_00960,Replicative&nbsp;DNA&nbsp;helicase,54.7
1121015.N789_06520,fmt,Methionyl-tRNA&nbsp;formyltransferase,54.6
1121015.N789_07030,N789_07030,Uncharacterized&nbsp;protein,54.6
1121015.N789_06290,rplD,50S&nbsp;ribosomal&nbsp;protein&nbsp;L4,54.6
1121015.N789_01030,nbaC,"3-hydroxyanthranilate&nbsp;3,4-dioxygenase",54.5
1121015.N789_01450,N789_01450,Serine&nbsp;O-succinyltransferase,54.5
1121015.N789_05270,rplS,50S&nbsp;ribosomal&nbsp;protein&nbsp;L19,54.5
1121015.N789_05610,dnaE2,Error-prone&nbsp;DNA&nbsp;polymerase,54.4
1121015.N789_12065,N789_12065,Uncharacterized&nbsp;protein,54.3
1121015.N789_00625,N789_00625,Uncharacterized&nbsp;protein,54.2
1121015.N789_04210,N789_04210,Uncharacterized&nbsp;protein,54.2
1121015.N789_00040,N789_00040,Uncharacterized&nbsp;protein,54.1
1121015.N789_02270,N789_02270,Uncharacterized&nbsp;protein,54.1
1121015.N789_03475,N789_03475,Uncharacterized&nbsp;protein,54.1
1121015.N789_02755,thrS,Threonine--tRNA&nbsp;ligase,54.1
1121015.N789_03805,N789_03805,Uncharacterized&nbsp;protein,54.0
1121015.N789_04805,N789_04805,Uncharacterized&nbsp;protein,53.9
1121015.N789_04740,N789_04740,Uncharacterized&nbsp;protein,53.9
1121015.N789_08155,recB,RecBCD&nbsp;enzyme&nbsp;subunit&nbsp;RecB,53.9
1121015.N789_00855,N789_00855,Uncharacterized&nbsp;protein,53.9
1121015.N789_14425,N789_14425,Uncharacterized&nbsp;protein,53.8
1121015.N789_09680,N789_09680,Uncharacterized&nbsp;protein,53.7
1121015.N789_04720,N789_04720,Uncharacterized&nbsp;protein,53.7
1121015.N789_11670,N789_11670,Uncharacterized&nbsp;protein,53.7
1121015.N789_10530,N789_10530,Uncharacterized&nbsp;protein,53.6
1121015.N789_01615,nuoB,NADH-quinone&nbsp;oxidoreductase&nbsp;subunit&nbsp;B,53.5
1121015.N789_01730,aroC,Chorismate&nbsp;synthase,53.5
1121015.N789_04575,pgi,Glucose-6-phosphate&nbsp;isomerase,53.5
1121015.N789_11380,ftsI,"Peptidoglycan&nbsp;D,D-transpeptidase&nbsp;FtsI",53.5
1121015.N789_01280,N789_01280,Uncharacterized&nbsp;protein,53.4
1121015.N789_10065,rph,Ribonuclease&nbsp;PH,53.4
1121015.N789_06430,N789_06430,Uncharacterized&nbsp;protein,53.4
1121015.N789_03380,N789_03380,Uncharacterized&nbsp;protein,53.4
1121015.N789_06445,N789_06445,Uncharacterized&nbsp;protein,53.4
1121015.N789_03190,N789_03190,Sulfate-transporting&nbsp;ATPase,53.4
1121015.N789_11430,thiL,Thiamine-monophosphate&nbsp;kinase,53.2
1121015.N789_07635,dnaA,Chromosomal&nbsp;replication&nbsp;initiator&nbsp;protein&nbsp;DnaA,53.2
1121015.N789_13425,N789_13425,Uncharacterized&nbsp;protein,53.2
1121015.N789_04195,hisD,Histidinol&nbsp;dehydrogenase,53.2
1121015.N789_06855,N789_06855,Exodeoxyribonuclease&nbsp;III,53.2
1121015.N789_02255,N789_02255,Uncharacterized&nbsp;protein,53.0
1121015.N789_00770,N789_00770,Uncharacterized&nbsp;protein,53.0
1121015.N789_05715,pyrH,Uridylate&nbsp;kinase,53.0
1121015.N789_00580,N789_00580,Uncharacterized&nbsp;protein,53.0
1121015.N789_00535,N789_00535,Uncharacterized&nbsp;protein,52.9
1121015.N789_05375,uvrA,UvrABC&nbsp;system&nbsp;protein&nbsp;A,52.9
1121015.N789_13680,N789_13680,Uncharacterized&nbsp;protein,52.7
1121015.N789_06080,N789_06080,Uncharacterized&nbsp;protein,52.6
1121015.N789_04425,N789_04425,Periplasmic&nbsp;serine&nbsp;endoprotease&nbsp;DegP-like,52.6
1121015.N789_07045,N789_07045,Uncharacterized&nbsp;protein,52.6
1121015.N789_04395,recO,DNA&nbsp;repair&nbsp;protein&nbsp;RecO,52.6
1121015.N789_01890,N789_01890,Uncharacterized&nbsp;protein,52.5
1121015.N789_01920,parC,DNA&nbsp;topoisomerase&nbsp;4&nbsp;subunit&nbsp;A,52.5
1121015.N789_04180,hisH,Imidazole&nbsp;glycerol&nbsp;phosphate&nbsp;synthase&nbsp;subunit&nbsp;HisH,52.5
1121015.N789_00085,ndk,Nucleoside&nbsp;diphosphate&nbsp;kinase,52.5
1121015.N789_02170,N789_02170,Uncharacterized&nbsp;protein,52.5
1121015.N789_03460,N789_03460,Uncharacterized&nbsp;protein,52.4
1121015.N789_11610,N789_11610,Uncharacterized&nbsp;protein,52.4
1121015.N789_04690,N789_04690,Uncharacterized&nbsp;protein,52.4
1121015.N789_03185,N789_03185,Uncharacterized&nbsp;protein,52.4
1121015.N789_02065,N789_02065,Uncharacterized&nbsp;protein,52.2
1121015.N789_04305,N789_04305,Uncharacterized&nbsp;protein,52.2
1121015.N789_12080,N789_12080,Uncharacterized&nbsp;protein,52.2
1121015.N789_07200,N789_07200,Uncharacterized&nbsp;protein,52.1
1121015.N789_04045,N789_04045,Uncharacterized&nbsp;protein,52.1
1121015.N789_05745,bamA,Outer&nbsp;membrane&nbsp;protein&nbsp;assembly&nbsp;factor&nbsp;BamA,52.1
1121015.N789_02650,coaD,Phosphopantetheine&nbsp;adenylyltransferase,52.1
1121015.N789_07050,N789_07050,Glyoxalase,52.1
1121015.N789_07465,folE,GTP&nbsp;cyclohydrolase&nbsp;1,52.0
1121015.N789_04365,nagZ,Beta-hexosaminidase,52.0
1121015.N789_11640,N789_11640,Cell&nbsp;division&nbsp;protein&nbsp;ZapA,52.0
1121015.N789_07605,N789_07605,Uncharacterized&nbsp;protein,52.0
1121015.N789_06150,N789_06150,Uncharacterized&nbsp;protein,51.8
1121015.N789_05435,N789_05435,Electron&nbsp;transport&nbsp;complex&nbsp;subunit&nbsp;C,51.8
1121015.N789_07660,N789_07660,Uncharacterized&nbsp;protein,51.7
1121015.N789_00075,N789_00075,Uncharacterized&nbsp;protein,51.5
1121015.N789_13805,aroQ,3-dehydroquinate&nbsp;dehydratase,51.5
1121015.N789_12930,N789_12930,ABC&nbsp;transporter,51.5
1121015.N789_02635,N789_02635,Uncharacterized&nbsp;protein,51.4
1121015.N789_02735,pheS,Phenylalanine--tRNA&nbsp;ligase&nbsp;alpha&nbsp;subunit,51.4
1121015.N789_09145,N789_09145,Uncharacterized&nbsp;protein,51.3
1121015.N789_02850,purE,N5-carboxyaminoimidazole&nbsp;ribonucleotide&nbsp;mutase,51.3
1121015.N789_07060,acsA,Acetyl-coenzyme&nbsp;A&nbsp;synthetase,51.3
1121015.N789_13170,N789_13170,Uncharacterized&nbsp;protein,51.2
1121015.N789_09425,dnaG,DNA&nbsp;primase,51.2
1121015.N789_06605,priA,Primosomal&nbsp;protein&nbsp;N',51.0
1121015.N789_07800,N789_07800,Uncharacterized&nbsp;protein,51.0
1121015.N789_13835,N789_13835,Uncharacterized&nbsp;protein,51.0
