1096756.ATKN01000003_gene1682,ATKN01000003_gene1682,annotation&nbsp;not&nbsp;available,98.9
1096756.ATKN01000010_gene500,ATKN01000010_gene500,annotation&nbsp;not&nbsp;available,98.9
1096756.ATKN01000009_gene983,ATKN01000009_gene983,annotation&nbsp;not&nbsp;available,98.9
1096756.ATKN01000007_gene2568,ATKN01000007_gene2568,annotation&nbsp;not&nbsp;available,98.8
1096756.ATKN01000003_gene1876,ATKN01000003_gene1876,annotation&nbsp;not&nbsp;available,98.8
1096756.ATKN01000007_gene2535,ATKN01000007_gene2535,annotation&nbsp;not&nbsp;available,98.7
1096756.ATKN01000021_gene1616,ATKN01000021_gene1616,annotation&nbsp;not&nbsp;available,98.7
1096756.ATKN01000015_gene919,ATKN01000015_gene919,annotation&nbsp;not&nbsp;available,98.7
1096756.ATKN01000002_gene2436,ATKN01000002_gene2436,annotation&nbsp;not&nbsp;available,98.6
1096756.ATKN01000005_gene2677,ATKN01000005_gene2677,annotation&nbsp;not&nbsp;available,98.6
1096756.ATKN01000005_gene2817,ATKN01000005_gene2817,annotation&nbsp;not&nbsp;available,98.6
1096756.ATKN01000003_gene1863,ATKN01000003_gene1863,annotation&nbsp;not&nbsp;available,98.6
1096756.ATKN01000003_gene1814,ATKN01000003_gene1814,annotation&nbsp;not&nbsp;available,98.6
1096756.ATKN01000011_gene377,ATKN01000011_gene377,annotation&nbsp;not&nbsp;available,98.5
1096756.ATKN01000011_gene360,ATKN01000011_gene360,annotation&nbsp;not&nbsp;available,98.5
1096756.ATKN01000018_gene1435,ATKN01000018_gene1435,annotation&nbsp;not&nbsp;available,98.2
1096756.ATKN01000009_gene1012,ATKN01000009_gene1012,annotation&nbsp;not&nbsp;available,98.2
1096756.ATKN01000003_gene1754,ATKN01000003_gene1754,annotation&nbsp;not&nbsp;available,98.2
1096756.ATKN01000001_gene2081,ATKN01000001_gene2081,annotation&nbsp;not&nbsp;available,98.1
1096756.ATKN01000004_gene289,ATKN01000004_gene289,annotation&nbsp;not&nbsp;available,98.1
1096756.ATKN01000009_gene950,ATKN01000009_gene950,annotation&nbsp;not&nbsp;available,97.9
1096756.ATKN01000005_gene2876,ATKN01000005_gene2876,annotation&nbsp;not&nbsp;available,97.8
1096756.ATKN01000006_gene3145,ATKN01000006_gene3145,annotation&nbsp;not&nbsp;available,97.7
1096756.ATKN01000028_gene18,ATKN01000028_gene18,annotation&nbsp;not&nbsp;available,97.6
1096756.ATKN01000003_gene1825,ATKN01000003_gene1825,annotation&nbsp;not&nbsp;available,97.6
1096756.ATKN01000005_gene2873,ATKN01000005_gene2873,annotation&nbsp;not&nbsp;available,97.6
1096756.ATKN01000001_gene2172,ATKN01000001_gene2172,annotation&nbsp;not&nbsp;available,97.4
1096756.ATKN01000011_gene327,ATKN01000011_gene327,annotation&nbsp;not&nbsp;available,97.4
1096756.ATKN01000016_gene820,ATKN01000016_gene820,annotation&nbsp;not&nbsp;available,97.4
1096756.ATKN01000001_gene2156,ATKN01000001_gene2156,annotation&nbsp;not&nbsp;available,97.3
1096756.ATKN01000001_gene2303,ATKN01000001_gene2303,annotation&nbsp;not&nbsp;available,97.2
1096756.ATKN01000011_gene399,ATKN01000011_gene399,annotation&nbsp;not&nbsp;available,97.1
1096756.ATKN01000020_gene1581,ATKN01000020_gene1581,annotation&nbsp;not&nbsp;available,97.0
1096756.ATKN01000004_gene109,ATKN01000004_gene109,annotation&nbsp;not&nbsp;available,96.8
1096756.ATKN01000015_gene918,ATKN01000015_gene918,annotation&nbsp;not&nbsp;available,96.8
1096756.ATKN01000024_gene1486,ATKN01000024_gene1486,annotation&nbsp;not&nbsp;available,96.7
1096756.ATKN01000001_gene2382,ATKN01000001_gene2382,annotation&nbsp;not&nbsp;available,96.7
1096756.ATKN01000006_gene2955,ATKN01000006_gene2955,annotation&nbsp;not&nbsp;available,96.7
1096756.ATKN01000001_gene2162,ATKN01000001_gene2162,annotation&nbsp;not&nbsp;available,96.6
1096756.ATKN01000014_gene734,ATKN01000014_gene734,annotation&nbsp;not&nbsp;available,96.6
1096756.ATKN01000005_gene2891,ATKN01000005_gene2891,annotation&nbsp;not&nbsp;available,96.4
1096756.ATKN01000004_gene54,ATKN01000004_gene54,annotation&nbsp;not&nbsp;available,96.4
1096756.ATKN01000001_gene2153,ATKN01000001_gene2153,annotation&nbsp;not&nbsp;available,96.4
1096756.ATKN01000002_gene2437,ATKN01000002_gene2437,annotation&nbsp;not&nbsp;available,96.4
1096756.ATKN01000012_gene681,ATKN01000012_gene681,annotation&nbsp;not&nbsp;available,96.2
1096756.ATKN01000001_gene2321,ATKN01000001_gene2321,annotation&nbsp;not&nbsp;available,96.1
1096756.ATKN01000018_gene1416,ATKN01000018_gene1416,annotation&nbsp;not&nbsp;available,96.1
1096756.ATKN01000001_gene2166,ATKN01000001_gene2166,annotation&nbsp;not&nbsp;available,96.0
1096756.ATKN01000002_gene2405,ATKN01000002_gene2405,annotation&nbsp;not&nbsp;available,96.0
1096756.ATKN01000007_gene2442,ATKN01000007_gene2442,annotation&nbsp;not&nbsp;available,95.9
1096756.ATKN01000026_gene1517,ATKN01000026_gene1517,annotation&nbsp;not&nbsp;available,95.8
1096756.ATKN01000007_gene2546,ATKN01000007_gene2546,annotation&nbsp;not&nbsp;available,95.8
1096756.ATKN01000011_gene446,ATKN01000011_gene446,annotation&nbsp;not&nbsp;available,95.8
1096756.ATKN01000009_gene943,ATKN01000009_gene943,annotation&nbsp;not&nbsp;available,95.7
1096756.ATKN01000001_gene2331,ATKN01000001_gene2331,annotation&nbsp;not&nbsp;available,95.7
1096756.ATKN01000010_gene579,ATKN01000010_gene579,annotation&nbsp;not&nbsp;available,95.6
1096756.ATKN01000008_gene1177,ATKN01000008_gene1177,annotation&nbsp;not&nbsp;available,95.6
1096756.ATKN01000009_gene1096,ATKN01000009_gene1096,annotation&nbsp;not&nbsp;available,95.6
1096756.ATKN01000008_gene1143,ATKN01000008_gene1143,annotation&nbsp;not&nbsp;available,95.4
1096756.ATKN01000008_gene1332,ATKN01000008_gene1332,annotation&nbsp;not&nbsp;available,95.3
1096756.ATKN01000007_gene2651,ATKN01000007_gene2651,annotation&nbsp;not&nbsp;available,95.3
1096756.ATKN01000009_gene990,ATKN01000009_gene990,annotation&nbsp;not&nbsp;available,95.3
1096756.ATKN01000003_gene1911,ATKN01000003_gene1911,annotation&nbsp;not&nbsp;available,95.3
1096756.ATKN01000008_gene1184,ATKN01000008_gene1184,annotation&nbsp;not&nbsp;available,95.2
1096756.ATKN01000011_gene409,ATKN01000011_gene409,annotation&nbsp;not&nbsp;available,95.1
1096756.ATKN01000005_gene2746,ATKN01000005_gene2746,annotation&nbsp;not&nbsp;available,95.1
1096756.ATKN01000006_gene2967,ATKN01000006_gene2967,annotation&nbsp;not&nbsp;available,95.1
1096756.ATKN01000003_gene1712,ATKN01000003_gene1712,annotation&nbsp;not&nbsp;available,95.0
1096756.ATKN01000004_gene279,ATKN01000004_gene279,annotation&nbsp;not&nbsp;available,94.8
1096756.ATKN01000015_gene875,ATKN01000015_gene875,annotation&nbsp;not&nbsp;available,94.8
1096756.ATKN01000003_gene1651,ATKN01000003_gene1651,annotation&nbsp;not&nbsp;available,94.7
1096756.ATKN01000001_gene2181,ATKN01000001_gene2181,annotation&nbsp;not&nbsp;available,94.7
1096756.ATKN01000004_gene250,ATKN01000004_gene250,annotation&nbsp;not&nbsp;available,94.7
1096756.ATKN01000004_gene282,ATKN01000004_gene282,annotation&nbsp;not&nbsp;available,94.7
1096756.ATKN01000004_gene67,ATKN01000004_gene67,annotation&nbsp;not&nbsp;available,94.5
1096756.ATKN01000005_gene2895,ATKN01000005_gene2895,annotation&nbsp;not&nbsp;available,94.5
1096756.ATKN01000008_gene1199,ATKN01000008_gene1199,annotation&nbsp;not&nbsp;available,94.4
1096756.ATKN01000008_gene1173,ATKN01000008_gene1173,annotation&nbsp;not&nbsp;available,94.4
1096756.ATKN01000010_gene567,ATKN01000010_gene567,annotation&nbsp;not&nbsp;available,94.4
1096756.ATKN01000003_gene1703,ATKN01000003_gene1703,annotation&nbsp;not&nbsp;available,94.4
1096756.ATKN01000013_gene629,ATKN01000013_gene629,annotation&nbsp;not&nbsp;available,94.3
1096756.ATKN01000003_gene1922,ATKN01000003_gene1922,annotation&nbsp;not&nbsp;available,94.1
1096756.ATKN01000023_gene1463,ATKN01000023_gene1463,annotation&nbsp;not&nbsp;available,94.1
1096756.ATKN01000009_gene976,ATKN01000009_gene976,annotation&nbsp;not&nbsp;available,94.0
1096756.ATKN01000010_gene556,ATKN01000010_gene556,annotation&nbsp;not&nbsp;available,93.9
1096756.ATKN01000009_gene1018,ATKN01000009_gene1018,annotation&nbsp;not&nbsp;available,93.9
1096756.ATKN01000011_gene424,ATKN01000011_gene424,annotation&nbsp;not&nbsp;available,93.9
1096756.ATKN01000003_gene1772,ATKN01000003_gene1772,annotation&nbsp;not&nbsp;available,93.9
1096756.ATKN01000008_gene1141,ATKN01000008_gene1141,annotation&nbsp;not&nbsp;available,93.7
1096756.ATKN01000013_gene598,ATKN01000013_gene598,annotation&nbsp;not&nbsp;available,93.7
1096756.ATKN01000018_gene1436,ATKN01000018_gene1436,annotation&nbsp;not&nbsp;available,93.7
1096756.ATKN01000006_gene3036,ATKN01000006_gene3036,annotation&nbsp;not&nbsp;available,93.7
1096756.ATKN01000006_gene3159,ATKN01000006_gene3159,annotation&nbsp;not&nbsp;available,93.6
1096756.ATKN01000005_gene2785,ATKN01000005_gene2785,annotation&nbsp;not&nbsp;available,93.6
1096756.ATKN01000009_gene968,ATKN01000009_gene968,annotation&nbsp;not&nbsp;available,93.6
1096756.ATKN01000004_gene55,ATKN01000004_gene55,annotation&nbsp;not&nbsp;available,93.6
1096756.ATKN01000027_gene21,ATKN01000027_gene21,annotation&nbsp;not&nbsp;available,93.5
1096756.ATKN01000008_gene1331,ATKN01000008_gene1331,annotation&nbsp;not&nbsp;available,93.5
1096756.ATKN01000006_gene2952,ATKN01000006_gene2952,annotation&nbsp;not&nbsp;available,93.5
1096756.ATKN01000001_gene2191,ATKN01000001_gene2191,annotation&nbsp;not&nbsp;available,93.4
1096756.ATKN01000014_gene791,ATKN01000014_gene791,annotation&nbsp;not&nbsp;available,93.3
1096756.ATKN01000001_gene2018,ATKN01000001_gene2018,annotation&nbsp;not&nbsp;available,93.3
1096756.ATKN01000010_gene566,ATKN01000010_gene566,annotation&nbsp;not&nbsp;available,93.3
1096756.ATKN01000009_gene973,ATKN01000009_gene973,annotation&nbsp;not&nbsp;available,93.3
1096756.ATKN01000006_gene2953,ATKN01000006_gene2953,annotation&nbsp;not&nbsp;available,93.2
1096756.ATKN01000006_gene3012,ATKN01000006_gene3012,annotation&nbsp;not&nbsp;available,92.9
1096756.ATKN01000005_gene2917,ATKN01000005_gene2917,annotation&nbsp;not&nbsp;available,92.9
1096756.ATKN01000001_gene2357,ATKN01000001_gene2357,annotation&nbsp;not&nbsp;available,92.7
1096756.ATKN01000005_gene2683,ATKN01000005_gene2683,annotation&nbsp;not&nbsp;available,92.7
1096756.ATKN01000014_gene749,ATKN01000014_gene749,annotation&nbsp;not&nbsp;available,92.7
1096756.ATKN01000023_gene1475,ATKN01000023_gene1475,annotation&nbsp;not&nbsp;available,92.6
1096756.ATKN01000005_gene2750,ATKN01000005_gene2750,annotation&nbsp;not&nbsp;available,92.6
1096756.ATKN01000010_gene508,ATKN01000010_gene508,annotation&nbsp;not&nbsp;available,92.6
1096756.ATKN01000008_gene1286,ATKN01000008_gene1286,annotation&nbsp;not&nbsp;available,92.5
1096756.ATKN01000005_gene2769,ATKN01000005_gene2769,annotation&nbsp;not&nbsp;available,92.4
1096756.ATKN01000003_gene1671,ATKN01000003_gene1671,annotation&nbsp;not&nbsp;available,92.4
1096756.ATKN01000008_gene1329,ATKN01000008_gene1329,annotation&nbsp;not&nbsp;available,92.1
1096756.ATKN01000001_gene2223,ATKN01000001_gene2223,annotation&nbsp;not&nbsp;available,92.1
1096756.ATKN01000008_gene1217,ATKN01000008_gene1217,annotation&nbsp;not&nbsp;available,92.1
1096756.ATKN01000007_gene2469,ATKN01000007_gene2469,annotation&nbsp;not&nbsp;available,92.1
1096756.ATKN01000013_gene597,ATKN01000013_gene597,annotation&nbsp;not&nbsp;available,91.9
1096756.ATKN01000005_gene2913,ATKN01000005_gene2913,annotation&nbsp;not&nbsp;available,91.7
1096756.ATKN01000007_gene2538,ATKN01000007_gene2538,annotation&nbsp;not&nbsp;available,91.6
1096756.ATKN01000004_gene199,ATKN01000004_gene199,annotation&nbsp;not&nbsp;available,91.4
1096756.ATKN01000011_gene443,ATKN01000011_gene443,annotation&nbsp;not&nbsp;available,91.3
1096756.ATKN01000004_gene145,ATKN01000004_gene145,annotation&nbsp;not&nbsp;available,91.2
1096756.ATKN01000010_gene550,ATKN01000010_gene550,annotation&nbsp;not&nbsp;available,91.2
1096756.ATKN01000005_gene2700,ATKN01000005_gene2700,annotation&nbsp;not&nbsp;available,91.1
1096756.ATKN01000009_gene1094,ATKN01000009_gene1094,annotation&nbsp;not&nbsp;available,91.0
1096756.ATKN01000013_gene634,ATKN01000013_gene634,annotation&nbsp;not&nbsp;available,91.0
1096756.ATKN01000014_gene781,ATKN01000014_gene781,annotation&nbsp;not&nbsp;available,91.0
1096756.ATKN01000013_gene653,ATKN01000013_gene653,annotation&nbsp;not&nbsp;available,90.8
1096756.ATKN01000004_gene213,ATKN01000004_gene213,annotation&nbsp;not&nbsp;available,90.8
1096756.ATKN01000011_gene380,ATKN01000011_gene380,annotation&nbsp;not&nbsp;available,90.7
1096756.ATKN01000003_gene1848,ATKN01000003_gene1848,annotation&nbsp;not&nbsp;available,90.6
1096756.ATKN01000004_gene323,ATKN01000004_gene323,annotation&nbsp;not&nbsp;available,90.6
1096756.ATKN01000010_gene476,ATKN01000010_gene476,annotation&nbsp;not&nbsp;available,90.4
1096756.ATKN01000003_gene1702,ATKN01000003_gene1702,annotation&nbsp;not&nbsp;available,90.3
1096756.ATKN01000001_gene1988,ATKN01000001_gene1988,annotation&nbsp;not&nbsp;available,90.1
1096756.ATKN01000013_gene644,ATKN01000013_gene644,annotation&nbsp;not&nbsp;available,90.1
1096756.ATKN01000005_gene2698,ATKN01000005_gene2698,annotation&nbsp;not&nbsp;available,90.1
1096756.ATKN01000001_gene2133,ATKN01000001_gene2133,annotation&nbsp;not&nbsp;available,90.1
1096756.ATKN01000001_gene1983,ATKN01000001_gene1983,annotation&nbsp;not&nbsp;available,90.0
1096756.ATKN01000001_gene2219,ATKN01000001_gene2219,annotation&nbsp;not&nbsp;available,89.9
1096756.ATKN01000004_gene322,ATKN01000004_gene322,annotation&nbsp;not&nbsp;available,89.9
1096756.ATKN01000001_gene2224,ATKN01000001_gene2224,annotation&nbsp;not&nbsp;available,89.9
1096756.ATKN01000003_gene1926,ATKN01000003_gene1926,annotation&nbsp;not&nbsp;available,89.8
1096756.ATKN01000004_gene169,ATKN01000004_gene169,annotation&nbsp;not&nbsp;available,89.7
1096756.ATKN01000008_gene1147,ATKN01000008_gene1147,annotation&nbsp;not&nbsp;available,89.7
1096756.ATKN01000008_gene1181,ATKN01000008_gene1181,annotation&nbsp;not&nbsp;available,89.6
1096756.ATKN01000006_gene3135,ATKN01000006_gene3135,annotation&nbsp;not&nbsp;available,89.3
1096756.ATKN01000007_gene2533,ATKN01000007_gene2533,annotation&nbsp;not&nbsp;available,89.3
1096756.ATKN01000014_gene775,ATKN01000014_gene775,annotation&nbsp;not&nbsp;available,89.3
1096756.ATKN01000006_gene3138,ATKN01000006_gene3138,annotation&nbsp;not&nbsp;available,89.2
1096756.ATKN01000003_gene1802,ATKN01000003_gene1802,annotation&nbsp;not&nbsp;available,89.1
1096756.ATKN01000003_gene1929,ATKN01000003_gene1929,annotation&nbsp;not&nbsp;available,88.9
1096756.ATKN01000013_gene641,ATKN01000013_gene641,annotation&nbsp;not&nbsp;available,88.8
1096756.ATKN01000004_gene288,ATKN01000004_gene288,annotation&nbsp;not&nbsp;available,88.7
1096756.ATKN01000007_gene2607,ATKN01000007_gene2607,annotation&nbsp;not&nbsp;available,88.7
1096756.ATKN01000001_gene2324,ATKN01000001_gene2324,annotation&nbsp;not&nbsp;available,88.7
1096756.ATKN01000003_gene1716,ATKN01000003_gene1716,annotation&nbsp;not&nbsp;available,88.6
1096756.ATKN01000009_gene940,ATKN01000009_gene940,annotation&nbsp;not&nbsp;available,88.6
1096756.ATKN01000011_gene378,ATKN01000011_gene378,annotation&nbsp;not&nbsp;available,88.5
1096756.ATKN01000006_gene2983,ATKN01000006_gene2983,annotation&nbsp;not&nbsp;available,88.4
1096756.ATKN01000005_gene2859,ATKN01000005_gene2859,annotation&nbsp;not&nbsp;available,88.4
1096756.ATKN01000008_gene1258,ATKN01000008_gene1258,annotation&nbsp;not&nbsp;available,88.4
1096756.ATKN01000010_gene453,ATKN01000010_gene453,annotation&nbsp;not&nbsp;available,88.3
1096756.ATKN01000003_gene1655,ATKN01000003_gene1655,annotation&nbsp;not&nbsp;available,88.3
1096756.ATKN01000008_gene1327,ATKN01000008_gene1327,annotation&nbsp;not&nbsp;available,88.3
1096756.ATKN01000001_gene2155,ATKN01000001_gene2155,annotation&nbsp;not&nbsp;available,88.3
1096756.ATKN01000006_gene2981,ATKN01000006_gene2981,annotation&nbsp;not&nbsp;available,88.2
1096756.ATKN01000004_gene122,ATKN01000004_gene122,annotation&nbsp;not&nbsp;available,88.1
1096756.ATKN01000020_gene1594,ATKN01000020_gene1594,annotation&nbsp;not&nbsp;available,88.1
1096756.ATKN01000011_gene436,ATKN01000011_gene436,annotation&nbsp;not&nbsp;available,88.0
1096756.ATKN01000004_gene166,ATKN01000004_gene166,annotation&nbsp;not&nbsp;available,87.9
1096756.ATKN01000005_gene2752,ATKN01000005_gene2752,annotation&nbsp;not&nbsp;available,87.9
1096756.ATKN01000013_gene647,ATKN01000013_gene647,annotation&nbsp;not&nbsp;available,87.8
1096756.ATKN01000005_gene2697,ATKN01000005_gene2697,annotation&nbsp;not&nbsp;available,87.8
1096756.ATKN01000003_gene1809,ATKN01000003_gene1809,annotation&nbsp;not&nbsp;available,87.8
1096756.ATKN01000013_gene611,ATKN01000013_gene611,annotation&nbsp;not&nbsp;available,87.7
1096756.ATKN01000001_gene2090,ATKN01000001_gene2090,annotation&nbsp;not&nbsp;available,87.6
1096756.ATKN01000001_gene2136,ATKN01000001_gene2136,annotation&nbsp;not&nbsp;available,87.6
1096756.ATKN01000005_gene2912,ATKN01000005_gene2912,annotation&nbsp;not&nbsp;available,87.6
1096756.ATKN01000011_gene357,ATKN01000011_gene357,annotation&nbsp;not&nbsp;available,87.5
1096756.ATKN01000012_gene668,ATKN01000012_gene668,annotation&nbsp;not&nbsp;available,87.5
1096756.ATKN01000001_gene2174,ATKN01000001_gene2174,annotation&nbsp;not&nbsp;available,87.4
1096756.ATKN01000002_gene2403,ATKN01000002_gene2403,annotation&nbsp;not&nbsp;available,87.4
1096756.ATKN01000003_gene1826,ATKN01000003_gene1826,annotation&nbsp;not&nbsp;available,87.4
1096756.ATKN01000001_gene2046,ATKN01000001_gene2046,annotation&nbsp;not&nbsp;available,87.4
1096756.ATKN01000009_gene1082,ATKN01000009_gene1082,annotation&nbsp;not&nbsp;available,87.3
1096756.ATKN01000005_gene2863,ATKN01000005_gene2863,annotation&nbsp;not&nbsp;available,87.3
1096756.ATKN01000014_gene703,ATKN01000014_gene703,annotation&nbsp;not&nbsp;available,87.3
1096756.ATKN01000014_gene721,ATKN01000014_gene721,annotation&nbsp;not&nbsp;available,87.2
1096756.ATKN01000011_gene408,ATKN01000011_gene408,annotation&nbsp;not&nbsp;available,87.1
1096756.ATKN01000009_gene1095,ATKN01000009_gene1095,annotation&nbsp;not&nbsp;available,87.1
1096756.ATKN01000001_gene2178,ATKN01000001_gene2178,annotation&nbsp;not&nbsp;available,87.1
1096756.ATKN01000011_gene439,ATKN01000011_gene439,annotation&nbsp;not&nbsp;available,87.0
1096756.ATKN01000010_gene495,ATKN01000010_gene495,annotation&nbsp;not&nbsp;available,87.0
1096756.ATKN01000005_gene2818,ATKN01000005_gene2818,annotation&nbsp;not&nbsp;available,87.0
1096756.ATKN01000010_gene487,ATKN01000010_gene487,annotation&nbsp;not&nbsp;available,86.9
1096756.ATKN01000004_gene163,ATKN01000004_gene163,annotation&nbsp;not&nbsp;available,86.8
1096756.ATKN01000001_gene2289,ATKN01000001_gene2289,annotation&nbsp;not&nbsp;available,86.7
1096756.ATKN01000023_gene1460,ATKN01000023_gene1460,annotation&nbsp;not&nbsp;available,86.7
1096756.ATKN01000003_gene1847,ATKN01000003_gene1847,annotation&nbsp;not&nbsp;available,86.6
1096756.ATKN01000012_gene675,ATKN01000012_gene675,annotation&nbsp;not&nbsp;available,86.6
1096756.ATKN01000008_gene1162,ATKN01000008_gene1162,annotation&nbsp;not&nbsp;available,86.6
1096756.ATKN01000001_gene2196,ATKN01000001_gene2196,annotation&nbsp;not&nbsp;available,86.6
1096756.ATKN01000006_gene3130,ATKN01000006_gene3130,annotation&nbsp;not&nbsp;available,86.5
1096756.ATKN01000015_gene926,ATKN01000015_gene926,annotation&nbsp;not&nbsp;available,86.5
1096756.ATKN01000009_gene1128,ATKN01000009_gene1128,annotation&nbsp;not&nbsp;available,86.4
1096756.ATKN01000016_gene830,ATKN01000016_gene830,annotation&nbsp;not&nbsp;available,86.3
1096756.ATKN01000009_gene1059,ATKN01000009_gene1059,annotation&nbsp;not&nbsp;available,86.2
1096756.ATKN01000006_gene2972,ATKN01000006_gene2972,annotation&nbsp;not&nbsp;available,86.2
1096756.ATKN01000005_gene2798,ATKN01000005_gene2798,annotation&nbsp;not&nbsp;available,86.2
1096756.ATKN01000008_gene1197,ATKN01000008_gene1197,annotation&nbsp;not&nbsp;available,86.1
1096756.ATKN01000005_gene2680,ATKN01000005_gene2680,annotation&nbsp;not&nbsp;available,86.1
1096756.ATKN01000005_gene2920,ATKN01000005_gene2920,annotation&nbsp;not&nbsp;available,86.0
1096756.ATKN01000001_gene2152,ATKN01000001_gene2152,annotation&nbsp;not&nbsp;available,85.9
1096756.ATKN01000006_gene3136,ATKN01000006_gene3136,annotation&nbsp;not&nbsp;available,85.9
1096756.ATKN01000016_gene854,ATKN01000016_gene854,annotation&nbsp;not&nbsp;available,85.9
1096756.ATKN01000001_gene2185,ATKN01000001_gene2185,annotation&nbsp;not&nbsp;available,85.8
1096756.ATKN01000001_gene2262,ATKN01000001_gene2262,annotation&nbsp;not&nbsp;available,85.7
1096756.ATKN01000014_gene777,ATKN01000014_gene777,annotation&nbsp;not&nbsp;available,85.7
1096756.ATKN01000008_gene1326,ATKN01000008_gene1326,annotation&nbsp;not&nbsp;available,85.5
1096756.ATKN01000015_gene932,ATKN01000015_gene932,annotation&nbsp;not&nbsp;available,85.4
1096756.ATKN01000002_gene2417,ATKN01000002_gene2417,annotation&nbsp;not&nbsp;available,85.4
1096756.ATKN01000011_gene328,ATKN01000011_gene328,annotation&nbsp;not&nbsp;available,85.3
1096756.ATKN01000008_gene1175,ATKN01000008_gene1175,annotation&nbsp;not&nbsp;available,85.2
1096756.ATKN01000014_gene713,ATKN01000014_gene713,annotation&nbsp;not&nbsp;available,85.2
1096756.ATKN01000003_gene1641,ATKN01000003_gene1641,annotation&nbsp;not&nbsp;available,85.2
1096756.ATKN01000008_gene1155,ATKN01000008_gene1155,annotation&nbsp;not&nbsp;available,85.1
1096756.ATKN01000001_gene2183,ATKN01000001_gene2183,annotation&nbsp;not&nbsp;available,85.1
1096756.ATKN01000008_gene1228,ATKN01000008_gene1228,annotation&nbsp;not&nbsp;available,85.0
1096756.ATKN01000010_gene554,ATKN01000010_gene554,annotation&nbsp;not&nbsp;available,85.0
1096756.ATKN01000005_gene2814,ATKN01000005_gene2814,annotation&nbsp;not&nbsp;available,84.9
1096756.ATKN01000001_gene2366,ATKN01000001_gene2366,annotation&nbsp;not&nbsp;available,84.9
1096756.ATKN01000009_gene958,ATKN01000009_gene958,annotation&nbsp;not&nbsp;available,84.9
1096756.ATKN01000016_gene798,ATKN01000016_gene798,annotation&nbsp;not&nbsp;available,84.9
1096756.ATKN01000003_gene1946,ATKN01000003_gene1946,annotation&nbsp;not&nbsp;available,84.7
1096756.ATKN01000016_gene819,ATKN01000016_gene819,annotation&nbsp;not&nbsp;available,84.6
1096756.ATKN01000010_gene565,ATKN01000010_gene565,annotation&nbsp;not&nbsp;available,84.6
1096756.ATKN01000001_gene2278,ATKN01000001_gene2278,annotation&nbsp;not&nbsp;available,84.6
1096756.ATKN01000010_gene551,ATKN01000010_gene551,annotation&nbsp;not&nbsp;available,84.5
1096756.ATKN01000012_gene691,ATKN01000012_gene691,annotation&nbsp;not&nbsp;available,84.5
1096756.ATKN01000005_gene2872,ATKN01000005_gene2872,annotation&nbsp;not&nbsp;available,84.4
1096756.ATKN01000015_gene920,ATKN01000015_gene920,annotation&nbsp;not&nbsp;available,84.4
1096756.ATKN01000001_gene2137,ATKN01000001_gene2137,annotation&nbsp;not&nbsp;available,84.4
1096756.ATKN01000013_gene620,ATKN01000013_gene620,annotation&nbsp;not&nbsp;available,84.4
1096756.ATKN01000005_gene2830,ATKN01000005_gene2830,annotation&nbsp;not&nbsp;available,84.3
1096756.ATKN01000005_gene2686,ATKN01000005_gene2686,annotation&nbsp;not&nbsp;available,84.3
1096756.ATKN01000003_gene1700,ATKN01000003_gene1700,annotation&nbsp;not&nbsp;available,84.3
1096756.ATKN01000004_gene107,ATKN01000004_gene107,annotation&nbsp;not&nbsp;available,84.2
1096756.ATKN01000019_gene1567,ATKN01000019_gene1567,annotation&nbsp;not&nbsp;available,84.2
1096756.ATKN01000020_gene1587,ATKN01000020_gene1587,annotation&nbsp;not&nbsp;available,83.9
1096756.ATKN01000005_gene2790,ATKN01000005_gene2790,annotation&nbsp;not&nbsp;available,83.9
1096756.ATKN01000016_gene826,ATKN01000016_gene826,annotation&nbsp;not&nbsp;available,83.8
1096756.ATKN01000005_gene2786,ATKN01000005_gene2786,annotation&nbsp;not&nbsp;available,83.8
1096756.ATKN01000010_gene568,ATKN01000010_gene568,annotation&nbsp;not&nbsp;available,83.7
1096756.ATKN01000006_gene2965,ATKN01000006_gene2965,annotation&nbsp;not&nbsp;available,83.7
1096756.ATKN01000023_gene1456,ATKN01000023_gene1456,annotation&nbsp;not&nbsp;available,83.7
1096756.ATKN01000008_gene1223,ATKN01000008_gene1223,annotation&nbsp;not&nbsp;available,83.7
1096756.ATKN01000004_gene168,ATKN01000004_gene168,annotation&nbsp;not&nbsp;available,83.7
1096756.ATKN01000001_gene2075,ATKN01000001_gene2075,annotation&nbsp;not&nbsp;available,83.6
1096756.ATKN01000007_gene2575,ATKN01000007_gene2575,annotation&nbsp;not&nbsp;available,83.6
1096756.ATKN01000009_gene1099,ATKN01000009_gene1099,annotation&nbsp;not&nbsp;available,83.5
1096756.ATKN01000003_gene1828,ATKN01000003_gene1828,annotation&nbsp;not&nbsp;available,83.4
1096756.ATKN01000004_gene39,ATKN01000004_gene39,annotation&nbsp;not&nbsp;available,83.4
1096756.ATKN01000016_gene835,ATKN01000016_gene835,annotation&nbsp;not&nbsp;available,83.3
1096756.ATKN01000001_gene2091,ATKN01000001_gene2091,annotation&nbsp;not&nbsp;available,83.3
1096756.ATKN01000005_gene2822,ATKN01000005_gene2822,annotation&nbsp;not&nbsp;available,83.2
1096756.ATKN01000001_gene2194,ATKN01000001_gene2194,annotation&nbsp;not&nbsp;available,83.1
1096756.ATKN01000005_gene2696,ATKN01000005_gene2696,annotation&nbsp;not&nbsp;available,83.1
1096756.ATKN01000014_gene789,ATKN01000014_gene789,annotation&nbsp;not&nbsp;available,82.9
1096756.ATKN01000005_gene2845,ATKN01000005_gene2845,annotation&nbsp;not&nbsp;available,82.9
1096756.ATKN01000011_gene420,ATKN01000011_gene420,annotation&nbsp;not&nbsp;available,82.9
1096756.ATKN01000010_gene473,ATKN01000010_gene473,annotation&nbsp;not&nbsp;available,82.8
1096756.ATKN01000020_gene1604,ATKN01000020_gene1604,annotation&nbsp;not&nbsp;available,82.8
1096756.ATKN01000004_gene211,ATKN01000004_gene211,annotation&nbsp;not&nbsp;available,82.7
1096756.ATKN01000009_gene1085,ATKN01000009_gene1085,annotation&nbsp;not&nbsp;available,82.7
1096756.ATKN01000001_gene2023,ATKN01000001_gene2023,annotation&nbsp;not&nbsp;available,82.7
1096756.ATKN01000001_gene2345,ATKN01000001_gene2345,annotation&nbsp;not&nbsp;available,82.6
1096756.ATKN01000001_gene2175,ATKN01000001_gene2175,annotation&nbsp;not&nbsp;available,82.5
1096756.ATKN01000001_gene1990,ATKN01000001_gene1990,annotation&nbsp;not&nbsp;available,82.5
1096756.ATKN01000001_gene2351,ATKN01000001_gene2351,annotation&nbsp;not&nbsp;available,82.5
1096756.ATKN01000011_gene425,ATKN01000011_gene425,annotation&nbsp;not&nbsp;available,82.4
1096756.ATKN01000001_gene1981,ATKN01000001_gene1981,annotation&nbsp;not&nbsp;available,82.2
1096756.ATKN01000001_gene2204,ATKN01000001_gene2204,annotation&nbsp;not&nbsp;available,82.2
1096756.ATKN01000001_gene2349,ATKN01000001_gene2349,annotation&nbsp;not&nbsp;available,82.1
1096756.ATKN01000006_gene3127,ATKN01000006_gene3127,annotation&nbsp;not&nbsp;available,82.0
1096756.ATKN01000009_gene1127,ATKN01000009_gene1127,annotation&nbsp;not&nbsp;available,81.9
1096756.ATKN01000022_gene1619,ATKN01000022_gene1619,annotation&nbsp;not&nbsp;available,81.8
1096756.ATKN01000004_gene253,ATKN01000004_gene253,annotation&nbsp;not&nbsp;available,81.8
1096756.ATKN01000012_gene685,ATKN01000012_gene685,annotation&nbsp;not&nbsp;available,81.8
1096756.ATKN01000003_gene1817,ATKN01000003_gene1817,annotation&nbsp;not&nbsp;available,81.7
1096756.ATKN01000008_gene1279,ATKN01000008_gene1279,annotation&nbsp;not&nbsp;available,81.7
1096756.ATKN01000003_gene1666,ATKN01000003_gene1666,annotation&nbsp;not&nbsp;available,81.7
1096756.ATKN01000011_gene372,ATKN01000011_gene372,annotation&nbsp;not&nbsp;available,81.6
1096756.ATKN01000001_gene2327,ATKN01000001_gene2327,annotation&nbsp;not&nbsp;available,81.6
1096756.ATKN01000014_gene730,ATKN01000014_gene730,annotation&nbsp;not&nbsp;available,81.6
1096756.ATKN01000003_gene1649,ATKN01000003_gene1649,annotation&nbsp;not&nbsp;available,81.6
1096756.ATKN01000014_gene726,ATKN01000014_gene726,annotation&nbsp;not&nbsp;available,81.5
1096756.ATKN01000009_gene1132,ATKN01000009_gene1132,annotation&nbsp;not&nbsp;available,81.5
1096756.ATKN01000011_gene367,ATKN01000011_gene367,annotation&nbsp;not&nbsp;available,81.5
1096756.ATKN01000005_gene2754,ATKN01000005_gene2754,annotation&nbsp;not&nbsp;available,81.4
1096756.ATKN01000005_gene2799,ATKN01000005_gene2799,annotation&nbsp;not&nbsp;available,81.4
1096756.ATKN01000011_gene368,ATKN01000011_gene368,annotation&nbsp;not&nbsp;available,81.4
1096756.ATKN01000001_gene2079,ATKN01000001_gene2079,annotation&nbsp;not&nbsp;available,81.3
1096756.ATKN01000019_gene1542,ATKN01000019_gene1542,annotation&nbsp;not&nbsp;available,81.3
1096756.ATKN01000005_gene2847,ATKN01000005_gene2847,annotation&nbsp;not&nbsp;available,81.2
1096756.ATKN01000001_gene2350,ATKN01000001_gene2350,annotation&nbsp;not&nbsp;available,81.2
1096756.ATKN01000010_gene528,ATKN01000010_gene528,annotation&nbsp;not&nbsp;available,81.2
1096756.ATKN01000007_gene2536,ATKN01000007_gene2536,annotation&nbsp;not&nbsp;available,81.1
1096756.ATKN01000001_gene2380,ATKN01000001_gene2380,annotation&nbsp;not&nbsp;available,81.0
1096756.ATKN01000003_gene1736,ATKN01000003_gene1736,annotation&nbsp;not&nbsp;available,81.0
1096756.ATKN01000003_gene1675,ATKN01000003_gene1675,annotation&nbsp;not&nbsp;available,80.8
1096756.ATKN01000003_gene1882,ATKN01000003_gene1882,annotation&nbsp;not&nbsp;available,80.7
1096756.ATKN01000001_gene2101,ATKN01000001_gene2101,annotation&nbsp;not&nbsp;available,80.7
1096756.ATKN01000005_gene2828,ATKN01000005_gene2828,annotation&nbsp;not&nbsp;available,80.7
1096756.ATKN01000014_gene763,ATKN01000014_gene763,annotation&nbsp;not&nbsp;available,80.6
1096756.ATKN01000014_gene716,ATKN01000014_gene716,annotation&nbsp;not&nbsp;available,80.6
1096756.ATKN01000022_gene1621,ATKN01000022_gene1621,annotation&nbsp;not&nbsp;available,80.6
1096756.ATKN01000009_gene1133,ATKN01000009_gene1133,annotation&nbsp;not&nbsp;available,80.5
1096756.ATKN01000001_gene2255,ATKN01000001_gene2255,annotation&nbsp;not&nbsp;available,80.3
1096756.ATKN01000001_gene2261,ATKN01000001_gene2261,annotation&nbsp;not&nbsp;available,80.3
1096756.ATKN01000005_gene2854,ATKN01000005_gene2854,annotation&nbsp;not&nbsp;available,80.2
1096756.ATKN01000006_gene3008,ATKN01000006_gene3008,annotation&nbsp;not&nbsp;available,80.2
1096756.ATKN01000003_gene1849,ATKN01000003_gene1849,annotation&nbsp;not&nbsp;available,80.1
1096756.ATKN01000018_gene1428,ATKN01000018_gene1428,annotation&nbsp;not&nbsp;available,80.0
1096756.ATKN01000006_gene3150,ATKN01000006_gene3150,annotation&nbsp;not&nbsp;available,80.0
1096756.ATKN01000008_gene1149,ATKN01000008_gene1149,annotation&nbsp;not&nbsp;available,80.0
1096756.ATKN01000001_gene2161,ATKN01000001_gene2161,annotation&nbsp;not&nbsp;available,79.9
1096756.ATKN01000004_gene193,ATKN01000004_gene193,annotation&nbsp;not&nbsp;available,79.8
1096756.ATKN01000001_gene2192,ATKN01000001_gene2192,annotation&nbsp;not&nbsp;available,79.7
1096756.ATKN01000003_gene1827,ATKN01000003_gene1827,annotation&nbsp;not&nbsp;available,79.7
1096756.ATKN01000003_gene1846,ATKN01000003_gene1846,annotation&nbsp;not&nbsp;available,79.7
1096756.ATKN01000005_gene2915,ATKN01000005_gene2915,annotation&nbsp;not&nbsp;available,79.7
1096756.ATKN01000001_gene2274,ATKN01000001_gene2274,annotation&nbsp;not&nbsp;available,79.7
1096756.ATKN01000020_gene1598,ATKN01000020_gene1598,annotation&nbsp;not&nbsp;available,79.5
1096756.ATKN01000005_gene2819,ATKN01000005_gene2819,annotation&nbsp;not&nbsp;available,79.5
1096756.ATKN01000018_gene1434,ATKN01000018_gene1434,annotation&nbsp;not&nbsp;available,79.4
1096756.ATKN01000001_gene2167,ATKN01000001_gene2167,annotation&nbsp;not&nbsp;available,79.4
1096756.ATKN01000011_gene450,ATKN01000011_gene450,annotation&nbsp;not&nbsp;available,79.3
1096756.ATKN01000004_gene243,ATKN01000004_gene243,annotation&nbsp;not&nbsp;available,79.3
1096756.ATKN01000011_gene422,ATKN01000011_gene422,annotation&nbsp;not&nbsp;available,79.2
1096756.ATKN01000001_gene2318,ATKN01000001_gene2318,annotation&nbsp;not&nbsp;available,79.0
1096756.ATKN01000001_gene2193,ATKN01000001_gene2193,annotation&nbsp;not&nbsp;available,79.0
1096756.ATKN01000011_gene417,ATKN01000011_gene417,annotation&nbsp;not&nbsp;available,78.9
1096756.ATKN01000005_gene2742,ATKN01000005_gene2742,annotation&nbsp;not&nbsp;available,78.9
1096756.ATKN01000003_gene1769,ATKN01000003_gene1769,annotation&nbsp;not&nbsp;available,78.9
1096756.ATKN01000019_gene1540,ATKN01000019_gene1540,annotation&nbsp;not&nbsp;available,78.9
1096756.ATKN01000004_gene72,ATKN01000004_gene72,annotation&nbsp;not&nbsp;available,78.8
1096756.ATKN01000001_gene2215,ATKN01000001_gene2215,annotation&nbsp;not&nbsp;available,78.8
1096756.ATKN01000009_gene1058,ATKN01000009_gene1058,annotation&nbsp;not&nbsp;available,78.7
1096756.ATKN01000009_gene959,ATKN01000009_gene959,annotation&nbsp;not&nbsp;available,78.6
1096756.ATKN01000008_gene1148,ATKN01000008_gene1148,annotation&nbsp;not&nbsp;available,78.5
1096756.ATKN01000003_gene1750,ATKN01000003_gene1750,annotation&nbsp;not&nbsp;available,78.5
1096756.ATKN01000041_gene3163,ATKN01000041_gene3163,annotation&nbsp;not&nbsp;available,78.4
1096756.ATKN01000001_gene2160,ATKN01000001_gene2160,annotation&nbsp;not&nbsp;available,78.4
1096756.ATKN01000006_gene3101,ATKN01000006_gene3101,annotation&nbsp;not&nbsp;available,78.4
1096756.ATKN01000005_gene2671,ATKN01000005_gene2671,annotation&nbsp;not&nbsp;available,78.3
1096756.ATKN01000010_gene552,ATKN01000010_gene552,annotation&nbsp;not&nbsp;available,78.3
1096756.ATKN01000002_gene2439,ATKN01000002_gene2439,annotation&nbsp;not&nbsp;available,78.2
1096756.ATKN01000006_gene3064,ATKN01000006_gene3064,annotation&nbsp;not&nbsp;available,78.2
1096756.ATKN01000016_gene832,ATKN01000016_gene832,annotation&nbsp;not&nbsp;available,78.2
1096756.ATKN01000007_gene2551,ATKN01000007_gene2551,annotation&nbsp;not&nbsp;available,78.0
1096756.ATKN01000001_gene2165,ATKN01000001_gene2165,annotation&nbsp;not&nbsp;available,78.0
1096756.ATKN01000015_gene931,ATKN01000015_gene931,annotation&nbsp;not&nbsp;available,78.0
1096756.ATKN01000001_gene2171,ATKN01000001_gene2171,annotation&nbsp;not&nbsp;available,77.9
1096756.ATKN01000012_gene695,ATKN01000012_gene695,annotation&nbsp;not&nbsp;available,77.8
1096756.ATKN01000001_gene2256,ATKN01000001_gene2256,annotation&nbsp;not&nbsp;available,77.8
1096756.ATKN01000001_gene2257,ATKN01000001_gene2257,annotation&nbsp;not&nbsp;available,77.8
1096756.ATKN01000001_gene2280,ATKN01000001_gene2280,annotation&nbsp;not&nbsp;available,77.6
1096756.ATKN01000004_gene241,ATKN01000004_gene241,annotation&nbsp;not&nbsp;available,77.6
1096756.ATKN01000014_gene773,ATKN01000014_gene773,annotation&nbsp;not&nbsp;available,77.4
1096756.ATKN01000001_gene2360,ATKN01000001_gene2360,annotation&nbsp;not&nbsp;available,77.4
1096756.ATKN01000001_gene2184,ATKN01000001_gene2184,annotation&nbsp;not&nbsp;available,77.3
1096756.ATKN01000006_gene3087,ATKN01000006_gene3087,annotation&nbsp;not&nbsp;available,77.3
1096756.ATKN01000006_gene2938,ATKN01000006_gene2938,annotation&nbsp;not&nbsp;available,77.2
1096756.ATKN01000001_gene2099,ATKN01000001_gene2099,annotation&nbsp;not&nbsp;available,77.2
1096756.ATKN01000004_gene188,ATKN01000004_gene188,annotation&nbsp;not&nbsp;available,77.0
1096756.ATKN01000008_gene1349,ATKN01000008_gene1349,annotation&nbsp;not&nbsp;available,77.0
1096756.ATKN01000009_gene1114,ATKN01000009_gene1114,annotation&nbsp;not&nbsp;available,77.0
1096756.ATKN01000003_gene1692,ATKN01000003_gene1692,annotation&nbsp;not&nbsp;available,76.9
1096756.ATKN01000003_gene1944,ATKN01000003_gene1944,annotation&nbsp;not&nbsp;available,76.9
1096756.ATKN01000009_gene1070,ATKN01000009_gene1070,annotation&nbsp;not&nbsp;available,76.9
1096756.ATKN01000005_gene2889,ATKN01000005_gene2889,annotation&nbsp;not&nbsp;available,76.8
1096756.ATKN01000011_gene379,ATKN01000011_gene379,annotation&nbsp;not&nbsp;available,76.8
1096756.ATKN01000001_gene2332,ATKN01000001_gene2332,annotation&nbsp;not&nbsp;available,76.8
1096756.ATKN01000001_gene2209,ATKN01000001_gene2209,annotation&nbsp;not&nbsp;available,76.8
1096756.ATKN01000004_gene266,ATKN01000004_gene266,annotation&nbsp;not&nbsp;available,76.7
1096756.ATKN01000001_gene2025,ATKN01000001_gene2025,annotation&nbsp;not&nbsp;available,76.7
1096756.ATKN01000011_gene413,ATKN01000011_gene413,annotation&nbsp;not&nbsp;available,76.7
1096756.ATKN01000005_gene2892,ATKN01000005_gene2892,annotation&nbsp;not&nbsp;available,76.6
1096756.ATKN01000011_gene418,ATKN01000011_gene418,annotation&nbsp;not&nbsp;available,76.5
1096756.ATKN01000008_gene1188,ATKN01000008_gene1188,annotation&nbsp;not&nbsp;available,76.4
1096756.ATKN01000004_gene28,ATKN01000004_gene28,annotation&nbsp;not&nbsp;available,76.4
1096756.ATKN01000013_gene589,ATKN01000013_gene589,annotation&nbsp;not&nbsp;available,76.4
1096756.ATKN01000009_gene992,ATKN01000009_gene992,annotation&nbsp;not&nbsp;available,76.3
1096756.ATKN01000003_gene1780,ATKN01000003_gene1780,annotation&nbsp;not&nbsp;available,76.3
1096756.ATKN01000016_gene800,ATKN01000016_gene800,annotation&nbsp;not&nbsp;available,76.2
1096756.ATKN01000013_gene635,ATKN01000013_gene635,annotation&nbsp;not&nbsp;available,76.2
1096756.ATKN01000001_gene2148,ATKN01000001_gene2148,annotation&nbsp;not&nbsp;available,76.1
1096756.ATKN01000011_gene365,ATKN01000011_gene365,annotation&nbsp;not&nbsp;available,76.1
1096756.ATKN01000003_gene1928,ATKN01000003_gene1928,annotation&nbsp;not&nbsp;available,76.0
1096756.ATKN01000001_gene2370,ATKN01000001_gene2370,annotation&nbsp;not&nbsp;available,76.0
1096756.ATKN01000009_gene1060,ATKN01000009_gene1060,annotation&nbsp;not&nbsp;available,75.9
1096756.ATKN01000012_gene684,ATKN01000012_gene684,annotation&nbsp;not&nbsp;available,75.9
1096756.ATKN01000016_gene848,ATKN01000016_gene848,annotation&nbsp;not&nbsp;available,75.8
1096756.ATKN01000004_gene129,ATKN01000004_gene129,annotation&nbsp;not&nbsp;available,75.8
1096756.ATKN01000005_gene2874,ATKN01000005_gene2874,annotation&nbsp;not&nbsp;available,75.7
1096756.ATKN01000010_gene497,ATKN01000010_gene497,annotation&nbsp;not&nbsp;available,75.7
1096756.ATKN01000001_gene2016,ATKN01000001_gene2016,annotation&nbsp;not&nbsp;available,75.7
1096756.ATKN01000008_gene1168,ATKN01000008_gene1168,annotation&nbsp;not&nbsp;available,75.6
1096756.ATKN01000008_gene1195,ATKN01000008_gene1195,annotation&nbsp;not&nbsp;available,75.6
1096756.ATKN01000018_gene1417,ATKN01000018_gene1417,annotation&nbsp;not&nbsp;available,75.5
1096756.ATKN01000005_gene2738,ATKN01000005_gene2738,annotation&nbsp;not&nbsp;available,75.4
1096756.ATKN01000010_gene509,ATKN01000010_gene509,annotation&nbsp;not&nbsp;available,75.2
1096756.ATKN01000022_gene1629,ATKN01000022_gene1629,annotation&nbsp;not&nbsp;available,75.2
1096756.ATKN01000023_gene1462,ATKN01000023_gene1462,annotation&nbsp;not&nbsp;available,75.2
1096756.ATKN01000008_gene1204,ATKN01000008_gene1204,annotation&nbsp;not&nbsp;available,75.1
1096756.ATKN01000007_gene2532,ATKN01000007_gene2532,annotation&nbsp;not&nbsp;available,75.1
1096756.ATKN01000014_gene772,ATKN01000014_gene772,annotation&nbsp;not&nbsp;available,75.0
1096756.ATKN01000004_gene52,ATKN01000004_gene52,annotation&nbsp;not&nbsp;available,75.0
1096756.ATKN01000005_gene2771,ATKN01000005_gene2771,annotation&nbsp;not&nbsp;available,75.0
1096756.ATKN01000009_gene970,ATKN01000009_gene970,annotation&nbsp;not&nbsp;available,75.0
1096756.ATKN01000006_gene2978,ATKN01000006_gene2978,annotation&nbsp;not&nbsp;available,74.9
1096756.ATKN01000003_gene1686,ATKN01000003_gene1686,annotation&nbsp;not&nbsp;available,74.9
1096756.ATKN01000001_gene2373,ATKN01000001_gene2373,annotation&nbsp;not&nbsp;available,74.8
1096756.ATKN01000003_gene1669,ATKN01000003_gene1669,annotation&nbsp;not&nbsp;available,74.8
1096756.ATKN01000014_gene760,ATKN01000014_gene760,annotation&nbsp;not&nbsp;available,74.7
1096756.ATKN01000006_gene3124,ATKN01000006_gene3124,annotation&nbsp;not&nbsp;available,74.5
1096756.ATKN01000005_gene2753,ATKN01000005_gene2753,annotation&nbsp;not&nbsp;available,74.5
1096756.ATKN01000005_gene2684,ATKN01000005_gene2684,annotation&nbsp;not&nbsp;available,74.4
1096756.ATKN01000014_gene754,ATKN01000014_gene754,annotation&nbsp;not&nbsp;available,74.4
1096756.ATKN01000016_gene809,ATKN01000016_gene809,annotation&nbsp;not&nbsp;available,74.3
1096756.ATKN01000016_gene805,ATKN01000016_gene805,annotation&nbsp;not&nbsp;available,74.3
1096756.ATKN01000001_gene2230,ATKN01000001_gene2230,annotation&nbsp;not&nbsp;available,74.2
1096756.ATKN01000008_gene1281,ATKN01000008_gene1281,annotation&nbsp;not&nbsp;available,74.2
1096756.ATKN01000013_gene586,ATKN01000013_gene586,annotation&nbsp;not&nbsp;available,74.1
1096756.ATKN01000016_gene806,ATKN01000016_gene806,annotation&nbsp;not&nbsp;available,74.1
1096756.ATKN01000003_gene1771,ATKN01000003_gene1771,annotation&nbsp;not&nbsp;available,74.1
1096756.ATKN01000022_gene1639,ATKN01000022_gene1639,annotation&nbsp;not&nbsp;available,73.9
1096756.ATKN01000016_gene858,ATKN01000016_gene858,annotation&nbsp;not&nbsp;available,73.9
1096756.ATKN01000005_gene2783,ATKN01000005_gene2783,annotation&nbsp;not&nbsp;available,73.9
1096756.ATKN01000005_gene2922,ATKN01000005_gene2922,annotation&nbsp;not&nbsp;available,73.8
1096756.ATKN01000005_gene2715,ATKN01000005_gene2715,annotation&nbsp;not&nbsp;available,73.8
1096756.ATKN01000001_gene2077,ATKN01000001_gene2077,annotation&nbsp;not&nbsp;available,73.7
1096756.ATKN01000010_gene467,ATKN01000010_gene467,annotation&nbsp;not&nbsp;available,73.7
1096756.ATKN01000004_gene134,ATKN01000004_gene134,annotation&nbsp;not&nbsp;available,73.7
1096756.ATKN01000037_gene1,ATKN01000037_gene1,annotation&nbsp;not&nbsp;available,73.6
1096756.ATKN01000001_gene1998,ATKN01000001_gene1998,annotation&nbsp;not&nbsp;available,73.6
1096756.ATKN01000005_gene2807,ATKN01000005_gene2807,annotation&nbsp;not&nbsp;available,73.5
1096756.ATKN01000004_gene239,ATKN01000004_gene239,annotation&nbsp;not&nbsp;available,73.3
1096756.ATKN01000013_gene614,ATKN01000013_gene614,annotation&nbsp;not&nbsp;available,73.2
1096756.ATKN01000019_gene1527,ATKN01000019_gene1527,annotation&nbsp;not&nbsp;available,73.2
1096756.ATKN01000018_gene1418,ATKN01000018_gene1418,annotation&nbsp;not&nbsp;available,73.1
1096756.ATKN01000010_gene519,ATKN01000010_gene519,annotation&nbsp;not&nbsp;available,73.1
1096756.ATKN01000023_gene1476,ATKN01000023_gene1476,annotation&nbsp;not&nbsp;available,73.1
1096756.ATKN01000004_gene299,ATKN01000004_gene299,annotation&nbsp;not&nbsp;available,73.0
1096756.ATKN01000001_gene2296,ATKN01000001_gene2296,annotation&nbsp;not&nbsp;available,73.0
1096756.ATKN01000003_gene1930,ATKN01000003_gene1930,annotation&nbsp;not&nbsp;available,72.8
1096756.ATKN01000005_gene2911,ATKN01000005_gene2911,annotation&nbsp;not&nbsp;available,72.7
1096756.ATKN01000003_gene1852,ATKN01000003_gene1852,annotation&nbsp;not&nbsp;available,72.2
1096756.ATKN01000011_gene364,ATKN01000011_gene364,annotation&nbsp;not&nbsp;available,72.2
1096756.ATKN01000008_gene1257,ATKN01000008_gene1257,annotation&nbsp;not&nbsp;available,72.2
1096756.ATKN01000008_gene1245,ATKN01000008_gene1245,annotation&nbsp;not&nbsp;available,72.2
1096756.ATKN01000023_gene1465,ATKN01000023_gene1465,annotation&nbsp;not&nbsp;available,72.1
1096756.ATKN01000006_gene3013,ATKN01000006_gene3013,annotation&nbsp;not&nbsp;available,72.1
1096756.ATKN01000011_gene428,ATKN01000011_gene428,annotation&nbsp;not&nbsp;available,72.1
1096756.ATKN01000003_gene1912,ATKN01000003_gene1912,annotation&nbsp;not&nbsp;available,72.1
1096756.ATKN01000019_gene1533,ATKN01000019_gene1533,annotation&nbsp;not&nbsp;available,72.0
1096756.ATKN01000009_gene957,ATKN01000009_gene957,annotation&nbsp;not&nbsp;available,72.0
1096756.ATKN01000006_gene3004,ATKN01000006_gene3004,annotation&nbsp;not&nbsp;available,72.0
1096756.ATKN01000009_gene1075,ATKN01000009_gene1075,annotation&nbsp;not&nbsp;available,72.0
1096756.ATKN01000001_gene2078,ATKN01000001_gene2078,annotation&nbsp;not&nbsp;available,71.9
1096756.ATKN01000001_gene2176,ATKN01000001_gene2176,annotation&nbsp;not&nbsp;available,71.9
1096756.ATKN01000007_gene2654,ATKN01000007_gene2654,annotation&nbsp;not&nbsp;available,71.7
1096756.ATKN01000005_gene2777,ATKN01000005_gene2777,annotation&nbsp;not&nbsp;available,71.7
1096756.ATKN01000011_gene389,ATKN01000011_gene389,annotation&nbsp;not&nbsp;available,71.7
1096756.ATKN01000012_gene696,ATKN01000012_gene696,annotation&nbsp;not&nbsp;available,71.6
1096756.ATKN01000005_gene2910,ATKN01000005_gene2910,annotation&nbsp;not&nbsp;available,71.4
1096756.ATKN01000015_gene895,ATKN01000015_gene895,annotation&nbsp;not&nbsp;available,71.3
1096756.ATKN01000001_gene2163,ATKN01000001_gene2163,annotation&nbsp;not&nbsp;available,71.2
1096756.ATKN01000005_gene2722,ATKN01000005_gene2722,annotation&nbsp;not&nbsp;available,71.2
1096756.ATKN01000006_gene3123,ATKN01000006_gene3123,annotation&nbsp;not&nbsp;available,71.2
1096756.ATKN01000020_gene1583,ATKN01000020_gene1583,annotation&nbsp;not&nbsp;available,71.1
1096756.ATKN01000003_gene1916,ATKN01000003_gene1916,annotation&nbsp;not&nbsp;available,71.1
1096756.ATKN01000011_gene447,ATKN01000011_gene447,annotation&nbsp;not&nbsp;available,71.0
1096756.ATKN01000001_gene2159,ATKN01000001_gene2159,annotation&nbsp;not&nbsp;available,70.9
1096756.ATKN01000011_gene369,ATKN01000011_gene369,annotation&nbsp;not&nbsp;available,70.8
1096756.ATKN01000008_gene1211,ATKN01000008_gene1211,annotation&nbsp;not&nbsp;available,70.7
1096756.ATKN01000005_gene2773,ATKN01000005_gene2773,annotation&nbsp;not&nbsp;available,70.6
1096756.ATKN01000011_gene442,ATKN01000011_gene442,annotation&nbsp;not&nbsp;available,70.5
1096756.ATKN01000018_gene1419,ATKN01000018_gene1419,annotation&nbsp;not&nbsp;available,70.5
1096756.ATKN01000006_gene3115,ATKN01000006_gene3115,annotation&nbsp;not&nbsp;available,70.4
1096756.ATKN01000010_gene553,ATKN01000010_gene553,annotation&nbsp;not&nbsp;available,70.3
1096756.ATKN01000004_gene207,ATKN01000004_gene207,annotation&nbsp;not&nbsp;available,70.3
1096756.ATKN01000004_gene184,ATKN01000004_gene184,annotation&nbsp;not&nbsp;available,70.2
1096756.ATKN01000001_gene2001,ATKN01000001_gene2001,annotation&nbsp;not&nbsp;available,70.1
1096756.ATKN01000011_gene358,ATKN01000011_gene358,annotation&nbsp;not&nbsp;available,70.1
1096756.ATKN01000003_gene1913,ATKN01000003_gene1913,annotation&nbsp;not&nbsp;available,70.0
1096756.ATKN01000014_gene785,ATKN01000014_gene785,annotation&nbsp;not&nbsp;available,70.0
1096756.ATKN01000020_gene1579,ATKN01000020_gene1579,annotation&nbsp;not&nbsp;available,69.9
1096756.ATKN01000011_gene342,ATKN01000011_gene342,annotation&nbsp;not&nbsp;available,69.7
1096756.ATKN01000005_gene2875,ATKN01000005_gene2875,annotation&nbsp;not&nbsp;available,69.7
1096756.ATKN01000001_gene2270,ATKN01000001_gene2270,annotation&nbsp;not&nbsp;available,69.6
1096756.ATKN01000001_gene2076,ATKN01000001_gene2076,annotation&nbsp;not&nbsp;available,69.6
1096756.ATKN01000005_gene2918,ATKN01000005_gene2918,annotation&nbsp;not&nbsp;available,69.5
1096756.ATKN01000012_gene667,ATKN01000012_gene667,annotation&nbsp;not&nbsp;available,69.4
1096756.ATKN01000004_gene252,ATKN01000004_gene252,annotation&nbsp;not&nbsp;available,69.4
1096756.ATKN01000008_gene1216,ATKN01000008_gene1216,annotation&nbsp;not&nbsp;available,69.3
1096756.ATKN01000009_gene1017,ATKN01000009_gene1017,annotation&nbsp;not&nbsp;available,69.2
1096756.ATKN01000006_gene2933,ATKN01000006_gene2933,annotation&nbsp;not&nbsp;available,69.0
1096756.ATKN01000009_gene1100,ATKN01000009_gene1100,annotation&nbsp;not&nbsp;available,69.0
1096756.ATKN01000001_gene2146,ATKN01000001_gene2146,annotation&nbsp;not&nbsp;available,68.9
1096756.ATKN01000008_gene1244,ATKN01000008_gene1244,annotation&nbsp;not&nbsp;available,68.9
1096756.ATKN01000004_gene119,ATKN01000004_gene119,annotation&nbsp;not&nbsp;available,68.8
1096756.ATKN01000004_gene125,ATKN01000004_gene125,annotation&nbsp;not&nbsp;available,68.7
1096756.ATKN01000013_gene610,ATKN01000013_gene610,annotation&nbsp;not&nbsp;available,68.7
1096756.ATKN01000010_gene527,ATKN01000010_gene527,annotation&nbsp;not&nbsp;available,68.6
1096756.ATKN01000024_gene1502,ATKN01000024_gene1502,annotation&nbsp;not&nbsp;available,68.6
1096756.ATKN01000014_gene788,ATKN01000014_gene788,annotation&nbsp;not&nbsp;available,68.5
1096756.ATKN01000019_gene1543,ATKN01000019_gene1543,annotation&nbsp;not&nbsp;available,68.5
1096756.ATKN01000006_gene2987,ATKN01000006_gene2987,annotation&nbsp;not&nbsp;available,68.5
1096756.ATKN01000005_gene2787,ATKN01000005_gene2787,annotation&nbsp;not&nbsp;available,68.5
1096756.ATKN01000005_gene2692,ATKN01000005_gene2692,annotation&nbsp;not&nbsp;available,68.5
1096756.ATKN01000005_gene2871,ATKN01000005_gene2871,annotation&nbsp;not&nbsp;available,68.4
1096756.ATKN01000013_gene624,ATKN01000013_gene624,annotation&nbsp;not&nbsp;available,68.3
1096756.ATKN01000003_gene1881,ATKN01000003_gene1881,annotation&nbsp;not&nbsp;available,68.2
1096756.ATKN01000001_gene2245,ATKN01000001_gene2245,annotation&nbsp;not&nbsp;available,68.2
1096756.ATKN01000004_gene56,ATKN01000004_gene56,annotation&nbsp;not&nbsp;available,67.8
1096756.ATKN01000001_gene2168,ATKN01000001_gene2168,annotation&nbsp;not&nbsp;available,67.8
1096756.ATKN01000006_gene3134,ATKN01000006_gene3134,annotation&nbsp;not&nbsp;available,67.8
1096756.ATKN01000001_gene2134,ATKN01000001_gene2134,annotation&nbsp;not&nbsp;available,67.6
1096756.ATKN01000001_gene2126,ATKN01000001_gene2126,annotation&nbsp;not&nbsp;available,67.6
1096756.ATKN01000001_gene2187,ATKN01000001_gene2187,annotation&nbsp;not&nbsp;available,67.6
1096756.ATKN01000010_gene555,ATKN01000010_gene555,annotation&nbsp;not&nbsp;available,67.5
1096756.ATKN01000009_gene1113,ATKN01000009_gene1113,annotation&nbsp;not&nbsp;available,67.3
1096756.ATKN01000001_gene2335,ATKN01000001_gene2335,annotation&nbsp;not&nbsp;available,67.3
1096756.ATKN01000006_gene3037,ATKN01000006_gene3037,annotation&nbsp;not&nbsp;available,67.3
1096756.ATKN01000001_gene2188,ATKN01000001_gene2188,annotation&nbsp;not&nbsp;available,67.2
1096756.ATKN01000014_gene702,ATKN01000014_gene702,annotation&nbsp;not&nbsp;available,67.2
1096756.ATKN01000001_gene2177,ATKN01000001_gene2177,annotation&nbsp;not&nbsp;available,67.2
1096756.ATKN01000001_gene2275,ATKN01000001_gene2275,annotation&nbsp;not&nbsp;available,67.1
1096756.ATKN01000009_gene960,ATKN01000009_gene960,annotation&nbsp;not&nbsp;available,67.1
1096756.ATKN01000003_gene1831,ATKN01000003_gene1831,annotation&nbsp;not&nbsp;available,67.1
1096756.ATKN01000001_gene2017,ATKN01000001_gene2017,annotation&nbsp;not&nbsp;available,67.1
1096756.ATKN01000005_gene2837,ATKN01000005_gene2837,annotation&nbsp;not&nbsp;available,66.9
1096756.ATKN01000008_gene1260,ATKN01000008_gene1260,annotation&nbsp;not&nbsp;available,66.9
1096756.ATKN01000005_gene2904,ATKN01000005_gene2904,annotation&nbsp;not&nbsp;available,66.8
1096756.ATKN01000004_gene272,ATKN01000004_gene272,annotation&nbsp;not&nbsp;available,66.8
1096756.ATKN01000006_gene3063,ATKN01000006_gene3063,annotation&nbsp;not&nbsp;available,66.7
1096756.ATKN01000004_gene171,ATKN01000004_gene171,annotation&nbsp;not&nbsp;available,66.7
1096756.ATKN01000006_gene3125,ATKN01000006_gene3125,annotation&nbsp;not&nbsp;available,66.7
1096756.ATKN01000001_gene1989,ATKN01000001_gene1989,annotation&nbsp;not&nbsp;available,66.7
1096756.ATKN01000008_gene1218,ATKN01000008_gene1218,annotation&nbsp;not&nbsp;available,66.6
1096756.ATKN01000005_gene2801,ATKN01000005_gene2801,annotation&nbsp;not&nbsp;available,66.5
1096756.ATKN01000001_gene2203,ATKN01000001_gene2203,annotation&nbsp;not&nbsp;available,66.5
1096756.ATKN01000003_gene1708,ATKN01000003_gene1708,annotation&nbsp;not&nbsp;available,66.4
1096756.ATKN01000015_gene868,ATKN01000015_gene868,annotation&nbsp;not&nbsp;available,66.4
1096756.ATKN01000001_gene2220,ATKN01000001_gene2220,annotation&nbsp;not&nbsp;available,66.4
1096756.ATKN01000003_gene1807,ATKN01000003_gene1807,annotation&nbsp;not&nbsp;available,66.3
1096756.ATKN01000003_gene1845,ATKN01000003_gene1845,annotation&nbsp;not&nbsp;available,66.2
1096756.ATKN01000010_gene562,ATKN01000010_gene562,annotation&nbsp;not&nbsp;available,66.0
1096756.ATKN01000007_gene2612,ATKN01000007_gene2612,annotation&nbsp;not&nbsp;available,65.9
1096756.ATKN01000018_gene1420,ATKN01000018_gene1420,annotation&nbsp;not&nbsp;available,65.9
1096756.ATKN01000003_gene1812,ATKN01000003_gene1812,annotation&nbsp;not&nbsp;available,65.8
1096756.ATKN01000008_gene1151,ATKN01000008_gene1151,annotation&nbsp;not&nbsp;available,65.7
1096756.ATKN01000018_gene1431,ATKN01000018_gene1431,annotation&nbsp;not&nbsp;available,65.6
1096756.ATKN01000001_gene2108,ATKN01000001_gene2108,annotation&nbsp;not&nbsp;available,65.6
1096756.ATKN01000013_gene612,ATKN01000013_gene612,annotation&nbsp;not&nbsp;available,65.5
1096756.ATKN01000005_gene2792,ATKN01000005_gene2792,annotation&nbsp;not&nbsp;available,65.5
1096756.ATKN01000001_gene2180,ATKN01000001_gene2180,annotation&nbsp;not&nbsp;available,65.5
1096756.ATKN01000001_gene2368,ATKN01000001_gene2368,annotation&nbsp;not&nbsp;available,65.4
1096756.ATKN01000011_gene366,ATKN01000011_gene366,annotation&nbsp;not&nbsp;available,65.4
1096756.ATKN01000005_gene2816,ATKN01000005_gene2816,annotation&nbsp;not&nbsp;available,65.4
1096756.ATKN01000001_gene2164,ATKN01000001_gene2164,annotation&nbsp;not&nbsp;available,65.3
1096756.ATKN01000003_gene1947,ATKN01000003_gene1947,annotation&nbsp;not&nbsp;available,65.3
1096756.ATKN01000003_gene1945,ATKN01000003_gene1945,annotation&nbsp;not&nbsp;available,65.3
1096756.ATKN01000007_gene2531,ATKN01000007_gene2531,annotation&nbsp;not&nbsp;available,65.1
1096756.ATKN01000003_gene1713,ATKN01000003_gene1713,annotation&nbsp;not&nbsp;available,65.1
1096756.ATKN01000003_gene1851,ATKN01000003_gene1851,annotation&nbsp;not&nbsp;available,65.1
1096756.ATKN01000003_gene1821,ATKN01000003_gene1821,annotation&nbsp;not&nbsp;available,65.0
1096756.ATKN01000003_gene1919,ATKN01000003_gene1919,annotation&nbsp;not&nbsp;available,64.9
1096756.ATKN01000016_gene839,ATKN01000016_gene839,annotation&nbsp;not&nbsp;available,64.9
1096756.ATKN01000008_gene1150,ATKN01000008_gene1150,annotation&nbsp;not&nbsp;available,64.9
1096756.ATKN01000013_gene637,ATKN01000013_gene637,annotation&nbsp;not&nbsp;available,64.8
1096756.ATKN01000007_gene2518,ATKN01000007_gene2518,annotation&nbsp;not&nbsp;available,64.8
1096756.ATKN01000006_gene3048,ATKN01000006_gene3048,annotation&nbsp;not&nbsp;available,64.8
1096756.ATKN01000022_gene1633,ATKN01000022_gene1633,annotation&nbsp;not&nbsp;available,64.8
1096756.ATKN01000010_gene510,ATKN01000010_gene510,annotation&nbsp;not&nbsp;available,64.7
1096756.ATKN01000009_gene991,ATKN01000009_gene991,annotation&nbsp;not&nbsp;available,64.7
1096756.ATKN01000006_gene3114,ATKN01000006_gene3114,annotation&nbsp;not&nbsp;available,64.6
1096756.ATKN01000004_gene283,ATKN01000004_gene283,annotation&nbsp;not&nbsp;available,64.6
1096756.ATKN01000016_gene849,ATKN01000016_gene849,annotation&nbsp;not&nbsp;available,64.6
1096756.ATKN01000010_gene478,ATKN01000010_gene478,annotation&nbsp;not&nbsp;available,64.6
1096756.ATKN01000002_gene2422,ATKN01000002_gene2422,annotation&nbsp;not&nbsp;available,64.4
1096756.ATKN01000008_gene1348,ATKN01000008_gene1348,annotation&nbsp;not&nbsp;available,64.3
1096756.ATKN01000003_gene1796,ATKN01000003_gene1796,annotation&nbsp;not&nbsp;available,64.3
1096756.ATKN01000003_gene1921,ATKN01000003_gene1921,annotation&nbsp;not&nbsp;available,64.3
1096756.ATKN01000003_gene1664,ATKN01000003_gene1664,annotation&nbsp;not&nbsp;available,64.3
1096756.ATKN01000008_gene1267,ATKN01000008_gene1267,annotation&nbsp;not&nbsp;available,64.2
1096756.ATKN01000015_gene930,ATKN01000015_gene930,annotation&nbsp;not&nbsp;available,64.2
1096756.ATKN01000016_gene794,ATKN01000016_gene794,annotation&nbsp;not&nbsp;available,64.1
1096756.ATKN01000008_gene1293,ATKN01000008_gene1293,annotation&nbsp;not&nbsp;available,64.1
1096756.ATKN01000004_gene148,ATKN01000004_gene148,annotation&nbsp;not&nbsp;available,64.1
1096756.ATKN01000014_gene717,ATKN01000014_gene717,annotation&nbsp;not&nbsp;available,63.9
1096756.ATKN01000001_gene2118,ATKN01000001_gene2118,annotation&nbsp;not&nbsp;available,63.9
1096756.ATKN01000023_gene1464,ATKN01000023_gene1464,annotation&nbsp;not&nbsp;available,63.9
1096756.ATKN01000013_gene593,ATKN01000013_gene593,annotation&nbsp;not&nbsp;available,63.8
1096756.ATKN01000005_gene2800,ATKN01000005_gene2800,annotation&nbsp;not&nbsp;available,63.8
1096756.ATKN01000013_gene582,ATKN01000013_gene582,annotation&nbsp;not&nbsp;available,63.8
1096756.ATKN01000008_gene1196,ATKN01000008_gene1196,annotation&nbsp;not&nbsp;available,63.8
1096756.ATKN01000007_gene2446,ATKN01000007_gene2446,annotation&nbsp;not&nbsp;available,63.7
1096756.ATKN01000004_gene311,ATKN01000004_gene311,annotation&nbsp;not&nbsp;available,63.6
1096756.ATKN01000003_gene1892,ATKN01000003_gene1892,annotation&nbsp;not&nbsp;available,63.6
1096756.ATKN01000001_gene2367,ATKN01000001_gene2367,annotation&nbsp;not&nbsp;available,63.5
1096756.ATKN01000028_gene14,ATKN01000028_gene14,annotation&nbsp;not&nbsp;available,63.5
1096756.ATKN01000023_gene1480,ATKN01000023_gene1480,annotation&nbsp;not&nbsp;available,63.5
1096756.ATKN01000001_gene2246,ATKN01000001_gene2246,annotation&nbsp;not&nbsp;available,63.4
1096756.ATKN01000003_gene1920,ATKN01000003_gene1920,annotation&nbsp;not&nbsp;available,63.4
1096756.ATKN01000005_gene2741,ATKN01000005_gene2741,annotation&nbsp;not&nbsp;available,63.4
1096756.ATKN01000007_gene2473,ATKN01000007_gene2473,annotation&nbsp;not&nbsp;available,63.3
1096756.ATKN01000005_gene2870,ATKN01000005_gene2870,annotation&nbsp;not&nbsp;available,63.3
1096756.ATKN01000011_gene412,ATKN01000011_gene412,annotation&nbsp;not&nbsp;available,63.3
1096756.ATKN01000005_gene2853,ATKN01000005_gene2853,annotation&nbsp;not&nbsp;available,63.3
1096756.ATKN01000010_gene546,ATKN01000010_gene546,annotation&nbsp;not&nbsp;available,63.1
1096756.ATKN01000001_gene2173,ATKN01000001_gene2173,annotation&nbsp;not&nbsp;available,62.9
1096756.ATKN01000009_gene1064,ATKN01000009_gene1064,annotation&nbsp;not&nbsp;available,62.9
1096756.ATKN01000001_gene2094,ATKN01000001_gene2094,annotation&nbsp;not&nbsp;available,62.8
1096756.ATKN01000005_gene2857,ATKN01000005_gene2857,annotation&nbsp;not&nbsp;available,62.8
1096756.ATKN01000001_gene2233,ATKN01000001_gene2233,annotation&nbsp;not&nbsp;available,62.8
1096756.ATKN01000004_gene286,ATKN01000004_gene286,annotation&nbsp;not&nbsp;available,62.5
1096756.ATKN01000005_gene2916,ATKN01000005_gene2916,annotation&nbsp;not&nbsp;available,62.4
1096756.ATKN01000011_gene370,ATKN01000011_gene370,annotation&nbsp;not&nbsp;available,62.4
1096756.ATKN01000005_gene2784,ATKN01000005_gene2784,annotation&nbsp;not&nbsp;available,62.3
1096756.ATKN01000008_gene1350,ATKN01000008_gene1350,annotation&nbsp;not&nbsp;available,62.3
1096756.ATKN01000004_gene154,ATKN01000004_gene154,annotation&nbsp;not&nbsp;available,62.1
1096756.ATKN01000001_gene2264,ATKN01000001_gene2264,annotation&nbsp;not&nbsp;available,62.1
1096756.ATKN01000007_gene2530,ATKN01000007_gene2530,annotation&nbsp;not&nbsp;available,61.9
1096756.ATKN01000004_gene27,ATKN01000004_gene27,annotation&nbsp;not&nbsp;available,61.8
1096756.ATKN01000006_gene2984,ATKN01000006_gene2984,annotation&nbsp;not&nbsp;available,61.7
1096756.ATKN01000001_gene2263,ATKN01000001_gene2263,annotation&nbsp;not&nbsp;available,61.7
1096756.ATKN01000022_gene1630,ATKN01000022_gene1630,annotation&nbsp;not&nbsp;available,61.7
1096756.ATKN01000004_gene210,ATKN01000004_gene210,annotation&nbsp;not&nbsp;available,61.5
1096756.ATKN01000007_gene2539,ATKN01000007_gene2539,annotation&nbsp;not&nbsp;available,61.5
1096756.ATKN01000001_gene2105,ATKN01000001_gene2105,annotation&nbsp;not&nbsp;available,61.5
1096756.ATKN01000008_gene1297,ATKN01000008_gene1297,annotation&nbsp;not&nbsp;available,61.2
1096756.ATKN01000005_gene2681,ATKN01000005_gene2681,annotation&nbsp;not&nbsp;available,61.1
1096756.ATKN01000001_gene1993,ATKN01000001_gene1993,annotation&nbsp;not&nbsp;available,61.1
1096756.ATKN01000013_gene613,ATKN01000013_gene613,annotation&nbsp;not&nbsp;available,61.1
1096756.ATKN01000006_gene3071,ATKN01000006_gene3071,annotation&nbsp;not&nbsp;available,60.9
1096756.ATKN01000003_gene1927,ATKN01000003_gene1927,annotation&nbsp;not&nbsp;available,60.8
1096756.ATKN01000001_gene2361,ATKN01000001_gene2361,annotation&nbsp;not&nbsp;available,60.7
1096756.ATKN01000009_gene978,ATKN01000009_gene978,annotation&nbsp;not&nbsp;available,60.7
1096756.ATKN01000013_gene654,ATKN01000013_gene654,annotation&nbsp;not&nbsp;available,60.5
1096756.ATKN01000005_gene2694,ATKN01000005_gene2694,annotation&nbsp;not&nbsp;available,60.5
1096756.ATKN01000004_gene278,ATKN01000004_gene278,annotation&nbsp;not&nbsp;available,60.5
1096756.ATKN01000009_gene1076,ATKN01000009_gene1076,annotation&nbsp;not&nbsp;available,60.4
1096756.ATKN01000013_gene631,ATKN01000013_gene631,annotation&nbsp;not&nbsp;available,60.4
1096756.ATKN01000006_gene3031,ATKN01000006_gene3031,annotation&nbsp;not&nbsp;available,60.4
1096756.ATKN01000001_gene2154,ATKN01000001_gene2154,annotation&nbsp;not&nbsp;available,60.3
1096756.ATKN01000008_gene1167,ATKN01000008_gene1167,annotation&nbsp;not&nbsp;available,60.3
1096756.ATKN01000001_gene2128,ATKN01000001_gene2128,annotation&nbsp;not&nbsp;available,60.1
1096756.ATKN01000016_gene859,ATKN01000016_gene859,annotation&nbsp;not&nbsp;available,60.1
1096756.ATKN01000008_gene1330,ATKN01000008_gene1330,annotation&nbsp;not&nbsp;available,60.1
1096756.ATKN01000009_gene969,ATKN01000009_gene969,annotation&nbsp;not&nbsp;available,59.9
1096756.ATKN01000006_gene2997,ATKN01000006_gene2997,annotation&nbsp;not&nbsp;available,59.9
1096756.ATKN01000001_gene2212,ATKN01000001_gene2212,annotation&nbsp;not&nbsp;available,59.8
1096756.ATKN01000005_gene2788,ATKN01000005_gene2788,annotation&nbsp;not&nbsp;available,59.8
1096756.ATKN01000017_gene1381,ATKN01000017_gene1381,annotation&nbsp;not&nbsp;available,59.6
1096756.ATKN01000011_gene426,ATKN01000011_gene426,annotation&nbsp;not&nbsp;available,59.6
1096756.ATKN01000001_gene1986,ATKN01000001_gene1986,annotation&nbsp;not&nbsp;available,59.5
1096756.ATKN01000023_gene1457,ATKN01000023_gene1457,annotation&nbsp;not&nbsp;available,59.5
1096756.ATKN01000007_gene2586,ATKN01000007_gene2586,annotation&nbsp;not&nbsp;available,59.2
1096756.ATKN01000009_gene1066,ATKN01000009_gene1066,annotation&nbsp;not&nbsp;available,59.2
1096756.ATKN01000006_gene2968,ATKN01000006_gene2968,annotation&nbsp;not&nbsp;available,59.2
1096756.ATKN01000001_gene2239,ATKN01000001_gene2239,annotation&nbsp;not&nbsp;available,59.1
1096756.ATKN01000004_gene120,ATKN01000004_gene120,annotation&nbsp;not&nbsp;available,59.0
1096756.ATKN01000002_gene2433,ATKN01000002_gene2433,annotation&nbsp;not&nbsp;available,58.9
1096756.ATKN01000017_gene1371,ATKN01000017_gene1371,annotation&nbsp;not&nbsp;available,58.9
1096756.ATKN01000011_gene344,ATKN01000011_gene344,annotation&nbsp;not&nbsp;available,58.9
1096756.ATKN01000009_gene1115,ATKN01000009_gene1115,annotation&nbsp;not&nbsp;available,58.9
1096756.ATKN01000007_gene2580,ATKN01000007_gene2580,annotation&nbsp;not&nbsp;available,58.8
1096756.ATKN01000006_gene3047,ATKN01000006_gene3047,annotation&nbsp;not&nbsp;available,58.8
1096756.ATKN01000007_gene2479,ATKN01000007_gene2479,annotation&nbsp;not&nbsp;available,58.8
1096756.ATKN01000019_gene1565,ATKN01000019_gene1565,annotation&nbsp;not&nbsp;available,58.7
1096756.ATKN01000007_gene2622,ATKN01000007_gene2622,annotation&nbsp;not&nbsp;available,58.7
1096756.ATKN01000007_gene2588,ATKN01000007_gene2588,annotation&nbsp;not&nbsp;available,58.6
1096756.ATKN01000009_gene941,ATKN01000009_gene941,annotation&nbsp;not&nbsp;available,58.5
1096756.ATKN01000009_gene954,ATKN01000009_gene954,annotation&nbsp;not&nbsp;available,58.4
1096756.ATKN01000004_gene170,ATKN01000004_gene170,annotation&nbsp;not&nbsp;available,58.4
1096756.ATKN01000015_gene863,ATKN01000015_gene863,annotation&nbsp;not&nbsp;available,58.3
1096756.ATKN01000011_gene416,ATKN01000011_gene416,annotation&nbsp;not&nbsp;available,58.2
1096756.ATKN01000006_gene3108,ATKN01000006_gene3108,annotation&nbsp;not&nbsp;available,58.1
1096756.ATKN01000007_gene2618,ATKN01000007_gene2618,annotation&nbsp;not&nbsp;available,57.9
1096756.ATKN01000010_gene516,ATKN01000010_gene516,annotation&nbsp;not&nbsp;available,57.9
1096756.ATKN01000004_gene244,ATKN01000004_gene244,annotation&nbsp;not&nbsp;available,57.9
1096756.ATKN01000008_gene1347,ATKN01000008_gene1347,annotation&nbsp;not&nbsp;available,57.8
1096756.ATKN01000004_gene251,ATKN01000004_gene251,annotation&nbsp;not&nbsp;available,57.8
1096756.ATKN01000001_gene2271,ATKN01000001_gene2271,annotation&nbsp;not&nbsp;available,57.7
1096756.ATKN01000003_gene1738,ATKN01000003_gene1738,annotation&nbsp;not&nbsp;available,57.6
1096756.ATKN01000005_gene2768,ATKN01000005_gene2768,annotation&nbsp;not&nbsp;available,57.5
1096756.ATKN01000001_gene2068,ATKN01000001_gene2068,annotation&nbsp;not&nbsp;available,57.5
1096756.ATKN01000011_gene411,ATKN01000011_gene411,annotation&nbsp;not&nbsp;available,57.5
1096756.ATKN01000009_gene1042,ATKN01000009_gene1042,annotation&nbsp;not&nbsp;available,57.4
1096756.ATKN01000014_gene715,ATKN01000014_gene715,annotation&nbsp;not&nbsp;available,57.4
1096756.ATKN01000013_gene599,ATKN01000013_gene599,annotation&nbsp;not&nbsp;available,57.3
1096756.ATKN01000001_gene2302,ATKN01000001_gene2302,annotation&nbsp;not&nbsp;available,57.3
1096756.ATKN01000006_gene3065,ATKN01000006_gene3065,annotation&nbsp;not&nbsp;available,57.1
1096756.ATKN01000001_gene2279,ATKN01000001_gene2279,annotation&nbsp;not&nbsp;available,57.1
1096756.ATKN01000001_gene1980,ATKN01000001_gene1980,annotation&nbsp;not&nbsp;available,57.1
1096756.ATKN01000006_gene3107,ATKN01000006_gene3107,annotation&nbsp;not&nbsp;available,57.0
1096756.ATKN01000004_gene177,ATKN01000004_gene177,annotation&nbsp;not&nbsp;available,57.0
1096756.ATKN01000004_gene185,ATKN01000004_gene185,annotation&nbsp;not&nbsp;available,56.8
1096756.ATKN01000011_gene371,ATKN01000011_gene371,annotation&nbsp;not&nbsp;available,56.8
1096756.ATKN01000008_gene1333,ATKN01000008_gene1333,annotation&nbsp;not&nbsp;available,56.6
1096756.ATKN01000005_gene2707,ATKN01000005_gene2707,annotation&nbsp;not&nbsp;available,56.6
1096756.ATKN01000009_gene1131,ATKN01000009_gene1131,annotation&nbsp;not&nbsp;available,56.5
1096756.ATKN01000009_gene1135,ATKN01000009_gene1135,annotation&nbsp;not&nbsp;available,56.4
1096756.ATKN01000001_gene2138,ATKN01000001_gene2138,annotation&nbsp;not&nbsp;available,56.4
1096756.ATKN01000006_gene2966,ATKN01000006_gene2966,annotation&nbsp;not&nbsp;available,56.3
1096756.ATKN01000004_gene167,ATKN01000004_gene167,annotation&nbsp;not&nbsp;available,56.2
1096756.ATKN01000013_gene585,ATKN01000013_gene585,annotation&nbsp;not&nbsp;available,56.2
1096756.ATKN01000009_gene1062,ATKN01000009_gene1062,annotation&nbsp;not&nbsp;available,56.2
1096756.ATKN01000011_gene359,ATKN01000011_gene359,annotation&nbsp;not&nbsp;available,56.1
1096756.ATKN01000001_gene2019,ATKN01000001_gene2019,annotation&nbsp;not&nbsp;available,56.1
1096756.ATKN01000007_gene2658,ATKN01000007_gene2658,annotation&nbsp;not&nbsp;available,56.1
1096756.ATKN01000007_gene2570,ATKN01000007_gene2570,annotation&nbsp;not&nbsp;available,56.0
1096756.ATKN01000003_gene1811,ATKN01000003_gene1811,annotation&nbsp;not&nbsp;available,55.9
1096756.ATKN01000001_gene2197,ATKN01000001_gene2197,annotation&nbsp;not&nbsp;available,55.8
1096756.ATKN01000010_gene475,ATKN01000010_gene475,annotation&nbsp;not&nbsp;available,55.8
1096756.ATKN01000002_gene2404,ATKN01000002_gene2404,annotation&nbsp;not&nbsp;available,55.7
1096756.ATKN01000022_gene1636,ATKN01000022_gene1636,annotation&nbsp;not&nbsp;available,55.6
1096756.ATKN01000009_gene1116,ATKN01000009_gene1116,annotation&nbsp;not&nbsp;available,55.6
1096756.ATKN01000006_gene2956,ATKN01000006_gene2956,annotation&nbsp;not&nbsp;available,55.5
1096756.ATKN01000001_gene2225,ATKN01000001_gene2225,annotation&nbsp;not&nbsp;available,55.5
1096756.ATKN01000008_gene1276,ATKN01000008_gene1276,annotation&nbsp;not&nbsp;available,55.4
1096756.ATKN01000006_gene3113,ATKN01000006_gene3113,annotation&nbsp;not&nbsp;available,55.4
1096756.ATKN01000008_gene1166,ATKN01000008_gene1166,annotation&nbsp;not&nbsp;available,55.3
1096756.ATKN01000005_gene2815,ATKN01000005_gene2815,annotation&nbsp;not&nbsp;available,55.3
1096756.ATKN01000004_gene97,ATKN01000004_gene97,annotation&nbsp;not&nbsp;available,54.9
1096756.ATKN01000014_gene701,ATKN01000014_gene701,annotation&nbsp;not&nbsp;available,54.9
1096756.ATKN01000015_gene879,ATKN01000015_gene879,annotation&nbsp;not&nbsp;available,54.8
1096756.ATKN01000008_gene1198,ATKN01000008_gene1198,annotation&nbsp;not&nbsp;available,54.7
1096756.ATKN01000004_gene276,ATKN01000004_gene276,annotation&nbsp;not&nbsp;available,54.7
1096756.ATKN01000015_gene913,ATKN01000015_gene913,annotation&nbsp;not&nbsp;available,54.4
1096756.ATKN01000008_gene1202,ATKN01000008_gene1202,annotation&nbsp;not&nbsp;available,54.4
1096756.ATKN01000014_gene699,ATKN01000014_gene699,annotation&nbsp;not&nbsp;available,54.3
1096756.ATKN01000008_gene1161,ATKN01000008_gene1161,annotation&nbsp;not&nbsp;available,54.3
1096756.ATKN01000009_gene1089,ATKN01000009_gene1089,annotation&nbsp;not&nbsp;available,54.2
1096756.ATKN01000020_gene1589,ATKN01000020_gene1589,annotation&nbsp;not&nbsp;available,54.2
1096756.ATKN01000010_gene557,ATKN01000010_gene557,annotation&nbsp;not&nbsp;available,54.1
1096756.ATKN01000001_gene2301,ATKN01000001_gene2301,annotation&nbsp;not&nbsp;available,54.0
1096756.ATKN01000001_gene2041,ATKN01000001_gene2041,annotation&nbsp;not&nbsp;available,53.9
1096756.ATKN01000004_gene287,ATKN01000004_gene287,annotation&nbsp;not&nbsp;available,53.9
1096756.ATKN01000001_gene2322,ATKN01000001_gene2322,annotation&nbsp;not&nbsp;available,53.8
1096756.ATKN01000005_gene2745,ATKN01000005_gene2745,annotation&nbsp;not&nbsp;available,53.8
1096756.ATKN01000001_gene2147,ATKN01000001_gene2147,annotation&nbsp;not&nbsp;available,53.7
1096756.ATKN01000011_gene401,ATKN01000011_gene401,annotation&nbsp;not&nbsp;available,53.5
1096756.ATKN01000005_gene2710,ATKN01000005_gene2710,annotation&nbsp;not&nbsp;available,53.5
1096756.ATKN01000005_gene2791,ATKN01000005_gene2791,annotation&nbsp;not&nbsp;available,53.5
1096756.ATKN01000005_gene2740,ATKN01000005_gene2740,annotation&nbsp;not&nbsp;available,53.4
1096756.ATKN01000001_gene2179,ATKN01000001_gene2179,annotation&nbsp;not&nbsp;available,53.4
1096756.ATKN01000008_gene1325,ATKN01000008_gene1325,annotation&nbsp;not&nbsp;available,53.4
1096756.ATKN01000003_gene1719,ATKN01000003_gene1719,annotation&nbsp;not&nbsp;available,53.3
1096756.ATKN01000011_gene430,ATKN01000011_gene430,annotation&nbsp;not&nbsp;available,53.3
1096756.ATKN01000024_gene1501,ATKN01000024_gene1501,annotation&nbsp;not&nbsp;available,53.3
1096756.ATKN01000006_gene3074,ATKN01000006_gene3074,annotation&nbsp;not&nbsp;available,53.1
1096756.ATKN01000003_gene1676,ATKN01000003_gene1676,annotation&nbsp;not&nbsp;available,52.9
1096756.ATKN01000005_gene2901,ATKN01000005_gene2901,annotation&nbsp;not&nbsp;available,52.8
1096756.ATKN01000028_gene9,ATKN01000028_gene9,annotation&nbsp;not&nbsp;available,52.8
1096756.ATKN01000004_gene214,ATKN01000004_gene214,annotation&nbsp;not&nbsp;available,52.8
1096756.ATKN01000001_gene2260,ATKN01000001_gene2260,annotation&nbsp;not&nbsp;available,52.7
1096756.ATKN01000010_gene564,ATKN01000010_gene564,annotation&nbsp;not&nbsp;available,52.6
1096756.ATKN01000010_gene468,ATKN01000010_gene468,annotation&nbsp;not&nbsp;available,52.6
1096756.ATKN01000004_gene114,ATKN01000004_gene114,annotation&nbsp;not&nbsp;available,52.6
1096756.ATKN01000019_gene1541,ATKN01000019_gene1541,annotation&nbsp;not&nbsp;available,52.5
1096756.ATKN01000009_gene1061,ATKN01000009_gene1061,annotation&nbsp;not&nbsp;available,52.5
1096756.ATKN01000005_gene2855,ATKN01000005_gene2855,annotation&nbsp;not&nbsp;available,52.5
1096756.ATKN01000011_gene407,ATKN01000011_gene407,annotation&nbsp;not&nbsp;available,52.5
1096756.ATKN01000001_gene2228,ATKN01000001_gene2228,annotation&nbsp;not&nbsp;available,52.5
1096756.ATKN01000005_gene2739,ATKN01000005_gene2739,annotation&nbsp;not&nbsp;available,52.4
1096756.ATKN01000010_gene517,ATKN01000010_gene517,annotation&nbsp;not&nbsp;available,52.3
1096756.ATKN01000004_gene256,ATKN01000004_gene256,annotation&nbsp;not&nbsp;available,52.3
1096756.ATKN01000001_gene2102,ATKN01000001_gene2102,annotation&nbsp;not&nbsp;available,52.2
1096756.ATKN01000001_gene2259,ATKN01000001_gene2259,annotation&nbsp;not&nbsp;available,52.0
1096756.ATKN01000015_gene900,ATKN01000015_gene900,annotation&nbsp;not&nbsp;available,51.9
1096756.ATKN01000008_gene1220,ATKN01000008_gene1220,annotation&nbsp;not&nbsp;available,51.9
1096756.ATKN01000004_gene227,ATKN01000004_gene227,annotation&nbsp;not&nbsp;available,51.7
1096756.ATKN01000002_gene2418,ATKN01000002_gene2418,annotation&nbsp;not&nbsp;available,51.7
1096756.ATKN01000011_gene356,ATKN01000011_gene356,annotation&nbsp;not&nbsp;available,51.7
1096756.ATKN01000001_gene2186,ATKN01000001_gene2186,annotation&nbsp;not&nbsp;available,51.5
1096756.ATKN01000007_gene2621,ATKN01000007_gene2621,annotation&nbsp;not&nbsp;available,51.4
1096756.ATKN01000006_gene3014,ATKN01000006_gene3014,annotation&nbsp;not&nbsp;available,51.3
1096756.ATKN01000009_gene1097,ATKN01000009_gene1097,annotation&nbsp;not&nbsp;available,51.1
1096756.ATKN01000023_gene1482,ATKN01000023_gene1482,annotation&nbsp;not&nbsp;available,51.0
1096756.ATKN01000006_gene3035,ATKN01000006_gene3035,annotation&nbsp;not&nbsp;available,51.0
