595593.JREV01000045_gene879,rpsQ,30S&nbsp;ribosomal&nbsp;protein&nbsp;S17,98.9
595593.JREV01000059_gene2425,MB46_19695,annotation&nbsp;not&nbsp;available,98.8
595593.JREV01000062_gene2278,MB46_14870,annotation&nbsp;not&nbsp;available,98.5
595593.JREV01000022_gene1705,ctaB,Protoheme&nbsp;IX&nbsp;farnesyltransferase,98.5
595593.JREV01000033_gene3381,MB46_18090,annotation&nbsp;not&nbsp;available,98.3
595593.JREV01000052_gene2168,gatB,Aspartyl/glutamyl-tRNA(Asn/Gln)&nbsp;amidotransferase&nbsp;subunit&nbsp;B,98.3
595593.JREV01000010_gene2720,MB46_08240,Undecaprenyl-PP-MurNAc-pentapeptide-UDPGlcNAc&nbsp;GlcNAc&nbsp;transferase,98.1
595593.JREV01000046_gene627,MB46_01270,annotation&nbsp;not&nbsp;available,97.9
595593.JREV01000054_gene2419,guaA,GMP&nbsp;synthase&nbsp;[glutamine-hydrolyzing],97.9
595593.JREV01000067_gene1907,MB46_15390,annotation&nbsp;not&nbsp;available,97.9
595593.JREV01000045_gene854,rplA,50S&nbsp;ribosomal&nbsp;protein&nbsp;L1,97.8
595593.JREV01000064_gene203,MB46_10470,annotation&nbsp;not&nbsp;available,97.7
595593.JREV01000045_gene721,MB46_14180,annotation&nbsp;not&nbsp;available,97.7
595593.JREV01000040_gene3902,MB46_14695,annotation&nbsp;not&nbsp;available,97.7
595593.JREV01000022_gene1507,MB46_04100,annotation&nbsp;not&nbsp;available,97.6
595593.JREV01000042_gene3953,MB46_08305,annotation&nbsp;not&nbsp;available,97.5
595593.JREV01000010_gene2745,glsA,annotation&nbsp;not&nbsp;available,97.1
595593.JREV01000067_gene1875,MB46_15550,annotation&nbsp;not&nbsp;available,97.0
595593.JREV01000062_gene2279,purS,Phosphoribosylformylglycinamidine&nbsp;synthase&nbsp;subunit&nbsp;PurS,96.9
595593.JREV01000022_gene1712,MB46_05145,annotation&nbsp;not&nbsp;available,96.9
595593.JREV01000038_gene3717,MB46_11970,annotation&nbsp;not&nbsp;available,96.9
595593.JREV01000040_gene3934,MB46_14530,annotation&nbsp;not&nbsp;available,96.8
595593.JREV01000021_gene1748,MB46_10550,annotation&nbsp;not&nbsp;available,96.8
595593.JREV01000064_gene87,MB46_09880,annotation&nbsp;not&nbsp;available,96.7
595593.JREV01000041_gene275,MB46_11395,dTDP-4-dehydrorhamnose&nbsp;reductase,96.7
595593.JREV01000035_gene3421,rplU,50S&nbsp;ribosomal&nbsp;protein&nbsp;L21,96.7
595593.JREV01000062_gene2280,purQ,Phosphoribosylformylglycinamidine&nbsp;synthase&nbsp;subunit&nbsp;PurQ,96.7
595593.JREV01000067_gene1985,MB46_14975,annotation&nbsp;not&nbsp;available,96.7
595593.JREV01000061_gene1132,MB46_03855,annotation&nbsp;not&nbsp;available,96.6
595593.JREV01000045_gene920,MB46_13190,annotation&nbsp;not&nbsp;available,96.6
595593.JREV01000008_gene2779,MB46_07790,annotation&nbsp;not&nbsp;available,96.5
595593.JREV01000019_gene3106,MB46_07255,annotation&nbsp;not&nbsp;available,96.5
595593.JREV01000045_gene866,tuf,Elongation&nbsp;factor&nbsp;Tu,96.5
595593.JREV01000046_gene649,MB46_01380,annotation&nbsp;not&nbsp;available,96.4
595593.JREV01000045_gene962,MB46_12980,annotation&nbsp;not&nbsp;available,96.4
595593.JREV01000064_gene127,MB46_10090,annotation&nbsp;not&nbsp;available,96.1
595593.JREV01000008_gene2792,ribA,GTP&nbsp;cyclohydrolase-2,96.1
595593.JREV01000008_gene2796,hisF,Imidazole&nbsp;glycerol&nbsp;phosphate&nbsp;synthase&nbsp;subunit&nbsp;HisF,96.1
595593.JREV01000039_gene3857,MB46_16415,annotation&nbsp;not&nbsp;available,96.1
595593.JREV01000042_gene3957,MB46_08325,annotation&nbsp;not&nbsp;available,96.1
595593.JREV01000051_gene2134,MB46_07985,annotation&nbsp;not&nbsp;available,96.0
595593.JREV01000024_gene1404,MB46_09365,annotation&nbsp;not&nbsp;available,96.0
595593.JREV01000039_gene3801,MB46_16690,annotation&nbsp;not&nbsp;available,95.9
595593.JREV01000040_gene3947,MB46_14465,annotation&nbsp;not&nbsp;available,95.8
595593.JREV01000042_gene3990,pyrB,annotation&nbsp;not&nbsp;available,95.7
595593.JREV01000055_gene2238,MB46_12300,annotation&nbsp;not&nbsp;available,95.7
595593.JREV01000046_gene606,MB46_01165,annotation&nbsp;not&nbsp;available,95.7
595593.JREV01000067_gene1931,MB46_15265,annotation&nbsp;not&nbsp;available,95.6
595593.JREV01000039_gene3771,rpsN,30S&nbsp;ribosomal&nbsp;protein&nbsp;S14,95.6
595593.JREV01000022_gene1577,cmk,annotation&nbsp;not&nbsp;available,95.4
595593.JREV01000039_gene3879,rpsR,30S&nbsp;ribosomal&nbsp;protein&nbsp;S18,95.3
595593.JREV01000045_gene895,MB46_13310,annotation&nbsp;not&nbsp;available,95.3
595593.JREV01000005_gene2929,MB46_06075,annotation&nbsp;not&nbsp;available,95.3
595593.JREV01000064_gene63,rpmF,annotation&nbsp;not&nbsp;available,95.3
595593.JREV01000005_gene2922,MB46_06110,annotation&nbsp;not&nbsp;available,95.2
595593.JREV01000067_gene1921,pstB,Phosphate&nbsp;import&nbsp;ATP-binding&nbsp;protein&nbsp;PstB,95.2
595593.JREV01000062_gene2276,MB46_14860,annotation&nbsp;not&nbsp;available,95.1
595593.JREV01000064_gene32,MB46_09620,Glucose-6-phosphate&nbsp;1-dehydrogenase,94.9
595593.JREV01000022_gene1729,MB46_05230,annotation&nbsp;not&nbsp;available,94.8
595593.JREV01000040_gene3933,MB46_14535,annotation&nbsp;not&nbsp;available,94.8
595593.JREV01000031_gene3227,MB46_01495,annotation&nbsp;not&nbsp;available,94.8
595593.JREV01000022_gene1501,pheT,annotation&nbsp;not&nbsp;available,94.6
595593.JREV01000042_gene4012,MB46_08605,annotation&nbsp;not&nbsp;available,94.6
595593.JREV01000010_gene2731,MB46_08185,annotation&nbsp;not&nbsp;available,94.6
595593.JREV01000045_gene862,rpoC,DNA-directed&nbsp;RNA&nbsp;polymerase&nbsp;subunit&nbsp;beta',94.5
595593.JREV01000060_gene2550,MB46_00040,annotation&nbsp;not&nbsp;available,94.5
595593.JREV01000045_gene853,rplK,50S&nbsp;ribosomal&nbsp;protein&nbsp;L11,94.0
595593.JREV01000061_gene1111,infB,Translation&nbsp;initiation&nbsp;factor&nbsp;IF-2,93.9
595593.JREV01000067_gene1903,MB46_15410,annotation&nbsp;not&nbsp;available,93.8
595593.JREV01000022_gene1553,MB46_04345,annotation&nbsp;not&nbsp;available,93.6
595593.JREV01000045_gene860,MB46_13485,annotation&nbsp;not&nbsp;available,93.6
595593.JREV01000021_gene1761,MB46_10615,annotation&nbsp;not&nbsp;available,93.2
595593.JREV01000021_gene1846,MB46_11045,annotation&nbsp;not&nbsp;available,93.1
595593.JREV01000021_gene1747,phnC,Phosphonates&nbsp;import&nbsp;ATP-binding&nbsp;protein&nbsp;PhnC,93.1
595593.JREV01000064_gene97,murA,UDP-N-acetylglucosamine&nbsp;1-carboxyvinyltransferase,93.0
595593.JREV01000069_gene227,MB46_19010,annotation&nbsp;not&nbsp;available,92.9
595593.JREV01000005_gene2956,MB46_06020,annotation&nbsp;not&nbsp;available,92.9
595593.JREV01000054_gene2401,MB46_12870,annotation&nbsp;not&nbsp;available,92.9
595593.JREV01000011_gene1998,MB46_16980,annotation&nbsp;not&nbsp;available,92.8
595593.JREV01000032_gene3261,MB46_06545,annotation&nbsp;not&nbsp;available,92.7
595593.JREV01000033_gene3345,MB46_18265,annotation&nbsp;not&nbsp;available,92.7
595593.JREV01000054_gene2393,MB46_12835,annotation&nbsp;not&nbsp;available,92.6
595593.JREV01000022_gene1644,MB46_04805,annotation&nbsp;not&nbsp;available,92.5
595593.JREV01000006_gene2875,MB46_01920,annotation&nbsp;not&nbsp;available,92.2
595593.JREV01000060_gene2510,MB46_00235,annotation&nbsp;not&nbsp;available,92.2
595593.JREV01000044_gene360,MB46_05320,annotation&nbsp;not&nbsp;available,92.0
595593.JREV01000007_gene2829,rpsB,annotation&nbsp;not&nbsp;available,92.0
595593.JREV01000038_gene3738,MB46_12075,Methionine&nbsp;import&nbsp;ATP-binding&nbsp;protein&nbsp;MetN,91.9
595593.JREV01000064_gene89,MB46_09890,annotation&nbsp;not&nbsp;available,91.9
595593.JREV01000024_gene1459,MB46_09100,annotation&nbsp;not&nbsp;available,91.8
595593.JREV01000032_gene3272,cpdA,"3',5'-cyclic&nbsp;adenosine&nbsp;monophosphate&nbsp;phosphodiesterase&nbsp;CpdA",91.7
595593.JREV01000042_gene4024,MB46_08660,annotation&nbsp;not&nbsp;available,91.3
595593.JREV01000032_gene3264,MB46_06560,annotation&nbsp;not&nbsp;available,91.3
595593.JREV01000007_gene2831,MB46_03480,annotation&nbsp;not&nbsp;available,91.2
595593.JREV01000033_gene3380,MB46_18095,annotation&nbsp;not&nbsp;available,91.2
595593.JREV01000035_gene3422,rpmA,annotation&nbsp;not&nbsp;available,91.1
595593.JREV01000045_gene875,rplV,50S&nbsp;ribosomal&nbsp;protein&nbsp;L22,91.1
595593.JREV01000022_gene1490,rplT,50S&nbsp;ribosomal&nbsp;protein&nbsp;L20,91.1
595593.JREV01000052_gene2173,MB46_03075,annotation&nbsp;not&nbsp;available,91.1
595593.JREV01000005_gene2917,MB46_06135,annotation&nbsp;not&nbsp;available,91.0
595593.JREV01000045_gene760,MB46_13980,annotation&nbsp;not&nbsp;available,91.0
595593.JREV01000024_gene1399,MB46_09390,annotation&nbsp;not&nbsp;available,90.9
595593.JREV01000067_gene1968,MB46_15065,annotation&nbsp;not&nbsp;available,90.9
595593.JREV01000022_gene1718,MB46_05175,annotation&nbsp;not&nbsp;available,90.8
595593.JREV01000045_gene900,rpoA,DNA-directed&nbsp;RNA&nbsp;polymerase&nbsp;subunit&nbsp;alpha,90.8
595593.JREV01000052_gene2157,MB46_02990,annotation&nbsp;not&nbsp;available,90.8
595593.JREV01000045_gene932,MB46_13130,annotation&nbsp;not&nbsp;available,90.8
595593.JREV01000060_gene2478,MB46_00395,annotation&nbsp;not&nbsp;available,90.7
595593.JREV01000002_gene2594,MB46_19090,annotation&nbsp;not&nbsp;available,90.6
595593.JREV01000055_gene2248,MB46_12250,Serine&nbsp;hydroxymethyltransferase,90.6
595593.JREV01000021_gene1764,MB46_10630,annotation&nbsp;not&nbsp;available,90.6
595593.JREV01000001_gene2658,MB46_15940,annotation&nbsp;not&nbsp;available,90.6
595593.JREV01000021_gene1768,MB46_10650,annotation&nbsp;not&nbsp;available,90.6
595593.JREV01000019_gene3137,MB46_07090,annotation&nbsp;not&nbsp;available,90.4
595593.JREV01000061_gene1117,truB,tRNA&nbsp;pseudouridine&nbsp;synthase&nbsp;B,90.4
595593.JREV01000045_gene864,rpsG,30S&nbsp;ribosomal&nbsp;protein&nbsp;S7,90.4
595593.JREV01000038_gene3696,MB46_11865,annotation&nbsp;not&nbsp;available,90.3
595593.JREV01000045_gene876,rpsC,30S&nbsp;ribosomal&nbsp;protein&nbsp;S3,90.3
595593.JREV01000007_gene2826,frr,Ribosome-recycling&nbsp;factor,90.3
595593.JREV01000032_gene3239,MB46_06435,annotation&nbsp;not&nbsp;available,90.3
595593.JREV01000045_gene684,MB46_14360,annotation&nbsp;not&nbsp;available,90.3
595593.JREV01000054_gene2312,MB46_12430,annotation&nbsp;not&nbsp;available,90.2
595593.JREV01000049_gene1213,MB46_02885,annotation&nbsp;not&nbsp;available,90.0
595593.JREV01000037_gene3630,MB46_02205,annotation&nbsp;not&nbsp;available,89.9
595593.JREV01000002_gene2595,MB46_19095,annotation&nbsp;not&nbsp;available,89.9
595593.JREV01000038_gene3694,MB46_11850,annotation&nbsp;not&nbsp;available,89.9
595593.JREV01000021_gene1755,MB46_10585,annotation&nbsp;not&nbsp;available,89.9
595593.JREV01000031_gene3180,MB46_01730,annotation&nbsp;not&nbsp;available,89.8
595593.JREV01000019_gene3135,MB46_07100,annotation&nbsp;not&nbsp;available,89.8
595593.JREV01000054_gene2315,MB46_12445,annotation&nbsp;not&nbsp;available,89.8
595593.JREV01000046_gene537,MB46_00825,annotation&nbsp;not&nbsp;available,89.8
595593.JREV01000054_gene2413,MB46_12935,annotation&nbsp;not&nbsp;available,89.7
595593.JREV01000046_gene524,MB46_00765,annotation&nbsp;not&nbsp;available,89.7
595593.JREV01000042_gene3962,MB46_08350,annotation&nbsp;not&nbsp;available,89.7
595593.JREV01000006_gene2869,MB46_01890,annotation&nbsp;not&nbsp;available,89.5
595593.JREV01000049_gene1187,MB46_02755,annotation&nbsp;not&nbsp;available,89.5
595593.JREV01000067_gene1918,MB46_15335,Phosphate-binding&nbsp;protein&nbsp;PstS,89.4
595593.JREV01000042_gene4021,MB46_08645,GTP&nbsp;pyrophosphokinase,89.4
595593.JREV01000022_gene1735,MB46_05260,annotation&nbsp;not&nbsp;available,89.4
595593.JREV01000037_gene3627,MB46_02220,annotation&nbsp;not&nbsp;available,89.3
595593.JREV01000038_gene3737,MB46_12070,annotation&nbsp;not&nbsp;available,89.3
595593.JREV01000064_gene99,leuC,3-isopropylmalate&nbsp;dehydratase&nbsp;large&nbsp;subunit,89.3
595593.JREV01000051_gene2147,MB46_08050,annotation&nbsp;not&nbsp;available,89.3
595593.JREV01000039_gene3847,MB46_16465,annotation&nbsp;not&nbsp;available,89.2
595593.JREV01000032_gene3263,MB46_06555,annotation&nbsp;not&nbsp;available,89.2
595593.JREV01000031_gene3220,MB46_01530,annotation&nbsp;not&nbsp;available,89.2
595593.JREV01000048_gene1018,purC,annotation&nbsp;not&nbsp;available,89.0
595593.JREV01000045_gene961,MB46_12985,annotation&nbsp;not&nbsp;available,88.9
595593.JREV01000037_gene3671,eno,Enolase,88.8
595593.JREV01000067_gene1938,MB46_15230,annotation&nbsp;not&nbsp;available,88.8
595593.JREV01000039_gene3794,MB46_16725,annotation&nbsp;not&nbsp;available,88.7
595593.JREV01000060_gene2472,MB46_00425,annotation&nbsp;not&nbsp;available,88.6
595593.JREV01000042_gene4022,secF,Protein-export&nbsp;membrane&nbsp;protein&nbsp;SecF,88.6
595593.JREV01000030_gene1269,MB46_18410,annotation&nbsp;not&nbsp;available,88.5
595593.JREV01000031_gene3176,MB46_01750,annotation&nbsp;not&nbsp;available,88.5
595593.JREV01000021_gene1845,MB46_11040,annotation&nbsp;not&nbsp;available,88.5
595593.JREV01000041_gene289,MB46_11470,annotation&nbsp;not&nbsp;available,88.5
595593.JREV01000022_gene1489,rpmI,annotation&nbsp;not&nbsp;available,88.5
595593.JREV01000021_gene1829,argS,annotation&nbsp;not&nbsp;available,88.4
595593.JREV01000006_gene2877,MB46_01930,annotation&nbsp;not&nbsp;available,88.4
595593.JREV01000054_gene2334,MB46_12540,annotation&nbsp;not&nbsp;available,88.3
595593.JREV01000064_gene98,leuD,3-isopropylmalate&nbsp;dehydratase&nbsp;small&nbsp;subunit,88.3
595593.JREV01000005_gene2993,ureE,Urease&nbsp;accessory&nbsp;protein&nbsp;UreE,88.3
595593.JREV01000022_gene1633,MB46_04750,annotation&nbsp;not&nbsp;available,88.2
595593.JREV01000033_gene3379,MB46_18100,Undecaprenyl-PP-MurNAc-pentapeptide-UDPGlcNAc&nbsp;GlcNAc&nbsp;transferase,88.1
595593.JREV01000054_gene2328,MB46_12510,annotation&nbsp;not&nbsp;available,88.1
595593.JREV01000067_gene1899,rihB,annotation&nbsp;not&nbsp;available,87.9
595593.JREV01000062_gene2281,purL,Phosphoribosylformylglycinamidine&nbsp;synthase&nbsp;subunit&nbsp;PurL,87.7
595593.JREV01000005_gene3002,MB46_05800,annotation&nbsp;not&nbsp;available,87.7
595593.JREV01000006_gene2858,MB46_01835,Formyltetrahydrofolate&nbsp;deformylase,87.6
595593.JREV01000042_gene3970,MB46_08390,Glycine&nbsp;cleavage&nbsp;system&nbsp;H&nbsp;protein,87.6
595593.JREV01000024_gene1389,MB46_09440,annotation&nbsp;not&nbsp;available,87.4
595593.JREV01000043_gene469,upp,Uracil&nbsp;phosphoribosyltransferase,87.3
595593.JREV01000052_gene2171,MB46_03065,annotation&nbsp;not&nbsp;available,87.2
595593.JREV01000022_gene1544,MB46_04300,annotation&nbsp;not&nbsp;available,87.2
595593.JREV01000037_gene3625,JREV01000037_gene3625,annotation&nbsp;not&nbsp;available,87.1
595593.JREV01000021_gene1813,atpB,ATP&nbsp;synthase&nbsp;subunit&nbsp;a,87.1
595593.JREV01000045_gene781,MB46_13880,annotation&nbsp;not&nbsp;available,87.1
595593.JREV01000060_gene2546,MB46_00060,annotation&nbsp;not&nbsp;available,87.1
595593.JREV01000061_gene1127,MB46_03830,annotation&nbsp;not&nbsp;available,87.1
595593.JREV01000042_gene4035,MB46_08715,annotation&nbsp;not&nbsp;available,87.0
595593.JREV01000030_gene1266,ppc,Phosphoenolpyruvate&nbsp;carboxylase,87.0
595593.JREV01000045_gene929,MB46_13145,annotation&nbsp;not&nbsp;available,86.9
595593.JREV01000054_gene2403,MB46_12880,annotation&nbsp;not&nbsp;available,86.9
595593.JREV01000032_gene3255,MB46_06515,annotation&nbsp;not&nbsp;available,86.8
595593.JREV01000045_gene845,pfkA,ATP-dependent&nbsp;6-phosphofructokinase,86.8
595593.JREV01000001_gene2604,MB46_16215,annotation&nbsp;not&nbsp;available,86.7
595593.JREV01000022_gene1517,argD,annotation&nbsp;not&nbsp;available,86.5
595593.JREV01000022_gene1551,MB46_04335,annotation&nbsp;not&nbsp;available,86.5
595593.JREV01000049_gene1208,MB46_02860,annotation&nbsp;not&nbsp;available,86.4
595593.JREV01000052_gene2185,MB46_03135,annotation&nbsp;not&nbsp;available,86.3
595593.JREV01000045_gene872,rplW,50S&nbsp;ribosomal&nbsp;protein&nbsp;L23,86.3
595593.JREV01000022_gene1504,MB46_04085,annotation&nbsp;not&nbsp;available,86.3
595593.JREV01000001_gene2657,MB46_15945,annotation&nbsp;not&nbsp;available,86.2
595593.JREV01000060_gene2479,MB46_00390,annotation&nbsp;not&nbsp;available,86.0
595593.JREV01000010_gene2736,MB46_08160,annotation&nbsp;not&nbsp;available,86.0
595593.JREV01000039_gene3876,MB46_16320,Replicative&nbsp;DNA&nbsp;helicase,85.9
595593.JREV01000046_gene625,MB46_01260,annotation&nbsp;not&nbsp;available,85.8
595593.JREV01000043_gene447,manB,annotation&nbsp;not&nbsp;available,85.7
595593.JREV01000031_gene3208,purN,Phosphoribosylglycinamide&nbsp;formyltransferase,85.7
595593.JREV01000064_gene86,MB46_09875,annotation&nbsp;not&nbsp;available,85.7
595593.JREV01000048_gene1031,MB46_17215,Demethylmenaquinone&nbsp;methyltransferase,85.7
595593.JREV01000043_gene437,MB46_18875,annotation&nbsp;not&nbsp;available,85.6
595593.JREV01000029_gene1291,JREV01000029_gene1291,annotation&nbsp;not&nbsp;available,85.6
595593.JREV01000022_gene1512,JREV01000022_gene1512,annotation&nbsp;not&nbsp;available,85.4
595593.JREV01000042_gene3982,rpoZ,DNA-directed&nbsp;RNA&nbsp;polymerase&nbsp;subunit&nbsp;omega,85.3
595593.JREV01000054_gene2360,xseB,Exodeoxyribonuclease&nbsp;7&nbsp;small&nbsp;subunit,85.3
595593.JREV01000041_gene344,MB46_11745,Dihydropteroate&nbsp;synthase,85.2
595593.JREV01000005_gene2991,ureB,annotation&nbsp;not&nbsp;available,85.1
595593.JREV01000060_gene2473,MB46_00420,annotation&nbsp;not&nbsp;available,85.0
595593.JREV01000064_gene82,MB46_09855,annotation&nbsp;not&nbsp;available,84.9
595593.JREV01000045_gene921,MB46_13185,annotation&nbsp;not&nbsp;available,84.9
595593.JREV01000039_gene3777,MB46_16810,annotation&nbsp;not&nbsp;available,84.9
595593.JREV01000029_gene1288,JREV01000029_gene1288,annotation&nbsp;not&nbsp;available,84.8
595593.JREV01000021_gene1823,prfA,Peptide&nbsp;chain&nbsp;release&nbsp;factor&nbsp;1,84.7
595593.JREV01000008_gene2799,trpE,Anthranilate&nbsp;synthase&nbsp;component&nbsp;1,84.7
595593.JREV01000042_gene4007,MB46_08580,annotation&nbsp;not&nbsp;available,84.7
595593.JREV01000043_gene417,fbpC,Fe(3+)&nbsp;ions&nbsp;import&nbsp;ATP-binding&nbsp;protein&nbsp;FbpC,84.5
595593.JREV01000005_gene2902,MB46_06210,annotation&nbsp;not&nbsp;available,84.5
595593.JREV01000045_gene677,MB46_14395,annotation&nbsp;not&nbsp;available,84.5
595593.JREV01000042_gene3991,pyrR,Bifunctional&nbsp;protein&nbsp;PyrR,84.5
595593.JREV01000051_gene2146,MB46_08045,Probable&nbsp;cytosol&nbsp;aminopeptidase,84.4
595593.JREV01000031_gene3174,MB46_01760,annotation&nbsp;not&nbsp;available,84.4
595593.JREV01000054_gene2333,MB46_12535,annotation&nbsp;not&nbsp;available,84.2
595593.JREV01000052_gene2167,gatA,Glutamyl-tRNA(Gln)&nbsp;amidotransferase&nbsp;subunit&nbsp;A,84.2
595593.JREV01000039_gene3851,MB46_16445,annotation&nbsp;not&nbsp;available,83.9
595593.JREV01000008_gene2804,trpA,Tryptophan&nbsp;synthase&nbsp;alpha&nbsp;chain,83.9
595593.JREV01000022_gene1698,MB46_05075,annotation&nbsp;not&nbsp;available,83.8
595593.JREV01000060_gene2541,MB46_00085,Trehalose&nbsp;6-phosphate&nbsp;phosphatase,83.7
595593.JREV01000062_gene2273,MB46_14845,annotation&nbsp;not&nbsp;available,83.7
595593.JREV01000061_gene1137,MB46_03880,Ribonuclease&nbsp;J,83.7
595593.JREV01000001_gene2682,MB46_15820,annotation&nbsp;not&nbsp;available,83.6
595593.JREV01000046_gene573,MB46_01005,annotation&nbsp;not&nbsp;available,83.6
595593.JREV01000039_gene3824,MB46_16575,annotation&nbsp;not&nbsp;available,83.6
595593.JREV01000032_gene3327,MB46_06890,annotation&nbsp;not&nbsp;available,83.5
595593.JREV01000067_gene1886,MB46_15495,annotation&nbsp;not&nbsp;available,83.5
595593.JREV01000061_gene1075,MB46_03575,annotation&nbsp;not&nbsp;available,83.3
595593.JREV01000012_gene2051,MB46_09560,annotation&nbsp;not&nbsp;available,83.3
595593.JREV01000024_gene1397,MB46_09400,"6-phosphogluconate&nbsp;dehydrogenase,&nbsp;decarboxylating",83.2
595593.JREV01000041_gene342,MB46_11735,annotation&nbsp;not&nbsp;available,83.2
595593.JREV01000021_gene1832,MB46_10975,annotation&nbsp;not&nbsp;available,83.1
595593.JREV01000022_gene1488,infC,Translation&nbsp;initiation&nbsp;factor&nbsp;IF-3,83.1
595593.JREV01000054_gene2402,MB46_12875,annotation&nbsp;not&nbsp;available,83.1
595593.JREV01000067_gene1932,MB46_15260,annotation&nbsp;not&nbsp;available,83.1
595593.JREV01000001_gene2628,MB46_16090,annotation&nbsp;not&nbsp;available,83.0
595593.JREV01000005_gene2889,MB46_06275,annotation&nbsp;not&nbsp;available,83.0
595593.JREV01000042_gene4026,ruvA,Holliday&nbsp;junction&nbsp;ATP-dependent&nbsp;DNA&nbsp;helicase&nbsp;RuvA,82.9
595593.JREV01000037_gene3679,MB46_01965,Cytidine&nbsp;deaminase,82.8
595593.JREV01000039_gene3850,MB46_16450,annotation&nbsp;not&nbsp;available,82.7
595593.JREV01000045_gene873,rplB,50S&nbsp;ribosomal&nbsp;protein&nbsp;L2,82.7
595593.JREV01000039_gene3772,rpmG,annotation&nbsp;not&nbsp;available,82.5
595593.JREV01000022_gene1484,hisA,annotation&nbsp;not&nbsp;available,82.4
595593.JREV01000035_gene3451,MB46_08805,Ribonucleoside-diphosphate&nbsp;reductase,82.3
595593.JREV01000055_gene2243,MB46_12275,Formyltetrahydrofolate&nbsp;deformylase,82.3
595593.JREV01000049_gene1191,MB46_02775,annotation&nbsp;not&nbsp;available,82.3
595593.JREV01000067_gene1920,MB46_15325,annotation&nbsp;not&nbsp;available,82.2
595593.JREV01000022_gene1594,leuS,annotation&nbsp;not&nbsp;available,82.2
595593.JREV01000067_gene1977,MB46_15015,annotation&nbsp;not&nbsp;available,82.2
595593.JREV01000061_gene1124,MB46_03815,annotation&nbsp;not&nbsp;available,82.2
595593.JREV01000061_gene1110,nusA,Transcription&nbsp;termination/antitermination&nbsp;protein&nbsp;NusA,82.2
595593.JREV01000045_gene789,MB46_13840,annotation&nbsp;not&nbsp;available,82.1
595593.JREV01000045_gene773,MB46_13920,annotation&nbsp;not&nbsp;available,82.1
595593.JREV01000038_gene3718,MB46_11975,annotation&nbsp;not&nbsp;available,82.1
595593.JREV01000042_gene3958,MB46_08330,annotation&nbsp;not&nbsp;available,82.0
595593.JREV01000052_gene2156,MB46_02985,annotation&nbsp;not&nbsp;available,81.9
595593.JREV01000022_gene1697,tpiA,Triosephosphate&nbsp;isomerase,81.9
595593.JREV01000046_gene515,MB46_00720,annotation&nbsp;not&nbsp;available,81.7
595593.JREV01000022_gene1733,rpmE2,annotation&nbsp;not&nbsp;available,81.7
595593.JREV01000062_gene2296,MB46_14960,annotation&nbsp;not&nbsp;available,81.6
595593.JREV01000051_gene2135,MB46_07990,annotation&nbsp;not&nbsp;available,81.5
595593.JREV01000048_gene1036,MB46_17190,annotation&nbsp;not&nbsp;available,81.4
595593.JREV01000038_gene3702,MB46_11895,annotation&nbsp;not&nbsp;available,81.3
595593.JREV01000046_gene530,MB46_00790,annotation&nbsp;not&nbsp;available,81.3
595593.JREV01000039_gene3800,MB46_16695,annotation&nbsp;not&nbsp;available,81.3
595593.JREV01000052_gene2159,MB46_03000,annotation&nbsp;not&nbsp;available,81.2
595593.JREV01000045_gene861,rpoB,DNA-directed&nbsp;RNA&nbsp;polymerase&nbsp;subunit&nbsp;beta,81.2
595593.JREV01000040_gene3929,MB46_14555,annotation&nbsp;not&nbsp;available,81.2
595593.JREV01000001_gene2659,MB46_15935,annotation&nbsp;not&nbsp;available,81.2
595593.JREV01000035_gene3408,MB46_09030,annotation&nbsp;not&nbsp;available,81.1
595593.JREV01000008_gene2806,MB46_07620,annotation&nbsp;not&nbsp;available,81.1
595593.JREV01000035_gene3427,nadD,Probable&nbsp;nicotinate-nucleotide&nbsp;adenylyltransferase,81.0
595593.JREV01000021_gene1749,MB46_10555,annotation&nbsp;not&nbsp;available,80.8
595593.JREV01000045_gene951,MB46_13035,60&nbsp;kDa&nbsp;chaperonin,80.7
595593.JREV01000049_gene1201,MB46_02825,annotation&nbsp;not&nbsp;available,80.6
595593.JREV01000045_gene720,MB46_14185,annotation&nbsp;not&nbsp;available,80.6
595593.JREV01000006_gene2860,folD,Bifunctional&nbsp;protein&nbsp;FolD,80.5
595593.JREV01000049_gene1188,MB46_02760,Purine&nbsp;nucleoside&nbsp;phosphorylase,80.5
595593.JREV01000045_gene874,rpsS,30S&nbsp;ribosomal&nbsp;protein&nbsp;S19,80.4
595593.JREV01000031_gene3168,MB46_01785,Alanine&nbsp;racemase,80.4
595593.JREV01000022_gene1688,MB46_05025,annotation&nbsp;not&nbsp;available,80.4
595593.JREV01000039_gene3854,MB46_16430,annotation&nbsp;not&nbsp;available,80.3
595593.JREV01000032_gene3286,MB46_06670,Phosphoenolpyruvate&nbsp;synthase,80.3
595593.JREV01000045_gene881,rplX,50S&nbsp;ribosomal&nbsp;protein&nbsp;L24,80.1
595593.JREV01000037_gene3657,MB46_02075,annotation&nbsp;not&nbsp;available,80.0
595593.JREV01000021_gene1810,atpH,ATP&nbsp;synthase&nbsp;subunit&nbsp;delta,80.0
595593.JREV01000008_gene2808,MB46_07610,annotation&nbsp;not&nbsp;available,79.9
595593.JREV01000060_gene2499,MB46_00295,annotation&nbsp;not&nbsp;available,79.9
595593.JREV01000052_gene2204,MB46_03230,annotation&nbsp;not&nbsp;available,79.9
595593.JREV01000038_gene3739,MB46_12080,annotation&nbsp;not&nbsp;available,79.9
595593.JREV01000062_gene2275,MB46_14855,annotation&nbsp;not&nbsp;available,79.6
595593.JREV01000002_gene2598,glgB,"1,4-alpha-glucan&nbsp;branching&nbsp;enzyme&nbsp;GlgB",79.6
595593.JREV01000005_gene2886,MB46_06285,annotation&nbsp;not&nbsp;available,79.5
595593.JREV01000038_gene3698,MB46_11875,annotation&nbsp;not&nbsp;available,79.5
595593.JREV01000048_gene1065,MB46_17045,Cardiolipin&nbsp;synthase&nbsp;A,79.5
595593.JREV01000060_gene2470,MB46_00435,annotation&nbsp;not&nbsp;available,79.4
595593.JREV01000048_gene1060,dnaK,Chaperone&nbsp;protein&nbsp;DnaK,79.2
595593.JREV01000040_gene3935,MB46_14525,annotation&nbsp;not&nbsp;available,79.2
595593.JREV01000041_gene274,MB46_11390,annotation&nbsp;not&nbsp;available,79.0
595593.JREV01000047_gene2573,MB46_06385,annotation&nbsp;not&nbsp;available,79.0
595593.JREV01000064_gene31,ffh,Signal&nbsp;recognition&nbsp;particle&nbsp;protein,78.9
595593.JREV01000011_gene1999,MB46_16975,annotation&nbsp;not&nbsp;available,78.8
595593.JREV01000045_gene734,MB46_14115,annotation&nbsp;not&nbsp;available,78.7
595593.JREV01000039_gene3773,rpmB,annotation&nbsp;not&nbsp;available,78.7
595593.JREV01000041_gene311,MB46_11580,annotation&nbsp;not&nbsp;available,78.5
595593.JREV01000067_gene1984,MB46_14980,annotation&nbsp;not&nbsp;available,78.5
595593.JREV01000048_gene1037,MB46_17185,annotation&nbsp;not&nbsp;available,78.4
595593.JREV01000031_gene3189,purH,annotation&nbsp;not&nbsp;available,78.4
595593.JREV01000037_gene3594,MB46_02390,annotation&nbsp;not&nbsp;available,78.3
595593.JREV01000067_gene1975,MB46_15025,annotation&nbsp;not&nbsp;available,78.3
595593.JREV01000045_gene759,MB46_13985,annotation&nbsp;not&nbsp;available,78.2
595593.JREV01000054_gene2314,MB46_12440,annotation&nbsp;not&nbsp;available,78.2
595593.JREV01000021_gene1827,MB46_10945,annotation&nbsp;not&nbsp;available,77.8
595593.JREV01000045_gene911,acpS,Holo-[acyl-carrier-protein]&nbsp;synthase,77.6
595593.JREV01000022_gene1665,MB46_04910,annotation&nbsp;not&nbsp;available,77.6
595593.JREV01000052_gene2216,MB46_03295,annotation&nbsp;not&nbsp;available,77.6
595593.JREV01000042_gene4025,ruvB,Holliday&nbsp;junction&nbsp;ATP-dependent&nbsp;DNA&nbsp;helicase&nbsp;RuvB,77.5
595593.JREV01000039_gene3804,MB46_16675,annotation&nbsp;not&nbsp;available,77.5
595593.JREV01000022_gene1496,MB46_04040,annotation&nbsp;not&nbsp;available,77.2
595593.JREV01000001_gene2627,rpmH,annotation&nbsp;not&nbsp;available,77.2
595593.JREV01000041_gene290,MB46_11475,annotation&nbsp;not&nbsp;available,77.2
595593.JREV01000021_gene1811,atpF,ATP&nbsp;synthase&nbsp;subunit&nbsp;b,77.1
595593.JREV01000012_gene2050,MB46_09555,annotation&nbsp;not&nbsp;available,77.0
595593.JREV01000044_gene378,prcA,Proteasome&nbsp;subunit&nbsp;alpha,77.0
595593.JREV01000063_gene216,MB46_18300,annotation&nbsp;not&nbsp;available,77.0
595593.JREV01000061_gene1074,MB46_03570,annotation&nbsp;not&nbsp;available,76.7
595593.JREV01000061_gene1092,MB46_03660,annotation&nbsp;not&nbsp;available,76.6
595593.JREV01000005_gene2899,MB46_06225,annotation&nbsp;not&nbsp;available,76.5
595593.JREV01000060_gene2480,MB46_00385,annotation&nbsp;not&nbsp;available,76.4
595593.JREV01000046_gene661,MB46_01430,annotation&nbsp;not&nbsp;available,76.4
595593.JREV01000039_gene3849,MB46_16455,annotation&nbsp;not&nbsp;available,76.4
595593.JREV01000022_gene1720,MB46_05185,annotation&nbsp;not&nbsp;available,76.4
595593.JREV01000022_gene1717,MB46_05170,annotation&nbsp;not&nbsp;available,76.3
595593.JREV01000050_gene1152,MB46_15645,annotation&nbsp;not&nbsp;available,76.2
595593.JREV01000042_gene3986,carB,annotation&nbsp;not&nbsp;available,76.2
595593.JREV01000021_gene1812,atpE,ATP&nbsp;synthase&nbsp;subunit&nbsp;c,76.2
595593.JREV01000022_gene1726,MB46_05215,annotation&nbsp;not&nbsp;available,76.2
595593.JREV01000045_gene893,MB46_13320,annotation&nbsp;not&nbsp;available,76.1
595593.JREV01000022_gene1671,polA,DNA&nbsp;polymerase&nbsp;I,76.0
595593.JREV01000021_gene1828,lysA,Diaminopimelate&nbsp;decarboxylase,76.0
595593.JREV01000045_gene671,MB46_14425,annotation&nbsp;not&nbsp;available,76.0
595593.JREV01000022_gene1516,argB,Acetylglutamate&nbsp;kinase,75.9
595593.JREV01000022_gene1632,MB46_04745,annotation&nbsp;not&nbsp;available,75.8
595593.JREV01000067_gene1901,lysS,annotation&nbsp;not&nbsp;available,75.8
595593.JREV01000001_gene2678,MB46_15840,annotation&nbsp;not&nbsp;available,75.6
595593.JREV01000049_gene1165,MB46_02645,annotation&nbsp;not&nbsp;available,75.6
595593.JREV01000068_gene230,MB46_14810,annotation&nbsp;not&nbsp;available,75.6
595593.JREV01000039_gene3856,MB46_16420,Phosphoenolpyruvate-protein&nbsp;phosphotransferase,75.5
595593.JREV01000012_gene2052,rplS,50S&nbsp;ribosomal&nbsp;protein&nbsp;L19,75.5
595593.JREV01000048_gene1038,MB46_17180,annotation&nbsp;not&nbsp;available,75.5
595593.JREV01000033_gene3360,MB46_18190,Ribonuclease&nbsp;J,75.3
595593.JREV01000006_gene2859,MB46_01840,Serine&nbsp;hydroxymethyltransferase,75.3
595593.JREV01000045_gene869,rpsJ,30S&nbsp;ribosomal&nbsp;protein&nbsp;S10,75.3
595593.JREV01000060_gene2453,MB46_00520,Alanine&nbsp;racemase,75.3
595593.JREV01000046_gene556,MB46_00920,60&nbsp;kDa&nbsp;chaperonin,75.2
595593.JREV01000051_gene2142,sigA,RNA&nbsp;polymerase&nbsp;sigma&nbsp;factor&nbsp;SigA,75.1
595593.JREV01000054_gene2359,xseA,Exodeoxyribonuclease&nbsp;7&nbsp;large&nbsp;subunit,75.1
595593.JREV01000042_gene3964,MB46_08360,Glycine&nbsp;dehydrogenase&nbsp;(decarboxylating),75.1
595593.JREV01000022_gene1596,MB46_04565,annotation&nbsp;not&nbsp;available,75.0
595593.JREV01000041_gene236,kgd,annotation&nbsp;not&nbsp;available,74.9
595593.JREV01000064_gene66,MB46_09780,annotation&nbsp;not&nbsp;available,74.8
595593.JREV01000045_gene903,rplM,50S&nbsp;ribosomal&nbsp;protein&nbsp;L13,74.8
595593.JREV01000058_gene2082,MB46_19170,3-oxoacyl-[acyl-carrier-protein]&nbsp;synthase&nbsp;3,74.7
595593.JREV01000042_gene3985,pyrF,annotation&nbsp;not&nbsp;available,74.7
595593.JREV01000022_gene1514,argC,N-acetyl-gamma-glutamyl-phosphate&nbsp;reductase,74.6
595593.JREV01000003_gene3055,MB46_11195,annotation&nbsp;not&nbsp;available,74.4
595593.JREV01000024_gene1385,MB46_14775,Pyruvate&nbsp;dehydrogenase&nbsp;E1&nbsp;component,74.4
595593.JREV01000001_gene2656,MB46_15950,annotation&nbsp;not&nbsp;available,74.2
595593.JREV01000011_gene1992,MB46_17010,annotation&nbsp;not&nbsp;available,74.1
595593.JREV01000045_gene668,MB46_14440,annotation&nbsp;not&nbsp;available,74.0
595593.JREV01000045_gene708,MB46_14240,Sulfate&nbsp;adenylyltransferase&nbsp;subunit&nbsp;1,74.0
595593.JREV01000060_gene2477,MB46_00400,annotation&nbsp;not&nbsp;available,73.9
595593.JREV01000022_gene1719,MB46_05180,annotation&nbsp;not&nbsp;available,73.9
595593.JREV01000023_gene1464,MB46_01935,annotation&nbsp;not&nbsp;available,73.8
595593.JREV01000037_gene3676,MB46_01980,annotation&nbsp;not&nbsp;available,73.7
595593.JREV01000046_gene651,MB46_01390,annotation&nbsp;not&nbsp;available,73.6
595593.JREV01000046_gene589,sucD,Succinate--CoA&nbsp;ligase&nbsp;[ADP-forming]&nbsp;subunit&nbsp;alpha,73.6
595593.JREV01000021_gene1776,MB46_10690,annotation&nbsp;not&nbsp;available,73.6
595593.JREV01000006_gene2856,MB46_01825,annotation&nbsp;not&nbsp;available,73.6
595593.JREV01000022_gene1673,rpsA,annotation&nbsp;not&nbsp;available,73.5
595593.JREV01000032_gene3317,MB46_06835,annotation&nbsp;not&nbsp;available,73.4
595593.JREV01000022_gene1696,pgk,annotation&nbsp;not&nbsp;available,73.4
595593.JREV01000045_gene882,rplE,50S&nbsp;ribosomal&nbsp;protein&nbsp;L5,73.2
595593.JREV01000055_gene2249,MB46_12245,annotation&nbsp;not&nbsp;available,73.2
595593.JREV01000045_gene863,rpsL,30S&nbsp;ribosomal&nbsp;protein&nbsp;S12,73.1
595593.JREV01000061_gene1084,MB46_03620,annotation&nbsp;not&nbsp;available,73.1
595593.JREV01000046_gene650,MB46_01385,annotation&nbsp;not&nbsp;available,73.0
595593.JREV01000046_gene631,MB46_01290,annotation&nbsp;not&nbsp;available,73.0
595593.JREV01000021_gene1806,atpC,ATP&nbsp;synthase&nbsp;epsilon&nbsp;chain,73.0
595593.JREV01000027_gene1373,JREV01000027_gene1373,annotation&nbsp;not&nbsp;available,73.0
595593.JREV01000052_gene2187,MB46_03145,annotation&nbsp;not&nbsp;available,72.9
595593.JREV01000012_gene2033,MB46_09475,annotation&nbsp;not&nbsp;available,72.8
595593.JREV01000001_gene2664,MB46_15910,annotation&nbsp;not&nbsp;available,72.6
595593.JREV01000045_gene851,secE,Protein&nbsp;translocase&nbsp;subunit&nbsp;SecE,72.6
595593.JREV01000005_gene2930,MB46_06070,annotation&nbsp;not&nbsp;available,72.6
595593.JREV01000045_gene878,rpmC,annotation&nbsp;not&nbsp;available,72.4
595593.JREV01000031_gene3221,MB46_01525,annotation&nbsp;not&nbsp;available,72.4
595593.JREV01000050_gene1154,MB46_15635,annotation&nbsp;not&nbsp;available,72.3
595593.JREV01000045_gene887,rpmD,annotation&nbsp;not&nbsp;available,72.2
595593.JREV01000022_gene1630,MB46_04735,annotation&nbsp;not&nbsp;available,72.1
595593.JREV01000039_gene3865,MB46_16375,annotation&nbsp;not&nbsp;available,72.1
595593.JREV01000048_gene981,proC,Pyrroline-5-carboxylate&nbsp;reductase,72.1
595593.JREV01000042_gene3987,carA,annotation&nbsp;not&nbsp;available,72.1
595593.JREV01000045_gene892,MB46_13325,annotation&nbsp;not&nbsp;available,72.0
595593.JREV01000046_gene586,MB46_01070,annotation&nbsp;not&nbsp;available,72.0
595593.JREV01000022_gene1702,MB46_05095,annotation&nbsp;not&nbsp;available,72.0
595593.JREV01000039_gene3793,MB46_16730,annotation&nbsp;not&nbsp;available,71.9
595593.JREV01000045_gene922,MB46_13180,annotation&nbsp;not&nbsp;available,71.8
595593.JREV01000005_gene2969,MB46_05955,annotation&nbsp;not&nbsp;available,71.7
595593.JREV01000048_gene1020,MB46_17275,annotation&nbsp;not&nbsp;available,71.6
595593.JREV01000008_gene2791,MB46_07695,"3,4-dihydroxy-2-butanone&nbsp;4-phosphate&nbsp;synthase",71.5
595593.JREV01000005_gene2958,MB46_06010,annotation&nbsp;not&nbsp;available,71.2
595593.JREV01000048_gene1001,acsA,Acetyl-coenzyme&nbsp;A&nbsp;synthetase,71.2
595593.JREV01000047_gene2579,MB46_06415,annotation&nbsp;not&nbsp;available,71.1
595593.JREV01000031_gene3182,MB46_01720,annotation&nbsp;not&nbsp;available,71.1
595593.JREV01000064_gene74,MB46_09820,annotation&nbsp;not&nbsp;available,71.0
595593.JREV01000005_gene2970,MB46_05950,annotation&nbsp;not&nbsp;available,70.9
595593.JREV01000042_gene4029,pdxT,Pyridoxal&nbsp;5'-phosphate&nbsp;synthase&nbsp;subunit&nbsp;PdxT,70.9
595593.JREV01000032_gene3330,MB46_06905,annotation&nbsp;not&nbsp;available,70.8
595593.JREV01000064_gene153,MB46_10220,annotation&nbsp;not&nbsp;available,70.5
595593.JREV01000022_gene1598,MB46_04575,annotation&nbsp;not&nbsp;available,70.5
595593.JREV01000046_gene577,MB46_01025,annotation&nbsp;not&nbsp;available,70.5
595593.JREV01000005_gene3025,MB46_05700,annotation&nbsp;not&nbsp;available,70.4
595593.JREV01000005_gene3024,MB46_05705,annotation&nbsp;not&nbsp;available,70.4
595593.JREV01000064_gene206,mqo,annotation&nbsp;not&nbsp;available,70.4
595593.JREV01000060_gene2548,MB46_00050,annotation&nbsp;not&nbsp;available,70.2
595593.JREV01000041_gene284,MB46_11445,annotation&nbsp;not&nbsp;available,70.2
595593.JREV01000050_gene1155,MB46_15630,annotation&nbsp;not&nbsp;available,70.0
595593.JREV01000040_gene3905,MB46_14680,annotation&nbsp;not&nbsp;available,70.0
595593.JREV01000045_gene889,secY,Protein&nbsp;translocase&nbsp;subunit&nbsp;SecY,69.9
595593.JREV01000045_gene788,MB46_13845,annotation&nbsp;not&nbsp;available,69.9
595593.JREV01000066_gene12,MB46_07345,Probable&nbsp;cytosol&nbsp;aminopeptidase,69.9
595593.JREV01000007_gene2827,pyrH,Uridylate&nbsp;kinase,69.8
595593.JREV01000045_gene764,MB46_13960,annotation&nbsp;not&nbsp;available,69.7
595593.JREV01000022_gene1480,hisC,annotation&nbsp;not&nbsp;available,69.7
595593.JREV01000045_gene728,MB46_14145,annotation&nbsp;not&nbsp;available,69.7
595593.JREV01000037_gene3560,MB46_02560,annotation&nbsp;not&nbsp;available,69.7
595593.JREV01000038_gene3692,MB46_11840,annotation&nbsp;not&nbsp;available,69.6
595593.JREV01000008_gene2789,JREV01000008_gene2789,annotation&nbsp;not&nbsp;available,69.6
595593.JREV01000045_gene931,tsaD,tRNA&nbsp;N6-adenosine&nbsp;threonylcarbamoyltransferase,69.4
595593.JREV01000048_gene996,MB46_17390,annotation&nbsp;not&nbsp;available,69.3
595593.JREV01000008_gene2819,MB46_07540,Probable&nbsp;cytosol&nbsp;aminopeptidase,69.2
595593.JREV01000043_gene425,MB46_18940,annotation&nbsp;not&nbsp;available,69.1
595593.JREV01000008_gene2768,MB46_07845,annotation&nbsp;not&nbsp;available,68.9
595593.JREV01000021_gene1807,atpD,ATP&nbsp;synthase&nbsp;subunit&nbsp;beta,68.8
595593.JREV01000060_gene2521,MB46_00170,annotation&nbsp;not&nbsp;available,68.8
595593.JREV01000054_gene2335,MB46_12545,annotation&nbsp;not&nbsp;available,68.7
595593.JREV01000045_gene885,rplR,50S&nbsp;ribosomal&nbsp;protein&nbsp;L18,68.6
595593.JREV01000069_gene221,gpmA,"2,3-bisphosphoglycerate-dependent&nbsp;phosphoglycerate&nbsp;mutase",68.6
595593.JREV01000049_gene1189,MB46_02765,annotation&nbsp;not&nbsp;available,68.6
595593.JREV01000022_gene1687,uvrA,UvrABC&nbsp;system&nbsp;protein&nbsp;A,68.5
595593.JREV01000060_gene2508,MB46_00245,annotation&nbsp;not&nbsp;available,68.4
595593.JREV01000037_gene3668,MB46_02015,annotation&nbsp;not&nbsp;available,68.3
595593.JREV01000040_gene3931,MB46_14545,annotation&nbsp;not&nbsp;available,68.3
595593.JREV01000045_gene908,MB46_13245,annotation&nbsp;not&nbsp;available,68.2
595593.JREV01000046_gene590,MB46_01090,annotation&nbsp;not&nbsp;available,68.1
595593.JREV01000045_gene770,MB46_13935,annotation&nbsp;not&nbsp;available,68.0
595593.JREV01000038_gene3704,MB46_11905,annotation&nbsp;not&nbsp;available,68.0
595593.JREV01000041_gene355,MB46_11800,annotation&nbsp;not&nbsp;available,68.0
595593.JREV01000038_gene3740,MB46_12085,annotation&nbsp;not&nbsp;available,68.0
595593.JREV01000045_gene683,MB46_14365,annotation&nbsp;not&nbsp;available,67.8
595593.JREV01000041_gene339,MB46_11720,annotation&nbsp;not&nbsp;available,67.8
595593.JREV01000022_gene1578,MB46_04470,annotation&nbsp;not&nbsp;available,67.8
595593.JREV01000037_gene3574,MB46_02495,annotation&nbsp;not&nbsp;available,67.8
595593.JREV01000019_gene3136,MB46_07095,annotation&nbsp;not&nbsp;available,67.7
595593.JREV01000021_gene1746,MB46_10540,annotation&nbsp;not&nbsp;available,67.7
595593.JREV01000048_gene1019,purD,annotation&nbsp;not&nbsp;available,67.6
595593.JREV01000007_gene2828,tsf,Elongation&nbsp;factor&nbsp;Ts,67.5
595593.JREV01000060_gene2543,MB46_00075,annotation&nbsp;not&nbsp;available,67.5
595593.JREV01000045_gene803,MB46_13760,annotation&nbsp;not&nbsp;available,67.4
595593.JREV01000045_gene682,MB46_14370,annotation&nbsp;not&nbsp;available,67.4
595593.JREV01000038_gene3697,MB46_11870,annotation&nbsp;not&nbsp;available,67.3
595593.JREV01000022_gene1500,pheS,annotation&nbsp;not&nbsp;available,67.3
595593.JREV01000043_gene442,MB46_18850,annotation&nbsp;not&nbsp;available,67.2
595593.JREV01000060_gene2511,MB46_00230,annotation&nbsp;not&nbsp;available,67.2
595593.JREV01000043_gene451,pckG,Phosphoenolpyruvate&nbsp;carboxykinase&nbsp;[GTP],67.0
595593.JREV01000005_gene2918,MB46_06130,annotation&nbsp;not&nbsp;available,67.0
595593.JREV01000042_gene4011,MB46_08600,annotation&nbsp;not&nbsp;available,66.9
595593.JREV01000039_gene3827,MB46_16560,annotation&nbsp;not&nbsp;available,66.9
595593.JREV01000042_gene4005,rpsD,30S&nbsp;ribosomal&nbsp;protein&nbsp;S4,66.7
595593.JREV01000045_gene707,MB46_14245,annotation&nbsp;not&nbsp;available,66.6
595593.JREV01000046_gene632,MB46_01295,annotation&nbsp;not&nbsp;available,66.5
595593.JREV01000022_gene1521,argH,annotation&nbsp;not&nbsp;available,66.5
595593.JREV01000017_gene2758,MB46_12235,annotation&nbsp;not&nbsp;available,66.5
595593.JREV01000048_gene986,MB46_17440,annotation&nbsp;not&nbsp;available,66.5
595593.JREV01000005_gene2906,MB46_06190,annotation&nbsp;not&nbsp;available,66.4
595593.JREV01000045_gene904,rpsI,annotation&nbsp;not&nbsp;available,66.4
595593.JREV01000042_gene4030,MB46_08690,annotation&nbsp;not&nbsp;available,66.4
595593.JREV01000052_gene2172,MB46_03070,annotation&nbsp;not&nbsp;available,66.3
595593.JREV01000039_gene3878,rplI,50S&nbsp;ribosomal&nbsp;protein&nbsp;L9,66.2
595593.JREV01000045_gene913,MB46_13220,annotation&nbsp;not&nbsp;available,66.2
595593.JREV01000050_gene1146,MB46_15675,annotation&nbsp;not&nbsp;available,66.2
595593.JREV01000021_gene1825,thrB,Homoserine&nbsp;kinase,66.2
595593.JREV01000061_gene1143,recA,Protein&nbsp;RecA,66.1
595593.JREV01000022_gene1506,MB46_04095,annotation&nbsp;not&nbsp;available,66.0
595593.JREV01000046_gene526,MB46_00775,annotation&nbsp;not&nbsp;available,66.0
595593.JREV01000008_gene2807,gltD,annotation&nbsp;not&nbsp;available,66.0
595593.JREV01000001_gene2624,MB46_16110,annotation&nbsp;not&nbsp;available,66.0
595593.JREV01000041_gene252,MB46_11280,annotation&nbsp;not&nbsp;available,65.9
595593.JREV01000022_gene1515,argJ,Arginine&nbsp;biosynthesis&nbsp;bifunctional&nbsp;protein&nbsp;ArgJ,65.8
595593.JREV01000042_gene3988,MB46_08485,annotation&nbsp;not&nbsp;available,65.8
595593.JREV01000064_gene95,gpsA,annotation&nbsp;not&nbsp;available,65.8
595593.JREV01000052_gene2158,MB46_02995,annotation&nbsp;not&nbsp;available,65.7
595593.JREV01000005_gene2957,MB46_06015,annotation&nbsp;not&nbsp;available,65.7
595593.JREV01000037_gene3563,MB46_02545,annotation&nbsp;not&nbsp;available,65.7
595593.JREV01000067_gene1888,MB46_15485,annotation&nbsp;not&nbsp;available,65.7
595593.JREV01000005_gene2964,MB46_05980,annotation&nbsp;not&nbsp;available,65.6
595593.JREV01000045_gene927,MB46_13155,Alanine&nbsp;racemase,65.6
595593.JREV01000010_gene2714,MB46_08270,annotation&nbsp;not&nbsp;available,65.5
595593.JREV01000039_gene3867,MB46_16365,annotation&nbsp;not&nbsp;available,65.5
595593.JREV01000039_gene3858,MB46_16410,annotation&nbsp;not&nbsp;available,65.4
595593.JREV01000041_gene345,MB46_11750,annotation&nbsp;not&nbsp;available,65.3
595593.JREV01000064_gene85,MB46_09870,annotation&nbsp;not&nbsp;available,65.3
595593.JREV01000045_gene946,MB46_13060,annotation&nbsp;not&nbsp;available,65.3
595593.JREV01000022_gene1628,MB46_04725,annotation&nbsp;not&nbsp;available,65.3
595593.JREV01000045_gene950,groS,10&nbsp;kDa&nbsp;chaperonin,65.2
595593.JREV01000005_gene2990,ureA,annotation&nbsp;not&nbsp;available,65.2
595593.JREV01000052_gene2197,MB46_03195,annotation&nbsp;not&nbsp;available,65.1
595593.JREV01000006_gene2876,MB46_01925,annotation&nbsp;not&nbsp;available,65.0
595593.JREV01000048_gene1064,MB46_17050,annotation&nbsp;not&nbsp;available,64.9
595593.JREV01000039_gene3881,rpsF,30S&nbsp;ribosomal&nbsp;protein&nbsp;S6,64.9
595593.JREV01000067_gene1976,MB46_15020,annotation&nbsp;not&nbsp;available,64.9
595593.JREV01000045_gene884,rplF,50S&nbsp;ribosomal&nbsp;protein&nbsp;L6,64.8
595593.JREV01000060_gene2455,MB46_00510,annotation&nbsp;not&nbsp;available,64.7
595593.JREV01000037_gene3633,fumC,Fumarate&nbsp;hydratase&nbsp;class&nbsp;II,64.7
595593.JREV01000041_gene245,MB46_11245,GTPase,64.7
595593.JREV01000022_gene1704,MB46_05105,annotation&nbsp;not&nbsp;available,64.5
595593.JREV01000054_gene2374,mdh,Malate&nbsp;dehydrogenase,64.4
595593.JREV01000046_gene652,MB46_01395,annotation&nbsp;not&nbsp;available,64.3
595593.JREV01000022_gene1482,hisH,Imidazole&nbsp;glycerol&nbsp;phosphate&nbsp;synthase&nbsp;subunit&nbsp;HisH,64.3
595593.JREV01000037_gene3661,MB46_02055,annotation&nbsp;not&nbsp;available,64.3
595593.JREV01000031_gene3181,MB46_01725,annotation&nbsp;not&nbsp;available,64.3
595593.JREV01000046_gene578,MB46_01030,annotation&nbsp;not&nbsp;available,64.3
595593.JREV01000043_gene432,MB46_18900,annotation&nbsp;not&nbsp;available,64.2
595593.JREV01000045_gene943,MB46_13075,annotation&nbsp;not&nbsp;available,64.2
595593.JREV01000045_gene883,rpsH,30S&nbsp;ribosomal&nbsp;protein&nbsp;S8,64.0
595593.JREV01000055_gene2246,gcvT,Aminomethyltransferase,64.0
595593.JREV01000067_gene1906,MB46_15395,annotation&nbsp;not&nbsp;available,63.9
595593.JREV01000041_gene280,MB46_11420,annotation&nbsp;not&nbsp;available,63.9
595593.JREV01000046_gene633,MB46_01300,annotation&nbsp;not&nbsp;available,63.9
595593.JREV01000043_gene458,MB46_18770,annotation&nbsp;not&nbsp;available,63.8
595593.JREV01000005_gene2919,MB46_06125,annotation&nbsp;not&nbsp;available,63.8
595593.JREV01000005_gene2994,ureF,Urease&nbsp;accessory&nbsp;protein&nbsp;UreF,63.7
595593.JREV01000061_gene1136,dapA,4-hydroxy-tetrahydrodipicolinate&nbsp;synthase,63.6
595593.JREV01000039_gene3866,MB46_16370,annotation&nbsp;not&nbsp;available,63.6
595593.JREV01000035_gene3417,ndk,Nucleoside&nbsp;diphosphate&nbsp;kinase,63.5
595593.JREV01000045_gene826,ppk,Polyphosphate&nbsp;kinase,63.5
595593.JREV01000067_gene1919,MB46_15330,Phosphate&nbsp;transport&nbsp;system&nbsp;permease&nbsp;protein,63.3
595593.JREV01000067_gene1929,MB46_15275,annotation&nbsp;not&nbsp;available,63.3
595593.JREV01000039_gene3826,MB46_16565,annotation&nbsp;not&nbsp;available,63.2
595593.JREV01000039_gene3798,MB46_16705,annotation&nbsp;not&nbsp;available,63.2
595593.JREV01000012_gene2035,acpP,Acyl&nbsp;carrier&nbsp;protein,63.1
595593.JREV01000045_gene901,rplQ,annotation&nbsp;not&nbsp;available,63.0
595593.JREV01000067_gene1909,MB46_15380,annotation&nbsp;not&nbsp;available,63.0
595593.JREV01000048_gene968,MB46_17530,annotation&nbsp;not&nbsp;available,63.0
595593.JREV01000062_gene2292,MB46_14940,annotation&nbsp;not&nbsp;available,62.9
595593.JREV01000022_gene1663,MB46_04900,annotation&nbsp;not&nbsp;available,62.9
595593.JREV01000032_gene3329,MB46_06900,Methionine&nbsp;import&nbsp;ATP-binding&nbsp;protein&nbsp;MetN,62.9
595593.JREV01000037_gene3581,ctc,50S&nbsp;ribosomal&nbsp;protein&nbsp;L25,62.8
595593.JREV01000052_gene2186,MB46_03140,annotation&nbsp;not&nbsp;available,62.7
595593.JREV01000021_gene1826,MB46_10940,Threonine&nbsp;synthase,62.6
595593.JREV01000061_gene1082,MB46_03610,annotation&nbsp;not&nbsp;available,62.5
595593.JREV01000042_gene4023,secD,Protein&nbsp;translocase&nbsp;subunit&nbsp;SecD,62.5
595593.JREV01000049_gene1185,MB46_02745,annotation&nbsp;not&nbsp;available,62.4
595593.JREV01000043_gene433,MB46_18895,annotation&nbsp;not&nbsp;available,62.4
595593.JREV01000049_gene1207,MB46_02855,annotation&nbsp;not&nbsp;available,62.4
595593.JREV01000045_gene940,MB46_13090,Putative&nbsp;glutamate--cysteine&nbsp;ligase&nbsp;2,62.3
595593.JREV01000039_gene3792,MB46_16735,annotation&nbsp;not&nbsp;available,62.2
595593.JREV01000052_gene2218,dnaG,DNA&nbsp;primase,62.2
595593.JREV01000039_gene3825,MB46_16570,annotation&nbsp;not&nbsp;available,62.1
595593.JREV01000040_gene3936,MB46_14520,annotation&nbsp;not&nbsp;available,62.1
595593.JREV01000044_gene368,uppP,Undecaprenyl-diphosphatase,62.0
595593.JREV01000041_gene318,secA,Protein&nbsp;translocase&nbsp;subunit&nbsp;SecA,61.9
595593.JREV01000022_gene1552,MB46_04340,annotation&nbsp;not&nbsp;available,61.9
595593.JREV01000006_gene2874,MB46_01915,annotation&nbsp;not&nbsp;available,61.7
595593.JREV01000022_gene1591,MB46_04540,annotation&nbsp;not&nbsp;available,61.6
595593.JREV01000044_gene377,prcB,Proteasome&nbsp;subunit&nbsp;beta,61.5
595593.JREV01000060_gene2467,MB46_00450,annotation&nbsp;not&nbsp;available,61.5
595593.JREV01000019_gene3124,MB46_07155,annotation&nbsp;not&nbsp;available,61.4
595593.JREV01000060_gene2540,MB46_00090,annotation&nbsp;not&nbsp;available,61.3
595593.JREV01000045_gene672,MB46_14420,annotation&nbsp;not&nbsp;available,61.2
595593.JREV01000021_gene1762,MB46_10620,annotation&nbsp;not&nbsp;available,61.1
595593.JREV01000060_gene2459,MB46_00490,annotation&nbsp;not&nbsp;available,61.1
595593.JREV01000045_gene785,kdpA,Potassium-transporting&nbsp;ATPase&nbsp;potassium-binding&nbsp;subunit,61.1
595593.JREV01000022_gene1689,MB46_05030,annotation&nbsp;not&nbsp;available,61.0
595593.JREV01000031_gene3190,MB46_01680,annotation&nbsp;not&nbsp;available,61.0
595593.JREV01000042_gene4010,MB46_08595,annotation&nbsp;not&nbsp;available,61.0
595593.JREV01000064_gene105,gltX,Glutamate--tRNA&nbsp;ligase,60.9
595593.JREV01000067_gene1889,MB46_15480,Dihydropteroate&nbsp;synthase,60.9
595593.JREV01000045_gene786,JREV01000045_gene786,annotation&nbsp;not&nbsp;available,60.6
595593.JREV01000045_gene858,rplL,50S&nbsp;ribosomal&nbsp;protein&nbsp;L7/L12,60.6
595593.JREV01000022_gene1626,MB46_04715,Cytochrome&nbsp;c&nbsp;oxidase&nbsp;subunit&nbsp;1,60.6
595593.JREV01000021_gene1769,sbcD,Nuclease&nbsp;SbcCD&nbsp;subunit&nbsp;D,60.6
595593.JREV01000022_gene1522,MB46_04175,annotation&nbsp;not&nbsp;available,60.5
595593.JREV01000022_gene1547,MB46_04315,annotation&nbsp;not&nbsp;available,60.5
595593.JREV01000042_gene4033,MB46_08705,annotation&nbsp;not&nbsp;available,60.4
595593.JREV01000005_gene3004,MB46_05790,annotation&nbsp;not&nbsp;available,60.4
595593.JREV01000045_gene910,glmS,Glutamine--fructose-6-phosphate&nbsp;aminotransferase&nbsp;[isomerizing],60.3
595593.JREV01000045_gene919,MB46_13195,annotation&nbsp;not&nbsp;available,60.3
595593.JREV01000064_gene117,MB46_10040,annotation&nbsp;not&nbsp;available,60.3
595593.JREV01000031_gene3183,MB46_01715,annotation&nbsp;not&nbsp;available,60.2
595593.JREV01000012_gene2056,rpsP,annotation&nbsp;not&nbsp;available,60.2
595593.JREV01000042_gene4034,pdxS,Pyridoxal&nbsp;5'-phosphate&nbsp;synthase&nbsp;subunit&nbsp;PdxS,60.2
595593.JREV01000043_gene436,MB46_18880,annotation&nbsp;not&nbsp;available,60.1
595593.JREV01000045_gene941,MB46_13085,annotation&nbsp;not&nbsp;available,60.0
595593.JREV01000005_gene2995,ureG,Urease&nbsp;accessory&nbsp;protein&nbsp;UreG,60.0
595593.JREV01000022_gene1538,pyrG,CTP&nbsp;synthase,59.7
595593.JREV01000021_gene1763,MB46_10625,annotation&nbsp;not&nbsp;available,59.6
595593.JREV01000060_gene2468,MB46_00445,annotation&nbsp;not&nbsp;available,59.6
595593.JREV01000038_gene3723,MB46_12000,annotation&nbsp;not&nbsp;available,59.6
595593.JREV01000049_gene1190,MB46_02770,annotation&nbsp;not&nbsp;available,59.6
595593.JREV01000006_gene2878,MB46_02600,annotation&nbsp;not&nbsp;available,59.6
595593.JREV01000041_gene323,MB46_11640,annotation&nbsp;not&nbsp;available,59.6
595593.JREV01000035_gene3414,ileS,Isoleucine--tRNA&nbsp;ligase,59.6
595593.JREV01000045_gene898,rpsM,30S&nbsp;ribosomal&nbsp;protein&nbsp;S13,59.5
595593.JREV01000031_gene3161,MB46_01820,annotation&nbsp;not&nbsp;available,59.4
595593.JREV01000064_gene120,leuB,3-isopropylmalate&nbsp;dehydrogenase,59.4
595593.JREV01000045_gene695,MB46_14305,Demethylmenaquinone&nbsp;methyltransferase,59.4
595593.JREV01000011_gene1994,MB46_17000,annotation&nbsp;not&nbsp;available,59.4
595593.JREV01000045_gene857,rplJ,50S&nbsp;ribosomal&nbsp;protein&nbsp;L10,59.3
595593.JREV01000030_gene1247,MB46_18520,annotation&nbsp;not&nbsp;available,59.3
595593.JREV01000032_gene3341,MB46_06960,annotation&nbsp;not&nbsp;available,59.2
595593.JREV01000038_gene3693,MB46_11845,annotation&nbsp;not&nbsp;available,59.2
595593.JREV01000046_gene501,MB46_00650,annotation&nbsp;not&nbsp;available,59.2
595593.JREV01000001_gene2695,MB46_15760,Adenine&nbsp;deaminase,59.1
595593.JREV01000017_gene2756,MB46_12225,annotation&nbsp;not&nbsp;available,59.1
595593.JREV01000045_gene899,rpsK,30S&nbsp;ribosomal&nbsp;protein&nbsp;S11,59.1
595593.JREV01000045_gene768,MB46_13945,annotation&nbsp;not&nbsp;available,59.0
595593.JREV01000061_gene1073,MB46_03565,annotation&nbsp;not&nbsp;available,58.9
595593.JREV01000005_gene2931,MB46_06065,annotation&nbsp;not&nbsp;available,58.9
595593.JREV01000022_gene1701,MB46_05090,Glucose-6-phosphate&nbsp;1-dehydrogenase,58.9
595593.JREV01000060_gene2489,MB46_00340,annotation&nbsp;not&nbsp;available,58.8
595593.JREV01000045_gene945,MB46_13065,annotation&nbsp;not&nbsp;available,58.8
595593.JREV01000008_gene2803,trpB,Tryptophan&nbsp;synthase&nbsp;beta&nbsp;chain,58.7
595593.JREV01000021_gene1808,atpG,ATP&nbsp;synthase&nbsp;gamma&nbsp;chain,58.7
595593.JREV01000049_gene1171,MB46_02675,annotation&nbsp;not&nbsp;available,58.6
595593.JREV01000028_gene1318,JREV01000028_gene1318,annotation&nbsp;not&nbsp;available,58.4
595593.JREV01000043_gene419,MB46_18975,annotation&nbsp;not&nbsp;available,58.4
595593.JREV01000038_gene3720,MB46_11985,annotation&nbsp;not&nbsp;available,58.3
595593.JREV01000049_gene1184,MB46_02740,annotation&nbsp;not&nbsp;available,58.2
595593.JREV01000022_gene1695,MB46_05060,annotation&nbsp;not&nbsp;available,58.0
595593.JREV01000042_gene3984,MB46_08465,annotation&nbsp;not&nbsp;available,57.9
595593.JREV01000062_gene2297,pyrE,Orotate&nbsp;phosphoribosyltransferase,57.7
595593.JREV01000060_gene2471,MB46_00430,annotation&nbsp;not&nbsp;available,57.7
595593.JREV01000046_gene503,MB46_00660,annotation&nbsp;not&nbsp;available,57.7
595593.JREV01000051_gene2148,MB46_08055,annotation&nbsp;not&nbsp;available,57.6
595593.JREV01000067_gene1908,MB46_15385,annotation&nbsp;not&nbsp;available,57.6
595593.JREV01000005_gene2932,MB46_06060,annotation&nbsp;not&nbsp;available,57.6
595593.JREV01000035_gene3452,MB46_08800,Ribonucleoside-diphosphate&nbsp;reductase&nbsp;subunit&nbsp;beta,57.5
595593.JREV01000011_gene2009,dcd,annotation&nbsp;not&nbsp;available,57.5
595593.JREV01000031_gene3226,MB46_01500,annotation&nbsp;not&nbsp;available,57.5
595593.JREV01000044_gene359,MB46_05315,annotation&nbsp;not&nbsp;available,57.4
595593.JREV01000061_gene1139,MB46_03890,annotation&nbsp;not&nbsp;available,57.3
595593.JREV01000069_gene225,MB46_19020,annotation&nbsp;not&nbsp;available,57.3
595593.JREV01000045_gene784,MB46_13865,annotation&nbsp;not&nbsp;available,57.2
595593.JREV01000054_gene2364,MB46_12690,annotation&nbsp;not&nbsp;available,57.2
595593.JREV01000060_gene2513,MB46_00220,annotation&nbsp;not&nbsp;available,57.1
595593.JREV01000054_gene2313,MB46_12435,annotation&nbsp;not&nbsp;available,57.0
595593.JREV01000022_gene1554,MB46_04350,annotation&nbsp;not&nbsp;available,57.0
595593.JREV01000048_gene1059,grpE,Protein&nbsp;GrpE,56.8
595593.JREV01000046_gene588,sucC,Succinate--CoA&nbsp;ligase&nbsp;[ADP-forming]&nbsp;subunit&nbsp;beta,56.8
595593.JREV01000022_gene1527,apt,Adenine&nbsp;phosphoribosyltransferase,56.7
595593.JREV01000031_gene3175,MB46_01755,annotation&nbsp;not&nbsp;available,56.7
595593.JREV01000010_gene2740,MB46_08140,annotation&nbsp;not&nbsp;available,56.7
595593.JREV01000055_gene2247,MB46_12255,Glycine&nbsp;cleavage&nbsp;system&nbsp;H&nbsp;protein,56.6
595593.JREV01000067_gene1930,MB46_15270,Phosphoenolpyruvate-protein&nbsp;phosphotransferase,56.6
595593.JREV01000022_gene1703,tal,Transaldolase,56.5
595593.JREV01000012_gene2034,MB46_09480,3-oxoacyl-[acyl-carrier-protein]&nbsp;synthase&nbsp;3,56.5
595593.JREV01000045_gene888,rplO,50S&nbsp;ribosomal&nbsp;protein&nbsp;L15,56.4
595593.JREV01000039_gene3781,MB46_16790,annotation&nbsp;not&nbsp;available,56.4
595593.JREV01000048_gene1050,MB46_17120,annotation&nbsp;not&nbsp;available,56.4
595593.JREV01000024_gene1463,MB46_09080,annotation&nbsp;not&nbsp;available,56.4
595593.JREV01000060_gene2475,MB46_00410,annotation&nbsp;not&nbsp;available,56.3
595593.JREV01000045_gene870,rplC,50S&nbsp;ribosomal&nbsp;protein&nbsp;L3,56.2
595593.JREV01000060_gene2549,MB46_00045,annotation&nbsp;not&nbsp;available,56.2
595593.JREV01000045_gene880,rplN,50S&nbsp;ribosomal&nbsp;protein&nbsp;L14,56.1
595593.JREV01000038_gene3706,MB46_11915,Cardiolipin&nbsp;synthase&nbsp;A,56.1
595593.JREV01000039_gene3799,MB46_16700,annotation&nbsp;not&nbsp;available,56.1
595593.JREV01000028_gene1317,JREV01000028_gene1317,annotation&nbsp;not&nbsp;available,55.9
595593.JREV01000054_gene2363,MB46_12685,annotation&nbsp;not&nbsp;available,55.8
595593.JREV01000041_gene324,MB46_11645,annotation&nbsp;not&nbsp;available,55.7
595593.JREV01000046_gene637,MB46_01315,annotation&nbsp;not&nbsp;available,55.7
595593.JREV01000045_gene954,guaB,Inosine-5'-monophosphate&nbsp;dehydrogenase,55.7
595593.JREV01000005_gene2992,ureC,annotation&nbsp;not&nbsp;available,55.6
595593.JREV01000021_gene1859,MB46_11110,annotation&nbsp;not&nbsp;available,55.4
595593.JREV01000037_gene3659,MB46_02065,annotation&nbsp;not&nbsp;available,55.4
595593.JREV01000060_gene2460,MB46_00485,annotation&nbsp;not&nbsp;available,55.4
595593.JREV01000048_gene983,MB46_17455,annotation&nbsp;not&nbsp;available,55.4
595593.JREV01000022_gene1706,MB46_05115,annotation&nbsp;not&nbsp;available,55.4
595593.JREV01000021_gene1809,atpA,ATP&nbsp;synthase&nbsp;subunit&nbsp;alpha,55.0
595593.JREV01000038_gene3703,MB46_11900,annotation&nbsp;not&nbsp;available,55.0
595593.JREV01000001_gene2607,MB46_16200,annotation&nbsp;not&nbsp;available,55.0
595593.JREV01000022_gene1625,MB46_04710,annotation&nbsp;not&nbsp;available,54.9
595593.JREV01000031_gene3184,MB46_01710,annotation&nbsp;not&nbsp;available,54.8
595593.JREV01000045_gene670,MB46_14430,annotation&nbsp;not&nbsp;available,54.8
595593.JREV01000060_gene2443,MB46_00570,Putative&nbsp;glutamate--cysteine&nbsp;ligase&nbsp;2,54.7
595593.JREV01000064_gene155,MB46_10230,annotation&nbsp;not&nbsp;available,54.7
595593.JREV01000045_gene894,MB46_13315,annotation&nbsp;not&nbsp;available,54.7
595593.JREV01000024_gene1462,MB46_09085,annotation&nbsp;not&nbsp;available,54.7
595593.JREV01000052_gene2155,MB46_02980,annotation&nbsp;not&nbsp;available,54.7
595593.JREV01000060_gene2448,MB46_00545,annotation&nbsp;not&nbsp;available,54.6
595593.JREV01000054_gene2365,MB46_12695,annotation&nbsp;not&nbsp;available,54.4
595593.JREV01000022_gene1631,MB46_04740,annotation&nbsp;not&nbsp;available,54.4
595593.JREV01000008_gene2802,MB46_07640,annotation&nbsp;not&nbsp;available,54.3
595593.JREV01000037_gene3624,purK,N5-carboxyaminoimidazole&nbsp;ribonucleotide&nbsp;synthase,54.3
595593.JREV01000052_gene2225,MB46_03350,annotation&nbsp;not&nbsp;available,54.3
595593.JREV01000002_gene2597,MB46_19105,annotation&nbsp;not&nbsp;available,54.1
595593.JREV01000045_gene787,kdpC,Potassium-transporting&nbsp;ATPase&nbsp;KdpC&nbsp;subunit,54.0
595593.JREV01000052_gene2166,gatC,Aspartyl/glutamyl-tRNA(Asn/Gln)&nbsp;amidotransferase&nbsp;subunit&nbsp;C,54.0
595593.JREV01000045_gene865,fusA,Elongation&nbsp;factor&nbsp;G,53.9
595593.JREV01000049_gene1194,MB46_02790,annotation&nbsp;not&nbsp;available,53.9
595593.JREV01000032_gene3328,MB46_06895,annotation&nbsp;not&nbsp;available,53.9
595593.JREV01000064_gene145,MB46_10180,annotation&nbsp;not&nbsp;available,53.8
595593.JREV01000060_gene2512,MB46_00225,annotation&nbsp;not&nbsp;available,53.8
595593.JREV01000001_gene2625,MB46_16105,Beta&nbsp;sliding&nbsp;clamp,53.7
595593.JREV01000045_gene669,MB46_14435,annotation&nbsp;not&nbsp;available,53.6
595593.JREV01000035_gene3442,MB46_08850,annotation&nbsp;not&nbsp;available,53.6
595593.JREV01000064_gene154,MB46_10225,annotation&nbsp;not&nbsp;available,53.6
595593.JREV01000022_gene1599,rpsT,30S&nbsp;ribosomal&nbsp;protein&nbsp;S20,53.5
595593.JREV01000005_gene2882,MB46_06310,annotation&nbsp;not&nbsp;available,53.5
595593.JREV01000045_gene897,infA,Translation&nbsp;initiation&nbsp;factor&nbsp;IF-1,53.4
595593.JREV01000032_gene3260,MB46_06540,annotation&nbsp;not&nbsp;available,53.3
595593.JREV01000055_gene2245,MB46_12265,Glycine&nbsp;dehydrogenase&nbsp;(decarboxylating),53.2
595593.JREV01000036_gene3492,MB46_17730,Phospho-2-dehydro-3-deoxyheptonate&nbsp;aldolase,53.2
595593.JREV01000061_gene1090,MB46_03650,annotation&nbsp;not&nbsp;available,53.1
595593.JREV01000021_gene1860,MB46_11115,annotation&nbsp;not&nbsp;available,53.1
595593.JREV01000067_gene1974,MB46_15030,annotation&nbsp;not&nbsp;available,53.0
595593.JREV01000043_gene438,MB46_18870,annotation&nbsp;not&nbsp;available,53.0
595593.JREV01000022_gene1508,MB46_04105,annotation&nbsp;not&nbsp;available,52.8
595593.JREV01000005_gene2937,MB46_01455,annotation&nbsp;not&nbsp;available,52.8
595593.JREV01000032_gene3262,MB46_06550,annotation&nbsp;not&nbsp;available,52.8
595593.JREV01000049_gene1186,MB46_02750,annotation&nbsp;not&nbsp;available,52.8
595593.JREV01000035_gene3444,MB46_08840,annotation&nbsp;not&nbsp;available,52.7
595593.JREV01000061_gene1129,MB46_03840,annotation&nbsp;not&nbsp;available,52.7
595593.JREV01000043_gene418,MB46_18980,annotation&nbsp;not&nbsp;available,52.6
595593.JREV01000045_gene886,rpsE,30S&nbsp;ribosomal&nbsp;protein&nbsp;S5,52.5
595593.JREV01000045_gene871,rplD,50S&nbsp;ribosomal&nbsp;protein&nbsp;L4,52.5
595593.JREV01000060_gene2457,MB46_00500,annotation&nbsp;not&nbsp;available,52.4
595593.JREV01000029_gene1290,MB46_00785,Phosphoenolpyruvate-protein&nbsp;phosphotransferase,52.4
595593.JREV01000035_gene3443,MB46_08845,5-methyltetrahydropteroyltriglutamate--homocysteine&nbsp;methyltransferase,52.3
595593.JREV01000021_gene1861,MB46_11120,annotation&nbsp;not&nbsp;available,52.3
595593.JREV01000021_gene1792,nagB,Glucosamine-6-phosphate&nbsp;deaminase,52.2
595593.JREV01000046_gene579,MB46_01035,annotation&nbsp;not&nbsp;available,52.2
595593.JREV01000063_gene211,MB46_18275,annotation&nbsp;not&nbsp;available,52.2
595593.JREV01000005_gene3037,trpF,annotation&nbsp;not&nbsp;available,52.2
595593.JREV01000021_gene1750,MB46_10560,annotation&nbsp;not&nbsp;available,52.2
595593.JREV01000045_gene769,MB46_13940,annotation&nbsp;not&nbsp;available,52.0
595593.JREV01000045_gene944,MB46_13070,annotation&nbsp;not&nbsp;available,52.0
595593.JREV01000022_gene1615,leuA,2-isopropylmalate&nbsp;synthase,52.0
595593.JREV01000045_gene877,rplP,50S&nbsp;ribosomal&nbsp;protein&nbsp;L16,52.0
595593.JREV01000061_gene1122,rpsO,30S&nbsp;ribosomal&nbsp;protein&nbsp;S15,51.9
595593.JREV01000060_gene2547,MB46_00055,annotation&nbsp;not&nbsp;available,51.8
595593.JREV01000005_gene3026,MB46_05695,annotation&nbsp;not&nbsp;available,51.8
595593.JREV01000005_gene2968,MB46_05960,annotation&nbsp;not&nbsp;available,51.7
595593.JREV01000043_gene434,MB46_18890,annotation&nbsp;not&nbsp;available,51.6
595593.JREV01000041_gene343,MB46_11740,annotation&nbsp;not&nbsp;available,51.6
595593.JREV01000061_gene1081,MB46_03605,annotation&nbsp;not&nbsp;available,51.5
595593.JREV01000038_gene3707,MB46_11920,Probable&nbsp;cytosol&nbsp;aminopeptidase,51.5
595593.JREV01000011_gene1991,metZ,O-succinylhomoserine&nbsp;sulfhydrylase,51.4
595593.JREV01000010_gene2749,MB46_08095,annotation&nbsp;not&nbsp;available,51.3
595593.JREV01000064_gene42,ftsY,Signal&nbsp;recognition&nbsp;particle&nbsp;receptor&nbsp;FtsY,51.3
595593.JREV01000064_gene75,thiL,Thiamine-monophosphate&nbsp;kinase,51.2
595593.JREV01000041_gene257,MB46_11305,annotation&nbsp;not&nbsp;available,51.2
595593.JREV01000042_gene3999,MB46_08540,annotation&nbsp;not&nbsp;available,51.1
595593.JREV01000060_gene2476,MB46_00405,annotation&nbsp;not&nbsp;available,51.1
595593.JREV01000061_gene1079,MB46_03595,annotation&nbsp;not&nbsp;available,51.0
