1203602.HMPREF1527_01250,rplV,50S&nbsp;ribosomal&nbsp;protein&nbsp;L22,98.7
1203602.HMPREF1527_00698,EPD78378.1,annotation&nbsp;not&nbsp;available,98.5
1203602.HMPREF1527_00749,EPD78427.1,annotation&nbsp;not&nbsp;available,98.4
1203602.HMPREF1527_00277,EPD77975.1,annotation&nbsp;not&nbsp;available,98.3
1203602.HMPREF1527_01325,EPD77392.1,annotation&nbsp;not&nbsp;available,98.2
1203602.HMPREF1527_00092,glmS,Glutamine--fructose-6-phosphate&nbsp;aminotransferase&nbsp;[isomerizing],98.1
1203602.HMPREF1527_01246,rpsQ,30S&nbsp;ribosomal&nbsp;protein&nbsp;S17,98.0
1203602.HMPREF1527_01266,rpoB,DNA-directed&nbsp;RNA&nbsp;polymerase&nbsp;subunit&nbsp;beta,97.7
1203602.HMPREF1527_00384,EPD78080.1,annotation&nbsp;not&nbsp;available,96.8
1203602.HMPREF1527_01270,rplK,50S&nbsp;ribosomal&nbsp;protein&nbsp;L11,96.5
1203602.HMPREF1527_00406,rplS,50S&nbsp;ribosomal&nbsp;protein&nbsp;L19,96.4
1203602.HMPREF1527_01327,EPD77394.1,annotation&nbsp;not&nbsp;available,96.2
1203602.HMPREF1527_01241,rpsN,30S&nbsp;ribosomal&nbsp;protein&nbsp;S14&nbsp;type&nbsp;Z,95.8
1203602.HMPREF1527_00399,rpsB,annotation&nbsp;not&nbsp;available,95.7
1203602.HMPREF1527_00703,EPD78383.1,annotation&nbsp;not&nbsp;available,95.3
1203602.HMPREF1527_01245,rplN,50S&nbsp;ribosomal&nbsp;protein&nbsp;L14,94.7
1203602.HMPREF1527_00216,rpmB,annotation&nbsp;not&nbsp;available,94.6
1203602.HMPREF1527_00295,EPD77993.1,Shikimate&nbsp;kinase,94.6
1203602.HMPREF1527_00142,EPD77844.1,annotation&nbsp;not&nbsp;available,93.9
1203602.HMPREF1527_00893,EPD78569.1,annotation&nbsp;not&nbsp;available,93.1
1203602.HMPREF1527_00865,EPD78542.1,annotation&nbsp;not&nbsp;available,92.7
1203602.HMPREF1527_00530,EPD78214.1,annotation&nbsp;not&nbsp;available,92.5
1203602.HMPREF1527_01125,rpsF,30S&nbsp;ribosomal&nbsp;protein&nbsp;S6,92.2
1203602.HMPREF1527_01429,guaA,GMP&nbsp;synthase&nbsp;[glutamine-hydrolyzing],92.1
1203602.HMPREF1527_01269,rplA,50S&nbsp;ribosomal&nbsp;protein&nbsp;L1,91.6
1203602.HMPREF1527_00970,EPD78644.1,annotation&nbsp;not&nbsp;available,91.0
1203602.HMPREF1527_00720,pyrE,Orotate&nbsp;phosphoribosyltransferase,91.0
1203602.HMPREF1527_00518,rpmI,annotation&nbsp;not&nbsp;available,91.0
1203602.HMPREF1527_00900,EPD78576.1,annotation&nbsp;not&nbsp;available,90.9
1203602.HMPREF1527_01262,EPD77335.1,annotation&nbsp;not&nbsp;available,90.7
1203602.HMPREF1527_00334,EPD78031.1,annotation&nbsp;not&nbsp;available,90.7
1203602.HMPREF1527_01057,rpmH,annotation&nbsp;not&nbsp;available,90.5
1203602.HMPREF1527_00573,EPD78255.1,annotation&nbsp;not&nbsp;available,90.5
1203602.HMPREF1527_00206,EPD77904.1,annotation&nbsp;not&nbsp;available,90.4
1203602.HMPREF1527_00486,EPD78177.1,annotation&nbsp;not&nbsp;available,90.2
1203602.HMPREF1527_00443,EPD78136.1,annotation&nbsp;not&nbsp;available,90.2
1203602.HMPREF1527_01496,rplM,50S&nbsp;ribosomal&nbsp;protein&nbsp;L13,89.8
1203602.HMPREF1527_00088,EPD77790.1,annotation&nbsp;not&nbsp;available,89.6
1203602.HMPREF1527_01030,EPD78701.1,annotation&nbsp;not&nbsp;available,89.4
1203602.HMPREF1527_00664,pheT,annotation&nbsp;not&nbsp;available,89.4
1203602.HMPREF1527_01326,EPD77393.1,annotation&nbsp;not&nbsp;available,89.1
1203602.HMPREF1527_00807,EPD78485.1,Transketolase,89.0
1203602.HMPREF1527_01486,EPD77065.1,annotation&nbsp;not&nbsp;available,87.9
1203602.HMPREF1527_01200,atpB,ATP&nbsp;synthase&nbsp;subunit&nbsp;a,87.8
1203602.HMPREF1527_00430,rpsO,30S&nbsp;ribosomal&nbsp;protein&nbsp;S15,87.7
1203602.HMPREF1527_00989,EPD78663.1,annotation&nbsp;not&nbsp;available,86.9
1203602.HMPREF1527_00271,EPD77969.1,annotation&nbsp;not&nbsp;available,86.7
1203602.HMPREF1527_00322,rpsP,annotation&nbsp;not&nbsp;available,86.6
1203602.HMPREF1527_00229,ftsY,Signal&nbsp;recognition&nbsp;particle&nbsp;receptor&nbsp;FtsY,86.3
1203602.HMPREF1527_01433,groL,60&nbsp;kDa&nbsp;chaperonin,86.3
1203602.HMPREF1527_00181,EPD77879.1,annotation&nbsp;not&nbsp;available,86.3
1203602.HMPREF1527_01274,rpmG,annotation&nbsp;not&nbsp;available,85.9
1203602.HMPREF1527_01333,EPD77400.1,annotation&nbsp;not&nbsp;available,85.4
1203602.HMPREF1527_01244,rplX,50S&nbsp;ribosomal&nbsp;protein&nbsp;L24,85.3
1203602.HMPREF1527_01203,atpH,ATP&nbsp;synthase&nbsp;subunit&nbsp;delta,85.2
1203602.HMPREF1527_01495,rpsI,annotation&nbsp;not&nbsp;available,85.2
1203602.HMPREF1527_01063,gyrB,DNA&nbsp;gyrase&nbsp;subunit&nbsp;B,84.9
1203602.HMPREF1527_00887,deoC,Deoxyribose-phosphate&nbsp;aldolase,84.3
1203602.HMPREF1527_00715,EPD78395.1,annotation&nbsp;not&nbsp;available,84.2
1203602.HMPREF1527_00267,EPD77965.1,annotation&nbsp;not&nbsp;available,84.2
1203602.HMPREF1527_00815,EPD78493.1,annotation&nbsp;not&nbsp;available,84.1
1203602.HMPREF1527_00421,recA,Protein&nbsp;RecA,84.0
1203602.HMPREF1527_01206,atpD,ATP&nbsp;synthase&nbsp;subunit&nbsp;beta,83.5
1203602.HMPREF1527_00705,EPD78385.1,annotation&nbsp;not&nbsp;available,83.4
1203602.HMPREF1527_00091,EPD77793.1,annotation&nbsp;not&nbsp;available,83.3
1203602.HMPREF1527_00204,EPD77902.1,annotation&nbsp;not&nbsp;available,83.0
1203602.HMPREF1527_00517,rplT,50S&nbsp;ribosomal&nbsp;protein&nbsp;L20,83.0
1203602.HMPREF1527_00706,EPD78386.1,annotation&nbsp;not&nbsp;available,82.8
1203602.HMPREF1527_01142,purN,Phosphoribosylglycinamide&nbsp;formyltransferase,82.7
1203602.HMPREF1527_01039,EPD78709.1,annotation&nbsp;not&nbsp;available,82.5
1203602.HMPREF1527_00840,EPD78518.1,annotation&nbsp;not&nbsp;available,82.5
1203602.HMPREF1527_01268,rplJ,50S&nbsp;ribosomal&nbsp;protein&nbsp;L10,82.3
1203602.HMPREF1527_01466,EPD77533.1,annotation&nbsp;not&nbsp;available,82.3
1203602.HMPREF1527_00973,dnaK,Chaperone&nbsp;protein&nbsp;DnaK,82.2
1203602.HMPREF1527_01194,EPD78856.1,annotation&nbsp;not&nbsp;available,82.0
1203602.HMPREF1527_01205,atpG,ATP&nbsp;synthase&nbsp;gamma&nbsp;chain,81.9
1203602.HMPREF1527_00674,EPD78354.1,annotation&nbsp;not&nbsp;available,81.2
1203602.HMPREF1527_01251,rpsS,30S&nbsp;ribosomal&nbsp;protein&nbsp;S19,81.1
1203602.HMPREF1527_01434,groS,10&nbsp;kDa&nbsp;chaperonin,81.0
1203602.HMPREF1527_00748,EPD78426.1,annotation&nbsp;not&nbsp;available,80.8
1203602.HMPREF1527_00211,def,Peptide&nbsp;deformylase,80.7
1203602.HMPREF1527_01239,rplF,50S&nbsp;ribosomal&nbsp;protein&nbsp;L6,80.4
1203602.HMPREF1527_00377,cmk,annotation&nbsp;not&nbsp;available,80.3
1203602.HMPREF1527_00755,EPD78433.1,annotation&nbsp;not&nbsp;available,80.3
1203602.HMPREF1527_00976,EPD78650.1,annotation&nbsp;not&nbsp;available,79.3
1203602.HMPREF1527_01254,rplD,50S&nbsp;ribosomal&nbsp;protein&nbsp;L4,79.1
1203602.HMPREF1527_01256,rpsJ,30S&nbsp;ribosomal&nbsp;protein&nbsp;S10,78.9
1203602.HMPREF1527_00408,EPD78101.1,annotation&nbsp;not&nbsp;available,78.5
1203602.HMPREF1527_01227,rpsD,30S&nbsp;ribosomal&nbsp;protein&nbsp;S4,78.1
1203602.HMPREF1527_01238,rplR,50S&nbsp;ribosomal&nbsp;protein&nbsp;L18,77.9
1203602.HMPREF1527_01129,rplI,50S&nbsp;ribosomal&nbsp;protein&nbsp;L9,76.8
1203602.HMPREF1527_01204,atpA,ATP&nbsp;synthase&nbsp;subunit&nbsp;alpha,76.5
1203602.HMPREF1527_00182,EPD77880.1,annotation&nbsp;not&nbsp;available,76.5
1203602.HMPREF1527_01163,EPD78826.1,annotation&nbsp;not&nbsp;available,76.4
1203602.HMPREF1527_01252,rplB,50S&nbsp;ribosomal&nbsp;protein&nbsp;L2,76.3
1203602.HMPREF1527_01272,secE,Protein&nbsp;translocase&nbsp;subunit&nbsp;SecE,76.3
1203602.HMPREF1527_01017,purH,annotation&nbsp;not&nbsp;available,75.8
1203602.HMPREF1527_00491,EPD78180.1,Phosphoenolpyruvate-protein&nbsp;phosphotransferase,75.7
1203602.HMPREF1527_01457,EPD77524.1,annotation&nbsp;not&nbsp;available,75.6
1203602.HMPREF1527_00042,EPD77744.1,Deoxyribose-phosphate&nbsp;aldolase,75.3
1203602.HMPREF1527_00876,EPD78553.1,annotation&nbsp;not&nbsp;available,75.3
1203602.HMPREF1527_00450,pyrF,Orotidine&nbsp;5'-phosphate&nbsp;decarboxylase,74.8
1203602.HMPREF1527_01249,rpsC,30S&nbsp;ribosomal&nbsp;protein&nbsp;S3,74.7
1203602.HMPREF1527_01305,EPD77373.1,annotation&nbsp;not&nbsp;available,74.1
1203602.HMPREF1527_01133,purD,annotation&nbsp;not&nbsp;available,73.8
1203602.HMPREF1527_00186,ruvA,Holliday&nbsp;junction&nbsp;ATP-dependent&nbsp;DNA&nbsp;helicase&nbsp;RuvA,73.4
1203602.HMPREF1527_00475,EPD78167.1,annotation&nbsp;not&nbsp;available,72.9
1203602.HMPREF1527_01064,gyrA,DNA&nbsp;gyrase&nbsp;subunit&nbsp;A,72.8
1203602.HMPREF1527_01165,EPD78828.1,annotation&nbsp;not&nbsp;available,72.7
1203602.HMPREF1527_00974,EPD78648.1,annotation&nbsp;not&nbsp;available,72.6
1203602.HMPREF1527_00762,EPD78440.1,annotation&nbsp;not&nbsp;available,72.5
1203602.HMPREF1527_01240,rpsH,30S&nbsp;ribosomal&nbsp;protein&nbsp;S8,72.1
1203602.HMPREF1527_01248,rplP,50S&nbsp;ribosomal&nbsp;protein&nbsp;L16,72.0
1203602.HMPREF1527_00447,EPD78140.1,annotation&nbsp;not&nbsp;available,71.6
1203602.HMPREF1527_00895,EPD78571.1,annotation&nbsp;not&nbsp;available,71.4
1203602.HMPREF1527_01294,EPD77362.1,annotation&nbsp;not&nbsp;available,70.8
1203602.HMPREF1527_01174,EPD78837.1,annotation&nbsp;not&nbsp;available,70.7
1203602.HMPREF1527_01528,secA,Protein&nbsp;translocase&nbsp;subunit&nbsp;SecA,70.6
1203602.HMPREF1527_01235,rplO,50S&nbsp;ribosomal&nbsp;protein&nbsp;L15,70.6
1203602.HMPREF1527_00814,EPD78492.1,annotation&nbsp;not&nbsp;available,70.2
1203602.HMPREF1527_00665,pheS,annotation&nbsp;not&nbsp;available,70.1
1203602.HMPREF1527_01242,rplE,50S&nbsp;ribosomal&nbsp;protein&nbsp;L5,70.0
1203602.HMPREF1527_01207,atpC,ATP&nbsp;synthase&nbsp;epsilon&nbsp;chain,69.9
1203602.HMPREF1527_00292,EPD77990.1,annotation&nbsp;not&nbsp;available,69.9
1203602.HMPREF1527_00374,plsY,Glycerol-3-phosphate&nbsp;acyltransferase,69.3
1203602.HMPREF1527_01201,atpE,ATP&nbsp;synthase&nbsp;subunit&nbsp;c,69.2
1203602.HMPREF1527_00294,aroQ,3-dehydroquinate&nbsp;dehydratase,68.7
1203602.HMPREF1527_01441,tsaD,tRNA&nbsp;N6-adenosine&nbsp;threonylcarbamoyltransferase,68.5
1203602.HMPREF1527_00312,rplU,50S&nbsp;ribosomal&nbsp;protein&nbsp;L21,68.4
1203602.HMPREF1527_01432,EPD77499.1,annotation&nbsp;not&nbsp;available,68.4
1203602.HMPREF1527_01332,EPD77399.1,annotation&nbsp;not&nbsp;available,68.4
1203602.HMPREF1527_01226,rpoA,DNA-directed&nbsp;RNA&nbsp;polymerase&nbsp;subunit&nbsp;alpha,68.1
1203602.HMPREF1527_01172,EPD78835.1,annotation&nbsp;not&nbsp;available,68.1
1203602.HMPREF1527_00716,EPD78396.1,annotation&nbsp;not&nbsp;available,67.8
1203602.HMPREF1527_01265,rpoC,DNA-directed&nbsp;RNA&nbsp;polymerase&nbsp;subunit&nbsp;beta',67.7
1203602.HMPREF1527_00004,EPD77706.1,annotation&nbsp;not&nbsp;available,67.6
1203602.HMPREF1527_00500,EPD78186.1,annotation&nbsp;not&nbsp;available,67.4
1203602.HMPREF1527_01036,EPD78706.1,annotation&nbsp;not&nbsp;available,67.4
1203602.HMPREF1527_01127,rpsR,30S&nbsp;ribosomal&nbsp;protein&nbsp;S18,67.2
1203602.HMPREF1527_01004,pgi,annotation&nbsp;not&nbsp;available,67.1
1203602.HMPREF1527_00871,EPD78548.1,annotation&nbsp;not&nbsp;available,66.7
1203602.HMPREF1527_00950,rpmE,50S&nbsp;ribosomal&nbsp;protein&nbsp;L31,66.6
1203602.HMPREF1527_00501,thrB,Homoserine&nbsp;kinase,66.2
1203602.HMPREF1527_00442,rpsT,30S&nbsp;ribosomal&nbsp;protein&nbsp;S20,65.7
1203602.HMPREF1527_01267,rplL,50S&nbsp;ribosomal&nbsp;protein&nbsp;L7/L12,65.7
1203602.HMPREF1527_01258,rpsG,30S&nbsp;ribosomal&nbsp;protein&nbsp;S7,65.5
1203602.HMPREF1527_01015,EPD78689.1,Pyruvate-flavodoxin&nbsp;oxidoreductase,65.3
1203602.HMPREF1527_00187,ruvB,Holliday&nbsp;junction&nbsp;ATP-dependent&nbsp;DNA&nbsp;helicase&nbsp;RuvB,64.2
1203602.HMPREF1527_00612,dcd,annotation&nbsp;not&nbsp;available,64.1
1203602.HMPREF1527_01236,rpmD,annotation&nbsp;not&nbsp;available,63.7
1203602.HMPREF1527_00492,EPD78181.1,annotation&nbsp;not&nbsp;available,63.7
1203602.HMPREF1527_00134,EPD77836.1,annotation&nbsp;not&nbsp;available,63.0
1203602.HMPREF1527_00944,EPD78619.1,annotation&nbsp;not&nbsp;available,62.8
1203602.HMPREF1527_01060,EPD78728.1,Beta&nbsp;sliding&nbsp;clamp,62.1
1203602.HMPREF1527_01234,secY,Protein&nbsp;translocase&nbsp;subunit&nbsp;SecY,61.9
1203602.HMPREF1527_00230,ffh,Signal&nbsp;recognition&nbsp;particle&nbsp;protein,61.9
1203602.HMPREF1527_00631,EPD78312.1,annotation&nbsp;not&nbsp;available,61.8
1203602.HMPREF1527_00313,rpmA,annotation&nbsp;not&nbsp;available,61.8
1203602.HMPREF1527_00972,grpE,Protein&nbsp;GrpE,61.5
1203602.HMPREF1527_00712,EPD78392.1,annotation&nbsp;not&nbsp;available,61.0
1203602.HMPREF1527_00661,EPD78341.1,annotation&nbsp;not&nbsp;available,60.2
1203602.HMPREF1527_01046,EPD78714.1,annotation&nbsp;not&nbsp;available,59.8
1203602.HMPREF1527_01225,EPD77298.1,annotation&nbsp;not&nbsp;available,59.8
1203602.HMPREF1527_01319,EPD77386.1,annotation&nbsp;not&nbsp;available,59.8
1203602.HMPREF1527_01259,rpsL,30S&nbsp;ribosomal&nbsp;protein&nbsp;S12,59.4
1203602.HMPREF1527_00804,EPD78482.1,annotation&nbsp;not&nbsp;available,59.0
1203602.HMPREF1527_00411,nrdR,Transcriptional&nbsp;repressor&nbsp;NrdR,58.9
1203602.HMPREF1527_00198,EPD77896.1,annotation&nbsp;not&nbsp;available,58.9
1203602.HMPREF1527_00452,EPD78145.1,annotation&nbsp;not&nbsp;available,58.9
1203602.HMPREF1527_00291,EPD77989.1,annotation&nbsp;not&nbsp;available,58.4
1203602.HMPREF1527_01489,EPD77068.1,annotation&nbsp;not&nbsp;available,58.3
1203602.HMPREF1527_01318,EPD77385.1,annotation&nbsp;not&nbsp;available,58.1
1203602.HMPREF1527_00831,EPD78509.1,annotation&nbsp;not&nbsp;available,57.7
1203602.HMPREF1527_00806,EPD78484.1,Transketolase,57.6
1203602.HMPREF1527_01440,nadE,Glutamine-dependent&nbsp;NAD(+)&nbsp;synthetase,57.2
1203602.HMPREF1527_00888,EPD78565.1,annotation&nbsp;not&nbsp;available,57.1
1203602.HMPREF1527_00012,ligA,DNA&nbsp;ligase,56.9
1203602.HMPREF1527_01228,rpsK,30S&nbsp;ribosomal&nbsp;protein&nbsp;S11,56.9
1203602.HMPREF1527_01364,EPD77431.1,annotation&nbsp;not&nbsp;available,56.8
1203602.HMPREF1527_01363,EPD77430.1,annotation&nbsp;not&nbsp;available,56.7
1203602.HMPREF1527_00062,EPD77764.1,annotation&nbsp;not&nbsp;available,56.3
1203602.HMPREF1527_01151,EPD78814.1,annotation&nbsp;not&nbsp;available,56.3
1203602.HMPREF1527_01497,EPD77076.1,annotation&nbsp;not&nbsp;available,55.9
1203602.HMPREF1527_00017,polA,DNA&nbsp;polymerase&nbsp;I,54.9
1203602.HMPREF1527_00984,EPD78658.1,annotation&nbsp;not&nbsp;available,54.6
1203602.HMPREF1527_00260,xseA,Exodeoxyribonuclease&nbsp;7&nbsp;large&nbsp;subunit,54.2
1203602.HMPREF1527_00956,EPD78630.1,annotation&nbsp;not&nbsp;available,54.1
1203602.HMPREF1527_00605,EPD78286.1,annotation&nbsp;not&nbsp;available,54.1
1203602.HMPREF1527_01253,rplW,50S&nbsp;ribosomal&nbsp;protein&nbsp;L23,53.9
1203602.HMPREF1527_01230,rpmJ,annotation&nbsp;not&nbsp;available,53.7
1203602.HMPREF1527_00114,EPD77816.1,Cell&nbsp;division&nbsp;protein&nbsp;FtsQ,53.1
1203602.HMPREF1527_00184,EPD77882.1,annotation&nbsp;not&nbsp;available,53.1
1203602.HMPREF1527_00018,rnhA,Ribonuclease&nbsp;H,53.1
1203602.HMPREF1527_00894,EPD78570.1,annotation&nbsp;not&nbsp;available,53.0
1203602.HMPREF1527_01237,rpsE,30S&nbsp;ribosomal&nbsp;protein&nbsp;S5,52.8
1203602.HMPREF1527_00224,rpmF,annotation&nbsp;not&nbsp;available,52.3
1203602.HMPREF1527_00707,EPD78387.1,annotation&nbsp;not&nbsp;available,52.1
1203602.HMPREF1527_01247,rpmC,annotation&nbsp;not&nbsp;available,52.1
1203602.HMPREF1527_01255,rplC,50S&nbsp;ribosomal&nbsp;protein&nbsp;L3,52.1
1203602.HMPREF1527_00248,EPD77946.1,annotation&nbsp;not&nbsp;available,51.9
1203602.HMPREF1527_00261,xseB,Exodeoxyribonuclease&nbsp;7&nbsp;small&nbsp;subunit,51.6
1203602.HMPREF1527_00660,EPD78340.1,annotation&nbsp;not&nbsp;available,51.6
1203602.HMPREF1527_01300,EPD77368.1,annotation&nbsp;not&nbsp;available,51.5
1203602.HMPREF1527_00547,EPD78229.1,annotation&nbsp;not&nbsp;available,51.4
