1278971.AOGF01000032_gene2140,znuB,annotation&nbsp;not&nbsp;available,98.9
1278971.AOGF01000025_gene1914,aroQ,3-dehydroquinate&nbsp;dehydratase,98.9
1278971.AOGF01000015_gene945,malE,annotation&nbsp;not&nbsp;available,98.9
1278971.AOGF01000009_gene2547,rpmD,annotation&nbsp;not&nbsp;available,98.7
1278971.AOGF01000032_gene2182,cmk,annotation&nbsp;not&nbsp;available,98.7
1278971.AOGF01000012_gene2605,Z012_04840,annotation&nbsp;not&nbsp;available,98.6
1278971.AOGF01000025_gene1929,tal,Transaldolase,98.5
1278971.AOGF01000021_gene461,Z012_04985,annotation&nbsp;not&nbsp;available,98.3
1278971.AOGF01000023_gene1832,pepN,annotation&nbsp;not&nbsp;available,98.0
1278971.AOGF01000002_gene1292,leuB,3-isopropylmalate&nbsp;dehydrogenase,97.9
1278971.AOGF01000005_gene1538,Z012_07370,annotation&nbsp;not&nbsp;available,97.8
1278971.AOGF01000019_gene1144,VY92_00895,"Periplasmic&nbsp;nitrate&nbsp;reductase,&nbsp;electron&nbsp;transfer&nbsp;subunit",97.8
1278971.AOGF01000041_gene171,VY92_02665,annotation&nbsp;not&nbsp;available,97.6
1278971.AOGF01000010_gene2504,Z012_09560,annotation&nbsp;not&nbsp;available,97.6
1278971.AOGF01000014_gene1605,Z012_05965,Dihydrolipoyllysine-residue&nbsp;succinyltransferase&nbsp;component&nbsp;of&nbsp;2-oxoglutarate&nbsp;dehydrogenase&nbsp;complex,97.4
1278971.AOGF01000012_gene2608,rpmF,annotation&nbsp;not&nbsp;available,97.2
1278971.AOGF01000020_gene1164,tusA,Sulfur&nbsp;carrier&nbsp;protein&nbsp;TusA,97.2
1278971.AOGF01000014_gene1673,pntB,NAD(P)&nbsp;transhydrogenase&nbsp;subunit&nbsp;beta,97.2
1278971.AOGF01000031_gene2453,Z012_08715,annotation&nbsp;not&nbsp;available,97.0
1278971.AOGF01000025_gene2012,atpC,ATP&nbsp;synthase&nbsp;epsilon&nbsp;chain,96.9
1278971.AOGF01000005_gene1505,plsY,Glycerol-3-phosphate&nbsp;acyltransferase,96.9
1278971.AOGF01000032_gene2196,Z012_03300,annotation&nbsp;not&nbsp;available,96.8
1278971.AOGF01000014_gene1666,prfB,Peptide&nbsp;chain&nbsp;release&nbsp;factor&nbsp;2,96.6
1278971.AOGF01000032_gene2133,rpmI,annotation&nbsp;not&nbsp;available,96.4
1278971.AOGF01000002_gene1364,AOGF01000002_gene1364,annotation&nbsp;not&nbsp;available,96.4
1278971.AOGF01000003_gene1428,rpsJ,30S&nbsp;ribosomal&nbsp;protein&nbsp;S10,96.3
1278971.AOGF01000007_gene119,Z012_08610,annotation&nbsp;not&nbsp;available,96.1
1278971.AOGF01000017_gene716,Z012_09160,Lactoylglutathione&nbsp;lyase,96.1
1278971.AOGF01000045_gene630,Z012_06990,annotation&nbsp;not&nbsp;available,96.0
1278971.AOGF01000012_gene2645,lipB,Octanoyltransferase,95.8
1278971.AOGF01000013_gene506,Z012_05260,Molybdate-transporting&nbsp;ATPase,95.7
1278971.AOGF01000017_gene791,moaE,annotation&nbsp;not&nbsp;available,95.6
1278971.AOGF01000015_gene972,fbp,annotation&nbsp;not&nbsp;available,95.6
1278971.AOGF01000019_gene1142,pnp,Polyribonucleotide&nbsp;nucleotidyltransferase,95.5
1278971.AOGF01000010_gene2514,AOGF01000010_gene2514,annotation&nbsp;not&nbsp;available,95.5
1278971.AOGF01000022_gene392,ribD,Riboflavin&nbsp;biosynthesis&nbsp;protein&nbsp;RibD,95.4
1278971.AOGF01000012_gene2630,fbpC,Fe(3+)&nbsp;ions&nbsp;import&nbsp;ATP-binding&nbsp;protein&nbsp;FbpC,95.3
1278971.AOGF01000006_gene1471,glpE,Thiosulfate&nbsp;sulfurtransferase&nbsp;GlpE,95.2
1278971.AOGF01000025_gene2015,atpA,ATP&nbsp;synthase&nbsp;subunit&nbsp;alpha,95.2
1278971.AOGF01000012_gene2718,ilvH,annotation&nbsp;not&nbsp;available,94.9
1278971.AOGF01000015_gene977,znuA,annotation&nbsp;not&nbsp;available,94.8
1278971.AOGF01000058_gene1207,secE,Protein&nbsp;translocase&nbsp;subunit&nbsp;SecE,94.7
1278971.AOGF01000002_gene1252,Z012_03785,annotation&nbsp;not&nbsp;available,94.7
1278971.AOGF01000046_gene626,Z012_05455,annotation&nbsp;not&nbsp;available,94.7
1278971.AOGF01000019_gene1117,gpsA,annotation&nbsp;not&nbsp;available,94.5
1278971.AOGF01000031_gene2431,VY92_11195,annotation&nbsp;not&nbsp;available,94.4
1278971.AOGF01000015_gene886,menF,Isochorismate&nbsp;synthase&nbsp;MenF,94.2
1278971.AOGF01000006_gene1480,Z012_03220,annotation&nbsp;not&nbsp;available,94.1
1278971.AOGF01000002_gene1379,Z012_07785,annotation&nbsp;not&nbsp;available,94.1
1278971.AOGF01000021_gene470,Z012_04950,annotation&nbsp;not&nbsp;available,93.9
1278971.AOGF01000002_gene1363,AOGF01000002_gene1363,annotation&nbsp;not&nbsp;available,93.8
1278971.AOGF01000005_gene1517,Z012_02665,annotation&nbsp;not&nbsp;available,93.7
1278971.AOGF01000002_gene1304,mglC,annotation&nbsp;not&nbsp;available,93.6
1278971.AOGF01000040_gene223,fabA,3-hydroxydecanoyl-[acyl-carrier-protein]&nbsp;dehydratase,93.5
1278971.AOGF01000031_gene2416,polA,DNA&nbsp;polymerase&nbsp;I,93.4
1278971.AOGF01000015_gene843,murE,"UDP-N-acetylmuramoyl-L-alanyl-D-glutamate--2,6-diaminopimelate&nbsp;ligase",93.4
1278971.AOGF01000025_gene2025,Z012_07960,annotation&nbsp;not&nbsp;available,93.3
1278971.AOGF01000040_gene198,glnS,annotation&nbsp;not&nbsp;available,93.3
1278971.AOGF01000032_gene2158,Z012_11260,annotation&nbsp;not&nbsp;available,93.3
1278971.AOGF01000015_gene966,Z012_02355,annotation&nbsp;not&nbsp;available,93.2
1278971.AOGF01000010_gene2499,Z012_09535,annotation&nbsp;not&nbsp;available,93.1
1278971.AOGF01000033_gene2305,lptE,LPS-assembly&nbsp;lipoprotein&nbsp;LptE,93.1
1278971.AOGF01000020_gene1175,rpsR,30S&nbsp;ribosomal&nbsp;protein&nbsp;S18,93.1
1278971.AOGF01000032_gene2199,dapA,4-hydroxy-tetrahydrodipicolinate&nbsp;synthase,93.0
1278971.AOGF01000031_gene2432,Z012_03085,annotation&nbsp;not&nbsp;available,92.8
1278971.AOGF01000002_gene1333,Z012_08045,annotation&nbsp;not&nbsp;available,92.7
1278971.AOGF01000020_gene1163,gpmA,"2,3-bisphosphoglycerate-dependent&nbsp;phosphoglycerate&nbsp;mutase",92.7
1278971.AOGF01000023_gene1847,thiI,tRNA&nbsp;sulfurtransferase,92.6
1278971.AOGF01000008_gene130,Z012_10405,annotation&nbsp;not&nbsp;available,92.5
1278971.AOGF01000017_gene732,parC,DNA&nbsp;topoisomerase&nbsp;4&nbsp;subunit&nbsp;A,92.5
1278971.AOGF01000036_gene2082,guaB,Inosine-5'-monophosphate&nbsp;dehydrogenase,92.3
1278971.AOGF01000003_gene1436,rplP,50S&nbsp;ribosomal&nbsp;protein&nbsp;L16,92.1
1278971.AOGF01000025_gene1944,Z012_00615,annotation&nbsp;not&nbsp;available,92.1
1278971.AOGF01000005_gene1526,mogA,annotation&nbsp;not&nbsp;available,92.0
1278971.AOGF01000041_gene187,Z012_02570,annotation&nbsp;not&nbsp;available,91.9
1278971.AOGF01000005_gene1533,ftsY,Signal&nbsp;recognition&nbsp;particle&nbsp;receptor&nbsp;FtsY,91.9
1278971.AOGF01000015_gene968,Z012_02365,annotation&nbsp;not&nbsp;available,91.6
1278971.AOGF01000032_gene2203,plsB,annotation&nbsp;not&nbsp;available,91.6
1278971.AOGF01000007_gene118,Z012_08605,Anti-sigma-E&nbsp;factor&nbsp;RseA,91.5
1278971.AOGF01000033_gene2297,bamA,Outer&nbsp;membrane&nbsp;protein&nbsp;assembly&nbsp;factor&nbsp;BamA,91.3
1278971.AOGF01000014_gene1597,Z012_05995,annotation&nbsp;not&nbsp;available,91.3
1278971.AOGF01000007_gene84,Z012_07825,annotation&nbsp;not&nbsp;available,91.3
1278971.AOGF01000024_gene1895,mukE,Chromosome&nbsp;partition&nbsp;protein&nbsp;MukE,91.2
1278971.AOGF01000031_gene2467,recC,RecBCD&nbsp;enzyme&nbsp;subunit&nbsp;RecC,91.1
1278971.AOGF01000010_gene2509,Z012_10735,annotation&nbsp;not&nbsp;available,91.1
1278971.AOGF01000036_gene2080,guaA,GMP&nbsp;synthase&nbsp;[glutamine-hydrolyzing],91.1
1278971.AOGF01000039_gene247,Z012_06185,annotation&nbsp;not&nbsp;available,90.9
1278971.AOGF01000013_gene517,thiQ,Thiamine&nbsp;import&nbsp;ATP-binding&nbsp;protein&nbsp;ThiQ,90.9
1278971.AOGF01000013_gene541,Z012_04790,annotation&nbsp;not&nbsp;available,90.9
1278971.AOGF01000041_gene178,Z012_02525,annotation&nbsp;not&nbsp;available,90.8
1278971.AOGF01000028_gene2805,Z012_05585,annotation&nbsp;not&nbsp;available,90.8
1278971.AOGF01000028_gene2808,fdhE,Protein&nbsp;FdhE&nbsp;homolog,90.8
1278971.AOGF01000013_gene518,Z012_05325,annotation&nbsp;not&nbsp;available,90.5
1278971.AOGF01000023_gene1837,Z012_08840,annotation&nbsp;not&nbsp;available,90.4
1278971.AOGF01000023_gene1863,Z012_04220,annotation&nbsp;not&nbsp;available,90.3
1278971.AOGF01000015_gene946,malF,annotation&nbsp;not&nbsp;available,90.3
1278971.AOGF01000019_gene1146,VY92_00885,annotation&nbsp;not&nbsp;available,90.2
1278971.AOGF01000003_gene1395,deoC,Deoxyribose-phosphate&nbsp;aldolase,90.2
1278971.AOGF01000019_gene1148,VY92_00875,annotation&nbsp;not&nbsp;available,90.1
1278971.AOGF01000009_gene2548,rpsE,30S&nbsp;ribosomal&nbsp;protein&nbsp;S5,90.1
1278971.AOGF01000009_gene2538,ribB,"3,4-dihydroxy-2-butanone&nbsp;4-phosphate&nbsp;synthase",89.9
1278971.AOGF01000041_gene167,mnmE,tRNA&nbsp;modification&nbsp;GTPase&nbsp;MnmE,89.7
1278971.AOGF01000032_gene2132,rplT,50S&nbsp;ribosomal&nbsp;protein&nbsp;L20,89.2
1278971.AOGF01000002_gene1349,Z012_06555,annotation&nbsp;not&nbsp;available,89.1
1278971.AOGF01000031_gene2438,glnA,annotation&nbsp;not&nbsp;available,89.1
1278971.AOGF01000024_gene1888,himA,Integration&nbsp;host&nbsp;factor&nbsp;subunit&nbsp;alpha,89.1
1278971.AOGF01000017_gene662,Z012_05370,annotation&nbsp;not&nbsp;available,89.0
1278971.AOGF01000006_gene1467,VY92_11060,DNA&nbsp;polymerase&nbsp;III&nbsp;subunit&nbsp;psi,88.8
1278971.AOGF01000020_gene1198,nusA,Transcription&nbsp;termination/antitermination&nbsp;protein&nbsp;NusA,88.7
1278971.AOGF01000033_gene2319,Z012_00355,annotation&nbsp;not&nbsp;available,88.7
1278971.AOGF01000007_gene67,rplJ,50S&nbsp;ribosomal&nbsp;protein&nbsp;L10,88.7
1278971.AOGF01000013_gene519,Z012_05330,annotation&nbsp;not&nbsp;available,88.6
1278971.AOGF01000014_gene1621,Z012_02870,annotation&nbsp;not&nbsp;available,88.5
1278971.AOGF01000040_gene205,aceF,Acetyltransferase&nbsp;component&nbsp;of&nbsp;pyruvate&nbsp;dehydrogenase&nbsp;complex,88.5
1278971.AOGF01000044_gene2119,Z012_10130,annotation&nbsp;not&nbsp;available,88.5
1278971.AOGF01000006_gene1492,folD,Bifunctional&nbsp;protein&nbsp;FolD,88.3
1278971.AOGF01000022_gene413,gloB,Hydroxyacylglutathione&nbsp;hydrolase,88.3
1278971.AOGF01000039_gene244,trpC,annotation&nbsp;not&nbsp;available,88.3
1278971.AOGF01000032_gene2201,Z012_03325,annotation&nbsp;not&nbsp;available,88.3
1278971.AOGF01000009_gene2542,rpsD,30S&nbsp;ribosomal&nbsp;protein&nbsp;S4,88.1
1278971.AOGF01000009_gene2543,rpsK,30S&nbsp;ribosomal&nbsp;protein&nbsp;S11,88.1
1278971.AOGF01000002_gene1289,Z012_07120,annotation&nbsp;not&nbsp;available,87.9
1278971.AOGF01000017_gene721,Z012_09140,annotation&nbsp;not&nbsp;available,87.7
1278971.AOGF01000024_gene1887,pheT,annotation&nbsp;not&nbsp;available,87.7
1278971.AOGF01000043_gene297,AOGF01000043_gene297,annotation&nbsp;not&nbsp;available,87.6
1278971.AOGF01000014_gene1667,Z012_06750,Thiol:disulfide&nbsp;interchange&nbsp;protein,87.5
1278971.AOGF01000038_gene268,Z012_10490,annotation&nbsp;not&nbsp;available,87.3
1278971.AOGF01000013_gene540,potC,annotation&nbsp;not&nbsp;available,87.2
1278971.AOGF01000005_gene1541,argH,annotation&nbsp;not&nbsp;available,87.1
1278971.AOGF01000007_gene66,rplL,50S&nbsp;ribosomal&nbsp;protein&nbsp;L7/L12,87.1
1278971.AOGF01000032_gene2181,Z012_10350,30S&nbsp;ribosomal&nbsp;protein&nbsp;S1,86.6
1278971.AOGF01000008_gene141,mnmA,tRNA-specific&nbsp;2-thiouridylase&nbsp;MnmA,86.5
1278971.AOGF01000040_gene220,Z012_02720,annotation&nbsp;not&nbsp;available,86.5
1278971.AOGF01000040_gene207,Z012_04315,annotation&nbsp;not&nbsp;available,86.4
1278971.AOGF01000002_gene1276,Z012_07185,annotation&nbsp;not&nbsp;available,86.4
1278971.AOGF01000032_gene2160,Z012_11250,annotation&nbsp;not&nbsp;available,86.4
1278971.AOGF01000013_gene542,potA,Spermidine/putrescine&nbsp;import&nbsp;ATP-binding&nbsp;protein&nbsp;PotA,86.3
1278971.AOGF01000022_gene401,nusB,Transcription&nbsp;antitermination&nbsp;protein&nbsp;NusB,86.2
1278971.AOGF01000002_gene1245,ndk,Nucleoside&nbsp;diphosphate&nbsp;kinase,86.1
1278971.AOGF01000075_gene1038,VY92_05445,annotation&nbsp;not&nbsp;available,86.1
1278971.AOGF01000015_gene944,malK,Maltose/maltodextrin&nbsp;import&nbsp;ATP-binding&nbsp;protein&nbsp;MalK,85.9
1278971.AOGF01000002_gene1306,VY92_10705,annotation&nbsp;not&nbsp;available,85.9
1278971.AOGF01000012_gene2749,purK,N5-carboxyaminoimidazole&nbsp;ribonucleotide&nbsp;synthase,85.8
1278971.AOGF01000022_gene433,ackA,Acetate&nbsp;kinase,85.6
1278971.AOGF01000019_gene1127,pgk,annotation&nbsp;not&nbsp;available,85.6
1278971.AOGF01000025_gene2041,aroE,Shikimate&nbsp;dehydrogenase&nbsp;(NADP(+)),85.6
1278971.AOGF01000003_gene1438,rpsQ,30S&nbsp;ribosomal&nbsp;protein&nbsp;S17,85.4
1278971.AOGF01000031_gene2461,tolB,Protein&nbsp;TolB,85.4
1278971.AOGF01000040_gene216,recD,RecBCD&nbsp;enzyme&nbsp;subunit&nbsp;RecD,85.4
1278971.AOGF01000002_gene1297,ccmC,Heme&nbsp;exporter&nbsp;protein&nbsp;C,85.3
1278971.AOGF01000025_gene1931,lptD,LPS-assembly&nbsp;protein&nbsp;LptD,85.3
1278971.AOGF01000024_gene1902,rpsI,annotation&nbsp;not&nbsp;available,85.1
1278971.AOGF01000029_gene2245,gltX,Glutamate--tRNA&nbsp;ligase,85.0
1278971.AOGF01000024_gene1903,rplM,50S&nbsp;ribosomal&nbsp;protein&nbsp;L13,85.0
1278971.AOGF01000032_gene2134,infC,Translation&nbsp;initiation&nbsp;factor&nbsp;IF-3,84.9
1278971.AOGF01000005_gene1511,VY92_02465,annotation&nbsp;not&nbsp;available,84.8
1278971.AOGF01000023_gene1855,argA,annotation&nbsp;not&nbsp;available,84.7
1278971.AOGF01000005_gene1510,iolE,Inosose&nbsp;dehydratase,84.6
1278971.AOGF01000014_gene1607,gltA,annotation&nbsp;not&nbsp;available,84.5
1278971.AOGF01000039_gene242,trpA,Tryptophan&nbsp;synthase&nbsp;alpha&nbsp;chain,84.5
1278971.AOGF01000013_gene507,modB,annotation&nbsp;not&nbsp;available,84.5
1278971.AOGF01000003_gene1434,rplV,50S&nbsp;ribosomal&nbsp;protein&nbsp;L22,84.4
1278971.AOGF01000029_gene2219,gmhA,Phosphoheptose&nbsp;isomerase,84.3
1278971.AOGF01000044_gene2116,Z012_10115,Phospho-2-dehydro-3-deoxyheptonate&nbsp;aldolase,84.3
1278971.AOGF01000002_gene1327,tmk,Thymidylate&nbsp;kinase,84.2
1278971.AOGF01000029_gene2216,groS,10&nbsp;kDa&nbsp;chaperonin,84.1
1278971.AOGF01000017_gene648,AOGF01000017_gene648,annotation&nbsp;not&nbsp;available,84.0
1278971.AOGF01000014_gene1672,pntA,NAD(P)&nbsp;transhydrogenase&nbsp;subunit&nbsp;alpha,83.9
1278971.AOGF01000009_gene2549,rplR,50S&nbsp;ribosomal&nbsp;protein&nbsp;L18,83.7
1278971.AOGF01000016_gene992,AOGF01000016_gene992,annotation&nbsp;not&nbsp;available,83.6
1278971.AOGF01000009_gene2545,secY,Protein&nbsp;translocase&nbsp;subunit&nbsp;SecY,83.6
1278971.AOGF01000032_gene2171,glyA,annotation&nbsp;not&nbsp;available,83.5
1278971.AOGF01000013_gene548,gyrA,DNA&nbsp;gyrase&nbsp;subunit&nbsp;A,83.5
1278971.AOGF01000002_gene1295,ccmA,Cytochrome&nbsp;c&nbsp;biogenesis&nbsp;ATP-binding&nbsp;export&nbsp;protein&nbsp;CcmA,83.3
1278971.AOGF01000012_gene2682,Z012_01790,Coenzyme&nbsp;A&nbsp;biosynthesis&nbsp;bifunctional&nbsp;protein&nbsp;CoaBC,83.2
1278971.AOGF01000018_gene822,Z012_01440,annotation&nbsp;not&nbsp;available,83.2
1278971.AOGF01000044_gene2117,Z012_10120,annotation&nbsp;not&nbsp;available,83.0
1278971.AOGF01000015_gene882,VY92_09600,annotation&nbsp;not&nbsp;available,82.9
1278971.AOGF01000080_gene2569,accA,Acetyl-coenzyme&nbsp;A&nbsp;carboxylase&nbsp;carboxyl&nbsp;transferase&nbsp;subunit&nbsp;alpha,82.7
1278971.AOGF01000019_gene1115,Z012_06265,annotation&nbsp;not&nbsp;available,82.6
1278971.AOGF01000001_gene2472,Z012_11140,annotation&nbsp;not&nbsp;available,82.6
1278971.AOGF01000013_gene534,apt,Adenine&nbsp;phosphoribosyltransferase,82.5
1278971.AOGF01000031_gene2462,Z012_08680,annotation&nbsp;not&nbsp;available,82.4
1278971.AOGF01000017_gene789,moaC,Cyclic&nbsp;pyranopterin&nbsp;monophosphate&nbsp;synthase,82.4
1278971.AOGF01000006_gene1497,deoD,annotation&nbsp;not&nbsp;available,82.2
1278971.AOGF01000025_gene1981,Z012_06895,annotation&nbsp;not&nbsp;available,82.1
1278971.AOGF01000009_gene2554,rplX,50S&nbsp;ribosomal&nbsp;protein&nbsp;L24,82.1
1278971.AOGF01000044_gene2111,AOGF01000044_gene2111,annotation&nbsp;not&nbsp;available,82.1
1278971.AOGF01000025_gene2014,atpG,ATP&nbsp;synthase&nbsp;gamma&nbsp;chain,82.1
1278971.AOGF01000015_gene842,ftsI,"Peptidoglycan&nbsp;D,D-transpeptidase&nbsp;FtsI",82.1
1278971.AOGF01000018_gene793,pyrG,CTP&nbsp;synthase,81.9
1278971.AOGF01000029_gene2244,glyQ,annotation&nbsp;not&nbsp;available,81.9
1278971.AOGF01000007_gene68,rplA,50S&nbsp;ribosomal&nbsp;protein&nbsp;L1,81.6
1278971.AOGF01000019_gene1116,Z012_06260,annotation&nbsp;not&nbsp;available,81.5
1278971.AOGF01000016_gene1016,glnD,Bifunctional&nbsp;uridylyltransferase/uridylyl-removing&nbsp;enzyme,81.5
1278971.AOGF01000007_gene76,rpsG,30S&nbsp;ribosomal&nbsp;protein&nbsp;S7,81.4
1278971.AOGF01000002_gene1246,Z012_03750,Aminopeptidase&nbsp;B,81.4
1278971.AOGF01000014_gene1681,AOGF01000014_gene1681,annotation&nbsp;not&nbsp;available,81.2
1278971.AOGF01000017_gene678,mdh,Malate&nbsp;dehydrogenase,81.2
1278971.AOGF01000040_gene208,Z012_04310,Phosphoenolpyruvate-protein&nbsp;phosphotransferase,81.2
1278971.AOGF01000003_gene1431,rplW,50S&nbsp;ribosomal&nbsp;protein&nbsp;L23,81.0
1278971.AOGF01000012_gene2653,dnaE,annotation&nbsp;not&nbsp;available,80.7
1278971.AOGF01000033_gene2280,nagB,Glucosamine-6-phosphate&nbsp;deaminase,80.6
1278971.AOGF01000025_gene1916,Z012_01610,annotation&nbsp;not&nbsp;available,80.5
1278971.AOGF01000032_gene2191,prfC,Peptide&nbsp;chain&nbsp;release&nbsp;factor&nbsp;3,80.4
1278971.AOGF01000033_gene2304,Z012_00275,annotation&nbsp;not&nbsp;available,80.4
1278971.AOGF01000015_gene986,VY92_09790,annotation&nbsp;not&nbsp;available,80.2
1278971.AOGF01000023_gene1845,Z012_08805,annotation&nbsp;not&nbsp;available,80.1
1278971.AOGF01000015_gene950,Z012_03175,"Alpha-1,4&nbsp;glucan&nbsp;phosphorylase",80.1
1278971.AOGF01000013_gene539,Z012_04780,Putrescine-binding&nbsp;periplasmic&nbsp;protein,80.0
1278971.AOGF01000007_gene16,bamE,Outer&nbsp;membrane&nbsp;protein&nbsp;assembly&nbsp;factor&nbsp;BamE,79.8
1278971.AOGF01000015_gene987,VY92_09795,annotation&nbsp;not&nbsp;available,79.5
1278971.AOGF01000041_gene181,purT,Formate-dependent&nbsp;phosphoribosylglycinamide&nbsp;formyltransferase,79.4
1278971.AOGF01000017_gene661,Z012_05375,annotation&nbsp;not&nbsp;available,79.4
1278971.AOGF01000029_gene2238,glyS,annotation&nbsp;not&nbsp;available,79.1
1278971.AOGF01000019_gene1133,fmt,Methionyl-tRNA&nbsp;formyltransferase,79.1
1278971.AOGF01000012_gene2681,dut,Deoxyuridine&nbsp;5'-triphosphate&nbsp;nucleotidohydrolase,79.0
1278971.AOGF01000007_gene53,carA,annotation&nbsp;not&nbsp;available,78.9
1278971.AOGF01000019_gene1149,Z012_04370,annotation&nbsp;not&nbsp;available,78.8
1278971.AOGF01000040_gene212,prfA,Peptide&nbsp;chain&nbsp;release&nbsp;factor&nbsp;1,78.7
1278971.AOGF01000025_gene1966,oadG,Probable&nbsp;oxaloacetate&nbsp;decarboxylase&nbsp;gamma&nbsp;chain,78.7
1278971.AOGF01000008_gene140,Z012_07630,annotation&nbsp;not&nbsp;available,78.3
1278971.AOGF01000003_gene1432,rplB,50S&nbsp;ribosomal&nbsp;protein&nbsp;L2,78.3
1278971.AOGF01000040_gene209,VY92_07390,annotation&nbsp;not&nbsp;available,78.3
1278971.AOGF01000010_gene2515,Z012_05635,annotation&nbsp;not&nbsp;available,78.0
1278971.AOGF01000017_gene702,VY92_06150,annotation&nbsp;not&nbsp;available,77.8
1278971.AOGF01000017_gene747,Z012_03845,annotation&nbsp;not&nbsp;available,77.8
1278971.AOGF01000006_gene1479,Z012_03225,annotation&nbsp;not&nbsp;available,77.7
1278971.AOGF01000041_gene179,Z012_02530,annotation&nbsp;not&nbsp;available,77.4
1278971.AOGF01000025_gene2013,atpD,ATP&nbsp;synthase&nbsp;subunit&nbsp;beta,77.2
1278971.AOGF01000031_gene2434,artM,annotation&nbsp;not&nbsp;available,77.0
1278971.AOGF01000015_gene947,malG,annotation&nbsp;not&nbsp;available,77.0
1278971.AOGF01000012_gene2624,rpoZ,DNA-directed&nbsp;RNA&nbsp;polymerase&nbsp;subunit&nbsp;omega,77.0
1278971.AOGF01000006_gene1487,eno,Enolase,76.9
1278971.AOGF01000025_gene2026,gyrB,DNA&nbsp;gyrase&nbsp;subunit&nbsp;B,76.6
1278971.AOGF01000010_gene2530,Z012_05700,annotation&nbsp;not&nbsp;available,76.3
1278971.AOGF01000006_gene1491,Z012_08145,Dihydrofolate&nbsp;reductase,76.2
1278971.AOGF01000003_gene1413,zwf,Glucose-6-phosphate&nbsp;1-dehydrogenase,76.1
1278971.AOGF01000007_gene85,Z012_07830,annotation&nbsp;not&nbsp;available,76.1
1278971.AOGF01000014_gene1606,Z012_05960,annotation&nbsp;not&nbsp;available,76.1
1278971.AOGF01000029_gene2215,groL,60&nbsp;kDa&nbsp;chaperonin,75.8
1278971.AOGF01000003_gene1405,rpoD,RNA&nbsp;polymerase&nbsp;sigma&nbsp;factor&nbsp;RpoD,75.8
1278971.AOGF01000015_gene985,frdC,Fumarate&nbsp;reductase&nbsp;subunit&nbsp;C,75.8
1278971.AOGF01000015_gene962,VY92_09690,annotation&nbsp;not&nbsp;available,75.7
1278971.AOGF01000001_gene2475,Z012_11125,annotation&nbsp;not&nbsp;available,75.6
1278971.AOGF01000007_gene117,VY92_01680,annotation&nbsp;not&nbsp;available,75.6
1278971.AOGF01000010_gene2517,Z012_05645,annotation&nbsp;not&nbsp;available,75.5
1278971.AOGF01000033_gene2279,AOGF01000033_gene2279,annotation&nbsp;not&nbsp;available,75.5
1278971.AOGF01000003_gene1397,Z012_00075,annotation&nbsp;not&nbsp;available,75.4
1278971.AOGF01000002_gene1290,leuD,3-isopropylmalate&nbsp;dehydratase&nbsp;small&nbsp;subunit,75.4
1278971.AOGF01000033_gene2283,thyA,Thymidylate&nbsp;synthase,75.2
1278971.AOGF01000016_gene1018,hemL,annotation&nbsp;not&nbsp;available,75.2
1278971.AOGF01000002_gene1322,rpmE,50S&nbsp;ribosomal&nbsp;protein&nbsp;L31,75.1
1278971.AOGF01000012_gene2719,Z012_10555,annotation&nbsp;not&nbsp;available,75.1
1278971.AOGF01000012_gene2685,rpmG,annotation&nbsp;not&nbsp;available,74.9
1278971.AOGF01000017_gene762,VY92_06545,annotation&nbsp;not&nbsp;available,74.8
1278971.AOGF01000040_gene206,aceE,Pyruvate&nbsp;dehydrogenase&nbsp;E1&nbsp;component,74.7
1278971.AOGF01000002_gene1370,rpsP,annotation&nbsp;not&nbsp;available,74.6
1278971.AOGF01000022_gene400,ribH,"6,7-dimethyl-8-ribityllumazine&nbsp;synthase",74.5
1278971.AOGF01000023_gene1836,Z012_08845,Phospho-2-dehydro-3-deoxyheptonate&nbsp;aldolase,74.4
1278971.AOGF01000003_gene1403,rpsU,annotation&nbsp;not&nbsp;available,74.4
1278971.AOGF01000002_gene1365,AOGF01000002_gene1365,annotation&nbsp;not&nbsp;available,74.1
1278971.AOGF01000010_gene2508,AOGF01000010_gene2508,annotation&nbsp;not&nbsp;available,74.1
1278971.AOGF01000007_gene37,rpsT,30S&nbsp;ribosomal&nbsp;protein&nbsp;S20,74.0
1278971.AOGF01000018_gene834,AOGF01000018_gene834,annotation&nbsp;not&nbsp;available,73.9
1278971.AOGF01000005_gene1506,def,Peptide&nbsp;deformylase,73.9
1278971.AOGF01000004_gene1222,rpmH,annotation&nbsp;not&nbsp;available,73.9
1278971.AOGF01000007_gene35,Z012_06690,annotation&nbsp;not&nbsp;available,73.8
1278971.AOGF01000002_gene1293,leuA,2-isopropylmalate&nbsp;synthase,73.7
1278971.AOGF01000025_gene1940,Z012_00635,annotation&nbsp;not&nbsp;available,73.6
1278971.AOGF01000010_gene2510,metN,Methionine&nbsp;import&nbsp;ATP-binding&nbsp;protein&nbsp;MetN,73.6
1278971.AOGF01000014_gene1622,Z012_02875,annotation&nbsp;not&nbsp;available,73.6
1278971.AOGF01000025_gene1954,VY92_02960,annotation&nbsp;not&nbsp;available,73.6
1278971.AOGF01000002_gene1373,rplS,50S&nbsp;ribosomal&nbsp;protein&nbsp;L19,73.6
1278971.AOGF01000012_gene2684,rpmB,annotation&nbsp;not&nbsp;available,73.5
1278971.AOGF01000012_gene2726,rplY,50S&nbsp;ribosomal&nbsp;protein&nbsp;L25,73.3
1278971.AOGF01000002_gene1353,Z012_06535,Iron-sulfur&nbsp;cluster&nbsp;assembly&nbsp;scaffold&nbsp;protein&nbsp;IscU,73.3
1278971.AOGF01000025_gene1913,menC,O-succinylbenzoate&nbsp;synthase,73.0
1278971.AOGF01000032_gene2139,dnaK,Chaperone&nbsp;protein&nbsp;DnaK,72.8
1278971.AOGF01000009_gene2552,rpsN,30S&nbsp;ribosomal&nbsp;protein&nbsp;S14,72.7
1278971.AOGF01000002_gene1307,VY92_10710,annotation&nbsp;not&nbsp;available,72.5
1278971.AOGF01000031_gene2452,Z012_08720,annotation&nbsp;not&nbsp;available,72.3
1278971.AOGF01000045_gene629,glgB,"1,4-alpha-glucan&nbsp;branching&nbsp;enzyme&nbsp;GlgB",72.1
1278971.AOGF01000015_gene909,Z012_03400,annotation&nbsp;not&nbsp;available,71.9
1278971.AOGF01000023_gene1857,rimK,annotation&nbsp;not&nbsp;available,71.8
1278971.AOGF01000007_gene86,Z012_07835,annotation&nbsp;not&nbsp;available,71.6
1278971.AOGF01000019_gene1140,deaD,ATP-dependent&nbsp;RNA&nbsp;helicase&nbsp;DeaD,71.5
1278971.AOGF01000007_gene106,kdkA,3-deoxy-D-manno-octulosonic&nbsp;acid&nbsp;kinase,71.3
1278971.AOGF01000044_gene2118,lolD,Lipoprotein-releasing&nbsp;system&nbsp;ATP-binding&nbsp;protein&nbsp;LolD,71.3
1278971.AOGF01000028_gene2807,Z012_05575,annotation&nbsp;not&nbsp;available,71.3
1278971.AOGF01000021_gene459,citD,Citrate&nbsp;lyase&nbsp;acyl&nbsp;carrier&nbsp;protein,71.2
1278971.AOGF01000002_gene1287,upp,Uracil&nbsp;phosphoribosyltransferase,71.2
1278971.AOGF01000033_gene2300,fabZ,3-hydroxyacyl-[acyl-carrier-protein]&nbsp;dehydratase&nbsp;FabZ,71.2
1278971.AOGF01000039_gene232,Z012_10535,annotation&nbsp;not&nbsp;available,71.2
1278971.AOGF01000014_gene1603,sucD,Succinate--CoA&nbsp;ligase&nbsp;[ADP-forming]&nbsp;subunit&nbsp;alpha,71.1
1278971.AOGF01000023_gene1867,Z012_04240,annotation&nbsp;not&nbsp;available,71.0
1278971.AOGF01000018_gene830,Z012_01405,annotation&nbsp;not&nbsp;available,70.9
1278971.AOGF01000025_gene2019,atpB,ATP&nbsp;synthase&nbsp;subunit&nbsp;a,70.9
1278971.AOGF01000019_gene1118,secB,Protein-export&nbsp;protein&nbsp;SecB,70.9
1278971.AOGF01000015_gene846,murD,UDP-N-acetylmuramoylalanine--D-glutamate&nbsp;ligase,70.9
1278971.AOGF01000003_gene1435,rpsC,30S&nbsp;ribosomal&nbsp;protein&nbsp;S3,70.9
1278971.AOGF01000002_gene1305,mglA,Galactose/methyl&nbsp;galactoside&nbsp;import&nbsp;ATP-binding&nbsp;protein&nbsp;MglA,70.9
1278971.AOGF01000032_gene2180,himD,Integration&nbsp;host&nbsp;factor&nbsp;subunit&nbsp;beta,70.8
1278971.AOGF01000027_gene2789,avxIA,annotation&nbsp;not&nbsp;available,70.7
1278971.AOGF01000002_gene1264,surE,5'-nucleotidase&nbsp;SurE,70.7
1278971.AOGF01000017_gene701,secD,Protein&nbsp;translocase&nbsp;subunit&nbsp;SecD,70.7
1278971.AOGF01000032_gene2143,ubiD,3-octaprenyl-4-hydroxybenzoate&nbsp;carboxy-lyase,70.6
1278971.AOGF01000005_gene1527,VY92_02545,annotation&nbsp;not&nbsp;available,70.4
1278971.AOGF01000017_gene650,Z012_05425,Ribonucleoside-diphosphate&nbsp;reductase,70.3
1278971.AOGF01000001_gene2476,rplU,50S&nbsp;ribosomal&nbsp;protein&nbsp;L21,70.3
1278971.AOGF01000013_gene508,Z012_05270,annotation&nbsp;not&nbsp;available,70.3
1278971.AOGF01000028_gene2817,metE,5-methyltetrahydropteroyltriglutamate--homocysteine&nbsp;methyltransferase,70.3
1278971.AOGF01000024_gene1896,mukB,Chromosome&nbsp;partition&nbsp;protein&nbsp;MukB,70.2
1278971.AOGF01000033_gene2322,VY92_04680,annotation&nbsp;not&nbsp;available,70.1
1278971.AOGF01000014_gene1604,sucC,Succinate--CoA&nbsp;ligase&nbsp;[ADP-forming]&nbsp;subunit&nbsp;beta,70.1
1278971.AOGF01000011_gene482,rne,Ribonuclease&nbsp;E,70.0
1278971.AOGF01000021_gene471,Z012_04945,annotation&nbsp;not&nbsp;available,70.0
1278971.AOGF01000012_gene2754,Z012_12520,annotation&nbsp;not&nbsp;available,69.9
1278971.AOGF01000040_gene204,Z012_07730,annotation&nbsp;not&nbsp;available,69.7
1278971.AOGF01000038_gene271,cpdA,"3',5'-cyclic&nbsp;adenosine&nbsp;monophosphate&nbsp;phosphodiesterase&nbsp;CpdA",69.7
1278971.AOGF01000031_gene2426,ffh,Signal&nbsp;recognition&nbsp;particle&nbsp;protein,69.6
1278971.AOGF01000002_gene1326,Z012_10170,annotation&nbsp;not&nbsp;available,69.6
1278971.AOGF01000002_gene1316,nagZ,Beta-hexosaminidase,69.6
1278971.AOGF01000015_gene984,frdD,Fumarate&nbsp;reductase&nbsp;subunit&nbsp;D,69.6
1278971.AOGF01000032_gene2170,purD,annotation&nbsp;not&nbsp;available,69.4
1278971.AOGF01000012_gene2691,nanE,Putative&nbsp;N-acetylmannosamine-6-phosphate&nbsp;2-epimerase,69.4
1278971.AOGF01000020_gene1174,rplI,50S&nbsp;ribosomal&nbsp;protein&nbsp;L9,69.3
1278971.AOGF01000005_gene1536,ispH,4-hydroxy-3-methylbut-2-enyl&nbsp;diphosphate&nbsp;reductase,69.1
1278971.AOGF01000024_gene1892,mukF,Chromosome&nbsp;partition&nbsp;protein&nbsp;MukF,69.1
1278971.AOGF01000033_gene2323,Z012_00375,annotation&nbsp;not&nbsp;available,69.0
1278971.AOGF01000032_gene2168,purH,annotation&nbsp;not&nbsp;available,68.6
1278971.AOGF01000023_gene1846,xseB,Exodeoxyribonuclease&nbsp;7&nbsp;small&nbsp;subunit,68.5
1278971.AOGF01000017_gene778,folE,annotation&nbsp;not&nbsp;available,68.4
1278971.AOGF01000028_gene2804,Z012_05590,annotation&nbsp;not&nbsp;available,68.3
1278971.AOGF01000025_gene1995,Z012_09715,annotation&nbsp;not&nbsp;available,68.3
1278971.AOGF01000021_gene460,Z012_04990,annotation&nbsp;not&nbsp;available,68.3
1278971.AOGF01000045_gene631,glgC,Glucose-1-phosphate&nbsp;adenylyltransferase,68.1
1278971.AOGF01000019_gene1128,Z012_10235,annotation&nbsp;not&nbsp;available,67.9
1278971.AOGF01000017_gene776,VY92_06615,annotation&nbsp;not&nbsp;available,67.6
1278971.AOGF01000004_gene1224,Z012_01275,Beta&nbsp;sliding&nbsp;clamp,67.4
1278971.AOGF01000009_gene2551,rpsH,30S&nbsp;ribosomal&nbsp;protein&nbsp;S8,67.3
1278971.AOGF01000025_gene1967,Z012_09710,annotation&nbsp;not&nbsp;available,67.3
1278971.AOGF01000031_gene2437,metK,S-adenosylmethionine&nbsp;synthase,67.2
1278971.AOGF01000012_gene2603,acpP,Acyl&nbsp;carrier&nbsp;protein,67.2
1278971.AOGF01000002_gene1296,Z012_07090,Heme&nbsp;exporter&nbsp;protein&nbsp;B,67.1
1278971.AOGF01000013_gene528,Z012_04735,annotation&nbsp;not&nbsp;available,67.0
1278971.AOGF01000007_gene77,rpsL,30S&nbsp;ribosomal&nbsp;protein&nbsp;S12,67.0
1278971.AOGF01000041_gene185,glpC,annotation&nbsp;not&nbsp;available,66.9
1278971.AOGF01000039_gene243,trpB,Tryptophan&nbsp;synthase&nbsp;beta&nbsp;chain,66.9
1278971.AOGF01000022_gene409,Z012_04640,annotation&nbsp;not&nbsp;available,66.8
1278971.AOGF01000033_gene2312,pyrR,Bifunctional&nbsp;protein&nbsp;PyrR,66.7
1278971.AOGF01000014_gene1584,ribA,GTP&nbsp;cyclohydrolase-2,66.7
1278971.AOGF01000007_gene55,AOGF01000007_gene55,annotation&nbsp;not&nbsp;available,66.5
1278971.AOGF01000017_gene711,Z012_09175,annotation&nbsp;not&nbsp;available,66.5
1278971.AOGF01000032_gene2161,Z012_11245,annotation&nbsp;not&nbsp;available,66.4
1278971.AOGF01000002_gene1382,tpiA,Triosephosphate&nbsp;isomerase,66.4
1278971.AOGF01000003_gene1430,rplD,50S&nbsp;ribosomal&nbsp;protein&nbsp;L4,66.3
1278971.AOGF01000009_gene2546,rplO,50S&nbsp;ribosomal&nbsp;protein&nbsp;L15,66.3
1278971.AOGF01000032_gene2175,prs,Ribose-phosphate&nbsp;pyrophosphokinase,66.3
1278971.AOGF01000033_gene2292,frr,Ribosome-recycling&nbsp;factor,66.2
1278971.AOGF01000002_gene1244,pfkA,ATP-dependent&nbsp;6-phosphofructokinase,66.2
1278971.AOGF01000012_gene2646,lipA,Lipoyl&nbsp;synthase,66.1
1278971.AOGF01000012_gene2623,gmk,Guanylate&nbsp;kinase,66.0
1278971.AOGF01000031_gene2450,VY92_11295,annotation&nbsp;not&nbsp;available,65.9
1278971.AOGF01000024_gene1886,pheS,annotation&nbsp;not&nbsp;available,65.8
1278971.AOGF01000040_gene203,Z012_07725,annotation&nbsp;not&nbsp;available,65.7
1278971.AOGF01000035_gene1807,Z012_09840,annotation&nbsp;not&nbsp;available,65.7
1278971.AOGF01000015_gene934,purA,Adenylosuccinate&nbsp;synthetase,65.6
1278971.AOGF01000015_gene873,Z012_02265,annotation&nbsp;not&nbsp;available,65.6
1278971.AOGF01000045_gene632,glgA,Glycogen&nbsp;synthase,65.2
1278971.AOGF01000033_gene2291,pyrH,Uridylate&nbsp;kinase,65.1
1278971.AOGF01000039_gene239,Z012_06225,annotation&nbsp;not&nbsp;available,65.1
1278971.AOGF01000025_gene1955,Z012_00560,annotation&nbsp;not&nbsp;available,65.1
1278971.AOGF01000004_gene1220,yidC,Membrane&nbsp;protein&nbsp;insertase&nbsp;YidC,65.1
1278971.AOGF01000025_gene2016,atpH,ATP&nbsp;synthase&nbsp;subunit&nbsp;delta,64.7
1278971.AOGF01000006_gene1469,hslV,ATP-dependent&nbsp;protease&nbsp;subunit&nbsp;HslV,64.7
1278971.AOGF01000009_gene2553,rplE,50S&nbsp;ribosomal&nbsp;protein&nbsp;L5,64.6
1278971.AOGF01000015_gene965,Z012_02350,annotation&nbsp;not&nbsp;available,64.3
1278971.AOGF01000022_gene436,purF,Amidophosphoribosyltransferase,64.3
1278971.AOGF01000007_gene15,Z012_08555,annotation&nbsp;not&nbsp;available,64.2
1278971.AOGF01000019_gene1110,AOGF01000019_gene1110,annotation&nbsp;not&nbsp;available,64.2
1278971.AOGF01000006_gene1465,Z012_02960,annotation&nbsp;not&nbsp;available,64.0
1278971.AOGF01000032_gene2145,xseA,Exodeoxyribonuclease&nbsp;7&nbsp;large&nbsp;subunit,63.9
1278971.AOGF01000007_gene62,rpoC,DNA-directed&nbsp;RNA&nbsp;polymerase&nbsp;subunit&nbsp;beta',63.9
1278971.AOGF01000002_gene1248,infA,Translation&nbsp;initiation&nbsp;factor&nbsp;IF-1,63.8
1278971.AOGF01000015_gene862,proC,Pyrroline-5-carboxylate&nbsp;reductase,63.7
1278971.AOGF01000012_gene2690,nanK,N-acetylmannosamine&nbsp;kinase,63.7
1278971.AOGF01000032_gene2193,rpsB,annotation&nbsp;not&nbsp;available,63.5
1278971.AOGF01000015_gene937,AOGF01000015_gene937,annotation&nbsp;not&nbsp;available,63.5
1278971.AOGF01000018_gene825,Z012_01425,annotation&nbsp;not&nbsp;available,63.4
1278971.AOGF01000032_gene2159,VY92_04960,annotation&nbsp;not&nbsp;available,63.4
1278971.AOGF01000007_gene75,fusA,Elongation&nbsp;factor&nbsp;G,63.4
1278971.AOGF01000007_gene107,gltB,annotation&nbsp;not&nbsp;available,63.4
1278971.AOGF01000044_gene2120,Z012_10135,annotation&nbsp;not&nbsp;available,63.3
1278971.AOGF01000012_gene2751,rpsO,30S&nbsp;ribosomal&nbsp;protein&nbsp;S15,63.3
1278971.AOGF01000015_gene887,Z012_07515,annotation&nbsp;not&nbsp;available,63.2
1278971.AOGF01000033_gene2317,dnaQ,DNA&nbsp;polymerase&nbsp;III&nbsp;subunit&nbsp;epsilon,63.1
1278971.AOGF01000009_gene2555,rplN,50S&nbsp;ribosomal&nbsp;protein&nbsp;L14,62.8
1278971.AOGF01000031_gene2433,VY92_11205,annotation&nbsp;not&nbsp;available,62.8
1278971.AOGF01000022_gene432,Z012_02185,Phosphate&nbsp;acetyltransferase,62.7
1278971.AOGF01000032_gene2177,pyrF,Orotidine&nbsp;5'-phosphate&nbsp;decarboxylase,62.7
1278971.AOGF01000018_gene809,Z012_08960,Transketolase,62.6
1278971.AOGF01000002_gene1352,iscS,Cysteine&nbsp;desulfurase&nbsp;IscS,62.6
1278971.AOGF01000007_gene103,mutS,DNA&nbsp;mismatch&nbsp;repair&nbsp;protein&nbsp;MutS,62.5
1278971.AOGF01000017_gene753,Z012_03865,annotation&nbsp;not&nbsp;available,62.5
1278971.AOGF01000022_gene402,thiL,Thiamine-monophosphate&nbsp;kinase,62.4
1278971.AOGF01000019_gene1125,Z012_10220,annotation&nbsp;not&nbsp;available,62.2
1278971.AOGF01000041_gene186,glpB,Anaerobic&nbsp;glycerol-3-phosphate&nbsp;dehydrogenase&nbsp;subunit&nbsp;B,62.0
1278971.AOGF01000001_gene2473,Z012_11135,annotation&nbsp;not&nbsp;available,62.0
1278971.AOGF01000033_gene2313,purN,Phosphoribosylglycinamide&nbsp;formyltransferase,61.9
1278971.AOGF01000032_gene2141,znuC,Zinc&nbsp;import&nbsp;ATP-binding&nbsp;protein&nbsp;ZnuC,61.8
1278971.AOGF01000039_gene245,trpD,Anthranilate&nbsp;phosphoribosyltransferase,61.7
1278971.AOGF01000025_gene1973,Z012_06870,annotation&nbsp;not&nbsp;available,61.6
1278971.AOGF01000032_gene2162,rpmJ,annotation&nbsp;not&nbsp;available,61.6
1278971.AOGF01000012_gene2606,fabH,3-oxoacyl-[acyl-carrier-protein]&nbsp;synthase&nbsp;3,61.5
1278971.AOGF01000002_gene1280,hisH,Imidazole&nbsp;glycerol&nbsp;phosphate&nbsp;synthase&nbsp;subunit&nbsp;HisH,61.5
1278971.AOGF01000039_gene250,Z012_06170,annotation&nbsp;not&nbsp;available,61.3
1278971.AOGF01000043_gene279,AOGF01000043_gene279,annotation&nbsp;not&nbsp;available,61.1
1278971.AOGF01000013_gene589,Z012_11010,annotation&nbsp;not&nbsp;available,60.9
1278971.AOGF01000009_gene2550,rplF,50S&nbsp;ribosomal&nbsp;protein&nbsp;L6,60.9
1278971.AOGF01000007_gene23,pyrE,Orotate&nbsp;phosphoribosyltransferase,60.8
1278971.AOGF01000032_gene2157,AOGF01000032_gene2157,annotation&nbsp;not&nbsp;available,60.8
1278971.AOGF01000007_gene27,mobA,Molybdenum&nbsp;cofactor&nbsp;guanylyltransferase,60.8
1278971.AOGF01000021_gene472,Z012_04940,annotation&nbsp;not&nbsp;available,60.5
1278971.AOGF01000012_gene2640,mrdA,"Peptidoglycan&nbsp;D,D-transpeptidase&nbsp;MrdA",60.3
1278971.AOGF01000018_gene824,hemC,Porphobilinogen&nbsp;deaminase,60.3
1278971.AOGF01000043_gene281,Z012_01950,annotation&nbsp;not&nbsp;available,60.1
1278971.AOGF01000031_gene2420,Z012_03025,annotation&nbsp;not&nbsp;available,60.1
1278971.AOGF01000017_gene755,Z012_03990,annotation&nbsp;not&nbsp;available,60.0
1278971.AOGF01000006_gene1486,VY92_10970,annotation&nbsp;not&nbsp;available,60.0
1278971.AOGF01000017_gene660,Z012_05380,annotation&nbsp;not&nbsp;available,59.9
1278971.AOGF01000019_gene1147,napA,Nitrate&nbsp;reductase,59.8
1278971.AOGF01000020_gene1177,rpsF,30S&nbsp;ribosomal&nbsp;protein&nbsp;S6,59.6
1278971.AOGF01000022_gene405,dapB,4-hydroxy-tetrahydrodipicolinate&nbsp;reductase,59.5
1278971.AOGF01000045_gene636,dinB,DNA&nbsp;polymerase&nbsp;IV,59.4
1278971.AOGF01000015_gene967,Z012_02360,annotation&nbsp;not&nbsp;available,59.3
1278971.AOGF01000019_gene1113,Z012_06275,annotation&nbsp;not&nbsp;available,59.1
1278971.AOGF01000001_gene2477,rpmA,annotation&nbsp;not&nbsp;available,58.9
1278971.AOGF01000025_gene2006,AOGF01000025_gene2006,annotation&nbsp;not&nbsp;available,58.6
1278971.AOGF01000010_gene2503,Z012_09555,annotation&nbsp;not&nbsp;available,58.6
1278971.AOGF01000002_gene1358,gshF,Glutathione&nbsp;biosynthesis&nbsp;bifunctional&nbsp;protein&nbsp;GshAB,58.6
1278971.AOGF01000006_gene1468,hslU,ATP-dependent&nbsp;protease&nbsp;ATPase&nbsp;subunit&nbsp;HslU,58.5
1278971.AOGF01000003_gene1429,rplC,50S&nbsp;ribosomal&nbsp;protein&nbsp;L3,58.5
1278971.AOGF01000012_gene2604,fabG,annotation&nbsp;not&nbsp;available,58.5
1278971.AOGF01000032_gene2164,dsbD,Thiol:disulfide&nbsp;interchange&nbsp;protein&nbsp;DsbD,58.3
1278971.AOGF01000015_gene883,adk,Adenylate&nbsp;kinase,58.1
1278971.AOGF01000007_gene63,rpoB,DNA-directed&nbsp;RNA&nbsp;polymerase&nbsp;subunit&nbsp;beta,58.1
1278971.AOGF01000032_gene2172,VY92_04900,annotation&nbsp;not&nbsp;available,58.1
1278971.AOGF01000061_gene1818,mtgA,Biosynthetic&nbsp;peptidoglycan&nbsp;transglycosylase,57.9
1278971.AOGF01000033_gene2299,lpxD,UDP-3-O-acylglucosamine&nbsp;N-acyltransferase,57.9
1278971.AOGF01000007_gene108,Z012_08890,annotation&nbsp;not&nbsp;available,57.5
1278971.AOGF01000012_gene2651,Z012_04895,annotation&nbsp;not&nbsp;available,57.5
1278971.AOGF01000017_gene777,Z012_00160,annotation&nbsp;not&nbsp;available,57.5
1278971.AOGF01000002_gene1291,leuC,3-isopropylmalate&nbsp;dehydratase&nbsp;large&nbsp;subunit,57.4
1278971.AOGF01000003_gene1433,rpsS,30S&nbsp;ribosomal&nbsp;protein&nbsp;S19,57.3
1278971.AOGF01000020_gene1199,infB,Translation&nbsp;initiation&nbsp;factor&nbsp;IF-2,57.2
1278971.AOGF01000040_gene217,recB,RecBCD&nbsp;enzyme&nbsp;subunit&nbsp;RecB,57.0
1278971.AOGF01000020_gene1179,nadK,NAD&nbsp;kinase,57.0
1278971.AOGF01000040_gene210,rsgA,Small&nbsp;ribosomal&nbsp;subunit&nbsp;biogenesis&nbsp;GTPase&nbsp;RsgA,57.0
1278971.AOGF01000025_gene1925,Z012_07235,annotation&nbsp;not&nbsp;available,57.0
1278971.AOGF01000003_gene1398,Z012_00080,annotation&nbsp;not&nbsp;available,56.9
1278971.AOGF01000012_gene2649,AOGF01000012_gene2649,annotation&nbsp;not&nbsp;available,56.9
1278971.AOGF01000025_gene2018,atpE,ATP&nbsp;synthase&nbsp;subunit&nbsp;c,56.5
1278971.AOGF01000025_gene1915,Z012_01605,Biotin&nbsp;carboxyl&nbsp;carrier&nbsp;protein&nbsp;of&nbsp;acetyl-CoA&nbsp;carboxylase,56.4
1278971.AOGF01000020_gene1180,grpE,Protein&nbsp;GrpE,56.4
1278971.AOGF01000003_gene1437,rpmC,annotation&nbsp;not&nbsp;available,56.4
1278971.AOGF01000012_gene2632,dcd,annotation&nbsp;not&nbsp;available,56.3
1278971.AOGF01000009_gene2544,rpsM,30S&nbsp;ribosomal&nbsp;protein&nbsp;S13,56.3
1278971.AOGF01000025_gene1943,Z012_00620,annotation&nbsp;not&nbsp;available,56.2
1278971.AOGF01000024_gene1882,purU,Formyltetrahydrofolate&nbsp;deformylase,56.2
1278971.AOGF01000028_gene2806,Z012_05580,annotation&nbsp;not&nbsp;available,56.0
1278971.AOGF01000002_gene1351,Z012_06545,HTH-type&nbsp;transcriptional&nbsp;regulator&nbsp;IscR,55.9
1278971.AOGF01000031_gene2419,mtlD,annotation&nbsp;not&nbsp;available,55.9
1278971.AOGF01000025_gene2017,atpF,ATP&nbsp;synthase&nbsp;subunit&nbsp;b,55.8
1278971.AOGF01000012_gene2643,VY92_09100,annotation&nbsp;not&nbsp;available,55.7
1278971.AOGF01000009_gene2539,rplQ,annotation&nbsp;not&nbsp;available,55.6
1278971.AOGF01000051_gene2094,rbsK,Ribokinase,55.6
1278971.AOGF01000032_gene2138,dnaJ,Chaperone&nbsp;protein&nbsp;DnaJ,55.4
1278971.AOGF01000029_gene2223,secA,Protein&nbsp;translocase&nbsp;subunit&nbsp;SecA,55.3
1278971.AOGF01000015_gene844,murF,UDP-N-acetylmuramoyl-tripeptide--D-alanyl-D-alanine&nbsp;ligase,55.1
1278971.AOGF01000017_gene790,moaD,Molybdopterin&nbsp;synthase&nbsp;sulfur&nbsp;carrier&nbsp;subunit,54.8
1278971.AOGF01000049_gene1089,accD,Acetyl-coenzyme&nbsp;A&nbsp;carboxylase&nbsp;carboxyl&nbsp;transferase&nbsp;subunit&nbsp;beta,54.6
1278971.AOGF01000007_gene69,rplK,50S&nbsp;ribosomal&nbsp;protein&nbsp;L11,54.6
1278971.AOGF01000017_gene700,secF,Protein-export&nbsp;membrane&nbsp;protein&nbsp;SecF,54.3
1278971.AOGF01000022_gene420,Z012_04685,annotation&nbsp;not&nbsp;available,54.1
1278971.AOGF01000014_gene1662,Z012_06725,annotation&nbsp;not&nbsp;available,53.9
1278971.AOGF01000044_gene2113,AOGF01000044_gene2113,annotation&nbsp;not&nbsp;available,53.9
1278971.AOGF01000014_gene1625,mutL,DNA&nbsp;mismatch&nbsp;repair&nbsp;protein&nbsp;MutL,53.6
1278971.AOGF01000023_gene1831,purE,N5-carboxyaminoimidazole&nbsp;ribonucleotide&nbsp;mutase,53.6
1278971.AOGF01000025_gene2022,gidA,tRNA&nbsp;uridine&nbsp;5-carboxymethylaminomethyl&nbsp;modification&nbsp;enzyme&nbsp;MnmG,53.5
1278971.AOGF01000006_gene1482,AOGF01000006_gene1482,annotation&nbsp;not&nbsp;available,53.5
1278971.AOGF01000012_gene2750,Z012_09270,annotation&nbsp;not&nbsp;available,53.3
1278971.AOGF01000015_gene853,ftsZ,Cell&nbsp;division&nbsp;protein&nbsp;FtsZ,53.3
1278971.AOGF01000012_gene2607,plsX,Phosphate&nbsp;acyltransferase,53.1
1278971.AOGF01000015_gene859,pheA,annotation&nbsp;not&nbsp;available,52.9
1278971.AOGF01000025_gene1942,ilvD,annotation&nbsp;not&nbsp;available,52.9
1278971.AOGF01000002_gene1343,asd,Aspartate-semialdehyde&nbsp;dehydrogenase,52.8
1278971.AOGF01000002_gene1283,hisF,Imidazole&nbsp;glycerol&nbsp;phosphate&nbsp;synthase&nbsp;subunit&nbsp;HisF,52.8
1278971.AOGF01000019_gene1103,ilvC,Ketol-acid&nbsp;reductoisomerase&nbsp;(NADP(+)),52.7
1278971.AOGF01000043_gene276,Z012_01970,annotation&nbsp;not&nbsp;available,52.6
1278971.AOGF01000022_gene437,ubiX,Flavin&nbsp;prenyltransferase&nbsp;UbiX,52.4
1278971.AOGF01000039_gene248,Z012_06180,annotation&nbsp;not&nbsp;available,52.3
1278971.AOGF01000022_gene414,hemA,Glutamyl-tRNA&nbsp;reductase,52.1
1278971.AOGF01000025_gene1974,gpt,Xanthine&nbsp;phosphoribosyltransferase,52.1
1278971.AOGF01000041_gene170,Z012_01515,annotation&nbsp;not&nbsp;available,52.1
1278971.AOGF01000017_gene788,moaA,"GTP&nbsp;3',8-cyclase",51.9
1278971.AOGF01000040_gene201,AOGF01000040_gene201,annotation&nbsp;not&nbsp;available,51.9
1278971.AOGF01000043_gene280,ligA,DNA&nbsp;ligase,51.9
1278971.AOGF01000025_gene1978,Z012_06890,annotation&nbsp;not&nbsp;available,51.9
1278971.AOGF01000002_gene1270,ppa,Inorganic&nbsp;pyrophosphatase,51.9
1278971.AOGF01000018_gene831,Z012_01400,annotation&nbsp;not&nbsp;available,51.8
1278971.AOGF01000044_gene2112,AOGF01000044_gene2112,annotation&nbsp;not&nbsp;available,51.7
1278971.AOGF01000012_gene2625,Z012_08215,"Guanosine-3',5'-bis(Diphosphate)&nbsp;3'-pyrophosphohydrolase",51.7
1278971.AOGF01000039_gene249,fumC,Fumarate&nbsp;hydratase&nbsp;class&nbsp;II,51.6
1278971.AOGF01000017_gene657,Z012_05395,annotation&nbsp;not&nbsp;available,51.6
1278971.AOGF01000002_gene1334,rpiA,Ribose-5-phosphate&nbsp;isomerase&nbsp;A,51.6
1278971.AOGF01000032_gene2198,bamC,Outer&nbsp;membrane&nbsp;protein&nbsp;assembly&nbsp;factor&nbsp;BamC,51.5
1278971.AOGF01000013_gene501,pgi,annotation&nbsp;not&nbsp;available,51.4
1278971.AOGF01000014_gene1651,Z012_07935,annotation&nbsp;not&nbsp;available,51.4
1278971.AOGF01000022_gene421,Z012_04690,annotation&nbsp;not&nbsp;available,51.3
1278971.AOGF01000002_gene1249,Z012_03770,annotation&nbsp;not&nbsp;available,51.1
