322710.Avin_01280,Avin_01280,Molybdenum&nbsp;import&nbsp;ATP-binding&nbsp;protein&nbsp;ModC,98.9
322710.Avin_35320,purC,annotation&nbsp;not&nbsp;available,98.9
322710.Avin_08830,dmpN,annotation&nbsp;not&nbsp;available,98.9
322710.Avin_24340,cheA,annotation&nbsp;not&nbsp;available,98.8
322710.Avin_24220,fliG,Flagellar&nbsp;motor&nbsp;switch&nbsp;protein&nbsp;FliG,98.8
322710.Avin_30890,Avin_30890,annotation&nbsp;not&nbsp;available,98.8
322710.Avin_21350,Avin_21350,annotation&nbsp;not&nbsp;available,98.8
322710.Avin_06470,rpsM,30S&nbsp;ribosomal&nbsp;protein&nbsp;S13,98.8
322710.Avin_33160,Avin_33160,annotation&nbsp;not&nbsp;available,98.7
322710.Avin_41450,Avin_41450,annotation&nbsp;not&nbsp;available,98.7
322710.Avin_19990,ccoQ,annotation&nbsp;not&nbsp;available,98.7
322710.Avin_47490,feoB2,annotation&nbsp;not&nbsp;available,98.7
322710.Avin_06280,rplB,50S&nbsp;ribosomal&nbsp;protein&nbsp;L2,98.7
322710.Avin_20480,ihfA,Integration&nbsp;host&nbsp;factor&nbsp;subunit&nbsp;alpha,98.7
322710.Avin_32720,Avin_32720,annotation&nbsp;not&nbsp;available,98.7
322710.Avin_28500,nuoH,NADH-quinone&nbsp;oxidoreductase&nbsp;subunit&nbsp;H,98.6
322710.Avin_13710,mucB,annotation&nbsp;not&nbsp;available,98.6
322710.Avin_04910,argE,annotation&nbsp;not&nbsp;available,98.5
322710.Avin_34560,ackA-1,Acetate&nbsp;kinase,98.5
322710.Avin_50050,iolE,annotation&nbsp;not&nbsp;available,98.4
322710.Avin_45080,Avin_45080,annotation&nbsp;not&nbsp;available,98.4
322710.Avin_05880,katG,Catalase-peroxidase,98.4
322710.Avin_05920,Avin_05920,Malate&nbsp;synthase&nbsp;G,98.3
322710.Avin_02130,trpA,Tryptophan&nbsp;synthase&nbsp;alpha&nbsp;chain,98.3
322710.Avin_43630,Avin_43630,annotation&nbsp;not&nbsp;available,98.3
322710.Avin_04700,secB,Protein-export&nbsp;protein&nbsp;SecB,98.2
322710.Avin_46210,Avin_46210,annotation&nbsp;not&nbsp;available,98.2
322710.Avin_28150,Avin_28150,Sulfurtransferase,98.2
322710.Avin_19810,Avin_19810,annotation&nbsp;not&nbsp;available,98.1
322710.Avin_08620,benD,annotation&nbsp;not&nbsp;available,98.1
322710.Avin_24860,glgX,annotation&nbsp;not&nbsp;available,98.0
322710.Avin_22550,Avin_22550,annotation&nbsp;not&nbsp;available,98.0
322710.Avin_31730,cysT,annotation&nbsp;not&nbsp;available,98.0
322710.Avin_14930,acpP,Acyl&nbsp;carrier&nbsp;protein,97.9
322710.Avin_39300,ppc,Phosphoenolpyruvate&nbsp;carboxylase,97.8
322710.Avin_51600,Avin_51600,annotation&nbsp;not&nbsp;available,97.8
322710.Avin_50330,fhuC,annotation&nbsp;not&nbsp;available,97.8
322710.Avin_01390,nifD,annotation&nbsp;not&nbsp;available,97.7
322710.Avin_00450,Avin_00450,annotation&nbsp;not&nbsp;available,97.6
322710.Avin_06270,rplW,50S&nbsp;ribosomal&nbsp;protein&nbsp;L23,97.6
322710.Avin_19040,Avin_19040,annotation&nbsp;not&nbsp;available,97.5
322710.Avin_26120,Avin_26120,annotation&nbsp;not&nbsp;available,97.5
322710.Avin_31430,Avin_31430,annotation&nbsp;not&nbsp;available,97.5
322710.Avin_40390,iscU,Iron-sulfur&nbsp;cluster&nbsp;assembly&nbsp;scaffold&nbsp;protein&nbsp;IscU,97.4
322710.Avin_23220,prpC,annotation&nbsp;not&nbsp;available,97.4
322710.Avin_15530,Avin_15530,annotation&nbsp;not&nbsp;available,97.4
322710.Avin_30930,Avin_30930,annotation&nbsp;not&nbsp;available,97.3
322710.Avin_50590,hoxK,annotation&nbsp;not&nbsp;available,97.2
322710.Avin_14920,fabG,annotation&nbsp;not&nbsp;available,97.2
322710.Avin_24360,Avin_24360,annotation&nbsp;not&nbsp;available,97.2
322710.Avin_18610,Avin_18610,annotation&nbsp;not&nbsp;available,97.2
322710.Avin_11170,coxB,annotation&nbsp;not&nbsp;available,97.2
322710.Avin_12920,hisG,ATP&nbsp;phosphoribosyltransferase,97.1
322710.Avin_45840,thiI,tRNA&nbsp;sulfurtransferase,97.1
322710.Avin_52150,atpC,ATP&nbsp;synthase&nbsp;epsilon&nbsp;chain,97.1
322710.Avin_28220,ftsK,annotation&nbsp;not&nbsp;available,97.1
322710.Avin_20240,Avin_20240,annotation&nbsp;not&nbsp;available,96.9
322710.Avin_45590,Avin_45590,annotation&nbsp;not&nbsp;available,96.9
322710.Avin_30570,lapG,4-hydroxy-2-oxovalerate&nbsp;aldolase&nbsp;3,96.8
322710.Avin_28230,trxB,annotation&nbsp;not&nbsp;available,96.8
322710.Avin_42850,secG,annotation&nbsp;not&nbsp;available,96.8
322710.Avin_47550,algQ,annotation&nbsp;not&nbsp;available,96.7
322710.Avin_03280,Avin_03280,annotation&nbsp;not&nbsp;available,96.7
322710.Avin_14980,holB,annotation&nbsp;not&nbsp;available,96.6
322710.Avin_03760,Avin_03760,annotation&nbsp;not&nbsp;available,96.5
322710.Avin_48990,anfD,annotation&nbsp;not&nbsp;available,96.5
322710.Avin_09920,eutB,annotation&nbsp;not&nbsp;available,96.4
322710.Avin_23630,phbC,annotation&nbsp;not&nbsp;available,96.4
322710.Avin_05130,envZ,annotation&nbsp;not&nbsp;available,96.3
322710.Avin_48330,serA,annotation&nbsp;not&nbsp;available,96.3
322710.Avin_41360,upp,Uracil&nbsp;phosphoribosyltransferase,96.3
322710.Avin_36950,mazG,annotation&nbsp;not&nbsp;available,96.1
322710.Avin_06410,rplR,50S&nbsp;ribosomal&nbsp;protein&nbsp;L18,96.1
322710.Avin_45650,Avin_45650,"Alpha-1,4&nbsp;glucan&nbsp;phosphorylase",96.1
322710.Avin_13300,ftsZ,Cell&nbsp;division&nbsp;protein&nbsp;FtsZ,96.0
322710.Avin_12850,Avin_12850,annotation&nbsp;not&nbsp;available,96.0
322710.Avin_16610,Avin_16610,annotation&nbsp;not&nbsp;available,95.9
322710.Avin_00500,cysC2,Adenylyl-sulfate&nbsp;kinase,95.8
322710.Avin_27400,mtlE,annotation&nbsp;not&nbsp;available,95.6
322710.Avin_14050,bfr,Bacterioferritin,95.6
322710.Avin_15880,ihfB,Integration&nbsp;host&nbsp;factor&nbsp;subunit&nbsp;beta,95.5
322710.Avin_28820,Avin_28820,annotation&nbsp;not&nbsp;available,95.4
322710.Avin_06450,secY,Protein&nbsp;translocase&nbsp;subunit&nbsp;SecY,95.4
322710.Avin_06180,rpoC,DNA-directed&nbsp;RNA&nbsp;polymerase&nbsp;subunit&nbsp;beta',95.4
322710.Avin_20800,Avin_20800,annotation&nbsp;not&nbsp;available,95.4
322710.Avin_17520,Avin_17520,Phosphonates&nbsp;import&nbsp;ATP-binding&nbsp;protein&nbsp;PhnC,95.3
322710.Avin_06870,retS,annotation&nbsp;not&nbsp;available,95.3
322710.Avin_15370,deaD,ATP-dependent&nbsp;RNA&nbsp;helicase&nbsp;DeaD,95.3
322710.Avin_30440,ccmB,Heme&nbsp;exporter&nbsp;protein&nbsp;B,95.3
322710.Avin_42670,cbrA,annotation&nbsp;not&nbsp;available,95.2
322710.Avin_51660,Avin_51660,annotation&nbsp;not&nbsp;available,95.2
322710.Avin_45900,ntrC,annotation&nbsp;not&nbsp;available,95.2
322710.Avin_37010,Avin_37010,annotation&nbsp;not&nbsp;available,95.2
322710.Avin_36660,tolR,annotation&nbsp;not&nbsp;available,95.1
322710.Avin_26140,Avin_26140,annotation&nbsp;not&nbsp;available,95.1
322710.Avin_26450,Avin_26450,annotation&nbsp;not&nbsp;available,95.1
322710.Avin_29640,Avin_29640,annotation&nbsp;not&nbsp;available,95.1
322710.Avin_07510,Avin_07510,annotation&nbsp;not&nbsp;available,95.0
322710.Avin_44880,ilvE,Branched-chain-amino-acid&nbsp;aminotransferase,94.9
322710.Avin_50630,Avin_50630,annotation&nbsp;not&nbsp;available,94.8
322710.Avin_48270,ilvA,L-threonine&nbsp;dehydratase,94.8
322710.Avin_47440,ppk,Polyphosphate&nbsp;kinase,94.7
322710.Avin_29210,folE2,GTP&nbsp;cyclohydrolase&nbsp;FolE2,94.7
322710.Avin_38640,mutS,DNA&nbsp;mismatch&nbsp;repair&nbsp;protein&nbsp;MutS,94.7
322710.Avin_07370,Avin_07370,annotation&nbsp;not&nbsp;available,94.7
322710.Avin_05460,clsA,Cardiolipin&nbsp;synthase&nbsp;A,94.6
322710.Avin_47390,Avin_47390,annotation&nbsp;not&nbsp;available,94.6
322710.Avin_02820,rpoZ,DNA-directed&nbsp;RNA&nbsp;polymerase&nbsp;subunit&nbsp;omega,94.6
322710.Avin_40790,rplU,50S&nbsp;ribosomal&nbsp;protein&nbsp;L21,94.6
322710.Avin_03610,Avin_03610,annotation&nbsp;not&nbsp;available,94.6
322710.Avin_20470,pheT,annotation&nbsp;not&nbsp;available,94.6
322710.Avin_44980,Avin_44980,annotation&nbsp;not&nbsp;available,94.5
322710.Avin_19730,Avin_19730,ATP&nbsp;synthase&nbsp;subunit&nbsp;b,94.5
322710.Avin_10770,Avin_10770,annotation&nbsp;not&nbsp;available,94.4
322710.Avin_24350,cheW,annotation&nbsp;not&nbsp;available,94.4
322710.Avin_28450,nuoB,NADH-quinone&nbsp;oxidoreductase&nbsp;subunit&nbsp;B,94.2
322710.Avin_28560,nuoN,NADH-quinone&nbsp;oxidoreductase&nbsp;subunit&nbsp;N,94.2
322710.Avin_43590,Avin_43590,annotation&nbsp;not&nbsp;available,94.1
322710.Avin_00690,Avin_00690,annotation&nbsp;not&nbsp;available,94.0
322710.Avin_47000,rpoD,RNA&nbsp;polymerase&nbsp;sigma&nbsp;factor&nbsp;RpoD,94.0
322710.Avin_08730,xylG,annotation&nbsp;not&nbsp;available,93.9
322710.Avin_42510,ilvH,annotation&nbsp;not&nbsp;available,93.9
322710.Avin_02550,Avin_02550,annotation&nbsp;not&nbsp;available,93.9
322710.Avin_47280,gcvT,Aminomethyltransferase,93.8
322710.Avin_26220,Avin_26220,annotation&nbsp;not&nbsp;available,93.7
322710.Avin_24090,flgK,annotation&nbsp;not&nbsp;available,93.7
322710.Avin_12560,Avin_12560,annotation&nbsp;not&nbsp;available,93.7
322710.Avin_37770,Avin_37770,annotation&nbsp;not&nbsp;available,93.7
322710.Avin_24520,kdpD,annotation&nbsp;not&nbsp;available,93.7
322710.Avin_40970,glyA,Serine&nbsp;hydroxymethyltransferase,93.6
322710.Avin_06040,Avin_06040,annotation&nbsp;not&nbsp;available,93.5
322710.Avin_08340,Avin_08340,annotation&nbsp;not&nbsp;available,93.5
322710.Avin_40460,secD,Protein&nbsp;translocase&nbsp;subunit&nbsp;SecD,93.5
322710.Avin_24010,flgC,annotation&nbsp;not&nbsp;available,93.4
322710.Avin_14900,plsX,Phosphate&nbsp;acyltransferase,93.4
322710.Avin_00170,def,Peptide&nbsp;deformylase,93.3
322710.Avin_40420,cysE2,annotation&nbsp;not&nbsp;available,93.2
322710.Avin_06710,ribD,Riboflavin&nbsp;biosynthesis&nbsp;protein&nbsp;RibD,93.2
322710.Avin_08360,nadD,Probable&nbsp;nicotinate-nucleotide&nbsp;adenylyltransferase,93.2
322710.Avin_34280,leuC,3-isopropylmalate&nbsp;dehydratase&nbsp;large&nbsp;subunit,93.2
322710.Avin_27590,nudC,annotation&nbsp;not&nbsp;available,93.1
322710.Avin_38890,lpxD,UDP-3-O-acylglucosamine&nbsp;N-acyltransferase,93.1
322710.Avin_22420,Avin_22420,annotation&nbsp;not&nbsp;available,93.0
322710.Avin_25030,gacA,annotation&nbsp;not&nbsp;available,93.0
322710.Avin_00080,hdtS,annotation&nbsp;not&nbsp;available,92.9
322710.Avin_35650,trbF,annotation&nbsp;not&nbsp;available,92.9
322710.Avin_15810,gyrA,DNA&nbsp;gyrase&nbsp;subunit&nbsp;A,92.8
322710.Avin_50700,Avin_50700,annotation&nbsp;not&nbsp;available,92.8
322710.Avin_50720,Avin_50720,annotation&nbsp;not&nbsp;available,92.8
322710.Avin_03570,ahcY,Adenosylhomocysteinase,92.8
322710.Avin_23690,folE,annotation&nbsp;not&nbsp;available,92.7
322710.Avin_08810,dmpP,annotation&nbsp;not&nbsp;available,92.6
322710.Avin_24300,flhD,Flagellar&nbsp;transcriptional&nbsp;regulator&nbsp;FlhD,92.6
322710.Avin_25580,Avin_25580,annotation&nbsp;not&nbsp;available,92.6
322710.Avin_47700,lysA,Diaminopimelate&nbsp;decarboxylase,92.6
322710.Avin_50350,fhuB,annotation&nbsp;not&nbsp;available,92.6
322710.Avin_23340,nasH,annotation&nbsp;not&nbsp;available,92.5
322710.Avin_20130,Avin_20130,Oxaloacetate&nbsp;decarboxylase,92.5
322710.Avin_27870,fliA,RNA&nbsp;polymerase&nbsp;sigma&nbsp;factor&nbsp;FliA,92.5
322710.Avin_38440,fumB,Fumarate&nbsp;hydratase&nbsp;class&nbsp;I,92.5
322710.Avin_03810,fdhA,annotation&nbsp;not&nbsp;available,92.4
322710.Avin_26340,Avin_26340,annotation&nbsp;not&nbsp;available,92.4
322710.Avin_28360,mnmA,tRNA-specific&nbsp;2-thiouridylase&nbsp;MnmA,92.4
322710.Avin_20380,Avin_20380,annotation&nbsp;not&nbsp;available,92.4
322710.Avin_42130,Avin_42130,Acetaldehyde&nbsp;dehydrogenase&nbsp;4,92.3
322710.Avin_46860,glpE,Thiosulfate&nbsp;sulfurtransferase&nbsp;GlpE,92.3
322710.Avin_00830,Avin_00830,annotation&nbsp;not&nbsp;available,92.3
322710.Avin_01630,nifS,Cysteine&nbsp;desulfurase,92.3
322710.Avin_25050,Avin_25050,annotation&nbsp;not&nbsp;available,92.2
322710.Avin_36850,Avin_36850,annotation&nbsp;not&nbsp;available,92.2
322710.Avin_38880,fabZ,3-hydroxyacyl-[acyl-carrier-protein]&nbsp;dehydratase&nbsp;FabZ,92.2
322710.Avin_20450,rplT,50S&nbsp;ribosomal&nbsp;protein&nbsp;L20,92.1
322710.Avin_08130,Avin_08130,annotation&nbsp;not&nbsp;available,92.1
322710.Avin_28140,Avin_28140,annotation&nbsp;not&nbsp;available,92.1
322710.Avin_16390,fadB2,annotation&nbsp;not&nbsp;available,92.1
322710.Avin_08610,benC,annotation&nbsp;not&nbsp;available,92.1
322710.Avin_23150,cysH,Phosphoadenosine&nbsp;phosphosulfate&nbsp;reductase&nbsp;CysH-type,92.0
322710.Avin_08860,dmpK,annotation&nbsp;not&nbsp;available,91.9
322710.Avin_45390,hslU,ATP-dependent&nbsp;protease&nbsp;ATPase&nbsp;subunit&nbsp;HslU,91.9
322710.Avin_09390,ureF,Urease&nbsp;accessory&nbsp;protein&nbsp;UreF,91.8
322710.Avin_43780,Avin_43780,annotation&nbsp;not&nbsp;available,91.8
322710.Avin_28530,nuoK,NADH-quinone&nbsp;oxidoreductase&nbsp;subunit&nbsp;K,91.7
322710.Avin_12640,gatC,Aspartyl/glutamyl-tRNA(Asn/Gln)&nbsp;amidotransferase&nbsp;subunit&nbsp;C,91.7
322710.Avin_42820,infB,Translation&nbsp;initiation&nbsp;factor&nbsp;IF-2,91.7
322710.Avin_28620,gspG1,annotation&nbsp;not&nbsp;available,91.6
322710.Avin_29790,sdhA,annotation&nbsp;not&nbsp;available,91.4
322710.Avin_15720,eda-2,annotation&nbsp;not&nbsp;available,91.4
322710.Avin_24320,motA,annotation&nbsp;not&nbsp;available,91.4
322710.Avin_04030,Avin_04030,annotation&nbsp;not&nbsp;available,91.4
322710.Avin_24150,fliN,Flagellar&nbsp;motor&nbsp;switch&nbsp;protein&nbsp;FliN,91.3
322710.Avin_16070,gspD,annotation&nbsp;not&nbsp;available,91.3
322710.Avin_40260,bamB,Outer&nbsp;membrane&nbsp;protein&nbsp;assembly&nbsp;factor&nbsp;BamB,91.3
322710.Avin_21440,Avin_21440,annotation&nbsp;not&nbsp;available,91.2
322710.Avin_12510,Avin_12510,annotation&nbsp;not&nbsp;available,91.2
322710.Avin_40780,rpmA,annotation&nbsp;not&nbsp;available,91.1
322710.Avin_36680,ybgC,annotation&nbsp;not&nbsp;available,91.1
322710.Avin_50310,Avin_50310,Putative&nbsp;ribose/galactose/methyl&nbsp;galactoside&nbsp;import&nbsp;ATP-binding&nbsp;protein,91.0
322710.Avin_50580,hoxG,annotation&nbsp;not&nbsp;available,91.0
322710.Avin_08790,dmpI,annotation&nbsp;not&nbsp;available,91.0
322710.Avin_26020,gcvP2,Glycine&nbsp;dehydrogenase&nbsp;(decarboxylating),91.0
322710.Avin_43610,rbsA,Ribose&nbsp;import&nbsp;ATP-binding&nbsp;protein&nbsp;RbsA,91.0
322710.Avin_17960,Avin_17960,annotation&nbsp;not&nbsp;available,90.9
322710.Avin_48590,pstC,annotation&nbsp;not&nbsp;available,90.9
322710.Avin_44340,Avin_44340,annotation&nbsp;not&nbsp;available,90.9
322710.Avin_33660,Avin_33660,annotation&nbsp;not&nbsp;available,90.9
322710.Avin_10340,Avin_10340,annotation&nbsp;not&nbsp;available,90.8
322710.Avin_06440,rplO,50S&nbsp;ribosomal&nbsp;protein&nbsp;L15,90.8
322710.Avin_49990,pykA-5,annotation&nbsp;not&nbsp;available,90.8
322710.Avin_15950,Avin_15950,"dTDP-4-dehydrorhamnose&nbsp;3,5-epimerase",90.7
322710.Avin_52190,atpH,ATP&nbsp;synthase&nbsp;subunit&nbsp;delta,90.7
322710.Avin_48530,phoR,annotation&nbsp;not&nbsp;available,90.6
322710.Avin_34210,trpF,annotation&nbsp;not&nbsp;available,90.6
322710.Avin_48980,anfG,annotation&nbsp;not&nbsp;available,90.6
322710.Avin_45250,aroK,Shikimate&nbsp;kinase,90.5
322710.Avin_43600,Avin_43600,annotation&nbsp;not&nbsp;available,90.5
322710.Avin_50370,Avin_50370,annotation&nbsp;not&nbsp;available,90.5
322710.Avin_50990,nifL,annotation&nbsp;not&nbsp;available,90.5
322710.Avin_04080,Avin_04080,annotation&nbsp;not&nbsp;available,90.5
322710.Avin_36670,tolQ,annotation&nbsp;not&nbsp;available,90.3
322710.Avin_10960,alg8,annotation&nbsp;not&nbsp;available,90.2
322710.Avin_37040,Avin_37040,annotation&nbsp;not&nbsp;available,90.2
322710.Avin_17350,Avin_17350,annotation&nbsp;not&nbsp;available,90.2
322710.Avin_12370,Avin_12370,annotation&nbsp;not&nbsp;available,90.1
322710.Avin_42190,Avin_42190,annotation&nbsp;not&nbsp;available,90.0
322710.Avin_30620,lapC,annotation&nbsp;not&nbsp;available,90.0
322710.Avin_20430,infC,Translation&nbsp;initiation&nbsp;factor&nbsp;IF-3,90.0
322710.Avin_30330,Avin_30330,"GTP&nbsp;3',8-cyclase",90.0
322710.Avin_51470,aglA-1,annotation&nbsp;not&nbsp;available,89.9
322710.Avin_28600,Avin_28600,annotation&nbsp;not&nbsp;available,89.9
322710.Avin_21210,entE,annotation&nbsp;not&nbsp;available,89.9
322710.Avin_48040,rpmG,annotation&nbsp;not&nbsp;available,89.9
322710.Avin_23410,pfkB,annotation&nbsp;not&nbsp;available,89.8
322710.Avin_23420,Avin_23420,annotation&nbsp;not&nbsp;available,89.8
322710.Avin_09810,leuC2,3-isopropylmalate&nbsp;dehydratase&nbsp;large&nbsp;subunit,89.7
322710.Avin_01880,Avin_01880,annotation&nbsp;not&nbsp;available,89.7
322710.Avin_25040,uvrC,UvrABC&nbsp;system&nbsp;protein&nbsp;C,89.6
322710.Avin_25560,Avin_25560,annotation&nbsp;not&nbsp;available,89.6
322710.Avin_27990,glgB,"1,4-alpha-glucan&nbsp;branching&nbsp;enzyme&nbsp;GlgB",89.6
322710.Avin_23470,acnB,annotation&nbsp;not&nbsp;available,89.5
322710.Avin_01860,Avin_01860,annotation&nbsp;not&nbsp;available,89.4
322710.Avin_16870,Avin_16870,annotation&nbsp;not&nbsp;available,89.4
322710.Avin_33820,Avin_33820,annotation&nbsp;not&nbsp;available,89.4
322710.Avin_35640,trbG,annotation&nbsp;not&nbsp;available,89.3
322710.Avin_07520,mutL,DNA&nbsp;mismatch&nbsp;repair&nbsp;protein&nbsp;MutL,89.3
322710.Avin_06340,rpsQ,30S&nbsp;ribosomal&nbsp;protein&nbsp;S17,89.3
322710.Avin_42750,acsA2,Acetyl-coenzyme&nbsp;A&nbsp;synthetase,89.3
322710.Avin_41350,hpt,annotation&nbsp;not&nbsp;available,89.2
322710.Avin_40450,secF,Protein-export&nbsp;membrane&nbsp;protein&nbsp;SecF,89.2
322710.Avin_06160,rplL,50S&nbsp;ribosomal&nbsp;protein&nbsp;L7/L12,89.1
322710.Avin_48580,pstA,annotation&nbsp;not&nbsp;available,89.1
322710.Avin_13980,metE,5-methyltetrahydropteroyltriglutamate--homocysteine&nbsp;methyltransferase,89.1
322710.Avin_49450,tctD,annotation&nbsp;not&nbsp;available,89.1
322710.Avin_06980,dsbD,Thiol:disulfide&nbsp;interchange&nbsp;protein&nbsp;DsbD,89.1
322710.Avin_43110,Avin_43110,annotation&nbsp;not&nbsp;available,89.0
322710.Avin_05530,metK,S-adenosylmethionine&nbsp;synthase,89.0
322710.Avin_06330,rpmC,annotation&nbsp;not&nbsp;available,89.0
322710.Avin_44040,Avin_44040,annotation&nbsp;not&nbsp;available,89.0
322710.Avin_50650,modC1,Molybdenum&nbsp;import&nbsp;ATP-binding&nbsp;protein&nbsp;ModC,88.9
322710.Avin_16180,cysC1,Adenylyl-sulfate&nbsp;kinase,88.8
322710.Avin_04670,pgm-1,"2,3-bisphosphoglycerate-independent&nbsp;phosphoglycerate&nbsp;mutase",88.8
322710.Avin_15860,cmk,annotation&nbsp;not&nbsp;available,88.8
322710.Avin_16440,Avin_16440,annotation&nbsp;not&nbsp;available,88.7
322710.Avin_42200,Avin_42200,annotation&nbsp;not&nbsp;available,88.7
322710.Avin_29050,fabA,3-hydroxydecanoyl-[acyl-carrier-protein]&nbsp;dehydratase,88.6
322710.Avin_04980,Avin_04980,annotation&nbsp;not&nbsp;available,88.6
322710.Avin_14840,Avin_14840,annotation&nbsp;not&nbsp;available,88.6
322710.Avin_19680,Avin_19680,ATP&nbsp;synthase&nbsp;epsilon&nbsp;chain,88.6
322710.Avin_45480,tatC,Sec-independent&nbsp;protein&nbsp;translocase&nbsp;protein&nbsp;TatC,88.5
322710.Avin_08170,Avin_08170,annotation&nbsp;not&nbsp;available,88.5
322710.Avin_16260,eexF,annotation&nbsp;not&nbsp;available,88.4
322710.Avin_48740,potH,annotation&nbsp;not&nbsp;available,88.4
322710.Avin_15520,Avin_15520,Sensor&nbsp;protein,88.3
322710.Avin_06490,rpsD,30S&nbsp;ribosomal&nbsp;protein&nbsp;S4,88.3
322710.Avin_22210,eno-2,Enolase,88.3
322710.Avin_17360,Avin_17360,annotation&nbsp;not&nbsp;available,88.2
322710.Avin_19710,Avin_19710,ATP&nbsp;synthase&nbsp;subunit&nbsp;a,88.1
322710.Avin_25780,Avin_25780,60&nbsp;kDa&nbsp;chaperonin,88.0
322710.Avin_46640,trpE,Anthranilate&nbsp;synthase&nbsp;component&nbsp;1,88.0
322710.Avin_13350,argJ,Arginine&nbsp;biosynthesis&nbsp;bifunctional&nbsp;protein&nbsp;ArgJ,87.9
322710.Avin_47930,xpt,Xanthine&nbsp;phosphoribosyltransferase,87.9
322710.Avin_01990,dsbA,annotation&nbsp;not&nbsp;available,87.9
322710.Avin_45310,ponA,annotation&nbsp;not&nbsp;available,87.8
322710.Avin_34190,accD,Acetyl-coenzyme&nbsp;A&nbsp;carboxylase&nbsp;carboxyl&nbsp;transferase&nbsp;subunit&nbsp;beta,87.7
322710.Avin_47780,amtB,annotation&nbsp;not&nbsp;available,87.7
322710.Avin_28520,nuoJ,annotation&nbsp;not&nbsp;available,87.6
322710.Avin_19770,Avin_19770,annotation&nbsp;not&nbsp;available,87.6
322710.Avin_21000,Avin_21000,annotation&nbsp;not&nbsp;available,87.6
322710.Avin_13400,apbA,2-dehydropantoate&nbsp;2-reductase,87.5
322710.Avin_14070,pyrC,Dihydroorotase,87.4
322710.Avin_07590,hisZ,ATP&nbsp;phosphoribosyltransferase&nbsp;regulatory&nbsp;subunit,87.3
322710.Avin_20590,dxs-2,1-deoxy-D-xylulose-5-phosphate&nbsp;synthase,87.3
322710.Avin_50730,modA3,annotation&nbsp;not&nbsp;available,87.3
322710.Avin_24680,Avin_24680,annotation&nbsp;not&nbsp;available,87.2
322710.Avin_13080,petC,annotation&nbsp;not&nbsp;available,87.2
322710.Avin_03110,pyrC1,annotation&nbsp;not&nbsp;available,87.1
322710.Avin_51090,hmp,Flavohemoprotein,87.1
322710.Avin_50300,Avin_50300,annotation&nbsp;not&nbsp;available,87.1
322710.Avin_20210,Avin_20210,annotation&nbsp;not&nbsp;available,87.1
322710.Avin_52220,atpB,ATP&nbsp;synthase&nbsp;subunit&nbsp;a,87.0
322710.Avin_07050,speA,Biosynthetic&nbsp;arginine&nbsp;decarboxylase,87.0
322710.Avin_45380,hslV,ATP-dependent&nbsp;protease&nbsp;subunit&nbsp;HslV,86.9
322710.Avin_09690,Avin_09690,annotation&nbsp;not&nbsp;available,86.9
322710.Avin_30250,Avin_30250,annotation&nbsp;not&nbsp;available,86.8
322710.Avin_44740,galE,annotation&nbsp;not&nbsp;available,86.8
322710.Avin_19720,Avin_19720,ATP&nbsp;synthase&nbsp;subunit&nbsp;c,86.7
322710.Avin_34970,Avin_34970,annotation&nbsp;not&nbsp;available,86.7
322710.Avin_35660,trbL,annotation&nbsp;not&nbsp;available,86.6
322710.Avin_30740,lapM,annotation&nbsp;not&nbsp;available,86.6
322710.Avin_23160,pabB,annotation&nbsp;not&nbsp;available,86.6
322710.Avin_28270,clpA,annotation&nbsp;not&nbsp;available,86.5
322710.Avin_44030,ackA-3,Acetate&nbsp;kinase,86.5
322710.Avin_11270,moaD,annotation&nbsp;not&nbsp;available,86.5
322710.Avin_46590,hpaI2,annotation&nbsp;not&nbsp;available,86.5
322710.Avin_31530,Avin_31530,annotation&nbsp;not&nbsp;available,86.4
322710.Avin_12970,cysD,annotation&nbsp;not&nbsp;available,86.3
322710.Avin_27360,mtlD,annotation&nbsp;not&nbsp;available,86.3
322710.Avin_42790,rpsO,30S&nbsp;ribosomal&nbsp;protein&nbsp;S15,86.3
322710.Avin_22290,xdhA,annotation&nbsp;not&nbsp;available,86.2
322710.Avin_37060,ilvM,RelA/SpoT&nbsp;protein,86.1
322710.Avin_39880,Avin_39880,annotation&nbsp;not&nbsp;available,86.1
322710.Avin_08850,dpmL,annotation&nbsp;not&nbsp;available,86.1
322710.Avin_12170,Avin_12170,annotation&nbsp;not&nbsp;available,86.0
322710.Avin_28280,clpS,ATP-dependent&nbsp;Clp&nbsp;protease&nbsp;adapter&nbsp;protein&nbsp;ClpS,85.9
322710.Avin_45470,tatB,Sec-independent&nbsp;protein&nbsp;translocase&nbsp;protein&nbsp;TatB,85.9
322710.Avin_11680,lptG,annotation&nbsp;not&nbsp;available,85.8
322710.Avin_43870,msuD,Alkanesulfonate&nbsp;monooxygenase,85.8
322710.Avin_11180,coxA,annotation&nbsp;not&nbsp;available,85.8
322710.Avin_38070,aroQ2,3-dehydroquinate&nbsp;dehydratase,85.8
322710.Avin_30490,ssuC,annotation&nbsp;not&nbsp;available,85.7
322710.Avin_25670,Avin_25670,annotation&nbsp;not&nbsp;available,85.7
322710.Avin_08820,dmpO,annotation&nbsp;not&nbsp;available,85.6
322710.Avin_17640,pgl-2,annotation&nbsp;not&nbsp;available,85.6
322710.Avin_09460,dctA-2,C4-dicarboxylate&nbsp;transport&nbsp;protein,85.6
322710.Avin_10050,Avin_10050,Bacterioferritin,85.5
322710.Avin_42740,pgi-3,annotation&nbsp;not&nbsp;available,85.5
322710.Avin_29400,Avin_29400,annotation&nbsp;not&nbsp;available,85.5
322710.Avin_47290,Avin_47290,annotation&nbsp;not&nbsp;available,85.4
322710.Avin_47260,gcvP1,Glycine&nbsp;dehydrogenase&nbsp;(decarboxylating),85.3
322710.Avin_16700,Avin_16700,annotation&nbsp;not&nbsp;available,85.3
322710.Avin_10790,Avin_10790,annotation&nbsp;not&nbsp;available,85.3
322710.Avin_41190,Avin_41190,annotation&nbsp;not&nbsp;available,85.2
322710.Avin_47590,hemD,annotation&nbsp;not&nbsp;available,85.2
322710.Avin_28470,nuoE,annotation&nbsp;not&nbsp;available,85.2
322710.Avin_08700,xylQ,Acetaldehyde&nbsp;dehydrogenase&nbsp;1,85.2
322710.Avin_50110,idh,Inositol&nbsp;2-dehydrogenase,85.2
322710.Avin_22050,Avin_22050,annotation&nbsp;not&nbsp;available,85.2
322710.Avin_04390,hoxY,annotation&nbsp;not&nbsp;available,85.1
322710.Avin_25270,Avin_25270,annotation&nbsp;not&nbsp;available,85.1
322710.Avin_14320,Avin_14320,annotation&nbsp;not&nbsp;available,85.0
322710.Avin_22500,Avin_22500,annotation&nbsp;not&nbsp;available,85.0
322710.Avin_12940,hisC,annotation&nbsp;not&nbsp;available,84.9
322710.Avin_11650,pepA,Probable&nbsp;cytosol&nbsp;aminopeptidase,84.9
322710.Avin_25100,Avin_25100,annotation&nbsp;not&nbsp;available,84.8
322710.Avin_49510,Avin_49510,annotation&nbsp;not&nbsp;available,84.8
322710.Avin_45210,gltB,annotation&nbsp;not&nbsp;available,84.7
322710.Avin_29030,gpsA,annotation&nbsp;not&nbsp;available,84.7
322710.Avin_29100,Avin_29100,annotation&nbsp;not&nbsp;available,84.7
322710.Avin_10950,alg44,annotation&nbsp;not&nbsp;available,84.6
322710.Avin_31840,gcvT2,annotation&nbsp;not&nbsp;available,84.6
322710.Avin_23640,phbA,annotation&nbsp;not&nbsp;available,84.6
322710.Avin_07280,Avin_07280,annotation&nbsp;not&nbsp;available,84.5
322710.Avin_16140,Avin_16140,annotation&nbsp;not&nbsp;available,84.5
322710.Avin_12860,Avin_12860,annotation&nbsp;not&nbsp;available,84.4
322710.Avin_21330,Avin_21330,annotation&nbsp;not&nbsp;available,84.4
322710.Avin_43620,Avin_43620,annotation&nbsp;not&nbsp;available,84.4
322710.Avin_40470,yajC,annotation&nbsp;not&nbsp;available,84.3
322710.Avin_14340,Avin_14340,annotation&nbsp;not&nbsp;available,84.2
322710.Avin_40120,Avin_40120,2-isopropylmalate&nbsp;synthase,84.2
322710.Avin_03120,pyrB,annotation&nbsp;not&nbsp;available,84.2
322710.Avin_19750,Avin_19750,annotation&nbsp;not&nbsp;available,84.1
322710.Avin_09670,Avin_09670,annotation&nbsp;not&nbsp;available,84.0
322710.Avin_30770,lapB,annotation&nbsp;not&nbsp;available,84.0
322710.Avin_24210,fliH,annotation&nbsp;not&nbsp;available,83.8
322710.Avin_14680,Avin_14680,annotation&nbsp;not&nbsp;available,83.8
322710.Avin_20010,ccoN,annotation&nbsp;not&nbsp;available,83.7
322710.Avin_39570,ffh,Signal&nbsp;recognition&nbsp;particle&nbsp;protein,83.7
322710.Avin_52180,atpA,ATP&nbsp;synthase&nbsp;subunit&nbsp;alpha,83.6
322710.Avin_09680,Avin_09680,annotation&nbsp;not&nbsp;available,83.6
322710.Avin_14220,Avin_14220,annotation&nbsp;not&nbsp;available,83.5
322710.Avin_22190,pykA-2,annotation&nbsp;not&nbsp;available,83.4
322710.Avin_49950,Avin_49950,annotation&nbsp;not&nbsp;available,83.4
322710.Avin_00800,Avin_00800,annotation&nbsp;not&nbsp;available,83.4
322710.Avin_24030,flgE,annotation&nbsp;not&nbsp;available,83.4
322710.Avin_10660,Avin_10660,annotation&nbsp;not&nbsp;available,83.3
322710.Avin_07320,Avin_07320,annotation&nbsp;not&nbsp;available,83.3
322710.Avin_42590,iupC,Hemin&nbsp;import&nbsp;ATP-binding&nbsp;protein&nbsp;HmuV,83.3
322710.Avin_34070,nadK,NAD&nbsp;kinase,83.3
322710.Avin_13390,Avin_13390,annotation&nbsp;not&nbsp;available,83.3
322710.Avin_29080,Avin_29080,annotation&nbsp;not&nbsp;available,83.3
322710.Avin_28720,uppP,Undecaprenyl-diphosphatase,83.3
322710.Avin_52270,gidA,tRNA&nbsp;uridine&nbsp;5-carboxymethylaminomethyl&nbsp;modification&nbsp;enzyme&nbsp;MnmG,83.2
322710.Avin_34260,leuB,3-isopropylmalate&nbsp;dehydrogenase,83.2
322710.Avin_07940,ppa,Inorganic&nbsp;pyrophosphatase,83.2
322710.Avin_30870,Avin_30870,annotation&nbsp;not&nbsp;available,83.1
322710.Avin_42960,dnaJ,Chaperone&nbsp;protein&nbsp;DnaJ,83.1
322710.Avin_37970,Avin_37970,annotation&nbsp;not&nbsp;available,83.0
322710.Avin_18730,pepN,annotation&nbsp;not&nbsp;available,82.9
322710.Avin_02600,vnfG,annotation&nbsp;not&nbsp;available,82.9
322710.Avin_22120,rpiB,annotation&nbsp;not&nbsp;available,82.9
322710.Avin_27340,talB-2,Transaldolase,82.8
322710.Avin_02870,crc,annotation&nbsp;not&nbsp;available,82.8
322710.Avin_23170,Avin_23170,annotation&nbsp;not&nbsp;available,82.8
322710.Avin_12610,gatB,Aspartyl/glutamyl-tRNA(Asn/Gln)&nbsp;amidotransferase&nbsp;subunit&nbsp;B,82.8
322710.Avin_30600,lapH,annotation&nbsp;not&nbsp;available,82.8
322710.Avin_30750,lapL,annotation&nbsp;not&nbsp;available,82.8
322710.Avin_06740,ribB,"3,4-dihydroxy-2-butanone&nbsp;4-phosphate&nbsp;synthase",82.7
322710.Avin_49290,Avin_49290,annotation&nbsp;not&nbsp;available,82.7
322710.Avin_20000,ccoO,annotation&nbsp;not&nbsp;available,82.7
322710.Avin_15680,edd-1,annotation&nbsp;not&nbsp;available,82.7
322710.Avin_38970,pyrH,Uridylate&nbsp;kinase,82.6
322710.Avin_06420,rpsE,30S&nbsp;ribosomal&nbsp;protein&nbsp;S5,82.6
322710.Avin_38910,bamA,Outer&nbsp;membrane&nbsp;protein&nbsp;assembly&nbsp;factor&nbsp;BamA,82.6
322710.Avin_05180,Avin_05180,annotation&nbsp;not&nbsp;available,82.6
322710.Avin_51570,Avin_51570,annotation&nbsp;not&nbsp;available,82.4
322710.Avin_09880,ureC,annotation&nbsp;not&nbsp;available,82.4
322710.Avin_16590,Avin_16590,annotation&nbsp;not&nbsp;available,82.4
322710.Avin_35710,trbC,annotation&nbsp;not&nbsp;available,82.3
322710.Avin_24820,clsB,Cardiolipin&nbsp;synthase&nbsp;B,82.3
322710.Avin_38800,Avin_38800,annotation&nbsp;not&nbsp;available,82.3
322710.Avin_34250,asd,annotation&nbsp;not&nbsp;available,82.2
322710.Avin_14350,Avin_14350,annotation&nbsp;not&nbsp;available,82.1
322710.Avin_40370,hscB,Co-chaperone&nbsp;protein&nbsp;HscB&nbsp;homolog,82.1
322710.Avin_24230,fliF,Flagellar&nbsp;M-ring&nbsp;protein,82.1
322710.Avin_01200,purK,N5-carboxyaminoimidazole&nbsp;ribonucleotide&nbsp;synthase,82.0
322710.Avin_30480,ssuB,Aliphatic&nbsp;sulfonates&nbsp;import&nbsp;ATP-binding&nbsp;protein&nbsp;SsuB,81.8
322710.Avin_06950,Avin_06950,annotation&nbsp;not&nbsp;available,81.8
322710.Avin_23850,Avin_23850,annotation&nbsp;not&nbsp;available,81.8
322710.Avin_24390,cheR,Chemotaxis&nbsp;protein&nbsp;methyltransferase,81.8
322710.Avin_24900,treZ,annotation&nbsp;not&nbsp;available,81.6
322710.Avin_06970,aroQ,3-dehydroquinate&nbsp;dehydratase,81.6
322710.Avin_48760,potF,Putrescine-binding&nbsp;periplasmic&nbsp;protein,81.6
322710.Avin_06430,rpmD,annotation&nbsp;not&nbsp;available,81.6
322710.Avin_24160,fliM,Flagellar&nbsp;motor&nbsp;switch&nbsp;protein&nbsp;FliM,81.6
322710.Avin_46440,Avin_46440,3-methyl-2-oxobutanoate&nbsp;hydroxymethyltransferase,81.5
322710.Avin_39500,dsbC,Thiol:disulfide&nbsp;interchange&nbsp;protein,81.4
322710.Avin_21310,Avin_21310,annotation&nbsp;not&nbsp;available,81.4
322710.Avin_22100,Avin_22100,annotation&nbsp;not&nbsp;available,81.3
322710.Avin_04630,hisF,Imidazole&nbsp;glycerol&nbsp;phosphate&nbsp;synthase&nbsp;subunit&nbsp;HisF,81.3
322710.Avin_47160,Avin_47160,annotation&nbsp;not&nbsp;available,81.3
322710.Avin_20090,tyrB,annotation&nbsp;not&nbsp;available,81.2
322710.Avin_20220,Avin_20220,annotation&nbsp;not&nbsp;available,81.2
322710.Avin_41130,pta-2,Phosphate&nbsp;acetyltransferase,81.1
322710.Avin_38260,pcaH,annotation&nbsp;not&nbsp;available,81.0
322710.Avin_38810,pyrG,CTP&nbsp;synthase,81.0
322710.Avin_26040,sdaA,annotation&nbsp;not&nbsp;available,80.9
322710.Avin_24050,flgG,annotation&nbsp;not&nbsp;available,80.8
322710.Avin_18430,Avin_18430,annotation&nbsp;not&nbsp;available,80.8
322710.Avin_16690,Avin_16690,annotation&nbsp;not&nbsp;available,80.8
322710.Avin_28460,nuocd,NADH-quinone&nbsp;oxidoreductase&nbsp;subunit&nbsp;C/D,80.7
322710.Avin_24694,Avin_24694,Adenylyl-sulfate&nbsp;kinase,80.7
322710.Avin_36920,relB,annotation&nbsp;not&nbsp;available,80.7
322710.Avin_33300,nrdB,Ribonucleoside-diphosphate&nbsp;reductase&nbsp;subunit&nbsp;beta,80.6
322710.Avin_24910,glgA,Glycogen&nbsp;synthase,80.5
322710.Avin_12800,lptB,annotation&nbsp;not&nbsp;available,80.5
322710.Avin_42940,carA,annotation&nbsp;not&nbsp;available,80.5
322710.Avin_06130,rplA,50S&nbsp;ribosomal&nbsp;protein&nbsp;L1,80.4
322710.Avin_09800,leuD2,3-isopropylmalate&nbsp;dehydratase&nbsp;small&nbsp;subunit,80.3
322710.Avin_19740,Avin_19740,ATP&nbsp;synthase&nbsp;subunit&nbsp;alpha,80.2
322710.Avin_02720,Avin_02720,annotation&nbsp;not&nbsp;available,80.1
322710.Avin_52480,rpmH,annotation&nbsp;not&nbsp;available,80.1
322710.Avin_28810,Avin_28810,annotation&nbsp;not&nbsp;available,80.1
322710.Avin_15840,hisC2,annotation&nbsp;not&nbsp;available,80.1
322710.Avin_50500,hoxV,annotation&nbsp;not&nbsp;available,80.1
322710.Avin_42980,grpE,Protein&nbsp;GrpE,80.0
322710.Avin_02780,vnfA,annotation&nbsp;not&nbsp;available,80.0
322710.Avin_21190,entF,annotation&nbsp;not&nbsp;available,79.9
322710.Avin_11770,ribF,annotation&nbsp;not&nbsp;available,79.9
322710.Avin_40410,iscR,HTH-type&nbsp;transcriptional&nbsp;regulator&nbsp;IscR,79.8
322710.Avin_47270,gcvH,Glycine&nbsp;cleavage&nbsp;system&nbsp;H&nbsp;protein,79.8
322710.Avin_51550,Avin_51550,annotation&nbsp;not&nbsp;available,79.8
322710.Avin_27760,Avin_27760,annotation&nbsp;not&nbsp;available,79.8
322710.Avin_43560,sfnG,annotation&nbsp;not&nbsp;available,79.7
322710.Avin_13290,ftsA,Cell&nbsp;division&nbsp;protein&nbsp;FtsA,79.7
322710.Avin_21910,asfC,annotation&nbsp;not&nbsp;available,79.6
322710.Avin_07650,rpsR,30S&nbsp;ribosomal&nbsp;protein&nbsp;S18,79.6
322710.Avin_12440,Avin_12440,annotation&nbsp;not&nbsp;available,79.6
322710.Avin_10780,Avin_10780,annotation&nbsp;not&nbsp;available,79.5
322710.Avin_15970,Avin_15970,annotation&nbsp;not&nbsp;available,79.4
322710.Avin_28540,nuoL,annotation&nbsp;not&nbsp;available,79.4
322710.Avin_43330,glcD,annotation&nbsp;not&nbsp;available,79.3
322710.Avin_42180,Avin_42180,annotation&nbsp;not&nbsp;available,79.3
322710.Avin_28790,Avin_28790,annotation&nbsp;not&nbsp;available,79.3
322710.Avin_30520,ssuE,annotation&nbsp;not&nbsp;available,79.3
322710.Avin_12480,Avin_12480,annotation&nbsp;not&nbsp;available,79.3
322710.Avin_02610,vnfD,annotation&nbsp;not&nbsp;available,79.3
322710.Avin_31720,Avin_31720,annotation&nbsp;not&nbsp;available,79.2
322710.Avin_15110,mhpD,2-keto-4-pentenoate&nbsp;hydratase,79.1
322710.Avin_36900,purN,Phosphoribosylglycinamide&nbsp;formyltransferase,79.1
322710.Avin_35230,Avin_35230,annotation&nbsp;not&nbsp;available,79.1
322710.Avin_45640,fbp,annotation&nbsp;not&nbsp;available,79.0
322710.Avin_48010,Avin_48010,annotation&nbsp;not&nbsp;available,79.0
322710.Avin_42390,otsA,Trehalose-6-phosphate&nbsp;synthase,78.9
322710.Avin_43850,metB,annotation&nbsp;not&nbsp;available,78.9
322710.Avin_33280,pcpS,annotation&nbsp;not&nbsp;available,78.8
322710.Avin_49970,eno-5,Enolase,78.8
322710.Avin_50140,Avin_50140,annotation&nbsp;not&nbsp;available,78.8
322710.Avin_30550,Avin_30550,annotation&nbsp;not&nbsp;available,78.7
322710.Avin_21200,entB,annotation&nbsp;not&nbsp;available,78.7
322710.Avin_14080,argG,annotation&nbsp;not&nbsp;available,78.7
322710.Avin_23230,acnD,Aconitate&nbsp;hydratase,78.5
322710.Avin_04400,hoxH,annotation&nbsp;not&nbsp;available,78.4
322710.Avin_16730,Avin_16730,annotation&nbsp;not&nbsp;available,78.4
322710.Avin_31520,metN,Methionine&nbsp;import&nbsp;ATP-binding&nbsp;protein&nbsp;MetN,78.4
322710.Avin_13430,Avin_13430,annotation&nbsp;not&nbsp;available,78.4
322710.Avin_09930,eutC,annotation&nbsp;not&nbsp;available,78.3
322710.Avin_33100,cobD,Cobalamin&nbsp;biosynthesis&nbsp;protein&nbsp;CobD,78.3
322710.Avin_48970,anfK,annotation&nbsp;not&nbsp;available,78.3
322710.Avin_22280,xdhB,annotation&nbsp;not&nbsp;available,78.3
322710.Avin_14810,rne,Ribonuclease&nbsp;E,78.3
322710.Avin_50340,fhuD,annotation&nbsp;not&nbsp;available,78.0
322710.Avin_40720,rpsT,30S&nbsp;ribosomal&nbsp;protein&nbsp;S20,78.0
322710.Avin_34370,Avin_34370,annotation&nbsp;not&nbsp;available,78.0
322710.Avin_24310,flhC,Flagellar&nbsp;transcriptional&nbsp;regulator&nbsp;FlhC,77.9
322710.Avin_14310,Avin_14310,annotation&nbsp;not&nbsp;available,77.8
322710.Avin_30730,lapN,annotation&nbsp;not&nbsp;available,77.8
322710.Avin_03830,fdhI,annotation&nbsp;not&nbsp;available,77.7
322710.Avin_00110,glyQ,annotation&nbsp;not&nbsp;available,77.7
322710.Avin_12870,Avin_12870,annotation&nbsp;not&nbsp;available,77.7
322710.Avin_40070,Avin_40070,annotation&nbsp;not&nbsp;available,77.7
322710.Avin_29900,Avin_29900,annotation&nbsp;not&nbsp;available,77.6
322710.Avin_47580,Avin_47580,annotation&nbsp;not&nbsp;available,77.6
322710.Avin_43350,eno-3,Enolase,77.6
322710.Avin_43770,livH,annotation&nbsp;not&nbsp;available,77.5
322710.Avin_12630,gatA,Glutamyl-tRNA(Gln)&nbsp;amidotransferase&nbsp;subunit&nbsp;A,77.5
322710.Avin_22090,Avin_22090,annotation&nbsp;not&nbsp;available,77.4
322710.Avin_13070,petB,Cytochrome&nbsp;b,77.4
322710.Avin_12880,Avin_12880,annotation&nbsp;not&nbsp;available,77.4
322710.Avin_34340,Avin_34340,annotation&nbsp;not&nbsp;available,77.3
322710.Avin_27370,mtlK,annotation&nbsp;not&nbsp;available,77.3
322710.Avin_38080,Avin_38080,Shikimate&nbsp;dehydrogenase&nbsp;(NADP(+)),77.3
322710.Avin_06360,rplX,50S&nbsp;ribosomal&nbsp;protein&nbsp;L24,77.3
322710.Avin_45440,hisI,Phosphoribosyl-AMP&nbsp;cyclohydrolase,77.2
322710.Avin_06960,accB,Biotin&nbsp;carboxyl&nbsp;carrier&nbsp;protein&nbsp;of&nbsp;acetyl-CoA&nbsp;carboxylase,77.2
322710.Avin_44860,Avin_44860,annotation&nbsp;not&nbsp;available,77.2
322710.Avin_41100,Avin_41100,annotation&nbsp;not&nbsp;available,77.2
322710.Avin_43290,Avin_43290,Malate&nbsp;synthase&nbsp;G,77.1
322710.Avin_39270,yeaZ,annotation&nbsp;not&nbsp;available,77.1
322710.Avin_29290,Avin_29290,annotation&nbsp;not&nbsp;available,77.0
322710.Avin_28440,nuoA,NADH-quinone&nbsp;oxidoreductase&nbsp;subunit&nbsp;A,77.0
322710.Avin_17280,Avin_17280,annotation&nbsp;not&nbsp;available,76.9
322710.Avin_06390,Avin_06390,annotation&nbsp;not&nbsp;available,76.9
322710.Avin_47140,Avin_47140,annotation&nbsp;not&nbsp;available,76.9
322710.Avin_06240,rpsJ,30S&nbsp;ribosomal&nbsp;protein&nbsp;S10,76.9
322710.Avin_32360,Avin_32360,annotation&nbsp;not&nbsp;available,76.9
322710.Avin_19670,Avin_19670,ATP&nbsp;synthase&nbsp;subunit&nbsp;beta,76.8
322710.Avin_06510,rplQ,annotation&nbsp;not&nbsp;available,76.8
322710.Avin_19280,metG,Methionine--tRNA&nbsp;ligase,76.7
322710.Avin_34880,fumC2,Fumarate&nbsp;hydratase&nbsp;class&nbsp;II,76.7
322710.Avin_12930,hisD,Histidinol&nbsp;dehydrogenase,76.6
322710.Avin_06220,fusA,Elongation&nbsp;factor&nbsp;G,76.6
322710.Avin_16170,gspE,annotation&nbsp;not&nbsp;available,76.6
322710.Avin_43520,Avin_43520,annotation&nbsp;not&nbsp;available,76.6
322710.Avin_01300,modA2,annotation&nbsp;not&nbsp;available,76.5
322710.Avin_03380,Avin_03380,annotation&nbsp;not&nbsp;available,76.5
322710.Avin_46110,trpC,annotation&nbsp;not&nbsp;available,76.4
322710.Avin_30710,lapP,annotation&nbsp;not&nbsp;available,76.4
322710.Avin_19980,ccoP,Cbb3-type&nbsp;cytochrome&nbsp;c&nbsp;oxidase&nbsp;subunit,76.4
322710.Avin_30290,ligA,DNA&nbsp;ligase,76.3
322710.Avin_27710,Avin_27710,annotation&nbsp;not&nbsp;available,76.3
322710.Avin_22240,Avin_22240,annotation&nbsp;not&nbsp;available,76.3
322710.Avin_06150,rplJ,50S&nbsp;ribosomal&nbsp;protein&nbsp;L10,76.3
322710.Avin_44020,pta-3,annotation&nbsp;not&nbsp;available,76.2
322710.Avin_22060,Avin_22060,annotation&nbsp;not&nbsp;available,76.2
322710.Avin_20340,Avin_20340,annotation&nbsp;not&nbsp;available,76.2
322710.Avin_13950,putA,Bifunctional&nbsp;protein&nbsp;PutA,76.1
322710.Avin_08800,dmpB,annotation&nbsp;not&nbsp;available,76.1
322710.Avin_29220,Avin_29220,annotation&nbsp;not&nbsp;available,76.1
322710.Avin_28490,nuoG,annotation&nbsp;not&nbsp;available,76.1
322710.Avin_21610,Avin_21610,Aliphatic&nbsp;sulfonates&nbsp;import&nbsp;ATP-binding&nbsp;protein&nbsp;SsuB,76.1
322710.Avin_29590,dnaQ,DNA&nbsp;polymerase&nbsp;III&nbsp;subunit&nbsp;epsilon,76.0
322710.Avin_52200,atpF,ATP&nbsp;synthase&nbsp;subunit&nbsp;b,75.9
322710.Avin_27090,Avin_27090,annotation&nbsp;not&nbsp;available,75.9
322710.Avin_06560,Avin_06560,annotation&nbsp;not&nbsp;available,75.9
322710.Avin_15420,Avin_15420,annotation&nbsp;not&nbsp;available,75.9
322710.Avin_27280,edd-2,annotation&nbsp;not&nbsp;available,75.8
322710.Avin_06260,rplD,50S&nbsp;ribosomal&nbsp;protein&nbsp;L4,75.8
322710.Avin_40400,iscS,Cysteine&nbsp;desulfurase&nbsp;IscS,75.7
322710.Avin_34140,metZ,O-succinylhomoserine&nbsp;sulfhydrylase,75.7
322710.Avin_27940,cheZ,Protein&nbsp;phosphatase&nbsp;CheZ,75.7
322710.Avin_43410,Avin_43410,annotation&nbsp;not&nbsp;available,75.7
322710.Avin_33090,Avin_33090,annotation&nbsp;not&nbsp;available,75.7
322710.Avin_30760,lapK,annotation&nbsp;not&nbsp;available,75.7
322710.Avin_29690,fabI,annotation&nbsp;not&nbsp;available,75.6
322710.Avin_31420,Avin_31420,annotation&nbsp;not&nbsp;available,75.6
322710.Avin_17670,Avin_17670,annotation&nbsp;not&nbsp;available,75.5
322710.Avin_38190,pcaB,annotation&nbsp;not&nbsp;available,75.5
322710.Avin_35110,minC,Probable&nbsp;septum&nbsp;site-determining&nbsp;protein&nbsp;MinC,75.5
322710.Avin_31250,Avin_31250,annotation&nbsp;not&nbsp;available,75.5
322710.Avin_43370,pykA-3,annotation&nbsp;not&nbsp;available,75.4
322710.Avin_29150,Avin_29150,annotation&nbsp;not&nbsp;available,75.3
322710.Avin_02810,relA,"Guanosine&nbsp;3,5-bis-pyrophosphate&nbsp;(PpGpp)&nbsp;synthetase,&nbsp;RelA/SpoT&nbsp;protein",75.3
322710.Avin_43250,maeB2,annotation&nbsp;not&nbsp;available,75.3
322710.Avin_31200,ttdA,annotation&nbsp;not&nbsp;available,75.2
322710.Avin_06880,purD,annotation&nbsp;not&nbsp;available,75.1
322710.Avin_41230,Avin_41230,annotation&nbsp;not&nbsp;available,75.1
322710.Avin_00860,Avin_00860,annotation&nbsp;not&nbsp;available,75.1
322710.Avin_35520,Avin_35520,annotation&nbsp;not&nbsp;available,75.1
322710.Avin_38790,eno-6,Enolase,75.0
322710.Avin_07980,Avin_07980,annotation&nbsp;not&nbsp;available,75.0
322710.Avin_48720,Avin_48720,annotation&nbsp;not&nbsp;available,75.0
322710.Avin_22520,Avin_22520,annotation&nbsp;not&nbsp;available,75.0
322710.Avin_13470,groES,10&nbsp;kDa&nbsp;chaperonin,74.9
322710.Avin_12750,ptsO,annotation&nbsp;not&nbsp;available,74.9
322710.Avin_26440,Avin_26440,annotation&nbsp;not&nbsp;available,74.9
322710.Avin_38740,fghA,S-formylglutathione&nbsp;hydrolase,74.9
322710.Avin_10710,Avin_10710,annotation&nbsp;not&nbsp;available,74.8
322710.Avin_51880,Avin_51880,annotation&nbsp;not&nbsp;available,74.8
322710.Avin_21720,Avin_21720,annotation&nbsp;not&nbsp;available,74.7
322710.Avin_29740,Avin_29740,Succinate--CoA&nbsp;ligase&nbsp;[ADP-forming]&nbsp;subunit&nbsp;beta,74.7
322710.Avin_36830,Avin_36830,annotation&nbsp;not&nbsp;available,74.7
322710.Avin_50670,modA1,annotation&nbsp;not&nbsp;available,74.7
322710.Avin_29090,Avin_29090,annotation&nbsp;not&nbsp;available,74.6
322710.Avin_07450,rhdA,annotation&nbsp;not&nbsp;available,74.5
322710.Avin_35720,trbB,annotation&nbsp;not&nbsp;available,74.5
322710.Avin_08590,benA,annotation&nbsp;not&nbsp;available,74.5
322710.Avin_06350,rplN,50S&nbsp;ribosomal&nbsp;protein&nbsp;L14,74.5
322710.Avin_48280,rpiA-2,Ribose-5-phosphate&nbsp;isomerase&nbsp;A,74.5
322710.Avin_38830,accA,Acetyl-coenzyme&nbsp;A&nbsp;carboxylase&nbsp;carboxyl&nbsp;transferase&nbsp;subunit&nbsp;alpha,74.4
322710.Avin_28880,xth,annotation&nbsp;not&nbsp;available,74.3
322710.Avin_26090,Avin_26090,annotation&nbsp;not&nbsp;available,74.3
322710.Avin_25190,Avin_25190,annotation&nbsp;not&nbsp;available,74.1
322710.Avin_21300,Avin_21300,annotation&nbsp;not&nbsp;available,74.1
322710.Avin_19780,Avin_19780,Phosphonates&nbsp;import&nbsp;ATP-binding&nbsp;protein&nbsp;PhnC,74.0
322710.Avin_38540,Avin_38540,annotation&nbsp;not&nbsp;available,73.9
322710.Avin_15830,pheA,annotation&nbsp;not&nbsp;available,73.9
322710.Avin_37050,Avin_37050,annotation&nbsp;not&nbsp;available,73.8
322710.Avin_03690,dctB2,annotation&nbsp;not&nbsp;available,73.8
322710.Avin_05140,rimK,annotation&nbsp;not&nbsp;available,73.7
322710.Avin_27260,zwf-1,Glucose-6-phosphate&nbsp;1-dehydrogenase,73.7
322710.Avin_10860,algA,annotation&nbsp;not&nbsp;available,73.7
322710.Avin_49960,tpiA-1,Triosephosphate&nbsp;isomerase,73.6
322710.Avin_34270,leuD,3-isopropylmalate&nbsp;dehydratase&nbsp;small&nbsp;subunit,73.6
322710.Avin_36630,oprL,annotation&nbsp;not&nbsp;available,73.6
322710.Avin_47400,ubiD,3-octaprenyl-4-hydroxybenzoate&nbsp;carboxy-lyase,73.6
322710.Avin_21870,tauD,annotation&nbsp;not&nbsp;available,73.5
322710.Avin_19640,Avin_19640,annotation&nbsp;not&nbsp;available,73.4
322710.Avin_33210,aroF,Phospho-2-dehydro-3-deoxyheptonate&nbsp;aldolase,73.4
322710.Avin_06320,rplP,50S&nbsp;ribosomal&nbsp;protein&nbsp;L16,73.3
322710.Avin_22480,gntK-1,annotation&nbsp;not&nbsp;available,73.3
322710.Avin_44830,waaP,Lipopolysaccharide&nbsp;core&nbsp;heptose(I)&nbsp;kinase,73.3
322710.Avin_38200,pcaF,annotation&nbsp;not&nbsp;available,73.2
322710.Avin_12200,fruK,annotation&nbsp;not&nbsp;available,73.2
322710.Avin_01380,nifH,Nitrogenase&nbsp;iron&nbsp;protein,73.1
322710.Avin_27210,Avin_27210,annotation&nbsp;not&nbsp;available,73.1
322710.Avin_04770,Avin_04770,annotation&nbsp;not&nbsp;available,73.1
322710.Avin_29580,Avin_29580,annotation&nbsp;not&nbsp;available,73.1
322710.Avin_26100,Avin_26100,annotation&nbsp;not&nbsp;available,73.0
322710.Avin_12550,Avin_12550,annotation&nbsp;not&nbsp;available,73.0
322710.Avin_31680,Avin_31680,annotation&nbsp;not&nbsp;available,73.0
322710.Avin_51360,pykA-4,annotation&nbsp;not&nbsp;available,73.0
322710.Avin_13040,rplM,50S&nbsp;ribosomal&nbsp;protein&nbsp;L13,72.9
322710.Avin_14260,aat1,annotation&nbsp;not&nbsp;available,72.9
322710.Avin_50320,Avin_50320,annotation&nbsp;not&nbsp;available,72.9
322710.Avin_18860,Avin_18860,annotation&nbsp;not&nbsp;available,72.9
322710.Avin_13360,Avin_13360,annotation&nbsp;not&nbsp;available,72.9
322710.Avin_29760,sucB,Dihydrolipoyllysine-residue&nbsp;succinyltransferase&nbsp;component&nbsp;of&nbsp;2-oxoglutarate&nbsp;dehydrogenase&nbsp;complex,72.9
322710.Avin_13280,ftsQ,Cell&nbsp;division&nbsp;protein&nbsp;FtsQ,72.8
322710.Avin_31190,ttdB,annotation&nbsp;not&nbsp;available,72.8
322710.Avin_25890,gapA,annotation&nbsp;not&nbsp;available,72.8
322710.Avin_39750,Avin_39750,annotation&nbsp;not&nbsp;available,72.7
322710.Avin_00020,Avin_00020,Beta&nbsp;sliding&nbsp;clamp,72.7
322710.Avin_00370,Avin_00370,annotation&nbsp;not&nbsp;available,72.7
322710.Avin_08100,Avin_08100,annotation&nbsp;not&nbsp;available,72.6
322710.Avin_43690,ribAB,Riboflavin&nbsp;biosynthesis&nbsp;protein&nbsp;RibBA,72.6
322710.Avin_15450,Avin_15450,annotation&nbsp;not&nbsp;available,72.6
322710.Avin_29600,rnhA,Ribonuclease&nbsp;H,72.6
322710.Avin_27310,gntK-2,annotation&nbsp;not&nbsp;available,72.6
322710.Avin_30580,lapF,Acetaldehyde&nbsp;dehydrogenase&nbsp;3,72.6
322710.Avin_42710,panB,3-methyl-2-oxobutanoate&nbsp;hydroxymethyltransferase,72.5
322710.Avin_50130,Avin_50130,annotation&nbsp;not&nbsp;available,72.5
322710.Avin_00900,gadh1,annotation&nbsp;not&nbsp;available,72.4
322710.Avin_29180,Avin_29180,annotation&nbsp;not&nbsp;available,72.4
322710.Avin_39560,rpsP,annotation&nbsp;not&nbsp;available,72.4
322710.Avin_18900,pyrD,Dihydroorotate&nbsp;dehydrogenase&nbsp;(quinone),72.4
322710.Avin_31330,Avin_31330,annotation&nbsp;not&nbsp;available,72.4
322710.Avin_27380,mtlG,annotation&nbsp;not&nbsp;available,72.4
322710.Avin_07960,Avin_07960,annotation&nbsp;not&nbsp;available,72.4
322710.Avin_52440,trmE,tRNA&nbsp;modification&nbsp;GTPase&nbsp;MnmE,72.3
322710.Avin_07310,Avin_07310,annotation&nbsp;not&nbsp;available,72.2
322710.Avin_41520,prs,Ribose-phosphate&nbsp;pyrophosphokinase,72.2
322710.Avin_30390,ccmG,annotation&nbsp;not&nbsp;available,72.2
322710.Avin_29820,gltA,annotation&nbsp;not&nbsp;available,72.2
322710.Avin_24530,kdpE,annotation&nbsp;not&nbsp;available,72.1
322710.Avin_33260,dctA-1,C4-dicarboxylate&nbsp;transport&nbsp;protein,72.1
322710.Avin_03550,metF,annotation&nbsp;not&nbsp;available,72.1
322710.Avin_01400,nifK,Nitrogenase&nbsp;molybdenum-iron&nbsp;protein&nbsp;beta&nbsp;chain,72.0
322710.Avin_01340,Avin_01340,annotation&nbsp;not&nbsp;available,72.0
322710.Avin_16810,Avin_16810,Dihydroorotate&nbsp;dehydrogenase,72.0
322710.Avin_28890,Avin_28890,annotation&nbsp;not&nbsp;available,72.0
322710.Avin_37080,cysM,annotation&nbsp;not&nbsp;available,71.9
322710.Avin_02560,Avin_02560,Phosphonates&nbsp;import&nbsp;ATP-binding&nbsp;protein&nbsp;PhnC,71.9
322710.Avin_14580,gapB,annotation&nbsp;not&nbsp;available,71.9
322710.Avin_06500,rpoA,DNA-directed&nbsp;RNA&nbsp;polymerase&nbsp;subunit&nbsp;alpha,71.9
322710.Avin_45850,glnA,annotation&nbsp;not&nbsp;available,71.9
322710.Avin_12890,Avin_12890,annotation&nbsp;not&nbsp;available,71.8
322710.Avin_09900,ureA,annotation&nbsp;not&nbsp;available,71.8
322710.Avin_00100,glyS,annotation&nbsp;not&nbsp;available,71.8
322710.Avin_02060,pycB,annotation&nbsp;not&nbsp;available,71.8
322710.Avin_09420,Avin_09420,annotation&nbsp;not&nbsp;available,71.8
322710.Avin_29520,arsD,annotation&nbsp;not&nbsp;available,71.7
322710.Avin_36080,Avin_36080,annotation&nbsp;not&nbsp;available,71.7
322710.Avin_09300,Avin_09300,annotation&nbsp;not&nbsp;available,71.7
322710.Avin_27250,eda-1,annotation&nbsp;not&nbsp;available,71.6
322710.Avin_03130,pyrR,annotation&nbsp;not&nbsp;available,71.6
322710.Avin_33290,nrdA,Ribonucleoside-diphosphate&nbsp;reductase,71.6
322710.Avin_50380,Avin_50380,annotation&nbsp;not&nbsp;available,71.5
322710.Avin_47740,Avin_47740,annotation&nbsp;not&nbsp;available,71.4
322710.Avin_14910,fabD,annotation&nbsp;not&nbsp;available,71.3
322710.Avin_43760,Avin_43760,annotation&nbsp;not&nbsp;available,71.3
322710.Avin_19610,Avin_19610,annotation&nbsp;not&nbsp;available,71.3
322710.Avin_13060,petA,Ubiquinol-cytochrome&nbsp;c&nbsp;reductase&nbsp;iron-sulfur&nbsp;subunit,71.2
322710.Avin_06570,Avin_06570,dTDP-4-dehydrorhamnose&nbsp;reductase,71.2
322710.Avin_38650,fdxA,Ferredoxin,71.1
322710.Avin_15250,pyrF,Orotidine&nbsp;5'-phosphate&nbsp;decarboxylase,71.1
322710.Avin_15340,Avin_15340,annotation&nbsp;not&nbsp;available,71.1
322710.Avin_42830,nusA,Transcription&nbsp;termination/antitermination&nbsp;protein&nbsp;NusA,71.0
322710.Avin_23820,speE,Polyamine&nbsp;aminopropyltransferase,71.0
322710.Avin_47150,Avin_47150,annotation&nbsp;not&nbsp;available,70.9
322710.Avin_14890,rpmF,annotation&nbsp;not&nbsp;available,70.9
322710.Avin_06460,rpmJ,annotation&nbsp;not&nbsp;available,70.8
322710.Avin_39730,guaB,Inosine-5'-monophosphate&nbsp;dehydrogenase,70.8
322710.Avin_29810,sdhC,annotation&nbsp;not&nbsp;available,70.7
322710.Avin_12250,prfC,Peptide&nbsp;chain&nbsp;release&nbsp;factor&nbsp;3,70.6
322710.Avin_17510,Avin_17510,annotation&nbsp;not&nbsp;available,70.4
322710.Avin_27220,eno-1,Enolase,70.4
322710.Avin_08670,xylJ,annotation&nbsp;not&nbsp;available,70.4
322710.Avin_06310,rpsC,30S&nbsp;ribosomal&nbsp;protein&nbsp;S3,70.4
322710.Avin_50870,Avin_50870,annotation&nbsp;not&nbsp;available,70.3
322710.Avin_29730,sucC,Succinate--CoA&nbsp;ligase&nbsp;[ADP-forming]&nbsp;subunit&nbsp;alpha,70.3
322710.Avin_17880,Avin_17880,annotation&nbsp;not&nbsp;available,70.3
322710.Avin_39610,purT,Formate-dependent&nbsp;phosphoribosylglycinamide&nbsp;formyltransferase,70.2
322710.Avin_29560,arsA,annotation&nbsp;not&nbsp;available,70.2
322710.Avin_36640,tolB,Protein&nbsp;TolB,70.2
322710.Avin_29780,sdhB,annotation&nbsp;not&nbsp;available,70.1
322710.Avin_48860,spuB,annotation&nbsp;not&nbsp;available,70.0
322710.Avin_01290,Avin_01290,annotation&nbsp;not&nbsp;available,70.0
322710.Avin_24040,flgF,annotation&nbsp;not&nbsp;available,70.0
322710.Avin_47300,Avin_47300,annotation&nbsp;not&nbsp;available,69.9
322710.Avin_26610,Avin_26610,annotation&nbsp;not&nbsp;available,69.9
322710.Avin_05570,tktA-3,Transketolase,69.9
322710.Avin_48570,pstB,Phosphate&nbsp;import&nbsp;ATP-binding&nbsp;protein&nbsp;PstB,69.9
322710.Avin_04760,Avin_04760,annotation&nbsp;not&nbsp;available,69.9
322710.Avin_29800,sdhD,Succinate&nbsp;dehydrogenase&nbsp;hydrophobic&nbsp;membrane&nbsp;anchor&nbsp;subunit,69.9
322710.Avin_28480,nuoF,NADH-quinone&nbsp;oxidoreductase&nbsp;subunit&nbsp;F,69.7
322710.Avin_44610,Avin_44610,annotation&nbsp;not&nbsp;available,69.7
322710.Avin_47790,glnK,annotation&nbsp;not&nbsp;available,69.6
322710.Avin_42520,ilvI,annotation&nbsp;not&nbsp;available,69.6
322710.Avin_48050,rpmB,annotation&nbsp;not&nbsp;available,69.6
322710.Avin_00810,Avin_00810,Vitamin&nbsp;B12-dependent&nbsp;ribonucleotide&nbsp;reductase,69.6
322710.Avin_38990,rpsB,annotation&nbsp;not&nbsp;available,69.6
322710.Avin_46290,Avin_46290,annotation&nbsp;not&nbsp;available,69.6
322710.Avin_34750,Avin_34750,annotation&nbsp;not&nbsp;available,69.4
322710.Avin_02020,zwf-4,Glucose-6-phosphate&nbsp;1-dehydrogenase,69.4
322710.Avin_35690,trbE,annotation&nbsp;not&nbsp;available,69.4
322710.Avin_08840,dmpM,annotation&nbsp;not&nbsp;available,69.4
322710.Avin_33040,cobC,annotation&nbsp;not&nbsp;available,69.3
322710.Avin_11930,comL,Outer&nbsp;membrane&nbsp;protein&nbsp;assembly&nbsp;factor&nbsp;BamD,69.3
322710.Avin_08720,xylE,annotation&nbsp;not&nbsp;available,69.3
322710.Avin_21930,asfA,annotation&nbsp;not&nbsp;available,69.2
322710.Avin_00990,Avin_00990,annotation&nbsp;not&nbsp;available,69.2
322710.Avin_04840,Avin_04840,annotation&nbsp;not&nbsp;available,69.2
322710.Avin_45990,tyrS,Tyrosine--tRNA&nbsp;ligase,69.1
322710.Avin_11540,sbcD,Nuclease&nbsp;SbcCD&nbsp;subunit&nbsp;D,69.1
322710.Avin_34350,Avin_34350,annotation&nbsp;not&nbsp;available,69.1
322710.Avin_29450,Avin_29450,annotation&nbsp;not&nbsp;available,69.0
322710.Avin_12190,fruB,annotation&nbsp;not&nbsp;available,69.0
322710.Avin_20980,cysE3,annotation&nbsp;not&nbsp;available,69.0
322710.Avin_44840,waaG,annotation&nbsp;not&nbsp;available,69.0
322710.Avin_38960,frr,Ribosome-recycling&nbsp;factor,68.8
322710.Avin_10580,Avin_10580,annotation&nbsp;not&nbsp;available,68.8
322710.Avin_14690,lolC,annotation&nbsp;not&nbsp;available,68.7
322710.Avin_03680,dctD2,annotation&nbsp;not&nbsp;available,68.7
322710.Avin_23370,nasA,annotation&nbsp;not&nbsp;available,68.7
322710.Avin_34240,Avin_34240,annotation&nbsp;not&nbsp;available,68.6
322710.Avin_25990,Avin_25990,annotation&nbsp;not&nbsp;available,68.5
322710.Avin_04730,Avin_04730,annotation&nbsp;not&nbsp;available,68.4
322710.Avin_29650,Avin_29650,annotation&nbsp;not&nbsp;available,68.3
322710.Avin_11550,Avin_11550,annotation&nbsp;not&nbsp;available,68.2
322710.Avin_06120,rplK,50S&nbsp;ribosomal&nbsp;protein&nbsp;L11,68.2
322710.Avin_49020,anfA,annotation&nbsp;not&nbsp;available,68.2
322710.Avin_44850,Avin_44850,annotation&nbsp;not&nbsp;available,68.2
322710.Avin_07910,Avin_07910,annotation&nbsp;not&nbsp;available,68.1
322710.Avin_41120,ackA-2,Acetate&nbsp;kinase,68.1
322710.Avin_27950,cheY,annotation&nbsp;not&nbsp;available,68.0
322710.Avin_29750,lpdA,annotation&nbsp;not&nbsp;available,68.0
322710.Avin_08390,mrdA,"Peptidoglycan&nbsp;D,D-transpeptidase&nbsp;MrdA",68.0
322710.Avin_08330,Avin_08330,annotation&nbsp;not&nbsp;available,67.9
322710.Avin_42210,Avin_42210,annotation&nbsp;not&nbsp;available,67.9
322710.Avin_22380,Avin_22380,annotation&nbsp;not&nbsp;available,67.9
322710.Avin_49230,Avin_49230,annotation&nbsp;not&nbsp;available,67.9
322710.Avin_05450,pckA,Phosphoenolpyruvate&nbsp;carboxykinase&nbsp;(ATP),67.9
322710.Avin_10760,Avin_10760,annotation&nbsp;not&nbsp;available,67.8
322710.Avin_50760,Avin_50760,annotation&nbsp;not&nbsp;available,67.8
322710.Avin_48230,ptsP,annotation&nbsp;not&nbsp;available,67.8
322710.Avin_10590,Avin_10590,annotation&nbsp;not&nbsp;available,67.8
322710.Avin_13700,mucA,annotation&nbsp;not&nbsp;available,67.7
322710.Avin_43540,Avin_43540,annotation&nbsp;not&nbsp;available,67.7
322710.Avin_50170,Avin_50170,annotation&nbsp;not&nbsp;available,67.6
322710.Avin_46560,Avin_46560,annotation&nbsp;not&nbsp;available,67.6
322710.Avin_02340,Avin_02340,annotation&nbsp;not&nbsp;available,67.6
322710.Avin_48110,Avin_48110,Dihydrofolate&nbsp;reductase,67.6
322710.Avin_06770,thiL,Thiamine-monophosphate&nbsp;kinase,67.5
322710.Avin_29060,fabB,annotation&nbsp;not&nbsp;available,67.5
322710.Avin_52170,atpG,ATP&nbsp;synthase&nbsp;gamma&nbsp;chain,67.5
322710.Avin_39720,guaA,GMP&nbsp;synthase&nbsp;[glutamine-hydrolyzing],67.5
322710.Avin_19790,Avin_19790,annotation&nbsp;not&nbsp;available,67.5
322710.Avin_09230,hpaI,annotation&nbsp;not&nbsp;available,67.5
322710.Avin_21900,nemA,annotation&nbsp;not&nbsp;available,67.5
322710.Avin_51710,recB,RecBCD&nbsp;enzyme&nbsp;subunit&nbsp;RecB,67.5
322710.Avin_06250,rplC,50S&nbsp;ribosomal&nbsp;protein&nbsp;L3,67.4
322710.Avin_41530,ctc,50S&nbsp;ribosomal&nbsp;protein&nbsp;L25,67.3
322710.Avin_12500,Avin_12500,annotation&nbsp;not&nbsp;available,67.2
322710.Avin_15960,Avin_15960,annotation&nbsp;not&nbsp;available,67.2
322710.Avin_47920,Avin_47920,Catalase-related&nbsp;peroxidase,67.1
322710.Avin_27520,cysI,annotation&nbsp;not&nbsp;available,67.1
322710.Avin_08290,Avin_08290,annotation&nbsp;not&nbsp;available,66.9
322710.Avin_30500,Avin_30500,Alkanesulfonate&nbsp;monooxygenase,66.9
322710.Avin_01180,Avin_01180,annotation&nbsp;not&nbsp;available,66.8
322710.Avin_48620,Avin_48620,annotation&nbsp;not&nbsp;available,66.6
322710.Avin_21320,Avin_21320,annotation&nbsp;not&nbsp;available,66.5
322710.Avin_23280,ppsA,Phosphoenolpyruvate&nbsp;synthase,66.4
322710.Avin_14440,fadB1,Fatty&nbsp;acid&nbsp;oxidation&nbsp;complex&nbsp;subunit&nbsp;alpha,66.4
322710.Avin_19830,dnaX,DNA&nbsp;polymerase&nbsp;III&nbsp;subunit&nbsp;gamma/tau,66.4
322710.Avin_01840,Avin_01840,NAD(P)&nbsp;transhydrogenase&nbsp;subunit&nbsp;beta,66.3
322710.Avin_14700,lolD,Lipoprotein-releasing&nbsp;system&nbsp;ATP-binding&nbsp;protein&nbsp;LolD,66.3
322710.Avin_46170,pdhA,Pyruvate&nbsp;dehydrogenase&nbsp;E1&nbsp;component&nbsp;subunit&nbsp;alpha,66.3
322710.Avin_49000,anfH,Nitrogenase&nbsp;iron&nbsp;protein,66.2
322710.Avin_47620,argH,annotation&nbsp;not&nbsp;available,66.2
322710.Avin_04490,cooS,annotation&nbsp;not&nbsp;available,66.1
322710.Avin_02120,trpB,Tryptophan&nbsp;synthase&nbsp;beta&nbsp;chain,66.1
322710.Avin_33650,Avin_33650,annotation&nbsp;not&nbsp;available,66.1
322710.Avin_22730,feoB,Ferrous&nbsp;iron&nbsp;transport&nbsp;protein&nbsp;B,66.0
322710.Avin_26110,Avin_26110,annotation&nbsp;not&nbsp;available,66.0
322710.Avin_29410,Avin_29410,Aliphatic&nbsp;sulfonates&nbsp;import&nbsp;ATP-binding&nbsp;protein&nbsp;SsuB,66.0
322710.Avin_06170,rpoB,DNA-directed&nbsp;RNA&nbsp;polymerase&nbsp;subunit&nbsp;beta,65.9
322710.Avin_48520,phoB,annotation&nbsp;not&nbsp;available,65.9
322710.Avin_16380,Avin_16380,annotation&nbsp;not&nbsp;available,65.9
322710.Avin_07640,rpsF,30S&nbsp;ribosomal&nbsp;protein&nbsp;S6,65.9
322710.Avin_14020,Avin_14020,annotation&nbsp;not&nbsp;available,65.8
322710.Avin_38100,Avin_38100,annotation&nbsp;not&nbsp;available,65.8
322710.Avin_26600,Avin_26600,annotation&nbsp;not&nbsp;available,65.7
322710.Avin_11640,Avin_11640,annotation&nbsp;not&nbsp;available,65.7
322710.Avin_45200,gltD,annotation&nbsp;not&nbsp;available,65.7
322710.Avin_34480,Avin_34480,annotation&nbsp;not&nbsp;available,65.6
322710.Avin_03820,fdhH,annotation&nbsp;not&nbsp;available,65.5
322710.Avin_31390,Avin_31390,annotation&nbsp;not&nbsp;available,65.5
322710.Avin_51610,Avin_51610,annotation&nbsp;not&nbsp;available,65.5
322710.Avin_28170,cobA,Siroheme&nbsp;synthase,65.5
322710.Avin_06190,rpsL,30S&nbsp;ribosomal&nbsp;protein&nbsp;S12,65.5
322710.Avin_16160,Avin_16160,annotation&nbsp;not&nbsp;available,65.5
322710.Avin_28260,infA,Translation&nbsp;initiation&nbsp;factor&nbsp;IF-1,65.4
322710.Avin_15850,aroA,3-phosphoshikimate&nbsp;1-carboxyvinyltransferase,65.4
322710.Avin_01890,Avin_01890,annotation&nbsp;not&nbsp;available,65.3
322710.Avin_07670,rplI,50S&nbsp;ribosomal&nbsp;protein&nbsp;L9,65.2
322710.Avin_15460,Avin_15460,annotation&nbsp;not&nbsp;available,65.1
322710.Avin_39770,xseA,Exodeoxyribonuclease&nbsp;7&nbsp;large&nbsp;subunit,65.1
322710.Avin_38250,pcaG,annotation&nbsp;not&nbsp;available,65.1
322710.Avin_05380,Avin_05380,annotation&nbsp;not&nbsp;available,65.1
322710.Avin_08090,Avin_08090,annotation&nbsp;not&nbsp;available,65.1
322710.Avin_45330,maeB,annotation&nbsp;not&nbsp;available,65.0
322710.Avin_12520,Avin_12520,annotation&nbsp;not&nbsp;available,65.0
322710.Avin_00850,znuC,Zinc&nbsp;import&nbsp;ATP-binding&nbsp;protein&nbsp;ZnuC,65.0
322710.Avin_38210,pcaJ,annotation&nbsp;not&nbsp;available,64.9
322710.Avin_38840,dnaE,annotation&nbsp;not&nbsp;available,64.9
322710.Avin_04500,cooF,annotation&nbsp;not&nbsp;available,64.9
322710.Avin_20460,pheS,annotation&nbsp;not&nbsp;available,64.8
322710.Avin_05990,bioF,8-amino-7-oxononanoate&nbsp;synthase,64.8
322710.Avin_17530,Avin_17530,annotation&nbsp;not&nbsp;available,64.8
322710.Avin_41550,ychF,Ribosome-binding&nbsp;ATPase&nbsp;YchF,64.8
322710.Avin_27330,tktA-2,Transketolase,64.7
322710.Avin_28630,gspF,annotation&nbsp;not&nbsp;available,64.6
322710.Avin_35130,minE,Cell&nbsp;division&nbsp;topological&nbsp;specificity&nbsp;factor,64.6
322710.Avin_42440,leuA,2-isopropylmalate&nbsp;synthase,64.6
322710.Avin_38940,csdA,annotation&nbsp;not&nbsp;available,64.6
322710.Avin_00630,polA,DNA&nbsp;polymerase&nbsp;I,64.5
322710.Avin_18020,dctD,annotation&nbsp;not&nbsp;available,64.5
322710.Avin_51700,recD,RecBCD&nbsp;enzyme&nbsp;subunit&nbsp;RecD,64.5
322710.Avin_00880,Avin_00880,annotation&nbsp;not&nbsp;available,64.4
322710.Avin_35330,Avin_35330,annotation&nbsp;not&nbsp;available,64.4
322710.Avin_34890,Avin_34890,annotation&nbsp;not&nbsp;available,64.4
322710.Avin_37100,dinP,DNA&nbsp;polymerase&nbsp;IV,64.3
322710.Avin_36690,ruvB,Holliday&nbsp;junction&nbsp;ATP-dependent&nbsp;DNA&nbsp;helicase&nbsp;RuvB,64.3
322710.Avin_30450,ccmA,Cytochrome&nbsp;c&nbsp;biogenesis&nbsp;ATP-binding&nbsp;export&nbsp;protein&nbsp;CcmA,64.3
322710.Avin_27650,motC,annotation&nbsp;not&nbsp;available,64.3
322710.Avin_03170,gshB,annotation&nbsp;not&nbsp;available,64.3
322710.Avin_00040,gyrB,DNA&nbsp;gyrase&nbsp;subunit&nbsp;B,64.2
322710.Avin_09890,ureB,annotation&nbsp;not&nbsp;available,64.2
322710.Avin_17570,Avin_17570,annotation&nbsp;not&nbsp;available,64.2
322710.Avin_19530,shaAB,annotation&nbsp;not&nbsp;available,64.1
322710.Avin_24200,fliI,annotation&nbsp;not&nbsp;available,64.1
322710.Avin_37090,gacS,annotation&nbsp;not&nbsp;available,64.1
322710.Avin_25220,Avin_25220,annotation&nbsp;not&nbsp;available,64.1
322710.Avin_50570,hoxZ,annotation&nbsp;not&nbsp;available,64.0
322710.Avin_06370,rplE,50S&nbsp;ribosomal&nbsp;protein&nbsp;L5,63.9
322710.Avin_38410,pykA-6,annotation&nbsp;not&nbsp;available,63.9
322710.Avin_19630,Avin_19630,annotation&nbsp;not&nbsp;available,63.8
322710.Avin_22720,feoA,annotation&nbsp;not&nbsp;available,63.8
322710.Avin_34530,acsA1,Acetyl-coenzyme&nbsp;A&nbsp;synthetase,63.8
322710.Avin_46960,plsY,Glycerol-3-phosphate&nbsp;acyltransferase,63.8
322710.Avin_13480,groEL,60&nbsp;kDa&nbsp;chaperonin,63.7
322710.Avin_31740,cysW,annotation&nbsp;not&nbsp;available,63.6
322710.Avin_41770,Avin_41770,annotation&nbsp;not&nbsp;available,63.6
322710.Avin_23540,folD,Bifunctional&nbsp;protein&nbsp;FolD,63.6
322710.Avin_12210,fruA,annotation&nbsp;not&nbsp;available,63.6
322710.Avin_12350,lldD,annotation&nbsp;not&nbsp;available,63.5
322710.Avin_06200,rpsG,30S&nbsp;ribosomal&nbsp;protein&nbsp;S7,63.5
322710.Avin_18010,dctB,annotation&nbsp;not&nbsp;available,63.5
322710.Avin_43730,Avin_43730,annotation&nbsp;not&nbsp;available,63.4
322710.Avin_13340,secA,Protein&nbsp;translocase&nbsp;subunit&nbsp;SecA,63.3
322710.Avin_35700,trbD,annotation&nbsp;not&nbsp;available,63.3
322710.Avin_07290,Avin_07290,annotation&nbsp;not&nbsp;available,63.3
322710.Avin_26710,Avin_26710,annotation&nbsp;not&nbsp;available,63.2
322710.Avin_18790,Avin_18790,annotation&nbsp;not&nbsp;available,63.1
322710.Avin_05480,Avin_05480,annotation&nbsp;not&nbsp;available,63.1
322710.Avin_02900,argB,Acetylglutamate&nbsp;kinase,63.1
322710.Avin_00380,Avin_00380,annotation&nbsp;not&nbsp;available,63.0
322710.Avin_42220,Avin_42220,annotation&nbsp;not&nbsp;available,63.0
322710.Avin_31510,Avin_31510,annotation&nbsp;not&nbsp;available,62.9
322710.Avin_45890,ntrB,annotation&nbsp;not&nbsp;available,62.8
322710.Avin_27790,Avin_27790,annotation&nbsp;not&nbsp;available,62.7
322710.Avin_44050,Avin_44050,annotation&nbsp;not&nbsp;available,62.7
322710.Avin_41470,prfA,Peptide&nbsp;chain&nbsp;release&nbsp;factor&nbsp;1,62.7
322710.Avin_06760,nusB,Transcription&nbsp;antitermination&nbsp;protein&nbsp;NusB,62.7
322710.Avin_43710,Avin_43710,annotation&nbsp;not&nbsp;available,62.7
322710.Avin_30610,lapE,annotation&nbsp;not&nbsp;available,62.6
322710.Avin_32850,cysK,annotation&nbsp;not&nbsp;available,62.6
322710.Avin_07460,rsgA,Small&nbsp;ribosomal&nbsp;subunit&nbsp;biogenesis&nbsp;GTPase&nbsp;RsgA,62.5
322710.Avin_05510,Avin_05510,annotation&nbsp;not&nbsp;available,62.5
322710.Avin_24880,treY,annotation&nbsp;not&nbsp;available,62.5
322710.Avin_18940,dacB,annotation&nbsp;not&nbsp;available,62.5
322710.Avin_27640,motD,annotation&nbsp;not&nbsp;available,62.5
322710.Avin_02540,Avin_02540,annotation&nbsp;not&nbsp;available,62.5
322710.Avin_42100,Avin_42100,annotation&nbsp;not&nbsp;available,62.4
322710.Avin_48600,pstS,annotation&nbsp;not&nbsp;available,62.4
322710.Avin_51420,melA,annotation&nbsp;not&nbsp;available,62.4
322710.Avin_30430,ccmC,Heme&nbsp;exporter&nbsp;protein&nbsp;C,62.3
322710.Avin_42600,Avin_42600,annotation&nbsp;not&nbsp;available,62.3
322710.Avin_06800,ribA,GTP&nbsp;cyclohydrolase-2,62.1
322710.Avin_11280,moaE,annotation&nbsp;not&nbsp;available,62.1
322710.Avin_23130,aroG,Phospho-2-dehydro-3-deoxyheptonate&nbsp;aldolase,62.1
322710.Avin_46160,pdhB,annotation&nbsp;not&nbsp;available,62.0
322710.Avin_51410,Avin_51410,annotation&nbsp;not&nbsp;available,61.9
322710.Avin_18460,Avin_18460,annotation&nbsp;not&nbsp;available,61.9
322710.Avin_19540,shaC,annotation&nbsp;not&nbsp;available,61.9
322710.Avin_50080,iolA,annotation&nbsp;not&nbsp;available,61.8
322710.Avin_46700,Avin_46700,Shikimate&nbsp;dehydrogenase&nbsp;(NADP(+)),61.6
322710.Avin_34960,asnB,annotation&nbsp;not&nbsp;available,61.5
322710.Avin_15130,mphE,4-hydroxy-2-oxovalerate&nbsp;aldolase&nbsp;2,61.5
322710.Avin_38220,pcaI,annotation&nbsp;not&nbsp;available,61.5
322710.Avin_09360,Avin_09360,annotation&nbsp;not&nbsp;available,61.5
322710.Avin_48220,Avin_48220,annotation&nbsp;not&nbsp;available,61.5
322710.Avin_34990,Avin_34990,annotation&nbsp;not&nbsp;available,61.4
322710.Avin_01650,cysE1nif,annotation&nbsp;not&nbsp;available,61.4
322710.Avin_51910,Avin_51910,annotation&nbsp;not&nbsp;available,61.3
322710.Avin_45340,rpmE,50S&nbsp;ribosomal&nbsp;protein&nbsp;L31,61.3
322710.Avin_39020,dapC,annotation&nbsp;not&nbsp;available,61.0
322710.Avin_20290,Avin_20290,annotation&nbsp;not&nbsp;available,61.0
322710.Avin_46130,trpGD,annotation&nbsp;not&nbsp;available,60.9
322710.Avin_06890,purH,annotation&nbsp;not&nbsp;available,60.9
322710.Avin_08980,holA,annotation&nbsp;not&nbsp;available,60.9
322710.Avin_46100,crp,annotation&nbsp;not&nbsp;available,60.9
322710.Avin_42400,otsB,Trehalose&nbsp;6-phosphate&nbsp;phosphatase,60.9
322710.Avin_28120,Avin_28120,annotation&nbsp;not&nbsp;available,60.8
322710.Avin_20830,Avin_20830,annotation&nbsp;not&nbsp;available,60.7
322710.Avin_32800,recQ,annotation&nbsp;not&nbsp;available,60.6
322710.Avin_36700,ruvA,Holliday&nbsp;junction&nbsp;ATP-dependent&nbsp;DNA&nbsp;helicase&nbsp;RuvA,60.5
322710.Avin_06100,secE,Protein&nbsp;translocase&nbsp;subunit&nbsp;SecE,60.4
322710.Avin_15870,rpsA,30S&nbsp;ribosomal&nbsp;protein&nbsp;S1,60.4
322710.Avin_28550,nuoM,annotation&nbsp;not&nbsp;available,60.4
322710.Avin_49550,Avin_49550,annotation&nbsp;not&nbsp;available,60.3
322710.Avin_08040,ubiX,Flavin&nbsp;prenyltransferase&nbsp;UbiX,60.3
322710.Avin_03590,ligB,DNA&nbsp;ligase&nbsp;B,60.3
322710.Avin_27390,mtlF,annotation&nbsp;not&nbsp;available,60.3
322710.Avin_01020,Avin_01020,Cytochrome&nbsp;c&nbsp;oxidase&nbsp;subunit&nbsp;2,60.3
322710.Avin_10700,Avin_10700,annotation&nbsp;not&nbsp;available,60.2
322710.Avin_14710,lolE,annotation&nbsp;not&nbsp;available,60.2
322710.Avin_49080,Avin_49080,annotation&nbsp;not&nbsp;available,60.1
322710.Avin_06380,rpsN,30S&nbsp;ribosomal&nbsp;protein&nbsp;S14,60.1
322710.Avin_08430,dacA,annotation&nbsp;not&nbsp;available,60.0
322710.Avin_21250,Avin_21250,annotation&nbsp;not&nbsp;available,60.0
322710.Avin_46120,trpD,Anthranilate&nbsp;phosphoribosyltransferase,60.0
322710.Avin_04780,Avin_04780,annotation&nbsp;not&nbsp;available,60.0
322710.Avin_49520,Avin_49520,annotation&nbsp;not&nbsp;available,60.0
322710.Avin_15710,pgl-1,annotation&nbsp;not&nbsp;available,59.9
322710.Avin_02050,pycA,annotation&nbsp;not&nbsp;available,59.8
322710.Avin_02880,pyrE,Orotate&nbsp;phosphoribosyltransferase,59.8
322710.Avin_28130,Avin_28130,annotation&nbsp;not&nbsp;available,59.8
322710.Avin_48880,Avin_48880,annotation&nbsp;not&nbsp;available,59.7
322710.Avin_25630,Avin_25630,annotation&nbsp;not&nbsp;available,59.7
322710.Avin_26050,gcvT3,annotation&nbsp;not&nbsp;available,59.7
322710.Avin_21600,Avin_21600,annotation&nbsp;not&nbsp;available,59.5
322710.Avin_46970,gcp,tRNA&nbsp;N6-adenosine&nbsp;threonylcarbamoyltransferase,59.4
322710.Avin_45730,glpD,annotation&nbsp;not&nbsp;available,59.4
322710.Avin_52160,atpD,ATP&nbsp;synthase&nbsp;subunit&nbsp;beta,59.3
322710.Avin_31140,Avin_31140,annotation&nbsp;not&nbsp;available,59.2
322710.Avin_50250,Avin_50250,annotation&nbsp;not&nbsp;available,59.1
322710.Avin_01580,Avin_01580,Molybdenum&nbsp;import&nbsp;ATP-binding&nbsp;protein&nbsp;ModC,59.1
322710.Avin_04920,argA,annotation&nbsp;not&nbsp;available,59.0
322710.Avin_04130,glk-2,annotation&nbsp;not&nbsp;available,59.0
322710.Avin_00230,aroE,Shikimate&nbsp;dehydrogenase&nbsp;(NADP(+)),58.9
322710.Avin_42500,ilvC,Ketol-acid&nbsp;reductoisomerase&nbsp;(NADP(+)),58.9
322710.Avin_21850,Avin_21850,annotation&nbsp;not&nbsp;available,58.9
322710.Avin_08990,lptE,LPS-assembly&nbsp;lipoprotein&nbsp;LptE,58.8
322710.Avin_19880,cydB,annotation&nbsp;not&nbsp;available,58.8
322710.Avin_22620,Avin_22620,annotation&nbsp;not&nbsp;available,58.7
322710.Avin_18640,Avin_18640,annotation&nbsp;not&nbsp;available,58.7
322710.Avin_34550,pta-1,Phosphate&nbsp;acetyltransferase,58.6
322710.Avin_09400,ureE,Urease&nbsp;accessory&nbsp;protein&nbsp;UreE,58.5
322710.Avin_44240,Avin_44240,annotation&nbsp;not&nbsp;available,58.5
322710.Avin_00940,cyoE,Protoheme&nbsp;IX&nbsp;farnesyltransferase,58.5
322710.Avin_12770,ptsN,annotation&nbsp;not&nbsp;available,58.5
322710.Avin_37020,Avin_37020,annotation&nbsp;not&nbsp;available,58.4
322710.Avin_46080,speD,S-adenosylmethionine&nbsp;decarboxylase&nbsp;proenzyme,58.4
322710.Avin_19620,Avin_19620,annotation&nbsp;not&nbsp;available,58.4
322710.Avin_06580,Avin_06580,annotation&nbsp;not&nbsp;available,58.2
322710.Avin_01010,ctaD,Cytochrome&nbsp;c&nbsp;oxidase&nbsp;subunit&nbsp;1,58.1
322710.Avin_12490,Avin_12490,annotation&nbsp;not&nbsp;available,58.1
322710.Avin_48120,glpQ,annotation&nbsp;not&nbsp;available,58.1
322710.Avin_48750,potG,Spermidine/putrescine&nbsp;import&nbsp;ATP-binding&nbsp;protein&nbsp;PotA,58.1
322710.Avin_22530,Avin_22530,annotation&nbsp;not&nbsp;available,57.9
322710.Avin_20440,rpmI,annotation&nbsp;not&nbsp;available,57.9
322710.Avin_37920,Avin_37920,annotation&nbsp;not&nbsp;available,57.8
322710.Avin_32700,talB-3,Transaldolase,57.7
322710.Avin_14940,fabF,3-oxoacyl-[acyl-carrier-protein]&nbsp;synthase&nbsp;2,57.7
322710.Avin_06020,Avin_06020,annotation&nbsp;not&nbsp;available,57.6
322710.Avin_07890,xseB-1,Exodeoxyribonuclease&nbsp;7&nbsp;small&nbsp;subunit,57.6
322710.Avin_10720,Avin_10720,annotation&nbsp;not&nbsp;available,57.6
322710.Avin_41750,acoC,annotation&nbsp;not&nbsp;available,57.5
322710.Avin_47420,trxA,annotation&nbsp;not&nbsp;available,57.4
322710.Avin_43510,Avin_43510,annotation&nbsp;not&nbsp;available,57.4
322710.Avin_34360,Avin_34360,annotation&nbsp;not&nbsp;available,57.4
322710.Avin_23360,Avin_23360,annotation&nbsp;not&nbsp;available,57.3
322710.Avin_20610,xseB-2,Exodeoxyribonuclease&nbsp;7&nbsp;small&nbsp;subunit,57.3
322710.Avin_44900,aceE,Pyruvate&nbsp;dehydrogenase&nbsp;E1&nbsp;component,57.3
322710.Avin_13890,mmsA,annotation&nbsp;not&nbsp;available,57.3
322710.Avin_20040,acnA,Aconitate&nbsp;hydratase,57.3
322710.Avin_52450,yidC,Membrane&nbsp;protein&nbsp;insertase&nbsp;YidC,57.1
322710.Avin_42700,folK,annotation&nbsp;not&nbsp;available,57.1
322710.Avin_51560,Avin_51560,annotation&nbsp;not&nbsp;available,57.0
322710.Avin_07300,Avin_07300,annotation&nbsp;not&nbsp;available,57.0
322710.Avin_27960,Avin_27960,annotation&nbsp;not&nbsp;available,57.0
322710.Avin_10270,Avin_10270,annotation&nbsp;not&nbsp;available,57.0
322710.Avin_05750,Avin_05750,annotation&nbsp;not&nbsp;available,56.9
322710.Avin_50660,modB1,annotation&nbsp;not&nbsp;available,56.8
322710.Avin_23980,flgM,annotation&nbsp;not&nbsp;available,56.8
322710.Avin_41330,Avin_41330,annotation&nbsp;not&nbsp;available,56.7
322710.Avin_30720,lapO,annotation&nbsp;not&nbsp;available,56.7
322710.Avin_49320,Avin_49320,annotation&nbsp;not&nbsp;available,56.6
322710.Avin_05120,ompR,annotation&nbsp;not&nbsp;available,56.5
322710.Avin_39490,hom,annotation&nbsp;not&nbsp;available,56.5
322710.Avin_25570,Avin_25570,annotation&nbsp;not&nbsp;available,56.4
322710.Avin_11670,lptF,annotation&nbsp;not&nbsp;available,56.4
322710.Avin_14330,Avin_14330,annotation&nbsp;not&nbsp;available,56.4
322710.Avin_08740,xylK,4-hydroxy-2-oxovalerate&nbsp;aldolase&nbsp;1,56.3
322710.Avin_25650,Avin_25650,annotation&nbsp;not&nbsp;available,56.3
322710.Avin_43020,omlA,Outer&nbsp;membrane&nbsp;protein&nbsp;assembly&nbsp;factor&nbsp;BamE,56.3
322710.Avin_03850,Avin_03850,"GTP&nbsp;3',8-cyclase",56.2
322710.Avin_43310,glcF,annotation&nbsp;not&nbsp;available,56.1
322710.Avin_44250,Avin_44250,annotation&nbsp;not&nbsp;available,56.1
322710.Avin_31750,cysA,Sulfate/thiosulfate&nbsp;import&nbsp;ATP-binding&nbsp;protein&nbsp;CysA,56.1
322710.Avin_16150,gspG2,annotation&nbsp;not&nbsp;available,56.1
322710.Avin_24000,flgB,Flagellar&nbsp;basal&nbsp;body&nbsp;rod&nbsp;protein&nbsp;FlgB,56.0
322710.Avin_49440,tctE,annotation&nbsp;not&nbsp;available,56.0
322710.Avin_34490,Avin_34490,annotation&nbsp;not&nbsp;available,55.9
322710.Avin_19650,Avin_19650,annotation&nbsp;not&nbsp;available,55.8
322710.Avin_35120,minD,annotation&nbsp;not&nbsp;available,55.8
322710.Avin_34680,ggpS,annotation&nbsp;not&nbsp;available,55.8
322710.Avin_28580,Avin_28580,annotation&nbsp;not&nbsp;available,55.7
322710.Avin_42120,Avin_42120,4-hydroxy-2-oxovalerate&nbsp;aldolase&nbsp;4,55.7
322710.Avin_11050,Avin_11050,annotation&nbsp;not&nbsp;available,55.6
322710.Avin_34500,argD,annotation&nbsp;not&nbsp;available,55.6
322710.Avin_42930,carB,annotation&nbsp;not&nbsp;available,55.6
322710.Avin_07870,dxs-1,1-deoxy-D-xylulose-5-phosphate&nbsp;synthase,55.5
322710.Avin_01620,nifU,Nitrogen&nbsp;fixation&nbsp;protein&nbsp;NifU,55.5
322710.Avin_06480,rpsK,30S&nbsp;ribosomal&nbsp;protein&nbsp;S11,55.5
322710.Avin_24770,Avin_24770,annotation&nbsp;not&nbsp;available,55.4
322710.Avin_30130,Avin_30130,annotation&nbsp;not&nbsp;available,55.4
322710.Avin_46940,folK1,annotation&nbsp;not&nbsp;available,55.3
322710.Avin_42780,pnp,Polyribonucleotide&nbsp;nucleotidyltransferase,55.3
322710.Avin_12980,cysN,Multifunctional&nbsp;fusion&nbsp;protein,55.3
322710.Avin_19890,cydA,annotation&nbsp;not&nbsp;available,55.3
322710.Avin_13050,rpsI,annotation&nbsp;not&nbsp;available,55.2
322710.Avin_02470,aglA-2,annotation&nbsp;not&nbsp;available,55.1
322710.Avin_27180,fumC1,Fumarate&nbsp;hydratase&nbsp;class&nbsp;II,55.0
322710.Avin_08680,xylI,annotation&nbsp;not&nbsp;available,55.0
322710.Avin_50860,Avin_50860,annotation&nbsp;not&nbsp;available,54.9
322710.Avin_30540,cysP,annotation&nbsp;not&nbsp;available,54.9
322710.Avin_01190,purE,N5-carboxyaminoimidazole&nbsp;ribonucleotide&nbsp;mutase,54.9
322710.Avin_21920,asfB,annotation&nbsp;not&nbsp;available,54.8
322710.Avin_39530,rplS,50S&nbsp;ribosomal&nbsp;protein&nbsp;L19,54.7
322710.Avin_23380,Avin_23380,annotation&nbsp;not&nbsp;available,54.7
322710.Avin_48730,potI,annotation&nbsp;not&nbsp;available,54.6
322710.Avin_44470,Avin_44470,annotation&nbsp;not&nbsp;available,54.6
322710.Avin_02700,moeB2,annotation&nbsp;not&nbsp;available,54.5
322710.Avin_02660,vnfH,Nitrogenase&nbsp;iron&nbsp;protein,54.5
322710.Avin_14450,fadA,Fatty-acid&nbsp;oxidation&nbsp;complex&nbsp;beta-subunit&nbsp;FadA,54.5
322710.Avin_29240,metH,annotation&nbsp;not&nbsp;available,54.4
322710.Avin_51780,Avin_51780,annotation&nbsp;not&nbsp;available,54.4
322710.Avin_29770,sucA,annotation&nbsp;not&nbsp;available,54.4
322710.Avin_51630,Avin_51630,annotation&nbsp;not&nbsp;available,54.4
322710.Avin_21160,Avin_21160,annotation&nbsp;not&nbsp;available,54.3
322710.Avin_28000,treS,annotation&nbsp;not&nbsp;available,54.3
322710.Avin_15930,rfbD,dTDP-4-dehydrorhamnose&nbsp;reductase,54.3
322710.Avin_33790,Avin_33790,annotation&nbsp;not&nbsp;available,54.3
322710.Avin_24330,motB,annotation&nbsp;not&nbsp;available,54.3
322710.Avin_18630,Avin_18630,annotation&nbsp;not&nbsp;available,54.2
322710.Avin_15120,mhpF,Acetaldehyde&nbsp;dehydrogenase&nbsp;2,54.2
322710.Avin_51810,scrB,annotation&nbsp;not&nbsp;available,54.2
322710.Avin_42560,mrcB,Penicillin-binding&nbsp;protein&nbsp;1B,54.1
322710.Avin_44910,lpd,Acetyltransferase&nbsp;component&nbsp;of&nbsp;pyruvate&nbsp;dehydrogenase&nbsp;complex,54.1
322710.Avin_24380,Avin_24380,annotation&nbsp;not&nbsp;available,54.1
322710.Avin_06300,rplV,50S&nbsp;ribosomal&nbsp;protein&nbsp;L22,54.1
322710.Avin_18740,Avin_18740,annotation&nbsp;not&nbsp;available,54.0
322710.Avin_34400,Avin_34400,annotation&nbsp;not&nbsp;available,54.0
322710.Avin_01850,Avin_01850,annotation&nbsp;not&nbsp;available,53.9
322710.Avin_32980,Avin_32980,annotation&nbsp;not&nbsp;available,53.9
322710.Avin_05890,Avin_05890,annotation&nbsp;not&nbsp;available,53.9
322710.Avin_20060,tusA,Sulfur&nbsp;carrier&nbsp;protein&nbsp;TusA,53.8
322710.Avin_04600,hisH,Imidazole&nbsp;glycerol&nbsp;phosphate&nbsp;synthase&nbsp;subunit&nbsp;HisH,53.8
322710.Avin_52210,atpE,ATP&nbsp;synthase&nbsp;subunit&nbsp;c,53.8
322710.Avin_06010,bioC,Malonyl-[acyl-carrier&nbsp;protein]&nbsp;O-methyltransferase,53.8
322710.Avin_08600,benB,annotation&nbsp;not&nbsp;available,53.8
322710.Avin_17650,pgi-1,annotation&nbsp;not&nbsp;available,53.6
322710.Avin_00130,Avin_00130,annotation&nbsp;not&nbsp;available,53.6
322710.Avin_38170,pcaC,annotation&nbsp;not&nbsp;available,53.5
322710.Avin_28510,nuoI,NADH-quinone&nbsp;oxidoreductase&nbsp;subunit&nbsp;I,53.5
322710.Avin_02590,vnfK,annotation&nbsp;not&nbsp;available,53.4
322710.Avin_12150,Avin_12150,annotation&nbsp;not&nbsp;available,53.4
322710.Avin_38750,Avin_38750,annotation&nbsp;not&nbsp;available,53.3
322710.Avin_46980,rpsU,annotation&nbsp;not&nbsp;available,53.3
322710.Avin_23350,nasB,annotation&nbsp;not&nbsp;available,53.3
322710.Avin_38710,surE,5'-nucleotidase&nbsp;SurE,53.2
322710.Avin_22080,Avin_22080,annotation&nbsp;not&nbsp;available,53.1
322710.Avin_21640,Avin_21640,annotation&nbsp;not&nbsp;available,53.1
322710.Avin_44060,Avin_44060,annotation&nbsp;not&nbsp;available,53.0
322710.Avin_06400,Avin_06400,50S&nbsp;ribosomal&nbsp;protein&nbsp;L6,53.0
322710.Avin_27980,cheB,Chemotaxis&nbsp;response&nbsp;regulator&nbsp;protein-glutamate&nbsp;methylesterase,52.8
322710.Avin_30510,ssuA,annotation&nbsp;not&nbsp;available,52.8
322710.Avin_43320,glcE,annotation&nbsp;not&nbsp;available,52.7
322710.Avin_24890,malQ,annotation&nbsp;not&nbsp;available,52.7
322710.Avin_24750,Avin_24750,annotation&nbsp;not&nbsp;available,52.7
322710.Avin_42970,dnaK,Chaperone&nbsp;protein&nbsp;DnaK,52.7
322710.Avin_51720,recC,RecBCD&nbsp;enzyme&nbsp;subunit&nbsp;RecC,52.7
322710.Avin_13190,ftsI,"Peptidoglycan&nbsp;D,D-transpeptidase&nbsp;FtsI",52.6
322710.Avin_05500,Avin_05500,annotation&nbsp;not&nbsp;available,52.6
322710.Avin_03070,proC,Pyrroline-5-carboxylate&nbsp;reductase,52.5
322710.Avin_46650,Avin_46650,annotation&nbsp;not&nbsp;available,52.5
322710.Avin_06290,rpsS,30S&nbsp;ribosomal&nbsp;protein&nbsp;S19,52.5
322710.Avin_45930,bioD,ATP-dependent&nbsp;dethiobiotin&nbsp;synthetase&nbsp;BioD,52.4
322710.Avin_43530,Avin_43530,annotation&nbsp;not&nbsp;available,52.4
322710.Avin_26980,Avin_26980,annotation&nbsp;not&nbsp;available,52.4
322710.Avin_38560,recA,Protein&nbsp;RecA,52.3
322710.Avin_32220,Avin_32220,annotation&nbsp;not&nbsp;available,52.2
322710.Avin_17850,ppdK,annotation&nbsp;not&nbsp;available,52.1
322710.Avin_09370,amn,AMP&nbsp;nucleosidase,52.1
322710.Avin_27440,pgm-2,"2,3-bisphosphoglycerate-independent&nbsp;phosphoglycerate&nbsp;mutase",52.1
322710.Avin_00890,gadh3,annotation&nbsp;not&nbsp;available,52.1
322710.Avin_46800,lptD,LPS-assembly&nbsp;protein&nbsp;LptD,52.0
322710.Avin_03840,fdhE,Protein&nbsp;FdhE&nbsp;homolog,51.9
322710.Avin_26430,Avin_26430,annotation&nbsp;not&nbsp;available,51.9
322710.Avin_30300,zipA,Cell&nbsp;division&nbsp;protein&nbsp;ZipA,51.9
322710.Avin_29390,Avin_29390,annotation&nbsp;not&nbsp;available,51.8
322710.Avin_38680,rpoS,annotation&nbsp;not&nbsp;available,51.7
322710.Avin_14670,sthA,Soluble&nbsp;pyridine&nbsp;nucleotide&nbsp;transhydrogenase,51.6
322710.Avin_11040,Avin_11040,annotation&nbsp;not&nbsp;available,51.6
322710.Avin_44330,Avin_44330,annotation&nbsp;not&nbsp;available,51.5
322710.Avin_17560,Avin_17560,annotation&nbsp;not&nbsp;available,51.4
322710.Avin_25170,Avin_25170,annotation&nbsp;not&nbsp;available,51.4
322710.Avin_35680,trbJ,annotation&nbsp;not&nbsp;available,51.3
322710.Avin_51000,nifA,annotation&nbsp;not&nbsp;available,51.3
322710.Avin_48100,ftsY,Signal&nbsp;recognition&nbsp;particle&nbsp;receptor&nbsp;FtsY,51.2
322710.Avin_19760,Avin_19760,annotation&nbsp;not&nbsp;available,51.2
322710.Avin_27240,pykA-1,annotation&nbsp;not&nbsp;available,51.1
322710.Avin_49910,tpiA-3,Triosephosphate&nbsp;isomerase,51.1
322710.Avin_03620,Avin_03620,Shikimate&nbsp;dehydrogenase&nbsp;(NADP(+)),51.1
322710.Avin_19550,shaD,annotation&nbsp;not&nbsp;available,51.0
322710.Avin_15690,glk-1,annotation&nbsp;not&nbsp;available,51.0
