862908.BMS_1401,BMS_1401,annotation&nbsp;not&nbsp;available,98.9
862908.BMS_3294,rplP,50S&nbsp;ribosomal&nbsp;protein&nbsp;L16,98.9
862908.BMS_1386,BMS_1386,annotation&nbsp;not&nbsp;available,98.9
862908.BMS_0286,lepB,annotation&nbsp;not&nbsp;available,98.7
862908.BMS_0740,BMS_0740,annotation&nbsp;not&nbsp;available,98.6
862908.BMS_2960,BMS_2960,annotation&nbsp;not&nbsp;available,98.5
862908.BMS_1480,BMS_1480,annotation&nbsp;not&nbsp;available,98.5
862908.BMS_1881,trpG,annotation&nbsp;not&nbsp;available,98.4
862908.BMS_1432,BMS_1432,annotation&nbsp;not&nbsp;available,98.4
862908.BMS_3340,ruvA,Holliday&nbsp;junction&nbsp;ATP-dependent&nbsp;DNA&nbsp;helicase&nbsp;RuvA,98.2
862908.BMS_2198,BMS_2198,annotation&nbsp;not&nbsp;available,98.2
862908.BMS_1508,pnpA,Polyribonucleotide&nbsp;nucleotidyltransferase,98.2
862908.BMS_3283,rpsE,30S&nbsp;ribosomal&nbsp;protein&nbsp;S5,98.1
862908.BMS_2197,BMS_2197,annotation&nbsp;not&nbsp;available,98.1
862908.BMS_0229,rpsB,annotation&nbsp;not&nbsp;available,98.0
862908.BMS_3435,atpD,ATP&nbsp;synthase&nbsp;subunit&nbsp;beta,98.0
862908.BMS_2488,katG,Catalase-peroxidase,97.9
862908.BMS_3310,rpoB,DNA-directed&nbsp;RNA&nbsp;polymerase&nbsp;subunit&nbsp;beta,97.7
862908.BMS_3318,tuf2,Elongation&nbsp;factor&nbsp;Tu,97.7
862908.BMS_0004,gyrB,DNA&nbsp;gyrase&nbsp;subunit&nbsp;B,97.6
862908.BMS_2635,mcp4,annotation&nbsp;not&nbsp;available,97.4
862908.BMS_1113,BMS_1113,annotation&nbsp;not&nbsp;available,97.3
862908.BMS_2749,ivd,annotation&nbsp;not&nbsp;available,97.2
862908.BMS_1307,BMS_1307,annotation&nbsp;not&nbsp;available,97.0
862908.BMS_1573,secF,Protein-export&nbsp;membrane&nbsp;protein&nbsp;SecF,97.0
862908.BMS_0063,murD,UDP-N-acetylmuramoylalanine--D-glutamate&nbsp;ligase,96.8
862908.BMS_2526,btuF,annotation&nbsp;not&nbsp;available,96.8
862908.BMS_2031,infC,Translation&nbsp;initiation&nbsp;factor&nbsp;IF-3,96.7
862908.BMS_2928,fliG,annotation&nbsp;not&nbsp;available,96.6
862908.BMS_2461,BMS_2461,annotation&nbsp;not&nbsp;available,96.5
862908.BMS_1393,BMS_1393,annotation&nbsp;not&nbsp;available,96.3
862908.BMS_1098,rplY,50S&nbsp;ribosomal&nbsp;protein&nbsp;L25,96.2
862908.BMS_2920,flgE,annotation&nbsp;not&nbsp;available,96.1
862908.BMS_3041,pfkA,ATP-dependent&nbsp;6-phosphofructokinase,96.1
862908.BMS_1570,BMS_1570,annotation&nbsp;not&nbsp;available,96.0
862908.BMS_0305,psd,annotation&nbsp;not&nbsp;available,96.0
862908.BMS_3230,nagZ,annotation&nbsp;not&nbsp;available,95.9
862908.BMS_1479,mvaD,annotation&nbsp;not&nbsp;available,95.8
862908.BMS_2622,BMS_2622,annotation&nbsp;not&nbsp;available,95.8
862908.BMS_1740,asd,Aspartate-semialdehyde&nbsp;dehydrogenase,95.6
862908.BMS_3235,mreB,annotation&nbsp;not&nbsp;available,95.6
862908.BMS_3105,BMS_3105,annotation&nbsp;not&nbsp;available,95.6
862908.BMS_3020,BMS_3020,annotation&nbsp;not&nbsp;available,95.5
862908.BMS_2435,BMS_2435,Peptidyl-prolyl&nbsp;cis-trans&nbsp;isomerase,95.5
862908.BMS_2030,rpmI,annotation&nbsp;not&nbsp;available,95.5
862908.BMS_0068,ftsA,Cell&nbsp;division&nbsp;protein&nbsp;FtsA,95.5
862908.BMS_0979,hutU,Urocanate&nbsp;hydratase,95.4
862908.BMS_3300,rplD,50S&nbsp;ribosomal&nbsp;protein&nbsp;L4,95.4
862908.BMS_1966,BMS_1966,annotation&nbsp;not&nbsp;available,95.4
862908.BMS_0627,prfA,Peptide&nbsp;chain&nbsp;release&nbsp;factor&nbsp;1,95.4
862908.BMS_2097,BMS_2097,annotation&nbsp;not&nbsp;available,95.3
862908.BMS_3437,atpA,ATP&nbsp;synthase&nbsp;subunit&nbsp;alpha,95.2
862908.BMS_2102,BMS_2102,annotation&nbsp;not&nbsp;available,95.1
862908.BMS_0025,nuoH,NADH-quinone&nbsp;oxidoreductase&nbsp;subunit&nbsp;H,95.1
862908.BMS_0294,BMS_0294,annotation&nbsp;not&nbsp;available,95.1
862908.BMS_3417,BMS_3417,Peptide&nbsp;deformylase,95.0
862908.BMS_0141,rplM,50S&nbsp;ribosomal&nbsp;protein&nbsp;L13,95.0
862908.BMS_2790,BMS_2790,3-oxoacyl-[acyl-carrier-protein]&nbsp;synthase&nbsp;3,95.0
862908.BMS_3379,icmF,Fused&nbsp;isobutyryl-CoA&nbsp;mutase,94.8
862908.BMS_1907,cmk,annotation&nbsp;not&nbsp;available,94.6
862908.BMS_1167,moaD,annotation&nbsp;not&nbsp;available,94.6
862908.BMS_1225,BMS_1225,annotation&nbsp;not&nbsp;available,94.5
862908.BMS_3440,BMS_3440,annotation&nbsp;not&nbsp;available,94.4
862908.BMS_1507,rpsO,30S&nbsp;ribosomal&nbsp;protein&nbsp;S15,94.4
862908.BMS_1042,BMS_1042,annotation&nbsp;not&nbsp;available,94.4
862908.BMS_1091,BMS_1091,annotation&nbsp;not&nbsp;available,94.3
862908.BMS_2502,pyk,annotation&nbsp;not&nbsp;available,94.2
862908.BMS_2670,clpS,ATP-dependent&nbsp;Clp&nbsp;protease&nbsp;adapter&nbsp;protein&nbsp;ClpS,94.2
862908.BMS_0512,modC,annotation&nbsp;not&nbsp;available,93.8
862908.BMS_3289,rplX,50S&nbsp;ribosomal&nbsp;protein&nbsp;L24,93.8
862908.BMS_2632,cheB,Chemotaxis&nbsp;response&nbsp;regulator&nbsp;protein-glutamate&nbsp;methylesterase,93.7
862908.BMS_1081,cheD,annotation&nbsp;not&nbsp;available,93.5
862908.BMS_1538,BMS_1538,annotation&nbsp;not&nbsp;available,93.5
862908.BMS_1991,BMS_1991,annotation&nbsp;not&nbsp;available,93.5
862908.BMS_2250,BMS_2250,annotation&nbsp;not&nbsp;available,93.5
862908.BMS_3087,BMS_3087,Cytokinin&nbsp;riboside&nbsp;5'-monophosphate&nbsp;phosphoribohydrolase,93.4
862908.BMS_3341,ruvC,Crossover&nbsp;junction&nbsp;endodeoxyribonuclease&nbsp;RuvC,93.4
862908.BMS_3396,BMS_3396,annotation&nbsp;not&nbsp;available,93.3
862908.BMS_1206,BMS_1206,annotation&nbsp;not&nbsp;available,93.3
862908.BMS_2186,sucD,Succinate--CoA&nbsp;ligase&nbsp;[ADP-forming]&nbsp;subunit&nbsp;alpha,93.3
862908.BMS_3045,gdhA,annotation&nbsp;not&nbsp;available,93.2
862908.BMS_1240,BMS_1240,Cysteine&nbsp;desulfurase,93.1
862908.BMS_2989,BMS_2989,annotation&nbsp;not&nbsp;available,93.1
862908.BMS_2866,BMS_2866,annotation&nbsp;not&nbsp;available,93.1
862908.BMS_1968,BMS_1968,annotation&nbsp;not&nbsp;available,93.0
862908.BMS_2612,BMS_2612,annotation&nbsp;not&nbsp;available,93.0
862908.BMS_2787,aroK,Shikimate&nbsp;kinase,93.0
862908.BMS_3315,rplK,50S&nbsp;ribosomal&nbsp;protein&nbsp;L11,92.9
862908.BMS_2793,acpP,Acyl&nbsp;carrier&nbsp;protein,92.6
862908.BMS_0731,BMS_0731,annotation&nbsp;not&nbsp;available,92.6
862908.BMS_3301,rplC,50S&nbsp;ribosomal&nbsp;protein&nbsp;L3,92.6
862908.BMS_1164,BMS_1164,annotation&nbsp;not&nbsp;available,92.4
862908.BMS_3208,BMS_3208,annotation&nbsp;not&nbsp;available,92.4
862908.BMS_3439,atpF,ATP&nbsp;synthase&nbsp;subunit&nbsp;b,92.3
862908.BMS_1184,esd,S-formylglutathione&nbsp;hydrolase,92.3
862908.BMS_2692,aspC,annotation&nbsp;not&nbsp;available,92.0
862908.BMS_1486,BMS_1486,annotation&nbsp;not&nbsp;available,91.8
862908.BMS_1774,BMS_1774,annotation&nbsp;not&nbsp;available,91.8
862908.BMS_2144,tatA,Sec-independent&nbsp;protein&nbsp;translocase&nbsp;protein&nbsp;TatA,91.7
862908.BMS_0246,hisC,annotation&nbsp;not&nbsp;available,91.5
862908.BMS_0579,lpxD,annotation&nbsp;not&nbsp;available,91.5
862908.BMS_0330,rmlB,annotation&nbsp;not&nbsp;available,91.3
862908.BMS_2020,tal,Probable&nbsp;transaldolase,91.2
862908.BMS_0280,groS,10&nbsp;kDa&nbsp;chaperonin,91.0
862908.BMS_3359,flgK,annotation&nbsp;not&nbsp;available,90.9
862908.BMS_1678,BMS_1678,annotation&nbsp;not&nbsp;available,90.9
862908.BMS_0387,BMS_0387,annotation&nbsp;not&nbsp;available,90.9
862908.BMS_0105,mutS2,Endonuclease&nbsp;MutS2,90.9
862908.BMS_0086,nadK,NAD&nbsp;kinase,90.8
862908.BMS_0001,dnaA,Chromosomal&nbsp;replication&nbsp;initiator&nbsp;protein&nbsp;DnaA,90.7
862908.BMS_2770,bcd,annotation&nbsp;not&nbsp;available,90.7
862908.BMS_2384,pstS,Phosphate-binding&nbsp;protein&nbsp;PstS,90.7
862908.BMS_2981,rpmA,annotation&nbsp;not&nbsp;available,90.7
862908.BMS_2638,BMS_2638,annotation&nbsp;not&nbsp;available,90.4
862908.BMS_1290,BMS_1290,annotation&nbsp;not&nbsp;available,90.4
862908.BMS_2856,xdhB,annotation&nbsp;not&nbsp;available,90.4
862908.BMS_2826,BMS_2826,annotation&nbsp;not&nbsp;available,90.1
862908.BMS_2863,fadD,annotation&nbsp;not&nbsp;available,90.1
862908.BMS_1866,thrS,Threonine--tRNA&nbsp;ligase,90.0
862908.BMS_1619,BMS_1619,Putative&nbsp;hemagglutinin/hemolysin&nbsp;protein,89.8
862908.BMS_3181,ldh,annotation&nbsp;not&nbsp;available,89.8
862908.BMS_1998,BMS_1998,annotation&nbsp;not&nbsp;available,89.8
862908.BMS_1492,secA,Protein&nbsp;translocase&nbsp;subunit&nbsp;SecA,89.8
862908.BMS_0042,asnB,annotation&nbsp;not&nbsp;available,89.7
862908.BMS_0436,BMS_0436,annotation&nbsp;not&nbsp;available,89.6
862908.BMS_1745,dapA,4-hydroxy-tetrahydrodipicolinate&nbsp;synthase,89.5
862908.BMS_0014,ribE,annotation&nbsp;not&nbsp;available,89.4
862908.BMS_3434,atpC,ATP&nbsp;synthase&nbsp;epsilon&nbsp;chain,89.2
862908.BMS_1736,BMS_1736,annotation&nbsp;not&nbsp;available,89.2
862908.BMS_1074,BMS_1074,annotation&nbsp;not&nbsp;available,89.1
862908.BMS_2709,pabB,annotation&nbsp;not&nbsp;available,89.0
862908.BMS_0281,groL,60&nbsp;kDa&nbsp;chaperonin,88.9
862908.BMS_2385,pstC,Phosphate&nbsp;transport&nbsp;system&nbsp;permease&nbsp;protein,88.9
862908.BMS_2294,dat,annotation&nbsp;not&nbsp;available,88.9
862908.BMS_2754,mutL,annotation&nbsp;not&nbsp;available,88.8
862908.BMS_3293,rpmC,annotation&nbsp;not&nbsp;available,88.8
862908.BMS_2256,lpdA,annotation&nbsp;not&nbsp;available,88.7
862908.BMS_1644,eno,Enolase,88.6
862908.BMS_1872,BMS_1872,annotation&nbsp;not&nbsp;available,88.6
862908.BMS_1309,BMS_1309,annotation&nbsp;not&nbsp;available,88.2
862908.BMS_1450,BMS_1450,Putative&nbsp;betaine&nbsp;aldehyde&nbsp;dehydrogenase,88.2
862908.BMS_1546,glpX,annotation&nbsp;not&nbsp;available,88.2
862908.BMS_3011,BMS_3011,annotation&nbsp;not&nbsp;available,88.1
862908.BMS_2284,BMS_2284,annotation&nbsp;not&nbsp;available,88.0
862908.BMS_0199,BMS_0199,annotation&nbsp;not&nbsp;available,87.9
862908.BMS_1735,BMS_1735,Uncharacterized&nbsp;protein,87.9
862908.BMS_2789,rpmF,annotation&nbsp;not&nbsp;available,87.8
862908.BMS_1303,BMS_1303,annotation&nbsp;not&nbsp;available,87.8
862908.BMS_0424,BMS_0424,annotation&nbsp;not&nbsp;available,87.8
862908.BMS_1827,BMS_1827,annotation&nbsp;not&nbsp;available,87.7
862908.BMS_2926,fliI,annotation&nbsp;not&nbsp;available,87.7
862908.BMS_2072,BMS_2072,annotation&nbsp;not&nbsp;available,87.6
862908.BMS_1018,gltA,annotation&nbsp;not&nbsp;available,87.5
862908.BMS_1478,BMS_1478,annotation&nbsp;not&nbsp;available,87.5
862908.BMS_2558,nuoI,annotation&nbsp;not&nbsp;available,87.5
862908.BMS_1980,BMS_1980,annotation&nbsp;not&nbsp;available,87.3
862908.BMS_2585,topA,DNA&nbsp;topoisomerase&nbsp;1,87.3
862908.BMS_2967,BMS_2967,annotation&nbsp;not&nbsp;available,87.2
862908.BMS_3002,BMS_3002,annotation&nbsp;not&nbsp;available,87.2
862908.BMS_1684,folA,annotation&nbsp;not&nbsp;available,87.2
862908.BMS_1884,accD,Acetyl-coenzyme&nbsp;A&nbsp;carboxylase&nbsp;carboxyl&nbsp;transferase&nbsp;subunit&nbsp;beta,87.0
862908.BMS_3281,rplO,50S&nbsp;ribosomal&nbsp;protein&nbsp;L15,87.0
862908.BMS_3407,prs,Ribose-phosphate&nbsp;pyrophosphokinase,86.9
862908.BMS_3178,pdhAB,"Putative&nbsp;pyruvate&nbsp;(Oxoisovalerate)&nbsp;Dehydrogenase,&nbsp;alpha-beta&nbsp;fusion",86.8
862908.BMS_2061,BMS_2061,annotation&nbsp;not&nbsp;available,86.8
862908.BMS_1024,BMS_1024,annotation&nbsp;not&nbsp;available,86.7
862908.BMS_1483,BMS_1483,annotation&nbsp;not&nbsp;available,86.6
862908.BMS_3243,dnaK,Chaperone&nbsp;protein&nbsp;DnaK,86.5
862908.BMS_3302,rpsJ,30S&nbsp;ribosomal&nbsp;protein&nbsp;S10,86.4
862908.BMS_0988,BMS_0988,annotation&nbsp;not&nbsp;available,86.4
862908.BMS_1017,pyrE,Orotate&nbsp;phosphoribosyltransferase,86.3
862908.BMS_2854,BMS_2854,annotation&nbsp;not&nbsp;available,86.3
862908.BMS_0397,BMS_0397,annotation&nbsp;not&nbsp;available,86.0
862908.BMS_1279,BMS_1279,annotation&nbsp;not&nbsp;available,86.0
862908.BMS_1431,BMS_1431,annotation&nbsp;not&nbsp;available,85.8
862908.BMS_1441,BMS_1441,annotation&nbsp;not&nbsp;available,85.8
862908.BMS_2884,pgk,annotation&nbsp;not&nbsp;available,85.8
862908.BMS_2079,BMS_2079,annotation&nbsp;not&nbsp;available,85.7
862908.BMS_1157,BMS_1157,annotation&nbsp;not&nbsp;available,85.6
862908.BMS_0791,BMS_0791,annotation&nbsp;not&nbsp;available,85.6
862908.BMS_3270,BMS_3270,annotation&nbsp;not&nbsp;available,85.6
862908.BMS_3012,metC,annotation&nbsp;not&nbsp;available,85.5
862908.BMS_2675,BMS_2675,annotation&nbsp;not&nbsp;available,85.5
862908.BMS_2466,BMS_2466,annotation&nbsp;not&nbsp;available,85.4
862908.BMS_0230,tsf,Elongation&nbsp;factor&nbsp;Ts,85.3
862908.BMS_2699,motB,annotation&nbsp;not&nbsp;available,85.3
862908.BMS_0237,BMS_0237,annotation&nbsp;not&nbsp;available,85.3
862908.BMS_3330,BMS_3330,annotation&nbsp;not&nbsp;available,85.1
862908.BMS_1606,purL,Phosphoribosylformylglycinamidine&nbsp;synthase&nbsp;subunit&nbsp;PurL,85.1
862908.BMS_1376,BMS_1376,Chromosomal&nbsp;replication&nbsp;initiator&nbsp;protein&nbsp;DnaA,85.1
862908.BMS_0475,BMS_0475,annotation&nbsp;not&nbsp;available,84.8
862908.BMS_2196,BMS_2196,annotation&nbsp;not&nbsp;available,84.8
862908.BMS_1937,pyrB,annotation&nbsp;not&nbsp;available,84.7
862908.BMS_1310,BMS_1310,annotation&nbsp;not&nbsp;available,84.7
862908.BMS_3364,BMS_3364,annotation&nbsp;not&nbsp;available,84.7
862908.BMS_2721,BMS_2721,annotation&nbsp;not&nbsp;available,84.6
862908.BMS_0666,BMS_0666,annotation&nbsp;not&nbsp;available,84.6
862908.BMS_2637,cheA,annotation&nbsp;not&nbsp;available,84.6
862908.BMS_0009,atpB,ATP&nbsp;synthase&nbsp;subunit&nbsp;a,84.5
862908.BMS_3312,rplL,50S&nbsp;ribosomal&nbsp;protein&nbsp;L7/L12,84.5
862908.BMS_2700,motA,annotation&nbsp;not&nbsp;available,84.4
862908.BMS_2375,dppB,annotation&nbsp;not&nbsp;available,84.4
862908.BMS_1082,BMS_1082,annotation&nbsp;not&nbsp;available,84.4
862908.BMS_0075,BMS_0075,annotation&nbsp;not&nbsp;available,84.2
862908.BMS_1767,BMS_1767,annotation&nbsp;not&nbsp;available,84.2
862908.BMS_1676,BMS_1676,annotation&nbsp;not&nbsp;available,84.1
862908.BMS_0587,rpsA,30S&nbsp;ribosomal&nbsp;protein&nbsp;S1,84.1
862908.BMS_3151,BMS_3151,annotation&nbsp;not&nbsp;available,84.0
862908.BMS_3268,BMS_3268,annotation&nbsp;not&nbsp;available,84.0
862908.BMS_0360,hisH,Imidazole&nbsp;glycerol&nbsp;phosphate&nbsp;synthase&nbsp;subunit&nbsp;HisH,83.9
862908.BMS_0821,BMS_0821,annotation&nbsp;not&nbsp;available,83.9
862908.BMS_3205,BMS_3205,annotation&nbsp;not&nbsp;available,83.9
862908.BMS_1960,phnC,Phosphonates&nbsp;import&nbsp;ATP-binding&nbsp;protein&nbsp;PhnC,83.9
862908.BMS_0720,gpo,annotation&nbsp;not&nbsp;available,83.9
862908.BMS_1868,BMS_1868,annotation&nbsp;not&nbsp;available,83.6
862908.BMS_1029,BMS_1029,annotation&nbsp;not&nbsp;available,83.6
862908.BMS_3277,rpmJ,annotation&nbsp;not&nbsp;available,83.6
862908.BMS_1182,BMS_1182,annotation&nbsp;not&nbsp;available,83.6
862908.BMS_0013,ribD,Riboflavin&nbsp;biosynthesis&nbsp;protein&nbsp;RibD,83.4
862908.BMS_2795,glyA,Serine&nbsp;hydroxymethyltransferase,83.4
862908.BMS_0398,BMS_0398,annotation&nbsp;not&nbsp;available,83.3
862908.BMS_0535,BMS_0535,annotation&nbsp;not&nbsp;available,83.2
862908.BMS_2993,BMS_2993,annotation&nbsp;not&nbsp;available,83.1
862908.BMS_1278,htpG,annotation&nbsp;not&nbsp;available,83.0
862908.BMS_2693,BMS_2693,annotation&nbsp;not&nbsp;available,83.0
862908.BMS_0378,BMS_0378,annotation&nbsp;not&nbsp;available,82.9
862908.BMS_0104,sipS,annotation&nbsp;not&nbsp;available,82.9
862908.BMS_3280,secY,Protein&nbsp;translocase&nbsp;subunit&nbsp;SecY,82.9
862908.BMS_1301,BMS_1301,annotation&nbsp;not&nbsp;available,82.8
862908.BMS_2791,fabD,annotation&nbsp;not&nbsp;available,82.7
862908.BMS_2783,BMS_2783,annotation&nbsp;not&nbsp;available,82.6
862908.BMS_0936,BMS_0936,annotation&nbsp;not&nbsp;available,82.5
862908.BMS_0200,BMS_0200,annotation&nbsp;not&nbsp;available,82.4
862908.BMS_3150,BMS_3150,Transketolase&nbsp;C-terminal&nbsp;subunit,82.4
862908.BMS_2534,pyrG,CTP&nbsp;synthase,82.3
862908.BMS_3352,flgG,annotation&nbsp;not&nbsp;available,82.2
862908.BMS_0557,fliN,annotation&nbsp;not&nbsp;available,82.1
862908.BMS_3450,rpmH,annotation&nbsp;not&nbsp;available,82.1
862908.BMS_2062,BMS_2062,annotation&nbsp;not&nbsp;available,82.0
862908.BMS_3196,ftsY,annotation&nbsp;not&nbsp;available,82.0
862908.BMS_0405,dnaG,DNA&nbsp;primase,82.0
862908.BMS_1679,BMS_1679,annotation&nbsp;not&nbsp;available,81.9
862908.BMS_0155,recA,Protein&nbsp;RecA,81.9
862908.BMS_1860,infB,Translation&nbsp;initiation&nbsp;factor&nbsp;IF-2,81.9
862908.BMS_1331,BMS_1331,annotation&nbsp;not&nbsp;available,81.8
862908.BMS_1079,BMS_1079,annotation&nbsp;not&nbsp;available,81.8
862908.BMS_1402,BMS_1402,annotation&nbsp;not&nbsp;available,81.8
862908.BMS_3436,atpG,ATP&nbsp;synthase&nbsp;gamma&nbsp;chain,81.8
862908.BMS_2598,BMS_2598,annotation&nbsp;not&nbsp;available,81.8
862908.BMS_0577,BMS_0577,annotation&nbsp;not&nbsp;available,81.6
862908.BMS_3314,rplA,50S&nbsp;ribosomal&nbsp;protein&nbsp;L1,81.5
862908.BMS_0961,tdcB,annotation&nbsp;not&nbsp;available,81.4
862908.BMS_2673,BMS_2673,annotation&nbsp;not&nbsp;available,81.0
862908.BMS_3351,flgG2,annotation&nbsp;not&nbsp;available,81.0
862908.BMS_0220,ctaD,annotation&nbsp;not&nbsp;available,80.9
862908.BMS_0148,rpoZ,DNA-directed&nbsp;RNA&nbsp;polymerase&nbsp;subunit&nbsp;omega,80.9
862908.BMS_1572,secD,Protein&nbsp;translocase&nbsp;subunit&nbsp;SecD,80.8
862908.BMS_1327,BMS_1327,3-oxoacyl-[acyl-carrier-protein]&nbsp;synthase&nbsp;3,80.7
862908.BMS_1203,BMS_1203,annotation&nbsp;not&nbsp;available,80.7
862908.BMS_0880,katB,annotation&nbsp;not&nbsp;available,80.6
862908.BMS_0619,BMS_0619,annotation&nbsp;not&nbsp;available,80.5
862908.BMS_2691,BMS_2691,annotation&nbsp;not&nbsp;available,80.3
862908.BMS_1607,purQ,annotation&nbsp;not&nbsp;available,80.3
862908.BMS_3236,BMS_3236,annotation&nbsp;not&nbsp;available,80.2
862908.BMS_2627,BMS_2627,annotation&nbsp;not&nbsp;available,80.2
862908.BMS_0837,BMS_0837,annotation&nbsp;not&nbsp;available,80.1
862908.BMS_2496,BMS_2496,annotation&nbsp;not&nbsp;available,80.1
862908.BMS_1920,BMS_1920,annotation&nbsp;not&nbsp;available,80.1
862908.BMS_1940,pyrF,Orotidine&nbsp;5'-phosphate&nbsp;decarboxylase,80.0
862908.BMS_3343,folD,Bifunctional&nbsp;protein&nbsp;FolD,80.0
862908.BMS_1244,BMS_1244,annotation&nbsp;not&nbsp;available,79.8
862908.BMS_0030,nuoN,NADH-quinone&nbsp;oxidoreductase&nbsp;subunit&nbsp;N,79.6
862908.BMS_0219,BMS_0219,annotation&nbsp;not&nbsp;available,79.6
862908.BMS_2568,BMS_2568,annotation&nbsp;not&nbsp;available,79.4
862908.BMS_2055,fabI,annotation&nbsp;not&nbsp;available,79.3
862908.BMS_0566,BMS_0566,RNA&nbsp;polymerase&nbsp;sigma&nbsp;factor,79.1
862908.BMS_0503,BMS_0503,annotation&nbsp;not&nbsp;available,79.1
862908.BMS_0207,BMS_0207,annotation&nbsp;not&nbsp;available,79.1
862908.BMS_2550,BMS_2550,annotation&nbsp;not&nbsp;available,79.0
862908.BMS_2929,fliF,Flagellar&nbsp;M-ring&nbsp;protein,78.9
862908.BMS_1861,nusA,Transcription&nbsp;termination/antitermination&nbsp;protein&nbsp;NusA,78.7
862908.BMS_1337,BMS_1337,annotation&nbsp;not&nbsp;available,78.7
862908.BMS_0015,ribBA,Riboflavin&nbsp;biosynthesis&nbsp;protein&nbsp;RibBA,78.7
862908.BMS_2170,BMS_2170,annotation&nbsp;not&nbsp;available,78.7
862908.BMS_1865,BMS_1865,annotation&nbsp;not&nbsp;available,78.5
862908.BMS_1913,BMS_1913,annotation&nbsp;not&nbsp;available,78.5
862908.BMS_2792,BMS_2792,annotation&nbsp;not&nbsp;available,78.4
862908.BMS_3362,fliW,Flagellar&nbsp;assembly&nbsp;factor&nbsp;FliW,78.3
862908.BMS_0277,polA,DNA&nbsp;polymerase&nbsp;I,78.3
862908.BMS_2386,pstA,annotation&nbsp;not&nbsp;available,78.2
862908.BMS_1999,BMS_1999,annotation&nbsp;not&nbsp;available,78.1
862908.BMS_1335,BMS_1335,annotation&nbsp;not&nbsp;available,78.0
862908.BMS_0510,modA,annotation&nbsp;not&nbsp;available,78.0
862908.BMS_0404,rpoD,RNA&nbsp;polymerase&nbsp;sigma&nbsp;factor&nbsp;RpoD,78.0
862908.BMS_0467,BMS_0467,annotation&nbsp;not&nbsp;available,77.9
862908.BMS_1021,rpmE2,annotation&nbsp;not&nbsp;available,77.9
862908.BMS_3030,BMS_3030,annotation&nbsp;not&nbsp;available,77.8
862908.BMS_1057,BMS_1057,annotation&nbsp;not&nbsp;available,77.8
862908.BMS_3317,BMS_3317,annotation&nbsp;not&nbsp;available,77.7
862908.BMS_1304,BMS_1304,annotation&nbsp;not&nbsp;available,77.7
862908.BMS_1185,BMS_1185,annotation&nbsp;not&nbsp;available,77.6
862908.BMS_3428,ligA,DNA&nbsp;ligase,77.6
862908.BMS_1151,BMS_1151,annotation&nbsp;not&nbsp;available,77.5
862908.BMS_0267,BMS_0267,annotation&nbsp;not&nbsp;available,77.5
862908.BMS_3380,BMS_3380,annotation&nbsp;not&nbsp;available,77.4
862908.BMS_2118,BMS_2118,annotation&nbsp;not&nbsp;available,77.4
862908.BMS_2029,rplT,50S&nbsp;ribosomal&nbsp;protein&nbsp;L20,77.3
862908.BMS_2060,proC,Pyrroline-5-carboxylate&nbsp;reductase,77.2
862908.BMS_0059,ftsI,annotation&nbsp;not&nbsp;available,77.1
862908.BMS_3250,BMS_3250,annotation&nbsp;not&nbsp;available,77.0
862908.BMS_1144,BMS_1144,annotation&nbsp;not&nbsp;available,77.0
862908.BMS_1023,rpmG,annotation&nbsp;not&nbsp;available,77.0
862908.BMS_1894,rplS,50S&nbsp;ribosomal&nbsp;protein&nbsp;L19,77.0
862908.BMS_2432,srkA,Stress&nbsp;response&nbsp;kinase&nbsp;A,76.9
862908.BMS_1877,BMS_1877,annotation&nbsp;not&nbsp;available,76.6
862908.BMS_1433,BMS_1433,annotation&nbsp;not&nbsp;available,76.6
862908.BMS_2850,BMS_2850,annotation&nbsp;not&nbsp;available,76.5
862908.BMS_2669,clpA,annotation&nbsp;not&nbsp;available,76.4
862908.BMS_2409,thiI,Probable&nbsp;tRNA&nbsp;sulfurtransferase,76.4
862908.BMS_3052,nifS,annotation&nbsp;not&nbsp;available,76.4
862908.BMS_0143,BMS_0143,annotation&nbsp;not&nbsp;available,76.4
862908.BMS_1821,fadB,annotation&nbsp;not&nbsp;available,76.4
862908.BMS_2614,BMS_2614,annotation&nbsp;not&nbsp;available,76.4
862908.BMS_3023,BMS_3023,annotation&nbsp;not&nbsp;available,76.4
862908.BMS_3299,rplW,50S&nbsp;ribosomal&nbsp;protein&nbsp;L23,76.3
862908.BMS_3339,ruvB,Holliday&nbsp;junction&nbsp;ATP-dependent&nbsp;DNA&nbsp;helicase&nbsp;RuvB,76.2
862908.BMS_3284,rplR,50S&nbsp;ribosomal&nbsp;protein&nbsp;L18,76.2
862908.BMS_1700,BMS_1700,annotation&nbsp;not&nbsp;available,76.2
862908.BMS_2376,dppC,annotation&nbsp;not&nbsp;available,76.1
862908.BMS_2723,xseA,Exodeoxyribonuclease&nbsp;7&nbsp;large&nbsp;subunit,76.1
862908.BMS_0599,BMS_0599,annotation&nbsp;not&nbsp;available,76.1
862908.BMS_0473,BMS_0473,annotation&nbsp;not&nbsp;available,76.1
862908.BMS_0819,hmuT,annotation&nbsp;not&nbsp;available,76.0
862908.BMS_0170,BMS_0170,annotation&nbsp;not&nbsp;available,76.0
862908.BMS_1822,BMS_1822,annotation&nbsp;not&nbsp;available,76.0
862908.BMS_1363,BMS_1363,annotation&nbsp;not&nbsp;available,76.0
862908.BMS_0526,iucC,annotation&nbsp;not&nbsp;available,76.0
862908.BMS_1603,purC,annotation&nbsp;not&nbsp;available,75.8
862908.BMS_0361,hisF,Imidazole&nbsp;glycerol&nbsp;phosphate&nbsp;synthase&nbsp;subunit,75.8
862908.BMS_2713,BMS_2713,annotation&nbsp;not&nbsp;available,75.8
862908.BMS_2753,BMS_2753,annotation&nbsp;not&nbsp;available,75.7
862908.BMS_1399,BMS_1399,annotation&nbsp;not&nbsp;available,75.7
862908.BMS_3313,rplJ,50S&nbsp;ribosomal&nbsp;protein&nbsp;L10,75.6
862908.BMS_0934,metG,annotation&nbsp;not&nbsp;available,75.6
862908.BMS_1772,BMS_1772,annotation&nbsp;not&nbsp;available,75.6
862908.BMS_1650,dinB,DNA&nbsp;polymerase&nbsp;IV,75.6
862908.BMS_1817,BMS_1817,annotation&nbsp;not&nbsp;available,75.5
862908.BMS_1776,BMS_1776,annotation&nbsp;not&nbsp;available,75.5
862908.BMS_0274,gmhA,Phosphoheptose&nbsp;isomerase,75.4
862908.BMS_2732,BMS_2732,annotation&nbsp;not&nbsp;available,75.4
862908.BMS_1787,BMS_1787,annotation&nbsp;not&nbsp;available,75.3
862908.BMS_1476,BMS_1476,annotation&nbsp;not&nbsp;available,75.3
862908.BMS_2781,BMS_2781,annotation&nbsp;not&nbsp;available,75.3
862908.BMS_2943,ppdK,annotation&nbsp;not&nbsp;available,75.2
862908.BMS_3398,etfA,annotation&nbsp;not&nbsp;available,75.1
862908.BMS_1312,nadE,Glutamine-dependent&nbsp;NAD(+)&nbsp;synthetase,75.0
862908.BMS_3285,rplF,50S&nbsp;ribosomal&nbsp;protein&nbsp;L6,75.0
862908.BMS_3292,rpsQ,30S&nbsp;ribosomal&nbsp;protein&nbsp;S17,75.0
862908.BMS_1879,surE,5'-nucleotidase&nbsp;SurE,75.0
862908.BMS_0491,gmk,Guanylate&nbsp;kinase,74.9
862908.BMS_3297,rpsS,30S&nbsp;ribosomal&nbsp;protein&nbsp;S19,74.6
862908.BMS_2649,BMS_2649,annotation&nbsp;not&nbsp;available,74.5
862908.BMS_2155,ffh,Signal&nbsp;recognition&nbsp;particle&nbsp;protein,74.2
862908.BMS_2794,fabF,3-oxoacyl-[acyl-carrier-protein]&nbsp;synthase&nbsp;2,74.2
862908.BMS_0211,ctaE,annotation&nbsp;not&nbsp;available,74.2
862908.BMS_3276,rpsM,30S&nbsp;ribosomal&nbsp;protein&nbsp;S13,74.1
862908.BMS_1890,BMS_1890,annotation&nbsp;not&nbsp;available,74.0
862908.BMS_1608,purH,annotation&nbsp;not&nbsp;available,73.9
862908.BMS_2119,BMS_2119,annotation&nbsp;not&nbsp;available,73.9
862908.BMS_1820,BMS_1820,annotation&nbsp;not&nbsp;available,73.8
862908.BMS_2528,gpsA,annotation&nbsp;not&nbsp;available,73.7
862908.BMS_2128,BMS_2128,annotation&nbsp;not&nbsp;available,73.5
862908.BMS_1915,trmU,tRNA-specific&nbsp;2-thiouridylase&nbsp;MnmA,73.5
862908.BMS_2677,mutS,DNA&nbsp;mismatch&nbsp;repair&nbsp;protein&nbsp;MutS,73.3
862908.BMS_2388,phoU,Phosphate-specific&nbsp;transport&nbsp;system&nbsp;accessory&nbsp;protein&nbsp;PhoU,73.2
862908.BMS_3305,tuf1,annotation&nbsp;not&nbsp;available,73.2
862908.BMS_0612,suhB,annotation&nbsp;not&nbsp;available,73.2
862908.BMS_2799,BMS_2799,Transcription&nbsp;antitermination&nbsp;protein&nbsp;NusB,73.2
862908.BMS_2640,clpX,ATP-dependent&nbsp;Clp&nbsp;protease&nbsp;ATP-binding&nbsp;subunit&nbsp;ClpX,73.1
862908.BMS_0474,BMS_0474,annotation&nbsp;not&nbsp;available,73.0
862908.BMS_2523,guaB,Inosine-5'-monophosphate&nbsp;dehydrogenase,73.0
862908.BMS_3144,BMS_3144,annotation&nbsp;not&nbsp;available,72.9
862908.BMS_1747,BMS_1747,annotation&nbsp;not&nbsp;available,72.9
862908.BMS_3350,xseB,Exodeoxyribonuclease&nbsp;7&nbsp;small&nbsp;subunit,72.8
862908.BMS_3446,mnmE,tRNA&nbsp;modification&nbsp;GTPase&nbsp;MnmE,72.8
862908.BMS_0337,BMS_0337,annotation&nbsp;not&nbsp;available,72.8
862908.BMS_2782,BMS_2782,annotation&nbsp;not&nbsp;available,72.6
862908.BMS_0497,maeB,annotation&nbsp;not&nbsp;available,72.4
862908.BMS_3438,atpH,ATP&nbsp;synthase&nbsp;subunit&nbsp;delta,72.4
862908.BMS_0546,uvrC,UvrABC&nbsp;system&nbsp;protein&nbsp;C,72.4
862908.BMS_0856,BMS_0856,Polyamine&nbsp;aminopropyltransferase,72.4
862908.BMS_0987,acs,Acetyl-coenzyme&nbsp;A&nbsp;synthetase,72.3
862908.BMS_2299,rpsD,30S&nbsp;ribosomal&nbsp;protein&nbsp;S4,72.3
862908.BMS_0142,rpsI,annotation&nbsp;not&nbsp;available,72.2
862908.BMS_2752,pgi,annotation&nbsp;not&nbsp;available,72.1
862908.BMS_1255,BMS_1255,annotation&nbsp;not&nbsp;available,72.0
862908.BMS_2931,flgC,annotation&nbsp;not&nbsp;available,72.0
862908.BMS_0585,BMS_0585,annotation&nbsp;not&nbsp;available,71.9
862908.BMS_0029,nuoM,annotation&nbsp;not&nbsp;available,71.8
862908.BMS_3383,BMS_3383,annotation&nbsp;not&nbsp;available,71.8
862908.BMS_1033,rpmB,annotation&nbsp;not&nbsp;available,71.8
862908.BMS_0195,pcrA,annotation&nbsp;not&nbsp;available,71.6
862908.BMS_1223,BMS_1223,annotation&nbsp;not&nbsp;available,71.6
862908.BMS_2772,hbdA,annotation&nbsp;not&nbsp;available,71.5
862908.BMS_2258,sucA,annotation&nbsp;not&nbsp;available,71.4
862908.BMS_0580,BMS_0580,annotation&nbsp;not&nbsp;available,71.4
862908.BMS_1305,BMS_1305,annotation&nbsp;not&nbsp;available,71.3
862908.BMS_1796,umuC,annotation&nbsp;not&nbsp;available,71.3
862908.BMS_2711,rplI,50S&nbsp;ribosomal&nbsp;protein&nbsp;L9,71.1
862908.BMS_0651,BMS_0651,annotation&nbsp;not&nbsp;available,71.1
862908.BMS_1903,pheS,annotation&nbsp;not&nbsp;available,71.0
862908.BMS_0208,BMS_0208,annotation&nbsp;not&nbsp;available,70.9
862908.BMS_0139,BMS_0139,annotation&nbsp;not&nbsp;available,70.8
862908.BMS_2393,BMS_2393,annotation&nbsp;not&nbsp;available,70.8
862908.BMS_3408,BMS_3408,annotation&nbsp;not&nbsp;available,70.7
862908.BMS_0857,BMS_0857,annotation&nbsp;not&nbsp;available,70.7
862908.BMS_0028,nuoL,annotation&nbsp;not&nbsp;available,70.5
862908.BMS_2005,BMS_2004,Putative&nbsp;thiolase,70.5
862908.BMS_3296,rplV,50S&nbsp;ribosomal&nbsp;protein&nbsp;L22,70.4
862908.BMS_1845,BMS_1845,annotation&nbsp;not&nbsp;available,70.4
862908.BMS_2153,BMS_2153,annotation&nbsp;not&nbsp;available,70.1
862908.BMS_2486,BMS_2486,annotation&nbsp;not&nbsp;available,69.9
862908.BMS_1361,BMS_1361,annotation&nbsp;not&nbsp;available,69.8
862908.BMS_1411,BMS_1411,annotation&nbsp;not&nbsp;available,69.8
862908.BMS_1168,BMS_1168,annotation&nbsp;not&nbsp;available,69.7
862908.BMS_3287,rpsN,30S&nbsp;ribosomal&nbsp;protein&nbsp;S14,69.7
862908.BMS_1982,BMS_1982,annotation&nbsp;not&nbsp;available,69.6
862908.BMS_2883,gap,annotation&nbsp;not&nbsp;available,69.5
862908.BMS_0002,dnaN,Beta&nbsp;sliding&nbsp;clamp,69.5
862908.BMS_0291,BMS_0291,annotation&nbsp;not&nbsp;available,69.5
862908.BMS_3348,BMS_3348,annotation&nbsp;not&nbsp;available,69.4
862908.BMS_2689,polB,annotation&nbsp;not&nbsp;available,69.3
862908.BMS_2183,lysA,annotation&nbsp;not&nbsp;available,69.3
862908.BMS_1242,BMS_1242,annotation&nbsp;not&nbsp;available,69.2
862908.BMS_0234,cdsA,annotation&nbsp;not&nbsp;available,69.2
862908.BMS_0236,BMS_0236,annotation&nbsp;not&nbsp;available,69.1
862908.BMS_1012,BMS_1012,annotation&nbsp;not&nbsp;available,69.1
862908.BMS_1465,mdh,Malate&nbsp;dehydrogenase,69.1
862908.BMS_3405,ychF,Ribosome-binding&nbsp;ATPase&nbsp;YchF,69.0
862908.BMS_0202,BMS_0202,annotation&nbsp;not&nbsp;available,69.0
862908.BMS_3415,BMS_3415,annotation&nbsp;not&nbsp;available,69.0
862908.BMS_1241,BMS_1241,annotation&nbsp;not&nbsp;available,69.0
862908.BMS_1831,BMS_1831,annotation&nbsp;not&nbsp;available,69.0
862908.BMS_2009,BMS_2009,annotation&nbsp;not&nbsp;available,68.8
862908.BMS_2387,pstB,Phosphate&nbsp;import&nbsp;ATP-binding&nbsp;protein&nbsp;PstB,68.8
862908.BMS_2485,hmpA,annotation&nbsp;not&nbsp;available,68.7
862908.BMS_1852,rnhA,Ribonuclease&nbsp;H,68.7
862908.BMS_1959,BMS_1959,annotation&nbsp;not&nbsp;available,68.7
862908.BMS_2641,clpP,ATP-dependent&nbsp;Clp&nbsp;protease&nbsp;proteolytic&nbsp;subunit,68.6
862908.BMS_0073,BMS_0073,annotation&nbsp;not&nbsp;available,68.6
862908.BMS_1898,fosB,annotation&nbsp;not&nbsp;available,68.6
862908.BMS_1645,BMS_1645,annotation&nbsp;not&nbsp;available,68.5
862908.BMS_2914,BMS_2914,annotation&nbsp;not&nbsp;available,68.5
862908.BMS_1506,rpoH,RNA&nbsp;polymerase&nbsp;sigma&nbsp;factor,68.2
862908.BMS_3278,infA,Translation&nbsp;initiation&nbsp;factor&nbsp;IF-1,68.2
862908.BMS_0656,BMS_0656,Peptidyl-prolyl&nbsp;cis-trans&nbsp;isomerase,68.0
862908.BMS_1535,BMS_1535,annotation&nbsp;not&nbsp;available,68.0
862908.BMS_2187,sucC,Succinate--CoA&nbsp;ligase&nbsp;[ADP-forming]&nbsp;subunit&nbsp;beta,67.9
862908.BMS_1983,scoA,annotation&nbsp;not&nbsp;available,67.9
862908.BMS_0967,BMS_0967,annotation&nbsp;not&nbsp;available,67.9
862908.BMS_2927,fliH,annotation&nbsp;not&nbsp;available,67.9
862908.BMS_1961,BMS_1961,annotation&nbsp;not&nbsp;available,67.7
862908.BMS_0005,gyrA,DNA&nbsp;gyrase&nbsp;subunit&nbsp;A,67.7
862908.BMS_2135,speB,annotation&nbsp;not&nbsp;available,67.5
862908.BMS_1543,BMS_1543,annotation&nbsp;not&nbsp;available,67.4
862908.BMS_1222,fba,annotation&nbsp;not&nbsp;available,67.4
862908.BMS_3130,BMS_3130,annotation&nbsp;not&nbsp;available,67.3
862908.BMS_1178,BMS_1178,annotation&nbsp;not&nbsp;available,67.3
862908.BMS_0738,BMS_0738,annotation&nbsp;not&nbsp;available,67.2
862908.BMS_2832,katY,Catalase-peroxidase,67.1
862908.BMS_1154,BMS_1154,annotation&nbsp;not&nbsp;available,67.1
862908.BMS_1577,ihfB,annotation&nbsp;not&nbsp;available,67.1
862908.BMS_2886,secG,annotation&nbsp;not&nbsp;available,67.0
862908.BMS_1518,BMS_1518,annotation&nbsp;not&nbsp;available,66.9
862908.BMS_2849,BMS_2849,annotation&nbsp;not&nbsp;available,66.9
862908.BMS_2389,BMS_2389,annotation&nbsp;not&nbsp;available,66.8
862908.BMS_2507,BMS_2507,annotation&nbsp;not&nbsp;available,66.8
862908.BMS_3193,rny,Ribonuclease&nbsp;Y,66.8
862908.BMS_0681,BMS_0681,annotation&nbsp;not&nbsp;available,66.8
862908.BMS_1315,BMS_1315,annotation&nbsp;not&nbsp;available,66.7
862908.BMS_2182,uvrB,UvrABC&nbsp;system&nbsp;protein&nbsp;B,66.7
862908.BMS_3244,grpE,Protein&nbsp;GrpE,66.6
862908.BMS_2172,BMS_2172,annotation&nbsp;not&nbsp;available,66.6
862908.BMS_2163,BMS_2163,annotation&nbsp;not&nbsp;available,66.5
862908.BMS_0960,BMS_0960,annotation&nbsp;not&nbsp;available,66.4
862908.BMS_0188,BMS_0188,annotation&nbsp;not&nbsp;available,66.4
862908.BMS_3022,BMS_3022,annotation&nbsp;not&nbsp;available,66.4
862908.BMS_0136,accC,annotation&nbsp;not&nbsp;available,66.2
862908.BMS_3156,aroA,annotation&nbsp;not&nbsp;available,66.0
862908.BMS_1257,ihfA,Integration&nbsp;host&nbsp;factor&nbsp;subunit&nbsp;alpha,66.0
862908.BMS_1212,pepN,annotation&nbsp;not&nbsp;available,65.9
862908.BMS_3273,rplQ,annotation&nbsp;not&nbsp;available,65.9
862908.BMS_2853,BMS_2853,annotation&nbsp;not&nbsp;available,65.8
862908.BMS_0478,BMS_0478,annotation&nbsp;not&nbsp;available,65.8
862908.BMS_0218,ctaB,Protoheme&nbsp;IX&nbsp;farnesyltransferase,65.6
862908.BMS_2339,leuS,annotation&nbsp;not&nbsp;available,65.6
862908.BMS_1143,BMS_1143,annotation&nbsp;not&nbsp;available,65.5
862908.BMS_3275,rpsK,30S&nbsp;ribosomal&nbsp;protein&nbsp;S11,65.5
862908.BMS_0069,ftsZ,Cell&nbsp;division&nbsp;protein&nbsp;FtsZ,65.5
862908.BMS_0329,BMS_0329,annotation&nbsp;not&nbsp;available,65.4
862908.BMS_2710,dnaB,Replicative&nbsp;DNA&nbsp;helicase,65.2
862908.BMS_2347,BMS_2347,annotation&nbsp;not&nbsp;available,65.2
862908.BMS_1031,BMS_1031,annotation&nbsp;not&nbsp;available,65.0
862908.BMS_0222,BMS_0222,annotation&nbsp;not&nbsp;available,65.0
862908.BMS_2561,nuoB,NADH-quinone&nbsp;oxidoreductase&nbsp;subunit&nbsp;B,64.9
862908.BMS_3158,aroC,Chorismate&nbsp;synthase,64.9
862908.BMS_2245,BMS_2245,annotation&nbsp;not&nbsp;available,64.8
862908.BMS_1224,BMS_1224,annotation&nbsp;not&nbsp;available,64.8
862908.BMS_3324,proS,Proline--tRNA&nbsp;ligase,64.8
862908.BMS_1435,BMS_1435,annotation&nbsp;not&nbsp;available,64.7
862908.BMS_0224,BMS_0224,annotation&nbsp;not&nbsp;available,64.7
862908.BMS_2771,crt1,annotation&nbsp;not&nbsp;available,64.7
862908.BMS_2465,BMS_2465,annotation&nbsp;not&nbsp;available,64.6
862908.BMS_1571,BMS_1571,Sec-independent&nbsp;protein&nbsp;translocase&nbsp;protein&nbsp;TatA,64.5
862908.BMS_1743,BMS_1743,annotation&nbsp;not&nbsp;available,64.5
862908.BMS_1986,rep,DNA&nbsp;helicase,64.5
862908.BMS_0314,BMS_0314,annotation&nbsp;not&nbsp;available,64.3
862908.BMS_3269,BMS_3269,annotation&nbsp;not&nbsp;available,64.3
862908.BMS_1620,prfC,Peptide&nbsp;chain&nbsp;release&nbsp;factor&nbsp;3,64.0
862908.BMS_3295,rpsC,30S&nbsp;ribosomal&nbsp;protein&nbsp;S3,63.9
862908.BMS_0292,BMS_0292,annotation&nbsp;not&nbsp;available,63.9
862908.BMS_2131,BMS_2131,Polyamine&nbsp;aminopropyltransferase,63.8
862908.BMS_3420,hutH,annotation&nbsp;not&nbsp;available,63.7
862908.BMS_2246,BMS_2246,annotation&nbsp;not&nbsp;available,63.6
862908.BMS_2765,BMS_2765,annotation&nbsp;not&nbsp;available,63.6
862908.BMS_0680,BMS_0680,annotation&nbsp;not&nbsp;available,63.4
862908.BMS_0556,fliM,annotation&nbsp;not&nbsp;available,63.3
862908.BMS_2378,dppF,annotation&nbsp;not&nbsp;available,63.2
862908.BMS_3309,rpoC,DNA-directed&nbsp;RNA&nbsp;polymerase&nbsp;subunit&nbsp;beta',63.2
862908.BMS_0019,uvrA,UvrABC&nbsp;system&nbsp;protein&nbsp;A,63.2
862908.BMS_1308,BMS_1308,annotation&nbsp;not&nbsp;available,63.2
862908.BMS_3307,rpsG,30S&nbsp;ribosomal&nbsp;protein&nbsp;S7,63.1
862908.BMS_1706,BMS_1706,annotation&nbsp;not&nbsp;available,63.1
862908.BMS_1165,moaA,Molybdenum&nbsp;cofactor&nbsp;biosynthesis&nbsp;protein&nbsp;A,63.1
862908.BMS_0823,fumC,Fumarate&nbsp;hydratase&nbsp;class&nbsp;II,62.9
862908.BMS_2374,dppA,annotation&nbsp;not&nbsp;available,62.8
862908.BMS_1490,BMS_1490,annotation&nbsp;not&nbsp;available,62.6
862908.BMS_1080,cheR,Chemotaxis&nbsp;protein&nbsp;methyltransferase,62.6
862908.BMS_0528,BMS_0528,annotation&nbsp;not&nbsp;available,62.5
862908.BMS_3184,BMS_3184,annotation&nbsp;not&nbsp;available,62.5
862908.BMS_0346,BMS_0346,annotation&nbsp;not&nbsp;available,62.4
862908.BMS_3001,BMS_3001,annotation&nbsp;not&nbsp;available,62.3
862908.BMS_0489,accA,Acetyl-coenzyme&nbsp;A&nbsp;carboxylase&nbsp;carboxyl&nbsp;transferase&nbsp;subunit&nbsp;alpha,62.3
862908.BMS_2773,rpsT,30S&nbsp;ribosomal&nbsp;protein&nbsp;S20,62.3
862908.BMS_0336,BMS_0336,annotation&nbsp;not&nbsp;available,62.2
862908.BMS_2509,ilvE,annotation&nbsp;not&nbsp;available,62.1
862908.BMS_1778,folP,annotation&nbsp;not&nbsp;available,61.7
862908.BMS_0010,atpE,ATP&nbsp;synthase&nbsp;subunit&nbsp;c,61.7
862908.BMS_0027,nuoK,NADH-quinone&nbsp;oxidoreductase&nbsp;subunit&nbsp;K,61.6
862908.BMS_3368,BMS_3368,annotation&nbsp;not&nbsp;available,61.6
862908.BMS_0194,glmS,annotation&nbsp;not&nbsp;available,61.4
862908.BMS_2716,rng,annotation&nbsp;not&nbsp;available,61.3
862908.BMS_0210,BMS_0210,annotation&nbsp;not&nbsp;available,61.3
862908.BMS_3345,gcvH,Glycine&nbsp;cleavage&nbsp;system&nbsp;H&nbsp;protein,61.3
862908.BMS_0198,BMS_0198,annotation&nbsp;not&nbsp;available,61.1
862908.BMS_0437,BMS_0437,annotation&nbsp;not&nbsp;available,61.1
862908.BMS_2016,rnc,Ribonuclease&nbsp;3,61.1
862908.BMS_0897,BMS_0897,annotation&nbsp;not&nbsp;available,60.9
862908.BMS_1370,BMS_1370,annotation&nbsp;not&nbsp;available,60.8
862908.BMS_1843,gcvP,annotation&nbsp;not&nbsp;available,60.8
862908.BMS_2133,BMS_2133,annotation&nbsp;not&nbsp;available,60.8
862908.BMS_0231,pyrH,Uridylate&nbsp;kinase,60.7
862908.BMS_3291,rplN,50S&nbsp;ribosomal&nbsp;protein&nbsp;L14,60.6
862908.BMS_1015,BMS_1015,annotation&nbsp;not&nbsp;available,60.4
862908.BMS_2932,flgB,Flagellar&nbsp;basal&nbsp;body&nbsp;rod&nbsp;protein&nbsp;FlgB,60.4
862908.BMS_2422,acnA,Aconitate&nbsp;hydratase,60.4
862908.BMS_2346,BMS_2346,D-alanine--D-alanine&nbsp;ligase,60.4
862908.BMS_1443,BMS_1443,annotation&nbsp;not&nbsp;available,60.4
862908.BMS_1096,BMS_1096,annotation&nbsp;not&nbsp;available,60.2
862908.BMS_2377,dppD,annotation&nbsp;not&nbsp;available,60.2
862908.BMS_0135,BMS_0135,Biotin&nbsp;carboxyl&nbsp;carrier&nbsp;protein&nbsp;of&nbsp;acetyl-CoA&nbsp;carboxylase,60.1
862908.BMS_2390,BMS_2390,annotation&nbsp;not&nbsp;available,60.1
862908.BMS_1939,BMS_1939,annotation&nbsp;not&nbsp;available,59.9
862908.BMS_2000,echA8,annotation&nbsp;not&nbsp;available,59.9
862908.BMS_0729,pal,annotation&nbsp;not&nbsp;available,59.9
862908.BMS_2227,glnA,annotation&nbsp;not&nbsp;available,59.7
862908.BMS_1695,nrdM,Ribonucleoside-diphosphate&nbsp;reductase&nbsp;subunit&nbsp;beta,59.7
862908.BMS_0693,ileS,Isoleucine--tRNA&nbsp;ligase,59.6
862908.BMS_3448,oxaA,Membrane&nbsp;protein&nbsp;insertase&nbsp;YidC,59.6
862908.BMS_3288,rplE,50S&nbsp;ribosomal&nbsp;protein&nbsp;L5,59.5
862908.BMS_0275,trxA,annotation&nbsp;not&nbsp;available,59.5
862908.BMS_2774,BMS_2774,annotation&nbsp;not&nbsp;available,59.5
862908.BMS_0713,tdk,annotation&nbsp;not&nbsp;available,59.5
862908.BMS_2249,BMS_2249,annotation&nbsp;not&nbsp;available,59.4
862908.BMS_1604,purD,annotation&nbsp;not&nbsp;available,59.2
862908.BMS_3286,rpsH,30S&nbsp;ribosomal&nbsp;protein&nbsp;S8,59.1
862908.BMS_0596,BMS_0596,annotation&nbsp;not&nbsp;available,59.1
862908.BMS_3271,BMS_3271,annotation&nbsp;not&nbsp;available,59.0
862908.BMS_0846,BMS_0846,annotation&nbsp;not&nbsp;available,59.0
862908.BMS_0670,BMS_0670,annotation&nbsp;not&nbsp;available,58.9
862908.BMS_3034,ahcY,Adenosylhomocysteinase,58.9
862908.BMS_0943,BMS_0943,annotation&nbsp;not&nbsp;available,58.9
862908.BMS_0026,nuoJ,annotation&nbsp;not&nbsp;available,58.9
862908.BMS_3249,mutB,annotation&nbsp;not&nbsp;available,58.9
862908.BMS_1407,moeA,annotation&nbsp;not&nbsp;available,58.7
862908.BMS_0514,serA,annotation&nbsp;not&nbsp;available,58.6
862908.BMS_3308,rpsL,30S&nbsp;ribosomal&nbsp;protein&nbsp;S12,58.6
862908.BMS_2560,nuoC,NADH-quinone&nbsp;oxidoreductase&nbsp;subunit&nbsp;C,58.5
862908.BMS_3274,rpoA,DNA-directed&nbsp;RNA&nbsp;polymerase&nbsp;subunit&nbsp;alpha,58.5
862908.BMS_1525,BMS_1525,annotation&nbsp;not&nbsp;available,58.5
862908.BMS_0896,recQ,annotation&nbsp;not&nbsp;available,58.4
862908.BMS_0820,hmuU,annotation&nbsp;not&nbsp;available,58.3
862908.BMS_2969,pepA,Probable&nbsp;cytosol&nbsp;aminopeptidase,58.2
862908.BMS_0149,BMS_0149,annotation&nbsp;not&nbsp;available,58.2
862908.BMS_1694,nrdL,Ribonucleoside-diphosphate&nbsp;reductase,57.8
862908.BMS_3242,dnaJ,Chaperone&nbsp;protein&nbsp;DnaJ,57.8
862908.BMS_1367,BMS_1367,annotation&nbsp;not&nbsp;available,57.5
862908.BMS_1601,purF,Amidophosphoribosyltransferase,57.2
862908.BMS_1768,BMS_1768,annotation&nbsp;not&nbsp;available,57.2
862908.BMS_2937,metK,S-adenosylmethionine&nbsp;synthase,57.2
862908.BMS_0652,engC,Small&nbsp;ribosomal&nbsp;subunit&nbsp;biogenesis&nbsp;GTPase&nbsp;RsgA,57.1
862908.BMS_2518,dnaE,annotation&nbsp;not&nbsp;available,57.1
862908.BMS_1088,BMS_1088,annotation&nbsp;not&nbsp;available,56.9
862908.BMS_1633,BMS_1633,annotation&nbsp;not&nbsp;available,56.9
862908.BMS_2885,tpiA,Triosephosphate&nbsp;isomerase,56.7
862908.BMS_0867,BMS_0867,annotation&nbsp;not&nbsp;available,56.7
862908.BMS_3298,rplB,50S&nbsp;ribosomal&nbsp;protein&nbsp;L2,56.7
862908.BMS_1250,argS,annotation&nbsp;not&nbsp;available,56.7
862908.BMS_1867,ddl,D-alanine--D-alanine&nbsp;ligase,56.6
862908.BMS_3397,etfB,annotation&nbsp;not&nbsp;available,56.6
862908.BMS_3445,gidA,annotation&nbsp;not&nbsp;available,56.6
862908.BMS_3232,oppB_1,annotation&nbsp;not&nbsp;available,56.4
862908.BMS_3225,BMS_3225,annotation&nbsp;not&nbsp;available,56.4
862908.BMS_0293,BMS_0293,annotation&nbsp;not&nbsp;available,56.4
862908.BMS_0671,BMS_0671,annotation&nbsp;not&nbsp;available,56.2
862908.BMS_0511,modB,annotation&nbsp;not&nbsp;available,56.2
862908.BMS_1444,BMS_1444,annotation&nbsp;not&nbsp;available,56.0
862908.BMS_0672,pdhC,annotation&nbsp;not&nbsp;available,56.0
862908.BMS_2674,rpoN,RNA&nbsp;polymerase&nbsp;sigma-54&nbsp;factor,56.0
862908.BMS_1556,BMS_1556,annotation&nbsp;not&nbsp;available,55.9
862908.BMS_0100,BMS_0100,annotation&nbsp;not&nbsp;available,55.9
862908.BMS_1446,BMS_1446,annotation&nbsp;not&nbsp;available,55.8
862908.BMS_0724,gcp,tRNA&nbsp;N6-adenosine&nbsp;threonylcarbamoyltransferase,55.6
862908.BMS_2916,mreC,Cell&nbsp;shape-determining&nbsp;protein&nbsp;MreC,55.6
862908.BMS_1744,BMS_1744,4-hydroxy-tetrahydrodipicolinate&nbsp;reductase,55.5
862908.BMS_1917,BMS_1917,annotation&nbsp;not&nbsp;available,55.5
862908.BMS_3282,rpmD,annotation&nbsp;not&nbsp;available,55.4
862908.BMS_2633,BMS_2633,annotation&nbsp;not&nbsp;available,55.4
862908.BMS_1995,BMS_1995,annotation&nbsp;not&nbsp;available,55.3
862908.BMS_0312,BMS_0312,annotation&nbsp;not&nbsp;available,55.3
862908.BMS_1699,acyII,annotation&nbsp;not&nbsp;available,55.3
862908.BMS_1870,BMS_1870,annotation&nbsp;not&nbsp;available,55.2
862908.BMS_1902,pheT,annotation&nbsp;not&nbsp;available,55.1
862908.BMS_1888,BMS_1888,annotation&nbsp;not&nbsp;available,55.1
862908.BMS_3357,flgM,annotation&nbsp;not&nbsp;available,55.0
862908.BMS_2044,hemE,annotation&nbsp;not&nbsp;available,55.0
862908.BMS_2251,BMS_2251,annotation&nbsp;not&nbsp;available,54.9
862908.BMS_1971,uppP,Undecaprenyl-diphosphatase,54.8
862908.BMS_1283,BMS_1283,annotation&nbsp;not&nbsp;available,54.7
862908.BMS_2185,ndk,Nucleoside&nbsp;diphosphate&nbsp;kinase,54.7
862908.BMS_2731,BMS_2731,annotation&nbsp;not&nbsp;available,54.7
862908.BMS_0221,BMS_0221,annotation&nbsp;not&nbsp;available,54.6
862908.BMS_2764,BMS_2764,annotation&nbsp;not&nbsp;available,54.6
862908.BMS_3231,BMS_3231,annotation&nbsp;not&nbsp;available,54.5
862908.BMS_2857,xdhA,annotation&nbsp;not&nbsp;available,54.5
862908.BMS_2383,ggt,annotation&nbsp;not&nbsp;available,54.4
862908.BMS_2846,BMS_2846,annotation&nbsp;not&nbsp;available,54.2
862908.BMS_0317,BMS_0317,annotation&nbsp;not&nbsp;available,54.1
862908.BMS_1181,glsA,annotation&nbsp;not&nbsp;available,54.1
862908.BMS_2410,iscS,annotation&nbsp;not&nbsp;available,54.1
862908.BMS_2225,BMS_2225,UDP-N-acetylmuramoylalanine--D-glutamate&nbsp;ligase,54.1
862908.BMS_0544,BMS_0544,annotation&nbsp;not&nbsp;available,54.0
862908.BMS_0668,BMS_0668,annotation&nbsp;not&nbsp;available,53.7
862908.BMS_2559,nuoD,NADH-quinone&nbsp;oxidoreductase&nbsp;subunit&nbsp;D,53.7
862908.BMS_2148,rpsP,annotation&nbsp;not&nbsp;available,53.6
862908.BMS_1683,thyA,Thymidylate&nbsp;synthase,53.6
862908.BMS_0395,BMS_0395,annotation&nbsp;not&nbsp;available,53.6
862908.BMS_0217,BMS_0217,annotation&nbsp;not&nbsp;available,53.6
862908.BMS_2495,BMS_2495,annotation&nbsp;not&nbsp;available,53.6
862908.BMS_2634,BMS_2634,annotation&nbsp;not&nbsp;available,53.5
862908.BMS_0392,BMS_0392,annotation&nbsp;not&nbsp;available,53.5
862908.BMS_1677,BMS_1677,annotation&nbsp;not&nbsp;available,53.4
862908.BMS_0492,relA,Putative&nbsp;GTP&nbsp;pyrophosphokinase,53.1
862908.BMS_1649,BMS_1649,Putative&nbsp;AMP-binding&nbsp;hydrolase&nbsp;enzyme,53.0
862908.BMS_2522,guaA,GMP&nbsp;synthase&nbsp;[glutamine-hydrolyzing],53.0
862908.BMS_0232,frr,Ribosome-recycling&nbsp;factor,52.9
862908.BMS_1717,BMS_1717,annotation&nbsp;not&nbsp;available,52.9
862908.BMS_2257,odhB,Dihydrolipoyllysine-residue&nbsp;succinyltransferase&nbsp;component&nbsp;of&nbsp;2-oxoglutarate&nbsp;dehydrogenase&nbsp;complex,52.8
862908.BMS_0054,mglA,annotation&nbsp;not&nbsp;available,52.8
862908.BMS_2694,pheA,annotation&nbsp;not&nbsp;available,52.8
862908.BMS_3256,BMS_3256,annotation&nbsp;not&nbsp;available,52.7
862908.BMS_1166,moaC,Molybdenum&nbsp;cofactor&nbsp;guanylyltransferase,52.6
862908.BMS_2006,BMS_2006,annotation&nbsp;not&nbsp;available,52.5
862908.BMS_2759,BMS_2759,annotation&nbsp;not&nbsp;available,52.5
862908.BMS_1680,BMS_1680,annotation&nbsp;not&nbsp;available,52.2
862908.BMS_0209,BMS_0209,annotation&nbsp;not&nbsp;available,52.2
862908.BMS_0610,BMS_0610,annotation&nbsp;not&nbsp;available,52.1
862908.BMS_1987,BMS_1987,annotation&nbsp;not&nbsp;available,52.1
862908.BMS_0244,BMS_0244,annotation&nbsp;not&nbsp;available,52.1
862908.BMS_3040,gpmI,"2,3-bisphosphoglycerate-independent&nbsp;phosphoglycerate&nbsp;mutase",52.0
862908.BMS_1243,BMS_1243,annotation&nbsp;not&nbsp;available,52.0
862908.BMS_1583,BMS_1583,annotation&nbsp;not&nbsp;available,52.0
862908.BMS_3035,BMS_3035,annotation&nbsp;not&nbsp;available,51.8
862908.BMS_0050,dnaX,DNA&nbsp;polymerase&nbsp;III&nbsp;subunit&nbsp;gamma/tau,51.8
862908.BMS_3344,gcvT,annotation&nbsp;not&nbsp;available,51.8
862908.BMS_3332,BMS_3332,annotation&nbsp;not&nbsp;available,51.7
862908.BMS_0664,BMS_0664,annotation&nbsp;not&nbsp;available,51.6
862908.BMS_3361,csrA,Carbon&nbsp;storage&nbsp;regulator&nbsp;homolog,51.6
862908.BMS_2980,rplU,50S&nbsp;ribosomal&nbsp;protein&nbsp;L21,51.6
862908.BMS_0576,lolD,Lipoprotein-releasing&nbsp;system&nbsp;ATP-binding&nbsp;protein&nbsp;LolD,51.6
862908.BMS_1718,BMS_1718,annotation&nbsp;not&nbsp;available,51.5
862908.BMS_0311,BMS_0311,annotation&nbsp;not&nbsp;available,51.5
862908.BMS_2034,BMS_2034,GMP&nbsp;reductase,51.5
862908.BMS_0597,BMS_0597,annotation&nbsp;not&nbsp;available,51.4
862908.BMS_2636,BMS_2636,annotation&nbsp;not&nbsp;available,51.3
862908.BMS_0024,nuoA,NADH-quinone&nbsp;oxidoreductase&nbsp;subunit&nbsp;A,51.1
862908.BMS_1871,atoD1,annotation&nbsp;not&nbsp;available,51.0
