928210.CALU01000039_gene1814,CALU01000039_gene1814,annotation&nbsp;not&nbsp;available,98.9
928210.CALU01000041_gene1658,CALU01000041_gene1658,annotation&nbsp;not&nbsp;available,98.8
928210.CALU01000019_gene1358,CALU01000019_gene1358,annotation&nbsp;not&nbsp;available,98.8
928210.CALU01000007_gene539,CALU01000007_gene539,annotation&nbsp;not&nbsp;available,98.8
928210.CALU01000019_gene1258,CALU01000019_gene1258,annotation&nbsp;not&nbsp;available,98.5
928210.CALU01000019_gene1285,CALU01000019_gene1285,annotation&nbsp;not&nbsp;available,98.2
928210.CALU01000007_gene621,CALU01000007_gene621,annotation&nbsp;not&nbsp;available,98.1
928210.CALU01000041_gene1639,CALU01000041_gene1639,annotation&nbsp;not&nbsp;available,98.1
928210.CALU01000007_gene559,CALU01000007_gene559,annotation&nbsp;not&nbsp;available,98.0
928210.CALU01000023_gene1100,CALU01000023_gene1100,annotation&nbsp;not&nbsp;available,97.9
928210.CALU01000005_gene965,CALU01000005_gene965,annotation&nbsp;not&nbsp;available,97.8
928210.CALU01000050_gene63,CALU01000050_gene63,annotation&nbsp;not&nbsp;available,97.8
928210.CALU01000041_gene1653,CALU01000041_gene1653,annotation&nbsp;not&nbsp;available,97.7
928210.CALU01000002_gene385,CALU01000002_gene385,annotation&nbsp;not&nbsp;available,97.3
928210.CALU01000002_gene390,CALU01000002_gene390,annotation&nbsp;not&nbsp;available,97.3
928210.CALU01000005_gene957,CALU01000005_gene957,annotation&nbsp;not&nbsp;available,97.2
928210.CALU01000002_gene440,CALU01000002_gene440,annotation&nbsp;not&nbsp;available,96.9
928210.CALU01000008_gene798,CALU01000008_gene798,annotation&nbsp;not&nbsp;available,96.8
928210.CALU01000009_gene681,CALU01000009_gene681,annotation&nbsp;not&nbsp;available,96.7
928210.CALU01000019_gene1254,CALU01000019_gene1254,annotation&nbsp;not&nbsp;available,96.6
928210.CALU01000041_gene1709,CALU01000041_gene1709,annotation&nbsp;not&nbsp;available,96.5
928210.CALU01000002_gene389,CALU01000002_gene389,annotation&nbsp;not&nbsp;available,96.3
928210.CALU01000041_gene1605,CALU01000041_gene1605,annotation&nbsp;not&nbsp;available,96.1
928210.CALU01000019_gene1411,CALU01000019_gene1411,annotation&nbsp;not&nbsp;available,95.9
928210.CALU01000019_gene1413,CALU01000019_gene1413,annotation&nbsp;not&nbsp;available,95.8
928210.CALU01000041_gene1646,CALU01000041_gene1646,annotation&nbsp;not&nbsp;available,95.8
928210.CALU01000019_gene1243,CALU01000019_gene1243,annotation&nbsp;not&nbsp;available,95.8
928210.CALU01000041_gene1703,CALU01000041_gene1703,annotation&nbsp;not&nbsp;available,95.7
928210.CALU01000005_gene875,CALU01000005_gene875,annotation&nbsp;not&nbsp;available,95.5
928210.CALU01000004_gene996,CALU01000004_gene996,annotation&nbsp;not&nbsp;available,95.4
928210.CALU01000047_gene163,CALU01000047_gene163,annotation&nbsp;not&nbsp;available,95.4
928210.CALU01000005_gene889,CALU01000005_gene889,annotation&nbsp;not&nbsp;available,95.3
928210.CALU01000055_gene252,CALU01000055_gene252,annotation&nbsp;not&nbsp;available,95.3
928210.CALU01000007_gene570,CALU01000007_gene570,annotation&nbsp;not&nbsp;available,95.1
928210.CALU01000019_gene1409,CALU01000019_gene1409,annotation&nbsp;not&nbsp;available,95.0
928210.CALU01000007_gene610,CALU01000007_gene610,annotation&nbsp;not&nbsp;available,94.9
928210.CALU01000041_gene1729,CALU01000041_gene1729,annotation&nbsp;not&nbsp;available,94.8
928210.CALU01000019_gene1229,CALU01000019_gene1229,annotation&nbsp;not&nbsp;available,94.8
928210.CALU01000041_gene1652,CALU01000041_gene1652,annotation&nbsp;not&nbsp;available,94.6
928210.CALU01000050_gene64,CALU01000050_gene64,annotation&nbsp;not&nbsp;available,94.6
928210.CALU01000005_gene891,CALU01000005_gene891,annotation&nbsp;not&nbsp;available,94.4
928210.CALU01000005_gene962,CALU01000005_gene962,annotation&nbsp;not&nbsp;available,94.3
928210.CALU01000007_gene618,CALU01000007_gene618,annotation&nbsp;not&nbsp;available,94.2
928210.CALU01000002_gene393,CALU01000002_gene393,annotation&nbsp;not&nbsp;available,94.1
928210.CALU01000046_gene195,CALU01000046_gene195,annotation&nbsp;not&nbsp;available,93.9
928210.CALU01000004_gene997,CALU01000004_gene997,annotation&nbsp;not&nbsp;available,93.7
928210.CALU01000041_gene1608,CALU01000041_gene1608,annotation&nbsp;not&nbsp;available,93.7
928210.CALU01000007_gene561,CALU01000007_gene561,annotation&nbsp;not&nbsp;available,93.3
928210.CALU01000009_gene726,CALU01000009_gene726,annotation&nbsp;not&nbsp;available,93.3
928210.CALU01000002_gene412,CALU01000002_gene412,annotation&nbsp;not&nbsp;available,93.2
928210.CALU01000007_gene609,CALU01000007_gene609,annotation&nbsp;not&nbsp;available,93.1
928210.CALU01000008_gene783,CALU01000008_gene783,annotation&nbsp;not&nbsp;available,93.0
928210.CALU01000002_gene419,CALU01000002_gene419,annotation&nbsp;not&nbsp;available,92.9
928210.CALU01000047_gene135,CALU01000047_gene135,annotation&nbsp;not&nbsp;available,92.8
928210.CALU01000041_gene1662,CALU01000041_gene1662,annotation&nbsp;not&nbsp;available,92.8
928210.CALU01000019_gene1414,CALU01000019_gene1414,annotation&nbsp;not&nbsp;available,92.5
928210.CALU01000019_gene1354,CALU01000019_gene1354,annotation&nbsp;not&nbsp;available,92.5
928210.CALU01000019_gene1391,CALU01000019_gene1391,annotation&nbsp;not&nbsp;available,92.5
928210.CALU01000041_gene1656,CALU01000041_gene1656,annotation&nbsp;not&nbsp;available,92.5
928210.CALU01000009_gene735,CALU01000009_gene735,annotation&nbsp;not&nbsp;available,92.4
928210.CALU01000009_gene711,CALU01000009_gene711,annotation&nbsp;not&nbsp;available,92.3
928210.CALU01000005_gene876,CALU01000005_gene876,annotation&nbsp;not&nbsp;available,92.3
928210.CALU01000047_gene137,CALU01000047_gene137,annotation&nbsp;not&nbsp;available,92.1
928210.CALU01000041_gene1644,CALU01000041_gene1644,annotation&nbsp;not&nbsp;available,91.9
928210.CALU01000041_gene1603,CALU01000041_gene1603,annotation&nbsp;not&nbsp;available,91.7
928210.CALU01000007_gene566,CALU01000007_gene566,annotation&nbsp;not&nbsp;available,91.7
928210.CALU01000039_gene1818,CALU01000039_gene1818,annotation&nbsp;not&nbsp;available,91.6
928210.CALU01000055_gene253,CALU01000055_gene253,annotation&nbsp;not&nbsp;available,91.1
928210.CALU01000023_gene1127,CALU01000023_gene1127,annotation&nbsp;not&nbsp;available,91.1
928210.CALU01000019_gene1375,CALU01000019_gene1375,annotation&nbsp;not&nbsp;available,90.9
928210.CALU01000017_gene1165,CALU01000017_gene1165,annotation&nbsp;not&nbsp;available,90.8
928210.CALU01000047_gene157,CALU01000047_gene157,annotation&nbsp;not&nbsp;available,90.8
928210.CALU01000009_gene736,CALU01000009_gene736,annotation&nbsp;not&nbsp;available,90.5
928210.CALU01000041_gene1751,CALU01000041_gene1751,annotation&nbsp;not&nbsp;available,90.3
928210.CALU01000009_gene759,CALU01000009_gene759,annotation&nbsp;not&nbsp;available,90.0
928210.CALU01000009_gene655,CALU01000009_gene655,annotation&nbsp;not&nbsp;available,89.8
928210.CALU01000047_gene132,CALU01000047_gene132,annotation&nbsp;not&nbsp;available,89.8
928210.CALU01000041_gene1595,CALU01000041_gene1595,annotation&nbsp;not&nbsp;available,89.3
928210.CALU01000005_gene960,CALU01000005_gene960,annotation&nbsp;not&nbsp;available,88.8
928210.CALU01000041_gene1777,CALU01000041_gene1777,annotation&nbsp;not&nbsp;available,88.6
928210.CALU01000047_gene144,CALU01000047_gene144,annotation&nbsp;not&nbsp;available,88.6
928210.CALU01000005_gene919,CALU01000005_gene919,annotation&nbsp;not&nbsp;available,88.5
928210.CALU01000008_gene793,CALU01000008_gene793,annotation&nbsp;not&nbsp;available,88.2
928210.CALU01000005_gene953,CALU01000005_gene953,annotation&nbsp;not&nbsp;available,88.1
928210.CALU01000007_gene625,CALU01000007_gene625,annotation&nbsp;not&nbsp;available,88.1
928210.CALU01000007_gene604,CALU01000007_gene604,annotation&nbsp;not&nbsp;available,87.8
928210.CALU01000005_gene896,CALU01000005_gene896,annotation&nbsp;not&nbsp;available,87.6
928210.CALU01000009_gene654,CALU01000009_gene654,annotation&nbsp;not&nbsp;available,87.5
928210.CALU01000019_gene1304,CALU01000019_gene1304,annotation&nbsp;not&nbsp;available,87.3
928210.CALU01000047_gene158,CALU01000047_gene158,annotation&nbsp;not&nbsp;available,87.2
928210.CALU01000007_gene615,CALU01000007_gene615,annotation&nbsp;not&nbsp;available,87.0
928210.CALU01000009_gene741,CALU01000009_gene741,annotation&nbsp;not&nbsp;available,86.9
928210.CALU01000041_gene1635,CALU01000041_gene1635,annotation&nbsp;not&nbsp;available,86.9
928210.CALU01000005_gene884,CALU01000005_gene884,annotation&nbsp;not&nbsp;available,86.7
928210.CALU01000019_gene1209,CALU01000019_gene1209,annotation&nbsp;not&nbsp;available,86.7
928210.CALU01000009_gene656,CALU01000009_gene656,annotation&nbsp;not&nbsp;available,86.2
928210.CALU01000002_gene399,CALU01000002_gene399,annotation&nbsp;not&nbsp;available,85.7
928210.CALU01000019_gene1230,CALU01000019_gene1230,annotation&nbsp;not&nbsp;available,85.7
928210.CALU01000019_gene1323,CALU01000019_gene1323,annotation&nbsp;not&nbsp;available,85.7
928210.CALU01000009_gene686,CALU01000009_gene686,annotation&nbsp;not&nbsp;available,85.4
928210.CALU01000047_gene156,CALU01000047_gene156,annotation&nbsp;not&nbsp;available,85.4
928210.CALU01000031_gene1497,CALU01000031_gene1497,annotation&nbsp;not&nbsp;available,85.2
928210.CALU01000019_gene1233,CALU01000019_gene1233,annotation&nbsp;not&nbsp;available,85.0
928210.CALU01000009_gene765,CALU01000009_gene765,annotation&nbsp;not&nbsp;available,84.9
928210.CALU01000023_gene1091,CALU01000023_gene1091,annotation&nbsp;not&nbsp;available,84.6
928210.CALU01000007_gene532,CALU01000007_gene532,annotation&nbsp;not&nbsp;available,84.6
928210.CALU01000041_gene1700,CALU01000041_gene1700,annotation&nbsp;not&nbsp;available,84.6
928210.CALU01000019_gene1232,CALU01000019_gene1232,annotation&nbsp;not&nbsp;available,84.6
928210.CALU01000019_gene1224,CALU01000019_gene1224,annotation&nbsp;not&nbsp;available,84.3
928210.CALU01000032_gene1496,CALU01000032_gene1496,annotation&nbsp;not&nbsp;available,83.9
928210.CALU01000023_gene1108,CALU01000023_gene1108,annotation&nbsp;not&nbsp;available,83.6
928210.CALU01000019_gene1283,CALU01000019_gene1283,annotation&nbsp;not&nbsp;available,83.3
928210.CALU01000041_gene1637,CALU01000041_gene1637,annotation&nbsp;not&nbsp;available,83.2
928210.CALU01000047_gene160,CALU01000047_gene160,annotation&nbsp;not&nbsp;available,83.2
928210.CALU01000019_gene1424,CALU01000019_gene1424,annotation&nbsp;not&nbsp;available,83.1
928210.CALU01000029_gene1481,CALU01000029_gene1481,annotation&nbsp;not&nbsp;available,83.1
928210.CALU01000008_gene810,CALU01000008_gene810,annotation&nbsp;not&nbsp;available,83.0
928210.CALU01000023_gene1083,CALU01000023_gene1083,annotation&nbsp;not&nbsp;available,82.9
928210.CALU01000019_gene1219,CALU01000019_gene1219,annotation&nbsp;not&nbsp;available,82.9
928210.CALU01000007_gene616,CALU01000007_gene616,annotation&nbsp;not&nbsp;available,82.8
928210.CALU01000041_gene1650,CALU01000041_gene1650,annotation&nbsp;not&nbsp;available,82.5
928210.CALU01000008_gene812,CALU01000008_gene812,annotation&nbsp;not&nbsp;available,82.5
928210.CALU01000019_gene1261,CALU01000019_gene1261,annotation&nbsp;not&nbsp;available,82.1
928210.CALU01000055_gene268,CALU01000055_gene268,annotation&nbsp;not&nbsp;available,81.9
928210.CALU01000019_gene1227,CALU01000019_gene1227,annotation&nbsp;not&nbsp;available,81.9
928210.CALU01000009_gene710,CALU01000009_gene710,annotation&nbsp;not&nbsp;available,81.6
928210.CALU01000007_gene620,CALU01000007_gene620,annotation&nbsp;not&nbsp;available,81.6
928210.CALU01000041_gene1710,CALU01000041_gene1710,annotation&nbsp;not&nbsp;available,81.6
928210.CALU01000039_gene1822,CALU01000039_gene1822,annotation&nbsp;not&nbsp;available,81.5
928210.CALU01000041_gene1596,CALU01000041_gene1596,annotation&nbsp;not&nbsp;available,81.5
928210.CALU01000019_gene1415,CALU01000019_gene1415,annotation&nbsp;not&nbsp;available,80.8
928210.CALU01000055_gene275,CALU01000055_gene275,annotation&nbsp;not&nbsp;available,80.7
928210.CALU01000019_gene1268,CALU01000019_gene1268,annotation&nbsp;not&nbsp;available,80.6
928210.CALU01000007_gene612,CALU01000007_gene612,annotation&nbsp;not&nbsp;available,80.0
928210.CALU01000005_gene894,CALU01000005_gene894,annotation&nbsp;not&nbsp;available,80.0
928210.CALU01000007_gene522,CALU01000007_gene522,annotation&nbsp;not&nbsp;available,79.5
928210.CALU01000019_gene1250,CALU01000019_gene1250,annotation&nbsp;not&nbsp;available,79.4
928210.CALU01000039_gene1812,CALU01000039_gene1812,annotation&nbsp;not&nbsp;available,79.0
928210.CALU01000017_gene1164,CALU01000017_gene1164,annotation&nbsp;not&nbsp;available,79.0
928210.CALU01000055_gene270,CALU01000055_gene270,annotation&nbsp;not&nbsp;available,78.8
928210.CALU01000047_gene111,CALU01000047_gene111,annotation&nbsp;not&nbsp;available,78.1
928210.CALU01000047_gene174,CALU01000047_gene174,annotation&nbsp;not&nbsp;available,77.9
928210.CALU01000039_gene1804,CALU01000039_gene1804,annotation&nbsp;not&nbsp;available,77.5
928210.CALU01000019_gene1334,CALU01000019_gene1334,annotation&nbsp;not&nbsp;available,76.7
928210.CALU01000055_gene254,CALU01000055_gene254,annotation&nbsp;not&nbsp;available,76.6
928210.CALU01000023_gene1121,CALU01000023_gene1121,annotation&nbsp;not&nbsp;available,76.6
928210.CALU01000041_gene1664,CALU01000041_gene1664,annotation&nbsp;not&nbsp;available,76.5
928210.CALU01000047_gene136,CALU01000047_gene136,annotation&nbsp;not&nbsp;available,75.9
928210.CALU01000019_gene1222,CALU01000019_gene1222,annotation&nbsp;not&nbsp;available,75.9
928210.CALU01000002_gene410,CALU01000002_gene410,annotation&nbsp;not&nbsp;available,75.8
928210.CALU01000023_gene1084,CALU01000023_gene1084,annotation&nbsp;not&nbsp;available,75.6
928210.CALU01000019_gene1256,CALU01000019_gene1256,annotation&nbsp;not&nbsp;available,75.5
928210.CALU01000041_gene1609,CALU01000041_gene1609,annotation&nbsp;not&nbsp;available,75.5
928210.CALU01000019_gene1231,CALU01000019_gene1231,annotation&nbsp;not&nbsp;available,75.4
928210.CALU01000002_gene435,CALU01000002_gene435,annotation&nbsp;not&nbsp;available,75.3
928210.CALU01000019_gene1340,CALU01000019_gene1340,annotation&nbsp;not&nbsp;available,75.2
928210.CALU01000008_gene788,CALU01000008_gene788,annotation&nbsp;not&nbsp;available,75.2
928210.CALU01000008_gene779,CALU01000008_gene779,annotation&nbsp;not&nbsp;available,75.1
928210.CALU01000019_gene1249,CALU01000019_gene1249,annotation&nbsp;not&nbsp;available,75.1
928210.CALU01000047_gene101,CALU01000047_gene101,annotation&nbsp;not&nbsp;available,75.0
928210.CALU01000046_gene196,CALU01000046_gene196,annotation&nbsp;not&nbsp;available,74.8
928210.CALU01000019_gene1259,CALU01000019_gene1259,annotation&nbsp;not&nbsp;available,74.7
928210.CALU01000008_gene785,CALU01000008_gene785,annotation&nbsp;not&nbsp;available,74.6
928210.CALU01000019_gene1392,CALU01000019_gene1392,annotation&nbsp;not&nbsp;available,74.5
928210.CALU01000019_gene1437,CALU01000019_gene1437,annotation&nbsp;not&nbsp;available,74.5
928210.CALU01000023_gene1086,CALU01000023_gene1086,annotation&nbsp;not&nbsp;available,74.4
928210.CALU01000009_gene763,CALU01000009_gene763,annotation&nbsp;not&nbsp;available,74.2
928210.CALU01000007_gene549,CALU01000007_gene549,annotation&nbsp;not&nbsp;available,74.1
928210.CALU01000047_gene184,CALU01000047_gene184,annotation&nbsp;not&nbsp;available,73.9
928210.CALU01000047_gene142,CALU01000047_gene142,annotation&nbsp;not&nbsp;available,73.9
928210.CALU01000007_gene611,CALU01000007_gene611,annotation&nbsp;not&nbsp;available,73.8
928210.CALU01000002_gene395,CALU01000002_gene395,annotation&nbsp;not&nbsp;available,73.7
928210.CALU01000019_gene1322,CALU01000019_gene1322,annotation&nbsp;not&nbsp;available,73.6
928210.CALU01000041_gene1726,CALU01000041_gene1726,annotation&nbsp;not&nbsp;available,73.4
928210.CALU01000041_gene1756,CALU01000041_gene1756,annotation&nbsp;not&nbsp;available,73.4
928210.CALU01000017_gene1163,CALU01000017_gene1163,annotation&nbsp;not&nbsp;available,73.2
928210.CALU01000047_gene185,CALU01000047_gene185,annotation&nbsp;not&nbsp;available,73.2
928210.CALU01000009_gene761,CALU01000009_gene761,annotation&nbsp;not&nbsp;available,73.2
928210.CALU01000002_gene387,CALU01000002_gene387,annotation&nbsp;not&nbsp;available,73.2
928210.CALU01000019_gene1438,CALU01000019_gene1438,annotation&nbsp;not&nbsp;available,73.2
928210.CALU01000047_gene139,CALU01000047_gene139,annotation&nbsp;not&nbsp;available,73.1
928210.CALU01000009_gene653,CALU01000009_gene653,annotation&nbsp;not&nbsp;available,73.0
928210.CALU01000007_gene572,CALU01000007_gene572,annotation&nbsp;not&nbsp;available,73.0
928210.CALU01000023_gene1099,CALU01000023_gene1099,annotation&nbsp;not&nbsp;available,72.9
928210.CALU01000041_gene1731,CALU01000041_gene1731,annotation&nbsp;not&nbsp;available,72.6
928210.CALU01000023_gene1144,CALU01000023_gene1144,annotation&nbsp;not&nbsp;available,72.4
928210.CALU01000047_gene98,CALU01000047_gene98,annotation&nbsp;not&nbsp;available,72.3
928210.CALU01000005_gene929,CALU01000005_gene929,annotation&nbsp;not&nbsp;available,71.9
928210.CALU01000019_gene1435,CALU01000019_gene1435,annotation&nbsp;not&nbsp;available,71.9
928210.CALU01000005_gene920,CALU01000005_gene920,annotation&nbsp;not&nbsp;available,71.8
928210.CALU01000007_gene547,CALU01000007_gene547,annotation&nbsp;not&nbsp;available,71.5
928210.CALU01000007_gene548,CALU01000007_gene548,annotation&nbsp;not&nbsp;available,71.4
928210.CALU01000002_gene388,CALU01000002_gene388,annotation&nbsp;not&nbsp;available,71.4
928210.CALU01000019_gene1434,CALU01000019_gene1434,annotation&nbsp;not&nbsp;available,71.1
928210.CALU01000041_gene1657,CALU01000041_gene1657,annotation&nbsp;not&nbsp;available,71.0
928210.CALU01000019_gene1257,CALU01000019_gene1257,annotation&nbsp;not&nbsp;available,71.0
928210.CALU01000041_gene1727,CALU01000041_gene1727,annotation&nbsp;not&nbsp;available,70.9
928210.CALU01000023_gene1125,CALU01000023_gene1125,annotation&nbsp;not&nbsp;available,70.6
928210.CALU01000019_gene1336,CALU01000019_gene1336,annotation&nbsp;not&nbsp;available,70.6
928210.CALU01000019_gene1244,CALU01000019_gene1244,annotation&nbsp;not&nbsp;available,70.2
928210.CALU01000008_gene782,CALU01000008_gene782,annotation&nbsp;not&nbsp;available,70.1
928210.CALU01000008_gene784,CALU01000008_gene784,annotation&nbsp;not&nbsp;available,70.0
928210.CALU01000079_gene1020,CALU01000079_gene1020,annotation&nbsp;not&nbsp;available,69.9
928210.CALU01000023_gene1145,CALU01000023_gene1145,annotation&nbsp;not&nbsp;available,69.7
928210.CALU01000005_gene961,CALU01000005_gene961,annotation&nbsp;not&nbsp;available,69.7
928210.CALU01000019_gene1333,CALU01000019_gene1333,annotation&nbsp;not&nbsp;available,69.6
928210.CALU01000041_gene1611,CALU01000041_gene1611,annotation&nbsp;not&nbsp;available,69.6
928210.CALU01000002_gene383,CALU01000002_gene383,annotation&nbsp;not&nbsp;available,69.5
928210.CALU01000050_gene62,CALU01000050_gene62,annotation&nbsp;not&nbsp;available,69.4
928210.CALU01000005_gene878,CALU01000005_gene878,annotation&nbsp;not&nbsp;available,69.2
928210.CALU01000007_gene526,CALU01000007_gene526,annotation&nbsp;not&nbsp;available,69.0
928210.CALU01000041_gene1682,CALU01000041_gene1682,annotation&nbsp;not&nbsp;available,69.0
928210.CALU01000009_gene725,CALU01000009_gene725,annotation&nbsp;not&nbsp;available,68.8
928210.CALU01000009_gene704,CALU01000009_gene704,annotation&nbsp;not&nbsp;available,68.6
928210.CALU01000046_gene207,CALU01000046_gene207,annotation&nbsp;not&nbsp;available,68.5
928210.CALU01000041_gene1702,CALU01000041_gene1702,annotation&nbsp;not&nbsp;available,68.4
928210.CALU01000002_gene406,CALU01000002_gene406,annotation&nbsp;not&nbsp;available,68.3
928210.CALU01000009_gene751,CALU01000009_gene751,annotation&nbsp;not&nbsp;available,68.3
928210.CALU01000041_gene1594,CALU01000041_gene1594,annotation&nbsp;not&nbsp;available,68.2
928210.CALU01000009_gene752,CALU01000009_gene752,annotation&nbsp;not&nbsp;available,68.0
928210.CALU01000007_gene606,CALU01000007_gene606,annotation&nbsp;not&nbsp;available,68.0
928210.CALU01000019_gene1380,CALU01000019_gene1380,annotation&nbsp;not&nbsp;available,67.8
928210.CALU01000007_gene543,CALU01000007_gene543,annotation&nbsp;not&nbsp;available,67.6
928210.CALU01000047_gene100,CALU01000047_gene100,annotation&nbsp;not&nbsp;available,67.3
928210.CALU01000055_gene256,CALU01000055_gene256,annotation&nbsp;not&nbsp;available,67.3
928210.CALU01000002_gene438,CALU01000002_gene438,annotation&nbsp;not&nbsp;available,67.0
928210.CALU01000007_gene627,CALU01000007_gene627,annotation&nbsp;not&nbsp;available,67.0
928210.CALU01000039_gene1813,CALU01000039_gene1813,annotation&nbsp;not&nbsp;available,66.5
928210.CALU01000005_gene964,CALU01000005_gene964,annotation&nbsp;not&nbsp;available,66.4
928210.CALU01000007_gene517,CALU01000007_gene517,annotation&nbsp;not&nbsp;available,66.0
928210.CALU01000008_gene780,CALU01000008_gene780,annotation&nbsp;not&nbsp;available,65.7
928210.CALU01000041_gene1728,CALU01000041_gene1728,annotation&nbsp;not&nbsp;available,65.6
928210.CALU01000023_gene1101,CALU01000023_gene1101,annotation&nbsp;not&nbsp;available,65.4
928210.CALU01000019_gene1255,CALU01000019_gene1255,annotation&nbsp;not&nbsp;available,65.4
928210.CALU01000019_gene1260,CALU01000019_gene1260,annotation&nbsp;not&nbsp;available,65.3
928210.CALU01000005_gene899,CALU01000005_gene899,annotation&nbsp;not&nbsp;available,65.3
928210.CALU01000039_gene1821,CALU01000039_gene1821,annotation&nbsp;not&nbsp;available,65.3
928210.CALU01000002_gene405,CALU01000002_gene405,annotation&nbsp;not&nbsp;available,65.2
928210.CALU01000009_gene737,CALU01000009_gene737,annotation&nbsp;not&nbsp;available,65.1
928210.CALU01000041_gene1740,CALU01000041_gene1740,annotation&nbsp;not&nbsp;available,65.1
928210.CALU01000041_gene1601,CALU01000041_gene1601,annotation&nbsp;not&nbsp;available,65.1
928210.CALU01000055_gene276,CALU01000055_gene276,annotation&nbsp;not&nbsp;available,65.0
928210.CALU01000019_gene1280,CALU01000019_gene1280,annotation&nbsp;not&nbsp;available,64.9
928210.CALU01000007_gene584,CALU01000007_gene584,annotation&nbsp;not&nbsp;available,64.9
928210.CALU01000047_gene148,CALU01000047_gene148,annotation&nbsp;not&nbsp;available,64.8
928210.CALU01000005_gene895,CALU01000005_gene895,annotation&nbsp;not&nbsp;available,64.7
928210.CALU01000007_gene613,CALU01000007_gene613,annotation&nbsp;not&nbsp;available,64.6
928210.CALU01000007_gene626,CALU01000007_gene626,annotation&nbsp;not&nbsp;available,64.5
928210.CALU01000023_gene1079,CALU01000023_gene1079,annotation&nbsp;not&nbsp;available,64.5
928210.CALU01000008_gene781,CALU01000008_gene781,annotation&nbsp;not&nbsp;available,64.4
928210.CALU01000019_gene1214,CALU01000019_gene1214,annotation&nbsp;not&nbsp;available,64.3
928210.CALU01000007_gene619,CALU01000007_gene619,annotation&nbsp;not&nbsp;available,64.0
928210.CALU01000019_gene1355,CALU01000019_gene1355,annotation&nbsp;not&nbsp;available,64.0
928210.CALU01000007_gene608,CALU01000007_gene608,annotation&nbsp;not&nbsp;available,63.9
928210.CALU01000019_gene1379,CALU01000019_gene1379,annotation&nbsp;not&nbsp;available,63.7
928210.CALU01000007_gene624,CALU01000007_gene624,annotation&nbsp;not&nbsp;available,63.7
928210.CALU01000046_gene194,CALU01000046_gene194,annotation&nbsp;not&nbsp;available,63.7
928210.CALU01000055_gene274,CALU01000055_gene274,annotation&nbsp;not&nbsp;available,63.5
928210.CALU01000008_gene803,CALU01000008_gene803,annotation&nbsp;not&nbsp;available,63.5
928210.CALU01000005_gene958,CALU01000005_gene958,annotation&nbsp;not&nbsp;available,63.5
928210.CALU01000023_gene1097,CALU01000023_gene1097,annotation&nbsp;not&nbsp;available,63.3
928210.CALU01000002_gene392,CALU01000002_gene392,annotation&nbsp;not&nbsp;available,63.3
928210.CALU01000007_gene538,CALU01000007_gene538,annotation&nbsp;not&nbsp;available,63.3
928210.CALU01000050_gene57,CALU01000050_gene57,annotation&nbsp;not&nbsp;available,63.1
928210.CALU01000019_gene1341,CALU01000019_gene1341,annotation&nbsp;not&nbsp;available,63.1
928210.CALU01000002_gene391,CALU01000002_gene391,annotation&nbsp;not&nbsp;available,63.0
928210.CALU01000005_gene963,CALU01000005_gene963,annotation&nbsp;not&nbsp;available,62.8
928210.CALU01000046_gene208,CALU01000046_gene208,annotation&nbsp;not&nbsp;available,62.7
928210.CALU01000055_gene267,CALU01000055_gene267,annotation&nbsp;not&nbsp;available,62.6
928210.CALU01000002_gene394,CALU01000002_gene394,annotation&nbsp;not&nbsp;available,62.6
928210.CALU01000023_gene1131,CALU01000023_gene1131,annotation&nbsp;not&nbsp;available,62.5
928210.CALU01000047_gene155,CALU01000047_gene155,annotation&nbsp;not&nbsp;available,62.3
928210.CALU01000002_gene386,CALU01000002_gene386,annotation&nbsp;not&nbsp;available,62.2
928210.CALU01000041_gene1724,CALU01000041_gene1724,annotation&nbsp;not&nbsp;available,62.1
928210.CALU01000039_gene1838,CALU01000039_gene1838,annotation&nbsp;not&nbsp;available,62.0
928210.CALU01000019_gene1276,CALU01000019_gene1276,annotation&nbsp;not&nbsp;available,61.9
928210.CALU01000019_gene1356,CALU01000019_gene1356,annotation&nbsp;not&nbsp;available,61.7
928210.CALU01000019_gene1225,CALU01000019_gene1225,annotation&nbsp;not&nbsp;available,61.6
928210.CALU01000041_gene1712,CALU01000041_gene1712,annotation&nbsp;not&nbsp;available,61.4
928210.CALU01000019_gene1246,CALU01000019_gene1246,annotation&nbsp;not&nbsp;available,61.4
928210.CALU01000019_gene1427,CALU01000019_gene1427,annotation&nbsp;not&nbsp;available,61.4
928210.CALU01000007_gene525,CALU01000007_gene525,annotation&nbsp;not&nbsp;available,61.4
928210.CALU01000001_gene464,CALU01000001_gene464,annotation&nbsp;not&nbsp;available,61.3
928210.CALU01000050_gene61,CALU01000050_gene61,annotation&nbsp;not&nbsp;available,61.3
928210.CALU01000041_gene1645,CALU01000041_gene1645,annotation&nbsp;not&nbsp;available,61.3
928210.CALU01000005_gene890,CALU01000005_gene890,annotation&nbsp;not&nbsp;available,61.2
928210.CALU01000047_gene102,CALU01000047_gene102,annotation&nbsp;not&nbsp;available,60.7
928210.CALU01000039_gene1811,CALU01000039_gene1811,annotation&nbsp;not&nbsp;available,60.4
928210.CALU01000007_gene622,CALU01000007_gene622,annotation&nbsp;not&nbsp;available,60.4
928210.CALU01000009_gene684,CALU01000009_gene684,annotation&nbsp;not&nbsp;available,60.3
928210.CALU01000009_gene734,CALU01000009_gene734,annotation&nbsp;not&nbsp;available,60.3
928210.CALU01000007_gene524,CALU01000007_gene524,annotation&nbsp;not&nbsp;available,60.2
928210.CALU01000009_gene709,CALU01000009_gene709,annotation&nbsp;not&nbsp;available,60.1
928210.CALU01000041_gene1623,CALU01000041_gene1623,annotation&nbsp;not&nbsp;available,60.0
928210.CALU01000023_gene1109,CALU01000023_gene1109,annotation&nbsp;not&nbsp;available,60.0
928210.CALU01000005_gene900,CALU01000005_gene900,annotation&nbsp;not&nbsp;available,59.9
928210.CALU01000041_gene1694,CALU01000041_gene1694,annotation&nbsp;not&nbsp;available,59.6
928210.CALU01000019_gene1279,CALU01000019_gene1279,annotation&nbsp;not&nbsp;available,59.5
928210.CALU01000019_gene1218,CALU01000019_gene1218,annotation&nbsp;not&nbsp;available,59.3
928210.CALU01000047_gene99,CALU01000047_gene99,annotation&nbsp;not&nbsp;available,59.2
928210.CALU01000019_gene1326,CALU01000019_gene1326,annotation&nbsp;not&nbsp;available,58.8
928210.CALU01000007_gene629,CALU01000007_gene629,annotation&nbsp;not&nbsp;available,58.7
928210.CALU01000005_gene969,CALU01000005_gene969,annotation&nbsp;not&nbsp;available,58.7
928210.CALU01000002_gene426,CALU01000002_gene426,annotation&nbsp;not&nbsp;available,58.7
928210.CALU01000005_gene968,CALU01000005_gene968,annotation&nbsp;not&nbsp;available,58.7
928210.CALU01000023_gene1102,CALU01000023_gene1102,annotation&nbsp;not&nbsp;available,58.7
928210.CALU01000047_gene149,CALU01000047_gene149,annotation&nbsp;not&nbsp;available,58.5
928210.CALU01000007_gene617,CALU01000007_gene617,annotation&nbsp;not&nbsp;available,58.4
928210.CALU01000019_gene1436,CALU01000019_gene1436,annotation&nbsp;not&nbsp;available,58.4
928210.CALU01000055_gene255,CALU01000055_gene255,annotation&nbsp;not&nbsp;available,58.3
928210.CALU01000041_gene1607,CALU01000041_gene1607,annotation&nbsp;not&nbsp;available,58.0
928210.CALU01000041_gene1730,CALU01000041_gene1730,annotation&nbsp;not&nbsp;available,57.9
928210.CALU01000055_gene280,CALU01000055_gene280,annotation&nbsp;not&nbsp;available,57.7
928210.CALU01000039_gene1836,CALU01000039_gene1836,annotation&nbsp;not&nbsp;available,57.4
928210.CALU01000009_gene702,CALU01000009_gene702,annotation&nbsp;not&nbsp;available,57.2
928210.CALU01000005_gene967,CALU01000005_gene967,annotation&nbsp;not&nbsp;available,57.2
928210.CALU01000041_gene1781,CALU01000041_gene1781,annotation&nbsp;not&nbsp;available,57.0
928210.CALU01000005_gene901,CALU01000005_gene901,annotation&nbsp;not&nbsp;available,56.7
928210.CALU01000039_gene1803,CALU01000039_gene1803,annotation&nbsp;not&nbsp;available,56.5
928210.CALU01000019_gene1217,CALU01000019_gene1217,annotation&nbsp;not&nbsp;available,56.4
928210.CALU01000005_gene935,CALU01000005_gene935,annotation&nbsp;not&nbsp;available,56.3
928210.CALU01000002_gene401,CALU01000002_gene401,annotation&nbsp;not&nbsp;available,56.1
928210.CALU01000019_gene1357,CALU01000019_gene1357,annotation&nbsp;not&nbsp;available,56.1
928210.CALU01000007_gene571,CALU01000007_gene571,annotation&nbsp;not&nbsp;available,55.8
928210.CALU01000009_gene738,CALU01000009_gene738,annotation&nbsp;not&nbsp;available,55.6
928210.CALU01000005_gene939,CALU01000005_gene939,annotation&nbsp;not&nbsp;available,55.5
928210.CALU01000019_gene1223,CALU01000019_gene1223,annotation&nbsp;not&nbsp;available,55.4
928210.CALU01000047_gene133,CALU01000047_gene133,annotation&nbsp;not&nbsp;available,55.4
928210.CALU01000002_gene443,CALU01000002_gene443,annotation&nbsp;not&nbsp;available,55.2
928210.CALU01000007_gene628,CALU01000007_gene628,annotation&nbsp;not&nbsp;available,55.1
928210.CALU01000041_gene1627,CALU01000041_gene1627,annotation&nbsp;not&nbsp;available,55.1
928210.CALU01000041_gene1654,CALU01000041_gene1654,annotation&nbsp;not&nbsp;available,54.9
928210.CALU01000041_gene1747,CALU01000041_gene1747,annotation&nbsp;not&nbsp;available,54.9
928210.CALU01000005_gene970,CALU01000005_gene970,annotation&nbsp;not&nbsp;available,54.7
928210.CALU01000041_gene1606,CALU01000041_gene1606,annotation&nbsp;not&nbsp;available,54.7
928210.CALU01000002_gene400,CALU01000002_gene400,annotation&nbsp;not&nbsp;available,54.6
928210.CALU01000041_gene1634,CALU01000041_gene1634,annotation&nbsp;not&nbsp;available,54.6
928210.CALU01000002_gene420,CALU01000002_gene420,annotation&nbsp;not&nbsp;available,54.5
928210.CALU01000019_gene1420,CALU01000019_gene1420,annotation&nbsp;not&nbsp;available,54.1
928210.CALU01000007_gene614,CALU01000007_gene614,annotation&nbsp;not&nbsp;available,53.9
928210.CALU01000007_gene557,CALU01000007_gene557,annotation&nbsp;not&nbsp;available,53.8
928210.CALU01000019_gene1426,CALU01000019_gene1426,annotation&nbsp;not&nbsp;available,53.7
928210.CALU01000009_gene764,CALU01000009_gene764,annotation&nbsp;not&nbsp;available,53.6
928210.CALU01000007_gene603,CALU01000007_gene603,annotation&nbsp;not&nbsp;available,53.4
928210.CALU01000002_gene436,CALU01000002_gene436,annotation&nbsp;not&nbsp;available,53.3
928210.CALU01000019_gene1274,CALU01000019_gene1274,annotation&nbsp;not&nbsp;available,53.2
928210.CALU01000007_gene605,CALU01000007_gene605,annotation&nbsp;not&nbsp;available,53.0
928210.CALU01000004_gene998,CALU01000004_gene998,annotation&nbsp;not&nbsp;available,53.0
928210.CALU01000039_gene1826,CALU01000039_gene1826,annotation&nbsp;not&nbsp;available,52.9
928210.CALU01000007_gene623,CALU01000007_gene623,annotation&nbsp;not&nbsp;available,52.6
928210.CALU01000005_gene911,CALU01000005_gene911,annotation&nbsp;not&nbsp;available,52.3
928210.CALU01000023_gene1124,CALU01000023_gene1124,annotation&nbsp;not&nbsp;available,52.2
928210.CALU01000019_gene1348,CALU01000019_gene1348,annotation&nbsp;not&nbsp;available,52.0
928210.CALU01000023_gene1103,CALU01000023_gene1103,annotation&nbsp;not&nbsp;available,51.8
928210.CALU01000041_gene1636,CALU01000041_gene1636,annotation&nbsp;not&nbsp;available,51.7
928210.CALU01000055_gene266,CALU01000055_gene266,annotation&nbsp;not&nbsp;available,51.5
928210.CALU01000019_gene1221,CALU01000019_gene1221,annotation&nbsp;not&nbsp;available,51.4
928210.CALU01000002_gene418,CALU01000002_gene418,annotation&nbsp;not&nbsp;available,51.3
928210.CALU01000005_gene952,CALU01000005_gene952,annotation&nbsp;not&nbsp;available,51.2
