1184267.A11Q_1894,rpmD,50S&nbsp;ribosomal&nbsp;protein&nbsp;L30,98.9
1184267.A11Q_1132,A11Q_1132,GMP&nbsp;reductase,98.8
1184267.A11Q_2595,nuoN,NADH-quinone&nbsp;oxidoreductase&nbsp;subunit&nbsp;N,98.6
1184267.A11Q_1972,A11Q_1972,"ABC-type&nbsp;organic&nbsp;solvent&nbsp;transporter,&nbsp;solute-binding&nbsp;periplasmic&nbsp;protein",98.6
1184267.A11Q_1907,rpsS,30S&nbsp;ribosomal&nbsp;protein&nbsp;S19,98.5
1184267.A11Q_659,A11Q_659,Two-component&nbsp;response&nbsp;regulator&nbsp;KdpE,98.5
1184267.A11Q_2305,xseA,Exodeoxyribonuclease&nbsp;7&nbsp;large&nbsp;subunit,98.5
1184267.A11Q_1917,rpoB,DNA-directed&nbsp;RNA&nbsp;polymerase&nbsp;subunit&nbsp;beta,97.7
1184267.A11Q_2143,A11Q_2143,Flagellum-specific&nbsp;ATP&nbsp;synthase,97.6
1184267.A11Q_2134,macB,Macrolide&nbsp;export&nbsp;ATP-binding/permease&nbsp;protein&nbsp;MacB,97.6
1184267.A11Q_812,A11Q_812,DNA-binding&nbsp;response&nbsp;regulator&nbsp;PhoB,97.5
1184267.A11Q_2610,atpF,ATP&nbsp;synthase&nbsp;subunit&nbsp;b,97.3
1184267.A11Q_1889,rpsK,30S&nbsp;ribosomal&nbsp;protein&nbsp;S11,97.1
1184267.A11Q_2315,A11Q_2315,Iron-regulated&nbsp;ABC&nbsp;transporter&nbsp;ATPase&nbsp;subunit&nbsp;SufC,97.0
1184267.A11Q_70,gatC,Aspartyl/glutamyl-tRNA(Asn/Gln)&nbsp;amidotransferase&nbsp;subunit&nbsp;C,96.9
1184267.A11Q_1820,A11Q_1820,annotation&nbsp;not&nbsp;available,96.9
1184267.A11Q_2611,A11Q_2611,ATP&nbsp;synthase&nbsp;B&nbsp;chain,96.9
1184267.A11Q_571,flgK,Flagellar&nbsp;hook-associated&nbsp;protein&nbsp;1,96.8
1184267.A11Q_2597,A11Q_2597,NADH&nbsp;dehydrogenase&nbsp;I&nbsp;chain&nbsp;L,96.7
1184267.A11Q_1904,rplP,50S&nbsp;ribosomal&nbsp;protein&nbsp;L16,96.6
1184267.A11Q_2173,A11Q_2173,annotation&nbsp;not&nbsp;available,96.2
1184267.A11Q_656,kdpB,Potassium-transporting&nbsp;ATPase&nbsp;ATP-binding&nbsp;subunit,96.0
1184267.A11Q_207,A11Q_207,annotation&nbsp;not&nbsp;available,96.0
1184267.A11Q_310,A11Q_310,annotation&nbsp;not&nbsp;available,96.0
1184267.A11Q_651,A11Q_651,annotation&nbsp;not&nbsp;available,95.9
1184267.A11Q_1905,rpsC,30S&nbsp;ribosomal&nbsp;protein&nbsp;S3,95.7
1184267.A11Q_30,rpsF,30S&nbsp;ribosomal&nbsp;protein&nbsp;S6,95.3
1184267.A11Q_2176,A11Q_2176,Acyltransferase,95.2
1184267.A11Q_932,A11Q_932,PilS&nbsp;sensor&nbsp;protein,95.1
1184267.A11Q_1946,A11Q_1946,NADH&nbsp;dehydrogenase&nbsp;I&nbsp;chain&nbsp;G,94.9
1184267.A11Q_1814,gpmA,"2,3-bisphosphoglycerate-dependent&nbsp;phosphoglycerate&nbsp;mutase",94.4
1184267.A11Q_460,A11Q_460,Phosphonates-binding&nbsp;protein,94.3
1184267.A11Q_1817,A11Q_1817,Dihydrolipoyl&nbsp;dehydrogenase,94.3
1184267.A11Q_1272,A11Q_1272,3-oxoacid&nbsp;CoA-transferase&nbsp;subunit&nbsp;B,94.2
1184267.A11Q_1537,rpoZ,DNA-directed&nbsp;RNA&nbsp;polymerase&nbsp;subunit&nbsp;omega,93.8
1184267.A11Q_1126,A11Q_1126,Lipoprotein&nbsp;releasing&nbsp;system&nbsp;transmembrane&nbsp;protein,93.8
1184267.A11Q_1030,gltX,Glutamate--tRNA&nbsp;ligase,93.3
1184267.A11Q_1923,secE,Protein&nbsp;translocase&nbsp;subunit&nbsp;SecE,93.2
1184267.A11Q_20,A11Q_20,Succinate&nbsp;dehydrogenase&nbsp;flavoprotein&nbsp;subunit,93.0
1184267.A11Q_661,gcvT,Aminomethyltransferase,92.9
1184267.A11Q_1911,A11Q_1911,50S&nbsp;ribosomal&nbsp;protein&nbsp;L3,92.9
1184267.A11Q_1896,rplR,50S&nbsp;ribosomal&nbsp;protein&nbsp;L18,92.9
1184267.A11Q_1253,ffh,Signal&nbsp;recognition&nbsp;particle&nbsp;protein,92.7
1184267.A11Q_1093,A11Q_1093,Putative&nbsp;lysophosphatidic&nbsp;acid&nbsp;acyltransferase,92.7
1184267.A11Q_711,eno,Enolase,92.6
1184267.A11Q_1735,A11Q_1735,annotation&nbsp;not&nbsp;available,92.6
1184267.A11Q_1906,rplV,50S&nbsp;ribosomal&nbsp;protein&nbsp;L22,92.6
1184267.A11Q_2124,A11Q_2124,"Branched-chain&nbsp;amino&nbsp;acid&nbsp;ABC&nbsp;transporter,&nbsp;amino&nbsp;acid-binding&nbsp;protein",92.3
1184267.A11Q_1259,rplS,50S&nbsp;ribosomal&nbsp;protein&nbsp;L19,92.3
1184267.A11Q_1973,A11Q_1973,ABC-type&nbsp;organic&nbsp;solvent&nbsp;transport&nbsp;system&nbsp;ATP-binding&nbsp;protein,92.2
1184267.A11Q_1645,mutS2,Endonuclease&nbsp;MutS2,92.1
1184267.A11Q_1509,A11Q_1509,annotation&nbsp;not&nbsp;available,91.8
1184267.A11Q_2127,A11Q_2127,Branched-chain&nbsp;amino&nbsp;acid&nbsp;transport&nbsp;system,91.7
1184267.A11Q_2598,nuoK,NADH-quinone&nbsp;oxidoreductase&nbsp;subunit&nbsp;K,91.7
1184267.A11Q_1931,A11Q_1931,Nitrogen&nbsp;regulation&nbsp;protein&nbsp;NtrY,91.4
1184267.A11Q_1288,guaB,Inosine-5'-monophosphate&nbsp;dehydrogenase,91.4
1184267.A11Q_1950,nuoB,NADH-quinone&nbsp;oxidoreductase&nbsp;subunit&nbsp;B,91.2
1184267.A11Q_1787,A11Q_1787,Dihydroorotase,91.1
1184267.A11Q_2045,A11Q_2045,Chemotaxis&nbsp;MotB&nbsp;protein,90.8
1184267.A11Q_924,A11Q_924,ADP-heptose:LPS&nbsp;heptosyltransferase&nbsp;II,90.7
1184267.A11Q_1210,A11Q_1210,annotation&nbsp;not&nbsp;available,90.7
1184267.A11Q_655,kdpA,Potassium-transporting&nbsp;ATPase&nbsp;potassium-binding&nbsp;subunit,90.4
1184267.A11Q_696,A11Q_696,Dihydrolipoyl&nbsp;dehydrogenase,90.1
1184267.A11Q_1404,A11Q_1404,"ABC&nbsp;transporter,&nbsp;membrane&nbsp;spanning&nbsp;protein",89.7
1184267.A11Q_2154,A11Q_2154,ABC-type&nbsp;organic&nbsp;solvent&nbsp;resistance&nbsp;transport&nbsp;system&nbsp;ATP-binding&nbsp;protein,89.4
1184267.A11Q_2600,nuoH,NADH-quinone&nbsp;oxidoreductase&nbsp;subunit&nbsp;H,89.1
1184267.A11Q_2,A11Q_2,Beta&nbsp;sliding&nbsp;clamp,88.9
1184267.A11Q_1843,A11Q_1843,D-3-phosphoglycerate&nbsp;dehydrogenase,88.7
1184267.A11Q_134,pyrH,Uridylate&nbsp;kinase,88.4
1184267.A11Q_1901,rplN,50S&nbsp;ribosomal&nbsp;protein&nbsp;L14,88.2
1184267.A11Q_1919,rplJ,50S&nbsp;ribosomal&nbsp;protein&nbsp;L10,88.0
1184267.A11Q_1084,A11Q_1084,"Fatty&nbsp;oxidation&nbsp;complex,&nbsp;alpha&nbsp;subunit",88.0
1184267.A11Q_1003,A11Q_1003,Uncharacterized&nbsp;protein,87.9
1184267.A11Q_1402,A11Q_1402,"ABC&nbsp;transporter,&nbsp;substrate&nbsp;binding&nbsp;protein",87.8
1184267.A11Q_2043,A11Q_2043,DNA&nbsp;polymerase&nbsp;III&nbsp;alpha&nbsp;subunit,87.5
1184267.A11Q_1090,A11Q_1090,Adenylate&nbsp;cyclase,87.0
1184267.A11Q_2331,A11Q_2331,Phosphatase,86.7
1184267.A11Q_2090,A11Q_2090,Thiamine&nbsp;ABC&nbsp;transporter,86.7
1184267.A11Q_773,rpsR,30S&nbsp;ribosomal&nbsp;protein&nbsp;S18,86.3
1184267.A11Q_1795,uppP,Undecaprenyl-diphosphatase,86.2
1184267.A11Q_1658,A11Q_1658,Bifunctional&nbsp;protein&nbsp;PutA,86.1
1184267.A11Q_1152,A11Q_1152,annotation&nbsp;not&nbsp;available,86.1
1184267.A11Q_585,A11Q_585,Penicillin-binding&nbsp;protein&nbsp;1B,85.9
1184267.A11Q_2513,ndk,Nucleoside&nbsp;diphosphate&nbsp;kinase,85.8
1184267.A11Q_1403,A11Q_1403,Dipeptide&nbsp;transport&nbsp;system&nbsp;permease&nbsp;protein&nbsp;DppB,85.8
1184267.A11Q_836,cmk,Cytidylate&nbsp;kinase,85.8
1184267.A11Q_1909,rplW,50S&nbsp;ribosomal&nbsp;protein&nbsp;L23,85.7
1184267.A11Q_1208,A11Q_1208,Chemotaxis&nbsp;protein,85.3
1184267.A11Q_1047,A11Q_1047,annotation&nbsp;not&nbsp;available,85.3
1184267.A11Q_652,A11Q_652,annotation&nbsp;not&nbsp;available,85.1
1184267.A11Q_1320,fabH,3-oxoacyl-[acyl-carrier-protein]&nbsp;synthase&nbsp;3,85.1
1184267.A11Q_1920,rplA,50S&nbsp;ribosomal&nbsp;protein&nbsp;L1,84.8
1184267.A11Q_1502,rplT,50S&nbsp;ribosomal&nbsp;protein&nbsp;L20,84.6
1184267.A11Q_61,tal,Probable&nbsp;transaldolase,84.2
1184267.A11Q_942,A11Q_942,Cytosol&nbsp;aminopeptidase,84.0
1184267.A11Q_415,rpsU,30S&nbsp;ribosomal&nbsp;protein&nbsp;S21,84.0
1184267.A11Q_1802,ctc,50S&nbsp;ribosomal&nbsp;protein&nbsp;L25,83.8
1184267.A11Q_2145,A11Q_2145,Uncharacterized&nbsp;protein,83.7
1184267.A11Q_617,A11Q_617,RNA&nbsp;polymerase&nbsp;sigma&nbsp;factor,83.6
1184267.A11Q_2034,A11Q_2034,Hypoxanthine&nbsp;phosphoribosyltransferase,83.6
1184267.A11Q_738,apt,Adenine&nbsp;phosphoribosyltransferase,83.6
1184267.A11Q_1099,A11Q_1099,annotation&nbsp;not&nbsp;available,83.4
1184267.A11Q_1956,phnC,Phosphonates&nbsp;import&nbsp;ATP-binding&nbsp;protein&nbsp;PhnC,83.1
1184267.A11Q_968,ruvB,Holliday&nbsp;junction&nbsp;ATP-dependent&nbsp;DNA&nbsp;helicase&nbsp;RuvB,83.0
1184267.A11Q_831,tpiA,Triosephosphate&nbsp;isomerase,82.9
1184267.A11Q_2605,atpC,ATP&nbsp;synthase&nbsp;epsilon&nbsp;chain,82.8
1184267.A11Q_2622,rpmH,annotation&nbsp;not&nbsp;available,82.8
1184267.A11Q_813,A11Q_813,Phosphate&nbsp;regulon&nbsp;sensor&nbsp;protein&nbsp;phoR,82.7
1184267.A11Q_1490,pheT,Phenylalanine--tRNA&nbsp;ligase&nbsp;beta&nbsp;subunit,82.5
1184267.A11Q_827,A11Q_827,DNA&nbsp;polymerase&nbsp;III&nbsp;delta'&nbsp;subunit,82.5
1184267.A11Q_1552,infB,Translation&nbsp;initiation&nbsp;factor&nbsp;IF-2,81.8
1184267.A11Q_1207,A11Q_1207,Histidine&nbsp;kinase,81.8
1184267.A11Q_1890,rpsM,30S&nbsp;ribosomal&nbsp;protein&nbsp;S13,81.1
1184267.A11Q_2379,A11Q_2379,Chemotaxis&nbsp;response&nbsp;regulator,81.0
1184267.A11Q_749,A11Q_749,Alkylphosphonate&nbsp;ABC&nbsp;transporter,80.7
1184267.A11Q_446,A11Q_446,annotation&nbsp;not&nbsp;available,80.6
1184267.A11Q_556,recA,Protein&nbsp;RecA,80.2
1184267.A11Q_2144,A11Q_2144,Flagellar&nbsp;assembly&nbsp;protein,80.1
1184267.A11Q_2434,A11Q_2434,annotation&nbsp;not&nbsp;available,80.1
1184267.A11Q_2433,A11Q_2433,annotation&nbsp;not&nbsp;available,80.0
1184267.A11Q_355,A11Q_355,annotation&nbsp;not&nbsp;available,79.8
1184267.A11Q_1895,rpsE,30S&nbsp;ribosomal&nbsp;protein&nbsp;S5,79.8
1184267.A11Q_1324,A11Q_1324,3-oxoacyl-[acyl-carrier-protein]&nbsp;synthase&nbsp;2,79.8
1184267.A11Q_151,A11Q_151,Mannose-1-phosphate&nbsp;guanyltransferase,79.6
1184267.A11Q_1897,rplF,50S&nbsp;ribosomal&nbsp;protein&nbsp;L6,79.6
1184267.A11Q_2609,atpH,ATP&nbsp;synthase&nbsp;subunit&nbsp;delta,79.3
1184267.A11Q_1948,A11Q_1948,NADH&nbsp;dehydrogenase&nbsp;I&nbsp;chain&nbsp;E,79.1
1184267.A11Q_474,A11Q_474,annotation&nbsp;not&nbsp;available,79.1
1184267.A11Q_2155,A11Q_2155,ABC&nbsp;transporter&nbsp;substrate&nbsp;binding&nbsp;protein,79.0
1184267.A11Q_1095,A11Q_1095,3-hydroxybutyryl-CoA&nbsp;dehydrogenase,78.9
1184267.A11Q_801,pyrE,Orotate&nbsp;phosphoribosyltransferase,78.9
1184267.A11Q_2304,xseB,Exodeoxyribonuclease&nbsp;7&nbsp;small&nbsp;subunit,78.8
1184267.A11Q_1333,A11Q_1333,Ribonucleoside-diphosphate&nbsp;reductase,78.7
1184267.A11Q_775,rplX,50S&nbsp;ribosomal&nbsp;protein&nbsp;L24,78.6
1184267.A11Q_2153,A11Q_2153,"ABC&nbsp;transporter,&nbsp;permease&nbsp;protein",78.5
1184267.A11Q_135,tsf,Elongation&nbsp;factor&nbsp;Ts,78.4
1184267.A11Q_716,polA,DNA&nbsp;polymerase&nbsp;I,78.2
1184267.A11Q_1254,rpsP,30S&nbsp;ribosomal&nbsp;protein&nbsp;S16,78.0
1184267.A11Q_2050,A11Q_2050,annotation&nbsp;not&nbsp;available,77.8
1184267.A11Q_1815,A11Q_1815,Alpha-ketoglutarate&nbsp;decarboxylase,77.7
1184267.A11Q_1322,A11Q_1322,3-oxoacyl-(Acyl-carrier-protein)&nbsp;reductase,77.6
1184267.A11Q_470,A11Q_470,annotation&nbsp;not&nbsp;available,77.6
1184267.A11Q_180,pepA,Probable&nbsp;cytosol&nbsp;aminopeptidase,77.3
1184267.A11Q_1511,A11Q_1511,"Molybdopterin&nbsp;oxidoreductase,&nbsp;iron-sulfur&nbsp;binding&nbsp;subunit",77.3
1184267.A11Q_1154,A11Q_1154,annotation&nbsp;not&nbsp;available,77.2
1184267.A11Q_1893,rplO,50S&nbsp;ribosomal&nbsp;protein&nbsp;L15,77.1
1184267.A11Q_1153,A11Q_1153,annotation&nbsp;not&nbsp;available,76.9
1184267.A11Q_2365,A11Q_2365,Hypoxanthine&nbsp;phosphoribosyltransferase,76.8
1184267.A11Q_952,A11Q_952,Uncharacterized&nbsp;protein,76.7
1184267.A11Q_1449,metG,Methionine--tRNA&nbsp;ligase,76.5
1184267.A11Q_1945,nuoI,NADH-quinone&nbsp;oxidoreductase&nbsp;subunit&nbsp;I,76.3
1184267.A11Q_1319,rpmF,50S&nbsp;ribosomal&nbsp;protein&nbsp;L32,76.1
1184267.A11Q_5,gyrA,DNA&nbsp;gyrase&nbsp;subunit&nbsp;A,76.1
1184267.A11Q_1912,rpsJ,30S&nbsp;ribosomal&nbsp;protein&nbsp;S10,75.8
1184267.A11Q_1503,A11Q_1503,annotation&nbsp;not&nbsp;available,75.8
1184267.A11Q_1999,A11Q_1999,Long-chain&nbsp;fatty-acid-CoA&nbsp;ligase,75.6
1184267.A11Q_2148,A11Q_2148,Flagellar&nbsp;basal-body&nbsp;rod&nbsp;protein&nbsp;FlgC,75.4
1184267.A11Q_2007,ftsZ,Cell&nbsp;division&nbsp;protein&nbsp;FtsZ,75.4
1184267.A11Q_378,A11Q_378,annotation&nbsp;not&nbsp;available,75.2
1184267.A11Q_1736,hmuV,Hemin&nbsp;import&nbsp;ATP-binding&nbsp;protein&nbsp;HmuV,75.2
1184267.A11Q_2601,A11Q_2601,NADH-quinone&nbsp;oxidoreductase&nbsp;subunit,75.0
1184267.A11Q_2435,A11Q_2435,Uncharacterized&nbsp;protein,75.0
1184267.A11Q_1186,A11Q_1186,annotation&nbsp;not&nbsp;available,75.0
1184267.A11Q_607,A11Q_607,Flagellar&nbsp;motor&nbsp;switch&nbsp;protein&nbsp;FliM,74.9
1184267.A11Q_1635,dnaK,Chaperone&nbsp;protein&nbsp;DnaK,74.8
1184267.A11Q_2512,sucD,Succinate--CoA&nbsp;ligase&nbsp;[ADP-forming]&nbsp;subunit&nbsp;alpha,74.8
1184267.A11Q_468,A11Q_468,annotation&nbsp;not&nbsp;available,74.4
1184267.A11Q_2599,A11Q_2599,NADH&nbsp;dehydrogenase&nbsp;I&nbsp;chain&nbsp;J,74.3
1184267.A11Q_746,carA,Carbamoyl-phosphate&nbsp;synthase&nbsp;small&nbsp;chain,74.2
1184267.A11Q_2532,rpmA,50S&nbsp;ribosomal&nbsp;protein&nbsp;L27,74.2
1184267.A11Q_1918,rplL,50S&nbsp;ribosomal&nbsp;protein&nbsp;L7/L12,74.2
1184267.A11Q_1271,A11Q_1271,Pyruvate&nbsp;kinase,74.1
1184267.A11Q_664,gcvP,Glycine&nbsp;dehydrogenase&nbsp;(decarboxylating),74.0
1184267.A11Q_2125,A11Q_2125,"Branched-chain&nbsp;amino&nbsp;acid&nbsp;ABC&nbsp;transporter,&nbsp;permease&nbsp;protein",74.0
1184267.A11Q_1483,pstB,Phosphate&nbsp;import&nbsp;ATP-binding&nbsp;protein&nbsp;PstB,73.8
1184267.A11Q_2607,atpG,ATP&nbsp;synthase&nbsp;gamma&nbsp;chain,73.7
1184267.A11Q_1955,A11Q_1955,ABC-type&nbsp;phosphonates&nbsp;transport&nbsp;system&nbsp;permease&nbsp;protein,73.7
1184267.A11Q_1910,rplD,50S&nbsp;ribosomal&nbsp;protein&nbsp;L4,73.5
1184267.A11Q_4,gyrB,DNA&nbsp;gyrase&nbsp;subunit&nbsp;B,73.3
1184267.A11Q_440,A11Q_440,Glycine&nbsp;cleavage&nbsp;system&nbsp;protein&nbsp;H-like&nbsp;protein,73.2
1184267.A11Q_307,A11Q_307,annotation&nbsp;not&nbsp;available,73.2
1184267.A11Q_1710,A11Q_1710,Phosphoglycerate&nbsp;dehydrogenase,73.2
1184267.A11Q_1900,rplE,50S&nbsp;ribosomal&nbsp;protein&nbsp;L5,72.7
1184267.A11Q_806,A11Q_806,ATP-dependent&nbsp;DNA&nbsp;helicase&nbsp;RecQ,72.7
1184267.A11Q_1709,A11Q_1709,"Aspartate&nbsp;aminotransferase,&nbsp;putative",72.6
1184267.A11Q_1023,A11Q_1023,annotation&nbsp;not&nbsp;available,72.5
1184267.A11Q_2574,grpE,Protein&nbsp;GrpE,72.3
1184267.A11Q_1326,glyA,Serine&nbsp;hydroxymethyltransferase,72.1
1184267.A11Q_1422,A11Q_1422,Preprotein&nbsp;translocase&nbsp;YajC&nbsp;subunit,72.0
1184267.A11Q_1921,rplK,50S&nbsp;ribosomal&nbsp;protein&nbsp;L11,71.9
1184267.A11Q_1038,A11Q_1038,annotation&nbsp;not&nbsp;available,71.9
1184267.A11Q_1924,tuf,Elongation&nbsp;factor&nbsp;Tu,71.9
1184267.A11Q_967,ruvA,Holliday&nbsp;junction&nbsp;ATP-dependent&nbsp;DNA&nbsp;helicase&nbsp;RuvA,71.8
1184267.A11Q_998,rpmG,annotation&nbsp;not&nbsp;available,71.8
1184267.A11Q_774,rpmB,annotation&nbsp;not&nbsp;available,71.7
1184267.A11Q_1491,pheS,Phenylalanine--tRNA&nbsp;ligase&nbsp;alpha&nbsp;subunit,71.7
1184267.A11Q_898,rpsT,30S&nbsp;ribosomal&nbsp;protein&nbsp;S20,71.7
1184267.A11Q_1071,A11Q_1071,Long-chain&nbsp;fatty-acid-CoA&nbsp;ligase,71.4
1184267.A11Q_2446,A11Q_2446,annotation&nbsp;not&nbsp;available,71.4
1184267.A11Q_1886,rplQ,50S&nbsp;ribosomal&nbsp;protein&nbsp;L17,71.3
1184267.A11Q_2174,A11Q_2174,annotation&nbsp;not&nbsp;available,71.1
1184267.A11Q_1947,A11Q_1947,NADH-quinone&nbsp;oxidoreductase&nbsp;subunit&nbsp;F,70.9
1184267.A11Q_588,A11Q_588,10&nbsp;kDa&nbsp;chaperonin,70.2
1184267.A11Q_9,atpB,ATP&nbsp;synthase&nbsp;subunit&nbsp;a,70.1
1184267.A11Q_1321,A11Q_1321,Malonyl&nbsp;CoA-acyl&nbsp;carrier&nbsp;protein&nbsp;transacylase,70.1
1184267.A11Q_870,A11Q_870,annotation&nbsp;not&nbsp;available,70.1
1184267.A11Q_1205,A11Q_1205,annotation&nbsp;not&nbsp;available,69.9
1184267.A11Q_914,A11Q_914,Lipoprotein&nbsp;releasing&nbsp;system&nbsp;transmembrane&nbsp;protein,69.8
1184267.A11Q_980,A11Q_980,Penicillin-binding&nbsp;protein,69.6
1184267.A11Q_2511,sucC,Succinate--CoA&nbsp;ligase&nbsp;[ADP-forming]&nbsp;subunit&nbsp;beta,69.4
1184267.A11Q_1223,A11Q_1223,"Cytochrome&nbsp;c&nbsp;oxidase,&nbsp;cbb3-type,&nbsp;subunit&nbsp;I",69.3
1184267.A11Q_564,A11Q_564,Flagellar&nbsp;basal-body&nbsp;rod&nbsp;protein&nbsp;FlgG,69.1
1184267.A11Q_71,gatA,Glutamyl-tRNA(Gln)&nbsp;amidotransferase&nbsp;subunit&nbsp;A,68.8
1184267.A11Q_166,A11Q_166,NADH&nbsp;dehydrogenase,68.8
1184267.A11Q_1510,A11Q_1510,Molybdopterin&nbsp;oxidoreductase,68.2
1184267.A11Q_1825,A11Q_1825,Uncharacterized&nbsp;protein,68.0
1184267.A11Q_1908,rplB,50S&nbsp;ribosomal&nbsp;protein&nbsp;L2,67.9
1184267.A11Q_1957,A11Q_1957,Phosphonates-binding&nbsp;protein,67.1
1184267.A11Q_72,gatB,Aspartyl/glutamyl-tRNA(Asn/Gln)&nbsp;amidotransferase&nbsp;subunit&nbsp;B,67.1
1184267.A11Q_976,A11Q_976,YjgP/YjgQ&nbsp;permease,67.0
1184267.A11Q_305,A11Q_305,annotation&nbsp;not&nbsp;available,67.0
1184267.A11Q_2046,A11Q_2046,Flagellar&nbsp;motor&nbsp;protein&nbsp;MotA,66.9
1184267.A11Q_830,pgk,Phosphoglycerate&nbsp;kinase,66.9
1184267.A11Q_1553,nusA,Transcription&nbsp;termination/antitermination&nbsp;protein&nbsp;NusA,66.8
1184267.A11Q_448,A11Q_448,Cytochrome&nbsp;c&nbsp;oxidase&nbsp;subunit&nbsp;2,66.8
1184267.A11Q_2146,A11Q_2146,Flagellar&nbsp;M-ring&nbsp;protein,66.7
1184267.A11Q_2066,tsaD,tRNA&nbsp;N6-adenosine&nbsp;threonylcarbamoyltransferase,66.7
1184267.A11Q_2596,A11Q_2596,NADH&nbsp;dehydrogenase&nbsp;I&nbsp;chain&nbsp;M,66.5
1184267.A11Q_2236,A11Q_2236,Peptide&nbsp;ABC&nbsp;transporter&nbsp;periplasmic&nbsp;protein,66.4
1184267.A11Q_829,A11Q_829,Glyceraldehyde-3-phosphate&nbsp;dehydrogenase,66.2
1184267.A11Q_1914,rpsG,30S&nbsp;ribosomal&nbsp;protein&nbsp;S7,66.2
1184267.A11Q_2520,A11Q_2520,DNA&nbsp;polymerase&nbsp;III&nbsp;alpha&nbsp;subunit,66.1
1184267.A11Q_649,A11Q_649,annotation&nbsp;not&nbsp;available,66.0
1184267.A11Q_1696,A11Q_1696,Vitamin&nbsp;B12-dependent&nbsp;ribonucleotide&nbsp;reductase,66.0
1184267.A11Q_2382,A11Q_2382,10&nbsp;kDa&nbsp;chaperonin,65.9
1184267.A11Q_128,A11Q_128,Glycoprotein&nbsp;endopeptidase,65.7
1184267.A11Q_19,A11Q_19,annotation&nbsp;not&nbsp;available,65.6
1184267.A11Q_377,A11Q_377,annotation&nbsp;not&nbsp;available,65.6
1184267.A11Q_745,A11Q_745,Aspartate&nbsp;carbamoyltransferase,65.4
1184267.A11Q_1225,A11Q_1225,Cytochrome-c&nbsp;oxidase&nbsp;fixP&nbsp;chain,65.4
1184267.A11Q_1485,A11Q_1485,Phosphate&nbsp;transport&nbsp;system&nbsp;permease&nbsp;protein,65.2
1184267.A11Q_308,A11Q_308,Chemotaxis&nbsp;response&nbsp;regulator&nbsp;protein-glutamate&nbsp;methylesterase,65.0
1184267.A11Q_657,kdpC,Potassium-transporting&nbsp;ATPase&nbsp;KdpC&nbsp;subunit,64.7
1184267.A11Q_1707,A11Q_1707,"DNA&nbsp;polymerase&nbsp;III,&nbsp;delta&nbsp;subunit",64.6
1184267.A11Q_443,secA,Protein&nbsp;translocase&nbsp;subunit&nbsp;SecA,64.6
1184267.A11Q_2089,A11Q_2089,Thiamine&nbsp;transport&nbsp;system&nbsp;permease&nbsp;protein&nbsp;ThiP,64.5
1184267.A11Q_736,A11Q_736,"ABC-type&nbsp;nitrate&nbsp;transporter,&nbsp;ATPase&nbsp;component",64.5
1184267.A11Q_915,lolD,Lipoprotein-releasing&nbsp;system&nbsp;ATP-binding&nbsp;protein&nbsp;LolD,64.4
1184267.A11Q_1262,lptD,LPS-assembly&nbsp;protein&nbsp;LptD,64.4
1184267.A11Q_658,A11Q_658,Two-component&nbsp;sensor&nbsp;KdpD,64.4
1184267.A11Q_2135,A11Q_2135,Macrolide-specific&nbsp;efflux&nbsp;protein,63.9
1184267.A11Q_1273,A11Q_1273,3-oxoacid&nbsp;CoA-transferase&nbsp;subunit&nbsp;A,63.8
1184267.A11Q_1435,A11Q_1435,annotation&nbsp;not&nbsp;available,63.8
1184267.A11Q_1486,A11Q_1486,annotation&nbsp;not&nbsp;available,63.7
1184267.A11Q_2149,A11Q_2149,Flagellar&nbsp;basal&nbsp;body&nbsp;rod&nbsp;protein&nbsp;FlgB,63.7
1184267.A11Q_1639,clpS,ATP-dependent&nbsp;Clp&nbsp;protease&nbsp;adapter&nbsp;protein&nbsp;ClpS,63.0
1184267.A11Q_133,frr,Ribosome-recycling&nbsp;factor,63.0
1184267.A11Q_546,rplM,50S&nbsp;ribosomal&nbsp;protein&nbsp;L13,62.9
1184267.A11Q_451,A11Q_451,annotation&nbsp;not&nbsp;available,62.5
1184267.A11Q_1412,A11Q_1412,Cytochrome&nbsp;aa3&nbsp;controlling&nbsp;protein&nbsp;CtaA,62.5
1184267.A11Q_1501,fni,Isopentenyl-diphosphate&nbsp;delta-isomerase,62.3
1184267.A11Q_1916,rpoC,DNA-directed&nbsp;RNA&nbsp;polymerase&nbsp;subunit&nbsp;beta',62.3
1184267.A11Q_1915,rpsL,30S&nbsp;ribosomal&nbsp;protein&nbsp;S12,62.0
1184267.A11Q_1484,A11Q_1484,Phosphate&nbsp;transport&nbsp;system&nbsp;permease&nbsp;protein&nbsp;PstA,61.9
1184267.A11Q_2074,A11Q_2074,Aspartate&nbsp;aminotransferase,61.8
1184267.A11Q_1334,A11Q_1334,Ribonucleoside-diphosphate&nbsp;reductase&nbsp;subunit&nbsp;beta,61.6
1184267.A11Q_1400,A11Q_1400,Putative&nbsp;oligopeptide&nbsp;transport&nbsp;system&nbsp;ATP-binding&nbsp;protein,61.5
1184267.A11Q_1096,A11Q_1096,Uncharacterized&nbsp;protein,61.4
1184267.A11Q_452,ctaB,Protoheme&nbsp;IX&nbsp;farnesyltransferase,61.1
1184267.A11Q_1928,A11Q_1928,Orotidine&nbsp;5'-phosphate&nbsp;decarboxylase,61.1
1184267.A11Q_573,A11Q_573,annotation&nbsp;not&nbsp;available,61.1
1184267.A11Q_1760,A11Q_1760,annotation&nbsp;not&nbsp;available,60.8
1184267.A11Q_82,rpmE2,50S&nbsp;ribosomal&nbsp;protein&nbsp;L31&nbsp;type&nbsp;B,60.8
1184267.A11Q_1315,A11Q_1315,Leucine&nbsp;dehydrogenase,60.7
1184267.A11Q_1887,rpoA,DNA-directed&nbsp;RNA&nbsp;polymerase&nbsp;subunit&nbsp;alpha,60.7
1184267.A11Q_563,A11Q_563,Flagellar&nbsp;basal-body&nbsp;rod&nbsp;protein&nbsp;FlgF,60.6
1184267.A11Q_660,gcvH,Glycine&nbsp;cleavage&nbsp;system&nbsp;H&nbsp;protein,60.6
1184267.A11Q_837,A11Q_837,30S&nbsp;ribosomal&nbsp;protein&nbsp;S1,60.5
1184267.A11Q_1209,A11Q_1209,annotation&nbsp;not&nbsp;available,60.3
1184267.A11Q_2126,A11Q_2126,"Branched-chain&nbsp;amino&nbsp;acid&nbsp;ABC&nbsp;transporter,&nbsp;permease&nbsp;protein",60.2
1184267.A11Q_608,A11Q_608,Flagellar&nbsp;motor&nbsp;switch&nbsp;protein&nbsp;FliN,60.1
1184267.A11Q_10,atpE,ATP&nbsp;synthase&nbsp;subunit&nbsp;c,59.9
1184267.A11Q_83,prfA,Peptide&nbsp;chain&nbsp;release&nbsp;factor&nbsp;1,59.9
1184267.A11Q_1636,A11Q_1636,Chaperone&nbsp;protein&nbsp;DnaJ,59.8
1184267.A11Q_825,A11Q_825,annotation&nbsp;not&nbsp;available,59.7
1184267.A11Q_895,A11Q_895,"Pyruvate,&nbsp;phosphate&nbsp;dikinase",59.5
1184267.A11Q_17,A11Q_17,Electron&nbsp;transfer&nbsp;flavoprotein&nbsp;subunit&nbsp;alpha,59.5
1184267.A11Q_311,A11Q_311,annotation&nbsp;not&nbsp;available,59.4
1184267.A11Q_2223,A11Q_2223,annotation&nbsp;not&nbsp;available,59.3
1184267.A11Q_1489,himA,Integration&nbsp;host&nbsp;factor&nbsp;subunit&nbsp;alpha,59.3
1184267.A11Q_157,A11Q_157,Penicillin-binding&nbsp;protein&nbsp;1A,59.1
1184267.A11Q_1902,rpsQ,30S&nbsp;ribosomal&nbsp;protein&nbsp;S17,58.9
1184267.A11Q_1930,A11Q_1930,Nitrogen&nbsp;assimilation&nbsp;regulatory&nbsp;protein&nbsp;NtrX,58.9
1184267.A11Q_693,A11Q_693,MaoC&nbsp;family&nbsp;protein,58.9
1184267.A11Q_1773,A11Q_1773,annotation&nbsp;not&nbsp;available,58.7
1184267.A11Q_469,A11Q_469,annotation&nbsp;not&nbsp;available,58.7
1184267.A11Q_1203,A11Q_1203,annotation&nbsp;not&nbsp;available,58.7
1184267.A11Q_1290,A11Q_1290,DNA-directed&nbsp;DNA&nbsp;polymerase,58.5
1184267.A11Q_1974,A11Q_1974,ABC-type&nbsp;organic&nbsp;solvent&nbsp;resistance&nbsp;transport&nbsp;system&nbsp;permease&nbsp;protein,58.5
1184267.A11Q_1949,A11Q_1949,"NADH&nbsp;dehydrogenase&nbsp;I,D&nbsp;subunit",58.4
1184267.A11Q_1365,A11Q_1365,Cysteine&nbsp;desulfurase&nbsp;involved&nbsp;in&nbsp;Fe-S&nbsp;clsuter&nbsp;assembly,58.4
1184267.A11Q_136,rpsB,30S&nbsp;ribosomal&nbsp;protein&nbsp;S2,58.3
1184267.A11Q_1816,A11Q_1816,Dihydrolipoyllysine-residue&nbsp;succinyltransferase&nbsp;component&nbsp;of&nbsp;2-oxoglutarate&nbsp;dehydrogenase&nbsp;complex,58.2
1184267.A11Q_2533,rplU,50S&nbsp;ribosomal&nbsp;protein&nbsp;L21,58.0
1184267.A11Q_2381,groL,60&nbsp;kDa&nbsp;chaperonin,57.9
1184267.A11Q_547,rpsI,30S&nbsp;ribosomal&nbsp;protein&nbsp;S9,57.9
1184267.A11Q_1421,secD,Protein&nbsp;translocase&nbsp;subunit&nbsp;SecD,57.8
1184267.A11Q_1903,rpmC,50S&nbsp;ribosomal&nbsp;protein&nbsp;L29,57.7
1184267.A11Q_594,A11Q_594,annotation&nbsp;not&nbsp;available,57.7
1184267.A11Q_1640,A11Q_1640,ATP-dependent&nbsp;Clp&nbsp;protease&nbsp;subunit,57.6
1184267.A11Q_748,A11Q_748,Carbamoyl-phosphate&nbsp;synthase&nbsp;(glutamine-hydrolyzing),57.5
1184267.A11Q_648,A11Q_648,annotation&nbsp;not&nbsp;available,57.3
1184267.A11Q_835,hisC,Histidinol-phosphate&nbsp;aminotransferase,57.2
1184267.A11Q_794,A11Q_794,3-methyl-2-oxobutanoate&nbsp;dehydrogenase,57.1
1184267.A11Q_2123,pfkA,ATP-dependent&nbsp;6-phosphofructokinase,56.8
1184267.A11Q_1695,A11Q_1695,annotation&nbsp;not&nbsp;available,56.8
1184267.A11Q_1351,A11Q_1351,DNA&nbsp;mismatch&nbsp;repair&nbsp;protein&nbsp;MutS,56.4
1184267.A11Q_1708,A11Q_1708,annotation&nbsp;not&nbsp;available,56.4
1184267.A11Q_1734,A11Q_1734,annotation&nbsp;not&nbsp;available,56.4
1184267.A11Q_795,A11Q_795,3-methyl-2-oxobutanoate&nbsp;dehydrogenase,56.3
1184267.A11Q_737,A11Q_737,RNA&nbsp;polymerase&nbsp;sigma-54&nbsp;factor,56.1
1184267.A11Q_670,A11Q_670,DNA-binding&nbsp;protein&nbsp;HU,56.1
1184267.A11Q_1508,A11Q_1508,Uncharacterized&nbsp;protein,55.9
1184267.A11Q_1899,rpsN,30S&nbsp;ribosomal&nbsp;protein&nbsp;S14,55.7
1184267.A11Q_306,A11Q_306,annotation&nbsp;not&nbsp;available,55.6
1184267.A11Q_2618,mnmE,tRNA&nbsp;modification&nbsp;GTPase&nbsp;MnmE,55.4
1184267.A11Q_2445,A11Q_2445,annotation&nbsp;not&nbsp;available,55.2
1184267.A11Q_2608,atpA,ATP&nbsp;synthase&nbsp;subunit&nbsp;alpha,55.1
1184267.A11Q_21,A11Q_21,Succinate&nbsp;dehydrogenase/fumarate&nbsp;reductase&nbsp;iron-sulfur&nbsp;subunit,54.9
1184267.A11Q_1898,rpsH,30S&nbsp;ribosomal&nbsp;protein&nbsp;S8,54.7
1184267.A11Q_527,proC,Pyrroline-5-carboxylate&nbsp;reductase,54.7
1184267.A11Q_2606,atpD,ATP&nbsp;synthase&nbsp;subunit&nbsp;beta,54.6
1184267.A11Q_1018,A11Q_1018,annotation&nbsp;not&nbsp;available,54.5
1184267.A11Q_2314,A11Q_2314,Transport&nbsp;protein&nbsp;involved&nbsp;in&nbsp;the,54.4
1184267.A11Q_2316,A11Q_2316,Cysteine&nbsp;desulfurase&nbsp;activator&nbsp;complex&nbsp;subunit&nbsp;SufB,54.2
1184267.A11Q_675,A11Q_675,Glutamate&nbsp;dehydrogenase,54.1
1184267.A11Q_2617,gidA,tRNA&nbsp;uridine&nbsp;5-carboxymethylaminomethyl&nbsp;modification&nbsp;enzyme&nbsp;MnmG,54.0
1184267.A11Q_32,rplI,50S&nbsp;ribosomal&nbsp;protein&nbsp;L9,53.8
1184267.A11Q_450,A11Q_450,Cytochrome&nbsp;c&nbsp;oxidase&nbsp;subunit&nbsp;III,53.8
1184267.A11Q_2030,A11Q_2030,Cell&nbsp;division&nbsp;protein,53.7
1184267.A11Q_2128,A11Q_2128,Branched-chain&nbsp;amino&nbsp;acid&nbsp;transport&nbsp;system&nbsp;ATP-binding&nbsp;protein,53.6
1184267.A11Q_1379,A11Q_1379,"Fructose-1,6-bisphosphatase",53.5
1184267.A11Q_2620,yidC,Membrane&nbsp;protein&nbsp;insertase&nbsp;YidC,53.1
1184267.A11Q_2008,ftsA,Cell&nbsp;division&nbsp;protein&nbsp;FtsA,53.1
1184267.A11Q_1549,rpsO,30S&nbsp;ribosomal&nbsp;protein&nbsp;S15,52.9
1184267.A11Q_309,A11Q_309,annotation&nbsp;not&nbsp;available,52.8
1184267.A11Q_1892,secY,Protein&nbsp;translocase&nbsp;subunit&nbsp;SecY,52.6
1184267.A11Q_2216,A11Q_2216,Pyruvate&nbsp;dehydrogenase&nbsp;E1&nbsp;component,52.6
1184267.A11Q_18,A11Q_18,Electron&nbsp;transfer&nbsp;flavoprotein&nbsp;beta-subunit,52.0
1184267.A11Q_697,A11Q_697,Dihydrolipoamide&nbsp;acetyltransferase&nbsp;component&nbsp;of&nbsp;pyruvate&nbsp;dehydrogenase&nbsp;complex,51.7
1184267.A11Q_933,A11Q_933,Regulator&nbsp;protein&nbsp;pilR,51.5
1184267.A11Q_1653,A11Q_1653,3-isopropylmalate&nbsp;dehydrogenase,51.5
1184267.A11Q_202,dnaX,DNA&nbsp;polymerase&nbsp;III&nbsp;subunit&nbsp;gamma/tau,51.3
1184267.A11Q_1420,secF,Protein-export&nbsp;membrane&nbsp;protein&nbsp;SecF,51.3
1184267.A11Q_449,A11Q_449,Cytochrome&nbsp;c&nbsp;oxidase&nbsp;subunit&nbsp;I,51.3
1184267.A11Q_1705,A11Q_1705,Signal&nbsp;recognition&nbsp;particle-docking&nbsp;protein&nbsp;FtsY,51.0
1184267.A11Q_489,A11Q_489,Uncharacterized&nbsp;protein,51.0
1184267.A11Q_569,A11Q_569,"FlgM,&nbsp;negative&nbsp;regulator&nbsp;of&nbsp;flagellin&nbsp;synthesis",51.0
1184267.A11Q_1211,A11Q_1211,Chemotaxis&nbsp;response&nbsp;regulator&nbsp;protein-glutamate&nbsp;methylesterase,51.0
