1437609.BCAL_0735,nrdR,Transcriptional&nbsp;repressor&nbsp;NrdR,98.6
1437609.BCAL_2161,BCAL_2161,annotation&nbsp;not&nbsp;available,98.6
1437609.BCAL_0791,folD,Bifunctional&nbsp;protein&nbsp;FolD,98.6
1437609.BCAL_2075,BCAL_2075,annotation&nbsp;not&nbsp;available,98.5
1437609.BCAL_0254,pgk,annotation&nbsp;not&nbsp;available,98.2
1437609.BCAL_0324,BCAL_0324,annotation&nbsp;not&nbsp;available,98.1
1437609.BCAL_2135,rplK,50S&nbsp;ribosomal&nbsp;protein&nbsp;L11,98.1
1437609.BCAL_1898,BCAL_1898,Aconitate&nbsp;hydratase,98.0
1437609.BCAL_1244,BCAL_1244,annotation&nbsp;not&nbsp;available,97.9
1437609.BCAL_1935,rpsF,30S&nbsp;ribosomal&nbsp;protein&nbsp;S6,97.9
1437609.BCAL_1736,BCAL_1736,annotation&nbsp;not&nbsp;available,97.8
1437609.BCAL_0222,pyrF,annotation&nbsp;not&nbsp;available,97.6
1437609.BCAL_1004,BCAL_1004,annotation&nbsp;not&nbsp;available,97.5
1437609.BCAL_1926,BCAL_1926,"6-phosphogluconate&nbsp;dehydrogenase,&nbsp;decarboxylating",97.3
1437609.BCAL_1125,BCAL_1125,annotation&nbsp;not&nbsp;available,97.2
1437609.BCAL_1051,argB,Acetylglutamate&nbsp;kinase,97.2
1437609.BCAL_1310,rpsC,30S&nbsp;ribosomal&nbsp;protein&nbsp;S3,97.1
1437609.BCAL_0085,groL,60&nbsp;kDa&nbsp;chaperonin,96.8
1437609.BCAL_1314,rplN,50S&nbsp;ribosomal&nbsp;protein&nbsp;L14,96.7
1437609.BCAL_1289,BCAL_1289,annotation&nbsp;not&nbsp;available,96.5
1437609.BCAL_2128,rplU,50S&nbsp;ribosomal&nbsp;protein&nbsp;L21,96.5
1437609.BCAL_2302,ureG,Urease&nbsp;accessory&nbsp;protein&nbsp;UreG,96.4
1437609.BCAL_0485,guaB,Inosine-5'-monophosphate&nbsp;dehydrogenase,96.3
1437609.BCAL_2253,BCAL_2253,annotation&nbsp;not&nbsp;available,96.2
1437609.BCAL_1797,BCAL_1797,Cysteine&nbsp;desulfurase,96.2
1437609.BCAL_1476,BCAL_1476,annotation&nbsp;not&nbsp;available,96.1
1437609.BCAL_1306,rplW,50S&nbsp;ribosomal&nbsp;protein&nbsp;L23,96.1
1437609.BCAL_2159,BCAL_2159,annotation&nbsp;not&nbsp;available,96.0
1437609.BCAL_1929,zwf,Glucose-6-phosphate&nbsp;1-dehydrogenase,95.8
1437609.BCAL_0858,rpsP,annotation&nbsp;not&nbsp;available,95.7
1437609.BCAL_2355,BCAL_2355,annotation&nbsp;not&nbsp;available,95.7
1437609.BCAL_2297,ureC,annotation&nbsp;not&nbsp;available,95.7
1437609.BCAL_2361,BCAL_2361,annotation&nbsp;not&nbsp;available,95.6
1437609.BCAL_0096,BCAL_0096,annotation&nbsp;not&nbsp;available,95.3
1437609.BCAL_1810,BCAL_1810,annotation&nbsp;not&nbsp;available,95.2
1437609.BCAL_1330,rpoA,DNA-directed&nbsp;RNA&nbsp;polymerase&nbsp;subunit&nbsp;alpha,95.2
1437609.BCAL_0304,BCAL_0304,annotation&nbsp;not&nbsp;available,95.2
1437609.BCAL_0266,BCAL_0266,annotation&nbsp;not&nbsp;available,95.1
1437609.BCAL_1883,sucD,Succinate--CoA&nbsp;ligase&nbsp;[ADP-forming]&nbsp;subunit&nbsp;alpha,95.0
1437609.BCAL_1416,BCAL_1416,Phosphoenolpyruvate-protein&nbsp;phosphotransferase,95.0
1437609.BCAL_0054,gmk,Guanylate&nbsp;kinase,94.8
1437609.BCAL_1327,BCAL_1327,annotation&nbsp;not&nbsp;available,94.8
1437609.BCAL_2136,rplA,50S&nbsp;ribosomal&nbsp;protein&nbsp;L1,94.7
1437609.BCAL_1857,BCAL_1857,annotation&nbsp;not&nbsp;available,94.4
1437609.BCAL_2160,BCAL_2160,annotation&nbsp;not&nbsp;available,94.2
1437609.BCAL_0281,BCAL_0281,annotation&nbsp;not&nbsp;available,94.1
1437609.BCAL_0275,uppP,Undecaprenyl-diphosphatase,94.0
1437609.BCAL_0829,proA,Gamma-glutamyl&nbsp;phosphate&nbsp;reductase,94.0
1437609.BCAL_0653,BCAL_0653,annotation&nbsp;not&nbsp;available,93.6
1437609.BCAL_1746,atpG,ATP&nbsp;synthase&nbsp;gamma&nbsp;chain,93.6
1437609.BCAL_1248,pstB,Phosphate&nbsp;import&nbsp;ATP-binding&nbsp;protein&nbsp;PstB,93.5
1437609.BCAL_2053,BCAL_2053,annotation&nbsp;not&nbsp;available,93.5
1437609.BCAL_0771,BCAL_0771,annotation&nbsp;not&nbsp;available,93.5
1437609.BCAL_1299,BCAL_1299,annotation&nbsp;not&nbsp;available,93.3
1437609.BCAL_2224,BCAL_2224,annotation&nbsp;not&nbsp;available,93.2
1437609.BCAL_2352,BCAL_2352,annotation&nbsp;not&nbsp;available,93.0
1437609.BCAL_2196,BCAL_2196,annotation&nbsp;not&nbsp;available,92.9
1437609.BCAL_0129,BCAL_0129,annotation&nbsp;not&nbsp;available,92.9
1437609.BCAL_1076,BCAL_1076,annotation&nbsp;not&nbsp;available,92.8
1437609.BCAL_0982,BCAL_0982,Dihydroorotate&nbsp;dehydrogenase&nbsp;(quinone),92.6
1437609.BCAL_1204,BCAL_1204,annotation&nbsp;not&nbsp;available,92.6
1437609.BCAL_0831,BCAL_0831,annotation&nbsp;not&nbsp;available,92.4
1437609.BCAL_0696,BCAL_0696,annotation&nbsp;not&nbsp;available,92.3
1437609.BCAL_1372,BCAL_1372,annotation&nbsp;not&nbsp;available,92.2
1437609.BCAL_2358,dnaK,Chaperone&nbsp;protein&nbsp;DnaK,92.1
1437609.BCAL_0215,BCAL_0215,Permease&nbsp;IIC&nbsp;component,92.1
1437609.BCAL_1267,BCAL_1267,annotation&nbsp;not&nbsp;available,92.0
1437609.BCAL_0662,BCAL_0662,annotation&nbsp;not&nbsp;available,92.0
1437609.BCAL_1971,BCAL_1971,Phosphoenolpyruvate&nbsp;carboxylase,91.9
1437609.BCAL_1395,BCAL_1395,annotation&nbsp;not&nbsp;available,91.7
1437609.BCAL_0664,ispH,4-hydroxy-3-methylbut-2-enyl&nbsp;diphosphate&nbsp;reductase,91.3
1437609.BCAL_1790,pyrG,CTP&nbsp;synthase,91.2
1437609.BCAL_1331,rplQ,annotation&nbsp;not&nbsp;available,91.1
1437609.BCAL_2168,BCAL_2168,annotation&nbsp;not&nbsp;available,91.1
1437609.BCAL_0657,rplT,50S&nbsp;ribosomal&nbsp;protein&nbsp;L20,90.8
1437609.BCAL_2067,BCAL_2067,annotation&nbsp;not&nbsp;available,90.7
1437609.BCAL_0216,BCAL_0216,annotation&nbsp;not&nbsp;available,90.7
1437609.BCAL_1985,BCAL_1985,annotation&nbsp;not&nbsp;available,90.3
1437609.BCAL_0201,BCAL_0201,annotation&nbsp;not&nbsp;available,90.3
1437609.BCAL_1264,rpmG,annotation&nbsp;not&nbsp;available,90.0
1437609.BCAL_2092,rpmH,annotation&nbsp;not&nbsp;available,89.9
1437609.BCAL_0410,BCAL_0410,annotation&nbsp;not&nbsp;available,89.4
1437609.BCAL_1779,rpsD,30S&nbsp;ribosomal&nbsp;protein&nbsp;S4,89.3
1437609.BCAL_1965,BCAL_1965,annotation&nbsp;not&nbsp;available,89.2
1437609.BCAL_1261,groS,10&nbsp;kDa&nbsp;chaperonin,89.2
1437609.BCAL_2059,BCAL_2059,annotation&nbsp;not&nbsp;available,89.2
1437609.BCAL_0255,BCAL_0255,annotation&nbsp;not&nbsp;available,89.1
1437609.BCAL_1881,purH,annotation&nbsp;not&nbsp;available,89.1
1437609.BCAL_1462,BCAL_1462,annotation&nbsp;not&nbsp;available,89.0
1437609.BCAL_1544,BCAL_1544,(P)ppGpp&nbsp;synthetase,88.9
1437609.BCAL_1412,BCAL_1412,annotation&nbsp;not&nbsp;available,88.8
1437609.BCAL_1247,BCAL_1247,annotation&nbsp;not&nbsp;available,88.7
1437609.BCAL_2235,BCAL_2235,annotation&nbsp;not&nbsp;available,88.7
1437609.BCAL_0412,BCAL_0412,annotation&nbsp;not&nbsp;available,88.6
1437609.BCAL_1498,BCAL_1498,annotation&nbsp;not&nbsp;available,88.1
1437609.BCAL_1823,trpE,Anthranilate&nbsp;synthase&nbsp;component&nbsp;1,88.0
1437609.BCAL_1812,BCAL_1812,annotation&nbsp;not&nbsp;available,87.9
1437609.BCAL_0127,prs,Ribose-phosphate&nbsp;pyrophosphokinase,87.8
1437609.BCAL_0451,BCAL_0451,annotation&nbsp;not&nbsp;available,87.5
1437609.BCAL_0390,pdxT,Pyridoxal&nbsp;5'-phosphate&nbsp;synthase&nbsp;subunit&nbsp;PdxT,87.5
1437609.BCAL_1099,hisC,annotation&nbsp;not&nbsp;available,87.5
1437609.BCAL_1287,rplM,50S&nbsp;ribosomal&nbsp;protein&nbsp;L13,87.4
1437609.BCAL_1384,ppk,Polyphosphate&nbsp;kinase,87.2
1437609.BCAL_2353,BCAL_2353,annotation&nbsp;not&nbsp;available,87.0
1437609.BCAL_0778,aspS,Aspartate--tRNA(Asp/Asn)&nbsp;ligase,87.0
1437609.BCAL_2194,BCAL_2194,annotation&nbsp;not&nbsp;available,86.9
1437609.BCAL_0297,BCAL_0297,annotation&nbsp;not&nbsp;available,86.8
1437609.BCAL_1764,BCAL_1764,annotation&nbsp;not&nbsp;available,86.7
1437609.BCAL_0888,rplS,50S&nbsp;ribosomal&nbsp;protein&nbsp;L19,86.5
1437609.BCAL_0223,BCAL_0223,annotation&nbsp;not&nbsp;available,86.5
1437609.BCAL_1444,leuC,3-isopropylmalate&nbsp;dehydratase&nbsp;large&nbsp;subunit,86.5
1437609.BCAL_0258,BCAL_0258,annotation&nbsp;not&nbsp;available,86.4
1437609.BCAL_1522,trpD,Anthranilate&nbsp;phosphoribosyltransferase,86.4
1437609.BCAL_1546,BCAL_1546,annotation&nbsp;not&nbsp;available,85.9
1437609.BCAL_1208,BCAL_1208,annotation&nbsp;not&nbsp;available,85.9
1437609.BCAL_1085,BCAL_1085,annotation&nbsp;not&nbsp;available,85.8
1437609.BCAL_0994,rpoB,DNA-directed&nbsp;RNA&nbsp;polymerase&nbsp;subunit&nbsp;beta,85.7
1437609.BCAL_0418,dapA,4-hydroxy-tetrahydrodipicolinate&nbsp;synthase,85.7
1437609.BCAL_1814,rpsB,annotation&nbsp;not&nbsp;available,85.6
1437609.BCAL_1116,BCAL_1116,annotation&nbsp;not&nbsp;available,85.5
1437609.BCAL_1966,BCAL_1966,annotation&nbsp;not&nbsp;available,85.4
1437609.BCAL_1035,argH,annotation&nbsp;not&nbsp;available,85.4
1437609.BCAL_1884,sucC,Succinate--CoA&nbsp;ligase&nbsp;[ADP-forming]&nbsp;subunit&nbsp;beta,85.2
1437609.BCAL_1550,BCAL_1550,annotation&nbsp;not&nbsp;available,85.2
1437609.BCAL_2058,BCAL_2058,annotation&nbsp;not&nbsp;available,85.0
1437609.BCAL_2200,BCAL_2200,annotation&nbsp;not&nbsp;available,84.9
1437609.BCAL_1478,BCAL_1478,annotation&nbsp;not&nbsp;available,84.6
1437609.BCAL_0335,BCAL_0335,annotation&nbsp;not&nbsp;available,84.5
1437609.BCAL_1751,atpB,ATP&nbsp;synthase&nbsp;subunit&nbsp;a,84.4
1437609.BCAL_2254,BCAL_2254,annotation&nbsp;not&nbsp;available,84.4
1437609.BCAL_0010,purE,N5-carboxyaminoimidazole&nbsp;ribonucleotide&nbsp;mutase,84.4
1437609.BCAL_1906,BCAL_1906,annotation&nbsp;not&nbsp;available,84.4
1437609.BCAL_2204,BCAL_2204,annotation&nbsp;not&nbsp;available,84.2
1437609.BCAL_0773,BCAL_0773,annotation&nbsp;not&nbsp;available,84.2
1437609.BCAL_1338,infB,Translation&nbsp;initiation&nbsp;factor&nbsp;IF-2,84.1
1437609.BCAL_0025,purF,Amidophosphoribosyltransferase,84.0
1437609.BCAL_0217,BCAL_0217,annotation&nbsp;not&nbsp;available,83.8
1437609.BCAL_1437,gltX,Glutamate--tRNA&nbsp;ligase,83.7
1437609.BCAL_1749,atpF,ATP&nbsp;synthase&nbsp;subunit&nbsp;b,83.7
1437609.BCAL_2304,ureE,Urease&nbsp;accessory&nbsp;protein&nbsp;UreE,83.7
1437609.BCAL_1665,BCAL_1665,dTDP-4-dehydrorhamnose&nbsp;reductase,83.6
1437609.BCAL_0279,BCAL_0279,annotation&nbsp;not&nbsp;available,83.6
1437609.BCAL_1531,sigA,RNA&nbsp;polymerase&nbsp;sigma&nbsp;factor&nbsp;SigA,83.4
1437609.BCAL_1477,BCAL_1477,annotation&nbsp;not&nbsp;available,83.0
1437609.BCAL_1800,glgC,Glucose-1-phosphate&nbsp;adenylyltransferase,83.0
1437609.BCAL_1888,ruvA,Holliday&nbsp;junction&nbsp;ATP-dependent&nbsp;DNA&nbsp;helicase&nbsp;RuvA,83.0
1437609.BCAL_1329,rpsK,30S&nbsp;ribosomal&nbsp;protein&nbsp;S11,82.9
1437609.BCAL_0661,BCAL_0661,annotation&nbsp;not&nbsp;available,82.9
1437609.BCAL_0491,rpmE,50S&nbsp;ribosomal&nbsp;protein&nbsp;L31,82.6
1437609.BCAL_0224,pyrD,Dihydroorotate&nbsp;dehydrogenase,82.6
1437609.BCAL_2163,BCAL_2163,annotation&nbsp;not&nbsp;available,82.4
1437609.BCAL_1512,secA,Protein&nbsp;translocase&nbsp;subunit&nbsp;SecA,82.3
1437609.BCAL_1182,BCAL_1182,annotation&nbsp;not&nbsp;available,82.0
1437609.BCAL_1130,rpoZ,DNA-directed&nbsp;RNA&nbsp;polymerase&nbsp;subunit&nbsp;omega,82.0
1437609.BCAL_1748,atpH,ATP&nbsp;synthase&nbsp;subunit&nbsp;delta,82.0
1437609.BCAL_1239,BCAL_1239,Phospho-2-dehydro-3-deoxyheptonate&nbsp;aldolase,82.0
1437609.BCAL_2292,BCAL_2292,annotation&nbsp;not&nbsp;available,81.7
1437609.BCAL_2036,BCAL_2036,annotation&nbsp;not&nbsp;available,81.7
1437609.BCAL_0225,pyrE,Orotate&nbsp;phosphoribosyltransferase,81.6
1437609.BCAL_2199,BCAL_2199,annotation&nbsp;not&nbsp;available,81.5
1437609.BCAL_1818,frr,Ribosome-recycling&nbsp;factor,81.5
1437609.BCAL_0393,BCAL_0393,annotation&nbsp;not&nbsp;available,81.4
1437609.BCAL_2133,secE,Protein&nbsp;translocase&nbsp;subunit&nbsp;SecE,81.0
1437609.BCAL_0984,BCAL_0984,annotation&nbsp;not&nbsp;available,80.9
1437609.BCAL_1850,BCAL_1850,annotation&nbsp;not&nbsp;available,80.8
1437609.BCAL_0033,purC,annotation&nbsp;not&nbsp;available,80.4
1437609.BCAL_0466,BCAL_0466,annotation&nbsp;not&nbsp;available,80.3
1437609.BCAL_1095,hisA,annotation&nbsp;not&nbsp;available,80.0
1437609.BCAL_0397,BCAL_0397,annotation&nbsp;not&nbsp;available,79.9
1437609.BCAL_1551,nadE,Glutamine-dependent&nbsp;NAD(+)&nbsp;synthetase,79.8
1437609.BCAL_1311,rplP,50S&nbsp;ribosomal&nbsp;protein&nbsp;L16,79.8
1437609.BCAL_0630,BCAL_0630,annotation&nbsp;not&nbsp;available,79.6
1437609.BCAL_1251,rplJ,50S&nbsp;ribosomal&nbsp;protein&nbsp;L10,79.6
1437609.BCAL_0011,purK,N5-carboxyaminoimidazole&nbsp;ribonucleotide&nbsp;synthase,79.3
1437609.BCAL_1337,nusA,Transcription&nbsp;termination/antitermination&nbsp;protein&nbsp;NusA,79.2
1437609.BCAL_0610,BCAL_0610,annotation&nbsp;not&nbsp;available,78.9
1437609.BCAL_1480,BCAL_1480,annotation&nbsp;not&nbsp;available,78.8
1437609.BCAL_1093,BCAL_1093,annotation&nbsp;not&nbsp;available,78.8
1437609.BCAL_0416,BCAL_0416,annotation&nbsp;not&nbsp;available,78.8
1437609.BCAL_1011,xseA,Exodeoxyribonuclease&nbsp;7&nbsp;large&nbsp;subunit,78.7
1437609.BCAL_1509,recA,Protein&nbsp;RecA,78.6
1437609.BCAL_0979,BCAL_0979,annotation&nbsp;not&nbsp;available,78.3
1437609.BCAL_0639,BCAL_0639,Ribonucleoside-diphosphate&nbsp;reductase,77.8
1437609.BCAL_0995,rpoC,DNA-directed&nbsp;RNA&nbsp;polymerase&nbsp;subunit&nbsp;beta',77.8
1437609.BCAL_0434,glmS,Glutamine--fructose-6-phosphate&nbsp;aminotransferase&nbsp;[isomerizing],77.8
1437609.BCAL_1376,BCAL_1376,annotation&nbsp;not&nbsp;available,77.7
1437609.BCAL_1315,rplX,50S&nbsp;ribosomal&nbsp;protein&nbsp;L24,77.7
1437609.BCAL_0251,BCAL_0251,annotation&nbsp;not&nbsp;available,77.6
1437609.BCAL_0786,BCAL_0786,annotation&nbsp;not&nbsp;available,77.5
1437609.BCAL_1319,rplF,50S&nbsp;ribosomal&nbsp;protein&nbsp;L6,77.5
1437609.BCAL_0122,BCAL_0122,annotation&nbsp;not&nbsp;available,77.4
1437609.BCAL_1000,BCAL_1000,annotation&nbsp;not&nbsp;available,77.1
1437609.BCAL_2145,BCAL_2145,annotation&nbsp;not&nbsp;available,77.1
1437609.BCAL_1636,BCAL_1636,annotation&nbsp;not&nbsp;available,76.9
1437609.BCAL_0315,BCAL_0315,annotation&nbsp;not&nbsp;available,76.9
1437609.BCAL_0865,BCAL_0865,annotation&nbsp;not&nbsp;available,76.8
1437609.BCAL_1087,BCAL_1087,annotation&nbsp;not&nbsp;available,76.8
1437609.BCAL_1505,BCAL_1505,annotation&nbsp;not&nbsp;available,76.7
1437609.BCAL_1897,BCAL_1897,annotation&nbsp;not&nbsp;available,76.6
1437609.BCAL_1744,BCAL_1744,annotation&nbsp;not&nbsp;available,76.4
1437609.BCAL_2339,BCAL_2339,annotation&nbsp;not&nbsp;available,76.4
1437609.BCAL_2066,BCAL_2066,annotation&nbsp;not&nbsp;available,76.4
1437609.BCAL_0594,BCAL_0594,annotation&nbsp;not&nbsp;available,76.3
1437609.BCAL_1349,BCAL_1349,annotation&nbsp;not&nbsp;available,76.0
1437609.BCAL_0134,BCAL_0134,annotation&nbsp;not&nbsp;available,75.9
1437609.BCAL_0506,BCAL_0506,annotation&nbsp;not&nbsp;available,75.9
1437609.BCAL_0250,uvrC,UvrABC&nbsp;system&nbsp;protein&nbsp;C,75.8
1437609.BCAL_0299,rpsT,30S&nbsp;ribosomal&nbsp;protein&nbsp;S20,75.8
1437609.BCAL_1887,ruvB,Holliday&nbsp;junction&nbsp;ATP-dependent&nbsp;DNA&nbsp;helicase&nbsp;RuvB,75.7
1437609.BCAL_2198,BCAL_2198,annotation&nbsp;not&nbsp;available,75.6
1437609.BCAL_1809,BCAL_1809,annotation&nbsp;not&nbsp;available,75.6
1437609.BCAL_0272,BCAL_0272,annotation&nbsp;not&nbsp;available,75.4
1437609.BCAL_0017,BCAL_0017,annotation&nbsp;not&nbsp;available,75.3
1437609.BCAL_1988,BCAL_1988,annotation&nbsp;not&nbsp;available,75.2
1437609.BCAL_1643,BCAL_1643,annotation&nbsp;not&nbsp;available,75.0
1437609.BCAL_2061,BCAL_2061,annotation&nbsp;not&nbsp;available,74.9
1437609.BCAL_0051,nusB,Transcription&nbsp;antitermination&nbsp;protein&nbsp;NusB,74.9
1437609.BCAL_2114,BCAL_2114,annotation&nbsp;not&nbsp;available,74.8
1437609.BCAL_1312,rpmC,annotation&nbsp;not&nbsp;available,74.8
1437609.BCAL_0527,BCAL_0527,annotation&nbsp;not&nbsp;available,74.7
1437609.BCAL_1409,BCAL_1409,annotation&nbsp;not&nbsp;available,74.7
1437609.BCAL_0088,BCAL_0088,annotation&nbsp;not&nbsp;available,74.6
1437609.BCAL_0463,BCAL_0463,annotation&nbsp;not&nbsp;available,74.3
1437609.BCAL_0056,BCAL_0056,annotation&nbsp;not&nbsp;available,74.1
1437609.BCAL_1400,BCAL_1400,annotation&nbsp;not&nbsp;available,74.1
1437609.BCAL_1787,aroC,Chorismate&nbsp;synthase,74.1
1437609.BCAL_0827,nadD,Probable&nbsp;nicotinate-nucleotide&nbsp;adenylyltransferase,74.0
1437609.BCAL_1328,rpsM,30S&nbsp;ribosomal&nbsp;protein&nbsp;S13,73.9
1437609.BCAL_0316,BCAL_0316,annotation&nbsp;not&nbsp;available,73.8
1437609.BCAL_1356,BCAL_1356,annotation&nbsp;not&nbsp;available,73.6
1437609.BCAL_1013,BCAL_1013,annotation&nbsp;not&nbsp;available,73.1
1437609.BCAL_0797,glgB,"1,4-alpha-glucan&nbsp;branching&nbsp;enzyme&nbsp;GlgB",73.0
1437609.BCAL_1445,leuD,3-isopropylmalate&nbsp;dehydratase&nbsp;small&nbsp;subunit,73.0
1437609.BCAL_0611,thyA,Thymidylate&nbsp;synthase,73.0
1437609.BCAL_0643,BCAL_0643,annotation&nbsp;not&nbsp;available,72.9
1437609.BCAL_2045,dcd,annotation&nbsp;not&nbsp;available,72.9
1437609.BCAL_0443,prfB,Peptide&nbsp;chain&nbsp;release&nbsp;factor&nbsp;2,72.6
1437609.BCAL_0200,metE,5-methyltetrahydropteroyltriglutamate--homocysteine&nbsp;methyltransferase,72.5
1437609.BCAL_0974,gcvH,Glycine&nbsp;cleavage&nbsp;system&nbsp;H&nbsp;protein,72.5
1437609.BCAL_0257,BCAL_0257,annotation&nbsp;not&nbsp;available,72.3
1437609.BCAL_1012,BCAL_1012,Exodeoxyribonuclease&nbsp;7&nbsp;small&nbsp;subunit,72.3
1437609.BCAL_0058,thiC,Multifunctional&nbsp;fusion&nbsp;protein,72.1
1437609.BCAL_1324,secY,Protein&nbsp;translocase&nbsp;subunit&nbsp;SecY,71.9
1437609.BCAL_1404,leuA,2-isopropylmalate&nbsp;synthase,71.6
1437609.BCAL_2171,BCAL_2171,annotation&nbsp;not&nbsp;available,71.6
1437609.BCAL_0408,BCAL_0408,annotation&nbsp;not&nbsp;available,71.5
1437609.BCAL_1956,gatC,Aspartyl/glutamyl-tRNA(Asn/Gln)&nbsp;amidotransferase&nbsp;subunit&nbsp;C,71.4
1437609.BCAL_1393,BCAL_1393,annotation&nbsp;not&nbsp;available,71.3
1437609.BCAL_0407,BCAL_0407,annotation&nbsp;not&nbsp;available,71.1
1437609.BCAL_0726,mraY,Phospho-N-acetylmuramoyl-pentapeptide-transferase,71.1
1437609.BCAL_0495,BCAL_0495,annotation&nbsp;not&nbsp;available,71.0
1437609.BCAL_2119,BCAL_2119,annotation&nbsp;not&nbsp;available,70.7
1437609.BCAL_1671,BCAL_1671,annotation&nbsp;not&nbsp;available,70.7
1437609.BCAL_1321,rpsE,30S&nbsp;ribosomal&nbsp;protein&nbsp;S5,70.6
1437609.BCAL_0411,BCAL_0411,annotation&nbsp;not&nbsp;available,70.5
1437609.BCAL_1021,nadK,NAD&nbsp;kinase,70.3
1437609.BCAL_1061,pheT,annotation&nbsp;not&nbsp;available,70.3
1437609.BCAL_1396,BCAL_1396,annotation&nbsp;not&nbsp;available,70.3
1437609.BCAL_0311,BCAL_0311,annotation&nbsp;not&nbsp;available,70.0
1437609.BCAL_2094,BCAL_2094,annotation&nbsp;not&nbsp;available,70.0
1437609.BCAL_0744,BCAL_0744,annotation&nbsp;not&nbsp;available,70.0
1437609.BCAL_1378,BCAL_1378,annotation&nbsp;not&nbsp;available,69.9
1437609.BCAL_0249,uvrA,UvrABC&nbsp;system&nbsp;protein&nbsp;A,69.6
1437609.BCAL_0881,pgi,annotation&nbsp;not&nbsp;available,69.5
1437609.BCAL_1419,BCAL_1419,annotation&nbsp;not&nbsp;available,69.5
1437609.BCAL_0053,carB,annotation&nbsp;not&nbsp;available,69.5
1437609.BCAL_1304,rplC,50S&nbsp;ribosomal&nbsp;protein&nbsp;L3,69.4
1437609.BCAL_1246,BCAL_1246,Phosphate&nbsp;transport&nbsp;system&nbsp;permease&nbsp;protein,69.1
1437609.BCAL_0641,BCAL_0641,Ribonucleoside-diphosphate&nbsp;reductase&nbsp;subunit&nbsp;beta,68.7
1437609.BCAL_1303,rpsJ,30S&nbsp;ribosomal&nbsp;protein&nbsp;S10,68.6
1437609.BCAL_2359,grpE,Protein&nbsp;GrpE,68.5
1437609.BCAL_2062,BCAL_2062,annotation&nbsp;not&nbsp;available,68.4
1437609.BCAL_0819,eno,Enolase,68.4
1437609.BCAL_1626,BCAL_1626,annotation&nbsp;not&nbsp;available,68.4
1437609.BCAL_1320,rplR,50S&nbsp;ribosomal&nbsp;protein&nbsp;L18,68.3
1437609.BCAL_0406,BCAL_0406,annotation&nbsp;not&nbsp;available,68.1
1437609.BCAL_1886,BCAL_1886,annotation&nbsp;not&nbsp;available,68.1
1437609.BCAL_0283,BCAL_0283,NAD(P)&nbsp;transhydrogenase&nbsp;subunit&nbsp;beta,68.0
1437609.BCAL_0686,BCAL_0686,Aminopyrimidine&nbsp;aminohydrolase,67.9
1437609.BCAL_2063,BCAL_2063,annotation&nbsp;not&nbsp;available,67.9
1437609.BCAL_1325,adk,Adenylate&nbsp;kinase,67.9
1437609.BCAL_1307,rplB,50S&nbsp;ribosomal&nbsp;protein&nbsp;L2,67.8
1437609.BCAL_1214,rpsO,30S&nbsp;ribosomal&nbsp;protein&nbsp;S15,67.6
1437609.BCAL_1207,BCAL_1207,annotation&nbsp;not&nbsp;available,67.5
1437609.BCAL_0045,BCAL_0045,annotation&nbsp;not&nbsp;available,67.0
1437609.BCAL_1778,BCAL_1778,annotation&nbsp;not&nbsp;available,66.8
1437609.BCAL_1290,BCAL_1290,annotation&nbsp;not&nbsp;available,66.8
1437609.BCAL_1979,BCAL_1979,"Alpha-1,4&nbsp;glucan&nbsp;phosphorylase",66.7
1437609.BCAL_1333,BCAL_1333,annotation&nbsp;not&nbsp;available,66.7
1437609.BCAL_1529,BCAL_1529,annotation&nbsp;not&nbsp;available,66.7
1437609.BCAL_1777,xpt,Xanthine&nbsp;phosphoribosyltransferase,66.4
1437609.BCAL_0296,ctc,50S&nbsp;ribosomal&nbsp;protein&nbsp;L25,66.4
1437609.BCAL_1548,BCAL_1548,annotation&nbsp;not&nbsp;available,66.4
1437609.BCAL_1348,BCAL_1348,annotation&nbsp;not&nbsp;available,66.4
1437609.BCAL_2037,purA,Adenylosuccinate&nbsp;synthetase,66.3
1437609.BCAL_1052,argJ,Arginine&nbsp;biosynthesis&nbsp;bifunctional&nbsp;protein&nbsp;ArgJ,66.1
1437609.BCAL_0414,glmM,Phosphoglucosamine&nbsp;mutase,66.0
1437609.BCAL_1415,BCAL_1415,annotation&nbsp;not&nbsp;available,65.9
1437609.BCAL_0782,BCAL_0782,annotation&nbsp;not&nbsp;available,65.8
1437609.BCAL_0517,BCAL_0517,annotation&nbsp;not&nbsp;available,65.7
1437609.BCAL_1553,BCAL_1553,annotation&nbsp;not&nbsp;available,65.6
1437609.BCAL_0580,BCAL_0580,annotation&nbsp;not&nbsp;available,65.4
1437609.BCAL_1171,BCAL_1171,annotation&nbsp;not&nbsp;available,65.3
1437609.BCAL_1286,BCAL_1286,annotation&nbsp;not&nbsp;available,65.3
1437609.BCAL_1602,BCAL_1602,annotation&nbsp;not&nbsp;available,65.0
1437609.BCAL_1957,gatA,Glutamyl-tRNA(Gln)&nbsp;amidotransferase&nbsp;subunit&nbsp;A,65.0
1437609.BCAL_0398,BCAL_0398,annotation&nbsp;not&nbsp;available,64.8
1437609.BCAL_1347,BCAL_1347,annotation&nbsp;not&nbsp;available,64.5
1437609.BCAL_0049,tuf,Elongation&nbsp;factor&nbsp;Tu,64.5
1437609.BCAL_1203,BCAL_1203,annotation&nbsp;not&nbsp;available,64.1
1437609.BCAL_0659,infC,Translation&nbsp;initiation&nbsp;factor&nbsp;IF-3,63.9
1437609.BCAL_2376,BCAL_2376,annotation&nbsp;not&nbsp;available,63.8
1437609.BCAL_0323,BCAL_0323,annotation&nbsp;not&nbsp;available,63.5
1437609.BCAL_2303,ureF,Urease&nbsp;accessory&nbsp;protein&nbsp;UreF,62.9
1437609.BCAL_2369,metG,Methionine--tRNA&nbsp;ligase,62.8
1437609.BCAL_0874,BCAL_0874,annotation&nbsp;not&nbsp;available,62.7
1437609.BCAL_1316,rplE,50S&nbsp;ribosomal&nbsp;protein&nbsp;L5,62.5
1437609.BCAL_2252,thrB,Homoserine&nbsp;kinase,62.5
1437609.BCAL_1684,ftsY,Signal&nbsp;recognition&nbsp;particle&nbsp;receptor&nbsp;FtsY,62.4
1437609.BCAL_0047,rpsG,30S&nbsp;ribosomal&nbsp;protein&nbsp;S7,62.1
1437609.BCAL_1322,rpmD,annotation&nbsp;not&nbsp;available,62.0
1437609.BCAL_0445,BCAL_0445,annotation&nbsp;not&nbsp;available,61.9
1437609.BCAL_0018,BCAL_0018,30S&nbsp;ribosomal&nbsp;protein&nbsp;S14,61.8
1437609.BCAL_1798,BCAL_1798,annotation&nbsp;not&nbsp;available,61.6
1437609.BCAL_0042,purT,Formate-dependent&nbsp;phosphoribosylglycinamide&nbsp;formyltransferase,61.2
1437609.BCAL_2234,BCAL_2234,annotation&nbsp;not&nbsp;available,61.0
1437609.BCAL_0391,pdxS,Pyridoxal&nbsp;5'-phosphate&nbsp;synthase&nbsp;subunit&nbsp;PdxS,61.0
1437609.BCAL_1243,BCAL_1243,annotation&nbsp;not&nbsp;available,60.9
1437609.BCAL_2033,BCAL_2033,annotation&nbsp;not&nbsp;available,60.9
1437609.BCAL_1268,BCAL_1268,annotation&nbsp;not&nbsp;available,60.8
1437609.BCAL_2090,BCAL_2090,Beta&nbsp;sliding&nbsp;clamp,60.8
1437609.BCAL_1938,BCAL_1938,annotation&nbsp;not&nbsp;available,60.6
1437609.BCAL_1074,BCAL_1074,annotation&nbsp;not&nbsp;available,60.5
1437609.BCAL_1313,rpsQ,30S&nbsp;ribosomal&nbsp;protein&nbsp;S17,60.4
1437609.BCAL_1908,BCAL_1908,annotation&nbsp;not&nbsp;available,60.4
1437609.BCAL_2031,BCAL_2031,annotation&nbsp;not&nbsp;available,60.3
1437609.BCAL_0658,BCAL_0658,annotation&nbsp;not&nbsp;available,60.2
1437609.BCAL_1252,rplL,50S&nbsp;ribosomal&nbsp;protein&nbsp;L7/L12,59.9
1437609.BCAL_0409,BCAL_0409,annotation&nbsp;not&nbsp;available,59.7
1437609.BCAL_1486,leuS,annotation&nbsp;not&nbsp;available,59.7
1437609.BCAL_0505,BCAL_0505,Riboflavin&nbsp;biosynthesis&nbsp;protein&nbsp;RibD,59.6
1437609.BCAL_0772,BCAL_0772,annotation&nbsp;not&nbsp;available,59.5
1437609.BCAL_0977,leuB,3-isopropylmalate&nbsp;dehydrogenase,59.5
1437609.BCAL_0860,ffh,Signal&nbsp;recognition&nbsp;particle&nbsp;protein,59.3
1437609.BCAL_2342,BCAL_2342,annotation&nbsp;not&nbsp;available,59.2
1437609.BCAL_0237,kdpB,Potassium-transporting&nbsp;ATPase&nbsp;ATP-binding&nbsp;subunit,59.2
1437609.BCAL_0729,BCAL_0729,annotation&nbsp;not&nbsp;available,59.1
1437609.BCAL_0270,tal,Transaldolase,59.1
1437609.BCAL_1240,BCAL_1240,Phospho-2-dehydro-3-deoxyheptonate&nbsp;aldolase,59.1
1437609.BCAL_0023,purD,annotation&nbsp;not&nbsp;available,59.0
1437609.BCAL_0774,BCAL_0774,annotation&nbsp;not&nbsp;available,59.0
1437609.BCAL_1463,BCAL_1463,annotation&nbsp;not&nbsp;available,58.8
1437609.BCAL_2201,BCAL_2201,annotation&nbsp;not&nbsp;available,58.8
1437609.BCAL_1323,rplO,50S&nbsp;ribosomal&nbsp;protein&nbsp;L15,58.7
1437609.BCAL_2129,rpmA,annotation&nbsp;not&nbsp;available,58.6
1437609.BCAL_1821,hisF,Imidazole&nbsp;glycerol&nbsp;phosphate&nbsp;synthase&nbsp;subunit&nbsp;HisF,58.5
1437609.BCAL_1893,tsaD,tRNA&nbsp;N6-adenosine&nbsp;threonylcarbamoyltransferase,58.5
1437609.BCAL_0972,BCAL_0972,annotation&nbsp;not&nbsp;available,58.4
1437609.BCAL_0734,BCAL_0734,annotation&nbsp;not&nbsp;available,58.4
1437609.BCAL_1086,BCAL_1086,annotation&nbsp;not&nbsp;available,58.4
1437609.BCAL_1317,rpsZ,30S&nbsp;ribosomal&nbsp;protein&nbsp;S14&nbsp;type&nbsp;Z,58.2
1437609.BCAL_1479,BCAL_1479,annotation&nbsp;not&nbsp;available,58.2
1437609.BCAL_1230,BCAL_1230,annotation&nbsp;not&nbsp;available,58.0
1437609.BCAL_0629,BCAL_0629,annotation&nbsp;not&nbsp;available,58.0
1437609.BCAL_1547,BCAL_1547,D-methionine&nbsp;ABC&nbsp;transporter,57.9
1437609.BCAL_1318,rpsH,30S&nbsp;ribosomal&nbsp;protein&nbsp;S8,57.5
1437609.BCAL_1308,rpsS,30S&nbsp;ribosomal&nbsp;protein&nbsp;S19,57.5
1437609.BCAL_1209,BCAL_1209,annotation&nbsp;not&nbsp;available,57.4
1437609.BCAL_1096,hisH,Imidazole&nbsp;glycerol&nbsp;phosphate&nbsp;synthase&nbsp;subunit&nbsp;HisH,57.3
1437609.BCAL_1687,BCAL_1687,annotation&nbsp;not&nbsp;available,57.3
1437609.BCAL_0515,folE,annotation&nbsp;not&nbsp;available,57.2
1437609.BCAL_0052,carA,annotation&nbsp;not&nbsp;available,57.1
1437609.BCAL_0507,ribA,Multifunctional&nbsp;fusion&nbsp;protein,57.1
1437609.BCAL_1750,atpE,ATP&nbsp;synthase&nbsp;subunit&nbsp;c,57.1
1437609.BCAL_2175,BCAL_2175,annotation&nbsp;not&nbsp;available,56.9
1437609.BCAL_1215,pnp,Polyribonucleotide&nbsp;nucleotidyltransferase,56.8
1437609.BCAL_2132,BCAL_2132,annotation&nbsp;not&nbsp;available,56.8
1437609.BCAL_1937,rpsR,30S&nbsp;ribosomal&nbsp;protein&nbsp;S18,56.7
1437609.BCAL_1062,pheS,annotation&nbsp;not&nbsp;available,56.7
1437609.BCAL_0093,polA,DNA&nbsp;polymerase&nbsp;I,56.4
1437609.BCAL_2301,ureD,Urease&nbsp;accessory&nbsp;protein&nbsp;UreD,56.3
1437609.BCAL_2341,BCAL_2341,annotation&nbsp;not&nbsp;available,56.2
1437609.BCAL_0655,BCAL_0655,annotation&nbsp;not&nbsp;available,56.1
1437609.BCAL_1934,BCAL_1934,annotation&nbsp;not&nbsp;available,56.0
1437609.BCAL_1408,tmk,Thymidylate&nbsp;kinase,55.9
1437609.BCAL_2158,BCAL_2158,annotation&nbsp;not&nbsp;available,55.8
1437609.BCAL_1885,apt,Adenine&nbsp;phosphoribosyltransferase,55.7
1437609.BCAL_1081,ligA,DNA&nbsp;ligase,55.7
1437609.BCAL_1345,rpiA,Ribose-5-phosphate&nbsp;isomerase&nbsp;A,55.3
1437609.BCAL_1346,BCAL_1346,Ribonuclease&nbsp;H,55.3
1437609.BCAL_1566,BCAL_1566,annotation&nbsp;not&nbsp;available,55.3
1437609.BCAL_1288,rpsI,annotation&nbsp;not&nbsp;available,55.3
1437609.BCAL_0449,BCAL_0449,annotation&nbsp;not&nbsp;available,54.9
1437609.BCAL_1305,rplD,50S&nbsp;ribosomal&nbsp;protein&nbsp;L4,54.9
1437609.BCAL_0426,BCAL_0426,annotation&nbsp;not&nbsp;available,54.9
1437609.BCAL_1309,rplV,50S&nbsp;ribosomal&nbsp;protein&nbsp;L22,54.8
1437609.BCAL_1245,BCAL_1245,Phosphate-binding&nbsp;protein&nbsp;PstS,54.7
1437609.BCAL_0348,BCAL_0348,annotation&nbsp;not&nbsp;available,54.5
1437609.BCAL_1326,infA,Translation&nbsp;initiation&nbsp;factor&nbsp;IF-1,54.5
1437609.BCAL_0898,BCAL_0898,annotation&nbsp;not&nbsp;available,54.4
1437609.BCAL_1454,BCAL_1454,annotation&nbsp;not&nbsp;available,54.3
1437609.BCAL_1755,ppa,Inorganic&nbsp;pyrophosphatase,54.2
1437609.BCAL_0041,BCAL_0041,annotation&nbsp;not&nbsp;available,53.8
1437609.BCAL_0282,BCAL_0282,annotation&nbsp;not&nbsp;available,53.8
1437609.BCAL_1789,aroQ,3-dehydroquinate&nbsp;dehydratase,53.6
1437609.BCAL_1176,BCAL_1176,Isoprenyl&nbsp;transferase,53.6
1437609.BCAL_1788,aroB,Multifunctional&nbsp;fusion&nbsp;protein,53.3
1437609.BCAL_0387,BCAL_0387,2-aminoethylphosphonate:pyruvate&nbsp;aminotransferase,53.2
1437609.BCAL_0219,pyrB,annotation&nbsp;not&nbsp;available,53.0
1437609.BCAL_0868,BCAL_0868,annotation&nbsp;not&nbsp;available,53.0
1437609.BCAL_0046,rpsL,30S&nbsp;ribosomal&nbsp;protein&nbsp;S12,52.9
1437609.BCAL_1296,BCAL_1296,annotation&nbsp;not&nbsp;available,52.9
1437609.BCAL_1533,rbsK,Ribokinase,52.8
1437609.BCAL_1815,tsf,Elongation&nbsp;factor&nbsp;Ts,52.7
1437609.BCAL_2296,BCAL_2296,annotation&nbsp;not&nbsp;available,52.7
1437609.BCAL_2350,BCAL_2350,annotation&nbsp;not&nbsp;available,52.6
1437609.BCAL_1745,atpD,ATP&nbsp;synthase&nbsp;subunit&nbsp;beta,52.6
1437609.BCAL_0790,BCAL_0790,annotation&nbsp;not&nbsp;available,52.5
1437609.BCAL_1958,gatB,Aspartyl/glutamyl-tRNA(Asn/Gln)&nbsp;amidotransferase&nbsp;subunit&nbsp;B,52.4
1437609.BCAL_1925,BCAL_1925,annotation&nbsp;not&nbsp;available,52.3
1437609.BCAL_0620,gpmA,"2,3-bisphosphoglycerate-dependent&nbsp;phosphoglycerate&nbsp;mutase",52.2
1437609.BCAL_0894,araA,L-arabinose&nbsp;isomerase,52.0
1437609.BCAL_1460,ddl,D-alanine--D-alanine&nbsp;ligase,51.9
1437609.BCAL_2351,BCAL_2351,annotation&nbsp;not&nbsp;available,51.9
1437609.BCAL_2354,BCAL_2354,annotation&nbsp;not&nbsp;available,51.9
1437609.BCAL_1895,BCAL_1895,annotation&nbsp;not&nbsp;available,51.8
1437609.BCAL_0814,BCAL_0814,annotation&nbsp;not&nbsp;available,51.5
1437609.BCAL_0236,kdpA,Potassium-transporting&nbsp;ATPase&nbsp;potassium-binding&nbsp;subunit,51.3
1437609.BCAL_1747,atpA,ATP&nbsp;synthase&nbsp;subunit&nbsp;alpha,51.3
1437609.BCAL_0830,glyA,Serine&nbsp;hydroxymethyltransferase,51.2
1437609.BCAL_0938,BCAL_0938,dTDP-4-dehydrorhamnose&nbsp;reductase,51.2
1437609.BCAL_1952,BCAL_1952,annotation&nbsp;not&nbsp;available,51.1
1437609.BCAL_0280,BCAL_0280,annotation&nbsp;not&nbsp;available,51.1
1437609.BCAL_0043,BCAL_0043,annotation&nbsp;not&nbsp;available,51.0
1437609.BCAL_2173,trpA,Multifunctional&nbsp;fusion&nbsp;protein,51.0
