31954.BPSP_1081,BPSP_1081,annotation&nbsp;not&nbsp;available,98.7
31954.BPSP_0754,gatB,Aspartyl/glutamyl-tRNA(Asn/Gln)&nbsp;amidotransferase&nbsp;subunit&nbsp;B,98.1
31954.BPSP_0543,rpsT,30S&nbsp;ribosomal&nbsp;protein&nbsp;S20,98.1
31954.BPSP_0070,rpsK,30S&nbsp;ribosomal&nbsp;protein&nbsp;S11,98.0
31954.BPSP_0622,BPSP_0622,annotation&nbsp;not&nbsp;available,97.3
31954.BPSP_0056,rplX,50S&nbsp;ribosomal&nbsp;protein&nbsp;L24,96.1
31954.BPSP_0290,carA,annotation&nbsp;not&nbsp;available,96.1
31954.BPSP_0061,rplR,50S&nbsp;ribosomal&nbsp;protein&nbsp;L18,95.8
31954.BPSP_0027,BPSP_0027,annotation&nbsp;not&nbsp;available,94.9
31954.BPSP_0530,pyrB,annotation&nbsp;not&nbsp;available,94.9
31954.BPSP_0048,rplB,50S&nbsp;ribosomal&nbsp;protein&nbsp;L2,94.6
31954.BPSP_1048,BPSP_1048,annotation&nbsp;not&nbsp;available,94.4
31954.BPSP_1594,rplK,50S&nbsp;ribosomal&nbsp;protein&nbsp;L11,94.1
31954.BPSP_0046,rplD,50S&nbsp;ribosomal&nbsp;protein&nbsp;L4,93.9
31954.BPSP_0013,rplJ,50S&nbsp;ribosomal&nbsp;protein&nbsp;L10,92.7
31954.BPSP_0064,rplO,50S&nbsp;ribosomal&nbsp;protein&nbsp;L15,91.9
31954.BPSP_1570,leuB,3-isopropylmalate&nbsp;dehydrogenase,91.8
31954.BPSP_0432,rpsB,annotation&nbsp;not&nbsp;available,91.4
31954.BPSP_0731,atpF,ATP&nbsp;synthase&nbsp;subunit&nbsp;b,91.4
31954.BPSP_0050,rplV,50S&nbsp;ribosomal&nbsp;protein&nbsp;L22,90.0
31954.BPSP_0923,BPSP_0923,annotation&nbsp;not&nbsp;available,89.0
31954.BPSP_0879,BPSP_0879,annotation&nbsp;not&nbsp;available,88.9
31954.BPSP_0756,BPSP_0756,Aspartyl/glutamyl-tRNA&nbsp;amidotransferase&nbsp;subunit&nbsp;C,87.9
31954.BPSP_0010,pstB,Phosphate&nbsp;import&nbsp;ATP-binding&nbsp;protein&nbsp;PstB,87.7
31954.BPSP_0182,rpmE,50S&nbsp;ribosomal&nbsp;protein&nbsp;L31,87.3
31954.BPSP_0054,rpsQ,30S&nbsp;ribosomal&nbsp;protein&nbsp;S17,86.0
31954.BPSP_0973,BPSP_0973,annotation&nbsp;not&nbsp;available,85.8
31954.BPSP_0382,pheS,annotation&nbsp;not&nbsp;available,85.6
31954.BPSP_0052,rplP,50S&nbsp;ribosomal&nbsp;protein&nbsp;L16,85.2
31954.BPSP_1181,rpmI,annotation&nbsp;not&nbsp;available,85.1
31954.BPSP_0051,rpsC,30S&nbsp;ribosomal&nbsp;protein&nbsp;S3,84.9
31954.BPSP_0473,ruvB,Holliday&nbsp;junction&nbsp;ATP-dependent&nbsp;DNA&nbsp;helicase&nbsp;RuvB,84.8
31954.BPSP_0502,BPSP_0502,annotation&nbsp;not&nbsp;available,84.7
31954.BPSP_0009,BPSP_0009,annotation&nbsp;not&nbsp;available,84.5
31954.BPSP_0044,rpsJ,30S&nbsp;ribosomal&nbsp;protein&nbsp;S10,83.4
31954.BPSP_1124,secA,Protein&nbsp;translocase&nbsp;subunit&nbsp;SecA,83.4
31954.BPSP_1445,rplS,50S&nbsp;ribosomal&nbsp;protein&nbsp;L19,82.7
31954.BPSP_0014,rplL,50S&nbsp;ribosomal&nbsp;protein&nbsp;L7/L12,82.6
31954.BPSP_0071,rpoA,DNA-directed&nbsp;RNA&nbsp;polymerase&nbsp;subunit&nbsp;alpha,82.5
31954.BPSP_0444,trpB,Tryptophan&nbsp;synthase&nbsp;beta&nbsp;chain,82.1
31954.BPSP_0053,rpmC,annotation&nbsp;not&nbsp;available,81.4
31954.BPSP_0826,rpmH,annotation&nbsp;not&nbsp;available,81.3
31954.BPSP_1275,BPSP_1275,annotation&nbsp;not&nbsp;available,81.2
31954.BPSP_0055,rplN,50S&nbsp;ribosomal&nbsp;protein&nbsp;L14,81.1
31954.BPSP_0069,rpsM,30S&nbsp;ribosomal&nbsp;protein&nbsp;S13,81.1
31954.BPSP_0007,BPSP_0007,Phosphate-binding&nbsp;protein&nbsp;PstS,81.0
31954.BPSP_1233,hisH,Imidazole&nbsp;glycerol&nbsp;phosphate&nbsp;synthase&nbsp;subunit&nbsp;HisH,80.8
31954.BPSP_1353,BPSP_1353,annotation&nbsp;not&nbsp;available,80.7
31954.BPSP_0729,atpA,ATP&nbsp;synthase&nbsp;subunit&nbsp;alpha,80.1
31954.BPSP_1476,xseB,Exodeoxyribonuclease&nbsp;7&nbsp;small&nbsp;subunit,79.7
31954.BPSP_0474,ruvA,Holliday&nbsp;junction&nbsp;ATP-dependent&nbsp;DNA&nbsp;helicase&nbsp;RuvA,79.5
31954.BPSP_0755,gatA,Glutamyl-tRNA(Gln)&nbsp;amidotransferase&nbsp;subunit&nbsp;A,79.3
31954.BPSP_0047,rplW,50S&nbsp;ribosomal&nbsp;protein&nbsp;L23,79.3
31954.BPSP_0284,tuf,Elongation&nbsp;factor&nbsp;Tu,79.2
31954.BPSP_0433,tsf,Elongation&nbsp;factor&nbsp;Ts,78.0
31954.BPSP_0883,BPSP_0883,annotation&nbsp;not&nbsp;available,77.5
31954.BPSP_0057,rplE,50S&nbsp;ribosomal&nbsp;protein&nbsp;L5,77.5
31954.BPSP_0063,rpmD,annotation&nbsp;not&nbsp;available,77.4
31954.BPSP_0058,rpsN,30S&nbsp;ribosomal&nbsp;protein&nbsp;S14&nbsp;type&nbsp;Z,77.1
31954.BPSP_0023,groS,10&nbsp;kDa&nbsp;chaperonin,76.5
31954.BPSP_1180,rplT,50S&nbsp;ribosomal&nbsp;protein&nbsp;L20,76.3
31954.BPSP_1277,BPSP_1277,annotation&nbsp;not&nbsp;available,76.0
31954.BPSP_0068,rpmJ,annotation&nbsp;not&nbsp;available,76.0
31954.BPSP_1593,rplA,50S&nbsp;ribosomal&nbsp;protein&nbsp;L1,75.9
31954.BPSP_0072,rplQ,annotation&nbsp;not&nbsp;available,75.9
31954.BPSP_0546,ctc,50S&nbsp;ribosomal&nbsp;protein&nbsp;L25,75.4
31954.BPSP_0062,rpsE,30S&nbsp;ribosomal&nbsp;protein&nbsp;S5,75.4
31954.BPSP_0728,atpG,ATP&nbsp;synthase&nbsp;gamma&nbsp;chain,75.2
31954.BPSP_0281,rpsL,30S&nbsp;ribosomal&nbsp;protein&nbsp;S12,74.2
31954.BPSP_0008,BPSP_0008,Phosphate&nbsp;transport&nbsp;system&nbsp;permease&nbsp;protein,72.8
31954.BPSP_0726,BPSP_0726,annotation&nbsp;not&nbsp;available,72.3
31954.BPSP_0730,atpH,ATP&nbsp;synthase&nbsp;subunit&nbsp;delta,71.6
31954.BPSP_1477,xseA,Exodeoxyribonuclease&nbsp;7&nbsp;large&nbsp;subunit,70.6
31954.BPSP_1358,BPSP_1358,annotation&nbsp;not&nbsp;available,70.4
31954.BPSP_0049,rpsS,30S&nbsp;ribosomal&nbsp;protein&nbsp;S19,70.2
31954.BPSP_0539,BPSP_0539,annotation&nbsp;not&nbsp;available,68.7
31954.BPSP_0296,rpoZ,DNA-directed&nbsp;RNA&nbsp;polymerase&nbsp;subunit&nbsp;omega,68.5
31954.BPSP_0775,rpsR,30S&nbsp;ribosomal&nbsp;protein&nbsp;S18,67.0
31954.BPSP_1047,BPSP_1047,annotation&nbsp;not&nbsp;available,66.3
31954.BPSP_0774,rplI,50S&nbsp;ribosomal&nbsp;protein&nbsp;L9,66.2
31954.BPSP_0727,atpD,ATP&nbsp;synthase&nbsp;subunit&nbsp;beta,66.0
31954.BPSP_1281,BPSP_1281,Methionine&nbsp;import&nbsp;ATP-binding&nbsp;protein&nbsp;MetN,65.9
31954.BPSP_1352,BPSP_1352,annotation&nbsp;not&nbsp;available,64.8
31954.BPSP_0322,groL,60&nbsp;kDa&nbsp;chaperonin,64.1
31954.BPSP_0972,BPSP_0972,annotation&nbsp;not&nbsp;available,64.0
31954.BPSP_1530,rpsO,30S&nbsp;ribosomal&nbsp;protein&nbsp;S15,63.5
31954.BPSP_0171,BPSP_0171,annotation&nbsp;not&nbsp;available,62.7
31954.BPSP_0383,pheT,annotation&nbsp;not&nbsp;available,62.2
31954.BPSP_0060,rplF,50S&nbsp;ribosomal&nbsp;protein&nbsp;L6,61.9
31954.BPSP_0591,rpsD,30S&nbsp;ribosomal&nbsp;protein&nbsp;S4,61.4
31954.BPSP_1417,rpsP,annotation&nbsp;not&nbsp;available,61.2
31954.BPSP_1614,rpmA,annotation&nbsp;not&nbsp;available,60.6
31954.BPSP_1082,BPSP_1082,annotation&nbsp;not&nbsp;available,60.2
31954.BPSP_0445,trpA,Tryptophan&nbsp;synthase&nbsp;alpha&nbsp;chain,59.7
31954.BPSP_0037,rplM,50S&nbsp;ribosomal&nbsp;protein&nbsp;L13,59.6
31954.BPSP_0291,carB,annotation&nbsp;not&nbsp;available,58.7
31954.BPSP_1562,rpoB,DNA-directed&nbsp;RNA&nbsp;polymerase&nbsp;subunit&nbsp;beta,58.4
31954.BPSP_1282,BPSP_1282,annotation&nbsp;not&nbsp;available,58.4
31954.BPSP_1429,rpmF,annotation&nbsp;not&nbsp;available,58.3
31954.BPSP_0059,rpsH,30S&nbsp;ribosomal&nbsp;protein&nbsp;S8,58.1
31954.BPSP_0540,BPSP_0540,annotation&nbsp;not&nbsp;available,58.0
31954.BPSP_1596,secE,Protein&nbsp;translocase&nbsp;subunit&nbsp;SecE,57.5
31954.BPSP_0529,BPSP_0529,annotation&nbsp;not&nbsp;available,57.4
31954.BPSP_0777,rpsF,30S&nbsp;ribosomal&nbsp;protein&nbsp;S6,57.3
31954.BPSP_0024,rpmG,annotation&nbsp;not&nbsp;available,56.5
31954.BPSP_1561,rpoC,DNA-directed&nbsp;RNA&nbsp;polymerase&nbsp;subunit&nbsp;beta',55.0
31954.BPSP_0045,rplC,50S&nbsp;ribosomal&nbsp;protein&nbsp;L3,54.6
31954.BPSP_1613,rplU,50S&nbsp;ribosomal&nbsp;protein&nbsp;L21,53.7
31954.BPSP_0038,rpsI,annotation&nbsp;not&nbsp;available,53.7
31954.BPSP_0065,secY,Protein&nbsp;translocase&nbsp;subunit&nbsp;SecY,53.6
31954.BPSP_1389,leuC,3-isopropylmalate&nbsp;dehydratase&nbsp;large&nbsp;subunit,53.6
31954.BPSP_0439,hisF,Imidazole&nbsp;glycerol&nbsp;phosphate&nbsp;synthase&nbsp;subunit&nbsp;HisF,53.2
31954.BPSP_0172,BPSP_0172,annotation&nbsp;not&nbsp;available,53.1
31954.BPSP_1408,rpmB,annotation&nbsp;not&nbsp;available,52.6
31954.BPSP_1280,BPSP_1280,annotation&nbsp;not&nbsp;available,52.6
31954.BPSP_0282,rpsG,30S&nbsp;ribosomal&nbsp;protein&nbsp;S7,51.0
