401473.BDP_0734,tuf,annotation&nbsp;not&nbsp;available,98.7
401473.BDP_1585,dnaE,annotation&nbsp;not&nbsp;available,98.5
401473.BDP_0268,leuC,3-isopropylmalate&nbsp;dehydratase&nbsp;large&nbsp;subunit,98.5
401473.BDP_1698,xseB,Exodeoxyribonuclease&nbsp;7&nbsp;small&nbsp;subunit,98.3
401473.BDP_0457,rpoA,DNA-directed&nbsp;RNA&nbsp;polymerase&nbsp;subunit&nbsp;alpha,97.8
401473.BDP_0429,rpsJ,30S&nbsp;ribosomal&nbsp;protein&nbsp;S10,97.3
401473.BDP_0430,rplC,50S&nbsp;ribosomal&nbsp;protein&nbsp;L3,97.2
401473.BDP_0419,rplM,50S&nbsp;ribosomal&nbsp;protein&nbsp;L13,97.1
401473.BDP_0791,gluC,annotation&nbsp;not&nbsp;available,96.8
401473.BDP_1172,sucC,Succinate--CoA&nbsp;ligase&nbsp;[ADP-forming]&nbsp;subunit&nbsp;beta,96.6
401473.BDP_1029,BDP_1029,annotation&nbsp;not&nbsp;available,96.0
401473.BDP_0391,pstB,Phosphate&nbsp;import&nbsp;ATP-binding&nbsp;protein&nbsp;PstB,95.9
401473.BDP_0608,livG,annotation&nbsp;not&nbsp;available,95.7
401473.BDP_1954,atpG,ATP&nbsp;synthase&nbsp;gamma&nbsp;chain,95.4
401473.BDP_0350,secE,Protein&nbsp;translocase&nbsp;subunit&nbsp;SecE,95.3
401473.BDP_0346,rpmA,annotation&nbsp;not&nbsp;available,95.1
401473.BDP_0387,pstS,Phosphate-binding&nbsp;protein&nbsp;PstS,95.1
401473.BDP_1512,BDP_1512,annotation&nbsp;not&nbsp;available,95.1
401473.BDP_0455,rpsM,30S&nbsp;ribosomal&nbsp;protein&nbsp;S13,95.0
401473.BDP_1299,pheS,annotation&nbsp;not&nbsp;available,94.7
401473.BDP_1195,hisF,"HisF&nbsp;Imidazole&nbsp;glycerol&nbsp;phosphate&nbsp;synthase,&nbsp;cyclase&nbsp;subunit",94.7
401473.BDP_0449,rpmD,annotation&nbsp;not&nbsp;available,94.4
401473.BDP_0803,sdhB,annotation&nbsp;not&nbsp;available,94.3
401473.BDP_2278,rpmH,annotation&nbsp;not&nbsp;available,94.1
401473.BDP_1913,pdxT,Pyridoxal&nbsp;5'-phosphate&nbsp;synthase&nbsp;subunit&nbsp;PdxT,93.7
401473.BDP_1202,rpsB,annotation&nbsp;not&nbsp;available,93.6
401473.BDP_1078,BDP_1078,annotation&nbsp;not&nbsp;available,92.6
401473.BDP_0190,glnB,annotation&nbsp;not&nbsp;available,92.3
401473.BDP_0345,rplU,50S&nbsp;ribosomal&nbsp;protein&nbsp;L21,92.3
401473.BDP_0431,rplD,50S&nbsp;ribosomal&nbsp;protein&nbsp;L4,92.1
401473.BDP_1383,BDP_1383,annotation&nbsp;not&nbsp;available,92.0
401473.BDP_0443,rplE,50S&nbsp;ribosomal&nbsp;protein&nbsp;L5,91.9
401473.BDP_0318,ilvN,annotation&nbsp;not&nbsp;available,91.7
401473.BDP_1531,BDP_1531,annotation&nbsp;not&nbsp;available,91.6
401473.BDP_2134,BDP_2134,annotation&nbsp;not&nbsp;available,91.2
401473.BDP_0606,BDP_0606,annotation&nbsp;not&nbsp;available,91.1
401473.BDP_0269,leuD,3-isopropylmalate&nbsp;dehydratase&nbsp;small&nbsp;subunit,91.0
401473.BDP_0040,BDP_0040,annotation&nbsp;not&nbsp;available,90.5
401473.BDP_0386,vicR,annotation&nbsp;not&nbsp;available,90.1
401473.BDP_1808,gcvH,Glycine&nbsp;cleavage&nbsp;system&nbsp;H&nbsp;protein,90.0
401473.BDP_0663,BDP_0663,annotation&nbsp;not&nbsp;available,89.9
401473.BDP_0703,BDP_0703,annotation&nbsp;not&nbsp;available,89.7
401473.BDP_1090,pyrB,annotation&nbsp;not&nbsp;available,89.6
401473.BDP_0482,ptsG,annotation&nbsp;not&nbsp;available,89.3
401473.BDP_1176,ruvA,Holliday&nbsp;junction&nbsp;ATP-dependent&nbsp;DNA&nbsp;helicase&nbsp;RuvA,89.2
401473.BDP_1989,BDP_1989,Glutamyl-tRNA(Gln)&nbsp;amidotransferase&nbsp;subunit&nbsp;A,89.1
401473.BDP_0667,BDP_0667,annotation&nbsp;not&nbsp;available,88.9
401473.BDP_0432,rlpW,50S&nbsp;ribosomal&nbsp;protein&nbsp;L23,88.6
401473.BDP_0433,rplB,50S&nbsp;ribosomal&nbsp;protein&nbsp;L2,88.3
401473.BDP_1952,atpC,annotation&nbsp;not&nbsp;available,88.0
401473.BDP_0789,BDP_0789,annotation&nbsp;not&nbsp;available,88.0
401473.BDP_1049,BDP_1049,annotation&nbsp;not&nbsp;available,87.0
401473.BDP_1191,trpA,Tryptophan&nbsp;synthase&nbsp;alpha&nbsp;chain,86.7
401473.BDP_1091,pyrI,annotation&nbsp;not&nbsp;available,86.6
401473.BDP_2137,BDP_2137,annotation&nbsp;not&nbsp;available,86.3
401473.BDP_0228,dnaX,annotation&nbsp;not&nbsp;available,86.1
401473.BDP_1697,xseA,Exodeoxyribonuclease&nbsp;7&nbsp;large&nbsp;subunit,86.1
401473.BDP_0096,BDP_0096,annotation&nbsp;not&nbsp;available,85.8
401473.BDP_1959,atpB,ATP&nbsp;synthase&nbsp;subunit&nbsp;a,85.3
401473.BDP_0900,rpsA,annotation&nbsp;not&nbsp;available,85.3
401473.BDP_0665,BDP_0665,annotation&nbsp;not&nbsp;available,85.0
401473.BDP_1012,BDP_1012,annotation&nbsp;not&nbsp;available,84.9
401473.BDP_0607,BDP_0607,annotation&nbsp;not&nbsp;available,84.9
401473.BDP_0670,cysK,annotation&nbsp;not&nbsp;available,84.4
401473.BDP_0436,rplV,50S&nbsp;ribosomal&nbsp;protein&nbsp;L22,83.6
401473.BDP_0008,BDP_0008,annotation&nbsp;not&nbsp;available,83.2
401473.BDP_1990,gatC,Aspartyl/glutamyl-tRNA(Asn/Gln)&nbsp;amidotransferase&nbsp;subunit&nbsp;C,82.9
401473.BDP_1957,atpF,ATP&nbsp;synthase&nbsp;subunit&nbsp;b,82.6
401473.BDP_2020,rpsR,30S&nbsp;ribosomal&nbsp;protein&nbsp;S18,82.6
401473.BDP_1140,secG,annotation&nbsp;not&nbsp;available,82.6
401473.BDP_0395,rplL,50S&nbsp;ribosomal&nbsp;protein&nbsp;L7/L12,82.0
401473.BDP_0447,rplR,50S&nbsp;ribosomal&nbsp;protein&nbsp;L18,81.9
401473.BDP_0804,sdhA,annotation&nbsp;not&nbsp;available,81.8
401473.BDP_1171,sucD,Succinate--CoA&nbsp;ligase&nbsp;[ADP-forming]&nbsp;subunit&nbsp;alpha,80.9
401473.BDP_0405,hsp10,10&nbsp;kDa&nbsp;chaperonin,80.8
401473.BDP_0098,BDP_0098,annotation&nbsp;not&nbsp;available,80.7
401473.BDP_0251,BDP_0251,annotation&nbsp;not&nbsp;available,80.7
401473.BDP_2270,BDP_2270,annotation&nbsp;not&nbsp;available,80.3
401473.BDP_0062,BDP_0062,annotation&nbsp;not&nbsp;available,79.8
401473.BDP_0187,ftsY,Signal&nbsp;recognition&nbsp;particle&nbsp;receptor&nbsp;FtsY,79.7
401473.BDP_1075,rpsT,30S&nbsp;ribosomal&nbsp;protein&nbsp;S20,79.7
401473.BDP_0312,rpsP,annotation&nbsp;not&nbsp;available,79.7
401473.BDP_1326,BDP_1326,annotation&nbsp;not&nbsp;available,79.5
401473.BDP_0191,BDP_0191,annotation&nbsp;not&nbsp;available,79.3
401473.BDP_0727,purT,Formate-dependent&nbsp;phosphoribosylglycinamide&nbsp;formyltransferase,78.9
401473.BDP_0286,BDP_0286,annotation&nbsp;not&nbsp;available,78.8
401473.BDP_0664,BDP_0664,annotation&nbsp;not&nbsp;available,78.8
401473.BDP_0792,gluD,annotation&nbsp;not&nbsp;available,78.8
401473.BDP_0738,carA,annotation&nbsp;not&nbsp;available,78.7
401473.BDP_1795,galT,annotation&nbsp;not&nbsp;available,78.7
401473.BDP_2276,yidC,annotation&nbsp;not&nbsp;available,78.2
401473.BDP_1174,yajC,annotation&nbsp;not&nbsp;available,77.9
401473.BDP_0294,BDP_0294,annotation&nbsp;not&nbsp;available,77.8
401473.BDP_1624,BDP_1624,annotation&nbsp;not&nbsp;available,77.0
401473.BDP_1109,adh,annotation&nbsp;not&nbsp;available,76.9
401473.BDP_0991,BDP_0991,DNA&nbsp;polymerase&nbsp;I,76.5
401473.BDP_0434,rpsS,30S&nbsp;ribosomal&nbsp;protein&nbsp;S19,76.5
401473.BDP_1355,BDP_1355,annotation&nbsp;not&nbsp;available,76.4
401473.BDP_2199,malE,annotation&nbsp;not&nbsp;available,76.3
401473.BDP_1579,hisH,Imidazole&nbsp;glycerol&nbsp;phosphate&nbsp;synthase&nbsp;subunit&nbsp;HisH,75.4
401473.BDP_0442,rplX,50S&nbsp;ribosomal&nbsp;protein&nbsp;L24,74.9
401473.BDP_1953,atpD,ATP&nbsp;synthase&nbsp;subunit&nbsp;beta,74.9
401473.BDP_1192,trpBC,Multifunctional&nbsp;fusion&nbsp;protein,74.7
401473.BDP_0609,livF,annotation&nbsp;not&nbsp;available,74.3
401473.BDP_1979,tyrA,annotation&nbsp;not&nbsp;available,74.0
401473.BDP_0732,rpsG,30S&nbsp;ribosomal&nbsp;protein&nbsp;S7,74.0
401473.BDP_0445,rpsH,30S&nbsp;ribosomal&nbsp;protein&nbsp;S8,73.9
401473.BDP_2238,BDP_2238,annotation&nbsp;not&nbsp;available,73.5
401473.BDP_0353,rplK,50S&nbsp;ribosomal&nbsp;protein&nbsp;L11,73.2
401473.BDP_1175,ruvB,Holliday&nbsp;junction&nbsp;ATP-dependent&nbsp;DNA&nbsp;helicase&nbsp;RuvB,73.1
401473.BDP_0388,BDP_0388,annotation&nbsp;not&nbsp;available,72.9
401473.BDP_1201,tsf,Elongation&nbsp;factor&nbsp;Ts,72.4
401473.BDP_0937,BDP_0937,annotation&nbsp;not&nbsp;available,72.1
401473.BDP_1338,BDP_1338,annotation&nbsp;not&nbsp;available,71.9
401473.BDP_1956,atpH,ATP&nbsp;synthase&nbsp;subunit&nbsp;delta,71.4
401473.BDP_0050,BDP_0050,annotation&nbsp;not&nbsp;available,71.2
401473.BDP_1072,ctc,50S&nbsp;ribosomal&nbsp;protein&nbsp;L25,71.2
401473.BDP_0336,rplS,50S&nbsp;ribosomal&nbsp;protein&nbsp;L19,71.2
401473.BDP_0385,phoR,annotation&nbsp;not&nbsp;available,71.1
401473.BDP_0695,BDP_0695,annotation&nbsp;not&nbsp;available,71.1
401473.BDP_0390,pstA,annotation&nbsp;not&nbsp;available,70.9
401473.BDP_2204,BDP_2204,annotation&nbsp;not&nbsp;available,70.8
401473.BDP_1048,pntA,annotation&nbsp;not&nbsp;available,70.5
401473.BDP_1050,BDP_1050,NAD(P)&nbsp;transhydrogenase&nbsp;subunit&nbsp;beta,70.3
401473.BDP_0321,rpmF,annotation&nbsp;not&nbsp;available,69.7
401473.BDP_1799,pyrD2,Dihydroorotate&nbsp;dehydrogenase&nbsp;(quinone),69.5
401473.BDP_1216,BDP_1216,annotation&nbsp;not&nbsp;available,69.5
401473.BDP_0438,rplP,50S&nbsp;ribosomal&nbsp;protein&nbsp;L16,69.4
401473.BDP_0148,thiF,annotation&nbsp;not&nbsp;available,69.3
401473.BDP_1079,BDP_1079,annotation&nbsp;not&nbsp;available,69.1
401473.BDP_1499,pheA,annotation&nbsp;not&nbsp;available,68.9
401473.BDP_1169,purH,annotation&nbsp;not&nbsp;available,68.8
401473.BDP_0602,rpmE2,50S&nbsp;ribosomal&nbsp;protein&nbsp;L31,68.8
401473.BDP_1163,BDP_1163,annotation&nbsp;not&nbsp;available,68.4
401473.BDP_0314,ffh,Signal&nbsp;recognition&nbsp;particle&nbsp;protein,68.2
401473.BDP_0666,BDP_0666,annotation&nbsp;not&nbsp;available,68.0
401473.BDP_0366,rpsO,30S&nbsp;ribosomal&nbsp;protein&nbsp;S15,68.0
401473.BDP_0873,BDP_0873,annotation&nbsp;not&nbsp;available,67.5
401473.BDP_1016,rbsD,30S&nbsp;ribosomal&nbsp;protein&nbsp;S4,67.5
401473.BDP_1988,gatB,Aspartyl/glutamyl-tRNA(Asn/Gln)&nbsp;amidotransferase&nbsp;subunit&nbsp;B,65.8
401473.BDP_0426,BDP_0426,annotation&nbsp;not&nbsp;available,65.6
401473.BDP_0790,gluB,annotation&nbsp;not&nbsp;available,65.5
401473.BDP_0448,rpsE,30S&nbsp;ribosomal&nbsp;protein&nbsp;S5,65.3
401473.BDP_0702,BDP_0702,annotation&nbsp;not&nbsp;available,65.2
401473.BDP_2019,rplI,50S&nbsp;ribosomal&nbsp;protein&nbsp;L9,65.0
401473.BDP_0441,rplN,50S&nbsp;ribosomal&nbsp;protein&nbsp;L14,64.9
401473.BDP_1782,rpoB,DNA-directed&nbsp;RNA&nbsp;polymerase&nbsp;subunit&nbsp;beta,64.6
401473.BDP_0456,rpsK,30S&nbsp;ribosomal&nbsp;protein&nbsp;S11,64.5
401473.BDP_0099,BDP_0099,annotation&nbsp;not&nbsp;available,64.2
401473.BDP_1914,pdxS,Pyridoxal&nbsp;5'-phosphate&nbsp;synthase&nbsp;subunit&nbsp;PdxS,63.8
401473.BDP_0437,rpsC,30S&nbsp;ribosomal&nbsp;protein&nbsp;S3,63.2
401473.BDP_0439,rpmC,annotation&nbsp;not&nbsp;available,62.8
401473.BDP_1713,ppx,annotation&nbsp;not&nbsp;available,62.5
401473.BDP_1958,atpE,ATP&nbsp;synthase&nbsp;subunit&nbsp;c,62.3
401473.BDP_0410,fdxC,annotation&nbsp;not&nbsp;available,62.2
401473.BDP_1509,rplT,50S&nbsp;ribosomal&nbsp;protein&nbsp;L20,62.0
401473.BDP_1930,BDP_1930,annotation&nbsp;not&nbsp;available,61.9
401473.BDP_1384,BDP_1384,ATP-binding&nbsp;protein&nbsp;of&nbsp;ABC&nbsp;transporter&nbsp;system,61.8
401473.BDP_0389,BDP_0389,annotation&nbsp;not&nbsp;available,61.8
401473.BDP_2197,malC,annotation&nbsp;not&nbsp;available,61.4
401473.BDP_2196,malG,annotation&nbsp;not&nbsp;available,61.0
401473.BDP_0319,BDP_0319,annotation&nbsp;not&nbsp;available,60.9
401473.BDP_0693,BDP_0693,ATP-binding&nbsp;protein&nbsp;of&nbsp;ABC&nbsp;transporter&nbsp;system,60.0
401473.BDP_0440,rpsQ,30S&nbsp;ribosomal&nbsp;protein&nbsp;S17,58.8
401473.BDP_0772,groEL,60&nbsp;kDa&nbsp;chaperonin,58.6
401473.BDP_0450,rplO,50S&nbsp;ribosomal&nbsp;protein&nbsp;L15,58.4
401473.BDP_0354,rplA,50S&nbsp;ribosomal&nbsp;protein&nbsp;L1,58.3
401473.BDP_0394,rplJ,50S&nbsp;ribosomal&nbsp;protein&nbsp;L10,58.2
401473.BDP_2022,rpsF,30S&nbsp;ribosomal&nbsp;protein&nbsp;S6,58.2
401473.BDP_0458,BDP_0458,annotation&nbsp;not&nbsp;available,57.9
401473.BDP_1489,BDP_1489,annotation&nbsp;not&nbsp;available,57.5
401473.BDP_0002,BDP_0002,Beta&nbsp;sliding&nbsp;clamp,57.3
401473.BDP_2205,BDP_2205,annotation&nbsp;not&nbsp;available,57.2
401473.BDP_0814,cbiQ,annotation&nbsp;not&nbsp;available,57.1
401473.BDP_0731,rpsL,30S&nbsp;ribosomal&nbsp;protein&nbsp;S12,57.0
401473.BDP_1094,BDP_1094,annotation&nbsp;not&nbsp;available,56.3
401473.BDP_1418,secA,Protein&nbsp;translocase&nbsp;subunit&nbsp;SecA,56.0
401473.BDP_0451,secY,Protein&nbsp;translocase&nbsp;subunit&nbsp;SecY,54.9
401473.BDP_1327,BDP_1327,annotation&nbsp;not&nbsp;available,54.4
401473.BDP_0149,thiS,annotation&nbsp;not&nbsp;available,54.2
401473.BDP_1781,rpoC,DNA-directed&nbsp;RNA&nbsp;polymerase&nbsp;subunit&nbsp;beta',54.0
401473.BDP_1298,pheT,annotation&nbsp;not&nbsp;available,54.0
401473.BDP_0745,rpoZ,DNA-directed&nbsp;RNA&nbsp;polymerase&nbsp;subunit&nbsp;omega,53.8
401473.BDP_1805,leuB,3-isopropylmalate&nbsp;dehydrogenase,53.7
401473.BDP_0285,BDP_0285,annotation&nbsp;not&nbsp;available,53.4
401473.BDP_1510,rpmI,annotation&nbsp;not&nbsp;available,53.4
401473.BDP_1371,BDP_1371,annotation&nbsp;not&nbsp;available,53.0
401473.BDP_0029,BDP_0029,"Alpha-1,4&nbsp;glucan&nbsp;phosphorylase",52.8
401473.BDP_0420,rpsI,annotation&nbsp;not&nbsp;available,52.7
401473.BDP_0097,BDP_0097,annotation&nbsp;not&nbsp;available,52.4
401473.BDP_0739,carB,annotation&nbsp;not&nbsp;available,52.2
401473.BDP_1305,pdhD,annotation&nbsp;not&nbsp;available,52.1
401473.BDP_1548,ftsI,annotation&nbsp;not&nbsp;available,52.1
401473.BDP_1095,pyrD,Dihydroorotate&nbsp;dehydrogenase,51.8
401473.BDP_0446,rplF,50S&nbsp;ribosomal&nbsp;protein&nbsp;L6,51.5
401473.BDP_1955,atpA,ATP&nbsp;synthase&nbsp;subunit&nbsp;alpha,51.2
