1437600.JDUI01000001_gene562,rpsL,30S&nbsp;ribosomal&nbsp;protein&nbsp;S12,98.7
1437600.JDUI01000002_gene1548,BPULL_0095,annotation&nbsp;not&nbsp;available,98.4
1437600.JDUI01000018_gene1569,BPULL_0571,annotation&nbsp;not&nbsp;available,98.0
1437600.JDUI01000002_gene1367,BPULL_0303,annotation&nbsp;not&nbsp;available,97.8
1437600.JDUI01000009_gene361,rplW,50S&nbsp;ribosomal&nbsp;protein&nbsp;L23,97.8
1437600.JDUI01000008_gene1330,gcvH,Glycine&nbsp;cleavage&nbsp;system&nbsp;H&nbsp;protein,97.7
1437600.JDUI01000007_gene894,trpA,Tryptophan&nbsp;synthase&nbsp;alpha&nbsp;chain,97.7
1437600.JDUI01000007_gene762,aroB,Multifunctional&nbsp;fusion&nbsp;protein,97.6
1437600.JDUI01000002_gene1538,BPULL_0109,annotation&nbsp;not&nbsp;available,97.3
1437600.JDUI01000001_gene476,BPULL_1587,Aminopyrimidine&nbsp;aminohydrolase,97.2
1437600.JDUI01000009_gene344,rplO,50S&nbsp;ribosomal&nbsp;protein&nbsp;L15,97.1
1437600.JDUI01000007_gene815,BPULL_1892,annotation&nbsp;not&nbsp;available,96.9
1437600.JDUI01000009_gene358,BPULL_1365,50S&nbsp;ribosomal&nbsp;protein&nbsp;L22,96.8
1437600.JDUI01000003_gene3,BPULL_1444,annotation&nbsp;not&nbsp;available,96.6
1437600.JDUI01000016_gene1105,BPULL_1305,Ribonucleoside-diphosphate&nbsp;reductase,96.6
1437600.JDUI01000003_gene15,rpmA,annotation&nbsp;not&nbsp;available,95.5
1437600.JDUI01000007_gene904,rpsB,annotation&nbsp;not&nbsp;available,95.2
1437600.JDUI01000009_gene363,rplC,50S&nbsp;ribosomal&nbsp;protein&nbsp;L3,95.2
1437600.JDUI01000007_gene870,JDUI01000007_gene870,annotation&nbsp;not&nbsp;available,95.1
1437600.JDUI01000002_gene1455,BPULL_0210,annotation&nbsp;not&nbsp;available,95.1
1437600.JDUI01000002_gene1502,recA,Protein&nbsp;RecA,95.0
1437600.JDUI01000003_gene16,rplU,50S&nbsp;ribosomal&nbsp;protein&nbsp;L21,94.6
1437600.JDUI01000001_gene550,rpoZ,DNA-directed&nbsp;RNA&nbsp;polymerase&nbsp;subunit&nbsp;omega,94.1
1437600.JDUI01000001_gene625,glmS,Glutamine--fructose-6-phosphate&nbsp;aminotransferase&nbsp;[isomerizing],94.1
1437600.JDUI01000009_gene352,rplX,50S&nbsp;ribosomal&nbsp;protein&nbsp;L24,93.8
1437600.JDUI01000009_gene337,rpoA,DNA-directed&nbsp;RNA&nbsp;polymerase&nbsp;subunit&nbsp;alpha,93.7
1437600.JDUI01000007_gene792,ctc,50S&nbsp;ribosomal&nbsp;protein&nbsp;L25,93.5
1437600.JDUI01000007_gene848,BPULL_1923,annotation&nbsp;not&nbsp;available,93.5
1437600.JDUI01000003_gene127,JDUI01000003_gene127,annotation&nbsp;not&nbsp;available,93.2
1437600.JDUI01000009_gene316,JDUI01000009_gene316,annotation&nbsp;not&nbsp;available,93.1
1437600.JDUI01000001_gene388,JDUI01000001_gene388,annotation&nbsp;not&nbsp;available,92.4
1437600.JDUI01000003_gene2,BPULL_1443,annotation&nbsp;not&nbsp;available,91.8
1437600.JDUI01000007_gene895,trpB,Multifunctional&nbsp;fusion&nbsp;protein,91.7
1437600.JDUI01000001_gene462,BPULL_1568,annotation&nbsp;not&nbsp;available,91.5
1437600.JDUI01000009_gene364,rpsJ,30S&nbsp;ribosomal&nbsp;protein&nbsp;S10,91.4
1437600.JDUI01000006_gene991,dnaK,Chaperone&nbsp;protein&nbsp;DnaK,91.3
1437600.JDUI01000009_gene359,rpsS,30S&nbsp;ribosomal&nbsp;protein&nbsp;S19,90.8
1437600.JDUI01000001_gene595,BPULL_1733,annotation&nbsp;not&nbsp;available,90.7
1437600.JDUI01000010_gene173,rpsF,30S&nbsp;ribosomal&nbsp;protein&nbsp;S6,89.7
1437600.JDUI01000003_gene12,BPULL_1453,annotation&nbsp;not&nbsp;available,89.6
1437600.JDUI01000014_gene1034,BPULL_1411,Phosphate&nbsp;transport&nbsp;system&nbsp;permease&nbsp;protein,89.4
1437600.JDUI01000007_gene884,JDUI01000007_gene884,annotation&nbsp;not&nbsp;available,89.3
1437600.JDUI01000009_gene371,rpsI,annotation&nbsp;not&nbsp;available,88.7
1437600.JDUI01000009_gene350,rpsN,30S&nbsp;ribosomal&nbsp;protein&nbsp;S14&nbsp;type&nbsp;Z,88.1
1437600.JDUI01000011_gene726,rpmH,annotation&nbsp;not&nbsp;available,88.1
1437600.JDUI01000009_gene348,rplF,50S&nbsp;ribosomal&nbsp;protein&nbsp;L6,88.1
1437600.JDUI01000001_gene555,BPULL_1675,annotation&nbsp;not&nbsp;available,87.7
1437600.JDUI01000001_gene525,groL,60&nbsp;kDa&nbsp;chaperonin,87.7
1437600.JDUI01000014_gene1015,JDUI01000014_gene1015,annotation&nbsp;not&nbsp;available,87.1
1437600.JDUI01000014_gene1016,BPULL_1391,annotation&nbsp;not&nbsp;available,86.1
1437600.JDUI01000010_gene192,gatC,Aspartyl/glutamyl-tRNA(Asn/Gln)&nbsp;amidotransferase&nbsp;subunit&nbsp;C,85.9
1437600.JDUI01000001_gene599,BPULL_1737,annotation&nbsp;not&nbsp;available,85.6
1437600.JDUI01000001_gene556,carA,annotation&nbsp;not&nbsp;available,84.5
1437600.JDUI01000009_gene346,rpsE,30S&nbsp;ribosomal&nbsp;protein&nbsp;S5,84.4
1437600.JDUI01000002_gene1499,secA,Protein&nbsp;translocase&nbsp;subunit&nbsp;SecA,84.4
1437600.JDUI01000009_gene362,rplD,50S&nbsp;ribosomal&nbsp;protein&nbsp;L4,84.4
1437600.JDUI01000009_gene349,rpsH,30S&nbsp;ribosomal&nbsp;protein&nbsp;S8,84.3
1437600.JDUI01000002_gene1370,BPULL_0300,annotation&nbsp;not&nbsp;available,84.1
1437600.JDUI01000009_gene338,rpsK,30S&nbsp;ribosomal&nbsp;protein&nbsp;S11,83.0
1437600.JDUI01000007_gene843,JDUI01000007_gene843,annotation&nbsp;not&nbsp;available,82.9
1437600.JDUI01000007_gene780,BPULL_1853,annotation&nbsp;not&nbsp;available,82.6
1437600.JDUI01000008_gene1236,JDUI01000008_gene1236,annotation&nbsp;not&nbsp;available,81.6
1437600.JDUI01000014_gene1029,rplL,50S&nbsp;ribosomal&nbsp;protein&nbsp;L7/L12,81.4
1437600.JDUI01000014_gene1030,rplJ,50S&nbsp;ribosomal&nbsp;protein&nbsp;L10,81.2
1437600.JDUI01000007_gene798,BPULL_1872,annotation&nbsp;not&nbsp;available,80.9
1437600.JDUI01000009_gene372,rplM,50S&nbsp;ribosomal&nbsp;protein&nbsp;L13,80.7
1437600.JDUI01000015_gene1066,rpmE,50S&nbsp;ribosomal&nbsp;protein&nbsp;L31,80.1
1437600.JDUI01000007_gene799,BPULL_1873,annotation&nbsp;not&nbsp;available,79.9
1437600.JDUI01000001_gene561,rpsG,30S&nbsp;ribosomal&nbsp;protein&nbsp;S7,79.7
1437600.JDUI01000008_gene1276,xseA,Exodeoxyribonuclease&nbsp;7&nbsp;large&nbsp;subunit,79.7
1437600.JDUI01000009_gene345,rpmD,annotation&nbsp;not&nbsp;available,79.6
1437600.JDUI01000007_gene897,hisF,Imidazole&nbsp;glycerol&nbsp;phosphate&nbsp;synthase&nbsp;subunit&nbsp;HisF,79.0
1437600.JDUI01000009_gene355,rpmC,annotation&nbsp;not&nbsp;available,78.9
1437600.JDUI01000010_gene215,atpG,ATP&nbsp;synthase&nbsp;gamma&nbsp;chain,78.6
1437600.JDUI01000001_gene459,BPULL_0952,annotation&nbsp;not&nbsp;available,78.6
1437600.JDUI01000010_gene176,rplI,50S&nbsp;ribosomal&nbsp;protein&nbsp;L9,78.6
1437600.JDUI01000013_gene934,JDUI01000013_gene934,annotation&nbsp;not&nbsp;available,78.3
1437600.JDUI01000010_gene199,JDUI01000010_gene199,annotation&nbsp;not&nbsp;available,78.2
1437600.JDUI01000009_gene354,rpsQ,30S&nbsp;ribosomal&nbsp;protein&nbsp;S17,77.9
1437600.JDUI01000009_gene367,BPULL_1375,annotation&nbsp;not&nbsp;available,77.7
1437600.JDUI01000007_gene866,ruvB,Holliday&nbsp;junction&nbsp;ATP-dependent&nbsp;DNA&nbsp;helicase&nbsp;RuvB,77.4
1437600.JDUI01000007_gene851,BPULL_1927,annotation&nbsp;not&nbsp;available,77.1
1437600.JDUI01000002_gene1365,JDUI01000002_gene1365,annotation&nbsp;not&nbsp;available,77.0
1437600.JDUI01000003_gene1,BPULL_1440,annotation&nbsp;not&nbsp;available,76.9
1437600.JDUI01000009_gene351,rplE,50S&nbsp;ribosomal&nbsp;protein&nbsp;L5,76.2
1437600.JDUI01000013_gene922,JDUI01000013_gene922,annotation&nbsp;not&nbsp;available,76.0
1437600.JDUI01000010_gene212,JDUI01000010_gene212,annotation&nbsp;not&nbsp;available,75.6
1437600.JDUI01000009_gene339,rpsM,30S&nbsp;ribosomal&nbsp;protein&nbsp;S13,75.4
1437600.JDUI01000001_gene447,pheT,annotation&nbsp;not&nbsp;available,75.3
1437600.JDUI01000017_gene1597,BPULL_1197,annotation&nbsp;not&nbsp;available,75.2
1437600.JDUI01000010_gene217,atpC,ATP&nbsp;synthase&nbsp;epsilon&nbsp;chain,74.9
1437600.JDUI01000014_gene1019,rpmG,annotation&nbsp;not&nbsp;available,74.8
1437600.JDUI01000002_gene1546,rpmI,annotation&nbsp;not&nbsp;available,74.8
1437600.JDUI01000007_gene865,ruvA,Holliday&nbsp;junction&nbsp;ATP-dependent&nbsp;DNA&nbsp;helicase&nbsp;RuvA,74.1
1437600.JDUI01000001_gene456,JDUI01000001_gene456,annotation&nbsp;not&nbsp;available,74.1
1437600.JDUI01000009_gene343,secY,Protein&nbsp;translocase&nbsp;subunit&nbsp;SecY,73.7
1437600.JDUI01000006_gene988,BPULL_0343,annotation&nbsp;not&nbsp;available,73.6
1437600.JDUI01000008_gene1275,BPULL_0580,annotation&nbsp;not&nbsp;available,73.5
1437600.JDUI01000014_gene1057,JDUI01000014_gene1057,annotation&nbsp;not&nbsp;available,73.5
1437600.JDUI01000010_gene216,atpD,ATP&nbsp;synthase&nbsp;subunit&nbsp;beta,72.5
1437600.JDUI01000007_gene872,BPULL_1949,annotation&nbsp;not&nbsp;available,72.5
1437600.JDUI01000007_gene795,rpsT,30S&nbsp;ribosomal&nbsp;protein&nbsp;S20,70.5
1437600.JDUI01000003_gene51,rpsP,annotation&nbsp;not&nbsp;available,70.3
1437600.JDUI01000016_gene1104,BPULL_1306,Ribonucleoside-diphosphate&nbsp;reductase&nbsp;subunit&nbsp;beta,70.3
1437600.JDUI01000010_gene180,JDUI01000010_gene180,annotation&nbsp;not&nbsp;available,70.2
1437600.JDUI01000010_gene214,atpA,ATP&nbsp;synthase&nbsp;subunit&nbsp;alpha,70.2
1437600.JDUI01000013_gene913,BPULL_0020,annotation&nbsp;not&nbsp;available,69.7
1437600.JDUI01000014_gene1021,groS,10&nbsp;kDa&nbsp;chaperonin,69.5
1437600.JDUI01000007_gene842,uvrC,UvrABC&nbsp;system&nbsp;protein&nbsp;C,69.5
1437600.JDUI01000012_gene1155,JDUI01000012_gene1155,annotation&nbsp;not&nbsp;available,69.4
1437600.JDUI01000009_gene253,BPULL_0524,annotation&nbsp;not&nbsp;available,69.3
1437600.JDUI01000009_gene353,rplN,50S&nbsp;ribosomal&nbsp;protein&nbsp;L14,68.4
1437600.JDUI01000003_gene24,rplS,50S&nbsp;ribosomal&nbsp;protein&nbsp;L19,67.8
1437600.JDUI01000003_gene101,BPULL_1533,annotation&nbsp;not&nbsp;available,67.3
1437600.JDUI01000008_gene1310,rpoB,DNA-directed&nbsp;RNA&nbsp;polymerase&nbsp;subunit&nbsp;beta,66.7
1437600.JDUI01000007_gene911,BPULL_1052,annotation&nbsp;not&nbsp;available,66.6
1437600.JDUI01000009_gene356,rplP,50S&nbsp;ribosomal&nbsp;protein&nbsp;L16,66.4
1437600.JDUI01000003_gene39,rpmF,annotation&nbsp;not&nbsp;available,66.2
1437600.JDUI01000007_gene869,sucC,Succinate--CoA&nbsp;ligase&nbsp;[ADP-forming]&nbsp;subunit&nbsp;beta,66.2
1437600.JDUI01000001_gene463,JDUI01000001_gene463,annotation&nbsp;not&nbsp;available,65.7
1437600.JDUI01000001_gene452,BPULL_0959,annotation&nbsp;not&nbsp;available,65.7
1437600.JDUI01000010_gene213,JDUI01000010_gene213,annotation&nbsp;not&nbsp;available,65.6
1437600.JDUI01000001_gene578,BPULL_1710,annotation&nbsp;not&nbsp;available,65.6
1437600.JDUI01000003_gene8,rplA,50S&nbsp;ribosomal&nbsp;protein&nbsp;L1,65.6
1437600.JDUI01000001_gene484,BPULL_1596,annotation&nbsp;not&nbsp;available,65.3
1437600.JDUI01000001_gene575,purF,Amidophosphoribosyltransferase,64.3
1437600.JDUI01000003_gene57,rpmB,annotation&nbsp;not&nbsp;available,64.1
1437600.JDUI01000001_gene468,JDUI01000001_gene468,annotation&nbsp;not&nbsp;available,64.0
1437600.JDUI01000016_gene1120,BPULL_1295,Beta&nbsp;sliding&nbsp;clamp,63.9
1437600.JDUI01000010_gene234,BPULL_2060,annotation&nbsp;not&nbsp;available,63.8
1437600.JDUI01000002_gene1454,JDUI01000002_gene1454,annotation&nbsp;not&nbsp;available,63.8
1437600.JDUI01000010_gene194,gatB,Aspartyl/glutamyl-tRNA(Asn/Gln)&nbsp;amidotransferase&nbsp;subunit&nbsp;B,63.2
1437600.JDUI01000016_gene1114,BPULL_1301,annotation&nbsp;not&nbsp;available,63.2
1437600.JDUI01000010_gene172,JDUI01000010_gene172,annotation&nbsp;not&nbsp;available,63.1
1437600.JDUI01000009_gene357,rpsC,30S&nbsp;ribosomal&nbsp;protein&nbsp;S3,63.0
1437600.JDUI01000013_gene924,BPULL_0030,annotation&nbsp;not&nbsp;available,63.0
1437600.JDUI01000007_gene753,rpsD,30S&nbsp;ribosomal&nbsp;protein&nbsp;S4,62.7
1437600.JDUI01000007_gene812,BPULL_1889,annotation&nbsp;not&nbsp;available,62.7
1437600.JDUI01000001_gene577,purD,annotation&nbsp;not&nbsp;available,62.5
1437600.JDUI01000009_gene360,rplB,50S&nbsp;ribosomal&nbsp;protein&nbsp;L2,62.0
1437600.JDUI01000009_gene340,rpmJ,annotation&nbsp;not&nbsp;available,60.9
1437600.JDUI01000007_gene906,JDUI01000007_gene906,annotation&nbsp;not&nbsp;available,60.7
1437600.JDUI01000010_gene175,rpsR,30S&nbsp;ribosomal&nbsp;protein&nbsp;S18,60.3
1437600.JDUI01000001_gene448,pheS,annotation&nbsp;not&nbsp;available,60.0
1437600.JDUI01000003_gene11,secE,Protein&nbsp;translocase&nbsp;subunit&nbsp;SecE,59.7
1437600.JDUI01000003_gene85,leuC,3-isopropylmalate&nbsp;dehydratase&nbsp;large&nbsp;subunit,59.1
1437600.JDUI01000009_gene347,rplR,50S&nbsp;ribosomal&nbsp;protein&nbsp;L18,59.0
1437600.JDUI01000014_gene1033,BPULL_1410,annotation&nbsp;not&nbsp;available,58.8
1437600.JDUI01000008_gene1277,xseB,Exodeoxyribonuclease&nbsp;7&nbsp;small&nbsp;subunit,58.3
1437600.JDUI01000001_gene437,JDUI01000001_gene437,annotation&nbsp;not&nbsp;available,56.8
1437600.JDUI01000008_gene1309,rpoC,DNA-directed&nbsp;RNA&nbsp;polymerase&nbsp;subunit&nbsp;beta',56.7
1437600.JDUI01000002_gene1545,rplT,50S&nbsp;ribosomal&nbsp;protein&nbsp;L20,56.5
1437600.JDUI01000010_gene193,gatA,Glutamyl-tRNA(Gln)&nbsp;amidotransferase&nbsp;subunit&nbsp;A,55.8
1437600.JDUI01000003_gene9,rplK,50S&nbsp;ribosomal&nbsp;protein&nbsp;L11,55.3
1437600.JDUI01000003_gene88,gltX,Glutamate--tRNA&nbsp;ligase,55.0
1437600.JDUI01000012_gene1162,BPULL_1150,annotation&nbsp;not&nbsp;available,55.0
1437600.JDUI01000008_gene1224,BPULL_0006,annotation&nbsp;not&nbsp;available,54.9
1437600.JDUI01000002_gene1469,nadE,Glutamine-dependent&nbsp;NAD(+)&nbsp;synthetase,54.8
1437600.JDUI01000006_gene990,JDUI01000006_gene990,annotation&nbsp;not&nbsp;available,54.7
1437600.JDUI01000003_gene72,ddl,D-alanine--D-alanine&nbsp;ligase,54.7
1437600.JDUI01000008_gene1327,leuB,3-isopropylmalate&nbsp;dehydrogenase,54.7
1437600.JDUI01000009_gene336,rplQ,annotation&nbsp;not&nbsp;available,54.0
1437600.JDUI01000009_gene341,infA,Translation&nbsp;initiation&nbsp;factor&nbsp;IF-1,53.7
1437600.JDUI01000001_gene473,JDUI01000001_gene473,annotation&nbsp;not&nbsp;available,53.2
1437600.JDUI01000002_gene1449,BPULL_0218,annotation&nbsp;not&nbsp;available,52.8
1437600.JDUI01000007_gene811,BPULL_1888,annotation&nbsp;not&nbsp;available,52.5
1437600.JDUI01000011_gene687,dcd,annotation&nbsp;not&nbsp;available,51.7
1437600.JDUI01000007_gene909,BPULL_1054,annotation&nbsp;not&nbsp;available,51.6
1437600.JDUI01000014_gene1053,rpsO,30S&nbsp;ribosomal&nbsp;protein&nbsp;S15,51.5
