33905.BTHE_0450,rplF,50S&nbsp;ribosomal&nbsp;protein&nbsp;L6,98.4
33905.BTHE_0918,pyrD,Dihydroorotate&nbsp;dehydrogenase,98.1
33905.BTHE_0178,D805_1180,annotation&nbsp;not&nbsp;available,98.0
33905.BTHE_0445,secY,Protein&nbsp;translocase&nbsp;subunit&nbsp;SecY,97.6
33905.BTHE_0175,rpsL,30S&nbsp;ribosomal&nbsp;protein&nbsp;S12,96.6
33905.BTHE_0393,BTHE_0393,annotation&nbsp;not&nbsp;available,96.6
33905.BTHE_1320,D805_0228,annotation&nbsp;not&nbsp;available,96.5
33905.BTHE_1395,rpmB,annotation&nbsp;not&nbsp;available,95.6
33905.BTHE_0764,BTHE_0764,annotation&nbsp;not&nbsp;available,95.2
33905.BTHE_0452,rpsN,30S&nbsp;ribosomal&nbsp;protein&nbsp;S14&nbsp;type&nbsp;Z,95.2
33905.BTHE_0917,D805_1090,annotation&nbsp;not&nbsp;available,94.9
33905.BTHE_0180,D805_1181,annotation&nbsp;not&nbsp;available,94.8
33905.BTHE_0065,pheT,annotation&nbsp;not&nbsp;available,94.7
33905.BTHE_1692,atpG,ATP&nbsp;synthase&nbsp;gamma&nbsp;chain,94.6
33905.BTHE_1414,rpmF,annotation&nbsp;not&nbsp;available,94.4
33905.BTHE_0461,rpsS,30S&nbsp;ribosomal&nbsp;protein&nbsp;S19,94.1
33905.BTHE_1406,ffh,Signal&nbsp;recognition&nbsp;particle&nbsp;protein,93.9
33905.BTHE_0638,secA,Protein&nbsp;translocase&nbsp;subunit&nbsp;SecA,93.8
33905.BTHE_1051,D805_0968,annotation&nbsp;not&nbsp;available,93.6
33905.BTHE_0453,rplE,50S&nbsp;ribosomal&nbsp;protein&nbsp;L5,92.2
33905.BTHE_1197,D805_0105,annotation&nbsp;not&nbsp;available,91.8
33905.BTHE_0507,D805_1489,annotation&nbsp;not&nbsp;available,91.6
33905.BTHE_1687,atpB,ATP&nbsp;synthase&nbsp;subunit&nbsp;a,91.4
33905.BTHE_1023,ctc,50S&nbsp;ribosomal&nbsp;protein&nbsp;L25,91.3
33905.BTHE_1357,leuD,3-isopropylmalate&nbsp;dehydratase&nbsp;small&nbsp;subunit,90.9
33905.BTHE_1814,D805_1695,annotation&nbsp;not&nbsp;available,90.8
33905.BTHE_0864,BTHE_0864,annotation&nbsp;not&nbsp;available,90.7
33905.BTHE_1601,rpmH,annotation&nbsp;not&nbsp;available,90.7
33905.BTHE_0609,D805_0762,Metal&nbsp;ABC&nbsp;transporter&nbsp;ATP-binding&nbsp;protein,89.8
33905.BTHE_0073,D805_1773,annotation&nbsp;not&nbsp;available,89.5
33905.BTHE_1529,pdxS,Pyridoxal&nbsp;5'-phosphate&nbsp;synthase&nbsp;subunit&nbsp;PdxS,89.2
33905.BTHE_1499,leuB,3-isopropylmalate&nbsp;dehydrogenase,89.0
33905.BTHE_1135,rpsA,annotation&nbsp;not&nbsp;available,88.4
33905.BTHE_1293,ftsY,Signal&nbsp;recognition&nbsp;particle&nbsp;receptor&nbsp;FtsY,87.9
33905.BTHE_0448,rpsE,30S&nbsp;ribosomal&nbsp;protein&nbsp;S5,87.8
33905.BTHE_1404,rpsP,annotation&nbsp;not&nbsp;available,87.5
33905.BTHE_1327,rplI,50S&nbsp;ribosomal&nbsp;protein&nbsp;L9,87.2
33905.BTHE_0329,D805_1313,annotation&nbsp;not&nbsp;available,86.8
33905.BTHE_0172,tuf,Elongation&nbsp;factor&nbsp;Tu,86.6
33905.BTHE_1690,atpH,ATP&nbsp;synthase&nbsp;subunit&nbsp;delta,86.5
33905.BTHE_1813,D805_1694,annotation&nbsp;not&nbsp;available,86.0
33905.BTHE_1297,D805_0203,annotation&nbsp;not&nbsp;available,85.4
33905.BTHE_1717,rpmA,annotation&nbsp;not&nbsp;available,85.0
33905.BTHE_0465,rplC,50S&nbsp;ribosomal&nbsp;protein&nbsp;L3,84.9
33905.BTHE_1027,D805_0986,annotation&nbsp;not&nbsp;available,84.5
33905.BTHE_1809,D805_1689,annotation&nbsp;not&nbsp;available,83.6
33905.BTHE_1338,D805_0245,annotation&nbsp;not&nbsp;available,83.6
33905.BTHE_0167,carB,annotation&nbsp;not&nbsp;available,83.5
33905.BTHE_0498,rplJ,50S&nbsp;ribosomal&nbsp;protein&nbsp;L10,83.3
33905.BTHE_0463,rplW,50S&nbsp;ribosomal&nbsp;protein&nbsp;L23,82.3
33905.BTHE_0913,D805_1093,annotation&nbsp;not&nbsp;available,81.9
33905.BTHE_0673,D805_0686,annotation&nbsp;not&nbsp;available,81.8
33905.BTHE_0589,BTHE_0589,annotation&nbsp;not&nbsp;available,81.0
33905.BTHE_1272,D805_0178,Ribonucleoside-diphosphate&nbsp;reductase,80.4
33905.BTHE_0892,rpoC,DNA-directed&nbsp;RNA&nbsp;polymerase&nbsp;subunit&nbsp;beta',79.8
33905.BTHE_0456,rpsQ,30S&nbsp;ribosomal&nbsp;protein&nbsp;S17,79.8
33905.BTHE_1664,gatB,Aspartyl/glutamyl-tRNA(Asn/Gln)&nbsp;amidotransferase&nbsp;subunit&nbsp;B,79.3
33905.BTHE_0728,D805_0617,annotation&nbsp;not&nbsp;available,78.4
33905.BTHE_0442,rpmJ,annotation&nbsp;not&nbsp;available,78.3
33905.BTHE_0163,rpoZ,DNA-directed&nbsp;RNA&nbsp;polymerase&nbsp;subunit&nbsp;omega,76.7
33905.BTHE_0487,groS,10&nbsp;kDa&nbsp;chaperonin,76.2
33905.BTHE_0608,D805_0763,annotation&nbsp;not&nbsp;available,76.2
33905.BTHE_0995,tsf,Elongation&nbsp;factor&nbsp;Ts,76.1
33905.BTHE_0186,purT,Formate-dependent&nbsp;phosphoribosylglycinamide&nbsp;formyltransferase,75.9
33905.BTHE_1590,D805_0010,annotation&nbsp;not&nbsp;available,75.6
33905.BTHE_0439,rpoA,DNA-directed&nbsp;RNA&nbsp;polymerase&nbsp;subunit&nbsp;alpha,75.3
33905.BTHE_0451,rpsH,30S&nbsp;ribosomal&nbsp;protein&nbsp;S8,75.1
33905.BTHE_1411,ilvH,annotation&nbsp;not&nbsp;available,74.9
33905.BTHE_1324,rpsF,30S&nbsp;ribosomal&nbsp;protein&nbsp;S6,74.9
33905.BTHE_0953,BTHE_0953,annotation&nbsp;not&nbsp;available,74.7
33905.BTHE_0672,D805_0687,annotation&nbsp;not&nbsp;available,74.3
33905.BTHE_0168,carA,annotation&nbsp;not&nbsp;available,73.9
33905.BTHE_0957,sucC,Succinate--CoA&nbsp;ligase&nbsp;[ADP-forming]&nbsp;subunit&nbsp;beta,73.9
33905.BTHE_1688,atpE,ATP&nbsp;synthase&nbsp;subunit&nbsp;c,73.8
33905.BTHE_0508,D805_1490,Phosphate&nbsp;transport&nbsp;system&nbsp;permease&nbsp;protein,73.2
33905.BTHE_0464,rplD,50S&nbsp;ribosomal&nbsp;protein&nbsp;L4,73.0
33905.BTHE_1020,rpsT,30S&nbsp;ribosomal&nbsp;protein&nbsp;S20,73.0
33905.BTHE_0958,sucD,Succinate--CoA&nbsp;ligase&nbsp;[ADP-forming]&nbsp;subunit&nbsp;alpha,72.7
33905.BTHE_0989,hisF,Imidazole&nbsp;glycerol&nbsp;phosphate&nbsp;synthase&nbsp;subunit&nbsp;HisF,72.2
33905.BTHE_0116,D805_1118,annotation&nbsp;not&nbsp;available,72.0
33905.BTHE_1068,rpsD,30S&nbsp;ribosomal&nbsp;protein&nbsp;S4,71.8
33905.BTHE_1251,D805_0163,annotation&nbsp;not&nbsp;available,71.8
33905.BTHE_0449,rplR,50S&nbsp;ribosomal&nbsp;protein&nbsp;L18,71.0
33905.BTHE_0865,xseB,Exodeoxyribonuclease&nbsp;7&nbsp;small&nbsp;subunit,71.0
33905.BTHE_1603,D805_1843,annotation&nbsp;not&nbsp;available,70.9
33905.BTHE_1271,nrdF,annotation&nbsp;not&nbsp;available,70.5
33905.BTHE_0114,D805_1116,annotation&nbsp;not&nbsp;available,70.3
33905.BTHE_0954,ruvB,Holliday&nbsp;junction&nbsp;ATP-dependent&nbsp;DNA&nbsp;helicase&nbsp;RuvB,69.9
33905.BTHE_0438,rplQ,annotation&nbsp;not&nbsp;available,69.8
33905.BTHE_0701,BTHE_0701,annotation&nbsp;not&nbsp;available,69.1
33905.BTHE_1429,rplS,50S&nbsp;ribosomal&nbsp;protein&nbsp;L19,68.8
33905.BTHE_0460,rplV,50S&nbsp;ribosomal&nbsp;protein&nbsp;L22,68.6
33905.BTHE_0455,rplN,50S&nbsp;ribosomal&nbsp;protein&nbsp;L14,68.2
33905.BTHE_0960,purH,annotation&nbsp;not&nbsp;available,67.6
33905.BTHE_0457,rpmC,annotation&nbsp;not&nbsp;available,67.4
33905.BTHE_1007,D805_1001,annotation&nbsp;not&nbsp;available,67.4
33905.BTHE_0454,rplX,50S&nbsp;ribosomal&nbsp;protein&nbsp;L24,67.1
33905.BTHE_0986,trpB,Multifunctional&nbsp;fusion&nbsp;protein,67.0
33905.BTHE_0497,rplL,50S&nbsp;ribosomal&nbsp;protein&nbsp;L7/L12,66.8
33905.BTHE_1662,BTHE_1662,annotation&nbsp;not&nbsp;available,66.7
33905.BTHE_0912,pyrB,annotation&nbsp;not&nbsp;available,65.9
33905.BTHE_1725,rplA,50S&nbsp;ribosomal&nbsp;protein&nbsp;L1,65.8
33905.BTHE_1042,D805_0975,annotation&nbsp;not&nbsp;available,65.4
33905.BTHE_1555,D805_0047,"Alpha-1,4&nbsp;glucan&nbsp;phosphorylase",65.1
33905.BTHE_0098,D805_1788,annotation&nbsp;not&nbsp;available,64.3
33905.BTHE_1250,D805_0162,annotation&nbsp;not&nbsp;available,64.0
33905.BTHE_0985,trpA,Tryptophan&nbsp;synthase&nbsp;alpha&nbsp;chain,63.9
33905.BTHE_1722,secE,Protein&nbsp;translocase&nbsp;subunit&nbsp;SecE,63.6
33905.BTHE_1326,rpsR,30S&nbsp;ribosomal&nbsp;protein&nbsp;S18,63.3
33905.BTHE_0483,rpmG,annotation&nbsp;not&nbsp;available,63.2
33905.BTHE_0528,rpsO,30S&nbsp;ribosomal&nbsp;protein&nbsp;S15,63.1
33905.BTHE_0174,rpsG,30S&nbsp;ribosomal&nbsp;protein&nbsp;S7,63.0
33905.BTHE_1807,D805_1687,annotation&nbsp;not&nbsp;available,62.2
33905.BTHE_0394,D805_1383,annotation&nbsp;not&nbsp;available,62.2
33905.BTHE_1689,atpF,ATP&nbsp;synthase&nbsp;subunit&nbsp;b,62.0
33905.BTHE_1298,D805_0204,annotation&nbsp;not&nbsp;available,61.8
33905.BTHE_1716,rplU,50S&nbsp;ribosomal&nbsp;protein&nbsp;L21,61.2
33905.BTHE_0447,rpmD,annotation&nbsp;not&nbsp;available,60.9
33905.BTHE_0132,groL,60&nbsp;kDa&nbsp;chaperonin,60.8
33905.BTHE_0115,D805_1117,annotation&nbsp;not&nbsp;available,59.6
33905.BTHE_1638,D805_1804,annotation&nbsp;not&nbsp;available,59.4
33905.BTHE_1694,atpC,ATP&nbsp;synthase&nbsp;epsilon&nbsp;chain,59.1
33905.BTHE_1005,gltD,annotation&nbsp;not&nbsp;available,59.0
33905.BTHE_1196,D805_0104,annotation&nbsp;not&nbsp;available,58.9
33905.BTHE_1598,D805_0002,Beta&nbsp;sliding&nbsp;clamp,58.5
33905.BTHE_0579,BTHE_0579,annotation&nbsp;not&nbsp;available,58.1
33905.BTHE_0441,rpsM,30S&nbsp;ribosomal&nbsp;protein&nbsp;S13,57.8
33905.BTHE_1931,BTHE_1931,annotation&nbsp;not&nbsp;available,57.3
33905.BTHE_0462,rplB,50S&nbsp;ribosomal&nbsp;protein&nbsp;L2,57.0
33905.BTHE_0459,rpsC,30S&nbsp;ribosomal&nbsp;protein&nbsp;S3,57.0
33905.BTHE_0893,rpoB,DNA-directed&nbsp;RNA&nbsp;polymerase&nbsp;subunit&nbsp;beta,56.8
33905.BTHE_0117,D805_1119,annotation&nbsp;not&nbsp;available,56.7
33905.BTHE_0933,secG,annotation&nbsp;not&nbsp;available,56.5
33905.BTHE_0471,rpsI,annotation&nbsp;not&nbsp;available,55.8
33905.BTHE_1946,rpsB,annotation&nbsp;not&nbsp;available,55.7
33905.BTHE_1412,D805_0308,annotation&nbsp;not&nbsp;available,55.7
33905.BTHE_0458,rplP,50S&nbsp;ribosomal&nbsp;protein&nbsp;L16,55.1
33905.BTHE_0466,rpsJ,30S&nbsp;ribosomal&nbsp;protein&nbsp;S10,55.0
33905.BTHE_1724,rplK,50S&nbsp;ribosomal&nbsp;protein&nbsp;L11,54.8
33905.BTHE_0177,D805_1179,annotation&nbsp;not&nbsp;available,54.4
33905.BTHE_0769,dnaE,annotation&nbsp;not&nbsp;available,54.0
33905.BTHE_0067,pheS,annotation&nbsp;not&nbsp;available,53.7
33905.BTHE_1530,pdxT,Pyridoxal&nbsp;5'-phosphate&nbsp;synthase&nbsp;subunit&nbsp;PdxT,53.5
33905.BTHE_1321,D805_0229,annotation&nbsp;not&nbsp;available,53.3
33905.BTHE_0685,rpmI,annotation&nbsp;not&nbsp;available,53.2
33905.BTHE_0506,pstB,Phosphate&nbsp;import&nbsp;ATP-binding&nbsp;protein&nbsp;PstB,53.1
33905.BTHE_0480,D805_1465,annotation&nbsp;not&nbsp;available,53.0
33905.BTHE_1663,gatA,Glutamyl-tRNA(Gln)&nbsp;amidotransferase&nbsp;subunit&nbsp;A,52.9
33905.BTHE_1693,atpD,ATP&nbsp;synthase&nbsp;subunit&nbsp;beta,52.8
33905.BTHE_0314,rpmE,50S&nbsp;ribosomal&nbsp;protein&nbsp;L31,52.8
33905.BTHE_0446,rplO,50S&nbsp;ribosomal&nbsp;protein&nbsp;L15,52.7
33905.BTHE_1875,D805_0080,annotation&nbsp;not&nbsp;available,52.7
33905.BTHE_0684,rplT,50S&nbsp;ribosomal&nbsp;protein&nbsp;L20,52.4
33905.BTHE_0331,metN,Methionine&nbsp;import&nbsp;ATP-binding&nbsp;protein&nbsp;MetN,52.3
33905.BTHE_1691,atpA,ATP&nbsp;synthase&nbsp;subunit&nbsp;alpha,52.3
33905.BTHE_1026,D805_0987,NAD(P)&nbsp;transhydrogenase&nbsp;subunit&nbsp;beta,52.2
33905.BTHE_1356,leuC,3-isopropylmalate&nbsp;dehydratase&nbsp;large&nbsp;subunit,52.2
33905.BTHE_0588,BTHE_0588,annotation&nbsp;not&nbsp;available,52.0
33905.BTHE_0509,D805_1491,Phosphate-binding&nbsp;protein&nbsp;PstS,52.0
33905.BTHE_0472,rplM,50S&nbsp;ribosomal&nbsp;protein&nbsp;L13,51.6
33905.BTHE_0440,rpsK,30S&nbsp;ribosomal&nbsp;protein&nbsp;S11,51.0
