257313.BP1971,BP1971,annotation&nbsp;not&nbsp;available,98.9
257313.BP2811,fadD,annotation&nbsp;not&nbsp;available,98.8
257313.BP2021,acnB,Aconitate&nbsp;hydratase&nbsp;B,98.7
257313.BP1570,dapA,4-hydroxy-tetrahydrodipicolinate&nbsp;synthase,98.7
257313.BP3282,atpB,ATP&nbsp;synthase&nbsp;subunit&nbsp;a,98.5
257313.BP1121,BP1121,Pyruvate&nbsp;dehydrogenase&nbsp;E1&nbsp;component,98.5
257313.BP1071,pstS,Phosphate-binding&nbsp;protein&nbsp;PstS,98.5
257313.BP2997,fabE,Biotin&nbsp;carboxyl&nbsp;carrier&nbsp;protein&nbsp;of&nbsp;acetyl-CoA&nbsp;carboxylase,98.3
257313.BP0556,hmgcL,Hydroxymethylglutaryl-CoA&nbsp;lyase,98.2
257313.BP0777,BP0777,annotation&nbsp;not&nbsp;available,98.1
257313.BP3567,BP3567,annotation&nbsp;not&nbsp;available,98.1
257313.BP2930,cyoD,annotation&nbsp;not&nbsp;available,98.0
257313.BP2638,BP2638,annotation&nbsp;not&nbsp;available,98.0
257313.BP1928,BP1928,annotation&nbsp;not&nbsp;available,98.0
257313.BP1094,BP1094,annotation&nbsp;not&nbsp;available,98.0
257313.BP2961,rpsI,30S&nbsp;ribosomal&nbsp;protein&nbsp;S9,97.8
257313.BP1417,glnD,Bifunctional&nbsp;uridylyltransferase/uridylyl-removing&nbsp;enzyme,97.8
257313.BP0591,BP0591,annotation&nbsp;not&nbsp;available,97.8
257313.BP0377,mrdA,"Peptidoglycan&nbsp;D,D-transpeptidase&nbsp;MrdA",97.7
257313.BP1402,fliG,Flagellar&nbsp;motor&nbsp;switch&nbsp;protein&nbsp;FliG,97.7
257313.BP1006,BP1006,annotation&nbsp;not&nbsp;available,97.7
257313.BP0034,glyS,annotation&nbsp;not&nbsp;available,97.6
257313.BP1455,gpmB,annotation&nbsp;not&nbsp;available,97.6
257313.BP1033,cheY,annotation&nbsp;not&nbsp;available,97.5
257313.BP3610,fusA,Elongation&nbsp;factor&nbsp;G,97.1
257313.BP0821,BP0821,annotation&nbsp;not&nbsp;available,97.1
257313.BP2418,BP2418,annotation&nbsp;not&nbsp;available,97.0
257313.BP3636,secY,Protein&nbsp;translocase&nbsp;subunit&nbsp;SecY,97.0
257313.BP0449,BP0449,annotation&nbsp;not&nbsp;available,97.0
257313.BP1292,BP1292,annotation&nbsp;not&nbsp;available,97.0
257313.BP0372,gatA,Glutamyl-tRNA(Gln)&nbsp;amidotransferase&nbsp;subunit&nbsp;A,96.9
257313.BP2756,clpS,ATP-dependent&nbsp;Clp&nbsp;protease&nbsp;adapter&nbsp;protein&nbsp;ClpS,96.7
257313.BP1650,BP1650,annotation&nbsp;not&nbsp;available,96.6
257313.BP1352,BP1352,annotation&nbsp;not&nbsp;available,96.6
257313.BP0354,BP0354,annotation&nbsp;not&nbsp;available,96.5
257313.BP2934,BP2934,annotation&nbsp;not&nbsp;available,96.5
257313.BP0122,BP0122,annotation&nbsp;not&nbsp;available,96.4
257313.BP1453,carB,Carbamoyl-phosphate&nbsp;synthase&nbsp;large&nbsp;chain,96.4
257313.BP3304,BP3304,Putative&nbsp;enoyl-CoA&nbsp;hydratase,96.3
257313.BP3632,rplR,50S&nbsp;ribosomal&nbsp;protein&nbsp;L18,96.2
257313.BP1878,bvgA,Virulence&nbsp;factors&nbsp;putative&nbsp;positive&nbsp;transcription&nbsp;regulator&nbsp;BvgA,96.2
257313.BP2744,BP2744,annotation&nbsp;not&nbsp;available,96.1
257313.BP2640,BP2640,annotation&nbsp;not&nbsp;available,96.1
257313.BP0011,rplA,50S&nbsp;ribosomal&nbsp;protein&nbsp;L1,96.0
257313.BP1119,fim2,Serotype&nbsp;2&nbsp;fimbrial&nbsp;subunit,95.9
257313.BP1948,BP1948,annotation&nbsp;not&nbsp;available,95.9
257313.BP0763,cyaE,Protein&nbsp;CyaE,95.8
257313.BP0102,BP0102,annotation&nbsp;not&nbsp;available,95.8
257313.BP3426,BP3426,annotation&nbsp;not&nbsp;available,95.8
257313.BP3638,rpmJ,50S&nbsp;ribosomal&nbsp;protein&nbsp;L36,95.8
257313.BP3758,BP3758,annotation&nbsp;not&nbsp;available,95.8
257313.BP1882,fimC,Outer&nbsp;membrane&nbsp;usher&nbsp;protein&nbsp;FimC,95.7
257313.BP0126,BP0126,annotation&nbsp;not&nbsp;available,95.7
257313.BP3754,gltD,Glutamate&nbsp;synthase&nbsp;[NADPH]&nbsp;small&nbsp;chain,95.5
257313.BP1394,fliM,annotation&nbsp;not&nbsp;available,95.5
257313.BP2441,BP2441,3-oxoacyl-[acyl-carrier&nbsp;protein]&nbsp;reductase,95.5
257313.BP1055,cysG,Siroheme&nbsp;synthase,95.5
257313.BP2794,rpsR,30S&nbsp;ribosomal&nbsp;protein&nbsp;S18,95.4
257313.BP3773,hisF,Imidazole&nbsp;glycerol&nbsp;phosphate&nbsp;synthase&nbsp;subunit&nbsp;HisF,95.3
257313.BP2522,folD2,Bifunctional&nbsp;protein&nbsp;FolD&nbsp;2,95.3
257313.BP2157,acoD,annotation&nbsp;not&nbsp;available,95.2
257313.BP3751,adhI,annotation&nbsp;not&nbsp;available,95.1
257313.BP1472,fdhA,annotation&nbsp;not&nbsp;available,95.1
257313.BP0622,BP0622,annotation&nbsp;not&nbsp;available,95.1
257313.BP2347,potA,Spermidine/putrescine&nbsp;import&nbsp;ATP-binding&nbsp;protein&nbsp;PotA,95.1
257313.BP0447,BP0447,annotation&nbsp;not&nbsp;available,95.1
257313.BP0754,BP0754,annotation&nbsp;not&nbsp;available,94.9
257313.BP2710,moaD,annotation&nbsp;not&nbsp;available,94.9
257313.BP0056,gltJ,annotation&nbsp;not&nbsp;available,94.9
257313.BP3264,trpE,Anthranilate&nbsp;synthase&nbsp;component&nbsp;1,94.7
257313.BP3570,BP3570,annotation&nbsp;not&nbsp;available,94.7
257313.BP2358,gltA,Citrate&nbsp;synthase,94.4
257313.BP0921,citB,annotation&nbsp;not&nbsp;available,94.4
257313.BP0229,BP0229,annotation&nbsp;not&nbsp;available,94.4
257313.BP1977,goaG,annotation&nbsp;not&nbsp;available,94.2
257313.BP0131,leuA,2-isopropylmalate&nbsp;synthase,94.2
257313.BP3627,rplX,50S&nbsp;ribosomal&nbsp;protein&nbsp;L24,94.2
257313.BP0484,BP0484,annotation&nbsp;not&nbsp;available,94.1
257313.BP3621,rpmC,50S&nbsp;ribosomal&nbsp;protein&nbsp;L29,94.1
257313.BP1362,BP1362,annotation&nbsp;not&nbsp;available,94.1
257313.BP1060,ubiD,3-octaprenyl-4-hydroxybenzoate&nbsp;carboxy-lyase,94.0
257313.BP3350,BP3350,annotation&nbsp;not&nbsp;available,94.0
257313.BP2022,BP2022,annotation&nbsp;not&nbsp;available,93.9
257313.BP2417,BP2417,annotation&nbsp;not&nbsp;available,93.8
257313.BP0319,BP0319,annotation&nbsp;not&nbsp;available,93.8
257313.BP1124,sucA,SucA,93.8
257313.BP1215,nodJ,annotation&nbsp;not&nbsp;available,93.8
257313.BP2482,kdpC,Potassium-transporting&nbsp;ATPase&nbsp;KdpC&nbsp;subunit,93.7
257313.BP2575,rplT,50S&nbsp;ribosomal&nbsp;protein&nbsp;L20,93.7
257313.BP2409,acsA,Acetyl-coenzyme&nbsp;A&nbsp;synthetase,93.7
257313.BP3582,BP3582,Ferredoxin,93.6
257313.BP2228,alr,Alanine&nbsp;racemase,93.5
257313.BP2516,soxA,annotation&nbsp;not&nbsp;available,93.5
257313.BP1378,flgG,Flagellar&nbsp;basal-body&nbsp;rod&nbsp;protein&nbsp;FlgG,93.5
257313.BP3747,BP3747,"3',5'-cyclic&nbsp;adenosine&nbsp;monophosphate&nbsp;phosphodiesterase&nbsp;CpdA",93.4
257313.BP0371,gatB,Aspartyl/glutamyl-tRNA(Asn/Gln)&nbsp;amidotransferase&nbsp;subunit&nbsp;B,93.4
257313.BP3720,BP3720,annotation&nbsp;not&nbsp;available,93.4
257313.BP1691,phaA,Putative&nbsp;pH&nbsp;adaptation&nbsp;potassium&nbsp;efflux&nbsp;protein,93.3
257313.BP1519,fba,Class&nbsp;II&nbsp;aldolase,93.3
257313.BP3491,ndh,annotation&nbsp;not&nbsp;available,93.2
257313.BP1403,fliF,Flagellar&nbsp;M-ring&nbsp;protein,93.2
257313.BP3495,groEL,60&nbsp;kDa&nbsp;chaperonin,93.1
257313.BP3569,BP3569,annotation&nbsp;not&nbsp;available,93.1
257313.BP0986,cusC,annotation&nbsp;not&nbsp;available,93.0
257313.BP2962,rplM,50S&nbsp;ribosomal&nbsp;protein&nbsp;L13,93.0
257313.BP2186,rpsU,30S&nbsp;ribosomal&nbsp;protein&nbsp;S21,93.0
257313.BP3554,risA,Tresponse&nbsp;regulator&nbsp;protein,92.9
257313.BP3642,rpoA,DNA-directed&nbsp;RNA&nbsp;polymerase&nbsp;subunit&nbsp;alpha,92.9
257313.BP0815,BP0815,annotation&nbsp;not&nbsp;available,92.8
257313.BP3177,BP3177,annotation&nbsp;not&nbsp;available,92.7
257313.BP1276,BP1276,annotation&nbsp;not&nbsp;available,92.6
257313.BP0583,BP0583,annotation&nbsp;not&nbsp;available,92.4
257313.BP3142,BP3142,Glucose-6-phosphate&nbsp;isomerase,92.4
257313.BP2480,kdpA,Potassium-transporting&nbsp;ATPase&nbsp;potassium-binding&nbsp;subunit,92.1
257313.BP1879,fhaB,Filamentous&nbsp;hemagglutinin,92.1
257313.BP1481,leuC,3-isopropylmalate&nbsp;dehydratase&nbsp;large&nbsp;subunit,92.0
257313.BP3587,relA,Putative&nbsp;GTP&nbsp;pyrophosphokinase,92.0
257313.BP1529,BP1529,annotation&nbsp;not&nbsp;available,91.9
257313.BP1861,BP1861,annotation&nbsp;not&nbsp;available,91.9
257313.BP3094,modB,annotation&nbsp;not&nbsp;available,91.6
257313.BP1029,cheW,annotation&nbsp;not&nbsp;available,91.5
257313.BP2360,sdhB,Part&nbsp;of&nbsp;four&nbsp;member&nbsp;succinate&nbsp;dehydrogenase&nbsp;enzyme&nbsp;complex&nbsp;that&nbsp;forms&nbsp;a&nbsp;trimeric&nbsp;complex&nbsp;(trimer&nbsp;of&nbsp;tetramers),91.4
257313.BP2497,BP2497,annotation&nbsp;not&nbsp;available,91.3
257313.BP0610,thiF,annotation&nbsp;not&nbsp;available,91.2
257313.BP0304,BP0304,annotation&nbsp;not&nbsp;available,91.2
257313.BP1457,BP1457,annotation&nbsp;not&nbsp;available,90.9
257313.BP3193,BP3193,annotation&nbsp;not&nbsp;available,90.9
257313.BP3577,BP3577,annotation&nbsp;not&nbsp;available,90.8
257313.BP0849,nuoI,NADH-quinone&nbsp;oxidoreductase&nbsp;subunit&nbsp;I,90.8
257313.BP0302,BP0302,annotation&nbsp;not&nbsp;available,90.6
257313.BP0103,BP0103,annotation&nbsp;not&nbsp;available,90.6
257313.BP0842,nuoB,NADH-quinone&nbsp;oxidoreductase&nbsp;subunit&nbsp;B,90.5
257313.BP3261,trpC,Indole-3-glycerol&nbsp;phosphate&nbsp;synthase,90.5
257313.BP2754,pbp,annotation&nbsp;not&nbsp;available,90.4
257313.BP0620,BP0620,annotation&nbsp;not&nbsp;available,90.2
257313.BP0993,BP0993,Pyruvate&nbsp;dehydrogenase&nbsp;E1&nbsp;component,90.2
257313.BP0277,petA,Ubiquinol-cytochrome&nbsp;c&nbsp;reductase&nbsp;iron-sulfur&nbsp;subunit,90.1
257313.BP0121,BP0121,annotation&nbsp;not&nbsp;available,90.0
257313.BP2816,metN,Methionine&nbsp;import&nbsp;ATP-binding&nbsp;protein&nbsp;MetN,89.9
257313.BP3277,BP3277,Putative&nbsp;enoyl-CoA&nbsp;hydratase,89.9
257313.BP0010,rplK,50S&nbsp;ribosomal&nbsp;protein&nbsp;L11,89.8
257313.BP1970,BP1970,annotation&nbsp;not&nbsp;available,89.7
257313.BP1664,gst,annotation&nbsp;not&nbsp;available,89.7
257313.BP2515,soxG,annotation&nbsp;not&nbsp;available,89.6
257313.BP2363,sdhC,annotation&nbsp;not&nbsp;available,89.5
257313.BP3339,BP3339,annotation&nbsp;not&nbsp;available,89.5
257313.BP1371,flgM,annotation&nbsp;not&nbsp;available,89.5
257313.BP3490,pyrF,Orotidine&nbsp;5'-phosphate&nbsp;decarboxylase,89.4
257313.BP1214,nodI,Nod&nbsp;factor&nbsp;export&nbsp;ATP-binding&nbsp;protein&nbsp;I,89.4
257313.BP1126,odhL,E3&nbsp;component&nbsp;of&nbsp;2-oxoglutarate&nbsp;dehydrogenase&nbsp;complex,89.4
257313.BP1070,pstC,Phosphate&nbsp;transport&nbsp;system&nbsp;permease&nbsp;protein,89.3
257313.BP0659,BP0659,annotation&nbsp;not&nbsp;available,89.2
257313.BP0095,kdtA,annotation&nbsp;not&nbsp;available,89.1
257313.BP2394,BP2394,annotation&nbsp;not&nbsp;available,89.1
257313.BP3146,BP3146,annotation&nbsp;not&nbsp;available,89.1
257313.BP2677,BP2677,Probable&nbsp;enoyl-CoA&nbsp;hydratase,89.1
257313.BP1729,BP1729,annotation&nbsp;not&nbsp;available,89.0
257313.BP0465,BP0465,annotation&nbsp;not&nbsp;available,89.0
257313.BP3283,atpE,ATP&nbsp;synthase&nbsp;subunit&nbsp;c,89.0
257313.BP2348,BP2348,Putrescine-binding&nbsp;periplasmic&nbsp;protein,88.9
257313.BP1629,BP1629,annotation&nbsp;not&nbsp;available,88.9
257313.BP0951,ihfB,Integration&nbsp;host&nbsp;factor&nbsp;subunit&nbsp;beta,88.7
257313.BP1649,BP1649,annotation&nbsp;not&nbsp;available,88.6
257313.BP0851,nuoK,NADH-quinone&nbsp;oxidoreductase&nbsp;subunit&nbsp;K,88.6
257313.BP2813,BP2813,annotation&nbsp;not&nbsp;available,88.5
257313.BP3643,rplQ,50S&nbsp;ribosomal&nbsp;protein&nbsp;L17,88.5
257313.BP2624,guaA,GMP&nbsp;synthase&nbsp;[glutamine-hydrolyzing],88.4
257313.BP3591,accD,Acetyl-coenzyme&nbsp;A&nbsp;carboxylase&nbsp;carboxyl&nbsp;transferase&nbsp;subunit&nbsp;beta,88.2
257313.BP0112,BP0112,annotation&nbsp;not&nbsp;available,88.2
257313.BP2708,moaB,Molybdenum&nbsp;cofactor&nbsp;biosynthesis&nbsp;protein&nbsp;B,88.0
257313.BP3620,rplP,50S&nbsp;ribosomal&nbsp;protein&nbsp;L16,88.0
257313.BP3719,BP3719,annotation&nbsp;not&nbsp;available,88.0
257313.BP1452,carA,Carbamoyl-phosphate&nbsp;synthase&nbsp;small&nbsp;chain,87.9
257313.BP2952,glyA,Serine&nbsp;hydroxymethyltransferase,87.9
257313.BP2498,dnaJ,Chaperone&nbsp;protein&nbsp;DnaJ,87.9
257313.BP2707,BP2707,annotation&nbsp;not&nbsp;available,87.8
257313.BP3263,trpG,Anthranilate&nbsp;synthase&nbsp;component&nbsp;II,87.8
257313.BP1573,glnH,Glutamine-binding&nbsp;periplasmic&nbsp;protein,87.8
257313.BP2194,his1,Histidinol-phosphate&nbsp;aminotransferase&nbsp;1,87.8
257313.BP1125,odhB,Dihydrolipoyllysine-residue&nbsp;succinyltransferase&nbsp;component&nbsp;of&nbsp;2-oxoglutarate&nbsp;dehydrogenase&nbsp;complex,87.7
257313.BP2681,paaD,annotation&nbsp;not&nbsp;available,87.7
257313.BP2554,BP2554,annotation&nbsp;not&nbsp;available,87.7
257313.BP0753,BP0753,annotation&nbsp;not&nbsp;available,87.6
257313.BP3628,rplE,50S&nbsp;ribosomal&nbsp;protein&nbsp;L5,87.5
257313.BP0422,BP0422,annotation&nbsp;not&nbsp;available,87.4
257313.BP0990,folD1,Bifunctional&nbsp;protein&nbsp;FolD&nbsp;1,87.4
257313.BP1234,kynB,Kynurenine&nbsp;formamidase,87.4
257313.BP3346,BP3346,annotation&nbsp;not&nbsp;available,87.3
257313.BP1789,pcaJ,annotation&nbsp;not&nbsp;available,87.1
257313.BP0404,atoE,annotation&nbsp;not&nbsp;available,86.8
257313.BP1015,mogA,Molybdopterin&nbsp;biosynthesis&nbsp;protein,86.8
257313.BP3807,argJ,Arginine&nbsp;biosynthesis&nbsp;bifunctional&nbsp;protein&nbsp;ArgJ,86.8
257313.BP0430,BP0430,annotation&nbsp;not&nbsp;available,86.7
257313.BP2541,sucC,Succinate--CoA&nbsp;ligase&nbsp;[ADP-forming]&nbsp;subunit&nbsp;beta,86.7
257313.BP2075,BP2075,annotation&nbsp;not&nbsp;available,86.5
257313.BP2486,BP2486,annotation&nbsp;not&nbsp;available,86.4
257313.BP0628,BP0628,annotation&nbsp;not&nbsp;available,86.3
257313.BP3695,BP3695,annotation&nbsp;not&nbsp;available,86.3
257313.BP2793,rplI,50S&nbsp;ribosomal&nbsp;protein&nbsp;L9,86.2
257313.BP0263,BP0263,annotation&nbsp;not&nbsp;available,86.0
257313.BP0490,dnaN,Beta&nbsp;sliding&nbsp;clamp,85.9
257313.BP0014,rplL,50S&nbsp;ribosomal&nbsp;protein&nbsp;L7/L12,85.7
257313.BP3194,BP3194,annotation&nbsp;not&nbsp;available,85.6
257313.BP2445,rpmF,Some&nbsp;L32&nbsp;proteins&nbsp;have&nbsp;zinc&nbsp;finger&nbsp;motifs&nbsp;consisting&nbsp;of&nbsp;CXXC&nbsp;while&nbsp;others&nbsp;do&nbsp;not,85.5
257313.BP1482,leuD2,3-isopropylmalate&nbsp;dehydratase&nbsp;small&nbsp;subunit&nbsp;2,85.5
257313.BP3322,BP3322,annotation&nbsp;not&nbsp;available,85.4
257313.BP2858,BP2858,Aromatic-amino-acid&nbsp;aminotransferase,85.4
257313.BP0370,pyrE,Orotate&nbsp;phosphoribosyltransferase,85.3
257313.BP3286,atpA,ATP&nbsp;synthase&nbsp;subunit&nbsp;alpha,85.3
257313.BP2743,BP2743,annotation&nbsp;not&nbsp;available,85.3
257313.BP0852,nuoL,annotation&nbsp;not&nbsp;available,85.2
257313.BP2172,BP2172,Cbb3-type&nbsp;cytochrome&nbsp;c&nbsp;oxidase&nbsp;subunit,85.2
257313.BP1283,ugpE,Sn-glycerol-3-phosphate&nbsp;transport&nbsp;system&nbsp;permease&nbsp;protein&nbsp;UgpE,85.1
257313.BP3640,rpsK,30S&nbsp;ribosomal&nbsp;protein&nbsp;S11,85.0
257313.BP2501,grpE,Protein&nbsp;GrpE,84.9
257313.BP1874,BP1874,Putative&nbsp;amidase,84.8
257313.BP1273,BP1273,annotation&nbsp;not&nbsp;available,84.8
257313.BP2162,bioD,ATP-dependent&nbsp;dethiobiotin&nbsp;synthetase&nbsp;BioD,84.8
257313.BP0547,BP0547,annotation&nbsp;not&nbsp;available,84.7
257313.BP0969,cysA,Sulfate/thiosulfate&nbsp;import&nbsp;ATP-binding&nbsp;protein&nbsp;CysA,84.7
257313.BP3631,rplF,50S&nbsp;ribosomal&nbsp;protein&nbsp;L6,84.6
257313.BP0841,nuoA,NADH-quinone&nbsp;oxidoreductase&nbsp;subunit&nbsp;A,84.6
257313.BP0196,gcvH,Glycine&nbsp;cleavage&nbsp;system&nbsp;H&nbsp;protein,84.5
257313.BP0332,BP0332,Uncharacterized&nbsp;protein,84.4
257313.BP1247,infB,Translation&nbsp;initiation&nbsp;factor&nbsp;IF-2,84.3
257313.BP2540,sucD,Succinate--CoA&nbsp;ligase&nbsp;[ADP-forming]&nbsp;subunit&nbsp;alpha,84.3
257313.BP3565,BP3565,annotation&nbsp;not&nbsp;available,84.2
257313.BP3716,BP3716,annotation&nbsp;not&nbsp;available,84.2
257313.BP3622,rpsQ,30S&nbsp;ribosomal&nbsp;protein&nbsp;S17,84.2
257313.BP3124,rplY,50S&nbsp;ribosomal&nbsp;protein&nbsp;L25,84.1
257313.BP3573,BP3573,annotation&nbsp;not&nbsp;available,83.9
257313.BP0294,BP0294,Putative&nbsp;5'(3')-deoxyribonucleotidase,83.9
257313.BP0791,ilvC,Ketol-acid&nbsp;reductoisomerase&nbsp;(NADP(+)),83.9
257313.BP0471,BP0471,"3,4-dihydroxy-2-butanone&nbsp;4-phosphate&nbsp;synthase",83.8
257313.BP2481,kdpB,Potassium-transporting&nbsp;ATPase&nbsp;ATP-binding&nbsp;subunit,83.8
257313.BP0847,nuoG,NADH-quinone&nbsp;oxidoreductase,83.7
257313.BP0661,BP0661,annotation&nbsp;not&nbsp;available,83.6
257313.BP2508,omlA,Outer&nbsp;membrane&nbsp;protein&nbsp;assembly&nbsp;factor&nbsp;BamE,83.5
257313.BP2056,BP2056,annotation&nbsp;not&nbsp;available,83.3
257313.BP2202,ndk,Nucleoside&nbsp;diphosphate&nbsp;kinase,83.3
257313.BP3615,rplW,50S&nbsp;ribosomal&nbsp;protein&nbsp;L23,83.3
257313.BP0337,BP0337,annotation&nbsp;not&nbsp;available,83.2
257313.BP2505,ppnK,NAD&nbsp;kinase,83.0
257313.BP2298,BP2298,annotation&nbsp;not&nbsp;available,83.0
257313.BP1185,aspC,annotation&nbsp;not&nbsp;available,82.9
257313.BP1032,cheB,Chemotaxis&nbsp;response&nbsp;regulator&nbsp;protein-glutamate&nbsp;methylesterase,82.9
257313.BP0584,BP0584,annotation&nbsp;not&nbsp;available,82.8
257313.BP1483,leuB,3-isopropylmalate&nbsp;dehydrogenase,82.7
257313.BP3477,BP3477,annotation&nbsp;not&nbsp;available,82.7
257313.BP3481,BP3481,annotation&nbsp;not&nbsp;available,82.6
257313.BP3420,BP3420,Putative&nbsp;serine/threonine&nbsp;dehydratase,82.6
257313.BP3456,BP3456,NADP-dependent&nbsp;malic&nbsp;enzyme,82.6
257313.BP1284,ugpC,Sn-glycerol-3-phosphate&nbsp;import&nbsp;ATP-binding&nbsp;protein&nbsp;UgpC,82.4
257313.BP1623,kpsM,annotation&nbsp;not&nbsp;available,82.4
257313.BP0300,BP0300,annotation&nbsp;not&nbsp;available,82.4
257313.BP0362,BP0362,annotation&nbsp;not&nbsp;available,82.4
257313.BP3421,ruvB,Holliday&nbsp;junction&nbsp;ATP-dependent&nbsp;DNA&nbsp;helicase&nbsp;RuvB,82.4
257313.BP0549,BP0549,annotation&nbsp;not&nbsp;available,82.1
257313.BP1384,BP1384,annotation&nbsp;not&nbsp;available,82.1
257313.BP1877,bvgS,Virulence&nbsp;sensor&nbsp;protein&nbsp;BvgS,82.0
257313.BP3105,BP3105,annotation&nbsp;not&nbsp;available,81.9
257313.BP1258,sdaA,annotation&nbsp;not&nbsp;available,81.9
257313.BP2642,BP2642,annotation&nbsp;not&nbsp;available,81.9
257313.BP2684,paaA,Phenylacetic&nbsp;acid&nbsp;degradation&nbsp;protein,81.8
257313.BP0966,sbp,annotation&nbsp;not&nbsp;available,81.8
257313.BP0684A,BP0684A,annotation&nbsp;not&nbsp;available,81.7
257313.BP3071,metK,S-adenosylmethionine&nbsp;synthase,81.6
257313.BP1254,polA,DNA&nbsp;polymerase&nbsp;I,81.6
257313.BP3043,ilvD2,Dihydroxy-acid&nbsp;dehydratase&nbsp;2,81.6
257313.BP3014,secA,Protein&nbsp;translocase&nbsp;subunit&nbsp;SecA,81.5
257313.BP3630,rpsH,30S&nbsp;ribosomal&nbsp;protein&nbsp;S8,81.5
257313.BP2514,BP2514,Formyltetrahydrofolate&nbsp;deformylase,81.5
257313.BP1024,motA,Chemotaxis&nbsp;protein&nbsp;MotA,81.4
257313.BP1837,BP1837,annotation&nbsp;not&nbsp;available,81.3
257313.BP0213,BP0213,annotation&nbsp;not&nbsp;available,81.3
257313.BP1104,prfB,Peptide&nbsp;chain&nbsp;release&nbsp;factor&nbsp;2,81.3
257313.BP0448,accB,annotation&nbsp;not&nbsp;available,81.1
257313.BP2184,rpoD,RNA&nbsp;polymerase&nbsp;sigma&nbsp;factor&nbsp;RpoD,81.1
257313.BP2421,pepA,Probable&nbsp;cytosol&nbsp;aminopeptidase,81.0
257313.BP3042,cyt,annotation&nbsp;not&nbsp;available,81.0
257313.BP1282,ugpA,annotation&nbsp;not&nbsp;available,81.0
257313.BP0769,BP0769,annotation&nbsp;not&nbsp;available,80.9
257313.BP1716,gcp,tRNA&nbsp;N6-adenosine&nbsp;threonylcarbamoyltransferase,80.8
257313.BP1285,BP1285,annotation&nbsp;not&nbsp;available,80.8
257313.BP2110,BP2110,annotation&nbsp;not&nbsp;available,80.7
257313.BP1068,pstB,Phosphate&nbsp;import&nbsp;ATP-binding&nbsp;protein&nbsp;PstB,80.4
257313.BP2897,pntaA,annotation&nbsp;not&nbsp;available,80.2
257313.BP0848,nuoH,NADH-quinone&nbsp;oxidoreductase&nbsp;subunit&nbsp;H,80.2
257313.BP1929,BP1929,annotation&nbsp;not&nbsp;available,80.2
257313.BP0883,BP0883,Biotin&nbsp;carboxyl&nbsp;carrier&nbsp;protein&nbsp;of&nbsp;acetyl-CoA&nbsp;carboxylase,80.1
257313.BP2987,dltA,annotation&nbsp;not&nbsp;available,80.1
257313.BP3418,ruvA,Holliday&nbsp;junction&nbsp;ATP-dependent&nbsp;DNA&nbsp;helicase&nbsp;RuvA,80.1
257313.BP3753,gltB,annotation&nbsp;not&nbsp;available,80.0
257313.BP2058,BP2058,annotation&nbsp;not&nbsp;available,80.0
257313.BP1328,glgB,"1,4-alpha-glucan&nbsp;branching&nbsp;enzyme&nbsp;GlgB",80.0
257313.BP0123,BP0123,"3',5'-cyclic&nbsp;adenosine&nbsp;monophosphate&nbsp;phosphodiesterase&nbsp;CpdA",79.9
257313.BP0451,argD2,Acetylornithine&nbsp;aminotransferase&nbsp;2,79.7
257313.BP2444,plsX,Phosphate&nbsp;acyltransferase,79.6
257313.BP2014,BP2014,Aconitate&nbsp;hydratase,79.6
257313.BP3757,BP3757,annotation&nbsp;not&nbsp;available,79.5
257313.BP3655,BP3655,annotation&nbsp;not&nbsp;available,79.5
257313.BP1256,BP1256,annotation&nbsp;not&nbsp;available,79.5
257313.BP2346,BP2346,annotation&nbsp;not&nbsp;available,79.4
257313.BP1597,glnL,annotation&nbsp;not&nbsp;available,79.4
257313.BP0629,pdhA,annotation&nbsp;not&nbsp;available,79.4
257313.BP1028,cheA,annotation&nbsp;not&nbsp;available,79.3
257313.BP3675,BP3675,annotation&nbsp;not&nbsp;available,79.3
257313.BP2746,BP2746,annotation&nbsp;not&nbsp;available,79.0
257313.BP3431,BP3431,annotation&nbsp;not&nbsp;available,78.9
257313.BP2277,BP2277,annotation&nbsp;not&nbsp;available,78.9
257313.BP1669,lldA,annotation&nbsp;not&nbsp;available,78.9
257313.BP3828,BP3828,annotation&nbsp;not&nbsp;available,78.9
257313.BP3626,rplN,50S&nbsp;ribosomal&nbsp;protein&nbsp;L14,78.8
257313.BP0260,cydB,annotation&nbsp;not&nbsp;available,78.7
257313.BP3771,hisH,Imidazole&nbsp;glycerol&nbsp;phosphate&nbsp;synthase&nbsp;subunit&nbsp;HisH,78.7
257313.BP2051,rpmB,50S&nbsp;ribosomal&nbsp;protein&nbsp;L28,78.7
257313.BP2495,BP2495,annotation&nbsp;not&nbsp;available,78.6
257313.BP1569,BP1569,annotation&nbsp;not&nbsp;available,78.5
257313.BP0790,ilvH,Acetolactate&nbsp;synthase&nbsp;small&nbsp;subunit,78.3
257313.BP2518,soxB,annotation&nbsp;not&nbsp;available,78.3
257313.BP0846,nuoF,NADH-quinone&nbsp;oxidoreductase&nbsp;subunit&nbsp;F,78.3
257313.BP0532,BP0532,annotation&nbsp;not&nbsp;available,78.1
257313.BP2291,BP2291,annotation&nbsp;not&nbsp;available,77.9
257313.BP3285,atpH,ATP&nbsp;synthase&nbsp;subunit&nbsp;delta,77.9
257313.BP0217,BP0217,3-hydroxybutyryl-CoA&nbsp;dehydrogenase,77.9
257313.BP3659,BP3659,annotation&nbsp;not&nbsp;available,77.9
257313.BP3617,rpsS,30S&nbsp;ribosomal&nbsp;protein&nbsp;S19,77.9
257313.BP1246,nusA,Transcription&nbsp;termination/antitermination&nbsp;protein&nbsp;NusA,77.8
257313.BP3612,rpsJ,30S&nbsp;ribosomal&nbsp;protein&nbsp;S10,77.8
257313.BP1759,uvrD,annotation&nbsp;not&nbsp;available,77.7
257313.BP1000,gap,annotation&nbsp;not&nbsp;available,77.7
257313.BP3598,BP3598,annotation&nbsp;not&nbsp;available,77.7
257313.BP1281,BP1281,annotation&nbsp;not&nbsp;available,77.7
257313.BP0761,cyaB,Cyclolysin&nbsp;secretion/processing&nbsp;ATP-binding&nbsp;protein&nbsp;CyaB,77.5
257313.BP1427,bamA,Outer&nbsp;membrane&nbsp;protein&nbsp;assembly&nbsp;factor&nbsp;BamA,77.5
257313.BP0016,rpoC,DNA-directed&nbsp;RNA&nbsp;polymerase&nbsp;subunit&nbsp;beta',77.5
257313.BP3568,BP3568,annotation&nbsp;not&nbsp;available,77.4
257313.BP2993,BP2993,annotation&nbsp;not&nbsp;available,77.4
257313.BP2576,rpmI,annotation&nbsp;not&nbsp;available,77.3
257313.BP0262,BP0262,annotation&nbsp;not&nbsp;available,77.2
257313.BP2904,glcE,annotation&nbsp;not&nbsp;available,77.2
257313.BP3572,BP3572,annotation&nbsp;not&nbsp;available,77.2
257313.BP0567,nadX1,Probable&nbsp;L-aspartate&nbsp;dehydrogenase&nbsp;1,77.1
257313.BP0079,ffh,Signal&nbsp;recognition&nbsp;particle&nbsp;protein,77.1
257313.BP0478,BP0478,annotation&nbsp;not&nbsp;available,76.9
257313.BP2991,BP2991,annotation&nbsp;not&nbsp;available,76.8
257313.BP3576,BP3576,annotation&nbsp;not&nbsp;available,76.7
257313.BP1624,kpsT,annotation&nbsp;not&nbsp;available,76.7
257313.BP1795,BP1795,Aminotransferase,76.6
257313.BP3430,BP3430,annotation&nbsp;not&nbsp;available,76.6
257313.BP3333,pykA,Pyruvate&nbsp;kinase,76.5
257313.BP2996,BP2996,"An&nbsp;AccC&nbsp;homodimer&nbsp;forms&nbsp;the&nbsp;biotin&nbsp;carboxylase&nbsp;subunit&nbsp;of&nbsp;the&nbsp;acetyl&nbsp;CoA&nbsp;carboxylase,&nbsp;an&nbsp;enzyme&nbsp;that&nbsp;catalyzes&nbsp;the&nbsp;formation&nbsp;of&nbsp;malonyl-CoA,&nbsp;which&nbsp;in&nbsp;turn&nbsp;controls&nbsp;the&nbsp;rate&nbsp;of&nbsp;fatty&nbsp;acid&nbsp;metabolism",76.5
257313.BP3215,BP3215,Enoyl-[acyl-carrier-protein]&nbsp;reductase&nbsp;[NADH],76.4
257313.BP1490,trpF,N-(5'-phosphoribosyl)anthranilate&nbsp;isomerase,76.1
257313.BP0822,BP0822,annotation&nbsp;not&nbsp;available,76.1
257313.BP1364,BP1364,annotation&nbsp;not&nbsp;available,76.1
257313.BP2042,holA,"Putative&nbsp;DNA&nbsp;polymerase&nbsp;III,&nbsp;delta&nbsp;subunit",76.0
257313.BP1280,proC,Pyrroline-5-carboxylate&nbsp;reductase,75.9
257313.BP0813,BP0813,annotation&nbsp;not&nbsp;available,75.9
257313.BP0999,tktA,Transketolase&nbsp;1,75.9
257313.BP0619,BP0619,annotation&nbsp;not&nbsp;available,75.8
257313.BP1034,cheZ,Protein&nbsp;phosphatase&nbsp;CheZ,75.7
257313.BP2043,lptE,LPS-assembly&nbsp;lipoprotein&nbsp;LptE,75.7
257313.BP3225,BP3225,annotation&nbsp;not&nbsp;available,75.7
257313.BP0844,nuoD,NADH-quinone&nbsp;oxidoreductase&nbsp;subunit&nbsp;D,75.6
257313.BP1465,BP1465,annotation&nbsp;not&nbsp;available,75.6
257313.BP0669,BP0669,annotation&nbsp;not&nbsp;available,75.6
257313.BP2932,cyoB,annotation&nbsp;not&nbsp;available,75.5
257313.BP1575,BP1575,Similar&nbsp;to&nbsp;ATP-binding&nbsp;component&nbsp;of&nbsp;ABC&nbsp;transporters,75.5
257313.BP0845,nuoE,"Respiratory-chain&nbsp;NADH&nbsp;dehydrogenase&nbsp;I,&nbsp;24&nbsp;kDa&nbsp;subunit",75.4
257313.BP0801,tpiA,Triosephosphate&nbsp;isomerase,75.4
257313.BP0139,ilvA,L-threonine&nbsp;dehydratase,75.4
257313.BP2076,BP2076,annotation&nbsp;not&nbsp;available,75.3
257313.BP3616,rplB,50S&nbsp;ribosomal&nbsp;protein&nbsp;L2,75.2
257313.BP1848,holB,annotation&nbsp;not&nbsp;available,75.2
257313.BP0869,pepN,annotation&nbsp;not&nbsp;available,75.1
257313.BP0301,BP0301,annotation&nbsp;not&nbsp;available,75.0
257313.BP3171,ureA,Urease&nbsp;subunit&nbsp;gamma,75.0
257313.BP3093,modC,Molybdenum&nbsp;import&nbsp;ATP-binding&nbsp;protein&nbsp;ModC,74.9
257313.BP2683,paaB,Phenylacetic&nbsp;acid&nbsp;degradation&nbsp;protein,74.9
257313.BP1373,flgB,Flagellar&nbsp;basal&nbsp;body&nbsp;rod&nbsp;protein&nbsp;FlgB,74.9
257313.BP2990,dltD,annotation&nbsp;not&nbsp;available,74.9
257313.BP1356,leuD1,3-isopropylmalate&nbsp;dehydratase&nbsp;small&nbsp;subunit&nbsp;1,74.9
257313.BP3028,ftsI,"Peptidoglycan&nbsp;D,D-transpeptidase&nbsp;FtsI",74.9
257313.BP1817,ascD,CDP-6-deoxy-L-threo-D-glycero-4-hexulose-3-dehy&nbsp;drase&nbsp;reductase,74.8
257313.BP1926,BP1926,annotation&nbsp;not&nbsp;available,74.6
257313.BP2280,BP2280,annotation&nbsp;not&nbsp;available,74.6
257313.BP2099,BP2099,annotation&nbsp;not&nbsp;available,74.4
257313.BP2562,BP2562,Aspartate&nbsp;transcarbamoylase,74.4
257313.BP2332,dnaE,DNA-directed&nbsp;DNA&nbsp;polymerase,74.4
257313.BP2682,paaC,annotation&nbsp;not&nbsp;available,74.4
257313.BP3473,ftsY,Signal&nbsp;recognition&nbsp;particle&nbsp;receptor&nbsp;FtsY,74.3
257313.BP0343,hmuV,Hemin&nbsp;import&nbsp;ATP-binding&nbsp;protein&nbsp;HmuV,74.3
257313.BP2454,BP2454,annotation&nbsp;not&nbsp;available,74.3
257313.BP1800,iscU,Iron-sulfur&nbsp;cluster&nbsp;assembly&nbsp;scaffold&nbsp;protein&nbsp;IscU,74.2
257313.BP1108,lolD,Lipoprotein-releasing&nbsp;system&nbsp;ATP-binding&nbsp;protein&nbsp;LolD,74.2
257313.BP3073,BP3073,annotation&nbsp;not&nbsp;available,74.0
257313.BP0008,secE,Protein&nbsp;translocase&nbsp;subunit&nbsp;SecE,74.0
257313.BP0995,BP0995,annotation&nbsp;not&nbsp;available,73.8
257313.BP0762,cyaD,Protein&nbsp;CyaD,73.8
257313.BP2305,BP2305,annotation&nbsp;not&nbsp;available,73.8
257313.BP0368,BP0368,Converts&nbsp;2-oxoglutarate&nbsp;to&nbsp;glutamate,73.7
257313.BP1098,BP1098,annotation&nbsp;not&nbsp;available,73.7
257313.BP1591,BP1591,annotation&nbsp;not&nbsp;available,73.4
257313.BP2301,BP2301,Allantoate&nbsp;amidohydrolase&nbsp;and&nbsp;N-carbamoyl-L-amino&nbsp;acid&nbsp;amidohydrolase&nbsp;are&nbsp;very&nbsp;similar,73.4
257313.BP3555,BP3555,annotation&nbsp;not&nbsp;available,73.4
257313.BP3224,BP3224,annotation&nbsp;not&nbsp;available,73.4
257313.BP0013,rplJ,50S&nbsp;ribosomal&nbsp;protein&nbsp;L10,73.3
257313.BP2749,putA,Bifunctional&nbsp;protein&nbsp;PutA,73.3
257313.BP3566,BP3566,annotation&nbsp;not&nbsp;available,73.2
257313.BP0174,bfr,Bacterioferritin,73.2
257313.BP2689,rsgA,Small&nbsp;ribosomal&nbsp;subunit&nbsp;biogenesis&nbsp;GTPase&nbsp;RsgA,73.1
257313.BP2935,BP2935,annotation&nbsp;not&nbsp;available,73.1
257313.BP0406,dnaQ,DNA&nbsp;polymerase&nbsp;III&nbsp;subunit&nbsp;epsilon,73.0
257313.BP3831,BP3831,annotation&nbsp;not&nbsp;available,72.9
257313.BP0635,BP0635,annotation&nbsp;not&nbsp;available,72.9
257313.BP1002,BP1002,Enoyl-[acyl-carrier-protein]&nbsp;reductase&nbsp;[NADH],72.8
257313.BP2050,rpmG,50S&nbsp;ribosomal&nbsp;protein&nbsp;L33,72.7
257313.BP1857,BP1857,annotation&nbsp;not&nbsp;available,72.7
257313.BP2709,moaE,annotation&nbsp;not&nbsp;available,72.6
257313.BP0120,BP0120,annotation&nbsp;not&nbsp;available,72.6
257313.BP2988,dltB,annotation&nbsp;not&nbsp;available,72.6
257313.BP2395,BP2395,annotation&nbsp;not&nbsp;available,72.5
257313.BP0310,BP0310,annotation&nbsp;not&nbsp;available,72.5
257313.BP3010,BP3010,annotation&nbsp;not&nbsp;available,72.4
257313.BP1719,surE,5'-nucleotidase&nbsp;SurE,72.4
257313.BP2089,BP2089,annotation&nbsp;not&nbsp;available,72.4
257313.BP0802,secG,annotation&nbsp;not&nbsp;available,72.4
257313.BP2362,sdhD,annotation&nbsp;not&nbsp;available,72.4
257313.BP0975,rplS,50S&nbsp;ribosomal&nbsp;protein&nbsp;L19,72.4
257313.BP1025,motB,Chemotaxis&nbsp;protein&nbsp;MotB,72.3
257313.BP0905,mrcA,annotation&nbsp;not&nbsp;available,72.2
257313.BP0345,bhuT,annotation&nbsp;not&nbsp;available,72.2
257313.BP2322,waaF,annotation&nbsp;not&nbsp;available,72.2
257313.BP2268,BP2268,annotation&nbsp;not&nbsp;available,72.1
257313.BP1480,BP1480,annotation&nbsp;not&nbsp;available,72.1
257313.BP0218,BP0218,annotation&nbsp;not&nbsp;available,72.1
257313.BP2730,BP2730,annotation&nbsp;not&nbsp;available,72.1
257313.BP0546,BP0546,annotation&nbsp;not&nbsp;available,71.9
257313.BP2422,BP2422,annotation&nbsp;not&nbsp;available,71.9
257313.BP1146,bamD,Outer&nbsp;membrane&nbsp;protein&nbsp;assembly&nbsp;factor&nbsp;BamD,71.8
257313.BP2031,BP2031,annotation&nbsp;not&nbsp;available,71.6
257313.BP2601,BP2601,annotation&nbsp;not&nbsp;available,71.5
257313.BP0099,BP0099,annotation&nbsp;not&nbsp;available,71.5
257313.BP0317,BP0317,annotation&nbsp;not&nbsp;available,71.4
257313.BP2800,xseB,Exodeoxyribonuclease&nbsp;7&nbsp;small&nbsp;subunit,71.4
257313.BP1430,fabZ,3-hydroxyacyl-[acyl-carrier-protein]&nbsp;dehydratase&nbsp;FabZ,71.4
257313.BP1930,BP1930,annotation&nbsp;not&nbsp;available,71.4
257313.BP3288,atpD,ATP&nbsp;synthase&nbsp;subunit&nbsp;beta,71.3
257313.BP1001,pgk,Phosphoglycerate&nbsp;kinase,71.2
257313.BP0585,BP0585,annotation&nbsp;not&nbsp;available,71.1
257313.BP0618,BP0618,annotation&nbsp;not&nbsp;available,71.0
257313.BP3633,rpsE,30S&nbsp;ribosomal&nbsp;protein&nbsp;S5,70.9
257313.BP0015,rpoB,DNA-directed&nbsp;RNA&nbsp;polymerase&nbsp;subunit&nbsp;beta,70.9
257313.BP2309,purD,Phosphoribosylamine--glycine&nbsp;ligase,70.8
257313.BP2170,BP2170,Probable&nbsp;cytochrome&nbsp;C&nbsp;oxidase&nbsp;subunit,70.8
257313.BP2189,hisZ,ATP&nbsp;phosphoribosyltransferase&nbsp;regulatory&nbsp;subunit,70.7
257313.BP1980,BP1980,annotation&nbsp;not&nbsp;available,70.7
257313.BP3192,BP3192,annotation&nbsp;not&nbsp;available,70.6
257313.BP2747,BP2747,annotation&nbsp;not&nbsp;available,70.5
257313.BP0685,BP0685,annotation&nbsp;not&nbsp;available,70.4
257313.BP1348,BP1348,annotation&nbsp;not&nbsp;available,70.4
257313.BP2377,BP2377,annotation&nbsp;not&nbsp;available,70.3
257313.BP1275,livM,Part&nbsp;of&nbsp;the&nbsp;ABC&nbsp;transporter&nbsp;complex&nbsp;LivFGHMJ&nbsp;and&nbsp;LivFGHMK&nbsp;involved&nbsp;in&nbsp;the&nbsp;high-affinity&nbsp;transport&nbsp;of&nbsp;branched-chain&nbsp;amino&nbsp;acids,70.3
257313.BP1605,BP1605,annotation&nbsp;not&nbsp;available,70.2
257313.BP2729,BP2729,annotation&nbsp;not&nbsp;available,70.1
257313.BP3629,rpsN,30S&nbsp;ribosomal&nbsp;protein&nbsp;S14,70.0
257313.BP3759,BP3759,annotation&nbsp;not&nbsp;available,69.9
257313.BP0305,BP0305,annotation&nbsp;not&nbsp;available,69.7
257313.BP0558,BP0558,annotation&nbsp;not&nbsp;available,69.7
257313.BP0325,BP0325,annotation&nbsp;not&nbsp;available,69.6
257313.BP3416,purH,Bifunctional&nbsp;purine&nbsp;biosynthesis&nbsp;protein&nbsp;PurH,69.6
257313.BP0248,fumC,Fumarate&nbsp;hydratase&nbsp;class&nbsp;II,69.5
257313.BP3340,BP3340,annotation&nbsp;not&nbsp;available,69.5
257313.BP0519,BP0519,annotation&nbsp;not&nbsp;available,69.4
257313.BP3711,nudC,annotation&nbsp;not&nbsp;available,69.4
257313.BP0385,BP0385,annotation&nbsp;not&nbsp;available,69.3
257313.BP2675,paaK,Phenylacetate-coenzyme&nbsp;A&nbsp;ligase,69.2
257313.BP1668,BP1668,annotation&nbsp;not&nbsp;available,69.2
257313.BP0768,BP0768,annotation&nbsp;not&nbsp;available,69.1
257313.BP1839,rpsP,30S&nbsp;ribosomal&nbsp;protein&nbsp;S16,69.0
257313.BP0854,nuoN,NADH-quinone&nbsp;oxidoreductase&nbsp;subunit&nbsp;N,68.9
257313.BP2905,glcD,annotation&nbsp;not&nbsp;available,68.8
257313.BP0644,BP0644,annotation&nbsp;not&nbsp;available,68.8
257313.BP0057,BP0057,annotation&nbsp;not&nbsp;available,68.8
257313.BP2553,BP2553,annotation&nbsp;not&nbsp;available,68.5
257313.BP2420,BP2420,annotation&nbsp;not&nbsp;available,68.5
257313.BP2059,BP2059,Putative&nbsp;thiolase,68.4
257313.BP3575,BP3575,annotation&nbsp;not&nbsp;available,68.3
257313.BP3189,BP3189,annotation&nbsp;not&nbsp;available,68.3
257313.BP0344,bhuU,annotation&nbsp;not&nbsp;available,68.2
257313.BP0853,nuoM,"NADH-ubiquinone&nbsp;oxidoreductase,&nbsp;chain&nbsp;M",68.1
257313.BP3834,cheD,Probable&nbsp;chemoreceptor&nbsp;glutamine&nbsp;deamidase&nbsp;CheD,68.1
257313.BP3265,gph,annotation&nbsp;not&nbsp;available,68.0
257313.BP2543,metE,5-methyltetrahydropteroyltriglutamate--homocysteine&nbsp;methyltransferase,68.0
257313.BP3150,BP3150,annotation&nbsp;not&nbsp;available,67.9
257313.BP1209,BP1209,annotation&nbsp;not&nbsp;available,67.9
257313.BP1902,suhB,annotation&nbsp;not&nbsp;available,67.8
257313.BP3743,ctaD,Cytochrome&nbsp;c&nbsp;oxidase&nbsp;subunit&nbsp;1,67.7
257313.BP1904,uppP,Undecaprenyl-diphosphatase,67.6
257313.BP0054,BP0054,annotation&nbsp;not&nbsp;available,67.5
257313.BP3618,rplV,50S&nbsp;ribosomal&nbsp;protein&nbsp;L22,67.4
257313.BP2443,fabH,3-oxoacyl-[acyl-carrier-protein]&nbsp;synthase&nbsp;3,67.4
257313.BP1951,BP1951,annotation&nbsp;not&nbsp;available,67.3
257313.BP0495,yidC,Membrane&nbsp;protein&nbsp;insertase&nbsp;YidC,67.1
257313.BP3660,uvrA,UvrABC&nbsp;system&nbsp;protein&nbsp;A,67.1
257313.BP1221,dadX,Alanine&nbsp;racemase,67.1
257313.BP2369,BP2369,Aconitate&nbsp;hydratase,67.1
257313.BP1327,glgX,annotation&nbsp;not&nbsp;available,67.0
257313.BP3674,BP3674,annotation&nbsp;not&nbsp;available,66.9
257313.BP1922,nadX2,Probable&nbsp;L-aspartate&nbsp;dehydrogenase&nbsp;2,66.8
257313.BP3287,atpG,ATP&nbsp;synthase&nbsp;gamma&nbsp;chain,66.8
257313.BP0323,BP0323,annotation&nbsp;not&nbsp;available,66.7
257313.BP0603,gpsA,Glycerol-3-phosphate&nbsp;dehydrogenase&nbsp;[NAD(P)+],66.7
257313.BP3432,cysI,annotation&nbsp;not&nbsp;available,66.7
257313.BP3168,ureC,Urease&nbsp;subunit&nbsp;alpha,66.7
257313.BP1568,fim3,Serotype&nbsp;3&nbsp;fimbrial&nbsp;subunit,66.7
257313.BP1419,rpsB,30S&nbsp;ribosomal&nbsp;protein&nbsp;S2,66.6
257313.BP0586,BP0586,annotation&nbsp;not&nbsp;available,66.5
257313.BP3767,hisG,ATP&nbsp;phosphoribosyltransferase,66.5
257313.BP3521,BP3521,annotation&nbsp;not&nbsp;available,66.5
257313.BP0128,BP0128,annotation&nbsp;not&nbsp;available,66.4
257313.BP3718,BP3718,annotation&nbsp;not&nbsp;available,66.4
257313.BP0159,phoR,annotation&nbsp;not&nbsp;available,66.4
257313.BP1549,dnaX,DNA&nbsp;polymerase&nbsp;III&nbsp;subunit&nbsp;gamma/tau,66.4
257313.BP3398,ilvE,Branched-chain-amino-acid&nbsp;aminotransferase,66.4
257313.BP3769,hisC,Histidinol-phosphate&nbsp;aminotransferase&nbsp;2,66.3
257313.BP0195,gcvT,Aminomethyltransferase,66.3
257313.BP3590,trpA,Tryptophan&nbsp;synthase&nbsp;alpha&nbsp;chain,66.3
257313.BP0604,secB,Protein-export&nbsp;protein&nbsp;SecB,66.2
257313.BP0772,BP0772,Putative&nbsp;acetoacetyl-CoA&nbsp;reductase,66.0
257313.BP2345,BP2345,annotation&nbsp;not&nbsp;available,65.9
257313.BP1576,spoT,"Guanosine-3',5'-bis(Diphosphate)&nbsp;3'-pyrophosphohydrolase",65.9
257313.BP3830,BP3830,annotation&nbsp;not&nbsp;available,65.9
257313.BP2210,BP2210,Putative&nbsp;amino&nbsp;acid&nbsp;dehydrogenase&nbsp;subunit,65.8
257313.BP2644,BP2644,annotation&nbsp;not&nbsp;available,65.8
257313.BP0321,BP0321,Aspartate&nbsp;carbamoyltransferase,65.7
257313.BP0001,gidA,tRNA&nbsp;uridine&nbsp;5-carboxymethylaminomethyl&nbsp;modification&nbsp;enzyme&nbsp;MnmG,65.7
257313.BP1376,flgE,The&nbsp;hook&nbsp;connects&nbsp;flagellar&nbsp;basal&nbsp;body&nbsp;to&nbsp;the&nbsp;flagellar&nbsp;filament,65.7
257313.BP2773,rpsT,30S&nbsp;ribosomal&nbsp;protein&nbsp;S20,65.7
257313.BP2573,pheT,phenylalanyl-tRNA&nbsp;synthetase&nbsp;subunit&nbsp;beta,65.6
257313.BP1506,BP1506,annotation&nbsp;not&nbsp;available,65.6
257313.BP3866,BP3866,"Two-component&nbsp;regulatory&nbsp;system&nbsp;family,&nbsp;sensor&nbsp;kinase",65.5
257313.BP1047,BP1047,annotation&nbsp;not&nbsp;available,65.4
257313.BP2304,BP2304,annotation&nbsp;not&nbsp;available,65.4
257313.BP0749,rplU,50S&nbsp;ribosomal&nbsp;protein&nbsp;L21,65.3
257313.BP0806,BP0806,annotation&nbsp;not&nbsp;available,65.1
257313.BP3594,metH,5-methyltetrahydrofolate--homocysteine&nbsp;methyltransferase,65.1
257313.BP1030,BP1030,annotation&nbsp;not&nbsp;available,65.1
257313.BP1458,BP1458,annotation&nbsp;not&nbsp;available,64.9
257313.BP0100,BP0100,annotation&nbsp;not&nbsp;available,64.9
257313.BP1785,BP1785,annotation&nbsp;not&nbsp;available,64.9
257313.BP3608,rpsL,30S&nbsp;ribosomal&nbsp;protein&nbsp;S12,64.9
257313.BP0850,nuoJ,annotation&nbsp;not&nbsp;available,64.8
257313.BP1045,secF,Protein-export&nbsp;membrane&nbsp;protein&nbsp;SecF,64.8
257313.BP0065,BP0065,annotation&nbsp;not&nbsp;available,64.6
257313.BP3019,ftsA,Cell&nbsp;division&nbsp;protein&nbsp;FtsA,64.6
257313.BP2548,BP2548,annotation&nbsp;not&nbsp;available,64.5
257313.BP2903,glcF,annotation&nbsp;not&nbsp;available,64.5
257313.BP0889,accC,annotation&nbsp;not&nbsp;available,64.5
257313.BP1910,BP1910,Acetyl-coenzyme&nbsp;A&nbsp;carboxylase&nbsp;carboxyl&nbsp;transferase&nbsp;subunit&nbsp;alpha,64.5
257313.BP3865,BP3865,"Two-component&nbsp;regulatory&nbsp;system&nbsp;family,&nbsp;response&nbsp;regulator&nbsp;protein",64.2
257313.BP0119,BP0119,annotation&nbsp;not&nbsp;available,64.2
257313.BP2439,fabF,3-oxoacyl-[acyl-carrier-protein]&nbsp;synthase&nbsp;2,64.1
257313.BP2699,glnB,annotation&nbsp;not&nbsp;available,64.1
257313.BP3744,BP3744,Cytochrome&nbsp;c&nbsp;oxidase&nbsp;subunit&nbsp;2,64.0
257313.BP3487,thiL,Thiamine-monophosphate&nbsp;kinase,64.0
257313.BP1437,BP1437,Probable&nbsp;class-I&nbsp;glutamine&nbsp;amidotransferase,63.8
257313.BP1574,glnP,Glutamine&nbsp;transport&nbsp;system&nbsp;permease&nbsp;protein,63.8
257313.BP3574,BP3574,annotation&nbsp;not&nbsp;available,63.7
257313.BP2551,BP2551,annotation&nbsp;not&nbsp;available,63.5
257313.BP0765,BP0765,annotation&nbsp;not&nbsp;available,63.5
257313.BP1672,BP1672,annotation&nbsp;not&nbsp;available,63.5
257313.BP1377,flgF,Flagellar&nbsp;basal&nbsp;body&nbsp;protein,63.4
257313.BP2361,sdhA,Part&nbsp;of&nbsp;four&nbsp;member&nbsp;succinate&nbsp;dehydrogenase&nbsp;enzyme&nbsp;complex&nbsp;that&nbsp;forms&nbsp;a&nbsp;trimeric&nbsp;complex&nbsp;(trimer&nbsp;of&nbsp;tetramers),63.4
257313.BP1169,BP1169,annotation&nbsp;not&nbsp;available,63.2
257313.BP1374,flgC,Flagellar&nbsp;basal-body&nbsp;rod&nbsp;protein&nbsp;FlgC,63.2
257313.BP1363,BP1363,annotation&nbsp;not&nbsp;available,63.2
257313.BP1505,BP1505,Putative&nbsp;ornithine&nbsp;cyclodeaminase,63.2
257313.BP3614,rplD,50S&nbsp;ribosomal&nbsp;protein&nbsp;L4,63.1
257313.BP3613,rplC,50S&nbsp;ribosomal&nbsp;protein&nbsp;L3,63.1
257313.BP2171,BP2171,annotation&nbsp;not&nbsp;available,62.9
257313.BP2574,pheS,phenylalanyl-tRNA&nbsp;synthetase&nbsp;subunit&nbsp;alpha,62.9
257313.BP3329,lptD,LPS-assembly&nbsp;protein&nbsp;LptD,62.9
257313.BP2552,BP2552,annotation&nbsp;not&nbsp;available,62.9
257313.BP0798,tdcB,Threonine&nbsp;dehydratase&nbsp;catabolic,62.8
257313.BP0625,BP0625,annotation&nbsp;not&nbsp;available,62.8
257313.BP0607,gpmA,"2,3-bisphosphoglycerate-dependent&nbsp;phosphoglycerate&nbsp;mutase",62.7
257313.BP2535,BP2535,annotation&nbsp;not&nbsp;available,62.7
257313.BP1277,BP1277,annotation&nbsp;not&nbsp;available,62.7
257313.BP1422,frr,Ribosome-recycling&nbsp;factor,62.7
257313.BP1475,fdhC,annotation&nbsp;not&nbsp;available,62.5
257313.BP1513,BP1513,Formate&nbsp;dehydrogenase,62.4
257313.BP0066,BP0066,annotation&nbsp;not&nbsp;available,62.4
257313.BP3740,coIII,annotation&nbsp;not&nbsp;available,62.4
257313.BP0767,BP0767,annotation&nbsp;not&nbsp;available,62.4
257313.BP3419,BP3419,annotation&nbsp;not&nbsp;available,62.3
257313.BP3634,rpmD,50S&nbsp;ribosomal&nbsp;protein&nbsp;L30,62.3
257313.BP1521,purC,Phosphoribosylaminoimidazole-succinocarboxamide&nbsp;synthase,62.3
257313.BP1598,glnG,annotation&nbsp;not&nbsp;available,62.2
257313.BP3196,BP3196,annotation&nbsp;not&nbsp;available,62.1
257313.BP3761,BP3761,annotation&nbsp;not&nbsp;available,61.9
257313.BP1046,secD,Protein&nbsp;translocase&nbsp;subunit&nbsp;SecD,61.9
257313.BP0207,BP0207,annotation&nbsp;not&nbsp;available,61.6
257313.BP3609,rpsG,30S&nbsp;ribosomal&nbsp;protein&nbsp;S7,61.6
257313.BP2762,xseA,Exodeoxyribonuclease&nbsp;7&nbsp;large&nbsp;subunit,61.5
257313.BP1883,fimD,annotation&nbsp;not&nbsp;available,61.4
257313.BP2276,BP2276,annotation&nbsp;not&nbsp;available,61.2
257313.BP1099,BP1099,annotation&nbsp;not&nbsp;available,61.2
257313.BP0429,BP0429,annotation&nbsp;not&nbsp;available,61.1
257313.BP2572,ihfA,Integration&nbsp;host&nbsp;factor&nbsp;subunit&nbsp;alpha,61.0
257313.BP3829,BP3829,annotation&nbsp;not&nbsp;available,60.9
257313.BP3157,BP3157,annotation&nbsp;not&nbsp;available,60.9
257313.BP3484,BP3484,"3,4-dihydroxy-2-butanone&nbsp;4-phosphate&nbsp;synthase",60.9
257313.BP0369,BP0369,annotation&nbsp;not&nbsp;available,60.6
257313.BP2891,BP2891,annotation&nbsp;not&nbsp;available,60.6
257313.BP3639,rpsM,30S&nbsp;ribosomal&nbsp;protein&nbsp;S13,60.5
257313.BP2484,kdpE,annotation&nbsp;not&nbsp;available,60.4
257313.BP2274,BP2274,annotation&nbsp;not&nbsp;available,60.2
257313.BP3086,hslV,ATP-dependent&nbsp;protease&nbsp;subunit&nbsp;HslV,60.2
257313.BP0033,glyQ,glycine--tRNA&nbsp;ligase&nbsp;alpha&nbsp;chain,60.2
257313.BP2713,BP2713,annotation&nbsp;not&nbsp;available,60.1
257313.BP0835,BP0835,annotation&nbsp;not&nbsp;available,60.1
257313.BP0681,ubiX,Flavin&nbsp;prenyltransferase&nbsp;UbiX,60.0
257313.BP2057,BP2057,annotation&nbsp;not&nbsp;available,60.0
257313.BP1479,BP1479,annotation&nbsp;not&nbsp;available,59.8
257313.BP1788,pcaI,annotation&nbsp;not&nbsp;available,59.7
257313.BP0758,cyaC,Cyclolysin-activating&nbsp;lysine-acyltransferase&nbsp;CyaC,59.6
257313.BP0621,BP0621,annotation&nbsp;not&nbsp;available,59.6
257313.BP3687,BP3687,annotation&nbsp;not&nbsp;available,59.5
257313.BP0492,rpmH,50S&nbsp;ribosomal&nbsp;protein&nbsp;L34,59.5
257313.BP1818,dadA,annotation&nbsp;not&nbsp;available,59.5
257313.BP1799,iscS,Cysteine&nbsp;desulfurase&nbsp;IscS,59.5
257313.BP2241,bscQ,annotation&nbsp;not&nbsp;available,59.4
257313.BP3539,argD1,Acetylornithine&nbsp;aminotransferase&nbsp;1,59.3
257313.BP3240,uvrA2,UvrABC&nbsp;system&nbsp;protein&nbsp;A,59.2
257313.BP2325,BP2325,Putative&nbsp;transferase,59.0
257313.BP1534,BP1534,annotation&nbsp;not&nbsp;available,58.9
257313.BP2386,eno,Enolase,58.8
257313.BP3717,BP3717,annotation&nbsp;not&nbsp;available,58.7
257313.BP1447,mmsB,annotation&nbsp;not&nbsp;available,58.7
257313.BP1577,rpoZ,DNA-directed&nbsp;RNA&nbsp;polymerase&nbsp;subunit&nbsp;omega,58.7
257313.BP0760,cyaA,Bifunctional&nbsp;hemolysin/adenylate&nbsp;cyclase,58.4
257313.BP0985,acrB,annotation&nbsp;not&nbsp;available,58.4
257313.BP3035,BP3035,Dihydroorotase,58.4
257313.BP0303,BP0303,annotation&nbsp;not&nbsp;available,58.4
257313.BP1382,flgK,Flagellar&nbsp;hook-associated&nbsp;protein&nbsp;1,58.3
257313.BP1950,BP1950,annotation&nbsp;not&nbsp;available,58.3
257313.BP2817,BP2817,annotation&nbsp;not&nbsp;available,58.2
257313.BP0994,aceF,Acetyltransferase&nbsp;component&nbsp;of&nbsp;pyruvate&nbsp;dehydrogenase&nbsp;complex,58.1
257313.BP0036,BP0036,annotation&nbsp;not&nbsp;available,58.1
257313.BP1274,BP1274,Part&nbsp;of&nbsp;the&nbsp;ABC&nbsp;transporter&nbsp;complexes&nbsp;LivFGHMJ&nbsp;and&nbsp;LivFGHMK&nbsp;involved&nbsp;in&nbsp;the&nbsp;high-affinity&nbsp;transport&nbsp;of&nbsp;branched-chain&nbsp;amino&nbsp;acids,58.1
257313.BP0221,catI,annotation&nbsp;not&nbsp;available,57.9
257313.BP0697,BP0697,annotation&nbsp;not&nbsp;available,57.9
257313.BP1021,fliA,RNA&nbsp;polymerase&nbsp;sigma&nbsp;factor&nbsp;FliA,57.8
257313.BP0055,BP0055,annotation&nbsp;not&nbsp;available,57.8
257313.BP0322,BP0322,Dihydroorotase,57.8
257313.BP2667,fhaS,annotation&nbsp;not&nbsp;available,57.7
257313.BP3434,BP3434,annotation&nbsp;not&nbsp;available,57.3
257313.BP2728,BP2728,annotation&nbsp;not&nbsp;available,57.3
257313.BP1718,plsY,Glycerol-3-phosphate&nbsp;acyltransferase,57.3
257313.BP1393,fliN,annotation&nbsp;not&nbsp;available,57.3
257313.BP1615,BP1615,annotation&nbsp;not&nbsp;available,57.2
257313.BP0222,catJ,annotation&nbsp;not&nbsp;available,57.1
257313.BP2625,guaB,Inosine-5'-monophosphate&nbsp;dehydrogenase,57.0
257313.BP0276,petB,Cytochrome&nbsp;b,56.9
257313.BP2090,BP2090,annotation&nbsp;not&nbsp;available,56.9
257313.BP3169,ureB,Urease&nbsp;subunit&nbsp;beta,56.9
257313.BP3619,rpsC,30S&nbsp;ribosomal&nbsp;protein&nbsp;S3,56.8
257313.BP1421,pyrH,Uridylate&nbsp;kinase,56.8
257313.BP0197,gcvP,Glycine&nbsp;dehydrogenase&nbsp;(decarboxylating),56.8
257313.BP1859,amaB,Allantoate&nbsp;amidohydrolase&nbsp;and&nbsp;N-carbamoyl-L-amino&nbsp;acid&nbsp;amidohydrolase&nbsp;are&nbsp;very&nbsp;similar,56.7
257313.BP2818,BP2818,annotation&nbsp;not&nbsp;available,56.7
257313.BP3429,BP3429,annotation&nbsp;not&nbsp;available,56.7
257313.BP3496,groES,10&nbsp;kDa&nbsp;chaperonin,56.6
257313.BP1625,kpsE,annotation&nbsp;not&nbsp;available,56.6
257313.BP2517,soxD,annotation&nbsp;not&nbsp;available,56.5
257313.BP2397,BP2397,annotation&nbsp;not&nbsp;available,56.5
257313.BP0668,BP0668,annotation&nbsp;not&nbsp;available,56.3
257313.BP1604,BP1604,annotation&nbsp;not&nbsp;available,56.2
257313.BP3223,BP3223,annotation&nbsp;not&nbsp;available,56.1
257313.BP3198,BP3198,Enoyl-CoA&nbsp;hydratase/isomerase,56.1
257313.BP3072,BP3072,Putative&nbsp;acyltransferase,56.1
257313.BP3284,atpF,ATP&nbsp;synthase&nbsp;subunit&nbsp;b,55.9
257313.BP2499,dnaK,Chaperone&nbsp;protein&nbsp;DnaK,55.9
257313.BP3635,rplO,50S&nbsp;ribosomal&nbsp;protein&nbsp;L15,55.9
257313.BP0843,nuoC,NADH-quinone&nbsp;oxidoreductase&nbsp;subunit&nbsp;C,55.7
257313.BP3018,ftsZ,Cell&nbsp;division&nbsp;protein&nbsp;FtsZ,55.6
257313.BP2907,fhaL,annotation&nbsp;not&nbsp;available,55.6
257313.BP3254,BP3254,Formyltetrahydrofolate&nbsp;deformylase,55.5
257313.BP1798,BP1798,annotation&nbsp;not&nbsp;available,55.4
257313.BP1436,ppsA,Phosphoenolpyruvate&nbsp;synthase,55.4
257313.BP0180,metG,Methionine--tRNA&nbsp;ligase,55.3
257313.BP1949,BP1949,annotation&nbsp;not&nbsp;available,55.3
257313.BP2948,BP2948,Riboflavin&nbsp;biosynthesis&nbsp;protein&nbsp;RibD,55.3
257313.BP3227,minC,Probable&nbsp;septum&nbsp;site-determining&nbsp;protein&nbsp;MinC,55.2
257313.BP1095,BP1095,annotation&nbsp;not&nbsp;available,55.1
257313.BP0289,ilvD1,Dihydroxy-acid&nbsp;dehydratase&nbsp;1,55.1
257313.BP0360,BP0360,annotation&nbsp;not&nbsp;available,54.9
257313.BP2983,nrdA,Ribonucleoside-diphosphate&nbsp;reductase,54.9
257313.BP0599,bioC,Malonyl-[acyl-carrier&nbsp;protein]&nbsp;O-methyltransferase,54.9
257313.BP3053,BP3053,annotation&nbsp;not&nbsp;available,54.9
257313.BP3195,BP3195,annotation&nbsp;not&nbsp;available,54.8
257313.BP1253,BP1253,annotation&nbsp;not&nbsp;available,54.7
257313.BP2009,BP2009,annotation&nbsp;not&nbsp;available,54.6
257313.BP0275,petC,annotation&nbsp;not&nbsp;available,54.4
257313.BP0373,gatC,Aspartyl/glutamyl-tRNA(Asn/Gln)&nbsp;amidotransferase&nbsp;subunit&nbsp;C,54.4
257313.BP0962,etfA,annotation&nbsp;not&nbsp;available,54.4
257313.BP2745,BP2745,annotation&nbsp;not&nbsp;available,54.1
257313.BP0094,rfaC,annotation&nbsp;not&nbsp;available,54.1
257313.BP2055,BP2055,annotation&nbsp;not&nbsp;available,54.1
257313.BP2311,nadD,Probable&nbsp;nicotinate-nucleotide&nbsp;adenylyltransferase,54.1
257313.BP2396,BP2396,annotation&nbsp;not&nbsp;available,54.1
257313.BP3588,BP3588,Acetylornithine&nbsp;deacetylase,53.9
257313.BP1293,BP1293,annotation&nbsp;not&nbsp;available,53.7
257313.BP2796,rpsF,30S&nbsp;ribosomal&nbsp;protein&nbsp;S6,53.6
257313.BP0216,sphB1,annotation&nbsp;not&nbsp;available,53.5
257313.BP0949,cmk,Cytidylate&nbsp;kinase,53.3
257313.BP1583,amn,AMP&nbsp;nucleosidase,53.2
257313.BP3571,BP3571,Putative&nbsp;aminotransferase,53.2
257313.BP2702,argH,Argininosuccinate&nbsp;lyase,53.1
257313.BP1884,fhaC,Filamentous&nbsp;hemagglutinin&nbsp;transporter&nbsp;protein&nbsp;FhaC,53.0
257313.BP1385,tar,annotation&nbsp;not&nbsp;available,53.0
257313.BP2335,argA,Amino-acid&nbsp;acetyltransferase,53.0
257313.BP0702,purT,Formate-dependent&nbsp;phosphoribosylglycinamide&nbsp;formyltransferase,53.0
257313.BP3141,BP3141,annotation&nbsp;not&nbsp;available,53.0
257313.BP0075,BP0075,annotation&nbsp;not&nbsp;available,52.9
257313.BP0655,BP0655,Acetylornithine&nbsp;deacetylase,52.8
257313.BP3289,atpC,ATP&nbsp;synthase&nbsp;epsilon&nbsp;chain,52.8
257313.BP1120,BP1120,NADP-dependent&nbsp;malic&nbsp;enzyme,52.6
257313.BP3641,rpsD,30S&nbsp;ribosomal&nbsp;protein&nbsp;S4,52.6
257313.BP0379,ldh,annotation&nbsp;not&nbsp;available,52.5
257313.BP0259,cydA,annotation&nbsp;not&nbsp;available,52.4
257313.BP0961,etfB,annotation&nbsp;not&nbsp;available,52.4
257313.BP3863,trmE,tRNA&nbsp;modification&nbsp;GTPase&nbsp;MnmE,52.4
257313.BP2753,clpA,annotation&nbsp;not&nbsp;available,52.4
257313.BP0544,BP0544,Putative&nbsp;4-oxalocrotonate&nbsp;tautomerase,52.3
257313.BP1451,talB,Transaldolase,52.3
257313.BP3009,BP3009,annotation&nbsp;not&nbsp;available,52.3
257313.BP0794,rpsO,30S&nbsp;ribosomal&nbsp;protein&nbsp;S15,52.2
257313.BP1051,BP1051,annotation&nbsp;not&nbsp;available,52.2
257313.BP2931,cyoC,annotation&nbsp;not&nbsp;available,51.9
257313.BP0748,rpmA,50S&nbsp;ribosomal&nbsp;protein&nbsp;L27,51.9
257313.BP1107,lolC,annotation&nbsp;not&nbsp;available,51.8
257313.BP3750,BP3750,S-formylglutathione&nbsp;hydrolase,51.8
257313.BP0466,BP0466,Alcohol&nbsp;dehydrogenase,51.7
257313.BP2984,nrdB,Ribonucleoside-diphosphate&nbsp;reductase&nbsp;subunit&nbsp;beta,51.7
257313.BP1097,livK,Putative&nbsp;amino&nbsp;acids&nbsp;binding&nbsp;protein,51.6
257313.BP1232,rpmE2,RpmE2,51.6
257313.BP1069,pstA,annotation&nbsp;not&nbsp;available,51.5
257313.BP0950,rpsA,30S&nbsp;ribosomal&nbsp;protein&nbsp;S1,51.5
257313.BP3087,hslU,ATP-dependent&nbsp;protease&nbsp;ATPase&nbsp;subunit&nbsp;HslU,51.3
257313.BP0160,phoB,annotation&nbsp;not&nbsp;available,51.2
257313.BP2483,kdpD,annotation&nbsp;not&nbsp;available,51.2
257313.BP3476,BP3476,annotation&nbsp;not&nbsp;available,51.0
257313.BP0590,BP0590,annotation&nbsp;not&nbsp;available,51.0
257313.BP3589,trpB,Tryptophan&nbsp;synthase&nbsp;beta&nbsp;chain,51.0
257313.BP3095,modA,annotation&nbsp;not&nbsp;available,51.0
257313.BP3228,minD,annotation&nbsp;not&nbsp;available,51.0
