123899.JPQP01000019_gene2611,mtgA,Biosynthetic&nbsp;peptidoglycan&nbsp;transglycosylase,98.8
123899.JPQP01000022_gene3279,fepD,annotation&nbsp;not&nbsp;available,98.8
123899.JPQP01000003_gene1291,accA1,annotation&nbsp;not&nbsp;available,98.8
123899.JPQP01000023_gene3085,ctc,50S&nbsp;ribosomal&nbsp;protein&nbsp;L25,98.7
123899.JPQP01000023_gene3137,metG,Methionine--tRNA&nbsp;ligase,98.6
123899.JPQP01000017_gene2175,livH_11,annotation&nbsp;not&nbsp;available,98.5
123899.JPQP01000006_gene778,acnB,annotation&nbsp;not&nbsp;available,98.5
123899.JPQP01000003_gene1284,gluQ,Glutamyl-Q&nbsp;tRNA(Asp)&nbsp;synthetase,98.4
123899.JPQP01000004_gene420,trpF,annotation&nbsp;not&nbsp;available,98.4
123899.JPQP01000017_gene2156,rpoZ,DNA-directed&nbsp;RNA&nbsp;polymerase&nbsp;subunit&nbsp;omega,98.4
123899.JPQP01000023_gene3023,rpiB,annotation&nbsp;not&nbsp;available,98.3
123899.JPQP01000017_gene2322,adhB,annotation&nbsp;not&nbsp;available,98.3
123899.JPQP01000018_gene147,JPQP01000018_gene147,annotation&nbsp;not&nbsp;available,98.2
123899.JPQP01000003_gene1513,priA,Primosomal&nbsp;protein&nbsp;N',98.2
123899.JPQP01000020_gene1849,JPQP01000020_gene1849,annotation&nbsp;not&nbsp;available,98.1
123899.JPQP01000017_gene2390,cdsA,annotation&nbsp;not&nbsp;available,98.1
123899.JPQP01000004_gene512,tusA,annotation&nbsp;not&nbsp;available,97.9
123899.JPQP01000023_gene2778,gltA2,annotation&nbsp;not&nbsp;available,97.9
123899.JPQP01000002_gene1224,prpB_2,2-methylisocitrate&nbsp;lyase,97.8
123899.JPQP01000018_gene120,dinB,DNA&nbsp;polymerase&nbsp;IV,97.8
123899.JPQP01000021_gene3704,rpoA,DNA-directed&nbsp;RNA&nbsp;polymerase&nbsp;subunit&nbsp;alpha,97.7
123899.JPQP01000022_gene3467,citE,annotation&nbsp;not&nbsp;available,97.5
123899.JPQP01000023_gene3199,fadB1_1,annotation&nbsp;not&nbsp;available,97.5
123899.JPQP01000017_gene2266,argE3,annotation&nbsp;not&nbsp;available,97.4
123899.JPQP01000002_gene1164,recO,DNA&nbsp;repair&nbsp;protein&nbsp;RecO,97.4
123899.JPQP01000001_gene1678,JPQP01000001_gene1678,annotation&nbsp;not&nbsp;available,97.3
123899.JPQP01000023_gene3208,JPQP01000023_gene3208,annotation&nbsp;not&nbsp;available,97.3
123899.JPQP01000007_gene791,ybdL,annotation&nbsp;not&nbsp;available,97.2
123899.JPQP01000004_gene613,bioD,ATP-dependent&nbsp;dethiobiotin&nbsp;synthetase&nbsp;BioD,97.2
123899.JPQP01000004_gene564,kynB,Kynurenine&nbsp;formamidase,97.1
123899.JPQP01000003_gene1270,fabG_3,annotation&nbsp;not&nbsp;available,97.1
123899.JPQP01000017_gene2395,rpsB,annotation&nbsp;not&nbsp;available,97.1
123899.JPQP01000002_gene1204,ftsB,Cell&nbsp;division&nbsp;protein&nbsp;FtsB,97.0
123899.JPQP01000004_gene364,paaC,annotation&nbsp;not&nbsp;available,97.0
123899.JPQP01000017_gene2194,ugpA_3,annotation&nbsp;not&nbsp;available,97.0
123899.JPQP01000002_gene1134,relA,GTP&nbsp;pyrophosphokinase,96.9
123899.JPQP01000018_gene256,dapL,annotation&nbsp;not&nbsp;available,96.8
123899.JPQP01000019_gene2481,ptsN,annotation&nbsp;not&nbsp;available,96.7
123899.JPQP01000017_gene2314,guaA_2,annotation&nbsp;not&nbsp;available,96.7
123899.JPQP01000022_gene3497,plsC_1,annotation&nbsp;not&nbsp;available,96.7
123899.JPQP01000004_gene552,truB,tRNA&nbsp;pseudouridine&nbsp;synthase&nbsp;B,96.5
123899.JPQP01000003_gene1425,JPQP01000003_gene1425,annotation&nbsp;not&nbsp;available,96.5
123899.JPQP01000021_gene3727,JPQP01000021_gene3727,annotation&nbsp;not&nbsp;available,96.4
123899.JPQP01000019_gene2530,thiD_2,annotation&nbsp;not&nbsp;available,96.3
123899.JPQP01000002_gene1184,acsA,Acetyl-coenzyme&nbsp;A&nbsp;synthetase,96.3
123899.JPQP01000001_gene1610,ribF,annotation&nbsp;not&nbsp;available,96.3
123899.JPQP01000021_gene3706,rpsK,30S&nbsp;ribosomal&nbsp;protein&nbsp;S11,96.3
123899.JPQP01000003_gene1307,JPQP01000003_gene1307,annotation&nbsp;not&nbsp;available,96.1
123899.JPQP01000004_gene360,paaG,annotation&nbsp;not&nbsp;available,96.1
123899.JPQP01000017_gene2184,futA1,annotation&nbsp;not&nbsp;available,96.1
123899.JPQP01000003_gene1452,putA,Bifunctional&nbsp;protein&nbsp;PutA,96.0
123899.JPQP01000002_gene1116,livH_9,annotation&nbsp;not&nbsp;available,96.0
123899.JPQP01000021_gene3685,JPQP01000021_gene3685,annotation&nbsp;not&nbsp;available,96.0
123899.JPQP01000019_gene2628,nrdA,Ribonucleoside-diphosphate&nbsp;reductase,95.9
123899.JPQP01000019_gene2653,glyA_1,Serine&nbsp;hydroxymethyltransferase,95.9
123899.JPQP01000019_gene2685,attL_1,annotation&nbsp;not&nbsp;available,95.8
123899.JPQP01000021_gene3622,mlaE_2,annotation&nbsp;not&nbsp;available,95.8
123899.JPQP01000004_gene332,dnaE,annotation&nbsp;not&nbsp;available,95.8
123899.JPQP01000017_gene2268,psdht,annotation&nbsp;not&nbsp;available,95.8
123899.JPQP01000003_gene1318,modB_1,annotation&nbsp;not&nbsp;available,95.7
123899.JPQP01000021_gene3620,JPQP01000021_gene3620,annotation&nbsp;not&nbsp;available,95.7
123899.JPQP01000002_gene1171,JPQP01000002_gene1171,annotation&nbsp;not&nbsp;available,95.7
123899.JPQP01000002_gene1156,rpoE,annotation&nbsp;not&nbsp;available,95.7
123899.JPQP01000022_gene3531,wcbR,annotation&nbsp;not&nbsp;available,95.6
123899.JPQP01000017_gene2195,ugpB3,annotation&nbsp;not&nbsp;available,95.5
123899.JPQP01000002_gene1196,gsiC_6,annotation&nbsp;not&nbsp;available,95.5
123899.JPQP01000002_gene1077,nuoD,NADH-quinone&nbsp;oxidoreductase&nbsp;subunit&nbsp;D,95.5
123899.JPQP01000002_gene1152,fabD,annotation&nbsp;not&nbsp;available,95.3
123899.JPQP01000004_gene392,rpsA,30S&nbsp;ribosomal&nbsp;protein&nbsp;S1,95.3
123899.JPQP01000003_gene1317,potB,annotation&nbsp;not&nbsp;available,95.3
123899.JPQP01000002_gene1098,yeaZ,annotation&nbsp;not&nbsp;available,95.3
123899.JPQP01000003_gene1239,cusC,annotation&nbsp;not&nbsp;available,95.1
123899.JPQP01000020_gene2022,livF_4,annotation&nbsp;not&nbsp;available,95.1
123899.JPQP01000023_gene3243,ffh,Signal&nbsp;recognition&nbsp;particle&nbsp;protein,95.1
123899.JPQP01000002_gene1174,cysB,annotation&nbsp;not&nbsp;available,95.1
123899.JPQP01000003_gene1292,accB_3,annotation&nbsp;not&nbsp;available,95.1
123899.JPQP01000001_gene1712,catB3_2,annotation&nbsp;not&nbsp;available,95.0
123899.JPQP01000002_gene854,hutU,Urocanate&nbsp;hydratase,94.9
123899.JPQP01000007_gene798,basR_2,annotation&nbsp;not&nbsp;available,94.9
123899.JPQP01000023_gene3129,adiA_2,annotation&nbsp;not&nbsp;available,94.8
123899.JPQP01000023_gene3135,mrp,Iron-sulfur&nbsp;cluster&nbsp;carrier&nbsp;protein,94.8
123899.JPQP01000003_gene1395,hyuA_1,annotation&nbsp;not&nbsp;available,94.8
123899.JPQP01000023_gene3246,ampD,annotation&nbsp;not&nbsp;available,94.8
123899.JPQP01000004_gene618,fadD_9,annotation&nbsp;not&nbsp;available,94.8
123899.JPQP01000023_gene3126,gcvH,Glycine&nbsp;cleavage&nbsp;system&nbsp;H&nbsp;protein,94.8
123899.JPQP01000021_gene3736,rplD,50S&nbsp;ribosomal&nbsp;protein&nbsp;L4,94.8
123899.JPQP01000022_gene3394,purH,annotation&nbsp;not&nbsp;available,94.7
123899.JPQP01000004_gene470,qseC_6,annotation&nbsp;not&nbsp;available,94.7
123899.JPQP01000022_gene3503,pykA,annotation&nbsp;not&nbsp;available,94.6
123899.JPQP01000003_gene1329,prfC,Peptide&nbsp;chain&nbsp;release&nbsp;factor&nbsp;3,94.6
123899.JPQP01000020_gene2020,JPQP01000020_gene2020,annotation&nbsp;not&nbsp;available,94.6
123899.JPQP01000004_gene524,ascD,annotation&nbsp;not&nbsp;available,94.4
123899.JPQP01000020_gene1951,livH_5,annotation&nbsp;not&nbsp;available,94.4
123899.JPQP01000017_gene2085,purD,annotation&nbsp;not&nbsp;available,94.4
123899.JPQP01000018_gene82,phaC,annotation&nbsp;not&nbsp;available,94.3
123899.JPQP01000001_gene1627,bfrH_5,annotation&nbsp;not&nbsp;available,94.3
123899.JPQP01000001_gene1561,fabG_14,annotation&nbsp;not&nbsp;available,94.2
123899.JPQP01000002_gene1188,etf,annotation&nbsp;not&nbsp;available,94.0
123899.JPQP01000022_gene3491,hacB,annotation&nbsp;not&nbsp;available,94.0
123899.JPQP01000003_gene1507,atpA,ATP&nbsp;synthase&nbsp;subunit&nbsp;alpha,93.9
123899.JPQP01000001_gene1708,JPQP01000001_gene1708,annotation&nbsp;not&nbsp;available,93.9
123899.JPQP01000022_gene3265,lctD_1,annotation&nbsp;not&nbsp;available,93.9
123899.JPQP01000020_gene2017,JPQP01000020_gene2017,annotation&nbsp;not&nbsp;available,93.9
123899.JPQP01000020_gene2023,paaK_1,annotation&nbsp;not&nbsp;available,93.8
123899.JPQP01000002_gene1137,trpA_1,Tryptophan&nbsp;synthase&nbsp;alpha&nbsp;chain,93.8
123899.JPQP01000002_gene1151,fabH,3-oxoacyl-[acyl-carrier-protein]&nbsp;synthase&nbsp;3,93.8
123899.JPQP01000003_gene1250,dnaA,Chromosomal&nbsp;replication&nbsp;initiator&nbsp;protein&nbsp;DnaA,93.8
123899.JPQP01000004_gene549,yvdD_2,annotation&nbsp;not&nbsp;available,93.7
123899.JPQP01000017_gene2272,uvrY,annotation&nbsp;not&nbsp;available,93.7
123899.JPQP01000018_gene218,gltS_2,annotation&nbsp;not&nbsp;available,93.7
123899.JPQP01000004_gene530,ectB,annotation&nbsp;not&nbsp;available,93.6
123899.JPQP01000005_gene292,cc4_1,annotation&nbsp;not&nbsp;available,93.5
123899.JPQP01000009_gene316,nusG,Transcription&nbsp;termination/antitermination&nbsp;protein&nbsp;NusG,93.4
123899.JPQP01000004_gene426,leuC,3-isopropylmalate&nbsp;dehydratase&nbsp;large&nbsp;subunit,93.4
123899.JPQP01000002_gene930,fabK,annotation&nbsp;not&nbsp;available,93.3
123899.JPQP01000017_gene2168,yjcC,annotation&nbsp;not&nbsp;available,93.3
123899.JPQP01000020_gene1952,lptB_6,annotation&nbsp;not&nbsp;available,93.2
123899.JPQP01000017_gene2200,livM,annotation&nbsp;not&nbsp;available,93.1
123899.JPQP01000021_gene3632,JPQP01000021_gene3632,annotation&nbsp;not&nbsp;available,93.1
123899.JPQP01000023_gene3234,gatA_6,annotation&nbsp;not&nbsp;available,92.9
123899.JPQP01000003_gene1363,tatC,Sec-independent&nbsp;protein&nbsp;translocase&nbsp;protein&nbsp;TatC,92.9
123899.JPQP01000023_gene3209,metC_2,annotation&nbsp;not&nbsp;available,92.8
123899.JPQP01000020_gene1856,JPQP01000020_gene1856,annotation&nbsp;not&nbsp;available,92.8
123899.JPQP01000023_gene3104,pgm,annotation&nbsp;not&nbsp;available,92.6
123899.JPQP01000023_gene2793,secF,Protein-export&nbsp;membrane&nbsp;protein&nbsp;SecF,92.6
123899.JPQP01000002_gene985,catB3_1,annotation&nbsp;not&nbsp;available,92.6
123899.JPQP01000003_gene1314,ugpC_1,annotation&nbsp;not&nbsp;available,92.5
123899.JPQP01000023_gene2813,fdhD,Sulfur&nbsp;carrier&nbsp;protein&nbsp;FdhD,92.5
123899.JPQP01000017_gene2213,ilvG_2,annotation&nbsp;not&nbsp;available,92.4
123899.JPQP01000002_gene819,yfcF,annotation&nbsp;not&nbsp;available,92.3
123899.JPQP01000002_gene1194,gsiA_11,annotation&nbsp;not&nbsp;available,92.3
123899.JPQP01000001_gene1653,iscR,annotation&nbsp;not&nbsp;available,92.3
123899.JPQP01000017_gene2362,gdhA_2,annotation&nbsp;not&nbsp;available,92.2
123899.JPQP01000019_gene2499,JPQP01000019_gene2499,annotation&nbsp;not&nbsp;available,92.2
123899.JPQP01000022_gene3559,ftsZ,Cell&nbsp;division&nbsp;protein&nbsp;FtsZ,92.2
123899.JPQP01000005_gene293,JPQP01000005_gene293,annotation&nbsp;not&nbsp;available,92.1
123899.JPQP01000001_gene1651,uvrB,UvrABC&nbsp;system&nbsp;protein&nbsp;B,92.1
123899.JPQP01000023_gene2908,gadA2,annotation&nbsp;not&nbsp;available,92.1
123899.JPQP01000020_gene1956,rplU,50S&nbsp;ribosomal&nbsp;protein&nbsp;L21,92.1
123899.JPQP01000004_gene457,hemD,annotation&nbsp;not&nbsp;available,92.0
123899.JPQP01000002_gene1143,msrP,Protein-methionine-sulfoxide&nbsp;reductase&nbsp;catalytic&nbsp;subunit&nbsp;MsrP,92.0
123899.JPQP01000017_gene2370,mmsB,annotation&nbsp;not&nbsp;available,91.9
123899.JPQP01000002_gene910,aspC,annotation&nbsp;not&nbsp;available,91.8
123899.JPQP01000017_gene2202,livF_11,annotation&nbsp;not&nbsp;available,91.8
123899.JPQP01000009_gene303,rpsL,30S&nbsp;ribosomal&nbsp;protein&nbsp;S12,91.8
123899.JPQP01000021_gene3687,uvrA2,UvrABC&nbsp;system&nbsp;protein&nbsp;A,91.8
123899.JPQP01000002_gene1150,plsX,Phosphate&nbsp;acyltransferase,91.8
123899.JPQP01000003_gene1391,kipI_2,annotation&nbsp;not&nbsp;available,91.7
123899.JPQP01000004_gene458,hemC,Porphobilinogen&nbsp;deaminase,91.7
123899.JPQP01000002_gene1168,pepA,Probable&nbsp;cytosol&nbsp;aminopeptidase,91.5
123899.JPQP01000018_gene81,phaD,annotation&nbsp;not&nbsp;available,91.5
123899.JPQP01000002_gene1138,accD,Acetyl-coenzyme&nbsp;A&nbsp;carboxylase&nbsp;carboxyl&nbsp;transferase&nbsp;subunit&nbsp;beta,91.5
123899.JPQP01000021_gene3713,rplF,50S&nbsp;ribosomal&nbsp;protein&nbsp;L6,91.5
123899.JPQP01000003_gene1251,dnaN,Beta&nbsp;sliding&nbsp;clamp,91.4
123899.JPQP01000018_gene58,sphB1_2,annotation&nbsp;not&nbsp;available,91.3
123899.JPQP01000004_gene468,recA,Protein&nbsp;RecA,91.3
123899.JPQP01000002_gene806,pgk,annotation&nbsp;not&nbsp;available,91.2
123899.JPQP01000002_gene938,actP_3,annotation&nbsp;not&nbsp;available,91.2
123899.JPQP01000002_gene1230,sdhB,annotation&nbsp;not&nbsp;available,91.1
123899.JPQP01000001_gene1555,dinG,annotation&nbsp;not&nbsp;available,91.0
123899.JPQP01000022_gene3455,fhaB_1,annotation&nbsp;not&nbsp;available,91.0
123899.JPQP01000001_gene1654,iscS,Cysteine&nbsp;desulfurase&nbsp;IscS,90.9
123899.JPQP01000002_gene936,yngG_2,annotation&nbsp;not&nbsp;available,90.9
123899.JPQP01000018_gene203,argG,annotation&nbsp;not&nbsp;available,90.9
123899.JPQP01000021_gene3735,rplW,50S&nbsp;ribosomal&nbsp;protein&nbsp;L23,90.8
123899.JPQP01000022_gene3405,glnS,annotation&nbsp;not&nbsp;available,90.7
123899.JPQP01000017_gene2133,rlmD,23S&nbsp;rRNA&nbsp;(uracil(1939)-C(5))-methyltransferase&nbsp;RlmD,90.7
123899.JPQP01000004_gene396,hisC1,annotation&nbsp;not&nbsp;available,90.7
123899.JPQP01000002_gene1115,braC_5,annotation&nbsp;not&nbsp;available,90.7
123899.JPQP01000002_gene1022,JPQP01000002_gene1022,annotation&nbsp;not&nbsp;available,90.6
123899.JPQP01000023_gene2774,patA,annotation&nbsp;not&nbsp;available,90.6
123899.JPQP01000001_gene1701,metF_2,annotation&nbsp;not&nbsp;available,90.6
123899.JPQP01000002_gene1034,JPQP01000002_gene1034,annotation&nbsp;not&nbsp;available,90.6
123899.JPQP01000003_gene1367,hisE,annotation&nbsp;not&nbsp;available,90.5
123899.JPQP01000019_gene2483,lptB_2,annotation&nbsp;not&nbsp;available,90.5
123899.JPQP01000002_gene1096,risS,annotation&nbsp;not&nbsp;available,90.4
123899.JPQP01000017_gene2177,lptB_10,annotation&nbsp;not&nbsp;available,90.4
123899.JPQP01000018_gene86,dadA2,D-amino&nbsp;acid&nbsp;dehydrogenase,90.3
123899.JPQP01000003_gene1475,JPQP01000003_gene1475,annotation&nbsp;not&nbsp;available,90.3
123899.JPQP01000003_gene1453,panB,3-methyl-2-oxobutanoate&nbsp;hydroxymethyltransferase,90.3
123899.JPQP01000022_gene3336,ptrA,annotation&nbsp;not&nbsp;available,90.2
123899.JPQP01000002_gene993,JPQP01000002_gene993,annotation&nbsp;not&nbsp;available,90.2
123899.JPQP01000017_gene2144,fhaB_5,annotation&nbsp;not&nbsp;available,90.1
123899.JPQP01000019_gene2610,lptG,annotation&nbsp;not&nbsp;available,90.0
123899.JPQP01000022_gene3484,hisD_1,Histidinol&nbsp;dehydrogenase,90.0
123899.JPQP01000019_gene2532,btuF,annotation&nbsp;not&nbsp;available,89.9
123899.JPQP01000017_gene2182,fbpC_1,annotation&nbsp;not&nbsp;available,89.7
123899.JPQP01000002_gene1121,livH_10,annotation&nbsp;not&nbsp;available,89.6
123899.JPQP01000023_gene2786,cysG1,annotation&nbsp;not&nbsp;available,89.5
123899.JPQP01000003_gene1383,mlaE_1,annotation&nbsp;not&nbsp;available,89.4
123899.JPQP01000018_gene36,aceE_3,Pyruvate&nbsp;dehydrogenase&nbsp;E1&nbsp;component,89.4
123899.JPQP01000001_gene1541,odhB,Dihydrolipoyllysine-residue&nbsp;succinyltransferase&nbsp;component&nbsp;of&nbsp;2-oxoglutarate&nbsp;dehydrogenase&nbsp;complex,89.4
123899.JPQP01000017_gene2185,fpr_2,annotation&nbsp;not&nbsp;available,89.3
123899.JPQP01000021_gene3649,glcB,Malate&nbsp;synthase&nbsp;G,89.3
123899.JPQP01000003_gene1440,cysM_1,annotation&nbsp;not&nbsp;available,89.1
123899.JPQP01000019_gene2636,gltX,Glutamate--tRNA&nbsp;ligase,89.1
123899.JPQP01000019_gene2606,pyrB_1,annotation&nbsp;not&nbsp;available,89.1
123899.JPQP01000002_gene982,hcaE,annotation&nbsp;not&nbsp;available,89.1
123899.JPQP01000002_gene832,infA,Translation&nbsp;initiation&nbsp;factor&nbsp;IF-1,89.0
123899.JPQP01000001_gene1649,exra,LexA&nbsp;repressor,89.0
123899.JPQP01000003_gene1240,mnmE,tRNA&nbsp;modification&nbsp;GTPase&nbsp;MnmE,88.9
123899.JPQP01000004_gene322,rfaF,annotation&nbsp;not&nbsp;available,88.8
123899.JPQP01000017_gene2210,lctD_4,annotation&nbsp;not&nbsp;available,88.7
123899.JPQP01000006_gene706,dapA2_1,4-hydroxy-tetrahydrodipicolinate&nbsp;synthase,88.7
123899.JPQP01000002_gene1063,tpm,annotation&nbsp;not&nbsp;available,88.7
123899.JPQP01000009_gene312,rplL,50S&nbsp;ribosomal&nbsp;protein&nbsp;L7/L12,88.6
123899.JPQP01000020_gene1834,potH_1,annotation&nbsp;not&nbsp;available,88.6
123899.JPQP01000019_gene2456,crc,annotation&nbsp;not&nbsp;available,88.6
123899.JPQP01000006_gene775,acnA3,Aconitate&nbsp;hydratase,88.6
123899.JPQP01000003_gene1462,hmuV,Hemin&nbsp;import&nbsp;ATP-binding&nbsp;protein&nbsp;HmuV,88.5
123899.JPQP01000017_gene2188,oxyR_3,annotation&nbsp;not&nbsp;available,88.4
123899.JPQP01000004_gene393,cmk,annotation&nbsp;not&nbsp;available,88.4
123899.JPQP01000003_gene1488,pabA,annotation&nbsp;not&nbsp;available,88.2
123899.JPQP01000017_gene2378,ppsA,Phosphoenolpyruvate&nbsp;synthase,88.2
123899.JPQP01000021_gene3673,narL,annotation&nbsp;not&nbsp;available,88.2
123899.JPQP01000002_gene1232,gltA,annotation&nbsp;not&nbsp;available,88.1
123899.JPQP01000004_gene362,paaE,annotation&nbsp;not&nbsp;available,88.1
123899.JPQP01000022_gene3426,pabB,annotation&nbsp;not&nbsp;available,88.1
123899.JPQP01000003_gene1406,fghA,S-formylglutathione&nbsp;hydrolase,88.0
123899.JPQP01000022_gene3514,leuA1,2-isopropylmalate&nbsp;synthase,87.9
123899.JPQP01000002_gene900,pstC,Phosphate&nbsp;transport&nbsp;system&nbsp;permease&nbsp;protein,87.9
123899.JPQP01000003_gene1465,bhuS,annotation&nbsp;not&nbsp;available,87.8
123899.JPQP01000001_gene1799,thiD_3,annotation&nbsp;not&nbsp;available,87.8
123899.JPQP01000018_gene116,dadA3,annotation&nbsp;not&nbsp;available,87.7
123899.JPQP01000003_gene1478,fdhE,Protein&nbsp;FdhE&nbsp;homolog,87.6
123899.JPQP01000002_gene1023,ywqD,annotation&nbsp;not&nbsp;available,87.6
123899.JPQP01000004_gene378,JPQP01000004_gene378,annotation&nbsp;not&nbsp;available,87.5
123899.JPQP01000017_gene2174,livJ_2,annotation&nbsp;not&nbsp;available,87.5
123899.JPQP01000023_gene2809,moaB,Molybdenum&nbsp;cofactor&nbsp;biosynthesis&nbsp;protein&nbsp;B,87.5
123899.JPQP01000004_gene669,leuS,annotation&nbsp;not&nbsp;available,87.5
123899.JPQP01000018_gene213,mdeA,annotation&nbsp;not&nbsp;available,87.5
123899.JPQP01000017_gene2354,clpP_2,ATP-dependent&nbsp;Clp&nbsp;protease&nbsp;proteolytic&nbsp;subunit,87.4
123899.JPQP01000001_gene1538,aceE_1,Pyruvate&nbsp;dehydrogenase&nbsp;E1&nbsp;component,87.4
123899.JPQP01000018_gene44,oprM_4,annotation&nbsp;not&nbsp;available,87.3
123899.JPQP01000004_gene343,ydcV_2,annotation&nbsp;not&nbsp;available,87.3
123899.JPQP01000017_gene2137,pdhD_2,annotation&nbsp;not&nbsp;available,87.2
123899.JPQP01000003_gene1480,SelB(TCA),annotation&nbsp;not&nbsp;available,87.1
123899.JPQP01000002_gene1069,JPQP01000002_gene1069,annotation&nbsp;not&nbsp;available,87.1
123899.JPQP01000002_gene1097,ompR_4,annotation&nbsp;not&nbsp;available,87.1
123899.JPQP01000021_gene3714,rpsH,30S&nbsp;ribosomal&nbsp;protein&nbsp;S8,87.1
123899.JPQP01000017_gene2102,yeaU1,annotation&nbsp;not&nbsp;available,87.1
123899.JPQP01000002_gene1113,bioN,annotation&nbsp;not&nbsp;available,87.0
123899.JPQP01000017_gene2126,pdhD_1,annotation&nbsp;not&nbsp;available,86.9
123899.JPQP01000001_gene1611,purN,Phosphoribosylglycinamide&nbsp;formyltransferase,86.9
123899.JPQP01000004_gene350,trpA_2,Tryptophan&nbsp;synthase&nbsp;alpha&nbsp;chain,86.9
123899.JPQP01000004_gene465,metE,5-methyltetrahydropteroyltriglutamate--homocysteine&nbsp;methyltransferase,86.8
123899.JPQP01000003_gene1249,rpmH,annotation&nbsp;not&nbsp;available,86.7
123899.JPQP01000023_gene3057,fucA_2,annotation&nbsp;not&nbsp;available,86.7
123899.JPQP01000001_gene1816,tolC_2,annotation&nbsp;not&nbsp;available,86.7
123899.JPQP01000022_gene3537,metI,annotation&nbsp;not&nbsp;available,86.7
123899.JPQP01000002_gene1157,rseA,annotation&nbsp;not&nbsp;available,86.7
123899.JPQP01000021_gene3616,dat_1,annotation&nbsp;not&nbsp;available,86.6
123899.JPQP01000004_gene345,potA,Spermidine/putrescine&nbsp;import&nbsp;ATP-binding&nbsp;protein&nbsp;PotA,86.5
123899.JPQP01000002_gene1082,nuoI,NADH-quinone&nbsp;oxidoreductase&nbsp;subunit&nbsp;I,86.4
123899.JPQP01000019_gene2731,dnaQ,DNA&nbsp;polymerase&nbsp;III&nbsp;subunit&nbsp;epsilon,86.3
123899.JPQP01000002_gene1135,argE,annotation&nbsp;not&nbsp;available,86.3
123899.JPQP01000006_gene757,gabD_1,annotation&nbsp;not&nbsp;available,86.3
123899.JPQP01000009_gene301,far1,Elongation&nbsp;factor&nbsp;G,86.3
123899.JPQP01000002_gene1215,metQ_4,annotation&nbsp;not&nbsp;available,86.3
123899.JPQP01000017_gene2130,nlpD_2,annotation&nbsp;not&nbsp;available,86.3
123899.JPQP01000001_gene1536,fhaB_3,annotation&nbsp;not&nbsp;available,86.2
123899.JPQP01000004_gene578,alnB,Alanine&nbsp;racemase,86.2
123899.JPQP01000002_gene1167,holC,annotation&nbsp;not&nbsp;available,86.2
123899.JPQP01000006_gene751,srpH,annotation&nbsp;not&nbsp;available,86.1
123899.JPQP01000019_gene2460,gatC,Aspartyl/glutamyl-tRNA(Asn/Gln)&nbsp;amidotransferase&nbsp;subunit&nbsp;C,86.1
123899.JPQP01000004_gene662,rpmB,annotation&nbsp;not&nbsp;available,86.1
123899.JPQP01000002_gene875,recR,Recombination&nbsp;protein&nbsp;RecR,86.1
123899.JPQP01000002_gene1032,JPQP01000002_gene1032,annotation&nbsp;not&nbsp;available,86.0
123899.JPQP01000017_gene2135,JPQP01000017_gene2135,annotation&nbsp;not&nbsp;available,85.9
123899.JPQP01000001_gene1592,gshB,annotation&nbsp;not&nbsp;available,85.8
123899.JPQP01000019_gene2538,ilvB,annotation&nbsp;not&nbsp;available,85.8
123899.JPQP01000020_gene2006,nreC,annotation&nbsp;not&nbsp;available,85.8
123899.JPQP01000004_gene624,uvrC,UvrABC&nbsp;system&nbsp;protein&nbsp;C,85.8
123899.JPQP01000022_gene3331,icd_1,annotation&nbsp;not&nbsp;available,85.7
123899.JPQP01000017_gene2329,JPQP01000017_gene2329,annotation&nbsp;not&nbsp;available,85.7
123899.JPQP01000002_gene1103,dnaL,DNA&nbsp;ligase,85.7
123899.JPQP01000017_gene2311,menB_4,annotation&nbsp;not&nbsp;available,85.7
123899.JPQP01000019_gene2603,thiD_1,annotation&nbsp;not&nbsp;available,85.7
123899.JPQP01000023_gene2972,catB1,annotation&nbsp;not&nbsp;available,85.6
123899.JPQP01000009_gene317,secE,Protein&nbsp;translocase&nbsp;subunit&nbsp;SecE,85.5
123899.JPQP01000022_gene3459,purG,annotation&nbsp;not&nbsp;available,85.5
123899.JPQP01000002_gene804,tkt,annotation&nbsp;not&nbsp;available,85.5
123899.JPQP01000017_gene2333,phbC_2,annotation&nbsp;not&nbsp;available,85.4
123899.JPQP01000001_gene1764,JPQP01000001_gene1764,Phosphoserine&nbsp;aminotransferase,85.4
123899.JPQP01000022_gene3452,fumC,Fumarate&nbsp;hydratase&nbsp;class&nbsp;II,85.4
123899.JPQP01000004_gene555,nusA,Transcription&nbsp;termination/antitermination&nbsp;protein&nbsp;NusA,85.3
123899.JPQP01000017_gene2069,pckG,Phosphoenolpyruvate&nbsp;carboxykinase&nbsp;[GTP],85.3
123899.JPQP01000019_gene2588,livF_1,annotation&nbsp;not&nbsp;available,85.3
123899.JPQP01000002_gene1159,mucD,annotation&nbsp;not&nbsp;available,85.2
123899.JPQP01000007_gene788,gidA,tRNA&nbsp;uridine&nbsp;5-carboxymethylaminomethyl&nbsp;modification&nbsp;enzyme&nbsp;MnmG,85.2
123899.JPQP01000003_gene1243,cmpD_1,annotation&nbsp;not&nbsp;available,85.2
123899.JPQP01000022_gene3356,ttdA,annotation&nbsp;not&nbsp;available,85.2
123899.JPQP01000004_gene501,bamB,Outer&nbsp;membrane&nbsp;protein&nbsp;assembly&nbsp;factor&nbsp;BamB,85.1
123899.JPQP01000001_gene1619,gsiC_8,annotation&nbsp;not&nbsp;available,85.0
123899.JPQP01000021_gene3729,rpmC,annotation&nbsp;not&nbsp;available,85.0
123899.JPQP01000021_gene3591,acyH,Adenosylhomocysteinase,84.9
123899.JPQP01000006_gene744,gst_1,annotation&nbsp;not&nbsp;available,84.9
123899.JPQP01000023_gene3077,rcsB_1,annotation&nbsp;not&nbsp;available,84.8
123899.JPQP01000019_gene2542,JPQP01000019_gene2542,annotation&nbsp;not&nbsp;available,84.7
123899.JPQP01000004_gene469,basR_3,annotation&nbsp;not&nbsp;available,84.7
123899.JPQP01000018_gene64,gcp,tRNA&nbsp;N6-adenosine&nbsp;threonylcarbamoyltransferase,84.7
123899.JPQP01000003_gene1311,ycjP_1,annotation&nbsp;not&nbsp;available,84.7
123899.JPQP01000001_gene1765,hisC2_1,annotation&nbsp;not&nbsp;available,84.6
123899.JPQP01000019_gene2729,acrA_2,annotation&nbsp;not&nbsp;available,84.5
123899.JPQP01000003_gene1409,fam,annotation&nbsp;not&nbsp;available,84.5
123899.JPQP01000004_gene637,modA,annotation&nbsp;not&nbsp;available,84.4
123899.JPQP01000002_gene976,bphE,annotation&nbsp;not&nbsp;available,84.3
123899.JPQP01000001_gene1609,ileS,Isoleucine--tRNA&nbsp;ligase,84.0
123899.JPQP01000001_gene1598,JPQP01000001_gene1598,annotation&nbsp;not&nbsp;available,83.9
123899.JPQP01000023_gene2821,cyoD,annotation&nbsp;not&nbsp;available,83.8
123899.JPQP01000023_gene3198,fadA5_1,annotation&nbsp;not&nbsp;available,83.8
123899.JPQP01000023_gene3159,JPQP01000023_gene3159,annotation&nbsp;not&nbsp;available,83.8
123899.JPQP01000004_gene548,polA,DNA&nbsp;polymerase&nbsp;I,83.7
123899.JPQP01000020_gene1976,secB,Protein-export&nbsp;protein&nbsp;SecB,83.6
123899.JPQP01000023_gene3247,gstB,annotation&nbsp;not&nbsp;available,83.6
123899.JPQP01000018_gene262,dnaB,Replicative&nbsp;DNA&nbsp;helicase,83.6
123899.JPQP01000003_gene1487,trpD,Anthranilate&nbsp;phosphoribosyltransferase,83.6
123899.JPQP01000023_gene3069,fabF_1,annotation&nbsp;not&nbsp;available,83.5
123899.JPQP01000003_gene1514,rep,ATP-dependent&nbsp;DNA&nbsp;helicase&nbsp;Rep,83.5
123899.JPQP01000018_gene271,ispA,annotation&nbsp;not&nbsp;available,83.4
123899.JPQP01000019_gene2519,dapH,annotation&nbsp;not&nbsp;available,83.4
123899.JPQP01000019_gene2676,JPQP01000019_gene2676,annotation&nbsp;not&nbsp;available,83.3
123899.JPQP01000023_gene2824,cyoA,annotation&nbsp;not&nbsp;available,83.3
123899.JPQP01000004_gene398,pdxF,Phosphoserine&nbsp;aminotransferase,83.3
123899.JPQP01000002_gene1117,lptB_9,annotation&nbsp;not&nbsp;available,83.3
123899.JPQP01000023_gene3224,metC3_2,annotation&nbsp;not&nbsp;available,83.2
123899.JPQP01000001_gene1655,iscU,Iron-sulfur&nbsp;cluster&nbsp;assembly&nbsp;scaffold&nbsp;protein&nbsp;IscU,83.2
123899.JPQP01000019_gene2656,ribE,annotation&nbsp;not&nbsp;available,83.2
123899.JPQP01000004_gene399,gyrA,DNA&nbsp;gyrase&nbsp;subunit&nbsp;A,83.0
123899.JPQP01000023_gene3222,fabG_6,annotation&nbsp;not&nbsp;available,83.0
123899.JPQP01000002_gene816,ackA,Acetate&nbsp;kinase,82.8
123899.JPQP01000004_gene625,nagZ,Beta-hexosaminidase,82.8
123899.JPQP01000023_gene3169,ilvD7,annotation&nbsp;not&nbsp;available,82.8
123899.JPQP01000002_gene1191,lpsJ,annotation&nbsp;not&nbsp;available,82.7
123899.JPQP01000018_gene37,fixL_2,annotation&nbsp;not&nbsp;available,82.7
123899.JPQP01000018_gene160,rplT,50S&nbsp;ribosomal&nbsp;protein&nbsp;L20,82.7
123899.JPQP01000022_gene3425,JPQP01000022_gene3425,UvrABC&nbsp;system&nbsp;protein&nbsp;A,82.7
123899.JPQP01000017_gene2193,ugpE,Sn-glycerol-3-phosphate&nbsp;transport&nbsp;system&nbsp;permease&nbsp;protein&nbsp;UgpE,82.6
123899.JPQP01000002_gene814,JPQP01000002_gene814,annotation&nbsp;not&nbsp;available,82.6
123899.JPQP01000001_gene1537,maeB_2,annotation&nbsp;not&nbsp;available,82.6
123899.JPQP01000009_gene315,rplK,50S&nbsp;ribosomal&nbsp;protein&nbsp;L11,82.5
123899.JPQP01000023_gene2915,ilvI1_2,annotation&nbsp;not&nbsp;available,82.5
123899.JPQP01000020_gene1891,atoE_1,annotation&nbsp;not&nbsp;available,82.4
123899.JPQP01000003_gene1510,atpC,ATP&nbsp;synthase&nbsp;epsilon&nbsp;chain,82.3
123899.JPQP01000017_gene2161,amn,AMP&nbsp;nucleosidase,82.3
123899.JPQP01000017_gene2149,fhaC_2,annotation&nbsp;not&nbsp;available,82.3
123899.JPQP01000001_gene1666,lysS,annotation&nbsp;not&nbsp;available,82.3
123899.JPQP01000022_gene3283,tpiA,Triosephosphate&nbsp;isomerase,82.3
123899.JPQP01000001_gene1588,hemN_1,annotation&nbsp;not&nbsp;available,82.2
123899.JPQP01000004_gene463,sucC,Succinate--CoA&nbsp;ligase&nbsp;[ADP-forming]&nbsp;subunit&nbsp;beta,82.1
123899.JPQP01000020_gene1915,dat_2,annotation&nbsp;not&nbsp;available,82.1
123899.JPQP01000020_gene1845,yngG_1,annotation&nbsp;not&nbsp;available,82.1
123899.JPQP01000002_gene1080,nuoG,annotation&nbsp;not&nbsp;available,82.1
123899.JPQP01000021_gene3703,rplQ,annotation&nbsp;not&nbsp;available,82.0
123899.JPQP01000017_gene2393,pyrH,Uridylate&nbsp;kinase,82.0
123899.JPQP01000021_gene3691,aroK,Shikimate&nbsp;kinase,82.0
123899.JPQP01000004_gene492,gpt,annotation&nbsp;not&nbsp;available,81.9
123899.JPQP01000002_gene1038,algA,annotation&nbsp;not&nbsp;available,81.9
123899.JPQP01000017_gene2196,proC,Pyrroline-5-carboxylate&nbsp;reductase,81.7
123899.JPQP01000023_gene2792,secD,Protein&nbsp;translocase&nbsp;subunit&nbsp;SecD,81.7
123899.JPQP01000004_gene473,pyrB_2,annotation&nbsp;not&nbsp;available,81.6
123899.JPQP01000001_gene1516,fhaB_2,annotation&nbsp;not&nbsp;available,81.6
123899.JPQP01000018_gene246,glcD2,annotation&nbsp;not&nbsp;available,81.5
123899.JPQP01000017_gene2209,metQ_5,annotation&nbsp;not&nbsp;available,81.5
123899.JPQP01000004_gene386,JPQP01000004_gene386,annotation&nbsp;not&nbsp;available,81.5
123899.JPQP01000001_gene1591,infC,Translation&nbsp;initiation&nbsp;factor&nbsp;IF-3,81.3
123899.JPQP01000002_gene1223,prpC,annotation&nbsp;not&nbsp;available,81.3
123899.JPQP01000019_gene2757,rssA,annotation&nbsp;not&nbsp;available,81.3
123899.JPQP01000002_gene1104,yxeO,annotation&nbsp;not&nbsp;available,81.2
123899.JPQP01000021_gene3738,rpsJ,30S&nbsp;ribosomal&nbsp;protein&nbsp;S10,81.2
123899.JPQP01000020_gene2009,hmgcL,annotation&nbsp;not&nbsp;available,81.2
123899.JPQP01000018_gene247,aroG2,Phospho-2-dehydro-3-deoxyheptonate&nbsp;aldolase,81.1
123899.JPQP01000002_gene822,cbpA,annotation&nbsp;not&nbsp;available,81.1
123899.JPQP01000003_gene1373,hisC3,annotation&nbsp;not&nbsp;available,81.0
123899.JPQP01000023_gene3164,potA_3,annotation&nbsp;not&nbsp;available,81.0
123899.JPQP01000001_gene1704,bktB_1,annotation&nbsp;not&nbsp;available,81.0
123899.JPQP01000002_gene1008,acnA4,Aconitate&nbsp;hydratase,81.0
123899.JPQP01000002_gene1078,nuoE,annotation&nbsp;not&nbsp;available,80.9
123899.JPQP01000001_gene1526,cysA_1,annotation&nbsp;not&nbsp;available,80.9
123899.JPQP01000002_gene1074,nuoA,NADH-quinone&nbsp;oxidoreductase&nbsp;subunit&nbsp;A,80.9
123899.JPQP01000003_gene1293,thlA,annotation&nbsp;not&nbsp;available,80.8
123899.JPQP01000019_gene2502,kipA,annotation&nbsp;not&nbsp;available,80.7
123899.JPQP01000004_gene391,himD,Integration&nbsp;host&nbsp;factor&nbsp;subunit&nbsp;beta,80.7
123899.JPQP01000004_gene649,bktB_2,annotation&nbsp;not&nbsp;available,80.6
123899.JPQP01000017_gene2397,glnD,Bifunctional&nbsp;uridylyltransferase/uridylyl-removing&nbsp;enzyme,80.6
123899.JPQP01000006_gene779,polC_1,annotation&nbsp;not&nbsp;available,80.5
123899.JPQP01000001_gene1657,hscB,Co-chaperone&nbsp;protein&nbsp;HscB&nbsp;homolog,80.5
123899.JPQP01000002_gene1010,prpR,annotation&nbsp;not&nbsp;available,80.4
123899.JPQP01000020_gene2019,livH_4,annotation&nbsp;not&nbsp;available,80.4
123899.JPQP01000022_gene3278,fhuC,annotation&nbsp;not&nbsp;available,80.4
123899.JPQP01000017_gene2176,livH_12,annotation&nbsp;not&nbsp;available,80.4
123899.JPQP01000001_gene1776,mdtP_1,annotation&nbsp;not&nbsp;available,80.3
123899.JPQP01000023_gene3156,accC_3,annotation&nbsp;not&nbsp;available,80.3
123899.JPQP01000002_gene828,chlG,annotation&nbsp;not&nbsp;available,80.3
123899.JPQP01000018_gene83,phaA,annotation&nbsp;not&nbsp;available,80.3
123899.JPQP01000018_gene182,sodB,Superoxide&nbsp;dismutase,80.3
123899.JPQP01000003_gene1368,hisI,Phosphoribosyl-AMP&nbsp;cyclohydrolase,80.2
123899.JPQP01000017_gene2171,glnA,annotation&nbsp;not&nbsp;available,80.2
123899.JPQP01000004_gene382,etfB,annotation&nbsp;not&nbsp;available,80.2
123899.JPQP01000017_gene2079,tdcB_2,annotation&nbsp;not&nbsp;available,79.9
123899.JPQP01000004_gene623,pgsA,annotation&nbsp;not&nbsp;available,79.9
123899.JPQP01000002_gene1105,tcyB_2,annotation&nbsp;not&nbsp;available,79.8
123899.JPQP01000001_gene1565,efeU,annotation&nbsp;not&nbsp;available,79.8
123899.JPQP01000018_gene189,adk,Adenylate&nbsp;kinase,79.8
123899.JPQP01000004_gene344,potH_3,annotation&nbsp;not&nbsp;available,79.7
123899.JPQP01000009_gene314,rplA,50S&nbsp;ribosomal&nbsp;protein&nbsp;L1,79.6
123899.JPQP01000004_gene489,rpoD,RNA&nbsp;polymerase&nbsp;sigma&nbsp;factor&nbsp;RpoD,79.5
123899.JPQP01000003_gene1396,hyuB_1,annotation&nbsp;not&nbsp;available,79.4
123899.JPQP01000002_gene1153,fabG_13,annotation&nbsp;not&nbsp;available,79.4
123899.JPQP01000002_gene1046,bscS,annotation&nbsp;not&nbsp;available,79.3
123899.JPQP01000021_gene3693,cyaY,annotation&nbsp;not&nbsp;available,79.3
123899.JPQP01000004_gene425,leuD,3-isopropylmalate&nbsp;dehydratase&nbsp;small&nbsp;subunit,79.3
123899.JPQP01000002_gene861,ilvG5,annotation&nbsp;not&nbsp;available,79.3
123899.JPQP01000002_gene917,ydaM_2,annotation&nbsp;not&nbsp;available,79.2
123899.JPQP01000004_gene366,paaA,annotation&nbsp;not&nbsp;available,79.2
123899.JPQP01000017_gene2198,livJ1,annotation&nbsp;not&nbsp;available,79.1
123899.JPQP01000019_gene2652,ybhB,annotation&nbsp;not&nbsp;available,79.1
123899.JPQP01000003_gene1319,JPQP01000003_gene1319,annotation&nbsp;not&nbsp;available,79.0
123899.JPQP01000017_gene2183,modB_2,annotation&nbsp;not&nbsp;available,79.0
123899.JPQP01000003_gene1371,hisH_1,Imidazole&nbsp;glycerol&nbsp;phosphate&nbsp;synthase&nbsp;subunit&nbsp;HisH,78.9
123899.JPQP01000018_gene174,pqiB,annotation&nbsp;not&nbsp;available,78.9
123899.JPQP01000023_gene3132,dcd,annotation&nbsp;not&nbsp;available,78.9
123899.JPQP01000018_gene63,argH,annotation&nbsp;not&nbsp;available,78.9
123899.JPQP01000023_gene3105,pgi,annotation&nbsp;not&nbsp;available,78.8
123899.JPQP01000001_gene1564,JPQP01000001_gene1564,annotation&nbsp;not&nbsp;available,78.7
123899.JPQP01000022_gene3521,cusC1,annotation&nbsp;not&nbsp;available,78.7
123899.JPQP01000023_gene3103,JPQP01000023_gene3103,annotation&nbsp;not&nbsp;available,78.7
123899.JPQP01000003_gene1415,ctaB,Protoheme&nbsp;IX&nbsp;farnesyltransferase,78.6
123899.JPQP01000017_gene2384,fabZ,3-hydroxyacyl-[acyl-carrier-protein]&nbsp;dehydratase&nbsp;FabZ,78.6
123899.JPQP01000002_gene1014,gsiA_8,annotation&nbsp;not&nbsp;available,78.5
123899.JPQP01000017_gene2165,acd12,annotation&nbsp;not&nbsp;available,78.4
123899.JPQP01000021_gene3627,rfaC,annotation&nbsp;not&nbsp;available,78.4
123899.JPQP01000022_gene3568,murE,Multifunctional&nbsp;fusion&nbsp;protein,78.4
123899.JPQP01000022_gene3433,macB,Macrolide&nbsp;export&nbsp;ATP-binding/permease&nbsp;protein&nbsp;MacB,78.3
123899.JPQP01000020_gene1866,cpdA_3,"3',5'-cyclic&nbsp;adenosine&nbsp;monophosphate&nbsp;phosphodiesterase&nbsp;CpdA",78.3
123899.JPQP01000006_gene707,JPQP01000006_gene707,annotation&nbsp;not&nbsp;available,78.1
123899.JPQP01000006_gene763,nucH,annotation&nbsp;not&nbsp;available,78.1
123899.JPQP01000006_gene747,pcaF_2,annotation&nbsp;not&nbsp;available,77.9
123899.JPQP01000001_gene1671,lolE,annotation&nbsp;not&nbsp;available,77.9
123899.JPQP01000006_gene736,accA,Acetyl-coenzyme&nbsp;A&nbsp;carboxylase&nbsp;carboxyl&nbsp;transferase&nbsp;subunit&nbsp;alpha,77.8
123899.JPQP01000023_gene3174,kdpB,Potassium-transporting&nbsp;ATPase&nbsp;ATP-binding&nbsp;subunit,77.6
123899.JPQP01000004_gene679,mqo,annotation&nbsp;not&nbsp;available,77.5
123899.JPQP01000017_gene2339,fabG_17,annotation&nbsp;not&nbsp;available,77.5
123899.JPQP01000002_gene918,gatA_7,annotation&nbsp;not&nbsp;available,77.5
123899.JPQP01000020_gene1949,braC_3,annotation&nbsp;not&nbsp;available,77.5
123899.JPQP01000018_gene222,mdlC_2,annotation&nbsp;not&nbsp;available,77.5
123899.JPQP01000003_gene1259,lctD_2,annotation&nbsp;not&nbsp;available,77.4
123899.JPQP01000021_gene3709,rplO,50S&nbsp;ribosomal&nbsp;protein&nbsp;L15,77.4
123899.JPQP01000002_gene1086,nuoM,annotation&nbsp;not&nbsp;available,77.4
123899.JPQP01000023_gene3041,ndh,annotation&nbsp;not&nbsp;available,77.3
123899.JPQP01000003_gene1508,atpG,ATP&nbsp;synthase&nbsp;gamma&nbsp;chain,77.3
123899.JPQP01000003_gene1269,ilvI2_2,annotation&nbsp;not&nbsp;available,77.1
123899.JPQP01000017_gene2330,JPQP01000017_gene2330,annotation&nbsp;not&nbsp;available,77.1
123899.JPQP01000020_gene1894,pcaI4,annotation&nbsp;not&nbsp;available,77.1
123899.JPQP01000002_gene901,pstA,annotation&nbsp;not&nbsp;available,77.1
123899.JPQP01000018_gene169,thcB,annotation&nbsp;not&nbsp;available,77.0
123899.JPQP01000018_gene157,himA,Integration&nbsp;host&nbsp;factor&nbsp;subunit&nbsp;alpha,76.9
123899.JPQP01000002_gene1225,mdh,Malate&nbsp;dehydrogenase,76.9
123899.JPQP01000021_gene3720,gabD_2,annotation&nbsp;not&nbsp;available,76.8
123899.JPQP01000017_gene2201,livG,annotation&nbsp;not&nbsp;available,76.7
123899.JPQP01000021_gene3594,metK,S-adenosylmethionine&nbsp;synthase,76.6
123899.JPQP01000003_gene1271,puuC,annotation&nbsp;not&nbsp;available,76.6
123899.JPQP01000004_gene537,trxA,annotation&nbsp;not&nbsp;available,76.6
123899.JPQP01000004_gene561,ispH,4-hydroxy-3-methylbut-2-enyl&nbsp;diphosphate&nbsp;reductase,76.6
123899.JPQP01000002_gene1123,livF_9,annotation&nbsp;not&nbsp;available,76.5
123899.JPQP01000023_gene3121,mmsA_1,annotation&nbsp;not&nbsp;available,76.5
123899.JPQP01000022_gene3326,trxB_1,annotation&nbsp;not&nbsp;available,76.4
123899.JPQP01000018_gene207,qseC_5,annotation&nbsp;not&nbsp;available,76.4
123899.JPQP01000003_gene1382,vpsC,annotation&nbsp;not&nbsp;available,76.4
123899.JPQP01000017_gene2392,frr,Ribosome-recycling&nbsp;factor,76.4
123899.JPQP01000019_gene2459,gatA,Glutamyl-tRNA(Gln)&nbsp;amidotransferase&nbsp;subunit&nbsp;A,76.3
123899.JPQP01000021_gene3657,hisF_2,Imidazole&nbsp;glycerol&nbsp;phosphate&nbsp;synthase&nbsp;subunit&nbsp;HisF,76.3
123899.JPQP01000021_gene3589,metF_1,annotation&nbsp;not&nbsp;available,76.3
123899.JPQP01000003_gene1313,mdxE,annotation&nbsp;not&nbsp;available,76.3
123899.JPQP01000022_gene3292,rpsO,30S&nbsp;ribosomal&nbsp;protein&nbsp;S15,76.2
123899.JPQP01000022_gene3490,leuC1,annotation&nbsp;not&nbsp;available,76.2
123899.JPQP01000001_gene1550,trpS,annotation&nbsp;not&nbsp;available,76.2
123899.JPQP01000021_gene3668,narH2,annotation&nbsp;not&nbsp;available,76.1
123899.JPQP01000018_gene176,clpA,annotation&nbsp;not&nbsp;available,76.1
123899.JPQP01000018_gene278,sseA,annotation&nbsp;not&nbsp;available,76.1
123899.JPQP01000022_gene3393,JPQP01000022_gene3393,annotation&nbsp;not&nbsp;available,76.1
123899.JPQP01000001_gene1642,clpP_1,ATP-dependent&nbsp;Clp&nbsp;protease&nbsp;proteolytic&nbsp;subunit,76.0
123899.JPQP01000002_gene1214,cysD1_3,annotation&nbsp;not&nbsp;available,75.9
123899.JPQP01000019_gene2629,JPQP01000019_gene2629,annotation&nbsp;not&nbsp;available,75.9
123899.JPQP01000023_gene3155,JPQP01000023_gene3155,annotation&nbsp;not&nbsp;available,75.8
123899.JPQP01000020_gene1824,gst_2,annotation&nbsp;not&nbsp;available,75.8
123899.JPQP01000002_gene1122,JPQP01000002_gene1122,annotation&nbsp;not&nbsp;available,75.8
123899.JPQP01000023_gene3182,dmpP_1,annotation&nbsp;not&nbsp;available,75.8
123899.JPQP01000003_gene1476,fdnH,annotation&nbsp;not&nbsp;available,75.8
123899.JPQP01000004_gene326,rfaG,annotation&nbsp;not&nbsp;available,75.5
123899.JPQP01000002_gene1155,fabF_2,3-oxoacyl-[acyl-carrier-protein]&nbsp;synthase&nbsp;2,75.4
123899.JPQP01000003_gene1246,oxaA,Membrane&nbsp;protein&nbsp;insertase&nbsp;YidC,75.4
123899.JPQP01000020_gene1970,thiF_2,annotation&nbsp;not&nbsp;available,75.2
123899.JPQP01000002_gene1114,bioY,annotation&nbsp;not&nbsp;available,75.2
123899.JPQP01000023_gene2832,fabG_10,annotation&nbsp;not&nbsp;available,75.2
123899.JPQP01000018_gene202,argF,Ornithine&nbsp;carbamoyltransferase,75.2
123899.JPQP01000001_gene1722,caiD_4,annotation&nbsp;not&nbsp;available,75.2
123899.JPQP01000021_gene3626,kdtA,annotation&nbsp;not&nbsp;available,75.1
123899.JPQP01000014_gene2772,tuf,Elongation&nbsp;factor&nbsp;Tu,75.1
123899.JPQP01000001_gene1693,guaB,Inosine-5'-monophosphate&nbsp;dehydrogenase,75.1
123899.JPQP01000004_gene523,dadA4,D-amino&nbsp;acid&nbsp;dehydrogenase,75.0
123899.JPQP01000004_gene648,acyI,annotation&nbsp;not&nbsp;available,75.0
123899.JPQP01000002_gene940,JPQP01000002_gene940,annotation&nbsp;not&nbsp;available,75.0
123899.JPQP01000021_gene3697,cc4_2,annotation&nbsp;not&nbsp;available,74.9
123899.JPQP01000017_gene2276,menB_3,annotation&nbsp;not&nbsp;available,74.8
123899.JPQP01000017_gene2383,lpxA,Acyl-[acyl-carrier-protein]--UDP-N-acetylglucosamine&nbsp;O-acyltransferase,74.8
123899.JPQP01000002_gene1120,JPQP01000002_gene1120,annotation&nbsp;not&nbsp;available,74.8
123899.JPQP01000006_gene730,bacA,Undecaprenyl-diphosphatase,74.6
123899.JPQP01000004_gene357,ywrD,annotation&nbsp;not&nbsp;available,74.6
123899.JPQP01000002_gene1118,livF_8,annotation&nbsp;not&nbsp;available,74.6
123899.JPQP01000004_gene525,panD,Aspartate&nbsp;1-decarboxylase,74.5
123899.JPQP01000022_gene3510,rmlA,annotation&nbsp;not&nbsp;available,74.3
123899.JPQP01000002_gene1228,sdhD,annotation&nbsp;not&nbsp;available,74.3
123899.JPQP01000003_gene1499,trxB_2,annotation&nbsp;not&nbsp;available,74.3
123899.JPQP01000004_gene349,trpB_2,Tryptophan&nbsp;synthase&nbsp;beta&nbsp;chain,74.3
123899.JPQP01000004_gene626,acpS,Holo-[acyl-carrier-protein]&nbsp;synthase,74.2
123899.JPQP01000021_gene3725,livF_3,annotation&nbsp;not&nbsp;available,74.2
123899.JPQP01000023_gene2904,cysD1_2,annotation&nbsp;not&nbsp;available,74.1
123899.JPQP01000003_gene1375,hisG,ATP&nbsp;phosphoribosyltransferase,74.0
123899.JPQP01000002_gene1081,nuoH,NADH-quinone&nbsp;oxidoreductase&nbsp;subunit&nbsp;H,74.0
123899.JPQP01000023_gene2999,uhpA_2,annotation&nbsp;not&nbsp;available,74.0
123899.JPQP01000018_gene267,rpsF,30S&nbsp;ribosomal&nbsp;protein&nbsp;S6,74.0
123899.JPQP01000019_gene2620,accC_1,annotation&nbsp;not&nbsp;available,73.9
123899.JPQP01000019_gene2446,gshA,annotation&nbsp;not&nbsp;available,73.8
123899.JPQP01000004_gene381,etfA1,annotation&nbsp;not&nbsp;available,73.7
123899.JPQP01000018_gene114,JPQP01000018_gene114,annotation&nbsp;not&nbsp;available,73.6
123899.JPQP01000006_gene749,fadB2_1,annotation&nbsp;not&nbsp;available,73.6
123899.JPQP01000020_gene1930,metC3_1,annotation&nbsp;not&nbsp;available,73.6
123899.JPQP01000021_gene3667,narG2,annotation&nbsp;not&nbsp;available,73.5
123899.JPQP01000017_gene2154,oplAH,annotation&nbsp;not&nbsp;available,73.5
123899.JPQP01000005_gene290,actP_1,annotation&nbsp;not&nbsp;available,73.5
123899.JPQP01000001_gene1552,aceE_2,Pyruvate&nbsp;dehydrogenase&nbsp;E1&nbsp;component,73.4
123899.JPQP01000004_gene630,ttgA_2,annotation&nbsp;not&nbsp;available,73.4
123899.JPQP01000003_gene1358,petB,Cytochrome&nbsp;b,73.2
123899.JPQP01000021_gene3715,rpsN,30S&nbsp;ribosomal&nbsp;protein&nbsp;S14,73.2
123899.JPQP01000002_gene1201,pyrG,CTP&nbsp;synthase,73.1
123899.JPQP01000019_gene2521,lpxD_1,annotation&nbsp;not&nbsp;available,73.1
123899.JPQP01000002_gene885,gpmB,annotation&nbsp;not&nbsp;available,73.1
123899.JPQP01000023_gene3125,gcvP,Glycine&nbsp;dehydrogenase&nbsp;(decarboxylating),73.0
123899.JPQP01000003_gene1486,trpC,annotation&nbsp;not&nbsp;available,72.9
123899.JPQP01000023_gene3162,JPQP01000023_gene3162,annotation&nbsp;not&nbsp;available,72.9
123899.JPQP01000019_gene2488,purT,Formate-dependent&nbsp;phosphoribosylglycinamide&nbsp;formyltransferase,72.9
123899.JPQP01000023_gene2843,JPQP01000023_gene2843,annotation&nbsp;not&nbsp;available,72.9
123899.JPQP01000023_gene3181,ndoA,annotation&nbsp;not&nbsp;available,72.9
123899.JPQP01000018_gene67,trxC,annotation&nbsp;not&nbsp;available,72.9
123899.JPQP01000004_gene636,modB_3,annotation&nbsp;not&nbsp;available,72.8
123899.JPQP01000004_gene358,paaK_2,Phenylacetate-coenzyme&nbsp;A&nbsp;ligase,72.7
123899.JPQP01000003_gene1511,JPQP01000003_gene1511,annotation&nbsp;not&nbsp;available,72.6
123899.JPQP01000001_gene1572,cphA2,annotation&nbsp;not&nbsp;available,72.6
123899.JPQP01000020_gene1836,potA_2,annotation&nbsp;not&nbsp;available,72.5
123899.JPQP01000001_gene1527,potH_2,annotation&nbsp;not&nbsp;available,72.5
123899.JPQP01000004_gene628,oprM_6,Protein&nbsp;CyaE,72.5
123899.JPQP01000003_gene1426,JPQP01000003_gene1426,annotation&nbsp;not&nbsp;available,72.4
123899.JPQP01000002_gene1085,nuoL,annotation&nbsp;not&nbsp;available,72.3
123899.JPQP01000004_gene334,hrpA,annotation&nbsp;not&nbsp;available,72.3
123899.JPQP01000002_gene1076,nuoC,NADH-quinone&nbsp;oxidoreductase&nbsp;subunit&nbsp;C,72.3
123899.JPQP01000004_gene664,JPQP01000004_gene664,annotation&nbsp;not&nbsp;available,72.2
123899.JPQP01000002_gene1124,drrA,annotation&nbsp;not&nbsp;available,72.1
123899.JPQP01000004_gene374,rplS,50S&nbsp;ribosomal&nbsp;protein&nbsp;L19,72.1
123899.JPQP01000020_gene1833,ydcV_1,annotation&nbsp;not&nbsp;available,72.0
123899.JPQP01000006_gene732,ppiB,Peptidyl-prolyl&nbsp;cis-trans&nbsp;isomerase,72.0
123899.JPQP01000002_gene899,phoS,Phosphate-binding&nbsp;protein&nbsp;PstS,72.0
123899.JPQP01000002_gene884,fabG_12,annotation&nbsp;not&nbsp;available,72.0
123899.JPQP01000022_gene3449,ggt_1,annotation&nbsp;not&nbsp;available,71.9
123899.JPQP01000001_gene1517,fhaC_1,annotation&nbsp;not&nbsp;available,71.9
123899.JPQP01000017_gene2191,livJ2,annotation&nbsp;not&nbsp;available,71.9
123899.JPQP01000019_gene2654,nrdR,Transcriptional&nbsp;repressor&nbsp;NrdR,71.8
123899.JPQP01000020_gene1963,secDF,annotation&nbsp;not&nbsp;available,71.8
123899.JPQP01000003_gene1443,JPQP01000003_gene1443,annotation&nbsp;not&nbsp;available,71.8
123899.JPQP01000019_gene2436,echA8_2,annotation&nbsp;not&nbsp;available,71.6
123899.JPQP01000017_gene2192,ugpC,Sn-glycerol-3-phosphate&nbsp;import&nbsp;ATP-binding&nbsp;protein&nbsp;UgpC,71.6
123899.JPQP01000019_gene2470,argB,Acetylglutamate&nbsp;kinase,71.6
123899.JPQP01000023_gene3018,fabG_8,annotation&nbsp;not&nbsp;available,71.5
123899.JPQP01000004_gene544,tdcG,annotation&nbsp;not&nbsp;available,71.4
123899.JPQP01000003_gene1413,ctaC,annotation&nbsp;not&nbsp;available,71.4
123899.JPQP01000004_gene462,sucD,Succinate--CoA&nbsp;ligase&nbsp;[ADP-forming]&nbsp;subunit&nbsp;alpha,71.3
123899.JPQP01000003_gene1491,cbbeP,annotation&nbsp;not&nbsp;available,71.3
123899.JPQP01000017_gene2064,gor,annotation&nbsp;not&nbsp;available,71.3
123899.JPQP01000023_gene3127,gcvT,Aminomethyltransferase,71.3
123899.JPQP01000018_gene45,acrB,annotation&nbsp;not&nbsp;available,71.2
123899.JPQP01000004_gene467,recX,Regulatory&nbsp;protein&nbsp;RecX,71.2
123899.JPQP01000019_gene2503,kipI_1,annotation&nbsp;not&nbsp;available,71.2
123899.JPQP01000018_gene178,JPQP01000018_gene178,annotation&nbsp;not&nbsp;available,71.2
123899.JPQP01000002_gene1227,sdhC,annotation&nbsp;not&nbsp;available,71.2
123899.JPQP01000001_gene1697,metE_1,annotation&nbsp;not&nbsp;available,71.2
123899.JPQP01000023_gene3048,ribB_2,"3,4-dihydroxy-2-butanone&nbsp;4-phosphate&nbsp;synthase",71.1
123899.JPQP01000001_gene1672,lolD,Lipoprotein-releasing&nbsp;system&nbsp;ATP-binding&nbsp;protein&nbsp;LolD,71.0
123899.JPQP01000020_gene1982,ybdK,Putative&nbsp;glutamate--cysteine&nbsp;ligase&nbsp;2,71.0
123899.JPQP01000018_gene59,sphB1_3,annotation&nbsp;not&nbsp;available,71.0
123899.JPQP01000017_gene2386,ompH,annotation&nbsp;not&nbsp;available,70.9
123899.JPQP01000017_gene2042,JPQP01000017_gene2042,Protein&nbsp;translocase&nbsp;subunit&nbsp;SecA,70.8
123899.JPQP01000001_gene1557,bamD,Outer&nbsp;membrane&nbsp;protein&nbsp;assembly&nbsp;factor&nbsp;BamD,70.7
123899.JPQP01000023_gene3045,thiL,Thiamine-monophosphate&nbsp;kinase,70.7
123899.JPQP01000022_gene3281,yclQ,annotation&nbsp;not&nbsp;available,70.7
123899.JPQP01000003_gene1308,argS,annotation&nbsp;not&nbsp;available,70.6
123899.JPQP01000004_gene554,infB,Translation&nbsp;initiation&nbsp;factor&nbsp;IF-2,70.6
123899.JPQP01000001_gene1643,clpX,ATP-dependent&nbsp;Clp&nbsp;protease&nbsp;ATP-binding&nbsp;subunit&nbsp;ClpX,70.5
123899.JPQP01000017_gene2270,hutH,annotation&nbsp;not&nbsp;available,70.5
123899.JPQP01000004_gene395,tyrA,annotation&nbsp;not&nbsp;available,70.4
123899.JPQP01000003_gene1389,accB_2,Biotin&nbsp;carboxyl&nbsp;carrier&nbsp;protein&nbsp;of&nbsp;acetyl-CoA&nbsp;carboxylase,70.2
123899.JPQP01000019_gene2596,JPQP01000019_gene2596,annotation&nbsp;not&nbsp;available,70.2
123899.JPQP01000018_gene244,glcE,annotation&nbsp;not&nbsp;available,70.1
123899.JPQP01000001_gene1560,phbC_1,annotation&nbsp;not&nbsp;available,70.1
123899.JPQP01000019_gene2613,JPQP01000019_gene2613,annotation&nbsp;not&nbsp;available,70.0
123899.JPQP01000001_gene1603,dut,Deoxyuridine&nbsp;5'-triphosphate&nbsp;nucleotidohydrolase,70.0
123899.JPQP01000003_gene1390,accC_2,annotation&nbsp;not&nbsp;available,69.9
123899.JPQP01000018_gene126,JPQP01000018_gene126,annotation&nbsp;not&nbsp;available,69.8
123899.JPQP01000003_gene1237,bepD,annotation&nbsp;not&nbsp;available,69.8
123899.JPQP01000019_gene2754,drpA,Proline--tRNA&nbsp;ligase,69.6
123899.JPQP01000003_gene1365,tatA,Sec-independent&nbsp;protein&nbsp;translocase&nbsp;protein&nbsp;TatA,69.5
123899.JPQP01000019_gene2458,gatB,Aspartyl/glutamyl-tRNA(Asn/Gln)&nbsp;amidotransferase&nbsp;subunit&nbsp;B,69.4
123899.JPQP01000002_gene812,JPQP01000002_gene812,annotation&nbsp;not&nbsp;available,69.3
123899.JPQP01000004_gene536,parE,DNA&nbsp;topoisomerase&nbsp;4&nbsp;subunit&nbsp;B,69.3
123899.JPQP01000006_gene761,uvrD_1,annotation&nbsp;not&nbsp;available,69.3
123899.JPQP01000002_gene1112,bioM,annotation&nbsp;not&nbsp;available,69.2
123899.JPQP01000004_gene430,cph2_3,annotation&nbsp;not&nbsp;available,69.1
123899.JPQP01000019_gene2438,JPQP01000019_gene2438,annotation&nbsp;not&nbsp;available,69.1
123899.JPQP01000003_gene1509,atpD,ATP&nbsp;synthase&nbsp;subunit&nbsp;beta,69.1
123899.JPQP01000003_gene1256,gatA_4,annotation&nbsp;not&nbsp;available,69.0
123899.JPQP01000002_gene1208,bclA_2,annotation&nbsp;not&nbsp;available,68.9
123899.JPQP01000022_gene3297,ilvI1_1,annotation&nbsp;not&nbsp;available,68.9
123899.JPQP01000017_gene2199,livH_13,annotation&nbsp;not&nbsp;available,68.8
123899.JPQP01000019_gene2750,tolA,annotation&nbsp;not&nbsp;available,68.8
123899.JPQP01000003_gene1463,bhuU_1,annotation&nbsp;not&nbsp;available,68.7
123899.JPQP01000007_gene797,qseC_2,annotation&nbsp;not&nbsp;available,68.6
123899.JPQP01000018_gene66,limB,annotation&nbsp;not&nbsp;available,68.6
123899.JPQP01000017_gene2217,bvgS_2,annotation&nbsp;not&nbsp;available,68.6
123899.JPQP01000018_gene141,JPQP01000018_gene141,annotation&nbsp;not&nbsp;available,68.6
123899.JPQP01000004_gene657,proV,annotation&nbsp;not&nbsp;available,68.6
123899.JPQP01000001_gene1577,mltB_1,annotation&nbsp;not&nbsp;available,68.5
123899.JPQP01000001_gene1590,thrS,Threonine--tRNA&nbsp;ligase,68.4
123899.JPQP01000023_gene2810,moeA,annotation&nbsp;not&nbsp;available,68.4
123899.JPQP01000003_gene1322,leuA2,2-isopropylmalate&nbsp;synthase,68.3
123899.JPQP01000019_gene2587,lptB_1,annotation&nbsp;not&nbsp;available,68.2
123899.JPQP01000019_gene2724,envM,annotation&nbsp;not&nbsp;available,68.2
123899.JPQP01000004_gene400,ompA,annotation&nbsp;not&nbsp;available,68.2
123899.JPQP01000022_gene3457,mutL,DNA&nbsp;mismatch&nbsp;repair&nbsp;protein&nbsp;MutL,68.2
123899.JPQP01000022_gene3538,metN_1,Methionine&nbsp;import&nbsp;ATP-binding&nbsp;protein&nbsp;MetN,68.1
123899.JPQP01000002_gene848,purK,N5-carboxyaminoimidazole&nbsp;ribonucleotide&nbsp;synthase,68.0
123899.JPQP01000023_gene3163,JPQP01000023_gene3163,annotation&nbsp;not&nbsp;available,68.0
123899.JPQP01000020_gene1830,yhdH_1,annotation&nbsp;not&nbsp;available,68.0
123899.JPQP01000004_gene431,senX3,annotation&nbsp;not&nbsp;available,67.9
123899.JPQP01000018_gene251,pepN,annotation&nbsp;not&nbsp;available,67.9
123899.JPQP01000023_gene2830,copA,annotation&nbsp;not&nbsp;available,67.8
123899.JPQP01000018_gene84,JPQP01000018_gene84,annotation&nbsp;not&nbsp;available,67.8
123899.JPQP01000021_gene3642,alkJ,annotation&nbsp;not&nbsp;available,67.7
123899.JPQP01000022_gene3347,bamE,Outer&nbsp;membrane&nbsp;protein&nbsp;assembly&nbsp;factor&nbsp;BamE,67.7
123899.JPQP01000019_gene2528,tolC_1,annotation&nbsp;not&nbsp;available,67.7
123899.JPQP01000001_gene1612,rsmB_2,annotation&nbsp;not&nbsp;available,67.7
123899.JPQP01000002_gene893,folP,annotation&nbsp;not&nbsp;available,67.5
123899.JPQP01000022_gene3401,ompR_1,annotation&nbsp;not&nbsp;available,67.4
123899.JPQP01000002_gene894,glmM,Phosphoglucosamine&nbsp;mutase,67.4
123899.JPQP01000006_gene711,mutS,DNA&nbsp;mismatch&nbsp;repair&nbsp;protein&nbsp;MutS,67.4
123899.JPQP01000003_gene1320,cytR,annotation&nbsp;not&nbsp;available,67.2
123899.JPQP01000002_gene1136,trpB_1,Tryptophan&nbsp;synthase&nbsp;beta&nbsp;chain,67.2
123899.JPQP01000001_gene1615,mutU,annotation&nbsp;not&nbsp;available,67.1
123899.JPQP01000019_gene2748,excC,annotation&nbsp;not&nbsp;available,67.0
123899.JPQP01000004_gene365,paaB,annotation&nbsp;not&nbsp;available,67.0
123899.JPQP01000021_gene3724,lptB_4,annotation&nbsp;not&nbsp;available,66.9
123899.JPQP01000017_gene2127,plsY,Glycerol-3-phosphate&nbsp;acyltransferase,66.9
123899.JPQP01000023_gene2984,poxB_2,annotation&nbsp;not&nbsp;available,66.9
123899.JPQP01000003_gene1427,JPQP01000003_gene1427,annotation&nbsp;not&nbsp;available,66.8
123899.JPQP01000018_gene85,JPQP01000018_gene85,annotation&nbsp;not&nbsp;available,66.8
123899.JPQP01000001_gene1683,purL,Phosphoribosylformylglycinamidine&nbsp;synthase,66.8
123899.JPQP01000004_gene631,arcA,annotation&nbsp;not&nbsp;available,66.8
123899.JPQP01000022_gene3470,echA8_1,annotation&nbsp;not&nbsp;available,66.7
123899.JPQP01000017_gene2063,aroG1,Phospho-2-dehydro-3-deoxyheptonate&nbsp;aldolase,66.6
123899.JPQP01000023_gene2837,ggt_3,annotation&nbsp;not&nbsp;available,66.6
123899.JPQP01000003_gene1325,rpoN1,RNA&nbsp;polymerase&nbsp;sigma-54&nbsp;factor,66.6
123899.JPQP01000023_gene3229,soxB,annotation&nbsp;not&nbsp;available,66.5
123899.JPQP01000009_gene310,rpoC,DNA-directed&nbsp;RNA&nbsp;polymerase&nbsp;subunit&nbsp;beta,66.5
123899.JPQP01000020_gene2018,lptB_5,annotation&nbsp;not&nbsp;available,66.5
123899.JPQP01000002_gene1217,metN_2,Methionine&nbsp;import&nbsp;ATP-binding&nbsp;protein&nbsp;MetN,66.5
123899.JPQP01000022_gene3325,ftsK,annotation&nbsp;not&nbsp;available,66.5
123899.JPQP01000022_gene3460,hda,annotation&nbsp;not&nbsp;available,66.4
123899.JPQP01000002_gene1083,nuoJ,annotation&nbsp;not&nbsp;available,66.3
123899.JPQP01000003_gene1506,atpH,ATP&nbsp;synthase&nbsp;subunit&nbsp;delta,66.3
123899.JPQP01000002_gene1119,ilvE_3,annotation&nbsp;not&nbsp;available,66.3
123899.JPQP01000002_gene1087,nuoN,NADH-quinone&nbsp;oxidoreductase&nbsp;subunit&nbsp;N,66.2
123899.JPQP01000020_gene1887,ilvD,annotation&nbsp;not&nbsp;available,66.1
123899.JPQP01000001_gene1646,atoE_2,annotation&nbsp;not&nbsp;available,66.1
123899.JPQP01000002_gene1181,prpE,annotation&nbsp;not&nbsp;available,66.0
123899.JPQP01000017_gene2385,lpxD,UDP-3-O-acylglucosamine&nbsp;N-acyltransferase,66.0
123899.JPQP01000002_gene846,purC,annotation&nbsp;not&nbsp;available,65.7
123899.JPQP01000017_gene2117,cadA,annotation&nbsp;not&nbsp;available,65.7
123899.JPQP01000002_gene881,carA,annotation&nbsp;not&nbsp;available,65.7
123899.JPQP01000019_gene2645,rpsI,annotation&nbsp;not&nbsp;available,65.6
123899.JPQP01000003_gene1315,cpdA_2,"3',5'-cyclic&nbsp;adenosine&nbsp;monophosphate&nbsp;phosphodiesterase&nbsp;CpdA",65.6
123899.JPQP01000021_gene3718,rplN,50S&nbsp;ribosomal&nbsp;protein&nbsp;L14,65.6
123899.JPQP01000020_gene1903,cysI,annotation&nbsp;not&nbsp;available,65.4
123899.JPQP01000004_gene419,ycdT_2,annotation&nbsp;not&nbsp;available,65.4
123899.JPQP01000004_gene394,aroA,3-phosphoshikimate&nbsp;1-carboxyvinyltransferase,65.3
123899.JPQP01000004_gene423,asd,Aspartate-semialdehyde&nbsp;dehydrogenase,65.2
123899.JPQP01000018_gene243,glcF,annotation&nbsp;not&nbsp;available,65.1
123899.JPQP01000001_gene1571,cphA1,annotation&nbsp;not&nbsp;available,65.1
123899.JPQP01000017_gene2089,ghrA,annotation&nbsp;not&nbsp;available,65.0
123899.JPQP01000003_gene1261,panE,2-dehydropantoate&nbsp;2-reductase,64.8
123899.JPQP01000022_gene3482,fumB,Fumarate&nbsp;hydratase&nbsp;class&nbsp;I,64.8
123899.JPQP01000023_gene2928,mdlC_1,annotation&nbsp;not&nbsp;available,64.7
123899.JPQP01000002_gene1092,ispF,"2-C-methyl-D-erythritol&nbsp;2,4-cyclodiphosphate&nbsp;synthase",64.7
123899.JPQP01000017_gene2157,gmk,Guanylate&nbsp;kinase,64.7
123899.JPQP01000022_gene3280,fecD,annotation&nbsp;not&nbsp;available,64.7
123899.JPQP01000003_gene1305,metC_1,annotation&nbsp;not&nbsp;available,64.6
123899.JPQP01000018_gene39,folD,Bifunctional&nbsp;protein&nbsp;FolD,64.6
123899.JPQP01000001_gene1749,gatA_10,annotation&nbsp;not&nbsp;available,64.5
123899.JPQP01000004_gene499,hisC2_2,annotation&nbsp;not&nbsp;available,64.4
123899.JPQP01000001_gene1668,prfB,Peptide&nbsp;chain&nbsp;release&nbsp;factor&nbsp;2,64.4
123899.JPQP01000001_gene1766,ldcC,annotation&nbsp;not&nbsp;available,64.4
123899.JPQP01000006_gene735,aidA,annotation&nbsp;not&nbsp;available,64.4
123899.JPQP01000019_gene2508,phoR_1,annotation&nbsp;not&nbsp;available,64.2
123899.JPQP01000003_gene1410,cpdA_1,"3',5'-cyclic&nbsp;adenosine&nbsp;monophosphate&nbsp;phosphodiesterase&nbsp;CpdA",64.2
123899.JPQP01000019_gene2730,bepE_2,annotation&nbsp;not&nbsp;available,64.2
123899.JPQP01000002_gene850,amaB_2,annotation&nbsp;not&nbsp;available,64.1
123899.JPQP01000001_gene1768,glyA_2,Serine&nbsp;hydroxymethyltransferase,64.1
123899.JPQP01000017_gene2076,JPQP01000017_gene2076,annotation&nbsp;not&nbsp;available,64.1
123899.JPQP01000019_gene2539,fabG_1,annotation&nbsp;not&nbsp;available,64.0
123899.JPQP01000020_gene1957,rpmA,annotation&nbsp;not&nbsp;available,64.0
123899.JPQP01000003_gene1490,cbbzC,annotation&nbsp;not&nbsp;available,64.0
123899.JPQP01000003_gene1266,JPQP01000003_gene1266,annotation&nbsp;not&nbsp;available,63.9
123899.JPQP01000006_gene738,ask,annotation&nbsp;not&nbsp;available,63.8
123899.JPQP01000006_gene783,scpC_1,annotation&nbsp;not&nbsp;available,63.8
123899.JPQP01000009_gene311,rpoB,DNA-directed&nbsp;RNA&nbsp;polymerase&nbsp;subunit&nbsp;beta,63.8
123899.JPQP01000018_gene193,rpsT,30S&nbsp;ribosomal&nbsp;protein&nbsp;S20,63.7
123899.JPQP01000020_gene1835,potF_1,annotation&nbsp;not&nbsp;available,63.7
123899.JPQP01000003_gene1424,glmS,Glutamine--fructose-6-phosphate&nbsp;aminotransferase&nbsp;[isomerizing],63.7
123899.JPQP01000019_gene2589,srrB,annotation&nbsp;not&nbsp;available,63.7
123899.JPQP01000021_gene3711,rpsE,30S&nbsp;ribosomal&nbsp;protein&nbsp;S5,63.6
123899.JPQP01000002_gene1084,nuoK,NADH-quinone&nbsp;oxidoreductase&nbsp;subunit&nbsp;K,63.6
123899.JPQP01000001_gene1650,tyrB,annotation&nbsp;not&nbsp;available,63.6
123899.JPQP01000004_gene588,cysJ,annotation&nbsp;not&nbsp;available,63.6
123899.JPQP01000003_gene1505,atpF,ATP&nbsp;synthase&nbsp;subunit&nbsp;b,63.5
123899.JPQP01000003_gene1289,argD,annotation&nbsp;not&nbsp;available,63.5
123899.JPQP01000023_gene2791,yajC,annotation&nbsp;not&nbsp;available,63.5
123899.JPQP01000019_gene2552,glpK,Glycerol&nbsp;kinase,63.4
123899.JPQP01000017_gene2321,ilvA_2,annotation&nbsp;not&nbsp;available,63.4
123899.JPQP01000021_gene3731,rpsC,30S&nbsp;ribosomal&nbsp;protein&nbsp;S3,63.3
123899.JPQP01000003_gene1504,atpE,ATP&nbsp;synthase&nbsp;subunit&nbsp;c,63.3
123899.JPQP01000003_gene1245,katG,Catalase-peroxidase,63.2
123899.JPQP01000023_gene2827,JPQP01000023_gene2827,annotation&nbsp;not&nbsp;available,63.1
123899.JPQP01000001_gene1794,gctB,annotation&nbsp;not&nbsp;available,63.0
123899.JPQP01000002_gene1197,gsiD_3,annotation&nbsp;not&nbsp;available,62.9
123899.JPQP01000002_gene1190,scoA_2,annotation&nbsp;not&nbsp;available,62.9
123899.JPQP01000003_gene1501,echA8_3,annotation&nbsp;not&nbsp;available,62.9
123899.JPQP01000002_gene891,ftsJ,Ribosomal&nbsp;RNA&nbsp;large&nbsp;subunit&nbsp;methyltransferase&nbsp;E,62.8
123899.JPQP01000020_gene1950,livH_6,annotation&nbsp;not&nbsp;available,62.8
123899.JPQP01000021_gene3728,rpsQ,30S&nbsp;ribosomal&nbsp;protein&nbsp;S17,62.8
123899.JPQP01000001_gene1812,devR,annotation&nbsp;not&nbsp;available,62.7
123899.JPQP01000001_gene1529,JPQP01000001_gene1529,annotation&nbsp;not&nbsp;available,62.7
123899.JPQP01000004_gene424,leuB,3-isopropylmalate&nbsp;dehydrogenase,62.7
123899.JPQP01000009_gene313,rplJ,50S&nbsp;ribosomal&nbsp;protein&nbsp;L10,62.3
123899.JPQP01000001_gene1528,phnX,Phosphonoacetaldehyde&nbsp;hydrolase,62.3
123899.JPQP01000017_gene2068,amaB_3,annotation&nbsp;not&nbsp;available,62.2
123899.JPQP01000020_gene1840,fucA_1,annotation&nbsp;not&nbsp;available,62.2
123899.JPQP01000018_gene245,glcD1,annotation&nbsp;not&nbsp;available,62.1
123899.JPQP01000001_gene1595,ptsI,Phosphoenolpyruvate-protein&nbsp;phosphotransferase,62.0
123899.JPQP01000003_gene1357,petC,annotation&nbsp;not&nbsp;available,62.0
123899.JPQP01000003_gene1265,azoB,annotation&nbsp;not&nbsp;available,61.9
123899.JPQP01000004_gene385,cysM_2,annotation&nbsp;not&nbsp;available,61.9
123899.JPQP01000017_gene2204,gst_3,annotation&nbsp;not&nbsp;available,61.9
123899.JPQP01000017_gene2387,bamA,Outer&nbsp;membrane&nbsp;protein&nbsp;assembly&nbsp;factor&nbsp;BamA,61.9
123899.JPQP01000002_gene1102,JPQP01000002_gene1102,Cell&nbsp;division&nbsp;protein&nbsp;ZipA,61.7
123899.JPQP01000002_gene873,dnaX,DNA&nbsp;polymerase&nbsp;III&nbsp;subunit&nbsp;gamma/tau,61.7
123899.JPQP01000004_gene629,ttgB,annotation&nbsp;not&nbsp;available,61.6
123899.JPQP01000005_gene291,JPQP01000005_gene291,annotation&nbsp;not&nbsp;available,61.6
123899.JPQP01000002_gene977,ghrB_2,annotation&nbsp;not&nbsp;available,61.6
123899.JPQP01000004_gene511,rpsP,annotation&nbsp;not&nbsp;available,61.6
123899.JPQP01000003_gene1485,adhT_1,annotation&nbsp;not&nbsp;available,61.5
123899.JPQP01000022_gene3357,fumC_1,annotation&nbsp;not&nbsp;available,61.5
123899.JPQP01000018_gene264,rplI,50S&nbsp;ribosomal&nbsp;protein&nbsp;L9,61.5
123899.JPQP01000021_gene3737,rplC,50S&nbsp;ribosomal&nbsp;protein&nbsp;L3,61.5
123899.JPQP01000019_gene2466,ldh,annotation&nbsp;not&nbsp;available,61.1
123899.JPQP01000017_gene2218,bvgA,annotation&nbsp;not&nbsp;available,61.1
123899.JPQP01000001_gene1593,manX,annotation&nbsp;not&nbsp;available,61.1
123899.JPQP01000019_gene2655,ribD,Riboflavin&nbsp;biosynthesis&nbsp;protein&nbsp;RibD,61.1
123899.JPQP01000021_gene3609,hslV,ATP-dependent&nbsp;protease&nbsp;subunit&nbsp;HslV,61.1
123899.JPQP01000001_gene1793,gctA,annotation&nbsp;not&nbsp;available,61.0
123899.JPQP01000022_gene3289,tdcB_1,annotation&nbsp;not&nbsp;available,61.0
123899.JPQP01000003_gene1392,JPQP01000003_gene1392,annotation&nbsp;not&nbsp;available,60.9
123899.JPQP01000001_gene1723,mmsA_3,annotation&nbsp;not&nbsp;available,60.9
123899.JPQP01000001_gene1677,pheA_1,annotation&nbsp;not&nbsp;available,60.9
123899.JPQP01000020_gene1981,bioC,Malonyl-[acyl-carrier&nbsp;protein]&nbsp;O-methyltransferase,60.9
123899.JPQP01000022_gene3397,JPQP01000022_gene3397,annotation&nbsp;not&nbsp;available,60.7
123899.JPQP01000001_gene1540,sucA,annotation&nbsp;not&nbsp;available,60.7
123899.JPQP01000019_gene2710,proA_1,annotation&nbsp;not&nbsp;available,60.6
123899.JPQP01000003_gene1242,JPQP01000003_gene1242,annotation&nbsp;not&nbsp;available,60.6
123899.JPQP01000003_gene1316,potA_1,annotation&nbsp;not&nbsp;available,60.6
123899.JPQP01000023_gene2785,JPQP01000023_gene2785,annotation&nbsp;not&nbsp;available,60.5
123899.JPQP01000021_gene3710,rpmD,annotation&nbsp;not&nbsp;available,60.5
123899.JPQP01000023_gene3061,ftsY,Signal&nbsp;recognition&nbsp;particle&nbsp;receptor&nbsp;FtsY,60.5
123899.JPQP01000019_gene2580,argJ,Arginine&nbsp;biosynthesis&nbsp;bifunctional&nbsp;protein&nbsp;ArgJ,60.5
123899.JPQP01000002_gene980,camA,annotation&nbsp;not&nbsp;available,60.4
123899.JPQP01000023_gene2866,ilvE_2,annotation&nbsp;not&nbsp;available,60.4
123899.JPQP01000003_gene1369,hisF,Imidazole&nbsp;glycerol&nbsp;phosphate&nbsp;synthase&nbsp;subunit&nbsp;HisF,60.2
123899.JPQP01000021_gene3707,rpsM,30S&nbsp;ribosomal&nbsp;protein&nbsp;S13,60.2
123899.JPQP01000018_gene252,fbp,annotation&nbsp;not&nbsp;available,60.1
123899.JPQP01000004_gene432,JPQP01000004_gene432,annotation&nbsp;not&nbsp;available,60.1
123899.JPQP01000004_gene491,rpsU,annotation&nbsp;not&nbsp;available,60.1
123899.JPQP01000020_gene1996,yvdD_1,annotation&nbsp;not&nbsp;available,60.1
123899.JPQP01000022_gene3338,dnaK,Chaperone&nbsp;protein&nbsp;DnaK,59.9
123899.JPQP01000021_gene3716,rplE,50S&nbsp;ribosomal&nbsp;protein&nbsp;L5,59.9
123899.JPQP01000002_gene1106,tcyA,annotation&nbsp;not&nbsp;available,59.9
123899.JPQP01000001_gene1696,uvrD_2,annotation&nbsp;not&nbsp;available,59.8
123899.JPQP01000023_gene3124,bipA_1,annotation&nbsp;not&nbsp;available,59.8
123899.JPQP01000004_gene641,sodC,Superoxide&nbsp;dismutase&nbsp;[Cu-Zn],59.6
123899.JPQP01000017_gene2113,xthA,annotation&nbsp;not&nbsp;available,59.6
123899.JPQP01000020_gene1973,gpmA,"2,3-bisphosphoglycerate-dependent&nbsp;phosphoglycerate&nbsp;mutase",59.6
123899.JPQP01000002_gene1229,sdhA,annotation&nbsp;not&nbsp;available,59.6
123899.JPQP01000002_gene1095,ahpC,annotation&nbsp;not&nbsp;available,59.5
123899.JPQP01000023_gene3248,htpG,Chaperone&nbsp;protein&nbsp;HtpG,59.5
123899.JPQP01000021_gene3680,fadA2,annotation&nbsp;not&nbsp;available,59.5
123899.JPQP01000019_gene2644,rplM,50S&nbsp;ribosomal&nbsp;protein&nbsp;L13,59.5
123899.JPQP01000001_gene1759,fucA_3,annotation&nbsp;not&nbsp;available,59.5
123899.JPQP01000003_gene1402,gltD,annotation&nbsp;not&nbsp;available,59.4
123899.JPQP01000004_gene411,yhdH_2,annotation&nbsp;not&nbsp;available,59.4
123899.JPQP01000018_gene118,hmp,Flavohemoprotein,59.4
123899.JPQP01000003_gene1414,JPQP01000003_gene1414,annotation&nbsp;not&nbsp;available,59.4
123899.JPQP01000017_gene2092,amaB_4,annotation&nbsp;not&nbsp;available,59.4
123899.JPQP01000021_gene3712,rplR,50S&nbsp;ribosomal&nbsp;protein&nbsp;L18,59.3
123899.JPQP01000003_gene1282,topB,annotation&nbsp;not&nbsp;available,59.3
123899.JPQP01000021_gene3621,JPQP01000021_gene3621,annotation&nbsp;not&nbsp;available,59.2
123899.JPQP01000001_gene1688,gatA_9,annotation&nbsp;not&nbsp;available,59.1
123899.JPQP01000017_gene2155,spoT,"Guanosine-3',5'-bis(Diphosphate)&nbsp;3'-pyrophosphohydrolase",59.1
123899.JPQP01000002_gene1162,rnc,Ribonuclease&nbsp;3,59.1
123899.JPQP01000002_gene813,bhuU_2,annotation&nbsp;not&nbsp;available,59.1
123899.JPQP01000004_gene337,phoU,Phosphate-specific&nbsp;transport&nbsp;system&nbsp;accessory&nbsp;protein&nbsp;PhoU,59.1
123899.JPQP01000022_gene3295,ilvC,Ketol-acid&nbsp;reductoisomerase&nbsp;(NADP(+)),59.1
123899.JPQP01000023_gene3068,JPQP01000023_gene3068,annotation&nbsp;not&nbsp;available,59.0
123899.JPQP01000021_gene3733,rpsS,30S&nbsp;ribosomal&nbsp;protein&nbsp;S19,59.0
123899.JPQP01000002_gene845,cbbA,annotation&nbsp;not&nbsp;available,59.0
123899.JPQP01000021_gene3708,secY,Protein&nbsp;translocase&nbsp;subunit&nbsp;SecY,59.0
123899.JPQP01000018_gene115,dnaE2,Error-prone&nbsp;DNA&nbsp;polymerase,59.0
123899.JPQP01000023_gene2822,cyoC,annotation&nbsp;not&nbsp;available,59.0
123899.JPQP01000020_gene1908,prfA,Peptide&nbsp;chain&nbsp;release&nbsp;factor&nbsp;1,58.8
123899.JPQP01000003_gene1464,bhuT,annotation&nbsp;not&nbsp;available,58.7
123899.JPQP01000004_gene346,potF_2,Putrescine-binding&nbsp;periplasmic&nbsp;protein,58.7
123899.JPQP01000020_gene2021,JPQP01000020_gene2021,annotation&nbsp;not&nbsp;available,58.7
123899.JPQP01000018_gene25,cheA,annotation&nbsp;not&nbsp;available,58.5
123899.JPQP01000023_gene3134,JPQP01000023_gene3134,annotation&nbsp;not&nbsp;available,58.5
123899.JPQP01000019_gene2455,gdhA_1,annotation&nbsp;not&nbsp;available,58.4
123899.JPQP01000003_gene1264,ribB_1,"3,4-dihydroxy-2-butanone&nbsp;4-phosphate&nbsp;synthase",58.4
123899.JPQP01000019_gene2534,metH,annotation&nbsp;not&nbsp;available,58.3
123899.JPQP01000021_gene3730,rplP,50S&nbsp;ribosomal&nbsp;protein&nbsp;L16,58.3
123899.JPQP01000001_gene1617,JPQP01000001_gene1617,annotation&nbsp;not&nbsp;available,58.2
123899.JPQP01000003_gene1503,atpB,ATP&nbsp;synthase&nbsp;subunit&nbsp;a,58.2
123899.JPQP01000001_gene1758,JPQP01000001_gene1758,annotation&nbsp;not&nbsp;available,58.2
123899.JPQP01000022_gene3272,metQ_1,annotation&nbsp;not&nbsp;available,58.2
123899.JPQP01000020_gene1953,livF_5,annotation&nbsp;not&nbsp;available,58.0
123899.JPQP01000004_gene635,modC,annotation&nbsp;not&nbsp;available,58.0
123899.JPQP01000019_gene2619,accB_1,Biotin&nbsp;carboxyl&nbsp;carrier&nbsp;protein&nbsp;of&nbsp;acetyl-CoA&nbsp;carboxylase,58.0
123899.JPQP01000023_gene3214,JPQP01000023_gene3214,annotation&nbsp;not&nbsp;available,58.0
123899.JPQP01000004_gene494,hisZ,ATP&nbsp;phosphoribosyltransferase&nbsp;regulatory&nbsp;subunit,57.9
123899.JPQP01000006_gene748,phbB,annotation&nbsp;not&nbsp;available,57.9
123899.JPQP01000003_gene1321,gatA_3,annotation&nbsp;not&nbsp;available,57.8
123899.JPQP01000002_gene931,echA8_8,annotation&nbsp;not&nbsp;available,57.8
123899.JPQP01000017_gene2178,livF_10,annotation&nbsp;not&nbsp;available,57.8
123899.JPQP01000017_gene2399,purF,Amidophosphoribosyltransferase,57.7
123899.JPQP01000002_gene1091,ispD,2-C-methyl-D-erythritol&nbsp;4-phosphate&nbsp;cytidylyltransferase,57.6
123899.JPQP01000003_gene1364,JPQP01000003_gene1364,annotation&nbsp;not&nbsp;available,57.6
123899.JPQP01000018_gene181,paaJ,annotation&nbsp;not&nbsp;available,57.6
123899.JPQP01000002_gene882,carB,annotation&nbsp;not&nbsp;available,57.5
123899.JPQP01000002_gene1075,nuoB,NADH-quinone&nbsp;oxidoreductase&nbsp;subunit&nbsp;B,57.5
123899.JPQP01000019_gene2679,ilvG_1,annotation&nbsp;not&nbsp;available,57.5
123899.JPQP01000001_gene1634,dapC,annotation&nbsp;not&nbsp;available,57.4
123899.JPQP01000002_gene1172,mmsA_2,annotation&nbsp;not&nbsp;available,57.4
123899.JPQP01000023_gene2950,ggt_2,annotation&nbsp;not&nbsp;available,57.3
123899.JPQP01000002_gene934,echA8_9,annotation&nbsp;not&nbsp;available,57.2
123899.JPQP01000019_gene2584,braC_1,annotation&nbsp;not&nbsp;available,57.2
123899.JPQP01000001_gene1658,hscA,Chaperone&nbsp;protein&nbsp;HscA&nbsp;homolog,57.1
123899.JPQP01000022_gene3574,pyrC,Dihydroorotase,57.1
123899.JPQP01000023_gene3109,wbpS,annotation&nbsp;not&nbsp;available,57.0
123899.JPQP01000001_gene1589,rcsB_2,annotation&nbsp;not&nbsp;available,57.0
123899.JPQP01000023_gene3006,yeaP,annotation&nbsp;not&nbsp;available,57.0
123899.JPQP01000022_gene3296,ilvH,annotation&nbsp;not&nbsp;available,56.9
123899.JPQP01000001_gene1813,JPQP01000001_gene1813,annotation&nbsp;not&nbsp;available,56.9
123899.JPQP01000019_gene2498,ilvA,L-threonine&nbsp;dehydratase,56.9
123899.JPQP01000002_gene923,gatA_8,annotation&nbsp;not&nbsp;available,56.9
123899.JPQP01000020_gene1895,catJ,annotation&nbsp;not&nbsp;available,56.9
123899.JPQP01000003_gene1312,ugpA_1,annotation&nbsp;not&nbsp;available,56.9
123899.JPQP01000002_gene1158,rseB,annotation&nbsp;not&nbsp;available,56.8
123899.JPQP01000018_gene255,hom,annotation&nbsp;not&nbsp;available,56.7
123899.JPQP01000004_gene634,modE,annotation&nbsp;not&nbsp;available,56.7
123899.JPQP01000015_gene687,maeB2,annotation&nbsp;not&nbsp;available,56.7
123899.JPQP01000018_gene56,ggt_5,annotation&nbsp;not&nbsp;available,56.6
123899.JPQP01000004_gene566,rpmE2,annotation&nbsp;not&nbsp;available,56.6
123899.JPQP01000002_gene843,JPQP01000002_gene843,annotation&nbsp;not&nbsp;available,56.6
123899.JPQP01000023_gene3038,groL,60&nbsp;kDa&nbsp;chaperonin,56.5
123899.JPQP01000001_gene1542,odhL,annotation&nbsp;not&nbsp;available,56.5
123899.JPQP01000004_gene335,argA,annotation&nbsp;not&nbsp;available,56.5
123899.JPQP01000023_gene2871,acoD,annotation&nbsp;not&nbsp;available,56.5
123899.JPQP01000003_gene1362,degQ,annotation&nbsp;not&nbsp;available,56.3
123899.JPQP01000009_gene302,rpsG,30S&nbsp;ribosomal&nbsp;protein&nbsp;S7,56.3
123899.JPQP01000004_gene663,rpmG,annotation&nbsp;not&nbsp;available,56.2
123899.JPQP01000002_gene1142,JPQP01000002_gene1142,annotation&nbsp;not&nbsp;available,56.1
123899.JPQP01000018_gene161,rpmI,annotation&nbsp;not&nbsp;available,56.1
123899.JPQP01000018_gene101,yaeJ,annotation&nbsp;not&nbsp;available,56.0
123899.JPQP01000002_gene1216,metP,annotation&nbsp;not&nbsp;available,56.0
123899.JPQP01000021_gene3726,livH_3,annotation&nbsp;not&nbsp;available,55.9
123899.JPQP01000019_gene2677,acxB,annotation&nbsp;not&nbsp;available,55.8
123899.JPQP01000019_gene2668,adiA_1,annotation&nbsp;not&nbsp;available,55.7
123899.JPQP01000003_gene1405,adhC,annotation&nbsp;not&nbsp;available,55.7
123899.JPQP01000002_gene897,ppk,Polyphosphate&nbsp;kinase,55.7
123899.JPQP01000019_gene2585,livH_1,annotation&nbsp;not&nbsp;available,55.6
123899.JPQP01000002_gene974,ilvD4,annotation&nbsp;not&nbsp;available,55.6
123899.JPQP01000019_gene2756,basR_1,annotation&nbsp;not&nbsp;available,55.4
123899.JPQP01000003_gene1252,gyrB,DNA&nbsp;gyrase&nbsp;subunit&nbsp;B,55.4
123899.JPQP01000002_gene1154,acpP,Acyl&nbsp;carrier&nbsp;protein,55.4
123899.JPQP01000003_gene1403,aspB,annotation&nbsp;not&nbsp;available,55.3
123899.JPQP01000019_gene2442,dcaH,annotation&nbsp;not&nbsp;available,55.3
123899.JPQP01000018_gene211,tonB,Protein&nbsp;TonB,55.3
123899.JPQP01000001_gene1647,dmsA,annotation&nbsp;not&nbsp;available,55.2
123899.JPQP01000002_gene1009,prpB_1,2-methylisocitrate&nbsp;lyase,55.2
123899.JPQP01000022_gene3282,secG,annotation&nbsp;not&nbsp;available,55.1
123899.JPQP01000020_gene1999,fmt,Methionyl-tRNA&nbsp;formyltransferase,55.1
123899.JPQP01000019_gene2728,rnhA,Ribonuclease&nbsp;H,55.0
123899.JPQP01000001_gene1580,ydaM_3,annotation&nbsp;not&nbsp;available,55.0
123899.JPQP01000003_gene1359,petA,Ubiquinol-cytochrome&nbsp;c&nbsp;reductase&nbsp;iron-sulfur&nbsp;subunit,54.9
123899.JPQP01000023_gene2823,cyoB,annotation&nbsp;not&nbsp;available,54.9
123899.JPQP01000004_gene371,engC,Small&nbsp;ribosomal&nbsp;subunit&nbsp;biogenesis&nbsp;GTPase&nbsp;RsgA,54.9
123899.JPQP01000019_gene2495,apt,Adenine&nbsp;phosphoribosyltransferase,54.8
123899.JPQP01000020_gene1890,paaH,annotation&nbsp;not&nbsp;available,54.8
123899.JPQP01000020_gene1827,JPQP01000020_gene1827,annotation&nbsp;not&nbsp;available,54.8
123899.JPQP01000017_gene2260,metQ_6,annotation&nbsp;not&nbsp;available,54.7
123899.JPQP01000004_gene503,hisS,annotation&nbsp;not&nbsp;available,54.6
123899.JPQP01000002_gene1195,gsiB_6,annotation&nbsp;not&nbsp;available,54.5
123899.JPQP01000017_gene2323,JPQP01000017_gene2323,annotation&nbsp;not&nbsp;available,54.5
123899.JPQP01000021_gene3614,lipB,Octanoyltransferase,54.4
123899.JPQP01000009_gene307,phoR_2,annotation&nbsp;not&nbsp;available,54.4
123899.JPQP01000021_gene3717,rplX,50S&nbsp;ribosomal&nbsp;protein&nbsp;L24,54.2
123899.JPQP01000002_gene1169,lptF,annotation&nbsp;not&nbsp;available,54.2
123899.JPQP01000005_gene294,norB,annotation&nbsp;not&nbsp;available,54.2
123899.JPQP01000022_gene3314,hmgL,annotation&nbsp;not&nbsp;available,54.1
123899.JPQP01000006_gene750,phbA,annotation&nbsp;not&nbsp;available,54.1
123899.JPQP01000004_gene671,holA,annotation&nbsp;not&nbsp;available,54.1
123899.JPQP01000003_gene1384,mlaF,annotation&nbsp;not&nbsp;available,54.0
123899.JPQP01000021_gene3705,rpsD,30S&nbsp;ribosomal&nbsp;protein&nbsp;S4,53.9
123899.JPQP01000001_gene1594,phbH,annotation&nbsp;not&nbsp;available,53.9
123899.JPQP01000002_gene902,pstB,Phosphate&nbsp;import&nbsp;ATP-binding&nbsp;protein&nbsp;PstB,53.8
123899.JPQP01000022_gene3402,envZ_2,annotation&nbsp;not&nbsp;available,53.8
123899.JPQP01000017_gene2365,holB,annotation&nbsp;not&nbsp;available,53.8
123899.JPQP01000003_gene1456,ada,annotation&nbsp;not&nbsp;available,53.8
123899.JPQP01000018_gene234,sspA,annotation&nbsp;not&nbsp;available,53.8
123899.JPQP01000004_gene397,pheA_2,annotation&nbsp;not&nbsp;available,53.7
123899.JPQP01000004_gene454,ppa,Inorganic&nbsp;pyrophosphatase,53.7
123899.JPQP01000017_gene2084,hemF,Oxygen-dependent&nbsp;coproporphyrinogen-III&nbsp;oxidase,53.5
123899.JPQP01000021_gene3656,hisH_2,Imidazole&nbsp;glycerol&nbsp;phosphate&nbsp;synthase&nbsp;subunit&nbsp;HisH,53.5
123899.JPQP01000019_gene2583,JPQP01000019_gene2583,annotation&nbsp;not&nbsp;available,53.4
123899.JPQP01000022_gene3322,JPQP01000022_gene3322,annotation&nbsp;not&nbsp;available,53.4
123899.JPQP01000003_gene1370,hisA,annotation&nbsp;not&nbsp;available,53.4
123899.JPQP01000021_gene3732,rplV,50S&nbsp;ribosomal&nbsp;protein&nbsp;L22,53.4
123899.JPQP01000023_gene2920,bisC,annotation&nbsp;not&nbsp;available,53.4
123899.JPQP01000001_gene1694,guaA,GMP&nbsp;synthase&nbsp;[glutamine-hydrolyzing],53.3
123899.JPQP01000022_gene3372,pyrD,Dihydroorotate&nbsp;dehydrogenase&nbsp;(quinone),53.3
123899.JPQP01000019_gene2516,fabH_1,annotation&nbsp;not&nbsp;available,53.2
123899.JPQP01000002_gene961,cbbbC,annotation&nbsp;not&nbsp;available,53.2
123899.JPQP01000022_gene3570,ftsL,Cell&nbsp;division&nbsp;protein&nbsp;FtsL,53.2
123899.JPQP01000022_gene3462,pcnB,Poly(A)&nbsp;polymerase&nbsp;I,53.1
123899.JPQP01000003_gene1474,JPQP01000003_gene1474,annotation&nbsp;not&nbsp;available,53.1
123899.JPQP01000003_gene1233,JPQP01000003_gene1233,annotation&nbsp;not&nbsp;available,53.1
123899.JPQP01000023_gene2841,add,Adenine&nbsp;deaminase,53.1
123899.JPQP01000023_gene3060,yfcG,annotation&nbsp;not&nbsp;available,53.0
123899.JPQP01000004_gene421,truA,tRNA&nbsp;pseudouridine&nbsp;synthase&nbsp;A,53.0
123899.JPQP01000023_gene2927,gabD_3,annotation&nbsp;not&nbsp;available,53.0
123899.JPQP01000002_gene1129,fdxA,Ferredoxin,53.0
123899.JPQP01000022_gene3542,fadD_2,annotation&nbsp;not&nbsp;available,52.9
123899.JPQP01000022_gene3536,metQ_2,annotation&nbsp;not&nbsp;available,52.9
123899.JPQP01000018_gene46,acrA_4,annotation&nbsp;not&nbsp;available,52.9
123899.JPQP01000022_gene3434,macA,annotation&nbsp;not&nbsp;available,52.8
123899.JPQP01000002_gene847,purE,N5-carboxyaminoimidazole&nbsp;ribonucleotide&nbsp;mutase,52.8
123899.JPQP01000003_gene1489,trpE,annotation&nbsp;not&nbsp;available,52.8
123899.JPQP01000004_gene534,parC,DNA&nbsp;topoisomerase&nbsp;4&nbsp;subunit&nbsp;A,52.7
123899.JPQP01000002_gene1203,eno,Enolase,52.6
123899.JPQP01000003_gene1477,fdnI,annotation&nbsp;not&nbsp;available,52.6
123899.JPQP01000020_gene1889,ppc,Phosphoenolpyruvate&nbsp;carboxylase,52.6
123899.JPQP01000003_gene1512,hemE,Uroporphyrinogen&nbsp;decarboxylase,52.6
123899.JPQP01000022_gene3483,caiD_1,annotation&nbsp;not&nbsp;available,52.6
123899.JPQP01000019_gene2725,mltD,annotation&nbsp;not&nbsp;available,52.6
123899.JPQP01000017_gene2424,aer,annotation&nbsp;not&nbsp;available,52.5
123899.JPQP01000018_gene265,rpsR,30S&nbsp;ribosomal&nbsp;protein&nbsp;S18,52.4
123899.JPQP01000004_gene429,aroC,Chorismate&nbsp;synthase,52.4
123899.JPQP01000023_gene3064,fdx_1,annotation&nbsp;not&nbsp;available,52.4
123899.JPQP01000002_gene880,tal,Transaldolase,52.3
123899.JPQP01000021_gene3734,rplB,50S&nbsp;ribosomal&nbsp;protein&nbsp;L2,52.3
123899.JPQP01000002_gene1079,nuoF,NADH-quinone&nbsp;oxidoreductase&nbsp;subunit&nbsp;F,52.1
123899.JPQP01000002_gene1149,rpmF,annotation&nbsp;not&nbsp;available,52.0
123899.JPQP01000018_gene35,aceF_1,annotation&nbsp;not&nbsp;available,52.0
123899.JPQP01000002_gene805,gap,annotation&nbsp;not&nbsp;available,51.9
123899.JPQP01000021_gene3723,braC_2,annotation&nbsp;not&nbsp;available,51.9
123899.JPQP01000003_gene1342,gatA_2,annotation&nbsp;not&nbsp;available,51.9
123899.JPQP01000022_gene3399,recQ,annotation&nbsp;not&nbsp;available,51.9
123899.JPQP01000018_gene34,lpdA,annotation&nbsp;not&nbsp;available,51.8
123899.JPQP01000004_gene606,gmr,annotation&nbsp;not&nbsp;available,51.7
123899.JPQP01000004_gene498,hfq,RNA-binding&nbsp;protein&nbsp;Hfq,51.6
123899.JPQP01000004_gene490,dnaG,DNA&nbsp;primase,51.6
123899.JPQP01000004_gene456,hemX,annotation&nbsp;not&nbsp;available,51.6
123899.JPQP01000017_gene2336,ybhF_2,annotation&nbsp;not&nbsp;available,51.6
123899.JPQP01000022_gene3554,secA2,Protein&nbsp;translocase&nbsp;subunit&nbsp;SecA,51.6
123899.JPQP01000004_gene538,rho,Transcription&nbsp;termination&nbsp;factor&nbsp;Rho,51.6
123899.JPQP01000003_gene1374,hisD_2,Histidinol&nbsp;dehydrogenase,51.6
123899.JPQP01000003_gene1380,mlaC,annotation&nbsp;not&nbsp;available,51.6
123899.JPQP01000004_gene507,ndk,Nucleoside&nbsp;diphosphate&nbsp;kinase,51.5
123899.JPQP01000023_gene3086,prs,Ribose-phosphate&nbsp;pyrophosphokinase,51.4
123899.JPQP01000023_gene3000,JPQP01000023_gene3000,annotation&nbsp;not&nbsp;available,51.3
123899.JPQP01000001_gene1699,ssuE,annotation&nbsp;not&nbsp;available,51.3
123899.JPQP01000019_gene2678,acxA,annotation&nbsp;not&nbsp;available,51.2
123899.JPQP01000019_gene2471,metQ_3,annotation&nbsp;not&nbsp;available,51.2
123899.JPQP01000002_gene989,lctD_3,annotation&nbsp;not&nbsp;available,51.2
123899.JPQP01000019_gene2586,JPQP01000019_gene2586,annotation&nbsp;not&nbsp;available,51.1
123899.JPQP01000023_gene3152,fadB,annotation&nbsp;not&nbsp;available,51.1
123899.JPQP01000004_gene347,kdkA,3-deoxy-D-manno-octulosonic&nbsp;acid&nbsp;kinase,51.1
123899.JPQP01000017_gene2305,JPQP01000017_gene2305,annotation&nbsp;not&nbsp;available,51.1
123899.JPQP01000004_gene363,paaD,annotation&nbsp;not&nbsp;available,51.0
123899.JPQP01000002_gene841,ggt_4,annotation&nbsp;not&nbsp;available,51.0
