232721.Ajs_1763,Ajs_1763,Cytokinin&nbsp;riboside&nbsp;5'-monophosphate&nbsp;phosphoribohydrolase,98.9
232721.Ajs_1967,dnaE2,Error-prone&nbsp;DNA&nbsp;polymerase,98.8
232721.Ajs_1684,Ajs_1684,PFAM:&nbsp;Enoyl-CoA&nbsp;hydratase/isomerase,98.8
232721.Ajs_3138,rpoD,RNA&nbsp;polymerase&nbsp;sigma&nbsp;factor&nbsp;RpoD,98.7
232721.Ajs_4008,Ajs_4008,PFAM:&nbsp;pyruvate&nbsp;ferredoxin/flavodoxin&nbsp;oxidoreductase,98.5
232721.Ajs_3126,modC,Molybdenum&nbsp;import&nbsp;ATP-binding&nbsp;protein&nbsp;ModC,98.5
232721.Ajs_3056,Ajs_3056,PFAM:&nbsp;lipid&nbsp;A&nbsp;biosynthesis&nbsp;acyltransferase,98.5
232721.Ajs_0404,rpsK,30S&nbsp;ribosomal&nbsp;protein&nbsp;S11,98.4
232721.Ajs_2294,glnD,Bifunctional&nbsp;uridylyltransferase/uridylyl-removing&nbsp;enzyme,98.3
232721.Ajs_2125,Ajs_2125,Pyruvate&nbsp;dehydrogenase&nbsp;E1&nbsp;component,98.3
232721.Ajs_2074,Ajs_2074,"TIGRFAM:&nbsp;poly(R)-hydroxyalkanoic&nbsp;acid&nbsp;synthase,&nbsp;class&nbsp;I",98.2
232721.Ajs_4138,mnmE,tRNA&nbsp;modification&nbsp;GTPase&nbsp;MnmE,98.2
232721.Ajs_3528,Ajs_3528,PFAM:&nbsp;cytochrome&nbsp;oxidase&nbsp;assembly,98.1
232721.Ajs_4106,Ajs_4106,PFAM:&nbsp;phosphate&nbsp;acetyl/butaryl&nbsp;transferase,98.1
232721.Ajs_3607,Ajs_3607,"KEGG:&nbsp;neu:NE2526&nbsp;restriction&nbsp;modification&nbsp;system,&nbsp;type&nbsp;I",98.1
232721.Ajs_3502,secB,Protein-export&nbsp;protein&nbsp;SecB,98.1
232721.Ajs_3858,Ajs_3858,KEGG:&nbsp;sus:Acid_5487&nbsp;O-acetylhomoserine/O-acetylserine&nbsp;sulfhydrylase,98.1
232721.Ajs_3273,Ajs_3273,PFAM:&nbsp;Anti&nbsp;sigma-E&nbsp;protein&nbsp;RseA&nbsp;family&nbsp;protein,98.1
232721.Ajs_2088,Ajs_2088,KEGG:&nbsp;rfr:Rfer_3250&nbsp;diguanylate&nbsp;cyclase/phosphodiesterase&nbsp;with&nbsp;PAS/PAC&nbsp;and&nbsp;CHASE&nbsp;sensor(s),98.1
232721.Ajs_2442,Ajs_2442,3-oxoacyl-[acyl-carrier-protein]&nbsp;synthase&nbsp;2,98.0
232721.Ajs_4146,gyrB,DNA&nbsp;gyrase&nbsp;subunit&nbsp;B,98.0
232721.Ajs_3901,rplK,50S&nbsp;ribosomal&nbsp;protein&nbsp;L11,97.9
232721.Ajs_2753,plsY,Glycerol-3-phosphate&nbsp;acyltransferase,97.7
232721.Ajs_3091,Ajs_3091,PFAM:&nbsp;Rieske&nbsp;[2Fe-2S]&nbsp;domain&nbsp;protein,97.6
232721.Ajs_1831,clpS,ATP-dependent&nbsp;Clp&nbsp;protease&nbsp;adapter&nbsp;protein&nbsp;ClpS,97.6
232721.Ajs_4112,lptD,LPS-assembly&nbsp;protein&nbsp;LptD,97.6
232721.Ajs_0302,atpB,ATP&nbsp;synthase&nbsp;subunit&nbsp;a,97.5
232721.Ajs_0797,argJ,Arginine&nbsp;biosynthesis&nbsp;bifunctional&nbsp;protein&nbsp;ArgJ,97.5
232721.Ajs_0441,Ajs_0441,Carbonic&nbsp;anhydrase,97.4
232721.Ajs_4094,Ajs_4094,Polyamine&nbsp;aminopropyltransferase,97.3
232721.Ajs_3886,Ajs_3886,D-amino-acid&nbsp;dehydrogenase,97.3
232721.Ajs_3566,Ajs_3566,PFAM:&nbsp;ABC&nbsp;transporter&nbsp;related,97.2
232721.Ajs_3129,Ajs_3129,PFAM:&nbsp;binding-protein-dependent&nbsp;transport&nbsp;systems&nbsp;inner&nbsp;membrane&nbsp;component,97.2
232721.Ajs_3180,Ajs_3180,Cobalamin&nbsp;biosynthesis&nbsp;protein&nbsp;CobD,97.2
232721.Ajs_0368,Ajs_0368,"Anthranilate&nbsp;synthase,&nbsp;component&nbsp;II",97.1
232721.Ajs_3124,Ajs_3124,"TIGRFAM:&nbsp;molybdenum&nbsp;ABC&nbsp;transporter,&nbsp;periplasmic&nbsp;molybdate-binding&nbsp;protein",97.1
232721.Ajs_0878,Ajs_0878,Cardiolipin&nbsp;synthase&nbsp;B,97.1
232721.Ajs_3658,ruvC,Crossover&nbsp;junction&nbsp;endodeoxyribonuclease&nbsp;RuvC,97.1
232721.Ajs_2399,infC,Translation&nbsp;initiation&nbsp;factor&nbsp;IF-3,97.1
232721.Ajs_2335,cysA,Sulfate/thiosulfate&nbsp;import&nbsp;ATP-binding&nbsp;protein&nbsp;CysA,96.9
232721.Ajs_3384,rpmB,PFAM:&nbsp;ribosomal&nbsp;protein&nbsp;L28,96.9
232721.Ajs_0753,Ajs_0753,KEGG:&nbsp;rfr:Rfer_2940&nbsp;sulfate&nbsp;transporter/antisigma-factor&nbsp;antagonist&nbsp;STAS,96.9
232721.Ajs_2081,Ajs_2081,"PFAM:&nbsp;glycosyl&nbsp;transferase,&nbsp;family&nbsp;51",96.9
232721.Ajs_2042,Ajs_2042,Propionyl-CoA&nbsp;carboxylase&nbsp;carboxyltransferase&nbsp;subunit,96.9
232721.Ajs_2005,Ajs_2005,KEGG:&nbsp;pol:Bpro_2471&nbsp;3-hydroxyisobutyrate&nbsp;dehydrogenase,96.8
232721.Ajs_0752,Ajs_0752,PFAM:&nbsp;toluene&nbsp;tolerance&nbsp;family&nbsp;protein,96.8
232721.Ajs_3677,ftsL,Cell&nbsp;division&nbsp;protein&nbsp;FtsL,96.8
232721.Ajs_3093,Ajs_3093,"PFAM:&nbsp;aromatic-ring-hydroxylating&nbsp;dioxygenase,&nbsp;beta&nbsp;subunit",96.7
232721.Ajs_1102,Ajs_1102,"Cob(I)yrinic&nbsp;acid&nbsp;a,c-diamide&nbsp;adenosyltransferase",96.7
232721.Ajs_2674,ackA,Acetate&nbsp;kinase,96.7
232721.Ajs_3910,Ajs_3910,TIGRFAM:&nbsp;glutamate--cysteine&nbsp;ligase,96.6
232721.Ajs_2722,Ajs_2722,"PFAM:&nbsp;multicopper&nbsp;oxidase,&nbsp;type&nbsp;2",96.5
232721.Ajs_0403,rpsM,30S&nbsp;ribosomal&nbsp;protein&nbsp;S13,96.5
232721.Ajs_2286,Ajs_2286,KEGG:&nbsp;reu:Reut_B4968&nbsp;O-acetylhomoserine/O-acetylserine&nbsp;sulfhydrylase,96.5
232721.Ajs_1162,Ajs_1162,Peptidase&nbsp;M23B,96.5
232721.Ajs_0223,Ajs_0223,Acetaldehyde&nbsp;dehydrogenase,96.4
232721.Ajs_3413,Ajs_3413,PFAM:&nbsp;type&nbsp;II&nbsp;secretion&nbsp;system&nbsp;protein&nbsp;E,96.3
232721.Ajs_3153,Ajs_3153,"Two&nbsp;component&nbsp;transcriptional&nbsp;regulator,&nbsp;winged&nbsp;helix&nbsp;family",96.2
232721.Ajs_1680,Ajs_1680,"Amino&nbsp;acid/amide&nbsp;ABC&nbsp;transporter&nbsp;membrane&nbsp;protein&nbsp;1,&nbsp;HAAT&nbsp;family",96.2
232721.Ajs_0582,Ajs_0582,"KEGG:&nbsp;cch:Cag_0740&nbsp;type&nbsp;I&nbsp;secretion&nbsp;system&nbsp;ATPase,&nbsp;PrtD",96.1
232721.Ajs_3281,plsX,Phosphate&nbsp;acyltransferase,96.1
232721.Ajs_4111,surA,Chaperone&nbsp;SurA,96.1
232721.Ajs_1084,Ajs_1084,"TIGRFAM:&nbsp;cytochrome&nbsp;c&nbsp;oxidase,&nbsp;cbb3-type,&nbsp;subunit&nbsp;I",96.1
232721.Ajs_0466,Ajs_0466,"Amino&nbsp;acid/amide&nbsp;ABC&nbsp;transporter&nbsp;substrate-binding&nbsp;protein,&nbsp;HAAT&nbsp;family",96.1
232721.Ajs_0083,Ajs_0083,Methionine&nbsp;synthase&nbsp;(B12-dependent),96.0
232721.Ajs_0439,Ajs_0439,"TIGRFAM:&nbsp;respiratory&nbsp;nitrate&nbsp;reductase,&nbsp;gamma&nbsp;subunit",96.0
232721.Ajs_3549,Ajs_3549,"KEGG:&nbsp;pol:Bpro_1230&nbsp;3-oxoacid&nbsp;CoA-transferase,&nbsp;subunit&nbsp;B",96.0
232721.Ajs_3143,Ajs_3143,Hydroxymethylglutaryl-CoA&nbsp;lyase,96.0
232721.Ajs_3350,Ajs_3350,Cobalamin&nbsp;biosynthesis&nbsp;protein&nbsp;CobD,96.0
232721.Ajs_0746,Ajs_0746,Polyamine&nbsp;aminopropyltransferase,96.0
232721.Ajs_1899,purD,KEGG:&nbsp;pol:Bpro_1969&nbsp;phosphoribosylamine--glycine&nbsp;ligase,95.8
232721.Ajs_0386,Ajs_0386,"Carbohydrate&nbsp;ABC&nbsp;transporter&nbsp;membrane&nbsp;protein&nbsp;1,&nbsp;CUT1&nbsp;family",95.8
232721.Ajs_0393,rplE,50S&nbsp;ribosomal&nbsp;protein&nbsp;L5,95.8
232721.Ajs_4070,Ajs_4070,TIGRFAM:&nbsp;precorrin&nbsp;3B&nbsp;synthase&nbsp;CobZ,95.8
232721.Ajs_2234,Ajs_2234,PFAM:&nbsp;single-strand&nbsp;binding&nbsp;protein/Primosomal&nbsp;replication&nbsp;protein&nbsp;n,95.7
232721.Ajs_3305,Ajs_3305,"Carbohydrate&nbsp;ABC&nbsp;transporter&nbsp;membrane&nbsp;protein&nbsp;1,&nbsp;CUT1&nbsp;family",95.7
232721.Ajs_3945,Ajs_3945,PFAM:&nbsp;FAD-dependent&nbsp;pyridine&nbsp;nucleotide-disulphide&nbsp;oxidoreductase,95.6
232721.Ajs_1762,Ajs_1762,PFAM:&nbsp;nitrogen&nbsp;regulatory&nbsp;protein&nbsp;P-II,95.6
232721.Ajs_1996,Ajs_1996,"PFAM:&nbsp;Mandelate&nbsp;racemase/muconate&nbsp;lactonizing&nbsp;enzyme,&nbsp;C-terminal&nbsp;domain&nbsp;protein",95.6
232721.Ajs_3316,Ajs_3316,Carboxymethylenebutenolidase,95.5
232721.Ajs_3656,aroE,Shikimate&nbsp;dehydrogenase&nbsp;(NADP(+)),95.5
232721.Ajs_1718,Ajs_1718,KEGG:&nbsp;rfr:Rfer_2256&nbsp;DNA-directed&nbsp;DNA&nbsp;polymerase,95.5
232721.Ajs_3065,Ajs_3065,PFAM:&nbsp;permease&nbsp;YjgP/YjgQ&nbsp;family&nbsp;protein,95.5
232721.Ajs_1990,Ajs_1990,D-glucarate&nbsp;dehydratase,95.5
232721.Ajs_2429,Ajs_2429,KEGG:&nbsp;bur:Bcep18194_B1631&nbsp;hypothetical&nbsp;protein,95.4
232721.Ajs_0354,Ajs_0354,PFAM:&nbsp;CinA&nbsp;domain&nbsp;protein,95.3
232721.Ajs_1889,Ajs_1889,"PFAM:&nbsp;Alcohol&nbsp;dehydrogenase,&nbsp;zinc-binding&nbsp;domain&nbsp;protein",95.3
232721.Ajs_3808,Ajs_3808,TIGRFAM:&nbsp;flagellar&nbsp;hook-basal&nbsp;body&nbsp;complex&nbsp;subunit&nbsp;FliE,95.2
232721.Ajs_0774,Ajs_0774,TIGRFAM:&nbsp;UDP-glucose&nbsp;4-epimerase,95.2
232721.Ajs_0237,gatA,Glutamyl-tRNA(Gln)&nbsp;amidotransferase&nbsp;subunit&nbsp;A,95.2
232721.Ajs_3257,Ajs_3257,PFAM:&nbsp;ABC&nbsp;transporter&nbsp;related,95.2
232721.Ajs_0438,Ajs_0438,TIGRFAM:&nbsp;nitrate&nbsp;reductase&nbsp;molybdenum&nbsp;cofactor&nbsp;assembly&nbsp;chaperone,95.2
232721.Ajs_4104,Ajs_4104,TIGRFAM:&nbsp;methylmalonate-semialdehyde&nbsp;dehydrogenase,95.2
232721.Ajs_0284,rpsC,30S&nbsp;ribosomal&nbsp;protein&nbsp;S3,95.2
232721.Ajs_0432,Ajs_0432,Histidine&nbsp;kinase,95.1
232721.Ajs_2302,xseA,Exodeoxyribonuclease&nbsp;7&nbsp;large&nbsp;subunit,95.0
232721.Ajs_0160,Ajs_0160,"PFAM:&nbsp;histidine&nbsp;kinase,&nbsp;HAMP&nbsp;region&nbsp;domain&nbsp;protein",95.0
232721.Ajs_2396,pheS,"KEGG:&nbsp;pol:Bpro_2106&nbsp;phenylalanyl-tRNA&nbsp;synthetase,&nbsp;alpha&nbsp;subunit",94.9
232721.Ajs_1958,Ajs_1958,PFAM:&nbsp;Catalase&nbsp;domain&nbsp;protein,94.9
232721.Ajs_3832,Ajs_3832,TIGRFAM:&nbsp;flagellar&nbsp;basal-body&nbsp;rod&nbsp;protein&nbsp;FlgG,94.9
232721.Ajs_3422,Ajs_3422,PFAM:&nbsp;glycerophosphoryl&nbsp;diester&nbsp;phosphodiesterase,94.8
232721.Ajs_3681,hslV,ATP-dependent&nbsp;protease&nbsp;subunit&nbsp;HslV,94.8
232721.Ajs_3103,Ajs_3103,"PFAM:&nbsp;aldehyde&nbsp;oxidase&nbsp;and&nbsp;xanthine&nbsp;dehydrogenase,&nbsp;a/b&nbsp;hammerhead",94.7
232721.Ajs_0155,Ajs_0155,PFAM:&nbsp;inner-membrane&nbsp;translocator,94.7
232721.Ajs_0967,nuoK,NADH-quinone&nbsp;oxidoreductase&nbsp;subunit&nbsp;K,94.6
232721.Ajs_0730,Ajs_0730,TIGRFAM:&nbsp;type&nbsp;IV&nbsp;pilus&nbsp;assembly&nbsp;protein&nbsp;PilM,94.6
232721.Ajs_3635,Ajs_3635,PFAM:&nbsp;PfkB&nbsp;domain&nbsp;protein,94.6
232721.Ajs_0107,Ajs_0107,PFAM:&nbsp;Enoyl-CoA&nbsp;hydratase/isomerase,94.6
232721.Ajs_3940,Ajs_3940,"PFAM:&nbsp;peptidase&nbsp;M22,&nbsp;glycoprotease",94.6
232721.Ajs_1823,Ajs_1823,Dihydrolipoyllysine-residue&nbsp;succinyltransferase&nbsp;component&nbsp;of&nbsp;2-oxoglutarate&nbsp;dehydrogenase&nbsp;complex,94.5
232721.Ajs_0046,Ajs_0046,PFAM:&nbsp;acetyl-CoA&nbsp;hydrolase/transferase,94.5
232721.Ajs_2413,rlmD,23S&nbsp;rRNA&nbsp;(uracil(1939)-C(5))-methyltransferase&nbsp;RlmD,94.4
232721.Ajs_3464,Ajs_3464,PFAM:&nbsp;molybdopterin&nbsp;oxidoreductase,94.4
232721.Ajs_2778,Ajs_2778,PFAM:&nbsp;cytochrome&nbsp;C&nbsp;oxidase&nbsp;subunit&nbsp;IV,94.4
232721.Ajs_1071,Ajs_1071,KEGG:&nbsp;pol:Bpro_2052&nbsp;dihydroxy-acid&nbsp;dehydratase,94.4
232721.Ajs_0648,Ajs_0648,"PFAM:&nbsp;MCP&nbsp;methyltransferase,&nbsp;CheR-type",94.3
232721.Ajs_0796,secA,Protein&nbsp;translocase&nbsp;subunit&nbsp;SecA,94.3
232721.Ajs_0947,gmk,Guanylate&nbsp;kinase,94.3
232721.Ajs_3709,amn,AMP&nbsp;nucleosidase,94.3
232721.Ajs_3631,Ajs_3631,"PFAM:&nbsp;N-acetylmuramoyl-L-alanine&nbsp;amidase,&nbsp;family&nbsp;2",94.3
232721.Ajs_4001,recA,Protein&nbsp;RecA,94.3
232721.Ajs_3420,lolD,Lipoprotein-releasing&nbsp;system&nbsp;ATP-binding&nbsp;protein&nbsp;LolD,94.2
232721.Ajs_4056,pgk,PFAM:&nbsp;phosphoglycerate&nbsp;kinase,94.2
232721.Ajs_2310,lexA,LexA&nbsp;repressor,94.2
232721.Ajs_0433,Ajs_0433,"Two&nbsp;component&nbsp;transcriptional&nbsp;regulator,&nbsp;LuxR&nbsp;family",94.1
232721.Ajs_0851,prfA,Peptide&nbsp;chain&nbsp;release&nbsp;factor&nbsp;1,94.1
232721.Ajs_2789,Ajs_2789,PFAM:&nbsp;HpcH/HpaI&nbsp;aldolase,94.1
232721.Ajs_2892,Ajs_2892,"PFAM:&nbsp;protein&nbsp;of&nbsp;unknown&nbsp;function&nbsp;DUF513,&nbsp;hemX",94.0
232721.Ajs_2390,carB,"TIGRFAM:&nbsp;carbamoyl-phosphate&nbsp;synthase,&nbsp;large&nbsp;subunit",94.0
232721.Ajs_0958,nuoB,NADH-quinone&nbsp;oxidoreductase&nbsp;subunit&nbsp;B,94.0
232721.Ajs_0693,Ajs_0693,"Phospholipid-binding&nbsp;protein,&nbsp;PBP&nbsp;family",93.9
232721.Ajs_3026,Ajs_3026,Polysaccharide&nbsp;biosynthesis&nbsp;protein&nbsp;CapD,93.9
232721.Ajs_0234,pyrE,Orotate&nbsp;phosphoribosyltransferase,93.8
232721.Ajs_1858,Ajs_1858,Phosphatidylethanolamine:Kdo2-lipid&nbsp;A&nbsp;phosphoethanolamine&nbsp;transferase,93.7
232721.Ajs_2890,hemC,Porphobilinogen&nbsp;deaminase,93.7
232721.Ajs_3282,rpmF,TIGRFAM:&nbsp;ribosomal&nbsp;protein&nbsp;L32,93.6
232721.Ajs_2777,Ajs_2777,"PFAM:&nbsp;cytochrome&nbsp;c&nbsp;oxidase,&nbsp;subunit&nbsp;III",93.6
232721.Ajs_0402,rpmJ,PFAM:&nbsp;ribosomal&nbsp;protein&nbsp;L36,93.6
232721.Ajs_0620,Ajs_0620,"TIGRFAM:&nbsp;5,10-methylenetetrahydrofolate&nbsp;reductase",93.6
232721.Ajs_2680,Ajs_2680,"KEGG:&nbsp;mes:Meso_3884&nbsp;glyceraldehyde-3-phosphate&nbsp;dehydrogenase,&nbsp;type&nbsp;II",93.6
232721.Ajs_3267,rnc,Ribonuclease&nbsp;3,93.4
232721.Ajs_0323,Ajs_0323,"TIGRFAM:&nbsp;efflux&nbsp;transporter,&nbsp;RND&nbsp;family,&nbsp;MFP&nbsp;subunit",93.4
232721.Ajs_3738,Ajs_3738,KEGG:&nbsp;rfr:Rfer_2594&nbsp;acetyl-CoA&nbsp;C-acyltransferase,93.3
232721.Ajs_2726,Ajs_2726,Sensor&nbsp;protein,93.3
232721.Ajs_2842,Ajs_2842,"PFAM:&nbsp;glycosyl&nbsp;transferase,&nbsp;family&nbsp;3",93.3
232721.Ajs_4024,Ajs_4024,PFAM:&nbsp;glutathione&nbsp;peroxidase,93.3
232721.Ajs_0842,rpmA,PFAM:&nbsp;ribosomal&nbsp;protein&nbsp;L27,93.3
232721.Ajs_0389,Ajs_0389,"Carbohydrate&nbsp;ABC&nbsp;transporter&nbsp;substrate-binding&nbsp;protein,&nbsp;CUT1&nbsp;family",93.1
232721.Ajs_1771,ilvC,Ketol-acid&nbsp;reductoisomerase&nbsp;(NADP(+)),93.1
232721.Ajs_0959,nuoC,NADH-quinone&nbsp;oxidoreductase&nbsp;subunit&nbsp;C,93.0
232721.Ajs_0277,rpsJ,30S&nbsp;ribosomal&nbsp;protein&nbsp;S10,93.0
232721.Ajs_1065,Ajs_1065,KEGG:&nbsp;sbo:SBO_2839&nbsp;ProV,93.0
232721.Ajs_0860,ugpE,Sn-glycerol-3-phosphate&nbsp;transport&nbsp;system&nbsp;permease&nbsp;protein&nbsp;UgpE,92.9
232721.Ajs_0491,Ajs_0491,PFAM:&nbsp;Phosphoglycerate&nbsp;mutase,92.9
232721.Ajs_4058,pyrF,TIGRFAM:&nbsp;orotidine&nbsp;5'-phosphate&nbsp;decarboxylase,92.9
232721.Ajs_2344,Ajs_2344,PFAM:&nbsp;binding-protein-dependent&nbsp;transport&nbsp;systems&nbsp;inner&nbsp;membrane&nbsp;component,92.9
232721.Ajs_3483,metG,Methionine--tRNA&nbsp;ligase,92.8
232721.Ajs_2882,Ajs_2882,PFAM:&nbsp;alkyl&nbsp;hydroperoxide&nbsp;reductase/&nbsp;Thiol&nbsp;specific&nbsp;antioxidant/&nbsp;Mal&nbsp;allergen,92.8
232721.Ajs_0270,Ajs_0270,KEGG:&nbsp;pol:Bpro_0248&nbsp;ferredoxin-like,92.7
232721.Ajs_0566,Ajs_0566,KEGG:&nbsp;tdn:Tmden_1855&nbsp;DNA&nbsp;(cytosine-5-)-methyltransferase,92.7
232721.Ajs_3214,rpsR,30S&nbsp;ribosomal&nbsp;protein&nbsp;S18,92.7
232721.Ajs_3806,Ajs_3806,PFAM:&nbsp;flagellar&nbsp;motor&nbsp;switch&nbsp;protein&nbsp;FliG,92.6
232721.Ajs_2527,Ajs_2527,KEGG:&nbsp;xcv:XCV2168&nbsp;hypothetical&nbsp;protein,92.6
232721.Ajs_0122,Ajs_0122,PFAM:&nbsp;Enoyl-CoA&nbsp;hydratase/isomerase,92.5
232721.Ajs_3664,Ajs_3664,PFAM:&nbsp;chemotaxis&nbsp;sensory&nbsp;transducer,92.4
232721.Ajs_2781,Ajs_2781,"Two&nbsp;component&nbsp;transcriptional&nbsp;regulator,&nbsp;Fis&nbsp;family",92.3
232721.Ajs_3711,nodI,Nod&nbsp;factor&nbsp;export&nbsp;ATP-binding&nbsp;protein&nbsp;I,92.3
232721.Ajs_1617,Ajs_1617,Pyruvate&nbsp;dehydrogenase&nbsp;E1&nbsp;component,92.2
232721.Ajs_3623,Ajs_3623,PFAM:&nbsp;Enoyl-CoA&nbsp;hydratase/isomerase,92.1
232721.Ajs_1189,Ajs_1189,"KEGG:&nbsp;pol:Bpro_1807&nbsp;glutamine&nbsp;synthetase,&nbsp;type&nbsp;I",92.1
232721.Ajs_0608,Ajs_0608,"Amino&nbsp;acid&nbsp;ABC&nbsp;transporter&nbsp;substrate-binding&nbsp;protein,&nbsp;PAAT&nbsp;family",92.0
232721.Ajs_3288,Ajs_3288,"TIGRFAM:&nbsp;HAD-superfamily&nbsp;hydrolase,&nbsp;subfamily&nbsp;IA,&nbsp;variant&nbsp;3",92.0
232721.Ajs_2841,Ajs_2841,Assimilatory&nbsp;nitrate&nbsp;reductase&nbsp;(NADH)&nbsp;alpha&nbsp;subunit&nbsp;apoprotein,92.0
232721.Ajs_3788,Ajs_3788,Chemotaxis&nbsp;protein&nbsp;methyltransferase,91.9
232721.Ajs_3608,Ajs_3608,Putative&nbsp;transcriptional&nbsp;regulator,91.8
232721.Ajs_3917,leuS,Leucine--tRNA&nbsp;ligase,91.8
232721.Ajs_1936,gcvP,Glycine&nbsp;dehydrogenase&nbsp;(decarboxylating),91.8
232721.Ajs_3496,Ajs_3496,"TIGRFAM:&nbsp;para-aminobenzoate&nbsp;synthase,&nbsp;subunit&nbsp;I",91.7
232721.Ajs_3975,Ajs_3975,PFAM:&nbsp;CoA-binding&nbsp;domain&nbsp;protein,91.7
232721.Ajs_2363,Ajs_2363,PFAM:&nbsp;ribosomal&nbsp;protein&nbsp;L31,91.7
232721.Ajs_0765,hisA,1-(5-phosphoribosyl)-5-[(5-phosphoribosylamino)methylideneamino]&nbsp;imidazole-4-carboxamide&nbsp;isomerase,91.6
232721.Ajs_2490,Ajs_2490,"PFAM:&nbsp;D-isomer&nbsp;specific&nbsp;2-hydroxyacid&nbsp;dehydrogenase,&nbsp;catalytic&nbsp;region",91.6
232721.Ajs_1830,Ajs_1830,"KEGG:&nbsp;rfr:Rfer_2040&nbsp;DNA&nbsp;polymerase&nbsp;III,&nbsp;alpha&nbsp;subunit",91.5
232721.Ajs_3818,Ajs_3818,Protein&nbsp;phosphatase&nbsp;CheZ,91.4
232721.Ajs_2431,Ajs_2431,"Two&nbsp;component&nbsp;transcriptional&nbsp;regulator,&nbsp;winged&nbsp;helix&nbsp;family",91.4
232721.Ajs_1962,Ajs_1962,"KEGG:&nbsp;pol:Bpro_1906&nbsp;3-oxoacid&nbsp;CoA-transferase,&nbsp;subunit&nbsp;B",91.4
232721.Ajs_2883,Ajs_2883,Bacterioferritin,91.4
232721.Ajs_1126,Ajs_1126,PFAM:&nbsp;aldehyde&nbsp;dehydrogenase,91.3
232721.Ajs_2776,Ajs_2776,"PFAM:&nbsp;cytochrome&nbsp;c&nbsp;oxidase,&nbsp;subunit&nbsp;I",91.3
232721.Ajs_3461,Ajs_3461,"TIGRFAM:&nbsp;formate&nbsp;dehydrogenase,&nbsp;gamma&nbsp;subunit",91.2
232721.Ajs_1773,Ajs_1773,2-isopropylmalate&nbsp;synthase,91.0
232721.Ajs_1630,metE,5-methyltetrahydropteroyltriglutamate--homocysteine&nbsp;methyltransferase,91.0
232721.Ajs_3907,gshB,KEGG:&nbsp;rfr:Rfer_0765&nbsp;glutathione&nbsp;synthetase,90.9
232721.Ajs_1742,Ajs_1742,PFAM:&nbsp;Peptidoglycan-binding&nbsp;LysM,90.9
232721.Ajs_2371,Ajs_2371,Phosphate&nbsp;transport&nbsp;system&nbsp;permease&nbsp;protein,90.9
232721.Ajs_1607,Ajs_1607,"PFAM:&nbsp;extracellular&nbsp;solute-binding&nbsp;protein,&nbsp;family&nbsp;1",90.8
232721.Ajs_2293,map,"KEGG:&nbsp;pol:Bpro_2587&nbsp;methionine&nbsp;aminopeptidase,&nbsp;type&nbsp;I",90.7
232721.Ajs_0537,Ajs_0537,"TIGRFAM:&nbsp;dTDP-glucose&nbsp;4,6-dehydratase",90.7
232721.Ajs_2836,Ajs_2836,"TIGRFAM:&nbsp;efflux&nbsp;transporter,&nbsp;RND&nbsp;family,&nbsp;MFP&nbsp;subunit",90.7
232721.Ajs_3632,Ajs_3632,Ribonucleoside-diphosphate&nbsp;reductase,90.7
232721.Ajs_2394,himA,Integration&nbsp;host&nbsp;factor&nbsp;subunit&nbsp;alpha,90.7
232721.Ajs_0357,Ajs_0357,Putative&nbsp;glutamate--cysteine&nbsp;ligase&nbsp;2,90.7
232721.Ajs_3828,Ajs_3828,TIGRFAM:&nbsp;flagellar&nbsp;basal-body&nbsp;rod&nbsp;protein&nbsp;FlgC,90.7
232721.Ajs_1086,Ajs_1086,PFAM:&nbsp;Cbb3-type&nbsp;cytochrome&nbsp;oxidase&nbsp;component,90.7
232721.Ajs_1056,Ajs_1056,Fumarate&nbsp;hydratase&nbsp;class&nbsp;I,90.6
232721.Ajs_0078,pckG,Phosphoenolpyruvate&nbsp;carboxykinase&nbsp;[GTP],90.6
232721.Ajs_3391,purN,Phosphoribosylglycinamide&nbsp;formyltransferase,90.6
232721.Ajs_1101,Ajs_1101,PFAM:&nbsp;ABC&nbsp;transporter&nbsp;related,90.5
232721.Ajs_0206,Ajs_0206,PFAM:&nbsp;Phenol&nbsp;hydroxylase&nbsp;subunit,90.5
232721.Ajs_3676,ftsI,"Peptidoglycan&nbsp;D,D-transpeptidase&nbsp;FtsI",90.5
232721.Ajs_0096,Ajs_0096,"PFAM:&nbsp;aminotransferase,&nbsp;class&nbsp;I&nbsp;and&nbsp;II",90.4
232721.Ajs_0698,Ajs_0698,TIGRFAM:&nbsp;diguanylate&nbsp;cyclase,90.4
232721.Ajs_1628,Ajs_1628,Aspartokinase,90.4
232721.Ajs_3032,Ajs_3032,PFAM:&nbsp;UDP-N-acetylglucosamine&nbsp;2-epimerase,90.3
232721.Ajs_3217,grpE,Protein&nbsp;GrpE,90.3
232721.Ajs_3260,pfkA,ATP-dependent&nbsp;6-phosphofructokinase,90.3
232721.Ajs_0222,Ajs_0222,PFAM:&nbsp;Hydratase/decarboxylase,90.1
232721.Ajs_0716,lysA,Diaminopimelate&nbsp;decarboxylase,90.1
232721.Ajs_0953,pnp,Polyribonucleotide&nbsp;nucleotidyltransferase,90.1
232721.Ajs_0308,atpD,ATP&nbsp;synthase&nbsp;subunit&nbsp;beta,90.1
232721.Ajs_2317,Ajs_2317,KEGG:&nbsp;rpc:RPC_1050&nbsp;acetyl-CoA&nbsp;C-acetyltransferase,90.1
232721.Ajs_3034,Ajs_3034,Undecaprenyl-phosphate&nbsp;galactose&nbsp;phosphotransferase,90.0
232721.Ajs_2577,bamA,Outer&nbsp;membrane&nbsp;protein&nbsp;assembly&nbsp;factor&nbsp;BamA,90.0
232721.Ajs_2997,Ajs_2997,PFAM:&nbsp;protein&nbsp;of&nbsp;unknown&nbsp;function&nbsp;DUF344,89.9
232721.Ajs_0298,lipA,Lipoyl&nbsp;synthase,89.9
232721.Ajs_3816,Ajs_3816,PFAM:&nbsp;OmpA/MotB&nbsp;domain&nbsp;protein,89.9
232721.Ajs_1236,Ajs_1236,TIGRFAM:&nbsp;heavy&nbsp;metal&nbsp;response&nbsp;regulator,89.8
232721.Ajs_2950,Ajs_2950,KEGG:&nbsp;hch:HCH_07043&nbsp;3'-phosphoadenosine&nbsp;5'-phosphosulfate&nbsp;sulfotransferase&nbsp;(PapS&nbsp;reductase)/FAD&nbsp;synthetase&nbsp;and&nbsp;related&nbsp;enzyme,89.8
232721.Ajs_0468,Ajs_0468,"Amino&nbsp;acid/amide&nbsp;ABC&nbsp;transporter&nbsp;membrane&nbsp;protein&nbsp;1,&nbsp;HAAT&nbsp;family",89.8
232721.Ajs_0844,proB,Glutamate&nbsp;5-kinase,89.8
232721.Ajs_1769,Ajs_1769,"TIGRFAM:&nbsp;acetolactate&nbsp;synthase,&nbsp;large&nbsp;subunit,&nbsp;biosynthetic&nbsp;type",89.8
232721.Ajs_3296,dinB,DNA&nbsp;polymerase&nbsp;IV,89.8
232721.Ajs_3995,Ajs_3995,PFAM:&nbsp;N-formylglutamate&nbsp;amidohydrolase,89.7
232721.Ajs_2592,Ajs_2592,KEGG:&nbsp;pol:Bpro_2659&nbsp;ABC-type&nbsp;transport&nbsp;system&nbsp;ipermease&nbsp;component,89.7
232721.Ajs_0526,Ajs_0526,PFAM:&nbsp;beta-ketoacyl&nbsp;synthase,89.5
232721.Ajs_1781,Ajs_1781,PFAM:&nbsp;3-hydroxyacyl-CoA&nbsp;dehydrogenase&nbsp;domain&nbsp;protein,89.5
232721.Ajs_0539,Ajs_0539,Glucose-1-phosphate&nbsp;thymidylyltransferase,89.4
232721.Ajs_2366,Ajs_2366,Multi-sensor&nbsp;signal&nbsp;transduction&nbsp;histidine&nbsp;kinase,89.4
232721.Ajs_0361,Ajs_0361,PFAM:&nbsp;ribulose-phosphate&nbsp;3-epimerase,89.4
232721.Ajs_1759,Ajs_1759,PFAM:&nbsp;CheW&nbsp;domain&nbsp;protein,89.3
232721.Ajs_0705,metK,S-adenosylmethionine&nbsp;synthase,89.3
232721.Ajs_3665,ftsZ,Cell&nbsp;division&nbsp;protein&nbsp;FtsZ,89.3
232721.Ajs_1791,Ajs_1791,Sulfate&nbsp;adenylyltransferase&nbsp;subunit&nbsp;1,89.2
232721.Ajs_3570,pyrB,TIGRFAM:&nbsp;aspartate&nbsp;carbamoyltransferase,89.2
232721.Ajs_0239,Ajs_0239,"TIGRFAM:&nbsp;cell&nbsp;shape&nbsp;determining&nbsp;protein,&nbsp;MreB/Mrl&nbsp;family",89.2
232721.Ajs_3939,Ajs_3939,D-Ala-D-Ala&nbsp;carboxypeptidase&nbsp;PBP3,89.2
232721.Ajs_2458,Ajs_2458,PFAM:&nbsp;UvrD/REP&nbsp;helicase,89.0
232721.Ajs_0666,Ajs_0666,KEGG:&nbsp;pol:Bpro_1330&nbsp;type&nbsp;II&nbsp;secretion&nbsp;system&nbsp;protein&nbsp;E,88.9
232721.Ajs_1036,xseB,Exodeoxyribonuclease&nbsp;7&nbsp;small&nbsp;subunit,88.9
232721.Ajs_1824,Ajs_1824,TIGRFAM:&nbsp;dihydrolipoamide&nbsp;dehydrogenase,88.9
232721.Ajs_2163,Ajs_2163,"PFAM:&nbsp;D-isomer&nbsp;specific&nbsp;2-hydroxyacid&nbsp;dehydrogenase,&nbsp;catalytic&nbsp;region",88.9
232721.Ajs_0500,Ajs_0500,Glucokinase,88.8
232721.Ajs_3712,Ajs_3712,Transport&nbsp;permease&nbsp;protein,88.8
232721.Ajs_4034,Ajs_4034,Cyclic&nbsp;pyranopterin&nbsp;monophosphate&nbsp;synthase,88.7
232721.Ajs_3229,leuC,3-isopropylmalate&nbsp;dehydratase&nbsp;large&nbsp;subunit,88.6
232721.Ajs_0584,Ajs_0584,"TIGRFAM:&nbsp;type&nbsp;I&nbsp;secretion&nbsp;membrane&nbsp;fusion&nbsp;protein,&nbsp;HlyD&nbsp;family",88.6
232721.Ajs_1009,Ajs_1009,PFAM:&nbsp;NlpBDapX&nbsp;family&nbsp;lipoprotein,88.5
232721.Ajs_1194,Ajs_1194,TIGRFAM:&nbsp;exodeoxyribonuclease&nbsp;III,88.4
232721.Ajs_2367,Ajs_2367,"Two&nbsp;component&nbsp;transcriptional&nbsp;regulator,&nbsp;winged&nbsp;helix&nbsp;family",88.4
232721.Ajs_3576,Ajs_3576,PFAM:&nbsp;CheW&nbsp;domain&nbsp;protein,88.4
232721.Ajs_0242,mrdA,"Peptidoglycan&nbsp;D,D-transpeptidase&nbsp;MrdA",88.3
232721.Ajs_3312,argH,TIGRFAM:&nbsp;argininosuccinate&nbsp;lyase,88.2
232721.Ajs_3520,ftsY,Signal&nbsp;recognition&nbsp;particle&nbsp;receptor&nbsp;FtsY,88.1
232721.Ajs_3080,Ajs_3080,PFAM:&nbsp;NAD-dependent&nbsp;epimerase/dehydratase,88.1
232721.Ajs_2839,Ajs_2839,"TIGRFAM:&nbsp;nitrite&nbsp;reductase&nbsp;[NAD(P)H],&nbsp;large&nbsp;subunit",88.1
232721.Ajs_3128,Ajs_3128,"Amino&nbsp;acid&nbsp;ABC&nbsp;transporter&nbsp;ATP-binding&nbsp;protein,&nbsp;PAAT&nbsp;family",88.1
232721.Ajs_4077,Ajs_4077,"TIGRFAM:&nbsp;riboflavin&nbsp;synthase,&nbsp;alpha&nbsp;subunit",88.0
232721.Ajs_2300,Ajs_2300,"Isocitrate&nbsp;dehydrogenase,&nbsp;NADP-dependent",88.0
232721.Ajs_1197,thyA,Thymidylate&nbsp;synthase,87.9
232721.Ajs_3240,trpA,Tryptophan&nbsp;synthase&nbsp;alpha&nbsp;chain,87.9
232721.Ajs_0145,Ajs_0145,Ubiquinol-cytochrome&nbsp;c&nbsp;reductase&nbsp;iron-sulfur&nbsp;subunit,87.9
232721.Ajs_3120,Ajs_3120,"Amino&nbsp;acid/amide&nbsp;ABC&nbsp;transporter&nbsp;substrate-binding&nbsp;protein,&nbsp;HAAT&nbsp;family",87.8
232721.Ajs_0369,trpD,Anthranilate&nbsp;phosphoribosyltransferase,87.8
232721.Ajs_2850,Ajs_2850,"TIGRFAM:&nbsp;SUF&nbsp;system&nbsp;FeS&nbsp;assembly&nbsp;protein,&nbsp;NifU&nbsp;family",87.8
232721.Ajs_2858,rpsU,PFAM:&nbsp;ribosomal&nbsp;protein&nbsp;S21,87.8
232721.Ajs_2066,Ajs_2066,Succinyldiaminopimelate&nbsp;aminotransferase&nbsp;apoenzyme,87.7
232721.Ajs_0965,nuoI,NADH-quinone&nbsp;oxidoreductase&nbsp;subunit&nbsp;I,87.7
232721.Ajs_2548,guaB,Inosine-5'-monophosphate&nbsp;dehydrogenase,87.7
232721.Ajs_1232,Ajs_1232,"TIGRFAM:&nbsp;heavy&nbsp;metal&nbsp;efflux&nbsp;pump,&nbsp;CzcA&nbsp;family",87.6
232721.Ajs_3361,Ajs_3361,"Amino&nbsp;acid/amide&nbsp;ABC&nbsp;transporter&nbsp;ATP-binding&nbsp;protein&nbsp;2,&nbsp;HAAT&nbsp;family",87.6
232721.Ajs_3002,argD,TIGRFAM:&nbsp;acetylornithine&nbsp;and&nbsp;succinylornithine&nbsp;aminotransferases,87.6
232721.Ajs_0858,Ajs_0858,PFAM:&nbsp;glycerophosphoryl&nbsp;diester&nbsp;phosphodiesterase,87.6
232721.Ajs_3471,Ajs_3471,NAD-dependent&nbsp;formate&nbsp;dehydrogenase&nbsp;flavoprotein&nbsp;subunit,87.6
232721.Ajs_0188,Ajs_0188,"PFAM:&nbsp;2-nitropropane&nbsp;dioxygenase,&nbsp;NPD",87.5
232721.Ajs_4062,Ajs_4062,"PFAM:&nbsp;histidine&nbsp;kinase,&nbsp;HAMP&nbsp;region&nbsp;domain&nbsp;protein",87.5
232721.Ajs_1896,Ajs_1896,"Transcriptional&nbsp;regulator,&nbsp;NifA&nbsp;subfamily,&nbsp;Fis&nbsp;Family",87.5
232721.Ajs_2022,Ajs_2022,PFAM:&nbsp;Three-deoxy-D-manno-octulosonic-acid&nbsp;transferase&nbsp;domain&nbsp;protein,87.4
232721.Ajs_1685,Ajs_1685,KEGG:&nbsp;pol:Bpro_2572&nbsp;acetyl-CoA&nbsp;C-acyltransferase,87.4
232721.Ajs_1171,hisS,Histidine--tRNA&nbsp;ligase,87.4
232721.Ajs_1376,Ajs_1376,"PFAM:&nbsp;aminotransferase,&nbsp;class&nbsp;I&nbsp;and&nbsp;II",87.3
232721.Ajs_0632,tyrS,Tyrosine--tRNA&nbsp;ligase,87.3
232721.Ajs_0364,Ajs_0364,"PFAM:&nbsp;histidine&nbsp;kinase,&nbsp;HAMP&nbsp;region&nbsp;domain&nbsp;protein",87.3
232721.Ajs_1772,Ajs_1772,KEGG:&nbsp;pol:Bpro_2320&nbsp;CDP-diacylglycerol--serine&nbsp;O-phosphatidyltransferase,87.2
232721.Ajs_0011,Ajs_0011,"Two&nbsp;component&nbsp;transcriptional&nbsp;regulator,&nbsp;LuxR&nbsp;family",87.2
232721.Ajs_3847,Ajs_3847,"PFAM:&nbsp;Pyridoxal-5'-phosphate-dependent&nbsp;enzyme,&nbsp;beta&nbsp;subunit",87.2
232721.Ajs_3913,proA,Gamma-glutamyl&nbsp;phosphate&nbsp;reductase,87.2
232721.Ajs_3956,Ajs_3956,PFAM:&nbsp;pyruvate&nbsp;kinase,87.2
232721.Ajs_3638,Ajs_3638,"TIGRFAM:&nbsp;acetyl-CoA&nbsp;carboxylase,&nbsp;biotin&nbsp;carboxylase",87.1
232721.Ajs_2736,purF,Amidophosphoribosyltransferase,87.1
232721.Ajs_0306,atpA,ATP&nbsp;synthase&nbsp;subunit&nbsp;alpha,87.1
232721.Ajs_3934,purE,N5-carboxyaminoimidazole&nbsp;ribonucleotide&nbsp;mutase,87.0
232721.Ajs_0397,rplR,50S&nbsp;ribosomal&nbsp;protein&nbsp;L18,87.0
232721.Ajs_0894,ctc,50S&nbsp;ribosomal&nbsp;protein&nbsp;L25,86.8
232721.Ajs_3861,hemE,Uroporphyrinogen&nbsp;decarboxylase,86.8
232721.Ajs_0748,Ajs_0748,PFAM:&nbsp;ABC&nbsp;transporter&nbsp;related,86.7
232721.Ajs_3900,rplA,50S&nbsp;ribosomal&nbsp;protein&nbsp;L1,86.7
232721.Ajs_0285,rplP,50S&nbsp;ribosomal&nbsp;protein&nbsp;L16,86.7
232721.Ajs_0034,Ajs_0034,Sulfite&nbsp;dehydrogenase&nbsp;(Cytochrome)&nbsp;subunit&nbsp;SorB,86.7
232721.Ajs_2248,Ajs_2248,PFAM:&nbsp;Amidase,86.6
232721.Ajs_0363,gph,KEGG:&nbsp;rfr:Rfer_3611&nbsp;phosphoglycolate&nbsp;phosphatase,86.6
232721.Ajs_3421,Ajs_3421,"TIGRFAM:&nbsp;lipoprotein&nbsp;releasing&nbsp;system,&nbsp;transmembrane&nbsp;protein,&nbsp;LolC/E&nbsp;family",86.6
232721.Ajs_2127,Ajs_2127,"Two&nbsp;component&nbsp;transcriptional&nbsp;regulator,&nbsp;LuxR&nbsp;family",86.5
232721.Ajs_1150,Ajs_1150,PFAM:&nbsp;histidine&nbsp;kinase&nbsp;internal&nbsp;region,86.5
232721.Ajs_0405,rpsD,30S&nbsp;ribosomal&nbsp;protein&nbsp;S4,86.4
232721.Ajs_4016,Ajs_4016,"KEGG:&nbsp;pol:Bpro_4653&nbsp;signal&nbsp;transduction&nbsp;histidine&nbsp;kinase,&nbsp;nitrogen&nbsp;specific,&nbsp;NtrB",86.3
232721.Ajs_1360,Ajs_1360,KEGG:&nbsp;xcv:XCV2311&nbsp;thioredoxin&nbsp;reductase,86.3
232721.Ajs_1083,Ajs_1083,"TIGRFAM:&nbsp;cytochrome&nbsp;oxidase&nbsp;maturation&nbsp;protein,&nbsp;cbb3-type",86.2
232721.Ajs_3830,Ajs_3830,PFAM:&nbsp;flagellar&nbsp;basal&nbsp;body&nbsp;rod&nbsp;protein,86.1
232721.Ajs_1813,Ajs_1813,PFAM:&nbsp;ABC&nbsp;transporter&nbsp;related,86.1
232721.Ajs_3382,Ajs_3382,DNA&nbsp;translocase&nbsp;FtsK,86.1
232721.Ajs_0408,Ajs_0408,PFAM:&nbsp;UDP-glucose/GDP-mannose&nbsp;dehydrogenase,86.0
232721.Ajs_1010,dapA,4-hydroxy-tetrahydrodipicolinate&nbsp;synthase,86.0
232721.Ajs_3849,Ajs_3849,"Amino&nbsp;acid/amide&nbsp;ABC&nbsp;transporter&nbsp;substrate-binding&nbsp;protein,&nbsp;HAAT&nbsp;family",85.9
232721.Ajs_3694,ruvB,Holliday&nbsp;junction&nbsp;ATP-dependent&nbsp;DNA&nbsp;helicase&nbsp;RuvB,85.8
232721.Ajs_0168,Ajs_0168,Uncharacterized&nbsp;protein,85.8
232721.Ajs_3536,Ajs_3536,Cytochrome&nbsp;c&nbsp;oxidase&nbsp;subunit&nbsp;1,85.8
232721.Ajs_0435,Ajs_0435,TIGRFAM:&nbsp;nitrite&nbsp;transporter,85.7
232721.Ajs_3298,Ajs_3298,(S)-2-hydroxy-acid&nbsp;oxidase,85.6
232721.Ajs_2318,Ajs_2318,PFAM:&nbsp;AMP-dependent&nbsp;synthetase&nbsp;and&nbsp;ligase,85.6
232721.Ajs_4088,Ajs_4088,PFAM:&nbsp;oxidoreductase&nbsp;FAD/NAD(P)-binding&nbsp;domain&nbsp;protein,85.6
232721.Ajs_3532,Ajs_3532,"PFAM:&nbsp;cytochrome&nbsp;c&nbsp;oxidase,&nbsp;subunit&nbsp;III",85.6
232721.Ajs_1506,Ajs_1506,TIGRFAM:&nbsp;ribose-phosphate&nbsp;pyrophosphokinase,85.5
232721.Ajs_3430,Ajs_3430,"PFAM:&nbsp;histidine&nbsp;kinase,&nbsp;HAMP&nbsp;region&nbsp;domain&nbsp;protein",85.5
232721.Ajs_0431,Ajs_0431,Vitamin&nbsp;B12-dependent&nbsp;ribonucleotide&nbsp;reductase,85.5
232721.Ajs_1679,Ajs_1679,"Amino&nbsp;acid/amide&nbsp;ABC&nbsp;transporter&nbsp;substrate-binding&nbsp;protein,&nbsp;HAAT&nbsp;family",85.5
232721.Ajs_1279,Ajs_1279,KEGG:&nbsp;xcv:XCV2382&nbsp;putative&nbsp;secreted&nbsp;protein,85.5
232721.Ajs_3225,Ajs_3225,TIGRFAM:&nbsp;UbiD&nbsp;family&nbsp;decarboxylases,85.4
232721.Ajs_1352,Ajs_1352,Pyridine&nbsp;nucleotide-disulfide&nbsp;oxidoreductase&nbsp;dimerization&nbsp;region,85.4
232721.Ajs_1153,Ajs_1153,TIGRFAM:&nbsp;diguanylate&nbsp;cyclase,85.4
232721.Ajs_3903,secE,Protein&nbsp;translocase&nbsp;subunit&nbsp;SecE,85.4
232721.Ajs_3488,Ajs_3488,PFAM:&nbsp;thiamine&nbsp;pyrophosphate&nbsp;enzyme&nbsp;domain&nbsp;protein&nbsp;TPP-binding,85.4
232721.Ajs_3107,Ajs_3107,Diguanylate&nbsp;cyclase/phosphodiesterase,85.3
232721.Ajs_0609,Ajs_0609,"Amino&nbsp;acid&nbsp;ABC&nbsp;transporter&nbsp;substrate-binding&nbsp;protein,&nbsp;PAAT&nbsp;family",85.3
232721.Ajs_3313,Ajs_3313,Histidine&nbsp;kinase&nbsp;internal&nbsp;region,85.3
232721.Ajs_1955,Ajs_1955,PFAM:&nbsp;sulfatase,85.3
232721.Ajs_0782,tatB,Sec-independent&nbsp;protein&nbsp;translocase&nbsp;protein&nbsp;TatB,85.3
232721.Ajs_0759,hisG,ATP&nbsp;phosphoribosyltransferase,85.2
232721.Ajs_0279,rplD,50S&nbsp;ribosomal&nbsp;protein&nbsp;L4,85.2
232721.Ajs_2787,Ajs_2787,PFAM:&nbsp;aconitate&nbsp;hydratase&nbsp;domain&nbsp;protein,85.1
232721.Ajs_3841,Ajs_3841,"PFAM:&nbsp;2-nitropropane&nbsp;dioxygenase,&nbsp;NPD",85.1
232721.Ajs_1112,Ajs_1112,PFAM:&nbsp;phosphate&nbsp;acetyl/butaryl&nbsp;transferase,85.1
232721.Ajs_0071,Ajs_0071,D-amino-acid&nbsp;dehydrogenase,85.0
232721.Ajs_1092,Ajs_1092,Coproporphyrinogen-III&nbsp;oxidase,84.9
232721.Ajs_3943,Ajs_3943,"PFAM:&nbsp;4Fe-4S&nbsp;ferredoxin,&nbsp;iron-sulfur&nbsp;binding&nbsp;domain&nbsp;protein",84.8
232721.Ajs_0214,Ajs_0214,"Catechol&nbsp;2,3-dioxygenase",84.8
232721.Ajs_0436,Ajs_0436,"TIGRFAM:&nbsp;nitrate&nbsp;reductase,&nbsp;alpha&nbsp;subunit",84.8
232721.Ajs_4309,Ajs_4309,KEGG:&nbsp;bam:Bamb_6606&nbsp;hypothetical&nbsp;protein,84.7
232721.Ajs_1634,Ajs_1634,2-methylcitrate&nbsp;dehydratase&nbsp;(Trans-methylaconitate-forming),84.7
232721.Ajs_3817,Ajs_3817,PFAM:&nbsp;response&nbsp;regulator&nbsp;receiver,84.7
232721.Ajs_3155,ispF,"2-C-methyl-D-erythritol&nbsp;2,4-cyclodiphosphate&nbsp;synthase",84.6
232721.Ajs_0406,rpoA,DNA-directed&nbsp;RNA&nbsp;polymerase&nbsp;subunit&nbsp;alpha,84.6
232721.Ajs_3013,Ajs_3013,PFAM:&nbsp;polysaccharide&nbsp;export&nbsp;protein,84.5
232721.Ajs_0618,ahcY,Adenosylhomocysteinase,84.5
232721.Ajs_4155,Ajs_4155,PFAM:&nbsp;oxidoreductase&nbsp;domain&nbsp;protein,84.5
232721.Ajs_3310,Ajs_3310,Catalase,84.4
232721.Ajs_1635,Ajs_1635,Citrate&nbsp;synthase,84.1
232721.Ajs_3804,Ajs_3804,Flagellar&nbsp;protein&nbsp;export&nbsp;ATPase&nbsp;FliI,84.1
232721.Ajs_2573,lpxA,Acyl-[acyl-carrier-protein]--UDP-N-acetylglucosamine&nbsp;O-acyltransferase,84.1
232721.Ajs_2840,Ajs_2840,"TIGRFAM:&nbsp;nitrite&nbsp;reductase&nbsp;[NAD(P)H],&nbsp;small&nbsp;subunit",84.1
232721.Ajs_0747,Ajs_0747,Adenosylmethionine&nbsp;decarboxylase,84.1
232721.Ajs_2432,Ajs_2432,Integral&nbsp;membrane&nbsp;sensor&nbsp;signal&nbsp;transduction&nbsp;histidine&nbsp;kinase,84.0
232721.Ajs_3723,Ajs_3723,TIGRFAM:&nbsp;cysteine&nbsp;synthases,84.0
232721.Ajs_0304,atpF,ATP&nbsp;synthase&nbsp;subunit&nbsp;b,84.0
232721.Ajs_0176,alr,Alanine&nbsp;racemase,84.0
232721.Ajs_0437,Ajs_0437,"KEGG:&nbsp;pol:Bpro_4594&nbsp;nitrate&nbsp;reductase,&nbsp;beta&nbsp;subunit",84.0
232721.Ajs_3813,Ajs_3813,Flagellin,84.0
232721.Ajs_0662,Ajs_0662,PFAM:&nbsp;5-nucleotidase,84.0
232721.Ajs_0469,Ajs_0469,"Amino&nbsp;acid/amide&nbsp;ABC&nbsp;transporter&nbsp;ATP-binding&nbsp;protein&nbsp;1,&nbsp;HAAT&nbsp;family",83.9
232721.Ajs_4140,yidC,Membrane&nbsp;protein&nbsp;insertase&nbsp;YidC,83.9
232721.Ajs_1892,Ajs_1892,PFAM:&nbsp;protein&nbsp;of&nbsp;unknown&nbsp;function&nbsp;UPF0118,83.8
232721.Ajs_2009,Ajs_2009,TIGRFAM:&nbsp;methylmalonate-semialdehyde&nbsp;dehydrogenase,83.8
232721.Ajs_0789,Ajs_0789,Ubiquinol-cytochrome&nbsp;c&nbsp;reductase&nbsp;iron-sulfur&nbsp;subunit,83.8
232721.Ajs_3256,Ajs_3256,PFAM:&nbsp;ABC&nbsp;transporter&nbsp;related,83.8
232721.Ajs_1059,Ajs_1059,"Two&nbsp;component&nbsp;transcriptional&nbsp;regulator,&nbsp;winged&nbsp;helix&nbsp;family",83.7
232721.Ajs_4071,Ajs_4071,TIGRFAM:&nbsp;CitB&nbsp;domain&nbsp;protein,83.7
232721.Ajs_0665,Ajs_0665,annotation&nbsp;not&nbsp;available,83.7
232721.Ajs_2392,carA,"TIGRFAM:&nbsp;carbamoyl-phosphate&nbsp;synthase,&nbsp;small&nbsp;subunit",83.7
232721.Ajs_3137,dnaG,DNA&nbsp;primase,83.6
232721.Ajs_0043,Ajs_0043,TIGRFAM:&nbsp;ATP--cobalamin&nbsp;adenosyltransferase,83.6
232721.Ajs_2164,Ajs_2164,Phosphoenolpyruvate&nbsp;synthase,83.5
232721.Ajs_3739,Ajs_3739,PFAM:&nbsp;Enoyl-CoA&nbsp;hydratase/isomerase,83.5
232721.Ajs_3505,gpmA,"2,3-bisphosphoglycerate-dependent&nbsp;phosphoglycerate&nbsp;mutase",83.5
232721.Ajs_3758,Ajs_3758,"PFAM:&nbsp;D-isomer&nbsp;specific&nbsp;2-hydroxyacid&nbsp;dehydrogenase,&nbsp;NAD-binding",83.4
232721.Ajs_3364,Ajs_3364,"Amino&nbsp;acid/amide&nbsp;ABC&nbsp;transporter&nbsp;membrane&nbsp;protein&nbsp;1,&nbsp;HAAT&nbsp;family",83.3
232721.Ajs_3306,Ajs_3306,"Carbohydrate&nbsp;ABC&nbsp;transporter&nbsp;substrate-binding&nbsp;protein,&nbsp;CUT1&nbsp;family",83.2
232721.Ajs_1358,Ajs_1358,"Two&nbsp;component&nbsp;transcriptional&nbsp;regulator,&nbsp;winged&nbsp;helix&nbsp;family",83.2
232721.Ajs_0594,Ajs_0594,PFAM:&nbsp;Enoyl-CoA&nbsp;hydratase/isomerase,83.2
232721.Ajs_3092,Ajs_3092,"PFAM:&nbsp;ring&nbsp;hydroxylating&nbsp;dioxygenase,&nbsp;alpha&nbsp;subunit",83.2
232721.Ajs_1044,Ajs_1044,PFAM:&nbsp;response&nbsp;regulator&nbsp;receiver,83.2
232721.Ajs_2987,Ajs_2987,PFAM:&nbsp;ferredoxin,83.2
232721.Ajs_1444,Ajs_1309,PFAM:&nbsp;C-5&nbsp;cytosine-specific&nbsp;DNA&nbsp;methylase,83.1
232721.Ajs_2725,Ajs_2725,TIGRFAM:&nbsp;heavy&nbsp;metal&nbsp;response&nbsp;regulator,83.1
232721.Ajs_0240,Ajs_0240,Cell&nbsp;shape-determining&nbsp;protein&nbsp;MreC,83.1
232721.Ajs_0257,Ajs_0257,Diguanylate&nbsp;cyclase&nbsp;with&nbsp;PAS/PAC&nbsp;sensor,83.0
232721.Ajs_3453,Ajs_3453,PFAM:&nbsp;metallophosphoesterase,83.0
232721.Ajs_3237,truA,tRNA&nbsp;pseudouridine&nbsp;synthase&nbsp;A,83.0
232721.Ajs_3233,leuB,3-isopropylmalate&nbsp;dehydrogenase,82.9
232721.Ajs_2853,Ajs_2853,KEGG:&nbsp;bte:BTH_I1796&nbsp;FeS&nbsp;assembly&nbsp;ATPase&nbsp;SufC,82.9
232721.Ajs_0123,Ajs_0123,PFAM:&nbsp;acetyl-CoA&nbsp;hydrolase/transferase,82.8
232721.Ajs_2703,Ajs_2703,"TIGRFAM:&nbsp;heavy&nbsp;metal&nbsp;efflux&nbsp;pump,&nbsp;CzcA&nbsp;family",82.7
232721.Ajs_2885,flhC,Flagellar&nbsp;transcriptional&nbsp;regulator&nbsp;FlhC,82.7
232721.Ajs_1017,Ajs_1017,"PFAM:&nbsp;histidine&nbsp;kinase,&nbsp;HAMP&nbsp;region&nbsp;domain&nbsp;protein",82.6
232721.Ajs_0503,Ajs_0503,Trehalose&nbsp;6-phosphate&nbsp;phosphatase,82.6
232721.Ajs_1789,Ajs_1789,Ferredoxin--NADP&nbsp;reductase,82.5
232721.Ajs_0583,Ajs_0583,Type&nbsp;I&nbsp;secretion&nbsp;system&nbsp;ATPase,82.5
232721.Ajs_3672,murD,UDP-N-acetylmuramoylalanine--D-glutamate&nbsp;ligase,82.5
232721.Ajs_1960,Ajs_1960,"KEGG:&nbsp;pol:Bpro_1904&nbsp;transcriptional&nbsp;regulator,&nbsp;LuxR&nbsp;family",82.5
232721.Ajs_3254,Ajs_3254,PFAM:&nbsp;inner-membrane&nbsp;translocator,82.5
232721.Ajs_1829,bamD,Outer&nbsp;membrane&nbsp;protein&nbsp;assembly&nbsp;factor&nbsp;BamD,82.5
232721.Ajs_3274,Ajs_3274,"RNA&nbsp;polymerase,&nbsp;sigma-24&nbsp;subunit,&nbsp;RpoE",82.4
232721.Ajs_1656,Ajs_1656,KEGG:&nbsp;rfr:Rfer_3160&nbsp;O-acetylhomoserine/O-acetylserine&nbsp;sulfhydrylase,82.4
232721.Ajs_3999,Ajs_3999,"Two&nbsp;component&nbsp;transcriptional&nbsp;regulator,&nbsp;winged&nbsp;helix&nbsp;family",82.4
232721.Ajs_0052,Ajs_0052,"TIGRFAM:&nbsp;Ubiquinone&nbsp;biosynthesis&nbsp;hydroxylase,&nbsp;UbiH/UbiF/VisC/COQ6&nbsp;family",82.4
232721.Ajs_3786,cheB,Chemotaxis&nbsp;response&nbsp;regulator&nbsp;protein-glutamate&nbsp;methylesterase,82.3
232721.Ajs_3732,Ajs_3732,"PFAM:&nbsp;2-nitropropane&nbsp;dioxygenase,&nbsp;NPD",82.3
232721.Ajs_3224,ubiX,Flavin&nbsp;prenyltransferase&nbsp;UbiX,82.2
232721.Ajs_3527,ctaB,Protoheme&nbsp;IX&nbsp;farnesyltransferase,82.2
232721.Ajs_0251,Ajs_0251,PFAM:&nbsp;ABC&nbsp;transporter&nbsp;related,82.1
232721.Ajs_1120,Ajs_1120,KEGG:&nbsp;bxe:Bxe_B1620&nbsp;tartrate&nbsp;dehydrogenase,82.1
232721.Ajs_3568,Ajs_3568,PFAM:&nbsp;phospholipid/glycerol&nbsp;acyltransferase,82.0
232721.Ajs_2547,guaA,GMP&nbsp;synthase&nbsp;[glutamine-hydrolyzing],82.0
232721.Ajs_3238,trpF,PFAM:&nbsp;N-(5'phosphoribosyl)anthranilate&nbsp;isomerase&nbsp;(PRAI),81.9
232721.Ajs_1000,pyrG,CTP&nbsp;synthase,81.9
232721.Ajs_2273,Ajs_2273,Cystathionine&nbsp;beta-lyase,81.8
232721.Ajs_0758,murA,UDP-N-acetylglucosamine&nbsp;1-carboxyvinyltransferase,81.8
232721.Ajs_3708,Ajs_3708,Diguanylate&nbsp;cyclase/phosphodiesterase&nbsp;with&nbsp;PAS/PAC&nbsp;sensor(S),81.8
232721.Ajs_3565,Ajs_3565,PFAM:&nbsp;binding-protein-dependent&nbsp;transport&nbsp;systems&nbsp;inner&nbsp;membrane&nbsp;component,81.8
232721.Ajs_3219,dnaJ,Chaperone&nbsp;protein&nbsp;DnaJ,81.8
232721.Ajs_0070,Ajs_0070,"Amino&nbsp;acid/amide&nbsp;ABC&nbsp;transporter&nbsp;substrate-binding&nbsp;protein,&nbsp;HAAT&nbsp;family",81.7
232721.Ajs_0366,trpE,Anthranilate&nbsp;synthase&nbsp;component&nbsp;1,81.7
232721.Ajs_2690,Ajs_2690,KEGG:&nbsp;pol:Bpro_1194&nbsp;thymidine&nbsp;phosphorylase,81.7
232721.Ajs_2096,Ajs_2096,TIGRFAM:&nbsp;dihydrolipoamide&nbsp;dehydrogenase,81.7
232721.Ajs_1375,Ajs_1375,"PFAM:&nbsp;Alcohol&nbsp;dehydrogenase,&nbsp;zinc-binding&nbsp;domain&nbsp;protein",81.5
232721.Ajs_3951,Ajs_3951,NAD(P)&nbsp;transhydrogenase&nbsp;subunit&nbsp;beta,81.4
232721.Ajs_3324,Ajs_3324,PFAM:&nbsp;UvrD/REP&nbsp;helicase,81.3
232721.Ajs_0390,Ajs_0390,PFAM:&nbsp;FAD&nbsp;dependent&nbsp;oxidoreductase,81.3
232721.Ajs_3757,Ajs_3757,Hydroxymethylglutaryl-CoA&nbsp;lyase,81.2
232721.Ajs_3262,acpS,Holo-[acyl-carrier-protein]&nbsp;synthase,81.1
232721.Ajs_1158,Ajs_1158,TIGRFAM:&nbsp;diguanylate&nbsp;cyclase,81.1
232721.Ajs_2860,Ajs_2860,KEGG:&nbsp;rso:RSp1612&nbsp;probable&nbsp;tartrate&nbsp;dehydrogenase&nbsp;oxidoreductase&nbsp;protein,81.1
232721.Ajs_0227,Ajs_0227,Tautomerase,81.0
232721.Ajs_0367,Ajs_0367,PFAM:&nbsp;Chorismate&nbsp;mutase,81.0
232721.Ajs_1608,glnS,Glutamine--tRNA&nbsp;ligase,81.0
232721.Ajs_0961,Ajs_0961,"KEGG:&nbsp;pol:Bpro_3252&nbsp;NADH-quinone&nbsp;oxidoreductase,&nbsp;E&nbsp;subunit",80.9
232721.Ajs_2889,ppc,Phosphoenolpyruvate&nbsp;carboxylase,80.9
232721.Ajs_2282,tadA,tRNA-specific&nbsp;adenosine&nbsp;deaminase,80.9
232721.Ajs_3473,Ajs_3473,Lipoprotein&nbsp;signal&nbsp;peptidase,80.9
232721.Ajs_2562,nusA,Transcription&nbsp;termination/antitermination&nbsp;protein&nbsp;NusA,80.8
232721.Ajs_0874,aspS,Aspartate--tRNA(Asp/Asn)&nbsp;ligase,80.8
232721.Ajs_0385,Ajs_0385,"Carbohydrate&nbsp;ABC&nbsp;transporter&nbsp;ATP-binding&nbsp;protein,&nbsp;CUT1&nbsp;family",80.8
232721.Ajs_3435,Ajs_3435,"PFAM:&nbsp;cytochrome&nbsp;c&nbsp;oxidase,&nbsp;subunit&nbsp;I",80.7
232721.Ajs_2669,Ajs_2669,"PFAM:&nbsp;multicopper&nbsp;oxidase,&nbsp;type&nbsp;2",80.6
232721.Ajs_3569,Ajs_3569,Dihydroorotase,80.5
232721.Ajs_0997,eno,Enolase,80.5
232721.Ajs_0086,Ajs_0086,KEGG:&nbsp;rme:Rmet_5138&nbsp;hypothetical&nbsp;protein,80.5
232721.Ajs_0084,Ajs_0084,KEGG:&nbsp;rfr:Rfer_0459&nbsp;ATP-dependent&nbsp;DNA&nbsp;helicase&nbsp;RecQ,80.4
232721.Ajs_3922,dapB,4-hydroxy-tetrahydrodipicolinate&nbsp;reductase,80.4
232721.Ajs_1699,Ajs_1699,KEGG:&nbsp;rfr:Rfer_2490&nbsp;putative&nbsp;glutathione&nbsp;S-transferase-related&nbsp;protein,80.3
232721.Ajs_3250,lysS,Lysine--tRNA&nbsp;ligase,80.3
232721.Ajs_2824,Ajs_2824,PFAM:&nbsp;ABC&nbsp;transporter&nbsp;related,80.3
232721.Ajs_0384,Ajs_0384,"Carbohydrate&nbsp;ABC&nbsp;transporter&nbsp;ATP-binding&nbsp;protein,&nbsp;CUT1&nbsp;family",80.3
232721.Ajs_3207,Ajs_3207,"PFAM:&nbsp;aminotransferase,&nbsp;class&nbsp;I&nbsp;and&nbsp;II",80.2
232721.Ajs_0218,Ajs_0218,"Catechol&nbsp;2,3-dioxygenase",80.0
232721.Ajs_1800,Ajs_1800,"PFAM:&nbsp;Glutathione&nbsp;S-transferase,&nbsp;N-terminal&nbsp;domain",79.8
232721.Ajs_2368,Ajs_2368,Phosphate-specific&nbsp;transport&nbsp;system&nbsp;accessory&nbsp;protein&nbsp;PhoU,79.8
232721.Ajs_3160,Ajs_3160,"TIGRFAM:&nbsp;lipoprotein,&nbsp;YaeC&nbsp;family",79.8
232721.Ajs_1748,mobA,Molybdenum&nbsp;cofactor&nbsp;guanylyltransferase,79.8
232721.Ajs_2742,ppnP,Pyrimidine/purine&nbsp;nucleoside&nbsp;phosphorylase,79.7
232721.Ajs_1160,surE,5'-nucleotidase&nbsp;SurE,79.7
232721.Ajs_0641,glmS,Glutamine--fructose-6-phosphate&nbsp;aminotransferase&nbsp;[isomerizing],79.7
232721.Ajs_2900,Ajs_2900,KEGG:&nbsp;rfr:Rfer_2378&nbsp;cysteine&nbsp;synthase&nbsp;B,79.7
232721.Ajs_0790,Ajs_0790,Cytochrome&nbsp;b,79.6
232721.Ajs_0382,glpK,Glycerol&nbsp;kinase,79.6
232721.Ajs_0282,rpsS,30S&nbsp;ribosomal&nbsp;protein&nbsp;S19,79.6
232721.Ajs_0407,rplQ,PFAM:&nbsp;ribosomal&nbsp;protein&nbsp;L17,79.6
232721.Ajs_3574,Ajs_3574,CheA&nbsp;signal&nbsp;transduction&nbsp;histidine&nbsp;kinase,79.6
232721.Ajs_2582,frr,Ribosome-recycling&nbsp;factor,79.4
232721.Ajs_3299,Ajs_3299,TIGRFAM:&nbsp;penicillin-binding&nbsp;protein&nbsp;1C,79.4
232721.Ajs_3470,Ajs_3470,"TIGRFAM:&nbsp;formate&nbsp;dehydrogenase,&nbsp;alpha&nbsp;subunit",79.3
232721.Ajs_3790,Ajs_3790,CheA&nbsp;signal&nbsp;transduction&nbsp;histidine&nbsp;kinase,79.3
232721.Ajs_3048,Ajs_3048,KEGG:&nbsp;xcb:XC_2079&nbsp;YeeC-like&nbsp;protein,79.3
232721.Ajs_0501,Ajs_0501,Trehalose-6-phosphate&nbsp;synthase,79.3
232721.Ajs_2884,flhD,Flagellar&nbsp;transcriptional&nbsp;regulator&nbsp;FlhD,79.2
232721.Ajs_0775,hisF,Imidazole&nbsp;glycerol&nbsp;phosphate&nbsp;synthase&nbsp;subunit&nbsp;HisF,79.2
232721.Ajs_2828,tsaD,tRNA&nbsp;N6-adenosine&nbsp;threonylcarbamoyltransferase,79.1
232721.Ajs_2871,Ajs_2871,Hydroxymethylglutaryl-CoA&nbsp;lyase,79.1
232721.Ajs_2038,Ajs_2038,PFAM:&nbsp;AMP-dependent&nbsp;synthetase&nbsp;and&nbsp;ligase,79.1
232721.Ajs_0610,Ajs_0610,"TIGRFAM:&nbsp;polar&nbsp;amino&nbsp;acid&nbsp;ABC&nbsp;transporter,&nbsp;inner&nbsp;membrane&nbsp;subunit",79.0
232721.Ajs_0103,Ajs_0103,PFAM:&nbsp;acyl-CoA&nbsp;dehydrogenase&nbsp;domain&nbsp;protein,79.0
232721.Ajs_3580,Ajs_3580,PFAM:&nbsp;Phosphomethylpyrimidine&nbsp;kinase&nbsp;type-1,78.9
232721.Ajs_0062,Ajs_0062,PFAM:&nbsp;acyl-CoA&nbsp;dehydrogenase&nbsp;domain&nbsp;protein,78.8
232721.Ajs_3675,murE,"UDP-N-acetylmuramoyl-L-alanyl-D-glutamate--2,6-diaminopimelate&nbsp;ligase",78.7
232721.Ajs_2044,Ajs_2044,KEGG:&nbsp;pol:Bpro_2168&nbsp;lactoylglutathione&nbsp;lyase,78.7
232721.Ajs_0296,Ajs_0296,"TIGRFAM:&nbsp;phosphocarrier,&nbsp;HPr&nbsp;family",78.7
232721.Ajs_2297,Ajs_2297,"TIGRFAM:&nbsp;isocitrate&nbsp;dehydrogenase,&nbsp;NADP-dependent",78.7
232721.Ajs_3680,hslU,ATP-dependent&nbsp;protease&nbsp;ATPase&nbsp;subunit&nbsp;HslU,78.6
232721.Ajs_3998,Ajs_3998,Integral&nbsp;membrane&nbsp;sensor&nbsp;signal&nbsp;transduction&nbsp;histidine&nbsp;kinase,78.6
232721.Ajs_2161,Ajs_2161,Trehalose&nbsp;6-phosphate&nbsp;phosphatase,78.6
232721.Ajs_2043,Ajs_2043,"Carbamoyl-phosphate&nbsp;synthase&nbsp;L&nbsp;chain,&nbsp;ATP-binding&nbsp;protein",78.4
232721.Ajs_3812,Ajs_3812,Flagellin,78.4
232721.Ajs_4082,Ajs_4082,Integral&nbsp;membrane&nbsp;sensor&nbsp;signal&nbsp;transduction&nbsp;histidine&nbsp;kinase,78.4
232721.Ajs_1077,Ajs_1077,PFAM:&nbsp;Malonyl-CoA&nbsp;decarboxylase,78.3
232721.Ajs_1446,Ajs_1312,PFAM:&nbsp;single-strand&nbsp;binding&nbsp;protein/Primosomal&nbsp;replication&nbsp;protein&nbsp;n,78.2
232721.Ajs_0328,Ajs_0328,"TIGRFAM:&nbsp;transporter,&nbsp;hydrophobe/amphiphile&nbsp;efflux-1&nbsp;(HAE1)&nbsp;family",78.1
232721.Ajs_0371,Ajs_0371,KEGG:&nbsp;rfr:Rfer_3606&nbsp;diguanylate&nbsp;cyclase&nbsp;with&nbsp;PAS/PAC&nbsp;sensor,78.1
232721.Ajs_2682,Ajs_2682,"PFAM:&nbsp;D-isomer&nbsp;specific&nbsp;2-hydroxyacid&nbsp;dehydrogenase,&nbsp;catalytic&nbsp;region",78.1
232721.Ajs_2123,Ajs_2123,TIGRFAM:&nbsp;dihydrolipoamide&nbsp;dehydrogenase,78.0
232721.Ajs_0209,Ajs_0209,Phenol&nbsp;2-monooxygenase&nbsp;P3&nbsp;subunit,78.0
232721.Ajs_0345,Ajs_0345,Thiol:disulfide&nbsp;interchange&nbsp;protein,78.0
232721.Ajs_2370,Ajs_2370,"TIGRFAM:&nbsp;phosphate&nbsp;ABC&nbsp;transporter,&nbsp;inner&nbsp;membrane&nbsp;subunit&nbsp;PstA",77.8
232721.Ajs_2795,Ajs_2795,"KEGG:&nbsp;pol:Bpro_3602&nbsp;succinate&nbsp;dehydrogenase,&nbsp;flavoprotein&nbsp;subunit",77.8
232721.Ajs_2879,Ajs_2879,Phosphoenolpyruvate&nbsp;synthase,77.7
232721.Ajs_3644,Ajs_3644,Phospho-2-dehydro-3-deoxyheptonate&nbsp;aldolase,77.6
232721.Ajs_0770,Ajs_0770,KEGG:&nbsp;bxe:Bxe_A2972&nbsp;putative&nbsp;transmembrane&nbsp;protein,77.6
232721.Ajs_1787,Ajs_1787,TIGRFAM:&nbsp;phosphomethylpyrimidine&nbsp;kinase,77.6
232721.Ajs_3179,Ajs_3179,"PFAM:&nbsp;aminotransferase,&nbsp;class&nbsp;I&nbsp;and&nbsp;II",77.6
232721.Ajs_2378,ppk,Polyphosphate&nbsp;kinase,77.5
232721.Ajs_0147,Ajs_0147,Methionine&nbsp;synthase&nbsp;(B12-dependent),77.5
232721.Ajs_0612,Ajs_0612,L-glutamate&nbsp;ABC&nbsp;transporter&nbsp;ATP-binding&nbsp;protein&nbsp;/&nbsp;L-aspartate&nbsp;ABC&nbsp;transporter&nbsp;ATP-binding&nbsp;protein,77.4
232721.Ajs_0355,Ajs_0355,Phosphatidylglycerophosphatase&nbsp;A,77.3
232721.Ajs_3213,rplI,50S&nbsp;ribosomal&nbsp;protein&nbsp;L9,77.3
232721.Ajs_2350,dnaX,DNA&nbsp;polymerase&nbsp;III&nbsp;subunit&nbsp;gamma/tau,77.3
232721.Ajs_3894,Ajs_3894,TIGRFAM:&nbsp;sun&nbsp;protein,77.2
232721.Ajs_3561,Ajs_3561,PFAM:&nbsp;protein&nbsp;of&nbsp;unknown&nbsp;function&nbsp;DUF490,77.2
232721.Ajs_0065,minC,Probable&nbsp;septum&nbsp;site-determining&nbsp;protein&nbsp;MinC,77.1
232721.Ajs_2528,Ajs_2528,KEGG:&nbsp;xcv:XCV2167&nbsp;hypothetical&nbsp;protein,77.0
232721.Ajs_1240,Ajs_1240,Iron&nbsp;permease&nbsp;FTR1,77.0
232721.Ajs_1209,clpP,ATP-dependent&nbsp;Clp&nbsp;protease&nbsp;proteolytic&nbsp;subunit,77.0
232721.Ajs_2585,rpsB,PFAM:&nbsp;ribosomal&nbsp;protein&nbsp;S2,76.9
232721.Ajs_3251,Ajs_3251,TIGRFAM:&nbsp;diguanylate&nbsp;cyclase,76.9
232721.Ajs_3385,rpmG,PFAM:&nbsp;ribosomal&nbsp;protein&nbsp;L33,76.9
232721.Ajs_3618,ychF,Ribosome-binding&nbsp;ATPase&nbsp;YchF,76.8
232721.Ajs_3747,Ajs_3747,UvrABC&nbsp;system&nbsp;protein&nbsp;A,76.7
232721.Ajs_3800,Ajs_3800,PFAM:&nbsp;surface&nbsp;presentation&nbsp;of&nbsp;antigens&nbsp;(SPOA)&nbsp;protein,76.7
232721.Ajs_0381,proC,Pyrroline-5-carboxylate&nbsp;reductase,76.7
232721.Ajs_2476,Ajs_2476,"Multisubunit&nbsp;potassium/proton&nbsp;antiporter,&nbsp;PhaD&nbsp;subunit",76.6
232721.Ajs_0391,rplN,50S&nbsp;ribosomal&nbsp;protein&nbsp;L14,76.6
232721.Ajs_3700,ruvA,Holliday&nbsp;junction&nbsp;ATP-dependent&nbsp;DNA&nbsp;helicase&nbsp;RuvA,76.6
232721.Ajs_0530,Ajs_0530,PFAM:&nbsp;phospholipid/glycerol&nbsp;acyltransferase,76.6
232721.Ajs_0760,hisD,Histidinol&nbsp;dehydrogenase,76.6
232721.Ajs_0114,Ajs_0114,PFAM:&nbsp;HpcH/HpaI&nbsp;aldolase,76.5
232721.Ajs_3560,Ajs_3560,PFAM:&nbsp;surface&nbsp;antigen&nbsp;(D15),76.5
232721.Ajs_2800,Ajs_2800,"PFAM:&nbsp;Alcohol&nbsp;dehydrogenase,&nbsp;zinc-binding&nbsp;domain&nbsp;protein",76.4
232721.Ajs_2020,Ajs_2020,DNA-3-methyladenine&nbsp;glycosylase&nbsp;II,76.4
232721.Ajs_0329,Ajs_0329,"TIGRFAM:&nbsp;RND&nbsp;efflux&nbsp;system,&nbsp;outer&nbsp;membrane&nbsp;lipoprotein,&nbsp;NodT&nbsp;family",76.4
232721.Ajs_0238,gatC,Aspartyl/glutamyl-tRNA(Asn/Gln)&nbsp;amidotransferase&nbsp;subunit&nbsp;C,76.4
232721.Ajs_1959,Ajs_1959,PFAM:&nbsp;FAD-dependent&nbsp;pyridine&nbsp;nucleotide-disulphide&nbsp;oxidoreductase,76.3
232721.Ajs_3190,Ajs_3190,Riboflavin&nbsp;biosynthesis&nbsp;protein&nbsp;RibD,76.3
232721.Ajs_1790,Ajs_1790,Ferredoxin,76.1
232721.Ajs_2136,Ajs_2136,PFAM:&nbsp;FAD&nbsp;dependent&nbsp;oxidoreductase,76.0
232721.Ajs_2854,Ajs_2854,TIGRFAM:&nbsp;FeS&nbsp;assembly&nbsp;protein&nbsp;SufB,76.0
232721.Ajs_0948,rpoZ,DNA-directed&nbsp;RNA&nbsp;polymerase&nbsp;subunit&nbsp;omega,76.0
232721.Ajs_3090,Ajs_3090,PFAM:&nbsp;Rieske&nbsp;[2Fe-2S]&nbsp;domain&nbsp;protein,75.9
232721.Ajs_3510,Ajs_3510,Multi-sensor&nbsp;signal&nbsp;transduction&nbsp;histidine&nbsp;kinase,75.9
232721.Ajs_1057,fumC,Fumarate&nbsp;hydratase&nbsp;class&nbsp;II,75.9
232721.Ajs_1687,Ajs_1687,PFAM:&nbsp;acyl-CoA&nbsp;dehydrogenase&nbsp;domain&nbsp;protein,75.9
232721.Ajs_1483,Ajs_1483,"TIGRFAM:&nbsp;heavy&nbsp;metal&nbsp;efflux&nbsp;pump,&nbsp;CzcA&nbsp;family",75.8
232721.Ajs_2345,metN,Methionine&nbsp;import&nbsp;ATP-binding&nbsp;protein&nbsp;MetN,75.8
232721.Ajs_2348,recR,Recombination&nbsp;protein&nbsp;RecR,75.7
232721.Ajs_3666,ftsA,Cell&nbsp;division&nbsp;protein&nbsp;FtsA,75.7
232721.Ajs_3954,Ajs_3954,NAD(P)(+)&nbsp;transhydrogenase&nbsp;(AB-specific),75.7
232721.Ajs_0118,Ajs_0118,PFAM:&nbsp;acyl-CoA&nbsp;dehydrogenase&nbsp;domain&nbsp;protein,75.6
232721.Ajs_3029,Ajs_3029,PFAM:&nbsp;NAD-dependent&nbsp;epimerase/dehydratase,75.6
232721.Ajs_0193,Ajs_0193,Integral&nbsp;membrane&nbsp;sensor&nbsp;signal&nbsp;transduction&nbsp;histidine&nbsp;kinase,75.5
232721.Ajs_3122,Ajs_3122,"Amino&nbsp;acid/amide&nbsp;ABC&nbsp;transporter&nbsp;ATP-binding&nbsp;protein&nbsp;1,&nbsp;HAAT&nbsp;family",75.5
232721.Ajs_1895,Ajs_1895,PFAM:&nbsp;globin,75.5
232721.Ajs_4002,recX,Regulatory&nbsp;protein&nbsp;RecX,75.4
232721.Ajs_1931,Ajs_1931,KEGG:&nbsp;pol:Bpro_1577&nbsp;acetyl-CoA&nbsp;C-acetyltransferase,75.3
232721.Ajs_0545,Ajs_0545,PFAM:&nbsp;ABC&nbsp;transporter&nbsp;related,75.3
232721.Ajs_0066,Ajs_0066,TIGRFAM:&nbsp;septum&nbsp;site-determining&nbsp;protein&nbsp;MinD,75.2
232721.Ajs_0194,Ajs_0194,"Two&nbsp;component&nbsp;transcriptional&nbsp;regulator,&nbsp;winged&nbsp;helix&nbsp;family",75.2
232721.Ajs_4252,Ajs_4252,Cytosine-specific&nbsp;methyltransferase,75.0
232721.Ajs_1067,acsA,Acetyl-coenzyme&nbsp;A&nbsp;synthetase,75.0
232721.Ajs_2400,thrS,Threonine--tRNA&nbsp;ligase,75.0
232721.Ajs_3952,Ajs_3952,"KEGG:&nbsp;pol:Bpro_4545&nbsp;NAD(P)&nbsp;transhydrogenase,&nbsp;subunit&nbsp;alpha&nbsp;part&nbsp;2",74.9
232721.Ajs_3629,Ajs_3629,Integral&nbsp;membrane&nbsp;sensor&nbsp;signal&nbsp;transduction&nbsp;histidine&nbsp;kinase,74.9
232721.Ajs_0392,rplX,50S&nbsp;ribosomal&nbsp;protein&nbsp;L24,74.9
232721.Ajs_1690,phnC,Phosphonates&nbsp;import&nbsp;ATP-binding&nbsp;protein&nbsp;PhnC,74.8
232721.Ajs_3014,Ajs_3014,PFAM:&nbsp;UDP-glucose/GDP-mannose&nbsp;dehydrogenase,74.8
232721.Ajs_0863,Ajs_0863,D-3-phosphoglycerate&nbsp;dehydrogenase,74.8
232721.Ajs_0952,rpsO,30S&nbsp;ribosomal&nbsp;protein&nbsp;S15,74.6
232721.Ajs_0157,Ajs_0157,"Amino&nbsp;acid/amide&nbsp;ABC&nbsp;transporter&nbsp;ATP-binding&nbsp;protein&nbsp;2,&nbsp;HAAT&nbsp;family",74.6
232721.Ajs_2796,Ajs_2796,KEGG:&nbsp;pol:Bpro_3603&nbsp;succinate&nbsp;dehydrogenase&nbsp;and&nbsp;fumarate&nbsp;reductase&nbsp;iron-sulfur&nbsp;protein,74.6
232721.Ajs_3772,Ajs_3772,"PFAM:&nbsp;histidine&nbsp;kinase,&nbsp;HAMP&nbsp;region&nbsp;domain&nbsp;protein",74.6
232721.Ajs_0225,Ajs_0225,PFAM:&nbsp;Hydratase/decarboxylase,74.6
232721.Ajs_0348,Ajs_0348,RNA&nbsp;polymerase&nbsp;sigma-54&nbsp;factor,74.4
232721.Ajs_0307,atpG,ATP&nbsp;synthase&nbsp;gamma&nbsp;chain,74.3
232721.Ajs_1810,Ajs_1810,"PFAM:&nbsp;extracellular&nbsp;solute-binding&nbsp;protein,&nbsp;family&nbsp;5",74.2
232721.Ajs_3660,Ajs_3660,"PFAM:&nbsp;histidine&nbsp;kinase,&nbsp;HAMP&nbsp;region&nbsp;domain&nbsp;protein",74.2
232721.Ajs_3955,Ajs_3955,KEGG:&nbsp;rso:RSc0573&nbsp;probable&nbsp;fructose-bisphosphate&nbsp;aldolase&nbsp;protein,74.1
232721.Ajs_2152,Ajs_2152,"PFAM:&nbsp;histidine&nbsp;kinase,&nbsp;HAMP&nbsp;region&nbsp;domain&nbsp;protein",74.1
232721.Ajs_2336,Ajs_2336,"TIGRFAM:&nbsp;sulfate&nbsp;ABC&nbsp;transporter,&nbsp;inner&nbsp;membrane&nbsp;subunit",74.1
232721.Ajs_3799,Ajs_3799,TIGRFAM:&nbsp;flagellar&nbsp;motor&nbsp;switch&nbsp;protein&nbsp;FliN,74.1
232721.Ajs_4123,Ajs_4123,"PFAM:&nbsp;histidine&nbsp;kinase,&nbsp;HAMP&nbsp;region&nbsp;domain&nbsp;protein",74.1
232721.Ajs_3959,Ajs_3959,TIGRFAM:&nbsp;transketolase,74.1
232721.Ajs_2487,Ajs_2487,Cytokinin&nbsp;riboside&nbsp;5'-monophosphate&nbsp;phosphoribohydrolase,74.0
232721.Ajs_1980,Ajs_1980,TIGRFAM:&nbsp;diguanylate&nbsp;cyclase,74.0
232721.Ajs_2972,Ajs_2972,"Putative&nbsp;transcriptional&nbsp;regulator,&nbsp;MerR&nbsp;family",74.0
232721.Ajs_4101,Ajs_4101,PFAM:&nbsp;flagellar&nbsp;basal&nbsp;body&nbsp;rod&nbsp;protein,74.0
232721.Ajs_3206,Ajs_3206,PFAM:&nbsp;homoserine&nbsp;dehydrogenase,73.9
232721.Ajs_0054,Ajs_0054,TIGRFAM:&nbsp;acetoacetyl-CoA&nbsp;synthase,73.9
232721.Ajs_0864,Ajs_0864,FAD&nbsp;linked&nbsp;oxidase&nbsp;domain&nbsp;protein,73.9
232721.Ajs_0356,thiL,Thiamine-monophosphate&nbsp;kinase,73.8
232721.Ajs_3398,Ajs_3398,TIGRFAM:&nbsp;riboflavin&nbsp;biosynthesis&nbsp;protein&nbsp;RibF,73.7
232721.Ajs_1926,Ajs_1926,"PFAM:&nbsp;D-isomer&nbsp;specific&nbsp;2-hydroxyacid&nbsp;dehydrogenase,&nbsp;catalytic&nbsp;region",73.7
232721.Ajs_0762,hisC,TIGRFAM:&nbsp;histidinol-phosphate&nbsp;aminotransferase,73.7
232721.Ajs_1567,Ajs_1567,PFAM:&nbsp;metallophosphoesterase,73.6
232721.Ajs_3497,Ajs_3497,Quinolinate&nbsp;synthase,73.6
232721.Ajs_3499,panB,3-methyl-2-oxobutanoate&nbsp;hydroxymethyltransferase,73.6
232721.Ajs_0049,Ajs_0049,"KEGG:&nbsp;pfo:Pfl_4308&nbsp;chemotaxis&nbsp;sensory&nbsp;transducer,&nbsp;PAS/Pac&nbsp;sensor",73.5
232721.Ajs_4046,sucD,Succinate--CoA&nbsp;ligase&nbsp;[ADP-forming]&nbsp;subunit&nbsp;alpha,73.3
232721.Ajs_3279,Ajs_3279,TIGRFAM:&nbsp;malonyl&nbsp;CoA-acyl&nbsp;carrier&nbsp;protein&nbsp;transacylase,73.3
232721.Ajs_3756,Ajs_3756,TIGRFAM:&nbsp;diguanylate&nbsp;cyclase,73.2
232721.Ajs_2040,Ajs_2040,KEGG:&nbsp;rfr:Rfer_2805&nbsp;methylmalonyl-CoA&nbsp;mutase,73.2
232721.Ajs_3149,Ajs_3149,"(P)ppGpp&nbsp;synthetase&nbsp;I,&nbsp;SpoT/RelA",73.2
232721.Ajs_3154,Ajs_3154,Integral&nbsp;membrane&nbsp;sensor&nbsp;signal&nbsp;transduction&nbsp;histidine&nbsp;kinase,73.1
232721.Ajs_0966,Ajs_0966,NADH&nbsp;dehydrogenase&nbsp;subunit&nbsp;J,73.1
232721.Ajs_0280,rplW,50S&nbsp;ribosomal&nbsp;protein&nbsp;L23,73.1
232721.Ajs_0750,Ajs_0750,PFAM:&nbsp;Mammalian&nbsp;cell&nbsp;entry&nbsp;related&nbsp;domain&nbsp;protein,73.1
232721.Ajs_3127,Ajs_3127,"PFAM:&nbsp;extracellular&nbsp;solute-binding&nbsp;protein,&nbsp;family&nbsp;1",73.0
232721.Ajs_0859,Ajs_0859,"Carbohydrate&nbsp;ABC&nbsp;transporter&nbsp;ATP-binding&nbsp;protein,&nbsp;CUT1&nbsp;family",72.9
232721.Ajs_3387,Ajs_3387,PFAM:&nbsp;Fmu&nbsp;(Sun)&nbsp;domain&nbsp;protein,72.8
232721.Ajs_2017,Ajs_2017,Diguanylate&nbsp;cyclase/phosphodiesterase&nbsp;with&nbsp;PAS/PAC&nbsp;sensor(S),72.8
232721.Ajs_0513,Ajs_0513,(S)-2-hydroxy-acid&nbsp;oxidase,72.8
232721.Ajs_2559,truB,tRNA&nbsp;pseudouridine&nbsp;synthase&nbsp;B,72.8
232721.Ajs_2245,Ajs_2245,Pyridine&nbsp;nucleotide-disulfide&nbsp;oxidoreductase&nbsp;dimerization&nbsp;region,72.7
232721.Ajs_0657,Ajs_0657,TIGRFAM:&nbsp;cyanophycin&nbsp;synthetase,72.7
232721.Ajs_4025,Ajs_4025,"PFAM:&nbsp;Glutathione&nbsp;S-transferase,&nbsp;N-terminal&nbsp;domain",72.7
232721.Ajs_0150,aroK,Shikimate&nbsp;kinase,72.7
232721.Ajs_4053,fmt,Methionyl-tRNA&nbsp;formyltransferase,72.6
232721.Ajs_3355,rpsP,PFAM:&nbsp;ribosomal&nbsp;protein&nbsp;S16,72.6
232721.Ajs_3218,dnaK,Chaperone&nbsp;protein&nbsp;DnaK,72.4
232721.Ajs_1100,Ajs_1100,PFAM:&nbsp;transport&nbsp;system&nbsp;permease&nbsp;protein,72.3
232721.Ajs_0352,Ajs_0352,PFAM:&nbsp;EPSP&nbsp;synthase&nbsp;(3-phosphoshikimate&nbsp;1-carboxyvinyltransferase),72.1
232721.Ajs_2521,gshA,TIGRFAM:&nbsp;glutamate--cysteine&nbsp;ligase,72.1
232721.Ajs_0232,Ajs_0232,PFAM:&nbsp;aminoglycoside&nbsp;phosphotransferase,72.1
232721.Ajs_3203,Ajs_3203,TIGRFAM:&nbsp;molybdenum&nbsp;cofactor&nbsp;synthesis&nbsp;domain,72.0
232721.Ajs_3117,Ajs_3117,"Amino&nbsp;acid/amide&nbsp;ABC&nbsp;transporter&nbsp;membrane&nbsp;protein&nbsp;2,&nbsp;HAAT&nbsp;family",72.0
232721.Ajs_1026,Ajs_1026,"2,5-dioxopentanoate&nbsp;dehydrogenase&nbsp;(NAD+)",72.0
232721.Ajs_3245,Ajs_3245,PFAM:&nbsp;sugar&nbsp;transferase,71.9
232721.Ajs_1415,Ajs_1415,"PFAM:&nbsp;cytochrome&nbsp;c,&nbsp;class&nbsp;I",71.8
232721.Ajs_3261,nagZ,Beta-hexosaminidase,71.8
232721.Ajs_1982,gluQ,Glutamyl-Q&nbsp;tRNA(Asp)&nbsp;synthetase,71.7
232721.Ajs_0207,Ajs_0207,Phenol&nbsp;2-monooxygenase&nbsp;P1&nbsp;subunit,71.7
232721.Ajs_2131,rpiA,Ribose-5-phosphate&nbsp;isomerase&nbsp;A,71.6
232721.Ajs_0969,Ajs_0969,NADH&nbsp;dehydrogenase&nbsp;subunit&nbsp;M,71.6
232721.Ajs_1809,Ajs_1809,Enoyl-[acyl-carrier-protein]&nbsp;reductase&nbsp;[NADH],71.5
232721.Ajs_3537,Ajs_3537,Cytochrome&nbsp;c&nbsp;oxidase&nbsp;subunit&nbsp;2,71.5
232721.Ajs_4066,Ajs_4066,Single-stranded&nbsp;DNA-binding&nbsp;protein,71.5
232721.Ajs_2825,Ajs_2825,"Transcriptional&nbsp;regulator,&nbsp;Fis&nbsp;family",71.4
232721.Ajs_1953,Ajs_1953,"Two&nbsp;component&nbsp;transcriptional&nbsp;regulator,&nbsp;winged&nbsp;helix&nbsp;family",71.3
232721.Ajs_0087,Ajs_0087,TIGRFAM:&nbsp;anaerobic&nbsp;ribonucleoside-triphosphate&nbsp;reductase,71.3
232721.Ajs_2143,Ajs_2143,Iron-sulfur&nbsp;cluster&nbsp;assembly&nbsp;scaffold&nbsp;protein&nbsp;IscU,71.2
232721.Ajs_1243,Ajs_1243,Lipoprotein&nbsp;signal&nbsp;peptidase,71.2
232721.Ajs_3522,rpoH,TIGRFAM:&nbsp;RNA&nbsp;polymerase&nbsp;sigma&nbsp;factor&nbsp;RpoH,71.2
232721.Ajs_3400,Ajs_3400,Lipoprotein&nbsp;signal&nbsp;peptidase,71.1
232721.Ajs_3626,ffh,Signal&nbsp;recognition&nbsp;particle&nbsp;protein,70.9
232721.Ajs_1770,Ajs_1770,"TIGRFAM:&nbsp;acetolactate&nbsp;synthase,&nbsp;small&nbsp;subunit",70.9
232721.Ajs_0020,Ajs_0020,"PFAM:&nbsp;histidine&nbsp;kinase,&nbsp;HAMP&nbsp;region&nbsp;domain&nbsp;protein",70.8
232721.Ajs_0963,Ajs_0963,"TIGRFAM:&nbsp;NADH-quinone&nbsp;oxidoreductase,&nbsp;chain&nbsp;G",70.8
232721.Ajs_0931,Ajs_0931,Replicative&nbsp;DNA&nbsp;helicase,70.8
232721.Ajs_1413,Ajs_1413,KEGG:&nbsp;xcv:XCV2382&nbsp;putative&nbsp;secreted&nbsp;protein,70.8
232721.Ajs_0879,Ajs_0879,PFAM:&nbsp;GTP&nbsp;cyclohydrolase&nbsp;I,70.8
232721.Ajs_2469,Ajs_2469,30S&nbsp;ribosomal&nbsp;protein&nbsp;S1,70.6
232721.Ajs_4160,Ajs_4160,"KEGG:&nbsp;pol:Bpro_0009&nbsp;DNA&nbsp;polymerase&nbsp;III,&nbsp;epsilon&nbsp;subunit",70.6
232721.Ajs_1900,hemF,Oxygen-dependent&nbsp;coproporphyrinogen-III&nbsp;oxidase,70.6
232721.Ajs_3156,ispD,2-C-methyl-D-erythritol&nbsp;4-phosphate&nbsp;cytidylyltransferase,70.5
232721.Ajs_0886,Ajs_0886,PFAM:&nbsp;Amidase,70.4
232721.Ajs_0696,tal,Transaldolase,70.3
232721.Ajs_2398,rpmI,PFAM:&nbsp;ribosomal&nbsp;protein&nbsp;L35,70.2
232721.Ajs_3399,ileS,Isoleucine--tRNA&nbsp;ligase,70.2
232721.Ajs_3794,Ajs_3794,"PFAM:&nbsp;regulatory&nbsp;protein,&nbsp;LuxR",70.2
232721.Ajs_1087,Ajs_1087,Cbb3-type&nbsp;cytochrome&nbsp;c&nbsp;oxidase&nbsp;subunit,70.1
232721.Ajs_2891,Ajs_2891,KEGG:&nbsp;rfr:Rfer_1716&nbsp;uroporphyrinogen&nbsp;III&nbsp;synthase,70.1
