1276756.AUEX01000020_gene3417,AUEX01000020_gene3417,annotation&nbsp;not&nbsp;available,98.9
1276756.AUEX01000014_gene2958,AUEX01000014_gene2958,annotation&nbsp;not&nbsp;available,98.9
1276756.AUEX01000011_gene1250,AUEX01000011_gene1250,annotation&nbsp;not&nbsp;available,98.8
1276756.AUEX01000008_gene3255,AUEX01000008_gene3255,annotation&nbsp;not&nbsp;available,98.7
1276756.AUEX01000008_gene3204,AUEX01000008_gene3204,annotation&nbsp;not&nbsp;available,98.7
1276756.AUEX01000012_gene3512,AUEX01000012_gene3512,annotation&nbsp;not&nbsp;available,98.6
1276756.AUEX01000021_gene3344,AUEX01000021_gene3344,annotation&nbsp;not&nbsp;available,98.5
1276756.AUEX01000039_gene359,AUEX01000039_gene359,annotation&nbsp;not&nbsp;available,98.5
1276756.AUEX01000015_gene1963,AUEX01000015_gene1963,annotation&nbsp;not&nbsp;available,98.5
1276756.AUEX01000021_gene3360,AUEX01000021_gene3360,annotation&nbsp;not&nbsp;available,98.4
1276756.AUEX01000028_gene2132,AUEX01000028_gene2132,annotation&nbsp;not&nbsp;available,98.4
1276756.AUEX01000008_gene3187,AUEX01000008_gene3187,annotation&nbsp;not&nbsp;available,98.4
1276756.AUEX01000020_gene3390,AUEX01000020_gene3390,annotation&nbsp;not&nbsp;available,98.4
1276756.AUEX01000004_gene2431,AUEX01000004_gene2431,annotation&nbsp;not&nbsp;available,98.4
1276756.AUEX01000001_gene956,AUEX01000001_gene956,annotation&nbsp;not&nbsp;available,98.3
1276756.AUEX01000003_gene758,AUEX01000003_gene758,annotation&nbsp;not&nbsp;available,98.3
1276756.AUEX01000031_gene133,AUEX01000031_gene133,annotation&nbsp;not&nbsp;available,98.3
1276756.AUEX01000013_gene1524,AUEX01000013_gene1524,annotation&nbsp;not&nbsp;available,98.2
1276756.AUEX01000009_gene1717,AUEX01000009_gene1717,annotation&nbsp;not&nbsp;available,98.2
1276756.AUEX01000010_gene1669,AUEX01000010_gene1669,annotation&nbsp;not&nbsp;available,98.2
1276756.AUEX01000001_gene1070,AUEX01000001_gene1070,annotation&nbsp;not&nbsp;available,98.2
1276756.AUEX01000033_gene28,AUEX01000033_gene28,annotation&nbsp;not&nbsp;available,98.1
1276756.AUEX01000011_gene1285,AUEX01000011_gene1285,annotation&nbsp;not&nbsp;available,98.1
1276756.AUEX01000005_gene2804,AUEX01000005_gene2804,annotation&nbsp;not&nbsp;available,98.1
1276756.AUEX01000009_gene1830,AUEX01000009_gene1830,annotation&nbsp;not&nbsp;available,98.1
1276756.AUEX01000007_gene1361,AUEX01000007_gene1361,annotation&nbsp;not&nbsp;available,98.1
1276756.AUEX01000008_gene3192,AUEX01000008_gene3192,annotation&nbsp;not&nbsp;available,98.1
1276756.AUEX01000005_gene2851,AUEX01000005_gene2851,annotation&nbsp;not&nbsp;available,98.1
1276756.AUEX01000002_gene516,AUEX01000002_gene516,annotation&nbsp;not&nbsp;available,98.0
1276756.AUEX01000012_gene3587,AUEX01000012_gene3587,annotation&nbsp;not&nbsp;available,98.0
1276756.AUEX01000015_gene2007,AUEX01000015_gene2007,annotation&nbsp;not&nbsp;available,98.0
1276756.AUEX01000011_gene1294,AUEX01000011_gene1294,annotation&nbsp;not&nbsp;available,97.9
1276756.AUEX01000004_gene2400,AUEX01000004_gene2400,annotation&nbsp;not&nbsp;available,97.9
1276756.AUEX01000006_gene3045,AUEX01000006_gene3045,annotation&nbsp;not&nbsp;available,97.8
1276756.AUEX01000001_gene1103,AUEX01000001_gene1103,annotation&nbsp;not&nbsp;available,97.8
1276756.AUEX01000010_gene1672,AUEX01000010_gene1672,annotation&nbsp;not&nbsp;available,97.7
1276756.AUEX01000003_gene676,AUEX01000003_gene676,annotation&nbsp;not&nbsp;available,97.7
1276756.AUEX01000005_gene2690,AUEX01000005_gene2690,annotation&nbsp;not&nbsp;available,97.7
1276756.AUEX01000040_gene329,AUEX01000040_gene329,annotation&nbsp;not&nbsp;available,97.7
1276756.AUEX01000004_gene2421,AUEX01000004_gene2421,annotation&nbsp;not&nbsp;available,97.7
1276756.AUEX01000035_gene2224,AUEX01000035_gene2224,annotation&nbsp;not&nbsp;available,97.7
1276756.AUEX01000003_gene696,AUEX01000003_gene696,annotation&nbsp;not&nbsp;available,97.6
1276756.AUEX01000014_gene2957,AUEX01000014_gene2957,annotation&nbsp;not&nbsp;available,97.6
1276756.AUEX01000036_gene1180,AUEX01000036_gene1180,annotation&nbsp;not&nbsp;available,97.5
1276756.AUEX01000005_gene2735,AUEX01000005_gene2735,annotation&nbsp;not&nbsp;available,97.5
1276756.AUEX01000011_gene1266,AUEX01000011_gene1266,annotation&nbsp;not&nbsp;available,97.4
1276756.AUEX01000012_gene3591,AUEX01000012_gene3591,annotation&nbsp;not&nbsp;available,97.4
1276756.AUEX01000016_gene1849,AUEX01000016_gene1849,annotation&nbsp;not&nbsp;available,97.3
1276756.AUEX01000001_gene937,AUEX01000001_gene937,annotation&nbsp;not&nbsp;available,97.3
1276756.AUEX01000014_gene2951,AUEX01000014_gene2951,annotation&nbsp;not&nbsp;available,97.3
1276756.AUEX01000014_gene2931,AUEX01000014_gene2931,annotation&nbsp;not&nbsp;available,97.3
1276756.AUEX01000004_gene2469,AUEX01000004_gene2469,annotation&nbsp;not&nbsp;available,97.3
1276756.AUEX01000012_gene3584,AUEX01000012_gene3584,annotation&nbsp;not&nbsp;available,97.2
1276756.AUEX01000046_gene3141,AUEX01000046_gene3141,annotation&nbsp;not&nbsp;available,97.2
1276756.AUEX01000001_gene1090,AUEX01000001_gene1090,annotation&nbsp;not&nbsp;available,97.2
1276756.AUEX01000033_gene3,AUEX01000033_gene3,annotation&nbsp;not&nbsp;available,97.1
1276756.AUEX01000037_gene268,AUEX01000037_gene268,annotation&nbsp;not&nbsp;available,97.1
1276756.AUEX01000002_gene581,AUEX01000002_gene581,annotation&nbsp;not&nbsp;available,97.1
1276756.AUEX01000009_gene1739,AUEX01000009_gene1739,annotation&nbsp;not&nbsp;available,97.1
1276756.AUEX01000012_gene3503,AUEX01000012_gene3503,annotation&nbsp;not&nbsp;available,97.1
1276756.AUEX01000001_gene1020,AUEX01000001_gene1020,annotation&nbsp;not&nbsp;available,97.0
1276756.AUEX01000033_gene13,AUEX01000033_gene13,annotation&nbsp;not&nbsp;available,97.0
1276756.AUEX01000016_gene1847,AUEX01000016_gene1847,annotation&nbsp;not&nbsp;available,97.0
1276756.AUEX01000014_gene2941,AUEX01000014_gene2941,annotation&nbsp;not&nbsp;available,96.9
1276756.AUEX01000027_gene2083,AUEX01000027_gene2083,annotation&nbsp;not&nbsp;available,96.9
1276756.AUEX01000008_gene3214,AUEX01000008_gene3214,annotation&nbsp;not&nbsp;available,96.9
1276756.AUEX01000006_gene3122,AUEX01000006_gene3122,annotation&nbsp;not&nbsp;available,96.9
1276756.AUEX01000012_gene3598,AUEX01000012_gene3598,annotation&nbsp;not&nbsp;available,96.8
1276756.AUEX01000010_gene1643,AUEX01000010_gene1643,annotation&nbsp;not&nbsp;available,96.8
1276756.AUEX01000025_gene2054,AUEX01000025_gene2054,annotation&nbsp;not&nbsp;available,96.8
1276756.AUEX01000003_gene652,AUEX01000003_gene652,annotation&nbsp;not&nbsp;available,96.7
1276756.AUEX01000014_gene2911,AUEX01000014_gene2911,annotation&nbsp;not&nbsp;available,96.7
1276756.AUEX01000028_gene2158,AUEX01000028_gene2158,annotation&nbsp;not&nbsp;available,96.7
1276756.AUEX01000003_gene832,AUEX01000003_gene832,annotation&nbsp;not&nbsp;available,96.5
1276756.AUEX01000005_gene2704,AUEX01000005_gene2704,annotation&nbsp;not&nbsp;available,96.5
1276756.AUEX01000002_gene440,AUEX01000002_gene440,annotation&nbsp;not&nbsp;available,96.4
1276756.AUEX01000005_gene2663,AUEX01000005_gene2663,annotation&nbsp;not&nbsp;available,96.4
1276756.AUEX01000005_gene2688,AUEX01000005_gene2688,annotation&nbsp;not&nbsp;available,96.4
1276756.AUEX01000011_gene1303,AUEX01000011_gene1303,annotation&nbsp;not&nbsp;available,96.4
1276756.AUEX01000034_gene90,AUEX01000034_gene90,annotation&nbsp;not&nbsp;available,96.4
1276756.AUEX01000025_gene2067,AUEX01000025_gene2067,annotation&nbsp;not&nbsp;available,96.3
1276756.AUEX01000016_gene1857,AUEX01000016_gene1857,annotation&nbsp;not&nbsp;available,96.3
1276756.AUEX01000005_gene2705,AUEX01000005_gene2705,annotation&nbsp;not&nbsp;available,96.2
1276756.AUEX01000015_gene1932,AUEX01000015_gene1932,annotation&nbsp;not&nbsp;available,96.2
1276756.AUEX01000001_gene981,AUEX01000001_gene981,annotation&nbsp;not&nbsp;available,96.1
1276756.AUEX01000010_gene1674,AUEX01000010_gene1674,annotation&nbsp;not&nbsp;available,96.1
1276756.AUEX01000024_gene53,AUEX01000024_gene53,annotation&nbsp;not&nbsp;available,96.1
1276756.AUEX01000012_gene3527,AUEX01000012_gene3527,annotation&nbsp;not&nbsp;available,96.1
1276756.AUEX01000001_gene904,AUEX01000001_gene904,annotation&nbsp;not&nbsp;available,96.0
1276756.AUEX01000003_gene750,AUEX01000003_gene750,annotation&nbsp;not&nbsp;available,96.0
1276756.AUEX01000003_gene851,AUEX01000003_gene851,annotation&nbsp;not&nbsp;available,96.0
1276756.AUEX01000019_gene3462,AUEX01000019_gene3462,annotation&nbsp;not&nbsp;available,96.0
1276756.AUEX01000004_gene2460,AUEX01000004_gene2460,annotation&nbsp;not&nbsp;available,95.9
1276756.AUEX01000029_gene2175,AUEX01000029_gene2175,annotation&nbsp;not&nbsp;available,95.9
1276756.AUEX01000001_gene1069,AUEX01000001_gene1069,annotation&nbsp;not&nbsp;available,95.9
1276756.AUEX01000005_gene2794,AUEX01000005_gene2794,annotation&nbsp;not&nbsp;available,95.8
1276756.AUEX01000004_gene2492,AUEX01000004_gene2492,annotation&nbsp;not&nbsp;available,95.8
1276756.AUEX01000001_gene926,AUEX01000001_gene926,annotation&nbsp;not&nbsp;available,95.8
1276756.AUEX01000037_gene281,AUEX01000037_gene281,annotation&nbsp;not&nbsp;available,95.7
1276756.AUEX01000017_gene3662,AUEX01000017_gene3662,annotation&nbsp;not&nbsp;available,95.7
1276756.AUEX01000019_gene3441,AUEX01000019_gene3441,annotation&nbsp;not&nbsp;available,95.6
1276756.AUEX01000004_gene2534,AUEX01000004_gene2534,annotation&nbsp;not&nbsp;available,95.6
1276756.AUEX01000015_gene1977,AUEX01000015_gene1977,annotation&nbsp;not&nbsp;available,95.6
1276756.AUEX01000003_gene649,AUEX01000003_gene649,annotation&nbsp;not&nbsp;available,95.6
1276756.AUEX01000012_gene3604,AUEX01000012_gene3604,annotation&nbsp;not&nbsp;available,95.6
1276756.AUEX01000001_gene923,AUEX01000001_gene923,annotation&nbsp;not&nbsp;available,95.5
1276756.AUEX01000027_gene2109,AUEX01000027_gene2109,annotation&nbsp;not&nbsp;available,95.5
1276756.AUEX01000021_gene3339,AUEX01000021_gene3339,annotation&nbsp;not&nbsp;available,95.4
1276756.AUEX01000005_gene2832,AUEX01000005_gene2832,annotation&nbsp;not&nbsp;available,95.4
1276756.AUEX01000004_gene2523,AUEX01000004_gene2523,annotation&nbsp;not&nbsp;available,95.3
1276756.AUEX01000006_gene3091,AUEX01000006_gene3091,annotation&nbsp;not&nbsp;available,95.3
1276756.AUEX01000001_gene1051,AUEX01000001_gene1051,annotation&nbsp;not&nbsp;available,95.2
1276756.AUEX01000024_gene60,AUEX01000024_gene60,annotation&nbsp;not&nbsp;available,95.2
1276756.AUEX01000011_gene1320,AUEX01000011_gene1320,annotation&nbsp;not&nbsp;available,95.2
1276756.AUEX01000003_gene854,AUEX01000003_gene854,annotation&nbsp;not&nbsp;available,95.1
1276756.AUEX01000002_gene514,AUEX01000002_gene514,annotation&nbsp;not&nbsp;available,95.1
1276756.AUEX01000020_gene3380,AUEX01000020_gene3380,annotation&nbsp;not&nbsp;available,95.1
1276756.AUEX01000007_gene1392,AUEX01000007_gene1392,annotation&nbsp;not&nbsp;available,95.1
1276756.AUEX01000005_gene2759,AUEX01000005_gene2759,annotation&nbsp;not&nbsp;available,95.1
1276756.AUEX01000014_gene2954,AUEX01000014_gene2954,annotation&nbsp;not&nbsp;available,95.0
1276756.AUEX01000003_gene753,AUEX01000003_gene753,annotation&nbsp;not&nbsp;available,95.0
1276756.AUEX01000015_gene2011,AUEX01000015_gene2011,annotation&nbsp;not&nbsp;available,95.0
1276756.AUEX01000003_gene680,AUEX01000003_gene680,annotation&nbsp;not&nbsp;available,95.0
1276756.AUEX01000011_gene1319,AUEX01000011_gene1319,annotation&nbsp;not&nbsp;available,95.0
1276756.AUEX01000003_gene689,AUEX01000003_gene689,annotation&nbsp;not&nbsp;available,94.9
1276756.AUEX01000001_gene1021,AUEX01000001_gene1021,annotation&nbsp;not&nbsp;available,94.9
1276756.AUEX01000010_gene1601,AUEX01000010_gene1601,annotation&nbsp;not&nbsp;available,94.9
1276756.AUEX01000001_gene974,AUEX01000001_gene974,annotation&nbsp;not&nbsp;available,94.9
1276756.AUEX01000020_gene3411,AUEX01000020_gene3411,annotation&nbsp;not&nbsp;available,94.8
1276756.AUEX01000003_gene788,AUEX01000003_gene788,annotation&nbsp;not&nbsp;available,94.7
1276756.AUEX01000030_gene204,AUEX01000030_gene204,annotation&nbsp;not&nbsp;available,94.7
1276756.AUEX01000005_gene2714,AUEX01000005_gene2714,annotation&nbsp;not&nbsp;available,94.6
1276756.AUEX01000019_gene3475,AUEX01000019_gene3475,annotation&nbsp;not&nbsp;available,94.5
1276756.AUEX01000002_gene586,AUEX01000002_gene586,annotation&nbsp;not&nbsp;available,94.5
1276756.AUEX01000008_gene3226,AUEX01000008_gene3226,annotation&nbsp;not&nbsp;available,94.5
1276756.AUEX01000026_gene245,AUEX01000026_gene245,annotation&nbsp;not&nbsp;available,94.4
1276756.AUEX01000015_gene1998,AUEX01000015_gene1998,annotation&nbsp;not&nbsp;available,94.4
1276756.AUEX01000001_gene1157,AUEX01000001_gene1157,annotation&nbsp;not&nbsp;available,94.4
1276756.AUEX01000028_gene2147,AUEX01000028_gene2147,annotation&nbsp;not&nbsp;available,94.3
1276756.AUEX01000023_gene2295,AUEX01000023_gene2295,annotation&nbsp;not&nbsp;available,94.3
1276756.AUEX01000015_gene1994,AUEX01000015_gene1994,annotation&nbsp;not&nbsp;available,94.3
1276756.AUEX01000002_gene555,AUEX01000002_gene555,annotation&nbsp;not&nbsp;available,94.3
1276756.AUEX01000020_gene3418,AUEX01000020_gene3418,annotation&nbsp;not&nbsp;available,94.3
1276756.AUEX01000017_gene3652,AUEX01000017_gene3652,annotation&nbsp;not&nbsp;available,94.2
1276756.AUEX01000036_gene1176,AUEX01000036_gene1176,annotation&nbsp;not&nbsp;available,94.2
1276756.AUEX01000004_gene2441,AUEX01000004_gene2441,annotation&nbsp;not&nbsp;available,94.1
1276756.AUEX01000002_gene417,AUEX01000002_gene417,annotation&nbsp;not&nbsp;available,94.0
1276756.AUEX01000012_gene3514,AUEX01000012_gene3514,annotation&nbsp;not&nbsp;available,94.0
1276756.AUEX01000012_gene3560,AUEX01000012_gene3560,annotation&nbsp;not&nbsp;available,94.0
1276756.AUEX01000012_gene3535,AUEX01000012_gene3535,annotation&nbsp;not&nbsp;available,93.9
1276756.AUEX01000020_gene3412,AUEX01000020_gene3412,annotation&nbsp;not&nbsp;available,93.9
1276756.AUEX01000024_gene69,AUEX01000024_gene69,annotation&nbsp;not&nbsp;available,93.9
1276756.AUEX01000004_gene2374,AUEX01000004_gene2374,annotation&nbsp;not&nbsp;available,93.9
1276756.AUEX01000003_gene716,AUEX01000003_gene716,annotation&nbsp;not&nbsp;available,93.9
1276756.AUEX01000033_gene20,AUEX01000033_gene20,annotation&nbsp;not&nbsp;available,93.9
1276756.AUEX01000004_gene2344,AUEX01000004_gene2344,annotation&nbsp;not&nbsp;available,93.8
1276756.AUEX01000019_gene3467,AUEX01000019_gene3467,annotation&nbsp;not&nbsp;available,93.8
1276756.AUEX01000004_gene2543,AUEX01000004_gene2543,annotation&nbsp;not&nbsp;available,93.8
1276756.AUEX01000022_gene2590,AUEX01000022_gene2590,annotation&nbsp;not&nbsp;available,93.8
1276756.AUEX01000018_gene2995,AUEX01000018_gene2995,annotation&nbsp;not&nbsp;available,93.7
1276756.AUEX01000001_gene1014,AUEX01000001_gene1014,annotation&nbsp;not&nbsp;available,93.7
1276756.AUEX01000027_gene2090,AUEX01000027_gene2090,annotation&nbsp;not&nbsp;available,93.6
1276756.AUEX01000025_gene2036,AUEX01000025_gene2036,annotation&nbsp;not&nbsp;available,93.6
1276756.AUEX01000010_gene1663,AUEX01000010_gene1663,annotation&nbsp;not&nbsp;available,93.6
1276756.AUEX01000041_gene2640,AUEX01000041_gene2640,annotation&nbsp;not&nbsp;available,93.5
1276756.AUEX01000016_gene1883,AUEX01000016_gene1883,annotation&nbsp;not&nbsp;available,93.5
1276756.AUEX01000024_gene44,AUEX01000024_gene44,annotation&nbsp;not&nbsp;available,93.5
1276756.AUEX01000014_gene2880,AUEX01000014_gene2880,annotation&nbsp;not&nbsp;available,93.5
1276756.AUEX01000013_gene1442,AUEX01000013_gene1442,annotation&nbsp;not&nbsp;available,93.5
1276756.AUEX01000029_gene2171,AUEX01000029_gene2171,annotation&nbsp;not&nbsp;available,93.4
1276756.AUEX01000014_gene2868,AUEX01000014_gene2868,annotation&nbsp;not&nbsp;available,93.4
1276756.AUEX01000024_gene82,AUEX01000024_gene82,annotation&nbsp;not&nbsp;available,93.4
1276756.AUEX01000002_gene598,AUEX01000002_gene598,annotation&nbsp;not&nbsp;available,93.3
1276756.AUEX01000001_gene919,AUEX01000001_gene919,annotation&nbsp;not&nbsp;available,93.3
1276756.AUEX01000005_gene2675,AUEX01000005_gene2675,annotation&nbsp;not&nbsp;available,93.2
1276756.AUEX01000004_gene2418,AUEX01000004_gene2418,annotation&nbsp;not&nbsp;available,93.2
1276756.AUEX01000040_gene325,AUEX01000040_gene325,annotation&nbsp;not&nbsp;available,93.1
1276756.AUEX01000014_gene2961,AUEX01000014_gene2961,annotation&nbsp;not&nbsp;available,93.1
1276756.AUEX01000009_gene1817,AUEX01000009_gene1817,annotation&nbsp;not&nbsp;available,93.1
1276756.AUEX01000010_gene1591,AUEX01000010_gene1591,annotation&nbsp;not&nbsp;available,93.0
1276756.AUEX01000005_gene2694,AUEX01000005_gene2694,annotation&nbsp;not&nbsp;available,93.0
1276756.AUEX01000020_gene3392,AUEX01000020_gene3392,annotation&nbsp;not&nbsp;available,93.0
1276756.AUEX01000006_gene3104,AUEX01000006_gene3104,annotation&nbsp;not&nbsp;available,93.0
1276756.AUEX01000015_gene1986,AUEX01000015_gene1986,annotation&nbsp;not&nbsp;available,92.9
1276756.AUEX01000008_gene3207,AUEX01000008_gene3207,annotation&nbsp;not&nbsp;available,92.9
1276756.AUEX01000005_gene2713,AUEX01000005_gene2713,annotation&nbsp;not&nbsp;available,92.9
1276756.AUEX01000005_gene2763,AUEX01000005_gene2763,annotation&nbsp;not&nbsp;available,92.8
1276756.AUEX01000020_gene3395,AUEX01000020_gene3395,annotation&nbsp;not&nbsp;available,92.8
1276756.AUEX01000014_gene2963,AUEX01000014_gene2963,annotation&nbsp;not&nbsp;available,92.8
1276756.AUEX01000035_gene2236,AUEX01000035_gene2236,annotation&nbsp;not&nbsp;available,92.7
1276756.AUEX01000004_gene2544,AUEX01000004_gene2544,annotation&nbsp;not&nbsp;available,92.7
1276756.AUEX01000011_gene1277,AUEX01000011_gene1277,annotation&nbsp;not&nbsp;available,92.7
1276756.AUEX01000002_gene610,AUEX01000002_gene610,annotation&nbsp;not&nbsp;available,92.7
1276756.AUEX01000003_gene674,AUEX01000003_gene674,annotation&nbsp;not&nbsp;available,92.7
1276756.AUEX01000034_gene106,AUEX01000034_gene106,annotation&nbsp;not&nbsp;available,92.6
1276756.AUEX01000008_gene3152,AUEX01000008_gene3152,annotation&nbsp;not&nbsp;available,92.6
1276756.AUEX01000013_gene1504,AUEX01000013_gene1504,annotation&nbsp;not&nbsp;available,92.5
1276756.AUEX01000048_gene2627,AUEX01000048_gene2627,annotation&nbsp;not&nbsp;available,92.5
1276756.AUEX01000010_gene1656,AUEX01000010_gene1656,annotation&nbsp;not&nbsp;available,92.5
1276756.AUEX01000038_gene301,AUEX01000038_gene301,annotation&nbsp;not&nbsp;available,92.5
1276756.AUEX01000017_gene3633,AUEX01000017_gene3633,annotation&nbsp;not&nbsp;available,92.4
1276756.AUEX01000009_gene1735,AUEX01000009_gene1735,annotation&nbsp;not&nbsp;available,92.4
1276756.AUEX01000008_gene3230,AUEX01000008_gene3230,annotation&nbsp;not&nbsp;available,92.4
1276756.AUEX01000014_gene2960,AUEX01000014_gene2960,annotation&nbsp;not&nbsp;available,92.3
1276756.AUEX01000035_gene2215,AUEX01000035_gene2215,annotation&nbsp;not&nbsp;available,92.3
1276756.AUEX01000030_gene208,AUEX01000030_gene208,annotation&nbsp;not&nbsp;available,92.3
1276756.AUEX01000004_gene2398,AUEX01000004_gene2398,annotation&nbsp;not&nbsp;available,92.3
1276756.AUEX01000033_gene29,AUEX01000033_gene29,annotation&nbsp;not&nbsp;available,92.2
1276756.AUEX01000011_gene1279,AUEX01000011_gene1279,annotation&nbsp;not&nbsp;available,92.2
1276756.AUEX01000047_gene2263,AUEX01000047_gene2263,annotation&nbsp;not&nbsp;available,92.2
1276756.AUEX01000026_gene243,AUEX01000026_gene243,annotation&nbsp;not&nbsp;available,92.2
1276756.AUEX01000001_gene1048,AUEX01000001_gene1048,annotation&nbsp;not&nbsp;available,92.1
1276756.AUEX01000034_gene91,AUEX01000034_gene91,annotation&nbsp;not&nbsp;available,92.1
1276756.AUEX01000006_gene3107,AUEX01000006_gene3107,annotation&nbsp;not&nbsp;available,92.1
1276756.AUEX01000012_gene3551,AUEX01000012_gene3551,annotation&nbsp;not&nbsp;available,92.0
1276756.AUEX01000016_gene1910,AUEX01000016_gene1910,annotation&nbsp;not&nbsp;available,92.0
1276756.AUEX01000015_gene2012,AUEX01000015_gene2012,annotation&nbsp;not&nbsp;available,92.0
1276756.AUEX01000002_gene434,AUEX01000002_gene434,annotation&nbsp;not&nbsp;available,92.0
1276756.AUEX01000002_gene532,AUEX01000002_gene532,annotation&nbsp;not&nbsp;available,92.0
1276756.AUEX01000003_gene831,AUEX01000003_gene831,annotation&nbsp;not&nbsp;available,91.9
1276756.AUEX01000016_gene1929,AUEX01000016_gene1929,annotation&nbsp;not&nbsp;available,91.9
1276756.AUEX01000002_gene391,AUEX01000002_gene391,annotation&nbsp;not&nbsp;available,91.9
1276756.AUEX01000009_gene1782,AUEX01000009_gene1782,annotation&nbsp;not&nbsp;available,91.9
1276756.AUEX01000012_gene3496,AUEX01000012_gene3496,annotation&nbsp;not&nbsp;available,91.9
1276756.AUEX01000005_gene2860,AUEX01000005_gene2860,annotation&nbsp;not&nbsp;available,91.8
1276756.AUEX01000004_gene2366,AUEX01000004_gene2366,annotation&nbsp;not&nbsp;available,91.8
1276756.AUEX01000035_gene2240,AUEX01000035_gene2240,annotation&nbsp;not&nbsp;available,91.7
1276756.AUEX01000008_gene3290,AUEX01000008_gene3290,annotation&nbsp;not&nbsp;available,91.7
1276756.AUEX01000016_gene1921,AUEX01000016_gene1921,annotation&nbsp;not&nbsp;available,91.6
1276756.AUEX01000001_gene875,AUEX01000001_gene875,annotation&nbsp;not&nbsp;available,91.6
1276756.AUEX01000015_gene1939,AUEX01000015_gene1939,annotation&nbsp;not&nbsp;available,91.6
1276756.AUEX01000020_gene3383,AUEX01000020_gene3383,annotation&nbsp;not&nbsp;available,91.6
1276756.AUEX01000006_gene3127,AUEX01000006_gene3127,annotation&nbsp;not&nbsp;available,91.5
1276756.AUEX01000027_gene2114,AUEX01000027_gene2114,annotation&nbsp;not&nbsp;available,91.5
1276756.AUEX01000012_gene3525,AUEX01000012_gene3525,annotation&nbsp;not&nbsp;available,91.4
1276756.AUEX01000020_gene3414,AUEX01000020_gene3414,annotation&nbsp;not&nbsp;available,91.4
1276756.AUEX01000029_gene2189,AUEX01000029_gene2189,annotation&nbsp;not&nbsp;available,91.4
1276756.AUEX01000008_gene3185,AUEX01000008_gene3185,annotation&nbsp;not&nbsp;available,91.4
1276756.AUEX01000013_gene1507,AUEX01000013_gene1507,annotation&nbsp;not&nbsp;available,91.1
1276756.AUEX01000042_gene2653,AUEX01000042_gene2653,annotation&nbsp;not&nbsp;available,91.1
1276756.AUEX01000047_gene2266,AUEX01000047_gene2266,annotation&nbsp;not&nbsp;available,91.0
1276756.AUEX01000002_gene578,AUEX01000002_gene578,annotation&nbsp;not&nbsp;available,91.0
1276756.AUEX01000027_gene2082,AUEX01000027_gene2082,annotation&nbsp;not&nbsp;available,90.9
1276756.AUEX01000028_gene2154,AUEX01000028_gene2154,annotation&nbsp;not&nbsp;available,90.9
1276756.AUEX01000004_gene2357,AUEX01000004_gene2357,annotation&nbsp;not&nbsp;available,90.9
1276756.AUEX01000002_gene634,AUEX01000002_gene634,annotation&nbsp;not&nbsp;available,90.9
1276756.AUEX01000003_gene809,AUEX01000003_gene809,annotation&nbsp;not&nbsp;available,90.9
1276756.AUEX01000012_gene3559,AUEX01000012_gene3559,annotation&nbsp;not&nbsp;available,90.9
1276756.AUEX01000010_gene1565,AUEX01000010_gene1565,annotation&nbsp;not&nbsp;available,90.9
1276756.AUEX01000008_gene3256,AUEX01000008_gene3256,annotation&nbsp;not&nbsp;available,90.8
1276756.AUEX01000005_gene2766,AUEX01000005_gene2766,annotation&nbsp;not&nbsp;available,90.8
1276756.AUEX01000004_gene2437,AUEX01000004_gene2437,annotation&nbsp;not&nbsp;available,90.8
1276756.AUEX01000001_gene1007,AUEX01000001_gene1007,annotation&nbsp;not&nbsp;available,90.8
1276756.AUEX01000008_gene3224,AUEX01000008_gene3224,annotation&nbsp;not&nbsp;available,90.8
1276756.AUEX01000011_gene1323,AUEX01000011_gene1323,annotation&nbsp;not&nbsp;available,90.6
1276756.AUEX01000009_gene1695,AUEX01000009_gene1695,annotation&nbsp;not&nbsp;available,90.6
1276756.AUEX01000028_gene2129,AUEX01000028_gene2129,annotation&nbsp;not&nbsp;available,90.6
1276756.AUEX01000002_gene425,AUEX01000002_gene425,annotation&nbsp;not&nbsp;available,90.5
1276756.AUEX01000015_gene2005,AUEX01000015_gene2005,annotation&nbsp;not&nbsp;available,90.5
1276756.AUEX01000011_gene1296,AUEX01000011_gene1296,annotation&nbsp;not&nbsp;available,90.5
1276756.AUEX01000004_gene2424,AUEX01000004_gene2424,annotation&nbsp;not&nbsp;available,90.4
1276756.AUEX01000003_gene841,AUEX01000003_gene841,annotation&nbsp;not&nbsp;available,90.3
1276756.AUEX01000021_gene3332,AUEX01000021_gene3332,annotation&nbsp;not&nbsp;available,90.3
1276756.AUEX01000020_gene3413,AUEX01000020_gene3413,annotation&nbsp;not&nbsp;available,90.3
1276756.AUEX01000018_gene3014,AUEX01000018_gene3014,annotation&nbsp;not&nbsp;available,90.3
1276756.AUEX01000021_gene3297,AUEX01000021_gene3297,annotation&nbsp;not&nbsp;available,90.3
1276756.AUEX01000003_gene661,AUEX01000003_gene661,annotation&nbsp;not&nbsp;available,90.3
1276756.AUEX01000018_gene2985,AUEX01000018_gene2985,annotation&nbsp;not&nbsp;available,90.3
1276756.AUEX01000001_gene1154,AUEX01000001_gene1154,annotation&nbsp;not&nbsp;available,90.2
1276756.AUEX01000003_gene673,AUEX01000003_gene673,annotation&nbsp;not&nbsp;available,90.2
1276756.AUEX01000033_gene19,AUEX01000033_gene19,annotation&nbsp;not&nbsp;available,90.2
1276756.AUEX01000003_gene780,AUEX01000003_gene780,annotation&nbsp;not&nbsp;available,90.2
1276756.AUEX01000031_gene137,AUEX01000031_gene137,annotation&nbsp;not&nbsp;available,90.2
1276756.AUEX01000003_gene828,AUEX01000003_gene828,annotation&nbsp;not&nbsp;available,90.0
1276756.AUEX01000004_gene2384,AUEX01000004_gene2384,annotation&nbsp;not&nbsp;available,90.0
1276756.AUEX01000024_gene67,AUEX01000024_gene67,annotation&nbsp;not&nbsp;available,90.0
1276756.AUEX01000004_gene2493,AUEX01000004_gene2493,annotation&nbsp;not&nbsp;available,89.9
1276756.AUEX01000016_gene1869,AUEX01000016_gene1869,annotation&nbsp;not&nbsp;available,89.9
1276756.AUEX01000048_gene2630,AUEX01000048_gene2630,annotation&nbsp;not&nbsp;available,89.9
1276756.AUEX01000012_gene3510,AUEX01000012_gene3510,annotation&nbsp;not&nbsp;available,89.9
1276756.AUEX01000011_gene1325,AUEX01000011_gene1325,annotation&nbsp;not&nbsp;available,89.9
1276756.AUEX01000014_gene2923,AUEX01000014_gene2923,annotation&nbsp;not&nbsp;available,89.9
1276756.AUEX01000006_gene3130,AUEX01000006_gene3130,annotation&nbsp;not&nbsp;available,89.8
1276756.AUEX01000027_gene2104,AUEX01000027_gene2104,annotation&nbsp;not&nbsp;available,89.8
1276756.AUEX01000004_gene2349,AUEX01000004_gene2349,annotation&nbsp;not&nbsp;available,89.8
1276756.AUEX01000022_gene2583,AUEX01000022_gene2583,annotation&nbsp;not&nbsp;available,89.8
1276756.AUEX01000010_gene1580,AUEX01000010_gene1580,annotation&nbsp;not&nbsp;available,89.8
1276756.AUEX01000004_gene2355,AUEX01000004_gene2355,annotation&nbsp;not&nbsp;available,89.8
1276756.AUEX01000002_gene552,AUEX01000002_gene552,annotation&nbsp;not&nbsp;available,89.7
1276756.AUEX01000013_gene1526,AUEX01000013_gene1526,annotation&nbsp;not&nbsp;available,89.7
1276756.AUEX01000009_gene1751,AUEX01000009_gene1751,annotation&nbsp;not&nbsp;available,89.7
1276756.AUEX01000003_gene864,AUEX01000003_gene864,annotation&nbsp;not&nbsp;available,89.5
1276756.AUEX01000022_gene2577,AUEX01000022_gene2577,annotation&nbsp;not&nbsp;available,89.5
1276756.AUEX01000036_gene1183,AUEX01000036_gene1183,annotation&nbsp;not&nbsp;available,89.4
1276756.AUEX01000022_gene2595,AUEX01000022_gene2595,annotation&nbsp;not&nbsp;available,89.4
1276756.AUEX01000028_gene2138,AUEX01000028_gene2138,annotation&nbsp;not&nbsp;available,89.4
1276756.AUEX01000013_gene1464,AUEX01000013_gene1464,annotation&nbsp;not&nbsp;available,89.4
1276756.AUEX01000002_gene419,AUEX01000002_gene419,annotation&nbsp;not&nbsp;available,89.4
1276756.AUEX01000036_gene1177,AUEX01000036_gene1177,annotation&nbsp;not&nbsp;available,89.3
1276756.AUEX01000011_gene1297,AUEX01000011_gene1297,annotation&nbsp;not&nbsp;available,89.3
1276756.AUEX01000002_gene602,AUEX01000002_gene602,annotation&nbsp;not&nbsp;available,89.3
1276756.AUEX01000021_gene3315,AUEX01000021_gene3315,annotation&nbsp;not&nbsp;available,89.3
1276756.AUEX01000036_gene1184,AUEX01000036_gene1184,annotation&nbsp;not&nbsp;available,89.3
1276756.AUEX01000001_gene1096,AUEX01000001_gene1096,annotation&nbsp;not&nbsp;available,89.2
1276756.AUEX01000031_gene136,AUEX01000031_gene136,annotation&nbsp;not&nbsp;available,89.1
1276756.AUEX01000019_gene3428,AUEX01000019_gene3428,annotation&nbsp;not&nbsp;available,89.0
1276756.AUEX01000009_gene1790,AUEX01000009_gene1790,annotation&nbsp;not&nbsp;available,89.0
1276756.AUEX01000024_gene70,AUEX01000024_gene70,annotation&nbsp;not&nbsp;available,88.9
1276756.AUEX01000001_gene927,AUEX01000001_gene927,annotation&nbsp;not&nbsp;available,88.9
1276756.AUEX01000003_gene697,AUEX01000003_gene697,annotation&nbsp;not&nbsp;available,88.9
1276756.AUEX01000001_gene917,AUEX01000001_gene917,annotation&nbsp;not&nbsp;available,88.9
1276756.AUEX01000001_gene1114,AUEX01000001_gene1114,annotation&nbsp;not&nbsp;available,88.8
1276756.AUEX01000001_gene912,AUEX01000001_gene912,annotation&nbsp;not&nbsp;available,88.8
1276756.AUEX01000038_gene302,AUEX01000038_gene302,annotation&nbsp;not&nbsp;available,88.8
1276756.AUEX01000013_gene1520,AUEX01000013_gene1520,annotation&nbsp;not&nbsp;available,88.8
1276756.AUEX01000019_gene3433,AUEX01000019_gene3433,annotation&nbsp;not&nbsp;available,88.8
1276756.AUEX01000004_gene2420,AUEX01000004_gene2420,annotation&nbsp;not&nbsp;available,88.8
1276756.AUEX01000017_gene3616,AUEX01000017_gene3616,annotation&nbsp;not&nbsp;available,88.8
1276756.AUEX01000013_gene1521,AUEX01000013_gene1521,annotation&nbsp;not&nbsp;available,88.8
1276756.AUEX01000001_gene1052,AUEX01000001_gene1052,annotation&nbsp;not&nbsp;available,88.7
1276756.AUEX01000011_gene1265,AUEX01000011_gene1265,annotation&nbsp;not&nbsp;available,88.6
1276756.AUEX01000011_gene1281,AUEX01000011_gene1281,annotation&nbsp;not&nbsp;available,88.6
1276756.AUEX01000024_gene40,AUEX01000024_gene40,annotation&nbsp;not&nbsp;available,88.6
1276756.AUEX01000034_gene99,AUEX01000034_gene99,annotation&nbsp;not&nbsp;available,88.6
1276756.AUEX01000026_gene229,AUEX01000026_gene229,annotation&nbsp;not&nbsp;available,88.6
1276756.AUEX01000010_gene1673,AUEX01000010_gene1673,annotation&nbsp;not&nbsp;available,88.5
1276756.AUEX01000004_gene2383,AUEX01000004_gene2383,annotation&nbsp;not&nbsp;available,88.5
1276756.AUEX01000002_gene580,AUEX01000002_gene580,annotation&nbsp;not&nbsp;available,88.4
1276756.AUEX01000015_gene1960,AUEX01000015_gene1960,annotation&nbsp;not&nbsp;available,88.4
1276756.AUEX01000004_gene2401,AUEX01000004_gene2401,annotation&nbsp;not&nbsp;available,88.4
1276756.AUEX01000015_gene1985,AUEX01000015_gene1985,annotation&nbsp;not&nbsp;available,88.3
1276756.AUEX01000046_gene3144,AUEX01000046_gene3144,annotation&nbsp;not&nbsp;available,88.3
1276756.AUEX01000014_gene2949,AUEX01000014_gene2949,annotation&nbsp;not&nbsp;available,88.3
1276756.AUEX01000014_gene2876,AUEX01000014_gene2876,annotation&nbsp;not&nbsp;available,88.2
1276756.AUEX01000005_gene2819,AUEX01000005_gene2819,annotation&nbsp;not&nbsp;available,88.1
1276756.AUEX01000017_gene3635,AUEX01000017_gene3635,annotation&nbsp;not&nbsp;available,88.0
1276756.AUEX01000026_gene234,AUEX01000026_gene234,annotation&nbsp;not&nbsp;available,88.0
1276756.AUEX01000008_gene3176,AUEX01000008_gene3176,annotation&nbsp;not&nbsp;available,87.9
1276756.AUEX01000001_gene1015,AUEX01000001_gene1015,annotation&nbsp;not&nbsp;available,87.9
1276756.AUEX01000009_gene1781,AUEX01000009_gene1781,annotation&nbsp;not&nbsp;available,87.8
1276756.AUEX01000012_gene3581,AUEX01000012_gene3581,annotation&nbsp;not&nbsp;available,87.8
1276756.AUEX01000004_gene2507,AUEX01000004_gene2507,annotation&nbsp;not&nbsp;available,87.7
1276756.AUEX01000004_gene2364,AUEX01000004_gene2364,annotation&nbsp;not&nbsp;available,87.6
1276756.AUEX01000007_gene1417,AUEX01000007_gene1417,annotation&nbsp;not&nbsp;available,87.4
1276756.AUEX01000006_gene3102,AUEX01000006_gene3102,annotation&nbsp;not&nbsp;available,87.4
1276756.AUEX01000031_gene142,AUEX01000031_gene142,annotation&nbsp;not&nbsp;available,87.4
1276756.AUEX01000008_gene3193,AUEX01000008_gene3193,annotation&nbsp;not&nbsp;available,87.2
1276756.AUEX01000003_gene718,AUEX01000003_gene718,annotation&nbsp;not&nbsp;available,87.2
1276756.AUEX01000011_gene1287,AUEX01000011_gene1287,annotation&nbsp;not&nbsp;available,87.1
1276756.AUEX01000012_gene3607,AUEX01000012_gene3607,annotation&nbsp;not&nbsp;available,87.1
1276756.AUEX01000014_gene2934,AUEX01000014_gene2934,annotation&nbsp;not&nbsp;available,87.1
1276756.AUEX01000012_gene3511,AUEX01000012_gene3511,annotation&nbsp;not&nbsp;available,87.0
1276756.AUEX01000026_gene251,AUEX01000026_gene251,annotation&nbsp;not&nbsp;available,87.0
1276756.AUEX01000012_gene3505,AUEX01000012_gene3505,annotation&nbsp;not&nbsp;available,87.0
1276756.AUEX01000003_gene757,AUEX01000003_gene757,annotation&nbsp;not&nbsp;available,86.8
1276756.AUEX01000005_gene2764,AUEX01000005_gene2764,annotation&nbsp;not&nbsp;available,86.8
1276756.AUEX01000029_gene2198,AUEX01000029_gene2198,annotation&nbsp;not&nbsp;available,86.8
1276756.AUEX01000012_gene3552,AUEX01000012_gene3552,annotation&nbsp;not&nbsp;available,86.7
1276756.AUEX01000031_gene143,AUEX01000031_gene143,annotation&nbsp;not&nbsp;available,86.7
1276756.AUEX01000010_gene1572,AUEX01000010_gene1572,annotation&nbsp;not&nbsp;available,86.6
1276756.AUEX01000015_gene1949,AUEX01000015_gene1949,annotation&nbsp;not&nbsp;available,86.6
1276756.AUEX01000006_gene3098,AUEX01000006_gene3098,annotation&nbsp;not&nbsp;available,86.6
1276756.AUEX01000011_gene1344,AUEX01000011_gene1344,annotation&nbsp;not&nbsp;available,86.6
1276756.AUEX01000016_gene1915,AUEX01000016_gene1915,annotation&nbsp;not&nbsp;available,86.5
1276756.AUEX01000002_gene589,AUEX01000002_gene589,annotation&nbsp;not&nbsp;available,86.5
1276756.AUEX01000014_gene2875,AUEX01000014_gene2875,annotation&nbsp;not&nbsp;available,86.5
1276756.AUEX01000034_gene95,AUEX01000034_gene95,annotation&nbsp;not&nbsp;available,86.3
1276756.AUEX01000004_gene2452,AUEX01000004_gene2452,annotation&nbsp;not&nbsp;available,86.3
1276756.AUEX01000001_gene1097,AUEX01000001_gene1097,annotation&nbsp;not&nbsp;available,86.3
1276756.AUEX01000033_gene16,AUEX01000033_gene16,annotation&nbsp;not&nbsp;available,86.3
1276756.AUEX01000014_gene2947,AUEX01000014_gene2947,annotation&nbsp;not&nbsp;available,86.3
1276756.AUEX01000015_gene1956,AUEX01000015_gene1956,annotation&nbsp;not&nbsp;available,86.2
1276756.AUEX01000014_gene2964,AUEX01000014_gene2964,annotation&nbsp;not&nbsp;available,86.2
1276756.AUEX01000007_gene1419,AUEX01000007_gene1419,annotation&nbsp;not&nbsp;available,86.2
1276756.AUEX01000002_gene538,AUEX01000002_gene538,annotation&nbsp;not&nbsp;available,86.1
1276756.AUEX01000002_gene383,AUEX01000002_gene383,annotation&nbsp;not&nbsp;available,86.1
1276756.AUEX01000013_gene1461,AUEX01000013_gene1461,annotation&nbsp;not&nbsp;available,86.1
1276756.AUEX01000002_gene566,AUEX01000002_gene566,annotation&nbsp;not&nbsp;available,86.1
1276756.AUEX01000001_gene1130,AUEX01000001_gene1130,annotation&nbsp;not&nbsp;available,86.0
1276756.AUEX01000008_gene3208,AUEX01000008_gene3208,annotation&nbsp;not&nbsp;available,86.0
1276756.AUEX01000016_gene1885,AUEX01000016_gene1885,annotation&nbsp;not&nbsp;available,86.0
1276756.AUEX01000001_gene934,AUEX01000001_gene934,annotation&nbsp;not&nbsp;available,86.0
1276756.AUEX01000010_gene1654,AUEX01000010_gene1654,annotation&nbsp;not&nbsp;available,86.0
1276756.AUEX01000018_gene2996,AUEX01000018_gene2996,annotation&nbsp;not&nbsp;available,85.9
1276756.AUEX01000007_gene1388,AUEX01000007_gene1388,annotation&nbsp;not&nbsp;available,85.8
1276756.AUEX01000009_gene1775,AUEX01000009_gene1775,annotation&nbsp;not&nbsp;available,85.8
1276756.AUEX01000016_gene1913,AUEX01000016_gene1913,annotation&nbsp;not&nbsp;available,85.7
1276756.AUEX01000039_gene364,AUEX01000039_gene364,annotation&nbsp;not&nbsp;available,85.6
1276756.AUEX01000010_gene1648,AUEX01000010_gene1648,annotation&nbsp;not&nbsp;available,85.6
1276756.AUEX01000011_gene1345,AUEX01000011_gene1345,annotation&nbsp;not&nbsp;available,85.6
1276756.AUEX01000022_gene2587,AUEX01000022_gene2587,annotation&nbsp;not&nbsp;available,85.6
1276756.AUEX01000005_gene2749,AUEX01000005_gene2749,annotation&nbsp;not&nbsp;available,85.6
1276756.AUEX01000028_gene2144,AUEX01000028_gene2144,annotation&nbsp;not&nbsp;available,85.6
1276756.AUEX01000033_gene30,AUEX01000033_gene30,annotation&nbsp;not&nbsp;available,85.5
1276756.AUEX01000010_gene1614,AUEX01000010_gene1614,annotation&nbsp;not&nbsp;available,85.5
1276756.AUEX01000019_gene3463,AUEX01000019_gene3463,annotation&nbsp;not&nbsp;available,85.5
1276756.AUEX01000013_gene1535,AUEX01000013_gene1535,annotation&nbsp;not&nbsp;available,85.4
1276756.AUEX01000018_gene3028,AUEX01000018_gene3028,annotation&nbsp;not&nbsp;available,85.4
1276756.AUEX01000031_gene140,AUEX01000031_gene140,annotation&nbsp;not&nbsp;available,85.4
1276756.AUEX01000031_gene134,AUEX01000031_gene134,annotation&nbsp;not&nbsp;available,85.4
1276756.AUEX01000004_gene2490,AUEX01000004_gene2490,annotation&nbsp;not&nbsp;available,85.3
1276756.AUEX01000001_gene1135,AUEX01000001_gene1135,annotation&nbsp;not&nbsp;available,85.3
1276756.AUEX01000002_gene377,AUEX01000002_gene377,annotation&nbsp;not&nbsp;available,85.3
1276756.AUEX01000002_gene633,AUEX01000002_gene633,annotation&nbsp;not&nbsp;available,85.2
1276756.AUEX01000017_gene3675,AUEX01000017_gene3675,annotation&nbsp;not&nbsp;available,85.2
1276756.AUEX01000009_gene1820,AUEX01000009_gene1820,annotation&nbsp;not&nbsp;available,85.1
1276756.AUEX01000022_gene2573,AUEX01000022_gene2573,annotation&nbsp;not&nbsp;available,85.0
1276756.AUEX01000020_gene3362,AUEX01000020_gene3362,annotation&nbsp;not&nbsp;available,85.0
1276756.AUEX01000034_gene103,AUEX01000034_gene103,annotation&nbsp;not&nbsp;available,85.0
1276756.AUEX01000007_gene1365,AUEX01000007_gene1365,annotation&nbsp;not&nbsp;available,84.9
1276756.AUEX01000005_gene2800,AUEX01000005_gene2800,annotation&nbsp;not&nbsp;available,84.9
1276756.AUEX01000009_gene1715,AUEX01000009_gene1715,annotation&nbsp;not&nbsp;available,84.9
1276756.AUEX01000035_gene2241,AUEX01000035_gene2241,annotation&nbsp;not&nbsp;available,84.8
1276756.AUEX01000037_gene267,AUEX01000037_gene267,annotation&nbsp;not&nbsp;available,84.8
1276756.AUEX01000011_gene1268,AUEX01000011_gene1268,annotation&nbsp;not&nbsp;available,84.7
1276756.AUEX01000002_gene483,AUEX01000002_gene483,annotation&nbsp;not&nbsp;available,84.7
1276756.AUEX01000009_gene1716,AUEX01000009_gene1716,annotation&nbsp;not&nbsp;available,84.7
1276756.AUEX01000004_gene2427,AUEX01000004_gene2427,annotation&nbsp;not&nbsp;available,84.7
1276756.AUEX01000028_gene2146,AUEX01000028_gene2146,annotation&nbsp;not&nbsp;available,84.6
1276756.AUEX01000007_gene1403,AUEX01000007_gene1403,annotation&nbsp;not&nbsp;available,84.5
1276756.AUEX01000015_gene1967,AUEX01000015_gene1967,annotation&nbsp;not&nbsp;available,84.5
1276756.AUEX01000025_gene2047,AUEX01000025_gene2047,annotation&nbsp;not&nbsp;available,84.5
1276756.AUEX01000033_gene22,AUEX01000033_gene22,annotation&nbsp;not&nbsp;available,84.4
1276756.AUEX01000018_gene3040,AUEX01000018_gene3040,annotation&nbsp;not&nbsp;available,84.4
1276756.AUEX01000021_gene3309,AUEX01000021_gene3309,annotation&nbsp;not&nbsp;available,84.3
1276756.AUEX01000017_gene3651,AUEX01000017_gene3651,annotation&nbsp;not&nbsp;available,84.3
1276756.AUEX01000001_gene1155,AUEX01000001_gene1155,annotation&nbsp;not&nbsp;available,84.3
1276756.AUEX01000007_gene1364,AUEX01000007_gene1364,annotation&nbsp;not&nbsp;available,84.2
1276756.AUEX01000001_gene1018,AUEX01000001_gene1018,annotation&nbsp;not&nbsp;available,84.2
1276756.AUEX01000018_gene3005,AUEX01000018_gene3005,annotation&nbsp;not&nbsp;available,84.2
1276756.AUEX01000002_gene390,AUEX01000002_gene390,annotation&nbsp;not&nbsp;available,84.1
1276756.AUEX01000031_gene135,AUEX01000031_gene135,annotation&nbsp;not&nbsp;available,84.0
1276756.AUEX01000010_gene1588,AUEX01000010_gene1588,annotation&nbsp;not&nbsp;available,84.0
1276756.AUEX01000031_gene151,AUEX01000031_gene151,annotation&nbsp;not&nbsp;available,84.0
1276756.AUEX01000005_gene2734,AUEX01000005_gene2734,annotation&nbsp;not&nbsp;available,84.0
1276756.AUEX01000034_gene118,AUEX01000034_gene118,annotation&nbsp;not&nbsp;available,84.0
1276756.AUEX01000009_gene1773,AUEX01000009_gene1773,annotation&nbsp;not&nbsp;available,84.0
1276756.AUEX01000025_gene2041,AUEX01000025_gene2041,annotation&nbsp;not&nbsp;available,83.9
1276756.AUEX01000025_gene2073,AUEX01000025_gene2073,annotation&nbsp;not&nbsp;available,83.9
1276756.AUEX01000010_gene1686,AUEX01000010_gene1686,annotation&nbsp;not&nbsp;available,83.9
1276756.AUEX01000012_gene3572,AUEX01000012_gene3572,annotation&nbsp;not&nbsp;available,83.9
1276756.AUEX01000012_gene3583,AUEX01000012_gene3583,annotation&nbsp;not&nbsp;available,83.9
1276756.AUEX01000038_gene305,AUEX01000038_gene305,annotation&nbsp;not&nbsp;available,83.8
1276756.AUEX01000005_gene2765,AUEX01000005_gene2765,annotation&nbsp;not&nbsp;available,83.7
1276756.AUEX01000022_gene2603,AUEX01000022_gene2603,annotation&nbsp;not&nbsp;available,83.7
1276756.AUEX01000002_gene403,AUEX01000002_gene403,annotation&nbsp;not&nbsp;available,83.7
1276756.AUEX01000043_gene2336,AUEX01000043_gene2336,annotation&nbsp;not&nbsp;available,83.7
1276756.AUEX01000004_gene2500,AUEX01000004_gene2500,annotation&nbsp;not&nbsp;available,83.7
1276756.AUEX01000006_gene3137,AUEX01000006_gene3137,annotation&nbsp;not&nbsp;available,83.7
1276756.AUEX01000018_gene2977,AUEX01000018_gene2977,annotation&nbsp;not&nbsp;available,83.6
1276756.AUEX01000012_gene3546,AUEX01000012_gene3546,annotation&nbsp;not&nbsp;available,83.6
1276756.AUEX01000005_gene2788,AUEX01000005_gene2788,annotation&nbsp;not&nbsp;available,83.5
1276756.AUEX01000011_gene1315,AUEX01000011_gene1315,annotation&nbsp;not&nbsp;available,83.5
1276756.AUEX01000005_gene2750,AUEX01000005_gene2750,annotation&nbsp;not&nbsp;available,83.5
1276756.AUEX01000019_gene3420,AUEX01000019_gene3420,annotation&nbsp;not&nbsp;available,83.5
1276756.AUEX01000003_gene847,AUEX01000003_gene847,annotation&nbsp;not&nbsp;available,83.5
1276756.AUEX01000017_gene3639,AUEX01000017_gene3639,annotation&nbsp;not&nbsp;available,83.4
1276756.AUEX01000001_gene994,AUEX01000001_gene994,annotation&nbsp;not&nbsp;available,83.4
1276756.AUEX01000022_gene2562,AUEX01000022_gene2562,annotation&nbsp;not&nbsp;available,83.4
1276756.AUEX01000011_gene1273,AUEX01000011_gene1273,annotation&nbsp;not&nbsp;available,83.2
1276756.AUEX01000011_gene1271,AUEX01000011_gene1271,annotation&nbsp;not&nbsp;available,83.2
1276756.AUEX01000020_gene3401,AUEX01000020_gene3401,annotation&nbsp;not&nbsp;available,83.2
1276756.AUEX01000002_gene635,AUEX01000002_gene635,annotation&nbsp;not&nbsp;available,83.0
1276756.AUEX01000017_gene3615,AUEX01000017_gene3615,annotation&nbsp;not&nbsp;available,83.0
1276756.AUEX01000002_gene401,AUEX01000002_gene401,annotation&nbsp;not&nbsp;available,83.0
1276756.AUEX01000046_gene3139,AUEX01000046_gene3139,annotation&nbsp;not&nbsp;available,83.0
1276756.AUEX01000009_gene1825,AUEX01000009_gene1825,annotation&nbsp;not&nbsp;available,83.0
1276756.AUEX01000002_gene536,AUEX01000002_gene536,annotation&nbsp;not&nbsp;available,83.0
1276756.AUEX01000008_gene3228,AUEX01000008_gene3228,annotation&nbsp;not&nbsp;available,82.9
1276756.AUEX01000002_gene611,AUEX01000002_gene611,annotation&nbsp;not&nbsp;available,82.9
1276756.AUEX01000009_gene1807,AUEX01000009_gene1807,annotation&nbsp;not&nbsp;available,82.9
1276756.AUEX01000033_gene26,AUEX01000033_gene26,annotation&nbsp;not&nbsp;available,82.9
1276756.AUEX01000009_gene1812,AUEX01000009_gene1812,annotation&nbsp;not&nbsp;available,82.8
1276756.AUEX01000005_gene2811,AUEX01000005_gene2811,annotation&nbsp;not&nbsp;available,82.8
1276756.AUEX01000009_gene1835,AUEX01000009_gene1835,annotation&nbsp;not&nbsp;available,82.8
1276756.AUEX01000009_gene1700,AUEX01000009_gene1700,annotation&nbsp;not&nbsp;available,82.8
1276756.AUEX01000005_gene2783,AUEX01000005_gene2783,annotation&nbsp;not&nbsp;available,82.8
1276756.AUEX01000014_gene2874,AUEX01000014_gene2874,annotation&nbsp;not&nbsp;available,82.8
1276756.AUEX01000015_gene2003,AUEX01000015_gene2003,annotation&nbsp;not&nbsp;available,82.8
1276756.AUEX01000014_gene2912,AUEX01000014_gene2912,annotation&nbsp;not&nbsp;available,82.7
1276756.AUEX01000027_gene2103,AUEX01000027_gene2103,annotation&nbsp;not&nbsp;available,82.7
1276756.AUEX01000018_gene3008,AUEX01000018_gene3008,annotation&nbsp;not&nbsp;available,82.7
1276756.AUEX01000013_gene1449,AUEX01000013_gene1449,annotation&nbsp;not&nbsp;available,82.7
1276756.AUEX01000014_gene2904,AUEX01000014_gene2904,annotation&nbsp;not&nbsp;available,82.6
1276756.AUEX01000035_gene2214,AUEX01000035_gene2214,annotation&nbsp;not&nbsp;available,82.6
1276756.AUEX01000014_gene2898,AUEX01000014_gene2898,annotation&nbsp;not&nbsp;available,82.6
1276756.AUEX01000007_gene1409,AUEX01000007_gene1409,annotation&nbsp;not&nbsp;available,82.6
1276756.AUEX01000002_gene395,AUEX01000002_gene395,annotation&nbsp;not&nbsp;available,82.6
1276756.AUEX01000001_gene1104,AUEX01000001_gene1104,annotation&nbsp;not&nbsp;available,82.5
1276756.AUEX01000052_gene179,AUEX01000052_gene179,annotation&nbsp;not&nbsp;available,82.5
1276756.AUEX01000002_gene631,AUEX01000002_gene631,annotation&nbsp;not&nbsp;available,82.5
1276756.AUEX01000013_gene1487,AUEX01000013_gene1487,annotation&nbsp;not&nbsp;available,82.5
1276756.AUEX01000002_gene459,AUEX01000002_gene459,annotation&nbsp;not&nbsp;available,82.5
1276756.AUEX01000009_gene1828,AUEX01000009_gene1828,annotation&nbsp;not&nbsp;available,82.5
1276756.AUEX01000014_gene2945,AUEX01000014_gene2945,annotation&nbsp;not&nbsp;available,82.4
1276756.AUEX01000002_gene615,AUEX01000002_gene615,annotation&nbsp;not&nbsp;available,82.4
1276756.AUEX01000033_gene21,AUEX01000033_gene21,annotation&nbsp;not&nbsp;available,82.4
1276756.AUEX01000005_gene2670,AUEX01000005_gene2670,annotation&nbsp;not&nbsp;available,82.4
1276756.AUEX01000035_gene2226,AUEX01000035_gene2226,annotation&nbsp;not&nbsp;available,82.3
1276756.AUEX01000033_gene32,AUEX01000033_gene32,annotation&nbsp;not&nbsp;available,82.3
1276756.AUEX01000015_gene1996,AUEX01000015_gene1996,annotation&nbsp;not&nbsp;available,82.2
1276756.AUEX01000001_gene969,AUEX01000001_gene969,annotation&nbsp;not&nbsp;available,82.2
1276756.AUEX01000033_gene14,AUEX01000033_gene14,annotation&nbsp;not&nbsp;available,82.2
1276756.AUEX01000017_gene3646,AUEX01000017_gene3646,annotation&nbsp;not&nbsp;available,82.1
1276756.AUEX01000001_gene1049,AUEX01000001_gene1049,annotation&nbsp;not&nbsp;available,82.0
1276756.AUEX01000005_gene2813,AUEX01000005_gene2813,annotation&nbsp;not&nbsp;available,82.0
1276756.AUEX01000002_gene501,AUEX01000002_gene501,annotation&nbsp;not&nbsp;available,81.8
1276756.AUEX01000027_gene2108,AUEX01000027_gene2108,annotation&nbsp;not&nbsp;available,81.8
1276756.AUEX01000001_gene911,AUEX01000001_gene911,annotation&nbsp;not&nbsp;available,81.7
1276756.AUEX01000053_gene121,AUEX01000053_gene121,annotation&nbsp;not&nbsp;available,81.7
1276756.AUEX01000011_gene1326,AUEX01000011_gene1326,annotation&nbsp;not&nbsp;available,81.7
1276756.AUEX01000017_gene3613,AUEX01000017_gene3613,annotation&nbsp;not&nbsp;available,81.7
1276756.AUEX01000012_gene3516,AUEX01000012_gene3516,annotation&nbsp;not&nbsp;available,81.6
1276756.AUEX01000001_gene965,AUEX01000001_gene965,annotation&nbsp;not&nbsp;available,81.5
1276756.AUEX01000005_gene2774,AUEX01000005_gene2774,annotation&nbsp;not&nbsp;available,81.5
1276756.AUEX01000022_gene2609,AUEX01000022_gene2609,annotation&nbsp;not&nbsp;available,81.5
1276756.AUEX01000001_gene1139,AUEX01000001_gene1139,annotation&nbsp;not&nbsp;available,81.5
1276756.AUEX01000011_gene1322,AUEX01000011_gene1322,annotation&nbsp;not&nbsp;available,81.5
1276756.AUEX01000004_gene2454,AUEX01000004_gene2454,annotation&nbsp;not&nbsp;available,81.5
1276756.AUEX01000016_gene1844,AUEX01000016_gene1844,annotation&nbsp;not&nbsp;available,81.5
1276756.AUEX01000002_gene468,AUEX01000002_gene468,annotation&nbsp;not&nbsp;available,81.4
1276756.AUEX01000002_gene437,AUEX01000002_gene437,annotation&nbsp;not&nbsp;available,81.3
1276756.AUEX01000002_gene549,AUEX01000002_gene549,annotation&nbsp;not&nbsp;available,81.3
1276756.AUEX01000019_gene3427,AUEX01000019_gene3427,annotation&nbsp;not&nbsp;available,81.3
1276756.AUEX01000001_gene878,AUEX01000001_gene878,annotation&nbsp;not&nbsp;available,81.3
1276756.AUEX01000028_gene2148,AUEX01000028_gene2148,annotation&nbsp;not&nbsp;available,81.3
1276756.AUEX01000002_gene388,AUEX01000002_gene388,annotation&nbsp;not&nbsp;available,81.2
1276756.AUEX01000025_gene2057,AUEX01000025_gene2057,annotation&nbsp;not&nbsp;available,81.2
1276756.AUEX01000006_gene3044,AUEX01000006_gene3044,annotation&nbsp;not&nbsp;available,81.1
1276756.AUEX01000028_gene2139,AUEX01000028_gene2139,annotation&nbsp;not&nbsp;available,81.1
1276756.AUEX01000003_gene693,AUEX01000003_gene693,annotation&nbsp;not&nbsp;available,81.1
1276756.AUEX01000018_gene3033,AUEX01000018_gene3033,annotation&nbsp;not&nbsp;available,81.0
1276756.AUEX01000006_gene3106,AUEX01000006_gene3106,annotation&nbsp;not&nbsp;available,81.0
1276756.AUEX01000001_gene884,AUEX01000001_gene884,annotation&nbsp;not&nbsp;available,81.0
1276756.AUEX01000012_gene3569,AUEX01000012_gene3569,annotation&nbsp;not&nbsp;available,81.0
1276756.AUEX01000004_gene2546,AUEX01000004_gene2546,annotation&nbsp;not&nbsp;available,81.0
1276756.AUEX01000023_gene2309,AUEX01000023_gene2309,annotation&nbsp;not&nbsp;available,80.9
1276756.AUEX01000006_gene3120,AUEX01000006_gene3120,annotation&nbsp;not&nbsp;available,80.9
1276756.AUEX01000019_gene3476,AUEX01000019_gene3476,annotation&nbsp;not&nbsp;available,80.9
1276756.AUEX01000014_gene2965,AUEX01000014_gene2965,annotation&nbsp;not&nbsp;available,80.9
1276756.AUEX01000034_gene104,AUEX01000034_gene104,annotation&nbsp;not&nbsp;available,80.9
1276756.AUEX01000038_gene307,AUEX01000038_gene307,annotation&nbsp;not&nbsp;available,80.8
1276756.AUEX01000003_gene825,AUEX01000003_gene825,annotation&nbsp;not&nbsp;available,80.8
1276756.AUEX01000011_gene1354,AUEX01000011_gene1354,annotation&nbsp;not&nbsp;available,80.8
1276756.AUEX01000014_gene2900,AUEX01000014_gene2900,annotation&nbsp;not&nbsp;available,80.7
1276756.AUEX01000009_gene1729,AUEX01000009_gene1729,annotation&nbsp;not&nbsp;available,80.7
1276756.AUEX01000003_gene855,AUEX01000003_gene855,annotation&nbsp;not&nbsp;available,80.6
1276756.AUEX01000039_gene365,AUEX01000039_gene365,annotation&nbsp;not&nbsp;available,80.6
1276756.AUEX01000009_gene1766,AUEX01000009_gene1766,annotation&nbsp;not&nbsp;available,80.6
1276756.AUEX01000019_gene3459,AUEX01000019_gene3459,annotation&nbsp;not&nbsp;available,80.5
1276756.AUEX01000010_gene1665,AUEX01000010_gene1665,annotation&nbsp;not&nbsp;available,80.4
1276756.AUEX01000017_gene3664,AUEX01000017_gene3664,annotation&nbsp;not&nbsp;available,80.4
1276756.AUEX01000001_gene1088,AUEX01000001_gene1088,annotation&nbsp;not&nbsp;available,80.3
1276756.AUEX01000003_gene691,AUEX01000003_gene691,annotation&nbsp;not&nbsp;available,80.3
1276756.AUEX01000002_gene376,AUEX01000002_gene376,annotation&nbsp;not&nbsp;available,80.3
1276756.AUEX01000004_gene2497,AUEX01000004_gene2497,annotation&nbsp;not&nbsp;available,80.2
1276756.AUEX01000005_gene2695,AUEX01000005_gene2695,annotation&nbsp;not&nbsp;available,80.2
1276756.AUEX01000013_gene1497,AUEX01000013_gene1497,annotation&nbsp;not&nbsp;available,80.2
1276756.AUEX01000002_gene469,AUEX01000002_gene469,annotation&nbsp;not&nbsp;available,80.1
1276756.AUEX01000010_gene1661,AUEX01000010_gene1661,annotation&nbsp;not&nbsp;available,80.0
1276756.AUEX01000034_gene93,AUEX01000034_gene93,annotation&nbsp;not&nbsp;available,79.9
1276756.AUEX01000035_gene2225,AUEX01000035_gene2225,annotation&nbsp;not&nbsp;available,79.9
1276756.AUEX01000004_gene2466,AUEX01000004_gene2466,annotation&nbsp;not&nbsp;available,79.7
1276756.AUEX01000003_gene705,AUEX01000003_gene705,annotation&nbsp;not&nbsp;available,79.7
1276756.AUEX01000005_gene2859,AUEX01000005_gene2859,annotation&nbsp;not&nbsp;available,79.7
1276756.AUEX01000015_gene1943,AUEX01000015_gene1943,annotation&nbsp;not&nbsp;available,79.7
1276756.AUEX01000001_gene1045,AUEX01000001_gene1045,annotation&nbsp;not&nbsp;available,79.7
1276756.AUEX01000009_gene1829,AUEX01000009_gene1829,annotation&nbsp;not&nbsp;available,79.6
1276756.AUEX01000019_gene3485,AUEX01000019_gene3485,annotation&nbsp;not&nbsp;available,79.6
1276756.AUEX01000010_gene1619,AUEX01000010_gene1619,annotation&nbsp;not&nbsp;available,79.6
1276756.AUEX01000009_gene1796,AUEX01000009_gene1796,annotation&nbsp;not&nbsp;available,79.5
1276756.AUEX01000001_gene977,AUEX01000001_gene977,annotation&nbsp;not&nbsp;available,79.5
1276756.AUEX01000014_gene2959,AUEX01000014_gene2959,annotation&nbsp;not&nbsp;available,79.4
1276756.AUEX01000004_gene2503,AUEX01000004_gene2503,annotation&nbsp;not&nbsp;available,79.4
1276756.AUEX01000007_gene1386,AUEX01000007_gene1386,annotation&nbsp;not&nbsp;available,79.4
1276756.AUEX01000015_gene1951,AUEX01000015_gene1951,annotation&nbsp;not&nbsp;available,79.4
1276756.AUEX01000014_gene2894,AUEX01000014_gene2894,annotation&nbsp;not&nbsp;available,79.3
1276756.AUEX01000010_gene1567,AUEX01000010_gene1567,annotation&nbsp;not&nbsp;available,79.3
1276756.AUEX01000005_gene2771,AUEX01000005_gene2771,annotation&nbsp;not&nbsp;available,79.3
1276756.AUEX01000034_gene92,AUEX01000034_gene92,annotation&nbsp;not&nbsp;available,79.3
1276756.AUEX01000004_gene2545,AUEX01000004_gene2545,annotation&nbsp;not&nbsp;available,79.3
1276756.AUEX01000004_gene2394,AUEX01000004_gene2394,annotation&nbsp;not&nbsp;available,79.2
1276756.AUEX01000002_gene405,AUEX01000002_gene405,annotation&nbsp;not&nbsp;available,79.2
1276756.AUEX01000031_gene132,AUEX01000031_gene132,annotation&nbsp;not&nbsp;available,79.2
1276756.AUEX01000003_gene833,AUEX01000003_gene833,annotation&nbsp;not&nbsp;available,79.2
1276756.AUEX01000002_gene558,AUEX01000002_gene558,annotation&nbsp;not&nbsp;available,79.2
1276756.AUEX01000017_gene3630,AUEX01000017_gene3630,annotation&nbsp;not&nbsp;available,79.2
1276756.AUEX01000001_gene1110,AUEX01000001_gene1110,annotation&nbsp;not&nbsp;available,79.1
1276756.AUEX01000004_gene2459,AUEX01000004_gene2459,annotation&nbsp;not&nbsp;available,79.1
1276756.AUEX01000033_gene7,AUEX01000033_gene7,annotation&nbsp;not&nbsp;available,79.1
1276756.AUEX01000003_gene651,AUEX01000003_gene651,annotation&nbsp;not&nbsp;available,79.0
1276756.AUEX01000004_gene2477,AUEX01000004_gene2477,annotation&nbsp;not&nbsp;available,79.0
1276756.AUEX01000007_gene1385,AUEX01000007_gene1385,annotation&nbsp;not&nbsp;available,79.0
1276756.AUEX01000030_gene185,AUEX01000030_gene185,annotation&nbsp;not&nbsp;available,78.9
1276756.AUEX01000010_gene1633,AUEX01000010_gene1633,annotation&nbsp;not&nbsp;available,78.8
1276756.AUEX01000001_gene1112,AUEX01000001_gene1112,annotation&nbsp;not&nbsp;available,78.8
1276756.AUEX01000001_gene944,AUEX01000001_gene944,annotation&nbsp;not&nbsp;available,78.7
1276756.AUEX01000014_gene2924,AUEX01000014_gene2924,annotation&nbsp;not&nbsp;available,78.7
1276756.AUEX01000001_gene996,AUEX01000001_gene996,annotation&nbsp;not&nbsp;available,78.6
1276756.AUEX01000001_gene905,AUEX01000001_gene905,annotation&nbsp;not&nbsp;available,78.6
1276756.AUEX01000012_gene3596,AUEX01000012_gene3596,annotation&nbsp;not&nbsp;available,78.5
1276756.AUEX01000011_gene1292,AUEX01000011_gene1292,annotation&nbsp;not&nbsp;available,78.5
1276756.AUEX01000028_gene2133,AUEX01000028_gene2133,annotation&nbsp;not&nbsp;available,78.4
1276756.AUEX01000002_gene582,AUEX01000002_gene582,annotation&nbsp;not&nbsp;available,78.4
1276756.AUEX01000004_gene2524,AUEX01000004_gene2524,annotation&nbsp;not&nbsp;available,78.4
1276756.AUEX01000004_gene2377,AUEX01000004_gene2377,annotation&nbsp;not&nbsp;available,78.3
1276756.AUEX01000030_gene214,AUEX01000030_gene214,annotation&nbsp;not&nbsp;available,78.3
1276756.AUEX01000004_gene2434,AUEX01000004_gene2434,annotation&nbsp;not&nbsp;available,78.2
1276756.AUEX01000005_gene2698,AUEX01000005_gene2698,annotation&nbsp;not&nbsp;available,78.2
1276756.AUEX01000001_gene1156,AUEX01000001_gene1156,annotation&nbsp;not&nbsp;available,78.1
1276756.AUEX01000007_gene1370,AUEX01000007_gene1370,annotation&nbsp;not&nbsp;available,78.1
1276756.AUEX01000027_gene2118,AUEX01000027_gene2118,annotation&nbsp;not&nbsp;available,78.1
1276756.AUEX01000008_gene3157,AUEX01000008_gene3157,annotation&nbsp;not&nbsp;available,78.0
1276756.AUEX01000006_gene3050,AUEX01000006_gene3050,annotation&nbsp;not&nbsp;available,78.0
1276756.AUEX01000002_gene396,AUEX01000002_gene396,annotation&nbsp;not&nbsp;available,78.0
1276756.AUEX01000014_gene2902,AUEX01000014_gene2902,annotation&nbsp;not&nbsp;available,77.9
1276756.AUEX01000003_gene671,AUEX01000003_gene671,annotation&nbsp;not&nbsp;available,77.9
1276756.AUEX01000002_gene455,AUEX01000002_gene455,annotation&nbsp;not&nbsp;available,77.8
1276756.AUEX01000017_gene3648,AUEX01000017_gene3648,annotation&nbsp;not&nbsp;available,77.8
1276756.AUEX01000015_gene1973,AUEX01000015_gene1973,annotation&nbsp;not&nbsp;available,77.8
1276756.AUEX01000014_gene2925,AUEX01000014_gene2925,annotation&nbsp;not&nbsp;available,77.6
1276756.AUEX01000001_gene921,AUEX01000001_gene921,annotation&nbsp;not&nbsp;available,77.6
1276756.AUEX01000003_gene767,AUEX01000003_gene767,annotation&nbsp;not&nbsp;available,77.6
1276756.AUEX01000010_gene1621,AUEX01000010_gene1621,annotation&nbsp;not&nbsp;available,77.6
1276756.AUEX01000011_gene1298,AUEX01000011_gene1298,annotation&nbsp;not&nbsp;available,77.5
1276756.AUEX01000015_gene1997,AUEX01000015_gene1997,annotation&nbsp;not&nbsp;available,77.5
1276756.AUEX01000026_gene223,AUEX01000026_gene223,annotation&nbsp;not&nbsp;available,77.5
1276756.AUEX01000005_gene2709,AUEX01000005_gene2709,annotation&nbsp;not&nbsp;available,77.4
1276756.AUEX01000002_gene431,AUEX01000002_gene431,annotation&nbsp;not&nbsp;available,77.4
1276756.AUEX01000009_gene1831,AUEX01000009_gene1831,annotation&nbsp;not&nbsp;available,77.3
1276756.AUEX01000009_gene1759,AUEX01000009_gene1759,annotation&nbsp;not&nbsp;available,77.3
1276756.AUEX01000008_gene3220,AUEX01000008_gene3220,annotation&nbsp;not&nbsp;available,77.3
1276756.AUEX01000004_gene2351,AUEX01000004_gene2351,annotation&nbsp;not&nbsp;available,77.1
1276756.AUEX01000031_gene130,AUEX01000031_gene130,annotation&nbsp;not&nbsp;available,77.0
1276756.AUEX01000002_gene456,AUEX01000002_gene456,annotation&nbsp;not&nbsp;available,76.9
1276756.AUEX01000001_gene1109,AUEX01000001_gene1109,annotation&nbsp;not&nbsp;available,76.9
1276756.AUEX01000005_gene2669,AUEX01000005_gene2669,annotation&nbsp;not&nbsp;available,76.9
1276756.AUEX01000002_gene626,AUEX01000002_gene626,annotation&nbsp;not&nbsp;available,76.9
1276756.AUEX01000012_gene3553,AUEX01000012_gene3553,annotation&nbsp;not&nbsp;available,76.9
1276756.AUEX01000031_gene147,AUEX01000031_gene147,annotation&nbsp;not&nbsp;available,76.8
1276756.AUEX01000002_gene603,AUEX01000002_gene603,annotation&nbsp;not&nbsp;available,76.8
1276756.AUEX01000003_gene694,AUEX01000003_gene694,annotation&nbsp;not&nbsp;available,76.8
1276756.AUEX01000021_gene3320,AUEX01000021_gene3320,annotation&nbsp;not&nbsp;available,76.7
1276756.AUEX01000006_gene3092,AUEX01000006_gene3092,annotation&nbsp;not&nbsp;available,76.7
1276756.AUEX01000015_gene1965,AUEX01000015_gene1965,annotation&nbsp;not&nbsp;available,76.6
1276756.AUEX01000002_gene607,AUEX01000002_gene607,annotation&nbsp;not&nbsp;available,76.6
1276756.AUEX01000012_gene3561,AUEX01000012_gene3561,annotation&nbsp;not&nbsp;available,76.6
1276756.AUEX01000005_gene2674,AUEX01000005_gene2674,annotation&nbsp;not&nbsp;available,76.5
1276756.AUEX01000014_gene2879,AUEX01000014_gene2879,annotation&nbsp;not&nbsp;available,76.5
1276756.AUEX01000006_gene3133,AUEX01000006_gene3133,annotation&nbsp;not&nbsp;available,76.5
1276756.AUEX01000004_gene2422,AUEX01000004_gene2422,annotation&nbsp;not&nbsp;available,76.4
1276756.AUEX01000004_gene2473,AUEX01000004_gene2473,annotation&nbsp;not&nbsp;available,76.4
1276756.AUEX01000030_gene213,AUEX01000030_gene213,annotation&nbsp;not&nbsp;available,76.3
1276756.AUEX01000018_gene2975,AUEX01000018_gene2975,annotation&nbsp;not&nbsp;available,76.3
1276756.AUEX01000004_gene2458,AUEX01000004_gene2458,annotation&nbsp;not&nbsp;available,76.2
1276756.AUEX01000034_gene89,AUEX01000034_gene89,annotation&nbsp;not&nbsp;available,76.2
1276756.AUEX01000001_gene1019,AUEX01000001_gene1019,annotation&nbsp;not&nbsp;available,76.2
1276756.AUEX01000028_gene2153,AUEX01000028_gene2153,annotation&nbsp;not&nbsp;available,76.1
1276756.AUEX01000019_gene3444,AUEX01000019_gene3444,annotation&nbsp;not&nbsp;available,76.1
1276756.AUEX01000002_gene427,AUEX01000002_gene427,annotation&nbsp;not&nbsp;available,76.1
1276756.AUEX01000040_gene347,AUEX01000040_gene347,annotation&nbsp;not&nbsp;available,76.1
1276756.AUEX01000004_gene2536,AUEX01000004_gene2536,annotation&nbsp;not&nbsp;available,76.0
1276756.AUEX01000002_gene537,AUEX01000002_gene537,annotation&nbsp;not&nbsp;available,76.0
1276756.AUEX01000010_gene1652,AUEX01000010_gene1652,annotation&nbsp;not&nbsp;available,76.0
1276756.AUEX01000019_gene3447,AUEX01000019_gene3447,annotation&nbsp;not&nbsp;available,75.9
1276756.AUEX01000006_gene3054,AUEX01000006_gene3054,annotation&nbsp;not&nbsp;available,75.9
1276756.AUEX01000002_gene472,AUEX01000002_gene472,annotation&nbsp;not&nbsp;available,75.9
1276756.AUEX01000019_gene3443,AUEX01000019_gene3443,annotation&nbsp;not&nbsp;available,75.9
1276756.AUEX01000001_gene1030,AUEX01000001_gene1030,annotation&nbsp;not&nbsp;available,75.8
1276756.AUEX01000025_gene2038,AUEX01000025_gene2038,annotation&nbsp;not&nbsp;available,75.8
1276756.AUEX01000012_gene3566,AUEX01000012_gene3566,annotation&nbsp;not&nbsp;available,75.8
1276756.AUEX01000018_gene2999,AUEX01000018_gene2999,annotation&nbsp;not&nbsp;available,75.8
1276756.AUEX01000010_gene1581,AUEX01000010_gene1581,annotation&nbsp;not&nbsp;available,75.7
1276756.AUEX01000046_gene3138,AUEX01000046_gene3138,annotation&nbsp;not&nbsp;available,75.7
1276756.AUEX01000007_gene1424,AUEX01000007_gene1424,annotation&nbsp;not&nbsp;available,75.7
1276756.AUEX01000007_gene1383,AUEX01000007_gene1383,annotation&nbsp;not&nbsp;available,75.4
1276756.AUEX01000010_gene1685,AUEX01000010_gene1685,annotation&nbsp;not&nbsp;available,75.4
1276756.AUEX01000001_gene998,AUEX01000001_gene998,annotation&nbsp;not&nbsp;available,75.3
1276756.AUEX01000021_gene3328,AUEX01000021_gene3328,annotation&nbsp;not&nbsp;available,75.3
1276756.AUEX01000006_gene3047,AUEX01000006_gene3047,annotation&nbsp;not&nbsp;available,75.3
1276756.AUEX01000009_gene1783,AUEX01000009_gene1783,annotation&nbsp;not&nbsp;available,75.1
1276756.AUEX01000001_gene1123,AUEX01000001_gene1123,annotation&nbsp;not&nbsp;available,75.1
1276756.AUEX01000005_gene2786,AUEX01000005_gene2786,annotation&nbsp;not&nbsp;available,75.1
1276756.AUEX01000024_gene78,AUEX01000024_gene78,annotation&nbsp;not&nbsp;available,75.0
1276756.AUEX01000008_gene3282,AUEX01000008_gene3282,annotation&nbsp;not&nbsp;available,75.0
1276756.AUEX01000028_gene2145,AUEX01000028_gene2145,annotation&nbsp;not&nbsp;available,74.9
1276756.AUEX01000007_gene1412,AUEX01000007_gene1412,annotation&nbsp;not&nbsp;available,74.9
1276756.AUEX01000037_gene274,AUEX01000037_gene274,annotation&nbsp;not&nbsp;available,74.9
1276756.AUEX01000006_gene3103,AUEX01000006_gene3103,annotation&nbsp;not&nbsp;available,74.9
1276756.AUEX01000038_gene304,AUEX01000038_gene304,annotation&nbsp;not&nbsp;available,74.8
1276756.AUEX01000008_gene3182,AUEX01000008_gene3182,annotation&nbsp;not&nbsp;available,74.8
1276756.AUEX01000002_gene461,AUEX01000002_gene461,annotation&nbsp;not&nbsp;available,74.7
1276756.AUEX01000004_gene2442,AUEX01000004_gene2442,annotation&nbsp;not&nbsp;available,74.7
1276756.AUEX01000007_gene1422,AUEX01000007_gene1422,annotation&nbsp;not&nbsp;available,74.7
1276756.AUEX01000037_gene291,AUEX01000037_gene291,annotation&nbsp;not&nbsp;available,74.7
1276756.AUEX01000004_gene2368,AUEX01000004_gene2368,annotation&nbsp;not&nbsp;available,74.7
1276756.AUEX01000014_gene2926,AUEX01000014_gene2926,annotation&nbsp;not&nbsp;available,74.7
1276756.AUEX01000006_gene3134,AUEX01000006_gene3134,annotation&nbsp;not&nbsp;available,74.7
1276756.AUEX01000026_gene252,AUEX01000026_gene252,annotation&nbsp;not&nbsp;available,74.6
1276756.AUEX01000008_gene3229,AUEX01000008_gene3229,annotation&nbsp;not&nbsp;available,74.6
1276756.AUEX01000037_gene290,AUEX01000037_gene290,annotation&nbsp;not&nbsp;available,74.6
1276756.AUEX01000003_gene820,AUEX01000003_gene820,annotation&nbsp;not&nbsp;available,74.6
1276756.AUEX01000011_gene1328,AUEX01000011_gene1328,annotation&nbsp;not&nbsp;available,74.5
1276756.AUEX01000011_gene1310,AUEX01000011_gene1310,annotation&nbsp;not&nbsp;available,74.5
1276756.AUEX01000028_gene2157,AUEX01000028_gene2157,annotation&nbsp;not&nbsp;available,74.5
1276756.AUEX01000038_gene300,AUEX01000038_gene300,annotation&nbsp;not&nbsp;available,74.5
1276756.AUEX01000004_gene2433,AUEX01000004_gene2433,annotation&nbsp;not&nbsp;available,74.4
1276756.AUEX01000029_gene2176,AUEX01000029_gene2176,annotation&nbsp;not&nbsp;available,74.3
1276756.AUEX01000010_gene1610,AUEX01000010_gene1610,annotation&nbsp;not&nbsp;available,74.3
1276756.AUEX01000003_gene830,AUEX01000003_gene830,annotation&nbsp;not&nbsp;available,74.3
1276756.AUEX01000023_gene2316,AUEX01000023_gene2316,annotation&nbsp;not&nbsp;available,74.2
1276756.AUEX01000009_gene1818,AUEX01000009_gene1818,annotation&nbsp;not&nbsp;available,74.2
1276756.AUEX01000009_gene1761,AUEX01000009_gene1761,annotation&nbsp;not&nbsp;available,74.2
1276756.AUEX01000012_gene3536,AUEX01000012_gene3536,annotation&nbsp;not&nbsp;available,74.1
1276756.AUEX01000001_gene1028,AUEX01000001_gene1028,annotation&nbsp;not&nbsp;available,74.1
1276756.AUEX01000010_gene1583,AUEX01000010_gene1583,annotation&nbsp;not&nbsp;available,74.1
1276756.AUEX01000005_gene2682,AUEX01000005_gene2682,annotation&nbsp;not&nbsp;available,74.1
1276756.AUEX01000018_gene2978,AUEX01000018_gene2978,annotation&nbsp;not&nbsp;available,74.1
1276756.AUEX01000014_gene2952,AUEX01000014_gene2952,annotation&nbsp;not&nbsp;available,74.1
1276756.AUEX01000004_gene2438,AUEX01000004_gene2438,annotation&nbsp;not&nbsp;available,74.1
1276756.AUEX01000006_gene3108,AUEX01000006_gene3108,annotation&nbsp;not&nbsp;available,74.0
1276756.AUEX01000023_gene2303,AUEX01000023_gene2303,annotation&nbsp;not&nbsp;available,74.0
1276756.AUEX01000009_gene1832,AUEX01000009_gene1832,annotation&nbsp;not&nbsp;available,74.0
1276756.AUEX01000015_gene1979,AUEX01000015_gene1979,annotation&nbsp;not&nbsp;available,73.9
1276756.AUEX01000014_gene2953,AUEX01000014_gene2953,annotation&nbsp;not&nbsp;available,73.9
1276756.AUEX01000009_gene1803,AUEX01000009_gene1803,annotation&nbsp;not&nbsp;available,73.9
1276756.AUEX01000033_gene27,AUEX01000033_gene27,annotation&nbsp;not&nbsp;available,73.9
1276756.AUEX01000004_gene2439,AUEX01000004_gene2439,annotation&nbsp;not&nbsp;available,73.9
1276756.AUEX01000037_gene275,AUEX01000037_gene275,annotation&nbsp;not&nbsp;available,73.8
1276756.AUEX01000013_gene1475,AUEX01000013_gene1475,annotation&nbsp;not&nbsp;available,73.8
1276756.AUEX01000010_gene1584,AUEX01000010_gene1584,annotation&nbsp;not&nbsp;available,73.8
1276756.AUEX01000003_gene657,AUEX01000003_gene657,annotation&nbsp;not&nbsp;available,73.7
1276756.AUEX01000024_gene41,AUEX01000024_gene41,annotation&nbsp;not&nbsp;available,73.7
1276756.AUEX01000007_gene1387,AUEX01000007_gene1387,annotation&nbsp;not&nbsp;available,73.6
1276756.AUEX01000019_gene3458,AUEX01000019_gene3458,annotation&nbsp;not&nbsp;available,73.6
1276756.AUEX01000002_gene510,AUEX01000002_gene510,annotation&nbsp;not&nbsp;available,73.5
1276756.AUEX01000002_gene389,AUEX01000002_gene389,annotation&nbsp;not&nbsp;available,73.5
1276756.AUEX01000039_gene354,AUEX01000039_gene354,annotation&nbsp;not&nbsp;available,73.4
1276756.AUEX01000012_gene3564,AUEX01000012_gene3564,annotation&nbsp;not&nbsp;available,73.4
1276756.AUEX01000007_gene1398,AUEX01000007_gene1398,annotation&nbsp;not&nbsp;available,73.4
1276756.AUEX01000004_gene2419,AUEX01000004_gene2419,annotation&nbsp;not&nbsp;available,73.4
1276756.AUEX01000001_gene997,AUEX01000001_gene997,annotation&nbsp;not&nbsp;available,73.3
1276756.AUEX01000016_gene1882,AUEX01000016_gene1882,annotation&nbsp;not&nbsp;available,73.2
1276756.AUEX01000007_gene1411,AUEX01000007_gene1411,annotation&nbsp;not&nbsp;available,73.2
1276756.AUEX01000004_gene2518,AUEX01000004_gene2518,annotation&nbsp;not&nbsp;available,73.1
1276756.AUEX01000027_gene2107,AUEX01000027_gene2107,annotation&nbsp;not&nbsp;available,73.0
1276756.AUEX01000001_gene928,AUEX01000001_gene928,annotation&nbsp;not&nbsp;available,72.9
1276756.AUEX01000026_gene225,AUEX01000026_gene225,annotation&nbsp;not&nbsp;available,72.9
1276756.AUEX01000009_gene1795,AUEX01000009_gene1795,annotation&nbsp;not&nbsp;available,72.8
1276756.AUEX01000016_gene1859,AUEX01000016_gene1859,annotation&nbsp;not&nbsp;available,72.7
1276756.AUEX01000014_gene2962,AUEX01000014_gene2962,annotation&nbsp;not&nbsp;available,72.6
1276756.AUEX01000033_gene15,AUEX01000033_gene15,annotation&nbsp;not&nbsp;available,72.6
1276756.AUEX01000001_gene987,AUEX01000001_gene987,annotation&nbsp;not&nbsp;available,72.6
1276756.AUEX01000005_gene2696,AUEX01000005_gene2696,annotation&nbsp;not&nbsp;available,72.6
1276756.AUEX01000007_gene1415,AUEX01000007_gene1415,annotation&nbsp;not&nbsp;available,72.5
1276756.AUEX01000010_gene1671,AUEX01000010_gene1671,annotation&nbsp;not&nbsp;available,72.5
1276756.AUEX01000041_gene2639,AUEX01000041_gene2639,annotation&nbsp;not&nbsp;available,72.5
1276756.AUEX01000006_gene3135,AUEX01000006_gene3135,annotation&nbsp;not&nbsp;available,72.4
1276756.AUEX01000002_gene574,AUEX01000002_gene574,annotation&nbsp;not&nbsp;available,72.4
1276756.AUEX01000002_gene563,AUEX01000002_gene563,annotation&nbsp;not&nbsp;available,72.4
1276756.AUEX01000001_gene920,AUEX01000001_gene920,annotation&nbsp;not&nbsp;available,72.3
1276756.AUEX01000004_gene2457,AUEX01000004_gene2457,annotation&nbsp;not&nbsp;available,72.3
1276756.AUEX01000010_gene1545,AUEX01000010_gene1545,annotation&nbsp;not&nbsp;available,72.2
1276756.AUEX01000017_gene3614,AUEX01000017_gene3614,annotation&nbsp;not&nbsp;available,72.1
1276756.AUEX01000002_gene557,AUEX01000002_gene557,annotation&nbsp;not&nbsp;available,72.1
1276756.AUEX01000005_gene2812,AUEX01000005_gene2812,annotation&nbsp;not&nbsp;available,72.0
1276756.AUEX01000005_gene2793,AUEX01000005_gene2793,annotation&nbsp;not&nbsp;available,72.0
1276756.AUEX01000012_gene3602,AUEX01000012_gene3602,annotation&nbsp;not&nbsp;available,72.0
1276756.AUEX01000001_gene901,AUEX01000001_gene901,annotation&nbsp;not&nbsp;available,72.0
1276756.AUEX01000005_gene2848,AUEX01000005_gene2848,annotation&nbsp;not&nbsp;available,72.0
1276756.AUEX01000001_gene1003,AUEX01000001_gene1003,annotation&nbsp;not&nbsp;available,71.9
1276756.AUEX01000022_gene2580,AUEX01000022_gene2580,annotation&nbsp;not&nbsp;available,71.9
1276756.AUEX01000004_gene2426,AUEX01000004_gene2426,annotation&nbsp;not&nbsp;available,71.9
1276756.AUEX01000019_gene3442,AUEX01000019_gene3442,annotation&nbsp;not&nbsp;available,71.9
1276756.AUEX01000033_gene6,AUEX01000033_gene6,annotation&nbsp;not&nbsp;available,71.8
1276756.AUEX01000007_gene1410,AUEX01000007_gene1410,annotation&nbsp;not&nbsp;available,71.8
1276756.AUEX01000001_gene1107,AUEX01000001_gene1107,annotation&nbsp;not&nbsp;available,71.8
1276756.AUEX01000008_gene3190,AUEX01000008_gene3190,annotation&nbsp;not&nbsp;available,71.8
1276756.AUEX01000013_gene1455,AUEX01000013_gene1455,annotation&nbsp;not&nbsp;available,71.8
1276756.AUEX01000021_gene3304,AUEX01000021_gene3304,annotation&nbsp;not&nbsp;available,71.8
1276756.AUEX01000014_gene2892,AUEX01000014_gene2892,annotation&nbsp;not&nbsp;available,71.8
1276756.AUEX01000006_gene3093,AUEX01000006_gene3093,annotation&nbsp;not&nbsp;available,71.7
1276756.AUEX01000003_gene858,AUEX01000003_gene858,annotation&nbsp;not&nbsp;available,71.7
1276756.AUEX01000010_gene1650,AUEX01000010_gene1650,annotation&nbsp;not&nbsp;available,71.7
1276756.AUEX01000021_gene3319,AUEX01000021_gene3319,annotation&nbsp;not&nbsp;available,71.6
1276756.AUEX01000005_gene2680,AUEX01000005_gene2680,annotation&nbsp;not&nbsp;available,71.6
1276756.AUEX01000004_gene2425,AUEX01000004_gene2425,annotation&nbsp;not&nbsp;available,71.6
1276756.AUEX01000014_gene2948,AUEX01000014_gene2948,annotation&nbsp;not&nbsp;available,71.6
1276756.AUEX01000003_gene787,AUEX01000003_gene787,annotation&nbsp;not&nbsp;available,71.5
1276756.AUEX01000010_gene1585,AUEX01000010_gene1585,annotation&nbsp;not&nbsp;available,71.4
1276756.AUEX01000010_gene1589,AUEX01000010_gene1589,annotation&nbsp;not&nbsp;available,71.3
1276756.AUEX01000002_gene636,AUEX01000002_gene636,annotation&nbsp;not&nbsp;available,71.3
1276756.AUEX01000005_gene2849,AUEX01000005_gene2849,annotation&nbsp;not&nbsp;available,71.3
1276756.AUEX01000002_gene441,AUEX01000002_gene441,annotation&nbsp;not&nbsp;available,71.2
1276756.AUEX01000001_gene1046,AUEX01000001_gene1046,annotation&nbsp;not&nbsp;available,71.2
1276756.AUEX01000002_gene381,AUEX01000002_gene381,annotation&nbsp;not&nbsp;available,71.2
1276756.AUEX01000006_gene3125,AUEX01000006_gene3125,annotation&nbsp;not&nbsp;available,71.2
1276756.AUEX01000004_gene2345,AUEX01000004_gene2345,annotation&nbsp;not&nbsp;available,71.1
1276756.AUEX01000018_gene3029,AUEX01000018_gene3029,annotation&nbsp;not&nbsp;available,71.1
1276756.AUEX01000001_gene1124,AUEX01000001_gene1124,annotation&nbsp;not&nbsp;available,71.1
1276756.AUEX01000021_gene3347,AUEX01000021_gene3347,annotation&nbsp;not&nbsp;available,71.1
1276756.AUEX01000017_gene3669,AUEX01000017_gene3669,annotation&nbsp;not&nbsp;available,71.0
1276756.AUEX01000001_gene975,AUEX01000001_gene975,annotation&nbsp;not&nbsp;available,71.0
1276756.AUEX01000004_gene2489,AUEX01000004_gene2489,annotation&nbsp;not&nbsp;available,71.0
1276756.AUEX01000026_gene263,AUEX01000026_gene263,annotation&nbsp;not&nbsp;available,71.0
1276756.AUEX01000008_gene3272,AUEX01000008_gene3272,annotation&nbsp;not&nbsp;available,70.9
1276756.AUEX01000008_gene3200,AUEX01000008_gene3200,annotation&nbsp;not&nbsp;available,70.9
1276756.AUEX01000017_gene3649,AUEX01000017_gene3649,annotation&nbsp;not&nbsp;available,70.9
1276756.AUEX01000011_gene1247,AUEX01000011_gene1247,annotation&nbsp;not&nbsp;available,70.9
1276756.AUEX01000004_gene2515,AUEX01000004_gene2515,annotation&nbsp;not&nbsp;available,70.8
1276756.AUEX01000011_gene1317,AUEX01000011_gene1317,annotation&nbsp;not&nbsp;available,70.8
1276756.AUEX01000003_gene839,AUEX01000003_gene839,annotation&nbsp;not&nbsp;available,70.8
1276756.AUEX01000020_gene3385,AUEX01000020_gene3385,annotation&nbsp;not&nbsp;available,70.7
1276756.AUEX01000009_gene1718,AUEX01000009_gene1718,annotation&nbsp;not&nbsp;available,70.6
1276756.AUEX01000005_gene2668,AUEX01000005_gene2668,annotation&nbsp;not&nbsp;available,70.5
1276756.AUEX01000005_gene2778,AUEX01000005_gene2778,annotation&nbsp;not&nbsp;available,70.5
1276756.AUEX01000003_gene692,AUEX01000003_gene692,annotation&nbsp;not&nbsp;available,70.5
1276756.AUEX01000029_gene2185,AUEX01000029_gene2185,annotation&nbsp;not&nbsp;available,70.5
1276756.AUEX01000021_gene3311,AUEX01000021_gene3311,annotation&nbsp;not&nbsp;available,70.5
1276756.AUEX01000012_gene3585,AUEX01000012_gene3585,annotation&nbsp;not&nbsp;available,70.4
1276756.AUEX01000022_gene2581,AUEX01000022_gene2581,annotation&nbsp;not&nbsp;available,70.4
1276756.AUEX01000012_gene3609,AUEX01000012_gene3609,annotation&nbsp;not&nbsp;available,70.4
1276756.AUEX01000017_gene3670,AUEX01000017_gene3670,annotation&nbsp;not&nbsp;available,70.4
1276756.AUEX01000014_gene2956,AUEX01000014_gene2956,annotation&nbsp;not&nbsp;available,70.4
1276756.AUEX01000034_gene111,AUEX01000034_gene111,annotation&nbsp;not&nbsp;available,70.2
1276756.AUEX01000013_gene1534,AUEX01000013_gene1534,annotation&nbsp;not&nbsp;available,70.2
1276756.AUEX01000003_gene768,AUEX01000003_gene768,annotation&nbsp;not&nbsp;available,70.1
1276756.AUEX01000008_gene3279,AUEX01000008_gene3279,annotation&nbsp;not&nbsp;available,70.1
1276756.AUEX01000027_gene2097,AUEX01000027_gene2097,annotation&nbsp;not&nbsp;available,70.1
1276756.AUEX01000013_gene1503,AUEX01000013_gene1503,annotation&nbsp;not&nbsp;available,70.1
1276756.AUEX01000026_gene249,AUEX01000026_gene249,annotation&nbsp;not&nbsp;available,70.1
1276756.AUEX01000011_gene1289,AUEX01000011_gene1289,annotation&nbsp;not&nbsp;available,70.1
1276756.AUEX01000040_gene337,AUEX01000040_gene337,annotation&nbsp;not&nbsp;available,70.1
1276756.AUEX01000005_gene2853,AUEX01000005_gene2853,annotation&nbsp;not&nbsp;available,70.1
