470.IX87_00445,ureA,Urease&nbsp;subunit&nbsp;gamma,98.9
470.IX87_21900,accB,Biotin&nbsp;carboxyl&nbsp;carrier&nbsp;protein&nbsp;of&nbsp;acetyl-CoA&nbsp;carboxylase,98.9
470.IX87_03065,cioB,Cytochrome&nbsp;bd-I&nbsp;ubiquinol&nbsp;oxidase&nbsp;subunit&nbsp;2,98.7
470.IX87_03995,AIL77825.1,ABC&nbsp;transporter,98.6
470.IX87_00685,AIL77196.1,Transketolase,98.6
470.IX87_03685,AIL77766.1,Catalase-related&nbsp;peroxidase,98.5
470.IX87_16690,AIL80188.1,L-asparaginase&nbsp;1,98.5
470.IX87_06840,cyoE,Protoheme&nbsp;IX&nbsp;farnesyltransferase,98.5
470.IX87_11230,accD,Acetyl-coenzyme&nbsp;A&nbsp;carboxylase&nbsp;carboxyl&nbsp;transferase&nbsp;subunit&nbsp;beta,98.3
470.IX87_11120,gcd,"Membrane-bound&nbsp;PQQ-dependent&nbsp;dehydrogenase,&nbsp;glucose/quinate/shikimate&nbsp;family",98.2
470.IX87_19395,AIL80693.1,Alpha-ketoacid&nbsp;dehydrogenase&nbsp;subunit&nbsp;beta,98.0
470.IX87_02805,metN1,Methionine&nbsp;import&nbsp;ATP-binding&nbsp;protein&nbsp;MetN,98.0
470.IX87_15375,AB895_1665,Glutathione&nbsp;peroxidase,98.0
470.IX87_14570,purK,N5-carboxyaminoimidazole&nbsp;ribonucleotide&nbsp;synthase,97.8
470.IX87_00440,AIL77150.1,Urease&nbsp;subunit&nbsp;beta,97.7
470.IX87_16345,AIL80121.1,Exonuclease&nbsp;V&nbsp;subunit&nbsp;beta,97.7
470.IX87_15680,AB895_1726,"DNA&nbsp;polymerase&nbsp;III&nbsp;chi&nbsp;subunit,&nbsp;HolC&nbsp;family&nbsp;protein",97.6
470.IX87_03620,ABUW_2491,Carboxymuconolactone&nbsp;decarboxylase&nbsp;family&nbsp;protein,97.6
470.IX87_12010,rpoA,DNA-directed&nbsp;RNA&nbsp;polymerase&nbsp;subunit&nbsp;alpha,97.5
470.IX87_21630,lpxD,UDP-3-O-acylglucosamine&nbsp;N-acyltransferase,97.5
470.IX87_10080,sucD,Succinate--CoA&nbsp;ligase&nbsp;[ADP-forming]&nbsp;subunit&nbsp;alpha,97.3
470.IX87_14730,IX87_14730,Sulfonate&nbsp;ABC&nbsp;transporter&nbsp;substrate-binding&nbsp;protein,97.3
470.IX87_02535,tkt,Transketolase,97.2
470.IX87_10955,phoP,Alkaline&nbsp;phosphatase&nbsp;synthesis&nbsp;transcriptional&nbsp;regulatory&nbsp;protein&nbsp;PhoP,97.2
470.IX87_16365,AIL80125.1,Polyribonucleotide&nbsp;nucleotidyltransferase,97.2
470.IX87_13620,guaB,Inosine-5'-monophosphate&nbsp;dehydrogenase,97.2
470.IX87_09570,AIL78869.1,Lipoprotein-releasing&nbsp;system&nbsp;transmembrane&nbsp;subunit&nbsp;LolC,97.2
470.IX87_04295,AIL77880.1,DNA&nbsp;mismatch&nbsp;repair&nbsp;protein&nbsp;MutS,97.0
470.IX87_15970,rplA,50S&nbsp;ribosomal&nbsp;protein&nbsp;L1,97.0
470.IX87_18470,rplY,50S&nbsp;ribosomal&nbsp;protein&nbsp;L25,97.0
470.IX87_12240,mlaD,"Uncharacterized&nbsp;ABC&nbsp;transporter,&nbsp;periplasmic&nbsp;component&nbsp;YrbD",96.9
470.IX87_18120,nuoK,NADH-quinone&nbsp;oxidoreductase&nbsp;subunit&nbsp;K,96.9
470.IX87_14030,murI,Glutamate&nbsp;racemase,96.9
470.IX87_10940,pctA,Type&nbsp;IV&nbsp;pilus&nbsp;methyl-accepting&nbsp;chemotaxis&nbsp;sensory&nbsp;transducer&nbsp;PilJ,96.8
470.IX87_06280,tal,Transaldolase,96.7
470.IX87_15685,pepA,Probable&nbsp;cytosol&nbsp;aminopeptidase,96.7
470.IX87_09990,carB,Carbamoyl-phosphate&nbsp;synthase&nbsp;large&nbsp;chain,96.6
470.IX87_12140,rpsJ,30S&nbsp;ribosomal&nbsp;protein&nbsp;S10,96.6
470.IX87_18425,acpP,Acyl&nbsp;carrier&nbsp;protein,96.5
470.IX87_11720,AIL79262.1,3-methylcrotonyl-CoA&nbsp;carboxylase,96.2
470.IX87_04680,AIL77955.1,Aspartate&nbsp;carbamoyltransferase,96.2
470.IX87_18475,prs,Ribose-phosphate&nbsp;pyrophosphokinase,96.1
470.IX87_15965,rplK,50S&nbsp;ribosomal&nbsp;protein&nbsp;L11,96.0
470.IX87_00995,AIL77257.1,Dihydrodipicolinate&nbsp;synthase&nbsp;family&nbsp;protein,95.9
470.IX87_14010,thiL,Thiamine-monophosphate&nbsp;kinase,95.9
470.IX87_06425,AIL78279.1,Chorismate&nbsp;mutase,95.7
470.IX87_15990,rpoC,DNA-directed&nbsp;RNA&nbsp;polymerase&nbsp;subunit&nbsp;beta',95.4
470.IX87_12245,AIL79355.1,ABC&nbsp;transporter&nbsp;permease,95.4
470.IX87_21770,tusE,Sulfurtransferase,95.3
470.IX87_00725,AIL77204.1,Glutaminase,95.3
470.IX87_04000,AIL77826.1,ABC&nbsp;transporter&nbsp;substrate-binding&nbsp;protein,95.3
470.IX87_00610,AIL77182.1,Carbonic&nbsp;anhydrase,95.3
470.IX87_06945,metI2,Binding--dependent&nbsp;transport&nbsp;system&nbsp;inner&nbsp;membrane&nbsp;component&nbsp;family&nbsp;protein,94.8
470.IX87_16340,AIL80120.1,Exonuclease&nbsp;V&nbsp;subunit&nbsp;gamma,94.7
470.IX87_02905,AIL77614.1,DNA-directed&nbsp;DNA&nbsp;polymerase,94.7
470.IX87_20345,AIL80874.1,Ribose-phosphate&nbsp;pyrophosphokinase,94.7
470.IX87_12860,AB895_1193,"Sulfate&nbsp;ABC&nbsp;transporter,&nbsp;sulfate-binding&nbsp;family&nbsp;protein",94.7
470.IX87_18990,iscR,HTH-type&nbsp;transcriptional&nbsp;regulator&nbsp;IscR,94.7
470.IX87_07500,AB895_0305,C4-dicarboxylate&nbsp;transport&nbsp;protein,94.6
470.IX87_16245,nusA,Transcription&nbsp;termination/antitermination&nbsp;protein&nbsp;NusA,94.6
470.IX87_20915,AIL80981.1,3-oxoadipate&nbsp;CoA-transferase,94.6
470.IX87_03770,paaA,"1,2-phenylacetyl-CoA&nbsp;epoxidase&nbsp;subunit&nbsp;A",94.6
470.IX87_08545,AIL78672.1,Indole-3-glycerol&nbsp;phosphate&nbsp;synthase,94.5
470.IX87_11300,baeR,Transcriptional&nbsp;regulatory&nbsp;protein&nbsp;BaeR,94.5
470.IX87_02265,cmk,Cytidylate&nbsp;kinase,94.4
470.IX87_16450,AIL80142.1,Glutamate&nbsp;racemase,94.4
470.IX87_14265,dnaJ,Chaperone&nbsp;protein&nbsp;DnaJ,94.3
470.IX87_06940,metN_2,Methionine&nbsp;import&nbsp;ATP-binding&nbsp;protein&nbsp;MetN,94.2
470.IX87_06820,cyoA,Ubiquinol&nbsp;oxidase&nbsp;subunit&nbsp;2,94.2
470.IX87_03745,AIL77777.1,"2,3-dehydroadipyl-CoA&nbsp;hydratase",94.1
470.IX87_12275,ribA,GTP&nbsp;cyclohydrolase-2,93.9
470.IX87_04350,lptB,"Lipopolysaccharide&nbsp;ABC&nbsp;transporter,&nbsp;ATP-binding&nbsp;protein&nbsp;LptB",93.8
470.IX87_03625,AIL77755.1,NAD-dependent&nbsp;succinate-semialdehyde&nbsp;dehydrogenase,93.8
470.IX87_18015,nrdA,Vitamin&nbsp;B12-dependent&nbsp;ribonucleotide&nbsp;reductase,93.7
470.IX87_21215,AIL81041.1,PTS&nbsp;fructose&nbsp;transporter&nbsp;subunit&nbsp;IIA,93.7
470.IX87_09465,tolB,Protein&nbsp;TolB,93.7
470.IX87_09630,AIL78881.1,Dolichyl-phosphate-mannose--protein&nbsp;mannosyltransferase,93.7
470.IX87_15545,yvdD_2,Cytokinin&nbsp;riboside&nbsp;5'-monophosphate&nbsp;phosphoribohydrolase,93.6
470.IX87_04730,AIL77965.1,Transcriptional&nbsp;regulator&nbsp;Crp,93.4
470.IX87_06500,AIL78294.1,Ethanolamine&nbsp;ammonia&nbsp;lyase&nbsp;large&nbsp;subunit,93.4
470.IX87_14290,ppc,Phosphoenolpyruvate&nbsp;carboxylase,93.4
470.IX87_06900,gidA,tRNA&nbsp;uridine&nbsp;5-carboxymethylaminomethyl&nbsp;modification&nbsp;enzyme&nbsp;MnmG,93.3
470.IX87_15070,AIL79884.1,Alanine&nbsp;racemase,93.3
470.IX87_03790,AIL77786.1,Aldehyde&nbsp;dehydrogenase&nbsp;(NADP(+)),93.3
470.IX87_17550,ABUW_3272,Pyrroline-5-carboxylate&nbsp;reductase,93.3
470.IX87_07540,IX87_07540,Two-component&nbsp;sensor&nbsp;histidine&nbsp;kinase,93.1
470.IX87_19030,AIL80621.1,Acyl-CoA&nbsp;dehydrogenase,93.0
470.IX87_02395,fba,"Fructose-bisphosphate&nbsp;aldolase,&nbsp;class&nbsp;II,&nbsp;Calvin&nbsp;cycle&nbsp;subtype",93.0
470.IX87_19710,AIL80756.1,Bifunctional&nbsp;metallophosphatase/5'-nucleotidase,92.9
470.IX87_16805,rpmG,50S&nbsp;ribosomal&nbsp;protein&nbsp;L33,92.9
470.IX87_18105,nuoH,NADH-quinone&nbsp;oxidoreductase&nbsp;subunit&nbsp;H,92.8
470.IX87_06680,AIL78330.1,Histidine&nbsp;kinase,92.8
470.IX87_04755,hisZ,ATP&nbsp;phosphoribosyltransferase&nbsp;regulatory&nbsp;subunit,92.8
470.IX87_12815,mrcA,Penicillin-binding&nbsp;protein&nbsp;1A,92.7
470.IX87_12100,rplP,50S&nbsp;ribosomal&nbsp;protein&nbsp;L16,92.6
470.IX87_10770,gatB,Glutaminyl-tRNA&nbsp;synthase&nbsp;(Glutamine-hydrolyzing)&nbsp;subunit&nbsp;B,92.5
470.IX87_20365,AIL80878.1,ABC&nbsp;transporter&nbsp;ATP-binding&nbsp;protein,92.4
470.IX87_12595,rpsP,30S&nbsp;ribosomal&nbsp;protein&nbsp;S16,92.4
470.IX87_14605,grpE,Protein&nbsp;GrpE,92.3
470.IX87_11115,sir,Sulfite&nbsp;reductase&nbsp;[ferredoxin],92.3
470.IX87_16560,AIL80162.1,Ribonuclease&nbsp;E/G,92.3
470.IX87_20860,AIL80970.1,"Membrane-bound&nbsp;PQQ-dependent&nbsp;dehydrogenase,&nbsp;glucose/quinate/shikimate&nbsp;family",92.3
470.IX87_04665,AIL77952.1,Glutathione&nbsp;S-transferase,92.2
470.IX87_15245,guaA,GMP&nbsp;synthase&nbsp;[glutamine-hydrolyzing],92.1
470.IX87_17285,AIL80305.1,Aconitate&nbsp;hydratase,92.0
470.IX87_09635,AIL78882.1,DNA&nbsp;gyrase&nbsp;subunit&nbsp;A,91.9
470.IX87_04100,AIL77846.1,Allophanate&nbsp;hydrolase,91.9
470.IX87_19550,AIL80724.1,Acetyl-CoA&nbsp;acetyltransferase,91.8
470.IX87_01715,argB,Acetylglutamate&nbsp;kinase,91.7
470.IX87_00580,ppk,Polyphosphate&nbsp;kinase,91.6
470.IX87_04580,benB,"Benzoate&nbsp;1,2-dioxygenase&nbsp;small&nbsp;subunit",91.5
470.IX87_18880,AB895_3348,Binding--dependent&nbsp;transport&nbsp;system&nbsp;inner&nbsp;membrane&nbsp;component&nbsp;family&nbsp;protein,91.4
470.IX87_17645,AIL80368.1,RNA&nbsp;polymerase&nbsp;factor&nbsp;sigma-54,91.3
470.IX87_18885,oppC,Oligopeptide&nbsp;transport&nbsp;system&nbsp;permease&nbsp;protein&nbsp;OppC,91.3
470.IX87_04685,pyrB,Aspartate&nbsp;carbamoyltransferase,91.1
470.IX87_15985,rpoB,DNA-directed&nbsp;RNA&nbsp;polymerase&nbsp;subunit&nbsp;beta,91.1
470.IX87_12020,rpsK,30S&nbsp;ribosomal&nbsp;protein&nbsp;S11,91.0
470.IX87_16285,AIL80109.1,"Subunit&nbsp;A&nbsp;of&nbsp;antiporter&nbsp;complex&nbsp;involved&nbsp;in&nbsp;resistance&nbsp;to&nbsp;high&nbsp;concentrations&nbsp;of&nbsp;Na+,&nbsp;K+,&nbsp;Li+&nbsp;and/or&nbsp;alkali",90.9
470.IX87_09130,AIL78784.1,Nitronate&nbsp;monooxygenase,90.9
470.IX87_06215,AIL78240.1,Alcohol&nbsp;dehydrogenase,90.9
470.IX87_18085,AIL80442.1,NADH-quinone&nbsp;oxidoreductase,90.8
470.IX87_07210,AIL78431.1,Aspartate&nbsp;aminotransferase&nbsp;family&nbsp;protein,90.7
470.IX87_13330,mmsA,Methylmalonate-semialdehyde&nbsp;dehydrogenase&nbsp;(CoA&nbsp;acylating),90.7
470.IX87_16965,leuA,2-isopropylmalate&nbsp;synthase,90.7
470.IX87_18565,IX87_18565,Uncharacterized&nbsp;protein,90.6
470.IX87_13050,hisH,Imidazole&nbsp;glycerol&nbsp;phosphate&nbsp;synthase&nbsp;subunit&nbsp;HisH,90.5
470.IX87_10265,adeK,Multidrug&nbsp;efflux&nbsp;RND&nbsp;transporter&nbsp;AdeABC&nbsp;outer&nbsp;membrane&nbsp;channel&nbsp;subunit&nbsp;AdeK,90.4
470.IX87_10175,AIL78982.1,Alcohol&nbsp;dehydrogenase,90.3
470.IX87_18215,metG,methionine--tRNA&nbsp;ligase,90.3
470.IX87_13020,cat1,Propionyl-CoA--succinate&nbsp;CoA&nbsp;transferase,90.1
470.IX87_06490,AIL78292.1,"Catalyzes&nbsp;the&nbsp;oxidation&nbsp;of&nbsp;acetaldehyde,&nbsp;benzaldehyde,&nbsp;propionaldehyde&nbsp;and&nbsp;other&nbsp;aldehydes",90.0
470.IX87_12025,rpsM,30S&nbsp;ribosomal&nbsp;protein&nbsp;S13,89.9
470.IX87_03645,AIL77758.1,Carnitine&nbsp;dehydratase,89.5
470.IX87_10250,AIL78997.1,Phosphatidylglycerophosphatase,89.5
470.IX87_00430,ureC,Ureases&nbsp;catalyze&nbsp;the&nbsp;hydrolysis&nbsp;of&nbsp;urea&nbsp;into&nbsp;ammonia&nbsp;and&nbsp;carbon&nbsp;dioxide,89.5
470.IX87_18410,rpmF,Some&nbsp;L32&nbsp;proteins&nbsp;have&nbsp;zinc&nbsp;finger&nbsp;motifs&nbsp;consisting&nbsp;of&nbsp;CXXC&nbsp;while&nbsp;others&nbsp;do&nbsp;not,89.4
470.IX87_12705,AIL79445.1,Glutamate&nbsp;synthase&nbsp;small&nbsp;subunit,89.3
470.IX87_12650,AIL79435.1,RelA/SpoT&nbsp;family&nbsp;protein,89.3
470.IX87_14710,ssuB,Part&nbsp;of&nbsp;the&nbsp;ABC&nbsp;type&nbsp;transport&nbsp;system&nbsp;SsuABC&nbsp;for&nbsp;aliphatic&nbsp;sulfonates,89.2
470.IX87_17080,AIL80264.1,Phosphatidylglycerophosphatase,88.7
470.IX87_16360,rpsO,30S&nbsp;ribosomal&nbsp;protein&nbsp;S15,88.3
470.IX87_00755,AIL77210.1,Aspartate&nbsp;dehydrogenase,88.0
470.IX87_09215,AIL78801.1,Aminotransferase,87.9
470.IX87_03485,AIL77727.1,Acyl-CoA&nbsp;dehydrogenase,87.9
470.IX87_19495,AIL80713.1,ABC&nbsp;transporter&nbsp;permease,87.8
470.IX87_18100,IX87_18100,NADH-quinone&nbsp;oxidoreductase,87.8
470.IX87_09070,dacD,D-alanyl-D-alanine&nbsp;carboxypeptidase,87.8
470.IX87_17125,AIL80273.1,Outer&nbsp;membrane&nbsp;protein&nbsp;assembly&nbsp;factor&nbsp;BamB,87.7
470.IX87_16500,rpmE2,50S&nbsp;ribosomal&nbsp;protein&nbsp;L31&nbsp;type&nbsp;B,87.7
470.IX87_14940,gne,UDP-glucose&nbsp;4-epimerase&nbsp;GalE,87.6
470.IX87_20900,AIL80978.1,3-oxoadipate&nbsp;enol-lactonase,87.6
470.IX87_06685,kdpC,Potassium-transporting&nbsp;ATPase&nbsp;KdpC&nbsp;subunit,87.5
470.IX87_12035,secY,Protein&nbsp;translocase&nbsp;subunit&nbsp;SecY,87.4
470.IX87_00745,AIL77208.1,Uncharacterized&nbsp;protein,87.4
470.IX87_11875,AIL79288.1,"NAD(P)H:quinone&nbsp;oxidoreductase,&nbsp;type&nbsp;IV",87.4
470.IX87_14595,dnaK,Chaperone&nbsp;protein&nbsp;DnaK,87.3
470.IX87_03735,AIL77775.1,3-hydroxyacyl-CoA&nbsp;dehydrogenase,87.3
470.IX87_08565,AIL78676.1,Xanthine&nbsp;dehydrogenase&nbsp;small&nbsp;subunit,87.1
470.IX87_14155,purC,Phosphoribosylaminoimidazole-succinocarboxamide&nbsp;synthase,87.0
470.IX87_18985,iscS,Cysteine&nbsp;desulfurase&nbsp;IscS,86.6
470.IX87_10095,sucB,Dihydrolipoyllysine-residue&nbsp;succinyltransferase&nbsp;component&nbsp;of&nbsp;2-oxoglutarate&nbsp;dehydrogenase&nbsp;complex,86.6
470.IX87_17455,infC,Translation&nbsp;initiation&nbsp;factor&nbsp;IF-3,86.5
470.IX87_10760,gatC,Aspartyl/glutamyl-tRNA(Asn/Gln)&nbsp;amidotransferase&nbsp;subunit&nbsp;C,86.5
470.IX87_17560,AIL80356.1,DNA&nbsp;polymerase&nbsp;I,86.3
470.IX87_12345,AIL79375.1,Glycine--tRNA&nbsp;ligase&nbsp;subunit&nbsp;alpha,86.2
470.IX87_03580,AIL77746.1,Phosphonate&nbsp;ABC&nbsp;transporter&nbsp;permease,86.1
470.IX87_03470,AIL77724.1,3-oxoadipate&nbsp;CoA-transferase,86.0
470.IX87_19565,AIL80727.1,Succinyl-CoA--3-ketoacid-CoA&nbsp;transferase,86.0
470.IX87_18030,bfmS,Two-component&nbsp;sensor&nbsp;histidine&nbsp;kinase,85.8
470.IX87_06475,AIL78289.1,L-threonine&nbsp;dehydrogenase,85.8
470.IX87_03325,katE,Catalase&nbsp;HPII,85.8
470.IX87_12075,rplE,50S&nbsp;ribosomal&nbsp;protein&nbsp;L5,85.8
470.IX87_07655,exoX,DNA&nbsp;polymerase&nbsp;III&nbsp;subunit&nbsp;epsilon,85.8
470.IX87_10085,sucC,Succinate--CoA&nbsp;ligase&nbsp;[ADP-forming]&nbsp;subunit&nbsp;beta,85.6
470.IX87_20920,IX87_20705,3-oxoadipate&nbsp;CoA-transferase,85.3
470.IX87_02915,cysE,Serine&nbsp;O-acetyltransferase,85.2
470.IX87_10715,thrH,Phosphoserine&nbsp;phosphatase/homoserine&nbsp;phosphotransferase&nbsp;bifunctional&nbsp;protein,85.1
470.IX87_00905,mqo,Probable&nbsp;malate:quinone&nbsp;oxidoreductase,85.1
470.IX87_06675,AIL78329.1,DNA-binding&nbsp;response&nbsp;regulator,85.0
470.IX87_16650,AIL80180.1,3-isopropylmalate&nbsp;dehydratase,85.0
470.IX87_15415,def1,Peptide&nbsp;deformylase,85.0
470.IX87_11515,AIL79226.1,Protein&nbsp;translocase&nbsp;subunit&nbsp;SecF,84.9
470.IX87_17435,ptsO,"Phosphocarrier&nbsp;protein,&nbsp;nitrogen&nbsp;regulation&nbsp;associated",84.9
470.IX87_04095,AIL77845.1,Acetyl/propionyl-CoA&nbsp;carboxylase&nbsp;subunit&nbsp;alpha,84.8
470.IX87_18345,otsA,"Alpha,alpha-trehalose-phosphate&nbsp;synthase&nbsp;[UDP-forming]",84.8
470.IX87_21100,AIL81018.1,Cytochrome&nbsp;d&nbsp;terminal&nbsp;oxidase&nbsp;subunit&nbsp;1,84.6
470.IX87_19820,AB895_3529,Catalyzes&nbsp;the&nbsp;formation&nbsp;of&nbsp;S-formylglutathione&nbsp;from&nbsp;S-(hydroxymethyl)glutathione,84.6
470.IX87_06930,purD,Phosphoribosylamine--glycine&nbsp;ligase,84.5
470.IX87_17795,argJ,Arginine&nbsp;biosynthesis&nbsp;bifunctional&nbsp;protein&nbsp;ArgJ,84.5
470.IX87_17510,pheT,Phenylalanine--tRNA&nbsp;ligase&nbsp;beta&nbsp;subunit,84.4
470.IX87_16410,xcpT_1,General&nbsp;secretion&nbsp;pathway&nbsp;protein&nbsp;GspG,84.4
470.IX87_19680,modA,Molybdate&nbsp;ABC&nbsp;transporter&nbsp;substrate-binding&nbsp;protein,84.3
470.IX87_00680,AIL77195.1,Transketolase,84.3
470.IX87_21640,AIL81119.1,Outer&nbsp;membrane&nbsp;protein&nbsp;assembly&nbsp;factor&nbsp;BamA,84.3
470.IX87_11305,AIL79188.1,Sensor&nbsp;histidine&nbsp;kinase&nbsp;efflux&nbsp;regulator&nbsp;BaeS,84.2
470.IX87_14565,purE,N5-carboxyaminoimidazole&nbsp;ribonucleotide&nbsp;mutase,84.2
470.IX87_02800,AIL77593.1,Methionine&nbsp;transporter,84.0
470.IX87_09540,purN,Phosphoribosylglycinamide&nbsp;formyltransferase,84.0
470.IX87_04705,pncC,Nicotinamide-nucleotide&nbsp;amidohydrolase&nbsp;PncC,84.0
470.IX87_06725,AIL78339.1,AMP-binding&nbsp;protein,83.9
470.IX87_02775,AIL77588.1,Glutathione&nbsp;S-transferase,83.9
470.IX87_02245,pyrF,Orotidine&nbsp;5'-phosphate&nbsp;decarboxylase,83.7
470.IX87_15345,atpH,ATP&nbsp;synthase&nbsp;subunit&nbsp;delta,83.7
470.IX87_17210,ilvB,"Catalyzes&nbsp;the&nbsp;formation&nbsp;of&nbsp;2-acetolactate&nbsp;from&nbsp;pyruvate,&nbsp;leucine&nbsp;sensitive",83.7
470.IX87_02795,AIL77592.1,Methionine&nbsp;transporter,83.7
470.IX87_12990,IX87_12990,O-acetylhomoserine&nbsp;aminocarboxypropyltransferase,83.5
470.IX87_09050,AIL78768.1,NADP-dependent&nbsp;isocitrate&nbsp;dehydrogenase,83.5
470.IX87_17015,ackA,Acetate&nbsp;kinase,83.4
470.IX87_13985,serB,Phosphoserine&nbsp;phosphatase&nbsp;SerB,83.3
470.IX87_18115,nuoJ,NADH-quinone&nbsp;oxidoreductase&nbsp;subunit&nbsp;J,83.3
470.IX87_10225,rplU,50S&nbsp;ribosomal&nbsp;protein&nbsp;L21,83.2
470.IX87_17665,hisG,ATP&nbsp;phosphoribosyltransferase,83.2
470.IX87_16610,AIL80172.1,Phosphoenolpyruvate--protein&nbsp;phosphotransferase,83.1
470.IX87_15310,AIL79930.1,Zinc&nbsp;ABC&nbsp;transporter&nbsp;ATP-binding&nbsp;protein,83.1
470.IX87_00420,ureF,Urease&nbsp;accessory&nbsp;protein&nbsp;UreF,83.1
470.IX87_09555,AB895_0588,Bacterial&nbsp;lipid&nbsp;A&nbsp;biosynthesis&nbsp;acyltransferase&nbsp;family&nbsp;protein,83.0
470.IX87_09525,hda,Chromosomal&nbsp;replication&nbsp;initiator&nbsp;protein&nbsp;DnaA,83.0
470.IX87_17360,AIL80318.1,3-hydroxyisobutyrate&nbsp;dehydrogenase,82.8
470.IX87_19740,AIL80761.1,Polyphosphate&nbsp;kinase,82.7
470.IX87_03250,AIL77682.1,Glutamine-binding&nbsp;protein,82.4
470.IX87_03220,AIL77676.1,Serine&nbsp;acetyltransferase,82.4
470.IX87_07605,AIL78500.1,Amino&nbsp;acid&nbsp;ABC&nbsp;transporter&nbsp;permease,82.4
470.IX87_09865,groS,10&nbsp;kDa&nbsp;chaperonin,82.2
470.IX87_01840,rpsL,30S&nbsp;ribosomal&nbsp;protein&nbsp;S12,82.1
470.IX87_00675,AIL77194.1,Methionine&nbsp;synthase,82.1
470.IX87_06690,AIL78332.1,Potassium-transporting&nbsp;ATPase&nbsp;subunit&nbsp;B,82.0
470.IX87_17215,ilvH,Acetolactate&nbsp;synthase&nbsp;isozyme&nbsp;3&nbsp;small&nbsp;subunit,82.0
470.IX87_14430,gyrB,DNA&nbsp;gyrase&nbsp;subunit&nbsp;B,82.0
470.IX87_08130,glnA,Forms&nbsp;a&nbsp;homododecamer,81.9
470.IX87_08650,AIL78693.1,Isochorismatase,81.9
470.IX87_11695,rplM,50S&nbsp;ribosomal&nbsp;protein&nbsp;L13,81.9
470.IX87_15980,rplL,50S&nbsp;ribosomal&nbsp;protein&nbsp;L7/L12,81.7
470.IX87_16660,AIL80182.1,Catalyzes&nbsp;the&nbsp;oxidation&nbsp;of&nbsp;3-isopropylmalate&nbsp;to&nbsp;3-carboxy-4-methyl-2-oxopentanoate&nbsp;in&nbsp;leucine&nbsp;biosynthesis,81.5
470.IX87_00515,cysD,Sulfate&nbsp;adenylyltransferase&nbsp;subunit&nbsp;2,81.5
470.IX87_06510,AIL78296.1,GMP&nbsp;synthase,81.5
470.IX87_14735,argA,Amino-acid&nbsp;acetyltransferase,81.3
470.IX87_01540,AIL77360.1,Derived&nbsp;by&nbsp;automated&nbsp;computational&nbsp;analysis&nbsp;using&nbsp;gene&nbsp;prediction&nbsp;method:&nbsp;Protein&nbsp;Homology,81.2
470.IX87_18090,nuoE,NADH-ubiquinone&nbsp;oxidoreductase&nbsp;chain&nbsp;E,81.1
470.IX87_08680,AIL78699.1,Siderophore&nbsp;ABC&nbsp;transporter&nbsp;ATP-binding&nbsp;protein,81.0
470.IX87_07520,mrcB,Penicillin-binding&nbsp;protein&nbsp;1B,80.9
470.IX87_13100,hisF,Imidazole&nbsp;glycerol&nbsp;phosphate&nbsp;synthase&nbsp;subunit&nbsp;HisF,80.9
470.IX87_01835,rpsG,30S&nbsp;ribosomal&nbsp;protein&nbsp;S7,80.8
470.IX87_09620,AIL78879.1,Glycosyltransferase,80.6
470.IX87_21905,accC,"An&nbsp;AccC&nbsp;homodimer&nbsp;forms&nbsp;the&nbsp;biotin&nbsp;carboxylase&nbsp;subunit&nbsp;of&nbsp;the&nbsp;acetyl&nbsp;CoA&nbsp;carboxylase,&nbsp;an&nbsp;enzyme&nbsp;that&nbsp;catalyzes&nbsp;the&nbsp;formation&nbsp;of&nbsp;malonyl-CoA,&nbsp;which&nbsp;in&nbsp;turn&nbsp;controls&nbsp;the&nbsp;rate&nbsp;of&nbsp;fatty&nbsp;acid&nbsp;metabolism",80.6
470.IX87_09985,carA,Carbamoyl-phosphate&nbsp;synthase&nbsp;small&nbsp;chain,80.6
470.IX87_02755,AIL77584.1,Amino&nbsp;acid&nbsp;transporter,80.6
470.IX87_15730,AIL80008.1,Histidine&nbsp;kinase,80.3
470.IX87_03535,AIL77737.1,Nitronate&nbsp;monooxygenase,80.3
470.IX87_09340,cysW,Part&nbsp;of&nbsp;the&nbsp;ABC&nbsp;transporter&nbsp;complex&nbsp;cysAWTP&nbsp;involved&nbsp;in&nbsp;sulfate/thiosulfate&nbsp;import,80.2
470.IX87_17580,AIL80360.1,Type&nbsp;II&nbsp;secretion&nbsp;system&nbsp;protein&nbsp;GspE,80.2
470.IX87_14800,AIL79830.1,Phospholipase,79.6
470.IX87_08825,AIL78724.1,5'/3'-nucleotidase&nbsp;SurE,79.6
470.IX87_02750,gltK,Glutamate&nbsp;Aspartate&nbsp;transport&nbsp;system&nbsp;permease&nbsp;protein&nbsp;GltK&nbsp;(TC&nbsp;3.A.1.3.4),79.4
470.IX87_17335,pntA,NAD(P)&nbsp;transhydrogenase&nbsp;alpha&nbsp;subunit,79.3
470.IX87_02475,gcvH,Glycine&nbsp;cleavage&nbsp;system&nbsp;H&nbsp;protein,79.3
470.IX87_07615,AIL78502.1,ABC&nbsp;transporter&nbsp;substrate-binding&nbsp;protein,79.1
470.IX87_10950,pilH,Type&nbsp;IV&nbsp;pilus&nbsp;response&nbsp;regulator&nbsp;protein&nbsp;PilH,79.1
470.IX87_04480,AIL77915.1,Exodeoxyribonuclease&nbsp;VII&nbsp;large&nbsp;subunit,79.0
470.IX87_04270,lpxL,Lipid&nbsp;A&nbsp;biosynthesis&nbsp;lauroyltransferase,78.9
470.IX87_09645,etfB,Electron&nbsp;transfer&nbsp;flavoprotein&nbsp;subunit&nbsp;beta,78.9
470.IX87_19660,antC,Anthranilate&nbsp;dioxygenase&nbsp;reductase,78.9
470.IX87_14470,trmE,tRNA&nbsp;modification&nbsp;GTPase&nbsp;MnmE,78.8
470.IX87_11600,AIL79243.1,Derived&nbsp;by&nbsp;automated&nbsp;computational&nbsp;analysis&nbsp;using&nbsp;gene&nbsp;prediction&nbsp;method:&nbsp;Protein&nbsp;Homology,78.8
470.IX87_09325,cysP,"Sulfate&nbsp;ABC&nbsp;transporter,&nbsp;sulfate-binding&nbsp;family&nbsp;protein",78.7
470.IX87_08890,pstA,Phosphate&nbsp;transport&nbsp;system&nbsp;permease&nbsp;protein&nbsp;PstA,78.6
470.IX87_09860,groEL,60&nbsp;kDa&nbsp;chaperonin,78.6
470.IX87_13940,phoB,Phosphate&nbsp;regulon&nbsp;transcriptional&nbsp;regulatory&nbsp;protein&nbsp;PhoB&nbsp;(SphR),78.6
470.IX87_18525,bamD,Outer&nbsp;membrane&nbsp;protein&nbsp;assembly&nbsp;factor&nbsp;BamD,78.5
470.IX87_16930,tatB,Sec-independent&nbsp;protein&nbsp;translocase&nbsp;protein&nbsp;TatB,78.4
470.IX87_18110,nuoI,NADH-quinone&nbsp;oxidoreductase&nbsp;subunit&nbsp;I,78.3
470.IX87_18870,AIL80590.1,Heme-binding&nbsp;protein,78.0
470.IX87_08050,metF,Methylenetetrahydrofolate&nbsp;reductase,78.0
470.IX87_19385,AIL80691.1,Lipoyl&nbsp;synthase,78.0
470.IX87_17415,folK,2-amino-4-hydroxy-6-hydroxymethyldihydropteridine&nbsp;pyrophosphokinase,77.9
470.IX87_03425,AIL77715.1,Acetyl/propionyl/methylcrotonyl-CoA&nbsp;carboxylase&nbsp;subunit&nbsp;alpha,77.9
470.IX87_08700,AIL78703.1,Peptide&nbsp;synthetase,77.8
470.IX87_07205,AIL78430.1,Methylmalonate-semialdehyde&nbsp;dehydrogenase&nbsp;(CoA&nbsp;acylating),77.7
470.IX87_06700,AIL78334.1,2-amino-4-hydroxy-6-hydroxymethyldihydropteridine&nbsp;pyrophosphokinase,77.7
470.IX87_19405,lpdA,E3&nbsp;component&nbsp;of&nbsp;alpha&nbsp;keto&nbsp;acid&nbsp;dehydrogenase&nbsp;complexes&nbsp;LpdC,77.6
470.IX87_15105,AIL79891.1,AMP-binding&nbsp;protein,77.6
470.IX87_06960,dctA_1,C4-dicarboxylate&nbsp;transport&nbsp;protein,77.5
470.IX87_10110,sdhA,Succinate&nbsp;dehydrogenase&nbsp;flavoprotein&nbsp;subunit,77.5
470.IX87_06825,cyoB,Cytochrome&nbsp;bo(3)&nbsp;ubiquinol&nbsp;oxidase&nbsp;subunit&nbsp;1,77.4
470.IX87_19355,AIL80685.1,Tryptophan&nbsp;synthase&nbsp;subunit&nbsp;beta,77.4
470.IX87_06445,AIL78283.1,Derived&nbsp;by&nbsp;automated&nbsp;computational&nbsp;analysis&nbsp;using&nbsp;gene&nbsp;prediction&nbsp;method:&nbsp;Protein&nbsp;Homology,77.3
470.IX87_17505,pheS,Phenylalanine--tRNA&nbsp;ligase&nbsp;alpha&nbsp;subunit,77.3
470.IX87_17515,ihfA,Integration&nbsp;host&nbsp;factor&nbsp;subunit&nbsp;alpha,77.3
470.IX87_00425,AIL77147.1,Urease&nbsp;accessory&nbsp;protein&nbsp;UreE,77.1
470.IX87_11505,yajC,Preprotein&nbsp;translocase&nbsp;subunit&nbsp;YajC&nbsp;(TC&nbsp;3.A.5.1.1),77.0
470.IX87_15850,ypdA,Histidine&nbsp;kinase&nbsp;family&nbsp;protein,77.0
470.IX87_02560,oxa66,OXA-51&nbsp;family&nbsp;carbapenem-hydrolyzing&nbsp;class&nbsp;D&nbsp;beta-lactamase&nbsp;OXA-66,76.9
470.IX87_11755,AIL79269.1,Acyl-CoA&nbsp;dehydrogenase,76.8
470.IX87_11430,ilvE,Branched-chain-amino-acid&nbsp;aminotransferase,76.7
470.IX87_13755,pyrE,Orotate&nbsp;phosphoribosyltransferase,76.7
470.IX87_07470,AIL78473.1,Aminoacyl-histidine&nbsp;dipeptidase,76.6
470.IX87_15975,rplJ,50S&nbsp;ribosomal&nbsp;protein&nbsp;L10,76.5
470.IX87_09640,AIL78883.1,Electron&nbsp;transfer&nbsp;flavoprotein&nbsp;subunit&nbsp;alpha,76.5
470.IX87_18335,bfr2,Bacterioferritin,76.4
470.IX87_02900,AIL77613.1,L-asparaginase,76.3
470.IX87_15170,AIL79904.1,Peptide&nbsp;synthetase,76.2
470.IX87_08620,AIL78687.1,Phosphopantetheinyl&nbsp;transferase,76.2
470.IX87_17745,fghA,S-formylglutathione&nbsp;hydrolase,76.1
470.IX87_21750,AIL81141.1,UDP-glucose&nbsp;4-epimerase,76.0
470.IX87_07555,AIL78490.1,Type&nbsp;II&nbsp;secretion&nbsp;system&nbsp;protein&nbsp;E,76.0
470.IX87_17935,AIL80418.1,5-methyltetrahydropteroyltriglutamate--homocysteine&nbsp;methyltransferase,76.0
470.IX87_09300,AIL78817.1,L-aspartate&nbsp;oxidase,75.9
470.IX87_03505,AIL77731.1,Catalyzes&nbsp;the&nbsp;thiolytic&nbsp;cleavage&nbsp;of&nbsp;beta-ketoadipyl-CoA&nbsp;to&nbsp;succinate&nbsp;and&nbsp;acetyl-CoA,75.8
470.IX87_15340,atpF,ATP&nbsp;synthase&nbsp;subunit&nbsp;b,75.8
470.IX87_19665,AIL80747.1,"Anthranilate&nbsp;1,2-dioxygenase&nbsp;small&nbsp;subunit",75.8
470.IX87_10720,cysH,Phosphoadenylyl-sulfate&nbsp;reductase&nbsp;[thioredoxin]&nbsp;/&nbsp;Adenylyl-sulfate&nbsp;reductase&nbsp;[thioredoxin],75.8
470.IX87_19155,AIL80645.1,3-deoxy-7-phosphoheptulonate&nbsp;synthase,75.8
470.IX87_08675,AIL78698.1,Ferric&nbsp;anguibactin-binding&nbsp;protein,75.7
470.IX87_17475,rpmI,50S&nbsp;ribosomal&nbsp;protein&nbsp;L35,75.7
470.IX87_08035,ABUW_1226,Carboxymuconolactone&nbsp;decarboxylase&nbsp;family&nbsp;protein,75.7
470.IX87_03990,AIL77824.1,Nitrate&nbsp;ABC&nbsp;transporter&nbsp;permease,75.6
470.IX87_03755,paaJ,Phenylacetate-CoA&nbsp;oxygenase&nbsp;subunit&nbsp;PaaJ,75.4
470.IX87_17375,AIL80321.1,Cysteine&nbsp;synthase&nbsp;B,75.4
470.IX87_12125,rplW,50S&nbsp;ribosomal&nbsp;protein&nbsp;L23,75.3
470.IX87_03585,AIL77747.1,Spermidine/putrescine&nbsp;ABC&nbsp;transporter&nbsp;ATPase,75.3
470.IX87_20720,AIL80946.1,3-oxoadipate&nbsp;enol-lactonase,75.3
470.IX87_17675,AIL80374.1,Histidinol-phosphate&nbsp;transaminase,75.3
470.IX87_15355,atpG,ATP&nbsp;synthase&nbsp;gamma&nbsp;chain,75.2
470.IX87_16725,AIL80195.1,Lauroyl&nbsp;acyltransferase,75.2
470.IX87_17010,AIL80251.1,Phosphate&nbsp;acetyltransferase,75.0
470.IX87_11095,thlA_1,3-ketoacyl-CoA&nbsp;thiolase&nbsp;[isoleucine&nbsp;degradation],74.8
470.IX87_10705,AIL79079.1,NAD(P)H&nbsp;dehydrogenase,74.5
470.IX87_18420,fabG_2,3-oxoacyl-[acyl-carrier-protein]&nbsp;reductase&nbsp;FabG,74.5
470.IX87_21010,clpS,ATP-dependent&nbsp;Clp&nbsp;protease&nbsp;adapter&nbsp;protein&nbsp;ClpS,74.5
470.IX87_16435,tusA,tRNA&nbsp;5-methylaminomethyl-2-thiouridine&nbsp;synthase&nbsp;TusA,74.2
470.IX87_10680,uppP,Undecaprenyl-diphosphatase,74.2
470.IX87_00510,cysN,Sulfate&nbsp;adenylyltransferase&nbsp;subunit&nbsp;1,74.1
470.IX87_06835,cyoD,Cytochrome&nbsp;bo(3)&nbsp;ubiquinol&nbsp;oxidase&nbsp;subunit&nbsp;4,74.0
470.IX87_15955,secE,Protein&nbsp;translocase&nbsp;subunit&nbsp;SecE,73.9
470.IX87_09845,AIL78922.1,Glycerophosphodiester&nbsp;phosphodiesterase,73.8
470.IX87_02745,artP,Glutamate&nbsp;Aspartate&nbsp;transport&nbsp;ATP-binding&nbsp;protein&nbsp;GltL&nbsp;(TC&nbsp;3.A.1.3.4),73.7
470.IX87_14835,AIL79837.1,Tyrosine&nbsp;protein&nbsp;kinase,73.6
470.IX87_15365,atpC,ATP&nbsp;synthase&nbsp;epsilon&nbsp;chain,73.5
470.IX87_02330,AIL77504.1,DNA&nbsp;polymerase&nbsp;III&nbsp;subunit&nbsp;delta,73.5
470.IX87_12645,AIL79434.1,DNA-directed&nbsp;RNA&nbsp;polymerase&nbsp;subunit&nbsp;omega,73.4
470.IX87_06225,AIL78242.1,Phospholipase,73.4
470.IX87_15020,AIL79874.1,"FabB,&nbsp;beta-Ketoacyl-ACP&nbsp;synthase&nbsp;I,&nbsp;KASI",73.4
470.IX87_07515,ppnK,NAD&nbsp;kinase,73.3
470.IX87_14145,dapA,4-hydroxy-tetrahydrodipicolinate&nbsp;synthase,73.3
470.IX87_12050,rpsE,30S&nbsp;ribosomal&nbsp;protein&nbsp;S5,73.2
470.IX87_07485,pheA,Chorismate&nbsp;mutase&nbsp;I&nbsp;/&nbsp;Prephenate&nbsp;dehydratase,73.2
470.IX87_12065,rpsH,30S&nbsp;ribosomal&nbsp;protein&nbsp;S8,73.2
470.IX87_13715,gshB,Glutathione&nbsp;synthetase,73.1
470.IX87_18130,nuoM,NADH&nbsp;dehydrogenase&nbsp;I&nbsp;chain&nbsp;M&nbsp;membrane&nbsp;subunit,73.0
470.IX87_04040,AIL77834.1,Urea&nbsp;carboxylase,73.0
470.IX87_20655,AIL80933.1,Aldehyde&nbsp;dehydrogenase&nbsp;(NADP(+)),72.9
470.IX87_17340,AIL80314.1,NAD&nbsp;synthetase,72.9
470.IX87_21040,ilvA,L-threonine&nbsp;dehydratase,72.8
470.IX87_15750,hom,Homoserine&nbsp;dehydrogenase,72.7
470.IX87_02760,gltI,"Glutamate/aspartate&nbsp;ABC&nbsp;transporter,&nbsp;periplasmic&nbsp;glutamate/aspartate-binding&nbsp;protein",72.7
470.IX87_18025,bfmR,"Transcriptional&nbsp;regulatory,&nbsp;C&nbsp;terminal&nbsp;family&nbsp;protein",72.6
470.IX87_11825,mdh,Malate&nbsp;dehydrogenase,72.4
470.IX87_12090,rpsQ,30S&nbsp;ribosomal&nbsp;protein&nbsp;S17,72.3
470.IX87_15655,AIL79994.1,Riboflavin&nbsp;biosynthesis&nbsp;protein&nbsp;RibD,72.2
470.IX87_15845,argH,Argininosuccinate&nbsp;lyase,72.2
470.IX87_10105,sdhB,Succinate&nbsp;dehydrogenase&nbsp;and&nbsp;fumarate&nbsp;reductase&nbsp;iron-sulfur&nbsp;family&nbsp;protein,72.0
470.IX87_17005,AIL80250.1,Catalyzes&nbsp;the&nbsp;formation&nbsp;of&nbsp;fumarate&nbsp;from&nbsp;malate,72.0
470.IX87_17195,lptE,LPS-assembly&nbsp;lipoprotein&nbsp;LptE,72.0
470.IX87_12230,mlaB,Putative&nbsp;toluene-tolerance&nbsp;protein&nbsp;(Ttg2E),72.0
470.IX87_15335,atpE,ATP&nbsp;synthase&nbsp;subunit&nbsp;c,71.9
470.IX87_08690,AIL78701.1,Iron&nbsp;ABC&nbsp;transporter&nbsp;permease,71.8
470.IX87_16075,fadB,Fatty&nbsp;acid&nbsp;oxidation&nbsp;complex&nbsp;subunit&nbsp;alpha,71.7
470.IX87_06555,AIL78305.1,DNA&nbsp;mismatch&nbsp;repair&nbsp;protein&nbsp;MutL,71.4
470.IX87_13545,sfnG,Dimethyl&nbsp;sulfone&nbsp;monooxygenase&nbsp;SfnG,71.4
470.IX87_21225,AIL81043.1,PTS&nbsp;fructose&nbsp;transporter&nbsp;subunit&nbsp;IIBC,71.3
470.IX87_13665,aceE,Pyruvate&nbsp;dehydrogenase&nbsp;E1&nbsp;component,71.2
470.IX87_10260,AIL78999.1,Efflux&nbsp;pump&nbsp;membrane&nbsp;transporter,71.1
470.IX87_08525,pabA,Para-aminobenzoate/anthranilate&nbsp;synthase&nbsp;glutamine&nbsp;amidotransferase&nbsp;component&nbsp;II,70.9
470.IX87_11870,xpt,Xanthine&nbsp;phosphoribosyltransferase,70.8
470.IX87_21595,AIL81110.1,Haloacid&nbsp;dehalogenase,70.8
470.IX87_06855,rplI,50S&nbsp;ribosomal&nbsp;protein&nbsp;L9,70.8
470.IX87_06850,rpsR,30S&nbsp;ribosomal&nbsp;protein&nbsp;S18,70.7
470.IX87_07400,gpsA,Glycerol-3-phosphate&nbsp;dehydrogenase&nbsp;[NAD(P)+],70.7
470.IX87_03060,AIL77644.1,Cytochrome&nbsp;ubiquinol&nbsp;oxidase&nbsp;subunit&nbsp;I,70.7
470.IX87_21220,pfkB,Phosphofructokinase,70.6
470.IX87_18005,AIL80430.1,Ribonucleoside-diphosphate&nbsp;reductase&nbsp;subunit&nbsp;beta,70.6
470.IX87_12235,mlaC,"Uncharacterized&nbsp;ABC&nbsp;transporter,&nbsp;auxiliary&nbsp;component&nbsp;YrbC",70.3
