62977.ACIAD0247,ribD,Riboflavin&nbsp;biosynthesis&nbsp;protein&nbsp;RibD,98.9
62977.ACIAD3201,rpmD,50S&nbsp;ribosomal&nbsp;protein&nbsp;L30,98.7
62977.ACIAD1580,ACIAD1580,Putative&nbsp;ferredoxin&nbsp;reductase&nbsp;component&nbsp;(Dioxygenase),98.6
62977.ACIAD1450,catF,Beta-ketoadipyl-CoA&nbsp;thiolase,98.6
62977.ACIAD3361,ponA,Putative&nbsp;penicillin&nbsp;binding&nbsp;protein&nbsp;(PonA),98.6
62977.ACIAD1696,dcaJ,Acyl-CoA-transferase&nbsp;subunit&nbsp;B,98.5
62977.ACIAD1708,pcaD,3-oxoadipate&nbsp;enol-lactonase&nbsp;1,98.4
62977.ACIAD1518,ACIAD1518,Putative&nbsp;sulfonate&nbsp;monooxygenase,98.4
62977.ACIAD1774,otsA,Trehalose-6-phosphate&nbsp;synthase,98.4
62977.ACIAD3342,ACIAD3342,Uncharacterized&nbsp;protein,98.4
62977.ACIAD3242,ttg2C,"Toluene&nbsp;tolerance&nbsp;efflux&nbsp;transporter&nbsp;(ABC&nbsp;superfamily,&nbsp;peri-bind)",98.4
62977.ACIAD0980,vanA,Vanillate&nbsp;O-demethylase&nbsp;oxygenase&nbsp;subunit&nbsp;(4-hydroxy-3-methoxybenzoate&nbsp;demethylase),98.3
62977.ACIAD1190,icd,Isocitrate&nbsp;dehydrogenase&nbsp;[NADP],98.3
62977.ACIAD0635,trpF,N-(5'-phosphoribosyl)anthranilate&nbsp;isomerase,98.2
62977.ACIAD1895,ACIAD1895,Sulfurtransferase,98.1
62977.ACIAD1937,braG,"Branched-chain&nbsp;amino&nbsp;acid&nbsp;transport&nbsp;protein&nbsp;(ABC&nbsp;superfamily,&nbsp;ATP_bind)",98.1
62977.ACIAD3202,rpsE,30S&nbsp;ribosomal&nbsp;protein&nbsp;S5,98.1
62977.ACIAD0278,tolC,Channel-tunnel&nbsp;spanning&nbsp;the&nbsp;outer&nbsp;membrane&nbsp;and&nbsp;periplasm&nbsp;segregation&nbsp;of&nbsp;daughter&nbsp;chromosomes,98.0
62977.ACIAD1507,ACIAD1507,"Putative&nbsp;dipeptide&nbsp;transport&nbsp;protein&nbsp;(ABC&nbsp;superfamily,&nbsp;membrane)",98.0
62977.ACIAD2880,sdhA,Succinate&nbsp;dehydrogenase&nbsp;flavoprotein&nbsp;subunit,97.8
62977.ACIAD1941,braF,"Branched-chain&nbsp;amino&nbsp;acid&nbsp;transport&nbsp;protein&nbsp;(ABC&nbsp;superfamily,&nbsp;atp_bind)",97.7
62977.ACIAD1175,wecB,UDP-N-acetyl&nbsp;glucosamine-2-epimerase,97.6
62977.ACIAD2641,lolC,"Transport&nbsp;protein&nbsp;of&nbsp;outer&nbsp;membrane&nbsp;lipoproteins&nbsp;(ABC&nbsp;superfamily,&nbsp;membrane)",97.6
62977.ACIAD0997,nadX,Probable&nbsp;L-aspartate&nbsp;dehydrogenase,97.6
62977.ACIAD3330,bfrB,Bacterioferritin,97.4
62977.ACIAD3219,rplC,50S&nbsp;ribosomal&nbsp;protein&nbsp;L3,97.3
62977.ACIAD2526,ACIAD2526,"Putative&nbsp;Glutamate&nbsp;synthase,&nbsp;large&nbsp;subunit&nbsp;region&nbsp;3&nbsp;(GlxC)",97.3
62977.ACIAD1214,pstA,Phosphate&nbsp;transport&nbsp;system&nbsp;permease&nbsp;protein&nbsp;PstA,97.1
62977.ACIAD0418,aroE,Shikimate&nbsp;dehydrogenase&nbsp;(NADP(+)),97.1
62977.ACIAD0070,wza,Polysaccharide&nbsp;export&nbsp;protein,97.1
62977.ACIAD2430,rpsF,30S&nbsp;ribosomal&nbsp;protein&nbsp;S6,97.1
62977.ACIAD1876,gcvH,Glycine&nbsp;cleavage&nbsp;system&nbsp;H&nbsp;protein,97.0
62977.ACIAD0588,secD,Protein&nbsp;translocase&nbsp;subunit&nbsp;SecD,97.0
62977.ACIAD0735,nuoF,NADH-quinone&nbsp;oxidoreductase&nbsp;subunit&nbsp;F,96.7
62977.ACIAD3110,macB,Macrolide&nbsp;export&nbsp;ATP-binding/permease&nbsp;protein&nbsp;MacB,96.7
62977.ACIAD2872,sucD,Succinate--CoA&nbsp;ligase&nbsp;[ADP-forming]&nbsp;subunit&nbsp;alpha,96.7
62977.ACIAD1970,dnaX,DNA&nbsp;polymerase&nbsp;III&nbsp;subunit&nbsp;gamma/tau,96.3
62977.ACIAD0433,ACIAD0433,Putative&nbsp;short-chain&nbsp;dehydrogenase,96.2
62977.ACIAD3681,oxaA,Membrane&nbsp;protein&nbsp;insertase&nbsp;YidC,96.2
62977.ACIAD1498,fdxA,Ferredoxin,96.1
62977.ACIAD2434,alr,Alanine&nbsp;racemase,95.8
62977.ACIAD1980,tal,Transaldolase,95.8
62977.ACIAD2873,sucC,Succinate--CoA&nbsp;ligase&nbsp;[ADP-forming]&nbsp;subunit&nbsp;beta,95.7
62977.ACIAD3218,rplD,50S&nbsp;ribosomal&nbsp;protein&nbsp;L4,95.6
62977.ACIAD3424,mdtA,Membrane&nbsp;protein&nbsp;inolved&nbsp;in&nbsp;drug&nbsp;resistance,95.6
62977.ACIAD1879,frmA,S-(hydroxymethyl)glutathione&nbsp;dehydrogenase,95.5
62977.ACIAD1605,mmsB,3-hydroxyisobutyrate&nbsp;dehydrogenase,95.4
62977.ACIAD0285,algR,Alginate&nbsp;biosynthesis&nbsp;regulatory&nbsp;protein,95.2
62977.ACIAD0177,znuA,"High&nbsp;affinity&nbsp;Zn&nbsp;transport&nbsp;protein&nbsp;(ABC&nbsp;superfamily,&nbsp;peri_bind)",95.1
62977.ACIAD2514,atoA,"Acetoacetyl-CoA&nbsp;transferase,&nbsp;beta&nbsp;subunit",95.0
62977.ACIAD2056,gltL,"Glutamate/aspartate&nbsp;transport&nbsp;protein&nbsp;(ABC&nbsp;superfamily,&nbsp;atp_bind)",95.0
62977.ACIAD1925,fda,"Fructose-1,6-bisphosphate&nbsp;aldolase,&nbsp;class&nbsp;II",95.0
62977.ACIAD1045,metH,Evidence&nbsp;2a&nbsp;:&nbsp;Function&nbsp;of&nbsp;homologous&nbsp;gene&nbsp;experimentally&nbsp;demonstrated&nbsp;in&nbsp;an&nbsp;other&nbsp;organism,95.0
62977.ACIAD1725,hcaB,Hydroxybenzaldehyde&nbsp;dehydrogenase,95.0
62977.ACIAD3167,wrbA,Tryptophan&nbsp;repressor&nbsp;binding&nbsp;protein,95.0
62977.ACIAD0530,leuA,2-isopropylmalate&nbsp;synthase,94.9
62977.ACIAD1405,iscR,"Repressor&nbsp;of&nbsp;the&nbsp;iscRSUA&nbsp;operon,&nbsp;involved&nbsp;in&nbsp;assembly&nbsp;of&nbsp;Fe-S&nbsp;clusters",94.9
62977.ACIAD0265,dsbC,Thiol:disulfide&nbsp;interchange&nbsp;protein,94.8
62977.ACIAD1939,braE,"Branched-chain&nbsp;amino&nbsp;acid&nbsp;transport&nbsp;protein&nbsp;(ABC&nbsp;superfamily,&nbsp;membrane)",94.8
62977.ACIAD0412,xcpT,General&nbsp;secretion&nbsp;pathway&nbsp;protein&nbsp;G,94.8
62977.ACIAD0037,ACIAD0037,"Alkanesulfonate&nbsp;transport&nbsp;protein&nbsp;(ABC&nbsp;superfamily,&nbsp;peri_bind)",94.7
62977.ACIAD1892,ACIAD1892,Putative&nbsp;intracellular&nbsp;sulfur&nbsp;oxidation&nbsp;protein&nbsp;(DsrE-like),94.7
62977.ACIAD1101,pbpA,"Peptidoglycan&nbsp;D,D-transpeptidase&nbsp;MrdA",94.6
62977.ACIAD0017,ACIAD0017,Putative&nbsp;glutathione&nbsp;S-transferase,94.6
62977.ACIAD1073,cysN,Sulfate&nbsp;adenylyltransferase&nbsp;subunit&nbsp;1,94.6
62977.ACIAD1095,ureG,Urease&nbsp;accessory&nbsp;protein&nbsp;UreG,94.1
62977.ACIAD2226,ACIAD2226,Putative&nbsp;acyl&nbsp;coenzyme&nbsp;A&nbsp;dehydrogenase&nbsp;(HcaD-like),94.1
62977.ACIAD0991,ACIAD0991,Putative&nbsp;ferredoxin&nbsp;reductase&nbsp;component&nbsp;(Dioxygenase),94.1
62977.ACIAD2551,soxD,Sarcosine&nbsp;oxidase&nbsp;subunit&nbsp;D,93.9
62977.ACIAD2088,aspQ,Glutaminase-asparaginase,93.8
62977.ACIAD1438,benC,"Benzoate&nbsp;1,2-dioxygenase&nbsp;electron&nbsp;transfer&nbsp;component",93.7
62977.ACIAD2539,ACIAD2539,Succinate-semialdehyde&nbsp;dehydrogenase,93.6
62977.ACIAD3032,proC,Pyrroline-5-carboxylate&nbsp;reductase,93.5
62977.ACIAD0334,fadA,3-ketoacyl-CoA&nbsp;thiolase,93.4
62977.ACIAD1535,ACIAD1535,Putative&nbsp;FMNH2-dependent&nbsp;monooxygenase&nbsp;(Sulfonate),93.3
62977.ACIAD0087,ACIAD0087,Putative&nbsp;UDP-glucose/GDP-mannose&nbsp;dehydrogenase,93.2
62977.ACIAD2238,ACIAD2238,Putative&nbsp;two-component&nbsp;system&nbsp;sensor&nbsp;protein,93.1
62977.ACIAD0665,pabB,P-aminobenzoate&nbsp;synthetase,92.9
62977.ACIAD1301,ACIAD1301,Putative&nbsp;glycerate&nbsp;dehydrogenase,92.8
62977.ACIAD0397,recC,RecBCD&nbsp;enzyme&nbsp;subunit&nbsp;RecC,92.7
62977.ACIAD1710,pcaC,4-carboxymuconolactone&nbsp;decarboxylase,92.6
62977.ACIAD2241,ACIAD2241,Putative&nbsp;secretion&nbsp;pathway&nbsp;ATPase,92.6
62977.ACIAD2847,folD2,Bifunctional&nbsp;protein&nbsp;FolD&nbsp;2,92.6
62977.ACIAD3503,guaB,Inosine-5'-monophosphate&nbsp;dehydrogenase,92.5
62977.ACIAD1188,ACIAD1188,5-hydroxyisourate&nbsp;hydrolase,92.4
62977.ACIAD1524,ACIAD1524,"Putative&nbsp;permease&nbsp;protein&nbsp;(ABC&nbsp;superfamily,&nbsp;membrane)",92.4
62977.ACIAD1934,ACIAD1934,Putative&nbsp;glutamate&nbsp;synthase,92.4
62977.ACIAD0697,ACIAD0697,Putative&nbsp;Outer&nbsp;membrane&nbsp;protein&nbsp;(OmpA-like),92.4
62977.ACIAD3561,rhdA,Sulfurtransferase,92.3
62977.ACIAD2407,ACIAD2407,Putative&nbsp;2-amino-4-hydroxy-6-hydroxymethyldihydropteridine&nbsp;pyrophosphokinase,92.3
62977.ACIAD1878,ACIAD1878,Phospho-2-dehydro-3-deoxyheptonate&nbsp;aldolase,92.0
62977.ACIAD0030,rutF,FMN&nbsp;reductase&nbsp;(NADH)&nbsp;RutF,92.0
62977.ACIAD3382,metY,Homocysteine&nbsp;synthase,91.8
62977.ACIAD1363,clpA,ATP-binding&nbsp;protease&nbsp;component,91.8
62977.ACIAD1509,ACIAD1509,"Putative&nbsp;dipeptide&nbsp;transporter&nbsp;(ABC&nbsp;superfamily,&nbsp;ATP_bind)",91.8
62977.ACIAD1227,surE,5'-nucleotidase&nbsp;SurE,91.8
62977.ACIAD0308,rpoC,DNA-directed&nbsp;RNA&nbsp;polymerase&nbsp;subunit&nbsp;beta',91.8
62977.ACIAD2640,lolD,Lipoprotein-releasing&nbsp;system&nbsp;ATP-binding&nbsp;protein&nbsp;LolD,91.8
62977.ACIAD2371,ostA,LPS-assembly&nbsp;protein&nbsp;LptD,91.7
62977.ACIAD0501,rpmG,50S&nbsp;ribosomal&nbsp;protein&nbsp;L33,91.7
62977.ACIAD1428,areA,Esterase&nbsp;for&nbsp;aryl&nbsp;ester&nbsp;catabolic&nbsp;pathway,91.6
62977.ACIAD1689,dcaF,Beta-ketoadipyl&nbsp;CoA&nbsp;thiolase,91.6
62977.ACIAD1491,ACIAD1491,Putative&nbsp;acyltransferase,91.4
62977.ACIAD2552,soxB,Sarcosine&nbsp;oxidase&nbsp;beta&nbsp;subunit,91.4
62977.ACIAD0773,ACIAD0773,Putative&nbsp;MTA/SAH&nbsp;nucleosidase,91.4
62977.ACIAD2348,cmk,Cytidylate&nbsp;kinase,91.3
62977.ACIAD0068,ptk,"Tyrosine-protein&nbsp;kinase,&nbsp;autophosphorylates",91.2
62977.ACIAD3199,secY,Protein&nbsp;translocase&nbsp;subunit&nbsp;SecY,91.1
62977.ACIAD0438,rne,Ribonuclease&nbsp;E,91.0
62977.ACIAD3130,ACIAD3130,Putative&nbsp;glutathione&nbsp;S-transferase,90.9
62977.ACIAD2274,sthA,Soluble&nbsp;pyridine&nbsp;nucleotide&nbsp;transhydrogenase&nbsp;(NAD(P)(+)&nbsp;transhydrogenase&nbsp;[B-specific]),90.8
62977.ACIAD2227,ACIAD2227,C4-dicarboxylate&nbsp;transport&nbsp;protein,90.8
62977.ACIAD2670,antB,"Anthranilate&nbsp;1,2-dioxygenase&nbsp;small&nbsp;subunit",90.6
62977.ACIAD1601,ACIAD1601,"Sulfate&nbsp;ester&nbsp;binding&nbsp;protein&nbsp;(ABC&nbsp;superfamily,&nbsp;peri_bind)",90.5
62977.ACIAD1403,iscU,Iron-sulfur&nbsp;cluster&nbsp;assembly&nbsp;scaffold&nbsp;protein&nbsp;IscU,90.4
62977.ACIAD0734,nuoE,NADH&nbsp;dehydrogenase&nbsp;I&nbsp;chain&nbsp;E,90.4
62977.ACIAD1236,mdmC,O-methyl&nbsp;transferase,90.4
62977.ACIAD0788,pilI,Twitching&nbsp;motility&nbsp;protein,90.1
62977.ACIAD1586,atsB,"Sulfate&nbsp;ester&nbsp;permease&nbsp;protein&nbsp;(ABC&nbsp;superfamily,&nbsp;membrane)",90.0
62977.ACIAD0072,ugd,UDP-glucose&nbsp;6-dehydrogenase,89.7
62977.ACIAD3470,msuE,NADH-dependent&nbsp;FMN&nbsp;reductase,89.7
62977.ACIAD0643,accD,Acetyl-coenzyme&nbsp;A&nbsp;carboxylase&nbsp;carboxyl&nbsp;transferase&nbsp;subunit&nbsp;beta,89.5
62977.ACIAD2596,cysA,Sulfate/thiosulfate&nbsp;import&nbsp;ATP-binding&nbsp;protein&nbsp;CysA,89.5
62977.ACIAD0180,atpB,ATP&nbsp;synthase&nbsp;subunit&nbsp;a,89.3
62977.ACIAD0849,ACIAD0849,Putative&nbsp;dehydrogenase,89.3
62977.ACIAD1891,ACIAD1891,Putative&nbsp;UDP-galactose&nbsp;4-epimerase&nbsp;(GalE-like),89.2
62977.ACIAD3555,ACIAD3555,Putative&nbsp;short-chain&nbsp;dehydrogenase,89.2
62977.ACIAD0984,ACIAD0984,Putative&nbsp;hydroxylase&nbsp;involved&nbsp;in&nbsp;salicylate&nbsp;metabolism&nbsp;(SalA-like),89.1
62977.ACIAD2925,rpoD,RNA&nbsp;polymerase&nbsp;sigma&nbsp;factor&nbsp;RpoD,89.1
62977.ACIAD3654,dnaK,Chaperone&nbsp;protein&nbsp;DnaK,89.1
62977.ACIAD2680,gdh,Glutamate&nbsp;dehydrogenase,88.8
62977.ACIAD1611,ACIAD1611,Putative&nbsp;acetyl-CoA&nbsp;synthetase/AMP-(Fatty)&nbsp;acid&nbsp;ligase,88.6
62977.ACIAD0425,rpmE2,50S&nbsp;ribosomal&nbsp;protein&nbsp;L31&nbsp;type&nbsp;B,88.4
62977.ACIAD2989,ACIAD2989,Putative&nbsp;3-hydroxybutyryl-CoA&nbsp;epimerase,88.1
62977.ACIAD3198,rpmJ,50S&nbsp;ribosomal&nbsp;protein&nbsp;L36,88.1
62977.ACIAD2669,antA,"Anthranilate&nbsp;1,2-dioxygenase&nbsp;large&nbsp;subunit",88.0
62977.ACIAD2652,gyrA,DNA&nbsp;gyrase&nbsp;subunit&nbsp;A,87.9
62977.ACIAD1213,pstC,Phosphate&nbsp;transport&nbsp;system&nbsp;permease&nbsp;protein,87.8
62977.ACIAD0015,ACIAD0015,Putative&nbsp;5'-nucleotidase&nbsp;NucA,87.8
62977.ACIAD2330,ACIAD2330,Phospho-2-dehydro-3-deoxyheptonate&nbsp;aldolase,87.7
62977.ACIAD1775,otsB,Trehalose&nbsp;6-phosphate&nbsp;phosphatase,87.7
62977.ACIAD2944,ACIAD2944,Efflux&nbsp;pump&nbsp;membrane&nbsp;transporter,87.7
62977.ACIAD2341,pyrF,Orotidine&nbsp;5'-phosphate&nbsp;decarboxylase,87.6
62977.ACIAD0871,ACIAD0871,3-oxoacyl-[acyl-carrier-protein]&nbsp;reductase,87.6
62977.ACIAD1221,trmU,tRNA-specific&nbsp;2-thiouridylase&nbsp;MnmA,87.4
62977.ACIAD0502,rpmB,50S&nbsp;ribosomal&nbsp;protein&nbsp;L28,87.2
62977.ACIAD1505,ACIAD1505,Putative&nbsp;Dibenzothiophene&nbsp;desulfurization&nbsp;enzyme,87.1
62977.ACIAD3350,gltB,Glutamate&nbsp;synthase&nbsp;large&nbsp;chain,87.0
62977.ACIAD0522,ACIAD0522,Sec-independent&nbsp;protein&nbsp;translocase&nbsp;protein&nbsp;TatB,86.9
62977.ACIAD1270,pyrB,Aspartate&nbsp;carbamoyltransferase,86.8
62977.ACIAD1569,ACIAD1569,Putative&nbsp;3-ketoacyl-CoA&nbsp;thiolase/acetyl-CoA&nbsp;acetyltransferase,86.8
62977.ACIAD0340,uvrC,UvrABC&nbsp;system&nbsp;protein&nbsp;C,86.8
62977.ACIAD1950,ACIAD1950,Putative&nbsp;iron-containing&nbsp;alcohol&nbsp;dehydrogenase,86.7
62977.ACIAD0960,ACIAD0960,Putative&nbsp;succinate-semialdehyde&nbsp;dehydrogenase&nbsp;[NADP+]&nbsp;(GabD-like),86.7
62977.ACIAD2988,ACIAD2988,Putative&nbsp;thiolase&nbsp;putative&nbsp;acyl-CoA&nbsp;thiolase,86.7
62977.ACIAD2860,carA,Carbamoyl-phosphate&nbsp;synthase&nbsp;small&nbsp;chain,86.3
62977.ACIAD0183,atpF,ATP&nbsp;synthase&nbsp;subunit&nbsp;b,86.2
62977.ACIAD3525,pyrE,Orotate&nbsp;phosphoribosyltransferase,86.1
62977.ACIAD0259,pilS,Sensor&nbsp;protein,86.1
62977.ACIAD1561,ACIAD1561,P-hydroxyphenylacetate&nbsp;hydroxylase&nbsp;C1:reductase&nbsp;component,86.0
62977.ACIAD1749,cioB,"Ubiquinol&nbsp;oxidase&nbsp;subunit&nbsp;II,&nbsp;cyanide&nbsp;insensitive",86.0
62977.ACIAD3669,hpt,Hypoxanthine&nbsp;phosphoribosyltransferase,85.9
62977.ACIAD2451,ACIAD2451,"Putative&nbsp;permease&nbsp;protein&nbsp;(ABC&nbsp;superfamily,&nbsp;membrane)",85.7
62977.ACIAD0417,sirA,Small&nbsp;ubiquitous&nbsp;protein&nbsp;required&nbsp;for&nbsp;normal&nbsp;growth,85.7
62977.ACIAD3523,metE,5-methyltetrahydropteroyltriglutamate-homocysteine&nbsp;methyltransferase,85.6
62977.ACIAD3366,ftsI,"Peptidoglycan&nbsp;D,D-transpeptidase&nbsp;FtsI",85.5
62977.ACIAD0187,atpD,ATP&nbsp;synthase&nbsp;subunit&nbsp;beta,85.4
62977.ACIAD2591,cysP,"Sulfate&nbsp;transport&nbsp;protein&nbsp;(ABC&nbsp;superfamily,&nbsp;peri_bind)",85.4
62977.ACIAD3209,rplN,50S&nbsp;ribosomal&nbsp;protein&nbsp;L14,85.4
62977.ACIAD2875,sucB,Dihydrolipoyllysine-residue&nbsp;succinyltransferase&nbsp;component&nbsp;of&nbsp;2-oxoglutarate&nbsp;dehydrogenase&nbsp;complex,85.4
62977.ACIAD0597,ilvE,Branched-chain-amino-acid&nbsp;aminotransferase,85.3
62977.ACIAD0459,ACIAD0459,Putative&nbsp;vanillate&nbsp;O-demethylase&nbsp;oxygenase&nbsp;subunit,85.1
62977.ACIAD3197,rpsM,30S&nbsp;ribosomal&nbsp;protein&nbsp;S13,85.0
62977.ACIAD1375,cdsA,Phosphatidate&nbsp;cytidylyltransferase,85.0
62977.ACIAD3570,ribB/A,"3,4-dihydroxy-2-butanone&nbsp;4-phosphate&nbsp;synthase",84.8
62977.ACIAD0739,nuoJ,NADH&nbsp;dehydrogenase&nbsp;I&nbsp;chain&nbsp;J,84.7
62977.ACIAD1017,acoA,Evidence&nbsp;2a&nbsp;:&nbsp;Function&nbsp;of&nbsp;homologous&nbsp;gene&nbsp;experimentally&nbsp;demonstrated&nbsp;in&nbsp;an&nbsp;other&nbsp;organism,84.5
62977.ACIAD1362,clpS,ATP-dependent&nbsp;Clp&nbsp;protease&nbsp;adapter&nbsp;protein&nbsp;ClpS,84.5
62977.ACIAD1704,pcaI,3-oxoadipate&nbsp;CoA-transferase&nbsp;subunit&nbsp;A,84.3
62977.ACIAD2296,ftsY,Signal&nbsp;recognition&nbsp;particle&nbsp;receptor&nbsp;FtsY,84.3
62977.ACIAD3079,pntA-2,"Pyridine&nbsp;nucleotide&nbsp;transhydrogenase&nbsp;(Proton&nbsp;pump),&nbsp;alpha&nbsp;subunit&nbsp;(Part2)",84.3
62977.ACIAD2895,ACIAD2895,Uncharacterized&nbsp;protein,84.0
62977.ACIAD0102,galE,UDP-glucose&nbsp;4-epimerase&nbsp;(Galactowaldenase)&nbsp;(UDP-galactose&nbsp;4-epimerase),84.0
62977.ACIAD1612,ACIAD1612,Putative&nbsp;acetyl-CoA&nbsp;C-acetyltransferase&nbsp;with&nbsp;thiolase&nbsp;domain,83.9
62977.ACIAD0541,ack,Acetate&nbsp;kinase,83.9
62977.ACIAD0485,ACIAD0485,Putative&nbsp;gamma-glutamyltranspeptidase,83.9
62977.ACIAD1900,modB,"Molybdate&nbsp;transport&nbsp;protein&nbsp;(ABC&nbsp;superfamily,&nbsp;membrane)",83.8
62977.ACIAD2089,dnaE,DNA-directed&nbsp;DNA&nbsp;polymerase,83.7
62977.ACIAD0363,tpiA,Triosephosphate&nbsp;isomerase,83.6
62977.ACIAD1712,pcaG,"Protocatechuate&nbsp;3,4-dioxygenase&nbsp;alpha&nbsp;chain",83.6
62977.ACIAD2290,cydA,"Cytochrome&nbsp;d&nbsp;terminal&nbsp;oxidase,&nbsp;polypeptide&nbsp;subunit&nbsp;I",83.6
62977.ACIAD1331,rpsU,30S&nbsp;ribosomal&nbsp;protein&nbsp;S21,83.5
62977.ACIAD0678,uppP1,Undecaprenyl-diphosphatase&nbsp;1,83.4
62977.ACIAD1608,ACIAD1608,Putative&nbsp;enoyl-CoA&nbsp;hydratase/isomerase,83.4
62977.ACIAD2550,soxA,Sarcosine&nbsp;oxidase&nbsp;(Alpha&nbsp;subunit)&nbsp;oxidoreductase&nbsp;protein,83.4
62977.ACIAD0736,nuoG,NADH-quinone&nbsp;oxidoreductase,83.3
62977.ACIAD2062,ACIAD2062,Putative&nbsp;glutathione&nbsp;S-transferase,83.1
62977.ACIAD3215,rpsS,30S&nbsp;ribosomal&nbsp;protein&nbsp;S19,83.1
62977.ACIAD2632,ACIAD2632,"Putative&nbsp;chromosomal&nbsp;replication&nbsp;initiator,&nbsp;DnaA-type",83.0
62977.ACIAD1412,ORF4,Putative&nbsp;acyl-CoA&nbsp;dehydrogenase,83.0
62977.ACIAD0186,atpG,ATP&nbsp;synthase&nbsp;gamma&nbsp;chain,82.9
62977.ACIAD2861,carB,Carbamoyl-phosphate&nbsp;synthase&nbsp;large&nbsp;chain,82.9
62977.ACIAD0626,baeS,Kinase&nbsp;sensor&nbsp;component&nbsp;of&nbsp;a&nbsp;two&nbsp;component&nbsp;signal&nbsp;transduction&nbsp;system,82.8
62977.ACIAD1963,ACIAD1963,Uncharacterized&nbsp;protein,82.8
62977.ACIAD3506,aceF,Dihydrolipoamide&nbsp;acetyltransferase&nbsp;component&nbsp;of&nbsp;pyruvate&nbsp;dehydrogenase&nbsp;complex,82.7
62977.ACIAD2635,purN,Phosphoribosylglycinamide&nbsp;formyltransferase,82.7
62977.ACIAD1137,rnhA-dnaQ,Ribonuclease&nbsp;H,82.7
62977.ACIAD2035,tkt,Transketolase,82.6
62977.ACIAD0476,ACIAD0476,Putative&nbsp;L-asparaginase&nbsp;I&nbsp;(AnsA),82.6
62977.ACIAD2231,nadK,NAD&nbsp;kinase,82.5
62977.ACIAD3103,ilvH,"Acetolactate&nbsp;synthase&nbsp;isozyme&nbsp;III,&nbsp;small&nbsp;subunit",82.4
62977.ACIAD3489,argE,Acetylornithine&nbsp;deacetylase,82.4
62977.ACIAD0787,pilH,Twitching&nbsp;motility&nbsp;protein,82.3
62977.ACIAD3684,rpmH,50S&nbsp;ribosomal&nbsp;protein&nbsp;L34,82.3
62977.ACIAD0184,atpH,ATP&nbsp;synthase&nbsp;subunit&nbsp;delta,82.3
62977.ACIAD3240,ACIAD3240,Putative&nbsp;toluene-tolerance&nbsp;protein&nbsp;(Ttg2E),82.2
62977.ACIAD0039,argA,Amino-acid&nbsp;acetyltransferase,82.2
62977.ACIAD2525,ACIAD2525,"Putative&nbsp;Glutamate&nbsp;synthase,&nbsp;large&nbsp;subunit&nbsp;region&nbsp;2&nbsp;FMN-binding&nbsp;(GlxD)",82.2
62977.ACIAD0255,ACIAD0255,Uncharacterized&nbsp;protein,82.1
62977.ACIAD2087,ACIAD2087,Putative&nbsp;PLP-dependent&nbsp;aminotransferase,82.0
62977.ACIAD1568,ACIAD1568,Putative&nbsp;enoyl-CoA&nbsp;hydratase/isomerase,82.0
62977.ACIAD0876,ACIAD0876,Putative&nbsp;hydrolase,81.9
62977.ACIAD3540,hpxO,FAD-dependent&nbsp;urate&nbsp;hydroxylase,81.8
62977.ACIAD2070,metI,"D-and&nbsp;L-methionine&nbsp;transport&nbsp;protein&nbsp;(ABC&nbsp;superfamily,&nbsp;membrane)",81.7
62977.ACIAD1522,ACIAD1522,Sec-independent&nbsp;protein&nbsp;translocase&nbsp;protein&nbsp;TatA,81.7
62977.ACIAD3621,dnaJ,Chaperone&nbsp;protein&nbsp;DnaJ,81.6
62977.ACIAD1572,ACIAD1572,Putative&nbsp;acyl-CoA&nbsp;ligase,81.6
62977.ACIAD0185,atpA,ATP&nbsp;synthase&nbsp;subunit&nbsp;alpha,81.4
62977.ACIAD1765,ACIAD1765,"Putative&nbsp;branched-chain&nbsp;amino&nbsp;acid&nbsp;transport&nbsp;protein&nbsp;(ABC&nbsp;superfamily,&nbsp;peri_bind)",81.4
62977.ACIAD1400,hscB,Co-chaperone&nbsp;protein&nbsp;HscB&nbsp;homolog,81.4
62977.ACIAD2553,folD1,Bifunctional&nbsp;protein&nbsp;FolD&nbsp;1,81.2
62977.ACIAD1736,accC,Biotin&nbsp;carboxylase&nbsp;(A&nbsp;subunit&nbsp;of&nbsp;acetyl-CoA&nbsp;carboxylase),81.2
62977.ACIAD0521,ACIAD0521,Sec-independent&nbsp;protein&nbsp;translocase&nbsp;protein&nbsp;TatC,81.1
62977.ACIAD3196,rpsK,30S&nbsp;ribosomal&nbsp;protein&nbsp;S11,81.0
62977.ACIAD1824,ACIAD1824,"Putative&nbsp;oxidoreductase,&nbsp;short-chain&nbsp;dehydrogenase/reductase",81.0
62977.ACIAD1595,ntaA,Nitrilotriacetate&nbsp;monooxygenase&nbsp;component&nbsp;A&nbsp;(NTA&nbsp;monooxygenase&nbsp;component&nbsp;A)&nbsp;(NTA-MO&nbsp;A),81.0
62977.ACIAD1940,ACIAD1940,"Putative&nbsp;branched-chain&nbsp;amino&nbsp;acid&nbsp;permease&nbsp;protein&nbsp;(ABC&nbsp;superfamily,&nbsp;membrane)",80.9
62977.ACIAD1215,pstB,Phosphate&nbsp;import&nbsp;ATP-binding&nbsp;protein&nbsp;PstB,80.9
62977.ACIAD2431,rpsR,30S&nbsp;ribosomal&nbsp;protein&nbsp;S18,80.8
62977.ACIAD2375,mutL,DNA&nbsp;mismatch&nbsp;repair&nbsp;protein&nbsp;MutL,80.7
62977.ACIAD2220,pepD,Aminoacyl-histidine&nbsp;dipeptidase&nbsp;(Peptidase&nbsp;D),80.7
62977.ACIAD2449,ACIAD2449,"Putative&nbsp;lipoprotein,&nbsp;attached&nbsp;to&nbsp;the&nbsp;cytoplasmic&nbsp;membrane",80.6
62977.ACIAD1662,cysK,Cysteine&nbsp;synthase,80.6
62977.ACIAD0568,ACIAD0568,Putative&nbsp;acyl&nbsp;carrier&nbsp;protein,80.4
62977.ACIAD1566,ACIAD1566,Putative&nbsp;acyl-CoA&nbsp;dehydrogenase&nbsp;family&nbsp;protein,80.4
62977.ACIAD3012,rplM,50S&nbsp;ribosomal&nbsp;protein&nbsp;L13,80.3
62977.ACIAD0193,ACIAD0193,Glutathione&nbsp;peroxidase,80.2
62977.ACIAD2939,rplU,50S&nbsp;ribosomal&nbsp;protein&nbsp;L21,80.2
62977.ACIAD0743,nuoN,NADH-quinone&nbsp;oxidoreductase&nbsp;subunit&nbsp;N,80.2
62977.ACIAD3238,ACIAD3238,Cytokinin&nbsp;riboside&nbsp;5'-monophosphate&nbsp;phosphoribohydrolase,80.2
62977.ACIAD3104,ilvI,Acetolactate&nbsp;synthase,80.1
62977.ACIAD2085,gpo,Glutathione&nbsp;peroxidase,80.1
62977.ACIAD1750,cioA,"Ubiquinol&nbsp;oxidase&nbsp;subunit&nbsp;I,&nbsp;cyanide&nbsp;insensitive",80.1
62977.ACIAD0929,ggt,Gamma-glutamyltranspeptidase,80.1
62977.ACIAD2061,gltI,"Glutamate/aspartate&nbsp;transport&nbsp;protein&nbsp;(ABC&nbsp;superfamily,&nbsp;peri_bind)",80.1
62977.ACIAD0726,ACIAD0726,Putative&nbsp;response&nbsp;regulator&nbsp;(Activator)&nbsp;in&nbsp;two-component&nbsp;regulatory&nbsp;system&nbsp;(OmpR&nbsp;family),80.0
62977.ACIAD0368,nusA,Transcription&nbsp;termination/antitermination&nbsp;protein&nbsp;NusA,79.9
62977.ACIAD1992,fruK,Phosphofructokinase,79.9
62977.ACIAD3058,ptsO,"Phosphocarrier&nbsp;protein&nbsp;(HPr-like)&nbsp;NPr,&nbsp;nitrogen&nbsp;related,&nbsp;exchanges&nbsp;phosphate&nbsp;with&nbsp;Enzyme&nbsp;I",79.8
62977.ACIAD3587,purC,Phosphoribosylaminoimidazole-succinocarboxamide&nbsp;synthase,79.7
62977.ACIAD0445,ACIAD0445,Putative&nbsp;glutathione&nbsp;S-transferase,79.7
62977.ACIAD2528,glnT,Glutamine&nbsp;synthetase&nbsp;III,79.6
62977.ACIAD0253,pepA,Probable&nbsp;cytosol&nbsp;aminopeptidase,79.5
62977.ACIAD1020,acoL,Dihydrolipoyl&nbsp;dehydrogenase,79.5
62977.ACIAD3422,mdtC,"Multidrug&nbsp;transport&nbsp;protein,&nbsp;outer&nbsp;membrane&nbsp;(RND&nbsp;family)",79.3
62977.ACIAD3204,rplF,50S&nbsp;ribosomal&nbsp;protein&nbsp;L6,79.2
62977.ACIAD2569,uvrB,UvrABC&nbsp;system&nbsp;protein&nbsp;B,79.1
62977.ACIAD2775,entB,"2,3-dihydro-2,3-dihydroxybenzoate&nbsp;synthetase,&nbsp;isochorismatase",79.1
62977.ACIAD1570,ACIAD1570,Putative&nbsp;dioxygenase&nbsp;(Related&nbsp;to&nbsp;2-nitropropane&nbsp;dioxygenase),79.1
62977.ACIAD1737,accB,Biotin&nbsp;carboxyl&nbsp;carrier&nbsp;protein&nbsp;of&nbsp;acetyl-CoA&nbsp;carboxylase,79.1
62977.ACIAD1642,uppP3,Undecaprenyl-diphosphatase&nbsp;3,79.0
62977.ACIAD3211,rpmC,50S&nbsp;ribosomal&nbsp;protein&nbsp;L29,79.0
62977.ACIAD0909,smpA,Outer&nbsp;membrane&nbsp;protein&nbsp;assembly&nbsp;factor&nbsp;BamE,78.8
62977.ACIAD2839,groES,10&nbsp;kDa&nbsp;chaperonin,78.8
62977.ACIAD3642,ACIAD3642,Putative&nbsp;aldehyde&nbsp;dehydrogenase,78.7
62977.ACIAD3471,ACIAD3471,Putative&nbsp;sulfonate&nbsp;monooxygenase&nbsp;(MsuD),78.6
62977.ACIAD1389,rpsT,30S&nbsp;ribosomal&nbsp;protein&nbsp;S20,78.4
62977.ACIAD0116,dadX,Alanine&nbsp;racemase,78.4
62977.ACIAD1508,ACIAD1508,"Putative&nbsp;dipeptide&nbsp;transport&nbsp;protein&nbsp;(ABC&nbsp;superfamily,&nbsp;membrane)",78.3
62977.ACIAD2929,ACIAD2929,Putative&nbsp;alcohol&nbsp;dehydrogenase,78.3
62977.ACIAD0786,pilG,Twitching&nbsp;motility&nbsp;protein,78.2
62977.ACIAD1090,ureB,Urease&nbsp;subunit&nbsp;beta,78.2
62977.ACIAD1062,ACIAD1062,Polyphosphate&nbsp;kinase,78.2
62977.ACIAD1646,putA,Bifunctional&nbsp;protein&nbsp;PutA,78.2
62977.ACIAD0538,fumA,Fumarate&nbsp;hydratase&nbsp;class&nbsp;I,78.2
62977.ACIAD0870,fabD,Malonyl&nbsp;CoA-acyl&nbsp;carrier&nbsp;protein&nbsp;transacylase,78.0
62977.ACIAD1419,ACIAD1419,Dihydroorotase,78.0
62977.ACIAD1738,aroQ,3-dehydroquinate&nbsp;dehydratase,78.0
62977.ACIAD3390,ACIAD3390,Putative&nbsp;acetyl-CoA&nbsp;hydrolase/transferase,78.0
62977.ACIAD1225,dacC,D-ala-D-ala-carboxypeptidase&nbsp;penicillin-binding&nbsp;protein&nbsp;5&nbsp;(Precursor),77.9
62977.ACIAD1769,ACIAD1769,"Putative&nbsp;branched-chain&nbsp;amino&nbsp;acid&nbsp;transport&nbsp;protein&nbsp;(ABC&nbsp;superfamily,&nbsp;ATP_bind)",77.8
62977.ACIAD1526,ACIAD1526,"Putative&nbsp;binding&nbsp;protein&nbsp;(ABC&nbsp;superfamily,&nbsp;peri_bind)",77.8
62977.ACIAD2059,gltJ,"Glutamate/aspartate&nbsp;transport&nbsp;protein&nbsp;(ABC&nbsp;superfamily,&nbsp;membrane)",77.8
62977.ACIAD3054,infC,Translation&nbsp;initiation&nbsp;factor&nbsp;IF-3,77.7
62977.ACIAD3349,gltD,Glutamate&nbsp;synthase&nbsp;small&nbsp;chain,77.7
62977.ACIAD1231,argD,Acetylornithine&nbsp;aminotransferase,77.5
62977.ACIAD0682,ACIAD0682,S-formylglutathione&nbsp;hydrolase,77.5
62977.ACIAD1890,fumC,Fumarate&nbsp;hydratase&nbsp;class&nbsp;II,77.5
62977.ACIAD1018,acoB,Evidence&nbsp;2a&nbsp;:&nbsp;Function&nbsp;of&nbsp;homologous&nbsp;gene&nbsp;experimentally&nbsp;demonstrated&nbsp;in&nbsp;an&nbsp;other&nbsp;organism,77.4
62977.ACIAD1495,ACIAD1495,Putative&nbsp;O-methyltransferase&nbsp;protein,77.4
62977.ACIAD2574,aspC,Aminotransferase,77.4
62977.ACIAD1093,ureE,Urease&nbsp;accessory&nbsp;protein&nbsp;UreE,77.3
62977.ACIAD1007,mqo,Probable&nbsp;malate:quinone&nbsp;oxidoreductase,77.3
62977.ACIAD3194,rpoA,DNA-directed&nbsp;RNA&nbsp;polymerase&nbsp;subunit&nbsp;alpha,77.2
62977.ACIAD2556,ACIAD2556,Uncharacterized&nbsp;protein,77.1
62977.ACIAD3217,rplW,50S&nbsp;ribosomal&nbsp;protein&nbsp;L23,77.1
62977.ACIAD2945,ACIAD2945,Outer&nbsp;membrane&nbsp;protein&nbsp;(AdeC-like),77.1
62977.ACIAD1110,gdhA,Glutamate&nbsp;dehydrogenase,77.1
62977.ACIAD3213,rpsC,30S&nbsp;ribosomal&nbsp;protein&nbsp;S3,77.1
62977.ACIAD3037,trxA,Thioredoxin,76.9
62977.ACIAD3325,rpoZ,DNA-directed&nbsp;RNA&nbsp;polymerase&nbsp;subunit&nbsp;omega,76.8
62977.ACIAD0799,ACIAD0799,Putative&nbsp;bifunctional&nbsp;protein,76.6
62977.ACIAD0636,trpB,Tryptophan&nbsp;synthase&nbsp;beta&nbsp;chain,76.6
62977.ACIAD3214,rplV,50S&nbsp;ribosomal&nbsp;protein&nbsp;L22,76.6
62977.ACIAD2975,kdpD,Evidence&nbsp;2a&nbsp;:&nbsp;Function&nbsp;of&nbsp;homologous&nbsp;gene&nbsp;experimentally&nbsp;demonstrated&nbsp;in&nbsp;an&nbsp;other&nbsp;organism,76.5
62977.ACIAD0284,algZ,Alginate&nbsp;biosynthesis&nbsp;protein,76.5
62977.ACIAD2879,sdhB,"Succinate&nbsp;dehydrogenase,&nbsp;iron-sulfur&nbsp;subunit",76.5
62977.ACIAD0335,fadB,Fatty&nbsp;acid&nbsp;oxidation&nbsp;complex&nbsp;subunit&nbsp;alpha,76.4
62977.ACIAD0454,ptsP,Phosphoenolpyruvate-protein&nbsp;phosphotransferase,76.4
62977.ACIAD0742,nuoM,"NADH&nbsp;dehydrogenase&nbsp;I&nbsp;chain&nbsp;M,&nbsp;membrane&nbsp;subunit",76.4
62977.ACIAD2554,purU,Formyltetrahydrofolate&nbsp;deformylase,76.4
62977.ACIAD3244,ttg2A,"Toluene&nbsp;tolerance&nbsp;efflux&nbsp;transporter&nbsp;(ABC&nbsp;superfamily,&nbsp;atp_bind)",76.3
62977.ACIAD3475,acs,Acetyl-coenzyme&nbsp;A&nbsp;synthetase,76.3
62977.ACIAD3522,ACIAD3522,Putative&nbsp;flavoprotein&nbsp;oxidoreductase,76.3
62977.ACIAD1212,ACIAD1212,"Putative&nbsp;phosphate&nbsp;transporter&nbsp;(ABC&nbsp;superfamily,&nbsp;peri-bind)",76.3
62977.ACIAD2440,gidA,tRNA&nbsp;uridine&nbsp;5-carboxymethylaminomethyl&nbsp;modification&nbsp;enzyme&nbsp;MnmG,76.2
62977.ACIAD0761,ACIAD0761,Putative&nbsp;hydroxydechloroatrazine&nbsp;ethylaminohydrolase&nbsp;(AtzB)&nbsp;(Hydroxyatrazine&nbsp;hydrolase),76.2
62977.ACIAD1262,vfr,Cyclic&nbsp;AMP&nbsp;receptor&nbsp;protein,76.0
62977.ACIAD1091,ureC,Urease&nbsp;subunit&nbsp;alpha,75.9
62977.ACIAD2655,etfB,Electron&nbsp;transfer&nbsp;flavoprotein&nbsp;beta-subunit,75.9
62977.ACIAD3558,phoR,Two-component&nbsp;sensor,75.6
62977.ACIAD0564,bamB,Outer&nbsp;membrane&nbsp;protein&nbsp;assembly&nbsp;factor&nbsp;BamB,75.5
62977.ACIAD3164,xpt,Xanthine&nbsp;phosphoribosyltransferase,75.4
62977.ACIAD0869,rpmF,50S&nbsp;ribosomal&nbsp;protein&nbsp;L32,75.3
62977.ACIAD3512,ftsA,Cell&nbsp;division&nbsp;protein&nbsp;FtsA,74.9
62977.ACIAD2426,cyoB,Cytochrome&nbsp;o&nbsp;ubiquinol&nbsp;oxidase&nbsp;subunit&nbsp;I,74.7
62977.ACIAD0833,ACIAD0833,Putative&nbsp;5'-adenylylsulfate&nbsp;reductase&nbsp;(APS&nbsp;reductase)&nbsp;(CysH-like),74.7
62977.ACIAD3046,rplT,50S&nbsp;ribosomal&nbsp;protein&nbsp;L20,74.5
62977.ACIAD0540,pta,Phosphate&nbsp;acetyltransferase,74.5
62977.ACIAD3518,gshB,Glutathione&nbsp;synthetase,74.5
62977.ACIAD3269,glyS,Glycine--tRNA&nbsp;ligase&nbsp;beta&nbsp;subunit,74.3
62977.ACIAD2450,metN2,Methionine&nbsp;import&nbsp;ATP-binding&nbsp;protein&nbsp;MetN&nbsp;2,74.3
62977.ACIAD3203,rplR,50S&nbsp;ribosomal&nbsp;protein&nbsp;L18,74.1
62977.ACIAD0642,trpA,Tryptophan&nbsp;synthase&nbsp;alpha&nbsp;chain,74.1
62977.ACIAD0188,atpC,ATP&nbsp;synthase&nbsp;epsilon&nbsp;chain,74.1
62977.ACIAD2898,bamD,Outer&nbsp;membrane&nbsp;protein&nbsp;assembly&nbsp;factor&nbsp;BamD,74.0
62977.ACIAD1938,ACIAD1938,Uncharacterized&nbsp;protein,73.9
62977.ACIAD1531,ACIAD1531,"Putative&nbsp;oligopeptide&nbsp;binding&nbsp;protein&nbsp;(ABC&nbsp;superfamily,&nbsp;peri_bind)(OppA)",73.9
62977.ACIAD0201,ACIAD0201,Putative&nbsp;Glutathione&nbsp;S-transferase-like&nbsp;protein&nbsp;(Gst13&nbsp;glutathione&nbsp;S-transferase),73.8
62977.ACIAD2275,ACIAD2275,Lipoyl&nbsp;synthase,73.8
62977.ACIAD1723,hcaD,Acyl&nbsp;coenzyme&nbsp;A&nbsp;dehydrogenase,73.6
62977.ACIAD0443,ACIAD0443,Putative&nbsp;phosphoglycolate&nbsp;phosphatase&nbsp;protein,73.5
62977.ACIAD0648,secA,Protein&nbsp;translocase&nbsp;subunit&nbsp;SecA,73.5
62977.ACIAD3068,relA,In&nbsp;eubacteria&nbsp;ppGpp&nbsp;(guanosine&nbsp;3'-diphosphate&nbsp;5-'&nbsp;diphosphate)&nbsp;is&nbsp;a&nbsp;mediator&nbsp;of&nbsp;the&nbsp;stringent&nbsp;response&nbsp;that&nbsp;coordinates&nbsp;a&nbsp;variety&nbsp;of&nbsp;cellular&nbsp;activities&nbsp;in&nbsp;response&nbsp;to&nbsp;changes&nbsp;in&nbsp;nutritional&nbsp;abundance,73.5
62977.ACIAD0724,nrdA,Ribonucleoside-diphosphate&nbsp;reductase,73.5
62977.ACIAD3249,ribA,GTP&nbsp;cyclohydrolase-2,73.5
62977.ACIAD1593,ACIAD1593,"Sulfate&nbsp;ester&nbsp;binding&nbsp;protein&nbsp;(ABC&nbsp;superfamily,&nbsp;peri_bind)",73.4
62977.ACIAD1664,ACIAD1664,Putative&nbsp;phosphatidate&nbsp;cytidylyltransferase,73.4
62977.ACIAD0731,nuoB,NADH-quinone&nbsp;oxidoreductase&nbsp;subunit&nbsp;B,73.3
62977.ACIAD3108,ACIAD3108,"Putative&nbsp;DNA&nbsp;polymerase&nbsp;III,&nbsp;delta&nbsp;subunit&nbsp;(Probably&nbsp;ATP&nbsp;hydrolase)&nbsp;(HolA)",73.3
62977.ACIAD2881,sdhD,Succinate&nbsp;dehydrogenase&nbsp;hydrophobic&nbsp;membrane&nbsp;anchor&nbsp;subunit,73.3
62977.ACIAD1451,catD,3-oxoadipate&nbsp;enol-lactonase&nbsp;2,73.2
62977.ACIAD1261,ACIAD1261,"Putative&nbsp;oxidoreductase,&nbsp;aldo/keto&nbsp;reductase&nbsp;family",73.1
62977.ACIAD3530,est,Esterase,73.1
62977.ACIAD1418,ACIAD1418,Putative&nbsp;homocysteine&nbsp;S-methyltransferase&nbsp;family&nbsp;protein,73.1
62977.ACIAD0376,phaAB,pH&nbsp;adaptation&nbsp;potassium&nbsp;efflux&nbsp;system&nbsp;transmembrane&nbsp;protein,73.0
62977.ACIAD2269,rpsB,30S&nbsp;ribosomal&nbsp;protein&nbsp;S2,72.9
62977.ACIAD3659,purE,N5-carboxyaminoimidazole&nbsp;ribonucleotide&nbsp;mutase,72.9
62977.ACIAD3658,purK,N5-carboxyaminoimidazole&nbsp;ribonucleotide&nbsp;synthase,72.9
62977.ACIAD0727,ACIAD0727,Putative&nbsp;sensory&nbsp;histidine&nbsp;kinase&nbsp;in&nbsp;two-component&nbsp;regulatory&nbsp;system,72.8
62977.ACIAD0580,ACIAD0580,Putative&nbsp;3-oxoacyl-[acyl-carrier-protein]&nbsp;synthase&nbsp;(Beta-ketoacyl-ACP&nbsp;synthase),72.8
62977.ACIAD2908,rplY,50S&nbsp;ribosomal&nbsp;protein&nbsp;L25,72.6
62977.ACIAD3080,pntA-1,"Pyridine&nbsp;nucleotide&nbsp;transhydrogenase&nbsp;(Proton&nbsp;pump),&nbsp;alpha&nbsp;subunit&nbsp;(Part1)",72.6
62977.ACIAD0100,ACIAD0100,Putative&nbsp;UDP-glucose&nbsp;6-dehydrogenase&nbsp;(Ugd)&nbsp;(Udg),72.6
62977.ACIAD0036,ssuD,Alkanesulfonate&nbsp;monooxygenase,72.5
62977.ACIAD2078,purT,Formate-dependent&nbsp;phosphoribosylglycinamide&nbsp;formyltransferase,72.5
62977.ACIAD3107,lptE,LPS-assembly&nbsp;lipoprotein&nbsp;LptE,72.4
62977.ACIAD2346,himD,Integration&nbsp;host&nbsp;factor&nbsp;subunit&nbsp;beta,72.4
62977.ACIAD2278,ACIAD2278,Putative&nbsp;4-carboxymuconolactone&nbsp;decarboxylase,72.3
62977.ACIAD0694,ACIAD0694,Putative&nbsp;acetyl-CoA&nbsp;acetyltransferase&nbsp;(Acetoacetyl-CoA&nbsp;thiolase),72.0
62977.ACIAD0505,purU1,Formyltetrahydrofolate&nbsp;deformylase,71.9
62977.ACIAD2048,ACIAD2048,Putative&nbsp;bacterioferritin&nbsp;(Cytochrome&nbsp;b1),71.9
62977.ACIAD1089,ureA,Urease&nbsp;subunit&nbsp;gamma,71.9
62977.ACIAD2462,trpD,Anthranilate&nbsp;phosphoribosyltransferase,71.8
62977.ACIAD1150,pyrC,Dihydroorotase,71.7
62977.ACIAD3389,envZ,Sensory&nbsp;histidine&nbsp;kinase&nbsp;in&nbsp;two-component&nbsp;regulatory&nbsp;system&nbsp;with&nbsp;OmpR,71.7
62977.ACIAD3538,ACIAD3538,5-hydroxyisourate&nbsp;hydrolase,71.6
62977.ACIAD1026,ACIAD1026,Aerobic&nbsp;C4-dicarboxylate&nbsp;transport&nbsp;protein,71.5
62977.ACIAD1766,ACIAD1766,"Putative&nbsp;branched-chain&nbsp;amino&nbsp;acid&nbsp;permease&nbsp;protein&nbsp;(ABC&nbsp;superfamily,&nbsp;membrane)",71.5
62977.ACIAD2549,ACIAD2549,Putative&nbsp;sarcosine&nbsp;oxidase&nbsp;gamma&nbsp;subunit&nbsp;protein&nbsp;(SoxG),71.4
62977.ACIAD2432,rplI,50S&nbsp;ribosomal&nbsp;protein&nbsp;L9,71.3
62977.ACIAD1158,ACIAD1158,Putative&nbsp;RND&nbsp;efflux&nbsp;transporter,71.2
62977.ACIAD2357,ACIAD2357,Putative&nbsp;general&nbsp;secretion&nbsp;pathway&nbsp;protein&nbsp;G,71.1
62977.ACIAD0027,rutA,Pyrimidine&nbsp;monooxygenase&nbsp;RutA,71.0
62977.ACIAD1520,ACIAD1520,Sec-independent&nbsp;protein&nbsp;translocase&nbsp;protein&nbsp;TatC,70.9
62977.ACIAD1372,pyrH,Uridylate&nbsp;kinase,70.8
62977.ACIAD0969,ACIAD0969,"Putative&nbsp;iron&nbsp;transport&nbsp;protein&nbsp;(ABC&nbsp;superfamily,&nbsp;ATP-bind)",70.7
62977.ACIAD0151,guaA,GMP&nbsp;synthase&nbsp;[glutamine-hydrolyzing],70.7
62977.ACIAD1665,ACIAD1665,Putative&nbsp;acyltransferase,70.7
62977.ACIAD2876,sucA,"2-oxoglutarate&nbsp;decarboxylase,&nbsp;component&nbsp;of&nbsp;the&nbsp;2-oxoglutarate&nbsp;dehydrogenase&nbsp;complex&nbsp;(E1)",70.7
62977.ACIAD0839,ffh,Signal&nbsp;recognition&nbsp;particle&nbsp;protein,70.5
62977.ACIAD0964,ACIAD0964,Putative&nbsp;ribose-phosphate&nbsp;pyrophosphokinase&nbsp;(Phosphoribosyl&nbsp;pyrophosphate&nbsp;synthetase),70.5
62977.ACIAD3396,hisH,Imidazole&nbsp;glycerol&nbsp;phosphate&nbsp;synthase&nbsp;subunit&nbsp;HisH,70.5
62977.ACIAD0258,pilR,Type&nbsp;4&nbsp;fimbriae&nbsp;expression&nbsp;regulatory&nbsp;protein,70.4
62977.ACIAD0399,recD,RecBCD&nbsp;enzyme&nbsp;subunit&nbsp;RecD,70.2
62977.ACIAD3309,ACIAD3309,Lipase,70.2
62977.ACIAD2943,ACIAD2943,Putative&nbsp;membrane&nbsp;fusion&nbsp;protein&nbsp;(AdeA-like),70.2
62977.ACIAD3339,adhA,Alcohol&nbsp;dehydrogenase,70.2
62977.ACIAD3423,mdtB,Multidrug&nbsp;transport&nbsp;protein&nbsp;(RND&nbsp;family),70.2
62977.ACIAD1056,ACIAD1056,Carbonic&nbsp;anhydrase,70.1
