1246995.AFR_22995,AFR_22995,COG1366&nbsp;Anti-anti-sigma&nbsp;regulatory&nbsp;factor&nbsp;(antagonist&nbsp;of&nbsp;anti-sigma&nbsp;factor),98.9
1246995.AFR_14785,AFR_14785,"Maltose&nbsp;or&nbsp;maltodextrin&nbsp;ABC&nbsp;transporter,&nbsp;permease&nbsp;protein&nbsp;MalG",98.9
1246995.AFR_07905,AFR_07905,Putative&nbsp;short-chain&nbsp;dehydrogenase,98.8
1246995.AFR_41770,AFR_41770,COG3525&nbsp;N-acetyl-beta-hexosaminidase,98.8
1246995.AFR_06225,AFR_06225,Putative&nbsp;diguanylate&nbsp;cyclase/phosphodiesterase&nbsp;with&nbsp;PAS&nbsp;sensor,98.7
1246995.AFR_17570,AFR_17570,Hydroxymethylglutaryl-CoA&nbsp;lyase,98.7
1246995.AFR_28355,AFR_28355,COG1366&nbsp;Anti-anti-sigma&nbsp;regulatory&nbsp;factor&nbsp;(antagonist&nbsp;of&nbsp;anti-sigma&nbsp;factor),98.7
1246995.AFR_34140,AFR_34140,COG0057&nbsp;Glyceraldehyde-3-phosphate&nbsp;dehydrogenase/erythrose-4-phosphate&nbsp;dehydrogenase,98.7
1246995.AFR_17990,AFR_17990,Binding-protein-dependent&nbsp;transport&nbsp;protein,98.7
1246995.AFR_01670,AFR_01670,NADH-quinone&nbsp;oxidoreductase&nbsp;subunit&nbsp;D,98.6
1246995.AFR_39855,AFR_39855,Putative&nbsp;GAF-sensor&nbsp;signal&nbsp;transduction&nbsp;histidine&nbsp;kinase,98.6
1246995.AFR_00725,purL,Phosphoribosylformylglycinamidine&nbsp;synthase&nbsp;subunit&nbsp;PurL,98.5
1246995.AFR_17675,AFR_17675,DNA&nbsp;polymerase&nbsp;I,98.5
1246995.AFR_00010,AFR_00010,Beta&nbsp;sliding&nbsp;clamp,98.5
1246995.AFR_07815,AFR_07815,Uncharacterized&nbsp;protein,98.3
1246995.AFR_09645,AFR_09645,Chitinase,98.3
1246995.AFR_19395,AFR_19395,ABC&nbsp;transporter&nbsp;permease,98.3
1246995.AFR_10455,AFR_10455,COG0539&nbsp;Ribosomal&nbsp;protein&nbsp;S1,98.2
1246995.AFR_00470,AFR_00470,annotation&nbsp;not&nbsp;available,98.2
1246995.AFR_19390,AFR_19390,Putative&nbsp;ABC&nbsp;transporter&nbsp;substrate-binding&nbsp;protein,98.1
1246995.AFR_05190,AFR_05190,annotation&nbsp;not&nbsp;available,98.1
1246995.AFR_18475,AFR_18475,Cystathionine&nbsp;beta-synthase/cysteine&nbsp;synthase,98.1
1246995.AFR_11855,AFR_11855,Transcriptional&nbsp;regulator,97.9
1246995.AFR_42355,AFR_42355,COG0183&nbsp;Acetyl-CoA&nbsp;acetyltransferase,97.9
1246995.AFR_01300,AFR_01300,Putative&nbsp;response&nbsp;regulator&nbsp;receiver&nbsp;domain&nbsp;protein,97.8
1246995.AFR_03305,AFR_03305,Uncharacterized&nbsp;protein,97.8
1246995.AFR_31030,AFR_31030,COG0652&nbsp;Peptidyl-prolyl&nbsp;cis-trans&nbsp;isomerase&nbsp;(rotamase)&nbsp;-&nbsp;cyclophilin&nbsp;family,97.7
1246995.AFR_16670,AFR_16670,Citrate&nbsp;synthase,97.6
1246995.AFR_01725,AFR_01725,Putative&nbsp;polyprenyl&nbsp;diphosphate&nbsp;synthetase,97.6
1246995.AFR_30325,AFR_30325,Putative&nbsp;glycosyl&nbsp;hydrolase,97.6
1246995.AFR_37790,AFR_37790,Alpha-amylase,97.6
1246995.AFR_21845,AFR_21845,Winged&nbsp;helix&nbsp;family&nbsp;two&nbsp;component&nbsp;transcriptional&nbsp;regulator,97.5
1246995.AFR_29045,AFR_29045,COG0840&nbsp;Methyl-accepting&nbsp;chemotaxis&nbsp;protein,97.4
1246995.AFR_42805,AFR_42805,Replicative&nbsp;DNA&nbsp;helicase,97.3
1246995.AFR_35650,AFR_35650,Regulatory&nbsp;protein&nbsp;RecX,97.3
1246995.AFR_00430,AFR_00430,COG1960&nbsp;Acyl-CoA&nbsp;dehydrogenases,97.3
1246995.AFR_11040,AFR_11040,3-oxoacyl-ACP&nbsp;reductase,97.1
1246995.AFR_41620,AFR_41620,Propionyl-CoA&nbsp;carboxylase&nbsp;subunit&nbsp;alpha,97.1
1246995.AFR_11225,AFR_11225,Glycoside&nbsp;hydrolase&nbsp;family&nbsp;3,97.0
1246995.AFR_20260,AFR_20260,Tryptophan&nbsp;synthase&nbsp;beta&nbsp;chain,97.0
1246995.AFR_28120,AFR_28120,Sensor&nbsp;protein,97.0
1246995.AFR_23965,AFR_23965,Putative&nbsp;ABC&nbsp;transporter&nbsp;substrate-binding&nbsp;protein,96.9
1246995.AFR_42125,AFR_42125,Putative&nbsp;5'-nucleotidase,96.9
1246995.AFR_42720,AFR_42720,Putative&nbsp;molybdopterin&nbsp;biosynthesis&nbsp;protein&nbsp;E,96.9
1246995.AFR_00100,AFR_00100,COG2166&nbsp;SufE&nbsp;protein&nbsp;probably&nbsp;involved&nbsp;in&nbsp;Fe-S&nbsp;center&nbsp;assembly,96.8
1246995.AFR_01515,AFR_01515,Vitamin&nbsp;B12-binding&nbsp;protein,96.8
1246995.AFR_36370,ffh,Signal&nbsp;recognition&nbsp;particle&nbsp;protein,96.8
1246995.AFR_42665,moaA,"GTP&nbsp;3',8-cyclase",96.8
1246995.AFR_17780,AFR_17780,Pyridine&nbsp;nucleotide-disulfide&nbsp;oxidoreductase&nbsp;dimerization&nbsp;subunit,96.7
1246995.AFR_34430,AFR_34430,Diguanylate&nbsp;cyclase,96.7
1246995.AFR_06340,AFR_06340,Mov34/MPN/PAD-1&nbsp;family&nbsp;protein,96.7
1246995.AFR_01115,AFR_01115,annotation&nbsp;not&nbsp;available,96.7
1246995.AFR_00685,purD,COG0151&nbsp;Phosphoribosylamine-glycine&nbsp;ligase,96.6
1246995.AFR_03765,AFR_03765,annotation&nbsp;not&nbsp;available,96.5
1246995.AFR_07350,AFR_07350,Putative&nbsp;glycosyltransferase,96.5
1246995.AFR_13550,AFR_13550,Cell&nbsp;shape&nbsp;determining&nbsp;protein&nbsp;mreb/mrl,96.4
1246995.AFR_14355,AFR_14355,Carbohydrate&nbsp;ABC&nbsp;transporter&nbsp;membrane&nbsp;protein,96.3
1246995.AFR_07205,AFR_07205,COG0642&nbsp;Signal&nbsp;transduction&nbsp;histidine&nbsp;kinase,96.3
1246995.AFR_02700,AFR_02700,Putative&nbsp;short-chain&nbsp;dehydrogenase,96.2
1246995.AFR_28390,AFR_28390,Acyl-CoA&nbsp;carboxylase&nbsp;alpha&nbsp;chain,96.2
1246995.AFR_02795,AFR_02795,COG0463&nbsp;Glycosyltransferases&nbsp;involved&nbsp;in&nbsp;cell&nbsp;wall&nbsp;biogenesis,96.2
1246995.AFR_35430,AFR_35430,Uncharacterized&nbsp;protein,96.2
1246995.AFR_04560,rplX,50S&nbsp;ribosomal&nbsp;protein&nbsp;L24,96.0
1246995.AFR_18215,AFR_18215,ABC&nbsp;transporter-like&nbsp;protein,96.0
1246995.AFR_32770,AFR_32770,Alkanesulfonate&nbsp;monooxygenase,95.9
1246995.AFR_03930,AFR_03930,Phospho-2-dehydro-3-deoxyheptonate&nbsp;aldolase,95.8
1246995.AFR_03365,AFR_03365,2-keto-myo-inositol&nbsp;dehydratase,95.8
1246995.AFR_09815,AFR_09815,NmrA&nbsp;family&nbsp;protein,95.6
1246995.AFR_36770,AFR_36770,Histidine&nbsp;kinase,95.5
1246995.AFR_10340,AFR_10340,COG0493&nbsp;NADPH-dependent&nbsp;glutamate&nbsp;synthase&nbsp;beta&nbsp;chain&nbsp;and&nbsp;related&nbsp;oxidoreductases,95.5
1246995.AFR_06800,AFR_06800,AAA&nbsp;ATPase,95.5
1246995.AFR_24405,AFR_24405,Histidine&nbsp;kinase,95.5
1246995.AFR_17230,AFR_17230,Protein&nbsp;serine&nbsp;phosphatase&nbsp;with&nbsp;GAF(S)&nbsp;sensor(S),95.5
1246995.AFR_16135,AFR_16135,Tryptophan&nbsp;synthase&nbsp;beta&nbsp;chain,95.4
1246995.AFR_40905,AFR_40905,COG0498&nbsp;Threonine&nbsp;synthase,95.2
1246995.AFR_39500,AFR_39500,Deoxyribose-phosphate&nbsp;aldolase,95.2
1246995.AFR_02320,AFR_02320,Transcriptional&nbsp;regulator&nbsp;nadR,95.1
1246995.AFR_28500,AFR_28500,Putative&nbsp;two-component&nbsp;system&nbsp;sensor&nbsp;kinase,95.1
1246995.AFR_08495,AFR_08495,COG0840&nbsp;Methyl-accepting&nbsp;chemotaxis&nbsp;protein,95.0
1246995.AFR_04235,AFR_04235,NADH-quinone&nbsp;oxidoreductase&nbsp;subunit&nbsp;H,94.9
1246995.AFR_11705,AFR_11705,Uncharacterized&nbsp;protein,94.9
1246995.AFR_03640,AFR_03640,annotation&nbsp;not&nbsp;available,94.9
1246995.AFR_24860,AFR_24860,COG0545&nbsp;FKBP-type&nbsp;peptidyl-prolyl&nbsp;cis-trans&nbsp;isomerases&nbsp;1,94.9
1246995.AFR_03455,AFR_03455,COG0840&nbsp;Methyl-accepting&nbsp;chemotaxis&nbsp;protein,94.9
1246995.AFR_02145,AFR_02145,Dehydratase,94.8
1246995.AFR_00195,AFR_00195,COG1960&nbsp;Acyl-CoA&nbsp;dehydrogenases,94.8
1246995.AFR_00275,AFR_00275,COG0631&nbsp;Serine/threonine&nbsp;protein&nbsp;phosphatase,94.7
1246995.AFR_35675,AFR_35675,Ribonucleoside-diphosphate&nbsp;reductase,94.7
1246995.AFR_00880,idi,Isopentenyl-diphosphate&nbsp;Delta-isomerase,94.6
1246995.AFR_01700,AFR_01700,COG0839&nbsp;NADH:ubiquinone&nbsp;oxidoreductase&nbsp;subunit&nbsp;6&nbsp;(chain&nbsp;J),94.6
1246995.AFR_00485,AFR_00485,Putative&nbsp;branched-chain&nbsp;alpha&nbsp;keto&nbsp;acid&nbsp;dehydrogenase&nbsp;E1&nbsp;beta&nbsp;subunit,94.5
1246995.AFR_00890,AFR_00890,Polyprenyl&nbsp;synthetase,94.3
1246995.AFR_25440,AFR_25440,COG1366&nbsp;Anti-anti-sigma&nbsp;regulatory&nbsp;factor&nbsp;(antagonist&nbsp;of&nbsp;anti-sigma&nbsp;factor),94.2
1246995.AFR_12475,AFR_12475,annotation&nbsp;not&nbsp;available,94.2
1246995.AFR_41730,AFR_41730,COG0840&nbsp;Methyl-accepting&nbsp;chemotaxis&nbsp;protein,94.1
1246995.AFR_02535,AFR_02535,annotation&nbsp;not&nbsp;available,94.0
1246995.AFR_04830,AFR_04830,ADP-dependent&nbsp;(S)-NAD(P)H-hydrate&nbsp;dehydratase,94.0
1246995.AFR_01230,AFR_01230,Putative&nbsp;two-component&nbsp;system&nbsp;sensor&nbsp;kinase,93.9
1246995.AFR_03150,AFR_03150,COG0030&nbsp;Dimethyladenosine&nbsp;transferase&nbsp;(rRNA&nbsp;methylation),93.9
1246995.AFR_24390,AFR_24390,Binding-protein-dependent&nbsp;transport&nbsp;systems&nbsp;inner&nbsp;membrane&nbsp;component,93.9
1246995.AFR_05060,AFR_05060,T-protein,93.8
1246995.AFR_28570,AFR_28570,DNA&nbsp;polymerase&nbsp;LigD&nbsp;ligase&nbsp;domain-containing&nbsp;protein,93.8
1246995.AFR_02965,AFR_02965,PTS&nbsp;system&nbsp;lactose/cellobiose-specific&nbsp;transporter&nbsp;subunit&nbsp;IIB,93.8
1246995.AFR_37210,AFR_37210,Acyltransferase,93.7
1246995.AFR_22300,AFR_22300,Alkanesulfonate&nbsp;monooxygenase,93.7
1246995.AFR_07775,AFR_07775,"COG1466&nbsp;DNA&nbsp;polymerase&nbsp;III,&nbsp;delta&nbsp;subunit",93.7
1246995.AFR_16715,AFR_16715,COG0574&nbsp;Phosphoenolpyruvate&nbsp;synthase/pyruvate&nbsp;phosphate&nbsp;dikinase,93.6
1246995.AFR_36405,AFR_36405,COG0463&nbsp;Glycosyltransferases&nbsp;involved&nbsp;in&nbsp;cell&nbsp;wall&nbsp;biogenesis,93.6
1246995.AFR_05125,AFR_05125,Lactate/malate&nbsp;dehydrogenase,93.6
1246995.AFR_21080,gcvH,Glycine&nbsp;cleavage&nbsp;system&nbsp;H&nbsp;protein,93.6
1246995.AFR_37845,AFR_37845,Fad-dependent&nbsp;pyridine&nbsp;nucleotide-disulfide&nbsp;oxidoreductase,93.6
1246995.AFR_31025,AFR_31025,COG0652&nbsp;Peptidyl-prolyl&nbsp;cis-trans&nbsp;isomerase&nbsp;(rotamase)&nbsp;-&nbsp;cyclophilin&nbsp;family,93.5
1246995.AFR_00835,AFR_00835,COG1366&nbsp;Anti-anti-sigma&nbsp;regulatory&nbsp;factor&nbsp;(antagonist&nbsp;of&nbsp;anti-sigma&nbsp;factor),93.5
1246995.AFR_31090,pdxS,Pyridoxal&nbsp;5'-phosphate&nbsp;synthase&nbsp;subunit&nbsp;PdxS,93.5
1246995.AFR_41755,leuA,2-isopropylmalate&nbsp;synthase,93.5
1246995.AFR_36915,AFR_36915,"COG0395&nbsp;ABC-type&nbsp;sugar&nbsp;transport&nbsp;system,&nbsp;permease&nbsp;component",93.4
1246995.AFR_22550,AFR_22550,"COG1486&nbsp;Alpha-galactosidases/6-phospho-beta-glucosidases,&nbsp;family&nbsp;4&nbsp;of&nbsp;glycosyl&nbsp;hydrolases",93.3
1246995.AFR_25690,AFR_25690,Chemotaxis&nbsp;response&nbsp;regulator&nbsp;protein-glutamate&nbsp;methylesterase,93.3
1246995.AFR_11075,AFR_11075,Putative&nbsp;sensory&nbsp;transducer&nbsp;protein,93.3
1246995.AFR_30775,AFR_30775,Histidine&nbsp;kinase,93.2
1246995.AFR_17655,AFR_17655,COG4585&nbsp;Signal&nbsp;transduction&nbsp;histidine&nbsp;kinase,93.2
1246995.AFR_07270,AFR_07270,Uncharacterized&nbsp;protein,93.2
1246995.AFR_03370,AFR_03370,Oxidoreductase&nbsp;domain-containing&nbsp;protein,93.2
1246995.AFR_02065,AFR_02065,Uncharacterized&nbsp;protein,93.2
1246995.AFR_18500,AFR_18500,annotation&nbsp;not&nbsp;available,93.1
1246995.AFR_14775,AFR_14775,Family&nbsp;1&nbsp;extracellular&nbsp;solute-binding&nbsp;protein,93.0
1246995.AFR_27015,AFR_27015,Putative&nbsp;ATP-dependent&nbsp;helicase,93.0
1246995.AFR_37335,atpD,ATP&nbsp;synthase&nbsp;subunit&nbsp;beta,93.0
1246995.AFR_04605,secY,Protein&nbsp;translocase&nbsp;subunit&nbsp;SecY,92.9
1246995.AFR_04465,rpoC,DNA-directed&nbsp;RNA&nbsp;polymerase&nbsp;subunit&nbsp;beta,92.9
1246995.AFR_27495,AFR_27495,Beta-N-acetylhexosaminidase,92.9
1246995.AFR_23995,AFR_23995,Putative&nbsp;two-component&nbsp;system&nbsp;sensor&nbsp;kinase,92.8
1246995.AFR_18480,AFR_18480,COG0165&nbsp;Argininosuccinate&nbsp;lyase,92.8
1246995.AFR_32695,AFR_32695,annotation&nbsp;not&nbsp;available,92.7
1246995.AFR_27755,AFR_27755,Ferredoxin&nbsp;reductase,92.7
1246995.AFR_31700,AFR_31700,COG5002&nbsp;Signal&nbsp;transduction&nbsp;histidine&nbsp;kinase,92.6
1246995.AFR_26795,AFR_26795,Putative&nbsp;MCP&nbsp;methyltransferase&nbsp;CheR&nbsp;with&nbsp;PAS&nbsp;domain,92.6
1246995.AFR_03120,AFR_03120,Putative&nbsp;alcohol&nbsp;dehydrogenase,92.5
1246995.AFR_20180,AFR_20180,PAS/PAC&nbsp;sensor-containing&nbsp;diguanylate&nbsp;cyclase/phosphodiesterase,92.5
1246995.AFR_00170,AFR_00170,Carbamoyl-phosphate&nbsp;synthase&nbsp;subunit&nbsp;L,92.5
1246995.AFR_03295,AFR_03295,Uncharacterized&nbsp;protein,92.5
1246995.AFR_33860,AFR_33860,"COG1830&nbsp;DhnA-type&nbsp;fructose-1,6-bisphosphate&nbsp;aldolase&nbsp;and&nbsp;related&nbsp;enzymes",92.5
1246995.AFR_09885,dnaE2,Error-prone&nbsp;DNA&nbsp;polymerase,92.4
1246995.AFR_24295,AFR_24295,Uncharacterized&nbsp;protein,92.4
1246995.AFR_25795,AFR_25795,COG2225&nbsp;Malate&nbsp;synthase,92.4
1246995.AFR_17840,AFR_17840,Peptidyl-prolyl&nbsp;cis-trans&nbsp;isomerase,92.3
1246995.AFR_02455,AFR_02455,HTH-type&nbsp;transcriptional&nbsp;repressor&nbsp;purR,92.3
1246995.AFR_07975,era,GTPase&nbsp;Era,92.2
1246995.AFR_26785,AFR_26785,Putative&nbsp;PAS/PAC&nbsp;sensor&nbsp;protein,92.2
1246995.AFR_19600,AFR_19600,Glycolate&nbsp;oxidase&nbsp;FAD&nbsp;binding&nbsp;subunit,92.1
1246995.AFR_03250,AFR_03250,Rhamnose&nbsp;ABC&nbsp;transporter&nbsp;periplasmic&nbsp;rhamnose-binding&nbsp;protein,92.1
1246995.AFR_42860,AFR_42860,Putative&nbsp;transglycosylase,91.9
1246995.AFR_03920,AFR_03920,COG0463&nbsp;Glycosyltransferases&nbsp;involved&nbsp;in&nbsp;cell&nbsp;wall&nbsp;biogenesis,91.9
1246995.AFR_09275,gcvT,Aminomethyltransferase,91.8
1246995.AFR_13450,AFR_13450,ATP-binding&nbsp;region&nbsp;ATPase&nbsp;domain-containing&nbsp;protein,91.8
1246995.AFR_19690,AFR_19690,COG0514&nbsp;Superfamily&nbsp;II&nbsp;DNA&nbsp;helicase,91.8
1246995.AFR_02350,AFR_02350,annotation&nbsp;not&nbsp;available,91.7
1246995.AFR_14945,AFR_14945,COG3345&nbsp;Alpha-galactosidase,91.5
1246995.AFR_01370,AFR_01370,"COG1653&nbsp;ABC-type&nbsp;sugar&nbsp;transport&nbsp;system,&nbsp;periplasmic&nbsp;component",91.5
1246995.AFR_10565,AFR_10565,COG0057&nbsp;Glyceraldehyde-3-phosphate&nbsp;dehydrogenase/erythrose-4-phosphate&nbsp;dehydrogenase,91.4
1246995.AFR_31380,AFR_31380,Putative&nbsp;magnesium/manganese-dependent&nbsp;protein&nbsp;phosphatase&nbsp;with&nbsp;GAF&nbsp;domain,91.4
1246995.AFR_01910,AFR_01910,Putative&nbsp;FAD-dependent&nbsp;oxidoreductase,91.4
1246995.AFR_17475,AFR_17475,COG0520&nbsp;Selenocysteine&nbsp;lyase,91.2
1246995.AFR_24685,AFR_24685,annotation&nbsp;not&nbsp;available,91.2
1246995.AFR_03625,AFR_03625,COG0189&nbsp;Glutathione&nbsp;synthase/Ribosomal&nbsp;protein&nbsp;S6&nbsp;modification&nbsp;enzyme&nbsp;(glutaminyl&nbsp;transferase),91.1
1246995.AFR_01525,AFR_01525,Putative&nbsp;iron&nbsp;ABC&nbsp;transporter&nbsp;ATP-binding&nbsp;protein,91.0
1246995.AFR_03505,AFR_03505,FAD&nbsp;linked&nbsp;oxidase&nbsp;domain-containing&nbsp;protein,91.0
1246995.AFR_23265,AFR_23265,Non-homologous&nbsp;end&nbsp;joining&nbsp;protein&nbsp;Ku,90.9
1246995.AFR_35025,AFR_35025,Deoxyguanosinetriphosphate&nbsp;triphosphohydrolase-like&nbsp;protein,90.9
1246995.AFR_20805,AFR_20805,3-hydroxybutyryl-CoA&nbsp;dehydrogenase&nbsp;PaaC,90.9
1246995.AFR_29300,AFR_29300,NAD-dependent&nbsp;epimerase/dehydratase,90.9
1246995.AFR_19475,AFR_19475,Putative&nbsp;two-component&nbsp;system&nbsp;sensor&nbsp;kinase,90.9
1246995.AFR_11480,AFR_11480,COG0642&nbsp;Signal&nbsp;transduction&nbsp;histidine&nbsp;kinase,90.8
1246995.AFR_17760,AFR_17760,COG0639&nbsp;Diadenosine&nbsp;tetraphosphatase&nbsp;and&nbsp;related&nbsp;serine/threonine&nbsp;protein&nbsp;phosphatases,90.7
1246995.AFR_02980,AFR_02980,annotation&nbsp;not&nbsp;available,90.6
1246995.AFR_08285,AFR_08285,Uncharacterized&nbsp;protein,90.5
1246995.AFR_40130,AFR_40130,"COG1013&nbsp;Pyruvate:ferredoxin&nbsp;oxidoreductase&nbsp;and&nbsp;related&nbsp;2-oxoacid:ferredoxin&nbsp;oxidoreductases,&nbsp;beta&nbsp;subunit",90.3
1246995.AFR_08445,AFR_08445,Glycosyl&nbsp;hydrolase,90.3
1246995.AFR_09425,AFR_09425,Putative&nbsp;cytochrome&nbsp;c&nbsp;heme-binding&nbsp;subunit,90.3
1246995.AFR_02870,AFR_02870,ABC&nbsp;transporter&nbsp;permease,90.2
1246995.AFR_04515,rplW,50S&nbsp;ribosomal&nbsp;protein&nbsp;L23,90.2
1246995.AFR_13600,AFR_13600,COG0702&nbsp;Predicted&nbsp;nucleoside-diphosphate-sugar&nbsp;epimerases,90.2
1246995.AFR_37090,AFR_37090,"COG1119&nbsp;ABC-type&nbsp;molybdenum&nbsp;transport&nbsp;system,&nbsp;ATPase&nbsp;component/photorepair&nbsp;protein&nbsp;PhrA",90.1
1246995.AFR_38000,ackA,Acetate&nbsp;kinase,89.9
1246995.AFR_03225,AFR_03225,Putative&nbsp;ABC&nbsp;transporter&nbsp;ATP-binding&nbsp;protein,89.9
1246995.AFR_38355,AFR_38355,DNA&nbsp;helicase,89.9
1246995.AFR_06300,AFR_06300,NAD-dependent&nbsp;glycerol-3-phosphate&nbsp;dehydrogenase&nbsp;domain-containing&nbsp;protein,89.8
1246995.AFR_42670,AFR_42670,annotation&nbsp;not&nbsp;available,89.8
1246995.AFR_01595,AFR_01595,Hydroxyacid&nbsp;oxidase&nbsp;1,89.8
1246995.AFR_07650,AFR_07650,Putative&nbsp;magnesium/manganese-dependent&nbsp;protein&nbsp;phosphatase&nbsp;with&nbsp;GAF&nbsp;domain,89.8
1246995.AFR_25680,AFR_25680,COG0840&nbsp;Methyl-accepting&nbsp;chemotaxis&nbsp;protein,89.8
1246995.AFR_11550,AFR_11550,Aminotransferase&nbsp;AlaT,89.7
1246995.AFR_06205,AFR_06205,Uncharacterized&nbsp;protein,89.7
1246995.AFR_42680,AFR_42680,DNA&nbsp;helicase,89.6
1246995.AFR_03145,AFR_03145,COG0840&nbsp;Methyl-accepting&nbsp;chemotaxis&nbsp;protein,89.6
1246995.AFR_01435,AFR_01435,Pyridoxal-5'-phosphate-dependent&nbsp;protein&nbsp;subunit&nbsp;beta,89.6
1246995.AFR_02090,AFR_02090,annotation&nbsp;not&nbsp;available,89.3
1246995.AFR_01345,AFR_01345,Putative&nbsp;cytochrome&nbsp;C&nbsp;assembly&nbsp;protein,89.3
1246995.AFR_07715,AFR_07715,Histidine&nbsp;kinase,89.2
1246995.AFR_22445,AFR_22445,Putative&nbsp;ABC&nbsp;transporter&nbsp;substrate-binding&nbsp;protein,89.2
1246995.AFR_00105,AFR_00105,Uncharacterized&nbsp;protein,89.2
1246995.AFR_01705,AFR_01705,NADH-quinone&nbsp;oxidoreductase&nbsp;subunit&nbsp;K,89.1
1246995.AFR_01380,AFR_01380,Putative&nbsp;alpha-glucosidase,89.0
1246995.AFR_02290,AFR_02290,Transport&nbsp;permease&nbsp;protein,89.0
1246995.AFR_04155,proA,Gamma-glutamyl&nbsp;phosphate&nbsp;reductase,88.9
1246995.AFR_42930,AFR_42930,COG0492&nbsp;Thioredoxin&nbsp;reductase,88.9
1246995.AFR_28170,AFR_28170,Uncharacterized&nbsp;protein,88.7
1246995.AFR_26805,AFR_26805,Anti-sigma&nbsp;factor&nbsp;antagonist,88.7
1246995.AFR_19230,AFR_19230,ATPase&nbsp;domain-containing&nbsp;protein,88.7
1246995.AFR_00830,AFR_00830,"Anti-sigma&nbsp;regulatory&nbsp;factor,&nbsp;serine/threonine&nbsp;protein&nbsp;kinase",88.7
1246995.AFR_00465,AFR_00465,Alkyl&nbsp;hydroperoxide&nbsp;reductase/&nbsp;thiol&nbsp;specific&nbsp;antioxidant/&nbsp;mal&nbsp;allergen,88.6
1246995.AFR_31180,AFR_31180,Putative&nbsp;two-component&nbsp;system&nbsp;sensor&nbsp;kinase,88.5
1246995.AFR_10915,AFR_10915,COG0174&nbsp;Glutamine&nbsp;synthetase,88.5
1246995.AFR_03660,AFR_03660,Uncharacterized&nbsp;protein,88.4
1246995.AFR_04530,rplV,50S&nbsp;ribosomal&nbsp;protein&nbsp;L22,88.4
1246995.AFR_00445,AFR_00445,NmrA&nbsp;family&nbsp;protein,88.4
1246995.AFR_23700,AFR_23700,Short&nbsp;chain&nbsp;dehydrogenase,88.3
1246995.AFR_02985,AFR_02985,Putative&nbsp;phosphoenolpyruvate-protein&nbsp;phosphotransferase,88.3
1246995.AFR_07890,AFR_07890,Periplasmic&nbsp;iron-transport&nbsp;lipoprotein,88.2
1246995.AFR_37495,argS2,Arginine--tRNA&nbsp;ligase,88.2
1246995.AFR_41705,pyrE,Orotate&nbsp;phosphoribosyltransferase,88.2
1246995.AFR_00705,AFR_00705,COG0015&nbsp;Adenylosuccinate&nbsp;lyase,88.2
1246995.AFR_01405,ubiA,Prenyltransferase,88.1
1246995.AFR_04105,AFR_04105,Putative&nbsp;DEAD/DEAH&nbsp;box&nbsp;helicase,88.1
1246995.AFR_17150,AFR_17150,Periplasmic&nbsp;binding&nbsp;protein/LacI&nbsp;transcriptional&nbsp;regulator,88.0
1246995.AFR_31960,AFR_31960,COG2723&nbsp;Beta-glucosidase/6-phospho-beta-glucosidase/beta-&nbsp;galactosidase,88.0
1246995.AFR_42215,AFR_42215,Sensor&nbsp;histidine&nbsp;kinase&nbsp;and&nbsp;response&nbsp;regulator&nbsp;of&nbsp;a&nbsp;two&nbsp;component&nbsp;complex,87.9
1246995.AFR_38195,AFR_38195,Putative&nbsp;glycosyltransferase,87.9
1246995.AFR_00005,dnaA,Chromosomal&nbsp;replication&nbsp;initiator&nbsp;protein&nbsp;DnaA,87.9
1246995.AFR_36710,AFR_36710,Uncharacterized&nbsp;protein,87.9
1246995.AFR_27725,AFR_27725,COG0365&nbsp;Acyl-coenzyme&nbsp;A&nbsp;synthetases/AMP-(fatty)&nbsp;acid&nbsp;ligases,87.9
1246995.AFR_37360,atpE,ATP&nbsp;synthase&nbsp;subunit&nbsp;c,87.8
1246995.AFR_04275,AFR_04275,NADH-quinone&nbsp;oxidoreductase&nbsp;subunit&nbsp;N,87.8
1246995.AFR_15705,AFR_15705,Putative&nbsp;acetolactate&nbsp;synthase&nbsp;large&nbsp;subunit,87.8
1246995.AFR_04210,AFR_04210,NADH-quinone&nbsp;oxidoreductase&nbsp;subunit&nbsp;B,87.6
1246995.AFR_01925,AFR_01925,Thymidylate&nbsp;kinase,87.6
1246995.AFR_02240,AFR_02240,"Phage&nbsp;shock&nbsp;protein&nbsp;C,&nbsp;PspC",87.5
1246995.AFR_01295,AFR_01295,Histidine&nbsp;kinase,87.5
1246995.AFR_12595,AFR_12595,ABC&nbsp;transporter&nbsp;permease,87.4
1246995.AFR_00915,AFR_00915,Putative&nbsp;pyridine&nbsp;nucleotide-disulfide&nbsp;oxidoreductase,87.4
1246995.AFR_31715,AFR_31715,COG0405&nbsp;Gamma-glutamyltransferase,87.3
1246995.AFR_08165,AFR_08165,Deoxyguanosinetriphosphate&nbsp;triphosphohydrolase-like&nbsp;protein,87.3
1246995.AFR_03870,AFR_03870,Uncharacterized&nbsp;protein,87.3
1246995.AFR_37385,AFR_37385,Putative&nbsp;oxidoreductase,87.2
1246995.AFR_38680,AFR_38680,COG0463&nbsp;Glycosyltransferases&nbsp;involved&nbsp;in&nbsp;cell&nbsp;wall&nbsp;biogenesis,87.2
1246995.AFR_15455,AFR_15455,3-ketoacyl-ACP&nbsp;reductase,87.1
1246995.AFR_04255,AFR_04255,COG0839&nbsp;NADH:ubiquinone&nbsp;oxidoreductase&nbsp;subunit&nbsp;6&nbsp;(chain&nbsp;J),87.0
1246995.AFR_31195,AFR_31195,COG1816&nbsp;Adenosine&nbsp;deaminase,87.0
1246995.AFR_40560,AFR_40560,Ycf27-liketranscriptional&nbsp;regulator,87.0
1246995.AFR_16655,AFR_16655,Iron-hydroxamate&nbsp;transporter&nbsp;permease&nbsp;subunit,86.9
1246995.AFR_20865,AFR_20865,annotation&nbsp;not&nbsp;available,86.9
1246995.AFR_13070,AFR_13070,Inner-membrane&nbsp;translocator,86.9
1246995.AFR_04920,AFR_04920,60&nbsp;kDa&nbsp;chaperonin,86.9
1246995.AFR_00930,AFR_00930,Uncharacterized&nbsp;protein,86.9
1246995.AFR_25410,AFR_25410,Extracellular&nbsp;solute-binding&nbsp;protein&nbsp;family&nbsp;1&nbsp;protein,86.8
1246995.AFR_29720,AFR_29720,COG0484&nbsp;DnaJ-class&nbsp;molecular&nbsp;chaperone&nbsp;with&nbsp;C-terminal&nbsp;Zn&nbsp;finger&nbsp;domain,86.8
1246995.AFR_01605,AFR_01605,annotation&nbsp;not&nbsp;available,86.8
1246995.AFR_04460,rpoB,DNA-directed&nbsp;RNA&nbsp;polymerase&nbsp;subunit&nbsp;beta,86.8
1246995.AFR_32280,AFR_32280,ABC&nbsp;transporter&nbsp;permease,86.6
1246995.AFR_09910,AFR_09910,DNA&nbsp;polymerase&nbsp;IV,86.6
1246995.AFR_15465,AFR_15465,COG0840&nbsp;Methyl-accepting&nbsp;chemotaxis&nbsp;protein,86.5
1246995.AFR_34655,AFR_34655,Inositol-1-monophosphatase,86.4
1246995.AFR_01715,AFR_01715,COG1008&nbsp;NADH:ubiquinone&nbsp;oxidoreductase&nbsp;subunit&nbsp;4&nbsp;(chain&nbsp;M),86.3
1246995.AFR_37970,kgd,Alpha-ketoglutarate&nbsp;decarboxylase,86.3
1246995.AFR_38565,AFR_38565,COG0789&nbsp;Predicted&nbsp;transcriptional&nbsp;regulators,86.3
1246995.AFR_15840,AFR_15840,Chromosomal&nbsp;replication&nbsp;initiator&nbsp;protein&nbsp;dnaa,86.2
1246995.AFR_41670,AFR_41670,Putative&nbsp;glycosyltransferase,86.2
1246995.AFR_02920,AFR_02920,NAD&nbsp;kinase,86.2
1246995.AFR_03780,AFR_03780,Transcriptional&nbsp;regulatory&nbsp;protein&nbsp;uhpA,86.2
1246995.AFR_00530,AFR_00530,Chaperone&nbsp;protein&nbsp;DnaJ,86.2
1246995.AFR_08765,aceE,Pyruvate&nbsp;dehydrogenase&nbsp;E1&nbsp;component,86.1
1246995.AFR_13875,AFR_13875,Uncharacterized&nbsp;protein,86.1
1246995.AFR_35925,AFR_35925,Integral&nbsp;membrane&nbsp;sensor&nbsp;hybrid&nbsp;histidine&nbsp;kinase,86.0
1246995.AFR_39385,AFR_39385,"COG4770&nbsp;Acetyl/propionyl-CoA&nbsp;carboxylase,&nbsp;alpha&nbsp;subunit",86.0
1246995.AFR_35790,AFR_35790,"COG1842&nbsp;Phage&nbsp;shock&nbsp;protein&nbsp;A&nbsp;(IM30),&nbsp;suppresses&nbsp;sigma54-dependent&nbsp;transcription",86.0
1246995.AFR_02440,AFR_02440,"COG1172&nbsp;Ribose/xylose/arabinose/galactoside&nbsp;ABC-type&nbsp;transport&nbsp;systems,&nbsp;permease&nbsp;components",86.0
1246995.AFR_07995,recO,DNA&nbsp;repair&nbsp;protein&nbsp;RecO,85.8
1246995.AFR_18425,AFR_18425,"COG4638&nbsp;Phenylpropionate&nbsp;dioxygenase&nbsp;and&nbsp;related&nbsp;ring-hydroxylating&nbsp;dioxygenases,&nbsp;large&nbsp;terminal&nbsp;subunit",85.8
1246995.AFR_13940,AFR_13940,Diguanylate&nbsp;cyclase,85.7
1246995.AFR_10365,AFR_10365,COG0469&nbsp;Pyruvate&nbsp;kinase,85.7
1246995.AFR_40885,groEL,60&nbsp;kDa&nbsp;chaperonin,85.7
1246995.AFR_20450,pgi,COG0166&nbsp;Glucose-6-phosphate&nbsp;isomerase,85.6
1246995.AFR_04080,AFR_04080,Cation-transporting&nbsp;ATPase&nbsp;pacS,85.5
1246995.AFR_22190,AFR_22190,COG3605&nbsp;Signal&nbsp;transduction&nbsp;protein&nbsp;containing&nbsp;GAF&nbsp;and&nbsp;PtsI&nbsp;domains,85.5
1246995.AFR_35380,deoC,Deoxyribose-phosphate&nbsp;aldolase,85.5
1246995.AFR_35285,AFR_35285,annotation&nbsp;not&nbsp;available,85.4
1246995.AFR_30650,efp,Elongation&nbsp;factor&nbsp;P,85.4
1246995.AFR_25485,AFR_25485,COG0642&nbsp;Signal&nbsp;transduction&nbsp;histidine&nbsp;kinase,85.4
1246995.AFR_37170,AFR_37170,Putative&nbsp;isobutyryl-CoA&nbsp;mutase&nbsp;chain&nbsp;A,85.3
1246995.AFR_00015,AFR_00015,6-phosphogluconate&nbsp;dehydrogenase-like&nbsp;protein,85.3
1246995.AFR_25895,AFR_25895,annotation&nbsp;not&nbsp;available,85.3
1246995.AFR_15355,AFR_15355,Glycosyl&nbsp;transferase&nbsp;family&nbsp;protein,85.3
1246995.AFR_18255,AFR_18255,Cellulose&nbsp;synthesis&nbsp;regulatory&nbsp;protein,85.3
1246995.AFR_41945,AFR_41945,Histidine&nbsp;kinase,85.2
1246995.AFR_04645,rpsK,30S&nbsp;ribosomal&nbsp;protein&nbsp;S11,85.1
1246995.AFR_03385,AFR_03385,Peptide&nbsp;deformylase,85.0
1246995.AFR_03515,AFR_03515,COG0332&nbsp;3-oxoacyl-[acyl-carrier-protein]&nbsp;synthase&nbsp;III,84.9
1246995.AFR_33865,AFR_33865,Twin-arginine&nbsp;translocation&nbsp;pathway&nbsp;signal&nbsp;protein,84.9
1246995.AFR_41115,fumC2,Fumarate&nbsp;hydratase&nbsp;class&nbsp;II,84.9
1246995.AFR_09260,AFR_09260,"COG1249&nbsp;Pyruvate/2-oxoglutarate&nbsp;dehydrogenase&nbsp;complex,&nbsp;dihydrolipoamide&nbsp;dehydrogenase&nbsp;(E3)&nbsp;component,&nbsp;and&nbsp;related&nbsp;enzymes",84.9
1246995.AFR_36835,AFR_36835,Alpha-isopropylmalate/homocitrate&nbsp;synthase&nbsp;family&nbsp;transferase,84.8
1246995.AFR_34255,AFR_34255,Carbamoyl-phosphate&nbsp;synthase&nbsp;L&nbsp;chain&nbsp;ATP-binding&nbsp;protein,84.8
1246995.AFR_33930,AFR_33930,DNA&nbsp;polymerase&nbsp;IV,84.8
1246995.AFR_30160,AFR_30160,Metallophosphoesterase,84.8
1246995.AFR_01695,AFR_01695,NADH-quinone&nbsp;oxidoreductase&nbsp;subunit&nbsp;I,84.7
1246995.AFR_01275,AFR_01275,Phosphatidylinositol&nbsp;alpha-mannosyltransferase,84.7
1246995.AFR_03045,AFR_03045,Transport&nbsp;permease&nbsp;protein,84.6
1246995.AFR_01135,AFR_01135,COG0840&nbsp;Methyl-accepting&nbsp;chemotaxis&nbsp;protein,84.6
1246995.AFR_19710,AFR_19710,"Regulator&nbsp;of&nbsp;sigma&nbsp;subunit,&nbsp;anti-anti-sigma&nbsp;factor&nbsp;RsbU",84.6
1246995.AFR_23460,AFR_23460,Uncharacterized&nbsp;protein,84.5
1246995.AFR_03940,AFR_03940,Putative&nbsp;two-component&nbsp;system&nbsp;sensor&nbsp;kinase,84.5
1246995.AFR_36530,plsX,Phosphate&nbsp;acyltransferase,84.4
1246995.AFR_27970,AFR_27970,Formate&nbsp;dehydrogenase&nbsp;subunit&nbsp;alpha,84.3
1246995.AFR_21765,AFR_21765,COG0642&nbsp;Signal&nbsp;transduction&nbsp;histidine&nbsp;kinase,84.3
1246995.AFR_37470,AFR_37470,COG0841&nbsp;Cation/multidrug&nbsp;efflux&nbsp;pump,84.3
1246995.AFR_08905,AFR_08905,Putative&nbsp;glycosyl&nbsp;hydrolase,84.2
1246995.AFR_00605,AFR_00605,Putative&nbsp;serine/threonine&nbsp;protein&nbsp;phosphatase,84.2
1246995.AFR_19820,htpG,Chaperone&nbsp;protein&nbsp;HtpG,84.2
1246995.AFR_10835,AFR_10835,COG2940&nbsp;Proteins&nbsp;containing&nbsp;SET&nbsp;domain,84.1
1246995.AFR_41365,lysS,Lysine--tRNA&nbsp;ligase,84.1
1246995.AFR_04160,proB,Glutamate&nbsp;5-kinase,84.0
1246995.AFR_04540,rplP,50S&nbsp;ribosomal&nbsp;protein&nbsp;L16,84.0
1246995.AFR_10625,AFR_10625,Glucose-6-phosphate&nbsp;1-dehydrogenase,83.9
1246995.AFR_03620,AFR_03620,annotation&nbsp;not&nbsp;available,83.9
1246995.AFR_08205,AFR_08205,Putative&nbsp;ABC&nbsp;transporter&nbsp;ATP-binding&nbsp;protein,83.9
1246995.AFR_24410,AFR_24410,COG2175&nbsp;Probable&nbsp;taurine&nbsp;catabolism&nbsp;dioxygenase,83.8
1246995.AFR_04050,AFR_04050,Putative&nbsp;short-chain&nbsp;dehydrogenase,83.7
1246995.AFR_37355,atpF,ATP&nbsp;synthase&nbsp;subunit&nbsp;b,83.7
1246995.AFR_01100,AFR_01100,Osmosensitive&nbsp;K+&nbsp;channel&nbsp;histidine&nbsp;kinase&nbsp;KdpD,83.6
1246995.AFR_22735,AFR_22735,Enolase,83.6
1246995.AFR_22765,AFR_22765,COG0840&nbsp;Methyl-accepting&nbsp;chemotaxis&nbsp;protein,83.6
1246995.AFR_22665,AFR_22665,UbiA&nbsp;prenyltransferase,83.5
1246995.AFR_22245,AFR_22245,COG1893&nbsp;Ketopantoate&nbsp;reductase,83.5
1246995.AFR_19400,AFR_19400,"COG3833&nbsp;ABC-type&nbsp;maltose&nbsp;transport&nbsp;systems,&nbsp;permease&nbsp;component",83.5
1246995.AFR_14360,AFR_14360,Binding-protein-dependent&nbsp;transport&nbsp;systems&nbsp;inner&nbsp;membrane&nbsp;component,83.3
1246995.AFR_16925,AFR_16925,Transketolase,83.3
1246995.AFR_41810,AFR_41810,"COG2812&nbsp;DNA&nbsp;polymerase&nbsp;III,&nbsp;gamma/tau&nbsp;subunits",83.3
1246995.AFR_38960,AFR_38960,COG0463&nbsp;Glycosyltransferases&nbsp;involved&nbsp;in&nbsp;cell&nbsp;wall&nbsp;biogenesis,83.2
1246995.AFR_06035,AFR_06035,COG0642&nbsp;Signal&nbsp;transduction&nbsp;histidine&nbsp;kinase,83.2
1246995.AFR_00925,AFR_00925,Uncharacterized&nbsp;protein,83.2
1246995.AFR_12845,AFR_12845,Kojibiose&nbsp;phosphorylase,83.1
1246995.AFR_31655,AFR_31655,COG0840&nbsp;Methyl-accepting&nbsp;chemotaxis&nbsp;protein,82.9
1246995.AFR_32735,AFR_32735,Alkanesulfonate&nbsp;monooxygenase,82.8
1246995.AFR_14105,AFR_14105,Putative&nbsp;signaling&nbsp;protein,82.7
1246995.AFR_02185,AFR_02185,Putative&nbsp;GCN5-related&nbsp;N-acetyltransferase,82.7
1246995.AFR_00295,AFR_00295,COG0515&nbsp;Serine/threonine&nbsp;protein&nbsp;kinase,82.6
1246995.AFR_16930,AFR_16930,"COG0508&nbsp;Pyruvate/2-oxoglutarate&nbsp;dehydrogenase&nbsp;complex,&nbsp;dihydrolipoamide&nbsp;acyltransferase&nbsp;(E2)&nbsp;component,&nbsp;and&nbsp;related&nbsp;enzymes",82.6
1246995.AFR_28360,gabD1,Succinic&nbsp;semialdehyde&nbsp;dehydrogenase,82.6
1246995.AFR_37450,AFR_37450,Transcription&nbsp;termination&nbsp;factor&nbsp;Rho,82.5
1246995.AFR_04430,rplA,50S&nbsp;ribosomal&nbsp;protein&nbsp;L1,82.5
1246995.AFR_23620,AFR_23620,"COG0609&nbsp;ABC-type&nbsp;Fe3+-siderophore&nbsp;transport&nbsp;system,&nbsp;permease&nbsp;component",82.4
1246995.AFR_40595,AFR_40595,"Two-component&nbsp;system,&nbsp;chemotaxis&nbsp;family,&nbsp;sensor&nbsp;kinase&nbsp;CheA",82.4
1246995.AFR_41135,AFR_41135,Fumarate&nbsp;hydratase&nbsp;class&nbsp;I,82.4
1246995.AFR_34920,sbcD,Nuclease&nbsp;SbcCD&nbsp;subunit&nbsp;D,82.3
1246995.AFR_22335,AFR_22335,annotation&nbsp;not&nbsp;available,82.3
1246995.AFR_10630,AFR_10630,annotation&nbsp;not&nbsp;available,82.3
1246995.AFR_03085,AFR_03085,COG1793&nbsp;ATP-dependent&nbsp;DNA&nbsp;ligase,82.2
1246995.AFR_04250,AFR_04250,NADH-quinone&nbsp;oxidoreductase&nbsp;subunit&nbsp;I,82.2
1246995.AFR_09115,AFR_09115,COG0174&nbsp;Glutamine&nbsp;synthetase,82.2
1246995.AFR_18910,AFR_18910,Cellulose&nbsp;synthesis&nbsp;regulatory&nbsp;protein,82.2
1246995.AFR_33365,AFR_33365,COG0539&nbsp;Ribosomal&nbsp;protein&nbsp;S1,82.1
1246995.AFR_23615,AFR_23615,Periplasmic&nbsp;binding&nbsp;protein,82.1
1246995.AFR_26975,AFR_26975,COG0708&nbsp;Exonuclease&nbsp;III,82.1
1246995.AFR_15685,AFR_15685,Binding-protein-dependent&nbsp;transport&nbsp;systems&nbsp;inner&nbsp;membrane&nbsp;component,82.0
1246995.AFR_10850,AFR_10850,Short-chain&nbsp;dehydrogenase/reductase&nbsp;SDR,82.0
1246995.AFR_29280,AFR_29280,Malate&nbsp;dehydrogenase,81.9
1246995.AFR_33215,AFR_33215,"COG2310&nbsp;Uncharacterized&nbsp;proteins&nbsp;involved&nbsp;in&nbsp;stress&nbsp;response,&nbsp;homologs&nbsp;of&nbsp;TerZ&nbsp;and&nbsp;putative&nbsp;cAMP-binding&nbsp;protein&nbsp;CABP1",81.9
1246995.AFR_08160,AFR_08160,COG0840&nbsp;Methyl-accepting&nbsp;chemotaxis&nbsp;protein,81.8
1246995.AFR_42110,purC,COG0152&nbsp;Phosphoribosylaminoimidazolesuccinocarboxamide&nbsp;(SAICAR)&nbsp;synthase,81.8
1246995.AFR_06955,AFR_06955,annotation&nbsp;not&nbsp;available,81.8
1246995.AFR_30615,carB,COG0458&nbsp;Carbamoylphosphate&nbsp;synthase&nbsp;large&nbsp;subunit&nbsp;(split&nbsp;gene&nbsp;in&nbsp;MJ),81.7
1246995.AFR_02445,AFR_02445,Ribose&nbsp;transport&nbsp;system&nbsp;ATP-binding&nbsp;protein,81.6
1246995.AFR_29940,ppnK,NAD&nbsp;kinase,81.4
1246995.AFR_04600,rplO,50S&nbsp;ribosomal&nbsp;protein&nbsp;L15,81.3
1246995.AFR_37340,atpG,ATP&nbsp;synthase&nbsp;gamma&nbsp;chain,81.3
1246995.AFR_20475,AFR_20475,FMN&nbsp;reductase,81.3
1246995.AFR_27100,AFR_27100,Trehalose&nbsp;synthase,81.3
1246995.AFR_16645,AFR_16645,"COG1120&nbsp;ABC-type&nbsp;cobalamin/Fe3+-siderophores&nbsp;transport&nbsp;systems,&nbsp;ATPase&nbsp;components",81.2
1246995.AFR_25540,araA,L-arabinose&nbsp;isomerase,81.2
1246995.AFR_01930,AFR_01930,DNA&nbsp;polymerase&nbsp;III&nbsp;subunit&nbsp;delta,81.1
1246995.AFR_03265,rbsA,Ribose&nbsp;import&nbsp;ATP-binding&nbsp;protein&nbsp;RbsA,81.1
1246995.AFR_01585,AFR_01585,COG0463&nbsp;Glycosyltransferases&nbsp;involved&nbsp;in&nbsp;cell&nbsp;wall&nbsp;biogenesis,81.1
1246995.AFR_02200,AFR_02200,COG0372&nbsp;Citrate&nbsp;synthase,81.0
1246995.AFR_09420,AFR_09420,"COG1845&nbsp;Heme/copper-type&nbsp;cytochrome/quinol&nbsp;oxidase,&nbsp;subunit&nbsp;3",81.0
1246995.AFR_37785,AFR_37785,3-oxoacyl-ACP&nbsp;reductase,81.0
1246995.AFR_32315,AFR_32315,Putative&nbsp;secreted&nbsp;protein,80.9
1246995.AFR_36020,AFR_36020,Sulfate&nbsp;transporter/antisigma-factor&nbsp;antagonist,80.9
1246995.AFR_19380,AFR_19380,Alpha-amylase,80.8
1246995.AFR_13020,AFR_13020,NmrA&nbsp;family&nbsp;protein,80.8
1246995.AFR_34050,AFR_34050,annotation&nbsp;not&nbsp;available,80.8
1246995.AFR_00050,AFR_00050,annotation&nbsp;not&nbsp;available,80.8
1246995.AFR_42895,AFR_42895,Putative&nbsp;WD&nbsp;repeat-containing&nbsp;protein,80.6
1246995.AFR_01160,AFR_01160,Soluble&nbsp;pyridine&nbsp;nucleotide&nbsp;transhydrogenase,80.4
1246995.AFR_07070,AFR_07070,Thymidylate&nbsp;kinase,80.4
1246995.AFR_02115,AFR_02115,COG0477&nbsp;Permeases&nbsp;of&nbsp;the&nbsp;major&nbsp;facilitator&nbsp;superfamily,80.4
1246995.AFR_37350,atpH,ATP&nbsp;synthase&nbsp;subunit&nbsp;delta,80.4
1246995.AFR_04795,glmM,Phosphoglucosamine&nbsp;mutase,80.2
1246995.AFR_35910,pnp,Polyribonucleotide&nbsp;nucleotidyltransferase,80.2
1246995.AFR_31670,AFR_31670,Laminin&nbsp;subunit&nbsp;beta-2,80.1
1246995.AFR_19340,AFR_19340,"COG1175&nbsp;ABC-type&nbsp;sugar&nbsp;transport&nbsp;systems,&nbsp;permease&nbsp;components",80.1
1246995.AFR_01260,AFR_01260,Uncharacterized&nbsp;protein,80.0
1246995.AFR_04425,nusG,Transcription&nbsp;termination/antitermination&nbsp;protein&nbsp;NusG,80.0
1246995.AFR_01235,AFR_01235,Acetoacetate&nbsp;metabolism&nbsp;regulatory&nbsp;protein&nbsp;atoC,79.9
1246995.AFR_36920,AFR_36920,"COG1175&nbsp;ABC-type&nbsp;sugar&nbsp;transport&nbsp;systems,&nbsp;permease&nbsp;components",79.8
1246995.AFR_25025,folD,Bifunctional&nbsp;protein&nbsp;FolD,79.8
1246995.AFR_09740,AFR_09740,"COG0847&nbsp;DNA&nbsp;polymerase&nbsp;III,&nbsp;epsilon&nbsp;subunit&nbsp;and&nbsp;related&nbsp;3'-5'&nbsp;exonucleases",79.7
1246995.AFR_01690,AFR_01690,NADH-quinone&nbsp;oxidoreductase&nbsp;subunit&nbsp;H,79.7
1246995.AFR_22495,AFR_22495,1-phosphofructokinase,79.6
1246995.AFR_25000,AFR_25000,COG0463&nbsp;Glycosyltransferases&nbsp;involved&nbsp;in&nbsp;cell&nbsp;wall&nbsp;biogenesis,79.5
1246995.AFR_02865,AFR_02865,Sugar&nbsp;ABC&nbsp;transporter&nbsp;solute-binding&nbsp;protein,79.4
1246995.AFR_02960,AFR_02960,PTS&nbsp;system&nbsp;mannitol-specific&nbsp;transporter&nbsp;subunit&nbsp;IIC,79.3
1246995.AFR_07935,AFR_07935,Putative&nbsp;glycosyl&nbsp;hydrolase,79.2
1246995.AFR_27785,AFR_27785,COG0160&nbsp;4-aminobutyrate&nbsp;aminotransferase&nbsp;and&nbsp;related&nbsp;aminotransferases,79.1
1246995.AFR_24885,AFR_24885,NAD-dependent&nbsp;epimerase/dehydratase,79.1
1246995.AFR_00720,purQ,Phosphoribosylformylglycinamidine&nbsp;synthase&nbsp;subunit&nbsp;PurQ,79.0
1246995.AFR_17160,AFR_17160,"COG1129&nbsp;ABC-type&nbsp;sugar&nbsp;transport&nbsp;system,&nbsp;ATPase&nbsp;component",79.0
1246995.AFR_14135,AFR_14135,Protein&nbsp;icfG,79.0
1246995.AFR_01210,AFR_01210,RsbT&nbsp;co-antagonist&nbsp;protein&nbsp;rsbRD,78.9
1246995.AFR_03215,AFR_03215,Fructose&nbsp;transport&nbsp;system&nbsp;substrate-binding&nbsp;protein,78.9
1246995.AFR_31165,thrS,Threonine--tRNA&nbsp;ligase,78.9
1246995.AFR_30135,AFR_30135,NADH-ubiquinone&nbsp;oxidoreductase&nbsp;chain&nbsp;4l,78.8
1246995.AFR_18600,AFR_18600,COG1171&nbsp;Threonine&nbsp;dehydratase,78.8
1246995.AFR_17105,AFR_17105,COG3345&nbsp;Alpha-galactosidase,78.7
1246995.AFR_23945,AFR_23945,NmrA&nbsp;family&nbsp;protein,78.7
1246995.AFR_01980,AFR_01980,COG0840&nbsp;Methyl-accepting&nbsp;chemotaxis&nbsp;protein,78.7
1246995.AFR_33105,AFR_33105,COG0840&nbsp;Methyl-accepting&nbsp;chemotaxis&nbsp;protein,78.7
1246995.AFR_02875,AFR_02875,"COG0395&nbsp;ABC-type&nbsp;sugar&nbsp;transport&nbsp;system,&nbsp;permease&nbsp;component",78.7
1246995.AFR_04200,AFR_04200,2-phosphosulfolactate&nbsp;phosphatase,78.7
1246995.AFR_00490,AFR_00490,"COG1071&nbsp;Pyruvate/2-oxoglutarate&nbsp;dehydrogenase&nbsp;complex,&nbsp;dehydrogenase&nbsp;(E1)&nbsp;component,&nbsp;eukaryotic&nbsp;type,&nbsp;alpha&nbsp;subunit",78.6
1246995.AFR_37915,AFR_37915,ABC&nbsp;transporter-like&nbsp;protein,78.6
1246995.AFR_09650,AFR_09650,Phospho-2-dehydro-3-deoxyheptonate&nbsp;aldolase,78.5
1246995.AFR_10290,trpE,Anthranilate&nbsp;synthase&nbsp;component&nbsp;1,78.5
1246995.AFR_39760,AFR_39760,COG3321&nbsp;Polyketide&nbsp;synthase&nbsp;modules&nbsp;and&nbsp;related&nbsp;proteins,78.3
1246995.AFR_08685,AFR_08685,3-oxoacyl-[acyl-carrier-protein]&nbsp;synthase&nbsp;2,78.3
1246995.AFR_32025,AFR_32025,"COG0188&nbsp;Type&nbsp;IIA&nbsp;topoisomerase&nbsp;(DNA&nbsp;gyrase/topo&nbsp;II,&nbsp;topoisomerase&nbsp;IV),&nbsp;A&nbsp;subunit",78.3
1246995.AFR_33185,AFR_33185,Putative&nbsp;glutamate--cysteine&nbsp;ligase&nbsp;2,78.3
1246995.AFR_07845,AFR_07845,Chaperone&nbsp;protein&nbsp;DnaJ,78.2
1246995.AFR_10315,trpA,Tryptophan&nbsp;synthase&nbsp;alpha&nbsp;chain,78.2
1246995.AFR_02270,AFR_02270,Putative&nbsp;glycosyl&nbsp;hydrolase,78.2
1246995.AFR_13075,AFR_13075,"COG1129&nbsp;ABC-type&nbsp;sugar&nbsp;transport&nbsp;system,&nbsp;ATPase&nbsp;component",78.2
1246995.AFR_40350,AFR_40350,Putative&nbsp;two-component&nbsp;system&nbsp;sensor&nbsp;kinase,78.1
1246995.AFR_03990,AFR_03990,Putative&nbsp;two-component&nbsp;system&nbsp;sensor&nbsp;kinase,78.0
1246995.AFR_28620,AFR_28620,COG0642&nbsp;Signal&nbsp;transduction&nbsp;histidine&nbsp;kinase,78.0
1246995.AFR_22900,AFR_22900,Inositol-1-monophosphatase,77.9
1246995.AFR_01205,AFR_01205,COG1366&nbsp;Anti-anti-sigma&nbsp;regulatory&nbsp;factor&nbsp;(antagonist&nbsp;of&nbsp;anti-sigma&nbsp;factor),77.8
1246995.AFR_18685,AFR_18685,Nitrite&nbsp;reductase&nbsp;(NAD(P)H)&nbsp;large&nbsp;subunit,77.8
1246995.AFR_35655,recA,Protein&nbsp;RecA,77.7
1246995.AFR_25430,AFR_25430,Glucose-6-phosphate&nbsp;1-dehydrogenase,77.6
1246995.AFR_18115,AFR_18115,annotation&nbsp;not&nbsp;available,77.6
1246995.AFR_23975,AFR_23975,Binding-protein-dependent&nbsp;transport&nbsp;systems&nbsp;inner&nbsp;membrane&nbsp;component,77.5
1246995.AFR_19755,AFR_19755,Vitamin&nbsp;B12-binding&nbsp;protein,77.5
1246995.AFR_23220,AFR_23220,COG0191&nbsp;Fructose/tagatose&nbsp;bisphosphate&nbsp;aldolase,77.4
1246995.AFR_29760,AFR_29760,NAD-dependent&nbsp;epimerase/dehydratase,77.4
1246995.AFR_40980,AFR_40980,Putative&nbsp;two-component&nbsp;system&nbsp;sensor&nbsp;kinase,77.3
1246995.AFR_20850,AFR_20850,Diguanylate&nbsp;cyclase/phosphodiesterase&nbsp;with&nbsp;PAS/PAC&nbsp;sensor(S),77.3
1246995.AFR_42200,AFR_42200,annotation&nbsp;not&nbsp;available,77.2
1246995.AFR_04145,AFR_04145,Molybdopterin&nbsp;biosynthesis-like&nbsp;protein&nbsp;MoeZ,77.2
1246995.AFR_28370,AFR_28370,COG1366&nbsp;Anti-anti-sigma&nbsp;regulatory&nbsp;factor&nbsp;(antagonist&nbsp;of&nbsp;anti-sigma&nbsp;factor),77.1
1246995.AFR_23215,AFR_23215,GAF&nbsp;sensor&nbsp;hybrid&nbsp;histidine&nbsp;kinase,77.1
1246995.AFR_40180,hemA,Glutamyl-tRNA&nbsp;reductase,77.0
1246995.AFR_01285,AFR_01285,COG0463&nbsp;Glycosyltransferases&nbsp;involved&nbsp;in&nbsp;cell&nbsp;wall&nbsp;biogenesis,77.0
1246995.AFR_10575,tpiA,Triosephosphate&nbsp;isomerase,76.9
1246995.AFR_04445,rplJ,50S&nbsp;ribosomal&nbsp;protein&nbsp;L10,76.9
1246995.AFR_08695,fabH,3-oxoacyl-[acyl-carrier-protein]&nbsp;synthase&nbsp;3,76.7
1246995.AFR_20410,AFR_20410,Catalase,76.7
1246995.AFR_03185,AFR_03185,Acetoin&nbsp;reductase&nbsp;family&nbsp;protein,76.7
1246995.AFR_13190,AFR_13190,Extracellular&nbsp;solute-binding&nbsp;protein,76.6
1246995.AFR_35320,AFR_35320,Inositol-1-monophosphatase,76.6
1246995.AFR_09380,AFR_09380,Putative&nbsp;SirA-like&nbsp;protein,76.5
1246995.AFR_36695,leuC,3-isopropylmalate&nbsp;dehydratase&nbsp;large&nbsp;subunit,76.5
1246995.AFR_01320,hemL,COG0001&nbsp;Glutamate-1-semialdehyde&nbsp;aminotransferase,76.5
1246995.AFR_03345,AFR_03345,COG1609&nbsp;Transcriptional&nbsp;regulators,76.4
1246995.AFR_23380,AFR_23380,Uncharacterized&nbsp;protein,76.4
1246995.AFR_36055,AFR_36055,COG0174&nbsp;Glutamine&nbsp;synthetase,76.4
1246995.AFR_23625,AFR_23625,"COG4779&nbsp;ABC-type&nbsp;enterobactin&nbsp;transport&nbsp;system,&nbsp;permease&nbsp;component",76.4
1246995.AFR_23750,AFR_23750,Acetaldehyde&nbsp;dehydrogenase,76.4
1246995.AFR_21205,AFR_21205,Putative&nbsp;chorismate-binding&nbsp;protein,76.3
1246995.AFR_06325,clpS,ATP-dependent&nbsp;Clp&nbsp;protease&nbsp;adapter&nbsp;protein&nbsp;ClpS,76.2
1246995.AFR_35200,AFR_35200,COG0183&nbsp;Acetyl-CoA&nbsp;acetyltransferase,76.2
1246995.AFR_39630,AFR_39630,COG1087&nbsp;UDP-glucose&nbsp;4-epimerase,76.2
1246995.AFR_27160,AFR_27160,COG2183&nbsp;Transcriptional&nbsp;accessory&nbsp;protein,76.1
1246995.AFR_01660,AFR_01660,NADH-quinone&nbsp;oxidoreductase&nbsp;subunit&nbsp;B,76.1
1246995.AFR_37480,AFR_37480,Threonine&nbsp;synthase,76.1
1246995.AFR_01440,AFR_01440,Uncharacterized&nbsp;protein,76.0
1246995.AFR_22420,AFR_22420,NmrA&nbsp;family&nbsp;protein,75.9
1246995.AFR_02995,AFR_02995,"COG1252&nbsp;NADH&nbsp;dehydrogenase,&nbsp;FAD-containing&nbsp;subunit",75.9
1246995.AFR_17615,AFR_17615,Binding-protein-dependent&nbsp;transport&nbsp;systems&nbsp;inner&nbsp;membrane&nbsp;component,75.9
1246995.AFR_11195,AFR_11195,"COG0395&nbsp;ABC-type&nbsp;sugar&nbsp;transport&nbsp;system,&nbsp;permease&nbsp;component",75.7
1246995.AFR_40300,AFR_40300,Methyl-accepting&nbsp;chemotaxis&nbsp;transducer/sensory&nbsp;box&nbsp;protein,75.7
1246995.AFR_03300,AFR_03300,L-arabinose&nbsp;isomerase,75.7
1246995.AFR_00565,clpB,Chaperone&nbsp;protein&nbsp;ClpB,75.7
1246995.AFR_37995,AFR_37995,Phosphate&nbsp;acetyltransferase,75.5
1246995.AFR_04700,AFR_04700,COG2104&nbsp;Sulfur&nbsp;transfer&nbsp;protein&nbsp;involved&nbsp;in&nbsp;thiamine&nbsp;biosynthesis,75.5
1246995.AFR_10975,AFR_10975,annotation&nbsp;not&nbsp;available,75.5
1246995.AFR_30545,AFR_30545,Ribosomal&nbsp;RNA&nbsp;small&nbsp;subunit&nbsp;methyltransferase&nbsp;B,75.4
1246995.AFR_39755,AFR_39755,COG0236&nbsp;Acyl&nbsp;carrier&nbsp;protein,75.4
1246995.AFR_34915,AFR_34915,Putative&nbsp;ATP-dependent&nbsp;dsDNA&nbsp;exonuclease&nbsp;C&nbsp;subunit,75.4
1246995.AFR_37100,AFR_37100,Glycoside&nbsp;hydrolase&nbsp;family&nbsp;3&nbsp;domain-containing&nbsp;protein,75.4
1246995.AFR_00285,AFR_00285,COG0768&nbsp;Cell&nbsp;division&nbsp;protein&nbsp;FtsI/penicillin-binding&nbsp;protein&nbsp;2,75.3
1246995.AFR_19085,AFR_19085,Glucose-6-phosphate&nbsp;1-dehydrogenase,75.2
1246995.AFR_00110,AFR_00110,Proline--tRNA&nbsp;ligase,75.1
1246995.AFR_40125,AFR_40125,"COG1014&nbsp;Pyruvate:ferredoxin&nbsp;oxidoreductase&nbsp;and&nbsp;related&nbsp;2-oxoacid:ferredoxin&nbsp;oxidoreductases,&nbsp;gamma&nbsp;subunit",75.1
1246995.AFR_30520,AFR_30520,Riboflavin&nbsp;biosynthesis&nbsp;protein&nbsp;RibD,75.1
1246995.AFR_01720,AFR_01720,NADH-quinone&nbsp;oxidoreductase&nbsp;subunit&nbsp;N,75.0
1246995.AFR_02975,AFR_02975,Phosphoenolpyruvate-dependent&nbsp;sugar&nbsp;phosphotransferase&nbsp;system&nbsp;EIIA&nbsp;2,75.0
1246995.AFR_31520,AFR_31520,COG2225&nbsp;Malate&nbsp;synthase,74.9
1246995.AFR_01880,AFR_01880,COG1366&nbsp;Anti-anti-sigma&nbsp;regulatory&nbsp;factor&nbsp;(antagonist&nbsp;of&nbsp;anti-sigma&nbsp;factor),74.8
1246995.AFR_09060,AFR_09060,GCN5-like&nbsp;N-acetyltransferase,74.7
1246995.AFR_39470,AFR_39470,COG1109&nbsp;Phosphomannomutase,74.7
1246995.AFR_11840,AFR_11840,COG0514&nbsp;Superfamily&nbsp;II&nbsp;DNA&nbsp;helicase,74.7
1246995.AFR_01710,AFR_01710,"COG1009&nbsp;NADH:ubiquinone&nbsp;oxidoreductase&nbsp;subunit&nbsp;5&nbsp;(chain&nbsp;L)/Multisubunit&nbsp;Na+/H+&nbsp;antiporter,&nbsp;MnhA&nbsp;subunit",74.6
1246995.AFR_05770,AFR_05770,Putative&nbsp;two-component&nbsp;system&nbsp;sensor&nbsp;kinase,74.5
1246995.AFR_39420,AFR_39420,Flavoprotein&nbsp;disulfide&nbsp;reductase,74.5
1246995.AFR_11410,AFR_11410,ABC&nbsp;transporter-like&nbsp;protein,74.5
1246995.AFR_36690,leuD,3-isopropylmalate&nbsp;dehydratase&nbsp;small&nbsp;subunit,74.4
1246995.AFR_16650,AFR_16650,Periplasmic&nbsp;binding&nbsp;protein,74.4
1246995.AFR_04595,rpmD,COG1841&nbsp;Ribosomal&nbsp;protein&nbsp;L30/L7E,74.4
1246995.AFR_00740,purF,Amidophosphoribosyltransferase,74.3
1246995.AFR_41405,AFR_41405,NADH-quinone&nbsp;oxidoreductase&nbsp;subunit&nbsp;D,74.2
1246995.AFR_20710,AFR_20710,Inosose&nbsp;dehydratase,74.2
1246995.AFR_33500,AFR_33500,Putative&nbsp;LuxR-family&nbsp;transcriptional&nbsp;regulator,74.2
1246995.AFR_24255,AFR_24255,DNA&nbsp;ligase&nbsp;D,74.1
1246995.AFR_12945,AFR_12945,Pyridine&nbsp;nucleotide-disulfide&nbsp;oxidoreductase&nbsp;dimerization&nbsp;subunit,74.0
1246995.AFR_25210,AFR_25210,"COG1249&nbsp;Pyruvate/2-oxoglutarate&nbsp;dehydrogenase&nbsp;complex,&nbsp;dihydrolipoamide&nbsp;dehydrogenase&nbsp;(E3)&nbsp;component,&nbsp;and&nbsp;related&nbsp;enzymes",74.0
1246995.AFR_19015,AFR_19015,annotation&nbsp;not&nbsp;available,74.0
1246995.AFR_37840,AFR_37840,Putative&nbsp;glutamate--cysteine&nbsp;ligase&nbsp;2,73.9
1246995.AFR_00175,AFR_00175,Putative&nbsp;hydroxymethylglutaryl-CoA&nbsp;lyase,73.9
1246995.AFR_22280,AFR_22280,COG0277&nbsp;FAD/FMN-containing&nbsp;dehydrogenases,73.8
1246995.AFR_01615,AFR_01615,Putative&nbsp;SNF2-family&nbsp;helicase,73.7
1246995.AFR_00040,gyrB,DNA&nbsp;gyrase&nbsp;subunit&nbsp;B,73.7
1246995.AFR_35565,AFR_35565,COG1171&nbsp;Threonine&nbsp;dehydratase,73.7
1246995.AFR_31895,AFR_31895,Uncharacterized&nbsp;protein,73.7
1246995.AFR_35225,AFR_35225,Putative&nbsp;two-component&nbsp;system&nbsp;sensor&nbsp;kinase,73.6
1246995.AFR_41545,AFR_41545,COG0634&nbsp;Hypoxanthine-guanine&nbsp;phosphoribosyltransferase,73.6
1246995.AFR_05155,AFR_05155,Polypeptide&nbsp;N-acetylgalactosaminyltransferase&nbsp;10,73.6
1246995.AFR_33225,AFR_33225,Putative&nbsp;thioredoxin&nbsp;reductase,73.6
1246995.AFR_00480,AFR_00480,"COG0508&nbsp;Pyruvate/2-oxoglutarate&nbsp;dehydrogenase&nbsp;complex,&nbsp;dihydrolipoamide&nbsp;acyltransferase&nbsp;(E2)&nbsp;component,&nbsp;and&nbsp;related&nbsp;enzymes",73.5
1246995.AFR_10535,uvrA,UvrABC&nbsp;system&nbsp;protein&nbsp;A,73.4
1246995.AFR_12515,AFR_12515,Putative&nbsp;multi-sensor&nbsp;signal&nbsp;transduction&nbsp;histidine&nbsp;kinase,73.4
1246995.AFR_11460,AFR_11460,Phenazine&nbsp;biosynthesis&nbsp;protein&nbsp;PhzE,73.3
1246995.AFR_18490,AFR_18490,COG1020&nbsp;Non-ribosomal&nbsp;peptide&nbsp;synthetase&nbsp;modules&nbsp;and&nbsp;related&nbsp;proteins,73.3
1246995.AFR_25400,AFR_25400,Binding-protein-dependent&nbsp;transport&nbsp;systems&nbsp;inner&nbsp;membrane&nbsp;component,73.3
1246995.AFR_30865,AFR_30865,"COG0395&nbsp;ABC-type&nbsp;sugar&nbsp;transport&nbsp;system,&nbsp;permease&nbsp;component",73.2
1246995.AFR_19245,AFR_19245,annotation&nbsp;not&nbsp;available,73.2
1246995.AFR_01835,AFR_01835,COG1366&nbsp;Anti-anti-sigma&nbsp;regulatory&nbsp;factor&nbsp;(antagonist&nbsp;of&nbsp;anti-sigma&nbsp;factor),73.1
1246995.AFR_09255,AFR_09255,"COG0508&nbsp;Pyruvate/2-oxoglutarate&nbsp;dehydrogenase&nbsp;complex,&nbsp;dihydrolipoamide&nbsp;acyltransferase&nbsp;(E2)&nbsp;component,&nbsp;and&nbsp;related&nbsp;enzymes",73.1
1246995.AFR_07610,ndk,Nucleoside&nbsp;diphosphate&nbsp;kinase,73.0
1246995.AFR_03740,AFR_03740,Uncharacterized&nbsp;protein,72.9
1246995.AFR_38020,AFR_38020,Putative&nbsp;malate&nbsp;dehydrogenase,72.8
1246995.AFR_31550,AFR_31550,ATP-dependent&nbsp;helicase&nbsp;HrpB,72.8
1246995.AFR_25675,AFR_25675,COG0835&nbsp;Chemotaxis&nbsp;signal&nbsp;transduction&nbsp;protein,72.7
1246995.AFR_41085,AFR_41085,Spermidine/putrescine&nbsp;import&nbsp;ATP-binding&nbsp;protein&nbsp;potA,72.7
1246995.AFR_24175,AFR_24175,Histidine&nbsp;kinase,72.7
1246995.AFR_18435,AFR_18435,COG0665&nbsp;Glycine/D-amino&nbsp;acid&nbsp;oxidases&nbsp;(deaminating),72.6
1246995.AFR_28955,AFR_28955,GAF&nbsp;sensor&nbsp;signal&nbsp;transduction&nbsp;histidine&nbsp;kinase,72.6
1246995.AFR_19345,AFR_19345,Extracellular&nbsp;solute-binding&nbsp;protein&nbsp;family&nbsp;1&nbsp;protein,72.6
1246995.AFR_18665,AFR_18665,Bifunctional&nbsp;uroporphyrinogen-III&nbsp;synthetase/response&nbsp;regulator&nbsp;domain&nbsp;protein,72.4
1246995.AFR_37295,AFR_37295,COG1250&nbsp;3-hydroxyacyl-CoA&nbsp;dehydrogenase,72.4
1246995.AFR_10805,AFR_10805,annotation&nbsp;not&nbsp;available,72.2
1246995.AFR_39225,glpX,"COG1494&nbsp;Fructose-1,6-bisphosphatase/sedoheptulose&nbsp;1,7-bisphosphatase&nbsp;and&nbsp;related&nbsp;proteins",72.2
1246995.AFR_11185,AFR_11185,Putative&nbsp;ABC&nbsp;transporter&nbsp;substrate-binding&nbsp;protein,72.1
1246995.AFR_40695,AFR_40695,COG0115&nbsp;Branched-chain&nbsp;amino&nbsp;acid&nbsp;aminotransferase/4-amino-4-deoxychorismate&nbsp;lyase,72.0
1246995.AFR_40820,AFR_40820,Putative&nbsp;ATP-dependent&nbsp;helicase,72.0
1246995.AFR_09790,AFR_09790,"COG0479&nbsp;Succinate&nbsp;dehydrogenase/fumarate&nbsp;reductase,&nbsp;Fe-S&nbsp;protein&nbsp;subunit",72.0
1246995.AFR_00520,dnaK,Chaperone&nbsp;protein&nbsp;DnaK,71.9
1246995.AFR_03985,AFR_03985,Putative&nbsp;magnesium/manganase-dependent&nbsp;protein&nbsp;phosphatase&nbsp;with&nbsp;response&nbsp;regulator&nbsp;receiver&nbsp;domain,71.8
1246995.AFR_15425,AFR_15425,COG0642&nbsp;Signal&nbsp;transduction&nbsp;histidine&nbsp;kinase,71.8
1246995.AFR_09935,leuS,Leucine--tRNA&nbsp;ligase,71.6
1246995.AFR_21105,AFR_21105,UvrABC&nbsp;system&nbsp;protein&nbsp;A,71.6
1246995.AFR_27460,glpK2,Glycerol&nbsp;kinase,71.6
1246995.AFR_25845,AFR_25845,Uncharacterized&nbsp;protein,71.5
1246995.AFR_40605,AFR_40605,COG0642&nbsp;Signal&nbsp;transduction&nbsp;histidine&nbsp;kinase,71.4
1246995.AFR_10930,AFR_10930,Aconitate&nbsp;hydratase,71.1
1246995.AFR_12105,AFR_12105,annotation&nbsp;not&nbsp;available,71.1
1246995.AFR_09690,AFR_09690,COG0515&nbsp;Serine/threonine&nbsp;protein&nbsp;kinase,71.1
1246995.AFR_39825,metG,Methionine--tRNA&nbsp;ligase,71.0
1246995.AFR_21670,AFR_21670,Family&nbsp;1&nbsp;extracellular&nbsp;solute-binding&nbsp;protein,70.9
1246995.AFR_01400,AFR_01400,3-octaprenyl-4-hydroxybenzoate&nbsp;carboxy-lyase,70.9
1246995.AFR_04580,rplF,50S&nbsp;ribosomal&nbsp;protein&nbsp;L6,70.8
1246995.AFR_01225,AFR_01225,Putative&nbsp;magnesium/manganese-dependent&nbsp;protein&nbsp;phosphatase,70.8
1246995.AFR_11235,AFR_11235,COG0749&nbsp;DNA&nbsp;polymerase&nbsp;I&nbsp;-&nbsp;3'-5'&nbsp;exonuclease&nbsp;and&nbsp;polymerase&nbsp;domains,70.6
1246995.AFR_24850,AFR_24850,Uncharacterized&nbsp;protein,70.5
1246995.AFR_37020,AFR_37020,Putative&nbsp;aminotransferase,70.4
1246995.AFR_11275,AFR_11275,COG0498&nbsp;Threonine&nbsp;synthase,70.3
1246995.AFR_36895,AFR_36895,Acetolactate&nbsp;synthase,70.2
1246995.AFR_11190,AFR_11190,ABC&nbsp;transporter&nbsp;permease,70.2
1246995.AFR_28950,AFR_28950,Putative&nbsp;GAF-sensor&nbsp;signal&nbsp;transduction&nbsp;histidine&nbsp;kinase,70.1
