883080.HMPREF9697_01977,EKS29449.1,annotation&nbsp;not&nbsp;available,98.9
883080.HMPREF9697_00608,pyrG,CTP&nbsp;synthase,98.9
883080.HMPREF9697_02761,EKS30233.1,annotation&nbsp;not&nbsp;available,98.9
883080.HMPREF9697_00753,EKS28225.1,annotation&nbsp;not&nbsp;available,98.8
883080.HMPREF9697_00893,EKS28365.1,annotation&nbsp;not&nbsp;available,98.8
883080.HMPREF9697_03255,fmt,Methionyl-tRNA&nbsp;formyltransferase,98.8
883080.HMPREF9697_01508,EKS28980.1,L-aspartate&nbsp;oxidase,98.8
883080.HMPREF9697_00497,EKS27969.1,Riboflavin&nbsp;biosynthesis&nbsp;protein&nbsp;RibD,98.8
883080.HMPREF9697_03804,EKS31276.1,Carbonic&nbsp;anhydrase,98.8
883080.HMPREF9697_02464,nadD,Probable&nbsp;nicotinate-nucleotide&nbsp;adenylyltransferase,98.8
883080.HMPREF9697_00372,lipB,Octanoyltransferase,98.7
883080.HMPREF9697_02517,EKS29989.1,S-formylglutathione&nbsp;hydrolase,98.7
883080.HMPREF9697_01542,EKS29014.1,annotation&nbsp;not&nbsp;available,98.7
883080.HMPREF9697_02265,EKS29737.1,annotation&nbsp;not&nbsp;available,98.7
883080.HMPREF9697_00301,rpsC,30S&nbsp;ribosomal&nbsp;protein&nbsp;S3,98.6
883080.HMPREF9697_02588,nusA,Transcription&nbsp;termination/antitermination&nbsp;protein&nbsp;NusA,98.6
883080.HMPREF9697_00223,EKS27695.1,annotation&nbsp;not&nbsp;available,98.5
883080.HMPREF9697_01967,EKS29439.1,annotation&nbsp;not&nbsp;available,98.5
883080.HMPREF9697_01455,EKS28927.1,annotation&nbsp;not&nbsp;available,98.4
883080.HMPREF9697_00971,EKS28443.1,annotation&nbsp;not&nbsp;available,98.4
883080.HMPREF9697_02986,EKS30458.1,annotation&nbsp;not&nbsp;available,98.4
883080.HMPREF9697_02191,EKS29663.1,annotation&nbsp;not&nbsp;available,98.3
883080.HMPREF9697_02319,ctaG,Cytochrome&nbsp;c&nbsp;oxidase&nbsp;assembly&nbsp;protein&nbsp;CtaG,98.1
883080.HMPREF9697_00316,adk,Adenylate&nbsp;kinase,98.0
883080.HMPREF9697_01615,EKS29087.1,annotation&nbsp;not&nbsp;available,98.0
883080.HMPREF9697_03350,EKS30822.1,annotation&nbsp;not&nbsp;available,97.9
883080.HMPREF9697_02617,EKS30089.1,annotation&nbsp;not&nbsp;available,97.9
883080.HMPREF9697_01187,EKS28659.1,annotation&nbsp;not&nbsp;available,97.9
883080.HMPREF9697_02140,EKS29612.1,annotation&nbsp;not&nbsp;available,97.9
883080.HMPREF9697_03908,EKS31380.1,annotation&nbsp;not&nbsp;available,97.7
883080.HMPREF9697_03935,EKS26819.1,annotation&nbsp;not&nbsp;available,97.7
883080.HMPREF9697_00344,EKS27816.1,annotation&nbsp;not&nbsp;available,97.7
883080.HMPREF9697_01383,EKS28855.1,annotation&nbsp;not&nbsp;available,97.7
883080.HMPREF9697_01086,EKS28558.1,annotation&nbsp;not&nbsp;available,97.7
883080.HMPREF9697_00633,EKS28105.1,annotation&nbsp;not&nbsp;available,97.6
883080.HMPREF9697_00724,EKS28196.1,annotation&nbsp;not&nbsp;available,97.6
883080.HMPREF9697_02753,EKS30225.1,annotation&nbsp;not&nbsp;available,97.5
883080.HMPREF9697_02668,EKS30140.1,annotation&nbsp;not&nbsp;available,97.5
883080.HMPREF9697_01556,EKS29028.1,annotation&nbsp;not&nbsp;available,97.4
883080.HMPREF9697_03299,EKS30771.1,annotation&nbsp;not&nbsp;available,97.4
883080.HMPREF9697_03099,EKS30571.1,annotation&nbsp;not&nbsp;available,97.4
883080.HMPREF9697_00459,kdpA,Potassium-transporting&nbsp;ATPase&nbsp;potassium-binding&nbsp;subunit,97.4
883080.HMPREF9697_02667,EKS30139.1,annotation&nbsp;not&nbsp;available,97.4
883080.HMPREF9697_03100,EKS30572.1,annotation&nbsp;not&nbsp;available,97.3
883080.HMPREF9697_03458,EKS30930.1,annotation&nbsp;not&nbsp;available,97.3
883080.HMPREF9697_01053,EKS28525.1,annotation&nbsp;not&nbsp;available,97.2
883080.HMPREF9697_02610,dut,Deoxyuridine&nbsp;5'-triphosphate&nbsp;nucleotidohydrolase,97.2
883080.HMPREF9697_03640,EKS31112.1,annotation&nbsp;not&nbsp;available,97.2
883080.HMPREF9697_02501,EKS29973.1,Cytochrome&nbsp;c&nbsp;biogenesis&nbsp;ATP-binding&nbsp;export&nbsp;protein&nbsp;CcmA,97.2
883080.HMPREF9697_01026,ppk,Polyphosphate&nbsp;kinase,97.1
883080.HMPREF9697_02831,acsA,Acetyl-coenzyme&nbsp;A&nbsp;synthetase,97.1
883080.HMPREF9697_00183,EKS27655.1,annotation&nbsp;not&nbsp;available,96.9
883080.HMPREF9697_01899,EKS29371.1,annotation&nbsp;not&nbsp;available,96.8
883080.HMPREF9697_00706,EKS28178.1,annotation&nbsp;not&nbsp;available,96.8
883080.HMPREF9697_01200,EKS28672.1,annotation&nbsp;not&nbsp;available,96.8
883080.HMPREF9697_02086,EKS29558.1,annotation&nbsp;not&nbsp;available,96.8
883080.HMPREF9697_00549,nuoB,NADH-quinone&nbsp;oxidoreductase&nbsp;subunit&nbsp;B,96.8
883080.HMPREF9697_03906,EKS31378.1,annotation&nbsp;not&nbsp;available,96.7
883080.HMPREF9697_03378,EKS30850.1,annotation&nbsp;not&nbsp;available,96.7
883080.HMPREF9697_00244,EKS27716.1,annotation&nbsp;not&nbsp;available,96.7
883080.HMPREF9697_03605,EKS31077.1,annotation&nbsp;not&nbsp;available,96.7
883080.HMPREF9697_00057,EKS27529.1,annotation&nbsp;not&nbsp;available,96.7
883080.HMPREF9697_00810,EKS28282.1,annotation&nbsp;not&nbsp;available,96.7
883080.HMPREF9697_00239,EKS27711.1,annotation&nbsp;not&nbsp;available,96.7
883080.HMPREF9697_02273,EKS29745.1,annotation&nbsp;not&nbsp;available,96.6
883080.HMPREF9697_03095,EKS30567.1,annotation&nbsp;not&nbsp;available,96.5
883080.HMPREF9697_02311,EKS29783.1,ATP&nbsp;synthase&nbsp;subunit&nbsp;b,96.5
883080.HMPREF9697_03316,infA,Translation&nbsp;initiation&nbsp;factor&nbsp;IF-1,96.5
883080.HMPREF9697_00969,EKS28441.1,annotation&nbsp;not&nbsp;available,96.4
883080.HMPREF9697_03069,EKS30541.1,annotation&nbsp;not&nbsp;available,96.4
883080.HMPREF9697_02759,EKS30231.1,annotation&nbsp;not&nbsp;available,96.3
883080.HMPREF9697_03295,EKS30767.1,annotation&nbsp;not&nbsp;available,96.3
883080.HMPREF9697_01862,EKS29334.1,annotation&nbsp;not&nbsp;available,96.3
883080.HMPREF9697_00313,rpmD,annotation&nbsp;not&nbsp;available,96.2
883080.HMPREF9697_03227,EKS30699.1,annotation&nbsp;not&nbsp;available,96.2
883080.HMPREF9697_02310,EKS29782.1,ATP&nbsp;synthase&nbsp;subunit&nbsp;b,96.1
883080.HMPREF9697_01445,EKS28917.1,annotation&nbsp;not&nbsp;available,96.0
883080.HMPREF9697_03726,EKS31198.1,annotation&nbsp;not&nbsp;available,96.0
883080.HMPREF9697_02085,EKS29557.1,annotation&nbsp;not&nbsp;available,96.0
883080.HMPREF9697_00654,secF,Protein-export&nbsp;membrane&nbsp;protein&nbsp;SecF,96.0
883080.HMPREF9697_02079,EKS29551.1,annotation&nbsp;not&nbsp;available,96.0
883080.HMPREF9697_03318,EKS30790.1,annotation&nbsp;not&nbsp;available,95.9
883080.HMPREF9697_01634,EKS29106.1,annotation&nbsp;not&nbsp;available,95.9
883080.HMPREF9697_00729,EKS28201.1,annotation&nbsp;not&nbsp;available,95.9
883080.HMPREF9697_00573,EKS28045.1,annotation&nbsp;not&nbsp;available,95.8
883080.HMPREF9697_02457,EKS29929.1,annotation&nbsp;not&nbsp;available,95.8
883080.HMPREF9697_00305,rplN,50S&nbsp;ribosomal&nbsp;protein&nbsp;L14,95.7
883080.HMPREF9697_03869,ftsZ,Cell&nbsp;division&nbsp;protein&nbsp;FtsZ,95.7
883080.HMPREF9697_02745,EKS30217.1,annotation&nbsp;not&nbsp;available,95.7
883080.HMPREF9697_01662,EKS29134.1,annotation&nbsp;not&nbsp;available,95.7
883080.HMPREF9697_01947,EKS29419.1,annotation&nbsp;not&nbsp;available,95.6
883080.HMPREF9697_02576,EKS30048.1,annotation&nbsp;not&nbsp;available,95.6
883080.HMPREF9697_02092,EKS29564.1,4-hydroxy-3-methylbut-2-enyl&nbsp;diphosphate&nbsp;reductase,95.6
883080.HMPREF9697_00980,EKS28452.1,annotation&nbsp;not&nbsp;available,95.5
883080.HMPREF9697_00557,nuoI,NADH-quinone&nbsp;oxidoreductase&nbsp;subunit&nbsp;I,95.5
883080.HMPREF9697_03798,EKS31270.1,Cbb3-type&nbsp;cytochrome&nbsp;c&nbsp;oxidase&nbsp;subunit,95.4
883080.HMPREF9697_01565,EKS29037.1,annotation&nbsp;not&nbsp;available,95.2
883080.HMPREF9697_03297,EKS30769.1,annotation&nbsp;not&nbsp;available,95.2
883080.HMPREF9697_01865,EKS29337.1,annotation&nbsp;not&nbsp;available,95.2
883080.HMPREF9697_01642,EKS29114.1,annotation&nbsp;not&nbsp;available,95.1
883080.HMPREF9697_01176,EKS28648.1,annotation&nbsp;not&nbsp;available,95.1
883080.HMPREF9697_03334,EKS30806.1,Phosophoadenylyl-sulfate&nbsp;reductase,95.1
883080.HMPREF9697_00502,hppA,K(+)-insensitive&nbsp;pyrophosphate-energized&nbsp;proton&nbsp;pump,95.1
883080.HMPREF9697_01354,EKS28826.1,Succinate--CoA&nbsp;ligase&nbsp;[ADP-forming]&nbsp;subunit&nbsp;alpha,95.1
883080.HMPREF9697_02361,EKS29833.1,annotation&nbsp;not&nbsp;available,95.1
883080.HMPREF9697_01986,uvrC,UvrABC&nbsp;system&nbsp;protein&nbsp;C,95.0
883080.HMPREF9697_03913,EKS31385.1,annotation&nbsp;not&nbsp;available,95.0
883080.HMPREF9697_03545,EKS31017.1,annotation&nbsp;not&nbsp;available,94.9
883080.HMPREF9697_03288,glpK,Glycerol&nbsp;kinase,94.8
883080.HMPREF9697_00646,surE,5'-nucleotidase&nbsp;SurE,94.8
883080.HMPREF9697_01323,EKS28795.1,annotation&nbsp;not&nbsp;available,94.8
883080.HMPREF9697_00319,rpoA,DNA-directed&nbsp;RNA&nbsp;polymerase&nbsp;subunit&nbsp;alpha,94.8
883080.HMPREF9697_00296,rplD,50S&nbsp;ribosomal&nbsp;protein&nbsp;L4,94.8
883080.HMPREF9697_03787,EKS31259.1,annotation&nbsp;not&nbsp;available,94.7
883080.HMPREF9697_02925,EKS30397.1,annotation&nbsp;not&nbsp;available,94.7
883080.HMPREF9697_00011,EKS27483.1,annotation&nbsp;not&nbsp;available,94.7
883080.HMPREF9697_01461,EKS28933.1,annotation&nbsp;not&nbsp;available,94.7
883080.HMPREF9697_02123,EKS29595.1,annotation&nbsp;not&nbsp;available,94.6
883080.HMPREF9697_01597,EKS29069.1,annotation&nbsp;not&nbsp;available,94.6
883080.HMPREF9697_01558,EKS29030.1,Ubiquinol-cytochrome&nbsp;c&nbsp;reductase&nbsp;iron-sulfur&nbsp;subunit,94.6
883080.HMPREF9697_02559,rpsT,30S&nbsp;ribosomal&nbsp;protein&nbsp;S20,94.6
883080.HMPREF9697_00312,rpsE,30S&nbsp;ribosomal&nbsp;protein&nbsp;S5,94.6
883080.HMPREF9697_03146,EKS30618.1,annotation&nbsp;not&nbsp;available,94.6
883080.HMPREF9697_00458,kdpB,Potassium-transporting&nbsp;ATPase&nbsp;ATP-binding&nbsp;subunit,94.5
883080.HMPREF9697_00480,recO,DNA&nbsp;repair&nbsp;protein&nbsp;RecO,94.5
883080.HMPREF9697_02529,EKS30001.1,annotation&nbsp;not&nbsp;available,94.5
883080.HMPREF9697_01526,EKS28998.1,annotation&nbsp;not&nbsp;available,94.5
883080.HMPREF9697_03183,EKS30655.1,annotation&nbsp;not&nbsp;available,94.5
883080.HMPREF9697_01492,EKS28964.1,annotation&nbsp;not&nbsp;available,94.5
883080.HMPREF9697_02697,pyrF,Orotidine&nbsp;5'-phosphate&nbsp;decarboxylase,94.4
883080.HMPREF9697_03621,EKS31093.1,annotation&nbsp;not&nbsp;available,94.4
883080.HMPREF9697_00278,rplA,50S&nbsp;ribosomal&nbsp;protein&nbsp;L1,94.4
883080.HMPREF9697_00613,EKS28085.1,annotation&nbsp;not&nbsp;available,94.4
883080.HMPREF9697_00629,EKS28101.1,annotation&nbsp;not&nbsp;available,94.3
883080.HMPREF9697_01846,EKS29318.1,annotation&nbsp;not&nbsp;available,94.3
883080.HMPREF9697_00315,secY,Protein&nbsp;translocase&nbsp;subunit&nbsp;SecY,94.3
883080.HMPREF9697_01521,EKS28993.1,annotation&nbsp;not&nbsp;available,94.3
883080.HMPREF9697_01891,EKS29363.1,annotation&nbsp;not&nbsp;available,94.3
883080.HMPREF9697_01164,EKS28636.1,annotation&nbsp;not&nbsp;available,94.2
883080.HMPREF9697_00670,gyrA,DNA&nbsp;gyrase&nbsp;subunit&nbsp;A,94.2
883080.HMPREF9697_03195,EKS30667.1,annotation&nbsp;not&nbsp;available,94.2
883080.HMPREF9697_02182,EKS29654.1,annotation&nbsp;not&nbsp;available,94.2
883080.HMPREF9697_01210,EKS28682.1,annotation&nbsp;not&nbsp;available,94.1
883080.HMPREF9697_01034,ndk,Nucleoside&nbsp;diphosphate&nbsp;kinase,94.1
883080.HMPREF9697_03622,EKS31094.1,annotation&nbsp;not&nbsp;available,94.1
883080.HMPREF9697_01966,ctc,50S&nbsp;ribosomal&nbsp;protein&nbsp;L25,93.9
883080.HMPREF9697_03522,EKS30994.1,annotation&nbsp;not&nbsp;available,93.9
883080.HMPREF9697_02321,ctaB,Protoheme&nbsp;IX&nbsp;farnesyltransferase,93.8
883080.HMPREF9697_03470,EKS30942.1,annotation&nbsp;not&nbsp;available,93.7
883080.HMPREF9697_00036,hldD,ADP-L-glycero-D-manno-heptose-6-epimerase,93.7
883080.HMPREF9697_03435,EKS30907.1,annotation&nbsp;not&nbsp;available,93.7
883080.HMPREF9697_00298,rplB,50S&nbsp;ribosomal&nbsp;protein&nbsp;L2,93.6
883080.HMPREF9697_03258,dapE,Succinyl-diaminopimelate&nbsp;desuccinylase,93.6
883080.HMPREF9697_00562,nuoN,NADH-quinone&nbsp;oxidoreductase&nbsp;subunit&nbsp;N,93.6
883080.HMPREF9697_02189,EKS29661.1,annotation&nbsp;not&nbsp;available,93.6
883080.HMPREF9697_00273,EKS27745.1,annotation&nbsp;not&nbsp;available,93.6
883080.HMPREF9697_01707,EKS29179.1,annotation&nbsp;not&nbsp;available,93.6
883080.HMPREF9697_02075,EKS29547.1,annotation&nbsp;not&nbsp;available,93.5
883080.HMPREF9697_00540,lon,Lon&nbsp;protease,93.5
883080.HMPREF9697_00740,EKS28212.1,annotation&nbsp;not&nbsp;available,93.5
883080.HMPREF9697_00624,EKS28096.1,annotation&nbsp;not&nbsp;available,93.5
883080.HMPREF9697_00287,EKS27759.1,annotation&nbsp;not&nbsp;available,93.5
883080.HMPREF9697_01851,EKS29323.1,Ferredoxin,93.4
883080.HMPREF9697_03712,EKS31184.1,annotation&nbsp;not&nbsp;available,93.3
883080.HMPREF9697_00732,EKS28204.1,annotation&nbsp;not&nbsp;available,93.3
883080.HMPREF9697_03777,EKS31249.1,annotation&nbsp;not&nbsp;available,93.3
883080.HMPREF9697_00314,rplO,50S&nbsp;ribosomal&nbsp;protein&nbsp;L15,93.3
883080.HMPREF9697_00702,EKS28174.1,annotation&nbsp;not&nbsp;available,93.2
883080.HMPREF9697_02548,EKS30020.1,annotation&nbsp;not&nbsp;available,93.2
883080.HMPREF9697_02530,EKS30002.1,Transketolase,93.2
883080.HMPREF9697_03550,EKS31022.1,annotation&nbsp;not&nbsp;available,93.1
883080.HMPREF9697_02170,EKS29642.1,annotation&nbsp;not&nbsp;available,93.1
883080.HMPREF9697_02987,EKS30459.1,annotation&nbsp;not&nbsp;available,93.0
883080.HMPREF9697_02090,rnhA,Ribonuclease&nbsp;H,93.0
883080.HMPREF9697_03151,EKS30623.1,annotation&nbsp;not&nbsp;available,93.0
883080.HMPREF9697_01680,EKS29152.1,annotation&nbsp;not&nbsp;available,93.0
883080.HMPREF9697_00409,rpmG,annotation&nbsp;not&nbsp;available,93.0
883080.HMPREF9697_03331,EKS30803.1,annotation&nbsp;not&nbsp;available,92.9
883080.HMPREF9697_03261,argB,Acetylglutamate&nbsp;kinase,92.9
883080.HMPREF9697_02072,EKS29544.1,annotation&nbsp;not&nbsp;available,92.8
883080.HMPREF9697_01768,EKS29240.1,Chemotaxis&nbsp;protein&nbsp;methyltransferase,92.7
883080.HMPREF9697_01345,bioD,ATP-dependent&nbsp;dethiobiotin&nbsp;synthetase&nbsp;BioD,92.6
883080.HMPREF9697_00964,EKS28436.1,annotation&nbsp;not&nbsp;available,92.6
883080.HMPREF9697_02367,EKS29839.1,annotation&nbsp;not&nbsp;available,92.6
883080.HMPREF9697_01737,EKS29209.1,annotation&nbsp;not&nbsp;available,92.5
883080.HMPREF9697_03057,EKS30529.1,annotation&nbsp;not&nbsp;available,92.4
883080.HMPREF9697_00107,EKS27579.1,Fumarate&nbsp;hydratase&nbsp;class&nbsp;I,92.4
883080.HMPREF9697_00297,rplW,50S&nbsp;ribosomal&nbsp;protein&nbsp;L23,92.4
883080.HMPREF9697_01523,EKS28995.1,annotation&nbsp;not&nbsp;available,92.3
883080.HMPREF9697_01393,EKS28865.1,annotation&nbsp;not&nbsp;available,92.3
883080.HMPREF9697_01633,EKS29105.1,annotation&nbsp;not&nbsp;available,92.2
883080.HMPREF9697_00185,EKS27657.1,annotation&nbsp;not&nbsp;available,92.2
883080.HMPREF9697_00476,rnc,Ribonuclease&nbsp;3,92.2
883080.HMPREF9697_00310,rplF,50S&nbsp;ribosomal&nbsp;protein&nbsp;L6,92.1
883080.HMPREF9697_00242,EKS27714.1,annotation&nbsp;not&nbsp;available,92.1
883080.HMPREF9697_03175,EKS30647.1,annotation&nbsp;not&nbsp;available,92.1
883080.HMPREF9697_03243,EKS30715.1,annotation&nbsp;not&nbsp;available,92.0
883080.HMPREF9697_02352,EKS29824.1,Ornithine&nbsp;carbamoyltransferase,92.0
883080.HMPREF9697_02893,EKS30365.1,Carbonic&nbsp;anhydrase,92.0
883080.HMPREF9697_00058,EKS27530.1,annotation&nbsp;not&nbsp;available,92.0
883080.HMPREF9697_02696,dapB,4-hydroxy-tetrahydrodipicolinate&nbsp;reductase,91.9
883080.HMPREF9697_03672,EKS31144.1,annotation&nbsp;not&nbsp;available,91.9
883080.HMPREF9697_02527,EKS29999.1,annotation&nbsp;not&nbsp;available,91.9
883080.HMPREF9697_00811,EKS28283.1,annotation&nbsp;not&nbsp;available,91.9
883080.HMPREF9697_00967,EKS28439.1,Cysteine&nbsp;desulfurase,91.9
883080.HMPREF9697_01625,EKS29097.1,annotation&nbsp;not&nbsp;available,91.8
883080.HMPREF9697_00132,EKS27604.1,annotation&nbsp;not&nbsp;available,91.8
883080.HMPREF9697_00474,acpS,Holo-[acyl-carrier-protein]&nbsp;synthase,91.8
883080.HMPREF9697_01515,glyQ,annotation&nbsp;not&nbsp;available,91.8
883080.HMPREF9697_03216,EKS30688.1,annotation&nbsp;not&nbsp;available,91.8
883080.HMPREF9697_03212,EKS30684.1,annotation&nbsp;not&nbsp;available,91.7
883080.HMPREF9697_03809,ureA,annotation&nbsp;not&nbsp;available,91.7
883080.HMPREF9697_00582,pyrH,Uridylate&nbsp;kinase,91.7
883080.HMPREF9697_03527,EKS30999.1,annotation&nbsp;not&nbsp;available,91.7
883080.HMPREF9697_00093,EKS27565.1,Flagellar&nbsp;basal&nbsp;body&nbsp;rod&nbsp;protein&nbsp;FlgB,91.5
883080.HMPREF9697_03763,EKS31235.1,annotation&nbsp;not&nbsp;available,91.5
883080.HMPREF9697_02614,EKS30086.1,annotation&nbsp;not&nbsp;available,91.5
883080.HMPREF9697_00871,EKS28343.1,annotation&nbsp;not&nbsp;available,91.4
883080.HMPREF9697_03666,potA,Spermidine/putrescine&nbsp;import&nbsp;ATP-binding&nbsp;protein&nbsp;PotA,91.4
883080.HMPREF9697_03758,EKS31230.1,annotation&nbsp;not&nbsp;available,91.4
883080.HMPREF9697_01046,EKS28518.1,annotation&nbsp;not&nbsp;available,91.4
883080.HMPREF9697_02635,hpf,Ribosome&nbsp;hibernation&nbsp;promoting&nbsp;factor,91.3
883080.HMPREF9697_03043,EKS30515.1,annotation&nbsp;not&nbsp;available,91.3
883080.HMPREF9697_03131,EKS30603.1,annotation&nbsp;not&nbsp;available,91.3
883080.HMPREF9697_01658,EKS29130.1,annotation&nbsp;not&nbsp;available,91.3
883080.HMPREF9697_03664,EKS31136.1,annotation&nbsp;not&nbsp;available,91.2
883080.HMPREF9697_03668,EKS31140.1,annotation&nbsp;not&nbsp;available,91.2
883080.HMPREF9697_02322,EKS29794.1,Cytochrome&nbsp;c&nbsp;oxidase&nbsp;subunit&nbsp;1,91.2
883080.HMPREF9697_03426,EKS30898.1,annotation&nbsp;not&nbsp;available,91.2
883080.HMPREF9697_03148,prfA,Peptide&nbsp;chain&nbsp;release&nbsp;factor&nbsp;1,91.1
883080.HMPREF9697_01964,ychF,Ribosome-binding&nbsp;ATPase&nbsp;YchF,91.1
883080.HMPREF9697_03214,EKS30686.1,Molybdate-transporting&nbsp;ATPase,91.0
883080.HMPREF9697_02057,EKS29529.1,annotation&nbsp;not&nbsp;available,91.0
883080.HMPREF9697_01514,glyS,annotation&nbsp;not&nbsp;available,90.9
883080.HMPREF9697_02565,EKS30037.1,annotation&nbsp;not&nbsp;available,90.9
883080.HMPREF9697_01498,EKS28970.1,annotation&nbsp;not&nbsp;available,90.9
883080.HMPREF9697_03554,EKS31026.1,annotation&nbsp;not&nbsp;available,90.9
883080.HMPREF9697_01939,EKS29411.1,annotation&nbsp;not&nbsp;available,90.9
883080.HMPREF9697_03387,hisC,annotation&nbsp;not&nbsp;available,90.8
883080.HMPREF9697_03520,EKS30992.1,annotation&nbsp;not&nbsp;available,90.8
883080.HMPREF9697_02346,metZ,O-succinylhomoserine&nbsp;sulfhydrylase,90.7
883080.HMPREF9697_01684,EKS29156.1,annotation&nbsp;not&nbsp;available,90.6
883080.HMPREF9697_03737,EKS31209.1,annotation&nbsp;not&nbsp;available,90.6
883080.HMPREF9697_01769,cheB,Chemotaxis&nbsp;response&nbsp;regulator&nbsp;protein-glutamate&nbsp;methylesterase,90.6
883080.HMPREF9697_03614,EKS31086.1,annotation&nbsp;not&nbsp;available,90.6
883080.HMPREF9697_02633,EKS30105.1,annotation&nbsp;not&nbsp;available,90.6
883080.HMPREF9697_02700,dnaJ,Chaperone&nbsp;protein&nbsp;DnaJ,90.6
883080.HMPREF9697_01629,EKS29101.1,annotation&nbsp;not&nbsp;available,90.6
883080.HMPREF9697_01430,EKS28902.1,annotation&nbsp;not&nbsp;available,90.5
883080.HMPREF9697_01056,rpsR,30S&nbsp;ribosomal&nbsp;protein&nbsp;S18,90.5
883080.HMPREF9697_01631,EKS29103.1,annotation&nbsp;not&nbsp;available,90.5
883080.HMPREF9697_02705,rph,Ribonuclease&nbsp;PH,90.5
883080.HMPREF9697_00886,EKS28358.1,annotation&nbsp;not&nbsp;available,90.4
883080.HMPREF9697_03007,EKS30479.1,annotation&nbsp;not&nbsp;available,90.4
883080.HMPREF9697_03302,EKS30774.1,annotation&nbsp;not&nbsp;available,90.4
883080.HMPREF9697_02245,EKS29717.1,annotation&nbsp;not&nbsp;available,90.4
883080.HMPREF9697_03129,EKS30601.1,annotation&nbsp;not&nbsp;available,90.3
883080.HMPREF9697_02203,EKS29675.1,annotation&nbsp;not&nbsp;available,90.3
883080.HMPREF9697_03699,carA,annotation&nbsp;not&nbsp;available,90.2
883080.HMPREF9697_01145,EKS28617.1,annotation&nbsp;not&nbsp;available,90.2
883080.HMPREF9697_03911,EKS31383.1,annotation&nbsp;not&nbsp;available,90.2
883080.HMPREF9697_02546,EKS30018.1,dTDP-4-dehydrorhamnose&nbsp;reductase,90.2
883080.HMPREF9697_00737,EKS28209.1,annotation&nbsp;not&nbsp;available,90.2
883080.HMPREF9697_03914,leuA,2-isopropylmalate&nbsp;synthase,90.2
883080.HMPREF9697_00790,EKS28262.1,annotation&nbsp;not&nbsp;available,90.1
883080.HMPREF9697_03842,EKS31314.1,annotation&nbsp;not&nbsp;available,90.1
883080.HMPREF9697_01484,EKS28956.1,"3,4-dihydroxy-2-butanone&nbsp;4-phosphate&nbsp;synthase",90.1
883080.HMPREF9697_00727,EKS28199.1,annotation&nbsp;not&nbsp;available,89.9
883080.HMPREF9697_00196,EKS27668.1,annotation&nbsp;not&nbsp;available,89.8
883080.HMPREF9697_01853,EKS29325.1,annotation&nbsp;not&nbsp;available,89.8
883080.HMPREF9697_01451,EKS28923.1,annotation&nbsp;not&nbsp;available,89.8
883080.HMPREF9697_00293,tuf,Elongation&nbsp;factor&nbsp;Tu,89.8
883080.HMPREF9697_02513,EKS29985.1,annotation&nbsp;not&nbsp;available,89.8
883080.HMPREF9697_02899,leuC,3-isopropylmalate&nbsp;dehydratase&nbsp;large&nbsp;subunit,89.8
883080.HMPREF9697_01442,EKS28914.1,annotation&nbsp;not&nbsp;available,89.7
883080.HMPREF9697_03359,EKS30831.1,annotation&nbsp;not&nbsp;available,89.7
883080.HMPREF9697_02111,EKS29583.1,annotation&nbsp;not&nbsp;available,89.7
883080.HMPREF9697_02006,EKS29478.1,annotation&nbsp;not&nbsp;available,89.6
883080.HMPREF9697_03760,EKS31232.1,annotation&nbsp;not&nbsp;available,89.6
883080.HMPREF9697_00447,EKS27919.1,annotation&nbsp;not&nbsp;available,89.6
883080.HMPREF9697_01173,sucC,Succinate--CoA&nbsp;ligase&nbsp;[ADP-forming]&nbsp;subunit&nbsp;beta,89.6
883080.HMPREF9697_03075,EKS30547.1,2-dehydropantoate&nbsp;2-reductase,89.5
883080.HMPREF9697_01001,EKS28473.1,annotation&nbsp;not&nbsp;available,89.3
883080.HMPREF9697_00001,EKS27473.1,annotation&nbsp;not&nbsp;available,89.3
883080.HMPREF9697_01425,EKS28897.1,annotation&nbsp;not&nbsp;available,89.3
883080.HMPREF9697_02547,EKS30019.1,Glucose-1-phosphate&nbsp;thymidylyltransferase,89.3
883080.HMPREF9697_03025,EKS30497.1,annotation&nbsp;not&nbsp;available,89.3
883080.HMPREF9697_02301,EKS29773.1,annotation&nbsp;not&nbsp;available,89.2
883080.HMPREF9697_00779,EKS28251.1,annotation&nbsp;not&nbsp;available,89.2
883080.HMPREF9697_02674,EKS30146.1,annotation&nbsp;not&nbsp;available,89.2
883080.HMPREF9697_03133,rpmF,annotation&nbsp;not&nbsp;available,89.1
883080.HMPREF9697_00282,rplL,50S&nbsp;ribosomal&nbsp;protein&nbsp;L7/L12,89.1
883080.HMPREF9697_03492,EKS30964.1,Cytochrome&nbsp;c&nbsp;oxidase&nbsp;subunit&nbsp;1,89.0
883080.HMPREF9697_00408,pncB,Nicotinate&nbsp;phosphoribosyltransferase,89.0
883080.HMPREF9697_01120,EKS28592.1,annotation&nbsp;not&nbsp;available,89.0
883080.HMPREF9697_03771,EKS31243.1,annotation&nbsp;not&nbsp;available,88.9
883080.HMPREF9697_03364,EKS30836.1,annotation&nbsp;not&nbsp;available,88.9
883080.HMPREF9697_03158,EKS30630.1,Glutaredoxin,88.8
883080.HMPREF9697_02143,EKS29615.1,annotation&nbsp;not&nbsp;available,88.8
883080.HMPREF9697_00793,EKS28265.1,annotation&nbsp;not&nbsp;available,88.8
883080.HMPREF9697_00031,EKS27503.1,annotation&nbsp;not&nbsp;available,88.7
883080.HMPREF9697_00094,EKS27566.1,annotation&nbsp;not&nbsp;available,88.6
883080.HMPREF9697_03337,EKS30809.1,annotation&nbsp;not&nbsp;available,88.6
883080.HMPREF9697_00307,rplE,50S&nbsp;ribosomal&nbsp;protein&nbsp;L5,88.6
883080.HMPREF9697_01091,EKS28563.1,annotation&nbsp;not&nbsp;available,88.5
883080.HMPREF9697_03330,cysC,Adenylyl-sulfate&nbsp;kinase,88.5
883080.HMPREF9697_02711,gshB,annotation&nbsp;not&nbsp;available,88.5
883080.HMPREF9697_02371,EKS29843.1,annotation&nbsp;not&nbsp;available,88.5
883080.HMPREF9697_02120,EKS29592.1,Cbb3-type&nbsp;cytochrome&nbsp;c&nbsp;oxidase&nbsp;subunit,88.4
883080.HMPREF9697_03824,EKS31296.1,annotation&nbsp;not&nbsp;available,88.4
883080.HMPREF9697_03747,EKS31219.1,annotation&nbsp;not&nbsp;available,88.3
883080.HMPREF9697_02554,EKS30026.1,annotation&nbsp;not&nbsp;available,88.3
883080.HMPREF9697_00417,pyrC,Dihydroorotase,88.3
883080.HMPREF9697_01407,EKS28879.1,annotation&nbsp;not&nbsp;available,88.3
883080.HMPREF9697_01657,EKS29129.1,annotation&nbsp;not&nbsp;available,88.3
883080.HMPREF9697_02314,EKS29786.1,annotation&nbsp;not&nbsp;available,88.2
883080.HMPREF9697_01085,guaA,GMP&nbsp;synthase&nbsp;[glutamine-hydrolyzing],88.2
883080.HMPREF9697_03725,EKS31197.1,annotation&nbsp;not&nbsp;available,88.1
883080.HMPREF9697_02637,EKS30109.1,annotation&nbsp;not&nbsp;available,88.1
883080.HMPREF9697_02890,leuB,3-isopropylmalate&nbsp;dehydrogenase,88.1
883080.HMPREF9697_01640,EKS29112.1,annotation&nbsp;not&nbsp;available,88.1
883080.HMPREF9697_03239,EKS30711.1,annotation&nbsp;not&nbsp;available,88.1
883080.HMPREF9697_00668,EKS28140.1,annotation&nbsp;not&nbsp;available,88.1
883080.HMPREF9697_03810,ureB,annotation&nbsp;not&nbsp;available,88.1
883080.HMPREF9697_02210,EKS29682.1,annotation&nbsp;not&nbsp;available,88.1
883080.HMPREF9697_02048,EKS29520.1,annotation&nbsp;not&nbsp;available,88.0
883080.HMPREF9697_02701,dnaK,Chaperone&nbsp;protein&nbsp;DnaK,88.0
883080.HMPREF9697_02988,EKS30460.1,annotation&nbsp;not&nbsp;available,88.0
883080.HMPREF9697_01932,EKS29404.1,annotation&nbsp;not&nbsp;available,88.0
883080.HMPREF9697_01399,EKS28871.1,annotation&nbsp;not&nbsp;available,87.9
883080.HMPREF9697_01446,EKS28918.1,annotation&nbsp;not&nbsp;available,87.9
883080.HMPREF9697_03411,EKS30883.1,annotation&nbsp;not&nbsp;available,87.9
883080.HMPREF9697_03853,EKS31325.1,annotation&nbsp;not&nbsp;available,87.9
883080.HMPREF9697_00666,uvrA,UvrABC&nbsp;system&nbsp;protein&nbsp;A,87.9
883080.HMPREF9697_02385,EKS29857.1,annotation&nbsp;not&nbsp;available,87.9
883080.HMPREF9697_00129,recA,Protein&nbsp;RecA,87.9
883080.HMPREF9697_02009,mutL,DNA&nbsp;mismatch&nbsp;repair&nbsp;protein&nbsp;MutL,87.9
883080.HMPREF9697_01338,mobA,Molybdenum&nbsp;cofactor&nbsp;guanylyltransferase,87.8
883080.HMPREF9697_02133,EKS29605.1,annotation&nbsp;not&nbsp;available,87.8
883080.HMPREF9697_03202,EKS30674.1,annotation&nbsp;not&nbsp;available,87.8
883080.HMPREF9697_00014,ppc,Phosphoenolpyruvate&nbsp;carboxylase,87.8
883080.HMPREF9697_00990,EKS28462.1,annotation&nbsp;not&nbsp;available,87.8
883080.HMPREF9697_03490,EKS30962.1,"Periplasmic&nbsp;nitrate&nbsp;reductase,&nbsp;electron&nbsp;transfer&nbsp;subunit",87.8
883080.HMPREF9697_00744,EKS28216.1,annotation&nbsp;not&nbsp;available,87.8
883080.HMPREF9697_02657,EKS30129.1,annotation&nbsp;not&nbsp;available,87.7
883080.HMPREF9697_02912,ftsY,Signal&nbsp;recognition&nbsp;particle&nbsp;receptor&nbsp;FtsY,87.7
883080.HMPREF9697_02028,EKS29500.1,annotation&nbsp;not&nbsp;available,87.6
883080.HMPREF9697_00607,EKS28079.1,annotation&nbsp;not&nbsp;available,87.6
883080.HMPREF9697_00130,gcvP,Glycine&nbsp;dehydrogenase&nbsp;(decarboxylating),87.6
883080.HMPREF9697_03756,EKS31228.1,annotation&nbsp;not&nbsp;available,87.6
883080.HMPREF9697_01343,EKS28815.1,annotation&nbsp;not&nbsp;available,87.6
883080.HMPREF9697_03966,EKS26850.1,annotation&nbsp;not&nbsp;available,87.5
883080.HMPREF9697_03176,EKS30648.1,annotation&nbsp;not&nbsp;available,87.5
883080.HMPREF9697_02462,proB,Glutamate&nbsp;5-kinase,87.5
883080.HMPREF9697_00780,metG,Methionine--tRNA&nbsp;ligase,87.4
883080.HMPREF9697_01352,EKS28824.1,annotation&nbsp;not&nbsp;available,87.4
883080.HMPREF9697_03735,EKS31207.1,annotation&nbsp;not&nbsp;available,87.3
883080.HMPREF9697_03113,EKS30585.1,annotation&nbsp;not&nbsp;available,87.3
883080.HMPREF9697_03557,EKS31029.1,2-dehydropantoate&nbsp;2-reductase,87.3
883080.HMPREF9697_00168,EKS27640.1,annotation&nbsp;not&nbsp;available,87.3
883080.HMPREF9697_01656,EKS29128.1,annotation&nbsp;not&nbsp;available,87.3
883080.HMPREF9697_00450,EKS27922.1,annotation&nbsp;not&nbsp;available,87.3
883080.HMPREF9697_03748,EKS31220.1,annotation&nbsp;not&nbsp;available,87.3
883080.HMPREF9697_03636,EKS31108.1,annotation&nbsp;not&nbsp;available,87.3
883080.HMPREF9697_00039,EKS27511.1,annotation&nbsp;not&nbsp;available,87.2
883080.HMPREF9697_02532,fbp,annotation&nbsp;not&nbsp;available,87.2
883080.HMPREF9697_01938,glmM,Phosphoglucosamine&nbsp;mutase,87.1
883080.HMPREF9697_03731,EKS31203.1,annotation&nbsp;not&nbsp;available,87.1
883080.HMPREF9697_01116,EKS28588.1,annotation&nbsp;not&nbsp;available,87.1
883080.HMPREF9697_01475,EKS28947.1,annotation&nbsp;not&nbsp;available,87.0
883080.HMPREF9697_03104,EKS30576.1,annotation&nbsp;not&nbsp;available,87.0
883080.HMPREF9697_01002,EKS28474.1,annotation&nbsp;not&nbsp;available,87.0
883080.HMPREF9697_01719,EKS29191.1,annotation&nbsp;not&nbsp;available,87.0
883080.HMPREF9697_00016,EKS27488.1,annotation&nbsp;not&nbsp;available,87.0
883080.HMPREF9697_00422,gatC,Aspartyl/glutamyl-tRNA(Asn/Gln)&nbsp;amidotransferase&nbsp;subunit&nbsp;C,86.9
883080.HMPREF9697_00986,aroQ,3-dehydroquinate&nbsp;dehydratase,86.9
883080.HMPREF9697_03915,EKS31387.1,annotation&nbsp;not&nbsp;available,86.9
883080.HMPREF9697_02272,EKS29744.1,annotation&nbsp;not&nbsp;available,86.9
883080.HMPREF9697_01335,EKS28807.1,annotation&nbsp;not&nbsp;available,86.9
883080.HMPREF9697_03626,EKS31098.1,annotation&nbsp;not&nbsp;available,86.9
883080.HMPREF9697_01355,EKS28827.1,annotation&nbsp;not&nbsp;available,86.9
883080.HMPREF9697_03170,aroB,3-dehydroquinate&nbsp;synthase,86.8
883080.HMPREF9697_03660,purK,N5-carboxyaminoimidazole&nbsp;ribonucleotide&nbsp;synthase,86.8
883080.HMPREF9697_01058,rplI,50S&nbsp;ribosomal&nbsp;protein&nbsp;L9,86.8
883080.HMPREF9697_03572,zwf,Glucose-6-phosphate&nbsp;1-dehydrogenase,86.8
883080.HMPREF9697_00619,eno,Enolase,86.6
883080.HMPREF9697_02653,EKS30125.1,annotation&nbsp;not&nbsp;available,86.6
883080.HMPREF9697_03916,EKS31388.1,annotation&nbsp;not&nbsp;available,86.6
883080.HMPREF9697_01483,EKS28955.1,annotation&nbsp;not&nbsp;available,86.6
883080.HMPREF9697_00349,EKS27821.1,annotation&nbsp;not&nbsp;available,86.5
883080.HMPREF9697_00532,EKS28004.1,annotation&nbsp;not&nbsp;available,86.5
883080.HMPREF9697_03448,EKS30920.1,annotation&nbsp;not&nbsp;available,86.5
883080.HMPREF9697_02901,rplS,50S&nbsp;ribosomal&nbsp;protein&nbsp;L19,86.5
883080.HMPREF9697_00786,EKS28258.1,annotation&nbsp;not&nbsp;available,86.5
883080.HMPREF9697_00578,EKS28050.1,annotation&nbsp;not&nbsp;available,86.4
883080.HMPREF9697_01299,EKS28771.1,annotation&nbsp;not&nbsp;available,86.3
883080.HMPREF9697_03046,EKS30518.1,annotation&nbsp;not&nbsp;available,86.2
883080.HMPREF9697_00236,EKS27708.1,annotation&nbsp;not&nbsp;available,86.2
883080.HMPREF9697_02661,EKS30133.1,Flavin&nbsp;prenyltransferase&nbsp;UbiX,86.2
883080.HMPREF9697_00797,EKS28269.1,annotation&nbsp;not&nbsp;available,86.1
883080.HMPREF9697_00809,EKS28281.1,annotation&nbsp;not&nbsp;available,86.1
883080.HMPREF9697_01130,EKS28602.1,annotation&nbsp;not&nbsp;available,86.1
883080.HMPREF9697_02861,ppa,Inorganic&nbsp;pyrophosphatase,86.1
883080.HMPREF9697_00857,EKS28329.1,annotation&nbsp;not&nbsp;available,86.1
883080.HMPREF9697_03463,EKS30935.1,annotation&nbsp;not&nbsp;available,86.1
883080.HMPREF9697_00377,EKS27849.1,annotation&nbsp;not&nbsp;available,86.0
883080.HMPREF9697_03434,EKS30906.1,annotation&nbsp;not&nbsp;available,85.9
883080.HMPREF9697_00021,metK,S-adenosylmethionine&nbsp;synthase,85.9
883080.HMPREF9697_01506,EKS28978.1,annotation&nbsp;not&nbsp;available,85.9
883080.HMPREF9697_02646,EKS30118.1,annotation&nbsp;not&nbsp;available,85.8
883080.HMPREF9697_02523,EKS29995.1,annotation&nbsp;not&nbsp;available,85.8
883080.HMPREF9697_03670,EKS31142.1,annotation&nbsp;not&nbsp;available,85.7
883080.HMPREF9697_02935,EKS30407.1,annotation&nbsp;not&nbsp;available,85.6
883080.HMPREF9697_04004,EKS26701.1,annotation&nbsp;not&nbsp;available,85.6
883080.HMPREF9697_01052,acpP,Acyl&nbsp;carrier&nbsp;protein,85.6
883080.HMPREF9697_03658,rpsU,annotation&nbsp;not&nbsp;available,85.4
883080.HMPREF9697_03635,EKS31107.1,Hydroxyacylglutathione&nbsp;hydrolase,85.4
883080.HMPREF9697_03547,EKS31019.1,annotation&nbsp;not&nbsp;available,85.3
883080.HMPREF9697_00636,argS,annotation&nbsp;not&nbsp;available,85.3
883080.HMPREF9697_02250,EKS29722.1,annotation&nbsp;not&nbsp;available,85.3
883080.HMPREF9697_01199,EKS28671.1,annotation&nbsp;not&nbsp;available,85.2
883080.HMPREF9697_01160,EKS28632.1,annotation&nbsp;not&nbsp;available,85.2
883080.HMPREF9697_02679,pheS,annotation&nbsp;not&nbsp;available,85.1
883080.HMPREF9697_02604,EKS30076.1,annotation&nbsp;not&nbsp;available,85.1
883080.HMPREF9697_03837,EKS31309.1,annotation&nbsp;not&nbsp;available,85.1
883080.HMPREF9697_02247,ackA,Acetate&nbsp;kinase,85.1
883080.HMPREF9697_03866,ddl,D-alanine--D-alanine&nbsp;ligase,85.1
883080.HMPREF9697_01683,EKS29155.1,annotation&nbsp;not&nbsp;available,85.0
883080.HMPREF9697_02873,EKS30345.1,annotation&nbsp;not&nbsp;available,85.0
883080.HMPREF9697_02021,EKS29493.1,annotation&nbsp;not&nbsp;available,84.9
883080.HMPREF9697_03370,EKS30842.1,annotation&nbsp;not&nbsp;available,84.8
883080.HMPREF9697_00498,EKS27970.1,annotation&nbsp;not&nbsp;available,84.7
883080.HMPREF9697_00294,rpsJ,30S&nbsp;ribosomal&nbsp;protein&nbsp;S10,84.7
883080.HMPREF9697_01439,EKS28911.1,annotation&nbsp;not&nbsp;available,84.7
883080.HMPREF9697_00087,EKS27559.1,Flagellar&nbsp;motor&nbsp;switch&nbsp;protein&nbsp;FliM,84.6
883080.HMPREF9697_02198,EKS29670.1,annotation&nbsp;not&nbsp;available,84.6
883080.HMPREF9697_00968,EKS28440.1,annotation&nbsp;not&nbsp;available,84.6
883080.HMPREF9697_03521,EKS30993.1,annotation&nbsp;not&nbsp;available,84.5
883080.HMPREF9697_01766,EKS29238.1,annotation&nbsp;not&nbsp;available,84.4
883080.HMPREF9697_01748,EKS29220.1,annotation&nbsp;not&nbsp;available,84.4
883080.HMPREF9697_01337,EKS28809.1,annotation&nbsp;not&nbsp;available,84.4
883080.HMPREF9697_02764,EKS30236.1,annotation&nbsp;not&nbsp;available,84.4
883080.HMPREF9697_00829,EKS28301.1,annotation&nbsp;not&nbsp;available,84.4
883080.HMPREF9697_02741,gidA,tRNA&nbsp;uridine&nbsp;5-carboxymethylaminomethyl&nbsp;modification&nbsp;enzyme&nbsp;MnmG,84.4
883080.HMPREF9697_03264,yidC,Membrane&nbsp;protein&nbsp;insertase&nbsp;YidC,84.4
883080.HMPREF9697_03905,EKS31377.1,annotation&nbsp;not&nbsp;available,84.4
883080.HMPREF9697_00957,EKS28429.1,annotation&nbsp;not&nbsp;available,84.3
883080.HMPREF9697_03291,EKS30763.1,annotation&nbsp;not&nbsp;available,84.3
883080.HMPREF9697_01985,EKS29457.1,annotation&nbsp;not&nbsp;available,84.3
883080.HMPREF9697_00538,clpP,ATP-dependent&nbsp;Clp&nbsp;protease&nbsp;proteolytic&nbsp;subunit,84.2
883080.HMPREF9697_01394,EKS28866.1,annotation&nbsp;not&nbsp;available,84.2
883080.HMPREF9697_03584,EKS31056.1,annotation&nbsp;not&nbsp;available,84.2
883080.HMPREF9697_03092,EKS30564.1,annotation&nbsp;not&nbsp;available,84.1
883080.HMPREF9697_00988,EKS28460.1,annotation&nbsp;not&nbsp;available,84.1
883080.HMPREF9697_00606,tpiA,Triosephosphate&nbsp;isomerase,84.1
883080.HMPREF9697_03185,EKS30657.1,Ferredoxin,84.0
883080.HMPREF9697_00574,lolD,Lipoprotein-releasing&nbsp;system&nbsp;ATP-binding&nbsp;protein&nbsp;LolD,84.0
883080.HMPREF9697_03292,EKS30764.1,annotation&nbsp;not&nbsp;available,84.0
883080.HMPREF9697_03612,EKS31084.1,annotation&nbsp;not&nbsp;available,83.9
883080.HMPREF9697_01117,EKS28589.1,annotation&nbsp;not&nbsp;available,83.8
883080.HMPREF9697_03548,EKS31020.1,annotation&nbsp;not&nbsp;available,83.8
883080.HMPREF9697_03144,EKS30616.1,Hydroxyacylglutathione&nbsp;hydrolase,83.8
883080.HMPREF9697_02500,EKS29972.1,Aconitate&nbsp;hydratase,83.8
883080.HMPREF9697_01622,EKS29094.1,annotation&nbsp;not&nbsp;available,83.7
883080.HMPREF9697_00747,EKS28219.1,annotation&nbsp;not&nbsp;available,83.7
883080.HMPREF9697_02694,EKS30166.1,annotation&nbsp;not&nbsp;available,83.7
883080.HMPREF9697_03009,EKS30481.1,annotation&nbsp;not&nbsp;available,83.7
883080.HMPREF9697_03076,EKS30548.1,annotation&nbsp;not&nbsp;available,83.6
883080.HMPREF9697_02383,EKS29855.1,annotation&nbsp;not&nbsp;available,83.6
883080.HMPREF9697_01306,EKS28778.1,annotation&nbsp;not&nbsp;available,83.5
883080.HMPREF9697_01444,EKS28916.1,annotation&nbsp;not&nbsp;available,83.5
883080.HMPREF9697_02425,EKS29897.1,Tryptophan&nbsp;synthase&nbsp;beta&nbsp;chain,83.5
883080.HMPREF9697_03802,EKS31274.1,annotation&nbsp;not&nbsp;available,83.4
883080.HMPREF9697_02924,EKS30396.1,annotation&nbsp;not&nbsp;available,83.4
883080.HMPREF9697_00601,EKS28073.1,annotation&nbsp;not&nbsp;available,83.3
883080.HMPREF9697_02479,atpA,ATP&nbsp;synthase&nbsp;subunit&nbsp;alpha,83.3
883080.HMPREF9697_03718,EKS31190.1,annotation&nbsp;not&nbsp;available,83.3
883080.HMPREF9697_01376,dnaE2,Error-prone&nbsp;DNA&nbsp;polymerase,83.2
883080.HMPREF9697_02675,infC,Translation&nbsp;initiation&nbsp;factor&nbsp;IF-3,83.2
883080.HMPREF9697_03841,EKS31313.1,annotation&nbsp;not&nbsp;available,83.2
883080.HMPREF9697_01490,EKS28962.1,annotation&nbsp;not&nbsp;available,83.2
883080.HMPREF9697_03408,EKS30880.1,annotation&nbsp;not&nbsp;available,83.1
883080.HMPREF9697_01945,EKS29417.1,annotation&nbsp;not&nbsp;available,83.1
883080.HMPREF9697_00547,EKS28019.1,annotation&nbsp;not&nbsp;available,83.1
883080.HMPREF9697_03881,EKS31353.1,annotation&nbsp;not&nbsp;available,83.0
883080.HMPREF9697_01385,EKS28857.1,annotation&nbsp;not&nbsp;available,82.9
883080.HMPREF9697_00243,EKS27715.1,annotation&nbsp;not&nbsp;available,82.9
883080.HMPREF9697_03752,EKS31224.1,annotation&nbsp;not&nbsp;available,82.9
883080.HMPREF9697_00826,EKS28298.1,annotation&nbsp;not&nbsp;available,82.9
883080.HMPREF9697_03750,EKS31222.1,annotation&nbsp;not&nbsp;available,82.8
883080.HMPREF9697_02990,EKS30462.1,annotation&nbsp;not&nbsp;available,82.8
883080.HMPREF9697_03124,glnD,Bifunctional&nbsp;uridylyltransferase/uridylyl-removing&nbsp;enzyme,82.7
883080.HMPREF9697_00373,EKS27845.1,annotation&nbsp;not&nbsp;available,82.7
883080.HMPREF9697_02695,gpmA,"2,3-bisphosphoglycerate-dependent&nbsp;phosphoglycerate&nbsp;mutase",82.7
883080.HMPREF9697_01118,EKS28590.1,annotation&nbsp;not&nbsp;available,82.6
883080.HMPREF9697_01979,EKS29451.1,annotation&nbsp;not&nbsp;available,82.6
883080.HMPREF9697_02430,EKS29902.1,annotation&nbsp;not&nbsp;available,82.5
883080.HMPREF9697_02318,EKS29790.1,annotation&nbsp;not&nbsp;available,82.5
883080.HMPREF9697_01125,EKS28597.1,annotation&nbsp;not&nbsp;available,82.5
883080.HMPREF9697_01941,aroE,Shikimate&nbsp;dehydrogenase&nbsp;(NADP(+)),82.4
883080.HMPREF9697_02046,EKS29518.1,annotation&nbsp;not&nbsp;available,82.4
883080.HMPREF9697_00625,EKS28097.1,Acetyltransferase&nbsp;component&nbsp;of&nbsp;pyruvate&nbsp;dehydrogenase&nbsp;complex,82.4
883080.HMPREF9697_00588,bamA,Outer&nbsp;membrane&nbsp;protein&nbsp;assembly&nbsp;factor&nbsp;BamA,82.4
883080.HMPREF9697_01648,EKS29120.1,annotation&nbsp;not&nbsp;available,82.4
883080.HMPREF9697_01668,EKS29140.1,Pyruvate&nbsp;dehydrogenase&nbsp;E1&nbsp;component,82.3
883080.HMPREF9697_03386,EKS30858.1,annotation&nbsp;not&nbsp;available,82.1
883080.HMPREF9697_03377,EKS30849.1,annotation&nbsp;not&nbsp;available,82.1
883080.HMPREF9697_02141,EKS29613.1,annotation&nbsp;not&nbsp;available,82.1
883080.HMPREF9697_03644,EKS31116.1,annotation&nbsp;not&nbsp;available,82.1
883080.HMPREF9697_02666,EKS30138.1,annotation&nbsp;not&nbsp;available,81.9
883080.HMPREF9697_02624,himD,Integration&nbsp;host&nbsp;factor&nbsp;subunit&nbsp;beta,81.9
883080.HMPREF9697_03762,EKS31234.1,annotation&nbsp;not&nbsp;available,81.8
883080.HMPREF9697_02303,EKS29775.1,annotation&nbsp;not&nbsp;available,81.8
883080.HMPREF9697_01169,EKS28641.1,annotation&nbsp;not&nbsp;available,81.8
883080.HMPREF9697_03759,EKS31231.1,annotation&nbsp;not&nbsp;available,81.8
883080.HMPREF9697_02360,EKS29832.1,Phosphate-binding&nbsp;protein&nbsp;PstS,81.8
883080.HMPREF9697_01926,EKS29398.1,annotation&nbsp;not&nbsp;available,81.8
883080.HMPREF9697_02955,EKS30427.1,annotation&nbsp;not&nbsp;available,81.8
883080.HMPREF9697_02183,EKS29655.1,annotation&nbsp;not&nbsp;available,81.7
883080.HMPREF9697_00594,EKS28066.1,annotation&nbsp;not&nbsp;available,81.7
883080.HMPREF9697_00515,EKS27987.1,annotation&nbsp;not&nbsp;available,81.7
883080.HMPREF9697_00035,EKS27507.1,annotation&nbsp;not&nbsp;available,81.6
883080.HMPREF9697_00941,EKS28413.1,annotation&nbsp;not&nbsp;available,81.6
883080.HMPREF9697_02137,EKS29609.1,annotation&nbsp;not&nbsp;available,81.6
883080.HMPREF9697_02895,leuD,3-isopropylmalate&nbsp;dehydratase&nbsp;small&nbsp;subunit,81.6
883080.HMPREF9697_03811,ureC,annotation&nbsp;not&nbsp;available,81.5
883080.HMPREF9697_00090,EKS27562.1,annotation&nbsp;not&nbsp;available,81.4
883080.HMPREF9697_00241,thrS,Threonine--tRNA&nbsp;ligase,81.4
883080.HMPREF9697_03120,EKS30592.1,annotation&nbsp;not&nbsp;available,81.4
883080.HMPREF9697_02478,atpG,ATP&nbsp;synthase&nbsp;gamma&nbsp;chain,81.2
883080.HMPREF9697_03532,EKS31004.1,annotation&nbsp;not&nbsp;available,81.2
883080.HMPREF9697_02454,EKS29926.1,Trehalose&nbsp;6-phosphate&nbsp;phosphatase,81.2
883080.HMPREF9697_00472,EKS27944.1,RelA/SpoT&nbsp;family&nbsp;protein,81.2
883080.HMPREF9697_01293,EKS28765.1,4-hydroxy-3-methylbut-2-enyl&nbsp;diphosphate&nbsp;reductase,81.1
883080.HMPREF9697_03197,EKS30669.1,annotation&nbsp;not&nbsp;available,81.1
883080.HMPREF9697_00214,gpt,Xanthine&nbsp;phosphoribosyltransferase,81.1
883080.HMPREF9697_00101,EKS27573.1,annotation&nbsp;not&nbsp;available,81.1
883080.HMPREF9697_00508,fabH,3-oxoacyl-[acyl-carrier-protein]&nbsp;synthase&nbsp;3,81.1
883080.HMPREF9697_03657,EKS31129.1,annotation&nbsp;not&nbsp;available,81.1
883080.HMPREF9697_01547,smc,Chromosome&nbsp;partition&nbsp;protein&nbsp;Smc,81.0
883080.HMPREF9697_02754,EKS30226.1,annotation&nbsp;not&nbsp;available,81.0
883080.HMPREF9697_02518,gfa,Glutathione-dependent&nbsp;formaldehyde-activating&nbsp;enzyme,81.0
883080.HMPREF9697_01171,EKS28643.1,annotation&nbsp;not&nbsp;available,80.9
883080.HMPREF9697_01152,EKS28624.1,annotation&nbsp;not&nbsp;available,80.9
883080.HMPREF9697_03198,EKS30670.1,annotation&nbsp;not&nbsp;available,80.9
883080.HMPREF9697_03559,EKS31031.1,annotation&nbsp;not&nbsp;available,80.9
883080.HMPREF9697_00628,EKS28100.1,annotation&nbsp;not&nbsp;available,80.9
883080.HMPREF9697_02611,EKS30083.1,annotation&nbsp;not&nbsp;available,80.8
883080.HMPREF9697_02007,EKS29479.1,annotation&nbsp;not&nbsp;available,80.8
883080.HMPREF9697_00496,nrdR,Transcriptional&nbsp;repressor&nbsp;NrdR,80.8
883080.HMPREF9697_01774,EKS29246.1,annotation&nbsp;not&nbsp;available,80.8
883080.HMPREF9697_03909,EKS31381.1,annotation&nbsp;not&nbsp;available,80.8
883080.HMPREF9697_02341,EKS29813.1,annotation&nbsp;not&nbsp;available,80.7
883080.HMPREF9697_03374,argH,annotation&nbsp;not&nbsp;available,80.7
883080.HMPREF9697_02718,EKS30190.1,annotation&nbsp;not&nbsp;available,80.7
883080.HMPREF9697_00005,EKS27477.1,annotation&nbsp;not&nbsp;available,80.6
883080.HMPREF9697_03665,EKS31137.1,annotation&nbsp;not&nbsp;available,80.6
883080.HMPREF9697_00475,EKS27947.1,annotation&nbsp;not&nbsp;available,80.6
883080.HMPREF9697_02616,EKS30088.1,annotation&nbsp;not&nbsp;available,80.6
883080.HMPREF9697_00304,rpsQ,30S&nbsp;ribosomal&nbsp;protein&nbsp;S17,80.5
883080.HMPREF9697_02921,EKS30393.1,annotation&nbsp;not&nbsp;available,80.5
883080.HMPREF9697_00029,EKS27501.1,annotation&nbsp;not&nbsp;available,80.5
883080.HMPREF9697_00828,EKS28300.1,annotation&nbsp;not&nbsp;available,80.4
883080.HMPREF9697_01296,EKS28768.1,annotation&nbsp;not&nbsp;available,80.3
883080.HMPREF9697_02249,EKS29721.1,annotation&nbsp;not&nbsp;available,80.3
883080.HMPREF9697_00680,EKS28152.1,annotation&nbsp;not&nbsp;available,80.2
883080.HMPREF9697_02450,EKS29922.1,annotation&nbsp;not&nbsp;available,80.2
883080.HMPREF9697_01854,EKS29326.1,annotation&nbsp;not&nbsp;available,80.2
883080.HMPREF9697_03300,EKS30772.1,annotation&nbsp;not&nbsp;available,80.1
883080.HMPREF9697_01311,EKS28783.1,annotation&nbsp;not&nbsp;available,80.1
883080.HMPREF9697_00756,EKS28228.1,annotation&nbsp;not&nbsp;available,80.1
883080.HMPREF9697_02641,EKS30113.1,"Alpha-1,4&nbsp;glucan&nbsp;phosphorylase",80.1
883080.HMPREF9697_01129,EKS28601.1,annotation&nbsp;not&nbsp;available,80.0
883080.HMPREF9697_03332,EKS30804.1,annotation&nbsp;not&nbsp;available,80.0
883080.HMPREF9697_02456,EKS29928.1,annotation&nbsp;not&nbsp;available,80.0
883080.HMPREF9697_03647,EKS31119.1,annotation&nbsp;not&nbsp;available,80.0
883080.HMPREF9697_00300,rplV,50S&nbsp;ribosomal&nbsp;protein&nbsp;L22,79.9
883080.HMPREF9697_00953,EKS28425.1,annotation&nbsp;not&nbsp;available,79.9
883080.HMPREF9697_01930,EKS29402.1,annotation&nbsp;not&nbsp;available,79.8
883080.HMPREF9697_02119,EKS29591.1,annotation&nbsp;not&nbsp;available,79.8
883080.HMPREF9697_02752,EKS30224.1,annotation&nbsp;not&nbsp;available,79.8
883080.HMPREF9697_03800,EKS31272.1,annotation&nbsp;not&nbsp;available,79.7
883080.HMPREF9697_01387,EKS28859.1,annotation&nbsp;not&nbsp;available,79.7
883080.HMPREF9697_01328,EKS28800.1,annotation&nbsp;not&nbsp;available,79.7
883080.HMPREF9697_01588,EKS29060.1,annotation&nbsp;not&nbsp;available,79.7
883080.HMPREF9697_03652,EKS31124.1,NAD(P)&nbsp;transhydrogenase&nbsp;subunit&nbsp;beta,79.7
883080.HMPREF9697_03835,EKS31307.1,annotation&nbsp;not&nbsp;available,79.7
883080.HMPREF9697_00247,EKS27719.1,annotation&nbsp;not&nbsp;available,79.6
883080.HMPREF9697_01432,EKS28904.1,annotation&nbsp;not&nbsp;available,79.6
883080.HMPREF9697_02018,EKS29490.1,annotation&nbsp;not&nbsp;available,79.6
883080.HMPREF9697_02315,EKS29787.1,annotation&nbsp;not&nbsp;available,79.5
883080.HMPREF9697_02345,EKS29817.1,annotation&nbsp;not&nbsp;available,79.5
883080.HMPREF9697_02328,EKS29800.1,annotation&nbsp;not&nbsp;available,79.5
883080.HMPREF9697_01153,EKS28625.1,annotation&nbsp;not&nbsp;available,79.5
883080.HMPREF9697_02521,EKS29993.1,annotation&nbsp;not&nbsp;available,79.4
883080.HMPREF9697_00743,EKS28215.1,annotation&nbsp;not&nbsp;available,79.4
883080.HMPREF9697_01627,EKS29099.1,annotation&nbsp;not&nbsp;available,79.3
883080.HMPREF9697_03568,EKS31040.1,annotation&nbsp;not&nbsp;available,79.3
883080.HMPREF9697_03203,EKS30675.1,annotation&nbsp;not&nbsp;available,79.3
883080.HMPREF9697_01870,EKS29342.1,annotation&nbsp;not&nbsp;available,79.3
883080.HMPREF9697_01123,EKS28595.1,annotation&nbsp;not&nbsp;available,79.3
883080.HMPREF9697_03656,EKS31128.1,annotation&nbsp;not&nbsp;available,79.3
883080.HMPREF9697_03616,EKS31088.1,annotation&nbsp;not&nbsp;available,79.3
883080.HMPREF9697_03011,EKS30483.1,annotation&nbsp;not&nbsp;available,79.2
883080.HMPREF9697_00131,gcvH,Glycine&nbsp;cleavage&nbsp;system&nbsp;H&nbsp;protein,79.2
883080.HMPREF9697_02619,accD,Acetyl-coenzyme&nbsp;A&nbsp;carboxylase&nbsp;carboxyl&nbsp;transferase&nbsp;subunit&nbsp;beta,79.1
883080.HMPREF9697_00424,gatA,Glutamyl-tRNA(Gln)&nbsp;amidotransferase&nbsp;subunit&nbsp;A,79.1
883080.HMPREF9697_00997,EKS28469.1,Vitamin&nbsp;B12-dependent&nbsp;ribonucleotide&nbsp;reductase,79.0
883080.HMPREF9697_02918,EKS30390.1,annotation&nbsp;not&nbsp;available,79.0
883080.HMPREF9697_03823,EKS31295.1,annotation&nbsp;not&nbsp;available,79.0
883080.HMPREF9697_01163,EKS28635.1,annotation&nbsp;not&nbsp;available,79.0
883080.HMPREF9697_02353,argD,annotation&nbsp;not&nbsp;available,78.9
883080.HMPREF9697_03347,EKS30819.1,annotation&nbsp;not&nbsp;available,78.9
883080.HMPREF9697_01499,EKS28971.1,annotation&nbsp;not&nbsp;available,78.9
883080.HMPREF9697_03389,metXA,Homoserine&nbsp;O-acetyltransferase,78.9
883080.HMPREF9697_01410,EKS28882.1,annotation&nbsp;not&nbsp;available,78.8
883080.HMPREF9697_03047,EKS30519.1,annotation&nbsp;not&nbsp;available,78.8
883080.HMPREF9697_02719,hisF,Imidazole&nbsp;glycerol&nbsp;phosphate&nbsp;synthase&nbsp;subunit&nbsp;HisF,78.7
883080.HMPREF9697_03286,EKS30758.1,annotation&nbsp;not&nbsp;available,78.7
883080.HMPREF9697_00065,EKS27537.1,annotation&nbsp;not&nbsp;available,78.6
883080.HMPREF9697_01957,uvrB,UvrABC&nbsp;system&nbsp;protein&nbsp;B,78.6
883080.HMPREF9697_00827,EKS28299.1,annotation&nbsp;not&nbsp;available,78.6
883080.HMPREF9697_01403,EKS28875.1,annotation&nbsp;not&nbsp;available,78.5
883080.HMPREF9697_00839,EKS28311.1,annotation&nbsp;not&nbsp;available,78.5
883080.HMPREF9697_00190,EKS27662.1,annotation&nbsp;not&nbsp;available,78.4
883080.HMPREF9697_00254,EKS27726.1,annotation&nbsp;not&nbsp;available,78.4
883080.HMPREF9697_02212,EKS29684.1,Flavin&nbsp;prenyltransferase&nbsp;UbiX,78.4
883080.HMPREF9697_02757,EKS30229.1,annotation&nbsp;not&nbsp;available,78.4
883080.HMPREF9697_03373,EKS30845.1,annotation&nbsp;not&nbsp;available,78.3
883080.HMPREF9697_02835,EKS30307.1,annotation&nbsp;not&nbsp;available,78.3
883080.HMPREF9697_03682,EKS31154.1,annotation&nbsp;not&nbsp;available,78.2
883080.HMPREF9697_01927,EKS29399.1,annotation&nbsp;not&nbsp;available,78.2
883080.HMPREF9697_03489,napA,Nitrate&nbsp;reductase,78.1
883080.HMPREF9697_02241,EKS29713.1,annotation&nbsp;not&nbsp;available,78.1
883080.HMPREF9697_03858,murF,UDP-N-acetylmuramoyl-tripeptide--D-alanyl-D-alanine&nbsp;ligase,78.1
883080.HMPREF9697_02342,EKS29814.1,annotation&nbsp;not&nbsp;available,78.0
883080.HMPREF9697_02526,cbbL,Ribulose&nbsp;bisphosphate&nbsp;carboxylase&nbsp;large&nbsp;chain,78.0
883080.HMPREF9697_02184,EKS29656.1,annotation&nbsp;not&nbsp;available,78.0
883080.HMPREF9697_01872,EKS29344.1,annotation&nbsp;not&nbsp;available,77.9
883080.HMPREF9697_01812,EKS29284.1,Beta&nbsp;sliding&nbsp;clamp,77.9
883080.HMPREF9697_00054,EKS27526.1,annotation&nbsp;not&nbsp;available,77.9
883080.HMPREF9697_03029,EKS30501.1,Heme&nbsp;exporter&nbsp;protein&nbsp;C,77.9
883080.HMPREF9697_03335,EKS30807.1,annotation&nbsp;not&nbsp;available,77.8
883080.HMPREF9697_02600,EKS30072.1,annotation&nbsp;not&nbsp;available,77.8
883080.HMPREF9697_00418,pyrB,annotation&nbsp;not&nbsp;available,77.7
883080.HMPREF9697_03707,dnaG,DNA&nbsp;primase,77.7
883080.HMPREF9697_03321,EKS30793.1,annotation&nbsp;not&nbsp;available,77.5
883080.HMPREF9697_01923,rpoH,annotation&nbsp;not&nbsp;available,77.3
883080.HMPREF9697_01041,EKS28513.1,annotation&nbsp;not&nbsp;available,77.3
883080.HMPREF9697_01040,pepA,Probable&nbsp;cytosol&nbsp;aminopeptidase,77.2
883080.HMPREF9697_02721,hisH,Imidazole&nbsp;glycerol&nbsp;phosphate&nbsp;synthase&nbsp;subunit&nbsp;HisH,77.2
883080.HMPREF9697_03856,EKS31328.1,annotation&nbsp;not&nbsp;available,77.2
883080.HMPREF9697_02514,EKS29986.1,annotation&nbsp;not&nbsp;available,77.1
883080.HMPREF9697_01852,EKS29324.1,annotation&nbsp;not&nbsp;available,77.1
883080.HMPREF9697_00146,purL,Phosphoribosylformylglycinamidine&nbsp;synthase&nbsp;subunit&nbsp;PurL,77.1
883080.HMPREF9697_02056,EKS29528.1,annotation&nbsp;not&nbsp;available,77.1
883080.HMPREF9697_00413,rnr,Ribonuclease&nbsp;R,77.0
883080.HMPREF9697_01283,EKS28755.1,annotation&nbsp;not&nbsp;available,77.0
883080.HMPREF9697_02453,EKS29925.1,annotation&nbsp;not&nbsp;available,77.0
883080.HMPREF9697_00084,EKS27556.1,annotation&nbsp;not&nbsp;available,76.9
883080.HMPREF9697_00823,EKS28295.1,annotation&nbsp;not&nbsp;available,76.9
883080.HMPREF9697_01579,EKS29051.1,annotation&nbsp;not&nbsp;available,76.9
883080.HMPREF9697_03139,EKS30611.1,annotation&nbsp;not&nbsp;available,76.9
883080.HMPREF9697_02564,gyrB,DNA&nbsp;gyrase&nbsp;subunit&nbsp;B,76.8
883080.HMPREF9697_01880,EKS29352.1,annotation&nbsp;not&nbsp;available,76.8
883080.HMPREF9697_03369,EKS30841.1,annotation&nbsp;not&nbsp;available,76.8
883080.HMPREF9697_03546,EKS31018.1,annotation&nbsp;not&nbsp;available,76.7
883080.HMPREF9697_01436,EKS28908.1,annotation&nbsp;not&nbsp;available,76.7
883080.HMPREF9697_02746,EKS30218.1,annotation&nbsp;not&nbsp;available,76.7
883080.HMPREF9697_00550,nuoC,NADH-quinone&nbsp;oxidoreductase&nbsp;subunit&nbsp;C,76.7
883080.HMPREF9697_01148,rpiA,Ribose-5-phosphate&nbsp;isomerase&nbsp;A,76.7
883080.HMPREF9697_02071,EKS29543.1,Transketolase,76.7
883080.HMPREF9697_03399,EKS30871.1,annotation&nbsp;not&nbsp;available,76.7
883080.HMPREF9697_00367,EKS27839.1,annotation&nbsp;not&nbsp;available,76.6
883080.HMPREF9697_02424,EKS29896.1,annotation&nbsp;not&nbsp;available,76.6
883080.HMPREF9697_02773,EKS30245.1,annotation&nbsp;not&nbsp;available,76.5
883080.HMPREF9697_00548,nuoA,NADH-quinone&nbsp;oxidoreductase&nbsp;subunit&nbsp;A,76.4
883080.HMPREF9697_03633,EKS31105.1,annotation&nbsp;not&nbsp;available,76.4
883080.HMPREF9697_02552,cysI,Sulfite&nbsp;reductase&nbsp;[NADPH]&nbsp;hemoprotein&nbsp;beta-component,76.3
883080.HMPREF9697_03782,EKS31254.1,annotation&nbsp;not&nbsp;available,76.3
883080.HMPREF9697_01970,EKS29442.1,annotation&nbsp;not&nbsp;available,76.2
883080.HMPREF9697_00145,EKS27617.1,annotation&nbsp;not&nbsp;available,76.2
883080.HMPREF9697_00851,EKS28323.1,annotation&nbsp;not&nbsp;available,76.1
883080.HMPREF9697_01028,EKS28500.1,annotation&nbsp;not&nbsp;available,76.1
883080.HMPREF9697_00946,EKS28418.1,Ubiquinol-cytochrome&nbsp;c&nbsp;reductase&nbsp;iron-sulfur&nbsp;subunit,75.9
883080.HMPREF9697_00198,EKS27670.1,annotation&nbsp;not&nbsp;available,75.9
883080.HMPREF9697_03363,EKS30835.1,annotation&nbsp;not&nbsp;available,75.8
883080.HMPREF9697_01873,EKS29345.1,annotation&nbsp;not&nbsp;available,75.8
883080.HMPREF9697_02256,EKS29728.1,annotation&nbsp;not&nbsp;available,75.8
883080.HMPREF9697_02047,EKS29519.1,annotation&nbsp;not&nbsp;available,75.8
883080.HMPREF9697_03164,secA,Protein&nbsp;translocase&nbsp;subunit&nbsp;SecA,75.8
883080.HMPREF9697_02731,dnaQ,DNA&nbsp;polymerase&nbsp;III&nbsp;subunit&nbsp;epsilon,75.7
883080.HMPREF9697_01189,EKS28661.1,annotation&nbsp;not&nbsp;available,75.7
883080.HMPREF9697_03836,EKS31308.1,Flagellar&nbsp;motor&nbsp;switch&nbsp;protein&nbsp;FliN,75.7
883080.HMPREF9697_00571,EKS28043.1,annotation&nbsp;not&nbsp;available,75.5
883080.HMPREF9697_01746,EKS29218.1,annotation&nbsp;not&nbsp;available,75.5
883080.HMPREF9697_01770,EKS29242.1,annotation&nbsp;not&nbsp;available,75.4
883080.HMPREF9697_00952,EKS28424.1,annotation&nbsp;not&nbsp;available,75.4
883080.HMPREF9697_00453,EKS27925.1,annotation&nbsp;not&nbsp;available,75.3
883080.HMPREF9697_00712,EKS28184.1,annotation&nbsp;not&nbsp;available,75.3
883080.HMPREF9697_00007,EKS27479.1,annotation&nbsp;not&nbsp;available,75.2
883080.HMPREF9697_01555,EKS29027.1,annotation&nbsp;not&nbsp;available,75.2
883080.HMPREF9697_00510,EKS27982.1,annotation&nbsp;not&nbsp;available,75.2
883080.HMPREF9697_03551,EKS31023.1,annotation&nbsp;not&nbsp;available,75.2
883080.HMPREF9697_00555,EKS28027.1,annotation&nbsp;not&nbsp;available,75.1
883080.HMPREF9697_00499,ribH,"6,7-dimethyl-8-ribityllumazine&nbsp;synthase",75.1
883080.HMPREF9697_01749,EKS29221.1,annotation&nbsp;not&nbsp;available,75.0
883080.HMPREF9697_03540,EKS31012.1,annotation&nbsp;not&nbsp;available,74.9
883080.HMPREF9697_02994,EKS30466.1,annotation&nbsp;not&nbsp;available,74.9
883080.HMPREF9697_03005,EKS30477.1,annotation&nbsp;not&nbsp;available,74.9
883080.HMPREF9697_00861,EKS28333.1,annotation&nbsp;not&nbsp;available,74.8
883080.HMPREF9697_02015,xseA,Exodeoxyribonuclease&nbsp;7&nbsp;large&nbsp;subunit,74.8
883080.HMPREF9697_02159,EKS29631.1,annotation&nbsp;not&nbsp;available,74.8
883080.HMPREF9697_00855,EKS28327.1,annotation&nbsp;not&nbsp;available,74.7
883080.HMPREF9697_03211,EKS30683.1,annotation&nbsp;not&nbsp;available,74.7
883080.HMPREF9697_03169,aroK,Shikimate&nbsp;kinase,74.7
883080.HMPREF9697_02257,EKS29729.1,annotation&nbsp;not&nbsp;available,74.6
883080.HMPREF9697_01021,EKS28493.1,annotation&nbsp;not&nbsp;available,74.6
883080.HMPREF9697_00318,rpsK,30S&nbsp;ribosomal&nbsp;protein&nbsp;S11,74.5
883080.HMPREF9697_02542,EKS30014.1,annotation&nbsp;not&nbsp;available,74.5
883080.HMPREF9697_03734,EKS31206.1,annotation&nbsp;not&nbsp;available,74.4
883080.HMPREF9697_03024,EKS30496.1,annotation&nbsp;not&nbsp;available,74.4
883080.HMPREF9697_03362,EKS30834.1,annotation&nbsp;not&nbsp;available,74.4
883080.HMPREF9697_01422,EKS28894.1,annotation&nbsp;not&nbsp;available,74.4
883080.HMPREF9697_02012,tadA,tRNA-specific&nbsp;adenosine&nbsp;deaminase,74.4
883080.HMPREF9697_00631,EKS28103.1,annotation&nbsp;not&nbsp;available,74.3
883080.HMPREF9697_03160,EKS30632.1,annotation&nbsp;not&nbsp;available,74.3
883080.HMPREF9697_03510,EKS30982.1,annotation&nbsp;not&nbsp;available,74.3
883080.HMPREF9697_02077,EKS29549.1,annotation&nbsp;not&nbsp;available,74.2
883080.HMPREF9697_00143,purS,Phosphoribosylformylglycinamidine&nbsp;synthase&nbsp;subunit&nbsp;PurS,74.2
883080.HMPREF9697_03786,EKS31258.1,annotation&nbsp;not&nbsp;available,74.1
883080.HMPREF9697_02074,EKS29546.1,annotation&nbsp;not&nbsp;available,74.1
883080.HMPREF9697_03939,EKS26823.1,annotation&nbsp;not&nbsp;available,74.1
883080.HMPREF9697_04006,EKS26703.1,annotation&nbsp;not&nbsp;available,74.0
883080.HMPREF9697_00440,EKS27912.1,annotation&nbsp;not&nbsp;available,74.0
883080.HMPREF9697_02099,EKS29571.1,annotation&nbsp;not&nbsp;available,74.0
883080.HMPREF9697_00862,EKS28334.1,annotation&nbsp;not&nbsp;available,74.0
883080.HMPREF9697_01191,EKS28663.1,annotation&nbsp;not&nbsp;available,73.9
883080.HMPREF9697_01165,EKS28637.1,annotation&nbsp;not&nbsp;available,73.9
883080.HMPREF9697_02271,EKS29743.1,annotation&nbsp;not&nbsp;available,73.9
883080.HMPREF9697_03651,EKS31123.1,annotation&nbsp;not&nbsp;available,73.9
883080.HMPREF9697_01635,EKS29107.1,annotation&nbsp;not&nbsp;available,73.9
883080.HMPREF9697_02132,EKS29604.1,annotation&nbsp;not&nbsp;available,73.8
883080.HMPREF9697_00302,rplP,50S&nbsp;ribosomal&nbsp;protein&nbsp;L16,73.8
883080.HMPREF9697_01511,EKS28983.1,annotation&nbsp;not&nbsp;available,73.8
883080.HMPREF9697_01951,EKS29423.1,annotation&nbsp;not&nbsp;available,73.8
883080.HMPREF9697_02034,EKS29506.1,annotation&nbsp;not&nbsp;available,73.7
883080.HMPREF9697_01149,EKS28621.1,annotation&nbsp;not&nbsp;available,73.7
883080.HMPREF9697_02486,EKS29958.1,annotation&nbsp;not&nbsp;available,73.6
883080.HMPREF9697_00178,EKS27650.1,annotation&nbsp;not&nbsp;available,73.5
883080.HMPREF9697_00386,EKS27858.1,annotation&nbsp;not&nbsp;available,73.5
883080.HMPREF9697_03671,EKS31143.1,annotation&nbsp;not&nbsp;available,73.5
883080.HMPREF9697_00584,EKS28056.1,Isoprenyl&nbsp;transferase,73.5
883080.HMPREF9697_03588,EKS31060.1,annotation&nbsp;not&nbsp;available,73.4
883080.HMPREF9697_00018,EKS27490.1,annotation&nbsp;not&nbsp;available,73.4
883080.HMPREF9697_00581,tsf,Elongation&nbsp;factor&nbsp;Ts,73.4
883080.HMPREF9697_01054,EKS28526.1,annotation&nbsp;not&nbsp;available,73.4
883080.HMPREF9697_02599,EKS30071.1,annotation&nbsp;not&nbsp;available,73.4
883080.HMPREF9697_00850,EKS28322.1,annotation&nbsp;not&nbsp;available,73.4
883080.HMPREF9697_00291,rpsG,30S&nbsp;ribosomal&nbsp;protein&nbsp;S7,73.4
883080.HMPREF9697_00800,EKS28272.1,annotation&nbsp;not&nbsp;available,73.4
883080.HMPREF9697_02260,EKS29732.1,annotation&nbsp;not&nbsp;available,73.3
883080.HMPREF9697_01097,EKS28569.1,annotation&nbsp;not&nbsp;available,73.3
883080.HMPREF9697_00308,rpsN,30S&nbsp;ribosomal&nbsp;protein&nbsp;S14,73.3
883080.HMPREF9697_03619,EKS31091.1,annotation&nbsp;not&nbsp;available,73.2
883080.HMPREF9697_00765,EKS28237.1,annotation&nbsp;not&nbsp;available,73.2
883080.HMPREF9697_00160,EKS27632.1,annotation&nbsp;not&nbsp;available,73.0
883080.HMPREF9697_02384,EKS29856.1,annotation&nbsp;not&nbsp;available,72.9
883080.HMPREF9697_03287,EKS30759.1,annotation&nbsp;not&nbsp;available,72.9
883080.HMPREF9697_02204,EKS29676.1,annotation&nbsp;not&nbsp;available,72.9
883080.HMPREF9697_03338,cysA,Sulfate/thiosulfate&nbsp;import&nbsp;ATP-binding&nbsp;protein&nbsp;CysA,72.9
883080.HMPREF9697_02063,ruvA,Holliday&nbsp;junction&nbsp;ATP-dependent&nbsp;DNA&nbsp;helicase&nbsp;RuvA,72.9
883080.HMPREF9697_02266,EKS29738.1,annotation&nbsp;not&nbsp;available,72.8
883080.HMPREF9697_01172,EKS28644.1,annotation&nbsp;not&nbsp;available,72.8
883080.HMPREF9697_01913,EKS29385.1,annotation&nbsp;not&nbsp;available,72.8
883080.HMPREF9697_02254,EKS29726.1,annotation&nbsp;not&nbsp;available,72.8
883080.HMPREF9697_03679,EKS31151.1,annotation&nbsp;not&nbsp;available,72.8
883080.HMPREF9697_01144,EKS28616.1,annotation&nbsp;not&nbsp;available,72.7
883080.HMPREF9697_03254,def,Peptide&nbsp;deformylase,72.7
883080.HMPREF9697_00514,EKS27986.1,annotation&nbsp;not&nbsp;available,72.6
883080.HMPREF9697_02171,EKS29643.1,annotation&nbsp;not&nbsp;available,72.6
883080.HMPREF9697_02864,EKS30336.1,annotation&nbsp;not&nbsp;available,72.6
883080.HMPREF9697_00425,EKS27897.1,annotation&nbsp;not&nbsp;available,72.5
883080.HMPREF9697_01628,glgB,"1,4-alpha-glucan&nbsp;branching&nbsp;enzyme&nbsp;GlgB",72.5
883080.HMPREF9697_00948,speH,S-adenosylmethionine&nbsp;decarboxylase&nbsp;proenzyme,72.5
883080.HMPREF9697_03225,EKS30697.1,annotation&nbsp;not&nbsp;available,72.5
883080.HMPREF9697_02173,EKS29645.1,annotation&nbsp;not&nbsp;available,72.5
883080.HMPREF9697_02936,EKS30408.1,annotation&nbsp;not&nbsp;available,72.4
883080.HMPREF9697_03890,EKS31362.1,annotation&nbsp;not&nbsp;available,72.4
883080.HMPREF9697_03834,EKS31306.1,Flagellar&nbsp;motor&nbsp;switch&nbsp;protein&nbsp;FliG,72.3
883080.HMPREF9697_03449,EKS30921.1,annotation&nbsp;not&nbsp;available,72.2
883080.HMPREF9697_01487,EKS28959.1,annotation&nbsp;not&nbsp;available,72.1
883080.HMPREF9697_03078,EKS30550.1,annotation&nbsp;not&nbsp;available,72.1
883080.HMPREF9697_03859,mraY,Phospho-N-acetylmuramoyl-pentapeptide-transferase,72.1
883080.HMPREF9697_01594,EKS29066.1,annotation&nbsp;not&nbsp;available,72.0
883080.HMPREF9697_01286,EKS28758.1,annotation&nbsp;not&nbsp;available,72.0
883080.HMPREF9697_00169,EKS27641.1,annotation&nbsp;not&nbsp;available,72.0
883080.HMPREF9697_00720,EKS28192.1,annotation&nbsp;not&nbsp;available,71.9
883080.HMPREF9697_04034,EKS26508.1,annotation&nbsp;not&nbsp;available,71.8
883080.HMPREF9697_00469,EKS27941.1,annotation&nbsp;not&nbsp;available,71.8
883080.HMPREF9697_00205,EKS27677.1,60&nbsp;kDa&nbsp;chaperonin,71.8
883080.HMPREF9697_00397,EKS27869.1,annotation&nbsp;not&nbsp;available,71.8
883080.HMPREF9697_02112,EKS29584.1,annotation&nbsp;not&nbsp;available,71.7
883080.HMPREF9697_02677,rpmI,annotation&nbsp;not&nbsp;available,71.7
883080.HMPREF9697_01404,EKS28876.1,annotation&nbsp;not&nbsp;available,71.7
883080.HMPREF9697_00859,EKS28331.1,annotation&nbsp;not&nbsp;available,71.6
883080.HMPREF9697_00853,EKS28325.1,annotation&nbsp;not&nbsp;available,71.5
883080.HMPREF9697_01386,EKS28858.1,annotation&nbsp;not&nbsp;available,71.5
883080.HMPREF9697_02487,EKS29959.1,Dihydrolipoyllysine-residue&nbsp;succinyltransferase&nbsp;component&nbsp;of&nbsp;2-oxoglutarate&nbsp;dehydrogenase&nbsp;complex,71.5
883080.HMPREF9697_03149,EKS30621.1,annotation&nbsp;not&nbsp;available,71.5
883080.HMPREF9697_03900,thyA,Thymidylate&nbsp;synthase,71.5
883080.HMPREF9697_03136,EKS30608.1,annotation&nbsp;not&nbsp;available,71.4
883080.HMPREF9697_00162,EKS27634.1,annotation&nbsp;not&nbsp;available,71.4
883080.HMPREF9697_00182,EKS27654.1,annotation&nbsp;not&nbsp;available,71.4
883080.HMPREF9697_02193,EKS29665.1,annotation&nbsp;not&nbsp;available,71.4
883080.HMPREF9697_01644,EKS29116.1,annotation&nbsp;not&nbsp;available,71.4
883080.HMPREF9697_01424,EKS28896.1,annotation&nbsp;not&nbsp;available,71.4
883080.HMPREF9697_03860,murD,UDP-N-acetylmuramoylalanine--D-glutamate&nbsp;ligase,71.4
883080.HMPREF9697_00343,EKS27815.1,annotation&nbsp;not&nbsp;available,71.3
883080.HMPREF9697_00299,rpsS,30S&nbsp;ribosomal&nbsp;protein&nbsp;S19,71.3
883080.HMPREF9697_01132,EKS28604.1,annotation&nbsp;not&nbsp;available,71.2
883080.HMPREF9697_00507,plsX,Phosphate&nbsp;acyltransferase,71.2
883080.HMPREF9697_01362,EKS28834.1,annotation&nbsp;not&nbsp;available,71.2
883080.HMPREF9697_03667,EKS31139.1,annotation&nbsp;not&nbsp;available,71.2
883080.HMPREF9697_02480,atpH,ATP&nbsp;synthase&nbsp;subunit&nbsp;delta,71.2
883080.HMPREF9697_03333,EKS30805.1,Uroporphyrinogen-III&nbsp;C-methyltransferase,71.2
883080.HMPREF9697_03460,EKS30932.1,annotation&nbsp;not&nbsp;available,71.1
883080.HMPREF9697_01334,EKS28806.1,annotation&nbsp;not&nbsp;available,71.1
883080.HMPREF9697_02852,EKS30324.1,annotation&nbsp;not&nbsp;available,71.1
883080.HMPREF9697_00644,tatC,Sec-independent&nbsp;protein&nbsp;translocase&nbsp;protein&nbsp;TatC,71.0
883080.HMPREF9697_02338,EKS29810.1,annotation&nbsp;not&nbsp;available,71.0
883080.HMPREF9697_01261,EKS28733.1,annotation&nbsp;not&nbsp;available,71.0
883080.HMPREF9697_00144,purQ,Phosphoribosylformylglycinamidine&nbsp;synthase&nbsp;subunit&nbsp;PurQ,71.0
883080.HMPREF9697_03215,EKS30687.1,annotation&nbsp;not&nbsp;available,70.9
883080.HMPREF9697_02458,rplU,50S&nbsp;ribosomal&nbsp;protein&nbsp;L21,70.9
883080.HMPREF9697_00803,EKS28275.1,annotation&nbsp;not&nbsp;available,70.8
883080.HMPREF9697_03026,EKS30498.1,annotation&nbsp;not&nbsp;available,70.8
883080.HMPREF9697_01371,EKS28843.1,Ribonucleoside-diphosphate&nbsp;reductase,70.8
883080.HMPREF9697_00407,EKS27879.1,annotation&nbsp;not&nbsp;available,70.7
883080.HMPREF9697_01928,purA,Adenylosuccinate&nbsp;synthetase,70.7
883080.HMPREF9697_02192,EKS29664.1,annotation&nbsp;not&nbsp;available,70.7
883080.HMPREF9697_01976,EKS29448.1,annotation&nbsp;not&nbsp;available,70.7
883080.HMPREF9697_01124,EKS28596.1,Putrescine-binding&nbsp;periplasmic&nbsp;protein,70.7
883080.HMPREF9697_00792,EKS28264.1,annotation&nbsp;not&nbsp;available,70.6
883080.HMPREF9697_03518,EKS30990.1,annotation&nbsp;not&nbsp;available,70.6
883080.HMPREF9697_00311,rplR,50S&nbsp;ribosomal&nbsp;protein&nbsp;L18,70.6
883080.HMPREF9697_00456,EKS27928.1,annotation&nbsp;not&nbsp;available,70.5
883080.HMPREF9697_00804,EKS28276.1,annotation&nbsp;not&nbsp;available,70.5
883080.HMPREF9697_02100,EKS29572.1,annotation&nbsp;not&nbsp;available,70.5
883080.HMPREF9697_00949,speE,Polyamine&nbsp;aminopropyltransferase,70.4
883080.HMPREF9697_02892,asd,Aspartate-semialdehyde&nbsp;dehydrogenase,70.3
883080.HMPREF9697_02335,EKS29807.1,Dihydroorotate&nbsp;dehydrogenase&nbsp;(quinone),70.2
883080.HMPREF9697_00123,EKS27595.1,annotation&nbsp;not&nbsp;available,70.1
883080.HMPREF9697_01868,EKS29340.1,annotation&nbsp;not&nbsp;available,70.1
883080.HMPREF9697_00177,EKS27649.1,annotation&nbsp;not&nbsp;available,70.1
883080.HMPREF9697_01369,metE,5-methyltetrahydropteroyltriglutamate--homocysteine&nbsp;methyltransferase,70.1
883080.HMPREF9697_03401,EKS30873.1,annotation&nbsp;not&nbsp;available,70.1
