666684.AfiDRAFT_3393,fabH,3-oxoacyl-[acyl-carrier-protein]&nbsp;synthase&nbsp;3,98.9
666684.AfiDRAFT_2095,EFI51809.1,PFAM:&nbsp;aminotransferase&nbsp;class&nbsp;I&nbsp;and&nbsp;II,98.9
666684.AfiDRAFT_2087,EFI51801.1,PFAM:&nbsp;histidine&nbsp;kinase&nbsp;dimerisation/phosphoacceptor,98.8
666684.AfiDRAFT_0275,EFI52289.1,KEGG:&nbsp;oca:OCAR_5214&nbsp;flagellar&nbsp;assembly&nbsp;protein&nbsp;H,98.8
666684.AfiDRAFT_3618,EFI50478.1,PFAM:&nbsp;nitrogen-fixing&nbsp;NifU&nbsp;domain&nbsp;protein,98.8
666684.AfiDRAFT_1887,EFI51601.1,KEGG:&nbsp;oca:OCAR_6560&nbsp;2-hydroxy-3-oxopropionate&nbsp;reductase,98.7
666684.AfiDRAFT_2260,glmS,Glutamine--fructose-6-phosphate&nbsp;aminotransferase&nbsp;[isomerizing],98.7
666684.AfiDRAFT_1663,himD,Integration&nbsp;host&nbsp;factor&nbsp;subunit&nbsp;beta,98.7
666684.AfiDRAFT_2772,EFI51399.1,PFAM:&nbsp;Redoxin&nbsp;domain&nbsp;protein,98.7
666684.AfiDRAFT_3821,EFI49963.1,KEGG:&nbsp;oca:OCAR_6692&nbsp;serine--glyoxylate&nbsp;aminotransferase&nbsp;(SgaT),98.7
666684.AfiDRAFT_2809,EFI51436.1,PFAM:&nbsp;NADH/Ubiquinone/plastoquinone&nbsp;(complex&nbsp;I),98.7
666684.AfiDRAFT_3565,rplE,50S&nbsp;ribosomal&nbsp;protein&nbsp;L5,98.5
666684.AfiDRAFT_1414,rpsP,TIGRFAM:&nbsp;ribosomal&nbsp;protein&nbsp;S16,98.5
666684.AfiDRAFT_0274,EFI52288.1,Flagellar&nbsp;motor&nbsp;switch&nbsp;protein&nbsp;FliN,98.5
666684.AfiDRAFT_2389,atpE,ATP&nbsp;synthase&nbsp;subunit&nbsp;c,98.5
666684.AfiDRAFT_1762,EFI51476.1,KEGG:&nbsp;oca:OCAR_6682&nbsp;tetratricopeptide&nbsp;TPR_2,98.4
666684.AfiDRAFT_0798,EFI52811.1,PFAM:&nbsp;Exonuclease&nbsp;RNase&nbsp;T&nbsp;and&nbsp;DNA&nbsp;polymerase&nbsp;III,98.4
666684.AfiDRAFT_2554,EFI51181.1,PFAM:&nbsp;response&nbsp;regulator&nbsp;receiver,98.4
666684.AfiDRAFT_0066,recA,Protein&nbsp;RecA,98.4
666684.AfiDRAFT_1998,EFI51712.1,PFAM:&nbsp;ABC&nbsp;transporter&nbsp;related,98.2
666684.AfiDRAFT_0820,EFI52833.1,Single-stranded&nbsp;DNA-binding&nbsp;protein,98.2
666684.AfiDRAFT_2543,tadA,tRNA-specific&nbsp;adenosine&nbsp;deaminase,98.1
666684.AfiDRAFT_2572,EFI51199.1,PFAM:&nbsp;molybdopterin&nbsp;biosynthesis&nbsp;MoaE&nbsp;protein,98.0
666684.AfiDRAFT_0387,EFI52401.1,Diguanylate&nbsp;cyclase&nbsp;with&nbsp;PAS/PAC&nbsp;sensor,98.0
666684.AfiDRAFT_2232,EFI51946.1,PFAM:&nbsp;Allophanate&nbsp;hydrolase&nbsp;subunit&nbsp;1,98.0
666684.AfiDRAFT_0488,EFI52502.1,KpsF/GutQ&nbsp;family&nbsp;protein,98.0
666684.AfiDRAFT_3688,EFI49981.1,Histidine&nbsp;kinase,97.9
666684.AfiDRAFT_0938,EFI52951.1,Phosphomannomutase,97.9
666684.AfiDRAFT_2129,EFI51843.1,TIGRFAM:&nbsp;lytic&nbsp;murein&nbsp;transglycosylase,97.9
666684.AfiDRAFT_3440,EFI50301.1,PFAM:&nbsp;Respiratory-chain&nbsp;NADH&nbsp;dehydrogenase&nbsp;domain&nbsp;51&nbsp;kDa&nbsp;subunit,97.9
666684.AfiDRAFT_2000,EFI51714.1,PFAM:&nbsp;inner-membrane&nbsp;translocator,97.8
666684.AfiDRAFT_3708,EFI50001.1,PFAM:&nbsp;4Fe-4S&nbsp;ferredoxin&nbsp;iron-sulfur&nbsp;binding&nbsp;domain&nbsp;protein,97.8
666684.AfiDRAFT_3261,EFI50122.1,PFAM:&nbsp;Redoxin&nbsp;domain&nbsp;protein,97.7
666684.AfiDRAFT_0030,EFI52044.1,PFAM:&nbsp;cytochrome&nbsp;c&nbsp;class&nbsp;I,97.6
666684.AfiDRAFT_1720,gyrB,DNA&nbsp;gyrase&nbsp;subunit&nbsp;B,97.6
666684.AfiDRAFT_2702,EFI51329.1,SMART:&nbsp;Ankyrin,97.6
666684.AfiDRAFT_0349,EFI52363.1,Diguanylate&nbsp;cyclase,97.6
666684.AfiDRAFT_1070,EFI53083.1,"Transcriptional&nbsp;regulator,&nbsp;MerR&nbsp;family",97.5
666684.AfiDRAFT_1660,cmk,KEGG:&nbsp;oca:OCAR_4470&nbsp;cytidylate&nbsp;kinase,97.5
666684.AfiDRAFT_1981,EFI51695.1,PFAM:&nbsp;Ppx/GppA&nbsp;phosphatase,97.5
666684.AfiDRAFT_2706,EFI51333.1,KEGG:&nbsp;rpc:RPC_3084&nbsp;hypothetical&nbsp;protein,97.4
666684.AfiDRAFT_3353,nuoA,NADH-quinone&nbsp;oxidoreductase&nbsp;subunit&nbsp;A,97.3
666684.AfiDRAFT_1929,EFI51643.1,TIGRFAM:&nbsp;glutathione-disulfide&nbsp;reductase,97.3
666684.AfiDRAFT_2482,pgk,PFAM:&nbsp;phosphoglycerate&nbsp;kinase,97.2
666684.AfiDRAFT_0710,EFI52723.1,PFAM:&nbsp;acyl-CoA&nbsp;dehydrogenase&nbsp;domain&nbsp;protein,97.2
666684.AfiDRAFT_0932,dnaX,DNA&nbsp;polymerase&nbsp;III&nbsp;subunit&nbsp;gamma/tau,97.2
666684.AfiDRAFT_3808,EFI49950.1,PFAM:&nbsp;major&nbsp;facilitator&nbsp;superfamily&nbsp;MFS_1,97.2
666684.AfiDRAFT_0126,EFI52140.1,TIGRFAM:&nbsp;flagellar&nbsp;hook-associated&nbsp;protein&nbsp;FlgK,97.1
666684.AfiDRAFT_0405,zwf,Glucose-6-phosphate&nbsp;1-dehydrogenase,97.1
666684.AfiDRAFT_3209,EFI50901.1,PFAM:&nbsp;phosphate&nbsp;acetyl/butaryl&nbsp;transferase,97.1
666684.AfiDRAFT_3572,rplV,50S&nbsp;ribosomal&nbsp;protein&nbsp;L22,97.0
666684.AfiDRAFT_0375,EFI52389.1,"Periplasmic&nbsp;nitrate&nbsp;reductase,&nbsp;electron&nbsp;transfer&nbsp;subunit",97.0
666684.AfiDRAFT_2813,EFI51440.1,KEGG:&nbsp;rpe:RPE_0796&nbsp;GTP&nbsp;cyclohydrolase&nbsp;I,97.0
666684.AfiDRAFT_2233,EFI51947.1,Urea&nbsp;amidolyase&nbsp;related&nbsp;protein,96.9
666684.AfiDRAFT_3613,EFI50473.1,Putative&nbsp;CheA&nbsp;signal&nbsp;transduction&nbsp;histidine&nbsp;kinase,96.9
666684.AfiDRAFT_1715,EFI53728.1,PFAM:&nbsp;PfkB&nbsp;domain&nbsp;protein,96.9
666684.AfiDRAFT_3394,plsX,Phosphate&nbsp;acyltransferase,96.7
666684.AfiDRAFT_2628,EFI51255.1,KEGG:&nbsp;oca:OCAR_7154&nbsp;hypothetical&nbsp;protein,96.7
666684.AfiDRAFT_0966,EFI52979.1,Molybdate-transporting&nbsp;ATPase,96.7
666684.AfiDRAFT_3391,EFI50252.1,"Transcriptional&nbsp;regulator,&nbsp;MerR&nbsp;family",96.7
666684.AfiDRAFT_1988,guaA,GMP&nbsp;synthase&nbsp;[glutamine-hydrolyzing],96.7
666684.AfiDRAFT_1227,EFI53240.1,"TIGRFAM:&nbsp;haloacid&nbsp;dehalogenase,&nbsp;type&nbsp;II",96.7
666684.AfiDRAFT_2108,EFI51822.1,TIGRFAM:&nbsp;FeS&nbsp;assembly&nbsp;protein&nbsp;SufB,96.6
666684.AfiDRAFT_2206,EFI51920.1,Nucleotide&nbsp;sugar&nbsp;dehydrogenase,96.6
666684.AfiDRAFT_3331,EFI50192.1,KEGG:&nbsp;oca:OCAR_5945&nbsp;thiol-disulfide&nbsp;isomerase&nbsp;and&nbsp;thioredoxins,96.6
666684.AfiDRAFT_3316,EFI50177.1,PFAM:&nbsp;phosphatidate&nbsp;cytidylyltransferase,96.6
666684.AfiDRAFT_1177,prfA,Peptide&nbsp;chain&nbsp;release&nbsp;factor&nbsp;1,96.6
666684.AfiDRAFT_3651,gpt,Xanthine&nbsp;phosphoribosyltransferase,96.6
666684.AfiDRAFT_0146,EFI52160.1,PFAM:&nbsp;protein&nbsp;of&nbsp;unknown&nbsp;function&nbsp;DUF140,96.3
666684.AfiDRAFT_3376,rplM,50S&nbsp;ribosomal&nbsp;protein&nbsp;L13,96.3
666684.AfiDRAFT_1176,EFI53189.1,"PTSINtr&nbsp;with&nbsp;GAF&nbsp;domain,&nbsp;PtsP",96.2
666684.AfiDRAFT_3595,EFI50456.1,PFAM:&nbsp;metallophosphoesterase,96.1
666684.AfiDRAFT_1200,EFI53213.1,PFAM:&nbsp;ABC&nbsp;transporter&nbsp;related,96.1
666684.AfiDRAFT_3703,EFI49996.1,PFAM:&nbsp;cytochrome&nbsp;c&nbsp;class&nbsp;I,96.0
666684.AfiDRAFT_0665,EFI52678.1,"KEGG:&nbsp;oca:OCAR_5020&nbsp;cytochrome&nbsp;c,&nbsp;class&nbsp;I",96.0
666684.AfiDRAFT_0524,EFI52537.1,"PFAM:&nbsp;Chorismate&nbsp;mutase,&nbsp;type&nbsp;II",96.0
666684.AfiDRAFT_2433,EFI51060.1,PFAM:&nbsp;inner-membrane&nbsp;translocator,96.0
666684.AfiDRAFT_3769,atpA,ATP&nbsp;synthase&nbsp;subunit&nbsp;alpha,95.9
666684.AfiDRAFT_2668,EFI51295.1,PFAM:&nbsp;glycosyl&nbsp;transferase&nbsp;group&nbsp;1,95.8
666684.AfiDRAFT_3624,thrS,Threonine--tRNA&nbsp;ligase,95.8
666684.AfiDRAFT_1950,EFI51664.1,PFAM:&nbsp;aminotransferase&nbsp;class&nbsp;I&nbsp;and&nbsp;II,95.7
666684.AfiDRAFT_1270,EFI53283.1,NAD(P)(+)&nbsp;transhydrogenase&nbsp;(AB-specific),95.7
666684.AfiDRAFT_2889,EFI50581.1,PFAM:&nbsp;thioesterase&nbsp;superfamily&nbsp;protein,95.7
666684.AfiDRAFT_2238,EFI51952.1,PFAM:&nbsp;FAD-dependent&nbsp;pyridine&nbsp;nucleotide-disulphide&nbsp;oxidoreductase,95.7
666684.AfiDRAFT_3221,EFI50913.1,"Transcriptional&nbsp;regulator,&nbsp;Crp/Fnr&nbsp;family",95.6
666684.AfiDRAFT_0534,EFI52547.1,PFAM:&nbsp;response&nbsp;regulator&nbsp;receiver,95.6
666684.AfiDRAFT_2036,EFI51750.1,PFAM:&nbsp;permease&nbsp;YjgP/YjgQ&nbsp;family&nbsp;protein,95.6
666684.AfiDRAFT_3589,rplL,50S&nbsp;ribosomal&nbsp;protein&nbsp;L7/L12,95.5
666684.AfiDRAFT_0705,EFI52718.1,PFAM:&nbsp;dihydroxy-acid&nbsp;and&nbsp;6-phosphogluconate&nbsp;dehydratase,95.4
666684.AfiDRAFT_3327,lolD,Lipoprotein-releasing&nbsp;system&nbsp;ATP-binding&nbsp;protein&nbsp;LolD,95.4
666684.AfiDRAFT_2838,EFI51465.1,KEGG:&nbsp;oca:OCAR_6692&nbsp;serine--glyoxylate&nbsp;aminotransferase&nbsp;(SgaT),95.3
666684.AfiDRAFT_1406,ftsY,Signal&nbsp;recognition&nbsp;particle&nbsp;receptor&nbsp;FtsY,95.3
666684.AfiDRAFT_2018,rplI,50S&nbsp;ribosomal&nbsp;protein&nbsp;L9,95.2
666684.AfiDRAFT_0014,EFI52028.1,PFAM:&nbsp;protein&nbsp;of&nbsp;unknown&nbsp;function&nbsp;DUF182,95.2
666684.AfiDRAFT_3104,EFI50796.1,SoxAX&nbsp;cytochrome&nbsp;complex&nbsp;subunit&nbsp;A,95.2
666684.AfiDRAFT_0624,EFI52637.1,PFAM:&nbsp;cytochrome&nbsp;c&nbsp;class&nbsp;I,95.2
666684.AfiDRAFT_3590,rplJ,50S&nbsp;ribosomal&nbsp;protein&nbsp;L10,95.1
666684.AfiDRAFT_0149,EFI52163.1,PFAM:&nbsp;Pyridoxal-5'-phosphate-dependent&nbsp;protein&nbsp;beta&nbsp;subunit,95.1
666684.AfiDRAFT_2618,glmM,Phosphoglucosamine&nbsp;mutase,95.1
666684.AfiDRAFT_0175,ahcY,Adenosylhomocysteinase,95.1
666684.AfiDRAFT_2677,EFI51304.1,KEGG:&nbsp;oca:OCAR_7119&nbsp;YHS&nbsp;domain&nbsp;protein,95.0
666684.AfiDRAFT_0055,cynS,Cyanate&nbsp;hydratase,95.0
666684.AfiDRAFT_3556,adk,Adenylate&nbsp;kinase,95.0
666684.AfiDRAFT_2836,EFI51463.1,PFAM:&nbsp;Amidase,95.0
666684.AfiDRAFT_2909,EFI50601.1,PFAM:&nbsp;adenylyl&nbsp;cyclase&nbsp;class-3/4/guanylyl&nbsp;cyclase,95.0
666684.AfiDRAFT_1724,rpsT,30S&nbsp;ribosomal&nbsp;protein&nbsp;S20,95.0
666684.AfiDRAFT_2469,EFI51096.1,Diguanylate&nbsp;cyclase/phosphodiesterase&nbsp;with&nbsp;PAS/PAC&nbsp;and&nbsp;periplasmic/7TM&nbsp;domain&nbsp;sensor(S),94.9
666684.AfiDRAFT_3814,EFI49956.1,"Amidase,&nbsp;hydantoinase/carbamoylase&nbsp;family",94.9
666684.AfiDRAFT_3612,EFI50472.1,PFAM:&nbsp;response&nbsp;regulator&nbsp;receiver,94.9
666684.AfiDRAFT_0538,argH,TIGRFAM:&nbsp;argininosuccinate&nbsp;lyase,94.9
666684.AfiDRAFT_1697,infB,Translation&nbsp;initiation&nbsp;factor&nbsp;IF-2,94.9
666684.AfiDRAFT_3805,EFI49947.1,TIGRFAM:&nbsp;molybdopterin-guanine&nbsp;dinucleotide&nbsp;biosynthesis&nbsp;protein&nbsp;B,94.8
666684.AfiDRAFT_3429,EFI50290.1,PFAM:&nbsp;Uracil-DNA&nbsp;glycosylase&nbsp;superfamily,94.8
666684.AfiDRAFT_2077,EFI51791.1,"Two&nbsp;component,&nbsp;sigma54&nbsp;specific,&nbsp;transcriptional&nbsp;regulator,&nbsp;Fis&nbsp;family",94.7
666684.AfiDRAFT_1123,EFI53136.1,PFAM:&nbsp;D-isomer&nbsp;specific&nbsp;2-hydroxyacid&nbsp;dehydrogenase&nbsp;NAD-binding,94.6
666684.AfiDRAFT_2664,EFI51291.1,PFAM:&nbsp;response&nbsp;regulator&nbsp;receiver,94.6
666684.AfiDRAFT_2503,tilS,tRNA(Ile)-lysidine&nbsp;synthase,94.6
666684.AfiDRAFT_2289,EFI52003.1,PFAM:&nbsp;chemotaxis&nbsp;sensory&nbsp;transducer,94.6
666684.AfiDRAFT_0917,yidC,Membrane&nbsp;protein&nbsp;insertase&nbsp;YidC,94.6
666684.AfiDRAFT_0586,EFI52599.1,PFAM:&nbsp;phosphoadenosine&nbsp;phosphosulfate&nbsp;reductase,94.4
666684.AfiDRAFT_2908,EFI50600.1,Carboxymethylenebutenolidase,94.4
666684.AfiDRAFT_0628,EFI52641.1,"KEGG:&nbsp;oca:OCAR_7438&nbsp;5,10-methylenetetrahydrofolate&nbsp;reductase",94.4
666684.AfiDRAFT_0958,EFI52971.1,"Phosphotransferase&nbsp;system,&nbsp;phosphocarrier&nbsp;protein&nbsp;HPr",94.3
666684.AfiDRAFT_2390,atpB,ATP&nbsp;synthase&nbsp;subunit&nbsp;a,94.3
666684.AfiDRAFT_1169,EFI53182.1,PFAM:&nbsp;Nitrilase/cyanide&nbsp;hydratase&nbsp;and&nbsp;apolipoprotein&nbsp;N-acyltransferase,94.3
666684.AfiDRAFT_3712,EFI50005.1,KEGG:&nbsp;nha:Nham_3122&nbsp;molybdopterin-guanine&nbsp;dinucleotide&nbsp;biosynthesis&nbsp;protein&nbsp;A,94.3
666684.AfiDRAFT_0173,EFI52187.1,KEGG:&nbsp;dal:Dalk_3187&nbsp;hypothetical&nbsp;protein,94.2
666684.AfiDRAFT_0406,EFI52420.1,TIGRFAM:&nbsp;6-phosphogluconolactonase,94.2
666684.AfiDRAFT_2446,EFI51073.1,KEGG:&nbsp;mrd:Mrad2831_2693&nbsp;diguanylate&nbsp;cyclase/phosphodiesterase&nbsp;with&nbsp;PAS/PAC&nbsp;sensor(s),94.2
666684.AfiDRAFT_1184,EFI53197.1,TIGRFAM:&nbsp;acetoacetyl-CoA&nbsp;reductase,94.2
666684.AfiDRAFT_2860,EFI50552.1,PFAM:&nbsp;CoA-binding&nbsp;domain&nbsp;protein,94.2
666684.AfiDRAFT_0529,EFI52542.1,PFAM:&nbsp;phospholipid/glycerol&nbsp;acyltransferase,94.1
666684.AfiDRAFT_2647,EFI51274.1,PFAM:&nbsp;Extracellular&nbsp;ligand-binding&nbsp;receptor,94.1
666684.AfiDRAFT_2447,EFI51074.1,PFAM:&nbsp;HpcH/HpaI&nbsp;aldolase,94.1
666684.AfiDRAFT_3616,hisI,Phosphoribosyl-AMP&nbsp;cyclohydrolase,94.0
666684.AfiDRAFT_3183,dnaE2,Error-prone&nbsp;DNA&nbsp;polymerase,94.0
666684.AfiDRAFT_3621,EFI50481.1,PFAM:&nbsp;[2Fe-2S]-binding&nbsp;domain&nbsp;protein,93.9
666684.AfiDRAFT_0642,EFI52655.1,PFAM:&nbsp;ABC&nbsp;transporter&nbsp;related,93.9
666684.AfiDRAFT_1596,EFI53609.1,KEGG:&nbsp;oca:OCAR_4424&nbsp;transcriptional&nbsp;regulator&nbsp;of&nbsp;AraC&nbsp;family,93.9
666684.AfiDRAFT_0556,EFI52569.1,PFAM:&nbsp;histidine&nbsp;kinase&nbsp;HAMP&nbsp;region&nbsp;domain&nbsp;protein,93.9
666684.AfiDRAFT_3781,nadD,Probable&nbsp;nicotinate-nucleotide&nbsp;adenylyltransferase,93.9
666684.AfiDRAFT_3298,moaC,Cyclic&nbsp;pyranopterin&nbsp;monophosphate&nbsp;synthase,93.8
666684.AfiDRAFT_3762,EFI50055.1,Dihydrolipoyllysine-residue&nbsp;succinyltransferase&nbsp;component&nbsp;of&nbsp;2-oxoglutarate&nbsp;dehydrogenase&nbsp;complex,93.8
666684.AfiDRAFT_0655,EFI52668.1,"Transcriptional&nbsp;regulator,&nbsp;Crp/Fnr&nbsp;family",93.8
666684.AfiDRAFT_0479,EFI52493.1,"TIGRFAM:&nbsp;glutamate&nbsp;synthase,&nbsp;NADH/NADPH,&nbsp;small&nbsp;subunit",93.8
666684.AfiDRAFT_1869,EFI51583.1,Integral&nbsp;membrane&nbsp;sensor&nbsp;signal&nbsp;transduction&nbsp;histidine&nbsp;kinase,93.8
666684.AfiDRAFT_1635,EFI53648.1,Gamma-glutamyltransferase,93.8
666684.AfiDRAFT_2256,EFI51970.1,PFAM:&nbsp;protein&nbsp;of&nbsp;unknown&nbsp;function&nbsp;DUF339,93.8
666684.AfiDRAFT_0955,EFI52968.1,Integral&nbsp;membrane&nbsp;sensor&nbsp;signal&nbsp;transduction&nbsp;histidine&nbsp;kinase,93.7
666684.AfiDRAFT_0402,EFI52416.1,TIGRFAM:&nbsp;transketolase,93.7
666684.AfiDRAFT_2982,EFI50674.1,Methyltransferase,93.7
666684.AfiDRAFT_0330,EFI52344.1,PFAM:&nbsp;glycosyl&nbsp;transferase&nbsp;group&nbsp;1,93.7
666684.AfiDRAFT_1894,EFI51608.1,PFAM:&nbsp;CoA-binding&nbsp;domain&nbsp;protein,93.7
666684.AfiDRAFT_0688,EFI52701.1,PFAM:&nbsp;Amidase,93.6
666684.AfiDRAFT_1687,EFI53700.1,PFAM:&nbsp;Beta-ketoacyl&nbsp;synthase,93.6
666684.AfiDRAFT_3329,proS,Proline--tRNA&nbsp;ligase,93.5
666684.AfiDRAFT_2658,EFI51285.1,Cbb3-type&nbsp;cytochrome&nbsp;c&nbsp;oxidase&nbsp;subunit,93.5
666684.AfiDRAFT_3598,EFI50458.1,PFAM:&nbsp;HWE&nbsp;histidine&nbsp;kinase,93.4
666684.AfiDRAFT_2571,moaD,Molybdopterin&nbsp;synthase&nbsp;sulfur&nbsp;carrier&nbsp;subunit,93.4
666684.AfiDRAFT_3611,nadK,NAD&nbsp;kinase,93.4
666684.AfiDRAFT_1525,coaE,Dephospho-CoA&nbsp;kinase,93.3
666684.AfiDRAFT_0141,EFI52155.1,PFAM:&nbsp;Hpt&nbsp;domain&nbsp;protein,93.3
666684.AfiDRAFT_1860,EFI51574.1,KEGG:&nbsp;oca:OCAR_6587&nbsp;gene&nbsp;transfer&nbsp;agent,93.3
666684.AfiDRAFT_0460,EFI52474.1,PFAM:&nbsp;cytochrome&nbsp;c&nbsp;oxidase&nbsp;subunit&nbsp;III,93.3
666684.AfiDRAFT_3535,EFI50396.1,PFAM:&nbsp;dihydrodipicolinate&nbsp;synthetase,93.2
666684.AfiDRAFT_3085,EFI50777.1,PFAM:&nbsp;D-isomer&nbsp;specific&nbsp;2-hydroxyacid&nbsp;dehydrogenase&nbsp;NAD-binding,93.2
666684.AfiDRAFT_1985,guaB,Inosine-5'-monophosphate&nbsp;dehydrogenase,93.2
666684.AfiDRAFT_2175,lipA,Lipoyl&nbsp;synthase,93.1
666684.AfiDRAFT_3277,EFI50138.1,PFAM:&nbsp;Transketolase&nbsp;central&nbsp;region,93.1
666684.AfiDRAFT_1269,EFI53282.1,KEGG:&nbsp;oca:OCAR_5095&nbsp;NAD(P)&nbsp;transhydrogenase&nbsp;subunit&nbsp;alpha,93.0
666684.AfiDRAFT_1538,hisF,Imidazole&nbsp;glycerol&nbsp;phosphate&nbsp;synthase&nbsp;subunit&nbsp;HisF,93.0
666684.AfiDRAFT_2305,EFI50932.1,"Two&nbsp;component&nbsp;transcriptional&nbsp;regulator,&nbsp;winged&nbsp;helix&nbsp;family",93.0
666684.AfiDRAFT_3441,EFI50302.1,PFAM:&nbsp;molybdopterin&nbsp;oxidoreductase&nbsp;Fe4S4&nbsp;region,93.0
666684.AfiDRAFT_2667,EFI51294.1,Ferredoxin,92.8
666684.AfiDRAFT_3563,rpsH,30S&nbsp;ribosomal&nbsp;protein&nbsp;S8,92.8
666684.AfiDRAFT_2905,glgE,"Alpha-1,4-glucan:maltose-1-phosphate&nbsp;maltosyltransferase",92.8
666684.AfiDRAFT_2685,EFI51312.1,"Two&nbsp;component&nbsp;transcriptional&nbsp;regulator,&nbsp;winged&nbsp;helix&nbsp;family",92.8
666684.AfiDRAFT_1500,EFI53513.1,PFAM:&nbsp;aminotransferase&nbsp;class&nbsp;I&nbsp;and&nbsp;II,92.8
666684.AfiDRAFT_2536,EFI51163.1,PFAM:&nbsp;Three-deoxy-D-manno-octulosonic-acid&nbsp;transferase&nbsp;domain&nbsp;protein,92.7
666684.AfiDRAFT_2921,tam,Trans-aconitate&nbsp;2-methyltransferase,92.6
666684.AfiDRAFT_1893,sucC,Succinate--CoA&nbsp;ligase&nbsp;[ADP-forming]&nbsp;subunit&nbsp;beta,92.6
666684.AfiDRAFT_2439,EFI51066.1,PFAM:&nbsp;fumarate&nbsp;reductase/succinate&nbsp;dehydrogenase&nbsp;flavoprotein&nbsp;domain&nbsp;protein,92.6
666684.AfiDRAFT_0580,EFI52593.1,"TIGRFAM:&nbsp;sulfate&nbsp;ABC&nbsp;transporter,&nbsp;inner&nbsp;membrane&nbsp;subunit&nbsp;CysW",92.5
666684.AfiDRAFT_0706,EFI52719.1,PFAM:&nbsp;FAD&nbsp;dependent&nbsp;oxidoreductase,92.5
666684.AfiDRAFT_0276,EFI52290.1,Flagellar&nbsp;motor&nbsp;switch&nbsp;protein&nbsp;FliG,92.5
666684.AfiDRAFT_1631,EFI53644.1,PFAM:&nbsp;Alcohol&nbsp;dehydrogenase&nbsp;zinc-binding&nbsp;domain&nbsp;protein,92.4
666684.AfiDRAFT_0769,EFI52782.1,PFAM:&nbsp;purine&nbsp;or&nbsp;other&nbsp;phosphorylase&nbsp;family&nbsp;1,92.4
666684.AfiDRAFT_1151,EFI53164.1,"KEGG:&nbsp;oca:OCAR_4070&nbsp;cobaltochelatase,&nbsp;CobS&nbsp;subunit",92.4
666684.AfiDRAFT_1933,nadE,Glutamine-dependent&nbsp;NAD(+)&nbsp;synthetase,92.4
666684.AfiDRAFT_1020,EFI53033.1,"Transcriptional&nbsp;regulator,&nbsp;MerR&nbsp;family",92.3
666684.AfiDRAFT_2949,EFI50641.1,PFAM:&nbsp;metallophosphoesterase,92.3
666684.AfiDRAFT_3197,EFI50889.1,PFAM:&nbsp;dihydrodipicolinate&nbsp;synthetase,92.3
666684.AfiDRAFT_1204,EFI53217.1,"TIGRFAM:&nbsp;penicillin-binding&nbsp;protein,&nbsp;1A&nbsp;family",92.3
666684.AfiDRAFT_1902,EFI51616.1,PFAM:&nbsp;ABC&nbsp;transporter&nbsp;related,92.3
666684.AfiDRAFT_2972,apt,Adenine&nbsp;phosphoribosyltransferase,92.2
666684.AfiDRAFT_1775,EFI51489.1,KEGG:&nbsp;oca:OCAR_6669&nbsp;hypothetical&nbsp;protein,92.2
666684.AfiDRAFT_1390,EFI53403.1,Beta-N-acetylhexosaminidase,92.2
666684.AfiDRAFT_0422,EFI52436.1,"Transcriptional&nbsp;regulator,&nbsp;Crp/Fnr&nbsp;family",92.2
666684.AfiDRAFT_1403,EFI53416.1,PFAM:&nbsp;Cl-&nbsp;channel&nbsp;voltage-gated&nbsp;family&nbsp;protein,92.2
666684.AfiDRAFT_0807,EFI52820.1,PFAM:&nbsp;Carboxymuconolactone&nbsp;decarboxylase,92.2
666684.AfiDRAFT_1955,EFI51669.1,PFAM:&nbsp;Beta-ketoacyl&nbsp;synthase,92.2
666684.AfiDRAFT_0360,EFI52374.1,PFAM:&nbsp;binding-protein-dependent&nbsp;transport&nbsp;systems&nbsp;inner&nbsp;membrane&nbsp;component,92.1
666684.AfiDRAFT_0482,EFI52496.1,TIGRFAM:&nbsp;lytic&nbsp;murein&nbsp;transglycosylase,92.1
666684.AfiDRAFT_1144,rpmB,TIGRFAM:&nbsp;ribosomal&nbsp;protein&nbsp;L28,92.1
666684.AfiDRAFT_2659,EFI51286.1,PFAM:&nbsp;Cbb3-type&nbsp;cytochrome&nbsp;oxidase&nbsp;component,92.0
666684.AfiDRAFT_2221,EFI51935.1,"TIGRFAM:&nbsp;transporter,&nbsp;hydrophobe/amphiphile&nbsp;efflux-1&nbsp;(HAE1)&nbsp;family",92.0
666684.AfiDRAFT_1651,EFI53664.1,PFAM:&nbsp;ABC&nbsp;transporter&nbsp;related,92.0
666684.AfiDRAFT_0057,EFI52071.1,KEGG:&nbsp;oca:OCAR_5440&nbsp;isocitrate&nbsp;dehydrogenase,92.0
666684.AfiDRAFT_2609,EFI51236.1,PFAM:&nbsp;Glutathione&nbsp;S-transferase&nbsp;domain,91.9
666684.AfiDRAFT_2358,EFI50985.1,PFAM:&nbsp;extracellular&nbsp;solute-binding&nbsp;protein&nbsp;family&nbsp;3,91.9
666684.AfiDRAFT_0355,EFI52369.1,KEGG:&nbsp;oca:OCAR_5117&nbsp;3-oxoadipate&nbsp;CoA-succinyl&nbsp;transferase&nbsp;beta&nbsp;subunit,91.9
666684.AfiDRAFT_3401,nusB,Transcription&nbsp;antitermination&nbsp;protein&nbsp;NusB,91.8
666684.AfiDRAFT_0153,EFI52167.1,KEGG:&nbsp;oca:OCAR_5343&nbsp;phosphomethylpyrimidine&nbsp;kinase,91.8
666684.AfiDRAFT_3218,EFI50910.1,Succinate--CoA&nbsp;ligase&nbsp;(ADP-forming),91.8
666684.AfiDRAFT_1727,EFI53740.1,PFAM:&nbsp;polysaccharide&nbsp;export&nbsp;protein,91.7
666684.AfiDRAFT_2214,EFI51928.1,Serine-type&nbsp;D-Ala-D-Ala&nbsp;carboxypeptidase,91.7
666684.AfiDRAFT_3559,rpmD,TIGRFAM:&nbsp;ribosomal&nbsp;protein&nbsp;L30,91.7
666684.AfiDRAFT_1322,EFI53335.1,PFAM:&nbsp;Redoxin&nbsp;domain&nbsp;protein,91.6
666684.AfiDRAFT_0108,EFI52122.1,TIGRFAM:&nbsp;flagellar&nbsp;basal-body&nbsp;rod&nbsp;protein&nbsp;FlgG,91.6
666684.AfiDRAFT_2611,EFI51238.1,PFAM:&nbsp;aminotransferase&nbsp;class&nbsp;I&nbsp;and&nbsp;II,91.6
666684.AfiDRAFT_2023,EFI51737.1,TIGRFAM:&nbsp;3-oxoacyl-(acyl-carrier-protein)&nbsp;reductase,91.5
666684.AfiDRAFT_1673,EFI53686.1,PFAM:&nbsp;Nucleotidyl&nbsp;transferase,91.5
666684.AfiDRAFT_3311,fabZ,3-hydroxyacyl-[acyl-carrier-protein]&nbsp;dehydratase&nbsp;FabZ,91.5
666684.AfiDRAFT_3256,surE,5'-nucleotidase&nbsp;SurE,91.5
666684.AfiDRAFT_1531,hslU,ATP-dependent&nbsp;protease&nbsp;ATPase&nbsp;subunit&nbsp;HslU,91.4
666684.AfiDRAFT_3096,EFI50788.1,PFAM:&nbsp;Sulphur&nbsp;oxidation&nbsp;protein&nbsp;SoxZ,91.4
666684.AfiDRAFT_3581,rpsG,30S&nbsp;ribosomal&nbsp;protein&nbsp;S7,91.4
666684.AfiDRAFT_3155,EFI50847.1,Pyruvate&nbsp;dehydrogenase&nbsp;E1&nbsp;component,91.4
666684.AfiDRAFT_3791,EFI50084.1,Trehalose&nbsp;6-phosphate&nbsp;phosphatase,91.3
666684.AfiDRAFT_1661,EFI53674.1,30S&nbsp;ribosomal&nbsp;protein&nbsp;S1,91.3
666684.AfiDRAFT_0621,EFI52634.1,PFAM:&nbsp;binding-protein-dependent&nbsp;transport&nbsp;systems&nbsp;inner&nbsp;membrane&nbsp;component,91.2
666684.AfiDRAFT_2941,EFI50633.1,TIGRFAM:&nbsp;thiamine&nbsp;biosynthesis&nbsp;protein&nbsp;ThiS,91.2
666684.AfiDRAFT_0432,EFI52446.1,"Transcriptional&nbsp;regulator,&nbsp;Crp/Fnr&nbsp;family",91.1
666684.AfiDRAFT_2396,EFI51023.1,Integral&nbsp;membrane&nbsp;sensor&nbsp;hybrid&nbsp;histidine&nbsp;kinase,91.0
666684.AfiDRAFT_2149,EFI51863.1,PFAM:&nbsp;Tripartite&nbsp;ATP-independent&nbsp;periplasmic&nbsp;transporter&nbsp;DctQ&nbsp;component,91.0
666684.AfiDRAFT_3041,EFI50733.1,PFAM:&nbsp;acyl-CoA&nbsp;dehydrogenase&nbsp;domain&nbsp;protein,90.9
666684.AfiDRAFT_2526,hisG,ATP&nbsp;phosphoribosyltransferase,90.9
666684.AfiDRAFT_1268,EFI53281.1,NAD(P)&nbsp;transhydrogenase&nbsp;subunit&nbsp;beta,90.8
666684.AfiDRAFT_2712,EFI51339.1,PFAM:&nbsp;binding-protein-dependent&nbsp;transport&nbsp;systems&nbsp;inner&nbsp;membrane&nbsp;component,90.8
666684.AfiDRAFT_1213,EFI53226.1,PFAM:&nbsp;NADH:flavin&nbsp;oxidoreductase/NADH&nbsp;oxidase,90.8
666684.AfiDRAFT_3738,EFI50031.1,TIGRFAM:&nbsp;40-residue&nbsp;YVTN&nbsp;family&nbsp;beta-propeller&nbsp;repeat&nbsp;protein,90.8
666684.AfiDRAFT_0016,EFI52030.1,KEGG:&nbsp;oca:OCAR_5483&nbsp;3-oxoadipate&nbsp;enol-lactonase,90.8
666684.AfiDRAFT_2641,EFI51268.1,PFAM:&nbsp;inner-membrane&nbsp;translocator,90.7
666684.AfiDRAFT_2483,EFI51110.1,"KEGG:&nbsp;oca:OCAR_7311&nbsp;glyceraldehyde-3-phosphate&nbsp;dehydrogenase,&nbsp;type&nbsp;I",90.7
666684.AfiDRAFT_0065,gcvP,Glycine&nbsp;dehydrogenase&nbsp;(decarboxylating),90.7
666684.AfiDRAFT_2203,EFI51917.1,PFAM:&nbsp;sugar&nbsp;transferase,90.7
666684.AfiDRAFT_3339,nuoN,NADH-quinone&nbsp;oxidoreductase&nbsp;subunit&nbsp;N,90.6
666684.AfiDRAFT_2939,EFI50631.1,Thiamine-phosphate&nbsp;diphosphorylase,90.6
666684.AfiDRAFT_2637,EFI51264.1,PFAM:&nbsp;[2Fe-2S]-binding&nbsp;domain&nbsp;protein,90.6
666684.AfiDRAFT_0303,EFI52317.1,PFAM:&nbsp;molybdopterin&nbsp;oxidoreductase&nbsp;Fe4S4&nbsp;region,90.5
666684.AfiDRAFT_0526,EFI52539.1,PFAM:&nbsp;Prephenate&nbsp;dehydrogenase,90.5
666684.AfiDRAFT_1308,EFI53321.1,"Transcriptional&nbsp;regulator,&nbsp;MerR&nbsp;family",90.5
666684.AfiDRAFT_2343,EFI50970.1,Phosphate-specific&nbsp;transport&nbsp;system&nbsp;accessory&nbsp;protein&nbsp;PhoU,90.5
666684.AfiDRAFT_3255,EFI50116.1,PFAM:&nbsp;response&nbsp;regulator&nbsp;receiver,90.4
666684.AfiDRAFT_2752,EFI51379.1,L-lactate&nbsp;dehydrogenase&nbsp;(Cytochrome),90.4
666684.AfiDRAFT_3123,EFI50815.1,"TIGRFAM:&nbsp;formate&nbsp;dehydrogenase,&nbsp;alpha&nbsp;subunit",90.3
666684.AfiDRAFT_0845,EFI52858.1,TIGRFAM:&nbsp;P-type&nbsp;conjugative&nbsp;transfer&nbsp;protein&nbsp;TrbJ,90.3
666684.AfiDRAFT_2615,aroE,Shikimate&nbsp;dehydrogenase&nbsp;(NADP(+)),90.3
666684.AfiDRAFT_1190,rpmF,TIGRFAM:&nbsp;ribosomal&nbsp;protein&nbsp;L32,90.3
666684.AfiDRAFT_3266,argS,Arginine--tRNA&nbsp;ligase,90.2
666684.AfiDRAFT_2319,EFI50946.1,PFAM:&nbsp;phosphoesterase,90.2
666684.AfiDRAFT_0370,EFI52384.1,PFAM:&nbsp;Aldehyde&nbsp;Dehydrogenase,90.2
666684.AfiDRAFT_0969,EFI52982.1,PFAM:&nbsp;ABC&nbsp;transporter&nbsp;related,90.2
666684.AfiDRAFT_3016,nadA,Quinolinate&nbsp;synthase&nbsp;A,90.1
666684.AfiDRAFT_3388,EFI50249.1,PFAM:&nbsp;permease&nbsp;YjgP/YjgQ&nbsp;family&nbsp;protein,90.0
666684.AfiDRAFT_1483,purH,Bifunctional&nbsp;purine&nbsp;biosynthesis&nbsp;protein&nbsp;PurH,90.0
666684.AfiDRAFT_2005,panB,3-methyl-2-oxobutanoate&nbsp;hydroxymethyltransferase,90.0
666684.AfiDRAFT_2383,EFI51010.1,KEGG:&nbsp;oca:OCAR_4693&nbsp;threonine&nbsp;synthase,90.0
666684.AfiDRAFT_0183,EFI52197.1,PFAM:&nbsp;Extracellular&nbsp;ligand-binding&nbsp;receptor,90.0
666684.AfiDRAFT_0633,EFI52646.1,Hydroxypyruvate&nbsp;reductase,89.9
666684.AfiDRAFT_2884,EFI50576.1,Diguanylate&nbsp;cyclase,89.9
666684.AfiDRAFT_0408,EFI52422.1,TIGRFAM:&nbsp;Cof-like&nbsp;hydrolase,89.9
666684.AfiDRAFT_0430,EFI52444.1,"KEGG:&nbsp;oca:OCAR_5043&nbsp;nitrate&nbsp;reductase,&nbsp;alpha&nbsp;subunit",89.8
666684.AfiDRAFT_2898,EFI50590.1,KEGG:&nbsp;nha:Nham_3395&nbsp;cytochrome&nbsp;c&nbsp;oxidoreductase&nbsp;subunit&nbsp;B,89.8
666684.AfiDRAFT_2125,EFI51839.1,PFAM:&nbsp;homoserine&nbsp;dehydrogenase,89.8
666684.AfiDRAFT_2891,EFI50583.1,Citrate&nbsp;synthase,89.8
666684.AfiDRAFT_3178,EFI50870.1,PFAM:&nbsp;ATP&nbsp;dependent&nbsp;DNA&nbsp;ligase,89.7
666684.AfiDRAFT_2509,EFI51136.1,PFAM:&nbsp;protein&nbsp;of&nbsp;unknown&nbsp;function&nbsp;DUF224&nbsp;cysteine-rich&nbsp;region&nbsp;domain&nbsp;protein,89.7
666684.AfiDRAFT_0053,purC,KEGG:&nbsp;oca:OCAR_5449&nbsp;phosphoribosylaminoimidazole-succinocarboxamide&nbsp;synthase,89.7
666684.AfiDRAFT_2874,EFI50566.1,PFAM:&nbsp;binding-protein-dependent&nbsp;transport&nbsp;systems&nbsp;inner&nbsp;membrane&nbsp;component,89.6
666684.AfiDRAFT_3128,EFI50820.1,PFAM:&nbsp;aldehyde&nbsp;oxidase&nbsp;and&nbsp;xanthine&nbsp;dehydrogenase&nbsp;molybdopterin&nbsp;binding,89.6
666684.AfiDRAFT_1589,dnaK,Chaperone&nbsp;protein&nbsp;DnaK,89.6
666684.AfiDRAFT_0272,EFI52286.1,"TIGRFAM:&nbsp;para-aminobenzoate&nbsp;synthase,&nbsp;subunit&nbsp;I",89.6
666684.AfiDRAFT_0242,ftsA,Cell&nbsp;division&nbsp;protein&nbsp;FtsA,89.6
666684.AfiDRAFT_0105,EFI52119.1,Flagellar&nbsp;motor&nbsp;switch&nbsp;protein&nbsp;FliM,89.6
666684.AfiDRAFT_1931,EFI51645.1,Phospho-2-dehydro-3-deoxyheptonate&nbsp;aldolase,89.6
666684.AfiDRAFT_1248,EFI53261.1,PFAM:&nbsp;Nitrilase/cyanide&nbsp;hydratase&nbsp;and&nbsp;apolipoprotein&nbsp;N-acyltransferase,89.6
666684.AfiDRAFT_3305,glnS,Glutamine--tRNA&nbsp;ligase,89.5
666684.AfiDRAFT_0024,EFI52038.1,PFAM:&nbsp;Extracellular&nbsp;ligand-binding&nbsp;receptor,89.5
666684.AfiDRAFT_3555,rpsM,30S&nbsp;ribosomal&nbsp;protein&nbsp;S13,89.5
666684.AfiDRAFT_1428,leuB,3-isopropylmalate&nbsp;dehydrogenase,89.4
666684.AfiDRAFT_0211,EFI52225.1,Periplasmic&nbsp;serine&nbsp;endoprotease&nbsp;DegP-like,89.4
666684.AfiDRAFT_1830,EFI51544.1,"TIGRFAM:&nbsp;penicillin-binding&nbsp;protein,&nbsp;1A&nbsp;family",89.4
666684.AfiDRAFT_1910,EFI51624.1,"Transcriptional&nbsp;regulator,&nbsp;Crp/Fnr&nbsp;family",89.3
666684.AfiDRAFT_0927,def,Peptide&nbsp;deformylase,89.3
666684.AfiDRAFT_1463,EFI53476.1,PFAM:&nbsp;OsmC&nbsp;family&nbsp;protein,89.1
666684.AfiDRAFT_2919,EFI50611.1,PFAM:&nbsp;Glu/Leu/Phe/Val&nbsp;dehydrogenase&nbsp;,89.1
666684.AfiDRAFT_0878,EFI52891.1,Diguanylate&nbsp;cyclase,89.1
666684.AfiDRAFT_2043,ndk,Nucleoside&nbsp;diphosphate&nbsp;kinase,89.1
666684.AfiDRAFT_2856,EFI50548.1,TIGRFAM:&nbsp;acetyl-CoA&nbsp;acetyltransferase,89.0
666684.AfiDRAFT_2327,EFI50954.1,PFAM:&nbsp;FeoA&nbsp;family&nbsp;protein,89.0
666684.AfiDRAFT_0271,EFI52285.1,PFAM:&nbsp;aminotransferase&nbsp;class&nbsp;IV,89.0
666684.AfiDRAFT_1156,aroB,3-dehydroquinate&nbsp;synthase,88.9
666684.AfiDRAFT_0199,EFI52213.1,"TIGRFAM:&nbsp;TRAP&nbsp;dicarboxylate&nbsp;transporter,&nbsp;DctM&nbsp;subunit",88.9
666684.AfiDRAFT_2570,EFI51197.1,KEGG:&nbsp;oca:OCAR_7212&nbsp;CDP-diacylglycerol--glycerol-3-phosphate&nbsp;3-phosphatidyltransferase,88.9
666684.AfiDRAFT_2397,EFI51024.1,"Two&nbsp;component&nbsp;transcriptional&nbsp;regulator,&nbsp;LuxR&nbsp;family",88.8
666684.AfiDRAFT_0739,EFI52752.1,PFAM:&nbsp;Thioredoxin&nbsp;domain,88.7
666684.AfiDRAFT_3438,EFI50299.1,PFAM:&nbsp;molybdopterin&nbsp;oxidoreductase,88.7
666684.AfiDRAFT_2262,EFI51976.1,KEGG:&nbsp;oca:OCAR_6218&nbsp;hypothetical&nbsp;protein,88.7
666684.AfiDRAFT_0050,purL,Phosphoribosylformylglycinamidine&nbsp;synthase&nbsp;subunit&nbsp;PurL,88.5
666684.AfiDRAFT_0856,EFI52869.1,PFAM:&nbsp;phosphoesterase&nbsp;PA-phosphatase&nbsp;related,88.5
666684.AfiDRAFT_0700,EFI52713.1,"Transcriptional&nbsp;regulator,&nbsp;LacI&nbsp;family",88.5
666684.AfiDRAFT_0480,EFI52494.1,PFAM:&nbsp;protein&nbsp;of&nbsp;unknown&nbsp;function&nbsp;DUF1236,88.5
666684.AfiDRAFT_1228,EFI53241.1,KEGG:&nbsp;sal:Sala_0110&nbsp;acetyl-CoA&nbsp;C-acyltransferase,88.4
666684.AfiDRAFT_2465,rnhA,Ribonuclease&nbsp;H,88.4
666684.AfiDRAFT_3568,rpsQ,30S&nbsp;ribosomal&nbsp;protein&nbsp;S17,88.4
666684.AfiDRAFT_2452,EFI51079.1,PFAM:&nbsp;oxidoreductase&nbsp;molybdopterin&nbsp;binding,88.4
666684.AfiDRAFT_2480,EFI51107.1,PFAM:&nbsp;thiamine&nbsp;monophosphate&nbsp;synthase,88.3
666684.AfiDRAFT_3103,EFI50795.1,PFAM:&nbsp;Sulphur&nbsp;oxidation&nbsp;protein&nbsp;SoxZ,88.3
666684.AfiDRAFT_0543,EFI52556.1,PFAM:&nbsp;Electron&nbsp;transfer&nbsp;flavoprotein&nbsp;alpha&nbsp;subunit&nbsp;,88.3
666684.AfiDRAFT_2150,EFI51864.1,"PFAM:&nbsp;Extracellular&nbsp;solute-binding&nbsp;protein,&nbsp;family&nbsp;7",88.2
666684.AfiDRAFT_2304,EFI50931.1,PFAM:&nbsp;Osmosensitive&nbsp;K&nbsp;channel&nbsp;His&nbsp;kinase&nbsp;sensor,88.2
666684.AfiDRAFT_3082,EFI50774.1,PFAM:&nbsp;fumarate&nbsp;reductase/succinate&nbsp;dehydrogenase&nbsp;flavoprotein&nbsp;domain&nbsp;protein,88.1
666684.AfiDRAFT_1898,EFI51612.1,PFAM:&nbsp;Extracellular&nbsp;ligand-binding&nbsp;receptor,88.1
666684.AfiDRAFT_1880,EFI51594.1,Multi-sensor&nbsp;signal&nbsp;transduction&nbsp;histidine&nbsp;kinase,88.1
666684.AfiDRAFT_0690,EFI52703.1,PFAM:&nbsp;ABC&nbsp;transporter&nbsp;related,88.0
666684.AfiDRAFT_3119,EFI50811.1,PFAM:&nbsp;extracellular&nbsp;solute-binding&nbsp;protein&nbsp;family&nbsp;1,88.0
666684.AfiDRAFT_2037,pepA,Probable&nbsp;cytosol&nbsp;aminopeptidase,87.9
666684.AfiDRAFT_0361,potA,Spermidine/putrescine&nbsp;import&nbsp;ATP-binding&nbsp;protein&nbsp;PotA,87.8
666684.AfiDRAFT_2158,EFI51872.1,KEGG:&nbsp;oca:OCAR_6056&nbsp;general&nbsp;L-amino&nbsp;acid-binding&nbsp;periplasmic&nbsp;protein&nbsp;AapJ,87.7
666684.AfiDRAFT_1539,EFI53552.1,TIGRFAM:&nbsp;phosphoribosyl-ATP&nbsp;diphosphatase,87.7
666684.AfiDRAFT_2298,gyrA,DNA&nbsp;gyrase&nbsp;subunit&nbsp;A,87.7
666684.AfiDRAFT_0640,EFI52653.1,PFAM:&nbsp;chemotaxis&nbsp;sensory&nbsp;transducer,87.7
666684.AfiDRAFT_2541,purD,KEGG:&nbsp;oca:OCAR_7246&nbsp;phosphoribosylamine--glycine&nbsp;ligase,87.6
666684.AfiDRAFT_2370,EFI50997.1,KEGG:&nbsp;oca:OCAR_4679&nbsp;glutamate--cysteine&nbsp;ligase,87.5
666684.AfiDRAFT_0926,fmt,Methionyl-tRNA&nbsp;formyltransferase,87.5
666684.AfiDRAFT_2344,EFI50971.1,"Two&nbsp;component&nbsp;transcriptional&nbsp;regulator,&nbsp;winged&nbsp;helix&nbsp;family",87.5
666684.AfiDRAFT_0596,EFI52609.1,Uncharacterized&nbsp;protein,87.5
666684.AfiDRAFT_3225,EFI50917.1,PFAM:&nbsp;chemotaxis&nbsp;sensory&nbsp;transducer,87.5
666684.AfiDRAFT_3570,rplP,50S&nbsp;ribosomal&nbsp;protein&nbsp;L16,87.4
666684.AfiDRAFT_0584,EFI52597.1,Uroporphyrin-III&nbsp;C-methyltransferase,87.4
666684.AfiDRAFT_0669,EFI52682.1,KEGG:&nbsp;rpt:Rpal_4625&nbsp;thymidine&nbsp;phosphorylase,87.4
666684.AfiDRAFT_3454,EFI50315.1,PFAM:&nbsp;Carboxymuconolactone&nbsp;decarboxylase,87.3
666684.AfiDRAFT_0468,EFI52482.1,PFAM:&nbsp;response&nbsp;regulator&nbsp;receiver,87.3
666684.AfiDRAFT_1734,EFI53747.1,Glucose-1-phosphate&nbsp;thymidylyltransferase,87.2
666684.AfiDRAFT_0051,purQ,Phosphoribosylformylglycinamidine&nbsp;synthase&nbsp;subunit&nbsp;PurQ,87.1
666684.AfiDRAFT_1430,EFI53443.1,PFAM:&nbsp;oxidoreductase&nbsp;molybdopterin&nbsp;binding,87.0
666684.AfiDRAFT_1665,trpF,PFAM:&nbsp;N-(5'phosphoribosyl)anthranilate&nbsp;isomerase&nbsp;(PRAI),87.0
666684.AfiDRAFT_1987,EFI51701.1,PFAM:&nbsp;Fmu&nbsp;(Sun)&nbsp;domain&nbsp;protein,86.9
666684.AfiDRAFT_0302,EFI52316.1,PFAM:&nbsp;4Fe-4S&nbsp;ferredoxin&nbsp;iron-sulfur&nbsp;binding&nbsp;domain&nbsp;protein,86.9
666684.AfiDRAFT_0022,EFI52036.1,PFAM:&nbsp;ABC&nbsp;transporter&nbsp;related,86.9
666684.AfiDRAFT_1653,hpf,Ribosome&nbsp;hibernation&nbsp;promoting&nbsp;factor,86.8
666684.AfiDRAFT_2332,EFI50959.1,"TIGRFAM:&nbsp;cytochrome&nbsp;d&nbsp;ubiquinol&nbsp;oxidase,&nbsp;subunit&nbsp;II",86.7
666684.AfiDRAFT_0348,EFI52362.1,KEGG:&nbsp;mch:Mchl_4789&nbsp;diguanylate&nbsp;cyclase/phosphodiesterase&nbsp;with&nbsp;PAS/PAC&nbsp;and&nbsp;MHYT&nbsp;sensor(s),86.7
666684.AfiDRAFT_2455,EFI51082.1,"TIGRFAM:&nbsp;TRAP&nbsp;transporter&nbsp;solute&nbsp;receptor,&nbsp;TAXI&nbsp;family",86.7
666684.AfiDRAFT_1974,EFI51688.1,TIGRFAM:&nbsp;3-hydroxyisobutyrate&nbsp;dehydrogenase,86.7
666684.AfiDRAFT_1682,EFI53695.1,PFAM:&nbsp;UBA/THIF-type&nbsp;NAD/FAD&nbsp;binding&nbsp;protein,86.7
666684.AfiDRAFT_1942,psd,Phosphatidylserine&nbsp;decarboxylase&nbsp;proenzyme,86.7
666684.AfiDRAFT_3069,EFI50761.1,PFAM:&nbsp;Enoyl-CoA&nbsp;hydratase/isomerase,86.7
666684.AfiDRAFT_1188,EFI53201.1,KEGG:&nbsp;oca:OCAR_4110&nbsp;diguanylate&nbsp;cyclase/phosphodiesterase,86.6
666684.AfiDRAFT_0052,purS,Phosphoribosylformylglycinamidine&nbsp;synthase&nbsp;subunit&nbsp;PurS,86.6
666684.AfiDRAFT_1659,aroA,3-phosphoshikimate&nbsp;1-carboxyvinyltransferase,86.6
666684.AfiDRAFT_2739,EFI51366.1,PFAM:&nbsp;ABC&nbsp;transporter&nbsp;related,86.6
666684.AfiDRAFT_2237,EFI51951.1,TIGRFAM:&nbsp;precorrin-3B&nbsp;synthase,86.6
666684.AfiDRAFT_2112,EFI51826.1,Cysteine&nbsp;desulfurase,86.5
666684.AfiDRAFT_3448,EFI50309.1,"PFAM:&nbsp;Chorismate&nbsp;mutase,&nbsp;type&nbsp;II",86.4
666684.AfiDRAFT_2135,EFI51849.1,PFAM:&nbsp;Glyoxalase/bleomycin&nbsp;resistance&nbsp;protein/dioxygenase,86.4
666684.AfiDRAFT_3439,EFI50300.1,PFAM:&nbsp;molybdopterin&nbsp;oxidoreductase,86.4
666684.AfiDRAFT_1319,EFI53332.1,PFAM:&nbsp;FAD-dependent&nbsp;pyridine&nbsp;nucleotide-disulphide&nbsp;oxidoreductase,86.3
666684.AfiDRAFT_3622,EFI50482.1,PFAM:&nbsp;molybdopterin&nbsp;dehydrogenase&nbsp;FAD-binding,86.3
666684.AfiDRAFT_2833,EFI51460.1,PFAM:&nbsp;Enoyl-CoA&nbsp;hydratase/isomerase,86.2
666684.AfiDRAFT_2055,aspS,Aspartate--tRNA(Asp/Asn)&nbsp;ligase,86.2
666684.AfiDRAFT_3623,EFI50483.1,PFAM:&nbsp;aldehyde&nbsp;oxidase&nbsp;and&nbsp;xanthine&nbsp;dehydrogenase&nbsp;molybdopterin&nbsp;binding,86.2
666684.AfiDRAFT_0632,EFI52645.1,TIGRFAM:&nbsp;acetyl-CoA&nbsp;acetyltransferase,86.2
666684.AfiDRAFT_3106,EFI50798.1,PFAM:&nbsp;5'-Nucleotidase&nbsp;domain&nbsp;protein,86.2
666684.AfiDRAFT_3653,EFI50513.1,PFAM:&nbsp;protein&nbsp;of&nbsp;unknown&nbsp;function&nbsp;DUF404,86.2
666684.AfiDRAFT_3351,nuoC,NADH-quinone&nbsp;oxidoreductase&nbsp;subunit&nbsp;C,86.1
666684.AfiDRAFT_1752,EFI51466.1,KEGG:&nbsp;oca:OCAR_6692&nbsp;serine--glyoxylate&nbsp;aminotransferase&nbsp;(SgaT),86.1
666684.AfiDRAFT_2046,EFI51760.1,PFAM:&nbsp;Autotransporter&nbsp;beta-&nbsp;domain&nbsp;protein,86.1
666684.AfiDRAFT_0658,EFI52671.1,Putative&nbsp;signal&nbsp;transduction&nbsp;protein&nbsp;with&nbsp;CBS&nbsp;domains,86.1
666684.AfiDRAFT_3001,EFI50693.1,PFAM:&nbsp;TPR&nbsp;repeat-containing&nbsp;protein,86.0
666684.AfiDRAFT_0316,EFI52330.1,KEGG:&nbsp;rpe:RPE_3944&nbsp;diguanylate&nbsp;cyclase,86.0
666684.AfiDRAFT_0549,EFI52562.1,"PFAM:&nbsp;Glutamyl/glutaminyl-tRNA&nbsp;synthetase,&nbsp;class&nbsp;Ic,&nbsp;catalytic&nbsp;domain",86.0
666684.AfiDRAFT_0102,EFI52116.1,KEGG:&nbsp;oca:OCAR_5392&nbsp;tetratricopeptide&nbsp;TPR_4&nbsp;protein,86.0
666684.AfiDRAFT_1619,uppP,Undecaprenyl-diphosphatase,86.0
666684.AfiDRAFT_2024,acpP,Acyl&nbsp;carrier&nbsp;protein,85.9
666684.AfiDRAFT_0869,EFI52882.1,"Two&nbsp;component&nbsp;transcriptional&nbsp;regulator,&nbsp;winged&nbsp;helix&nbsp;family",85.9
666684.AfiDRAFT_3587,rpoC,DNA-directed&nbsp;RNA&nbsp;polymerase&nbsp;subunit&nbsp;beta',85.9
666684.AfiDRAFT_1084,EFI53097.1,PFAM:&nbsp;alkyl&nbsp;hydroperoxide&nbsp;reductase/&nbsp;Thiol&nbsp;specific&nbsp;antioxidant/&nbsp;Mal&nbsp;allergen,85.9
666684.AfiDRAFT_0617,EFI52630.1,PFAM:&nbsp;peptidase&nbsp;M17&nbsp;leucyl&nbsp;aminopeptidase&nbsp;domain&nbsp;protein,85.8
666684.AfiDRAFT_0486,EFI52500.1,KEGG:&nbsp;oca:OCAR_4931&nbsp;diguanylate&nbsp;cyclase,85.8
666684.AfiDRAFT_1198,mutS,DNA&nbsp;mismatch&nbsp;repair&nbsp;protein&nbsp;MutS,85.8
666684.AfiDRAFT_3594,secE,Protein&nbsp;translocase&nbsp;subunit&nbsp;SecE,85.8
666684.AfiDRAFT_3061,aroC,Chorismate&nbsp;synthase,85.8
666684.AfiDRAFT_0704,EFI52717.1,PFAM:&nbsp;extracellular&nbsp;solute-binding&nbsp;protein&nbsp;family&nbsp;5,85.7
666684.AfiDRAFT_2876,EFI50568.1,KEGG:&nbsp;oca:OCAR_7085&nbsp;2-dehydropantoate&nbsp;2-reductase,85.7
666684.AfiDRAFT_0194,EFI52208.1,KEGG:&nbsp;oca:OCAR_5307&nbsp;hypothetical&nbsp;protein,85.6
666684.AfiDRAFT_2791,EFI51418.1,"Transcriptional&nbsp;regulator,&nbsp;Crp/Fnr&nbsp;family",85.6
666684.AfiDRAFT_2901,EFI50593.1,KEGG:&nbsp;oca:OCAR_7067&nbsp;malto-oligosyltrehalose&nbsp;trehalohydrolase,85.5
666684.AfiDRAFT_2548,EFI51175.1,PFAM:&nbsp;peptidase&nbsp;M16&nbsp;domain&nbsp;protein,85.5
666684.AfiDRAFT_2028,gmk,Guanylate&nbsp;kinase,85.5
666684.AfiDRAFT_2715,EFI51342.1,PFAM:&nbsp;Aldehyde&nbsp;Dehydrogenase,85.5
666684.AfiDRAFT_2056,EFI51770.1,PFAM:&nbsp;malic&nbsp;protein&nbsp;NAD-binding,85.4
666684.AfiDRAFT_0241,ftsZ,Cell&nbsp;division&nbsp;protein&nbsp;FtsZ,85.2
666684.AfiDRAFT_0208,EFI52222.1,"TIGRFAM:&nbsp;acetolactate&nbsp;synthase,&nbsp;large&nbsp;subunit,&nbsp;biosynthetic&nbsp;type",85.2
666684.AfiDRAFT_0539,EFI52552.1,PFAM:&nbsp;Redoxin&nbsp;domain&nbsp;protein,85.2
666684.AfiDRAFT_0142,EFI52156.1,PFAM:&nbsp;Apolipoprotein&nbsp;A1/A4/E,85.2
666684.AfiDRAFT_1567,EFI53580.1,Integral&nbsp;membrane&nbsp;sensor&nbsp;signal&nbsp;transduction&nbsp;histidine&nbsp;kinase,85.0
666684.AfiDRAFT_1677,dut,Deoxyuridine&nbsp;5'-triphosphate&nbsp;nucleotidohydrolase,84.9
666684.AfiDRAFT_1590,dnaJ,Chaperone&nbsp;protein&nbsp;DnaJ,84.9
666684.AfiDRAFT_2533,EFI51160.1,Inositol-1-monophosphatase,84.9
666684.AfiDRAFT_2202,EFI51916.1,KEGG:&nbsp;oca:OCAR_6117&nbsp;metallophosphoesterase,84.9
666684.AfiDRAFT_1542,EFI53555.1,Multi-sensor&nbsp;hybrid&nbsp;histidine&nbsp;kinase,84.9
666684.AfiDRAFT_1654,EFI53667.1,TIGRFAM:&nbsp;PTS&nbsp;IIA-like&nbsp;nitrogen-regulatory&nbsp;protein&nbsp;PtsN,84.9
666684.AfiDRAFT_0273,EFI52287.1,"Two&nbsp;component,&nbsp;sigma54&nbsp;specific,&nbsp;transcriptional&nbsp;regulator,&nbsp;Fis&nbsp;family",84.8
666684.AfiDRAFT_3405,nrdR,Transcriptional&nbsp;repressor&nbsp;NrdR,84.8
666684.AfiDRAFT_1892,EFI51606.1,Succinate--CoA&nbsp;ligase&nbsp;[ADP-forming]&nbsp;subunit&nbsp;alpha,84.7
666684.AfiDRAFT_1491,EFI53504.1,TIGRFAM:&nbsp;thioredoxin,84.7
666684.AfiDRAFT_3807,EFI49949.1,PFAM:&nbsp;SirA&nbsp;family&nbsp;protein,84.7
666684.AfiDRAFT_3763,EFI50056.1,TIGRFAM:&nbsp;dihydrolipoamide&nbsp;dehydrogenase,84.7
666684.AfiDRAFT_3292,pyrG,CTP&nbsp;synthase,84.7
666684.AfiDRAFT_2902,EFI50594.1,KEGG:&nbsp;oca:OCAR_7066&nbsp;glycogen&nbsp;debranching&nbsp;enzyme&nbsp;GlgX,84.6
666684.AfiDRAFT_0266,EFI52280.1,PFAM:&nbsp;3-hydroxyacyl-CoA&nbsp;dehydrogenase&nbsp;NAD-binding,84.6
666684.AfiDRAFT_3168,EFI50860.1,PFAM:&nbsp;glycosyl&nbsp;transferase&nbsp;group&nbsp;1,84.6
666684.AfiDRAFT_0227,EFI52241.1,PFAM:&nbsp;ABC&nbsp;transporter&nbsp;related,84.5
666684.AfiDRAFT_0428,EFI52442.1,KEGG:&nbsp;oca:OCAR_5045&nbsp;respiratory&nbsp;nitrate&nbsp;reductase&nbsp;2&nbsp;delta&nbsp;chain,84.5
666684.AfiDRAFT_0400,EFI52414.1,"TIGRFAM:&nbsp;haloacid&nbsp;dehalogenase,&nbsp;type&nbsp;II",84.5
666684.AfiDRAFT_0774,EFI52787.1,KEGG:&nbsp;tgr:Tgr7_1763&nbsp;SMC&nbsp;domain-containing&nbsp;protein,84.5
666684.AfiDRAFT_0664,EFI52677.1,PFAM:&nbsp;protein&nbsp;of&nbsp;unknown&nbsp;function&nbsp;DUF330,84.4
666684.AfiDRAFT_0954,EFI52967.1,"Two&nbsp;component&nbsp;transcriptional&nbsp;regulator,&nbsp;winged&nbsp;helix&nbsp;family",84.4
666684.AfiDRAFT_2968,EFI50660.1,Ubiquinol-cytochrome&nbsp;c&nbsp;reductase&nbsp;iron-sulfur&nbsp;subunit,84.4
666684.AfiDRAFT_3246,EFI50107.1,PFAM:&nbsp;Squalene/phytoene&nbsp;synthase,84.4
666684.AfiDRAFT_0019,EFI52033.1,PFAM:&nbsp;inner-membrane&nbsp;translocator,84.4
666684.AfiDRAFT_3253,EFI50114.1,PFAM:&nbsp;Peptidase&nbsp;M23,84.4
666684.AfiDRAFT_2222,EFI51936.1,"TIGRFAM:&nbsp;efflux&nbsp;transporter,&nbsp;RND&nbsp;family,&nbsp;MFP&nbsp;subunit",84.3
666684.AfiDRAFT_2380,EFI51007.1,PFAM:&nbsp;cytochrome&nbsp;c&nbsp;oxidase&nbsp;subunit&nbsp;III,84.2
666684.AfiDRAFT_2650,EFI51277.1,PFAM:&nbsp;ABC&nbsp;transporter&nbsp;related,84.2
666684.AfiDRAFT_1396,EFI53409.1,PFAM:&nbsp;globin,84.1
666684.AfiDRAFT_0418,EFI52432.1,Arylformamidase,84.1
666684.AfiDRAFT_3748,EFI50041.1,Heme&nbsp;exporter&nbsp;protein&nbsp;B,84.0
666684.AfiDRAFT_2805,EFI51432.1,PFAM:&nbsp;alpha/beta&nbsp;hydrolase&nbsp;fold,84.0
666684.AfiDRAFT_2484,EFI51111.1,Transketolase,84.0
666684.AfiDRAFT_3320,tsf,Elongation&nbsp;factor&nbsp;Ts,84.0
666684.AfiDRAFT_1510,EFI53523.1,KEGG:&nbsp;oca:OCAR_4362&nbsp;diguanylate&nbsp;cyclase,83.9
666684.AfiDRAFT_0684,EFI52697.1,KEGG:&nbsp;azc:AZC_3660&nbsp;sensory&nbsp;box/GGDEF&nbsp;family&nbsp;protein,83.7
666684.AfiDRAFT_0602,infA,Translation&nbsp;initiation&nbsp;factor&nbsp;IF-1,83.7
666684.AfiDRAFT_3567,rplN,50S&nbsp;ribosomal&nbsp;protein&nbsp;L14,83.7
666684.AfiDRAFT_2456,EFI51083.1,"TIGRFAM:&nbsp;TRAP&nbsp;transporter,&nbsp;4TM/12TM&nbsp;fusion&nbsp;protein",83.7
666684.AfiDRAFT_2499,EFI51126.1,TIGRFAM:&nbsp;protein&nbsp;TolA,83.5
666684.AfiDRAFT_2315,EFI50942.1,KEGG:&nbsp;mlo:mlr6768&nbsp;hypothetical&nbsp;protein,83.4
666684.AfiDRAFT_3804,mobA,Molybdenum&nbsp;cofactor&nbsp;guanylyltransferase,83.4
666684.AfiDRAFT_3504,EFI50365.1,PFAM:&nbsp;major&nbsp;facilitator&nbsp;superfamily&nbsp;MFS_1,83.4
666684.AfiDRAFT_3319,pyrH,Uridylate&nbsp;kinase,83.4
666684.AfiDRAFT_0542,EFI52555.1,PFAM:&nbsp;3-hydroxyacyl-CoA&nbsp;dehydrogenase&nbsp;NAD-binding,83.4
666684.AfiDRAFT_0683,EFI52696.1,KEGG:&nbsp;bja:bll5864&nbsp;hypothetical&nbsp;protein,83.4
666684.AfiDRAFT_0570,EFI52583.1,TIGRFAM:&nbsp;phosphoribosyl-ATP&nbsp;diphosphatase,83.2
666684.AfiDRAFT_1740,EFI53753.1,KEGG:&nbsp;oca:OCAR_4554&nbsp;hypothetical&nbsp;protein,83.2
666684.AfiDRAFT_2636,EFI51263.1,PFAM:&nbsp;molybdopterin&nbsp;dehydrogenase&nbsp;FAD-binding,83.2
666684.AfiDRAFT_2437,EFI51064.1,PFAM:&nbsp;Extracellular&nbsp;ligand-binding&nbsp;receptor,83.2
666684.AfiDRAFT_3450,gatA,Glutamyl-tRNA(Gln)&nbsp;amidotransferase&nbsp;subunit&nbsp;A,83.2
666684.AfiDRAFT_3117,EFI50809.1,PFAM:&nbsp;molybdopterin&nbsp;binding&nbsp;domain,83.2
666684.AfiDRAFT_0942,EFI52955.1,Nucleotide&nbsp;sugar&nbsp;dehydrogenase,83.1
666684.AfiDRAFT_2201,EFI51915.1,PFAM:&nbsp;polysaccharide&nbsp;export&nbsp;protein,83.1
666684.AfiDRAFT_3080,EFI50772.1,KEGG:&nbsp;mrd:Mrad2831_5986&nbsp;tartrate/fumarate&nbsp;subfamily&nbsp;Fe-S&nbsp;type&nbsp;hydro-lyase&nbsp;alpha&nbsp;subunit,83.0
666684.AfiDRAFT_2253,EFI51967.1,Putative&nbsp;diguanylate&nbsp;cyclase,83.0
666684.AfiDRAFT_0457,EFI52471.1,"Transcriptional&nbsp;regulator,&nbsp;Crp/Fnr&nbsp;family",83.0
666684.AfiDRAFT_2342,pstB,Phosphate&nbsp;import&nbsp;ATP-binding&nbsp;protein&nbsp;PstB,82.9
666684.AfiDRAFT_1082,EFI53095.1,PFAM:&nbsp;cytochrome&nbsp;c&nbsp;class&nbsp;I,82.9
666684.AfiDRAFT_0519,clpB,Chaperone&nbsp;protein&nbsp;ClpB,82.8
666684.AfiDRAFT_3250,EFI50111.1,"TIGRFAM:&nbsp;preprotein&nbsp;translocase,&nbsp;YajC&nbsp;subunit",82.8
666684.AfiDRAFT_1526,dnaQ,DNA&nbsp;polymerase&nbsp;III&nbsp;subunit&nbsp;epsilon,82.6
666684.AfiDRAFT_2213,tmk,Thymidylate&nbsp;kinase,82.6
666684.AfiDRAFT_1647,EFI53660.1,"Alpha-1,4&nbsp;glucan&nbsp;phosphorylase",82.5
666684.AfiDRAFT_3787,rplU,50S&nbsp;ribosomal&nbsp;protein&nbsp;L21,82.5
666684.AfiDRAFT_1279,EFI53292.1,"KEGG:&nbsp;xau:Xaut_0978&nbsp;haloacid&nbsp;dehalogenase,&nbsp;type&nbsp;II",82.5
666684.AfiDRAFT_0921,EFI52934.1,TIGRFAM:&nbsp;pyrimidine&nbsp;5'-nucleotidase,82.4
666684.AfiDRAFT_3180,EFI50872.1,TIGRFAM:&nbsp;phage&nbsp;SPO1&nbsp;DNA&nbsp;polymerase-related&nbsp;protein,82.4
666684.AfiDRAFT_0941,EFI52954.1,KEGG:&nbsp;oca:OCAR_7564&nbsp;ATP-dependent&nbsp;helicase&nbsp;HrpB,82.4
666684.AfiDRAFT_1066,EFI53079.1,PFAM:&nbsp;FAD-dependent&nbsp;pyridine&nbsp;nucleotide-disulphide&nbsp;oxidoreductase,82.4
666684.AfiDRAFT_0366,purE,N5-carboxyaminoimidazole&nbsp;ribonucleotide&nbsp;mutase,82.4
666684.AfiDRAFT_3747,EFI50040.1,Heme&nbsp;exporter&nbsp;protein&nbsp;C,82.4
666684.AfiDRAFT_0403,tal,Transaldolase,82.3
666684.AfiDRAFT_2436,EFI51063.1,PFAM:&nbsp;ABC&nbsp;transporter&nbsp;related,82.2
666684.AfiDRAFT_3349,nuoD,NADH-quinone&nbsp;oxidoreductase&nbsp;subunit&nbsp;D,82.2
666684.AfiDRAFT_0158,EFI52172.1,KEGG:&nbsp;oca:OCAR_5338&nbsp;mannose-1-phosphate&nbsp;guanylyltransferase/mannose-6-phosphate&nbsp;isomerase,82.2
666684.AfiDRAFT_3198,EFI50890.1,KEGG:&nbsp;mno:Mnod_1445&nbsp;tartrate&nbsp;dehydrogenase,82.1
666684.AfiDRAFT_3375,rpsI,PFAM:&nbsp;ribosomal&nbsp;protein&nbsp;S9,82.1
666684.AfiDRAFT_3282,eno,Enolase,82.1
666684.AfiDRAFT_3084,EFI50776.1,PFAM:&nbsp;D-galactarate&nbsp;dehydratase/Altronate&nbsp;hydrolase&nbsp;domain&nbsp;protein,82.1
666684.AfiDRAFT_3088,EFI50780.1,Diguanylate&nbsp;cyclase/phosphodiesterase&nbsp;with&nbsp;PAS/PAC&nbsp;sensor(S),82.0
666684.AfiDRAFT_0064,gcvH,Glycine&nbsp;cleavage&nbsp;system&nbsp;H&nbsp;protein,82.0
666684.AfiDRAFT_3643,EFI50503.1,TIGRFAM:&nbsp;serine&nbsp;O-acetyltransferase,81.9
666684.AfiDRAFT_1446,argG,KEGG:&nbsp;rpc:RPC_0031&nbsp;argininosuccinate&nbsp;synthase,81.9
666684.AfiDRAFT_3617,EFI50477.1,KEGG:&nbsp;oca:OCAR_5624&nbsp;GTP&nbsp;cyclohydrolase&nbsp;I,81.8
666684.AfiDRAFT_3142,EFI50834.1,PFAM:&nbsp;Oxidoreductase&nbsp;FAD-binding&nbsp;domain&nbsp;protein,81.8
666684.AfiDRAFT_1900,EFI51614.1,PFAM:&nbsp;inner-membrane&nbsp;translocator,81.7
666684.AfiDRAFT_1417,rplS,50S&nbsp;ribosomal&nbsp;protein&nbsp;L19,81.6
666684.AfiDRAFT_1939,EFI51653.1,TIGRFAM:&nbsp;2-isopropylmalate&nbsp;synthase/homocitrate&nbsp;synthase&nbsp;family&nbsp;protein,81.6
666684.AfiDRAFT_0582,EFI52595.1,"TIGRFAM:&nbsp;sulfate&nbsp;ABC&nbsp;transporter,&nbsp;periplasmic&nbsp;sulfate-binding&nbsp;protein",81.6
666684.AfiDRAFT_1683,EFI53696.1,PFAM:&nbsp;D-isomer&nbsp;specific&nbsp;2-hydroxyacid&nbsp;dehydrogenase&nbsp;NAD-binding,81.5
666684.AfiDRAFT_0639,EFI52652.1,PFAM:&nbsp;Extracellular&nbsp;ligand-binding&nbsp;receptor,81.4
666684.AfiDRAFT_0210,EFI52224.1,KEGG:&nbsp;oca:OCAR_5282&nbsp;phosphoserine&nbsp;phosphatase&nbsp;SerB,81.4
666684.AfiDRAFT_1280,EFI53293.1,PFAM:&nbsp;glutaredoxin,81.4
666684.AfiDRAFT_2574,EFI51201.1,PFAM:&nbsp;CMP/dCMP&nbsp;deaminase&nbsp;zinc-binding,81.4
666684.AfiDRAFT_0663,EFI52676.1,PFAM:&nbsp;ABC&nbsp;transporter&nbsp;related,81.3
666684.AfiDRAFT_2192,EFI51906.1,PFAM:&nbsp;glycosyl&nbsp;transferase&nbsp;group&nbsp;1,81.3
666684.AfiDRAFT_1735,EFI53748.1,dTDP-4-dehydrorhamnose&nbsp;reductase,81.3
666684.AfiDRAFT_2098,EFI51812.1,KEGG:&nbsp;oca:OCAR_5987&nbsp;penicillin-binding&nbsp;protein&nbsp;1A,81.3
666684.AfiDRAFT_3201,EFI50893.1,Ribonucleoside-diphosphate&nbsp;reductase&nbsp;subunit&nbsp;beta,81.2
666684.AfiDRAFT_0281,mnmA,tRNA-specific&nbsp;2-thiouridylase&nbsp;MnmA,81.2
666684.AfiDRAFT_2199,EFI51913.1,TIGRFAM:&nbsp;capsular&nbsp;exopolysaccharide&nbsp;family,81.2
666684.AfiDRAFT_0599,EFI52612.1,PFAM:&nbsp;HWE&nbsp;histidine&nbsp;kinase,81.2
666684.AfiDRAFT_2589,ctc,50S&nbsp;ribosomal&nbsp;protein&nbsp;L25,81.2
666684.AfiDRAFT_1611,pheS,"TIGRFAM:&nbsp;phenylalanyl-tRNA&nbsp;synthetase,&nbsp;alpha&nbsp;subunit",81.2
666684.AfiDRAFT_1553,EFI53566.1,"Transcriptional&nbsp;regulator,&nbsp;MerR&nbsp;family",81.2
666684.AfiDRAFT_1124,EFI53137.1,PFAM:&nbsp;binding-protein-dependent&nbsp;transport&nbsp;systems&nbsp;inner&nbsp;membrane&nbsp;component,81.1
666684.AfiDRAFT_2111,EFI51825.1,TIGRFAM:&nbsp;FeS&nbsp;assembly&nbsp;protein&nbsp;SufD,81.1
666684.AfiDRAFT_3773,atpC,ATP&nbsp;synthase&nbsp;epsilon&nbsp;chain,81.1
666684.AfiDRAFT_3299,EFI50160.1,TIGRFAM:&nbsp;molybdenum&nbsp;cofactor&nbsp;synthesis&nbsp;domain&nbsp;protein,81.0
666684.AfiDRAFT_0557,EFI52570.1,PFAM:&nbsp;ABC&nbsp;transporter&nbsp;related,80.8
666684.AfiDRAFT_0393,EFI52407.1,PFAM:&nbsp;TPR&nbsp;repeat-containing&nbsp;protein,80.8
666684.AfiDRAFT_3471,rpmG,TIGRFAM:&nbsp;ribosomal&nbsp;protein&nbsp;L33,80.8
666684.AfiDRAFT_0133,EFI52147.1,PFAM:&nbsp;FAD&nbsp;dependent&nbsp;oxidoreductase,80.7
666684.AfiDRAFT_0511,EFI52525.1,PFAM:&nbsp;ABC&nbsp;transporter&nbsp;related,80.7
666684.AfiDRAFT_3569,rpmC,TIGRFAM:&nbsp;ribosomal&nbsp;protein&nbsp;L29,80.7
666684.AfiDRAFT_2753,EFI51380.1,PFAM:&nbsp;chemotaxis&nbsp;sensory&nbsp;transducer,80.7
666684.AfiDRAFT_3078,EFI50770.1,KEGG:&nbsp;mrd:Mrad2831_5988&nbsp;hypothetical&nbsp;protein,80.6
666684.AfiDRAFT_2302,kdpB,Potassium-transporting&nbsp;ATPase&nbsp;ATP-binding&nbsp;subunit,80.6
666684.AfiDRAFT_1131,EFI53144.1,PFAM:&nbsp;chemotaxis&nbsp;sensory&nbsp;transducer,80.5
666684.AfiDRAFT_3133,EFI50825.1,PFAM:&nbsp;dihydroxy-acid&nbsp;and&nbsp;6-phosphogluconate&nbsp;dehydratase,80.4
666684.AfiDRAFT_2097,EFI51811.1,PFAM:&nbsp;cell&nbsp;wall&nbsp;hydrolase/autolysin,80.4
666684.AfiDRAFT_3037,EFI50729.1,PFAM:&nbsp;ABC&nbsp;transporter&nbsp;related,80.3
666684.AfiDRAFT_0379,EFI52393.1,NAD(P)&nbsp;transhydrogenase&nbsp;subunit&nbsp;beta,80.3
666684.AfiDRAFT_0205,EFI52219.1,PFAM:&nbsp;PEBP&nbsp;family&nbsp;protein,80.2
666684.AfiDRAFT_3669,EFI50529.1,PFAM:&nbsp;extracellular&nbsp;solute-binding&nbsp;protein&nbsp;family&nbsp;3,80.1
666684.AfiDRAFT_0483,EFI52497.1,KEGG:&nbsp;oca:OCAR_4934&nbsp;UTP-glucose-1-phosphate&nbsp;uridylyltransferase,80.1
666684.AfiDRAFT_1610,pheT,"TIGRFAM:&nbsp;phenylalanyl-tRNA&nbsp;synthetase,&nbsp;beta&nbsp;subunit",80.1
666684.AfiDRAFT_2848,phnC,Phosphonates&nbsp;import&nbsp;ATP-binding&nbsp;protein&nbsp;PhnC,80.0
666684.AfiDRAFT_1954,EFI51668.1,PFAM:&nbsp;Beta-ketoacyl&nbsp;synthase,80.0
666684.AfiDRAFT_3603,EFI50463.1,"TIGRFAM:&nbsp;RNA&nbsp;methyltransferase,&nbsp;TrmH&nbsp;family,&nbsp;group&nbsp;3",80.0
666684.AfiDRAFT_2916,EFI50608.1,PFAM:&nbsp;Rhodanese&nbsp;domain&nbsp;protein,80.0
666684.AfiDRAFT_2665,EFI51292.1,"Two&nbsp;component&nbsp;transcriptional&nbsp;regulator,&nbsp;LuxR&nbsp;family",79.9
666684.AfiDRAFT_1402,EFI53415.1,Putative&nbsp;PAS/PAC&nbsp;sensor&nbsp;protein,79.9
666684.AfiDRAFT_2320,EFI50947.1,PFAM:&nbsp;sugar&nbsp;transferase,79.9
666684.AfiDRAFT_2619,EFI51246.1,PFAM:&nbsp;major&nbsp;facilitator&nbsp;superfamily&nbsp;MFS_1,79.7
666684.AfiDRAFT_0864,EFI52877.1,"Two&nbsp;component&nbsp;transcriptional&nbsp;regulator,&nbsp;winged&nbsp;helix&nbsp;family",79.6
666684.AfiDRAFT_2333,EFI50960.1,PFAM:&nbsp;cytochrome&nbsp;bd&nbsp;ubiquinol&nbsp;oxidase&nbsp;subunit&nbsp;I,79.6
666684.AfiDRAFT_1605,EFI53618.1,PFAM:&nbsp;binding-protein-dependent&nbsp;transport&nbsp;systems&nbsp;inner&nbsp;membrane&nbsp;component,79.6
666684.AfiDRAFT_2031,EFI51745.1,PFAM:&nbsp;Alcohol&nbsp;dehydrogenase&nbsp;GroES&nbsp;domain&nbsp;protein,79.6
666684.AfiDRAFT_3699,EFI49992.1,PFAM:&nbsp;ABC&nbsp;transporter&nbsp;related,79.6
666684.AfiDRAFT_3668,EFI50528.1,PFAM:&nbsp;short-chain&nbsp;dehydrogenase/reductase&nbsp;SDR,79.5
666684.AfiDRAFT_0631,glpK,Glycerol&nbsp;kinase,79.5
666684.AfiDRAFT_2310,EFI50937.1,KEGG:&nbsp;mlo:mlr6755&nbsp;asparagine&nbsp;synthase,79.5
666684.AfiDRAFT_2387,EFI51014.1,ATP&nbsp;synthase&nbsp;subunit&nbsp;b,79.5
666684.AfiDRAFT_0144,EFI52158.1,PFAM:&nbsp;Mammalian&nbsp;cell&nbsp;entry&nbsp;related&nbsp;domain&nbsp;protein,79.5
666684.AfiDRAFT_1379,EFI53392.1,KEGG:&nbsp;gdj:Gdia_2772&nbsp;hypothetical&nbsp;protein,79.5
666684.AfiDRAFT_3234,EFI50926.1,TIGRFAM:&nbsp;TonB&nbsp;family&nbsp;protein,79.4
666684.AfiDRAFT_2643,EFI51270.1,PFAM:&nbsp;ABC&nbsp;transporter&nbsp;related,79.4
666684.AfiDRAFT_2239,EFI51953.1,KEGG:&nbsp;bja:blr2805&nbsp;nitrate&nbsp;ABC&nbsp;transporter&nbsp;ATP-binding&nbsp;protein,79.4
666684.AfiDRAFT_0627,EFI52640.1,"TIGRFAM:&nbsp;luciferase&nbsp;family&nbsp;oxidoreductase,&nbsp;group&nbsp;1",79.3
666684.AfiDRAFT_3341,EFI50202.1,KEGG:&nbsp;oca:OCAR_5934&nbsp;NADH&nbsp;dehydrogenase&nbsp;subunit&nbsp;L,79.2
666684.AfiDRAFT_2605,EFI51232.1,PFAM:&nbsp;phospholipid/glycerol&nbsp;acyltransferase,79.2
666684.AfiDRAFT_0693,EFI52706.1,PFAM:&nbsp;Extracellular&nbsp;ligand-binding&nbsp;receptor,79.1
666684.AfiDRAFT_1667,trpA,Tryptophan&nbsp;synthase&nbsp;alpha&nbsp;chain,79.0
666684.AfiDRAFT_0550,EFI52563.1,PFAM:&nbsp;HhH-GPD&nbsp;family&nbsp;protein,79.0
666684.AfiDRAFT_2376,EFI51003.1,Cytochrome&nbsp;c&nbsp;oxidase&nbsp;subunit&nbsp;1,79.0
666684.AfiDRAFT_0503,EFI52517.1,PFAM:&nbsp;ABC-3&nbsp;protein,79.0
666684.AfiDRAFT_1797,EFI51511.1,PFAM:&nbsp;peptidase&nbsp;S8&nbsp;and&nbsp;S53&nbsp;subtilisin&nbsp;kexin&nbsp;sedolisin,78.9
666684.AfiDRAFT_2552,ileS,Isoleucine--tRNA&nbsp;ligase,78.9
666684.AfiDRAFT_2481,EFI51108.1,PFAM:&nbsp;fructose-bisphosphate&nbsp;aldolase&nbsp;class-I,78.9
666684.AfiDRAFT_2372,EFI50999.1,KEGG:&nbsp;oca:OCAR_4681&nbsp;signal&nbsp;peptidase&nbsp;I,78.8
666684.AfiDRAFT_0469,EFI52483.1,PFAM:&nbsp;N-formylglutamate&nbsp;amidohydrolase,78.8
666684.AfiDRAFT_1438,EFI53451.1,PFAM:&nbsp;alpha/beta&nbsp;hydrolase&nbsp;fold,78.8
666684.AfiDRAFT_3287,EFI50148.1,PFAM:&nbsp;metallophosphoesterase,78.7
666684.AfiDRAFT_0322,rpoD,RNA&nbsp;polymerase&nbsp;sigma&nbsp;factor&nbsp;RpoD,78.7
666684.AfiDRAFT_2964,hemF,Oxygen-dependent&nbsp;coproporphyrinogen-III&nbsp;oxidase,78.6
666684.AfiDRAFT_2388,EFI51015.1,ATP&nbsp;synthase&nbsp;subunit&nbsp;b,78.6
666684.AfiDRAFT_0236,EFI52250.1,PFAM:&nbsp;peptidase&nbsp;M24,78.6
666684.AfiDRAFT_2338,EFI50965.1,Integral&nbsp;membrane&nbsp;sensor&nbsp;signal&nbsp;transduction&nbsp;histidine&nbsp;kinase,78.6
666684.AfiDRAFT_0875,EFI52888.1,PFAM:&nbsp;peptidase&nbsp;C14&nbsp;caspase&nbsp;catalytic&nbsp;subunit&nbsp;p20,78.5
666684.AfiDRAFT_2792,EFI51419.1,"PFAM:&nbsp;Luciferase-like,&nbsp;subgroup",78.5
666684.AfiDRAFT_2859,EFI50551.1,PFAM:&nbsp;acyl-CoA&nbsp;dehydrogenase&nbsp;domain&nbsp;protein,78.5
666684.AfiDRAFT_0162,hldD,ADP-L-glycero-D-manno-heptose-6-epimerase,78.4
666684.AfiDRAFT_3472,pncB,Nicotinate&nbsp;phosphoribosyltransferase,78.4
666684.AfiDRAFT_3806,EFI49948.1,TIGRFAM:&nbsp;molybdenum&nbsp;cofactor&nbsp;synthesis&nbsp;domain&nbsp;protein,78.3
666684.AfiDRAFT_1301,EFI53314.1,KEGG:&nbsp;mms:mma_0951&nbsp;cytochrome&nbsp;P460&nbsp;precursor,78.3
666684.AfiDRAFT_1951,EFI51665.1,Putrescine-binding&nbsp;periplasmic&nbsp;protein,78.3
666684.AfiDRAFT_2160,EFI51874.1,"TIGRFAM:&nbsp;polar&nbsp;amino&nbsp;acid&nbsp;ABC&nbsp;transporter,&nbsp;inner&nbsp;membrane&nbsp;subunit",78.2
666684.AfiDRAFT_3217,EFI50909.1,PFAM:&nbsp;Aldehyde&nbsp;Dehydrogenase,78.2
666684.AfiDRAFT_0207,EFI52221.1,"TIGRFAM:&nbsp;acetolactate&nbsp;synthase,&nbsp;small&nbsp;subunit",78.2
666684.AfiDRAFT_2122,EFI51836.1,"TIGRFAM:&nbsp;poly(R)-hydroxyalkanoic&nbsp;acid&nbsp;synthase,&nbsp;class&nbsp;I",78.2
666684.AfiDRAFT_1923,EFI51637.1,PFAM:&nbsp;Tripartite&nbsp;ATP-independent&nbsp;periplasmic&nbsp;transporter&nbsp;DctQ&nbsp;component,78.2
666684.AfiDRAFT_0662,EFI52675.1,PFAM:&nbsp;protein&nbsp;of&nbsp;unknown&nbsp;function&nbsp;DUF140,78.2
666684.AfiDRAFT_3591,rplA,50S&nbsp;ribosomal&nbsp;protein&nbsp;L1,78.2
666684.AfiDRAFT_3507,EFI50368.1,KEGG:&nbsp;oca:OCAR_7630&nbsp;hypothetical&nbsp;protein,78.1
666684.AfiDRAFT_3025,EFI50717.1,Dihydroorotase,78.1
666684.AfiDRAFT_2923,EFI50615.1,TIGRFAM:&nbsp;lytic&nbsp;murein&nbsp;transglycosylase,78.1
666684.AfiDRAFT_3574,rplB,50S&nbsp;ribosomal&nbsp;protein&nbsp;L2,78.1
666684.AfiDRAFT_1426,asd,Aspartate-semialdehyde&nbsp;dehydrogenase,78.1
666684.AfiDRAFT_2897,EFI50589.1,PFAM:&nbsp;oxidoreductase&nbsp;molybdopterin&nbsp;binding,78.1
666684.AfiDRAFT_3313,bamA,Outer&nbsp;membrane&nbsp;protein&nbsp;assembly&nbsp;factor&nbsp;BamA,78.1
666684.AfiDRAFT_3494,EFI50355.1,PFAM:&nbsp;Glutathione&nbsp;S-transferase&nbsp;domain,78.0
666684.AfiDRAFT_2576,EFI51203.1,KEGG:&nbsp;oca:OCAR_7205&nbsp;branched-chain&nbsp;amino&nbsp;acid&nbsp;aminotransferase,78.0
666684.AfiDRAFT_1435,EFI53448.1,"TIGRFAM:&nbsp;succinate&nbsp;dehydrogenase,&nbsp;hydrophobic&nbsp;membrane&nbsp;anchor&nbsp;protein",77.9
666684.AfiDRAFT_2191,EFI51905.1,PFAM:&nbsp;glycosyl&nbsp;transferase&nbsp;group&nbsp;1,77.9
666684.AfiDRAFT_0157,EFI52171.1,PFAM:&nbsp;oxidoreductase&nbsp;domain&nbsp;protein,77.9
666684.AfiDRAFT_3406,glyA,Serine&nbsp;hydroxymethyltransferase,77.9
666684.AfiDRAFT_2991,EFI50683.1,Gamma-glutamyltransferase,77.7
666684.AfiDRAFT_3361,lon,Lon&nbsp;protease,77.6
666684.AfiDRAFT_2642,EFI51269.1,PFAM:&nbsp;ABC&nbsp;transporter&nbsp;related,77.5
666684.AfiDRAFT_0453,EFI52467.1,Uncharacterized&nbsp;protein,77.5
666684.AfiDRAFT_2778,EFI51405.1,Integral&nbsp;membrane&nbsp;sensor&nbsp;signal&nbsp;transduction&nbsp;histidine&nbsp;kinase,77.4
666684.AfiDRAFT_2869,EFI50561.1,PFAM:&nbsp;coenzyme&nbsp;A&nbsp;transferase,77.4
666684.AfiDRAFT_3666,EFI50526.1,PFAM:&nbsp;DEAD/DEAH&nbsp;box&nbsp;helicase&nbsp;domain&nbsp;protein,77.4
666684.AfiDRAFT_0202,leuA,2-isopropylmalate&nbsp;synthase,77.3
666684.AfiDRAFT_0374,EFI52388.1,Cytochrome&nbsp;c-type&nbsp;protein,77.3
666684.AfiDRAFT_2900,EFI50592.1,KEGG:&nbsp;oca:OCAR_7068&nbsp;malto-oligosyltrehalose&nbsp;synthase,77.2
666684.AfiDRAFT_0759,EFI52772.1,"Transcriptional&nbsp;regulator,&nbsp;MerR&nbsp;family",77.1
666684.AfiDRAFT_3094,EFI50786.1,Gamma-glutamyltransferase,77.1
666684.AfiDRAFT_0920,argB,Acetylglutamate&nbsp;kinase,77.1
666684.AfiDRAFT_1537,hisA,KEGG:&nbsp;oca:OCAR_4398&nbsp;1-(5-phosphoribosyl)-5-[(5-&nbsp;phosphoribosylamino)methylideneamino]&nbsp;imidazole-4-carboxamide&nbsp;isomerase,77.0
666684.AfiDRAFT_1129,EFI53142.1,PFAM:&nbsp;ferredoxin-dependent&nbsp;glutamate&nbsp;synthase,77.0
666684.AfiDRAFT_3404,EFI50265.1,Riboflavin&nbsp;biosynthesis&nbsp;protein&nbsp;RibD,77.0
666684.AfiDRAFT_2711,EFI51338.1,PFAM:&nbsp;binding-protein-dependent&nbsp;transport&nbsp;systems&nbsp;inner&nbsp;membrane&nbsp;component,77.0
666684.AfiDRAFT_2211,metG,Methionine--tRNA&nbsp;ligase,76.9
666684.AfiDRAFT_3346,EFI50207.1,"TIGRFAM:&nbsp;NADH-quinone&nbsp;oxidoreductase,&nbsp;chain&nbsp;G",76.9
666684.AfiDRAFT_2651,EFI51278.1,PFAM:&nbsp;ABC&nbsp;transporter&nbsp;related,76.9
666684.AfiDRAFT_0668,EFI52681.1,"Putative&nbsp;transcriptional&nbsp;regulator,&nbsp;Crp/Fnr&nbsp;family",76.9
666684.AfiDRAFT_0363,EFI52377.1,PFAM:&nbsp;FAD&nbsp;dependent&nbsp;oxidoreductase,76.9
666684.AfiDRAFT_3354,EFI50215.1,KEGG:&nbsp;oca:OCAR_5921&nbsp;tartrate&nbsp;dehydrogenase,76.9
666684.AfiDRAFT_3115,EFI50807.1,PFAM:&nbsp;[2Fe-2S]-binding&nbsp;domain&nbsp;protein,76.8
666684.AfiDRAFT_1098,EFI53111.1,KEGG:&nbsp;rpc:RPC_3926&nbsp;superfamily&nbsp;I&nbsp;DNA/RNA&nbsp;helicase,76.8
666684.AfiDRAFT_1166,EFI53179.1,PFAM:&nbsp;Methyltransferase&nbsp;type&nbsp;11,76.8
666684.AfiDRAFT_1566,EFI53579.1,"Two&nbsp;component&nbsp;transcriptional&nbsp;regulator,&nbsp;winged&nbsp;helix&nbsp;family",76.8
666684.AfiDRAFT_0297,EFI52311.1,PFAM:&nbsp;thiamine&nbsp;pyrophosphate&nbsp;protein&nbsp;TPP&nbsp;binding&nbsp;domain&nbsp;protein,76.8
666684.AfiDRAFT_3483,EFI50344.1,KEGG:&nbsp;oca:OCAR_5767&nbsp;ATP-dependent&nbsp;Clp&nbsp;protease&nbsp;ATP-binding&nbsp;subunit&nbsp;ClpA,76.8
666684.AfiDRAFT_0972,map,"TIGRFAM:&nbsp;methionine&nbsp;aminopeptidase,&nbsp;type&nbsp;I",76.7
666684.AfiDRAFT_0964,EFI52977.1,"TIGRFAM:&nbsp;molybdenum&nbsp;ABC&nbsp;transporter,&nbsp;periplasmic&nbsp;molybdate-binding&nbsp;protein",76.7
666684.AfiDRAFT_2159,EFI51873.1,"TIGRFAM:&nbsp;polar&nbsp;amino&nbsp;acid&nbsp;ABC&nbsp;transporter,&nbsp;inner&nbsp;membrane&nbsp;subunit",76.7
666684.AfiDRAFT_3707,EFI50000.1,"PFAM:&nbsp;WD40&nbsp;repeat,&nbsp;subgroup",76.7
666684.AfiDRAFT_0220,fumC,Fumarate&nbsp;hydratase&nbsp;class&nbsp;II,76.6
666684.AfiDRAFT_3515,EFI50376.1,PFAM:&nbsp;acylphosphatase,76.5
666684.AfiDRAFT_3127,EFI50819.1,PFAM:&nbsp;molybdopterin&nbsp;dehydrogenase&nbsp;FAD-binding,76.5
666684.AfiDRAFT_1337,EFI53350.1,TIGRFAM:&nbsp;P-type&nbsp;conjugative&nbsp;transfer&nbsp;protein&nbsp;TrbJ,76.4
666684.AfiDRAFT_3008,glyQ,KEGG:&nbsp;nha:Nham_3211&nbsp;glycyl-tRNA&nbsp;synthetase&nbsp;subunit&nbsp;alpha,76.4
666684.AfiDRAFT_1261,EFI53274.1,"KEGG:&nbsp;oca:OCAR_5074&nbsp;haloacid&nbsp;dehalogenase,&nbsp;type&nbsp;II",76.4
666684.AfiDRAFT_2341,EFI50968.1,"TIGRFAM:&nbsp;phosphate&nbsp;ABC&nbsp;transporter,&nbsp;inner&nbsp;membrane&nbsp;subunit&nbsp;PstA",76.4
666684.AfiDRAFT_1922,EFI51636.1,"TIGRFAM:&nbsp;TRAP&nbsp;dicarboxylate&nbsp;transporter,&nbsp;DctM&nbsp;subunit",76.2
666684.AfiDRAFT_3102,EFI50794.1,KEGG:&nbsp;oca:OCAR_5183&nbsp;sulfur&nbsp;oxidation&nbsp;protein,76.2
666684.AfiDRAFT_0565,EFI52578.1,PFAM:&nbsp;chemotaxis&nbsp;sensory&nbsp;transducer,76.2
666684.AfiDRAFT_3368,EFI50229.1,"TIGRFAM:&nbsp;glutamine&nbsp;synthetase,&nbsp;type&nbsp;I",76.2
666684.AfiDRAFT_1302,EFI53315.1,PAS/PAC&nbsp;sensor&nbsp;signal&nbsp;transduction&nbsp;histidine&nbsp;kinase,76.2
666684.AfiDRAFT_2241,EFI51955.1,KEGG:&nbsp;rpb:RPB_1760&nbsp;twin-arginine&nbsp;translocation&nbsp;pathway&nbsp;signal,76.1
666684.AfiDRAFT_3222,EFI50914.1,Diguanylate&nbsp;cyclase/phosphodiesterase&nbsp;with&nbsp;MHYT&nbsp;sensor,76.1
666684.AfiDRAFT_0176,metK,S-adenosylmethionine&nbsp;synthase,76.0
666684.AfiDRAFT_3143,EFI50835.1,Rieske&nbsp;(2Fe-2S)&nbsp;iron-sulfur&nbsp;domain&nbsp;protein,76.0
666684.AfiDRAFT_3633,EFI50493.1,PFAM:&nbsp;Tetratricopeptide&nbsp;TPR_2&nbsp;repeat&nbsp;protein,76.0
666684.AfiDRAFT_1208,EFI53221.1,PFAM:&nbsp;response&nbsp;regulator&nbsp;receiver,75.9
666684.AfiDRAFT_1579,gshB,KEGG:&nbsp;oca:OCAR_4407&nbsp;glutathione&nbsp;synthetase,75.8
666684.AfiDRAFT_3772,atpD,ATP&nbsp;synthase&nbsp;subunit&nbsp;beta,75.7
666684.AfiDRAFT_2088,EFI51802.1,PFAM:&nbsp;response&nbsp;regulator&nbsp;receiver,75.7
666684.AfiDRAFT_1110,EFI53123.1,KEGG:&nbsp;bid:Bind_2476&nbsp;hypothetical&nbsp;protein,75.6
666684.AfiDRAFT_2847,EFI50539.1,"TIGRFAM:&nbsp;phosphonate&nbsp;ABC&nbsp;transporter,&nbsp;inner&nbsp;membrane&nbsp;subunit",75.6
666684.AfiDRAFT_1511,leuS,Leucine--tRNA&nbsp;ligase,75.6
666684.AfiDRAFT_1506,EFI53519.1,"Putative&nbsp;transcriptional&nbsp;regulator,&nbsp;Crp/Fnr&nbsp;family",75.5
666684.AfiDRAFT_1424,EFI53437.1,Citryl-CoA&nbsp;lyase,75.5
666684.AfiDRAFT_0394,rpmJ,TIGRFAM:&nbsp;ribosomal&nbsp;protein&nbsp;L36,75.5
666684.AfiDRAFT_2303,kdpC,Potassium-transporting&nbsp;ATPase&nbsp;KdpC&nbsp;subunit,75.5
666684.AfiDRAFT_2903,glgB,"1,4-alpha-glucan&nbsp;branching&nbsp;enzyme&nbsp;GlgB",75.5
666684.AfiDRAFT_3243,EFI50104.1,"TIGRFAM:&nbsp;intracellular&nbsp;protease,&nbsp;PfpI&nbsp;family",75.4
666684.AfiDRAFT_1251,EFI53264.1,2-dehydropantoate&nbsp;2-reductase,75.3
666684.AfiDRAFT_2754,dld,Quinone-dependent&nbsp;D-lactate&nbsp;dehydrogenase,75.3
666684.AfiDRAFT_0098,EFI52112.1,TIGRFAM:&nbsp;flagellar&nbsp;basal-body&nbsp;rod&nbsp;protein&nbsp;FlgC,75.2
666684.AfiDRAFT_2933,EFI50625.1,"Transcriptional&nbsp;regulator,&nbsp;Fis&nbsp;family",75.2
666684.AfiDRAFT_3402,ribH,"6,7-dimethyl-8-ribityllumazine&nbsp;synthase",75.2
666684.AfiDRAFT_3592,rplK,50S&nbsp;ribosomal&nbsp;protein&nbsp;L11,75.1
666684.AfiDRAFT_1456,EFI53469.1,PFAM:&nbsp;amine&nbsp;oxidase,75.1
666684.AfiDRAFT_3344,nuoI,NADH-quinone&nbsp;oxidoreductase&nbsp;subunit&nbsp;I,75.0
666684.AfiDRAFT_1425,EFI53438.1,Carbonic&nbsp;anhydrase,74.8
666684.AfiDRAFT_2740,EFI51367.1,Transport&nbsp;permease&nbsp;protein,74.7
666684.AfiDRAFT_2663,EFI51290.1,"Transcriptional&nbsp;regulator,&nbsp;Crp/Fnr&nbsp;family",74.7
666684.AfiDRAFT_3381,ctaA,Heme&nbsp;A&nbsp;synthase,74.5
666684.AfiDRAFT_0359,EFI52373.1,PFAM:&nbsp;binding-protein-dependent&nbsp;transport&nbsp;systems&nbsp;inner&nbsp;membrane&nbsp;component,74.5
666684.AfiDRAFT_1905,EFI51619.1,PFAM:&nbsp;Tetratricopeptide&nbsp;TPR_2&nbsp;repeat&nbsp;protein,74.4
666684.AfiDRAFT_3323,EFI50184.1,KEGG:&nbsp;oca:OCAR_5953&nbsp;DNA&nbsp;polymerase&nbsp;III&nbsp;subunit&nbsp;alpha,74.4
666684.AfiDRAFT_1642,dadA,D-amino&nbsp;acid&nbsp;dehydrogenase,74.3
666684.AfiDRAFT_1164,argJ,Arginine&nbsp;biosynthesis&nbsp;bifunctional&nbsp;protein&nbsp;ArgJ,74.3
666684.AfiDRAFT_1459,ppa,Inorganic&nbsp;pyrophosphatase,74.3
666684.AfiDRAFT_3363,clpP,ATP-dependent&nbsp;Clp&nbsp;protease&nbsp;proteolytic&nbsp;subunit,74.2
666684.AfiDRAFT_0573,EFI52586.1,Serine-type&nbsp;D-Ala-D-Ala&nbsp;carboxypeptidase,74.1
666684.AfiDRAFT_0626,EFI52639.1,PFAM:&nbsp;prephenate&nbsp;dehydratase,74.1
666684.AfiDRAFT_1179,EFI53192.1,KEGG:&nbsp;oca:OCAR_4100&nbsp;hypothetical&nbsp;protein,74.1
666684.AfiDRAFT_0756,EFI52769.1,"Transcriptional&nbsp;regulator,&nbsp;MerR&nbsp;family",74.0
666684.AfiDRAFT_0470,EFI52484.1,TIGRFAM:&nbsp;histidinol-phosphate&nbsp;phosphatase,74.0
666684.AfiDRAFT_1594,dapB,4-hydroxy-tetrahydrodipicolinate&nbsp;reductase,73.9
666684.AfiDRAFT_0691,EFI52704.1,PFAM:&nbsp;ABC&nbsp;transporter&nbsp;related,73.9
666684.AfiDRAFT_1940,EFI51654.1,Cytokinin&nbsp;riboside&nbsp;5'-monophosphate&nbsp;phosphoribohydrolase,73.9
666684.AfiDRAFT_3195,EFI50887.1,PFAM:&nbsp;FAD-dependent&nbsp;pyridine&nbsp;nucleotide-disulphide&nbsp;oxidoreductase,73.9
666684.AfiDRAFT_1507,EFI53520.1,"Two&nbsp;component&nbsp;transcriptional&nbsp;regulator,&nbsp;winged&nbsp;helix&nbsp;family",73.8
666684.AfiDRAFT_2340,EFI50967.1,Phosphate&nbsp;transport&nbsp;system&nbsp;permease&nbsp;protein,73.8
666684.AfiDRAFT_2228,EFI51942.1,Adenylate/guanylate&nbsp;cyclase&nbsp;with&nbsp;Chase&nbsp;sensor,73.8
666684.AfiDRAFT_0166,EFI52180.1,TIGRFAM:&nbsp;lipopolysaccharide&nbsp;heptosyltransferase&nbsp;I,73.8
666684.AfiDRAFT_1300,EFI53313.1,KEGG:&nbsp;mms:mma_0950&nbsp;cytochrome&nbsp;P460,73.7
666684.AfiDRAFT_0623,EFI52636.1,PFAM:&nbsp;extracellular&nbsp;solute-binding&nbsp;protein&nbsp;family&nbsp;5,73.7
666684.AfiDRAFT_1233,EFI53246.1,PFAM:&nbsp;oxidoreductase&nbsp;molybdopterin&nbsp;binding,73.7
666684.AfiDRAFT_2432,EFI51059.1,PFAM:&nbsp;Nitrilase/cyanide&nbsp;hydratase&nbsp;and&nbsp;apolipoprotein&nbsp;N-acyltransferase,73.7
666684.AfiDRAFT_0692,EFI52705.1,PFAM:&nbsp;inner-membrane&nbsp;translocator,73.7
666684.AfiDRAFT_1595,gpmA,"2,3-bisphosphoglycerate-dependent&nbsp;phosphoglycerate&nbsp;mutase",73.6
666684.AfiDRAFT_0267,EFI52281.1,TIGRFAM:&nbsp;acetyl-CoA&nbsp;acetyltransferase,73.6
666684.AfiDRAFT_2092,aroQ,3-dehydroquinate&nbsp;dehydratase,73.6
666684.AfiDRAFT_2161,EFI51875.1,PFAM:&nbsp;ABC&nbsp;transporter&nbsp;related,73.6
666684.AfiDRAFT_2440,EFI51067.1,TIGRFAM:&nbsp;succinate&nbsp;dehydrogenase&nbsp;and&nbsp;fumarate&nbsp;reductase&nbsp;iron-sulfur&nbsp;protein,73.6
666684.AfiDRAFT_2722,EFI51349.1,D-lactate&nbsp;dehydrogenase&nbsp;(Cytochrome),73.5
666684.AfiDRAFT_3086,EFI50778.1,PFAM:&nbsp;Malate/L-lactate&nbsp;dehydrogenase,73.5
666684.AfiDRAFT_2834,EFI51461.1,KEGG:&nbsp;tsi:TSIB_2053&nbsp;hypothetical&nbsp;protein,73.4
666684.AfiDRAFT_2248,EFI51962.1,"TIGRFAM:&nbsp;Ubiquinone&nbsp;biosynthesis&nbsp;hydroxylase,&nbsp;UbiH/UbiF/VisC/COQ6&nbsp;family",73.3
666684.AfiDRAFT_3700,EFI49993.1,KEGG:&nbsp;oca:OCAR_5027&nbsp;membrane&nbsp;protein&nbsp;NosY,73.3
666684.AfiDRAFT_2162,EFI51876.1,PFAM:&nbsp;Pyridoxal-5'-phosphate-dependent&nbsp;protein&nbsp;beta&nbsp;subunit,73.3
666684.AfiDRAFT_2078,EFI51792.1,Integral&nbsp;membrane&nbsp;sensor&nbsp;signal&nbsp;transduction&nbsp;histidine&nbsp;kinase,73.3
666684.AfiDRAFT_3297,trpC,PFAM:&nbsp;Indole-3-glycerol&nbsp;phosphate&nbsp;synthase,73.3
666684.AfiDRAFT_1023,EFI53036.1,"Transcriptional&nbsp;regulator,&nbsp;MerR&nbsp;family",73.3
666684.AfiDRAFT_1789,EFI51503.1,KEGG:&nbsp;oca:OCAR_6654&nbsp;acetyl-CoA&nbsp;hydrolase/transferase&nbsp;family&nbsp;protein,73.2
666684.AfiDRAFT_3718,EFI50011.1,"TIGRFAM:&nbsp;formate&nbsp;dehydrogenase,&nbsp;gamma&nbsp;subunit",73.2
666684.AfiDRAFT_2321,EFI50948.1,Glutamine--scyllo-inositol&nbsp;transaminase,73.2
666684.AfiDRAFT_2236,EFI51950.1,PFAM:&nbsp;oxidoreductase&nbsp;FAD/NAD(P)-binding&nbsp;domain&nbsp;protein,73.1
666684.AfiDRAFT_0201,EFI52215.1,"TIGRFAM:&nbsp;TRAP&nbsp;dicarboxylate&nbsp;transporter,&nbsp;DctP&nbsp;subunit",73.0
666684.AfiDRAFT_2116,EFI51830.1,PFAM:&nbsp;DEAD/DEAH&nbsp;box&nbsp;helicase&nbsp;domain&nbsp;protein,72.9
666684.AfiDRAFT_0323,dnaG,DNA&nbsp;primase,72.9
666684.AfiDRAFT_3141,EFI50833.1,Rieske&nbsp;(2Fe-2S)&nbsp;iron-sulfur&nbsp;domain&nbsp;protein,72.8
666684.AfiDRAFT_1927,rpiA,Ribose-5-phosphate&nbsp;isomerase&nbsp;A,72.8
666684.AfiDRAFT_3660,EFI50520.1,10&nbsp;kDa&nbsp;chaperonin,72.8
666684.AfiDRAFT_2187,EFI51901.1,TIGRFAM:&nbsp;MazG&nbsp;family&nbsp;protein,72.8
666684.AfiDRAFT_2107,EFI51821.1,Cysteine&nbsp;desulfurase,72.8
666684.AfiDRAFT_2363,EFI50990.1,Dihydroorotate&nbsp;dehydrogenase&nbsp;(quinone),72.8
666684.AfiDRAFT_2942,EFI50634.1,TIGRFAM:&nbsp;glycine&nbsp;oxidase&nbsp;ThiO,72.8
666684.AfiDRAFT_0478,EFI52492.1,PFAM:&nbsp;ferredoxin-dependent&nbsp;glutamate&nbsp;synthase,72.8
666684.AfiDRAFT_0165,EFI52179.1,"D,D-heptose&nbsp;1,7-bisphosphate&nbsp;phosphatase",72.8
666684.AfiDRAFT_3211,EFI50903.1,TIGRFAM:&nbsp;sulfoacetaldehyde&nbsp;acetyltransferase,72.8
666684.AfiDRAFT_1297,EFI53310.1,Heme&nbsp;exporter&nbsp;protein&nbsp;C,72.7
666684.AfiDRAFT_1460,folD,Bifunctional&nbsp;protein&nbsp;FolD,72.7
666684.AfiDRAFT_1736,EFI53749.1,PFAM:&nbsp;glycosyl&nbsp;transferase&nbsp;group&nbsp;1,72.6
666684.AfiDRAFT_2491,ruvC,Crossover&nbsp;junction&nbsp;endodeoxyribonuclease&nbsp;RuvC,72.5
666684.AfiDRAFT_2204,EFI51918.1,KEGG:&nbsp;oca:OCAR_6120&nbsp;mannose-1-phosphate&nbsp;guanylyltransferase/mannose-6-phosphate&nbsp;isomerase,72.5
666684.AfiDRAFT_3236,EFI50097.1,UvrABC&nbsp;system&nbsp;protein&nbsp;A,72.5
666684.AfiDRAFT_2962,EFI50654.1,PFAM:&nbsp;Polynucleotide&nbsp;adenylyltransferase&nbsp;region,72.5
666684.AfiDRAFT_1395,EFI53408.1,PFAM:&nbsp;alkyl&nbsp;hydroperoxide&nbsp;reductase/&nbsp;Thiol&nbsp;specific&nbsp;antioxidant/&nbsp;Mal&nbsp;allergen,72.5
666684.AfiDRAFT_0310,EFI52324.1,KEGG:&nbsp;oca:OCAR_5150&nbsp;exodeoxyribonuclease&nbsp;V,72.5
666684.AfiDRAFT_3060,EFI50752.1,PFAM:&nbsp;Phosphoglycerate&nbsp;mutase,72.5
666684.AfiDRAFT_2517,EFI51144.1,60&nbsp;kDa&nbsp;chaperonin,72.4
666684.AfiDRAFT_2892,prpB,2-methylisocitrate&nbsp;lyase,72.3
666684.AfiDRAFT_3367,EFI50228.1,PFAM:&nbsp;nitrogen&nbsp;regulatory&nbsp;protein&nbsp;P-II,72.3
666684.AfiDRAFT_2534,EFI51161.1,KEGG:&nbsp;oca:OCAR_7254&nbsp;inositol&nbsp;monophosphatase&nbsp;family&nbsp;protein,72.2
666684.AfiDRAFT_0523,metXA,Homoserine&nbsp;O-acetyltransferase,72.2
666684.AfiDRAFT_2464,thrB,KEGG:&nbsp;oca:OCAR_7330&nbsp;homoserine&nbsp;kinase,72.2
666684.AfiDRAFT_1620,EFI53633.1,PFAM:&nbsp;NAD-dependent&nbsp;epimerase/dehydratase,72.2
666684.AfiDRAFT_2157,EFI51871.1,TIGRFAM:&nbsp;cystathionine&nbsp;beta-lyase,72.1
666684.AfiDRAFT_2346,argD,TIGRFAM:&nbsp;acetylornithine&nbsp;and&nbsp;succinylornithine&nbsp;aminotransferase,72.1
666684.AfiDRAFT_3552,rplQ,TIGRFAM:&nbsp;ribosomal&nbsp;protein&nbsp;L17,72.0
666684.AfiDRAFT_3727,EFI50020.1,KEGG:&nbsp;saq:Sare_1212&nbsp;putative&nbsp;phiRv2&nbsp;prophage&nbsp;protein,72.0
666684.AfiDRAFT_3362,clpX,ATP-dependent&nbsp;Clp&nbsp;protease&nbsp;ATP-binding&nbsp;subunit&nbsp;ClpX,72.0
666684.AfiDRAFT_3437,EFI50298.1,PFAM:&nbsp;Tetratricopeptide&nbsp;TPR_2&nbsp;repeat&nbsp;protein,72.0
666684.AfiDRAFT_1768,fdhD,Sulfur&nbsp;carrier&nbsp;protein&nbsp;FdhD,71.9
666684.AfiDRAFT_2266,EFI51980.1,PFAM:&nbsp;glycosyl&nbsp;transferase&nbsp;family&nbsp;2,71.9
666684.AfiDRAFT_0184,purU,Formyltetrahydrofolate&nbsp;deformylase,71.9
666684.AfiDRAFT_2560,hisS,Histidine--tRNA&nbsp;ligase,71.9
666684.AfiDRAFT_1901,EFI51615.1,PFAM:&nbsp;ABC&nbsp;transporter&nbsp;related,71.8
666684.AfiDRAFT_1626,EFI53639.1,PFAM:&nbsp;MaoC&nbsp;domain&nbsp;protein&nbsp;dehydratase,71.8
666684.AfiDRAFT_3294,tpiA,Triosephosphate&nbsp;isomerase,71.8
666684.AfiDRAFT_1505,EFI53518.1,TIGRFAM:&nbsp;exodeoxyribonuclease&nbsp;III&nbsp;Xth,71.8
666684.AfiDRAFT_1745,EFI53758.1,PFAM:&nbsp;metallophosphoesterase,71.7
666684.AfiDRAFT_0620,EFI52633.1,PFAM:&nbsp;binding-protein-dependent&nbsp;transport&nbsp;systems&nbsp;inner&nbsp;membrane&nbsp;component,71.7
666684.AfiDRAFT_1207,EFI53220.1,Integral&nbsp;membrane&nbsp;sensor&nbsp;signal&nbsp;transduction&nbsp;histidine&nbsp;kinase,71.7
666684.AfiDRAFT_2735,EFI51362.1,PFAM:&nbsp;Hemolysin-type&nbsp;calcium-binding&nbsp;region,71.7
666684.AfiDRAFT_1527,secB,Protein-export&nbsp;protein&nbsp;SecB,71.7
666684.AfiDRAFT_3716,EFI50009.1,PFAM:&nbsp;molybdopterin&nbsp;oxidoreductase,71.6
666684.AfiDRAFT_2585,EFI51212.1,PFAM:&nbsp;protein&nbsp;of&nbsp;unknown&nbsp;function&nbsp;DUF185,71.6
666684.AfiDRAFT_0277,EFI52291.1,Flagellar&nbsp;M-ring&nbsp;protein,71.6
666684.AfiDRAFT_1412,EFI53425.1,KEGG:&nbsp;rpc:RPC_0218&nbsp;twin-arginine&nbsp;translocation&nbsp;pathway&nbsp;signal,71.6
666684.AfiDRAFT_0384,EFI52398.1,"Two&nbsp;component,&nbsp;sigma54&nbsp;specific,&nbsp;transcriptional&nbsp;regulator,&nbsp;Fis&nbsp;family",71.5
666684.AfiDRAFT_2184,EFI51898.1,PFAM:&nbsp;aminotransferase&nbsp;class&nbsp;IV,71.5
666684.AfiDRAFT_0525,hisC,TIGRFAM:&nbsp;histidinol-phosphate&nbsp;aminotransferase,71.4
666684.AfiDRAFT_0431,EFI52445.1,TIGRFAM:&nbsp;nitrite&nbsp;transporter,71.4
666684.AfiDRAFT_0419,EFI52433.1,"PFAM:&nbsp;Luciferase-like,&nbsp;subgroup",71.4
666684.AfiDRAFT_2779,EFI51406.1,"Two&nbsp;component&nbsp;transcriptional&nbsp;regulator,&nbsp;winged&nbsp;helix&nbsp;family",71.4
666684.AfiDRAFT_0647,EFI52660.1,PFAM:&nbsp;Poly-beta-hydroxybutyrate&nbsp;polymerase&nbsp;domain&nbsp;protein,71.3
666684.AfiDRAFT_2981,EFI50673.1,PFAM:&nbsp;Glutathione&nbsp;S-transferase&nbsp;domain,71.3
666684.AfiDRAFT_2395,EFI51022.1,"Two&nbsp;component&nbsp;transcriptional&nbsp;regulator,&nbsp;LuxR&nbsp;family",71.3
666684.AfiDRAFT_1225,EFI53238.1,TIGRFAM:&nbsp;mercuric&nbsp;reductase,71.1
666684.AfiDRAFT_2553,EFI51180.1,TIGRFAM:&nbsp;riboflavin&nbsp;biosynthesis&nbsp;protein&nbsp;RibF,71.1
666684.AfiDRAFT_3342,nuoK,NADH-quinone&nbsp;oxidoreductase&nbsp;subunit&nbsp;K,71.1
666684.AfiDRAFT_1399,EFI53412.1,PFAM:&nbsp;FAD-dependent&nbsp;pyridine&nbsp;nucleotide-disulphide&nbsp;oxidoreductase,71.0
666684.AfiDRAFT_3463,plsY,Glycerol-3-phosphate&nbsp;acyltransferase,71.0
666684.AfiDRAFT_3571,rpsC,30S&nbsp;ribosomal&nbsp;protein&nbsp;S3,70.9
666684.AfiDRAFT_3022,EFI50714.1,KEGG:&nbsp;oca:OCAR_6934&nbsp;metal&nbsp;dependent&nbsp;phosphohydrolase,70.9
666684.AfiDRAFT_2171,EFI51885.1,"TIGRFAM:&nbsp;type&nbsp;I&nbsp;secretion&nbsp;outer&nbsp;membrane&nbsp;protein,&nbsp;TolC&nbsp;family",70.8
666684.AfiDRAFT_2476,EFI51103.1,PFAM:&nbsp;OmpA/MotB&nbsp;domain&nbsp;protein,70.8
666684.AfiDRAFT_1722,EFI53735.1,Beta&nbsp;sliding&nbsp;clamp,70.7
666684.AfiDRAFT_0206,ilvC,Ketol-acid&nbsp;reductoisomerase&nbsp;(NADP(+)),70.7
666684.AfiDRAFT_2518,EFI51145.1,10&nbsp;kDa&nbsp;chaperonin,70.6
666684.AfiDRAFT_3386,EFI50247.1,TIGRFAM:&nbsp;Undecaprenyl-phosphate&nbsp;glucose&nbsp;phosphotransferase,70.6
666684.AfiDRAFT_0404,EFI52418.1,"TIGRFAM:&nbsp;6-phosphogluconate&nbsp;dehydrogenase,&nbsp;decarboxylating",70.6
666684.AfiDRAFT_0429,EFI52443.1,"TIGRFAM:&nbsp;nitrate&nbsp;reductase,&nbsp;beta&nbsp;subunit",70.6
666684.AfiDRAFT_3121,EFI50813.1,KEGG:&nbsp;oca:OCAR_6706&nbsp;binding-protein-dependent&nbsp;transport&nbsp;systems&nbsp;inner&nbsp;membrane&nbsp;component,70.4
666684.AfiDRAFT_0427,EFI52441.1,"KEGG:&nbsp;oca:OCAR_5046&nbsp;respiratory&nbsp;nitrate&nbsp;reductase,&nbsp;gamma&nbsp;subunit",70.3
666684.AfiDRAFT_1882,EFI51596.1,Succinate--CoA&nbsp;ligase&nbsp;[ADP-forming]&nbsp;subunit&nbsp;alpha,70.3
666684.AfiDRAFT_2660,EFI51287.1,"TIGRFAM:&nbsp;cytochrome&nbsp;c&nbsp;oxidase,&nbsp;cbb3-type,&nbsp;subunit&nbsp;II",70.3
666684.AfiDRAFT_2539,EFI51166.1,KEGG:&nbsp;oca:OCAR_7249&nbsp;copper-containing&nbsp;nitrite&nbsp;reductase,70.3
666684.AfiDRAFT_3147,EFI50839.1,PFAM:&nbsp;short-chain&nbsp;dehydrogenase/reductase&nbsp;SDR,70.3
666684.AfiDRAFT_1615,infC,Translation&nbsp;initiation&nbsp;factor&nbsp;IF-3,70.3
666684.AfiDRAFT_2001,EFI51715.1,PFAM:&nbsp;inner-membrane&nbsp;translocator,70.2
666684.AfiDRAFT_3575,rplW,50S&nbsp;ribosomal&nbsp;protein&nbsp;L23,70.2
666684.AfiDRAFT_1185,EFI53198.1,TIGRFAM:&nbsp;acetyl-CoA&nbsp;acetyltransferase,70.1
666684.AfiDRAFT_1915,EFI51629.1,Integral&nbsp;membrane&nbsp;sensor&nbsp;signal&nbsp;transduction&nbsp;histidine&nbsp;kinase,70.1
666684.AfiDRAFT_2904,EFI50596.1,KEGG:&nbsp;rpc:RPC_3679&nbsp;trehalose&nbsp;synthase-like,70.1
