1380380.JIAX01000006_gene1007,JIAX01000006_gene1007,annotation&nbsp;not&nbsp;available,98.9
1380380.JIAX01000009_gene1586,JIAX01000009_gene1586,annotation&nbsp;not&nbsp;available,98.9
1380380.JIAX01000009_gene1619,JIAX01000009_gene1619,annotation&nbsp;not&nbsp;available,98.9
1380380.JIAX01000006_gene675,JIAX01000006_gene675,annotation&nbsp;not&nbsp;available,98.9
1380380.JIAX01000008_gene1885,JIAX01000008_gene1885,annotation&nbsp;not&nbsp;available,98.9
1380380.JIAX01000008_gene1882,JIAX01000008_gene1882,annotation&nbsp;not&nbsp;available,98.8
1380380.JIAX01000006_gene1267,JIAX01000006_gene1267,annotation&nbsp;not&nbsp;available,98.8
1380380.JIAX01000012_gene579,JIAX01000012_gene579,annotation&nbsp;not&nbsp;available,98.8
1380380.JIAX01000012_gene498,JIAX01000012_gene498,annotation&nbsp;not&nbsp;available,98.8
1380380.JIAX01000008_gene1972,JIAX01000008_gene1972,annotation&nbsp;not&nbsp;available,98.8
1380380.JIAX01000010_gene112,JIAX01000010_gene112,annotation&nbsp;not&nbsp;available,98.7
1380380.JIAX01000009_gene1666,JIAX01000009_gene1666,annotation&nbsp;not&nbsp;available,98.7
1380380.JIAX01000006_gene1106,JIAX01000006_gene1106,annotation&nbsp;not&nbsp;available,98.7
1380380.JIAX01000006_gene1257,JIAX01000006_gene1257,annotation&nbsp;not&nbsp;available,98.7
1380380.JIAX01000008_gene2097,JIAX01000008_gene2097,annotation&nbsp;not&nbsp;available,98.6
1380380.JIAX01000008_gene2123,JIAX01000008_gene2123,annotation&nbsp;not&nbsp;available,98.6
1380380.JIAX01000008_gene2323,JIAX01000008_gene2323,annotation&nbsp;not&nbsp;available,98.6
1380380.JIAX01000008_gene2280,JIAX01000008_gene2280,annotation&nbsp;not&nbsp;available,98.6
1380380.JIAX01000013_gene3229,JIAX01000013_gene3229,annotation&nbsp;not&nbsp;available,98.5
1380380.JIAX01000011_gene2594,JIAX01000011_gene2594,annotation&nbsp;not&nbsp;available,98.5
1380380.JIAX01000006_gene698,JIAX01000006_gene698,annotation&nbsp;not&nbsp;available,98.5
1380380.JIAX01000009_gene1416,JIAX01000009_gene1416,annotation&nbsp;not&nbsp;available,98.4
1380380.JIAX01000008_gene1859,JIAX01000008_gene1859,annotation&nbsp;not&nbsp;available,98.3
1380380.JIAX01000009_gene1738,JIAX01000009_gene1738,annotation&nbsp;not&nbsp;available,98.3
1380380.JIAX01000006_gene702,JIAX01000006_gene702,annotation&nbsp;not&nbsp;available,98.2
1380380.JIAX01000011_gene2543,JIAX01000011_gene2543,annotation&nbsp;not&nbsp;available,98.2
1380380.JIAX01000010_gene51,JIAX01000010_gene51,annotation&nbsp;not&nbsp;available,98.2
1380380.JIAX01000014_gene2755,JIAX01000014_gene2755,annotation&nbsp;not&nbsp;available,98.2
1380380.JIAX01000009_gene1528,JIAX01000009_gene1528,annotation&nbsp;not&nbsp;available,98.1
1380380.JIAX01000006_gene890,JIAX01000006_gene890,annotation&nbsp;not&nbsp;available,98.1
1380380.JIAX01000013_gene3018,JIAX01000013_gene3018,annotation&nbsp;not&nbsp;available,98.1
1380380.JIAX01000001_gene2864,JIAX01000001_gene2864,annotation&nbsp;not&nbsp;available,98.0
1380380.JIAX01000013_gene3031,JIAX01000013_gene3031,annotation&nbsp;not&nbsp;available,98.0
1380380.JIAX01000006_gene922,JIAX01000006_gene922,annotation&nbsp;not&nbsp;available,98.0
1380380.JIAX01000010_gene194,JIAX01000010_gene194,annotation&nbsp;not&nbsp;available,98.0
1380380.JIAX01000009_gene1343,JIAX01000009_gene1343,annotation&nbsp;not&nbsp;available,97.9
1380380.JIAX01000006_gene1027,JIAX01000006_gene1027,annotation&nbsp;not&nbsp;available,97.9
1380380.JIAX01000008_gene1957,JIAX01000008_gene1957,annotation&nbsp;not&nbsp;available,97.8
1380380.JIAX01000006_gene1012,JIAX01000006_gene1012,annotation&nbsp;not&nbsp;available,97.8
1380380.JIAX01000011_gene2422,JIAX01000011_gene2422,annotation&nbsp;not&nbsp;available,97.8
1380380.JIAX01000010_gene264,JIAX01000010_gene264,annotation&nbsp;not&nbsp;available,97.7
1380380.JIAX01000012_gene418,JIAX01000012_gene418,annotation&nbsp;not&nbsp;available,97.7
1380380.JIAX01000006_gene1157,JIAX01000006_gene1157,annotation&nbsp;not&nbsp;available,97.6
1380380.JIAX01000013_gene3092,JIAX01000013_gene3092,annotation&nbsp;not&nbsp;available,97.5
1380380.JIAX01000009_gene1319,JIAX01000009_gene1319,annotation&nbsp;not&nbsp;available,97.5
1380380.JIAX01000006_gene1166,JIAX01000006_gene1166,annotation&nbsp;not&nbsp;available,97.5
1380380.JIAX01000012_gene443,JIAX01000012_gene443,annotation&nbsp;not&nbsp;available,97.5
1380380.JIAX01000010_gene211,JIAX01000010_gene211,annotation&nbsp;not&nbsp;available,97.5
1380380.JIAX01000013_gene3198,JIAX01000013_gene3198,annotation&nbsp;not&nbsp;available,97.5
1380380.JIAX01000010_gene261,JIAX01000010_gene261,annotation&nbsp;not&nbsp;available,97.5
1380380.JIAX01000012_gene623,JIAX01000012_gene623,annotation&nbsp;not&nbsp;available,97.5
1380380.JIAX01000003_gene2875,JIAX01000003_gene2875,annotation&nbsp;not&nbsp;available,97.5
1380380.JIAX01000008_gene2276,JIAX01000008_gene2276,annotation&nbsp;not&nbsp;available,97.4
1380380.JIAX01000012_gene436,JIAX01000012_gene436,annotation&nbsp;not&nbsp;available,97.4
1380380.JIAX01000006_gene1124,JIAX01000006_gene1124,annotation&nbsp;not&nbsp;available,97.2
1380380.JIAX01000006_gene1176,JIAX01000006_gene1176,annotation&nbsp;not&nbsp;available,97.2
1380380.JIAX01000011_gene2356,JIAX01000011_gene2356,annotation&nbsp;not&nbsp;available,97.2
1380380.JIAX01000008_gene1958,JIAX01000008_gene1958,annotation&nbsp;not&nbsp;available,97.2
1380380.JIAX01000008_gene1995,JIAX01000008_gene1995,annotation&nbsp;not&nbsp;available,97.2
1380380.JIAX01000006_gene1135,JIAX01000006_gene1135,annotation&nbsp;not&nbsp;available,97.1
1380380.JIAX01000009_gene1341,JIAX01000009_gene1341,annotation&nbsp;not&nbsp;available,97.0
1380380.JIAX01000010_gene288,JIAX01000010_gene288,annotation&nbsp;not&nbsp;available,97.0
1380380.JIAX01000009_gene1414,JIAX01000009_gene1414,annotation&nbsp;not&nbsp;available,97.0
1380380.JIAX01000006_gene740,JIAX01000006_gene740,annotation&nbsp;not&nbsp;available,96.9
1380380.JIAX01000010_gene206,JIAX01000010_gene206,annotation&nbsp;not&nbsp;available,96.9
1380380.JIAX01000006_gene1040,JIAX01000006_gene1040,annotation&nbsp;not&nbsp;available,96.9
1380380.JIAX01000008_gene2053,JIAX01000008_gene2053,annotation&nbsp;not&nbsp;available,96.9
1380380.JIAX01000010_gene123,JIAX01000010_gene123,annotation&nbsp;not&nbsp;available,96.9
1380380.JIAX01000009_gene1694,JIAX01000009_gene1694,annotation&nbsp;not&nbsp;available,96.9
1380380.JIAX01000013_gene3215,JIAX01000013_gene3215,annotation&nbsp;not&nbsp;available,96.8
1380380.JIAX01000006_gene1096,JIAX01000006_gene1096,annotation&nbsp;not&nbsp;available,96.8
1380380.JIAX01000010_gene321,JIAX01000010_gene321,annotation&nbsp;not&nbsp;available,96.8
1380380.JIAX01000006_gene892,JIAX01000006_gene892,annotation&nbsp;not&nbsp;available,96.7
1380380.JIAX01000006_gene913,JIAX01000006_gene913,annotation&nbsp;not&nbsp;available,96.6
1380380.JIAX01000008_gene1827,JIAX01000008_gene1827,annotation&nbsp;not&nbsp;available,96.6
1380380.JIAX01000006_gene796,JIAX01000006_gene796,annotation&nbsp;not&nbsp;available,96.6
1380380.JIAX01000008_gene1933,JIAX01000008_gene1933,annotation&nbsp;not&nbsp;available,96.5
1380380.JIAX01000014_gene2786,JIAX01000014_gene2786,annotation&nbsp;not&nbsp;available,96.5
1380380.JIAX01000006_gene1174,JIAX01000006_gene1174,annotation&nbsp;not&nbsp;available,96.4
1380380.JIAX01000008_gene2286,JIAX01000008_gene2286,annotation&nbsp;not&nbsp;available,96.4
1380380.JIAX01000006_gene1278,JIAX01000006_gene1278,annotation&nbsp;not&nbsp;available,96.4
1380380.JIAX01000009_gene1631,JIAX01000009_gene1631,annotation&nbsp;not&nbsp;available,96.4
1380380.JIAX01000006_gene875,JIAX01000006_gene875,annotation&nbsp;not&nbsp;available,96.3
1380380.JIAX01000013_gene3193,JIAX01000013_gene3193,annotation&nbsp;not&nbsp;available,96.3
1380380.JIAX01000010_gene157,JIAX01000010_gene157,annotation&nbsp;not&nbsp;available,96.2
1380380.JIAX01000012_gene523,JIAX01000012_gene523,annotation&nbsp;not&nbsp;available,96.2
1380380.JIAX01000011_gene2540,JIAX01000011_gene2540,annotation&nbsp;not&nbsp;available,96.1
1380380.JIAX01000013_gene3151,JIAX01000013_gene3151,annotation&nbsp;not&nbsp;available,96.1
1380380.JIAX01000013_gene3184,JIAX01000013_gene3184,annotation&nbsp;not&nbsp;available,96.1
1380380.JIAX01000006_gene830,JIAX01000006_gene830,annotation&nbsp;not&nbsp;available,95.9
1380380.JIAX01000009_gene1640,JIAX01000009_gene1640,annotation&nbsp;not&nbsp;available,95.9
1380380.JIAX01000006_gene1276,JIAX01000006_gene1276,annotation&nbsp;not&nbsp;available,95.8
1380380.JIAX01000009_gene1657,JIAX01000009_gene1657,annotation&nbsp;not&nbsp;available,95.7
1380380.JIAX01000006_gene1226,JIAX01000006_gene1226,annotation&nbsp;not&nbsp;available,95.7
1380380.JIAX01000006_gene944,JIAX01000006_gene944,annotation&nbsp;not&nbsp;available,95.7
1380380.JIAX01000009_gene1514,JIAX01000009_gene1514,annotation&nbsp;not&nbsp;available,95.7
1380380.JIAX01000009_gene1432,JIAX01000009_gene1432,annotation&nbsp;not&nbsp;available,95.5
1380380.JIAX01000011_gene2358,JIAX01000011_gene2358,annotation&nbsp;not&nbsp;available,95.4
1380380.JIAX01000008_gene1837,JIAX01000008_gene1837,annotation&nbsp;not&nbsp;available,95.3
1380380.JIAX01000008_gene2108,JIAX01000008_gene2108,annotation&nbsp;not&nbsp;available,95.3
1380380.JIAX01000011_gene2460,JIAX01000011_gene2460,annotation&nbsp;not&nbsp;available,95.3
1380380.JIAX01000013_gene3227,JIAX01000013_gene3227,annotation&nbsp;not&nbsp;available,95.3
1380380.JIAX01000011_gene2635,JIAX01000011_gene2635,annotation&nbsp;not&nbsp;available,95.3
1380380.JIAX01000014_gene2702,JIAX01000014_gene2702,annotation&nbsp;not&nbsp;available,95.3
1380380.JIAX01000013_gene3109,JIAX01000013_gene3109,annotation&nbsp;not&nbsp;available,95.1
1380380.JIAX01000008_gene2028,JIAX01000008_gene2028,annotation&nbsp;not&nbsp;available,95.1
1380380.JIAX01000006_gene1194,JIAX01000006_gene1194,annotation&nbsp;not&nbsp;available,95.1
1380380.JIAX01000006_gene984,JIAX01000006_gene984,annotation&nbsp;not&nbsp;available,95.0
1380380.JIAX01000009_gene1504,JIAX01000009_gene1504,annotation&nbsp;not&nbsp;available,95.0
1380380.JIAX01000010_gene267,JIAX01000010_gene267,annotation&nbsp;not&nbsp;available,95.0
1380380.JIAX01000013_gene3254,JIAX01000013_gene3254,annotation&nbsp;not&nbsp;available,94.9
1380380.JIAX01000006_gene997,JIAX01000006_gene997,annotation&nbsp;not&nbsp;available,94.8
1380380.JIAX01000013_gene3158,JIAX01000013_gene3158,annotation&nbsp;not&nbsp;available,94.7
1380380.JIAX01000008_gene2021,JIAX01000008_gene2021,annotation&nbsp;not&nbsp;available,94.7
1380380.JIAX01000009_gene1561,JIAX01000009_gene1561,annotation&nbsp;not&nbsp;available,94.7
1380380.JIAX01000011_gene2565,JIAX01000011_gene2565,annotation&nbsp;not&nbsp;available,94.7
1380380.JIAX01000011_gene2440,JIAX01000011_gene2440,annotation&nbsp;not&nbsp;available,94.6
1380380.JIAX01000009_gene1615,JIAX01000009_gene1615,annotation&nbsp;not&nbsp;available,94.5
1380380.JIAX01000008_gene2049,JIAX01000008_gene2049,annotation&nbsp;not&nbsp;available,94.5
1380380.JIAX01000013_gene3084,JIAX01000013_gene3084,annotation&nbsp;not&nbsp;available,94.5
1380380.JIAX01000006_gene764,JIAX01000006_gene764,annotation&nbsp;not&nbsp;available,94.4
1380380.JIAX01000006_gene1222,JIAX01000006_gene1222,annotation&nbsp;not&nbsp;available,94.3
1380380.JIAX01000011_gene2508,JIAX01000011_gene2508,annotation&nbsp;not&nbsp;available,94.2
1380380.JIAX01000008_gene2247,JIAX01000008_gene2247,annotation&nbsp;not&nbsp;available,94.1
1380380.JIAX01000013_gene3072,JIAX01000013_gene3072,annotation&nbsp;not&nbsp;available,94.1
1380380.JIAX01000006_gene1193,JIAX01000006_gene1193,annotation&nbsp;not&nbsp;available,94.0
1380380.JIAX01000012_gene492,JIAX01000012_gene492,annotation&nbsp;not&nbsp;available,94.0
1380380.JIAX01000008_gene2285,JIAX01000008_gene2285,annotation&nbsp;not&nbsp;available,93.9
1380380.JIAX01000009_gene1579,JIAX01000009_gene1579,annotation&nbsp;not&nbsp;available,93.9
1380380.JIAX01000015_gene2947,JIAX01000015_gene2947,annotation&nbsp;not&nbsp;available,93.8
1380380.JIAX01000008_gene2075,JIAX01000008_gene2075,annotation&nbsp;not&nbsp;available,93.8
1380380.JIAX01000008_gene1952,JIAX01000008_gene1952,annotation&nbsp;not&nbsp;available,93.8
1380380.JIAX01000010_gene311,JIAX01000010_gene311,annotation&nbsp;not&nbsp;available,93.7
1380380.JIAX01000011_gene2403,JIAX01000011_gene2403,annotation&nbsp;not&nbsp;available,93.7
1380380.JIAX01000006_gene723,JIAX01000006_gene723,annotation&nbsp;not&nbsp;available,93.7
1380380.JIAX01000008_gene1807,JIAX01000008_gene1807,annotation&nbsp;not&nbsp;available,93.6
1380380.JIAX01000014_gene2777,JIAX01000014_gene2777,annotation&nbsp;not&nbsp;available,93.5
1380380.JIAX01000010_gene172,JIAX01000010_gene172,annotation&nbsp;not&nbsp;available,93.5
1380380.JIAX01000012_gene446,JIAX01000012_gene446,annotation&nbsp;not&nbsp;available,93.5
1380380.JIAX01000006_gene747,JIAX01000006_gene747,annotation&nbsp;not&nbsp;available,93.5
1380380.JIAX01000011_gene2480,JIAX01000011_gene2480,annotation&nbsp;not&nbsp;available,93.4
1380380.JIAX01000009_gene1409,JIAX01000009_gene1409,annotation&nbsp;not&nbsp;available,93.4
1380380.JIAX01000009_gene1515,JIAX01000009_gene1515,annotation&nbsp;not&nbsp;available,93.4
1380380.JIAX01000013_gene3230,JIAX01000013_gene3230,annotation&nbsp;not&nbsp;available,93.3
1380380.JIAX01000008_gene2069,JIAX01000008_gene2069,annotation&nbsp;not&nbsp;available,93.2
1380380.JIAX01000006_gene709,JIAX01000006_gene709,annotation&nbsp;not&nbsp;available,93.2
1380380.JIAX01000009_gene1644,JIAX01000009_gene1644,annotation&nbsp;not&nbsp;available,93.2
1380380.JIAX01000011_gene2465,JIAX01000011_gene2465,annotation&nbsp;not&nbsp;available,93.2
1380380.JIAX01000010_gene152,JIAX01000010_gene152,annotation&nbsp;not&nbsp;available,93.1
1380380.JIAX01000009_gene1420,JIAX01000009_gene1420,annotation&nbsp;not&nbsp;available,93.1
1380380.JIAX01000013_gene3182,JIAX01000013_gene3182,annotation&nbsp;not&nbsp;available,93.0
1380380.JIAX01000006_gene1259,JIAX01000006_gene1259,annotation&nbsp;not&nbsp;available,92.8
1380380.JIAX01000008_gene1920,JIAX01000008_gene1920,annotation&nbsp;not&nbsp;available,92.7
1380380.JIAX01000012_gene430,JIAX01000012_gene430,annotation&nbsp;not&nbsp;available,92.5
1380380.JIAX01000011_gene2352,JIAX01000011_gene2352,annotation&nbsp;not&nbsp;available,92.5
1380380.JIAX01000006_gene1272,JIAX01000006_gene1272,annotation&nbsp;not&nbsp;available,92.4
1380380.JIAX01000008_gene2231,JIAX01000008_gene2231,annotation&nbsp;not&nbsp;available,92.4
1380380.JIAX01000011_gene2439,JIAX01000011_gene2439,annotation&nbsp;not&nbsp;available,92.3
1380380.JIAX01000010_gene130,JIAX01000010_gene130,annotation&nbsp;not&nbsp;available,92.3
1380380.JIAX01000011_gene2487,JIAX01000011_gene2487,annotation&nbsp;not&nbsp;available,92.3
1380380.JIAX01000006_gene1015,JIAX01000006_gene1015,annotation&nbsp;not&nbsp;available,92.2
1380380.JIAX01000011_gene2578,JIAX01000011_gene2578,annotation&nbsp;not&nbsp;available,92.2
1380380.JIAX01000006_gene888,JIAX01000006_gene888,annotation&nbsp;not&nbsp;available,92.1
1380380.JIAX01000010_gene324,JIAX01000010_gene324,annotation&nbsp;not&nbsp;available,92.0
1380380.JIAX01000006_gene1153,JIAX01000006_gene1153,annotation&nbsp;not&nbsp;available,92.0
1380380.JIAX01000009_gene1517,JIAX01000009_gene1517,annotation&nbsp;not&nbsp;available,92.0
1380380.JIAX01000012_gene370,JIAX01000012_gene370,annotation&nbsp;not&nbsp;available,91.9
1380380.JIAX01000008_gene1906,JIAX01000008_gene1906,annotation&nbsp;not&nbsp;available,91.9
1380380.JIAX01000006_gene919,JIAX01000006_gene919,annotation&nbsp;not&nbsp;available,91.9
1380380.JIAX01000010_gene231,JIAX01000010_gene231,annotation&nbsp;not&nbsp;available,91.9
1380380.JIAX01000008_gene2185,JIAX01000008_gene2185,annotation&nbsp;not&nbsp;available,91.8
1380380.JIAX01000006_gene819,JIAX01000006_gene819,annotation&nbsp;not&nbsp;available,91.8
1380380.JIAX01000008_gene2283,JIAX01000008_gene2283,annotation&nbsp;not&nbsp;available,91.7
1380380.JIAX01000010_gene210,JIAX01000010_gene210,annotation&nbsp;not&nbsp;available,91.6
1380380.JIAX01000006_gene1284,JIAX01000006_gene1284,annotation&nbsp;not&nbsp;available,91.6
1380380.JIAX01000009_gene1337,JIAX01000009_gene1337,annotation&nbsp;not&nbsp;available,91.6
1380380.JIAX01000008_gene2189,JIAX01000008_gene2189,annotation&nbsp;not&nbsp;available,91.6
1380380.JIAX01000009_gene1742,JIAX01000009_gene1742,annotation&nbsp;not&nbsp;available,91.5
1380380.JIAX01000002_gene2841,JIAX01000002_gene2841,annotation&nbsp;not&nbsp;available,91.4
1380380.JIAX01000011_gene2601,JIAX01000011_gene2601,annotation&nbsp;not&nbsp;available,91.4
1380380.JIAX01000010_gene85,JIAX01000010_gene85,annotation&nbsp;not&nbsp;available,91.3
1380380.JIAX01000008_gene2232,JIAX01000008_gene2232,annotation&nbsp;not&nbsp;available,91.3
1380380.JIAX01000010_gene278,JIAX01000010_gene278,annotation&nbsp;not&nbsp;available,91.3
1380380.JIAX01000013_gene3009,JIAX01000013_gene3009,annotation&nbsp;not&nbsp;available,91.2
1380380.JIAX01000013_gene3241,JIAX01000013_gene3241,annotation&nbsp;not&nbsp;available,91.2
1380380.JIAX01000010_gene283,JIAX01000010_gene283,annotation&nbsp;not&nbsp;available,91.1
1380380.JIAX01000012_gene350,JIAX01000012_gene350,annotation&nbsp;not&nbsp;available,91.1
1380380.JIAX01000008_gene2334,JIAX01000008_gene2334,annotation&nbsp;not&nbsp;available,91.1
1380380.JIAX01000012_gene624,JIAX01000012_gene624,annotation&nbsp;not&nbsp;available,91.0
1380380.JIAX01000012_gene450,JIAX01000012_gene450,annotation&nbsp;not&nbsp;available,90.9
1380380.JIAX01000014_gene2653,JIAX01000014_gene2653,annotation&nbsp;not&nbsp;available,90.9
1380380.JIAX01000001_gene2862,JIAX01000001_gene2862,annotation&nbsp;not&nbsp;available,90.8
1380380.JIAX01000008_gene2327,JIAX01000008_gene2327,annotation&nbsp;not&nbsp;available,90.8
1380380.JIAX01000010_gene260,JIAX01000010_gene260,annotation&nbsp;not&nbsp;available,90.8
1380380.JIAX01000006_gene885,JIAX01000006_gene885,annotation&nbsp;not&nbsp;available,90.8
1380380.JIAX01000014_gene2780,JIAX01000014_gene2780,annotation&nbsp;not&nbsp;available,90.7
1380380.JIAX01000012_gene416,JIAX01000012_gene416,annotation&nbsp;not&nbsp;available,90.7
1380380.JIAX01000006_gene1199,JIAX01000006_gene1199,annotation&nbsp;not&nbsp;available,90.7
1380380.JIAX01000008_gene1782,JIAX01000008_gene1782,annotation&nbsp;not&nbsp;available,90.7
1380380.JIAX01000011_gene2494,JIAX01000011_gene2494,annotation&nbsp;not&nbsp;available,90.6
1380380.JIAX01000011_gene2473,JIAX01000011_gene2473,annotation&nbsp;not&nbsp;available,90.6
1380380.JIAX01000013_gene3205,JIAX01000013_gene3205,annotation&nbsp;not&nbsp;available,90.6
1380380.JIAX01000014_gene2705,JIAX01000014_gene2705,annotation&nbsp;not&nbsp;available,90.6
1380380.JIAX01000012_gene371,JIAX01000012_gene371,annotation&nbsp;not&nbsp;available,90.6
1380380.JIAX01000011_gene2528,JIAX01000011_gene2528,annotation&nbsp;not&nbsp;available,90.6
1380380.JIAX01000006_gene924,JIAX01000006_gene924,annotation&nbsp;not&nbsp;available,90.5
1380380.JIAX01000010_gene320,JIAX01000010_gene320,annotation&nbsp;not&nbsp;available,90.5
1380380.JIAX01000009_gene1467,JIAX01000009_gene1467,annotation&nbsp;not&nbsp;available,90.5
1380380.JIAX01000006_gene728,JIAX01000006_gene728,annotation&nbsp;not&nbsp;available,90.5
1380380.JIAX01000014_gene2770,JIAX01000014_gene2770,annotation&nbsp;not&nbsp;available,90.5
1380380.JIAX01000008_gene2162,JIAX01000008_gene2162,annotation&nbsp;not&nbsp;available,90.5
1380380.JIAX01000008_gene2127,JIAX01000008_gene2127,annotation&nbsp;not&nbsp;available,90.5
1380380.JIAX01000008_gene2120,JIAX01000008_gene2120,annotation&nbsp;not&nbsp;available,90.4
1380380.JIAX01000009_gene1672,JIAX01000009_gene1672,annotation&nbsp;not&nbsp;available,90.3
1380380.JIAX01000008_gene1892,JIAX01000008_gene1892,annotation&nbsp;not&nbsp;available,90.2
1380380.JIAX01000010_gene282,JIAX01000010_gene282,annotation&nbsp;not&nbsp;available,90.2
1380380.JIAX01000012_gene496,JIAX01000012_gene496,annotation&nbsp;not&nbsp;available,90.2
1380380.JIAX01000006_gene1158,JIAX01000006_gene1158,annotation&nbsp;not&nbsp;available,90.2
1380380.JIAX01000009_gene1741,JIAX01000009_gene1741,annotation&nbsp;not&nbsp;available,90.1
1380380.JIAX01000008_gene1971,JIAX01000008_gene1971,annotation&nbsp;not&nbsp;available,90.1
1380380.JIAX01000006_gene693,JIAX01000006_gene693,annotation&nbsp;not&nbsp;available,90.1
1380380.JIAX01000015_gene2976,JIAX01000015_gene2976,annotation&nbsp;not&nbsp;available,90.1
1380380.JIAX01000011_gene2612,JIAX01000011_gene2612,annotation&nbsp;not&nbsp;available,90.1
1380380.JIAX01000013_gene3188,JIAX01000013_gene3188,annotation&nbsp;not&nbsp;available,90.0
1380380.JIAX01000012_gene405,JIAX01000012_gene405,annotation&nbsp;not&nbsp;available,90.0
1380380.JIAX01000009_gene1681,JIAX01000009_gene1681,annotation&nbsp;not&nbsp;available,89.9
1380380.JIAX01000011_gene2619,JIAX01000011_gene2619,annotation&nbsp;not&nbsp;available,89.7
1380380.JIAX01000008_gene2110,JIAX01000008_gene2110,annotation&nbsp;not&nbsp;available,89.6
1380380.JIAX01000009_gene1536,JIAX01000009_gene1536,annotation&nbsp;not&nbsp;available,89.6
1380380.JIAX01000008_gene2252,JIAX01000008_gene2252,annotation&nbsp;not&nbsp;available,89.5
1380380.JIAX01000006_gene1023,JIAX01000006_gene1023,annotation&nbsp;not&nbsp;available,89.5
1380380.JIAX01000011_gene2485,JIAX01000011_gene2485,annotation&nbsp;not&nbsp;available,89.3
1380380.JIAX01000011_gene2423,JIAX01000011_gene2423,annotation&nbsp;not&nbsp;available,89.2
1380380.JIAX01000006_gene1021,JIAX01000006_gene1021,annotation&nbsp;not&nbsp;available,89.2
1380380.JIAX01000008_gene1940,JIAX01000008_gene1940,annotation&nbsp;not&nbsp;available,89.2
1380380.JIAX01000008_gene1951,JIAX01000008_gene1951,annotation&nbsp;not&nbsp;available,89.2
1380380.JIAX01000008_gene1891,JIAX01000008_gene1891,annotation&nbsp;not&nbsp;available,89.2
1380380.JIAX01000013_gene3142,JIAX01000013_gene3142,annotation&nbsp;not&nbsp;available,89.2
1380380.JIAX01000009_gene1336,JIAX01000009_gene1336,annotation&nbsp;not&nbsp;available,89.1
1380380.JIAX01000013_gene3046,JIAX01000013_gene3046,annotation&nbsp;not&nbsp;available,89.0
1380380.JIAX01000015_gene2903,JIAX01000015_gene2903,annotation&nbsp;not&nbsp;available,88.9
1380380.JIAX01000014_gene2745,JIAX01000014_gene2745,annotation&nbsp;not&nbsp;available,88.9
1380380.JIAX01000009_gene1596,JIAX01000009_gene1596,annotation&nbsp;not&nbsp;available,88.8
1380380.JIAX01000011_gene2431,JIAX01000011_gene2431,annotation&nbsp;not&nbsp;available,88.8
1380380.JIAX01000008_gene2076,JIAX01000008_gene2076,annotation&nbsp;not&nbsp;available,88.7
1380380.JIAX01000010_gene104,JIAX01000010_gene104,annotation&nbsp;not&nbsp;available,88.7
1380380.JIAX01000006_gene985,JIAX01000006_gene985,annotation&nbsp;not&nbsp;available,88.7
1380380.JIAX01000013_gene3111,JIAX01000013_gene3111,annotation&nbsp;not&nbsp;available,88.6
1380380.JIAX01000012_gene569,JIAX01000012_gene569,annotation&nbsp;not&nbsp;available,88.6
1380380.JIAX01000008_gene1923,JIAX01000008_gene1923,annotation&nbsp;not&nbsp;available,88.5
1380380.JIAX01000008_gene2144,JIAX01000008_gene2144,annotation&nbsp;not&nbsp;available,88.5
1380380.JIAX01000014_gene2677,JIAX01000014_gene2677,annotation&nbsp;not&nbsp;available,88.5
1380380.JIAX01000008_gene2258,JIAX01000008_gene2258,annotation&nbsp;not&nbsp;available,88.4
1380380.JIAX01000010_gene236,JIAX01000010_gene236,annotation&nbsp;not&nbsp;available,88.3
1380380.JIAX01000006_gene789,JIAX01000006_gene789,annotation&nbsp;not&nbsp;available,88.3
1380380.JIAX01000011_gene2409,JIAX01000011_gene2409,annotation&nbsp;not&nbsp;available,88.3
1380380.JIAX01000006_gene704,JIAX01000006_gene704,annotation&nbsp;not&nbsp;available,88.2
1380380.JIAX01000012_gene456,JIAX01000012_gene456,annotation&nbsp;not&nbsp;available,88.2
1380380.JIAX01000012_gene473,JIAX01000012_gene473,annotation&nbsp;not&nbsp;available,88.2
1380380.JIAX01000013_gene3069,JIAX01000013_gene3069,annotation&nbsp;not&nbsp;available,88.1
1380380.JIAX01000009_gene1655,JIAX01000009_gene1655,annotation&nbsp;not&nbsp;available,88.0
1380380.JIAX01000013_gene3183,JIAX01000013_gene3183,annotation&nbsp;not&nbsp;available,88.0
1380380.JIAX01000006_gene705,JIAX01000006_gene705,annotation&nbsp;not&nbsp;available,87.9
1380380.JIAX01000006_gene879,JIAX01000006_gene879,annotation&nbsp;not&nbsp;available,87.8
1380380.JIAX01000008_gene1932,JIAX01000008_gene1932,annotation&nbsp;not&nbsp;available,87.8
1380380.JIAX01000015_gene2914,JIAX01000015_gene2914,annotation&nbsp;not&nbsp;available,87.8
1380380.JIAX01000013_gene3014,JIAX01000013_gene3014,annotation&nbsp;not&nbsp;available,87.7
1380380.JIAX01000008_gene1988,JIAX01000008_gene1988,annotation&nbsp;not&nbsp;available,87.7
1380380.JIAX01000006_gene1085,JIAX01000006_gene1085,annotation&nbsp;not&nbsp;available,87.7
1380380.JIAX01000006_gene683,JIAX01000006_gene683,annotation&nbsp;not&nbsp;available,87.6
1380380.JIAX01000006_gene1185,JIAX01000006_gene1185,annotation&nbsp;not&nbsp;available,87.6
1380380.JIAX01000009_gene1688,JIAX01000009_gene1688,annotation&nbsp;not&nbsp;available,87.6
1380380.JIAX01000006_gene1168,JIAX01000006_gene1168,annotation&nbsp;not&nbsp;available,87.5
1380380.JIAX01000009_gene1516,JIAX01000009_gene1516,annotation&nbsp;not&nbsp;available,87.5
1380380.JIAX01000011_gene2495,JIAX01000011_gene2495,annotation&nbsp;not&nbsp;available,87.5
1380380.JIAX01000009_gene1525,JIAX01000009_gene1525,annotation&nbsp;not&nbsp;available,87.4
1380380.JIAX01000015_gene2955,JIAX01000015_gene2955,annotation&nbsp;not&nbsp;available,87.4
1380380.JIAX01000012_gene344,JIAX01000012_gene344,annotation&nbsp;not&nbsp;available,87.4
1380380.JIAX01000006_gene1125,JIAX01000006_gene1125,annotation&nbsp;not&nbsp;available,87.4
1380380.JIAX01000006_gene774,JIAX01000006_gene774,annotation&nbsp;not&nbsp;available,87.3
1380380.JIAX01000008_gene1806,JIAX01000008_gene1806,annotation&nbsp;not&nbsp;available,87.3
1380380.JIAX01000008_gene2051,JIAX01000008_gene2051,annotation&nbsp;not&nbsp;available,87.2
1380380.JIAX01000013_gene3056,JIAX01000013_gene3056,annotation&nbsp;not&nbsp;available,87.2
1380380.JIAX01000009_gene1532,JIAX01000009_gene1532,annotation&nbsp;not&nbsp;available,87.2
1380380.JIAX01000006_gene906,JIAX01000006_gene906,annotation&nbsp;not&nbsp;available,87.1
1380380.JIAX01000009_gene1465,JIAX01000009_gene1465,annotation&nbsp;not&nbsp;available,87.1
1380380.JIAX01000013_gene3075,JIAX01000013_gene3075,annotation&nbsp;not&nbsp;available,87.1
1380380.JIAX01000008_gene1895,JIAX01000008_gene1895,annotation&nbsp;not&nbsp;available,87.1
1380380.JIAX01000006_gene1266,JIAX01000006_gene1266,annotation&nbsp;not&nbsp;available,87.0
1380380.JIAX01000009_gene1333,JIAX01000009_gene1333,annotation&nbsp;not&nbsp;available,87.0
1380380.JIAX01000012_gene415,JIAX01000012_gene415,annotation&nbsp;not&nbsp;available,86.9
1380380.JIAX01000006_gene1019,JIAX01000006_gene1019,annotation&nbsp;not&nbsp;available,86.9
1380380.JIAX01000006_gene859,JIAX01000006_gene859,annotation&nbsp;not&nbsp;available,86.9
1380380.JIAX01000008_gene2105,JIAX01000008_gene2105,annotation&nbsp;not&nbsp;available,86.8
1380380.JIAX01000008_gene2335,JIAX01000008_gene2335,annotation&nbsp;not&nbsp;available,86.8
1380380.JIAX01000009_gene1679,JIAX01000009_gene1679,annotation&nbsp;not&nbsp;available,86.7
1380380.JIAX01000009_gene1723,JIAX01000009_gene1723,annotation&nbsp;not&nbsp;available,86.7
1380380.JIAX01000008_gene2321,JIAX01000008_gene2321,annotation&nbsp;not&nbsp;available,86.7
1380380.JIAX01000010_gene285,JIAX01000010_gene285,annotation&nbsp;not&nbsp;available,86.7
1380380.JIAX01000014_gene2752,JIAX01000014_gene2752,annotation&nbsp;not&nbsp;available,86.6
1380380.JIAX01000011_gene2516,JIAX01000011_gene2516,annotation&nbsp;not&nbsp;available,86.4
1380380.JIAX01000001_gene2861,JIAX01000001_gene2861,annotation&nbsp;not&nbsp;available,86.4
1380380.JIAX01000008_gene1950,JIAX01000008_gene1950,annotation&nbsp;not&nbsp;available,86.4
1380380.JIAX01000013_gene3073,JIAX01000013_gene3073,annotation&nbsp;not&nbsp;available,86.3
1380380.JIAX01000006_gene1186,JIAX01000006_gene1186,annotation&nbsp;not&nbsp;available,86.3
1380380.JIAX01000013_gene3161,JIAX01000013_gene3161,annotation&nbsp;not&nbsp;available,86.2
1380380.JIAX01000006_gene645,JIAX01000006_gene645,annotation&nbsp;not&nbsp;available,86.2
1380380.JIAX01000008_gene1851,JIAX01000008_gene1851,annotation&nbsp;not&nbsp;available,86.2
1380380.JIAX01000008_gene2257,JIAX01000008_gene2257,annotation&nbsp;not&nbsp;available,86.1
1380380.JIAX01000011_gene2357,JIAX01000011_gene2357,annotation&nbsp;not&nbsp;available,86.1
1380380.JIAX01000006_gene851,JIAX01000006_gene851,annotation&nbsp;not&nbsp;available,86.0
1380380.JIAX01000006_gene727,JIAX01000006_gene727,annotation&nbsp;not&nbsp;available,86.0
1380380.JIAX01000011_gene2384,JIAX01000011_gene2384,annotation&nbsp;not&nbsp;available,85.9
1380380.JIAX01000006_gene767,JIAX01000006_gene767,annotation&nbsp;not&nbsp;available,85.9
1380380.JIAX01000008_gene1783,JIAX01000008_gene1783,annotation&nbsp;not&nbsp;available,85.9
1380380.JIAX01000008_gene1843,JIAX01000008_gene1843,annotation&nbsp;not&nbsp;available,85.8
1380380.JIAX01000008_gene1801,JIAX01000008_gene1801,annotation&nbsp;not&nbsp;available,85.7
1380380.JIAX01000009_gene1481,JIAX01000009_gene1481,annotation&nbsp;not&nbsp;available,85.6
1380380.JIAX01000008_gene2011,JIAX01000008_gene2011,annotation&nbsp;not&nbsp;available,85.6
1380380.JIAX01000013_gene3065,JIAX01000013_gene3065,annotation&nbsp;not&nbsp;available,85.6
1380380.JIAX01000008_gene2284,JIAX01000008_gene2284,annotation&nbsp;not&nbsp;available,85.5
1380380.JIAX01000008_gene2057,JIAX01000008_gene2057,annotation&nbsp;not&nbsp;available,85.5
1380380.JIAX01000011_gene2482,JIAX01000011_gene2482,annotation&nbsp;not&nbsp;available,85.5
1380380.JIAX01000013_gene3041,JIAX01000013_gene3041,annotation&nbsp;not&nbsp;available,85.5
1380380.JIAX01000012_gene553,JIAX01000012_gene553,annotation&nbsp;not&nbsp;available,85.4
1380380.JIAX01000009_gene1595,JIAX01000009_gene1595,annotation&nbsp;not&nbsp;available,85.4
1380380.JIAX01000014_gene2765,JIAX01000014_gene2765,annotation&nbsp;not&nbsp;available,85.4
1380380.JIAX01000006_gene690,JIAX01000006_gene690,annotation&nbsp;not&nbsp;available,85.3
1380380.JIAX01000006_gene1250,JIAX01000006_gene1250,annotation&nbsp;not&nbsp;available,85.2
1380380.JIAX01000009_gene1372,JIAX01000009_gene1372,annotation&nbsp;not&nbsp;available,85.1
1380380.JIAX01000011_gene2613,JIAX01000011_gene2613,annotation&nbsp;not&nbsp;available,85.1
1380380.JIAX01000008_gene1946,JIAX01000008_gene1946,annotation&nbsp;not&nbsp;available,85.1
1380380.JIAX01000014_gene2789,JIAX01000014_gene2789,annotation&nbsp;not&nbsp;available,85.1
1380380.JIAX01000006_gene1258,JIAX01000006_gene1258,annotation&nbsp;not&nbsp;available,85.1
1380380.JIAX01000006_gene824,JIAX01000006_gene824,annotation&nbsp;not&nbsp;available,85.0
1380380.JIAX01000009_gene1559,JIAX01000009_gene1559,annotation&nbsp;not&nbsp;available,85.0
1380380.JIAX01000006_gene826,JIAX01000006_gene826,annotation&nbsp;not&nbsp;available,85.0
1380380.JIAX01000010_gene117,JIAX01000010_gene117,annotation&nbsp;not&nbsp;available,85.0
1380380.JIAX01000009_gene1677,JIAX01000009_gene1677,annotation&nbsp;not&nbsp;available,85.0
1380380.JIAX01000009_gene1667,JIAX01000009_gene1667,annotation&nbsp;not&nbsp;available,85.0
1380380.JIAX01000008_gene2275,JIAX01000008_gene2275,annotation&nbsp;not&nbsp;available,84.9
1380380.JIAX01000012_gene536,JIAX01000012_gene536,annotation&nbsp;not&nbsp;available,84.9
1380380.JIAX01000006_gene715,JIAX01000006_gene715,annotation&nbsp;not&nbsp;available,84.8
1380380.JIAX01000006_gene685,JIAX01000006_gene685,annotation&nbsp;not&nbsp;available,84.8
1380380.JIAX01000006_gene1181,JIAX01000006_gene1181,annotation&nbsp;not&nbsp;available,84.7
1380380.JIAX01000009_gene1388,JIAX01000009_gene1388,annotation&nbsp;not&nbsp;available,84.7
1380380.JIAX01000008_gene2241,JIAX01000008_gene2241,annotation&nbsp;not&nbsp;available,84.7
1380380.JIAX01000006_gene697,JIAX01000006_gene697,annotation&nbsp;not&nbsp;available,84.7
1380380.JIAX01000011_gene2492,JIAX01000011_gene2492,annotation&nbsp;not&nbsp;available,84.6
1380380.JIAX01000013_gene3112,JIAX01000013_gene3112,annotation&nbsp;not&nbsp;available,84.6
1380380.JIAX01000009_gene1676,JIAX01000009_gene1676,annotation&nbsp;not&nbsp;available,84.6
1380380.JIAX01000006_gene1265,JIAX01000006_gene1265,annotation&nbsp;not&nbsp;available,84.5
1380380.JIAX01000008_gene1987,JIAX01000008_gene1987,annotation&nbsp;not&nbsp;available,84.5
1380380.JIAX01000006_gene1098,JIAX01000006_gene1098,annotation&nbsp;not&nbsp;available,84.4
1380380.JIAX01000006_gene1262,JIAX01000006_gene1262,annotation&nbsp;not&nbsp;available,84.3
1380380.JIAX01000006_gene821,JIAX01000006_gene821,annotation&nbsp;not&nbsp;available,84.2
1380380.JIAX01000006_gene1263,JIAX01000006_gene1263,annotation&nbsp;not&nbsp;available,84.1
1380380.JIAX01000008_gene2199,JIAX01000008_gene2199,annotation&nbsp;not&nbsp;available,84.1
1380380.JIAX01000010_gene110,JIAX01000010_gene110,annotation&nbsp;not&nbsp;available,84.0
1380380.JIAX01000008_gene1937,JIAX01000008_gene1937,annotation&nbsp;not&nbsp;available,84.0
1380380.JIAX01000008_gene2016,JIAX01000008_gene2016,annotation&nbsp;not&nbsp;available,84.0
1380380.JIAX01000006_gene695,JIAX01000006_gene695,annotation&nbsp;not&nbsp;available,84.0
1380380.JIAX01000010_gene88,JIAX01000010_gene88,annotation&nbsp;not&nbsp;available,84.0
1380380.JIAX01000006_gene778,JIAX01000006_gene778,annotation&nbsp;not&nbsp;available,84.0
1380380.JIAX01000008_gene2274,JIAX01000008_gene2274,annotation&nbsp;not&nbsp;available,83.9
1380380.JIAX01000008_gene2288,JIAX01000008_gene2288,annotation&nbsp;not&nbsp;available,83.9
1380380.JIAX01000011_gene2400,JIAX01000011_gene2400,annotation&nbsp;not&nbsp;available,83.9
1380380.JIAX01000011_gene2472,JIAX01000011_gene2472,annotation&nbsp;not&nbsp;available,83.9
1380380.JIAX01000006_gene823,JIAX01000006_gene823,annotation&nbsp;not&nbsp;available,83.9
1380380.JIAX01000008_gene1901,JIAX01000008_gene1901,annotation&nbsp;not&nbsp;available,83.8
1380380.JIAX01000008_gene2047,JIAX01000008_gene2047,annotation&nbsp;not&nbsp;available,83.8
1380380.JIAX01000009_gene1574,JIAX01000009_gene1574,annotation&nbsp;not&nbsp;available,83.6
1380380.JIAX01000015_gene2882,JIAX01000015_gene2882,annotation&nbsp;not&nbsp;available,83.6
1380380.JIAX01000006_gene815,JIAX01000006_gene815,annotation&nbsp;not&nbsp;available,83.5
1380380.JIAX01000003_gene2871,JIAX01000003_gene2871,annotation&nbsp;not&nbsp;available,83.5
1380380.JIAX01000011_gene2519,JIAX01000011_gene2519,annotation&nbsp;not&nbsp;available,83.4
1380380.JIAX01000010_gene241,JIAX01000010_gene241,annotation&nbsp;not&nbsp;available,83.4
1380380.JIAX01000008_gene2295,JIAX01000008_gene2295,annotation&nbsp;not&nbsp;available,83.4
1380380.JIAX01000006_gene1275,JIAX01000006_gene1275,annotation&nbsp;not&nbsp;available,83.4
1380380.JIAX01000009_gene1614,JIAX01000009_gene1614,annotation&nbsp;not&nbsp;available,83.3
1380380.JIAX01000009_gene1660,JIAX01000009_gene1660,annotation&nbsp;not&nbsp;available,83.3
1380380.JIAX01000008_gene1880,JIAX01000008_gene1880,annotation&nbsp;not&nbsp;available,83.2
1380380.JIAX01000013_gene3086,JIAX01000013_gene3086,annotation&nbsp;not&nbsp;available,83.2
1380380.JIAX01000011_gene2488,JIAX01000011_gene2488,annotation&nbsp;not&nbsp;available,83.2
1380380.JIAX01000011_gene2504,JIAX01000011_gene2504,annotation&nbsp;not&nbsp;available,83.1
1380380.JIAX01000006_gene1169,JIAX01000006_gene1169,annotation&nbsp;not&nbsp;available,83.1
1380380.JIAX01000006_gene1129,JIAX01000006_gene1129,annotation&nbsp;not&nbsp;available,83.1
1380380.JIAX01000009_gene1696,JIAX01000009_gene1696,annotation&nbsp;not&nbsp;available,83.0
1380380.JIAX01000008_gene2272,JIAX01000008_gene2272,annotation&nbsp;not&nbsp;available,83.0
1380380.JIAX01000008_gene1787,JIAX01000008_gene1787,annotation&nbsp;not&nbsp;available,83.0
1380380.JIAX01000008_gene2072,JIAX01000008_gene2072,annotation&nbsp;not&nbsp;available,83.0
1380380.JIAX01000013_gene3110,JIAX01000013_gene3110,annotation&nbsp;not&nbsp;available,82.9
1380380.JIAX01000011_gene2350,JIAX01000011_gene2350,annotation&nbsp;not&nbsp;available,82.8
1380380.JIAX01000007_gene11,JIAX01000007_gene11,annotation&nbsp;not&nbsp;available,82.7
1380380.JIAX01000009_gene1484,JIAX01000009_gene1484,annotation&nbsp;not&nbsp;available,82.7
1380380.JIAX01000008_gene2019,JIAX01000008_gene2019,annotation&nbsp;not&nbsp;available,82.6
1380380.JIAX01000010_gene132,JIAX01000010_gene132,annotation&nbsp;not&nbsp;available,82.6
1380380.JIAX01000013_gene3039,JIAX01000013_gene3039,annotation&nbsp;not&nbsp;available,82.5
1380380.JIAX01000006_gene1076,JIAX01000006_gene1076,annotation&nbsp;not&nbsp;available,82.5
1380380.JIAX01000013_gene3040,JIAX01000013_gene3040,annotation&nbsp;not&nbsp;available,82.4
1380380.JIAX01000009_gene1739,JIAX01000009_gene1739,annotation&nbsp;not&nbsp;available,82.3
1380380.JIAX01000013_gene3234,JIAX01000013_gene3234,annotation&nbsp;not&nbsp;available,82.3
1380380.JIAX01000013_gene3055,JIAX01000013_gene3055,annotation&nbsp;not&nbsp;available,82.3
1380380.JIAX01000010_gene197,JIAX01000010_gene197,annotation&nbsp;not&nbsp;available,82.2
1380380.JIAX01000009_gene1646,JIAX01000009_gene1646,annotation&nbsp;not&nbsp;available,82.2
1380380.JIAX01000008_gene1908,JIAX01000008_gene1908,annotation&nbsp;not&nbsp;available,82.1
1380380.JIAX01000010_gene315,JIAX01000010_gene315,annotation&nbsp;not&nbsp;available,82.1
1380380.JIAX01000009_gene1370,JIAX01000009_gene1370,annotation&nbsp;not&nbsp;available,82.0
1380380.JIAX01000010_gene268,JIAX01000010_gene268,annotation&nbsp;not&nbsp;available,81.9
1380380.JIAX01000013_gene3132,JIAX01000013_gene3132,annotation&nbsp;not&nbsp;available,81.8
1380380.JIAX01000006_gene994,JIAX01000006_gene994,annotation&nbsp;not&nbsp;available,81.8
1380380.JIAX01000013_gene3058,JIAX01000013_gene3058,annotation&nbsp;not&nbsp;available,81.8
1380380.JIAX01000009_gene1665,JIAX01000009_gene1665,annotation&nbsp;not&nbsp;available,81.8
1380380.JIAX01000011_gene2433,JIAX01000011_gene2433,annotation&nbsp;not&nbsp;available,81.8
1380380.JIAX01000008_gene1944,JIAX01000008_gene1944,annotation&nbsp;not&nbsp;available,81.7
1380380.JIAX01000009_gene1684,JIAX01000009_gene1684,annotation&nbsp;not&nbsp;available,81.7
1380380.JIAX01000008_gene1894,JIAX01000008_gene1894,annotation&nbsp;not&nbsp;available,81.6
1380380.JIAX01000008_gene1922,JIAX01000008_gene1922,annotation&nbsp;not&nbsp;available,81.6
1380380.JIAX01000009_gene1334,JIAX01000009_gene1334,annotation&nbsp;not&nbsp;available,81.5
1380380.JIAX01000015_gene2906,JIAX01000015_gene2906,annotation&nbsp;not&nbsp;available,81.5
1380380.JIAX01000006_gene915,JIAX01000006_gene915,annotation&nbsp;not&nbsp;available,81.5
1380380.JIAX01000015_gene2921,JIAX01000015_gene2921,annotation&nbsp;not&nbsp;available,81.4
1380380.JIAX01000013_gene3160,JIAX01000013_gene3160,annotation&nbsp;not&nbsp;available,81.4
1380380.JIAX01000008_gene2088,JIAX01000008_gene2088,annotation&nbsp;not&nbsp;available,81.4
1380380.JIAX01000009_gene1650,JIAX01000009_gene1650,annotation&nbsp;not&nbsp;available,81.4
1380380.JIAX01000008_gene2293,JIAX01000008_gene2293,annotation&nbsp;not&nbsp;available,81.3
1380380.JIAX01000010_gene155,JIAX01000010_gene155,annotation&nbsp;not&nbsp;available,81.3
1380380.JIAX01000015_gene2913,JIAX01000015_gene2913,annotation&nbsp;not&nbsp;available,81.2
1380380.JIAX01000008_gene1875,JIAX01000008_gene1875,annotation&nbsp;not&nbsp;available,81.2
1380380.JIAX01000008_gene1997,JIAX01000008_gene1997,annotation&nbsp;not&nbsp;available,81.0
1380380.JIAX01000007_gene24,JIAX01000007_gene24,annotation&nbsp;not&nbsp;available,81.0
1380380.JIAX01000009_gene1347,JIAX01000009_gene1347,annotation&nbsp;not&nbsp;available,80.8
1380380.JIAX01000012_gene548,JIAX01000012_gene548,annotation&nbsp;not&nbsp;available,80.8
1380380.JIAX01000006_gene920,JIAX01000006_gene920,annotation&nbsp;not&nbsp;available,80.8
1380380.JIAX01000009_gene1466,JIAX01000009_gene1466,annotation&nbsp;not&nbsp;available,80.8
1380380.JIAX01000013_gene3030,JIAX01000013_gene3030,annotation&nbsp;not&nbsp;available,80.8
1380380.JIAX01000009_gene1369,JIAX01000009_gene1369,annotation&nbsp;not&nbsp;available,80.8
1380380.JIAX01000008_gene1969,JIAX01000008_gene1969,annotation&nbsp;not&nbsp;available,80.7
1380380.JIAX01000006_gene820,JIAX01000006_gene820,annotation&nbsp;not&nbsp;available,80.6
1380380.JIAX01000009_gene1678,JIAX01000009_gene1678,annotation&nbsp;not&nbsp;available,80.6
1380380.JIAX01000009_gene1312,JIAX01000009_gene1312,annotation&nbsp;not&nbsp;available,80.6
1380380.JIAX01000010_gene45,JIAX01000010_gene45,annotation&nbsp;not&nbsp;available,80.5
1380380.JIAX01000010_gene156,JIAX01000010_gene156,annotation&nbsp;not&nbsp;available,80.5
1380380.JIAX01000006_gene1269,JIAX01000006_gene1269,annotation&nbsp;not&nbsp;available,80.5
1380380.JIAX01000006_gene1053,JIAX01000006_gene1053,annotation&nbsp;not&nbsp;available,80.5
1380380.JIAX01000006_gene1050,JIAX01000006_gene1050,annotation&nbsp;not&nbsp;available,80.5
1380380.JIAX01000006_gene901,JIAX01000006_gene901,annotation&nbsp;not&nbsp;available,80.4
1380380.JIAX01000008_gene2244,JIAX01000008_gene2244,annotation&nbsp;not&nbsp;available,80.4
1380380.JIAX01000011_gene2397,JIAX01000011_gene2397,annotation&nbsp;not&nbsp;available,80.4
1380380.JIAX01000006_gene1177,JIAX01000006_gene1177,annotation&nbsp;not&nbsp;available,80.3
1380380.JIAX01000006_gene748,JIAX01000006_gene748,annotation&nbsp;not&nbsp;available,80.3
1380380.JIAX01000009_gene1307,JIAX01000009_gene1307,annotation&nbsp;not&nbsp;available,80.3
1380380.JIAX01000009_gene1538,JIAX01000009_gene1538,annotation&nbsp;not&nbsp;available,80.3
1380380.JIAX01000008_gene2339,JIAX01000008_gene2339,annotation&nbsp;not&nbsp;available,80.3
1380380.JIAX01000006_gene1032,JIAX01000006_gene1032,annotation&nbsp;not&nbsp;available,80.2
1380380.JIAX01000013_gene3174,JIAX01000013_gene3174,annotation&nbsp;not&nbsp;available,80.2
1380380.JIAX01000006_gene664,JIAX01000006_gene664,annotation&nbsp;not&nbsp;available,80.1
1380380.JIAX01000012_gene549,JIAX01000012_gene549,annotation&nbsp;not&nbsp;available,80.1
1380380.JIAX01000006_gene650,JIAX01000006_gene650,annotation&nbsp;not&nbsp;available,80.0
1380380.JIAX01000009_gene1584,JIAX01000009_gene1584,annotation&nbsp;not&nbsp;available,80.0
1380380.JIAX01000006_gene931,JIAX01000006_gene931,annotation&nbsp;not&nbsp;available,80.0
1380380.JIAX01000006_gene741,JIAX01000006_gene741,annotation&nbsp;not&nbsp;available,80.0
1380380.JIAX01000013_gene3173,JIAX01000013_gene3173,annotation&nbsp;not&nbsp;available,80.0
1380380.JIAX01000006_gene1132,JIAX01000006_gene1132,annotation&nbsp;not&nbsp;available,79.9
1380380.JIAX01000008_gene2067,JIAX01000008_gene2067,annotation&nbsp;not&nbsp;available,79.9
1380380.JIAX01000010_gene234,JIAX01000010_gene234,annotation&nbsp;not&nbsp;available,79.9
1380380.JIAX01000010_gene124,JIAX01000010_gene124,annotation&nbsp;not&nbsp;available,79.8
1380380.JIAX01000008_gene2305,JIAX01000008_gene2305,annotation&nbsp;not&nbsp;available,79.8
1380380.JIAX01000012_gene464,JIAX01000012_gene464,annotation&nbsp;not&nbsp;available,79.8
1380380.JIAX01000013_gene3106,JIAX01000013_gene3106,annotation&nbsp;not&nbsp;available,79.7
1380380.JIAX01000006_gene656,JIAX01000006_gene656,annotation&nbsp;not&nbsp;available,79.7
1380380.JIAX01000006_gene1105,JIAX01000006_gene1105,annotation&nbsp;not&nbsp;available,79.6
1380380.JIAX01000009_gene1732,JIAX01000009_gene1732,annotation&nbsp;not&nbsp;available,79.5
1380380.JIAX01000008_gene1883,JIAX01000008_gene1883,annotation&nbsp;not&nbsp;available,79.5
1380380.JIAX01000006_gene1249,JIAX01000006_gene1249,annotation&nbsp;not&nbsp;available,79.5
1380380.JIAX01000006_gene948,JIAX01000006_gene948,annotation&nbsp;not&nbsp;available,79.5
1380380.JIAX01000006_gene1031,JIAX01000006_gene1031,annotation&nbsp;not&nbsp;available,79.5
1380380.JIAX01000008_gene2343,JIAX01000008_gene2343,annotation&nbsp;not&nbsp;available,79.4
1380380.JIAX01000008_gene2331,JIAX01000008_gene2331,annotation&nbsp;not&nbsp;available,79.3
1380380.JIAX01000008_gene2145,JIAX01000008_gene2145,annotation&nbsp;not&nbsp;available,79.3
1380380.JIAX01000010_gene177,JIAX01000010_gene177,annotation&nbsp;not&nbsp;available,79.3
1380380.JIAX01000015_gene2898,JIAX01000015_gene2898,annotation&nbsp;not&nbsp;available,79.3
1380380.JIAX01000009_gene1453,JIAX01000009_gene1453,annotation&nbsp;not&nbsp;available,79.3
1380380.JIAX01000008_gene1850,JIAX01000008_gene1850,annotation&nbsp;not&nbsp;available,79.2
1380380.JIAX01000006_gene1242,JIAX01000006_gene1242,annotation&nbsp;not&nbsp;available,79.1
1380380.JIAX01000009_gene1502,JIAX01000009_gene1502,annotation&nbsp;not&nbsp;available,79.1
1380380.JIAX01000010_gene270,JIAX01000010_gene270,annotation&nbsp;not&nbsp;available,79.0
1380380.JIAX01000011_gene2518,JIAX01000011_gene2518,annotation&nbsp;not&nbsp;available,79.0
1380380.JIAX01000009_gene1713,JIAX01000009_gene1713,annotation&nbsp;not&nbsp;available,78.9
1380380.JIAX01000014_gene2754,JIAX01000014_gene2754,annotation&nbsp;not&nbsp;available,78.9
1380380.JIAX01000009_gene1519,JIAX01000009_gene1519,annotation&nbsp;not&nbsp;available,78.8
1380380.JIAX01000008_gene2342,JIAX01000008_gene2342,annotation&nbsp;not&nbsp;available,78.7
1380380.JIAX01000010_gene263,JIAX01000010_gene263,annotation&nbsp;not&nbsp;available,78.7
1380380.JIAX01000009_gene1365,JIAX01000009_gene1365,annotation&nbsp;not&nbsp;available,78.7
1380380.JIAX01000011_gene2582,JIAX01000011_gene2582,annotation&nbsp;not&nbsp;available,78.6
1380380.JIAX01000006_gene694,JIAX01000006_gene694,annotation&nbsp;not&nbsp;available,78.6
1380380.JIAX01000008_gene1990,JIAX01000008_gene1990,annotation&nbsp;not&nbsp;available,78.4
1380380.JIAX01000010_gene162,JIAX01000010_gene162,annotation&nbsp;not&nbsp;available,78.2
1380380.JIAX01000008_gene2198,JIAX01000008_gene2198,annotation&nbsp;not&nbsp;available,78.2
1380380.JIAX01000008_gene2146,JIAX01000008_gene2146,annotation&nbsp;not&nbsp;available,78.1
1380380.JIAX01000012_gene576,JIAX01000012_gene576,annotation&nbsp;not&nbsp;available,77.8
1380380.JIAX01000010_gene232,JIAX01000010_gene232,annotation&nbsp;not&nbsp;available,77.6
1380380.JIAX01000009_gene1744,JIAX01000009_gene1744,annotation&nbsp;not&nbsp;available,77.6
1380380.JIAX01000009_gene1555,JIAX01000009_gene1555,annotation&nbsp;not&nbsp;available,77.6
1380380.JIAX01000014_gene2712,JIAX01000014_gene2712,annotation&nbsp;not&nbsp;available,77.5
1380380.JIAX01000006_gene917,JIAX01000006_gene917,annotation&nbsp;not&nbsp;available,77.5
1380380.JIAX01000012_gene516,JIAX01000012_gene516,annotation&nbsp;not&nbsp;available,77.4
1380380.JIAX01000010_gene250,JIAX01000010_gene250,annotation&nbsp;not&nbsp;available,77.4
1380380.JIAX01000010_gene145,JIAX01000010_gene145,annotation&nbsp;not&nbsp;available,77.3
1380380.JIAX01000012_gene448,JIAX01000012_gene448,annotation&nbsp;not&nbsp;available,77.2
1380380.JIAX01000009_gene1549,JIAX01000009_gene1549,annotation&nbsp;not&nbsp;available,77.2
1380380.JIAX01000006_gene947,JIAX01000006_gene947,annotation&nbsp;not&nbsp;available,77.2
1380380.JIAX01000009_gene1326,JIAX01000009_gene1326,annotation&nbsp;not&nbsp;available,77.2
1380380.JIAX01000008_gene1863,JIAX01000008_gene1863,annotation&nbsp;not&nbsp;available,77.1
1380380.JIAX01000006_gene1095,JIAX01000006_gene1095,annotation&nbsp;not&nbsp;available,77.0
1380380.JIAX01000008_gene2109,JIAX01000008_gene2109,annotation&nbsp;not&nbsp;available,76.9
1380380.JIAX01000014_gene2753,JIAX01000014_gene2753,annotation&nbsp;not&nbsp;available,76.8
1380380.JIAX01000006_gene1270,JIAX01000006_gene1270,annotation&nbsp;not&nbsp;available,76.8
1380380.JIAX01000013_gene3165,JIAX01000013_gene3165,annotation&nbsp;not&nbsp;available,76.8
1380380.JIAX01000009_gene1523,JIAX01000009_gene1523,annotation&nbsp;not&nbsp;available,76.7
1380380.JIAX01000009_gene1382,JIAX01000009_gene1382,annotation&nbsp;not&nbsp;available,76.7
1380380.JIAX01000013_gene3034,JIAX01000013_gene3034,annotation&nbsp;not&nbsp;available,76.7
1380380.JIAX01000009_gene1734,JIAX01000009_gene1734,annotation&nbsp;not&nbsp;available,76.7
1380380.JIAX01000012_gene538,JIAX01000012_gene538,annotation&nbsp;not&nbsp;available,76.7
1380380.JIAX01000010_gene239,JIAX01000010_gene239,annotation&nbsp;not&nbsp;available,76.6
1380380.JIAX01000009_gene1569,JIAX01000009_gene1569,annotation&nbsp;not&nbsp;available,76.6
1380380.JIAX01000009_gene1573,JIAX01000009_gene1573,annotation&nbsp;not&nbsp;available,76.6
1380380.JIAX01000015_gene2983,JIAX01000015_gene2983,annotation&nbsp;not&nbsp;available,76.6
1380380.JIAX01000014_gene2686,JIAX01000014_gene2686,annotation&nbsp;not&nbsp;available,76.5
1380380.JIAX01000011_gene2427,JIAX01000011_gene2427,annotation&nbsp;not&nbsp;available,76.4
1380380.JIAX01000009_gene1737,JIAX01000009_gene1737,annotation&nbsp;not&nbsp;available,76.4
1380380.JIAX01000008_gene2128,JIAX01000008_gene2128,annotation&nbsp;not&nbsp;available,76.4
1380380.JIAX01000013_gene3091,JIAX01000013_gene3091,annotation&nbsp;not&nbsp;available,76.4
1380380.JIAX01000008_gene1874,JIAX01000008_gene1874,annotation&nbsp;not&nbsp;available,76.3
1380380.JIAX01000009_gene1621,JIAX01000009_gene1621,annotation&nbsp;not&nbsp;available,76.3
1380380.JIAX01000009_gene1682,JIAX01000009_gene1682,annotation&nbsp;not&nbsp;available,76.3
1380380.JIAX01000012_gene524,JIAX01000012_gene524,annotation&nbsp;not&nbsp;available,76.2
1380380.JIAX01000006_gene1063,JIAX01000006_gene1063,annotation&nbsp;not&nbsp;available,76.1
1380380.JIAX01000011_gene2620,JIAX01000011_gene2620,annotation&nbsp;not&nbsp;available,76.1
1380380.JIAX01000009_gene1404,JIAX01000009_gene1404,annotation&nbsp;not&nbsp;available,76.0
1380380.JIAX01000014_gene2723,JIAX01000014_gene2723,annotation&nbsp;not&nbsp;available,75.8
1380380.JIAX01000012_gene561,JIAX01000012_gene561,annotation&nbsp;not&nbsp;available,75.8
1380380.JIAX01000006_gene662,JIAX01000006_gene662,annotation&nbsp;not&nbsp;available,75.8
1380380.JIAX01000014_gene2782,JIAX01000014_gene2782,annotation&nbsp;not&nbsp;available,75.8
1380380.JIAX01000006_gene934,JIAX01000006_gene934,annotation&nbsp;not&nbsp;available,75.8
1380380.JIAX01000006_gene921,JIAX01000006_gene921,annotation&nbsp;not&nbsp;available,75.7
1380380.JIAX01000012_gene428,JIAX01000012_gene428,annotation&nbsp;not&nbsp;available,75.7
1380380.JIAX01000011_gene2505,JIAX01000011_gene2505,annotation&nbsp;not&nbsp;available,75.7
1380380.JIAX01000009_gene1317,JIAX01000009_gene1317,annotation&nbsp;not&nbsp;available,75.6
1380380.JIAX01000006_gene1137,JIAX01000006_gene1137,annotation&nbsp;not&nbsp;available,75.6
1380380.JIAX01000012_gene421,JIAX01000012_gene421,annotation&nbsp;not&nbsp;available,75.6
1380380.JIAX01000008_gene1772,JIAX01000008_gene1772,annotation&nbsp;not&nbsp;available,75.6
1380380.JIAX01000003_gene2878,JIAX01000003_gene2878,annotation&nbsp;not&nbsp;available,75.5
1380380.JIAX01000007_gene10,JIAX01000007_gene10,annotation&nbsp;not&nbsp;available,75.5
1380380.JIAX01000012_gene513,JIAX01000012_gene513,annotation&nbsp;not&nbsp;available,75.5
1380380.JIAX01000010_gene178,JIAX01000010_gene178,annotation&nbsp;not&nbsp;available,75.4
1380380.JIAX01000010_gene215,JIAX01000010_gene215,annotation&nbsp;not&nbsp;available,75.4
1380380.JIAX01000010_gene256,JIAX01000010_gene256,annotation&nbsp;not&nbsp;available,75.4
1380380.JIAX01000006_gene1044,JIAX01000006_gene1044,annotation&nbsp;not&nbsp;available,75.4
1380380.JIAX01000010_gene76,JIAX01000010_gene76,annotation&nbsp;not&nbsp;available,75.3
1380380.JIAX01000011_gene2404,JIAX01000011_gene2404,annotation&nbsp;not&nbsp;available,75.3
1380380.JIAX01000009_gene1389,JIAX01000009_gene1389,annotation&nbsp;not&nbsp;available,75.2
1380380.JIAX01000008_gene2115,JIAX01000008_gene2115,annotation&nbsp;not&nbsp;available,75.2
1380380.JIAX01000006_gene1248,JIAX01000006_gene1248,annotation&nbsp;not&nbsp;available,75.2
1380380.JIAX01000008_gene2292,JIAX01000008_gene2292,annotation&nbsp;not&nbsp;available,75.2
1380380.JIAX01000008_gene2061,JIAX01000008_gene2061,annotation&nbsp;not&nbsp;available,75.2
1380380.JIAX01000011_gene2497,JIAX01000011_gene2497,annotation&nbsp;not&nbsp;available,75.1
1380380.JIAX01000012_gene563,JIAX01000012_gene563,annotation&nbsp;not&nbsp;available,75.1
1380380.JIAX01000008_gene2129,JIAX01000008_gene2129,annotation&nbsp;not&nbsp;available,75.0
1380380.JIAX01000012_gene407,JIAX01000012_gene407,annotation&nbsp;not&nbsp;available,74.9
1380380.JIAX01000010_gene227,JIAX01000010_gene227,annotation&nbsp;not&nbsp;available,74.8
1380380.JIAX01000009_gene1493,JIAX01000009_gene1493,annotation&nbsp;not&nbsp;available,74.8
1380380.JIAX01000010_gene170,JIAX01000010_gene170,annotation&nbsp;not&nbsp;available,74.8
1380380.JIAX01000006_gene1117,JIAX01000006_gene1117,annotation&nbsp;not&nbsp;available,74.7
1380380.JIAX01000008_gene2194,JIAX01000008_gene2194,annotation&nbsp;not&nbsp;available,74.6
1380380.JIAX01000008_gene1910,JIAX01000008_gene1910,annotation&nbsp;not&nbsp;available,74.6
1380380.JIAX01000006_gene986,JIAX01000006_gene986,annotation&nbsp;not&nbsp;available,74.6
1380380.JIAX01000006_gene716,JIAX01000006_gene716,annotation&nbsp;not&nbsp;available,74.5
1380380.JIAX01000001_gene2856,JIAX01000001_gene2856,annotation&nbsp;not&nbsp;available,74.4
1380380.JIAX01000008_gene2282,JIAX01000008_gene2282,annotation&nbsp;not&nbsp;available,74.4
1380380.JIAX01000014_gene2760,JIAX01000014_gene2760,annotation&nbsp;not&nbsp;available,74.3
1380380.JIAX01000009_gene1390,JIAX01000009_gene1390,annotation&nbsp;not&nbsp;available,74.3
1380380.JIAX01000010_gene176,JIAX01000010_gene176,annotation&nbsp;not&nbsp;available,74.3
1380380.JIAX01000006_gene751,JIAX01000006_gene751,annotation&nbsp;not&nbsp;available,74.3
1380380.JIAX01000013_gene3054,JIAX01000013_gene3054,annotation&nbsp;not&nbsp;available,74.2
1380380.JIAX01000012_gene462,JIAX01000012_gene462,annotation&nbsp;not&nbsp;available,74.2
1380380.JIAX01000009_gene1363,JIAX01000009_gene1363,annotation&nbsp;not&nbsp;available,74.0
1380380.JIAX01000009_gene1690,JIAX01000009_gene1690,annotation&nbsp;not&nbsp;available,73.9
1380380.JIAX01000002_gene2833,JIAX01000002_gene2833,annotation&nbsp;not&nbsp;available,73.9
1380380.JIAX01000011_gene2499,JIAX01000011_gene2499,annotation&nbsp;not&nbsp;available,73.9
1380380.JIAX01000006_gene775,JIAX01000006_gene775,annotation&nbsp;not&nbsp;available,73.9
1380380.JIAX01000013_gene3015,JIAX01000013_gene3015,annotation&nbsp;not&nbsp;available,73.9
1380380.JIAX01000006_gene801,JIAX01000006_gene801,annotation&nbsp;not&nbsp;available,73.8
1380380.JIAX01000011_gene2437,JIAX01000011_gene2437,annotation&nbsp;not&nbsp;available,73.8
1380380.JIAX01000007_gene12,JIAX01000007_gene12,annotation&nbsp;not&nbsp;available,73.8
1380380.JIAX01000009_gene1431,JIAX01000009_gene1431,annotation&nbsp;not&nbsp;available,73.7
1380380.JIAX01000008_gene2126,JIAX01000008_gene2126,annotation&nbsp;not&nbsp;available,73.7
1380380.JIAX01000011_gene2430,JIAX01000011_gene2430,annotation&nbsp;not&nbsp;available,73.7
1380380.JIAX01000012_gene531,JIAX01000012_gene531,annotation&nbsp;not&nbsp;available,73.6
1380380.JIAX01000012_gene550,JIAX01000012_gene550,annotation&nbsp;not&nbsp;available,73.6
1380380.JIAX01000006_gene932,JIAX01000006_gene932,annotation&nbsp;not&nbsp;available,73.6
1380380.JIAX01000009_gene1359,JIAX01000009_gene1359,annotation&nbsp;not&nbsp;available,73.5
1380380.JIAX01000010_gene246,JIAX01000010_gene246,annotation&nbsp;not&nbsp;available,73.5
1380380.JIAX01000013_gene3032,JIAX01000013_gene3032,annotation&nbsp;not&nbsp;available,73.5
1380380.JIAX01000012_gene364,JIAX01000012_gene364,annotation&nbsp;not&nbsp;available,73.5
1380380.JIAX01000013_gene3236,JIAX01000013_gene3236,annotation&nbsp;not&nbsp;available,73.4
1380380.JIAX01000008_gene1927,JIAX01000008_gene1927,annotation&nbsp;not&nbsp;available,73.4
1380380.JIAX01000007_gene19,JIAX01000007_gene19,annotation&nbsp;not&nbsp;available,73.4
1380380.JIAX01000006_gene1034,JIAX01000006_gene1034,annotation&nbsp;not&nbsp;available,73.4
1380380.JIAX01000011_gene2510,JIAX01000011_gene2510,annotation&nbsp;not&nbsp;available,73.4
1380380.JIAX01000013_gene3213,JIAX01000013_gene3213,annotation&nbsp;not&nbsp;available,73.4
1380380.JIAX01000006_gene1145,JIAX01000006_gene1145,annotation&nbsp;not&nbsp;available,73.3
1380380.JIAX01000008_gene1959,JIAX01000008_gene1959,annotation&nbsp;not&nbsp;available,73.2
1380380.JIAX01000006_gene861,JIAX01000006_gene861,annotation&nbsp;not&nbsp;available,73.1
1380380.JIAX01000014_gene2746,JIAX01000014_gene2746,annotation&nbsp;not&nbsp;available,73.1
1380380.JIAX01000012_gene533,JIAX01000012_gene533,annotation&nbsp;not&nbsp;available,73.0
1380380.JIAX01000010_gene113,JIAX01000010_gene113,annotation&nbsp;not&nbsp;available,73.0
1380380.JIAX01000008_gene1884,JIAX01000008_gene1884,annotation&nbsp;not&nbsp;available,73.0
1380380.JIAX01000006_gene733,JIAX01000006_gene733,annotation&nbsp;not&nbsp;available,72.8
1380380.JIAX01000006_gene1165,JIAX01000006_gene1165,annotation&nbsp;not&nbsp;available,72.8
1380380.JIAX01000008_gene2337,JIAX01000008_gene2337,annotation&nbsp;not&nbsp;available,72.7
1380380.JIAX01000006_gene1159,JIAX01000006_gene1159,annotation&nbsp;not&nbsp;available,72.7
1380380.JIAX01000012_gene530,JIAX01000012_gene530,annotation&nbsp;not&nbsp;available,72.7
1380380.JIAX01000008_gene2256,JIAX01000008_gene2256,annotation&nbsp;not&nbsp;available,72.6
1380380.JIAX01000008_gene2114,JIAX01000008_gene2114,annotation&nbsp;not&nbsp;available,72.5
1380380.JIAX01000008_gene1903,JIAX01000008_gene1903,annotation&nbsp;not&nbsp;available,72.5
1380380.JIAX01000006_gene766,JIAX01000006_gene766,annotation&nbsp;not&nbsp;available,72.4
1380380.JIAX01000009_gene1310,JIAX01000009_gene1310,annotation&nbsp;not&nbsp;available,72.4
1380380.JIAX01000006_gene651,JIAX01000006_gene651,annotation&nbsp;not&nbsp;available,72.4
1380380.JIAX01000011_gene2604,JIAX01000011_gene2604,annotation&nbsp;not&nbsp;available,72.3
1380380.JIAX01000009_gene1311,JIAX01000009_gene1311,annotation&nbsp;not&nbsp;available,72.3
1380380.JIAX01000006_gene1071,JIAX01000006_gene1071,annotation&nbsp;not&nbsp;available,72.3
1380380.JIAX01000010_gene208,JIAX01000010_gene208,annotation&nbsp;not&nbsp;available,72.3
1380380.JIAX01000008_gene2025,JIAX01000008_gene2025,annotation&nbsp;not&nbsp;available,72.2
1380380.JIAX01000010_gene184,JIAX01000010_gene184,annotation&nbsp;not&nbsp;available,72.2
1380380.JIAX01000006_gene1002,JIAX01000006_gene1002,annotation&nbsp;not&nbsp;available,72.1
1380380.JIAX01000002_gene2834,JIAX01000002_gene2834,annotation&nbsp;not&nbsp;available,72.0
1380380.JIAX01000013_gene3144,JIAX01000013_gene3144,annotation&nbsp;not&nbsp;available,71.9
1380380.JIAX01000009_gene1630,JIAX01000009_gene1630,annotation&nbsp;not&nbsp;available,71.9
1380380.JIAX01000008_gene1785,JIAX01000008_gene1785,annotation&nbsp;not&nbsp;available,71.9
1380380.JIAX01000008_gene2023,JIAX01000008_gene2023,annotation&nbsp;not&nbsp;available,71.8
1380380.JIAX01000006_gene945,JIAX01000006_gene945,annotation&nbsp;not&nbsp;available,71.8
1380380.JIAX01000008_gene2050,JIAX01000008_gene2050,annotation&nbsp;not&nbsp;available,71.8
1380380.JIAX01000006_gene718,JIAX01000006_gene718,annotation&nbsp;not&nbsp;available,71.8
1380380.JIAX01000009_gene1338,JIAX01000009_gene1338,annotation&nbsp;not&nbsp;available,71.8
1380380.JIAX01000011_gene2560,JIAX01000011_gene2560,annotation&nbsp;not&nbsp;available,71.8
1380380.JIAX01000012_gene551,JIAX01000012_gene551,annotation&nbsp;not&nbsp;available,71.7
1380380.JIAX01000008_gene2045,JIAX01000008_gene2045,annotation&nbsp;not&nbsp;available,71.7
1380380.JIAX01000012_gene627,JIAX01000012_gene627,annotation&nbsp;not&nbsp;available,71.7
1380380.JIAX01000008_gene1862,JIAX01000008_gene1862,annotation&nbsp;not&nbsp;available,71.6
1380380.JIAX01000014_gene2689,JIAX01000014_gene2689,annotation&nbsp;not&nbsp;available,71.5
1380380.JIAX01000008_gene1813,JIAX01000008_gene1813,annotation&nbsp;not&nbsp;available,71.4
1380380.JIAX01000009_gene1664,JIAX01000009_gene1664,annotation&nbsp;not&nbsp;available,71.4
1380380.JIAX01000006_gene1223,JIAX01000006_gene1223,annotation&nbsp;not&nbsp;available,71.3
1380380.JIAX01000009_gene1707,JIAX01000009_gene1707,annotation&nbsp;not&nbsp;available,71.1
1380380.JIAX01000008_gene2032,JIAX01000008_gene2032,annotation&nbsp;not&nbsp;available,71.1
1380380.JIAX01000010_gene107,JIAX01000010_gene107,annotation&nbsp;not&nbsp;available,71.0
1380380.JIAX01000008_gene1898,JIAX01000008_gene1898,annotation&nbsp;not&nbsp;available,71.0
1380380.JIAX01000014_gene2656,JIAX01000014_gene2656,annotation&nbsp;not&nbsp;available,71.0
1380380.JIAX01000006_gene1197,JIAX01000006_gene1197,annotation&nbsp;not&nbsp;available,71.0
1380380.JIAX01000008_gene2015,JIAX01000008_gene2015,annotation&nbsp;not&nbsp;available,70.9
1380380.JIAX01000009_gene1513,JIAX01000009_gene1513,annotation&nbsp;not&nbsp;available,70.9
1380380.JIAX01000013_gene3121,JIAX01000013_gene3121,annotation&nbsp;not&nbsp;available,70.8
1380380.JIAX01000006_gene1123,JIAX01000006_gene1123,annotation&nbsp;not&nbsp;available,70.8
1380380.JIAX01000008_gene2291,JIAX01000008_gene2291,annotation&nbsp;not&nbsp;available,70.8
1380380.JIAX01000006_gene652,JIAX01000006_gene652,annotation&nbsp;not&nbsp;available,70.7
1380380.JIAX01000008_gene2060,JIAX01000008_gene2060,annotation&nbsp;not&nbsp;available,70.7
1380380.JIAX01000008_gene2130,JIAX01000008_gene2130,annotation&nbsp;not&nbsp;available,70.6
1380380.JIAX01000012_gene347,JIAX01000012_gene347,annotation&nbsp;not&nbsp;available,70.5
1380380.JIAX01000006_gene910,JIAX01000006_gene910,annotation&nbsp;not&nbsp;available,70.4
1380380.JIAX01000006_gene1195,JIAX01000006_gene1195,annotation&nbsp;not&nbsp;available,70.4
1380380.JIAX01000009_gene1618,JIAX01000009_gene1618,annotation&nbsp;not&nbsp;available,70.4
1380380.JIAX01000006_gene760,JIAX01000006_gene760,annotation&nbsp;not&nbsp;available,70.3
1380380.JIAX01000003_gene2879,JIAX01000003_gene2879,annotation&nbsp;not&nbsp;available,70.3
1380380.JIAX01000006_gene791,JIAX01000006_gene791,annotation&nbsp;not&nbsp;available,70.2
1380380.JIAX01000013_gene3209,JIAX01000013_gene3209,annotation&nbsp;not&nbsp;available,70.2
1380380.JIAX01000013_gene3159,JIAX01000013_gene3159,annotation&nbsp;not&nbsp;available,70.1
1380380.JIAX01000009_gene1492,JIAX01000009_gene1492,annotation&nbsp;not&nbsp;available,70.1
1380380.JIAX01000006_gene995,JIAX01000006_gene995,annotation&nbsp;not&nbsp;available,70.1
