1120963.KB894509_gene2064,KB894509_gene2064,annotation&nbsp;not&nbsp;available,98.9
1120963.KB894493_gene3007,KB894493_gene3007,annotation&nbsp;not&nbsp;available,98.9
1120963.KB894497_gene2250,KB894497_gene2250,annotation&nbsp;not&nbsp;available,98.9
1120963.KB894496_gene2637,KB894496_gene2637,annotation&nbsp;not&nbsp;available,98.8
1120963.KB894519_gene321,KB894519_gene321,annotation&nbsp;not&nbsp;available,98.8
1120963.KB894501_gene234,KB894501_gene234,annotation&nbsp;not&nbsp;available,98.8
1120963.KB894494_gene3399,KB894494_gene3399,annotation&nbsp;not&nbsp;available,98.6
1120963.KB894491_gene1080,KB894491_gene1080,annotation&nbsp;not&nbsp;available,98.6
1120963.KB894497_gene2170,KB894497_gene2170,annotation&nbsp;not&nbsp;available,98.6
1120963.KB894501_gene215,KB894501_gene215,annotation&nbsp;not&nbsp;available,98.6
1120963.KB894503_gene1935,KB894503_gene1935,annotation&nbsp;not&nbsp;available,98.6
1120963.KB894496_gene2605,KB894496_gene2605,annotation&nbsp;not&nbsp;available,98.5
1120963.KB894501_gene301,KB894501_gene301,annotation&nbsp;not&nbsp;available,98.5
1120963.KB894503_gene1995,KB894503_gene1995,annotation&nbsp;not&nbsp;available,98.5
1120963.KB894492_gene1562,KB894492_gene1562,annotation&nbsp;not&nbsp;available,98.4
1120963.KB894497_gene2215,KB894497_gene2215,annotation&nbsp;not&nbsp;available,98.4
1120963.KB894491_gene786,KB894491_gene786,annotation&nbsp;not&nbsp;available,98.4
1120963.KB894491_gene1177,KB894491_gene1177,annotation&nbsp;not&nbsp;available,98.4
1120963.KB894515_gene347,KB894515_gene347,annotation&nbsp;not&nbsp;available,98.4
1120963.KB894498_gene2300,KB894498_gene2300,annotation&nbsp;not&nbsp;available,98.3
1120963.KB894491_gene727,KB894491_gene727,annotation&nbsp;not&nbsp;available,98.3
1120963.KB894492_gene1813,KB894492_gene1813,annotation&nbsp;not&nbsp;available,98.3
1120963.KB894494_gene3493,KB894494_gene3493,annotation&nbsp;not&nbsp;available,98.2
1120963.KB894491_gene900,KB894491_gene900,annotation&nbsp;not&nbsp;available,98.2
1120963.KB894505_gene3748,KB894505_gene3748,annotation&nbsp;not&nbsp;available,98.2
1120963.KB894499_gene488,KB894499_gene488,annotation&nbsp;not&nbsp;available,98.2
1120963.KB894501_gene209,KB894501_gene209,annotation&nbsp;not&nbsp;available,98.1
1120963.KB894497_gene2198,KB894497_gene2198,annotation&nbsp;not&nbsp;available,98.1
1120963.KB894502_gene1331,KB894502_gene1331,annotation&nbsp;not&nbsp;available,98.1
1120963.KB894491_gene653,KB894491_gene653,annotation&nbsp;not&nbsp;available,98.0
1120963.KB894498_gene2344,KB894498_gene2344,annotation&nbsp;not&nbsp;available,97.8
1120963.KB894495_gene3299,KB894495_gene3299,annotation&nbsp;not&nbsp;available,97.8
1120963.KB894495_gene3313,KB894495_gene3313,annotation&nbsp;not&nbsp;available,97.8
1120963.KB894496_gene2706,KB894496_gene2706,annotation&nbsp;not&nbsp;available,97.8
1120963.KB894499_gene458,KB894499_gene458,annotation&nbsp;not&nbsp;available,97.7
1120963.KB894501_gene210,KB894501_gene210,annotation&nbsp;not&nbsp;available,97.7
1120963.KB894494_gene3656,KB894494_gene3656,annotation&nbsp;not&nbsp;available,97.7
1120963.KB894492_gene1494,KB894492_gene1494,annotation&nbsp;not&nbsp;available,97.6
1120963.KB894495_gene3231,KB894495_gene3231,annotation&nbsp;not&nbsp;available,97.6
1120963.KB894513_gene379,KB894513_gene379,annotation&nbsp;not&nbsp;available,97.6
1120963.KB894492_gene1756,KB894492_gene1756,annotation&nbsp;not&nbsp;available,97.5
1120963.KB894497_gene2163,KB894497_gene2163,annotation&nbsp;not&nbsp;available,97.5
1120963.KB894495_gene3284,KB894495_gene3284,annotation&nbsp;not&nbsp;available,97.5
1120963.KB894498_gene2397,KB894498_gene2397,annotation&nbsp;not&nbsp;available,97.5
1120963.KB894491_gene647,KB894491_gene647,annotation&nbsp;not&nbsp;available,97.5
1120963.KB894497_gene2144,KB894497_gene2144,annotation&nbsp;not&nbsp;available,97.4
1120963.KB894499_gene497,KB894499_gene497,annotation&nbsp;not&nbsp;available,97.4
1120963.KB894506_gene3836,KB894506_gene3836,annotation&nbsp;not&nbsp;available,97.4
1120963.KB894499_gene584,KB894499_gene584,annotation&nbsp;not&nbsp;available,97.4
1120963.KB894494_gene3373,KB894494_gene3373,annotation&nbsp;not&nbsp;available,97.4
1120963.KB894491_gene764,KB894491_gene764,annotation&nbsp;not&nbsp;available,97.3
1120963.KB894492_gene1606,KB894492_gene1606,annotation&nbsp;not&nbsp;available,97.3
1120963.KB894504_gene1900,KB894504_gene1900,annotation&nbsp;not&nbsp;available,97.3
1120963.KB894495_gene3235,KB894495_gene3235,annotation&nbsp;not&nbsp;available,97.2
1120963.KB894494_gene3546,KB894494_gene3546,annotation&nbsp;not&nbsp;available,97.2
1120963.KB894501_gene227,KB894501_gene227,annotation&nbsp;not&nbsp;available,97.2
1120963.KB894491_gene642,KB894491_gene642,annotation&nbsp;not&nbsp;available,97.2
1120963.KB894491_gene1031,KB894491_gene1031,annotation&nbsp;not&nbsp;available,97.2
1120963.KB894492_gene1747,KB894492_gene1747,annotation&nbsp;not&nbsp;available,97.2
1120963.KB894497_gene2127,KB894497_gene2127,annotation&nbsp;not&nbsp;available,97.2
1120963.KB894495_gene3175,KB894495_gene3175,annotation&nbsp;not&nbsp;available,97.2
1120963.KB894491_gene690,KB894491_gene690,annotation&nbsp;not&nbsp;available,97.2
1120963.KB894491_gene893,KB894491_gene893,annotation&nbsp;not&nbsp;available,97.1
1120963.KB894493_gene2962,KB894493_gene2962,annotation&nbsp;not&nbsp;available,97.1
1120963.KB894498_gene2352,KB894498_gene2352,annotation&nbsp;not&nbsp;available,97.1
1120963.KB894494_gene3400,KB894494_gene3400,annotation&nbsp;not&nbsp;available,97.1
1120963.KB894491_gene1030,KB894491_gene1030,annotation&nbsp;not&nbsp;available,97.1
1120963.KB894492_gene1464,KB894492_gene1464,annotation&nbsp;not&nbsp;available,97.0
1120963.KB894519_gene319,KB894519_gene319,annotation&nbsp;not&nbsp;available,97.0
1120963.KB894499_gene519,KB894499_gene519,annotation&nbsp;not&nbsp;available,96.9
1120963.KB894495_gene3298,KB894495_gene3298,annotation&nbsp;not&nbsp;available,96.9
1120963.KB894491_gene738,KB894491_gene738,annotation&nbsp;not&nbsp;available,96.9
1120963.KB894501_gene249,KB894501_gene249,annotation&nbsp;not&nbsp;available,96.9
1120963.KB894492_gene1658,KB894492_gene1658,annotation&nbsp;not&nbsp;available,96.8
1120963.KB894505_gene3759,KB894505_gene3759,annotation&nbsp;not&nbsp;available,96.8
1120963.KB894498_gene2377,KB894498_gene2377,annotation&nbsp;not&nbsp;available,96.8
1120963.KB894491_gene856,KB894491_gene856,annotation&nbsp;not&nbsp;available,96.7
1120963.KB894499_gene580,KB894499_gene580,annotation&nbsp;not&nbsp;available,96.7
1120963.KB894510_gene2755,KB894510_gene2755,annotation&nbsp;not&nbsp;available,96.7
1120963.KB894503_gene1992,KB894503_gene1992,annotation&nbsp;not&nbsp;available,96.7
1120963.KB894497_gene2124,KB894497_gene2124,annotation&nbsp;not&nbsp;available,96.7
1120963.KB894494_gene3446,KB894494_gene3446,annotation&nbsp;not&nbsp;available,96.6
1120963.KB894511_gene2496,KB894511_gene2496,annotation&nbsp;not&nbsp;available,96.6
1120963.KB894502_gene1332,KB894502_gene1332,annotation&nbsp;not&nbsp;available,96.6
1120963.KB894491_gene755,KB894491_gene755,annotation&nbsp;not&nbsp;available,96.5
1120963.KB894512_gene2477,KB894512_gene2477,annotation&nbsp;not&nbsp;available,96.4
1120963.KB894507_gene3771,KB894507_gene3771,annotation&nbsp;not&nbsp;available,96.4
1120963.KB894492_gene1758,KB894492_gene1758,annotation&nbsp;not&nbsp;available,96.4
1120963.KB894491_gene1245,KB894491_gene1245,annotation&nbsp;not&nbsp;available,96.4
1120963.KB894491_gene888,KB894491_gene888,annotation&nbsp;not&nbsp;available,96.4
1120963.KB894496_gene2594,KB894496_gene2594,annotation&nbsp;not&nbsp;available,96.3
1120963.KB894497_gene2146,KB894497_gene2146,annotation&nbsp;not&nbsp;available,96.3
1120963.KB894511_gene2500,KB894511_gene2500,annotation&nbsp;not&nbsp;available,96.3
1120963.KB894496_gene2674,KB894496_gene2674,annotation&nbsp;not&nbsp;available,96.2
1120963.KB894495_gene3268,KB894495_gene3268,annotation&nbsp;not&nbsp;available,96.2
1120963.KB894497_gene2161,KB894497_gene2161,annotation&nbsp;not&nbsp;available,96.2
1120963.KB894499_gene529,KB894499_gene529,annotation&nbsp;not&nbsp;available,96.2
1120963.KB894501_gene256,KB894501_gene256,annotation&nbsp;not&nbsp;available,96.0
1120963.KB894495_gene3210,KB894495_gene3210,annotation&nbsp;not&nbsp;available,95.9
1120963.KB894492_gene1443,KB894492_gene1443,annotation&nbsp;not&nbsp;available,95.9
1120963.KB894512_gene2476,KB894512_gene2476,annotation&nbsp;not&nbsp;available,95.8
1120963.KB894505_gene3732,KB894505_gene3732,annotation&nbsp;not&nbsp;available,95.8
1120963.KB894512_gene2475,KB894512_gene2475,annotation&nbsp;not&nbsp;available,95.7
1120963.KB894494_gene3578,KB894494_gene3578,annotation&nbsp;not&nbsp;available,95.7
1120963.KB894506_gene3822,KB894506_gene3822,annotation&nbsp;not&nbsp;available,95.7
1120963.KB894491_gene1021,KB894491_gene1021,annotation&nbsp;not&nbsp;available,95.6
1120963.KB894500_gene133,KB894500_gene133,annotation&nbsp;not&nbsp;available,95.6
1120963.KB894503_gene2003,KB894503_gene2003,annotation&nbsp;not&nbsp;available,95.6
1120963.KB894494_gene3500,KB894494_gene3500,annotation&nbsp;not&nbsp;available,95.6
1120963.KB894500_gene108,KB894500_gene108,annotation&nbsp;not&nbsp;available,95.5
1120963.KB894498_gene2294,KB894498_gene2294,annotation&nbsp;not&nbsp;available,95.5
1120963.KB894495_gene3215,KB894495_gene3215,annotation&nbsp;not&nbsp;available,95.4
1120963.KB894500_gene57,KB894500_gene57,annotation&nbsp;not&nbsp;available,95.4
1120963.KB894515_gene332,KB894515_gene332,annotation&nbsp;not&nbsp;available,95.3
1120963.KB894497_gene2238,KB894497_gene2238,annotation&nbsp;not&nbsp;available,95.3
1120963.KB894491_gene833,KB894491_gene833,annotation&nbsp;not&nbsp;available,95.1
1120963.KB894500_gene79,KB894500_gene79,annotation&nbsp;not&nbsp;available,95.1
1120963.KB894509_gene2045,KB894509_gene2045,annotation&nbsp;not&nbsp;available,95.1
1120963.KB894502_gene1290,KB894502_gene1290,annotation&nbsp;not&nbsp;available,95.0
1120963.KB894495_gene3177,KB894495_gene3177,annotation&nbsp;not&nbsp;available,95.0
1120963.KB894492_gene1447,KB894492_gene1447,annotation&nbsp;not&nbsp;available,95.0
1120963.KB894495_gene3290,KB894495_gene3290,annotation&nbsp;not&nbsp;available,94.9
1120963.KB894501_gene198,KB894501_gene198,annotation&nbsp;not&nbsp;available,94.9
1120963.KB894495_gene3258,KB894495_gene3258,annotation&nbsp;not&nbsp;available,94.9
1120963.KB894491_gene1032,KB894491_gene1032,annotation&nbsp;not&nbsp;available,94.9
1120963.KB894491_gene1150,KB894491_gene1150,annotation&nbsp;not&nbsp;available,94.8
1120963.KB894493_gene2996,KB894493_gene2996,annotation&nbsp;not&nbsp;available,94.8
1120963.KB894493_gene2893,KB894493_gene2893,annotation&nbsp;not&nbsp;available,94.7
1120963.KB894505_gene3756,KB894505_gene3756,annotation&nbsp;not&nbsp;available,94.6
1120963.KB894491_gene1232,KB894491_gene1232,annotation&nbsp;not&nbsp;available,94.6
1120963.KB894491_gene678,KB894491_gene678,annotation&nbsp;not&nbsp;available,94.6
1120963.KB894492_gene1687,KB894492_gene1687,annotation&nbsp;not&nbsp;available,94.6
1120963.KB894491_gene1134,KB894491_gene1134,annotation&nbsp;not&nbsp;available,94.5
1120963.KB894510_gene2771,KB894510_gene2771,annotation&nbsp;not&nbsp;available,94.5
1120963.KB894497_gene2185,KB894497_gene2185,annotation&nbsp;not&nbsp;available,94.5
1120963.KB894500_gene121,KB894500_gene121,annotation&nbsp;not&nbsp;available,94.4
1120963.KB894503_gene1976,KB894503_gene1976,annotation&nbsp;not&nbsp;available,94.4
1120963.KB894498_gene2303,KB894498_gene2303,annotation&nbsp;not&nbsp;available,94.4
1120963.KB894498_gene2357,KB894498_gene2357,annotation&nbsp;not&nbsp;available,94.4
1120963.KB894492_gene1781,KB894492_gene1781,annotation&nbsp;not&nbsp;available,94.4
1120963.KB894491_gene874,KB894491_gene874,annotation&nbsp;not&nbsp;available,94.4
1120963.KB894502_gene1296,KB894502_gene1296,annotation&nbsp;not&nbsp;available,94.2
1120963.KB894493_gene3078,KB894493_gene3078,annotation&nbsp;not&nbsp;available,94.2
1120963.KB894505_gene3742,KB894505_gene3742,annotation&nbsp;not&nbsp;available,94.2
1120963.KB894493_gene3109,KB894493_gene3109,annotation&nbsp;not&nbsp;available,94.2
1120963.KB894493_gene2908,KB894493_gene2908,annotation&nbsp;not&nbsp;available,94.2
1120963.KB894500_gene51,KB894500_gene51,annotation&nbsp;not&nbsp;available,94.2
1120963.KB894497_gene2219,KB894497_gene2219,annotation&nbsp;not&nbsp;available,94.2
1120963.KB894491_gene772,KB894491_gene772,annotation&nbsp;not&nbsp;available,94.1
1120963.KB894505_gene3747,KB894505_gene3747,annotation&nbsp;not&nbsp;available,94.1
1120963.KB894498_gene2321,KB894498_gene2321,annotation&nbsp;not&nbsp;available,94.1
1120963.KB894506_gene3819,KB894506_gene3819,annotation&nbsp;not&nbsp;available,94.0
1120963.KB894505_gene3763,KB894505_gene3763,annotation&nbsp;not&nbsp;available,93.9
1120963.KB894503_gene1947,KB894503_gene1947,annotation&nbsp;not&nbsp;available,93.9
1120963.KB894494_gene3517,KB894494_gene3517,annotation&nbsp;not&nbsp;available,93.8
1120963.KB894493_gene3092,KB894493_gene3092,annotation&nbsp;not&nbsp;available,93.8
1120963.KB894510_gene2760,KB894510_gene2760,annotation&nbsp;not&nbsp;available,93.8
1120963.KB894505_gene3743,KB894505_gene3743,annotation&nbsp;not&nbsp;available,93.8
1120963.KB894497_gene2183,KB894497_gene2183,annotation&nbsp;not&nbsp;available,93.8
1120963.KB894500_gene82,KB894500_gene82,annotation&nbsp;not&nbsp;available,93.7
1120963.KB894512_gene2465,KB894512_gene2465,annotation&nbsp;not&nbsp;available,93.7
1120963.KB894499_gene453,KB894499_gene453,annotation&nbsp;not&nbsp;available,93.7
1120963.KB894498_gene2426,KB894498_gene2426,annotation&nbsp;not&nbsp;available,93.7
1120963.KB894496_gene2737,KB894496_gene2737,annotation&nbsp;not&nbsp;available,93.6
1120963.KB894519_gene326,KB894519_gene326,annotation&nbsp;not&nbsp;available,93.6
1120963.KB894503_gene2006,KB894503_gene2006,annotation&nbsp;not&nbsp;available,93.4
1120963.KB894491_gene881,KB894491_gene881,annotation&nbsp;not&nbsp;available,93.4
1120963.KB894513_gene372,KB894513_gene372,annotation&nbsp;not&nbsp;available,93.4
1120963.KB894492_gene1673,KB894492_gene1673,annotation&nbsp;not&nbsp;available,93.4
1120963.KB894501_gene312,KB894501_gene312,annotation&nbsp;not&nbsp;available,93.3
1120963.KB894492_gene1629,KB894492_gene1629,annotation&nbsp;not&nbsp;available,93.3
1120963.KB894499_gene560,KB894499_gene560,annotation&nbsp;not&nbsp;available,93.3
1120963.KB894510_gene2764,KB894510_gene2764,annotation&nbsp;not&nbsp;available,93.3
1120963.KB894498_gene2283,KB894498_gene2283,annotation&nbsp;not&nbsp;available,93.3
1120963.KB894516_gene2443,KB894516_gene2443,annotation&nbsp;not&nbsp;available,93.2
1120963.KB894493_gene2963,KB894493_gene2963,annotation&nbsp;not&nbsp;available,93.2
1120963.KB894505_gene3745,KB894505_gene3745,annotation&nbsp;not&nbsp;available,93.0
1120963.KB894495_gene3148,KB894495_gene3148,annotation&nbsp;not&nbsp;available,92.9
1120963.KB894493_gene3111,KB894493_gene3111,annotation&nbsp;not&nbsp;available,92.9
1120963.KB894509_gene2038,KB894509_gene2038,annotation&nbsp;not&nbsp;available,92.8
1120963.KB894491_gene1202,KB894491_gene1202,annotation&nbsp;not&nbsp;available,92.8
1120963.KB894498_gene2378,KB894498_gene2378,annotation&nbsp;not&nbsp;available,92.8
1120963.KB894491_gene1067,KB894491_gene1067,annotation&nbsp;not&nbsp;available,92.8
1120963.KB894499_gene578,KB894499_gene578,annotation&nbsp;not&nbsp;available,92.7
1120963.KB894505_gene3700,KB894505_gene3700,annotation&nbsp;not&nbsp;available,92.7
1120963.KB894501_gene233,KB894501_gene233,annotation&nbsp;not&nbsp;available,92.7
1120963.KB894492_gene1654,KB894492_gene1654,annotation&nbsp;not&nbsp;available,92.7
1120963.KB894493_gene3018,KB894493_gene3018,annotation&nbsp;not&nbsp;available,92.7
1120963.KB894491_gene1173,KB894491_gene1173,annotation&nbsp;not&nbsp;available,92.6
1120963.KB894492_gene1670,KB894492_gene1670,annotation&nbsp;not&nbsp;available,92.5
1120963.KB894493_gene2814,KB894493_gene2814,annotation&nbsp;not&nbsp;available,92.4
1120963.KB894498_gene2385,KB894498_gene2385,annotation&nbsp;not&nbsp;available,92.4
1120963.KB894492_gene1593,KB894492_gene1593,annotation&nbsp;not&nbsp;available,92.4
1120963.KB894498_gene2373,KB894498_gene2373,annotation&nbsp;not&nbsp;available,92.3
1120963.KB894497_gene2247,KB894497_gene2247,annotation&nbsp;not&nbsp;available,92.3
1120963.KB894494_gene3405,KB894494_gene3405,annotation&nbsp;not&nbsp;available,92.3
1120963.KB894491_gene1091,KB894491_gene1091,annotation&nbsp;not&nbsp;available,92.2
1120963.KB894497_gene2201,KB894497_gene2201,annotation&nbsp;not&nbsp;available,92.2
1120963.KB894494_gene3541,KB894494_gene3541,annotation&nbsp;not&nbsp;available,92.2
1120963.KB894491_gene780,KB894491_gene780,annotation&nbsp;not&nbsp;available,92.2
1120963.KB894491_gene665,KB894491_gene665,annotation&nbsp;not&nbsp;available,92.2
1120963.KB894493_gene3094,KB894493_gene3094,annotation&nbsp;not&nbsp;available,92.2
1120963.KB894505_gene3689,KB894505_gene3689,annotation&nbsp;not&nbsp;available,92.1
1120963.KB894492_gene1450,KB894492_gene1450,annotation&nbsp;not&nbsp;available,92.1
1120963.KB894499_gene533,KB894499_gene533,annotation&nbsp;not&nbsp;available,92.1
1120963.KB894500_gene16,KB894500_gene16,annotation&nbsp;not&nbsp;available,92.0
1120963.KB894504_gene1886,KB894504_gene1886,annotation&nbsp;not&nbsp;available,92.0
1120963.KB894496_gene2733,KB894496_gene2733,annotation&nbsp;not&nbsp;available,91.9
1120963.KB894504_gene1885,KB894504_gene1885,annotation&nbsp;not&nbsp;available,91.8
1120963.KB894491_gene986,KB894491_gene986,annotation&nbsp;not&nbsp;available,91.8
1120963.KB894492_gene1744,KB894492_gene1744,annotation&nbsp;not&nbsp;available,91.8
1120963.KB894491_gene704,KB894491_gene704,annotation&nbsp;not&nbsp;available,91.8
1120963.KB894493_gene2928,KB894493_gene2928,annotation&nbsp;not&nbsp;available,91.7
1120963.KB894491_gene1256,KB894491_gene1256,annotation&nbsp;not&nbsp;available,91.7
1120963.KB894492_gene1792,KB894492_gene1792,annotation&nbsp;not&nbsp;available,91.6
1120963.KB894492_gene1466,KB894492_gene1466,annotation&nbsp;not&nbsp;available,91.6
1120963.KB894505_gene3749,KB894505_gene3749,annotation&nbsp;not&nbsp;available,91.6
1120963.KB894493_gene2930,KB894493_gene2930,annotation&nbsp;not&nbsp;available,91.6
1120963.KB894496_gene2607,KB894496_gene2607,annotation&nbsp;not&nbsp;available,91.6
1120963.KB894493_gene2859,KB894493_gene2859,annotation&nbsp;not&nbsp;available,91.6
1120963.KB894494_gene3428,KB894494_gene3428,annotation&nbsp;not&nbsp;available,91.5
1120963.KB894500_gene135,KB894500_gene135,annotation&nbsp;not&nbsp;available,91.5
1120963.KB894494_gene3570,KB894494_gene3570,annotation&nbsp;not&nbsp;available,91.5
1120963.KB894494_gene3396,KB894494_gene3396,annotation&nbsp;not&nbsp;available,91.4
1120963.KB894501_gene244,KB894501_gene244,annotation&nbsp;not&nbsp;available,91.3
1120963.KB894491_gene869,KB894491_gene869,annotation&nbsp;not&nbsp;available,91.3
1120963.KB894491_gene735,KB894491_gene735,annotation&nbsp;not&nbsp;available,91.3
1120963.KB894491_gene771,KB894491_gene771,annotation&nbsp;not&nbsp;available,91.2
1120963.KB894492_gene1461,KB894492_gene1461,annotation&nbsp;not&nbsp;available,91.2
1120963.KB894515_gene337,KB894515_gene337,annotation&nbsp;not&nbsp;available,91.2
1120963.KB894506_gene3827,KB894506_gene3827,annotation&nbsp;not&nbsp;available,91.2
1120963.KB894515_gene340,KB894515_gene340,annotation&nbsp;not&nbsp;available,91.1
1120963.KB894493_gene2883,KB894493_gene2883,annotation&nbsp;not&nbsp;available,91.0
1120963.KB894491_gene1152,KB894491_gene1152,annotation&nbsp;not&nbsp;available,91.0
1120963.KB894499_gene531,KB894499_gene531,annotation&nbsp;not&nbsp;available,91.0
1120963.KB894504_gene1831,KB894504_gene1831,annotation&nbsp;not&nbsp;available,90.9
1120963.KB894491_gene944,KB894491_gene944,annotation&nbsp;not&nbsp;available,90.9
1120963.KB894512_gene2484,KB894512_gene2484,annotation&nbsp;not&nbsp;available,90.9
1120963.KB894498_gene2341,KB894498_gene2341,annotation&nbsp;not&nbsp;available,90.9
1120963.KB894491_gene945,KB894491_gene945,annotation&nbsp;not&nbsp;available,90.8
1120963.KB894496_gene2713,KB894496_gene2713,annotation&nbsp;not&nbsp;available,90.8
1120963.KB894497_gene2130,KB894497_gene2130,annotation&nbsp;not&nbsp;available,90.8
1120963.KB894503_gene1989,KB894503_gene1989,annotation&nbsp;not&nbsp;available,90.7
1120963.KB894504_gene1910,KB894504_gene1910,annotation&nbsp;not&nbsp;available,90.7
1120963.KB894499_gene521,KB894499_gene521,annotation&nbsp;not&nbsp;available,90.7
1120963.KB894494_gene3440,KB894494_gene3440,annotation&nbsp;not&nbsp;available,90.6
1120963.KB894510_gene2762,KB894510_gene2762,annotation&nbsp;not&nbsp;available,90.6
1120963.KB894491_gene795,KB894491_gene795,annotation&nbsp;not&nbsp;available,90.6
1120963.KB894500_gene53,KB894500_gene53,annotation&nbsp;not&nbsp;available,90.6
1120963.KB894499_gene543,KB894499_gene543,annotation&nbsp;not&nbsp;available,90.5
1120963.KB894493_gene3028,KB894493_gene3028,annotation&nbsp;not&nbsp;available,90.5
1120963.KB894493_gene3107,KB894493_gene3107,annotation&nbsp;not&nbsp;available,90.4
1120963.KB894491_gene958,KB894491_gene958,annotation&nbsp;not&nbsp;available,90.4
1120963.KB894492_gene1547,KB894492_gene1547,annotation&nbsp;not&nbsp;available,90.4
1120963.KB894492_gene1772,KB894492_gene1772,annotation&nbsp;not&nbsp;available,90.3
1120963.KB894491_gene1111,KB894491_gene1111,annotation&nbsp;not&nbsp;available,90.3
1120963.KB894502_gene1378,KB894502_gene1378,annotation&nbsp;not&nbsp;available,90.3
1120963.KB894494_gene3439,KB894494_gene3439,annotation&nbsp;not&nbsp;available,90.2
1120963.KB894516_gene2448,KB894516_gene2448,annotation&nbsp;not&nbsp;available,90.2
1120963.KB894500_gene72,KB894500_gene72,annotation&nbsp;not&nbsp;available,90.2
1120963.KB894495_gene3314,KB894495_gene3314,annotation&nbsp;not&nbsp;available,90.1
1120963.KB894495_gene3221,KB894495_gene3221,annotation&nbsp;not&nbsp;available,90.1
1120963.KB894495_gene3145,KB894495_gene3145,annotation&nbsp;not&nbsp;available,90.0
1120963.KB894491_gene1022,KB894491_gene1022,annotation&nbsp;not&nbsp;available,90.0
1120963.KB894491_gene1117,KB894491_gene1117,annotation&nbsp;not&nbsp;available,90.0
1120963.KB894509_gene2085,KB894509_gene2085,annotation&nbsp;not&nbsp;available,90.0
1120963.KB894499_gene500,KB894499_gene500,annotation&nbsp;not&nbsp;available,90.0
1120963.KB894491_gene737,KB894491_gene737,annotation&nbsp;not&nbsp;available,89.9
1120963.KB894491_gene1190,KB894491_gene1190,annotation&nbsp;not&nbsp;available,89.9
1120963.KB894491_gene783,KB894491_gene783,annotation&nbsp;not&nbsp;available,89.9
1120963.KB894507_gene3795,KB894507_gene3795,annotation&nbsp;not&nbsp;available,89.9
1120963.KB894496_gene2631,KB894496_gene2631,annotation&nbsp;not&nbsp;available,89.9
1120963.KB894507_gene3784,KB894507_gene3784,annotation&nbsp;not&nbsp;available,89.9
1120963.KB894495_gene3181,KB894495_gene3181,annotation&nbsp;not&nbsp;available,89.8
1120963.KB894492_gene1699,KB894492_gene1699,annotation&nbsp;not&nbsp;available,89.8
1120963.KB894497_gene2153,KB894497_gene2153,annotation&nbsp;not&nbsp;available,89.7
1120963.KB894508_gene3879,KB894508_gene3879,annotation&nbsp;not&nbsp;available,89.7
1120963.KB894502_gene1297,KB894502_gene1297,annotation&nbsp;not&nbsp;available,89.7
1120963.KB894494_gene3554,KB894494_gene3554,annotation&nbsp;not&nbsp;available,89.6
1120963.KB894501_gene238,KB894501_gene238,annotation&nbsp;not&nbsp;available,89.6
1120963.KB894501_gene260,KB894501_gene260,annotation&nbsp;not&nbsp;available,89.5
1120963.KB894503_gene2002,KB894503_gene2002,annotation&nbsp;not&nbsp;available,89.5
1120963.KB894498_gene2343,KB894498_gene2343,annotation&nbsp;not&nbsp;available,89.5
1120963.KB894494_gene3544,KB894494_gene3544,annotation&nbsp;not&nbsp;available,89.5
1120963.KB894504_gene1839,KB894504_gene1839,annotation&nbsp;not&nbsp;available,89.4
1120963.KB894492_gene1402,KB894492_gene1402,annotation&nbsp;not&nbsp;available,89.4
1120963.KB894502_gene1348,KB894502_gene1348,annotation&nbsp;not&nbsp;available,89.4
1120963.KB894503_gene1988,KB894503_gene1988,annotation&nbsp;not&nbsp;available,89.4
1120963.KB894492_gene1582,KB894492_gene1582,annotation&nbsp;not&nbsp;available,89.3
1120963.KB894493_gene2818,KB894493_gene2818,annotation&nbsp;not&nbsp;available,89.3
1120963.KB894492_gene1661,KB894492_gene1661,annotation&nbsp;not&nbsp;available,89.3
1120963.KB894498_gene2359,KB894498_gene2359,annotation&nbsp;not&nbsp;available,89.2
1120963.KB894500_gene65,KB894500_gene65,annotation&nbsp;not&nbsp;available,89.2
1120963.KB894492_gene1438,KB894492_gene1438,annotation&nbsp;not&nbsp;available,89.2
1120963.KB894499_gene573,KB894499_gene573,annotation&nbsp;not&nbsp;available,89.2
1120963.KB894497_gene2171,KB894497_gene2171,annotation&nbsp;not&nbsp;available,89.1
1120963.KB894494_gene3487,KB894494_gene3487,annotation&nbsp;not&nbsp;available,89.1
1120963.KB894491_gene931,KB894491_gene931,annotation&nbsp;not&nbsp;available,89.1
1120963.KB894494_gene3510,KB894494_gene3510,annotation&nbsp;not&nbsp;available,89.1
1120963.KB894512_gene2461,KB894512_gene2461,annotation&nbsp;not&nbsp;available,89.1
1120963.KB894493_gene2880,KB894493_gene2880,annotation&nbsp;not&nbsp;available,89.1
1120963.KB894499_gene522,KB894499_gene522,annotation&nbsp;not&nbsp;available,89.0
1120963.KB894499_gene582,KB894499_gene582,annotation&nbsp;not&nbsp;available,89.0
1120963.KB894498_gene2293,KB894498_gene2293,annotation&nbsp;not&nbsp;available,89.0
1120963.KB894495_gene3154,KB894495_gene3154,annotation&nbsp;not&nbsp;available,89.0
1120963.KB894511_gene2491,KB894511_gene2491,annotation&nbsp;not&nbsp;available,89.0
1120963.KB894494_gene3567,KB894494_gene3567,annotation&nbsp;not&nbsp;available,88.9
1120963.KB894515_gene346,KB894515_gene346,annotation&nbsp;not&nbsp;available,88.9
1120963.KB894509_gene2041,KB894509_gene2041,annotation&nbsp;not&nbsp;available,88.9
1120963.KB894498_gene2346,KB894498_gene2346,annotation&nbsp;not&nbsp;available,88.8
1120963.KB894498_gene2330,KB894498_gene2330,annotation&nbsp;not&nbsp;available,88.8
1120963.KB894500_gene45,KB894500_gene45,annotation&nbsp;not&nbsp;available,88.7
1120963.KB894519_gene322,KB894519_gene322,annotation&nbsp;not&nbsp;available,88.6
1120963.KB894495_gene3248,KB894495_gene3248,annotation&nbsp;not&nbsp;available,88.5
1120963.KB894492_gene1416,KB894492_gene1416,annotation&nbsp;not&nbsp;available,88.5
1120963.KB894495_gene3213,KB894495_gene3213,annotation&nbsp;not&nbsp;available,88.5
1120963.KB894494_gene3463,KB894494_gene3463,annotation&nbsp;not&nbsp;available,88.5
1120963.KB894495_gene3233,KB894495_gene3233,annotation&nbsp;not&nbsp;available,88.5
1120963.KB894498_gene2307,KB894498_gene2307,annotation&nbsp;not&nbsp;available,88.5
1120963.KB894496_gene2568,KB894496_gene2568,annotation&nbsp;not&nbsp;available,88.4
1120963.KB894491_gene788,KB894491_gene788,annotation&nbsp;not&nbsp;available,88.4
1120963.KB894491_gene1143,KB894491_gene1143,annotation&nbsp;not&nbsp;available,88.4
1120963.KB894492_gene1698,KB894492_gene1698,annotation&nbsp;not&nbsp;available,88.4
1120963.KB894496_gene2721,KB894496_gene2721,annotation&nbsp;not&nbsp;available,88.4
1120963.KB894491_gene1094,KB894491_gene1094,annotation&nbsp;not&nbsp;available,88.3
1120963.KB894504_gene1850,KB894504_gene1850,annotation&nbsp;not&nbsp;available,88.3
1120963.KB894500_gene17,KB894500_gene17,annotation&nbsp;not&nbsp;available,88.2
1120963.KB894497_gene2117,KB894497_gene2117,annotation&nbsp;not&nbsp;available,88.2
1120963.KB894491_gene628,KB894491_gene628,annotation&nbsp;not&nbsp;available,88.1
1120963.KB894492_gene1693,KB894492_gene1693,annotation&nbsp;not&nbsp;available,88.1
1120963.KB894495_gene3208,KB894495_gene3208,annotation&nbsp;not&nbsp;available,88.1
1120963.KB894505_gene3705,KB894505_gene3705,annotation&nbsp;not&nbsp;available,88.1
1120963.KB894502_gene1289,KB894502_gene1289,annotation&nbsp;not&nbsp;available,88.0
1120963.KB894493_gene3065,KB894493_gene3065,annotation&nbsp;not&nbsp;available,87.9
1120963.KB894492_gene1672,KB894492_gene1672,annotation&nbsp;not&nbsp;available,87.9
1120963.KB894502_gene1261,KB894502_gene1261,annotation&nbsp;not&nbsp;available,87.8
1120963.KB894493_gene2900,KB894493_gene2900,annotation&nbsp;not&nbsp;available,87.8
1120963.KB894491_gene922,KB894491_gene922,annotation&nbsp;not&nbsp;available,87.8
1120963.KB894495_gene3167,KB894495_gene3167,annotation&nbsp;not&nbsp;available,87.8
1120963.KB894491_gene1145,KB894491_gene1145,annotation&nbsp;not&nbsp;available,87.7
1120963.KB894492_gene1779,KB894492_gene1779,annotation&nbsp;not&nbsp;available,87.7
1120963.KB894501_gene172,KB894501_gene172,annotation&nbsp;not&nbsp;available,87.7
1120963.KB894493_gene2869,KB894493_gene2869,annotation&nbsp;not&nbsp;available,87.7
1120963.KB894497_gene2122,KB894497_gene2122,annotation&nbsp;not&nbsp;available,87.7
1120963.KB894492_gene1750,KB894492_gene1750,annotation&nbsp;not&nbsp;available,87.7
1120963.KB894503_gene2023,KB894503_gene2023,annotation&nbsp;not&nbsp;available,87.6
1120963.KB894498_gene2285,KB894498_gene2285,annotation&nbsp;not&nbsp;available,87.6
1120963.KB894502_gene1319,KB894502_gene1319,annotation&nbsp;not&nbsp;available,87.6
1120963.KB894509_gene2080,KB894509_gene2080,annotation&nbsp;not&nbsp;available,87.6
1120963.KB894503_gene1998,KB894503_gene1998,annotation&nbsp;not&nbsp;available,87.5
1120963.KB894497_gene2135,KB894497_gene2135,annotation&nbsp;not&nbsp;available,87.5
1120963.KB894491_gene773,KB894491_gene773,annotation&nbsp;not&nbsp;available,87.4
1120963.KB894493_gene2951,KB894493_gene2951,annotation&nbsp;not&nbsp;available,87.4
1120963.KB894498_gene2366,KB894498_gene2366,annotation&nbsp;not&nbsp;available,87.4
1120963.KB894491_gene724,KB894491_gene724,annotation&nbsp;not&nbsp;available,87.3
1120963.KB894491_gene652,KB894491_gene652,annotation&nbsp;not&nbsp;available,87.3
1120963.KB894495_gene3237,KB894495_gene3237,annotation&nbsp;not&nbsp;available,87.3
1120963.KB894500_gene70,KB894500_gene70,annotation&nbsp;not&nbsp;available,87.2
1120963.KB894495_gene3265,KB894495_gene3265,annotation&nbsp;not&nbsp;available,87.2
1120963.KB894501_gene213,KB894501_gene213,annotation&nbsp;not&nbsp;available,87.2
1120963.KB894494_gene3559,KB894494_gene3559,annotation&nbsp;not&nbsp;available,87.1
1120963.KB894497_gene2094,KB894497_gene2094,annotation&nbsp;not&nbsp;available,87.1
1120963.KB894491_gene757,KB894491_gene757,annotation&nbsp;not&nbsp;available,87.0
1120963.KB894499_gene502,KB894499_gene502,annotation&nbsp;not&nbsp;available,87.0
1120963.KB894505_gene3754,KB894505_gene3754,annotation&nbsp;not&nbsp;available,87.0
1120963.KB894491_gene827,KB894491_gene827,annotation&nbsp;not&nbsp;available,87.0
1120963.KB894492_gene1827,KB894492_gene1827,annotation&nbsp;not&nbsp;available,86.9
1120963.KB894492_gene1436,KB894492_gene1436,annotation&nbsp;not&nbsp;available,86.9
1120963.KB894500_gene112,KB894500_gene112,annotation&nbsp;not&nbsp;available,86.9
1120963.KB894491_gene925,KB894491_gene925,annotation&nbsp;not&nbsp;available,86.9
1120963.KB894494_gene3609,KB894494_gene3609,annotation&nbsp;not&nbsp;available,86.9
1120963.KB894492_gene1398,KB894492_gene1398,annotation&nbsp;not&nbsp;available,86.9
1120963.KB894504_gene1890,KB894504_gene1890,annotation&nbsp;not&nbsp;available,86.8
1120963.KB894492_gene1539,KB894492_gene1539,annotation&nbsp;not&nbsp;available,86.8
1120963.KB894495_gene3211,KB894495_gene3211,annotation&nbsp;not&nbsp;available,86.8
1120963.KB894491_gene831,KB894491_gene831,annotation&nbsp;not&nbsp;available,86.7
1120963.KB894495_gene3199,KB894495_gene3199,annotation&nbsp;not&nbsp;available,86.7
1120963.KB894504_gene1876,KB894504_gene1876,annotation&nbsp;not&nbsp;available,86.6
1120963.KB894519_gene327,KB894519_gene327,annotation&nbsp;not&nbsp;available,86.6
1120963.KB894503_gene1987,KB894503_gene1987,annotation&nbsp;not&nbsp;available,86.6
1120963.KB894492_gene1782,KB894492_gene1782,annotation&nbsp;not&nbsp;available,86.5
1120963.KB894511_gene2499,KB894511_gene2499,annotation&nbsp;not&nbsp;available,86.5
1120963.KB894498_gene2274,KB894498_gene2274,annotation&nbsp;not&nbsp;available,86.5
1120963.KB894501_gene246,KB894501_gene246,annotation&nbsp;not&nbsp;available,86.5
1120963.KB894502_gene1308,KB894502_gene1308,annotation&nbsp;not&nbsp;available,86.4
1120963.KB894500_gene61,KB894500_gene61,annotation&nbsp;not&nbsp;available,86.4
1120963.KB894496_gene2736,KB894496_gene2736,annotation&nbsp;not&nbsp;available,86.4
1120963.KB894499_gene545,KB894499_gene545,annotation&nbsp;not&nbsp;available,86.3
1120963.KB894501_gene268,KB894501_gene268,annotation&nbsp;not&nbsp;available,86.3
1120963.KB894493_gene2808,KB894493_gene2808,annotation&nbsp;not&nbsp;available,86.2
1120963.KB894491_gene667,KB894491_gene667,annotation&nbsp;not&nbsp;available,86.2
1120963.KB894495_gene3166,KB894495_gene3166,annotation&nbsp;not&nbsp;available,86.2
1120963.KB894504_gene1914,KB894504_gene1914,annotation&nbsp;not&nbsp;available,86.2
1120963.KB894492_gene1453,KB894492_gene1453,annotation&nbsp;not&nbsp;available,86.1
1120963.KB894491_gene867,KB894491_gene867,annotation&nbsp;not&nbsp;available,86.1
1120963.KB894491_gene926,KB894491_gene926,annotation&nbsp;not&nbsp;available,86.0
1120963.KB894494_gene3434,KB894494_gene3434,annotation&nbsp;not&nbsp;available,86.0
1120963.KB894500_gene132,KB894500_gene132,annotation&nbsp;not&nbsp;available,85.9
1120963.KB894498_gene2272,KB894498_gene2272,annotation&nbsp;not&nbsp;available,85.9
1120963.KB894494_gene3425,KB894494_gene3425,annotation&nbsp;not&nbsp;available,85.9
1120963.KB894496_gene2638,KB894496_gene2638,annotation&nbsp;not&nbsp;available,85.9
1120963.KB894497_gene2253,KB894497_gene2253,annotation&nbsp;not&nbsp;available,85.8
1120963.KB894491_gene1137,KB894491_gene1137,annotation&nbsp;not&nbsp;available,85.8
1120963.KB894492_gene1684,KB894492_gene1684,annotation&nbsp;not&nbsp;available,85.7
1120963.KB894491_gene758,KB894491_gene758,annotation&nbsp;not&nbsp;available,85.7
1120963.KB894491_gene725,KB894491_gene725,annotation&nbsp;not&nbsp;available,85.6
1120963.KB894493_gene2844,KB894493_gene2844,annotation&nbsp;not&nbsp;available,85.5
1120963.KB894492_gene1570,KB894492_gene1570,annotation&nbsp;not&nbsp;available,85.5
1120963.KB894491_gene733,KB894491_gene733,annotation&nbsp;not&nbsp;available,85.5
1120963.KB894493_gene2885,KB894493_gene2885,annotation&nbsp;not&nbsp;available,85.5
1120963.KB894506_gene3823,KB894506_gene3823,annotation&nbsp;not&nbsp;available,85.4
1120963.KB894501_gene199,KB894501_gene199,annotation&nbsp;not&nbsp;available,85.4
1120963.KB894501_gene279,KB894501_gene279,annotation&nbsp;not&nbsp;available,85.4
1120963.KB894492_gene1664,KB894492_gene1664,annotation&nbsp;not&nbsp;available,85.4
1120963.KB894494_gene3473,KB894494_gene3473,annotation&nbsp;not&nbsp;available,85.4
1120963.KB894493_gene2946,KB894493_gene2946,annotation&nbsp;not&nbsp;available,85.3
1120963.KB894508_gene3902,KB894508_gene3902,annotation&nbsp;not&nbsp;available,85.3
1120963.KB894505_gene3697,KB894505_gene3697,annotation&nbsp;not&nbsp;available,85.3
1120963.KB894501_gene236,KB894501_gene236,annotation&nbsp;not&nbsp;available,85.2
1120963.KB894496_gene2698,KB894496_gene2698,annotation&nbsp;not&nbsp;available,85.2
1120963.KB894491_gene1188,KB894491_gene1188,annotation&nbsp;not&nbsp;available,85.2
1120963.KB894493_gene3060,KB894493_gene3060,annotation&nbsp;not&nbsp;available,85.1
1120963.KB894495_gene3185,KB894495_gene3185,annotation&nbsp;not&nbsp;available,85.1
1120963.KB894493_gene3003,KB894493_gene3003,annotation&nbsp;not&nbsp;available,85.0
1120963.KB894495_gene3247,KB894495_gene3247,annotation&nbsp;not&nbsp;available,85.0
1120963.KB894507_gene3775,KB894507_gene3775,annotation&nbsp;not&nbsp;available,84.9
1120963.KB894498_gene2383,KB894498_gene2383,annotation&nbsp;not&nbsp;available,84.9
1120963.KB894499_gene523,KB894499_gene523,annotation&nbsp;not&nbsp;available,84.8
1120963.KB894506_gene3825,KB894506_gene3825,annotation&nbsp;not&nbsp;available,84.8
1120963.KB894492_gene1802,KB894492_gene1802,annotation&nbsp;not&nbsp;available,84.8
1120963.KB894494_gene3377,KB894494_gene3377,annotation&nbsp;not&nbsp;available,84.8
1120963.KB894500_gene149,KB894500_gene149,annotation&nbsp;not&nbsp;available,84.8
1120963.KB894519_gene323,KB894519_gene323,annotation&nbsp;not&nbsp;available,84.7
1120963.KB894493_gene3070,KB894493_gene3070,annotation&nbsp;not&nbsp;available,84.7
1120963.KB894493_gene3009,KB894493_gene3009,annotation&nbsp;not&nbsp;available,84.6
1120963.KB894495_gene3304,KB894495_gene3304,annotation&nbsp;not&nbsp;available,84.6
1120963.KB894510_gene2756,KB894510_gene2756,annotation&nbsp;not&nbsp;available,84.5
1120963.KB894493_gene2878,KB894493_gene2878,annotation&nbsp;not&nbsp;available,84.4
1120963.KB894491_gene1009,KB894491_gene1009,annotation&nbsp;not&nbsp;available,84.3
1120963.KB894491_gene1001,KB894491_gene1001,annotation&nbsp;not&nbsp;available,84.3
1120963.KB894499_gene520,KB894499_gene520,annotation&nbsp;not&nbsp;available,84.3
1120963.KB894502_gene1292,KB894502_gene1292,annotation&nbsp;not&nbsp;available,84.3
1120963.KB894491_gene638,KB894491_gene638,annotation&nbsp;not&nbsp;available,84.3
1120963.KB894495_gene3269,KB894495_gene3269,annotation&nbsp;not&nbsp;available,84.3
1120963.KB894494_gene3612,KB894494_gene3612,annotation&nbsp;not&nbsp;available,84.3
1120963.KB894492_gene1801,KB894492_gene1801,annotation&nbsp;not&nbsp;available,84.2
1120963.KB894493_gene2895,KB894493_gene2895,annotation&nbsp;not&nbsp;available,84.2
1120963.KB894494_gene3574,KB894494_gene3574,annotation&nbsp;not&nbsp;available,84.2
1120963.KB894491_gene1240,KB894491_gene1240,annotation&nbsp;not&nbsp;available,84.2
1120963.KB894509_gene2039,KB894509_gene2039,annotation&nbsp;not&nbsp;available,84.1
1120963.KB894494_gene3505,KB894494_gene3505,annotation&nbsp;not&nbsp;available,84.1
1120963.KB894491_gene1142,KB894491_gene1142,annotation&nbsp;not&nbsp;available,84.1
1120963.KB894491_gene1242,KB894491_gene1242,annotation&nbsp;not&nbsp;available,84.0
1120963.KB894494_gene3449,KB894494_gene3449,annotation&nbsp;not&nbsp;available,83.9
1120963.KB894496_gene2562,KB894496_gene2562,annotation&nbsp;not&nbsp;available,83.9
1120963.KB894499_gene487,KB894499_gene487,annotation&nbsp;not&nbsp;available,83.8
1120963.KB894491_gene920,KB894491_gene920,annotation&nbsp;not&nbsp;available,83.8
1120963.KB894491_gene1053,KB894491_gene1053,annotation&nbsp;not&nbsp;available,83.7
1120963.KB894491_gene1175,KB894491_gene1175,annotation&nbsp;not&nbsp;available,83.6
1120963.KB894491_gene770,KB894491_gene770,annotation&nbsp;not&nbsp;available,83.6
1120963.KB894496_gene2690,KB894496_gene2690,annotation&nbsp;not&nbsp;available,83.6
1120963.KB894494_gene3584,KB894494_gene3584,annotation&nbsp;not&nbsp;available,83.4
1120963.KB894501_gene248,KB894501_gene248,annotation&nbsp;not&nbsp;available,83.4
1120963.KB894499_gene430,KB894499_gene430,annotation&nbsp;not&nbsp;available,83.4
1120963.KB894492_gene1748,KB894492_gene1748,annotation&nbsp;not&nbsp;available,83.4
1120963.KB894491_gene1129,KB894491_gene1129,annotation&nbsp;not&nbsp;available,83.3
1120963.KB894504_gene1861,KB894504_gene1861,annotation&nbsp;not&nbsp;available,83.3
1120963.KB894500_gene150,KB894500_gene150,annotation&nbsp;not&nbsp;available,83.2
1120963.KB894500_gene44,KB894500_gene44,annotation&nbsp;not&nbsp;available,83.2
1120963.KB894498_gene2336,KB894498_gene2336,annotation&nbsp;not&nbsp;available,83.2
1120963.KB894492_gene1584,KB894492_gene1584,annotation&nbsp;not&nbsp;available,83.2
1120963.KB894491_gene898,KB894491_gene898,annotation&nbsp;not&nbsp;available,83.2
1120963.KB894497_gene2233,KB894497_gene2233,annotation&nbsp;not&nbsp;available,83.1
1120963.KB894499_gene556,KB894499_gene556,annotation&nbsp;not&nbsp;available,83.1
1120963.KB894505_gene3682,KB894505_gene3682,annotation&nbsp;not&nbsp;available,83.1
1120963.KB894510_gene2759,KB894510_gene2759,annotation&nbsp;not&nbsp;available,83.1
1120963.KB894491_gene1141,KB894491_gene1141,annotation&nbsp;not&nbsp;available,83.1
1120963.KB894491_gene982,KB894491_gene982,annotation&nbsp;not&nbsp;available,83.1
1120963.KB894495_gene3203,KB894495_gene3203,annotation&nbsp;not&nbsp;available,83.1
1120963.KB894494_gene3581,KB894494_gene3581,annotation&nbsp;not&nbsp;available,83.0
1120963.KB894503_gene1983,KB894503_gene1983,annotation&nbsp;not&nbsp;available,83.0
1120963.KB894494_gene3409,KB894494_gene3409,annotation&nbsp;not&nbsp;available,83.0
1120963.KB894498_gene2324,KB894498_gene2324,annotation&nbsp;not&nbsp;available,83.0
1120963.KB894494_gene3406,KB894494_gene3406,annotation&nbsp;not&nbsp;available,83.0
1120963.KB894492_gene1594,KB894492_gene1594,annotation&nbsp;not&nbsp;available,83.0
1120963.KB894497_gene2120,KB894497_gene2120,annotation&nbsp;not&nbsp;available,82.9
1120963.KB894492_gene1768,KB894492_gene1768,annotation&nbsp;not&nbsp;available,82.9
1120963.KB894503_gene1931,KB894503_gene1931,annotation&nbsp;not&nbsp;available,82.9
1120963.KB894491_gene1199,KB894491_gene1199,annotation&nbsp;not&nbsp;available,82.9
1120963.KB894497_gene2191,KB894497_gene2191,annotation&nbsp;not&nbsp;available,82.8
1120963.KB894506_gene3817,KB894506_gene3817,annotation&nbsp;not&nbsp;available,82.8
1120963.KB894499_gene583,KB894499_gene583,annotation&nbsp;not&nbsp;available,82.8
1120963.KB894494_gene3376,KB894494_gene3376,annotation&nbsp;not&nbsp;available,82.8
1120963.KB894494_gene3468,KB894494_gene3468,annotation&nbsp;not&nbsp;available,82.8
1120963.KB894493_gene2830,KB894493_gene2830,annotation&nbsp;not&nbsp;available,82.8
1120963.KB894502_gene1356,KB894502_gene1356,annotation&nbsp;not&nbsp;available,82.7
1120963.KB894500_gene77,KB894500_gene77,annotation&nbsp;not&nbsp;available,82.7
1120963.KB894492_gene1425,KB894492_gene1425,annotation&nbsp;not&nbsp;available,82.7
1120963.KB894493_gene3126,KB894493_gene3126,annotation&nbsp;not&nbsp;available,82.6
1120963.KB894491_gene899,KB894491_gene899,annotation&nbsp;not&nbsp;available,82.5
1120963.KB894494_gene3458,KB894494_gene3458,annotation&nbsp;not&nbsp;available,82.5
1120963.KB894492_gene1773,KB894492_gene1773,annotation&nbsp;not&nbsp;available,82.5
1120963.KB894493_gene2950,KB894493_gene2950,annotation&nbsp;not&nbsp;available,82.5
1120963.KB894495_gene3147,KB894495_gene3147,annotation&nbsp;not&nbsp;available,82.5
1120963.KB894493_gene2875,KB894493_gene2875,annotation&nbsp;not&nbsp;available,82.4
1120963.KB894492_gene1681,KB894492_gene1681,annotation&nbsp;not&nbsp;available,82.4
1120963.KB894492_gene1452,KB894492_gene1452,annotation&nbsp;not&nbsp;available,82.3
1120963.KB894516_gene2444,KB894516_gene2444,annotation&nbsp;not&nbsp;available,82.3
1120963.KB894504_gene1830,KB894504_gene1830,annotation&nbsp;not&nbsp;available,82.3
1120963.KB894492_gene1686,KB894492_gene1686,annotation&nbsp;not&nbsp;available,82.2
1120963.KB894494_gene3671,KB894494_gene3671,annotation&nbsp;not&nbsp;available,82.2
1120963.KB894494_gene3667,KB894494_gene3667,annotation&nbsp;not&nbsp;available,82.2
1120963.KB894494_gene3416,KB894494_gene3416,annotation&nbsp;not&nbsp;available,82.2
1120963.KB894491_gene929,KB894491_gene929,annotation&nbsp;not&nbsp;available,82.1
1120963.KB894506_gene3814,KB894506_gene3814,annotation&nbsp;not&nbsp;available,82.1
1120963.KB894496_gene2682,KB894496_gene2682,annotation&nbsp;not&nbsp;available,82.1
1120963.KB894491_gene1236,KB894491_gene1236,annotation&nbsp;not&nbsp;available,82.0
1120963.KB894492_gene1812,KB894492_gene1812,annotation&nbsp;not&nbsp;available,82.0
1120963.KB894498_gene2368,KB894498_gene2368,annotation&nbsp;not&nbsp;available,82.0
1120963.KB894491_gene1198,KB894491_gene1198,annotation&nbsp;not&nbsp;available,82.0
1120963.KB894492_gene1757,KB894492_gene1757,annotation&nbsp;not&nbsp;available,81.9
1120963.KB894492_gene1694,KB894492_gene1694,annotation&nbsp;not&nbsp;available,81.8
1120963.KB894494_gene3474,KB894494_gene3474,annotation&nbsp;not&nbsp;available,81.8
1120963.KB894493_gene2822,KB894493_gene2822,annotation&nbsp;not&nbsp;available,81.8
1120963.KB894493_gene2866,KB894493_gene2866,annotation&nbsp;not&nbsp;available,81.8
1120963.KB894509_gene2042,KB894509_gene2042,annotation&nbsp;not&nbsp;available,81.8
1120963.KB894492_gene1739,KB894492_gene1739,annotation&nbsp;not&nbsp;available,81.8
1120963.KB894494_gene3427,KB894494_gene3427,annotation&nbsp;not&nbsp;available,81.7
1120963.KB894516_gene2447,KB894516_gene2447,annotation&nbsp;not&nbsp;available,81.7
1120963.KB894492_gene1617,KB894492_gene1617,annotation&nbsp;not&nbsp;available,81.6
1120963.KB894492_gene1421,KB894492_gene1421,annotation&nbsp;not&nbsp;available,81.6
1120963.KB894491_gene882,KB894491_gene882,annotation&nbsp;not&nbsp;available,81.6
1120963.KB894492_gene1609,KB894492_gene1609,annotation&nbsp;not&nbsp;available,81.6
1120963.KB894491_gene956,KB894491_gene956,annotation&nbsp;not&nbsp;available,81.6
1120963.KB894492_gene1795,KB894492_gene1795,annotation&nbsp;not&nbsp;available,81.6
1120963.KB894518_gene2791,KB894518_gene2791,annotation&nbsp;not&nbsp;available,81.5
1120963.KB894498_gene2299,KB894498_gene2299,annotation&nbsp;not&nbsp;available,81.5
1120963.KB894502_gene1265,KB894502_gene1265,annotation&nbsp;not&nbsp;available,81.5
1120963.KB894493_gene3083,KB894493_gene3083,annotation&nbsp;not&nbsp;available,81.5
1120963.KB894497_gene2205,KB894497_gene2205,annotation&nbsp;not&nbsp;available,81.4
1120963.KB894492_gene1752,KB894492_gene1752,annotation&nbsp;not&nbsp;available,81.4
1120963.KB894501_gene211,KB894501_gene211,annotation&nbsp;not&nbsp;available,81.3
1120963.KB894491_gene848,KB894491_gene848,annotation&nbsp;not&nbsp;available,81.3
1120963.KB894519_gene325,KB894519_gene325,annotation&nbsp;not&nbsp;available,81.3
1120963.KB894510_gene2758,KB894510_gene2758,annotation&nbsp;not&nbsp;available,81.3
1120963.KB894492_gene1472,KB894492_gene1472,annotation&nbsp;not&nbsp;available,81.2
1120963.KB894492_gene1404,KB894492_gene1404,annotation&nbsp;not&nbsp;available,81.2
1120963.KB894492_gene1527,KB894492_gene1527,annotation&nbsp;not&nbsp;available,81.1
1120963.KB894491_gene1064,KB894491_gene1064,annotation&nbsp;not&nbsp;available,81.1
1120963.KB894503_gene1941,KB894503_gene1941,annotation&nbsp;not&nbsp;available,81.1
1120963.KB894491_gene648,KB894491_gene648,annotation&nbsp;not&nbsp;available,81.1
1120963.KB894491_gene1089,KB894491_gene1089,annotation&nbsp;not&nbsp;available,81.0
1120963.KB894492_gene1563,KB894492_gene1563,annotation&nbsp;not&nbsp;available,81.0
1120963.KB894498_gene2297,KB894498_gene2297,annotation&nbsp;not&nbsp;available,81.0
1120963.KB894491_gene705,KB894491_gene705,annotation&nbsp;not&nbsp;available,81.0
1120963.KB894504_gene1879,KB894504_gene1879,annotation&nbsp;not&nbsp;available,80.9
1120963.KB894512_gene2453,KB894512_gene2453,annotation&nbsp;not&nbsp;available,80.9
1120963.KB894491_gene1016,KB894491_gene1016,annotation&nbsp;not&nbsp;available,80.9
1120963.KB894503_gene1997,KB894503_gene1997,annotation&nbsp;not&nbsp;available,80.8
1120963.KB894496_gene2684,KB894496_gene2684,annotation&nbsp;not&nbsp;available,80.7
1120963.KB894501_gene217,KB894501_gene217,annotation&nbsp;not&nbsp;available,80.6
1120963.KB894491_gene851,KB894491_gene851,annotation&nbsp;not&nbsp;available,80.6
1120963.KB894499_gene552,KB894499_gene552,annotation&nbsp;not&nbsp;available,80.5
1120963.KB894507_gene3789,KB894507_gene3789,annotation&nbsp;not&nbsp;available,80.4
1120963.KB894511_gene2497,KB894511_gene2497,annotation&nbsp;not&nbsp;available,80.4
1120963.KB894491_gene1172,KB894491_gene1172,annotation&nbsp;not&nbsp;available,80.4
1120963.KB894505_gene3741,KB894505_gene3741,annotation&nbsp;not&nbsp;available,80.3
1120963.KB894491_gene684,KB894491_gene684,annotation&nbsp;not&nbsp;available,80.3
1120963.KB894496_gene2719,KB894496_gene2719,annotation&nbsp;not&nbsp;available,80.3
1120963.KB894507_gene3770,KB894507_gene3770,annotation&nbsp;not&nbsp;available,80.3
1120963.KB894504_gene1870,KB894504_gene1870,annotation&nbsp;not&nbsp;available,80.1
1120963.KB894494_gene3375,KB894494_gene3375,annotation&nbsp;not&nbsp;available,80.1
1120963.KB894491_gene1093,KB894491_gene1093,annotation&nbsp;not&nbsp;available,80.0
1120963.KB894497_gene2152,KB894497_gene2152,annotation&nbsp;not&nbsp;available,80.0
1120963.KB894501_gene245,KB894501_gene245,annotation&nbsp;not&nbsp;available,80.0
1120963.KB894492_gene1689,KB894492_gene1689,annotation&nbsp;not&nbsp;available,80.0
1120963.KB894500_gene91,KB894500_gene91,annotation&nbsp;not&nbsp;available,80.0
1120963.KB894494_gene3410,KB894494_gene3410,annotation&nbsp;not&nbsp;available,80.0
1120963.KB894492_gene1483,KB894492_gene1483,annotation&nbsp;not&nbsp;available,79.9
1120963.KB894492_gene1493,KB894492_gene1493,annotation&nbsp;not&nbsp;available,79.8
1120963.KB894497_gene2151,KB894497_gene2151,annotation&nbsp;not&nbsp;available,79.8
1120963.KB894493_gene2915,KB894493_gene2915,annotation&nbsp;not&nbsp;available,79.8
1120963.KB894504_gene1856,KB894504_gene1856,annotation&nbsp;not&nbsp;available,79.7
1120963.KB894499_gene546,KB894499_gene546,annotation&nbsp;not&nbsp;available,79.7
1120963.KB894491_gene1171,KB894491_gene1171,annotation&nbsp;not&nbsp;available,79.7
1120963.KB894499_gene554,KB894499_gene554,annotation&nbsp;not&nbsp;available,79.7
1120963.KB894496_gene2622,KB894496_gene2622,annotation&nbsp;not&nbsp;available,79.7
1120963.KB894502_gene1275,KB894502_gene1275,annotation&nbsp;not&nbsp;available,79.6
1120963.KB894491_gene670,KB894491_gene670,annotation&nbsp;not&nbsp;available,79.6
1120963.KB894491_gene1065,KB894491_gene1065,annotation&nbsp;not&nbsp;available,79.6
1120963.KB894495_gene3245,KB894495_gene3245,annotation&nbsp;not&nbsp;available,79.6
1120963.KB894499_gene548,KB894499_gene548,annotation&nbsp;not&nbsp;available,79.6
1120963.KB894491_gene1176,KB894491_gene1176,annotation&nbsp;not&nbsp;available,79.6
1120963.KB894491_gene722,KB894491_gene722,annotation&nbsp;not&nbsp;available,79.5
1120963.KB894492_gene1691,KB894492_gene1691,annotation&nbsp;not&nbsp;available,79.5
1120963.KB894520_gene155,KB894520_gene155,annotation&nbsp;not&nbsp;available,79.5
1120963.KB894497_gene2154,KB894497_gene2154,annotation&nbsp;not&nbsp;available,79.5
1120963.KB894492_gene1454,KB894492_gene1454,annotation&nbsp;not&nbsp;available,79.4
1120963.KB894491_gene993,KB894491_gene993,annotation&nbsp;not&nbsp;available,79.4
1120963.KB894492_gene1401,KB894492_gene1401,annotation&nbsp;not&nbsp;available,79.3
1120963.KB894512_gene2455,KB894512_gene2455,annotation&nbsp;not&nbsp;available,79.3
1120963.KB894493_gene2894,KB894493_gene2894,annotation&nbsp;not&nbsp;available,79.3
1120963.KB894492_gene1484,KB894492_gene1484,annotation&nbsp;not&nbsp;available,79.2
1120963.KB894494_gene3387,KB894494_gene3387,annotation&nbsp;not&nbsp;available,79.2
1120963.KB894503_gene2012,KB894503_gene2012,annotation&nbsp;not&nbsp;available,79.2
1120963.KB894495_gene3217,KB894495_gene3217,annotation&nbsp;not&nbsp;available,79.2
1120963.KB894492_gene1786,KB894492_gene1786,annotation&nbsp;not&nbsp;available,79.1
1120963.KB894506_gene3826,KB894506_gene3826,annotation&nbsp;not&nbsp;available,79.1
1120963.KB894495_gene3260,KB894495_gene3260,annotation&nbsp;not&nbsp;available,79.1
1120963.KB894502_gene1280,KB894502_gene1280,annotation&nbsp;not&nbsp;available,79.0
1120963.KB894495_gene3262,KB894495_gene3262,annotation&nbsp;not&nbsp;available,78.9
1120963.KB894502_gene1371,KB894502_gene1371,annotation&nbsp;not&nbsp;available,78.9
1120963.KB894495_gene3241,KB894495_gene3241,annotation&nbsp;not&nbsp;available,78.9
1120963.KB894492_gene1585,KB894492_gene1585,annotation&nbsp;not&nbsp;available,78.9
1120963.KB894492_gene1735,KB894492_gene1735,annotation&nbsp;not&nbsp;available,78.8
1120963.KB894497_gene2097,KB894497_gene2097,annotation&nbsp;not&nbsp;available,78.8
1120963.KB894492_gene1763,KB894492_gene1763,annotation&nbsp;not&nbsp;available,78.8
1120963.KB894502_gene1327,KB894502_gene1327,annotation&nbsp;not&nbsp;available,78.8
1120963.KB894491_gene1008,KB894491_gene1008,annotation&nbsp;not&nbsp;available,78.7
1120963.KB894491_gene1090,KB894491_gene1090,annotation&nbsp;not&nbsp;available,78.6
1120963.KB894502_gene1347,KB894502_gene1347,annotation&nbsp;not&nbsp;available,78.6
1120963.KB894491_gene1159,KB894491_gene1159,annotation&nbsp;not&nbsp;available,78.6
1120963.KB894491_gene1114,KB894491_gene1114,annotation&nbsp;not&nbsp;available,78.5
1120963.KB894501_gene254,KB894501_gene254,annotation&nbsp;not&nbsp;available,78.4
1120963.KB894492_gene1607,KB894492_gene1607,annotation&nbsp;not&nbsp;available,78.4
1120963.KB894503_gene2022,KB894503_gene2022,annotation&nbsp;not&nbsp;available,78.3
1120963.KB894504_gene1912,KB894504_gene1912,annotation&nbsp;not&nbsp;available,78.3
1120963.KB894491_gene1166,KB894491_gene1166,annotation&nbsp;not&nbsp;available,78.3
1120963.KB894493_gene2857,KB894493_gene2857,annotation&nbsp;not&nbsp;available,78.3
1120963.KB894503_gene2011,KB894503_gene2011,annotation&nbsp;not&nbsp;available,78.2
1120963.KB894493_gene2904,KB894493_gene2904,annotation&nbsp;not&nbsp;available,78.2
1120963.KB894492_gene1587,KB894492_gene1587,annotation&nbsp;not&nbsp;available,78.1
1120963.KB894494_gene3519,KB894494_gene3519,annotation&nbsp;not&nbsp;available,78.0
1120963.KB894499_gene527,KB894499_gene527,annotation&nbsp;not&nbsp;available,78.0
1120963.KB894504_gene1911,KB894504_gene1911,annotation&nbsp;not&nbsp;available,78.0
1120963.KB894491_gene1061,KB894491_gene1061,annotation&nbsp;not&nbsp;available,78.0
1120963.KB894500_gene49,KB894500_gene49,annotation&nbsp;not&nbsp;available,77.9
1120963.KB894494_gene3404,KB894494_gene3404,annotation&nbsp;not&nbsp;available,77.8
1120963.KB894497_gene2107,KB894497_gene2107,annotation&nbsp;not&nbsp;available,77.8
1120963.KB894499_gene495,KB894499_gene495,annotation&nbsp;not&nbsp;available,77.8
1120963.KB894492_gene1542,KB894492_gene1542,annotation&nbsp;not&nbsp;available,77.7
1120963.KB894493_gene2825,KB894493_gene2825,annotation&nbsp;not&nbsp;available,77.7
1120963.KB894491_gene826,KB894491_gene826,annotation&nbsp;not&nbsp;available,77.7
1120963.KB894494_gene3502,KB894494_gene3502,annotation&nbsp;not&nbsp;available,77.7
1120963.KB894493_gene2953,KB894493_gene2953,annotation&nbsp;not&nbsp;available,77.7
1120963.KB894491_gene615,KB894491_gene615,annotation&nbsp;not&nbsp;available,77.7
1120963.KB894493_gene3011,KB894493_gene3011,annotation&nbsp;not&nbsp;available,77.6
1120963.KB894513_gene377,KB894513_gene377,annotation&nbsp;not&nbsp;available,77.6
1120963.KB894499_gene475,KB894499_gene475,annotation&nbsp;not&nbsp;available,77.6
1120963.KB894496_gene2671,KB894496_gene2671,annotation&nbsp;not&nbsp;available,77.6
1120963.KB894502_gene1302,KB894502_gene1302,annotation&nbsp;not&nbsp;available,77.5
1120963.KB894491_gene717,KB894491_gene717,annotation&nbsp;not&nbsp;available,77.5
1120963.KB894495_gene3283,KB894495_gene3283,annotation&nbsp;not&nbsp;available,77.4
1120963.KB894492_gene1634,KB894492_gene1634,annotation&nbsp;not&nbsp;available,77.3
1120963.KB894499_gene541,KB894499_gene541,annotation&nbsp;not&nbsp;available,77.3
1120963.KB894498_gene2279,KB894498_gene2279,annotation&nbsp;not&nbsp;available,77.3
1120963.KB894492_gene1501,KB894492_gene1501,annotation&nbsp;not&nbsp;available,77.3
1120963.KB894491_gene1059,KB894491_gene1059,annotation&nbsp;not&nbsp;available,77.2
1120963.KB894496_gene2608,KB894496_gene2608,annotation&nbsp;not&nbsp;available,77.2
1120963.KB894500_gene134,KB894500_gene134,annotation&nbsp;not&nbsp;available,77.2
1120963.KB894505_gene3757,KB894505_gene3757,annotation&nbsp;not&nbsp;available,77.1
1120963.KB894491_gene1014,KB894491_gene1014,annotation&nbsp;not&nbsp;available,77.1
1120963.KB894495_gene3305,KB894495_gene3305,annotation&nbsp;not&nbsp;available,77.1
1120963.KB894491_gene691,KB894491_gene691,annotation&nbsp;not&nbsp;available,77.0
1120963.KB894495_gene3161,KB894495_gene3161,annotation&nbsp;not&nbsp;available,77.0
1120963.KB894496_gene2580,KB894496_gene2580,annotation&nbsp;not&nbsp;available,76.9
1120963.KB894498_gene2282,KB894498_gene2282,annotation&nbsp;not&nbsp;available,76.8
1120963.KB894501_gene290,KB894501_gene290,annotation&nbsp;not&nbsp;available,76.8
1120963.KB894494_gene3472,KB894494_gene3472,annotation&nbsp;not&nbsp;available,76.7
1120963.KB894493_gene2882,KB894493_gene2882,annotation&nbsp;not&nbsp;available,76.7
1120963.KB894493_gene3063,KB894493_gene3063,annotation&nbsp;not&nbsp;available,76.7
1120963.KB894492_gene1659,KB894492_gene1659,annotation&nbsp;not&nbsp;available,76.7
1120963.KB894491_gene1078,KB894491_gene1078,annotation&nbsp;not&nbsp;available,76.7
1120963.KB894492_gene1811,KB894492_gene1811,annotation&nbsp;not&nbsp;available,76.6
1120963.KB894498_gene2392,KB894498_gene2392,annotation&nbsp;not&nbsp;available,76.5
1120963.KB894491_gene1197,KB894491_gene1197,annotation&nbsp;not&nbsp;available,76.5
1120963.KB894491_gene839,KB894491_gene839,annotation&nbsp;not&nbsp;available,76.4
1120963.KB894497_gene2227,KB894497_gene2227,annotation&nbsp;not&nbsp;available,76.4
1120963.KB894494_gene3401,KB894494_gene3401,annotation&nbsp;not&nbsp;available,76.4
1120963.KB894501_gene247,KB894501_gene247,annotation&nbsp;not&nbsp;available,76.3
1120963.KB894492_gene1652,KB894492_gene1652,annotation&nbsp;not&nbsp;available,76.3
1120963.KB894495_gene3301,KB894495_gene3301,annotation&nbsp;not&nbsp;available,76.3
1120963.KB894491_gene817,KB894491_gene817,annotation&nbsp;not&nbsp;available,76.2
1120963.KB894500_gene102,KB894500_gene102,annotation&nbsp;not&nbsp;available,76.1
1120963.KB894491_gene1010,KB894491_gene1010,annotation&nbsp;not&nbsp;available,76.1
1120963.KB894497_gene2112,KB894497_gene2112,annotation&nbsp;not&nbsp;available,76.1
1120963.KB894495_gene3169,KB894495_gene3169,annotation&nbsp;not&nbsp;available,76.1
1120963.KB894499_gene594,KB894499_gene594,annotation&nbsp;not&nbsp;available,76.0
1120963.KB894492_gene1554,KB894492_gene1554,annotation&nbsp;not&nbsp;available,76.0
1120963.KB894502_gene1274,KB894502_gene1274,annotation&nbsp;not&nbsp;available,76.0
1120963.KB894498_gene2430,KB894498_gene2430,annotation&nbsp;not&nbsp;available,76.0
1120963.KB894493_gene3029,KB894493_gene3029,annotation&nbsp;not&nbsp;available,75.9
1120963.KB894500_gene37,KB894500_gene37,annotation&nbsp;not&nbsp;available,75.8
1120963.KB894498_gene2325,KB894498_gene2325,annotation&nbsp;not&nbsp;available,75.8
1120963.KB894497_gene2235,KB894497_gene2235,annotation&nbsp;not&nbsp;available,75.7
1120963.KB894501_gene181,KB894501_gene181,annotation&nbsp;not&nbsp;available,75.7
1120963.KB894491_gene1071,KB894491_gene1071,annotation&nbsp;not&nbsp;available,75.6
1120963.KB894497_gene2118,KB894497_gene2118,annotation&nbsp;not&nbsp;available,75.6
1120963.KB894495_gene3296,KB894495_gene3296,annotation&nbsp;not&nbsp;available,75.5
1120963.KB894495_gene3176,KB894495_gene3176,annotation&nbsp;not&nbsp;available,75.5
1120963.KB894492_gene1632,KB894492_gene1632,annotation&nbsp;not&nbsp;available,75.5
1120963.KB894491_gene1201,KB894491_gene1201,annotation&nbsp;not&nbsp;available,75.5
1120963.KB894498_gene2358,KB894498_gene2358,annotation&nbsp;not&nbsp;available,75.4
1120963.KB894492_gene1642,KB894492_gene1642,annotation&nbsp;not&nbsp;available,75.4
1120963.KB894496_gene2567,KB894496_gene2567,annotation&nbsp;not&nbsp;available,75.4
1120963.KB894491_gene763,KB894491_gene763,annotation&nbsp;not&nbsp;available,75.3
1120963.KB894492_gene1666,KB894492_gene1666,annotation&nbsp;not&nbsp;available,75.3
1120963.KB894498_gene2286,KB894498_gene2286,annotation&nbsp;not&nbsp;available,75.3
1120963.KB894493_gene2902,KB894493_gene2902,annotation&nbsp;not&nbsp;available,75.2
1120963.KB894506_gene3805,KB894506_gene3805,annotation&nbsp;not&nbsp;available,75.2
1120963.KB894491_gene1162,KB894491_gene1162,annotation&nbsp;not&nbsp;available,75.2
1120963.KB894515_gene348,KB894515_gene348,annotation&nbsp;not&nbsp;available,75.2
1120963.KB894492_gene1680,KB894492_gene1680,annotation&nbsp;not&nbsp;available,75.1
1120963.KB894505_gene3738,KB894505_gene3738,annotation&nbsp;not&nbsp;available,75.1
1120963.KB894495_gene3159,KB894495_gene3159,annotation&nbsp;not&nbsp;available,75.0
1120963.KB894492_gene1419,KB894492_gene1419,annotation&nbsp;not&nbsp;available,75.0
1120963.KB894491_gene1189,KB894491_gene1189,annotation&nbsp;not&nbsp;available,74.9
1120963.KB894496_gene2661,KB894496_gene2661,annotation&nbsp;not&nbsp;available,74.9
1120963.KB894508_gene3918,KB894508_gene3918,annotation&nbsp;not&nbsp;available,74.9
1120963.KB894491_gene731,KB894491_gene731,annotation&nbsp;not&nbsp;available,74.9
1120963.KB894497_gene2189,KB894497_gene2189,annotation&nbsp;not&nbsp;available,74.8
1120963.KB894516_gene2445,KB894516_gene2445,annotation&nbsp;not&nbsp;available,74.8
1120963.KB894494_gene3430,KB894494_gene3430,annotation&nbsp;not&nbsp;available,74.8
1120963.KB894501_gene225,KB894501_gene225,annotation&nbsp;not&nbsp;available,74.8
1120963.KB894507_gene3791,KB894507_gene3791,annotation&nbsp;not&nbsp;available,74.8
1120963.KB894491_gene978,KB894491_gene978,annotation&nbsp;not&nbsp;available,74.8
1120963.KB894496_gene2651,KB894496_gene2651,annotation&nbsp;not&nbsp;available,74.7
1120963.KB894496_gene2683,KB894496_gene2683,annotation&nbsp;not&nbsp;available,74.7
1120963.KB894493_gene2809,KB894493_gene2809,annotation&nbsp;not&nbsp;available,74.7
1120963.KB894496_gene2735,KB894496_gene2735,annotation&nbsp;not&nbsp;available,74.7
1120963.KB894496_gene2666,KB894496_gene2666,annotation&nbsp;not&nbsp;available,74.7
1120963.KB894491_gene1193,KB894491_gene1193,annotation&nbsp;not&nbsp;available,74.6
1120963.KB894498_gene2335,KB894498_gene2335,annotation&nbsp;not&nbsp;available,74.6
1120963.KB894499_gene561,KB894499_gene561,annotation&nbsp;not&nbsp;available,74.6
1120963.KB894491_gene1025,KB894491_gene1025,annotation&nbsp;not&nbsp;available,74.6
1120963.KB894515_gene345,KB894515_gene345,annotation&nbsp;not&nbsp;available,74.5
1120963.KB894493_gene2973,KB894493_gene2973,annotation&nbsp;not&nbsp;available,74.4
1120963.KB894498_gene2347,KB894498_gene2347,annotation&nbsp;not&nbsp;available,74.4
1120963.KB894500_gene20,KB894500_gene20,annotation&nbsp;not&nbsp;available,74.4
1120963.KB894495_gene3255,KB894495_gene3255,annotation&nbsp;not&nbsp;available,74.4
1120963.KB894497_gene2100,KB894497_gene2100,annotation&nbsp;not&nbsp;available,74.4
1120963.KB894495_gene3238,KB894495_gene3238,annotation&nbsp;not&nbsp;available,74.4
1120963.KB894492_gene1405,KB894492_gene1405,annotation&nbsp;not&nbsp;available,74.3
1120963.KB894494_gene3413,KB894494_gene3413,annotation&nbsp;not&nbsp;available,74.3
1120963.KB894498_gene2405,KB894498_gene2405,annotation&nbsp;not&nbsp;available,74.2
1120963.KB894492_gene1620,KB894492_gene1620,annotation&nbsp;not&nbsp;available,74.2
1120963.KB894507_gene3772,KB894507_gene3772,annotation&nbsp;not&nbsp;available,74.1
1120963.KB894491_gene1244,KB894491_gene1244,annotation&nbsp;not&nbsp;available,74.1
1120963.KB894498_gene2310,KB894498_gene2310,annotation&nbsp;not&nbsp;available,74.0
1120963.KB894503_gene1957,KB894503_gene1957,annotation&nbsp;not&nbsp;available,74.0
1120963.KB894496_gene2566,KB894496_gene2566,annotation&nbsp;not&nbsp;available,73.9
1120963.KB894503_gene1946,KB894503_gene1946,annotation&nbsp;not&nbsp;available,73.9
1120963.KB894494_gene3550,KB894494_gene3550,annotation&nbsp;not&nbsp;available,73.9
1120963.KB894493_gene3099,KB894493_gene3099,annotation&nbsp;not&nbsp;available,73.8
1120963.KB894498_gene2340,KB894498_gene2340,annotation&nbsp;not&nbsp;available,73.7
1120963.KB894495_gene3186,KB894495_gene3186,annotation&nbsp;not&nbsp;available,73.6
1120963.KB894492_gene1729,KB894492_gene1729,annotation&nbsp;not&nbsp;available,73.6
1120963.KB894501_gene240,KB894501_gene240,annotation&nbsp;not&nbsp;available,73.5
1120963.KB894498_gene2328,KB894498_gene2328,annotation&nbsp;not&nbsp;available,73.4
1120963.KB894515_gene349,KB894515_gene349,annotation&nbsp;not&nbsp;available,73.4
1120963.KB894501_gene276,KB894501_gene276,annotation&nbsp;not&nbsp;available,73.4
1120963.KB894495_gene3225,KB894495_gene3225,annotation&nbsp;not&nbsp;available,73.4
1120963.KB894504_gene1844,KB894504_gene1844,annotation&nbsp;not&nbsp;available,73.2
1120963.KB894498_gene2362,KB894498_gene2362,annotation&nbsp;not&nbsp;available,73.2
1120963.KB894515_gene350,KB894515_gene350,annotation&nbsp;not&nbsp;available,73.2
1120963.KB894503_gene1981,KB894503_gene1981,annotation&nbsp;not&nbsp;available,73.1
1120963.KB894519_gene329,KB894519_gene329,annotation&nbsp;not&nbsp;available,73.0
1120963.KB894492_gene1446,KB894492_gene1446,annotation&nbsp;not&nbsp;available,73.0
1120963.KB894492_gene1600,KB894492_gene1600,annotation&nbsp;not&nbsp;available,73.0
1120963.KB894505_gene3753,KB894505_gene3753,annotation&nbsp;not&nbsp;available,73.0
1120963.KB894494_gene3621,KB894494_gene3621,annotation&nbsp;not&nbsp;available,73.0
1120963.KB894492_gene1508,KB894492_gene1508,annotation&nbsp;not&nbsp;available,73.0
1120963.KB894492_gene1770,KB894492_gene1770,annotation&nbsp;not&nbsp;available,73.0
1120963.KB894491_gene751,KB894491_gene751,annotation&nbsp;not&nbsp;available,73.0
1120963.KB894493_gene2877,KB894493_gene2877,annotation&nbsp;not&nbsp;available,72.8
1120963.KB894493_gene2984,KB894493_gene2984,annotation&nbsp;not&nbsp;available,72.8
1120963.KB894499_gene438,KB894499_gene438,annotation&nbsp;not&nbsp;available,72.7
1120963.KB894499_gene568,KB894499_gene568,annotation&nbsp;not&nbsp;available,72.7
1120963.KB894494_gene3448,KB894494_gene3448,annotation&nbsp;not&nbsp;available,72.6
1120963.KB894495_gene3149,KB894495_gene3149,annotation&nbsp;not&nbsp;available,72.5
1120963.KB894491_gene730,KB894491_gene730,annotation&nbsp;not&nbsp;available,72.4
1120963.KB894492_gene1746,KB894492_gene1746,annotation&nbsp;not&nbsp;available,72.4
1120963.KB894508_gene3870,KB894508_gene3870,annotation&nbsp;not&nbsp;available,72.4
1120963.KB894491_gene1116,KB894491_gene1116,annotation&nbsp;not&nbsp;available,72.4
1120963.KB894497_gene2166,KB894497_gene2166,annotation&nbsp;not&nbsp;available,72.3
1120963.KB894492_gene1611,KB894492_gene1611,annotation&nbsp;not&nbsp;available,72.2
1120963.KB894492_gene1432,KB894492_gene1432,annotation&nbsp;not&nbsp;available,72.2
1120963.KB894494_gene3572,KB894494_gene3572,annotation&nbsp;not&nbsp;available,72.2
1120963.KB894493_gene2971,KB894493_gene2971,annotation&nbsp;not&nbsp;available,72.2
1120963.KB894498_gene2298,KB894498_gene2298,annotation&nbsp;not&nbsp;available,72.2
1120963.KB894493_gene3036,KB894493_gene3036,annotation&nbsp;not&nbsp;available,72.1
1120963.KB894493_gene2974,KB894493_gene2974,annotation&nbsp;not&nbsp;available,72.1
1120963.KB894492_gene1657,KB894492_gene1657,annotation&nbsp;not&nbsp;available,72.1
1120963.KB894504_gene1845,KB894504_gene1845,annotation&nbsp;not&nbsp;available,72.0
1120963.KB894492_gene1571,KB894492_gene1571,annotation&nbsp;not&nbsp;available,72.0
1120963.KB894505_gene3755,KB894505_gene3755,annotation&nbsp;not&nbsp;available,72.0
1120963.KB894496_gene2647,KB894496_gene2647,annotation&nbsp;not&nbsp;available,71.9
1120963.KB894491_gene876,KB894491_gene876,annotation&nbsp;not&nbsp;available,71.9
1120963.KB894491_gene1019,KB894491_gene1019,annotation&nbsp;not&nbsp;available,71.9
1120963.KB894501_gene222,KB894501_gene222,annotation&nbsp;not&nbsp;available,71.8
1120963.KB894504_gene1888,KB894504_gene1888,annotation&nbsp;not&nbsp;available,71.8
1120963.KB894503_gene2014,KB894503_gene2014,annotation&nbsp;not&nbsp;available,71.7
1120963.KB894491_gene784,KB894491_gene784,annotation&nbsp;not&nbsp;available,71.7
1120963.KB894491_gene979,KB894491_gene979,annotation&nbsp;not&nbsp;available,71.6
1120963.KB894501_gene171,KB894501_gene171,annotation&nbsp;not&nbsp;available,71.6
1120963.KB894504_gene1838,KB894504_gene1838,annotation&nbsp;not&nbsp;available,71.5
1120963.KB894492_gene1631,KB894492_gene1631,annotation&nbsp;not&nbsp;available,71.4
1120963.KB894501_gene200,KB894501_gene200,annotation&nbsp;not&nbsp;available,71.4
1120963.KB894494_gene3608,KB894494_gene3608,annotation&nbsp;not&nbsp;available,71.4
1120963.KB894492_gene1753,KB894492_gene1753,annotation&nbsp;not&nbsp;available,71.4
1120963.KB894497_gene2230,KB894497_gene2230,annotation&nbsp;not&nbsp;available,71.3
1120963.KB894495_gene3270,KB894495_gene3270,annotation&nbsp;not&nbsp;available,71.2
1120963.KB894491_gene789,KB894491_gene789,annotation&nbsp;not&nbsp;available,71.2
1120963.KB894494_gene3467,KB894494_gene3467,annotation&nbsp;not&nbsp;available,71.1
1120963.KB894494_gene3492,KB894494_gene3492,annotation&nbsp;not&nbsp;available,71.1
1120963.KB894497_gene2156,KB894497_gene2156,annotation&nbsp;not&nbsp;available,71.0
1120963.KB894505_gene3762,KB894505_gene3762,annotation&nbsp;not&nbsp;available,71.0
1120963.KB894492_gene1417,KB894492_gene1417,annotation&nbsp;not&nbsp;available,70.9
1120963.KB894498_gene2275,KB894498_gene2275,annotation&nbsp;not&nbsp;available,70.8
1120963.KB894512_gene2456,KB894512_gene2456,annotation&nbsp;not&nbsp;available,70.8
1120963.KB894499_gene589,KB894499_gene589,annotation&nbsp;not&nbsp;available,70.8
1120963.KB894504_gene1892,KB894504_gene1892,annotation&nbsp;not&nbsp;available,70.7
1120963.KB894499_gene432,KB894499_gene432,annotation&nbsp;not&nbsp;available,70.7
1120963.KB894504_gene1907,KB894504_gene1907,annotation&nbsp;not&nbsp;available,70.6
1120963.KB894491_gene1252,KB894491_gene1252,annotation&nbsp;not&nbsp;available,70.6
1120963.KB894501_gene280,KB894501_gene280,annotation&nbsp;not&nbsp;available,70.6
1120963.KB894501_gene293,KB894501_gene293,annotation&nbsp;not&nbsp;available,70.6
1120963.KB894499_gene534,KB894499_gene534,annotation&nbsp;not&nbsp;available,70.5
1120963.KB894496_gene2709,KB894496_gene2709,annotation&nbsp;not&nbsp;available,70.5
1120963.KB894492_gene1492,KB894492_gene1492,annotation&nbsp;not&nbsp;available,70.5
1120963.KB894504_gene1877,KB894504_gene1877,annotation&nbsp;not&nbsp;available,70.4
1120963.KB894507_gene3778,KB894507_gene3778,annotation&nbsp;not&nbsp;available,70.4
1120963.KB894495_gene3267,KB894495_gene3267,annotation&nbsp;not&nbsp;available,70.4
1120963.KB894491_gene699,KB894491_gene699,annotation&nbsp;not&nbsp;available,70.4
1120963.KB894494_gene3560,KB894494_gene3560,annotation&nbsp;not&nbsp;available,70.4
1120963.KB894493_gene3067,KB894493_gene3067,annotation&nbsp;not&nbsp;available,70.4
1120963.KB894491_gene1213,KB894491_gene1213,annotation&nbsp;not&nbsp;available,70.3
1120963.KB894507_gene3767,KB894507_gene3767,annotation&nbsp;not&nbsp;available,70.2
1120963.KB894499_gene539,KB894499_gene539,annotation&nbsp;not&nbsp;available,70.1
