1381123.AYOD01000015_gene2507,AYOD01000015_gene2507,annotation&nbsp;not&nbsp;available,98.9
1381123.AYOD01000015_gene2437,AYOD01000015_gene2437,annotation&nbsp;not&nbsp;available,98.9
1381123.AYOD01000035_gene3717,AYOD01000035_gene3717,annotation&nbsp;not&nbsp;available,98.8
1381123.AYOD01000014_gene2338,AYOD01000014_gene2338,annotation&nbsp;not&nbsp;available,98.8
1381123.AYOD01000002_gene611,AYOD01000002_gene611,annotation&nbsp;not&nbsp;available,98.8
1381123.AYOD01000035_gene3348,AYOD01000035_gene3348,annotation&nbsp;not&nbsp;available,98.8
1381123.AYOD01000021_gene2033,AYOD01000021_gene2033,annotation&nbsp;not&nbsp;available,98.7
1381123.AYOD01000014_gene2332,AYOD01000014_gene2332,annotation&nbsp;not&nbsp;available,98.6
1381123.AYOD01000008_gene3213,AYOD01000008_gene3213,annotation&nbsp;not&nbsp;available,98.6
1381123.AYOD01000020_gene1728,AYOD01000020_gene1728,annotation&nbsp;not&nbsp;available,98.6
1381123.AYOD01000006_gene1194,AYOD01000006_gene1194,annotation&nbsp;not&nbsp;available,98.5
1381123.AYOD01000005_gene1207,AYOD01000005_gene1207,annotation&nbsp;not&nbsp;available,98.5
1381123.AYOD01000035_gene3760,AYOD01000035_gene3760,annotation&nbsp;not&nbsp;available,98.5
1381123.AYOD01000003_gene1847,AYOD01000003_gene1847,annotation&nbsp;not&nbsp;available,98.5
1381123.AYOD01000035_gene3406,AYOD01000035_gene3406,annotation&nbsp;not&nbsp;available,98.4
1381123.AYOD01000040_gene2786,AYOD01000040_gene2786,annotation&nbsp;not&nbsp;available,98.4
1381123.AYOD01000014_gene2296,AYOD01000014_gene2296,annotation&nbsp;not&nbsp;available,98.4
1381123.AYOD01000001_gene937,AYOD01000001_gene937,annotation&nbsp;not&nbsp;available,98.4
1381123.AYOD01000002_gene606,AYOD01000002_gene606,annotation&nbsp;not&nbsp;available,98.4
1381123.AYOD01000042_gene2111,AYOD01000042_gene2111,annotation&nbsp;not&nbsp;available,98.3
1381123.AYOD01000008_gene3280,AYOD01000008_gene3280,annotation&nbsp;not&nbsp;available,98.3
1381123.AYOD01000038_gene472,AYOD01000038_gene472,annotation&nbsp;not&nbsp;available,98.2
1381123.AYOD01000021_gene2031,AYOD01000021_gene2031,annotation&nbsp;not&nbsp;available,98.1
1381123.AYOD01000002_gene702,AYOD01000002_gene702,annotation&nbsp;not&nbsp;available,98.1
1381123.AYOD01000015_gene2530,AYOD01000015_gene2530,annotation&nbsp;not&nbsp;available,98.1
1381123.AYOD01000044_gene1818,AYOD01000044_gene1818,annotation&nbsp;not&nbsp;available,98.0
1381123.AYOD01000044_gene1754,AYOD01000044_gene1754,annotation&nbsp;not&nbsp;available,98.0
1381123.AYOD01000035_gene3666,AYOD01000035_gene3666,annotation&nbsp;not&nbsp;available,98.0
1381123.AYOD01000049_gene29,AYOD01000049_gene29,annotation&nbsp;not&nbsp;available,98.0
1381123.AYOD01000034_gene3818,AYOD01000034_gene3818,annotation&nbsp;not&nbsp;available,98.0
1381123.AYOD01000002_gene632,AYOD01000002_gene632,annotation&nbsp;not&nbsp;available,97.9
1381123.AYOD01000008_gene3244,AYOD01000008_gene3244,annotation&nbsp;not&nbsp;available,97.9
1381123.AYOD01000024_gene1459,AYOD01000024_gene1459,annotation&nbsp;not&nbsp;available,97.8
1381123.AYOD01000001_gene1119,AYOD01000001_gene1119,annotation&nbsp;not&nbsp;available,97.8
1381123.AYOD01000008_gene3236,AYOD01000008_gene3236,annotation&nbsp;not&nbsp;available,97.8
1381123.AYOD01000015_gene2406,AYOD01000015_gene2406,annotation&nbsp;not&nbsp;available,97.7
1381123.AYOD01000035_gene3358,AYOD01000035_gene3358,annotation&nbsp;not&nbsp;available,97.7
1381123.AYOD01000035_gene3759,AYOD01000035_gene3759,annotation&nbsp;not&nbsp;available,97.6
1381123.AYOD01000008_gene3287,AYOD01000008_gene3287,annotation&nbsp;not&nbsp;available,97.6
1381123.AYOD01000032_gene3048,AYOD01000032_gene3048,annotation&nbsp;not&nbsp;available,97.6
1381123.AYOD01000005_gene1208,AYOD01000005_gene1208,annotation&nbsp;not&nbsp;available,97.5
1381123.AYOD01000027_gene2144,AYOD01000027_gene2144,annotation&nbsp;not&nbsp;available,97.5
1381123.AYOD01000001_gene926,AYOD01000001_gene926,annotation&nbsp;not&nbsp;available,97.5
1381123.AYOD01000035_gene3402,AYOD01000035_gene3402,annotation&nbsp;not&nbsp;available,97.4
1381123.AYOD01000011_gene2957,AYOD01000011_gene2957,annotation&nbsp;not&nbsp;available,97.4
1381123.AYOD01000015_gene2422,AYOD01000015_gene2422,annotation&nbsp;not&nbsp;available,97.4
1381123.AYOD01000005_gene1363,AYOD01000005_gene1363,annotation&nbsp;not&nbsp;available,97.3
1381123.AYOD01000015_gene2354,AYOD01000015_gene2354,annotation&nbsp;not&nbsp;available,97.2
1381123.AYOD01000005_gene1321,AYOD01000005_gene1321,annotation&nbsp;not&nbsp;available,97.2
1381123.AYOD01000042_gene2116,AYOD01000042_gene2116,annotation&nbsp;not&nbsp;available,97.2
1381123.AYOD01000052_gene128,AYOD01000052_gene128,annotation&nbsp;not&nbsp;available,97.2
1381123.AYOD01000002_gene675,AYOD01000002_gene675,annotation&nbsp;not&nbsp;available,97.2
1381123.AYOD01000015_gene2417,AYOD01000015_gene2417,annotation&nbsp;not&nbsp;available,97.2
1381123.AYOD01000008_gene3215,AYOD01000008_gene3215,annotation&nbsp;not&nbsp;available,97.1
1381123.AYOD01000001_gene1065,AYOD01000001_gene1065,annotation&nbsp;not&nbsp;available,97.0
1381123.AYOD01000058_gene1699,AYOD01000058_gene1699,annotation&nbsp;not&nbsp;available,97.0
1381123.AYOD01000035_gene3422,AYOD01000035_gene3422,annotation&nbsp;not&nbsp;available,97.0
1381123.AYOD01000046_gene1411,AYOD01000046_gene1411,annotation&nbsp;not&nbsp;available,96.9
1381123.AYOD01000002_gene679,AYOD01000002_gene679,annotation&nbsp;not&nbsp;available,96.9
1381123.AYOD01000008_gene3177,AYOD01000008_gene3177,annotation&nbsp;not&nbsp;available,96.9
1381123.AYOD01000001_gene1000,AYOD01000001_gene1000,annotation&nbsp;not&nbsp;available,96.8
1381123.AYOD01000001_gene845,AYOD01000001_gene845,annotation&nbsp;not&nbsp;available,96.8
1381123.AYOD01000016_gene2642,AYOD01000016_gene2642,annotation&nbsp;not&nbsp;available,96.7
1381123.AYOD01000035_gene3688,AYOD01000035_gene3688,annotation&nbsp;not&nbsp;available,96.7
1381123.AYOD01000015_gene2568,AYOD01000015_gene2568,annotation&nbsp;not&nbsp;available,96.7
1381123.AYOD01000002_gene582,AYOD01000002_gene582,annotation&nbsp;not&nbsp;available,96.7
1381123.AYOD01000044_gene1823,AYOD01000044_gene1823,annotation&nbsp;not&nbsp;available,96.6
1381123.AYOD01000002_gene587,AYOD01000002_gene587,annotation&nbsp;not&nbsp;available,96.6
1381123.AYOD01000035_gene3347,AYOD01000035_gene3347,annotation&nbsp;not&nbsp;available,96.5
1381123.AYOD01000035_gene3428,AYOD01000035_gene3428,annotation&nbsp;not&nbsp;available,96.5
1381123.AYOD01000003_gene1857,AYOD01000003_gene1857,annotation&nbsp;not&nbsp;available,96.5
1381123.AYOD01000043_gene1444,AYOD01000043_gene1444,annotation&nbsp;not&nbsp;available,96.4
1381123.AYOD01000035_gene3536,AYOD01000035_gene3536,annotation&nbsp;not&nbsp;available,96.3
1381123.AYOD01000011_gene2949,AYOD01000011_gene2949,annotation&nbsp;not&nbsp;available,96.3
1381123.AYOD01000064_gene1542,AYOD01000064_gene1542,annotation&nbsp;not&nbsp;available,96.3
1381123.AYOD01000064_gene1529,AYOD01000064_gene1529,annotation&nbsp;not&nbsp;available,96.2
1381123.AYOD01000035_gene3404,AYOD01000035_gene3404,annotation&nbsp;not&nbsp;available,96.1
1381123.AYOD01000033_gene3797,AYOD01000033_gene3797,annotation&nbsp;not&nbsp;available,96.1
1381123.AYOD01000002_gene671,AYOD01000002_gene671,annotation&nbsp;not&nbsp;available,96.1
1381123.AYOD01000005_gene1366,AYOD01000005_gene1366,annotation&nbsp;not&nbsp;available,96.1
1381123.AYOD01000035_gene3762,AYOD01000035_gene3762,annotation&nbsp;not&nbsp;available,96.0
1381123.AYOD01000001_gene901,AYOD01000001_gene901,annotation&nbsp;not&nbsp;available,96.0
1381123.AYOD01000002_gene686,AYOD01000002_gene686,annotation&nbsp;not&nbsp;available,96.0
1381123.AYOD01000011_gene2916,AYOD01000011_gene2916,annotation&nbsp;not&nbsp;available,96.0
1381123.AYOD01000015_gene2498,AYOD01000015_gene2498,annotation&nbsp;not&nbsp;available,95.9
1381123.AYOD01000015_gene2399,AYOD01000015_gene2399,annotation&nbsp;not&nbsp;available,95.9
1381123.AYOD01000015_gene2611,AYOD01000015_gene2611,annotation&nbsp;not&nbsp;available,95.9
1381123.AYOD01000015_gene2431,AYOD01000015_gene2431,annotation&nbsp;not&nbsp;available,95.8
1381123.AYOD01000030_gene490,AYOD01000030_gene490,annotation&nbsp;not&nbsp;available,95.8
1381123.AYOD01000021_gene1945,AYOD01000021_gene1945,annotation&nbsp;not&nbsp;available,95.8
1381123.AYOD01000042_gene2095,AYOD01000042_gene2095,annotation&nbsp;not&nbsp;available,95.7
1381123.AYOD01000020_gene1729,AYOD01000020_gene1729,annotation&nbsp;not&nbsp;available,95.7
1381123.AYOD01000030_gene482,AYOD01000030_gene482,annotation&nbsp;not&nbsp;available,95.7
1381123.AYOD01000035_gene3637,AYOD01000035_gene3637,annotation&nbsp;not&nbsp;available,95.7
1381123.AYOD01000010_gene310,AYOD01000010_gene310,annotation&nbsp;not&nbsp;available,95.6
1381123.AYOD01000002_gene604,AYOD01000002_gene604,annotation&nbsp;not&nbsp;available,95.6
1381123.AYOD01000014_gene2251,AYOD01000014_gene2251,annotation&nbsp;not&nbsp;available,95.5
1381123.AYOD01000002_gene687,AYOD01000002_gene687,annotation&nbsp;not&nbsp;available,95.5
1381123.AYOD01000013_gene2222,AYOD01000013_gene2222,annotation&nbsp;not&nbsp;available,95.5
1381123.AYOD01000021_gene2034,AYOD01000021_gene2034,annotation&nbsp;not&nbsp;available,95.4
1381123.AYOD01000015_gene2506,AYOD01000015_gene2506,annotation&nbsp;not&nbsp;available,95.4
1381123.AYOD01000002_gene653,AYOD01000002_gene653,annotation&nbsp;not&nbsp;available,95.4
1381123.AYOD01000044_gene1800,AYOD01000044_gene1800,annotation&nbsp;not&nbsp;available,95.4
1381123.AYOD01000001_gene843,AYOD01000001_gene843,annotation&nbsp;not&nbsp;available,95.3
1381123.AYOD01000001_gene722,AYOD01000001_gene722,annotation&nbsp;not&nbsp;available,95.3
1381123.AYOD01000005_gene1312,AYOD01000005_gene1312,annotation&nbsp;not&nbsp;available,95.3
1381123.AYOD01000029_gene3065,AYOD01000029_gene3065,annotation&nbsp;not&nbsp;available,95.2
1381123.AYOD01000004_gene1710,AYOD01000004_gene1710,annotation&nbsp;not&nbsp;available,95.2
1381123.AYOD01000008_gene3165,AYOD01000008_gene3165,annotation&nbsp;not&nbsp;available,95.1
1381123.AYOD01000005_gene1330,AYOD01000005_gene1330,annotation&nbsp;not&nbsp;available,95.1
1381123.AYOD01000035_gene3625,AYOD01000035_gene3625,annotation&nbsp;not&nbsp;available,95.0
1381123.AYOD01000015_gene2480,AYOD01000015_gene2480,annotation&nbsp;not&nbsp;available,95.0
1381123.AYOD01000035_gene3337,AYOD01000035_gene3337,annotation&nbsp;not&nbsp;available,94.9
1381123.AYOD01000016_gene2630,AYOD01000016_gene2630,annotation&nbsp;not&nbsp;available,94.9
1381123.AYOD01000054_gene399,AYOD01000054_gene399,annotation&nbsp;not&nbsp;available,94.9
1381123.AYOD01000015_gene2561,AYOD01000015_gene2561,annotation&nbsp;not&nbsp;available,94.9
1381123.AYOD01000013_gene2220,AYOD01000013_gene2220,annotation&nbsp;not&nbsp;available,94.8
1381123.AYOD01000023_gene1472,AYOD01000023_gene1472,annotation&nbsp;not&nbsp;available,94.8
1381123.AYOD01000001_gene878,AYOD01000001_gene878,annotation&nbsp;not&nbsp;available,94.7
1381123.AYOD01000042_gene2092,AYOD01000042_gene2092,annotation&nbsp;not&nbsp;available,94.7
1381123.AYOD01000001_gene1064,AYOD01000001_gene1064,annotation&nbsp;not&nbsp;available,94.7
1381123.AYOD01000064_gene1550,AYOD01000064_gene1550,annotation&nbsp;not&nbsp;available,94.6
1381123.AYOD01000005_gene1376,AYOD01000005_gene1376,annotation&nbsp;not&nbsp;available,94.6
1381123.AYOD01000015_gene2557,AYOD01000015_gene2557,annotation&nbsp;not&nbsp;available,94.5
1381123.AYOD01000029_gene3100,AYOD01000029_gene3100,annotation&nbsp;not&nbsp;available,94.5
1381123.AYOD01000026_gene1490,AYOD01000026_gene1490,annotation&nbsp;not&nbsp;available,94.5
1381123.AYOD01000044_gene1842,AYOD01000044_gene1842,annotation&nbsp;not&nbsp;available,94.5
1381123.AYOD01000048_gene274,AYOD01000048_gene274,annotation&nbsp;not&nbsp;available,94.4
1381123.AYOD01000005_gene1298,AYOD01000005_gene1298,annotation&nbsp;not&nbsp;available,94.4
1381123.AYOD01000001_gene1096,AYOD01000001_gene1096,annotation&nbsp;not&nbsp;available,94.4
1381123.AYOD01000011_gene2851,AYOD01000011_gene2851,annotation&nbsp;not&nbsp;available,94.4
1381123.AYOD01000011_gene2961,AYOD01000011_gene2961,annotation&nbsp;not&nbsp;available,94.4
1381123.AYOD01000008_gene3119,AYOD01000008_gene3119,annotation&nbsp;not&nbsp;available,94.3
1381123.AYOD01000001_gene798,AYOD01000001_gene798,annotation&nbsp;not&nbsp;available,94.3
1381123.AYOD01000063_gene1566,AYOD01000063_gene1566,annotation&nbsp;not&nbsp;available,94.3
1381123.AYOD01000016_gene2718,AYOD01000016_gene2718,annotation&nbsp;not&nbsp;available,94.3
1381123.AYOD01000021_gene2055,AYOD01000021_gene2055,annotation&nbsp;not&nbsp;available,94.2
1381123.AYOD01000062_gene1672,AYOD01000062_gene1672,annotation&nbsp;not&nbsp;available,94.1
1381123.AYOD01000035_gene3583,AYOD01000035_gene3583,annotation&nbsp;not&nbsp;available,94.0
1381123.AYOD01000043_gene1445,AYOD01000043_gene1445,annotation&nbsp;not&nbsp;available,94.0
1381123.AYOD01000015_gene2398,AYOD01000015_gene2398,annotation&nbsp;not&nbsp;available,94.0
1381123.AYOD01000002_gene543,AYOD01000002_gene543,annotation&nbsp;not&nbsp;available,94.0
1381123.AYOD01000001_gene844,AYOD01000001_gene844,annotation&nbsp;not&nbsp;available,94.0
1381123.AYOD01000008_gene3305,AYOD01000008_gene3305,annotation&nbsp;not&nbsp;available,93.9
1381123.AYOD01000029_gene3101,AYOD01000029_gene3101,annotation&nbsp;not&nbsp;available,93.9
1381123.AYOD01000044_gene1813,AYOD01000044_gene1813,annotation&nbsp;not&nbsp;available,93.9
1381123.AYOD01000008_gene3276,AYOD01000008_gene3276,annotation&nbsp;not&nbsp;available,93.8
1381123.AYOD01000021_gene2041,AYOD01000021_gene2041,annotation&nbsp;not&nbsp;available,93.7
1381123.AYOD01000015_gene2428,AYOD01000015_gene2428,annotation&nbsp;not&nbsp;available,93.6
1381123.AYOD01000035_gene3391,AYOD01000035_gene3391,annotation&nbsp;not&nbsp;available,93.6
1381123.AYOD01000011_gene2906,AYOD01000011_gene2906,annotation&nbsp;not&nbsp;available,93.5
1381123.AYOD01000044_gene1833,AYOD01000044_gene1833,annotation&nbsp;not&nbsp;available,93.5
1381123.AYOD01000009_gene2771,AYOD01000009_gene2771,annotation&nbsp;not&nbsp;available,93.4
1381123.AYOD01000035_gene3622,AYOD01000035_gene3622,annotation&nbsp;not&nbsp;available,93.4
1381123.AYOD01000013_gene2159,AYOD01000013_gene2159,annotation&nbsp;not&nbsp;available,93.3
1381123.AYOD01000003_gene1856,AYOD01000003_gene1856,annotation&nbsp;not&nbsp;available,93.3
1381123.AYOD01000029_gene3057,AYOD01000029_gene3057,annotation&nbsp;not&nbsp;available,93.3
1381123.AYOD01000014_gene2334,AYOD01000014_gene2334,annotation&nbsp;not&nbsp;available,93.3
1381123.AYOD01000029_gene3090,AYOD01000029_gene3090,annotation&nbsp;not&nbsp;available,93.2
1381123.AYOD01000014_gene2341,AYOD01000014_gene2341,annotation&nbsp;not&nbsp;available,93.0
1381123.AYOD01000011_gene2931,AYOD01000011_gene2931,annotation&nbsp;not&nbsp;available,92.9
1381123.AYOD01000001_gene897,AYOD01000001_gene897,annotation&nbsp;not&nbsp;available,92.9
1381123.AYOD01000004_gene1714,AYOD01000004_gene1714,annotation&nbsp;not&nbsp;available,92.9
1381123.AYOD01000011_gene2845,AYOD01000011_gene2845,annotation&nbsp;not&nbsp;available,92.9
1381123.AYOD01000035_gene3692,AYOD01000035_gene3692,annotation&nbsp;not&nbsp;available,92.9
1381123.AYOD01000047_gene246,AYOD01000047_gene246,annotation&nbsp;not&nbsp;available,92.8
1381123.AYOD01000005_gene1353,AYOD01000005_gene1353,annotation&nbsp;not&nbsp;available,92.8
1381123.AYOD01000003_gene1878,AYOD01000003_gene1878,annotation&nbsp;not&nbsp;available,92.8
1381123.AYOD01000002_gene614,AYOD01000002_gene614,annotation&nbsp;not&nbsp;available,92.8
1381123.AYOD01000026_gene1485,AYOD01000026_gene1485,annotation&nbsp;not&nbsp;available,92.8
1381123.AYOD01000035_gene3662,AYOD01000035_gene3662,annotation&nbsp;not&nbsp;available,92.7
1381123.AYOD01000015_gene2388,AYOD01000015_gene2388,annotation&nbsp;not&nbsp;available,92.7
1381123.AYOD01000027_gene2151,AYOD01000027_gene2151,annotation&nbsp;not&nbsp;available,92.7
1381123.AYOD01000016_gene2634,AYOD01000016_gene2634,annotation&nbsp;not&nbsp;available,92.6
1381123.AYOD01000015_gene2590,AYOD01000015_gene2590,annotation&nbsp;not&nbsp;available,92.6
1381123.AYOD01000056_gene194,AYOD01000056_gene194,annotation&nbsp;not&nbsp;available,92.6
1381123.AYOD01000035_gene3495,AYOD01000035_gene3495,annotation&nbsp;not&nbsp;available,92.5
1381123.AYOD01000035_gene3653,AYOD01000035_gene3653,annotation&nbsp;not&nbsp;available,92.5
1381123.AYOD01000002_gene591,AYOD01000002_gene591,annotation&nbsp;not&nbsp;available,92.5
1381123.AYOD01000049_gene46,AYOD01000049_gene46,annotation&nbsp;not&nbsp;available,92.5
1381123.AYOD01000035_gene3476,AYOD01000035_gene3476,annotation&nbsp;not&nbsp;available,92.5
1381123.AYOD01000010_gene356,AYOD01000010_gene356,annotation&nbsp;not&nbsp;available,92.5
1381123.AYOD01000015_gene2351,AYOD01000015_gene2351,annotation&nbsp;not&nbsp;available,92.5
1381123.AYOD01000011_gene2993,AYOD01000011_gene2993,annotation&nbsp;not&nbsp;available,92.4
1381123.AYOD01000008_gene3123,AYOD01000008_gene3123,annotation&nbsp;not&nbsp;available,92.4
1381123.AYOD01000008_gene3186,AYOD01000008_gene3186,annotation&nbsp;not&nbsp;available,92.4
1381123.AYOD01000001_gene1073,AYOD01000001_gene1073,annotation&nbsp;not&nbsp;available,92.4
1381123.AYOD01000015_gene2587,AYOD01000015_gene2587,annotation&nbsp;not&nbsp;available,92.4
1381123.AYOD01000060_gene1645,AYOD01000060_gene1645,annotation&nbsp;not&nbsp;available,92.4
1381123.AYOD01000014_gene2276,AYOD01000014_gene2276,annotation&nbsp;not&nbsp;available,92.4
1381123.AYOD01000016_gene2685,AYOD01000016_gene2685,annotation&nbsp;not&nbsp;available,92.3
1381123.AYOD01000054_gene432,AYOD01000054_gene432,annotation&nbsp;not&nbsp;available,92.2
1381123.AYOD01000015_gene2461,AYOD01000015_gene2461,annotation&nbsp;not&nbsp;available,92.2
1381123.AYOD01000053_gene153,AYOD01000053_gene153,annotation&nbsp;not&nbsp;available,92.1
1381123.AYOD01000021_gene1933,AYOD01000021_gene1933,annotation&nbsp;not&nbsp;available,92.1
1381123.AYOD01000011_gene2877,AYOD01000011_gene2877,annotation&nbsp;not&nbsp;available,92.1
1381123.AYOD01000001_gene807,AYOD01000001_gene807,annotation&nbsp;not&nbsp;available,92.0
1381123.AYOD01000002_gene628,AYOD01000002_gene628,annotation&nbsp;not&nbsp;available,92.0
1381123.AYOD01000011_gene2955,AYOD01000011_gene2955,annotation&nbsp;not&nbsp;available,92.0
1381123.AYOD01000002_gene547,AYOD01000002_gene547,annotation&nbsp;not&nbsp;available,92.0
1381123.AYOD01000001_gene855,AYOD01000001_gene855,annotation&nbsp;not&nbsp;available,91.9
1381123.AYOD01000053_gene148,AYOD01000053_gene148,annotation&nbsp;not&nbsp;available,91.9
1381123.AYOD01000035_gene3487,AYOD01000035_gene3487,annotation&nbsp;not&nbsp;available,91.9
1381123.AYOD01000002_gene644,AYOD01000002_gene644,annotation&nbsp;not&nbsp;available,91.9
1381123.AYOD01000001_gene728,AYOD01000001_gene728,annotation&nbsp;not&nbsp;available,91.8
1381123.AYOD01000001_gene894,AYOD01000001_gene894,annotation&nbsp;not&nbsp;available,91.8
1381123.AYOD01000001_gene1010,AYOD01000001_gene1010,annotation&nbsp;not&nbsp;available,91.8
1381123.AYOD01000001_gene1049,AYOD01000001_gene1049,annotation&nbsp;not&nbsp;available,91.7
1381123.AYOD01000014_gene2278,AYOD01000014_gene2278,annotation&nbsp;not&nbsp;available,91.6
1381123.AYOD01000001_gene848,AYOD01000001_gene848,annotation&nbsp;not&nbsp;available,91.6
1381123.AYOD01000001_gene1056,AYOD01000001_gene1056,annotation&nbsp;not&nbsp;available,91.5
1381123.AYOD01000002_gene550,AYOD01000002_gene550,annotation&nbsp;not&nbsp;available,91.5
1381123.AYOD01000045_gene1733,AYOD01000045_gene1733,annotation&nbsp;not&nbsp;available,91.5
1381123.AYOD01000014_gene2300,AYOD01000014_gene2300,annotation&nbsp;not&nbsp;available,91.4
1381123.AYOD01000054_gene442,AYOD01000054_gene442,annotation&nbsp;not&nbsp;available,91.4
1381123.AYOD01000001_gene866,AYOD01000001_gene866,annotation&nbsp;not&nbsp;available,91.4
1381123.AYOD01000018_gene1382,AYOD01000018_gene1382,annotation&nbsp;not&nbsp;available,91.4
1381123.AYOD01000012_gene3018,AYOD01000012_gene3018,annotation&nbsp;not&nbsp;available,91.4
1381123.AYOD01000015_gene2520,AYOD01000015_gene2520,annotation&nbsp;not&nbsp;available,91.4
1381123.AYOD01000035_gene3669,AYOD01000035_gene3669,annotation&nbsp;not&nbsp;available,91.3
1381123.AYOD01000001_gene1111,AYOD01000001_gene1111,annotation&nbsp;not&nbsp;available,91.3
1381123.AYOD01000003_gene1854,AYOD01000003_gene1854,annotation&nbsp;not&nbsp;available,91.3
1381123.AYOD01000042_gene2124,AYOD01000042_gene2124,annotation&nbsp;not&nbsp;available,91.2
1381123.AYOD01000015_gene2529,AYOD01000015_gene2529,annotation&nbsp;not&nbsp;available,91.2
1381123.AYOD01000028_gene374,AYOD01000028_gene374,annotation&nbsp;not&nbsp;available,91.1
1381123.AYOD01000011_gene2849,AYOD01000011_gene2849,annotation&nbsp;not&nbsp;available,91.1
1381123.AYOD01000011_gene2857,AYOD01000011_gene2857,annotation&nbsp;not&nbsp;available,91.1
1381123.AYOD01000048_gene289,AYOD01000048_gene289,annotation&nbsp;not&nbsp;available,91.1
1381123.AYOD01000015_gene2453,AYOD01000015_gene2453,annotation&nbsp;not&nbsp;available,91.1
1381123.AYOD01000026_gene1511,AYOD01000026_gene1511,annotation&nbsp;not&nbsp;available,91.1
1381123.AYOD01000016_gene2678,AYOD01000016_gene2678,annotation&nbsp;not&nbsp;available,91.0
1381123.AYOD01000010_gene327,AYOD01000010_gene327,annotation&nbsp;not&nbsp;available,91.0
1381123.AYOD01000054_gene433,AYOD01000054_gene433,annotation&nbsp;not&nbsp;available,91.0
1381123.AYOD01000015_gene2441,AYOD01000015_gene2441,annotation&nbsp;not&nbsp;available,90.9
1381123.AYOD01000002_gene617,AYOD01000002_gene617,annotation&nbsp;not&nbsp;available,90.9
1381123.AYOD01000066_gene1597,AYOD01000066_gene1597,annotation&nbsp;not&nbsp;available,90.8
1381123.AYOD01000026_gene1502,AYOD01000026_gene1502,annotation&nbsp;not&nbsp;available,90.7
1381123.AYOD01000006_gene1154,AYOD01000006_gene1154,annotation&nbsp;not&nbsp;available,90.7
1381123.AYOD01000035_gene3719,AYOD01000035_gene3719,annotation&nbsp;not&nbsp;available,90.7
1381123.AYOD01000054_gene401,AYOD01000054_gene401,annotation&nbsp;not&nbsp;available,90.7
1381123.AYOD01000029_gene3071,AYOD01000029_gene3071,annotation&nbsp;not&nbsp;available,90.6
1381123.AYOD01000069_gene155,AYOD01000069_gene155,annotation&nbsp;not&nbsp;available,90.5
1381123.AYOD01000044_gene1817,AYOD01000044_gene1817,annotation&nbsp;not&nbsp;available,90.5
1381123.AYOD01000005_gene1324,AYOD01000005_gene1324,annotation&nbsp;not&nbsp;available,90.5
1381123.AYOD01000005_gene1344,AYOD01000005_gene1344,annotation&nbsp;not&nbsp;available,90.5
1381123.AYOD01000014_gene2270,AYOD01000014_gene2270,annotation&nbsp;not&nbsp;available,90.5
1381123.AYOD01000067_gene201,AYOD01000067_gene201,annotation&nbsp;not&nbsp;available,90.5
1381123.AYOD01000049_gene48,AYOD01000049_gene48,annotation&nbsp;not&nbsp;available,90.5
1381123.AYOD01000014_gene2271,AYOD01000014_gene2271,annotation&nbsp;not&nbsp;available,90.4
1381123.AYOD01000035_gene3410,AYOD01000035_gene3410,annotation&nbsp;not&nbsp;available,90.3
1381123.AYOD01000013_gene2236,AYOD01000013_gene2236,annotation&nbsp;not&nbsp;available,90.2
1381123.AYOD01000035_gene3593,AYOD01000035_gene3593,annotation&nbsp;not&nbsp;available,90.2
1381123.AYOD01000060_gene1638,AYOD01000060_gene1638,annotation&nbsp;not&nbsp;available,90.1
1381123.AYOD01000035_gene3576,AYOD01000035_gene3576,annotation&nbsp;not&nbsp;available,90.1
1381123.AYOD01000035_gene3388,AYOD01000035_gene3388,annotation&nbsp;not&nbsp;available,89.9
1381123.AYOD01000014_gene2264,AYOD01000014_gene2264,annotation&nbsp;not&nbsp;available,89.9
1381123.AYOD01000001_gene726,AYOD01000001_gene726,annotation&nbsp;not&nbsp;available,89.9
1381123.AYOD01000002_gene674,AYOD01000002_gene674,annotation&nbsp;not&nbsp;available,89.9
1381123.AYOD01000005_gene1310,AYOD01000005_gene1310,annotation&nbsp;not&nbsp;available,89.8
1381123.AYOD01000005_gene1213,AYOD01000005_gene1213,annotation&nbsp;not&nbsp;available,89.7
1381123.AYOD01000015_gene2609,AYOD01000015_gene2609,annotation&nbsp;not&nbsp;available,89.7
1381123.AYOD01000005_gene1299,AYOD01000005_gene1299,annotation&nbsp;not&nbsp;available,89.7
1381123.AYOD01000001_gene740,AYOD01000001_gene740,annotation&nbsp;not&nbsp;available,89.7
1381123.AYOD01000049_gene6,AYOD01000049_gene6,annotation&nbsp;not&nbsp;available,89.7
1381123.AYOD01000008_gene3159,AYOD01000008_gene3159,annotation&nbsp;not&nbsp;available,89.6
1381123.AYOD01000030_gene480,AYOD01000030_gene480,annotation&nbsp;not&nbsp;available,89.6
1381123.AYOD01000011_gene2981,AYOD01000011_gene2981,annotation&nbsp;not&nbsp;available,89.5
1381123.AYOD01000015_gene2537,AYOD01000015_gene2537,annotation&nbsp;not&nbsp;available,89.5
1381123.AYOD01000035_gene3629,AYOD01000035_gene3629,annotation&nbsp;not&nbsp;available,89.4
1381123.AYOD01000015_gene2393,AYOD01000015_gene2393,annotation&nbsp;not&nbsp;available,89.4
1381123.AYOD01000029_gene3050,AYOD01000029_gene3050,annotation&nbsp;not&nbsp;available,89.4
1381123.AYOD01000016_gene2643,AYOD01000016_gene2643,annotation&nbsp;not&nbsp;available,89.4
1381123.AYOD01000035_gene3709,AYOD01000035_gene3709,annotation&nbsp;not&nbsp;available,89.2
1381123.AYOD01000035_gene3385,AYOD01000035_gene3385,annotation&nbsp;not&nbsp;available,89.2
1381123.AYOD01000001_gene851,AYOD01000001_gene851,annotation&nbsp;not&nbsp;available,89.2
1381123.AYOD01000035_gene3519,AYOD01000035_gene3519,annotation&nbsp;not&nbsp;available,89.2
1381123.AYOD01000001_gene746,AYOD01000001_gene746,annotation&nbsp;not&nbsp;available,89.2
1381123.AYOD01000016_gene2620,AYOD01000016_gene2620,annotation&nbsp;not&nbsp;available,89.1
1381123.AYOD01000008_gene3158,AYOD01000008_gene3158,annotation&nbsp;not&nbsp;available,89.1
1381123.AYOD01000001_gene999,AYOD01000001_gene999,annotation&nbsp;not&nbsp;available,89.1
1381123.AYOD01000001_gene923,AYOD01000001_gene923,annotation&nbsp;not&nbsp;available,89.0
1381123.AYOD01000005_gene1335,AYOD01000005_gene1335,annotation&nbsp;not&nbsp;available,89.0
1381123.AYOD01000013_gene2197,AYOD01000013_gene2197,annotation&nbsp;not&nbsp;available,89.0
1381123.AYOD01000002_gene670,AYOD01000002_gene670,annotation&nbsp;not&nbsp;available,88.9
1381123.AYOD01000021_gene2023,AYOD01000021_gene2023,annotation&nbsp;not&nbsp;available,88.8
1381123.AYOD01000015_gene2479,AYOD01000015_gene2479,annotation&nbsp;not&nbsp;available,88.8
1381123.AYOD01000015_gene2524,AYOD01000015_gene2524,annotation&nbsp;not&nbsp;available,88.8
1381123.AYOD01000001_gene896,AYOD01000001_gene896,annotation&nbsp;not&nbsp;available,88.8
1381123.AYOD01000001_gene759,AYOD01000001_gene759,annotation&nbsp;not&nbsp;available,88.8
1381123.AYOD01000006_gene1197,AYOD01000006_gene1197,annotation&nbsp;not&nbsp;available,88.6
1381123.AYOD01000002_gene561,AYOD01000002_gene561,annotation&nbsp;not&nbsp;available,88.6
1381123.AYOD01000008_gene3251,AYOD01000008_gene3251,annotation&nbsp;not&nbsp;available,88.6
1381123.AYOD01000015_gene2473,AYOD01000015_gene2473,annotation&nbsp;not&nbsp;available,88.6
1381123.AYOD01000035_gene3506,AYOD01000035_gene3506,annotation&nbsp;not&nbsp;available,88.5
1381123.AYOD01000021_gene1944,AYOD01000021_gene1944,annotation&nbsp;not&nbsp;available,88.5
1381123.AYOD01000042_gene2125,AYOD01000042_gene2125,annotation&nbsp;not&nbsp;available,88.5
1381123.AYOD01000001_gene933,AYOD01000001_gene933,annotation&nbsp;not&nbsp;available,88.5
1381123.AYOD01000066_gene1581,AYOD01000066_gene1581,annotation&nbsp;not&nbsp;available,88.5
1381123.AYOD01000001_gene863,AYOD01000001_gene863,annotation&nbsp;not&nbsp;available,88.5
1381123.AYOD01000011_gene2829,AYOD01000011_gene2829,annotation&nbsp;not&nbsp;available,88.5
1381123.AYOD01000051_gene90,AYOD01000051_gene90,annotation&nbsp;not&nbsp;available,88.5
1381123.AYOD01000014_gene2331,AYOD01000014_gene2331,annotation&nbsp;not&nbsp;available,88.5
1381123.AYOD01000012_gene2999,AYOD01000012_gene2999,annotation&nbsp;not&nbsp;available,88.4
1381123.AYOD01000034_gene3822,AYOD01000034_gene3822,annotation&nbsp;not&nbsp;available,88.3
1381123.AYOD01000008_gene3180,AYOD01000008_gene3180,annotation&nbsp;not&nbsp;available,88.3
1381123.AYOD01000020_gene1719,AYOD01000020_gene1719,annotation&nbsp;not&nbsp;available,88.3
1381123.AYOD01000051_gene95,AYOD01000051_gene95,annotation&nbsp;not&nbsp;available,88.3
1381123.AYOD01000011_gene2895,AYOD01000011_gene2895,annotation&nbsp;not&nbsp;available,88.3
1381123.AYOD01000001_gene789,AYOD01000001_gene789,annotation&nbsp;not&nbsp;available,88.2
1381123.AYOD01000035_gene3549,AYOD01000035_gene3549,annotation&nbsp;not&nbsp;available,88.2
1381123.AYOD01000051_gene111,AYOD01000051_gene111,annotation&nbsp;not&nbsp;available,88.2
1381123.AYOD01000035_gene3693,AYOD01000035_gene3693,annotation&nbsp;not&nbsp;available,88.2
1381123.AYOD01000015_gene2510,AYOD01000015_gene2510,annotation&nbsp;not&nbsp;available,88.1
1381123.AYOD01000003_gene1917,AYOD01000003_gene1917,annotation&nbsp;not&nbsp;available,88.1
1381123.AYOD01000001_gene1109,AYOD01000001_gene1109,annotation&nbsp;not&nbsp;available,88.1
1381123.AYOD01000015_gene2395,AYOD01000015_gene2395,annotation&nbsp;not&nbsp;available,88.0
1381123.AYOD01000015_gene2578,AYOD01000015_gene2578,annotation&nbsp;not&nbsp;available,88.0
1381123.AYOD01000021_gene2052,AYOD01000021_gene2052,annotation&nbsp;not&nbsp;available,88.0
1381123.AYOD01000015_gene2523,AYOD01000015_gene2523,annotation&nbsp;not&nbsp;available,87.9
1381123.AYOD01000016_gene2732,AYOD01000016_gene2732,annotation&nbsp;not&nbsp;available,87.9
1381123.AYOD01000011_gene2978,AYOD01000011_gene2978,annotation&nbsp;not&nbsp;available,87.9
1381123.AYOD01000001_gene1128,AYOD01000001_gene1128,annotation&nbsp;not&nbsp;available,87.9
1381123.AYOD01000037_gene519,AYOD01000037_gene519,annotation&nbsp;not&nbsp;available,87.9
1381123.AYOD01000046_gene1410,AYOD01000046_gene1410,annotation&nbsp;not&nbsp;available,87.8
1381123.AYOD01000035_gene3694,AYOD01000035_gene3694,annotation&nbsp;not&nbsp;available,87.8
1381123.AYOD01000016_gene2686,AYOD01000016_gene2686,annotation&nbsp;not&nbsp;available,87.8
1381123.AYOD01000011_gene2810,AYOD01000011_gene2810,annotation&nbsp;not&nbsp;available,87.8
1381123.AYOD01000001_gene1029,AYOD01000001_gene1029,annotation&nbsp;not&nbsp;available,87.7
1381123.AYOD01000006_gene1167,AYOD01000006_gene1167,annotation&nbsp;not&nbsp;available,87.6
1381123.AYOD01000049_gene33,AYOD01000049_gene33,annotation&nbsp;not&nbsp;available,87.6
1381123.AYOD01000003_gene1908,AYOD01000003_gene1908,annotation&nbsp;not&nbsp;available,87.6
1381123.AYOD01000056_gene192,AYOD01000056_gene192,annotation&nbsp;not&nbsp;available,87.6
1381123.AYOD01000044_gene1777,AYOD01000044_gene1777,annotation&nbsp;not&nbsp;available,87.5
1381123.AYOD01000035_gene3431,AYOD01000035_gene3431,annotation&nbsp;not&nbsp;available,87.5
1381123.AYOD01000021_gene2071,AYOD01000021_gene2071,annotation&nbsp;not&nbsp;available,87.5
1381123.AYOD01000008_gene3246,AYOD01000008_gene3246,annotation&nbsp;not&nbsp;available,87.5
1381123.AYOD01000002_gene580,AYOD01000002_gene580,annotation&nbsp;not&nbsp;available,87.5
1381123.AYOD01000006_gene1151,AYOD01000006_gene1151,annotation&nbsp;not&nbsp;available,87.5
1381123.AYOD01000011_gene2840,AYOD01000011_gene2840,annotation&nbsp;not&nbsp;available,87.5
1381123.AYOD01000054_gene393,AYOD01000054_gene393,annotation&nbsp;not&nbsp;available,87.5
1381123.AYOD01000035_gene3743,AYOD01000035_gene3743,annotation&nbsp;not&nbsp;available,87.4
1381123.AYOD01000016_gene2681,AYOD01000016_gene2681,annotation&nbsp;not&nbsp;available,87.4
1381123.AYOD01000012_gene3010,AYOD01000012_gene3010,annotation&nbsp;not&nbsp;available,87.4
1381123.AYOD01000061_gene1687,AYOD01000061_gene1687,annotation&nbsp;not&nbsp;available,87.4
1381123.AYOD01000052_gene132,AYOD01000052_gene132,annotation&nbsp;not&nbsp;available,87.3
1381123.AYOD01000034_gene3810,AYOD01000034_gene3810,annotation&nbsp;not&nbsp;available,87.3
1381123.AYOD01000016_gene2753,AYOD01000016_gene2753,annotation&nbsp;not&nbsp;available,87.3
1381123.AYOD01000015_gene2429,AYOD01000015_gene2429,annotation&nbsp;not&nbsp;available,87.3
1381123.AYOD01000001_gene1097,AYOD01000001_gene1097,annotation&nbsp;not&nbsp;available,87.0
1381123.AYOD01000021_gene2063,AYOD01000021_gene2063,annotation&nbsp;not&nbsp;available,86.9
1381123.AYOD01000001_gene1088,AYOD01000001_gene1088,annotation&nbsp;not&nbsp;available,86.9
1381123.AYOD01000035_gene3409,AYOD01000035_gene3409,annotation&nbsp;not&nbsp;available,86.8
1381123.AYOD01000015_gene2502,AYOD01000015_gene2502,annotation&nbsp;not&nbsp;available,86.8
1381123.AYOD01000002_gene568,AYOD01000002_gene568,annotation&nbsp;not&nbsp;available,86.8
1381123.AYOD01000014_gene2323,AYOD01000014_gene2323,annotation&nbsp;not&nbsp;available,86.7
1381123.AYOD01000035_gene3610,AYOD01000035_gene3610,annotation&nbsp;not&nbsp;available,86.7
1381123.AYOD01000028_gene391,AYOD01000028_gene391,annotation&nbsp;not&nbsp;available,86.6
1381123.AYOD01000016_gene2722,AYOD01000016_gene2722,annotation&nbsp;not&nbsp;available,86.6
1381123.AYOD01000021_gene1964,AYOD01000021_gene1964,annotation&nbsp;not&nbsp;available,86.5
1381123.AYOD01000015_gene2425,AYOD01000015_gene2425,annotation&nbsp;not&nbsp;available,86.5
1381123.AYOD01000001_gene1050,AYOD01000001_gene1050,annotation&nbsp;not&nbsp;available,86.5
1381123.AYOD01000015_gene2468,AYOD01000015_gene2468,annotation&nbsp;not&nbsp;available,86.4
1381123.AYOD01000005_gene1338,AYOD01000005_gene1338,annotation&nbsp;not&nbsp;available,86.4
1381123.AYOD01000051_gene113,AYOD01000051_gene113,annotation&nbsp;not&nbsp;available,86.4
1381123.AYOD01000069_gene162,AYOD01000069_gene162,annotation&nbsp;not&nbsp;available,86.4
1381123.AYOD01000001_gene831,AYOD01000001_gene831,annotation&nbsp;not&nbsp;available,86.4
1381123.AYOD01000054_gene400,AYOD01000054_gene400,annotation&nbsp;not&nbsp;available,86.4
1381123.AYOD01000013_gene2162,AYOD01000013_gene2162,annotation&nbsp;not&nbsp;available,86.3
1381123.AYOD01000015_gene2598,AYOD01000015_gene2598,annotation&nbsp;not&nbsp;available,86.3
1381123.AYOD01000006_gene1183,AYOD01000006_gene1183,annotation&nbsp;not&nbsp;available,86.3
1381123.AYOD01000003_gene1882,AYOD01000003_gene1882,annotation&nbsp;not&nbsp;available,86.3
1381123.AYOD01000035_gene3503,AYOD01000035_gene3503,annotation&nbsp;not&nbsp;available,86.2
1381123.AYOD01000016_gene2750,AYOD01000016_gene2750,annotation&nbsp;not&nbsp;available,86.1
1381123.AYOD01000021_gene1947,AYOD01000021_gene1947,annotation&nbsp;not&nbsp;available,86.1
1381123.AYOD01000003_gene1918,AYOD01000003_gene1918,annotation&nbsp;not&nbsp;available,86.0
1381123.AYOD01000002_gene563,AYOD01000002_gene563,annotation&nbsp;not&nbsp;available,86.0
1381123.AYOD01000044_gene1801,AYOD01000044_gene1801,annotation&nbsp;not&nbsp;available,85.9
1381123.AYOD01000015_gene2353,AYOD01000015_gene2353,annotation&nbsp;not&nbsp;available,85.8
1381123.AYOD01000015_gene2522,AYOD01000015_gene2522,annotation&nbsp;not&nbsp;available,85.8
1381123.AYOD01000001_gene1067,AYOD01000001_gene1067,annotation&nbsp;not&nbsp;available,85.7
1381123.AYOD01000001_gene758,AYOD01000001_gene758,annotation&nbsp;not&nbsp;available,85.7
1381123.AYOD01000001_gene983,AYOD01000001_gene983,annotation&nbsp;not&nbsp;available,85.6
1381123.AYOD01000013_gene2174,AYOD01000013_gene2174,annotation&nbsp;not&nbsp;available,85.6
1381123.AYOD01000044_gene1776,AYOD01000044_gene1776,annotation&nbsp;not&nbsp;available,85.6
1381123.AYOD01000011_gene2923,AYOD01000011_gene2923,annotation&nbsp;not&nbsp;available,85.6
1381123.AYOD01000001_gene1054,AYOD01000001_gene1054,annotation&nbsp;not&nbsp;available,85.6
1381123.AYOD01000035_gene3512,AYOD01000035_gene3512,annotation&nbsp;not&nbsp;available,85.5
1381123.AYOD01000015_gene2500,AYOD01000015_gene2500,annotation&nbsp;not&nbsp;available,85.4
1381123.AYOD01000035_gene3562,AYOD01000035_gene3562,annotation&nbsp;not&nbsp;available,85.4
1381123.AYOD01000013_gene2211,AYOD01000013_gene2211,annotation&nbsp;not&nbsp;available,85.3
1381123.AYOD01000001_gene944,AYOD01000001_gene944,annotation&nbsp;not&nbsp;available,85.3
1381123.AYOD01000005_gene1306,AYOD01000005_gene1306,annotation&nbsp;not&nbsp;available,85.3
1381123.AYOD01000015_gene2454,AYOD01000015_gene2454,annotation&nbsp;not&nbsp;available,85.3
1381123.AYOD01000016_gene2648,AYOD01000016_gene2648,annotation&nbsp;not&nbsp;available,85.3
1381123.AYOD01000011_gene2898,AYOD01000011_gene2898,annotation&nbsp;not&nbsp;available,85.3
1381123.AYOD01000015_gene2360,AYOD01000015_gene2360,annotation&nbsp;not&nbsp;available,85.3
1381123.AYOD01000021_gene1963,AYOD01000021_gene1963,annotation&nbsp;not&nbsp;available,85.3
1381123.AYOD01000021_gene2066,AYOD01000021_gene2066,annotation&nbsp;not&nbsp;available,85.2
1381123.AYOD01000001_gene881,AYOD01000001_gene881,annotation&nbsp;not&nbsp;available,85.2
1381123.AYOD01000015_gene2583,AYOD01000015_gene2583,annotation&nbsp;not&nbsp;available,85.2
1381123.AYOD01000002_gene569,AYOD01000002_gene569,annotation&nbsp;not&nbsp;available,85.1
1381123.AYOD01000049_gene42,AYOD01000049_gene42,annotation&nbsp;not&nbsp;available,85.1
1381123.AYOD01000013_gene2235,AYOD01000013_gene2235,annotation&nbsp;not&nbsp;available,85.1
1381123.AYOD01000001_gene984,AYOD01000001_gene984,annotation&nbsp;not&nbsp;available,85.1
1381123.AYOD01000058_gene1697,AYOD01000058_gene1697,annotation&nbsp;not&nbsp;available,85.1
1381123.AYOD01000001_gene847,AYOD01000001_gene847,annotation&nbsp;not&nbsp;available,85.1
1381123.AYOD01000042_gene2115,AYOD01000042_gene2115,annotation&nbsp;not&nbsp;available,85.1
1381123.AYOD01000008_gene3282,AYOD01000008_gene3282,annotation&nbsp;not&nbsp;available,85.0
1381123.AYOD01000005_gene1346,AYOD01000005_gene1346,annotation&nbsp;not&nbsp;available,85.0
1381123.AYOD01000001_gene833,AYOD01000001_gene833,annotation&nbsp;not&nbsp;available,85.0
1381123.AYOD01000050_gene71,AYOD01000050_gene71,annotation&nbsp;not&nbsp;available,84.9
1381123.AYOD01000054_gene420,AYOD01000054_gene420,annotation&nbsp;not&nbsp;available,84.8
1381123.AYOD01000015_gene2589,AYOD01000015_gene2589,annotation&nbsp;not&nbsp;available,84.8
1381123.AYOD01000008_gene3193,AYOD01000008_gene3193,annotation&nbsp;not&nbsp;available,84.8
1381123.AYOD01000044_gene1761,AYOD01000044_gene1761,annotation&nbsp;not&nbsp;available,84.8
1381123.AYOD01000035_gene3671,AYOD01000035_gene3671,annotation&nbsp;not&nbsp;available,84.8
1381123.AYOD01000017_gene1396,AYOD01000017_gene1396,annotation&nbsp;not&nbsp;available,84.8
1381123.AYOD01000060_gene1628,AYOD01000060_gene1628,annotation&nbsp;not&nbsp;available,84.8
1381123.AYOD01000015_gene2424,AYOD01000015_gene2424,annotation&nbsp;not&nbsp;available,84.8
1381123.AYOD01000011_gene2828,AYOD01000011_gene2828,annotation&nbsp;not&nbsp;available,84.7
1381123.AYOD01000016_gene2670,AYOD01000016_gene2670,annotation&nbsp;not&nbsp;available,84.6
1381123.AYOD01000001_gene995,AYOD01000001_gene995,annotation&nbsp;not&nbsp;available,84.6
1381123.AYOD01000013_gene2175,AYOD01000013_gene2175,annotation&nbsp;not&nbsp;available,84.6
1381123.AYOD01000044_gene1790,AYOD01000044_gene1790,annotation&nbsp;not&nbsp;available,84.5
1381123.AYOD01000035_gene3723,AYOD01000035_gene3723,annotation&nbsp;not&nbsp;available,84.4
1381123.AYOD01000011_gene2929,AYOD01000011_gene2929,annotation&nbsp;not&nbsp;available,84.4
1381123.AYOD01000021_gene1929,AYOD01000021_gene1929,annotation&nbsp;not&nbsp;available,84.4
1381123.AYOD01000015_gene2415,AYOD01000015_gene2415,annotation&nbsp;not&nbsp;available,84.4
1381123.AYOD01000038_gene478,AYOD01000038_gene478,annotation&nbsp;not&nbsp;available,84.3
1381123.AYOD01000047_gene247,AYOD01000047_gene247,annotation&nbsp;not&nbsp;available,84.3
1381123.AYOD01000015_gene2430,AYOD01000015_gene2430,annotation&nbsp;not&nbsp;available,84.2
1381123.AYOD01000001_gene842,AYOD01000001_gene842,annotation&nbsp;not&nbsp;available,84.2
1381123.AYOD01000044_gene1834,AYOD01000044_gene1834,annotation&nbsp;not&nbsp;available,84.2
1381123.AYOD01000001_gene1085,AYOD01000001_gene1085,annotation&nbsp;not&nbsp;available,84.2
1381123.AYOD01000005_gene1311,AYOD01000005_gene1311,annotation&nbsp;not&nbsp;available,84.1
1381123.AYOD01000001_gene919,AYOD01000001_gene919,annotation&nbsp;not&nbsp;available,84.1
1381123.AYOD01000015_gene2555,AYOD01000015_gene2555,annotation&nbsp;not&nbsp;available,84.1
1381123.AYOD01000008_gene3172,AYOD01000008_gene3172,annotation&nbsp;not&nbsp;available,84.0
1381123.AYOD01000002_gene595,AYOD01000002_gene595,annotation&nbsp;not&nbsp;available,84.0
1381123.AYOD01000016_gene2675,AYOD01000016_gene2675,annotation&nbsp;not&nbsp;available,84.0
1381123.AYOD01000001_gene859,AYOD01000001_gene859,annotation&nbsp;not&nbsp;available,84.0
1381123.AYOD01000002_gene615,AYOD01000002_gene615,annotation&nbsp;not&nbsp;available,83.9
1381123.AYOD01000054_gene422,AYOD01000054_gene422,annotation&nbsp;not&nbsp;available,83.9
1381123.AYOD01000011_gene2861,AYOD01000011_gene2861,annotation&nbsp;not&nbsp;available,83.9
1381123.AYOD01000035_gene3643,AYOD01000035_gene3643,annotation&nbsp;not&nbsp;available,83.8
1381123.AYOD01000021_gene2056,AYOD01000021_gene2056,annotation&nbsp;not&nbsp;available,83.7
1381123.AYOD01000001_gene1116,AYOD01000001_gene1116,annotation&nbsp;not&nbsp;available,83.7
1381123.AYOD01000035_gene3608,AYOD01000035_gene3608,annotation&nbsp;not&nbsp;available,83.6
1381123.AYOD01000005_gene1361,AYOD01000005_gene1361,annotation&nbsp;not&nbsp;available,83.5
1381123.AYOD01000008_gene3226,AYOD01000008_gene3226,annotation&nbsp;not&nbsp;available,83.5
1381123.AYOD01000042_gene2091,AYOD01000042_gene2091,annotation&nbsp;not&nbsp;available,83.5
1381123.AYOD01000028_gene376,AYOD01000028_gene376,annotation&nbsp;not&nbsp;available,83.5
1381123.AYOD01000069_gene170,AYOD01000069_gene170,annotation&nbsp;not&nbsp;available,83.5
1381123.AYOD01000003_gene1864,AYOD01000003_gene1864,annotation&nbsp;not&nbsp;available,83.5
1381123.AYOD01000043_gene1454,AYOD01000043_gene1454,annotation&nbsp;not&nbsp;available,83.5
1381123.AYOD01000002_gene589,AYOD01000002_gene589,annotation&nbsp;not&nbsp;available,83.5
1381123.AYOD01000010_gene294,AYOD01000010_gene294,annotation&nbsp;not&nbsp;available,83.5
1381123.AYOD01000033_gene3807,AYOD01000033_gene3807,annotation&nbsp;not&nbsp;available,83.4
1381123.AYOD01000035_gene3614,AYOD01000035_gene3614,annotation&nbsp;not&nbsp;available,83.4
1381123.AYOD01000011_gene2871,AYOD01000011_gene2871,annotation&nbsp;not&nbsp;available,83.4
1381123.AYOD01000026_gene1495,AYOD01000026_gene1495,annotation&nbsp;not&nbsp;available,83.3
1381123.AYOD01000021_gene1939,AYOD01000021_gene1939,annotation&nbsp;not&nbsp;available,83.3
1381123.AYOD01000005_gene1218,AYOD01000005_gene1218,annotation&nbsp;not&nbsp;available,83.3
1381123.AYOD01000010_gene306,AYOD01000010_gene306,annotation&nbsp;not&nbsp;available,83.3
1381123.AYOD01000035_gene3626,AYOD01000035_gene3626,annotation&nbsp;not&nbsp;available,83.3
1381123.AYOD01000001_gene830,AYOD01000001_gene830,annotation&nbsp;not&nbsp;available,83.3
1381123.AYOD01000008_gene3198,AYOD01000008_gene3198,annotation&nbsp;not&nbsp;available,83.2
1381123.AYOD01000012_gene3001,AYOD01000012_gene3001,annotation&nbsp;not&nbsp;available,83.2
1381123.AYOD01000066_gene1605,AYOD01000066_gene1605,annotation&nbsp;not&nbsp;available,83.2
1381123.AYOD01000029_gene3058,AYOD01000029_gene3058,annotation&nbsp;not&nbsp;available,83.2
1381123.AYOD01000052_gene137,AYOD01000052_gene137,annotation&nbsp;not&nbsp;available,83.1
1381123.AYOD01000066_gene1578,AYOD01000066_gene1578,annotation&nbsp;not&nbsp;available,83.1
1381123.AYOD01000010_gene297,AYOD01000010_gene297,annotation&nbsp;not&nbsp;available,83.0
1381123.AYOD01000050_gene81,AYOD01000050_gene81,annotation&nbsp;not&nbsp;available,83.0
1381123.AYOD01000035_gene3396,AYOD01000035_gene3396,annotation&nbsp;not&nbsp;available,83.0
1381123.AYOD01000044_gene1812,AYOD01000044_gene1812,annotation&nbsp;not&nbsp;available,82.9
1381123.AYOD01000049_gene19,AYOD01000049_gene19,annotation&nbsp;not&nbsp;available,82.8
1381123.AYOD01000015_gene2403,AYOD01000015_gene2403,annotation&nbsp;not&nbsp;available,82.8
1381123.AYOD01000028_gene388,AYOD01000028_gene388,annotation&nbsp;not&nbsp;available,82.7
1381123.AYOD01000049_gene24,AYOD01000049_gene24,annotation&nbsp;not&nbsp;available,82.6
1381123.AYOD01000035_gene3725,AYOD01000035_gene3725,annotation&nbsp;not&nbsp;available,82.6
1381123.AYOD01000052_gene139,AYOD01000052_gene139,annotation&nbsp;not&nbsp;available,82.6
1381123.AYOD01000001_gene955,AYOD01000001_gene955,annotation&nbsp;not&nbsp;available,82.6
1381123.AYOD01000008_gene3306,AYOD01000008_gene3306,annotation&nbsp;not&nbsp;available,82.6
1381123.AYOD01000015_gene2455,AYOD01000015_gene2455,annotation&nbsp;not&nbsp;available,82.5
1381123.AYOD01000024_gene1455,AYOD01000024_gene1455,annotation&nbsp;not&nbsp;available,82.5
1381123.AYOD01000015_gene2435,AYOD01000015_gene2435,annotation&nbsp;not&nbsp;available,82.5
1381123.AYOD01000008_gene3278,AYOD01000008_gene3278,annotation&nbsp;not&nbsp;available,82.3
1381123.AYOD01000013_gene2202,AYOD01000013_gene2202,annotation&nbsp;not&nbsp;available,82.3
1381123.AYOD01000001_gene990,AYOD01000001_gene990,annotation&nbsp;not&nbsp;available,82.3
1381123.AYOD01000008_gene3330,AYOD01000008_gene3330,annotation&nbsp;not&nbsp;available,82.3
1381123.AYOD01000015_gene2497,AYOD01000015_gene2497,annotation&nbsp;not&nbsp;available,82.3
1381123.AYOD01000054_gene404,AYOD01000054_gene404,annotation&nbsp;not&nbsp;available,82.2
1381123.AYOD01000018_gene1384,AYOD01000018_gene1384,annotation&nbsp;not&nbsp;available,82.2
1381123.AYOD01000044_gene1766,AYOD01000044_gene1766,annotation&nbsp;not&nbsp;available,82.2
1381123.AYOD01000007_gene532,AYOD01000007_gene532,annotation&nbsp;not&nbsp;available,82.1
1381123.AYOD01000001_gene1131,AYOD01000001_gene1131,annotation&nbsp;not&nbsp;available,82.1
1381123.AYOD01000015_gene2543,AYOD01000015_gene2543,annotation&nbsp;not&nbsp;available,82.0
1381123.AYOD01000028_gene380,AYOD01000028_gene380,annotation&nbsp;not&nbsp;available,82.0
1381123.AYOD01000014_gene2283,AYOD01000014_gene2283,annotation&nbsp;not&nbsp;available,81.9
1381123.AYOD01000015_gene2392,AYOD01000015_gene2392,annotation&nbsp;not&nbsp;available,81.9
1381123.AYOD01000042_gene2103,AYOD01000042_gene2103,annotation&nbsp;not&nbsp;available,81.9
1381123.AYOD01000015_gene2558,AYOD01000015_gene2558,annotation&nbsp;not&nbsp;available,81.9
1381123.AYOD01000008_gene3129,AYOD01000008_gene3129,annotation&nbsp;not&nbsp;available,81.9
1381123.AYOD01000008_gene3252,AYOD01000008_gene3252,annotation&nbsp;not&nbsp;available,81.9
1381123.AYOD01000001_gene1023,AYOD01000001_gene1023,annotation&nbsp;not&nbsp;available,81.8
1381123.AYOD01000055_gene508,AYOD01000055_gene508,annotation&nbsp;not&nbsp;available,81.8
1381123.AYOD01000013_gene2205,AYOD01000013_gene2205,annotation&nbsp;not&nbsp;available,81.8
1381123.AYOD01000002_gene605,AYOD01000002_gene605,annotation&nbsp;not&nbsp;available,81.8
1381123.AYOD01000015_gene2381,AYOD01000015_gene2381,annotation&nbsp;not&nbsp;available,81.7
1381123.AYOD01000044_gene1744,AYOD01000044_gene1744,annotation&nbsp;not&nbsp;available,81.7
1381123.AYOD01000013_gene2189,AYOD01000013_gene2189,annotation&nbsp;not&nbsp;available,81.7
1381123.AYOD01000001_gene797,AYOD01000001_gene797,annotation&nbsp;not&nbsp;available,81.7
1381123.AYOD01000035_gene3509,AYOD01000035_gene3509,annotation&nbsp;not&nbsp;available,81.6
1381123.AYOD01000005_gene1333,AYOD01000005_gene1333,annotation&nbsp;not&nbsp;available,81.6
1381123.AYOD01000035_gene3354,AYOD01000035_gene3354,annotation&nbsp;not&nbsp;available,81.6
1381123.AYOD01000009_gene2777,AYOD01000009_gene2777,annotation&nbsp;not&nbsp;available,81.5
1381123.AYOD01000008_gene3302,AYOD01000008_gene3302,annotation&nbsp;not&nbsp;available,81.5
1381123.AYOD01000015_gene2607,AYOD01000015_gene2607,annotation&nbsp;not&nbsp;available,81.4
1381123.AYOD01000013_gene2210,AYOD01000013_gene2210,annotation&nbsp;not&nbsp;available,81.3
1381123.AYOD01000011_gene2876,AYOD01000011_gene2876,annotation&nbsp;not&nbsp;available,81.3
1381123.AYOD01000030_gene497,AYOD01000030_gene497,annotation&nbsp;not&nbsp;available,81.3
1381123.AYOD01000015_gene2423,AYOD01000015_gene2423,annotation&nbsp;not&nbsp;available,81.2
1381123.AYOD01000043_gene1453,AYOD01000043_gene1453,annotation&nbsp;not&nbsp;available,81.2
1381123.AYOD01000035_gene3582,AYOD01000035_gene3582,annotation&nbsp;not&nbsp;available,81.2
1381123.AYOD01000002_gene701,AYOD01000002_gene701,annotation&nbsp;not&nbsp;available,81.2
1381123.AYOD01000002_gene574,AYOD01000002_gene574,annotation&nbsp;not&nbsp;available,81.1
1381123.AYOD01000029_gene3064,AYOD01000029_gene3064,annotation&nbsp;not&nbsp;available,81.1
1381123.AYOD01000060_gene1653,AYOD01000060_gene1653,annotation&nbsp;not&nbsp;available,81.1
1381123.AYOD01000058_gene1698,AYOD01000058_gene1698,annotation&nbsp;not&nbsp;available,81.1
1381123.AYOD01000001_gene867,AYOD01000001_gene867,annotation&nbsp;not&nbsp;available,81.0
1381123.AYOD01000002_gene598,AYOD01000002_gene598,annotation&nbsp;not&nbsp;available,81.0
1381123.AYOD01000035_gene3432,AYOD01000035_gene3432,annotation&nbsp;not&nbsp;available,81.0
1381123.AYOD01000009_gene2780,AYOD01000009_gene2780,annotation&nbsp;not&nbsp;available,81.0
1381123.AYOD01000011_gene2815,AYOD01000011_gene2815,annotation&nbsp;not&nbsp;available,81.0
1381123.AYOD01000060_gene1640,AYOD01000060_gene1640,annotation&nbsp;not&nbsp;available,80.9
1381123.AYOD01000035_gene3675,AYOD01000035_gene3675,annotation&nbsp;not&nbsp;available,80.9
1381123.AYOD01000001_gene957,AYOD01000001_gene957,annotation&nbsp;not&nbsp;available,80.9
1381123.AYOD01000035_gene3501,AYOD01000035_gene3501,annotation&nbsp;not&nbsp;available,80.8
1381123.AYOD01000012_gene3027,AYOD01000012_gene3027,annotation&nbsp;not&nbsp;available,80.8
1381123.AYOD01000011_gene2918,AYOD01000011_gene2918,annotation&nbsp;not&nbsp;available,80.8
1381123.AYOD01000015_gene2413,AYOD01000015_gene2413,annotation&nbsp;not&nbsp;available,80.7
1381123.AYOD01000013_gene2157,AYOD01000013_gene2157,annotation&nbsp;not&nbsp;available,80.7
1381123.AYOD01000042_gene2121,AYOD01000042_gene2121,annotation&nbsp;not&nbsp;available,80.7
1381123.AYOD01000001_gene834,AYOD01000001_gene834,annotation&nbsp;not&nbsp;available,80.7
1381123.AYOD01000011_gene2995,AYOD01000011_gene2995,annotation&nbsp;not&nbsp;available,80.7
1381123.AYOD01000014_gene2269,AYOD01000014_gene2269,annotation&nbsp;not&nbsp;available,80.7
1381123.AYOD01000015_gene2573,AYOD01000015_gene2573,annotation&nbsp;not&nbsp;available,80.6
1381123.AYOD01000001_gene978,AYOD01000001_gene978,annotation&nbsp;not&nbsp;available,80.5
1381123.AYOD01000047_gene244,AYOD01000047_gene244,annotation&nbsp;not&nbsp;available,80.5
1381123.AYOD01000054_gene427,AYOD01000054_gene427,annotation&nbsp;not&nbsp;available,80.4
1381123.AYOD01000021_gene2057,AYOD01000021_gene2057,annotation&nbsp;not&nbsp;available,80.4
1381123.AYOD01000048_gene270,AYOD01000048_gene270,annotation&nbsp;not&nbsp;available,80.3
1381123.AYOD01000001_gene1126,AYOD01000001_gene1126,annotation&nbsp;not&nbsp;available,80.3
1381123.AYOD01000035_gene3645,AYOD01000035_gene3645,annotation&nbsp;not&nbsp;available,80.3
1381123.AYOD01000001_gene723,AYOD01000001_gene723,annotation&nbsp;not&nbsp;available,80.2
1381123.AYOD01000050_gene82,AYOD01000050_gene82,annotation&nbsp;not&nbsp;available,80.2
1381123.AYOD01000064_gene1537,AYOD01000064_gene1537,annotation&nbsp;not&nbsp;available,80.2
1381123.AYOD01000001_gene794,AYOD01000001_gene794,annotation&nbsp;not&nbsp;available,80.1
1381123.AYOD01000015_gene2554,AYOD01000015_gene2554,annotation&nbsp;not&nbsp;available,80.1
1381123.AYOD01000008_gene3220,AYOD01000008_gene3220,annotation&nbsp;not&nbsp;available,80.1
1381123.AYOD01000001_gene862,AYOD01000001_gene862,annotation&nbsp;not&nbsp;available,80.1
1381123.AYOD01000029_gene3056,AYOD01000029_gene3056,annotation&nbsp;not&nbsp;available,80.1
1381123.AYOD01000049_gene28,AYOD01000049_gene28,annotation&nbsp;not&nbsp;available,80.1
1381123.AYOD01000016_gene2719,AYOD01000016_gene2719,annotation&nbsp;not&nbsp;available,80.0
1381123.AYOD01000047_gene248,AYOD01000047_gene248,annotation&nbsp;not&nbsp;available,80.0
1381123.AYOD01000008_gene3291,AYOD01000008_gene3291,annotation&nbsp;not&nbsp;available,80.0
1381123.AYOD01000015_gene2531,AYOD01000015_gene2531,annotation&nbsp;not&nbsp;available,79.9
1381123.AYOD01000028_gene375,AYOD01000028_gene375,annotation&nbsp;not&nbsp;available,79.9
1381123.AYOD01000011_gene2971,AYOD01000011_gene2971,annotation&nbsp;not&nbsp;available,79.8
1381123.AYOD01000052_gene123,AYOD01000052_gene123,annotation&nbsp;not&nbsp;available,79.8
1381123.AYOD01000002_gene576,AYOD01000002_gene576,annotation&nbsp;not&nbsp;available,79.7
1381123.AYOD01000001_gene735,AYOD01000001_gene735,annotation&nbsp;not&nbsp;available,79.7
1381123.AYOD01000015_gene2536,AYOD01000015_gene2536,annotation&nbsp;not&nbsp;available,79.7
1381123.AYOD01000046_gene1413,AYOD01000046_gene1413,annotation&nbsp;not&nbsp;available,79.7
1381123.AYOD01000003_gene1850,AYOD01000003_gene1850,annotation&nbsp;not&nbsp;available,79.6
1381123.AYOD01000006_gene1172,AYOD01000006_gene1172,annotation&nbsp;not&nbsp;available,79.6
1381123.AYOD01000004_gene1709,AYOD01000004_gene1709,annotation&nbsp;not&nbsp;available,79.6
1381123.AYOD01000031_gene3035,AYOD01000031_gene3035,annotation&nbsp;not&nbsp;available,79.6
1381123.AYOD01000010_gene303,AYOD01000010_gene303,annotation&nbsp;not&nbsp;available,79.6
1381123.AYOD01000035_gene3353,AYOD01000035_gene3353,annotation&nbsp;not&nbsp;available,79.5
1381123.AYOD01000011_gene2862,AYOD01000011_gene2862,annotation&nbsp;not&nbsp;available,79.5
1381123.AYOD01000015_gene2499,AYOD01000015_gene2499,annotation&nbsp;not&nbsp;available,79.4
1381123.AYOD01000048_gene264,AYOD01000048_gene264,annotation&nbsp;not&nbsp;available,79.4
1381123.AYOD01000052_gene116,AYOD01000052_gene116,annotation&nbsp;not&nbsp;available,79.4
1381123.AYOD01000002_gene549,AYOD01000002_gene549,annotation&nbsp;not&nbsp;available,79.3
1381123.AYOD01000006_gene1182,AYOD01000006_gene1182,annotation&nbsp;not&nbsp;available,79.2
1381123.AYOD01000015_gene2409,AYOD01000015_gene2409,annotation&nbsp;not&nbsp;available,79.2
1381123.AYOD01000023_gene1476,AYOD01000023_gene1476,annotation&nbsp;not&nbsp;available,79.2
1381123.AYOD01000021_gene2060,AYOD01000021_gene2060,annotation&nbsp;not&nbsp;available,79.2
1381123.AYOD01000002_gene657,AYOD01000002_gene657,annotation&nbsp;not&nbsp;available,79.2
1381123.AYOD01000060_gene1619,AYOD01000060_gene1619,annotation&nbsp;not&nbsp;available,79.2
1381123.AYOD01000001_gene1130,AYOD01000001_gene1130,annotation&nbsp;not&nbsp;available,79.2
1381123.AYOD01000068_gene208,AYOD01000068_gene208,annotation&nbsp;not&nbsp;available,79.1
1381123.AYOD01000005_gene1332,AYOD01000005_gene1332,annotation&nbsp;not&nbsp;available,79.1
1381123.AYOD01000029_gene3080,AYOD01000029_gene3080,annotation&nbsp;not&nbsp;available,78.9
1381123.AYOD01000008_gene3235,AYOD01000008_gene3235,annotation&nbsp;not&nbsp;available,78.9
1381123.AYOD01000035_gene3365,AYOD01000035_gene3365,annotation&nbsp;not&nbsp;available,78.9
1381123.AYOD01000035_gene3665,AYOD01000035_gene3665,annotation&nbsp;not&nbsp;available,78.9
1381123.AYOD01000014_gene2282,AYOD01000014_gene2282,annotation&nbsp;not&nbsp;available,78.9
1381123.AYOD01000034_gene3817,AYOD01000034_gene3817,annotation&nbsp;not&nbsp;available,78.8
1381123.AYOD01000060_gene1617,AYOD01000060_gene1617,annotation&nbsp;not&nbsp;available,78.6
1381123.AYOD01000007_gene539,AYOD01000007_gene539,annotation&nbsp;not&nbsp;available,78.6
1381123.AYOD01000041_gene2152,AYOD01000041_gene2152,annotation&nbsp;not&nbsp;available,78.6
1381123.AYOD01000011_gene2956,AYOD01000011_gene2956,annotation&nbsp;not&nbsp;available,78.6
1381123.AYOD01000026_gene1479,AYOD01000026_gene1479,annotation&nbsp;not&nbsp;available,78.6
1381123.AYOD01000035_gene3397,AYOD01000035_gene3397,annotation&nbsp;not&nbsp;available,78.5
1381123.AYOD01000062_gene1671,AYOD01000062_gene1671,annotation&nbsp;not&nbsp;available,78.5
1381123.AYOD01000012_gene3008,AYOD01000012_gene3008,annotation&nbsp;not&nbsp;available,78.5
1381123.AYOD01000003_gene1899,AYOD01000003_gene1899,annotation&nbsp;not&nbsp;available,78.5
1381123.AYOD01000001_gene856,AYOD01000001_gene856,annotation&nbsp;not&nbsp;available,78.5
1381123.AYOD01000001_gene768,AYOD01000001_gene768,annotation&nbsp;not&nbsp;available,78.4
1381123.AYOD01000001_gene1057,AYOD01000001_gene1057,annotation&nbsp;not&nbsp;available,78.4
1381123.AYOD01000014_gene2288,AYOD01000014_gene2288,annotation&nbsp;not&nbsp;available,78.3
1381123.AYOD01000064_gene1538,AYOD01000064_gene1538,annotation&nbsp;not&nbsp;available,78.3
1381123.AYOD01000014_gene2299,AYOD01000014_gene2299,annotation&nbsp;not&nbsp;available,78.3
1381123.AYOD01000060_gene1627,AYOD01000060_gene1627,annotation&nbsp;not&nbsp;available,78.3
1381123.AYOD01000035_gene3541,AYOD01000035_gene3541,annotation&nbsp;not&nbsp;available,78.3
1381123.AYOD01000035_gene3334,AYOD01000035_gene3334,annotation&nbsp;not&nbsp;available,78.3
1381123.AYOD01000002_gene627,AYOD01000002_gene627,annotation&nbsp;not&nbsp;available,78.2
1381123.AYOD01000035_gene3426,AYOD01000035_gene3426,annotation&nbsp;not&nbsp;available,78.2
1381123.AYOD01000066_gene1606,AYOD01000066_gene1606,annotation&nbsp;not&nbsp;available,78.2
1381123.AYOD01000002_gene618,AYOD01000002_gene618,annotation&nbsp;not&nbsp;available,78.2
1381123.AYOD01000001_gene808,AYOD01000001_gene808,annotation&nbsp;not&nbsp;available,78.2
1381123.AYOD01000028_gene381,AYOD01000028_gene381,annotation&nbsp;not&nbsp;available,78.2
1381123.AYOD01000008_gene3250,AYOD01000008_gene3250,annotation&nbsp;not&nbsp;available,78.1
1381123.AYOD01000008_gene3301,AYOD01000008_gene3301,annotation&nbsp;not&nbsp;available,78.1
1381123.AYOD01000006_gene1134,AYOD01000006_gene1134,annotation&nbsp;not&nbsp;available,78.1
1381123.AYOD01000003_gene1861,AYOD01000003_gene1861,annotation&nbsp;not&nbsp;available,78.1
1381123.AYOD01000026_gene1500,AYOD01000026_gene1500,annotation&nbsp;not&nbsp;available,78.1
1381123.AYOD01000002_gene667,AYOD01000002_gene667,annotation&nbsp;not&nbsp;available,78.0
1381123.AYOD01000001_gene967,AYOD01000001_gene967,annotation&nbsp;not&nbsp;available,78.0
1381123.AYOD01000001_gene931,AYOD01000001_gene931,annotation&nbsp;not&nbsp;available,78.0
1381123.AYOD01000015_gene2436,AYOD01000015_gene2436,annotation&nbsp;not&nbsp;available,77.8
1381123.AYOD01000001_gene989,AYOD01000001_gene989,annotation&nbsp;not&nbsp;available,77.7
1381123.AYOD01000048_gene271,AYOD01000048_gene271,annotation&nbsp;not&nbsp;available,77.7
1381123.AYOD01000005_gene1360,AYOD01000005_gene1360,annotation&nbsp;not&nbsp;available,77.7
1381123.AYOD01000053_gene142,AYOD01000053_gene142,annotation&nbsp;not&nbsp;available,77.7
1381123.AYOD01000011_gene2813,AYOD01000011_gene2813,annotation&nbsp;not&nbsp;available,77.7
1381123.AYOD01000005_gene1326,AYOD01000005_gene1326,annotation&nbsp;not&nbsp;available,77.6
1381123.AYOD01000068_gene207,AYOD01000068_gene207,annotation&nbsp;not&nbsp;available,77.6
1381123.AYOD01000002_gene660,AYOD01000002_gene660,annotation&nbsp;not&nbsp;available,77.6
1381123.AYOD01000005_gene1345,AYOD01000005_gene1345,annotation&nbsp;not&nbsp;available,77.5
1381123.AYOD01000064_gene1545,AYOD01000064_gene1545,annotation&nbsp;not&nbsp;available,77.5
1381123.AYOD01000013_gene2209,AYOD01000013_gene2209,annotation&nbsp;not&nbsp;available,77.4
1381123.AYOD01000010_gene298,AYOD01000010_gene298,annotation&nbsp;not&nbsp;available,77.4
1381123.AYOD01000016_gene2645,AYOD01000016_gene2645,annotation&nbsp;not&nbsp;available,77.4
1381123.AYOD01000038_gene469,AYOD01000038_gene469,annotation&nbsp;not&nbsp;available,77.4
1381123.AYOD01000060_gene1646,AYOD01000060_gene1646,annotation&nbsp;not&nbsp;available,77.3
1381123.AYOD01000005_gene1325,AYOD01000005_gene1325,annotation&nbsp;not&nbsp;available,77.3
1381123.AYOD01000008_gene3283,AYOD01000008_gene3283,annotation&nbsp;not&nbsp;available,77.3
1381123.AYOD01000015_gene2401,AYOD01000015_gene2401,annotation&nbsp;not&nbsp;available,77.2
1381123.AYOD01000015_gene2476,AYOD01000015_gene2476,annotation&nbsp;not&nbsp;available,77.2
1381123.AYOD01000015_gene2591,AYOD01000015_gene2591,annotation&nbsp;not&nbsp;available,77.2
1381123.AYOD01000035_gene3630,AYOD01000035_gene3630,annotation&nbsp;not&nbsp;available,77.2
1381123.AYOD01000013_gene2192,AYOD01000013_gene2192,annotation&nbsp;not&nbsp;available,77.2
1381123.AYOD01000014_gene2289,AYOD01000014_gene2289,annotation&nbsp;not&nbsp;available,77.1
1381123.AYOD01000051_gene88,AYOD01000051_gene88,annotation&nbsp;not&nbsp;available,77.1
1381123.AYOD01000035_gene3607,AYOD01000035_gene3607,annotation&nbsp;not&nbsp;available,77.1
1381123.AYOD01000015_gene2370,AYOD01000015_gene2370,annotation&nbsp;not&nbsp;available,77.0
1381123.AYOD01000035_gene3423,AYOD01000035_gene3423,annotation&nbsp;not&nbsp;available,77.0
1381123.AYOD01000054_gene448,AYOD01000054_gene448,annotation&nbsp;not&nbsp;available,77.0
1381123.AYOD01000001_gene791,AYOD01000001_gene791,annotation&nbsp;not&nbsp;available,77.0
1381123.AYOD01000005_gene1214,AYOD01000005_gene1214,annotation&nbsp;not&nbsp;available,77.0
1381123.AYOD01000015_gene2396,AYOD01000015_gene2396,annotation&nbsp;not&nbsp;available,76.9
1381123.AYOD01000011_gene2917,AYOD01000011_gene2917,annotation&nbsp;not&nbsp;available,76.9
1381123.AYOD01000008_gene3156,AYOD01000008_gene3156,annotation&nbsp;not&nbsp;available,76.9
1381123.AYOD01000002_gene705,AYOD01000002_gene705,annotation&nbsp;not&nbsp;available,76.9
1381123.AYOD01000008_gene3275,AYOD01000008_gene3275,annotation&nbsp;not&nbsp;available,76.8
1381123.AYOD01000022_gene1431,AYOD01000022_gene1431,annotation&nbsp;not&nbsp;available,76.8
1381123.AYOD01000011_gene2844,AYOD01000011_gene2844,annotation&nbsp;not&nbsp;available,76.8
1381123.AYOD01000062_gene1679,AYOD01000062_gene1679,annotation&nbsp;not&nbsp;available,76.8
1381123.AYOD01000042_gene2082,AYOD01000042_gene2082,annotation&nbsp;not&nbsp;available,76.6
1381123.AYOD01000042_gene2143,AYOD01000042_gene2143,annotation&nbsp;not&nbsp;available,76.6
1381123.AYOD01000037_gene520,AYOD01000037_gene520,annotation&nbsp;not&nbsp;available,76.6
1381123.AYOD01000052_gene129,AYOD01000052_gene129,annotation&nbsp;not&nbsp;available,76.5
1381123.AYOD01000005_gene1365,AYOD01000005_gene1365,annotation&nbsp;not&nbsp;available,76.3
1381123.AYOD01000016_gene2689,AYOD01000016_gene2689,annotation&nbsp;not&nbsp;available,76.3
1381123.AYOD01000026_gene1494,AYOD01000026_gene1494,annotation&nbsp;not&nbsp;available,76.3
1381123.AYOD01000005_gene1371,AYOD01000005_gene1371,annotation&nbsp;not&nbsp;available,76.2
1381123.AYOD01000010_gene324,AYOD01000010_gene324,annotation&nbsp;not&nbsp;available,76.2
1381123.AYOD01000003_gene1914,AYOD01000003_gene1914,annotation&nbsp;not&nbsp;available,76.2
1381123.AYOD01000043_gene1449,AYOD01000043_gene1449,annotation&nbsp;not&nbsp;available,76.2
1381123.AYOD01000035_gene3340,AYOD01000035_gene3340,annotation&nbsp;not&nbsp;available,76.2
1381123.AYOD01000001_gene907,AYOD01000001_gene907,annotation&nbsp;not&nbsp;available,76.2
1381123.AYOD01000015_gene2588,AYOD01000015_gene2588,annotation&nbsp;not&nbsp;available,76.1
1381123.AYOD01000011_gene2908,AYOD01000011_gene2908,annotation&nbsp;not&nbsp;available,76.1
1381123.AYOD01000001_gene796,AYOD01000001_gene796,annotation&nbsp;not&nbsp;available,76.0
1381123.AYOD01000050_gene61,AYOD01000050_gene61,annotation&nbsp;not&nbsp;available,76.0
1381123.AYOD01000001_gene828,AYOD01000001_gene828,annotation&nbsp;not&nbsp;available,76.0
1381123.AYOD01000035_gene3695,AYOD01000035_gene3695,annotation&nbsp;not&nbsp;available,76.0
1381123.AYOD01000068_gene215,AYOD01000068_gene215,annotation&nbsp;not&nbsp;available,75.9
1381123.AYOD01000015_gene2404,AYOD01000015_gene2404,annotation&nbsp;not&nbsp;available,75.9
1381123.AYOD01000004_gene1711,AYOD01000004_gene1711,annotation&nbsp;not&nbsp;available,75.8
1381123.AYOD01000005_gene1358,AYOD01000005_gene1358,annotation&nbsp;not&nbsp;available,75.7
1381123.AYOD01000064_gene1539,AYOD01000064_gene1539,annotation&nbsp;not&nbsp;available,75.7
1381123.AYOD01000015_gene2563,AYOD01000015_gene2563,annotation&nbsp;not&nbsp;available,75.6
1381123.AYOD01000035_gene3405,AYOD01000035_gene3405,annotation&nbsp;not&nbsp;available,75.6
1381123.AYOD01000001_gene915,AYOD01000001_gene915,annotation&nbsp;not&nbsp;available,75.6
1381123.AYOD01000026_gene1504,AYOD01000026_gene1504,annotation&nbsp;not&nbsp;available,75.6
1381123.AYOD01000001_gene846,AYOD01000001_gene846,annotation&nbsp;not&nbsp;available,75.6
1381123.AYOD01000002_gene707,AYOD01000002_gene707,annotation&nbsp;not&nbsp;available,75.6
1381123.AYOD01000064_gene1548,AYOD01000064_gene1548,annotation&nbsp;not&nbsp;available,75.5
1381123.AYOD01000011_gene2841,AYOD01000011_gene2841,annotation&nbsp;not&nbsp;available,75.5
1381123.AYOD01000035_gene3589,AYOD01000035_gene3589,annotation&nbsp;not&nbsp;available,75.5
1381123.AYOD01000013_gene2221,AYOD01000013_gene2221,annotation&nbsp;not&nbsp;available,75.4
1381123.AYOD01000045_gene1730,AYOD01000045_gene1730,annotation&nbsp;not&nbsp;available,75.4
1381123.AYOD01000054_gene443,AYOD01000054_gene443,annotation&nbsp;not&nbsp;available,75.3
1381123.AYOD01000011_gene2948,AYOD01000011_gene2948,annotation&nbsp;not&nbsp;available,75.3
1381123.AYOD01000011_gene2827,AYOD01000011_gene2827,annotation&nbsp;not&nbsp;available,75.3
1381123.AYOD01000037_gene518,AYOD01000037_gene518,annotation&nbsp;not&nbsp;available,75.3
1381123.AYOD01000011_gene2878,AYOD01000011_gene2878,annotation&nbsp;not&nbsp;available,75.3
1381123.AYOD01000002_gene665,AYOD01000002_gene665,annotation&nbsp;not&nbsp;available,75.2
1381123.AYOD01000003_gene1919,AYOD01000003_gene1919,annotation&nbsp;not&nbsp;available,75.2
1381123.AYOD01000015_gene2585,AYOD01000015_gene2585,annotation&nbsp;not&nbsp;available,75.2
1381123.AYOD01000001_gene712,AYOD01000001_gene712,annotation&nbsp;not&nbsp;available,75.2
1381123.AYOD01000049_gene13,AYOD01000049_gene13,annotation&nbsp;not&nbsp;available,75.1
1381123.AYOD01000013_gene2224,AYOD01000013_gene2224,annotation&nbsp;not&nbsp;available,75.1
1381123.AYOD01000036_gene3780,AYOD01000036_gene3780,annotation&nbsp;not&nbsp;available,75.1
1381123.AYOD01000005_gene1352,AYOD01000005_gene1352,annotation&nbsp;not&nbsp;available,75.1
1381123.AYOD01000035_gene3569,AYOD01000035_gene3569,annotation&nbsp;not&nbsp;available,75.0
1381123.AYOD01000029_gene3059,AYOD01000029_gene3059,annotation&nbsp;not&nbsp;available,75.0
1381123.AYOD01000015_gene2597,AYOD01000015_gene2597,annotation&nbsp;not&nbsp;available,75.0
1381123.AYOD01000007_gene531,AYOD01000007_gene531,annotation&nbsp;not&nbsp;available,74.9
1381123.AYOD01000001_gene985,AYOD01000001_gene985,annotation&nbsp;not&nbsp;available,74.9
1381123.AYOD01000056_gene182,AYOD01000056_gene182,annotation&nbsp;not&nbsp;available,74.9
1381123.AYOD01000020_gene1720,AYOD01000020_gene1720,annotation&nbsp;not&nbsp;available,74.8
1381123.AYOD01000013_gene2173,AYOD01000013_gene2173,annotation&nbsp;not&nbsp;available,74.8
1381123.AYOD01000029_gene3099,AYOD01000029_gene3099,annotation&nbsp;not&nbsp;available,74.8
1381123.AYOD01000048_gene259,AYOD01000048_gene259,annotation&nbsp;not&nbsp;available,74.8
1381123.AYOD01000054_gene416,AYOD01000054_gene416,annotation&nbsp;not&nbsp;available,74.8
1381123.AYOD01000026_gene1497,AYOD01000026_gene1497,annotation&nbsp;not&nbsp;available,74.7
1381123.AYOD01000044_gene1746,AYOD01000044_gene1746,annotation&nbsp;not&nbsp;available,74.7
1381123.AYOD01000035_gene3733,AYOD01000035_gene3733,annotation&nbsp;not&nbsp;available,74.7
1381123.AYOD01000003_gene1894,AYOD01000003_gene1894,annotation&nbsp;not&nbsp;available,74.6
1381123.AYOD01000014_gene2330,AYOD01000014_gene2330,annotation&nbsp;not&nbsp;available,74.6
1381123.AYOD01000028_gene382,AYOD01000028_gene382,annotation&nbsp;not&nbsp;available,74.5
1381123.AYOD01000059_gene1660,AYOD01000059_gene1660,annotation&nbsp;not&nbsp;available,74.5
1381123.AYOD01000002_gene676,AYOD01000002_gene676,annotation&nbsp;not&nbsp;available,74.4
1381123.AYOD01000008_gene3297,AYOD01000008_gene3297,annotation&nbsp;not&nbsp;available,74.2
1381123.AYOD01000001_gene1016,AYOD01000001_gene1016,annotation&nbsp;not&nbsp;available,74.1
1381123.AYOD01000013_gene2234,AYOD01000013_gene2234,annotation&nbsp;not&nbsp;available,74.1
1381123.AYOD01000001_gene889,AYOD01000001_gene889,annotation&nbsp;not&nbsp;available,74.1
1381123.AYOD01000001_gene1028,AYOD01000001_gene1028,annotation&nbsp;not&nbsp;available,74.1
1381123.AYOD01000035_gene3632,AYOD01000035_gene3632,annotation&nbsp;not&nbsp;available,74.0
1381123.AYOD01000062_gene1677,AYOD01000062_gene1677,annotation&nbsp;not&nbsp;available,74.0
1381123.AYOD01000042_gene2083,AYOD01000042_gene2083,annotation&nbsp;not&nbsp;available,74.0
1381123.AYOD01000015_gene2541,AYOD01000015_gene2541,annotation&nbsp;not&nbsp;available,73.9
1381123.AYOD01000002_gene661,AYOD01000002_gene661,annotation&nbsp;not&nbsp;available,73.9
1381123.AYOD01000049_gene23,AYOD01000049_gene23,annotation&nbsp;not&nbsp;available,73.9
1381123.AYOD01000008_gene3118,AYOD01000008_gene3118,annotation&nbsp;not&nbsp;available,73.9
1381123.AYOD01000044_gene1737,AYOD01000044_gene1737,annotation&nbsp;not&nbsp;available,73.9
1381123.AYOD01000015_gene2613,AYOD01000015_gene2613,annotation&nbsp;not&nbsp;available,73.9
1381123.AYOD01000001_gene766,AYOD01000001_gene766,annotation&nbsp;not&nbsp;available,73.8
1381123.AYOD01000015_gene2488,AYOD01000015_gene2488,annotation&nbsp;not&nbsp;available,73.8
1381123.AYOD01000001_gene865,AYOD01000001_gene865,annotation&nbsp;not&nbsp;available,73.8
1381123.AYOD01000008_gene3111,AYOD01000008_gene3111,annotation&nbsp;not&nbsp;available,73.8
1381123.AYOD01000033_gene3808,AYOD01000033_gene3808,annotation&nbsp;not&nbsp;available,73.8
1381123.AYOD01000011_gene2825,AYOD01000011_gene2825,annotation&nbsp;not&nbsp;available,73.7
1381123.AYOD01000052_gene136,AYOD01000052_gene136,annotation&nbsp;not&nbsp;available,73.7
1381123.AYOD01000001_gene1129,AYOD01000001_gene1129,annotation&nbsp;not&nbsp;available,73.7
1381123.AYOD01000002_gene663,AYOD01000002_gene663,annotation&nbsp;not&nbsp;available,73.6
1381123.AYOD01000001_gene824,AYOD01000001_gene824,annotation&nbsp;not&nbsp;available,73.6
1381123.AYOD01000064_gene1546,AYOD01000064_gene1546,annotation&nbsp;not&nbsp;available,73.4
1381123.AYOD01000014_gene2272,AYOD01000014_gene2272,annotation&nbsp;not&nbsp;available,73.3
1381123.AYOD01000035_gene3573,AYOD01000035_gene3573,annotation&nbsp;not&nbsp;available,73.3
1381123.AYOD01000020_gene1727,AYOD01000020_gene1727,annotation&nbsp;not&nbsp;available,73.3
1381123.AYOD01000035_gene3718,AYOD01000035_gene3718,annotation&nbsp;not&nbsp;available,73.2
1381123.AYOD01000008_gene3117,AYOD01000008_gene3117,annotation&nbsp;not&nbsp;available,73.2
1381123.AYOD01000026_gene1488,AYOD01000026_gene1488,annotation&nbsp;not&nbsp;available,73.2
1381123.AYOD01000002_gene620,AYOD01000002_gene620,annotation&nbsp;not&nbsp;available,73.2
1381123.AYOD01000018_gene1377,AYOD01000018_gene1377,annotation&nbsp;not&nbsp;available,73.1
1381123.AYOD01000060_gene1650,AYOD01000060_gene1650,annotation&nbsp;not&nbsp;available,73.1
1381123.AYOD01000011_gene2925,AYOD01000011_gene2925,annotation&nbsp;not&nbsp;available,73.1
1381123.AYOD01000035_gene3572,AYOD01000035_gene3572,annotation&nbsp;not&nbsp;available,72.9
1381123.AYOD01000053_gene149,AYOD01000053_gene149,annotation&nbsp;not&nbsp;available,72.9
1381123.AYOD01000031_gene3032,AYOD01000031_gene3032,annotation&nbsp;not&nbsp;available,72.9
1381123.AYOD01000001_gene960,AYOD01000001_gene960,annotation&nbsp;not&nbsp;available,72.9
1381123.AYOD01000011_gene2928,AYOD01000011_gene2928,annotation&nbsp;not&nbsp;available,72.9
1381123.AYOD01000005_gene1270,AYOD01000005_gene1270,annotation&nbsp;not&nbsp;available,72.9
1381123.AYOD01000015_gene2412,AYOD01000015_gene2412,annotation&nbsp;not&nbsp;available,72.8
1381123.AYOD01000066_gene1595,AYOD01000066_gene1595,annotation&nbsp;not&nbsp;available,72.8
1381123.AYOD01000042_gene2106,AYOD01000042_gene2106,annotation&nbsp;not&nbsp;available,72.7
1381123.AYOD01000001_gene765,AYOD01000001_gene765,annotation&nbsp;not&nbsp;available,72.7
1381123.AYOD01000015_gene2427,AYOD01000015_gene2427,annotation&nbsp;not&nbsp;available,72.6
1381123.AYOD01000010_gene300,AYOD01000010_gene300,annotation&nbsp;not&nbsp;available,72.5
1381123.AYOD01000060_gene1639,AYOD01000060_gene1639,annotation&nbsp;not&nbsp;available,72.5
1381123.AYOD01000018_gene1391,AYOD01000018_gene1391,annotation&nbsp;not&nbsp;available,72.4
1381123.AYOD01000002_gene640,AYOD01000002_gene640,annotation&nbsp;not&nbsp;available,72.3
1381123.AYOD01000016_gene2683,AYOD01000016_gene2683,annotation&nbsp;not&nbsp;available,72.3
1381123.AYOD01000044_gene1841,AYOD01000044_gene1841,annotation&nbsp;not&nbsp;available,72.2
1381123.AYOD01000053_gene150,AYOD01000053_gene150,annotation&nbsp;not&nbsp;available,72.2
1381123.AYOD01000050_gene74,AYOD01000050_gene74,annotation&nbsp;not&nbsp;available,72.2
1381123.AYOD01000011_gene2920,AYOD01000011_gene2920,annotation&nbsp;not&nbsp;available,72.1
1381123.AYOD01000015_gene2501,AYOD01000015_gene2501,annotation&nbsp;not&nbsp;available,72.1
1381123.AYOD01000008_gene3277,AYOD01000008_gene3277,annotation&nbsp;not&nbsp;available,72.1
1381123.AYOD01000035_gene3623,AYOD01000035_gene3623,annotation&nbsp;not&nbsp;available,72.1
1381123.AYOD01000044_gene1742,AYOD01000044_gene1742,annotation&nbsp;not&nbsp;available,72.0
1381123.AYOD01000001_gene1081,AYOD01000001_gene1081,annotation&nbsp;not&nbsp;available,72.0
1381123.AYOD01000013_gene2231,AYOD01000013_gene2231,annotation&nbsp;not&nbsp;available,72.0
1381123.AYOD01000008_gene3141,AYOD01000008_gene3141,annotation&nbsp;not&nbsp;available,72.0
1381123.AYOD01000021_gene2064,AYOD01000021_gene2064,annotation&nbsp;not&nbsp;available,71.9
1381123.AYOD01000016_gene2651,AYOD01000016_gene2651,annotation&nbsp;not&nbsp;available,71.9
1381123.AYOD01000063_gene1560,AYOD01000063_gene1560,annotation&nbsp;not&nbsp;available,71.9
1381123.AYOD01000064_gene1543,AYOD01000064_gene1543,annotation&nbsp;not&nbsp;available,71.9
1381123.AYOD01000040_gene2791,AYOD01000040_gene2791,annotation&nbsp;not&nbsp;available,71.8
1381123.AYOD01000035_gene3712,AYOD01000035_gene3712,annotation&nbsp;not&nbsp;available,71.8
1381123.AYOD01000047_gene243,AYOD01000047_gene243,annotation&nbsp;not&nbsp;available,71.8
1381123.AYOD01000002_gene699,AYOD01000002_gene699,annotation&nbsp;not&nbsp;available,71.8
1381123.AYOD01000006_gene1198,AYOD01000006_gene1198,annotation&nbsp;not&nbsp;available,71.7
1381123.AYOD01000066_gene1604,AYOD01000066_gene1604,annotation&nbsp;not&nbsp;available,71.7
1381123.AYOD01000001_gene941,AYOD01000001_gene941,annotation&nbsp;not&nbsp;available,71.7
1381123.AYOD01000035_gene3660,AYOD01000035_gene3660,annotation&nbsp;not&nbsp;available,71.6
1381123.AYOD01000035_gene3335,AYOD01000035_gene3335,annotation&nbsp;not&nbsp;available,71.6
1381123.AYOD01000035_gene3765,AYOD01000035_gene3765,annotation&nbsp;not&nbsp;available,71.6
1381123.AYOD01000035_gene3685,AYOD01000035_gene3685,annotation&nbsp;not&nbsp;available,71.5
1381123.AYOD01000039_gene1734,AYOD01000039_gene1734,annotation&nbsp;not&nbsp;available,71.5
1381123.AYOD01000034_gene3815,AYOD01000034_gene3815,annotation&nbsp;not&nbsp;available,71.5
1381123.AYOD01000001_gene899,AYOD01000001_gene899,annotation&nbsp;not&nbsp;available,71.4
1381123.AYOD01000068_gene242,AYOD01000068_gene242,annotation&nbsp;not&nbsp;available,71.4
1381123.AYOD01000044_gene1806,AYOD01000044_gene1806,annotation&nbsp;not&nbsp;available,71.3
1381123.AYOD01000005_gene1305,AYOD01000005_gene1305,annotation&nbsp;not&nbsp;available,71.2
1381123.AYOD01000016_gene2631,AYOD01000016_gene2631,annotation&nbsp;not&nbsp;available,71.2
1381123.AYOD01000069_gene164,AYOD01000069_gene164,annotation&nbsp;not&nbsp;available,71.1
1381123.AYOD01000046_gene1406,AYOD01000046_gene1406,annotation&nbsp;not&nbsp;available,71.1
1381123.AYOD01000013_gene2160,AYOD01000013_gene2160,annotation&nbsp;not&nbsp;available,71.0
1381123.AYOD01000030_gene481,AYOD01000030_gene481,annotation&nbsp;not&nbsp;available,71.0
1381123.AYOD01000001_gene1062,AYOD01000001_gene1062,annotation&nbsp;not&nbsp;available,71.0
1381123.AYOD01000005_gene1351,AYOD01000005_gene1351,annotation&nbsp;not&nbsp;available,71.0
1381123.AYOD01000021_gene1935,AYOD01000021_gene1935,annotation&nbsp;not&nbsp;available,70.9
1381123.AYOD01000062_gene1668,AYOD01000062_gene1668,annotation&nbsp;not&nbsp;available,70.9
1381123.AYOD01000003_gene1851,AYOD01000003_gene1851,annotation&nbsp;not&nbsp;available,70.9
1381123.AYOD01000035_gene3668,AYOD01000035_gene3668,annotation&nbsp;not&nbsp;available,70.8
1381123.AYOD01000035_gene3507,AYOD01000035_gene3507,annotation&nbsp;not&nbsp;available,70.8
1381123.AYOD01000035_gene3373,AYOD01000035_gene3373,annotation&nbsp;not&nbsp;available,70.5
1381123.AYOD01000026_gene1512,AYOD01000026_gene1512,annotation&nbsp;not&nbsp;available,70.5
1381123.AYOD01000006_gene1163,AYOD01000006_gene1163,annotation&nbsp;not&nbsp;available,70.5
1381123.AYOD01000035_gene3588,AYOD01000035_gene3588,annotation&nbsp;not&nbsp;available,70.5
1381123.AYOD01000054_gene408,AYOD01000054_gene408,annotation&nbsp;not&nbsp;available,70.4
1381123.AYOD01000066_gene1599,AYOD01000066_gene1599,annotation&nbsp;not&nbsp;available,70.4
1381123.AYOD01000001_gene1121,AYOD01000001_gene1121,annotation&nbsp;not&nbsp;available,70.3
1381123.AYOD01000056_gene181,AYOD01000056_gene181,annotation&nbsp;not&nbsp;available,70.3
1381123.AYOD01000011_gene2967,AYOD01000011_gene2967,annotation&nbsp;not&nbsp;available,70.3
1381123.AYOD01000035_gene3425,AYOD01000035_gene3425,annotation&nbsp;not&nbsp;available,70.3
1381123.AYOD01000008_gene3239,AYOD01000008_gene3239,annotation&nbsp;not&nbsp;available,70.2
1381123.AYOD01000014_gene2287,AYOD01000014_gene2287,annotation&nbsp;not&nbsp;available,70.2
1381123.AYOD01000035_gene3727,AYOD01000035_gene3727,annotation&nbsp;not&nbsp;available,70.2
1381123.AYOD01000009_gene2761,AYOD01000009_gene2761,annotation&nbsp;not&nbsp;available,70.2
1381123.AYOD01000052_gene126,AYOD01000052_gene126,annotation&nbsp;not&nbsp;available,70.1
1381123.AYOD01000011_gene2842,AYOD01000011_gene2842,annotation&nbsp;not&nbsp;available,70.1
1381123.AYOD01000055_gene509,AYOD01000055_gene509,annotation&nbsp;not&nbsp;available,70.1
1381123.AYOD01000010_gene363,AYOD01000010_gene363,annotation&nbsp;not&nbsp;available,70.1
