1068978.AMETH_1423,rph,Ribonuclease&nbsp;PH,98.9
1068978.AMETH_4147,pyrB,annotation&nbsp;not&nbsp;available,98.8
1068978.AMETH_4186,aspS,Aspartate--tRNA(Asp/Asn)&nbsp;ligase,98.8
1068978.AMETH_3845,AMETH_3845,annotation&nbsp;not&nbsp;available,98.8
1068978.AMETH_5671,AMETH_5671,annotation&nbsp;not&nbsp;available,98.8
1068978.AMETH_6513,AMETH_6513,annotation&nbsp;not&nbsp;available,98.8
1068978.AMETH_2446,infB,Translation&nbsp;initiation&nbsp;factor&nbsp;IF-2,98.7
1068978.AMETH_2829,AMETH_2829,annotation&nbsp;not&nbsp;available,98.7
1068978.AMETH_4329,AMETH_4329,annotation&nbsp;not&nbsp;available,98.7
1068978.AMETH_2246,tktA2,annotation&nbsp;not&nbsp;available,98.7
1068978.AMETH_4028,AMETH_4028,annotation&nbsp;not&nbsp;available,98.7
1068978.AMETH_4203,AMETH_4203,annotation&nbsp;not&nbsp;available,98.7
1068978.AMETH_6524,AMETH_6524,annotation&nbsp;not&nbsp;available,98.7
1068978.AMETH_0965,AMETH_0965,annotation&nbsp;not&nbsp;available,98.6
1068978.AMETH_0681,rpsK,30S&nbsp;ribosomal&nbsp;protein&nbsp;S11,98.6
1068978.AMETH_3937,AMETH_3937,annotation&nbsp;not&nbsp;available,98.6
1068978.AMETH_0091,AMETH_0091,annotation&nbsp;not&nbsp;available,98.6
1068978.AMETH_1842,AMETH_1842,annotation&nbsp;not&nbsp;available,98.5
1068978.AMETH_4851,AMETH_4851,annotation&nbsp;not&nbsp;available,98.5
1068978.AMETH_4489,AMETH_4489,Dihydropteroate&nbsp;synthase,98.5
1068978.AMETH_1662,AMETH_1662,annotation&nbsp;not&nbsp;available,98.5
1068978.AMETH_0782,AMETH_0782,annotation&nbsp;not&nbsp;available,98.5
1068978.AMETH_0501,korB,annotation&nbsp;not&nbsp;available,98.4
1068978.AMETH_2204,AMETH_2204,annotation&nbsp;not&nbsp;available,98.4
1068978.AMETH_5021,recX,Regulatory&nbsp;protein&nbsp;RecX,98.4
1068978.AMETH_5442,AMETH_5442,annotation&nbsp;not&nbsp;available,98.4
1068978.AMETH_5025,AMETH_5025,annotation&nbsp;not&nbsp;available,98.4
1068978.AMETH_6132,AMETH_6132,annotation&nbsp;not&nbsp;available,98.3
1068978.AMETH_2189,AMETH_2189,annotation&nbsp;not&nbsp;available,98.3
1068978.AMETH_5140,pepB,Probable&nbsp;cytosol&nbsp;aminopeptidase,98.3
1068978.AMETH_1848,AMETH_1848,annotation&nbsp;not&nbsp;available,98.3
1068978.AMETH_3576,chlI,annotation&nbsp;not&nbsp;available,98.3
1068978.AMETH_6544,AMETH_6544,annotation&nbsp;not&nbsp;available,98.3
1068978.AMETH_1165,AMETH_1165,annotation&nbsp;not&nbsp;available,98.1
1068978.AMETH_0616,AMETH_0616,annotation&nbsp;not&nbsp;available,98.1
1068978.AMETH_5374,AMETH_5374,annotation&nbsp;not&nbsp;available,98.1
1068978.AMETH_3040,hemH,Ferrochelatase,98.1
1068978.AMETH_5072,trpC,annotation&nbsp;not&nbsp;available,98.0
1068978.AMETH_3627,acdA2,annotation&nbsp;not&nbsp;available,98.0
1068978.AMETH_1530,ppk,Polyphosphate&nbsp;kinase,98.0
1068978.AMETH_4533,AMETH_4533,annotation&nbsp;not&nbsp;available,98.0
1068978.AMETH_1102,AMETH_1102,annotation&nbsp;not&nbsp;available,98.0
1068978.AMETH_1618,glnD,Bifunctional&nbsp;uridylyltransferase/uridylyl-removing&nbsp;enzyme,98.0
1068978.AMETH_4515,pfkA,ATP-dependent&nbsp;6-phosphofructokinase,97.9
1068978.AMETH_4069,AMETH_4069,annotation&nbsp;not&nbsp;available,97.9
1068978.AMETH_3192,AMETH_3192,annotation&nbsp;not&nbsp;available,97.9
1068978.AMETH_6572,AMETH_6572,annotation&nbsp;not&nbsp;available,97.9
1068978.AMETH_2812,AMETH_2812,annotation&nbsp;not&nbsp;available,97.9
1068978.AMETH_3180,AMETH_3180,annotation&nbsp;not&nbsp;available,97.8
1068978.AMETH_0397,AMETH_0397,annotation&nbsp;not&nbsp;available,97.8
1068978.AMETH_4167,AMETH_4167,annotation&nbsp;not&nbsp;available,97.8
1068978.AMETH_3113,AMETH_3113,annotation&nbsp;not&nbsp;available,97.8
1068978.AMETH_1152,hutH,annotation&nbsp;not&nbsp;available,97.7
1068978.AMETH_5792,hpf,Ribosome&nbsp;hibernation&nbsp;promoting&nbsp;factor,97.7
1068978.AMETH_2386,phdB,annotation&nbsp;not&nbsp;available,97.7
1068978.AMETH_3931,AMETH_3931,annotation&nbsp;not&nbsp;available,97.7
1068978.AMETH_4818,AMETH_4818,annotation&nbsp;not&nbsp;available,97.7
1068978.AMETH_2302,AMETH_2302,annotation&nbsp;not&nbsp;available,97.7
1068978.AMETH_5577,mdo,annotation&nbsp;not&nbsp;available,97.7
1068978.AMETH_0282,AMETH_0282,annotation&nbsp;not&nbsp;available,97.7
1068978.AMETH_6902,AMETH_6902,annotation&nbsp;not&nbsp;available,97.6
1068978.AMETH_1178,AMETH_1178,annotation&nbsp;not&nbsp;available,97.6
1068978.AMETH_1790,AMETH_1790,annotation&nbsp;not&nbsp;available,97.6
1068978.AMETH_1990,AMETH_1990,annotation&nbsp;not&nbsp;available,97.6
1068978.AMETH_4110,AMETH_4110,annotation&nbsp;not&nbsp;available,97.6
1068978.AMETH_4172,AMETH_4172,annotation&nbsp;not&nbsp;available,97.6
1068978.AMETH_5002,gluD,annotation&nbsp;not&nbsp;available,97.6
1068978.AMETH_6826,AMETH_6826,annotation&nbsp;not&nbsp;available,97.6
1068978.AMETH_1236,AMETH_1236,annotation&nbsp;not&nbsp;available,97.5
1068978.AMETH_1762,AMETH_1762,annotation&nbsp;not&nbsp;available,97.5
1068978.AMETH_5716,AMETH_5716,annotation&nbsp;not&nbsp;available,97.5
1068978.AMETH_2366,AMETH_2366,annotation&nbsp;not&nbsp;available,97.5
1068978.AMETH_5227,AMETH_5227,annotation&nbsp;not&nbsp;available,97.5
1068978.AMETH_1861,AMETH_1861,annotation&nbsp;not&nbsp;available,97.5
1068978.AMETH_1969,AMETH_1969,annotation&nbsp;not&nbsp;available,97.5
1068978.AMETH_3989,AMETH_3989,ATP-dependent&nbsp;Clp&nbsp;protease&nbsp;proteolytic&nbsp;subunit,97.4
1068978.AMETH_3749,AMETH_3749,annotation&nbsp;not&nbsp;available,97.4
1068978.AMETH_3067,AMETH_3067,annotation&nbsp;not&nbsp;available,97.4
1068978.AMETH_5349,AMETH_5349,annotation&nbsp;not&nbsp;available,97.4
1068978.AMETH_0372,AMETH_0372,annotation&nbsp;not&nbsp;available,97.4
1068978.AMETH_3868,AMETH_3868,annotation&nbsp;not&nbsp;available,97.4
1068978.AMETH_5640,AMETH_5640,annotation&nbsp;not&nbsp;available,97.3
1068978.AMETH_4151,efp,Elongation&nbsp;factor&nbsp;P,97.3
1068978.AMETH_3945,AMETH_3945,annotation&nbsp;not&nbsp;available,97.3
1068978.AMETH_4417,AMETH_4417,annotation&nbsp;not&nbsp;available,97.3
1068978.AMETH_2320,AMETH_2320,annotation&nbsp;not&nbsp;available,97.3
1068978.AMETH_6959,AMETH_6959,annotation&nbsp;not&nbsp;available,97.3
1068978.AMETH_1370,AMETH_1370,annotation&nbsp;not&nbsp;available,97.3
1068978.AMETH_3390,AMETH_3390,annotation&nbsp;not&nbsp;available,97.3
1068978.AMETH_1207,AMETH_1207,annotation&nbsp;not&nbsp;available,97.2
1068978.AMETH_2278,AMETH_2278,annotation&nbsp;not&nbsp;available,97.2
1068978.AMETH_6656,AMETH_6656,annotation&nbsp;not&nbsp;available,97.1
1068978.AMETH_3459,AMETH_3459,annotation&nbsp;not&nbsp;available,97.1
1068978.AMETH_4971,AMETH_4971,annotation&nbsp;not&nbsp;available,97.1
1068978.AMETH_2010,hisS,annotation&nbsp;not&nbsp;available,97.1
1068978.AMETH_5063,AMETH_5063,annotation&nbsp;not&nbsp;available,97.1
1068978.AMETH_5943,AMETH_5943,annotation&nbsp;not&nbsp;available,97.0
1068978.AMETH_4326,AMETH_4326,annotation&nbsp;not&nbsp;available,96.8
1068978.AMETH_5851,xseB,Exodeoxyribonuclease&nbsp;7&nbsp;small&nbsp;subunit,96.8
1068978.AMETH_4658,AMETH_4658,annotation&nbsp;not&nbsp;available,96.8
1068978.AMETH_2761,AMETH_2761,annotation&nbsp;not&nbsp;available,96.7
1068978.AMETH_5852,AMETH_5852,annotation&nbsp;not&nbsp;available,96.7
1068978.AMETH_1776,AMETH_1776,annotation&nbsp;not&nbsp;available,96.7
1068978.AMETH_2034,AMETH_2034,annotation&nbsp;not&nbsp;available,96.6
1068978.AMETH_4341,AMETH_4341,annotation&nbsp;not&nbsp;available,96.6
1068978.AMETH_1467,trmU,tRNA-specific&nbsp;2-thiouridylase&nbsp;MnmA,96.5
1068978.AMETH_4058,AMETH_4058,annotation&nbsp;not&nbsp;available,96.5
1068978.AMETH_6027,AMETH_6027,annotation&nbsp;not&nbsp;available,96.5
1068978.AMETH_6240,sodA,Superoxide&nbsp;dismutase,96.5
1068978.AMETH_4843,AMETH_4843,annotation&nbsp;not&nbsp;available,96.5
1068978.AMETH_2733,AMETH_2733,annotation&nbsp;not&nbsp;available,96.5
1068978.AMETH_6080,AMETH_6080,annotation&nbsp;not&nbsp;available,96.5
1068978.AMETH_0149,AMETH_0149,annotation&nbsp;not&nbsp;available,96.5
1068978.AMETH_6387,modB,annotation&nbsp;not&nbsp;available,96.4
1068978.AMETH_3421,mdh,Malate&nbsp;dehydrogenase,96.4
1068978.AMETH_4584,AMETH_4584,annotation&nbsp;not&nbsp;available,96.4
1068978.AMETH_4841,AMETH_4841,annotation&nbsp;not&nbsp;available,96.3
1068978.AMETH_4307,AMETH_4307,annotation&nbsp;not&nbsp;available,96.3
1068978.AMETH_0670,rpmD,annotation&nbsp;not&nbsp;available,96.3
1068978.AMETH_1949,desR,annotation&nbsp;not&nbsp;available,96.3
1068978.AMETH_3694,AMETH_3694,annotation&nbsp;not&nbsp;available,96.3
1068978.AMETH_6172,AMETH_6172,annotation&nbsp;not&nbsp;available,96.3
1068978.AMETH_4607,AMETH_4607,annotation&nbsp;not&nbsp;available,96.3
1068978.AMETH_6208,AMETH_6208,annotation&nbsp;not&nbsp;available,96.2
1068978.AMETH_1242,AMETH_1242,annotation&nbsp;not&nbsp;available,96.2
1068978.AMETH_5547,AMETH_5547,annotation&nbsp;not&nbsp;available,96.2
1068978.AMETH_1483,AMETH_1483,annotation&nbsp;not&nbsp;available,96.2
1068978.AMETH_0771,purH,annotation&nbsp;not&nbsp;available,96.2
1068978.AMETH_2193,AMETH_2193,annotation&nbsp;not&nbsp;available,96.2
1068978.AMETH_3211,AMETH_3211,annotation&nbsp;not&nbsp;available,96.2
1068978.AMETH_7022,dnaB,Replicative&nbsp;DNA&nbsp;helicase,96.1
1068978.AMETH_4862,fruA,annotation&nbsp;not&nbsp;available,96.1
1068978.AMETH_2911,AMETH_2911,annotation&nbsp;not&nbsp;available,96.1
1068978.AMETH_5722,AMETH_5722,annotation&nbsp;not&nbsp;available,96.1
1068978.AMETH_0677,infA,Translation&nbsp;initiation&nbsp;factor&nbsp;IF-1,96.0
1068978.AMETH_4655,AMETH_4655,annotation&nbsp;not&nbsp;available,96.0
1068978.AMETH_3820,AMETH_3820,annotation&nbsp;not&nbsp;available,96.0
1068978.AMETH_6678,AMETH_6678,annotation&nbsp;not&nbsp;available,96.0
1068978.AMETH_0546,rfbA,Glucose-1-phosphate&nbsp;thymidylyltransferase,96.0
1068978.AMETH_0653,rplD,50S&nbsp;ribosomal&nbsp;protein&nbsp;L4,95.9
1068978.AMETH_5503,AMETH_5503,annotation&nbsp;not&nbsp;available,95.9
1068978.AMETH_0408,AMETH_0408,annotation&nbsp;not&nbsp;available,95.9
1068978.AMETH_1466,AMETH_1466,annotation&nbsp;not&nbsp;available,95.9
1068978.AMETH_4640,AMETH_4640,Ribokinase,95.9
1068978.AMETH_5223,paaC,annotation&nbsp;not&nbsp;available,95.9
1068978.AMETH_5995,AMETH_5995,annotation&nbsp;not&nbsp;available,95.9
1068978.AMETH_0014,AMETH_0014,annotation&nbsp;not&nbsp;available,95.8
1068978.AMETH_0221,AMETH_0221,annotation&nbsp;not&nbsp;available,95.8
1068978.AMETH_3597,AMETH_3597,annotation&nbsp;not&nbsp;available,95.8
1068978.AMETH_1453,AMETH_1453,annotation&nbsp;not&nbsp;available,95.8
1068978.AMETH_6882,purQ,Phosphoribosylformylglycinamidine&nbsp;synthase&nbsp;subunit&nbsp;PurQ,95.7
1068978.AMETH_6610,AMETH_6610,annotation&nbsp;not&nbsp;available,95.7
1068978.AMETH_6388,modA,annotation&nbsp;not&nbsp;available,95.7
1068978.AMETH_0112,AMETH_0112,annotation&nbsp;not&nbsp;available,95.6
1068978.AMETH_5901,AMETH_5901,annotation&nbsp;not&nbsp;available,95.6
1068978.AMETH_4270,AMETH_4270,annotation&nbsp;not&nbsp;available,95.6
1068978.AMETH_2260,AMETH_2260,annotation&nbsp;not&nbsp;available,95.6
1068978.AMETH_6583,AMETH_6583,Inorganic&nbsp;pyrophosphatase,95.5
1068978.AMETH_1372,gltP1,annotation&nbsp;not&nbsp;available,95.5
1068978.AMETH_0147,AMETH_0147,annotation&nbsp;not&nbsp;available,95.5
1068978.AMETH_4847,AMETH_4847,annotation&nbsp;not&nbsp;available,95.5
1068978.AMETH_3630,AMETH_3630,annotation&nbsp;not&nbsp;available,95.5
1068978.AMETH_2523,murF,UDP-N-acetylmuramoyl-tripeptide--D-alanyl-D-alanine&nbsp;ligase,95.5
1068978.AMETH_1541,AMETH_1541,D-alanine--D-alanine&nbsp;ligase,95.5
1068978.AMETH_5932,AMETH_5932,annotation&nbsp;not&nbsp;available,95.4
1068978.AMETH_1830,AMETH_1830,annotation&nbsp;not&nbsp;available,95.4
1068978.AMETH_4518,tkt,annotation&nbsp;not&nbsp;available,95.4
1068978.AMETH_1162,AMETH_1162,annotation&nbsp;not&nbsp;available,95.3
1068978.AMETH_2351,AMETH_2351,annotation&nbsp;not&nbsp;available,95.3
1068978.AMETH_2582,AMETH_2582,annotation&nbsp;not&nbsp;available,95.3
1068978.AMETH_4963,AMETH_4963,annotation&nbsp;not&nbsp;available,95.2
1068978.AMETH_7061,AMETH_7061,annotation&nbsp;not&nbsp;available,95.2
1068978.AMETH_4434,AMETH_4434,annotation&nbsp;not&nbsp;available,95.2
1068978.AMETH_3684,pntA,annotation&nbsp;not&nbsp;available,95.2
1068978.AMETH_0623,secE,Protein&nbsp;translocase&nbsp;subunit&nbsp;SecE,95.2
1068978.AMETH_5596,spoI,annotation&nbsp;not&nbsp;available,95.2
1068978.AMETH_4373,AMETH_4373,annotation&nbsp;not&nbsp;available,95.2
1068978.AMETH_5226,paaZ,annotation&nbsp;not&nbsp;available,95.1
1068978.AMETH_4128,AMETH_4128,Riboflavin&nbsp;biosynthesis&nbsp;protein&nbsp;RibBA,95.0
1068978.AMETH_2583,AMETH_2583,annotation&nbsp;not&nbsp;available,94.9
1068978.AMETH_2637,rnhA,Ribonuclease&nbsp;H,94.9
1068978.AMETH_6008,AMETH_6008,annotation&nbsp;not&nbsp;available,94.9
1068978.AMETH_5199,proS,Proline--tRNA&nbsp;ligase,94.9
1068978.AMETH_0220,AMETH_0220,annotation&nbsp;not&nbsp;available,94.8
1068978.AMETH_0949,AMETH_0949,annotation&nbsp;not&nbsp;available,94.8
1068978.AMETH_4981,AMETH_4981,Vitamin&nbsp;B12-dependent&nbsp;ribonucleotide&nbsp;reductase,94.8
1068978.AMETH_2179,benB,annotation&nbsp;not&nbsp;available,94.7
1068978.AMETH_0625,rplK,50S&nbsp;ribosomal&nbsp;protein&nbsp;L11,94.7
1068978.AMETH_3376,hadL,annotation&nbsp;not&nbsp;available,94.7
1068978.AMETH_5866,sidF,annotation&nbsp;not&nbsp;available,94.7
1068978.AMETH_5128,trpD,Anthranilate&nbsp;phosphoribosyltransferase,94.6
1068978.AMETH_1367,AMETH_1367,annotation&nbsp;not&nbsp;available,94.6
1068978.AMETH_1199,AMETH_1199,annotation&nbsp;not&nbsp;available,94.6
1068978.AMETH_1660,gor,annotation&nbsp;not&nbsp;available,94.6
1068978.AMETH_1186,AMETH_1186,annotation&nbsp;not&nbsp;available,94.6
1068978.AMETH_6196,AMETH_6196,annotation&nbsp;not&nbsp;available,94.5
1068978.AMETH_0810,AMETH_0810,annotation&nbsp;not&nbsp;available,94.5
1068978.AMETH_3048,AMETH_3048,annotation&nbsp;not&nbsp;available,94.5
1068978.AMETH_4127,ribH,"6,7-dimethyl-8-ribityllumazine&nbsp;synthase",94.5
1068978.AMETH_5448,AMETH_5448,Cobalamin&nbsp;biosynthesis&nbsp;protein&nbsp;CobD,94.5
1068978.AMETH_7015,AMETH_7015,annotation&nbsp;not&nbsp;available,94.4
1068978.AMETH_5077,hisF,Imidazole&nbsp;glycerol&nbsp;phosphate&nbsp;synthase&nbsp;subunit&nbsp;HisF,94.4
1068978.AMETH_1603,AMETH_1603,Uricase,94.4
1068978.AMETH_2429,AMETH_2429,annotation&nbsp;not&nbsp;available,94.4
1068978.AMETH_0927,AMETH_0927,annotation&nbsp;not&nbsp;available,94.4
1068978.AMETH_3433,AMETH_3433,annotation&nbsp;not&nbsp;available,94.4
1068978.AMETH_4852,AMETH_4852,annotation&nbsp;not&nbsp;available,94.4
1068978.AMETH_5775,AMETH_5775,annotation&nbsp;not&nbsp;available,94.4
1068978.AMETH_4481,AMETH_4481,Serine&nbsp;hydroxymethyltransferase,94.3
1068978.AMETH_0450,hemC,Porphobilinogen&nbsp;deaminase,94.3
1068978.AMETH_7008,pbp,annotation&nbsp;not&nbsp;available,94.2
1068978.AMETH_2013,AMETH_2013,annotation&nbsp;not&nbsp;available,94.2
1068978.AMETH_0207,AMETH_0207,annotation&nbsp;not&nbsp;available,94.2
1068978.AMETH_3919,dapA2,annotation&nbsp;not&nbsp;available,94.1
1068978.AMETH_2810,xylA,annotation&nbsp;not&nbsp;available,94.1
1068978.AMETH_4357,"pnbA,estB",annotation&nbsp;not&nbsp;available,94.1
1068978.AMETH_1110,AMETH_1110,annotation&nbsp;not&nbsp;available,94.1
1068978.AMETH_5543,rbsB,annotation&nbsp;not&nbsp;available,94.0
1068978.AMETH_2134,rhaP,annotation&nbsp;not&nbsp;available,94.0
1068978.AMETH_4306,AMETH_4306,annotation&nbsp;not&nbsp;available,94.0
1068978.AMETH_1931,era,GTPase&nbsp;Era,94.0
1068978.AMETH_1356,atpG,ATP&nbsp;synthase&nbsp;gamma&nbsp;chain,93.9
1068978.AMETH_2725,AMETH_2725,annotation&nbsp;not&nbsp;available,93.9
1068978.AMETH_3936,AMETH_3936,annotation&nbsp;not&nbsp;available,93.9
1068978.AMETH_4870,AMETH_4870,annotation&nbsp;not&nbsp;available,93.9
1068978.AMETH_0668,rplR,50S&nbsp;ribosomal&nbsp;protein&nbsp;L18,93.8
1068978.AMETH_4914,AMETH_4914,annotation&nbsp;not&nbsp;available,93.7
1068978.AMETH_5622,AMETH_5622,annotation&nbsp;not&nbsp;available,93.7
1068978.AMETH_2243,AMETH_2243,annotation&nbsp;not&nbsp;available,93.7
1068978.AMETH_5853,AMETH_5853,annotation&nbsp;not&nbsp;available,93.7
1068978.AMETH_1307,AMETH_1307,annotation&nbsp;not&nbsp;available,93.6
1068978.AMETH_3431,AMETH_3431,annotation&nbsp;not&nbsp;available,93.6
1068978.AMETH_6120,lacC,annotation&nbsp;not&nbsp;available,93.6
1068978.AMETH_4263,AMETH_4263,annotation&nbsp;not&nbsp;available,93.6
1068978.AMETH_3066,AMETH_3066,annotation&nbsp;not&nbsp;available,93.6
1068978.AMETH_2254,AMETH_2254,annotation&nbsp;not&nbsp;available,93.5
1068978.AMETH_5914,AMETH_5914,annotation&nbsp;not&nbsp;available,93.5
1068978.AMETH_1389,dhaM,annotation&nbsp;not&nbsp;available,93.5
1068978.AMETH_2406,AMETH_2406,annotation&nbsp;not&nbsp;available,93.5
1068978.AMETH_6106,AMETH_6106,annotation&nbsp;not&nbsp;available,93.5
1068978.AMETH_2301,AMETH_2301,annotation&nbsp;not&nbsp;available,93.5
1068978.AMETH_4787,ppgK,annotation&nbsp;not&nbsp;available,93.4
1068978.AMETH_0010,AMETH_0010,DNA&nbsp;gyrase&nbsp;subunit&nbsp;A,93.4
1068978.AMETH_6009,hexA,annotation&nbsp;not&nbsp;available,93.4
1068978.AMETH_4908,AMETH_4908,annotation&nbsp;not&nbsp;available,93.4
1068978.AMETH_6682,AMETH_6682,annotation&nbsp;not&nbsp;available,93.4
1068978.AMETH_1903,AMETH_1903,annotation&nbsp;not&nbsp;available,93.3
1068978.AMETH_3036,AMETH_3036,annotation&nbsp;not&nbsp;available,93.3
1068978.AMETH_6933,AMETH_6933,annotation&nbsp;not&nbsp;available,93.3
1068978.AMETH_4371,trpF,annotation&nbsp;not&nbsp;available,93.2
1068978.AMETH_0203,pheA,annotation&nbsp;not&nbsp;available,93.2
1068978.AMETH_7070,jag,annotation&nbsp;not&nbsp;available,93.2
1068978.AMETH_4136,priA,Probable&nbsp;primosomal&nbsp;protein&nbsp;N',93.2
1068978.AMETH_1139,prfB,Peptide&nbsp;chain&nbsp;release&nbsp;factor&nbsp;2,93.2
1068978.AMETH_6683,AMETH_6683,annotation&nbsp;not&nbsp;available,93.1
1068978.AMETH_4475,AMETH_4475,annotation&nbsp;not&nbsp;available,93.1
1068978.AMETH_5398,gctA,annotation&nbsp;not&nbsp;available,93.1
1068978.AMETH_6775,fadE8,annotation&nbsp;not&nbsp;available,93.1
1068978.AMETH_6816,AMETH_6816,annotation&nbsp;not&nbsp;available,93.1
1068978.AMETH_5830,AMETH_5830,annotation&nbsp;not&nbsp;available,93.1
1068978.AMETH_1062,AMETH_1062,annotation&nbsp;not&nbsp;available,93.0
1068978.AMETH_0652,rplC,50S&nbsp;ribosomal&nbsp;protein&nbsp;L3,93.0
1068978.AMETH_1814,AMETH_1814,annotation&nbsp;not&nbsp;available,93.0
1068978.AMETH_3697,AMETH_3697,annotation&nbsp;not&nbsp;available,93.0
1068978.AMETH_3853,AMETH_3853,annotation&nbsp;not&nbsp;available,93.0
1068978.AMETH_2428,AMETH_2428,annotation&nbsp;not&nbsp;available,93.0
1068978.AMETH_2368,AMETH_2368,annotation&nbsp;not&nbsp;available,92.9
1068978.AMETH_6561,coaX,Type&nbsp;III&nbsp;pantothenate&nbsp;kinase,92.9
1068978.AMETH_0638,AMETH_0638,annotation&nbsp;not&nbsp;available,92.9
1068978.AMETH_5585,AMETH_5585,annotation&nbsp;not&nbsp;available,92.9
1068978.AMETH_1187,AMETH_1187,annotation&nbsp;not&nbsp;available,92.9
1068978.AMETH_1773,AMETH_1773,annotation&nbsp;not&nbsp;available,92.9
1068978.AMETH_3389,AMETH_3389,annotation&nbsp;not&nbsp;available,92.8
1068978.AMETH_1026,AMETH_1026,annotation&nbsp;not&nbsp;available,92.7
1068978.AMETH_2780,AMETH_2780,annotation&nbsp;not&nbsp;available,92.7
1068978.AMETH_2578,AMETH_2578,Bifunctional&nbsp;protein&nbsp;HldE,92.7
1068978.AMETH_5221,AMETH_5221,annotation&nbsp;not&nbsp;available,92.7
1068978.AMETH_5984,AMETH_5984,"D-methionine&nbsp;ABC&nbsp;transporter,&nbsp;ATP-binding&nbsp;protein",92.6
1068978.AMETH_2995,AMETH_2995,annotation&nbsp;not&nbsp;available,92.6
1068978.AMETH_0684,rplQ,annotation&nbsp;not&nbsp;available,92.6
1068978.AMETH_4806,rpoS,RNA&nbsp;polymerase&nbsp;sigma&nbsp;factor,92.6
1068978.AMETH_1241,AMETH_1241,annotation&nbsp;not&nbsp;available,92.5
1068978.AMETH_1213,AMETH_1213,annotation&nbsp;not&nbsp;available,92.5
1068978.AMETH_2507,smtA,annotation&nbsp;not&nbsp;available,92.5
1068978.AMETH_5800,ahcY,Adenosylhomocysteinase,92.4
1068978.AMETH_5103,nadB,L-aspartate&nbsp;oxidase,92.4
1068978.AMETH_6036,AMETH_6036,annotation&nbsp;not&nbsp;available,92.4
1068978.AMETH_2169,AMETH_2169,annotation&nbsp;not&nbsp;available,92.4
1068978.AMETH_3860,AMETH_3860,annotation&nbsp;not&nbsp;available,92.4
1068978.AMETH_6182,AMETH_6182,annotation&nbsp;not&nbsp;available,92.4
1068978.AMETH_1256,AMETH_1256,annotation&nbsp;not&nbsp;available,92.4
1068978.AMETH_6714,AMETH_6714,annotation&nbsp;not&nbsp;available,92.3
1068978.AMETH_4840,AMETH_4840,annotation&nbsp;not&nbsp;available,92.3
1068978.AMETH_4734,AMETH_4734,annotation&nbsp;not&nbsp;available,92.3
1068978.AMETH_3024,mob,Molybdenum&nbsp;cofactor&nbsp;guanylyltransferase,92.3
1068978.AMETH_3231,AMETH_3231,Formyltetrahydrofolate&nbsp;deformylase,92.2
1068978.AMETH_4059,AMETH_4059,annotation&nbsp;not&nbsp;available,92.2
1068978.AMETH_1611,AMETH_1611,annotation&nbsp;not&nbsp;available,92.2
1068978.AMETH_6916,sseA,annotation&nbsp;not&nbsp;available,92.2
1068978.AMETH_4491,sdaA,annotation&nbsp;not&nbsp;available,92.1
1068978.AMETH_5177,AMETH_5177,Pyruvate&nbsp;dehydrogenase&nbsp;E1&nbsp;component,92.1
1068978.AMETH_0850,AMETH_0850,annotation&nbsp;not&nbsp;available,92.0
1068978.AMETH_4130,AMETH_4130,annotation&nbsp;not&nbsp;available,92.0
1068978.AMETH_4502,AMETH_4502,annotation&nbsp;not&nbsp;available,92.0
1068978.AMETH_4623,AMETH_4623,annotation&nbsp;not&nbsp;available,92.0
1068978.AMETH_6607,cpaF,annotation&nbsp;not&nbsp;available,92.0
1068978.AMETH_0072,AMETH_0072,annotation&nbsp;not&nbsp;available,91.9
1068978.AMETH_6958,AMETH_6958,annotation&nbsp;not&nbsp;available,91.9
1068978.AMETH_6450,thiS,annotation&nbsp;not&nbsp;available,91.9
1068978.AMETH_6029,AMETH_6029,annotation&nbsp;not&nbsp;available,91.8
1068978.AMETH_3099,AMETH_3099,annotation&nbsp;not&nbsp;available,91.8
1068978.AMETH_2794,AMETH_2794,annotation&nbsp;not&nbsp;available,91.8
1068978.AMETH_2681,argF,Ornithine&nbsp;carbamoyltransferase,91.8
1068978.AMETH_3598,AMETH_3598,annotation&nbsp;not&nbsp;available,91.8
1068978.AMETH_4791,glnA3,annotation&nbsp;not&nbsp;available,91.8
1068978.AMETH_0601,AMETH_0601,annotation&nbsp;not&nbsp;available,91.7
1068978.AMETH_2120,metN,Methionine&nbsp;import&nbsp;ATP-binding&nbsp;protein&nbsp;MetN,91.6
1068978.AMETH_0604,AMETH_0604,annotation&nbsp;not&nbsp;available,91.6
1068978.AMETH_5012,AMETH_5012,annotation&nbsp;not&nbsp;available,91.6
1068978.AMETH_1215,AMETH_1215,annotation&nbsp;not&nbsp;available,91.6
1068978.AMETH_5980,AMETH_5980,annotation&nbsp;not&nbsp;available,91.6
1068978.AMETH_4744,hemY,Protoporphyrinogen&nbsp;oxidase,91.6
1068978.AMETH_4892,pyk,annotation&nbsp;not&nbsp;available,91.6
1068978.AMETH_1153,hutU,Urocanate&nbsp;hydratase,91.6
1068978.AMETH_0551,AMETH_0551,annotation&nbsp;not&nbsp;available,91.6
1068978.AMETH_6692,AMETH_6692,annotation&nbsp;not&nbsp;available,91.5
1068978.AMETH_2875,yajC,annotation&nbsp;not&nbsp;available,91.5
1068978.AMETH_2496,AMETH_2496,annotation&nbsp;not&nbsp;available,91.5
1068978.AMETH_0661,rpsQ,30S&nbsp;ribosomal&nbsp;protein&nbsp;S17,91.5
1068978.AMETH_3215,AMETH_3215,annotation&nbsp;not&nbsp;available,91.5
1068978.AMETH_3228,AMETH_3228,annotation&nbsp;not&nbsp;available,91.4
1068978.AMETH_4040,AMETH_4040,annotation&nbsp;not&nbsp;available,91.4
1068978.AMETH_7016,AMETH_7016,30S&nbsp;ribosomal&nbsp;protein&nbsp;S18,91.4
1068978.AMETH_1838,AMETH_1838,annotation&nbsp;not&nbsp;available,91.4
1068978.AMETH_6975,AMETH_6975,annotation&nbsp;not&nbsp;available,91.3
1068978.AMETH_3638,AMETH_3638,annotation&nbsp;not&nbsp;available,91.3
1068978.AMETH_2369,AMETH_2369,annotation&nbsp;not&nbsp;available,91.3
1068978.AMETH_5737,accD1,annotation&nbsp;not&nbsp;available,91.3
1068978.AMETH_1948,desK,annotation&nbsp;not&nbsp;available,91.3
1068978.AMETH_4952,AMETH_4952,annotation&nbsp;not&nbsp;available,91.2
1068978.AMETH_0458,ccsX,annotation&nbsp;not&nbsp;available,91.2
1068978.AMETH_0036,AMETH_0036,annotation&nbsp;not&nbsp;available,91.2
1068978.AMETH_0852,AMETH_0852,annotation&nbsp;not&nbsp;available,91.2
1068978.AMETH_0319,bglA,annotation&nbsp;not&nbsp;available,91.1
1068978.AMETH_1825,AMETH_1825,annotation&nbsp;not&nbsp;available,91.1
1068978.AMETH_1358,atpC,ATP&nbsp;synthase&nbsp;epsilon&nbsp;chain,91.1
1068978.AMETH_4057,AMETH_4057,annotation&nbsp;not&nbsp;available,91.1
1068978.AMETH_5213,AMETH_5213,annotation&nbsp;not&nbsp;available,91.1
1068978.AMETH_6653,gadB,annotation&nbsp;not&nbsp;available,91.1
1068978.AMETH_6077,AMETH_6077,annotation&nbsp;not&nbsp;available,91.0
1068978.AMETH_4042,AMETH_4042,annotation&nbsp;not&nbsp;available,91.0
1068978.AMETH_6918,trxA4,annotation&nbsp;not&nbsp;available,91.0
1068978.AMETH_4883,AMETH_4883,annotation&nbsp;not&nbsp;available,90.9
1068978.AMETH_0878,pccB,annotation&nbsp;not&nbsp;available,90.9
1068978.AMETH_6004,AMETH_6004,annotation&nbsp;not&nbsp;available,90.9
1068978.AMETH_3608,AMETH_3608,annotation&nbsp;not&nbsp;available,90.9
1068978.AMETH_6646,AMETH_6646,annotation&nbsp;not&nbsp;available,90.8
1068978.AMETH_0700,glmM,Phosphoglucosamine&nbsp;mutase,90.8
1068978.AMETH_5458,cobL,annotation&nbsp;not&nbsp;available,90.8
1068978.AMETH_0487,nuoE,annotation&nbsp;not&nbsp;available,90.8
1068978.AMETH_0552,AMETH_0552,annotation&nbsp;not&nbsp;available,90.8
1068978.AMETH_2070,AMETH_2070,annotation&nbsp;not&nbsp;available,90.8
1068978.AMETH_6680,appCC,annotation&nbsp;not&nbsp;available,90.7
1068978.AMETH_5809,AMETH_5809,annotation&nbsp;not&nbsp;available,90.7
1068978.AMETH_2683,argH,annotation&nbsp;not&nbsp;available,90.7
1068978.AMETH_2360,AMETH_2360,annotation&nbsp;not&nbsp;available,90.7
1068978.AMETH_6790,AMETH_6790,annotation&nbsp;not&nbsp;available,90.7
1068978.AMETH_3020,acn,annotation&nbsp;not&nbsp;available,90.6
1068978.AMETH_2163,lldD1,annotation&nbsp;not&nbsp;available,90.6
1068978.AMETH_4324,AMETH_4324,annotation&nbsp;not&nbsp;available,90.6
1068978.AMETH_4131,AMETH_4131,annotation&nbsp;not&nbsp;available,90.6
1068978.AMETH_3819,AMETH_3819,annotation&nbsp;not&nbsp;available,90.5
1068978.AMETH_0648,rpsG,30S&nbsp;ribosomal&nbsp;protein&nbsp;S7,90.5
1068978.AMETH_6419,AMETH_6419,O-succinylbenzoate&nbsp;synthase,90.5
1068978.AMETH_5391,AMETH_5391,annotation&nbsp;not&nbsp;available,90.5
1068978.AMETH_4492,AMETH_4492,Formyltetrahydrofolate&nbsp;deformylase,90.5
1068978.AMETH_6438,AMETH_6438,Peptide&nbsp;deformylase,90.4
1068978.AMETH_6037,AMETH_6037,annotation&nbsp;not&nbsp;available,90.4
1068978.AMETH_0406,proW,annotation&nbsp;not&nbsp;available,90.3
1068978.AMETH_0141,AMETH_0141,annotation&nbsp;not&nbsp;available,90.3
1068978.AMETH_6911,AMETH_6911,annotation&nbsp;not&nbsp;available,90.3
1068978.AMETH_4458,AMETH_4458,annotation&nbsp;not&nbsp;available,90.2
1068978.AMETH_5394,pcaG,annotation&nbsp;not&nbsp;available,90.2
1068978.AMETH_0651,rpsJ,30S&nbsp;ribosomal&nbsp;protein&nbsp;S10,90.2
1068978.AMETH_4621,AMETH_4621,annotation&nbsp;not&nbsp;available,90.2
1068978.AMETH_4940,glk,annotation&nbsp;not&nbsp;available,90.1
1068978.AMETH_5843,sbcC,annotation&nbsp;not&nbsp;available,90.0
1068978.AMETH_6040,AMETH_6040,annotation&nbsp;not&nbsp;available,90.0
1068978.AMETH_2984,AMETH_2984,annotation&nbsp;not&nbsp;available,90.0
1068978.AMETH_1361,AMETH_1361,annotation&nbsp;not&nbsp;available,90.0
1068978.AMETH_5973,rplY,50S&nbsp;ribosomal&nbsp;protein&nbsp;L25,90.0
1068978.AMETH_0660,rpmC,annotation&nbsp;not&nbsp;available,90.0
1068978.AMETH_4143,carB,annotation&nbsp;not&nbsp;available,89.9
1068978.AMETH_3611,AMETH_3611,annotation&nbsp;not&nbsp;available,89.9
1068978.AMETH_5466,cobG,annotation&nbsp;not&nbsp;available,89.9
1068978.AMETH_6418,AMETH_6418,annotation&nbsp;not&nbsp;available,89.9
1068978.AMETH_4954,AMETH_4954,annotation&nbsp;not&nbsp;available,89.9
1068978.AMETH_6559,AMETH_6559,annotation&nbsp;not&nbsp;available,89.7
1068978.AMETH_5581,AMETH_5581,Acetyl-CoA&nbsp;synthetase,89.7
1068978.AMETH_0856,AMETH_0856,annotation&nbsp;not&nbsp;available,89.7
1068978.AMETH_0392,AMETH_0392,annotation&nbsp;not&nbsp;available,89.6
1068978.AMETH_1352,atpE,ATP&nbsp;synthase&nbsp;subunit&nbsp;c,89.6
1068978.AMETH_0104,AMETH_0104,annotation&nbsp;not&nbsp;available,89.5
1068978.AMETH_1617,AMETH_1617,annotation&nbsp;not&nbsp;available,89.5
1068978.AMETH_2391,AMETH_2391,annotation&nbsp;not&nbsp;available,89.5
1068978.AMETH_5498,AMETH_5498,Phenolic&nbsp;acid&nbsp;decarboxylase&nbsp;subunit&nbsp;C,89.5
1068978.AMETH_6815,frcC,annotation&nbsp;not&nbsp;available,89.4
1068978.AMETH_1211,AMETH_1211,annotation&nbsp;not&nbsp;available,89.4
1068978.AMETH_4345,AMETH_4345,annotation&nbsp;not&nbsp;available,89.4
1068978.AMETH_5854,AMETH_5854,annotation&nbsp;not&nbsp;available,89.4
1068978.AMETH_1739,fdhD,Sulfur&nbsp;carrier&nbsp;protein&nbsp;FdhD,89.3
1068978.AMETH_0817,cdd,annotation&nbsp;not&nbsp;available,89.3
1068978.AMETH_5296,AMETH_5296,annotation&nbsp;not&nbsp;available,89.3
1068978.AMETH_0578,AMETH_0578,ATP&nbsp;synthase&nbsp;subunit&nbsp;b,89.3
1068978.AMETH_2878,apt,Adenine&nbsp;phosphoribosyltransferase,89.3
1068978.AMETH_1685,gudB,annotation&nbsp;not&nbsp;available,89.2
1068978.AMETH_0280,AMETH_0280,annotation&nbsp;not&nbsp;available,89.2
1068978.AMETH_6535,AMETH_6535,annotation&nbsp;not&nbsp;available,89.2
1068978.AMETH_1643,frr,Ribosome-recycling&nbsp;factor,89.1
1068978.AMETH_4759,cutS,annotation&nbsp;not&nbsp;available,89.1
1068978.AMETH_0148,AMETH_0148,annotation&nbsp;not&nbsp;available,89.1
1068978.AMETH_4915,AMETH_4915,annotation&nbsp;not&nbsp;available,89.1
1068978.AMETH_5306,AMETH_5306,annotation&nbsp;not&nbsp;available,89.1
1068978.AMETH_2105,AMETH_2105,annotation&nbsp;not&nbsp;available,89.1
1068978.AMETH_0716,AMETH_0716,annotation&nbsp;not&nbsp;available,89.1
1068978.AMETH_0830,smoE,annotation&nbsp;not&nbsp;available,89.1
1068978.AMETH_2910,fecC,annotation&nbsp;not&nbsp;available,89.1
1068978.AMETH_1188,AMETH_1188,annotation&nbsp;not&nbsp;available,89.1
1068978.AMETH_7017,rplI,50S&nbsp;ribosomal&nbsp;protein&nbsp;L9,89.0
1068978.AMETH_2497,AMETH_2497,annotation&nbsp;not&nbsp;available,89.0
1068978.AMETH_5224,paaB,annotation&nbsp;not&nbsp;available,89.0
1068978.AMETH_3877,AMETH_3877,annotation&nbsp;not&nbsp;available,89.0
1068978.AMETH_0650,tufA,Elongation&nbsp;factor&nbsp;Tu,89.0
1068978.AMETH_5123,qcrA,annotation&nbsp;not&nbsp;available,89.0
1068978.AMETH_0841,upp,Uracil&nbsp;phosphoribosyltransferase,88.9
1068978.AMETH_0838,AMETH_0838,annotation&nbsp;not&nbsp;available,88.9
1068978.AMETH_4786,AMETH_4786,annotation&nbsp;not&nbsp;available,88.9
1068978.AMETH_2825,AMETH_2825,annotation&nbsp;not&nbsp;available,88.9
1068978.AMETH_2687,AMETH_2687,annotation&nbsp;not&nbsp;available,88.9
1068978.AMETH_5909,AMETH_5909,annotation&nbsp;not&nbsp;available,88.9
1068978.AMETH_6128,AMETH_6128,annotation&nbsp;not&nbsp;available,88.8
1068978.AMETH_6546,AMETH_6546,annotation&nbsp;not&nbsp;available,88.8
1068978.AMETH_0678,rpmJ,annotation&nbsp;not&nbsp;available,88.8
1068978.AMETH_4132,rsmB,annotation&nbsp;not&nbsp;available,88.8
1068978.AMETH_2529,ftsQ,Cell&nbsp;division&nbsp;protein&nbsp;FtsQ,88.8
1068978.AMETH_1485,ligA,DNA&nbsp;ligase,88.7
1068978.AMETH_0698,rplM,50S&nbsp;ribosomal&nbsp;protein&nbsp;L13,88.7
1068978.AMETH_0717,accD3,annotation&nbsp;not&nbsp;available,88.7
1068978.AMETH_5030,AMETH_5030,annotation&nbsp;not&nbsp;available,88.6
1068978.AMETH_3596,AMETH_3596,Putative&nbsp;ribose/galactose/methyl&nbsp;galactoside&nbsp;import&nbsp;ATP-binding&nbsp;protein,88.6
1068978.AMETH_5755,AMETH_5755,annotation&nbsp;not&nbsp;available,88.6
1068978.AMETH_4346,AMETH_4346,annotation&nbsp;not&nbsp;available,88.6
1068978.AMETH_1415,AMETH_1415,annotation&nbsp;not&nbsp;available,88.6
1068978.AMETH_6133,AMETH_6133,annotation&nbsp;not&nbsp;available,88.5
1068978.AMETH_1337,AMETH_1337,Diaminopimelate&nbsp;decarboxylase,88.5
1068978.AMETH_4048,AMETH_4048,annotation&nbsp;not&nbsp;available,88.5
1068978.AMETH_2455,AMETH_2455,annotation&nbsp;not&nbsp;available,88.5
1068978.AMETH_6508,otsB,annotation&nbsp;not&nbsp;available,88.5
1068978.AMETH_4514,AMETH_4514,annotation&nbsp;not&nbsp;available,88.5
1068978.AMETH_5560,AMETH_5560,annotation&nbsp;not&nbsp;available,88.5
1068978.AMETH_0407,AMETH_0407,annotation&nbsp;not&nbsp;available,88.5
1068978.AMETH_2976,mhpE,4-hydroxy-2-oxovalerate&nbsp;aldolase,88.4
1068978.AMETH_0054,pabA,annotation&nbsp;not&nbsp;available,88.4
1068978.AMETH_4103,pgk,annotation&nbsp;not&nbsp;available,88.4
1068978.AMETH_4259,catI,annotation&nbsp;not&nbsp;available,88.4
1068978.AMETH_4866,mcm,Fused&nbsp;isobutyryl-CoA&nbsp;mutase,88.4
1068978.AMETH_0369,AMETH_0369,annotation&nbsp;not&nbsp;available,88.4
1068978.AMETH_0739,AMETH_0739,annotation&nbsp;not&nbsp;available,88.4
1068978.AMETH_6796,clpB,Chaperone&nbsp;protein&nbsp;ClpB,88.3
1068978.AMETH_4513,AMETH_4513,annotation&nbsp;not&nbsp;available,88.2
1068978.AMETH_1011,narK,annotation&nbsp;not&nbsp;available,88.2
1068978.AMETH_4323,AMETH_4323,annotation&nbsp;not&nbsp;available,88.2
1068978.AMETH_3212,AMETH_3212,annotation&nbsp;not&nbsp;available,88.2
1068978.AMETH_5274,AMETH_5274,annotation&nbsp;not&nbsp;available,88.2
1068978.AMETH_2982,AMETH_2982,annotation&nbsp;not&nbsp;available,88.2
1068978.AMETH_7054,pcnB,annotation&nbsp;not&nbsp;available,88.2
1068978.AMETH_5847,AMETH_5847,4-hydroxy-3-methylbut-2-enyl&nbsp;diphosphate&nbsp;reductase,88.1
1068978.AMETH_1782,AMETH_1782,annotation&nbsp;not&nbsp;available,88.1
1068978.AMETH_4970,galK,annotation&nbsp;not&nbsp;available,88.1
1068978.AMETH_4636,AMETH_4636,Riboflavin&nbsp;biosynthesis&nbsp;protein&nbsp;RibBA,88.1
1068978.AMETH_5892,AMETH_5892,annotation&nbsp;not&nbsp;available,88.1
1068978.AMETH_5527,AMETH_5527,annotation&nbsp;not&nbsp;available,88.1
1068978.AMETH_1989,AMETH_1989,annotation&nbsp;not&nbsp;available,88.1
1068978.AMETH_5996,AMETH_5996,annotation&nbsp;not&nbsp;available,88.0
1068978.AMETH_3546,arc,annotation&nbsp;not&nbsp;available,88.0
1068978.AMETH_4745,hemE,Uroporphyrinogen&nbsp;decarboxylase,87.9
1068978.AMETH_6059,AMETH_6059,annotation&nbsp;not&nbsp;available,87.9
1068978.AMETH_6146,AMETH_6146,annotation&nbsp;not&nbsp;available,87.9
1068978.AMETH_1197,AMETH_1197,annotation&nbsp;not&nbsp;available,87.9
1068978.AMETH_6061,galT,annotation&nbsp;not&nbsp;available,87.9
1068978.AMETH_5917,AMETH_5917,annotation&nbsp;not&nbsp;available,87.9
1068978.AMETH_1734,AMETH_1734,ATP-dependent&nbsp;Clp&nbsp;protease&nbsp;proteolytic&nbsp;subunit,87.9
1068978.AMETH_4454,AMETH_4454,annotation&nbsp;not&nbsp;available,87.9
1068978.AMETH_2781,AMETH_2781,annotation&nbsp;not&nbsp;available,87.8
1068978.AMETH_6881,purS,Phosphoribosylformylglycinamidine&nbsp;synthase&nbsp;subunit&nbsp;PurS,87.8
1068978.AMETH_3068,AMETH_3068,annotation&nbsp;not&nbsp;available,87.8
1068978.AMETH_4898,aroF,Phospho-2-dehydro-3-deoxyheptonate&nbsp;aldolase,87.8
1068978.AMETH_4770,AMETH_4770,annotation&nbsp;not&nbsp;available,87.7
1068978.AMETH_5100,AMETH_5100,annotation&nbsp;not&nbsp;available,87.7
1068978.AMETH_4072,AMETH_4072,annotation&nbsp;not&nbsp;available,87.6
1068978.AMETH_4150,nusB,Transcription&nbsp;antitermination&nbsp;protein&nbsp;NusB,87.6
1068978.AMETH_3238,AMETH_3238,annotation&nbsp;not&nbsp;available,87.6
1068978.AMETH_2392,AMETH_2392,annotation&nbsp;not&nbsp;available,87.6
1068978.AMETH_5074,AMETH_5074,Anthranilate&nbsp;synthase&nbsp;component&nbsp;1,87.5
1068978.AMETH_4958,AMETH_4958,annotation&nbsp;not&nbsp;available,87.5
1068978.AMETH_1753,valS,Valine--tRNA&nbsp;ligase,87.5
1068978.AMETH_4688,AMETH_4688,annotation&nbsp;not&nbsp;available,87.5
1068978.AMETH_5104,nadA,Quinolinate&nbsp;synthase&nbsp;A,87.5
1068978.AMETH_4070,AMETH_4070,annotation&nbsp;not&nbsp;available,87.4
1068978.AMETH_6428,psd,Phosphatidylserine&nbsp;decarboxylase&nbsp;proenzyme,87.4
1068978.AMETH_6853,AMETH_6853,annotation&nbsp;not&nbsp;available,87.4
1068978.AMETH_1487,AMETH_1487,annotation&nbsp;not&nbsp;available,87.4
1068978.AMETH_4959,AMETH_4959,annotation&nbsp;not&nbsp;available,87.4
1068978.AMETH_6710,AMETH_6710,annotation&nbsp;not&nbsp;available,87.4
1068978.AMETH_2777,AMETH_2777,annotation&nbsp;not&nbsp;available,87.4
1068978.AMETH_4590,AMETH_4590,O-succinylbenzoate&nbsp;synthase,87.3
1068978.AMETH_2212,AMETH_2212,annotation&nbsp;not&nbsp;available,87.3
1068978.AMETH_5120,AMETH_5120,annotation&nbsp;not&nbsp;available,87.2
1068978.AMETH_5970,prs,Ribose-phosphate&nbsp;pyrophosphokinase,87.2
1068978.AMETH_3111,AMETH_3111,annotation&nbsp;not&nbsp;available,87.2
1068978.AMETH_2764,malQ,annotation&nbsp;not&nbsp;available,87.2
1068978.AMETH_0009,AMETH_0009,DNA&nbsp;gyrase&nbsp;subunit&nbsp;B,87.2
1068978.AMETH_6092,AMETH_6092,annotation&nbsp;not&nbsp;available,87.1
1068978.AMETH_3844,AMETH_3844,annotation&nbsp;not&nbsp;available,87.1
1068978.AMETH_3784,AMETH_3784,annotation&nbsp;not&nbsp;available,87.1
1068978.AMETH_5517,AMETH_5517,annotation&nbsp;not&nbsp;available,87.1
1068978.AMETH_0934,AMETH_0934,annotation&nbsp;not&nbsp;available,87.1
1068978.AMETH_2296,AMETH_2296,annotation&nbsp;not&nbsp;available,87.1
1068978.AMETH_5389,AMETH_5389,annotation&nbsp;not&nbsp;available,87.1
1068978.AMETH_1567,AMETH_1567,Isopentenyl-diphosphate&nbsp;Delta-isomerase,87.1
1068978.AMETH_6647,AMETH_6647,annotation&nbsp;not&nbsp;available,87.0
1068978.AMETH_2224,ttuC,annotation&nbsp;not&nbsp;available,87.0
1068978.AMETH_0596,AMETH_0596,annotation&nbsp;not&nbsp;available,87.0
1068978.AMETH_6108,AMETH_6108,annotation&nbsp;not&nbsp;available,87.0
1068978.AMETH_0138,AMETH_0138,annotation&nbsp;not&nbsp;available,87.0
1068978.AMETH_1885,AMETH_1885,annotation&nbsp;not&nbsp;available,87.0
1068978.AMETH_3209,AMETH_3209,annotation&nbsp;not&nbsp;available,87.0
1068978.AMETH_5898,AMETH_5898,annotation&nbsp;not&nbsp;available,87.0
1068978.AMETH_3538,psmB,Proteasome&nbsp;subunit&nbsp;beta,86.9
1068978.AMETH_6925,pstB,Phosphate&nbsp;import&nbsp;ATP-binding&nbsp;protein&nbsp;PstB,86.9
1068978.AMETH_6594,AMETH_6594,DNA&nbsp;topoisomerase&nbsp;1,86.9
1068978.AMETH_0898,vicR,annotation&nbsp;not&nbsp;available,86.9
1068978.AMETH_0328,AMETH_0328,annotation&nbsp;not&nbsp;available,86.9
1068978.AMETH_4594,AMETH_4594,annotation&nbsp;not&nbsp;available,86.8
1068978.AMETH_0848,pmmB,annotation&nbsp;not&nbsp;available,86.8
1068978.AMETH_5395,pcaH,annotation&nbsp;not&nbsp;available,86.8
1068978.AMETH_1493,gatB,Aspartyl/glutamyl-tRNA(Asn/Gln)&nbsp;amidotransferase&nbsp;subunit&nbsp;B,86.8
1068978.AMETH_1084,AMETH_1084,annotation&nbsp;not&nbsp;available,86.8
1068978.AMETH_5138,ilvE,annotation&nbsp;not&nbsp;available,86.8
1068978.AMETH_2680,argD,annotation&nbsp;not&nbsp;available,86.7
1068978.AMETH_3567,AMETH_3567,annotation&nbsp;not&nbsp;available,86.7
1068978.AMETH_6224,ureG,Urease&nbsp;accessory&nbsp;protein&nbsp;UreG,86.7
1068978.AMETH_0514,AMETH_0514,annotation&nbsp;not&nbsp;available,86.7
1068978.AMETH_4066,sufB,annotation&nbsp;not&nbsp;available,86.7
1068978.AMETH_0329,fepC,annotation&nbsp;not&nbsp;available,86.6
1068978.AMETH_6885,AMETH_6885,Phosphoribosylformylglycinamidine&nbsp;synthase&nbsp;subunit&nbsp;PurL,86.6
1068978.AMETH_1244,dghA,annotation&nbsp;not&nbsp;available,86.6
1068978.AMETH_0659,rplP,50S&nbsp;ribosomal&nbsp;protein&nbsp;L16,86.6
1068978.AMETH_2757,AMETH_2757,annotation&nbsp;not&nbsp;available,86.5
1068978.AMETH_3823,AMETH_3823,annotation&nbsp;not&nbsp;available,86.5
1068978.AMETH_3512,AMETH_3512,annotation&nbsp;not&nbsp;available,86.5
1068978.AMETH_4178,alaS,Alanine--tRNA&nbsp;ligase,86.4
1068978.AMETH_0712,xylB,annotation&nbsp;not&nbsp;available,86.4
1068978.AMETH_6391,AMETH_6391,"GTP&nbsp;3',8-cyclase",86.4
1068978.AMETH_4283,AMETH_4283,annotation&nbsp;not&nbsp;available,86.3
1068978.AMETH_5723,AMETH_5723,annotation&nbsp;not&nbsp;available,86.3
1068978.AMETH_0594,AMETH_0594,annotation&nbsp;not&nbsp;available,86.3
1068978.AMETH_4578,AMETH_4578,annotation&nbsp;not&nbsp;available,86.3
1068978.AMETH_0634,AMETH_0634,annotation&nbsp;not&nbsp;available,86.3
1068978.AMETH_5099,AMETH_5099,annotation&nbsp;not&nbsp;available,86.3
1068978.AMETH_2627,AMETH_2627,annotation&nbsp;not&nbsp;available,86.2
1068978.AMETH_4062,nifU,annotation&nbsp;not&nbsp;available,86.2
1068978.AMETH_6514,ispF,"2-C-methyl-D-erythritol&nbsp;2,4-cyclodiphosphate&nbsp;synthase",86.2
1068978.AMETH_3738,AMETH_3738,Glycerol&nbsp;kinase,86.1
1068978.AMETH_0762,uvrD,annotation&nbsp;not&nbsp;available,86.1
1068978.AMETH_0868,AMETH_0868,annotation&nbsp;not&nbsp;available,86.1
1068978.AMETH_6539,cynT,Carbonic&nbsp;anhydrase,86.1
1068978.AMETH_5366,AMETH_5366,annotation&nbsp;not&nbsp;available,86.1
1068978.AMETH_5320,AMETH_5320,annotation&nbsp;not&nbsp;available,86.1
1068978.AMETH_6786,AMETH_6786,Chaperone&nbsp;protein&nbsp;DnaK,86.1
1068978.AMETH_3950,maiA,Maleate&nbsp;isomerase,86.1
1068978.AMETH_6791,fhbA,annotation&nbsp;not&nbsp;available,86.0
1068978.AMETH_0708,AMETH_0708,annotation&nbsp;not&nbsp;available,86.0
1068978.AMETH_1180,AMETH_1180,annotation&nbsp;not&nbsp;available,85.9
1068978.AMETH_1865,AMETH_1865,annotation&nbsp;not&nbsp;available,85.9
1068978.AMETH_1010,AMETH_1010,annotation&nbsp;not&nbsp;available,85.9
1068978.AMETH_3176,AMETH_3176,annotation&nbsp;not&nbsp;available,85.9
1068978.AMETH_2898,AMETH_2898,annotation&nbsp;not&nbsp;available,85.9
1068978.AMETH_6076,AMETH_6076,annotation&nbsp;not&nbsp;available,85.9
1068978.AMETH_2501,AMETH_2501,annotation&nbsp;not&nbsp;available,85.9
1068978.AMETH_6225,AMETH_6225,annotation&nbsp;not&nbsp;available,85.8
1068978.AMETH_0059,pknA,annotation&nbsp;not&nbsp;available,85.8
1068978.AMETH_3210,AMETH_3210,annotation&nbsp;not&nbsp;available,85.8
1068978.AMETH_4769,AMETH_4769,annotation&nbsp;not&nbsp;available,85.8
1068978.AMETH_5326,AMETH_5326,annotation&nbsp;not&nbsp;available,85.8
1068978.AMETH_5806,AMETH_5806,annotation&nbsp;not&nbsp;available,85.8
1068978.AMETH_1727,AMETH_1727,annotation&nbsp;not&nbsp;available,85.7
1068978.AMETH_6807,pyrE,Orotate&nbsp;phosphoribosyltransferase,85.7
1068978.AMETH_2679,argB,Acetylglutamate&nbsp;kinase,85.7
1068978.AMETH_3754,AMETH_3754,annotation&nbsp;not&nbsp;available,85.7
1068978.AMETH_5897,AMETH_5897,annotation&nbsp;not&nbsp;available,85.7
1068978.AMETH_5662,AMETH_5662,annotation&nbsp;not&nbsp;available,85.6
1068978.AMETH_5005,AMETH_5005,annotation&nbsp;not&nbsp;available,85.5
1068978.AMETH_1980,AMETH_1980,annotation&nbsp;not&nbsp;available,85.5
1068978.AMETH_5838,phhB,annotation&nbsp;not&nbsp;available,85.5
1068978.AMETH_1642,pyrH,Uridylate&nbsp;kinase,85.5
1068978.AMETH_1575,kdpD,annotation&nbsp;not&nbsp;available,85.5
1068978.AMETH_1890,cysH,Phosphoadenosine&nbsp;phosphosulfate&nbsp;reductase,85.4
1068978.AMETH_3704,AMETH_3704,annotation&nbsp;not&nbsp;available,85.4
1068978.AMETH_5967,AMETH_5967,annotation&nbsp;not&nbsp;available,85.4
1068978.AMETH_2560,AMETH_2560,annotation&nbsp;not&nbsp;available,85.4
1068978.AMETH_2012,xdhA,annotation&nbsp;not&nbsp;available,85.3
1068978.AMETH_2066,AMETH_2066,annotation&nbsp;not&nbsp;available,85.3
1068978.AMETH_4863,fruB,annotation&nbsp;not&nbsp;available,85.3
1068978.AMETH_6107,AMETH_6107,annotation&nbsp;not&nbsp;available,85.3
1068978.AMETH_5122,qcrB,annotation&nbsp;not&nbsp;available,85.3
1068978.AMETH_0615,AMETH_0615,annotation&nbsp;not&nbsp;available,85.3
1068978.AMETH_2915,AMETH_2915,annotation&nbsp;not&nbsp;available,85.3
1068978.AMETH_4614,AMETH_4614,annotation&nbsp;not&nbsp;available,85.3
1068978.AMETH_3983,AMETH_3983,annotation&nbsp;not&nbsp;available,85.3
1068978.AMETH_3178,AMETH_3178,annotation&nbsp;not&nbsp;available,85.2
1068978.AMETH_1108,AMETH_1108,annotation&nbsp;not&nbsp;available,85.2
1068978.AMETH_4093,talA,Transaldolase,85.1
1068978.AMETH_5968,AMETH_5968,annotation&nbsp;not&nbsp;available,85.1
1068978.AMETH_5243,AMETH_5243,annotation&nbsp;not&nbsp;available,85.1
1068978.AMETH_1986,AMETH_1986,annotation&nbsp;not&nbsp;available,85.1
1068978.AMETH_1843,AMETH_1843,annotation&nbsp;not&nbsp;available,85.1
1068978.AMETH_3739,AMETH_3739,annotation&nbsp;not&nbsp;available,85.1
1068978.AMETH_4462,AMETH_4462,annotation&nbsp;not&nbsp;available,85.1
1068978.AMETH_4065,sufD,annotation&nbsp;not&nbsp;available,85.0
1068978.AMETH_0664,rplE,50S&nbsp;ribosomal&nbsp;protein&nbsp;L5,85.0
1068978.AMETH_0507,AMETH_0507,annotation&nbsp;not&nbsp;available,85.0
1068978.AMETH_4488,AMETH_4488,Bifunctional&nbsp;protein&nbsp;FolD,85.0
1068978.AMETH_2312,AMETH_2312,annotation&nbsp;not&nbsp;available,85.0
1068978.AMETH_5855,fumC,Fumarate&nbsp;hydratase&nbsp;class&nbsp;II,84.9
1068978.AMETH_3887,AMETH_3887,annotation&nbsp;not&nbsp;available,84.9
1068978.AMETH_1448,AMETH_1448,annotation&nbsp;not&nbsp;available,84.8
1068978.AMETH_4333,AMETH_4333,annotation&nbsp;not&nbsp;available,84.8
1068978.AMETH_4693,AMETH_4693,Ketol-acid&nbsp;reductoisomerase&nbsp;(NADP(+)),84.8
1068978.AMETH_4137,metK,S-adenosylmethionine&nbsp;synthase,84.8
1068978.AMETH_6665,AMETH_6665,annotation&nbsp;not&nbsp;available,84.7
1068978.AMETH_1792,rpsT,30S&nbsp;ribosomal&nbsp;protein&nbsp;S20,84.7
1068978.AMETH_2465,pepR,annotation&nbsp;not&nbsp;available,84.7
1068978.AMETH_0831,AMETH_0831,annotation&nbsp;not&nbsp;available,84.7
1068978.AMETH_0863,AMETH_0863,annotation&nbsp;not&nbsp;available,84.7
1068978.AMETH_4934,AMETH_4934,annotation&nbsp;not&nbsp;available,84.7
1068978.AMETH_2857,thrS,Threonine--tRNA&nbsp;ligase,84.7
1068978.AMETH_5187,fabF,3-oxoacyl-[acyl-carrier-protein]&nbsp;synthase&nbsp;2,84.6
1068978.AMETH_4175,aroE,annotation&nbsp;not&nbsp;available,84.6
1068978.AMETH_1627,AMETH_1627,annotation&nbsp;not&nbsp;available,84.6
1068978.AMETH_6749,AMETH_6749,annotation&nbsp;not&nbsp;available,84.6
1068978.AMETH_0748,AMETH_0748,GMP&nbsp;synthase&nbsp;[glutamine-hydrolyzing],84.6
1068978.AMETH_0096,AMETH_0096,annotation&nbsp;not&nbsp;available,84.6
1068978.AMETH_2958,AMETH_2958,DNA&nbsp;polymerase&nbsp;I,84.6
1068978.AMETH_1360,AMETH_1360,annotation&nbsp;not&nbsp;available,84.6
1068978.AMETH_6042,AMETH_6042,annotation&nbsp;not&nbsp;available,84.6
1068978.AMETH_4248,AMETH_4248,annotation&nbsp;not&nbsp;available,84.6
1068978.AMETH_2749,AMETH_2749,annotation&nbsp;not&nbsp;available,84.5
1068978.AMETH_1319,AMETH_1319,annotation&nbsp;not&nbsp;available,84.5
1068978.AMETH_4155,AMETH_4155,annotation&nbsp;not&nbsp;available,84.5
1068978.AMETH_4612,AMETH_4612,annotation&nbsp;not&nbsp;available,84.4
1068978.AMETH_5699,AMETH_5699,annotation&nbsp;not&nbsp;available,84.3
1068978.AMETH_4119,AMETH_4119,annotation&nbsp;not&nbsp;available,84.3
1068978.AMETH_1115,AMETH_1115,annotation&nbsp;not&nbsp;available,84.3
1068978.AMETH_4520,AMETH_4520,annotation&nbsp;not&nbsp;available,84.2
1068978.AMETH_5948,mazG,annotation&nbsp;not&nbsp;available,84.2
1068978.AMETH_5381,xdhC,annotation&nbsp;not&nbsp;available,84.2
1068978.AMETH_0194,AMETH_0194,annotation&nbsp;not&nbsp;available,84.2
1068978.AMETH_2395,AMETH_2395,Phosphoenolpyruvate-protein&nbsp;phosphotransferase,84.2
1068978.AMETH_2313,AMETH_2313,annotation&nbsp;not&nbsp;available,84.1
1068978.AMETH_3432,AMETH_3432,annotation&nbsp;not&nbsp;available,84.1
1068978.AMETH_5819,AMETH_5819,annotation&nbsp;not&nbsp;available,84.1
1068978.AMETH_2889,AMETH_2889,annotation&nbsp;not&nbsp;available,84.1
1068978.AMETH_4891,AMETH_4891,annotation&nbsp;not&nbsp;available,84.1
1068978.AMETH_5055,aroG,annotation&nbsp;not&nbsp;available,84.1
1068978.AMETH_2399,AMETH_2399,annotation&nbsp;not&nbsp;available,84.1
1068978.AMETH_6923,pstC,Phosphate&nbsp;transport&nbsp;system&nbsp;permease&nbsp;protein,84.1
1068978.AMETH_4875,speE,Polyamine&nbsp;aminopropyltransferase,84.0
1068978.AMETH_1916,pydB,annotation&nbsp;not&nbsp;available,84.0
1068978.AMETH_3875,AMETH_3875,annotation&nbsp;not&nbsp;available,84.0
1068978.AMETH_6641,AMETH_6641,annotation&nbsp;not&nbsp;available,84.0
1068978.AMETH_3549,AMETH_3549,tRNA&nbsp;(adenine(58)-N(1))-methyltransferase&nbsp;TrmI,84.0
1068978.AMETH_3606,AMETH_3606,annotation&nbsp;not&nbsp;available,84.0
1068978.AMETH_0727,groS,10&nbsp;kDa&nbsp;chaperonin,84.0
1068978.AMETH_1357,atpD,ATP&nbsp;synthase&nbsp;subunit&nbsp;beta,84.0
1068978.AMETH_4169,AMETH_4169,annotation&nbsp;not&nbsp;available,83.9
1068978.AMETH_5477,AMETH_5477,annotation&nbsp;not&nbsp;available,83.9
1068978.AMETH_4752,AMETH_4752,annotation&nbsp;not&nbsp;available,83.9
1068978.AMETH_2121,AMETH_2121,annotation&nbsp;not&nbsp;available,83.9
1068978.AMETH_4850,AMETH_4850,annotation&nbsp;not&nbsp;available,83.9
1068978.AMETH_0614,lon,Lon&nbsp;protease,83.9
1068978.AMETH_5922,AMETH_5922,annotation&nbsp;not&nbsp;available,83.8
1068978.AMETH_6079,AMETH_6079,annotation&nbsp;not&nbsp;available,83.8
1068978.AMETH_4696,AMETH_4696,annotation&nbsp;not&nbsp;available,83.8
1068978.AMETH_3956,AMETH_3956,annotation&nbsp;not&nbsp;available,83.7
1068978.AMETH_1195,AMETH_1195,annotation&nbsp;not&nbsp;available,83.7
1068978.AMETH_5841,AMETH_5841,annotation&nbsp;not&nbsp;available,83.7
1068978.AMETH_2720,ggt,annotation&nbsp;not&nbsp;available,83.7
1068978.AMETH_5650,AMETH_5650,annotation&nbsp;not&nbsp;available,83.7
1068978.AMETH_3810,AMETH_3810,annotation&nbsp;not&nbsp;available,83.6
1068978.AMETH_2832,AMETH_2832,annotation&nbsp;not&nbsp;available,83.6
1068978.AMETH_0679,rpsM,30S&nbsp;ribosomal&nbsp;protein&nbsp;S13,83.5
1068978.AMETH_0644,AMETH_0644,annotation&nbsp;not&nbsp;available,83.5
1068978.AMETH_2375,AMETH_2375,60&nbsp;kDa&nbsp;chaperonin,83.5
1068978.AMETH_0676,AMETH_0676,annotation&nbsp;not&nbsp;available,83.4
1068978.AMETH_0411,AMETH_0411,Formyltetrahydrofolate&nbsp;deformylase,83.4
1068978.AMETH_4867,AMETH_4867,annotation&nbsp;not&nbsp;available,83.4
1068978.AMETH_4713,AMETH_4713,annotation&nbsp;not&nbsp;available,83.4
1068978.AMETH_3509,AMETH_3509,annotation&nbsp;not&nbsp;available,83.4
1068978.AMETH_6745,AMETH_6745,annotation&nbsp;not&nbsp;available,83.3
1068978.AMETH_2048,AMETH_2048,annotation&nbsp;not&nbsp;available,83.3
1068978.AMETH_7005,ino1,annotation&nbsp;not&nbsp;available,83.3
1068978.AMETH_6898,purF,Amidophosphoribosyltransferase,83.2
1068978.AMETH_5007,AMETH_5007,annotation&nbsp;not&nbsp;available,83.2
1068978.AMETH_5085,AMETH_5085,annotation&nbsp;not&nbsp;available,83.2
1068978.AMETH_1778,rpmA,annotation&nbsp;not&nbsp;available,83.2
1068978.AMETH_2811,AMETH_2811,annotation&nbsp;not&nbsp;available,83.2
1068978.AMETH_6121,AMETH_6121,annotation&nbsp;not&nbsp;available,83.2
1068978.AMETH_6094,AMETH_6094,annotation&nbsp;not&nbsp;available,83.2
1068978.AMETH_6554,AMETH_6554,annotation&nbsp;not&nbsp;available,83.2
1068978.AMETH_4102,tpiA,Triosephosphate&nbsp;isomerase,83.2
1068978.AMETH_0490,nuoH,NADH-quinone&nbsp;oxidoreductase&nbsp;subunit&nbsp;H,83.1
1068978.AMETH_0935,dapC,annotation&nbsp;not&nbsp;available,83.1
1068978.AMETH_4788,rpoD,RNA&nbsp;polymerase&nbsp;sigma&nbsp;factor&nbsp;SigA,83.1
1068978.AMETH_5469,AMETH_5469,annotation&nbsp;not&nbsp;available,83.1
1068978.AMETH_3333,AMETH_3333,annotation&nbsp;not&nbsp;available,83.0
1068978.AMETH_4648,AMETH_4648,annotation&nbsp;not&nbsp;available,83.0
1068978.AMETH_0788,AMETH_0788,annotation&nbsp;not&nbsp;available,83.0
1068978.AMETH_1971,AMETH_1971,annotation&nbsp;not&nbsp;available,83.0
1068978.AMETH_5027,AMETH_5027,Peptide&nbsp;deformylase,82.9
1068978.AMETH_1630,rplS,50S&nbsp;ribosomal&nbsp;protein&nbsp;L19,82.9
1068978.AMETH_5499,padI,Probable&nbsp;UbiX-like&nbsp;flavin&nbsp;prenyltransferase,82.9
1068978.AMETH_0423,gpmA,"2,3-bisphosphoglycerate-dependent&nbsp;phosphoglycerate&nbsp;mutase",82.9
1068978.AMETH_3560,hisE,annotation&nbsp;not&nbsp;available,82.8
1068978.AMETH_4038,AMETH_4038,annotation&nbsp;not&nbsp;available,82.8
1068978.AMETH_3059,AMETH_3059,annotation&nbsp;not&nbsp;available,82.8
1068978.AMETH_2153,AMETH_2153,annotation&nbsp;not&nbsp;available,82.8
1068978.AMETH_0675,adk,Adenylate&nbsp;kinase,82.7
1068978.AMETH_1576,kdpE,annotation&nbsp;not&nbsp;available,82.6
1068978.AMETH_4118,AMETH_4118,annotation&nbsp;not&nbsp;available,82.6
1068978.AMETH_1887,AMETH_1887,annotation&nbsp;not&nbsp;available,82.6
1068978.AMETH_2763,AMETH_2763,annotation&nbsp;not&nbsp;available,82.6
1068978.AMETH_6063,mprB,annotation&nbsp;not&nbsp;available,82.5
1068978.AMETH_2526,AMETH_2526,annotation&nbsp;not&nbsp;available,82.5
1068978.AMETH_0100,bglB,annotation&nbsp;not&nbsp;available,82.5
1068978.AMETH_4830,AMETH_4830,annotation&nbsp;not&nbsp;available,82.5
1068978.AMETH_4484,soxA,annotation&nbsp;not&nbsp;available,82.5
1068978.AMETH_0492,nuoJ,annotation&nbsp;not&nbsp;available,82.5
1068978.AMETH_0219,AMETH_0219,annotation&nbsp;not&nbsp;available,82.4
1068978.AMETH_6324,AMETH_6265,annotation&nbsp;not&nbsp;available,82.4
1068978.AMETH_6091,baeS,annotation&nbsp;not&nbsp;available,82.4
1068978.AMETH_5791,AMETH_5791,Protein&nbsp;translocase&nbsp;subunit&nbsp;SecA,82.3
1068978.AMETH_6179,AMETH_6179,annotation&nbsp;not&nbsp;available,82.3
1068978.AMETH_4138,dfp,Coenzyme&nbsp;A&nbsp;biosynthesis&nbsp;bifunctional&nbsp;protein&nbsp;CoaBC,82.3
1068978.AMETH_4651,AMETH_4651,annotation&nbsp;not&nbsp;available,82.3
1068978.AMETH_3800,AMETH_3800,annotation&nbsp;not&nbsp;available,82.2
1068978.AMETH_3894,AMETH_3894,annotation&nbsp;not&nbsp;available,82.2
1068978.AMETH_3061,AMETH_3061,annotation&nbsp;not&nbsp;available,82.2
1068978.AMETH_4030,AMETH_4030,annotation&nbsp;not&nbsp;available,82.1
1068978.AMETH_6668,asd,Aspartate-semialdehyde&nbsp;dehydrogenase,82.1
1068978.AMETH_5703,AMETH_5703,annotation&nbsp;not&nbsp;available,82.1
1068978.AMETH_4243,AMETH_4243,annotation&nbsp;not&nbsp;available,82.1
1068978.AMETH_5130,coxB,annotation&nbsp;not&nbsp;available,82.1
1068978.AMETH_4516,AMETH_4516,annotation&nbsp;not&nbsp;available,82.1
1068978.AMETH_1779,obg,GTPase&nbsp;Obg,82.1
1068978.AMETH_4465,AMETH_4465,annotation&nbsp;not&nbsp;available,82.1
1068978.AMETH_2909,AMETH_2909,annotation&nbsp;not&nbsp;available,82.1
1068978.AMETH_3803,AMETH_3803,annotation&nbsp;not&nbsp;available,82.0
1068978.AMETH_2136,rhaS,annotation&nbsp;not&nbsp;available,82.0
1068978.AMETH_6673,AMETH_6673,2-isopropylmalate&nbsp;synthase,82.0
1068978.AMETH_1570,AMETH_1570,annotation&nbsp;not&nbsp;available,82.0
1068978.AMETH_4486,AMETH_4486,annotation&nbsp;not&nbsp;available,81.9
1068978.AMETH_0047,AMETH_0047,Peptidyl-prolyl&nbsp;cis-trans&nbsp;isomerase,81.9
1068978.AMETH_0345,tyrA,annotation&nbsp;not&nbsp;available,81.9
1068978.AMETH_5070,trpA,Tryptophan&nbsp;synthase&nbsp;alpha&nbsp;chain,81.9
1068978.AMETH_5142,AMETH_5142,annotation&nbsp;not&nbsp;available,81.9
1068978.AMETH_0909,AMETH_0909,annotation&nbsp;not&nbsp;available,81.9
1068978.AMETH_2069,AMETH_2069,annotation&nbsp;not&nbsp;available,81.8
1068978.AMETH_4134,AMETH_4134,annotation&nbsp;not&nbsp;available,81.8
1068978.AMETH_6105,AMETH_6105,annotation&nbsp;not&nbsp;available,81.8
1068978.AMETH_0331,AMETH_0331,annotation&nbsp;not&nbsp;available,81.8
1068978.AMETH_2792,AMETH_2792,annotation&nbsp;not&nbsp;available,81.8
1068978.AMETH_5781,rsgA,Ribosome&nbsp;small&nbsp;subunit-dependent&nbsp;GTPase&nbsp;A,81.8
1068978.AMETH_3223,AMETH_3223,annotation&nbsp;not&nbsp;available,81.7
1068978.AMETH_2273,AMETH_2273,annotation&nbsp;not&nbsp;available,81.6
1068978.AMETH_3897,AMETH_3897,O-succinylbenzoate&nbsp;synthase,81.6
1068978.AMETH_1512,AMETH_1512,3-isopropylmalate&nbsp;dehydrogenase,81.6
1068978.AMETH_5474,AMETH_5474,annotation&nbsp;not&nbsp;available,81.6
1068978.AMETH_1811,AMETH_1811,annotation&nbsp;not&nbsp;available,81.6
1068978.AMETH_4352,AMETH_4352,annotation&nbsp;not&nbsp;available,81.6
1068978.AMETH_4129,ribC,annotation&nbsp;not&nbsp;available,81.5
1068978.AMETH_0071,AMETH_0071,annotation&nbsp;not&nbsp;available,81.5
1068978.AMETH_1209,AMETH_1209,annotation&nbsp;not&nbsp;available,81.5
1068978.AMETH_4494,AMETH_4494,annotation&nbsp;not&nbsp;available,81.4
1068978.AMETH_1607,allB,annotation&nbsp;not&nbsp;available,81.4
1068978.AMETH_4526,AMETH_4526,Catalase-peroxidase,81.4
1068978.AMETH_2413,AMETH_2413,annotation&nbsp;not&nbsp;available,81.4
1068978.AMETH_1088,AMETH_1088,annotation&nbsp;not&nbsp;available,81.4
1068978.AMETH_0738,AMETH_0738,Inosine-5'-monophosphate&nbsp;dehydrogenase,81.4
1068978.AMETH_7066,AMETH_7066,D-alanine--D-alanine&nbsp;ligase,81.4
1068978.AMETH_6053,galU,annotation&nbsp;not&nbsp;available,81.4
1068978.AMETH_1016,AMETH_1016,annotation&nbsp;not&nbsp;available,81.4
1068978.AMETH_3416,AMETH_3416,Undecaprenyl-diphosphatase,81.3
1068978.AMETH_3208,AMETH_3208,annotation&nbsp;not&nbsp;available,81.3
1068978.AMETH_0461,ccsB,annotation&nbsp;not&nbsp;available,81.3
1068978.AMETH_0494,nuoL,annotation&nbsp;not&nbsp;available,81.3
1068978.AMETH_2338,dadA2,annotation&nbsp;not&nbsp;available,81.3
1068978.AMETH_2322,AMETH_2322,annotation&nbsp;not&nbsp;available,81.2
1068978.AMETH_2559,AMETH_2559,annotation&nbsp;not&nbsp;available,81.2
1068978.AMETH_2522,murE,"UDP-N-acetylmuramoyl-L-alanyl-D-glutamate--2,6-diaminopimelate&nbsp;ligase",81.2
1068978.AMETH_1200,AMETH_1200,annotation&nbsp;not&nbsp;available,81.1
1068978.AMETH_1013,nirD,annotation&nbsp;not&nbsp;available,81.1
1068978.AMETH_5717,AMETH_5717,annotation&nbsp;not&nbsp;available,81.1
1068978.AMETH_2809,AMETH_2809,annotation&nbsp;not&nbsp;available,81.1
1068978.AMETH_3189,AMETH_3189,annotation&nbsp;not&nbsp;available,81.0
1068978.AMETH_0586,AMETH_0586,annotation&nbsp;not&nbsp;available,81.0
1068978.AMETH_2719,AMETH_2719,annotation&nbsp;not&nbsp;available,81.0
1068978.AMETH_1959,dnaG,DNA&nbsp;primase,81.0
1068978.AMETH_6555,clpC,annotation&nbsp;not&nbsp;available,81.0
1068978.AMETH_5332,AMETH_5332,annotation&nbsp;not&nbsp;available,81.0
1068978.AMETH_5497,AMETH_5497,annotation&nbsp;not&nbsp;available,81.0
1068978.AMETH_4452,AMETH_4452,annotation&nbsp;not&nbsp;available,80.9
1068978.AMETH_6420,AMETH_6420,annotation&nbsp;not&nbsp;available,80.9
1068978.AMETH_3714,AMETH_3714,annotation&nbsp;not&nbsp;available,80.8
1068978.AMETH_5146,AMETH_5146,annotation&nbsp;not&nbsp;available,80.8
1068978.AMETH_2494,argA,annotation&nbsp;not&nbsp;available,80.8
1068978.AMETH_0751,AMETH_0751,annotation&nbsp;not&nbsp;available,80.7
1068978.AMETH_2444,nusA,Transcription&nbsp;termination/antitermination&nbsp;protein&nbsp;NusA,80.7
1068978.AMETH_3331,AMETH_3331,annotation&nbsp;not&nbsp;available,80.7
1068978.AMETH_1012,AMETH_1012,annotation&nbsp;not&nbsp;available,80.7
1068978.AMETH_5430,AMETH_5430,annotation&nbsp;not&nbsp;available,80.6
1068978.AMETH_5137,AMETH_5137,Nicotinate-nucleotide--dimethylbenzimidazole&nbsp;phosphoribosyltransferase,80.6
1068978.AMETH_2410,AMETH_2410,annotation&nbsp;not&nbsp;available,80.6
1068978.AMETH_4361,AMETH_4361,annotation&nbsp;not&nbsp;available,80.6
1068978.AMETH_2861,AMETH_2861,annotation&nbsp;not&nbsp;available,80.5
1068978.AMETH_2826,AMETH_2826,annotation&nbsp;not&nbsp;available,80.5
1068978.AMETH_1777,rplU,50S&nbsp;ribosomal&nbsp;protein&nbsp;L21,80.5
1068978.AMETH_0053,AMETH_0053,annotation&nbsp;not&nbsp;available,80.5
1068978.AMETH_2672,pheS,annotation&nbsp;not&nbsp;available,80.5
1068978.AMETH_5261,AMETH_5261,annotation&nbsp;not&nbsp;available,80.5
1068978.AMETH_0524,AMETH_0524,annotation&nbsp;not&nbsp;available,80.5
1068978.AMETH_0820,add,annotation&nbsp;not&nbsp;available,80.4
1068978.AMETH_0917,rfbD,dTDP-4-dehydrorhamnose&nbsp;reductase,80.4
1068978.AMETH_4483,soxD,annotation&nbsp;not&nbsp;available,80.4
1068978.AMETH_2316,pkn32,annotation&nbsp;not&nbsp;available,80.3
1068978.AMETH_5256,AMETH_5256,annotation&nbsp;not&nbsp;available,80.3
1068978.AMETH_5559,ermE,annotation&nbsp;not&nbsp;available,80.3
1068978.AMETH_3240,AMETH_3240,annotation&nbsp;not&nbsp;available,80.3
1068978.AMETH_2054,AMETH_2054,annotation&nbsp;not&nbsp;available,80.3
1068978.AMETH_4083,AMETH_4083,annotation&nbsp;not&nbsp;available,80.3
1068978.AMETH_1557,AMETH_1557,annotation&nbsp;not&nbsp;available,80.3
1068978.AMETH_3926,AMETH_3926,annotation&nbsp;not&nbsp;available,80.2
1068978.AMETH_3683,pntB,NAD(P)&nbsp;transhydrogenase&nbsp;subunit&nbsp;beta,80.2
1068978.AMETH_2187,AMETH_2187,annotation&nbsp;not&nbsp;available,80.2
1068978.AMETH_1763,AMETH_1763,annotation&nbsp;not&nbsp;available,80.2
1068978.AMETH_6571,AMETH_6571,Dihydropteroate&nbsp;synthase,80.2
1068978.AMETH_3992,AMETH_3992,annotation&nbsp;not&nbsp;available,80.2
1068978.AMETH_2266,AMETH_2266,Ribokinase,80.2
1068978.AMETH_0518,AMETH_0518,annotation&nbsp;not&nbsp;available,80.1
1068978.AMETH_6422,AMETH_6422,60&nbsp;kDa&nbsp;chaperonin,80.1
1068978.AMETH_2544,ileS,Isoleucine--tRNA&nbsp;ligase,80.1
1068978.AMETH_5711,AMETH_5711,annotation&nbsp;not&nbsp;available,80.1
1068978.AMETH_1526,leuC,3-isopropylmalate&nbsp;dehydratase&nbsp;large&nbsp;subunit,80.1
1068978.AMETH_3031,AMETH_3031,annotation&nbsp;not&nbsp;available,80.1
1068978.AMETH_0041,AMETH_0041,annotation&nbsp;not&nbsp;available,80.1
1068978.AMETH_1085,AMETH_1085,Undecaprenyl-diphosphatase,80.0
1068978.AMETH_1171,AMETH_1171,annotation&nbsp;not&nbsp;available,79.9
1068978.AMETH_0755,AMETH_0755,annotation&nbsp;not&nbsp;available,79.8
1068978.AMETH_1951,AMETH_1951,annotation&nbsp;not&nbsp;available,79.8
1068978.AMETH_0201,coaA,annotation&nbsp;not&nbsp;available,79.8
1068978.AMETH_5186,acpP,Acyl&nbsp;carrier&nbsp;protein,79.8
1068978.AMETH_1976,AMETH_1976,annotation&nbsp;not&nbsp;available,79.8
1068978.AMETH_4573,AMETH_4573,annotation&nbsp;not&nbsp;available,79.7
1068978.AMETH_0572,AMETH_0572,annotation&nbsp;not&nbsp;available,79.7
1068978.AMETH_3000,AMETH_3000,annotation&nbsp;not&nbsp;available,79.7
1068978.AMETH_2065,AMETH_2065,annotation&nbsp;not&nbsp;available,79.6
1068978.AMETH_5582,AMETH_5582,annotation&nbsp;not&nbsp;available,79.6
1068978.AMETH_1341,rho,Transcription&nbsp;termination&nbsp;factor&nbsp;Rho,79.6
1068978.AMETH_3079,AMETH_3079,annotation&nbsp;not&nbsp;available,79.6
1068978.AMETH_4690,AMETH_4690,annotation&nbsp;not&nbsp;available,79.5
1068978.AMETH_5081,hisH,Imidazole&nbsp;glycerol&nbsp;phosphate&nbsp;synthase&nbsp;subunit&nbsp;HisH,79.5
1068978.AMETH_3109,AMETH_3109,annotation&nbsp;not&nbsp;available,79.5
1068978.AMETH_1988,AMETH_1988,annotation&nbsp;not&nbsp;available,79.4
1068978.AMETH_6830,AMETH_6830,annotation&nbsp;not&nbsp;available,79.4
1068978.AMETH_5644,AMETH_5644,annotation&nbsp;not&nbsp;available,79.4
1068978.AMETH_4656,AMETH_4656,annotation&nbsp;not&nbsp;available,79.3
1068978.AMETH_3282,AMETH_3282,annotation&nbsp;not&nbsp;available,79.3
1068978.AMETH_5721,fadE24,annotation&nbsp;not&nbsp;available,79.3
1068978.AMETH_5556,proA,annotation&nbsp;not&nbsp;available,79.3
1068978.AMETH_2770,AMETH_2770,annotation&nbsp;not&nbsp;available,79.2
1068978.AMETH_1769,AMETH_1769,annotation&nbsp;not&nbsp;available,79.2
1068978.AMETH_5350,hrpA,annotation&nbsp;not&nbsp;available,79.2
1068978.AMETH_2359,AMETH_2359,annotation&nbsp;not&nbsp;available,79.2
1068978.AMETH_3991,AMETH_3991,annotation&nbsp;not&nbsp;available,79.1
1068978.AMETH_4358,AMETH_4358,annotation&nbsp;not&nbsp;available,79.1
1068978.AMETH_6099,AMETH_6099,annotation&nbsp;not&nbsp;available,79.1
1068978.AMETH_5829,AMETH_5829,annotation&nbsp;not&nbsp;available,79.1
1068978.AMETH_0632,AMETH_0632,annotation&nbsp;not&nbsp;available,79.0
1068978.AMETH_4861,AMETH_4861,annotation&nbsp;not&nbsp;available,79.0
1068978.AMETH_5785,AMETH_5785,annotation&nbsp;not&nbsp;available,79.0
1068978.AMETH_5437,AMETH_5437,annotation&nbsp;not&nbsp;available,79.0
1068978.AMETH_4561,AMETH_4561,annotation&nbsp;not&nbsp;available,79.0
1068978.AMETH_5290,AMETH_5290,annotation&nbsp;not&nbsp;available,79.0
1068978.AMETH_5844,sbcD,Nuclease&nbsp;SbcCD&nbsp;subunit&nbsp;D,78.9
1068978.AMETH_2748,AMETH_2748,annotation&nbsp;not&nbsp;available,78.9
1068978.AMETH_6706,AMETH_6706,annotation&nbsp;not&nbsp;available,78.9
1068978.AMETH_2587,AMETH_2587,Cytochrome&nbsp;c&nbsp;oxidase&nbsp;subunit&nbsp;1,78.9
1068978.AMETH_4529,rpi,annotation&nbsp;not&nbsp;available,78.9
1068978.AMETH_6119,AMETH_6119,annotation&nbsp;not&nbsp;available,78.9
1068978.AMETH_4531,AMETH_4531,annotation&nbsp;not&nbsp;available,78.9
1068978.AMETH_5380,AMETH_5380,annotation&nbsp;not&nbsp;available,78.8
1068978.AMETH_0960,tatB,Sec-independent&nbsp;protein&nbsp;translocase&nbsp;protein&nbsp;TatB,78.8
1068978.AMETH_4094,pgi,annotation&nbsp;not&nbsp;available,78.8
1068978.AMETH_1548,AMETH_1548,annotation&nbsp;not&nbsp;available,78.8
1068978.AMETH_3082,AMETH_3082,annotation&nbsp;not&nbsp;available,78.8
1068978.AMETH_5184,fabD,annotation&nbsp;not&nbsp;available,78.8
1068978.AMETH_2374,AMETH_2374,annotation&nbsp;not&nbsp;available,78.7
1068978.AMETH_2894,AMETH_2894,annotation&nbsp;not&nbsp;available,78.7
1068978.AMETH_3177,AMETH_3177,annotation&nbsp;not&nbsp;available,78.7
1068978.AMETH_3239,AMETH_3239,annotation&nbsp;not&nbsp;available,78.7
1068978.AMETH_1351,atpB,ATP&nbsp;synthase&nbsp;subunit&nbsp;a,78.7
1068978.AMETH_6525,AMETH_6525,annotation&nbsp;not&nbsp;available,78.7
1068978.AMETH_5001,AMETH_5001,annotation&nbsp;not&nbsp;available,78.7
1068978.AMETH_6912,AMETH_6912,annotation&nbsp;not&nbsp;available,78.6
1068978.AMETH_1735,clpX,ATP-dependent&nbsp;Clp&nbsp;protease&nbsp;ATP-binding&nbsp;subunit&nbsp;ClpX,78.6
1068978.AMETH_5712,AMETH_5712,annotation&nbsp;not&nbsp;available,78.6
1068978.AMETH_1612,AMETH_1612,annotation&nbsp;not&nbsp;available,78.6
1068978.AMETH_6194,AMETH_6194,annotation&nbsp;not&nbsp;available,78.5
1068978.AMETH_5436,AMETH_5436,annotation&nbsp;not&nbsp;available,78.5
1068978.AMETH_5397,AMETH_5397,annotation&nbsp;not&nbsp;available,78.5
1068978.AMETH_6948,AMETH_6948,10&nbsp;kDa&nbsp;chaperonin,78.5
1068978.AMETH_6510,radA,DNA&nbsp;repair&nbsp;protein&nbsp;RadA,78.5
1068978.AMETH_5426,AMETH_5426,annotation&nbsp;not&nbsp;available,78.4
1068978.AMETH_1425,AMETH_1425,annotation&nbsp;not&nbsp;available,78.4
1068978.AMETH_4148,pyrR,Bifunctional&nbsp;protein&nbsp;PyrR,78.4
1068978.AMETH_1808,AMETH_1808,annotation&nbsp;not&nbsp;available,78.4
1068978.AMETH_5060,AMETH_5060,annotation&nbsp;not&nbsp;available,78.4
1068978.AMETH_2833,AMETH_2833,annotation&nbsp;not&nbsp;available,78.4
1068978.AMETH_7038,AMETH_7038,Phosphoenolpyruvate-protein&nbsp;phosphotransferase,78.4
1068978.AMETH_4794,AMETH_4794,annotation&nbsp;not&nbsp;available,78.4
1068978.AMETH_4170,AMETH_4170,annotation&nbsp;not&nbsp;available,78.4
1068978.AMETH_4145,AMETH_4145,annotation&nbsp;not&nbsp;available,78.3
1068978.AMETH_1117,AMETH_1117,annotation&nbsp;not&nbsp;available,78.3
1068978.AMETH_6518,algI,annotation&nbsp;not&nbsp;available,78.3
1068978.AMETH_4553,AMETH_4553,annotation&nbsp;not&nbsp;available,78.3
1068978.AMETH_1684,AMETH_1684,annotation&nbsp;not&nbsp;available,78.3
1068978.AMETH_5618,hldE,Bifunctional&nbsp;protein&nbsp;HldE,78.2
1068978.AMETH_1962,AMETH_1962,LexA&nbsp;repressor,78.2
1068978.AMETH_1834,AMETH_1834,annotation&nbsp;not&nbsp;available,78.1
1068978.AMETH_0311,AMETH_0311,annotation&nbsp;not&nbsp;available,78.1
1068978.AMETH_6584,AMETH_6584,Serine&nbsp;hydroxymethyltransferase,78.0
1068978.AMETH_0290,AMETH_0290,annotation&nbsp;not&nbsp;available,78.0
1068978.AMETH_2220,AMETH_2220,annotation&nbsp;not&nbsp;available,78.0
1068978.AMETH_4166,AMETH_4166,annotation&nbsp;not&nbsp;available,78.0
1068978.AMETH_5988,metG,Methionine--tRNA&nbsp;ligase,78.0
1068978.AMETH_0629,rplL,50S&nbsp;ribosomal&nbsp;protein&nbsp;L7/L12,77.9
1068978.AMETH_0495,nuoM,annotation&nbsp;not&nbsp;available,77.9
1068978.AMETH_5425,AMETH_5425,annotation&nbsp;not&nbsp;available,77.8
1068978.AMETH_2874,ruvB,Holliday&nbsp;junction&nbsp;ATP-dependent&nbsp;DNA&nbsp;helicase&nbsp;RuvB,77.8
1068978.AMETH_0814,AMETH_0814,annotation&nbsp;not&nbsp;available,77.8
1068978.AMETH_3879,AMETH_3879,annotation&nbsp;not&nbsp;available,77.8
1068978.AMETH_6408,AMETH_6408,annotation&nbsp;not&nbsp;available,77.8
1068978.AMETH_0192,AMETH_0192,annotation&nbsp;not&nbsp;available,77.8
1068978.AMETH_1190,AMETH_1190,annotation&nbsp;not&nbsp;available,77.7
1068978.AMETH_5418,gdhA1,annotation&nbsp;not&nbsp;available,77.7
1068978.AMETH_1682,AMETH_1682,annotation&nbsp;not&nbsp;available,77.6
1068978.AMETH_4408,tnaA,annotation&nbsp;not&nbsp;available,77.6
1068978.AMETH_5371,AMETH_5371,annotation&nbsp;not&nbsp;available,77.6
1068978.AMETH_0647,rpsL,30S&nbsp;ribosomal&nbsp;protein&nbsp;S12,77.5
1068978.AMETH_5637,AMETH_5637,annotation&nbsp;not&nbsp;available,77.5
1068978.AMETH_0968,AMETH_0968,annotation&nbsp;not&nbsp;available,77.5
1068978.AMETH_0435,proC,Pyrroline-5-carboxylate&nbsp;reductase,77.5
1068978.AMETH_5518,AMETH_5518,annotation&nbsp;not&nbsp;available,77.5
1068978.AMETH_2659,AMETH_2659,annotation&nbsp;not&nbsp;available,77.4
1068978.AMETH_1574,kdpC,Potassium-transporting&nbsp;ATPase&nbsp;KdpC&nbsp;subunit,77.4
1068978.AMETH_1513,AMETH_1513,annotation&nbsp;not&nbsp;available,77.4
1068978.AMETH_1386,AMETH_1386,annotation&nbsp;not&nbsp;available,77.3
1068978.AMETH_1855,AMETH_1855,annotation&nbsp;not&nbsp;available,77.3
1068978.AMETH_4980,AMETH_4980,annotation&nbsp;not&nbsp;available,77.3
1068978.AMETH_0123,AMETH_0123,annotation&nbsp;not&nbsp;available,77.3
1068978.AMETH_1791,holA,annotation&nbsp;not&nbsp;available,77.3
1068978.AMETH_1401,AMETH_1401,annotation&nbsp;not&nbsp;available,77.3
1068978.AMETH_4071,ctaA,annotation&nbsp;not&nbsp;available,77.2
1068978.AMETH_2723,AMETH_2723,Diaminopimelate&nbsp;decarboxylase,77.2
1068978.AMETH_3805,AMETH_3805,annotation&nbsp;not&nbsp;available,77.2
1068978.AMETH_0710,AMETH_0710,annotation&nbsp;not&nbsp;available,77.1
1068978.AMETH_2242,AMETH_2242,annotation&nbsp;not&nbsp;available,77.1
1068978.AMETH_0449,hemA,Glutamyl-tRNA&nbsp;reductase,77.1
1068978.AMETH_3198,AMETH_3198,annotation&nbsp;not&nbsp;available,77.1
1068978.AMETH_2626,AMETH_2626,annotation&nbsp;not&nbsp;available,77.1
1068978.AMETH_2152,AMETH_2152,annotation&nbsp;not&nbsp;available,77.0
1068978.AMETH_1818,AMETH_1818,annotation&nbsp;not&nbsp;available,77.0
1068978.AMETH_0069,AMETH_0069,annotation&nbsp;not&nbsp;available,77.0
1068978.AMETH_1508,AMETH_1508,Ketol-acid&nbsp;reductoisomerase&nbsp;(NADP(+)),77.0
1068978.AMETH_3186,AMETH_3186,annotation&nbsp;not&nbsp;available,77.0
1068978.AMETH_1657,AMETH_1657,annotation&nbsp;not&nbsp;available,77.0
1068978.AMETH_6134,AMETH_6134,annotation&nbsp;not&nbsp;available,77.0
1068978.AMETH_6900,AMETH_6900,annotation&nbsp;not&nbsp;available,77.0
1068978.AMETH_6110,AMETH_6110,annotation&nbsp;not&nbsp;available,76.9
1068978.AMETH_5185,AMETH_5185,3-oxoacyl-[acyl-carrier-protein]&nbsp;synthase&nbsp;3,76.9
1068978.AMETH_1246,AMETH_1246,annotation&nbsp;not&nbsp;available,76.9
1068978.AMETH_1285,AMETH_1285,annotation&nbsp;not&nbsp;available,76.9
1068978.AMETH_1564,AMETH_1564,annotation&nbsp;not&nbsp;available,76.9
1068978.AMETH_5837,tbpA,annotation&nbsp;not&nbsp;available,76.9
1068978.AMETH_1816,AMETH_1816,annotation&nbsp;not&nbsp;available,76.8
1068978.AMETH_2119,AMETH_2119,annotation&nbsp;not&nbsp;available,76.8
1068978.AMETH_2047,hmgA,annotation&nbsp;not&nbsp;available,76.7
1068978.AMETH_4342,AMETH_4342,annotation&nbsp;not&nbsp;available,76.7
1068978.AMETH_2951,nasT,annotation&nbsp;not&nbsp;available,76.7
1068978.AMETH_3673,AMETH_3673,annotation&nbsp;not&nbsp;available,76.7
1068978.AMETH_1850,AMETH_1850,"2,3-dihydroxyphenylpropionate/2,3-dihydroxicinnamic&nbsp;acid&nbsp;1,2-dioxygenase",76.7
1068978.AMETH_2869,pdxT,Pyridoxal&nbsp;5'-phosphate&nbsp;synthase&nbsp;subunit&nbsp;PdxT,76.7
1068978.AMETH_1780,proB,Glutamate&nbsp;5-kinase,76.7
1068978.AMETH_3902,AMETH_3902,annotation&nbsp;not&nbsp;available,76.6
1068978.AMETH_5216,glnA31,annotation&nbsp;not&nbsp;available,76.6
1068978.AMETH_6228,AMETH_6228,annotation&nbsp;not&nbsp;available,76.6
1068978.AMETH_0713,alr,Alanine&nbsp;racemase,76.5
1068978.AMETH_0970,AMETH_0970,annotation&nbsp;not&nbsp;available,76.5
1068978.AMETH_1974,AMETH_1974,annotation&nbsp;not&nbsp;available,76.4
1068978.AMETH_0723,gcp,tRNA&nbsp;N6-adenosine&nbsp;threonylcarbamoyltransferase,76.4
1068978.AMETH_2174,AMETH_2174,annotation&nbsp;not&nbsp;available,76.4
1068978.AMETH_4299,AMETH_4299,annotation&nbsp;not&nbsp;available,76.4
1068978.AMETH_6426,AMETH_6426,annotation&nbsp;not&nbsp;available,76.4
1068978.AMETH_1105,AMETH_1105,annotation&nbsp;not&nbsp;available,76.4
1068978.AMETH_3230,AMETH_3230,annotation&nbsp;not&nbsp;available,76.4
1068978.AMETH_2714,AMETH_2714,annotation&nbsp;not&nbsp;available,76.4
1068978.AMETH_1313,AMETH_1313,annotation&nbsp;not&nbsp;available,76.4
1068978.AMETH_2796,ldcC,annotation&nbsp;not&nbsp;available,76.3
1068978.AMETH_0001,dnaA,Chromosomal&nbsp;replication&nbsp;initiator&nbsp;protein&nbsp;DnaA,76.3
1068978.AMETH_2630,AMETH_2630,annotation&nbsp;not&nbsp;available,76.2
1068978.AMETH_4860,AMETH_4860,Phosphoenolpyruvate-protein&nbsp;phosphotransferase,76.2
1068978.AMETH_5906,AMETH_5906,annotation&nbsp;not&nbsp;available,76.2
1068978.AMETH_6197,entC,annotation&nbsp;not&nbsp;available,76.2
1068978.AMETH_1668,AMETH_1668,annotation&nbsp;not&nbsp;available,76.1
1068978.AMETH_1408,clpS,ATP-dependent&nbsp;Clp&nbsp;protease&nbsp;adapter&nbsp;protein&nbsp;ClpS,76.1
1068978.AMETH_3011,gshA,Glutamate--cysteine&nbsp;ligase&nbsp;EgtA,76.1
1068978.AMETH_5896,AMETH_5896,annotation&nbsp;not&nbsp;available,76.1
1068978.AMETH_3047,AMETH_3047,annotation&nbsp;not&nbsp;available,76.1
1068978.AMETH_5779,AMETH_5779,annotation&nbsp;not&nbsp;available,76.1
1068978.AMETH_1829,bkdA,annotation&nbsp;not&nbsp;available,76.0
1068978.AMETH_1177,AMETH_1177,annotation&nbsp;not&nbsp;available,76.0
1068978.AMETH_0281,AMETH_0281,Non-homologous&nbsp;end&nbsp;joining&nbsp;protein&nbsp;Ku,76.0
1068978.AMETH_1527,leuD,3-isopropylmalate&nbsp;dehydratase&nbsp;small&nbsp;subunit,76.0
1068978.AMETH_1820,AMETH_1820,annotation&nbsp;not&nbsp;available,76.0
1068978.AMETH_6394,AMETH_6394,annotation&nbsp;not&nbsp;available,76.0
1068978.AMETH_3626,AMETH_3626,annotation&nbsp;not&nbsp;available,75.9
1068978.AMETH_2049,AMETH_2049,annotation&nbsp;not&nbsp;available,75.9
1068978.AMETH_1507,ilvH,annotation&nbsp;not&nbsp;available,75.9
1068978.AMETH_1917,AMETH_1917,annotation&nbsp;not&nbsp;available,75.9
1068978.AMETH_4913,AMETH_4913,annotation&nbsp;not&nbsp;available,75.8
1068978.AMETH_0861,AMETH_0861,Glycerol&nbsp;kinase,75.8
1068978.AMETH_5541,AMETH_5541,annotation&nbsp;not&nbsp;available,75.8
1068978.AMETH_4675,AMETH_4675,annotation&nbsp;not&nbsp;available,75.8
1068978.AMETH_3217,AMETH_3217,annotation&nbsp;not&nbsp;available,75.7
1068978.AMETH_2463,rpsO,30S&nbsp;ribosomal&nbsp;protein&nbsp;S15,75.7
1068978.AMETH_1208,AMETH_1208,annotation&nbsp;not&nbsp;available,75.6
1068978.AMETH_0368,AMETH_0368,annotation&nbsp;not&nbsp;available,75.6
1068978.AMETH_4557,AMETH_4557,annotation&nbsp;not&nbsp;available,75.6
1068978.AMETH_3398,AMETH_3398,annotation&nbsp;not&nbsp;available,75.6
1068978.AMETH_3035,AMETH_3035,annotation&nbsp;not&nbsp;available,75.5
1068978.AMETH_5161,AMETH_5161,annotation&nbsp;not&nbsp;available,75.5
1068978.AMETH_1900,AMETH_1900,annotation&nbsp;not&nbsp;available,75.5
1068978.AMETH_4920,dpo,annotation&nbsp;not&nbsp;available,75.5
1068978.AMETH_1024,AMETH_1024,annotation&nbsp;not&nbsp;available,75.4
1068978.AMETH_1406,AMETH_1406,annotation&nbsp;not&nbsp;available,75.4
1068978.AMETH_1823,AMETH_1823,annotation&nbsp;not&nbsp;available,75.4
1068978.AMETH_6180,AMETH_6180,annotation&nbsp;not&nbsp;available,75.4
1068978.AMETH_2991,AMETH_2991,annotation&nbsp;not&nbsp;available,75.4
1068978.AMETH_5093,hisB,annotation&nbsp;not&nbsp;available,75.4
1068978.AMETH_2255,AMETH_2255,annotation&nbsp;not&nbsp;available,75.4
1068978.AMETH_0086,AMETH_0086,annotation&nbsp;not&nbsp;available,75.4
1068978.AMETH_1605,AMETH_1605,annotation&nbsp;not&nbsp;available,75.3
1068978.AMETH_3665,AMETH_3665,annotation&nbsp;not&nbsp;available,75.3
1068978.AMETH_2430,AMETH_2430,annotation&nbsp;not&nbsp;available,75.2
1068978.AMETH_4896,AMETH_4896,annotation&nbsp;not&nbsp;available,75.2
1068978.AMETH_2691,AMETH_2691,NAD&nbsp;kinase,75.2
1068978.AMETH_1806,AMETH_1806,annotation&nbsp;not&nbsp;available,75.1
1068978.AMETH_2975,mhpF,Acetaldehyde&nbsp;dehydrogenase,75.1
1068978.AMETH_6910,pabC,annotation&nbsp;not&nbsp;available,75.1
1068978.AMETH_2135,rhaQ,annotation&nbsp;not&nbsp;available,75.1
1068978.AMETH_4530,AMETH_4530,annotation&nbsp;not&nbsp;available,75.0
1068978.AMETH_4495,AMETH_4495,annotation&nbsp;not&nbsp;available,75.0
1068978.AMETH_1426,AMETH_1426,annotation&nbsp;not&nbsp;available,75.0
1068978.AMETH_0332,AMETH_0332,annotation&nbsp;not&nbsp;available,74.9
1068978.AMETH_5542,AMETH_5542,annotation&nbsp;not&nbsp;available,74.9
1068978.AMETH_2954,AMETH_2954,annotation&nbsp;not&nbsp;available,74.9
1068978.AMETH_1168,hrpB,annotation&nbsp;not&nbsp;available,74.9
1068978.AMETH_6634,AMETH_6634,annotation&nbsp;not&nbsp;available,74.9
1068978.AMETH_0428,senX,annotation&nbsp;not&nbsp;available,74.8
1068978.AMETH_5732,AMETH_5732,annotation&nbsp;not&nbsp;available,74.8
1068978.AMETH_1106,AMETH_1106,annotation&nbsp;not&nbsp;available,74.8
1068978.AMETH_2164,AMETH_2164,annotation&nbsp;not&nbsp;available,74.7
1068978.AMETH_3818,AMETH_3818,annotation&nbsp;not&nbsp;available,74.7
1068978.AMETH_5062,AMETH_5062,annotation&nbsp;not&nbsp;available,74.5
1068978.AMETH_6100,acoB,annotation&nbsp;not&nbsp;available,74.5
1068978.AMETH_1831,AMETH_1831,annotation&nbsp;not&nbsp;available,74.5
1068978.AMETH_0778,AMETH_0778,annotation&nbsp;not&nbsp;available,74.4
1068978.AMETH_4315,AMETH_4315,annotation&nbsp;not&nbsp;available,74.4
1068978.AMETH_4144,carA,annotation&nbsp;not&nbsp;available,74.4
1068978.AMETH_4685,AMETH_4685,annotation&nbsp;not&nbsp;available,74.3
1068978.AMETH_0445,AMETH_0445,annotation&nbsp;not&nbsp;available,74.3
1068978.AMETH_7063,AMETH_7063,annotation&nbsp;not&nbsp;available,74.3
1068978.AMETH_0150,AMETH_0150,annotation&nbsp;not&nbsp;available,74.2
1068978.AMETH_6735,AMETH_6735,annotation&nbsp;not&nbsp;available,74.2
1068978.AMETH_2405,AMETH_2405,annotation&nbsp;not&nbsp;available,74.2
1068978.AMETH_5421,AMETH_5421,Tryptophan&nbsp;synthase&nbsp;beta&nbsp;chain,74.2
1068978.AMETH_6213,galM,annotation&nbsp;not&nbsp;available,74.2
1068978.AMETH_5916,AMETH_5916,annotation&nbsp;not&nbsp;available,74.2
1068978.AMETH_1339,AMETH_1339,Threonine&nbsp;synthase,74.1
1068978.AMETH_2888,AMETH_2888,annotation&nbsp;not&nbsp;available,74.1
1068978.AMETH_1217,AMETH_1217,annotation&nbsp;not&nbsp;available,74.1
1068978.AMETH_5127,AMETH_5127,annotation&nbsp;not&nbsp;available,74.1
1068978.AMETH_1670,dadA,annotation&nbsp;not&nbsp;available,74.1
1068978.AMETH_1400,AMETH_1400,Cytochrome&nbsp;c&nbsp;oxidase&nbsp;subunit&nbsp;1,74.0
1068978.AMETH_5587,AMETH_5587,annotation&nbsp;not&nbsp;available,74.0
1068978.AMETH_2023,AMETH_2023,annotation&nbsp;not&nbsp;available,74.0
1068978.AMETH_1471,AMETH_1471,annotation&nbsp;not&nbsp;available,74.0
1068978.AMETH_6985,phnL,annotation&nbsp;not&nbsp;available,73.9
1068978.AMETH_6536,fhuC,annotation&nbsp;not&nbsp;available,73.9
1068978.AMETH_1253,AMETH_1253,annotation&nbsp;not&nbsp;available,73.9
1068978.AMETH_0113,AMETH_0113,annotation&nbsp;not&nbsp;available,73.8
1068978.AMETH_1518,gltX,Glutamate--tRNA&nbsp;ligase,73.8
1068978.AMETH_1970,AMETH_1970,annotation&nbsp;not&nbsp;available,73.8
1068978.AMETH_0214,AMETH_0214,annotation&nbsp;not&nbsp;available,73.7
1068978.AMETH_1125,uvrD2,annotation&nbsp;not&nbsp;available,73.7
1068978.AMETH_1669,AMETH_1669,annotation&nbsp;not&nbsp;available,73.7
1068978.AMETH_6687,dnaX,DNA&nbsp;polymerase&nbsp;III&nbsp;subunit&nbsp;gamma/tau,73.6
1068978.AMETH_3112,AMETH_3112,annotation&nbsp;not&nbsp;available,73.6
1068978.AMETH_5155,fadE10,annotation&nbsp;not&nbsp;available,73.6
1068978.AMETH_6445,thiC,Phosphomethylpyrimidine&nbsp;synthase,73.6
1068978.AMETH_2799,AMETH_2799,annotation&nbsp;not&nbsp;available,73.6
1068978.AMETH_0225,AMETH_0225,annotation&nbsp;not&nbsp;available,73.6
1068978.AMETH_1853,AMETH_1853,annotation&nbsp;not&nbsp;available,73.5
1068978.AMETH_5132,adoK,annotation&nbsp;not&nbsp;available,73.4
1068978.AMETH_6447,AMETH_6447,annotation&nbsp;not&nbsp;available,73.4
1068978.AMETH_0287,AMETH_0287,Putative&nbsp;phenylalanine&nbsp;aminotransferase,73.4
1068978.AMETH_4466,AMETH_4466,annotation&nbsp;not&nbsp;available,73.4
1068978.AMETH_3840,AMETH_3840,annotation&nbsp;not&nbsp;available,73.4
1068978.AMETH_3440,AMETH_3440,annotation&nbsp;not&nbsp;available,73.3
1068978.AMETH_4967,AMETH_4967,annotation&nbsp;not&nbsp;available,73.3
1068978.AMETH_1559,AMETH_1559,annotation&nbsp;not&nbsp;available,73.3
1068978.AMETH_1015,AMETH_1015,annotation&nbsp;not&nbsp;available,73.3
1068978.AMETH_1194,AMETH_1194,annotation&nbsp;not&nbsp;available,73.3
1068978.AMETH_1552,pyc,Pyruvate&nbsp;carboxylase,73.2
1068978.AMETH_1729,AMETH_1729,annotation&nbsp;not&nbsp;available,73.2
1068978.AMETH_0622,AMETH_0622,annotation&nbsp;not&nbsp;available,73.1
1068978.AMETH_1812,AMETH_1812,annotation&nbsp;not&nbsp;available,73.1
1068978.AMETH_4467,AMETH_4467,annotation&nbsp;not&nbsp;available,73.1
1068978.AMETH_2707,AMETH_2707,annotation&nbsp;not&nbsp;available,73.1
1068978.AMETH_0635,AMETH_0635,annotation&nbsp;not&nbsp;available,73.1
1068978.AMETH_4142,pyrF,annotation&nbsp;not&nbsp;available,73.0
1068978.AMETH_1719,AMETH_1719,annotation&nbsp;not&nbsp;available,73.0
1068978.AMETH_4749,AMETH_4749,annotation&nbsp;not&nbsp;available,73.0
1068978.AMETH_1772,AMETH_1772,annotation&nbsp;not&nbsp;available,73.0
1068978.AMETH_1344,prfA,Peptide&nbsp;chain&nbsp;release&nbsp;factor&nbsp;1,73.0
1068978.AMETH_4039,AMETH_4039,annotation&nbsp;not&nbsp;available,73.0
1068978.AMETH_0144,AMETH_0144,annotation&nbsp;not&nbsp;available,73.0
1068978.AMETH_6032,AMETH_6032,annotation&nbsp;not&nbsp;available,72.9
1068978.AMETH_0451,AMETH_0451,annotation&nbsp;not&nbsp;available,72.9
1068978.AMETH_2615,uvrB,UvrABC&nbsp;system&nbsp;protein&nbsp;B,72.9
1068978.AMETH_4556,AMETH_4556,annotation&nbsp;not&nbsp;available,72.9
1068978.AMETH_6452,thiE,Thiamine-phosphate&nbsp;synthase,72.9
1068978.AMETH_6818,frcK,annotation&nbsp;not&nbsp;available,72.9
1068978.AMETH_4955,AMETH_4955,annotation&nbsp;not&nbsp;available,72.9
1068978.AMETH_0600,AMETH_0600,annotation&nbsp;not&nbsp;available,72.8
1068978.AMETH_4432,AMETH_4432,annotation&nbsp;not&nbsp;available,72.7
1068978.AMETH_0467,AMETH_0467,annotation&nbsp;not&nbsp;available,72.7
1068978.AMETH_5427,AMETH_5427,annotation&nbsp;not&nbsp;available,72.7
1068978.AMETH_2877,secF,Protein-export&nbsp;membrane&nbsp;protein&nbsp;SecF,72.7
1068978.AMETH_5506,AMETH_5506,annotation&nbsp;not&nbsp;available,72.7
1068978.AMETH_6540,mutY,annotation&nbsp;not&nbsp;available,72.6
1068978.AMETH_2158,AMETH_2158,NAD-dependent&nbsp;protein&nbsp;deacetylase,72.6
1068978.AMETH_2017,AMETH_2017,annotation&nbsp;not&nbsp;available,72.6
1068978.AMETH_1081,AMETH_1081,annotation&nbsp;not&nbsp;available,72.6
1068978.AMETH_4577,AMETH_4577,annotation&nbsp;not&nbsp;available,72.5
1068978.AMETH_0271,AMETH_0271,annotation&nbsp;not&nbsp;available,72.5
1068978.AMETH_0585,AMETH_0585,annotation&nbsp;not&nbsp;available,72.5
1068978.AMETH_5710,leuB1,annotation&nbsp;not&nbsp;available,72.5
1068978.AMETH_1921,gabT2,annotation&nbsp;not&nbsp;available,72.5
1068978.AMETH_0665,rpsZ,30S&nbsp;ribosomal&nbsp;protein&nbsp;S14&nbsp;type&nbsp;Z,72.5
1068978.AMETH_4602,AMETH_4602,annotation&nbsp;not&nbsp;available,72.4
1068978.AMETH_6449,thiG,Thiazole&nbsp;synthase,72.4
1068978.AMETH_5314,AMETH_5314,annotation&nbsp;not&nbsp;available,72.4
1068978.AMETH_6486,selB,annotation&nbsp;not&nbsp;available,72.4
1068978.AMETH_0488,nuoF,NADH-quinone&nbsp;oxidoreductase&nbsp;subunit&nbsp;F,72.3
1068978.AMETH_5770,metE,annotation&nbsp;not&nbsp;available,72.3
1068978.AMETH_1082,AMETH_1082,annotation&nbsp;not&nbsp;available,72.3
1068978.AMETH_1063,AMETH_1063,annotation&nbsp;not&nbsp;available,72.3
1068978.AMETH_1922,mmsA,annotation&nbsp;not&nbsp;available,72.3
1068978.AMETH_5946,ycdO,annotation&nbsp;not&nbsp;available,72.2
1068978.AMETH_5131,AMETH_5131,annotation&nbsp;not&nbsp;available,72.2
1068978.AMETH_2249,AMETH_2249,annotation&nbsp;not&nbsp;available,72.2
1068978.AMETH_3115,xylR,annotation&nbsp;not&nbsp;available,72.2
1068978.AMETH_0154,AMETH_0154,annotation&nbsp;not&nbsp;available,72.2
1068978.AMETH_5335,AMETH_5335,annotation&nbsp;not&nbsp;available,72.2
1068978.AMETH_1991,AMETH_1991,annotation&nbsp;not&nbsp;available,72.2
1068978.AMETH_2744,resD,annotation&nbsp;not&nbsp;available,72.1
1068978.AMETH_6227,AMETH_6227,annotation&nbsp;not&nbsp;available,72.1
1068978.AMETH_3527,tatC,Sec-independent&nbsp;protein&nbsp;translocase&nbsp;protein&nbsp;TatC,72.1
1068978.AMETH_5378,AMETH_5378,annotation&nbsp;not&nbsp;available,72.1
1068978.AMETH_1884,AMETH_1884,annotation&nbsp;not&nbsp;available,72.0
1068978.AMETH_6455,glmD,annotation&nbsp;not&nbsp;available,72.0
1068978.AMETH_2361,AMETH_2361,annotation&nbsp;not&nbsp;available,72.0
1068978.AMETH_0183,cydB,annotation&nbsp;not&nbsp;available,72.0
1068978.AMETH_3244,AMETH_3244,annotation&nbsp;not&nbsp;available,72.0
1068978.AMETH_4325,AMETH_4325,annotation&nbsp;not&nbsp;available,72.0
1068978.AMETH_4031,AMETH_4031,annotation&nbsp;not&nbsp;available,71.9
1068978.AMETH_0853,AMETH_0853,annotation&nbsp;not&nbsp;available,71.9
1068978.AMETH_3214,AMETH_3214,annotation&nbsp;not&nbsp;available,71.9
1068978.AMETH_7026,AMETH_7026,annotation&nbsp;not&nbsp;available,71.9
1068978.AMETH_2482,dapA,4-hydroxy-tetrahydrodipicolinate&nbsp;synthase,71.9
1068978.AMETH_0851,mutA,annotation&nbsp;not&nbsp;available,71.9
1068978.AMETH_0825,AMETH_0825,annotation&nbsp;not&nbsp;available,71.8
1068978.AMETH_5428,AMETH_5428,annotation&nbsp;not&nbsp;available,71.8
1068978.AMETH_1338,thrA,annotation&nbsp;not&nbsp;available,71.8
1068978.AMETH_6035,AMETH_6035,annotation&nbsp;not&nbsp;available,71.8
1068978.AMETH_1891,AMETH_1891,annotation&nbsp;not&nbsp;available,71.7
1068978.AMETH_4390,AMETH_4390,L-threonine&nbsp;dehydratase,71.7
1068978.AMETH_1888,cysN,Sulfate&nbsp;adenylyltransferase&nbsp;subunit&nbsp;1,71.7
1068978.AMETH_1362,AMETH_1362,annotation&nbsp;not&nbsp;available,71.7
1068978.AMETH_1731,AMETH_1731,annotation&nbsp;not&nbsp;available,71.6
1068978.AMETH_2999,gcvH,Glycine&nbsp;cleavage&nbsp;system&nbsp;H&nbsp;protein,71.5
1068978.AMETH_1626,rpsP,annotation&nbsp;not&nbsp;available,71.5
1068978.AMETH_1075,rnr,annotation&nbsp;not&nbsp;available,71.5
1068978.AMETH_6599,hppA,K(+)-insensitive&nbsp;pyrophosphate-energized&nbsp;proton&nbsp;pump,71.5
1068978.AMETH_1549,AMETH_1549,annotation&nbsp;not&nbsp;available,71.5
1068978.AMETH_2762,treY,annotation&nbsp;not&nbsp;available,71.4
1068978.AMETH_2305,AMETH_2305,annotation&nbsp;not&nbsp;available,71.4
1068978.AMETH_5076,hisI,Phosphoribosyl-AMP&nbsp;cyclohydrolase,71.4
1068978.AMETH_0603,AMETH_0603,annotation&nbsp;not&nbsp;available,71.4
1068978.AMETH_3454,AMETH_3454,annotation&nbsp;not&nbsp;available,71.4
1068978.AMETH_4125,AMETH_4125,annotation&nbsp;not&nbsp;available,71.4
1068978.AMETH_5531,glgP,annotation&nbsp;not&nbsp;available,71.3
1068978.AMETH_0364,AMETH_0364,annotation&nbsp;not&nbsp;available,71.3
1068978.AMETH_6170,purC,annotation&nbsp;not&nbsp;available,71.3
1068978.AMETH_1529,AMETH_1529,annotation&nbsp;not&nbsp;available,71.2
1068978.AMETH_5392,pcaD,annotation&nbsp;not&nbsp;available,71.2
1068978.AMETH_0387,AMETH_0387,annotation&nbsp;not&nbsp;available,71.2
1068978.AMETH_1295,AMETH_1295,annotation&nbsp;not&nbsp;available,71.2
1068978.AMETH_6024,AMETH_6024,annotation&nbsp;not&nbsp;available,71.2
1068978.AMETH_3861,AMETH_3861,annotation&nbsp;not&nbsp;available,71.2
1068978.AMETH_0794,icd,annotation&nbsp;not&nbsp;available,71.2
1068978.AMETH_1591,AMETH_1591,annotation&nbsp;not&nbsp;available,71.1
1068978.AMETH_2062,AMETH_2062,annotation&nbsp;not&nbsp;available,71.1
1068978.AMETH_0139,AMETH_0139,annotation&nbsp;not&nbsp;available,71.1
1068978.AMETH_0775,AMETH_0775,annotation&nbsp;not&nbsp;available,71.1
1068978.AMETH_7074,rpmH,annotation&nbsp;not&nbsp;available,71.0
1068978.AMETH_3221,AMETH_3221,annotation&nbsp;not&nbsp;available,71.0
1068978.AMETH_2324,AMETH_2324,annotation&nbsp;not&nbsp;available,70.9
1068978.AMETH_4773,AMETH_4773,annotation&nbsp;not&nbsp;available,70.9
1068978.AMETH_3285,AMETH_3285,annotation&nbsp;not&nbsp;available,70.9
1068978.AMETH_2525,murD,UDP-N-acetylmuramoylalanine--D-glutamate&nbsp;ligase,70.9
1068978.AMETH_5705,AMETH_5705,annotation&nbsp;not&nbsp;available,70.9
1068978.AMETH_1470,cheR,annotation&nbsp;not&nbsp;available,70.9
1068978.AMETH_0447,AMETH_0447,annotation&nbsp;not&nbsp;available,70.9
1068978.AMETH_4468,AMETH_4468,annotation&nbsp;not&nbsp;available,70.9
1068978.AMETH_0842,AMETH_0842,annotation&nbsp;not&nbsp;available,70.8
1068978.AMETH_2793,AMETH_2793,annotation&nbsp;not&nbsp;available,70.8
1068978.AMETH_3172,AMETH_3172,annotation&nbsp;not&nbsp;available,70.8
1068978.AMETH_1901,AMETH_1901,annotation&nbsp;not&nbsp;available,70.8
1068978.AMETH_4140,gmk,Guanylate&nbsp;kinase,70.8
1068978.AMETH_5481,AMETH_5481,annotation&nbsp;not&nbsp;available,70.7
1068978.AMETH_5985,ksgA,Ribosomal&nbsp;RNA&nbsp;small&nbsp;subunit&nbsp;methyltransferase&nbsp;A,70.7
1068978.AMETH_6861,aspB,annotation&nbsp;not&nbsp;available,70.7
1068978.AMETH_0217,AMETH_0217,annotation&nbsp;not&nbsp;available,70.7
1068978.AMETH_0809,AMETH_0809,annotation&nbsp;not&nbsp;available,70.7
1068978.AMETH_2879,relA,GTP&nbsp;pyrophosphokinase,70.6
1068978.AMETH_0327,AMETH_0327,annotation&nbsp;not&nbsp;available,70.6
1068978.AMETH_5225,paaA,annotation&nbsp;not&nbsp;available,70.6
1068978.AMETH_0667,rplF,50S&nbsp;ribosomal&nbsp;protein&nbsp;L6,70.6
1068978.AMETH_0944,AMETH_0944,annotation&nbsp;not&nbsp;available,70.5
1068978.AMETH_0811,sdhD,annotation&nbsp;not&nbsp;available,70.5
1068978.AMETH_1640,rpsB,annotation&nbsp;not&nbsp;available,70.5
1068978.AMETH_0489,nuoG,annotation&nbsp;not&nbsp;available,70.5
1068978.AMETH_2739,AMETH_2739,annotation&nbsp;not&nbsp;available,70.5
1068978.AMETH_5597,AMETH_5597,annotation&nbsp;not&nbsp;available,70.5
1068978.AMETH_4951,AMETH_4951,annotation&nbsp;not&nbsp;available,70.5
1068978.AMETH_0058,pknB,annotation&nbsp;not&nbsp;available,70.4
1068978.AMETH_4045,AMETH_4045,Ribonucleoside-diphosphate&nbsp;reductase&nbsp;subunit&nbsp;beta,70.4
1068978.AMETH_0330,AMETH_0330,annotation&nbsp;not&nbsp;available,70.4
1068978.AMETH_1641,tsf,Elongation&nbsp;factor&nbsp;Ts,70.4
1068978.AMETH_6171,AMETH_6171,annotation&nbsp;not&nbsp;available,70.3
1068978.AMETH_5158,AMETH_5158,annotation&nbsp;not&nbsp;available,70.3
1068978.AMETH_6591,AMETH_6591,Thymidylate&nbsp;kinase,70.3
1068978.AMETH_1271,AMETH_1271,annotation&nbsp;not&nbsp;available,70.3
1068978.AMETH_4855,AMETH_4855,annotation&nbsp;not&nbsp;available,70.3
1068978.AMETH_4173,AMETH_4173,annotation&nbsp;not&nbsp;available,70.3
1068978.AMETH_6600,AMETH_6600,annotation&nbsp;not&nbsp;available,70.2
1068978.AMETH_1598,AMETH_1598,annotation&nbsp;not&nbsp;available,70.2
1068978.AMETH_4801,AMETH_4801,annotation&nbsp;not&nbsp;available,70.2
1068978.AMETH_1596,AMETH_1596,annotation&nbsp;not&nbsp;available,70.2
1068978.AMETH_0671,rplO,50S&nbsp;ribosomal&nbsp;protein&nbsp;L15,70.1
1068978.AMETH_0899,AMETH_0899,annotation&nbsp;not&nbsp;available,70.1
1068978.AMETH_3996,AMETH_3996,annotation&nbsp;not&nbsp;available,70.1
1068978.AMETH_0433,AMETH_0433,annotation&nbsp;not&nbsp;available,70.1
1068978.AMETH_3081,AMETH_3081,annotation&nbsp;not&nbsp;available,70.1
1068978.AMETH_5865,AMETH_5865,annotation&nbsp;not&nbsp;available,70.1
1068978.AMETH_5459,cobM,annotation&nbsp;not&nbsp;available,70.1
1068978.AMETH_5796,AMETH_5796,annotation&nbsp;not&nbsp;available,70.1
