1538295.JY96_13215,JY96_13215,Uncharacterized&nbsp;protein,98.9
1538295.JY96_08320,JY96_08320,Cytochrome&nbsp;d&nbsp;terminal&nbsp;oxidase&nbsp;subunit&nbsp;1,98.9
1538295.JY96_11300,JY96_11300,Sugar&nbsp;kinase,98.9
1538295.JY96_13850,JY96_13850,Thioesterase,98.9
1538295.JY96_16220,JY96_16220,XRE&nbsp;family&nbsp;transcriptional&nbsp;regulator,98.8
1538295.JY96_03920,JY96_03920,Uncharacterized&nbsp;protein,98.8
1538295.JY96_07090,groS,10&nbsp;kDa&nbsp;chaperonin,98.8
1538295.JY96_15215,JY96_15215,AdeT,98.8
1538295.JY96_07565,rpsM,30S&nbsp;ribosomal&nbsp;protein&nbsp;S13,98.7
1538295.JY96_10425,JY96_10425,Spermidine/putrescine&nbsp;ABC&nbsp;transporter&nbsp;permease,98.7
1538295.JY96_06285,JY96_06285,Uncharacterized&nbsp;protein,98.7
1538295.JY96_15455,JY96_15455,Uncharacterized&nbsp;protein,98.6
1538295.JY96_08020,murF,UDP-N-acetylmuramoyl-tripeptide--D-alanyl-D-alanine&nbsp;ligase,98.6
1538295.JY96_11105,JY96_11105,Beta&nbsp;sliding&nbsp;clamp,98.6
1538295.JY96_14350,pyrF,Orotidine&nbsp;5'-phosphate&nbsp;decarboxylase,98.6
1538295.JY96_17025,ileS,Isoleucine--tRNA&nbsp;ligase,98.6
1538295.JY96_06965,JY96_06965,Uncharacterized&nbsp;protein,98.5
1538295.JY96_04090,JY96_04090,NADH&nbsp;dehydrogenase,98.5
1538295.JY96_15005,JY96_15005,Acetyl-CoA&nbsp;acetyltransferase,98.5
1538295.JY96_17465,JY96_17465,EvpB&nbsp;family&nbsp;type&nbsp;VI&nbsp;secretion&nbsp;protein,98.5
1538295.JY96_17740,JY96_17740,Uncharacterized&nbsp;protein,98.5
1538295.JY96_01020,JY96_01020,Histidine&nbsp;kinase,98.4
1538295.JY96_05650,JY96_05650,Ferredoxin,98.4
1538295.JY96_12740,rplP,50S&nbsp;ribosomal&nbsp;protein&nbsp;L16,98.4
1538295.JY96_16370,JY96_16370,Chorismate&nbsp;mutase,98.4
1538295.JY96_11095,rpmH,50S&nbsp;ribosomal&nbsp;protein&nbsp;L34,98.4
1538295.JY96_16150,JY96_16150,Uncharacterized&nbsp;protein,98.4
1538295.JY96_06595,JY96_06595,Chemotaxis&nbsp;protein&nbsp;CheY,98.3
1538295.JY96_14450,JY96_14450,Regulatory&nbsp;protein&nbsp;RecX,98.3
1538295.JY96_16450,rph,Ribonuclease&nbsp;PH,98.3
1538295.JY96_19105,JY96_19105,Acyl-CoA&nbsp;dehydrogenase,98.3
1538295.JY96_16710,JY96_16710,Phosphoribosylformylglycinamidine&nbsp;cyclo-ligase,98.3
1538295.JY96_03180,himA,Integration&nbsp;host&nbsp;factor&nbsp;subunit&nbsp;alpha,98.2
1538295.JY96_01450,JY96_01450,Alpha/beta&nbsp;hydrolase,98.2
1538295.JY96_00805,hemH,Ferrochelatase,98.1
1538295.JY96_12490,JY96_12490,Anthranilate&nbsp;synthase&nbsp;component&nbsp;II,98.1
1538295.JY96_19790,JY96_19790,Multidrug&nbsp;ABC&nbsp;transporter&nbsp;ATP-binding&nbsp;protein,98.1
1538295.JY96_14845,JY96_14845,Cytochrome&nbsp;o&nbsp;ubiquinol&nbsp;oxidase&nbsp;subunit&nbsp;III,98.1
1538295.JY96_16295,JY96_16295,Uncharacterized&nbsp;protein,98.0
1538295.JY96_12030,fumC,Fumarate&nbsp;hydratase&nbsp;class&nbsp;II,98.0
1538295.JY96_18585,JY96_18585,2Fe-2S&nbsp;ferredoxin,97.9
1538295.JY96_08470,JY96_08470,Nitrite&nbsp;reductase,97.9
1538295.JY96_01880,JY96_01880,Phosphoserine&nbsp;phosphatase,97.8
1538295.JY96_12510,ung,Uracil-DNA&nbsp;glycosylase,97.7
1538295.JY96_04735,hisE,Phosphoribosyl-ATP&nbsp;pyrophosphatase,97.7
1538295.JY96_06775,tyrS,Tyrosine--tRNA&nbsp;ligase,97.7
1538295.JY96_04075,nuoH,NADH-quinone&nbsp;oxidoreductase&nbsp;subunit&nbsp;H,97.6
1538295.JY96_09420,JY96_09420,Beta-lactamase,97.6
1538295.JY96_07305,JY96_07305,Uncharacterized&nbsp;protein,97.6
1538295.JY96_13690,JY96_13690,Acetyl-CoA&nbsp;acetyltransferase,97.5
1538295.JY96_06015,glnS,Glutamine--tRNA&nbsp;ligase,97.5
1538295.JY96_13380,JY96_13380,Peptide&nbsp;deformylase,97.5
1538295.JY96_02115,lpxA,Acyl-[acyl-carrier-protein]--UDP-N-acetylglucosamine&nbsp;O-acyltransferase,97.5
1538295.JY96_21035,cysA,Sulfate/thiosulfate&nbsp;import&nbsp;ATP-binding&nbsp;protein&nbsp;CysA,97.3
1538295.JY96_12390,JY96_12390,Aminotransferase,97.3
1538295.JY96_13195,purE,N5-carboxyaminoimidazole&nbsp;ribonucleotide&nbsp;mutase,97.3
1538295.JY96_15600,fcl,GDP-L-fucose&nbsp;synthase,97.3
1538295.JY96_08090,JY96_08090,Uncharacterized&nbsp;protein,97.3
1538295.JY96_03185,pheT,Phenylalanine--tRNA&nbsp;ligase&nbsp;beta&nbsp;subunit,97.2
1538295.JY96_21015,JY96_21015,NADPH-dependent&nbsp;FMN&nbsp;reductase,97.2
1538295.JY96_10555,JY96_10555,Malate&nbsp;dehydrogenase,97.2
1538295.JY96_02510,plsX,Phosphate&nbsp;acyltransferase,97.2
1538295.JY96_19085,JY96_19085,Amidase,97.1
1538295.JY96_07550,rpoA,DNA-directed&nbsp;RNA&nbsp;polymerase&nbsp;subunit&nbsp;alpha,97.1
1538295.JY96_13045,JY96_13045,Alpha/beta&nbsp;hydrolase,97.1
1538295.JY96_04795,hisB,Imidazoleglycerol-phosphate&nbsp;dehydratase,97.1
1538295.JY96_02835,JY96_02835,Uncharacterized&nbsp;protein,96.9
1538295.JY96_01320,pstB,Phosphate&nbsp;import&nbsp;ATP-binding&nbsp;protein&nbsp;PstB,96.9
1538295.JY96_08325,JY96_08325,Cytochrome&nbsp;d&nbsp;ubiquinol&nbsp;oxidase&nbsp;subunit&nbsp;2,96.9
1538295.JY96_06180,JY96_06180,Membrane&nbsp;protein,96.8
1538295.JY96_18380,JY96_18380,Molybdenum&nbsp;ABC&nbsp;transporter&nbsp;permease,96.7
1538295.JY96_00210,JY96_00210,Uncharacterized&nbsp;protein,96.7
1538295.JY96_16235,JY96_16235,16S&nbsp;rRNA&nbsp;methyltransferase,96.6
1538295.JY96_08170,JY96_08170,Butyryl-CoA&nbsp;dehydrogenase,96.6
1538295.JY96_20810,JY96_20810,3-hydroxyisobutyryl-CoA&nbsp;hydrolase,96.6
1538295.JY96_13965,purH,Bifunctional&nbsp;purine&nbsp;biosynthesis&nbsp;protein&nbsp;PurH,96.6
1538295.JY96_06625,JY96_06625,Hemerythrin,96.6
1538295.JY96_20685,accA,Acetyl-coenzyme&nbsp;A&nbsp;carboxylase&nbsp;carboxyl&nbsp;transferase&nbsp;subunit&nbsp;alpha,96.6
1538295.JY96_14550,msrP,Protein-methionine-sulfoxide&nbsp;reductase&nbsp;catalytic&nbsp;subunit&nbsp;MsrP,96.5
1538295.JY96_05850,JY96_05850,Uncharacterized&nbsp;protein,96.5
1538295.JY96_01725,pyrG,CTP&nbsp;synthase,96.5
1538295.JY96_17990,JY96_17990,Succinate&nbsp;dehydrogenase,96.5
1538295.JY96_02485,JY96_02485,3-oxoacyl-[acyl-carrier-protein]&nbsp;synthase&nbsp;2,96.5
1538295.JY96_00785,JY96_00785,Succinyl-CoA:3-ketoacid-CoA&nbsp;transferase,96.5
1538295.JY96_07390,JY96_07390,Uncharacterized&nbsp;protein,96.4
1538295.JY96_16225,JY96_16225,Histidine&nbsp;kinase,96.3
1538295.JY96_08960,atpA,ATP&nbsp;synthase&nbsp;subunit&nbsp;alpha,96.3
1538295.JY96_13785,ccmE,Cytochrome&nbsp;c-type&nbsp;biogenesis&nbsp;protein&nbsp;CcmE,96.3
1538295.JY96_00810,JY96_00810,Uncharacterized&nbsp;protein,96.2
1538295.JY96_08930,ilvA,L-threonine&nbsp;dehydratase,96.2
1538295.JY96_07315,JY96_07315,Biotin&nbsp;carboxyl&nbsp;carrier&nbsp;protein&nbsp;of&nbsp;acetyl-CoA&nbsp;carboxylase,96.2
1538295.JY96_04080,JY96_04080,NADH-quinone&nbsp;oxidoreductase,96.2
1538295.JY96_16350,JY96_16350,Integration&nbsp;host&nbsp;factor&nbsp;subunit&nbsp;beta,96.1
1538295.JY96_03230,JY96_03230,Omega&nbsp;amino&nbsp;acid--pyruvate&nbsp;aminotransferase,96.1
1538295.JY96_04045,nuoN,NADH-quinone&nbsp;oxidoreductase&nbsp;subunit&nbsp;N,96.0
1538295.JY96_05025,JY96_05025,Alanine&nbsp;racemase,96.0
1538295.JY96_01985,JY96_01985,Riboflavin&nbsp;synthase&nbsp;subunit&nbsp;alpha,96.0
1538295.JY96_09480,JY96_09480,Uncharacterized&nbsp;protein,96.0
1538295.JY96_04745,tatB,Sec-independent&nbsp;protein&nbsp;translocase&nbsp;protein&nbsp;TatB,95.9
1538295.JY96_19725,JY96_19725,Cytokinin&nbsp;riboside&nbsp;5'-monophosphate&nbsp;phosphoribohydrolase,95.9
1538295.JY96_02275,ndk,Nucleoside&nbsp;diphosphate&nbsp;kinase,95.7
1538295.JY96_18665,JY96_18665,2-hydroxy-acid&nbsp;oxidase,95.7
1538295.JY96_10550,thiL,Thiamine-monophosphate&nbsp;kinase,95.6
1538295.JY96_04610,JY96_04610,Enoyl-CoA&nbsp;hydratase,95.6
1538295.JY96_02330,glyQ,Glycine--tRNA&nbsp;ligase&nbsp;alpha&nbsp;subunit,95.6
1538295.JY96_15605,gmd,"GDP-mannose&nbsp;4,6-dehydratase",95.5
1538295.JY96_06870,JY96_06870,Uncharacterized&nbsp;protein,95.5
1538295.JY96_06230,JY96_06230,Malic&nbsp;enzyme,95.4
1538295.JY96_01905,JY96_01905,Uncharacterized&nbsp;protein,95.4
1538295.JY96_01210,JY96_01210,3-ketoacyl-ACP&nbsp;reductase,95.3
1538295.JY96_18065,JY96_18065,Uncharacterized&nbsp;protein,95.3
1538295.JY96_17235,JY96_17235,Chemotaxis&nbsp;protein&nbsp;CheW,95.3
1538295.JY96_14400,JY96_14400,Uncharacterized&nbsp;protein,95.2
1538295.JY96_02815,JY96_02815,Electron&nbsp;transfer&nbsp;flavoprotein&nbsp;subunit&nbsp;beta,95.2
1538295.JY96_14905,JY96_14905,Uncharacterized&nbsp;protein,95.2
1538295.JY96_17340,pyrB,Aspartate&nbsp;carbamoyltransferase,95.2
1538295.JY96_02990,JY96_02990,Peptidase&nbsp;S11,95.1
1538295.JY96_18435,JY96_18435,Uncharacterized&nbsp;protein,95.1
1538295.JY96_06490,JY96_06490,Uncharacterized&nbsp;protein,95.1
1538295.JY96_02615,JY96_02615,Sugar&nbsp;ABC&nbsp;transporter&nbsp;permease,95.1
1538295.JY96_18080,trpB,Tryptophan&nbsp;synthase&nbsp;beta&nbsp;chain,95.1
1538295.JY96_13780,JY96_13780,Cytochrome&nbsp;C&nbsp;biogenesis&nbsp;protein,95.1
1538295.JY96_17810,cpsB,Mannose-1-phosphate&nbsp;guanyltransferase,95.0
1538295.JY96_00960,JY96_00960,Putative&nbsp;thymidine&nbsp;phosphorylase,95.0
1538295.JY96_07890,aroE,Shikimate&nbsp;dehydrogenase&nbsp;(NADP(+)),95.0
1538295.JY96_14115,JY96_14115,PTS&nbsp;sugar&nbsp;transporter&nbsp;subunit&nbsp;IIA,95.0
1538295.JY96_01380,carB,Carbamoyl-phosphate&nbsp;synthase&nbsp;large&nbsp;chain,95.0
1538295.JY96_17055,JY96_17055,Uracil&nbsp;phosphoribosyltransferase,95.0
1538295.JY96_19840,uppP,Undecaprenyl-diphosphatase,95.0
1538295.JY96_04315,JY96_04315,Response&nbsp;regulator,95.0
1538295.JY96_08875,JY96_08875,General&nbsp;secretion&nbsp;pathway&nbsp;protein&nbsp;GspE,94.9
1538295.JY96_14530,JY96_14530,Uncharacterized&nbsp;protein,94.9
1538295.JY96_04055,JY96_04055,NADH:ubiquinone&nbsp;oxidoreductase&nbsp;subunit&nbsp;L,94.9
1538295.JY96_10225,glpK,Glycerol&nbsp;kinase,94.9
1538295.JY96_08450,JY96_08450,ATP&nbsp;synthase&nbsp;subunit&nbsp;a,94.9
1538295.JY96_07220,JY96_07220,Serine&nbsp;dehydratase,94.8
1538295.JY96_12470,JY96_12470,Uncharacterized&nbsp;protein,94.8
1538295.JY96_17305,JY96_17305,Chemotaxis&nbsp;protein,94.8
1538295.JY96_07610,rpsN,30S&nbsp;ribosomal&nbsp;protein&nbsp;S14,94.7
1538295.JY96_06895,JY96_06895,Adenosylmethionine&nbsp;decarboxylase,94.7
1538295.JY96_01630,gloB,Hydroxyacylglutathione&nbsp;hydrolase,94.6
1538295.JY96_05180,polA,DNA&nbsp;polymerase&nbsp;I,94.5
1538295.JY96_19705,JY96_19705,Uncharacterized&nbsp;protein,94.5
1538295.JY96_01080,JY96_01080,Uncharacterized&nbsp;protein,94.5
1538295.JY96_03055,JY96_03055,Multidrug&nbsp;ABC&nbsp;transporter&nbsp;ATP-binding&nbsp;protein,94.4
1538295.JY96_10390,JY96_10390,Uncharacterized&nbsp;protein,94.3
1538295.JY96_07370,gpsA,Glycerol-3-phosphate&nbsp;dehydrogenase&nbsp;[NAD(P)+],94.3
1538295.JY96_20615,JY96_20615,Coproporphyrinogen-III&nbsp;oxidase,94.3
1538295.JY96_14630,JY96_14630,Poly(3-hydroxybutyrate)&nbsp;depolymerase,94.3
1538295.JY96_00400,JY96_00400,Sensor&nbsp;protein,94.3
1538295.JY96_09820,JY96_09820,Transcriptional&nbsp;regulator,94.2
1538295.JY96_08540,JY96_08540,Taurine&nbsp;dioxygenase,94.1
1538295.JY96_17525,JY96_17525,Acetolactate&nbsp;synthase&nbsp;large&nbsp;subunit,94.0
1538295.JY96_07675,JY96_07675,Oxidoreductase,94.0
1538295.JY96_02060,JY96_02060,Phosphoenolpyruvate&nbsp;synthase,94.0
1538295.JY96_13775,JY96_13775,Thiol:disulfide&nbsp;interchange&nbsp;protein,93.9
1538295.JY96_10750,JY96_10750,Hcp1&nbsp;family&nbsp;type&nbsp;VI&nbsp;secretion&nbsp;system&nbsp;effector,93.9
1538295.JY96_19600,JY96_19600,Cytochrome&nbsp;Cbb3,93.8
1538295.JY96_20575,JY96_20575,Cbb3-type&nbsp;cytochrome&nbsp;c&nbsp;oxidase&nbsp;subunit&nbsp;I,93.8
1538295.JY96_01515,JY96_01515,Peptide&nbsp;deformylase,93.8
1538295.JY96_12250,JY96_12250,Histidine&nbsp;kinase,93.8
1538295.JY96_06905,speE,Polyamine&nbsp;aminopropyltransferase,93.7
1538295.JY96_18120,gltX,Glutamate--tRNA&nbsp;ligase,93.7
1538295.JY96_18180,JY96_18180,Dehydratase,93.7
1538295.JY96_04780,hisF,Imidazole&nbsp;glycerol&nbsp;phosphate&nbsp;synthase&nbsp;subunit&nbsp;HisF,93.7
1538295.JY96_10875,JY96_10875,Uncharacterized&nbsp;protein,93.7
1538295.JY96_08435,JY96_08435,ATP&nbsp;F0F1&nbsp;synthase&nbsp;subunit&nbsp;alpha,93.7
1538295.JY96_06505,zwf,Glucose-6-phosphate&nbsp;1-dehydrogenase,93.5
1538295.JY96_09695,JY96_09695,Uncharacterized&nbsp;protein,93.5
1538295.JY96_01260,JY96_01260,Uncharacterized&nbsp;protein,93.5
1538295.JY96_11590,JY96_11590,Methylmalonate-semialdehyde&nbsp;dehydrogenase,93.5
1538295.JY96_14560,JY96_14560,2-nitropropane&nbsp;dioxygenase,93.4
1538295.JY96_18430,JY96_18430,Transcriptional&nbsp;regulator,93.4
1538295.JY96_07575,secY,Protein&nbsp;translocase&nbsp;subunit&nbsp;SecY,93.4
1538295.JY96_13535,JY96_13535,Uncharacterized&nbsp;protein,93.3
1538295.JY96_18305,JY96_18305,Nitrogenase&nbsp;protein&nbsp;alpha&nbsp;chain,93.3
1538295.JY96_12840,JY96_12840,"2,4-dienoyl-CoA&nbsp;reductase",93.3
1538295.JY96_05000,purD,Phosphoribosylamine--glycine&nbsp;ligase,93.3
1538295.JY96_10515,JY96_10515,Chemotaxis&nbsp;protein&nbsp;CheY,93.3
1538295.JY96_07155,JY96_07155,"L-erythro-3,5-diaminohexanoate&nbsp;dehydrogenase",93.2
1538295.JY96_17815,JY96_17815,Phosphoglycolate&nbsp;phosphatase,93.2
1538295.JY96_19040,JY96_19040,Uncharacterized&nbsp;protein,93.1
1538295.JY96_05395,JY96_05395,Involved&nbsp;in&nbsp;the&nbsp;insertion&nbsp;of&nbsp;copper&nbsp;into&nbsp;subunit&nbsp;I&nbsp;of&nbsp;cytochrome&nbsp;C&nbsp;oxidase,93.1
1538295.JY96_05455,JY96_05455,Uncharacterized&nbsp;protein,93.1
1538295.JY96_03720,prs,Ribose-phosphate&nbsp;pyrophosphokinase,93.0
1538295.JY96_14095,moaC,Cyclic&nbsp;pyranopterin&nbsp;monophosphate&nbsp;synthase,93.0
1538295.JY96_18695,JY96_18695,Aminotransferase&nbsp;DegT,92.9
1538295.JY96_10220,JY96_10220,DeoR&nbsp;faimly&nbsp;transcriptional&nbsp;regulator,92.9
1538295.JY96_17390,JY96_17390,Chemotaxis&nbsp;protein&nbsp;CheY,92.9
1538295.JY96_10355,JY96_10355,Diguanylate&nbsp;phosphodiesterase,92.8
1538295.JY96_04845,JY96_04845,Amidohydrolase,92.8
1538295.JY96_09465,JY96_09465,Uncharacterized&nbsp;protein,92.8
1538295.JY96_17350,JY96_17350,Lyso-ornithine&nbsp;lipid&nbsp;acyltransferase,92.8
1538295.JY96_02435,recO,DNA&nbsp;repair&nbsp;protein&nbsp;RecO,92.7
1538295.JY96_03295,mfd,Transcription-repair-coupling&nbsp;factor,92.6
1538295.JY96_20515,JY96_20515,Ferredoxin,92.5
1538295.JY96_18810,JY96_18810,Acetyl-CoA&nbsp;acetyltransferase,92.4
1538295.JY96_02710,JY96_02710,Nitrate&nbsp;ABC&nbsp;transporter&nbsp;ATPase,92.4
1538295.JY96_01200,JY96_01200,Acetyl-CoA&nbsp;acetyltransferase,92.4
1538295.JY96_03105,glnA,Forms&nbsp;a&nbsp;homododecamer,92.4
1538295.JY96_12285,JY96_12285,Uncharacterized&nbsp;protein,92.4
1538295.JY96_04505,JY96_04505,Superoxide&nbsp;dismutase&nbsp;[Cu-Zn],92.4
1538295.JY96_16850,JY96_16850,Alpha/beta&nbsp;hydrolase,92.3
1538295.JY96_14765,JY96_14765,"Biphenyl-2,3-diol&nbsp;1,2-dioxygenase",92.2
1538295.JY96_12235,JY96_12235,Uncharacterized&nbsp;protein,92.2
1538295.JY96_00825,dnaG,DNA&nbsp;primase,92.2
1538295.JY96_04800,JY96_04800,Histidinol-phosphate&nbsp;aminotransferase,92.1
1538295.JY96_20640,clpS,ATP-dependent&nbsp;Clp&nbsp;protease&nbsp;adapter&nbsp;protein&nbsp;ClpS,92.1
1538295.JY96_14175,JY96_14175,Uncharacterized&nbsp;protein,92.1
1538295.JY96_04010,JY96_04010,Uncharacterized&nbsp;protein,92.1
1538295.JY96_04695,JY96_04695,Glutathione&nbsp;S-transferase,92.1
1538295.JY96_09565,JY96_09565,Alpha/beta&nbsp;hydrolase,92.1
1538295.JY96_00835,kdsB,3-deoxy-manno-octulosonate&nbsp;cytidylyltransferase,92.0
1538295.JY96_20545,JY96_20545,Nitrite&nbsp;reductase,92.0
1538295.JY96_16975,argG,Argininosuccinate&nbsp;synthase,92.0
1538295.JY96_13925,JY96_13925,Uncharacterized&nbsp;protein,92.0
1538295.JY96_12105,JY96_12105,Penicillin-binding&nbsp;protein,92.0
1538295.JY96_04440,JY96_04440,Flagellar&nbsp;hook&nbsp;protein&nbsp;FlgE,92.0
1538295.JY96_09085,gatB,Aspartyl/glutamyl-tRNA(Asn/Gln)&nbsp;amidotransferase&nbsp;subunit&nbsp;B,91.9
1538295.JY96_13400,lipA,Lipoyl&nbsp;synthase,91.9
1538295.JY96_13685,JY96_13685,3-hydroxyacyl-CoA&nbsp;dehydrogenase,91.9
1538295.JY96_14840,JY96_14840,Cytochrome&nbsp;o&nbsp;ubiquinol&nbsp;oxidase&nbsp;subunit&nbsp;I,91.9
1538295.JY96_04585,JY96_04585,2-alkenal&nbsp;reductase,91.8
1538295.JY96_05915,JY96_05915,Site-determining&nbsp;protein,91.8
1538295.JY96_08820,JY96_08820,Uncharacterized&nbsp;protein,91.8
1538295.JY96_16125,coaE,Dephospho-CoA&nbsp;kinase,91.8
1538295.JY96_07125,JY96_07125,Cystathionine&nbsp;gamma-synthase,91.8
1538295.JY96_05550,JY96_05550,Iron-sulfur&nbsp;cluster&nbsp;assembly&nbsp;scaffold&nbsp;protein&nbsp;IscU,91.8
1538295.JY96_03850,JY96_03850,Glutamine&nbsp;amidotransferase,91.8
1538295.JY96_15405,JY96_15405,Glucose-1-phosphate&nbsp;thymidylyltransferase,91.7
1538295.JY96_05500,JY96_05500,Uncharacterized&nbsp;protein,91.7
1538295.JY96_12615,rplL,50S&nbsp;ribosomal&nbsp;protein&nbsp;L7/L12,91.7
1538295.JY96_19345,JY96_19345,Sugar&nbsp;dehydrogenase,91.7
1538295.JY96_03860,panB,3-methyl-2-oxobutanoate&nbsp;hydroxymethyltransferase,91.7
1538295.JY96_05110,JY96_05110,Uncharacterized&nbsp;protein,91.6
1538295.JY96_02765,ureD,Urease&nbsp;accessory&nbsp;protein&nbsp;UreD,91.6
1538295.JY96_13285,secF,Protein-export&nbsp;membrane&nbsp;protein&nbsp;SecF,91.6
1538295.JY96_19125,JY96_19125,Uncharacterized&nbsp;protein,91.6
1538295.JY96_19445,JY96_19445,XRE&nbsp;family&nbsp;transcriptional&nbsp;regulator,91.6
1538295.JY96_04700,JY96_04700,Derived&nbsp;by&nbsp;automated&nbsp;computational&nbsp;analysis&nbsp;using&nbsp;gene&nbsp;prediction&nbsp;method:&nbsp;Protein&nbsp;Homology,91.6
1538295.JY96_02040,gcvH,Glycine&nbsp;cleavage&nbsp;system&nbsp;H&nbsp;protein,91.6
1538295.JY96_12380,JY96_12380,Ribulose-phosphate&nbsp;3-epimerase,91.5
1538295.JY96_08080,JY96_08080,Uncharacterized&nbsp;protein,91.5
1538295.JY96_16980,ppnP,Pyrimidine/purine&nbsp;nucleoside&nbsp;phosphorylase,91.5
1538295.JY96_14640,prpE,Catalyzes&nbsp;the&nbsp;formation&nbsp;of&nbsp;propionyl-CoA&nbsp;using&nbsp;propionate&nbsp;as&nbsp;a&nbsp;substrate,91.5
1538295.JY96_02945,clpX,ATP-dependent&nbsp;Clp&nbsp;protease&nbsp;ATP-binding&nbsp;subunit&nbsp;ClpX,91.4
1538295.JY96_09450,JY96_09450,Uncharacterized&nbsp;protein,91.4
1538295.JY96_06545,JY96_06545,Glutamate&nbsp;synthase,91.3
1538295.JY96_03160,JY96_03160,Uncharacterized&nbsp;protein,91.3
1538295.JY96_02950,clpP,ATP-dependent&nbsp;Clp&nbsp;protease&nbsp;proteolytic&nbsp;subunit,91.2
1538295.JY96_01160,JY96_01160,Uncharacterized&nbsp;protein,91.2
1538295.JY96_20610,JY96_20610,Transcriptional&nbsp;regulator,91.1
1538295.JY96_07295,JY96_07295,Dehydrogenase,91.1
1538295.JY96_02600,JY96_02600,Adenine&nbsp;deaminase,91.1
1538295.JY96_05350,JY96_05350,Putative&nbsp;glucose-6-phosphate&nbsp;1-epimerase,91.1
1538295.JY96_20775,JY96_20775,Enoyl-[acyl-carrier-protein]&nbsp;reductase&nbsp;[NADH],91.1
1538295.JY96_02505,fabH,3-oxoacyl-[acyl-carrier-protein]&nbsp;synthase&nbsp;3,91.0
1538295.JY96_15070,JY96_15070,Uncharacterized&nbsp;protein,91.0
1538295.JY96_11710,JY96_11710,Flagellar&nbsp;transcriptional&nbsp;regulator&nbsp;FlhC,91.0
1538295.JY96_04640,JY96_04640,Branched-chain&nbsp;amino&nbsp;acid&nbsp;ABC&nbsp;transporter&nbsp;substrate-binding&nbsp;protein,91.0
1538295.JY96_08490,JY96_08490,Protein&nbsp;kinase,90.9
1538295.JY96_17560,JY96_17560,Polyketide&nbsp;cyclase,90.9
1538295.JY96_02515,rpmF,Some&nbsp;L32&nbsp;proteins&nbsp;have&nbsp;zinc&nbsp;finger&nbsp;motifs&nbsp;consisting&nbsp;of&nbsp;CXXC&nbsp;while&nbsp;others&nbsp;do&nbsp;not,90.9
1538295.JY96_04425,JY96_04425,Flagellar&nbsp;basal&nbsp;body&nbsp;rod&nbsp;protein&nbsp;FlgB,90.8
1538295.JY96_07065,JY96_07065,Uncharacterized&nbsp;protein,90.8
1538295.JY96_12620,rpoB,DNA-directed&nbsp;RNA&nbsp;polymerase&nbsp;subunit&nbsp;beta,90.8
1538295.JY96_12600,rplK,50S&nbsp;ribosomal&nbsp;protein&nbsp;L11,90.8
1538295.JY96_11550,JY96_11550,Uncharacterized&nbsp;protein,90.8
1538295.JY96_06605,JY96_06605,LytTR&nbsp;family&nbsp;transcriptional&nbsp;regulator,90.7
1538295.JY96_03740,JY96_03740,Ferredoxin,90.7
1538295.JY96_12695,JY96_12580,Elongation&nbsp;factor&nbsp;Tu,90.6
1538295.JY96_08610,JY96_08610,Uncharacterized&nbsp;protein,90.6
1538295.JY96_03140,JY96_03140,Uncharacterized&nbsp;protein,90.6
1538295.JY96_09685,JY96_09685,Aminotransferase,90.5
1538295.JY96_17705,JY96_17705,ABC&nbsp;transporter&nbsp;substrate-binding&nbsp;protein,90.5
1538295.JY96_00930,JY96_00930,Uncharacterized&nbsp;protein,90.5
1538295.JY96_04060,nuoK,NADH-quinone&nbsp;oxidoreductase&nbsp;subunit&nbsp;K,90.5
1538295.JY96_15875,JY96_15875,Fis&nbsp;family&nbsp;transcriptional&nbsp;regulator,90.5
1538295.JY96_02085,JY96_02085,Replicative&nbsp;DNA&nbsp;helicase,90.5
1538295.JY96_05300,JY96_05300,Uncharacterized&nbsp;protein,90.4
1538295.JY96_09590,JY96_09590,Uncharacterized&nbsp;protein,90.4
1538295.JY96_12085,JY96_12085,Uncharacterized&nbsp;protein,90.3
1538295.JY96_15510,JY96_15510,Mannose-1-phosphate&nbsp;guanyltransferase,90.3
1538295.JY96_18420,JY96_18420,Cytochrome&nbsp;C&nbsp;peroxidase,90.2
1538295.JY96_00955,JY96_00955,Phosphoribosylpyrophosphate&nbsp;synthetase,90.2
1538295.JY96_17135,JY96_17135,Secretin,90.1
1538295.JY96_05385,JY96_05385,MFS&nbsp;transporter,90.1
1538295.JY96_04325,JY96_04325,Type&nbsp;II&nbsp;secretion&nbsp;system&nbsp;protein&nbsp;E,90.1
1538295.JY96_16535,JY96_16535,Uncharacterized&nbsp;protein,90.0
1538295.JY96_04875,JY96_04875,Chemotaxis&nbsp;protein&nbsp;CheY,90.0
1538295.JY96_15290,JY96_15290,Chemotaxis&nbsp;response&nbsp;regulator&nbsp;protein-glutamate&nbsp;methylesterase,90.0
1538295.JY96_04005,aroC,Chorismate&nbsp;synthase,90.0
1538295.JY96_11620,JY96_11620,Uncharacterized&nbsp;protein,90.0
1538295.JY96_02200,purA,Adenylosuccinate&nbsp;synthetase,90.0
1538295.JY96_17335,JY96_17335,Uracil&nbsp;phosphoribosyltransferase,89.9
1538295.JY96_07135,JY96_07135,3-aminobutyryl-CoA&nbsp;ammonia&nbsp;lyase,89.9
1538295.JY96_03340,JY96_03340,Uncharacterized&nbsp;protein,89.8
1538295.JY96_17940,JY96_17940,Aconitate&nbsp;hydratase,89.8
1538295.JY96_07545,rplQ,50S&nbsp;ribosomal&nbsp;protein&nbsp;L17,89.8
1538295.JY96_20470,JY96_20470,Uncharacterized&nbsp;protein,89.7
1538295.JY96_01305,JY96_01305,Histidine&nbsp;kinase,89.7
1538295.JY96_06510,JY96_06510,Uncharacterized&nbsp;protein,89.6
1538295.JY96_03095,JY96_03095,Histidine&nbsp;kinase,89.6
1538295.JY96_16695,JY96_16695,Deoxyguanosinetriphosphate&nbsp;triphosphohydrolase-like&nbsp;protein,89.6
1538295.JY96_04615,JY96_04615,3-hydroxyacyl-CoA&nbsp;dehydrogenase,89.5
1538295.JY96_08115,JY96_08115,Polyphosphate&nbsp;kinase,89.5
1538295.JY96_08950,atpD,ATP&nbsp;synthase&nbsp;subunit&nbsp;beta,89.5
1538295.JY96_05535,JY96_05535,Chaperone&nbsp;protein&nbsp;HscA&nbsp;homolog,89.5
1538295.JY96_13180,JY96_13180,Uncharacterized&nbsp;protein,89.5
1538295.JY96_04805,hisD,Histidinol&nbsp;dehydrogenase,89.4
1538295.JY96_14210,JY96_14210,Probable&nbsp;chemoreceptor&nbsp;glutamine&nbsp;deamidase&nbsp;CheD,89.3
1538295.JY96_05560,JY96_05560,DNA-binding&nbsp;protein,89.3
1538295.JY96_06215,JY96_06215,SAM-dependent&nbsp;methyltransferase,89.3
1538295.JY96_09305,JY96_09305,Uncharacterized&nbsp;protein,89.3
1538295.JY96_02420,JY96_02420,Uncharacterized&nbsp;protein,89.2
1538295.JY96_19180,JY96_19180,Uncharacterized&nbsp;protein,89.2
1538295.JY96_20275,JY96_20275,Uncharacterized&nbsp;protein,89.2
1538295.JY96_13950,JY96_13950,Uncharacterized&nbsp;protein,89.2
1538295.JY96_20405,JY96_20405,ATP-dependent&nbsp;Clp&nbsp;protease&nbsp;proteolytic&nbsp;subunit,89.2
1538295.JY96_15755,proA,Gamma-glutamyl&nbsp;phosphate&nbsp;reductase,89.1
1538295.JY96_15095,JY96_15095,Flagellar&nbsp;basal&nbsp;body&nbsp;rod&nbsp;protein,89.1
1538295.JY96_01000,JY96_01000,Uncharacterized&nbsp;protein,89.1
1538295.JY96_18300,nifH,Nitrogenase&nbsp;iron&nbsp;protein,89.0
1538295.JY96_08085,thiG,Thiazole&nbsp;synthase,89.0
1538295.JY96_02125,lpxD,UDP-3-O-acylglucosamine&nbsp;N-acyltransferase,88.9
1538295.JY96_08570,JY96_08570,Chemotaxis&nbsp;protein&nbsp;CheW,88.8
1538295.JY96_12875,glcB,Malate&nbsp;synthase&nbsp;G,88.8
1538295.JY96_03465,JY96_03465,L-aspartate&nbsp;oxidase,88.8
1538295.JY96_06585,JY96_06585,Flagellar&nbsp;motor&nbsp;protein&nbsp;MotA,88.8
1538295.JY96_15705,JY96_15705,PTS&nbsp;fructose&nbsp;transporter&nbsp;subunit&nbsp;IIA,88.8
1538295.JY96_18020,JY96_18020,Uncharacterized&nbsp;protein,88.8
1538295.JY96_09875,JY96_09875,Chemotaxis&nbsp;response&nbsp;regulator&nbsp;protein-glutamate&nbsp;methylesterase,88.7
1538295.JY96_12730,rplV,50S&nbsp;ribosomal&nbsp;protein&nbsp;L22,88.7
1538295.JY96_12505,trpC,Indole-3-glycerol&nbsp;phosphate&nbsp;synthase,88.7
1538295.JY96_14710,JY96_14710,DNA&nbsp;helicase,88.7
1538295.JY96_20980,JY96_20980,Uncharacterized&nbsp;protein,88.6
1538295.JY96_13175,JY96_13175,3-mercaptopyruvate&nbsp;sulfurtransferase,88.6
1538295.JY96_10685,JY96_10685,3-oxoacyl-ACP&nbsp;synthase,88.5
1538295.JY96_12315,JY96_12315,CopG&nbsp;family&nbsp;transcriptional&nbsp;regulator,88.4
1538295.JY96_15295,JY96_15295,Probable&nbsp;chemoreceptor&nbsp;glutamine&nbsp;deamidase&nbsp;CheD,88.4
1538295.JY96_00920,purL,Phosphoribosylformylglycinamidine&nbsp;synthase,88.4
1538295.JY96_20385,JY96_20385,5'-nucleotidase,88.3
1538295.JY96_05400,JY96_05400,Cytochrome&nbsp;c&nbsp;oxidase&nbsp;subunit&nbsp;1,88.3
1538295.JY96_09700,JY96_09700,S-(hydroxymethyl)glutathione&nbsp;dehydrogenase,88.3
1538295.JY96_17665,JY96_17665,Phosphofructokinase,88.2
1538295.JY96_18245,JY96_18245,Alpha/beta&nbsp;hydrolase,88.2
1538295.JY96_17345,JY96_17345,Dihydroorotase,88.2
1538295.JY96_20355,JY96_20355,Pyridine&nbsp;nucleotide-disulfide&nbsp;oxidoreductase,88.1
1538295.JY96_03265,JY96_03265,Histidine&nbsp;kinase,88.1
1538295.JY96_18385,JY96_18385,Molybdenum&nbsp;import&nbsp;ATP-binding&nbsp;protein&nbsp;ModC,88.1
1538295.JY96_19435,JY96_19435,"GTP&nbsp;3',8-cyclase",88.1
1538295.JY96_13220,JY96_13220,Uncharacterized&nbsp;protein,88.1
1538295.JY96_17765,aspS,Aspartate--tRNA(Asp/Asn)&nbsp;ligase,88.1
1538295.JY96_15010,JY96_15010,Enoyl-CoA&nbsp;hydratase,88.1
1538295.JY96_16290,JY96_16290,Uncharacterized&nbsp;protein,88.0
1538295.JY96_09770,JY96_09770,Glutathione&nbsp;peroxidase,88.0
1538295.JY96_04810,hisG,ATP&nbsp;phosphoribosyltransferase,87.9
1538295.JY96_13230,JY96_13230,DNA&nbsp;polymerase,87.9
1538295.JY96_13635,JY96_13635,Glycolate&nbsp;oxidase&nbsp;subunit&nbsp;GlcD,87.8
1538295.JY96_04180,ilvD,Dihydroxy-acid&nbsp;dehydratase,87.8
1538295.JY96_15185,JY96_15185,Arginase,87.8
1538295.JY96_17080,JY96_17080,Uncharacterized&nbsp;protein,87.8
1538295.JY96_19160,JY96_19160,Uncharacterized&nbsp;protein,87.7
1538295.JY96_08855,JY96_08855,5'-nucleotidase,87.7
1538295.JY96_08145,JY96_08145,Carbamoyl-phosphate&nbsp;synthase&nbsp;large&nbsp;subunit,87.7
1538295.JY96_17105,cyaY,Protein&nbsp;CyaY,87.7
1538295.JY96_01425,JY96_01425,Arylesterase,87.7
1538295.JY96_18095,JY96_18095,Folylpolyglutamate&nbsp;synthase,87.7
1538295.JY96_02170,tsf,Elongation&nbsp;factor&nbsp;Ts,87.5
1538295.JY96_03235,ppa,Inorganic&nbsp;pyrophosphatase,87.5
1538295.JY96_10645,JY96_10645,Diguanylate&nbsp;cyclase,87.5
1538295.JY96_02325,glyS,Glycine--tRNA&nbsp;ligase&nbsp;beta&nbsp;subunit,87.5
1538295.JY96_14190,JY96_14190,Uncharacterized&nbsp;protein,87.5
1538295.JY96_02010,JY96_02010,Uncharacterized&nbsp;protein,87.4
1538295.JY96_03495,JY96_03495,Glutathione&nbsp;S-transferase,87.4
1538295.JY96_18605,JY96_18605,Iron-sulfur&nbsp;cluster&nbsp;assembly&nbsp;scaffold&nbsp;protein&nbsp;IscU,87.3
1538295.JY96_14265,JY96_14265,Hydroxymethylglutaryl-CoA&nbsp;lyase,87.3
1538295.JY96_03225,JY96_03225,Isocitrate&nbsp;lyase,87.3
1538295.JY96_17995,JY96_17995,Succinate&nbsp;dehydrogenase,87.3
1538295.JY96_01460,mnmC,tRNA&nbsp;5-methylaminomethyl-2-thiouridine&nbsp;biosynthesis&nbsp;bifunctional&nbsp;protein&nbsp;MnmC,87.3
1538295.JY96_09265,JY96_09265,Multidrug&nbsp;transporter&nbsp;AcrB,87.3
1538295.JY96_15370,JY96_15370,CpxR,87.3
1538295.JY96_11370,JY96_11370,Integrase,87.2
1538295.JY96_03655,thyA,Thymidylate&nbsp;synthase,87.2
1538295.JY96_11270,JY96_11270,Glutamine-dependent&nbsp;NAD(+)&nbsp;synthetase,87.2
1538295.JY96_12240,cynS,Cyanate&nbsp;hydratase,87.1
1538295.JY96_05405,JY96_05405,Cytochrome&nbsp;c&nbsp;oxidase&nbsp;subunit&nbsp;2,87.1
1538295.JY96_14290,JY96_14290,3-hydroxy-2-methylbutyryl-CoA&nbsp;dehydrogenase,87.1
1538295.JY96_01485,JY96_01485,Uncharacterized&nbsp;protein,87.1
1538295.JY96_04955,tolB,Protein&nbsp;TolB,87.1
1538295.JY96_19450,JY96_19450,Major&nbsp;facilitator&nbsp;transporter,87.0
1538295.JY96_02975,JY96_02975,Uncharacterized&nbsp;protein,87.0
1538295.JY96_03320,JY96_03320,4-hydroxy-4-methyl-2-oxoglutarate&nbsp;aldolase,87.0
1538295.JY96_08495,JY96_08495,Alkaline&nbsp;phosphatase,86.9
1538295.JY96_04895,JY96_04895,Catalyze&nbsp;the&nbsp;formation&nbsp;of&nbsp;cyanophycin&nbsp;which&nbsp;may&nbsp;act&nbsp;to&nbsp;store&nbsp;excess&nbsp;nitrogen,86.9
1538295.JY96_15930,JY96_15930,Uncharacterized&nbsp;protein,86.8
1538295.JY96_17460,JY96_17460,Type&nbsp;VI&nbsp;secretion&nbsp;protein,86.8
1538295.JY96_19135,JY96_19135,Uncharacterized&nbsp;protein,86.8
1538295.JY96_06090,JY96_06090,ATPase,86.8
1538295.JY96_12805,JY96_12805,Aminoglycoside&nbsp;phosphotransferase,86.8
1538295.JY96_12440,JY96_12440,Glutamate-pyruvate&nbsp;aminotransferase,86.8
1538295.JY96_03795,JY96_03795,Ribonucleoside-diphosphate&nbsp;reductase,86.8
1538295.JY96_04190,JY96_04190,Uncharacterized&nbsp;protein,86.8
1538295.JY96_02320,JY96_02320,"D,D-heptose&nbsp;1,7-bisphosphate&nbsp;phosphatase",86.7
1538295.JY96_05315,JY96_05315,Uncharacterized&nbsp;protein,86.7
1538295.JY96_01385,carA,Carbamoyl-phosphate&nbsp;synthase&nbsp;small&nbsp;chain,86.6
1538295.JY96_10760,JY96_10760,Uncharacterized&nbsp;protein,86.6
1538295.JY96_00270,JY96_00270,Glutaredoxin,86.6
1538295.JY96_07085,groEL,60&nbsp;kDa&nbsp;chaperonin,86.6
1538295.JY96_17405,rpmB,50S&nbsp;ribosomal&nbsp;protein&nbsp;L28,86.5
1538295.JY96_03595,JY96_03595,Membrane&nbsp;protein,86.5
1538295.JY96_09400,JY96_09400,Uncharacterized&nbsp;protein,86.4
1538295.JY96_04915,JY96_04915,Radical&nbsp;SAM&nbsp;protein,86.3
1538295.JY96_18855,JY96_18855,"Ribulose&nbsp;1,5-bisphosphate&nbsp;carboxylase&nbsp;small&nbsp;subunit",86.3
1538295.JY96_05510,dnaQ,DNA&nbsp;polymerase&nbsp;III&nbsp;subunit&nbsp;epsilon,86.3
1538295.JY96_03600,mutL,DNA&nbsp;mismatch&nbsp;repair&nbsp;protein&nbsp;MutL,86.3
1538295.JY96_01820,JY96_01820,Molybdenum&nbsp;cofactor&nbsp;biosynthesis&nbsp;protein&nbsp;MogA,86.3
1538295.JY96_01620,rnhA,Ribonuclease&nbsp;H,86.3
1538295.JY96_07620,rplX,50S&nbsp;ribosomal&nbsp;protein&nbsp;L24,86.3
1538295.JY96_07745,JY96_07745,Phosphoglycerate&nbsp;mutase,86.2
1538295.JY96_00230,JY96_00230,Glyoxalase,86.2
1538295.JY96_02120,fabZ,3-hydroxyacyl-[acyl-carrier-protein]&nbsp;dehydratase&nbsp;FabZ,86.2
1538295.JY96_12100,JY96_12100,Alpha-2-macroglobulin,86.2
1538295.JY96_01940,JY96_01940,Serine/threonine&nbsp;protein&nbsp;phosphatase,86.2
1538295.JY96_06335,JY96_06335,Alpha/beta&nbsp;hydrolase,86.1
1538295.JY96_06495,pgi,Glucose-6-phosphate&nbsp;isomerase,86.1
1538295.JY96_15395,JY96_15395,"dTDP-glucose&nbsp;4,6-dehydratase",86.0
1538295.JY96_04295,rlmD,23S&nbsp;rRNA&nbsp;(uracil(1939)-C(5))-methyltransferase&nbsp;RlmD,85.9
1538295.JY96_07345,gpmA,"2,3-bisphosphoglycerate-dependent&nbsp;phosphoglycerate&nbsp;mutase",85.9
1538295.JY96_16200,JY96_16200,Uncharacterized&nbsp;protein,85.9
1538295.JY96_07355,JY96_07355,Glutaredoxin,85.9
1538295.JY96_01315,JY96_01315,Phosphate-specific&nbsp;transport&nbsp;system&nbsp;accessory&nbsp;protein&nbsp;PhoU,85.7
1538295.JY96_01935,JY96_01935,MFS&nbsp;transporter,85.7
1538295.JY96_10480,JY96_10480,Translation&nbsp;initiation&nbsp;factor&nbsp;IF-1,85.7
1538295.JY96_12920,JY96_12920,ABC&nbsp;transporter,85.7
1538295.JY96_19990,fliG,One&nbsp;of&nbsp;three&nbsp;proteins&nbsp;involved&nbsp;in&nbsp;switching&nbsp;the&nbsp;direction&nbsp;of&nbsp;the&nbsp;flagellar&nbsp;rotation,85.6
1538295.JY96_01480,dnaJ,Chaperone&nbsp;protein&nbsp;DnaJ,85.6
1538295.JY96_09890,JY96_09890,Ion&nbsp;transporter,85.6
1538295.JY96_17855,acnA,Aconitate&nbsp;hydratase,85.5
1538295.JY96_15590,JY96_15590,Chain-length&nbsp;determining&nbsp;protein,85.5
1538295.JY96_15480,JY96_15480,Glycosyl&nbsp;transferase&nbsp;group&nbsp;1,85.5
1538295.JY96_04705,JY96_04705,Cytochrome&nbsp;b,85.4
1538295.JY96_19175,JY96_19175,Uncharacterized&nbsp;protein,85.4
1538295.JY96_17865,JY96_17865,Uncharacterized&nbsp;protein,85.4
1538295.JY96_08870,JY96_08870,General&nbsp;secretion&nbsp;pathway&nbsp;protein&nbsp;GspF,85.3
1538295.JY96_10065,JY96_10065,Carbamoyl-phosphate&nbsp;synthase&nbsp;subunit&nbsp;L,85.2
1538295.JY96_17375,JY96_17375,Uncharacterized&nbsp;protein,85.1
1538295.JY96_21700,JY96_21700,ADP-ribosylglycohydrolase,85.1
1538295.JY96_17615,JY96_17615,Uncharacterized&nbsp;protein,85.1
1538295.JY96_02175,rpsB,30S&nbsp;ribosomal&nbsp;protein&nbsp;S2,85.1
1538295.JY96_01295,rpmE2,50S&nbsp;ribosomal&nbsp;protein&nbsp;L31,85.0
1538295.JY96_17230,JY96_17230,Chemotaxis&nbsp;protein,85.0
1538295.JY96_20165,JY96_20165,LytR&nbsp;family&nbsp;transcriptional&nbsp;regulator,85.0
1538295.JY96_01875,pcnB,Poly(A)&nbsp;polymerase&nbsp;I,85.0
1538295.JY96_01445,JY96_01445,GTP&nbsp;pyrophosphokinase,85.0
1538295.JY96_17565,JY96_17565,Enoyl-CoA&nbsp;hydratase,84.9
1538295.JY96_19455,JY96_19455,Nitrate/nitrite&nbsp;transporter&nbsp;NarK,84.9
1538295.JY96_10045,JY96_10045,MerR&nbsp;family&nbsp;transcriptional&nbsp;regulator,84.9
1538295.JY96_09705,JY96_09705,S-formylglutathione&nbsp;hydrolase,84.9
1538295.JY96_12685,rpsG,30S&nbsp;ribosomal&nbsp;protein&nbsp;S7,84.8
1538295.JY96_01865,rpsU,30S&nbsp;ribosomal&nbsp;protein&nbsp;S21,84.8
1538295.JY96_06000,JY96_06000,Alkyl&nbsp;hydroperoxide&nbsp;reductase&nbsp;AhpD,84.8
1538295.JY96_02360,JY96_02360,Uncharacterized&nbsp;protein,84.7
1538295.JY96_13080,purC,Phosphoribosylaminoimidazole-succinocarboxamide&nbsp;synthase,84.7
1538295.JY96_06680,ribH,"6,7-dimethyl-8-ribityllumazine&nbsp;synthase",84.7
1538295.JY96_04790,hisH,Imidazole&nbsp;glycerol&nbsp;phosphate&nbsp;synthase&nbsp;subunit&nbsp;HisH,84.7
1538295.JY96_02250,hisS,Histidine--tRNA&nbsp;ligase,84.6
1538295.JY96_21100,JY96_21100,Acetyltransferase,84.6
1538295.JY96_03725,ctc,50S&nbsp;ribosomal&nbsp;protein&nbsp;L25,84.6
1538295.JY96_13265,JY96_13265,Cytochrome&nbsp;C550,84.6
1538295.JY96_00615,JY96_00615,DNA&nbsp;repair&nbsp;exonuclease,84.6
1538295.JY96_04070,nuoI,NADH-quinone&nbsp;oxidoreductase&nbsp;subunit&nbsp;I,84.5
1538295.JY96_10655,JY96_10655,Uncharacterized&nbsp;protein,84.5
1538295.JY96_20785,nusA,Transcription&nbsp;termination/antitermination&nbsp;protein&nbsp;NusA,84.4
1538295.JY96_01530,smc,Chromosome&nbsp;partition&nbsp;protein&nbsp;Smc,84.4
1538295.JY96_09135,JY96_09135,Cytochrome&nbsp;C&nbsp;oxidase,84.4
1538295.JY96_20885,JY96_20885,CDP-diacylglycerol--glycerol-3-phosphate&nbsp;3-phosphatidyltransferase,84.4
1538295.JY96_10320,JY96_10320,DeoR&nbsp;faimly&nbsp;transcriptional&nbsp;regulator,84.3
1538295.JY96_15640,JY96_15640,Uncharacterized&nbsp;protein,84.2
1538295.JY96_00910,glnD,Bifunctional&nbsp;uridylyltransferase/uridylyl-removing&nbsp;enzyme,84.2
1538295.JY96_15835,JY96_15835,Uncharacterized&nbsp;protein,84.1
1538295.JY96_14205,JY96_14205,Single-stranded&nbsp;DNA-binding&nbsp;protein,84.1
1538295.JY96_14325,JY96_14325,Glutamate&nbsp;synthase,84.0
1538295.JY96_18060,asd,Aspartate-semialdehyde&nbsp;dehydrogenase,84.0
1538295.JY96_20120,ureF,Urease&nbsp;accessory&nbsp;protein&nbsp;UreF,84.0
1538295.JY96_04065,JY96_04065,NADH:ubiquinone&nbsp;oxidoreductase&nbsp;subunit&nbsp;J,84.0
1538295.JY96_17190,JY96_17190,2-nitropropane&nbsp;dioxygenase,83.9
1538295.JY96_12800,JY96_12800,Acyl-CoA&nbsp;dehydrogenase,83.9
1538295.JY96_11265,pncB,Nicotinate&nbsp;phosphoribosyltransferase,83.9
1538295.JY96_11420,JY96_11420,GCN5&nbsp;family&nbsp;acetyltransferase,83.8
1538295.JY96_13445,JY96_13445,Response&nbsp;regulator&nbsp;in&nbsp;two-component&nbsp;regulatory&nbsp;system&nbsp;with&nbsp;CusS,83.8
1538295.JY96_19595,hmp,Flavohemoprotein,83.8
1538295.JY96_01775,JY96_01775,Serine&nbsp;acetyltransferase,83.6
1538295.JY96_18010,JY96_18010,Uncharacterized&nbsp;protein,83.6
1538295.JY96_05075,fliA,RNA&nbsp;polymerase&nbsp;sigma&nbsp;factor&nbsp;FliA,83.6
1538295.JY96_12720,rplB,50S&nbsp;ribosomal&nbsp;protein&nbsp;L2,83.6
1538295.JY96_00875,JY96_00875,Dihydrolipoyllysine-residue&nbsp;succinyltransferase&nbsp;component&nbsp;of&nbsp;2-oxoglutarate&nbsp;dehydrogenase&nbsp;complex,83.6
1538295.JY96_01360,ftsJ,Ribosomal&nbsp;RNA&nbsp;large&nbsp;subunit&nbsp;methyltransferase&nbsp;E,83.6
1538295.JY96_18085,trpA,Tryptophan&nbsp;synthase&nbsp;alpha&nbsp;chain,83.5
1538295.JY96_20270,JY96_20270,Uncharacterized&nbsp;protein,83.5
1538295.JY96_01290,rho,Transcription&nbsp;termination&nbsp;factor&nbsp;Rho,83.4
1538295.JY96_06500,tal,Transaldolase,83.4
1538295.JY96_06400,JY96_06400,Oxidoreductase,83.4
1538295.JY96_17555,JY96_17555,"2,4-dienoyl-CoA&nbsp;reductase",83.3
1538295.JY96_04535,JY96_04535,Uncharacterized&nbsp;protein,83.3
1538295.JY96_18110,purF,Amidophosphoribosyltransferase,83.2
1538295.JY96_12905,JY96_12905,Uncharacterized&nbsp;protein,83.2
1538295.JY96_18780,JY96_18780,Ethanolamine&nbsp;utilization&nbsp;protein,83.2
1538295.JY96_12580,KGM40595.1,EF-Tu,83.1
1538295.JY96_18465,JY96_18465,Uncharacterized&nbsp;protein,83.1
1538295.JY96_16425,JY96_16425,Pyruvate&nbsp;dehydrogenase,83.1
1538295.JY96_07450,JY96_07450,Bifunctional&nbsp;enoyl-CoA&nbsp;hydratase/phosphate&nbsp;acetyltransferase,83.0
1538295.JY96_03700,JY96_03700,Uncharacterized&nbsp;protein,83.0
1538295.JY96_15900,kdpC,Potassium-transporting&nbsp;ATPase&nbsp;KdpC&nbsp;subunit,83.0
1538295.JY96_15155,JY96_15155,Polysaccharide&nbsp;biosynthesis&nbsp;protein,82.9
1538295.JY96_04085,JY96_04085,NADH-quinone&nbsp;oxidoreductase&nbsp;subunit&nbsp;F,82.9
1538295.JY96_12735,rpsC,30S&nbsp;ribosomal&nbsp;protein&nbsp;S3,82.8
1538295.JY96_07440,ilvE,Branched-chain-amino-acid&nbsp;aminotransferase,82.8
1538295.JY96_14595,JY96_14595,Uncharacterized&nbsp;protein,82.8
1538295.JY96_05065,JY96_05065,Ornithine&nbsp;carbamoyltransferase,82.8
1538295.JY96_03590,JY96_03590,Uncharacterized&nbsp;protein,82.7
1538295.JY96_18190,JY96_18190,Phosphoglucomutase,82.7
1538295.JY96_13470,JY96_13470,Alpha/beta&nbsp;hydrolase,82.7
1538295.JY96_11070,mnmE,tRNA&nbsp;modification&nbsp;GTPase&nbsp;MnmE,82.6
1538295.JY96_17580,JY96_17580,Response&nbsp;regulator&nbsp;in&nbsp;two-component&nbsp;regulatory&nbsp;system&nbsp;with&nbsp;KdpD,82.6
1538295.JY96_06085,JY96_06085,LuxR&nbsp;family&nbsp;transcriptional&nbsp;regulator,82.6
1538295.JY96_13275,JY96_13275,Preprotein&nbsp;translocase&nbsp;subunit&nbsp;YajC,82.6
1538295.JY96_08350,JY96_08350,Uncharacterized&nbsp;protein,82.6
1538295.JY96_02160,frr,Ribosome-recycling&nbsp;factor,82.5
1538295.JY96_04625,JY96_04625,Branched-chain&nbsp;amino&nbsp;acid&nbsp;ABC&nbsp;transporter&nbsp;substrate-binding&nbsp;protein,82.4
1538295.JY96_16560,JY96_16560,Triacylglycerol&nbsp;lipase,82.3
1538295.JY96_04310,surE,5'-nucleotidase&nbsp;SurE,82.3
1538295.JY96_15230,JY96_15230,Ferredoxin-NADP&nbsp;reductase,82.3
1538295.JY96_10630,JY96_10630,Uncharacterized&nbsp;protein,82.3
1538295.JY96_09315,JY96_09315,Glyoxalase,82.3
1538295.JY96_16000,JY96_16000,Uncharacterized&nbsp;protein,82.2
1538295.JY96_17610,JY96_17610,NADP&nbsp;oxidoreductase,82.1
1538295.JY96_11060,JY96_11060,Chemotaxis&nbsp;protein&nbsp;CheY,82.1
1538295.JY96_17110,JY96_17110,Penicillin-binding&nbsp;protein,82.1
1538295.JY96_14260,JY96_14260,Isovaleryl-CoA&nbsp;dehydrogenase,82.1
1538295.JY96_17240,JY96_17240,Histidine&nbsp;kinase,82.0
1538295.JY96_19625,JY96_19625,Protein&nbsp;nirF,82.0
1538295.JY96_00585,JY96_00585,Cation&nbsp;transporter,81.9
1538295.JY96_04770,JY96_04770,Uncharacterized&nbsp;protein,81.9
1538295.JY96_17685,JY96_17685,Cell&nbsp;division&nbsp;protein&nbsp;ZapA,81.9
1538295.JY96_02080,rplI,50S&nbsp;ribosomal&nbsp;protein&nbsp;L9,81.8
1538295.JY96_19475,JY96_19475,Nitrate&nbsp;reductase,81.8
1538295.JY96_16725,rpsP,30S&nbsp;ribosomal&nbsp;protein&nbsp;S16,81.8
1538295.JY96_12900,argS,Arginine--tRNA&nbsp;ligase,81.7
1538295.JY96_11045,JY96_11045,Arabinose&nbsp;5-phosphate&nbsp;isomerase,81.7
1538295.JY96_00885,JY96_00885,E3&nbsp;component&nbsp;of&nbsp;2-oxoglutarate&nbsp;dehydrogenase&nbsp;complex,81.7
1538295.JY96_12700,rpsJ,30S&nbsp;ribosomal&nbsp;protein&nbsp;S10,81.7
1538295.JY96_09250,JY96_09250,Uncharacterized&nbsp;protein,81.6
1538295.JY96_18850,rbcL,Ribulose&nbsp;bisphosphate&nbsp;carboxylase&nbsp;large&nbsp;chain,81.6
1538295.JY96_12705,rplC,50S&nbsp;ribosomal&nbsp;protein&nbsp;L3,81.6
1538295.JY96_15180,JY96_15180,3-isopropylmalate&nbsp;dehydrogenase,81.5
1538295.JY96_14005,JY96_14005,Haloacid&nbsp;dehalogenase,81.5
1538295.JY96_08840,JY96_08840,Glutathione&nbsp;S-transferase,81.4
1538295.JY96_00595,JY96_00595,Transporter,81.4
1538295.JY96_18355,JY96_18355,Ferredoxin,81.3
1538295.JY96_20310,JY96_20310,ABC&nbsp;transporter&nbsp;substrate-binding&nbsp;protein,81.3
1538295.JY96_13130,JY96_13130,Acyltransferase,81.3
1538295.JY96_08190,JY96_08190,Acetoacetyl-CoA&nbsp;synthetase,81.3
1538295.JY96_12590,secE,Protein&nbsp;translocase&nbsp;subunit&nbsp;SecE,81.3
1538295.JY96_08425,JY96_08425,Trehalose&nbsp;6-phosphate&nbsp;phosphatase,81.2
1538295.JY96_09225,JY96_09225,Uncharacterized&nbsp;protein,81.2
1538295.JY96_00025,JY96_00025,Cystathionine&nbsp;beta-lyase,81.2
1538295.JY96_17830,JY96_17830,"Catalyzes&nbsp;the&nbsp;oxidation&nbsp;of&nbsp;acetaldehyde,&nbsp;benzaldehyde,&nbsp;propionaldehyde&nbsp;and&nbsp;other&nbsp;aldehydes",81.2
1538295.JY96_20220,JY96_20220,Urea&nbsp;ABC&nbsp;transporter&nbsp;ATP-binding&nbsp;protein,81.2
1538295.JY96_20580,JY96_20580,Cbb3-type&nbsp;cytochrome&nbsp;c&nbsp;oxidase&nbsp;subunit&nbsp;II,81.1
1538295.JY96_05760,JY96_05760,Uncharacterized&nbsp;protein,81.1
1538295.JY96_14045,JY96_14045,Enoyl-CoA&nbsp;hydratase,81.0
1538295.JY96_20880,JY96_20880,Uncharacterized&nbsp;protein,81.0
1538295.JY96_09790,ruvA,Holliday&nbsp;junction&nbsp;ATP-dependent&nbsp;DNA&nbsp;helicase&nbsp;RuvA,81.0
1538295.JY96_02725,JY96_02725,N-ethylmaleimide&nbsp;reductase,81.0
1538295.JY96_13795,ccmC,Heme&nbsp;exporter&nbsp;protein&nbsp;C,81.0
1538295.JY96_05785,JY96_05785,Aldehyde&nbsp;dehydrogenase,80.9
1538295.JY96_18000,JY96_18000,Succinate&nbsp;dehydrogenase&nbsp;flavoprotein&nbsp;subunit,80.9
1538295.JY96_15335,ispH,4-hydroxy-3-methylbut-2-enyl&nbsp;diphosphate&nbsp;reductase,80.9
1538295.JY96_01810,JY96_01810,Acyl-CoA&nbsp;dehydrogenase,80.9
1538295.JY96_05250,JY96_05250,Glycerol&nbsp;acyltransferase,80.8
1538295.JY96_14215,JY96_14215,Chemotaxis&nbsp;response&nbsp;regulator&nbsp;protein-glutamate&nbsp;methylesterase,80.8
1538295.JY96_06615,argH,Argininosuccinate&nbsp;lyase,80.6
1538295.JY96_01945,JY96_01945,Nitrite&nbsp;reductase,80.6
1538295.JY96_04630,JY96_04630,ABC&nbsp;transporter&nbsp;permease,80.6
1538295.JY96_02685,JY96_02685,Peptidase&nbsp;M20,80.6
1538295.JY96_16050,JY96_16050,Pyridine&nbsp;nucleotide-disulfide&nbsp;oxidoreductase,80.5
1538295.JY96_01845,JY96_01845,C4-dicarboxylate&nbsp;ABC&nbsp;transporter,80.5
1538295.JY96_18040,leuC,3-isopropylmalate&nbsp;dehydratase&nbsp;large&nbsp;subunit,80.5
1538295.JY96_18970,JY96_18970,ABC&nbsp;transporter&nbsp;ATP-binding&nbsp;protein,80.4
1538295.JY96_09010,hemE,Uroporphyrinogen&nbsp;decarboxylase,80.4
1538295.JY96_01715,eno,Enolase,80.4
1538295.JY96_15065,JY96_15065,Uncharacterized&nbsp;protein,80.4
1538295.JY96_20160,JY96_20160,LuxR&nbsp;family&nbsp;transcriptional&nbsp;regulator,80.4
1538295.JY96_03015,JY96_03015,Deacetylase,80.4
1538295.JY96_13140,glcF,Glycolate&nbsp;oxidase&nbsp;iron-sulfur&nbsp;subunit,80.3
1538295.JY96_14590,JY96_14590,Excinuclease&nbsp;ABC&nbsp;subunit&nbsp;A,80.2
1538295.JY96_02565,ychF,Ribosome-binding&nbsp;ATPase&nbsp;YchF,80.2
1538295.JY96_00185,JY96_00185,Conjugal&nbsp;transfer&nbsp;protein&nbsp;TraB,80.2
1538295.JY96_04155,JY96_04155,Nitrate&nbsp;ABC&nbsp;transporter&nbsp;permease,80.1
1538295.JY96_13375,fmt,Methionyl-tRNA&nbsp;formyltransferase,80.1
1538295.JY96_17980,mdh,Malate&nbsp;dehydrogenase,80.1
1538295.JY96_10590,JY96_10590,Methylenetetrahydrofolate&nbsp;reductase,80.1
1538295.JY96_15305,JY96_15305,Diguanylate&nbsp;cyclase,80.1
1538295.JY96_02240,bamB,Outer&nbsp;membrane&nbsp;protein&nbsp;assembly&nbsp;factor&nbsp;BamB,80.0
1538295.JY96_04000,JY96_04000,Lactoylglutathione&nbsp;lyase,80.0
1538295.JY96_07040,prfA,Peptide&nbsp;chain&nbsp;release&nbsp;factor&nbsp;1,80.0
1538295.JY96_02810,JY96_02810,Acyl-CoA&nbsp;dehydrogenase,79.9
1538295.JY96_12335,JY96_12335,Uncharacterized&nbsp;protein,79.9
1538295.JY96_12190,JY96_12190,AdeT,79.9
1538295.JY96_07975,ftsZ,Cell&nbsp;division&nbsp;protein&nbsp;FtsZ,79.8
1538295.JY96_16210,JY96_16210,Uncharacterized&nbsp;protein,79.8
1538295.JY96_04950,JY96_04950,Uncharacterized&nbsp;protein,79.8
1538295.JY96_05835,JY96_05835,Uncharacterized&nbsp;protein,79.7
1538295.JY96_03865,JY96_03865,Uncharacterized&nbsp;protein,79.7
1538295.JY96_06460,JY96_06460,Aldehyde&nbsp;dehydrogenase,79.7
1538295.JY96_17050,JY96_17050,Uncharacterized&nbsp;protein,79.7
1538295.JY96_15265,JY96_15265,4Fe-4S&nbsp;ferredoxin,79.7
1538295.JY96_11715,JY96_11715,Flagellar&nbsp;transcriptional&nbsp;regulator&nbsp;FlhD,79.7
1538295.JY96_13800,JY96_13800,Heme&nbsp;exporter&nbsp;protein&nbsp;B,79.7
1538295.JY96_12815,JY96_12815,Alpha/beta&nbsp;hydrolase,79.6
1538295.JY96_13200,purK,N5-carboxyaminoimidazole&nbsp;ribonucleotide&nbsp;synthase,79.6
1538295.JY96_19550,JY96_19550,Crp/Fnr&nbsp;family&nbsp;transcriptional&nbsp;regulator,79.5
1538295.JY96_06725,nrdR,Transcriptional&nbsp;repressor&nbsp;NrdR,79.5
1538295.JY96_04595,JY96_04595,Gluconate&nbsp;5-dehydrogenase,79.4
1538295.JY96_17955,JY96_17955,Fis&nbsp;family&nbsp;transcriptional&nbsp;regulator,79.4
1538295.JY96_16645,JY96_16645,Crotonobetainyl-CoA:carnitine&nbsp;CoA-transferase,79.3
1538295.JY96_16325,JY96_16325,Nitrogen&nbsp;regulatory&nbsp;protein&nbsp;P-II&nbsp;1,79.3
1538295.JY96_04330,JY96_04330,Spermidine&nbsp;synthase,79.3
1538295.JY96_07625,rplN,50S&nbsp;ribosomal&nbsp;protein&nbsp;L14,79.3
1538295.JY96_04900,JY96_04900,Cyanophycin&nbsp;synthetase,79.2
1538295.JY96_18580,JY96_18580,Flavin&nbsp;reductase,79.2
1538295.JY96_12540,JY96_12540,Glycosyl&nbsp;transferase,79.2
1538295.JY96_10420,JY96_10420,Spermidine/putrescine&nbsp;ABC&nbsp;transporter&nbsp;permease,79.2
1538295.JY96_08200,JY96_08200,Uncharacterized&nbsp;protein,79.2
1538295.JY96_08245,JY96_08245,Chemotaxis&nbsp;protein&nbsp;CheY,79.1
1538295.JY96_12525,JY96_12525,Uncharacterized&nbsp;protein,79.1
1538295.JY96_18370,JY96_18370,Molybdenum&nbsp;transporter,79.1
1538295.JY96_00405,JY96_00405,Response&nbsp;regulator&nbsp;in&nbsp;two-component&nbsp;regulatory&nbsp;system&nbsp;with&nbsp;CusS,79.0
1538295.JY96_11275,JY96_11275,Cytidyltransferase,79.0
1538295.JY96_08280,JY96_08280,Acyl-CoA&nbsp;dehydrogenase,79.0
1538295.JY96_00670,JY96_00670,ATPase,79.0
1538295.JY96_01255,JY96_01255,Transcription&nbsp;accessory&nbsp;protein,79.0
1538295.JY96_13415,JY96_13415,Thiol:disulfide&nbsp;interchange&nbsp;protein&nbsp;DsbE,79.0
1538295.JY96_02795,JY96_02795,Regulator,78.9
1538295.JY96_01835,JY96_01835,ABC&nbsp;transporter&nbsp;substrate-binding&nbsp;protein,78.9
1538295.JY96_20530,JY96_20530,Sulfate&nbsp;adenylyltransferase&nbsp;subunit&nbsp;2,78.9
1538295.JY96_19325,JY96_19325,Uncharacterized&nbsp;protein,78.8
1538295.JY96_04125,tpiA,Triosephosphate&nbsp;isomerase,78.8
1538295.JY96_13440,JY96_13440,Sensor&nbsp;protein,78.8
1538295.JY96_08355,JY96_08355,XRE&nbsp;family&nbsp;transcriptional&nbsp;regulator,78.8
1538295.JY96_13910,JY96_13910,Uncharacterized&nbsp;protein,78.8
1538295.JY96_13065,JY96_13065,Glutathione&nbsp;S-transferase,78.7
1538295.JY96_02045,gcvP,Glycine&nbsp;dehydrogenase&nbsp;(decarboxylating),78.7
1538295.JY96_17605,JY96_17605,NADP&nbsp;oxidoreductase,78.6
1538295.JY96_18590,JY96_18590,Chaperone&nbsp;protein&nbsp;HscA&nbsp;homolog,78.6
1538295.JY96_02195,JY96_02195,Nicotinate&nbsp;phosphoribosyltransferase,78.6
1538295.JY96_17075,JY96_17075,Cysteine&nbsp;synthase,78.6
1538295.JY96_03215,thrS,Threonine--tRNA&nbsp;ligase,78.6
1538295.JY96_19780,JY96_19780,Poly-beta-hydroxybutyrate&nbsp;polymerase,78.6
1538295.JY96_11135,gyrB,DNA&nbsp;gyrase&nbsp;subunit&nbsp;B,78.5
1538295.JY96_04095,nuoD,NADH-quinone&nbsp;oxidoreductase&nbsp;subunit&nbsp;D,78.5
1538295.JY96_11280,JY96_11280,Elongation&nbsp;factor&nbsp;G,78.5
1538295.JY96_20135,ureC,Urease&nbsp;subunit&nbsp;alpha,78.4
1538295.JY96_06815,rpsI,30S&nbsp;ribosomal&nbsp;protein&nbsp;S9,78.3
1538295.JY96_06530,JY96_06530,ABC&nbsp;transporter&nbsp;permease,78.3
1538295.JY96_21005,JY96_21005,O-acetylhomoserine&nbsp;aminocarboxypropyltransferase,78.3
1538295.JY96_02205,hisZ,ATP&nbsp;phosphoribosyltransferase&nbsp;regulatory&nbsp;subunit,78.3
1538295.JY96_05580,JY96_05580,Aminotransferase,78.3
1538295.JY96_01740,JY96_01740,1-acyl-sn-glycerol-3-phosphate&nbsp;acyltransferase,78.2
1538295.JY96_03445,JY96_03445,Quinolinate&nbsp;synthase,78.2
1538295.JY96_08895,JY96_08895,Uncharacterized&nbsp;protein,78.2
1538295.JY96_07530,JY96_07530,Esterase,78.1
1538295.JY96_15690,JY96_15690,Uncharacterized&nbsp;protein,78.0
1538295.JY96_16390,JY96_16390,Membrane&nbsp;protein,78.0
1538295.JY96_19260,JY96_19260,Uncharacterized&nbsp;protein,78.0
1538295.JY96_16405,JY96_16405,Long-chain&nbsp;fatty&nbsp;acid--CoA&nbsp;ligase,78.0
1538295.JY96_07395,JY96_07395,XRE&nbsp;family&nbsp;transcriptional&nbsp;regulator,78.0
1538295.JY96_04785,hisA,1-(5-phosphoribosyl)-5-[(5-phosphoribosylamino)methylideneamino]&nbsp;imidazole-4-carboxamide&nbsp;isomerase,78.0
1538295.JY96_20655,JY96_20655,Peptidyl-prolyl&nbsp;cis-trans&nbsp;isomerase,78.0
1538295.JY96_02265,JY96_02265,Pilus&nbsp;assembly&nbsp;protein&nbsp;PilW,78.0
1538295.JY96_05555,JY96_05555,Cysteine&nbsp;desulfurase&nbsp;IscS,77.9
1538295.JY96_07735,JY96_07735,RND&nbsp;transporter,77.9
1538295.JY96_11730,JY96_11730,Alkyl&nbsp;hydroperoxide&nbsp;reductase,77.8
1538295.JY96_15175,JY96_15175,Molybdopterin&nbsp;biosynthesis&nbsp;protein&nbsp;MoeB,77.8
1538295.JY96_05150,JY96_05150,Uncharacterized&nbsp;protein,77.8
1538295.JY96_13070,JY96_13070,Uncharacterized&nbsp;protein,77.8
1538295.JY96_21190,JY96_21190,Replicative&nbsp;DNA&nbsp;helicase,77.7
1538295.JY96_15525,JY96_15525,Uncharacterized&nbsp;protein,77.6
1538295.JY96_02675,JY96_02675,Allantoinase,77.6
1538295.JY96_05030,JY96_05030,VdlD,77.5
1538295.JY96_07595,rplR,50S&nbsp;ribosomal&nbsp;protein&nbsp;L18,77.5
1538295.JY96_06485,rpoH,RNA&nbsp;polymerase&nbsp;sigma&nbsp;factor&nbsp;RpoH,77.4
1538295.JY96_04200,acsA,Acetyl-coenzyme&nbsp;A&nbsp;synthetase,77.4
1538295.JY96_02705,JY96_02705,ABC&nbsp;transporter&nbsp;substrate-binding&nbsp;protein,77.4
1538295.JY96_13875,JY96_13875,4-hydroxy-tetrahydrodipicolinate&nbsp;synthase,77.4
1538295.JY96_04760,JY96_04760,Metal-binding&nbsp;protein,77.4
1538295.JY96_09795,JY96_09795,Response&nbsp;regulator,77.3
1538295.JY96_19960,JY96_19960,Uncharacterized&nbsp;protein,77.3
1538295.JY96_19235,JY96_19235,Uncharacterized&nbsp;protein,77.2
1538295.JY96_19660,JY96_19660,Urea&nbsp;carboxylase,77.2
1538295.JY96_15255,JY96_15255,Ferredoxin,77.1
1538295.JY96_08815,pckG,Phosphoenolpyruvate&nbsp;carboxykinase&nbsp;[GTP],77.0
1538295.JY96_07580,rplO,50S&nbsp;ribosomal&nbsp;protein&nbsp;L15,77.0
1538295.JY96_14270,JY96_14270,3-methylcrotonyl-CoA&nbsp;carboxylase,77.0
1538295.JY96_00475,JY96_00475,Copper-binding&nbsp;protein,77.0
1538295.JY96_05435,JY96_05435,Short-chain&nbsp;dehydrogenase,76.9
1538295.JY96_20825,JY96_20825,Uncharacterized&nbsp;protein,76.9
1538295.JY96_15115,JY96_15115,Uncharacterized&nbsp;protein,76.9
1538295.JY96_16010,JY96_16010,Uncharacterized&nbsp;protein,76.8
1538295.JY96_07115,JY96_07115,Clp&nbsp;protease,76.8
1538295.JY96_09070,gatC,Aspartyl/glutamyl-tRNA(Asn/Gln)&nbsp;amidotransferase&nbsp;subunit&nbsp;C,76.8
1538295.JY96_05050,rpsT,30S&nbsp;ribosomal&nbsp;protein&nbsp;S20,76.7
1538295.JY96_11625,JY96_11625,Uncharacterized&nbsp;protein,76.7
1538295.JY96_07965,cca,Multifunctional&nbsp;CCA&nbsp;protein,76.6
1538295.JY96_08740,JY96_08740,Translation&nbsp;initiation&nbsp;factor&nbsp;IF-1,76.6
1538295.JY96_18260,fbp,"Fructose-1,6-bisphosphatase&nbsp;class&nbsp;1",76.6
1538295.JY96_08460,JY96_08460,ATP&nbsp;synthase&nbsp;epsilon&nbsp;chain,76.6
1538295.JY96_07270,lysS,Lysine--tRNA&nbsp;ligase,76.6
1538295.JY96_13550,JY96_13550,Acyl-CoA&nbsp;dehydrogenase,76.5
1538295.JY96_03200,rplT,50S&nbsp;ribosomal&nbsp;protein&nbsp;L20,76.5
1538295.JY96_10745,JY96_10745,Uncharacterized&nbsp;protein,76.5
1538295.JY96_18255,pepN,Derived&nbsp;by&nbsp;automated&nbsp;computational&nbsp;analysis&nbsp;using&nbsp;gene&nbsp;prediction&nbsp;method:&nbsp;Protein&nbsp;Homology,76.5
1538295.JY96_19585,JY96_19585,Uncharacterized&nbsp;protein,76.4
1538295.JY96_04530,JY96_04530,Phosphogluconate&nbsp;dehydratase,76.4
1538295.JY96_19670,JY96_19670,Urea&nbsp;carboxylase,76.4
1538295.JY96_06535,JY96_06535,Toluene&nbsp;ABC&nbsp;transporter&nbsp;ATP-binding&nbsp;protein,76.4
1538295.JY96_16180,JY96_16180,Glycosyltransferase,76.4
1538295.JY96_07250,JY96_07250,Glycosyl&nbsp;transferase&nbsp;family&nbsp;2,76.3
1538295.JY96_11040,JY96_11040,3-deoxy-D-manno-octulosonate&nbsp;8-phosphate&nbsp;phosphatase,76.3
1538295.JY96_01225,JY96_01225,4-hydroxybutyrate&nbsp;dehydrogenase,76.3
1538295.JY96_04225,JY96_04225,Uncharacterized&nbsp;protein,76.3
1538295.JY96_08920,JY96_08920,General&nbsp;secretion&nbsp;pathway&nbsp;protein&nbsp;GspG,76.2
1538295.JY96_01900,plsY,Glycerol-3-phosphate&nbsp;acyltransferase,76.2
1538295.JY96_08050,JY96_08050,Uncharacterized&nbsp;protein,76.2
1538295.JY96_20740,JY96_20740,Peptide&nbsp;ABC&nbsp;transporter&nbsp;permease,76.2
1538295.JY96_00255,JY96_00255,NADPH-dependent&nbsp;FMN&nbsp;reductase,76.1
1538295.JY96_07210,JY96_07210,3-hydroxyacyl-CoA&nbsp;dehydrogenase,76.1
1538295.JY96_17085,ruvB,Holliday&nbsp;junction&nbsp;ATP-dependent&nbsp;DNA&nbsp;helicase&nbsp;RuvB,76.1
1538295.JY96_04870,JY96_04870,Uncharacterized&nbsp;protein,76.0
1538295.JY96_18995,JY96_18995,Uncharacterized&nbsp;protein,76.0
1538295.JY96_14130,bamE,Outer&nbsp;membrane&nbsp;protein&nbsp;assembly&nbsp;factor&nbsp;BamE,76.0
1538295.JY96_20365,JY96_20365,Sulfurtransferase,75.9
1538295.JY96_03415,JY96_03415,Glycosyltransferase,75.9
1538295.JY96_02305,JY96_02305,Carbonic&nbsp;anhydrase,75.9
1538295.JY96_05530,JY96_05530,2Fe-2S&nbsp;ferredoxin,75.9
1538295.JY96_09165,JY96_09165,Glutamate--cysteine&nbsp;ligase,75.8
1538295.JY96_01195,JY96_01195,Long-chain&nbsp;fatty&nbsp;acid--CoA&nbsp;ligase,75.8
1538295.JY96_09115,pyrE,Orotate&nbsp;phosphoribosyltransferase,75.8
1538295.JY96_16670,JY96_16670,Uncharacterized&nbsp;protein,75.8
1538295.JY96_07140,JY96_07140,Dioxygenase,75.7
1538295.JY96_21220,JY96_21220,Repressor,75.7
1538295.JY96_15435,JY96_15435,Chain-length&nbsp;determining&nbsp;protein,75.7
1538295.JY96_01805,JY96_01805,Aminoglycoside&nbsp;phosphotransferase,75.7
1538295.JY96_17750,JY96_17750,Endonuclease,75.6
1538295.JY96_06755,pdxH,Pyridoxine/pyridoxamine&nbsp;5'-phosphate&nbsp;oxidase,75.6
1538295.JY96_15990,argJ,Arginine&nbsp;biosynthesis&nbsp;bifunctional&nbsp;protein&nbsp;ArgJ,75.6
1538295.JY96_06190,JY96_06190,Transferase,75.5
1538295.JY96_00820,rpoD,RNA&nbsp;polymerase&nbsp;sigma&nbsp;factor&nbsp;RpoD,75.5
1538295.JY96_14995,JY96_14995,Catalase,75.5
1538295.JY96_10335,leuS,leucine--tRNA&nbsp;ligase,75.5
1538295.JY96_07010,bioD,ATP-dependent&nbsp;dethiobiotin&nbsp;synthetase&nbsp;BioD,75.5
1538295.JY96_08475,JY96_08475,Acyltransferase,75.5
1538295.JY96_12015,JY96_12015,Aminoacyl-histidine&nbsp;dipeptidase,75.4
1538295.JY96_15375,JY96_15375,Uncharacterized&nbsp;protein,75.4
1538295.JY96_16315,JY96_16315,Glutamate--cysteine&nbsp;ligase,75.4
1538295.JY96_17620,JY96_17620,Hydrogenase,75.2
1538295.JY96_19465,narH,Nitrate&nbsp;reductase,75.2
1538295.JY96_02545,JY96_02545,Uncharacterized&nbsp;protein,75.2
1538295.JY96_07990,ddl,D-alanine--D-alanine&nbsp;ligase,75.1
1538295.JY96_04105,nuoB,NADH-quinone&nbsp;oxidoreductase&nbsp;subunit&nbsp;B,75.1
1538295.JY96_15520,JY96_15520,Uncharacterized&nbsp;protein,75.1
1538295.JY96_18035,JY96_18035,Two-component&nbsp;response&nbsp;regulator,75.1
1538295.JY96_03660,JY96_03660,Dihydrofolate&nbsp;reductase,75.1
1538295.JY96_01995,JY96_01995,Cytochrome&nbsp;c-type&nbsp;protein,75.0
1538295.JY96_05720,JY96_05720,"CDP-6-deoxy-delta-3,4-glucoseen&nbsp;reductase",75.0
1538295.JY96_20750,JY96_20750,ABC&nbsp;transporter&nbsp;ATP-binding&nbsp;protein,75.0
1538295.JY96_00170,JY96_00170,Conjugal&nbsp;transfer&nbsp;protein&nbsp;TraC,74.9
1538295.JY96_01045,dnaE2,Error-prone&nbsp;DNA&nbsp;polymerase,74.9
1538295.JY96_10945,JY96_10945,Flavin&nbsp;reductase,74.9
1538295.JY96_07600,rplF,50S&nbsp;ribosomal&nbsp;protein&nbsp;L6,74.8
1538295.JY96_20245,JY96_20245,Uncharacterized&nbsp;protein,74.8
1538295.JY96_13860,JY96_13860,Uncharacterized&nbsp;protein,74.8
1538295.JY96_05770,JY96_05770,ABC&nbsp;transporter,74.8
1538295.JY96_13760,JY96_13760,Uncharacterized&nbsp;protein,74.8
1538295.JY96_13665,JY96_13665,Uncharacterized&nbsp;protein,74.7
1538295.JY96_16565,JY96_16565,Triacylglycerol&nbsp;lipase,74.6
1538295.JY96_02650,JY96_02650,Hydroxydechloroatrazine&nbsp;ethylaminohydrolase,74.6
1538295.JY96_01645,recR,Recombination&nbsp;protein&nbsp;RecR,74.6
1538295.JY96_04025,JY96_04025,2-hydroxyacid&nbsp;dehydrogenase,74.6
1538295.JY96_01205,JY96_01205,Uncharacterized&nbsp;protein,74.6
1538295.JY96_16245,JY96_16245,Phosphoenolpyruvate-protein&nbsp;phosphotransferase,74.6
1538295.JY96_03785,JY96_03785,Fis&nbsp;family&nbsp;transcriptional&nbsp;regulator,74.6
1538295.JY96_16860,JY96_16860,Uncharacterized&nbsp;protein,74.5
1538295.JY96_02640,JY96_02640,Aldehyde&nbsp;oxidase,74.5
1538295.JY96_19155,JY96_19155,Enoyl-CoA&nbsp;hydratase,74.4
1538295.JY96_10840,JY96_10840,Uncharacterized&nbsp;protein,74.4
1538295.JY96_02020,JY96_02020,C4-dicarboxylate&nbsp;ABC&nbsp;transporter,74.4
1538295.JY96_07825,JY96_07825,General&nbsp;secretion&nbsp;pathway&nbsp;protein&nbsp;GspG,74.3
1538295.JY96_10235,JY96_10235,Chemotaxis&nbsp;protein&nbsp;CheY,74.3
1538295.JY96_20210,JY96_20210,Amino&nbsp;acid&nbsp;ABC&nbsp;transporter&nbsp;permease,74.2
1538295.JY96_01800,JY96_01800,Short-chain&nbsp;dehydrogenase,74.2
1538295.JY96_00590,JY96_00590,Secretion&nbsp;protein&nbsp;HlyD,74.2
1538295.JY96_03505,JY96_03505,Carbon&nbsp;monoxide&nbsp;dehydrogenase,74.1
1538295.JY96_16420,JY96_16420,Dehydrogenase,74.1
1538295.JY96_01980,JY96_01980,Indolepyruvate&nbsp;ferredoxin&nbsp;oxidoreductase,74.1
1538295.JY96_08055,JY96_08055,Ferrous&nbsp;iron&nbsp;transport&nbsp;protein&nbsp;B,74.1
1538295.JY96_18500,JY96_18500,Serine&nbsp;acetyltransferase,74.1
1538295.JY96_02000,JY96_02000,Derived&nbsp;by&nbsp;automated&nbsp;computational&nbsp;analysis&nbsp;using&nbsp;gene&nbsp;prediction&nbsp;method:&nbsp;Protein&nbsp;Homology,74.0
1538295.JY96_01930,dcd,dCTP&nbsp;deaminase,74.0
1538295.JY96_20215,JY96_20215,Urea&nbsp;ABC&nbsp;transporter&nbsp;ATP-binding&nbsp;protein,74.0
1538295.JY96_01165,tmk,Thymidylate&nbsp;kinase,73.9
1538295.JY96_06185,amiE,Acylamide&nbsp;amidohydrolase,73.8
1538295.JY96_06165,JY96_06165,Uncharacterized&nbsp;protein,73.8
1538295.JY96_20315,JY96_20315,Nitrate&nbsp;ABC&nbsp;transporter&nbsp;permease,73.7
1538295.JY96_12810,JY96_12810,Uncharacterized&nbsp;protein,73.7
1538295.JY96_17205,JY96_17205,DNA&nbsp;helicase,73.6
1538295.JY96_02395,JY96_02395,Uncharacterized&nbsp;protein,73.6
1538295.JY96_08650,JY96_08650,Uncharacterized&nbsp;protein,73.6
1538295.JY96_17155,JY96_17155,UTP--glucose-1-phosphate&nbsp;uridylyltransferase,73.6
1538295.JY96_21040,JY96_21040,Cupin,73.6
1538295.JY96_01655,dnaX,DNA&nbsp;polymerase&nbsp;III&nbsp;subunit&nbsp;gamma/tau,73.6
1538295.JY96_20180,JY96_20180,ADP-ribose&nbsp;pyrophosphatase,73.6
1538295.JY96_02870,JY96_02870,Uncharacterized&nbsp;protein,73.6
1538295.JY96_14620,JY96_14620,Cupin,73.5
1538295.JY96_11560,JY96_11560,ATPase&nbsp;AAA,73.5
1538295.JY96_18505,JY96_18505,Homocitrate&nbsp;synthase,73.5
1538295.JY96_10795,prfC,Peptide&nbsp;chain&nbsp;release&nbsp;factor&nbsp;3,73.4
1538295.JY96_12595,nusG,Transcription&nbsp;termination/antitermination&nbsp;protein&nbsp;NusG,73.4
1538295.JY96_03125,JY96_03125,Peptidase&nbsp;A8,73.3
1538295.JY96_19330,JY96_19330,Uncharacterized&nbsp;protein,73.2
1538295.JY96_02820,JY96_02820,Electron&nbsp;transporter&nbsp;RnfB,73.1
1538295.JY96_04525,ppc,Phosphoenolpyruvate&nbsp;carboxylase,73.0
1538295.JY96_12275,JY96_12275,Phosphodiesterase,73.0
1538295.JY96_01025,aceE,Pyruvate&nbsp;dehydrogenase&nbsp;E1&nbsp;component,73.0
1538295.JY96_14500,JY96_14500,Transketolase,72.9
1538295.JY96_02840,JY96_02840,NAD-dependent&nbsp;dehydratase,72.9
1538295.JY96_00690,JY96_00690,Cytosine&nbsp;methyltransferase,72.9
1538295.JY96_14920,JY96_14920,Acyl-CoA&nbsp;dehydrogenase,72.8
1538295.JY96_14880,JY96_14880,Chemotaxis&nbsp;protein&nbsp;methyltransferase,72.8
1538295.JY96_17970,JY96_17970,Membrane&nbsp;protein,72.8
1538295.JY96_08015,mraY,Phospho-N-acetylmuramoyl-pentapeptide-transferase,72.8
1538295.JY96_06515,JY96_06515,Signal&nbsp;peptide&nbsp;protein,72.7
1538295.JY96_00870,sucA,SucA,72.7
1538295.JY96_07685,JY96_07685,Uncharacterized&nbsp;protein,72.7
1538295.JY96_03750,JY96_03750,Methyltransferase,72.7
1538295.JY96_04350,JY96_04350,Carbohydrate&nbsp;kinase,72.6
1538295.JY96_05460,JY96_05460,Citrate&nbsp;synthase,72.5
1538295.JY96_19985,JY96_19985,Flagellar&nbsp;M-ring&nbsp;protein,72.5
1538295.JY96_10755,JY96_10755,EvpB&nbsp;family&nbsp;type&nbsp;VI&nbsp;secretion&nbsp;protein,72.5
1538295.JY96_08155,JY96_08155,Uncharacterized&nbsp;protein,72.5
1538295.JY96_14385,JY96_14385,Phosphatidate&nbsp;cytidylyltransferase,72.5
1538295.JY96_14110,JY96_14110,Ribosome&nbsp;hibernation&nbsp;promoting&nbsp;factor,72.4
1538295.JY96_20590,JY96_20590,Cbb3-type&nbsp;cytochrome&nbsp;c&nbsp;oxidase&nbsp;subunit,72.4
1538295.JY96_19000,glk,Glucokinase,72.4
1538295.JY96_17895,sbcB,Exonucleolytic&nbsp;cleavage&nbsp;in&nbsp;the&nbsp;3'-&nbsp;to&nbsp;5'-direction&nbsp;to&nbsp;yield&nbsp;nucleoside&nbsp;5'-phosphates,72.4
1538295.JY96_19505,JY96_19505,Nitric&nbsp;oxide&nbsp;reductase,72.3
1538295.JY96_17975,JY96_17975,Aldolase,72.3
1538295.JY96_09345,JY96_09345,Glutaredoxin,72.3
1538295.JY96_01885,JY96_01885,Uncharacterized&nbsp;protein,72.2
1538295.JY96_07490,JY96_07490,Uncharacterized&nbsp;protein,72.2
1538295.JY96_00990,rpiA,Ribose-5-phosphate&nbsp;isomerase&nbsp;A,72.1
1538295.JY96_07865,JY96_07865,General&nbsp;secretion&nbsp;pathway&nbsp;protein&nbsp;GspG,72.1
1538295.JY96_03165,JY96_03165,Flavin&nbsp;reductase,72.1
1538295.JY96_19760,ilvC,Ketol-acid&nbsp;reductoisomerase&nbsp;(NADP(+)),71.9
1538295.JY96_02445,rnc,Ribonuclease&nbsp;3,71.9
1538295.JY96_14055,JY96_14055,NADH&nbsp;oxidase,71.8
1538295.JY96_17630,JY96_17630,Uncharacterized&nbsp;protein,71.8
1538295.JY96_14850,JY96_14850,Uncharacterized&nbsp;protein,71.8
1538295.JY96_01545,JY96_01545,Uncharacterized&nbsp;protein,71.8
1538295.JY96_16655,JY96_16655,Uncharacterized&nbsp;protein,71.7
1538295.JY96_19635,JY96_19635,Uncharacterized&nbsp;protein,71.7
1538295.JY96_18375,JY96_18375,Molybdate&nbsp;ABC&nbsp;transporter&nbsp;substrate-binding&nbsp;protein,71.7
1538295.JY96_15300,JY96_15300,Chemotaxis&nbsp;protein&nbsp;methyltransferase,71.7
1538295.JY96_08030,ftsI,"Peptidoglycan&nbsp;D,D-transpeptidase&nbsp;FtsI",71.6
1538295.JY96_13835,JY96_13835,4Fe-4S&nbsp;ferredoxin,71.6
1538295.JY96_02800,JY96_02800,Histidine&nbsp;kinase,71.6
1538295.JY96_04775,JY96_04775,Uncharacterized&nbsp;protein,71.6
1538295.JY96_10430,potA,Spermidine/putrescine&nbsp;import&nbsp;ATP-binding&nbsp;protein&nbsp;PotA,71.6
1538295.JY96_07980,ftsA,Cell&nbsp;division&nbsp;protein&nbsp;FtsA,71.6
1538295.JY96_14580,JY96_14580,Cytochrome&nbsp;D&nbsp;ubiquinol&nbsp;oxidase&nbsp;subunit&nbsp;I,71.6
1538295.JY96_02135,bamA,Outer&nbsp;membrane&nbsp;protein&nbsp;assembly&nbsp;factor&nbsp;BamA,71.5
1538295.JY96_17540,JY96_17540,Uncharacterized&nbsp;protein,71.5
1538295.JY96_18015,gltA,Citrate&nbsp;synthase,71.5
1538295.JY96_12675,rpsL,30S&nbsp;ribosomal&nbsp;protein&nbsp;S12,71.4
1538295.JY96_04300,JY96_04300,Peptidase,71.4
1538295.JY96_09120,JY96_09120,Exodeoxyribonuclease&nbsp;III,71.4
1538295.JY96_01525,JY96_01525,Cell&nbsp;division&nbsp;protein&nbsp;FtsZ,71.3
1538295.JY96_21025,JY96_21025,Sulfate&nbsp;transporter,71.3
1538295.JY96_14535,JY96_14535,DNA&nbsp;topoisomerase&nbsp;III,71.3
1538295.JY96_12775,JY96_12775,Uncharacterized&nbsp;protein,71.3
1538295.JY96_14510,JY96_14510,Uncharacterized&nbsp;protein,71.3
1538295.JY96_19300,JY96_19300,Uncharacterized&nbsp;protein,71.2
1538295.JY96_06675,nusB,Transcription&nbsp;antitermination&nbsp;protein&nbsp;NusB,71.2
1538295.JY96_11080,yidC,Membrane&nbsp;protein&nbsp;insertase&nbsp;YidC,71.2
1538295.JY96_20025,JY96_20025,Flagellar&nbsp;motor&nbsp;switch&nbsp;protein&nbsp;FliN,71.2
1538295.JY96_18680,JY96_18680,Uncharacterized&nbsp;protein,71.1
1538295.JY96_19720,JY96_19720,Nitrogen&nbsp;regulatory&nbsp;protein&nbsp;P-II,71.1
1538295.JY96_01490,JY96_01490,Uncharacterized&nbsp;protein,71.1
1538295.JY96_10055,JY96_10055,Acyl-CoA&nbsp;dehydrogenase,71.0
1538295.JY96_04265,JY96_04265,Homoserine&nbsp;dehydrogenase,71.0
1538295.JY96_17440,JY96_17440,Type&nbsp;VI&nbsp;secretion&nbsp;system&nbsp;protein&nbsp;ImpK,71.0
1538295.JY96_19410,JY96_19410,Uncharacterized&nbsp;protein,71.0
1538295.JY96_16490,JY96_16490,Uncharacterized&nbsp;protein,71.0
1538295.JY96_13930,JY96_13930,Uncharacterized&nbsp;protein,70.9
1538295.JY96_05360,ctaB,Protoheme&nbsp;IX&nbsp;farnesyltransferase,70.8
1538295.JY96_12925,JY96_12925,RNA&nbsp;polymerase&nbsp;sigma-54&nbsp;factor,70.8
1538295.JY96_14135,dapB,4-hydroxy-tetrahydrodipicolinate&nbsp;reductase,70.8
1538295.JY96_11585,JY96_11585,3-hydroxyisobutyrate&nbsp;dehydrogenase,70.6
1538295.JY96_04220,JY96_04220,Beta-lactamase,70.6
1538295.JY96_05645,JY96_05645,Esterase,70.5
1538295.JY96_09145,metE,5-methyltetrahydropteroyltriglutamate--homocysteine&nbsp;methyltransferase,70.5
1538295.JY96_02805,JY96_02805,2-nitropropane&nbsp;dioxygenase,70.5
1538295.JY96_02580,JY96_02580,Chemotaxis&nbsp;protein&nbsp;CheW,70.4
1538295.JY96_18790,JY96_18790,Alpha/beta&nbsp;hydrolase,70.4
1538295.JY96_18685,JY96_18685,Ferredoxin,70.4
1538295.JY96_04130,pnp,Polyribonucleotide&nbsp;nucleotidyltransferase,70.3
1538295.JY96_20330,JY96_20330,Glutamine&nbsp;synthetase,70.3
1538295.JY96_17260,JY96_17260,FAD-linked&nbsp;oxidase,70.3
1538295.JY96_14860,JY96_14860,Histidine&nbsp;kinase,70.2
1538295.JY96_04430,JY96_04430,Flagellar&nbsp;basal-body&nbsp;rod&nbsp;protein&nbsp;FlgC,70.2
1538295.JY96_00425,JY96_00425,Multidrug&nbsp;transporter&nbsp;AcrB,70.2
1538295.JY96_04250,moaD,Molybdopterin&nbsp;synthase&nbsp;sulfur&nbsp;carrier&nbsp;subunit,70.2
1538295.JY96_14455,sucC,Succinate--CoA&nbsp;ligase&nbsp;[ADP-forming]&nbsp;subunit&nbsp;beta,70.1
1538295.JY96_14445,recA,Protein&nbsp;RecA,70.1
1538295.JY96_12750,rpsQ,30S&nbsp;ribosomal&nbsp;protein&nbsp;S17,70.1
