1151118.KB895789_gene929,KB895789_gene929,annotation&nbsp;not&nbsp;available,98.9
1151118.KB895783_gene3318,KB895783_gene3318,annotation&nbsp;not&nbsp;available,98.9
1151118.KB895783_gene3475,KB895783_gene3475,annotation&nbsp;not&nbsp;available,98.9
1151118.KB895795_gene426,KB895795_gene426,annotation&nbsp;not&nbsp;available,98.9
1151118.KB895783_gene3407,KB895783_gene3407,annotation&nbsp;not&nbsp;available,98.8
1151118.KB895787_gene1319,KB895787_gene1319,annotation&nbsp;not&nbsp;available,98.7
1151118.KB895785_gene2808,KB895785_gene2808,annotation&nbsp;not&nbsp;available,98.7
1151118.KB895785_gene2572,KB895785_gene2572,annotation&nbsp;not&nbsp;available,98.7
1151118.KB895792_gene2013,KB895792_gene2013,annotation&nbsp;not&nbsp;available,98.7
1151118.KB895783_gene4140,KB895783_gene4140,annotation&nbsp;not&nbsp;available,98.6
1151118.KB895797_gene776,KB895797_gene776,annotation&nbsp;not&nbsp;available,98.5
1151118.KB895785_gene2724,KB895785_gene2724,annotation&nbsp;not&nbsp;available,98.4
1151118.KB895783_gene3761,KB895783_gene3761,annotation&nbsp;not&nbsp;available,98.4
1151118.KB895784_gene2993,KB895784_gene2993,annotation&nbsp;not&nbsp;available,98.3
1151118.KB895785_gene2809,KB895785_gene2809,annotation&nbsp;not&nbsp;available,98.3
1151118.KB895786_gene2274,KB895786_gene2274,annotation&nbsp;not&nbsp;available,98.3
1151118.KB895783_gene3625,KB895783_gene3625,annotation&nbsp;not&nbsp;available,98.3
1151118.KB895783_gene3822,KB895783_gene3822,annotation&nbsp;not&nbsp;available,98.2
1151118.KB895783_gene3519,KB895783_gene3519,annotation&nbsp;not&nbsp;available,98.2
1151118.KB895786_gene2218,KB895786_gene2218,annotation&nbsp;not&nbsp;available,98.2
1151118.KB895785_gene2541,KB895785_gene2541,annotation&nbsp;not&nbsp;available,98.0
1151118.KB895800_gene168,KB895800_gene168,annotation&nbsp;not&nbsp;available,98.0
1151118.KB895784_gene3065,KB895784_gene3065,annotation&nbsp;not&nbsp;available,98.0
1151118.KB895784_gene3292,KB895784_gene3292,annotation&nbsp;not&nbsp;available,97.9
1151118.KB895790_gene1062,KB895790_gene1062,annotation&nbsp;not&nbsp;available,97.9
1151118.KB895786_gene2286,KB895786_gene2286,annotation&nbsp;not&nbsp;available,97.9
1151118.KB895783_gene3808,KB895783_gene3808,annotation&nbsp;not&nbsp;available,97.9
1151118.KB895785_gene2759,KB895785_gene2759,annotation&nbsp;not&nbsp;available,97.8
1151118.KB895786_gene2295,KB895786_gene2295,annotation&nbsp;not&nbsp;available,97.6
1151118.KB895783_gene3619,KB895783_gene3619,annotation&nbsp;not&nbsp;available,97.6
1151118.KB895787_gene1292,KB895787_gene1292,annotation&nbsp;not&nbsp;available,97.6
1151118.KB895793_gene1665,KB895793_gene1665,annotation&nbsp;not&nbsp;available,97.6
1151118.KB895791_gene1917,KB895791_gene1917,annotation&nbsp;not&nbsp;available,97.5
1151118.KB895789_gene841,KB895789_gene841,annotation&nbsp;not&nbsp;available,97.5
1151118.KB895787_gene1257,KB895787_gene1257,annotation&nbsp;not&nbsp;available,97.5
1151118.KB895783_gene3470,KB895783_gene3470,annotation&nbsp;not&nbsp;available,97.5
1151118.KB895797_gene818,KB895797_gene818,annotation&nbsp;not&nbsp;available,97.4
1151118.KB895791_gene1829,KB895791_gene1829,annotation&nbsp;not&nbsp;available,97.3
1151118.KB895791_gene1920,KB895791_gene1920,annotation&nbsp;not&nbsp;available,97.3
1151118.KB895783_gene3765,KB895783_gene3765,annotation&nbsp;not&nbsp;available,97.2
1151118.KB895795_gene359,KB895795_gene359,annotation&nbsp;not&nbsp;available,97.2
1151118.KB895790_gene1151,KB895790_gene1151,annotation&nbsp;not&nbsp;available,97.2
1151118.KB895783_gene3641,KB895783_gene3641,annotation&nbsp;not&nbsp;available,97.2
1151118.KB895784_gene3072,KB895784_gene3072,annotation&nbsp;not&nbsp;available,97.1
1151118.KB895783_gene3521,KB895783_gene3521,annotation&nbsp;not&nbsp;available,97.1
1151118.KB895783_gene3964,KB895783_gene3964,annotation&nbsp;not&nbsp;available,97.1
1151118.KB895786_gene2323,KB895786_gene2323,annotation&nbsp;not&nbsp;available,97.1
1151118.KB895783_gene3362,KB895783_gene3362,annotation&nbsp;not&nbsp;available,97.0
1151118.KB895784_gene3250,KB895784_gene3250,annotation&nbsp;not&nbsp;available,97.0
1151118.KB895784_gene3002,KB895784_gene3002,annotation&nbsp;not&nbsp;available,97.0
1151118.KB895784_gene2921,KB895784_gene2921,annotation&nbsp;not&nbsp;available,97.0
1151118.KB895783_gene3741,KB895783_gene3741,annotation&nbsp;not&nbsp;available,97.0
1151118.KB895797_gene827,KB895797_gene827,annotation&nbsp;not&nbsp;available,96.9
1151118.KB895801_gene10,KB895801_gene10,annotation&nbsp;not&nbsp;available,96.9
1151118.KB895799_gene590,KB895799_gene590,annotation&nbsp;not&nbsp;available,96.9
1151118.KB895792_gene1986,KB895792_gene1986,annotation&nbsp;not&nbsp;available,96.9
1151118.KB895787_gene1248,KB895787_gene1248,annotation&nbsp;not&nbsp;available,96.8
1151118.KB895785_gene2530,KB895785_gene2530,annotation&nbsp;not&nbsp;available,96.7
1151118.KB895796_gene324,KB895796_gene324,annotation&nbsp;not&nbsp;available,96.7
1151118.KB895784_gene3084,KB895784_gene3084,annotation&nbsp;not&nbsp;available,96.7
1151118.KB895808_gene2105,KB895808_gene2105,annotation&nbsp;not&nbsp;available,96.5
1151118.KB895784_gene3275,KB895784_gene3275,annotation&nbsp;not&nbsp;available,96.5
1151118.KB895785_gene2805,KB895785_gene2805,annotation&nbsp;not&nbsp;available,96.4
1151118.KB895795_gene390,KB895795_gene390,annotation&nbsp;not&nbsp;available,96.4
1151118.KB895783_gene4204,KB895783_gene4204,annotation&nbsp;not&nbsp;available,96.4
1151118.KB895796_gene313,KB895796_gene313,annotation&nbsp;not&nbsp;available,96.3
1151118.KB895785_gene2666,KB895785_gene2666,annotation&nbsp;not&nbsp;available,96.3
1151118.KB895790_gene1025,KB895790_gene1025,annotation&nbsp;not&nbsp;available,96.3
1151118.KB895800_gene194,KB895800_gene194,annotation&nbsp;not&nbsp;available,96.3
1151118.KB895784_gene3001,KB895784_gene3001,annotation&nbsp;not&nbsp;available,96.3
1151118.KB895783_gene3478,KB895783_gene3478,annotation&nbsp;not&nbsp;available,96.2
1151118.KB895783_gene3505,KB895783_gene3505,annotation&nbsp;not&nbsp;available,96.2
1151118.KB895783_gene3567,KB895783_gene3567,annotation&nbsp;not&nbsp;available,96.1
1151118.KB895790_gene1103,KB895790_gene1103,annotation&nbsp;not&nbsp;available,96.0
1151118.KB895806_gene707,KB895806_gene707,annotation&nbsp;not&nbsp;available,96.0
1151118.KB895800_gene227,KB895800_gene227,annotation&nbsp;not&nbsp;available,95.9
1151118.KB895785_gene2564,KB895785_gene2564,annotation&nbsp;not&nbsp;available,95.9
1151118.KB895785_gene2853,KB895785_gene2853,annotation&nbsp;not&nbsp;available,95.9
1151118.KB895793_gene1602,KB895793_gene1602,annotation&nbsp;not&nbsp;available,95.8
1151118.KB895783_gene3700,KB895783_gene3700,annotation&nbsp;not&nbsp;available,95.8
1151118.KB895786_gene2398,KB895786_gene2398,annotation&nbsp;not&nbsp;available,95.7
1151118.KB895794_gene1726,KB895794_gene1726,annotation&nbsp;not&nbsp;available,95.7
1151118.KB895783_gene3628,KB895783_gene3628,annotation&nbsp;not&nbsp;available,95.5
1151118.KB895783_gene3395,KB895783_gene3395,annotation&nbsp;not&nbsp;available,95.4
1151118.KB895792_gene2027,KB895792_gene2027,annotation&nbsp;not&nbsp;available,95.4
1151118.KB895785_gene2708,KB895785_gene2708,annotation&nbsp;not&nbsp;available,95.3
1151118.KB895790_gene1078,KB895790_gene1078,annotation&nbsp;not&nbsp;available,95.3
1151118.KB895784_gene3058,KB895784_gene3058,annotation&nbsp;not&nbsp;available,95.2
1151118.KB895789_gene983,KB895789_gene983,annotation&nbsp;not&nbsp;available,95.1
1151118.KB895785_gene2705,KB895785_gene2705,annotation&nbsp;not&nbsp;available,95.1
1151118.KB895784_gene3077,KB895784_gene3077,annotation&nbsp;not&nbsp;available,95.0
1151118.KB895794_gene1758,KB895794_gene1758,annotation&nbsp;not&nbsp;available,95.0
1151118.KB895785_gene2735,KB895785_gene2735,annotation&nbsp;not&nbsp;available,95.0
1151118.KB895783_gene3665,KB895783_gene3665,annotation&nbsp;not&nbsp;available,94.9
1151118.KB895792_gene1939,KB895792_gene1939,annotation&nbsp;not&nbsp;available,94.9
1151118.KB895785_gene2819,KB895785_gene2819,annotation&nbsp;not&nbsp;available,94.9
1151118.KB895795_gene392,KB895795_gene392,annotation&nbsp;not&nbsp;available,94.9
1151118.KB895786_gene2223,KB895786_gene2223,annotation&nbsp;not&nbsp;available,94.9
1151118.KB895807_gene2064,KB895807_gene2064,annotation&nbsp;not&nbsp;available,94.8
1151118.KB895784_gene2902,KB895784_gene2902,annotation&nbsp;not&nbsp;available,94.8
1151118.KB895799_gene616,KB895799_gene616,annotation&nbsp;not&nbsp;available,94.8
1151118.KB895795_gene407,KB895795_gene407,annotation&nbsp;not&nbsp;available,94.7
1151118.KB895783_gene3842,KB895783_gene3842,annotation&nbsp;not&nbsp;available,94.7
1151118.KB895795_gene429,KB895795_gene429,annotation&nbsp;not&nbsp;available,94.7
1151118.KB895799_gene615,KB895799_gene615,annotation&nbsp;not&nbsp;available,94.6
1151118.KB895793_gene1674,KB895793_gene1674,annotation&nbsp;not&nbsp;available,94.6
1151118.KB895784_gene2940,KB895784_gene2940,annotation&nbsp;not&nbsp;available,94.5
1151118.KB895783_gene3474,KB895783_gene3474,annotation&nbsp;not&nbsp;available,94.2
1151118.KB895783_gene3913,KB895783_gene3913,annotation&nbsp;not&nbsp;available,94.1
1151118.KB895809_gene2131,KB895809_gene2131,annotation&nbsp;not&nbsp;available,94.0
1151118.KB895783_gene3502,KB895783_gene3502,annotation&nbsp;not&nbsp;available,94.0
1151118.KB895787_gene1305,KB895787_gene1305,annotation&nbsp;not&nbsp;available,94.0
1151118.KB895786_gene2390,KB895786_gene2390,annotation&nbsp;not&nbsp;available,93.9
1151118.KB895787_gene1256,KB895787_gene1256,annotation&nbsp;not&nbsp;available,93.9
1151118.KB895813_gene2432,KB895813_gene2432,annotation&nbsp;not&nbsp;available,93.8
1151118.KB895793_gene1636,KB895793_gene1636,annotation&nbsp;not&nbsp;available,93.8
1151118.KB895788_gene1435,KB895788_gene1435,annotation&nbsp;not&nbsp;available,93.8
1151118.KB895789_gene924,KB895789_gene924,annotation&nbsp;not&nbsp;available,93.8
1151118.KB895789_gene890,KB895789_gene890,annotation&nbsp;not&nbsp;available,93.8
1151118.KB895805_gene459,KB895805_gene459,annotation&nbsp;not&nbsp;available,93.7
1151118.KB895784_gene3278,KB895784_gene3278,annotation&nbsp;not&nbsp;available,93.7
1151118.KB895792_gene2043,KB895792_gene2043,annotation&nbsp;not&nbsp;available,93.7
1151118.KB895795_gene355,KB895795_gene355,annotation&nbsp;not&nbsp;available,93.7
1151118.KB895801_gene23,KB895801_gene23,annotation&nbsp;not&nbsp;available,93.6
1151118.KB895786_gene2219,KB895786_gene2219,annotation&nbsp;not&nbsp;available,93.4
1151118.KB895793_gene1601,KB895793_gene1601,annotation&nbsp;not&nbsp;available,93.4
1151118.KB895783_gene3674,KB895783_gene3674,annotation&nbsp;not&nbsp;available,93.2
1151118.KB895783_gene3313,KB895783_gene3313,annotation&nbsp;not&nbsp;available,93.2
1151118.KB895797_gene763,KB895797_gene763,annotation&nbsp;not&nbsp;available,93.2
1151118.KB895786_gene2327,KB895786_gene2327,annotation&nbsp;not&nbsp;available,93.2
1151118.KB895786_gene2283,KB895786_gene2283,annotation&nbsp;not&nbsp;available,93.0
1151118.KB895797_gene822,KB895797_gene822,annotation&nbsp;not&nbsp;available,93.0
1151118.KB895783_gene3799,KB895783_gene3799,annotation&nbsp;not&nbsp;available,93.0
1151118.KB895783_gene3598,KB895783_gene3598,annotation&nbsp;not&nbsp;available,93.0
1151118.KB895784_gene3184,KB895784_gene3184,annotation&nbsp;not&nbsp;available,93.0
1151118.KB895783_gene3385,KB895783_gene3385,annotation&nbsp;not&nbsp;available,92.9
1151118.KB895783_gene3588,KB895783_gene3588,annotation&nbsp;not&nbsp;available,92.9
1151118.KB895787_gene1262,KB895787_gene1262,annotation&nbsp;not&nbsp;available,92.9
1151118.KB895796_gene300,KB895796_gene300,annotation&nbsp;not&nbsp;available,92.9
1151118.KB895784_gene3047,KB895784_gene3047,annotation&nbsp;not&nbsp;available,92.8
1151118.KB895785_gene2537,KB895785_gene2537,annotation&nbsp;not&nbsp;available,92.8
1151118.KB895792_gene2036,KB895792_gene2036,annotation&nbsp;not&nbsp;available,92.7
1151118.KB895792_gene2001,KB895792_gene2001,annotation&nbsp;not&nbsp;available,92.7
1151118.KB895783_gene3695,KB895783_gene3695,annotation&nbsp;not&nbsp;available,92.7
1151118.KB895783_gene3830,KB895783_gene3830,annotation&nbsp;not&nbsp;available,92.6
1151118.KB895787_gene1294,KB895787_gene1294,annotation&nbsp;not&nbsp;available,92.6
1151118.KB895806_gene735,KB895806_gene735,annotation&nbsp;not&nbsp;available,92.5
1151118.KB895790_gene1022,KB895790_gene1022,annotation&nbsp;not&nbsp;available,92.4
1151118.KB895809_gene2119,KB895809_gene2119,annotation&nbsp;not&nbsp;available,92.4
1151118.KB895783_gene3653,KB895783_gene3653,annotation&nbsp;not&nbsp;available,92.3
1151118.KB895788_gene1393,KB895788_gene1393,annotation&nbsp;not&nbsp;available,92.2
1151118.KB895790_gene1141,KB895790_gene1141,annotation&nbsp;not&nbsp;available,92.2
1151118.KB895783_gene4066,KB895783_gene4066,annotation&nbsp;not&nbsp;available,92.2
1151118.KB895791_gene1830,KB895791_gene1830,annotation&nbsp;not&nbsp;available,92.2
1151118.KB895784_gene3192,KB895784_gene3192,annotation&nbsp;not&nbsp;available,92.2
1151118.KB895797_gene760,KB895797_gene760,annotation&nbsp;not&nbsp;available,92.1
1151118.KB895785_gene2570,KB895785_gene2570,annotation&nbsp;not&nbsp;available,92.1
1151118.KB895814_gene2455,KB895814_gene2455,annotation&nbsp;not&nbsp;available,91.9
1151118.KB895794_gene1690,KB895794_gene1690,annotation&nbsp;not&nbsp;available,91.9
1151118.KB895789_gene879,KB895789_gene879,annotation&nbsp;not&nbsp;available,91.9
1151118.KB895797_gene753,KB895797_gene753,annotation&nbsp;not&nbsp;available,91.7
1151118.KB895783_gene3922,KB895783_gene3922,annotation&nbsp;not&nbsp;available,91.7
1151118.KB895785_gene2557,KB895785_gene2557,annotation&nbsp;not&nbsp;available,91.7
1151118.KB895789_gene990,KB895789_gene990,annotation&nbsp;not&nbsp;available,91.6
1151118.KB895790_gene1111,KB895790_gene1111,annotation&nbsp;not&nbsp;available,91.6
1151118.KB895792_gene2029,KB895792_gene2029,annotation&nbsp;not&nbsp;available,91.5
1151118.KB895786_gene2354,KB895786_gene2354,annotation&nbsp;not&nbsp;available,91.4
1151118.KB895788_gene1509,KB895788_gene1509,annotation&nbsp;not&nbsp;available,91.4
1151118.KB895790_gene1014,KB895790_gene1014,annotation&nbsp;not&nbsp;available,91.4
1151118.KB895792_gene2004,KB895792_gene2004,annotation&nbsp;not&nbsp;available,91.3
1151118.KB895798_gene534,KB895798_gene534,annotation&nbsp;not&nbsp;available,91.3
1151118.KB895785_gene2538,KB895785_gene2538,annotation&nbsp;not&nbsp;available,91.3
1151118.KB895809_gene2133,KB895809_gene2133,annotation&nbsp;not&nbsp;available,91.3
1151118.KB895783_gene3361,KB895783_gene3361,annotation&nbsp;not&nbsp;available,91.2
1151118.KB895787_gene1372,KB895787_gene1372,annotation&nbsp;not&nbsp;available,91.1
1151118.KB895785_gene2696,KB895785_gene2696,annotation&nbsp;not&nbsp;available,91.1
1151118.KB895784_gene2932,KB895784_gene2932,annotation&nbsp;not&nbsp;available,91.0
1151118.KB895783_gene3871,KB895783_gene3871,annotation&nbsp;not&nbsp;available,90.9
1151118.KB895809_gene2121,KB895809_gene2121,annotation&nbsp;not&nbsp;available,90.9
1151118.KB895783_gene3672,KB895783_gene3672,annotation&nbsp;not&nbsp;available,90.9
1151118.KB895784_gene3183,KB895784_gene3183,annotation&nbsp;not&nbsp;available,90.9
1151118.KB895788_gene1535,KB895788_gene1535,annotation&nbsp;not&nbsp;available,90.8
1151118.KB895787_gene1200,KB895787_gene1200,annotation&nbsp;not&nbsp;available,90.8
1151118.KB895811_gene2174,KB895811_gene2174,annotation&nbsp;not&nbsp;available,90.8
1151118.KB895784_gene3204,KB895784_gene3204,annotation&nbsp;not&nbsp;available,90.8
1151118.KB895794_gene1765,KB895794_gene1765,annotation&nbsp;not&nbsp;available,90.7
1151118.KB895796_gene303,KB895796_gene303,annotation&nbsp;not&nbsp;available,90.7
1151118.KB895788_gene1416,KB895788_gene1416,annotation&nbsp;not&nbsp;available,90.7
1151118.KB895789_gene909,KB895789_gene909,annotation&nbsp;not&nbsp;available,90.7
1151118.KB895789_gene930,KB895789_gene930,annotation&nbsp;not&nbsp;available,90.7
1151118.KB895787_gene1288,KB895787_gene1288,annotation&nbsp;not&nbsp;available,90.6
1151118.KB895801_gene63,KB895801_gene63,annotation&nbsp;not&nbsp;available,90.6
1151118.KB895789_gene998,KB895789_gene998,annotation&nbsp;not&nbsp;available,90.5
1151118.KB895793_gene1656,KB895793_gene1656,annotation&nbsp;not&nbsp;available,90.5
1151118.KB895787_gene1312,KB895787_gene1312,annotation&nbsp;not&nbsp;available,90.5
1151118.KB895784_gene3233,KB895784_gene3233,annotation&nbsp;not&nbsp;available,90.4
1151118.KB895783_gene3800,KB895783_gene3800,annotation&nbsp;not&nbsp;available,90.4
1151118.KB895783_gene3472,KB895783_gene3472,annotation&nbsp;not&nbsp;available,90.4
1151118.KB895789_gene925,KB895789_gene925,annotation&nbsp;not&nbsp;available,90.4
1151118.KB895783_gene3630,KB895783_gene3630,annotation&nbsp;not&nbsp;available,90.4
1151118.KB895800_gene226,KB895800_gene226,annotation&nbsp;not&nbsp;available,90.3
1151118.KB895789_gene1002,KB895789_gene1002,annotation&nbsp;not&nbsp;available,90.2
1151118.KB895783_gene3752,KB895783_gene3752,annotation&nbsp;not&nbsp;available,90.1
1151118.KB895788_gene1555,KB895788_gene1555,annotation&nbsp;not&nbsp;available,90.1
1151118.KB895789_gene952,KB895789_gene952,annotation&nbsp;not&nbsp;available,90.1
1151118.KB895783_gene3443,KB895783_gene3443,annotation&nbsp;not&nbsp;available,90.1
1151118.KB895783_gene3990,KB895783_gene3990,annotation&nbsp;not&nbsp;available,90.0
1151118.KB895783_gene3648,KB895783_gene3648,annotation&nbsp;not&nbsp;available,90.0
1151118.KB895783_gene4193,KB895783_gene4193,annotation&nbsp;not&nbsp;available,90.0
1151118.KB895783_gene4182,KB895783_gene4182,annotation&nbsp;not&nbsp;available,89.9
1151118.KB895813_gene2433,KB895813_gene2433,annotation&nbsp;not&nbsp;available,89.9
1151118.KB895796_gene250,KB895796_gene250,annotation&nbsp;not&nbsp;available,89.7
1151118.KB895788_gene1414,KB895788_gene1414,annotation&nbsp;not&nbsp;available,89.7
1151118.KB895788_gene1556,KB895788_gene1556,annotation&nbsp;not&nbsp;available,89.7
1151118.KB895800_gene219,KB895800_gene219,annotation&nbsp;not&nbsp;available,89.7
1151118.KB895807_gene2048,KB895807_gene2048,annotation&nbsp;not&nbsp;available,89.6
1151118.KB895783_gene4020,KB895783_gene4020,annotation&nbsp;not&nbsp;available,89.6
1151118.KB895787_gene1231,KB895787_gene1231,annotation&nbsp;not&nbsp;available,89.6
1151118.KB895788_gene1400,KB895788_gene1400,annotation&nbsp;not&nbsp;available,89.6
1151118.KB895789_gene960,KB895789_gene960,annotation&nbsp;not&nbsp;available,89.6
1151118.KB895787_gene1325,KB895787_gene1325,annotation&nbsp;not&nbsp;available,89.6
1151118.KB895806_gene732,KB895806_gene732,annotation&nbsp;not&nbsp;available,89.5
1151118.KB895783_gene4122,KB895783_gene4122,annotation&nbsp;not&nbsp;available,89.5
1151118.KB895808_gene2101,KB895808_gene2101,annotation&nbsp;not&nbsp;available,89.5
1151118.KB895790_gene1089,KB895790_gene1089,annotation&nbsp;not&nbsp;available,89.5
1151118.KB895792_gene2006,KB895792_gene2006,annotation&nbsp;not&nbsp;available,89.4
1151118.KB895786_gene2388,KB895786_gene2388,annotation&nbsp;not&nbsp;available,89.4
1151118.KB895806_gene736,KB895806_gene736,annotation&nbsp;not&nbsp;available,89.3
1151118.KB895801_gene17,KB895801_gene17,annotation&nbsp;not&nbsp;available,89.3
1151118.KB895783_gene4183,KB895783_gene4183,annotation&nbsp;not&nbsp;available,89.3
1151118.KB895787_gene1264,KB895787_gene1264,annotation&nbsp;not&nbsp;available,89.2
1151118.KB895783_gene3835,KB895783_gene3835,annotation&nbsp;not&nbsp;available,89.1
1151118.KB895796_gene302,KB895796_gene302,annotation&nbsp;not&nbsp;available,89.1
1151118.KB895783_gene3759,KB895783_gene3759,annotation&nbsp;not&nbsp;available,89.1
1151118.KB895792_gene1959,KB895792_gene1959,annotation&nbsp;not&nbsp;available,89.0
1151118.KB895783_gene4153,KB895783_gene4153,annotation&nbsp;not&nbsp;available,89.0
1151118.KB895785_gene2593,KB895785_gene2593,annotation&nbsp;not&nbsp;available,89.0
1151118.KB895783_gene4029,KB895783_gene4029,annotation&nbsp;not&nbsp;available,88.9
1151118.KB895786_gene2267,KB895786_gene2267,annotation&nbsp;not&nbsp;available,88.9
1151118.KB895783_gene3699,KB895783_gene3699,annotation&nbsp;not&nbsp;available,88.9
1151118.KB895793_gene1676,KB895793_gene1676,annotation&nbsp;not&nbsp;available,88.9
1151118.KB895783_gene3779,KB895783_gene3779,annotation&nbsp;not&nbsp;available,88.8
1151118.KB895785_gene2607,KB895785_gene2607,annotation&nbsp;not&nbsp;available,88.8
1151118.KB895789_gene1011,KB895789_gene1011,annotation&nbsp;not&nbsp;available,88.8
1151118.KB895813_gene2431,KB895813_gene2431,annotation&nbsp;not&nbsp;available,88.8
1151118.KB895783_gene3531,KB895783_gene3531,annotation&nbsp;not&nbsp;available,88.8
1151118.KB895789_gene855,KB895789_gene855,annotation&nbsp;not&nbsp;available,88.7
1151118.KB895792_gene1970,KB895792_gene1970,annotation&nbsp;not&nbsp;available,88.7
1151118.KB895783_gene3583,KB895783_gene3583,annotation&nbsp;not&nbsp;available,88.6
1151118.KB895783_gene4133,KB895783_gene4133,annotation&nbsp;not&nbsp;available,88.6
1151118.KB895783_gene4018,KB895783_gene4018,annotation&nbsp;not&nbsp;available,88.5
1151118.KB895783_gene4144,KB895783_gene4144,annotation&nbsp;not&nbsp;available,88.3
1151118.KB895786_gene2193,KB895786_gene2193,annotation&nbsp;not&nbsp;available,88.3
1151118.KB895783_gene3747,KB895783_gene3747,annotation&nbsp;not&nbsp;available,88.2
1151118.KB895785_gene2817,KB895785_gene2817,annotation&nbsp;not&nbsp;available,88.2
1151118.KB895784_gene3267,KB895784_gene3267,annotation&nbsp;not&nbsp;available,88.2
1151118.KB895793_gene1634,KB895793_gene1634,annotation&nbsp;not&nbsp;available,88.2
1151118.KB895786_gene2396,KB895786_gene2396,annotation&nbsp;not&nbsp;available,88.1
1151118.KB895783_gene3463,KB895783_gene3463,annotation&nbsp;not&nbsp;available,88.1
1151118.KB895783_gene3884,KB895783_gene3884,annotation&nbsp;not&nbsp;available,88.1
1151118.KB895783_gene3471,KB895783_gene3471,annotation&nbsp;not&nbsp;available,88.0
1151118.KB895784_gene2948,KB895784_gene2948,annotation&nbsp;not&nbsp;available,87.9
1151118.KB895783_gene3698,KB895783_gene3698,annotation&nbsp;not&nbsp;available,87.9
1151118.KB895783_gene3657,KB895783_gene3657,annotation&nbsp;not&nbsp;available,87.9
1151118.KB895785_gene2858,KB895785_gene2858,annotation&nbsp;not&nbsp;available,87.8
1151118.KB895791_gene1832,KB895791_gene1832,annotation&nbsp;not&nbsp;available,87.8
1151118.KB895787_gene1232,KB895787_gene1232,annotation&nbsp;not&nbsp;available,87.8
1151118.KB895789_gene978,KB895789_gene978,annotation&nbsp;not&nbsp;available,87.8
1151118.KB895783_gene3826,KB895783_gene3826,annotation&nbsp;not&nbsp;available,87.7
1151118.KB895783_gene4139,KB895783_gene4139,annotation&nbsp;not&nbsp;available,87.7
1151118.KB895783_gene3340,KB895783_gene3340,annotation&nbsp;not&nbsp;available,87.7
1151118.KB895787_gene1198,KB895787_gene1198,annotation&nbsp;not&nbsp;available,87.6
1151118.KB895787_gene1213,KB895787_gene1213,annotation&nbsp;not&nbsp;available,87.5
1151118.KB895785_gene2794,KB895785_gene2794,annotation&nbsp;not&nbsp;available,87.5
1151118.KB895792_gene2033,KB895792_gene2033,annotation&nbsp;not&nbsp;available,87.4
1151118.KB895783_gene3819,KB895783_gene3819,annotation&nbsp;not&nbsp;available,87.3
1151118.KB895783_gene3651,KB895783_gene3651,annotation&nbsp;not&nbsp;available,87.3
1151118.KB895783_gene3606,KB895783_gene3606,annotation&nbsp;not&nbsp;available,87.2
1151118.KB895803_gene120,KB895803_gene120,annotation&nbsp;not&nbsp;available,87.2
1151118.KB895785_gene2543,KB895785_gene2543,annotation&nbsp;not&nbsp;available,87.2
1151118.KB895785_gene2664,KB895785_gene2664,annotation&nbsp;not&nbsp;available,87.1
1151118.KB895789_gene920,KB895789_gene920,annotation&nbsp;not&nbsp;available,86.9
1151118.KB895783_gene3488,KB895783_gene3488,annotation&nbsp;not&nbsp;available,86.9
1151118.KB895795_gene435,KB895795_gene435,annotation&nbsp;not&nbsp;available,86.8
1151118.KB895783_gene3705,KB895783_gene3705,annotation&nbsp;not&nbsp;available,86.8
1151118.KB895783_gene3818,KB895783_gene3818,annotation&nbsp;not&nbsp;available,86.7
1151118.KB895792_gene1932,KB895792_gene1932,annotation&nbsp;not&nbsp;available,86.6
1151118.KB895785_gene2779,KB895785_gene2779,annotation&nbsp;not&nbsp;available,86.6
1151118.KB895783_gene3671,KB895783_gene3671,annotation&nbsp;not&nbsp;available,86.5
1151118.KB895795_gene361,KB895795_gene361,annotation&nbsp;not&nbsp;available,86.5
1151118.KB895792_gene1931,KB895792_gene1931,annotation&nbsp;not&nbsp;available,86.4
1151118.KB895791_gene1816,KB895791_gene1816,annotation&nbsp;not&nbsp;available,86.4
1151118.KB895783_gene4082,KB895783_gene4082,annotation&nbsp;not&nbsp;available,86.4
1151118.KB895783_gene3880,KB895783_gene3880,annotation&nbsp;not&nbsp;available,86.4
1151118.KB895785_gene2830,KB895785_gene2830,annotation&nbsp;not&nbsp;available,86.4
1151118.KB895783_gene3501,KB895783_gene3501,annotation&nbsp;not&nbsp;available,86.4
1151118.KB895794_gene1713,KB895794_gene1713,annotation&nbsp;not&nbsp;available,86.3
1151118.KB895783_gene3810,KB895783_gene3810,annotation&nbsp;not&nbsp;available,86.2
1151118.KB895783_gene3485,KB895783_gene3485,annotation&nbsp;not&nbsp;available,86.2
1151118.KB895785_gene2737,KB895785_gene2737,annotation&nbsp;not&nbsp;available,86.2
1151118.KB895784_gene3290,KB895784_gene3290,annotation&nbsp;not&nbsp;available,86.2
1151118.KB895783_gene3883,KB895783_gene3883,annotation&nbsp;not&nbsp;available,86.2
1151118.KB895803_gene122,KB895803_gene122,annotation&nbsp;not&nbsp;available,86.1
1151118.KB895789_gene916,KB895789_gene916,annotation&nbsp;not&nbsp;available,86.1
1151118.KB895814_gene2440,KB895814_gene2440,annotation&nbsp;not&nbsp;available,86.1
1151118.KB895785_gene2793,KB895785_gene2793,annotation&nbsp;not&nbsp;available,86.1
1151118.KB895785_gene2591,KB895785_gene2591,annotation&nbsp;not&nbsp;available,86.0
1151118.KB895785_gene2765,KB895785_gene2765,annotation&nbsp;not&nbsp;available,86.0
1151118.KB895785_gene2727,KB895785_gene2727,annotation&nbsp;not&nbsp;available,86.0
1151118.KB895787_gene1160,KB895787_gene1160,annotation&nbsp;not&nbsp;available,86.0
1151118.KB895783_gene3908,KB895783_gene3908,annotation&nbsp;not&nbsp;available,85.9
1151118.KB895802_gene689,KB895802_gene689,annotation&nbsp;not&nbsp;available,85.9
1151118.KB895783_gene3595,KB895783_gene3595,annotation&nbsp;not&nbsp;available,85.9
1151118.KB895788_gene1408,KB895788_gene1408,annotation&nbsp;not&nbsp;available,85.9
1151118.KB895783_gene3408,KB895783_gene3408,annotation&nbsp;not&nbsp;available,85.9
1151118.KB895790_gene1149,KB895790_gene1149,annotation&nbsp;not&nbsp;available,85.8
1151118.KB895783_gene3406,KB895783_gene3406,annotation&nbsp;not&nbsp;available,85.8
1151118.KB895792_gene1963,KB895792_gene1963,annotation&nbsp;not&nbsp;available,85.8
1151118.KB895783_gene3815,KB895783_gene3815,annotation&nbsp;not&nbsp;available,85.8
1151118.KB895785_gene2725,KB895785_gene2725,annotation&nbsp;not&nbsp;available,85.7
1151118.KB895784_gene3285,KB895784_gene3285,annotation&nbsp;not&nbsp;available,85.7
1151118.KB895784_gene3057,KB895784_gene3057,annotation&nbsp;not&nbsp;available,85.7
1151118.KB895794_gene1761,KB895794_gene1761,annotation&nbsp;not&nbsp;available,85.6
1151118.KB895783_gene3327,KB895783_gene3327,annotation&nbsp;not&nbsp;available,85.5
1151118.KB895785_gene2662,KB895785_gene2662,annotation&nbsp;not&nbsp;available,85.5
1151118.KB895785_gene2712,KB895785_gene2712,annotation&nbsp;not&nbsp;available,85.5
1151118.KB895786_gene2195,KB895786_gene2195,annotation&nbsp;not&nbsp;available,85.5
1151118.KB895783_gene3893,KB895783_gene3893,annotation&nbsp;not&nbsp;available,85.4
1151118.KB895785_gene2839,KB895785_gene2839,annotation&nbsp;not&nbsp;available,85.4
1151118.KB895790_gene1026,KB895790_gene1026,annotation&nbsp;not&nbsp;available,85.3
1151118.KB895784_gene3246,KB895784_gene3246,annotation&nbsp;not&nbsp;available,85.3
1151118.KB895785_gene2693,KB895785_gene2693,annotation&nbsp;not&nbsp;available,85.2
1151118.KB895786_gene2234,KB895786_gene2234,annotation&nbsp;not&nbsp;available,85.1
1151118.KB895785_gene2579,KB895785_gene2579,annotation&nbsp;not&nbsp;available,85.1
1151118.KB895785_gene2556,KB895785_gene2556,annotation&nbsp;not&nbsp;available,85.0
1151118.KB895783_gene4019,KB895783_gene4019,annotation&nbsp;not&nbsp;available,85.0
1151118.KB895797_gene783,KB895797_gene783,annotation&nbsp;not&nbsp;available,84.9
1151118.KB895784_gene3000,KB895784_gene3000,annotation&nbsp;not&nbsp;available,84.9
1151118.KB895798_gene551,KB895798_gene551,annotation&nbsp;not&nbsp;available,84.9
1151118.KB895785_gene2783,KB895785_gene2783,annotation&nbsp;not&nbsp;available,84.9
1151118.KB895783_gene3696,KB895783_gene3696,annotation&nbsp;not&nbsp;available,84.9
1151118.KB895794_gene1721,KB895794_gene1721,annotation&nbsp;not&nbsp;available,84.8
1151118.KB895795_gene375,KB895795_gene375,annotation&nbsp;not&nbsp;available,84.8
1151118.KB895783_gene3688,KB895783_gene3688,annotation&nbsp;not&nbsp;available,84.8
1151118.KB895806_gene705,KB895806_gene705,annotation&nbsp;not&nbsp;available,84.7
1151118.KB895785_gene2633,KB895785_gene2633,annotation&nbsp;not&nbsp;available,84.7
1151118.KB895784_gene3125,KB895784_gene3125,annotation&nbsp;not&nbsp;available,84.7
1151118.KB895793_gene1672,KB895793_gene1672,annotation&nbsp;not&nbsp;available,84.6
1151118.KB895795_gene368,KB895795_gene368,annotation&nbsp;not&nbsp;available,84.6
1151118.KB895802_gene685,KB895802_gene685,annotation&nbsp;not&nbsp;available,84.6
1151118.KB895784_gene3291,KB895784_gene3291,annotation&nbsp;not&nbsp;available,84.6
1151118.KB895783_gene3679,KB895783_gene3679,annotation&nbsp;not&nbsp;available,84.5
1151118.KB895803_gene136,KB895803_gene136,annotation&nbsp;not&nbsp;available,84.5
1151118.KB895805_gene460,KB895805_gene460,annotation&nbsp;not&nbsp;available,84.5
1151118.KB895789_gene866,KB895789_gene866,annotation&nbsp;not&nbsp;available,84.4
1151118.KB895784_gene2924,KB895784_gene2924,annotation&nbsp;not&nbsp;available,84.4
1151118.KB895791_gene1911,KB895791_gene1911,annotation&nbsp;not&nbsp;available,84.4
1151118.KB895786_gene2213,KB895786_gene2213,annotation&nbsp;not&nbsp;available,84.4
1151118.KB895787_gene1347,KB895787_gene1347,annotation&nbsp;not&nbsp;available,84.3
1151118.KB895790_gene1147,KB895790_gene1147,annotation&nbsp;not&nbsp;available,84.3
1151118.KB895784_gene2907,KB895784_gene2907,annotation&nbsp;not&nbsp;available,84.2
1151118.KB895798_gene520,KB895798_gene520,annotation&nbsp;not&nbsp;available,84.2
1151118.KB895799_gene624,KB895799_gene624,annotation&nbsp;not&nbsp;available,84.2
1151118.KB895783_gene3332,KB895783_gene3332,annotation&nbsp;not&nbsp;available,84.1
1151118.KB895785_gene2503,KB895785_gene2503,annotation&nbsp;not&nbsp;available,84.1
1151118.KB895813_gene2426,KB895813_gene2426,annotation&nbsp;not&nbsp;available,84.0
1151118.KB895783_gene3845,KB895783_gene3845,annotation&nbsp;not&nbsp;available,84.0
1151118.KB895800_gene237,KB895800_gene237,annotation&nbsp;not&nbsp;available,84.0
1151118.KB895790_gene1109,KB895790_gene1109,annotation&nbsp;not&nbsp;available,83.9
1151118.KB895783_gene3821,KB895783_gene3821,annotation&nbsp;not&nbsp;available,83.9
1151118.KB895788_gene1424,KB895788_gene1424,annotation&nbsp;not&nbsp;available,83.9
1151118.KB895785_gene2855,KB895785_gene2855,annotation&nbsp;not&nbsp;available,83.9
1151118.KB895785_gene2544,KB895785_gene2544,annotation&nbsp;not&nbsp;available,83.8
1151118.KB895785_gene2488,KB895785_gene2488,annotation&nbsp;not&nbsp;available,83.8
1151118.KB895783_gene3848,KB895783_gene3848,annotation&nbsp;not&nbsp;available,83.7
1151118.KB895791_gene1872,KB895791_gene1872,annotation&nbsp;not&nbsp;available,83.7
1151118.KB895788_gene1413,KB895788_gene1413,annotation&nbsp;not&nbsp;available,83.6
1151118.KB895801_gene29,KB895801_gene29,annotation&nbsp;not&nbsp;available,83.5
1151118.KB895798_gene521,KB895798_gene521,annotation&nbsp;not&nbsp;available,83.5
1151118.KB895796_gene266,KB895796_gene266,annotation&nbsp;not&nbsp;available,83.4
1151118.KB895785_gene2512,KB895785_gene2512,annotation&nbsp;not&nbsp;available,83.4
1151118.KB895784_gene3090,KB895784_gene3090,annotation&nbsp;not&nbsp;available,83.4
1151118.KB895783_gene3358,KB895783_gene3358,annotation&nbsp;not&nbsp;available,83.3
1151118.KB895784_gene3208,KB895784_gene3208,annotation&nbsp;not&nbsp;available,83.3
1151118.KB895783_gene3432,KB895783_gene3432,annotation&nbsp;not&nbsp;available,83.2
1151118.KB895798_gene558,KB895798_gene558,annotation&nbsp;not&nbsp;available,83.2
1151118.KB895786_gene2211,KB895786_gene2211,annotation&nbsp;not&nbsp;available,83.1
1151118.KB895796_gene298,KB895796_gene298,annotation&nbsp;not&nbsp;available,83.0
1151118.KB895793_gene1629,KB895793_gene1629,annotation&nbsp;not&nbsp;available,83.0
1151118.KB895785_gene2711,KB895785_gene2711,annotation&nbsp;not&nbsp;available,83.0
1151118.KB895783_gene4137,KB895783_gene4137,annotation&nbsp;not&nbsp;available,82.9
1151118.KB895797_gene775,KB895797_gene775,annotation&nbsp;not&nbsp;available,82.9
1151118.KB895783_gene3773,KB895783_gene3773,annotation&nbsp;not&nbsp;available,82.9
1151118.KB895786_gene2201,KB895786_gene2201,annotation&nbsp;not&nbsp;available,82.8
1151118.KB895802_gene649,KB895802_gene649,annotation&nbsp;not&nbsp;available,82.8
1151118.KB895785_gene2563,KB895785_gene2563,annotation&nbsp;not&nbsp;available,82.8
1151118.KB895789_gene874,KB895789_gene874,annotation&nbsp;not&nbsp;available,82.7
1151118.KB895802_gene650,KB895802_gene650,annotation&nbsp;not&nbsp;available,82.7
1151118.KB895785_gene2726,KB895785_gene2726,annotation&nbsp;not&nbsp;available,82.7
1151118.KB895789_gene886,KB895789_gene886,annotation&nbsp;not&nbsp;available,82.6
1151118.KB895788_gene1485,KB895788_gene1485,annotation&nbsp;not&nbsp;available,82.6
1151118.KB895789_gene883,KB895789_gene883,annotation&nbsp;not&nbsp;available,82.6
1151118.KB895783_gene3768,KB895783_gene3768,annotation&nbsp;not&nbsp;available,82.5
1151118.KB895809_gene2132,KB895809_gene2132,annotation&nbsp;not&nbsp;available,82.5
1151118.KB895789_gene853,KB895789_gene853,annotation&nbsp;not&nbsp;available,82.4
1151118.KB895784_gene2999,KB895784_gene2999,annotation&nbsp;not&nbsp;available,82.3
1151118.KB895807_gene2080,KB895807_gene2080,annotation&nbsp;not&nbsp;available,82.3
1151118.KB895784_gene3220,KB895784_gene3220,annotation&nbsp;not&nbsp;available,82.3
1151118.KB895791_gene1789,KB895791_gene1789,annotation&nbsp;not&nbsp;available,82.3
1151118.KB895785_gene2580,KB895785_gene2580,annotation&nbsp;not&nbsp;available,82.3
1151118.KB895805_gene473,KB895805_gene473,annotation&nbsp;not&nbsp;available,82.3
1151118.KB895785_gene2594,KB895785_gene2594,annotation&nbsp;not&nbsp;available,82.3
1151118.KB895787_gene1355,KB895787_gene1355,annotation&nbsp;not&nbsp;available,82.2
1151118.KB895783_gene3384,KB895783_gene3384,annotation&nbsp;not&nbsp;available,82.2
1151118.KB895788_gene1468,KB895788_gene1468,annotation&nbsp;not&nbsp;available,82.2
1151118.KB895788_gene1441,KB895788_gene1441,annotation&nbsp;not&nbsp;available,82.2
1151118.KB895783_gene3633,KB895783_gene3633,annotation&nbsp;not&nbsp;available,82.1
1151118.KB895783_gene3548,KB895783_gene3548,annotation&nbsp;not&nbsp;available,82.1
1151118.KB895783_gene3412,KB895783_gene3412,annotation&nbsp;not&nbsp;available,82.1
1151118.KB895812_gene2473,KB895812_gene2473,annotation&nbsp;not&nbsp;available,82.1
1151118.KB895785_gene2629,KB895785_gene2629,annotation&nbsp;not&nbsp;available,82.1
1151118.KB895793_gene1607,KB895793_gene1607,annotation&nbsp;not&nbsp;available,82.1
1151118.KB895783_gene3579,KB895783_gene3579,annotation&nbsp;not&nbsp;available,82.0
1151118.KB895786_gene2236,KB895786_gene2236,annotation&nbsp;not&nbsp;available,81.9
1151118.KB895785_gene2555,KB895785_gene2555,annotation&nbsp;not&nbsp;available,81.9
1151118.KB895784_gene3015,KB895784_gene3015,annotation&nbsp;not&nbsp;available,81.8
1151118.KB895791_gene1909,KB895791_gene1909,annotation&nbsp;not&nbsp;available,81.8
1151118.KB895783_gene4207,KB895783_gene4207,annotation&nbsp;not&nbsp;available,81.8
1151118.KB895785_gene2597,KB895785_gene2597,annotation&nbsp;not&nbsp;available,81.8
1151118.KB895784_gene2927,KB895784_gene2927,annotation&nbsp;not&nbsp;available,81.8
1151118.KB895783_gene3622,KB895783_gene3622,annotation&nbsp;not&nbsp;available,81.8
1151118.KB895797_gene752,KB895797_gene752,annotation&nbsp;not&nbsp;available,81.8
1151118.KB895801_gene27,KB895801_gene27,annotation&nbsp;not&nbsp;available,81.7
1151118.KB895788_gene1429,KB895788_gene1429,annotation&nbsp;not&nbsp;available,81.7
1151118.KB895783_gene3803,KB895783_gene3803,annotation&nbsp;not&nbsp;available,81.6
1151118.KB895791_gene1862,KB895791_gene1862,annotation&nbsp;not&nbsp;available,81.6
1151118.KB895796_gene314,KB895796_gene314,annotation&nbsp;not&nbsp;available,81.6
1151118.KB895789_gene941,KB895789_gene941,annotation&nbsp;not&nbsp;available,81.6
1151118.KB895783_gene3801,KB895783_gene3801,annotation&nbsp;not&nbsp;available,81.5
1151118.KB895784_gene3089,KB895784_gene3089,annotation&nbsp;not&nbsp;available,81.5
1151118.KB895783_gene3689,KB895783_gene3689,annotation&nbsp;not&nbsp;available,81.5
1151118.KB895788_gene1396,KB895788_gene1396,annotation&nbsp;not&nbsp;available,81.5
1151118.KB895783_gene3874,KB895783_gene3874,annotation&nbsp;not&nbsp;available,81.5
1151118.KB895789_gene936,KB895789_gene936,annotation&nbsp;not&nbsp;available,81.5
1151118.KB895791_gene1907,KB895791_gene1907,annotation&nbsp;not&nbsp;available,81.4
1151118.KB895783_gene3897,KB895783_gene3897,annotation&nbsp;not&nbsp;available,81.4
1151118.KB895802_gene652,KB895802_gene652,annotation&nbsp;not&nbsp;available,81.4
1151118.KB895796_gene249,KB895796_gene249,annotation&nbsp;not&nbsp;available,81.4
1151118.KB895786_gene2313,KB895786_gene2313,annotation&nbsp;not&nbsp;available,81.4
1151118.KB895785_gene2706,KB895785_gene2706,annotation&nbsp;not&nbsp;available,81.3
1151118.KB895788_gene1437,KB895788_gene1437,annotation&nbsp;not&nbsp;available,81.3
1151118.KB895792_gene1928,KB895792_gene1928,annotation&nbsp;not&nbsp;available,81.3
1151118.KB895794_gene1764,KB895794_gene1764,annotation&nbsp;not&nbsp;available,81.3
1151118.KB895808_gene2102,KB895808_gene2102,annotation&nbsp;not&nbsp;available,81.3
1151118.KB895803_gene135,KB895803_gene135,annotation&nbsp;not&nbsp;available,81.3
1151118.KB895793_gene1590,KB895793_gene1590,annotation&nbsp;not&nbsp;available,81.3
1151118.KB895783_gene4036,KB895783_gene4036,annotation&nbsp;not&nbsp;available,81.2
1151118.KB895788_gene1419,KB895788_gene1419,annotation&nbsp;not&nbsp;available,81.2
1151118.KB895794_gene1739,KB895794_gene1739,annotation&nbsp;not&nbsp;available,81.2
1151118.KB895789_gene971,KB895789_gene971,annotation&nbsp;not&nbsp;available,81.1
1151118.KB895783_gene3620,KB895783_gene3620,annotation&nbsp;not&nbsp;available,81.1
1151118.KB895783_gene3647,KB895783_gene3647,annotation&nbsp;not&nbsp;available,81.1
1151118.KB895784_gene3232,KB895784_gene3232,annotation&nbsp;not&nbsp;available,81.1
1151118.KB895788_gene1417,KB895788_gene1417,annotation&nbsp;not&nbsp;available,81.1
1151118.KB895795_gene439,KB895795_gene439,annotation&nbsp;not&nbsp;available,81.1
1151118.KB895796_gene275,KB895796_gene275,annotation&nbsp;not&nbsp;available,81.0
1151118.KB895801_gene13,KB895801_gene13,annotation&nbsp;not&nbsp;available,80.9
1151118.KB895784_gene3165,KB895784_gene3165,annotation&nbsp;not&nbsp;available,80.9
1151118.KB895784_gene2870,KB895784_gene2870,annotation&nbsp;not&nbsp;available,80.8
1151118.KB895792_gene1927,KB895792_gene1927,annotation&nbsp;not&nbsp;available,80.7
1151118.KB895783_gene3900,KB895783_gene3900,annotation&nbsp;not&nbsp;available,80.7
1151118.KB895795_gene397,KB895795_gene397,annotation&nbsp;not&nbsp;available,80.7
1151118.KB895785_gene2617,KB895785_gene2617,annotation&nbsp;not&nbsp;available,80.7
1151118.KB895783_gene3381,KB895783_gene3381,annotation&nbsp;not&nbsp;available,80.6
1151118.KB895789_gene852,KB895789_gene852,annotation&nbsp;not&nbsp;available,80.6
1151118.KB895789_gene921,KB895789_gene921,annotation&nbsp;not&nbsp;available,80.6
1151118.KB895786_gene2356,KB895786_gene2356,annotation&nbsp;not&nbsp;available,80.6
1151118.KB895787_gene1225,KB895787_gene1225,annotation&nbsp;not&nbsp;available,80.5
1151118.KB895788_gene1530,KB895788_gene1530,annotation&nbsp;not&nbsp;available,80.5
1151118.KB895785_gene2802,KB895785_gene2802,annotation&nbsp;not&nbsp;available,80.5
1151118.KB895783_gene3338,KB895783_gene3338,annotation&nbsp;not&nbsp;available,80.5
1151118.KB895788_gene1534,KB895788_gene1534,annotation&nbsp;not&nbsp;available,80.3
1151118.KB895790_gene1150,KB895790_gene1150,annotation&nbsp;not&nbsp;available,80.3
1151118.KB895785_gene2812,KB895785_gene2812,annotation&nbsp;not&nbsp;available,80.3
1151118.KB895785_gene2575,KB895785_gene2575,annotation&nbsp;not&nbsp;available,80.3
1151118.KB895801_gene12,KB895801_gene12,annotation&nbsp;not&nbsp;available,80.3
1151118.KB895789_gene869,KB895789_gene869,annotation&nbsp;not&nbsp;available,80.2
1151118.KB895791_gene1895,KB895791_gene1895,annotation&nbsp;not&nbsp;available,80.1
1151118.KB895787_gene1246,KB895787_gene1246,annotation&nbsp;not&nbsp;available,80.1
1151118.KB895786_gene2415,KB895786_gene2415,annotation&nbsp;not&nbsp;available,80.1
1151118.KB895796_gene255,KB895796_gene255,annotation&nbsp;not&nbsp;available,80.1
1151118.KB895794_gene1719,KB895794_gene1719,annotation&nbsp;not&nbsp;available,80.0
1151118.KB895784_gene2939,KB895784_gene2939,annotation&nbsp;not&nbsp;available,79.9
1151118.KB895800_gene205,KB895800_gene205,annotation&nbsp;not&nbsp;available,79.9
1151118.KB895790_gene1044,KB895790_gene1044,annotation&nbsp;not&nbsp;available,79.9
1151118.KB895785_gene2847,KB895785_gene2847,annotation&nbsp;not&nbsp;available,79.8
1151118.KB895806_gene710,KB895806_gene710,annotation&nbsp;not&nbsp;available,79.8
1151118.KB895785_gene2639,KB895785_gene2639,annotation&nbsp;not&nbsp;available,79.8
1151118.KB895788_gene1432,KB895788_gene1432,annotation&nbsp;not&nbsp;available,79.8
1151118.KB895787_gene1253,KB895787_gene1253,annotation&nbsp;not&nbsp;available,79.8
1151118.KB895784_gene3308,KB895784_gene3308,annotation&nbsp;not&nbsp;available,79.8
1151118.KB895796_gene288,KB895796_gene288,annotation&nbsp;not&nbsp;available,79.7
1151118.KB895784_gene2958,KB895784_gene2958,annotation&nbsp;not&nbsp;available,79.7
1151118.KB895786_gene2210,KB895786_gene2210,annotation&nbsp;not&nbsp;available,79.7
1151118.KB895798_gene556,KB895798_gene556,annotation&nbsp;not&nbsp;available,79.6
1151118.KB895783_gene3829,KB895783_gene3829,annotation&nbsp;not&nbsp;available,79.3
1151118.KB895784_gene2945,KB895784_gene2945,annotation&nbsp;not&nbsp;available,79.3
1151118.KB895788_gene1563,KB895788_gene1563,annotation&nbsp;not&nbsp;available,79.3
1151118.KB895803_gene137,KB895803_gene137,annotation&nbsp;not&nbsp;available,79.1
1151118.KB895814_gene2454,KB895814_gene2454,annotation&nbsp;not&nbsp;available,79.1
1151118.KB895792_gene2025,KB895792_gene2025,annotation&nbsp;not&nbsp;available,79.0
1151118.KB895785_gene2825,KB895785_gene2825,annotation&nbsp;not&nbsp;available,79.0
1151118.KB895792_gene2008,KB895792_gene2008,annotation&nbsp;not&nbsp;available,79.0
1151118.KB895784_gene3287,KB895784_gene3287,annotation&nbsp;not&nbsp;available,79.0
1151118.KB895785_gene2604,KB895785_gene2604,annotation&nbsp;not&nbsp;available,78.9
1151118.KB895800_gene173,KB895800_gene173,annotation&nbsp;not&nbsp;available,78.9
1151118.KB895794_gene1740,KB895794_gene1740,annotation&nbsp;not&nbsp;available,78.9
1151118.KB895785_gene2778,KB895785_gene2778,annotation&nbsp;not&nbsp;available,78.8
1151118.KB895792_gene2034,KB895792_gene2034,annotation&nbsp;not&nbsp;available,78.8
1151118.KB895793_gene1673,KB895793_gene1673,annotation&nbsp;not&nbsp;available,78.8
1151118.KB895788_gene1506,KB895788_gene1506,annotation&nbsp;not&nbsp;available,78.7
1151118.KB895795_gene356,KB895795_gene356,annotation&nbsp;not&nbsp;available,78.7
1151118.KB895787_gene1293,KB895787_gene1293,annotation&nbsp;not&nbsp;available,78.7
1151118.KB895797_gene813,KB895797_gene813,annotation&nbsp;not&nbsp;available,78.6
1151118.KB895784_gene3064,KB895784_gene3064,annotation&nbsp;not&nbsp;available,78.5
1151118.KB895793_gene1603,KB895793_gene1603,annotation&nbsp;not&nbsp;available,78.5
1151118.KB895783_gene3349,KB895783_gene3349,annotation&nbsp;not&nbsp;available,78.4
1151118.KB895783_gene3931,KB895783_gene3931,annotation&nbsp;not&nbsp;available,78.4
1151118.KB895792_gene1938,KB895792_gene1938,annotation&nbsp;not&nbsp;available,78.4
1151118.KB895798_gene526,KB895798_gene526,annotation&nbsp;not&nbsp;available,78.4
1151118.KB895786_gene2322,KB895786_gene2322,annotation&nbsp;not&nbsp;available,78.4
1151118.KB895788_gene1582,KB895788_gene1582,annotation&nbsp;not&nbsp;available,78.3
1151118.KB895789_gene962,KB895789_gene962,annotation&nbsp;not&nbsp;available,78.3
1151118.KB895783_gene3772,KB895783_gene3772,annotation&nbsp;not&nbsp;available,78.3
1151118.KB895789_gene963,KB895789_gene963,annotation&nbsp;not&nbsp;available,78.3
1151118.KB895783_gene3477,KB895783_gene3477,annotation&nbsp;not&nbsp;available,78.3
1151118.KB895783_gene3608,KB895783_gene3608,annotation&nbsp;not&nbsp;available,78.2
1151118.KB895793_gene1620,KB895793_gene1620,annotation&nbsp;not&nbsp;available,78.2
1151118.KB895786_gene2385,KB895786_gene2385,annotation&nbsp;not&nbsp;available,78.2
1151118.KB895785_gene2852,KB895785_gene2852,annotation&nbsp;not&nbsp;available,78.2
1151118.KB895792_gene1974,KB895792_gene1974,annotation&nbsp;not&nbsp;available,78.1
1151118.KB895783_gene4198,KB895783_gene4198,annotation&nbsp;not&nbsp;available,78.1
1151118.KB895783_gene3549,KB895783_gene3549,annotation&nbsp;not&nbsp;available,78.1
1151118.KB895791_gene1822,KB895791_gene1822,annotation&nbsp;not&nbsp;available,78.0
1151118.KB895791_gene1867,KB895791_gene1867,annotation&nbsp;not&nbsp;available,78.0
1151118.KB895783_gene3981,KB895783_gene3981,annotation&nbsp;not&nbsp;available,77.9
1151118.KB895784_gene3243,KB895784_gene3243,annotation&nbsp;not&nbsp;available,77.8
1151118.KB895783_gene3520,KB895783_gene3520,annotation&nbsp;not&nbsp;available,77.8
1151118.KB895783_gene4009,KB895783_gene4009,annotation&nbsp;not&nbsp;available,77.7
1151118.KB895802_gene659,KB895802_gene659,annotation&nbsp;not&nbsp;available,77.7
1151118.KB895783_gene3359,KB895783_gene3359,annotation&nbsp;not&nbsp;available,77.7
1151118.KB895784_gene2933,KB895784_gene2933,annotation&nbsp;not&nbsp;available,77.7
1151118.KB895783_gene3339,KB895783_gene3339,annotation&nbsp;not&nbsp;available,77.6
1151118.KB895784_gene3028,KB895784_gene3028,annotation&nbsp;not&nbsp;available,77.6
1151118.KB895800_gene221,KB895800_gene221,annotation&nbsp;not&nbsp;available,77.6
1151118.KB895798_gene535,KB895798_gene535,annotation&nbsp;not&nbsp;available,77.6
1151118.KB895794_gene1730,KB895794_gene1730,annotation&nbsp;not&nbsp;available,77.5
1151118.KB895789_gene832,KB895789_gene832,annotation&nbsp;not&nbsp;available,77.5
1151118.KB895783_gene3754,KB895783_gene3754,annotation&nbsp;not&nbsp;available,77.5
1151118.KB895785_gene2661,KB895785_gene2661,annotation&nbsp;not&nbsp;available,77.4
1151118.KB895784_gene3154,KB895784_gene3154,annotation&nbsp;not&nbsp;available,77.4
1151118.KB895789_gene940,KB895789_gene940,annotation&nbsp;not&nbsp;available,77.4
1151118.KB895787_gene1195,KB895787_gene1195,annotation&nbsp;not&nbsp;available,77.3
1151118.KB895783_gene3482,KB895783_gene3482,annotation&nbsp;not&nbsp;available,77.2
1151118.KB895784_gene3182,KB895784_gene3182,annotation&nbsp;not&nbsp;available,77.2
1151118.KB895783_gene3365,KB895783_gene3365,annotation&nbsp;not&nbsp;available,77.1
1151118.KB895785_gene2780,KB895785_gene2780,annotation&nbsp;not&nbsp;available,77.1
1151118.KB895783_gene3977,KB895783_gene3977,annotation&nbsp;not&nbsp;available,77.1
1151118.KB895801_gene14,KB895801_gene14,annotation&nbsp;not&nbsp;available,77.0
1151118.KB895793_gene1611,KB895793_gene1611,annotation&nbsp;not&nbsp;available,77.0
1151118.KB895800_gene211,KB895800_gene211,annotation&nbsp;not&nbsp;available,77.0
1151118.KB895806_gene734,KB895806_gene734,annotation&nbsp;not&nbsp;available,77.0
1151118.KB895786_gene2226,KB895786_gene2226,annotation&nbsp;not&nbsp;available,76.9
1151118.KB895786_gene2290,KB895786_gene2290,annotation&nbsp;not&nbsp;available,76.9
1151118.KB895784_gene3045,KB895784_gene3045,annotation&nbsp;not&nbsp;available,76.9
1151118.KB895784_gene2889,KB895784_gene2889,annotation&nbsp;not&nbsp;available,76.9
1151118.KB895788_gene1524,KB895788_gene1524,annotation&nbsp;not&nbsp;available,76.8
1151118.KB895783_gene3887,KB895783_gene3887,annotation&nbsp;not&nbsp;available,76.7
1151118.KB895810_gene2151,KB895810_gene2151,annotation&nbsp;not&nbsp;available,76.7
1151118.KB895801_gene41,KB895801_gene41,annotation&nbsp;not&nbsp;available,76.6
1151118.KB895784_gene3136,KB895784_gene3136,annotation&nbsp;not&nbsp;available,76.6
1151118.KB895785_gene2676,KB895785_gene2676,annotation&nbsp;not&nbsp;available,76.6
1151118.KB895784_gene3163,KB895784_gene3163,annotation&nbsp;not&nbsp;available,76.6
1151118.KB895792_gene1935,KB895792_gene1935,annotation&nbsp;not&nbsp;available,76.4
1151118.KB895789_gene938,KB895789_gene938,annotation&nbsp;not&nbsp;available,76.3
1151118.KB895785_gene2755,KB895785_gene2755,annotation&nbsp;not&nbsp;available,76.3
1151118.KB895783_gene4184,KB895783_gene4184,annotation&nbsp;not&nbsp;available,76.2
1151118.KB895783_gene3456,KB895783_gene3456,annotation&nbsp;not&nbsp;available,76.2
1151118.KB895784_gene2916,KB895784_gene2916,annotation&nbsp;not&nbsp;available,76.1
1151118.KB895787_gene1309,KB895787_gene1309,annotation&nbsp;not&nbsp;available,76.0
1151118.KB895783_gene4118,KB895783_gene4118,annotation&nbsp;not&nbsp;available,76.0
1151118.KB895783_gene4132,KB895783_gene4132,annotation&nbsp;not&nbsp;available,76.0
1151118.KB895789_gene896,KB895789_gene896,annotation&nbsp;not&nbsp;available,76.0
1151118.KB895796_gene282,KB895796_gene282,annotation&nbsp;not&nbsp;available,75.9
1151118.KB895791_gene1794,KB895791_gene1794,annotation&nbsp;not&nbsp;available,75.8
1151118.KB895798_gene511,KB895798_gene511,annotation&nbsp;not&nbsp;available,75.8
1151118.KB895798_gene562,KB895798_gene562,annotation&nbsp;not&nbsp;available,75.8
1151118.KB895786_gene2196,KB895786_gene2196,annotation&nbsp;not&nbsp;available,75.7
1151118.KB895787_gene1208,KB895787_gene1208,annotation&nbsp;not&nbsp;available,75.7
1151118.KB895799_gene612,KB895799_gene612,annotation&nbsp;not&nbsp;available,75.7
1151118.KB895783_gene3755,KB895783_gene3755,annotation&nbsp;not&nbsp;available,75.7
1151118.KB895783_gene4085,KB895783_gene4085,annotation&nbsp;not&nbsp;available,75.6
1151118.KB895783_gene3681,KB895783_gene3681,annotation&nbsp;not&nbsp;available,75.5
1151118.KB895789_gene959,KB895789_gene959,annotation&nbsp;not&nbsp;available,75.5
1151118.KB895792_gene1998,KB895792_gene1998,annotation&nbsp;not&nbsp;available,75.5
1151118.KB895790_gene1101,KB895790_gene1101,annotation&nbsp;not&nbsp;available,75.4
1151118.KB895783_gene3812,KB895783_gene3812,annotation&nbsp;not&nbsp;available,75.4
1151118.KB895805_gene468,KB895805_gene468,annotation&nbsp;not&nbsp;available,75.4
1151118.KB895788_gene1544,KB895788_gene1544,annotation&nbsp;not&nbsp;available,75.2
1151118.KB895784_gene3019,KB895784_gene3019,annotation&nbsp;not&nbsp;available,75.2
1151118.KB895789_gene991,KB895789_gene991,annotation&nbsp;not&nbsp;available,75.1
1151118.KB895786_gene2365,KB895786_gene2365,annotation&nbsp;not&nbsp;available,75.1
1151118.KB895811_gene2187,KB895811_gene2187,annotation&nbsp;not&nbsp;available,75.1
1151118.KB895783_gene3817,KB895783_gene3817,annotation&nbsp;not&nbsp;available,75.0
1151118.KB895783_gene3965,KB895783_gene3965,annotation&nbsp;not&nbsp;available,75.0
1151118.KB895783_gene4077,KB895783_gene4077,annotation&nbsp;not&nbsp;available,75.0
1151118.KB895783_gene4013,KB895783_gene4013,annotation&nbsp;not&nbsp;available,75.0
1151118.KB895785_gene2561,KB895785_gene2561,annotation&nbsp;not&nbsp;available,75.0
1151118.KB895783_gene3813,KB895783_gene3813,annotation&nbsp;not&nbsp;available,74.9
1151118.KB895792_gene1981,KB895792_gene1981,annotation&nbsp;not&nbsp;available,74.9
1151118.KB895784_gene3041,KB895784_gene3041,annotation&nbsp;not&nbsp;available,74.9
1151118.KB895787_gene1182,KB895787_gene1182,annotation&nbsp;not&nbsp;available,74.8
1151118.KB895813_gene2429,KB895813_gene2429,annotation&nbsp;not&nbsp;available,74.8
1151118.KB895794_gene1717,KB895794_gene1717,annotation&nbsp;not&nbsp;available,74.8
1151118.KB895813_gene2430,KB895813_gene2430,annotation&nbsp;not&nbsp;available,74.7
1151118.KB895786_gene2245,KB895786_gene2245,annotation&nbsp;not&nbsp;available,74.7
1151118.KB895785_gene2857,KB895785_gene2857,annotation&nbsp;not&nbsp;available,74.7
1151118.KB895788_gene1470,KB895788_gene1470,annotation&nbsp;not&nbsp;available,74.6
1151118.KB895794_gene1695,KB895794_gene1695,annotation&nbsp;not&nbsp;available,74.6
1151118.KB895791_gene1836,KB895791_gene1836,annotation&nbsp;not&nbsp;available,74.6
1151118.KB895787_gene1322,KB895787_gene1322,annotation&nbsp;not&nbsp;available,74.5
1151118.KB895783_gene3546,KB895783_gene3546,annotation&nbsp;not&nbsp;available,74.3
1151118.KB895790_gene1146,KB895790_gene1146,annotation&nbsp;not&nbsp;available,74.2
1151118.KB895784_gene3148,KB895784_gene3148,annotation&nbsp;not&nbsp;available,74.2
1151118.KB895783_gene3943,KB895783_gene3943,annotation&nbsp;not&nbsp;available,74.2
1151118.KB895792_gene1930,KB895792_gene1930,annotation&nbsp;not&nbsp;available,74.1
1151118.KB895787_gene1381,KB895787_gene1381,annotation&nbsp;not&nbsp;available,74.1
1151118.KB895784_gene3196,KB895784_gene3196,annotation&nbsp;not&nbsp;available,74.1
1151118.KB895789_gene931,KB895789_gene931,annotation&nbsp;not&nbsp;available,74.1
1151118.KB895785_gene2545,KB895785_gene2545,annotation&nbsp;not&nbsp;available,74.0
1151118.KB895783_gene3938,KB895783_gene3938,annotation&nbsp;not&nbsp;available,74.0
1151118.KB895806_gene713,KB895806_gene713,annotation&nbsp;not&nbsp;available,74.0
1151118.KB895788_gene1496,KB895788_gene1496,annotation&nbsp;not&nbsp;available,74.0
1151118.KB895785_gene2535,KB895785_gene2535,annotation&nbsp;not&nbsp;available,73.9
1151118.KB895783_gene3343,KB895783_gene3343,annotation&nbsp;not&nbsp;available,73.9
1151118.KB895787_gene1178,KB895787_gene1178,annotation&nbsp;not&nbsp;available,73.9
1151118.KB895789_gene982,KB895789_gene982,annotation&nbsp;not&nbsp;available,73.9
1151118.KB895783_gene3621,KB895783_gene3621,annotation&nbsp;not&nbsp;available,73.9
1151118.KB895783_gene3775,KB895783_gene3775,annotation&nbsp;not&nbsp;available,73.8
1151118.KB895783_gene3954,KB895783_gene3954,annotation&nbsp;not&nbsp;available,73.8
1151118.KB895783_gene4119,KB895783_gene4119,annotation&nbsp;not&nbsp;available,73.8
1151118.KB895783_gene3673,KB895783_gene3673,annotation&nbsp;not&nbsp;available,73.7
1151118.KB895792_gene2030,KB895792_gene2030,annotation&nbsp;not&nbsp;available,73.7
1151118.KB895783_gene3758,KB895783_gene3758,annotation&nbsp;not&nbsp;available,73.7
1151118.KB895783_gene3414,KB895783_gene3414,annotation&nbsp;not&nbsp;available,73.5
1151118.KB895799_gene620,KB895799_gene620,annotation&nbsp;not&nbsp;available,73.5
1151118.KB895784_gene3274,KB895784_gene3274,annotation&nbsp;not&nbsp;available,73.5
1151118.KB895787_gene1374,KB895787_gene1374,annotation&nbsp;not&nbsp;available,73.5
1151118.KB895786_gene2389,KB895786_gene2389,annotation&nbsp;not&nbsp;available,73.5
1151118.KB895796_gene279,KB895796_gene279,annotation&nbsp;not&nbsp;available,73.5
1151118.KB895790_gene1056,KB895790_gene1056,annotation&nbsp;not&nbsp;available,73.5
1151118.KB895784_gene3017,KB895784_gene3017,annotation&nbsp;not&nbsp;available,73.3
1151118.KB895784_gene3171,KB895784_gene3171,annotation&nbsp;not&nbsp;available,73.3
1151118.KB895787_gene1352,KB895787_gene1352,annotation&nbsp;not&nbsp;available,73.3
1151118.KB895786_gene2343,KB895786_gene2343,annotation&nbsp;not&nbsp;available,73.2
1151118.KB895784_gene3186,KB895784_gene3186,annotation&nbsp;not&nbsp;available,73.1
1151118.KB895783_gene3634,KB895783_gene3634,annotation&nbsp;not&nbsp;available,73.1
1151118.KB895783_gene3751,KB895783_gene3751,annotation&nbsp;not&nbsp;available,73.0
1151118.KB895783_gene4187,KB895783_gene4187,annotation&nbsp;not&nbsp;available,73.0
1151118.KB895798_gene501,KB895798_gene501,annotation&nbsp;not&nbsp;available,73.0
1151118.KB895783_gene3982,KB895783_gene3982,annotation&nbsp;not&nbsp;available,73.0
1151118.KB895783_gene3978,KB895783_gene3978,annotation&nbsp;not&nbsp;available,72.9
1151118.KB895797_gene778,KB895797_gene778,annotation&nbsp;not&nbsp;available,72.9
1151118.KB895783_gene3557,KB895783_gene3557,annotation&nbsp;not&nbsp;available,72.8
1151118.KB895785_gene2674,KB895785_gene2674,annotation&nbsp;not&nbsp;available,72.8
1151118.KB895787_gene1252,KB895787_gene1252,annotation&nbsp;not&nbsp;available,72.8
1151118.KB895796_gene257,KB895796_gene257,annotation&nbsp;not&nbsp;available,72.7
1151118.KB895788_gene1545,KB895788_gene1545,annotation&nbsp;not&nbsp;available,72.6
1151118.KB895803_gene117,KB895803_gene117,annotation&nbsp;not&nbsp;available,72.6
1151118.KB895790_gene1019,KB895790_gene1019,annotation&nbsp;not&nbsp;available,72.6
1151118.KB895791_gene1896,KB895791_gene1896,annotation&nbsp;not&nbsp;available,72.5
1151118.KB895789_gene942,KB895789_gene942,annotation&nbsp;not&nbsp;available,72.5
1151118.KB895783_gene3891,KB895783_gene3891,annotation&nbsp;not&nbsp;available,72.4
1151118.KB895788_gene1444,KB895788_gene1444,annotation&nbsp;not&nbsp;available,72.3
1151118.KB895792_gene2012,KB895792_gene2012,annotation&nbsp;not&nbsp;available,72.3
1151118.KB895790_gene1121,KB895790_gene1121,annotation&nbsp;not&nbsp;available,72.2
1151118.KB895791_gene1793,KB895791_gene1793,annotation&nbsp;not&nbsp;available,72.2
1151118.KB895794_gene1707,KB895794_gene1707,annotation&nbsp;not&nbsp;available,72.2
1151118.KB895785_gene2742,KB895785_gene2742,annotation&nbsp;not&nbsp;available,72.0
1151118.KB895784_gene3067,KB895784_gene3067,annotation&nbsp;not&nbsp;available,72.0
1151118.KB895784_gene3194,KB895784_gene3194,annotation&nbsp;not&nbsp;available,71.9
1151118.KB895792_gene1994,KB895792_gene1994,annotation&nbsp;not&nbsp;available,71.9
1151118.KB895786_gene2407,KB895786_gene2407,annotation&nbsp;not&nbsp;available,71.8
1151118.KB895807_gene2052,KB895807_gene2052,annotation&nbsp;not&nbsp;available,71.8
1151118.KB895783_gene4033,KB895783_gene4033,annotation&nbsp;not&nbsp;available,71.8
1151118.KB895783_gene3469,KB895783_gene3469,annotation&nbsp;not&nbsp;available,71.8
1151118.KB895785_gene2624,KB895785_gene2624,annotation&nbsp;not&nbsp;available,71.7
1151118.KB895783_gene3962,KB895783_gene3962,annotation&nbsp;not&nbsp;available,71.7
1151118.KB895788_gene1467,KB895788_gene1467,annotation&nbsp;not&nbsp;available,71.7
1151118.KB895783_gene3431,KB895783_gene3431,annotation&nbsp;not&nbsp;available,71.7
1151118.KB895802_gene638,KB895802_gene638,annotation&nbsp;not&nbsp;available,71.7
1151118.KB895797_gene821,KB895797_gene821,annotation&nbsp;not&nbsp;available,71.7
1151118.KB895795_gene371,KB895795_gene371,annotation&nbsp;not&nbsp;available,71.6
1151118.KB895792_gene1982,KB895792_gene1982,annotation&nbsp;not&nbsp;available,71.6
1151118.KB895797_gene817,KB895797_gene817,annotation&nbsp;not&nbsp;available,71.6
1151118.KB895787_gene1240,KB895787_gene1240,annotation&nbsp;not&nbsp;available,71.6
1151118.KB895808_gene2084,KB895808_gene2084,annotation&nbsp;not&nbsp;available,71.5
1151118.KB895783_gene4152,KB895783_gene4152,annotation&nbsp;not&nbsp;available,71.4
1151118.KB895784_gene3068,KB895784_gene3068,annotation&nbsp;not&nbsp;available,71.4
1151118.KB895789_gene895,KB895789_gene895,annotation&nbsp;not&nbsp;available,71.4
1151118.KB895785_gene2590,KB895785_gene2590,annotation&nbsp;not&nbsp;available,71.4
1151118.KB895785_gene2649,KB895785_gene2649,annotation&nbsp;not&nbsp;available,71.4
1151118.KB895793_gene1596,KB895793_gene1596,annotation&nbsp;not&nbsp;available,71.4
1151118.KB895784_gene3189,KB895784_gene3189,annotation&nbsp;not&nbsp;available,71.4
1151118.KB895786_gene2270,KB895786_gene2270,annotation&nbsp;not&nbsp;available,71.3
1151118.KB895783_gene4059,KB895783_gene4059,annotation&nbsp;not&nbsp;available,71.3
1151118.KB895788_gene1579,KB895788_gene1579,annotation&nbsp;not&nbsp;available,71.3
1151118.KB895785_gene2718,KB895785_gene2718,annotation&nbsp;not&nbsp;available,71.2
1151118.KB895809_gene2135,KB895809_gene2135,annotation&nbsp;not&nbsp;available,71.2
1151118.KB895784_gene3155,KB895784_gene3155,annotation&nbsp;not&nbsp;available,71.1
1151118.KB895783_gene3836,KB895783_gene3836,annotation&nbsp;not&nbsp;available,71.1
1151118.KB895783_gene3453,KB895783_gene3453,annotation&nbsp;not&nbsp;available,71.1
1151118.KB895783_gene3794,KB895783_gene3794,annotation&nbsp;not&nbsp;available,71.1
1151118.KB895783_gene3703,KB895783_gene3703,annotation&nbsp;not&nbsp;available,71.0
1151118.KB895785_gene2581,KB895785_gene2581,annotation&nbsp;not&nbsp;available,71.0
1151118.KB895792_gene2032,KB895792_gene2032,annotation&nbsp;not&nbsp;available,71.0
1151118.KB895795_gene444,KB895795_gene444,annotation&nbsp;not&nbsp;available,70.9
1151118.KB895791_gene1787,KB895791_gene1787,annotation&nbsp;not&nbsp;available,70.9
1151118.KB895783_gene3868,KB895783_gene3868,annotation&nbsp;not&nbsp;available,70.8
1151118.KB895785_gene2719,KB895785_gene2719,annotation&nbsp;not&nbsp;available,70.8
1151118.KB895783_gene3743,KB895783_gene3743,annotation&nbsp;not&nbsp;available,70.8
1151118.KB895785_gene2628,KB895785_gene2628,annotation&nbsp;not&nbsp;available,70.7
1151118.KB895783_gene3958,KB895783_gene3958,annotation&nbsp;not&nbsp;available,70.7
1151118.KB895786_gene2289,KB895786_gene2289,annotation&nbsp;not&nbsp;available,70.7
1151118.KB895792_gene2026,KB895792_gene2026,annotation&nbsp;not&nbsp;available,70.7
1151118.KB895783_gene3376,KB895783_gene3376,annotation&nbsp;not&nbsp;available,70.6
1151118.KB895783_gene3916,KB895783_gene3916,annotation&nbsp;not&nbsp;available,70.5
1151118.KB895793_gene1604,KB895793_gene1604,annotation&nbsp;not&nbsp;available,70.5
1151118.KB895797_gene809,KB895797_gene809,annotation&nbsp;not&nbsp;available,70.5
1151118.KB895807_gene2068,KB895807_gene2068,annotation&nbsp;not&nbsp;available,70.4
1151118.KB895783_gene3738,KB895783_gene3738,annotation&nbsp;not&nbsp;available,70.4
1151118.KB895785_gene2717,KB895785_gene2717,annotation&nbsp;not&nbsp;available,70.3
1151118.KB895783_gene3391,KB895783_gene3391,annotation&nbsp;not&nbsp;available,70.3
1151118.KB895783_gene4067,KB895783_gene4067,annotation&nbsp;not&nbsp;available,70.3
1151118.KB895783_gene3331,KB895783_gene3331,annotation&nbsp;not&nbsp;available,70.3
1151118.KB895792_gene1929,KB895792_gene1929,annotation&nbsp;not&nbsp;available,70.2
1151118.KB895806_gene716,KB895806_gene716,annotation&nbsp;not&nbsp;available,70.2
1151118.KB895784_gene3086,KB895784_gene3086,annotation&nbsp;not&nbsp;available,70.2
1151118.KB895785_gene2716,KB895785_gene2716,annotation&nbsp;not&nbsp;available,70.2
1151118.KB895803_gene129,KB895803_gene129,annotation&nbsp;not&nbsp;available,70.1
1151118.KB895797_gene755,KB895797_gene755,annotation&nbsp;not&nbsp;available,70.1
1151118.KB895789_gene985,KB895789_gene985,annotation&nbsp;not&nbsp;available,70.1
1151118.KB895783_gene3497,KB895783_gene3497,annotation&nbsp;not&nbsp;available,70.1
