595593.JREV01000045_gene879,rpsQ,30S&nbsp;ribosomal&nbsp;protein&nbsp;S17,98.9
595593.JREV01000059_gene2425,MB46_19695,annotation&nbsp;not&nbsp;available,98.8
595593.JREV01000062_gene2278,MB46_14870,annotation&nbsp;not&nbsp;available,98.5
595593.JREV01000022_gene1705,ctaB,Protoheme&nbsp;IX&nbsp;farnesyltransferase,98.5
595593.JREV01000033_gene3381,MB46_18090,annotation&nbsp;not&nbsp;available,98.3
595593.JREV01000052_gene2168,gatB,Aspartyl/glutamyl-tRNA(Asn/Gln)&nbsp;amidotransferase&nbsp;subunit&nbsp;B,98.3
595593.JREV01000010_gene2720,MB46_08240,Undecaprenyl-PP-MurNAc-pentapeptide-UDPGlcNAc&nbsp;GlcNAc&nbsp;transferase,98.1
595593.JREV01000046_gene627,MB46_01270,annotation&nbsp;not&nbsp;available,97.9
595593.JREV01000054_gene2419,guaA,GMP&nbsp;synthase&nbsp;[glutamine-hydrolyzing],97.9
595593.JREV01000067_gene1907,MB46_15390,annotation&nbsp;not&nbsp;available,97.9
595593.JREV01000045_gene854,rplA,50S&nbsp;ribosomal&nbsp;protein&nbsp;L1,97.8
595593.JREV01000064_gene203,MB46_10470,annotation&nbsp;not&nbsp;available,97.7
595593.JREV01000045_gene721,MB46_14180,annotation&nbsp;not&nbsp;available,97.7
595593.JREV01000040_gene3902,MB46_14695,annotation&nbsp;not&nbsp;available,97.7
595593.JREV01000022_gene1507,MB46_04100,annotation&nbsp;not&nbsp;available,97.6
595593.JREV01000042_gene3953,MB46_08305,annotation&nbsp;not&nbsp;available,97.5
595593.JREV01000010_gene2745,glsA,annotation&nbsp;not&nbsp;available,97.1
595593.JREV01000067_gene1875,MB46_15550,annotation&nbsp;not&nbsp;available,97.0
595593.JREV01000062_gene2279,purS,Phosphoribosylformylglycinamidine&nbsp;synthase&nbsp;subunit&nbsp;PurS,96.9
595593.JREV01000022_gene1712,MB46_05145,annotation&nbsp;not&nbsp;available,96.9
595593.JREV01000038_gene3717,MB46_11970,annotation&nbsp;not&nbsp;available,96.9
595593.JREV01000040_gene3934,MB46_14530,annotation&nbsp;not&nbsp;available,96.8
595593.JREV01000021_gene1748,MB46_10550,annotation&nbsp;not&nbsp;available,96.8
595593.JREV01000064_gene87,MB46_09880,annotation&nbsp;not&nbsp;available,96.7
595593.JREV01000041_gene275,MB46_11395,dTDP-4-dehydrorhamnose&nbsp;reductase,96.7
595593.JREV01000035_gene3421,rplU,50S&nbsp;ribosomal&nbsp;protein&nbsp;L21,96.7
595593.JREV01000062_gene2280,purQ,Phosphoribosylformylglycinamidine&nbsp;synthase&nbsp;subunit&nbsp;PurQ,96.7
595593.JREV01000067_gene1985,MB46_14975,annotation&nbsp;not&nbsp;available,96.7
595593.JREV01000061_gene1132,MB46_03855,annotation&nbsp;not&nbsp;available,96.6
595593.JREV01000045_gene920,MB46_13190,annotation&nbsp;not&nbsp;available,96.6
595593.JREV01000008_gene2779,MB46_07790,annotation&nbsp;not&nbsp;available,96.5
595593.JREV01000019_gene3106,MB46_07255,annotation&nbsp;not&nbsp;available,96.5
595593.JREV01000045_gene866,tuf,Elongation&nbsp;factor&nbsp;Tu,96.5
595593.JREV01000046_gene649,MB46_01380,annotation&nbsp;not&nbsp;available,96.4
595593.JREV01000045_gene962,MB46_12980,annotation&nbsp;not&nbsp;available,96.4
595593.JREV01000064_gene127,MB46_10090,annotation&nbsp;not&nbsp;available,96.1
595593.JREV01000008_gene2792,ribA,GTP&nbsp;cyclohydrolase-2,96.1
595593.JREV01000008_gene2796,hisF,Imidazole&nbsp;glycerol&nbsp;phosphate&nbsp;synthase&nbsp;subunit&nbsp;HisF,96.1
595593.JREV01000039_gene3857,MB46_16415,annotation&nbsp;not&nbsp;available,96.1
595593.JREV01000042_gene3957,MB46_08325,annotation&nbsp;not&nbsp;available,96.1
595593.JREV01000051_gene2134,MB46_07985,annotation&nbsp;not&nbsp;available,96.0
595593.JREV01000024_gene1404,MB46_09365,annotation&nbsp;not&nbsp;available,96.0
595593.JREV01000039_gene3801,MB46_16690,annotation&nbsp;not&nbsp;available,95.9
595593.JREV01000040_gene3947,MB46_14465,annotation&nbsp;not&nbsp;available,95.8
595593.JREV01000042_gene3990,pyrB,annotation&nbsp;not&nbsp;available,95.7
595593.JREV01000055_gene2238,MB46_12300,annotation&nbsp;not&nbsp;available,95.7
595593.JREV01000046_gene606,MB46_01165,annotation&nbsp;not&nbsp;available,95.7
595593.JREV01000067_gene1931,MB46_15265,annotation&nbsp;not&nbsp;available,95.6
595593.JREV01000039_gene3771,rpsN,30S&nbsp;ribosomal&nbsp;protein&nbsp;S14,95.6
595593.JREV01000022_gene1577,cmk,annotation&nbsp;not&nbsp;available,95.4
595593.JREV01000039_gene3879,rpsR,30S&nbsp;ribosomal&nbsp;protein&nbsp;S18,95.3
595593.JREV01000045_gene895,MB46_13310,annotation&nbsp;not&nbsp;available,95.3
595593.JREV01000005_gene2929,MB46_06075,annotation&nbsp;not&nbsp;available,95.3
595593.JREV01000064_gene63,rpmF,annotation&nbsp;not&nbsp;available,95.3
595593.JREV01000005_gene2922,MB46_06110,annotation&nbsp;not&nbsp;available,95.2
595593.JREV01000067_gene1921,pstB,Phosphate&nbsp;import&nbsp;ATP-binding&nbsp;protein&nbsp;PstB,95.2
595593.JREV01000062_gene2276,MB46_14860,annotation&nbsp;not&nbsp;available,95.1
595593.JREV01000064_gene32,MB46_09620,Glucose-6-phosphate&nbsp;1-dehydrogenase,94.9
595593.JREV01000022_gene1729,MB46_05230,annotation&nbsp;not&nbsp;available,94.8
595593.JREV01000040_gene3933,MB46_14535,annotation&nbsp;not&nbsp;available,94.8
595593.JREV01000031_gene3227,MB46_01495,annotation&nbsp;not&nbsp;available,94.8
595593.JREV01000022_gene1501,pheT,annotation&nbsp;not&nbsp;available,94.6
595593.JREV01000042_gene4012,MB46_08605,annotation&nbsp;not&nbsp;available,94.6
595593.JREV01000010_gene2731,MB46_08185,annotation&nbsp;not&nbsp;available,94.6
595593.JREV01000045_gene862,rpoC,DNA-directed&nbsp;RNA&nbsp;polymerase&nbsp;subunit&nbsp;beta',94.5
595593.JREV01000060_gene2550,MB46_00040,annotation&nbsp;not&nbsp;available,94.5
595593.JREV01000045_gene853,rplK,50S&nbsp;ribosomal&nbsp;protein&nbsp;L11,94.0
595593.JREV01000061_gene1111,infB,Translation&nbsp;initiation&nbsp;factor&nbsp;IF-2,93.9
595593.JREV01000067_gene1903,MB46_15410,annotation&nbsp;not&nbsp;available,93.8
595593.JREV01000022_gene1553,MB46_04345,annotation&nbsp;not&nbsp;available,93.6
595593.JREV01000045_gene860,MB46_13485,annotation&nbsp;not&nbsp;available,93.6
595593.JREV01000021_gene1761,MB46_10615,annotation&nbsp;not&nbsp;available,93.2
595593.JREV01000021_gene1846,MB46_11045,annotation&nbsp;not&nbsp;available,93.1
595593.JREV01000021_gene1747,phnC,Phosphonates&nbsp;import&nbsp;ATP-binding&nbsp;protein&nbsp;PhnC,93.1
595593.JREV01000064_gene97,murA,UDP-N-acetylglucosamine&nbsp;1-carboxyvinyltransferase,93.0
595593.JREV01000069_gene227,MB46_19010,annotation&nbsp;not&nbsp;available,92.9
595593.JREV01000005_gene2956,MB46_06020,annotation&nbsp;not&nbsp;available,92.9
595593.JREV01000054_gene2401,MB46_12870,annotation&nbsp;not&nbsp;available,92.9
595593.JREV01000011_gene1998,MB46_16980,annotation&nbsp;not&nbsp;available,92.8
595593.JREV01000032_gene3261,MB46_06545,annotation&nbsp;not&nbsp;available,92.7
595593.JREV01000033_gene3345,MB46_18265,annotation&nbsp;not&nbsp;available,92.7
595593.JREV01000054_gene2393,MB46_12835,annotation&nbsp;not&nbsp;available,92.6
595593.JREV01000022_gene1644,MB46_04805,annotation&nbsp;not&nbsp;available,92.5
595593.JREV01000006_gene2875,MB46_01920,annotation&nbsp;not&nbsp;available,92.2
595593.JREV01000060_gene2510,MB46_00235,annotation&nbsp;not&nbsp;available,92.2
595593.JREV01000044_gene360,MB46_05320,annotation&nbsp;not&nbsp;available,92.0
595593.JREV01000007_gene2829,rpsB,annotation&nbsp;not&nbsp;available,92.0
595593.JREV01000038_gene3738,MB46_12075,Methionine&nbsp;import&nbsp;ATP-binding&nbsp;protein&nbsp;MetN,91.9
595593.JREV01000064_gene89,MB46_09890,annotation&nbsp;not&nbsp;available,91.9
595593.JREV01000024_gene1459,MB46_09100,annotation&nbsp;not&nbsp;available,91.8
595593.JREV01000032_gene3272,cpdA,"3',5'-cyclic&nbsp;adenosine&nbsp;monophosphate&nbsp;phosphodiesterase&nbsp;CpdA",91.7
595593.JREV01000042_gene4024,MB46_08660,annotation&nbsp;not&nbsp;available,91.3
595593.JREV01000032_gene3264,MB46_06560,annotation&nbsp;not&nbsp;available,91.3
595593.JREV01000007_gene2831,MB46_03480,annotation&nbsp;not&nbsp;available,91.2
595593.JREV01000033_gene3380,MB46_18095,annotation&nbsp;not&nbsp;available,91.2
595593.JREV01000035_gene3422,rpmA,annotation&nbsp;not&nbsp;available,91.1
595593.JREV01000045_gene875,rplV,50S&nbsp;ribosomal&nbsp;protein&nbsp;L22,91.1
595593.JREV01000022_gene1490,rplT,50S&nbsp;ribosomal&nbsp;protein&nbsp;L20,91.1
595593.JREV01000052_gene2173,MB46_03075,annotation&nbsp;not&nbsp;available,91.1
595593.JREV01000005_gene2917,MB46_06135,annotation&nbsp;not&nbsp;available,91.0
595593.JREV01000045_gene760,MB46_13980,annotation&nbsp;not&nbsp;available,91.0
595593.JREV01000024_gene1399,MB46_09390,annotation&nbsp;not&nbsp;available,90.9
595593.JREV01000067_gene1968,MB46_15065,annotation&nbsp;not&nbsp;available,90.9
595593.JREV01000022_gene1718,MB46_05175,annotation&nbsp;not&nbsp;available,90.8
595593.JREV01000045_gene900,rpoA,DNA-directed&nbsp;RNA&nbsp;polymerase&nbsp;subunit&nbsp;alpha,90.8
595593.JREV01000052_gene2157,MB46_02990,annotation&nbsp;not&nbsp;available,90.8
595593.JREV01000045_gene932,MB46_13130,annotation&nbsp;not&nbsp;available,90.8
595593.JREV01000060_gene2478,MB46_00395,annotation&nbsp;not&nbsp;available,90.7
595593.JREV01000002_gene2594,MB46_19090,annotation&nbsp;not&nbsp;available,90.6
595593.JREV01000055_gene2248,MB46_12250,Serine&nbsp;hydroxymethyltransferase,90.6
595593.JREV01000021_gene1764,MB46_10630,annotation&nbsp;not&nbsp;available,90.6
595593.JREV01000001_gene2658,MB46_15940,annotation&nbsp;not&nbsp;available,90.6
595593.JREV01000021_gene1768,MB46_10650,annotation&nbsp;not&nbsp;available,90.6
595593.JREV01000019_gene3137,MB46_07090,annotation&nbsp;not&nbsp;available,90.4
595593.JREV01000061_gene1117,truB,tRNA&nbsp;pseudouridine&nbsp;synthase&nbsp;B,90.4
595593.JREV01000045_gene864,rpsG,30S&nbsp;ribosomal&nbsp;protein&nbsp;S7,90.4
595593.JREV01000038_gene3696,MB46_11865,annotation&nbsp;not&nbsp;available,90.3
595593.JREV01000045_gene876,rpsC,30S&nbsp;ribosomal&nbsp;protein&nbsp;S3,90.3
595593.JREV01000007_gene2826,frr,Ribosome-recycling&nbsp;factor,90.3
595593.JREV01000032_gene3239,MB46_06435,annotation&nbsp;not&nbsp;available,90.3
595593.JREV01000045_gene684,MB46_14360,annotation&nbsp;not&nbsp;available,90.3
595593.JREV01000054_gene2312,MB46_12430,annotation&nbsp;not&nbsp;available,90.2
595593.JREV01000049_gene1213,MB46_02885,annotation&nbsp;not&nbsp;available,90.0
595593.JREV01000037_gene3630,MB46_02205,annotation&nbsp;not&nbsp;available,89.9
595593.JREV01000002_gene2595,MB46_19095,annotation&nbsp;not&nbsp;available,89.9
595593.JREV01000038_gene3694,MB46_11850,annotation&nbsp;not&nbsp;available,89.9
595593.JREV01000021_gene1755,MB46_10585,annotation&nbsp;not&nbsp;available,89.9
595593.JREV01000031_gene3180,MB46_01730,annotation&nbsp;not&nbsp;available,89.8
595593.JREV01000019_gene3135,MB46_07100,annotation&nbsp;not&nbsp;available,89.8
595593.JREV01000054_gene2315,MB46_12445,annotation&nbsp;not&nbsp;available,89.8
595593.JREV01000046_gene537,MB46_00825,annotation&nbsp;not&nbsp;available,89.8
595593.JREV01000054_gene2413,MB46_12935,annotation&nbsp;not&nbsp;available,89.7
595593.JREV01000046_gene524,MB46_00765,annotation&nbsp;not&nbsp;available,89.7
595593.JREV01000042_gene3962,MB46_08350,annotation&nbsp;not&nbsp;available,89.7
595593.JREV01000006_gene2869,MB46_01890,annotation&nbsp;not&nbsp;available,89.5
595593.JREV01000049_gene1187,MB46_02755,annotation&nbsp;not&nbsp;available,89.5
595593.JREV01000067_gene1918,MB46_15335,Phosphate-binding&nbsp;protein&nbsp;PstS,89.4
595593.JREV01000042_gene4021,MB46_08645,GTP&nbsp;pyrophosphokinase,89.4
595593.JREV01000022_gene1735,MB46_05260,annotation&nbsp;not&nbsp;available,89.4
595593.JREV01000037_gene3627,MB46_02220,annotation&nbsp;not&nbsp;available,89.3
595593.JREV01000038_gene3737,MB46_12070,annotation&nbsp;not&nbsp;available,89.3
595593.JREV01000064_gene99,leuC,3-isopropylmalate&nbsp;dehydratase&nbsp;large&nbsp;subunit,89.3
595593.JREV01000051_gene2147,MB46_08050,annotation&nbsp;not&nbsp;available,89.3
595593.JREV01000039_gene3847,MB46_16465,annotation&nbsp;not&nbsp;available,89.2
595593.JREV01000032_gene3263,MB46_06555,annotation&nbsp;not&nbsp;available,89.2
595593.JREV01000031_gene3220,MB46_01530,annotation&nbsp;not&nbsp;available,89.2
595593.JREV01000048_gene1018,purC,annotation&nbsp;not&nbsp;available,89.0
595593.JREV01000045_gene961,MB46_12985,annotation&nbsp;not&nbsp;available,88.9
595593.JREV01000037_gene3671,eno,Enolase,88.8
595593.JREV01000067_gene1938,MB46_15230,annotation&nbsp;not&nbsp;available,88.8
595593.JREV01000039_gene3794,MB46_16725,annotation&nbsp;not&nbsp;available,88.7
595593.JREV01000060_gene2472,MB46_00425,annotation&nbsp;not&nbsp;available,88.6
595593.JREV01000042_gene4022,secF,Protein-export&nbsp;membrane&nbsp;protein&nbsp;SecF,88.6
595593.JREV01000030_gene1269,MB46_18410,annotation&nbsp;not&nbsp;available,88.5
595593.JREV01000031_gene3176,MB46_01750,annotation&nbsp;not&nbsp;available,88.5
595593.JREV01000021_gene1845,MB46_11040,annotation&nbsp;not&nbsp;available,88.5
595593.JREV01000041_gene289,MB46_11470,annotation&nbsp;not&nbsp;available,88.5
595593.JREV01000022_gene1489,rpmI,annotation&nbsp;not&nbsp;available,88.5
595593.JREV01000021_gene1829,argS,annotation&nbsp;not&nbsp;available,88.4
595593.JREV01000006_gene2877,MB46_01930,annotation&nbsp;not&nbsp;available,88.4
595593.JREV01000054_gene2334,MB46_12540,annotation&nbsp;not&nbsp;available,88.3
595593.JREV01000064_gene98,leuD,3-isopropylmalate&nbsp;dehydratase&nbsp;small&nbsp;subunit,88.3
595593.JREV01000005_gene2993,ureE,Urease&nbsp;accessory&nbsp;protein&nbsp;UreE,88.3
595593.JREV01000022_gene1633,MB46_04750,annotation&nbsp;not&nbsp;available,88.2
595593.JREV01000033_gene3379,MB46_18100,Undecaprenyl-PP-MurNAc-pentapeptide-UDPGlcNAc&nbsp;GlcNAc&nbsp;transferase,88.1
595593.JREV01000054_gene2328,MB46_12510,annotation&nbsp;not&nbsp;available,88.1
595593.JREV01000067_gene1899,rihB,annotation&nbsp;not&nbsp;available,87.9
595593.JREV01000062_gene2281,purL,Phosphoribosylformylglycinamidine&nbsp;synthase&nbsp;subunit&nbsp;PurL,87.7
595593.JREV01000005_gene3002,MB46_05800,annotation&nbsp;not&nbsp;available,87.7
595593.JREV01000006_gene2858,MB46_01835,Formyltetrahydrofolate&nbsp;deformylase,87.6
595593.JREV01000042_gene3970,MB46_08390,Glycine&nbsp;cleavage&nbsp;system&nbsp;H&nbsp;protein,87.6
595593.JREV01000024_gene1389,MB46_09440,annotation&nbsp;not&nbsp;available,87.4
595593.JREV01000043_gene469,upp,Uracil&nbsp;phosphoribosyltransferase,87.3
595593.JREV01000052_gene2171,MB46_03065,annotation&nbsp;not&nbsp;available,87.2
595593.JREV01000022_gene1544,MB46_04300,annotation&nbsp;not&nbsp;available,87.2
595593.JREV01000037_gene3625,JREV01000037_gene3625,annotation&nbsp;not&nbsp;available,87.1
595593.JREV01000021_gene1813,atpB,ATP&nbsp;synthase&nbsp;subunit&nbsp;a,87.1
595593.JREV01000045_gene781,MB46_13880,annotation&nbsp;not&nbsp;available,87.1
595593.JREV01000060_gene2546,MB46_00060,annotation&nbsp;not&nbsp;available,87.1
595593.JREV01000061_gene1127,MB46_03830,annotation&nbsp;not&nbsp;available,87.1
595593.JREV01000042_gene4035,MB46_08715,annotation&nbsp;not&nbsp;available,87.0
595593.JREV01000030_gene1266,ppc,Phosphoenolpyruvate&nbsp;carboxylase,87.0
595593.JREV01000045_gene929,MB46_13145,annotation&nbsp;not&nbsp;available,86.9
595593.JREV01000054_gene2403,MB46_12880,annotation&nbsp;not&nbsp;available,86.9
595593.JREV01000032_gene3255,MB46_06515,annotation&nbsp;not&nbsp;available,86.8
595593.JREV01000045_gene845,pfkA,ATP-dependent&nbsp;6-phosphofructokinase,86.8
595593.JREV01000001_gene2604,MB46_16215,annotation&nbsp;not&nbsp;available,86.7
595593.JREV01000022_gene1517,argD,annotation&nbsp;not&nbsp;available,86.5
595593.JREV01000022_gene1551,MB46_04335,annotation&nbsp;not&nbsp;available,86.5
595593.JREV01000049_gene1208,MB46_02860,annotation&nbsp;not&nbsp;available,86.4
595593.JREV01000052_gene2185,MB46_03135,annotation&nbsp;not&nbsp;available,86.3
595593.JREV01000045_gene872,rplW,50S&nbsp;ribosomal&nbsp;protein&nbsp;L23,86.3
595593.JREV01000022_gene1504,MB46_04085,annotation&nbsp;not&nbsp;available,86.3
595593.JREV01000001_gene2657,MB46_15945,annotation&nbsp;not&nbsp;available,86.2
595593.JREV01000060_gene2479,MB46_00390,annotation&nbsp;not&nbsp;available,86.0
595593.JREV01000010_gene2736,MB46_08160,annotation&nbsp;not&nbsp;available,86.0
595593.JREV01000039_gene3876,MB46_16320,Replicative&nbsp;DNA&nbsp;helicase,85.9
595593.JREV01000046_gene625,MB46_01260,annotation&nbsp;not&nbsp;available,85.8
595593.JREV01000043_gene447,manB,annotation&nbsp;not&nbsp;available,85.7
595593.JREV01000031_gene3208,purN,Phosphoribosylglycinamide&nbsp;formyltransferase,85.7
595593.JREV01000064_gene86,MB46_09875,annotation&nbsp;not&nbsp;available,85.7
595593.JREV01000048_gene1031,MB46_17215,Demethylmenaquinone&nbsp;methyltransferase,85.7
595593.JREV01000043_gene437,MB46_18875,annotation&nbsp;not&nbsp;available,85.6
595593.JREV01000029_gene1291,JREV01000029_gene1291,annotation&nbsp;not&nbsp;available,85.6
595593.JREV01000022_gene1512,JREV01000022_gene1512,annotation&nbsp;not&nbsp;available,85.4
595593.JREV01000042_gene3982,rpoZ,DNA-directed&nbsp;RNA&nbsp;polymerase&nbsp;subunit&nbsp;omega,85.3
595593.JREV01000054_gene2360,xseB,Exodeoxyribonuclease&nbsp;7&nbsp;small&nbsp;subunit,85.3
595593.JREV01000041_gene344,MB46_11745,Dihydropteroate&nbsp;synthase,85.2
595593.JREV01000005_gene2991,ureB,annotation&nbsp;not&nbsp;available,85.1
595593.JREV01000060_gene2473,MB46_00420,annotation&nbsp;not&nbsp;available,85.0
595593.JREV01000064_gene82,MB46_09855,annotation&nbsp;not&nbsp;available,84.9
595593.JREV01000045_gene921,MB46_13185,annotation&nbsp;not&nbsp;available,84.9
595593.JREV01000039_gene3777,MB46_16810,annotation&nbsp;not&nbsp;available,84.9
595593.JREV01000029_gene1288,JREV01000029_gene1288,annotation&nbsp;not&nbsp;available,84.8
595593.JREV01000021_gene1823,prfA,Peptide&nbsp;chain&nbsp;release&nbsp;factor&nbsp;1,84.7
595593.JREV01000008_gene2799,trpE,Anthranilate&nbsp;synthase&nbsp;component&nbsp;1,84.7
595593.JREV01000042_gene4007,MB46_08580,annotation&nbsp;not&nbsp;available,84.7
595593.JREV01000043_gene417,fbpC,Fe(3+)&nbsp;ions&nbsp;import&nbsp;ATP-binding&nbsp;protein&nbsp;FbpC,84.5
595593.JREV01000005_gene2902,MB46_06210,annotation&nbsp;not&nbsp;available,84.5
595593.JREV01000045_gene677,MB46_14395,annotation&nbsp;not&nbsp;available,84.5
595593.JREV01000042_gene3991,pyrR,Bifunctional&nbsp;protein&nbsp;PyrR,84.5
595593.JREV01000051_gene2146,MB46_08045,Probable&nbsp;cytosol&nbsp;aminopeptidase,84.4
595593.JREV01000031_gene3174,MB46_01760,annotation&nbsp;not&nbsp;available,84.4
595593.JREV01000054_gene2333,MB46_12535,annotation&nbsp;not&nbsp;available,84.2
595593.JREV01000052_gene2167,gatA,Glutamyl-tRNA(Gln)&nbsp;amidotransferase&nbsp;subunit&nbsp;A,84.2
595593.JREV01000039_gene3851,MB46_16445,annotation&nbsp;not&nbsp;available,83.9
595593.JREV01000008_gene2804,trpA,Tryptophan&nbsp;synthase&nbsp;alpha&nbsp;chain,83.9
595593.JREV01000022_gene1698,MB46_05075,annotation&nbsp;not&nbsp;available,83.8
595593.JREV01000060_gene2541,MB46_00085,Trehalose&nbsp;6-phosphate&nbsp;phosphatase,83.7
595593.JREV01000062_gene2273,MB46_14845,annotation&nbsp;not&nbsp;available,83.7
595593.JREV01000061_gene1137,MB46_03880,Ribonuclease&nbsp;J,83.7
595593.JREV01000001_gene2682,MB46_15820,annotation&nbsp;not&nbsp;available,83.6
595593.JREV01000046_gene573,MB46_01005,annotation&nbsp;not&nbsp;available,83.6
595593.JREV01000039_gene3824,MB46_16575,annotation&nbsp;not&nbsp;available,83.6
595593.JREV01000032_gene3327,MB46_06890,annotation&nbsp;not&nbsp;available,83.5
595593.JREV01000067_gene1886,MB46_15495,annotation&nbsp;not&nbsp;available,83.5
595593.JREV01000061_gene1075,MB46_03575,annotation&nbsp;not&nbsp;available,83.3
595593.JREV01000012_gene2051,MB46_09560,annotation&nbsp;not&nbsp;available,83.3
595593.JREV01000024_gene1397,MB46_09400,"6-phosphogluconate&nbsp;dehydrogenase,&nbsp;decarboxylating",83.2
595593.JREV01000041_gene342,MB46_11735,annotation&nbsp;not&nbsp;available,83.2
595593.JREV01000021_gene1832,MB46_10975,annotation&nbsp;not&nbsp;available,83.1
595593.JREV01000022_gene1488,infC,Translation&nbsp;initiation&nbsp;factor&nbsp;IF-3,83.1
595593.JREV01000054_gene2402,MB46_12875,annotation&nbsp;not&nbsp;available,83.1
595593.JREV01000067_gene1932,MB46_15260,annotation&nbsp;not&nbsp;available,83.1
595593.JREV01000001_gene2628,MB46_16090,annotation&nbsp;not&nbsp;available,83.0
595593.JREV01000005_gene2889,MB46_06275,annotation&nbsp;not&nbsp;available,83.0
595593.JREV01000042_gene4026,ruvA,Holliday&nbsp;junction&nbsp;ATP-dependent&nbsp;DNA&nbsp;helicase&nbsp;RuvA,82.9
595593.JREV01000037_gene3679,MB46_01965,Cytidine&nbsp;deaminase,82.8
595593.JREV01000039_gene3850,MB46_16450,annotation&nbsp;not&nbsp;available,82.7
595593.JREV01000045_gene873,rplB,50S&nbsp;ribosomal&nbsp;protein&nbsp;L2,82.7
595593.JREV01000039_gene3772,rpmG,annotation&nbsp;not&nbsp;available,82.5
595593.JREV01000022_gene1484,hisA,annotation&nbsp;not&nbsp;available,82.4
595593.JREV01000035_gene3451,MB46_08805,Ribonucleoside-diphosphate&nbsp;reductase,82.3
595593.JREV01000055_gene2243,MB46_12275,Formyltetrahydrofolate&nbsp;deformylase,82.3
595593.JREV01000049_gene1191,MB46_02775,annotation&nbsp;not&nbsp;available,82.3
595593.JREV01000067_gene1920,MB46_15325,annotation&nbsp;not&nbsp;available,82.2
595593.JREV01000022_gene1594,leuS,annotation&nbsp;not&nbsp;available,82.2
595593.JREV01000067_gene1977,MB46_15015,annotation&nbsp;not&nbsp;available,82.2
595593.JREV01000061_gene1124,MB46_03815,annotation&nbsp;not&nbsp;available,82.2
595593.JREV01000061_gene1110,nusA,Transcription&nbsp;termination/antitermination&nbsp;protein&nbsp;NusA,82.2
595593.JREV01000045_gene789,MB46_13840,annotation&nbsp;not&nbsp;available,82.1
595593.JREV01000045_gene773,MB46_13920,annotation&nbsp;not&nbsp;available,82.1
595593.JREV01000038_gene3718,MB46_11975,annotation&nbsp;not&nbsp;available,82.1
595593.JREV01000042_gene3958,MB46_08330,annotation&nbsp;not&nbsp;available,82.0
595593.JREV01000052_gene2156,MB46_02985,annotation&nbsp;not&nbsp;available,81.9
595593.JREV01000022_gene1697,tpiA,Triosephosphate&nbsp;isomerase,81.9
595593.JREV01000046_gene515,MB46_00720,annotation&nbsp;not&nbsp;available,81.7
595593.JREV01000022_gene1733,rpmE2,annotation&nbsp;not&nbsp;available,81.7
595593.JREV01000062_gene2296,MB46_14960,annotation&nbsp;not&nbsp;available,81.6
595593.JREV01000051_gene2135,MB46_07990,annotation&nbsp;not&nbsp;available,81.5
595593.JREV01000048_gene1036,MB46_17190,annotation&nbsp;not&nbsp;available,81.4
595593.JREV01000038_gene3702,MB46_11895,annotation&nbsp;not&nbsp;available,81.3
595593.JREV01000046_gene530,MB46_00790,annotation&nbsp;not&nbsp;available,81.3
595593.JREV01000039_gene3800,MB46_16695,annotation&nbsp;not&nbsp;available,81.3
595593.JREV01000052_gene2159,MB46_03000,annotation&nbsp;not&nbsp;available,81.2
595593.JREV01000045_gene861,rpoB,DNA-directed&nbsp;RNA&nbsp;polymerase&nbsp;subunit&nbsp;beta,81.2
595593.JREV01000040_gene3929,MB46_14555,annotation&nbsp;not&nbsp;available,81.2
595593.JREV01000001_gene2659,MB46_15935,annotation&nbsp;not&nbsp;available,81.2
595593.JREV01000035_gene3408,MB46_09030,annotation&nbsp;not&nbsp;available,81.1
595593.JREV01000008_gene2806,MB46_07620,annotation&nbsp;not&nbsp;available,81.1
595593.JREV01000035_gene3427,nadD,Probable&nbsp;nicotinate-nucleotide&nbsp;adenylyltransferase,81.0
595593.JREV01000021_gene1749,MB46_10555,annotation&nbsp;not&nbsp;available,80.8
595593.JREV01000045_gene951,MB46_13035,60&nbsp;kDa&nbsp;chaperonin,80.7
595593.JREV01000049_gene1201,MB46_02825,annotation&nbsp;not&nbsp;available,80.6
595593.JREV01000045_gene720,MB46_14185,annotation&nbsp;not&nbsp;available,80.6
595593.JREV01000006_gene2860,folD,Bifunctional&nbsp;protein&nbsp;FolD,80.5
595593.JREV01000049_gene1188,MB46_02760,Purine&nbsp;nucleoside&nbsp;phosphorylase,80.5
595593.JREV01000045_gene874,rpsS,30S&nbsp;ribosomal&nbsp;protein&nbsp;S19,80.4
595593.JREV01000031_gene3168,MB46_01785,Alanine&nbsp;racemase,80.4
595593.JREV01000022_gene1688,MB46_05025,annotation&nbsp;not&nbsp;available,80.4
595593.JREV01000039_gene3854,MB46_16430,annotation&nbsp;not&nbsp;available,80.3
595593.JREV01000032_gene3286,MB46_06670,Phosphoenolpyruvate&nbsp;synthase,80.3
595593.JREV01000045_gene881,rplX,50S&nbsp;ribosomal&nbsp;protein&nbsp;L24,80.1
595593.JREV01000037_gene3657,MB46_02075,annotation&nbsp;not&nbsp;available,80.0
595593.JREV01000021_gene1810,atpH,ATP&nbsp;synthase&nbsp;subunit&nbsp;delta,80.0
595593.JREV01000008_gene2808,MB46_07610,annotation&nbsp;not&nbsp;available,79.9
595593.JREV01000060_gene2499,MB46_00295,annotation&nbsp;not&nbsp;available,79.9
595593.JREV01000052_gene2204,MB46_03230,annotation&nbsp;not&nbsp;available,79.9
595593.JREV01000038_gene3739,MB46_12080,annotation&nbsp;not&nbsp;available,79.9
595593.JREV01000062_gene2275,MB46_14855,annotation&nbsp;not&nbsp;available,79.6
595593.JREV01000002_gene2598,glgB,"1,4-alpha-glucan&nbsp;branching&nbsp;enzyme&nbsp;GlgB",79.6
595593.JREV01000005_gene2886,MB46_06285,annotation&nbsp;not&nbsp;available,79.5
595593.JREV01000038_gene3698,MB46_11875,annotation&nbsp;not&nbsp;available,79.5
595593.JREV01000048_gene1065,MB46_17045,Cardiolipin&nbsp;synthase&nbsp;A,79.5
595593.JREV01000060_gene2470,MB46_00435,annotation&nbsp;not&nbsp;available,79.4
595593.JREV01000048_gene1060,dnaK,Chaperone&nbsp;protein&nbsp;DnaK,79.2
595593.JREV01000040_gene3935,MB46_14525,annotation&nbsp;not&nbsp;available,79.2
595593.JREV01000041_gene274,MB46_11390,annotation&nbsp;not&nbsp;available,79.0
595593.JREV01000047_gene2573,MB46_06385,annotation&nbsp;not&nbsp;available,79.0
595593.JREV01000064_gene31,ffh,Signal&nbsp;recognition&nbsp;particle&nbsp;protein,78.9
595593.JREV01000011_gene1999,MB46_16975,annotation&nbsp;not&nbsp;available,78.8
595593.JREV01000045_gene734,MB46_14115,annotation&nbsp;not&nbsp;available,78.7
595593.JREV01000039_gene3773,rpmB,annotation&nbsp;not&nbsp;available,78.7
595593.JREV01000041_gene311,MB46_11580,annotation&nbsp;not&nbsp;available,78.5
595593.JREV01000067_gene1984,MB46_14980,annotation&nbsp;not&nbsp;available,78.5
595593.JREV01000048_gene1037,MB46_17185,annotation&nbsp;not&nbsp;available,78.4
595593.JREV01000031_gene3189,purH,annotation&nbsp;not&nbsp;available,78.4
595593.JREV01000037_gene3594,MB46_02390,annotation&nbsp;not&nbsp;available,78.3
595593.JREV01000067_gene1975,MB46_15025,annotation&nbsp;not&nbsp;available,78.3
595593.JREV01000045_gene759,MB46_13985,annotation&nbsp;not&nbsp;available,78.2
595593.JREV01000054_gene2314,MB46_12440,annotation&nbsp;not&nbsp;available,78.2
595593.JREV01000021_gene1827,MB46_10945,annotation&nbsp;not&nbsp;available,77.8
595593.JREV01000045_gene911,acpS,Holo-[acyl-carrier-protein]&nbsp;synthase,77.6
595593.JREV01000022_gene1665,MB46_04910,annotation&nbsp;not&nbsp;available,77.6
595593.JREV01000052_gene2216,MB46_03295,annotation&nbsp;not&nbsp;available,77.6
595593.JREV01000042_gene4025,ruvB,Holliday&nbsp;junction&nbsp;ATP-dependent&nbsp;DNA&nbsp;helicase&nbsp;RuvB,77.5
595593.JREV01000039_gene3804,MB46_16675,annotation&nbsp;not&nbsp;available,77.5
595593.JREV01000022_gene1496,MB46_04040,annotation&nbsp;not&nbsp;available,77.2
595593.JREV01000001_gene2627,rpmH,annotation&nbsp;not&nbsp;available,77.2
595593.JREV01000041_gene290,MB46_11475,annotation&nbsp;not&nbsp;available,77.2
595593.JREV01000021_gene1811,atpF,ATP&nbsp;synthase&nbsp;subunit&nbsp;b,77.1
595593.JREV01000012_gene2050,MB46_09555,annotation&nbsp;not&nbsp;available,77.0
595593.JREV01000044_gene378,prcA,Proteasome&nbsp;subunit&nbsp;alpha,77.0
595593.JREV01000063_gene216,MB46_18300,annotation&nbsp;not&nbsp;available,77.0
595593.JREV01000061_gene1074,MB46_03570,annotation&nbsp;not&nbsp;available,76.7
595593.JREV01000061_gene1092,MB46_03660,annotation&nbsp;not&nbsp;available,76.6
595593.JREV01000005_gene2899,MB46_06225,annotation&nbsp;not&nbsp;available,76.5
595593.JREV01000060_gene2480,MB46_00385,annotation&nbsp;not&nbsp;available,76.4
595593.JREV01000046_gene661,MB46_01430,annotation&nbsp;not&nbsp;available,76.4
595593.JREV01000039_gene3849,MB46_16455,annotation&nbsp;not&nbsp;available,76.4
595593.JREV01000022_gene1720,MB46_05185,annotation&nbsp;not&nbsp;available,76.4
595593.JREV01000022_gene1717,MB46_05170,annotation&nbsp;not&nbsp;available,76.3
595593.JREV01000050_gene1152,MB46_15645,annotation&nbsp;not&nbsp;available,76.2
595593.JREV01000042_gene3986,carB,annotation&nbsp;not&nbsp;available,76.2
595593.JREV01000021_gene1812,atpE,ATP&nbsp;synthase&nbsp;subunit&nbsp;c,76.2
595593.JREV01000022_gene1726,MB46_05215,annotation&nbsp;not&nbsp;available,76.2
595593.JREV01000045_gene893,MB46_13320,annotation&nbsp;not&nbsp;available,76.1
595593.JREV01000022_gene1671,polA,DNA&nbsp;polymerase&nbsp;I,76.0
595593.JREV01000021_gene1828,lysA,Diaminopimelate&nbsp;decarboxylase,76.0
595593.JREV01000045_gene671,MB46_14425,annotation&nbsp;not&nbsp;available,76.0
595593.JREV01000022_gene1516,argB,Acetylglutamate&nbsp;kinase,75.9
595593.JREV01000022_gene1632,MB46_04745,annotation&nbsp;not&nbsp;available,75.8
595593.JREV01000067_gene1901,lysS,annotation&nbsp;not&nbsp;available,75.8
595593.JREV01000001_gene2678,MB46_15840,annotation&nbsp;not&nbsp;available,75.6
595593.JREV01000049_gene1165,MB46_02645,annotation&nbsp;not&nbsp;available,75.6
595593.JREV01000068_gene230,MB46_14810,annotation&nbsp;not&nbsp;available,75.6
595593.JREV01000039_gene3856,MB46_16420,Phosphoenolpyruvate-protein&nbsp;phosphotransferase,75.5
595593.JREV01000012_gene2052,rplS,50S&nbsp;ribosomal&nbsp;protein&nbsp;L19,75.5
595593.JREV01000048_gene1038,MB46_17180,annotation&nbsp;not&nbsp;available,75.5
595593.JREV01000033_gene3360,MB46_18190,Ribonuclease&nbsp;J,75.3
595593.JREV01000006_gene2859,MB46_01840,Serine&nbsp;hydroxymethyltransferase,75.3
595593.JREV01000045_gene869,rpsJ,30S&nbsp;ribosomal&nbsp;protein&nbsp;S10,75.3
595593.JREV01000060_gene2453,MB46_00520,Alanine&nbsp;racemase,75.3
595593.JREV01000046_gene556,MB46_00920,60&nbsp;kDa&nbsp;chaperonin,75.2
595593.JREV01000051_gene2142,sigA,RNA&nbsp;polymerase&nbsp;sigma&nbsp;factor&nbsp;SigA,75.1
595593.JREV01000054_gene2359,xseA,Exodeoxyribonuclease&nbsp;7&nbsp;large&nbsp;subunit,75.1
595593.JREV01000042_gene3964,MB46_08360,Glycine&nbsp;dehydrogenase&nbsp;(decarboxylating),75.1
595593.JREV01000022_gene1596,MB46_04565,annotation&nbsp;not&nbsp;available,75.0
595593.JREV01000041_gene236,kgd,annotation&nbsp;not&nbsp;available,74.9
595593.JREV01000064_gene66,MB46_09780,annotation&nbsp;not&nbsp;available,74.8
595593.JREV01000045_gene903,rplM,50S&nbsp;ribosomal&nbsp;protein&nbsp;L13,74.8
595593.JREV01000058_gene2082,MB46_19170,3-oxoacyl-[acyl-carrier-protein]&nbsp;synthase&nbsp;3,74.7
595593.JREV01000042_gene3985,pyrF,annotation&nbsp;not&nbsp;available,74.7
595593.JREV01000022_gene1514,argC,N-acetyl-gamma-glutamyl-phosphate&nbsp;reductase,74.6
595593.JREV01000003_gene3055,MB46_11195,annotation&nbsp;not&nbsp;available,74.4
595593.JREV01000024_gene1385,MB46_14775,Pyruvate&nbsp;dehydrogenase&nbsp;E1&nbsp;component,74.4
595593.JREV01000001_gene2656,MB46_15950,annotation&nbsp;not&nbsp;available,74.2
595593.JREV01000011_gene1992,MB46_17010,annotation&nbsp;not&nbsp;available,74.1
595593.JREV01000045_gene668,MB46_14440,annotation&nbsp;not&nbsp;available,74.0
595593.JREV01000045_gene708,MB46_14240,Sulfate&nbsp;adenylyltransferase&nbsp;subunit&nbsp;1,74.0
595593.JREV01000060_gene2477,MB46_00400,annotation&nbsp;not&nbsp;available,73.9
595593.JREV01000022_gene1719,MB46_05180,annotation&nbsp;not&nbsp;available,73.9
595593.JREV01000023_gene1464,MB46_01935,annotation&nbsp;not&nbsp;available,73.8
595593.JREV01000037_gene3676,MB46_01980,annotation&nbsp;not&nbsp;available,73.7
595593.JREV01000046_gene651,MB46_01390,annotation&nbsp;not&nbsp;available,73.6
595593.JREV01000046_gene589,sucD,Succinate--CoA&nbsp;ligase&nbsp;[ADP-forming]&nbsp;subunit&nbsp;alpha,73.6
595593.JREV01000021_gene1776,MB46_10690,annotation&nbsp;not&nbsp;available,73.6
595593.JREV01000006_gene2856,MB46_01825,annotation&nbsp;not&nbsp;available,73.6
595593.JREV01000022_gene1673,rpsA,annotation&nbsp;not&nbsp;available,73.5
595593.JREV01000032_gene3317,MB46_06835,annotation&nbsp;not&nbsp;available,73.4
595593.JREV01000022_gene1696,pgk,annotation&nbsp;not&nbsp;available,73.4
595593.JREV01000045_gene882,rplE,50S&nbsp;ribosomal&nbsp;protein&nbsp;L5,73.2
595593.JREV01000055_gene2249,MB46_12245,annotation&nbsp;not&nbsp;available,73.2
595593.JREV01000045_gene863,rpsL,30S&nbsp;ribosomal&nbsp;protein&nbsp;S12,73.1
595593.JREV01000061_gene1084,MB46_03620,annotation&nbsp;not&nbsp;available,73.1
595593.JREV01000046_gene650,MB46_01385,annotation&nbsp;not&nbsp;available,73.0
595593.JREV01000046_gene631,MB46_01290,annotation&nbsp;not&nbsp;available,73.0
595593.JREV01000021_gene1806,atpC,ATP&nbsp;synthase&nbsp;epsilon&nbsp;chain,73.0
595593.JREV01000027_gene1373,JREV01000027_gene1373,annotation&nbsp;not&nbsp;available,73.0
595593.JREV01000052_gene2187,MB46_03145,annotation&nbsp;not&nbsp;available,72.9
595593.JREV01000012_gene2033,MB46_09475,annotation&nbsp;not&nbsp;available,72.8
595593.JREV01000001_gene2664,MB46_15910,annotation&nbsp;not&nbsp;available,72.6
595593.JREV01000045_gene851,secE,Protein&nbsp;translocase&nbsp;subunit&nbsp;SecE,72.6
595593.JREV01000005_gene2930,MB46_06070,annotation&nbsp;not&nbsp;available,72.6
595593.JREV01000045_gene878,rpmC,annotation&nbsp;not&nbsp;available,72.4
595593.JREV01000031_gene3221,MB46_01525,annotation&nbsp;not&nbsp;available,72.4
595593.JREV01000050_gene1154,MB46_15635,annotation&nbsp;not&nbsp;available,72.3
595593.JREV01000045_gene887,rpmD,annotation&nbsp;not&nbsp;available,72.2
595593.JREV01000022_gene1630,MB46_04735,annotation&nbsp;not&nbsp;available,72.1
595593.JREV01000039_gene3865,MB46_16375,annotation&nbsp;not&nbsp;available,72.1
595593.JREV01000048_gene981,proC,Pyrroline-5-carboxylate&nbsp;reductase,72.1
595593.JREV01000042_gene3987,carA,annotation&nbsp;not&nbsp;available,72.1
595593.JREV01000045_gene892,MB46_13325,annotation&nbsp;not&nbsp;available,72.0
595593.JREV01000046_gene586,MB46_01070,annotation&nbsp;not&nbsp;available,72.0
595593.JREV01000022_gene1702,MB46_05095,annotation&nbsp;not&nbsp;available,72.0
595593.JREV01000039_gene3793,MB46_16730,annotation&nbsp;not&nbsp;available,71.9
595593.JREV01000045_gene922,MB46_13180,annotation&nbsp;not&nbsp;available,71.8
595593.JREV01000005_gene2969,MB46_05955,annotation&nbsp;not&nbsp;available,71.7
595593.JREV01000048_gene1020,MB46_17275,annotation&nbsp;not&nbsp;available,71.6
595593.JREV01000008_gene2791,MB46_07695,"3,4-dihydroxy-2-butanone&nbsp;4-phosphate&nbsp;synthase",71.5
595593.JREV01000005_gene2958,MB46_06010,annotation&nbsp;not&nbsp;available,71.2
595593.JREV01000048_gene1001,acsA,Acetyl-coenzyme&nbsp;A&nbsp;synthetase,71.2
595593.JREV01000047_gene2579,MB46_06415,annotation&nbsp;not&nbsp;available,71.1
595593.JREV01000031_gene3182,MB46_01720,annotation&nbsp;not&nbsp;available,71.1
595593.JREV01000064_gene74,MB46_09820,annotation&nbsp;not&nbsp;available,71.0
595593.JREV01000005_gene2970,MB46_05950,annotation&nbsp;not&nbsp;available,70.9
595593.JREV01000042_gene4029,pdxT,Pyridoxal&nbsp;5'-phosphate&nbsp;synthase&nbsp;subunit&nbsp;PdxT,70.9
595593.JREV01000032_gene3330,MB46_06905,annotation&nbsp;not&nbsp;available,70.8
595593.JREV01000064_gene153,MB46_10220,annotation&nbsp;not&nbsp;available,70.5
595593.JREV01000022_gene1598,MB46_04575,annotation&nbsp;not&nbsp;available,70.5
595593.JREV01000046_gene577,MB46_01025,annotation&nbsp;not&nbsp;available,70.5
595593.JREV01000005_gene3025,MB46_05700,annotation&nbsp;not&nbsp;available,70.4
595593.JREV01000005_gene3024,MB46_05705,annotation&nbsp;not&nbsp;available,70.4
595593.JREV01000064_gene206,mqo,annotation&nbsp;not&nbsp;available,70.4
595593.JREV01000060_gene2548,MB46_00050,annotation&nbsp;not&nbsp;available,70.2
595593.JREV01000041_gene284,MB46_11445,annotation&nbsp;not&nbsp;available,70.2
