1158050.KB895452_gene340,KB895452_gene340,annotation&nbsp;not&nbsp;available,98.9
1158050.KB895454_gene1245,KB895454_gene1245,annotation&nbsp;not&nbsp;available,98.9
1158050.KB895452_gene218,KB895452_gene218,annotation&nbsp;not&nbsp;available,98.9
1158050.KB895455_gene1691,KB895455_gene1691,annotation&nbsp;not&nbsp;available,98.9
1158050.KB895461_gene2975,KB895461_gene2975,annotation&nbsp;not&nbsp;available,98.9
1158050.KB895466_gene3411,KB895466_gene3411,annotation&nbsp;not&nbsp;available,98.9
1158050.KB895452_gene202,KB895452_gene202,annotation&nbsp;not&nbsp;available,98.8
1158050.KB895457_gene2125,KB895457_gene2125,annotation&nbsp;not&nbsp;available,98.8
1158050.KB895468_gene3271,KB895468_gene3271,annotation&nbsp;not&nbsp;available,98.7
1158050.KB895454_gene1645,KB895454_gene1645,annotation&nbsp;not&nbsp;available,98.7
1158050.KB895465_gene3545,KB895465_gene3545,annotation&nbsp;not&nbsp;available,98.7
1158050.KB895453_gene1017,KB895453_gene1017,annotation&nbsp;not&nbsp;available,98.6
1158050.KB895465_gene3490,KB895465_gene3490,annotation&nbsp;not&nbsp;available,98.6
1158050.KB895462_gene3860,KB895462_gene3860,annotation&nbsp;not&nbsp;available,98.6
1158050.KB895465_gene3491,KB895465_gene3491,annotation&nbsp;not&nbsp;available,98.6
1158050.KB895457_gene2150,KB895457_gene2150,annotation&nbsp;not&nbsp;available,98.6
1158050.KB895454_gene1442,KB895454_gene1442,annotation&nbsp;not&nbsp;available,98.6
1158050.KB895453_gene1136,KB895453_gene1136,annotation&nbsp;not&nbsp;available,98.5
1158050.KB895465_gene3526,KB895465_gene3526,annotation&nbsp;not&nbsp;available,98.5
1158050.KB895462_gene3876,KB895462_gene3876,annotation&nbsp;not&nbsp;available,98.5
1158050.KB895454_gene1579,KB895454_gene1579,annotation&nbsp;not&nbsp;available,98.5
1158050.KB895453_gene1053,KB895453_gene1053,annotation&nbsp;not&nbsp;available,98.5
1158050.KB895453_gene1175,KB895453_gene1175,annotation&nbsp;not&nbsp;available,98.3
1158050.KB895454_gene1620,KB895454_gene1620,annotation&nbsp;not&nbsp;available,98.3
1158050.KB895466_gene3390,KB895466_gene3390,annotation&nbsp;not&nbsp;available,98.3
1158050.KB895457_gene2243,KB895457_gene2243,annotation&nbsp;not&nbsp;available,98.3
1158050.KB895461_gene2862,KB895461_gene2862,annotation&nbsp;not&nbsp;available,98.2
1158050.KB895454_gene1498,KB895454_gene1498,annotation&nbsp;not&nbsp;available,98.2
1158050.KB895465_gene3527,KB895465_gene3527,annotation&nbsp;not&nbsp;available,98.1
1158050.KB895456_gene2045,KB895456_gene2045,annotation&nbsp;not&nbsp;available,98.1
1158050.KB895458_gene2412,KB895458_gene2412,annotation&nbsp;not&nbsp;available,98.1
1158050.KB895453_gene879,KB895453_gene879,annotation&nbsp;not&nbsp;available,98.1
1158050.KB895464_gene3655,KB895464_gene3655,annotation&nbsp;not&nbsp;available,98.1
1158050.KB895452_gene406,KB895452_gene406,annotation&nbsp;not&nbsp;available,98.1
1158050.KB895454_gene1274,KB895454_gene1274,annotation&nbsp;not&nbsp;available,98.0
1158050.KB895454_gene1240,KB895454_gene1240,annotation&nbsp;not&nbsp;available,98.0
1158050.KB895464_gene3608,KB895464_gene3608,annotation&nbsp;not&nbsp;available,98.0
1158050.KB895454_gene1593,KB895454_gene1593,annotation&nbsp;not&nbsp;available,98.0
1158050.KB895459_gene2478,KB895459_gene2478,annotation&nbsp;not&nbsp;available,97.9
1158050.KB895464_gene3632,KB895464_gene3632,annotation&nbsp;not&nbsp;available,97.9
1158050.KB895457_gene2212,KB895457_gene2212,annotation&nbsp;not&nbsp;available,97.9
1158050.KB895458_gene2449,KB895458_gene2449,annotation&nbsp;not&nbsp;available,97.9
1158050.KB895453_gene956,KB895453_gene956,annotation&nbsp;not&nbsp;available,97.7
1158050.KB895453_gene709,KB895453_gene709,annotation&nbsp;not&nbsp;available,97.7
1158050.KB895452_gene60,KB895452_gene60,annotation&nbsp;not&nbsp;available,97.7
1158050.KB895453_gene851,KB895453_gene851,annotation&nbsp;not&nbsp;available,97.7
1158050.KB895453_gene1194,KB895453_gene1194,annotation&nbsp;not&nbsp;available,97.7
1158050.KB895453_gene911,KB895453_gene911,annotation&nbsp;not&nbsp;available,97.6
1158050.KB895466_gene3377,KB895466_gene3377,annotation&nbsp;not&nbsp;available,97.6
1158050.KB895461_gene2882,KB895461_gene2882,annotation&nbsp;not&nbsp;available,97.6
1158050.KB895466_gene3444,KB895466_gene3444,annotation&nbsp;not&nbsp;available,97.5
1158050.KB895454_gene1341,KB895454_gene1341,annotation&nbsp;not&nbsp;available,97.5
1158050.KB895456_gene2086,KB895456_gene2086,annotation&nbsp;not&nbsp;available,97.5
1158050.KB895457_gene2289,KB895457_gene2289,annotation&nbsp;not&nbsp;available,97.4
1158050.KB895470_gene2678,KB895470_gene2678,annotation&nbsp;not&nbsp;available,97.4
1158050.KB895453_gene958,KB895453_gene958,annotation&nbsp;not&nbsp;available,97.4
1158050.KB895452_gene317,KB895452_gene317,annotation&nbsp;not&nbsp;available,97.3
1158050.KB895460_gene3106,KB895460_gene3106,annotation&nbsp;not&nbsp;available,97.3
1158050.KB895456_gene1944,KB895456_gene1944,annotation&nbsp;not&nbsp;available,97.3
1158050.KB895455_gene1889,KB895455_gene1889,annotation&nbsp;not&nbsp;available,97.1
1158050.KB895454_gene1533,KB895454_gene1533,annotation&nbsp;not&nbsp;available,97.0
1158050.KB895478_gene2709,KB895478_gene2709,annotation&nbsp;not&nbsp;available,97.0
1158050.KB895454_gene1459,KB895454_gene1459,annotation&nbsp;not&nbsp;available,97.0
1158050.KB895454_gene1591,KB895454_gene1591,annotation&nbsp;not&nbsp;available,97.0
1158050.KB895456_gene2073,KB895456_gene2073,annotation&nbsp;not&nbsp;available,96.9
1158050.KB895453_gene886,KB895453_gene886,annotation&nbsp;not&nbsp;available,96.9
1158050.KB895467_gene3326,KB895467_gene3326,annotation&nbsp;not&nbsp;available,96.9
1158050.KB895462_gene3874,KB895462_gene3874,annotation&nbsp;not&nbsp;available,96.9
1158050.KB895461_gene2935,KB895461_gene2935,annotation&nbsp;not&nbsp;available,96.8
1158050.KB895471_gene2593,KB895471_gene2593,annotation&nbsp;not&nbsp;available,96.8
1158050.KB895455_gene1836,KB895455_gene1836,annotation&nbsp;not&nbsp;available,96.8
1158050.KB895454_gene1456,KB895454_gene1456,annotation&nbsp;not&nbsp;available,96.7
1158050.KB895468_gene3236,KB895468_gene3236,annotation&nbsp;not&nbsp;available,96.7
1158050.KB895469_gene3165,KB895469_gene3165,annotation&nbsp;not&nbsp;available,96.7
1158050.KB895454_gene1346,KB895454_gene1346,annotation&nbsp;not&nbsp;available,96.7
1158050.KB895453_gene838,KB895453_gene838,annotation&nbsp;not&nbsp;available,96.7
1158050.KB895460_gene3003,KB895460_gene3003,annotation&nbsp;not&nbsp;available,96.7
1158050.KB895457_gene2270,KB895457_gene2270,annotation&nbsp;not&nbsp;available,96.7
1158050.KB895454_gene1457,KB895454_gene1457,annotation&nbsp;not&nbsp;available,96.6
1158050.KB895474_gene2846,KB895474_gene2846,annotation&nbsp;not&nbsp;available,96.6
1158050.KB895453_gene1174,KB895453_gene1174,annotation&nbsp;not&nbsp;available,96.6
1158050.KB895452_gene617,KB895452_gene617,annotation&nbsp;not&nbsp;available,96.5
1158050.KB895472_gene2766,KB895472_gene2766,annotation&nbsp;not&nbsp;available,96.5
1158050.KB895459_gene2490,KB895459_gene2490,annotation&nbsp;not&nbsp;available,96.5
1158050.KB895473_gene2734,KB895473_gene2734,annotation&nbsp;not&nbsp;available,96.5
1158050.KB895455_gene1773,KB895455_gene1773,annotation&nbsp;not&nbsp;available,96.4
1158050.KB895457_gene2187,KB895457_gene2187,annotation&nbsp;not&nbsp;available,96.4
1158050.KB895452_gene459,KB895452_gene459,annotation&nbsp;not&nbsp;available,96.4
1158050.KB895465_gene3543,KB895465_gene3543,annotation&nbsp;not&nbsp;available,96.4
1158050.KB895457_gene2287,KB895457_gene2287,annotation&nbsp;not&nbsp;available,96.4
1158050.KB895452_gene191,KB895452_gene191,annotation&nbsp;not&nbsp;available,96.3
1158050.KB895454_gene1488,KB895454_gene1488,annotation&nbsp;not&nbsp;available,96.3
1158050.KB895452_gene585,KB895452_gene585,annotation&nbsp;not&nbsp;available,96.3
1158050.KB895457_gene2279,KB895457_gene2279,annotation&nbsp;not&nbsp;available,96.2
1158050.KB895455_gene1869,KB895455_gene1869,annotation&nbsp;not&nbsp;available,96.2
1158050.KB895452_gene346,KB895452_gene346,annotation&nbsp;not&nbsp;available,96.2
1158050.KB895465_gene3464,KB895465_gene3464,annotation&nbsp;not&nbsp;available,96.2
1158050.KB895465_gene3493,KB895465_gene3493,annotation&nbsp;not&nbsp;available,96.1
1158050.KB895454_gene1409,KB895454_gene1409,annotation&nbsp;not&nbsp;available,96.1
1158050.KB895454_gene1502,KB895454_gene1502,annotation&nbsp;not&nbsp;available,96.1
1158050.KB895452_gene408,KB895452_gene408,annotation&nbsp;not&nbsp;available,96.1
1158050.KB895453_gene978,KB895453_gene978,annotation&nbsp;not&nbsp;available,96.1
1158050.KB895466_gene3440,KB895466_gene3440,annotation&nbsp;not&nbsp;available,96.1
1158050.KB895452_gene607,KB895452_gene607,annotation&nbsp;not&nbsp;available,96.0
1158050.KB895452_gene606,KB895452_gene606,annotation&nbsp;not&nbsp;available,96.0
1158050.KB895452_gene189,KB895452_gene189,annotation&nbsp;not&nbsp;available,96.0
1158050.KB895454_gene1626,KB895454_gene1626,annotation&nbsp;not&nbsp;available,95.9
1158050.KB895463_gene3812,KB895463_gene3812,annotation&nbsp;not&nbsp;available,95.9
1158050.KB895453_gene992,KB895453_gene992,annotation&nbsp;not&nbsp;available,95.9
1158050.KB895466_gene3395,KB895466_gene3395,annotation&nbsp;not&nbsp;available,95.9
1158050.KB895466_gene3367,KB895466_gene3367,annotation&nbsp;not&nbsp;available,95.8
1158050.KB895456_gene2041,KB895456_gene2041,annotation&nbsp;not&nbsp;available,95.8
1158050.KB895452_gene144,KB895452_gene144,annotation&nbsp;not&nbsp;available,95.7
1158050.KB895468_gene3250,KB895468_gene3250,annotation&nbsp;not&nbsp;available,95.7
1158050.KB895454_gene1372,KB895454_gene1372,annotation&nbsp;not&nbsp;available,95.7
1158050.KB895454_gene1299,KB895454_gene1299,annotation&nbsp;not&nbsp;available,95.6
1158050.KB895454_gene1287,KB895454_gene1287,annotation&nbsp;not&nbsp;available,95.6
1158050.KB895453_gene1061,KB895453_gene1061,annotation&nbsp;not&nbsp;available,95.5
1158050.KB895460_gene3131,KB895460_gene3131,annotation&nbsp;not&nbsp;available,95.5
1158050.KB895468_gene3243,KB895468_gene3243,annotation&nbsp;not&nbsp;available,95.5
1158050.KB895466_gene3414,KB895466_gene3414,annotation&nbsp;not&nbsp;available,95.5
1158050.KB895453_gene848,KB895453_gene848,annotation&nbsp;not&nbsp;available,95.4
1158050.KB895461_gene2880,KB895461_gene2880,annotation&nbsp;not&nbsp;available,95.4
1158050.KB895459_gene2495,KB895459_gene2495,annotation&nbsp;not&nbsp;available,95.4
1158050.KB895454_gene1601,KB895454_gene1601,annotation&nbsp;not&nbsp;available,95.4
1158050.KB895462_gene3830,KB895462_gene3830,annotation&nbsp;not&nbsp;available,95.3
1158050.KB895455_gene1838,KB895455_gene1838,annotation&nbsp;not&nbsp;available,95.3
1158050.KB895458_gene2345,KB895458_gene2345,annotation&nbsp;not&nbsp;available,95.3
1158050.KB895467_gene3328,KB895467_gene3328,annotation&nbsp;not&nbsp;available,95.3
1158050.KB895452_gene560,KB895452_gene560,annotation&nbsp;not&nbsp;available,95.3
1158050.KB895452_gene301,KB895452_gene301,annotation&nbsp;not&nbsp;available,95.2
1158050.KB895456_gene2016,KB895456_gene2016,annotation&nbsp;not&nbsp;available,95.2
1158050.KB895458_gene2337,KB895458_gene2337,annotation&nbsp;not&nbsp;available,95.2
1158050.KB895464_gene3587,KB895464_gene3587,annotation&nbsp;not&nbsp;available,95.2
1158050.KB895460_gene3095,KB895460_gene3095,annotation&nbsp;not&nbsp;available,95.2
1158050.KB895460_gene3006,KB895460_gene3006,annotation&nbsp;not&nbsp;available,95.1
1158050.KB895465_gene3517,KB895465_gene3517,annotation&nbsp;not&nbsp;available,95.1
1158050.KB895454_gene1225,KB895454_gene1225,annotation&nbsp;not&nbsp;available,95.0
1158050.KB895452_gene498,KB895452_gene498,annotation&nbsp;not&nbsp;available,94.9
1158050.KB895452_gene544,KB895452_gene544,annotation&nbsp;not&nbsp;available,94.9
1158050.KB895461_gene2867,KB895461_gene2867,annotation&nbsp;not&nbsp;available,94.8
1158050.KB895454_gene1450,KB895454_gene1450,annotation&nbsp;not&nbsp;available,94.8
1158050.KB895457_gene2130,KB895457_gene2130,annotation&nbsp;not&nbsp;available,94.8
1158050.KB895456_gene2020,KB895456_gene2020,annotation&nbsp;not&nbsp;available,94.7
1158050.KB895453_gene840,KB895453_gene840,annotation&nbsp;not&nbsp;available,94.6
1158050.KB895453_gene942,KB895453_gene942,annotation&nbsp;not&nbsp;available,94.6
1158050.KB895453_gene718,KB895453_gene718,annotation&nbsp;not&nbsp;available,94.6
1158050.KB895466_gene3435,KB895466_gene3435,annotation&nbsp;not&nbsp;available,94.6
1158050.KB895452_gene542,KB895452_gene542,annotation&nbsp;not&nbsp;available,94.5
1158050.KB895453_gene940,KB895453_gene940,annotation&nbsp;not&nbsp;available,94.5
1158050.KB895474_gene2838,KB895474_gene2838,annotation&nbsp;not&nbsp;available,94.5
1158050.KB895468_gene3257,KB895468_gene3257,annotation&nbsp;not&nbsp;available,94.4
1158050.KB895456_gene2047,KB895456_gene2047,annotation&nbsp;not&nbsp;available,94.4
1158050.KB895453_gene994,KB895453_gene994,annotation&nbsp;not&nbsp;available,94.4
1158050.KB895456_gene1989,KB895456_gene1989,annotation&nbsp;not&nbsp;available,94.3
1158050.KB895452_gene664,KB895452_gene664,annotation&nbsp;not&nbsp;available,94.3
1158050.KB895452_gene460,KB895452_gene460,annotation&nbsp;not&nbsp;available,94.3
1158050.KB895454_gene1314,KB895454_gene1314,annotation&nbsp;not&nbsp;available,94.3
1158050.KB895458_gene2396,KB895458_gene2396,annotation&nbsp;not&nbsp;available,94.3
1158050.KB895464_gene3615,KB895464_gene3615,annotation&nbsp;not&nbsp;available,94.3
1158050.KB895467_gene3351,KB895467_gene3351,annotation&nbsp;not&nbsp;available,94.3
1158050.KB895452_gene387,KB895452_gene387,annotation&nbsp;not&nbsp;available,94.2
1158050.KB895452_gene456,KB895452_gene456,annotation&nbsp;not&nbsp;available,94.2
1158050.KB895474_gene2843,KB895474_gene2843,annotation&nbsp;not&nbsp;available,94.1
1158050.KB895472_gene2752,KB895472_gene2752,annotation&nbsp;not&nbsp;available,94.1
1158050.KB895458_gene2446,KB895458_gene2446,annotation&nbsp;not&nbsp;available,94.1
1158050.KB895452_gene491,KB895452_gene491,annotation&nbsp;not&nbsp;available,94.0
1158050.KB895454_gene1558,KB895454_gene1558,annotation&nbsp;not&nbsp;available,94.0
1158050.KB895455_gene1769,KB895455_gene1769,annotation&nbsp;not&nbsp;available,94.0
1158050.KB895462_gene3878,KB895462_gene3878,annotation&nbsp;not&nbsp;available,93.9
1158050.KB895453_gene1124,KB895453_gene1124,annotation&nbsp;not&nbsp;available,93.9
1158050.KB895452_gene74,KB895452_gene74,annotation&nbsp;not&nbsp;available,93.8
1158050.KB895457_gene2166,KB895457_gene2166,annotation&nbsp;not&nbsp;available,93.8
1158050.KB895454_gene1358,KB895454_gene1358,annotation&nbsp;not&nbsp;available,93.7
1158050.KB895457_gene2201,KB895457_gene2201,annotation&nbsp;not&nbsp;available,93.7
1158050.KB895456_gene2012,KB895456_gene2012,annotation&nbsp;not&nbsp;available,93.6
1158050.KB895452_gene309,KB895452_gene309,annotation&nbsp;not&nbsp;available,93.6
1158050.KB895459_gene2507,KB895459_gene2507,annotation&nbsp;not&nbsp;available,93.6
1158050.KB895454_gene1469,KB895454_gene1469,annotation&nbsp;not&nbsp;available,93.6
1158050.KB895463_gene3777,KB895463_gene3777,annotation&nbsp;not&nbsp;available,93.6
1158050.KB895453_gene925,KB895453_gene925,annotation&nbsp;not&nbsp;available,93.6
1158050.KB895454_gene1293,KB895454_gene1293,annotation&nbsp;not&nbsp;available,93.5
1158050.KB895461_gene2984,KB895461_gene2984,annotation&nbsp;not&nbsp;available,93.5
1158050.KB895452_gene662,KB895452_gene662,annotation&nbsp;not&nbsp;available,93.4
1158050.KB895453_gene756,KB895453_gene756,annotation&nbsp;not&nbsp;available,93.4
1158050.KB895454_gene1572,KB895454_gene1572,annotation&nbsp;not&nbsp;available,93.4
1158050.KB895454_gene1333,KB895454_gene1333,annotation&nbsp;not&nbsp;available,93.4
1158050.KB895455_gene1879,KB895455_gene1879,annotation&nbsp;not&nbsp;available,93.3
1158050.KB895455_gene1815,KB895455_gene1815,annotation&nbsp;not&nbsp;available,93.3
1158050.KB895453_gene783,KB895453_gene783,annotation&nbsp;not&nbsp;available,93.3
1158050.KB895457_gene2227,KB895457_gene2227,annotation&nbsp;not&nbsp;available,93.2
1158050.KB895454_gene1378,KB895454_gene1378,annotation&nbsp;not&nbsp;available,93.2
1158050.KB895458_gene2343,KB895458_gene2343,annotation&nbsp;not&nbsp;available,93.2
1158050.KB895456_gene1931,KB895456_gene1931,annotation&nbsp;not&nbsp;available,93.1
1158050.KB895465_gene3467,KB895465_gene3467,annotation&nbsp;not&nbsp;available,93.1
1158050.KB895452_gene381,KB895452_gene381,annotation&nbsp;not&nbsp;available,93.1
1158050.KB895452_gene642,KB895452_gene642,annotation&nbsp;not&nbsp;available,93.1
1158050.KB895454_gene1362,KB895454_gene1362,annotation&nbsp;not&nbsp;available,93.1
1158050.KB895452_gene59,KB895452_gene59,annotation&nbsp;not&nbsp;available,93.1
1158050.KB895454_gene1638,KB895454_gene1638,annotation&nbsp;not&nbsp;available,93.0
1158050.KB895455_gene1712,KB895455_gene1712,annotation&nbsp;not&nbsp;available,93.0
1158050.KB895457_gene2129,KB895457_gene2129,annotation&nbsp;not&nbsp;available,92.9
1158050.KB895459_gene2528,KB895459_gene2528,annotation&nbsp;not&nbsp;available,92.9
1158050.KB895454_gene1494,KB895454_gene1494,annotation&nbsp;not&nbsp;available,92.9
1158050.KB895454_gene1586,KB895454_gene1586,annotation&nbsp;not&nbsp;available,92.7
1158050.KB895458_gene2325,KB895458_gene2325,annotation&nbsp;not&nbsp;available,92.7
1158050.KB895454_gene1491,KB895454_gene1491,annotation&nbsp;not&nbsp;available,92.7
1158050.KB895471_gene2625,KB895471_gene2625,annotation&nbsp;not&nbsp;available,92.7
1158050.KB895457_gene2160,KB895457_gene2160,annotation&nbsp;not&nbsp;available,92.6
1158050.KB895453_gene1165,KB895453_gene1165,annotation&nbsp;not&nbsp;available,92.4
1158050.KB895455_gene1737,KB895455_gene1737,annotation&nbsp;not&nbsp;available,92.4
1158050.KB895467_gene3314,KB895467_gene3314,annotation&nbsp;not&nbsp;available,92.4
1158050.KB895454_gene1596,KB895454_gene1596,annotation&nbsp;not&nbsp;available,92.4
1158050.KB895452_gene172,KB895452_gene172,annotation&nbsp;not&nbsp;available,92.4
1158050.KB895454_gene1524,KB895454_gene1524,annotation&nbsp;not&nbsp;available,92.4
1158050.KB895455_gene1655,KB895455_gene1655,annotation&nbsp;not&nbsp;available,92.3
1158050.KB895452_gene68,KB895452_gene68,annotation&nbsp;not&nbsp;available,92.2
1158050.KB895458_gene2385,KB895458_gene2385,annotation&nbsp;not&nbsp;available,92.2
1158050.KB895462_gene3880,KB895462_gene3880,annotation&nbsp;not&nbsp;available,92.2
1158050.KB895454_gene1277,KB895454_gene1277,annotation&nbsp;not&nbsp;available,92.2
1158050.KB895456_gene1996,KB895456_gene1996,annotation&nbsp;not&nbsp;available,92.1
1158050.KB895452_gene382,KB895452_gene382,annotation&nbsp;not&nbsp;available,92.0
1158050.KB895464_gene3586,KB895464_gene3586,annotation&nbsp;not&nbsp;available,92.0
1158050.KB895452_gene297,KB895452_gene297,annotation&nbsp;not&nbsp;available,92.0
1158050.KB895464_gene3675,KB895464_gene3675,annotation&nbsp;not&nbsp;available,92.0
1158050.KB895456_gene1955,KB895456_gene1955,annotation&nbsp;not&nbsp;available,92.0
1158050.KB895457_gene2268,KB895457_gene2268,annotation&nbsp;not&nbsp;available,91.9
1158050.KB895455_gene1665,KB895455_gene1665,annotation&nbsp;not&nbsp;available,91.9
1158050.KB895452_gene15,KB895452_gene15,annotation&nbsp;not&nbsp;available,91.9
1158050.KB895453_gene1038,KB895453_gene1038,annotation&nbsp;not&nbsp;available,91.9
1158050.KB895461_gene2931,KB895461_gene2931,annotation&nbsp;not&nbsp;available,91.9
1158050.KB895456_gene2006,KB895456_gene2006,annotation&nbsp;not&nbsp;available,91.8
1158050.KB895459_gene2500,KB895459_gene2500,annotation&nbsp;not&nbsp;available,91.8
1158050.KB895463_gene3782,KB895463_gene3782,annotation&nbsp;not&nbsp;available,91.8
1158050.KB895453_gene1123,KB895453_gene1123,annotation&nbsp;not&nbsp;available,91.8
1158050.KB895456_gene1992,KB895456_gene1992,annotation&nbsp;not&nbsp;available,91.8
1158050.KB895454_gene1237,KB895454_gene1237,annotation&nbsp;not&nbsp;available,91.7
1158050.KB895459_gene2466,KB895459_gene2466,annotation&nbsp;not&nbsp;available,91.7
1158050.KB895453_gene1004,KB895453_gene1004,annotation&nbsp;not&nbsp;available,91.7
1158050.KB895461_gene2972,KB895461_gene2972,annotation&nbsp;not&nbsp;available,91.7
1158050.KB895463_gene3809,KB895463_gene3809,annotation&nbsp;not&nbsp;available,91.7
1158050.KB895462_gene3828,KB895462_gene3828,annotation&nbsp;not&nbsp;available,91.7
1158050.KB895480_gene3932,KB895480_gene3932,annotation&nbsp;not&nbsp;available,91.6
1158050.KB895466_gene3419,KB895466_gene3419,annotation&nbsp;not&nbsp;available,91.6
1158050.KB895453_gene1062,KB895453_gene1062,annotation&nbsp;not&nbsp;available,91.6
1158050.KB895452_gene40,KB895452_gene40,annotation&nbsp;not&nbsp;available,91.6
1158050.KB895454_gene1451,KB895454_gene1451,annotation&nbsp;not&nbsp;available,91.5
1158050.KB895471_gene2584,KB895471_gene2584,annotation&nbsp;not&nbsp;available,91.5
1158050.KB895459_gene2544,KB895459_gene2544,annotation&nbsp;not&nbsp;available,91.5
1158050.KB895453_gene952,KB895453_gene952,annotation&nbsp;not&nbsp;available,91.4
1158050.KB895453_gene1121,KB895453_gene1121,annotation&nbsp;not&nbsp;available,91.4
1158050.KB895454_gene1309,KB895454_gene1309,annotation&nbsp;not&nbsp;available,91.3
1158050.KB895473_gene2739,KB895473_gene2739,annotation&nbsp;not&nbsp;available,91.3
1158050.KB895475_gene2819,KB895475_gene2819,annotation&nbsp;not&nbsp;available,91.3
1158050.KB895455_gene1882,KB895455_gene1882,annotation&nbsp;not&nbsp;available,91.2
1158050.KB895461_gene2920,KB895461_gene2920,annotation&nbsp;not&nbsp;available,91.2
1158050.KB895456_gene1968,KB895456_gene1968,annotation&nbsp;not&nbsp;available,91.2
1158050.KB895452_gene169,KB895452_gene169,annotation&nbsp;not&nbsp;available,91.1
1158050.KB895466_gene3433,KB895466_gene3433,annotation&nbsp;not&nbsp;available,91.1
1158050.KB895465_gene3537,KB895465_gene3537,annotation&nbsp;not&nbsp;available,91.0
1158050.KB895452_gene584,KB895452_gene584,annotation&nbsp;not&nbsp;available,91.0
1158050.KB895462_gene3872,KB895462_gene3872,annotation&nbsp;not&nbsp;available,91.0
1158050.KB895466_gene3412,KB895466_gene3412,annotation&nbsp;not&nbsp;available,91.0
1158050.KB895452_gene363,KB895452_gene363,annotation&nbsp;not&nbsp;available,91.0
1158050.KB895484_gene3940,KB895484_gene3940,annotation&nbsp;not&nbsp;available,90.9
1158050.KB895452_gene141,KB895452_gene141,annotation&nbsp;not&nbsp;available,90.8
1158050.KB895458_gene2369,KB895458_gene2369,annotation&nbsp;not&nbsp;available,90.8
1158050.KB895457_gene2307,KB895457_gene2307,annotation&nbsp;not&nbsp;available,90.7
1158050.KB895453_gene1022,KB895453_gene1022,annotation&nbsp;not&nbsp;available,90.7
1158050.KB895460_gene3055,KB895460_gene3055,annotation&nbsp;not&nbsp;available,90.6
1158050.KB895458_gene2356,KB895458_gene2356,annotation&nbsp;not&nbsp;available,90.6
1158050.KB895472_gene2776,KB895472_gene2776,annotation&nbsp;not&nbsp;available,90.5
1158050.KB895455_gene1714,KB895455_gene1714,annotation&nbsp;not&nbsp;available,90.5
1158050.KB895452_gene155,KB895452_gene155,annotation&nbsp;not&nbsp;available,90.5
1158050.KB895468_gene3263,KB895468_gene3263,annotation&nbsp;not&nbsp;available,90.5
1158050.KB895452_gene477,KB895452_gene477,annotation&nbsp;not&nbsp;available,90.4
1158050.KB895452_gene147,KB895452_gene147,annotation&nbsp;not&nbsp;available,90.4
1158050.KB895460_gene3064,KB895460_gene3064,annotation&nbsp;not&nbsp;available,90.4
1158050.KB895452_gene361,KB895452_gene361,annotation&nbsp;not&nbsp;available,90.4
1158050.KB895452_gene258,KB895452_gene258,annotation&nbsp;not&nbsp;available,90.4
1158050.KB895455_gene1658,KB895455_gene1658,annotation&nbsp;not&nbsp;available,90.3
1158050.KB895453_gene1075,KB895453_gene1075,annotation&nbsp;not&nbsp;available,90.3
1158050.KB895454_gene1393,KB895454_gene1393,annotation&nbsp;not&nbsp;available,90.2
1158050.KB895457_gene2271,KB895457_gene2271,annotation&nbsp;not&nbsp;available,90.2
1158050.KB895472_gene2763,KB895472_gene2763,annotation&nbsp;not&nbsp;available,90.2
1158050.KB895454_gene1507,KB895454_gene1507,annotation&nbsp;not&nbsp;available,90.1
1158050.KB895452_gene526,KB895452_gene526,annotation&nbsp;not&nbsp;available,90.1
1158050.KB895475_gene2816,KB895475_gene2816,annotation&nbsp;not&nbsp;available,90.1
1158050.KB895452_gene385,KB895452_gene385,annotation&nbsp;not&nbsp;available,90.1
1158050.KB895457_gene2233,KB895457_gene2233,annotation&nbsp;not&nbsp;available,90.0
1158050.KB895454_gene1578,KB895454_gene1578,annotation&nbsp;not&nbsp;available,90.0
1158050.KB895464_gene3581,KB895464_gene3581,annotation&nbsp;not&nbsp;available,90.0
1158050.KB895452_gene173,KB895452_gene173,annotation&nbsp;not&nbsp;available,89.9
1158050.KB895461_gene2922,KB895461_gene2922,annotation&nbsp;not&nbsp;available,89.9
1158050.KB895467_gene3286,KB895467_gene3286,annotation&nbsp;not&nbsp;available,89.9
1158050.KB895452_gene114,KB895452_gene114,annotation&nbsp;not&nbsp;available,89.9
1158050.KB895463_gene3714,KB895463_gene3714,annotation&nbsp;not&nbsp;available,89.9
1158050.KB895454_gene1330,KB895454_gene1330,annotation&nbsp;not&nbsp;available,89.9
1158050.KB895452_gene300,KB895452_gene300,annotation&nbsp;not&nbsp;available,89.8
1158050.KB895463_gene3691,KB895463_gene3691,annotation&nbsp;not&nbsp;available,89.8
1158050.KB895452_gene496,KB895452_gene496,annotation&nbsp;not&nbsp;available,89.7
1158050.KB895465_gene3468,KB895465_gene3468,annotation&nbsp;not&nbsp;available,89.7
1158050.KB895460_gene3070,KB895460_gene3070,annotation&nbsp;not&nbsp;available,89.7
1158050.KB895457_gene2165,KB895457_gene2165,annotation&nbsp;not&nbsp;available,89.7
1158050.KB895457_gene2291,KB895457_gene2291,annotation&nbsp;not&nbsp;available,89.7
1158050.KB895453_gene852,KB895453_gene852,annotation&nbsp;not&nbsp;available,89.6
1158050.KB895453_gene1146,KB895453_gene1146,annotation&nbsp;not&nbsp;available,89.6
1158050.KB895477_gene2686,KB895477_gene2686,annotation&nbsp;not&nbsp;available,89.6
1158050.KB895455_gene1727,KB895455_gene1727,annotation&nbsp;not&nbsp;available,89.6
1158050.KB895457_gene2236,KB895457_gene2236,annotation&nbsp;not&nbsp;available,89.5
1158050.KB895466_gene3420,KB895466_gene3420,annotation&nbsp;not&nbsp;available,89.5
1158050.KB895458_gene2393,KB895458_gene2393,annotation&nbsp;not&nbsp;available,89.5
1158050.KB895452_gene481,KB895452_gene481,annotation&nbsp;not&nbsp;available,89.5
1158050.KB895452_gene282,KB895452_gene282,annotation&nbsp;not&nbsp;available,89.4
1158050.KB895455_gene1660,KB895455_gene1660,annotation&nbsp;not&nbsp;available,89.4
1158050.KB895454_gene1437,KB895454_gene1437,annotation&nbsp;not&nbsp;available,89.4
1158050.KB895458_gene2426,KB895458_gene2426,annotation&nbsp;not&nbsp;available,89.4
1158050.KB895466_gene3394,KB895466_gene3394,annotation&nbsp;not&nbsp;available,89.3
1158050.KB895453_gene798,KB895453_gene798,annotation&nbsp;not&nbsp;available,89.3
1158050.KB895453_gene912,KB895453_gene912,annotation&nbsp;not&nbsp;available,89.3
1158050.KB895463_gene3751,KB895463_gene3751,annotation&nbsp;not&nbsp;available,89.2
1158050.KB895469_gene3176,KB895469_gene3176,annotation&nbsp;not&nbsp;available,89.2
1158050.KB895454_gene1481,KB895454_gene1481,annotation&nbsp;not&nbsp;available,89.2
1158050.KB895453_gene1168,KB895453_gene1168,annotation&nbsp;not&nbsp;available,89.0
1158050.KB895452_gene42,KB895452_gene42,annotation&nbsp;not&nbsp;available,89.0
1158050.KB895456_gene1979,KB895456_gene1979,annotation&nbsp;not&nbsp;available,89.0
1158050.KB895452_gene237,KB895452_gene237,annotation&nbsp;not&nbsp;available,89.0
1158050.KB895472_gene2751,KB895472_gene2751,annotation&nbsp;not&nbsp;available,89.0
1158050.KB895452_gene494,KB895452_gene494,annotation&nbsp;not&nbsp;available,89.0
1158050.KB895464_gene3574,KB895464_gene3574,annotation&nbsp;not&nbsp;available,89.0
1158050.KB895453_gene767,KB895453_gene767,annotation&nbsp;not&nbsp;available,88.9
1158050.KB895466_gene3458,KB895466_gene3458,annotation&nbsp;not&nbsp;available,88.8
1158050.KB895454_gene1432,KB895454_gene1432,annotation&nbsp;not&nbsp;available,88.7
1158050.KB895456_gene1928,KB895456_gene1928,annotation&nbsp;not&nbsp;available,88.7
1158050.KB895454_gene1615,KB895454_gene1615,annotation&nbsp;not&nbsp;available,88.7
1158050.KB895454_gene1339,KB895454_gene1339,annotation&nbsp;not&nbsp;available,88.7
1158050.KB895453_gene1115,KB895453_gene1115,annotation&nbsp;not&nbsp;available,88.7
1158050.KB895452_gene200,KB895452_gene200,annotation&nbsp;not&nbsp;available,88.6
1158050.KB895456_gene2038,KB895456_gene2038,annotation&nbsp;not&nbsp;available,88.6
1158050.KB895461_gene2897,KB895461_gene2897,annotation&nbsp;not&nbsp;available,88.5
1158050.KB895475_gene2812,KB895475_gene2812,annotation&nbsp;not&nbsp;available,88.5
1158050.KB895458_gene2416,KB895458_gene2416,annotation&nbsp;not&nbsp;available,88.5
1158050.KB895458_gene2330,KB895458_gene2330,annotation&nbsp;not&nbsp;available,88.4
1158050.KB895455_gene1892,KB895455_gene1892,annotation&nbsp;not&nbsp;available,88.3
1158050.KB895452_gene80,KB895452_gene80,annotation&nbsp;not&nbsp;available,88.3
1158050.KB895456_gene1938,KB895456_gene1938,annotation&nbsp;not&nbsp;available,88.2
1158050.KB895452_gene43,KB895452_gene43,annotation&nbsp;not&nbsp;available,88.2
1158050.KB895454_gene1279,KB895454_gene1279,annotation&nbsp;not&nbsp;available,88.2
1158050.KB895452_gene20,KB895452_gene20,annotation&nbsp;not&nbsp;available,88.2
1158050.KB895454_gene1201,KB895454_gene1201,annotation&nbsp;not&nbsp;available,88.2
1158050.KB895458_gene2406,KB895458_gene2406,annotation&nbsp;not&nbsp;available,88.2
1158050.KB895453_gene959,KB895453_gene959,annotation&nbsp;not&nbsp;available,88.2
1158050.KB895459_gene2509,KB895459_gene2509,annotation&nbsp;not&nbsp;available,88.2
1158050.KB895458_gene2344,KB895458_gene2344,annotation&nbsp;not&nbsp;available,88.1
1158050.KB895458_gene2332,KB895458_gene2332,annotation&nbsp;not&nbsp;available,88.1
1158050.KB895473_gene2712,KB895473_gene2712,annotation&nbsp;not&nbsp;available,88.0
1158050.KB895466_gene3362,KB895466_gene3362,annotation&nbsp;not&nbsp;available,88.0
1158050.KB895460_gene3051,KB895460_gene3051,annotation&nbsp;not&nbsp;available,87.9
1158050.KB895452_gene192,KB895452_gene192,annotation&nbsp;not&nbsp;available,87.9
1158050.KB895476_gene2693,KB895476_gene2693,annotation&nbsp;not&nbsp;available,87.8
1158050.KB895454_gene1328,KB895454_gene1328,annotation&nbsp;not&nbsp;available,87.8
1158050.KB895462_gene3883,KB895462_gene3883,annotation&nbsp;not&nbsp;available,87.8
1158050.KB895452_gene604,KB895452_gene604,annotation&nbsp;not&nbsp;available,87.8
1158050.KB895452_gene307,KB895452_gene307,annotation&nbsp;not&nbsp;available,87.8
1158050.KB895453_gene744,KB895453_gene744,annotation&nbsp;not&nbsp;available,87.8
1158050.KB895456_gene2048,KB895456_gene2048,annotation&nbsp;not&nbsp;available,87.8
1158050.KB895455_gene1750,KB895455_gene1750,annotation&nbsp;not&nbsp;available,87.7
1158050.KB895452_gene291,KB895452_gene291,annotation&nbsp;not&nbsp;available,87.7
1158050.KB895460_gene3001,KB895460_gene3001,annotation&nbsp;not&nbsp;available,87.7
1158050.KB895455_gene1768,KB895455_gene1768,annotation&nbsp;not&nbsp;available,87.7
1158050.KB895455_gene1746,KB895455_gene1746,annotation&nbsp;not&nbsp;available,87.7
1158050.KB895452_gene354,KB895452_gene354,annotation&nbsp;not&nbsp;available,87.7
1158050.KB895463_gene3796,KB895463_gene3796,annotation&nbsp;not&nbsp;available,87.6
1158050.KB895469_gene3156,KB895469_gene3156,annotation&nbsp;not&nbsp;available,87.6
1158050.KB895459_gene2525,KB895459_gene2525,annotation&nbsp;not&nbsp;available,87.6
1158050.KB895452_gene94,KB895452_gene94,annotation&nbsp;not&nbsp;available,87.5
1158050.KB895452_gene222,KB895452_gene222,annotation&nbsp;not&nbsp;available,87.5
1158050.KB895452_gene599,KB895452_gene599,annotation&nbsp;not&nbsp;available,87.3
1158050.KB895456_gene1923,KB895456_gene1923,annotation&nbsp;not&nbsp;available,87.3
1158050.KB895453_gene947,KB895453_gene947,annotation&nbsp;not&nbsp;available,87.3
1158050.KB895453_gene708,KB895453_gene708,annotation&nbsp;not&nbsp;available,87.3
1158050.KB895466_gene3381,KB895466_gene3381,annotation&nbsp;not&nbsp;available,87.3
1158050.KB895453_gene1086,KB895453_gene1086,annotation&nbsp;not&nbsp;available,87.2
1158050.KB895481_gene3937,KB895481_gene3937,annotation&nbsp;not&nbsp;available,87.2
1158050.KB895454_gene1504,KB895454_gene1504,annotation&nbsp;not&nbsp;available,87.2
1158050.KB895457_gene2221,KB895457_gene2221,annotation&nbsp;not&nbsp;available,87.2
1158050.KB895474_gene2848,KB895474_gene2848,annotation&nbsp;not&nbsp;available,87.2
1158050.KB895473_gene2716,KB895473_gene2716,annotation&nbsp;not&nbsp;available,87.1
1158050.KB895467_gene3352,KB895467_gene3352,annotation&nbsp;not&nbsp;available,87.1
1158050.KB895454_gene1439,KB895454_gene1439,annotation&nbsp;not&nbsp;available,87.1
1158050.KB895455_gene1694,KB895455_gene1694,annotation&nbsp;not&nbsp;available,87.1
1158050.KB895457_gene2136,KB895457_gene2136,annotation&nbsp;not&nbsp;available,87.1
1158050.KB895452_gene112,KB895452_gene112,annotation&nbsp;not&nbsp;available,87.1
1158050.KB895456_gene1932,KB895456_gene1932,annotation&nbsp;not&nbsp;available,87.1
1158050.KB895453_gene880,KB895453_gene880,annotation&nbsp;not&nbsp;available,87.0
1158050.KB895463_gene3797,KB895463_gene3797,annotation&nbsp;not&nbsp;available,87.0
1158050.KB895456_gene2120,KB895456_gene2120,annotation&nbsp;not&nbsp;available,87.0
1158050.KB895453_gene920,KB895453_gene920,annotation&nbsp;not&nbsp;available,87.0
1158050.KB895452_gene449,KB895452_gene449,annotation&nbsp;not&nbsp;available,86.9
1158050.KB895458_gene2438,KB895458_gene2438,annotation&nbsp;not&nbsp;available,86.9
1158050.KB895456_gene2056,KB895456_gene2056,annotation&nbsp;not&nbsp;available,86.9
1158050.KB895465_gene3536,KB895465_gene3536,annotation&nbsp;not&nbsp;available,86.9
1158050.KB895460_gene3108,KB895460_gene3108,annotation&nbsp;not&nbsp;available,86.9
1158050.KB895454_gene1649,KB895454_gene1649,annotation&nbsp;not&nbsp;available,86.9
1158050.KB895466_gene3383,KB895466_gene3383,annotation&nbsp;not&nbsp;available,86.9
1158050.KB895455_gene1755,KB895455_gene1755,annotation&nbsp;not&nbsp;available,86.9
1158050.KB895453_gene1167,KB895453_gene1167,annotation&nbsp;not&nbsp;available,86.9
1158050.KB895455_gene1732,KB895455_gene1732,annotation&nbsp;not&nbsp;available,86.8
1158050.KB895460_gene3133,KB895460_gene3133,annotation&nbsp;not&nbsp;available,86.8
1158050.KB895452_gene483,KB895452_gene483,annotation&nbsp;not&nbsp;available,86.8
1158050.KB895469_gene3177,KB895469_gene3177,annotation&nbsp;not&nbsp;available,86.8
1158050.KB895453_gene801,KB895453_gene801,annotation&nbsp;not&nbsp;available,86.8
1158050.KB895459_gene2482,KB895459_gene2482,annotation&nbsp;not&nbsp;available,86.8
1158050.KB895454_gene1270,KB895454_gene1270,annotation&nbsp;not&nbsp;available,86.8
1158050.KB895455_gene1901,KB895455_gene1901,annotation&nbsp;not&nbsp;available,86.7
1158050.KB895454_gene1449,KB895454_gene1449,annotation&nbsp;not&nbsp;available,86.7
1158050.KB895463_gene3819,KB895463_gene3819,annotation&nbsp;not&nbsp;available,86.6
1158050.KB895458_gene2405,KB895458_gene2405,annotation&nbsp;not&nbsp;available,86.5
1158050.KB895462_gene3927,KB895462_gene3927,annotation&nbsp;not&nbsp;available,86.5
1158050.KB895456_gene1967,KB895456_gene1967,annotation&nbsp;not&nbsp;available,86.5
1158050.KB895465_gene3461,KB895465_gene3461,annotation&nbsp;not&nbsp;available,86.4
1158050.KB895453_gene913,KB895453_gene913,annotation&nbsp;not&nbsp;available,86.4
1158050.KB895452_gene199,KB895452_gene199,annotation&nbsp;not&nbsp;available,86.3
1158050.KB895467_gene3277,KB895467_gene3277,annotation&nbsp;not&nbsp;available,86.3
1158050.KB895453_gene1148,KB895453_gene1148,annotation&nbsp;not&nbsp;available,86.3
1158050.KB895463_gene3814,KB895463_gene3814,annotation&nbsp;not&nbsp;available,86.2
1158050.KB895455_gene1728,KB895455_gene1728,annotation&nbsp;not&nbsp;available,86.1
1158050.KB895468_gene3246,KB895468_gene3246,annotation&nbsp;not&nbsp;available,86.1
1158050.KB895461_gene2878,KB895461_gene2878,annotation&nbsp;not&nbsp;available,86.1
1158050.KB895456_gene1965,KB895456_gene1965,annotation&nbsp;not&nbsp;available,86.1
1158050.KB895471_gene2589,KB895471_gene2589,annotation&nbsp;not&nbsp;available,86.0
1158050.KB895452_gene51,KB895452_gene51,annotation&nbsp;not&nbsp;available,86.0
1158050.KB895472_gene2765,KB895472_gene2765,annotation&nbsp;not&nbsp;available,85.9
1158050.KB895456_gene2037,KB895456_gene2037,annotation&nbsp;not&nbsp;available,85.9
1158050.KB895460_gene3117,KB895460_gene3117,annotation&nbsp;not&nbsp;available,85.9
1158050.KB895458_gene2432,KB895458_gene2432,annotation&nbsp;not&nbsp;available,85.9
1158050.KB895453_gene775,KB895453_gene775,annotation&nbsp;not&nbsp;available,85.8
1158050.KB895461_gene2988,KB895461_gene2988,annotation&nbsp;not&nbsp;available,85.8
1158050.KB895454_gene1224,KB895454_gene1224,annotation&nbsp;not&nbsp;available,85.8
1158050.KB895457_gene2252,KB895457_gene2252,annotation&nbsp;not&nbsp;available,85.8
1158050.KB895455_gene1744,KB895455_gene1744,annotation&nbsp;not&nbsp;available,85.8
1158050.KB895474_gene2834,KB895474_gene2834,annotation&nbsp;not&nbsp;available,85.7
1158050.KB895452_gene680,KB895452_gene680,annotation&nbsp;not&nbsp;available,85.7
1158050.KB895453_gene1142,KB895453_gene1142,annotation&nbsp;not&nbsp;available,85.6
1158050.KB895452_gene261,KB895452_gene261,annotation&nbsp;not&nbsp;available,85.6
1158050.KB895461_gene2859,KB895461_gene2859,annotation&nbsp;not&nbsp;available,85.5
1158050.KB895475_gene2825,KB895475_gene2825,annotation&nbsp;not&nbsp;available,85.5
1158050.KB895465_gene3542,KB895465_gene3542,annotation&nbsp;not&nbsp;available,85.5
1158050.KB895453_gene877,KB895453_gene877,annotation&nbsp;not&nbsp;available,85.4
1158050.KB895462_gene3899,KB895462_gene3899,annotation&nbsp;not&nbsp;available,85.4
1158050.KB895453_gene1065,KB895453_gene1065,annotation&nbsp;not&nbsp;available,85.3
1158050.KB895452_gene427,KB895452_gene427,annotation&nbsp;not&nbsp;available,85.3
1158050.KB895463_gene3713,KB895463_gene3713,annotation&nbsp;not&nbsp;available,85.2
1158050.KB895468_gene3264,KB895468_gene3264,annotation&nbsp;not&nbsp;available,85.2
1158050.KB895461_gene2959,KB895461_gene2959,annotation&nbsp;not&nbsp;available,85.2
1158050.KB895463_gene3763,KB895463_gene3763,annotation&nbsp;not&nbsp;available,85.1
1158050.KB895452_gene3,KB895452_gene3,annotation&nbsp;not&nbsp;available,85.1
1158050.KB895452_gene295,KB895452_gene295,annotation&nbsp;not&nbsp;available,85.1
1158050.KB895454_gene1230,KB895454_gene1230,annotation&nbsp;not&nbsp;available,85.0
1158050.KB895452_gene353,KB895452_gene353,annotation&nbsp;not&nbsp;available,84.9
1158050.KB895463_gene3808,KB895463_gene3808,annotation&nbsp;not&nbsp;available,84.9
1158050.KB895456_gene1981,KB895456_gene1981,annotation&nbsp;not&nbsp;available,84.8
1158050.KB895467_gene3335,KB895467_gene3335,annotation&nbsp;not&nbsp;available,84.8
1158050.KB895467_gene3327,KB895467_gene3327,annotation&nbsp;not&nbsp;available,84.8
1158050.KB895452_gene589,KB895452_gene589,annotation&nbsp;not&nbsp;available,84.8
1158050.KB895455_gene1666,KB895455_gene1666,annotation&nbsp;not&nbsp;available,84.8
1158050.KB895452_gene492,KB895452_gene492,annotation&nbsp;not&nbsp;available,84.7
1158050.KB895452_gene262,KB895452_gene262,annotation&nbsp;not&nbsp;available,84.7
1158050.KB895459_gene2503,KB895459_gene2503,annotation&nbsp;not&nbsp;available,84.7
1158050.KB895452_gene327,KB895452_gene327,annotation&nbsp;not&nbsp;available,84.7
1158050.KB895453_gene1196,KB895453_gene1196,annotation&nbsp;not&nbsp;available,84.7
1158050.KB895452_gene181,KB895452_gene181,annotation&nbsp;not&nbsp;available,84.7
1158050.KB895454_gene1302,KB895454_gene1302,annotation&nbsp;not&nbsp;available,84.7
1158050.KB895453_gene943,KB895453_gene943,annotation&nbsp;not&nbsp;available,84.6
1158050.KB895452_gene76,KB895452_gene76,annotation&nbsp;not&nbsp;available,84.6
1158050.KB895452_gene569,KB895452_gene569,annotation&nbsp;not&nbsp;available,84.6
1158050.KB895455_gene1851,KB895455_gene1851,annotation&nbsp;not&nbsp;available,84.6
1158050.KB895453_gene1156,KB895453_gene1156,annotation&nbsp;not&nbsp;available,84.5
1158050.KB895459_gene2498,KB895459_gene2498,annotation&nbsp;not&nbsp;available,84.5
1158050.KB895464_gene3634,KB895464_gene3634,annotation&nbsp;not&nbsp;available,84.5
1158050.KB895452_gene315,KB895452_gene315,annotation&nbsp;not&nbsp;available,84.4
1158050.KB895453_gene800,KB895453_gene800,annotation&nbsp;not&nbsp;available,84.4
1158050.KB895452_gene78,KB895452_gene78,annotation&nbsp;not&nbsp;available,84.4
1158050.KB895456_gene1934,KB895456_gene1934,annotation&nbsp;not&nbsp;available,84.4
1158050.KB895457_gene2182,KB895457_gene2182,annotation&nbsp;not&nbsp;available,84.3
1158050.KB895454_gene1286,KB895454_gene1286,annotation&nbsp;not&nbsp;available,84.3
1158050.KB895469_gene3179,KB895469_gene3179,annotation&nbsp;not&nbsp;available,84.3
1158050.KB895468_gene3238,KB895468_gene3238,annotation&nbsp;not&nbsp;available,84.3
1158050.KB895452_gene472,KB895452_gene472,annotation&nbsp;not&nbsp;available,84.1
1158050.KB895453_gene1066,KB895453_gene1066,annotation&nbsp;not&nbsp;available,84.1
1158050.KB895460_gene3126,KB895460_gene3126,annotation&nbsp;not&nbsp;available,84.1
1158050.KB895459_gene2513,KB895459_gene2513,annotation&nbsp;not&nbsp;available,84.1
1158050.KB895452_gene198,KB895452_gene198,annotation&nbsp;not&nbsp;available,84.0
1158050.KB895463_gene3744,KB895463_gene3744,annotation&nbsp;not&nbsp;available,84.0
1158050.KB895452_gene638,KB895452_gene638,annotation&nbsp;not&nbsp;available,84.0
1158050.KB895471_gene2588,KB895471_gene2588,annotation&nbsp;not&nbsp;available,84.0
1158050.KB895457_gene2163,KB895457_gene2163,annotation&nbsp;not&nbsp;available,83.9
1158050.KB895452_gene66,KB895452_gene66,annotation&nbsp;not&nbsp;available,83.9
1158050.KB895457_gene2161,KB895457_gene2161,annotation&nbsp;not&nbsp;available,83.9
1158050.KB895453_gene885,KB895453_gene885,annotation&nbsp;not&nbsp;available,83.9
1158050.KB895466_gene3364,KB895466_gene3364,annotation&nbsp;not&nbsp;available,83.8
1158050.KB895460_gene3071,KB895460_gene3071,annotation&nbsp;not&nbsp;available,83.8
1158050.KB895452_gene539,KB895452_gene539,annotation&nbsp;not&nbsp;available,83.8
1158050.KB895452_gene468,KB895452_gene468,annotation&nbsp;not&nbsp;available,83.8
1158050.KB895466_gene3453,KB895466_gene3453,annotation&nbsp;not&nbsp;available,83.8
1158050.KB895475_gene2805,KB895475_gene2805,annotation&nbsp;not&nbsp;available,83.8
1158050.KB895452_gene444,KB895452_gene444,annotation&nbsp;not&nbsp;available,83.7
1158050.KB895456_gene2033,KB895456_gene2033,annotation&nbsp;not&nbsp;available,83.7
1158050.KB895456_gene2111,KB895456_gene2111,annotation&nbsp;not&nbsp;available,83.7
1158050.KB895468_gene3221,KB895468_gene3221,annotation&nbsp;not&nbsp;available,83.7
1158050.KB895454_gene1471,KB895454_gene1471,annotation&nbsp;not&nbsp;available,83.6
1158050.KB895455_gene1898,KB895455_gene1898,annotation&nbsp;not&nbsp;available,83.5
1158050.KB895452_gene475,KB895452_gene475,annotation&nbsp;not&nbsp;available,83.4
1158050.KB895452_gene453,KB895452_gene453,annotation&nbsp;not&nbsp;available,83.4
1158050.KB895466_gene3374,KB895466_gene3374,annotation&nbsp;not&nbsp;available,83.3
1158050.KB895453_gene867,KB895453_gene867,annotation&nbsp;not&nbsp;available,83.3
1158050.KB895453_gene1097,KB895453_gene1097,annotation&nbsp;not&nbsp;available,83.2
1158050.KB895452_gene600,KB895452_gene600,annotation&nbsp;not&nbsp;available,83.1
1158050.KB895467_gene3343,KB895467_gene3343,annotation&nbsp;not&nbsp;available,83.1
1158050.KB895454_gene1540,KB895454_gene1540,annotation&nbsp;not&nbsp;available,83.1
1158050.KB895453_gene750,KB895453_gene750,annotation&nbsp;not&nbsp;available,83.1
1158050.KB895452_gene87,KB895452_gene87,annotation&nbsp;not&nbsp;available,83.1
1158050.KB895469_gene3150,KB895469_gene3150,annotation&nbsp;not&nbsp;available,83.0
1158050.KB895453_gene1137,KB895453_gene1137,annotation&nbsp;not&nbsp;available,82.9
1158050.KB895464_gene3631,KB895464_gene3631,annotation&nbsp;not&nbsp;available,82.9
1158050.KB895455_gene1807,KB895455_gene1807,annotation&nbsp;not&nbsp;available,82.9
1158050.KB895454_gene1407,KB895454_gene1407,annotation&nbsp;not&nbsp;available,82.8
1158050.KB895463_gene3821,KB895463_gene3821,annotation&nbsp;not&nbsp;available,82.7
1158050.KB895452_gene157,KB895452_gene157,annotation&nbsp;not&nbsp;available,82.7
1158050.KB895453_gene1016,KB895453_gene1016,annotation&nbsp;not&nbsp;available,82.7
1158050.KB895452_gene257,KB895452_gene257,annotation&nbsp;not&nbsp;available,82.7
1158050.KB895454_gene1606,KB895454_gene1606,annotation&nbsp;not&nbsp;available,82.6
1158050.KB895461_gene2928,KB895461_gene2928,annotation&nbsp;not&nbsp;available,82.6
1158050.KB895452_gene455,KB895452_gene455,annotation&nbsp;not&nbsp;available,82.5
1158050.KB895458_gene2433,KB895458_gene2433,annotation&nbsp;not&nbsp;available,82.5
1158050.KB895460_gene3058,KB895460_gene3058,annotation&nbsp;not&nbsp;available,82.4
1158050.KB895453_gene794,KB895453_gene794,annotation&nbsp;not&nbsp;available,82.4
1158050.KB895452_gene549,KB895452_gene549,annotation&nbsp;not&nbsp;available,82.3
1158050.KB895460_gene3025,KB895460_gene3025,annotation&nbsp;not&nbsp;available,82.3
1158050.KB895456_gene1969,KB895456_gene1969,annotation&nbsp;not&nbsp;available,82.3
1158050.KB895454_gene1622,KB895454_gene1622,annotation&nbsp;not&nbsp;available,82.3
1158050.KB895464_gene3614,KB895464_gene3614,annotation&nbsp;not&nbsp;available,82.2
1158050.KB895461_gene2902,KB895461_gene2902,annotation&nbsp;not&nbsp;available,82.2
1158050.KB895452_gene284,KB895452_gene284,annotation&nbsp;not&nbsp;available,82.1
1158050.KB895463_gene3737,KB895463_gene3737,annotation&nbsp;not&nbsp;available,82.1
1158050.KB895460_gene3093,KB895460_gene3093,annotation&nbsp;not&nbsp;available,82.1
1158050.KB895452_gene226,KB895452_gene226,annotation&nbsp;not&nbsp;available,82.1
1158050.KB895452_gene428,KB895452_gene428,annotation&nbsp;not&nbsp;available,82.0
1158050.KB895468_gene3258,KB895468_gene3258,annotation&nbsp;not&nbsp;available,82.0
1158050.KB895463_gene3769,KB895463_gene3769,annotation&nbsp;not&nbsp;available,81.9
1158050.KB895457_gene2265,KB895457_gene2265,annotation&nbsp;not&nbsp;available,81.9
1158050.KB895454_gene1438,KB895454_gene1438,annotation&nbsp;not&nbsp;available,81.9
1158050.KB895453_gene850,KB895453_gene850,annotation&nbsp;not&nbsp;available,81.8
1158050.KB895452_gene259,KB895452_gene259,annotation&nbsp;not&nbsp;available,81.8
1158050.KB895462_gene3864,KB895462_gene3864,annotation&nbsp;not&nbsp;available,81.8
1158050.KB895472_gene2745,KB895472_gene2745,annotation&nbsp;not&nbsp;available,81.8
1158050.KB895454_gene1603,KB895454_gene1603,annotation&nbsp;not&nbsp;available,81.8
1158050.KB895452_gene452,KB895452_gene452,annotation&nbsp;not&nbsp;available,81.8
1158050.KB895452_gene633,KB895452_gene633,annotation&nbsp;not&nbsp;available,81.7
1158050.KB895453_gene707,KB895453_gene707,annotation&nbsp;not&nbsp;available,81.7
1158050.KB895462_gene3895,KB895462_gene3895,annotation&nbsp;not&nbsp;available,81.7
1158050.KB895452_gene362,KB895452_gene362,annotation&nbsp;not&nbsp;available,81.7
1158050.KB895455_gene1657,KB895455_gene1657,annotation&nbsp;not&nbsp;available,81.6
1158050.KB895454_gene1288,KB895454_gene1288,annotation&nbsp;not&nbsp;available,81.6
1158050.KB895453_gene757,KB895453_gene757,annotation&nbsp;not&nbsp;available,81.6
1158050.KB895453_gene1104,KB895453_gene1104,annotation&nbsp;not&nbsp;available,81.6
1158050.KB895456_gene2024,KB895456_gene2024,annotation&nbsp;not&nbsp;available,81.6
1158050.KB895456_gene2032,KB895456_gene2032,annotation&nbsp;not&nbsp;available,81.5
1158050.KB895452_gene578,KB895452_gene578,annotation&nbsp;not&nbsp;available,81.5
1158050.KB895454_gene1332,KB895454_gene1332,annotation&nbsp;not&nbsp;available,81.5
1158050.KB895454_gene1642,KB895454_gene1642,annotation&nbsp;not&nbsp;available,81.5
1158050.KB895459_gene2521,KB895459_gene2521,annotation&nbsp;not&nbsp;available,81.4
1158050.KB895460_gene3004,KB895460_gene3004,annotation&nbsp;not&nbsp;available,81.4
1158050.KB895462_gene3896,KB895462_gene3896,annotation&nbsp;not&nbsp;available,81.3
1158050.KB895456_gene2017,KB895456_gene2017,annotation&nbsp;not&nbsp;available,81.3
1158050.KB895461_gene2967,KB895461_gene2967,annotation&nbsp;not&nbsp;available,81.2
1158050.KB895468_gene3262,KB895468_gene3262,annotation&nbsp;not&nbsp;available,81.2
1158050.KB895467_gene3355,KB895467_gene3355,annotation&nbsp;not&nbsp;available,81.1
1158050.KB895452_gene176,KB895452_gene176,annotation&nbsp;not&nbsp;available,81.1
1158050.KB895464_gene3678,KB895464_gene3678,annotation&nbsp;not&nbsp;available,81.1
1158050.KB895452_gene364,KB895452_gene364,annotation&nbsp;not&nbsp;available,81.1
1158050.KB895457_gene2312,KB895457_gene2312,annotation&nbsp;not&nbsp;available,81.1
1158050.KB895452_gene95,KB895452_gene95,annotation&nbsp;not&nbsp;available,81.0
1158050.KB895453_gene923,KB895453_gene923,annotation&nbsp;not&nbsp;available,81.0
1158050.KB895468_gene3240,KB895468_gene3240,annotation&nbsp;not&nbsp;available,81.0
1158050.KB895457_gene2220,KB895457_gene2220,annotation&nbsp;not&nbsp;available,81.0
1158050.KB895453_gene944,KB895453_gene944,annotation&nbsp;not&nbsp;available,80.9
1158050.KB895462_gene3832,KB895462_gene3832,annotation&nbsp;not&nbsp;available,80.9
1158050.KB895465_gene3466,KB895465_gene3466,annotation&nbsp;not&nbsp;available,80.9
1158050.KB895461_gene2899,KB895461_gene2899,annotation&nbsp;not&nbsp;available,80.9
1158050.KB895455_gene1878,KB895455_gene1878,annotation&nbsp;not&nbsp;available,80.8
1158050.KB895453_gene1070,KB895453_gene1070,annotation&nbsp;not&nbsp;available,80.8
1158050.KB895465_gene3521,KB895465_gene3521,annotation&nbsp;not&nbsp;available,80.8
1158050.KB895453_gene1188,KB895453_gene1188,annotation&nbsp;not&nbsp;available,80.8
1158050.KB895470_gene2641,KB895470_gene2641,annotation&nbsp;not&nbsp;available,80.8
1158050.KB895472_gene2768,KB895472_gene2768,annotation&nbsp;not&nbsp;available,80.7
1158050.KB895472_gene2749,KB895472_gene2749,annotation&nbsp;not&nbsp;available,80.6
1158050.KB895467_gene3353,KB895467_gene3353,annotation&nbsp;not&nbsp;available,80.5
1158050.KB895452_gene461,KB895452_gene461,annotation&nbsp;not&nbsp;available,80.5
1158050.KB895459_gene2484,KB895459_gene2484,annotation&nbsp;not&nbsp;available,80.5
1158050.KB895472_gene2777,KB895472_gene2777,annotation&nbsp;not&nbsp;available,80.5
1158050.KB895452_gene347,KB895452_gene347,annotation&nbsp;not&nbsp;available,80.4
1158050.KB895454_gene1602,KB895454_gene1602,annotation&nbsp;not&nbsp;available,80.4
1158050.KB895454_gene1235,KB895454_gene1235,annotation&nbsp;not&nbsp;available,80.4
1158050.KB895454_gene1595,KB895454_gene1595,annotation&nbsp;not&nbsp;available,80.4
1158050.KB895456_gene1961,KB895456_gene1961,annotation&nbsp;not&nbsp;available,80.4
1158050.KB895453_gene962,KB895453_gene962,annotation&nbsp;not&nbsp;available,80.3
1158050.KB895471_gene2626,KB895471_gene2626,annotation&nbsp;not&nbsp;available,80.3
1158050.KB895452_gene344,KB895452_gene344,annotation&nbsp;not&nbsp;available,80.3
1158050.KB895454_gene1212,KB895454_gene1212,annotation&nbsp;not&nbsp;available,80.3
1158050.KB895452_gene228,KB895452_gene228,annotation&nbsp;not&nbsp;available,80.1
1158050.KB895460_gene3067,KB895460_gene3067,annotation&nbsp;not&nbsp;available,80.1
1158050.KB895471_gene2594,KB895471_gene2594,annotation&nbsp;not&nbsp;available,80.1
1158050.KB895462_gene3885,KB895462_gene3885,annotation&nbsp;not&nbsp;available,80.0
1158050.KB895452_gene26,KB895452_gene26,annotation&nbsp;not&nbsp;available,80.0
1158050.KB895463_gene3753,KB895463_gene3753,annotation&nbsp;not&nbsp;available,79.9
1158050.KB895454_gene1325,KB895454_gene1325,annotation&nbsp;not&nbsp;available,79.9
1158050.KB895452_gene393,KB895452_gene393,annotation&nbsp;not&nbsp;available,79.9
1158050.KB895452_gene377,KB895452_gene377,annotation&nbsp;not&nbsp;available,79.8
1158050.KB895462_gene3859,KB895462_gene3859,annotation&nbsp;not&nbsp;available,79.8
1158050.KB895468_gene3265,KB895468_gene3265,annotation&nbsp;not&nbsp;available,79.8
1158050.KB895453_gene1103,KB895453_gene1103,annotation&nbsp;not&nbsp;available,79.8
1158050.KB895454_gene1300,KB895454_gene1300,annotation&nbsp;not&nbsp;available,79.8
1158050.KB895465_gene3515,KB895465_gene3515,annotation&nbsp;not&nbsp;available,79.7
1158050.KB895452_gene217,KB895452_gene217,annotation&nbsp;not&nbsp;available,79.7
1158050.KB895452_gene467,KB895452_gene467,annotation&nbsp;not&nbsp;available,79.6
1158050.KB895457_gene2137,KB895457_gene2137,annotation&nbsp;not&nbsp;available,79.6
1158050.KB895454_gene1610,KB895454_gene1610,annotation&nbsp;not&nbsp;available,79.5
1158050.KB895453_gene980,KB895453_gene980,annotation&nbsp;not&nbsp;available,79.5
1158050.KB895462_gene3914,KB895462_gene3914,annotation&nbsp;not&nbsp;available,79.4
1158050.KB895452_gene283,KB895452_gene283,annotation&nbsp;not&nbsp;available,79.4
1158050.KB895468_gene3270,KB895468_gene3270,annotation&nbsp;not&nbsp;available,79.4
1158050.KB895467_gene3297,KB895467_gene3297,annotation&nbsp;not&nbsp;available,79.1
1158050.KB895466_gene3417,KB895466_gene3417,annotation&nbsp;not&nbsp;available,79.1
1158050.KB895470_gene2664,KB895470_gene2664,annotation&nbsp;not&nbsp;available,79.1
1158050.KB895459_gene2538,KB895459_gene2538,annotation&nbsp;not&nbsp;available,79.1
1158050.KB895452_gene421,KB895452_gene421,annotation&nbsp;not&nbsp;available,79.0
1158050.KB895455_gene1654,KB895455_gene1654,annotation&nbsp;not&nbsp;available,79.0
1158050.KB895455_gene1880,KB895455_gene1880,annotation&nbsp;not&nbsp;available,79.0
1158050.KB895452_gene142,KB895452_gene142,annotation&nbsp;not&nbsp;available,78.9
1158050.KB895456_gene1903,KB895456_gene1903,annotation&nbsp;not&nbsp;available,78.9
1158050.KB895461_gene2941,KB895461_gene2941,annotation&nbsp;not&nbsp;available,78.8
1158050.KB895461_gene2985,KB895461_gene2985,annotation&nbsp;not&nbsp;available,78.8
1158050.KB895469_gene3144,KB895469_gene3144,annotation&nbsp;not&nbsp;available,78.7
1158050.KB895452_gene46,KB895452_gene46,annotation&nbsp;not&nbsp;available,78.7
1158050.KB895459_gene2485,KB895459_gene2485,annotation&nbsp;not&nbsp;available,78.7
1158050.KB895463_gene3786,KB895463_gene3786,annotation&nbsp;not&nbsp;available,78.7
1158050.KB895463_gene3767,KB895463_gene3767,annotation&nbsp;not&nbsp;available,78.7
1158050.KB895453_gene833,KB895453_gene833,annotation&nbsp;not&nbsp;available,78.6
1158050.KB895454_gene1489,KB895454_gene1489,annotation&nbsp;not&nbsp;available,78.6
1158050.KB895455_gene1731,KB895455_gene1731,annotation&nbsp;not&nbsp;available,78.5
1158050.KB895452_gene286,KB895452_gene286,annotation&nbsp;not&nbsp;available,78.5
1158050.KB895460_gene3074,KB895460_gene3074,annotation&nbsp;not&nbsp;available,78.5
1158050.KB895461_gene2952,KB895461_gene2952,annotation&nbsp;not&nbsp;available,78.5
1158050.KB895454_gene1371,KB895454_gene1371,annotation&nbsp;not&nbsp;available,78.4
1158050.KB895470_gene2677,KB895470_gene2677,annotation&nbsp;not&nbsp;available,78.3
1158050.KB895455_gene1756,KB895455_gene1756,annotation&nbsp;not&nbsp;available,78.3
1158050.KB895463_gene3825,KB895463_gene3825,annotation&nbsp;not&nbsp;available,78.3
1158050.KB895458_gene2349,KB895458_gene2349,annotation&nbsp;not&nbsp;available,78.2
1158050.KB895457_gene2131,KB895457_gene2131,annotation&nbsp;not&nbsp;available,78.2
1158050.KB895452_gene150,KB895452_gene150,annotation&nbsp;not&nbsp;available,78.2
1158050.KB895466_gene3418,KB895466_gene3418,annotation&nbsp;not&nbsp;available,78.2
1158050.KB895470_gene2635,KB895470_gene2635,annotation&nbsp;not&nbsp;available,78.1
1158050.KB895453_gene759,KB895453_gene759,annotation&nbsp;not&nbsp;available,78.0
1158050.KB895453_gene1045,KB895453_gene1045,annotation&nbsp;not&nbsp;available,78.0
1158050.KB895453_gene797,KB895453_gene797,annotation&nbsp;not&nbsp;available,78.0
1158050.KB895452_gene602,KB895452_gene602,annotation&nbsp;not&nbsp;available,78.0
1158050.KB895452_gene506,KB895452_gene506,annotation&nbsp;not&nbsp;available,77.9
1158050.KB895453_gene1178,KB895453_gene1178,annotation&nbsp;not&nbsp;available,77.9
1158050.KB895461_gene2929,KB895461_gene2929,annotation&nbsp;not&nbsp;available,77.8
1158050.KB895471_gene2617,KB895471_gene2617,annotation&nbsp;not&nbsp;available,77.8
1158050.KB895463_gene3752,KB895463_gene3752,annotation&nbsp;not&nbsp;available,77.8
1158050.KB895454_gene1312,KB895454_gene1312,annotation&nbsp;not&nbsp;available,77.7
1158050.KB895465_gene3477,KB895465_gene3477,annotation&nbsp;not&nbsp;available,77.7
1158050.KB895453_gene971,KB895453_gene971,annotation&nbsp;not&nbsp;available,77.7
1158050.KB895454_gene1590,KB895454_gene1590,annotation&nbsp;not&nbsp;available,77.7
1158050.KB895472_gene2758,KB895472_gene2758,annotation&nbsp;not&nbsp;available,77.6
1158050.KB895454_gene1552,KB895454_gene1552,annotation&nbsp;not&nbsp;available,77.5
1158050.KB895453_gene875,KB895453_gene875,annotation&nbsp;not&nbsp;available,77.5
1158050.KB895456_gene1921,KB895456_gene1921,annotation&nbsp;not&nbsp;available,77.5
1158050.KB895452_gene471,KB895452_gene471,annotation&nbsp;not&nbsp;available,77.4
1158050.KB895452_gene5,KB895452_gene5,annotation&nbsp;not&nbsp;available,77.4
1158050.KB895457_gene2256,KB895457_gene2256,annotation&nbsp;not&nbsp;available,77.4
1158050.KB895455_gene1818,KB895455_gene1818,annotation&nbsp;not&nbsp;available,77.3
1158050.KB895458_gene2394,KB895458_gene2394,annotation&nbsp;not&nbsp;available,77.3
1158050.KB895453_gene1114,KB895453_gene1114,annotation&nbsp;not&nbsp;available,77.3
1158050.KB895454_gene1448,KB895454_gene1448,annotation&nbsp;not&nbsp;available,77.2
1158050.KB895454_gene1390,KB895454_gene1390,annotation&nbsp;not&nbsp;available,77.2
1158050.KB895454_gene1331,KB895454_gene1331,annotation&nbsp;not&nbsp;available,77.2
1158050.KB895470_gene2636,KB895470_gene2636,annotation&nbsp;not&nbsp;available,77.2
1158050.KB895466_gene3382,KB895466_gene3382,annotation&nbsp;not&nbsp;available,77.2
1158050.KB895452_gene391,KB895452_gene391,annotation&nbsp;not&nbsp;available,77.2
1158050.KB895452_gene311,KB895452_gene311,annotation&nbsp;not&nbsp;available,77.0
1158050.KB895459_gene2516,KB895459_gene2516,annotation&nbsp;not&nbsp;available,77.0
1158050.KB895464_gene3565,KB895464_gene3565,annotation&nbsp;not&nbsp;available,77.0
1158050.KB895463_gene3823,KB895463_gene3823,annotation&nbsp;not&nbsp;available,77.0
1158050.KB895464_gene3630,KB895464_gene3630,annotation&nbsp;not&nbsp;available,77.0
1158050.KB895456_gene1974,KB895456_gene1974,annotation&nbsp;not&nbsp;available,77.0
1158050.KB895452_gene207,KB895452_gene207,annotation&nbsp;not&nbsp;available,76.9
1158050.KB895466_gene3454,KB895466_gene3454,annotation&nbsp;not&nbsp;available,76.9
1158050.KB895453_gene849,KB895453_gene849,annotation&nbsp;not&nbsp;available,76.8
1158050.KB895453_gene982,KB895453_gene982,annotation&nbsp;not&nbsp;available,76.8
1158050.KB895456_gene1924,KB895456_gene1924,annotation&nbsp;not&nbsp;available,76.8
1158050.KB895454_gene1305,KB895454_gene1305,annotation&nbsp;not&nbsp;available,76.7
1158050.KB895453_gene856,KB895453_gene856,annotation&nbsp;not&nbsp;available,76.7
1158050.KB895465_gene3462,KB895465_gene3462,annotation&nbsp;not&nbsp;available,76.7
1158050.KB895457_gene2133,KB895457_gene2133,annotation&nbsp;not&nbsp;available,76.7
1158050.KB895460_gene3111,KB895460_gene3111,annotation&nbsp;not&nbsp;available,76.7
1158050.KB895458_gene2340,KB895458_gene2340,annotation&nbsp;not&nbsp;available,76.6
1158050.KB895455_gene1715,KB895455_gene1715,annotation&nbsp;not&nbsp;available,76.6
1158050.KB895453_gene931,KB895453_gene931,annotation&nbsp;not&nbsp;available,76.6
1158050.KB895461_gene2966,KB895461_gene2966,annotation&nbsp;not&nbsp;available,76.6
1158050.KB895462_gene3887,KB895462_gene3887,annotation&nbsp;not&nbsp;available,76.6
1158050.KB895457_gene2204,KB895457_gene2204,annotation&nbsp;not&nbsp;available,76.5
1158050.KB895454_gene1476,KB895454_gene1476,annotation&nbsp;not&nbsp;available,76.5
1158050.KB895459_gene2494,KB895459_gene2494,annotation&nbsp;not&nbsp;available,76.5
1158050.KB895470_gene2665,KB895470_gene2665,annotation&nbsp;not&nbsp;available,76.5
1158050.KB895459_gene2535,KB895459_gene2535,annotation&nbsp;not&nbsp;available,76.4
1158050.KB895456_gene1945,KB895456_gene1945,annotation&nbsp;not&nbsp;available,76.4
1158050.KB895452_gene365,KB895452_gene365,annotation&nbsp;not&nbsp;available,76.3
1158050.KB895452_gene229,KB895452_gene229,annotation&nbsp;not&nbsp;available,76.3
1158050.KB895457_gene2219,KB895457_gene2219,annotation&nbsp;not&nbsp;available,76.3
1158050.KB895456_gene1990,KB895456_gene1990,annotation&nbsp;not&nbsp;available,76.3
1158050.KB895452_gene31,KB895452_gene31,annotation&nbsp;not&nbsp;available,76.3
1158050.KB895452_gene338,KB895452_gene338,annotation&nbsp;not&nbsp;available,76.2
1158050.KB895469_gene3193,KB895469_gene3193,annotation&nbsp;not&nbsp;available,76.2
1158050.KB895457_gene2308,KB895457_gene2308,annotation&nbsp;not&nbsp;available,76.2
1158050.KB895452_gene296,KB895452_gene296,annotation&nbsp;not&nbsp;available,76.1
1158050.KB895453_gene755,KB895453_gene755,annotation&nbsp;not&nbsp;available,76.1
1158050.KB895466_gene3415,KB895466_gene3415,annotation&nbsp;not&nbsp;available,76.1
1158050.KB895457_gene2184,KB895457_gene2184,annotation&nbsp;not&nbsp;available,76.1
1158050.KB895459_gene2526,KB895459_gene2526,annotation&nbsp;not&nbsp;available,76.0
1158050.KB895461_gene2969,KB895461_gene2969,annotation&nbsp;not&nbsp;available,76.0
1158050.KB895469_gene3166,KB895469_gene3166,annotation&nbsp;not&nbsp;available,76.0
1158050.KB895463_gene3705,KB895463_gene3705,annotation&nbsp;not&nbsp;available,75.9
1158050.KB895456_gene1927,KB895456_gene1927,annotation&nbsp;not&nbsp;available,75.9
1158050.KB895468_gene3213,KB895468_gene3213,annotation&nbsp;not&nbsp;available,75.8
1158050.KB895452_gene77,KB895452_gene77,annotation&nbsp;not&nbsp;available,75.8
1158050.KB895457_gene2139,KB895457_gene2139,annotation&nbsp;not&nbsp;available,75.8
1158050.KB895454_gene1641,KB895454_gene1641,annotation&nbsp;not&nbsp;available,75.7
1158050.KB895453_gene724,KB895453_gene724,annotation&nbsp;not&nbsp;available,75.7
1158050.KB895468_gene3214,KB895468_gene3214,annotation&nbsp;not&nbsp;available,75.7
1158050.KB895473_gene2730,KB895473_gene2730,annotation&nbsp;not&nbsp;available,75.6
1158050.KB895452_gene485,KB895452_gene485,annotation&nbsp;not&nbsp;available,75.6
1158050.KB895454_gene1644,KB895454_gene1644,annotation&nbsp;not&nbsp;available,75.6
1158050.KB895454_gene1297,KB895454_gene1297,annotation&nbsp;not&nbsp;available,75.5
1158050.KB895462_gene3845,KB895462_gene3845,annotation&nbsp;not&nbsp;available,75.5
1158050.KB895452_gene250,KB895452_gene250,annotation&nbsp;not&nbsp;available,75.5
1158050.KB895460_gene3130,KB895460_gene3130,annotation&nbsp;not&nbsp;available,75.5
1158050.KB895466_gene3396,KB895466_gene3396,annotation&nbsp;not&nbsp;available,75.5
1158050.KB895462_gene3863,KB895462_gene3863,annotation&nbsp;not&nbsp;available,75.5
1158050.KB895452_gene6,KB895452_gene6,annotation&nbsp;not&nbsp;available,75.5
1158050.KB895466_gene3363,KB895466_gene3363,annotation&nbsp;not&nbsp;available,75.4
1158050.KB895469_gene3168,KB895469_gene3168,annotation&nbsp;not&nbsp;available,75.3
1158050.KB895474_gene2827,KB895474_gene2827,annotation&nbsp;not&nbsp;available,75.3
1158050.KB895458_gene2339,KB895458_gene2339,annotation&nbsp;not&nbsp;available,75.3
1158050.KB895452_gene516,KB895452_gene516,annotation&nbsp;not&nbsp;available,75.3
1158050.KB895452_gene71,KB895452_gene71,annotation&nbsp;not&nbsp;available,75.3
1158050.KB895456_gene1946,KB895456_gene1946,annotation&nbsp;not&nbsp;available,75.2
1158050.KB895453_gene864,KB895453_gene864,annotation&nbsp;not&nbsp;available,75.2
1158050.KB895454_gene1569,KB895454_gene1569,annotation&nbsp;not&nbsp;available,75.2
1158050.KB895474_gene2833,KB895474_gene2833,annotation&nbsp;not&nbsp;available,75.1
1158050.KB895452_gene227,KB895452_gene227,annotation&nbsp;not&nbsp;available,75.0
1158050.KB895477_gene2684,KB895477_gene2684,annotation&nbsp;not&nbsp;available,75.0
1158050.KB895460_gene3009,KB895460_gene3009,annotation&nbsp;not&nbsp;available,75.0
1158050.KB895464_gene3617,KB895464_gene3617,annotation&nbsp;not&nbsp;available,75.0
1158050.KB895463_gene3692,KB895463_gene3692,annotation&nbsp;not&nbsp;available,74.9
1158050.KB895466_gene3446,KB895466_gene3446,annotation&nbsp;not&nbsp;available,74.9
1158050.KB895455_gene1779,KB895455_gene1779,annotation&nbsp;not&nbsp;available,74.9
1158050.KB895458_gene2346,KB895458_gene2346,annotation&nbsp;not&nbsp;available,74.8
1158050.KB895471_gene2598,KB895471_gene2598,annotation&nbsp;not&nbsp;available,74.7
1158050.KB895462_gene3926,KB895462_gene3926,annotation&nbsp;not&nbsp;available,74.7
1158050.KB895452_gene107,KB895452_gene107,annotation&nbsp;not&nbsp;available,74.7
1158050.KB895455_gene1839,KB895455_gene1839,annotation&nbsp;not&nbsp;available,74.7
1158050.KB895476_gene2692,KB895476_gene2692,annotation&nbsp;not&nbsp;available,74.7
1158050.KB895476_gene2689,KB895476_gene2689,annotation&nbsp;not&nbsp;available,74.7
1158050.KB895455_gene1754,KB895455_gene1754,annotation&nbsp;not&nbsp;available,74.7
1158050.KB895454_gene1580,KB895454_gene1580,annotation&nbsp;not&nbsp;available,74.6
1158050.KB895452_gene413,KB895452_gene413,annotation&nbsp;not&nbsp;available,74.6
1158050.KB895452_gene517,KB895452_gene517,annotation&nbsp;not&nbsp;available,74.6
1158050.KB895454_gene1395,KB895454_gene1395,annotation&nbsp;not&nbsp;available,74.5
1158050.KB895453_gene1109,KB895453_gene1109,annotation&nbsp;not&nbsp;available,74.5
1158050.KB895464_gene3669,KB895464_gene3669,annotation&nbsp;not&nbsp;available,74.5
1158050.KB895452_gene663,KB895452_gene663,annotation&nbsp;not&nbsp;available,74.3
1158050.KB895462_gene3921,KB895462_gene3921,annotation&nbsp;not&nbsp;available,74.3
1158050.KB895452_gene523,KB895452_gene523,annotation&nbsp;not&nbsp;available,74.3
1158050.KB895454_gene1394,KB895454_gene1394,annotation&nbsp;not&nbsp;available,74.3
1158050.KB895468_gene3230,KB895468_gene3230,annotation&nbsp;not&nbsp;available,74.3
1158050.KB895456_gene2061,KB895456_gene2061,annotation&nbsp;not&nbsp;available,74.3
1158050.KB895452_gene215,KB895452_gene215,annotation&nbsp;not&nbsp;available,74.3
1158050.KB895452_gene521,KB895452_gene521,annotation&nbsp;not&nbsp;available,74.2
1158050.KB895467_gene3330,KB895467_gene3330,annotation&nbsp;not&nbsp;available,74.1
1158050.KB895452_gene476,KB895452_gene476,annotation&nbsp;not&nbsp;available,74.1
1158050.KB895457_gene2140,KB895457_gene2140,annotation&nbsp;not&nbsp;available,74.1
1158050.KB895452_gene312,KB895452_gene312,annotation&nbsp;not&nbsp;available,74.1
1158050.KB895460_gene3056,KB895460_gene3056,annotation&nbsp;not&nbsp;available,74.1
1158050.KB895465_gene3510,KB895465_gene3510,annotation&nbsp;not&nbsp;available,74.1
1158050.KB895454_gene1236,KB895454_gene1236,annotation&nbsp;not&nbsp;available,74.1
1158050.KB895459_gene2497,KB895459_gene2497,annotation&nbsp;not&nbsp;available,74.0
1158050.KB895464_gene3605,KB895464_gene3605,annotation&nbsp;not&nbsp;available,74.0
1158050.KB895455_gene1816,KB895455_gene1816,annotation&nbsp;not&nbsp;available,74.0
1158050.KB895458_gene2338,KB895458_gene2338,annotation&nbsp;not&nbsp;available,74.0
1158050.KB895456_gene2092,KB895456_gene2092,annotation&nbsp;not&nbsp;available,74.0
1158050.KB895456_gene1943,KB895456_gene1943,annotation&nbsp;not&nbsp;available,74.0
1158050.KB895464_gene3676,KB895464_gene3676,annotation&nbsp;not&nbsp;available,73.9
1158050.KB895462_gene3875,KB895462_gene3875,annotation&nbsp;not&nbsp;available,73.9
1158050.KB895454_gene1280,KB895454_gene1280,annotation&nbsp;not&nbsp;available,73.9
1158050.KB895465_gene3470,KB895465_gene3470,annotation&nbsp;not&nbsp;available,73.9
1158050.KB895458_gene2384,KB895458_gene2384,annotation&nbsp;not&nbsp;available,73.9
1158050.KB895453_gene817,KB895453_gene817,annotation&nbsp;not&nbsp;available,73.8
1158050.KB895471_gene2610,KB895471_gene2610,annotation&nbsp;not&nbsp;available,73.8
1158050.KB895466_gene3455,KB895466_gene3455,annotation&nbsp;not&nbsp;available,73.7
1158050.KB895457_gene2258,KB895457_gene2258,annotation&nbsp;not&nbsp;available,73.7
1158050.KB895452_gene484,KB895452_gene484,annotation&nbsp;not&nbsp;available,73.7
1158050.KB895453_gene1145,KB895453_gene1145,annotation&nbsp;not&nbsp;available,73.6
1158050.KB895454_gene1577,KB895454_gene1577,annotation&nbsp;not&nbsp;available,73.6
1158050.KB895461_gene2890,KB895461_gene2890,annotation&nbsp;not&nbsp;available,73.6
1158050.KB895453_gene1079,KB895453_gene1079,annotation&nbsp;not&nbsp;available,73.6
1158050.KB895464_gene3638,KB895464_gene3638,annotation&nbsp;not&nbsp;available,73.6
1158050.KB895453_gene805,KB895453_gene805,annotation&nbsp;not&nbsp;available,73.6
1158050.KB895461_gene2971,KB895461_gene2971,annotation&nbsp;not&nbsp;available,73.5
1158050.KB895461_gene2961,KB895461_gene2961,annotation&nbsp;not&nbsp;available,73.5
1158050.KB895452_gene450,KB895452_gene450,annotation&nbsp;not&nbsp;available,73.5
1158050.KB895452_gene499,KB895452_gene499,annotation&nbsp;not&nbsp;available,73.4
1158050.KB895454_gene1406,KB895454_gene1406,annotation&nbsp;not&nbsp;available,73.4
1158050.KB895460_gene3077,KB895460_gene3077,annotation&nbsp;not&nbsp;available,73.3
1158050.KB895465_gene3471,KB895465_gene3471,annotation&nbsp;not&nbsp;available,73.3
1158050.KB895455_gene1713,KB895455_gene1713,annotation&nbsp;not&nbsp;available,73.3
1158050.KB895479_gene2698,KB895479_gene2698,annotation&nbsp;not&nbsp;available,73.3
1158050.KB895453_gene858,KB895453_gene858,annotation&nbsp;not&nbsp;available,73.3
1158050.KB895454_gene1285,KB895454_gene1285,annotation&nbsp;not&nbsp;available,73.3
1158050.KB895461_gene2939,KB895461_gene2939,annotation&nbsp;not&nbsp;available,73.2
1158050.KB895455_gene1865,KB895455_gene1865,annotation&nbsp;not&nbsp;available,73.2
1158050.KB895452_gene351,KB895452_gene351,annotation&nbsp;not&nbsp;available,73.2
1158050.KB895461_gene2968,KB895461_gene2968,annotation&nbsp;not&nbsp;available,73.2
1158050.KB895452_gene615,KB895452_gene615,annotation&nbsp;not&nbsp;available,73.1
1158050.KB895455_gene1673,KB895455_gene1673,annotation&nbsp;not&nbsp;available,73.1
1158050.KB895455_gene1830,KB895455_gene1830,annotation&nbsp;not&nbsp;available,73.1
1158050.KB895456_gene1978,KB895456_gene1978,annotation&nbsp;not&nbsp;available,73.1
1158050.KB895453_gene1171,KB895453_gene1171,annotation&nbsp;not&nbsp;available,73.1
1158050.KB895476_gene2694,KB895476_gene2694,annotation&nbsp;not&nbsp;available,73.0
1158050.KB895454_gene1560,KB895454_gene1560,annotation&nbsp;not&nbsp;available,73.0
1158050.KB895452_gene331,KB895452_gene331,annotation&nbsp;not&nbsp;available,73.0
1158050.KB895453_gene960,KB895453_gene960,annotation&nbsp;not&nbsp;available,72.9
1158050.KB895465_gene3503,KB895465_gene3503,annotation&nbsp;not&nbsp;available,72.9
1158050.KB895452_gene512,KB895452_gene512,annotation&nbsp;not&nbsp;available,72.9
1158050.KB895467_gene3289,KB895467_gene3289,annotation&nbsp;not&nbsp;available,72.8
1158050.KB895454_gene1363,KB895454_gene1363,annotation&nbsp;not&nbsp;available,72.8
1158050.KB895474_gene2842,KB895474_gene2842,annotation&nbsp;not&nbsp;available,72.7
1158050.KB895475_gene2823,KB895475_gene2823,annotation&nbsp;not&nbsp;available,72.7
1158050.KB895459_gene2558,KB895459_gene2558,annotation&nbsp;not&nbsp;available,72.7
1158050.KB895456_gene1970,KB895456_gene1970,annotation&nbsp;not&nbsp;available,72.7
1158050.KB895456_gene1956,KB895456_gene1956,annotation&nbsp;not&nbsp;available,72.6
1158050.KB895460_gene3044,KB895460_gene3044,annotation&nbsp;not&nbsp;available,72.5
1158050.KB895457_gene2198,KB895457_gene2198,annotation&nbsp;not&nbsp;available,72.4
1158050.KB895453_gene1076,KB895453_gene1076,annotation&nbsp;not&nbsp;available,72.4
1158050.KB895452_gene65,KB895452_gene65,annotation&nbsp;not&nbsp;available,72.4
1158050.KB895470_gene2652,KB895470_gene2652,annotation&nbsp;not&nbsp;available,72.4
1158050.KB895455_gene1843,KB895455_gene1843,annotation&nbsp;not&nbsp;available,72.4
1158050.KB895453_gene993,KB895453_gene993,annotation&nbsp;not&nbsp;available,72.3
1158050.KB895454_gene1559,KB895454_gene1559,annotation&nbsp;not&nbsp;available,72.3
1158050.KB895452_gene236,KB895452_gene236,annotation&nbsp;not&nbsp;available,72.3
1158050.KB895456_gene1958,KB895456_gene1958,annotation&nbsp;not&nbsp;available,72.2
1158050.KB895453_gene1033,KB895453_gene1033,annotation&nbsp;not&nbsp;available,72.2
1158050.KB895452_gene679,KB895452_gene679,annotation&nbsp;not&nbsp;available,72.2
1158050.KB895461_gene2934,KB895461_gene2934,annotation&nbsp;not&nbsp;available,72.2
1158050.KB895454_gene1340,KB895454_gene1340,annotation&nbsp;not&nbsp;available,72.2
1158050.KB895459_gene2487,KB895459_gene2487,annotation&nbsp;not&nbsp;available,72.1
1158050.KB895454_gene1551,KB895454_gene1551,annotation&nbsp;not&nbsp;available,72.1
1158050.KB895463_gene3820,KB895463_gene3820,annotation&nbsp;not&nbsp;available,72.1
1158050.KB895455_gene1871,KB895455_gene1871,annotation&nbsp;not&nbsp;available,72.1
1158050.KB895460_gene3138,KB895460_gene3138,annotation&nbsp;not&nbsp;available,72.1
1158050.KB895457_gene2209,KB895457_gene2209,annotation&nbsp;not&nbsp;available,72.0
1158050.KB895458_gene2435,KB895458_gene2435,annotation&nbsp;not&nbsp;available,71.9
1158050.KB895457_gene2200,KB895457_gene2200,annotation&nbsp;not&nbsp;available,71.9
1158050.KB895454_gene1260,KB895454_gene1260,annotation&nbsp;not&nbsp;available,71.9
1158050.KB895464_gene3637,KB895464_gene3637,annotation&nbsp;not&nbsp;available,71.8
1158050.KB895455_gene1831,KB895455_gene1831,annotation&nbsp;not&nbsp;available,71.8
1158050.KB895461_gene2978,KB895461_gene2978,annotation&nbsp;not&nbsp;available,71.8
1158050.KB895457_gene2242,KB895457_gene2242,annotation&nbsp;not&nbsp;available,71.8
1158050.KB895465_gene3547,KB895465_gene3547,annotation&nbsp;not&nbsp;available,71.7
1158050.KB895467_gene3298,KB895467_gene3298,annotation&nbsp;not&nbsp;available,71.7
1158050.KB895469_gene3170,KB895469_gene3170,annotation&nbsp;not&nbsp;available,71.7
1158050.KB895454_gene1598,KB895454_gene1598,annotation&nbsp;not&nbsp;available,71.7
1158050.KB895457_gene2188,KB895457_gene2188,annotation&nbsp;not&nbsp;available,71.6
1158050.KB895456_gene2065,KB895456_gene2065,annotation&nbsp;not&nbsp;available,71.6
1158050.KB895454_gene1608,KB895454_gene1608,annotation&nbsp;not&nbsp;available,71.6
1158050.KB895452_gene86,KB895452_gene86,annotation&nbsp;not&nbsp;available,71.6
1158050.KB895468_gene3203,KB895468_gene3203,annotation&nbsp;not&nbsp;available,71.6
1158050.KB895460_gene3134,KB895460_gene3134,annotation&nbsp;not&nbsp;available,71.6
1158050.KB895454_gene1265,KB895454_gene1265,annotation&nbsp;not&nbsp;available,71.5
1158050.KB895452_gene302,KB895452_gene302,annotation&nbsp;not&nbsp;available,71.5
1158050.KB895453_gene995,KB895453_gene995,annotation&nbsp;not&nbsp;available,71.5
1158050.KB895456_gene1957,KB895456_gene1957,annotation&nbsp;not&nbsp;available,71.5
1158050.KB895463_gene3745,KB895463_gene3745,annotation&nbsp;not&nbsp;available,71.5
1158050.KB895466_gene3441,KB895466_gene3441,annotation&nbsp;not&nbsp;available,71.5
1158050.KB895453_gene1184,KB895453_gene1184,annotation&nbsp;not&nbsp;available,71.4
1158050.KB895454_gene1311,KB895454_gene1311,annotation&nbsp;not&nbsp;available,71.4
1158050.KB895473_gene2714,KB895473_gene2714,annotation&nbsp;not&nbsp;available,71.4
1158050.KB895457_gene2306,KB895457_gene2306,annotation&nbsp;not&nbsp;available,71.4
1158050.KB895464_gene3653,KB895464_gene3653,annotation&nbsp;not&nbsp;available,71.3
1158050.KB895478_gene2700,KB895478_gene2700,annotation&nbsp;not&nbsp;available,71.3
1158050.KB895453_gene711,KB895453_gene711,annotation&nbsp;not&nbsp;available,71.3
1158050.KB895455_gene1872,KB895455_gene1872,annotation&nbsp;not&nbsp;available,71.3
1158050.KB895454_gene1479,KB895454_gene1479,annotation&nbsp;not&nbsp;available,71.2
1158050.KB895452_gene289,KB895452_gene289,annotation&nbsp;not&nbsp;available,71.2
1158050.KB895461_gene2983,KB895461_gene2983,annotation&nbsp;not&nbsp;available,71.2
1158050.KB895452_gene279,KB895452_gene279,annotation&nbsp;not&nbsp;available,71.2
1158050.KB895452_gene288,KB895452_gene288,annotation&nbsp;not&nbsp;available,71.2
1158050.KB895462_gene3922,KB895462_gene3922,annotation&nbsp;not&nbsp;available,71.1
1158050.KB895452_gene480,KB895452_gene480,annotation&nbsp;not&nbsp;available,71.0
1158050.KB895468_gene3210,KB895468_gene3210,annotation&nbsp;not&nbsp;available,71.0
1158050.KB895469_gene3186,KB895469_gene3186,annotation&nbsp;not&nbsp;available,70.9
1158050.KB895458_gene2390,KB895458_gene2390,annotation&nbsp;not&nbsp;available,70.8
1158050.KB895452_gene603,KB895452_gene603,annotation&nbsp;not&nbsp;available,70.8
1158050.KB895453_gene897,KB895453_gene897,annotation&nbsp;not&nbsp;available,70.7
1158050.KB895460_gene2997,KB895460_gene2997,annotation&nbsp;not&nbsp;available,70.7
1158050.KB895454_gene1298,KB895454_gene1298,annotation&nbsp;not&nbsp;available,70.6
1158050.KB895458_gene2326,KB895458_gene2326,annotation&nbsp;not&nbsp;available,70.6
1158050.KB895454_gene1239,KB895454_gene1239,annotation&nbsp;not&nbsp;available,70.6
1158050.KB895461_gene2921,KB895461_gene2921,annotation&nbsp;not&nbsp;available,70.5
1158050.KB895462_gene3840,KB895462_gene3840,annotation&nbsp;not&nbsp;available,70.5
1158050.KB895454_gene1477,KB895454_gene1477,annotation&nbsp;not&nbsp;available,70.4
1158050.KB895453_gene1161,KB895453_gene1161,annotation&nbsp;not&nbsp;available,70.4
1158050.KB895452_gene290,KB895452_gene290,annotation&nbsp;not&nbsp;available,70.3
1158050.KB895453_gene1172,KB895453_gene1172,annotation&nbsp;not&nbsp;available,70.3
1158050.KB895452_gene422,KB895452_gene422,annotation&nbsp;not&nbsp;available,70.2
1158050.KB895468_gene3239,KB895468_gene3239,annotation&nbsp;not&nbsp;available,70.1
1158050.KB895459_gene2473,KB895459_gene2473,annotation&nbsp;not&nbsp;available,70.1
1158050.KB895454_gene1344,KB895454_gene1344,annotation&nbsp;not&nbsp;available,70.1
