1115632.JAFW01000001_gene4278,JAFW01000001_gene4278,annotation&nbsp;not&nbsp;available,98.9
1115632.JAFW01000001_gene880,JAFW01000001_gene880,annotation&nbsp;not&nbsp;available,98.9
1115632.JAFW01000001_gene3857,JAFW01000001_gene3857,annotation&nbsp;not&nbsp;available,98.9
1115632.JAFW01000001_gene1649,JAFW01000001_gene1649,annotation&nbsp;not&nbsp;available,98.9
1115632.JAFW01000001_gene4289,JAFW01000001_gene4289,annotation&nbsp;not&nbsp;available,98.9
1115632.JAFW01000001_gene4320,JAFW01000001_gene4320,annotation&nbsp;not&nbsp;available,98.9
1115632.JAFW01000001_gene690,JAFW01000001_gene690,annotation&nbsp;not&nbsp;available,98.8
1115632.JAFW01000001_gene1602,JAFW01000001_gene1602,annotation&nbsp;not&nbsp;available,98.8
1115632.JAFW01000001_gene3826,JAFW01000001_gene3826,annotation&nbsp;not&nbsp;available,98.7
1115632.JAFW01000001_gene1149,JAFW01000001_gene1149,annotation&nbsp;not&nbsp;available,98.7
1115632.JAFW01000001_gene583,JAFW01000001_gene583,annotation&nbsp;not&nbsp;available,98.6
1115632.JAFW01000001_gene546,JAFW01000001_gene546,annotation&nbsp;not&nbsp;available,98.6
1115632.JAFW01000001_gene223,JAFW01000001_gene223,annotation&nbsp;not&nbsp;available,98.6
1115632.JAFW01000001_gene4298,JAFW01000001_gene4298,annotation&nbsp;not&nbsp;available,98.5
1115632.JAFW01000001_gene1445,JAFW01000001_gene1445,annotation&nbsp;not&nbsp;available,98.5
1115632.JAFW01000001_gene1598,JAFW01000001_gene1598,annotation&nbsp;not&nbsp;available,98.5
1115632.JAFW01000001_gene1138,JAFW01000001_gene1138,annotation&nbsp;not&nbsp;available,98.5
1115632.JAFW01000001_gene3630,JAFW01000001_gene3630,annotation&nbsp;not&nbsp;available,98.4
1115632.JAFW01000001_gene220,JAFW01000001_gene220,annotation&nbsp;not&nbsp;available,98.4
1115632.JAFW01000001_gene3801,JAFW01000001_gene3801,annotation&nbsp;not&nbsp;available,98.4
1115632.JAFW01000001_gene3990,JAFW01000001_gene3990,annotation&nbsp;not&nbsp;available,98.4
1115632.JAFW01000001_gene874,JAFW01000001_gene874,annotation&nbsp;not&nbsp;available,98.4
1115632.JAFW01000001_gene3971,JAFW01000001_gene3971,annotation&nbsp;not&nbsp;available,98.4
1115632.JAFW01000001_gene426,JAFW01000001_gene426,annotation&nbsp;not&nbsp;available,98.3
1115632.JAFW01000001_gene1511,JAFW01000001_gene1511,annotation&nbsp;not&nbsp;available,98.3
1115632.JAFW01000001_gene3972,JAFW01000001_gene3972,annotation&nbsp;not&nbsp;available,98.3
1115632.JAFW01000001_gene3063,JAFW01000001_gene3063,annotation&nbsp;not&nbsp;available,98.2
1115632.JAFW01000001_gene1024,JAFW01000001_gene1024,annotation&nbsp;not&nbsp;available,98.2
1115632.JAFW01000001_gene3911,JAFW01000001_gene3911,annotation&nbsp;not&nbsp;available,98.1
1115632.JAFW01000001_gene2006,JAFW01000001_gene2006,annotation&nbsp;not&nbsp;available,98.1
1115632.JAFW01000001_gene4109,JAFW01000001_gene4109,annotation&nbsp;not&nbsp;available,98.1
1115632.JAFW01000001_gene4230,JAFW01000001_gene4230,annotation&nbsp;not&nbsp;available,98.1
1115632.JAFW01000001_gene882,JAFW01000001_gene882,annotation&nbsp;not&nbsp;available,98.1
1115632.JAFW01000001_gene1936,JAFW01000001_gene1936,annotation&nbsp;not&nbsp;available,98.1
1115632.JAFW01000001_gene1225,JAFW01000001_gene1225,annotation&nbsp;not&nbsp;available,98.1
1115632.JAFW01000001_gene3596,JAFW01000001_gene3596,annotation&nbsp;not&nbsp;available,98.0
1115632.JAFW01000001_gene2691,JAFW01000001_gene2691,annotation&nbsp;not&nbsp;available,98.0
1115632.JAFW01000001_gene75,JAFW01000001_gene75,annotation&nbsp;not&nbsp;available,98.0
1115632.JAFW01000001_gene1025,JAFW01000001_gene1025,annotation&nbsp;not&nbsp;available,98.0
1115632.JAFW01000001_gene4136,JAFW01000001_gene4136,annotation&nbsp;not&nbsp;available,98.0
1115632.JAFW01000001_gene816,JAFW01000001_gene816,annotation&nbsp;not&nbsp;available,98.0
1115632.JAFW01000001_gene3866,JAFW01000001_gene3866,annotation&nbsp;not&nbsp;available,98.0
1115632.JAFW01000001_gene15,JAFW01000001_gene15,annotation&nbsp;not&nbsp;available,98.0
1115632.JAFW01000001_gene2709,JAFW01000001_gene2709,annotation&nbsp;not&nbsp;available,97.9
1115632.JAFW01000001_gene3479,JAFW01000001_gene3479,annotation&nbsp;not&nbsp;available,97.9
1115632.JAFW01000001_gene4210,JAFW01000001_gene4210,annotation&nbsp;not&nbsp;available,97.8
1115632.JAFW01000001_gene3924,JAFW01000001_gene3924,annotation&nbsp;not&nbsp;available,97.8
1115632.JAFW01000001_gene1811,JAFW01000001_gene1811,annotation&nbsp;not&nbsp;available,97.8
1115632.JAFW01000001_gene674,JAFW01000001_gene674,annotation&nbsp;not&nbsp;available,97.8
1115632.JAFW01000001_gene180,JAFW01000001_gene180,annotation&nbsp;not&nbsp;available,97.7
1115632.JAFW01000001_gene4088,JAFW01000001_gene4088,annotation&nbsp;not&nbsp;available,97.7
1115632.JAFW01000001_gene2612,JAFW01000001_gene2612,annotation&nbsp;not&nbsp;available,97.6
1115632.JAFW01000001_gene2368,JAFW01000001_gene2368,annotation&nbsp;not&nbsp;available,97.6
1115632.JAFW01000001_gene2727,JAFW01000001_gene2727,annotation&nbsp;not&nbsp;available,97.6
1115632.JAFW01000001_gene1463,JAFW01000001_gene1463,annotation&nbsp;not&nbsp;available,97.5
1115632.JAFW01000001_gene645,JAFW01000001_gene645,annotation&nbsp;not&nbsp;available,97.5
1115632.JAFW01000001_gene2780,JAFW01000001_gene2780,annotation&nbsp;not&nbsp;available,97.5
1115632.JAFW01000001_gene1119,JAFW01000001_gene1119,annotation&nbsp;not&nbsp;available,97.4
1115632.JAFW01000001_gene368,JAFW01000001_gene368,annotation&nbsp;not&nbsp;available,97.4
1115632.JAFW01000001_gene1279,JAFW01000001_gene1279,annotation&nbsp;not&nbsp;available,97.4
1115632.JAFW01000001_gene1850,JAFW01000001_gene1850,annotation&nbsp;not&nbsp;available,97.4
1115632.JAFW01000001_gene3106,JAFW01000001_gene3106,annotation&nbsp;not&nbsp;available,97.4
1115632.JAFW01000001_gene3717,JAFW01000001_gene3717,annotation&nbsp;not&nbsp;available,97.3
1115632.JAFW01000001_gene1866,JAFW01000001_gene1866,annotation&nbsp;not&nbsp;available,97.3
1115632.JAFW01000001_gene70,JAFW01000001_gene70,annotation&nbsp;not&nbsp;available,97.3
1115632.JAFW01000001_gene1418,JAFW01000001_gene1418,annotation&nbsp;not&nbsp;available,97.3
1115632.JAFW01000001_gene1063,JAFW01000001_gene1063,annotation&nbsp;not&nbsp;available,97.3
1115632.JAFW01000001_gene2567,JAFW01000001_gene2567,annotation&nbsp;not&nbsp;available,97.3
1115632.JAFW01000002_gene4688,JAFW01000002_gene4688,annotation&nbsp;not&nbsp;available,97.2
1115632.JAFW01000001_gene4296,JAFW01000001_gene4296,annotation&nbsp;not&nbsp;available,97.2
1115632.JAFW01000001_gene3762,JAFW01000001_gene3762,annotation&nbsp;not&nbsp;available,97.2
1115632.JAFW01000001_gene2159,JAFW01000001_gene2159,annotation&nbsp;not&nbsp;available,97.2
1115632.JAFW01000001_gene1347,JAFW01000001_gene1347,annotation&nbsp;not&nbsp;available,97.2
1115632.JAFW01000001_gene1793,JAFW01000001_gene1793,annotation&nbsp;not&nbsp;available,97.1
1115632.JAFW01000001_gene3697,JAFW01000001_gene3697,annotation&nbsp;not&nbsp;available,97.0
1115632.JAFW01000001_gene1143,JAFW01000001_gene1143,annotation&nbsp;not&nbsp;available,97.0
1115632.JAFW01000001_gene2842,JAFW01000001_gene2842,annotation&nbsp;not&nbsp;available,96.9
1115632.JAFW01000001_gene248,JAFW01000001_gene248,annotation&nbsp;not&nbsp;available,96.9
1115632.JAFW01000001_gene4577,JAFW01000001_gene4577,annotation&nbsp;not&nbsp;available,96.9
1115632.JAFW01000001_gene3103,JAFW01000001_gene3103,annotation&nbsp;not&nbsp;available,96.9
1115632.JAFW01000001_gene4424,JAFW01000001_gene4424,annotation&nbsp;not&nbsp;available,96.9
1115632.JAFW01000001_gene4214,JAFW01000001_gene4214,annotation&nbsp;not&nbsp;available,96.9
1115632.JAFW01000001_gene3592,JAFW01000001_gene3592,annotation&nbsp;not&nbsp;available,96.9
1115632.JAFW01000001_gene1873,JAFW01000001_gene1873,annotation&nbsp;not&nbsp;available,96.9
1115632.JAFW01000001_gene2028,JAFW01000001_gene2028,annotation&nbsp;not&nbsp;available,96.8
1115632.JAFW01000001_gene2181,JAFW01000001_gene2181,annotation&nbsp;not&nbsp;available,96.8
1115632.JAFW01000001_gene3168,JAFW01000001_gene3168,annotation&nbsp;not&nbsp;available,96.8
1115632.JAFW01000001_gene3072,JAFW01000001_gene3072,annotation&nbsp;not&nbsp;available,96.8
1115632.JAFW01000001_gene1062,JAFW01000001_gene1062,annotation&nbsp;not&nbsp;available,96.8
1115632.JAFW01000001_gene658,JAFW01000001_gene658,annotation&nbsp;not&nbsp;available,96.8
1115632.JAFW01000001_gene719,JAFW01000001_gene719,annotation&nbsp;not&nbsp;available,96.7
1115632.JAFW01000001_gene240,JAFW01000001_gene240,annotation&nbsp;not&nbsp;available,96.7
1115632.JAFW01000001_gene2432,JAFW01000001_gene2432,annotation&nbsp;not&nbsp;available,96.7
1115632.JAFW01000001_gene3433,JAFW01000001_gene3433,annotation&nbsp;not&nbsp;available,96.7
1115632.JAFW01000001_gene3912,JAFW01000001_gene3912,annotation&nbsp;not&nbsp;available,96.7
1115632.JAFW01000001_gene3940,JAFW01000001_gene3940,annotation&nbsp;not&nbsp;available,96.6
1115632.JAFW01000001_gene1423,JAFW01000001_gene1423,annotation&nbsp;not&nbsp;available,96.6
1115632.JAFW01000001_gene1069,JAFW01000001_gene1069,annotation&nbsp;not&nbsp;available,96.6
1115632.JAFW01000001_gene2251,JAFW01000001_gene2251,annotation&nbsp;not&nbsp;available,96.6
1115632.JAFW01000001_gene1713,JAFW01000001_gene1713,annotation&nbsp;not&nbsp;available,96.6
1115632.JAFW01000001_gene805,JAFW01000001_gene805,annotation&nbsp;not&nbsp;available,96.6
1115632.JAFW01000001_gene4108,JAFW01000001_gene4108,annotation&nbsp;not&nbsp;available,96.5
1115632.JAFW01000001_gene4593,JAFW01000001_gene4593,annotation&nbsp;not&nbsp;available,96.5
1115632.JAFW01000001_gene4516,JAFW01000001_gene4516,annotation&nbsp;not&nbsp;available,96.4
1115632.JAFW01000001_gene711,JAFW01000001_gene711,annotation&nbsp;not&nbsp;available,96.3
1115632.JAFW01000001_gene824,JAFW01000001_gene824,annotation&nbsp;not&nbsp;available,96.3
1115632.JAFW01000001_gene4528,JAFW01000001_gene4528,annotation&nbsp;not&nbsp;available,96.3
1115632.JAFW01000001_gene1076,JAFW01000001_gene1076,annotation&nbsp;not&nbsp;available,96.3
1115632.JAFW01000001_gene2046,JAFW01000001_gene2046,annotation&nbsp;not&nbsp;available,96.3
1115632.JAFW01000001_gene3372,JAFW01000001_gene3372,annotation&nbsp;not&nbsp;available,96.2
1115632.JAFW01000001_gene3400,JAFW01000001_gene3400,annotation&nbsp;not&nbsp;available,96.1
1115632.JAFW01000001_gene171,JAFW01000001_gene171,annotation&nbsp;not&nbsp;available,96.1
1115632.JAFW01000001_gene2124,JAFW01000001_gene2124,annotation&nbsp;not&nbsp;available,96.1
1115632.JAFW01000001_gene1482,JAFW01000001_gene1482,annotation&nbsp;not&nbsp;available,96.0
1115632.JAFW01000001_gene3108,JAFW01000001_gene3108,annotation&nbsp;not&nbsp;available,96.0
1115632.JAFW01000001_gene3584,JAFW01000001_gene3584,annotation&nbsp;not&nbsp;available,95.9
1115632.JAFW01000001_gene2087,JAFW01000001_gene2087,annotation&nbsp;not&nbsp;available,95.8
1115632.JAFW01000001_gene3833,JAFW01000001_gene3833,annotation&nbsp;not&nbsp;available,95.8
1115632.JAFW01000001_gene1422,JAFW01000001_gene1422,annotation&nbsp;not&nbsp;available,95.8
1115632.JAFW01000001_gene2905,JAFW01000001_gene2905,annotation&nbsp;not&nbsp;available,95.7
1115632.JAFW01000001_gene3432,JAFW01000001_gene3432,annotation&nbsp;not&nbsp;available,95.6
1115632.JAFW01000001_gene1142,JAFW01000001_gene1142,annotation&nbsp;not&nbsp;available,95.6
1115632.JAFW01000001_gene37,JAFW01000001_gene37,annotation&nbsp;not&nbsp;available,95.5
1115632.JAFW01000001_gene525,JAFW01000001_gene525,annotation&nbsp;not&nbsp;available,95.5
1115632.JAFW01000001_gene2837,JAFW01000001_gene2837,annotation&nbsp;not&nbsp;available,95.5
1115632.JAFW01000001_gene2026,JAFW01000001_gene2026,annotation&nbsp;not&nbsp;available,95.4
1115632.JAFW01000001_gene2835,JAFW01000001_gene2835,annotation&nbsp;not&nbsp;available,95.4
1115632.JAFW01000001_gene686,JAFW01000001_gene686,annotation&nbsp;not&nbsp;available,95.4
1115632.JAFW01000001_gene2525,JAFW01000001_gene2525,annotation&nbsp;not&nbsp;available,95.3
1115632.JAFW01000001_gene2126,JAFW01000001_gene2126,annotation&nbsp;not&nbsp;available,95.3
1115632.JAFW01000001_gene51,JAFW01000001_gene51,annotation&nbsp;not&nbsp;available,95.2
1115632.JAFW01000001_gene601,JAFW01000001_gene601,annotation&nbsp;not&nbsp;available,95.2
1115632.JAFW01000001_gene1625,JAFW01000001_gene1625,annotation&nbsp;not&nbsp;available,95.2
1115632.JAFW01000001_gene1962,JAFW01000001_gene1962,annotation&nbsp;not&nbsp;available,95.2
1115632.JAFW01000001_gene3759,JAFW01000001_gene3759,annotation&nbsp;not&nbsp;available,95.2
1115632.JAFW01000001_gene4426,JAFW01000001_gene4426,annotation&nbsp;not&nbsp;available,95.2
1115632.JAFW01000001_gene755,JAFW01000001_gene755,annotation&nbsp;not&nbsp;available,95.2
1115632.JAFW01000001_gene2834,JAFW01000001_gene2834,annotation&nbsp;not&nbsp;available,95.1
1115632.JAFW01000002_gene4656,JAFW01000002_gene4656,annotation&nbsp;not&nbsp;available,95.1
1115632.JAFW01000001_gene3163,JAFW01000001_gene3163,annotation&nbsp;not&nbsp;available,95.0
1115632.JAFW01000001_gene3079,JAFW01000001_gene3079,annotation&nbsp;not&nbsp;available,95.0
1115632.JAFW01000001_gene1662,JAFW01000001_gene1662,annotation&nbsp;not&nbsp;available,95.0
1115632.JAFW01000001_gene516,JAFW01000001_gene516,annotation&nbsp;not&nbsp;available,94.9
1115632.JAFW01000001_gene1540,JAFW01000001_gene1540,annotation&nbsp;not&nbsp;available,94.9
1115632.JAFW01000001_gene192,JAFW01000001_gene192,annotation&nbsp;not&nbsp;available,94.8
1115632.JAFW01000001_gene1378,JAFW01000001_gene1378,annotation&nbsp;not&nbsp;available,94.8
1115632.JAFW01000001_gene859,JAFW01000001_gene859,annotation&nbsp;not&nbsp;available,94.8
1115632.JAFW01000001_gene1207,JAFW01000001_gene1207,annotation&nbsp;not&nbsp;available,94.8
1115632.JAFW01000001_gene2704,JAFW01000001_gene2704,annotation&nbsp;not&nbsp;available,94.8
1115632.JAFW01000001_gene168,JAFW01000001_gene168,annotation&nbsp;not&nbsp;available,94.8
1115632.JAFW01000001_gene576,JAFW01000001_gene576,annotation&nbsp;not&nbsp;available,94.7
1115632.JAFW01000001_gene3179,JAFW01000001_gene3179,annotation&nbsp;not&nbsp;available,94.7
1115632.JAFW01000001_gene4511,JAFW01000001_gene4511,annotation&nbsp;not&nbsp;available,94.7
1115632.JAFW01000001_gene973,JAFW01000001_gene973,annotation&nbsp;not&nbsp;available,94.6
1115632.JAFW01000001_gene173,JAFW01000001_gene173,annotation&nbsp;not&nbsp;available,94.6
1115632.JAFW01000001_gene1066,JAFW01000001_gene1066,annotation&nbsp;not&nbsp;available,94.6
1115632.JAFW01000001_gene4232,JAFW01000001_gene4232,annotation&nbsp;not&nbsp;available,94.6
1115632.JAFW01000001_gene2968,JAFW01000001_gene2968,annotation&nbsp;not&nbsp;available,94.5
1115632.JAFW01000001_gene2818,JAFW01000001_gene2818,annotation&nbsp;not&nbsp;available,94.5
1115632.JAFW01000001_gene4595,JAFW01000001_gene4595,annotation&nbsp;not&nbsp;available,94.5
1115632.JAFW01000001_gene3323,JAFW01000001_gene3323,annotation&nbsp;not&nbsp;available,94.5
1115632.JAFW01000001_gene2967,JAFW01000001_gene2967,annotation&nbsp;not&nbsp;available,94.5
1115632.JAFW01000001_gene2523,JAFW01000001_gene2523,annotation&nbsp;not&nbsp;available,94.5
1115632.JAFW01000001_gene3602,JAFW01000001_gene3602,annotation&nbsp;not&nbsp;available,94.4
1115632.JAFW01000001_gene2911,JAFW01000001_gene2911,annotation&nbsp;not&nbsp;available,94.4
1115632.JAFW01000001_gene815,JAFW01000001_gene815,annotation&nbsp;not&nbsp;available,94.3
1115632.JAFW01000001_gene1660,JAFW01000001_gene1660,annotation&nbsp;not&nbsp;available,94.2
1115632.JAFW01000001_gene734,JAFW01000001_gene734,annotation&nbsp;not&nbsp;available,94.2
1115632.JAFW01000001_gene940,JAFW01000001_gene940,annotation&nbsp;not&nbsp;available,94.1
1115632.JAFW01000001_gene4153,JAFW01000001_gene4153,annotation&nbsp;not&nbsp;available,94.1
1115632.JAFW01000001_gene4183,JAFW01000001_gene4183,annotation&nbsp;not&nbsp;available,94.1
1115632.JAFW01000001_gene2680,JAFW01000001_gene2680,annotation&nbsp;not&nbsp;available,94.0
1115632.JAFW01000001_gene748,JAFW01000001_gene748,annotation&nbsp;not&nbsp;available,94.0
1115632.JAFW01000001_gene3396,JAFW01000001_gene3396,annotation&nbsp;not&nbsp;available,93.9
1115632.JAFW01000001_gene3562,JAFW01000001_gene3562,annotation&nbsp;not&nbsp;available,93.9
1115632.JAFW01000001_gene4421,JAFW01000001_gene4421,annotation&nbsp;not&nbsp;available,93.9
1115632.JAFW01000001_gene1500,JAFW01000001_gene1500,annotation&nbsp;not&nbsp;available,93.9
1115632.JAFW01000001_gene762,JAFW01000001_gene762,annotation&nbsp;not&nbsp;available,93.8
1115632.JAFW01000001_gene1628,JAFW01000001_gene1628,annotation&nbsp;not&nbsp;available,93.7
1115632.JAFW01000001_gene1224,JAFW01000001_gene1224,annotation&nbsp;not&nbsp;available,93.7
1115632.JAFW01000001_gene1009,JAFW01000001_gene1009,annotation&nbsp;not&nbsp;available,93.7
1115632.JAFW01000001_gene3461,JAFW01000001_gene3461,annotation&nbsp;not&nbsp;available,93.7
1115632.JAFW01000001_gene3188,JAFW01000001_gene3188,annotation&nbsp;not&nbsp;available,93.6
1115632.JAFW01000001_gene1801,JAFW01000001_gene1801,annotation&nbsp;not&nbsp;available,93.5
1115632.JAFW01000001_gene858,JAFW01000001_gene858,annotation&nbsp;not&nbsp;available,93.5
1115632.JAFW01000001_gene3417,JAFW01000001_gene3417,annotation&nbsp;not&nbsp;available,93.5
1115632.JAFW01000001_gene2506,JAFW01000001_gene2506,annotation&nbsp;not&nbsp;available,93.5
1115632.JAFW01000001_gene2885,JAFW01000001_gene2885,annotation&nbsp;not&nbsp;available,93.5
1115632.JAFW01000001_gene3368,JAFW01000001_gene3368,annotation&nbsp;not&nbsp;available,93.3
1115632.JAFW01000001_gene2940,JAFW01000001_gene2940,annotation&nbsp;not&nbsp;available,93.3
1115632.JAFW01000001_gene3408,JAFW01000001_gene3408,annotation&nbsp;not&nbsp;available,93.3
1115632.JAFW01000001_gene4184,JAFW01000001_gene4184,annotation&nbsp;not&nbsp;available,93.3
1115632.JAFW01000001_gene2162,JAFW01000001_gene2162,annotation&nbsp;not&nbsp;available,93.3
1115632.JAFW01000001_gene2036,JAFW01000001_gene2036,annotation&nbsp;not&nbsp;available,93.3
1115632.JAFW01000001_gene3887,JAFW01000001_gene3887,annotation&nbsp;not&nbsp;available,93.1
1115632.JAFW01000001_gene3936,JAFW01000001_gene3936,annotation&nbsp;not&nbsp;available,93.1
1115632.JAFW01000001_gene3446,JAFW01000001_gene3446,annotation&nbsp;not&nbsp;available,93.1
1115632.JAFW01000001_gene3390,JAFW01000001_gene3390,annotation&nbsp;not&nbsp;available,93.1
1115632.JAFW01000001_gene161,JAFW01000001_gene161,annotation&nbsp;not&nbsp;available,93.1
1115632.JAFW01000001_gene1213,JAFW01000001_gene1213,annotation&nbsp;not&nbsp;available,93.0
1115632.JAFW01000001_gene538,JAFW01000001_gene538,annotation&nbsp;not&nbsp;available,93.0
1115632.JAFW01000001_gene1784,JAFW01000001_gene1784,annotation&nbsp;not&nbsp;available,93.0
1115632.JAFW01000001_gene1043,JAFW01000001_gene1043,annotation&nbsp;not&nbsp;available,92.9
1115632.JAFW01000001_gene2797,JAFW01000001_gene2797,annotation&nbsp;not&nbsp;available,92.9
1115632.JAFW01000001_gene803,JAFW01000001_gene803,annotation&nbsp;not&nbsp;available,92.9
1115632.JAFW01000001_gene3332,JAFW01000001_gene3332,annotation&nbsp;not&nbsp;available,92.8
1115632.JAFW01000001_gene4003,JAFW01000001_gene4003,annotation&nbsp;not&nbsp;available,92.8
1115632.JAFW01000002_gene4654,JAFW01000002_gene4654,annotation&nbsp;not&nbsp;available,92.8
1115632.JAFW01000002_gene4666,JAFW01000002_gene4666,annotation&nbsp;not&nbsp;available,92.8
1115632.JAFW01000001_gene956,JAFW01000001_gene956,annotation&nbsp;not&nbsp;available,92.7
1115632.JAFW01000001_gene4562,JAFW01000001_gene4562,annotation&nbsp;not&nbsp;available,92.7
1115632.JAFW01000001_gene1354,JAFW01000001_gene1354,annotation&nbsp;not&nbsp;available,92.6
1115632.JAFW01000001_gene198,JAFW01000001_gene198,annotation&nbsp;not&nbsp;available,92.6
1115632.JAFW01000001_gene3338,JAFW01000001_gene3338,annotation&nbsp;not&nbsp;available,92.5
1115632.JAFW01000001_gene817,JAFW01000001_gene817,annotation&nbsp;not&nbsp;available,92.5
1115632.JAFW01000001_gene483,JAFW01000001_gene483,annotation&nbsp;not&nbsp;available,92.5
1115632.JAFW01000001_gene2139,JAFW01000001_gene2139,annotation&nbsp;not&nbsp;available,92.4
1115632.JAFW01000001_gene945,JAFW01000001_gene945,annotation&nbsp;not&nbsp;available,92.4
1115632.JAFW01000001_gene2951,JAFW01000001_gene2951,annotation&nbsp;not&nbsp;available,92.4
1115632.JAFW01000001_gene1289,JAFW01000001_gene1289,annotation&nbsp;not&nbsp;available,92.4
1115632.JAFW01000001_gene3774,JAFW01000001_gene3774,annotation&nbsp;not&nbsp;available,92.3
1115632.JAFW01000001_gene1323,JAFW01000001_gene1323,annotation&nbsp;not&nbsp;available,92.3
1115632.JAFW01000001_gene1001,JAFW01000001_gene1001,annotation&nbsp;not&nbsp;available,92.3
1115632.JAFW01000001_gene1278,JAFW01000001_gene1278,annotation&nbsp;not&nbsp;available,92.3
1115632.JAFW01000001_gene953,JAFW01000001_gene953,annotation&nbsp;not&nbsp;available,92.2
1115632.JAFW01000001_gene3474,JAFW01000001_gene3474,annotation&nbsp;not&nbsp;available,92.1
1115632.JAFW01000001_gene942,JAFW01000001_gene942,annotation&nbsp;not&nbsp;available,92.1
1115632.JAFW01000001_gene1816,JAFW01000001_gene1816,annotation&nbsp;not&nbsp;available,92.1
1115632.JAFW01000001_gene3799,JAFW01000001_gene3799,annotation&nbsp;not&nbsp;available,91.9
1115632.JAFW01000001_gene1036,JAFW01000001_gene1036,annotation&nbsp;not&nbsp;available,91.9
1115632.JAFW01000001_gene3709,JAFW01000001_gene3709,annotation&nbsp;not&nbsp;available,91.8
1115632.JAFW01000001_gene3560,JAFW01000001_gene3560,annotation&nbsp;not&nbsp;available,91.8
1115632.JAFW01000001_gene1664,JAFW01000001_gene1664,annotation&nbsp;not&nbsp;available,91.7
1115632.JAFW01000001_gene3766,JAFW01000001_gene3766,annotation&nbsp;not&nbsp;available,91.7
1115632.JAFW01000001_gene539,JAFW01000001_gene539,annotation&nbsp;not&nbsp;available,91.7
1115632.JAFW01000001_gene2246,JAFW01000001_gene2246,annotation&nbsp;not&nbsp;available,91.6
1115632.JAFW01000001_gene1885,JAFW01000001_gene1885,annotation&nbsp;not&nbsp;available,91.5
1115632.JAFW01000001_gene1471,JAFW01000001_gene1471,annotation&nbsp;not&nbsp;available,91.5
1115632.JAFW01000001_gene4131,JAFW01000001_gene4131,annotation&nbsp;not&nbsp;available,91.5
1115632.JAFW01000001_gene2769,JAFW01000001_gene2769,annotation&nbsp;not&nbsp;available,91.5
1115632.JAFW01000001_gene235,JAFW01000001_gene235,annotation&nbsp;not&nbsp;available,91.4
1115632.JAFW01000001_gene4466,JAFW01000001_gene4466,annotation&nbsp;not&nbsp;available,91.4
1115632.JAFW01000001_gene207,JAFW01000001_gene207,annotation&nbsp;not&nbsp;available,91.4
1115632.JAFW01000001_gene652,JAFW01000001_gene652,annotation&nbsp;not&nbsp;available,91.4
1115632.JAFW01000001_gene4130,JAFW01000001_gene4130,annotation&nbsp;not&nbsp;available,91.4
1115632.JAFW01000001_gene3669,JAFW01000001_gene3669,annotation&nbsp;not&nbsp;available,91.4
1115632.JAFW01000001_gene1420,JAFW01000001_gene1420,annotation&nbsp;not&nbsp;available,91.3
1115632.JAFW01000001_gene2630,JAFW01000001_gene2630,annotation&nbsp;not&nbsp;available,91.3
1115632.JAFW01000001_gene999,JAFW01000001_gene999,annotation&nbsp;not&nbsp;available,91.2
1115632.JAFW01000001_gene4570,JAFW01000001_gene4570,annotation&nbsp;not&nbsp;available,91.2
1115632.JAFW01000001_gene4465,JAFW01000001_gene4465,annotation&nbsp;not&nbsp;available,91.2
1115632.JAFW01000001_gene3280,JAFW01000001_gene3280,annotation&nbsp;not&nbsp;available,91.1
1115632.JAFW01000001_gene4437,JAFW01000001_gene4437,annotation&nbsp;not&nbsp;available,91.1
1115632.JAFW01000001_gene4064,JAFW01000001_gene4064,annotation&nbsp;not&nbsp;available,91.1
1115632.JAFW01000001_gene74,JAFW01000001_gene74,annotation&nbsp;not&nbsp;available,91.0
1115632.JAFW01000001_gene3884,JAFW01000001_gene3884,annotation&nbsp;not&nbsp;available,90.9
1115632.JAFW01000001_gene2237,JAFW01000001_gene2237,annotation&nbsp;not&nbsp;available,90.9
1115632.JAFW01000001_gene991,JAFW01000001_gene991,annotation&nbsp;not&nbsp;available,90.9
1115632.JAFW01000001_gene1382,JAFW01000001_gene1382,annotation&nbsp;not&nbsp;available,90.9
1115632.JAFW01000001_gene3134,JAFW01000001_gene3134,annotation&nbsp;not&nbsp;available,90.8
1115632.JAFW01000001_gene2370,JAFW01000001_gene2370,annotation&nbsp;not&nbsp;available,90.8
1115632.JAFW01000001_gene3262,JAFW01000001_gene3262,annotation&nbsp;not&nbsp;available,90.8
1115632.JAFW01000001_gene4306,JAFW01000001_gene4306,annotation&nbsp;not&nbsp;available,90.8
1115632.JAFW01000001_gene579,JAFW01000001_gene579,annotation&nbsp;not&nbsp;available,90.8
1115632.JAFW01000001_gene2325,JAFW01000001_gene2325,annotation&nbsp;not&nbsp;available,90.7
1115632.JAFW01000001_gene1498,JAFW01000001_gene1498,annotation&nbsp;not&nbsp;available,90.7
1115632.JAFW01000001_gene1089,JAFW01000001_gene1089,annotation&nbsp;not&nbsp;available,90.7
1115632.JAFW01000001_gene4389,JAFW01000001_gene4389,annotation&nbsp;not&nbsp;available,90.7
1115632.JAFW01000001_gene4031,JAFW01000001_gene4031,annotation&nbsp;not&nbsp;available,90.6
1115632.JAFW01000001_gene1128,JAFW01000001_gene1128,annotation&nbsp;not&nbsp;available,90.6
1115632.JAFW01000001_gene3591,JAFW01000001_gene3591,annotation&nbsp;not&nbsp;available,90.5
1115632.JAFW01000001_gene2770,JAFW01000001_gene2770,annotation&nbsp;not&nbsp;available,90.5
1115632.JAFW01000001_gene4201,JAFW01000001_gene4201,annotation&nbsp;not&nbsp;available,90.5
1115632.JAFW01000001_gene1145,JAFW01000001_gene1145,annotation&nbsp;not&nbsp;available,90.4
1115632.JAFW01000001_gene1428,JAFW01000001_gene1428,annotation&nbsp;not&nbsp;available,90.4
1115632.JAFW01000001_gene4051,JAFW01000001_gene4051,annotation&nbsp;not&nbsp;available,90.4
1115632.JAFW01000001_gene3575,JAFW01000001_gene3575,annotation&nbsp;not&nbsp;available,90.3
1115632.JAFW01000001_gene1600,JAFW01000001_gene1600,annotation&nbsp;not&nbsp;available,90.3
1115632.JAFW01000001_gene3208,JAFW01000001_gene3208,annotation&nbsp;not&nbsp;available,90.3
1115632.JAFW01000001_gene1580,JAFW01000001_gene1580,annotation&nbsp;not&nbsp;available,90.3
1115632.JAFW01000001_gene2910,JAFW01000001_gene2910,annotation&nbsp;not&nbsp;available,90.3
1115632.JAFW01000001_gene2816,JAFW01000001_gene2816,annotation&nbsp;not&nbsp;available,90.2
1115632.JAFW01000001_gene989,JAFW01000001_gene989,annotation&nbsp;not&nbsp;available,90.2
1115632.JAFW01000001_gene1174,JAFW01000001_gene1174,annotation&nbsp;not&nbsp;available,90.2
1115632.JAFW01000001_gene1400,JAFW01000001_gene1400,annotation&nbsp;not&nbsp;available,90.2
1115632.JAFW01000001_gene2318,JAFW01000001_gene2318,annotation&nbsp;not&nbsp;available,90.2
1115632.JAFW01000001_gene1291,JAFW01000001_gene1291,annotation&nbsp;not&nbsp;available,90.0
1115632.JAFW01000001_gene1080,JAFW01000001_gene1080,annotation&nbsp;not&nbsp;available,90.0
1115632.JAFW01000001_gene774,JAFW01000001_gene774,annotation&nbsp;not&nbsp;available,90.0
1115632.JAFW01000001_gene1767,JAFW01000001_gene1767,annotation&nbsp;not&nbsp;available,89.9
1115632.JAFW01000001_gene2662,JAFW01000001_gene2662,annotation&nbsp;not&nbsp;available,89.8
1115632.JAFW01000001_gene1484,JAFW01000001_gene1484,annotation&nbsp;not&nbsp;available,89.8
1115632.JAFW01000001_gene3903,JAFW01000001_gene3903,annotation&nbsp;not&nbsp;available,89.8
1115632.JAFW01000001_gene3578,JAFW01000001_gene3578,annotation&nbsp;not&nbsp;available,89.8
1115632.JAFW01000001_gene1710,JAFW01000001_gene1710,annotation&nbsp;not&nbsp;available,89.7
1115632.JAFW01000001_gene3632,JAFW01000001_gene3632,annotation&nbsp;not&nbsp;available,89.7
1115632.JAFW01000001_gene1862,JAFW01000001_gene1862,annotation&nbsp;not&nbsp;available,89.7
1115632.JAFW01000001_gene3105,JAFW01000001_gene3105,annotation&nbsp;not&nbsp;available,89.7
1115632.JAFW01000001_gene2021,JAFW01000001_gene2021,annotation&nbsp;not&nbsp;available,89.7
1115632.JAFW01000001_gene1959,JAFW01000001_gene1959,annotation&nbsp;not&nbsp;available,89.7
1115632.JAFW01000001_gene1435,JAFW01000001_gene1435,annotation&nbsp;not&nbsp;available,89.6
1115632.JAFW01000001_gene2671,JAFW01000001_gene2671,annotation&nbsp;not&nbsp;available,89.6
1115632.JAFW01000001_gene4080,JAFW01000001_gene4080,annotation&nbsp;not&nbsp;available,89.5
1115632.JAFW01000001_gene126,JAFW01000001_gene126,annotation&nbsp;not&nbsp;available,89.4
1115632.JAFW01000001_gene2779,JAFW01000001_gene2779,annotation&nbsp;not&nbsp;available,89.4
1115632.JAFW01000001_gene1246,JAFW01000001_gene1246,annotation&nbsp;not&nbsp;available,89.4
1115632.JAFW01000001_gene3102,JAFW01000001_gene3102,annotation&nbsp;not&nbsp;available,89.3
1115632.JAFW01000001_gene4059,JAFW01000001_gene4059,annotation&nbsp;not&nbsp;available,89.3
1115632.JAFW01000001_gene1496,JAFW01000001_gene1496,annotation&nbsp;not&nbsp;available,89.3
1115632.JAFW01000001_gene271,JAFW01000001_gene271,annotation&nbsp;not&nbsp;available,89.3
1115632.JAFW01000001_gene2915,JAFW01000001_gene2915,annotation&nbsp;not&nbsp;available,89.3
1115632.JAFW01000001_gene2024,JAFW01000001_gene2024,annotation&nbsp;not&nbsp;available,89.2
1115632.JAFW01000001_gene3579,JAFW01000001_gene3579,annotation&nbsp;not&nbsp;available,89.2
1115632.JAFW01000001_gene3453,JAFW01000001_gene3453,annotation&nbsp;not&nbsp;available,89.2
1115632.JAFW01000001_gene3870,JAFW01000001_gene3870,annotation&nbsp;not&nbsp;available,89.2
1115632.JAFW01000001_gene1763,JAFW01000001_gene1763,annotation&nbsp;not&nbsp;available,89.1
1115632.JAFW01000001_gene935,JAFW01000001_gene935,annotation&nbsp;not&nbsp;available,89.1
1115632.JAFW01000001_gene878,JAFW01000001_gene878,annotation&nbsp;not&nbsp;available,89.1
1115632.JAFW01000001_gene4120,JAFW01000001_gene4120,annotation&nbsp;not&nbsp;available,89.1
1115632.JAFW01000001_gene3093,JAFW01000001_gene3093,annotation&nbsp;not&nbsp;available,89.0
1115632.JAFW01000001_gene1596,JAFW01000001_gene1596,annotation&nbsp;not&nbsp;available,88.9
1115632.JAFW01000001_gene1641,JAFW01000001_gene1641,annotation&nbsp;not&nbsp;available,88.8
1115632.JAFW01000001_gene675,JAFW01000001_gene675,annotation&nbsp;not&nbsp;available,88.8
1115632.JAFW01000001_gene3587,JAFW01000001_gene3587,annotation&nbsp;not&nbsp;available,88.8
1115632.JAFW01000001_gene1433,JAFW01000001_gene1433,annotation&nbsp;not&nbsp;available,88.8
1115632.JAFW01000001_gene3797,JAFW01000001_gene3797,annotation&nbsp;not&nbsp;available,88.6
1115632.JAFW01000001_gene3707,JAFW01000001_gene3707,annotation&nbsp;not&nbsp;available,88.6
1115632.JAFW01000001_gene1755,JAFW01000001_gene1755,annotation&nbsp;not&nbsp;available,88.6
1115632.JAFW01000001_gene3440,JAFW01000001_gene3440,annotation&nbsp;not&nbsp;available,88.6
1115632.JAFW01000001_gene1632,JAFW01000001_gene1632,annotation&nbsp;not&nbsp;available,88.5
1115632.JAFW01000001_gene2864,JAFW01000001_gene2864,annotation&nbsp;not&nbsp;available,88.5
1115632.JAFW01000001_gene4378,JAFW01000001_gene4378,annotation&nbsp;not&nbsp;available,88.5
1115632.JAFW01000001_gene2382,JAFW01000001_gene2382,annotation&nbsp;not&nbsp;available,88.5
1115632.JAFW01000001_gene2874,JAFW01000001_gene2874,annotation&nbsp;not&nbsp;available,88.4
1115632.JAFW01000001_gene159,JAFW01000001_gene159,annotation&nbsp;not&nbsp;available,88.4
1115632.JAFW01000001_gene4381,JAFW01000001_gene4381,annotation&nbsp;not&nbsp;available,88.4
1115632.JAFW01000001_gene3586,JAFW01000001_gene3586,annotation&nbsp;not&nbsp;available,88.3
1115632.JAFW01000001_gene3660,JAFW01000001_gene3660,annotation&nbsp;not&nbsp;available,88.3
1115632.JAFW01000001_gene3818,JAFW01000001_gene3818,annotation&nbsp;not&nbsp;available,88.3
1115632.JAFW01000001_gene3470,JAFW01000001_gene3470,annotation&nbsp;not&nbsp;available,88.3
1115632.JAFW01000001_gene3749,JAFW01000001_gene3749,annotation&nbsp;not&nbsp;available,88.3
1115632.JAFW01000001_gene247,JAFW01000001_gene247,annotation&nbsp;not&nbsp;available,88.2
1115632.JAFW01000001_gene676,JAFW01000001_gene676,annotation&nbsp;not&nbsp;available,88.2
1115632.JAFW01000001_gene843,JAFW01000001_gene843,annotation&nbsp;not&nbsp;available,88.1
1115632.JAFW01000001_gene3705,JAFW01000001_gene3705,annotation&nbsp;not&nbsp;available,88.0
1115632.JAFW01000001_gene2803,JAFW01000001_gene2803,annotation&nbsp;not&nbsp;available,88.0
1115632.JAFW01000001_gene234,JAFW01000001_gene234,annotation&nbsp;not&nbsp;available,88.0
1115632.JAFW01000001_gene1605,JAFW01000001_gene1605,annotation&nbsp;not&nbsp;available,87.9
1115632.JAFW01000001_gene1148,JAFW01000001_gene1148,annotation&nbsp;not&nbsp;available,87.9
1115632.JAFW01000001_gene1627,JAFW01000001_gene1627,annotation&nbsp;not&nbsp;available,87.8
1115632.JAFW01000001_gene2644,JAFW01000001_gene2644,annotation&nbsp;not&nbsp;available,87.8
1115632.JAFW01000001_gene835,JAFW01000001_gene835,annotation&nbsp;not&nbsp;available,87.8
1115632.JAFW01000001_gene2184,JAFW01000001_gene2184,annotation&nbsp;not&nbsp;available,87.8
1115632.JAFW01000001_gene2173,JAFW01000001_gene2173,annotation&nbsp;not&nbsp;available,87.8
1115632.JAFW01000001_gene1663,JAFW01000001_gene1663,annotation&nbsp;not&nbsp;available,87.7
1115632.JAFW01000001_gene4186,JAFW01000001_gene4186,annotation&nbsp;not&nbsp;available,87.7
1115632.JAFW01000001_gene131,JAFW01000001_gene131,annotation&nbsp;not&nbsp;available,87.7
1115632.JAFW01000001_gene4494,JAFW01000001_gene4494,annotation&nbsp;not&nbsp;available,87.7
1115632.JAFW01000001_gene2165,JAFW01000001_gene2165,annotation&nbsp;not&nbsp;available,87.7
1115632.JAFW01000001_gene800,JAFW01000001_gene800,annotation&nbsp;not&nbsp;available,87.6
1115632.JAFW01000001_gene13,JAFW01000001_gene13,annotation&nbsp;not&nbsp;available,87.6
1115632.JAFW01000001_gene860,JAFW01000001_gene860,annotation&nbsp;not&nbsp;available,87.5
1115632.JAFW01000001_gene2029,JAFW01000001_gene2029,annotation&nbsp;not&nbsp;available,87.4
1115632.JAFW01000001_gene2204,JAFW01000001_gene2204,annotation&nbsp;not&nbsp;available,87.4
1115632.JAFW01000001_gene20,JAFW01000001_gene20,annotation&nbsp;not&nbsp;available,87.4
1115632.JAFW01000002_gene4657,JAFW01000002_gene4657,annotation&nbsp;not&nbsp;available,87.4
1115632.JAFW01000001_gene3941,JAFW01000001_gene3941,annotation&nbsp;not&nbsp;available,87.4
1115632.JAFW01000001_gene4225,JAFW01000001_gene4225,annotation&nbsp;not&nbsp;available,87.3
1115632.JAFW01000001_gene4441,JAFW01000001_gene4441,annotation&nbsp;not&nbsp;available,87.3
1115632.JAFW01000001_gene4431,JAFW01000001_gene4431,annotation&nbsp;not&nbsp;available,87.3
1115632.JAFW01000001_gene1348,JAFW01000001_gene1348,annotation&nbsp;not&nbsp;available,87.3
1115632.JAFW01000001_gene421,JAFW01000001_gene421,annotation&nbsp;not&nbsp;available,87.3
1115632.JAFW01000001_gene2030,JAFW01000001_gene2030,annotation&nbsp;not&nbsp;available,87.2
1115632.JAFW01000001_gene3191,JAFW01000001_gene3191,annotation&nbsp;not&nbsp;available,87.2
1115632.JAFW01000002_gene4618,JAFW01000002_gene4618,annotation&nbsp;not&nbsp;available,87.1
1115632.JAFW01000001_gene1000,JAFW01000001_gene1000,annotation&nbsp;not&nbsp;available,87.1
1115632.JAFW01000001_gene4196,JAFW01000001_gene4196,annotation&nbsp;not&nbsp;available,87.1
1115632.JAFW01000001_gene4446,JAFW01000001_gene4446,annotation&nbsp;not&nbsp;available,87.1
1115632.JAFW01000001_gene2273,JAFW01000001_gene2273,annotation&nbsp;not&nbsp;available,87.0
1115632.JAFW01000001_gene4152,JAFW01000001_gene4152,annotation&nbsp;not&nbsp;available,87.0
1115632.JAFW01000001_gene741,JAFW01000001_gene741,annotation&nbsp;not&nbsp;available,87.0
1115632.JAFW01000001_gene1983,JAFW01000001_gene1983,annotation&nbsp;not&nbsp;available,87.0
1115632.JAFW01000001_gene4087,JAFW01000001_gene4087,annotation&nbsp;not&nbsp;available,87.0
1115632.JAFW01000001_gene1522,JAFW01000001_gene1522,annotation&nbsp;not&nbsp;available,86.9
1115632.JAFW01000001_gene4118,JAFW01000001_gene4118,annotation&nbsp;not&nbsp;available,86.9
1115632.JAFW01000001_gene4086,JAFW01000001_gene4086,annotation&nbsp;not&nbsp;available,86.9
1115632.JAFW01000001_gene3515,JAFW01000001_gene3515,annotation&nbsp;not&nbsp;available,86.9
1115632.JAFW01000001_gene1694,JAFW01000001_gene1694,annotation&nbsp;not&nbsp;available,86.9
1115632.JAFW01000001_gene4587,JAFW01000001_gene4587,annotation&nbsp;not&nbsp;available,86.9
1115632.JAFW01000001_gene1679,JAFW01000001_gene1679,annotation&nbsp;not&nbsp;available,86.9
1115632.JAFW01000001_gene1351,JAFW01000001_gene1351,annotation&nbsp;not&nbsp;available,86.8
1115632.JAFW01000001_gene302,JAFW01000001_gene302,annotation&nbsp;not&nbsp;available,86.8
1115632.JAFW01000001_gene796,JAFW01000001_gene796,annotation&nbsp;not&nbsp;available,86.8
1115632.JAFW01000001_gene58,JAFW01000001_gene58,annotation&nbsp;not&nbsp;available,86.8
1115632.JAFW01000001_gene2615,JAFW01000001_gene2615,annotation&nbsp;not&nbsp;available,86.8
1115632.JAFW01000001_gene1980,JAFW01000001_gene1980,annotation&nbsp;not&nbsp;available,86.6
1115632.JAFW01000001_gene2860,JAFW01000001_gene2860,annotation&nbsp;not&nbsp;available,86.6
1115632.JAFW01000001_gene797,JAFW01000001_gene797,annotation&nbsp;not&nbsp;available,86.6
1115632.JAFW01000001_gene596,JAFW01000001_gene596,annotation&nbsp;not&nbsp;available,86.6
1115632.JAFW01000001_gene826,JAFW01000001_gene826,annotation&nbsp;not&nbsp;available,86.4
1115632.JAFW01000001_gene239,JAFW01000001_gene239,annotation&nbsp;not&nbsp;available,86.4
1115632.JAFW01000001_gene210,JAFW01000001_gene210,annotation&nbsp;not&nbsp;available,86.4
1115632.JAFW01000002_gene4652,JAFW01000002_gene4652,annotation&nbsp;not&nbsp;available,86.4
1115632.JAFW01000001_gene2271,JAFW01000001_gene2271,annotation&nbsp;not&nbsp;available,86.3
1115632.JAFW01000001_gene663,JAFW01000001_gene663,annotation&nbsp;not&nbsp;available,86.3
1115632.JAFW01000001_gene1358,JAFW01000001_gene1358,annotation&nbsp;not&nbsp;available,86.2
1115632.JAFW01000001_gene3574,JAFW01000001_gene3574,annotation&nbsp;not&nbsp;available,86.1
1115632.JAFW01000001_gene3612,JAFW01000001_gene3612,annotation&nbsp;not&nbsp;available,86.1
1115632.JAFW01000001_gene1646,JAFW01000001_gene1646,annotation&nbsp;not&nbsp;available,86.1
1115632.JAFW01000001_gene3768,JAFW01000001_gene3768,annotation&nbsp;not&nbsp;available,86.0
1115632.JAFW01000001_gene2859,JAFW01000001_gene2859,annotation&nbsp;not&nbsp;available,86.0
1115632.JAFW01000001_gene2665,JAFW01000001_gene2665,annotation&nbsp;not&nbsp;available,86.0
1115632.JAFW01000001_gene3684,JAFW01000001_gene3684,annotation&nbsp;not&nbsp;available,86.0
1115632.JAFW01000001_gene995,JAFW01000001_gene995,annotation&nbsp;not&nbsp;available,85.9
1115632.JAFW01000001_gene1041,JAFW01000001_gene1041,annotation&nbsp;not&nbsp;available,85.9
1115632.JAFW01000002_gene4641,JAFW01000002_gene4641,annotation&nbsp;not&nbsp;available,85.8
1115632.JAFW01000001_gene3438,JAFW01000001_gene3438,annotation&nbsp;not&nbsp;available,85.8
1115632.JAFW01000001_gene811,JAFW01000001_gene811,annotation&nbsp;not&nbsp;available,85.8
1115632.JAFW01000001_gene3321,JAFW01000001_gene3321,annotation&nbsp;not&nbsp;available,85.8
1115632.JAFW01000001_gene2726,JAFW01000001_gene2726,annotation&nbsp;not&nbsp;available,85.7
1115632.JAFW01000001_gene1448,JAFW01000001_gene1448,annotation&nbsp;not&nbsp;available,85.6
1115632.JAFW01000001_gene3952,JAFW01000001_gene3952,annotation&nbsp;not&nbsp;available,85.6
1115632.JAFW01000001_gene1251,JAFW01000001_gene1251,annotation&nbsp;not&nbsp;available,85.6
1115632.JAFW01000001_gene2504,JAFW01000001_gene2504,annotation&nbsp;not&nbsp;available,85.6
1115632.JAFW01000001_gene2137,JAFW01000001_gene2137,annotation&nbsp;not&nbsp;available,85.5
1115632.JAFW01000001_gene4589,JAFW01000001_gene4589,annotation&nbsp;not&nbsp;available,85.5
1115632.JAFW01000001_gene187,JAFW01000001_gene187,annotation&nbsp;not&nbsp;available,85.4
1115632.JAFW01000001_gene615,JAFW01000001_gene615,annotation&nbsp;not&nbsp;available,85.4
1115632.JAFW01000001_gene3932,JAFW01000001_gene3932,annotation&nbsp;not&nbsp;available,85.3
1115632.JAFW01000001_gene1614,JAFW01000001_gene1614,annotation&nbsp;not&nbsp;available,85.3
1115632.JAFW01000001_gene1367,JAFW01000001_gene1367,annotation&nbsp;not&nbsp;available,85.3
1115632.JAFW01000001_gene2643,JAFW01000001_gene2643,annotation&nbsp;not&nbsp;available,85.3
1115632.JAFW01000001_gene3635,JAFW01000001_gene3635,annotation&nbsp;not&nbsp;available,85.3
1115632.JAFW01000001_gene2454,JAFW01000001_gene2454,annotation&nbsp;not&nbsp;available,85.3
1115632.JAFW01000001_gene175,JAFW01000001_gene175,annotation&nbsp;not&nbsp;available,85.2
1115632.JAFW01000001_gene3216,JAFW01000001_gene3216,annotation&nbsp;not&nbsp;available,85.2
1115632.JAFW01000001_gene1090,JAFW01000001_gene1090,annotation&nbsp;not&nbsp;available,85.2
1115632.JAFW01000001_gene4274,JAFW01000001_gene4274,annotation&nbsp;not&nbsp;available,85.1
1115632.JAFW01000001_gene2899,JAFW01000001_gene2899,annotation&nbsp;not&nbsp;available,85.1
1115632.JAFW01000001_gene932,JAFW01000001_gene932,annotation&nbsp;not&nbsp;available,85.0
1115632.JAFW01000001_gene4247,JAFW01000001_gene4247,annotation&nbsp;not&nbsp;available,85.0
1115632.JAFW01000001_gene1136,JAFW01000001_gene1136,annotation&nbsp;not&nbsp;available,85.0
1115632.JAFW01000001_gene1747,JAFW01000001_gene1747,annotation&nbsp;not&nbsp;available,84.9
1115632.JAFW01000001_gene2141,JAFW01000001_gene2141,annotation&nbsp;not&nbsp;available,84.9
1115632.JAFW01000001_gene2808,JAFW01000001_gene2808,annotation&nbsp;not&nbsp;available,84.9
1115632.JAFW01000001_gene1886,JAFW01000001_gene1886,annotation&nbsp;not&nbsp;available,84.8
1115632.JAFW01000001_gene1825,JAFW01000001_gene1825,annotation&nbsp;not&nbsp;available,84.8
1115632.JAFW01000001_gene1304,JAFW01000001_gene1304,annotation&nbsp;not&nbsp;available,84.8
1115632.JAFW01000001_gene1317,JAFW01000001_gene1317,annotation&nbsp;not&nbsp;available,84.8
1115632.JAFW01000001_gene1068,JAFW01000001_gene1068,annotation&nbsp;not&nbsp;available,84.8
1115632.JAFW01000001_gene927,JAFW01000001_gene927,annotation&nbsp;not&nbsp;available,84.7
1115632.JAFW01000001_gene2725,JAFW01000001_gene2725,annotation&nbsp;not&nbsp;available,84.6
1115632.JAFW01000001_gene753,JAFW01000001_gene753,annotation&nbsp;not&nbsp;available,84.6
1115632.JAFW01000001_gene505,JAFW01000001_gene505,annotation&nbsp;not&nbsp;available,84.6
1115632.JAFW01000001_gene2721,JAFW01000001_gene2721,annotation&nbsp;not&nbsp;available,84.5
1115632.JAFW01000001_gene1792,JAFW01000001_gene1792,annotation&nbsp;not&nbsp;available,84.4
1115632.JAFW01000001_gene4370,JAFW01000001_gene4370,annotation&nbsp;not&nbsp;available,84.4
1115632.JAFW01000001_gene2310,JAFW01000001_gene2310,annotation&nbsp;not&nbsp;available,84.4
1115632.JAFW01000001_gene260,JAFW01000001_gene260,annotation&nbsp;not&nbsp;available,84.4
1115632.JAFW01000001_gene1337,JAFW01000001_gene1337,annotation&nbsp;not&nbsp;available,84.4
1115632.JAFW01000001_gene553,JAFW01000001_gene553,annotation&nbsp;not&nbsp;available,84.3
1115632.JAFW01000001_gene3929,JAFW01000001_gene3929,annotation&nbsp;not&nbsp;available,84.2
1115632.JAFW01000001_gene1581,JAFW01000001_gene1581,annotation&nbsp;not&nbsp;available,84.2
1115632.JAFW01000001_gene189,JAFW01000001_gene189,annotation&nbsp;not&nbsp;available,84.2
1115632.JAFW01000001_gene200,JAFW01000001_gene200,annotation&nbsp;not&nbsp;available,84.2
1115632.JAFW01000001_gene4438,JAFW01000001_gene4438,annotation&nbsp;not&nbsp;available,84.2
1115632.JAFW01000001_gene2677,JAFW01000001_gene2677,annotation&nbsp;not&nbsp;available,84.1
1115632.JAFW01000001_gene4006,JAFW01000001_gene4006,annotation&nbsp;not&nbsp;available,84.0
1115632.JAFW01000001_gene3122,JAFW01000001_gene3122,annotation&nbsp;not&nbsp;available,84.0
1115632.JAFW01000001_gene2348,JAFW01000001_gene2348,annotation&nbsp;not&nbsp;available,83.9
1115632.JAFW01000001_gene2600,JAFW01000001_gene2600,annotation&nbsp;not&nbsp;available,83.9
1115632.JAFW01000001_gene130,JAFW01000001_gene130,annotation&nbsp;not&nbsp;available,83.9
1115632.JAFW01000001_gene3644,JAFW01000001_gene3644,annotation&nbsp;not&nbsp;available,83.9
1115632.JAFW01000001_gene4191,JAFW01000001_gene4191,annotation&nbsp;not&nbsp;available,83.9
1115632.JAFW01000001_gene3416,JAFW01000001_gene3416,annotation&nbsp;not&nbsp;available,83.8
1115632.JAFW01000001_gene3305,JAFW01000001_gene3305,annotation&nbsp;not&nbsp;available,83.8
1115632.JAFW01000001_gene148,JAFW01000001_gene148,annotation&nbsp;not&nbsp;available,83.8
1115632.JAFW01000001_gene259,JAFW01000001_gene259,annotation&nbsp;not&nbsp;available,83.8
1115632.JAFW01000001_gene1047,JAFW01000001_gene1047,annotation&nbsp;not&nbsp;available,83.8
1115632.JAFW01000001_gene4159,JAFW01000001_gene4159,annotation&nbsp;not&nbsp;available,83.7
1115632.JAFW01000001_gene3977,JAFW01000001_gene3977,annotation&nbsp;not&nbsp;available,83.7
1115632.JAFW01000001_gene3265,JAFW01000001_gene3265,annotation&nbsp;not&nbsp;available,83.6
1115632.JAFW01000001_gene4489,JAFW01000001_gene4489,annotation&nbsp;not&nbsp;available,83.6
1115632.JAFW01000001_gene4028,JAFW01000001_gene4028,annotation&nbsp;not&nbsp;available,83.5
1115632.JAFW01000001_gene3925,JAFW01000001_gene3925,annotation&nbsp;not&nbsp;available,83.5
1115632.JAFW01000001_gene2573,JAFW01000001_gene2573,annotation&nbsp;not&nbsp;available,83.5
1115632.JAFW01000001_gene262,JAFW01000001_gene262,annotation&nbsp;not&nbsp;available,83.4
1115632.JAFW01000001_gene1217,JAFW01000001_gene1217,annotation&nbsp;not&nbsp;available,83.3
1115632.JAFW01000001_gene3038,JAFW01000001_gene3038,annotation&nbsp;not&nbsp;available,83.3
1115632.JAFW01000001_gene2897,JAFW01000001_gene2897,annotation&nbsp;not&nbsp;available,83.3
1115632.JAFW01000001_gene80,JAFW01000001_gene80,annotation&nbsp;not&nbsp;available,83.0
1115632.JAFW01000001_gene837,JAFW01000001_gene837,annotation&nbsp;not&nbsp;available,83.0
1115632.JAFW01000001_gene3157,JAFW01000001_gene3157,annotation&nbsp;not&nbsp;available,83.0
1115632.JAFW01000001_gene3182,JAFW01000001_gene3182,annotation&nbsp;not&nbsp;available,83.0
1115632.JAFW01000001_gene1144,JAFW01000001_gene1144,annotation&nbsp;not&nbsp;available,83.0
1115632.JAFW01000001_gene1249,JAFW01000001_gene1249,annotation&nbsp;not&nbsp;available,83.0
1115632.JAFW01000001_gene3000,JAFW01000001_gene3000,annotation&nbsp;not&nbsp;available,82.9
1115632.JAFW01000001_gene1599,JAFW01000001_gene1599,annotation&nbsp;not&nbsp;available,82.9
1115632.JAFW01000001_gene2998,JAFW01000001_gene2998,annotation&nbsp;not&nbsp;available,82.9
1115632.JAFW01000001_gene3153,JAFW01000001_gene3153,annotation&nbsp;not&nbsp;available,82.8
1115632.JAFW01000001_gene1003,JAFW01000001_gene1003,annotation&nbsp;not&nbsp;available,82.8
1115632.JAFW01000001_gene519,JAFW01000001_gene519,annotation&nbsp;not&nbsp;available,82.8
1115632.JAFW01000001_gene4331,JAFW01000001_gene4331,annotation&nbsp;not&nbsp;available,82.8
1115632.JAFW01000001_gene2009,JAFW01000001_gene2009,annotation&nbsp;not&nbsp;available,82.8
1115632.JAFW01000001_gene3605,JAFW01000001_gene3605,annotation&nbsp;not&nbsp;available,82.8
1115632.JAFW01000001_gene3637,JAFW01000001_gene3637,annotation&nbsp;not&nbsp;available,82.7
1115632.JAFW01000001_gene227,JAFW01000001_gene227,annotation&nbsp;not&nbsp;available,82.7
1115632.JAFW01000001_gene3162,JAFW01000001_gene3162,annotation&nbsp;not&nbsp;available,82.6
1115632.JAFW01000001_gene543,JAFW01000001_gene543,annotation&nbsp;not&nbsp;available,82.5
1115632.JAFW01000001_gene3546,JAFW01000001_gene3546,annotation&nbsp;not&nbsp;available,82.5
1115632.JAFW01000001_gene3607,JAFW01000001_gene3607,annotation&nbsp;not&nbsp;available,82.5
1115632.JAFW01000001_gene3758,JAFW01000001_gene3758,annotation&nbsp;not&nbsp;available,82.2
1115632.JAFW01000001_gene1274,JAFW01000001_gene1274,annotation&nbsp;not&nbsp;available,82.2
1115632.JAFW01000001_gene1714,JAFW01000001_gene1714,annotation&nbsp;not&nbsp;available,82.2
1115632.JAFW01000001_gene4579,JAFW01000001_gene4579,annotation&nbsp;not&nbsp;available,82.2
1115632.JAFW01000001_gene2050,JAFW01000001_gene2050,annotation&nbsp;not&nbsp;available,82.1
1115632.JAFW01000001_gene1160,JAFW01000001_gene1160,annotation&nbsp;not&nbsp;available,82.1
1115632.JAFW01000001_gene1635,JAFW01000001_gene1635,annotation&nbsp;not&nbsp;available,82.1
1115632.JAFW01000001_gene1769,JAFW01000001_gene1769,annotation&nbsp;not&nbsp;available,82.1
1115632.JAFW01000001_gene4115,JAFW01000001_gene4115,annotation&nbsp;not&nbsp;available,82.1
1115632.JAFW01000001_gene486,JAFW01000001_gene486,annotation&nbsp;not&nbsp;available,82.0
1115632.JAFW01000001_gene2016,JAFW01000001_gene2016,annotation&nbsp;not&nbsp;available,82.0
1115632.JAFW01000001_gene178,JAFW01000001_gene178,annotation&nbsp;not&nbsp;available,82.0
1115632.JAFW01000001_gene2957,JAFW01000001_gene2957,annotation&nbsp;not&nbsp;available,82.0
1115632.JAFW01000001_gene4029,JAFW01000001_gene4029,annotation&nbsp;not&nbsp;available,82.0
1115632.JAFW01000001_gene1292,JAFW01000001_gene1292,annotation&nbsp;not&nbsp;available,81.9
1115632.JAFW01000001_gene1689,JAFW01000001_gene1689,annotation&nbsp;not&nbsp;available,81.9
1115632.JAFW01000001_gene3028,JAFW01000001_gene3028,annotation&nbsp;not&nbsp;available,81.9
1115632.JAFW01000001_gene3550,JAFW01000001_gene3550,annotation&nbsp;not&nbsp;available,81.9
1115632.JAFW01000001_gene2571,JAFW01000001_gene2571,annotation&nbsp;not&nbsp;available,81.9
1115632.JAFW01000001_gene4332,JAFW01000001_gene4332,annotation&nbsp;not&nbsp;available,81.9
1115632.JAFW01000001_gene485,JAFW01000001_gene485,annotation&nbsp;not&nbsp;available,81.9
1115632.JAFW01000001_gene1088,JAFW01000001_gene1088,annotation&nbsp;not&nbsp;available,81.8
1115632.JAFW01000001_gene2661,JAFW01000001_gene2661,annotation&nbsp;not&nbsp;available,81.8
1115632.JAFW01000001_gene1232,JAFW01000001_gene1232,annotation&nbsp;not&nbsp;available,81.7
1115632.JAFW01000001_gene2756,JAFW01000001_gene2756,annotation&nbsp;not&nbsp;available,81.7
1115632.JAFW01000001_gene1650,JAFW01000001_gene1650,annotation&nbsp;not&nbsp;available,81.7
1115632.JAFW01000001_gene2758,JAFW01000001_gene2758,annotation&nbsp;not&nbsp;available,81.7
1115632.JAFW01000001_gene3229,JAFW01000001_gene3229,annotation&nbsp;not&nbsp;available,81.7
1115632.JAFW01000001_gene1775,JAFW01000001_gene1775,annotation&nbsp;not&nbsp;available,81.7
1115632.JAFW01000001_gene3945,JAFW01000001_gene3945,annotation&nbsp;not&nbsp;available,81.7
1115632.JAFW01000001_gene4400,JAFW01000001_gene4400,annotation&nbsp;not&nbsp;available,81.7
1115632.JAFW01000001_gene582,JAFW01000001_gene582,annotation&nbsp;not&nbsp;available,81.6
1115632.JAFW01000001_gene2394,JAFW01000001_gene2394,annotation&nbsp;not&nbsp;available,81.5
1115632.JAFW01000001_gene2045,JAFW01000001_gene2045,annotation&nbsp;not&nbsp;available,81.5
1115632.JAFW01000001_gene3702,JAFW01000001_gene3702,annotation&nbsp;not&nbsp;available,81.5
1115632.JAFW01000001_gene3523,JAFW01000001_gene3523,annotation&nbsp;not&nbsp;available,81.5
1115632.JAFW01000001_gene4019,JAFW01000001_gene4019,annotation&nbsp;not&nbsp;available,81.5
1115632.JAFW01000001_gene2866,JAFW01000001_gene2866,annotation&nbsp;not&nbsp;available,81.5
1115632.JAFW01000001_gene920,JAFW01000001_gene920,annotation&nbsp;not&nbsp;available,81.5
1115632.JAFW01000001_gene2157,JAFW01000001_gene2157,annotation&nbsp;not&nbsp;available,81.5
1115632.JAFW01000001_gene1707,JAFW01000001_gene1707,annotation&nbsp;not&nbsp;available,81.4
1115632.JAFW01000001_gene23,JAFW01000001_gene23,annotation&nbsp;not&nbsp;available,81.4
1115632.JAFW01000001_gene3193,JAFW01000001_gene3193,annotation&nbsp;not&nbsp;available,81.4
1115632.JAFW01000001_gene3865,JAFW01000001_gene3865,annotation&nbsp;not&nbsp;available,81.2
1115632.JAFW01000001_gene488,JAFW01000001_gene488,annotation&nbsp;not&nbsp;available,81.2
1115632.JAFW01000001_gene4600,JAFW01000001_gene4600,annotation&nbsp;not&nbsp;available,81.2
1115632.JAFW01000001_gene1584,JAFW01000001_gene1584,annotation&nbsp;not&nbsp;available,81.1
1115632.JAFW01000001_gene1015,JAFW01000001_gene1015,annotation&nbsp;not&nbsp;available,81.1
1115632.JAFW01000001_gene537,JAFW01000001_gene537,annotation&nbsp;not&nbsp;available,81.0
1115632.JAFW01000001_gene3654,JAFW01000001_gene3654,annotation&nbsp;not&nbsp;available,81.0
1115632.JAFW01000001_gene1302,JAFW01000001_gene1302,annotation&nbsp;not&nbsp;available,80.9
1115632.JAFW01000001_gene4555,JAFW01000001_gene4555,annotation&nbsp;not&nbsp;available,80.8
1115632.JAFW01000001_gene4387,JAFW01000001_gene4387,annotation&nbsp;not&nbsp;available,80.8
1115632.JAFW01000001_gene3922,JAFW01000001_gene3922,annotation&nbsp;not&nbsp;available,80.8
1115632.JAFW01000001_gene4121,JAFW01000001_gene4121,annotation&nbsp;not&nbsp;available,80.8
1115632.JAFW01000001_gene2189,JAFW01000001_gene2189,annotation&nbsp;not&nbsp;available,80.7
1115632.JAFW01000001_gene116,JAFW01000001_gene116,annotation&nbsp;not&nbsp;available,80.7
1115632.JAFW01000001_gene4450,JAFW01000001_gene4450,annotation&nbsp;not&nbsp;available,80.7
1115632.JAFW01000001_gene3342,JAFW01000001_gene3342,annotation&nbsp;not&nbsp;available,80.6
1115632.JAFW01000001_gene3872,JAFW01000001_gene3872,annotation&nbsp;not&nbsp;available,80.6
1115632.JAFW01000001_gene3300,JAFW01000001_gene3300,annotation&nbsp;not&nbsp;available,80.6
1115632.JAFW01000001_gene3006,JAFW01000001_gene3006,annotation&nbsp;not&nbsp;available,80.5
1115632.JAFW01000001_gene988,JAFW01000001_gene988,annotation&nbsp;not&nbsp;available,80.5
1115632.JAFW01000001_gene3795,JAFW01000001_gene3795,annotation&nbsp;not&nbsp;available,80.5
1115632.JAFW01000001_gene1123,JAFW01000001_gene1123,annotation&nbsp;not&nbsp;available,80.4
1115632.JAFW01000001_gene3701,JAFW01000001_gene3701,annotation&nbsp;not&nbsp;available,80.4
1115632.JAFW01000002_gene4638,JAFW01000002_gene4638,annotation&nbsp;not&nbsp;available,80.3
1115632.JAFW01000001_gene3117,JAFW01000001_gene3117,annotation&nbsp;not&nbsp;available,80.2
1115632.JAFW01000001_gene2008,JAFW01000001_gene2008,annotation&nbsp;not&nbsp;available,80.1
1115632.JAFW01000001_gene4180,JAFW01000001_gene4180,annotation&nbsp;not&nbsp;available,80.1
1115632.JAFW01000001_gene3823,JAFW01000001_gene3823,annotation&nbsp;not&nbsp;available,80.1
1115632.JAFW01000001_gene2092,JAFW01000001_gene2092,annotation&nbsp;not&nbsp;available,80.1
1115632.JAFW01000001_gene245,JAFW01000001_gene245,annotation&nbsp;not&nbsp;available,80.0
1115632.JAFW01000001_gene877,JAFW01000001_gene877,annotation&nbsp;not&nbsp;available,80.0
1115632.JAFW01000001_gene3871,JAFW01000001_gene3871,annotation&nbsp;not&nbsp;available,80.0
1115632.JAFW01000001_gene4412,JAFW01000001_gene4412,annotation&nbsp;not&nbsp;available,80.0
1115632.JAFW01000001_gene1506,JAFW01000001_gene1506,annotation&nbsp;not&nbsp;available,80.0
1115632.JAFW01000001_gene2352,JAFW01000001_gene2352,annotation&nbsp;not&nbsp;available,80.0
1115632.JAFW01000001_gene264,JAFW01000001_gene264,annotation&nbsp;not&nbsp;available,80.0
1115632.JAFW01000001_gene2783,JAFW01000001_gene2783,annotation&nbsp;not&nbsp;available,80.0
1115632.JAFW01000001_gene2311,JAFW01000001_gene2311,annotation&nbsp;not&nbsp;available,79.9
1115632.JAFW01000001_gene575,JAFW01000001_gene575,annotation&nbsp;not&nbsp;available,79.8
1115632.JAFW01000001_gene2149,JAFW01000001_gene2149,annotation&nbsp;not&nbsp;available,79.7
1115632.JAFW01000001_gene4034,JAFW01000001_gene4034,annotation&nbsp;not&nbsp;available,79.7
1115632.JAFW01000001_gene3634,JAFW01000001_gene3634,annotation&nbsp;not&nbsp;available,79.7
1115632.JAFW01000001_gene3165,JAFW01000001_gene3165,annotation&nbsp;not&nbsp;available,79.6
1115632.JAFW01000001_gene3412,JAFW01000001_gene3412,annotation&nbsp;not&nbsp;available,79.6
1115632.JAFW01000001_gene3356,JAFW01000001_gene3356,annotation&nbsp;not&nbsp;available,79.6
1115632.JAFW01000001_gene2917,JAFW01000001_gene2917,annotation&nbsp;not&nbsp;available,79.6
1115632.JAFW01000001_gene1847,JAFW01000001_gene1847,annotation&nbsp;not&nbsp;available,79.5
1115632.JAFW01000001_gene4067,JAFW01000001_gene4067,annotation&nbsp;not&nbsp;available,79.5
1115632.JAFW01000001_gene2559,JAFW01000001_gene2559,annotation&nbsp;not&nbsp;available,79.5
1115632.JAFW01000001_gene3878,JAFW01000001_gene3878,annotation&nbsp;not&nbsp;available,79.4
1115632.JAFW01000001_gene808,JAFW01000001_gene808,annotation&nbsp;not&nbsp;available,79.4
1115632.JAFW01000001_gene1984,JAFW01000001_gene1984,annotation&nbsp;not&nbsp;available,79.4
1115632.JAFW01000001_gene45,JAFW01000001_gene45,annotation&nbsp;not&nbsp;available,79.3
1115632.JAFW01000001_gene3327,JAFW01000001_gene3327,annotation&nbsp;not&nbsp;available,79.3
1115632.JAFW01000001_gene2161,JAFW01000001_gene2161,annotation&nbsp;not&nbsp;available,79.3
1115632.JAFW01000001_gene2166,JAFW01000001_gene2166,annotation&nbsp;not&nbsp;available,79.2
1115632.JAFW01000001_gene4333,JAFW01000001_gene4333,annotation&nbsp;not&nbsp;available,79.2
1115632.JAFW01000001_gene1005,JAFW01000001_gene1005,annotation&nbsp;not&nbsp;available,79.2
1115632.JAFW01000001_gene2468,JAFW01000001_gene2468,annotation&nbsp;not&nbsp;available,79.2
1115632.JAFW01000001_gene1055,JAFW01000001_gene1055,annotation&nbsp;not&nbsp;available,79.1
1115632.JAFW01000001_gene1409,JAFW01000001_gene1409,annotation&nbsp;not&nbsp;available,79.1
1115632.JAFW01000001_gene2270,JAFW01000001_gene2270,annotation&nbsp;not&nbsp;available,79.1
1115632.JAFW01000001_gene875,JAFW01000001_gene875,annotation&nbsp;not&nbsp;available,79.0
1115632.JAFW01000001_gene83,JAFW01000001_gene83,annotation&nbsp;not&nbsp;available,79.0
1115632.JAFW01000001_gene3979,JAFW01000001_gene3979,annotation&nbsp;not&nbsp;available,79.0
1115632.JAFW01000001_gene3566,JAFW01000001_gene3566,annotation&nbsp;not&nbsp;available,79.0
1115632.JAFW01000001_gene529,JAFW01000001_gene529,annotation&nbsp;not&nbsp;available,78.9
1115632.JAFW01000001_gene2904,JAFW01000001_gene2904,annotation&nbsp;not&nbsp;available,78.8
1115632.JAFW01000001_gene1490,JAFW01000001_gene1490,annotation&nbsp;not&nbsp;available,78.8
1115632.JAFW01000001_gene233,JAFW01000001_gene233,annotation&nbsp;not&nbsp;available,78.8
1115632.JAFW01000001_gene2457,JAFW01000001_gene2457,annotation&nbsp;not&nbsp;available,78.8
1115632.JAFW01000001_gene2121,JAFW01000001_gene2121,annotation&nbsp;not&nbsp;available,78.7
1115632.JAFW01000001_gene3516,JAFW01000001_gene3516,annotation&nbsp;not&nbsp;available,78.7
1115632.JAFW01000001_gene2494,JAFW01000001_gene2494,annotation&nbsp;not&nbsp;available,78.6
1115632.JAFW01000001_gene787,JAFW01000001_gene787,annotation&nbsp;not&nbsp;available,78.6
1115632.JAFW01000001_gene3113,JAFW01000001_gene3113,annotation&nbsp;not&nbsp;available,78.6
1115632.JAFW01000001_gene4559,JAFW01000001_gene4559,annotation&nbsp;not&nbsp;available,78.6
1115632.JAFW01000001_gene3984,JAFW01000001_gene3984,annotation&nbsp;not&nbsp;available,78.6
1115632.JAFW01000001_gene569,JAFW01000001_gene569,annotation&nbsp;not&nbsp;available,78.6
1115632.JAFW01000001_gene3824,JAFW01000001_gene3824,annotation&nbsp;not&nbsp;available,78.6
1115632.JAFW01000001_gene1014,JAFW01000001_gene1014,annotation&nbsp;not&nbsp;available,78.5
1115632.JAFW01000001_gene850,JAFW01000001_gene850,annotation&nbsp;not&nbsp;available,78.5
1115632.JAFW01000001_gene3619,JAFW01000001_gene3619,annotation&nbsp;not&nbsp;available,78.5
1115632.JAFW01000001_gene3159,JAFW01000001_gene3159,annotation&nbsp;not&nbsp;available,78.5
1115632.JAFW01000001_gene1932,JAFW01000001_gene1932,annotation&nbsp;not&nbsp;available,78.5
1115632.JAFW01000001_gene954,JAFW01000001_gene954,annotation&nbsp;not&nbsp;available,78.4
1115632.JAFW01000001_gene3600,JAFW01000001_gene3600,annotation&nbsp;not&nbsp;available,78.4
1115632.JAFW01000001_gene709,JAFW01000001_gene709,annotation&nbsp;not&nbsp;available,78.4
1115632.JAFW01000001_gene2645,JAFW01000001_gene2645,annotation&nbsp;not&nbsp;available,78.4
1115632.JAFW01000001_gene266,JAFW01000001_gene266,annotation&nbsp;not&nbsp;available,78.4
1115632.JAFW01000001_gene707,JAFW01000001_gene707,annotation&nbsp;not&nbsp;available,78.4
1115632.JAFW01000001_gene4334,JAFW01000001_gene4334,annotation&nbsp;not&nbsp;available,78.4
1115632.JAFW01000001_gene2524,JAFW01000001_gene2524,annotation&nbsp;not&nbsp;available,78.3
1115632.JAFW01000001_gene542,JAFW01000001_gene542,annotation&nbsp;not&nbsp;available,78.3
1115632.JAFW01000001_gene169,JAFW01000001_gene169,annotation&nbsp;not&nbsp;available,78.3
1115632.JAFW01000001_gene4248,JAFW01000001_gene4248,annotation&nbsp;not&nbsp;available,78.2
1115632.JAFW01000001_gene948,JAFW01000001_gene948,annotation&nbsp;not&nbsp;available,78.2
1115632.JAFW01000001_gene982,JAFW01000001_gene982,annotation&nbsp;not&nbsp;available,78.0
1115632.JAFW01000001_gene1740,JAFW01000001_gene1740,annotation&nbsp;not&nbsp;available,78.0
1115632.JAFW01000001_gene4025,JAFW01000001_gene4025,annotation&nbsp;not&nbsp;available,77.9
1115632.JAFW01000001_gene3077,JAFW01000001_gene3077,annotation&nbsp;not&nbsp;available,77.9
1115632.JAFW01000001_gene3073,JAFW01000001_gene3073,annotation&nbsp;not&nbsp;available,77.9
1115632.JAFW01000001_gene572,JAFW01000001_gene572,annotation&nbsp;not&nbsp;available,77.9
1115632.JAFW01000001_gene1268,JAFW01000001_gene1268,annotation&nbsp;not&nbsp;available,77.8
1115632.JAFW01000001_gene1658,JAFW01000001_gene1658,annotation&nbsp;not&nbsp;available,77.8
1115632.JAFW01000001_gene1643,JAFW01000001_gene1643,annotation&nbsp;not&nbsp;available,77.8
1115632.JAFW01000001_gene952,JAFW01000001_gene952,annotation&nbsp;not&nbsp;available,77.8
1115632.JAFW01000001_gene1677,JAFW01000001_gene1677,annotation&nbsp;not&nbsp;available,77.7
1115632.JAFW01000001_gene2138,JAFW01000001_gene2138,annotation&nbsp;not&nbsp;available,77.7
1115632.JAFW01000001_gene2375,JAFW01000001_gene2375,annotation&nbsp;not&nbsp;available,77.7
1115632.JAFW01000001_gene976,JAFW01000001_gene976,annotation&nbsp;not&nbsp;available,77.7
1115632.JAFW01000001_gene1443,JAFW01000001_gene1443,annotation&nbsp;not&nbsp;available,77.6
1115632.JAFW01000001_gene990,JAFW01000001_gene990,annotation&nbsp;not&nbsp;available,77.6
1115632.JAFW01000001_gene3218,JAFW01000001_gene3218,annotation&nbsp;not&nbsp;available,77.5
1115632.JAFW01000001_gene1840,JAFW01000001_gene1840,annotation&nbsp;not&nbsp;available,77.5
1115632.JAFW01000001_gene2838,JAFW01000001_gene2838,annotation&nbsp;not&nbsp;available,77.5
1115632.JAFW01000001_gene2849,JAFW01000001_gene2849,annotation&nbsp;not&nbsp;available,77.4
1115632.JAFW01000001_gene4228,JAFW01000001_gene4228,annotation&nbsp;not&nbsp;available,77.4
1115632.JAFW01000001_gene4110,JAFW01000001_gene4110,annotation&nbsp;not&nbsp;available,77.3
1115632.JAFW01000001_gene4173,JAFW01000001_gene4173,annotation&nbsp;not&nbsp;available,77.3
1115632.JAFW01000001_gene3234,JAFW01000001_gene3234,annotation&nbsp;not&nbsp;available,77.3
1115632.JAFW01000001_gene1712,JAFW01000001_gene1712,annotation&nbsp;not&nbsp;available,77.3
1115632.JAFW01000001_gene79,JAFW01000001_gene79,annotation&nbsp;not&nbsp;available,77.2
1115632.JAFW01000001_gene2634,JAFW01000001_gene2634,annotation&nbsp;not&nbsp;available,77.2
1115632.JAFW01000001_gene3219,JAFW01000001_gene3219,annotation&nbsp;not&nbsp;available,77.2
1115632.JAFW01000001_gene2689,JAFW01000001_gene2689,annotation&nbsp;not&nbsp;available,77.1
1115632.JAFW01000001_gene202,JAFW01000001_gene202,annotation&nbsp;not&nbsp;available,77.0
1115632.JAFW01000001_gene664,JAFW01000001_gene664,annotation&nbsp;not&nbsp;available,77.0
1115632.JAFW01000001_gene620,JAFW01000001_gene620,annotation&nbsp;not&nbsp;available,76.9
1115632.JAFW01000001_gene2314,JAFW01000001_gene2314,annotation&nbsp;not&nbsp;available,76.9
1115632.JAFW01000001_gene2862,JAFW01000001_gene2862,annotation&nbsp;not&nbsp;available,76.9
1115632.JAFW01000001_gene987,JAFW01000001_gene987,annotation&nbsp;not&nbsp;available,76.9
1115632.JAFW01000001_gene950,JAFW01000001_gene950,annotation&nbsp;not&nbsp;available,76.8
1115632.JAFW01000001_gene2017,JAFW01000001_gene2017,annotation&nbsp;not&nbsp;available,76.8
1115632.JAFW01000001_gene798,JAFW01000001_gene798,annotation&nbsp;not&nbsp;available,76.7
1115632.JAFW01000001_gene4068,JAFW01000001_gene4068,annotation&nbsp;not&nbsp;available,76.7
1115632.JAFW01000001_gene33,JAFW01000001_gene33,annotation&nbsp;not&nbsp;available,76.7
1115632.JAFW01000001_gene1734,JAFW01000001_gene1734,annotation&nbsp;not&nbsp;available,76.7
1115632.JAFW01000001_gene1370,JAFW01000001_gene1370,annotation&nbsp;not&nbsp;available,76.7
1115632.JAFW01000001_gene113,JAFW01000001_gene113,annotation&nbsp;not&nbsp;available,76.6
1115632.JAFW01000001_gene1313,JAFW01000001_gene1313,annotation&nbsp;not&nbsp;available,76.6
1115632.JAFW01000001_gene4137,JAFW01000001_gene4137,annotation&nbsp;not&nbsp;available,76.6
1115632.JAFW01000001_gene3532,JAFW01000001_gene3532,annotation&nbsp;not&nbsp;available,76.5
1115632.JAFW01000001_gene2855,JAFW01000001_gene2855,annotation&nbsp;not&nbsp;available,76.5
1115632.JAFW01000001_gene1434,JAFW01000001_gene1434,annotation&nbsp;not&nbsp;available,76.4
1115632.JAFW01000001_gene526,JAFW01000001_gene526,annotation&nbsp;not&nbsp;available,76.4
1115632.JAFW01000001_gene3085,JAFW01000001_gene3085,annotation&nbsp;not&nbsp;available,76.4
1115632.JAFW01000001_gene3583,JAFW01000001_gene3583,annotation&nbsp;not&nbsp;available,76.4
1115632.JAFW01000001_gene1050,JAFW01000001_gene1050,annotation&nbsp;not&nbsp;available,76.4
1115632.JAFW01000001_gene574,JAFW01000001_gene574,annotation&nbsp;not&nbsp;available,76.4
1115632.JAFW01000001_gene1085,JAFW01000001_gene1085,annotation&nbsp;not&nbsp;available,76.4
1115632.JAFW01000001_gene3084,JAFW01000001_gene3084,annotation&nbsp;not&nbsp;available,76.3
1115632.JAFW01000001_gene1129,JAFW01000001_gene1129,annotation&nbsp;not&nbsp;available,76.3
1115632.JAFW01000001_gene2781,JAFW01000001_gene2781,annotation&nbsp;not&nbsp;available,76.3
1115632.JAFW01000001_gene2819,JAFW01000001_gene2819,annotation&nbsp;not&nbsp;available,76.3
1115632.JAFW01000001_gene4427,JAFW01000001_gene4427,annotation&nbsp;not&nbsp;available,76.1
1115632.JAFW01000001_gene2925,JAFW01000001_gene2925,annotation&nbsp;not&nbsp;available,76.1
1115632.JAFW01000001_gene104,JAFW01000001_gene104,annotation&nbsp;not&nbsp;available,76.0
1115632.JAFW01000001_gene1699,JAFW01000001_gene1699,annotation&nbsp;not&nbsp;available,76.0
1115632.JAFW01000001_gene1841,JAFW01000001_gene1841,annotation&nbsp;not&nbsp;available,75.9
1115632.JAFW01000001_gene2757,JAFW01000001_gene2757,annotation&nbsp;not&nbsp;available,75.9
1115632.JAFW01000001_gene1371,JAFW01000001_gene1371,annotation&nbsp;not&nbsp;available,75.9
1115632.JAFW01000001_gene1222,JAFW01000001_gene1222,annotation&nbsp;not&nbsp;available,75.9
1115632.JAFW01000001_gene847,JAFW01000001_gene847,annotation&nbsp;not&nbsp;available,75.8
1115632.JAFW01000001_gene616,JAFW01000001_gene616,annotation&nbsp;not&nbsp;available,75.8
1115632.JAFW01000001_gene2724,JAFW01000001_gene2724,annotation&nbsp;not&nbsp;available,75.7
1115632.JAFW01000001_gene4392,JAFW01000001_gene4392,annotation&nbsp;not&nbsp;available,75.7
1115632.JAFW01000001_gene1999,JAFW01000001_gene1999,annotation&nbsp;not&nbsp;available,75.7
1115632.JAFW01000001_gene1430,JAFW01000001_gene1430,annotation&nbsp;not&nbsp;available,75.7
1115632.JAFW01000001_gene1938,JAFW01000001_gene1938,annotation&nbsp;not&nbsp;available,75.7
1115632.JAFW01000001_gene3062,JAFW01000001_gene3062,annotation&nbsp;not&nbsp;available,75.6
1115632.JAFW01000001_gene2534,JAFW01000001_gene2534,annotation&nbsp;not&nbsp;available,75.6
1115632.JAFW01000001_gene190,JAFW01000001_gene190,annotation&nbsp;not&nbsp;available,75.6
1115632.JAFW01000001_gene211,JAFW01000001_gene211,annotation&nbsp;not&nbsp;available,75.5
1115632.JAFW01000001_gene2160,JAFW01000001_gene2160,annotation&nbsp;not&nbsp;available,75.5
1115632.JAFW01000001_gene2513,JAFW01000001_gene2513,annotation&nbsp;not&nbsp;available,75.4
1115632.JAFW01000001_gene1021,JAFW01000001_gene1021,annotation&nbsp;not&nbsp;available,75.4
1115632.JAFW01000001_gene933,JAFW01000001_gene933,annotation&nbsp;not&nbsp;available,75.4
1115632.JAFW01000001_gene1483,JAFW01000001_gene1483,annotation&nbsp;not&nbsp;available,75.4
1115632.JAFW01000001_gene98,JAFW01000001_gene98,annotation&nbsp;not&nbsp;available,75.4
1115632.JAFW01000001_gene3037,JAFW01000001_gene3037,annotation&nbsp;not&nbsp;available,75.4
1115632.JAFW01000001_gene2503,JAFW01000001_gene2503,annotation&nbsp;not&nbsp;available,75.3
1115632.JAFW01000001_gene3421,JAFW01000001_gene3421,annotation&nbsp;not&nbsp;available,75.3
1115632.JAFW01000001_gene4576,JAFW01000001_gene4576,annotation&nbsp;not&nbsp;available,75.3
1115632.JAFW01000001_gene812,JAFW01000001_gene812,annotation&nbsp;not&nbsp;available,75.3
1115632.JAFW01000001_gene2540,JAFW01000001_gene2540,annotation&nbsp;not&nbsp;available,75.2
1115632.JAFW01000001_gene47,JAFW01000001_gene47,annotation&nbsp;not&nbsp;available,75.1
1115632.JAFW01000001_gene3452,JAFW01000001_gene3452,annotation&nbsp;not&nbsp;available,75.1
1115632.JAFW01000001_gene3447,JAFW01000001_gene3447,annotation&nbsp;not&nbsp;available,75.0
1115632.JAFW01000001_gene2586,JAFW01000001_gene2586,annotation&nbsp;not&nbsp;available,75.0
1115632.JAFW01000001_gene4481,JAFW01000001_gene4481,annotation&nbsp;not&nbsp;available,74.9
1115632.JAFW01000001_gene4325,JAFW01000001_gene4325,annotation&nbsp;not&nbsp;available,74.9
1115632.JAFW01000001_gene3571,JAFW01000001_gene3571,annotation&nbsp;not&nbsp;available,74.9
1115632.JAFW01000001_gene2581,JAFW01000001_gene2581,annotation&nbsp;not&nbsp;available,74.8
1115632.JAFW01000001_gene4471,JAFW01000001_gene4471,annotation&nbsp;not&nbsp;available,74.8
1115632.JAFW01000001_gene3923,JAFW01000001_gene3923,annotation&nbsp;not&nbsp;available,74.8
1115632.JAFW01000001_gene153,JAFW01000001_gene153,annotation&nbsp;not&nbsp;available,74.7
1115632.JAFW01000001_gene4474,JAFW01000001_gene4474,annotation&nbsp;not&nbsp;available,74.7
1115632.JAFW01000001_gene2171,JAFW01000001_gene2171,annotation&nbsp;not&nbsp;available,74.7
1115632.JAFW01000001_gene916,JAFW01000001_gene916,annotation&nbsp;not&nbsp;available,74.6
1115632.JAFW01000001_gene922,JAFW01000001_gene922,annotation&nbsp;not&nbsp;available,74.6
1115632.JAFW01000001_gene1061,JAFW01000001_gene1061,annotation&nbsp;not&nbsp;available,74.5
1115632.JAFW01000001_gene3326,JAFW01000001_gene3326,annotation&nbsp;not&nbsp;available,74.3
1115632.JAFW01000001_gene4393,JAFW01000001_gene4393,annotation&nbsp;not&nbsp;available,74.3
1115632.JAFW01000001_gene3340,JAFW01000001_gene3340,annotation&nbsp;not&nbsp;available,74.3
1115632.JAFW01000001_gene3721,JAFW01000001_gene3721,annotation&nbsp;not&nbsp;available,74.3
1115632.JAFW01000001_gene254,JAFW01000001_gene254,annotation&nbsp;not&nbsp;available,74.3
1115632.JAFW01000001_gene2175,JAFW01000001_gene2175,annotation&nbsp;not&nbsp;available,74.2
1115632.JAFW01000001_gene4308,JAFW01000001_gene4308,annotation&nbsp;not&nbsp;available,74.2
1115632.JAFW01000001_gene3027,JAFW01000001_gene3027,annotation&nbsp;not&nbsp;available,74.2
1115632.JAFW01000001_gene2996,JAFW01000001_gene2996,annotation&nbsp;not&nbsp;available,74.1
1115632.JAFW01000001_gene50,JAFW01000001_gene50,annotation&nbsp;not&nbsp;available,74.1
1115632.JAFW01000001_gene978,JAFW01000001_gene978,annotation&nbsp;not&nbsp;available,74.1
1115632.JAFW01000001_gene1874,JAFW01000001_gene1874,annotation&nbsp;not&nbsp;available,74.0
1115632.JAFW01000001_gene1105,JAFW01000001_gene1105,annotation&nbsp;not&nbsp;available,74.0
1115632.JAFW01000001_gene959,JAFW01000001_gene959,annotation&nbsp;not&nbsp;available,74.0
1115632.JAFW01000001_gene2163,JAFW01000001_gene2163,annotation&nbsp;not&nbsp;available,74.0
1115632.JAFW01000001_gene4371,JAFW01000001_gene4371,annotation&nbsp;not&nbsp;available,73.9
1115632.JAFW01000001_gene1275,JAFW01000001_gene1275,annotation&nbsp;not&nbsp;available,73.9
1115632.JAFW01000001_gene2158,JAFW01000001_gene2158,annotation&nbsp;not&nbsp;available,73.9
1115632.JAFW01000001_gene1121,JAFW01000001_gene1121,annotation&nbsp;not&nbsp;available,73.9
1115632.JAFW01000001_gene1957,JAFW01000001_gene1957,annotation&nbsp;not&nbsp;available,73.8
1115632.JAFW01000001_gene2486,JAFW01000001_gene2486,annotation&nbsp;not&nbsp;available,73.8
1115632.JAFW01000001_gene2406,JAFW01000001_gene2406,annotation&nbsp;not&nbsp;available,73.8
1115632.JAFW01000001_gene1732,JAFW01000001_gene1732,annotation&nbsp;not&nbsp;available,73.8
1115632.JAFW01000001_gene4460,JAFW01000001_gene4460,annotation&nbsp;not&nbsp;available,73.7
1115632.JAFW01000001_gene3767,JAFW01000001_gene3767,annotation&nbsp;not&nbsp;available,73.7
1115632.JAFW01000001_gene784,JAFW01000001_gene784,annotation&nbsp;not&nbsp;available,73.7
1115632.JAFW01000001_gene3517,JAFW01000001_gene3517,annotation&nbsp;not&nbsp;available,73.7
1115632.JAFW01000001_gene867,JAFW01000001_gene867,annotation&nbsp;not&nbsp;available,73.6
1115632.JAFW01000001_gene1942,JAFW01000001_gene1942,annotation&nbsp;not&nbsp;available,73.6
1115632.JAFW01000001_gene2778,JAFW01000001_gene2778,annotation&nbsp;not&nbsp;available,73.6
1115632.JAFW01000001_gene4237,JAFW01000001_gene4237,annotation&nbsp;not&nbsp;available,73.5
1115632.JAFW01000001_gene4603,JAFW01000001_gene4603,annotation&nbsp;not&nbsp;available,73.5
1115632.JAFW01000001_gene181,JAFW01000001_gene181,annotation&nbsp;not&nbsp;available,73.5
1115632.JAFW01000001_gene3373,JAFW01000001_gene3373,annotation&nbsp;not&nbsp;available,73.5
1115632.JAFW01000001_gene4132,JAFW01000001_gene4132,annotation&nbsp;not&nbsp;available,73.4
1115632.JAFW01000001_gene3264,JAFW01000001_gene3264,annotation&nbsp;not&nbsp;available,73.4
1115632.JAFW01000001_gene801,JAFW01000001_gene801,annotation&nbsp;not&nbsp;available,73.4
1115632.JAFW01000001_gene2720,JAFW01000001_gene2720,annotation&nbsp;not&nbsp;available,73.4
1115632.JAFW01000001_gene3585,JAFW01000001_gene3585,annotation&nbsp;not&nbsp;available,73.3
1115632.JAFW01000001_gene3301,JAFW01000001_gene3301,annotation&nbsp;not&nbsp;available,73.3
1115632.JAFW01000001_gene2839,JAFW01000001_gene2839,annotation&nbsp;not&nbsp;available,73.3
1115632.JAFW01000001_gene3194,JAFW01000001_gene3194,annotation&nbsp;not&nbsp;available,73.2
1115632.JAFW01000001_gene4497,JAFW01000001_gene4497,annotation&nbsp;not&nbsp;available,73.2
1115632.JAFW01000001_gene3320,JAFW01000001_gene3320,annotation&nbsp;not&nbsp;available,73.2
1115632.JAFW01000001_gene2519,JAFW01000001_gene2519,annotation&nbsp;not&nbsp;available,73.2
1115632.JAFW01000001_gene3080,JAFW01000001_gene3080,annotation&nbsp;not&nbsp;available,73.1
1115632.JAFW01000001_gene3158,JAFW01000001_gene3158,annotation&nbsp;not&nbsp;available,73.1
1115632.JAFW01000001_gene1452,JAFW01000001_gene1452,annotation&nbsp;not&nbsp;available,73.0
1115632.JAFW01000001_gene2040,JAFW01000001_gene2040,annotation&nbsp;not&nbsp;available,73.0
1115632.JAFW01000001_gene3603,JAFW01000001_gene3603,annotation&nbsp;not&nbsp;available,72.9
1115632.JAFW01000001_gene946,JAFW01000001_gene946,annotation&nbsp;not&nbsp;available,72.9
1115632.JAFW01000001_gene3735,JAFW01000001_gene3735,annotation&nbsp;not&nbsp;available,72.9
1115632.JAFW01000001_gene2032,JAFW01000001_gene2032,annotation&nbsp;not&nbsp;available,72.9
1115632.JAFW01000001_gene3146,JAFW01000001_gene3146,annotation&nbsp;not&nbsp;available,72.8
1115632.JAFW01000001_gene2613,JAFW01000001_gene2613,annotation&nbsp;not&nbsp;available,72.8
1115632.JAFW01000001_gene531,JAFW01000001_gene531,annotation&nbsp;not&nbsp;available,72.8
1115632.JAFW01000001_gene3564,JAFW01000001_gene3564,annotation&nbsp;not&nbsp;available,72.8
1115632.JAFW01000001_gene3800,JAFW01000001_gene3800,annotation&nbsp;not&nbsp;available,72.8
1115632.JAFW01000001_gene501,JAFW01000001_gene501,annotation&nbsp;not&nbsp;available,72.8
1115632.JAFW01000001_gene2902,JAFW01000001_gene2902,annotation&nbsp;not&nbsp;available,72.8
1115632.JAFW01000002_gene4679,JAFW01000002_gene4679,annotation&nbsp;not&nbsp;available,72.7
1115632.JAFW01000001_gene4552,JAFW01000001_gene4552,annotation&nbsp;not&nbsp;available,72.7
1115632.JAFW01000001_gene1277,JAFW01000001_gene1277,annotation&nbsp;not&nbsp;available,72.7
1115632.JAFW01000001_gene4139,JAFW01000001_gene4139,annotation&nbsp;not&nbsp;available,72.6
1115632.JAFW01000001_gene1212,JAFW01000001_gene1212,annotation&nbsp;not&nbsp;available,72.6
1115632.JAFW01000001_gene3285,JAFW01000001_gene3285,annotation&nbsp;not&nbsp;available,72.6
1115632.JAFW01000001_gene1060,JAFW01000001_gene1060,annotation&nbsp;not&nbsp;available,72.6
1115632.JAFW01000001_gene2738,JAFW01000001_gene2738,annotation&nbsp;not&nbsp;available,72.5
1115632.JAFW01000001_gene3877,JAFW01000001_gene3877,annotation&nbsp;not&nbsp;available,72.5
1115632.JAFW01000001_gene1822,JAFW01000001_gene1822,annotation&nbsp;not&nbsp;available,72.5
1115632.JAFW01000001_gene514,JAFW01000001_gene514,annotation&nbsp;not&nbsp;available,72.5
1115632.JAFW01000001_gene1726,JAFW01000001_gene1726,annotation&nbsp;not&nbsp;available,72.5
1115632.JAFW01000001_gene3150,JAFW01000001_gene3150,annotation&nbsp;not&nbsp;available,72.5
1115632.JAFW01000001_gene559,JAFW01000001_gene559,annotation&nbsp;not&nbsp;available,72.4
1115632.JAFW01000001_gene2945,JAFW01000001_gene2945,annotation&nbsp;not&nbsp;available,72.4
1115632.JAFW01000001_gene757,JAFW01000001_gene757,annotation&nbsp;not&nbsp;available,72.4
1115632.JAFW01000001_gene1096,JAFW01000001_gene1096,annotation&nbsp;not&nbsp;available,72.4
1115632.JAFW01000001_gene1308,JAFW01000001_gene1308,annotation&nbsp;not&nbsp;available,72.4
1115632.JAFW01000001_gene4572,JAFW01000001_gene4572,annotation&nbsp;not&nbsp;available,72.3
1115632.JAFW01000001_gene1517,JAFW01000001_gene1517,annotation&nbsp;not&nbsp;available,72.3
1115632.JAFW01000001_gene4280,JAFW01000001_gene4280,annotation&nbsp;not&nbsp;available,72.2
1115632.JAFW01000001_gene3328,JAFW01000001_gene3328,annotation&nbsp;not&nbsp;available,72.2
1115632.JAFW01000001_gene857,JAFW01000001_gene857,annotation&nbsp;not&nbsp;available,72.2
1115632.JAFW01000001_gene3685,JAFW01000001_gene3685,annotation&nbsp;not&nbsp;available,72.2
1115632.JAFW01000001_gene3156,JAFW01000001_gene3156,annotation&nbsp;not&nbsp;available,72.2
1115632.JAFW01000001_gene3287,JAFW01000001_gene3287,annotation&nbsp;not&nbsp;available,72.2
1115632.JAFW01000001_gene2602,JAFW01000001_gene2602,annotation&nbsp;not&nbsp;available,72.1
1115632.JAFW01000001_gene4022,JAFW01000001_gene4022,annotation&nbsp;not&nbsp;available,72.1
1115632.JAFW01000001_gene2554,JAFW01000001_gene2554,annotation&nbsp;not&nbsp;available,72.0
1115632.JAFW01000001_gene4279,JAFW01000001_gene4279,annotation&nbsp;not&nbsp;available,72.0
1115632.JAFW01000001_gene4288,JAFW01000001_gene4288,annotation&nbsp;not&nbsp;available,72.0
1115632.JAFW01000001_gene4079,JAFW01000001_gene4079,annotation&nbsp;not&nbsp;available,72.0
1115632.JAFW01000001_gene1564,JAFW01000001_gene1564,annotation&nbsp;not&nbsp;available,72.0
1115632.JAFW01000001_gene1363,JAFW01000001_gene1363,annotation&nbsp;not&nbsp;available,72.0
1115632.JAFW01000001_gene2402,JAFW01000001_gene2402,annotation&nbsp;not&nbsp;available,72.0
1115632.JAFW01000001_gene4578,JAFW01000001_gene4578,annotation&nbsp;not&nbsp;available,72.0
1115632.JAFW01000001_gene4053,JAFW01000001_gene4053,annotation&nbsp;not&nbsp;available,71.9
1115632.JAFW01000001_gene2447,JAFW01000001_gene2447,annotation&nbsp;not&nbsp;available,71.9
1115632.JAFW01000001_gene799,JAFW01000001_gene799,annotation&nbsp;not&nbsp;available,71.8
1115632.JAFW01000001_gene46,JAFW01000001_gene46,annotation&nbsp;not&nbsp;available,71.8
1115632.JAFW01000001_gene3831,JAFW01000001_gene3831,annotation&nbsp;not&nbsp;available,71.7
1115632.JAFW01000001_gene132,JAFW01000001_gene132,annotation&nbsp;not&nbsp;available,71.7
1115632.JAFW01000001_gene2319,JAFW01000001_gene2319,annotation&nbsp;not&nbsp;available,71.7
1115632.JAFW01000001_gene1329,JAFW01000001_gene1329,annotation&nbsp;not&nbsp;available,71.7
1115632.JAFW01000001_gene621,JAFW01000001_gene621,annotation&nbsp;not&nbsp;available,71.6
1115632.JAFW01000001_gene2125,JAFW01000001_gene2125,annotation&nbsp;not&nbsp;available,71.5
1115632.JAFW01000002_gene4661,JAFW01000002_gene4661,annotation&nbsp;not&nbsp;available,71.5
1115632.JAFW01000001_gene1010,JAFW01000001_gene1010,annotation&nbsp;not&nbsp;available,71.4
1115632.JAFW01000001_gene3876,JAFW01000001_gene3876,annotation&nbsp;not&nbsp;available,71.4
1115632.JAFW01000001_gene2209,JAFW01000001_gene2209,annotation&nbsp;not&nbsp;available,71.4
1115632.JAFW01000001_gene2290,JAFW01000001_gene2290,annotation&nbsp;not&nbsp;available,71.4
1115632.JAFW01000001_gene3178,JAFW01000001_gene3178,annotation&nbsp;not&nbsp;available,71.4
1115632.JAFW01000001_gene4004,JAFW01000001_gene4004,annotation&nbsp;not&nbsp;available,71.3
1115632.JAFW01000001_gene524,JAFW01000001_gene524,annotation&nbsp;not&nbsp;available,71.3
1115632.JAFW01000001_gene2995,JAFW01000001_gene2995,annotation&nbsp;not&nbsp;available,71.3
1115632.JAFW01000001_gene2658,JAFW01000001_gene2658,annotation&nbsp;not&nbsp;available,71.3
1115632.JAFW01000001_gene4252,JAFW01000001_gene4252,annotation&nbsp;not&nbsp;available,71.3
1115632.JAFW01000001_gene1461,JAFW01000001_gene1461,annotation&nbsp;not&nbsp;available,71.3
1115632.JAFW01000001_gene36,JAFW01000001_gene36,annotation&nbsp;not&nbsp;available,71.3
1115632.JAFW01000001_gene975,JAFW01000001_gene975,annotation&nbsp;not&nbsp;available,71.3
1115632.JAFW01000001_gene1842,JAFW01000001_gene1842,annotation&nbsp;not&nbsp;available,71.2
1115632.JAFW01000001_gene197,JAFW01000001_gene197,annotation&nbsp;not&nbsp;available,71.2
1115632.JAFW01000001_gene710,JAFW01000001_gene710,annotation&nbsp;not&nbsp;available,71.2
1115632.JAFW01000001_gene3046,JAFW01000001_gene3046,annotation&nbsp;not&nbsp;available,71.1
1115632.JAFW01000001_gene3785,JAFW01000001_gene3785,annotation&nbsp;not&nbsp;available,71.1
1115632.JAFW01000001_gene1798,JAFW01000001_gene1798,annotation&nbsp;not&nbsp;available,71.0
1115632.JAFW01000001_gene949,JAFW01000001_gene949,annotation&nbsp;not&nbsp;available,70.9
1115632.JAFW01000001_gene4512,JAFW01000001_gene4512,annotation&nbsp;not&nbsp;available,70.9
1115632.JAFW01000001_gene156,JAFW01000001_gene156,annotation&nbsp;not&nbsp;available,70.8
1115632.JAFW01000001_gene1011,JAFW01000001_gene1011,annotation&nbsp;not&nbsp;available,70.8
1115632.JAFW01000001_gene1834,JAFW01000001_gene1834,annotation&nbsp;not&nbsp;available,70.8
1115632.JAFW01000001_gene865,JAFW01000001_gene865,annotation&nbsp;not&nbsp;available,70.8
1115632.JAFW01000001_gene1826,JAFW01000001_gene1826,annotation&nbsp;not&nbsp;available,70.8
1115632.JAFW01000001_gene2076,JAFW01000001_gene2076,annotation&nbsp;not&nbsp;available,70.7
1115632.JAFW01000001_gene4385,JAFW01000001_gene4385,annotation&nbsp;not&nbsp;available,70.7
1115632.JAFW01000001_gene1245,JAFW01000001_gene1245,annotation&nbsp;not&nbsp;available,70.7
1115632.JAFW01000001_gene53,JAFW01000001_gene53,annotation&nbsp;not&nbsp;available,70.7
1115632.JAFW01000001_gene1757,JAFW01000001_gene1757,annotation&nbsp;not&nbsp;available,70.7
1115632.JAFW01000001_gene4520,JAFW01000001_gene4520,annotation&nbsp;not&nbsp;available,70.7
1115632.JAFW01000001_gene3393,JAFW01000001_gene3393,annotation&nbsp;not&nbsp;available,70.7
1115632.JAFW01000001_gene4143,JAFW01000001_gene4143,annotation&nbsp;not&nbsp;available,70.7
1115632.JAFW01000001_gene2795,JAFW01000001_gene2795,annotation&nbsp;not&nbsp;available,70.7
1115632.JAFW01000001_gene2686,JAFW01000001_gene2686,annotation&nbsp;not&nbsp;available,70.7
1115632.JAFW01000001_gene986,JAFW01000001_gene986,annotation&nbsp;not&nbsp;available,70.6
1115632.JAFW01000001_gene4127,JAFW01000001_gene4127,annotation&nbsp;not&nbsp;available,70.6
1115632.JAFW01000001_gene4585,JAFW01000001_gene4585,annotation&nbsp;not&nbsp;available,70.6
1115632.JAFW01000001_gene3076,JAFW01000001_gene3076,annotation&nbsp;not&nbsp;available,70.5
1115632.JAFW01000001_gene3308,JAFW01000001_gene3308,annotation&nbsp;not&nbsp;available,70.5
1115632.JAFW01000001_gene4513,JAFW01000001_gene4513,annotation&nbsp;not&nbsp;available,70.5
1115632.JAFW01000001_gene642,JAFW01000001_gene642,annotation&nbsp;not&nbsp;available,70.5
1115632.JAFW01000001_gene4594,JAFW01000001_gene4594,annotation&nbsp;not&nbsp;available,70.5
1115632.JAFW01000001_gene2257,JAFW01000001_gene2257,annotation&nbsp;not&nbsp;available,70.4
1115632.JAFW01000001_gene2114,JAFW01000001_gene2114,annotation&nbsp;not&nbsp;available,70.4
1115632.JAFW01000001_gene2096,JAFW01000001_gene2096,annotation&nbsp;not&nbsp;available,70.4
1115632.JAFW01000001_gene1858,JAFW01000001_gene1858,annotation&nbsp;not&nbsp;available,70.3
1115632.JAFW01000001_gene2616,JAFW01000001_gene2616,annotation&nbsp;not&nbsp;available,70.2
1115632.JAFW01000001_gene3395,JAFW01000001_gene3395,annotation&nbsp;not&nbsp;available,70.2
1115632.JAFW01000001_gene1163,JAFW01000001_gene1163,annotation&nbsp;not&nbsp;available,70.2
1115632.JAFW01000001_gene60,JAFW01000001_gene60,annotation&nbsp;not&nbsp;available,70.1
1115632.JAFW01000001_gene994,JAFW01000001_gene994,annotation&nbsp;not&nbsp;available,70.1
1115632.JAFW01000001_gene984,JAFW01000001_gene984,annotation&nbsp;not&nbsp;available,70.1
