1276920.ADIAG_00712,engD,Ribosome-binding&nbsp;ATPase&nbsp;YchF,98.9
1276920.ADIAG_01146,rpsO,30S&nbsp;ribosomal&nbsp;protein&nbsp;S15,98.9
1276920.ADIAG_00730,citZ,annotation&nbsp;not&nbsp;available,98.9
1276920.ADIAG_03029,EMQ97649.1,(P)ppGpp&nbsp;synthetase&nbsp;I&nbsp;SpoT/RelA,98.8
1276920.ADIAG_01976,EMQ98548.1,annotation&nbsp;not&nbsp;available,98.8
1276920.ADIAG_00852,atpH,ATP&nbsp;synthase&nbsp;subunit&nbsp;delta,98.8
1276920.ADIAG_03699,purS,Phosphoribosylformylglycinamidine&nbsp;synthase&nbsp;subunit&nbsp;PurS,98.8
1276920.ADIAG_01867,rpsM,30S&nbsp;ribosomal&nbsp;protein&nbsp;S13,98.8
1276920.ADIAG_03063,EMQ97683.1,annotation&nbsp;not&nbsp;available,98.7
1276920.ADIAG_03263,dapF,Diaminopimelate&nbsp;epimerase,98.7
1276920.ADIAG_02996,carA,annotation&nbsp;not&nbsp;available,98.7
1276920.ADIAG_02452,pepN_1,annotation&nbsp;not&nbsp;available,98.6
1276920.ADIAG_03726,EMQ96875.1,annotation&nbsp;not&nbsp;available,98.4
1276920.ADIAG_02541,EMQ98031.1,annotation&nbsp;not&nbsp;available,98.4
1276920.ADIAG_03124,EMQ97744.1,annotation&nbsp;not&nbsp;available,98.4
1276920.ADIAG_00916,EMQ99813.1,annotation&nbsp;not&nbsp;available,98.3
1276920.ADIAG_01405,EMQ99410.1,Uncharacterized&nbsp;protein,98.3
1276920.ADIAG_00478,EMR00471.1,annotation&nbsp;not&nbsp;available,98.2
1276920.ADIAG_03391,tadA,tRNA-specific&nbsp;adenosine&nbsp;deaminase,98.2
1276920.ADIAG_02323,EMQ98305.1,annotation&nbsp;not&nbsp;available,98.2
1276920.ADIAG_01510,dgtH_2,annotation&nbsp;not&nbsp;available,98.1
1276920.ADIAG_00581,EMR00574.1,annotation&nbsp;not&nbsp;available,98.1
1276920.ADIAG_00290,EMR00283.1,annotation&nbsp;not&nbsp;available,98.0
1276920.ADIAG_02456,EMQ98435.1,annotation&nbsp;not&nbsp;available,98.0
1276920.ADIAG_00895,EMQ99792.1,annotation&nbsp;not&nbsp;available,98.0
1276920.ADIAG_02773,EMQ97830.1,annotation&nbsp;not&nbsp;available,97.9
1276920.ADIAG_00441,cpdA,annotation&nbsp;not&nbsp;available,97.9
1276920.ADIAG_02079,idi,Isopentenyl-diphosphate&nbsp;Delta-isomerase,97.8
1276920.ADIAG_01483,fetA,Fe(3+)&nbsp;ions&nbsp;import&nbsp;ATP-binding&nbsp;protein&nbsp;FbpC,97.8
1276920.ADIAG_02490,EMQ97980.1,annotation&nbsp;not&nbsp;available,97.7
1276920.ADIAG_02799,EMQ97856.1,annotation&nbsp;not&nbsp;available,97.7
1276920.ADIAG_02994,EMQ97614.1,annotation&nbsp;not&nbsp;available,97.6
1276920.ADIAG_03094,EMQ97714.1,annotation&nbsp;not&nbsp;available,97.6
1276920.ADIAG_02576,murE,UDP-N-acetylmuramyl-tripeptide&nbsp;synthetase,97.6
1276920.ADIAG_00947,EMQ99844.1,annotation&nbsp;not&nbsp;available,97.6
1276920.ADIAG_03845,EMQ96708.1,annotation&nbsp;not&nbsp;available,97.5
1276920.ADIAG_01463,EMQ99467.1,annotation&nbsp;not&nbsp;available,97.5
1276920.ADIAG_02293,EMQ98277.1,annotation&nbsp;not&nbsp;available,97.4
1276920.ADIAG_02096,EMQ98666.1,annotation&nbsp;not&nbsp;available,97.4
1276920.ADIAG_02880,EMQ97937.1,annotation&nbsp;not&nbsp;available,97.4
1276920.ADIAG_01408,purE,N5-carboxyaminoimidazole&nbsp;ribonucleotide&nbsp;mutase,97.4
1276920.ADIAG_00709,xseA,Exodeoxyribonuclease&nbsp;7&nbsp;large&nbsp;subunit,97.3
1276920.ADIAG_00025,pheA_1,annotation&nbsp;not&nbsp;available,97.3
1276920.ADIAG_01250,EMQ99257.1,annotation&nbsp;not&nbsp;available,97.3
1276920.ADIAG_03608,sufC,annotation&nbsp;not&nbsp;available,97.2
1276920.ADIAG_01328,EMQ99335.1,annotation&nbsp;not&nbsp;available,96.9
1276920.ADIAG_03719,appAB,annotation&nbsp;not&nbsp;available,96.9
1276920.ADIAG_02596,EMQ98086.1,annotation&nbsp;not&nbsp;available,96.8
1276920.ADIAG_00513,EMR00506.1,annotation&nbsp;not&nbsp;available,96.8
1276920.ADIAG_03041,pdxS,Pyridoxal&nbsp;5'-phosphate&nbsp;synthase&nbsp;subunit&nbsp;PdxS,96.7
1276920.ADIAG_02852,EMQ97909.1,annotation&nbsp;not&nbsp;available,96.7
1276920.ADIAG_01210,EMQ99220.1,annotation&nbsp;not&nbsp;available,96.7
1276920.ADIAG_03084,EMQ97704.1,annotation&nbsp;not&nbsp;available,96.7
1276920.ADIAG_00597,EMR00590.1,annotation&nbsp;not&nbsp;available,96.7
1276920.ADIAG_00825,EMQ99723.1,annotation&nbsp;not&nbsp;available,96.6
1276920.ADIAG_01589,EMQ98831.1,annotation&nbsp;not&nbsp;available,96.5
1276920.ADIAG_00532,EMR00525.1,Alkyl&nbsp;hydroperoxide&nbsp;reductase&nbsp;AhpD,96.5
1276920.ADIAG_01151,EMQ99161.1,annotation&nbsp;not&nbsp;available,96.4
1276920.ADIAG_03031,secDF,Protein&nbsp;translocase&nbsp;subunit&nbsp;SecD,96.3
1276920.ADIAG_00723,EMQ99623.1,annotation&nbsp;not&nbsp;available,96.3
1276920.ADIAG_02099,guaB,annotation&nbsp;not&nbsp;available,96.3
1276920.ADIAG_03341,EMQ97180.1,annotation&nbsp;not&nbsp;available,96.2
1276920.ADIAG_01110,EMQ99120.1,annotation&nbsp;not&nbsp;available,96.2
1276920.ADIAG_02512,yefA,annotation&nbsp;not&nbsp;available,96.2
1276920.ADIAG_01211,EMQ99221.1,annotation&nbsp;not&nbsp;available,96.2
1276920.ADIAG_02563,lspA_1,Lipoprotein&nbsp;signal&nbsp;peptidase,96.2
1276920.ADIAG_03160,EMQ97365.1,annotation&nbsp;not&nbsp;available,96.1
1276920.ADIAG_01097,EMQ99988.1,dTDP-4-dehydrorhamnose&nbsp;reductase,96.1
1276920.ADIAG_00737,EMQ99637.1,annotation&nbsp;not&nbsp;available,96.1
1276920.ADIAG_02720,EMQ97779.1,annotation&nbsp;not&nbsp;available,96.1
1276920.ADIAG_02780,EMQ97837.1,annotation&nbsp;not&nbsp;available,96.1
1276920.ADIAG_00990,EMQ99884.1,annotation&nbsp;not&nbsp;available,96.1
1276920.ADIAG_02499,EMQ97989.1,annotation&nbsp;not&nbsp;available,96.1
1276920.ADIAG_03181,EMQ97386.1,annotation&nbsp;not&nbsp;available,96.1
1276920.ADIAG_03150,EMQ97355.1,annotation&nbsp;not&nbsp;available,96.0
1276920.ADIAG_00821,EMQ99719.1,annotation&nbsp;not&nbsp;available,96.0
1276920.ADIAG_02320,gntK,annotation&nbsp;not&nbsp;available,96.0
1276920.ADIAG_04022,ggaB,annotation&nbsp;not&nbsp;available,96.0
1276920.ADIAG_03384,bmrA,annotation&nbsp;not&nbsp;available,96.0
1276920.ADIAG_03027,EMQ97647.1,Uncharacterized&nbsp;protein,96.0
1276920.ADIAG_00669,groS,10&nbsp;kDa&nbsp;chaperonin,95.9
1276920.ADIAG_03655,ileS,Isoleucine--tRNA&nbsp;ligase,95.9
1276920.ADIAG_00762,hemA,Glutamyl-tRNA&nbsp;reductase,95.9
1276920.ADIAG_02710,EMQ97769.1,annotation&nbsp;not&nbsp;available,95.9
1276920.ADIAG_00728,EMQ99628.1,annotation&nbsp;not&nbsp;available,95.8
1276920.ADIAG_02126,EMQ98696.1,annotation&nbsp;not&nbsp;available,95.8
1276920.ADIAG_02041,EMQ98613.1,annotation&nbsp;not&nbsp;available,95.8
1276920.ADIAG_03500,EMQ97332.1,annotation&nbsp;not&nbsp;available,95.8
1276920.ADIAG_00448,EMR00441.1,annotation&nbsp;not&nbsp;available,95.8
1276920.ADIAG_03531,trpB,Tryptophan&nbsp;synthase&nbsp;beta&nbsp;chain,95.7
1276920.ADIAG_01814,pfkA,ATP-dependent&nbsp;6-phosphofructokinase,95.6
1276920.ADIAG_00123,lcfA_1,annotation&nbsp;not&nbsp;available,95.6
1276920.ADIAG_02489,EMQ97979.1,annotation&nbsp;not&nbsp;available,95.6
1276920.ADIAG_03606,sufB,annotation&nbsp;not&nbsp;available,95.5
1276920.ADIAG_02928,qoxC,annotation&nbsp;not&nbsp;available,95.5
1276920.ADIAG_00944,EMQ99841.1,annotation&nbsp;not&nbsp;available,95.5
1276920.ADIAG_02300,fabF,3-oxoacyl-[acyl-carrier-protein]&nbsp;synthase&nbsp;2,95.5
1276920.ADIAG_02807,EMQ97864.1,annotation&nbsp;not&nbsp;available,95.4
1276920.ADIAG_02440,rpmE2,annotation&nbsp;not&nbsp;available,95.4
1276920.ADIAG_00258,EMR00251.1,4-hydroxy-2-oxovalerate&nbsp;aldolase,95.4
1276920.ADIAG_00807,cpgA,Small&nbsp;ribosomal&nbsp;subunit&nbsp;biogenesis&nbsp;GTPase&nbsp;RsgA,95.4
1276920.ADIAG_01548,EMQ98791.1,annotation&nbsp;not&nbsp;available,95.3
1276920.ADIAG_01719,phoD,annotation&nbsp;not&nbsp;available,95.2
1276920.ADIAG_02129,EMQ98699.1,annotation&nbsp;not&nbsp;available,95.1
1276920.ADIAG_04032,cysS,L-cysteine:1D-myo-inositol&nbsp;2-amino-2-deoxy-alpha-D-glucopyranoside&nbsp;ligase,95.1
1276920.ADIAG_00941,EMQ99838.1,annotation&nbsp;not&nbsp;available,95.1
1276920.ADIAG_03399,EMQ97232.1,annotation&nbsp;not&nbsp;available,95.1
1276920.ADIAG_01852,rpsQ,30S&nbsp;ribosomal&nbsp;protein&nbsp;S17,95.0
1276920.ADIAG_00687,EMQ99587.1,annotation&nbsp;not&nbsp;available,95.0
1276920.ADIAG_01595,EMQ98837.1,annotation&nbsp;not&nbsp;available,95.0
1276920.ADIAG_00705,aspB_2,annotation&nbsp;not&nbsp;available,94.9
1276920.ADIAG_00962,EMQ99859.1,annotation&nbsp;not&nbsp;available,94.9
1276920.ADIAG_00774,EMQ99674.1,annotation&nbsp;not&nbsp;available,94.9
1276920.ADIAG_03034,ruvA,Holliday&nbsp;junction&nbsp;ATP-dependent&nbsp;DNA&nbsp;helicase&nbsp;RuvA,94.8
1276920.ADIAG_00387,EMR00380.1,annotation&nbsp;not&nbsp;available,94.8
1276920.ADIAG_01009,EMQ99903.1,annotation&nbsp;not&nbsp;available,94.7
1276920.ADIAG_03683,nrdF3,Ribonucleoside-diphosphate&nbsp;reductase&nbsp;subunit&nbsp;beta,94.7
1276920.ADIAG_00233,EMR00226.1,annotation&nbsp;not&nbsp;available,94.7
1276920.ADIAG_03891,EMQ96754.1,annotation&nbsp;not&nbsp;available,94.6
1276920.ADIAG_02614,EMQ98104.1,annotation&nbsp;not&nbsp;available,94.6
1276920.ADIAG_01654,topA,DNA&nbsp;topoisomerase&nbsp;1,94.6
1276920.ADIAG_02554,panB,3-methyl-2-oxobutanoate&nbsp;hydroxymethyltransferase,94.5
1276920.ADIAG_00243,EMR00236.1,annotation&nbsp;not&nbsp;available,94.5
1276920.ADIAG_03968,nrdH_2,annotation&nbsp;not&nbsp;available,94.5
1276920.ADIAG_01843,rplC,50S&nbsp;ribosomal&nbsp;protein&nbsp;L3,94.5
1276920.ADIAG_02986,lip3,annotation&nbsp;not&nbsp;available,94.4
1276920.ADIAG_00859,EMQ99756.1,annotation&nbsp;not&nbsp;available,94.4
1276920.ADIAG_03179,EMQ97384.1,annotation&nbsp;not&nbsp;available,94.3
1276920.ADIAG_00010,folE,annotation&nbsp;not&nbsp;available,94.3
1276920.ADIAG_01856,rplE,50S&nbsp;ribosomal&nbsp;protein&nbsp;L5,94.2
1276920.ADIAG_00085,EMR00078.1,annotation&nbsp;not&nbsp;available,94.2
1276920.ADIAG_01368,EMQ99374.1,Adenylyl-sulfate&nbsp;kinase,94.2
1276920.ADIAG_03460,EMQ97293.1,annotation&nbsp;not&nbsp;available,94.2
1276920.ADIAG_03387,EMQ97221.1,annotation&nbsp;not&nbsp;available,94.1
1276920.ADIAG_03798,EMQ96944.1,annotation&nbsp;not&nbsp;available,94.1
1276920.ADIAG_00923,nadA,Quinolinate&nbsp;synthase&nbsp;A,94.1
1276920.ADIAG_00036,EMR00032.1,annotation&nbsp;not&nbsp;available,94.0
1276920.ADIAG_01923,yusV,annotation&nbsp;not&nbsp;available,94.0
1276920.ADIAG_02559,hisD,Histidinol&nbsp;dehydrogenase,94.0
1276920.ADIAG_01484,fetC_2,annotation&nbsp;not&nbsp;available,94.0
1276920.ADIAG_01712,phaE,Phenylacetate-coenzyme&nbsp;A&nbsp;ligase,93.9
1276920.ADIAG_01039,EMQ99933.1,annotation&nbsp;not&nbsp;available,93.9
1276920.ADIAG_02599,EMQ98089.1,annotation&nbsp;not&nbsp;available,93.9
1276920.ADIAG_01414,fumC,Fumarate&nbsp;hydratase&nbsp;class&nbsp;II,93.9
1276920.ADIAG_02946,recO,DNA&nbsp;repair&nbsp;protein&nbsp;RecO,93.9
1276920.ADIAG_04018,rpmF,annotation&nbsp;not&nbsp;available,93.9
1276920.ADIAG_02707,EMQ97766.1,annotation&nbsp;not&nbsp;available,93.9
1276920.ADIAG_03506,fmt,Methionyl-tRNA&nbsp;formyltransferase,93.8
1276920.ADIAG_02488,rnd,annotation&nbsp;not&nbsp;available,93.7
1276920.ADIAG_02528,cydD,annotation&nbsp;not&nbsp;available,93.7
1276920.ADIAG_02511,EMQ98001.1,Aconitate&nbsp;hydratase,93.7
1276920.ADIAG_02169,ndhM,annotation&nbsp;not&nbsp;available,93.7
1276920.ADIAG_01527,EMQ98770.1,annotation&nbsp;not&nbsp;available,93.6
1276920.ADIAG_02045,EMQ98617.1,annotation&nbsp;not&nbsp;available,93.6
1276920.ADIAG_01177,proS_1,Proline--tRNA&nbsp;ligase,93.5
1276920.ADIAG_00386,scoA_1,annotation&nbsp;not&nbsp;available,93.5
1276920.ADIAG_02890,EMQ97947.1,annotation&nbsp;not&nbsp;available,93.5
1276920.ADIAG_02141,opuAC,annotation&nbsp;not&nbsp;available,93.5
1276920.ADIAG_01708,alsS,annotation&nbsp;not&nbsp;available,93.4
1276920.ADIAG_01398,ahcY,Adenosylhomocysteinase,93.4
1276920.ADIAG_02615,EMQ98105.1,Dihydropteroate&nbsp;synthase,93.4
1276920.ADIAG_02117,EMQ98687.1,annotation&nbsp;not&nbsp;available,93.4
1276920.ADIAG_00389,EMR00382.1,annotation&nbsp;not&nbsp;available,93.3
1276920.ADIAG_01634,aroQ,3-dehydroquinate&nbsp;dehydratase,93.3
1276920.ADIAG_01847,rpsS,30S&nbsp;ribosomal&nbsp;protein&nbsp;S19,93.3
1276920.ADIAG_02929,qcrC,annotation&nbsp;not&nbsp;available,93.3
1276920.ADIAG_02223,EMQ98207.1,annotation&nbsp;not&nbsp;available,93.2
1276920.ADIAG_03009,aroC,Chorismate&nbsp;synthase,93.1
1276920.ADIAG_02984,EMQ97604.1,annotation&nbsp;not&nbsp;available,93.1
1276920.ADIAG_01980,EMQ98552.1,annotation&nbsp;not&nbsp;available,93.1
1276920.ADIAG_00379,EMR00372.1,annotation&nbsp;not&nbsp;available,93.0
1276920.ADIAG_03422,EMQ97255.1,annotation&nbsp;not&nbsp;available,93.0
1276920.ADIAG_01133,EMQ99143.1,annotation&nbsp;not&nbsp;available,93.0
1276920.ADIAG_03170,moaC,Cyclic&nbsp;pyranopterin&nbsp;monophosphate&nbsp;synthase,93.0
1276920.ADIAG_03434,goxB_1,annotation&nbsp;not&nbsp;available,92.9
1276920.ADIAG_02906,EMQ97963.1,annotation&nbsp;not&nbsp;available,92.9
1276920.ADIAG_00742,omtA,annotation&nbsp;not&nbsp;available,92.9
1276920.ADIAG_01858,rplF,50S&nbsp;ribosomal&nbsp;protein&nbsp;L6,92.9
1276920.ADIAG_03725,ssuC,annotation&nbsp;not&nbsp;available,92.9
1276920.ADIAG_03777,EMQ96926.1,annotation&nbsp;not&nbsp;available,92.9
1276920.ADIAG_02754,sucC,Succinate--CoA&nbsp;ligase&nbsp;[ADP-forming]&nbsp;subunit&nbsp;beta,92.8
1276920.ADIAG_00527,uvrA_1,UvrABC&nbsp;system&nbsp;protein&nbsp;A,92.7
1276920.ADIAG_03385,EMQ97219.1,annotation&nbsp;not&nbsp;available,92.7
1276920.ADIAG_02817,EMQ97874.1,annotation&nbsp;not&nbsp;available,92.7
1276920.ADIAG_01007,EMQ99901.1,annotation&nbsp;not&nbsp;available,92.7
1276920.ADIAG_03201,EMQ97406.1,annotation&nbsp;not&nbsp;available,92.6
1276920.ADIAG_00977,mqo,annotation&nbsp;not&nbsp;available,92.5
1276920.ADIAG_02123,EMQ98693.1,Acetaldehyde&nbsp;dehydrogenase,92.5
1276920.ADIAG_00381,yycR_1,annotation&nbsp;not&nbsp;available,92.5
1276920.ADIAG_03116,poxB,annotation&nbsp;not&nbsp;available,92.5
1276920.ADIAG_02267,yhaA,annotation&nbsp;not&nbsp;available,92.4
1276920.ADIAG_02479,EMQ97969.1,annotation&nbsp;not&nbsp;available,92.3
1276920.ADIAG_03259,recA,Protein&nbsp;RecA,92.3
1276920.ADIAG_02182,lcfA_2,annotation&nbsp;not&nbsp;available,92.3
1276920.ADIAG_03279,rpmI,annotation&nbsp;not&nbsp;available,92.3
1276920.ADIAG_00495,EMR00488.1,annotation&nbsp;not&nbsp;available,92.3
1276920.ADIAG_04034,EMQ96610.1,annotation&nbsp;not&nbsp;available,92.2
1276920.ADIAG_02816,yclP,annotation&nbsp;not&nbsp;available,92.2
1276920.ADIAG_00580,mntD,annotation&nbsp;not&nbsp;available,92.2
1276920.ADIAG_01360,ctc,50S&nbsp;ribosomal&nbsp;protein&nbsp;L25,92.2
1276920.ADIAG_01914,EMQ98486.1,annotation&nbsp;not&nbsp;available,92.2
1276920.ADIAG_02968,EMQ97588.1,annotation&nbsp;not&nbsp;available,92.1
1276920.ADIAG_02462,EMQ98441.1,annotation&nbsp;not&nbsp;available,92.1
1276920.ADIAG_00116,thiO,annotation&nbsp;not&nbsp;available,92.1
1276920.ADIAG_01410,manA,annotation&nbsp;not&nbsp;available,92.1
1276920.ADIAG_01988,EMQ98560.1,annotation&nbsp;not&nbsp;available,92.0
1276920.ADIAG_00785,EMQ99685.1,annotation&nbsp;not&nbsp;available,92.0
1276920.ADIAG_02645,plsC_2,annotation&nbsp;not&nbsp;available,92.0
1276920.ADIAG_03234,gcvT_3,annotation&nbsp;not&nbsp;available,92.0
1276920.ADIAG_01606,trmB,tRNA&nbsp;(guanine-N(7)-)-methyltransferase,92.0
1276920.ADIAG_03724,ssuA_2,annotation&nbsp;not&nbsp;available,91.9
1276920.ADIAG_01247,yfiZ_1,annotation&nbsp;not&nbsp;available,91.9
1276920.ADIAG_01779,EMQ99019.1,annotation&nbsp;not&nbsp;available,91.8
1276920.ADIAG_00635,glmS,Glutamine--fructose-6-phosphate&nbsp;aminotransferase&nbsp;[isomerizing],91.8
1276920.ADIAG_02264,EMQ98248.1,Phosphate-binding&nbsp;protein&nbsp;PstS,91.8
1276920.ADIAG_03305,EMQ97510.1,annotation&nbsp;not&nbsp;available,91.7
1276920.ADIAG_02176,EMQ98746.1,annotation&nbsp;not&nbsp;available,91.6
1276920.ADIAG_01930,yclN,annotation&nbsp;not&nbsp;available,91.6
1276920.ADIAG_01052,gltX_1,Glutamate--tRNA&nbsp;ligase,91.6
1276920.ADIAG_00978,EMQ99875.1,annotation&nbsp;not&nbsp;available,91.5
1276920.ADIAG_03763,ureE,Urease&nbsp;accessory&nbsp;protein&nbsp;UreE,91.5
1276920.ADIAG_01207,EMQ99217.1,annotation&nbsp;not&nbsp;available,91.4
1276920.ADIAG_02444,gabD,annotation&nbsp;not&nbsp;available,91.4
1276920.ADIAG_01570,yodJ,annotation&nbsp;not&nbsp;available,91.4
1276920.ADIAG_00444,msmX,annotation&nbsp;not&nbsp;available,91.3
1276920.ADIAG_03828,EMQ96973.1,Phosphate-binding&nbsp;protein&nbsp;PstS,91.3
1276920.ADIAG_00250,fabG_1,annotation&nbsp;not&nbsp;available,91.3
1276920.ADIAG_00706,EMQ99606.1,annotation&nbsp;not&nbsp;available,91.3
1276920.ADIAG_02168,guaD,annotation&nbsp;not&nbsp;available,91.3
1276920.ADIAG_00257,EMR00250.1,annotation&nbsp;not&nbsp;available,91.2
1276920.ADIAG_03810,EMQ96956.1,annotation&nbsp;not&nbsp;available,91.2
1276920.ADIAG_00175,rplI,50S&nbsp;ribosomal&nbsp;protein&nbsp;L9,91.2
1276920.ADIAG_03452,cobT,annotation&nbsp;not&nbsp;available,91.2
1276920.ADIAG_00081,recF,DNA&nbsp;replication&nbsp;and&nbsp;repair&nbsp;protein&nbsp;RecF,91.2
1276920.ADIAG_03091,EMQ97711.1,annotation&nbsp;not&nbsp;available,91.2
1276920.ADIAG_01913,mtlD,annotation&nbsp;not&nbsp;available,91.1
1276920.ADIAG_01394,EMQ99400.1,annotation&nbsp;not&nbsp;available,91.1
1276920.ADIAG_00945,EMQ99842.1,annotation&nbsp;not&nbsp;available,91.1
1276920.ADIAG_03044,thrS,annotation&nbsp;not&nbsp;available,91.1
1276920.ADIAG_03589,EMQ97070.1,annotation&nbsp;not&nbsp;available,91.1
1276920.ADIAG_00750,EMQ99650.1,annotation&nbsp;not&nbsp;available,91.0
1276920.ADIAG_03642,EMQ97120.1,ATP-dependent&nbsp;Clp&nbsp;protease&nbsp;proteolytic&nbsp;subunit,91.0
1276920.ADIAG_03613,EMQ97094.1,annotation&nbsp;not&nbsp;available,91.0
1276920.ADIAG_01824,secE,Protein&nbsp;translocase&nbsp;subunit&nbsp;SecE,90.9
1276920.ADIAG_03647,malL,annotation&nbsp;not&nbsp;available,90.9
1276920.ADIAG_02850,glsA,annotation&nbsp;not&nbsp;available,90.9
1276920.ADIAG_03694,EMQ96843.1,annotation&nbsp;not&nbsp;available,90.8
1276920.ADIAG_01869,rpoA,DNA-directed&nbsp;RNA&nbsp;polymerase&nbsp;subunit&nbsp;alpha,90.7
1276920.ADIAG_03758,EMQ96907.1,annotation&nbsp;not&nbsp;available,90.7
1276920.ADIAG_00770,hemL,annotation&nbsp;not&nbsp;available,90.7
1276920.ADIAG_03778,EMQ96927.1,annotation&nbsp;not&nbsp;available,90.5
1276920.ADIAG_03914,EMQ96777.1,annotation&nbsp;not&nbsp;available,90.5
1276920.ADIAG_00237,EMR00230.1,annotation&nbsp;not&nbsp;available,90.5
1276920.ADIAG_03339,EMQ97178.1,annotation&nbsp;not&nbsp;available,90.5
1276920.ADIAG_02587,gdhB,annotation&nbsp;not&nbsp;available,90.5
1276920.ADIAG_01203,EMQ99213.1,annotation&nbsp;not&nbsp;available,90.4
1276920.ADIAG_01967,EMQ98539.1,annotation&nbsp;not&nbsp;available,90.4
1276920.ADIAG_01891,glyA_1,Serine&nbsp;hydroxymethyltransferase,90.4
1276920.ADIAG_01829,rplL,50S&nbsp;ribosomal&nbsp;protein&nbsp;L7/L12,90.4
1276920.ADIAG_03356,EMQ97193.1,Uncharacterized&nbsp;protein&nbsp;conserved&nbsp;in&nbsp;bacteria,90.3
1276920.ADIAG_02329,EMQ98311.1,annotation&nbsp;not&nbsp;available,90.3
1276920.ADIAG_03223,yetM,annotation&nbsp;not&nbsp;available,90.3
1276920.ADIAG_03492,phoP_2,annotation&nbsp;not&nbsp;available,90.3
1276920.ADIAG_00987,EMQ99881.1,annotation&nbsp;not&nbsp;available,90.2
1276920.ADIAG_03090,EMQ97710.1,annotation&nbsp;not&nbsp;available,90.2
1276920.ADIAG_01890,EMQ98462.1,annotation&nbsp;not&nbsp;available,90.2
1276920.ADIAG_00506,EMR00499.1,annotation&nbsp;not&nbsp;available,90.1
1276920.ADIAG_00511,fabG_2,annotation&nbsp;not&nbsp;available,90.1
1276920.ADIAG_01316,tdh,annotation&nbsp;not&nbsp;available,90.1
1276920.ADIAG_03047,EMQ97667.1,Alkyl&nbsp;hydroperoxide&nbsp;reductase&nbsp;AhpD,90.1
1276920.ADIAG_02606,EMQ98096.1,annotation&nbsp;not&nbsp;available,90.0
1276920.ADIAG_03704,EMQ96853.1,annotation&nbsp;not&nbsp;available,89.8
1276920.ADIAG_02989,metK,S-adenosylmethionine&nbsp;synthase,89.7
1276920.ADIAG_03228,rbsC_2,annotation&nbsp;not&nbsp;available,89.7
1276920.ADIAG_03309,argB,Acetylglutamate&nbsp;kinase,89.7
1276920.ADIAG_00101,fhs,annotation&nbsp;not&nbsp;available,89.6
1276920.ADIAG_03544,EMQ97025.1,annotation&nbsp;not&nbsp;available,89.6
1276920.ADIAG_01557,yckI,annotation&nbsp;not&nbsp;available,89.5
1276920.ADIAG_03510,EMQ96992.1,Riboflavin&nbsp;biosynthesis&nbsp;protein&nbsp;RibD,89.5
1276920.ADIAG_03159,EMQ97364.1,annotation&nbsp;not&nbsp;available,89.5
1276920.ADIAG_02702,EMQ97762.1,annotation&nbsp;not&nbsp;available,89.5
1276920.ADIAG_02598,EMQ98088.1,annotation&nbsp;not&nbsp;available,89.4
1276920.ADIAG_02144,EMQ98714.1,annotation&nbsp;not&nbsp;available,89.4
1276920.ADIAG_01159,EMQ99169.1,annotation&nbsp;not&nbsp;available,89.3
1276920.ADIAG_02697,yvfL,annotation&nbsp;not&nbsp;available,89.3
1276920.ADIAG_03361,yocI,annotation&nbsp;not&nbsp;available,89.3
1276920.ADIAG_02302,fabH,3-oxoacyl-[acyl-carrier-protein]&nbsp;synthase&nbsp;3,89.3
1276920.ADIAG_03334,gpmA,"2,3-bisphosphoglycerate-dependent&nbsp;phosphoglycerate&nbsp;mutase",89.3
1276920.ADIAG_03662,EMQ97140.1,annotation&nbsp;not&nbsp;available,89.2
1276920.ADIAG_00670,EMQ99570.1,60&nbsp;kDa&nbsp;chaperonin,89.2
1276920.ADIAG_00080,EMR00073.1,annotation&nbsp;not&nbsp;available,89.2
1276920.ADIAG_03656,folC,annotation&nbsp;not&nbsp;available,89.2
1276920.ADIAG_03017,rpsD,30S&nbsp;ribosomal&nbsp;protein&nbsp;S4,89.2
1276920.ADIAG_03644,clpX,ATP-dependent&nbsp;Clp&nbsp;protease&nbsp;ATP-binding&nbsp;subunit&nbsp;ClpX,89.1
1276920.ADIAG_03143,yrkC,annotation&nbsp;not&nbsp;available,89.1
1276920.ADIAG_03380,EMQ97214.1,annotation&nbsp;not&nbsp;available,89.1
1276920.ADIAG_02082,EMQ98652.1,annotation&nbsp;not&nbsp;available,89.1
1276920.ADIAG_03530,trp1,annotation&nbsp;not&nbsp;available,89.0
1276920.ADIAG_00364,EMR00357.1,annotation&nbsp;not&nbsp;available,88.9
1276920.ADIAG_02927,trpD,Anthranilate&nbsp;phosphoribosyltransferase,88.9
1276920.ADIAG_00884,rbsC_1,annotation&nbsp;not&nbsp;available,88.8
1276920.ADIAG_01849,rpsC,30S&nbsp;ribosomal&nbsp;protein&nbsp;S3,88.8
1276920.ADIAG_00336,EMR00329.1,annotation&nbsp;not&nbsp;available,88.7
1276920.ADIAG_03568,uvrB,UvrABC&nbsp;system&nbsp;protein&nbsp;B,88.7
1276920.ADIAG_00407,EMR00400.1,annotation&nbsp;not&nbsp;available,88.7
1276920.ADIAG_02612,mnmA,tRNA-specific&nbsp;2-thiouridylase&nbsp;MnmA,88.7
1276920.ADIAG_01901,yycR_2,annotation&nbsp;not&nbsp;available,88.7
1276920.ADIAG_01050,EMQ99944.1,annotation&nbsp;not&nbsp;available,88.7
1276920.ADIAG_01488,folD,Bifunctional&nbsp;protein&nbsp;FolD,88.7
1276920.ADIAG_03762,ureF,Urease&nbsp;accessory&nbsp;protein&nbsp;UreF,88.6
1276920.ADIAG_01321,gatB,Aspartyl/glutamyl-tRNA(Asn/Gln)&nbsp;amidotransferase&nbsp;subunit&nbsp;B,88.6
1276920.ADIAG_02316,EMQ98299.1,annotation&nbsp;not&nbsp;available,88.5
1276920.ADIAG_02819,EMQ97876.1,annotation&nbsp;not&nbsp;available,88.5
1276920.ADIAG_03260,recX,Regulatory&nbsp;protein&nbsp;RecX,88.5
1276920.ADIAG_00631,EMQ99531.1,annotation&nbsp;not&nbsp;available,88.4
1276920.ADIAG_01348,acoL,annotation&nbsp;not&nbsp;available,88.4
1276920.ADIAG_01918,EMQ98490.1,annotation&nbsp;not&nbsp;available,88.4
1276920.ADIAG_02964,holA,annotation&nbsp;not&nbsp;available,88.4
1276920.ADIAG_02050,EMQ98622.1,annotation&nbsp;not&nbsp;available,88.3
1276920.ADIAG_00745,tatB,annotation&nbsp;not&nbsp;available,88.3
1276920.ADIAG_00348,EMR00341.1,annotation&nbsp;not&nbsp;available,88.3
1276920.ADIAG_02649,pdhD,annotation&nbsp;not&nbsp;available,88.2
1276920.ADIAG_00235,EMR00228.1,Coenzyme&nbsp;A&nbsp;transferase,88.2
1276920.ADIAG_02496,EMQ97986.1,annotation&nbsp;not&nbsp;available,88.2
1276920.ADIAG_01850,rplP,50S&nbsp;ribosomal&nbsp;protein&nbsp;L16,88.1
1276920.ADIAG_01844,rplD,50S&nbsp;ribosomal&nbsp;protein&nbsp;L4,88.1
1276920.ADIAG_01611,clpB,Chaperone&nbsp;protein&nbsp;ClpB,88.0
1276920.ADIAG_03446,EMQ97279.1,annotation&nbsp;not&nbsp;available,88.0
1276920.ADIAG_02644,aroH,annotation&nbsp;not&nbsp;available,87.9
1276920.ADIAG_01859,rplR,50S&nbsp;ribosomal&nbsp;protein&nbsp;L18,87.9
1276920.ADIAG_00793,nudC,annotation&nbsp;not&nbsp;available,87.9
1276920.ADIAG_00577,EMR00570.1,annotation&nbsp;not&nbsp;available,87.9
1276920.ADIAG_01732,EMQ98973.1,annotation&nbsp;not&nbsp;available,87.9
1276920.ADIAG_01411,EMQ99416.1,annotation&nbsp;not&nbsp;available,87.9
1276920.ADIAG_00812,EMQ99710.1,annotation&nbsp;not&nbsp;available,87.8
1276920.ADIAG_01870,rplQ,annotation&nbsp;not&nbsp;available,87.8
1276920.ADIAG_00544,EMR00537.1,annotation&nbsp;not&nbsp;available,87.8
1276920.ADIAG_00598,EMR00591.1,annotation&nbsp;not&nbsp;available,87.8
1276920.ADIAG_00234,EMR00227.1,Coenzyme&nbsp;A&nbsp;transferase,87.7
1276920.ADIAG_03169,EMQ97374.1,annotation&nbsp;not&nbsp;available,87.6
1276920.ADIAG_00106,epsJ,annotation&nbsp;not&nbsp;available,87.6
1276920.ADIAG_00535,aspB_1,annotation&nbsp;not&nbsp;available,87.5
1276920.ADIAG_00259,EMR00252.1,Acetaldehyde&nbsp;dehydrogenase,87.5
1276920.ADIAG_00779,EMQ99679.1,annotation&nbsp;not&nbsp;available,87.5
1276920.ADIAG_02781,EMQ97838.1,annotation&nbsp;not&nbsp;available,87.5
1276920.ADIAG_01066,ddl,D-alanine--D-alanine&nbsp;ligase,87.5
1276920.ADIAG_02931,qcrB,annotation&nbsp;not&nbsp;available,87.5
1276920.ADIAG_03289,pheS,annotation&nbsp;not&nbsp;available,87.5
1276920.ADIAG_01077,tagG,annotation&nbsp;not&nbsp;available,87.4
1276920.ADIAG_04056,merR2,annotation&nbsp;not&nbsp;available,87.4
1276920.ADIAG_00241,EMR00234.1,annotation&nbsp;not&nbsp;available,87.3
1276920.ADIAG_02165,EMQ98735.1,annotation&nbsp;not&nbsp;available,87.3
1276920.ADIAG_03443,dinG,annotation&nbsp;not&nbsp;available,87.3
1276920.ADIAG_00217,EMR00210.1,annotation&nbsp;not&nbsp;available,87.2
1276920.ADIAG_00767,hemC,Porphobilinogen&nbsp;deaminase,87.2
1276920.ADIAG_02426,EMQ98406.1,annotation&nbsp;not&nbsp;available,87.1
1276920.ADIAG_01073,EMQ99964.1,annotation&nbsp;not&nbsp;available,87.0
1276920.ADIAG_01680,EMQ98921.1,annotation&nbsp;not&nbsp;available,87.0
1276920.ADIAG_03202,sulP,annotation&nbsp;not&nbsp;available,87.0
1276920.ADIAG_00135,ribA,GTP&nbsp;cyclohydrolase-2,87.0
1276920.ADIAG_00400,scoB,annotation&nbsp;not&nbsp;available,86.9
1276920.ADIAG_01124,EMQ99134.1,annotation&nbsp;not&nbsp;available,86.9
1276920.ADIAG_02568,ftsZ,Cell&nbsp;division&nbsp;protein&nbsp;FtsZ,86.9
1276920.ADIAG_01435,EMQ99440.1,annotation&nbsp;not&nbsp;available,86.8
1276920.ADIAG_02558,nrdR,Transcriptional&nbsp;repressor&nbsp;NrdR,86.7
1276920.ADIAG_01504,EMQ99508.1,annotation&nbsp;not&nbsp;available,86.7
1276920.ADIAG_00338,EMR00331.1,annotation&nbsp;not&nbsp;available,86.6
1276920.ADIAG_02274,EMQ98258.1,annotation&nbsp;not&nbsp;available,86.6
1276920.ADIAG_01834,rpoC,DNA-directed&nbsp;RNA&nbsp;polymerase&nbsp;subunit&nbsp;beta',86.5
1276920.ADIAG_01514,purH,annotation&nbsp;not&nbsp;available,86.5
1276920.ADIAG_02114,EMQ98684.1,annotation&nbsp;not&nbsp;available,86.5
1276920.ADIAG_01386,EMQ99392.1,annotation&nbsp;not&nbsp;available,86.4
1276920.ADIAG_03628,EMQ97108.1,annotation&nbsp;not&nbsp;available,86.3
1276920.ADIAG_03593,pgl,annotation&nbsp;not&nbsp;available,86.3
1276920.ADIAG_00401,scoA_2,annotation&nbsp;not&nbsp;available,86.2
1276920.ADIAG_02437,serB,annotation&nbsp;not&nbsp;available,86.2
1276920.ADIAG_03735,purA,Adenylosuccinate&nbsp;synthetase,86.1
1276920.ADIAG_03376,EMQ97211.1,Binding-protein-dependent&nbsp;transporters&nbsp;inner&nbsp;membrane&nbsp;component,86.1
1276920.ADIAG_03729,EMQ96878.1,annotation&nbsp;not&nbsp;available,86.1
1276920.ADIAG_01314,EMQ99321.1,annotation&nbsp;not&nbsp;available,86.1
1276920.ADIAG_02273,rpsP,annotation&nbsp;not&nbsp;available,86.1
1276920.ADIAG_02574,mraY,Phospho-N-acetylmuramoyl-pentapeptide-transferase,86.1
1276920.ADIAG_01754,EMQ98995.1,annotation&nbsp;not&nbsp;available,86.0
1276920.ADIAG_00853,atpA,ATP&nbsp;synthase&nbsp;subunit&nbsp;alpha,86.0
1276920.ADIAG_01894,gcvP,Glycine&nbsp;dehydrogenase&nbsp;(decarboxylating),86.0
1276920.ADIAG_00714,EMQ99614.1,Protein&nbsp;of&nbsp;unknown&nbsp;function&nbsp;DUF86,85.9
1276920.ADIAG_02728,EMQ97786.1,60&nbsp;kDa&nbsp;chaperonin,85.8
1276920.ADIAG_04017,rnc,Ribonuclease&nbsp;3,85.8
1276920.ADIAG_03326,EMQ97165.1,annotation&nbsp;not&nbsp;available,85.8
1276920.ADIAG_01278,EMQ99285.1,annotation&nbsp;not&nbsp;available,85.7
1276920.ADIAG_03780,exoAA_2,annotation&nbsp;not&nbsp;available,85.7
1276920.ADIAG_02281,EMQ98265.1,annotation&nbsp;not&nbsp;available,85.7
1276920.ADIAG_00553,dhaS_2,annotation&nbsp;not&nbsp;available,85.7
1276920.ADIAG_02248,EMQ98232.1,annotation&nbsp;not&nbsp;available,85.5
1276920.ADIAG_01291,EMQ99298.1,annotation&nbsp;not&nbsp;available,85.5
1276920.ADIAG_01462,EMQ99466.1,annotation&nbsp;not&nbsp;available,85.4
1276920.ADIAG_00620,EMR00613.1,annotation&nbsp;not&nbsp;available,85.4
1276920.ADIAG_02691,yfiZ_3,annotation&nbsp;not&nbsp;available,85.3
1276920.ADIAG_03481,EMQ97314.1,annotation&nbsp;not&nbsp;available,85.3
1276920.ADIAG_03037,pdxT,Pyridoxal&nbsp;5'-phosphate&nbsp;synthase&nbsp;subunit&nbsp;PdxT,85.2
1276920.ADIAG_00808,aroA,3-phosphoshikimate&nbsp;1-carboxyvinyltransferase,85.2
1276920.ADIAG_00359,EMR00352.1,annotation&nbsp;not&nbsp;available,85.1
1276920.ADIAG_03597,tal,Transaldolase,85.1
1276920.ADIAG_02791,yqhT,annotation&nbsp;not&nbsp;available,85.1
1276920.ADIAG_03242,EMQ97447.1,annotation&nbsp;not&nbsp;available,85.0
1276920.ADIAG_03288,pbpC,annotation&nbsp;not&nbsp;available,84.9
1276920.ADIAG_01503,metE,5-methyltetrahydropteroyltriglutamate--homocysteine&nbsp;methyltransferase,84.8
1276920.ADIAG_00894,sbcD,Nuclease&nbsp;SbcCD&nbsp;subunit&nbsp;D,84.7
1276920.ADIAG_01358,EMQ99365.1,Cysteine&nbsp;desulfurase,84.7
1276920.ADIAG_00584,purB,annotation&nbsp;not&nbsp;available,84.7
1276920.ADIAG_01150,narH,annotation&nbsp;not&nbsp;available,84.7
1276920.ADIAG_00920,EMQ99817.1,annotation&nbsp;not&nbsp;available,84.7
1276920.ADIAG_00009,sul,Dihydropteroate&nbsp;synthase,84.7
1276920.ADIAG_00870,EMQ99767.1,Nicotinate&nbsp;phosphoribosyltransferase,84.6
1276920.ADIAG_03030,secF,Protein-export&nbsp;membrane&nbsp;protein&nbsp;SecF,84.6
1276920.ADIAG_02303,fabD,annotation&nbsp;not&nbsp;available,84.5
1276920.ADIAG_00729,EMQ99629.1,annotation&nbsp;not&nbsp;available,84.5
1276920.ADIAG_01167,infB,Translation&nbsp;initiation&nbsp;factor&nbsp;IF-2,84.4
1276920.ADIAG_01764,EMQ99005.1,annotation&nbsp;not&nbsp;available,84.4
1276920.ADIAG_00787,metN,Methionine&nbsp;import&nbsp;ATP-binding&nbsp;protein&nbsp;MetN,84.4
1276920.ADIAG_00058,EMR00053.1,annotation&nbsp;not&nbsp;available,84.4
1276920.ADIAG_03196,EMQ97401.1,annotation&nbsp;not&nbsp;available,84.3
1276920.ADIAG_02540,EMQ98030.1,annotation&nbsp;not&nbsp;available,84.3
1276920.ADIAG_02943,pyrD,Dihydroorotate&nbsp;dehydrogenase&nbsp;(quinone),84.3
1276920.ADIAG_03468,EMQ97301.1,annotation&nbsp;not&nbsp;available,84.2
1276920.ADIAG_03379,EMQ97213.1,annotation&nbsp;not&nbsp;available,84.2
1276920.ADIAG_00881,EMQ99778.1,annotation&nbsp;not&nbsp;available,84.1
1276920.ADIAG_03890,EMQ96753.1,annotation&nbsp;not&nbsp;available,84.1
1276920.ADIAG_00939,rbsK_2,annotation&nbsp;not&nbsp;available,84.1
1276920.ADIAG_00776,EMQ99676.1,Lycopene&nbsp;cyclase&nbsp;domain&nbsp;protein,84.1
1276920.ADIAG_00378,purU_1,Formyltetrahydrofolate&nbsp;deformylase,84.0
1276920.ADIAG_00197,EMR00190.1,annotation&nbsp;not&nbsp;available,84.0
1276920.ADIAG_03467,EMQ97300.1,annotation&nbsp;not&nbsp;available,84.0
1276920.ADIAG_03178,EMQ97383.1,annotation&nbsp;not&nbsp;available,83.9
1276920.ADIAG_01855,rplX,50S&nbsp;ribosomal&nbsp;protein&nbsp;L24,83.9
1276920.ADIAG_03290,pheT,annotation&nbsp;not&nbsp;available,83.9
1276920.ADIAG_01997,EMQ98569.1,annotation&nbsp;not&nbsp;available,83.9
1276920.ADIAG_01721,artQ,annotation&nbsp;not&nbsp;available,83.9
1276920.ADIAG_03681,nrdI,Protein&nbsp;NrdI,83.9
1276920.ADIAG_02777,EMQ97834.1,annotation&nbsp;not&nbsp;available,83.8
1276920.ADIAG_03504,EMQ96986.1,annotation&nbsp;not&nbsp;available,83.8
1276920.ADIAG_01023,EMQ99917.1,annotation&nbsp;not&nbsp;available,83.8
1276920.ADIAG_00288,EMR00281.1,annotation&nbsp;not&nbsp;available,83.8
1276920.ADIAG_02220,EMQ98204.1,annotation&nbsp;not&nbsp;available,83.6
1276920.ADIAG_01968,fabG_3,annotation&nbsp;not&nbsp;available,83.6
1276920.ADIAG_03322,EMQ97527.1,annotation&nbsp;not&nbsp;available,83.6
1276920.ADIAG_01747,ykfB_2,O-succinylbenzoate&nbsp;synthase,83.6
1276920.ADIAG_01489,EMQ99493.1,Serine&nbsp;hydroxymethyltransferase,83.6
1276920.ADIAG_03932,EMQ96795.1,annotation&nbsp;not&nbsp;available,83.5
1276920.ADIAG_03515,EMQ96997.1,annotation&nbsp;not&nbsp;available,83.5
1276920.ADIAG_01582,thiV,annotation&nbsp;not&nbsp;available,83.4
1276920.ADIAG_00892,EMQ99789.1,annotation&nbsp;not&nbsp;available,83.4
1276920.ADIAG_00097,EMR00090.1,annotation&nbsp;not&nbsp;available,83.4
1276920.ADIAG_02981,leuS,annotation&nbsp;not&nbsp;available,83.4
1276920.ADIAG_02874,EMQ97931.1,annotation&nbsp;not&nbsp;available,83.3
1276920.ADIAG_00586,EMR00579.1,annotation&nbsp;not&nbsp;available,83.3
1276920.ADIAG_03870,EMQ96733.1,annotation&nbsp;not&nbsp;available,83.2
1276920.ADIAG_01078,EMQ99969.1,annotation&nbsp;not&nbsp;available,83.1
1276920.ADIAG_03248,dapA,4-hydroxy-tetrahydrodipicolinate&nbsp;synthase,83.1
1276920.ADIAG_04009,EMQ96683.1,annotation&nbsp;not&nbsp;available,83.1
1276920.ADIAG_01916,EMQ98488.1,annotation&nbsp;not&nbsp;available,83.1
1276920.ADIAG_03611,EMQ97092.1,annotation&nbsp;not&nbsp;available,83.1
1276920.ADIAG_01407,purK,N5-carboxyaminoimidazole&nbsp;ribonucleotide&nbsp;synthase,83.1
1276920.ADIAG_01635,EMQ98877.1,annotation&nbsp;not&nbsp;available,83.1
1276920.ADIAG_00347,EMR00340.1,annotation&nbsp;not&nbsp;available,83.0
1276920.ADIAG_03449,EMQ97282.1,annotation&nbsp;not&nbsp;available,83.0
1276920.ADIAG_02156,EMQ98726.1,annotation&nbsp;not&nbsp;available,83.0
1276920.ADIAG_00735,glnP,annotation&nbsp;not&nbsp;available,83.0
1276920.ADIAG_02179,EMQ98749.1,annotation&nbsp;not&nbsp;available,82.9
1276920.ADIAG_03409,yqjM,annotation&nbsp;not&nbsp;available,82.9
1276920.ADIAG_03779,EMQ96928.1,annotation&nbsp;not&nbsp;available,82.9
1276920.ADIAG_01175,EMQ99185.1,annotation&nbsp;not&nbsp;available,82.8
1276920.ADIAG_03512,ribB,Multifunctional&nbsp;fusion&nbsp;protein,82.8
1276920.ADIAG_02090,EMQ98660.1,annotation&nbsp;not&nbsp;available,82.7
1276920.ADIAG_00433,EMR00426.1,annotation&nbsp;not&nbsp;available,82.7
1276920.ADIAG_01202,EMQ99212.1,annotation&nbsp;not&nbsp;available,82.7
1276920.ADIAG_02828,nasB_1,annotation&nbsp;not&nbsp;available,82.6
1276920.ADIAG_03154,EMQ97359.1,Transketolase&nbsp;central&nbsp;region,82.6
1276920.ADIAG_02995,carB,annotation&nbsp;not&nbsp;available,82.6
1276920.ADIAG_02553,glnA_1,annotation&nbsp;not&nbsp;available,82.6
1276920.ADIAG_01735,hmp_6,annotation&nbsp;not&nbsp;available,82.5
1276920.ADIAG_02470,EMQ98448.1,annotation&nbsp;not&nbsp;available,82.5
1276920.ADIAG_03682,nrdE,Ribonucleoside-diphosphate&nbsp;reductase,82.5
1276920.ADIAG_02682,nadK,NAD&nbsp;kinase,82.4
1276920.ADIAG_01273,EMQ99280.1,annotation&nbsp;not&nbsp;available,82.4
1276920.ADIAG_02760,EMQ97817.1,annotation&nbsp;not&nbsp;available,82.3
1276920.ADIAG_00385,EMR00378.1,annotation&nbsp;not&nbsp;available,82.3
1276920.ADIAG_01061,leuC,3-isopropylmalate&nbsp;dehydratase&nbsp;large&nbsp;subunit,82.3
1276920.ADIAG_01838,fusA,Elongation&nbsp;factor&nbsp;G,82.3
1276920.ADIAG_01868,rpsK,30S&nbsp;ribosomal&nbsp;protein&nbsp;S11,82.3
1276920.ADIAG_01932,EMQ98504.1,annotation&nbsp;not&nbsp;available,82.3
1276920.ADIAG_01832,mmgA_2,annotation&nbsp;not&nbsp;available,82.2
1276920.ADIAG_00242,fabG1,annotation&nbsp;not&nbsp;available,82.2
1276920.ADIAG_01587,EMQ98829.1,annotation&nbsp;not&nbsp;available,82.2
1276920.ADIAG_02733,phoP_1,annotation&nbsp;not&nbsp;available,82.2
1276920.ADIAG_01689,EMQ98930.1,annotation&nbsp;not&nbsp;available,82.1
1276920.ADIAG_00114,EMR00107.1,annotation&nbsp;not&nbsp;available,82.1
1276920.ADIAG_01438,EMQ99443.1,annotation&nbsp;not&nbsp;available,82.1
1276920.ADIAG_03107,EMQ97727.1,annotation&nbsp;not&nbsp;available,82.0
1276920.ADIAG_00837,argS,annotation&nbsp;not&nbsp;available,82.0
1276920.ADIAG_02903,EMQ97960.1,annotation&nbsp;not&nbsp;available,82.0
1276920.ADIAG_02673,prpB,2-methylisocitrate&nbsp;lyase,82.0
1276920.ADIAG_02643,EMQ98132.1,annotation&nbsp;not&nbsp;available,82.0
1276920.ADIAG_01571,dcd,annotation&nbsp;not&nbsp;available,81.9
1276920.ADIAG_03523,hisF,Imidazole&nbsp;glycerol&nbsp;phosphate&nbsp;synthase&nbsp;subunit&nbsp;HisF,81.8
1276920.ADIAG_01096,EMQ99987.1,annotation&nbsp;not&nbsp;available,81.8
1276920.ADIAG_03582,EMQ97063.1,annotation&nbsp;not&nbsp;available,81.7
1276920.ADIAG_02394,EMQ98375.1,annotation&nbsp;not&nbsp;available,81.7
1276920.ADIAG_01733,EMQ98974.1,annotation&nbsp;not&nbsp;available,81.6
1276920.ADIAG_03669,nadD,Probable&nbsp;nicotinate-nucleotide&nbsp;adenylyltransferase,81.6
1276920.ADIAG_01075,EMQ99966.1,annotation&nbsp;not&nbsp;available,81.6
1276920.ADIAG_03554,EMQ97035.1,annotation&nbsp;not&nbsp;available,81.5
1276920.ADIAG_03104,EMQ97724.1,annotation&nbsp;not&nbsp;available,81.4
1276920.ADIAG_02294,opuBB,annotation&nbsp;not&nbsp;available,81.4
1276920.ADIAG_00045,EMR00041.1,annotation&nbsp;not&nbsp;available,81.4
1276920.ADIAG_03521,hisE,annotation&nbsp;not&nbsp;available,81.3
1276920.ADIAG_00738,glnQ,annotation&nbsp;not&nbsp;available,81.3
1276920.ADIAG_02064,nasD_3,annotation&nbsp;not&nbsp;available,81.3
1276920.ADIAG_03267,lexA,LexA&nbsp;repressor,81.2
1276920.ADIAG_03269,hisC_1,annotation&nbsp;not&nbsp;available,81.2
1276920.ADIAG_01740,EMQ98981.1,annotation&nbsp;not&nbsp;available,81.0
1276920.ADIAG_03244,EMQ97449.1,annotation&nbsp;not&nbsp;available,81.0
1276920.ADIAG_01032,EMQ99926.1,annotation&nbsp;not&nbsp;available,81.0
1276920.ADIAG_04003,zwf,Glucose-6-phosphate&nbsp;1-dehydrogenase,80.9
1276920.ADIAG_00645,EMQ99545.1,annotation&nbsp;not&nbsp;available,80.9
1276920.ADIAG_01769,katA,annotation&nbsp;not&nbsp;available,80.8
1276920.ADIAG_03596,pgi,annotation&nbsp;not&nbsp;available,80.8
1276920.ADIAG_03032,EMQ97652.1,annotation&nbsp;not&nbsp;available,80.8
1276920.ADIAG_01315,kbl,2-amino-3-ketobutyrate&nbsp;coenzyme&nbsp;A&nbsp;ligase,80.7
1276920.ADIAG_01206,EMQ99216.1,annotation&nbsp;not&nbsp;available,80.7
1276920.ADIAG_02651,pycA,Pyruvate&nbsp;carboxylase,80.7
1276920.ADIAG_01848,rplV,50S&nbsp;ribosomal&nbsp;protein&nbsp;L22,80.6
1276920.ADIAG_01573,mdh,Malate&nbsp;dehydrogenase,80.6
1276920.ADIAG_01956,EMQ98528.1,annotation&nbsp;not&nbsp;available,80.6
1276920.ADIAG_03102,serA_1,annotation&nbsp;not&nbsp;available,80.4
1276920.ADIAG_02545,lipB,Octanoyltransferase,80.4
1276920.ADIAG_03834,EMQ96979.1,annotation&nbsp;not&nbsp;available,80.4
1276920.ADIAG_02792,EMQ97849.1,annotation&nbsp;not&nbsp;available,80.2
1276920.ADIAG_03722,EMQ96871.1,annotation&nbsp;not&nbsp;available,80.2
1276920.ADIAG_01670,EMQ98912.1,annotation&nbsp;not&nbsp;available,80.2
1276920.ADIAG_03280,rplT,50S&nbsp;ribosomal&nbsp;protein&nbsp;L20,80.1
1276920.ADIAG_03156,moaA,"GTP&nbsp;3',8-cyclase",79.9
1276920.ADIAG_00509,nasD_1,annotation&nbsp;not&nbsp;available,79.9
1276920.ADIAG_01727,EMQ98968.1,annotation&nbsp;not&nbsp;available,79.7
1276920.ADIAG_03033,ruvB,Holliday&nbsp;junction&nbsp;ATP-dependent&nbsp;DNA&nbsp;helicase&nbsp;RuvB,79.6
1276920.ADIAG_00494,rbsD,annotation&nbsp;not&nbsp;available,79.6
1276920.ADIAG_01454,EMQ99458.1,annotation&nbsp;not&nbsp;available,79.5
1276920.ADIAG_00171,EMR00164.1,annotation&nbsp;not&nbsp;available,79.5
1276920.ADIAG_01367,EMQ99373.1,annotation&nbsp;not&nbsp;available,79.5
1276920.ADIAG_01876,EMQ99112.1,annotation&nbsp;not&nbsp;available,79.4
1276920.ADIAG_02755,sucD,Succinate--CoA&nbsp;ligase&nbsp;[ADP-forming]&nbsp;subunit&nbsp;alpha,79.4
1276920.ADIAG_00393,citE,annotation&nbsp;not&nbsp;available,79.3
1276920.ADIAG_00198,EMR00191.1,annotation&nbsp;not&nbsp;available,79.3
1276920.ADIAG_03728,yhfR_3,annotation&nbsp;not&nbsp;available,79.3
1276920.ADIAG_01846,rplB,50S&nbsp;ribosomal&nbsp;protein&nbsp;L2,79.3
1276920.ADIAG_00569,EMR00562.1,annotation&nbsp;not&nbsp;available,79.3
1276920.ADIAG_01601,dnaK,Chaperone&nbsp;protein&nbsp;DnaK,79.3
1276920.ADIAG_00267,EMR00260.1,annotation&nbsp;not&nbsp;available,79.2
1276920.ADIAG_02657,EMQ98146.1,annotation&nbsp;not&nbsp;available,79.2
1276920.ADIAG_02985,EMQ97605.1,annotation&nbsp;not&nbsp;available,79.2
1276920.ADIAG_03826,EMQ96971.1,annotation&nbsp;not&nbsp;available,79.1
1276920.ADIAG_00238,EMR00231.1,annotation&nbsp;not&nbsp;available,79.1
1276920.ADIAG_03122,EMQ97742.1,annotation&nbsp;not&nbsp;available,79.1
1276920.ADIAG_00879,EMQ99776.1,annotation&nbsp;not&nbsp;available,79.1
1276920.ADIAG_00434,EMR00427.1,annotation&nbsp;not&nbsp;available,79.1
1276920.ADIAG_03716,EMQ96865.1,annotation&nbsp;not&nbsp;available,79.0
1276920.ADIAG_01225,pyrH,Uridylate&nbsp;kinase,79.0
1276920.ADIAG_02772,EMQ97829.1,annotation&nbsp;not&nbsp;available,79.0
1276920.ADIAG_01568,EMQ98810.1,Fumarate&nbsp;hydratase&nbsp;class&nbsp;I,79.0
1276920.ADIAG_01979,ytcI,annotation&nbsp;not&nbsp;available,78.9
1276920.ADIAG_01812,EMQ99049.1,annotation&nbsp;not&nbsp;available,78.9
1276920.ADIAG_03667,proA,Gamma-glutamyl&nbsp;phosphate&nbsp;reductase,78.8
1276920.ADIAG_01041,EMQ99935.1,annotation&nbsp;not&nbsp;available,78.8
1276920.ADIAG_01622,purD,annotation&nbsp;not&nbsp;available,78.8
1276920.ADIAG_02750,EMQ97808.1,annotation&nbsp;not&nbsp;available,78.7
1276920.ADIAG_00510,thcC_1,annotation&nbsp;not&nbsp;available,78.7
1276920.ADIAG_03584,uvrC,UvrABC&nbsp;system&nbsp;protein&nbsp;C,78.7
1276920.ADIAG_00736,glnM,annotation&nbsp;not&nbsp;available,78.7
1276920.ADIAG_01161,EMQ99171.1,annotation&nbsp;not&nbsp;available,78.6
1276920.ADIAG_00350,EMR00343.1,annotation&nbsp;not&nbsp;available,78.6
1276920.ADIAG_00839,hom,annotation&nbsp;not&nbsp;available,78.5
1276920.ADIAG_03634,pepN_3,annotation&nbsp;not&nbsp;available,78.3
1276920.ADIAG_00650,EMQ99550.1,annotation&nbsp;not&nbsp;available,78.3
1276920.ADIAG_00930,EMQ99827.1,annotation&nbsp;not&nbsp;available,78.2
1276920.ADIAG_01464,EMQ99468.1,annotation&nbsp;not&nbsp;available,78.2
1276920.ADIAG_02187,EMQ98757.1,annotation&nbsp;not&nbsp;available,78.2
1276920.ADIAG_03513,ribH,"6,7-dimethyl-8-ribityllumazine&nbsp;synthase",78.2
1276920.ADIAG_02784,glyA_2,Serine&nbsp;hydroxymethyltransferase,78.1
1276920.ADIAG_02692,yfhA,annotation&nbsp;not&nbsp;available,78.1
1276920.ADIAG_02884,EMQ97941.1,annotation&nbsp;not&nbsp;available,78.0
1276920.ADIAG_00886,EMQ99783.1,annotation&nbsp;not&nbsp;available,78.0
1276920.ADIAG_00210,hmp_1,annotation&nbsp;not&nbsp;available,78.0
1276920.ADIAG_01212,EMQ99222.1,annotation&nbsp;not&nbsp;available,77.9
1276920.ADIAG_04006,EMQ96680.1,annotation&nbsp;not&nbsp;available,77.9
1276920.ADIAG_01031,ybdK_3,Putative&nbsp;glutamate--cysteine&nbsp;ligase&nbsp;2,77.9
1276920.ADIAG_00270,pucH,annotation&nbsp;not&nbsp;available,77.8
1276920.ADIAG_00240,EMR00233.1,annotation&nbsp;not&nbsp;available,77.8
1276920.ADIAG_01065,gpsA,annotation&nbsp;not&nbsp;available,77.7
1276920.ADIAG_01783,deaD,ATP-dependent&nbsp;RNA&nbsp;helicase&nbsp;DeaD,77.7
1276920.ADIAG_00043,EMR00039.1,annotation&nbsp;not&nbsp;available,77.7
1276920.ADIAG_00791,pcrA_2,annotation&nbsp;not&nbsp;available,77.6
1276920.ADIAG_01090,EMQ99981.1,Uncharacterized&nbsp;protein&nbsp;conserved&nbsp;in&nbsp;bacteria,77.4
1276920.ADIAG_00950,EMQ99847.1,annotation&nbsp;not&nbsp;available,77.4
1276920.ADIAG_01265,EMQ99272.1,annotation&nbsp;not&nbsp;available,77.4
1276920.ADIAG_01808,yclJ,annotation&nbsp;not&nbsp;available,77.4
1276920.ADIAG_01432,EMQ99437.1,annotation&nbsp;not&nbsp;available,77.3
1276920.ADIAG_03989,EMQ96663.1,annotation&nbsp;not&nbsp;available,77.3
1276920.ADIAG_00932,relA,annotation&nbsp;not&nbsp;available,77.3
1276920.ADIAG_00523,iolI,annotation&nbsp;not&nbsp;available,77.3
1276920.ADIAG_03534,gltA,annotation&nbsp;not&nbsp;available,77.2
1276920.ADIAG_03592,EMQ97073.1,annotation&nbsp;not&nbsp;available,77.2
1276920.ADIAG_03695,EMQ96844.1,annotation&nbsp;not&nbsp;available,77.2
1276920.ADIAG_03766,ureA,annotation&nbsp;not&nbsp;available,77.2
1276920.ADIAG_02115,nasD_5,annotation&nbsp;not&nbsp;available,77.2
1276920.ADIAG_01900,rnhA,Ribonuclease&nbsp;H,77.2
1276920.ADIAG_01301,speA,annotation&nbsp;not&nbsp;available,77.1
1276920.ADIAG_03507,EMQ96989.1,annotation&nbsp;not&nbsp;available,77.0
1276920.ADIAG_02234,EMQ98218.1,annotation&nbsp;not&nbsp;available,77.0
1276920.ADIAG_01286,EMQ99293.1,annotation&nbsp;not&nbsp;available,77.0
1276920.ADIAG_00343,purB_1,annotation&nbsp;not&nbsp;available,77.0
1276920.ADIAG_00560,EMR00553.1,annotation&nbsp;not&nbsp;available,77.0
1276920.ADIAG_02258,EMQ98242.1,annotation&nbsp;not&nbsp;available,76.9
1276920.ADIAG_00838,lysA,Diaminopimelate&nbsp;decarboxylase,76.9
1276920.ADIAG_00332,EMR00325.1,annotation&nbsp;not&nbsp;available,76.9
1276920.ADIAG_01576,EMQ98818.1,annotation&nbsp;not&nbsp;available,76.7
1276920.ADIAG_03760,ureD,Urease&nbsp;accessory&nbsp;protein&nbsp;UreD,76.6
1276920.ADIAG_02993,EMQ97613.1,annotation&nbsp;not&nbsp;available,76.5
1276920.ADIAG_01148,narI,annotation&nbsp;not&nbsp;available,76.4
1276920.ADIAG_03803,EMQ96949.1,annotation&nbsp;not&nbsp;available,76.4
1276920.ADIAG_01836,rpsL,30S&nbsp;ribosomal&nbsp;protein&nbsp;S12,76.3
1276920.ADIAG_02907,purN,Phosphoribosylglycinamide&nbsp;formyltransferase,76.3
1276920.ADIAG_01696,EMQ98937.1,annotation&nbsp;not&nbsp;available,76.3
1276920.ADIAG_01226,tsf,Elongation&nbsp;factor&nbsp;Ts,76.2
1276920.ADIAG_00790,pcrA_1,annotation&nbsp;not&nbsp;available,76.1
1276920.ADIAG_03825,pstB,Phosphate&nbsp;import&nbsp;ATP-binding&nbsp;protein&nbsp;PstB,76.1
1276920.ADIAG_03835,clpC_2,annotation&nbsp;not&nbsp;available,76.1
1276920.ADIAG_03324,EMQ97163.1,annotation&nbsp;not&nbsp;available,76.1
1276920.ADIAG_03013,alaS,Alanine--tRNA&nbsp;ligase,76.1
1276920.ADIAG_03152,EMQ97357.1,annotation&nbsp;not&nbsp;available,76.0
1276920.ADIAG_00246,EMR00239.1,annotation&nbsp;not&nbsp;available,76.0
1276920.ADIAG_01361,prs,Ribose-phosphate&nbsp;pyrophosphokinase,75.9
1276920.ADIAG_03627,ssb,annotation&nbsp;not&nbsp;available,75.9
1276920.ADIAG_01827,rplA,50S&nbsp;ribosomal&nbsp;protein&nbsp;L1,75.8
1276920.ADIAG_01165,EMQ99175.1,annotation&nbsp;not&nbsp;available,75.8
1276920.ADIAG_03595,EMQ97076.1,Glucose-6-phosphate&nbsp;1-dehydrogenase,75.7
1276920.ADIAG_01152,EMQ99162.1,annotation&nbsp;not&nbsp;available,75.7
1276920.ADIAG_00314,EMR00307.1,annotation&nbsp;not&nbsp;available,75.7
1276920.ADIAG_03171,EMQ97376.1,annotation&nbsp;not&nbsp;available,75.7
1276920.ADIAG_01074,coaD,Phosphopantetheine&nbsp;adenylyltransferase,75.7
1276920.ADIAG_04010,amtB,annotation&nbsp;not&nbsp;available,75.6
1276920.ADIAG_03697,ald_2,annotation&nbsp;not&nbsp;available,75.6
1276920.ADIAG_02107,EMQ98677.1,annotation&nbsp;not&nbsp;available,75.6
1276920.ADIAG_01796,asd1,annotation&nbsp;not&nbsp;available,75.5
1276920.ADIAG_00247,EMR00240.1,Coenzyme&nbsp;A&nbsp;transferase,75.5
1276920.ADIAG_03025,hisS,annotation&nbsp;not&nbsp;available,75.5
1276920.ADIAG_03527,trpE_2,Anthranilate&nbsp;synthase&nbsp;component&nbsp;1,75.4
1276920.ADIAG_02703,otsB,Trehalose&nbsp;6-phosphate&nbsp;phosphatase,75.4
1276920.ADIAG_01070,recG,annotation&nbsp;not&nbsp;available,75.4
1276920.ADIAG_01655,EMQ98897.1,annotation&nbsp;not&nbsp;available,75.3
1276920.ADIAG_04036,trmI,annotation&nbsp;not&nbsp;available,75.3
1276920.ADIAG_00491,EMR00484.1,annotation&nbsp;not&nbsp;available,75.3
1276920.ADIAG_03024,aspS,Aspartate--tRNA(Asp/Asn)&nbsp;ligase,75.3
1276920.ADIAG_04055,EMQ96631.1,annotation&nbsp;not&nbsp;available,75.2
1276920.ADIAG_03297,EMQ97502.1,annotation&nbsp;not&nbsp;available,75.2
1276920.ADIAG_02930,aioB,annotation&nbsp;not&nbsp;available,75.2
1276920.ADIAG_01704,EMQ98945.1,annotation&nbsp;not&nbsp;available,75.2
1276920.ADIAG_01662,EMQ98904.1,annotation&nbsp;not&nbsp;available,75.2
1276920.ADIAG_01778,EMQ99018.1,annotation&nbsp;not&nbsp;available,75.2
1276920.ADIAG_00850,atpE,ATP&nbsp;synthase&nbsp;subunit&nbsp;c,75.1
1276920.ADIAG_00173,ssbA,annotation&nbsp;not&nbsp;available,75.1
1276920.ADIAG_00615,EMR00608.1,annotation&nbsp;not&nbsp;available,75.1
1276920.ADIAG_02991,rpoZ,DNA-directed&nbsp;RNA&nbsp;polymerase&nbsp;subunit&nbsp;omega,75.1
1276920.ADIAG_00764,hemY,annotation&nbsp;not&nbsp;available,75.0
1276920.ADIAG_03612,cbiO,annotation&nbsp;not&nbsp;available,75.0
1276920.ADIAG_03255,EMQ97460.1,annotation&nbsp;not&nbsp;available,75.0
1276920.ADIAG_00179,dnaC3,Replicative&nbsp;DNA&nbsp;helicase,74.8
1276920.ADIAG_03723,ssuB,annotation&nbsp;not&nbsp;available,74.8
1276920.ADIAG_01628,ywhE,annotation&nbsp;not&nbsp;available,74.8
1276920.ADIAG_00913,EMQ99810.1,annotation&nbsp;not&nbsp;available,74.7
1276920.ADIAG_00354,mmgC_1,annotation&nbsp;not&nbsp;available,74.6
1276920.ADIAG_00391,dsdA,annotation&nbsp;not&nbsp;available,74.6
1276920.ADIAG_01446,eno,Enolase,74.6
1276920.ADIAG_03241,catC_2,annotation&nbsp;not&nbsp;available,74.6
1276920.ADIAG_00093,trxB,annotation&nbsp;not&nbsp;available,74.6
1276920.ADIAG_01123,EMQ99133.1,annotation&nbsp;not&nbsp;available,74.5
1276920.ADIAG_01600,EMQ98842.1,annotation&nbsp;not&nbsp;available,74.5
1276920.ADIAG_01631,EMQ98873.1,annotation&nbsp;not&nbsp;available,74.5
1276920.ADIAG_00399,mmgA_1,annotation&nbsp;not&nbsp;available,74.5
1276920.ADIAG_00082,dnaN,Beta&nbsp;sliding&nbsp;clamp,74.4
1276920.ADIAG_03607,EMQ97088.1,annotation&nbsp;not&nbsp;available,74.4
1276920.ADIAG_01332,EMQ99339.1,annotation&nbsp;not&nbsp;available,74.4
1276920.ADIAG_02295,EMQ98279.1,annotation&nbsp;not&nbsp;available,74.4
1276920.ADIAG_00788,EMQ99688.1,annotation&nbsp;not&nbsp;available,74.3
1276920.ADIAG_01298,EMQ99305.1,Biotin&nbsp;carboxylase-like&nbsp;protein,74.3
1276920.ADIAG_03364,EMQ97200.1,annotation&nbsp;not&nbsp;available,74.1
1276920.ADIAG_02230,EMQ98214.1,annotation&nbsp;not&nbsp;available,74.1
1276920.ADIAG_03007,aroB,3-dehydroquinate&nbsp;synthase,73.9
1276920.ADIAG_01665,EMQ98907.1,annotation&nbsp;not&nbsp;available,73.9
1276920.ADIAG_02529,cydB,annotation&nbsp;not&nbsp;available,73.9
1276920.ADIAG_00442,EMR00435.1,annotation&nbsp;not&nbsp;available,73.9
1276920.ADIAG_02105,nasD_4,annotation&nbsp;not&nbsp;available,73.8
1276920.ADIAG_02184,mcl2,annotation&nbsp;not&nbsp;available,73.8
1276920.ADIAG_00816,mntB,annotation&nbsp;not&nbsp;available,73.7
1276920.ADIAG_00937,EMQ99834.1,annotation&nbsp;not&nbsp;available,73.7
1276920.ADIAG_00827,EMQ99725.1,annotation&nbsp;not&nbsp;available,73.6
1276920.ADIAG_00882,xylR_2,annotation&nbsp;not&nbsp;available,73.5
1276920.ADIAG_01024,EMQ99918.1,annotation&nbsp;not&nbsp;available,73.5
1276920.ADIAG_03123,EMQ97743.1,annotation&nbsp;not&nbsp;available,73.4
1276920.ADIAG_01240,dgtH_1,annotation&nbsp;not&nbsp;available,73.4
1276920.ADIAG_01864,adk,Adenylate&nbsp;kinase,73.4
1276920.ADIAG_02438,ylmA,annotation&nbsp;not&nbsp;available,73.4
1276920.ADIAG_01421,EMQ99426.1,Isoprenyl&nbsp;transferase,73.4
1276920.ADIAG_00205,rhaB,annotation&nbsp;not&nbsp;available,73.4
1276920.ADIAG_03199,EMQ97404.1,annotation&nbsp;not&nbsp;available,73.4
1276920.ADIAG_00341,pcaC,annotation&nbsp;not&nbsp;available,73.3
1276920.ADIAG_02215,EMQ98199.1,annotation&nbsp;not&nbsp;available,73.3
1276920.ADIAG_03222,EMQ97427.1,annotation&nbsp;not&nbsp;available,73.3
1276920.ADIAG_01379,celH,annotation&nbsp;not&nbsp;available,73.2
1276920.ADIAG_02809,EMQ97866.1,annotation&nbsp;not&nbsp;available,73.0
1276920.ADIAG_00711,ispH,4-hydroxy-3-methylbut-2-enyl&nbsp;diphosphate&nbsp;reductase,72.9
1276920.ADIAG_01370,EMQ99376.1,annotation&nbsp;not&nbsp;available,72.9
1276920.ADIAG_00806,EMQ99704.1,annotation&nbsp;not&nbsp;available,72.9
1276920.ADIAG_03658,ndk,Nucleoside&nbsp;diphosphate&nbsp;kinase,72.9
1276920.ADIAG_00172,rpsF,30S&nbsp;ribosomal&nbsp;protein&nbsp;S6,72.9
1276920.ADIAG_03666,proB,Glutamate&nbsp;5-kinase,72.8
1276920.ADIAG_03271,hisH,Imidazole&nbsp;glycerol&nbsp;phosphate&nbsp;synthase&nbsp;subunit&nbsp;HisH,72.7
1276920.ADIAG_02688,EMQ97749.1,annotation&nbsp;not&nbsp;available,72.7
1276920.ADIAG_03419,thiD2,annotation&nbsp;not&nbsp;available,72.6
1276920.ADIAG_01575,mrpA,annotation&nbsp;not&nbsp;available,72.6
1276920.ADIAG_01455,EMQ99459.1,annotation&nbsp;not&nbsp;available,72.6
1276920.ADIAG_01453,EMQ99457.1,annotation&nbsp;not&nbsp;available,72.5
1276920.ADIAG_02256,EMQ98240.1,annotation&nbsp;not&nbsp;available,72.5
1276920.ADIAG_03237,ligA_2,annotation&nbsp;not&nbsp;available,72.5
1276920.ADIAG_01448,EMQ99452.1,annotation&nbsp;not&nbsp;available,72.5
1276920.ADIAG_00851,atpF,ATP&nbsp;synthase&nbsp;subunit&nbsp;b,72.4
1276920.ADIAG_01135,EMQ99145.1,annotation&nbsp;not&nbsp;available,72.4
1276920.ADIAG_00576,EMR00569.1,annotation&nbsp;not&nbsp;available,72.4
1276920.ADIAG_01830,EMQ99066.1,Uncharacterized&nbsp;protein&nbsp;conserved&nbsp;in&nbsp;bacteria,72.4
1276920.ADIAG_02601,EMQ98091.1,annotation&nbsp;not&nbsp;available,72.4
1276920.ADIAG_00552,EMR00545.1,annotation&nbsp;not&nbsp;available,72.3
1276920.ADIAG_01625,yknV,annotation&nbsp;not&nbsp;available,72.3
1276920.ADIAG_02593,secA,Protein&nbsp;translocase&nbsp;subunit&nbsp;SecA,72.2
1276920.ADIAG_00208,EMR00201.1,annotation&nbsp;not&nbsp;available,72.2
1276920.ADIAG_00988,katE,Catalase,72.2
1276920.ADIAG_00047,EMR00043.1,annotation&nbsp;not&nbsp;available,72.1
1276920.ADIAG_02411,EMQ98392.1,annotation&nbsp;not&nbsp;available,72.1
1276920.ADIAG_02656,EMQ98145.1,annotation&nbsp;not&nbsp;available,72.1
1276920.ADIAG_01062,leuD,3-isopropylmalate&nbsp;dehydratase&nbsp;small&nbsp;subunit,72.1
1276920.ADIAG_03548,EMQ97029.1,annotation&nbsp;not&nbsp;available,72.1
1276920.ADIAG_02432,EMQ98412.1,annotation&nbsp;not&nbsp;available,72.0
1276920.ADIAG_01525,EMQ98768.1,annotation&nbsp;not&nbsp;available,72.0
1276920.ADIAG_02704,otsA,annotation&nbsp;not&nbsp;available,72.0
1276920.ADIAG_01248,EMQ99255.1,annotation&nbsp;not&nbsp;available,71.9
1276920.ADIAG_02397,EMQ98378.1,annotation&nbsp;not&nbsp;available,71.9
1276920.ADIAG_03198,EMQ97403.1,annotation&nbsp;not&nbsp;available,71.9
1276920.ADIAG_00926,EMQ99823.1,annotation&nbsp;not&nbsp;available,71.9
1276920.ADIAG_03598,EMQ97079.1,annotation&nbsp;not&nbsp;available,71.9
1276920.ADIAG_01806,ppk,Polyphosphate&nbsp;kinase,71.8
1276920.ADIAG_01204,oppB1,annotation&nbsp;not&nbsp;available,71.8
1276920.ADIAG_00817,EMQ99715.1,annotation&nbsp;not&nbsp;available,71.8
1276920.ADIAG_01014,EMQ99908.1,Uncharacterized&nbsp;protein,71.8
1276920.ADIAG_03680,nrdH_1,annotation&nbsp;not&nbsp;available,71.7
1276920.ADIAG_00499,fruB,annotation&nbsp;not&nbsp;available,71.6
1276920.ADIAG_03377,EMQ97212.1,annotation&nbsp;not&nbsp;available,71.5
1276920.ADIAG_02699,EMQ97759.1,annotation&nbsp;not&nbsp;available,71.5
1276920.ADIAG_01986,EMQ98558.1,annotation&nbsp;not&nbsp;available,71.5
1276920.ADIAG_00439,EMR00432.1,annotation&nbsp;not&nbsp;available,71.5
1276920.ADIAG_03693,EMQ96842.1,annotation&nbsp;not&nbsp;available,71.4
1276920.ADIAG_00672,EMQ99572.1,Inosine-5'-monophosphate&nbsp;dehydrogenase,71.4
1276920.ADIAG_03432,EMQ97265.1,annotation&nbsp;not&nbsp;available,71.2
1276920.ADIAG_01465,EMQ99469.1,annotation&nbsp;not&nbsp;available,71.2
1276920.ADIAG_00854,atpG,ATP&nbsp;synthase&nbsp;gamma&nbsp;chain,71.2
1276920.ADIAG_02159,EMQ98729.1,annotation&nbsp;not&nbsp;available,71.1
1276920.ADIAG_02894,appC_1,annotation&nbsp;not&nbsp;available,71.1
1276920.ADIAG_02693,yugT,annotation&nbsp;not&nbsp;available,71.1
1276920.ADIAG_03497,recR,Recombination&nbsp;protein&nbsp;RecR,71.1
1276920.ADIAG_00883,rbsA,annotation&nbsp;not&nbsp;available,71.1
1276920.ADIAG_02744,EMQ97802.1,annotation&nbsp;not&nbsp;available,70.9
1276920.ADIAG_00826,EMQ99724.1,annotation&nbsp;not&nbsp;available,70.9
1276920.ADIAG_03310,argD,annotation&nbsp;not&nbsp;available,70.8
1276920.ADIAG_02654,EMQ98143.1,annotation&nbsp;not&nbsp;available,70.8
1276920.ADIAG_01863,secY,Protein&nbsp;translocase&nbsp;subunit&nbsp;SecY,70.8
1276920.ADIAG_00794,EMQ99694.1,annotation&nbsp;not&nbsp;available,70.8
1276920.ADIAG_02174,EMQ98744.1,annotation&nbsp;not&nbsp;available,70.8
1276920.ADIAG_02056,galK,annotation&nbsp;not&nbsp;available,70.8
1276920.ADIAG_00682,EMQ99582.1,Uncharacterized&nbsp;protein,70.7
1276920.ADIAG_02632,prfB,Peptide&nbsp;chain&nbsp;release&nbsp;factor&nbsp;2,70.7
1276920.ADIAG_01239,dnaG,DNA&nbsp;primase,70.7
1276920.ADIAG_01249,fdcA,annotation&nbsp;not&nbsp;available,70.7
1276920.ADIAG_03362,glmM_2,annotation&nbsp;not&nbsp;available,70.7
1276920.ADIAG_00876,EMQ99773.1,dITP/XTP&nbsp;pyrophosphatase,70.6
1276920.ADIAG_01857,rpsH,30S&nbsp;ribosomal&nbsp;protein&nbsp;S8,70.6
1276920.ADIAG_00192,EMR00185.1,annotation&nbsp;not&nbsp;available,70.6
1276920.ADIAG_02280,sipT_1,annotation&nbsp;not&nbsp;available,70.5
1276920.ADIAG_01617,purF,Amidophosphoribosyltransferase,70.5
1276920.ADIAG_01447,EMQ99451.1,annotation&nbsp;not&nbsp;available,70.5
1276920.ADIAG_03822,yjmC,annotation&nbsp;not&nbsp;available,70.5
1276920.ADIAG_01656,EMQ98898.1,annotation&nbsp;not&nbsp;available,70.4
1276920.ADIAG_01875,glmM_1,Phosphoglucosamine&nbsp;mutase,70.4
1276920.ADIAG_03604,EMQ97085.1,annotation&nbsp;not&nbsp;available,70.4
1276920.ADIAG_00534,trxA_1,annotation&nbsp;not&nbsp;available,70.4
1276920.ADIAG_03209,dapB,4-hydroxy-tetrahydrodipicolinate&nbsp;reductase,70.4
1276920.ADIAG_02963,rpsT,30S&nbsp;ribosomal&nbsp;protein&nbsp;S20,70.4
1276920.ADIAG_01459,gbsA,annotation&nbsp;not&nbsp;available,70.3
1276920.ADIAG_00299,EMR00292.1,annotation&nbsp;not&nbsp;available,70.3
1276920.ADIAG_02999,pyrB,annotation&nbsp;not&nbsp;available,70.3
1276920.ADIAG_03855,EMQ96718.1,annotation&nbsp;not&nbsp;available,70.2
1276920.ADIAG_03525,EMQ97007.1,Uncharacterized&nbsp;protein,70.2
1276920.ADIAG_01755,EMQ98996.1,annotation&nbsp;not&nbsp;available,70.1
1276920.ADIAG_00843,prfA,Peptide&nbsp;chain&nbsp;release&nbsp;factor&nbsp;1,70.1
1276920.ADIAG_03321,apt,Adenine&nbsp;phosphoribosyltransferase,70.1
1276920.ADIAG_00040,EMR00036.1,annotation&nbsp;not&nbsp;available,70.1
