1197706.AKKK01000031_gene2869,AKKK01000031_gene2869,annotation&nbsp;not&nbsp;available,98.9
1197706.AKKK01000006_gene1205,AKKK01000006_gene1205,annotation&nbsp;not&nbsp;available,98.9
1197706.AKKK01000005_gene933,AKKK01000005_gene933,annotation&nbsp;not&nbsp;available,98.9
1197706.AKKK01000009_gene514,AKKK01000009_gene514,annotation&nbsp;not&nbsp;available,98.9
1197706.AKKK01000052_gene3521,AKKK01000052_gene3521,annotation&nbsp;not&nbsp;available,98.8
1197706.AKKK01000038_gene1309,AKKK01000038_gene1309,annotation&nbsp;not&nbsp;available,98.8
1197706.AKKK01000047_gene3285,AKKK01000047_gene3285,annotation&nbsp;not&nbsp;available,98.8
1197706.AKKK01000066_gene3646,AKKK01000066_gene3646,annotation&nbsp;not&nbsp;available,98.8
1197706.AKKK01000027_gene3190,AKKK01000027_gene3190,annotation&nbsp;not&nbsp;available,98.8
1197706.AKKK01000004_gene178,AKKK01000004_gene178,annotation&nbsp;not&nbsp;available,98.7
1197706.AKKK01000008_gene869,AKKK01000008_gene869,annotation&nbsp;not&nbsp;available,98.7
1197706.AKKK01000032_gene2914,AKKK01000032_gene2914,annotation&nbsp;not&nbsp;available,98.7
1197706.AKKK01000016_gene2447,AKKK01000016_gene2447,annotation&nbsp;not&nbsp;available,98.7
1197706.AKKK01000006_gene1183,AKKK01000006_gene1183,annotation&nbsp;not&nbsp;available,98.7
1197706.AKKK01000019_gene2119,AKKK01000019_gene2119,annotation&nbsp;not&nbsp;available,98.7
1197706.AKKK01000001_gene1762,AKKK01000001_gene1762,annotation&nbsp;not&nbsp;available,98.7
1197706.AKKK01000032_gene2943,AKKK01000032_gene2943,annotation&nbsp;not&nbsp;available,98.6
1197706.AKKK01000065_gene3597,AKKK01000065_gene3597,annotation&nbsp;not&nbsp;available,98.6
1197706.AKKK01000003_gene79,AKKK01000003_gene79,annotation&nbsp;not&nbsp;available,98.6
1197706.AKKK01000005_gene952,AKKK01000005_gene952,annotation&nbsp;not&nbsp;available,98.6
1197706.AKKK01000008_gene878,AKKK01000008_gene878,annotation&nbsp;not&nbsp;available,98.6
1197706.AKKK01000067_gene3757,AKKK01000067_gene3757,annotation&nbsp;not&nbsp;available,98.5
1197706.AKKK01000008_gene912,AKKK01000008_gene912,annotation&nbsp;not&nbsp;available,98.5
1197706.AKKK01000004_gene207,AKKK01000004_gene207,annotation&nbsp;not&nbsp;available,98.5
1197706.AKKK01000005_gene1021,AKKK01000005_gene1021,annotation&nbsp;not&nbsp;available,98.5
1197706.AKKK01000039_gene3876,AKKK01000039_gene3876,annotation&nbsp;not&nbsp;available,98.5
1197706.AKKK01000009_gene586,AKKK01000009_gene586,annotation&nbsp;not&nbsp;available,98.4
1197706.AKKK01000027_gene3213,AKKK01000027_gene3213,annotation&nbsp;not&nbsp;available,98.4
1197706.AKKK01000004_gene235,AKKK01000004_gene235,annotation&nbsp;not&nbsp;available,98.4
1197706.AKKK01000007_gene825,AKKK01000007_gene825,annotation&nbsp;not&nbsp;available,98.4
1197706.AKKK01000011_gene370,AKKK01000011_gene370,annotation&nbsp;not&nbsp;available,98.4
1197706.AKKK01000015_gene2526,AKKK01000015_gene2526,annotation&nbsp;not&nbsp;available,98.3
1197706.AKKK01000026_gene2687,AKKK01000026_gene2687,annotation&nbsp;not&nbsp;available,98.3
1197706.AKKK01000005_gene957,AKKK01000005_gene957,annotation&nbsp;not&nbsp;available,98.3
1197706.AKKK01000067_gene3776,AKKK01000067_gene3776,annotation&nbsp;not&nbsp;available,98.2
1197706.AKKK01000015_gene2475,AKKK01000015_gene2475,annotation&nbsp;not&nbsp;available,98.2
1197706.AKKK01000009_gene518,AKKK01000009_gene518,annotation&nbsp;not&nbsp;available,98.2
1197706.AKKK01000019_gene2118,AKKK01000019_gene2118,annotation&nbsp;not&nbsp;available,98.2
1197706.AKKK01000022_gene2227,AKKK01000022_gene2227,annotation&nbsp;not&nbsp;available,98.2
1197706.AKKK01000019_gene2146,AKKK01000019_gene2146,annotation&nbsp;not&nbsp;available,98.1
1197706.AKKK01000004_gene226,AKKK01000004_gene226,annotation&nbsp;not&nbsp;available,98.0
1197706.AKKK01000011_gene349,AKKK01000011_gene349,annotation&nbsp;not&nbsp;available,98.0
1197706.AKKK01000022_gene2301,AKKK01000022_gene2301,annotation&nbsp;not&nbsp;available,98.0
1197706.AKKK01000025_gene3120,AKKK01000025_gene3120,annotation&nbsp;not&nbsp;available,98.0
1197706.AKKK01000025_gene2980,AKKK01000025_gene2980,annotation&nbsp;not&nbsp;available,98.0
1197706.AKKK01000025_gene3109,AKKK01000025_gene3109,annotation&nbsp;not&nbsp;available,98.0
1197706.AKKK01000025_gene3007,AKKK01000025_gene3007,annotation&nbsp;not&nbsp;available,98.0
1197706.AKKK01000009_gene575,AKKK01000009_gene575,annotation&nbsp;not&nbsp;available,98.0
1197706.AKKK01000025_gene3100,AKKK01000025_gene3100,annotation&nbsp;not&nbsp;available,97.9
1197706.AKKK01000047_gene3349,AKKK01000047_gene3349,annotation&nbsp;not&nbsp;available,97.9
1197706.AKKK01000030_gene2839,AKKK01000030_gene2839,annotation&nbsp;not&nbsp;available,97.8
1197706.AKKK01000011_gene454,AKKK01000011_gene454,annotation&nbsp;not&nbsp;available,97.8
1197706.AKKK01000016_gene2380,AKKK01000016_gene2380,annotation&nbsp;not&nbsp;available,97.7
1197706.AKKK01000002_gene4113,AKKK01000002_gene4113,annotation&nbsp;not&nbsp;available,97.7
1197706.AKKK01000011_gene458,AKKK01000011_gene458,annotation&nbsp;not&nbsp;available,97.7
1197706.AKKK01000065_gene3612,AKKK01000065_gene3612,annotation&nbsp;not&nbsp;available,97.7
1197706.AKKK01000006_gene1066,AKKK01000006_gene1066,annotation&nbsp;not&nbsp;available,97.6
1197706.AKKK01000005_gene1025,AKKK01000005_gene1025,annotation&nbsp;not&nbsp;available,97.6
1197706.AKKK01000018_gene2556,AKKK01000018_gene2556,annotation&nbsp;not&nbsp;available,97.6
1197706.AKKK01000006_gene1218,AKKK01000006_gene1218,annotation&nbsp;not&nbsp;available,97.6
1197706.AKKK01000047_gene3404,AKKK01000047_gene3404,annotation&nbsp;not&nbsp;available,97.4
1197706.AKKK01000008_gene892,AKKK01000008_gene892,annotation&nbsp;not&nbsp;available,97.1
1197706.AKKK01000001_gene1817,AKKK01000001_gene1817,annotation&nbsp;not&nbsp;available,97.1
1197706.AKKK01000004_gene229,AKKK01000004_gene229,annotation&nbsp;not&nbsp;available,97.1
1197706.AKKK01000039_gene3920,AKKK01000039_gene3920,annotation&nbsp;not&nbsp;available,97.1
1197706.AKKK01000030_gene2837,AKKK01000030_gene2837,annotation&nbsp;not&nbsp;available,97.1
1197706.AKKK01000006_gene1100,AKKK01000006_gene1100,annotation&nbsp;not&nbsp;available,97.1
1197706.AKKK01000027_gene3227,AKKK01000027_gene3227,annotation&nbsp;not&nbsp;available,97.0
1197706.AKKK01000016_gene2418,AKKK01000016_gene2418,annotation&nbsp;not&nbsp;available,96.9
1197706.AKKK01000008_gene842,AKKK01000008_gene842,annotation&nbsp;not&nbsp;available,96.9
1197706.AKKK01000005_gene1037,AKKK01000005_gene1037,annotation&nbsp;not&nbsp;available,96.9
1197706.AKKK01000005_gene996,AKKK01000005_gene996,annotation&nbsp;not&nbsp;available,96.9
1197706.AKKK01000013_gene1943,AKKK01000013_gene1943,annotation&nbsp;not&nbsp;available,96.8
1197706.AKKK01000022_gene2179,AKKK01000022_gene2179,annotation&nbsp;not&nbsp;available,96.8
1197706.AKKK01000018_gene2539,AKKK01000018_gene2539,annotation&nbsp;not&nbsp;available,96.8
1197706.AKKK01000002_gene4143,AKKK01000002_gene4143,annotation&nbsp;not&nbsp;available,96.8
1197706.AKKK01000017_gene2595,AKKK01000017_gene2595,annotation&nbsp;not&nbsp;available,96.8
1197706.AKKK01000010_gene701,AKKK01000010_gene701,annotation&nbsp;not&nbsp;available,96.7
1197706.AKKK01000006_gene1225,AKKK01000006_gene1225,annotation&nbsp;not&nbsp;available,96.7
1197706.AKKK01000009_gene541,AKKK01000009_gene541,annotation&nbsp;not&nbsp;available,96.6
1197706.AKKK01000004_gene222,AKKK01000004_gene222,annotation&nbsp;not&nbsp;available,96.6
1197706.AKKK01000004_gene275,AKKK01000004_gene275,annotation&nbsp;not&nbsp;available,96.6
1197706.AKKK01000031_gene2871,AKKK01000031_gene2871,annotation&nbsp;not&nbsp;available,96.6
1197706.AKKK01000006_gene1213,AKKK01000006_gene1213,annotation&nbsp;not&nbsp;available,96.6
1197706.AKKK01000067_gene3746,AKKK01000067_gene3746,annotation&nbsp;not&nbsp;available,96.5
1197706.AKKK01000004_gene167,AKKK01000004_gene167,annotation&nbsp;not&nbsp;available,96.5
1197706.AKKK01000014_gene1920,AKKK01000014_gene1920,annotation&nbsp;not&nbsp;available,96.5
1197706.AKKK01000003_gene163,AKKK01000003_gene163,annotation&nbsp;not&nbsp;available,96.5
1197706.AKKK01000011_gene313,AKKK01000011_gene313,annotation&nbsp;not&nbsp;available,96.4
1197706.AKKK01000025_gene3099,AKKK01000025_gene3099,annotation&nbsp;not&nbsp;available,96.4
1197706.AKKK01000029_gene2744,AKKK01000029_gene2744,annotation&nbsp;not&nbsp;available,96.4
1197706.AKKK01000011_gene334,AKKK01000011_gene334,annotation&nbsp;not&nbsp;available,96.3
1197706.AKKK01000016_gene2395,AKKK01000016_gene2395,annotation&nbsp;not&nbsp;available,96.3
1197706.AKKK01000029_gene2735,AKKK01000029_gene2735,annotation&nbsp;not&nbsp;available,96.3
1197706.AKKK01000058_gene1470,AKKK01000058_gene1470,annotation&nbsp;not&nbsp;available,96.3
1197706.AKKK01000058_gene1460,AKKK01000058_gene1460,annotation&nbsp;not&nbsp;available,96.2
1197706.AKKK01000018_gene2572,AKKK01000018_gene2572,annotation&nbsp;not&nbsp;available,96.2
1197706.AKKK01000046_gene3461,AKKK01000046_gene3461,annotation&nbsp;not&nbsp;available,96.2
1197706.AKKK01000005_gene1018,AKKK01000005_gene1018,annotation&nbsp;not&nbsp;available,96.2
1197706.AKKK01000027_gene3185,AKKK01000027_gene3185,annotation&nbsp;not&nbsp;available,96.1
1197706.AKKK01000005_gene969,AKKK01000005_gene969,annotation&nbsp;not&nbsp;available,96.1
1197706.AKKK01000047_gene3441,AKKK01000047_gene3441,annotation&nbsp;not&nbsp;available,96.1
1197706.AKKK01000016_gene2456,AKKK01000016_gene2456,annotation&nbsp;not&nbsp;available,96.0
1197706.AKKK01000043_gene1730,AKKK01000043_gene1730,annotation&nbsp;not&nbsp;available,96.0
1197706.AKKK01000066_gene3725,AKKK01000066_gene3725,annotation&nbsp;not&nbsp;available,96.0
1197706.AKKK01000050_gene3571,AKKK01000050_gene3571,annotation&nbsp;not&nbsp;available,96.0
1197706.AKKK01000022_gene2313,AKKK01000022_gene2313,annotation&nbsp;not&nbsp;available,96.0
1197706.AKKK01000047_gene3363,AKKK01000047_gene3363,annotation&nbsp;not&nbsp;available,96.0
1197706.AKKK01000031_gene2873,AKKK01000031_gene2873,annotation&nbsp;not&nbsp;available,95.9
1197706.AKKK01000013_gene2035,AKKK01000013_gene2035,annotation&nbsp;not&nbsp;available,95.9
1197706.AKKK01000013_gene2038,AKKK01000013_gene2038,annotation&nbsp;not&nbsp;available,95.9
1197706.AKKK01000003_gene131,AKKK01000003_gene131,annotation&nbsp;not&nbsp;available,95.9
1197706.AKKK01000062_gene1685,AKKK01000062_gene1685,annotation&nbsp;not&nbsp;available,95.9
1197706.AKKK01000007_gene749,AKKK01000007_gene749,annotation&nbsp;not&nbsp;available,95.9
1197706.AKKK01000009_gene601,AKKK01000009_gene601,annotation&nbsp;not&nbsp;available,95.8
1197706.AKKK01000028_gene3250,AKKK01000028_gene3250,annotation&nbsp;not&nbsp;available,95.8
1197706.AKKK01000009_gene551,AKKK01000009_gene551,annotation&nbsp;not&nbsp;available,95.8
1197706.AKKK01000003_gene126,AKKK01000003_gene126,annotation&nbsp;not&nbsp;available,95.8
1197706.AKKK01000016_gene2452,AKKK01000016_gene2452,annotation&nbsp;not&nbsp;available,95.8
1197706.AKKK01000062_gene1594,AKKK01000062_gene1594,annotation&nbsp;not&nbsp;available,95.8
1197706.AKKK01000025_gene3119,AKKK01000025_gene3119,annotation&nbsp;not&nbsp;available,95.8
1197706.AKKK01000035_gene1376,AKKK01000035_gene1376,annotation&nbsp;not&nbsp;available,95.7
1197706.AKKK01000002_gene4047,AKKK01000002_gene4047,annotation&nbsp;not&nbsp;available,95.7
1197706.AKKK01000047_gene3346,AKKK01000047_gene3346,annotation&nbsp;not&nbsp;available,95.7
1197706.AKKK01000005_gene946,AKKK01000005_gene946,annotation&nbsp;not&nbsp;available,95.7
1197706.AKKK01000005_gene939,AKKK01000005_gene939,annotation&nbsp;not&nbsp;available,95.6
1197706.AKKK01000009_gene527,AKKK01000009_gene527,annotation&nbsp;not&nbsp;available,95.6
1197706.AKKK01000011_gene395,AKKK01000011_gene395,annotation&nbsp;not&nbsp;available,95.6
1197706.AKKK01000031_gene2868,AKKK01000031_gene2868,annotation&nbsp;not&nbsp;available,95.6
1197706.AKKK01000052_gene3502,AKKK01000052_gene3502,annotation&nbsp;not&nbsp;available,95.5
1197706.AKKK01000022_gene2219,AKKK01000022_gene2219,annotation&nbsp;not&nbsp;available,95.4
1197706.AKKK01000009_gene549,AKKK01000009_gene549,annotation&nbsp;not&nbsp;available,95.4
1197706.AKKK01000031_gene2870,AKKK01000031_gene2870,annotation&nbsp;not&nbsp;available,95.4
1197706.AKKK01000052_gene3510,AKKK01000052_gene3510,annotation&nbsp;not&nbsp;available,95.4
1197706.AKKK01000062_gene1668,AKKK01000062_gene1668,annotation&nbsp;not&nbsp;available,95.4
1197706.AKKK01000013_gene2006,AKKK01000013_gene2006,annotation&nbsp;not&nbsp;available,95.3
1197706.AKKK01000062_gene1578,AKKK01000062_gene1578,annotation&nbsp;not&nbsp;available,95.3
1197706.AKKK01000039_gene3983,AKKK01000039_gene3983,annotation&nbsp;not&nbsp;available,95.3
1197706.AKKK01000022_gene2343,AKKK01000022_gene2343,annotation&nbsp;not&nbsp;available,95.2
1197706.AKKK01000026_gene2686,AKKK01000026_gene2686,annotation&nbsp;not&nbsp;available,95.2
1197706.AKKK01000013_gene2060,AKKK01000013_gene2060,annotation&nbsp;not&nbsp;available,95.2
1197706.AKKK01000005_gene977,AKKK01000005_gene977,annotation&nbsp;not&nbsp;available,95.2
1197706.AKKK01000039_gene3897,AKKK01000039_gene3897,annotation&nbsp;not&nbsp;available,95.1
1197706.AKKK01000027_gene3200,AKKK01000027_gene3200,annotation&nbsp;not&nbsp;available,95.1
1197706.AKKK01000050_gene3560,AKKK01000050_gene3560,annotation&nbsp;not&nbsp;available,95.1
1197706.AKKK01000001_gene1799,AKKK01000001_gene1799,annotation&nbsp;not&nbsp;available,95.1
1197706.AKKK01000025_gene2977,AKKK01000025_gene2977,annotation&nbsp;not&nbsp;available,95.0
1197706.AKKK01000020_gene2091,AKKK01000020_gene2091,annotation&nbsp;not&nbsp;available,95.0
1197706.AKKK01000066_gene3682,AKKK01000066_gene3682,annotation&nbsp;not&nbsp;available,95.0
1197706.AKKK01000019_gene2172,AKKK01000019_gene2172,annotation&nbsp;not&nbsp;available,94.9
1197706.AKKK01000047_gene3420,AKKK01000047_gene3420,annotation&nbsp;not&nbsp;available,94.9
1197706.AKKK01000005_gene968,AKKK01000005_gene968,annotation&nbsp;not&nbsp;available,94.8
1197706.AKKK01000006_gene1097,AKKK01000006_gene1097,annotation&nbsp;not&nbsp;available,94.8
1197706.AKKK01000005_gene978,AKKK01000005_gene978,annotation&nbsp;not&nbsp;available,94.7
1197706.AKKK01000002_gene4059,AKKK01000002_gene4059,annotation&nbsp;not&nbsp;available,94.7
1197706.AKKK01000023_gene4160,AKKK01000023_gene4160,annotation&nbsp;not&nbsp;available,94.7
1197706.AKKK01000002_gene4093,AKKK01000002_gene4093,annotation&nbsp;not&nbsp;available,94.7
1197706.AKKK01000052_gene3490,AKKK01000052_gene3490,annotation&nbsp;not&nbsp;available,94.6
1197706.AKKK01000029_gene2779,AKKK01000029_gene2779,annotation&nbsp;not&nbsp;available,94.6
1197706.AKKK01000062_gene1637,AKKK01000062_gene1637,annotation&nbsp;not&nbsp;available,94.6
1197706.AKKK01000015_gene2484,AKKK01000015_gene2484,annotation&nbsp;not&nbsp;available,94.5
1197706.AKKK01000021_gene2358,AKKK01000021_gene2358,annotation&nbsp;not&nbsp;available,94.5
1197706.AKKK01000006_gene1130,AKKK01000006_gene1130,annotation&nbsp;not&nbsp;available,94.5
1197706.AKKK01000006_gene1081,AKKK01000006_gene1081,annotation&nbsp;not&nbsp;available,94.5
1197706.AKKK01000016_gene2441,AKKK01000016_gene2441,annotation&nbsp;not&nbsp;available,94.5
1197706.AKKK01000047_gene3339,AKKK01000047_gene3339,annotation&nbsp;not&nbsp;available,94.4
1197706.AKKK01000038_gene1336,AKKK01000038_gene1336,annotation&nbsp;not&nbsp;available,94.4
1197706.AKKK01000067_gene3748,AKKK01000067_gene3748,annotation&nbsp;not&nbsp;available,94.4
1197706.AKKK01000011_gene359,AKKK01000011_gene359,annotation&nbsp;not&nbsp;available,94.4
1197706.AKKK01000019_gene2111,AKKK01000019_gene2111,annotation&nbsp;not&nbsp;available,94.3
1197706.AKKK01000029_gene2789,AKKK01000029_gene2789,annotation&nbsp;not&nbsp;available,94.3
1197706.AKKK01000019_gene2124,AKKK01000019_gene2124,annotation&nbsp;not&nbsp;available,94.3
1197706.AKKK01000006_gene1273,AKKK01000006_gene1273,annotation&nbsp;not&nbsp;available,94.2
1197706.AKKK01000011_gene433,AKKK01000011_gene433,annotation&nbsp;not&nbsp;available,94.2
1197706.AKKK01000052_gene3484,AKKK01000052_gene3484,annotation&nbsp;not&nbsp;available,94.2
1197706.AKKK01000025_gene3118,AKKK01000025_gene3118,annotation&nbsp;not&nbsp;available,94.1
1197706.AKKK01000022_gene2234,AKKK01000022_gene2234,annotation&nbsp;not&nbsp;available,94.1
1197706.AKKK01000027_gene3195,AKKK01000027_gene3195,annotation&nbsp;not&nbsp;available,94.1
1197706.AKKK01000001_gene1860,AKKK01000001_gene1860,annotation&nbsp;not&nbsp;available,94.1
1197706.AKKK01000019_gene2160,AKKK01000019_gene2160,annotation&nbsp;not&nbsp;available,94.1
1197706.AKKK01000025_gene3012,AKKK01000025_gene3012,annotation&nbsp;not&nbsp;available,94.0
1197706.AKKK01000001_gene1830,AKKK01000001_gene1830,annotation&nbsp;not&nbsp;available,94.0
1197706.AKKK01000032_gene2930,AKKK01000032_gene2930,annotation&nbsp;not&nbsp;available,94.0
1197706.AKKK01000002_gene4142,AKKK01000002_gene4142,annotation&nbsp;not&nbsp;available,94.0
1197706.AKKK01000001_gene1875,AKKK01000001_gene1875,annotation&nbsp;not&nbsp;available,94.0
1197706.AKKK01000013_gene2017,AKKK01000013_gene2017,annotation&nbsp;not&nbsp;available,94.0
1197706.AKKK01000039_gene3841,AKKK01000039_gene3841,annotation&nbsp;not&nbsp;available,94.0
1197706.AKKK01000027_gene3168,AKKK01000027_gene3168,annotation&nbsp;not&nbsp;available,94.0
1197706.AKKK01000005_gene1036,AKKK01000005_gene1036,annotation&nbsp;not&nbsp;available,94.0
1197706.AKKK01000008_gene831,AKKK01000008_gene831,annotation&nbsp;not&nbsp;available,94.0
1197706.AKKK01000039_gene3972,AKKK01000039_gene3972,annotation&nbsp;not&nbsp;available,94.0
1197706.AKKK01000013_gene2045,AKKK01000013_gene2045,annotation&nbsp;not&nbsp;available,93.9
1197706.AKKK01000047_gene3408,AKKK01000047_gene3408,annotation&nbsp;not&nbsp;available,93.9
1197706.AKKK01000010_gene693,AKKK01000010_gene693,annotation&nbsp;not&nbsp;available,93.9
1197706.AKKK01000032_gene2936,AKKK01000032_gene2936,annotation&nbsp;not&nbsp;available,93.9
1197706.AKKK01000030_gene2821,AKKK01000030_gene2821,annotation&nbsp;not&nbsp;available,93.8
1197706.AKKK01000026_gene2702,AKKK01000026_gene2702,annotation&nbsp;not&nbsp;available,93.8
1197706.AKKK01000001_gene1754,AKKK01000001_gene1754,annotation&nbsp;not&nbsp;available,93.8
1197706.AKKK01000022_gene2203,AKKK01000022_gene2203,annotation&nbsp;not&nbsp;available,93.8
1197706.AKKK01000005_gene1035,AKKK01000005_gene1035,annotation&nbsp;not&nbsp;available,93.8
1197706.AKKK01000062_gene1624,AKKK01000062_gene1624,annotation&nbsp;not&nbsp;available,93.7
1197706.AKKK01000001_gene1798,AKKK01000001_gene1798,annotation&nbsp;not&nbsp;available,93.6
1197706.AKKK01000058_gene1459,AKKK01000058_gene1459,annotation&nbsp;not&nbsp;available,93.6
1197706.AKKK01000017_gene2614,AKKK01000017_gene2614,annotation&nbsp;not&nbsp;available,93.6
1197706.AKKK01000039_gene3879,AKKK01000039_gene3879,annotation&nbsp;not&nbsp;available,93.6
1197706.AKKK01000003_gene123,AKKK01000003_gene123,annotation&nbsp;not&nbsp;available,93.6
1197706.AKKK01000010_gene656,AKKK01000010_gene656,annotation&nbsp;not&nbsp;available,93.5
1197706.AKKK01000025_gene3137,AKKK01000025_gene3137,annotation&nbsp;not&nbsp;available,93.5
1197706.AKKK01000028_gene3251,AKKK01000028_gene3251,annotation&nbsp;not&nbsp;available,93.5
1197706.AKKK01000016_gene2448,AKKK01000016_gene2448,annotation&nbsp;not&nbsp;available,93.4
1197706.AKKK01000011_gene347,AKKK01000011_gene347,annotation&nbsp;not&nbsp;available,93.4
1197706.AKKK01000058_gene1492,AKKK01000058_gene1492,annotation&nbsp;not&nbsp;available,93.4
1197706.AKKK01000009_gene530,AKKK01000009_gene530,annotation&nbsp;not&nbsp;available,93.4
1197706.AKKK01000003_gene59,AKKK01000003_gene59,annotation&nbsp;not&nbsp;available,93.3
1197706.AKKK01000013_gene1926,AKKK01000013_gene1926,annotation&nbsp;not&nbsp;available,93.3
1197706.AKKK01000008_gene835,AKKK01000008_gene835,annotation&nbsp;not&nbsp;available,93.3
1197706.AKKK01000006_gene1078,AKKK01000006_gene1078,annotation&nbsp;not&nbsp;available,93.3
1197706.AKKK01000006_gene1090,AKKK01000006_gene1090,annotation&nbsp;not&nbsp;available,93.3
1197706.AKKK01000014_gene1900,AKKK01000014_gene1900,annotation&nbsp;not&nbsp;available,93.2
1197706.AKKK01000003_gene14,AKKK01000003_gene14,annotation&nbsp;not&nbsp;available,93.2
1197706.AKKK01000047_gene3355,AKKK01000047_gene3355,annotation&nbsp;not&nbsp;available,93.1
1197706.AKKK01000025_gene3086,AKKK01000025_gene3086,annotation&nbsp;not&nbsp;available,93.1
1197706.AKKK01000006_gene1259,AKKK01000006_gene1259,annotation&nbsp;not&nbsp;available,93.1
1197706.AKKK01000002_gene4079,AKKK01000002_gene4079,annotation&nbsp;not&nbsp;available,93.0
1197706.AKKK01000029_gene2719,AKKK01000029_gene2719,annotation&nbsp;not&nbsp;available,92.9
1197706.AKKK01000031_gene2857,AKKK01000031_gene2857,annotation&nbsp;not&nbsp;available,92.9
1197706.AKKK01000038_gene1305,AKKK01000038_gene1305,annotation&nbsp;not&nbsp;available,92.9
1197706.AKKK01000038_gene1320,AKKK01000038_gene1320,annotation&nbsp;not&nbsp;available,92.9
1197706.AKKK01000066_gene3699,AKKK01000066_gene3699,annotation&nbsp;not&nbsp;available,92.9
1197706.AKKK01000009_gene592,AKKK01000009_gene592,annotation&nbsp;not&nbsp;available,92.9
1197706.AKKK01000025_gene2976,AKKK01000025_gene2976,annotation&nbsp;not&nbsp;available,92.8
1197706.AKKK01000002_gene4076,AKKK01000002_gene4076,annotation&nbsp;not&nbsp;available,92.8
1197706.AKKK01000002_gene4054,AKKK01000002_gene4054,annotation&nbsp;not&nbsp;available,92.8
1197706.AKKK01000023_gene4182,AKKK01000023_gene4182,annotation&nbsp;not&nbsp;available,92.8
1197706.AKKK01000050_gene3580,AKKK01000050_gene3580,annotation&nbsp;not&nbsp;available,92.7
1197706.AKKK01000003_gene102,AKKK01000003_gene102,annotation&nbsp;not&nbsp;available,92.7
1197706.AKKK01000006_gene1171,AKKK01000006_gene1171,annotation&nbsp;not&nbsp;available,92.7
1197706.AKKK01000006_gene1181,AKKK01000006_gene1181,annotation&nbsp;not&nbsp;available,92.7
1197706.AKKK01000010_gene679,AKKK01000010_gene679,annotation&nbsp;not&nbsp;available,92.7
1197706.AKKK01000011_gene336,AKKK01000011_gene336,annotation&nbsp;not&nbsp;available,92.7
1197706.AKKK01000010_gene696,AKKK01000010_gene696,annotation&nbsp;not&nbsp;available,92.6
1197706.AKKK01000067_gene3810,AKKK01000067_gene3810,annotation&nbsp;not&nbsp;available,92.6
1197706.AKKK01000005_gene958,AKKK01000005_gene958,annotation&nbsp;not&nbsp;available,92.6
1197706.AKKK01000018_gene2579,AKKK01000018_gene2579,annotation&nbsp;not&nbsp;available,92.5
1197706.AKKK01000039_gene3849,AKKK01000039_gene3849,annotation&nbsp;not&nbsp;available,92.4
1197706.AKKK01000001_gene1801,AKKK01000001_gene1801,annotation&nbsp;not&nbsp;available,92.4
1197706.AKKK01000066_gene3665,AKKK01000066_gene3665,annotation&nbsp;not&nbsp;available,92.4
1197706.AKKK01000047_gene3315,AKKK01000047_gene3315,annotation&nbsp;not&nbsp;available,92.4
1197706.AKKK01000047_gene3415,AKKK01000047_gene3415,annotation&nbsp;not&nbsp;available,92.4
1197706.AKKK01000038_gene1328,AKKK01000038_gene1328,annotation&nbsp;not&nbsp;available,92.3
1197706.AKKK01000065_gene3605,AKKK01000065_gene3605,annotation&nbsp;not&nbsp;available,92.3
1197706.AKKK01000017_gene2616,AKKK01000017_gene2616,annotation&nbsp;not&nbsp;available,92.3
1197706.AKKK01000039_gene3973,AKKK01000039_gene3973,annotation&nbsp;not&nbsp;available,92.2
1197706.AKKK01000005_gene921,AKKK01000005_gene921,annotation&nbsp;not&nbsp;available,92.2
1197706.AKKK01000047_gene3412,AKKK01000047_gene3412,annotation&nbsp;not&nbsp;available,92.1
1197706.AKKK01000001_gene1766,AKKK01000001_gene1766,annotation&nbsp;not&nbsp;available,92.1
1197706.AKKK01000047_gene3399,AKKK01000047_gene3399,annotation&nbsp;not&nbsp;available,92.1
1197706.AKKK01000058_gene1493,AKKK01000058_gene1493,annotation&nbsp;not&nbsp;available,92.1
1197706.AKKK01000050_gene3573,AKKK01000050_gene3573,annotation&nbsp;not&nbsp;available,92.1
1197706.AKKK01000011_gene403,AKKK01000011_gene403,annotation&nbsp;not&nbsp;available,92.1
1197706.AKKK01000052_gene3492,AKKK01000052_gene3492,annotation&nbsp;not&nbsp;available,92.1
1197706.AKKK01000039_gene4021,AKKK01000039_gene4021,annotation&nbsp;not&nbsp;available,92.1
1197706.AKKK01000026_gene2684,AKKK01000026_gene2684,annotation&nbsp;not&nbsp;available,92.0
1197706.AKKK01000013_gene2086,AKKK01000013_gene2086,annotation&nbsp;not&nbsp;available,91.9
1197706.AKKK01000019_gene2138,AKKK01000019_gene2138,annotation&nbsp;not&nbsp;available,91.9
1197706.AKKK01000011_gene300,AKKK01000011_gene300,annotation&nbsp;not&nbsp;available,91.9
1197706.AKKK01000002_gene4132,AKKK01000002_gene4132,annotation&nbsp;not&nbsp;available,91.8
1197706.AKKK01000038_gene1290,AKKK01000038_gene1290,annotation&nbsp;not&nbsp;available,91.8
1197706.AKKK01000008_gene910,AKKK01000008_gene910,annotation&nbsp;not&nbsp;available,91.8
1197706.AKKK01000011_gene311,AKKK01000011_gene311,annotation&nbsp;not&nbsp;available,91.7
1197706.AKKK01000013_gene2054,AKKK01000013_gene2054,annotation&nbsp;not&nbsp;available,91.7
1197706.AKKK01000027_gene3206,AKKK01000027_gene3206,annotation&nbsp;not&nbsp;available,91.7
1197706.AKKK01000011_gene320,AKKK01000011_gene320,annotation&nbsp;not&nbsp;available,91.7
1197706.AKKK01000027_gene3199,AKKK01000027_gene3199,annotation&nbsp;not&nbsp;available,91.7
1197706.AKKK01000029_gene2749,AKKK01000029_gene2749,annotation&nbsp;not&nbsp;available,91.6
1197706.AKKK01000062_gene1606,AKKK01000062_gene1606,annotation&nbsp;not&nbsp;available,91.6
1197706.AKKK01000011_gene400,AKKK01000011_gene400,annotation&nbsp;not&nbsp;available,91.6
1197706.AKKK01000025_gene2967,AKKK01000025_gene2967,annotation&nbsp;not&nbsp;available,91.6
1197706.AKKK01000006_gene1139,AKKK01000006_gene1139,annotation&nbsp;not&nbsp;available,91.6
1197706.AKKK01000066_gene3717,AKKK01000066_gene3717,annotation&nbsp;not&nbsp;available,91.5
1197706.AKKK01000058_gene1437,AKKK01000058_gene1437,annotation&nbsp;not&nbsp;available,91.5
1197706.AKKK01000001_gene1812,AKKK01000001_gene1812,annotation&nbsp;not&nbsp;available,91.4
1197706.AKKK01000039_gene3852,AKKK01000039_gene3852,annotation&nbsp;not&nbsp;available,91.3
1197706.AKKK01000027_gene3189,AKKK01000027_gene3189,annotation&nbsp;not&nbsp;available,91.3
1197706.AKKK01000008_gene836,AKKK01000008_gene836,annotation&nbsp;not&nbsp;available,91.3
1197706.AKKK01000062_gene1551,AKKK01000062_gene1551,annotation&nbsp;not&nbsp;available,91.2
1197706.AKKK01000038_gene1331,AKKK01000038_gene1331,annotation&nbsp;not&nbsp;available,91.2
1197706.AKKK01000009_gene563,AKKK01000009_gene563,annotation&nbsp;not&nbsp;available,91.2
1197706.AKKK01000047_gene3358,AKKK01000047_gene3358,annotation&nbsp;not&nbsp;available,91.2
1197706.AKKK01000008_gene871,AKKK01000008_gene871,annotation&nbsp;not&nbsp;available,91.1
1197706.AKKK01000022_gene2232,AKKK01000022_gene2232,annotation&nbsp;not&nbsp;available,91.1
1197706.AKKK01000003_gene2,AKKK01000003_gene2,annotation&nbsp;not&nbsp;available,91.1
1197706.AKKK01000004_gene172,AKKK01000004_gene172,annotation&nbsp;not&nbsp;available,91.0
1197706.AKKK01000023_gene4171,AKKK01000023_gene4171,annotation&nbsp;not&nbsp;available,91.0
1197706.AKKK01000039_gene3861,AKKK01000039_gene3861,annotation&nbsp;not&nbsp;available,90.8
1197706.AKKK01000058_gene1482,AKKK01000058_gene1482,annotation&nbsp;not&nbsp;available,90.8
1197706.AKKK01000022_gene2211,AKKK01000022_gene2211,annotation&nbsp;not&nbsp;available,90.8
1197706.AKKK01000018_gene2583,AKKK01000018_gene2583,annotation&nbsp;not&nbsp;available,90.8
1197706.AKKK01000006_gene1280,AKKK01000006_gene1280,annotation&nbsp;not&nbsp;available,90.7
1197706.AKKK01000031_gene2852,AKKK01000031_gene2852,annotation&nbsp;not&nbsp;available,90.7
1197706.AKKK01000066_gene3645,AKKK01000066_gene3645,annotation&nbsp;not&nbsp;available,90.7
1197706.AKKK01000006_gene1086,AKKK01000006_gene1086,annotation&nbsp;not&nbsp;available,90.7
1197706.AKKK01000039_gene3985,AKKK01000039_gene3985,annotation&nbsp;not&nbsp;available,90.7
1197706.AKKK01000004_gene271,AKKK01000004_gene271,annotation&nbsp;not&nbsp;available,90.6
1197706.AKKK01000006_gene1262,AKKK01000006_gene1262,annotation&nbsp;not&nbsp;available,90.5
1197706.AKKK01000003_gene17,AKKK01000003_gene17,annotation&nbsp;not&nbsp;available,90.5
1197706.AKKK01000064_gene4217,AKKK01000064_gene4217,annotation&nbsp;not&nbsp;available,90.4
1197706.AKKK01000018_gene2548,AKKK01000018_gene2548,annotation&nbsp;not&nbsp;available,90.4
1197706.AKKK01000006_gene1132,AKKK01000006_gene1132,annotation&nbsp;not&nbsp;available,90.4
1197706.AKKK01000015_gene2462,AKKK01000015_gene2462,annotation&nbsp;not&nbsp;available,90.4
1197706.AKKK01000011_gene387,AKKK01000011_gene387,annotation&nbsp;not&nbsp;available,90.4
1197706.AKKK01000011_gene338,AKKK01000011_gene338,annotation&nbsp;not&nbsp;available,90.4
1197706.AKKK01000047_gene3329,AKKK01000047_gene3329,annotation&nbsp;not&nbsp;available,90.4
1197706.AKKK01000025_gene3093,AKKK01000025_gene3093,annotation&nbsp;not&nbsp;available,90.4
1197706.AKKK01000036_gene1359,AKKK01000036_gene1359,annotation&nbsp;not&nbsp;available,90.4
1197706.AKKK01000002_gene4118,AKKK01000002_gene4118,annotation&nbsp;not&nbsp;available,90.3
1197706.AKKK01000006_gene1226,AKKK01000006_gene1226,annotation&nbsp;not&nbsp;available,90.3
1197706.AKKK01000015_gene2485,AKKK01000015_gene2485,annotation&nbsp;not&nbsp;available,90.2
1197706.AKKK01000017_gene2636,AKKK01000017_gene2636,annotation&nbsp;not&nbsp;available,90.2
1197706.AKKK01000064_gene4213,AKKK01000064_gene4213,annotation&nbsp;not&nbsp;available,90.2
1197706.AKKK01000029_gene2768,AKKK01000029_gene2768,annotation&nbsp;not&nbsp;available,90.2
1197706.AKKK01000003_gene108,AKKK01000003_gene108,annotation&nbsp;not&nbsp;available,90.2
1197706.AKKK01000003_gene115,AKKK01000003_gene115,annotation&nbsp;not&nbsp;available,90.1
1197706.AKKK01000038_gene1325,AKKK01000038_gene1325,annotation&nbsp;not&nbsp;available,90.1
1197706.AKKK01000056_gene1424,AKKK01000056_gene1424,annotation&nbsp;not&nbsp;available,90.0
1197706.AKKK01000004_gene278,AKKK01000004_gene278,annotation&nbsp;not&nbsp;available,90.0
1197706.AKKK01000066_gene3694,AKKK01000066_gene3694,annotation&nbsp;not&nbsp;available,90.0
1197706.AKKK01000009_gene588,AKKK01000009_gene588,annotation&nbsp;not&nbsp;available,90.0
1197706.AKKK01000043_gene1727,AKKK01000043_gene1727,annotation&nbsp;not&nbsp;available,90.0
1197706.AKKK01000022_gene2328,AKKK01000022_gene2328,annotation&nbsp;not&nbsp;available,90.0
1197706.AKKK01000027_gene3166,AKKK01000027_gene3166,annotation&nbsp;not&nbsp;available,90.0
1197706.AKKK01000022_gene2253,AKKK01000022_gene2253,annotation&nbsp;not&nbsp;available,90.0
1197706.AKKK01000003_gene7,AKKK01000003_gene7,annotation&nbsp;not&nbsp;available,89.9
1197706.AKKK01000011_gene427,AKKK01000011_gene427,annotation&nbsp;not&nbsp;available,89.9
1197706.AKKK01000025_gene3077,AKKK01000025_gene3077,annotation&nbsp;not&nbsp;available,89.9
1197706.AKKK01000014_gene1897,AKKK01000014_gene1897,annotation&nbsp;not&nbsp;available,89.8
1197706.AKKK01000011_gene327,AKKK01000011_gene327,annotation&nbsp;not&nbsp;available,89.8
1197706.AKKK01000004_gene184,AKKK01000004_gene184,annotation&nbsp;not&nbsp;available,89.8
1197706.AKKK01000047_gene3342,AKKK01000047_gene3342,annotation&nbsp;not&nbsp;available,89.7
1197706.AKKK01000010_gene692,AKKK01000010_gene692,annotation&nbsp;not&nbsp;available,89.7
1197706.AKKK01000016_gene2421,AKKK01000016_gene2421,annotation&nbsp;not&nbsp;available,89.7
1197706.AKKK01000032_gene2926,AKKK01000032_gene2926,annotation&nbsp;not&nbsp;available,89.7
1197706.AKKK01000025_gene3008,AKKK01000025_gene3008,annotation&nbsp;not&nbsp;available,89.6
1197706.AKKK01000013_gene1924,AKKK01000013_gene1924,annotation&nbsp;not&nbsp;available,89.6
1197706.AKKK01000039_gene4010,AKKK01000039_gene4010,annotation&nbsp;not&nbsp;available,89.6
1197706.AKKK01000050_gene3566,AKKK01000050_gene3566,annotation&nbsp;not&nbsp;available,89.6
1197706.AKKK01000016_gene2420,AKKK01000016_gene2420,annotation&nbsp;not&nbsp;available,89.6
1197706.AKKK01000011_gene428,AKKK01000011_gene428,annotation&nbsp;not&nbsp;available,89.5
1197706.AKKK01000006_gene1170,AKKK01000006_gene1170,annotation&nbsp;not&nbsp;available,89.4
1197706.AKKK01000047_gene3281,AKKK01000047_gene3281,annotation&nbsp;not&nbsp;available,89.3
1197706.AKKK01000066_gene3724,AKKK01000066_gene3724,annotation&nbsp;not&nbsp;available,89.3
1197706.AKKK01000019_gene2130,AKKK01000019_gene2130,annotation&nbsp;not&nbsp;available,89.3
1197706.AKKK01000047_gene3348,AKKK01000047_gene3348,annotation&nbsp;not&nbsp;available,89.3
1197706.AKKK01000039_gene4012,AKKK01000039_gene4012,annotation&nbsp;not&nbsp;available,89.3
1197706.AKKK01000006_gene1113,AKKK01000006_gene1113,annotation&nbsp;not&nbsp;available,89.2
1197706.AKKK01000022_gene2248,AKKK01000022_gene2248,annotation&nbsp;not&nbsp;available,89.2
1197706.AKKK01000067_gene3823,AKKK01000067_gene3823,annotation&nbsp;not&nbsp;available,89.2
1197706.AKKK01000039_gene3918,AKKK01000039_gene3918,annotation&nbsp;not&nbsp;available,89.2
1197706.AKKK01000050_gene3581,AKKK01000050_gene3581,annotation&nbsp;not&nbsp;available,89.1
1197706.AKKK01000058_gene1465,AKKK01000058_gene1465,annotation&nbsp;not&nbsp;available,89.1
1197706.AKKK01000013_gene1988,AKKK01000013_gene1988,annotation&nbsp;not&nbsp;available,89.1
1197706.AKKK01000038_gene1295,AKKK01000038_gene1295,annotation&nbsp;not&nbsp;available,89.1
1197706.AKKK01000006_gene1096,AKKK01000006_gene1096,annotation&nbsp;not&nbsp;available,89.0
1197706.AKKK01000039_gene3932,AKKK01000039_gene3932,annotation&nbsp;not&nbsp;available,89.0
1197706.AKKK01000062_gene1641,AKKK01000062_gene1641,annotation&nbsp;not&nbsp;available,89.0
1197706.AKKK01000025_gene3011,AKKK01000025_gene3011,annotation&nbsp;not&nbsp;available,88.9
1197706.AKKK01000009_gene529,AKKK01000009_gene529,annotation&nbsp;not&nbsp;available,88.9
1197706.AKKK01000027_gene3172,AKKK01000027_gene3172,annotation&nbsp;not&nbsp;available,88.9
1197706.AKKK01000011_gene390,AKKK01000011_gene390,annotation&nbsp;not&nbsp;available,88.9
1197706.AKKK01000017_gene2650,AKKK01000017_gene2650,annotation&nbsp;not&nbsp;available,88.9
1197706.AKKK01000015_gene2529,AKKK01000015_gene2529,annotation&nbsp;not&nbsp;available,88.8
1197706.AKKK01000062_gene1691,AKKK01000062_gene1691,annotation&nbsp;not&nbsp;available,88.8
1197706.AKKK01000067_gene3782,AKKK01000067_gene3782,annotation&nbsp;not&nbsp;available,88.8
1197706.AKKK01000004_gene266,AKKK01000004_gene266,annotation&nbsp;not&nbsp;available,88.8
1197706.AKKK01000004_gene175,AKKK01000004_gene175,annotation&nbsp;not&nbsp;available,88.7
1197706.AKKK01000007_gene741,AKKK01000007_gene741,annotation&nbsp;not&nbsp;available,88.7
1197706.AKKK01000004_gene174,AKKK01000004_gene174,annotation&nbsp;not&nbsp;available,88.6
1197706.AKKK01000018_gene2547,AKKK01000018_gene2547,annotation&nbsp;not&nbsp;available,88.6
1197706.AKKK01000031_gene2878,AKKK01000031_gene2878,annotation&nbsp;not&nbsp;available,88.4
1197706.AKKK01000062_gene1703,AKKK01000062_gene1703,annotation&nbsp;not&nbsp;available,88.3
1197706.AKKK01000010_gene641,AKKK01000010_gene641,annotation&nbsp;not&nbsp;available,88.3
1197706.AKKK01000009_gene528,AKKK01000009_gene528,annotation&nbsp;not&nbsp;available,88.3
1197706.AKKK01000047_gene3400,AKKK01000047_gene3400,annotation&nbsp;not&nbsp;available,88.3
1197706.AKKK01000003_gene125,AKKK01000003_gene125,annotation&nbsp;not&nbsp;available,88.2
1197706.AKKK01000047_gene3338,AKKK01000047_gene3338,annotation&nbsp;not&nbsp;available,88.2
1197706.AKKK01000066_gene3667,AKKK01000066_gene3667,annotation&nbsp;not&nbsp;available,88.1
1197706.AKKK01000029_gene2728,AKKK01000029_gene2728,annotation&nbsp;not&nbsp;available,88.1
1197706.AKKK01000066_gene3672,AKKK01000066_gene3672,annotation&nbsp;not&nbsp;available,88.1
1197706.AKKK01000058_gene1468,AKKK01000058_gene1468,annotation&nbsp;not&nbsp;available,88.0
1197706.AKKK01000003_gene24,AKKK01000003_gene24,annotation&nbsp;not&nbsp;available,87.9
1197706.AKKK01000009_gene619,AKKK01000009_gene619,annotation&nbsp;not&nbsp;available,87.9
1197706.AKKK01000067_gene3735,AKKK01000067_gene3735,annotation&nbsp;not&nbsp;available,87.9
1197706.AKKK01000052_gene3516,AKKK01000052_gene3516,annotation&nbsp;not&nbsp;available,87.8
1197706.AKKK01000011_gene420,AKKK01000011_gene420,annotation&nbsp;not&nbsp;available,87.8
1197706.AKKK01000039_gene3884,AKKK01000039_gene3884,annotation&nbsp;not&nbsp;available,87.8
1197706.AKKK01000002_gene4125,AKKK01000002_gene4125,annotation&nbsp;not&nbsp;available,87.8
1197706.AKKK01000038_gene1311,AKKK01000038_gene1311,annotation&nbsp;not&nbsp;available,87.7
1197706.AKKK01000019_gene2136,AKKK01000019_gene2136,annotation&nbsp;not&nbsp;available,87.7
1197706.AKKK01000047_gene3347,AKKK01000047_gene3347,annotation&nbsp;not&nbsp;available,87.7
1197706.AKKK01000029_gene2793,AKKK01000029_gene2793,annotation&nbsp;not&nbsp;available,87.6
1197706.AKKK01000018_gene2568,AKKK01000018_gene2568,annotation&nbsp;not&nbsp;available,87.6
1197706.AKKK01000007_gene729,AKKK01000007_gene729,annotation&nbsp;not&nbsp;available,87.6
1197706.AKKK01000002_gene4126,AKKK01000002_gene4126,annotation&nbsp;not&nbsp;available,87.6
1197706.AKKK01000058_gene1496,AKKK01000058_gene1496,annotation&nbsp;not&nbsp;available,87.5
1197706.AKKK01000013_gene2004,AKKK01000013_gene2004,annotation&nbsp;not&nbsp;available,87.5
1197706.AKKK01000038_gene1333,AKKK01000038_gene1333,annotation&nbsp;not&nbsp;available,87.5
1197706.AKKK01000015_gene2502,AKKK01000015_gene2502,annotation&nbsp;not&nbsp;available,87.5
1197706.AKKK01000047_gene3433,AKKK01000047_gene3433,annotation&nbsp;not&nbsp;available,87.5
1197706.AKKK01000006_gene1190,AKKK01000006_gene1190,annotation&nbsp;not&nbsp;available,87.5
1197706.AKKK01000009_gene538,AKKK01000009_gene538,annotation&nbsp;not&nbsp;available,87.4
1197706.AKKK01000026_gene2692,AKKK01000026_gene2692,annotation&nbsp;not&nbsp;available,87.4
1197706.AKKK01000039_gene3838,AKKK01000039_gene3838,annotation&nbsp;not&nbsp;available,87.3
1197706.AKKK01000032_gene2892,AKKK01000032_gene2892,annotation&nbsp;not&nbsp;available,87.2
1197706.AKKK01000013_gene2047,AKKK01000013_gene2047,annotation&nbsp;not&nbsp;available,87.2
1197706.AKKK01000022_gene2326,AKKK01000022_gene2326,annotation&nbsp;not&nbsp;available,87.2
1197706.AKKK01000013_gene1931,AKKK01000013_gene1931,annotation&nbsp;not&nbsp;available,87.2
1197706.AKKK01000048_gene3454,AKKK01000048_gene3454,annotation&nbsp;not&nbsp;available,87.1
1197706.AKKK01000029_gene2710,AKKK01000029_gene2710,annotation&nbsp;not&nbsp;available,87.1
1197706.AKKK01000030_gene2809,AKKK01000030_gene2809,annotation&nbsp;not&nbsp;available,87.1
1197706.AKKK01000062_gene1642,AKKK01000062_gene1642,annotation&nbsp;not&nbsp;available,87.0
1197706.AKKK01000022_gene2215,AKKK01000022_gene2215,annotation&nbsp;not&nbsp;available,86.9
1197706.AKKK01000003_gene16,AKKK01000003_gene16,annotation&nbsp;not&nbsp;available,86.9
1197706.AKKK01000013_gene1935,AKKK01000013_gene1935,annotation&nbsp;not&nbsp;available,86.9
1197706.AKKK01000017_gene2657,AKKK01000017_gene2657,annotation&nbsp;not&nbsp;available,86.8
1197706.AKKK01000002_gene4044,AKKK01000002_gene4044,annotation&nbsp;not&nbsp;available,86.8
1197706.AKKK01000047_gene3325,AKKK01000047_gene3325,annotation&nbsp;not&nbsp;available,86.7
1197706.AKKK01000013_gene2001,AKKK01000013_gene2001,annotation&nbsp;not&nbsp;available,86.6
1197706.AKKK01000022_gene2257,AKKK01000022_gene2257,annotation&nbsp;not&nbsp;available,86.6
1197706.AKKK01000025_gene3133,AKKK01000025_gene3133,annotation&nbsp;not&nbsp;available,86.6
1197706.AKKK01000052_gene3503,AKKK01000052_gene3503,annotation&nbsp;not&nbsp;available,86.6
1197706.AKKK01000038_gene1315,AKKK01000038_gene1315,annotation&nbsp;not&nbsp;available,86.5
1197706.AKKK01000004_gene180,AKKK01000004_gene180,annotation&nbsp;not&nbsp;available,86.5
1197706.AKKK01000002_gene4056,AKKK01000002_gene4056,annotation&nbsp;not&nbsp;available,86.5
1197706.AKKK01000022_gene2187,AKKK01000022_gene2187,annotation&nbsp;not&nbsp;available,86.5
1197706.AKKK01000062_gene1603,AKKK01000062_gene1603,annotation&nbsp;not&nbsp;available,86.4
1197706.AKKK01000013_gene1954,AKKK01000013_gene1954,annotation&nbsp;not&nbsp;available,86.4
1197706.AKKK01000016_gene2457,AKKK01000016_gene2457,annotation&nbsp;not&nbsp;available,86.4
1197706.AKKK01000001_gene1770,AKKK01000001_gene1770,annotation&nbsp;not&nbsp;available,86.4
1197706.AKKK01000062_gene1605,AKKK01000062_gene1605,annotation&nbsp;not&nbsp;available,86.3
1197706.AKKK01000022_gene2212,AKKK01000022_gene2212,annotation&nbsp;not&nbsp;available,86.3
1197706.AKKK01000039_gene4018,AKKK01000039_gene4018,annotation&nbsp;not&nbsp;available,86.3
1197706.AKKK01000013_gene2003,AKKK01000013_gene2003,annotation&nbsp;not&nbsp;available,86.3
1197706.AKKK01000065_gene3626,AKKK01000065_gene3626,annotation&nbsp;not&nbsp;available,86.2
1197706.AKKK01000005_gene1039,AKKK01000005_gene1039,annotation&nbsp;not&nbsp;available,86.2
1197706.AKKK01000062_gene1553,AKKK01000062_gene1553,annotation&nbsp;not&nbsp;available,86.1
1197706.AKKK01000003_gene78,AKKK01000003_gene78,annotation&nbsp;not&nbsp;available,86.1
1197706.AKKK01000029_gene2753,AKKK01000029_gene2753,annotation&nbsp;not&nbsp;available,86.1
1197706.AKKK01000001_gene1765,AKKK01000001_gene1765,annotation&nbsp;not&nbsp;available,86.1
1197706.AKKK01000013_gene2078,AKKK01000013_gene2078,annotation&nbsp;not&nbsp;available,86.1
1197706.AKKK01000010_gene657,AKKK01000010_gene657,annotation&nbsp;not&nbsp;available,86.0
1197706.AKKK01000007_gene790,AKKK01000007_gene790,annotation&nbsp;not&nbsp;available,86.0
1197706.AKKK01000043_gene1724,AKKK01000043_gene1724,annotation&nbsp;not&nbsp;available,86.0
1197706.AKKK01000042_gene1393,AKKK01000042_gene1393,annotation&nbsp;not&nbsp;available,86.0
1197706.AKKK01000025_gene2973,AKKK01000025_gene2973,annotation&nbsp;not&nbsp;available,85.9
1197706.AKKK01000022_gene2284,AKKK01000022_gene2284,annotation&nbsp;not&nbsp;available,85.9
1197706.AKKK01000023_gene4199,AKKK01000023_gene4199,annotation&nbsp;not&nbsp;available,85.9
1197706.AKKK01000032_gene2894,AKKK01000032_gene2894,annotation&nbsp;not&nbsp;available,85.9
1197706.AKKK01000001_gene1753,AKKK01000001_gene1753,annotation&nbsp;not&nbsp;available,85.9
1197706.AKKK01000001_gene1828,AKKK01000001_gene1828,annotation&nbsp;not&nbsp;available,85.8
1197706.AKKK01000011_gene394,AKKK01000011_gene394,annotation&nbsp;not&nbsp;available,85.8
1197706.AKKK01000062_gene1559,AKKK01000062_gene1559,annotation&nbsp;not&nbsp;available,85.8
1197706.AKKK01000011_gene451,AKKK01000011_gene451,annotation&nbsp;not&nbsp;available,85.8
1197706.AKKK01000062_gene1608,AKKK01000062_gene1608,annotation&nbsp;not&nbsp;available,85.8
1197706.AKKK01000011_gene326,AKKK01000011_gene326,annotation&nbsp;not&nbsp;available,85.7
1197706.AKKK01000006_gene1285,AKKK01000006_gene1285,annotation&nbsp;not&nbsp;available,85.7
1197706.AKKK01000050_gene3572,AKKK01000050_gene3572,annotation&nbsp;not&nbsp;available,85.7
1197706.AKKK01000047_gene3374,AKKK01000047_gene3374,annotation&nbsp;not&nbsp;available,85.6
1197706.AKKK01000066_gene3721,AKKK01000066_gene3721,annotation&nbsp;not&nbsp;available,85.6
1197706.AKKK01000022_gene2238,AKKK01000022_gene2238,annotation&nbsp;not&nbsp;available,85.6
1197706.AKKK01000029_gene2727,AKKK01000029_gene2727,annotation&nbsp;not&nbsp;available,85.6
1197706.AKKK01000067_gene3798,AKKK01000067_gene3798,annotation&nbsp;not&nbsp;available,85.6
1197706.AKKK01000004_gene246,AKKK01000004_gene246,annotation&nbsp;not&nbsp;available,85.6
1197706.AKKK01000031_gene2853,AKKK01000031_gene2853,annotation&nbsp;not&nbsp;available,85.6
1197706.AKKK01000005_gene929,AKKK01000005_gene929,annotation&nbsp;not&nbsp;available,85.6
1197706.AKKK01000014_gene1918,AKKK01000014_gene1918,annotation&nbsp;not&nbsp;available,85.5
1197706.AKKK01000013_gene1979,AKKK01000013_gene1979,annotation&nbsp;not&nbsp;available,85.5
1197706.AKKK01000039_gene3951,AKKK01000039_gene3951,annotation&nbsp;not&nbsp;available,85.4
1197706.AKKK01000038_gene1329,AKKK01000038_gene1329,annotation&nbsp;not&nbsp;available,85.4
1197706.AKKK01000017_gene2625,AKKK01000017_gene2625,annotation&nbsp;not&nbsp;available,85.4
1197706.AKKK01000067_gene3765,AKKK01000067_gene3765,annotation&nbsp;not&nbsp;available,85.4
1197706.AKKK01000017_gene2653,AKKK01000017_gene2653,annotation&nbsp;not&nbsp;available,85.4
1197706.AKKK01000047_gene3436,AKKK01000047_gene3436,annotation&nbsp;not&nbsp;available,85.3
1197706.AKKK01000050_gene3569,AKKK01000050_gene3569,annotation&nbsp;not&nbsp;available,85.3
1197706.AKKK01000013_gene2002,AKKK01000013_gene2002,annotation&nbsp;not&nbsp;available,85.3
1197706.AKKK01000025_gene3136,AKKK01000025_gene3136,annotation&nbsp;not&nbsp;available,85.3
1197706.AKKK01000039_gene4011,AKKK01000039_gene4011,annotation&nbsp;not&nbsp;available,85.3
1197706.AKKK01000062_gene1683,AKKK01000062_gene1683,annotation&nbsp;not&nbsp;available,85.3
1197706.AKKK01000011_gene295,AKKK01000011_gene295,annotation&nbsp;not&nbsp;available,85.3
1197706.AKKK01000022_gene2246,AKKK01000022_gene2246,annotation&nbsp;not&nbsp;available,85.3
1197706.AKKK01000002_gene4134,AKKK01000002_gene4134,annotation&nbsp;not&nbsp;available,85.3
1197706.AKKK01000054_gene1413,AKKK01000054_gene1413,annotation&nbsp;not&nbsp;available,85.3
1197706.AKKK01000023_gene4192,AKKK01000023_gene4192,annotation&nbsp;not&nbsp;available,85.2
1197706.AKKK01000006_gene1180,AKKK01000006_gene1180,annotation&nbsp;not&nbsp;available,85.2
1197706.AKKK01000009_gene516,AKKK01000009_gene516,annotation&nbsp;not&nbsp;available,85.2
1197706.AKKK01000003_gene118,AKKK01000003_gene118,annotation&nbsp;not&nbsp;available,85.2
1197706.AKKK01000018_gene2535,AKKK01000018_gene2535,annotation&nbsp;not&nbsp;available,85.2
1197706.AKKK01000038_gene1312,AKKK01000038_gene1312,annotation&nbsp;not&nbsp;available,85.2
1197706.AKKK01000012_gene462,AKKK01000012_gene462,annotation&nbsp;not&nbsp;available,85.2
1197706.AKKK01000009_gene571,AKKK01000009_gene571,annotation&nbsp;not&nbsp;available,85.1
1197706.AKKK01000017_gene2596,AKKK01000017_gene2596,annotation&nbsp;not&nbsp;available,85.1
1197706.AKKK01000023_gene4170,AKKK01000023_gene4170,annotation&nbsp;not&nbsp;available,85.0
1197706.AKKK01000050_gene3553,AKKK01000050_gene3553,annotation&nbsp;not&nbsp;available,85.0
1197706.AKKK01000011_gene381,AKKK01000011_gene381,annotation&nbsp;not&nbsp;available,85.0
1197706.AKKK01000032_gene2951,AKKK01000032_gene2951,annotation&nbsp;not&nbsp;available,85.0
1197706.AKKK01000008_gene891,AKKK01000008_gene891,annotation&nbsp;not&nbsp;available,84.9
1197706.AKKK01000022_gene2311,AKKK01000022_gene2311,annotation&nbsp;not&nbsp;available,84.9
1197706.AKKK01000010_gene710,AKKK01000010_gene710,annotation&nbsp;not&nbsp;available,84.9
1197706.AKKK01000026_gene2678,AKKK01000026_gene2678,annotation&nbsp;not&nbsp;available,84.9
1197706.AKKK01000022_gene2186,AKKK01000022_gene2186,annotation&nbsp;not&nbsp;available,84.9
1197706.AKKK01000026_gene2699,AKKK01000026_gene2699,annotation&nbsp;not&nbsp;available,84.8
1197706.AKKK01000029_gene2756,AKKK01000029_gene2756,annotation&nbsp;not&nbsp;available,84.8
1197706.AKKK01000025_gene3101,AKKK01000025_gene3101,annotation&nbsp;not&nbsp;available,84.8
1197706.AKKK01000013_gene2055,AKKK01000013_gene2055,annotation&nbsp;not&nbsp;available,84.7
1197706.AKKK01000011_gene308,AKKK01000011_gene308,annotation&nbsp;not&nbsp;available,84.7
1197706.AKKK01000025_gene3096,AKKK01000025_gene3096,annotation&nbsp;not&nbsp;available,84.7
1197706.AKKK01000011_gene380,AKKK01000011_gene380,annotation&nbsp;not&nbsp;available,84.7
1197706.AKKK01000013_gene2048,AKKK01000013_gene2048,annotation&nbsp;not&nbsp;available,84.6
1197706.AKKK01000067_gene3732,AKKK01000067_gene3732,annotation&nbsp;not&nbsp;available,84.6
1197706.AKKK01000052_gene3511,AKKK01000052_gene3511,annotation&nbsp;not&nbsp;available,84.5
1197706.AKKK01000016_gene2419,AKKK01000016_gene2419,annotation&nbsp;not&nbsp;available,84.5
1197706.AKKK01000001_gene1796,AKKK01000001_gene1796,annotation&nbsp;not&nbsp;available,84.4
1197706.AKKK01000062_gene1583,AKKK01000062_gene1583,annotation&nbsp;not&nbsp;available,84.4
1197706.AKKK01000009_gene500,AKKK01000009_gene500,annotation&nbsp;not&nbsp;available,84.4
1197706.AKKK01000025_gene3041,AKKK01000025_gene3041,annotation&nbsp;not&nbsp;available,84.3
1197706.AKKK01000029_gene2791,AKKK01000029_gene2791,annotation&nbsp;not&nbsp;available,84.3
1197706.AKKK01000005_gene984,AKKK01000005_gene984,annotation&nbsp;not&nbsp;available,84.2
1197706.AKKK01000019_gene2147,AKKK01000019_gene2147,annotation&nbsp;not&nbsp;available,84.2
1197706.AKKK01000067_gene3739,AKKK01000067_gene3739,annotation&nbsp;not&nbsp;available,84.1
1197706.AKKK01000038_gene1343,AKKK01000038_gene1343,annotation&nbsp;not&nbsp;available,84.1
1197706.AKKK01000001_gene1857,AKKK01000001_gene1857,annotation&nbsp;not&nbsp;available,84.1
1197706.AKKK01000005_gene990,AKKK01000005_gene990,annotation&nbsp;not&nbsp;available,84.1
1197706.AKKK01000016_gene2396,AKKK01000016_gene2396,annotation&nbsp;not&nbsp;available,84.0
1197706.AKKK01000027_gene3225,AKKK01000027_gene3225,annotation&nbsp;not&nbsp;available,84.0
1197706.AKKK01000067_gene3812,AKKK01000067_gene3812,annotation&nbsp;not&nbsp;available,84.0
1197706.AKKK01000022_gene2267,AKKK01000022_gene2267,annotation&nbsp;not&nbsp;available,84.0
1197706.AKKK01000022_gene2314,AKKK01000022_gene2314,annotation&nbsp;not&nbsp;available,84.0
1197706.AKKK01000022_gene2200,AKKK01000022_gene2200,annotation&nbsp;not&nbsp;available,84.0
1197706.AKKK01000005_gene938,AKKK01000005_gene938,annotation&nbsp;not&nbsp;available,83.9
1197706.AKKK01000039_gene4014,AKKK01000039_gene4014,annotation&nbsp;not&nbsp;available,83.9
1197706.AKKK01000004_gene253,AKKK01000004_gene253,annotation&nbsp;not&nbsp;available,83.9
1197706.AKKK01000006_gene1246,AKKK01000006_gene1246,annotation&nbsp;not&nbsp;available,83.9
1197706.AKKK01000013_gene2037,AKKK01000013_gene2037,annotation&nbsp;not&nbsp;available,83.9
1197706.AKKK01000047_gene3423,AKKK01000047_gene3423,annotation&nbsp;not&nbsp;available,83.9
1197706.AKKK01000067_gene3786,AKKK01000067_gene3786,annotation&nbsp;not&nbsp;available,83.8
1197706.AKKK01000067_gene3811,AKKK01000067_gene3811,annotation&nbsp;not&nbsp;available,83.8
1197706.AKKK01000015_gene2530,AKKK01000015_gene2530,annotation&nbsp;not&nbsp;available,83.8
1197706.AKKK01000047_gene3324,AKKK01000047_gene3324,annotation&nbsp;not&nbsp;available,83.7
1197706.AKKK01000003_gene50,AKKK01000003_gene50,annotation&nbsp;not&nbsp;available,83.7
1197706.AKKK01000006_gene1140,AKKK01000006_gene1140,annotation&nbsp;not&nbsp;available,83.7
1197706.AKKK01000005_gene975,AKKK01000005_gene975,annotation&nbsp;not&nbsp;available,83.7
1197706.AKKK01000009_gene487,AKKK01000009_gene487,annotation&nbsp;not&nbsp;available,83.7
1197706.AKKK01000001_gene1832,AKKK01000001_gene1832,annotation&nbsp;not&nbsp;available,83.7
1197706.AKKK01000039_gene3989,AKKK01000039_gene3989,annotation&nbsp;not&nbsp;available,83.7
1197706.AKKK01000010_gene676,AKKK01000010_gene676,annotation&nbsp;not&nbsp;available,83.6
1197706.AKKK01000067_gene3730,AKKK01000067_gene3730,annotation&nbsp;not&nbsp;available,83.5
1197706.AKKK01000021_gene2349,AKKK01000021_gene2349,annotation&nbsp;not&nbsp;available,83.5
1197706.AKKK01000007_gene743,AKKK01000007_gene743,annotation&nbsp;not&nbsp;available,83.5
1197706.AKKK01000017_gene2619,AKKK01000017_gene2619,annotation&nbsp;not&nbsp;available,83.5
1197706.AKKK01000039_gene3966,AKKK01000039_gene3966,annotation&nbsp;not&nbsp;available,83.5
1197706.AKKK01000010_gene639,AKKK01000010_gene639,annotation&nbsp;not&nbsp;available,83.5
1197706.AKKK01000039_gene3939,AKKK01000039_gene3939,annotation&nbsp;not&nbsp;available,83.4
1197706.AKKK01000062_gene1565,AKKK01000062_gene1565,annotation&nbsp;not&nbsp;available,83.4
1197706.AKKK01000067_gene3759,AKKK01000067_gene3759,annotation&nbsp;not&nbsp;available,83.4
1197706.AKKK01000013_gene1980,AKKK01000013_gene1980,annotation&nbsp;not&nbsp;available,83.4
1197706.AKKK01000014_gene1895,AKKK01000014_gene1895,annotation&nbsp;not&nbsp;available,83.3
1197706.AKKK01000039_gene3843,AKKK01000039_gene3843,annotation&nbsp;not&nbsp;available,83.3
1197706.AKKK01000008_gene887,AKKK01000008_gene887,annotation&nbsp;not&nbsp;available,83.2
1197706.AKKK01000006_gene1059,AKKK01000006_gene1059,annotation&nbsp;not&nbsp;available,83.2
1197706.AKKK01000005_gene935,AKKK01000005_gene935,annotation&nbsp;not&nbsp;available,83.2
1197706.AKKK01000015_gene2494,AKKK01000015_gene2494,annotation&nbsp;not&nbsp;available,83.1
1197706.AKKK01000066_gene3713,AKKK01000066_gene3713,annotation&nbsp;not&nbsp;available,83.1
1197706.AKKK01000029_gene2752,AKKK01000029_gene2752,annotation&nbsp;not&nbsp;available,83.0
1197706.AKKK01000023_gene4158,AKKK01000023_gene4158,annotation&nbsp;not&nbsp;available,83.0
1197706.AKKK01000039_gene3968,AKKK01000039_gene3968,annotation&nbsp;not&nbsp;available,83.0
1197706.AKKK01000067_gene3815,AKKK01000067_gene3815,annotation&nbsp;not&nbsp;available,83.0
1197706.AKKK01000005_gene976,AKKK01000005_gene976,annotation&nbsp;not&nbsp;available,82.9
1197706.AKKK01000039_gene3895,AKKK01000039_gene3895,annotation&nbsp;not&nbsp;available,82.9
1197706.AKKK01000029_gene2780,AKKK01000029_gene2780,annotation&nbsp;not&nbsp;available,82.9
1197706.AKKK01000043_gene1726,AKKK01000043_gene1726,annotation&nbsp;not&nbsp;available,82.9
1197706.AKKK01000014_gene1921,AKKK01000014_gene1921,annotation&nbsp;not&nbsp;available,82.9
1197706.AKKK01000047_gene3302,AKKK01000047_gene3302,annotation&nbsp;not&nbsp;available,82.9
1197706.AKKK01000003_gene135,AKKK01000003_gene135,annotation&nbsp;not&nbsp;available,82.9
1197706.AKKK01000018_gene2537,AKKK01000018_gene2537,annotation&nbsp;not&nbsp;available,82.9
1197706.AKKK01000025_gene3028,AKKK01000025_gene3028,annotation&nbsp;not&nbsp;available,82.8
1197706.AKKK01000015_gene2522,AKKK01000015_gene2522,annotation&nbsp;not&nbsp;available,82.8
1197706.AKKK01000004_gene191,AKKK01000004_gene191,annotation&nbsp;not&nbsp;available,82.7
1197706.AKKK01000047_gene3398,AKKK01000047_gene3398,annotation&nbsp;not&nbsp;available,82.7
1197706.AKKK01000009_gene593,AKKK01000009_gene593,annotation&nbsp;not&nbsp;available,82.7
1197706.AKKK01000004_gene269,AKKK01000004_gene269,annotation&nbsp;not&nbsp;available,82.6
1197706.AKKK01000067_gene3741,AKKK01000067_gene3741,annotation&nbsp;not&nbsp;available,82.6
1197706.AKKK01000013_gene1971,AKKK01000013_gene1971,annotation&nbsp;not&nbsp;available,82.5
1197706.AKKK01000016_gene2458,AKKK01000016_gene2458,annotation&nbsp;not&nbsp;available,82.5
1197706.AKKK01000029_gene2711,AKKK01000029_gene2711,annotation&nbsp;not&nbsp;available,82.5
1197706.AKKK01000022_gene2265,AKKK01000022_gene2265,annotation&nbsp;not&nbsp;available,82.4
1197706.AKKK01000013_gene2076,AKKK01000013_gene2076,annotation&nbsp;not&nbsp;available,82.4
1197706.AKKK01000011_gene318,AKKK01000011_gene318,annotation&nbsp;not&nbsp;available,82.4
1197706.AKKK01000026_gene2685,AKKK01000026_gene2685,annotation&nbsp;not&nbsp;available,82.4
1197706.AKKK01000025_gene3056,AKKK01000025_gene3056,annotation&nbsp;not&nbsp;available,82.3
1197706.AKKK01000022_gene2225,AKKK01000022_gene2225,annotation&nbsp;not&nbsp;available,82.2
1197706.AKKK01000002_gene4066,AKKK01000002_gene4066,annotation&nbsp;not&nbsp;available,82.2
1197706.AKKK01000001_gene1858,AKKK01000001_gene1858,annotation&nbsp;not&nbsp;available,82.2
1197706.AKKK01000058_gene1438,AKKK01000058_gene1438,annotation&nbsp;not&nbsp;available,82.1
1197706.AKKK01000047_gene3373,AKKK01000047_gene3373,annotation&nbsp;not&nbsp;available,82.1
1197706.AKKK01000019_gene2117,AKKK01000019_gene2117,annotation&nbsp;not&nbsp;available,82.1
1197706.AKKK01000006_gene1176,AKKK01000006_gene1176,annotation&nbsp;not&nbsp;available,82.1
1197706.AKKK01000010_gene662,AKKK01000010_gene662,annotation&nbsp;not&nbsp;available,82.0
1197706.AKKK01000025_gene3097,AKKK01000025_gene3097,annotation&nbsp;not&nbsp;available,82.0
1197706.AKKK01000026_gene2683,AKKK01000026_gene2683,annotation&nbsp;not&nbsp;available,82.0
1197706.AKKK01000021_gene2365,AKKK01000021_gene2365,annotation&nbsp;not&nbsp;available,81.9
1197706.AKKK01000039_gene3899,AKKK01000039_gene3899,annotation&nbsp;not&nbsp;available,81.9
1197706.AKKK01000066_gene3693,AKKK01000066_gene3693,annotation&nbsp;not&nbsp;available,81.9
1197706.AKKK01000029_gene2722,AKKK01000029_gene2722,annotation&nbsp;not&nbsp;available,81.9
1197706.AKKK01000004_gene277,AKKK01000004_gene277,annotation&nbsp;not&nbsp;available,81.9
1197706.AKKK01000062_gene1693,AKKK01000062_gene1693,annotation&nbsp;not&nbsp;available,81.9
1197706.AKKK01000016_gene2436,AKKK01000016_gene2436,annotation&nbsp;not&nbsp;available,81.8
1197706.AKKK01000011_gene299,AKKK01000011_gene299,annotation&nbsp;not&nbsp;available,81.8
1197706.AKKK01000031_gene2854,AKKK01000031_gene2854,annotation&nbsp;not&nbsp;available,81.6
1197706.AKKK01000016_gene2398,AKKK01000016_gene2398,annotation&nbsp;not&nbsp;available,81.6
1197706.AKKK01000046_gene3460,AKKK01000046_gene3460,annotation&nbsp;not&nbsp;available,81.5
1197706.AKKK01000003_gene121,AKKK01000003_gene121,annotation&nbsp;not&nbsp;available,81.5
1197706.AKKK01000005_gene999,AKKK01000005_gene999,annotation&nbsp;not&nbsp;available,81.5
1197706.AKKK01000003_gene124,AKKK01000003_gene124,annotation&nbsp;not&nbsp;available,81.4
1197706.AKKK01000009_gene505,AKKK01000009_gene505,annotation&nbsp;not&nbsp;available,81.4
1197706.AKKK01000006_gene1058,AKKK01000006_gene1058,annotation&nbsp;not&nbsp;available,81.4
1197706.AKKK01000009_gene482,AKKK01000009_gene482,annotation&nbsp;not&nbsp;available,81.3
1197706.AKKK01000004_gene274,AKKK01000004_gene274,annotation&nbsp;not&nbsp;available,81.3
1197706.AKKK01000007_gene731,AKKK01000007_gene731,annotation&nbsp;not&nbsp;available,81.3
1197706.AKKK01000010_gene648,AKKK01000010_gene648,annotation&nbsp;not&nbsp;available,81.3
1197706.AKKK01000029_gene2745,AKKK01000029_gene2745,annotation&nbsp;not&nbsp;available,81.3
1197706.AKKK01000003_gene42,AKKK01000003_gene42,annotation&nbsp;not&nbsp;available,81.3
1197706.AKKK01000003_gene110,AKKK01000003_gene110,annotation&nbsp;not&nbsp;available,81.2
1197706.AKKK01000022_gene2214,AKKK01000022_gene2214,annotation&nbsp;not&nbsp;available,81.2
1197706.AKKK01000006_gene1055,AKKK01000006_gene1055,annotation&nbsp;not&nbsp;available,81.2
1197706.AKKK01000026_gene2700,AKKK01000026_gene2700,annotation&nbsp;not&nbsp;available,81.2
1197706.AKKK01000006_gene1245,AKKK01000006_gene1245,annotation&nbsp;not&nbsp;available,81.1
1197706.AKKK01000001_gene1835,AKKK01000001_gene1835,annotation&nbsp;not&nbsp;available,81.1
1197706.AKKK01000022_gene2205,AKKK01000022_gene2205,annotation&nbsp;not&nbsp;available,81.1
1197706.AKKK01000017_gene2609,AKKK01000017_gene2609,annotation&nbsp;not&nbsp;available,81.0
1197706.AKKK01000004_gene181,AKKK01000004_gene181,annotation&nbsp;not&nbsp;available,80.9
1197706.AKKK01000039_gene3840,AKKK01000039_gene3840,annotation&nbsp;not&nbsp;available,80.9
1197706.AKKK01000008_gene875,AKKK01000008_gene875,annotation&nbsp;not&nbsp;available,80.8
1197706.AKKK01000019_gene2114,AKKK01000019_gene2114,annotation&nbsp;not&nbsp;available,80.8
1197706.AKKK01000062_gene1550,AKKK01000062_gene1550,annotation&nbsp;not&nbsp;available,80.8
1197706.AKKK01000012_gene463,AKKK01000012_gene463,annotation&nbsp;not&nbsp;available,80.7
1197706.AKKK01000035_gene1368,AKKK01000035_gene1368,annotation&nbsp;not&nbsp;available,80.7
1197706.AKKK01000067_gene3789,AKKK01000067_gene3789,annotation&nbsp;not&nbsp;available,80.7
1197706.AKKK01000047_gene3437,AKKK01000047_gene3437,annotation&nbsp;not&nbsp;available,80.6
1197706.AKKK01000004_gene193,AKKK01000004_gene193,annotation&nbsp;not&nbsp;available,80.6
1197706.AKKK01000001_gene1877,AKKK01000001_gene1877,annotation&nbsp;not&nbsp;available,80.6
1197706.AKKK01000015_gene2509,AKKK01000015_gene2509,annotation&nbsp;not&nbsp;available,80.6
1197706.AKKK01000025_gene3061,AKKK01000025_gene3061,annotation&nbsp;not&nbsp;available,80.6
1197706.AKKK01000062_gene1673,AKKK01000062_gene1673,annotation&nbsp;not&nbsp;available,80.6
1197706.AKKK01000002_gene4140,AKKK01000002_gene4140,annotation&nbsp;not&nbsp;available,80.4
1197706.AKKK01000019_gene2165,AKKK01000019_gene2165,annotation&nbsp;not&nbsp;available,80.3
1197706.AKKK01000067_gene3788,AKKK01000067_gene3788,annotation&nbsp;not&nbsp;available,80.3
1197706.AKKK01000047_gene3266,AKKK01000047_gene3266,annotation&nbsp;not&nbsp;available,80.3
1197706.AKKK01000006_gene1231,AKKK01000006_gene1231,annotation&nbsp;not&nbsp;available,80.3
1197706.AKKK01000009_gene559,AKKK01000009_gene559,annotation&nbsp;not&nbsp;available,80.3
1197706.AKKK01000027_gene3201,AKKK01000027_gene3201,annotation&nbsp;not&nbsp;available,80.2
1197706.AKKK01000019_gene2154,AKKK01000019_gene2154,annotation&nbsp;not&nbsp;available,80.2
1197706.AKKK01000011_gene330,AKKK01000011_gene330,annotation&nbsp;not&nbsp;available,80.1
1197706.AKKK01000012_gene476,AKKK01000012_gene476,annotation&nbsp;not&nbsp;available,80.0
1197706.AKKK01000047_gene3272,AKKK01000047_gene3272,annotation&nbsp;not&nbsp;available,80.0
1197706.AKKK01000052_gene3504,AKKK01000052_gene3504,annotation&nbsp;not&nbsp;available,80.0
1197706.AKKK01000023_gene4190,AKKK01000023_gene4190,annotation&nbsp;not&nbsp;available,80.0
1197706.AKKK01000067_gene3807,AKKK01000067_gene3807,annotation&nbsp;not&nbsp;available,80.0
1197706.AKKK01000015_gene2516,AKKK01000015_gene2516,annotation&nbsp;not&nbsp;available,79.9
1197706.AKKK01000006_gene1056,AKKK01000006_gene1056,annotation&nbsp;not&nbsp;available,79.9
1197706.AKKK01000062_gene1674,AKKK01000062_gene1674,annotation&nbsp;not&nbsp;available,79.9
1197706.AKKK01000025_gene3108,AKKK01000025_gene3108,annotation&nbsp;not&nbsp;available,79.9
1197706.AKKK01000047_gene3360,AKKK01000047_gene3360,annotation&nbsp;not&nbsp;available,79.9
1197706.AKKK01000009_gene576,AKKK01000009_gene576,annotation&nbsp;not&nbsp;available,79.8
1197706.AKKK01000067_gene3801,AKKK01000067_gene3801,annotation&nbsp;not&nbsp;available,79.8
1197706.AKKK01000047_gene3362,AKKK01000047_gene3362,annotation&nbsp;not&nbsp;available,79.8
1197706.AKKK01000029_gene2772,AKKK01000029_gene2772,annotation&nbsp;not&nbsp;available,79.8
1197706.AKKK01000013_gene1990,AKKK01000013_gene1990,annotation&nbsp;not&nbsp;available,79.8
1197706.AKKK01000062_gene1540,AKKK01000062_gene1540,annotation&nbsp;not&nbsp;available,79.7
1197706.AKKK01000008_gene894,AKKK01000008_gene894,annotation&nbsp;not&nbsp;available,79.7
1197706.AKKK01000047_gene3375,AKKK01000047_gene3375,annotation&nbsp;not&nbsp;available,79.6
1197706.AKKK01000008_gene840,AKKK01000008_gene840,annotation&nbsp;not&nbsp;available,79.5
1197706.AKKK01000013_gene1991,AKKK01000013_gene1991,annotation&nbsp;not&nbsp;available,79.5
1197706.AKKK01000025_gene3014,AKKK01000025_gene3014,annotation&nbsp;not&nbsp;available,79.5
1197706.AKKK01000009_gene598,AKKK01000009_gene598,annotation&nbsp;not&nbsp;available,79.4
1197706.AKKK01000022_gene2312,AKKK01000022_gene2312,annotation&nbsp;not&nbsp;available,79.3
1197706.AKKK01000062_gene1562,AKKK01000062_gene1562,annotation&nbsp;not&nbsp;available,79.2
1197706.AKKK01000023_gene4193,AKKK01000023_gene4193,annotation&nbsp;not&nbsp;available,79.1
1197706.AKKK01000026_gene2677,AKKK01000026_gene2677,annotation&nbsp;not&nbsp;available,79.1
1197706.AKKK01000012_gene464,AKKK01000012_gene464,annotation&nbsp;not&nbsp;available,79.1
1197706.AKKK01000047_gene3273,AKKK01000047_gene3273,annotation&nbsp;not&nbsp;available,79.1
1197706.AKKK01000001_gene1797,AKKK01000001_gene1797,annotation&nbsp;not&nbsp;available,79.1
1197706.AKKK01000029_gene2721,AKKK01000029_gene2721,annotation&nbsp;not&nbsp;available,79.1
1197706.AKKK01000009_gene597,AKKK01000009_gene597,annotation&nbsp;not&nbsp;available,79.0
1197706.AKKK01000016_gene2455,AKKK01000016_gene2455,annotation&nbsp;not&nbsp;available,79.0
1197706.AKKK01000023_gene4181,AKKK01000023_gene4181,annotation&nbsp;not&nbsp;available,79.0
1197706.AKKK01000007_gene823,AKKK01000007_gene823,annotation&nbsp;not&nbsp;available,79.0
1197706.AKKK01000029_gene2762,AKKK01000029_gene2762,annotation&nbsp;not&nbsp;available,78.9
1197706.AKKK01000034_gene1519,AKKK01000034_gene1519,annotation&nbsp;not&nbsp;available,78.9
1197706.AKKK01000023_gene4200,AKKK01000023_gene4200,annotation&nbsp;not&nbsp;available,78.7
1197706.AKKK01000039_gene3898,AKKK01000039_gene3898,annotation&nbsp;not&nbsp;available,78.7
1197706.AKKK01000010_gene665,AKKK01000010_gene665,annotation&nbsp;not&nbsp;available,78.6
1197706.AKKK01000005_gene973,AKKK01000005_gene973,annotation&nbsp;not&nbsp;available,78.6
1197706.AKKK01000009_gene534,AKKK01000009_gene534,annotation&nbsp;not&nbsp;available,78.6
1197706.AKKK01000067_gene3764,AKKK01000067_gene3764,annotation&nbsp;not&nbsp;available,78.5
1197706.AKKK01000008_gene841,AKKK01000008_gene841,annotation&nbsp;not&nbsp;available,78.5
1197706.AKKK01000039_gene4030,AKKK01000039_gene4030,annotation&nbsp;not&nbsp;available,78.5
1197706.AKKK01000043_gene1733,AKKK01000043_gene1733,annotation&nbsp;not&nbsp;available,78.5
1197706.AKKK01000023_gene4194,AKKK01000023_gene4194,annotation&nbsp;not&nbsp;available,78.4
1197706.AKKK01000010_gene652,AKKK01000010_gene652,annotation&nbsp;not&nbsp;available,78.4
1197706.AKKK01000005_gene1042,AKKK01000005_gene1042,annotation&nbsp;not&nbsp;available,78.4
1197706.AKKK01000008_gene839,AKKK01000008_gene839,annotation&nbsp;not&nbsp;available,78.2
1197706.AKKK01000024_gene284,AKKK01000024_gene284,annotation&nbsp;not&nbsp;available,78.2
1197706.AKKK01000047_gene3382,AKKK01000047_gene3382,annotation&nbsp;not&nbsp;available,78.2
1197706.AKKK01000006_gene1131,AKKK01000006_gene1131,annotation&nbsp;not&nbsp;available,78.2
1197706.AKKK01000004_gene177,AKKK01000004_gene177,annotation&nbsp;not&nbsp;available,78.2
1197706.AKKK01000050_gene3579,AKKK01000050_gene3579,annotation&nbsp;not&nbsp;available,78.2
1197706.AKKK01000032_gene2893,AKKK01000032_gene2893,annotation&nbsp;not&nbsp;available,78.1
1197706.AKKK01000021_gene2356,AKKK01000021_gene2356,annotation&nbsp;not&nbsp;available,78.1
1197706.AKKK01000013_gene2024,AKKK01000013_gene2024,annotation&nbsp;not&nbsp;available,78.1
1197706.AKKK01000019_gene2126,AKKK01000019_gene2126,annotation&nbsp;not&nbsp;available,78.0
1197706.AKKK01000025_gene3004,AKKK01000025_gene3004,annotation&nbsp;not&nbsp;available,78.0
1197706.AKKK01000025_gene3024,AKKK01000025_gene3024,annotation&nbsp;not&nbsp;available,78.0
1197706.AKKK01000050_gene3575,AKKK01000050_gene3575,annotation&nbsp;not&nbsp;available,78.0
1197706.AKKK01000001_gene1871,AKKK01000001_gene1871,annotation&nbsp;not&nbsp;available,77.9
1197706.AKKK01000062_gene1545,AKKK01000062_gene1545,annotation&nbsp;not&nbsp;available,77.9
1197706.AKKK01000008_gene898,AKKK01000008_gene898,annotation&nbsp;not&nbsp;available,77.9
1197706.AKKK01000038_gene1298,AKKK01000038_gene1298,annotation&nbsp;not&nbsp;available,77.9
1197706.AKKK01000002_gene4103,AKKK01000002_gene4103,annotation&nbsp;not&nbsp;available,77.9
1197706.AKKK01000022_gene2324,AKKK01000022_gene2324,annotation&nbsp;not&nbsp;available,77.9
1197706.AKKK01000003_gene162,AKKK01000003_gene162,annotation&nbsp;not&nbsp;available,77.8
1197706.AKKK01000039_gene3974,AKKK01000039_gene3974,annotation&nbsp;not&nbsp;available,77.8
1197706.AKKK01000054_gene1412,AKKK01000054_gene1412,annotation&nbsp;not&nbsp;available,77.8
1197706.AKKK01000032_gene2948,AKKK01000032_gene2948,annotation&nbsp;not&nbsp;available,77.8
1197706.AKKK01000067_gene3770,AKKK01000067_gene3770,annotation&nbsp;not&nbsp;available,77.7
1197706.AKKK01000027_gene3167,AKKK01000027_gene3167,annotation&nbsp;not&nbsp;available,77.7
1197706.AKKK01000039_gene3874,AKKK01000039_gene3874,annotation&nbsp;not&nbsp;available,77.7
1197706.AKKK01000010_gene687,AKKK01000010_gene687,annotation&nbsp;not&nbsp;available,77.7
1197706.AKKK01000011_gene337,AKKK01000011_gene337,annotation&nbsp;not&nbsp;available,77.6
1197706.AKKK01000006_gene1085,AKKK01000006_gene1085,annotation&nbsp;not&nbsp;available,77.6
1197706.AKKK01000047_gene3378,AKKK01000047_gene3378,annotation&nbsp;not&nbsp;available,77.5
1197706.AKKK01000001_gene1847,AKKK01000001_gene1847,annotation&nbsp;not&nbsp;available,77.5
1197706.AKKK01000022_gene2237,AKKK01000022_gene2237,annotation&nbsp;not&nbsp;available,77.5
1197706.AKKK01000047_gene3407,AKKK01000047_gene3407,annotation&nbsp;not&nbsp;available,77.5
1197706.AKKK01000008_gene844,AKKK01000008_gene844,annotation&nbsp;not&nbsp;available,77.4
1197706.AKKK01000018_gene2578,AKKK01000018_gene2578,annotation&nbsp;not&nbsp;available,77.4
1197706.AKKK01000006_gene1164,AKKK01000006_gene1164,annotation&nbsp;not&nbsp;available,77.4
1197706.AKKK01000005_gene1024,AKKK01000005_gene1024,annotation&nbsp;not&nbsp;available,77.3
1197706.AKKK01000047_gene3367,AKKK01000047_gene3367,annotation&nbsp;not&nbsp;available,77.3
1197706.AKKK01000035_gene1377,AKKK01000035_gene1377,annotation&nbsp;not&nbsp;available,77.3
1197706.AKKK01000039_gene3946,AKKK01000039_gene3946,annotation&nbsp;not&nbsp;available,77.3
1197706.AKKK01000002_gene4141,AKKK01000002_gene4141,annotation&nbsp;not&nbsp;available,77.3
1197706.AKKK01000029_gene2751,AKKK01000029_gene2751,annotation&nbsp;not&nbsp;available,77.3
1197706.AKKK01000022_gene2190,AKKK01000022_gene2190,annotation&nbsp;not&nbsp;available,77.3
1197706.AKKK01000015_gene2507,AKKK01000015_gene2507,annotation&nbsp;not&nbsp;available,77.2
1197706.AKKK01000001_gene1756,AKKK01000001_gene1756,annotation&nbsp;not&nbsp;available,77.2
1197706.AKKK01000022_gene2260,AKKK01000022_gene2260,annotation&nbsp;not&nbsp;available,77.2
1197706.AKKK01000026_gene2673,AKKK01000026_gene2673,annotation&nbsp;not&nbsp;available,77.2
1197706.AKKK01000009_gene629,AKKK01000009_gene629,annotation&nbsp;not&nbsp;available,77.2
1197706.AKKK01000025_gene3057,AKKK01000025_gene3057,annotation&nbsp;not&nbsp;available,77.1
1197706.AKKK01000010_gene712,AKKK01000010_gene712,annotation&nbsp;not&nbsp;available,77.1
1197706.AKKK01000027_gene3214,AKKK01000027_gene3214,annotation&nbsp;not&nbsp;available,77.1
1197706.AKKK01000047_gene3356,AKKK01000047_gene3356,annotation&nbsp;not&nbsp;available,77.1
1197706.AKKK01000010_gene653,AKKK01000010_gene653,annotation&nbsp;not&nbsp;available,77.1
1197706.AKKK01000023_gene4159,AKKK01000023_gene4159,annotation&nbsp;not&nbsp;available,77.1
1197706.AKKK01000006_gene1134,AKKK01000006_gene1134,annotation&nbsp;not&nbsp;available,77.0
1197706.AKKK01000047_gene3351,AKKK01000047_gene3351,annotation&nbsp;not&nbsp;available,77.0
1197706.AKKK01000025_gene3062,AKKK01000025_gene3062,annotation&nbsp;not&nbsp;available,76.9
1197706.AKKK01000031_gene2844,AKKK01000031_gene2844,annotation&nbsp;not&nbsp;available,76.9
1197706.AKKK01000027_gene3211,AKKK01000027_gene3211,annotation&nbsp;not&nbsp;available,76.9
1197706.AKKK01000062_gene1713,AKKK01000062_gene1713,annotation&nbsp;not&nbsp;available,76.9
1197706.AKKK01000006_gene1151,AKKK01000006_gene1151,annotation&nbsp;not&nbsp;available,76.9
1197706.AKKK01000038_gene1339,AKKK01000038_gene1339,annotation&nbsp;not&nbsp;available,76.8
1197706.AKKK01000001_gene1807,AKKK01000001_gene1807,annotation&nbsp;not&nbsp;available,76.8
1197706.AKKK01000005_gene1031,AKKK01000005_gene1031,annotation&nbsp;not&nbsp;available,76.7
1197706.AKKK01000047_gene3411,AKKK01000047_gene3411,annotation&nbsp;not&nbsp;available,76.6
1197706.AKKK01000022_gene2255,AKKK01000022_gene2255,annotation&nbsp;not&nbsp;available,76.5
1197706.AKKK01000015_gene2480,AKKK01000015_gene2480,annotation&nbsp;not&nbsp;available,76.4
1197706.AKKK01000032_gene2953,AKKK01000032_gene2953,annotation&nbsp;not&nbsp;available,76.4
1197706.AKKK01000039_gene3942,AKKK01000039_gene3942,annotation&nbsp;not&nbsp;available,76.3
1197706.AKKK01000058_gene1495,AKKK01000058_gene1495,annotation&nbsp;not&nbsp;available,76.3
1197706.AKKK01000003_gene76,AKKK01000003_gene76,annotation&nbsp;not&nbsp;available,76.2
1197706.AKKK01000028_gene3248,AKKK01000028_gene3248,annotation&nbsp;not&nbsp;available,76.2
1197706.AKKK01000006_gene1255,AKKK01000006_gene1255,annotation&nbsp;not&nbsp;available,76.2
1197706.AKKK01000066_gene3691,AKKK01000066_gene3691,annotation&nbsp;not&nbsp;available,76.2
1197706.AKKK01000025_gene3051,AKKK01000025_gene3051,annotation&nbsp;not&nbsp;available,76.2
1197706.AKKK01000050_gene3576,AKKK01000050_gene3576,annotation&nbsp;not&nbsp;available,76.1
1197706.AKKK01000027_gene3205,AKKK01000027_gene3205,annotation&nbsp;not&nbsp;available,76.1
1197706.AKKK01000062_gene1707,AKKK01000062_gene1707,annotation&nbsp;not&nbsp;available,76.1
1197706.AKKK01000008_gene893,AKKK01000008_gene893,annotation&nbsp;not&nbsp;available,76.1
1197706.AKKK01000011_gene348,AKKK01000011_gene348,annotation&nbsp;not&nbsp;available,76.1
1197706.AKKK01000006_gene1227,AKKK01000006_gene1227,annotation&nbsp;not&nbsp;available,76.1
1197706.AKKK01000006_gene1144,AKKK01000006_gene1144,annotation&nbsp;not&nbsp;available,76.1
1197706.AKKK01000005_gene979,AKKK01000005_gene979,annotation&nbsp;not&nbsp;available,76.1
1197706.AKKK01000025_gene2974,AKKK01000025_gene2974,annotation&nbsp;not&nbsp;available,76.0
1197706.AKKK01000029_gene2734,AKKK01000029_gene2734,annotation&nbsp;not&nbsp;available,76.0
1197706.AKKK01000004_gene189,AKKK01000004_gene189,annotation&nbsp;not&nbsp;available,76.0
1197706.AKKK01000037_gene1352,AKKK01000037_gene1352,annotation&nbsp;not&nbsp;available,75.9
1197706.AKKK01000008_gene850,AKKK01000008_gene850,annotation&nbsp;not&nbsp;available,75.9
1197706.AKKK01000003_gene54,AKKK01000003_gene54,annotation&nbsp;not&nbsp;available,75.9
1197706.AKKK01000026_gene2701,AKKK01000026_gene2701,annotation&nbsp;not&nbsp;available,75.9
1197706.AKKK01000019_gene2121,AKKK01000019_gene2121,annotation&nbsp;not&nbsp;available,75.9
1197706.AKKK01000020_gene2093,AKKK01000020_gene2093,annotation&nbsp;not&nbsp;available,75.9
1197706.AKKK01000047_gene3335,AKKK01000047_gene3335,annotation&nbsp;not&nbsp;available,75.9
1197706.AKKK01000047_gene3300,AKKK01000047_gene3300,annotation&nbsp;not&nbsp;available,75.8
1197706.AKKK01000038_gene1300,AKKK01000038_gene1300,annotation&nbsp;not&nbsp;available,75.8
1197706.AKKK01000052_gene3485,AKKK01000052_gene3485,annotation&nbsp;not&nbsp;available,75.8
1197706.AKKK01000022_gene2240,AKKK01000022_gene2240,annotation&nbsp;not&nbsp;available,75.7
1197706.AKKK01000047_gene3369,AKKK01000047_gene3369,annotation&nbsp;not&nbsp;available,75.6
1197706.AKKK01000067_gene3779,AKKK01000067_gene3779,annotation&nbsp;not&nbsp;available,75.6
1197706.AKKK01000062_gene1611,AKKK01000062_gene1611,annotation&nbsp;not&nbsp;available,75.6
1197706.AKKK01000046_gene3465,AKKK01000046_gene3465,annotation&nbsp;not&nbsp;available,75.6
1197706.AKKK01000007_gene728,AKKK01000007_gene728,annotation&nbsp;not&nbsp;available,75.5
1197706.AKKK01000052_gene3481,AKKK01000052_gene3481,annotation&nbsp;not&nbsp;available,75.5
1197706.AKKK01000006_gene1099,AKKK01000006_gene1099,annotation&nbsp;not&nbsp;available,75.5
1197706.AKKK01000029_gene2741,AKKK01000029_gene2741,annotation&nbsp;not&nbsp;available,75.5
1197706.AKKK01000058_gene1486,AKKK01000058_gene1486,annotation&nbsp;not&nbsp;available,75.5
1197706.AKKK01000002_gene4128,AKKK01000002_gene4128,annotation&nbsp;not&nbsp;available,75.4
1197706.AKKK01000038_gene1319,AKKK01000038_gene1319,annotation&nbsp;not&nbsp;available,75.4
1197706.AKKK01000062_gene1557,AKKK01000062_gene1557,annotation&nbsp;not&nbsp;available,75.4
1197706.AKKK01000027_gene3191,AKKK01000027_gene3191,annotation&nbsp;not&nbsp;available,75.4
1197706.AKKK01000021_gene2376,AKKK01000021_gene2376,annotation&nbsp;not&nbsp;available,75.4
1197706.AKKK01000002_gene4131,AKKK01000002_gene4131,annotation&nbsp;not&nbsp;available,75.4
1197706.AKKK01000022_gene2318,AKKK01000022_gene2318,annotation&nbsp;not&nbsp;available,75.4
1197706.AKKK01000011_gene322,AKKK01000011_gene322,annotation&nbsp;not&nbsp;available,75.3
1197706.AKKK01000003_gene77,AKKK01000003_gene77,annotation&nbsp;not&nbsp;available,75.3
1197706.AKKK01000003_gene160,AKKK01000003_gene160,annotation&nbsp;not&nbsp;available,75.3
1197706.AKKK01000062_gene1711,AKKK01000062_gene1711,annotation&nbsp;not&nbsp;available,75.3
1197706.AKKK01000003_gene119,AKKK01000003_gene119,annotation&nbsp;not&nbsp;available,75.3
1197706.AKKK01000062_gene1626,AKKK01000062_gene1626,annotation&nbsp;not&nbsp;available,75.3
1197706.AKKK01000062_gene1657,AKKK01000062_gene1657,annotation&nbsp;not&nbsp;available,75.2
1197706.AKKK01000029_gene2770,AKKK01000029_gene2770,annotation&nbsp;not&nbsp;available,75.2
1197706.AKKK01000058_gene1444,AKKK01000058_gene1444,annotation&nbsp;not&nbsp;available,75.2
1197706.AKKK01000003_gene1,AKKK01000003_gene1,annotation&nbsp;not&nbsp;available,75.1
1197706.AKKK01000009_gene491,AKKK01000009_gene491,annotation&nbsp;not&nbsp;available,75.1
1197706.AKKK01000016_gene2399,AKKK01000016_gene2399,annotation&nbsp;not&nbsp;available,75.1
1197706.AKKK01000047_gene3305,AKKK01000047_gene3305,annotation&nbsp;not&nbsp;available,75.0
1197706.AKKK01000009_gene494,AKKK01000009_gene494,annotation&nbsp;not&nbsp;available,75.0
1197706.AKKK01000032_gene2942,AKKK01000032_gene2942,annotation&nbsp;not&nbsp;available,75.0
1197706.AKKK01000025_gene2990,AKKK01000025_gene2990,annotation&nbsp;not&nbsp;available,75.0
1197706.AKKK01000025_gene3135,AKKK01000025_gene3135,annotation&nbsp;not&nbsp;available,75.0
1197706.AKKK01000004_gene194,AKKK01000004_gene194,annotation&nbsp;not&nbsp;available,75.0
1197706.AKKK01000002_gene4036,AKKK01000002_gene4036,annotation&nbsp;not&nbsp;available,75.0
1197706.AKKK01000025_gene3128,AKKK01000025_gene3128,annotation&nbsp;not&nbsp;available,74.9
1197706.AKKK01000039_gene3845,AKKK01000039_gene3845,annotation&nbsp;not&nbsp;available,74.9
1197706.AKKK01000005_gene928,AKKK01000005_gene928,annotation&nbsp;not&nbsp;available,74.9
1197706.AKKK01000001_gene1842,AKKK01000001_gene1842,annotation&nbsp;not&nbsp;available,74.9
1197706.AKKK01000011_gene362,AKKK01000011_gene362,annotation&nbsp;not&nbsp;available,74.8
1197706.AKKK01000050_gene3562,AKKK01000050_gene3562,annotation&nbsp;not&nbsp;available,74.8
1197706.AKKK01000022_gene2207,AKKK01000022_gene2207,annotation&nbsp;not&nbsp;available,74.8
1197706.AKKK01000062_gene1579,AKKK01000062_gene1579,annotation&nbsp;not&nbsp;available,74.7
1197706.AKKK01000013_gene1998,AKKK01000013_gene1998,annotation&nbsp;not&nbsp;available,74.7
1197706.AKKK01000002_gene4050,AKKK01000002_gene4050,annotation&nbsp;not&nbsp;available,74.7
1197706.AKKK01000019_gene2156,AKKK01000019_gene2156,annotation&nbsp;not&nbsp;available,74.7
1197706.AKKK01000062_gene1628,AKKK01000062_gene1628,annotation&nbsp;not&nbsp;available,74.7
1197706.AKKK01000065_gene3625,AKKK01000065_gene3625,annotation&nbsp;not&nbsp;available,74.7
1197706.AKKK01000006_gene1158,AKKK01000006_gene1158,annotation&nbsp;not&nbsp;available,74.7
1197706.AKKK01000008_gene872,AKKK01000008_gene872,annotation&nbsp;not&nbsp;available,74.7
1197706.AKKK01000027_gene3204,AKKK01000027_gene3204,annotation&nbsp;not&nbsp;available,74.7
1197706.AKKK01000029_gene2726,AKKK01000029_gene2726,annotation&nbsp;not&nbsp;available,74.7
1197706.AKKK01000012_gene471,AKKK01000012_gene471,annotation&nbsp;not&nbsp;available,74.6
1197706.AKKK01000039_gene3931,AKKK01000039_gene3931,annotation&nbsp;not&nbsp;available,74.6
1197706.AKKK01000047_gene3343,AKKK01000047_gene3343,annotation&nbsp;not&nbsp;available,74.5
1197706.AKKK01000003_gene18,AKKK01000003_gene18,annotation&nbsp;not&nbsp;available,74.5
1197706.AKKK01000005_gene981,AKKK01000005_gene981,annotation&nbsp;not&nbsp;available,74.4
1197706.AKKK01000019_gene2170,AKKK01000019_gene2170,annotation&nbsp;not&nbsp;available,74.4
1197706.AKKK01000010_gene663,AKKK01000010_gene663,annotation&nbsp;not&nbsp;available,74.4
1197706.AKKK01000006_gene1156,AKKK01000006_gene1156,annotation&nbsp;not&nbsp;available,74.4
1197706.AKKK01000013_gene1962,AKKK01000013_gene1962,annotation&nbsp;not&nbsp;available,74.4
1197706.AKKK01000029_gene2778,AKKK01000029_gene2778,annotation&nbsp;not&nbsp;available,74.3
1197706.AKKK01000009_gene515,AKKK01000009_gene515,annotation&nbsp;not&nbsp;available,74.3
1197706.AKKK01000008_gene903,AKKK01000008_gene903,annotation&nbsp;not&nbsp;available,74.3
1197706.AKKK01000005_gene926,AKKK01000005_gene926,annotation&nbsp;not&nbsp;available,74.2
1197706.AKKK01000062_gene1695,AKKK01000062_gene1695,annotation&nbsp;not&nbsp;available,74.1
1197706.AKKK01000002_gene4043,AKKK01000002_gene4043,annotation&nbsp;not&nbsp;available,74.1
1197706.AKKK01000010_gene716,AKKK01000010_gene716,annotation&nbsp;not&nbsp;available,74.0
1197706.AKKK01000017_gene2600,AKKK01000017_gene2600,annotation&nbsp;not&nbsp;available,74.0
1197706.AKKK01000002_gene4083,AKKK01000002_gene4083,annotation&nbsp;not&nbsp;available,74.0
1197706.AKKK01000066_gene3673,AKKK01000066_gene3673,annotation&nbsp;not&nbsp;available,74.0
1197706.AKKK01000039_gene3903,AKKK01000039_gene3903,annotation&nbsp;not&nbsp;available,73.9
1197706.AKKK01000008_gene897,AKKK01000008_gene897,annotation&nbsp;not&nbsp;available,73.9
1197706.AKKK01000019_gene2116,AKKK01000019_gene2116,annotation&nbsp;not&nbsp;available,73.9
1197706.AKKK01000067_gene3775,AKKK01000067_gene3775,annotation&nbsp;not&nbsp;available,73.9
1197706.AKKK01000050_gene3564,AKKK01000050_gene3564,annotation&nbsp;not&nbsp;available,73.9
1197706.AKKK01000015_gene2478,AKKK01000015_gene2478,annotation&nbsp;not&nbsp;available,73.9
1197706.AKKK01000025_gene3050,AKKK01000025_gene3050,annotation&nbsp;not&nbsp;available,73.8
1197706.AKKK01000006_gene1228,AKKK01000006_gene1228,annotation&nbsp;not&nbsp;available,73.8
1197706.AKKK01000021_gene2371,AKKK01000021_gene2371,annotation&nbsp;not&nbsp;available,73.8
1197706.AKKK01000005_gene1005,AKKK01000005_gene1005,annotation&nbsp;not&nbsp;available,73.7
1197706.AKKK01000007_gene817,AKKK01000007_gene817,annotation&nbsp;not&nbsp;available,73.7
1197706.AKKK01000043_gene1731,AKKK01000043_gene1731,annotation&nbsp;not&nbsp;available,73.6
1197706.AKKK01000022_gene2310,AKKK01000022_gene2310,annotation&nbsp;not&nbsp;available,73.6
1197706.AKKK01000029_gene2755,AKKK01000029_gene2755,annotation&nbsp;not&nbsp;available,73.6
1197706.AKKK01000039_gene4004,AKKK01000039_gene4004,annotation&nbsp;not&nbsp;available,73.6
1197706.AKKK01000023_gene4202,AKKK01000023_gene4202,annotation&nbsp;not&nbsp;available,73.5
1197706.AKKK01000015_gene2477,AKKK01000015_gene2477,annotation&nbsp;not&nbsp;available,73.5
1197706.AKKK01000005_gene1023,AKKK01000005_gene1023,annotation&nbsp;not&nbsp;available,73.5
1197706.AKKK01000026_gene2697,AKKK01000026_gene2697,annotation&nbsp;not&nbsp;available,73.5
1197706.AKKK01000030_gene2794,AKKK01000030_gene2794,annotation&nbsp;not&nbsp;available,73.5
1197706.AKKK01000021_gene2367,AKKK01000021_gene2367,annotation&nbsp;not&nbsp;available,73.5
1197706.AKKK01000016_gene2411,AKKK01000016_gene2411,annotation&nbsp;not&nbsp;available,73.5
1197706.AKKK01000004_gene188,AKKK01000004_gene188,annotation&nbsp;not&nbsp;available,73.4
1197706.AKKK01000013_gene1944,AKKK01000013_gene1944,annotation&nbsp;not&nbsp;available,73.4
1197706.AKKK01000062_gene1539,AKKK01000062_gene1539,annotation&nbsp;not&nbsp;available,73.4
1197706.AKKK01000066_gene3671,AKKK01000066_gene3671,annotation&nbsp;not&nbsp;available,73.3
1197706.AKKK01000022_gene2194,AKKK01000022_gene2194,annotation&nbsp;not&nbsp;available,73.3
1197706.AKKK01000005_gene986,AKKK01000005_gene986,annotation&nbsp;not&nbsp;available,73.3
1197706.AKKK01000025_gene3006,AKKK01000025_gene3006,annotation&nbsp;not&nbsp;available,73.2
1197706.AKKK01000062_gene1652,AKKK01000062_gene1652,annotation&nbsp;not&nbsp;available,73.2
1197706.AKKK01000001_gene1883,AKKK01000001_gene1883,annotation&nbsp;not&nbsp;available,73.2
1197706.AKKK01000062_gene1580,AKKK01000062_gene1580,annotation&nbsp;not&nbsp;available,73.1
1197706.AKKK01000011_gene396,AKKK01000011_gene396,annotation&nbsp;not&nbsp;available,73.1
1197706.AKKK01000047_gene3334,AKKK01000047_gene3334,annotation&nbsp;not&nbsp;available,73.1
1197706.AKKK01000067_gene3736,AKKK01000067_gene3736,annotation&nbsp;not&nbsp;available,73.1
1197706.AKKK01000006_gene1234,AKKK01000006_gene1234,annotation&nbsp;not&nbsp;available,73.0
1197706.AKKK01000047_gene3357,AKKK01000047_gene3357,annotation&nbsp;not&nbsp;available,73.0
1197706.AKKK01000047_gene3429,AKKK01000047_gene3429,annotation&nbsp;not&nbsp;available,73.0
1197706.AKKK01000066_gene3707,AKKK01000066_gene3707,annotation&nbsp;not&nbsp;available,73.0
1197706.AKKK01000008_gene848,AKKK01000008_gene848,annotation&nbsp;not&nbsp;available,73.0
1197706.AKKK01000041_gene1400,AKKK01000041_gene1400,annotation&nbsp;not&nbsp;available,72.9
1197706.AKKK01000001_gene1767,AKKK01000001_gene1767,annotation&nbsp;not&nbsp;available,72.9
1197706.AKKK01000052_gene3522,AKKK01000052_gene3522,annotation&nbsp;not&nbsp;available,72.9
1197706.AKKK01000023_gene4163,AKKK01000023_gene4163,annotation&nbsp;not&nbsp;available,72.9
1197706.AKKK01000004_gene187,AKKK01000004_gene187,annotation&nbsp;not&nbsp;available,72.9
1197706.AKKK01000047_gene3435,AKKK01000047_gene3435,annotation&nbsp;not&nbsp;available,72.9
1197706.AKKK01000047_gene3336,AKKK01000047_gene3336,annotation&nbsp;not&nbsp;available,72.8
1197706.AKKK01000001_gene1783,AKKK01000001_gene1783,annotation&nbsp;not&nbsp;available,72.8
1197706.AKKK01000017_gene2628,AKKK01000017_gene2628,annotation&nbsp;not&nbsp;available,72.8
1197706.AKKK01000028_gene3253,AKKK01000028_gene3253,annotation&nbsp;not&nbsp;available,72.7
1197706.AKKK01000062_gene1712,AKKK01000062_gene1712,annotation&nbsp;not&nbsp;available,72.7
1197706.AKKK01000013_gene2030,AKKK01000013_gene2030,annotation&nbsp;not&nbsp;available,72.6
1197706.AKKK01000012_gene470,AKKK01000012_gene470,annotation&nbsp;not&nbsp;available,72.6
1197706.AKKK01000030_gene2803,AKKK01000030_gene2803,annotation&nbsp;not&nbsp;available,72.6
1197706.AKKK01000013_gene2079,AKKK01000013_gene2079,annotation&nbsp;not&nbsp;available,72.5
1197706.AKKK01000039_gene3893,AKKK01000039_gene3893,annotation&nbsp;not&nbsp;available,72.4
1197706.AKKK01000022_gene2295,AKKK01000022_gene2295,annotation&nbsp;not&nbsp;available,72.4
1197706.AKKK01000009_gene603,AKKK01000009_gene603,annotation&nbsp;not&nbsp;available,72.3
1197706.AKKK01000008_gene900,AKKK01000008_gene900,annotation&nbsp;not&nbsp;available,72.2
1197706.AKKK01000039_gene3917,AKKK01000039_gene3917,annotation&nbsp;not&nbsp;available,72.2
1197706.AKKK01000039_gene3834,AKKK01000039_gene3834,annotation&nbsp;not&nbsp;available,72.2
1197706.AKKK01000029_gene2720,AKKK01000029_gene2720,annotation&nbsp;not&nbsp;available,72.2
1197706.AKKK01000003_gene6,AKKK01000003_gene6,annotation&nbsp;not&nbsp;available,72.1
1197706.AKKK01000047_gene3385,AKKK01000047_gene3385,annotation&nbsp;not&nbsp;available,72.1
1197706.AKKK01000067_gene3731,AKKK01000067_gene3731,annotation&nbsp;not&nbsp;available,72.1
1197706.AKKK01000022_gene2272,AKKK01000022_gene2272,annotation&nbsp;not&nbsp;available,72.1
1197706.AKKK01000039_gene3977,AKKK01000039_gene3977,annotation&nbsp;not&nbsp;available,72.0
1197706.AKKK01000013_gene2056,AKKK01000013_gene2056,annotation&nbsp;not&nbsp;available,71.9
1197706.AKKK01000006_gene1124,AKKK01000006_gene1124,annotation&nbsp;not&nbsp;available,71.9
1197706.AKKK01000031_gene2858,AKKK01000031_gene2858,annotation&nbsp;not&nbsp;available,71.9
1197706.AKKK01000058_gene1510,AKKK01000058_gene1510,annotation&nbsp;not&nbsp;available,71.8
1197706.AKKK01000047_gene3372,AKKK01000047_gene3372,annotation&nbsp;not&nbsp;available,71.8
1197706.AKKK01000038_gene1344,AKKK01000038_gene1344,annotation&nbsp;not&nbsp;available,71.8
1197706.AKKK01000008_gene867,AKKK01000008_gene867,annotation&nbsp;not&nbsp;available,71.8
1197706.AKKK01000003_gene155,AKKK01000003_gene155,annotation&nbsp;not&nbsp;available,71.8
1197706.AKKK01000010_gene640,AKKK01000010_gene640,annotation&nbsp;not&nbsp;available,71.7
1197706.AKKK01000025_gene3117,AKKK01000025_gene3117,annotation&nbsp;not&nbsp;available,71.7
1197706.AKKK01000044_gene3155,AKKK01000044_gene3155,annotation&nbsp;not&nbsp;available,71.7
1197706.AKKK01000016_gene2450,AKKK01000016_gene2450,annotation&nbsp;not&nbsp;available,71.7
1197706.AKKK01000001_gene1882,AKKK01000001_gene1882,annotation&nbsp;not&nbsp;available,71.7
1197706.AKKK01000003_gene161,AKKK01000003_gene161,annotation&nbsp;not&nbsp;available,71.6
1197706.AKKK01000047_gene3386,AKKK01000047_gene3386,annotation&nbsp;not&nbsp;available,71.6
1197706.AKKK01000002_gene4114,AKKK01000002_gene4114,annotation&nbsp;not&nbsp;available,71.6
1197706.AKKK01000011_gene448,AKKK01000011_gene448,annotation&nbsp;not&nbsp;available,71.5
1197706.AKKK01000007_gene754,AKKK01000007_gene754,annotation&nbsp;not&nbsp;available,71.5
1197706.AKKK01000067_gene3742,AKKK01000067_gene3742,annotation&nbsp;not&nbsp;available,71.4
1197706.AKKK01000013_gene2036,AKKK01000013_gene2036,annotation&nbsp;not&nbsp;available,71.4
1197706.AKKK01000011_gene424,AKKK01000011_gene424,annotation&nbsp;not&nbsp;available,71.4
1197706.AKKK01000002_gene4071,AKKK01000002_gene4071,annotation&nbsp;not&nbsp;available,71.4
1197706.AKKK01000004_gene265,AKKK01000004_gene265,annotation&nbsp;not&nbsp;available,71.3
1197706.AKKK01000047_gene3286,AKKK01000047_gene3286,annotation&nbsp;not&nbsp;available,71.3
1197706.AKKK01000066_gene3711,AKKK01000066_gene3711,annotation&nbsp;not&nbsp;available,71.3
1197706.AKKK01000002_gene4057,AKKK01000002_gene4057,annotation&nbsp;not&nbsp;available,71.3
1197706.AKKK01000008_gene905,AKKK01000008_gene905,annotation&nbsp;not&nbsp;available,71.2
1197706.AKKK01000021_gene2357,AKKK01000021_gene2357,annotation&nbsp;not&nbsp;available,71.2
1197706.AKKK01000044_gene3158,AKKK01000044_gene3158,annotation&nbsp;not&nbsp;available,71.2
1197706.AKKK01000067_gene3802,AKKK01000067_gene3802,annotation&nbsp;not&nbsp;available,71.2
1197706.AKKK01000002_gene4055,AKKK01000002_gene4055,annotation&nbsp;not&nbsp;available,71.1
1197706.AKKK01000066_gene3710,AKKK01000066_gene3710,annotation&nbsp;not&nbsp;available,71.0
1197706.AKKK01000019_gene2168,AKKK01000019_gene2168,annotation&nbsp;not&nbsp;available,71.0
1197706.AKKK01000008_gene865,AKKK01000008_gene865,annotation&nbsp;not&nbsp;available,70.9
1197706.AKKK01000048_gene3457,AKKK01000048_gene3457,annotation&nbsp;not&nbsp;available,70.9
1197706.AKKK01000025_gene2987,AKKK01000025_gene2987,annotation&nbsp;not&nbsp;available,70.9
1197706.AKKK01000009_gene545,AKKK01000009_gene545,annotation&nbsp;not&nbsp;available,70.9
1197706.AKKK01000019_gene2123,AKKK01000019_gene2123,annotation&nbsp;not&nbsp;available,70.8
1197706.AKKK01000047_gene3380,AKKK01000047_gene3380,annotation&nbsp;not&nbsp;available,70.8
1197706.AKKK01000011_gene436,AKKK01000011_gene436,annotation&nbsp;not&nbsp;available,70.8
1197706.AKKK01000038_gene1342,AKKK01000038_gene1342,annotation&nbsp;not&nbsp;available,70.8
1197706.AKKK01000001_gene1810,AKKK01000001_gene1810,annotation&nbsp;not&nbsp;available,70.7
1197706.AKKK01000023_gene4165,AKKK01000023_gene4165,annotation&nbsp;not&nbsp;available,70.7
1197706.AKKK01000022_gene2300,AKKK01000022_gene2300,annotation&nbsp;not&nbsp;available,70.6
1197706.AKKK01000066_gene3658,AKKK01000066_gene3658,annotation&nbsp;not&nbsp;available,70.6
1197706.AKKK01000010_gene695,AKKK01000010_gene695,annotation&nbsp;not&nbsp;available,70.6
1197706.AKKK01000007_gene824,AKKK01000007_gene824,annotation&nbsp;not&nbsp;available,70.6
1197706.AKKK01000026_gene2679,AKKK01000026_gene2679,annotation&nbsp;not&nbsp;available,70.5
1197706.AKKK01000058_gene1447,AKKK01000058_gene1447,annotation&nbsp;not&nbsp;available,70.4
1197706.AKKK01000006_gene1119,AKKK01000006_gene1119,annotation&nbsp;not&nbsp;available,70.3
1197706.AKKK01000007_gene804,AKKK01000007_gene804,annotation&nbsp;not&nbsp;available,70.2
1197706.AKKK01000029_gene2788,AKKK01000029_gene2788,annotation&nbsp;not&nbsp;available,70.2
1197706.AKKK01000027_gene3181,AKKK01000027_gene3181,annotation&nbsp;not&nbsp;available,70.2
1197706.AKKK01000013_gene1966,AKKK01000013_gene1966,annotation&nbsp;not&nbsp;available,70.2
1197706.AKKK01000013_gene1986,AKKK01000013_gene1986,annotation&nbsp;not&nbsp;available,70.2
1197706.AKKK01000047_gene3295,AKKK01000047_gene3295,annotation&nbsp;not&nbsp;available,70.1
1197706.AKKK01000047_gene3366,AKKK01000047_gene3366,annotation&nbsp;not&nbsp;available,70.1
1197706.AKKK01000008_gene847,AKKK01000008_gene847,annotation&nbsp;not&nbsp;available,70.1
1197706.AKKK01000022_gene2185,AKKK01000022_gene2185,annotation&nbsp;not&nbsp;available,70.1
