1382230.ASAP_1069,ASAP_1069,annotation&nbsp;not&nbsp;available,98.9
1382230.ASAP_1862,ASAP_1862,annotation&nbsp;not&nbsp;available,98.8
1382230.ASAP_0148,guaA,GMP&nbsp;synthase&nbsp;[glutamine-hydrolyzing],98.8
1382230.ASAP_0253,ASAP_0253,annotation&nbsp;not&nbsp;available,98.7
1382230.ASAP_3114,ASAP_3114,annotation&nbsp;not&nbsp;available,98.7
1382230.ASAP_0968,ASAP_0968,annotation&nbsp;not&nbsp;available,98.6
1382230.ASAP_2957,ASAP_2957,annotation&nbsp;not&nbsp;available,98.5
1382230.ASAP_3074,ssuD,Alkanesulfonate&nbsp;monooxygenase,98.4
1382230.ASAP_2546,ASAP_2546,annotation&nbsp;not&nbsp;available,98.4
1382230.ASAP_2588,ASAP_2588,annotation&nbsp;not&nbsp;available,98.3
1382230.ASAP_2477,cheD,Probable&nbsp;chemoreceptor&nbsp;glutamine&nbsp;deamidase&nbsp;CheD,98.3
1382230.ASAP_3115,ASAP_3115,annotation&nbsp;not&nbsp;available,98.2
1382230.ASAP_2035,rpsE,30S&nbsp;ribosomal&nbsp;protein&nbsp;S5,97.9
1382230.ASAP_1103,ASAP_1103,annotation&nbsp;not&nbsp;available,97.9
1382230.ASAP_1077,ASAP_1077,annotation&nbsp;not&nbsp;available,97.8
1382230.ASAP_0708,ASAP_0708,annotation&nbsp;not&nbsp;available,97.8
1382230.ASAP_3165,ASAP_3165,annotation&nbsp;not&nbsp;available,97.8
1382230.ASAP_0431,ASAP_0431,annotation&nbsp;not&nbsp;available,97.8
1382230.ASAP_2212,ASAP_2212,annotation&nbsp;not&nbsp;available,97.8
1382230.ASAP_3147,ASAP_3147,annotation&nbsp;not&nbsp;available,97.7
1382230.ASAP_0349,ASAP_0349,annotation&nbsp;not&nbsp;available,97.7
1382230.ASAP_1388,trpD,Anthranilate&nbsp;phosphoribosyltransferase,97.7
1382230.ASAP_0571,ASAP_0571,annotation&nbsp;not&nbsp;available,97.7
1382230.ASAP_0389,ASAP_0389,annotation&nbsp;not&nbsp;available,97.5
1382230.ASAP_2754,nadD,Probable&nbsp;nicotinate-nucleotide&nbsp;adenylyltransferase,97.5
1382230.ASAP_3202,ASAP_3202,Biotin&nbsp;carboxyl&nbsp;carrier&nbsp;protein&nbsp;of&nbsp;acetyl-CoA&nbsp;carboxylase,97.4
1382230.ASAP_1450,ASAP_1450,annotation&nbsp;not&nbsp;available,97.4
1382230.ASAP_0591,ASAP_0591,annotation&nbsp;not&nbsp;available,97.4
1382230.ASAP_3157,ASAP_3157,annotation&nbsp;not&nbsp;available,97.4
1382230.ASAP_1724,ASAP_1724,annotation&nbsp;not&nbsp;available,97.4
1382230.ASAP_2086,ASAP_2086,annotation&nbsp;not&nbsp;available,97.3
1382230.ASAP_0694,ASAP_0694,annotation&nbsp;not&nbsp;available,97.3
1382230.ASAP_1074,ASAP_1074,annotation&nbsp;not&nbsp;available,97.2
1382230.ASAP_1221,himA,Integration&nbsp;host&nbsp;factor&nbsp;subunit&nbsp;alpha,97.2
1382230.ASAP_2015,ASAP_2015,annotation&nbsp;not&nbsp;available,97.2
1382230.ASAP_1315,hisS,annotation&nbsp;not&nbsp;available,97.1
1382230.ASAP_1255,lon,Lon&nbsp;protease,97.1
1382230.ASAP_1521,ASAP_1521,annotation&nbsp;not&nbsp;available,97.1
1382230.ASAP_2921,ASAP_2921,annotation&nbsp;not&nbsp;available,97.0
1382230.ASAP_3220,infB,Translation&nbsp;initiation&nbsp;factor&nbsp;IF-2,96.9
1382230.ASAP_1628,ASAP_1628,annotation&nbsp;not&nbsp;available,96.9
1382230.ASAP_1881,ASAP_1881,annotation&nbsp;not&nbsp;available,96.9
1382230.ASAP_2087,ASAP_2087,annotation&nbsp;not&nbsp;available,96.9
1382230.ASAP_0787,ASAP_0787,annotation&nbsp;not&nbsp;available,96.8
1382230.ASAP_1825,ASAP_1825,annotation&nbsp;not&nbsp;available,96.7
1382230.ASAP_2966,ASAP_2966,annotation&nbsp;not&nbsp;available,96.7
1382230.ASAP_1712,ASAP_1712,annotation&nbsp;not&nbsp;available,96.6
1382230.ASAP_1886,ASAP_1886,annotation&nbsp;not&nbsp;available,96.5
1382230.ASAP_3106,ASAP_3106,annotation&nbsp;not&nbsp;available,96.5
1382230.ASAP_1919,ASAP_1919,annotation&nbsp;not&nbsp;available,96.4
1382230.ASAP_1087,ASAP_1087,annotation&nbsp;not&nbsp;available,96.3
1382230.ASAP_0177,purN,Phosphoribosylglycinamide&nbsp;formyltransferase,96.2
1382230.ASAP_2047,rplV,50S&nbsp;ribosomal&nbsp;protein&nbsp;L22,96.2
1382230.ASAP_1472,ASAP_1472,annotation&nbsp;not&nbsp;available,96.2
1382230.ASAP_2667,ASAP_2667,annotation&nbsp;not&nbsp;available,96.1
1382230.ASAP_1510,ASAP_1510,annotation&nbsp;not&nbsp;available,96.1
1382230.ASAP_0989,ASAP_0989,annotation&nbsp;not&nbsp;available,96.0
1382230.ASAP_1206,ASAP_1206,annotation&nbsp;not&nbsp;available,96.0
1382230.ASAP_2028,rpoA,DNA-directed&nbsp;RNA&nbsp;polymerase&nbsp;subunit&nbsp;alpha,96.0
1382230.ASAP_3211,ASAP_3211,annotation&nbsp;not&nbsp;available,95.9
1382230.ASAP_0339,rpoZ,DNA-directed&nbsp;RNA&nbsp;polymerase&nbsp;subunit&nbsp;omega,95.8
1382230.ASAP_0270,glpK,Glycerol&nbsp;kinase,95.8
1382230.ASAP_2946,ASAP_2946,annotation&nbsp;not&nbsp;available,95.8
1382230.ASAP_2693,speH,S-adenosylmethionine&nbsp;decarboxylase&nbsp;proenzyme,95.7
1382230.ASAP_0823,ASAP_0823,annotation&nbsp;not&nbsp;available,95.6
1382230.ASAP_1448,ASAP_1448,annotation&nbsp;not&nbsp;available,95.6
1382230.ASAP_1943,leuA,2-isopropylmalate&nbsp;synthase,95.5
1382230.ASAP_1130,ASAP_1130,annotation&nbsp;not&nbsp;available,95.4
1382230.ASAP_2649,ASAP_2649,annotation&nbsp;not&nbsp;available,95.3
1382230.ASAP_2596,ASAP_2596,annotation&nbsp;not&nbsp;available,95.2
1382230.ASAP_1309,ASAP_1309,annotation&nbsp;not&nbsp;available,95.2
1382230.ASAP_1254,clpX,ATP-dependent&nbsp;Clp&nbsp;protease&nbsp;ATP-binding&nbsp;subunit&nbsp;ClpX,95.2
1382230.ASAP_2923,moaA,"GTP&nbsp;3',8-cyclase",95.0
1382230.ASAP_0912,ASAP_0912,annotation&nbsp;not&nbsp;available,95.0
1382230.ASAP_1146,ASAP_1146,annotation&nbsp;not&nbsp;available,95.0
1382230.ASAP_0463,rpsF,30S&nbsp;ribosomal&nbsp;protein&nbsp;S6,94.9
1382230.ASAP_0525,gcvP,Glycine&nbsp;dehydrogenase&nbsp;(decarboxylating),94.9
1382230.ASAP_2240,kdpC,Potassium-transporting&nbsp;ATPase&nbsp;KdpC&nbsp;subunit,94.9
1382230.ASAP_1333,gatA,Glutamyl-tRNA(Gln)&nbsp;amidotransferase&nbsp;subunit&nbsp;A,94.9
1382230.ASAP_2219,ASAP_2219,annotation&nbsp;not&nbsp;available,94.8
1382230.ASAP_1717,ASAP_1717,Protein&nbsp;TonB,94.7
1382230.ASAP_1626,ASAP_1626,annotation&nbsp;not&nbsp;available,94.6
1382230.ASAP_3079,ASAP_3079,annotation&nbsp;not&nbsp;available,94.5
1382230.ASAP_3021,ASAP_3021,annotation&nbsp;not&nbsp;available,94.5
1382230.ASAP_2845,ASAP_2845,Glutamate--tRNA&nbsp;ligase,94.4
1382230.ASAP_1656,ASAP_1656,annotation&nbsp;not&nbsp;available,94.4
1382230.ASAP_3052,fdhD,Sulfur&nbsp;carrier&nbsp;protein&nbsp;FdhD,94.4
1382230.ASAP_0712,ASAP_0712,annotation&nbsp;not&nbsp;available,94.3
1382230.ASAP_0756,ASAP_0756,annotation&nbsp;not&nbsp;available,94.3
1382230.ASAP_0765,rplM,50S&nbsp;ribosomal&nbsp;protein&nbsp;L13,94.3
1382230.ASAP_2162,ASAP_2162,annotation&nbsp;not&nbsp;available,94.3
1382230.ASAP_1364,ASAP_1364,annotation&nbsp;not&nbsp;available,94.1
1382230.ASAP_2268,ASAP_2268,annotation&nbsp;not&nbsp;available,94.1
1382230.ASAP_1056,ASAP_1056,annotation&nbsp;not&nbsp;available,94.0
1382230.ASAP_2111,ASAP_2111,Phosphate&nbsp;transport&nbsp;system&nbsp;permease&nbsp;protein,94.0
1382230.ASAP_2652,ASAP_2652,annotation&nbsp;not&nbsp;available,93.9
1382230.ASAP_2928,ASAP_2928,Glucose-6-phosphate&nbsp;1-dehydrogenase,93.8
1382230.ASAP_1144,ASAP_1144,annotation&nbsp;not&nbsp;available,93.7
1382230.ASAP_1134,ASAP_1134,annotation&nbsp;not&nbsp;available,93.7
1382230.ASAP_2040,rplE,50S&nbsp;ribosomal&nbsp;protein&nbsp;L5,93.7
1382230.ASAP_0412,ASAP_0412,annotation&nbsp;not&nbsp;available,93.6
1382230.ASAP_0568,nadE,Glutamine-dependent&nbsp;NAD(+)&nbsp;synthetase,93.5
1382230.ASAP_0300,ASAP_0300,annotation&nbsp;not&nbsp;available,93.4
1382230.ASAP_0620,ASAP_0620,annotation&nbsp;not&nbsp;available,93.4
1382230.ASAP_2820,mtnC,Enolase-phosphatase&nbsp;E1,93.4
1382230.ASAP_2483,ASAP_2483,annotation&nbsp;not&nbsp;available,93.3
1382230.ASAP_1203,ASAP_1203,Integration&nbsp;host&nbsp;factor&nbsp;subunit&nbsp;beta,93.3
1382230.ASAP_2547,ASAP_2547,annotation&nbsp;not&nbsp;available,93.3
1382230.ASAP_1461,ASAP_1461,annotation&nbsp;not&nbsp;available,93.2
1382230.ASAP_2340,ASAP_2340,annotation&nbsp;not&nbsp;available,93.1
1382230.ASAP_2053,rpsJ,30S&nbsp;ribosomal&nbsp;protein&nbsp;S10,93.1
1382230.ASAP_1484,ASAP_1484,annotation&nbsp;not&nbsp;available,93.0
1382230.ASAP_1339,ASAP_1339,annotation&nbsp;not&nbsp;available,92.9
1382230.ASAP_0820,ASAP_0820,annotation&nbsp;not&nbsp;available,92.9
1382230.ASAP_3097,ASAP_3097,annotation&nbsp;not&nbsp;available,92.8
1382230.ASAP_0106,ASAP_0106,Ribonucleoside-diphosphate&nbsp;reductase,92.8
1382230.ASAP_3149,ASAP_3149,"Multifunctional&nbsp;enzyme&nbsp;that&nbsp;catalyzes&nbsp;the&nbsp;SAM-dependent&nbsp;methylations&nbsp;of&nbsp;uroporphyrinogen&nbsp;III&nbsp;at&nbsp;position&nbsp;C-2&nbsp;and&nbsp;C-7&nbsp;to&nbsp;form&nbsp;precorrin-2&nbsp;via&nbsp;precorrin-1.&nbsp;Then&nbsp;it&nbsp;catalyzes&nbsp;the&nbsp;NAD-&nbsp;dependent&nbsp;ring&nbsp;dehydrogenation&nbsp;of&nbsp;precorrin-2&nbsp;to&nbsp;yield&nbsp;sirohydrochlorin.&nbsp;Finally,&nbsp;it&nbsp;catalyzes&nbsp;the&nbsp;ferrochelation&nbsp;of&nbsp;sirohydrochlorin&nbsp;to&nbsp;yield&nbsp;siroheme",92.7
1382230.ASAP_2301,ASAP_2301,annotation&nbsp;not&nbsp;available,92.6
1382230.ASAP_2054,tuf,Elongation&nbsp;factor&nbsp;Tu,92.6
1382230.ASAP_0862,ASAP_0862,annotation&nbsp;not&nbsp;available,92.6
1382230.ASAP_2821,ASAP_2821,annotation&nbsp;not&nbsp;available,92.6
1382230.ASAP_0536,ASAP_0536,Phosphoenolpyruvate-protein&nbsp;phosphotransferase,92.6
1382230.ASAP_2318,ASAP_2318,Phosphate-binding&nbsp;protein&nbsp;PstS,92.5
1382230.ASAP_0503,ASAP_0503,annotation&nbsp;not&nbsp;available,92.4
1382230.ASAP_0008,glyA,Serine&nbsp;hydroxymethyltransferase,92.4
1382230.ASAP_0471,carB,annotation&nbsp;not&nbsp;available,92.4
1382230.ASAP_1296,ASAP_1296,annotation&nbsp;not&nbsp;available,92.4
1382230.ASAP_1770,ASAP_1770,annotation&nbsp;not&nbsp;available,92.4
1382230.ASAP_2403,atpE,ATP&nbsp;synthase&nbsp;subunit&nbsp;c,92.3
1382230.ASAP_0811,mtnA,Methylthioribose-1-phosphate&nbsp;isomerase,92.2
1382230.ASAP_2654,dnaJ,Chaperone&nbsp;protein&nbsp;DnaJ,92.2
1382230.ASAP_1405,nusB,Transcription&nbsp;antitermination&nbsp;protein&nbsp;NusB,92.2
1382230.ASAP_1051,pyrF,Orotidine&nbsp;5'-phosphate&nbsp;decarboxylase,92.1
1382230.ASAP_2180,ASAP_2180,annotation&nbsp;not&nbsp;available,92.1
1382230.ASAP_2062,rplA,50S&nbsp;ribosomal&nbsp;protein&nbsp;L1,92.0
1382230.ASAP_1055,ASAP_1055,annotation&nbsp;not&nbsp;available,92.0
1382230.ASAP_0619,ASAP_0619,annotation&nbsp;not&nbsp;available,92.0
1382230.ASAP_2479,cheB,Chemotaxis&nbsp;response&nbsp;regulator&nbsp;protein-glutamate&nbsp;methylesterase,91.9
1382230.ASAP_0606,ASAP_0606,annotation&nbsp;not&nbsp;available,91.9
1382230.ASAP_1985,nadA,Quinolinate&nbsp;synthase&nbsp;A,91.8
1382230.ASAP_3151,ASAP_3151,annotation&nbsp;not&nbsp;available,91.8
1382230.ASAP_0762,ASAP_0762,annotation&nbsp;not&nbsp;available,91.7
1382230.ASAP_1306,ASAP_1306,Glutaredoxin,91.6
1382230.ASAP_0041,ASAP_0041,annotation&nbsp;not&nbsp;available,91.6
1382230.ASAP_3237,ASAP_3237,annotation&nbsp;not&nbsp;available,91.5
1382230.ASAP_0526,gcvH,Glycine&nbsp;cleavage&nbsp;system&nbsp;H&nbsp;protein,91.5
1382230.ASAP_0573,ASAP_0573,annotation&nbsp;not&nbsp;available,91.5
1382230.ASAP_2133,ASAP_2133,annotation&nbsp;not&nbsp;available,91.4
1382230.ASAP_2193,atpC,ATP&nbsp;synthase&nbsp;epsilon&nbsp;chain,91.4
1382230.ASAP_2334,ASAP_2334,annotation&nbsp;not&nbsp;available,91.3
1382230.ASAP_1868,rpmI,annotation&nbsp;not&nbsp;available,91.3
1382230.ASAP_1141,ASAP_1141,Ribonuclease&nbsp;H,91.3
1382230.ASAP_1796,ASAP_1796,annotation&nbsp;not&nbsp;available,91.0
1382230.ASAP_2176,ASAP_2176,L-threonine&nbsp;aldolase,91.0
1382230.ASAP_0320,ASAP_0320,Lactoylglutathione&nbsp;lyase,91.0
1382230.ASAP_2887,pgk,annotation&nbsp;not&nbsp;available,90.9
1382230.ASAP_1280,ASAP_1280,annotation&nbsp;not&nbsp;available,90.9
1382230.ASAP_3162,ASAP_3162,annotation&nbsp;not&nbsp;available,90.8
1382230.ASAP_1244,ASAP_1244,annotation&nbsp;not&nbsp;available,90.8
1382230.ASAP_1863,hisI,Phosphoribosyl-AMP&nbsp;cyclohydrolase,90.7
1382230.ASAP_3169,ASAP_3169,annotation&nbsp;not&nbsp;available,90.7
1382230.ASAP_1169,murG,Undecaprenyl-PP-MurNAc-pentapeptide-UDPGlcNAc&nbsp;GlcNAc&nbsp;transferase,90.6
1382230.ASAP_0142,argH,annotation&nbsp;not&nbsp;available,90.5
1382230.ASAP_1393,ASAP_1393,Acetyltransferase&nbsp;component&nbsp;of&nbsp;pyruvate&nbsp;dehydrogenase&nbsp;complex,90.5
1382230.ASAP_1929,glyQ,annotation&nbsp;not&nbsp;available,90.5
1382230.ASAP_1722,ASAP_1722,annotation&nbsp;not&nbsp;available,90.4
1382230.ASAP_0943,ASAP_0943,annotation&nbsp;not&nbsp;available,90.3
1382230.ASAP_0625,hemH,Ferrochelatase,90.3
1382230.ASAP_2512,ASAP_2512,Flagellar&nbsp;motor&nbsp;switch&nbsp;protein&nbsp;FliM,90.2
1382230.ASAP_1008,ASAP_1008,annotation&nbsp;not&nbsp;available,90.2
1382230.ASAP_1050,trpF,annotation&nbsp;not&nbsp;available,90.2
1382230.ASAP_1439,ASAP_1439,annotation&nbsp;not&nbsp;available,90.2
1382230.ASAP_1076,ASAP_1076,annotation&nbsp;not&nbsp;available,90.1
1382230.ASAP_2753,proA,Gamma-glutamyl&nbsp;phosphate&nbsp;reductase,90.0
1382230.ASAP_1499,ASAP_1499,annotation&nbsp;not&nbsp;available,90.0
1382230.ASAP_0400,ruvB,Holliday&nbsp;junction&nbsp;ATP-dependent&nbsp;DNA&nbsp;helicase&nbsp;RuvB,90.0
1382230.ASAP_0217,ASAP_0217,annotation&nbsp;not&nbsp;available,89.9
1382230.ASAP_1805,ASAP_1805,annotation&nbsp;not&nbsp;available,89.9
1382230.ASAP_2731,mnmE,tRNA&nbsp;modification&nbsp;GTPase&nbsp;MnmE,89.9
1382230.ASAP_1394,ASAP_1394,annotation&nbsp;not&nbsp;available,89.9
1382230.ASAP_1043,ASAP_1043,annotation&nbsp;not&nbsp;available,89.7
1382230.ASAP_0402,ruvC,Crossover&nbsp;junction&nbsp;endodeoxyribonuclease&nbsp;RuvC,89.7
1382230.ASAP_2264,ASAP_2264,annotation&nbsp;not&nbsp;available,89.7
1382230.ASAP_1459,purH,annotation&nbsp;not&nbsp;available,89.5
1382230.ASAP_2178,ASAP_2178,annotation&nbsp;not&nbsp;available,89.4
1382230.ASAP_1048,infC,Translation&nbsp;initiation&nbsp;factor&nbsp;IF-3,89.4
1382230.ASAP_3137,ASAP_3137,annotation&nbsp;not&nbsp;available,89.3
1382230.ASAP_1874,ASAP_1874,annotation&nbsp;not&nbsp;available,89.3
1382230.ASAP_0622,ASAP_0622,annotation&nbsp;not&nbsp;available,89.3
1382230.ASAP_1312,ASAP_1312,annotation&nbsp;not&nbsp;available,89.1
1382230.ASAP_1501,uppP,Undecaprenyl-diphosphatase,89.0
1382230.ASAP_2936,nuoH,NADH-quinone&nbsp;oxidoreductase&nbsp;subunit&nbsp;H,88.9
1382230.ASAP_1945,rne,Ribonuclease&nbsp;E,88.9
1382230.ASAP_2519,ASAP_2519,annotation&nbsp;not&nbsp;available,88.8
1382230.ASAP_1467,gyrB,DNA&nbsp;gyrase&nbsp;subunit&nbsp;B,88.8
1382230.ASAP_2215,ASAP_2215,annotation&nbsp;not&nbsp;available,88.8
1382230.ASAP_1622,ASAP_1622,annotation&nbsp;not&nbsp;available,88.7
1382230.ASAP_0605,folD,Bifunctional&nbsp;protein&nbsp;FolD,88.6
1382230.ASAP_0073,ASAP_0073,annotation&nbsp;not&nbsp;available,88.5
1382230.ASAP_0542,ASAP_0542,annotation&nbsp;not&nbsp;available,88.5
1382230.ASAP_2247,ASAP_2247,annotation&nbsp;not&nbsp;available,88.5
1382230.ASAP_3244,ASAP_3244,annotation&nbsp;not&nbsp;available,88.4
1382230.ASAP_0600,ASAP_0600,annotation&nbsp;not&nbsp;available,88.4
1382230.ASAP_1474,ASAP_1474,Thiazole&nbsp;synthase,88.4
1382230.ASAP_0764,rpsI,annotation&nbsp;not&nbsp;available,88.4
1382230.ASAP_0212,ASAP_0212,annotation&nbsp;not&nbsp;available,88.2
1382230.ASAP_0723,ASAP_0723,annotation&nbsp;not&nbsp;available,88.2
1382230.ASAP_0160,ASAP_0160,annotation&nbsp;not&nbsp;available,88.1
1382230.ASAP_2396,ASAP_2396,annotation&nbsp;not&nbsp;available,88.1
1382230.ASAP_1476,ASAP_1476,annotation&nbsp;not&nbsp;available,88.0
1382230.ASAP_1400,ASAP_1400,annotation&nbsp;not&nbsp;available,87.9
1382230.ASAP_2584,ASAP_2584,annotation&nbsp;not&nbsp;available,87.9
1382230.ASAP_2258,ASAP_2258,annotation&nbsp;not&nbsp;available,87.9
1382230.ASAP_3207,ccmA,Cytochrome&nbsp;c&nbsp;biogenesis&nbsp;ATP-binding&nbsp;export&nbsp;protein&nbsp;CcmA,87.8
1382230.ASAP_0609,ASAP_0609,annotation&nbsp;not&nbsp;available,87.8
1382230.ASAP_3245,ASAP_3245,annotation&nbsp;not&nbsp;available,87.8
1382230.ASAP_1068,ASAP_1068,annotation&nbsp;not&nbsp;available,87.8
1382230.ASAP_1645,ASAP_1645,annotation&nbsp;not&nbsp;available,87.8
1382230.ASAP_2354,secF,Protein-export&nbsp;membrane&nbsp;protein&nbsp;SecF,87.8
1382230.ASAP_2057,rpoC,DNA-directed&nbsp;RNA&nbsp;polymerase&nbsp;subunit&nbsp;beta',87.7
1382230.ASAP_0994,ASAP_0994,L-arabinose-binding&nbsp;periplasmic&nbsp;protein&nbsp;AraF,87.6
1382230.ASAP_2702,priA,Primosomal&nbsp;protein&nbsp;N',87.6
1382230.ASAP_1295,ASAP_1295,annotation&nbsp;not&nbsp;available,87.6
1382230.ASAP_3113,ASAP_3113,annotation&nbsp;not&nbsp;available,87.6
1382230.ASAP_1208,ASAP_1208,annotation&nbsp;not&nbsp;available,87.6
1382230.ASAP_1836,ASAP_1836,annotation&nbsp;not&nbsp;available,87.6
1382230.ASAP_1861,ASAP_1861,annotation&nbsp;not&nbsp;available,87.4
1382230.ASAP_0570,ASAP_0570,annotation&nbsp;not&nbsp;available,87.4
1382230.ASAP_1382,pyrG,CTP&nbsp;synthase,87.4
1382230.ASAP_1693,ASAP_1693,annotation&nbsp;not&nbsp;available,87.3
1382230.ASAP_2039,rpsN,30S&nbsp;ribosomal&nbsp;protein&nbsp;S14,87.2
1382230.ASAP_2060,rplL,50S&nbsp;ribosomal&nbsp;protein&nbsp;L7/L12,87.2
1382230.ASAP_2113,ASAP_2113,annotation&nbsp;not&nbsp;available,87.2
1382230.ASAP_1436,ASAP_1436,annotation&nbsp;not&nbsp;available,87.1
1382230.ASAP_0210,ASAP_0210,annotation&nbsp;not&nbsp;available,87.1
1382230.ASAP_1829,ASAP_1829,annotation&nbsp;not&nbsp;available,87.1
1382230.ASAP_1839,ASAP_1839,3-oxoacyl-[acyl-carrier-protein]&nbsp;synthase&nbsp;2,87.0
1382230.ASAP_2751,ychF,Ribosome-binding&nbsp;ATPase&nbsp;YchF,87.0
1382230.ASAP_3233,ASAP_3233,annotation&nbsp;not&nbsp;available,86.9
1382230.ASAP_2860,ASAP_2860,annotation&nbsp;not&nbsp;available,86.9
1382230.ASAP_1359,ASAP_1359,Beta&nbsp;sliding&nbsp;clamp,86.9
1382230.ASAP_0110,ASAP_0110,annotation&nbsp;not&nbsp;available,86.8
1382230.ASAP_2876,ftsY,Signal&nbsp;recognition&nbsp;particle&nbsp;receptor&nbsp;FtsY,86.7
1382230.ASAP_2760,ASAP_2760,annotation&nbsp;not&nbsp;available,86.7
1382230.ASAP_3188,ASAP_3188,annotation&nbsp;not&nbsp;available,86.7
1382230.ASAP_1205,ASAP_1205,annotation&nbsp;not&nbsp;available,86.7
1382230.ASAP_1267,tsf,Elongation&nbsp;factor&nbsp;Ts,86.7
1382230.ASAP_1277,ASAP_1277,annotation&nbsp;not&nbsp;available,86.6
1382230.ASAP_2195,atpG,ATP&nbsp;synthase&nbsp;gamma&nbsp;chain,86.6
1382230.ASAP_1897,ASAP_1897,annotation&nbsp;not&nbsp;available,86.6
1382230.ASAP_0266,uvrB,UvrABC&nbsp;system&nbsp;protein&nbsp;B,86.5
1382230.ASAP_1429,ASAP_1429,annotation&nbsp;not&nbsp;available,86.5
1382230.ASAP_0371,rpiA,Ribose-5-phosphate&nbsp;isomerase&nbsp;A,86.4
1382230.ASAP_0120,ASAP_0120,annotation&nbsp;not&nbsp;available,86.4
1382230.ASAP_1248,ASAP_1248,annotation&nbsp;not&nbsp;available,86.4
1382230.ASAP_2482,ASAP_2482,annotation&nbsp;not&nbsp;available,86.4
1382230.ASAP_2826,lspA,Lipoprotein&nbsp;signal&nbsp;peptidase,86.2
1382230.ASAP_2931,nuoB,NADH-quinone&nbsp;oxidoreductase&nbsp;subunit&nbsp;B,86.2
1382230.ASAP_2819,mtnD,Acireductone&nbsp;dioxygenase,86.2
1382230.ASAP_1279,ASAP_1279,annotation&nbsp;not&nbsp;available,86.1
1382230.ASAP_1503,ASAP_1503,annotation&nbsp;not&nbsp;available,86.1
1382230.ASAP_1239,ASAP_1239,annotation&nbsp;not&nbsp;available,86.0
1382230.ASAP_0088,ASAP_0088,annotation&nbsp;not&nbsp;available,86.0
1382230.ASAP_1449,ASAP_1449,annotation&nbsp;not&nbsp;available,86.0
1382230.ASAP_1529,ASAP_1529,Dihydroorotate&nbsp;dehydrogenase&nbsp;(quinone),86.0
1382230.ASAP_2152,ASAP_2152,annotation&nbsp;not&nbsp;available,86.0
1382230.ASAP_2732,gidA,tRNA&nbsp;uridine&nbsp;5-carboxymethylaminomethyl&nbsp;modification&nbsp;enzyme&nbsp;MnmG,85.9
1382230.ASAP_2358,ASAP_2358,annotation&nbsp;not&nbsp;available,85.9
1382230.ASAP_0604,ASAP_0604,L-threonine&nbsp;aldolase,85.8
1382230.ASAP_2492,ASAP_2492,annotation&nbsp;not&nbsp;available,85.8
1382230.ASAP_1535,hisH,Imidazole&nbsp;glycerol&nbsp;phosphate&nbsp;synthase&nbsp;subunit&nbsp;HisH,85.8
1382230.ASAP_0478,ASAP_0478,annotation&nbsp;not&nbsp;available,85.8
1382230.ASAP_1171,murD,UDP-N-acetylmuramoylalanine--D-glutamate&nbsp;ligase,85.8
1382230.ASAP_3032,ASAP_3032,annotation&nbsp;not&nbsp;available,85.7
1382230.ASAP_1520,ASAP_1520,annotation&nbsp;not&nbsp;available,85.7
1382230.ASAP_1505,ASAP_1505,annotation&nbsp;not&nbsp;available,85.6
1382230.ASAP_0704,ASAP_0704,annotation&nbsp;not&nbsp;available,85.5
1382230.ASAP_2888,ASAP_2888,annotation&nbsp;not&nbsp;available,85.5
1382230.ASAP_2460,ASAP_2460,annotation&nbsp;not&nbsp;available,85.5
1382230.ASAP_1413,ASAP_1413,annotation&nbsp;not&nbsp;available,85.4
1382230.ASAP_1194,rpmA,annotation&nbsp;not&nbsp;available,85.4
1382230.ASAP_1324,ASAP_1324,annotation&nbsp;not&nbsp;available,85.3
1382230.ASAP_2063,rplK,50S&nbsp;ribosomal&nbsp;protein&nbsp;L11,85.3
1382230.ASAP_2704,ASAP_2704,annotation&nbsp;not&nbsp;available,85.2
1382230.ASAP_1368,ASAP_1368,annotation&nbsp;not&nbsp;available,85.2
1382230.ASAP_1088,ASAP_1088,annotation&nbsp;not&nbsp;available,85.0
1382230.ASAP_0461,rplI,50S&nbsp;ribosomal&nbsp;protein&nbsp;L9,85.0
1382230.ASAP_0807,ASAP_0807,annotation&nbsp;not&nbsp;available,85.0
1382230.ASAP_1213,ASAP_1213,annotation&nbsp;not&nbsp;available,84.9
1382230.ASAP_0816,ASAP_0816,annotation&nbsp;not&nbsp;available,84.9
1382230.ASAP_1126,leuB,3-isopropylmalate&nbsp;dehydrogenase,84.8
1382230.ASAP_1189,ASAP_1189,annotation&nbsp;not&nbsp;available,84.8
1382230.ASAP_2485,ASAP_2485,annotation&nbsp;not&nbsp;available,84.7
1382230.ASAP_1351,ASAP_1351,annotation&nbsp;not&nbsp;available,84.7
1382230.ASAP_0104,ASAP_0104,Ribonucleoside-diphosphate&nbsp;reductase&nbsp;subunit&nbsp;beta,84.7
1382230.ASAP_2068,ASAP_2068,annotation&nbsp;not&nbsp;available,84.7
1382230.ASAP_2260,ASAP_2260,annotation&nbsp;not&nbsp;available,84.7
1382230.ASAP_1145,gpt,Xanthine&nbsp;phosphoribosyltransferase,84.6
1382230.ASAP_0401,ruvA,Holliday&nbsp;junction&nbsp;ATP-dependent&nbsp;DNA&nbsp;helicase&nbsp;RuvA,84.6
1382230.ASAP_2362,ASAP_2362,annotation&nbsp;not&nbsp;available,84.6
1382230.ASAP_1453,ASAP_1453,annotation&nbsp;not&nbsp;available,84.6
1382230.ASAP_2399,ASAP_2399,annotation&nbsp;not&nbsp;available,84.5
1382230.ASAP_0211,lysS,annotation&nbsp;not&nbsp;available,84.5
1382230.ASAP_1627,ASAP_1627,annotation&nbsp;not&nbsp;available,84.3
1382230.ASAP_2920,ASAP_2920,annotation&nbsp;not&nbsp;available,84.3
1382230.ASAP_1473,ASAP_1473,annotation&nbsp;not&nbsp;available,84.3
1382230.ASAP_2724,trpB,Tryptophan&nbsp;synthase&nbsp;beta&nbsp;chain,84.3
1382230.ASAP_3011,ASAP_3011,Error-prone&nbsp;DNA&nbsp;polymerase,84.3
1382230.ASAP_3089,ASAP_3089,annotation&nbsp;not&nbsp;available,84.2
1382230.ASAP_0260,ASAP_0260,annotation&nbsp;not&nbsp;available,84.2
1382230.ASAP_0996,ASAP_0996,annotation&nbsp;not&nbsp;available,84.1
1382230.ASAP_1384,tpiA,Triosephosphate&nbsp;isomerase,84.1
1382230.ASAP_3087,glgB,"1,4-alpha-glucan&nbsp;branching&nbsp;enzyme&nbsp;GlgB",84.1
1382230.ASAP_3193,fumC,Fumarate&nbsp;hydratase&nbsp;class&nbsp;II,84.0
1382230.ASAP_0753,panB,3-methyl-2-oxobutanoate&nbsp;hydroxymethyltransferase,84.0
1382230.ASAP_0332,frr,Ribosome-recycling&nbsp;factor,84.0
1382230.ASAP_2041,rplX,50S&nbsp;ribosomal&nbsp;protein&nbsp;L24,83.8
1382230.ASAP_3050,ASAP_3050,Molybdenum&nbsp;cofactor&nbsp;guanylyltransferase,83.8
1382230.ASAP_1404,nrdR,Transcriptional&nbsp;repressor&nbsp;NrdR,83.8
1382230.ASAP_1869,ASAP_1869,annotation&nbsp;not&nbsp;available,83.8
1382230.ASAP_0233,secB,Protein-export&nbsp;protein&nbsp;SecB,83.7
1382230.ASAP_2496,ASAP_2496,annotation&nbsp;not&nbsp;available,83.7
1382230.ASAP_0594,ASAP_0594,annotation&nbsp;not&nbsp;available,83.7
1382230.ASAP_0200,ASAP_0200,annotation&nbsp;not&nbsp;available,83.7
1382230.ASAP_2866,ASAP_2866,annotation&nbsp;not&nbsp;available,83.7
1382230.ASAP_0361,rpsD,30S&nbsp;ribosomal&nbsp;protein&nbsp;S4,83.6
1382230.ASAP_1115,ASAP_1115,annotation&nbsp;not&nbsp;available,83.5
1382230.ASAP_0966,ASAP_0966,annotation&nbsp;not&nbsp;available,83.5
1382230.ASAP_1262,lolD,Lipoprotein-releasing&nbsp;system&nbsp;ATP-binding&nbsp;protein&nbsp;LolD,83.5
1382230.ASAP_0784,ASAP_0784,annotation&nbsp;not&nbsp;available,83.5
1382230.ASAP_2680,ahcY,Adenosylhomocysteinase,83.4
1382230.ASAP_2335,ASAP_2335,annotation&nbsp;not&nbsp;available,83.4
1382230.ASAP_0357,aroB,Multifunctional&nbsp;fusion&nbsp;protein,83.4
1382230.ASAP_0374,ASAP_0374,Glucose-6-phosphate&nbsp;1-dehydrogenase,83.2
1382230.ASAP_1691,ASAP_1691,annotation&nbsp;not&nbsp;available,83.1
1382230.ASAP_2559,ASAP_2559,annotation&nbsp;not&nbsp;available,83.0
1382230.ASAP_0221,groS,10&nbsp;kDa&nbsp;chaperonin,83.0
1382230.ASAP_1320,ASAP_1320,annotation&nbsp;not&nbsp;available,83.0
1382230.ASAP_0345,ASAP_0345,Preprotein&nbsp;translocase&nbsp;subunit&nbsp;YajC,83.0
1382230.ASAP_1692,ASAP_1692,annotation&nbsp;not&nbsp;available,82.9
1382230.ASAP_2940,ASAP_2940,annotation&nbsp;not&nbsp;available,82.8
1382230.ASAP_2295,ASAP_2295,annotation&nbsp;not&nbsp;available,82.8
1382230.ASAP_2100,ASAP_2100,annotation&nbsp;not&nbsp;available,82.8
1382230.ASAP_3085,ASAP_3085,annotation&nbsp;not&nbsp;available,82.7
1382230.ASAP_0153,ASAP_0153,Cytidine&nbsp;deaminase,82.7
1382230.ASAP_0404,secA,Protein&nbsp;translocase&nbsp;subunit&nbsp;SecA,82.7
1382230.ASAP_2935,ASAP_2935,annotation&nbsp;not&nbsp;available,82.7
1382230.ASAP_2220,ASAP_2220,annotation&nbsp;not&nbsp;available,82.6
1382230.ASAP_1438,ASAP_1438,annotation&nbsp;not&nbsp;available,82.6
1382230.ASAP_0137,ASAP_0137,annotation&nbsp;not&nbsp;available,82.5
1382230.ASAP_0100,pyrE,Orotate&nbsp;phosphoribosyltransferase,82.5
1382230.ASAP_2481,ASAP_2481,annotation&nbsp;not&nbsp;available,82.4
1382230.ASAP_0381,hisC,annotation&nbsp;not&nbsp;available,82.4
1382230.ASAP_0196,ASAP_0196,annotation&nbsp;not&nbsp;available,82.2
1382230.ASAP_1014,ASAP_1014,annotation&nbsp;not&nbsp;available,82.1
1382230.ASAP_2213,ASAP_2213,annotation&nbsp;not&nbsp;available,82.0
1382230.ASAP_1890,ASAP_1890,annotation&nbsp;not&nbsp;available,82.0
1382230.ASAP_0442,ccmC,Heme&nbsp;exporter&nbsp;protein&nbsp;C,82.0
1382230.ASAP_1316,prfA,Peptide&nbsp;chain&nbsp;release&nbsp;factor&nbsp;1,81.9
1382230.ASAP_2828,mutL,DNA&nbsp;mismatch&nbsp;repair&nbsp;protein&nbsp;MutL,81.8
1382230.ASAP_0558,ASAP_0558,annotation&nbsp;not&nbsp;available,81.8
1382230.ASAP_0226,hemF,Oxygen-dependent&nbsp;coproporphyrinogen-III&nbsp;oxidase,81.8
1382230.ASAP_2498,ASAP_2498,annotation&nbsp;not&nbsp;available,81.8
1382230.ASAP_0113,ASAP_0113,annotation&nbsp;not&nbsp;available,81.7
1382230.ASAP_2861,ASAP_2861,dITP/XTP&nbsp;pyrophosphatase,81.7
1382230.ASAP_0769,ASAP_0769,annotation&nbsp;not&nbsp;available,81.6
1382230.ASAP_1984,ASAP_1984,annotation&nbsp;not&nbsp;available,81.6
1382230.ASAP_1378,eno,Enolase,81.5
1382230.ASAP_2572,ASAP_2572,annotation&nbsp;not&nbsp;available,81.5
1382230.ASAP_3090,ASAP_3090,annotation&nbsp;not&nbsp;available,81.5
1382230.ASAP_0310,dapE,Succinyl-diaminopimelate&nbsp;desuccinylase,81.5
1382230.ASAP_0019,purS,Phosphoribosylformylglycinamidine&nbsp;synthase&nbsp;subunit&nbsp;PurS,81.4
1382230.ASAP_2772,coaD,Phosphopantetheine&nbsp;adenylyltransferase,81.4
1382230.ASAP_2099,ASAP_2099,annotation&nbsp;not&nbsp;available,81.4
1382230.ASAP_2265,ASAP_2265,annotation&nbsp;not&nbsp;available,81.4
1382230.ASAP_2330,ASAP_2330,annotation&nbsp;not&nbsp;available,81.3
1382230.ASAP_2648,ASAP_2648,annotation&nbsp;not&nbsp;available,81.2
1382230.ASAP_0631,ASAP_0631,annotation&nbsp;not&nbsp;available,81.2
1382230.ASAP_3171,ASAP_3171,annotation&nbsp;not&nbsp;available,81.2
1382230.ASAP_0821,ASAP_0821,annotation&nbsp;not&nbsp;available,81.1
1382230.ASAP_3107,ASAP_3107,annotation&nbsp;not&nbsp;available,81.1
1382230.ASAP_2199,secE,Protein&nbsp;translocase&nbsp;subunit&nbsp;SecE,81.0
1382230.ASAP_2807,ASAP_2807,annotation&nbsp;not&nbsp;available,80.9
1382230.ASAP_0468,dnaG,DNA&nbsp;primase,80.9
1382230.ASAP_0575,ASAP_0575,annotation&nbsp;not&nbsp;available,80.8
1382230.ASAP_0245,ASAP_0245,annotation&nbsp;not&nbsp;available,80.7
1382230.ASAP_0102,ASAP_0102,annotation&nbsp;not&nbsp;available,80.7
1382230.ASAP_2029,rpsK,30S&nbsp;ribosomal&nbsp;protein&nbsp;S11,80.5
1382230.ASAP_0259,ASAP_0259,annotation&nbsp;not&nbsp;available,80.5
1382230.ASAP_2554,infA,Translation&nbsp;initiation&nbsp;factor&nbsp;IF-1,80.4
1382230.ASAP_0521,ASAP_0521,annotation&nbsp;not&nbsp;available,80.3
1382230.ASAP_0647,ASAP_0647,annotation&nbsp;not&nbsp;available,80.3
1382230.ASAP_2342,ASAP_2342,annotation&nbsp;not&nbsp;available,80.2
1382230.ASAP_0302,ASAP_0302,RNA&nbsp;polymerase&nbsp;sigma-54&nbsp;factor,80.2
1382230.ASAP_2607,ASAP_2607,annotation&nbsp;not&nbsp;available,80.1
1382230.ASAP_0318,rpmH,annotation&nbsp;not&nbsp;available,80.1
1382230.ASAP_0286,amn,AMP&nbsp;nucleosidase,80.1
1382230.ASAP_1855,ASAP_1855,annotation&nbsp;not&nbsp;available,80.0
1382230.ASAP_2738,proC,Pyrroline-5-carboxylate&nbsp;reductase,80.0
1382230.ASAP_0633,ASAP_0633,annotation&nbsp;not&nbsp;available,80.0
1382230.ASAP_2420,apt,Adenine&nbsp;phosphoribosyltransferase,79.9
1382230.ASAP_2163,ASAP_2163,annotation&nbsp;not&nbsp;available,79.8
1382230.ASAP_3048,ASAP_3048,annotation&nbsp;not&nbsp;available,79.8
1382230.ASAP_0813,ASAP_0813,annotation&nbsp;not&nbsp;available,79.7
1382230.ASAP_2553,hisD,Histidinol&nbsp;dehydrogenase,79.7
1382230.ASAP_1827,ASAP_1827,annotation&nbsp;not&nbsp;available,79.6
1382230.ASAP_1865,pheT,annotation&nbsp;not&nbsp;available,79.5
1382230.ASAP_0663,ASAP_0663,annotation&nbsp;not&nbsp;available,79.5
1382230.ASAP_1463,ASAP_1463,annotation&nbsp;not&nbsp;available,79.4
1382230.ASAP_2107,ASAP_2107,annotation&nbsp;not&nbsp;available,79.4
1382230.ASAP_2812,ASAP_2812,Ornithine&nbsp;carbamoyltransferase,79.3
1382230.ASAP_1363,guaB,Inosine-5'-monophosphate&nbsp;dehydrogenase,79.3
1382230.ASAP_1519,ASAP_1519,annotation&nbsp;not&nbsp;available,79.3
1382230.ASAP_1242,ASAP_1242,annotation&nbsp;not&nbsp;available,79.3
1382230.ASAP_2276,ASAP_2276,annotation&nbsp;not&nbsp;available,79.3
1382230.ASAP_0505,ASAP_0505,annotation&nbsp;not&nbsp;available,79.2
1382230.ASAP_1192,proB,Glutamate&nbsp;5-kinase,79.2
1382230.ASAP_2506,ASAP_2506,annotation&nbsp;not&nbsp;available,79.2
1382230.ASAP_2469,ASAP_2469,annotation&nbsp;not&nbsp;available,79.2
1382230.ASAP_1884,ASAP_1884,annotation&nbsp;not&nbsp;available,79.1
1382230.ASAP_2271,ASAP_2271,annotation&nbsp;not&nbsp;available,79.1
1382230.ASAP_2216,ASAP_2216,annotation&nbsp;not&nbsp;available,79.1
1382230.ASAP_0711,ASAP_0711,annotation&nbsp;not&nbsp;available,79.1
1382230.ASAP_0394,ASAP_0394,annotation&nbsp;not&nbsp;available,79.0
1382230.ASAP_2723,trpA,Tryptophan&nbsp;synthase&nbsp;alpha&nbsp;chain,78.9
1382230.ASAP_1173,murF,UDP-N-acetylmuramoyl-tripeptide--D-alanyl-D-alanine&nbsp;ligase,78.8
1382230.ASAP_2933,ASAP_2933,annotation&nbsp;not&nbsp;available,78.8
1382230.ASAP_2231,ASAP_2231,annotation&nbsp;not&nbsp;available,78.8
1382230.ASAP_1841,ASAP_1841,annotation&nbsp;not&nbsp;available,78.7
1382230.ASAP_1908,ASAP_1908,annotation&nbsp;not&nbsp;available,78.7
1382230.ASAP_2806,ASAP_2806,annotation&nbsp;not&nbsp;available,78.7
1382230.ASAP_1044,rbsK,Ribokinase,78.7
1382230.ASAP_0203,ASAP_0203,annotation&nbsp;not&nbsp;available,78.7
1382230.ASAP_3261,ASAP_3261,annotation&nbsp;not&nbsp;available,78.6
1382230.ASAP_0162,ASAP_0162,annotation&nbsp;not&nbsp;available,78.4
1382230.ASAP_1125,leuD,3-isopropylmalate&nbsp;dehydratase&nbsp;small&nbsp;subunit,78.4
1382230.ASAP_0839,ASAP_0839,annotation&nbsp;not&nbsp;available,78.3
1382230.ASAP_2407,ASAP_2407,annotation&nbsp;not&nbsp;available,78.2
1382230.ASAP_2415,ASAP_2415,annotation&nbsp;not&nbsp;available,78.2
1382230.ASAP_2622,ASAP_2622,annotation&nbsp;not&nbsp;available,78.1
1382230.ASAP_0668,gmk,Guanylate&nbsp;kinase,78.0
1382230.ASAP_3142,ASAP_3142,annotation&nbsp;not&nbsp;available,78.0
1382230.ASAP_2938,ASAP_2938,annotation&nbsp;not&nbsp;available,78.0
1382230.ASAP_2917,ASAP_2917,annotation&nbsp;not&nbsp;available,78.0
1382230.ASAP_0079,ASAP_0079,annotation&nbsp;not&nbsp;available,77.9
1382230.ASAP_1497,ASAP_1497,annotation&nbsp;not&nbsp;available,77.8
1382230.ASAP_0789,ASAP_0789,annotation&nbsp;not&nbsp;available,77.8
1382230.ASAP_1222,ASAP_1222,annotation&nbsp;not&nbsp;available,77.8
1382230.ASAP_1454,ASAP_1454,annotation&nbsp;not&nbsp;available,77.7
1382230.ASAP_1253,ASAP_1253,ATP-dependent&nbsp;Clp&nbsp;protease&nbsp;proteolytic&nbsp;subunit,77.6
1382230.ASAP_1019,ASAP_1019,annotation&nbsp;not&nbsp;available,77.6
1382230.ASAP_2850,ASAP_2850,annotation&nbsp;not&nbsp;available,77.5
1382230.ASAP_0618,ASAP_0618,annotation&nbsp;not&nbsp;available,77.5
1382230.ASAP_3053,ASAP_3053,annotation&nbsp;not&nbsp;available,77.5
1382230.ASAP_1907,ASAP_1907,annotation&nbsp;not&nbsp;available,77.4
1382230.ASAP_1002,ASAP_1002,annotation&nbsp;not&nbsp;available,77.4
1382230.ASAP_3099,ASAP_3099,"Ribose&nbsp;ABC&nbsp;transport&nbsp;system,&nbsp;permease&nbsp;protein&nbsp;RbsC",77.4
1382230.ASAP_0199,ASAP_0199,Ferredoxin,77.4
1382230.ASAP_3103,ASAP_3103,annotation&nbsp;not&nbsp;available,77.4
1382230.ASAP_0352,ASAP_0352,annotation&nbsp;not&nbsp;available,77.4
1382230.ASAP_1147,ASAP_1147,annotation&nbsp;not&nbsp;available,77.2
1382230.ASAP_2818,mtnB,Methylthioribulose-1-phosphate&nbsp;dehydratase,77.2
1382230.ASAP_0380,ASAP_0380,annotation&nbsp;not&nbsp;available,77.1
1382230.ASAP_0453,ASAP_0453,annotation&nbsp;not&nbsp;available,77.1
1382230.ASAP_0470,carA,annotation&nbsp;not&nbsp;available,77.1
1382230.ASAP_1433,ASAP_1433,annotation&nbsp;not&nbsp;available,77.0
1382230.ASAP_2467,ASAP_2467,annotation&nbsp;not&nbsp;available,77.0
1382230.ASAP_1809,ASAP_1809,annotation&nbsp;not&nbsp;available,76.9
1382230.ASAP_2620,ASAP_2620,"dTDP-4-dehydrorhamnose&nbsp;3,5-epimerase",76.9
1382230.ASAP_2043,rpsQ,30S&nbsp;ribosomal&nbsp;protein&nbsp;S17,76.9
1382230.ASAP_2034,rpmD,annotation&nbsp;not&nbsp;available,76.8
1382230.ASAP_2825,ileS,Isoleucine--tRNA&nbsp;ligase,76.8
1382230.ASAP_0323,fabZ,3-hydroxyacyl-[acyl-carrier-protein]&nbsp;dehydratase&nbsp;FabZ,76.8
1382230.ASAP_1737,ASAP_1737,annotation&nbsp;not&nbsp;available,76.8
1382230.ASAP_1547,ASAP_1547,annotation&nbsp;not&nbsp;available,76.7
1382230.ASAP_0395,tolB,Protein&nbsp;TolB,76.7
1382230.ASAP_0045,ASAP_0045,annotation&nbsp;not&nbsp;available,76.7
1382230.ASAP_0238,ASAP_0238,annotation&nbsp;not&nbsp;available,76.7
1382230.ASAP_1352,ASAP_1352,annotation&nbsp;not&nbsp;available,76.6
1382230.ASAP_2020,ASAP_2020,annotation&nbsp;not&nbsp;available,76.6
1382230.ASAP_0020,purC,annotation&nbsp;not&nbsp;available,76.6
1382230.ASAP_2355,secD,Protein&nbsp;translocase&nbsp;subunit&nbsp;SecD,76.6
1382230.ASAP_0312,ASAP_0312,annotation&nbsp;not&nbsp;available,76.6
1382230.ASAP_1723,ASAP_1723,annotation&nbsp;not&nbsp;available,76.5
1382230.ASAP_0965,ASAP_0965,annotation&nbsp;not&nbsp;available,76.5
1382230.ASAP_0136,ASAP_0136,annotation&nbsp;not&nbsp;available,76.5
1382230.ASAP_3031,ASAP_3031,"ABC&nbsp;transporter,&nbsp;periplasmic&nbsp;spermidine&nbsp;putrescine-binding&nbsp;protein&nbsp;PotD",76.4
1382230.ASAP_1175,ASAP_1175,annotation&nbsp;not&nbsp;available,76.3
1382230.ASAP_0262,gshB,annotation&nbsp;not&nbsp;available,76.3
1382230.ASAP_1390,ASAP_1390,annotation&nbsp;not&nbsp;available,76.3
1382230.ASAP_2776,ASAP_2776,annotation&nbsp;not&nbsp;available,76.2
1382230.ASAP_1761,ASAP_1761,annotation&nbsp;not&nbsp;available,76.0
1382230.ASAP_2336,ASAP_2336,annotation&nbsp;not&nbsp;available,75.9
1382230.ASAP_1371,uvrC,UvrABC&nbsp;system&nbsp;protein&nbsp;C,75.9
1382230.ASAP_2836,ASAP_2836,annotation&nbsp;not&nbsp;available,75.8
1382230.ASAP_2104,ASAP_2104,Phosphate-binding&nbsp;protein&nbsp;PstS,75.7
1382230.ASAP_2017,ASAP_2017,annotation&nbsp;not&nbsp;available,75.6
1382230.ASAP_1229,fusA,Elongation&nbsp;factor&nbsp;G,75.6
1382230.ASAP_0716,ASAP_0716,annotation&nbsp;not&nbsp;available,75.6
1382230.ASAP_1243,ASAP_1243,annotation&nbsp;not&nbsp;available,75.6
1382230.ASAP_0681,ASAP_0681,annotation&nbsp;not&nbsp;available,75.5
1382230.ASAP_1035,ASAP_1035,annotation&nbsp;not&nbsp;available,75.5
1382230.ASAP_1161,bamD,Outer&nbsp;membrane&nbsp;protein&nbsp;assembly&nbsp;factor&nbsp;BamD,75.5
1382230.ASAP_1920,argS,annotation&nbsp;not&nbsp;available,75.5
1382230.ASAP_0498,ASAP_0498,annotation&nbsp;not&nbsp;available,75.4
1382230.ASAP_1538,hisE,annotation&nbsp;not&nbsp;available,75.3
1382230.ASAP_1207,ASAP_1207,annotation&nbsp;not&nbsp;available,75.3
1382230.ASAP_2747,prs,Ribose-phosphate&nbsp;pyrophosphokinase,75.3
1382230.ASAP_1859,ASAP_1859,annotation&nbsp;not&nbsp;available,75.3
1382230.ASAP_1367,ASAP_1367,annotation&nbsp;not&nbsp;available,75.3
1382230.ASAP_1110,ASAP_1110,annotation&nbsp;not&nbsp;available,75.2
1382230.ASAP_1866,pheS,annotation&nbsp;not&nbsp;available,75.2
1382230.ASAP_2494,ASAP_2494,Flagellar&nbsp;M-ring&nbsp;protein,75.1
1382230.ASAP_1220,fabH,3-oxoacyl-[acyl-carrier-protein]&nbsp;synthase&nbsp;3,75.0
1382230.ASAP_2214,ASAP_2214,annotation&nbsp;not&nbsp;available,75.0
1382230.ASAP_2096,ASAP_2096,annotation&nbsp;not&nbsp;available,74.8
1382230.ASAP_0490,dnaX,DNA&nbsp;polymerase&nbsp;III&nbsp;subunit&nbsp;gamma/tau,74.8
1382230.ASAP_1949,purD,annotation&nbsp;not&nbsp;available,74.7
1382230.ASAP_3047,ASAP_3047,annotation&nbsp;not&nbsp;available,74.7
1382230.ASAP_0760,ASAP_0760,annotation&nbsp;not&nbsp;available,74.6
1382230.ASAP_0094,smc,Chromosome&nbsp;partition&nbsp;protein&nbsp;Smc,74.6
1382230.ASAP_0029,ASAP_0029,annotation&nbsp;not&nbsp;available,74.6
1382230.ASAP_2930,ASAP_2930,NADH-quinone&nbsp;oxidoreductase&nbsp;subunit,74.6
1382230.ASAP_1707,katG,Catalase-peroxidase,74.6
1382230.ASAP_2657,ASAP_2657,annotation&nbsp;not&nbsp;available,74.4
1382230.ASAP_1969,ASAP_1969,annotation&nbsp;not&nbsp;available,74.2
1382230.ASAP_0897,ASAP_0897,annotation&nbsp;not&nbsp;available,74.2
1382230.ASAP_2042,rplN,50S&nbsp;ribosomal&nbsp;protein&nbsp;L14,74.1
1382230.ASAP_0454,ASAP_0454,annotation&nbsp;not&nbsp;available,74.0
1382230.ASAP_0491,ASAP_0491,annotation&nbsp;not&nbsp;available,74.0
1382230.ASAP_3170,ASAP_3170,annotation&nbsp;not&nbsp;available,74.0
1382230.ASAP_1353,dut,Deoxyuridine&nbsp;5'-triphosphate&nbsp;nucleotidohydrolase,73.9
1382230.ASAP_1944,ASAP_1944,annotation&nbsp;not&nbsp;available,73.8
1382230.ASAP_0185,ndk,Nucleoside&nbsp;diphosphate&nbsp;kinase,73.8
1382230.ASAP_1844,ASAP_1844,annotation&nbsp;not&nbsp;available,73.8
1382230.ASAP_2462,ASAP_2462,annotation&nbsp;not&nbsp;available,73.7
1382230.ASAP_2363,ASAP_2363,annotation&nbsp;not&nbsp;available,73.7
1382230.ASAP_0313,argB,Acetylglutamate&nbsp;kinase,73.6
1382230.ASAP_2487,ASAP_2487,annotation&nbsp;not&nbsp;available,73.5
1382230.ASAP_0705,ASAP_0705,annotation&nbsp;not&nbsp;available,73.5
1382230.ASAP_0390,glmM,Phosphoglucosamine&nbsp;mutase,73.4
1382230.ASAP_3088,glgA,Glycogen&nbsp;synthase,73.4
1382230.ASAP_0967,ASAP_0967,annotation&nbsp;not&nbsp;available,73.4
1382230.ASAP_2539,ASAP_2539,annotation&nbsp;not&nbsp;available,73.4
1382230.ASAP_2822,ASAP_2822,annotation&nbsp;not&nbsp;available,73.4
1382230.ASAP_0140,ASAP_0140,Shikimate&nbsp;dehydrogenase&nbsp;(NADP(+)),73.3
1382230.ASAP_2934,ASAP_2934,annotation&nbsp;not&nbsp;available,73.3
1382230.ASAP_2419,ASAP_2419,annotation&nbsp;not&nbsp;available,73.2
1382230.ASAP_0139,coaE,Dephospho-CoA&nbsp;kinase,73.2
1382230.ASAP_2242,ASAP_2242,annotation&nbsp;not&nbsp;available,73.2
1382230.ASAP_0818,bioD,ATP-dependent&nbsp;dethiobiotin&nbsp;synthetase&nbsp;BioD,73.1
1382230.ASAP_1263,ASAP_1263,annotation&nbsp;not&nbsp;available,73.1
1382230.ASAP_2894,ASAP_2894,annotation&nbsp;not&nbsp;available,73.1
1382230.ASAP_0066,xseB,Exodeoxyribonuclease&nbsp;7&nbsp;small&nbsp;subunit,73.1
1382230.ASAP_0985,ASAP_0985,annotation&nbsp;not&nbsp;available,73.0
1382230.ASAP_2194,atpD,ATP&nbsp;synthase&nbsp;subunit&nbsp;beta,72.9
1382230.ASAP_0665,ASAP_0665,annotation&nbsp;not&nbsp;available,72.9
1382230.ASAP_2261,ASAP_2261,Pyruvate-flavodoxin&nbsp;oxidoreductase,72.9
1382230.ASAP_0236,tsaD,tRNA&nbsp;N6-adenosine&nbsp;threonylcarbamoyltransferase,72.8
1382230.ASAP_0025,ASAP_0025,annotation&nbsp;not&nbsp;available,72.7
1382230.ASAP_0301,ASAP_0301,annotation&nbsp;not&nbsp;available,72.7
1382230.ASAP_0494,clpS,ATP-dependent&nbsp;Clp&nbsp;protease&nbsp;adapter&nbsp;protein&nbsp;ClpS,72.7
1382230.ASAP_0722,ASAP_0722,annotation&nbsp;not&nbsp;available,72.6
1382230.ASAP_2556,ASAP_2556,annotation&nbsp;not&nbsp;available,72.6
1382230.ASAP_1047,thrS,annotation&nbsp;not&nbsp;available,72.4
1382230.ASAP_1743,ASAP_1743,Error-prone&nbsp;DNA&nbsp;polymerase,72.4
1382230.ASAP_2521,ASAP_2521,annotation&nbsp;not&nbsp;available,72.3
1382230.ASAP_2570,ASAP_2570,annotation&nbsp;not&nbsp;available,72.3
1382230.ASAP_2263,frc,Formyl-CoA:oxalate&nbsp;CoA-transferase,72.3
1382230.ASAP_2244,ASAP_2244,annotation&nbsp;not&nbsp;available,72.3
1382230.ASAP_0995,ASAP_0995,L-arabinose&nbsp;transport&nbsp;ATP-binding&nbsp;protein&nbsp;AraG,72.2
1382230.ASAP_1033,ASAP_1033,annotation&nbsp;not&nbsp;available,72.2
1382230.ASAP_0061,ASAP_0061,annotation&nbsp;not&nbsp;available,72.2
1382230.ASAP_3203,ASAP_3203,annotation&nbsp;not&nbsp;available,72.2
1382230.ASAP_2678,ASAP_2678,annotation&nbsp;not&nbsp;available,72.2
1382230.ASAP_2404,ASAP_2404,ATP&nbsp;synthase&nbsp;subunit&nbsp;b,72.0
1382230.ASAP_0935,purA,Adenylosuccinate&nbsp;synthetase,72.0
1382230.ASAP_3218,nusA,Transcription&nbsp;termination/antitermination&nbsp;protein&nbsp;NusA,71.9
1382230.ASAP_0686,ASAP_0686,annotation&nbsp;not&nbsp;available,71.9
1382230.ASAP_1486,ASAP_1486,annotation&nbsp;not&nbsp;available,71.9
1382230.ASAP_0074,ASAP_0074,annotation&nbsp;not&nbsp;available,71.9
1382230.ASAP_2656,grpE,Protein&nbsp;GrpE,71.8
1382230.ASAP_1090,ASAP_1090,annotation&nbsp;not&nbsp;available,71.8
1382230.ASAP_2160,ASAP_2160,annotation&nbsp;not&nbsp;available,71.8
1382230.ASAP_2950,ASAP_2950,annotation&nbsp;not&nbsp;available,71.7
1382230.ASAP_2296,ASAP_2296,annotation&nbsp;not&nbsp;available,71.6
1382230.ASAP_2692,speE,Polyamine&nbsp;aminopropyltransferase,71.6
1382230.ASAP_1288,ASAP_1288,annotation&nbsp;not&nbsp;available,71.6
1382230.ASAP_0144,ASAP_0144,annotation&nbsp;not&nbsp;available,71.5
1382230.ASAP_1635,ASAP_1635,annotation&nbsp;not&nbsp;available,71.4
1382230.ASAP_0474,ASAP_0474,annotation&nbsp;not&nbsp;available,71.4
1382230.ASAP_0700,iolG,Inositol&nbsp;2-dehydrogenase,71.3
1382230.ASAP_1740,ASAP_1740,annotation&nbsp;not&nbsp;available,71.2
1382230.ASAP_2748,ASAP_2748,Probable&nbsp;phosphoglycerate&nbsp;mutase&nbsp;2,71.1
1382230.ASAP_3246,ASAP_3246,annotation&nbsp;not&nbsp;available,71.1
1382230.ASAP_3075,ASAP_3075,annotation&nbsp;not&nbsp;available,71.1
1382230.ASAP_1760,ASAP_1760,annotation&nbsp;not&nbsp;available,71.1
1382230.ASAP_1284,dapA,4-hydroxy-tetrahydrodipicolinate&nbsp;synthase,71.1
1382230.ASAP_3152,cysC,Adenylyl-sulfate&nbsp;kinase,71.0
1382230.ASAP_2493,ASAP_2493,annotation&nbsp;not&nbsp;available,71.0
1382230.ASAP_0557,ASAP_0557,annotation&nbsp;not&nbsp;available,71.0
1382230.ASAP_2405,ASAP_2405,ATP&nbsp;synthase&nbsp;subunit&nbsp;b,71.0
1382230.ASAP_0084,ASAP_0084,annotation&nbsp;not&nbsp;available,71.0
1382230.ASAP_1860,ASAP_1860,annotation&nbsp;not&nbsp;available,70.9
1382230.ASAP_0022,ASAP_0022,annotation&nbsp;not&nbsp;available,70.8
1382230.ASAP_1283,ASAP_1283,annotation&nbsp;not&nbsp;available,70.5
1382230.ASAP_0028,ASAP_0028,annotation&nbsp;not&nbsp;available,70.5
1382230.ASAP_0241,ASAP_0241,annotation&nbsp;not&nbsp;available,70.5
1382230.ASAP_0083,ASAP_0083,annotation&nbsp;not&nbsp;available,70.5
1382230.ASAP_0616,ASAP_0616,annotation&nbsp;not&nbsp;available,70.5
1382230.ASAP_2597,ASAP_2597,annotation&nbsp;not&nbsp;available,70.4
1382230.ASAP_1812,ASAP_1812,annotation&nbsp;not&nbsp;available,70.3
1382230.ASAP_0016,purL,Phosphoribosylformylglycinamidine&nbsp;synthase&nbsp;subunit&nbsp;PurL,70.3
1382230.ASAP_1174,murE,"UDP-N-acetylmuramoyl-L-alanyl-D-glutamate--2,6-diaminopimelate&nbsp;ligase",70.3
1382230.ASAP_2061,rplJ,50S&nbsp;ribosomal&nbsp;protein&nbsp;L10,70.2
1382230.ASAP_2074,ASAP_2074,annotation&nbsp;not&nbsp;available,70.2
1382230.ASAP_0063,ASAP_0063,annotation&nbsp;not&nbsp;available,70.2
1382230.ASAP_2306,ASAP_2306,annotation&nbsp;not&nbsp;available,70.1
