553184.ATORI0001_0365,xseA,Exodeoxyribonuclease&nbsp;7&nbsp;large&nbsp;subunit,98.8
553184.ATORI0001_0817,secE,Protein&nbsp;translocase&nbsp;subunit&nbsp;SecE,98.7
553184.ATORI0001_1121,atpG,ATP&nbsp;synthase&nbsp;gamma&nbsp;chain,98.2
553184.ATORI0001_0189,EEE16678.1,Inosine&nbsp;5-monophosphate&nbsp;dehydrogenase,98.2
553184.ATORI0001_0798,rpsJ,30S&nbsp;ribosomal&nbsp;protein&nbsp;S10,98.1
553184.ATORI0001_0783,rplX,50S&nbsp;ribosomal&nbsp;protein&nbsp;L24,97.5
553184.ATORI0001_0871,rpoA,DNA-directed&nbsp;RNA&nbsp;polymerase&nbsp;subunit&nbsp;alpha,97.3
553184.ATORI0001_0775,EEE17897.1,"Penicillin-binding&nbsp;protein,&nbsp;1A&nbsp;family",96.5
553184.ATORI0001_0805,EEE17818.1,4Fe-4S&nbsp;binding&nbsp;domain&nbsp;protein,95.9
553184.ATORI0001_0921,pheT,Phenylalanine--tRNA&nbsp;ligase&nbsp;beta&nbsp;subunit,95.8
553184.ATORI0001_0792,rplW,50S&nbsp;ribosomal&nbsp;protein&nbsp;L23,94.2
553184.ATORI0001_0614,rplT,50S&nbsp;ribosomal&nbsp;protein&nbsp;L20,94.0
553184.ATORI0001_0787,rplP,50S&nbsp;ribosomal&nbsp;protein&nbsp;L16,94.0
553184.ATORI0001_0550,rpsT,30S&nbsp;ribosomal&nbsp;protein&nbsp;S20,93.7
553184.ATORI0001_0538,rpsO,30S&nbsp;ribosomal&nbsp;protein&nbsp;S15,93.0
553184.ATORI0001_1053,groL,60&nbsp;kDa&nbsp;chaperonin,92.8
553184.ATORI0001_0251,EEE16745.1,"ABC&nbsp;transporter,&nbsp;permease&nbsp;protein",92.7
553184.ATORI0001_0791,rplB,50S&nbsp;ribosomal&nbsp;protein&nbsp;L2,92.3
553184.ATORI0001_1250,rpmH,50S&nbsp;ribosomal&nbsp;protein&nbsp;L34,92.3
553184.ATORI0001_0506,rpsB,30S&nbsp;ribosomal&nbsp;protein&nbsp;S2,91.4
553184.ATORI0001_0789,rplV,50S&nbsp;ribosomal&nbsp;protein&nbsp;L22,91.3
553184.ATORI0001_1111,secA,Protein&nbsp;translocase&nbsp;subunit&nbsp;SecA,91.0
553184.ATORI0001_1277,rplI,50S&nbsp;ribosomal&nbsp;protein&nbsp;L9,90.9
553184.ATORI0001_1378,rpmJ,50S&nbsp;ribosomal&nbsp;protein&nbsp;L36,90.3
553184.ATORI0001_0678,ruvA,Holliday&nbsp;junction&nbsp;ATP-dependent&nbsp;DNA&nbsp;helicase&nbsp;RuvA,90.1
553184.ATORI0001_1058,rimI,tRNA&nbsp;N6-adenosine&nbsp;threonylcarbamoyltransferase,89.9
553184.ATORI0001_0922,pheS,Phenylalanine--tRNA&nbsp;ligase&nbsp;alpha&nbsp;subunit,89.9
553184.ATORI0001_0558,pyrF,Orotidine&nbsp;5'-phosphate&nbsp;decarboxylase,89.5
553184.ATORI0001_1122,atpA,ATP&nbsp;synthase&nbsp;subunit&nbsp;alpha,89.3
553184.ATORI0001_1275,rpsR,30S&nbsp;ribosomal&nbsp;protein&nbsp;S18,88.9
553184.ATORI0001_0253,secG,"Preprotein&nbsp;translocase,&nbsp;SecG&nbsp;subunit",88.7
553184.ATORI0001_1220,EEE17611.1,"Penicillin-binding&nbsp;protein,&nbsp;transpeptidase&nbsp;domain&nbsp;protein",88.1
553184.ATORI0001_0873,rpsK,30S&nbsp;ribosomal&nbsp;protein&nbsp;S11,87.4
553184.ATORI0001_0209,EEE16664.1,"PTS&nbsp;system,&nbsp;mannose/fructose/sorbose&nbsp;family,&nbsp;IIB&nbsp;component",87.3
553184.ATORI0001_1289,purN,Phosphoribosylglycinamide&nbsp;formyltransferase,86.0
553184.ATORI0001_0425,rpmA,50S&nbsp;ribosomal&nbsp;protein&nbsp;L27,84.7
553184.ATORI0001_0687,EEE17970.1,"PTS&nbsp;system,&nbsp;glucose&nbsp;subfamily,&nbsp;IIA&nbsp;component",84.2
553184.ATORI0001_0157,polA,DNA&nbsp;polymerase&nbsp;I,83.9
553184.ATORI0001_1055,groS,10&nbsp;kDa&nbsp;chaperonin,83.5
553184.ATORI0001_0800,rpsG,30S&nbsp;ribosomal&nbsp;protein&nbsp;S7,83.4
553184.ATORI0001_0812,rplJ,50S&nbsp;ribosomal&nbsp;protein&nbsp;L10,83.2
553184.ATORI0001_0022,modB,"Molybdate&nbsp;ABC&nbsp;transporter,&nbsp;permease&nbsp;protein",83.1
553184.ATORI0001_1273,rpsF,30S&nbsp;ribosomal&nbsp;protein&nbsp;S6,82.9
553184.ATORI0001_0811,rplL,50S&nbsp;ribosomal&nbsp;protein&nbsp;L7/L12,81.3
553184.ATORI0001_0078,EEE16849.1,"ABC&nbsp;transporter,&nbsp;ATP-binding&nbsp;protein",80.8
553184.ATORI0001_0424,rplU,50S&nbsp;ribosomal&nbsp;protein&nbsp;L21,80.3
553184.ATORI0001_0884,rpsH,30S&nbsp;ribosomal&nbsp;protein&nbsp;S8,79.7
553184.ATORI0001_0615,rpmI,50S&nbsp;ribosomal&nbsp;protein&nbsp;L35,79.5
553184.ATORI0001_0793,rplD,50S&nbsp;ribosomal&nbsp;protein&nbsp;L4,79.3
553184.ATORI0001_0790,rpsS,30S&nbsp;ribosomal&nbsp;protein&nbsp;S19,78.7
553184.ATORI0001_0353,EEE17738.1,Aldehyde-alcohol&nbsp;dehydrogenase,78.1
553184.ATORI0001_0366,xseB,Exodeoxyribonuclease&nbsp;7&nbsp;small&nbsp;subunit,77.5
553184.ATORI0001_0322,rpmB,50S&nbsp;ribosomal&nbsp;protein&nbsp;L28,77.2
553184.ATORI0001_1120,atpD,ATP&nbsp;synthase&nbsp;subunit&nbsp;beta,77.0
553184.ATORI0001_0265,EEE16690.1,"ABC&nbsp;transporter,&nbsp;ATP-binding&nbsp;protein",76.5
553184.ATORI0001_0786,rpmC,50S&nbsp;ribosomal&nbsp;protein&nbsp;L29,76.2
553184.ATORI0001_0056,EEE16912.1,FAD&nbsp;binding&nbsp;domain&nbsp;in&nbsp;molybdopterin&nbsp;dehydrogenase,76.0
553184.ATORI0001_1560,treP,PTS&nbsp;system&nbsp;trehalose-specific&nbsp;IIBC&nbsp;component,75.3
553184.ATORI0001_0597,EEE17798.1,"Branched-chain&nbsp;amino&nbsp;acid&nbsp;ABC&nbsp;transporter,&nbsp;permease&nbsp;protein",74.3
553184.ATORI0001_1257,gyrB,DNA&nbsp;gyrase&nbsp;subunit&nbsp;B,74.2
553184.ATORI0001_0784,rplN,50S&nbsp;ribosomal&nbsp;protein&nbsp;L14,73.9
553184.ATORI0001_0077,EEE16800.1,"ABC&nbsp;transporter,&nbsp;ATP-binding&nbsp;protein",73.6
553184.ATORI0001_0330,rpmF,50S&nbsp;ribosomal&nbsp;protein&nbsp;L32,73.5
553184.ATORI0001_1157,purH,Bifunctional&nbsp;purine&nbsp;biosynthesis&nbsp;protein&nbsp;PurH,72.5
553184.ATORI0001_0883,rplF,50S&nbsp;ribosomal&nbsp;protein&nbsp;L6,72.5
553184.ATORI0001_0691,EEE17977.1,PTS&nbsp;system&nbsp;mannose/fructose/sorbose&nbsp;family&nbsp;IID&nbsp;component,72.0
553184.ATORI0001_1503,EEE17264.1,"Hydrolase,&nbsp;P-loop&nbsp;family",71.9
553184.ATORI0001_1302,EEE17399.1,"Lactate/malate&nbsp;dehydrogenase,&nbsp;NAD&nbsp;binding&nbsp;domain&nbsp;protein",71.1
553184.ATORI0001_0942,EEE16939.1,Cobalt&nbsp;transport&nbsp;protein,70.5
