1248760.ANFZ01000009_gene993,ANFZ01000009_gene993,annotation&nbsp;not&nbsp;available,98.9
1248760.ANFZ01000009_gene1096,ANFZ01000009_gene1096,annotation&nbsp;not&nbsp;available,98.9
1248760.ANFZ01000004_gene1911,ANFZ01000004_gene1911,annotation&nbsp;not&nbsp;available,98.9
1248760.ANFZ01000009_gene1554,ANFZ01000009_gene1554,annotation&nbsp;not&nbsp;available,98.9
1248760.ANFZ01000009_gene1518,ANFZ01000009_gene1518,annotation&nbsp;not&nbsp;available,98.9
1248760.ANFZ01000006_gene2834,ANFZ01000006_gene2834,annotation&nbsp;not&nbsp;available,98.8
1248760.ANFZ01000006_gene2388,ANFZ01000006_gene2388,annotation&nbsp;not&nbsp;available,98.8
1248760.ANFZ01000009_gene1109,ANFZ01000009_gene1109,annotation&nbsp;not&nbsp;available,98.8
1248760.ANFZ01000009_gene1521,ANFZ01000009_gene1521,annotation&nbsp;not&nbsp;available,98.7
1248760.ANFZ01000021_gene386,ANFZ01000021_gene386,annotation&nbsp;not&nbsp;available,98.6
1248760.ANFZ01000009_gene1327,ANFZ01000009_gene1327,annotation&nbsp;not&nbsp;available,98.5
1248760.ANFZ01000002_gene3247,ANFZ01000002_gene3247,annotation&nbsp;not&nbsp;available,98.5
1248760.ANFZ01000011_gene311,ANFZ01000011_gene311,annotation&nbsp;not&nbsp;available,98.5
1248760.ANFZ01000014_gene2143,ANFZ01000014_gene2143,annotation&nbsp;not&nbsp;available,98.5
1248760.ANFZ01000011_gene229,ANFZ01000011_gene229,annotation&nbsp;not&nbsp;available,98.5
1248760.ANFZ01000012_gene26,ANFZ01000012_gene26,annotation&nbsp;not&nbsp;available,98.5
1248760.ANFZ01000006_gene2316,ANFZ01000006_gene2316,annotation&nbsp;not&nbsp;available,98.5
1248760.ANFZ01000007_gene2902,ANFZ01000007_gene2902,annotation&nbsp;not&nbsp;available,98.4
1248760.ANFZ01000013_gene1864,ANFZ01000013_gene1864,annotation&nbsp;not&nbsp;available,98.4
1248760.ANFZ01000011_gene165,ANFZ01000011_gene165,annotation&nbsp;not&nbsp;available,98.4
1248760.ANFZ01000011_gene273,ANFZ01000011_gene273,annotation&nbsp;not&nbsp;available,98.4
1248760.ANFZ01000002_gene3126,ANFZ01000002_gene3126,annotation&nbsp;not&nbsp;available,98.3
1248760.ANFZ01000021_gene357,ANFZ01000021_gene357,annotation&nbsp;not&nbsp;available,98.3
1248760.ANFZ01000009_gene1154,ANFZ01000009_gene1154,annotation&nbsp;not&nbsp;available,98.2
1248760.ANFZ01000009_gene1022,ANFZ01000009_gene1022,annotation&nbsp;not&nbsp;available,98.2
1248760.ANFZ01000006_gene2673,ANFZ01000006_gene2673,annotation&nbsp;not&nbsp;available,98.1
1248760.ANFZ01000006_gene2773,ANFZ01000006_gene2773,annotation&nbsp;not&nbsp;available,98.1
1248760.ANFZ01000006_gene2512,ANFZ01000006_gene2512,annotation&nbsp;not&nbsp;available,98.1
1248760.ANFZ01000011_gene303,ANFZ01000011_gene303,annotation&nbsp;not&nbsp;available,98.0
1248760.ANFZ01000017_gene495,ANFZ01000017_gene495,annotation&nbsp;not&nbsp;available,98.0
1248760.ANFZ01000006_gene2652,ANFZ01000006_gene2652,annotation&nbsp;not&nbsp;available,98.0
1248760.ANFZ01000018_gene531,ANFZ01000018_gene531,annotation&nbsp;not&nbsp;available,98.0
1248760.ANFZ01000011_gene245,ANFZ01000011_gene245,annotation&nbsp;not&nbsp;available,97.9
1248760.ANFZ01000011_gene256,ANFZ01000011_gene256,annotation&nbsp;not&nbsp;available,97.9
1248760.ANFZ01000011_gene315,ANFZ01000011_gene315,annotation&nbsp;not&nbsp;available,97.9
1248760.ANFZ01000024_gene1693,ANFZ01000024_gene1693,annotation&nbsp;not&nbsp;available,97.9
1248760.ANFZ01000003_gene1657,ANFZ01000003_gene1657,annotation&nbsp;not&nbsp;available,97.9
1248760.ANFZ01000009_gene1313,ANFZ01000009_gene1313,annotation&nbsp;not&nbsp;available,97.9
1248760.ANFZ01000013_gene1821,ANFZ01000013_gene1821,annotation&nbsp;not&nbsp;available,97.8
1248760.ANFZ01000005_gene2204,ANFZ01000005_gene2204,annotation&nbsp;not&nbsp;available,97.8
1248760.ANFZ01000009_gene1329,ANFZ01000009_gene1329,annotation&nbsp;not&nbsp;available,97.8
1248760.ANFZ01000002_gene3000,ANFZ01000002_gene3000,annotation&nbsp;not&nbsp;available,97.8
1248760.ANFZ01000009_gene1418,ANFZ01000009_gene1418,annotation&nbsp;not&nbsp;available,97.6
1248760.ANFZ01000002_gene3015,ANFZ01000002_gene3015,annotation&nbsp;not&nbsp;available,97.6
1248760.ANFZ01000009_gene816,ANFZ01000009_gene816,annotation&nbsp;not&nbsp;available,97.6
1248760.ANFZ01000009_gene1246,ANFZ01000009_gene1246,annotation&nbsp;not&nbsp;available,97.6
1248760.ANFZ01000018_gene629,ANFZ01000018_gene629,annotation&nbsp;not&nbsp;available,97.6
1248760.ANFZ01000004_gene2037,ANFZ01000004_gene2037,annotation&nbsp;not&nbsp;available,97.6
1248760.ANFZ01000008_gene1591,ANFZ01000008_gene1591,annotation&nbsp;not&nbsp;available,97.6
1248760.ANFZ01000009_gene843,ANFZ01000009_gene843,annotation&nbsp;not&nbsp;available,97.6
1248760.ANFZ01000018_gene678,ANFZ01000018_gene678,annotation&nbsp;not&nbsp;available,97.5
1248760.ANFZ01000009_gene921,ANFZ01000009_gene921,annotation&nbsp;not&nbsp;available,97.5
1248760.ANFZ01000013_gene1873,ANFZ01000013_gene1873,annotation&nbsp;not&nbsp;available,97.4
1248760.ANFZ01000006_gene2811,ANFZ01000006_gene2811,annotation&nbsp;not&nbsp;available,97.4
1248760.ANFZ01000011_gene335,ANFZ01000011_gene335,annotation&nbsp;not&nbsp;available,97.4
1248760.ANFZ01000009_gene770,ANFZ01000009_gene770,annotation&nbsp;not&nbsp;available,97.4
1248760.ANFZ01000023_gene133,ANFZ01000023_gene133,annotation&nbsp;not&nbsp;available,97.3
1248760.ANFZ01000006_gene2347,ANFZ01000006_gene2347,annotation&nbsp;not&nbsp;available,97.2
1248760.ANFZ01000006_gene2431,ANFZ01000006_gene2431,annotation&nbsp;not&nbsp;available,97.2
1248760.ANFZ01000009_gene1156,ANFZ01000009_gene1156,annotation&nbsp;not&nbsp;available,97.2
1248760.ANFZ01000009_gene1531,ANFZ01000009_gene1531,annotation&nbsp;not&nbsp;available,97.2
1248760.ANFZ01000006_gene2717,ANFZ01000006_gene2717,annotation&nbsp;not&nbsp;available,97.2
1248760.ANFZ01000006_gene2645,ANFZ01000006_gene2645,annotation&nbsp;not&nbsp;available,97.1
1248760.ANFZ01000006_gene2774,ANFZ01000006_gene2774,annotation&nbsp;not&nbsp;available,97.1
1248760.ANFZ01000005_gene2231,ANFZ01000005_gene2231,annotation&nbsp;not&nbsp;available,97.1
1248760.ANFZ01000018_gene669,ANFZ01000018_gene669,annotation&nbsp;not&nbsp;available,97.0
1248760.ANFZ01000006_gene2477,ANFZ01000006_gene2477,annotation&nbsp;not&nbsp;available,96.9
1248760.ANFZ01000009_gene1228,ANFZ01000009_gene1228,annotation&nbsp;not&nbsp;available,96.9
1248760.ANFZ01000009_gene1525,ANFZ01000009_gene1525,annotation&nbsp;not&nbsp;available,96.9
1248760.ANFZ01000002_gene3229,ANFZ01000002_gene3229,annotation&nbsp;not&nbsp;available,96.8
1248760.ANFZ01000011_gene221,ANFZ01000011_gene221,annotation&nbsp;not&nbsp;available,96.8
1248760.ANFZ01000008_gene1637,ANFZ01000008_gene1637,annotation&nbsp;not&nbsp;available,96.8
1248760.ANFZ01000006_gene2287,ANFZ01000006_gene2287,annotation&nbsp;not&nbsp;available,96.7
1248760.ANFZ01000009_gene1415,ANFZ01000009_gene1415,annotation&nbsp;not&nbsp;available,96.7
1248760.ANFZ01000006_gene2369,ANFZ01000006_gene2369,annotation&nbsp;not&nbsp;available,96.7
1248760.ANFZ01000006_gene2804,ANFZ01000006_gene2804,annotation&nbsp;not&nbsp;available,96.7
1248760.ANFZ01000006_gene2741,ANFZ01000006_gene2741,annotation&nbsp;not&nbsp;available,96.6
1248760.ANFZ01000009_gene800,ANFZ01000009_gene800,annotation&nbsp;not&nbsp;available,96.6
1248760.ANFZ01000004_gene1948,ANFZ01000004_gene1948,annotation&nbsp;not&nbsp;available,96.6
1248760.ANFZ01000009_gene1299,ANFZ01000009_gene1299,annotation&nbsp;not&nbsp;available,96.5
1248760.ANFZ01000009_gene1117,ANFZ01000009_gene1117,annotation&nbsp;not&nbsp;available,96.5
1248760.ANFZ01000009_gene1049,ANFZ01000009_gene1049,annotation&nbsp;not&nbsp;available,96.5
1248760.ANFZ01000006_gene2433,ANFZ01000006_gene2433,annotation&nbsp;not&nbsp;available,96.5
1248760.ANFZ01000011_gene277,ANFZ01000011_gene277,annotation&nbsp;not&nbsp;available,96.5
1248760.ANFZ01000002_gene2984,ANFZ01000002_gene2984,annotation&nbsp;not&nbsp;available,96.4
1248760.ANFZ01000007_gene2854,ANFZ01000007_gene2854,annotation&nbsp;not&nbsp;available,96.4
1248760.ANFZ01000002_gene2990,ANFZ01000002_gene2990,annotation&nbsp;not&nbsp;available,96.4
1248760.ANFZ01000009_gene1332,ANFZ01000009_gene1332,annotation&nbsp;not&nbsp;available,96.3
1248760.ANFZ01000011_gene217,ANFZ01000011_gene217,annotation&nbsp;not&nbsp;available,96.3
1248760.ANFZ01000018_gene729,ANFZ01000018_gene729,annotation&nbsp;not&nbsp;available,96.3
1248760.ANFZ01000009_gene974,ANFZ01000009_gene974,annotation&nbsp;not&nbsp;available,96.3
1248760.ANFZ01000004_gene1983,ANFZ01000004_gene1983,annotation&nbsp;not&nbsp;available,96.2
1248760.ANFZ01000009_gene1370,ANFZ01000009_gene1370,annotation&nbsp;not&nbsp;available,96.2
1248760.ANFZ01000009_gene818,ANFZ01000009_gene818,annotation&nbsp;not&nbsp;available,96.1
1248760.ANFZ01000009_gene1463,ANFZ01000009_gene1463,annotation&nbsp;not&nbsp;available,96.1
1248760.ANFZ01000009_gene1087,ANFZ01000009_gene1087,annotation&nbsp;not&nbsp;available,96.0
1248760.ANFZ01000018_gene585,ANFZ01000018_gene585,annotation&nbsp;not&nbsp;available,95.9
1248760.ANFZ01000006_gene2406,ANFZ01000006_gene2406,annotation&nbsp;not&nbsp;available,95.9
1248760.ANFZ01000009_gene1063,ANFZ01000009_gene1063,annotation&nbsp;not&nbsp;available,95.9
1248760.ANFZ01000023_gene105,ANFZ01000023_gene105,annotation&nbsp;not&nbsp;available,95.9
1248760.ANFZ01000028_gene10,ANFZ01000028_gene10,annotation&nbsp;not&nbsp;available,95.8
1248760.ANFZ01000009_gene1361,ANFZ01000009_gene1361,annotation&nbsp;not&nbsp;available,95.8
1248760.ANFZ01000006_gene2706,ANFZ01000006_gene2706,annotation&nbsp;not&nbsp;available,95.7
1248760.ANFZ01000011_gene288,ANFZ01000011_gene288,annotation&nbsp;not&nbsp;available,95.7
1248760.ANFZ01000013_gene1845,ANFZ01000013_gene1845,annotation&nbsp;not&nbsp;available,95.5
1248760.ANFZ01000006_gene2279,ANFZ01000006_gene2279,annotation&nbsp;not&nbsp;available,95.5
1248760.ANFZ01000013_gene1826,ANFZ01000013_gene1826,annotation&nbsp;not&nbsp;available,95.5
1248760.ANFZ01000009_gene984,ANFZ01000009_gene984,annotation&nbsp;not&nbsp;available,95.5
1248760.ANFZ01000006_gene2435,ANFZ01000006_gene2435,annotation&nbsp;not&nbsp;available,95.5
1248760.ANFZ01000002_gene2960,ANFZ01000002_gene2960,annotation&nbsp;not&nbsp;available,95.4
1248760.ANFZ01000018_gene584,ANFZ01000018_gene584,annotation&nbsp;not&nbsp;available,95.4
1248760.ANFZ01000018_gene543,ANFZ01000018_gene543,annotation&nbsp;not&nbsp;available,95.3
1248760.ANFZ01000018_gene725,ANFZ01000018_gene725,annotation&nbsp;not&nbsp;available,95.3
1248760.ANFZ01000009_gene1055,ANFZ01000009_gene1055,annotation&nbsp;not&nbsp;available,95.3
1248760.ANFZ01000006_gene2333,ANFZ01000006_gene2333,annotation&nbsp;not&nbsp;available,95.3
1248760.ANFZ01000014_gene2148,ANFZ01000014_gene2148,annotation&nbsp;not&nbsp;available,95.3
1248760.ANFZ01000009_gene1434,ANFZ01000009_gene1434,annotation&nbsp;not&nbsp;available,95.2
1248760.ANFZ01000009_gene911,ANFZ01000009_gene911,annotation&nbsp;not&nbsp;available,95.2
1248760.ANFZ01000006_gene2360,ANFZ01000006_gene2360,annotation&nbsp;not&nbsp;available,95.2
1248760.ANFZ01000009_gene1384,ANFZ01000009_gene1384,annotation&nbsp;not&nbsp;available,95.1
1248760.ANFZ01000021_gene342,ANFZ01000021_gene342,annotation&nbsp;not&nbsp;available,95.1
1248760.ANFZ01000004_gene1947,ANFZ01000004_gene1947,annotation&nbsp;not&nbsp;available,95.1
1248760.ANFZ01000006_gene2514,ANFZ01000006_gene2514,annotation&nbsp;not&nbsp;available,95.1
1248760.ANFZ01000018_gene671,ANFZ01000018_gene671,annotation&nbsp;not&nbsp;available,95.0
1248760.ANFZ01000004_gene1979,ANFZ01000004_gene1979,annotation&nbsp;not&nbsp;available,94.9
1248760.ANFZ01000011_gene231,ANFZ01000011_gene231,annotation&nbsp;not&nbsp;available,94.9
1248760.ANFZ01000004_gene2036,ANFZ01000004_gene2036,annotation&nbsp;not&nbsp;available,94.9
1248760.ANFZ01000007_gene2905,ANFZ01000007_gene2905,annotation&nbsp;not&nbsp;available,94.9
1248760.ANFZ01000013_gene1857,ANFZ01000013_gene1857,annotation&nbsp;not&nbsp;available,94.9
1248760.ANFZ01000006_gene2320,ANFZ01000006_gene2320,annotation&nbsp;not&nbsp;available,94.8
1248760.ANFZ01000009_gene1291,ANFZ01000009_gene1291,annotation&nbsp;not&nbsp;available,94.8
1248760.ANFZ01000006_gene2365,ANFZ01000006_gene2365,annotation&nbsp;not&nbsp;available,94.8
1248760.ANFZ01000002_gene3116,ANFZ01000002_gene3116,annotation&nbsp;not&nbsp;available,94.8
1248760.ANFZ01000008_gene1577,ANFZ01000008_gene1577,annotation&nbsp;not&nbsp;available,94.8
1248760.ANFZ01000006_gene2295,ANFZ01000006_gene2295,annotation&nbsp;not&nbsp;available,94.8
1248760.ANFZ01000004_gene1902,ANFZ01000004_gene1902,annotation&nbsp;not&nbsp;available,94.7
1248760.ANFZ01000006_gene2780,ANFZ01000006_gene2780,annotation&nbsp;not&nbsp;available,94.7
1248760.ANFZ01000009_gene1524,ANFZ01000009_gene1524,annotation&nbsp;not&nbsp;available,94.7
1248760.ANFZ01000018_gene524,ANFZ01000018_gene524,annotation&nbsp;not&nbsp;available,94.6
1248760.ANFZ01000002_gene3228,ANFZ01000002_gene3228,annotation&nbsp;not&nbsp;available,94.6
1248760.ANFZ01000009_gene999,ANFZ01000009_gene999,annotation&nbsp;not&nbsp;available,94.6
1248760.ANFZ01000004_gene1953,ANFZ01000004_gene1953,annotation&nbsp;not&nbsp;available,94.5
1248760.ANFZ01000006_gene2831,ANFZ01000006_gene2831,annotation&nbsp;not&nbsp;available,94.5
1248760.ANFZ01000004_gene1970,ANFZ01000004_gene1970,annotation&nbsp;not&nbsp;available,94.4
1248760.ANFZ01000006_gene2784,ANFZ01000006_gene2784,annotation&nbsp;not&nbsp;available,94.4
1248760.ANFZ01000021_gene359,ANFZ01000021_gene359,annotation&nbsp;not&nbsp;available,94.4
1248760.ANFZ01000007_gene2933,ANFZ01000007_gene2933,annotation&nbsp;not&nbsp;available,94.4
1248760.ANFZ01000009_gene991,ANFZ01000009_gene991,annotation&nbsp;not&nbsp;available,94.4
1248760.ANFZ01000014_gene2049,ANFZ01000014_gene2049,annotation&nbsp;not&nbsp;available,94.3
1248760.ANFZ01000006_gene2754,ANFZ01000006_gene2754,annotation&nbsp;not&nbsp;available,94.3
1248760.ANFZ01000019_gene1770,ANFZ01000019_gene1770,annotation&nbsp;not&nbsp;available,94.2
1248760.ANFZ01000024_gene1692,ANFZ01000024_gene1692,annotation&nbsp;not&nbsp;available,94.2
1248760.ANFZ01000009_gene929,ANFZ01000009_gene929,annotation&nbsp;not&nbsp;available,94.2
1248760.ANFZ01000009_gene1171,ANFZ01000009_gene1171,annotation&nbsp;not&nbsp;available,94.2
1248760.ANFZ01000017_gene475,ANFZ01000017_gene475,annotation&nbsp;not&nbsp;available,94.1
1248760.ANFZ01000007_gene2850,ANFZ01000007_gene2850,annotation&nbsp;not&nbsp;available,94.1
1248760.ANFZ01000009_gene1074,ANFZ01000009_gene1074,annotation&nbsp;not&nbsp;available,94.1
1248760.ANFZ01000009_gene1302,ANFZ01000009_gene1302,annotation&nbsp;not&nbsp;available,94.1
1248760.ANFZ01000014_gene2185,ANFZ01000014_gene2185,annotation&nbsp;not&nbsp;available,94.0
1248760.ANFZ01000006_gene2400,ANFZ01000006_gene2400,annotation&nbsp;not&nbsp;available,94.0
1248760.ANFZ01000022_gene82,ANFZ01000022_gene82,annotation&nbsp;not&nbsp;available,94.0
1248760.ANFZ01000006_gene2578,ANFZ01000006_gene2578,annotation&nbsp;not&nbsp;available,94.0
1248760.ANFZ01000006_gene2713,ANFZ01000006_gene2713,annotation&nbsp;not&nbsp;available,94.0
1248760.ANFZ01000018_gene554,ANFZ01000018_gene554,annotation&nbsp;not&nbsp;available,93.9
1248760.ANFZ01000018_gene655,ANFZ01000018_gene655,annotation&nbsp;not&nbsp;available,93.8
1248760.ANFZ01000006_gene2275,ANFZ01000006_gene2275,annotation&nbsp;not&nbsp;available,93.8
1248760.ANFZ01000009_gene1193,ANFZ01000009_gene1193,annotation&nbsp;not&nbsp;available,93.8
1248760.ANFZ01000011_gene294,ANFZ01000011_gene294,annotation&nbsp;not&nbsp;available,93.7
1248760.ANFZ01000019_gene1767,ANFZ01000019_gene1767,annotation&nbsp;not&nbsp;available,93.7
1248760.ANFZ01000021_gene416,ANFZ01000021_gene416,annotation&nbsp;not&nbsp;available,93.6
1248760.ANFZ01000006_gene2619,ANFZ01000006_gene2619,annotation&nbsp;not&nbsp;available,93.6
1248760.ANFZ01000002_gene3122,ANFZ01000002_gene3122,annotation&nbsp;not&nbsp;available,93.6
1248760.ANFZ01000025_gene1741,ANFZ01000025_gene1741,annotation&nbsp;not&nbsp;available,93.5
1248760.ANFZ01000007_gene2930,ANFZ01000007_gene2930,annotation&nbsp;not&nbsp;available,93.5
1248760.ANFZ01000008_gene1621,ANFZ01000008_gene1621,annotation&nbsp;not&nbsp;available,93.5
1248760.ANFZ01000009_gene1417,ANFZ01000009_gene1417,annotation&nbsp;not&nbsp;available,93.3
1248760.ANFZ01000009_gene1163,ANFZ01000009_gene1163,annotation&nbsp;not&nbsp;available,93.3
1248760.ANFZ01000018_gene696,ANFZ01000018_gene696,annotation&nbsp;not&nbsp;available,93.2
1248760.ANFZ01000006_gene2786,ANFZ01000006_gene2786,annotation&nbsp;not&nbsp;available,93.2
1248760.ANFZ01000009_gene1558,ANFZ01000009_gene1558,annotation&nbsp;not&nbsp;available,93.1
1248760.ANFZ01000005_gene2210,ANFZ01000005_gene2210,annotation&nbsp;not&nbsp;available,93.0
1248760.ANFZ01000002_gene2992,ANFZ01000002_gene2992,annotation&nbsp;not&nbsp;available,93.0
1248760.ANFZ01000006_gene2500,ANFZ01000006_gene2500,annotation&nbsp;not&nbsp;available,93.0
1248760.ANFZ01000009_gene926,ANFZ01000009_gene926,annotation&nbsp;not&nbsp;available,92.9
1248760.ANFZ01000016_gene155,ANFZ01000016_gene155,annotation&nbsp;not&nbsp;available,92.9
1248760.ANFZ01000012_gene60,ANFZ01000012_gene60,annotation&nbsp;not&nbsp;available,92.9
1248760.ANFZ01000022_gene72,ANFZ01000022_gene72,annotation&nbsp;not&nbsp;available,92.7
1248760.ANFZ01000009_gene1001,ANFZ01000009_gene1001,annotation&nbsp;not&nbsp;available,92.7
1248760.ANFZ01000002_gene2943,ANFZ01000002_gene2943,annotation&nbsp;not&nbsp;available,92.7
1248760.ANFZ01000005_gene2199,ANFZ01000005_gene2199,annotation&nbsp;not&nbsp;available,92.6
1248760.ANFZ01000014_gene2079,ANFZ01000014_gene2079,annotation&nbsp;not&nbsp;available,92.5
1248760.ANFZ01000018_gene642,ANFZ01000018_gene642,annotation&nbsp;not&nbsp;available,92.5
1248760.ANFZ01000006_gene2729,ANFZ01000006_gene2729,annotation&nbsp;not&nbsp;available,92.5
1248760.ANFZ01000014_gene2165,ANFZ01000014_gene2165,annotation&nbsp;not&nbsp;available,92.5
1248760.ANFZ01000018_gene505,ANFZ01000018_gene505,annotation&nbsp;not&nbsp;available,92.5
1248760.ANFZ01000006_gene2726,ANFZ01000006_gene2726,annotation&nbsp;not&nbsp;available,92.4
1248760.ANFZ01000024_gene1720,ANFZ01000024_gene1720,annotation&nbsp;not&nbsp;available,92.4
1248760.ANFZ01000019_gene1771,ANFZ01000019_gene1771,annotation&nbsp;not&nbsp;available,92.4
1248760.ANFZ01000004_gene1926,ANFZ01000004_gene1926,annotation&nbsp;not&nbsp;available,92.3
1248760.ANFZ01000006_gene2633,ANFZ01000006_gene2633,annotation&nbsp;not&nbsp;available,92.2
1248760.ANFZ01000012_gene50,ANFZ01000012_gene50,annotation&nbsp;not&nbsp;available,92.2
1248760.ANFZ01000002_gene3062,ANFZ01000002_gene3062,annotation&nbsp;not&nbsp;available,92.2
1248760.ANFZ01000009_gene1369,ANFZ01000009_gene1369,annotation&nbsp;not&nbsp;available,92.2
1248760.ANFZ01000021_gene388,ANFZ01000021_gene388,annotation&nbsp;not&nbsp;available,92.1
1248760.ANFZ01000013_gene1876,ANFZ01000013_gene1876,annotation&nbsp;not&nbsp;available,92.1
1248760.ANFZ01000002_gene3019,ANFZ01000002_gene3019,annotation&nbsp;not&nbsp;available,92.0
1248760.ANFZ01000009_gene783,ANFZ01000009_gene783,annotation&nbsp;not&nbsp;available,91.7
1248760.ANFZ01000006_gene2392,ANFZ01000006_gene2392,annotation&nbsp;not&nbsp;available,91.7
1248760.ANFZ01000016_gene153,ANFZ01000016_gene153,annotation&nbsp;not&nbsp;available,91.6
1248760.ANFZ01000004_gene1993,ANFZ01000004_gene1993,annotation&nbsp;not&nbsp;available,91.6
1248760.ANFZ01000006_gene2358,ANFZ01000006_gene2358,annotation&nbsp;not&nbsp;available,91.6
1248760.ANFZ01000018_gene532,ANFZ01000018_gene532,annotation&nbsp;not&nbsp;available,91.5
1248760.ANFZ01000009_gene1374,ANFZ01000009_gene1374,annotation&nbsp;not&nbsp;available,91.5
1248760.ANFZ01000007_gene2873,ANFZ01000007_gene2873,annotation&nbsp;not&nbsp;available,91.5
1248760.ANFZ01000009_gene1180,ANFZ01000009_gene1180,annotation&nbsp;not&nbsp;available,91.5
1248760.ANFZ01000018_gene608,ANFZ01000018_gene608,annotation&nbsp;not&nbsp;available,91.5
1248760.ANFZ01000013_gene1875,ANFZ01000013_gene1875,annotation&nbsp;not&nbsp;available,91.4
1248760.ANFZ01000009_gene1561,ANFZ01000009_gene1561,annotation&nbsp;not&nbsp;available,91.4
1248760.ANFZ01000011_gene175,ANFZ01000011_gene175,annotation&nbsp;not&nbsp;available,91.4
1248760.ANFZ01000006_gene2498,ANFZ01000006_gene2498,annotation&nbsp;not&nbsp;available,91.4
1248760.ANFZ01000006_gene2755,ANFZ01000006_gene2755,annotation&nbsp;not&nbsp;available,91.4
1248760.ANFZ01000009_gene1469,ANFZ01000009_gene1469,annotation&nbsp;not&nbsp;available,91.4
1248760.ANFZ01000009_gene801,ANFZ01000009_gene801,annotation&nbsp;not&nbsp;available,91.4
1248760.ANFZ01000009_gene1155,ANFZ01000009_gene1155,annotation&nbsp;not&nbsp;available,91.3
1248760.ANFZ01000008_gene1636,ANFZ01000008_gene1636,annotation&nbsp;not&nbsp;available,91.3
1248760.ANFZ01000006_gene2600,ANFZ01000006_gene2600,annotation&nbsp;not&nbsp;available,91.3
1248760.ANFZ01000006_gene2480,ANFZ01000006_gene2480,annotation&nbsp;not&nbsp;available,91.3
1248760.ANFZ01000018_gene747,ANFZ01000018_gene747,annotation&nbsp;not&nbsp;available,91.2
1248760.ANFZ01000014_gene2047,ANFZ01000014_gene2047,annotation&nbsp;not&nbsp;available,91.1
1248760.ANFZ01000006_gene2348,ANFZ01000006_gene2348,annotation&nbsp;not&nbsp;available,91.1
1248760.ANFZ01000015_gene1668,ANFZ01000015_gene1668,annotation&nbsp;not&nbsp;available,91.1
1248760.ANFZ01000006_gene2411,ANFZ01000006_gene2411,annotation&nbsp;not&nbsp;available,91.1
1248760.ANFZ01000009_gene904,ANFZ01000009_gene904,annotation&nbsp;not&nbsp;available,91.1
1248760.ANFZ01000009_gene905,ANFZ01000009_gene905,annotation&nbsp;not&nbsp;available,91.1
1248760.ANFZ01000011_gene185,ANFZ01000011_gene185,annotation&nbsp;not&nbsp;available,91.0
1248760.ANFZ01000006_gene2552,ANFZ01000006_gene2552,annotation&nbsp;not&nbsp;available,91.0
1248760.ANFZ01000006_gene2848,ANFZ01000006_gene2848,annotation&nbsp;not&nbsp;available,91.0
1248760.ANFZ01000021_gene435,ANFZ01000021_gene435,annotation&nbsp;not&nbsp;available,91.0
1248760.ANFZ01000024_gene1729,ANFZ01000024_gene1729,annotation&nbsp;not&nbsp;available,90.9
1248760.ANFZ01000009_gene944,ANFZ01000009_gene944,annotation&nbsp;not&nbsp;available,90.9
1248760.ANFZ01000009_gene1353,ANFZ01000009_gene1353,annotation&nbsp;not&nbsp;available,90.9
1248760.ANFZ01000004_gene1971,ANFZ01000004_gene1971,annotation&nbsp;not&nbsp;available,90.9
1248760.ANFZ01000009_gene830,ANFZ01000009_gene830,annotation&nbsp;not&nbsp;available,90.8
1248760.ANFZ01000021_gene348,ANFZ01000021_gene348,annotation&nbsp;not&nbsp;available,90.8
1248760.ANFZ01000017_gene469,ANFZ01000017_gene469,annotation&nbsp;not&nbsp;available,90.8
1248760.ANFZ01000013_gene1872,ANFZ01000013_gene1872,annotation&nbsp;not&nbsp;available,90.7
1248760.ANFZ01000002_gene3063,ANFZ01000002_gene3063,annotation&nbsp;not&nbsp;available,90.7
1248760.ANFZ01000023_gene146,ANFZ01000023_gene146,annotation&nbsp;not&nbsp;available,90.7
1248760.ANFZ01000006_gene2701,ANFZ01000006_gene2701,annotation&nbsp;not&nbsp;available,90.7
1248760.ANFZ01000018_gene760,ANFZ01000018_gene760,annotation&nbsp;not&nbsp;available,90.6
1248760.ANFZ01000022_gene84,ANFZ01000022_gene84,annotation&nbsp;not&nbsp;available,90.4
1248760.ANFZ01000009_gene950,ANFZ01000009_gene950,annotation&nbsp;not&nbsp;available,90.4
1248760.ANFZ01000015_gene1671,ANFZ01000015_gene1671,annotation&nbsp;not&nbsp;available,90.4
1248760.ANFZ01000006_gene2819,ANFZ01000006_gene2819,annotation&nbsp;not&nbsp;available,90.4
1248760.ANFZ01000006_gene2650,ANFZ01000006_gene2650,annotation&nbsp;not&nbsp;available,90.3
1248760.ANFZ01000006_gene2746,ANFZ01000006_gene2746,annotation&nbsp;not&nbsp;available,90.3
1248760.ANFZ01000009_gene948,ANFZ01000009_gene948,annotation&nbsp;not&nbsp;available,90.3
1248760.ANFZ01000002_gene3105,ANFZ01000002_gene3105,annotation&nbsp;not&nbsp;available,90.1
1248760.ANFZ01000011_gene243,ANFZ01000011_gene243,annotation&nbsp;not&nbsp;available,90.0
1248760.ANFZ01000009_gene966,ANFZ01000009_gene966,annotation&nbsp;not&nbsp;available,90.0
1248760.ANFZ01000006_gene2555,ANFZ01000006_gene2555,annotation&nbsp;not&nbsp;available,89.9
1248760.ANFZ01000019_gene1760,ANFZ01000019_gene1760,annotation&nbsp;not&nbsp;available,89.9
1248760.ANFZ01000024_gene1704,ANFZ01000024_gene1704,annotation&nbsp;not&nbsp;available,89.9
1248760.ANFZ01000009_gene957,ANFZ01000009_gene957,annotation&nbsp;not&nbsp;available,89.9
1248760.ANFZ01000011_gene167,ANFZ01000011_gene167,annotation&nbsp;not&nbsp;available,89.8
1248760.ANFZ01000002_gene3014,ANFZ01000002_gene3014,annotation&nbsp;not&nbsp;available,89.8
1248760.ANFZ01000009_gene1265,ANFZ01000009_gene1265,annotation&nbsp;not&nbsp;available,89.8
1248760.ANFZ01000005_gene2229,ANFZ01000005_gene2229,annotation&nbsp;not&nbsp;available,89.7
1248760.ANFZ01000018_gene569,ANFZ01000018_gene569,annotation&nbsp;not&nbsp;available,89.7
1248760.ANFZ01000009_gene1232,ANFZ01000009_gene1232,annotation&nbsp;not&nbsp;available,89.7
1248760.ANFZ01000013_gene1833,ANFZ01000013_gene1833,annotation&nbsp;not&nbsp;available,89.7
1248760.ANFZ01000009_gene917,ANFZ01000009_gene917,annotation&nbsp;not&nbsp;available,89.6
1248760.ANFZ01000014_gene2171,ANFZ01000014_gene2171,annotation&nbsp;not&nbsp;available,89.6
1248760.ANFZ01000019_gene1779,ANFZ01000019_gene1779,annotation&nbsp;not&nbsp;available,89.6
1248760.ANFZ01000009_gene1173,ANFZ01000009_gene1173,annotation&nbsp;not&nbsp;available,89.6
1248760.ANFZ01000009_gene986,ANFZ01000009_gene986,annotation&nbsp;not&nbsp;available,89.6
1248760.ANFZ01000009_gene1403,ANFZ01000009_gene1403,annotation&nbsp;not&nbsp;available,89.5
1248760.ANFZ01000007_gene2897,ANFZ01000007_gene2897,annotation&nbsp;not&nbsp;available,89.5
1248760.ANFZ01000009_gene1139,ANFZ01000009_gene1139,annotation&nbsp;not&nbsp;available,89.5
1248760.ANFZ01000009_gene1212,ANFZ01000009_gene1212,annotation&nbsp;not&nbsp;available,89.4
1248760.ANFZ01000015_gene1675,ANFZ01000015_gene1675,annotation&nbsp;not&nbsp;available,89.4
1248760.ANFZ01000013_gene1829,ANFZ01000013_gene1829,annotation&nbsp;not&nbsp;available,89.4
1248760.ANFZ01000009_gene1278,ANFZ01000009_gene1278,annotation&nbsp;not&nbsp;available,89.4
1248760.ANFZ01000004_gene1903,ANFZ01000004_gene1903,annotation&nbsp;not&nbsp;available,89.3
1248760.ANFZ01000008_gene1616,ANFZ01000008_gene1616,annotation&nbsp;not&nbsp;available,89.2
1248760.ANFZ01000021_gene449,ANFZ01000021_gene449,annotation&nbsp;not&nbsp;available,89.2
1248760.ANFZ01000014_gene2097,ANFZ01000014_gene2097,annotation&nbsp;not&nbsp;available,89.1
1248760.ANFZ01000006_gene2720,ANFZ01000006_gene2720,annotation&nbsp;not&nbsp;available,89.1
1248760.ANFZ01000009_gene1223,ANFZ01000009_gene1223,annotation&nbsp;not&nbsp;available,89.1
1248760.ANFZ01000009_gene856,ANFZ01000009_gene856,annotation&nbsp;not&nbsp;available,89.1
1248760.ANFZ01000006_gene2357,ANFZ01000006_gene2357,annotation&nbsp;not&nbsp;available,89.1
1248760.ANFZ01000006_gene2359,ANFZ01000006_gene2359,annotation&nbsp;not&nbsp;available,89.0
1248760.ANFZ01000002_gene3185,ANFZ01000002_gene3185,annotation&nbsp;not&nbsp;available,89.0
1248760.ANFZ01000011_gene183,ANFZ01000011_gene183,annotation&nbsp;not&nbsp;available,89.0
1248760.ANFZ01000018_gene615,ANFZ01000018_gene615,annotation&nbsp;not&nbsp;available,88.9
1248760.ANFZ01000006_gene2715,ANFZ01000006_gene2715,annotation&nbsp;not&nbsp;available,88.9
1248760.ANFZ01000011_gene263,ANFZ01000011_gene263,annotation&nbsp;not&nbsp;available,88.9
1248760.ANFZ01000009_gene1198,ANFZ01000009_gene1198,annotation&nbsp;not&nbsp;available,88.9
1248760.ANFZ01000009_gene788,ANFZ01000009_gene788,annotation&nbsp;not&nbsp;available,88.8
1248760.ANFZ01000027_gene4,ANFZ01000027_gene4,annotation&nbsp;not&nbsp;available,88.8
1248760.ANFZ01000017_gene493,ANFZ01000017_gene493,annotation&nbsp;not&nbsp;available,88.7
1248760.ANFZ01000009_gene1491,ANFZ01000009_gene1491,annotation&nbsp;not&nbsp;available,88.7
1248760.ANFZ01000019_gene1754,ANFZ01000019_gene1754,annotation&nbsp;not&nbsp;available,88.7
1248760.ANFZ01000019_gene1764,ANFZ01000019_gene1764,annotation&nbsp;not&nbsp;available,88.5
1248760.ANFZ01000009_gene952,ANFZ01000009_gene952,annotation&nbsp;not&nbsp;available,88.5
1248760.ANFZ01000009_gene1182,ANFZ01000009_gene1182,annotation&nbsp;not&nbsp;available,88.4
1248760.ANFZ01000009_gene1195,ANFZ01000009_gene1195,annotation&nbsp;not&nbsp;available,88.4
1248760.ANFZ01000009_gene972,ANFZ01000009_gene972,annotation&nbsp;not&nbsp;available,88.4
1248760.ANFZ01000002_gene3109,ANFZ01000002_gene3109,annotation&nbsp;not&nbsp;available,88.4
1248760.ANFZ01000006_gene2367,ANFZ01000006_gene2367,annotation&nbsp;not&nbsp;available,88.4
1248760.ANFZ01000012_gene51,ANFZ01000012_gene51,annotation&nbsp;not&nbsp;available,88.4
1248760.ANFZ01000009_gene1298,ANFZ01000009_gene1298,annotation&nbsp;not&nbsp;available,88.3
1248760.ANFZ01000002_gene3186,ANFZ01000002_gene3186,annotation&nbsp;not&nbsp;available,88.3
1248760.ANFZ01000006_gene2653,ANFZ01000006_gene2653,annotation&nbsp;not&nbsp;available,88.3
1248760.ANFZ01000009_gene1519,ANFZ01000009_gene1519,annotation&nbsp;not&nbsp;available,88.3
1248760.ANFZ01000009_gene1145,ANFZ01000009_gene1145,annotation&nbsp;not&nbsp;available,88.2
1248760.ANFZ01000006_gene2843,ANFZ01000006_gene2843,annotation&nbsp;not&nbsp;available,88.2
1248760.ANFZ01000011_gene233,ANFZ01000011_gene233,annotation&nbsp;not&nbsp;available,88.2
1248760.ANFZ01000011_gene325,ANFZ01000011_gene325,annotation&nbsp;not&nbsp;available,88.2
1248760.ANFZ01000012_gene59,ANFZ01000012_gene59,annotation&nbsp;not&nbsp;available,88.1
1248760.ANFZ01000007_gene2923,ANFZ01000007_gene2923,annotation&nbsp;not&nbsp;available,88.1
1248760.ANFZ01000009_gene1064,ANFZ01000009_gene1064,annotation&nbsp;not&nbsp;available,88.1
1248760.ANFZ01000006_gene2782,ANFZ01000006_gene2782,annotation&nbsp;not&nbsp;available,88.0
1248760.ANFZ01000006_gene2297,ANFZ01000006_gene2297,annotation&nbsp;not&nbsp;available,88.0
1248760.ANFZ01000021_gene387,ANFZ01000021_gene387,annotation&nbsp;not&nbsp;available,88.0
1248760.ANFZ01000017_gene472,ANFZ01000017_gene472,annotation&nbsp;not&nbsp;available,87.8
1248760.ANFZ01000009_gene1335,ANFZ01000009_gene1335,annotation&nbsp;not&nbsp;available,87.7
1248760.ANFZ01000002_gene2974,ANFZ01000002_gene2974,annotation&nbsp;not&nbsp;available,87.7
1248760.ANFZ01000018_gene508,ANFZ01000018_gene508,annotation&nbsp;not&nbsp;available,87.7
1248760.ANFZ01000004_gene2003,ANFZ01000004_gene2003,annotation&nbsp;not&nbsp;available,87.7
1248760.ANFZ01000009_gene985,ANFZ01000009_gene985,annotation&nbsp;not&nbsp;available,87.6
1248760.ANFZ01000009_gene1062,ANFZ01000009_gene1062,annotation&nbsp;not&nbsp;available,87.6
1248760.ANFZ01000018_gene637,ANFZ01000018_gene637,annotation&nbsp;not&nbsp;available,87.5
1248760.ANFZ01000009_gene1567,ANFZ01000009_gene1567,annotation&nbsp;not&nbsp;available,87.4
1248760.ANFZ01000014_gene2168,ANFZ01000014_gene2168,annotation&nbsp;not&nbsp;available,87.4
1248760.ANFZ01000011_gene291,ANFZ01000011_gene291,annotation&nbsp;not&nbsp;available,87.4
1248760.ANFZ01000009_gene797,ANFZ01000009_gene797,annotation&nbsp;not&nbsp;available,87.3
1248760.ANFZ01000009_gene1097,ANFZ01000009_gene1097,annotation&nbsp;not&nbsp;available,87.3
1248760.ANFZ01000018_gene746,ANFZ01000018_gene746,annotation&nbsp;not&nbsp;available,87.3
1248760.ANFZ01000006_gene2759,ANFZ01000006_gene2759,annotation&nbsp;not&nbsp;available,87.3
1248760.ANFZ01000018_gene559,ANFZ01000018_gene559,annotation&nbsp;not&nbsp;available,87.3
1248760.ANFZ01000007_gene2887,ANFZ01000007_gene2887,annotation&nbsp;not&nbsp;available,87.3
1248760.ANFZ01000018_gene647,ANFZ01000018_gene647,annotation&nbsp;not&nbsp;available,87.3
1248760.ANFZ01000006_gene2344,ANFZ01000006_gene2344,annotation&nbsp;not&nbsp;available,87.2
1248760.ANFZ01000009_gene884,ANFZ01000009_gene884,annotation&nbsp;not&nbsp;available,87.2
1248760.ANFZ01000006_gene2540,ANFZ01000006_gene2540,annotation&nbsp;not&nbsp;available,87.2
1248760.ANFZ01000009_gene1511,ANFZ01000009_gene1511,annotation&nbsp;not&nbsp;available,87.2
1248760.ANFZ01000018_gene701,ANFZ01000018_gene701,annotation&nbsp;not&nbsp;available,87.2
1248760.ANFZ01000008_gene1638,ANFZ01000008_gene1638,annotation&nbsp;not&nbsp;available,87.2
1248760.ANFZ01000018_gene714,ANFZ01000018_gene714,annotation&nbsp;not&nbsp;available,87.2
1248760.ANFZ01000009_gene1032,ANFZ01000009_gene1032,annotation&nbsp;not&nbsp;available,87.1
1248760.ANFZ01000013_gene1839,ANFZ01000013_gene1839,annotation&nbsp;not&nbsp;available,87.1
1248760.ANFZ01000018_gene628,ANFZ01000018_gene628,annotation&nbsp;not&nbsp;available,87.1
1248760.ANFZ01000006_gene2828,ANFZ01000006_gene2828,annotation&nbsp;not&nbsp;available,87.0
1248760.ANFZ01000009_gene1490,ANFZ01000009_gene1490,annotation&nbsp;not&nbsp;available,87.0
1248760.ANFZ01000018_gene627,ANFZ01000018_gene627,annotation&nbsp;not&nbsp;available,86.9
1248760.ANFZ01000009_gene868,ANFZ01000009_gene868,annotation&nbsp;not&nbsp;available,86.9
1248760.ANFZ01000024_gene1689,ANFZ01000024_gene1689,annotation&nbsp;not&nbsp;available,86.8
1248760.ANFZ01000009_gene1414,ANFZ01000009_gene1414,annotation&nbsp;not&nbsp;available,86.8
1248760.ANFZ01000009_gene1538,ANFZ01000009_gene1538,annotation&nbsp;not&nbsp;available,86.7
1248760.ANFZ01000009_gene965,ANFZ01000009_gene965,annotation&nbsp;not&nbsp;available,86.7
1248760.ANFZ01000018_gene501,ANFZ01000018_gene501,annotation&nbsp;not&nbsp;available,86.6
1248760.ANFZ01000006_gene2760,ANFZ01000006_gene2760,annotation&nbsp;not&nbsp;available,86.6
1248760.ANFZ01000009_gene1000,ANFZ01000009_gene1000,annotation&nbsp;not&nbsp;available,86.6
1248760.ANFZ01000018_gene688,ANFZ01000018_gene688,annotation&nbsp;not&nbsp;available,86.6
1248760.ANFZ01000006_gene2704,ANFZ01000006_gene2704,annotation&nbsp;not&nbsp;available,86.6
1248760.ANFZ01000004_gene1942,ANFZ01000004_gene1942,annotation&nbsp;not&nbsp;available,86.5
1248760.ANFZ01000009_gene1014,ANFZ01000009_gene1014,annotation&nbsp;not&nbsp;available,86.5
1248760.ANFZ01000004_gene2017,ANFZ01000004_gene2017,annotation&nbsp;not&nbsp;available,86.5
1248760.ANFZ01000006_gene2580,ANFZ01000006_gene2580,annotation&nbsp;not&nbsp;available,86.5
1248760.ANFZ01000002_gene2973,ANFZ01000002_gene2973,annotation&nbsp;not&nbsp;available,86.4
1248760.ANFZ01000002_gene2965,ANFZ01000002_gene2965,annotation&nbsp;not&nbsp;available,86.4
1248760.ANFZ01000009_gene902,ANFZ01000009_gene902,annotation&nbsp;not&nbsp;available,86.3
1248760.ANFZ01000021_gene358,ANFZ01000021_gene358,annotation&nbsp;not&nbsp;available,86.2
1248760.ANFZ01000016_gene158,ANFZ01000016_gene158,annotation&nbsp;not&nbsp;available,86.2
1248760.ANFZ01000025_gene1740,ANFZ01000025_gene1740,annotation&nbsp;not&nbsp;available,86.1
1248760.ANFZ01000007_gene2915,ANFZ01000007_gene2915,annotation&nbsp;not&nbsp;available,86.1
1248760.ANFZ01000006_gene2631,ANFZ01000006_gene2631,annotation&nbsp;not&nbsp;available,86.0
1248760.ANFZ01000023_gene108,ANFZ01000023_gene108,annotation&nbsp;not&nbsp;available,86.0
1248760.ANFZ01000002_gene3220,ANFZ01000002_gene3220,annotation&nbsp;not&nbsp;available,86.0
1248760.ANFZ01000005_gene2205,ANFZ01000005_gene2205,annotation&nbsp;not&nbsp;available,86.0
1248760.ANFZ01000005_gene2192,ANFZ01000005_gene2192,annotation&nbsp;not&nbsp;available,86.0
1248760.ANFZ01000006_gene2810,ANFZ01000006_gene2810,annotation&nbsp;not&nbsp;available,86.0
1248760.ANFZ01000009_gene1492,ANFZ01000009_gene1492,annotation&nbsp;not&nbsp;available,86.0
1248760.ANFZ01000009_gene933,ANFZ01000009_gene933,annotation&nbsp;not&nbsp;available,86.0
1248760.ANFZ01000009_gene1002,ANFZ01000009_gene1002,annotation&nbsp;not&nbsp;available,86.0
1248760.ANFZ01000009_gene976,ANFZ01000009_gene976,annotation&nbsp;not&nbsp;available,86.0
1248760.ANFZ01000009_gene1036,ANFZ01000009_gene1036,annotation&nbsp;not&nbsp;available,85.9
1248760.ANFZ01000021_gene391,ANFZ01000021_gene391,annotation&nbsp;not&nbsp;available,85.9
1248760.ANFZ01000002_gene3006,ANFZ01000002_gene3006,annotation&nbsp;not&nbsp;available,85.9
1248760.ANFZ01000002_gene3050,ANFZ01000002_gene3050,annotation&nbsp;not&nbsp;available,85.9
1248760.ANFZ01000011_gene310,ANFZ01000011_gene310,annotation&nbsp;not&nbsp;available,85.9
1248760.ANFZ01000012_gene20,ANFZ01000012_gene20,annotation&nbsp;not&nbsp;available,85.9
1248760.ANFZ01000009_gene789,ANFZ01000009_gene789,annotation&nbsp;not&nbsp;available,85.9
1248760.ANFZ01000008_gene1584,ANFZ01000008_gene1584,annotation&nbsp;not&nbsp;available,85.8
1248760.ANFZ01000005_gene2232,ANFZ01000005_gene2232,annotation&nbsp;not&nbsp;available,85.8
1248760.ANFZ01000002_gene3210,ANFZ01000002_gene3210,annotation&nbsp;not&nbsp;available,85.7
1248760.ANFZ01000006_gene2779,ANFZ01000006_gene2779,annotation&nbsp;not&nbsp;available,85.7
1248760.ANFZ01000009_gene1573,ANFZ01000009_gene1573,annotation&nbsp;not&nbsp;available,85.6
1248760.ANFZ01000014_gene2104,ANFZ01000014_gene2104,annotation&nbsp;not&nbsp;available,85.5
1248760.ANFZ01000006_gene2456,ANFZ01000006_gene2456,annotation&nbsp;not&nbsp;available,85.5
1248760.ANFZ01000006_gene2718,ANFZ01000006_gene2718,annotation&nbsp;not&nbsp;available,85.5
1248760.ANFZ01000018_gene661,ANFZ01000018_gene661,annotation&nbsp;not&nbsp;available,85.5
1248760.ANFZ01000018_gene703,ANFZ01000018_gene703,annotation&nbsp;not&nbsp;available,85.4
1248760.ANFZ01000009_gene1348,ANFZ01000009_gene1348,annotation&nbsp;not&nbsp;available,85.4
1248760.ANFZ01000002_gene3111,ANFZ01000002_gene3111,annotation&nbsp;not&nbsp;available,85.4
1248760.ANFZ01000002_gene3226,ANFZ01000002_gene3226,annotation&nbsp;not&nbsp;available,85.4
1248760.ANFZ01000022_gene70,ANFZ01000022_gene70,annotation&nbsp;not&nbsp;available,85.4
1248760.ANFZ01000007_gene2931,ANFZ01000007_gene2931,annotation&nbsp;not&nbsp;available,85.3
1248760.ANFZ01000002_gene3129,ANFZ01000002_gene3129,annotation&nbsp;not&nbsp;available,85.3
1248760.ANFZ01000002_gene3026,ANFZ01000002_gene3026,annotation&nbsp;not&nbsp;available,85.1
1248760.ANFZ01000002_gene2986,ANFZ01000002_gene2986,annotation&nbsp;not&nbsp;available,85.1
1248760.ANFZ01000009_gene1121,ANFZ01000009_gene1121,annotation&nbsp;not&nbsp;available,85.1
1248760.ANFZ01000009_gene1071,ANFZ01000009_gene1071,annotation&nbsp;not&nbsp;available,85.1
1248760.ANFZ01000002_gene3106,ANFZ01000002_gene3106,annotation&nbsp;not&nbsp;available,85.1
1248760.ANFZ01000014_gene2098,ANFZ01000014_gene2098,annotation&nbsp;not&nbsp;available,85.0
1248760.ANFZ01000018_gene712,ANFZ01000018_gene712,annotation&nbsp;not&nbsp;available,84.9
1248760.ANFZ01000006_gene2716,ANFZ01000006_gene2716,annotation&nbsp;not&nbsp;available,84.8
1248760.ANFZ01000019_gene1809,ANFZ01000019_gene1809,annotation&nbsp;not&nbsp;available,84.8
1248760.ANFZ01000021_gene382,ANFZ01000021_gene382,annotation&nbsp;not&nbsp;available,84.8
1248760.ANFZ01000009_gene1494,ANFZ01000009_gene1494,annotation&nbsp;not&nbsp;available,84.8
1248760.ANFZ01000014_gene2081,ANFZ01000014_gene2081,annotation&nbsp;not&nbsp;available,84.8
1248760.ANFZ01000017_gene474,ANFZ01000017_gene474,annotation&nbsp;not&nbsp;available,84.7
1248760.ANFZ01000009_gene1016,ANFZ01000009_gene1016,annotation&nbsp;not&nbsp;available,84.7
1248760.ANFZ01000009_gene1347,ANFZ01000009_gene1347,annotation&nbsp;not&nbsp;available,84.7
1248760.ANFZ01000015_gene1665,ANFZ01000015_gene1665,annotation&nbsp;not&nbsp;available,84.6
1248760.ANFZ01000009_gene1186,ANFZ01000009_gene1186,annotation&nbsp;not&nbsp;available,84.5
1248760.ANFZ01000009_gene876,ANFZ01000009_gene876,annotation&nbsp;not&nbsp;available,84.4
1248760.ANFZ01000018_gene581,ANFZ01000018_gene581,annotation&nbsp;not&nbsp;available,84.4
1248760.ANFZ01000007_gene2886,ANFZ01000007_gene2886,annotation&nbsp;not&nbsp;available,84.4
1248760.ANFZ01000002_gene3114,ANFZ01000002_gene3114,annotation&nbsp;not&nbsp;available,84.4
1248760.ANFZ01000011_gene332,ANFZ01000011_gene332,annotation&nbsp;not&nbsp;available,84.4
1248760.ANFZ01000009_gene996,ANFZ01000009_gene996,annotation&nbsp;not&nbsp;available,84.3
1248760.ANFZ01000018_gene749,ANFZ01000018_gene749,annotation&nbsp;not&nbsp;available,84.2
1248760.ANFZ01000006_gene2449,ANFZ01000006_gene2449,annotation&nbsp;not&nbsp;available,84.2
1248760.ANFZ01000009_gene1474,ANFZ01000009_gene1474,annotation&nbsp;not&nbsp;available,84.2
1248760.ANFZ01000013_gene1849,ANFZ01000013_gene1849,annotation&nbsp;not&nbsp;available,84.2
1248760.ANFZ01000009_gene1435,ANFZ01000009_gene1435,annotation&nbsp;not&nbsp;available,84.2
1248760.ANFZ01000009_gene1176,ANFZ01000009_gene1176,annotation&nbsp;not&nbsp;available,84.2
1248760.ANFZ01000002_gene3234,ANFZ01000002_gene3234,annotation&nbsp;not&nbsp;available,84.1
1248760.ANFZ01000006_gene2792,ANFZ01000006_gene2792,annotation&nbsp;not&nbsp;available,84.0
1248760.ANFZ01000018_gene616,ANFZ01000018_gene616,annotation&nbsp;not&nbsp;available,84.0
1248760.ANFZ01000009_gene890,ANFZ01000009_gene890,annotation&nbsp;not&nbsp;available,83.9
1248760.ANFZ01000004_gene1956,ANFZ01000004_gene1956,annotation&nbsp;not&nbsp;available,83.8
1248760.ANFZ01000009_gene1218,ANFZ01000009_gene1218,annotation&nbsp;not&nbsp;available,83.8
1248760.ANFZ01000004_gene1963,ANFZ01000004_gene1963,annotation&nbsp;not&nbsp;available,83.6
1248760.ANFZ01000006_gene2478,ANFZ01000006_gene2478,annotation&nbsp;not&nbsp;available,83.6
1248760.ANFZ01000006_gene2709,ANFZ01000006_gene2709,annotation&nbsp;not&nbsp;available,83.6
1248760.ANFZ01000006_gene2268,ANFZ01000006_gene2268,annotation&nbsp;not&nbsp;available,83.6
1248760.ANFZ01000016_gene159,ANFZ01000016_gene159,annotation&nbsp;not&nbsp;available,83.6
1248760.ANFZ01000021_gene432,ANFZ01000021_gene432,annotation&nbsp;not&nbsp;available,83.6
1248760.ANFZ01000021_gene354,ANFZ01000021_gene354,annotation&nbsp;not&nbsp;available,83.5
1248760.ANFZ01000002_gene3123,ANFZ01000002_gene3123,annotation&nbsp;not&nbsp;available,83.5
1248760.ANFZ01000011_gene223,ANFZ01000011_gene223,annotation&nbsp;not&nbsp;available,83.5
1248760.ANFZ01000006_gene2647,ANFZ01000006_gene2647,annotation&nbsp;not&nbsp;available,83.5
1248760.ANFZ01000023_gene126,ANFZ01000023_gene126,annotation&nbsp;not&nbsp;available,83.5
1248760.ANFZ01000006_gene2447,ANFZ01000006_gene2447,annotation&nbsp;not&nbsp;available,83.4
1248760.ANFZ01000004_gene1982,ANFZ01000004_gene1982,annotation&nbsp;not&nbsp;available,83.4
1248760.ANFZ01000004_gene1913,ANFZ01000004_gene1913,annotation&nbsp;not&nbsp;available,83.4
1248760.ANFZ01000009_gene1305,ANFZ01000009_gene1305,annotation&nbsp;not&nbsp;available,83.3
1248760.ANFZ01000027_gene8,ANFZ01000027_gene8,annotation&nbsp;not&nbsp;available,83.3
1248760.ANFZ01000009_gene1293,ANFZ01000009_gene1293,annotation&nbsp;not&nbsp;available,83.3
1248760.ANFZ01000009_gene1143,ANFZ01000009_gene1143,annotation&nbsp;not&nbsp;available,83.3
1248760.ANFZ01000023_gene141,ANFZ01000023_gene141,annotation&nbsp;not&nbsp;available,83.3
1248760.ANFZ01000004_gene1980,ANFZ01000004_gene1980,annotation&nbsp;not&nbsp;available,83.2
1248760.ANFZ01000009_gene846,ANFZ01000009_gene846,annotation&nbsp;not&nbsp;available,83.2
1248760.ANFZ01000006_gene2702,ANFZ01000006_gene2702,annotation&nbsp;not&nbsp;available,83.1
1248760.ANFZ01000006_gene2662,ANFZ01000006_gene2662,annotation&nbsp;not&nbsp;available,83.1
1248760.ANFZ01000009_gene781,ANFZ01000009_gene781,annotation&nbsp;not&nbsp;available,83.1
1248760.ANFZ01000013_gene1834,ANFZ01000013_gene1834,annotation&nbsp;not&nbsp;available,83.0
1248760.ANFZ01000006_gene2777,ANFZ01000006_gene2777,annotation&nbsp;not&nbsp;available,83.0
1248760.ANFZ01000009_gene1072,ANFZ01000009_gene1072,annotation&nbsp;not&nbsp;available,82.8
1248760.ANFZ01000009_gene1315,ANFZ01000009_gene1315,annotation&nbsp;not&nbsp;available,82.8
1248760.ANFZ01000018_gene595,ANFZ01000018_gene595,annotation&nbsp;not&nbsp;available,82.7
1248760.ANFZ01000006_gene2549,ANFZ01000006_gene2549,annotation&nbsp;not&nbsp;available,82.7
1248760.ANFZ01000006_gene2542,ANFZ01000006_gene2542,annotation&nbsp;not&nbsp;available,82.7
1248760.ANFZ01000022_gene76,ANFZ01000022_gene76,annotation&nbsp;not&nbsp;available,82.7
1248760.ANFZ01000009_gene973,ANFZ01000009_gene973,annotation&nbsp;not&nbsp;available,82.7
1248760.ANFZ01000009_gene1464,ANFZ01000009_gene1464,annotation&nbsp;not&nbsp;available,82.7
1248760.ANFZ01000004_gene2021,ANFZ01000004_gene2021,annotation&nbsp;not&nbsp;available,82.6
1248760.ANFZ01000021_gene414,ANFZ01000021_gene414,annotation&nbsp;not&nbsp;available,82.6
1248760.ANFZ01000008_gene1608,ANFZ01000008_gene1608,annotation&nbsp;not&nbsp;available,82.5
1248760.ANFZ01000021_gene394,ANFZ01000021_gene394,annotation&nbsp;not&nbsp;available,82.4
1248760.ANFZ01000002_gene3212,ANFZ01000002_gene3212,annotation&nbsp;not&nbsp;available,82.4
1248760.ANFZ01000006_gene2475,ANFZ01000006_gene2475,annotation&nbsp;not&nbsp;available,82.4
1248760.ANFZ01000014_gene2151,ANFZ01000014_gene2151,annotation&nbsp;not&nbsp;available,82.4
1248760.ANFZ01000009_gene897,ANFZ01000009_gene897,annotation&nbsp;not&nbsp;available,82.3
1248760.ANFZ01000006_gene2417,ANFZ01000006_gene2417,annotation&nbsp;not&nbsp;available,82.3
1248760.ANFZ01000009_gene1368,ANFZ01000009_gene1368,annotation&nbsp;not&nbsp;available,82.3
1248760.ANFZ01000018_gene707,ANFZ01000018_gene707,annotation&nbsp;not&nbsp;available,82.3
1248760.ANFZ01000018_gene653,ANFZ01000018_gene653,annotation&nbsp;not&nbsp;available,82.2
1248760.ANFZ01000023_gene106,ANFZ01000023_gene106,annotation&nbsp;not&nbsp;available,82.2
1248760.ANFZ01000006_gene2789,ANFZ01000006_gene2789,annotation&nbsp;not&nbsp;available,82.2
1248760.ANFZ01000012_gene61,ANFZ01000012_gene61,annotation&nbsp;not&nbsp;available,82.1
1248760.ANFZ01000009_gene1024,ANFZ01000009_gene1024,annotation&nbsp;not&nbsp;available,82.1
1248760.ANFZ01000004_gene1943,ANFZ01000004_gene1943,annotation&nbsp;not&nbsp;available,82.0
1248760.ANFZ01000021_gene410,ANFZ01000021_gene410,annotation&nbsp;not&nbsp;available,82.0
1248760.ANFZ01000009_gene998,ANFZ01000009_gene998,annotation&nbsp;not&nbsp;available,82.0
1248760.ANFZ01000019_gene1769,ANFZ01000019_gene1769,annotation&nbsp;not&nbsp;available,82.0
1248760.ANFZ01000006_gene2386,ANFZ01000006_gene2386,annotation&nbsp;not&nbsp;available,81.9
1248760.ANFZ01000012_gene19,ANFZ01000012_gene19,annotation&nbsp;not&nbsp;available,81.9
1248760.ANFZ01000006_gene2509,ANFZ01000006_gene2509,annotation&nbsp;not&nbsp;available,81.9
1248760.ANFZ01000004_gene2015,ANFZ01000004_gene2015,annotation&nbsp;not&nbsp;available,81.9
1248760.ANFZ01000014_gene2152,ANFZ01000014_gene2152,annotation&nbsp;not&nbsp;available,81.9
1248760.ANFZ01000009_gene1009,ANFZ01000009_gene1009,annotation&nbsp;not&nbsp;available,81.9
1248760.ANFZ01000005_gene2233,ANFZ01000005_gene2233,annotation&nbsp;not&nbsp;available,81.8
1248760.ANFZ01000014_gene2162,ANFZ01000014_gene2162,annotation&nbsp;not&nbsp;available,81.7
1248760.ANFZ01000006_gene2643,ANFZ01000006_gene2643,annotation&nbsp;not&nbsp;available,81.7
1248760.ANFZ01000009_gene1351,ANFZ01000009_gene1351,annotation&nbsp;not&nbsp;available,81.7
1248760.ANFZ01000002_gene3223,ANFZ01000002_gene3223,annotation&nbsp;not&nbsp;available,81.7
1248760.ANFZ01000018_gene568,ANFZ01000018_gene568,annotation&nbsp;not&nbsp;available,81.6
1248760.ANFZ01000006_gene2602,ANFZ01000006_gene2602,annotation&nbsp;not&nbsp;available,81.6
1248760.ANFZ01000018_gene507,ANFZ01000018_gene507,annotation&nbsp;not&nbsp;available,81.6
1248760.ANFZ01000021_gene454,ANFZ01000021_gene454,annotation&nbsp;not&nbsp;available,81.5
1248760.ANFZ01000009_gene1510,ANFZ01000009_gene1510,annotation&nbsp;not&nbsp;available,81.4
1248760.ANFZ01000009_gene963,ANFZ01000009_gene963,annotation&nbsp;not&nbsp;available,81.4
1248760.ANFZ01000002_gene3217,ANFZ01000002_gene3217,annotation&nbsp;not&nbsp;available,81.4
1248760.ANFZ01000006_gene2326,ANFZ01000006_gene2326,annotation&nbsp;not&nbsp;available,81.3
1248760.ANFZ01000011_gene182,ANFZ01000011_gene182,annotation&nbsp;not&nbsp;available,81.3
1248760.ANFZ01000021_gene451,ANFZ01000021_gene451,annotation&nbsp;not&nbsp;available,81.3
1248760.ANFZ01000011_gene219,ANFZ01000011_gene219,annotation&nbsp;not&nbsp;available,81.3
1248760.ANFZ01000013_gene1850,ANFZ01000013_gene1850,annotation&nbsp;not&nbsp;available,81.2
1248760.ANFZ01000006_gene2813,ANFZ01000006_gene2813,annotation&nbsp;not&nbsp;available,81.1
1248760.ANFZ01000006_gene2833,ANFZ01000006_gene2833,annotation&nbsp;not&nbsp;available,81.0
1248760.ANFZ01000009_gene1082,ANFZ01000009_gene1082,annotation&nbsp;not&nbsp;available,81.0
1248760.ANFZ01000018_gene683,ANFZ01000018_gene683,annotation&nbsp;not&nbsp;available,80.9
1248760.ANFZ01000002_gene3078,ANFZ01000002_gene3078,annotation&nbsp;not&nbsp;available,80.9
1248760.ANFZ01000008_gene1595,ANFZ01000008_gene1595,annotation&nbsp;not&nbsp;available,80.9
1248760.ANFZ01000021_gene452,ANFZ01000021_gene452,annotation&nbsp;not&nbsp;available,80.8
1248760.ANFZ01000018_gene596,ANFZ01000018_gene596,annotation&nbsp;not&nbsp;available,80.8
1248760.ANFZ01000009_gene1455,ANFZ01000009_gene1455,annotation&nbsp;not&nbsp;available,80.8
1248760.ANFZ01000004_gene1957,ANFZ01000004_gene1957,annotation&nbsp;not&nbsp;available,80.6
1248760.ANFZ01000018_gene686,ANFZ01000018_gene686,annotation&nbsp;not&nbsp;available,80.5
1248760.ANFZ01000021_gene400,ANFZ01000021_gene400,annotation&nbsp;not&nbsp;available,80.4
1248760.ANFZ01000016_gene154,ANFZ01000016_gene154,annotation&nbsp;not&nbsp;available,80.4
1248760.ANFZ01000016_gene163,ANFZ01000016_gene163,annotation&nbsp;not&nbsp;available,80.4
1248760.ANFZ01000014_gene2054,ANFZ01000014_gene2054,annotation&nbsp;not&nbsp;available,80.4
1248760.ANFZ01000024_gene1712,ANFZ01000024_gene1712,annotation&nbsp;not&nbsp;available,80.4
1248760.ANFZ01000023_gene102,ANFZ01000023_gene102,annotation&nbsp;not&nbsp;available,80.4
1248760.ANFZ01000002_gene3230,ANFZ01000002_gene3230,annotation&nbsp;not&nbsp;available,80.3
1248760.ANFZ01000009_gene1306,ANFZ01000009_gene1306,annotation&nbsp;not&nbsp;available,80.3
1248760.ANFZ01000004_gene2034,ANFZ01000004_gene2034,annotation&nbsp;not&nbsp;available,80.3
1248760.ANFZ01000006_gene2724,ANFZ01000006_gene2724,annotation&nbsp;not&nbsp;available,80.3
1248760.ANFZ01000009_gene1164,ANFZ01000009_gene1164,annotation&nbsp;not&nbsp;available,80.3
1248760.ANFZ01000018_gene591,ANFZ01000018_gene591,annotation&nbsp;not&nbsp;available,80.2
1248760.ANFZ01000009_gene1450,ANFZ01000009_gene1450,annotation&nbsp;not&nbsp;available,80.2
1248760.ANFZ01000018_gene547,ANFZ01000018_gene547,annotation&nbsp;not&nbsp;available,80.2
1248760.ANFZ01000015_gene1672,ANFZ01000015_gene1672,annotation&nbsp;not&nbsp;available,80.2
1248760.ANFZ01000008_gene1633,ANFZ01000008_gene1633,annotation&nbsp;not&nbsp;available,80.2
1248760.ANFZ01000009_gene1281,ANFZ01000009_gene1281,annotation&nbsp;not&nbsp;available,80.2
1248760.ANFZ01000006_gene2613,ANFZ01000006_gene2613,annotation&nbsp;not&nbsp;available,80.1
1248760.ANFZ01000018_gene709,ANFZ01000018_gene709,annotation&nbsp;not&nbsp;available,80.1
1248760.ANFZ01000009_gene1318,ANFZ01000009_gene1318,annotation&nbsp;not&nbsp;available,80.0
1248760.ANFZ01000024_gene1715,ANFZ01000024_gene1715,annotation&nbsp;not&nbsp;available,80.0
1248760.ANFZ01000009_gene912,ANFZ01000009_gene912,annotation&nbsp;not&nbsp;available,80.0
1248760.ANFZ01000006_gene2714,ANFZ01000006_gene2714,annotation&nbsp;not&nbsp;available,80.0
1248760.ANFZ01000006_gene2269,ANFZ01000006_gene2269,annotation&nbsp;not&nbsp;available,80.0
1248760.ANFZ01000011_gene338,ANFZ01000011_gene338,annotation&nbsp;not&nbsp;available,80.0
1248760.ANFZ01000002_gene2963,ANFZ01000002_gene2963,annotation&nbsp;not&nbsp;available,80.0
1248760.ANFZ01000006_gene2518,ANFZ01000006_gene2518,annotation&nbsp;not&nbsp;available,79.9
1248760.ANFZ01000021_gene384,ANFZ01000021_gene384,annotation&nbsp;not&nbsp;available,79.8
1248760.ANFZ01000004_gene1990,ANFZ01000004_gene1990,annotation&nbsp;not&nbsp;available,79.7
1248760.ANFZ01000007_gene2866,ANFZ01000007_gene2866,annotation&nbsp;not&nbsp;available,79.7
1248760.ANFZ01000009_gene898,ANFZ01000009_gene898,annotation&nbsp;not&nbsp;available,79.7
1248760.ANFZ01000018_gene612,ANFZ01000018_gene612,annotation&nbsp;not&nbsp;available,79.7
1248760.ANFZ01000009_gene1308,ANFZ01000009_gene1308,annotation&nbsp;not&nbsp;available,79.7
1248760.ANFZ01000002_gene3189,ANFZ01000002_gene3189,annotation&nbsp;not&nbsp;available,79.6
1248760.ANFZ01000005_gene2234,ANFZ01000005_gene2234,annotation&nbsp;not&nbsp;available,79.6
1248760.ANFZ01000009_gene960,ANFZ01000009_gene960,annotation&nbsp;not&nbsp;available,79.5
1248760.ANFZ01000002_gene3083,ANFZ01000002_gene3083,annotation&nbsp;not&nbsp;available,79.5
1248760.ANFZ01000014_gene2191,ANFZ01000014_gene2191,annotation&nbsp;not&nbsp;available,79.4
1248760.ANFZ01000009_gene827,ANFZ01000009_gene827,annotation&nbsp;not&nbsp;available,79.3
1248760.ANFZ01000011_gene222,ANFZ01000011_gene222,annotation&nbsp;not&nbsp;available,79.2
1248760.ANFZ01000002_gene3180,ANFZ01000002_gene3180,annotation&nbsp;not&nbsp;available,79.2
1248760.ANFZ01000009_gene1454,ANFZ01000009_gene1454,annotation&nbsp;not&nbsp;available,79.2
1248760.ANFZ01000018_gene759,ANFZ01000018_gene759,annotation&nbsp;not&nbsp;available,79.1
1248760.ANFZ01000017_gene473,ANFZ01000017_gene473,annotation&nbsp;not&nbsp;available,79.1
1248760.ANFZ01000002_gene3085,ANFZ01000002_gene3085,annotation&nbsp;not&nbsp;available,79.1
1248760.ANFZ01000004_gene1962,ANFZ01000004_gene1962,annotation&nbsp;not&nbsp;available,79.0
1248760.ANFZ01000002_gene3246,ANFZ01000002_gene3246,annotation&nbsp;not&nbsp;available,79.0
1248760.ANFZ01000009_gene1088,ANFZ01000009_gene1088,annotation&nbsp;not&nbsp;available,79.0
1248760.ANFZ01000009_gene1120,ANFZ01000009_gene1120,annotation&nbsp;not&nbsp;available,79.0
1248760.ANFZ01000007_gene2865,ANFZ01000007_gene2865,annotation&nbsp;not&nbsp;available,79.0
1248760.ANFZ01000011_gene199,ANFZ01000011_gene199,annotation&nbsp;not&nbsp;available,79.0
1248760.ANFZ01000006_gene2539,ANFZ01000006_gene2539,annotation&nbsp;not&nbsp;available,79.0
1248760.ANFZ01000006_gene2632,ANFZ01000006_gene2632,annotation&nbsp;not&nbsp;available,78.9
1248760.ANFZ01000006_gene2691,ANFZ01000006_gene2691,annotation&nbsp;not&nbsp;available,78.9
1248760.ANFZ01000004_gene1973,ANFZ01000004_gene1973,annotation&nbsp;not&nbsp;available,78.8
1248760.ANFZ01000021_gene421,ANFZ01000021_gene421,annotation&nbsp;not&nbsp;available,78.7
1248760.ANFZ01000002_gene3028,ANFZ01000002_gene3028,annotation&nbsp;not&nbsp;available,78.7
1248760.ANFZ01000009_gene1487,ANFZ01000009_gene1487,annotation&nbsp;not&nbsp;available,78.7
1248760.ANFZ01000009_gene1537,ANFZ01000009_gene1537,annotation&nbsp;not&nbsp;available,78.6
1248760.ANFZ01000005_gene2198,ANFZ01000005_gene2198,annotation&nbsp;not&nbsp;available,78.6
1248760.ANFZ01000007_gene2936,ANFZ01000007_gene2936,annotation&nbsp;not&nbsp;available,78.6
1248760.ANFZ01000004_gene1981,ANFZ01000004_gene1981,annotation&nbsp;not&nbsp;available,78.4
1248760.ANFZ01000025_gene1739,ANFZ01000025_gene1739,annotation&nbsp;not&nbsp;available,78.4
1248760.ANFZ01000006_gene2840,ANFZ01000006_gene2840,annotation&nbsp;not&nbsp;available,78.4
1248760.ANFZ01000006_gene2556,ANFZ01000006_gene2556,annotation&nbsp;not&nbsp;available,78.4
1248760.ANFZ01000012_gene55,ANFZ01000012_gene55,annotation&nbsp;not&nbsp;available,78.3
1248760.ANFZ01000002_gene3115,ANFZ01000002_gene3115,annotation&nbsp;not&nbsp;available,78.3
1248760.ANFZ01000006_gene2599,ANFZ01000006_gene2599,annotation&nbsp;not&nbsp;available,78.3
1248760.ANFZ01000012_gene18,ANFZ01000012_gene18,annotation&nbsp;not&nbsp;available,78.2
1248760.ANFZ01000006_gene2519,ANFZ01000006_gene2519,annotation&nbsp;not&nbsp;available,78.2
1248760.ANFZ01000007_gene2899,ANFZ01000007_gene2899,annotation&nbsp;not&nbsp;available,78.1
1248760.ANFZ01000004_gene2035,ANFZ01000004_gene2035,annotation&nbsp;not&nbsp;available,78.1
1248760.ANFZ01000018_gene602,ANFZ01000018_gene602,annotation&nbsp;not&nbsp;available,78.1
1248760.ANFZ01000007_gene2937,ANFZ01000007_gene2937,annotation&nbsp;not&nbsp;available,78.0
1248760.ANFZ01000021_gene417,ANFZ01000021_gene417,annotation&nbsp;not&nbsp;available,78.0
1248760.ANFZ01000009_gene1284,ANFZ01000009_gene1284,annotation&nbsp;not&nbsp;available,78.0
1248760.ANFZ01000008_gene1587,ANFZ01000008_gene1587,annotation&nbsp;not&nbsp;available,78.0
1248760.ANFZ01000018_gene537,ANFZ01000018_gene537,annotation&nbsp;not&nbsp;available,78.0
1248760.ANFZ01000009_gene1536,ANFZ01000009_gene1536,annotation&nbsp;not&nbsp;available,77.9
1248760.ANFZ01000004_gene1919,ANFZ01000004_gene1919,annotation&nbsp;not&nbsp;available,77.9
1248760.ANFZ01000006_gene2658,ANFZ01000006_gene2658,annotation&nbsp;not&nbsp;available,77.8
1248760.ANFZ01000006_gene2628,ANFZ01000006_gene2628,annotation&nbsp;not&nbsp;available,77.7
1248760.ANFZ01000022_gene71,ANFZ01000022_gene71,annotation&nbsp;not&nbsp;available,77.7
1248760.ANFZ01000006_gene2609,ANFZ01000006_gene2609,annotation&nbsp;not&nbsp;available,77.7
1248760.ANFZ01000011_gene212,ANFZ01000011_gene212,annotation&nbsp;not&nbsp;available,77.7
1248760.ANFZ01000019_gene1766,ANFZ01000019_gene1766,annotation&nbsp;not&nbsp;available,77.7
1248760.ANFZ01000006_gene2731,ANFZ01000006_gene2731,annotation&nbsp;not&nbsp;available,77.6
1248760.ANFZ01000009_gene1189,ANFZ01000009_gene1189,annotation&nbsp;not&nbsp;available,77.5
1248760.ANFZ01000009_gene1167,ANFZ01000009_gene1167,annotation&nbsp;not&nbsp;available,77.5
1248760.ANFZ01000006_gene2616,ANFZ01000006_gene2616,annotation&nbsp;not&nbsp;available,77.5
1248760.ANFZ01000009_gene1541,ANFZ01000009_gene1541,annotation&nbsp;not&nbsp;available,77.5
1248760.ANFZ01000009_gene857,ANFZ01000009_gene857,annotation&nbsp;not&nbsp;available,77.3
1248760.ANFZ01000008_gene1649,ANFZ01000008_gene1649,annotation&nbsp;not&nbsp;available,77.3
1248760.ANFZ01000006_gene2452,ANFZ01000006_gene2452,annotation&nbsp;not&nbsp;available,77.3
1248760.ANFZ01000011_gene255,ANFZ01000011_gene255,annotation&nbsp;not&nbsp;available,77.0
1248760.ANFZ01000006_gene2451,ANFZ01000006_gene2451,annotation&nbsp;not&nbsp;available,77.0
1248760.ANFZ01000009_gene821,ANFZ01000009_gene821,annotation&nbsp;not&nbsp;available,77.0
1248760.ANFZ01000009_gene886,ANFZ01000009_gene886,annotation&nbsp;not&nbsp;available,77.0
1248760.ANFZ01000018_gene530,ANFZ01000018_gene530,annotation&nbsp;not&nbsp;available,77.0
1248760.ANFZ01000009_gene1081,ANFZ01000009_gene1081,annotation&nbsp;not&nbsp;available,76.9
1248760.ANFZ01000011_gene280,ANFZ01000011_gene280,annotation&nbsp;not&nbsp;available,76.9
1248760.ANFZ01000006_gene2680,ANFZ01000006_gene2680,annotation&nbsp;not&nbsp;available,76.8
1248760.ANFZ01000018_gene748,ANFZ01000018_gene748,annotation&nbsp;not&nbsp;available,76.8
1248760.ANFZ01000009_gene1345,ANFZ01000009_gene1345,annotation&nbsp;not&nbsp;available,76.8
1248760.ANFZ01000006_gene2801,ANFZ01000006_gene2801,annotation&nbsp;not&nbsp;available,76.8
1248760.ANFZ01000018_gene517,ANFZ01000018_gene517,annotation&nbsp;not&nbsp;available,76.8
1248760.ANFZ01000013_gene1840,ANFZ01000013_gene1840,annotation&nbsp;not&nbsp;available,76.7
1248760.ANFZ01000018_gene733,ANFZ01000018_gene733,annotation&nbsp;not&nbsp;available,76.7
1248760.ANFZ01000018_gene567,ANFZ01000018_gene567,annotation&nbsp;not&nbsp;available,76.6
1248760.ANFZ01000009_gene983,ANFZ01000009_gene983,annotation&nbsp;not&nbsp;available,76.5
1248760.ANFZ01000009_gene1165,ANFZ01000009_gene1165,annotation&nbsp;not&nbsp;available,76.4
1248760.ANFZ01000011_gene204,ANFZ01000011_gene204,annotation&nbsp;not&nbsp;available,76.4
1248760.ANFZ01000019_gene1745,ANFZ01000019_gene1745,annotation&nbsp;not&nbsp;available,76.4
1248760.ANFZ01000014_gene2083,ANFZ01000014_gene2083,annotation&nbsp;not&nbsp;available,76.3
1248760.ANFZ01000009_gene1442,ANFZ01000009_gene1442,annotation&nbsp;not&nbsp;available,76.3
1248760.ANFZ01000009_gene1296,ANFZ01000009_gene1296,annotation&nbsp;not&nbsp;available,76.2
1248760.ANFZ01000018_gene689,ANFZ01000018_gene689,annotation&nbsp;not&nbsp;available,76.2
1248760.ANFZ01000009_gene1065,ANFZ01000009_gene1065,annotation&nbsp;not&nbsp;available,76.1
1248760.ANFZ01000019_gene1756,ANFZ01000019_gene1756,annotation&nbsp;not&nbsp;available,76.1
1248760.ANFZ01000002_gene3003,ANFZ01000002_gene3003,annotation&nbsp;not&nbsp;available,76.1
1248760.ANFZ01000018_gene644,ANFZ01000018_gene644,annotation&nbsp;not&nbsp;available,76.1
1248760.ANFZ01000011_gene206,ANFZ01000011_gene206,annotation&nbsp;not&nbsp;available,76.1
1248760.ANFZ01000009_gene1555,ANFZ01000009_gene1555,annotation&nbsp;not&nbsp;available,76.0
1248760.ANFZ01000002_gene3187,ANFZ01000002_gene3187,annotation&nbsp;not&nbsp;available,76.0
1248760.ANFZ01000004_gene1920,ANFZ01000004_gene1920,annotation&nbsp;not&nbsp;available,75.9
1248760.ANFZ01000004_gene1961,ANFZ01000004_gene1961,annotation&nbsp;not&nbsp;available,75.9
1248760.ANFZ01000009_gene1550,ANFZ01000009_gene1550,annotation&nbsp;not&nbsp;available,75.8
1248760.ANFZ01000009_gene1054,ANFZ01000009_gene1054,annotation&nbsp;not&nbsp;available,75.8
1248760.ANFZ01000021_gene430,ANFZ01000021_gene430,annotation&nbsp;not&nbsp;available,75.8
1248760.ANFZ01000008_gene1639,ANFZ01000008_gene1639,annotation&nbsp;not&nbsp;available,75.8
1248760.ANFZ01000004_gene1974,ANFZ01000004_gene1974,annotation&nbsp;not&nbsp;available,75.7
1248760.ANFZ01000006_gene2565,ANFZ01000006_gene2565,annotation&nbsp;not&nbsp;available,75.7
1248760.ANFZ01000006_gene2384,ANFZ01000006_gene2384,annotation&nbsp;not&nbsp;available,75.7
1248760.ANFZ01000023_gene119,ANFZ01000023_gene119,annotation&nbsp;not&nbsp;available,75.7
1248760.ANFZ01000011_gene254,ANFZ01000011_gene254,annotation&nbsp;not&nbsp;available,75.6
1248760.ANFZ01000009_gene1003,ANFZ01000009_gene1003,annotation&nbsp;not&nbsp;available,75.6
1248760.ANFZ01000004_gene1997,ANFZ01000004_gene1997,annotation&nbsp;not&nbsp;available,75.6
1248760.ANFZ01000009_gene1508,ANFZ01000009_gene1508,annotation&nbsp;not&nbsp;available,75.5
1248760.ANFZ01000002_gene3135,ANFZ01000002_gene3135,annotation&nbsp;not&nbsp;available,75.5
1248760.ANFZ01000006_gene2697,ANFZ01000006_gene2697,annotation&nbsp;not&nbsp;available,75.4
1248760.ANFZ01000009_gene1355,ANFZ01000009_gene1355,annotation&nbsp;not&nbsp;available,75.4
1248760.ANFZ01000002_gene3165,ANFZ01000002_gene3165,annotation&nbsp;not&nbsp;available,75.4
1248760.ANFZ01000014_gene2071,ANFZ01000014_gene2071,annotation&nbsp;not&nbsp;available,75.4
1248760.ANFZ01000006_gene2705,ANFZ01000006_gene2705,annotation&nbsp;not&nbsp;available,75.4
1248760.ANFZ01000002_gene3174,ANFZ01000002_gene3174,annotation&nbsp;not&nbsp;available,75.3
1248760.ANFZ01000009_gene1015,ANFZ01000009_gene1015,annotation&nbsp;not&nbsp;available,75.3
1248760.ANFZ01000014_gene2102,ANFZ01000014_gene2102,annotation&nbsp;not&nbsp;available,75.3
1248760.ANFZ01000009_gene1444,ANFZ01000009_gene1444,annotation&nbsp;not&nbsp;available,75.3
1248760.ANFZ01000014_gene2164,ANFZ01000014_gene2164,annotation&nbsp;not&nbsp;available,75.3
1248760.ANFZ01000002_gene3087,ANFZ01000002_gene3087,annotation&nbsp;not&nbsp;available,75.3
1248760.ANFZ01000004_gene1944,ANFZ01000004_gene1944,annotation&nbsp;not&nbsp;available,75.2
1248760.ANFZ01000018_gene548,ANFZ01000018_gene548,annotation&nbsp;not&nbsp;available,75.2
1248760.ANFZ01000009_gene951,ANFZ01000009_gene951,annotation&nbsp;not&nbsp;available,75.2
1248760.ANFZ01000009_gene841,ANFZ01000009_gene841,annotation&nbsp;not&nbsp;available,75.2
1248760.ANFZ01000018_gene533,ANFZ01000018_gene533,annotation&nbsp;not&nbsp;available,75.2
1248760.ANFZ01000002_gene2975,ANFZ01000002_gene2975,annotation&nbsp;not&nbsp;available,75.2
1248760.ANFZ01000009_gene1130,ANFZ01000009_gene1130,annotation&nbsp;not&nbsp;available,75.2
1248760.ANFZ01000005_gene2224,ANFZ01000005_gene2224,annotation&nbsp;not&nbsp;available,75.1
1248760.ANFZ01000014_gene2153,ANFZ01000014_gene2153,annotation&nbsp;not&nbsp;available,75.0
1248760.ANFZ01000009_gene838,ANFZ01000009_gene838,annotation&nbsp;not&nbsp;available,75.0
1248760.ANFZ01000006_gene2557,ANFZ01000006_gene2557,annotation&nbsp;not&nbsp;available,75.0
1248760.ANFZ01000006_gene2441,ANFZ01000006_gene2441,annotation&nbsp;not&nbsp;available,75.0
1248760.ANFZ01000009_gene1339,ANFZ01000009_gene1339,annotation&nbsp;not&nbsp;available,75.0
1248760.ANFZ01000009_gene1349,ANFZ01000009_gene1349,annotation&nbsp;not&nbsp;available,75.0
1248760.ANFZ01000006_gene2426,ANFZ01000006_gene2426,annotation&nbsp;not&nbsp;available,74.9
1248760.ANFZ01000002_gene3047,ANFZ01000002_gene3047,annotation&nbsp;not&nbsp;available,74.9
1248760.ANFZ01000005_gene2260,ANFZ01000005_gene2260,annotation&nbsp;not&nbsp;available,74.9
1248760.ANFZ01000009_gene1566,ANFZ01000009_gene1566,annotation&nbsp;not&nbsp;available,74.8
1248760.ANFZ01000014_gene2127,ANFZ01000014_gene2127,annotation&nbsp;not&nbsp;available,74.8
1248760.ANFZ01000018_gene717,ANFZ01000018_gene717,annotation&nbsp;not&nbsp;available,74.8
1248760.ANFZ01000018_gene606,ANFZ01000018_gene606,annotation&nbsp;not&nbsp;available,74.8
1248760.ANFZ01000019_gene1753,ANFZ01000019_gene1753,annotation&nbsp;not&nbsp;available,74.7
1248760.ANFZ01000011_gene216,ANFZ01000011_gene216,annotation&nbsp;not&nbsp;available,74.6
1248760.ANFZ01000006_gene2839,ANFZ01000006_gene2839,annotation&nbsp;not&nbsp;available,74.6
1248760.ANFZ01000018_gene656,ANFZ01000018_gene656,annotation&nbsp;not&nbsp;available,74.6
1248760.ANFZ01000006_gene2622,ANFZ01000006_gene2622,annotation&nbsp;not&nbsp;available,74.6
1248760.ANFZ01000006_gene2646,ANFZ01000006_gene2646,annotation&nbsp;not&nbsp;available,74.6
1248760.ANFZ01000002_gene3051,ANFZ01000002_gene3051,annotation&nbsp;not&nbsp;available,74.5
1248760.ANFZ01000009_gene1563,ANFZ01000009_gene1563,annotation&nbsp;not&nbsp;available,74.5
1248760.ANFZ01000022_gene74,ANFZ01000022_gene74,annotation&nbsp;not&nbsp;available,74.5
1248760.ANFZ01000021_gene362,ANFZ01000021_gene362,annotation&nbsp;not&nbsp;available,74.5
1248760.ANFZ01000006_gene2405,ANFZ01000006_gene2405,annotation&nbsp;not&nbsp;available,74.4
1248760.ANFZ01000007_gene2938,ANFZ01000007_gene2938,annotation&nbsp;not&nbsp;available,74.4
1248760.ANFZ01000006_gene2583,ANFZ01000006_gene2583,annotation&nbsp;not&nbsp;available,74.3
1248760.ANFZ01000008_gene1635,ANFZ01000008_gene1635,annotation&nbsp;not&nbsp;available,74.3
1248760.ANFZ01000002_gene3188,ANFZ01000002_gene3188,annotation&nbsp;not&nbsp;available,74.3
1248760.ANFZ01000007_gene2932,ANFZ01000007_gene2932,annotation&nbsp;not&nbsp;available,74.2
1248760.ANFZ01000007_gene2924,ANFZ01000007_gene2924,annotation&nbsp;not&nbsp;available,74.2
1248760.ANFZ01000009_gene1241,ANFZ01000009_gene1241,annotation&nbsp;not&nbsp;available,74.1
1248760.ANFZ01000009_gene813,ANFZ01000009_gene813,annotation&nbsp;not&nbsp;available,74.1
1248760.ANFZ01000006_gene2749,ANFZ01000006_gene2749,annotation&nbsp;not&nbsp;available,74.1
1248760.ANFZ01000002_gene3092,ANFZ01000002_gene3092,annotation&nbsp;not&nbsp;available,74.1
1248760.ANFZ01000002_gene3049,ANFZ01000002_gene3049,annotation&nbsp;not&nbsp;available,74.1
1248760.ANFZ01000009_gene956,ANFZ01000009_gene956,annotation&nbsp;not&nbsp;available,74.0
1248760.ANFZ01000009_gene1496,ANFZ01000009_gene1496,annotation&nbsp;not&nbsp;available,74.0
1248760.ANFZ01000008_gene1612,ANFZ01000008_gene1612,annotation&nbsp;not&nbsp;available,73.8
1248760.ANFZ01000009_gene1553,ANFZ01000009_gene1553,annotation&nbsp;not&nbsp;available,73.8
1248760.ANFZ01000007_gene2856,ANFZ01000007_gene2856,annotation&nbsp;not&nbsp;available,73.7
1248760.ANFZ01000009_gene1061,ANFZ01000009_gene1061,annotation&nbsp;not&nbsp;available,73.7
1248760.ANFZ01000002_gene2980,ANFZ01000002_gene2980,annotation&nbsp;not&nbsp;available,73.7
1248760.ANFZ01000004_gene1893,ANFZ01000004_gene1893,annotation&nbsp;not&nbsp;available,73.7
1248760.ANFZ01000009_gene1316,ANFZ01000009_gene1316,annotation&nbsp;not&nbsp;available,73.6
1248760.ANFZ01000008_gene1576,ANFZ01000008_gene1576,annotation&nbsp;not&nbsp;available,73.6
1248760.ANFZ01000018_gene662,ANFZ01000018_gene662,annotation&nbsp;not&nbsp;available,73.6
1248760.ANFZ01000009_gene1089,ANFZ01000009_gene1089,annotation&nbsp;not&nbsp;available,73.5
1248760.ANFZ01000009_gene1238,ANFZ01000009_gene1238,annotation&nbsp;not&nbsp;available,73.5
1248760.ANFZ01000011_gene339,ANFZ01000011_gene339,annotation&nbsp;not&nbsp;available,73.5
1248760.ANFZ01000006_gene2591,ANFZ01000006_gene2591,annotation&nbsp;not&nbsp;available,73.5
1248760.ANFZ01000009_gene1500,ANFZ01000009_gene1500,annotation&nbsp;not&nbsp;available,73.5
1248760.ANFZ01000004_gene2026,ANFZ01000004_gene2026,annotation&nbsp;not&nbsp;available,73.4
1248760.ANFZ01000006_gene2703,ANFZ01000006_gene2703,annotation&nbsp;not&nbsp;available,73.4
1248760.ANFZ01000018_gene586,ANFZ01000018_gene586,annotation&nbsp;not&nbsp;available,73.3
1248760.ANFZ01000004_gene1966,ANFZ01000004_gene1966,annotation&nbsp;not&nbsp;available,73.3
1248760.ANFZ01000009_gene1533,ANFZ01000009_gene1533,annotation&nbsp;not&nbsp;available,73.2
1248760.ANFZ01000009_gene1200,ANFZ01000009_gene1200,annotation&nbsp;not&nbsp;available,73.1
1248760.ANFZ01000009_gene1240,ANFZ01000009_gene1240,annotation&nbsp;not&nbsp;available,73.1
1248760.ANFZ01000014_gene2161,ANFZ01000014_gene2161,annotation&nbsp;not&nbsp;available,73.1
1248760.ANFZ01000006_gene2798,ANFZ01000006_gene2798,annotation&nbsp;not&nbsp;available,73.1
1248760.ANFZ01000004_gene2005,ANFZ01000004_gene2005,annotation&nbsp;not&nbsp;available,73.1
1248760.ANFZ01000011_gene320,ANFZ01000011_gene320,annotation&nbsp;not&nbsp;available,73.0
1248760.ANFZ01000009_gene1399,ANFZ01000009_gene1399,annotation&nbsp;not&nbsp;available,73.0
1248760.ANFZ01000013_gene1871,ANFZ01000013_gene1871,annotation&nbsp;not&nbsp;available,73.0
1248760.ANFZ01000009_gene1461,ANFZ01000009_gene1461,annotation&nbsp;not&nbsp;available,73.0
1248760.ANFZ01000009_gene1513,ANFZ01000009_gene1513,annotation&nbsp;not&nbsp;available,72.9
1248760.ANFZ01000011_gene323,ANFZ01000011_gene323,annotation&nbsp;not&nbsp;available,72.9
1248760.ANFZ01000009_gene1191,ANFZ01000009_gene1191,annotation&nbsp;not&nbsp;available,72.9
1248760.ANFZ01000006_gene2659,ANFZ01000006_gene2659,annotation&nbsp;not&nbsp;available,72.9
1248760.ANFZ01000018_gene564,ANFZ01000018_gene564,annotation&nbsp;not&nbsp;available,72.8
1248760.ANFZ01000009_gene1498,ANFZ01000009_gene1498,annotation&nbsp;not&nbsp;available,72.7
1248760.ANFZ01000009_gene1076,ANFZ01000009_gene1076,annotation&nbsp;not&nbsp;available,72.7
1248760.ANFZ01000017_gene496,ANFZ01000017_gene496,annotation&nbsp;not&nbsp;available,72.6
1248760.ANFZ01000009_gene1095,ANFZ01000009_gene1095,annotation&nbsp;not&nbsp;available,72.6
1248760.ANFZ01000008_gene1600,ANFZ01000008_gene1600,annotation&nbsp;not&nbsp;available,72.6
1248760.ANFZ01000014_gene2105,ANFZ01000014_gene2105,annotation&nbsp;not&nbsp;available,72.5
1248760.ANFZ01000002_gene3159,ANFZ01000002_gene3159,annotation&nbsp;not&nbsp;available,72.5
1248760.ANFZ01000018_gene690,ANFZ01000018_gene690,annotation&nbsp;not&nbsp;available,72.5
1248760.ANFZ01000002_gene2976,ANFZ01000002_gene2976,annotation&nbsp;not&nbsp;available,72.3
1248760.ANFZ01000009_gene1222,ANFZ01000009_gene1222,annotation&nbsp;not&nbsp;available,72.3
1248760.ANFZ01000009_gene964,ANFZ01000009_gene964,annotation&nbsp;not&nbsp;available,72.3
1248760.ANFZ01000002_gene3206,ANFZ01000002_gene3206,annotation&nbsp;not&nbsp;available,72.2
1248760.ANFZ01000018_gene523,ANFZ01000018_gene523,annotation&nbsp;not&nbsp;available,72.2
1248760.ANFZ01000014_gene2147,ANFZ01000014_gene2147,annotation&nbsp;not&nbsp;available,72.2
1248760.ANFZ01000011_gene328,ANFZ01000011_gene328,annotation&nbsp;not&nbsp;available,72.1
1248760.ANFZ01000009_gene1266,ANFZ01000009_gene1266,annotation&nbsp;not&nbsp;available,72.1
1248760.ANFZ01000006_gene2298,ANFZ01000006_gene2298,annotation&nbsp;not&nbsp;available,72.1
1248760.ANFZ01000009_gene1317,ANFZ01000009_gene1317,annotation&nbsp;not&nbsp;available,72.1
1248760.ANFZ01000009_gene1129,ANFZ01000009_gene1129,annotation&nbsp;not&nbsp;available,72.1
1248760.ANFZ01000004_gene1984,ANFZ01000004_gene1984,annotation&nbsp;not&nbsp;available,72.0
1248760.ANFZ01000004_gene1989,ANFZ01000004_gene1989,annotation&nbsp;not&nbsp;available,72.0
1248760.ANFZ01000004_gene2000,ANFZ01000004_gene2000,annotation&nbsp;not&nbsp;available,72.0
1248760.ANFZ01000011_gene278,ANFZ01000011_gene278,annotation&nbsp;not&nbsp;available,72.0
1248760.ANFZ01000006_gene2491,ANFZ01000006_gene2491,annotation&nbsp;not&nbsp;available,71.9
1248760.ANFZ01000011_gene209,ANFZ01000011_gene209,annotation&nbsp;not&nbsp;available,71.9
1248760.ANFZ01000006_gene2517,ANFZ01000006_gene2517,annotation&nbsp;not&nbsp;available,71.8
1248760.ANFZ01000009_gene1057,ANFZ01000009_gene1057,annotation&nbsp;not&nbsp;available,71.8
1248760.ANFZ01000014_gene2063,ANFZ01000014_gene2063,annotation&nbsp;not&nbsp;available,71.8
1248760.ANFZ01000006_gene2668,ANFZ01000006_gene2668,annotation&nbsp;not&nbsp;available,71.7
1248760.ANFZ01000006_gene2772,ANFZ01000006_gene2772,annotation&nbsp;not&nbsp;available,71.7
1248760.ANFZ01000023_gene144,ANFZ01000023_gene144,annotation&nbsp;not&nbsp;available,71.7
1248760.ANFZ01000019_gene1744,ANFZ01000019_gene1744,annotation&nbsp;not&nbsp;available,71.7
1248760.ANFZ01000007_gene2922,ANFZ01000007_gene2922,annotation&nbsp;not&nbsp;available,71.6
1248760.ANFZ01000009_gene1005,ANFZ01000009_gene1005,annotation&nbsp;not&nbsp;available,71.6
1248760.ANFZ01000021_gene455,ANFZ01000021_gene455,annotation&nbsp;not&nbsp;available,71.5
1248760.ANFZ01000006_gene2423,ANFZ01000006_gene2423,annotation&nbsp;not&nbsp;available,71.4
1248760.ANFZ01000018_gene572,ANFZ01000018_gene572,annotation&nbsp;not&nbsp;available,71.4
1248760.ANFZ01000006_gene2289,ANFZ01000006_gene2289,annotation&nbsp;not&nbsp;available,71.3
1248760.ANFZ01000007_gene2909,ANFZ01000007_gene2909,annotation&nbsp;not&nbsp;available,71.2
1248760.ANFZ01000002_gene3153,ANFZ01000002_gene3153,annotation&nbsp;not&nbsp;available,71.2
1248760.ANFZ01000012_gene37,ANFZ01000012_gene37,annotation&nbsp;not&nbsp;available,71.2
1248760.ANFZ01000005_gene2237,ANFZ01000005_gene2237,annotation&nbsp;not&nbsp;available,71.1
1248760.ANFZ01000005_gene2236,ANFZ01000005_gene2236,annotation&nbsp;not&nbsp;available,71.1
1248760.ANFZ01000021_gene373,ANFZ01000021_gene373,annotation&nbsp;not&nbsp;available,71.1
1248760.ANFZ01000017_gene489,ANFZ01000017_gene489,annotation&nbsp;not&nbsp;available,71.1
1248760.ANFZ01000009_gene1272,ANFZ01000009_gene1272,annotation&nbsp;not&nbsp;available,71.0
1248760.ANFZ01000002_gene3164,ANFZ01000002_gene3164,annotation&nbsp;not&nbsp;available,71.0
1248760.ANFZ01000009_gene1441,ANFZ01000009_gene1441,annotation&nbsp;not&nbsp;available,71.0
1248760.ANFZ01000007_gene2869,ANFZ01000007_gene2869,annotation&nbsp;not&nbsp;available,71.0
1248760.ANFZ01000007_gene2908,ANFZ01000007_gene2908,annotation&nbsp;not&nbsp;available,71.0
1248760.ANFZ01000009_gene975,ANFZ01000009_gene975,annotation&nbsp;not&nbsp;available,71.0
1248760.ANFZ01000009_gene907,ANFZ01000009_gene907,annotation&nbsp;not&nbsp;available,70.9
1248760.ANFZ01000006_gene2425,ANFZ01000006_gene2425,annotation&nbsp;not&nbsp;available,70.9
1248760.ANFZ01000009_gene1161,ANFZ01000009_gene1161,annotation&nbsp;not&nbsp;available,70.9
1248760.ANFZ01000013_gene1879,ANFZ01000013_gene1879,annotation&nbsp;not&nbsp;available,70.9
1248760.ANFZ01000009_gene987,ANFZ01000009_gene987,annotation&nbsp;not&nbsp;available,70.8
1248760.ANFZ01000009_gene1568,ANFZ01000009_gene1568,annotation&nbsp;not&nbsp;available,70.8
1248760.ANFZ01000021_gene390,ANFZ01000021_gene390,annotation&nbsp;not&nbsp;available,70.8
1248760.ANFZ01000009_gene1035,ANFZ01000009_gene1035,annotation&nbsp;not&nbsp;available,70.7
1248760.ANFZ01000009_gene1297,ANFZ01000009_gene1297,annotation&nbsp;not&nbsp;available,70.7
1248760.ANFZ01000006_gene2635,ANFZ01000006_gene2635,annotation&nbsp;not&nbsp;available,70.7
1248760.ANFZ01000014_gene2067,ANFZ01000014_gene2067,annotation&nbsp;not&nbsp;available,70.7
1248760.ANFZ01000009_gene1405,ANFZ01000009_gene1405,annotation&nbsp;not&nbsp;available,70.6
1248760.ANFZ01000011_gene213,ANFZ01000011_gene213,annotation&nbsp;not&nbsp;available,70.6
1248760.ANFZ01000005_gene2225,ANFZ01000005_gene2225,annotation&nbsp;not&nbsp;available,70.5
1248760.ANFZ01000002_gene2956,ANFZ01000002_gene2956,annotation&nbsp;not&nbsp;available,70.5
1248760.ANFZ01000012_gene43,ANFZ01000012_gene43,annotation&nbsp;not&nbsp;available,70.5
1248760.ANFZ01000006_gene2585,ANFZ01000006_gene2585,annotation&nbsp;not&nbsp;available,70.5
1248760.ANFZ01000009_gene1288,ANFZ01000009_gene1288,annotation&nbsp;not&nbsp;available,70.4
1248760.ANFZ01000001_gene95,ANFZ01000001_gene95,annotation&nbsp;not&nbsp;available,70.4
1248760.ANFZ01000022_gene88,ANFZ01000022_gene88,annotation&nbsp;not&nbsp;available,70.4
1248760.ANFZ01000012_gene44,ANFZ01000012_gene44,annotation&nbsp;not&nbsp;available,70.3
1248760.ANFZ01000006_gene2515,ANFZ01000006_gene2515,annotation&nbsp;not&nbsp;available,70.3
1248760.ANFZ01000009_gene1254,ANFZ01000009_gene1254,annotation&nbsp;not&nbsp;available,70.3
1248760.ANFZ01000006_gene2312,ANFZ01000006_gene2312,annotation&nbsp;not&nbsp;available,70.2
1248760.ANFZ01000014_gene2093,ANFZ01000014_gene2093,annotation&nbsp;not&nbsp;available,70.2
1248760.ANFZ01000009_gene1402,ANFZ01000009_gene1402,annotation&nbsp;not&nbsp;available,70.2
1248760.ANFZ01000006_gene2783,ANFZ01000006_gene2783,annotation&nbsp;not&nbsp;available,70.1
