1146883.BLASA_2597,catC,Muconolactone&nbsp;Delta-isomerase,98.9
1146883.BLASA_4502,gpmA,"2,3-bisphosphoglycerate-dependent&nbsp;phosphoglycerate&nbsp;mutase",98.9
1146883.BLASA_1115,BLASA_1115,Uncharacterized&nbsp;protein,98.8
1146883.BLASA_2274,hisI,Phosphoribosyl-AMP&nbsp;cyclohydrolase,98.8
1146883.BLASA_1643,stcD,Oxydoreductase,98.7
1146883.BLASA_4205,galE,UDP-glucose&nbsp;4-epimerase,98.7
1146883.BLASA_2373,priA2,Probable&nbsp;primosomal&nbsp;protein&nbsp;N',98.7
1146883.BLASA_0307,adhB,"Alcohol&nbsp;dehydrogenase&nbsp;B,&nbsp;Zn-dependent",98.6
1146883.BLASA_3417,BLASA_3417,Putative&nbsp;thiolase,98.5
1146883.BLASA_0386,rkpK2,UDP-glucose&nbsp;6-dehydrogenase,98.5
1146883.BLASA_2348,aroK,Shikimate&nbsp;kinase,98.5
1146883.BLASA_4220,BLASA_4220,Cobalamin&nbsp;B12-binding&nbsp;domain-containing&nbsp;protein,98.5
1146883.BLASA_4071,moeB,Molybdopterin-synthase&nbsp;sulfurylase,98.4
1146883.BLASA_2877,BLASA_2877,Putative&nbsp;citrate&nbsp;lyase&nbsp;beta&nbsp;chain,98.4
1146883.BLASA_3580,BLASA_3580,Malate&nbsp;dehydrogenase,98.3
1146883.BLASA_3738,truB,tRNA&nbsp;pseudouridine&nbsp;synthase&nbsp;B,98.3
1146883.BLASA_4656,glpQ,Glycerophosphoryl&nbsp;diester&nbsp;phosphodiesterase,98.3
1146883.BLASA_4962,cheB,Chemotaxis&nbsp;response&nbsp;regulator&nbsp;protein-glutamate&nbsp;methylesterase,98.2
1146883.BLASA_0395,Hao,Hydroxyacid&nbsp;oxidase&nbsp;1,98.2
1146883.BLASA_4349,mutA2,"Methylmalonyl-CoA&nbsp;mutase,&nbsp;large&nbsp;subunit",98.2
1146883.BLASA_3780,rplS,50S&nbsp;ribosomal&nbsp;protein&nbsp;L19,98.2
1146883.BLASA_4875,fdxA2,Ferredoxin,98.2
1146883.BLASA_4847,BLASA_4847,Dolichyl-phosphate-mannose--protein&nbsp;O-mannosyl&nbsp;transferase,98.1
1146883.BLASA_0951,BLASA_0951,Cytokinin&nbsp;riboside&nbsp;5'-monophosphate&nbsp;phosphoribohydrolase,98.1
1146883.BLASA_2646,tdk,Thymidine&nbsp;kinase,98.1
1146883.BLASA_0261,BLASA_0261,"Putative&nbsp;chemotaxis&nbsp;methyl-accepting&nbsp;receptor,&nbsp;putative&nbsp;stomatin&nbsp;domains",98.0
1146883.BLASA_4204,hisC2,Putative&nbsp;phenylalanine&nbsp;aminotransferase,98.0
1146883.BLASA_0830,fliN,Flagellar&nbsp;motor&nbsp;switch/type&nbsp;III&nbsp;secretory&nbsp;pathway&nbsp;protein,97.9
1146883.BLASA_1301,BLASA_1301,"Pyruvate/2-oxoglutarate&nbsp;dehydrogenase&nbsp;complex,&nbsp;dihydrolipoamide&nbsp;dehydrogenase&nbsp;component",97.9
1146883.BLASA_0185,BLASA_0185,Two&nbsp;component&nbsp;transcriptional&nbsp;regulatory&nbsp;protein,97.9
1146883.BLASA_2872,BLASA_2872,Flavohemoprotein,97.8
1146883.BLASA_0999,BLASA_0999,Putative&nbsp;exported&nbsp;chitinase,97.6
1146883.BLASA_0781,BLASA_0781,Pyrophosphohydrolase,97.6
1146883.BLASA_2643,yqiK,Glycerophosphoryl&nbsp;diester&nbsp;phosphodiesterase,97.6
1146883.BLASA_4799,coxL2,"Aerobic-type&nbsp;carbon&nbsp;monoxide&nbsp;dehydrogenase,&nbsp;large&nbsp;subunit,&nbsp;molybdopterin-binding",97.5
1146883.BLASA_0970,glgC,Glucose-1-phosphate&nbsp;adenylyltransferase,97.5
1146883.BLASA_0444,scoB,Evidence&nbsp;2a&nbsp;:&nbsp;Function&nbsp;of&nbsp;homologous&nbsp;gene&nbsp;experimentally&nbsp;demonstrated&nbsp;in&nbsp;an&nbsp;other&nbsp;organism,97.5
1146883.BLASA_4294,rpsS,30S&nbsp;ribosomal&nbsp;protein&nbsp;S19,97.3
1146883.BLASA_1021,ftsE,Transporter&nbsp;subunit:&nbsp;ATP-binding&nbsp;component&nbsp;of&nbsp;ABC&nbsp;superfamily,97.2
1146883.BLASA_3799,BLASA_3799,ABC&nbsp;transporter&nbsp;ATP-binding&nbsp;protein,97.2
1146883.BLASA_2250,dnaE2,DNA-directed&nbsp;DNA&nbsp;polymerase,97.1
1146883.BLASA_4976,otsA,Trehalose-phosphate&nbsp;synthase,97.1
1146883.BLASA_4146,sbcD,Nuclease&nbsp;SbcCD&nbsp;subunit&nbsp;D,97.1
1146883.BLASA_1782,BLASA_1782,Histidine&nbsp;kinase,97.1
1146883.BLASA_2218,murD,UDP-N-acetylmuramoylalanine--D-glutamate&nbsp;ligase,97.0
1146883.BLASA_5008,BLASA_5008,Secreted&nbsp;esterase,97.0
1146883.BLASA_1316,ssb,Single&nbsp;stranded&nbsp;DNA-binding&nbsp;protein,97.0
1146883.BLASA_4266,BLASA_4266,NAD&nbsp;dependent&nbsp;epimerase/dehydratase,97.0
1146883.BLASA_4485,galE2,UDP-glucose&nbsp;4-epimerase,96.9
1146883.BLASA_4200,dacF,Serine-type&nbsp;D-Ala-D-Ala&nbsp;carboxypeptidase,96.9
1146883.BLASA_2804,serA,D-3-phosphoglycerate&nbsp;dehydrogenase&nbsp;(PGDH),96.9
1146883.BLASA_2705,BLASA_2705,"Proline/glycine&nbsp;betaine&nbsp;ABC&nbsp;superfamily&nbsp;ATP&nbsp;binding&nbsp;cassette&nbsp;transporter,&nbsp;periplasmic&nbsp;component",96.8
1146883.BLASA_1453,coxL4,Aerobic-type&nbsp;carbon&nbsp;monoxide&nbsp;dehydrogenase&nbsp;molybdopterin-binding&nbsp;large&nbsp;subunit,96.8
1146883.BLASA_4808,BLASA_4808,"Putative&nbsp;iron-siderophore&nbsp;ABC&nbsp;transporter,&nbsp;substrate-binding&nbsp;protein",96.8
1146883.BLASA_0764,rplY,50S&nbsp;ribosomal&nbsp;protein&nbsp;L25,96.8
1146883.BLASA_4781,BLASA_4781,Extracellular&nbsp;solute-binding&nbsp;protein,96.7
1146883.BLASA_0280,BLASA_0280,Uncharacterized&nbsp;protein,96.7
1146883.BLASA_3079,BLASA_3079,Putative&nbsp;Cytochrome&nbsp;b&nbsp;subunit&nbsp;of&nbsp;the&nbsp;bc&nbsp;complex,96.7
1146883.BLASA_4984,BLASA_4984,Asparagine&nbsp;synthetase&nbsp;[glutamine-hydrolyzing],96.7
1146883.BLASA_1046,BLASA_1046,Acyl-CoA&nbsp;synthetase&nbsp;(AMP-forming)/AMP-acid&nbsp;ligase,96.7
1146883.BLASA_3468,BLASA_3468,Uncharacterized&nbsp;protein,96.6
1146883.BLASA_4993,glpK,Glycerol&nbsp;kinase,96.6
1146883.BLASA_2981,scoB2,Evidence&nbsp;2a&nbsp;:&nbsp;Function&nbsp;of&nbsp;homologous&nbsp;gene&nbsp;experimentally&nbsp;demonstrated&nbsp;in&nbsp;an&nbsp;other&nbsp;organism,96.5
1146883.BLASA_4244,gcp,tRNA&nbsp;N6-adenosine&nbsp;threonylcarbamoyltransferase,96.5
1146883.BLASA_4556,cysN,Sulfate&nbsp;adenylyltransferase&nbsp;subunit&nbsp;1,96.5
1146883.BLASA_2112,BLASA_2112,Uncharacterized&nbsp;protein,96.4
1146883.BLASA_3198,fabG4,Putative&nbsp;3-oxoacyl-[acyl-carrier-protein]&nbsp;reductase,96.4
1146883.BLASA_3761,BLASA_3761,Uncharacterized&nbsp;protein,96.3
1146883.BLASA_3681,BLASA_3681,"Polar&nbsp;amino&nbsp;acid&nbsp;ABC&nbsp;transporter,&nbsp;inner&nbsp;membrane&nbsp;subunit",96.3
1146883.BLASA_3411,ilvA,L-threonine&nbsp;dehydratase,96.3
1146883.BLASA_3981,BLASA_3981,Ankyrin&nbsp;repeat-containing&nbsp;protein,96.3
1146883.BLASA_2275,trpE,Anthranilate&nbsp;synthase&nbsp;component&nbsp;1,96.3
1146883.BLASA_3337,acuC,Acetoin&nbsp;dehydrogenase,96.2
1146883.BLASA_1354,coxL1,Aerobic-type&nbsp;carbon&nbsp;monoxide&nbsp;dehydrogenase&nbsp;molybdopterin-binding&nbsp;large&nbsp;subunit,96.2
1146883.BLASA_3824,ddl,D-alanine--D-alanine&nbsp;ligase,96.1
1146883.BLASA_2299,rpsA,30S&nbsp;ribosomal&nbsp;protein&nbsp;S1,96.1
1146883.BLASA_2099,BLASA_2099,Putative&nbsp;cobalamin&nbsp;biosynthesis&nbsp;protein&nbsp;cobU,96.1
1146883.BLASA_3896,BLASA_3896,Acetyl-CoA&nbsp;acetyltransferase,96.1
1146883.BLASA_3875,etfB,Electron&nbsp;transfer&nbsp;flavoprotein&nbsp;subunit&nbsp;beta,96.1
1146883.BLASA_0852,BLASA_0852,"RNA&nbsp;polymerase,&nbsp;sigma&nbsp;28&nbsp;subunit,&nbsp;SigD/FliA/WhiG",96.1
1146883.BLASA_2674,prcB,Proteasome&nbsp;subunit&nbsp;beta,96.0
1146883.BLASA_3786,rpsP,30S&nbsp;ribosomal&nbsp;protein&nbsp;S16,96.0
1146883.BLASA_4969,BLASA_4969,Chemotaxis&nbsp;protein&nbsp;histidine&nbsp;kinase,96.0
1146883.BLASA_0312,BLASA_0312,Putative&nbsp;glycerophosphoryl&nbsp;diester&nbsp;phosphodiesterase,96.0
1146883.BLASA_2102,asnB,Putative&nbsp;asparagine&nbsp;synthetase&nbsp;[glutamine-hydrolyzing],96.0
1146883.BLASA_1757,fadD,Long&nbsp;chain&nbsp;acyl-CoA&nbsp;synthetase&nbsp;(AMP-forming)&nbsp;/AMP-acid&nbsp;ligase&nbsp;II,95.9
1146883.BLASA_2117,BLASA_2117,Putative&nbsp;D-alanyl-D-alanine&nbsp;carboxypeptidase,95.9
1146883.BLASA_4554,BLASA_4554,Inositol&nbsp;monophosphatase,95.8
1146883.BLASA_4300,tufB,Elongation&nbsp;factor&nbsp;Tu,95.8
1146883.BLASA_0844,fliF,Flagellar&nbsp;M-ring&nbsp;protein,95.8
1146883.BLASA_4970,BLASA_4970,Methyl-accepting&nbsp;chemotaxis&nbsp;protein,95.7
1146883.BLASA_2041,nadE2,Glutamine-dependent&nbsp;NAD(+)&nbsp;synthetase,95.7
1146883.BLASA_4934,BLASA_4934,Methyl-accepting&nbsp;chemotaxis&nbsp;receptor/sensory&nbsp;transducer&nbsp;protein,95.7
1146883.BLASA_2571,BLASA_2571,Short-chain&nbsp;dehydrogenase/reductase&nbsp;SDR,95.6
1146883.BLASA_3913,murA,UDP-N-acetylglucosamine&nbsp;1-carboxyvinyltransferase,95.6
1146883.BLASA_4957,BLASA_4957,Uncharacterized&nbsp;protein,95.6
1146883.BLASA_2155,metF,Methylenetetrahydrofolate&nbsp;reductase,95.6
1146883.BLASA_1514,dnaG,DNA&nbsp;primase,95.5
1146883.BLASA_3569,BLASA_3569,Acyl-CoA&nbsp;synthetase&nbsp;(NDP&nbsp;forming),95.5
1146883.BLASA_4209,mdh,Malate&nbsp;dehydrogenase,95.4
1146883.BLASA_0113,dhmA,Haloalkane&nbsp;dehalogenase,95.3
1146883.BLASA_3236,tpiA,Triosephosphate&nbsp;isomerase,95.3
1146883.BLASA_3881,glgP,Glycogen&nbsp;phosphorylase,95.2
1146883.BLASA_4149,pccB2,Propionyl-CoA&nbsp;carboxylase&nbsp;beta&nbsp;chain,95.2
1146883.BLASA_3775,BLASA_3775,Putative&nbsp;secreted&nbsp;Ca2+-binding&nbsp;toxin,95.2
1146883.BLASA_0851,hag,Flagellin,95.2
1146883.BLASA_4692,BLASA_4692,"2-polyprenyl-3-methyl-5-hydroxy-6-metoxy-1,&nbsp;4-benzoquinol&nbsp;methylase",95.2
1146883.BLASA_1462,coxS5,Aerobic-type&nbsp;carbon&nbsp;monoxide&nbsp;dehydrogenase&nbsp;molybdopterin-binding&nbsp;large&nbsp;subunit,95.2
1146883.BLASA_4560,gabD3,Succinate-semialdehyde&nbsp;dehydrogenase&nbsp;[NADP+],95.1
1146883.BLASA_2592,BLASA_2592,Methylenetetrahydrofolate&nbsp;reductase,95.1
1146883.BLASA_2519,BLASA_2519,Maleylacetate&nbsp;reductase,95.0
1146883.BLASA_4452,nuoA2,NADH-quinone&nbsp;oxidoreductase&nbsp;subunit&nbsp;A,94.9
1146883.BLASA_4760,BLASA_4760,Anti-sigma&nbsp;factor&nbsp;antagonist,94.9
1146883.BLASA_2924,prfC,Peptide&nbsp;chain&nbsp;release&nbsp;factor&nbsp;3,94.9
1146883.BLASA_0277,fadI,3-ketoacyl-CoA&nbsp;thiolase,94.9
1146883.BLASA_1531,clpP,ATP-dependent&nbsp;Clp&nbsp;protease&nbsp;proteolytic&nbsp;subunit,94.8
1146883.BLASA_4235,guaA2,GMP&nbsp;synthase&nbsp;[glutamine-hydrolyzing],94.8
1146883.BLASA_0869,glpX,"Fructose-1,6-bisphosphatase",94.7
1146883.BLASA_4153,bccA,Acetyl-/propionyl-coenzyme&nbsp;A&nbsp;carboxylase&nbsp;alpha&nbsp;chain,94.7
1146883.BLASA_4218,sucD3,Succinate--CoA&nbsp;ligase&nbsp;[ADP-forming]&nbsp;subunit&nbsp;alpha,94.6
1146883.BLASA_3843,leuA2,2-isopropylmalate&nbsp;synthase,94.5
1146883.BLASA_2233,BLASA_2233,ABC&nbsp;transporter&nbsp;ATP-binding&nbsp;protein,94.4
1146883.BLASA_2123,BLASA_2123,Putative&nbsp;long-chain-fatty-acid--CoA&nbsp;ligase,94.4
1146883.BLASA_0574,tilS,tRNA(Ile)-lysidine&nbsp;synthase,94.4
1146883.BLASA_5002,BLASA_5002,Sugar&nbsp;kinase,94.3
1146883.BLASA_2241,BLASA_2241,"Carbohydrate&nbsp;ABC&nbsp;transporter&nbsp;substrate-binding&nbsp;protein,&nbsp;CUT1&nbsp;family",94.2
1146883.BLASA_4476,hemA,Glutamyl-tRNA&nbsp;reductase,94.1
1146883.BLASA_2822,paaA,Phenylacetic&nbsp;acid&nbsp;degradation&nbsp;protein&nbsp;paaA,94.0
1146883.BLASA_0941,BLASA_0941,Putative&nbsp;Diguanylate&nbsp;kinase,94.0
1146883.BLASA_4571,BLASA_4571,"Aromatic-ring-hydroxylating&nbsp;dioxygenase,&nbsp;small&nbsp;subunit",94.0
1146883.BLASA_2262,BLASA_2262,Short-chain&nbsp;dehydrogenase/reductase&nbsp;SDR,93.9
1146883.BLASA_2443,argC,N-acetyl-gamma-glutamyl-phosphate&nbsp;reductase,93.9
1146883.BLASA_2823,paaB,Phenylacetate-CoA&nbsp;oxygenase,93.9
1146883.BLASA_4635,BLASA_4635,"Monosaccharide&nbsp;ABC&nbsp;transporter&nbsp;membrane&nbsp;protein,&nbsp;CUT2&nbsp;family",93.9
1146883.BLASA_2997,pcaG,"Protocatechuate&nbsp;3,4-dioxygenase&nbsp;alpha&nbsp;chain",93.8
1146883.BLASA_2368,BLASA_2368,Uncharacterized&nbsp;protein,93.8
1146883.BLASA_4490,BLASA_4490,Putative&nbsp;proline&nbsp;dehydrogenase,93.8
1146883.BLASA_0490,BLASA_0490,Putative&nbsp;transcriptional&nbsp;regulator,93.7
1146883.BLASA_3918,atpG,ATP&nbsp;synthase&nbsp;gamma&nbsp;chain,93.7
1146883.BLASA_2665,tatC,Sec-independent&nbsp;protein&nbsp;translocase&nbsp;protein&nbsp;TatC,93.6
1146883.BLASA_4314,BLASA_4314,"ABC-type&nbsp;transport&nbsp;system&nbsp;involved,&nbsp;Virulence&nbsp;factor&nbsp;Mce&nbsp;family&nbsp;protein",93.6
1146883.BLASA_1667,argE,Acetylornithine&nbsp;deacetylase,93.5
1146883.BLASA_2504,BLASA_2504,Uncharacterized&nbsp;protein,93.4
1146883.BLASA_1322,BLASA_1322,"ABC-type&nbsp;cobalt&nbsp;transport&nbsp;system,&nbsp;ATPase&nbsp;component",93.4
1146883.BLASA_2325,ruvB,Holliday&nbsp;junction&nbsp;ATP-dependent&nbsp;DNA&nbsp;helicase&nbsp;RuvB,93.4
1146883.BLASA_5065,trxA,Thioredoxin,93.4
1146883.BLASA_3255,glgX,Glycosyl&nbsp;hydrolase&nbsp;(Glycogen&nbsp;debranching&nbsp;enzyme),93.4
1146883.BLASA_3844,leuB,3-isopropylmalate&nbsp;dehydrogenase,93.3
1146883.BLASA_2321,pdxT,Pyridoxal&nbsp;5'-phosphate&nbsp;synthase&nbsp;subunit&nbsp;PdxT,93.3
1146883.BLASA_0443,scoA,Evidence&nbsp;2a&nbsp;:&nbsp;Function&nbsp;of&nbsp;homologous&nbsp;gene&nbsp;experimentally&nbsp;demonstrated&nbsp;in&nbsp;an&nbsp;other&nbsp;organism,93.2
1146883.BLASA_4679,grpE,Protein&nbsp;GrpE,93.1
1146883.BLASA_1213,braG,"High-affinity&nbsp;branched-chain&nbsp;amino&nbsp;acid&nbsp;transport&nbsp;protein&nbsp;(ABC&nbsp;superfamily,&nbsp;ATP-binding&nbsp;protein)",93.1
1146883.BLASA_3449,gyaR,Glyoxylate&nbsp;reductase,93.1
1146883.BLASA_2286,BLASA_2286,Acyl-CoA&nbsp;thioesterase,93.1
1146883.BLASA_4851,BLASA_4851,"ATP-dependent&nbsp;DNA&nbsp;helicase,&nbsp;RecQ&nbsp;family",93.0
1146883.BLASA_0942,BLASA_0942,Ferredoxin,93.0
1146883.BLASA_4663,fba,Fructose-bisphosphate&nbsp;aldolase,92.9
1146883.BLASA_0903,BLASA_0903,FAD&nbsp;flavoproteins&nbsp;belonging&nbsp;to&nbsp;the&nbsp;family&nbsp;of&nbsp;pyridine&nbsp;nucleotide-disulphide&nbsp;oxidoreductase,92.9
1146883.BLASA_0145,coxL3,Aerobic-type&nbsp;carbon&nbsp;monoxide&nbsp;dehydrogenase&nbsp;molybdopterin-binding&nbsp;large&nbsp;subunit,92.9
1146883.BLASA_4537,pstC,Phosphate&nbsp;transport&nbsp;system&nbsp;permease&nbsp;protein,92.9
1146883.BLASA_2335,aspS,Aspartate--tRNA(Asp/Asn)&nbsp;ligase,92.9
1146883.BLASA_1558,BLASA_1558,"ABC-type&nbsp;metal&nbsp;ion&nbsp;transport&nbsp;system,&nbsp;surface&nbsp;component",92.8
1146883.BLASA_2001,BLASA_2001,Uncharacterized&nbsp;protein,92.8
1146883.BLASA_4217,BLASA_4217,Uncharacterized&nbsp;protein,92.8
1146883.BLASA_3628,BLASA_3628,"NADH&nbsp;dehydrogenase,&nbsp;FAD-containing&nbsp;subunit",92.7
1146883.BLASA_2828,tesB,Acyl-CoA&nbsp;thioesterase,92.6
1146883.BLASA_1624,dnaG2,DNA&nbsp;primase,92.6
1146883.BLASA_1305,nadB,L-aspartate&nbsp;oxidase,92.6
1146883.BLASA_0184,BLASA_0184,Anti-anti-sigma&nbsp;regulatory&nbsp;factor&nbsp;(Antagonist&nbsp;of&nbsp;anti-sigma&nbsp;factor),92.5
1146883.BLASA_0932,BLASA_0932,"Transcriptional&nbsp;regulator,&nbsp;Rrf2&nbsp;family",92.5
1146883.BLASA_1970,pccB,Propionyl-CoA&nbsp;carboxylase&nbsp;beta&nbsp;chain,92.5
1146883.BLASA_3425,BLASA_3425,Short-chain&nbsp;dehydrogenase/reductase&nbsp;SDR,92.5
1146883.BLASA_4311,BLASA_4311,"ABC-type&nbsp;transport&nbsp;system,&nbsp;mce(Mammalian&nbsp;cell&nbsp;entry)-related&nbsp;protein",92.4
1146883.BLASA_4295,rplB,50S&nbsp;ribosomal&nbsp;protein&nbsp;L2,92.4
1146883.BLASA_2866,BLASA_2866,DNA&nbsp;polymerase&nbsp;I&nbsp;family&nbsp;protein&nbsp;with&nbsp;3'-5'-exonuclease&nbsp;and&nbsp;polymerase&nbsp;domains,92.4
1146883.BLASA_2446,argD,Acetylornithine&nbsp;aminotransferase,92.3
1146883.BLASA_2878,ligB2,Probable&nbsp;DNA&nbsp;ligase,92.3
1146883.BLASA_4292,rpsC,30S&nbsp;ribosomal&nbsp;protein&nbsp;S3,92.2
1146883.BLASA_0479,recR,Recombination&nbsp;protein&nbsp;RecR,92.2
1146883.BLASA_1780,BLASA_1780,Two&nbsp;component&nbsp;response&nbsp;regulator&nbsp;receiver&nbsp;modulated&nbsp;diguanylate&nbsp;cyclase,92.2
1146883.BLASA_3085,BLASA_3085,Cytochrome&nbsp;c&nbsp;assembly&nbsp;protein,92.1
1146883.BLASA_3705,thyX,Flavin-dependent&nbsp;thymidylate&nbsp;synthase,92.1
1146883.BLASA_3331,copR,Two&nbsp;component&nbsp;response&nbsp;regulator&nbsp;protein&nbsp;copR,92.1
1146883.BLASA_2279,trpB,Tryptophan&nbsp;synthase&nbsp;beta&nbsp;chain,92.1
1146883.BLASA_4445,nuoH2,NADH-quinone&nbsp;oxidoreductase&nbsp;subunit&nbsp;H,92.1
1146883.BLASA_4306,rpoC,DNA-directed&nbsp;RNA&nbsp;polymerase&nbsp;subunit&nbsp;beta,92.0
1146883.BLASA_3166,BLASA_3166,Uncharacterized&nbsp;protein,92.0
1146883.BLASA_3024,BLASA_3024,Glutamate&nbsp;synthase&nbsp;family&nbsp;protein,92.0
1146883.BLASA_2904,xdhB,Xanthine&nbsp;dehydrogenase&nbsp;FAD-binding&nbsp;medium&nbsp;chain,92.0
1146883.BLASA_4736,pckG,Phosphoenolpyruvate&nbsp;carboxykinase&nbsp;[GTP],92.0
1146883.BLASA_3183,potA,Putative&nbsp;ATP/GTP-binding&nbsp;protein,91.9
1146883.BLASA_4450,nuoC,NADH-quinone&nbsp;oxidoreductase&nbsp;subunit&nbsp;C,91.9
1146883.BLASA_3029,BLASA_3029,FAD/FMN-dependent&nbsp;dehydrogenase,91.8
1146883.BLASA_3108,BLASA_3108,Uncharacterized&nbsp;protein,91.8
1146883.BLASA_2247,BLASA_2247,Pseudouridine&nbsp;synthase,91.7
1146883.BLASA_3336,BLASA_3336,Putative&nbsp;acetate--CoA&nbsp;ligase&nbsp;(NDP&nbsp;forming),91.6
1146883.BLASA_1215,braD,"Branched-chain&nbsp;amino&nbsp;acid&nbsp;ABC-type&nbsp;transport&nbsp;system,&nbsp;permease&nbsp;component",91.5
1146883.BLASA_0571,ppa,Inorganic&nbsp;pyrophosphatase,91.5
1146883.BLASA_3359,gabD2,Succinate-semialdehyde&nbsp;dehydrogenase&nbsp;[NADP+]&nbsp;1,91.5
1146883.BLASA_0596,BLASA_0596,Putative&nbsp;ATP-dependent&nbsp;Clp&nbsp;protease&nbsp;ATP-binding&nbsp;subunit,91.5
1146883.BLASA_0943,BLASA_0943,Aminotransferase,91.5
1146883.BLASA_3679,BLASA_3679,"Polar&nbsp;amino&nbsp;acid&nbsp;transport&nbsp;protein,&nbsp;ATP-binding&nbsp;protein",91.5
1146883.BLASA_4318,BLASA_4318,ABC&nbsp;transporter&nbsp;permease&nbsp;protein,91.4
1146883.BLASA_2953,afsQ,Two&nbsp;component&nbsp;transcriptional&nbsp;regulatory&nbsp;protein&nbsp;afsQ1,91.3
1146883.BLASA_3849,ilvC2,Ketol-acid&nbsp;reductoisomerase&nbsp;(NADP(+)),91.3
1146883.BLASA_0219,BLASA_0219,Putative&nbsp;acetyl-CoA&nbsp;ligase,91.3
1146883.BLASA_3971,fabG9,3-oxoacyl-[acyl-carrier-protein]&nbsp;reductase,91.2
1146883.BLASA_4380,BLASA_4380,Putative&nbsp;biotin&nbsp;transporter&nbsp;bioY,91.2
1146883.BLASA_4451,nuoB,NADH-quinone&nbsp;oxidoreductase&nbsp;subunit&nbsp;B,91.1
1146883.BLASA_2365,pyrF,Orotidine&nbsp;5'-phosphate&nbsp;decarboxylase,91.0
1146883.BLASA_0916,sdhA,Succinate&nbsp;dehydrogenase&nbsp;subunit&nbsp;A,91.0
1146883.BLASA_4260,rbsK,"Sugar&nbsp;kinase,&nbsp;ribokinase",91.0
1146883.BLASA_2277,trpC,Indole-3-glycerol&nbsp;phosphate&nbsp;synthase,90.9
1146883.BLASA_0224,BLASA_0224,Putative&nbsp;acyl&nbsp;carrier&nbsp;protein,90.9
1146883.BLASA_3257,treZ,Malto-oligosyltrehalose&nbsp;trehalohydrolase,90.9
1146883.BLASA_3074,ctaE2,Cytochrome&nbsp;c&nbsp;oxidase&nbsp;subunit&nbsp;III,90.9
1146883.BLASA_4441,nuoL2,"NADH-quinone&nbsp;oxidoreductase&nbsp;chain&nbsp;L&nbsp;(NADH&nbsp;dehydrogenase&nbsp;I,&nbsp;chain&nbsp;L)&nbsp;(NDH-1,&nbsp;chain&nbsp;L)",90.8
1146883.BLASA_3076,BLASA_3076,Uncharacterized&nbsp;protein,90.8
1146883.BLASA_4474,hemD,Uroporphyrinogen-III&nbsp;C-methyltransferase&nbsp;uroporphyrinogen-III&nbsp;synthase,90.8
1146883.BLASA_2192,BLASA_2192,DNA-directed&nbsp;DNA&nbsp;polymerase,90.7
1146883.BLASA_0274,BLASA_0274,"Serine&nbsp;phosphatase&nbsp;RsbU,&nbsp;regulator&nbsp;of&nbsp;sigma&nbsp;subunit&nbsp;(Modular&nbsp;protein)",90.7
1146883.BLASA_0681,fprA,NADPH-ferredoxin&nbsp;reductase&nbsp;fprA,90.7
1146883.BLASA_2232,BLASA_2232,Alpha-glucoside&nbsp;transport&nbsp;system&nbsp;permease&nbsp;protein&nbsp;aglG,90.7
1146883.BLASA_1336,pepN,Evidence&nbsp;2b&nbsp;:&nbsp;Function&nbsp;of&nbsp;strongly&nbsp;homologous&nbsp;gene,90.7
1146883.BLASA_4389,BLASA_4389,Acyl-CoA&nbsp;synthetase&nbsp;(NDP&nbsp;forming),90.7
1146883.BLASA_2493,ald,Alanine&nbsp;dehydrogenase,90.6
1146883.BLASA_2436,BLASA_2436,Diguanylate&nbsp;cyclase/phosphodiesterase&nbsp;with&nbsp;PAS/PAC&nbsp;and&nbsp;GAF&nbsp;sensor(S),90.6
1146883.BLASA_0299,yvdD,Cytokinin&nbsp;riboside&nbsp;5'-monophosphate&nbsp;phosphoribohydrolase,90.6
1146883.BLASA_1353,BLASA_1353,"Transcriptional&nbsp;regulator,&nbsp;Crp/Fnr&nbsp;family",90.5
1146883.BLASA_3218,sufC,"ABC&nbsp;transporter&nbsp;associated&nbsp;with&nbsp;Fe-S&nbsp;cluster&nbsp;assembly,&nbsp;ATP&nbsp;binding&nbsp;protein",90.5
1146883.BLASA_1542,ndk,Nucleoside&nbsp;diphosphate&nbsp;kinase,90.5
1146883.BLASA_4991,BLASA_4991,Hydroxymethylglutaryl-CoA&nbsp;lyase,90.4
1146883.BLASA_0532,BLASA_0532,Uroporphyrinogen-III&nbsp;C-methyltransferase,90.3
1146883.BLASA_1255,cobO,"Cob(I)yrinic&nbsp;acid&nbsp;a,c-diamide&nbsp;adenosyltransferase",90.3
1146883.BLASA_3919,atpA,ATP&nbsp;synthase&nbsp;subunit&nbsp;alpha,90.3
1146883.BLASA_3937,lysA,Diaminopimelate&nbsp;decarboxylase,90.3
1146883.BLASA_1948,nuoJ,Putative&nbsp;NADH-quinone&nbsp;oxidoreductase&nbsp;subunit&nbsp;J,90.2
1146883.BLASA_1685,BLASA_1685,Putative&nbsp;malate:quinone&nbsp;oxidoreductase,90.1
1146883.BLASA_0209,ilvC,Ketol-acid&nbsp;reductoisomerase,90.1
1146883.BLASA_3658,nrdR,Transcriptional&nbsp;repressor&nbsp;NrdR,90.0
1146883.BLASA_4983,BLASA_4983,D-alanine--D-alanine&nbsp;ligase,90.0
1146883.BLASA_0984,BLASA_0984,Citrate&nbsp;lyase&nbsp;beta&nbsp;subunit,90.0
1146883.BLASA_2027,BLASA_2027,Uncharacterized&nbsp;protein,90.0
1146883.BLASA_3814,recG,ATP-dependent&nbsp;DNA&nbsp;helicase&nbsp;recG,90.0
1146883.BLASA_4961,cheR,Chemotaxis&nbsp;protein&nbsp;methyltransferase,90.0
1146883.BLASA_2680,mpa,AAA&nbsp;ATPase&nbsp;forming&nbsp;ring-shaped&nbsp;complexes,89.9
1146883.BLASA_4190,add,Adenosine&nbsp;deaminase,89.9
1146883.BLASA_3923,atpB,ATP&nbsp;synthase&nbsp;subunit&nbsp;a,89.8
1146883.BLASA_3936,hom,Homoserine&nbsp;dehydrogenase,89.8
1146883.BLASA_4261,moaE,Molybdopterin&nbsp;molybdenumtransferase&nbsp;2,89.8
1146883.BLASA_2491,pyrG,CTP&nbsp;synthase,89.8
1146883.BLASA_0568,tmk,Thymidylate&nbsp;kinase,89.8
1146883.BLASA_3883,treS2,Trehalose&nbsp;synthase,89.8
1146883.BLASA_4277,adk,Adenylate&nbsp;kinase,89.7
1146883.BLASA_4517,BLASA_4517,Branched-chain&nbsp;amino&nbsp;acid&nbsp;aminotransferase/4-amino-4-deoxychorismate&nbsp;lyase,89.7
1146883.BLASA_1903,BLASA_1903,Cytochrome&nbsp;c&nbsp;assembly&nbsp;protein,89.7
1146883.BLASA_2563,BLASA_2563,"Branched-chain&nbsp;amino&nbsp;acid&nbsp;ABC&nbsp;transporter,&nbsp;permease&nbsp;protein",89.7
1146883.BLASA_4237,guaB,Inosine-5'-monophosphate&nbsp;dehydrogenase,89.6
1146883.BLASA_3055,BLASA_3055,Transmembrane&nbsp;component&nbsp;of&nbsp;ABC&nbsp;transporter,89.6
1146883.BLASA_2656,BLASA_2656,Putative&nbsp;glutamate--cysteine&nbsp;ligase&nbsp;2,89.5
1146883.BLASA_1257,cobL,"Precorrin-6Y&nbsp;C(5,15)-methyltransferase",89.4
1146883.BLASA_1949,nuoK,NADH-quinone&nbsp;oxidoreductase&nbsp;subunit&nbsp;K,89.4
1146883.BLASA_1877,phoB,Two&nbsp;component&nbsp;phosphate&nbsp;regulon&nbsp;transcriptional&nbsp;regulatory&nbsp;protein&nbsp;phoB,89.4
1146883.BLASA_0153,BLASA_0153,Methyl-accepting&nbsp;chemotaxis&nbsp;protein,89.4
1146883.BLASA_4843,modB,Molybdenum&nbsp;transport&nbsp;system&nbsp;permease&nbsp;protein&nbsp;modB,89.3
1146883.BLASA_2824,paaC,Phenylacetic&nbsp;acid&nbsp;degradation&nbsp;protein,89.3
1146883.BLASA_3244,uvrA,UvrABC&nbsp;system&nbsp;protein&nbsp;A,89.2
1146883.BLASA_0622,thrC,L-threonine&nbsp;synthase,89.2
1146883.BLASA_4379,BLASA_4379,"ABC-type&nbsp;cobalt&nbsp;transport&nbsp;system,&nbsp;ATPase&nbsp;component",89.2
1146883.BLASA_0197,BLASA_0197,Two&nbsp;component&nbsp;signal&nbsp;transduction&nbsp;histidine&nbsp;kinase,89.1
1146883.BLASA_4493,BLASA_4493,Exopolyphosphatase,89.1
1146883.BLASA_4448,nuoE,"NADH:ubiquinone&nbsp;oxidoreductase,&nbsp;chain&nbsp;E",89.1
1146883.BLASA_3730,BLASA_3730,Putative&nbsp;zinc&nbsp;protease,89.0
1146883.BLASA_2243,BLASA_2243,"Carbohydrate&nbsp;ABC&nbsp;transporter&nbsp;membrane&nbsp;protein&nbsp;2,&nbsp;CUT1&nbsp;family",89.0
1146883.BLASA_3400,BLASA_3400,"N-methylhydantoinase&nbsp;B/acetone&nbsp;carboxylase,&nbsp;alpha&nbsp;subunit",89.0
1146883.BLASA_0992,BLASA_0992,Putative&nbsp;acetolactate&nbsp;synthase&nbsp;large&nbsp;subunit&nbsp;(Acetohydroxyacid&nbsp;synthase),89.0
1146883.BLASA_4050,BLASA_4050,Putative&nbsp;glutaredoxin,89.0
1146883.BLASA_0012,gyrA,DNA&nbsp;gyrase&nbsp;subunit&nbsp;A,88.9
1146883.BLASA_3602,BLASA_3602,Anti-sigma&nbsp;factor&nbsp;antagonist,88.9
1146883.BLASA_4967,BLASA_4967,Two-component&nbsp;sensor&nbsp;protein&nbsp;histidine&nbsp;kinase,88.9
1146883.BLASA_3808,rnc,Ribonuclease&nbsp;3,88.9
1146883.BLASA_2145,nfo,Probable&nbsp;endonuclease&nbsp;4,88.8
1146883.BLASA_0740,moeA,Molybdopterin&nbsp;biosynthesis&nbsp;protein&nbsp;moeA&nbsp;1,88.8
1146883.BLASA_2784,BLASA_2784,Uncharacterized&nbsp;protein,88.8
1146883.BLASA_4302,rpsG,30S&nbsp;ribosomal&nbsp;protein&nbsp;S7,88.7
1146883.BLASA_2451,tyrS,Tyrosine--tRNA&nbsp;ligase,88.7
1146883.BLASA_3787,proS,Proline--tRNA&nbsp;ligase,88.7
1146883.BLASA_2572,menB2,"1,4-dihydroxy-2-naphthoyl-CoA&nbsp;synthase",88.6
1146883.BLASA_2105,ctaC,Cytochrome&nbsp;c&nbsp;oxidase&nbsp;subunit&nbsp;2,88.6
1146883.BLASA_1292,accC,"Acetyl&nbsp;CoA&nbsp;carboxylase,&nbsp;biotin&nbsp;carboxylase&nbsp;subunit",88.6
1146883.BLASA_1399,ribBA,Riboflavin&nbsp;biosynthesis&nbsp;protein&nbsp;RibBA,88.5
1146883.BLASA_4376,atoB,Acetyl-CoA&nbsp;acetyltransferase,88.5
1146883.BLASA_3817,rpmB,50S&nbsp;ribosomal&nbsp;protein&nbsp;L28,88.4
1146883.BLASA_3800,ftsY,Signal&nbsp;recognition&nbsp;particle&nbsp;receptor&nbsp;FtsY,88.4
1146883.BLASA_0480,dppA2,"ABC-type&nbsp;dipeptide&nbsp;transport&nbsp;system,&nbsp;substrate-binding&nbsp;component",88.4
1146883.BLASA_4332,rpmG,50S&nbsp;ribosomal&nbsp;protein&nbsp;L33,88.4
1146883.BLASA_3760,BLASA_3760,"Glycine/D-amino&nbsp;acid&nbsp;oxidase,&nbsp;deaminating",88.2
1146883.BLASA_0001,dnaA,Chromosomal&nbsp;replication&nbsp;initiator&nbsp;protein&nbsp;DnaA,88.2
1146883.BLASA_4891,fdxA3,Ferredoxin,88.2
1146883.BLASA_1971,fabF,3-oxoacyl-[acyl-carrier-protein]&nbsp;synthase&nbsp;II&nbsp;(Beta-ketoacyl-ACP&nbsp;synthase&nbsp;II)&nbsp;(KAS&nbsp;II),88.1
1146883.BLASA_1548,BLASA_1548,"Ribonuclease,&nbsp;Rne/Rng&nbsp;family",88.1
1146883.BLASA_3682,BLASA_3682,"Polar&nbsp;amino&nbsp;acid&nbsp;ABC&nbsp;transporter,&nbsp;inner&nbsp;membrane&nbsp;subunit",88.1
1146883.BLASA_0379,BLASA_0379,"dTDP-glucose&nbsp;4,6-dehydratase",88.0
1146883.BLASA_2376,BLASA_2376,Ribosomal&nbsp;RNA&nbsp;small&nbsp;subunit&nbsp;methyltransferase&nbsp;B,88.0
1146883.BLASA_0669,BLASA_0669,Sensor&nbsp;protein,87.9
1146883.BLASA_2751,BLASA_2751,Uncharacterized&nbsp;protein,87.9
1146883.BLASA_0100,thiO,Glycine&nbsp;oxidase,87.9
1146883.BLASA_3685,recA,Protein&nbsp;RecA,87.8
1146883.BLASA_3845,serA2,D-3-phosphoglycerate&nbsp;dehydrogenase,87.8
1146883.BLASA_2360,pyrB,Aspartate&nbsp;carbamoyltransferase,87.8
1146883.BLASA_4434,korB,"2-oxoacid:ferredoxin&nbsp;oxidoreductase,&nbsp;beta&nbsp;subunit",87.8
1146883.BLASA_1321,BLASA_1321,Cobalt&nbsp;transport&nbsp;protein&nbsp;(Modular&nbsp;protein),87.8
1146883.BLASA_4974,BLASA_4974,Putative&nbsp;Methyl-accepting&nbsp;chemotaxis&nbsp;protein,87.8
1146883.BLASA_5007,pgm,Phosphomannomutase/phosphoglucomutase,87.8
1146883.BLASA_1754,acd,Acyl-CoA&nbsp;dehydrogenase,87.8
1146883.BLASA_4203,trpS,Tryptophan--tRNA&nbsp;ligase,87.7
1146883.BLASA_4433,korA,"2-oxoacid:ferredoxin&nbsp;oxidoreductase,&nbsp;alpha&nbsp;subunit",87.7
1146883.BLASA_2629,BLASA_2629,Uncharacterized&nbsp;protein,87.6
1146883.BLASA_3889,yliK,"Methylmalonyl-CoA&nbsp;mutase,&nbsp;large&nbsp;subunit",87.6
1146883.BLASA_3728,dapB,4-hydroxy-tetrahydrodipicolinate&nbsp;reductase,87.5
1146883.BLASA_3429,BLASA_3429,Putative&nbsp;L-aspartate&nbsp;oxidase,87.5
1146883.BLASA_1603,BLASA_1603,"ABC-type&nbsp;branched-chain&nbsp;amino&nbsp;acid&nbsp;transport&nbsp;systems,&nbsp;ATPase&nbsp;component",87.5
1146883.BLASA_4572,BLASA_4572,"Ring&nbsp;hydroxylating&nbsp;dioxygenase,&nbsp;large&nbsp;subunit&nbsp;Rieske&nbsp;(2Fe-2S)&nbsp;domain&nbsp;protein",87.4
1146883.BLASA_2382,hisE,Phosphoribosyl-ATP&nbsp;pyrophosphatase,87.3
1146883.BLASA_4269,rplQ,50S&nbsp;ribosomal&nbsp;protein&nbsp;L17,87.3
1146883.BLASA_0232,BLASA_0232,"Glycine&nbsp;betaine/carnitine/choline&nbsp;ABC&nbsp;transporter,&nbsp;permease&nbsp;component",87.3
1146883.BLASA_2958,BLASA_2958,Uncharacterized&nbsp;anaerobic&nbsp;dehydrogenase,87.3
1146883.BLASA_4617,BLASA_4617,Uncharacterized&nbsp;protein,87.3
1146883.BLASA_2598,ligA,"Protocatechuate&nbsp;4,5-dioxygenase,&nbsp;alpha&nbsp;chain",87.3
1146883.BLASA_4258,rplM,50S&nbsp;ribosomal&nbsp;protein&nbsp;L13,87.3
1146883.BLASA_3680,BLASA_3680,"Extracellular&nbsp;amino&nbsp;acid&nbsp;ABC&nbsp;transporter&nbsp;substrate-binding&nbsp;protein,&nbsp;PAAT&nbsp;family",87.3
1146883.BLASA_2265,priA,1-(5-phosphoribosyl)-5-[(5-phosphoribosylamino)methylideneamino]&nbsp;imidazole-4-carboxamide&nbsp;isomerase,87.2
1146883.BLASA_2825,paaD,Phenylacetic&nbsp;acid&nbsp;degradation&nbsp;protein,87.2
1146883.BLASA_1744,BLASA_1744,Non-homologous&nbsp;end&nbsp;joining&nbsp;protein&nbsp;Ku,87.2
1146883.BLASA_1951,nuoM,NADH-quinone&nbsp;oxidoreductase&nbsp;subunit&nbsp;M,87.2
1146883.BLASA_0246,BLASA_0246,Diguanylate&nbsp;cyclase&nbsp;(GGDEF)&nbsp;domain-containing&nbsp;protein,87.2
1146883.BLASA_1706,gabD,Succinate-semialdehyde&nbsp;dehydrogenase&nbsp;[NADP+],87.1
1146883.BLASA_0103,BLASA_0103,Aminopyrimidine&nbsp;aminohydrolase,87.0
1146883.BLASA_5059,BLASA_5059,Polynucleotide&nbsp;adenylyltransferase/metal&nbsp;dependent&nbsp;phosphohydrolase,87.0
1146883.BLASA_2780,metN,Methionine&nbsp;import&nbsp;ATP-binding&nbsp;protein&nbsp;MetN,86.9
1146883.BLASA_3508,BLASA_3508,Cytosine-specific&nbsp;methyltransferase,86.9
1146883.BLASA_1945,nuoA,NADH-quinone&nbsp;oxidoreductase&nbsp;subunit,86.9
1146883.BLASA_4614,mqo,Probable&nbsp;malate:quinone&nbsp;oxidoreductase,86.9
1146883.BLASA_3807,mutM2,Formamidopyrimidine-DNA&nbsp;glycosylase,86.8
1146883.BLASA_4263,moaB,Molybdopterin&nbsp;adenylyltransferase,86.8
1146883.BLASA_0950,dapE,Succinyl-diaminopimelate&nbsp;desuccinylase,86.7
1146883.BLASA_3767,tsf,Elongation&nbsp;factor&nbsp;Ts,86.7
1146883.BLASA_2235,ileS,Isoleucine--tRNA&nbsp;ligase,86.6
1146883.BLASA_1952,nuoN,NADH-quinone&nbsp;oxidoreductase&nbsp;subunit&nbsp;N,86.6
1146883.BLASA_3351,BLASA_3351,Anti-sigma&nbsp;factor&nbsp;antagonist,86.5
1146883.BLASA_3007,pntB,NAD(P)&nbsp;transhydrogenase&nbsp;subunit&nbsp;beta,86.5
1146883.BLASA_4264,fdhD,Sulfur&nbsp;carrier&nbsp;protein&nbsp;FdhD,86.5
1146883.BLASA_1266,cobN,Aerobic&nbsp;cobaltochelatase&nbsp;subunit&nbsp;cobN,86.5
1146883.BLASA_0585,BLASA_0585,Evidence&nbsp;2b&nbsp;:&nbsp;Function&nbsp;of&nbsp;strongly&nbsp;homologous&nbsp;gene,86.5
1146883.BLASA_4538,pstS,Phosphate&nbsp;transport&nbsp;system&nbsp;substrate-binding&nbsp;protein,86.4
1146883.BLASA_4958,cheY,"Chemotaxis&nbsp;protein&nbsp;cheY,&nbsp;Signal&nbsp;transduction&nbsp;response&nbsp;regulator,&nbsp;receiver&nbsp;region",86.4
1146883.BLASA_3275,BLASA_3275,Protoporphyrinogen&nbsp;oxidase,86.4
1146883.BLASA_2619,gcvH,Glycine&nbsp;cleavage&nbsp;system&nbsp;H&nbsp;protein,86.4
1146883.BLASA_1598,phnE,"Phosphonate&nbsp;ABC&nbsp;transporter,&nbsp;permease&nbsp;protein",86.4
1146883.BLASA_1570,BLASA_1570,"DNA&nbsp;polymerase&nbsp;III,&nbsp;delta&nbsp;subunit",86.2
1146883.BLASA_3911,mutB,Methylmalonyl-CoA&nbsp;mutase&nbsp;large&nbsp;subunit,86.2
1146883.BLASA_0583,BLASA_0583,"ABC-type&nbsp;proline/glycine&nbsp;betaine&nbsp;transport&nbsp;system,&nbsp;permease&nbsp;component",86.2
1146883.BLASA_4535,pstB,Phosphate&nbsp;import&nbsp;ATP-binding&nbsp;protein&nbsp;PstB,86.1
1146883.BLASA_2040,panB,3-methyl-2-oxobutanoate&nbsp;hydroxymethyltransferase,86.1
1146883.BLASA_1749,cobU,Adenosylcobinamide&nbsp;kinase/adenosylcobinamide-phosphate&nbsp;guanylyltransferase,86.0
1146883.BLASA_4312,BLASA_4312,"ABC-type&nbsp;transport&nbsp;system,&nbsp;MCE&nbsp;family&nbsp;protein&nbsp;(Modular&nbsp;protein)",86.0
1146883.BLASA_5025,BLASA_5025,FAD&nbsp;linked&nbsp;oxidase,86.0
1146883.BLASA_4845,BLASA_4845,Putative&nbsp;transcriptional&nbsp;regulator&nbsp;involved&nbsp;in&nbsp;molybdate&nbsp;uptake,85.9
1146883.BLASA_3254,uvrB,UvrABC&nbsp;system&nbsp;protein&nbsp;B,85.9
1146883.BLASA_0457,BLASA_0457,"High-affinity&nbsp;branched-chain&nbsp;amino&nbsp;acid&nbsp;transport&nbsp;protein&nbsp;(ABC&nbsp;superfamily,&nbsp;ATP-binding)",85.9
1146883.BLASA_4751,acsA1,Acetoacetyl-coenzyme&nbsp;A&nbsp;synthetase,85.9
1146883.BLASA_2324,ruvA,Holliday&nbsp;junction&nbsp;ATP-dependent&nbsp;DNA&nbsp;helicase&nbsp;RuvA,85.8
1146883.BLASA_4442,nuoK2,NADH-quinone&nbsp;oxidoreductase&nbsp;subunit&nbsp;K,85.8
1146883.BLASA_3376,BLASA_3376,Uncharacterized&nbsp;protein,85.8
1146883.BLASA_0378,rkpK,UDP-glucose&nbsp;6-dehydrogenase,85.8
1146883.BLASA_1533,clpX,ATP-dependent&nbsp;Clp&nbsp;protease&nbsp;ATP-binding&nbsp;subunit&nbsp;ClpX,85.8
1146883.BLASA_3138,BLASA_3138,Monosaccharide-transporting&nbsp;ATPase,85.7
1146883.BLASA_2555,badA,Benzoate-CoA&nbsp;ligase,85.7
1146883.BLASA_2534,BLASA_2534,Acetoacetyl-CoA&nbsp;thiolase,85.6
1146883.BLASA_2970,BLASA_2970,Putative&nbsp;Citrate&nbsp;synthase,85.6
1146883.BLASA_2848,limB,"Limonene&nbsp;1,2-monooxygenase",85.5
1146883.BLASA_4208,icd,Isocitrate&nbsp;dehydrogenase&nbsp;[NADP],85.5
1146883.BLASA_2372,metK,S-adenosylmethionine&nbsp;synthase,85.5
1146883.BLASA_0086,BLASA_0086,Diguanylate&nbsp;cyclase/phosphodiesterase&nbsp;with&nbsp;PAS/PAC&nbsp;sensor(S),85.5
1146883.BLASA_2347,aroC,Chorismate&nbsp;synthase,85.5
1146883.BLASA_4479,BLASA_4479,Acyl-CoA&nbsp;synthetase&nbsp;(AMP-forming)/AMP-acid&nbsp;ligase,85.4
1146883.BLASA_2206,dinB,DNA&nbsp;polymerase&nbsp;IV,85.4
1146883.BLASA_2381,ribH,"6,7-dimethyl-8-ribityllumazine&nbsp;synthase",85.4
1146883.BLASA_4182,upp,Uracil&nbsp;phosphoribosyltransferase,85.4
1146883.BLASA_4026,metB,Cystathionine&nbsp;gamma-synthase,85.3
1146883.BLASA_3375,BLASA_3375,Uncharacterized&nbsp;protein,85.3
1146883.BLASA_2707,opuAA,Glycine&nbsp;betaine&nbsp;transport&nbsp;ATP-binding&nbsp;protein&nbsp;opuAA,85.3
1146883.BLASA_4315,BLASA_4315,"ABC-type&nbsp;transport&nbsp;system,&nbsp;Mce&nbsp;family&nbsp;protein",85.3
1146883.BLASA_0456,BLASA_0456,"Branched-chain&nbsp;amino&nbsp;acid&nbsp;ABC-type&nbsp;transport&nbsp;system,&nbsp;permease&nbsp;component",85.3
1146883.BLASA_1250,cbiO,ABC&nbsp;transporter&nbsp;ATP-binding&nbsp;protein,85.2
1146883.BLASA_0257,BLASA_0257,IMP&nbsp;dehydrogenase&nbsp;family&nbsp;protein,85.2
1146883.BLASA_3022,BLASA_3022,NADPH-dependent&nbsp;FMN&nbsp;reductase,85.0
1146883.BLASA_4005,BLASA_4005,"Acetyl/propionyl-CoA&nbsp;carboxylase,&nbsp;alpha&nbsp;subunit",84.9
1146883.BLASA_2143,ltaA,L-allo-threonine&nbsp;aldolase,84.9
1146883.BLASA_0149,sucD,"Succinyl-CoA&nbsp;synthetase,&nbsp;alpha&nbsp;subunit",84.9
1146883.BLASA_2349,aroB,3-dehydroquinate&nbsp;synthase,84.9
1146883.BLASA_3031,caiD,Carnitinyl-CoA&nbsp;dehydratase,84.9
1146883.BLASA_0566,topA,DNA&nbsp;topoisomerase&nbsp;1,84.8
1146883.BLASA_4873,narG,Nitrate&nbsp;reductase&nbsp;alpha&nbsp;chain,84.7
1146883.BLASA_4054,BLASA_4054,Predicted&nbsp;Zn-dependent&nbsp;peptidase,84.6
1146883.BLASA_3601,phbA,Acetyl-CoA&nbsp;acetyltransferase&nbsp;with&nbsp;thiolase&nbsp;domain&nbsp;(Acetoacetyl-CoA&nbsp;thiolase),84.6
1146883.BLASA_0594,lysS,Lysine--tRNA&nbsp;ligase,84.4
1146883.BLASA_0792,fadA,3-ketoacyl-CoA&nbsp;thiolase,84.3
1146883.BLASA_2746,BLASA_2746,Uncharacterized&nbsp;protein,84.2
1146883.BLASA_3032,fabG2,3-oxoacyl-[acyl-carrier-protein]&nbsp;reductase,84.2
1146883.BLASA_3119,aroG,"Phospho-2-dehydro-3-deoxyheptonate&nbsp;aldolase,&nbsp;Phe-sensitive",84.2
1146883.BLASA_2216,murF,UDP-N-acetylmuramoyl-tripeptide--D-alanyl-D-alanine&nbsp;ligase,84.2
1146883.BLASA_3827,gpsA,Glycerol-3-phosphate&nbsp;dehydrogenase&nbsp;[NAD(P)+],84.1
1146883.BLASA_0522,BLASA_0522,Copper&nbsp;binding&nbsp;cupredoxin,84.1
1146883.BLASA_3006,pntA,NAD(P)&nbsp;transhydrogenase&nbsp;subunit&nbsp;alpha,84.1
1146883.BLASA_1527,BLASA_1527,Putative&nbsp;Helicase,84.1
1146883.BLASA_5001,BLASA_5001,ABC&nbsp;transporter&nbsp;substrate-binding&nbsp;protein,84.1
1146883.BLASA_2175,adoK,Adenosine&nbsp;kinase,84.0
1146883.BLASA_0483,dppD2,"ABC&nbsp;transporter&nbsp;ATP-binding&nbsp;protein,&nbsp;oligo/dipeptide&nbsp;transport&nbsp;protein",84.0
1146883.BLASA_4278,secY,Protein&nbsp;translocase&nbsp;subunit&nbsp;SecY,83.9
1146883.BLASA_1258,cobM,Precorrin-4&nbsp;C(11)-methyltransferase,83.8
1146883.BLASA_2378,ribD,Riboflavin&nbsp;biosynthesis&nbsp;protein&nbsp;RibD,83.8
1146883.BLASA_3657,nrdJ,Vitamin&nbsp;B12-dependent&nbsp;ribonucleotide&nbsp;reductase,83.8
1146883.BLASA_4555,cysD,Sulfate&nbsp;adenylyltransferase,83.8
1146883.BLASA_0147,coxM3,Carbon&nbsp;monoxide&nbsp;dehydrogenase&nbsp;FAD-binding&nbsp;medium&nbsp;chain,83.7
1146883.BLASA_0371,BLASA_0371,GDP-D-mannose&nbsp;dehydratase,83.7
1146883.BLASA_4500,phoR,Two-component&nbsp;signal&nbsp;sensing&nbsp;histidine&nbsp;kinase&nbsp;with&nbsp;PhoB,83.7
1146883.BLASA_1523,BLASA_1523,Putative&nbsp;Signal&nbsp;transduction&nbsp;histidine&nbsp;kinase,83.7
1146883.BLASA_4108,glpD2,Glycerol-3-phosphate&nbsp;dehydrogenase,83.7
1146883.BLASA_1306,nadA,Quinolinate&nbsp;synthase,83.7
1146883.BLASA_1604,BLASA_1604,"ABC&nbsp;transporter,&nbsp;ATP-binding&nbsp;protein&nbsp;putative&nbsp;branched-chain&nbsp;amino&nbsp;acid&nbsp;transport&nbsp;protein",83.7
1146883.BLASA_2431,rpmI,50S&nbsp;ribosomal&nbsp;protein&nbsp;L35,83.6
1146883.BLASA_4717,pdhC,Dihydrolipoamide&nbsp;acetyltransferase&nbsp;component&nbsp;of&nbsp;pyruvate&nbsp;dehydrogenase&nbsp;complex,83.6
1146883.BLASA_0318,fdn,Formate&nbsp;dehydrogenase,83.6
1146883.BLASA_4779,BLASA_4779,FAD-dependent&nbsp;pyridine&nbsp;nucleotide-disulphide&nbsp;oxidoreductase,83.5
1146883.BLASA_4378,BLASA_4378,Cobalt&nbsp;transport&nbsp;protein&nbsp;(Modular&nbsp;protein),83.5
1146883.BLASA_1456,BLASA_1456,Two&nbsp;component&nbsp;multi-sensor&nbsp;signal&nbsp;transduction&nbsp;histidine&nbsp;kinase,83.5
1146883.BLASA_2141,pfkA,Pyrophosphate--fructose&nbsp;6-phosphate&nbsp;1-phosphotransferase,83.5
1146883.BLASA_1978,aceE,Pyruvate&nbsp;dehydrogenase&nbsp;E1&nbsp;component,83.5
1146883.BLASA_2154,idsA,Geranylgeranyl&nbsp;pyrophosphate&nbsp;synthase,83.4
1146883.BLASA_4271,rpsD,30S&nbsp;ribosomal&nbsp;protein&nbsp;S4,83.4
1146883.BLASA_4447,nuoF,NADH-quinone&nbsp;oxidoreductase&nbsp;subunit&nbsp;F,83.4
1146883.BLASA_4298,rplC,50S&nbsp;ribosomal&nbsp;protein&nbsp;L3,83.3
1146883.BLASA_4252,alr,Alanine&nbsp;racemase,83.3
1146883.BLASA_3982,kgd,2-oxoglutarate&nbsp;decarboxylase,83.3
1146883.BLASA_3697,pgsA2,CDP-diacylglycerol--glycerol-3-phosphate&nbsp;3-phosphatidyltransferase,83.2
1146883.BLASA_4564,nuoF2,NADH-quinone&nbsp;oxidoreductase&nbsp;subunit&nbsp;F,83.2
1146883.BLASA_3568,BLASA_3568,Putative&nbsp;enoyl-CoA&nbsp;hydratase,83.2
1146883.BLASA_4819,adhB2,Alcohol&nbsp;dehydrogenase&nbsp;B,83.1
1146883.BLASA_0936,oppC,ABC&nbsp;dipeptide&nbsp;transporter&nbsp;permease&nbsp;protein,83.1
1146883.BLASA_3884,BLASA_3884,Uncharacterized&nbsp;protein,83.1
1146883.BLASA_3280,BLASA_3280,"Monosaccharide&nbsp;ABC&nbsp;transporter&nbsp;ATP-binding&nbsp;protein,&nbsp;CUT2&nbsp;family",83.1
1146883.BLASA_1398,BLASA_1398,Putative&nbsp;alcohol&nbsp;dehydrogenase&nbsp;containing&nbsp;iron,83.0
1146883.BLASA_2610,BLASA_2610,Methionine&nbsp;synthase&nbsp;II&nbsp;(Cobalamin-independent),83.0
1146883.BLASA_4287,rplX,50S&nbsp;ribosomal&nbsp;protein&nbsp;L24,82.9
1146883.BLASA_3301,rpoD,RNA&nbsp;polymerase&nbsp;sigma&nbsp;factor&nbsp;SigA,82.9
1146883.BLASA_4798,coxM2,Carbon&nbsp;monoxide&nbsp;dehydrogenase&nbsp;FAD-binding&nbsp;medium&nbsp;chain,82.9
1146883.BLASA_2390,BLASA_2390,UDP-N-acetylglucosamine&nbsp;1-carboxyvinyltransferase,82.9
1146883.BLASA_4870,narI,Nitrate&nbsp;reductase&nbsp;gamma&nbsp;chain,82.9
1146883.BLASA_3768,rpsB,30S&nbsp;ribosomal&nbsp;protein&nbsp;S2,82.8
1146883.BLASA_1184,BLASA_1184,"Putative&nbsp;aldo/keto&nbsp;reductase,&nbsp;NAD(P)-binding",82.8
1146883.BLASA_2642,BLASA_2642,"Evidence&nbsp;3&nbsp;:&nbsp;Function&nbsp;proposed&nbsp;based&nbsp;on&nbsp;presence&nbsp;of&nbsp;conserved&nbsp;amino&nbsp;acid&nbsp;motif,&nbsp;structural&nbsp;feature&nbsp;or&nbsp;limited&nbsp;homology",82.8
1146883.BLASA_4743,BLASA_4743,Putative&nbsp;2-nitropropane&nbsp;dioxygenase,82.6
1146883.BLASA_2688,metH,B12-dependent&nbsp;homocysteine-N5-methyltetrahydrofolate&nbsp;transmethylase,82.6
1146883.BLASA_4267,truA,tRNA&nbsp;pseudouridine&nbsp;synthase&nbsp;A,82.6
1146883.BLASA_3931,prfA,Peptide&nbsp;chain&nbsp;release&nbsp;factor&nbsp;1,82.6
1146883.BLASA_4869,narK,Nitrite&nbsp;extrusion&nbsp;permease,82.6
1146883.BLASA_4219,sucC,Succinate--CoA&nbsp;ligase&nbsp;[ADP-forming]&nbsp;subunit&nbsp;beta,82.5
1146883.BLASA_4117,rfbB,"dTDP-glucose&nbsp;4,6-dehydratase",82.5
1146883.BLASA_2553,fdxA,Ferredoxin,82.5
1146883.BLASA_3276,hemE,Uroporphyrinogen&nbsp;decarboxylase,82.5
1146883.BLASA_1758,adhfe,"Alcohol&nbsp;dehydrogenase,&nbsp;iron-type",82.4
1146883.BLASA_0961,BLASA_0961,Protein&nbsp;serine&nbsp;phosphatase&nbsp;with&nbsp;GAF(S)&nbsp;sensor(S),82.4
1146883.BLASA_0005,recF,DNA&nbsp;replication&nbsp;and&nbsp;repair&nbsp;protein&nbsp;RecF,82.3
1146883.BLASA_4053,nudC,NADH&nbsp;pyrophosphatase,82.3
1146883.BLASA_1167,moaD,Molybdopterin&nbsp;synthase&nbsp;subunit&nbsp;MoaD,82.1
1146883.BLASA_2331,ppiB2,Putative&nbsp;peptidyl-prolyl&nbsp;cis-trans&nbsp;isomerase&nbsp;B,82.1
1146883.BLASA_2285,pyk,Pyruvate&nbsp;kinase,82.0
1146883.BLASA_3077,BLASA_3077,Putative&nbsp;Ubiquinol-cytochrome&nbsp;c&nbsp;reductase&nbsp;cytochrome&nbsp;c&nbsp;subunit,82.0
1146883.BLASA_4734,BLASA_4734,Uncharacterized&nbsp;protein,82.0
1146883.BLASA_3932,rpmE,50S&nbsp;ribosomal&nbsp;protein&nbsp;L31,82.0
1146883.BLASA_0674,BLASA_0674,"Uracil-DNA&nbsp;glycosylase,&nbsp;family&nbsp;4",81.9
1146883.BLASA_1175,rph,Ribonuclease&nbsp;PH,81.9
1146883.BLASA_5043,BLASA_1082,Putative&nbsp;transposase&nbsp;helper&nbsp;protein,81.9
1146883.BLASA_1781,BLASA_1781,Two-component&nbsp;response&nbsp;regulator&nbsp;receiver,81.7
1146883.BLASA_4652,purC,Phosphoribosylaminoimidazole-succinocarboxamide&nbsp;synthase,81.7
1146883.BLASA_1556,BLASA_1556,"ABC-type&nbsp;Mn2+/Zn2+&nbsp;transport&nbsp;system,&nbsp;permease&nbsp;component",81.7
1146883.BLASA_3565,trxB,Thioredoxin&nbsp;reductase,81.6
1146883.BLASA_4557,BLASA_4557,Amidase,81.6
1146883.BLASA_3041,fdnG3,"Formate&nbsp;dehydrogenase,&nbsp;alpha&nbsp;subunit",81.6
1146883.BLASA_4388,pycA,Pyruvate&nbsp;carboxylase,81.5
1146883.BLASA_1020,prfB,Peptide&nbsp;chain&nbsp;release&nbsp;factor&nbsp;2,81.5
1146883.BLASA_2537,BLASA_2537,"Amino&nbsp;acid/amide&nbsp;ABC&nbsp;transporter&nbsp;membrane&nbsp;protein&nbsp;1,&nbsp;HAAT&nbsp;family",81.4
1146883.BLASA_0576,ftsH,ATP-dependent&nbsp;zinc&nbsp;metalloprotease&nbsp;FtsH,81.4
1146883.BLASA_2860,BLASA_2860,Acyl-CoA&nbsp;thioesterase,81.4
1146883.BLASA_4103,mtrB,Two&nbsp;component&nbsp;sensor&nbsp;histidine&nbsp;kinase&nbsp;mtrB,81.3
1146883.BLASA_0189,mutM,DNA-(Apurinic&nbsp;or&nbsp;apyrimidinic&nbsp;site)&nbsp;lyase&nbsp;Formamidopyrimidine-DNA&nbsp;glycosylase,81.3
1146883.BLASA_2509,BLASA_2509,Putative&nbsp;ABC&nbsp;transporter&nbsp;permease&nbsp;protein,81.3
1146883.BLASA_0862,BLASA_0862,"Cell&nbsp;wall-associated&nbsp;hydrolase,&nbsp;invasion-associated&nbsp;protein",81.3
1146883.BLASA_3914,BLASA_3914,"Cob(I)yrinic&nbsp;acid&nbsp;a,c-diamide&nbsp;adenosyltransferase",81.3
1146883.BLASA_3732,rpsO,30S&nbsp;ribosomal&nbsp;protein&nbsp;S15,81.2
1146883.BLASA_3039,fdnH2,Formate&nbsp;dehydrogenase&nbsp;beta&nbsp;subunit,81.2
1146883.BLASA_1680,gudD,(D)-glucarate&nbsp;dehydratase&nbsp;1,81.2
1146883.BLASA_2626,coaA,Pantothenate&nbsp;kinase,81.2
1146883.BLASA_1686,BLASA_1686,Malate:quinone&nbsp;oxidoreductase,81.2
1146883.BLASA_2113,trpD,Anthranilate&nbsp;phosphoribosyltransferase,81.1
1146883.BLASA_1461,coxM5,Carbon&nbsp;monoxide&nbsp;dehydrogenase&nbsp;FAD-binding&nbsp;medium&nbsp;chain,81.1
1146883.BLASA_4020,BLASA_4020,Histidinol-phosphate&nbsp;phosphatase,81.1
1146883.BLASA_2088,sucB,Dihydrolipoamide&nbsp;acetyltransferase&nbsp;component&nbsp;of&nbsp;pyruvate&nbsp;dehydrogenase&nbsp;complex,81.1
1146883.BLASA_4758,BLASA_4758,"Putative&nbsp;ABC-type&nbsp;Fe3+-hydroxamate&nbsp;transport&nbsp;system,&nbsp;periplasmic&nbsp;component",81.0
1146883.BLASA_4573,BLASA_4573,Sugar&nbsp;ABC&nbsp;transporter,80.9
1146883.BLASA_3078,BLASA_3078,Ubiquinol-cytochrome&nbsp;c&nbsp;reductase&nbsp;iron-sulfur&nbsp;subunit,80.9
1146883.BLASA_2700,uppP,Undecaprenyl-diphosphatase,80.9
1146883.BLASA_0497,mnhD,"Formate&nbsp;hydrogenlyase&nbsp;subunit&nbsp;3/multisubunit&nbsp;Na+/H+&nbsp;antiporter,&nbsp;MnhD&nbsp;subunit",80.9
1146883.BLASA_3197,acnA,Aconitate&nbsp;hydratase&nbsp;1,80.8
1146883.BLASA_1082,CCG02028.1,"Evidence&nbsp;3&nbsp;:&nbsp;Function&nbsp;proposed&nbsp;based&nbsp;on&nbsp;presence&nbsp;of&nbsp;conserved&nbsp;amino&nbsp;acid&nbsp;motif,&nbsp;structural&nbsp;feature&nbsp;or&nbsp;limited&nbsp;homology",80.7
1146883.BLASA_2430,infC,Translation&nbsp;initiation&nbsp;factor&nbsp;IF-3,80.7
1146883.BLASA_0582,opuCA,Glycine&nbsp;betaine/carnitine/choline&nbsp;transport&nbsp;ATP-binding&nbsp;protein&nbsp;opuCA,80.7
1146883.BLASA_1878,BLASA_1878,Two&nbsp;component&nbsp;signal&nbsp;transduction&nbsp;histidine-protein&nbsp;kinase&nbsp;baeS,80.6
1146883.BLASA_2383,hisG,ATP&nbsp;phosphoribosyltransferase,80.6
1146883.BLASA_0054,BLASA_0054,Putative&nbsp;3'-5'&nbsp;exonuclease,80.6
1146883.BLASA_4105,ahcY,Adenosylhomocysteinase,80.5
1146883.BLASA_1613,era,GTPase&nbsp;Era,80.5
1146883.BLASA_4783,BLASA_4783,ABC-transporter&nbsp;membrane&nbsp;protein,80.5
1146883.BLASA_3834,leuC,3-isopropylmalate&nbsp;dehydratase&nbsp;large&nbsp;subunit,80.5
1146883.BLASA_2474,BLASA_2474,Single-strand&nbsp;binding&nbsp;protein,80.4
1146883.BLASA_2292,BLASA_2292,"ABC-type&nbsp;branched-chain&nbsp;amino&nbsp;acid&nbsp;transport&nbsp;systems,&nbsp;ATPase&nbsp;component",80.4
1146883.BLASA_3665,BLASA_3665,Putative&nbsp;Spermidine/putrescine&nbsp;ABC&nbsp;transporter&nbsp;(ATP&nbsp;binding&nbsp;protein),80.4
1146883.BLASA_4178,BLASA_4178,Putative&nbsp;phosphomannomutase,80.3
1146883.BLASA_3765,frr,Ribosome-recycling&nbsp;factor,80.3
1146883.BLASA_2342,alaS,Alanine--tRNA&nbsp;ligase,80.3
1146883.BLASA_2580,BLASA_2580,"Branched-chain&nbsp;amino&nbsp;acid&nbsp;ABC-type&nbsp;transport&nbsp;system,&nbsp;permease&nbsp;component",80.3
1146883.BLASA_1036,recD,RecBCD&nbsp;enzyme&nbsp;subunit&nbsp;RecD,80.3
1146883.BLASA_1340,rpiB,Ribose-5-phosphate&nbsp;isomerase&nbsp;B,80.3
1146883.BLASA_2225,ftsZ,Cell&nbsp;division&nbsp;protein&nbsp;FtsZ,80.3
1146883.BLASA_0010,BLASA_0010,NAD-dependent&nbsp;epimerase/dehydratase,80.2
1146883.BLASA_1559,proA,Gamma-glutamyl&nbsp;phosphate&nbsp;reductase,80.2
1146883.BLASA_4127,manC,Mannose-1-phosphate&nbsp;guanylyltransferase,80.1
1146883.BLASA_0854,flgK,Flagellar&nbsp;hook-associated&nbsp;protein&nbsp;1,80.1
1146883.BLASA_2108,qcrA,Menaquinol-cytochrome&nbsp;c&nbsp;reductase&nbsp;iron-sulfur&nbsp;subunit,80.1
1146883.BLASA_4440,nuoM2,NADH-quinone&nbsp;oxidoreductase&nbsp;subunit&nbsp;M,80.1
1146883.BLASA_1557,BLASA_1557,ABC-type&nbsp;Mn/Zn&nbsp;transport&nbsp;systems&nbsp;ATPase&nbsp;component,80.1
1146883.BLASA_0751,metG,Methionine--tRNA&nbsp;ligase,80.0
1146883.BLASA_0542,BLASA_0542,1-acyl-sn-glycerol-3-phosphate&nbsp;acyltransferase,79.9
1146883.BLASA_5024,dinB2,DNA&nbsp;polymerase&nbsp;IV,79.9
1146883.BLASA_2109,qcrC,Ubiquinol-cytochrome&nbsp;c&nbsp;reductase&nbsp;cytochrome&nbsp;c&nbsp;subunit,79.9
1146883.BLASA_3512,limB2,"Limonene&nbsp;1,2-monooxygenase",79.9
1146883.BLASA_1683,BLASA_1683,Uncharacterized&nbsp;protein,79.8
1146883.BLASA_4195,BLASA_4195,Nucleoside&nbsp;ABC&nbsp;transporter&nbsp;membrane&nbsp;protein,79.8
1146883.BLASA_4012,ssdA,Succinate-semialdehyde&nbsp;dehydrogenase&nbsp;[NADP+],79.8
1146883.BLASA_4896,ctaD3,Cytochrome&nbsp;c&nbsp;oxidase&nbsp;subunit&nbsp;1,79.7
1146883.BLASA_2377,rpe,Ribulose-phosphate&nbsp;3-epimerase,79.6
1146883.BLASA_2445,argB,Acetylglutamate&nbsp;kinase,79.6
1146883.BLASA_4156,rfbA2,Transport&nbsp;permease&nbsp;protein,79.6
1146883.BLASA_1261,BLASA_1261,Putative&nbsp;transcriptional&nbsp;regulator,79.6
1146883.BLASA_2165,BLASA_2165,Putative&nbsp;transcriptional&nbsp;regulator,79.5
1146883.BLASA_4268,BLASA_4268,Uncharacterized&nbsp;protein,79.5
1146883.BLASA_3935,thrC2,Threonine&nbsp;synthase,79.5
1146883.BLASA_4782,BLASA_4782,ABC-transporter&nbsp;transport&nbsp;protein,79.4
1146883.BLASA_2268,BLASA_2268,Uncharacterized&nbsp;protein,79.4
1146883.BLASA_1463,coxL5,Aerobic-type&nbsp;carbon&nbsp;monoxide&nbsp;dehydrogenase&nbsp;molybdopterin-binding&nbsp;large&nbsp;subunit,79.4
1146883.BLASA_3989,mleA,Malic&nbsp;enzyme,79.4
1146883.BLASA_3219,sufE,Ferredoxin&nbsp;containing&nbsp;[2Fe-2S]&nbsp;Rieske&nbsp;domain,79.3
1146883.BLASA_4667,glcD,Glycolate&nbsp;oxidase&nbsp;subunit,79.3
1146883.BLASA_4501,phoU,Phosphate-specific&nbsp;transport&nbsp;system&nbsp;accessory&nbsp;protein&nbsp;PhoU,79.2
1146883.BLASA_2582,livG,"High-affinity&nbsp;branched-chain&nbsp;amino&nbsp;acid&nbsp;transport&nbsp;protein&nbsp;(ABC&nbsp;superfamily,&nbsp;ATP-binding)",79.2
1146883.BLASA_1708,BLASA_1708,"Amine&nbsp;oxidase,&nbsp;flavin-containing",79.1
1146883.BLASA_0746,BLASA_0746,Uncharacterized&nbsp;protein,79.1
1146883.BLASA_3433,BLASA_3433,Uncharacterized&nbsp;protein,79.1
1146883.BLASA_1599,phnC,Phosphonates&nbsp;import&nbsp;ATP-binding&nbsp;protein&nbsp;PhnC,79.1
1146883.BLASA_2905,xdhC,"Xanthine&nbsp;dehydrogenase&nbsp;2Fe-2S&nbsp;ferredoxin&nbsp;binding,&nbsp;small&nbsp;subunit",79.1
1146883.BLASA_3245,amiB2,"Amidase,&nbsp;Asp-tRNAAsn/Glu-tRNAGln&nbsp;amidotransferase&nbsp;A&nbsp;subunit",79.1
1146883.BLASA_4951,BLASA_4951,Glucose-6-phosphate&nbsp;1-dehydrogenase,79.0
1146883.BLASA_2510,BLASA_2510,Putative&nbsp;D-ribose-binding&nbsp;protein,79.0
1146883.BLASA_1993,BLASA_1993,Uncharacterized&nbsp;protein,78.9
1146883.BLASA_3502,BLASA_3502,Putative&nbsp;NERD&nbsp;domain&nbsp;protein,78.9
1146883.BLASA_3766,pyrH,Uridylate&nbsp;kinase,78.9
1146883.BLASA_0084,BLASA_0084,CinA-like&nbsp;protein,78.9
1146883.BLASA_2046,glnE,Bifunctional&nbsp;glutamine&nbsp;synthetase&nbsp;adenylyltransferase/adenylyl-removing&nbsp;enzyme,78.9
1146883.BLASA_1256,BLASA_1256,Cobaltochelatase&nbsp;subunit,78.9
1146883.BLASA_3632,BLASA_3632,Putative&nbsp;glutamate--cysteine&nbsp;ligase&nbsp;2,78.9
1146883.BLASA_1529,nylA,6-aminohexanoate-cyclic-dimer&nbsp;hydrolase,78.8
1146883.BLASA_4842,modC,Molybdenum&nbsp;import&nbsp;ATP-binding&nbsp;protein&nbsp;modC,78.7
1146883.BLASA_4844,modA,Molybdate-binding&nbsp;protein,78.6
1146883.BLASA_1044,BLASA_1044,"Adenylate&nbsp;cyclase,&nbsp;family&nbsp;protein&nbsp;3",78.6
1146883.BLASA_3702,dapA,4-hydroxy-tetrahydrodipicolinate&nbsp;synthase,78.6
1146883.BLASA_0833,motB,Flagellar&nbsp;motor&nbsp;protein&nbsp;B,78.5
1146883.BLASA_1138,BLASA_1138,Response&nbsp;regulator&nbsp;with&nbsp;CheY-like&nbsp;receiver&nbsp;domain&nbsp;and&nbsp;winged-helix&nbsp;DNA-binding&nbsp;domain,78.5
1146883.BLASA_4689,BLASA_4689,Two&nbsp;component&nbsp;signal&nbsp;transduction&nbsp;histidine&nbsp;kinase&nbsp;with&nbsp;GAF&nbsp;domain,78.3
1146883.BLASA_4014,rsgA,Small&nbsp;ribosomal&nbsp;subunit&nbsp;biogenesis&nbsp;GTPase&nbsp;RsgA,78.2
1146883.BLASA_0937,oppD,"Oligopeptide&nbsp;transport&nbsp;protein&nbsp;(ABC&nbsp;superfamily,&nbsp;ATP-binding&nbsp;protein)",78.2
1146883.BLASA_0040,pstP,Serine/threonine&nbsp;protein&nbsp;phosphatase,78.2
1146883.BLASA_4836,moaA,"GTP&nbsp;3',8-cyclase",78.2
1146883.BLASA_2115,polC,DNA-directed&nbsp;DNA&nbsp;polymerase,78.1
1146883.BLASA_0157,recQ,ATP-dependent&nbsp;DNA&nbsp;helicase&nbsp;RecQ,78.1
1146883.BLASA_4719,pdhA,"Pyruvate&nbsp;dehydrogenase&nbsp;E1&nbsp;component,&nbsp;alpha&nbsp;subunit",78.1
1146883.BLASA_4172,mutB2,Methylmalonyl-CoA&nbsp;mutase&nbsp;large&nbsp;subunit&nbsp;(MCM-alpha),78.0
1146883.BLASA_4289,rpsQ,30S&nbsp;ribosomal&nbsp;protein&nbsp;S17,78.0
1146883.BLASA_2770,BLASA_2770,Methyltransferase,78.0
1146883.BLASA_1572,rpsT,30S&nbsp;ribosomal&nbsp;protein&nbsp;S20,78.0
1146883.BLASA_1593,BLASA_1593,Evidence&nbsp;2b&nbsp;:&nbsp;Function&nbsp;of&nbsp;strongly&nbsp;homologous&nbsp;gene,77.9
1146883.BLASA_4680,dnaK,Chaperone&nbsp;protein&nbsp;DnaK,77.9
1146883.BLASA_4196,BLASA_4196,Nucleoside&nbsp;ABC&nbsp;transporter&nbsp;membrane&nbsp;protein,77.8
1146883.BLASA_0342,BLASA_0342,Putative&nbsp;Asparagine&nbsp;synthetase,77.8
1146883.BLASA_1601,BLASA_1601,"ABC-type&nbsp;branched-chain&nbsp;amino&nbsp;acid&nbsp;transport&nbsp;system,&nbsp;outer-membrane&nbsp;component",77.7
1146883.BLASA_0788,BLASA_0788,Ppx/GppA&nbsp;phosphatase,77.7
1146883.BLASA_1543,BLASA_1543,"ABC-type&nbsp;multidrug&nbsp;transport&nbsp;system,&nbsp;ATPase&nbsp;component&nbsp;nodI-like",77.7
1146883.BLASA_0156,BLASA_0156,Histidinol&nbsp;phosphate&nbsp;phosphatase&nbsp;HisJ&nbsp;family,77.6
1146883.BLASA_2415,BLASA_2415,Protein&nbsp;chain&nbsp;release&nbsp;factor&nbsp;B,77.5
1146883.BLASA_3988,BLASA_3988,Pyridoxal-dependent&nbsp;glutamate&nbsp;decarboxylase,77.5
1146883.BLASA_3662,yngF,Putative&nbsp;enoyl-CoA&nbsp;hydratase/isomerase&nbsp;yngF,77.5
1146883.BLASA_1288,acsA2,Acetoacetyl-coenzyme&nbsp;A&nbsp;synthetase,77.3
1146883.BLASA_0504,ask,Aspartokinase,77.3
1146883.BLASA_0966,fecE,Iron-dicitrate&nbsp;transporter&nbsp;subunit&nbsp;ATP-binding&nbsp;component&nbsp;of&nbsp;ABC&nbsp;superfamily,77.2
1146883.BLASA_2282,gltB,Glutamate&nbsp;synthase&nbsp;[NADPH]&nbsp;large&nbsp;chain&nbsp;(NADPH-GOGAT),77.2
1146883.BLASA_0975,tatB,"Twin-arginine&nbsp;translocation&nbsp;protein,&nbsp;TatB&nbsp;subunit",77.2
1146883.BLASA_3152,BLASA_3152,Putative&nbsp;carbohydrate&nbsp;kinase,77.2
1146883.BLASA_3438,BLASA_3438,Uncharacterized&nbsp;protein,77.2
1146883.BLASA_1785,BLASA_1785,Putative&nbsp;Diguanylate&nbsp;kinase,77.1
1146883.BLASA_3664,BLASA_3664,"Bacterial&nbsp;extracellular&nbsp;solute-binding,&nbsp;family&nbsp;1",77.1
1146883.BLASA_0926,BLASA_0926,Uncharacterized&nbsp;protein,77.0
1146883.BLASA_1862,merA,Mercuric&nbsp;reductase,76.9
1146883.BLASA_3145,rbsB,"Ribose&nbsp;ABC&nbsp;transporter,&nbsp;substrate-binding&nbsp;protein",76.7
1146883.BLASA_2439,pheS,Phenylalanine--tRNA&nbsp;ligase&nbsp;alpha&nbsp;subunit,76.7
1146883.BLASA_1108,BLASA_1108,Ribonuclease&nbsp;J,76.7
1146883.BLASA_3974,BLASA_3974,Poly(3-hydroxyalkanoate)&nbsp;synthetase,76.7
1146883.BLASA_0589,BLASA_0589,Uncharacterized&nbsp;protein,76.7
1146883.BLASA_4317,BLASA_4317,ABC&nbsp;transporter&nbsp;integral&nbsp;membrane&nbsp;protein,76.6
1146883.BLASA_1906,cysA,Sulfurtransferase,76.3
1146883.BLASA_3064,hupS,Uptake&nbsp;hydrogenase&nbsp;small&nbsp;subunit&nbsp;(Hydrogenlyase)&nbsp;(Membrane-bound&nbsp;hydrogenase&nbsp;small&nbsp;subunit),76.3
1146883.BLASA_0569,dnaX2,"DNA&nbsp;polymerase&nbsp;III,&nbsp;delta&nbsp;prime&nbsp;subunit",76.3
1146883.BLASA_3927,glyA,Serine&nbsp;hydroxymethyltransferase,76.3
1146883.BLASA_0186,BLASA_0186,Two&nbsp;component&nbsp;signal&nbsp;transduction&nbsp;histidine&nbsp;kinase,76.3
1146883.BLASA_4439,nuoN2,NADH-quinone&nbsp;oxidoreductase&nbsp;subunit&nbsp;N,76.2
1146883.BLASA_0886,engD,Ribosome-binding&nbsp;ATPase&nbsp;YchF,76.1
1146883.BLASA_4499,phoB2,Evidence&nbsp;2a&nbsp;:&nbsp;Function&nbsp;of&nbsp;homologous&nbsp;gene&nbsp;experimentally&nbsp;demonstrated&nbsp;in&nbsp;an&nbsp;other&nbsp;organism,76.1
1146883.BLASA_2246,lspA,Lipoprotein&nbsp;signal&nbsp;peptidase,76.1
1146883.BLASA_1972,acpP,Acyl&nbsp;carrier&nbsp;protein,76.0
1146883.BLASA_2531,BLASA_2531,3-oxoacyl-[acyl-carrier-protein]&nbsp;reductase,75.9
1146883.BLASA_3495,BLASA_3495,Uncharacterized&nbsp;protein,75.9
1146883.BLASA_5066,amiC,N-acetylmuramoyl-L-alanine&nbsp;amidase,75.9
1146883.BLASA_4854,BLASA_4854,Putative&nbsp;acyl-CoA&nbsp;dehydrogenase,75.9
1146883.BLASA_2876,BLASA_2876,Putative&nbsp;Diguanylate&nbsp;cyclase,75.9
1146883.BLASA_3505,BLASA_3505,Cytosine-specific&nbsp;methyltransferase,75.8
1146883.BLASA_0575,hpt,Hypoxanthine&nbsp;phosphoribosyltransferase,75.6
1146883.BLASA_3878,BLASA_3878,"Putative&nbsp;ABC-type&nbsp;transport&nbsp;system,&nbsp;ATP-binding&nbsp;protein",75.5
1146883.BLASA_4250,BLASA_4250,"Uracil-DNA&nbsp;glycosylase,&nbsp;family&nbsp;4",75.5
1146883.BLASA_2244,ugpC,Putative&nbsp;multiple&nbsp;sugar-binding&nbsp;transport&nbsp;ATP-binding&nbsp;protein,75.5
1146883.BLASA_4582,hrpA,ATP-dependent&nbsp;RNA&nbsp;helicase&nbsp;hrpA,75.5
1146883.BLASA_1197,BLASA_1197,Bacteriophytochrome&nbsp;(Light-regulated&nbsp;signal&nbsp;transduction&nbsp;histidine&nbsp;kinase),75.3
1146883.BLASA_3899,BLASA_3899,Uncharacterized&nbsp;protein,75.2
1146883.BLASA_2546,BLASA_2546,Putative&nbsp;arginine/ornithine&nbsp;ABC&nbsp;transport&nbsp;ATP-binding&nbsp;protein,75.1
1146883.BLASA_0736,accD,Acetyl-coenzyme&nbsp;A&nbsp;carboxylase&nbsp;carboxyl&nbsp;transferase&nbsp;subunit&nbsp;beta,75.0
1146883.BLASA_2440,pheT,Phenylalanine--tRNA&nbsp;ligase&nbsp;beta&nbsp;subunit,75.0
1146883.BLASA_0322,fdnH,Formate&nbsp;dehydrogenase&nbsp;beta&nbsp;subunit,74.9
1146883.BLASA_4288,rplN,50S&nbsp;ribosomal&nbsp;protein&nbsp;L14,74.9
1146883.BLASA_4590,BLASA_4590,"Evidence&nbsp;3&nbsp;:&nbsp;Function&nbsp;proposed&nbsp;based&nbsp;on&nbsp;presence&nbsp;of&nbsp;conserved&nbsp;amino&nbsp;acid&nbsp;motif,&nbsp;structural&nbsp;feature&nbsp;or&nbsp;limited&nbsp;homology",74.8
1146883.BLASA_3572,fabG6,3-oxoacyl-[acyl-carrier-protein]&nbsp;reductase&nbsp;(3-ketoacyl-acyl&nbsp;carrier&nbsp;protein&nbsp;reductase),74.8
1146883.BLASA_0672,pdxH,Pyridoxine/pyridoxamine&nbsp;5'-phosphate&nbsp;oxidase,74.8
1146883.BLASA_4403,BLASA_4403,Putative&nbsp;IS&nbsp;element&nbsp;ATP-binding&nbsp;protein,74.8
1146883.BLASA_3520,glnA3,L-glutamine&nbsp;synthetase,74.8
1146883.BLASA_2425,BLASA_2425,Uroporphyrinogen-III&nbsp;synthase&nbsp;(End),74.8
1146883.BLASA_2333,hisS,Histidine--tRNA&nbsp;ligase,74.8
1146883.BLASA_1586,selB,Selenocysteine-specific&nbsp;translation&nbsp;elongation&nbsp;factor,74.7
1146883.BLASA_1233,BLASA_1233,Putative&nbsp;molybdopterin&nbsp;synthase&nbsp;related&nbsp;protein,74.7
1146883.BLASA_0233,BLASA_0233,Glycine&nbsp;betaine/carnitin&nbsp;ABC&nbsp;transporter&nbsp;ATP-binding&nbsp;protein,74.7
1146883.BLASA_4301,fusA,Elongation&nbsp;factor&nbsp;G,74.6
1146883.BLASA_4211,folD2,Bifunctional&nbsp;protein&nbsp;FolD,74.4
1146883.BLASA_2339,BLASA_2339,Uncharacterized&nbsp;protein,74.2
1146883.BLASA_2601,gcvT3,Aminomethyltransferase,74.2
1146883.BLASA_2661,BLASA_2661,5'-3'&nbsp;exonuclease,74.2
1146883.BLASA_4640,purF,Amidophosphoribosyltransferase,74.2
1146883.BLASA_4262,moaC,Cyclic&nbsp;pyranopterin&nbsp;monophosphate&nbsp;synthase,74.1
1146883.BLASA_0856,fliW,Flagellar&nbsp;assembly&nbsp;factor&nbsp;FliW,74.1
1146883.BLASA_1779,BLASA_1779,Uncharacterized&nbsp;protein,74.1
1146883.BLASA_3614,rbsA3,"ABC&nbsp;transporter,&nbsp;ATP&nbsp;binding&nbsp;subunit&nbsp;(Putative&nbsp;high-affinity&nbsp;D-ribose&nbsp;transport)",73.9
1146883.BLASA_1248,cobD2,Aminotransferase,73.9
1146883.BLASA_3221,sufB,"Transport&nbsp;protein&nbsp;associated&nbsp;with&nbsp;Fe-S&nbsp;cluster&nbsp;assembly,&nbsp;sufB",73.9
1146883.BLASA_4116,rmlD,dTDP-4-dehydrorhamnose&nbsp;reductase,73.8
1146883.BLASA_2140,BLASA_2140,Methyl-accepting&nbsp;chemotaxis&nbsp;protein&nbsp;(Modular&nbsp;protein),73.8
1146883.BLASA_3790,ffh,Signal&nbsp;recognition&nbsp;particle&nbsp;protein,73.7
1146883.BLASA_3874,etfA,Evidence&nbsp;2b&nbsp;:&nbsp;Function&nbsp;of&nbsp;strongly&nbsp;homologous&nbsp;gene,73.7
1146883.BLASA_5074,BLASA_5074,Putative&nbsp;RNA-binding&nbsp;protein,73.7
1146883.BLASA_4668,pyrE,Orotate&nbsp;phosphoribosyltransferase,73.7
1146883.BLASA_4214,purH,Bifunctional&nbsp;purine&nbsp;biosynthesis&nbsp;protein&nbsp;PurH,73.6
1146883.BLASA_3833,leuD,3-isopropylmalate&nbsp;dehydratase&nbsp;small&nbsp;subunit,73.6
1146883.BLASA_3792,glnD,Bifunctional&nbsp;uridylyltransferase/uridylyl-removing&nbsp;enzyme,73.4
1146883.BLASA_2323,ruvC,Crossover&nbsp;junction&nbsp;endodeoxyribonuclease&nbsp;RuvC,73.3
1146883.BLASA_4545,BLASA_4545,Uncharacterized&nbsp;protein,73.3
1146883.BLASA_5075,oxaA,Preprotein&nbsp;translocase&nbsp;subunit&nbsp;YidC,73.2
1146883.BLASA_4141,purK,N5-carboxyaminoimidazole&nbsp;ribonucleotide&nbsp;synthase,73.1
1146883.BLASA_5056,BLASA_5056,Uncharacterized&nbsp;protein,73.0
1146883.BLASA_2362,carA,Carbamoyl-phosphate&nbsp;synthase&nbsp;small&nbsp;chain,72.9
1146883.BLASA_1291,accB,Biotin&nbsp;carboxyl&nbsp;carrier&nbsp;protein&nbsp;of&nbsp;acetyl-CoA&nbsp;carboxylase,72.8
1146883.BLASA_3691,BLASA_3691,DNA&nbsp;glycosylase,72.8
1146883.BLASA_3040,fdnG2,Formate&nbsp;dehydrogenase,72.8
1146883.BLASA_1451,BLASA_1451,Dehydrogenase&nbsp;E1&nbsp;component,72.6
1146883.BLASA_4938,BLASA_4938,Evidence&nbsp;2b&nbsp;:&nbsp;Function&nbsp;of&nbsp;strongly&nbsp;homologous&nbsp;gene,72.5
1146883.BLASA_0796,BLASA_0796,Putative&nbsp;Mg-chelatase,72.5
1146883.BLASA_4100,hpf,Ribosome&nbsp;hibernation&nbsp;promoting&nbsp;factor,72.4
1146883.BLASA_4293,rplV,50S&nbsp;ribosomal&nbsp;protein&nbsp;L22,72.4
1146883.BLASA_2963,BLASA_2963,Uncharacterized&nbsp;protein,72.4
1146883.BLASA_1034,BLASA_1034,Exodeoxyribonuclease&nbsp;V&nbsp;beta&nbsp;chain,72.4
1146883.BLASA_1536,BLASA_1536,Putative&nbsp;acyl-CoA&nbsp;dehydrogenase,72.3
1146883.BLASA_0303,menB,"1,4-dihydroxy-2-naphthoyl-CoA&nbsp;synthase",72.3
1146883.BLASA_4968,cheW,Chemotaxis&nbsp;signal&nbsp;transduction&nbsp;protein,72.3
1146883.BLASA_4272,rpsK,30S&nbsp;ribosomal&nbsp;protein&nbsp;S11,72.3
1146883.BLASA_2296,polA,DNA&nbsp;polymerase&nbsp;I,72.2
1146883.BLASA_4285,rpsZ,30S&nbsp;ribosomal&nbsp;protein&nbsp;S14&nbsp;type&nbsp;Z,72.2
1146883.BLASA_2152,crtB1,Phytoene&nbsp;synthase,72.2
1146883.BLASA_1403,BLASA_1403,Uncharacterized&nbsp;protein,72.2
1146883.BLASA_4771,gdhA,Glutamate&nbsp;dehydrogenase,72.1
1146883.BLASA_0632,BLASA_0632,Putative&nbsp;Acetylornithine&nbsp;deacetylase,72.1
1146883.BLASA_2844,BLASA_2844,Two&nbsp;component&nbsp;signal&nbsp;transduction&nbsp;histidine&nbsp;kinase,72.1
1146883.BLASA_3097,BLASA_3097,"DNA&nbsp;polymerase&nbsp;LigD,&nbsp;polymerase&nbsp;domain",72.0
1146883.BLASA_4946,BLASA_4946,Putative&nbsp;Exodeoxyribonuclease&nbsp;III,71.9
1146883.BLASA_2328,secF,Protein-export&nbsp;membrane&nbsp;protein&nbsp;SecF,71.9
1146883.BLASA_3879,glgX2,Glycosyl&nbsp;hydrolase&nbsp;(Glycogen&nbsp;debranching&nbsp;enzyme),71.9
1146883.BLASA_2868,BLASA_2868,Uncharacterized&nbsp;protein,71.9
1146883.BLASA_2850,ribBA4,Riboflavin&nbsp;biosynthesis&nbsp;protein&nbsp;RibBA,71.9
1146883.BLASA_4693,rbsK2,Ribokinase,71.8
1146883.BLASA_4274,rpmJ,50S&nbsp;ribosomal&nbsp;protein&nbsp;L36,71.8
1146883.BLASA_0917,sdhC,"Succinate&nbsp;dehydrogenase/fumarate&nbsp;reductase&nbsp;cytochrome&nbsp;b&nbsp;subunit,&nbsp;b558&nbsp;family",71.8
1146883.BLASA_4648,purS,Phosphoribosylformylglycinamidine&nbsp;synthase&nbsp;subunit&nbsp;PurS,71.8
1146883.BLASA_0495,mnhA,"NADH:ubiquinone&nbsp;oxidoreductase&nbsp;subunit&nbsp;5&nbsp;(Chain&nbsp;L)/multisubunit&nbsp;Na+/H+&nbsp;antiporter,&nbsp;MnhA&nbsp;subunit",71.8
1146883.BLASA_4975,BLASA_4975,Trehalose&nbsp;6-phosphate&nbsp;phosphatase,71.8
1146883.BLASA_2327,secD,Protein&nbsp;translocase&nbsp;subunit&nbsp;SecD,71.8
1146883.BLASA_2370,rpoZ,DNA-directed&nbsp;RNA&nbsp;polymerase&nbsp;subunit&nbsp;omega,71.7
1146883.BLASA_3869,iscS,Cysteine&nbsp;desulfurase,71.7
1146883.BLASA_4069,BLASA_4069,Predicted&nbsp;methylated&nbsp;DNA-protein&nbsp;cysteine&nbsp;methyltransferase,71.7
1146883.BLASA_2025,BLASA_2025,Outer&nbsp;membrane&nbsp;protein/peptidoglycan-associated&nbsp;(Lipo)protein,71.6
1146883.BLASA_2526,BLASA_2526,Amidase,71.6
1146883.BLASA_2929,BLASA_2929,Putative&nbsp;acetyltransferase,71.6
1146883.BLASA_3484,BLASA_3484,Zn-dependent&nbsp;alcohol&nbsp;dehydrogenase,71.6
1146883.BLASA_3056,BLASA_3056,"ABC-type&nbsp;transport&nbsp;system,&nbsp;ATPase&nbsp;component",71.5
1146883.BLASA_2599,ligB,"Protocatechuate&nbsp;4,5-dioxygenase,&nbsp;beta&nbsp;chain",71.5
1146883.BLASA_0146,coxS3,Carbon-monoxide&nbsp;dehydrogenase&nbsp;Fe-S&nbsp;binding&nbsp;small&nbsp;subunit,71.5
1146883.BLASA_3223,BLASA_3223,Cytochrome&nbsp;oxidase&nbsp;assembly&nbsp;protein,71.5
1146883.BLASA_2539,BLASA_2539,"Amino&nbsp;acid/amide&nbsp;ABC&nbsp;transporter&nbsp;substrate-binding&nbsp;protein,&nbsp;HAAT&nbsp;family",71.4
1146883.BLASA_3335,sigB,RNA&nbsp;polymerase&nbsp;sigma&nbsp;factor,71.3
1146883.BLASA_0577,folE,GTP&nbsp;cyclohydrolase&nbsp;1,71.3
1146883.BLASA_0680,suhB,Inositol-1-monophosphatase,71.2
1146883.BLASA_0003,dnaN,Beta&nbsp;sliding&nbsp;clamp,71.2
1146883.BLASA_0214,crtB2,Phytoene&nbsp;synthase&nbsp;(Modular&nbsp;protein),71.2
1146883.BLASA_4249,BLASA_4249,Putative&nbsp;ATPase&nbsp;or&nbsp;kinase&nbsp;UPF0079,71.2
1146883.BLASA_1532,clpP2,ATP-dependent&nbsp;Clp&nbsp;protease&nbsp;proteolytic&nbsp;subunit,71.2
1146883.BLASA_0593,coaX,Type&nbsp;III&nbsp;pantothenate&nbsp;kinase,71.1
1146883.BLASA_3744,infB,Translation&nbsp;initiation&nbsp;factor&nbsp;IF-2,71.1
1146883.BLASA_1133,BLASA_1133,Response&nbsp;regulator&nbsp;with&nbsp;CheY-like&nbsp;receiver&nbsp;domain&nbsp;and&nbsp;winged-helix&nbsp;DNA-binding&nbsp;domain,71.0
1146883.BLASA_3934,thrB,Homoserine&nbsp;kinase,71.0
1146883.BLASA_2396,BLASA_2396,4-alpha-glucanotransferase,71.0
1146883.BLASA_2517,BLASA_2517,Alcohol&nbsp;dehydrogenase&nbsp;zinc-binding&nbsp;domain&nbsp;protein,71.0
1146883.BLASA_3904,BLASA_3904,3-hydroxyacyl-CoA&nbsp;dehydrogenase,71.0
1146883.BLASA_1973,fabH,3-oxoacyl-[acyl-carrier-protein]&nbsp;synthase&nbsp;3,70.9
1146883.BLASA_2536,BLASA_2536,"High-affinity&nbsp;branched-chain&nbsp;amino&nbsp;acid&nbsp;ABC&nbsp;transporter,&nbsp;ATP&nbsp;binding&nbsp;protein&nbsp;(Modular&nbsp;protein)",70.7
1146883.BLASA_2481,ppnK,NAD&nbsp;kinase,70.7
1146883.BLASA_1736,BLASA_1736,Putative&nbsp;membrane-associated&nbsp;phospholipid&nbsp;phosphatase,70.7
1146883.BLASA_4536,pstA,Phosphate&nbsp;transport&nbsp;system&nbsp;permease&nbsp;protein&nbsp;PstA,70.4
1146883.BLASA_3073,ctaD2,Cytochrome&nbsp;c&nbsp;oxidase&nbsp;subunit&nbsp;1,70.4
1146883.BLASA_0864,gltA,Citrate&nbsp;synthase,70.4
1146883.BLASA_3086,BLASA_3086,Putative&nbsp;Heme&nbsp;exporter&nbsp;protein&nbsp;B,70.4
1146883.BLASA_4575,BLASA_4575,"Ribose&nbsp;ABC&nbsp;transporter,&nbsp;permease&nbsp;protein",70.3
1146883.BLASA_3401,BLASA_3401,Hydantoinase/oxoprolinase,70.3
1146883.BLASA_0122,BLASA_0122,"N-methylhydantoinase&nbsp;B/acetone&nbsp;carboxylase,&nbsp;alpha&nbsp;subunit",70.3
1146883.BLASA_1168,cysM,Cysteine&nbsp;synthase&nbsp;B,70.3
1146883.BLASA_2538,BLASA_2538,Branched-chain&nbsp;amino&nbsp;acid&nbsp;ABC&nbsp;transport&nbsp;permease,70.3
1146883.BLASA_3035,BLASA_3035,Uncharacterized&nbsp;protein,70.2
1146883.BLASA_2871,hmp,Flavohemoprotein,70.2
1146883.BLASA_0060,BLASA_0060,Aminotransferase,70.2
1146883.BLASA_3300,ppgK,Polyphosphate&nbsp;glucokinase,70.1
1146883.BLASA_2522,BLASA_2522,Short-chain&nbsp;dehydrogenase/reductase&nbsp;SDR,70.1
1146883.BLASA_3523,ctpI,Putative&nbsp;cation-transporting&nbsp;ATPase&nbsp;I,70.1
1146883.BLASA_4871,narJ,Nitrate&nbsp;reductase&nbsp;delta&nbsp;subunit,70.1
1146883.BLASA_4541,pstA2,Phosphate&nbsp;transport&nbsp;system&nbsp;permease&nbsp;protein&nbsp;PstA,70.1
1146883.BLASA_2564,BLASA_2564,"ABC-type&nbsp;branched-chain&nbsp;amino&nbsp;acid&nbsp;transport&nbsp;systems,&nbsp;extracellular&nbsp;component",70.1
