1245469.S58_72670,S58_72670,Isoprenyl&nbsp;transferase,98.9
1245469.S58_24310,S58_24310,annotation&nbsp;not&nbsp;available,98.9
1245469.S58_53770,S58_53770,annotation&nbsp;not&nbsp;available,98.9
1245469.S58_72540,S58_72540,annotation&nbsp;not&nbsp;available,98.9
1245469.S58_72490,S58_72490,Adenosylmethionine&nbsp;decarboxylase,98.8
1245469.S58_03170,S58_03170,annotation&nbsp;not&nbsp;available,98.8
1245469.S58_42600,S58_42600,annotation&nbsp;not&nbsp;available,98.8
1245469.S58_25180,S58_25180,annotation&nbsp;not&nbsp;available,98.8
1245469.S58_34500,S58_34500,annotation&nbsp;not&nbsp;available,98.8
1245469.S58_29300,S58_29300,annotation&nbsp;not&nbsp;available,98.8
1245469.S58_34630,lpxA,Acyl-[acyl-carrier-protein]--UDP-N-acetylglucosamine&nbsp;O-acyltransferase,98.8
1245469.S58_58520,hupD,annotation&nbsp;not&nbsp;available,98.7
1245469.S58_00720,S58_00720,annotation&nbsp;not&nbsp;available,98.7
1245469.S58_31330,lipB,Octanoyltransferase,98.7
1245469.S58_06050,S58_06050,annotation&nbsp;not&nbsp;available,98.7
1245469.S58_25160,S58_25160,annotation&nbsp;not&nbsp;available,98.7
1245469.S58_06980,S58_06980,annotation&nbsp;not&nbsp;available,98.7
1245469.S58_42230,S58_42230,annotation&nbsp;not&nbsp;available,98.7
1245469.S58_18010,S58_18010,annotation&nbsp;not&nbsp;available,98.7
1245469.S58_66260,S58_66260,annotation&nbsp;not&nbsp;available,98.7
1245469.S58_07490,ctaG,Cytochrome&nbsp;c&nbsp;oxidase&nbsp;assembly&nbsp;protein&nbsp;CtaG,98.6
1245469.S58_65690,glcB,Malate&nbsp;synthase&nbsp;G,98.6
1245469.S58_34560,S58_34560,Isoprenyl&nbsp;transferase,98.6
1245469.S58_46380,S58_46380,annotation&nbsp;not&nbsp;available,98.6
1245469.S58_04080,S58_04080,annotation&nbsp;not&nbsp;available,98.6
1245469.S58_09160,trbI,annotation&nbsp;not&nbsp;available,98.6
1245469.S58_68600,S58_68600,annotation&nbsp;not&nbsp;available,98.6
1245469.S58_08020,S58_08020,annotation&nbsp;not&nbsp;available,98.5
1245469.S58_48410,purQ,Phosphoribosylformylglycinamidine&nbsp;synthase&nbsp;subunit&nbsp;PurQ,98.5
1245469.S58_45280,rplN,50S&nbsp;ribosomal&nbsp;protein&nbsp;L14,98.5
1245469.S58_70250,S58_70250,annotation&nbsp;not&nbsp;available,98.5
1245469.S58_55150,rnhB,Ribonuclease&nbsp;HII,98.5
1245469.S58_22830,S58_22830,Cysteine&nbsp;desulfurase,98.5
1245469.S58_35500,pdhA,Pyruvate&nbsp;dehydrogenase&nbsp;E1&nbsp;component&nbsp;subunit&nbsp;alpha,98.5
1245469.S58_08670,S58_08670,"GDP-mannose&nbsp;4,6-dehydratase",98.5
1245469.S58_72820,S58_72820,annotation&nbsp;not&nbsp;available,98.5
1245469.S58_45890,S58_45890,annotation&nbsp;not&nbsp;available,98.4
1245469.S58_53930,S58_53930,"3,4-dihydroxy-2-butanone&nbsp;4-phosphate&nbsp;synthase",98.4
1245469.S58_68030,S58_68030,annotation&nbsp;not&nbsp;available,98.4
1245469.S58_60640,S58_60640,annotation&nbsp;not&nbsp;available,98.4
1245469.S58_47770,S58_47770,annotation&nbsp;not&nbsp;available,98.4
1245469.S58_41790,S58_41790,annotation&nbsp;not&nbsp;available,98.3
1245469.S58_13290,S58_13290,annotation&nbsp;not&nbsp;available,98.2
1245469.S58_39080,S58_39080,annotation&nbsp;not&nbsp;available,98.2
1245469.S58_00870,S58_00870,annotation&nbsp;not&nbsp;available,98.1
1245469.S58_49350,S58_49350,annotation&nbsp;not&nbsp;available,98.1
1245469.S58_57490,S58_57490,annotation&nbsp;not&nbsp;available,98.1
1245469.S58_28260,S58_28260,annotation&nbsp;not&nbsp;available,98.1
1245469.S58_32780,rnc,Ribonuclease&nbsp;3,98.1
1245469.S58_66420,glpK,Glycerol&nbsp;kinase,98.1
1245469.S58_70300,S58_70300,Shikimate&nbsp;kinase,98.0
1245469.S58_68020,S58_68020,annotation&nbsp;not&nbsp;available,98.0
1245469.S58_35740,ureD,Urease&nbsp;accessory&nbsp;protein&nbsp;UreD,97.9
1245469.S58_09110,trbE,annotation&nbsp;not&nbsp;available,97.9
1245469.S58_21080,S58_21080,annotation&nbsp;not&nbsp;available,97.9
1245469.S58_07590,S58_07590,annotation&nbsp;not&nbsp;available,97.9
1245469.S58_20150,S58_20150,annotation&nbsp;not&nbsp;available,97.9
1245469.S58_05990,S58_05990,annotation&nbsp;not&nbsp;available,97.9
1245469.S58_60590,S58_60590,annotation&nbsp;not&nbsp;available,97.9
1245469.S58_02090,rho,Transcription&nbsp;termination&nbsp;factor&nbsp;Rho,97.9
1245469.S58_14560,S58_14560,annotation&nbsp;not&nbsp;available,97.8
1245469.S58_14690,S58_14690,annotation&nbsp;not&nbsp;available,97.8
1245469.S58_15250,S58_15250,annotation&nbsp;not&nbsp;available,97.8
1245469.S58_42950,S58_42950,annotation&nbsp;not&nbsp;available,97.8
1245469.S58_43790,S58_43790,annotation&nbsp;not&nbsp;available,97.8
1245469.S58_39500,S58_39500,annotation&nbsp;not&nbsp;available,97.8
1245469.S58_37280,S58_37280,annotation&nbsp;not&nbsp;available,97.7
1245469.S58_50190,S58_50190,annotation&nbsp;not&nbsp;available,97.7
1245469.S58_64350,S58_64350,annotation&nbsp;not&nbsp;available,97.7
1245469.S58_72850,rpsT,30S&nbsp;ribosomal&nbsp;protein&nbsp;S20,97.7
1245469.S58_41440,purN,Phosphoribosylglycinamide&nbsp;formyltransferase,97.6
1245469.S58_67220,S58_67220,annotation&nbsp;not&nbsp;available,97.6
1245469.S58_28070,S58_28070,annotation&nbsp;not&nbsp;available,97.6
1245469.S58_33570,S58_33570,annotation&nbsp;not&nbsp;available,97.6
1245469.S58_41480,ppk,Polyphosphate&nbsp;kinase,97.6
1245469.S58_22040,S58_22040,annotation&nbsp;not&nbsp;available,97.6
1245469.S58_60610,S58_60610,annotation&nbsp;not&nbsp;available,97.6
1245469.S58_59700,S58_59700,annotation&nbsp;not&nbsp;available,97.6
1245469.S58_05200,S58_05200,annotation&nbsp;not&nbsp;available,97.6
1245469.S58_21130,S58_21130,Aldose&nbsp;1-epimerase,97.5
1245469.S58_68690,S58_68690,annotation&nbsp;not&nbsp;available,97.5
1245469.S58_39510,S58_39510,annotation&nbsp;not&nbsp;available,97.5
1245469.S58_67350,S58_67350,annotation&nbsp;not&nbsp;available,97.5
1245469.S58_01120,S58_01120,annotation&nbsp;not&nbsp;available,97.4
1245469.S58_35630,S58_35630,annotation&nbsp;not&nbsp;available,97.4
1245469.S58_25960,S58_25960,annotation&nbsp;not&nbsp;available,97.3
1245469.S58_38440,S58_38440,annotation&nbsp;not&nbsp;available,97.3
1245469.S58_50910,paaB,annotation&nbsp;not&nbsp;available,97.3
1245469.S58_44710,S58_44710,annotation&nbsp;not&nbsp;available,97.2
1245469.S58_59660,S58_59660,annotation&nbsp;not&nbsp;available,97.2
1245469.S58_45500,rplJ,50S&nbsp;ribosomal&nbsp;protein&nbsp;L10,97.2
1245469.S58_62500,S58_62500,annotation&nbsp;not&nbsp;available,97.1
1245469.S58_25380,S58_25380,annotation&nbsp;not&nbsp;available,97.1
1245469.S58_71940,S58_71940,annotation&nbsp;not&nbsp;available,97.1
1245469.S58_67960,S58_67960,annotation&nbsp;not&nbsp;available,97.1
1245469.S58_60380,S58_60380,annotation&nbsp;not&nbsp;available,97.1
1245469.S58_50700,S58_50700,annotation&nbsp;not&nbsp;available,97.1
1245469.S58_70010,S58_70010,Ferredoxin,97.0
1245469.S58_50730,S58_50730,annotation&nbsp;not&nbsp;available,97.0
1245469.S58_24200,S58_24200,annotation&nbsp;not&nbsp;available,97.0
1245469.S58_57740,S58_57740,annotation&nbsp;not&nbsp;available,97.0
1245469.S58_63200,S58_63200,annotation&nbsp;not&nbsp;available,97.0
1245469.S58_44930,S58_44930,annotation&nbsp;not&nbsp;available,96.9
1245469.S58_55000,S58_55000,annotation&nbsp;not&nbsp;available,96.9
1245469.S58_34150,S58_34150,NADH-quinone&nbsp;oxidoreductase&nbsp;subunit&nbsp;F,96.9
1245469.S58_12350,S58_12350,Cell&nbsp;division&nbsp;protein&nbsp;ZapA,96.9
1245469.S58_13650,carA,annotation&nbsp;not&nbsp;available,96.8
1245469.S58_25800,S58_25800,annotation&nbsp;not&nbsp;available,96.7
1245469.S58_58530,S58_58530,annotation&nbsp;not&nbsp;available,96.7
1245469.S58_00610,rpsO,30S&nbsp;ribosomal&nbsp;protein&nbsp;S15,96.7
1245469.S58_68560,S58_68560,annotation&nbsp;not&nbsp;available,96.6
1245469.S58_56470,S58_56470,annotation&nbsp;not&nbsp;available,96.6
1245469.S58_48900,S58_48900,annotation&nbsp;not&nbsp;available,96.5
1245469.S58_48700,S58_48700,annotation&nbsp;not&nbsp;available,96.5
1245469.S58_33310,plsX,Phosphate&nbsp;acyltransferase,96.5
1245469.S58_53380,S58_53380,annotation&nbsp;not&nbsp;available,96.5
1245469.S58_48310,purL,Phosphoribosylformylglycinamidine&nbsp;synthase&nbsp;subunit&nbsp;PurL,96.5
1245469.S58_19650,bamD,Outer&nbsp;membrane&nbsp;protein&nbsp;assembly&nbsp;factor&nbsp;BamD,96.4
1245469.S58_50580,S58_50580,annotation&nbsp;not&nbsp;available,96.4
1245469.S58_36960,S58_36960,annotation&nbsp;not&nbsp;available,96.4
1245469.S58_03810,S58_03810,3-isopropylmalate&nbsp;dehydratase&nbsp;large&nbsp;subunit,96.3
1245469.S58_45550,rplA,50S&nbsp;ribosomal&nbsp;protein&nbsp;L1,96.3
1245469.S58_69460,S58_69460,annotation&nbsp;not&nbsp;available,96.3
1245469.S58_24430,S58_24430,annotation&nbsp;not&nbsp;available,96.3
1245469.S58_40170,S58_40170,Peptidyl-prolyl&nbsp;cis-trans&nbsp;isomerase,96.3
1245469.S58_27770,cobD,Cobalamin&nbsp;biosynthesis&nbsp;protein&nbsp;CobD,96.3
1245469.S58_29780,S58_29780,annotation&nbsp;not&nbsp;available,96.3
1245469.S58_01510,rpmI,annotation&nbsp;not&nbsp;available,96.3
1245469.S58_58020,S58_58020,annotation&nbsp;not&nbsp;available,96.3
1245469.S58_37600,S58_37600,annotation&nbsp;not&nbsp;available,96.2
1245469.S58_06560,S58_06560,annotation&nbsp;not&nbsp;available,96.2
1245469.S58_58970,S58_58970,annotation&nbsp;not&nbsp;available,96.2
1245469.S58_19210,S58_19210,Phosphatidylserine&nbsp;decarboxylase,96.2
1245469.S58_40960,S58_40960,annotation&nbsp;not&nbsp;available,96.2
1245469.S58_67780,S58_67780,Putative&nbsp;glutamate--cysteine&nbsp;ligase&nbsp;2,96.2
1245469.S58_22560,S58_22560,annotation&nbsp;not&nbsp;available,96.1
1245469.S58_37190,S58_37190,annotation&nbsp;not&nbsp;available,96.1
1245469.S58_01550,pheT,annotation&nbsp;not&nbsp;available,96.1
1245469.S58_35310,pyrG,CTP&nbsp;synthase,96.1
1245469.S58_16160,S58_16160,annotation&nbsp;not&nbsp;available,96.0
1245469.S58_19880,S58_19880,annotation&nbsp;not&nbsp;available,96.0
1245469.S58_35620,S58_35620,annotation&nbsp;not&nbsp;available,96.0
1245469.S58_00090,S58_00090,UDP-N-acetylglucosamine&nbsp;1-carboxyvinyltransferase,96.0
1245469.S58_15330,S58_15330,annotation&nbsp;not&nbsp;available,95.9
1245469.S58_66590,S58_66590,annotation&nbsp;not&nbsp;available,95.9
1245469.S58_29410,S58_29410,annotation&nbsp;not&nbsp;available,95.9
1245469.S58_49330,S58_49330,annotation&nbsp;not&nbsp;available,95.9
1245469.S58_48760,S58_48760,annotation&nbsp;not&nbsp;available,95.9
1245469.S58_05830,S58_05830,annotation&nbsp;not&nbsp;available,95.8
1245469.S58_04300,S58_04300,RNA&nbsp;pyrophosphohydrolase,95.8
1245469.S58_33730,rplM,50S&nbsp;ribosomal&nbsp;protein&nbsp;L13,95.8
1245469.S58_60030,S58_60030,annotation&nbsp;not&nbsp;available,95.6
1245469.S58_06890,metZ,O-succinylhomoserine&nbsp;sulfhydrylase,95.6
1245469.S58_14050,S58_14050,annotation&nbsp;not&nbsp;available,95.6
1245469.S58_11200,S58_11200,annotation&nbsp;not&nbsp;available,95.5
1245469.S58_43050,S58_43050,annotation&nbsp;not&nbsp;available,95.5
1245469.S58_51180,S58_51180,annotation&nbsp;not&nbsp;available,95.5
1245469.S58_52560,S58_52560,annotation&nbsp;not&nbsp;available,95.5
1245469.S58_14530,S58_14530,annotation&nbsp;not&nbsp;available,95.5
1245469.S58_10400,S58_10400,annotation&nbsp;not&nbsp;available,95.5
1245469.S58_05000,S58_05000,annotation&nbsp;not&nbsp;available,95.5
1245469.S58_09420,S58_09420,annotation&nbsp;not&nbsp;available,95.4
1245469.S58_48710,S58_48710,annotation&nbsp;not&nbsp;available,95.4
1245469.S58_38530,S58_38530,annotation&nbsp;not&nbsp;available,95.3
1245469.S58_20120,S58_20120,annotation&nbsp;not&nbsp;available,95.3
1245469.S58_47380,S58_47380,annotation&nbsp;not&nbsp;available,95.3
1245469.S58_28850,S58_28850,annotation&nbsp;not&nbsp;available,95.3
1245469.S58_71110,S58_71110,annotation&nbsp;not&nbsp;available,95.2
1245469.S58_32400,S58_32400,annotation&nbsp;not&nbsp;available,95.2
1245469.S58_23790,S58_23790,annotation&nbsp;not&nbsp;available,95.2
1245469.S58_60570,S58_60570,DNA&nbsp;polymerase&nbsp;IV,95.2
1245469.S58_37130,parE,DNA&nbsp;topoisomerase&nbsp;4&nbsp;subunit&nbsp;B,95.2
1245469.S58_18290,S58_18290,annotation&nbsp;not&nbsp;available,95.2
1245469.S58_08450,S58_08450,annotation&nbsp;not&nbsp;available,95.2
1245469.S58_52570,S58_52570,annotation&nbsp;not&nbsp;available,95.2
1245469.S58_20490,S58_20490,annotation&nbsp;not&nbsp;available,95.1
1245469.S58_24440,S58_24440,annotation&nbsp;not&nbsp;available,95.1
1245469.S58_04040,S58_04040,annotation&nbsp;not&nbsp;available,95.0
1245469.S58_71180,S58_71180,ATP-dependent&nbsp;Clp&nbsp;protease&nbsp;proteolytic&nbsp;subunit,95.0
1245469.S58_49250,S58_49250,annotation&nbsp;not&nbsp;available,95.0
1245469.S58_52740,S58_52740,annotation&nbsp;not&nbsp;available,95.0
1245469.S58_70490,S58_70490,annotation&nbsp;not&nbsp;available,94.9
1245469.S58_14800,S58_14800,annotation&nbsp;not&nbsp;available,94.9
1245469.S58_16340,S58_16340,annotation&nbsp;not&nbsp;available,94.9
1245469.S58_51420,S58_51420,annotation&nbsp;not&nbsp;available,94.9
1245469.S58_13070,S58_13070,annotation&nbsp;not&nbsp;available,94.8
1245469.S58_26000,S58_26000,annotation&nbsp;not&nbsp;available,94.8
1245469.S58_71810,S58_71810,annotation&nbsp;not&nbsp;available,94.8
1245469.S58_70570,S58_70570,annotation&nbsp;not&nbsp;available,94.8
1245469.S58_60870,S58_60870,annotation&nbsp;not&nbsp;available,94.8
1245469.S58_40860,S58_40860,annotation&nbsp;not&nbsp;available,94.7
1245469.S58_32510,S58_32510,annotation&nbsp;not&nbsp;available,94.7
1245469.S58_34620,fabZ,3-hydroxyacyl-[acyl-carrier-protein]&nbsp;dehydratase&nbsp;FabZ,94.7
1245469.S58_20180,S58_20180,Ferrous&nbsp;iron&nbsp;transport&nbsp;protein&nbsp;B,94.6
1245469.S58_05790,S58_05790,annotation&nbsp;not&nbsp;available,94.6
1245469.S58_58600,S58_58600,annotation&nbsp;not&nbsp;available,94.6
1245469.S58_58710,S58_58710,annotation&nbsp;not&nbsp;available,94.6
1245469.S58_71070,mutS,DNA&nbsp;mismatch&nbsp;repair&nbsp;protein&nbsp;MutS,94.6
1245469.S58_47610,S58_47610,annotation&nbsp;not&nbsp;available,94.6
1245469.S58_26690,S58_26690,annotation&nbsp;not&nbsp;available,94.5
1245469.S58_52170,S58_52170,annotation&nbsp;not&nbsp;available,94.5
1245469.S58_20100,S58_20100,annotation&nbsp;not&nbsp;available,94.5
1245469.S58_49540,S58_49540,annotation&nbsp;not&nbsp;available,94.5
1245469.S58_70880,S58_70880,annotation&nbsp;not&nbsp;available,94.5
1245469.S58_52950,S58_52950,annotation&nbsp;not&nbsp;available,94.5
1245469.S58_19900,S58_19900,annotation&nbsp;not&nbsp;available,94.5
1245469.S58_48850,cycJ,Cytochrome&nbsp;c-type&nbsp;biogenesis&nbsp;protein&nbsp;CcmE,94.5
1245469.S58_64820,S58_64820,annotation&nbsp;not&nbsp;available,94.4
1245469.S58_35250,trpD,Anthranilate&nbsp;phosphoribosyltransferase,94.4
1245469.S58_50070,S58_50070,annotation&nbsp;not&nbsp;available,94.4
1245469.S58_09910,glgC,Glucose-1-phosphate&nbsp;adenylyltransferase,94.3
1245469.S58_27790,S58_27790,"Cob(I)yrinic&nbsp;acid&nbsp;a,c-diamide&nbsp;adenosyltransferase",94.3
1245469.S58_64560,htpG,Chaperone&nbsp;protein&nbsp;HtpG,94.3
1245469.S58_03960,S58_03960,annotation&nbsp;not&nbsp;available,94.2
1245469.S58_37500,S58_37500,annotation&nbsp;not&nbsp;available,94.2
1245469.S58_37010,S58_37010,annotation&nbsp;not&nbsp;available,94.2
1245469.S58_53690,S58_53690,annotation&nbsp;not&nbsp;available,94.1
1245469.S58_09970,S58_09970,annotation&nbsp;not&nbsp;available,94.1
1245469.S58_10230,S58_10230,annotation&nbsp;not&nbsp;available,94.1
1245469.S58_35340,S58_35340,annotation&nbsp;not&nbsp;available,94.1
1245469.S58_45560,rplK,50S&nbsp;ribosomal&nbsp;protein&nbsp;L11,94.1
1245469.S58_69270,S58_69270,annotation&nbsp;not&nbsp;available,94.1
1245469.S58_24830,S58_24830,annotation&nbsp;not&nbsp;available,94.1
1245469.S58_39240,S58_39240,annotation&nbsp;not&nbsp;available,94.0
1245469.S58_20560,S58_20560,annotation&nbsp;not&nbsp;available,94.0
1245469.S58_13270,S58_13270,Spermidine/putrescine&nbsp;import&nbsp;ATP-binding&nbsp;protein&nbsp;PotA,94.0
1245469.S58_43820,S58_43820,annotation&nbsp;not&nbsp;available,94.0
1245469.S58_51810,bioD,ATP-dependent&nbsp;dethiobiotin&nbsp;synthetase&nbsp;BioD,93.9
1245469.S58_57560,S58_57560,annotation&nbsp;not&nbsp;available,93.9
1245469.S58_18440,S58_18440,annotation&nbsp;not&nbsp;available,93.9
1245469.S58_12590,S58_12590,annotation&nbsp;not&nbsp;available,93.9
1245469.S58_02230,hisB,annotation&nbsp;not&nbsp;available,93.9
1245469.S58_50140,S58_50140,annotation&nbsp;not&nbsp;available,93.9
1245469.S58_24450,S58_24450,annotation&nbsp;not&nbsp;available,93.8
1245469.S58_06220,S58_06220,annotation&nbsp;not&nbsp;available,93.7
1245469.S58_21880,S58_21880,annotation&nbsp;not&nbsp;available,93.7
1245469.S58_07630,S58_07630,ATP&nbsp;synthase&nbsp;subunit&nbsp;b,93.7
1245469.S58_36370,S58_36370,annotation&nbsp;not&nbsp;available,93.7
1245469.S58_68340,yidC,Membrane&nbsp;protein&nbsp;insertase&nbsp;YidC,93.7
1245469.S58_66250,S58_66250,annotation&nbsp;not&nbsp;available,93.7
1245469.S58_59610,glk,annotation&nbsp;not&nbsp;available,93.6
1245469.S58_06490,S58_06490,annotation&nbsp;not&nbsp;available,93.6
1245469.S58_58380,S58_58380,annotation&nbsp;not&nbsp;available,93.6
1245469.S58_25190,S58_25190,annotation&nbsp;not&nbsp;available,93.5
1245469.S58_60320,S58_60320,annotation&nbsp;not&nbsp;available,93.5
1245469.S58_50210,S58_50210,annotation&nbsp;not&nbsp;available,93.5
1245469.S58_30230,S58_30230,annotation&nbsp;not&nbsp;available,93.5
1245469.S58_19630,ftsZ,Cell&nbsp;division&nbsp;protein&nbsp;FtsZ,93.5
1245469.S58_53000,S58_53000,Pyruvate&nbsp;dehydrogenase&nbsp;E1&nbsp;component,93.4
1245469.S58_19620,ftsA,Cell&nbsp;division&nbsp;protein&nbsp;FtsA,93.4
1245469.S58_06780,S58_06780,annotation&nbsp;not&nbsp;available,93.4
1245469.S58_56330,S58_56330,annotation&nbsp;not&nbsp;available,93.4
1245469.S58_01830,S58_01830,annotation&nbsp;not&nbsp;available,93.4
1245469.S58_24540,metK,S-adenosylmethionine&nbsp;synthase,93.3
1245469.S58_19310,S58_19310,annotation&nbsp;not&nbsp;available,93.3
1245469.S58_16320,S58_16320,annotation&nbsp;not&nbsp;available,93.2
1245469.S58_59640,S58_59640,Phosphoenolpyruvate&nbsp;synthase,93.2
1245469.S58_66290,S58_66290,annotation&nbsp;not&nbsp;available,93.2
1245469.S58_10650,S58_10650,annotation&nbsp;not&nbsp;available,93.2
1245469.S58_05180,S58_05180,annotation&nbsp;not&nbsp;available,93.2
1245469.S58_47540,S58_47540,annotation&nbsp;not&nbsp;available,93.1
1245469.S58_14680,S58_14680,annotation&nbsp;not&nbsp;available,93.1
1245469.S58_59320,hutH,annotation&nbsp;not&nbsp;available,93.1
1245469.S58_55320,S58_55320,Molybdenum&nbsp;cofactor&nbsp;biosynthesis&nbsp;protein&nbsp;B,93.1
1245469.S58_68370,argB,Acetylglutamate&nbsp;kinase,93.1
1245469.S58_60780,S58_60780,annotation&nbsp;not&nbsp;available,93.1
1245469.S58_20440,ilvC,Ketol-acid&nbsp;reductoisomerase&nbsp;(NADP(+)),93.0
1245469.S58_45860,S58_45860,annotation&nbsp;not&nbsp;available,93.0
1245469.S58_09120,trbJ,annotation&nbsp;not&nbsp;available,93.0
1245469.S58_07910,S58_07910,annotation&nbsp;not&nbsp;available,93.0
1245469.S58_61290,S58_61290,annotation&nbsp;not&nbsp;available,92.9
1245469.S58_42000,purF,Amidophosphoribosyltransferase,92.9
1245469.S58_59290,S58_59290,annotation&nbsp;not&nbsp;available,92.9
1245469.S58_52420,S58_52420,annotation&nbsp;not&nbsp;available,92.9
1245469.S58_07810,S58_07810,annotation&nbsp;not&nbsp;available,92.8
1245469.S58_65980,infA,Translation&nbsp;initiation&nbsp;factor&nbsp;IF-1,92.8
1245469.S58_40770,S58_40770,annotation&nbsp;not&nbsp;available,92.8
1245469.S58_00970,trpA,Tryptophan&nbsp;synthase&nbsp;alpha&nbsp;chain,92.8
1245469.S58_26610,flgC,annotation&nbsp;not&nbsp;available,92.8
1245469.S58_19060,thiS,annotation&nbsp;not&nbsp;available,92.7
1245469.S58_61140,S58_61140,annotation&nbsp;not&nbsp;available,92.7
1245469.S58_45940,S58_45940,annotation&nbsp;not&nbsp;available,92.7
1245469.S58_08330,S58_08330,annotation&nbsp;not&nbsp;available,92.7
1245469.S58_05800,S58_05800,annotation&nbsp;not&nbsp;available,92.6
1245469.S58_22470,S58_22470,S-formylglutathione&nbsp;hydrolase,92.6
1245469.S58_66350,S58_66350,annotation&nbsp;not&nbsp;available,92.5
1245469.S58_65830,S58_65830,Urease&nbsp;accessory&nbsp;protein&nbsp;UreG,92.5
1245469.S58_66340,S58_66340,annotation&nbsp;not&nbsp;available,92.5
1245469.S58_21150,S58_21150,annotation&nbsp;not&nbsp;available,92.5
1245469.S58_21980,S58_21980,annotation&nbsp;not&nbsp;available,92.4
1245469.S58_59180,S58_59180,annotation&nbsp;not&nbsp;available,92.4
1245469.S58_10800,S58_10800,annotation&nbsp;not&nbsp;available,92.4
1245469.S58_69660,S58_69660,annotation&nbsp;not&nbsp;available,92.4
1245469.S58_28830,S58_28830,annotation&nbsp;not&nbsp;available,92.4
1245469.S58_60740,S58_60740,Basal-body&nbsp;rod&nbsp;modification&nbsp;protein&nbsp;FlgD,92.4
1245469.S58_23280,S58_23280,annotation&nbsp;not&nbsp;available,92.3
1245469.S58_59550,S58_59550,annotation&nbsp;not&nbsp;available,92.3
1245469.S58_07060,S58_07060,annotation&nbsp;not&nbsp;available,92.3
1245469.S58_30880,S58_30880,annotation&nbsp;not&nbsp;available,92.3
1245469.S58_72200,S58_72200,annotation&nbsp;not&nbsp;available,92.3
1245469.S58_21300,S58_21300,annotation&nbsp;not&nbsp;available,92.2
1245469.S58_43860,S58_43860,annotation&nbsp;not&nbsp;available,92.2
1245469.S58_58250,S58_58250,annotation&nbsp;not&nbsp;available,92.1
1245469.S58_52410,S58_52410,annotation&nbsp;not&nbsp;available,92.1
1245469.S58_40240,S58_40240,Single-stranded&nbsp;DNA-binding&nbsp;protein,92.1
1245469.S58_33330,himA,Integration&nbsp;host&nbsp;factor&nbsp;subunit&nbsp;alpha,92.1
1245469.S58_56320,S58_56320,annotation&nbsp;not&nbsp;available,92.1
1245469.S58_03940,ftsY,Signal&nbsp;recognition&nbsp;particle&nbsp;receptor&nbsp;FtsY,92.1
1245469.S58_11560,S58_11560,annotation&nbsp;not&nbsp;available,92.1
1245469.S58_51920,S58_51920,annotation&nbsp;not&nbsp;available,92.1
1245469.S58_07720,S58_07720,annotation&nbsp;not&nbsp;available,92.1
1245469.S58_58270,S58_58270,annotation&nbsp;not&nbsp;available,92.0
1245469.S58_00560,nusA,Transcription&nbsp;termination/antitermination&nbsp;protein&nbsp;NusA,92.0
1245469.S58_15230,S58_15230,annotation&nbsp;not&nbsp;available,92.0
1245469.S58_00600,truB,tRNA&nbsp;pseudouridine&nbsp;synthase&nbsp;B,92.0
1245469.S58_01260,S58_01260,annotation&nbsp;not&nbsp;available,91.9
1245469.S58_60510,S58_60510,annotation&nbsp;not&nbsp;available,91.9
1245469.S58_64210,hemH,Ferrochelatase,91.9
1245469.S58_38570,S58_38570,annotation&nbsp;not&nbsp;available,91.8
1245469.S58_45470,rpoC,DNA-directed&nbsp;RNA&nbsp;polymerase&nbsp;subunit&nbsp;beta',91.8
1245469.S58_00680,S58_00680,annotation&nbsp;not&nbsp;available,91.8
1245469.S58_02150,secB,Protein-export&nbsp;protein&nbsp;SecB,91.7
1245469.S58_01990,S58_01990,annotation&nbsp;not&nbsp;available,91.7
1245469.S58_39200,ispDF,Bifunctional&nbsp;enzyme&nbsp;IspD/IspF,91.7
1245469.S58_59790,S58_59790,4-hydroxy-tetrahydrodipicolinate&nbsp;synthase,91.7
1245469.S58_15090,S58_15090,annotation&nbsp;not&nbsp;available,91.7
1245469.S58_35190,S58_35190,annotation&nbsp;not&nbsp;available,91.6
1245469.S58_28300,S58_28300,annotation&nbsp;not&nbsp;available,91.6
1245469.S58_11800,cysA,Sulfate/thiosulfate&nbsp;import&nbsp;ATP-binding&nbsp;protein&nbsp;CysA,91.6
1245469.S58_15140,S58_15140,annotation&nbsp;not&nbsp;available,91.5
1245469.S58_28780,S58_28780,annotation&nbsp;not&nbsp;available,91.5
1245469.S58_69500,S58_69500,annotation&nbsp;not&nbsp;available,91.4
1245469.S58_60910,napB,"Periplasmic&nbsp;nitrate&nbsp;reductase,&nbsp;electron&nbsp;transfer&nbsp;subunit",91.3
1245469.S58_04000,ccmA,Cytochrome&nbsp;c&nbsp;biogenesis&nbsp;ATP-binding&nbsp;export&nbsp;protein&nbsp;CcmA,91.3
1245469.S58_29820,psd,Phosphatidylserine&nbsp;decarboxylase&nbsp;proenzyme,91.3
1245469.S58_54330,S58_54330,annotation&nbsp;not&nbsp;available,91.3
1245469.S58_02220,hslV,ATP-dependent&nbsp;protease&nbsp;subunit&nbsp;HslV,91.3
1245469.S58_23260,S58_23260,annotation&nbsp;not&nbsp;available,91.3
1245469.S58_15120,S58_15120,annotation&nbsp;not&nbsp;available,91.2
1245469.S58_28270,S58_28270,annotation&nbsp;not&nbsp;available,91.2
1245469.S58_14520,S58_14520,annotation&nbsp;not&nbsp;available,91.2
1245469.S58_53620,S58_53620,annotation&nbsp;not&nbsp;available,91.2
1245469.S58_62140,S58_62140,annotation&nbsp;not&nbsp;available,91.2
1245469.S58_50290,S58_50290,annotation&nbsp;not&nbsp;available,91.1
1245469.S58_50570,S58_50570,annotation&nbsp;not&nbsp;available,91.1
1245469.S58_10670,S58_10670,annotation&nbsp;not&nbsp;available,91.1
1245469.S58_14450,S58_14450,annotation&nbsp;not&nbsp;available,91.1
1245469.S58_42640,S58_42640,annotation&nbsp;not&nbsp;available,91.0
1245469.S58_28690,S58_28690,annotation&nbsp;not&nbsp;available,91.0
1245469.S58_46520,S58_46520,annotation&nbsp;not&nbsp;available,91.0
1245469.S58_56820,hemE,Uroporphyrinogen&nbsp;decarboxylase,91.0
1245469.S58_37160,S58_37160,N-acetyl-gamma-glutamyl-phosphate&nbsp;reductase,91.0
1245469.S58_42880,S58_42880,annotation&nbsp;not&nbsp;available,90.9
1245469.S58_71350,S58_71350,annotation&nbsp;not&nbsp;available,90.9
1245469.S58_70530,argJ,Arginine&nbsp;biosynthesis&nbsp;bifunctional&nbsp;protein&nbsp;ArgJ,90.9
1245469.S58_43210,S58_43210,annotation&nbsp;not&nbsp;available,90.9
1245469.S58_70700,S58_70700,annotation&nbsp;not&nbsp;available,90.9
1245469.S58_00990,trpF,annotation&nbsp;not&nbsp;available,90.8
1245469.S58_62120,S58_62120,annotation&nbsp;not&nbsp;available,90.8
1245469.S58_62390,S58_62390,annotation&nbsp;not&nbsp;available,90.8
1245469.S58_48600,S58_48600,annotation&nbsp;not&nbsp;available,90.8
1245469.S58_62060,S58_62060,"6,7-dimethyl-8-ribityllumazine&nbsp;synthase",90.8
1245469.S58_29590,rpiA,Ribose-5-phosphate&nbsp;isomerase&nbsp;A,90.7
1245469.S58_11830,S58_11830,annotation&nbsp;not&nbsp;available,90.7
1245469.S58_70100,S58_70100,annotation&nbsp;not&nbsp;available,90.7
1245469.S58_44890,glsA,annotation&nbsp;not&nbsp;available,90.7
1245469.S58_59110,S58_59110,Reaction&nbsp;center&nbsp;protein&nbsp;M&nbsp;chain,90.7
1245469.S58_25510,S58_25510,annotation&nbsp;not&nbsp;available,90.6
1245469.S58_62720,S58_62720,annotation&nbsp;not&nbsp;available,90.6
1245469.S58_47630,S58_47630,annotation&nbsp;not&nbsp;available,90.6
1245469.S58_21780,S58_21780,annotation&nbsp;not&nbsp;available,90.6
1245469.S58_30930,S58_30930,annotation&nbsp;not&nbsp;available,90.5
1245469.S58_00180,S58_00180,annotation&nbsp;not&nbsp;available,90.5
1245469.S58_34520,rpsB,annotation&nbsp;not&nbsp;available,90.5
1245469.S58_22370,S58_22370,annotation&nbsp;not&nbsp;available,90.5
1245469.S58_25440,S58_25440,annotation&nbsp;not&nbsp;available,90.4
1245469.S58_37200,S58_37200,annotation&nbsp;not&nbsp;available,90.4
1245469.S58_32520,gatC,Aspartyl/glutamyl-tRNA(Asn/Gln)&nbsp;amidotransferase&nbsp;subunit&nbsp;C,90.4
1245469.S58_08150,S58_08150,UDP-N-acetylglucosamine&nbsp;1-carboxyvinyltransferase,90.3
1245469.S58_65840,S58_65840,Urease&nbsp;accessory&nbsp;protein&nbsp;UreF,90.3
1245469.S58_49730,S58_49730,annotation&nbsp;not&nbsp;available,90.3
1245469.S58_23890,S58_23890,annotation&nbsp;not&nbsp;available,90.3
1245469.S58_39030,S58_39030,annotation&nbsp;not&nbsp;available,90.3
1245469.S58_26220,S58_26220,annotation&nbsp;not&nbsp;available,90.3
1245469.S58_51650,S58_51650,annotation&nbsp;not&nbsp;available,90.2
1245469.S58_17810,S58_17810,annotation&nbsp;not&nbsp;available,90.2
1245469.S58_07460,S58_07460,Cytochrome&nbsp;c&nbsp;oxidase&nbsp;subunit&nbsp;1,90.2
1245469.S58_37820,S58_37820,annotation&nbsp;not&nbsp;available,90.1
1245469.S58_41870,S58_41870,Replicative&nbsp;DNA&nbsp;helicase,90.1
1245469.S58_58050,S58_58050,annotation&nbsp;not&nbsp;available,90.1
1245469.S58_23430,phnI,annotation&nbsp;not&nbsp;available,90.1
1245469.S58_39520,S58_39520,annotation&nbsp;not&nbsp;available,90.0
1245469.S58_58400,S58_58400,annotation&nbsp;not&nbsp;available,90.0
1245469.S58_11280,S58_11280,annotation&nbsp;not&nbsp;available,90.0
1245469.S58_41650,S58_41650,annotation&nbsp;not&nbsp;available,90.0
1245469.S58_52030,S58_52030,annotation&nbsp;not&nbsp;available,90.0
1245469.S58_39600,S58_39600,annotation&nbsp;not&nbsp;available,90.0
1245469.S58_36060,secF,Protein-export&nbsp;membrane&nbsp;protein&nbsp;SecF,89.9
1245469.S58_48840,cycK,annotation&nbsp;not&nbsp;available,89.9
1245469.S58_45920,S58_45920,annotation&nbsp;not&nbsp;available,89.9
1245469.S58_59140,S58_59140,Light&nbsp;harvesting&nbsp;1&nbsp;subunit&nbsp;beta,89.8
1245469.S58_09450,S58_09450,annotation&nbsp;not&nbsp;available,89.8
1245469.S58_06060,S58_06060,annotation&nbsp;not&nbsp;available,89.8
1245469.S58_23780,S58_23780,annotation&nbsp;not&nbsp;available,89.7
1245469.S58_68630,S58_68630,annotation&nbsp;not&nbsp;available,89.6
1245469.S58_13670,S58_13670,annotation&nbsp;not&nbsp;available,89.6
1245469.S58_51850,S58_51850,annotation&nbsp;not&nbsp;available,89.6
1245469.S58_59160,S58_59160,annotation&nbsp;not&nbsp;available,89.6
1245469.S58_20140,S58_20140,annotation&nbsp;not&nbsp;available,89.5
1245469.S58_40990,S58_40990,annotation&nbsp;not&nbsp;available,89.4
1245469.S58_56830,S58_56830,Hydroxymethylbilane&nbsp;synthase,89.4
1245469.S58_24080,S58_24080,annotation&nbsp;not&nbsp;available,89.4
1245469.S58_23160,fixA,annotation&nbsp;not&nbsp;available,89.4
1245469.S58_04950,S58_04950,annotation&nbsp;not&nbsp;available,89.4
1245469.S58_72140,S58_72140,annotation&nbsp;not&nbsp;available,89.4
1245469.S58_36700,rne,Ribonuclease&nbsp;E,89.4
1245469.S58_57890,S58_57890,annotation&nbsp;not&nbsp;available,89.4
1245469.S58_08370,S58_08370,annotation&nbsp;not&nbsp;available,89.4
1245469.S58_27270,S58_27270,annotation&nbsp;not&nbsp;available,89.3
1245469.S58_34400,S58_34400,annotation&nbsp;not&nbsp;available,89.3
1245469.S58_18550,S58_18550,annotation&nbsp;not&nbsp;available,89.3
1245469.S58_17050,S58_17050,annotation&nbsp;not&nbsp;available,89.3
1245469.S58_36110,S58_36110,annotation&nbsp;not&nbsp;available,89.3
1245469.S58_07340,S58_07340,annotation&nbsp;not&nbsp;available,89.3
1245469.S58_18170,S58_18170,annotation&nbsp;not&nbsp;available,89.3
1245469.S58_18610,S58_18610,annotation&nbsp;not&nbsp;available,89.3
1245469.S58_19670,ligA,DNA&nbsp;ligase,89.2
1245469.S58_09870,S58_09870,annotation&nbsp;not&nbsp;available,89.2
1245469.S58_33180,nrdR,Transcriptional&nbsp;repressor&nbsp;NrdR,89.2
1245469.S58_45360,rplW,50S&nbsp;ribosomal&nbsp;protein&nbsp;L23,89.1
1245469.S58_34550,frr,Ribosome-recycling&nbsp;factor,89.1
1245469.S58_50590,S58_50590,annotation&nbsp;not&nbsp;available,89.1
1245469.S58_25360,S58_25360,annotation&nbsp;not&nbsp;available,89.0
1245469.S58_12210,S58_12210,annotation&nbsp;not&nbsp;available,89.0
1245469.S58_45030,S58_45030,annotation&nbsp;not&nbsp;available,89.0
1245469.S58_59210,S58_59210,annotation&nbsp;not&nbsp;available,89.0
1245469.S58_59070,S58_59070,annotation&nbsp;not&nbsp;available,89.0
1245469.S58_07450,S58_07450,Cytochrome&nbsp;c&nbsp;oxidase&nbsp;subunit&nbsp;2,89.0
1245469.S58_10820,S58_10820,annotation&nbsp;not&nbsp;available,89.0
1245469.S58_58170,S58_58170,annotation&nbsp;not&nbsp;available,89.0
1245469.S58_27910,S58_27910,annotation&nbsp;not&nbsp;available,88.9
1245469.S58_02250,hisH,Imidazole&nbsp;glycerol&nbsp;phosphate&nbsp;synthase&nbsp;subunit&nbsp;HisH,88.9
1245469.S58_13170,purE,N5-carboxyaminoimidazole&nbsp;ribonucleotide&nbsp;mutase,88.9
1245469.S58_58850,S58_58850,annotation&nbsp;not&nbsp;available,88.9
1245469.S58_04420,rpmA,annotation&nbsp;not&nbsp;available,88.8
1245469.S58_15540,S58_15540,annotation&nbsp;not&nbsp;available,88.8
1245469.S58_43230,S58_43230,annotation&nbsp;not&nbsp;available,88.8
1245469.S58_61020,S58_61020,annotation&nbsp;not&nbsp;available,88.8
1245469.S58_70830,S58_70830,annotation&nbsp;not&nbsp;available,88.7
1245469.S58_02010,leuS,annotation&nbsp;not&nbsp;available,88.7
1245469.S58_06030,S58_06030,annotation&nbsp;not&nbsp;available,88.7
1245469.S58_39530,S58_39530,annotation&nbsp;not&nbsp;available,88.7
1245469.S58_34830,S58_34830,annotation&nbsp;not&nbsp;available,88.7
1245469.S58_04250,atpG,ATP&nbsp;synthase&nbsp;gamma&nbsp;chain,88.7
1245469.S58_36510,S58_36510,annotation&nbsp;not&nbsp;available,88.6
1245469.S58_54010,S58_54010,annotation&nbsp;not&nbsp;available,88.6
1245469.S58_22580,nifA,annotation&nbsp;not&nbsp;available,88.5
1245469.S58_29990,S58_29990,annotation&nbsp;not&nbsp;available,88.5
1245469.S58_32020,S58_32020,annotation&nbsp;not&nbsp;available,88.5
1245469.S58_42630,S58_42630,annotation&nbsp;not&nbsp;available,88.4
1245469.S58_29980,S58_29980,annotation&nbsp;not&nbsp;available,88.4
1245469.S58_01680,S58_01680,annotation&nbsp;not&nbsp;available,88.4
1245469.S58_52070,S58_52070,annotation&nbsp;not&nbsp;available,88.4
1245469.S58_32240,rpmG,annotation&nbsp;not&nbsp;available,88.3
1245469.S58_47660,S58_47660,annotation&nbsp;not&nbsp;available,88.3
1245469.S58_36790,S58_36790,annotation&nbsp;not&nbsp;available,88.3
1245469.S58_30670,S58_30670,annotation&nbsp;not&nbsp;available,88.3
1245469.S58_38850,S58_38850,annotation&nbsp;not&nbsp;available,88.3
1245469.S58_33060,S58_33060,annotation&nbsp;not&nbsp;available,88.2
1245469.S58_03120,S58_03120,annotation&nbsp;not&nbsp;available,88.2
1245469.S58_04150,S58_04150,Dihydrolipoyllysine-residue&nbsp;succinyltransferase&nbsp;component&nbsp;of&nbsp;2-oxoglutarate&nbsp;dehydrogenase&nbsp;complex,88.2
1245469.S58_04970,S58_04970,annotation&nbsp;not&nbsp;available,88.2
1245469.S58_41240,S58_41240,annotation&nbsp;not&nbsp;available,88.2
1245469.S58_33170,glyA,Serine&nbsp;hydroxymethyltransferase,88.2
1245469.S58_18530,S58_18530,annotation&nbsp;not&nbsp;available,88.2
1245469.S58_65790,S58_65790,annotation&nbsp;not&nbsp;available,88.2
1245469.S58_69890,S58_69890,annotation&nbsp;not&nbsp;available,88.2
1245469.S58_05320,S58_05320,annotation&nbsp;not&nbsp;available,88.1
1245469.S58_05700,S58_05700,annotation&nbsp;not&nbsp;available,88.1
1245469.S58_67130,S58_67130,annotation&nbsp;not&nbsp;available,88.1
1245469.S58_45370,rplD,50S&nbsp;ribosomal&nbsp;protein&nbsp;L4,88.1
1245469.S58_47620,S58_47620,annotation&nbsp;not&nbsp;available,88.1
1245469.S58_39880,S58_39880,annotation&nbsp;not&nbsp;available,88.1
1245469.S58_45580,secE,Protein&nbsp;translocase&nbsp;subunit&nbsp;SecE,88.1
1245469.S58_10310,S58_10310,annotation&nbsp;not&nbsp;available,88.1
1245469.S58_18180,S58_18180,annotation&nbsp;not&nbsp;available,88.1
1245469.S58_12470,S58_12470,annotation&nbsp;not&nbsp;available,88.1
1245469.S58_12800,tolR,annotation&nbsp;not&nbsp;available,88.0
1245469.S58_60770,S58_60770,Flagellar&nbsp;motor&nbsp;switch&nbsp;protein&nbsp;FliG,88.0
1245469.S58_15080,S58_15080,annotation&nbsp;not&nbsp;available,88.0
1245469.S58_39070,S58_39070,annotation&nbsp;not&nbsp;available,88.0
1245469.S58_06070,S58_06070,annotation&nbsp;not&nbsp;available,87.9
1245469.S58_04260,atpD,ATP&nbsp;synthase&nbsp;subunit&nbsp;beta,87.9
1245469.S58_11720,S58_11720,Siroheme&nbsp;synthase,87.9
1245469.S58_51050,S58_51050,annotation&nbsp;not&nbsp;available,87.9
1245469.S58_64710,S58_64710,annotation&nbsp;not&nbsp;available,87.9
1245469.S58_11610,S58_11610,annotation&nbsp;not&nbsp;available,87.9
1245469.S58_71060,S58_71060,annotation&nbsp;not&nbsp;available,87.9
1245469.S58_53040,S58_53040,annotation&nbsp;not&nbsp;available,87.8
1245469.S58_36000,S58_36000,annotation&nbsp;not&nbsp;available,87.8
1245469.S58_57840,S58_57840,annotation&nbsp;not&nbsp;available,87.8
1245469.S58_17020,S58_17020,annotation&nbsp;not&nbsp;available,87.8
1245469.S58_43500,S58_43500,annotation&nbsp;not&nbsp;available,87.8
1245469.S58_40300,uvrA,UvrABC&nbsp;system&nbsp;protein&nbsp;A,87.8
1245469.S58_68850,S58_68850,annotation&nbsp;not&nbsp;available,87.8
1245469.S58_56300,S58_56300,annotation&nbsp;not&nbsp;available,87.8
1245469.S58_34600,S58_34600,Outer&nbsp;membrane&nbsp;protein&nbsp;assembly&nbsp;factor&nbsp;BamA,87.7
1245469.S58_17130,S58_17130,annotation&nbsp;not&nbsp;available,87.7
1245469.S58_62030,S58_62030,annotation&nbsp;not&nbsp;available,87.7
1245469.S58_69800,S58_69800,annotation&nbsp;not&nbsp;available,87.7
1245469.S58_50530,S58_50530,annotation&nbsp;not&nbsp;available,87.7
1245469.S58_60920,S58_60920,annotation&nbsp;not&nbsp;available,87.7
1245469.S58_01010,himD,Integration&nbsp;host&nbsp;factor&nbsp;subunit&nbsp;beta,87.7
1245469.S58_03500,cysD,annotation&nbsp;not&nbsp;available,87.7
1245469.S58_41460,S58_41460,annotation&nbsp;not&nbsp;available,87.6
1245469.S58_43030,S58_43030,annotation&nbsp;not&nbsp;available,87.6
1245469.S58_14730,S58_14730,annotation&nbsp;not&nbsp;available,87.6
1245469.S58_47000,S58_47000,annotation&nbsp;not&nbsp;available,87.6
1245469.S58_31540,S58_31540,annotation&nbsp;not&nbsp;available,87.6
1245469.S58_33030,S58_33030,annotation&nbsp;not&nbsp;available,87.5
1245469.S58_23960,S58_23960,annotation&nbsp;not&nbsp;available,87.5
1245469.S58_35570,S58_35570,annotation&nbsp;not&nbsp;available,87.5
1245469.S58_71620,S58_71620,annotation&nbsp;not&nbsp;available,87.5
1245469.S58_68210,S58_68210,annotation&nbsp;not&nbsp;available,87.5
1245469.S58_72470,S58_72470,annotation&nbsp;not&nbsp;available,87.5
1245469.S58_53630,S58_53630,annotation&nbsp;not&nbsp;available,87.4
1245469.S58_45490,rplL,50S&nbsp;ribosomal&nbsp;protein&nbsp;L7/L12,87.4
1245469.S58_54960,S58_54960,annotation&nbsp;not&nbsp;available,87.4
1245469.S58_40120,S58_40120,annotation&nbsp;not&nbsp;available,87.4
1245469.S58_21440,S58_21440,annotation&nbsp;not&nbsp;available,87.4
1245469.S58_28500,S58_28500,annotation&nbsp;not&nbsp;available,87.4
1245469.S58_56630,S58_56630,annotation&nbsp;not&nbsp;available,87.3
1245469.S58_01290,S58_01290,Cbb3-type&nbsp;cytochrome&nbsp;c&nbsp;oxidase&nbsp;subunit,87.3
1245469.S58_68520,recR,Recombination&nbsp;protein&nbsp;RecR,87.3
1245469.S58_28580,S58_28580,annotation&nbsp;not&nbsp;available,87.2
1245469.S58_05630,S58_05630,Bifunctional&nbsp;protein&nbsp;PutA,87.2
1245469.S58_16150,S58_16150,annotation&nbsp;not&nbsp;available,87.2
1245469.S58_67670,S58_67670,annotation&nbsp;not&nbsp;available,87.1
1245469.S58_47640,S58_47640,annotation&nbsp;not&nbsp;available,87.1
1245469.S58_56310,S58_56310,annotation&nbsp;not&nbsp;available,87.0
1245469.S58_36640,S58_36640,annotation&nbsp;not&nbsp;available,87.0
1245469.S58_56290,S58_56290,annotation&nbsp;not&nbsp;available,87.0
1245469.S58_01050,aroA,3-phosphoshikimate&nbsp;1-carboxyvinyltransferase,87.0
1245469.S58_02420,S58_02420,annotation&nbsp;not&nbsp;available,87.0
1245469.S58_15320,S58_15320,annotation&nbsp;not&nbsp;available,87.0
1245469.S58_52940,S58_52940,annotation&nbsp;not&nbsp;available,87.0
1245469.S58_01040,cmk,annotation&nbsp;not&nbsp;available,86.9
1245469.S58_06010,S58_06010,annotation&nbsp;not&nbsp;available,86.9
1245469.S58_08850,S58_08850,annotation&nbsp;not&nbsp;available,86.9
1245469.S58_57810,S58_57810,annotation&nbsp;not&nbsp;available,86.8
1245469.S58_06390,S58_06390,annotation&nbsp;not&nbsp;available,86.8
1245469.S58_01240,S58_01240,annotation&nbsp;not&nbsp;available,86.8
1245469.S58_52920,S58_52920,annotation&nbsp;not&nbsp;available,86.8
1245469.S58_42430,S58_42430,annotation&nbsp;not&nbsp;available,86.8
1245469.S58_31860,S58_31860,ATP-dependent&nbsp;Clp&nbsp;protease&nbsp;adapter&nbsp;protein&nbsp;ClpS,86.8
1245469.S58_59250,S58_59250,annotation&nbsp;not&nbsp;available,86.8
1245469.S58_03470,ramB,annotation&nbsp;not&nbsp;available,86.8
1245469.S58_40780,S58_40780,annotation&nbsp;not&nbsp;available,86.8
1245469.S58_42300,S58_42300,annotation&nbsp;not&nbsp;available,86.7
1245469.S58_31640,S58_31640,annotation&nbsp;not&nbsp;available,86.7
1245469.S58_56850,ackA,Acetate&nbsp;kinase,86.6
1245469.S58_46390,S58_46390,annotation&nbsp;not&nbsp;available,86.6
1245469.S58_68110,S58_68110,annotation&nbsp;not&nbsp;available,86.5
1245469.S58_45630,S58_45630,annotation&nbsp;not&nbsp;available,86.5
1245469.S58_24000,S58_24000,annotation&nbsp;not&nbsp;available,86.5
1245469.S58_00040,recF,DNA&nbsp;replication&nbsp;and&nbsp;repair&nbsp;protein&nbsp;RecF,86.5
1245469.S58_68440,S58_68440,annotation&nbsp;not&nbsp;available,86.5
1245469.S58_11160,S58_11160,annotation&nbsp;not&nbsp;available,86.5
1245469.S58_29100,S58_29100,annotation&nbsp;not&nbsp;available,86.4
1245469.S58_10160,S58_10160,4-hydroxy-3-methylbut-2-enyl&nbsp;diphosphate&nbsp;reductase,86.4
1245469.S58_65940,S58_65940,annotation&nbsp;not&nbsp;available,86.4
1245469.S58_16390,S58_16390,annotation&nbsp;not&nbsp;available,86.4
1245469.S58_32200,S58_32200,annotation&nbsp;not&nbsp;available,86.4
1245469.S58_14630,S58_14630,annotation&nbsp;not&nbsp;available,86.3
1245469.S58_52990,S58_52990,annotation&nbsp;not&nbsp;available,86.3
1245469.S58_05770,S58_05770,annotation&nbsp;not&nbsp;available,86.3
1245469.S58_60710,S58_60710,annotation&nbsp;not&nbsp;available,86.3
1245469.S58_24010,S58_24010,annotation&nbsp;not&nbsp;available,86.3
1245469.S58_54140,S58_54140,annotation&nbsp;not&nbsp;available,86.2
1245469.S58_58200,S58_58200,annotation&nbsp;not&nbsp;available,86.2
1245469.S58_28740,S58_28740,annotation&nbsp;not&nbsp;available,86.2
1245469.S58_51550,S58_51550,annotation&nbsp;not&nbsp;available,86.2
1245469.S58_55880,S58_55880,annotation&nbsp;not&nbsp;available,86.2
1245469.S58_58160,S58_58160,annotation&nbsp;not&nbsp;available,86.1
1245469.S58_01770,S58_01770,annotation&nbsp;not&nbsp;available,86.1
1245469.S58_60120,S58_60120,annotation&nbsp;not&nbsp;available,86.1
1245469.S58_30340,S58_30340,annotation&nbsp;not&nbsp;available,86.1
1245469.S58_10360,minC,Probable&nbsp;septum&nbsp;site-determining&nbsp;protein&nbsp;MinC,86.1
1245469.S58_63580,S58_63580,annotation&nbsp;not&nbsp;available,86.1
1245469.S58_32110,S58_32110,annotation&nbsp;not&nbsp;available,86.1
1245469.S58_02290,coaA,annotation&nbsp;not&nbsp;available,86.1
1245469.S58_03730,leuD,3-isopropylmalate&nbsp;dehydratase&nbsp;small&nbsp;subunit,86.0
1245469.S58_00950,S58_00950,annotation&nbsp;not&nbsp;available,86.0
1245469.S58_46340,S58_46340,annotation&nbsp;not&nbsp;available,86.0
1245469.S58_63100,S58_63100,annotation&nbsp;not&nbsp;available,86.0
1245469.S58_05340,S58_05340,annotation&nbsp;not&nbsp;available,86.0
1245469.S58_65100,S58_65100,annotation&nbsp;not&nbsp;available,86.0
1245469.S58_10180,rnhA,Ribonuclease&nbsp;H,86.0
1245469.S58_24970,S58_24970,annotation&nbsp;not&nbsp;available,85.9
1245469.S58_01490,infC,Translation&nbsp;initiation&nbsp;factor&nbsp;IF-3,85.9
1245469.S58_69640,S58_69640,annotation&nbsp;not&nbsp;available,85.9
1245469.S58_67210,S58_67210,annotation&nbsp;not&nbsp;available,85.8
1245469.S58_17270,S58_17270,annotation&nbsp;not&nbsp;available,85.8
1245469.S58_48660,S58_48660,annotation&nbsp;not&nbsp;available,85.8
1245469.S58_56020,S58_56020,annotation&nbsp;not&nbsp;available,85.7
1245469.S58_32420,ddpX,D-alanyl-D-alanine&nbsp;dipeptidase,85.7
1245469.S58_00060,gyrB,DNA&nbsp;gyrase&nbsp;subunit&nbsp;B,85.7
1245469.S58_12560,S58_12560,annotation&nbsp;not&nbsp;available,85.7
1245469.S58_22870,S58_22870,annotation&nbsp;not&nbsp;available,85.6
1245469.S58_62050,coxX,annotation&nbsp;not&nbsp;available,85.6
1245469.S58_32090,S58_32090,DNA&nbsp;polymerase&nbsp;IV,85.6
1245469.S58_17600,S58_17600,annotation&nbsp;not&nbsp;available,85.6
1245469.S58_38280,S58_38280,annotation&nbsp;not&nbsp;available,85.6
1245469.S58_47080,gpt,Xanthine&nbsp;phosphoribosyltransferase,85.5
1245469.S58_38930,S58_38930,annotation&nbsp;not&nbsp;available,85.5
1245469.S58_01230,S58_01230,annotation&nbsp;not&nbsp;available,85.4
1245469.S58_67190,S58_67190,annotation&nbsp;not&nbsp;available,85.4
1245469.S58_49190,S58_49190,annotation&nbsp;not&nbsp;available,85.4
1245469.S58_35510,S58_35510,annotation&nbsp;not&nbsp;available,85.4
1245469.S58_58620,pstB,Phosphate&nbsp;import&nbsp;ATP-binding&nbsp;protein&nbsp;PstB,85.4
1245469.S58_32500,S58_32500,annotation&nbsp;not&nbsp;available,85.3
1245469.S58_38940,S58_38940,annotation&nbsp;not&nbsp;available,85.3
1245469.S58_31080,S58_31080,annotation&nbsp;not&nbsp;available,85.3
1245469.S58_57300,S58_57300,annotation&nbsp;not&nbsp;available,85.3
1245469.S58_52880,S58_52880,annotation&nbsp;not&nbsp;available,85.2
1245469.S58_43160,S58_43160,annotation&nbsp;not&nbsp;available,85.2
1245469.S58_46590,S58_46590,annotation&nbsp;not&nbsp;available,85.2
1245469.S58_28280,S58_28280,annotation&nbsp;not&nbsp;available,85.2
1245469.S58_34080,nuoA,NADH-quinone&nbsp;oxidoreductase&nbsp;subunit&nbsp;A,85.2
1245469.S58_09220,S58_09220,annotation&nbsp;not&nbsp;available,85.2
1245469.S58_39260,lipA,Lipoyl&nbsp;synthase,85.2
1245469.S58_23310,phnC,Phosphonates&nbsp;import&nbsp;ATP-binding&nbsp;protein&nbsp;PhnC,85.2
1245469.S58_09610,S58_09610,annotation&nbsp;not&nbsp;available,85.1
1245469.S58_67730,S58_67730,annotation&nbsp;not&nbsp;available,85.1
1245469.S58_61850,ctc,50S&nbsp;ribosomal&nbsp;protein&nbsp;L25,85.1
1245469.S58_54450,S58_54450,annotation&nbsp;not&nbsp;available,85.1
1245469.S58_14860,S58_14860,annotation&nbsp;not&nbsp;available,85.1
1245469.S58_31620,S58_31620,annotation&nbsp;not&nbsp;available,85.1
1245469.S58_47780,S58_47780,annotation&nbsp;not&nbsp;available,85.0
1245469.S58_60850,S58_60850,annotation&nbsp;not&nbsp;available,85.0
1245469.S58_03410,S58_03410,annotation&nbsp;not&nbsp;available,85.0
1245469.S58_57720,S58_57720,annotation&nbsp;not&nbsp;available,85.0
1245469.S58_12320,S58_12320,annotation&nbsp;not&nbsp;available,85.0
1245469.S58_03830,trmD,tRNA&nbsp;(guanine-N(1)-)-methyltransferase,85.0
1245469.S58_15970,S58_15970,annotation&nbsp;not&nbsp;available,84.9
1245469.S58_22480,S58_22480,annotation&nbsp;not&nbsp;available,84.9
1245469.S58_34290,S58_34290,annotation&nbsp;not&nbsp;available,84.9
1245469.S58_50800,S58_50800,annotation&nbsp;not&nbsp;available,84.9
1245469.S58_18690,S58_18690,annotation&nbsp;not&nbsp;available,84.8
1245469.S58_37510,S58_37510,Phospho-2-dehydro-3-deoxyheptonate&nbsp;aldolase,84.8
1245469.S58_62630,S58_62630,annotation&nbsp;not&nbsp;available,84.8
1245469.S58_29970,S58_29970,annotation&nbsp;not&nbsp;available,84.7
1245469.S58_62610,S58_62610,annotation&nbsp;not&nbsp;available,84.7
1245469.S58_45160,rpsM,30S&nbsp;ribosomal&nbsp;protein&nbsp;S13,84.7
1245469.S58_58440,S58_58440,annotation&nbsp;not&nbsp;available,84.7
1245469.S58_06900,S58_06900,annotation&nbsp;not&nbsp;available,84.7
1245469.S58_65930,S58_65930,annotation&nbsp;not&nbsp;available,84.7
1245469.S58_09210,S58_09210,annotation&nbsp;not&nbsp;available,84.6
1245469.S58_69740,S58_69740,annotation&nbsp;not&nbsp;available,84.6
1245469.S58_23130,S58_23130,annotation&nbsp;not&nbsp;available,84.6
1245469.S58_06360,S58_06360,annotation&nbsp;not&nbsp;available,84.5
1245469.S58_69720,S58_69720,annotation&nbsp;not&nbsp;available,84.5
1245469.S58_06310,S58_06310,annotation&nbsp;not&nbsp;available,84.5
1245469.S58_27870,S58_27870,annotation&nbsp;not&nbsp;available,84.5
1245469.S58_09240,S58_09240,annotation&nbsp;not&nbsp;available,84.5
1245469.S58_41810,rpsR,30S&nbsp;ribosomal&nbsp;protein&nbsp;S18,84.4
1245469.S58_45900,S58_45900,annotation&nbsp;not&nbsp;available,84.4
1245469.S58_42650,S58_42650,annotation&nbsp;not&nbsp;available,84.3
1245469.S58_66550,S58_66550,annotation&nbsp;not&nbsp;available,84.3
1245469.S58_71220,S58_71220,annotation&nbsp;not&nbsp;available,84.3
1245469.S58_63840,S58_63840,annotation&nbsp;not&nbsp;available,84.3
1245469.S58_70480,S58_70480,annotation&nbsp;not&nbsp;available,84.3
1245469.S58_65960,S58_65960,annotation&nbsp;not&nbsp;available,84.2
1245469.S58_47210,S58_47210,60&nbsp;kDa&nbsp;chaperonin,84.2
1245469.S58_01530,pheS,annotation&nbsp;not&nbsp;available,84.2
1245469.S58_07070,S58_07070,annotation&nbsp;not&nbsp;available,84.2
1245469.S58_42130,S58_42130,annotation&nbsp;not&nbsp;available,84.1
1245469.S58_61440,S58_61440,annotation&nbsp;not&nbsp;available,84.1
1245469.S58_04010,S58_04010,Aconitate&nbsp;hydratase,84.0
1245469.S58_56610,S58_56610,annotation&nbsp;not&nbsp;available,84.0
1245469.S58_45270,rplX,50S&nbsp;ribosomal&nbsp;protein&nbsp;L24,84.0
1245469.S58_41700,ksgA,Ribosomal&nbsp;RNA&nbsp;small&nbsp;subunit&nbsp;methyltransferase&nbsp;A,84.0
1245469.S58_11390,S58_11390,annotation&nbsp;not&nbsp;available,84.0
1245469.S58_02270,hisF,Imidazole&nbsp;glycerol&nbsp;phosphate&nbsp;synthase&nbsp;subunit&nbsp;HisF,84.0
1245469.S58_20410,S58_20410,annotation&nbsp;not&nbsp;available,83.9
1245469.S58_42420,S58_42420,annotation&nbsp;not&nbsp;available,83.9
1245469.S58_45430,rpsL,30S&nbsp;ribosomal&nbsp;protein&nbsp;S12,83.9
1245469.S58_43880,S58_43880,annotation&nbsp;not&nbsp;available,83.9
1245469.S58_37830,S58_37830,annotation&nbsp;not&nbsp;available,83.9
1245469.S58_27020,gcvH,Glycine&nbsp;cleavage&nbsp;system&nbsp;H&nbsp;protein,83.9
1245469.S58_68890,S58_68890,annotation&nbsp;not&nbsp;available,83.8
1245469.S58_02660,S58_02660,annotation&nbsp;not&nbsp;available,83.8
1245469.S58_37030,S58_37030,Cysteine&nbsp;desulfurase,83.8
1245469.S58_36120,S58_36120,annotation&nbsp;not&nbsp;available,83.8
1245469.S58_17780,S58_17780,annotation&nbsp;not&nbsp;available,83.8
1245469.S58_59720,kdpC,Potassium-transporting&nbsp;ATPase&nbsp;KdpC&nbsp;subunit,83.8
1245469.S58_25020,S58_25020,annotation&nbsp;not&nbsp;available,83.8
1245469.S58_09930,S58_09930,annotation&nbsp;not&nbsp;available,83.8
1245469.S58_58550,S58_58550,annotation&nbsp;not&nbsp;available,83.7
1245469.S58_70220,S58_70220,annotation&nbsp;not&nbsp;available,83.7
1245469.S58_54230,S58_54230,annotation&nbsp;not&nbsp;available,83.7
1245469.S58_28140,S58_28140,annotation&nbsp;not&nbsp;available,83.7
1245469.S58_03980,ccmC,Heme&nbsp;exporter&nbsp;protein&nbsp;C,83.7
1245469.S58_00850,dut,Deoxyuridine&nbsp;5'-triphosphate&nbsp;nucleotidohydrolase,83.7
1245469.S58_56840,S58_56840,annotation&nbsp;not&nbsp;available,83.6
1245469.S58_46370,hisI,Phosphoribosyl-AMP&nbsp;cyclohydrolase,83.6
1245469.S58_58460,S58_58460,annotation&nbsp;not&nbsp;available,83.6
1245469.S58_72110,S58_72110,annotation&nbsp;not&nbsp;available,83.5
1245469.S58_26490,S58_26490,annotation&nbsp;not&nbsp;available,83.5
1245469.S58_68050,S58_68050,Flagellar&nbsp;basal&nbsp;body&nbsp;L-ring&nbsp;protein,83.5
1245469.S58_03340,S58_03340,2-dehydropantoate&nbsp;2-reductase,83.5
1245469.S58_18070,S58_18070,annotation&nbsp;not&nbsp;available,83.5
1245469.S58_37310,S58_37310,annotation&nbsp;not&nbsp;available,83.4
1245469.S58_32410,pyrB,annotation&nbsp;not&nbsp;available,83.4
1245469.S58_19200,S58_19200,annotation&nbsp;not&nbsp;available,83.4
1245469.S58_01150,ugpC,Sn-glycerol-3-phosphate&nbsp;import&nbsp;ATP-binding&nbsp;protein&nbsp;UgpC,83.4
1245469.S58_09800,S58_09800,annotation&nbsp;not&nbsp;available,83.4
1245469.S58_13350,S58_13350,annotation&nbsp;not&nbsp;available,83.4
1245469.S58_68820,S58_68820,annotation&nbsp;not&nbsp;available,83.4
1245469.S58_07500,S58_07500,annotation&nbsp;not&nbsp;available,83.3
1245469.S58_08650,S58_08650,annotation&nbsp;not&nbsp;available,83.3
1245469.S58_07640,S58_07640,ATP&nbsp;synthase&nbsp;subunit&nbsp;b,83.3
1245469.S58_03390,S58_03390,annotation&nbsp;not&nbsp;available,83.3
1245469.S58_52890,S58_52890,annotation&nbsp;not&nbsp;available,83.3
1245469.S58_19740,S58_19740,annotation&nbsp;not&nbsp;available,83.3
1245469.S58_18080,zwf,Glucose-6-phosphate&nbsp;1-dehydrogenase,83.3
1245469.S58_59560,S58_59560,annotation&nbsp;not&nbsp;available,83.2
1245469.S58_14420,S58_14420,annotation&nbsp;not&nbsp;available,83.2
1245469.S58_12950,S58_12950,annotation&nbsp;not&nbsp;available,83.2
1245469.S58_70510,secA,Protein&nbsp;translocase&nbsp;subunit&nbsp;SecA,83.2
1245469.S58_20980,leuA,2-isopropylmalate&nbsp;synthase,83.2
1245469.S58_62650,S58_62650,annotation&nbsp;not&nbsp;available,83.2
1245469.S58_12260,S58_12260,annotation&nbsp;not&nbsp;available,83.2
1245469.S58_20680,S58_20680,annotation&nbsp;not&nbsp;available,83.1
1245469.S58_14620,S58_14620,annotation&nbsp;not&nbsp;available,83.1
1245469.S58_01840,grpE,Protein&nbsp;GrpE,83.1
1245469.S58_43530,S58_43530,annotation&nbsp;not&nbsp;available,83.1
1245469.S58_67690,S58_67690,annotation&nbsp;not&nbsp;available,83.1
1245469.S58_41800,rpsF,30S&nbsp;ribosomal&nbsp;protein&nbsp;S6,83.1
1245469.S58_65330,S58_65330,annotation&nbsp;not&nbsp;available,83.1
1245469.S58_65900,S58_65900,annotation&nbsp;not&nbsp;available,83.1
1245469.S58_29730,S58_29730,annotation&nbsp;not&nbsp;available,83.1
1245469.S58_67840,S58_67840,annotation&nbsp;not&nbsp;available,83.0
1245469.S58_48490,S58_48490,annotation&nbsp;not&nbsp;available,83.0
1245469.S58_60720,mnmA,tRNA-specific&nbsp;2-thiouridylase&nbsp;MnmA,83.0
1245469.S58_40900,S58_40900,annotation&nbsp;not&nbsp;available,82.9
1245469.S58_48170,S58_48170,annotation&nbsp;not&nbsp;available,82.9
1245469.S58_02200,hslU,ATP-dependent&nbsp;protease&nbsp;ATPase&nbsp;subunit&nbsp;HslU,82.9
1245469.S58_29850,S58_29850,annotation&nbsp;not&nbsp;available,82.8
1245469.S58_13260,S58_13260,annotation&nbsp;not&nbsp;available,82.8
1245469.S58_59990,S58_59990,annotation&nbsp;not&nbsp;available,82.8
1245469.S58_09250,S58_09250,annotation&nbsp;not&nbsp;available,82.8
1245469.S58_27030,S58_27030,annotation&nbsp;not&nbsp;available,82.8
1245469.S58_17000,S58_17000,annotation&nbsp;not&nbsp;available,82.8
1245469.S58_50780,S58_50780,annotation&nbsp;not&nbsp;available,82.8
1245469.S58_48730,S58_48730,annotation&nbsp;not&nbsp;available,82.7
1245469.S58_51010,S58_51010,annotation&nbsp;not&nbsp;available,82.7
1245469.S58_49720,dnaE2,Error-prone&nbsp;DNA&nbsp;polymerase,82.7
1245469.S58_66530,S58_66530,annotation&nbsp;not&nbsp;available,82.7
1245469.S58_13250,S58_13250,annotation&nbsp;not&nbsp;available,82.6
1245469.S58_48420,purS,Phosphoribosylformylglycinamidine&nbsp;synthase&nbsp;subunit&nbsp;PurS,82.6
1245469.S58_09920,S58_09920,Glycogen&nbsp;synthase,82.6
1245469.S58_05390,S58_05390,Trehalose&nbsp;6-phosphate&nbsp;phosphatase,82.5
1245469.S58_59450,S58_59450,annotation&nbsp;not&nbsp;available,82.5
1245469.S58_71800,S58_71800,annotation&nbsp;not&nbsp;available,82.5
1245469.S58_66270,S58_66270,annotation&nbsp;not&nbsp;available,82.5
1245469.S58_02470,S58_02470,annotation&nbsp;not&nbsp;available,82.5
1245469.S58_53640,xseB,Exodeoxyribonuclease&nbsp;7&nbsp;small&nbsp;subunit,82.5
1245469.S58_50900,paaC,annotation&nbsp;not&nbsp;available,82.5
1245469.S58_13450,S58_13450,annotation&nbsp;not&nbsp;available,82.4
1245469.S58_11790,S58_11790,annotation&nbsp;not&nbsp;available,82.4
1245469.S58_17090,S58_17090,annotation&nbsp;not&nbsp;available,82.4
1245469.S58_08630,S58_08630,annotation&nbsp;not&nbsp;available,82.4
1245469.S58_33870,S58_33870,annotation&nbsp;not&nbsp;available,82.3
1245469.S58_26460,flgH,Flagellar&nbsp;L-ring&nbsp;protein,82.3
1245469.S58_58570,hupU,annotation&nbsp;not&nbsp;available,82.3
1245469.S58_41550,S58_41550,annotation&nbsp;not&nbsp;available,82.3
1245469.S58_50540,S58_50540,annotation&nbsp;not&nbsp;available,82.3
1245469.S58_34690,glnS,annotation&nbsp;not&nbsp;available,82.3
1245469.S58_62370,S58_62370,annotation&nbsp;not&nbsp;available,82.2
1245469.S58_32010,nadA,Quinolinate&nbsp;synthase&nbsp;A,82.2
1245469.S58_23470,S58_23470,annotation&nbsp;not&nbsp;available,82.2
1245469.S58_36570,S58_36570,annotation&nbsp;not&nbsp;available,82.1
1245469.S58_48430,S58_48430,annotation&nbsp;not&nbsp;available,82.1
1245469.S58_06810,S58_06810,Ornithine&nbsp;carbamoyltransferase,82.1
1245469.S58_62510,ileS,Isoleucine--tRNA&nbsp;ligase,82.1
1245469.S58_62290,uvrC,UvrABC&nbsp;system&nbsp;protein&nbsp;C,82.1
1245469.S58_32740,S58_32740,GTP&nbsp;pyrophosphokinase,82.1
1245469.S58_71650,S58_71650,annotation&nbsp;not&nbsp;available,82.1
1245469.S58_36340,S58_36340,Vitamin&nbsp;B12-dependent&nbsp;ribonucleotide&nbsp;reductase,82.1
1245469.S58_50470,S58_50470,annotation&nbsp;not&nbsp;available,82.1
1245469.S58_34470,S58_34470,annotation&nbsp;not&nbsp;available,82.0
1245469.S58_10370,minD,annotation&nbsp;not&nbsp;available,82.0
1245469.S58_52550,S58_52550,annotation&nbsp;not&nbsp;available,82.0
1245469.S58_48460,S58_48460,annotation&nbsp;not&nbsp;available,81.9
1245469.S58_65910,S58_65910,Urease&nbsp;accessory&nbsp;protein&nbsp;UreD,81.8
1245469.S58_37460,efp,Elongation&nbsp;factor&nbsp;P,81.8
1245469.S58_24550,ahcY,Adenosylhomocysteinase,81.8
1245469.S58_07290,S58_07290,annotation&nbsp;not&nbsp;available,81.8
1245469.S58_62040,S58_62040,annotation&nbsp;not&nbsp;available,81.8
1245469.S58_57710,S58_57710,annotation&nbsp;not&nbsp;available,81.7
1245469.S58_66950,S58_66950,annotation&nbsp;not&nbsp;available,81.7
1245469.S58_70810,S58_70810,annotation&nbsp;not&nbsp;available,81.7
1245469.S58_04550,S58_04550,annotation&nbsp;not&nbsp;available,81.7
1245469.S58_49140,S58_49140,annotation&nbsp;not&nbsp;available,81.7
1245469.S58_22210,gfa,Glutathione-dependent&nbsp;formaldehyde-activating&nbsp;enzyme,81.7
1245469.S58_65820,S58_65820,annotation&nbsp;not&nbsp;available,81.6
1245469.S58_29610,S58_29610,annotation&nbsp;not&nbsp;available,81.6
1245469.S58_69010,map,annotation&nbsp;not&nbsp;available,81.6
1245469.S58_62410,S58_62410,annotation&nbsp;not&nbsp;available,81.6
1245469.S58_04570,S58_04570,annotation&nbsp;not&nbsp;available,81.5
1245469.S58_13150,S58_13150,annotation&nbsp;not&nbsp;available,81.5
1245469.S58_63400,S58_63400,annotation&nbsp;not&nbsp;available,81.5
1245469.S58_14740,S58_14740,annotation&nbsp;not&nbsp;available,81.5
1245469.S58_44060,S58_44060,annotation&nbsp;not&nbsp;available,81.5
1245469.S58_30860,S58_30860,annotation&nbsp;not&nbsp;available,81.4
1245469.S58_71830,S58_71830,annotation&nbsp;not&nbsp;available,81.4
1245469.S58_53740,S58_53740,annotation&nbsp;not&nbsp;available,81.4
1245469.S58_56800,S58_56800,annotation&nbsp;not&nbsp;available,81.4
1245469.S58_66540,S58_66540,annotation&nbsp;not&nbsp;available,81.3
1245469.S58_39390,S58_39390,annotation&nbsp;not&nbsp;available,81.3
1245469.S58_66600,S58_66600,annotation&nbsp;not&nbsp;available,81.3
1245469.S58_17260,S58_17260,annotation&nbsp;not&nbsp;available,81.3
1245469.S58_44640,S58_44640,annotation&nbsp;not&nbsp;available,81.3
1245469.S58_63390,S58_63390,annotation&nbsp;not&nbsp;available,81.3
1245469.S58_59530,S58_59530,annotation&nbsp;not&nbsp;available,81.3
1245469.S58_08570,S58_08570,annotation&nbsp;not&nbsp;available,81.2
1245469.S58_51910,S58_51910,annotation&nbsp;not&nbsp;available,81.2
1245469.S58_27830,cobN,annotation&nbsp;not&nbsp;available,81.2
1245469.S58_26030,S58_26030,annotation&nbsp;not&nbsp;available,81.2
1245469.S58_40370,S58_40370,annotation&nbsp;not&nbsp;available,81.2
1245469.S58_55040,glyQ,annotation&nbsp;not&nbsp;available,81.2
1245469.S58_68650,polA,DNA&nbsp;polymerase&nbsp;I,81.2
1245469.S58_66860,S58_66860,annotation&nbsp;not&nbsp;available,81.1
1245469.S58_19280,macB,Macrolide&nbsp;export&nbsp;ATP-binding/permease&nbsp;protein&nbsp;MacB,81.1
1245469.S58_23420,phnH,annotation&nbsp;not&nbsp;available,81.0
1245469.S58_69490,S58_69490,annotation&nbsp;not&nbsp;available,81.0
1245469.S58_50710,S58_50710,annotation&nbsp;not&nbsp;available,80.9
1245469.S58_66510,S58_66510,annotation&nbsp;not&nbsp;available,80.9
1245469.S58_19730,S58_19730,annotation&nbsp;not&nbsp;available,80.9
1245469.S58_27860,S58_27860,annotation&nbsp;not&nbsp;available,80.9
1245469.S58_18100,tal,Transaldolase,80.8
1245469.S58_19230,S58_19230,annotation&nbsp;not&nbsp;available,80.8
1245469.S58_20880,S58_20880,annotation&nbsp;not&nbsp;available,80.8
1245469.S58_63910,S58_63910,annotation&nbsp;not&nbsp;available,80.7
1245469.S58_63260,rpmJ,annotation&nbsp;not&nbsp;available,80.7
1245469.S58_17030,S58_17030,annotation&nbsp;not&nbsp;available,80.7
1245469.S58_04230,atpH,ATP&nbsp;synthase&nbsp;subunit&nbsp;delta,80.7
1245469.S58_12130,rpmE,50S&nbsp;ribosomal&nbsp;protein&nbsp;L31,80.7
1245469.S58_36040,S58_36040,annotation&nbsp;not&nbsp;available,80.6
1245469.S58_51330,S58_51330,annotation&nbsp;not&nbsp;available,80.6
1245469.S58_43140,S58_43140,Phosphoenolpyruvate-protein&nbsp;phosphotransferase,80.6
1245469.S58_28750,S58_28750,annotation&nbsp;not&nbsp;available,80.6
1245469.S58_59470,S58_59470,annotation&nbsp;not&nbsp;available,80.6
1245469.S58_51760,S58_51760,annotation&nbsp;not&nbsp;available,80.6
1245469.S58_19120,S58_19120,annotation&nbsp;not&nbsp;available,80.5
1245469.S58_29960,S58_29960,annotation&nbsp;not&nbsp;available,80.5
1245469.S58_45380,rplC,50S&nbsp;ribosomal&nbsp;protein&nbsp;L3,80.5
1245469.S58_66850,S58_66850,annotation&nbsp;not&nbsp;available,80.5
1245469.S58_34100,nuoC,NADH-quinone&nbsp;oxidoreductase&nbsp;subunit&nbsp;C,80.5
1245469.S58_19610,ftsQ,Cell&nbsp;division&nbsp;protein&nbsp;FtsQ,80.5
1245469.S58_54820,S58_54820,annotation&nbsp;not&nbsp;available,80.5
1245469.S58_57510,S58_57510,annotation&nbsp;not&nbsp;available,80.5
1245469.S58_71230,S58_71230,annotation&nbsp;not&nbsp;available,80.4
1245469.S58_42030,S58_42030,annotation&nbsp;not&nbsp;available,80.4
1245469.S58_01780,dnaJ,Chaperone&nbsp;protein&nbsp;DnaJ,80.4
1245469.S58_07540,S58_07540,annotation&nbsp;not&nbsp;available,80.3
1245469.S58_10500,nadE,Glutamine-dependent&nbsp;NAD(+)&nbsp;synthetase,80.3
1245469.S58_08610,S58_08610,annotation&nbsp;not&nbsp;available,80.3
1245469.S58_63120,S58_63120,annotation&nbsp;not&nbsp;available,80.3
1245469.S58_20690,S58_20690,annotation&nbsp;not&nbsp;available,80.3
1245469.S58_64880,nosF,annotation&nbsp;not&nbsp;available,80.3
1245469.S58_42910,S58_42910,annotation&nbsp;not&nbsp;available,80.3
1245469.S58_39460,S58_39460,annotation&nbsp;not&nbsp;available,80.3
1245469.S58_43100,S58_43100,annotation&nbsp;not&nbsp;available,80.3
1245469.S58_68790,S58_68790,annotation&nbsp;not&nbsp;available,80.3
1245469.S58_11350,S58_11350,annotation&nbsp;not&nbsp;available,80.2
1245469.S58_05190,S58_05190,annotation&nbsp;not&nbsp;available,80.2
1245469.S58_61150,S58_61150,annotation&nbsp;not&nbsp;available,80.2
1245469.S58_70600,S58_70600,Glutaredoxin,80.2
1245469.S58_35240,trpC,annotation&nbsp;not&nbsp;available,80.2
1245469.S58_06590,S58_06590,annotation&nbsp;not&nbsp;available,80.2
1245469.S58_36270,S58_36270,annotation&nbsp;not&nbsp;available,80.1
1245469.S58_35670,S58_35670,annotation&nbsp;not&nbsp;available,80.1
1245469.S58_03630,S58_03630,annotation&nbsp;not&nbsp;available,80.1
1245469.S58_33630,ctaA,Heme&nbsp;A&nbsp;synthase,80.1
1245469.S58_62740,S58_62740,annotation&nbsp;not&nbsp;available,80.1
1245469.S58_30810,S58_30810,annotation&nbsp;not&nbsp;available,80.0
1245469.S58_30820,S58_30820,annotation&nbsp;not&nbsp;available,80.0
1245469.S58_45330,rplV,50S&nbsp;ribosomal&nbsp;protein&nbsp;L22,80.0
1245469.S58_62830,S58_62830,annotation&nbsp;not&nbsp;available,80.0
1245469.S58_49970,S58_49970,annotation&nbsp;not&nbsp;available,80.0
1245469.S58_50690,S58_50690,annotation&nbsp;not&nbsp;available,80.0
1245469.S58_12310,S58_12310,annotation&nbsp;not&nbsp;available,80.0
1245469.S58_47670,S58_47670,annotation&nbsp;not&nbsp;available,80.0
1245469.S58_65950,S58_65950,annotation&nbsp;not&nbsp;available,80.0
1245469.S58_58080,S58_58080,annotation&nbsp;not&nbsp;available,79.9
1245469.S58_09710,S58_09710,annotation&nbsp;not&nbsp;available,79.9
1245469.S58_32120,S58_32120,annotation&nbsp;not&nbsp;available,79.9
1245469.S58_27100,S58_27100,annotation&nbsp;not&nbsp;available,79.9
1245469.S58_67170,S58_67170,annotation&nbsp;not&nbsp;available,79.8
1245469.S58_48780,S58_48780,annotation&nbsp;not&nbsp;available,79.8
1245469.S58_21420,S58_21420,annotation&nbsp;not&nbsp;available,79.8
1245469.S58_69340,S58_69340,annotation&nbsp;not&nbsp;available,79.8
1245469.S58_68460,fmt,Methionyl-tRNA&nbsp;formyltransferase,79.7
1245469.S58_04430,rplU,50S&nbsp;ribosomal&nbsp;protein&nbsp;L21,79.7
1245469.S58_09440,S58_09440,annotation&nbsp;not&nbsp;available,79.7
1245469.S58_56370,S58_56370,annotation&nbsp;not&nbsp;available,79.7
1245469.S58_03490,cysN,Multifunctional&nbsp;fusion&nbsp;protein,79.7
1245469.S58_07090,pyrD,Dihydroorotate&nbsp;dehydrogenase&nbsp;(quinone),79.7
1245469.S58_34540,pyrH,Uridylate&nbsp;kinase,79.6
1245469.S58_21970,S58_21970,annotation&nbsp;not&nbsp;available,79.6
1245469.S58_35890,argS,annotation&nbsp;not&nbsp;available,79.6
1245469.S58_70680,ubiG,Ubiquinone&nbsp;biosynthesis&nbsp;O-methyltransferase,79.6
1245469.S58_47200,S58_47200,10&nbsp;kDa&nbsp;chaperonin,79.5
1245469.S58_17070,S58_17070,annotation&nbsp;not&nbsp;available,79.5
1245469.S58_54900,S58_54900,annotation&nbsp;not&nbsp;available,79.5
1245469.S58_54130,S58_54130,annotation&nbsp;not&nbsp;available,79.5
1245469.S58_03680,S58_03680,Carbonic&nbsp;anhydrase,79.5
1245469.S58_17990,S58_17990,annotation&nbsp;not&nbsp;available,79.5
1245469.S58_43960,S58_43960,annotation&nbsp;not&nbsp;available,79.5
1245469.S58_37640,S58_37640,annotation&nbsp;not&nbsp;available,79.4
1245469.S58_08810,S58_08810,annotation&nbsp;not&nbsp;available,79.4
1245469.S58_41670,lptD,LPS-assembly&nbsp;protein&nbsp;LptD,79.4
1245469.S58_50550,S58_50550,annotation&nbsp;not&nbsp;available,79.3
1245469.S58_62930,S58_62930,annotation&nbsp;not&nbsp;available,79.3
1245469.S58_02480,S58_02480,annotation&nbsp;not&nbsp;available,79.3
1245469.S58_08170,hisD,Histidinol&nbsp;dehydrogenase,79.3
1245469.S58_19550,murD,UDP-N-acetylmuramoylalanine--D-glutamate&nbsp;ligase,79.2
1245469.S58_01130,S58_01130,annotation&nbsp;not&nbsp;available,79.2
1245469.S58_20130,S58_20130,annotation&nbsp;not&nbsp;available,79.2
1245469.S58_39790,S58_39790,annotation&nbsp;not&nbsp;available,79.2
1245469.S58_09410,S58_09410,annotation&nbsp;not&nbsp;available,79.2
1245469.S58_06680,S58_06680,Shikimate&nbsp;kinase,79.1
1245469.S58_39540,S58_39540,annotation&nbsp;not&nbsp;available,79.1
1245469.S58_34180,nuoI,NADH-quinone&nbsp;oxidoreductase&nbsp;subunit&nbsp;I,79.1
1245469.S58_06690,S58_06690,annotation&nbsp;not&nbsp;available,79.1
1245469.S58_59130,S58_59130,Light&nbsp;harvesting&nbsp;1&nbsp;subunit&nbsp;alpha,79.1
1245469.S58_32900,S58_32900,annotation&nbsp;not&nbsp;available,79.0
1245469.S58_51580,S58_51580,annotation&nbsp;not&nbsp;available,79.0
1245469.S58_59300,S58_59300,Mg-protoporphyrin&nbsp;IX&nbsp;chelatase,79.0
1245469.S58_19240,S58_19240,annotation&nbsp;not&nbsp;available,78.9
1245469.S58_49660,S58_49660,annotation&nbsp;not&nbsp;available,78.9
1245469.S58_30850,S58_30850,annotation&nbsp;not&nbsp;available,78.9
1245469.S58_01700,S58_01700,annotation&nbsp;not&nbsp;available,78.9
1245469.S58_23990,S58_23990,annotation&nbsp;not&nbsp;available,78.9
1245469.S58_67020,S58_67020,annotation&nbsp;not&nbsp;available,78.9
1245469.S58_01190,S58_01190,annotation&nbsp;not&nbsp;available,78.9
1245469.S58_09080,S58_09080,annotation&nbsp;not&nbsp;available,78.8
1245469.S58_52220,S58_52220,annotation&nbsp;not&nbsp;available,78.8
1245469.S58_02850,S58_02850,annotation&nbsp;not&nbsp;available,78.8
1245469.S58_06020,S58_06020,annotation&nbsp;not&nbsp;available,78.8
1245469.S58_30890,S58_30890,annotation&nbsp;not&nbsp;available,78.8
1245469.S58_62080,proC,Pyrroline-5-carboxylate&nbsp;reductase,78.8
1245469.S58_15190,S58_15190,annotation&nbsp;not&nbsp;available,78.8
1245469.S58_02490,S58_02490,annotation&nbsp;not&nbsp;available,78.7
1245469.S58_44700,S58_44700,annotation&nbsp;not&nbsp;available,78.7
1245469.S58_47220,S58_47220,annotation&nbsp;not&nbsp;available,78.7
1245469.S58_29380,S58_29380,annotation&nbsp;not&nbsp;available,78.7
1245469.S58_62940,hisG,ATP&nbsp;phosphoribosyltransferase,78.6
1245469.S58_72770,S58_72770,annotation&nbsp;not&nbsp;available,78.6
1245469.S58_22610,S58_22610,annotation&nbsp;not&nbsp;available,78.6
1245469.S58_53160,S58_53160,annotation&nbsp;not&nbsp;available,78.6
1245469.S58_29190,S58_29190,annotation&nbsp;not&nbsp;available,78.5
1245469.S58_45240,rpsH,30S&nbsp;ribosomal&nbsp;protein&nbsp;S8,78.5
1245469.S58_44820,S58_44820,annotation&nbsp;not&nbsp;available,78.5
1245469.S58_68120,S58_68120,annotation&nbsp;not&nbsp;available,78.5
1245469.S58_59490,S58_59490,annotation&nbsp;not&nbsp;available,78.5
1245469.S58_42540,S58_42540,annotation&nbsp;not&nbsp;available,78.5
1245469.S58_42090,S58_42090,annotation&nbsp;not&nbsp;available,78.5
1245469.S58_51660,S58_51660,annotation&nbsp;not&nbsp;available,78.5
1245469.S58_33320,fabH,3-oxoacyl-[acyl-carrier-protein]&nbsp;synthase&nbsp;3,78.5
1245469.S58_21800,S58_21800,annotation&nbsp;not&nbsp;available,78.5
1245469.S58_70330,accA,Acetyl-coenzyme&nbsp;A&nbsp;carboxylase&nbsp;carboxyl&nbsp;transferase&nbsp;subunit&nbsp;alpha,78.4
1245469.S58_17080,cheB,Chemotaxis&nbsp;response&nbsp;regulator&nbsp;protein-glutamate&nbsp;methylesterase,78.4
1245469.S58_44690,ftsJ,Ribosomal&nbsp;RNA&nbsp;large&nbsp;subunit&nbsp;methyltransferase&nbsp;E,78.4
1245469.S58_26250,S58_26250,annotation&nbsp;not&nbsp;available,78.4
1245469.S58_16210,S58_16210,annotation&nbsp;not&nbsp;available,78.3
1245469.S58_10710,S58_10710,annotation&nbsp;not&nbsp;available,78.3
1245469.S58_56490,S58_56490,annotation&nbsp;not&nbsp;available,78.3
1245469.S58_47040,S58_47040,annotation&nbsp;not&nbsp;available,78.3
1245469.S58_53230,S58_53230,annotation&nbsp;not&nbsp;available,78.2
1245469.S58_48200,S58_48200,annotation&nbsp;not&nbsp;available,78.2
1245469.S58_15280,S58_15280,annotation&nbsp;not&nbsp;available,78.2
1245469.S58_24350,S58_24350,annotation&nbsp;not&nbsp;available,78.2
1245469.S58_55720,S58_55720,Ubiquinol-cytochrome&nbsp;c&nbsp;reductase&nbsp;iron-sulfur&nbsp;subunit,78.1
1245469.S58_18960,S58_18960,annotation&nbsp;not&nbsp;available,78.1
1245469.S58_66820,S58_66820,annotation&nbsp;not&nbsp;available,78.1
1245469.S58_31680,S58_31680,Magnesium&nbsp;transporter&nbsp;MgtE,78.1
1245469.S58_37650,S58_37650,annotation&nbsp;not&nbsp;available,78.1
1245469.S58_68780,S58_68780,annotation&nbsp;not&nbsp;available,78.1
1245469.S58_02440,S58_02440,annotation&nbsp;not&nbsp;available,78.1
1245469.S58_68540,dnaX,DNA&nbsp;polymerase&nbsp;III&nbsp;subunit&nbsp;gamma/tau,78.0
1245469.S58_37000,S58_37000,annotation&nbsp;not&nbsp;available,78.0
1245469.S58_67930,S58_67930,annotation&nbsp;not&nbsp;available,77.9
1245469.S58_25940,S58_25940,annotation&nbsp;not&nbsp;available,77.9
1245469.S58_55200,S58_55200,annotation&nbsp;not&nbsp;available,77.9
1245469.S58_14660,S58_14660,annotation&nbsp;not&nbsp;available,77.8
1245469.S58_71610,S58_71610,annotation&nbsp;not&nbsp;available,77.7
1245469.S58_45130,rplQ,annotation&nbsp;not&nbsp;available,77.7
1245469.S58_58390,S58_58390,annotation&nbsp;not&nbsp;available,77.6
1245469.S58_58830,fbp,annotation&nbsp;not&nbsp;available,77.6
1245469.S58_71910,S58_71910,annotation&nbsp;not&nbsp;available,77.6
1245469.S58_04380,proB,Glutamate&nbsp;5-kinase,77.5
1245469.S58_54070,S58_54070,Biotin&nbsp;carboxyl&nbsp;carrier&nbsp;protein&nbsp;of&nbsp;acetyl-CoA&nbsp;carboxylase,77.5
1245469.S58_58650,S58_58650,Phosphate-binding&nbsp;protein&nbsp;PstS,77.4
1245469.S58_44540,guaA,GMP&nbsp;synthase&nbsp;[glutamine-hydrolyzing],77.4
1245469.S58_70870,mtgA,Biosynthetic&nbsp;peptidoglycan&nbsp;transglycosylase,77.4
1245469.S58_42320,S58_42320,annotation&nbsp;not&nbsp;available,77.4
1245469.S58_38400,S58_38400,annotation&nbsp;not&nbsp;available,77.3
1245469.S58_19640,lpxC,UDP-3-O-acyl-N-acetylglucosamine&nbsp;deacetylase,77.3
1245469.S58_01460,S58_01460,annotation&nbsp;not&nbsp;available,77.3
1245469.S58_23480,phnN,"Ribose&nbsp;1,5-bisphosphate&nbsp;phosphokinase&nbsp;PhnN",77.3
1245469.S58_58630,S58_58630,annotation&nbsp;not&nbsp;available,77.3
1245469.S58_01430,S58_01430,annotation&nbsp;not&nbsp;available,77.2
1245469.S58_19140,S58_19140,annotation&nbsp;not&nbsp;available,77.2
1245469.S58_28770,S58_28770,annotation&nbsp;not&nbsp;available,77.2
1245469.S58_44070,S58_44070,annotation&nbsp;not&nbsp;available,77.2
1245469.S58_09140,trbF,annotation&nbsp;not&nbsp;available,77.2
1245469.S58_03990,S58_03990,Heme&nbsp;exporter&nbsp;protein&nbsp;B,77.2
1245469.S58_41120,S58_41120,annotation&nbsp;not&nbsp;available,77.2
1245469.S58_23460,phnL,annotation&nbsp;not&nbsp;available,77.1
1245469.S58_20920,S58_20920,annotation&nbsp;not&nbsp;available,77.1
1245469.S58_19760,S58_19760,annotation&nbsp;not&nbsp;available,77.1
1245469.S58_29710,S58_29710,annotation&nbsp;not&nbsp;available,77.0
1245469.S58_02720,S58_02720,annotation&nbsp;not&nbsp;available,77.0
1245469.S58_58240,S58_58240,annotation&nbsp;not&nbsp;available,77.0
1245469.S58_33190,S58_33190,Riboflavin&nbsp;biosynthesis&nbsp;protein&nbsp;RibD,77.0
1245469.S58_06640,S58_06640,annotation&nbsp;not&nbsp;available,77.0
1245469.S58_51380,S58_51380,annotation&nbsp;not&nbsp;available,77.0
1245469.S58_68620,S58_68620,annotation&nbsp;not&nbsp;available,76.9
1245469.S58_17230,S58_17230,annotation&nbsp;not&nbsp;available,76.9
1245469.S58_01140,ugpE,Sn-glycerol-3-phosphate&nbsp;transport&nbsp;system&nbsp;permease&nbsp;protein&nbsp;UgpE,76.9
1245469.S58_52100,S58_52100,annotation&nbsp;not&nbsp;available,76.9
1245469.S58_10640,S58_10640,annotation&nbsp;not&nbsp;available,76.9
1245469.S58_47410,S58_47410,annotation&nbsp;not&nbsp;available,76.9
1245469.S58_54120,S58_54120,annotation&nbsp;not&nbsp;available,76.9
1245469.S58_13500,S58_13500,4-hydroxy-tetrahydrodipicolinate&nbsp;synthase,76.9
1245469.S58_27480,S58_27480,annotation&nbsp;not&nbsp;available,76.8
1245469.S58_22030,S58_22030,annotation&nbsp;not&nbsp;available,76.8
1245469.S58_12270,S58_12270,annotation&nbsp;not&nbsp;available,76.8
1245469.S58_28920,S58_28920,annotation&nbsp;not&nbsp;available,76.8
1245469.S58_28760,S58_28760,annotation&nbsp;not&nbsp;available,76.8
1245469.S58_04370,proA,Gamma-glutamyl&nbsp;phosphate&nbsp;reductase,76.8
1245469.S58_45180,secY,Protein&nbsp;translocase&nbsp;subunit&nbsp;SecY,76.8
1245469.S58_56770,S58_56770,annotation&nbsp;not&nbsp;available,76.7
1245469.S58_18620,S58_18620,annotation&nbsp;not&nbsp;available,76.7
1245469.S58_40870,S58_40870,annotation&nbsp;not&nbsp;available,76.7
1245469.S58_18570,S58_18570,annotation&nbsp;not&nbsp;available,76.7
1245469.S58_06580,S58_06580,annotation&nbsp;not&nbsp;available,76.7
1245469.S58_49650,S58_49650,annotation&nbsp;not&nbsp;available,76.7
1245469.S58_00030,S58_00030,annotation&nbsp;not&nbsp;available,76.7
1245469.S58_13240,S58_13240,annotation&nbsp;not&nbsp;available,76.6
1245469.S58_23100,nifH,Nitrogenase&nbsp;iron&nbsp;protein,76.6
1245469.S58_33200,S58_33200,annotation&nbsp;not&nbsp;available,76.6
1245469.S58_56010,S58_56010,annotation&nbsp;not&nbsp;available,76.6
1245469.S58_07660,atpB,ATP&nbsp;synthase&nbsp;subunit&nbsp;a,76.5
1245469.S58_28910,S58_28910,annotation&nbsp;not&nbsp;available,76.5
1245469.S58_45390,rpsJ,30S&nbsp;ribosomal&nbsp;protein&nbsp;S10,76.5
1245469.S58_70050,rpmB,annotation&nbsp;not&nbsp;available,76.5
1245469.S58_10320,S58_10320,annotation&nbsp;not&nbsp;available,76.4
1245469.S58_61650,uvrB,UvrABC&nbsp;system&nbsp;protein&nbsp;B,76.4
1245469.S58_47990,ddl,D-alanine--D-alanine&nbsp;ligase,76.4
1245469.S58_06330,S58_06330,annotation&nbsp;not&nbsp;available,76.4
1245469.S58_71130,S58_71130,annotation&nbsp;not&nbsp;available,76.4
1245469.S58_63420,S58_63420,annotation&nbsp;not&nbsp;available,76.4
1245469.S58_68450,truA,tRNA&nbsp;pseudouridine&nbsp;synthase&nbsp;A,76.4
1245469.S58_29860,S58_29860,annotation&nbsp;not&nbsp;available,76.3
1245469.S58_29930,S58_29930,Putrescine-binding&nbsp;periplasmic&nbsp;protein,76.2
1245469.S58_41350,rnd,Ribonuclease&nbsp;D,76.2
1245469.S58_54610,S58_54610,annotation&nbsp;not&nbsp;available,76.2
1245469.S58_08940,S58_08940,annotation&nbsp;not&nbsp;available,76.2
1245469.S58_32710,S58_32710,annotation&nbsp;not&nbsp;available,76.1
1245469.S58_43480,S58_43480,annotation&nbsp;not&nbsp;available,76.1
1245469.S58_04930,S58_04930,annotation&nbsp;not&nbsp;available,76.1
1245469.S58_27840,cobG,annotation&nbsp;not&nbsp;available,76.1
1245469.S58_11340,S58_11340,annotation&nbsp;not&nbsp;available,76.1
1245469.S58_04860,S58_04860,annotation&nbsp;not&nbsp;available,76.1
1245469.S58_39300,S58_39300,annotation&nbsp;not&nbsp;available,76.1
1245469.S58_07890,S58_07890,annotation&nbsp;not&nbsp;available,76.0
1245469.S58_71640,S58_71640,annotation&nbsp;not&nbsp;available,75.9
1245469.S58_57100,S58_57100,annotation&nbsp;not&nbsp;available,75.9
1245469.S58_01790,dnaK,Chaperone&nbsp;protein&nbsp;DnaK,75.9
1245469.S58_55500,S58_55500,annotation&nbsp;not&nbsp;available,75.9
1245469.S58_33240,hppA,K(+)-insensitive&nbsp;pyrophosphate-energized&nbsp;proton&nbsp;pump,75.9
1245469.S58_58610,S58_58610,Phosphate-specific&nbsp;transport&nbsp;system&nbsp;accessory&nbsp;protein&nbsp;PhoU,75.8
1245469.S58_21870,S58_21870,annotation&nbsp;not&nbsp;available,75.8
1245469.S58_34780,S58_34780,annotation&nbsp;not&nbsp;available,75.8
1245469.S58_26510,fliM,Flagellar&nbsp;motor&nbsp;switch&nbsp;protein&nbsp;FliM,75.8
1245469.S58_64120,S58_64120,annotation&nbsp;not&nbsp;available,75.8
1245469.S58_24030,S58_24030,annotation&nbsp;not&nbsp;available,75.8
1245469.S58_64390,S58_64390,annotation&nbsp;not&nbsp;available,75.7
1245469.S58_27140,S58_27140,annotation&nbsp;not&nbsp;available,75.7
1245469.S58_40650,S58_40650,annotation&nbsp;not&nbsp;available,75.7
1245469.S58_09500,S58_09500,annotation&nbsp;not&nbsp;available,75.7
1245469.S58_09280,S58_09280,annotation&nbsp;not&nbsp;available,75.7
1245469.S58_06200,S58_06200,annotation&nbsp;not&nbsp;available,75.7
1245469.S58_68200,S58_68200,annotation&nbsp;not&nbsp;available,75.7
1245469.S58_35100,lexA,LexA&nbsp;repressor,75.7
1245469.S58_54370,S58_54370,annotation&nbsp;not&nbsp;available,75.6
1245469.S58_38870,S58_38870,annotation&nbsp;not&nbsp;available,75.6
1245469.S58_54390,S58_54390,annotation&nbsp;not&nbsp;available,75.6
1245469.S58_53950,S58_53950,annotation&nbsp;not&nbsp;available,75.6
1245469.S58_58040,S58_58040,annotation&nbsp;not&nbsp;available,75.6
1245469.S58_17110,S58_17110,annotation&nbsp;not&nbsp;available,75.6
1245469.S58_35880,S58_35880,annotation&nbsp;not&nbsp;available,75.5
1245469.S58_53450,S58_53450,annotation&nbsp;not&nbsp;available,75.5
1245469.S58_61120,S58_61120,annotation&nbsp;not&nbsp;available,75.5
1245469.S58_40420,S58_40420,annotation&nbsp;not&nbsp;available,75.4
1245469.S58_11700,S58_11700,Adenylyl-sulfate&nbsp;kinase,75.4
1245469.S58_58990,bchN,Light-independent&nbsp;protochlorophyllide&nbsp;reductase&nbsp;subunit&nbsp;N,75.4
1245469.S58_51570,S58_51570,Glycogen&nbsp;synthase,75.4
1245469.S58_04940,S58_04940,annotation&nbsp;not&nbsp;available,75.3
1245469.S58_56760,S58_56760,annotation&nbsp;not&nbsp;available,75.3
1245469.S58_55620,S58_55620,annotation&nbsp;not&nbsp;available,75.3
1245469.S58_65920,S58_65920,annotation&nbsp;not&nbsp;available,75.2
1245469.S58_65300,S58_65300,annotation&nbsp;not&nbsp;available,75.2
1245469.S58_29580,S58_29580,annotation&nbsp;not&nbsp;available,75.2
1245469.S58_03610,leuB,3-isopropylmalate&nbsp;dehydrogenase,75.1
1245469.S58_41710,S58_41710,annotation&nbsp;not&nbsp;available,75.1
1245469.S58_11190,S58_11190,annotation&nbsp;not&nbsp;available,75.1
1245469.S58_30050,S58_30050,annotation&nbsp;not&nbsp;available,75.0
1245469.S58_10630,S58_10630,annotation&nbsp;not&nbsp;available,75.0
1245469.S58_24180,S58_24180,annotation&nbsp;not&nbsp;available,75.0
1245469.S58_18560,S58_18560,annotation&nbsp;not&nbsp;available,75.0
1245469.S58_34190,S58_34190,annotation&nbsp;not&nbsp;available,75.0
1245469.S58_01300,S58_01300,annotation&nbsp;not&nbsp;available,74.9
1245469.S58_49760,S58_49760,annotation&nbsp;not&nbsp;available,74.9
1245469.S58_18300,S58_18300,annotation&nbsp;not&nbsp;available,74.9
1245469.S58_31600,S58_31600,annotation&nbsp;not&nbsp;available,74.9
1245469.S58_36560,S58_36560,annotation&nbsp;not&nbsp;available,74.9
1245469.S58_21380,S58_21380,annotation&nbsp;not&nbsp;available,74.9
1245469.S58_64240,S58_64240,2-dehydropantoate&nbsp;2-reductase,74.9
1245469.S58_12170,S58_12170,annotation&nbsp;not&nbsp;available,74.9
1245469.S58_13560,carB,annotation&nbsp;not&nbsp;available,74.8
1245469.S58_43190,S58_43190,annotation&nbsp;not&nbsp;available,74.8
1245469.S58_59090,S58_59090,annotation&nbsp;not&nbsp;available,74.8
1245469.S58_57050,S58_57050,annotation&nbsp;not&nbsp;available,74.8
1245469.S58_38740,metG,Methionine--tRNA&nbsp;ligase,74.8
1245469.S58_21290,S58_21290,annotation&nbsp;not&nbsp;available,74.7
1245469.S58_54290,S58_54290,annotation&nbsp;not&nbsp;available,74.7
1245469.S58_57210,S58_57210,Aldose&nbsp;1-epimerase,74.7
1245469.S58_14460,S58_14460,annotation&nbsp;not&nbsp;available,74.7
1245469.S58_35550,S58_35550,annotation&nbsp;not&nbsp;available,74.7
1245469.S58_63440,S58_63440,annotation&nbsp;not&nbsp;available,74.7
1245469.S58_52440,S58_52440,annotation&nbsp;not&nbsp;available,74.6
1245469.S58_55550,S58_55550,annotation&nbsp;not&nbsp;available,74.6
1245469.S58_10730,S58_10730,annotation&nbsp;not&nbsp;available,74.6
1245469.S58_71170,S58_71170,annotation&nbsp;not&nbsp;available,74.6
1245469.S58_35420,eno,Enolase,74.6
1245469.S58_26480,flgG,annotation&nbsp;not&nbsp;available,74.6
1245469.S58_11600,S58_11600,annotation&nbsp;not&nbsp;available,74.6
1245469.S58_13820,rpoD,RNA&nbsp;polymerase&nbsp;sigma&nbsp;factor&nbsp;RpoD,74.6
1245469.S58_39550,S58_39550,annotation&nbsp;not&nbsp;available,74.6
1245469.S58_65090,S58_65090,annotation&nbsp;not&nbsp;available,74.5
1245469.S58_38120,glmS,Glutamine--fructose-6-phosphate&nbsp;aminotransferase&nbsp;[isomerizing],74.4
1245469.S58_48180,rpsD,30S&nbsp;ribosomal&nbsp;protein&nbsp;S4,74.4
1245469.S58_38860,S58_38860,annotation&nbsp;not&nbsp;available,74.4
1245469.S58_18020,glgB,"1,4-alpha-glucan&nbsp;branching&nbsp;enzyme&nbsp;GlgB",74.4
1245469.S58_59730,kdpB,Potassium-transporting&nbsp;ATPase&nbsp;ATP-binding&nbsp;subunit,74.4
1245469.S58_68590,S58_68590,annotation&nbsp;not&nbsp;available,74.3
1245469.S58_12700,S58_12700,annotation&nbsp;not&nbsp;available,74.3
1245469.S58_14850,S58_14850,Catalase-related&nbsp;peroxidase,74.3
1245469.S58_02030,S58_02030,annotation&nbsp;not&nbsp;available,74.3
1245469.S58_35940,tatA,Sec-independent&nbsp;protein&nbsp;translocase&nbsp;protein&nbsp;TatA,74.3
1245469.S58_52580,S58_52580,annotation&nbsp;not&nbsp;available,74.3
1245469.S58_51540,S58_51540,annotation&nbsp;not&nbsp;available,74.3
1245469.S58_59410,S58_59410,annotation&nbsp;not&nbsp;available,74.3
1245469.S58_72120,S58_72120,annotation&nbsp;not&nbsp;available,74.3
1245469.S58_42110,S58_42110,annotation&nbsp;not&nbsp;available,74.3
1245469.S58_26600,flgB,Flagellar&nbsp;basal&nbsp;body&nbsp;rod&nbsp;protein&nbsp;FlgB,74.2
1245469.S58_24400,purU,Formyltetrahydrofolate&nbsp;deformylase,74.2
1245469.S58_06210,S58_06210,annotation&nbsp;not&nbsp;available,74.2
1245469.S58_19520,murE,"UDP-N-acetylmuramoyl-L-alanyl-D-glutamate--2,6-diaminopimelate&nbsp;ligase",74.2
1245469.S58_68320,rpmH,annotation&nbsp;not&nbsp;available,74.2
1245469.S58_34410,lolD,Lipoprotein-releasing&nbsp;system&nbsp;ATP-binding&nbsp;protein&nbsp;LolD,74.2
1245469.S58_25170,S58_25170,annotation&nbsp;not&nbsp;available,74.2
1245469.S58_39860,S58_39860,annotation&nbsp;not&nbsp;available,74.1
1245469.S58_37560,S58_37560,annotation&nbsp;not&nbsp;available,74.1
1245469.S58_64110,S58_64110,annotation&nbsp;not&nbsp;available,74.1
1245469.S58_61460,S58_61460,annotation&nbsp;not&nbsp;available,74.1
1245469.S58_10620,S58_10620,annotation&nbsp;not&nbsp;available,74.1
1245469.S58_34680,gltX,Glutamate--tRNA&nbsp;ligase,74.1
1245469.S58_64510,S58_64510,annotation&nbsp;not&nbsp;available,74.1
1245469.S58_31400,S58_31400,annotation&nbsp;not&nbsp;available,74.1
1245469.S58_02380,S58_02380,Outer&nbsp;membrane&nbsp;protein&nbsp;assembly&nbsp;factor&nbsp;BamA,74.0
1245469.S58_25790,S58_25790,annotation&nbsp;not&nbsp;available,74.0
1245469.S58_57110,S58_57110,annotation&nbsp;not&nbsp;available,74.0
1245469.S58_45420,rpsG,30S&nbsp;ribosomal&nbsp;protein&nbsp;S7,74.0
1245469.S58_07860,S58_07860,annotation&nbsp;not&nbsp;available,73.9
1245469.S58_41640,pepA,Probable&nbsp;cytosol&nbsp;aminopeptidase,73.9
1245469.S58_59930,S58_59930,annotation&nbsp;not&nbsp;available,73.8
1245469.S58_72050,S58_72050,annotation&nbsp;not&nbsp;available,73.8
1245469.S58_31340,S58_31340,annotation&nbsp;not&nbsp;available,73.8
1245469.S58_64370,S58_64370,annotation&nbsp;not&nbsp;available,73.8
1245469.S58_36600,S58_36600,Biotin&nbsp;carboxyl&nbsp;carrier&nbsp;protein&nbsp;of&nbsp;acetyl-CoA&nbsp;carboxylase,73.8
1245469.S58_27710,S58_27710,annotation&nbsp;not&nbsp;available,73.8
1245469.S58_41730,gmk,Guanylate&nbsp;kinase,73.8
1245469.S58_59120,S58_59120,annotation&nbsp;not&nbsp;available,73.7
1245469.S58_32310,topA,DNA&nbsp;topoisomerase&nbsp;1,73.6
1245469.S58_04920,S58_04920,annotation&nbsp;not&nbsp;available,73.6
1245469.S58_38720,tmk,Thymidylate&nbsp;kinase,73.6
1245469.S58_33940,clpX,ATP-dependent&nbsp;Clp&nbsp;protease&nbsp;ATP-binding&nbsp;subunit&nbsp;ClpX,73.6
1245469.S58_50260,S58_50260,annotation&nbsp;not&nbsp;available,73.6
1245469.S58_52720,S58_52720,annotation&nbsp;not&nbsp;available,73.5
1245469.S58_71300,S58_71300,annotation&nbsp;not&nbsp;available,73.5
1245469.S58_24290,S58_24290,annotation&nbsp;not&nbsp;available,73.5
1245469.S58_60600,S58_60600,annotation&nbsp;not&nbsp;available,73.4
1245469.S58_13810,dnaG,DNA&nbsp;primase,73.4
1245469.S58_38730,S58_38730,annotation&nbsp;not&nbsp;available,73.4
1245469.S58_31200,S58_31200,annotation&nbsp;not&nbsp;available,73.4
1245469.S58_34090,nuoB,NADH-quinone&nbsp;oxidoreductase&nbsp;subunit&nbsp;B,73.4
1245469.S58_55650,S58_55650,annotation&nbsp;not&nbsp;available,73.3
1245469.S58_15980,S58_15980,annotation&nbsp;not&nbsp;available,73.3
1245469.S58_52370,S58_52370,annotation&nbsp;not&nbsp;available,73.3
1245469.S58_35640,S58_35640,annotation&nbsp;not&nbsp;available,73.3
1245469.S58_44040,S58_44040,annotation&nbsp;not&nbsp;available,73.3
1245469.S58_20270,thyA,Thymidylate&nbsp;synthase,73.2
1245469.S58_15130,S58_15130,annotation&nbsp;not&nbsp;available,73.2
1245469.S58_03670,S58_03670,Aspartate-semialdehyde&nbsp;dehydrogenase,73.1
1245469.S58_68740,S58_68740,"Alpha-1,4&nbsp;glucan&nbsp;phosphorylase",73.1
1245469.S58_41490,S58_41490,annotation&nbsp;not&nbsp;available,73.1
1245469.S58_09840,S58_09840,annotation&nbsp;not&nbsp;available,73.1
1245469.S58_49670,S58_49670,annotation&nbsp;not&nbsp;available,73.0
1245469.S58_10280,S58_10280,annotation&nbsp;not&nbsp;available,73.0
1245469.S58_70860,rpmF,annotation&nbsp;not&nbsp;available,73.0
1245469.S58_27260,S58_27260,annotation&nbsp;not&nbsp;available,73.0
1245469.S58_48470,S58_48470,annotation&nbsp;not&nbsp;available,72.9
1245469.S58_30630,S58_30630,annotation&nbsp;not&nbsp;available,72.9
1245469.S58_27340,S58_27340,annotation&nbsp;not&nbsp;available,72.9
1245469.S58_10380,minE,Cell&nbsp;division&nbsp;topological&nbsp;specificity&nbsp;factor,72.9
1245469.S58_30180,S58_30180,annotation&nbsp;not&nbsp;available,72.9
1245469.S58_59010,S58_59010,annotation&nbsp;not&nbsp;available,72.9
1245469.S58_50760,S58_50760,annotation&nbsp;not&nbsp;available,72.9
1245469.S58_64420,S58_64420,Superoxide&nbsp;dismutase,72.8
1245469.S58_23450,phnK,annotation&nbsp;not&nbsp;available,72.8
1245469.S58_59830,mobA,Molybdenum&nbsp;cofactor&nbsp;guanylyltransferase,72.8
1245469.S58_52270,S58_52270,annotation&nbsp;not&nbsp;available,72.8
1245469.S58_13090,S58_13090,NAD(P)&nbsp;transhydrogenase&nbsp;subunit&nbsp;beta,72.7
1245469.S58_69480,S58_69480,annotation&nbsp;not&nbsp;available,72.7
1245469.S58_65870,S58_65870,annotation&nbsp;not&nbsp;available,72.7
1245469.S58_49980,S58_49980,annotation&nbsp;not&nbsp;available,72.7
1245469.S58_42680,S58_42680,annotation&nbsp;not&nbsp;available,72.7
1245469.S58_69760,S58_69760,annotation&nbsp;not&nbsp;available,72.6
1245469.S58_67240,S58_67240,annotation&nbsp;not&nbsp;available,72.6
1245469.S58_00330,S58_00330,annotation&nbsp;not&nbsp;available,72.6
1245469.S58_50890,paaD,annotation&nbsp;not&nbsp;available,72.6
1245469.S58_18850,S58_18850,annotation&nbsp;not&nbsp;available,72.5
1245469.S58_51900,S58_51900,annotation&nbsp;not&nbsp;available,72.5
1245469.S58_31480,S58_31480,annotation&nbsp;not&nbsp;available,72.4
1245469.S58_18890,S58_18890,annotation&nbsp;not&nbsp;available,72.4
1245469.S58_37300,S58_37300,annotation&nbsp;not&nbsp;available,72.4
1245469.S58_20550,S58_20550,annotation&nbsp;not&nbsp;available,72.4
1245469.S58_29200,S58_29200,annotation&nbsp;not&nbsp;available,72.4
1245469.S58_17610,S58_17610,annotation&nbsp;not&nbsp;available,72.4
1245469.S58_58780,S58_58780,annotation&nbsp;not&nbsp;available,72.3
1245469.S58_41770,acpP,Acyl&nbsp;carrier&nbsp;protein,72.3
1245469.S58_57270,S58_57270,annotation&nbsp;not&nbsp;available,72.3
1245469.S58_00420,S58_00420,annotation&nbsp;not&nbsp;available,72.3
1245469.S58_21620,S58_21620,annotation&nbsp;not&nbsp;available,72.3
1245469.S58_37240,S58_37240,annotation&nbsp;not&nbsp;available,72.3
1245469.S58_34310,S58_34310,annotation&nbsp;not&nbsp;available,72.2
1245469.S58_47330,S58_47330,annotation&nbsp;not&nbsp;available,72.2
1245469.S58_20700,S58_20700,annotation&nbsp;not&nbsp;available,72.2
1245469.S58_15390,S58_15390,annotation&nbsp;not&nbsp;available,72.2
1245469.S58_11140,S58_11140,annotation&nbsp;not&nbsp;available,72.2
1245469.S58_50720,S58_50720,annotation&nbsp;not&nbsp;available,72.2
1245469.S58_06090,S58_06090,annotation&nbsp;not&nbsp;available,72.1
1245469.S58_08480,S58_08480,GDP-L-fucose&nbsp;synthase,72.1
1245469.S58_24380,S58_24380,GDP-L-fucose&nbsp;synthase,72.1
1245469.S58_24670,S58_24670,annotation&nbsp;not&nbsp;available,72.1
1245469.S58_20390,S58_20390,annotation&nbsp;not&nbsp;available,72.1
1245469.S58_13190,S58_13190,annotation&nbsp;not&nbsp;available,72.0
1245469.S58_21350,S58_21350,annotation&nbsp;not&nbsp;available,72.0
1245469.S58_26810,S58_26810,annotation&nbsp;not&nbsp;available,72.0
1245469.S58_57260,S58_57260,annotation&nbsp;not&nbsp;available,72.0
1245469.S58_62560,S58_62560,annotation&nbsp;not&nbsp;available,72.0
1245469.S58_60620,S58_60620,annotation&nbsp;not&nbsp;available,72.0
1245469.S58_18190,S58_18190,annotation&nbsp;not&nbsp;available,72.0
1245469.S58_16180,S58_16180,annotation&nbsp;not&nbsp;available,71.9
1245469.S58_54910,S58_54910,annotation&nbsp;not&nbsp;available,71.9
1245469.S58_45300,rpmC,annotation&nbsp;not&nbsp;available,71.8
1245469.S58_11490,S58_11490,annotation&nbsp;not&nbsp;available,71.8
1245469.S58_60490,S58_60490,annotation&nbsp;not&nbsp;available,71.7
1245469.S58_58790,cbbL,Ribulose&nbsp;bisphosphate&nbsp;carboxylase&nbsp;large&nbsp;chain,71.7
1245469.S58_32230,S58_32230,annotation&nbsp;not&nbsp;available,71.7
1245469.S58_45400,tuf,Elongation&nbsp;factor&nbsp;Tu,71.6
1245469.S58_19380,S58_19380,UDP-3-O-acylglucosamine&nbsp;N-acyltransferase,71.6
1245469.S58_47590,S58_47590,annotation&nbsp;not&nbsp;available,71.6
1245469.S58_34730,S58_34730,annotation&nbsp;not&nbsp;available,71.6
1245469.S58_70030,S58_70030,annotation&nbsp;not&nbsp;available,71.6
1245469.S58_22660,S58_22660,annotation&nbsp;not&nbsp;available,71.6
1245469.S58_15100,S58_15100,annotation&nbsp;not&nbsp;available,71.4
1245469.S58_64870,nosD,annotation&nbsp;not&nbsp;available,71.4
1245469.S58_24890,hldE,Bifunctional&nbsp;protein&nbsp;HldE,71.4
1245469.S58_24470,S58_24470,annotation&nbsp;not&nbsp;available,71.3
1245469.S58_04390,obg,GTPase&nbsp;Obg,71.3
1245469.S58_27460,S58_27460,annotation&nbsp;not&nbsp;available,71.3
1245469.S58_33210,S58_33210,"6,7-dimethyl-8-ribityllumazine&nbsp;synthase",71.3
1245469.S58_34220,S58_34220,annotation&nbsp;not&nbsp;available,71.3
1245469.S58_40040,S58_40040,annotation&nbsp;not&nbsp;available,71.2
1245469.S58_56860,S58_56860,annotation&nbsp;not&nbsp;available,71.2
1245469.S58_57790,S58_57790,annotation&nbsp;not&nbsp;available,71.2
1245469.S58_39780,S58_39780,annotation&nbsp;not&nbsp;available,71.2
1245469.S58_35760,S58_35760,annotation&nbsp;not&nbsp;available,71.1
1245469.S58_59850,S58_59850,annotation&nbsp;not&nbsp;available,71.1
1245469.S58_45230,rplF,50S&nbsp;ribosomal&nbsp;protein&nbsp;L6,71.1
1245469.S58_35110,S58_35110,annotation&nbsp;not&nbsp;available,71.1
1245469.S58_01920,gshB,annotation&nbsp;not&nbsp;available,71.1
1245469.S58_63280,S58_63280,annotation&nbsp;not&nbsp;available,71.1
1245469.S58_51040,S58_51040,annotation&nbsp;not&nbsp;available,71.0
1245469.S58_04770,S58_04770,"GDP-mannose&nbsp;4,6-dehydratase",70.9
1245469.S58_45770,S58_45770,annotation&nbsp;not&nbsp;available,70.9
1245469.S58_30870,S58_30870,annotation&nbsp;not&nbsp;available,70.9
1245469.S58_30690,S58_30690,annotation&nbsp;not&nbsp;available,70.9
1245469.S58_15050,S58_15050,annotation&nbsp;not&nbsp;available,70.9
1245469.S58_05710,S58_05710,annotation&nbsp;not&nbsp;available,70.9
1245469.S58_45320,rpsC,30S&nbsp;ribosomal&nbsp;protein&nbsp;S3,70.8
1245469.S58_62790,xseA,Exodeoxyribonuclease&nbsp;7&nbsp;large&nbsp;subunit,70.8
1245469.S58_41760,S58_41760,3-oxoacyl-[acyl-carrier-protein]&nbsp;synthase&nbsp;2,70.8
1245469.S58_63950,S58_63950,annotation&nbsp;not&nbsp;available,70.8
1245469.S58_07300,S58_07300,annotation&nbsp;not&nbsp;available,70.8
1245469.S58_63720,S58_63720,annotation&nbsp;not&nbsp;available,70.8
1245469.S58_34200,nuoK,NADH-quinone&nbsp;oxidoreductase&nbsp;subunit&nbsp;K,70.8
1245469.S58_23320,S58_23320,annotation&nbsp;not&nbsp;available,70.8
1245469.S58_51710,S58_51710,annotation&nbsp;not&nbsp;available,70.7
1245469.S58_46980,S58_46980,annotation&nbsp;not&nbsp;available,70.7
1245469.S58_63730,S58_63730,annotation&nbsp;not&nbsp;available,70.7
1245469.S58_11890,S58_11890,annotation&nbsp;not&nbsp;available,70.7
1245469.S58_25920,S58_25920,annotation&nbsp;not&nbsp;available,70.7
1245469.S58_01520,rplT,50S&nbsp;ribosomal&nbsp;protein&nbsp;L20,70.7
1245469.S58_52340,S58_52340,annotation&nbsp;not&nbsp;available,70.6
1245469.S58_01030,S58_01030,30S&nbsp;ribosomal&nbsp;protein&nbsp;S1,70.5
1245469.S58_50870,S58_50870,Phenylacetate-coenzyme&nbsp;A&nbsp;ligase,70.5
1245469.S58_44800,S58_44800,annotation&nbsp;not&nbsp;available,70.5
1245469.S58_08140,S58_08140,annotation&nbsp;not&nbsp;available,70.5
1245469.S58_41630,S58_41630,annotation&nbsp;not&nbsp;available,70.4
1245469.S58_32300,rnr,Ribonuclease&nbsp;R,70.4
1245469.S58_27900,cobE,annotation&nbsp;not&nbsp;available,70.4
1245469.S58_66460,S58_66460,annotation&nbsp;not&nbsp;available,70.3
1245469.S58_26990,recA,Protein&nbsp;RecA,70.3
1245469.S58_24210,S58_24210,annotation&nbsp;not&nbsp;available,70.3
1245469.S58_41660,S58_41660,annotation&nbsp;not&nbsp;available,70.2
1245469.S58_31050,S58_31050,annotation&nbsp;not&nbsp;available,70.2
1245469.S58_29450,S58_29450,annotation&nbsp;not&nbsp;available,70.2
1245469.S58_24980,S58_24980,annotation&nbsp;not&nbsp;available,70.2
1245469.S58_51700,S58_51700,annotation&nbsp;not&nbsp;available,70.2
1245469.S58_22900,S58_22900,annotation&nbsp;not&nbsp;available,70.1
1245469.S58_60900,napA,Nitrate&nbsp;reductase,70.1
1245469.S58_23290,phnM,annotation&nbsp;not&nbsp;available,70.1
1245469.S58_52190,S58_52190,annotation&nbsp;not&nbsp;available,70.1
1245469.S58_20190,S58_20190,annotation&nbsp;not&nbsp;available,70.1
1245469.S58_45480,rpoB,DNA-directed&nbsp;RNA&nbsp;polymerase&nbsp;subunit&nbsp;beta,70.1
1245469.S58_41200,S58_41200,annotation&nbsp;not&nbsp;available,70.1
