588932.JHOF01000003_gene2563,rpsL,30S&nbsp;ribosomal&nbsp;protein&nbsp;S12,98.9
588932.JHOF01000001_gene572,hisF,Imidazole&nbsp;glycerol&nbsp;phosphate&nbsp;synthase&nbsp;subunit&nbsp;HisF,98.8
588932.JHOF01000008_gene603,DA69_01850,Flagellar&nbsp;motor&nbsp;switch&nbsp;protein&nbsp;FliN,98.7
588932.JHOF01000027_gene1508,DA69_08940,ATP&nbsp;synthase&nbsp;subunit&nbsp;b,98.5
588932.JHOF01000018_gene1097,nuoA,NADH-quinone&nbsp;oxidoreductase&nbsp;subunit&nbsp;A,98.4
588932.JHOF01000025_gene196,DA69_07105,annotation&nbsp;not&nbsp;available,98.4
588932.JHOF01000018_gene1230,leuD,3-isopropylmalate&nbsp;dehydratase&nbsp;small&nbsp;subunit,98.4
588932.JHOF01000004_gene2631,ppc,Phosphoenolpyruvate&nbsp;carboxylase,98.4
588932.JHOF01000001_gene454,DA69_10955,annotation&nbsp;not&nbsp;available,98.4
588932.JHOF01000005_gene2219,DA69_11545,3-isopropylmalate&nbsp;dehydratase&nbsp;small&nbsp;subunit,98.3
588932.JHOF01000018_gene828,gatC,Aspartyl/glutamyl-tRNA(Asn/Gln)&nbsp;amidotransferase&nbsp;subunit&nbsp;C,98.3
588932.JHOF01000027_gene1510,atpE,ATP&nbsp;synthase&nbsp;subunit&nbsp;c,98.3
588932.JHOF01000025_gene238,DA69_07310,annotation&nbsp;not&nbsp;available,98.2
588932.JHOF01000011_gene2328,DA69_06560,annotation&nbsp;not&nbsp;available,98.2
588932.JHOF01000027_gene1712,carB,annotation&nbsp;not&nbsp;available,98.2
588932.JHOF01000023_gene1900,glyQ,annotation&nbsp;not&nbsp;available,98.1
588932.JHOF01000025_gene276,rplX,50S&nbsp;ribosomal&nbsp;protein&nbsp;L24,97.8
588932.JHOF01000001_gene506,DA69_10680,annotation&nbsp;not&nbsp;available,97.6
588932.JHOF01000003_gene2551,rplA,50S&nbsp;ribosomal&nbsp;protein&nbsp;L1,97.6
588932.JHOF01000018_gene928,ctaA,Heme&nbsp;A&nbsp;synthase,97.4
588932.JHOF01000018_gene991,DA69_04345,annotation&nbsp;not&nbsp;available,97.2
588932.JHOF01000008_gene606,DA69_01835,Flagellar&nbsp;M-ring&nbsp;protein,97.1
588932.JHOF01000009_gene653,DA69_13665,annotation&nbsp;not&nbsp;available,97.1
588932.JHOF01000023_gene1864,DA69_01515,annotation&nbsp;not&nbsp;available,97.0
588932.JHOF01000005_gene2090,DA69_12190,annotation&nbsp;not&nbsp;available,96.9
588932.JHOF01000011_gene2331,rpoZ,DNA-directed&nbsp;RNA&nbsp;polymerase&nbsp;subunit&nbsp;omega,96.8
588932.JHOF01000027_gene1549,DA69_09185,annotation&nbsp;not&nbsp;available,96.7
588932.JHOF01000027_gene1681,ruvB,Holliday&nbsp;junction&nbsp;ATP-dependent&nbsp;DNA&nbsp;helicase&nbsp;RuvB,96.7
588932.JHOF01000028_gene1788,DA69_13890,annotation&nbsp;not&nbsp;available,96.6
588932.JHOF01000009_gene642,DA69_13730,Ribonucleoside-diphosphate&nbsp;reductase&nbsp;subunit&nbsp;beta,96.6
588932.JHOF01000018_gene1073,DA69_03885,Lipoprotein-releasing&nbsp;system&nbsp;ATP-binding&nbsp;protein&nbsp;LolD,96.5
588932.JHOF01000021_gene173,rpmA,annotation&nbsp;not&nbsp;available,96.4
588932.JHOF01000026_gene388,DA69_08065,annotation&nbsp;not&nbsp;available,96.3
588932.JHOF01000009_gene662,DA69_13620,annotation&nbsp;not&nbsp;available,96.2
588932.JHOF01000004_gene2669,DA69_12565,annotation&nbsp;not&nbsp;available,96.1
588932.JHOF01000003_gene2556,rplL,50S&nbsp;ribosomal&nbsp;protein&nbsp;L7/L12,96.0
588932.JHOF01000011_gene2352,DA69_06440,annotation&nbsp;not&nbsp;available,95.9
588932.JHOF01000024_gene41,gpmA,"2,3-bisphosphoglycerate-dependent&nbsp;phosphoglycerate&nbsp;mutase",95.9
588932.JHOF01000021_gene137,DA69_00400,annotation&nbsp;not&nbsp;available,95.9
588932.JHOF01000018_gene1296,DA69_02685,annotation&nbsp;not&nbsp;available,95.8
588932.JHOF01000018_gene1213,DA69_03120,annotation&nbsp;not&nbsp;available,95.7
588932.JHOF01000018_gene864,DA69_05040,annotation&nbsp;not&nbsp;available,95.7
588932.JHOF01000023_gene2033,DA69_00630,annotation&nbsp;not&nbsp;available,95.7
588932.JHOF01000005_gene2072,mnmE,tRNA&nbsp;modification&nbsp;GTPase&nbsp;MnmE,95.4
588932.JHOF01000018_gene1256,DA69_02895,annotation&nbsp;not&nbsp;available,95.4
588932.JHOF01000009_gene651,DA69_13675,annotation&nbsp;not&nbsp;available,95.0
588932.JHOF01000018_gene1038,DA69_04055,annotation&nbsp;not&nbsp;available,95.0
588932.JHOF01000026_gene305,DA69_08490,annotation&nbsp;not&nbsp;available,94.9
588932.JHOF01000023_gene1907,DA69_01270,annotation&nbsp;not&nbsp;available,94.8
588932.JHOF01000018_gene1303,clpS,ATP-dependent&nbsp;Clp&nbsp;protease&nbsp;adapter&nbsp;protein&nbsp;ClpS,94.5
588932.JHOF01000011_gene2334,pyrE,Orotate&nbsp;phosphoribosyltransferase,94.4
588932.JHOF01000001_gene551,ppa,Inorganic&nbsp;pyrophosphatase,94.3
588932.JHOF01000005_gene2118,ccmA,Cytochrome&nbsp;c&nbsp;biogenesis&nbsp;ATP-binding&nbsp;export&nbsp;protein&nbsp;CcmA,94.3
588932.JHOF01000027_gene1459,DA69_08700,annotation&nbsp;not&nbsp;available,94.3
588932.JHOF01000023_gene1977,DA69_00920,annotation&nbsp;not&nbsp;available,94.3
588932.JHOF01000003_gene2565,fusA,Elongation&nbsp;factor&nbsp;G,94.3
588932.JHOF01000023_gene2032,DA69_00635,annotation&nbsp;not&nbsp;available,94.2
588932.JHOF01000011_gene2315,DA69_06625,annotation&nbsp;not&nbsp;available,94.2
588932.JHOF01000005_gene2205,DA69_11615,annotation&nbsp;not&nbsp;available,94.2
588932.JHOF01000011_gene2293,DA69_06735,annotation&nbsp;not&nbsp;available,94.1
588932.JHOF01000028_gene1826,DA69_00060,annotation&nbsp;not&nbsp;available,94.1
588932.JHOF01000025_gene273,rpsH,30S&nbsp;ribosomal&nbsp;protein&nbsp;S8,93.9
588932.JHOF01000023_gene2028,DA69_00655,Chemotaxis&nbsp;protein&nbsp;methyltransferase,93.7
588932.JHOF01000027_gene1592,DA69_09395,annotation&nbsp;not&nbsp;available,93.6
588932.JHOF01000018_gene927,DA69_04700,annotation&nbsp;not&nbsp;available,93.6
588932.JHOF01000018_gene1359,DA69_02370,annotation&nbsp;not&nbsp;available,93.6
588932.JHOF01000018_gene1095,nuoC,NADH-quinone&nbsp;oxidoreductase&nbsp;subunit&nbsp;C,93.4
588932.JHOF01000018_gene1049,tpiA,Triosephosphate&nbsp;isomerase,93.3
588932.JHOF01000005_gene2149,DA69_11900,annotation&nbsp;not&nbsp;available,93.2
588932.JHOF01000018_gene834,plsY,Glycerol-3-phosphate&nbsp;acyltransferase,93.2
588932.JHOF01000003_gene2540,DA69_07725,annotation&nbsp;not&nbsp;available,93.2
588932.JHOF01000023_gene1999,ctaG,Cytochrome&nbsp;c&nbsp;oxidase&nbsp;assembly&nbsp;protein&nbsp;CtaG,93.2
588932.JHOF01000023_gene2014,DA69_00735,30S&nbsp;ribosomal&nbsp;protein&nbsp;S1,93.1
588932.JHOF01000021_gene172,rplU,50S&nbsp;ribosomal&nbsp;protein&nbsp;L21,93.0
588932.JHOF01000003_gene2539,DA69_07730,annotation&nbsp;not&nbsp;available,92.9
588932.JHOF01000005_gene2162,groL,60&nbsp;kDa&nbsp;chaperonin,92.6
588932.JHOF01000025_gene288,rpsJ,30S&nbsp;ribosomal&nbsp;protein&nbsp;S10,92.4
588932.JHOF01000018_gene801,DA69_05350,Glutamate--tRNA&nbsp;ligase,92.4
588932.JHOF01000018_gene810,uvrA,UvrABC&nbsp;system&nbsp;protein&nbsp;A,92.4
588932.JHOF01000005_gene2148,DA69_11905,annotation&nbsp;not&nbsp;available,92.3
588932.JHOF01000018_gene699,DA69_05900,annotation&nbsp;not&nbsp;available,92.3
588932.JHOF01000018_gene948,DA69_04590,annotation&nbsp;not&nbsp;available,92.2
588932.JHOF01000018_gene1083,DA69_03835,annotation&nbsp;not&nbsp;available,92.0
588932.JHOF01000026_gene350,DA69_08260,annotation&nbsp;not&nbsp;available,91.8
588932.JHOF01000026_gene347,DA69_08275,annotation&nbsp;not&nbsp;available,91.7
588932.JHOF01000017_gene2449,atpA,ATP&nbsp;synthase&nbsp;subunit&nbsp;alpha,91.7
588932.JHOF01000018_gene877,DA69_04970,annotation&nbsp;not&nbsp;available,91.6
588932.JHOF01000018_gene1252,DA69_02915,annotation&nbsp;not&nbsp;available,91.6
588932.JHOF01000018_gene1137,rplM,50S&nbsp;ribosomal&nbsp;protein&nbsp;L13,91.5
588932.JHOF01000001_gene482,dnaX,DNA&nbsp;polymerase&nbsp;III&nbsp;subunit&nbsp;gamma/tau,91.4
588932.JHOF01000025_gene269,rpmD,annotation&nbsp;not&nbsp;available,91.3
588932.JHOF01000018_gene1047,pyrG,CTP&nbsp;synthase,91.1
588932.JHOF01000027_gene1509,DA69_08945,ATP&nbsp;synthase&nbsp;subunit&nbsp;b,90.9
588932.JHOF01000018_gene1297,DA69_02680,annotation&nbsp;not&nbsp;available,90.9
588932.JHOF01000024_gene42,DA69_13100,annotation&nbsp;not&nbsp;available,90.8
588932.JHOF01000023_gene1932,purT,Formate-dependent&nbsp;phosphoribosylglycinamide&nbsp;formyltransferase,90.5
588932.JHOF01000018_gene777,DA69_05470,Serine&nbsp;hydroxymethyltransferase,90.5
588932.JHOF01000008_gene607,DA69_01830,annotation&nbsp;not&nbsp;available,90.5
588932.JHOF01000005_gene2078,DA69_12245,annotation&nbsp;not&nbsp;available,90.3
588932.JHOF01000018_gene773,ribB,"3,4-dihydroxy-2-butanone&nbsp;4-phosphate&nbsp;synthase",90.3
588932.JHOF01000005_gene2197,DA69_11660,annotation&nbsp;not&nbsp;available,90.2
588932.JHOF01000026_gene396,DA69_08025,3-isopropylmalate&nbsp;dehydrogenase,90.0
588932.JHOF01000026_gene322,ubiX,Flavin&nbsp;prenyltransferase&nbsp;UbiX,90.0
588932.JHOF01000005_gene2198,DA69_11655,annotation&nbsp;not&nbsp;available,90.0
588932.JHOF01000005_gene2180,glnD,Bifunctional&nbsp;uridylyltransferase/uridylyl-removing&nbsp;enzyme,89.8
588932.JHOF01000026_gene357,DA69_08225,annotation&nbsp;not&nbsp;available,89.8
588932.JHOF01000011_gene2248,DA69_06960,annotation&nbsp;not&nbsp;available,89.8
588932.JHOF01000018_gene1255,DA69_02900,annotation&nbsp;not&nbsp;available,89.6
588932.JHOF01000018_gene763,fabH,3-oxoacyl-[acyl-carrier-protein]&nbsp;synthase&nbsp;3,89.6
588932.JHOF01000018_gene1146,DA69_03490,annotation&nbsp;not&nbsp;available,89.4
588932.JHOF01000018_gene1032,DA69_04095,Non-homologous&nbsp;end&nbsp;joining&nbsp;protein&nbsp;Ku,89.3
588932.JHOF01000023_gene2058,DA69_00505,annotation&nbsp;not&nbsp;available,89.1
588932.JHOF01000018_gene1350,DA69_02410,annotation&nbsp;not&nbsp;available,88.8
588932.JHOF01000018_gene1259,kdpB,Potassium-transporting&nbsp;ATPase&nbsp;ATP-binding&nbsp;subunit,88.8
588932.JHOF01000026_gene312,purK,N5-carboxyaminoimidazole&nbsp;ribonucleotide&nbsp;synthase,88.7
588932.JHOF01000008_gene589,xseB,Exodeoxyribonuclease&nbsp;7&nbsp;small&nbsp;subunit,88.7
588932.JHOF01000018_gene826,gatB,Aspartyl/glutamyl-tRNA(Asn/Gln)&nbsp;amidotransferase&nbsp;subunit&nbsp;B,88.7
588932.JHOF01000027_gene1557,DA69_09225,annotation&nbsp;not&nbsp;available,88.7
588932.JHOF01000004_gene2623,DA69_12795,annotation&nbsp;not&nbsp;available,88.6
588932.JHOF01000009_gene625,DA69_13815,annotation&nbsp;not&nbsp;available,88.6
588932.JHOF01000017_gene2516,DA69_11395,annotation&nbsp;not&nbsp;available,88.6
588932.JHOF01000023_gene2025,cheD,Probable&nbsp;chemoreceptor&nbsp;glutamine&nbsp;deamidase&nbsp;CheD,88.5
588932.JHOF01000026_gene373,DA69_08145,annotation&nbsp;not&nbsp;available,88.5
588932.JHOF01000003_gene2541,DA69_07720,annotation&nbsp;not&nbsp;available,88.4
588932.JHOF01000025_gene287,rplC,50S&nbsp;ribosomal&nbsp;protein&nbsp;L3,88.3
588932.JHOF01000023_gene2001,ctaB,Protoheme&nbsp;IX&nbsp;farnesyltransferase,88.3
588932.JHOF01000026_gene371,DA69_08155,annotation&nbsp;not&nbsp;available,88.2
588932.JHOF01000018_gene1400,DA69_02160,Non-homologous&nbsp;end&nbsp;joining&nbsp;protein&nbsp;Ku,88.0
588932.JHOF01000018_gene922,DA69_04730,annotation&nbsp;not&nbsp;available,88.0
588932.JHOF01000004_gene2577,rplT,50S&nbsp;ribosomal&nbsp;protein&nbsp;L20,87.9
588932.JHOF01000018_gene1055,trpC,annotation&nbsp;not&nbsp;available,87.7
588932.JHOF01000001_gene574,hisH,Imidazole&nbsp;glycerol&nbsp;phosphate&nbsp;synthase&nbsp;subunit&nbsp;HisH,87.6
588932.JHOF01000027_gene1702,dnaG,DNA&nbsp;primase,87.6
588932.JHOF01000023_gene1887,DA69_01365,annotation&nbsp;not&nbsp;available,87.4
588932.JHOF01000018_gene1260,kdpA,Potassium-transporting&nbsp;ATPase&nbsp;potassium-binding&nbsp;subunit,87.3
588932.JHOF01000028_gene1821,DA69_00035,annotation&nbsp;not&nbsp;available,87.2
588932.JHOF01000018_gene719,pdhA,Pyruvate&nbsp;dehydrogenase&nbsp;E1&nbsp;component&nbsp;subunit&nbsp;alpha,87.2
588932.JHOF01000023_gene1931,DA69_01145,Transketolase,87.1
588932.JHOF01000004_gene2650,rpsO,30S&nbsp;ribosomal&nbsp;protein&nbsp;S15,87.1
588932.JHOF01000018_gene1237,DA69_02990,annotation&nbsp;not&nbsp;available,87.1
588932.JHOF01000027_gene1468,DA69_08740,annotation&nbsp;not&nbsp;available,87.1
588932.JHOF01000001_gene539,DA69_10510,annotation&nbsp;not&nbsp;available,87.0
588932.JHOF01000023_gene1921,purQ,Phosphoribosylformylglycinamidine&nbsp;synthase&nbsp;subunit&nbsp;PurQ,86.9
588932.JHOF01000018_gene974,DA69_04445,annotation&nbsp;not&nbsp;available,86.7
588932.JHOF01000023_gene1915,purC,annotation&nbsp;not&nbsp;available,86.6
588932.JHOF01000028_gene1790,DA69_13900,annotation&nbsp;not&nbsp;available,86.5
588932.JHOF01000011_gene2305,purN,Phosphoribosylglycinamide&nbsp;formyltransferase,86.5
588932.JHOF01000018_gene759,DA69_05570,annotation&nbsp;not&nbsp;available,86.3
588932.JHOF01000004_gene2583,hslU,ATP-dependent&nbsp;protease&nbsp;ATPase&nbsp;subunit&nbsp;HslU,86.2
588932.JHOF01000018_gene779,DA69_05465,annotation&nbsp;not&nbsp;available,86.1
588932.JHOF01000018_gene1068,pyrH,Uridylate&nbsp;kinase,86.0
588932.JHOF01000026_gene390,DA69_08055,annotation&nbsp;not&nbsp;available,85.8
588932.JHOF01000003_gene2560,rpoB,DNA-directed&nbsp;RNA&nbsp;polymerase&nbsp;subunit&nbsp;beta,85.8
588932.JHOF01000018_gene717,eno,Enolase,85.7
588932.JHOF01000018_gene827,gatA,Glutamyl-tRNA(Gln)&nbsp;amidotransferase&nbsp;subunit&nbsp;A,85.4
588932.JHOF01000018_gene1235,DA69_03000,annotation&nbsp;not&nbsp;available,85.3
588932.JHOF01000027_gene1444,DA69_08615,annotation&nbsp;not&nbsp;available,85.3
588932.JHOF01000011_gene2302,ndk,Nucleoside&nbsp;diphosphate&nbsp;kinase,85.1
588932.JHOF01000027_gene1633,DA69_09605,annotation&nbsp;not&nbsp;available,84.8
588932.JHOF01000003_gene2561,rpoC,DNA-directed&nbsp;RNA&nbsp;polymerase&nbsp;subunit&nbsp;beta',84.7
588932.JHOF01000011_gene2279,DA69_06805,annotation&nbsp;not&nbsp;available,84.6
588932.JHOF01000003_gene2542,DA69_07715,annotation&nbsp;not&nbsp;available,84.5
588932.JHOF01000018_gene843,DA69_05145,annotation&nbsp;not&nbsp;available,84.4
588932.JHOF01000018_gene1349,DA69_02415,annotation&nbsp;not&nbsp;available,84.4
588932.JHOF01000005_gene2062,dnaQ,DNA&nbsp;polymerase&nbsp;III&nbsp;subunit&nbsp;epsilon,84.4
588932.JHOF01000026_gene353,DA69_08245,annotation&nbsp;not&nbsp;available,84.3
588932.JHOF01000018_gene904,mutL,DNA&nbsp;mismatch&nbsp;repair&nbsp;protein&nbsp;MutL,84.2
588932.JHOF01000018_gene947,DA69_04595,annotation&nbsp;not&nbsp;available,84.1
588932.JHOF01000023_gene1937,pgk,annotation&nbsp;not&nbsp;available,84.1
588932.JHOF01000018_gene775,JHOF01000018_gene775,annotation&nbsp;not&nbsp;available,84.0
588932.JHOF01000026_gene397,fabG,annotation&nbsp;not&nbsp;available,84.0
588932.JHOF01000018_gene1090,DA69_03800,annotation&nbsp;not&nbsp;available,83.9
588932.JHOF01000027_gene1590,rpsD,30S&nbsp;ribosomal&nbsp;protein&nbsp;S4,83.8
588932.JHOF01000018_gene1311,DA69_02605,annotation&nbsp;not&nbsp;available,83.7
588932.JHOF01000001_gene554,DA69_10435,annotation&nbsp;not&nbsp;available,83.6
588932.JHOF01000018_gene1096,nuoB,NADH-quinone&nbsp;oxidoreductase&nbsp;subunit&nbsp;B,83.6
588932.JHOF01000023_gene2031,DA69_00640,annotation&nbsp;not&nbsp;available,83.6
588932.JHOF01000018_gene758,DA69_05575,Lipoprotein-releasing&nbsp;system&nbsp;ATP-binding&nbsp;protein&nbsp;LolD,83.4
588932.JHOF01000018_gene747,DA69_05635,annotation&nbsp;not&nbsp;available,83.2
588932.JHOF01000011_gene2364,DA69_06380,annotation&nbsp;not&nbsp;available,83.2
588932.JHOF01000026_gene354,DA69_08240,annotation&nbsp;not&nbsp;available,83.1
588932.JHOF01000018_gene1401,DA69_02155,annotation&nbsp;not&nbsp;available,82.9
588932.JHOF01000004_gene2642,dnaK,Chaperone&nbsp;protein&nbsp;DnaK,82.8
588932.JHOF01000026_gene376,DA69_08130,annotation&nbsp;not&nbsp;available,82.8
588932.JHOF01000018_gene724,DA69_05775,annotation&nbsp;not&nbsp;available,82.7
588932.JHOF01000004_gene2656,infB,Translation&nbsp;initiation&nbsp;factor&nbsp;IF-2,82.6
588932.JHOF01000018_gene1169,DA69_03360,Serine&nbsp;hydroxymethyltransferase,82.6
588932.JHOF01000004_gene2584,hslV,ATP-dependent&nbsp;protease&nbsp;subunit&nbsp;HslV,82.6
588932.JHOF01000017_gene2447,atpD,ATP&nbsp;synthase&nbsp;subunit&nbsp;beta,82.4
588932.JHOF01000023_gene2026,DA69_00665,annotation&nbsp;not&nbsp;available,82.4
588932.JHOF01000011_gene2309,DA69_06655,annotation&nbsp;not&nbsp;available,82.3
588932.JHOF01000018_gene842,DA69_05150,annotation&nbsp;not&nbsp;available,82.3
588932.JHOF01000018_gene764,plsX,Phosphate&nbsp;acyltransferase,82.2
588932.JHOF01000005_gene2083,DA69_12220,annotation&nbsp;not&nbsp;available,82.2
588932.JHOF01000017_gene2455,tal,Probable&nbsp;transaldolase,82.2
588932.JHOF01000004_gene2612,DA69_12850,annotation&nbsp;not&nbsp;available,82.0
588932.JHOF01000026_gene391,DA69_08050,annotation&nbsp;not&nbsp;available,82.0
588932.JHOF01000023_gene2003,DA69_00790,Cytochrome&nbsp;c&nbsp;oxidase&nbsp;subunit&nbsp;2,81.9
588932.JHOF01000027_gene1701,rpoD,RNA&nbsp;polymerase&nbsp;sigma&nbsp;factor&nbsp;RpoD,81.8
588932.JHOF01000023_gene1869,DA69_01485,Flagellar&nbsp;motor&nbsp;switch&nbsp;protein&nbsp;FliM,81.8
588932.JHOF01000018_gene1295,rpmG,annotation&nbsp;not&nbsp;available,81.5
588932.JHOF01000023_gene1871,DA69_01475,annotation&nbsp;not&nbsp;available,81.4
588932.JHOF01000011_gene2319,DA69_06605,annotation&nbsp;not&nbsp;available,81.2
588932.JHOF01000028_gene1841,cysC,Adenylyl-sulfate&nbsp;kinase,81.1
588932.JHOF01000018_gene1087,nuoI,NADH-quinone&nbsp;oxidoreductase&nbsp;subunit&nbsp;I,81.1
588932.JHOF01000018_gene1310,DA69_02610,annotation&nbsp;not&nbsp;available,81.0
588932.JHOF01000018_gene833,DA69_05190,annotation&nbsp;not&nbsp;available,81.0
588932.JHOF01000024_gene107,dapE,Succinyl-diaminopimelate&nbsp;desuccinylase,80.9
588932.JHOF01000023_gene2030,DA69_00645,annotation&nbsp;not&nbsp;available,80.9
588932.JHOF01000001_gene518,DA69_10620,annotation&nbsp;not&nbsp;available,80.9
588932.JHOF01000004_gene2708,DA69_12360,annotation&nbsp;not&nbsp;available,80.8
588932.JHOF01000011_gene2403,DA69_06180,annotation&nbsp;not&nbsp;available,80.8
588932.JHOF01000024_gene72,trpB,Tryptophan&nbsp;synthase&nbsp;beta&nbsp;chain,80.7
588932.JHOF01000011_gene2320,DA69_06600,Biotin&nbsp;carboxyl&nbsp;carrier&nbsp;protein&nbsp;of&nbsp;acetyl-CoA&nbsp;carboxylase,80.7
588932.JHOF01000011_gene2277,rpsR,30S&nbsp;ribosomal&nbsp;protein&nbsp;S18,80.7
588932.JHOF01000025_gene268,rplO,50S&nbsp;ribosomal&nbsp;protein&nbsp;L15,80.2
588932.JHOF01000002_gene34,DA69_01785,annotation&nbsp;not&nbsp;available,80.2
588932.JHOF01000018_gene1074,DA69_03880,annotation&nbsp;not&nbsp;available,80.1
588932.JHOF01000004_gene2658,nusA,Transcription&nbsp;termination/antitermination&nbsp;protein&nbsp;NusA,79.9
588932.JHOF01000018_gene700,DA69_05895,annotation&nbsp;not&nbsp;available,79.7
588932.JHOF01000008_gene605,DA69_01840,Flagellar&nbsp;motor&nbsp;switch&nbsp;protein&nbsp;FliG,79.7
588932.JHOF01000017_gene2522,DA69_11425,annotation&nbsp;not&nbsp;available,79.6
588932.JHOF01000005_gene2061,secB,Protein-export&nbsp;protein&nbsp;SecB,79.6
588932.JHOF01000027_gene1565,DA69_09265,annotation&nbsp;not&nbsp;available,79.5
588932.JHOF01000018_gene725,DA69_05770,annotation&nbsp;not&nbsp;available,79.4
588932.JHOF01000011_gene2341,DA69_06495,annotation&nbsp;not&nbsp;available,79.3
588932.JHOF01000018_gene1145,DA69_03495,annotation&nbsp;not&nbsp;available,79.3
588932.JHOF01000018_gene990,DA69_04350,annotation&nbsp;not&nbsp;available,79.0
588932.JHOF01000005_gene2218,DA69_11550,3-isopropylmalate&nbsp;dehydrogenase,79.0
588932.JHOF01000011_gene2336,acpS,Holo-[acyl-carrier-protein]&nbsp;synthase,78.9
588932.JHOF01000025_gene252,DA69_07380,annotation&nbsp;not&nbsp;available,78.7
588932.JHOF01000024_gene71,trpF,annotation&nbsp;not&nbsp;available,78.6
588932.JHOF01000018_gene1084,DA69_03830,annotation&nbsp;not&nbsp;available,78.6
588932.JHOF01000018_gene1085,nuoK,NADH-quinone&nbsp;oxidoreductase&nbsp;subunit&nbsp;K,78.4
588932.JHOF01000018_gene701,DA69_05890,annotation&nbsp;not&nbsp;available,78.4
588932.JHOF01000011_gene2282,DA69_06790,3-oxoacyl-[acyl-carrier-protein]&nbsp;synthase&nbsp;2,78.1
588932.JHOF01000018_gene949,DA69_04585,annotation&nbsp;not&nbsp;available,78.0
588932.JHOF01000018_gene818,secF,Protein-export&nbsp;membrane&nbsp;protein&nbsp;SecF,78.0
588932.JHOF01000011_gene2295,DA69_06725,Probable&nbsp;cytosol&nbsp;aminopeptidase,77.7
588932.JHOF01000018_gene943,DA69_04615,annotation&nbsp;not&nbsp;available,77.7
588932.JHOF01000026_gene297,DA69_08530,annotation&nbsp;not&nbsp;available,77.6
588932.JHOF01000027_gene1540,DA69_09130,annotation&nbsp;not&nbsp;available,77.6
588932.JHOF01000018_gene1161,DA69_03400,annotation&nbsp;not&nbsp;available,77.4
588932.JHOF01000021_gene150,DA69_00335,annotation&nbsp;not&nbsp;available,77.4
588932.JHOF01000004_gene2679,ftsY,Signal&nbsp;recognition&nbsp;particle&nbsp;receptor&nbsp;FtsY,77.3
588932.JHOF01000023_gene2036,fixJ,annotation&nbsp;not&nbsp;available,77.2
588932.JHOF01000026_gene433,DA69_07805,annotation&nbsp;not&nbsp;available,77.1
588932.JHOF01000026_gene310,rpsU,annotation&nbsp;not&nbsp;available,77.0
588932.JHOF01000025_gene279,rpmC,annotation&nbsp;not&nbsp;available,76.7
588932.JHOF01000025_gene285,rplW,50S&nbsp;ribosomal&nbsp;protein&nbsp;L23,76.7
588932.JHOF01000027_gene1561,DA69_09245,annotation&nbsp;not&nbsp;available,76.6
588932.JHOF01000018_gene762,himA,Integration&nbsp;host&nbsp;factor&nbsp;subunit&nbsp;alpha,76.5
588932.JHOF01000026_gene413,DA69_07920,annotation&nbsp;not&nbsp;available,76.2
588932.JHOF01000018_gene1231,DA69_03020,annotation&nbsp;not&nbsp;available,76.2
588932.JHOF01000005_gene2222,DA69_11530,annotation&nbsp;not&nbsp;available,76.2
588932.JHOF01000027_gene1645,DA69_09665,annotation&nbsp;not&nbsp;available,76.2
588932.JHOF01000023_gene1899,glyS,annotation&nbsp;not&nbsp;available,76.1
588932.JHOF01000005_gene2179,mutS,DNA&nbsp;mismatch&nbsp;repair&nbsp;protein&nbsp;MutS,75.7
588932.JHOF01000001_gene476,DA69_10840,annotation&nbsp;not&nbsp;available,75.7
588932.JHOF01000018_gene1024,DA69_04145,annotation&nbsp;not&nbsp;available,75.6
588932.JHOF01000001_gene542,DA69_10495,annotation&nbsp;not&nbsp;available,75.5
588932.JHOF01000005_gene2106,DA69_12110,annotation&nbsp;not&nbsp;available,75.5
588932.JHOF01000028_gene1794,DA69_13920,Bifunctional&nbsp;protein&nbsp;PutA,75.5
588932.JHOF01000027_gene1767,DA69_10270,annotation&nbsp;not&nbsp;available,75.5
588932.JHOF01000025_gene271,rplR,50S&nbsp;ribosomal&nbsp;protein&nbsp;L18,75.5
588932.JHOF01000023_gene2015,cmk,annotation&nbsp;not&nbsp;available,75.5
588932.JHOF01000003_gene2564,rpsG,30S&nbsp;ribosomal&nbsp;protein&nbsp;S7,75.3
588932.JHOF01000005_gene2196,DA69_11665,annotation&nbsp;not&nbsp;available,75.3
588932.JHOF01000023_gene2055,DA69_00520,S-formylglutathione&nbsp;hydrolase,75.2
588932.JHOF01000004_gene2595,DA69_12935,Dihydrolipoyllysine-residue&nbsp;succinyltransferase&nbsp;component&nbsp;of&nbsp;2-oxoglutarate&nbsp;dehydrogenase&nbsp;complex,75.2
588932.JHOF01000017_gene2513,DA69_11380,annotation&nbsp;not&nbsp;available,75.2
588932.JHOF01000026_gene385,DA69_08080,annotation&nbsp;not&nbsp;available,75.1
588932.JHOF01000009_gene627,DA69_13805,Trehalose&nbsp;6-phosphate&nbsp;phosphatase,75.1
588932.JHOF01000011_gene2236,DA69_07020,Flagellin,75.1
588932.JHOF01000001_gene497,DA69_10725,annotation&nbsp;not&nbsp;available,75.1
588932.JHOF01000004_gene2664,pyrF,Orotidine&nbsp;5'-phosphate&nbsp;decarboxylase,75.0
588932.JHOF01000023_gene2045,recA,Protein&nbsp;RecA,75.0
588932.JHOF01000018_gene916,accA,Acetyl-coenzyme&nbsp;A&nbsp;carboxylase&nbsp;carboxyl&nbsp;transferase&nbsp;subunit&nbsp;alpha,74.9
588932.JHOF01000001_gene474,DA69_10850,annotation&nbsp;not&nbsp;available,74.8
588932.JHOF01000009_gene660,hisC,annotation&nbsp;not&nbsp;available,74.7
588932.JHOF01000027_gene1531,DA69_09050,annotation&nbsp;not&nbsp;available,74.7
588932.JHOF01000025_gene263,rpsK,30S&nbsp;ribosomal&nbsp;protein&nbsp;S11,74.7
588932.JHOF01000018_gene1105,DA69_03720,annotation&nbsp;not&nbsp;available,74.7
588932.JHOF01000018_gene1091,DA69_03795,NADH-quinone&nbsp;oxidoreductase&nbsp;subunit&nbsp;F,74.7
588932.JHOF01000011_gene2281,acpP,Acyl&nbsp;carrier&nbsp;protein,74.6
588932.JHOF01000005_gene2163,groS,10&nbsp;kDa&nbsp;chaperonin,74.6
588932.JHOF01000004_gene2589,fabA,3-hydroxydecanoyl-[acyl-carrier-protein]&nbsp;dehydratase,74.4
588932.JHOF01000018_gene935,DA69_04660,annotation&nbsp;not&nbsp;available,74.4
588932.JHOF01000018_gene1051,trpE,Anthranilate&nbsp;synthase&nbsp;component&nbsp;1,74.3
588932.JHOF01000025_gene284,rplB,50S&nbsp;ribosomal&nbsp;protein&nbsp;L2,74.1
588932.JHOF01000023_gene1924,purL,Phosphoribosylformylglycinamidine&nbsp;synthase&nbsp;subunit&nbsp;PurL,74.0
588932.JHOF01000001_gene478,DA69_10830,annotation&nbsp;not&nbsp;available,74.0
588932.JHOF01000004_gene2645,grpE,Protein&nbsp;GrpE,74.0
588932.JHOF01000017_gene2530,DA69_11465,annotation&nbsp;not&nbsp;available,73.9
588932.JHOF01000018_gene865,DA69_05035,annotation&nbsp;not&nbsp;available,73.8
588932.JHOF01000028_gene1787,phnC,Phosphonates&nbsp;import&nbsp;ATP-binding&nbsp;protein&nbsp;PhnC,73.7
588932.JHOF01000026_gene372,DA69_08150,annotation&nbsp;not&nbsp;available,73.7
588932.JHOF01000011_gene2234,DA69_07030,Flagellin,73.7
588932.JHOF01000026_gene387,DA69_08070,annotation&nbsp;not&nbsp;available,73.6
588932.JHOF01000018_gene1089,nuoH,NADH-quinone&nbsp;oxidoreductase&nbsp;subunit&nbsp;H,73.5
588932.JHOF01000026_gene329,rpmE,50S&nbsp;ribosomal&nbsp;protein&nbsp;L31,73.3
588932.JHOF01000004_gene2590,DA69_12960,annotation&nbsp;not&nbsp;available,73.2
588932.JHOF01000004_gene2703,DA69_12385,annotation&nbsp;not&nbsp;available,73.1
588932.JHOF01000025_gene218,DA69_07210,Ubiquinol-cytochrome&nbsp;c&nbsp;reductase&nbsp;iron-sulfur&nbsp;subunit,73.1
588932.JHOF01000027_gene1628,DA69_09580,annotation&nbsp;not&nbsp;available,73.1
588932.JHOF01000026_gene395,DA69_08030,annotation&nbsp;not&nbsp;available,73.0
588932.JHOF01000018_gene768,hppA,K(+)-insensitive&nbsp;pyrophosphate-energized&nbsp;proton&nbsp;pump,72.9
588932.JHOF01000018_gene1093,DA69_03785,annotation&nbsp;not&nbsp;available,72.9
588932.JHOF01000011_gene2240,DA69_07000,annotation&nbsp;not&nbsp;available,72.8
588932.JHOF01000023_gene1944,DA69_01080,Phosphoserine&nbsp;aminotransferase,72.6
588932.JHOF01000005_gene2224,DA69_11520,annotation&nbsp;not&nbsp;available,72.6
588932.JHOF01000018_gene975,DA69_04440,annotation&nbsp;not&nbsp;available,72.5
588932.JHOF01000023_gene1935,DA69_01125,annotation&nbsp;not&nbsp;available,72.2
588932.JHOF01000005_gene2161,DA69_11840,Probable&nbsp;cytosol&nbsp;aminopeptidase,72.1
588932.JHOF01000027_gene1682,ruvA,Holliday&nbsp;junction&nbsp;ATP-dependent&nbsp;DNA&nbsp;helicase&nbsp;RuvA,72.0
588932.JHOF01000018_gene1322,pckG,Phosphoenolpyruvate&nbsp;carboxykinase&nbsp;[GTP],71.9
588932.JHOF01000011_gene2276,rplI,50S&nbsp;ribosomal&nbsp;protein&nbsp;L9,71.9
588932.JHOF01000005_gene2073,gidA,tRNA&nbsp;uridine&nbsp;5-carboxymethylaminomethyl&nbsp;modification&nbsp;enzyme&nbsp;MnmG,71.8
588932.JHOF01000028_gene1807,argB,Acetylglutamate&nbsp;kinase,71.7
588932.JHOF01000018_gene1020,DA69_04195,annotation&nbsp;not&nbsp;available,71.7
588932.JHOF01000017_gene2458,DA69_11100,annotation&nbsp;not&nbsp;available,71.5
588932.JHOF01000009_gene644,DA69_13720,annotation&nbsp;not&nbsp;available,71.4
588932.JHOF01000026_gene302,DA69_08505,annotation&nbsp;not&nbsp;available,71.4
588932.JHOF01000004_gene2697,tsaD,tRNA&nbsp;N6-adenosine&nbsp;threonylcarbamoyltransferase,71.3
588932.JHOF01000001_gene545,DA69_10480,annotation&nbsp;not&nbsp;available,71.2
588932.JHOF01000023_gene1860,DA69_01535,annotation&nbsp;not&nbsp;available,71.2
588932.JHOF01000011_gene2402,DA69_06185,annotation&nbsp;not&nbsp;available,71.2
588932.JHOF01000011_gene2362,DA69_06390,annotation&nbsp;not&nbsp;available,71.1
588932.JHOF01000018_gene705,DA69_05870,annotation&nbsp;not&nbsp;available,71.1
588932.JHOF01000018_gene1094,nuoD,NADH-quinone&nbsp;oxidoreductase&nbsp;subunit&nbsp;D,70.8
588932.JHOF01000024_gene75,accD,Acetyl-coenzyme&nbsp;A&nbsp;carboxylase&nbsp;carboxyl&nbsp;transferase&nbsp;subunit&nbsp;beta,70.7
588932.JHOF01000025_gene217,DA69_07205,Cytochrome&nbsp;b,70.7
588932.JHOF01000027_gene1503,gcvH,Glycine&nbsp;cleavage&nbsp;system&nbsp;H&nbsp;protein,70.6
588932.JHOF01000018_gene1053,DA69_03985,annotation&nbsp;not&nbsp;available,70.5
588932.JHOF01000027_gene1752,DA69_10200,annotation&nbsp;not&nbsp;available,70.5
588932.JHOF01000005_gene2119,DA69_12045,Heme&nbsp;exporter&nbsp;protein&nbsp;B,70.4
588932.JHOF01000023_gene2029,DA69_00650,annotation&nbsp;not&nbsp;available,70.3
588932.JHOF01000009_gene636,yidC,Membrane&nbsp;protein&nbsp;insertase&nbsp;YidC,70.3
588932.JHOF01000027_gene1748,uvrB,UvrABC&nbsp;system&nbsp;protein&nbsp;B,70.2
