1218074.BAXZ01000012_gene2772,BAXZ01000012_gene2772,annotation&nbsp;not&nbsp;available,98.9
1218074.BAXZ01000016_gene3411,BAXZ01000016_gene3411,annotation&nbsp;not&nbsp;available,98.7
1218074.BAXZ01000008_gene2136,BAXZ01000008_gene2136,annotation&nbsp;not&nbsp;available,98.6
1218074.BAXZ01000002_gene286,BAXZ01000002_gene286,annotation&nbsp;not&nbsp;available,98.5
1218074.BAXZ01000004_gene1081,BAXZ01000004_gene1081,annotation&nbsp;not&nbsp;available,98.4
1218074.BAXZ01000041_gene5403,BAXZ01000041_gene5403,annotation&nbsp;not&nbsp;available,98.4
1218074.BAXZ01000022_gene4143,BAXZ01000022_gene4143,annotation&nbsp;not&nbsp;available,98.4
1218074.BAXZ01000001_gene2,BAXZ01000001_gene2,annotation&nbsp;not&nbsp;available,98.4
1218074.BAXZ01000010_gene2580,BAXZ01000010_gene2580,annotation&nbsp;not&nbsp;available,98.3
1218074.BAXZ01000024_gene4339,BAXZ01000024_gene4339,annotation&nbsp;not&nbsp;available,98.3
1218074.BAXZ01000031_gene5022,BAXZ01000031_gene5022,annotation&nbsp;not&nbsp;available,98.2
1218074.BAXZ01000010_gene2553,BAXZ01000010_gene2553,annotation&nbsp;not&nbsp;available,98.2
1218074.BAXZ01000003_gene838,BAXZ01000003_gene838,annotation&nbsp;not&nbsp;available,98.1
1218074.BAXZ01000006_gene1821,BAXZ01000006_gene1821,annotation&nbsp;not&nbsp;available,98.1
1218074.BAXZ01000001_gene16,BAXZ01000001_gene16,annotation&nbsp;not&nbsp;available,98.0
1218074.BAXZ01000016_gene3301,BAXZ01000016_gene3301,annotation&nbsp;not&nbsp;available,98.0
1218074.BAXZ01000004_gene938,BAXZ01000004_gene938,annotation&nbsp;not&nbsp;available,97.8
1218074.BAXZ01000001_gene42,BAXZ01000001_gene42,annotation&nbsp;not&nbsp;available,97.8
1218074.BAXZ01000016_gene3434,BAXZ01000016_gene3434,annotation&nbsp;not&nbsp;available,97.7
1218074.BAXZ01000010_gene2616,BAXZ01000010_gene2616,annotation&nbsp;not&nbsp;available,97.5
1218074.BAXZ01000018_gene3652,BAXZ01000018_gene3652,annotation&nbsp;not&nbsp;available,97.5
1218074.BAXZ01000028_gene4796,BAXZ01000028_gene4796,annotation&nbsp;not&nbsp;available,97.4
1218074.BAXZ01000018_gene3689,BAXZ01000018_gene3689,annotation&nbsp;not&nbsp;available,97.4
1218074.BAXZ01000018_gene3633,BAXZ01000018_gene3633,annotation&nbsp;not&nbsp;available,97.3
1218074.BAXZ01000009_gene2282,BAXZ01000009_gene2282,annotation&nbsp;not&nbsp;available,97.3
1218074.BAXZ01000018_gene3638,BAXZ01000018_gene3638,annotation&nbsp;not&nbsp;available,97.3
1218074.BAXZ01000015_gene3245,BAXZ01000015_gene3245,annotation&nbsp;not&nbsp;available,97.2
1218074.BAXZ01000015_gene3206,BAXZ01000015_gene3206,annotation&nbsp;not&nbsp;available,97.2
1218074.BAXZ01000005_gene1505,BAXZ01000005_gene1505,annotation&nbsp;not&nbsp;available,97.2
1218074.BAXZ01000001_gene117,BAXZ01000001_gene117,annotation&nbsp;not&nbsp;available,97.1
1218074.BAXZ01000002_gene391,BAXZ01000002_gene391,annotation&nbsp;not&nbsp;available,97.0
1218074.BAXZ01000016_gene3383,BAXZ01000016_gene3383,annotation&nbsp;not&nbsp;available,97.0
1218074.BAXZ01000001_gene154,BAXZ01000001_gene154,annotation&nbsp;not&nbsp;available,97.0
1218074.BAXZ01000005_gene1369,BAXZ01000005_gene1369,annotation&nbsp;not&nbsp;available,96.9
1218074.BAXZ01000009_gene2281,BAXZ01000009_gene2281,annotation&nbsp;not&nbsp;available,96.9
1218074.BAXZ01000017_gene3558,BAXZ01000017_gene3558,annotation&nbsp;not&nbsp;available,96.9
1218074.BAXZ01000003_gene630,BAXZ01000003_gene630,annotation&nbsp;not&nbsp;available,96.8
1218074.BAXZ01000001_gene157,BAXZ01000001_gene157,annotation&nbsp;not&nbsp;available,96.7
1218074.BAXZ01000008_gene2125,BAXZ01000008_gene2125,annotation&nbsp;not&nbsp;available,96.7
1218074.BAXZ01000015_gene3176,BAXZ01000015_gene3176,annotation&nbsp;not&nbsp;available,96.7
1218074.BAXZ01000024_gene4368,BAXZ01000024_gene4368,annotation&nbsp;not&nbsp;available,96.5
1218074.BAXZ01000002_gene238,BAXZ01000002_gene238,annotation&nbsp;not&nbsp;available,96.5
1218074.BAXZ01000009_gene2182,BAXZ01000009_gene2182,annotation&nbsp;not&nbsp;available,96.4
1218074.BAXZ01000016_gene3337,BAXZ01000016_gene3337,annotation&nbsp;not&nbsp;available,96.4
1218074.BAXZ01000012_gene2904,BAXZ01000012_gene2904,annotation&nbsp;not&nbsp;available,96.2
1218074.BAXZ01000004_gene1235,BAXZ01000004_gene1235,annotation&nbsp;not&nbsp;available,96.2
1218074.BAXZ01000035_gene5190,BAXZ01000035_gene5190,annotation&nbsp;not&nbsp;available,96.1
1218074.BAXZ01000007_gene2023,BAXZ01000007_gene2023,annotation&nbsp;not&nbsp;available,96.1
1218074.BAXZ01000008_gene2135,BAXZ01000008_gene2135,annotation&nbsp;not&nbsp;available,96.1
1218074.BAXZ01000006_gene1846,BAXZ01000006_gene1846,annotation&nbsp;not&nbsp;available,96.0
1218074.BAXZ01000001_gene196,BAXZ01000001_gene196,annotation&nbsp;not&nbsp;available,96.0
1218074.BAXZ01000035_gene5179,BAXZ01000035_gene5179,annotation&nbsp;not&nbsp;available,96.0
1218074.BAXZ01000024_gene4382,BAXZ01000024_gene4382,annotation&nbsp;not&nbsp;available,96.0
1218074.BAXZ01000026_gene4627,BAXZ01000026_gene4627,annotation&nbsp;not&nbsp;available,95.9
1218074.BAXZ01000058_gene5473,BAXZ01000058_gene5473,annotation&nbsp;not&nbsp;available,95.9
1218074.BAXZ01000003_gene806,BAXZ01000003_gene806,annotation&nbsp;not&nbsp;available,95.8
1218074.BAXZ01000019_gene3817,BAXZ01000019_gene3817,annotation&nbsp;not&nbsp;available,95.7
1218074.BAXZ01000001_gene129,BAXZ01000001_gene129,annotation&nbsp;not&nbsp;available,95.6
1218074.BAXZ01000001_gene5,BAXZ01000001_gene5,annotation&nbsp;not&nbsp;available,95.6
1218074.BAXZ01000004_gene1167,BAXZ01000004_gene1167,annotation&nbsp;not&nbsp;available,95.6
1218074.BAXZ01000009_gene2324,BAXZ01000009_gene2324,annotation&nbsp;not&nbsp;available,95.6
1218074.BAXZ01000036_gene5257,BAXZ01000036_gene5257,annotation&nbsp;not&nbsp;available,95.5
1218074.BAXZ01000036_gene5246,BAXZ01000036_gene5246,annotation&nbsp;not&nbsp;available,95.5
1218074.BAXZ01000007_gene1985,BAXZ01000007_gene1985,annotation&nbsp;not&nbsp;available,95.5
1218074.BAXZ01000039_gene5362,BAXZ01000039_gene5362,annotation&nbsp;not&nbsp;available,95.4
1218074.BAXZ01000005_gene1336,BAXZ01000005_gene1336,annotation&nbsp;not&nbsp;available,95.0
1218074.BAXZ01000020_gene3913,BAXZ01000020_gene3913,annotation&nbsp;not&nbsp;available,95.0
1218074.BAXZ01000014_gene3067,BAXZ01000014_gene3067,annotation&nbsp;not&nbsp;available,95.0
1218074.BAXZ01000010_gene2661,BAXZ01000010_gene2661,annotation&nbsp;not&nbsp;available,95.0
1218074.BAXZ01000001_gene124,BAXZ01000001_gene124,annotation&nbsp;not&nbsp;available,94.9
1218074.BAXZ01000009_gene2183,BAXZ01000009_gene2183,annotation&nbsp;not&nbsp;available,94.8
1218074.BAXZ01000037_gene5274,BAXZ01000037_gene5274,annotation&nbsp;not&nbsp;available,94.8
1218074.BAXZ01000001_gene93,BAXZ01000001_gene93,annotation&nbsp;not&nbsp;available,94.7
1218074.BAXZ01000018_gene3668,BAXZ01000018_gene3668,annotation&nbsp;not&nbsp;available,94.7
1218074.BAXZ01000016_gene3350,BAXZ01000016_gene3350,annotation&nbsp;not&nbsp;available,94.7
1218074.BAXZ01000002_gene225,BAXZ01000002_gene225,annotation&nbsp;not&nbsp;available,94.5
1218074.BAXZ01000022_gene4109,BAXZ01000022_gene4109,annotation&nbsp;not&nbsp;available,94.5
1218074.BAXZ01000005_gene1296,BAXZ01000005_gene1296,annotation&nbsp;not&nbsp;available,94.4
1218074.BAXZ01000044_gene5439,BAXZ01000044_gene5439,annotation&nbsp;not&nbsp;available,94.4
1218074.BAXZ01000035_gene5164,BAXZ01000035_gene5164,annotation&nbsp;not&nbsp;available,94.4
1218074.BAXZ01000015_gene3253,BAXZ01000015_gene3253,annotation&nbsp;not&nbsp;available,94.4
1218074.BAXZ01000010_gene2437,BAXZ01000010_gene2437,annotation&nbsp;not&nbsp;available,94.3
1218074.BAXZ01000037_gene5287,BAXZ01000037_gene5287,annotation&nbsp;not&nbsp;available,94.2
1218074.BAXZ01000006_gene1818,BAXZ01000006_gene1818,annotation&nbsp;not&nbsp;available,94.2
1218074.BAXZ01000015_gene3260,BAXZ01000015_gene3260,annotation&nbsp;not&nbsp;available,94.1
1218074.BAXZ01000020_gene3920,BAXZ01000020_gene3920,annotation&nbsp;not&nbsp;available,94.1
1218074.BAXZ01000002_gene222,BAXZ01000002_gene222,annotation&nbsp;not&nbsp;available,94.0
1218074.BAXZ01000002_gene428,BAXZ01000002_gene428,annotation&nbsp;not&nbsp;available,94.0
1218074.BAXZ01000005_gene1493,BAXZ01000005_gene1493,annotation&nbsp;not&nbsp;available,94.0
1218074.BAXZ01000005_gene1404,BAXZ01000005_gene1404,annotation&nbsp;not&nbsp;available,94.0
1218074.BAXZ01000001_gene138,BAXZ01000001_gene138,annotation&nbsp;not&nbsp;available,93.9
1218074.BAXZ01000006_gene1840,BAXZ01000006_gene1840,annotation&nbsp;not&nbsp;available,93.9
1218074.BAXZ01000001_gene19,BAXZ01000001_gene19,annotation&nbsp;not&nbsp;available,93.8
1218074.BAXZ01000007_gene1954,BAXZ01000007_gene1954,annotation&nbsp;not&nbsp;available,93.7
1218074.BAXZ01000005_gene1417,BAXZ01000005_gene1417,annotation&nbsp;not&nbsp;available,93.6
1218074.BAXZ01000011_gene2715,BAXZ01000011_gene2715,annotation&nbsp;not&nbsp;available,93.6
1218074.BAXZ01000001_gene72,BAXZ01000001_gene72,annotation&nbsp;not&nbsp;available,93.6
1218074.BAXZ01000027_gene4695,BAXZ01000027_gene4695,annotation&nbsp;not&nbsp;available,93.6
1218074.BAXZ01000026_gene4619,BAXZ01000026_gene4619,annotation&nbsp;not&nbsp;available,93.5
1218074.BAXZ01000012_gene2864,BAXZ01000012_gene2864,annotation&nbsp;not&nbsp;available,93.5
1218074.BAXZ01000008_gene2133,BAXZ01000008_gene2133,annotation&nbsp;not&nbsp;available,93.5
1218074.BAXZ01000005_gene1472,BAXZ01000005_gene1472,annotation&nbsp;not&nbsp;available,93.4
1218074.BAXZ01000009_gene2276,BAXZ01000009_gene2276,annotation&nbsp;not&nbsp;available,93.3
1218074.BAXZ01000010_gene2566,BAXZ01000010_gene2566,annotation&nbsp;not&nbsp;available,93.3
1218074.BAXZ01000026_gene4580,BAXZ01000026_gene4580,annotation&nbsp;not&nbsp;available,93.3
1218074.BAXZ01000031_gene5049,BAXZ01000031_gene5049,annotation&nbsp;not&nbsp;available,93.3
1218074.BAXZ01000005_gene1420,BAXZ01000005_gene1420,annotation&nbsp;not&nbsp;available,93.3
1218074.BAXZ01000012_gene2843,BAXZ01000012_gene2843,annotation&nbsp;not&nbsp;available,93.2
1218074.BAXZ01000010_gene2516,BAXZ01000010_gene2516,annotation&nbsp;not&nbsp;available,92.9
1218074.BAXZ01000001_gene77,BAXZ01000001_gene77,annotation&nbsp;not&nbsp;available,92.9
1218074.BAXZ01000002_gene209,BAXZ01000002_gene209,annotation&nbsp;not&nbsp;available,92.8
1218074.BAXZ01000007_gene2027,BAXZ01000007_gene2027,annotation&nbsp;not&nbsp;available,92.8
1218074.BAXZ01000014_gene3042,BAXZ01000014_gene3042,annotation&nbsp;not&nbsp;available,92.8
1218074.BAXZ01000006_gene1801,BAXZ01000006_gene1801,annotation&nbsp;not&nbsp;available,92.7
1218074.BAXZ01000002_gene274,BAXZ01000002_gene274,annotation&nbsp;not&nbsp;available,92.7
1218074.BAXZ01000003_gene470,BAXZ01000003_gene470,annotation&nbsp;not&nbsp;available,92.6
1218074.BAXZ01000029_gene4902,BAXZ01000029_gene4902,annotation&nbsp;not&nbsp;available,92.6
1218074.BAXZ01000004_gene974,BAXZ01000004_gene974,annotation&nbsp;not&nbsp;available,92.6
1218074.BAXZ01000004_gene1125,BAXZ01000004_gene1125,annotation&nbsp;not&nbsp;available,92.5
1218074.BAXZ01000005_gene1545,BAXZ01000005_gene1545,annotation&nbsp;not&nbsp;available,92.5
1218074.BAXZ01000027_gene4657,BAXZ01000027_gene4657,annotation&nbsp;not&nbsp;available,92.5
1218074.BAXZ01000019_gene3885,BAXZ01000019_gene3885,annotation&nbsp;not&nbsp;available,92.5
1218074.BAXZ01000002_gene237,BAXZ01000002_gene237,annotation&nbsp;not&nbsp;available,92.5
1218074.BAXZ01000026_gene4620,BAXZ01000026_gene4620,annotation&nbsp;not&nbsp;available,92.4
1218074.BAXZ01000030_gene4982,BAXZ01000030_gene4982,annotation&nbsp;not&nbsp;available,92.3
1218074.BAXZ01000001_gene113,BAXZ01000001_gene113,annotation&nbsp;not&nbsp;available,92.2
1218074.BAXZ01000022_gene4214,BAXZ01000022_gene4214,annotation&nbsp;not&nbsp;available,92.2
1218074.BAXZ01000003_gene848,BAXZ01000003_gene848,annotation&nbsp;not&nbsp;available,92.2
1218074.BAXZ01000005_gene1541,BAXZ01000005_gene1541,annotation&nbsp;not&nbsp;available,92.1
1218074.BAXZ01000001_gene112,BAXZ01000001_gene112,annotation&nbsp;not&nbsp;available,92.1
1218074.BAXZ01000031_gene5043,BAXZ01000031_gene5043,annotation&nbsp;not&nbsp;available,92.1
1218074.BAXZ01000027_gene4648,BAXZ01000027_gene4648,annotation&nbsp;not&nbsp;available,92.0
1218074.BAXZ01000004_gene1240,BAXZ01000004_gene1240,annotation&nbsp;not&nbsp;available,92.0
1218074.BAXZ01000004_gene1083,BAXZ01000004_gene1083,annotation&nbsp;not&nbsp;available,92.0
1218074.BAXZ01000029_gene4862,BAXZ01000029_gene4862,annotation&nbsp;not&nbsp;available,92.0
1218074.BAXZ01000036_gene5256,BAXZ01000036_gene5256,annotation&nbsp;not&nbsp;available,92.0
1218074.BAXZ01000011_gene2710,BAXZ01000011_gene2710,annotation&nbsp;not&nbsp;available,91.9
1218074.BAXZ01000034_gene5142,BAXZ01000034_gene5142,annotation&nbsp;not&nbsp;available,91.9
1218074.BAXZ01000039_gene5334,BAXZ01000039_gene5334,annotation&nbsp;not&nbsp;available,91.8
1218074.BAXZ01000036_gene5216,BAXZ01000036_gene5216,annotation&nbsp;not&nbsp;available,91.7
1218074.BAXZ01000001_gene177,BAXZ01000001_gene177,annotation&nbsp;not&nbsp;available,91.7
1218074.BAXZ01000001_gene107,BAXZ01000001_gene107,annotation&nbsp;not&nbsp;available,91.7
1218074.BAXZ01000003_gene699,BAXZ01000003_gene699,annotation&nbsp;not&nbsp;available,91.6
1218074.BAXZ01000024_gene4438,BAXZ01000024_gene4438,annotation&nbsp;not&nbsp;available,91.6
1218074.BAXZ01000007_gene1956,BAXZ01000007_gene1956,annotation&nbsp;not&nbsp;available,91.5
1218074.BAXZ01000017_gene3451,BAXZ01000017_gene3451,annotation&nbsp;not&nbsp;available,91.5
1218074.BAXZ01000005_gene1561,BAXZ01000005_gene1561,annotation&nbsp;not&nbsp;available,91.5
1218074.BAXZ01000002_gene271,BAXZ01000002_gene271,annotation&nbsp;not&nbsp;available,91.4
1218074.BAXZ01000005_gene1350,BAXZ01000005_gene1350,annotation&nbsp;not&nbsp;available,91.4
1218074.BAXZ01000005_gene1496,BAXZ01000005_gene1496,annotation&nbsp;not&nbsp;available,91.4
1218074.BAXZ01000019_gene3859,BAXZ01000019_gene3859,annotation&nbsp;not&nbsp;available,91.3
1218074.BAXZ01000007_gene1984,BAXZ01000007_gene1984,annotation&nbsp;not&nbsp;available,91.3
1218074.BAXZ01000001_gene175,BAXZ01000001_gene175,annotation&nbsp;not&nbsp;available,91.3
1218074.BAXZ01000028_gene4800,BAXZ01000028_gene4800,annotation&nbsp;not&nbsp;available,91.3
1218074.BAXZ01000001_gene80,BAXZ01000001_gene80,annotation&nbsp;not&nbsp;available,91.2
1218074.BAXZ01000015_gene3205,BAXZ01000015_gene3205,annotation&nbsp;not&nbsp;available,91.1
1218074.BAXZ01000009_gene2194,BAXZ01000009_gene2194,annotation&nbsp;not&nbsp;available,91.0
1218074.BAXZ01000002_gene399,BAXZ01000002_gene399,annotation&nbsp;not&nbsp;available,91.0
1218074.BAXZ01000009_gene2393,BAXZ01000009_gene2393,annotation&nbsp;not&nbsp;available,90.9
1218074.BAXZ01000007_gene1935,BAXZ01000007_gene1935,annotation&nbsp;not&nbsp;available,90.9
1218074.BAXZ01000020_gene3961,BAXZ01000020_gene3961,annotation&nbsp;not&nbsp;available,90.8
1218074.BAXZ01000012_gene2858,BAXZ01000012_gene2858,annotation&nbsp;not&nbsp;available,90.8
1218074.BAXZ01000012_gene2903,BAXZ01000012_gene2903,annotation&nbsp;not&nbsp;available,90.8
1218074.BAXZ01000020_gene3911,BAXZ01000020_gene3911,annotation&nbsp;not&nbsp;available,90.8
1218074.BAXZ01000007_gene1923,BAXZ01000007_gene1923,annotation&nbsp;not&nbsp;available,90.8
1218074.BAXZ01000026_gene4588,BAXZ01000026_gene4588,annotation&nbsp;not&nbsp;available,90.7
1218074.BAXZ01000024_gene4418,BAXZ01000024_gene4418,annotation&nbsp;not&nbsp;available,90.7
1218074.BAXZ01000006_gene1749,BAXZ01000006_gene1749,annotation&nbsp;not&nbsp;available,90.7
1218074.BAXZ01000001_gene200,BAXZ01000001_gene200,annotation&nbsp;not&nbsp;available,90.7
1218074.BAXZ01000035_gene5167,BAXZ01000035_gene5167,annotation&nbsp;not&nbsp;available,90.6
1218074.BAXZ01000039_gene5333,BAXZ01000039_gene5333,annotation&nbsp;not&nbsp;available,90.6
1218074.BAXZ01000004_gene1073,BAXZ01000004_gene1073,annotation&nbsp;not&nbsp;available,90.6
1218074.BAXZ01000009_gene2347,BAXZ01000009_gene2347,annotation&nbsp;not&nbsp;available,90.6
1218074.BAXZ01000001_gene6,BAXZ01000001_gene6,annotation&nbsp;not&nbsp;available,90.4
1218074.BAXZ01000036_gene5251,BAXZ01000036_gene5251,annotation&nbsp;not&nbsp;available,90.4
1218074.BAXZ01000030_gene4952,BAXZ01000030_gene4952,annotation&nbsp;not&nbsp;available,90.4
1218074.BAXZ01000004_gene1190,BAXZ01000004_gene1190,annotation&nbsp;not&nbsp;available,90.4
1218074.BAXZ01000024_gene4433,BAXZ01000024_gene4433,annotation&nbsp;not&nbsp;available,90.3
1218074.BAXZ01000013_gene2969,BAXZ01000013_gene2969,annotation&nbsp;not&nbsp;available,90.3
1218074.BAXZ01000018_gene3672,BAXZ01000018_gene3672,annotation&nbsp;not&nbsp;available,90.2
1218074.BAXZ01000026_gene4642,BAXZ01000026_gene4642,annotation&nbsp;not&nbsp;available,90.2
1218074.BAXZ01000009_gene2386,BAXZ01000009_gene2386,annotation&nbsp;not&nbsp;available,90.1
1218074.BAXZ01000009_gene2404,BAXZ01000009_gene2404,annotation&nbsp;not&nbsp;available,90.1
1218074.BAXZ01000007_gene2002,BAXZ01000007_gene2002,annotation&nbsp;not&nbsp;available,90.1
1218074.BAXZ01000001_gene180,BAXZ01000001_gene180,annotation&nbsp;not&nbsp;available,90.0
1218074.BAXZ01000031_gene5023,BAXZ01000031_gene5023,annotation&nbsp;not&nbsp;available,90.0
1218074.BAXZ01000003_gene580,BAXZ01000003_gene580,annotation&nbsp;not&nbsp;available,89.9
1218074.BAXZ01000047_gene5452,BAXZ01000047_gene5452,annotation&nbsp;not&nbsp;available,89.9
1218074.BAXZ01000004_gene963,BAXZ01000004_gene963,annotation&nbsp;not&nbsp;available,89.8
1218074.BAXZ01000001_gene87,BAXZ01000001_gene87,annotation&nbsp;not&nbsp;available,89.8
1218074.BAXZ01000028_gene4822,BAXZ01000028_gene4822,annotation&nbsp;not&nbsp;available,89.7
1218074.BAXZ01000002_gene250,BAXZ01000002_gene250,annotation&nbsp;not&nbsp;available,89.6
1218074.BAXZ01000002_gene439,BAXZ01000002_gene439,annotation&nbsp;not&nbsp;available,89.6
1218074.BAXZ01000017_gene3450,BAXZ01000017_gene3450,annotation&nbsp;not&nbsp;available,89.5
1218074.BAXZ01000037_gene5289,BAXZ01000037_gene5289,annotation&nbsp;not&nbsp;available,89.5
1218074.BAXZ01000041_gene5405,BAXZ01000041_gene5405,annotation&nbsp;not&nbsp;available,89.3
1218074.BAXZ01000014_gene3092,BAXZ01000014_gene3092,annotation&nbsp;not&nbsp;available,89.3
1218074.BAXZ01000031_gene5040,BAXZ01000031_gene5040,annotation&nbsp;not&nbsp;available,89.2
1218074.BAXZ01000004_gene1145,BAXZ01000004_gene1145,annotation&nbsp;not&nbsp;available,89.2
1218074.BAXZ01000003_gene516,BAXZ01000003_gene516,annotation&nbsp;not&nbsp;available,89.1
1218074.BAXZ01000030_gene4988,BAXZ01000030_gene4988,annotation&nbsp;not&nbsp;available,89.1
1218074.BAXZ01000003_gene878,BAXZ01000003_gene878,annotation&nbsp;not&nbsp;available,89.1
1218074.BAXZ01000001_gene187,BAXZ01000001_gene187,annotation&nbsp;not&nbsp;available,89.0
1218074.BAXZ01000039_gene5359,BAXZ01000039_gene5359,annotation&nbsp;not&nbsp;available,88.9
1218074.BAXZ01000022_gene4208,BAXZ01000022_gene4208,annotation&nbsp;not&nbsp;available,88.9
1218074.BAXZ01000015_gene3235,BAXZ01000015_gene3235,annotation&nbsp;not&nbsp;available,88.9
1218074.BAXZ01000001_gene181,BAXZ01000001_gene181,annotation&nbsp;not&nbsp;available,88.9
1218074.BAXZ01000027_gene4675,BAXZ01000027_gene4675,annotation&nbsp;not&nbsp;available,88.7
1218074.BAXZ01000010_gene2524,BAXZ01000010_gene2524,annotation&nbsp;not&nbsp;available,88.7
1218074.BAXZ01000010_gene2509,BAXZ01000010_gene2509,annotation&nbsp;not&nbsp;available,88.6
1218074.BAXZ01000015_gene3149,BAXZ01000015_gene3149,annotation&nbsp;not&nbsp;available,88.5
1218074.BAXZ01000005_gene1544,BAXZ01000005_gene1544,annotation&nbsp;not&nbsp;available,88.4
1218074.BAXZ01000027_gene4661,BAXZ01000027_gene4661,annotation&nbsp;not&nbsp;available,88.4
1218074.BAXZ01000002_gene432,BAXZ01000002_gene432,annotation&nbsp;not&nbsp;available,88.4
1218074.BAXZ01000028_gene4779,BAXZ01000028_gene4779,annotation&nbsp;not&nbsp;available,88.4
1218074.BAXZ01000002_gene410,BAXZ01000002_gene410,annotation&nbsp;not&nbsp;available,88.3
1218074.BAXZ01000005_gene1395,BAXZ01000005_gene1395,annotation&nbsp;not&nbsp;available,88.3
1218074.BAXZ01000003_gene574,BAXZ01000003_gene574,annotation&nbsp;not&nbsp;available,88.2
1218074.BAXZ01000006_gene1572,BAXZ01000006_gene1572,annotation&nbsp;not&nbsp;available,88.1
1218074.BAXZ01000019_gene3863,BAXZ01000019_gene3863,annotation&nbsp;not&nbsp;available,88.1
1218074.BAXZ01000019_gene3805,BAXZ01000019_gene3805,annotation&nbsp;not&nbsp;available,88.1
1218074.BAXZ01000023_gene4232,BAXZ01000023_gene4232,annotation&nbsp;not&nbsp;available,88.0
1218074.BAXZ01000009_gene2344,BAXZ01000009_gene2344,annotation&nbsp;not&nbsp;available,88.0
1218074.BAXZ01000021_gene4013,BAXZ01000021_gene4013,annotation&nbsp;not&nbsp;available,88.0
1218074.BAXZ01000011_gene2712,BAXZ01000011_gene2712,annotation&nbsp;not&nbsp;available,88.0
1218074.BAXZ01000037_gene5273,BAXZ01000037_gene5273,annotation&nbsp;not&nbsp;available,88.0
1218074.BAXZ01000026_gene4606,BAXZ01000026_gene4606,annotation&nbsp;not&nbsp;available,87.9
1218074.BAXZ01000006_gene1746,BAXZ01000006_gene1746,annotation&nbsp;not&nbsp;available,87.9
1218074.BAXZ01000006_gene1835,BAXZ01000006_gene1835,annotation&nbsp;not&nbsp;available,87.8
1218074.BAXZ01000035_gene5158,BAXZ01000035_gene5158,annotation&nbsp;not&nbsp;available,87.8
1218074.BAXZ01000029_gene4869,BAXZ01000029_gene4869,annotation&nbsp;not&nbsp;available,87.7
1218074.BAXZ01000014_gene3068,BAXZ01000014_gene3068,annotation&nbsp;not&nbsp;available,87.7
1218074.BAXZ01000015_gene3182,BAXZ01000015_gene3182,annotation&nbsp;not&nbsp;available,87.6
1218074.BAXZ01000010_gene2438,BAXZ01000010_gene2438,annotation&nbsp;not&nbsp;available,87.6
1218074.BAXZ01000006_gene1667,BAXZ01000006_gene1667,annotation&nbsp;not&nbsp;available,87.6
1218074.BAXZ01000005_gene1265,BAXZ01000005_gene1265,annotation&nbsp;not&nbsp;available,87.6
1218074.BAXZ01000034_gene5138,BAXZ01000034_gene5138,annotation&nbsp;not&nbsp;available,87.5
1218074.BAXZ01000023_gene4312,BAXZ01000023_gene4312,annotation&nbsp;not&nbsp;available,87.4
1218074.BAXZ01000005_gene1394,BAXZ01000005_gene1394,annotation&nbsp;not&nbsp;available,87.3
1218074.BAXZ01000023_gene4249,BAXZ01000023_gene4249,annotation&nbsp;not&nbsp;available,87.3
1218074.BAXZ01000027_gene4701,BAXZ01000027_gene4701,annotation&nbsp;not&nbsp;available,87.3
1218074.BAXZ01000001_gene52,BAXZ01000001_gene52,annotation&nbsp;not&nbsp;available,87.3
1218074.BAXZ01000009_gene2265,BAXZ01000009_gene2265,annotation&nbsp;not&nbsp;available,87.3
1218074.BAXZ01000007_gene2065,BAXZ01000007_gene2065,annotation&nbsp;not&nbsp;available,87.2
1218074.BAXZ01000014_gene3025,BAXZ01000014_gene3025,annotation&nbsp;not&nbsp;available,87.2
1218074.BAXZ01000003_gene655,BAXZ01000003_gene655,annotation&nbsp;not&nbsp;available,87.1
1218074.BAXZ01000003_gene596,BAXZ01000003_gene596,annotation&nbsp;not&nbsp;available,87.0
1218074.BAXZ01000017_gene3508,BAXZ01000017_gene3508,annotation&nbsp;not&nbsp;available,87.0
1218074.BAXZ01000007_gene1908,BAXZ01000007_gene1908,annotation&nbsp;not&nbsp;available,87.0
1218074.BAXZ01000001_gene185,BAXZ01000001_gene185,annotation&nbsp;not&nbsp;available,87.0
1218074.BAXZ01000002_gene392,BAXZ01000002_gene392,annotation&nbsp;not&nbsp;available,86.9
1218074.BAXZ01000003_gene549,BAXZ01000003_gene549,annotation&nbsp;not&nbsp;available,86.9
1218074.BAXZ01000024_gene4341,BAXZ01000024_gene4341,annotation&nbsp;not&nbsp;available,86.8
1218074.BAXZ01000017_gene3495,BAXZ01000017_gene3495,annotation&nbsp;not&nbsp;available,86.8
1218074.BAXZ01000002_gene236,BAXZ01000002_gene236,annotation&nbsp;not&nbsp;available,86.8
1218074.BAXZ01000027_gene4653,BAXZ01000027_gene4653,annotation&nbsp;not&nbsp;available,86.7
1218074.BAXZ01000015_gene3131,BAXZ01000015_gene3131,annotation&nbsp;not&nbsp;available,86.6
1218074.BAXZ01000021_gene4012,BAXZ01000021_gene4012,annotation&nbsp;not&nbsp;available,86.6
1218074.BAXZ01000030_gene4954,BAXZ01000030_gene4954,annotation&nbsp;not&nbsp;available,86.6
1218074.BAXZ01000021_gene4077,BAXZ01000021_gene4077,annotation&nbsp;not&nbsp;available,86.5
1218074.BAXZ01000020_gene3919,BAXZ01000020_gene3919,annotation&nbsp;not&nbsp;available,86.3
1218074.BAXZ01000001_gene159,BAXZ01000001_gene159,annotation&nbsp;not&nbsp;available,86.2
1218074.BAXZ01000003_gene576,BAXZ01000003_gene576,annotation&nbsp;not&nbsp;available,86.1
1218074.BAXZ01000002_gene301,BAXZ01000002_gene301,annotation&nbsp;not&nbsp;available,86.1
1218074.BAXZ01000001_gene135,BAXZ01000001_gene135,annotation&nbsp;not&nbsp;available,86.1
1218074.BAXZ01000018_gene3707,BAXZ01000018_gene3707,annotation&nbsp;not&nbsp;available,86.0
1218074.BAXZ01000002_gene298,BAXZ01000002_gene298,annotation&nbsp;not&nbsp;available,85.9
1218074.BAXZ01000001_gene71,BAXZ01000001_gene71,annotation&nbsp;not&nbsp;available,85.9
1218074.BAXZ01000004_gene973,BAXZ01000004_gene973,annotation&nbsp;not&nbsp;available,85.7
1218074.BAXZ01000005_gene1280,BAXZ01000005_gene1280,annotation&nbsp;not&nbsp;available,85.6
1218074.BAXZ01000001_gene89,BAXZ01000001_gene89,annotation&nbsp;not&nbsp;available,85.6
1218074.BAXZ01000001_gene155,BAXZ01000001_gene155,annotation&nbsp;not&nbsp;available,85.5
1218074.BAXZ01000009_gene2396,BAXZ01000009_gene2396,annotation&nbsp;not&nbsp;available,85.5
1218074.BAXZ01000023_gene4306,BAXZ01000023_gene4306,annotation&nbsp;not&nbsp;available,85.4
1218074.BAXZ01000001_gene151,BAXZ01000001_gene151,annotation&nbsp;not&nbsp;available,85.4
1218074.BAXZ01000003_gene863,BAXZ01000003_gene863,annotation&nbsp;not&nbsp;available,85.4
1218074.BAXZ01000010_gene2613,BAXZ01000010_gene2613,annotation&nbsp;not&nbsp;available,85.4
1218074.BAXZ01000001_gene69,BAXZ01000001_gene69,annotation&nbsp;not&nbsp;available,85.4
1218074.BAXZ01000001_gene174,BAXZ01000001_gene174,annotation&nbsp;not&nbsp;available,85.3
1218074.BAXZ01000006_gene1875,BAXZ01000006_gene1875,annotation&nbsp;not&nbsp;available,85.3
1218074.BAXZ01000017_gene3545,BAXZ01000017_gene3545,annotation&nbsp;not&nbsp;available,85.2
1218074.BAXZ01000034_gene5150,BAXZ01000034_gene5150,annotation&nbsp;not&nbsp;available,85.2
1218074.BAXZ01000027_gene4669,BAXZ01000027_gene4669,annotation&nbsp;not&nbsp;available,85.2
1218074.BAXZ01000010_gene2546,BAXZ01000010_gene2546,annotation&nbsp;not&nbsp;available,85.1
1218074.BAXZ01000004_gene1013,BAXZ01000004_gene1013,annotation&nbsp;not&nbsp;available,85.1
1218074.BAXZ01000002_gene211,BAXZ01000002_gene211,annotation&nbsp;not&nbsp;available,85.0
1218074.BAXZ01000010_gene2654,BAXZ01000010_gene2654,annotation&nbsp;not&nbsp;available,84.9
1218074.BAXZ01000007_gene1958,BAXZ01000007_gene1958,annotation&nbsp;not&nbsp;available,84.9
1218074.BAXZ01000009_gene2286,BAXZ01000009_gene2286,annotation&nbsp;not&nbsp;available,84.8
1218074.BAXZ01000025_gene4525,BAXZ01000025_gene4525,annotation&nbsp;not&nbsp;available,84.7
1218074.BAXZ01000006_gene1660,BAXZ01000006_gene1660,annotation&nbsp;not&nbsp;available,84.7
1218074.BAXZ01000010_gene2615,BAXZ01000010_gene2615,annotation&nbsp;not&nbsp;available,84.7
1218074.BAXZ01000023_gene4248,BAXZ01000023_gene4248,annotation&nbsp;not&nbsp;available,84.6
1218074.BAXZ01000013_gene2950,BAXZ01000013_gene2950,annotation&nbsp;not&nbsp;available,84.5
1218074.BAXZ01000012_gene2871,BAXZ01000012_gene2871,annotation&nbsp;not&nbsp;available,84.5
1218074.BAXZ01000006_gene1826,BAXZ01000006_gene1826,annotation&nbsp;not&nbsp;available,84.4
1218074.BAXZ01000013_gene2955,BAXZ01000013_gene2955,annotation&nbsp;not&nbsp;available,84.3
1218074.BAXZ01000005_gene1268,BAXZ01000005_gene1268,annotation&nbsp;not&nbsp;available,84.2
1218074.BAXZ01000001_gene14,BAXZ01000001_gene14,annotation&nbsp;not&nbsp;available,84.2
1218074.BAXZ01000012_gene2838,BAXZ01000012_gene2838,annotation&nbsp;not&nbsp;available,84.2
1218074.BAXZ01000024_gene4379,BAXZ01000024_gene4379,annotation&nbsp;not&nbsp;available,84.2
1218074.BAXZ01000001_gene169,BAXZ01000001_gene169,annotation&nbsp;not&nbsp;available,84.1
1218074.BAXZ01000023_gene4241,BAXZ01000023_gene4241,annotation&nbsp;not&nbsp;available,84.0
1218074.BAXZ01000022_gene4154,BAXZ01000022_gene4154,annotation&nbsp;not&nbsp;available,83.9
1218074.BAXZ01000001_gene60,BAXZ01000001_gene60,annotation&nbsp;not&nbsp;available,83.9
1218074.BAXZ01000036_gene5243,BAXZ01000036_gene5243,annotation&nbsp;not&nbsp;available,83.9
1218074.BAXZ01000027_gene4662,BAXZ01000027_gene4662,annotation&nbsp;not&nbsp;available,83.9
1218074.BAXZ01000010_gene2469,BAXZ01000010_gene2469,annotation&nbsp;not&nbsp;available,83.8
1218074.BAXZ01000030_gene4942,BAXZ01000030_gene4942,annotation&nbsp;not&nbsp;available,83.7
1218074.BAXZ01000001_gene20,BAXZ01000001_gene20,annotation&nbsp;not&nbsp;available,83.7
1218074.BAXZ01000001_gene179,BAXZ01000001_gene179,annotation&nbsp;not&nbsp;available,83.6
1218074.BAXZ01000012_gene2857,BAXZ01000012_gene2857,annotation&nbsp;not&nbsp;available,83.6
1218074.BAXZ01000007_gene1932,BAXZ01000007_gene1932,annotation&nbsp;not&nbsp;available,83.6
1218074.BAXZ01000009_gene2294,BAXZ01000009_gene2294,annotation&nbsp;not&nbsp;available,83.5
1218074.BAXZ01000010_gene2479,BAXZ01000010_gene2479,annotation&nbsp;not&nbsp;available,83.5
1218074.BAXZ01000017_gene3455,BAXZ01000017_gene3455,annotation&nbsp;not&nbsp;available,83.3
1218074.BAXZ01000002_gene280,BAXZ01000002_gene280,annotation&nbsp;not&nbsp;available,83.3
1218074.BAXZ01000003_gene562,BAXZ01000003_gene562,annotation&nbsp;not&nbsp;available,83.3
1218074.BAXZ01000007_gene2015,BAXZ01000007_gene2015,annotation&nbsp;not&nbsp;available,83.2
1218074.BAXZ01000003_gene554,BAXZ01000003_gene554,annotation&nbsp;not&nbsp;available,83.2
1218074.BAXZ01000001_gene11,BAXZ01000001_gene11,annotation&nbsp;not&nbsp;available,83.1
1218074.BAXZ01000027_gene4665,BAXZ01000027_gene4665,annotation&nbsp;not&nbsp;available,83.1
1218074.BAXZ01000008_gene2140,BAXZ01000008_gene2140,annotation&nbsp;not&nbsp;available,83.0
1218074.BAXZ01000001_gene133,BAXZ01000001_gene133,annotation&nbsp;not&nbsp;available,82.9
1218074.BAXZ01000021_gene4099,BAXZ01000021_gene4099,annotation&nbsp;not&nbsp;available,82.9
1218074.BAXZ01000005_gene1298,BAXZ01000005_gene1298,annotation&nbsp;not&nbsp;available,82.9
1218074.BAXZ01000012_gene2865,BAXZ01000012_gene2865,annotation&nbsp;not&nbsp;available,82.9
1218074.BAXZ01000003_gene474,BAXZ01000003_gene474,annotation&nbsp;not&nbsp;available,82.9
1218074.BAXZ01000007_gene1950,BAXZ01000007_gene1950,annotation&nbsp;not&nbsp;available,82.8
1218074.BAXZ01000007_gene1910,BAXZ01000007_gene1910,annotation&nbsp;not&nbsp;available,82.8
1218074.BAXZ01000015_gene3226,BAXZ01000015_gene3226,annotation&nbsp;not&nbsp;available,82.7
1218074.BAXZ01000023_gene4234,BAXZ01000023_gene4234,annotation&nbsp;not&nbsp;available,82.7
1218074.BAXZ01000001_gene34,BAXZ01000001_gene34,annotation&nbsp;not&nbsp;available,82.7
1218074.BAXZ01000003_gene845,BAXZ01000003_gene845,annotation&nbsp;not&nbsp;available,82.6
1218074.BAXZ01000014_gene3018,BAXZ01000014_gene3018,annotation&nbsp;not&nbsp;available,82.5
1218074.BAXZ01000031_gene5008,BAXZ01000031_gene5008,annotation&nbsp;not&nbsp;available,82.4
1218074.BAXZ01000002_gene427,BAXZ01000002_gene427,annotation&nbsp;not&nbsp;available,82.4
1218074.BAXZ01000008_gene2107,BAXZ01000008_gene2107,annotation&nbsp;not&nbsp;available,82.4
1218074.BAXZ01000029_gene4888,BAXZ01000029_gene4888,annotation&nbsp;not&nbsp;available,82.3
1218074.BAXZ01000011_gene2711,BAXZ01000011_gene2711,annotation&nbsp;not&nbsp;available,82.3
1218074.BAXZ01000004_gene1074,BAXZ01000004_gene1074,annotation&nbsp;not&nbsp;available,82.3
1218074.BAXZ01000029_gene4867,BAXZ01000029_gene4867,annotation&nbsp;not&nbsp;available,82.2
1218074.BAXZ01000041_gene5402,BAXZ01000041_gene5402,annotation&nbsp;not&nbsp;available,82.2
1218074.BAXZ01000012_gene2781,BAXZ01000012_gene2781,annotation&nbsp;not&nbsp;available,82.2
1218074.BAXZ01000036_gene5249,BAXZ01000036_gene5249,annotation&nbsp;not&nbsp;available,82.2
1218074.BAXZ01000016_gene3296,BAXZ01000016_gene3296,annotation&nbsp;not&nbsp;available,82.2
1218074.BAXZ01000027_gene4706,BAXZ01000027_gene4706,annotation&nbsp;not&nbsp;available,82.1
1218074.BAXZ01000003_gene561,BAXZ01000003_gene561,annotation&nbsp;not&nbsp;available,82.1
1218074.BAXZ01000002_gene407,BAXZ01000002_gene407,annotation&nbsp;not&nbsp;available,82.1
1218074.BAXZ01000006_gene1815,BAXZ01000006_gene1815,annotation&nbsp;not&nbsp;available,82.0
1218074.BAXZ01000010_gene2540,BAXZ01000010_gene2540,annotation&nbsp;not&nbsp;available,82.0
1218074.BAXZ01000017_gene3538,BAXZ01000017_gene3538,annotation&nbsp;not&nbsp;available,81.8
1218074.BAXZ01000015_gene3119,BAXZ01000015_gene3119,annotation&nbsp;not&nbsp;available,81.8
1218074.BAXZ01000005_gene1477,BAXZ01000005_gene1477,annotation&nbsp;not&nbsp;available,81.7
1218074.BAXZ01000021_gene4093,BAXZ01000021_gene4093,annotation&nbsp;not&nbsp;available,81.7
1218074.BAXZ01000019_gene3884,BAXZ01000019_gene3884,annotation&nbsp;not&nbsp;available,81.6
1218074.BAXZ01000015_gene3250,BAXZ01000015_gene3250,annotation&nbsp;not&nbsp;available,81.6
1218074.BAXZ01000010_gene2492,BAXZ01000010_gene2492,annotation&nbsp;not&nbsp;available,81.6
1218074.BAXZ01000003_gene742,BAXZ01000003_gene742,annotation&nbsp;not&nbsp;available,81.5
1218074.BAXZ01000021_gene4009,BAXZ01000021_gene4009,annotation&nbsp;not&nbsp;available,81.5
1218074.BAXZ01000006_gene1781,BAXZ01000006_gene1781,annotation&nbsp;not&nbsp;available,81.5
1218074.BAXZ01000009_gene2186,BAXZ01000009_gene2186,annotation&nbsp;not&nbsp;available,81.4
1218074.BAXZ01000006_gene1870,BAXZ01000006_gene1870,annotation&nbsp;not&nbsp;available,81.4
1218074.BAXZ01000019_gene3874,BAXZ01000019_gene3874,annotation&nbsp;not&nbsp;available,81.3
1218074.BAXZ01000015_gene3219,BAXZ01000015_gene3219,annotation&nbsp;not&nbsp;available,81.3
1218074.BAXZ01000006_gene1780,BAXZ01000006_gene1780,annotation&nbsp;not&nbsp;available,81.3
1218074.BAXZ01000002_gene307,BAXZ01000002_gene307,annotation&nbsp;not&nbsp;available,81.2
1218074.BAXZ01000024_gene4431,BAXZ01000024_gene4431,annotation&nbsp;not&nbsp;available,81.2
1218074.BAXZ01000025_gene4499,BAXZ01000025_gene4499,annotation&nbsp;not&nbsp;available,81.1
1218074.BAXZ01000001_gene165,BAXZ01000001_gene165,annotation&nbsp;not&nbsp;available,81.1
1218074.BAXZ01000035_gene5170,BAXZ01000035_gene5170,annotation&nbsp;not&nbsp;available,81.1
1218074.BAXZ01000003_gene670,BAXZ01000003_gene670,annotation&nbsp;not&nbsp;available,81.0
1218074.BAXZ01000014_gene3104,BAXZ01000014_gene3104,annotation&nbsp;not&nbsp;available,81.0
1218074.BAXZ01000027_gene4674,BAXZ01000027_gene4674,annotation&nbsp;not&nbsp;available,80.9
1218074.BAXZ01000024_gene4340,BAXZ01000024_gene4340,annotation&nbsp;not&nbsp;available,80.8
1218074.BAXZ01000026_gene4624,BAXZ01000026_gene4624,annotation&nbsp;not&nbsp;available,80.7
1218074.BAXZ01000003_gene560,BAXZ01000003_gene560,annotation&nbsp;not&nbsp;available,80.7
1218074.BAXZ01000001_gene199,BAXZ01000001_gene199,annotation&nbsp;not&nbsp;available,80.7
1218074.BAXZ01000009_gene2161,BAXZ01000009_gene2161,annotation&nbsp;not&nbsp;available,80.7
1218074.BAXZ01000018_gene3695,BAXZ01000018_gene3695,annotation&nbsp;not&nbsp;available,80.7
1218074.BAXZ01000001_gene111,BAXZ01000001_gene111,annotation&nbsp;not&nbsp;available,80.6
1218074.BAXZ01000003_gene858,BAXZ01000003_gene858,annotation&nbsp;not&nbsp;available,80.6
1218074.BAXZ01000001_gene176,BAXZ01000001_gene176,annotation&nbsp;not&nbsp;available,80.6
1218074.BAXZ01000027_gene4656,BAXZ01000027_gene4656,annotation&nbsp;not&nbsp;available,80.5
1218074.BAXZ01000010_gene2517,BAXZ01000010_gene2517,annotation&nbsp;not&nbsp;available,80.5
1218074.BAXZ01000020_gene3914,BAXZ01000020_gene3914,annotation&nbsp;not&nbsp;available,80.5
1218074.BAXZ01000025_gene4458,BAXZ01000025_gene4458,annotation&nbsp;not&nbsp;available,80.4
1218074.BAXZ01000003_gene729,BAXZ01000003_gene729,annotation&nbsp;not&nbsp;available,80.3
1218074.BAXZ01000014_gene3076,BAXZ01000014_gene3076,annotation&nbsp;not&nbsp;available,80.3
1218074.BAXZ01000028_gene4767,BAXZ01000028_gene4767,annotation&nbsp;not&nbsp;available,80.1
1218074.BAXZ01000004_gene918,BAXZ01000004_gene918,annotation&nbsp;not&nbsp;available,80.0
1218074.BAXZ01000028_gene4805,BAXZ01000028_gene4805,annotation&nbsp;not&nbsp;available,80.0
1218074.BAXZ01000003_gene666,BAXZ01000003_gene666,annotation&nbsp;not&nbsp;available,79.9
1218074.BAXZ01000043_gene5418,BAXZ01000043_gene5418,annotation&nbsp;not&nbsp;available,79.9
1218074.BAXZ01000002_gene292,BAXZ01000002_gene292,annotation&nbsp;not&nbsp;available,79.8
1218074.BAXZ01000013_gene2951,BAXZ01000013_gene2951,annotation&nbsp;not&nbsp;available,79.8
1218074.BAXZ01000015_gene3259,BAXZ01000015_gene3259,annotation&nbsp;not&nbsp;available,79.8
1218074.BAXZ01000010_gene2439,BAXZ01000010_gene2439,annotation&nbsp;not&nbsp;available,79.8
1218074.BAXZ01000020_gene3918,BAXZ01000020_gene3918,annotation&nbsp;not&nbsp;available,79.7
1218074.BAXZ01000007_gene1924,BAXZ01000007_gene1924,annotation&nbsp;not&nbsp;available,79.6
1218074.BAXZ01000009_gene2384,BAXZ01000009_gene2384,annotation&nbsp;not&nbsp;available,79.5
1218074.BAXZ01000019_gene3875,BAXZ01000019_gene3875,annotation&nbsp;not&nbsp;available,79.5
1218074.BAXZ01000006_gene1838,BAXZ01000006_gene1838,annotation&nbsp;not&nbsp;available,79.4
1218074.BAXZ01000002_gene374,BAXZ01000002_gene374,annotation&nbsp;not&nbsp;available,79.3
1218074.BAXZ01000029_gene4872,BAXZ01000029_gene4872,annotation&nbsp;not&nbsp;available,79.2
1218074.BAXZ01000003_gene799,BAXZ01000003_gene799,annotation&nbsp;not&nbsp;available,79.2
1218074.BAXZ01000025_gene4483,BAXZ01000025_gene4483,annotation&nbsp;not&nbsp;available,79.2
1218074.BAXZ01000028_gene4807,BAXZ01000028_gene4807,annotation&nbsp;not&nbsp;available,79.2
1218074.BAXZ01000002_gene252,BAXZ01000002_gene252,annotation&nbsp;not&nbsp;available,79.2
1218074.BAXZ01000002_gene232,BAXZ01000002_gene232,annotation&nbsp;not&nbsp;available,79.1
1218074.BAXZ01000001_gene106,BAXZ01000001_gene106,annotation&nbsp;not&nbsp;available,79.1
1218074.BAXZ01000014_gene2988,BAXZ01000014_gene2988,annotation&nbsp;not&nbsp;available,79.1
1218074.BAXZ01000006_gene1641,BAXZ01000006_gene1641,annotation&nbsp;not&nbsp;available,79.1
1218074.BAXZ01000006_gene1747,BAXZ01000006_gene1747,annotation&nbsp;not&nbsp;available,79.0
1218074.BAXZ01000035_gene5166,BAXZ01000035_gene5166,annotation&nbsp;not&nbsp;available,79.0
1218074.BAXZ01000011_gene2725,BAXZ01000011_gene2725,annotation&nbsp;not&nbsp;available,79.0
1218074.BAXZ01000002_gene270,BAXZ01000002_gene270,annotation&nbsp;not&nbsp;available,79.0
1218074.BAXZ01000028_gene4826,BAXZ01000028_gene4826,annotation&nbsp;not&nbsp;available,78.9
1218074.BAXZ01000004_gene1219,BAXZ01000004_gene1219,annotation&nbsp;not&nbsp;available,78.9
1218074.BAXZ01000002_gene224,BAXZ01000002_gene224,annotation&nbsp;not&nbsp;available,78.9
1218074.BAXZ01000036_gene5244,BAXZ01000036_gene5244,annotation&nbsp;not&nbsp;available,78.9
1218074.BAXZ01000026_gene4605,BAXZ01000026_gene4605,annotation&nbsp;not&nbsp;available,78.8
1218074.BAXZ01000012_gene2795,BAXZ01000012_gene2795,annotation&nbsp;not&nbsp;available,78.8
1218074.BAXZ01000005_gene1492,BAXZ01000005_gene1492,annotation&nbsp;not&nbsp;available,78.8
1218074.BAXZ01000026_gene4618,BAXZ01000026_gene4618,annotation&nbsp;not&nbsp;available,78.7
1218074.BAXZ01000010_gene2513,BAXZ01000010_gene2513,annotation&nbsp;not&nbsp;available,78.6
1218074.BAXZ01000029_gene4887,BAXZ01000029_gene4887,annotation&nbsp;not&nbsp;available,78.6
1218074.BAXZ01000014_gene2971,BAXZ01000014_gene2971,annotation&nbsp;not&nbsp;available,78.6
1218074.BAXZ01000001_gene114,BAXZ01000001_gene114,annotation&nbsp;not&nbsp;available,78.6
1218074.BAXZ01000028_gene4827,BAXZ01000028_gene4827,annotation&nbsp;not&nbsp;available,78.5
1218074.BAXZ01000022_gene4145,BAXZ01000022_gene4145,annotation&nbsp;not&nbsp;available,78.4
1218074.BAXZ01000015_gene3111,BAXZ01000015_gene3111,annotation&nbsp;not&nbsp;available,78.3
1218074.BAXZ01000009_gene2227,BAXZ01000009_gene2227,annotation&nbsp;not&nbsp;available,78.3
1218074.BAXZ01000016_gene3378,BAXZ01000016_gene3378,annotation&nbsp;not&nbsp;available,78.1
1218074.BAXZ01000005_gene1403,BAXZ01000005_gene1403,annotation&nbsp;not&nbsp;available,78.1
1218074.BAXZ01000005_gene1266,BAXZ01000005_gene1266,annotation&nbsp;not&nbsp;available,78.0
1218074.BAXZ01000017_gene3479,BAXZ01000017_gene3479,annotation&nbsp;not&nbsp;available,77.9
1218074.BAXZ01000005_gene1526,BAXZ01000005_gene1526,annotation&nbsp;not&nbsp;available,77.9
1218074.BAXZ01000017_gene3514,BAXZ01000017_gene3514,annotation&nbsp;not&nbsp;available,77.9
1218074.BAXZ01000004_gene940,BAXZ01000004_gene940,annotation&nbsp;not&nbsp;available,77.9
1218074.BAXZ01000009_gene2312,BAXZ01000009_gene2312,annotation&nbsp;not&nbsp;available,77.9
1218074.BAXZ01000061_gene5477,BAXZ01000061_gene5477,annotation&nbsp;not&nbsp;available,77.8
1218074.BAXZ01000037_gene5288,BAXZ01000037_gene5288,annotation&nbsp;not&nbsp;available,77.7
1218074.BAXZ01000005_gene1354,BAXZ01000005_gene1354,annotation&nbsp;not&nbsp;available,77.6
1218074.BAXZ01000010_gene2473,BAXZ01000010_gene2473,annotation&nbsp;not&nbsp;available,77.5
1218074.BAXZ01000012_gene2880,BAXZ01000012_gene2880,annotation&nbsp;not&nbsp;available,77.4
1218074.BAXZ01000001_gene51,BAXZ01000001_gene51,annotation&nbsp;not&nbsp;available,77.4
1218074.BAXZ01000003_gene486,BAXZ01000003_gene486,annotation&nbsp;not&nbsp;available,77.3
1218074.BAXZ01000003_gene691,BAXZ01000003_gene691,annotation&nbsp;not&nbsp;available,77.2
1218074.BAXZ01000034_gene5129,BAXZ01000034_gene5129,annotation&nbsp;not&nbsp;available,77.2
1218074.BAXZ01000016_gene3408,BAXZ01000016_gene3408,annotation&nbsp;not&nbsp;available,77.1
1218074.BAXZ01000002_gene413,BAXZ01000002_gene413,annotation&nbsp;not&nbsp;available,76.8
1218074.BAXZ01000022_gene4140,BAXZ01000022_gene4140,annotation&nbsp;not&nbsp;available,76.8
1218074.BAXZ01000003_gene815,BAXZ01000003_gene815,annotation&nbsp;not&nbsp;available,76.7
1218074.BAXZ01000009_gene2252,BAXZ01000009_gene2252,annotation&nbsp;not&nbsp;available,76.7
1218074.BAXZ01000001_gene18,BAXZ01000001_gene18,annotation&nbsp;not&nbsp;available,76.7
1218074.BAXZ01000014_gene3044,BAXZ01000014_gene3044,annotation&nbsp;not&nbsp;available,76.6
1218074.BAXZ01000002_gene231,BAXZ01000002_gene231,annotation&nbsp;not&nbsp;available,76.6
1218074.BAXZ01000009_gene2338,BAXZ01000009_gene2338,annotation&nbsp;not&nbsp;available,76.4
1218074.BAXZ01000010_gene2584,BAXZ01000010_gene2584,annotation&nbsp;not&nbsp;available,76.4
1218074.BAXZ01000003_gene701,BAXZ01000003_gene701,annotation&nbsp;not&nbsp;available,76.3
1218074.BAXZ01000002_gene287,BAXZ01000002_gene287,annotation&nbsp;not&nbsp;available,76.3
1218074.BAXZ01000003_gene513,BAXZ01000003_gene513,annotation&nbsp;not&nbsp;available,76.2
1218074.BAXZ01000034_gene5153,BAXZ01000034_gene5153,annotation&nbsp;not&nbsp;available,76.1
1218074.BAXZ01000010_gene2604,BAXZ01000010_gene2604,annotation&nbsp;not&nbsp;available,76.1
1218074.BAXZ01000002_gene295,BAXZ01000002_gene295,annotation&nbsp;not&nbsp;available,76.0
1218074.BAXZ01000001_gene95,BAXZ01000001_gene95,annotation&nbsp;not&nbsp;available,76.0
1218074.BAXZ01000010_gene2452,BAXZ01000010_gene2452,annotation&nbsp;not&nbsp;available,76.0
1218074.BAXZ01000001_gene83,BAXZ01000001_gene83,annotation&nbsp;not&nbsp;available,76.0
1218074.BAXZ01000003_gene622,BAXZ01000003_gene622,annotation&nbsp;not&nbsp;available,75.9
1218074.BAXZ01000030_gene4993,BAXZ01000030_gene4993,annotation&nbsp;not&nbsp;available,75.8
1218074.BAXZ01000005_gene1291,BAXZ01000005_gene1291,annotation&nbsp;not&nbsp;available,75.8
1218074.BAXZ01000015_gene3214,BAXZ01000015_gene3214,annotation&nbsp;not&nbsp;available,75.7
1218074.BAXZ01000005_gene1517,BAXZ01000005_gene1517,annotation&nbsp;not&nbsp;available,75.6
1218074.BAXZ01000016_gene3410,BAXZ01000016_gene3410,annotation&nbsp;not&nbsp;available,75.6
1218074.BAXZ01000011_gene2721,BAXZ01000011_gene2721,annotation&nbsp;not&nbsp;available,75.6
1218074.BAXZ01000001_gene120,BAXZ01000001_gene120,annotation&nbsp;not&nbsp;available,75.6
1218074.BAXZ01000017_gene3506,BAXZ01000017_gene3506,annotation&nbsp;not&nbsp;available,75.5
1218074.BAXZ01000004_gene934,BAXZ01000004_gene934,annotation&nbsp;not&nbsp;available,75.3
1218074.BAXZ01000001_gene189,BAXZ01000001_gene189,annotation&nbsp;not&nbsp;available,75.3
1218074.BAXZ01000002_gene290,BAXZ01000002_gene290,annotation&nbsp;not&nbsp;available,75.2
1218074.BAXZ01000007_gene1969,BAXZ01000007_gene1969,annotation&nbsp;not&nbsp;available,75.2
1218074.BAXZ01000002_gene339,BAXZ01000002_gene339,annotation&nbsp;not&nbsp;available,75.0
1218074.BAXZ01000002_gene234,BAXZ01000002_gene234,annotation&nbsp;not&nbsp;available,75.0
1218074.BAXZ01000003_gene573,BAXZ01000003_gene573,annotation&nbsp;not&nbsp;available,74.7
1218074.BAXZ01000003_gene575,BAXZ01000003_gene575,annotation&nbsp;not&nbsp;available,74.7
1218074.BAXZ01000004_gene1241,BAXZ01000004_gene1241,annotation&nbsp;not&nbsp;available,74.6
1218074.BAXZ01000004_gene1102,BAXZ01000004_gene1102,annotation&nbsp;not&nbsp;available,74.6
1218074.BAXZ01000016_gene3440,BAXZ01000016_gene3440,annotation&nbsp;not&nbsp;available,74.5
1218074.BAXZ01000019_gene3759,BAXZ01000019_gene3759,annotation&nbsp;not&nbsp;available,74.5
1218074.BAXZ01000002_gene305,BAXZ01000002_gene305,annotation&nbsp;not&nbsp;available,74.3
1218074.BAXZ01000006_gene1745,BAXZ01000006_gene1745,annotation&nbsp;not&nbsp;available,74.3
1218074.BAXZ01000047_gene5455,BAXZ01000047_gene5455,annotation&nbsp;not&nbsp;available,74.3
1218074.BAXZ01000027_gene4677,BAXZ01000027_gene4677,annotation&nbsp;not&nbsp;available,74.2
1218074.BAXZ01000005_gene1247,BAXZ01000005_gene1247,annotation&nbsp;not&nbsp;available,74.2
1218074.BAXZ01000003_gene570,BAXZ01000003_gene570,annotation&nbsp;not&nbsp;available,74.2
1218074.BAXZ01000003_gene606,BAXZ01000003_gene606,annotation&nbsp;not&nbsp;available,74.2
1218074.BAXZ01000001_gene23,BAXZ01000001_gene23,annotation&nbsp;not&nbsp;available,74.2
1218074.BAXZ01000001_gene29,BAXZ01000001_gene29,annotation&nbsp;not&nbsp;available,74.1
1218074.BAXZ01000007_gene2014,BAXZ01000007_gene2014,annotation&nbsp;not&nbsp;available,73.9
1218074.BAXZ01000009_gene2418,BAXZ01000009_gene2418,annotation&nbsp;not&nbsp;available,73.7
1218074.BAXZ01000015_gene3189,BAXZ01000015_gene3189,annotation&nbsp;not&nbsp;available,73.7
1218074.BAXZ01000006_gene1640,BAXZ01000006_gene1640,annotation&nbsp;not&nbsp;available,73.7
1218074.BAXZ01000037_gene5302,BAXZ01000037_gene5302,annotation&nbsp;not&nbsp;available,73.6
1218074.BAXZ01000001_gene194,BAXZ01000001_gene194,annotation&nbsp;not&nbsp;available,73.5
1218074.BAXZ01000030_gene4944,BAXZ01000030_gene4944,annotation&nbsp;not&nbsp;available,73.4
1218074.BAXZ01000030_gene4931,BAXZ01000030_gene4931,annotation&nbsp;not&nbsp;available,73.4
1218074.BAXZ01000028_gene4765,BAXZ01000028_gene4765,annotation&nbsp;not&nbsp;available,73.4
1218074.BAXZ01000016_gene3381,BAXZ01000016_gene3381,annotation&nbsp;not&nbsp;available,73.3
1218074.BAXZ01000026_gene4635,BAXZ01000026_gene4635,annotation&nbsp;not&nbsp;available,73.3
1218074.BAXZ01000045_gene5445,BAXZ01000045_gene5445,annotation&nbsp;not&nbsp;available,73.3
1218074.BAXZ01000009_gene2374,BAXZ01000009_gene2374,annotation&nbsp;not&nbsp;available,73.3
1218074.BAXZ01000001_gene17,BAXZ01000001_gene17,annotation&nbsp;not&nbsp;available,73.2
1218074.BAXZ01000002_gene377,BAXZ01000002_gene377,annotation&nbsp;not&nbsp;available,73.2
1218074.BAXZ01000007_gene1906,BAXZ01000007_gene1906,annotation&nbsp;not&nbsp;available,73.2
1218074.BAXZ01000003_gene520,BAXZ01000003_gene520,annotation&nbsp;not&nbsp;available,73.1
1218074.BAXZ01000015_gene3202,BAXZ01000015_gene3202,annotation&nbsp;not&nbsp;available,73.1
1218074.BAXZ01000004_gene1157,BAXZ01000004_gene1157,annotation&nbsp;not&nbsp;available,73.1
1218074.BAXZ01000005_gene1478,BAXZ01000005_gene1478,annotation&nbsp;not&nbsp;available,73.1
1218074.BAXZ01000001_gene168,BAXZ01000001_gene168,annotation&nbsp;not&nbsp;available,73.1
1218074.BAXZ01000008_gene2085,BAXZ01000008_gene2085,annotation&nbsp;not&nbsp;available,73.0
1218074.BAXZ01000015_gene3180,BAXZ01000015_gene3180,annotation&nbsp;not&nbsp;available,72.9
1218074.BAXZ01000001_gene150,BAXZ01000001_gene150,annotation&nbsp;not&nbsp;available,72.9
1218074.BAXZ01000014_gene3103,BAXZ01000014_gene3103,annotation&nbsp;not&nbsp;available,72.9
1218074.BAXZ01000001_gene110,BAXZ01000001_gene110,annotation&nbsp;not&nbsp;available,72.8
1218074.BAXZ01000003_gene807,BAXZ01000003_gene807,annotation&nbsp;not&nbsp;available,72.8
1218074.BAXZ01000019_gene3888,BAXZ01000019_gene3888,annotation&nbsp;not&nbsp;available,72.7
1218074.BAXZ01000010_gene2576,BAXZ01000010_gene2576,annotation&nbsp;not&nbsp;available,72.7
1218074.BAXZ01000001_gene166,BAXZ01000001_gene166,annotation&nbsp;not&nbsp;available,72.7
1218074.BAXZ01000021_gene4104,BAXZ01000021_gene4104,annotation&nbsp;not&nbsp;available,72.7
1218074.BAXZ01000001_gene137,BAXZ01000001_gene137,annotation&nbsp;not&nbsp;available,72.6
1218074.BAXZ01000001_gene53,BAXZ01000001_gene53,annotation&nbsp;not&nbsp;available,72.6
1218074.BAXZ01000010_gene2558,BAXZ01000010_gene2558,annotation&nbsp;not&nbsp;available,72.5
1218074.BAXZ01000026_gene4557,BAXZ01000026_gene4557,annotation&nbsp;not&nbsp;available,72.5
1218074.BAXZ01000009_gene2394,BAXZ01000009_gene2394,annotation&nbsp;not&nbsp;available,72.3
1218074.BAXZ01000018_gene3642,BAXZ01000018_gene3642,annotation&nbsp;not&nbsp;available,72.2
1218074.BAXZ01000001_gene4,BAXZ01000001_gene4,annotation&nbsp;not&nbsp;available,72.2
1218074.BAXZ01000010_gene2592,BAXZ01000010_gene2592,annotation&nbsp;not&nbsp;available,72.2
1218074.BAXZ01000029_gene4870,BAXZ01000029_gene4870,annotation&nbsp;not&nbsp;available,72.2
1218074.BAXZ01000006_gene1663,BAXZ01000006_gene1663,annotation&nbsp;not&nbsp;available,72.1
1218074.BAXZ01000027_gene4652,BAXZ01000027_gene4652,annotation&nbsp;not&nbsp;available,72.0
1218074.BAXZ01000001_gene108,BAXZ01000001_gene108,annotation&nbsp;not&nbsp;available,71.9
1218074.BAXZ01000011_gene2689,BAXZ01000011_gene2689,annotation&nbsp;not&nbsp;available,71.9
1218074.BAXZ01000009_gene2351,BAXZ01000009_gene2351,annotation&nbsp;not&nbsp;available,71.8
1218074.BAXZ01000006_gene1791,BAXZ01000006_gene1791,annotation&nbsp;not&nbsp;available,71.8
1218074.BAXZ01000007_gene2067,BAXZ01000007_gene2067,annotation&nbsp;not&nbsp;available,71.5
1218074.BAXZ01000007_gene1896,BAXZ01000007_gene1896,annotation&nbsp;not&nbsp;available,71.5
1218074.BAXZ01000031_gene5013,BAXZ01000031_gene5013,annotation&nbsp;not&nbsp;available,71.5
1218074.BAXZ01000031_gene5067,BAXZ01000031_gene5067,annotation&nbsp;not&nbsp;available,71.4
1218074.BAXZ01000036_gene5227,BAXZ01000036_gene5227,annotation&nbsp;not&nbsp;available,71.4
1218074.BAXZ01000011_gene2746,BAXZ01000011_gene2746,annotation&nbsp;not&nbsp;available,71.3
1218074.BAXZ01000027_gene4672,BAXZ01000027_gene4672,annotation&nbsp;not&nbsp;available,71.2
1218074.BAXZ01000005_gene1273,BAXZ01000005_gene1273,annotation&nbsp;not&nbsp;available,71.2
1218074.BAXZ01000028_gene4782,BAXZ01000028_gene4782,annotation&nbsp;not&nbsp;available,71.2
1218074.BAXZ01000037_gene5266,BAXZ01000037_gene5266,annotation&nbsp;not&nbsp;available,71.1
1218074.BAXZ01000011_gene2726,BAXZ01000011_gene2726,annotation&nbsp;not&nbsp;available,71.0
1218074.BAXZ01000036_gene5241,BAXZ01000036_gene5241,annotation&nbsp;not&nbsp;available,71.0
1218074.BAXZ01000001_gene156,BAXZ01000001_gene156,annotation&nbsp;not&nbsp;available,71.0
1218074.BAXZ01000041_gene5399,BAXZ01000041_gene5399,annotation&nbsp;not&nbsp;available,71.0
1218074.BAXZ01000012_gene2816,BAXZ01000012_gene2816,annotation&nbsp;not&nbsp;available,70.8
1218074.BAXZ01000015_gene3227,BAXZ01000015_gene3227,annotation&nbsp;not&nbsp;available,70.8
1218074.BAXZ01000009_gene2313,BAXZ01000009_gene2313,annotation&nbsp;not&nbsp;available,70.8
1218074.BAXZ01000004_gene1055,BAXZ01000004_gene1055,annotation&nbsp;not&nbsp;available,70.8
1218074.BAXZ01000004_gene1201,BAXZ01000004_gene1201,annotation&nbsp;not&nbsp;available,70.6
1218074.BAXZ01000006_gene1769,BAXZ01000006_gene1769,annotation&nbsp;not&nbsp;available,70.6
1218074.BAXZ01000012_gene2846,BAXZ01000012_gene2846,annotation&nbsp;not&nbsp;available,70.6
1218074.BAXZ01000027_gene4666,BAXZ01000027_gene4666,annotation&nbsp;not&nbsp;available,70.5
1218074.BAXZ01000029_gene4873,BAXZ01000029_gene4873,annotation&nbsp;not&nbsp;available,70.5
1218074.BAXZ01000009_gene2195,BAXZ01000009_gene2195,annotation&nbsp;not&nbsp;available,70.5
1218074.BAXZ01000030_gene4960,BAXZ01000030_gene4960,annotation&nbsp;not&nbsp;available,70.4
1218074.BAXZ01000007_gene1901,BAXZ01000007_gene1901,annotation&nbsp;not&nbsp;available,70.3
1218074.BAXZ01000025_gene4476,BAXZ01000025_gene4476,annotation&nbsp;not&nbsp;available,70.2
1218074.BAXZ01000003_gene706,BAXZ01000003_gene706,annotation&nbsp;not&nbsp;available,70.1
1218074.BAXZ01000012_gene2836,BAXZ01000012_gene2836,annotation&nbsp;not&nbsp;available,70.1
1218074.BAXZ01000007_gene2044,BAXZ01000007_gene2044,annotation&nbsp;not&nbsp;available,70.1
1218074.BAXZ01000010_gene2591,BAXZ01000010_gene2591,annotation&nbsp;not&nbsp;available,70.1
