329726.AM1_2170,AM1_2170,annotation&nbsp;not&nbsp;available,98.9
329726.AM1_2127,AM1_2127,annotation&nbsp;not&nbsp;available,98.9
329726.AM1_6357,AM1_6357,annotation&nbsp;not&nbsp;available,98.9
329726.AM1_2283,AM1_2283,"D-fructose&nbsp;1,6-bisphosphatase&nbsp;class&nbsp;2/sedoheptulose&nbsp;1,7-bisphosphatase&nbsp;1",98.9
329726.AM1_3209,nirB,annotation&nbsp;not&nbsp;available,98.9
329726.AM1_4875,AM1_4875,annotation&nbsp;not&nbsp;available,98.8
329726.AM1_3199,ndhD,annotation&nbsp;not&nbsp;available,98.8
329726.AM1_4560,ppc,Phosphoenolpyruvate&nbsp;carboxylase,98.7
329726.AM1_1640,pyrD,Dihydroorotate&nbsp;dehydrogenase&nbsp;(quinone),98.7
329726.AM1_2867,rplJ,50S&nbsp;ribosomal&nbsp;protein&nbsp;L10,98.7
329726.AM1_1785,rbcL,Ribulose&nbsp;bisphosphate&nbsp;carboxylase&nbsp;large&nbsp;chain,98.6
329726.AM1_4389,tpiA,Triosephosphate&nbsp;isomerase,98.6
329726.AM1_4913,prk,annotation&nbsp;not&nbsp;available,98.6
329726.AM1_4282,AM1_4282,annotation&nbsp;not&nbsp;available,98.5
329726.AM1_5122,AM1_5122,annotation&nbsp;not&nbsp;available,98.5
329726.AM1_3432,AM1_3432,annotation&nbsp;not&nbsp;available,98.5
329726.AM1_6324,AM1_6324,annotation&nbsp;not&nbsp;available,98.4
329726.AM1_4646,minC,Probable&nbsp;septum&nbsp;site-determining&nbsp;protein&nbsp;MinC,98.4
329726.AM1_1113,AM1_1113,NAD&nbsp;kinase,98.3
329726.AM1_4903,exbB,annotation&nbsp;not&nbsp;available,98.2
329726.AM1_5077,AM1_5077,annotation&nbsp;not&nbsp;available,98.2
329726.AM1_1116,uvrC,UvrABC&nbsp;system&nbsp;protein&nbsp;C,98.2
329726.AM1_1638,trpF,annotation&nbsp;not&nbsp;available,98.1
329726.AM1_0904,leuD,3-isopropylmalate&nbsp;dehydratase&nbsp;small&nbsp;subunit,98.1
329726.AM1_3947,pfkA,ATP-dependent&nbsp;6-phosphofructokinase,98.1
329726.AM1_4676,proB,Glutamate&nbsp;5-kinase,98.0
329726.AM1_2080,AM1_2080,annotation&nbsp;not&nbsp;available,98.0
329726.AM1_4813,rpmG,annotation&nbsp;not&nbsp;available,97.9
329726.AM1_3654,AM1_3654,High&nbsp;light&nbsp;inducible&nbsp;protein,97.9
329726.AM1_1805,AM1_1805,annotation&nbsp;not&nbsp;available,97.9
329726.AM1_1499,AM1_1499,annotation&nbsp;not&nbsp;available,97.9
329726.AM1_2151,polA,DNA&nbsp;polymerase&nbsp;I,97.9
329726.AM1_1428,pcrA,annotation&nbsp;not&nbsp;available,97.9
329726.AM1_5187,AM1_5187,annotation&nbsp;not&nbsp;available,97.8
329726.AM1_1738,AM1_1738,annotation&nbsp;not&nbsp;available,97.8
329726.AM1_5330,AM1_5330,Branched-chain-amino-acid&nbsp;aminotransferase,97.8
329726.AM1_1506,fba,annotation&nbsp;not&nbsp;available,97.8
329726.AM1_2182,mnmG,tRNA&nbsp;uridine&nbsp;5-carboxymethylaminomethyl&nbsp;modification&nbsp;enzyme&nbsp;MnmG,97.8
329726.AM1_3076,AM1_3076,annotation&nbsp;not&nbsp;available,97.8
329726.AM1_0224,AM1_0224,annotation&nbsp;not&nbsp;available,97.8
329726.AM1_3667,frdB,annotation&nbsp;not&nbsp;available,97.7
329726.AM1_2043,AM1_2043,DNA&nbsp;topoisomerase&nbsp;1,97.7
329726.AM1_5596,mutS,DNA&nbsp;mismatch&nbsp;repair&nbsp;protein&nbsp;MutS,97.7
329726.AM1_1540,AM1_1540,Threonine--tRNA&nbsp;ligase,97.6
329726.AM1_1106,AM1_1106,annotation&nbsp;not&nbsp;available,97.6
329726.AM1_5701,metK,S-adenosylmethionine&nbsp;synthase,97.6
329726.AM1_3582,pyr,annotation&nbsp;not&nbsp;available,97.6
329726.AM1_3661,AM1_3661,annotation&nbsp;not&nbsp;available,97.6
329726.AM1_1427,AM1_1427,annotation&nbsp;not&nbsp;available,97.6
329726.AM1_3124,AM1_3124,D-alanine--D-alanine&nbsp;ligase,97.5
329726.AM1_5143,trpE,Anthranilate&nbsp;synthase&nbsp;component&nbsp;1,97.4
329726.AM1_4914,AM1_4914,annotation&nbsp;not&nbsp;available,97.3
329726.AM1_4149,ung,Uracil-DNA&nbsp;glycosylase,97.3
329726.AM1_0529,pgsA,annotation&nbsp;not&nbsp;available,97.3
329726.AM1_2022,AM1_2022,Glycogen&nbsp;synthase,97.3
329726.AM1_6308,AM1_6308,annotation&nbsp;not&nbsp;available,97.2
329726.AM1_2633,ychF,Ribosome-binding&nbsp;ATPase&nbsp;YchF,97.2
329726.AM1_0809,AM1_0809,annotation&nbsp;not&nbsp;available,97.2
329726.AM1_0932,infB,Translation&nbsp;initiation&nbsp;factor&nbsp;IF-2,97.1
329726.AM1_2331,AM1_2331,annotation&nbsp;not&nbsp;available,97.0
329726.AM1_5955,gcvP,Glycine&nbsp;dehydrogenase&nbsp;(decarboxylating),96.9
329726.AM1_5752,AM1_5752,annotation&nbsp;not&nbsp;available,96.9
329726.AM1_5774,AM1_5774,annotation&nbsp;not&nbsp;available,96.9
329726.AM1_3397,AM1_3397,annotation&nbsp;not&nbsp;available,96.8
329726.AM1_0526,psbO,annotation&nbsp;not&nbsp;available,96.8
329726.AM1_5988,AM1_5988,annotation&nbsp;not&nbsp;available,96.8
329726.AM1_3343,xseB,Exodeoxyribonuclease&nbsp;7&nbsp;small&nbsp;subunit,96.7
329726.AM1_1945,AM1_1945,annotation&nbsp;not&nbsp;available,96.7
329726.AM1_1973,AM1_1973,annotation&nbsp;not&nbsp;available,96.6
329726.AM1_5188,mreC,annotation&nbsp;not&nbsp;available,96.6
329726.AM1_6205,AM1_6205,annotation&nbsp;not&nbsp;available,96.6
329726.AM1_1239,AM1_1239,annotation&nbsp;not&nbsp;available,96.6
329726.AM1_5265,rumA,annotation&nbsp;not&nbsp;available,96.6
329726.AM1_2926,AM1_2926,annotation&nbsp;not&nbsp;available,96.6
329726.AM1_0349,AM1_0349,annotation&nbsp;not&nbsp;available,96.5
329726.AM1_5483,AM1_5483,Protein&nbsp;RecA,96.5
329726.AM1_0481,AM1_0481,annotation&nbsp;not&nbsp;available,96.4
329726.AM1_1105,AM1_1105,annotation&nbsp;not&nbsp;available,96.4
329726.AM1_0868,ureF,Urease&nbsp;accessory&nbsp;protein&nbsp;UreF,96.4
329726.AM1_5767,AM1_5767,annotation&nbsp;not&nbsp;available,96.4
329726.AM1_1953,AM1_1953,annotation&nbsp;not&nbsp;available,96.3
329726.AM1_1527,AM1_1527,annotation&nbsp;not&nbsp;available,96.3
329726.AM1_0409,pyrE,Orotate&nbsp;phosphoribosyltransferase,96.2
329726.AM1_3990,AM1_3990,annotation&nbsp;not&nbsp;available,96.2
329726.AM1_5211,AM1_5211,annotation&nbsp;not&nbsp;available,96.1
329726.AM1_1941,cinA,annotation&nbsp;not&nbsp;available,96.1
329726.AM1_0635,AM1_0635,annotation&nbsp;not&nbsp;available,96.0
329726.AM1_2797,AM1_2797,annotation&nbsp;not&nbsp;available,96.0
329726.AM1_2914,pyrG,CTP&nbsp;synthase,95.9
329726.AM1_0582,AM1_0582,annotation&nbsp;not&nbsp;available,95.9
329726.AM1_5575,AM1_5575,Glutaredoxin,95.8
329726.AM1_3465,AM1_3465,annotation&nbsp;not&nbsp;available,95.8
329726.AM1_1194,nthA,annotation&nbsp;not&nbsp;available,95.8
329726.AM1_1195,nthB,annotation&nbsp;not&nbsp;available,95.8
329726.AM1_2853,murF,UDP-N-acetylmuramoyl-tripeptide--D-alanyl-D-alanine&nbsp;ligase,95.8
329726.AM1_3055,AM1_3055,Threonine--tRNA&nbsp;ligase,95.7
329726.AM1_3491,AM1_3491,annotation&nbsp;not&nbsp;available,95.6
329726.AM1_6374,AM1_6374,annotation&nbsp;not&nbsp;available,95.5
329726.AM1_0168,AM1_0168,annotation&nbsp;not&nbsp;available,95.5
329726.AM1_5096,AM1_5096,annotation&nbsp;not&nbsp;available,95.4
329726.AM1_3885,psbV,Cytochrome&nbsp;c-550,95.4
329726.AM1_2883,ruvA,Holliday&nbsp;junction&nbsp;ATP-dependent&nbsp;DNA&nbsp;helicase&nbsp;RuvA,95.4
329726.AM1_0996,glgB,"1,4-alpha-glucan&nbsp;branching&nbsp;enzyme&nbsp;GlgB",95.4
329726.AM1_3851,psbK,Photosystem&nbsp;II&nbsp;reaction&nbsp;center&nbsp;protein&nbsp;K,95.4
329726.AM1_1440,psaF,annotation&nbsp;not&nbsp;available,95.4
329726.AM1_4704,rpmC,annotation&nbsp;not&nbsp;available,95.4
329726.AM1_4462,ilvA,L-threonine&nbsp;dehydratase,95.3
329726.AM1_3932,accB,Biotin&nbsp;carboxyl&nbsp;carrier&nbsp;protein&nbsp;of&nbsp;acetyl-CoA&nbsp;carboxylase,95.3
329726.AM1_0170,AM1_0170,annotation&nbsp;not&nbsp;available,95.3
329726.AM1_4701,rplV,50S&nbsp;ribosomal&nbsp;protein&nbsp;L22,95.2
329726.AM1_1643,gpmI,"2,3-bisphosphoglycerate-independent&nbsp;phosphoglycerate&nbsp;mutase",95.2
329726.AM1_4348,pntB,NAD(P)&nbsp;transhydrogenase&nbsp;subunit&nbsp;beta,95.2
329726.AM1_3674,chlM,S-adenosyl-L-methionine:magnesium-protoporphyrin-&nbsp;IX,95.2
329726.AM1_4708,rplE,50S&nbsp;ribosomal&nbsp;protein&nbsp;L5,95.2
329726.AM1_3489,AM1_3489,annotation&nbsp;not&nbsp;available,95.2
329726.AM1_1332,AM1_1332,annotation&nbsp;not&nbsp;available,95.1
329726.AM1_5976,AM1_5976,"Two-component&nbsp;response&nbsp;regulator,&nbsp;putative",95.0
329726.AM1_4591,AM1_4591,annotation&nbsp;not&nbsp;available,94.9
329726.AM1_5488,AM1_5488,annotation&nbsp;not&nbsp;available,94.9
329726.AM1_0744,AM1_0744,annotation&nbsp;not&nbsp;available,94.9
329726.AM1_2147,AM1_2147,annotation&nbsp;not&nbsp;available,94.9
329726.AM1_5904,AM1_5904,annotation&nbsp;not&nbsp;available,94.8
329726.AM1_0909,AM1_0909,annotation&nbsp;not&nbsp;available,94.8
329726.AM1_2135,AM1_2135,Malate&nbsp;dehydrogenase,94.8
329726.AM1_4839,AM1_4839,annotation&nbsp;not&nbsp;available,94.7
329726.AM1_0862,AM1_0862,annotation&nbsp;not&nbsp;available,94.7
329726.AM1_5327,atpC,ATP&nbsp;synthase&nbsp;epsilon&nbsp;chain,94.7
329726.AM1_6282,AM1_6282,annotation&nbsp;not&nbsp;available,94.7
329726.AM1_2387,AM1_2387,annotation&nbsp;not&nbsp;available,94.5
329726.AM1_0590,AM1_0590,annotation&nbsp;not&nbsp;available,94.5
329726.AM1_1157,AM1_1157,"Two-component&nbsp;response&nbsp;regulator,&nbsp;putative",94.5
329726.AM1_2282,AM1_2282,annotation&nbsp;not&nbsp;available,94.4
329726.AM1_1675,recF,DNA&nbsp;replication&nbsp;and&nbsp;repair&nbsp;protein&nbsp;RecF,94.4
329726.AM1_0366,AM1_0366,annotation&nbsp;not&nbsp;available,94.3
329726.AM1_1437,psaL,annotation&nbsp;not&nbsp;available,94.3
329726.AM1_0068,AM1_0068,annotation&nbsp;not&nbsp;available,94.2
329726.AM1_3907,ileS,Isoleucine--tRNA&nbsp;ligase,94.2
329726.AM1_0895,atpH,ATP&nbsp;synthase&nbsp;subunit&nbsp;delta,94.2
329726.AM1_2945,apt,Adenine&nbsp;phosphoribosyltransferase,94.1
329726.AM1_1185,AM1_1185,annotation&nbsp;not&nbsp;available,94.0
329726.AM1_3464,AM1_3464,annotation&nbsp;not&nbsp;available,94.0
329726.AM1_3609,AM1_3609,annotation&nbsp;not&nbsp;available,94.0
329726.AM1_5120,AM1_5120,annotation&nbsp;not&nbsp;available,94.0
329726.AM1_1514,hisA,annotation&nbsp;not&nbsp;available,93.9
329726.AM1_0667,AM1_0667,annotation&nbsp;not&nbsp;available,93.9
329726.AM1_3152,AM1_3152,"Oxidoreductase,&nbsp;putative",93.9
329726.AM1_4732,AM1_4732,annotation&nbsp;not&nbsp;available,93.8
329726.AM1_5925,AM1_5925,annotation&nbsp;not&nbsp;available,93.8
329726.AM1_0188,folP,Dihydropteroate&nbsp;synthase,93.8
329726.AM1_5262,AM1_5262,annotation&nbsp;not&nbsp;available,93.8
329726.AM1_0106,AM1_0106,annotation&nbsp;not&nbsp;available,93.8
329726.AM1_4670,rnhA,Ribonuclease&nbsp;H,93.8
329726.AM1_1070,glcD,annotation&nbsp;not&nbsp;available,93.7
329726.AM1_1870,AM1_1870,annotation&nbsp;not&nbsp;available,93.7
329726.AM1_0666,AM1_0666,annotation&nbsp;not&nbsp;available,93.7
329726.AM1_0608,ribAB,Riboflavin&nbsp;biosynthesis&nbsp;protein&nbsp;RibBA,93.6
329726.AM1_5373,aroB,3-dehydroquinate&nbsp;synthase,93.6
329726.AM1_5081,AM1_5081,annotation&nbsp;not&nbsp;available,93.6
329726.AM1_0995,AM1_0995,annotation&nbsp;not&nbsp;available,93.6
329726.AM1_4425,AM1_4425,Sec-independent&nbsp;protein&nbsp;translocase&nbsp;protein&nbsp;TatA,93.5
329726.AM1_0604,AM1_0604,Thiamine-monophosphate&nbsp;kinase,93.5
329726.AM1_5106,ureB,annotation&nbsp;not&nbsp;available,93.5
329726.AM1_6422,pyrH,Uridylate&nbsp;kinase,93.5
329726.AM1_2518,AM1_2518,annotation&nbsp;not&nbsp;available,93.5
329726.AM1_5703,AM1_5703,annotation&nbsp;not&nbsp;available,93.4
329726.AM1_3345,AM1_3345,annotation&nbsp;not&nbsp;available,93.4
329726.AM1_6332,AM1_6332,annotation&nbsp;not&nbsp;available,93.4
329726.AM1_3089,moaE,annotation&nbsp;not&nbsp;available,93.3
329726.AM1_0395,AM1_0395,annotation&nbsp;not&nbsp;available,93.3
329726.AM1_0948,AM1_0948,annotation&nbsp;not&nbsp;available,93.3
329726.AM1_1211,AM1_1211,annotation&nbsp;not&nbsp;available,93.3
329726.AM1_4665,petD,Cytochrome&nbsp;b6-f&nbsp;complex&nbsp;subunit&nbsp;4,93.3
329726.AM1_0794,AM1_0794,annotation&nbsp;not&nbsp;available,93.2
329726.AM1_0855,nagA,annotation&nbsp;not&nbsp;available,93.2
329726.AM1_4098,rpsP,annotation&nbsp;not&nbsp;available,93.2
329726.AM1_3466,AM1_3466,annotation&nbsp;not&nbsp;available,93.1
329726.AM1_5577,AM1_5577,annotation&nbsp;not&nbsp;available,93.0
329726.AM1_4657,aroK,Shikimate&nbsp;kinase,93.0
329726.AM1_4538,argS,annotation&nbsp;not&nbsp;available,93.0
329726.AM1_5190,AM1_5190,annotation&nbsp;not&nbsp;available,92.9
329726.AM1_1867,gauB,annotation&nbsp;not&nbsp;available,92.9
329726.AM1_2854,rph,Ribonuclease&nbsp;PH,92.9
329726.AM1_0466,AM1_0466,annotation&nbsp;not&nbsp;available,92.8
329726.AM1_1961,AM1_1961,annotation&nbsp;not&nbsp;available,92.8
329726.AM1_5521,AM1_5521,Transketolase,92.8
329726.AM1_4128,slt,annotation&nbsp;not&nbsp;available,92.7
329726.AM1_4630,AM1_4630,annotation&nbsp;not&nbsp;available,92.6
329726.AM1_4812,rpsR,30S&nbsp;ribosomal&nbsp;protein&nbsp;S18,92.6
329726.AM1_4444,alaS,Alanine--tRNA&nbsp;ligase,92.5
329726.AM1_4239,AM1_4239,"Cell&nbsp;shape&nbsp;determining&nbsp;protein,&nbsp;MreB/Mrl&nbsp;family,&nbsp;putative",92.5
329726.AM1_2292,dnaX,DNA&nbsp;polymerase&nbsp;III&nbsp;subunit&nbsp;gamma/tau,92.4
329726.AM1_1895,AM1_1895,annotation&nbsp;not&nbsp;available,92.4
329726.AM1_4366,cysG,annotation&nbsp;not&nbsp;available,92.4
329726.AM1_G0114,AM1_G0114,Photosystem&nbsp;II&nbsp;12&nbsp;kDa&nbsp;extrinsic&nbsp;protein,92.3
329726.AM1_4705,rpsQ,30S&nbsp;ribosomal&nbsp;protein&nbsp;S17,92.3
329726.AM1_5897,AM1_5897,annotation&nbsp;not&nbsp;available,92.3
329726.AM1_0516,AM1_0516,annotation&nbsp;not&nbsp;available,92.3
329726.AM1_1697,AM1_1697,annotation&nbsp;not&nbsp;available,92.2
329726.AM1_1249,rpsI,annotation&nbsp;not&nbsp;available,92.2
329726.AM1_2844,AM1_2844,annotation&nbsp;not&nbsp;available,92.2
329726.AM1_3493,AM1_3493,annotation&nbsp;not&nbsp;available,92.1
329726.AM1_4121,AM1_4121,annotation&nbsp;not&nbsp;available,92.1
329726.AM1_3646,AM1_3646,Branched-chain-amino-acid&nbsp;aminotransferase,92.1
329726.AM1_2504,sasA,Adaptive-response&nbsp;sensory-kinase&nbsp;SasA,92.1
329726.AM1_5507,frr,Ribosome-recycling&nbsp;factor,92.1
329726.AM1_0828,AM1_0828,annotation&nbsp;not&nbsp;available,92.0
329726.AM1_3437,AM1_3437,annotation&nbsp;not&nbsp;available,92.0
329726.AM1_4951,AM1_4951,annotation&nbsp;not&nbsp;available,91.9
329726.AM1_0782,AM1_0782,NAD&nbsp;kinase,91.9
329726.AM1_2695,rpmB,annotation&nbsp;not&nbsp;available,91.8
329726.AM1_0473,feoB,Ferrous&nbsp;iron&nbsp;transport&nbsp;protein&nbsp;B,91.8
329726.AM1_4598,AM1_4598,annotation&nbsp;not&nbsp;available,91.8
329726.AM1_0467,AM1_0467,"Coproporphyrinogen&nbsp;III&nbsp;oxidase,&nbsp;anaerobic.&nbsp;HemN",91.8
329726.AM1_2630,AM1_2630,Cytochrome&nbsp;b559&nbsp;subunit&nbsp;alpha,91.7
329726.AM1_2118,ilvN,annotation&nbsp;not&nbsp;available,91.7
329726.AM1_6070,AM1_6070,annotation&nbsp;not&nbsp;available,91.6
329726.AM1_1430,pabA,annotation&nbsp;not&nbsp;available,91.6
329726.AM1_6060,hdc,annotation&nbsp;not&nbsp;available,91.6
329726.AM1_1793,rpsJ,30S&nbsp;ribosomal&nbsp;protein&nbsp;S10,91.6
329726.AM1_3515,AM1_3515,annotation&nbsp;not&nbsp;available,91.5
329726.AM1_3984,ispD,2-C-methyl-D-erythritol&nbsp;4-phosphate&nbsp;cytidylyltransferase,91.5
329726.AM1_3246,AM1_3246,annotation&nbsp;not&nbsp;available,91.5
329726.AM1_5378,AM1_5378,annotation&nbsp;not&nbsp;available,91.4
329726.AM1_2990,AM1_2990,annotation&nbsp;not&nbsp;available,91.4
329726.AM1_1222,sufD,annotation&nbsp;not&nbsp;available,91.4
329726.AM1_1526,AM1_1526,annotation&nbsp;not&nbsp;available,91.4
329726.AM1_3013,AM1_3013,annotation&nbsp;not&nbsp;available,91.3
329726.AM1_0445,ackA,Acetate&nbsp;kinase,91.3
329726.AM1_5588,AM1_5588,annotation&nbsp;not&nbsp;available,91.2
329726.AM1_2273,AM1_2273,annotation&nbsp;not&nbsp;available,91.2
329726.AM1_1645,AM1_1645,Phosphoenolpyruvate&nbsp;synthase,91.1
329726.AM1_4634,recO,DNA&nbsp;repair&nbsp;protein&nbsp;RecO,91.0
329726.AM1_6409,AM1_6409,Chorismate&nbsp;mutase&nbsp;AroH,91.0
329726.AM1_3978,eno,Enolase,91.0
329726.AM1_3616,AM1_3616,annotation&nbsp;not&nbsp;available,90.9
329726.AM1_2961,AM1_2961,annotation&nbsp;not&nbsp;available,90.8
329726.AM1_3349,fhuG,annotation&nbsp;not&nbsp;available,90.8
329726.AM1_1160,AM1_1160,annotation&nbsp;not&nbsp;available,90.8
329726.AM1_0461,AM1_0461,annotation&nbsp;not&nbsp;available,90.8
329726.AM1_3338,AM1_3338,annotation&nbsp;not&nbsp;available,90.8
329726.AM1_0176,AM1_0176,Phosphate&nbsp;transport&nbsp;system&nbsp;permease&nbsp;protein,90.6
329726.AM1_0285,AM1_0285,annotation&nbsp;not&nbsp;available,90.6
329726.AM1_3445,dapA,4-hydroxy-tetrahydrodipicolinate&nbsp;synthase,90.6
329726.AM1_3619,AM1_3619,annotation&nbsp;not&nbsp;available,90.6
329726.AM1_2891,AM1_2891,annotation&nbsp;not&nbsp;available,90.6
329726.AM1_5632,fabG,annotation&nbsp;not&nbsp;available,90.5
329726.AM1_4514,AM1_4514,"Glycosyl&nbsp;transferase,&nbsp;group&nbsp;2&nbsp;family&nbsp;protein,&nbsp;putative",90.5
329726.AM1_6346,AM1_6346,annotation&nbsp;not&nbsp;available,90.4
329726.AM1_0992,kaiC,Circadian&nbsp;clock&nbsp;protein&nbsp;kinase&nbsp;KaiC,90.4
329726.AM1_6030,cydA,annotation&nbsp;not&nbsp;available,90.3
329726.AM1_4725,AM1_4725,annotation&nbsp;not&nbsp;available,90.3
329726.AM1_1725,AM1_1725,annotation&nbsp;not&nbsp;available,90.3
329726.AM1_3223,AM1_3223,annotation&nbsp;not&nbsp;available,90.1
329726.AM1_0401,AM1_0401,annotation&nbsp;not&nbsp;available,90.1
329726.AM1_2739,AM1_2739,annotation&nbsp;not&nbsp;available,90.1
329726.AM1_2997,AM1_2997,annotation&nbsp;not&nbsp;available,90.1
329726.AM1_0975,AM1_0975,annotation&nbsp;not&nbsp;available,90.1
329726.AM1_3992,hisG,ATP&nbsp;phosphoribosyltransferase,90.1
329726.AM1_3500,AM1_3500,annotation&nbsp;not&nbsp;available,90.0
329726.AM1_4357,purN,Phosphoribosylglycinamide&nbsp;formyltransferase,90.0
329726.AM1_3436,AM1_3436,annotation&nbsp;not&nbsp;available,90.0
329726.AM1_0197,AM1_0197,annotation&nbsp;not&nbsp;available,90.0
329726.AM1_1373,pheS,annotation&nbsp;not&nbsp;available,89.9
329726.AM1_5168,nrtA,annotation&nbsp;not&nbsp;available,89.9
329726.AM1_1717,rnc,Ribonuclease&nbsp;3,89.9
329726.AM1_4680,AM1_4680,annotation&nbsp;not&nbsp;available,89.7
329726.AM1_5698,AM1_5698,annotation&nbsp;not&nbsp;available,89.7
329726.AM1_4948,AM1_4948,annotation&nbsp;not&nbsp;available,89.7
329726.AM1_1138,AM1_1138,annotation&nbsp;not&nbsp;available,89.6
329726.AM1_4556,nrdR,Transcriptional&nbsp;repressor&nbsp;NrdR,89.6
329726.AM1_5997,AM1_5997,annotation&nbsp;not&nbsp;available,89.5
329726.AM1_4810,AM1_4810,annotation&nbsp;not&nbsp;available,89.5
329726.AM1_0753,AM1_0753,annotation&nbsp;not&nbsp;available,89.5
329726.AM1_5166,nrtC,annotation&nbsp;not&nbsp;available,89.4
329726.AM1_0829,AM1_0829,Two-component&nbsp;sensor&nbsp;histidine&nbsp;kinase,89.4
329726.AM1_4569,AM1_4569,Glutamine--fructose-6-phosphate&nbsp;aminotransferase&nbsp;[isomerizing],89.4
329726.AM1_1796,rpsG,30S&nbsp;ribosomal&nbsp;protein&nbsp;S7,89.3
329726.AM1_1468,AM1_1468,annotation&nbsp;not&nbsp;available,89.3
329726.AM1_1876,AM1_1876,annotation&nbsp;not&nbsp;available,89.3
329726.AM1_G0049,AM1_G0049,annotation&nbsp;not&nbsp;available,89.2
329726.AM1_4827,AM1_4827,annotation&nbsp;not&nbsp;available,89.2
329726.AM1_3463,grx,annotation&nbsp;not&nbsp;available,89.2
329726.AM1_1532,AM1_1532,Aminomethyltransferase,89.2
329726.AM1_1223,sufC,annotation&nbsp;not&nbsp;available,89.2
329726.AM1_3567,AM1_3567,annotation&nbsp;not&nbsp;available,89.1
329726.AM1_0912,AM1_0912,annotation&nbsp;not&nbsp;available,89.0
329726.AM1_4055,AM1_4055,annotation&nbsp;not&nbsp;available,89.0
329726.AM1_1781,AM1_1781,annotation&nbsp;not&nbsp;available,89.0
329726.AM1_5643,AM1_5643,annotation&nbsp;not&nbsp;available,88.9
329726.AM1_3880,cysI,annotation&nbsp;not&nbsp;available,88.9
329726.AM1_3577,AM1_3577,annotation&nbsp;not&nbsp;available,88.9
329726.AM1_4367,pyrF,Orotidine&nbsp;5'-phosphate&nbsp;decarboxylase,88.8
329726.AM1_0910,AM1_0910,annotation&nbsp;not&nbsp;available,88.8
329726.AM1_4411,groL2,60&nbsp;kDa&nbsp;chaperonin&nbsp;2,88.8
329726.AM1_1438,nnrD,Multifunctional&nbsp;fusion&nbsp;protein,88.6
329726.AM1_3428,rpsB,annotation&nbsp;not&nbsp;available,88.6
329726.AM1_1444,chlN,Light-independent&nbsp;protochlorophyllide&nbsp;reductase&nbsp;subunit&nbsp;N,88.6
329726.AM1_5104,ureA,annotation&nbsp;not&nbsp;available,88.6
329726.AM1_0949,AM1_0949,annotation&nbsp;not&nbsp;available,88.6
329726.AM1_5526,AM1_5526,"Heterodisulfide&nbsp;reductase,&nbsp;subunit&nbsp;B,&nbsp;putative",88.5
329726.AM1_4854,AM1_4854,annotation&nbsp;not&nbsp;available,88.5
329726.AM1_3350,AM1_3350,annotation&nbsp;not&nbsp;available,88.5
329726.AM1_3965,nadB,L-aspartate&nbsp;oxidase,88.5
329726.AM1_1930,trmB,tRNA&nbsp;(guanine-N(7)-)-methyltransferase,88.4
329726.AM1_5169,AM1_5169,annotation&nbsp;not&nbsp;available,88.4
329726.AM1_3975,AM1_3975,annotation&nbsp;not&nbsp;available,88.3
329726.AM1_1531,gcvH,Glycine&nbsp;cleavage&nbsp;system&nbsp;H&nbsp;protein,88.3
329726.AM1_5239,sodCC,annotation&nbsp;not&nbsp;available,88.3
329726.AM1_1566,AM1_1566,annotation&nbsp;not&nbsp;available,88.3
329726.AM1_4270,AM1_4270,annotation&nbsp;not&nbsp;available,88.2
329726.AM1_4685,AM1_4685,annotation&nbsp;not&nbsp;available,88.0
329726.AM1_4450,petC,Cytochrome&nbsp;b6-f&nbsp;complex&nbsp;iron-sulfur&nbsp;subunit,88.0
329726.AM1_4360,trpC,annotation&nbsp;not&nbsp;available,88.0
329726.AM1_3531,gatA,Glutamyl-tRNA(Gln)&nbsp;amidotransferase&nbsp;subunit&nbsp;A,88.0
329726.AM1_5522,fabF,3-oxoacyl-[acyl-carrier-protein]&nbsp;synthase&nbsp;2,87.9
329726.AM1_1714,AM1_1714,Uncharacterized&nbsp;protein,87.9
329726.AM1_3918,mutY,annotation&nbsp;not&nbsp;available,87.9
329726.AM1_2744,AM1_2744,annotation&nbsp;not&nbsp;available,87.9
329726.AM1_3490,AM1_3490,Phosphate&nbsp;transport&nbsp;system&nbsp;permease&nbsp;protein,87.9
329726.AM1_4255,AM1_4255,annotation&nbsp;not&nbsp;available,87.8
329726.AM1_4715,AM1_4715,Adenylate&nbsp;kinase,87.8
329726.AM1_1908,AM1_1908,annotation&nbsp;not&nbsp;available,87.8
329726.AM1_5144,psaD,annotation&nbsp;not&nbsp;available,87.7
329726.AM1_3593,rpoC1,DNA-directed&nbsp;RNA&nbsp;polymerase&nbsp;subunit&nbsp;gamma,87.7
329726.AM1_3902,AM1_3902,annotation&nbsp;not&nbsp;available,87.7
329726.AM1_4899,nadE,Glutamine-dependent&nbsp;NAD(+)&nbsp;synthetase,87.6
329726.AM1_6407,AM1_6407,NAD(P)H-quinone&nbsp;oxidoreductase&nbsp;subunit&nbsp;M,87.6
329726.AM1_5624,AM1_5624,annotation&nbsp;not&nbsp;available,87.6
329726.AM1_5663,AM1_5663,annotation&nbsp;not&nbsp;available,87.6
329726.AM1_2163,uvrA,UvrABC&nbsp;system&nbsp;protein&nbsp;A,87.5
329726.AM1_6370,AM1_6370,annotation&nbsp;not&nbsp;available,87.5
329726.AM1_4234,argG,annotation&nbsp;not&nbsp;available,87.5
329726.AM1_4579,AM1_4579,annotation&nbsp;not&nbsp;available,87.5
329726.AM1_1253,rpoA,DNA-directed&nbsp;RNA&nbsp;polymerase&nbsp;subunit&nbsp;alpha,87.4
329726.AM1_3141,AM1_3141,annotation&nbsp;not&nbsp;available,87.4
329726.AM1_1883,pyrB,annotation&nbsp;not&nbsp;available,87.4
329726.AM1_6065,AM1_6065,annotation&nbsp;not&nbsp;available,87.3
329726.AM1_3021,AM1_3021,annotation&nbsp;not&nbsp;available,87.2
329726.AM1_0935,AM1_0935,annotation&nbsp;not&nbsp;available,87.2
329726.AM1_1655,AM1_1655,annotation&nbsp;not&nbsp;available,87.2
329726.AM1_0658,opuCA,annotation&nbsp;not&nbsp;available,87.1
329726.AM1_5363,pabB,Para-aminobenzoate&nbsp;synthase&nbsp;component&nbsp;I&nbsp;/&nbsp;anthranilate&nbsp;synthase,87.0
329726.AM1_2620,cmk,Bifunctional&nbsp;pantoate&nbsp;ligase/cytidylate&nbsp;kinase,87.0
329726.AM1_4272,pgi,annotation&nbsp;not&nbsp;available,86.9
329726.AM1_4981,AM1_4981,annotation&nbsp;not&nbsp;available,86.9
329726.AM1_5644,pyrC,Dihydroorotase,86.9
329726.AM1_5990,AM1_5990,annotation&nbsp;not&nbsp;available,86.8
329726.AM1_1703,AM1_1703,annotation&nbsp;not&nbsp;available,86.8
329726.AM1_4065,rpsN,30S&nbsp;ribosomal&nbsp;protein&nbsp;S14,86.8
329726.AM1_0439,pflB,annotation&nbsp;not&nbsp;available,86.7
329726.AM1_5760,hemA,Glutamyl-tRNA&nbsp;reductase,86.6
329726.AM1_3040,AM1_3040,Uncharacterized&nbsp;protein,86.6
329726.AM1_2836,AM1_2836,annotation&nbsp;not&nbsp;available,86.6
329726.AM1_3447,asd,Aspartate-semialdehyde&nbsp;dehydrogenase,86.6
329726.AM1_3127,AM1_3127,annotation&nbsp;not&nbsp;available,86.6
329726.AM1_2161,ndhE,NAD(P)H-quinone&nbsp;oxidoreductase&nbsp;subunit&nbsp;4L,86.5
329726.AM1_3787,ftsY,Signal&nbsp;recognition&nbsp;particle&nbsp;receptor&nbsp;FtsY,86.4
329726.AM1_0765,AM1_0765,annotation&nbsp;not&nbsp;available,86.4
329726.AM1_1648,AM1_1648,annotation&nbsp;not&nbsp;available,86.3
329726.AM1_6003,isiA,Iron&nbsp;stress-induced&nbsp;chlorophyll-binding&nbsp;protein&nbsp;IsiA.&nbsp;Chlorophyll&nbsp;binding&nbsp;protein&nbsp;family&nbsp;with&nbsp;six&nbsp;transmembrane&nbsp;helices,86.3
329726.AM1_4374,fni,Isopentenyl-diphosphate&nbsp;delta-isomerase,86.3
329726.AM1_4852,AM1_4852,"Magnesium&nbsp;protoporphyrin&nbsp;IX&nbsp;chelatase&nbsp;complex,&nbsp;subunit&nbsp;H",86.3
329726.AM1_0920,AM1_0920,Threonine&nbsp;synthase,86.3
329726.AM1_2158,ndhA,NAD(P)H-quinone&nbsp;oxidoreductase&nbsp;subunit&nbsp;1,86.1
329726.AM1_0133,ndhJ,NAD(P)H-quinone&nbsp;oxidoreductase&nbsp;subunit&nbsp;J,86.1
329726.AM1_4769,AM1_4769,annotation&nbsp;not&nbsp;available,86.1
329726.AM1_0836,AM1_0836,annotation&nbsp;not&nbsp;available,86.0
329726.AM1_2915,ispF,"2-C-methyl-D-erythritol&nbsp;2,4-cyclodiphosphate&nbsp;synthase",86.0
329726.AM1_1478,AM1_1478,annotation&nbsp;not&nbsp;available,86.0
329726.AM1_1794,tufB,Elongation&nbsp;factor&nbsp;Tu,85.9
329726.AM1_3869,AM1_3869,annotation&nbsp;not&nbsp;available,85.8
329726.AM1_3113,AM1_3113,DNA&nbsp;gyrase&nbsp;subunit&nbsp;A,85.6
329726.AM1_4361,lpdA,annotation&nbsp;not&nbsp;available,85.6
329726.AM1_2941,AM1_2941,annotation&nbsp;not&nbsp;available,85.6
329726.AM1_5067,AM1_5067,annotation&nbsp;not&nbsp;available,85.6
329726.AM1_1986,AM1_1986,annotation&nbsp;not&nbsp;available,85.5
329726.AM1_4706,rplN,50S&nbsp;ribosomal&nbsp;protein&nbsp;L14,85.5
329726.AM1_4052,AM1_4052,annotation&nbsp;not&nbsp;available,85.5
329726.AM1_0336,glnN,annotation&nbsp;not&nbsp;available,85.5
329726.AM1_5088,AM1_5088,annotation&nbsp;not&nbsp;available,85.5
329726.AM1_1251,truA,tRNA&nbsp;pseudouridine&nbsp;synthase&nbsp;A,85.5
329726.AM1_0940,gatB,Aspartyl/glutamyl-tRNA(Asn/Gln)&nbsp;amidotransferase&nbsp;subunit&nbsp;B,85.4
329726.AM1_3046,AM1_3046,annotation&nbsp;not&nbsp;available,85.4
329726.AM1_6372,ndhB,annotation&nbsp;not&nbsp;available,85.4
329726.AM1_3519,AM1_3519,annotation&nbsp;not&nbsp;available,85.3
329726.AM1_0857,purE,N5-carboxyaminoimidazole&nbsp;ribonucleotide&nbsp;mutase,85.2
329726.AM1_5103,ureD,Urease&nbsp;accessory&nbsp;protein&nbsp;UreD,85.1
329726.AM1_3274,AM1_3274,annotation&nbsp;not&nbsp;available,85.0
329726.AM1_5920,pnp,Polyribonucleotide&nbsp;nucleotidyltransferase,85.0
329726.AM1_2264,rpoZ,DNA-directed&nbsp;RNA&nbsp;polymerase&nbsp;subunit&nbsp;omega,85.0
329726.AM1_4537,AM1_4537,annotation&nbsp;not&nbsp;available,84.9
329726.AM1_2295,AM1_2295,Magnesium-protoporphyrin&nbsp;IX&nbsp;monomethyl&nbsp;ester&nbsp;[oxidative]&nbsp;cyclase,84.9
329726.AM1_2463,AM1_2463,annotation&nbsp;not&nbsp;available,84.9
329726.AM1_1261,AM1_1261,annotation&nbsp;not&nbsp;available,84.8
329726.AM1_0791,AM1_0791,annotation&nbsp;not&nbsp;available,84.7
329726.AM1_4654,AM1_4654,Putative&nbsp;fusion&nbsp;protein&nbsp;of&nbsp;Uroporphyrinogen-III&nbsp;methylase&nbsp;(CobA)&nbsp;and&nbsp;Uroporphyrinogen-III&nbsp;synthase&nbsp;(HemD),84.6
329726.AM1_4064,nth,Endonuclease&nbsp;III,84.5
329726.AM1_0090,AM1_0090,annotation&nbsp;not&nbsp;available,84.5
329726.AM1_2759,AM1_2759,annotation&nbsp;not&nbsp;available,84.5
329726.AM1_1129,psbF,Photosystem&nbsp;II&nbsp;protein&nbsp;Y,84.4
329726.AM1_2376,apcB,annotation&nbsp;not&nbsp;available,84.4
329726.AM1_4421,aspS,Aspartate--tRNA(Asp/Asn)&nbsp;ligase,84.4
329726.AM1_2166,AM1_2166,annotation&nbsp;not&nbsp;available,84.4
329726.AM1_6361,AM1_6361,annotation&nbsp;not&nbsp;available,84.3
329726.AM1_5516,moaA,"GTP&nbsp;3',8-cyclase",84.3
329726.AM1_5402,AM1_5402,annotation&nbsp;not&nbsp;available,84.3
329726.AM1_3875,AM1_3875,annotation&nbsp;not&nbsp;available,84.2
329726.AM1_1539,chlB,Light-independent&nbsp;protochlorophyllide&nbsp;reductase&nbsp;subunit&nbsp;B,84.2
329726.AM1_3739,AM1_3739,annotation&nbsp;not&nbsp;available,84.2
329726.AM1_4696,rplC,50S&nbsp;ribosomal&nbsp;protein&nbsp;L3,84.1
329726.AM1_2875,fbp1,annotation&nbsp;not&nbsp;available,84.1
329726.AM1_1186,AM1_1186,annotation&nbsp;not&nbsp;available,84.1
329726.AM1_1584,AM1_1584,annotation&nbsp;not&nbsp;available,84.1
329726.AM1_1369,AM1_1369,High&nbsp;light&nbsp;inducible&nbsp;protein,84.1
329726.AM1_5358,AM1_5358,annotation&nbsp;not&nbsp;available,84.1
329726.AM1_5362,AM1_5362,annotation&nbsp;not&nbsp;available,84.0
329726.AM1_2743,AM1_2743,annotation&nbsp;not&nbsp;available,83.9
329726.AM1_3904,AM1_3904,annotation&nbsp;not&nbsp;available,83.9
329726.AM1_1087,secA,Protein&nbsp;translocase&nbsp;subunit&nbsp;SecA,83.9
329726.AM1_6040,holB,annotation&nbsp;not&nbsp;available,83.9
329726.AM1_2495,AM1_2495,annotation&nbsp;not&nbsp;available,83.8
329726.AM1_0919,AM1_0919,annotation&nbsp;not&nbsp;available,83.8
329726.AM1_2217,AM1_2217,annotation&nbsp;not&nbsp;available,83.8
329726.AM1_4054,AM1_4054,annotation&nbsp;not&nbsp;available,83.8
329726.AM1_4996,AM1_4996,annotation&nbsp;not&nbsp;available,83.7
329726.AM1_G0098,AM1_G0098,Phosphate&nbsp;transporter&nbsp;binding&nbsp;protein,83.7
329726.AM1_6052,AM1_6052,annotation&nbsp;not&nbsp;available,83.6
329726.AM1_1399,rpe,annotation&nbsp;not&nbsp;available,83.6
329726.AM1_4795,AM1_4795,annotation&nbsp;not&nbsp;available,83.6
329726.AM1_3574,nifU,annotation&nbsp;not&nbsp;available,83.5
329726.AM1_5576,gshB,annotation&nbsp;not&nbsp;available,83.5
329726.AM1_1037,leuS,annotation&nbsp;not&nbsp;available,83.5
329726.AM1_3071,AM1_3071,Delta-aminolevulinic&nbsp;acid&nbsp;dehydratase,83.5
329726.AM1_4271,AM1_4271,annotation&nbsp;not&nbsp;available,83.5
329726.AM1_6425,psbL,Photosystem&nbsp;II&nbsp;reaction&nbsp;center&nbsp;protein&nbsp;L,83.4
329726.AM1_0444,AM1_0444,"Contains&nbsp;a&nbsp;pyruvate&nbsp;kinase,&nbsp;barrel&nbsp;domain&nbsp;(PF00224),&nbsp;but&nbsp;does&nbsp;not&nbsp;have&nbsp;a&nbsp;alpha/beta&nbsp;domain&nbsp;(PF02887)",83.4
329726.AM1_0104,AM1_0104,annotation&nbsp;not&nbsp;available,83.3
329726.AM1_4699,rplB,50S&nbsp;ribosomal&nbsp;protein&nbsp;L2,83.3
329726.AM1_1371,ndhK,NAD(P)H-quinone&nbsp;oxidoreductase&nbsp;subunit&nbsp;K&nbsp;1,83.3
329726.AM1_1660,psaC,Photosystem&nbsp;I&nbsp;iron-sulfur&nbsp;center,83.3
329726.AM1_6263,rpiB,annotation&nbsp;not&nbsp;available,83.3
329726.AM1_2014,proA,Gamma-glutamyl&nbsp;phosphate&nbsp;reductase,83.2
329726.AM1_3753,menC,O-succinylbenzoate&nbsp;synthase,83.2
329726.AM1_5556,rpsU,annotation&nbsp;not&nbsp;available,83.1
329726.AM1_3143,ilvD,annotation&nbsp;not&nbsp;available,83.1
329726.AM1_2985,nrtP,annotation&nbsp;not&nbsp;available,83.0
329726.AM1_5223,dut,Deoxyuridine&nbsp;5'-triphosphate&nbsp;nucleotidohydrolase,83.0
329726.AM1_1355,AM1_1355,annotation&nbsp;not&nbsp;available,83.0
329726.AM1_3831,AM1_3831,Uncharacterized&nbsp;protein,82.9
329726.AM1_5529,uvrB,UvrABC&nbsp;system&nbsp;protein&nbsp;B,82.9
329726.AM1_3722,AM1_3722,annotation&nbsp;not&nbsp;available,82.9
329726.AM1_2033,AM1_2033,annotation&nbsp;not&nbsp;available,82.8
329726.AM1_1135,AM1_1135,High&nbsp;light&nbsp;inducible&nbsp;protein,82.7
329726.AM1_3198,nuoK,"Proton-translocating&nbsp;NAD(P)H-ubiquinone&nbsp;oxidoreductase,&nbsp;chain&nbsp;K,&nbsp;putative",82.7
329726.AM1_5751,AM1_5751,annotation&nbsp;not&nbsp;available,82.7
329726.AM1_0405,rfbB,annotation&nbsp;not&nbsp;available,82.7
329726.AM1_6359,AM1_6359,annotation&nbsp;not&nbsp;available,82.7
329726.AM1_0378,AM1_0378,annotation&nbsp;not&nbsp;available,82.7
329726.AM1_2558,hisI,annotation&nbsp;not&nbsp;available,82.6
329726.AM1_5079,cheW,annotation&nbsp;not&nbsp;available,82.6
329726.AM1_4980,AM1_4980,annotation&nbsp;not&nbsp;available,82.5
329726.AM1_1357,gsp,General&nbsp;secretion&nbsp;pathway&nbsp;protein,82.5
329726.AM1_5726,AM1_5726,annotation&nbsp;not&nbsp;available,82.5
329726.AM1_0174,AM1_0174,Phosphate&nbsp;import&nbsp;ATP-binding&nbsp;protein&nbsp;PstB,82.5
329726.AM1_2841,AM1_2841,annotation&nbsp;not&nbsp;available,82.4
329726.AM1_2417,cysK,annotation&nbsp;not&nbsp;available,82.4
329726.AM1_5051,AM1_5051,annotation&nbsp;not&nbsp;available,82.3
329726.AM1_2928,AM1_2928,annotation&nbsp;not&nbsp;available,82.3
329726.AM1_0404,rfbA,Glucose-1-phosphate&nbsp;thymidylyltransferase,82.3
329726.AM1_5635,AM1_5635,annotation&nbsp;not&nbsp;available,82.3
329726.AM1_1736,trpS,annotation&nbsp;not&nbsp;available,82.2
329726.AM1_5350,rplI,50S&nbsp;ribosomal&nbsp;protein&nbsp;L9,82.2
329726.AM1_0335,ppk2,annotation&nbsp;not&nbsp;available,82.2
329726.AM1_2333,AM1_2333,annotation&nbsp;not&nbsp;available,82.1
329726.AM1_5873,AM1_5873,annotation&nbsp;not&nbsp;available,82.1
329726.AM1_5623,AM1_5623,annotation&nbsp;not&nbsp;available,82.1
329726.AM1_2415,rpiA,Ribose-5-phosphate&nbsp;isomerase&nbsp;A,82.1
329726.AM1_1705,rne,Ribonuclease&nbsp;E,82.0
329726.AM1_2136,AM1_2136,annotation&nbsp;not&nbsp;available,81.9
329726.AM1_3719,AM1_3719,annotation&nbsp;not&nbsp;available,81.8
329726.AM1_4583,AM1_4583,High&nbsp;light&nbsp;inducible&nbsp;protein,81.8
329726.AM1_1676,rnd,annotation&nbsp;not&nbsp;available,81.8
329726.AM1_5638,AM1_5638,annotation&nbsp;not&nbsp;available,81.7
329726.AM1_3724,AM1_3724,"ABC&nbsp;transporter,&nbsp;ATP-binding&nbsp;protein",81.7
329726.AM1_4805,trpB,Tryptophan&nbsp;synthase&nbsp;beta&nbsp;chain,81.6
329726.AM1_1726,AM1_1726,annotation&nbsp;not&nbsp;available,81.5
329726.AM1_3916,AM1_3916,annotation&nbsp;not&nbsp;available,81.5
329726.AM1_0971,AM1_0971,annotation&nbsp;not&nbsp;available,81.4
329726.AM1_3160,AM1_3160,"ABC&nbsp;transporter,&nbsp;ATP-binding&nbsp;protein",81.4
329726.AM1_0286,AM1_0286,annotation&nbsp;not&nbsp;available,81.4
329726.AM1_1500,AM1_1500,annotation&nbsp;not&nbsp;available,81.3
329726.AM1_0085,AM1_0085,annotation&nbsp;not&nbsp;available,81.1
329726.AM1_1006,AM1_1006,Gamma-glutamyl&nbsp;phosphate&nbsp;reductase,81.1
329726.AM1_6067,AM1_6067,annotation&nbsp;not&nbsp;available,81.1
329726.AM1_3092,oxaA,annotation&nbsp;not&nbsp;available,81.0
329726.AM1_5704,AM1_5704,annotation&nbsp;not&nbsp;available,80.9
329726.AM1_0860,AM1_0860,annotation&nbsp;not&nbsp;available,80.8
329726.AM1_1497,glnA,annotation&nbsp;not&nbsp;available,80.8
329726.AM1_4826,crtP,Phytoene&nbsp;desaturase/phytoene&nbsp;desaturase,80.8
329726.AM1_0993,kaiB,Circadian&nbsp;clock&nbsp;protein&nbsp;KaiB,80.8
329726.AM1_2020,asnS,annotation&nbsp;not&nbsp;available,80.7
329726.AM1_1565,AM1_1565,annotation&nbsp;not&nbsp;available,80.7
329726.AM1_2931,AM1_2931,annotation&nbsp;not&nbsp;available,80.7
329726.AM1_3254,AM1_3254,annotation&nbsp;not&nbsp;available,80.7
329726.AM1_0440,AM1_0440,Phosphoenolpyruvate&nbsp;synthase,80.7
329726.AM1_4713,rplO,50S&nbsp;ribosomal&nbsp;protein&nbsp;L15,80.6
329726.AM1_3796,AM1_3796,"Peptidase&nbsp;M1,&nbsp;membrane&nbsp;alanine&nbsp;aminopeptidase",80.6
329726.AM1_0587,AM1_0587,annotation&nbsp;not&nbsp;available,80.6
329726.AM1_0694,secF,Protein&nbsp;translocase&nbsp;subunit&nbsp;SecF,80.6
329726.AM1_2784,sdhA,annotation&nbsp;not&nbsp;available,80.6
329726.AM1_1397,pilO,annotation&nbsp;not&nbsp;available,80.5
329726.AM1_5303,AM1_5303,annotation&nbsp;not&nbsp;available,80.5
329726.AM1_6358,AM1_6358,annotation&nbsp;not&nbsp;available,80.4
329726.AM1_2876,AM1_2876,Transaldolase,80.4
329726.AM1_2562,dnaG,DNA&nbsp;primase,80.4
329726.AM1_0695,AM1_0695,Protein&nbsp;translocase&nbsp;subunit&nbsp;SecD,80.4
329726.AM1_3366,AM1_3366,High&nbsp;light&nbsp;inducible&nbsp;protein,80.3
329726.AM1_2049,hisH,Imidazole&nbsp;glycerol&nbsp;phosphate&nbsp;synthase&nbsp;subunit&nbsp;HisH,80.2
329726.AM1_4214,AM1_4214,annotation&nbsp;not&nbsp;available,80.2
329726.AM1_4072,AM1_4072,annotation&nbsp;not&nbsp;available,80.2
329726.AM1_4863,AM1_4863,Cellulose&nbsp;synthase&nbsp;catalytic&nbsp;subunit,80.2
329726.AM1_1578,AM1_1578,annotation&nbsp;not&nbsp;available,80.1
329726.AM1_3207,nirD,annotation&nbsp;not&nbsp;available,80.1
329726.AM1_1350,lpxD,UDP-3-O-acylglucosamine&nbsp;N-acyltransferase,80.1
329726.AM1_5068,AM1_5068,annotation&nbsp;not&nbsp;available,80.1
329726.AM1_4666,petB,Cytochrome&nbsp;b6,80.0
329726.AM1_3772,AM1_3772,annotation&nbsp;not&nbsp;available,79.9
329726.AM1_5420,rpsO,30S&nbsp;ribosomal&nbsp;protein&nbsp;S15,79.9
329726.AM1_1719,AM1_1719,annotation&nbsp;not&nbsp;available,79.9
329726.AM1_3317,AM1_3317,annotation&nbsp;not&nbsp;available,79.8
329726.AM1_1335,AM1_1335,annotation&nbsp;not&nbsp;available,79.8
329726.AM1_0902,AM1_0902,Small&nbsp;ribosomal&nbsp;subunit&nbsp;biogenesis&nbsp;GTPase&nbsp;RsgA,79.8
329726.AM1_4644,minE,Cell&nbsp;division&nbsp;topological&nbsp;specificity&nbsp;factor,79.8
329726.AM1_2569,AM1_2569,annotation&nbsp;not&nbsp;available,79.7
329726.AM1_5199,AM1_5199,annotation&nbsp;not&nbsp;available,79.7
329726.AM1_0549,hemL,annotation&nbsp;not&nbsp;available,79.6
329726.AM1_5458,lysS,annotation&nbsp;not&nbsp;available,79.6
329726.AM1_2386,AM1_2386,Lycopene&nbsp;cyclase,79.6
329726.AM1_2870,AM1_2870,annotation&nbsp;not&nbsp;available,79.6
329726.AM1_0584,fabZ,3-hydroxyacyl-[acyl-carrier-protein]&nbsp;dehydratase&nbsp;FabZ,79.5
329726.AM1_1893,AM1_1893,annotation&nbsp;not&nbsp;available,79.5
329726.AM1_5896,AM1_5896,annotation&nbsp;not&nbsp;available,79.5
329726.AM1_4555,AM1_4555,annotation&nbsp;not&nbsp;available,79.5
329726.AM1_1481,AM1_1481,annotation&nbsp;not&nbsp;available,79.5
329726.AM1_5692,AM1_5692,Chaperone&nbsp;protein&nbsp;DnaK,79.5
329726.AM1_3731,AM1_3731,annotation&nbsp;not&nbsp;available,79.5
329726.AM1_2157,AM1_2157,annotation&nbsp;not&nbsp;available,79.4
329726.AM1_2317,AM1_2317,annotation&nbsp;not&nbsp;available,79.3
329726.AM1_1960,AM1_1960,annotation&nbsp;not&nbsp;available,79.3
329726.AM1_0751,AM1_0751,annotation&nbsp;not&nbsp;available,79.2
329726.AM1_2103,malQ,annotation&nbsp;not&nbsp;available,79.2
329726.AM1_1841,AM1_1841,annotation&nbsp;not&nbsp;available,79.1
329726.AM1_4512,purU,Formyltetrahydrofolate&nbsp;deformylase,79.1
329726.AM1_0583,lpxA,Acyl-[acyl-carrier-protein]--UDP-N-acetylglucosamine&nbsp;O-acyltransferase,79.1
329726.AM1_3822,moaB,Molybdenum&nbsp;cofactor&nbsp;biosynthesis&nbsp;protein&nbsp;B,79.1
329726.AM1_4622,AM1_4622,annotation&nbsp;not&nbsp;available,79.1
329726.AM1_1187,ligA,DNA&nbsp;ligase,79.0
329726.AM1_0588,purC,annotation&nbsp;not&nbsp;available,79.0
329726.AM1_4137,ffh,Signal&nbsp;recognition&nbsp;particle&nbsp;protein,79.0
329726.AM1_1255,rpsM,30S&nbsp;ribosomal&nbsp;protein&nbsp;S13,79.0
329726.AM1_4053,AM1_4053,annotation&nbsp;not&nbsp;available,78.9
329726.AM1_4125,ppk,Polyphosphate&nbsp;kinase,78.9
329726.AM1_2606,AM1_2606,annotation&nbsp;not&nbsp;available,78.9
329726.AM1_1887,AM1_1887,annotation&nbsp;not&nbsp;available,78.8
329726.AM1_4621,coxB,Cytochrome&nbsp;c&nbsp;oxidase&nbsp;subunit&nbsp;2,78.8
329726.AM1_2293,AM1_2293,annotation&nbsp;not&nbsp;available,78.8
329726.AM1_0725,AM1_0725,annotation&nbsp;not&nbsp;available,78.6
329726.AM1_4426,psb27,Photosystem&nbsp;II&nbsp;lipoprotein&nbsp;Psb27,78.5
329726.AM1_0284,priA,Primosomal&nbsp;protein&nbsp;N,78.5
329726.AM1_0963,AM1_0963,Isoprenyl&nbsp;transferase,78.5
329726.AM1_5109,ureC,annotation&nbsp;not&nbsp;available,78.4
329726.AM1_5090,AM1_5090,"Pyridoxal-5'-phosphate-dependent&nbsp;enzyme,&nbsp;beta&nbsp;subunit",78.4
329726.AM1_0437,AM1_0437,annotation&nbsp;not&nbsp;available,78.4
329726.AM1_3416,AM1_3416,annotation&nbsp;not&nbsp;available,78.4
329726.AM1_4693,AM1_4693,annotation&nbsp;not&nbsp;available,78.4
329726.AM1_0876,AM1_0876,Phosphoadenosine&nbsp;phosphosulfate&nbsp;reductase,78.3
329726.AM1_1364,AM1_1364,annotation&nbsp;not&nbsp;available,78.3
329726.AM1_2866,rplA,50S&nbsp;ribosomal&nbsp;protein&nbsp;L1,78.2
329726.AM1_1191,por,annotation&nbsp;not&nbsp;available,78.1
329726.AM1_4084,psbD1,Photosystem&nbsp;II&nbsp;D2&nbsp;protein&nbsp;1,78.1
329726.AM1_3504,AM1_3504,annotation&nbsp;not&nbsp;available,78.1
329726.AM1_3255,AM1_3255,annotation&nbsp;not&nbsp;available,77.9
329726.AM1_4761,purK,N5-carboxyaminoimidazole&nbsp;ribonucleotide&nbsp;synthase,77.9
329726.AM1_5414,AM1_5414,annotation&nbsp;not&nbsp;available,77.9
329726.AM1_4740,AM1_4740,annotation&nbsp;not&nbsp;available,77.8
329726.AM1_3549,AM1_3549,annotation&nbsp;not&nbsp;available,77.8
329726.AM1_3204,mnhB,annotation&nbsp;not&nbsp;available,77.8
329726.AM1_3776,AM1_3776,Lipoyl&nbsp;synthase,77.7
329726.AM1_1688,glpK,Glycerol&nbsp;kinase,77.7
329726.AM1_4620,ctaD,Cytochrome&nbsp;c&nbsp;oxidase&nbsp;subunit&nbsp;1,77.7
329726.AM1_5749,gmd,"GDP-mannose&nbsp;4,6-dehydratase",77.5
329726.AM1_1139,aroC,Chorismate&nbsp;synthase,77.5
329726.AM1_0806,ftsZ,Cell&nbsp;division&nbsp;protein&nbsp;FtsZ,77.5
329726.AM1_4002,AM1_4002,annotation&nbsp;not&nbsp;available,77.5
329726.AM1_3410,AM1_3410,annotation&nbsp;not&nbsp;available,77.5
329726.AM1_5328,atpD,ATP&nbsp;synthase&nbsp;subunit&nbsp;beta,77.4
329726.AM1_2958,AM1_2958,annotation&nbsp;not&nbsp;available,77.4
329726.AM1_2708,AM1_2708,Conserved&nbsp;domain&nbsp;protein,77.4
329726.AM1_3550,AM1_3550,Protein&nbsp;RecA,77.4
329726.AM1_6318,AM1_6318,Transaldolase,77.3
329726.AM1_3392,AM1_3392,annotation&nbsp;not&nbsp;available,77.3
329726.AM1_4435,AM1_4435,annotation&nbsp;not&nbsp;available,77.3
329726.AM1_1525,murD,UDP-N-acetylmuramoylalanine--D-glutamate&nbsp;ligase,77.3
329726.AM1_5569,AM1_5569,annotation&nbsp;not&nbsp;available,77.3
329726.AM1_2835,hypB,annotation&nbsp;not&nbsp;available,77.2
329726.AM1_5761,AM1_5761,annotation&nbsp;not&nbsp;available,77.2
329726.AM1_3269,AM1_3269,annotation&nbsp;not&nbsp;available,77.1
329726.AM1_3344,xseA,Exodeoxyribonuclease&nbsp;7&nbsp;large&nbsp;subunit,77.0
329726.AM1_0513,AM1_0513,annotation&nbsp;not&nbsp;available,76.9
329726.AM1_0832,AM1_0832,annotation&nbsp;not&nbsp;available,76.8
329726.AM1_4057,AM1_4057,annotation&nbsp;not&nbsp;available,76.8
329726.AM1_4889,eda,annotation&nbsp;not&nbsp;available,76.8
329726.AM1_4347,pntA,annotation&nbsp;not&nbsp;available,76.8
329726.AM1_0151,AM1_0151,annotation&nbsp;not&nbsp;available,76.7
329726.AM1_2987,mopB,annotation&nbsp;not&nbsp;available,76.7
329726.AM1_3053,AM1_3053,Phosphoribosyl-AMP&nbsp;cyclohydrolase,76.6
329726.AM1_0220,AM1_0220,annotation&nbsp;not&nbsp;available,76.6
329726.AM1_4910,AM1_4910,annotation&nbsp;not&nbsp;available,76.6
329726.AM1_0894,atpF,ATP&nbsp;synthase&nbsp;subunit&nbsp;b&nbsp;1,76.6
329726.AM1_4855,folD,Bifunctional&nbsp;protein&nbsp;FolD,76.6
329726.AM1_2756,AM1_2756,annotation&nbsp;not&nbsp;available,76.4
329726.AM1_1469,AM1_1469,annotation&nbsp;not&nbsp;available,76.4
329726.AM1_2660,AM1_2660,annotation&nbsp;not&nbsp;available,76.2
329726.AM1_4897,nadD,annotation&nbsp;not&nbsp;available,76.2
329726.AM1_0772,AM1_0772,annotation&nbsp;not&nbsp;available,76.0
329726.AM1_3741,AM1_3741,annotation&nbsp;not&nbsp;available,76.0
329726.AM1_4217,phoU,Phosphate-specific&nbsp;transport&nbsp;system&nbsp;accessory&nbsp;protein&nbsp;PhoU,76.0
329726.AM1_3072,AM1_3072,annotation&nbsp;not&nbsp;available,76.0
329726.AM1_0897,atpG,ATP&nbsp;synthase&nbsp;gamma&nbsp;chain,76.0
329726.AM1_2052,petG,Cytochrome&nbsp;b6-f&nbsp;complex&nbsp;subunit&nbsp;5,75.9
329726.AM1_5058,AM1_5058,annotation&nbsp;not&nbsp;available,75.9
329726.AM1_0889,AM1_0889,annotation&nbsp;not&nbsp;available,75.7
329726.AM1_2240,AM1_2240,annotation&nbsp;not&nbsp;available,75.7
329726.AM1_1728,trmE,tRNA&nbsp;modification&nbsp;GTPase&nbsp;MnmE,75.6
329726.AM1_3452,mutL,annotation&nbsp;not&nbsp;available,75.6
329726.AM1_3348,AM1_3348,annotation&nbsp;not&nbsp;available,75.6
329726.AM1_2902,AM1_2902,Histidinol&nbsp;dehydrogenase,75.6
329726.AM1_3566,AM1_3566,annotation&nbsp;not&nbsp;available,75.4
329726.AM1_0114,AM1_0114,annotation&nbsp;not&nbsp;available,75.4
329726.AM1_5552,psb28,annotation&nbsp;not&nbsp;available,75.4
329726.AM1_4623,cyoE,Protoheme&nbsp;IX&nbsp;farnesyltransferase,75.4
329726.AM1_5123,AM1_5123,annotation&nbsp;not&nbsp;available,75.4
329726.AM1_1405,AM1_1405,annotation&nbsp;not&nbsp;available,75.3
329726.AM1_2414,AM1_2414,Adenylate&nbsp;kinase,75.3
329726.AM1_1637,AM1_1637,annotation&nbsp;not&nbsp;available,75.2
329726.AM1_5737,AM1_5737,DNA&nbsp;gyrase&nbsp;is&nbsp;also&nbsp;known&nbsp;as&nbsp;DNA&nbsp;topoisomerase&nbsp;IV,75.1
329726.AM1_1068,nadA,Quinolinate&nbsp;synthase&nbsp;A,75.1
329726.AM1_5895,AM1_5895,annotation&nbsp;not&nbsp;available,75.1
329726.AM1_5733,hisC,annotation&nbsp;not&nbsp;available,75.1
329726.AM1_2452,AM1_2452,annotation&nbsp;not&nbsp;available,75.0
329726.AM1_1396,pilN,annotation&nbsp;not&nbsp;available,75.0
329726.AM1_3415,AM1_3415,annotation&nbsp;not&nbsp;available,75.0
329726.AM1_0267,AM1_0267,annotation&nbsp;not&nbsp;available,75.0
329726.AM1_4819,rmlD,annotation&nbsp;not&nbsp;available,74.9
329726.AM1_2177,AM1_2177,annotation&nbsp;not&nbsp;available,74.8
329726.AM1_1016,AM1_1016,annotation&nbsp;not&nbsp;available,74.8
329726.AM1_1064,uppP,Undecaprenyl-diphosphatase,74.7
329726.AM1_0414,AM1_0414,Isoprenyl&nbsp;transferase,74.6
329726.AM1_0171,AM1_0171,annotation&nbsp;not&nbsp;available,74.6
329726.AM1_2637,pgl,annotation&nbsp;not&nbsp;available,74.6
329726.AM1_3625,AM1_3625,annotation&nbsp;not&nbsp;available,74.5
329726.AM1_3967,AM1_3967,annotation&nbsp;not&nbsp;available,74.5
329726.AM1_2833,AM1_2833,annotation&nbsp;not&nbsp;available,74.5
329726.AM1_3871,AM1_3871,annotation&nbsp;not&nbsp;available,74.4
329726.AM1_0010,AM1_0010,Chorismate&nbsp;mutase&nbsp;AroH,74.4
329726.AM1_1808,AM1_1808,annotation&nbsp;not&nbsp;available,74.4
329726.AM1_1453,AM1_1453,annotation&nbsp;not&nbsp;available,74.4
329726.AM1_1698,AM1_1698,Lipoyl&nbsp;synthase,74.3
329726.AM1_4043,AM1_4043,annotation&nbsp;not&nbsp;available,74.3
329726.AM1_3358,AM1_3358,"TonB-dependent&nbsp;receptor,&nbsp;putative",74.2
329726.AM1_0941,AM1_0941,annotation&nbsp;not&nbsp;available,74.2
329726.AM1_1929,AM1_1929,annotation&nbsp;not&nbsp;available,74.2
329726.AM1_4891,psb29,Protein&nbsp;Thf1,74.2
329726.AM1_4698,rplW,50S&nbsp;ribosomal&nbsp;protein&nbsp;L23,74.2
329726.AM1_3085,AM1_3085,annotation&nbsp;not&nbsp;available,74.1
329726.AM1_0586,lpxC,UDP-3-O-acyl-N-acetylglucosamine&nbsp;deacetylase,74.0
329726.AM1_1389,aroG,Phospho-2-dehydro-3-deoxyheptonate&nbsp;aldolase,74.0
329726.AM1_0955,AM1_0955,annotation&nbsp;not&nbsp;available,74.0
329726.AM1_4791,AM1_4791,annotation&nbsp;not&nbsp;available,74.0
329726.AM1_2262,AM1_2262,annotation&nbsp;not&nbsp;available,73.9
329726.AM1_4028,AM1_4028,annotation&nbsp;not&nbsp;available,73.9
329726.AM1_1082,ycf4,Photosystem&nbsp;I&nbsp;assembly&nbsp;protein&nbsp;Ycf4,73.9
329726.AM1_2413,AM1_2413,annotation&nbsp;not&nbsp;available,73.9
329726.AM1_5512,psbH,annotation&nbsp;not&nbsp;available,73.9
329726.AM1_0424,AM1_0424,annotation&nbsp;not&nbsp;available,73.8
329726.AM1_6143,AM1_6143,annotation&nbsp;not&nbsp;available,73.7
329726.AM1_0024,AM1_0024,annotation&nbsp;not&nbsp;available,73.7
329726.AM1_2084,AM1_2084,annotation&nbsp;not&nbsp;available,73.6
329726.AM1_3118,wecB,annotation&nbsp;not&nbsp;available,73.6
329726.AM1_2160,ndhG,annotation&nbsp;not&nbsp;available,73.6
329726.AM1_1630,acnB,annotation&nbsp;not&nbsp;available,73.5
329726.AM1_2044,nuoN,NAD(P)H-quinone&nbsp;oxidoreductase&nbsp;subunit&nbsp;2,73.5
329726.AM1_1078,AM1_1078,annotation&nbsp;not&nbsp;available,73.5
329726.AM1_5154,AM1_5154,annotation&nbsp;not&nbsp;available,73.4
329726.AM1_6075,crtL,annotation&nbsp;not&nbsp;available,73.4
329726.AM1_0861,AM1_0861,annotation&nbsp;not&nbsp;available,73.4
329726.AM1_4391,AM1_4391,annotation&nbsp;not&nbsp;available,73.4
329726.AM1_1797,rpsL,30S&nbsp;ribosomal&nbsp;protein&nbsp;S12,73.3
329726.AM1_1084,psbC,Photosystem&nbsp;II&nbsp;CP43&nbsp;reaction&nbsp;center&nbsp;protein,73.3
329726.AM1_2383,nrd,Vitamin&nbsp;B12-dependent&nbsp;ribonucleotide&nbsp;reductase,73.3
329726.AM1_3315,AM1_3315,annotation&nbsp;not&nbsp;available,73.2
329726.AM1_1727,AM1_1727,annotation&nbsp;not&nbsp;available,73.1
329726.AM1_0359,AM1_0359,annotation&nbsp;not&nbsp;available,73.1
329726.AM1_4240,plsY,Glycerol-3-phosphate&nbsp;acyltransferase,73.1
329726.AM1_0450,AM1_0450,Cytochrome&nbsp;b6-f&nbsp;complex&nbsp;iron-sulfur&nbsp;subunit,72.9
329726.AM1_4376,AM1_4376,annotation&nbsp;not&nbsp;available,72.9
329726.AM1_0132,ndhC,NAD(P)H-quinone&nbsp;oxidoreductase&nbsp;subunit&nbsp;3,72.9
329726.AM1_2860,AM1_2860,annotation&nbsp;not&nbsp;available,72.8
329726.AM1_2124,rplT,50S&nbsp;ribosomal&nbsp;protein&nbsp;L20,72.8
329726.AM1_4767,glpD,annotation&nbsp;not&nbsp;available,72.8
329726.AM1_5260,xth,annotation&nbsp;not&nbsp;available,72.8
329726.AM1_3214,groL1,60&nbsp;kDa&nbsp;chaperonin&nbsp;1,72.7
329726.AM1_2856,btuR,annotation&nbsp;not&nbsp;available,72.7
329726.AM1_0412,lysA,Diaminopimelate&nbsp;decarboxylase,72.6
329726.AM1_1224,sufB,annotation&nbsp;not&nbsp;available,72.6
329726.AM1_5620,argF,Ornithine&nbsp;carbamoyltransferase,72.6
329726.AM1_4428,guaA,GMP&nbsp;synthase&nbsp;[glutamine-hydrolyzing],72.5
329726.AM1_2457,psaA,Photosystem&nbsp;I&nbsp;P700&nbsp;chlorophyll&nbsp;a&nbsp;apoprotein&nbsp;A1,72.5
329726.AM1_5762,AM1_5762,annotation&nbsp;not&nbsp;available,72.5
329726.AM1_5924,AM1_5924,annotation&nbsp;not&nbsp;available,72.4
329726.AM1_1915,AM1_1915,annotation&nbsp;not&nbsp;available,72.3
329726.AM1_6371,AM1_6371,annotation&nbsp;not&nbsp;available,72.3
329726.AM1_5256,ruvC,Crossover&nbsp;junction&nbsp;endodeoxyribonuclease&nbsp;RuvC,72.3
329726.AM1_0465,AM1_0465,Magnesium-protoporphyrin&nbsp;IX&nbsp;monomethyl&nbsp;ester&nbsp;[oxidative]&nbsp;cyclase,72.3
329726.AM1_3441,AM1_3441,Similar&nbsp;to&nbsp;heavy&nbsp;metal&nbsp;associated&nbsp;domain&nbsp;protein,72.2
329726.AM1_3681,gor,annotation&nbsp;not&nbsp;available,72.2
329726.AM1_3853,ribD,Riboflavin&nbsp;biosynthesis&nbsp;protein&nbsp;RibD,72.2
329726.AM1_2122,accC,annotation&nbsp;not&nbsp;available,72.1
329726.AM1_3496,AM1_3496,annotation&nbsp;not&nbsp;available,72.1
329726.AM1_4956,AM1_4956,annotation&nbsp;not&nbsp;available,72.1
329726.AM1_4619,ctaE,annotation&nbsp;not&nbsp;available,72.0
329726.AM1_5076,AM1_5076,annotation&nbsp;not&nbsp;available,72.0
329726.AM1_2650,AM1_2650,5'-nucleotidase&nbsp;SurE,72.0
329726.AM1_5413,carB,annotation&nbsp;not&nbsp;available,72.0
329726.AM1_2552,AM1_2552,annotation&nbsp;not&nbsp;available,72.0
329726.AM1_4536,AM1_4536,annotation&nbsp;not&nbsp;available,71.9
329726.AM1_0847,AM1_0847,annotation&nbsp;not&nbsp;available,71.9
329726.AM1_G0046,AM1_G0046,annotation&nbsp;not&nbsp;available,71.8
329726.AM1_1262,AM1_1262,annotation&nbsp;not&nbsp;available,71.8
329726.AM1_2913,AM1_2913,annotation&nbsp;not&nbsp;available,71.8
329726.AM1_5135,AM1_5135,annotation&nbsp;not&nbsp;available,71.7
329726.AM1_4369,AM1_4369,annotation&nbsp;not&nbsp;available,71.6
329726.AM1_0822,AM1_0822,Glutaredoxin,71.6
329726.AM1_4582,cobM,annotation&nbsp;not&nbsp;available,71.5
329726.AM1_1765,AM1_1765,annotation&nbsp;not&nbsp;available,71.5
329726.AM1_2863,secE,Protein&nbsp;translocase&nbsp;subunit&nbsp;SecE,71.4
329726.AM1_3470,AM1_3470,Carbonic&nbsp;anhydrase,71.4
329726.AM1_0427,AM1_0427,annotation&nbsp;not&nbsp;available,71.4
329726.AM1_2148,AM1_2148,annotation&nbsp;not&nbsp;available,71.4
329726.AM1_6366,AM1_6366,annotation&nbsp;not&nbsp;available,71.3
329726.AM1_2272,AM1_2272,annotation&nbsp;not&nbsp;available,71.2
329726.AM1_4987,AM1_4987,annotation&nbsp;not&nbsp;available,71.2
329726.AM1_1245,AM1_1245,Threonine&nbsp;synthase,71.1
329726.AM1_5107,AM1_5107,annotation&nbsp;not&nbsp;available,71.1
329726.AM1_4902,exbD,annotation&nbsp;not&nbsp;available,71.0
329726.AM1_2816,AM1_2816,annotation&nbsp;not&nbsp;available,71.0
329726.AM1_1947,clpC,annotation&nbsp;not&nbsp;available,71.0
329726.AM1_4688,AM1_4688,Containing&nbsp;conserved&nbsp;hypothetic&nbsp;CbiG&nbsp;and&nbsp;CobJ&nbsp;domain&nbsp;proteins,70.9
329726.AM1_4506,yciH,annotation&nbsp;not&nbsp;available,70.9
329726.AM1_6045,AM1_6045,Photosystem&nbsp;II&nbsp;D2&nbsp;protein&nbsp;2,70.7
329726.AM1_2191,AM1_2191,annotation&nbsp;not&nbsp;available,70.7
329726.AM1_2849,frhB,annotation&nbsp;not&nbsp;available,70.7
329726.AM1_1654,AM1_1654,annotation&nbsp;not&nbsp;available,70.6
329726.AM1_3815,ppgK,annotation&nbsp;not&nbsp;available,70.6
329726.AM1_1864,AM1_1864,annotation&nbsp;not&nbsp;available,70.6
329726.AM1_4924,AM1_4924,annotation&nbsp;not&nbsp;available,70.6
329726.AM1_0653,fabH,3-oxoacyl-[acyl-carrier-protein]&nbsp;synthase&nbsp;3,70.5
329726.AM1_1746,cytM,annotation&nbsp;not&nbsp;available,70.5
329726.AM1_4822,AM1_4822,annotation&nbsp;not&nbsp;available,70.5
329726.AM1_6105,AM1_6105,annotation&nbsp;not&nbsp;available,70.5
329726.AM1_5562,AM1_5562,annotation&nbsp;not&nbsp;available,70.5
329726.AM1_3096,dnaN,Beta&nbsp;sliding&nbsp;clamp,70.5
329726.AM1_1831,synA,annotation&nbsp;not&nbsp;available,70.5
329726.AM1_3989,AM1_3989,annotation&nbsp;not&nbsp;available,70.4
329726.AM1_1651,ndhN,NAD(P)H-quinone&nbsp;oxidoreductase&nbsp;subunit&nbsp;N,70.4
329726.AM1_4907,chlI,Mg-protoporphyrin&nbsp;IX&nbsp;chelatase,70.4
329726.AM1_2942,tyrA,annotation&nbsp;not&nbsp;available,70.3
329726.AM1_0548,AM1_0548,annotation&nbsp;not&nbsp;available,70.3
329726.AM1_0773,modA,annotation&nbsp;not&nbsp;available,70.3
329726.AM1_3411,AM1_3411,annotation&nbsp;not&nbsp;available,70.2
329726.AM1_2613,purF,Amidophosphoribosyltransferase,70.1
329726.AM1_4517,xylB,annotation&nbsp;not&nbsp;available,70.1
329726.AM1_0533,chlD,Mg-protoporphyrin&nbsp;IX&nbsp;chelatase,70.1
329726.AM1_2401,AM1_2401,annotation&nbsp;not&nbsp;available,70.1
329726.AM1_2865,rplK,50S&nbsp;ribosomal&nbsp;protein&nbsp;L11,70.1
329726.AM1_1388,hemD,Uroporphyrinogen-III&nbsp;synthase&nbsp;HemD,70.1
329726.AM1_G0032,AM1_G0032,annotation&nbsp;not&nbsp;available,70.1
329726.AM1_3060,AM1_3060,annotation&nbsp;not&nbsp;available,70.1
329726.AM1_3194,AM1_3194,Type&nbsp;I&nbsp;secretion&nbsp;target&nbsp;repeat&nbsp;protein,70.0
329726.AM1_1014,AM1_1014,annotation&nbsp;not&nbsp;available,70.0
329726.AM1_3414,AM1_3414,annotation&nbsp;not&nbsp;available,70.0
329726.AM1_2702,AM1_2702,annotation&nbsp;not&nbsp;available,70.0
329726.AM1_0142,AM1_0142,annotation&nbsp;not&nbsp;available,69.9
329726.AM1_0333,thiF,annotation&nbsp;not&nbsp;available,69.9
329726.AM1_1010,ribH,"6,7-dimethyl-8-ribityllumazine&nbsp;synthase",69.9
329726.AM1_1395,pilM,annotation&nbsp;not&nbsp;available,69.8
329726.AM1_2311,AM1_2311,annotation&nbsp;not&nbsp;available,69.8
329726.AM1_5497,gmk,Guanylate&nbsp;kinase,69.7
329726.AM1_2857,dcd,annotation&nbsp;not&nbsp;available,69.7
329726.AM1_1283,AM1_1283,Oxygen-independent&nbsp;coproporphyrinogen-III&nbsp;oxidase-like&nbsp;protein,69.7
329726.AM1_3956,AM1_3956,annotation&nbsp;not&nbsp;available,69.7
329726.AM1_3074,AM1_3074,annotation&nbsp;not&nbsp;available,69.6
329726.AM1_4860,thrB,Homoserine&nbsp;kinase,69.6
329726.AM1_3062,AM1_3062,annotation&nbsp;not&nbsp;available,69.6
329726.AM1_4216,zam,"Acetazolamide&nbsp;conferring&nbsp;resistance&nbsp;protein,&nbsp;putative",69.6
329726.AM1_0637,pgk,annotation&nbsp;not&nbsp;available,69.6
329726.AM1_0153,AM1_0153,annotation&nbsp;not&nbsp;available,69.6
329726.AM1_0615,hemF,Oxygen-dependent&nbsp;coproporphyrinogen-III&nbsp;oxidase,69.6
329726.AM1_1103,AM1_1103,annotation&nbsp;not&nbsp;available,69.6
329726.AM1_0864,AM1_0864,annotation&nbsp;not&nbsp;available,69.6
329726.AM1_3937,AM1_3937,annotation&nbsp;not&nbsp;available,69.5
329726.AM1_0609,argC,N-acetyl-gamma-glutamyl-phosphate&nbsp;reductase,69.5
329726.AM1_5052,AM1_5052,annotation&nbsp;not&nbsp;available,69.4
329726.AM1_4458,thyX,"Thymidylate&nbsp;synthase,&nbsp;flavin-dependent",69.4
329726.AM1_3734,AM1_3734,annotation&nbsp;not&nbsp;available,69.3
329726.AM1_2868,rplL,50S&nbsp;ribosomal&nbsp;protein&nbsp;L7/L12,69.2
329726.AM1_2448,AM1_2448,annotation&nbsp;not&nbsp;available,69.2
329726.AM1_5570,AM1_5570,annotation&nbsp;not&nbsp;available,69.2
329726.AM1_5510,AM1_5510,annotation&nbsp;not&nbsp;available,69.2
329726.AM1_5194,AM1_5194,annotation&nbsp;not&nbsp;available,69.1
329726.AM1_3333,ndhH,NAD(P)H-quinone&nbsp;oxidoreductase&nbsp;subunit&nbsp;H,69.1
329726.AM1_0422,AM1_0422,Chaperone&nbsp;protein&nbsp;DnaK,69.0
329726.AM1_0177,AM1_0177,annotation&nbsp;not&nbsp;available,69.0
329726.AM1_2800,AM1_2800,annotation&nbsp;not&nbsp;available,69.0
329726.AM1_0448,psbA1,Photosystem&nbsp;II&nbsp;protein&nbsp;D1&nbsp;1,69.0
329726.AM1_3682,AM1_3682,annotation&nbsp;not&nbsp;available,68.9
329726.AM1_5591,recQ,annotation&nbsp;not&nbsp;available,68.9
329726.AM1_1401,AM1_1401,annotation&nbsp;not&nbsp;available,68.9
329726.AM1_0140,glk,annotation&nbsp;not&nbsp;available,68.8
329726.AM1_1731,AM1_1731,Polyamine&nbsp;aminopropyltransferase,68.7
329726.AM1_3362,AM1_3362,High&nbsp;light&nbsp;inducible&nbsp;protein,68.7
329726.AM1_5617,AM1_5617,annotation&nbsp;not&nbsp;available,68.7
329726.AM1_3720,phnC,Phosphonates&nbsp;import&nbsp;ATP-binding&nbsp;protein&nbsp;PhnC,68.7
329726.AM1_0407,AM1_0407,"Lipopolysaccharide&nbsp;biosynthesis&nbsp;protein,&nbsp;putative",68.6
329726.AM1_6329,AM1_6329,annotation&nbsp;not&nbsp;available,68.5
329726.AM1_1783,rbcS,annotation&nbsp;not&nbsp;available,68.5
329726.AM1_3169,AM1_3169,UTP--glucose-1-phosphate&nbsp;uridylyltransferase,68.4
329726.AM1_1247,prfA,Peptide&nbsp;chain&nbsp;release&nbsp;factor&nbsp;1,68.4
329726.AM1_5513,AM1_5513,Sec-independent&nbsp;protein&nbsp;translocase&nbsp;protein&nbsp;TatA,68.4
329726.AM1_3833,AM1_3833,annotation&nbsp;not&nbsp;available,68.4
329726.AM1_1274,serA,annotation&nbsp;not&nbsp;available,68.4
329726.AM1_1434,purQ,Phosphoribosylformylglycinamidine&nbsp;synthase&nbsp;subunit&nbsp;PurQ,68.3
329726.AM1_0522,AM1_0522,annotation&nbsp;not&nbsp;available,68.3
329726.AM1_1557,AM1_1557,annotation&nbsp;not&nbsp;available,68.3
329726.AM1_1435,purS,Phosphoribosylformylglycinamidine&nbsp;synthase&nbsp;subunit&nbsp;PurS,68.2
329726.AM1_3528,AM1_3528,annotation&nbsp;not&nbsp;available,68.2
329726.AM1_2314,metG,Methionine--tRNA&nbsp;ligase,68.2
329726.AM1_0903,AM1_0903,annotation&nbsp;not&nbsp;available,68.2
329726.AM1_0550,AM1_0550,annotation&nbsp;not&nbsp;available,68.1
329726.AM1_2312,AM1_2312,annotation&nbsp;not&nbsp;available,68.1
329726.AM1_0891,atpB,ATP&nbsp;synthase&nbsp;subunit&nbsp;a&nbsp;1,68.1
329726.AM1_3166,AM1_3166,annotation&nbsp;not&nbsp;available,68.1
329726.AM1_3154,AM1_3154,annotation&nbsp;not&nbsp;available,68.1
329726.AM1_2159,ndhI,NAD(P)H-quinone&nbsp;oxidoreductase&nbsp;subunit&nbsp;I,68.1
329726.AM1_6305,AM1_6305,annotation&nbsp;not&nbsp;available,68.0
329726.AM1_G0027,AM1_G0027,annotation&nbsp;not&nbsp;available,68.0
329726.AM1_4837,AM1_4837,annotation&nbsp;not&nbsp;available,68.0
329726.AM1_1013,AM1_1013,annotation&nbsp;not&nbsp;available,68.0
329726.AM1_3590,rpsT,30S&nbsp;ribosomal&nbsp;protein&nbsp;S20,67.9
329726.AM1_1378,AM1_1378,annotation&nbsp;not&nbsp;available,67.9
329726.AM1_0425,rsgA,Small&nbsp;ribosomal&nbsp;subunit&nbsp;biogenesis&nbsp;GTPase&nbsp;RsgA,67.9
329726.AM1_3402,AM1_3402,annotation&nbsp;not&nbsp;available,67.8
329726.AM1_0391,AM1_0391,annotation&nbsp;not&nbsp;available,67.8
329726.AM1_4662,AM1_4662,annotation&nbsp;not&nbsp;available,67.8
329726.AM1_1254,rpsK,30S&nbsp;ribosomal&nbsp;protein&nbsp;S11,67.8
329726.AM1_3218,AM1_3218,annotation&nbsp;not&nbsp;available,67.7
329726.AM1_4409,AM1_4409,annotation&nbsp;not&nbsp;available,67.7
329726.AM1_4672,ham1,dITP/XTP&nbsp;pyrophosphatase,67.7
329726.AM1_5013,ubiG,annotation&nbsp;not&nbsp;available,67.6
329726.AM1_2617,AM1_2617,annotation&nbsp;not&nbsp;available,67.5
329726.AM1_4731,AM1_4731,annotation&nbsp;not&nbsp;available,67.5
329726.AM1_6330,AM1_6330,annotation&nbsp;not&nbsp;available,67.4
329726.AM1_2989,pepA,Probable&nbsp;cytosol&nbsp;aminopeptidase,67.4
329726.AM1_5377,AM1_5377,annotation&nbsp;not&nbsp;available,67.3
329726.AM1_0131,deaD,ATP-dependent&nbsp;RNA&nbsp;helicase&nbsp;DeaD,67.3
329726.AM1_0769,purT,Formate-dependent&nbsp;phosphoribosylglycinamide&nbsp;formyltransferase,67.3
329726.AM1_2843,AM1_2843,annotation&nbsp;not&nbsp;available,67.3
329726.AM1_0898,leuB,3-isopropylmalate&nbsp;dehydrogenase,67.3
329726.AM1_6386,AM1_6386,annotation&nbsp;not&nbsp;available,67.2
329726.AM1_0193,AM1_0193,annotation&nbsp;not&nbsp;available,67.2
329726.AM1_0619,AM1_0619,Translation&nbsp;initiation&nbsp;factor&nbsp;IF-3,67.2
329726.AM1_0892,atpE,ATP&nbsp;synthase&nbsp;subunit&nbsp;c,67.2
329726.AM1_5225,recG,ATP-dependent&nbsp;DNA&nbsp;helicase&nbsp;RecG,67.1
329726.AM1_5551,dapB,4-hydroxy-tetrahydrodipicolinate&nbsp;reductase,67.1
329726.AM1_1250,rplM,50S&nbsp;ribosomal&nbsp;protein&nbsp;L13,67.0
329726.AM1_1744,AM1_1744,annotation&nbsp;not&nbsp;available,67.0
329726.AM1_4385,mobA,Probable&nbsp;molybdenum&nbsp;cofactor&nbsp;guanylyltransferase,67.0
329726.AM1_0547,AM1_0547,annotation&nbsp;not&nbsp;available,66.9
329726.AM1_2790,AM1_2790,annotation&nbsp;not&nbsp;available,66.8
329726.AM1_2458,psaB,Photosystem&nbsp;I&nbsp;P700&nbsp;chlorophyll&nbsp;a&nbsp;apoprotein&nbsp;A2,66.8
329726.AM1_5975,AM1_5975,annotation&nbsp;not&nbsp;available,66.8
329726.AM1_3454,AM1_3454,annotation&nbsp;not&nbsp;available,66.8
329726.AM1_0950,AM1_0950,annotation&nbsp;not&nbsp;available,66.7
329726.AM1_4709,rpsH,30S&nbsp;ribosomal&nbsp;protein&nbsp;S8,66.7
329726.AM1_4818,AM1_4818,annotation&nbsp;not&nbsp;available,66.7
329726.AM1_0209,AM1_0209,annotation&nbsp;not&nbsp;available,66.6
329726.AM1_3449,AM1_3449,ATP-dependent&nbsp;Clp&nbsp;protease&nbsp;proteolytic&nbsp;subunit,66.5
329726.AM1_0652,plsX,Phosphate&nbsp;acyltransferase,66.5
329726.AM1_4313,AM1_4313,annotation&nbsp;not&nbsp;available,66.4
329726.AM1_4564,sat,annotation&nbsp;not&nbsp;available,66.3
329726.AM1_6319,AM1_6319,annotation&nbsp;not&nbsp;available,66.3
329726.AM1_4843,AM1_4843,annotation&nbsp;not&nbsp;available,66.2
329726.AM1_4691,AM1_4691,ATP:corrinoid&nbsp;adenosyltransferase&nbsp;BtuR/CobO/CobP&nbsp;family&nbsp;protein,66.2
329726.AM1_4724,AM1_4724,annotation&nbsp;not&nbsp;available,66.2
329726.AM1_5758,AM1_5758,"D-fructose&nbsp;1,6-bisphosphatase&nbsp;class&nbsp;2/sedoheptulose&nbsp;1,7-bisphosphatase&nbsp;2",66.2
329726.AM1_3309,AM1_3309,annotation&nbsp;not&nbsp;available,66.1
329726.AM1_2180,AM1_2180,annotation&nbsp;not&nbsp;available,66.1
329726.AM1_4702,rpsC,30S&nbsp;ribosomal&nbsp;protein&nbsp;S3,66.1
329726.AM1_5764,AM1_5764,annotation&nbsp;not&nbsp;available,66.1
329726.AM1_1963,AM1_1963,annotation&nbsp;not&nbsp;available,66.0
329726.AM1_0850,AM1_0850,annotation&nbsp;not&nbsp;available,66.0
329726.AM1_0112,moaC,Cyclic&nbsp;pyranopterin&nbsp;monophosphate&nbsp;synthase,66.0
329726.AM1_1382,moeA,annotation&nbsp;not&nbsp;available,65.9
329726.AM1_1983,ribC,annotation&nbsp;not&nbsp;available,65.9
329726.AM1_1104,AM1_1104,annotation&nbsp;not&nbsp;available,65.9
329726.AM1_2057,AM1_2057,annotation&nbsp;not&nbsp;available,65.7
329726.AM1_3631,rpmA,annotation&nbsp;not&nbsp;available,65.6
329726.AM1_0598,glyS,annotation&nbsp;not&nbsp;available,65.6
329726.AM1_3066,AM1_3066,annotation&nbsp;not&nbsp;available,65.6
329726.AM1_5405,AM1_5405,annotation&nbsp;not&nbsp;available,65.6
329726.AM1_2045,AM1_2045,annotation&nbsp;not&nbsp;available,65.6
329726.AM1_3746,AM1_3746,annotation&nbsp;not&nbsp;available,65.5
329726.AM1_3241,AM1_3241,annotation&nbsp;not&nbsp;available,65.5
329726.AM1_4247,AM1_4247,MazG&nbsp;family&nbsp;protein,65.4
329726.AM1_2877,AM1_2877,Glucose-6-phosphate&nbsp;1-dehydrogenase,65.4
329726.AM1_0214,AM1_0214,annotation&nbsp;not&nbsp;available,65.4
329726.AM1_0141,AM1_0141,annotation&nbsp;not&nbsp;available,65.3
329726.AM1_2730,AM1_2730,annotation&nbsp;not&nbsp;available,65.3
329726.AM1_3056,AM1_3056,annotation&nbsp;not&nbsp;available,65.3
329726.AM1_5189,AM1_5189,annotation&nbsp;not&nbsp;available,65.2
329726.AM1_3846,AM1_3846,annotation&nbsp;not&nbsp;available,65.2
329726.AM1_2187,AM1_2187,annotation&nbsp;not&nbsp;available,65.2
329726.AM1_3592,rpoB,DNA-directed&nbsp;RNA&nbsp;polymerase&nbsp;subunit&nbsp;beta,65.2
329726.AM1_2251,AM1_2251,Glutaredoxin,65.2
329726.AM1_1972,AM1_1972,annotation&nbsp;not&nbsp;available,65.2
329726.AM1_5555,ilvC,Ketol-acid&nbsp;reductoisomerase&nbsp;(NADP(+)),65.1
329726.AM1_3163,glyQ,annotation&nbsp;not&nbsp;available,65.1
329726.AM1_1621,AM1_1621,annotation&nbsp;not&nbsp;available,65.1
329726.AM1_5473,AM1_5473,annotation&nbsp;not&nbsp;available,65.1
329726.AM1_1363,AM1_1363,annotation&nbsp;not&nbsp;available,65.0
329726.AM1_3704,cpdA,"3',5'-cyclic&nbsp;adenosine&nbsp;monophosphate&nbsp;phosphodiesterase&nbsp;CpdA",65.0
329726.AM1_3082,AM1_3082,annotation&nbsp;not&nbsp;available,65.0
329726.AM1_1910,AM1_1910,"Lipopolysaccharide&nbsp;biosynthesis&nbsp;protein,&nbsp;putative",65.0
329726.AM1_6029,cydB,annotation&nbsp;not&nbsp;available,64.9
329726.AM1_5927,AM1_5927,Chaperone&nbsp;protein&nbsp;HtpG,64.9
329726.AM1_0858,alr,Alanine&nbsp;racemase,64.9
329726.AM1_4714,secY,Protein&nbsp;translocase&nbsp;subunit&nbsp;SecY,64.9
329726.AM1_4844,AM1_4844,annotation&nbsp;not&nbsp;available,64.6
329726.AM1_5668,AM1_5668,annotation&nbsp;not&nbsp;available,64.5
329726.AM1_1580,AM1_1580,annotation&nbsp;not&nbsp;available,64.5
329726.AM1_4415,argH,annotation&nbsp;not&nbsp;available,64.4
329726.AM1_1959,hemH,Ferrochelatase,64.4
329726.AM1_2697,AM1_2697,annotation&nbsp;not&nbsp;available,64.4
329726.AM1_5193,carA,annotation&nbsp;not&nbsp;available,64.4
329726.AM1_2318,AM1_2318,annotation&nbsp;not&nbsp;available,64.3
329726.AM1_1849,AM1_1849,annotation&nbsp;not&nbsp;available,64.3
329726.AM1_1441,tsaD,tRNA&nbsp;N6-adenosine&nbsp;threonylcarbamoyltransferase,64.3
329726.AM1_3443,AM1_3443,annotation&nbsp;not&nbsp;available,64.1
329726.AM1_0436,AM1_0436,annotation&nbsp;not&nbsp;available,64.1
329726.AM1_3004,truB,tRNA&nbsp;pseudouridine&nbsp;synthase&nbsp;B,64.0
329726.AM1_2114,glgP,"Alpha-1,4&nbsp;glucan&nbsp;phosphorylase",64.0
329726.AM1_3742,AM1_3742,annotation&nbsp;not&nbsp;available,64.0
329726.AM1_6313,AM1_6313,annotation&nbsp;not&nbsp;available,63.9
329726.AM1_0859,AM1_0859,annotation&nbsp;not&nbsp;available,63.9
329726.AM1_4952,AM1_4952,annotation&nbsp;not&nbsp;available,63.8
329726.AM1_2652,ribF,annotation&nbsp;not&nbsp;available,63.8
329726.AM1_3059,AM1_3059,annotation&nbsp;not&nbsp;available,63.8
329726.AM1_3079,dam,annotation&nbsp;not&nbsp;available,63.8
329726.AM1_5478,AM1_5478,annotation&nbsp;not&nbsp;available,63.8
329726.AM1_2503,psaE,Photosystem&nbsp;I&nbsp;reaction&nbsp;center&nbsp;subunit&nbsp;IV,63.8
329726.AM1_2321,proS,Proline--tRNA&nbsp;ligase,63.8
329726.AM1_1553,AM1_1553,annotation&nbsp;not&nbsp;available,63.7
329726.AM1_5528,AM1_5528,annotation&nbsp;not&nbsp;available,63.7
329726.AM1_3372,AM1_3372,annotation&nbsp;not&nbsp;available,63.7
329726.AM1_1966,AM1_1966,annotation&nbsp;not&nbsp;available,63.7
329726.AM1_4417,AM1_4417,annotation&nbsp;not&nbsp;available,63.6
329726.AM1_2375,AM1_2375,annotation&nbsp;not&nbsp;available,63.4
329726.AM1_3935,AM1_3935,annotation&nbsp;not&nbsp;available,63.4
329726.AM1_2497,AM1_2497,NAD(P)H-quinone&nbsp;oxidoreductase&nbsp;chain&nbsp;4,63.4
329726.AM1_2394,nmrA,"3,8-divinyl&nbsp;protochlorophyllide&nbsp;a&nbsp;8-vinyl&nbsp;reductase,&nbsp;putative",63.4
329726.AM1_3991,hisZ,ATP&nbsp;phosphoribosyltransferase&nbsp;regulatory&nbsp;subunit,63.3
329726.AM1_3244,gdhA,annotation&nbsp;not&nbsp;available,63.3
329726.AM1_2595,AM1_2595,D-alanine--D-alanine&nbsp;ligase,63.3
329726.AM1_4794,AM1_4794,annotation&nbsp;not&nbsp;available,63.2
329726.AM1_2190,AM1_2190,"dTDP-4-dehydrorhamnose&nbsp;3,5-epimerase",63.2
329726.AM1_1842,cobF,"S-adenosyl-methionine:&nbsp;precorrin-2&nbsp;methyltransferase,&nbsp;gene&nbsp;cbiL&nbsp;or&nbsp;cobF",63.2
329726.AM1_4645,minD,annotation&nbsp;not&nbsp;available,63.2
329726.AM1_0442,AM1_0442,annotation&nbsp;not&nbsp;available,63.1
329726.AM1_3527,AM1_3527,Polyamine&nbsp;aminopropyltransferase,63.1
329726.AM1_5308,AM1_5308,annotation&nbsp;not&nbsp;available,63.1
329726.AM1_0287,AM1_0287,annotation&nbsp;not&nbsp;available,63.1
329726.AM1_0931,nusA,Transcription&nbsp;termination/antitermination&nbsp;protein&nbsp;NusA,63.0
329726.AM1_5753,AM1_5753,annotation&nbsp;not&nbsp;available,63.0
329726.AM1_0803,rfbD,dTDP-4-dehydrorhamnose&nbsp;reductase,62.9
329726.AM1_4304,AM1_4304,annotation&nbsp;not&nbsp;available,62.9
329726.AM1_2512,AM1_2512,annotation&nbsp;not&nbsp;available,62.8
329726.AM1_3088,lipB,Octanoyltransferase,62.7
329726.AM1_1349,ndhL,NAD(P)H-quinone&nbsp;oxidoreductase&nbsp;subunit&nbsp;L,62.7
329726.AM1_2026,psbB,Photosystem&nbsp;II&nbsp;CP47&nbsp;reaction&nbsp;center&nbsp;protein,62.6
329726.AM1_6208,AM1_6208,annotation&nbsp;not&nbsp;available,62.6
329726.AM1_5345,AM1_5345,annotation&nbsp;not&nbsp;available,62.6
329726.AM1_5150,AM1_5150,annotation&nbsp;not&nbsp;available,62.6
329726.AM1_5383,AM1_5383,annotation&nbsp;not&nbsp;available,62.6
329726.AM1_6373,AM1_6373,annotation&nbsp;not&nbsp;available,62.5
329726.AM1_1083,AM1_1083,annotation&nbsp;not&nbsp;available,62.5
329726.AM1_0839,AM1_0839,"Iron-sulfur&nbsp;cluster&nbsp;binding&nbsp;protein,&nbsp;putative",62.5
329726.AM1_3401,AM1_3401,annotation&nbsp;not&nbsp;available,62.5
329726.AM1_1490,upp,annotation&nbsp;not&nbsp;available,62.4
329726.AM1_5599,AM1_5599,annotation&nbsp;not&nbsp;available,62.4
329726.AM1_6103,trpF1,annotation&nbsp;not&nbsp;available,62.4
329726.AM1_2350,AM1_2350,annotation&nbsp;not&nbsp;available,62.3
329726.AM1_4753,ruvB,Holliday&nbsp;junction&nbsp;ATP-dependent&nbsp;DNA&nbsp;helicase&nbsp;RuvB,62.3
329726.AM1_6011,AM1_6011,Transaldolase,62.2
329726.AM1_0830,AM1_0830,"Cob(I)yrinic&nbsp;acid&nbsp;a,c-diamide&nbsp;adenosyltransferase",62.2
329726.AM1_2126,nuoM,annotation&nbsp;not&nbsp;available,62.2
329726.AM1_2172,purD,annotation&nbsp;not&nbsp;available,62.2
329726.AM1_0875,ureE,Urease&nbsp;accessory&nbsp;protein&nbsp;UreE,62.2
329726.AM1_2908,ubiX,Flavin&nbsp;prenyltransferase&nbsp;UbiX,62.1
329726.AM1_5892,AM1_5892,annotation&nbsp;not&nbsp;available,62.1
329726.AM1_G0143,AM1_G0143,annotation&nbsp;not&nbsp;available,62.1
329726.AM1_6000,AM1_6000,annotation&nbsp;not&nbsp;available,62.0
329726.AM1_3866,AM1_3866,annotation&nbsp;not&nbsp;available,62.0
329726.AM1_0474,feoA,annotation&nbsp;not&nbsp;available,61.9
329726.AM1_5379,AM1_5379,annotation&nbsp;not&nbsp;available,61.9
329726.AM1_1501,AM1_1501,annotation&nbsp;not&nbsp;available,61.8
329726.AM1_4695,AM1_4695,annotation&nbsp;not&nbsp;available,61.7
329726.AM1_1002,AM1_1002,annotation&nbsp;not&nbsp;available,61.7
329726.AM1_4640,AM1_4640,annotation&nbsp;not&nbsp;available,61.7
329726.AM1_0394,AM1_0394,annotation&nbsp;not&nbsp;available,61.6
329726.AM1_0314,AM1_0314,annotation&nbsp;not&nbsp;available,61.6
329726.AM1_5974,AM1_5974,Two-component&nbsp;hybrid&nbsp;sensor&nbsp;and&nbsp;regulator&nbsp;histidine&nbsp;kinase,61.6
329726.AM1_3347,tyrS,Tyrosine--tRNA&nbsp;ligase,61.5
329726.AM1_2984,nirA,annotation&nbsp;not&nbsp;available,61.4
329726.AM1_1279,AM1_1279,High&nbsp;light&nbsp;inducible&nbsp;protein,61.3
329726.AM1_4448,AM1_4448,annotation&nbsp;not&nbsp;available,61.3
329726.AM1_3870,AM1_3870,annotation&nbsp;not&nbsp;available,61.2
329726.AM1_4592,AM1_4592,annotation&nbsp;not&nbsp;available,61.2
329726.AM1_2485,AM1_2485,annotation&nbsp;not&nbsp;available,61.2
329726.AM1_1791,AM1_1791,annotation&nbsp;not&nbsp;available,61.1
329726.AM1_0515,AM1_0515,annotation&nbsp;not&nbsp;available,61.1
329726.AM1_0017,AM1_0017,annotation&nbsp;not&nbsp;available,61.1
329726.AM1_1662,gltB,annotation&nbsp;not&nbsp;available,61.0
329726.AM1_3140,AM1_3140,annotation&nbsp;not&nbsp;available,61.0
329726.AM1_1844,AM1_1844,ABC&nbsp;transporter,61.0
329726.AM1_5989,AM1_5989,annotation&nbsp;not&nbsp;available,60.9
329726.AM1_3161,AM1_3161,annotation&nbsp;not&nbsp;available,60.9
329726.AM1_3844,AM1_3844,annotation&nbsp;not&nbsp;available,60.9
329726.AM1_0581,AM1_0581,Lipid-A-disaccharide&nbsp;synthase,60.9
329726.AM1_5026,ldh,annotation&nbsp;not&nbsp;available,60.8
329726.AM1_5108,AM1_5108,annotation&nbsp;not&nbsp;available,60.8
329726.AM1_3845,prfC,Peptide&nbsp;chain&nbsp;release&nbsp;factor&nbsp;3,60.8
329726.AM1_1702,AM1_1702,annotation&nbsp;not&nbsp;available,60.8
329726.AM1_5992,AM1_5992,"ABC&nbsp;transporter,&nbsp;periplasmic&nbsp;solute-binding&nbsp;protein,&nbsp;putative",60.7
329726.AM1_2612,purL,Phosphoribosylformylglycinamidine&nbsp;synthase&nbsp;subunit&nbsp;PurL,60.7
329726.AM1_6321,fbp2,annotation&nbsp;not&nbsp;available,60.7
329726.AM1_6355,AM1_6355,annotation&nbsp;not&nbsp;available,60.6
329726.AM1_5511,psbN,Protein&nbsp;PsbN,60.6
329726.AM1_1907,AM1_1907,annotation&nbsp;not&nbsp;available,60.4
329726.AM1_0469,AM1_0469,annotation&nbsp;not&nbsp;available,60.4
329726.AM1_2527,mpg,UTP--glucose-1-phosphate&nbsp;uridylyltransferase,60.3
329726.AM1_4781,AM1_4781,annotation&nbsp;not&nbsp;available,60.3
329726.AM1_1256,metH,annotation&nbsp;not&nbsp;available,60.3
329726.AM1_3357,AM1_3357,annotation&nbsp;not&nbsp;available,60.3
329726.AM1_0863,AM1_0863,annotation&nbsp;not&nbsp;available,60.2
329726.AM1_1938,glyA,Serine&nbsp;hydroxymethyltransferase,60.2
329726.AM1_2999,AM1_2999,annotation&nbsp;not&nbsp;available,60.1
329726.AM1_3087,hpf,Ribosome&nbsp;hibernation&nbsp;promoting&nbsp;factor,60.0
329726.AM1_3752,AM1_3752,annotation&nbsp;not&nbsp;available,59.9
329726.AM1_2061,thrA,annotation&nbsp;not&nbsp;available,59.9
329726.AM1_5313,AM1_5313,annotation&nbsp;not&nbsp;available,59.9
329726.AM1_1015,AM1_1015,annotation&nbsp;not&nbsp;available,59.8
329726.AM1_3663,holA,annotation&nbsp;not&nbsp;available,59.7
329726.AM1_0705,leuA,2-isopropylmalate&nbsp;synthase,59.7
329726.AM1_3886,AM1_3886,annotation&nbsp;not&nbsp;available,59.6
329726.AM1_3733,ndk,Nucleoside&nbsp;diphosphate&nbsp;kinase,59.6
329726.AM1_3478,AM1_3478,annotation&nbsp;not&nbsp;available,59.6
329726.AM1_3708,prfB,Peptide&nbsp;chain&nbsp;release&nbsp;factor&nbsp;2,59.5
329726.AM1_0213,narK,annotation&nbsp;not&nbsp;available,59.5
329726.AM1_1480,AM1_1480,annotation&nbsp;not&nbsp;available,59.5
329726.AM1_0896,atpA,ATP&nbsp;synthase&nbsp;subunit&nbsp;alpha&nbsp;1,59.4
329726.AM1_6387,AM1_6387,annotation&nbsp;not&nbsp;available,59.4
329726.AM1_2646,AM1_2646,annotation&nbsp;not&nbsp;available,59.4
329726.AM1_2357,AM1_2357,annotation&nbsp;not&nbsp;available,59.4
329726.AM1_3073,AM1_3073,annotation&nbsp;not&nbsp;available,59.3
329726.AM1_4431,cobN,annotation&nbsp;not&nbsp;available,59.3
329726.AM1_4597,pdxH,Pyridoxine/pyridoxamine&nbsp;5'-phosphate&nbsp;oxidase,59.3
329726.AM1_0994,kaiA,Circadian&nbsp;clock&nbsp;protein&nbsp;KaiA,59.3
329726.AM1_0175,AM1_0175,annotation&nbsp;not&nbsp;available,59.2
329726.AM1_3743,AM1_3743,annotation&nbsp;not&nbsp;available,59.2
329726.AM1_4700,rpsS,30S&nbsp;ribosomal&nbsp;protein&nbsp;S19,59.2
329726.AM1_2960,AM1_2960,annotation&nbsp;not&nbsp;available,59.1
329726.AM1_5340,AM1_5340,annotation&nbsp;not&nbsp;available,59.0
329726.AM1_4097,AM1_4097,annotation&nbsp;not&nbsp;available,59.0
329726.AM1_3940,ahcY,Adenosylhomocysteinase,58.9
329726.AM1_1832,AM1_1832,annotation&nbsp;not&nbsp;available,58.9
329726.AM1_5425,cruA,Lycopene&nbsp;cyclase,58.9
329726.AM1_0770,lysC,annotation&nbsp;not&nbsp;available,58.8
329726.AM1_4215,AM1_4215,Chromophore&nbsp;lyase&nbsp;CpcS/CpeS,58.8
329726.AM1_6041,tmk,Thymidylate&nbsp;kinase,58.7
329726.AM1_5613,sun,Ribosomal&nbsp;RNA&nbsp;small&nbsp;subunit&nbsp;methyltransferase&nbsp;B,58.6
329726.AM1_2645,AM1_2645,annotation&nbsp;not&nbsp;available,58.6
329726.AM1_1094,argJ,Arginine&nbsp;biosynthesis&nbsp;bifunctional&nbsp;protein&nbsp;ArgJ,58.6
329726.AM1_5858,AM1_5858,annotation&nbsp;not&nbsp;available,58.5
329726.AM1_2233,AM1_2233,annotation&nbsp;not&nbsp;available,58.5
329726.AM1_3488,AM1_3488,Phosphate&nbsp;import&nbsp;ATP-binding&nbsp;protein&nbsp;PstB,58.5
329726.AM1_2347,AM1_2347,annotation&nbsp;not&nbsp;available,58.5
329726.AM1_5540,AM1_5540,annotation&nbsp;not&nbsp;available,58.4
329726.AM1_2305,AM1_2305,annotation&nbsp;not&nbsp;available,58.4
329726.AM1_0821,AM1_0821,annotation&nbsp;not&nbsp;available,58.4
329726.AM1_5056,AM1_5056,annotation&nbsp;not&nbsp;available,58.4
329726.AM1_5302,AM1_5302,annotation&nbsp;not&nbsp;available,58.3
329726.AM1_1642,secG,annotation&nbsp;not&nbsp;available,58.2
329726.AM1_4793,AM1_4793,annotation&nbsp;not&nbsp;available,57.9
329726.AM1_3551,AM1_3551,annotation&nbsp;not&nbsp;available,57.8
329726.AM1_1933,rpsF,30S&nbsp;ribosomal&nbsp;protein&nbsp;S6,57.8
329726.AM1_5316,add,annotation&nbsp;not&nbsp;available,57.8
329726.AM1_0908,AM1_0908,annotation&nbsp;not&nbsp;available,57.7
329726.AM1_5523,acpP,Acyl&nbsp;carrier&nbsp;protein,57.7
329726.AM1_1439,psaJ,Photosystem&nbsp;I&nbsp;reaction&nbsp;center&nbsp;subunit&nbsp;IX,57.7
329726.AM1_2123,rpmI,annotation&nbsp;not&nbsp;available,57.6
329726.AM1_3230,AM1_3230,annotation&nbsp;not&nbsp;available,57.4
329726.AM1_2670,AM1_2670,annotation&nbsp;not&nbsp;available,57.4
329726.AM1_0947,AM1_0947,annotation&nbsp;not&nbsp;available,57.3
329726.AM1_3330,AM1_3330,annotation&nbsp;not&nbsp;available,57.3
329726.AM1_0403,AM1_0403,"dTDP-4-dehydrorhamnose&nbsp;3,5-epimerase",57.3
329726.AM1_0148,AM1_0148,annotation&nbsp;not&nbsp;available,57.3
329726.AM1_1248,rpmE,50S&nbsp;ribosomal&nbsp;protein&nbsp;L31,57.3
329726.AM1_5790,hisF,Imidazole&nbsp;glycerol&nbsp;phosphate&nbsp;synthase&nbsp;subunit&nbsp;HisF,57.3
329726.AM1_3101,AM1_3101,annotation&nbsp;not&nbsp;available,57.2
329726.AM1_0914,AM1_0914,Uncharacterized&nbsp;protein,57.2
329726.AM1_4782,AM1_4782,annotation&nbsp;not&nbsp;available,57.2
329726.AM1_5754,AM1_5754,annotation&nbsp;not&nbsp;available,57.2
329726.AM1_2519,AM1_2519,annotation&nbsp;not&nbsp;available,57.1
329726.AM1_4711,rplR,50S&nbsp;ribosomal&nbsp;protein&nbsp;L18,57.1
329726.AM1_2878,opcA,annotation&nbsp;not&nbsp;available,57.1
329726.AM1_1379,AM1_1379,annotation&nbsp;not&nbsp;available,57.1
329726.AM1_3334,AM1_3334,annotation&nbsp;not&nbsp;available,57.0
329726.AM1_4499,gyrB,DNA&nbsp;gyrase&nbsp;subunit&nbsp;B,57.0
329726.AM1_5941,AM1_5941,annotation&nbsp;not&nbsp;available,56.9
329726.AM1_5227,AM1_5227,annotation&nbsp;not&nbsp;available,56.9
329726.AM1_0678,AM1_0678,annotation&nbsp;not&nbsp;available,56.8
329726.AM1_3565,AM1_3565,annotation&nbsp;not&nbsp;available,56.8
329726.AM1_4548,AM1_4548,annotation&nbsp;not&nbsp;available,56.8
329726.AM1_2176,AM1_2176,annotation&nbsp;not&nbsp;available,56.8
329726.AM1_3983,rpsD,30S&nbsp;ribosomal&nbsp;protein&nbsp;S4,56.7
329726.AM1_6376,AM1_6376,annotation&nbsp;not&nbsp;available,56.7
329726.AM1_0622,AM1_0622,annotation&nbsp;not&nbsp;available,56.7
329726.AM1_0169,AM1_0169,annotation&nbsp;not&nbsp;available,56.7
329726.AM1_4803,AM1_4803,Delta-aminolevulinic&nbsp;acid&nbsp;dehydratase,56.7
329726.AM1_2496,AM1_2496,annotation&nbsp;not&nbsp;available,56.7
329726.AM1_3407,AM1_3407,annotation&nbsp;not&nbsp;available,56.7
329726.AM1_5422,ccmA,annotation&nbsp;not&nbsp;available,56.7
329726.AM1_2838,AM1_2838,ABC&nbsp;transporter&nbsp;ATP-binding&nbsp;protein,56.6
329726.AM1_3461,AM1_3461,annotation&nbsp;not&nbsp;available,56.5
329726.AM1_1865,AM1_1865,annotation&nbsp;not&nbsp;available,56.5
329726.AM1_3740,AM1_3740,annotation&nbsp;not&nbsp;available,56.4
329726.AM1_6069,AM1_6069,annotation&nbsp;not&nbsp;available,56.4
329726.AM1_0867,ureG,Urease&nbsp;accessory&nbsp;protein&nbsp;UreG,56.4
329726.AM1_3725,AM1_3725,annotation&nbsp;not&nbsp;available,56.4
329726.AM1_2004,AM1_2004,annotation&nbsp;not&nbsp;available,56.4
329726.AM1_2164,AM1_2164,annotation&nbsp;not&nbsp;available,56.3
329726.AM1_0406,cysC,Adenylyl-sulfate&nbsp;kinase,56.3
329726.AM1_1868,AM1_1868,annotation&nbsp;not&nbsp;available,56.3
329726.AM1_3232,AM1_3232,"CAB/ELIP/HLIP&nbsp;superfamily,&nbsp;putative",56.3
329726.AM1_3203,AM1_3203,Uncharacterized&nbsp;protein,56.3
329726.AM1_4104,AM1_4104,annotation&nbsp;not&nbsp;available,56.3
329726.AM1_1491,AM1_1491,"Carotene&nbsp;isomerase,&nbsp;putative",56.3
329726.AM1_2150,AM1_2150,annotation&nbsp;not&nbsp;available,56.3
329726.AM1_0071,idiA,Iron&nbsp;deficiency&nbsp;induced&nbsp;protein&nbsp;A,56.2
329726.AM1_2171,AM1_2171,annotation&nbsp;not&nbsp;available,56.2
329726.AM1_0029,AM1_0029,annotation&nbsp;not&nbsp;available,56.2
329726.AM1_3882,accD,Acetyl-coenzyme&nbsp;A&nbsp;carboxylase&nbsp;carboxyl&nbsp;transferase&nbsp;subunit&nbsp;beta,56.2
329726.AM1_3450,clpX,ATP-dependent&nbsp;Clp&nbsp;protease&nbsp;ATP-binding&nbsp;subunit&nbsp;ClpX,56.1
329726.AM1_4768,gpsA,annotation&nbsp;not&nbsp;available,56.1
329726.AM1_2937,rpmF,annotation&nbsp;not&nbsp;available,56.1
329726.AM1_5539,AM1_5539,annotation&nbsp;not&nbsp;available,56.0
329726.AM1_4108,argB,Acetylglutamate&nbsp;kinase,56.0
329726.AM1_5932,AM1_5932,annotation&nbsp;not&nbsp;available,56.0
329726.AM1_1394,fumC,Fumarate&nbsp;hydratase&nbsp;class&nbsp;II,56.0
329726.AM1_4772,AM1_4772,annotation&nbsp;not&nbsp;available,55.9
329726.AM1_5446,AM1_5446,annotation&nbsp;not&nbsp;available,55.9
329726.AM1_3594,rpoC2,DNA-directed&nbsp;RNA&nbsp;polymerase&nbsp;subunit&nbsp;beta',55.8
329726.AM1_0018,AM1_0018,annotation&nbsp;not&nbsp;available,55.8
329726.AM1_4908,AM1_4908,annotation&nbsp;not&nbsp;available,55.6
329726.AM1_5779,purH,annotation&nbsp;not&nbsp;available,55.5
329726.AM1_2932,trpD,Anthranilate&nbsp;phosphoribosyltransferase,55.5
329726.AM1_4743,AM1_4743,annotation&nbsp;not&nbsp;available,55.5
329726.AM1_4413,pyrR,Bifunctional&nbsp;protein&nbsp;PyrR,55.5
329726.AM1_2621,AM1_2621,annotation&nbsp;not&nbsp;available,55.4
329726.AM1_4424,AM1_4424,annotation&nbsp;not&nbsp;available,55.4
329726.AM1_5564,AM1_5564,"Magnesium&nbsp;IX&nbsp;protoporphyrin&nbsp;chelatase,&nbsp;H&nbsp;subunit",55.4
329726.AM1_1120,AM1_1120,annotation&nbsp;not&nbsp;available,55.4
329726.AM1_3121,AM1_3121,annotation&nbsp;not&nbsp;available,55.4
329726.AM1_4752,AM1_4752,annotation&nbsp;not&nbsp;available,55.4
329726.AM1_3589,AM1_3589,Histidinol&nbsp;dehydrogenase,55.3
329726.AM1_3481,AM1_3481,annotation&nbsp;not&nbsp;available,55.3
329726.AM1_1886,AM1_1886,annotation&nbsp;not&nbsp;available,55.2
329726.AM1_2028,avtA,annotation&nbsp;not&nbsp;available,55.2
329726.AM1_3821,AM1_3821,annotation&nbsp;not&nbsp;available,55.1
329726.AM1_1721,AM1_1721,annotation&nbsp;not&nbsp;available,55.1
329726.AM1_4697,rplD,50S&nbsp;ribosomal&nbsp;protein&nbsp;L4,55.0
329726.AM1_4861,AM1_4861,annotation&nbsp;not&nbsp;available,55.0
329726.AM1_6216,AM1_6216,annotation&nbsp;not&nbsp;available,55.0
329726.AM1_2036,ubiD,annotation&nbsp;not&nbsp;available,55.0
329726.AM1_1265,AM1_1265,"Class&nbsp;I&nbsp;peptide&nbsp;chain&nbsp;release&nbsp;factor,&nbsp;putative",54.9
329726.AM1_0807,prsA,Ribose-phosphate&nbsp;pyrophosphokinase,54.9
329726.AM1_5939,AM1_5939,S-formylglutathione&nbsp;hydrolase,54.9
329726.AM1_1880,dapL,LL-diaminopimelate&nbsp;aminotransferase,54.8
329726.AM1_0696,pdhB,annotation&nbsp;not&nbsp;available,54.8
329726.AM1_5688,AM1_5688,annotation&nbsp;not&nbsp;available,54.8
329726.AM1_3672,AM1_3672,annotation&nbsp;not&nbsp;available,54.8
329726.AM1_3887,AM1_3887,Cytochrome&nbsp;c6,54.8
329726.AM1_1932,AM1_1932,annotation&nbsp;not&nbsp;available,54.7
329726.AM1_6333,AM1_6333,annotation&nbsp;not&nbsp;available,54.7
329726.AM1_3665,AM1_3665,"Precorrin-6y&nbsp;C5,15-methyltransferase&nbsp;(decarboxylating)containing&nbsp;conserved&nbsp;CbiE&nbsp;and&nbsp;CbiT&nbsp;domains",54.7
329726.AM1_6320,AM1_6320,Glucose-6-phosphate&nbsp;1-dehydrogenase,54.6
329726.AM1_1713,AM1_1713,annotation&nbsp;not&nbsp;available,54.6
329726.AM1_0091,AM1_0091,annotation&nbsp;not&nbsp;available,54.6
329726.AM1_4325,AM1_4325,annotation&nbsp;not&nbsp;available,54.5
329726.AM1_2149,AM1_2149,annotation&nbsp;not&nbsp;available,54.5
329726.AM1_3189,AM1_3189,annotation&nbsp;not&nbsp;available,54.5
329726.AM1_4158,AM1_4158,Predicted&nbsp;membrane&nbsp;protein&nbsp;fused&nbsp;with&nbsp;a&nbsp;rieske&nbsp;[2Fe-2S]&nbsp;domain,54.5
329726.AM1_3632,rplU,50S&nbsp;ribosomal&nbsp;protein&nbsp;L21,54.4
329726.AM1_1352,pdhA,Pyruvate&nbsp;dehydrogenase&nbsp;E1&nbsp;component&nbsp;subunit&nbsp;alpha,54.3
329726.AM1_1252,rplQ,annotation&nbsp;not&nbsp;available,54.3
329726.AM1_4412,groS,10&nbsp;kDa&nbsp;chaperonin,54.3
329726.AM1_2889,psbA2,Photosystem&nbsp;II&nbsp;protein&nbsp;D1&nbsp;2,54.3
329726.AM1_4505,leuC,3-isopropylmalate&nbsp;dehydratase&nbsp;large&nbsp;subunit,54.3
329726.AM1_1943,aroQ,3-dehydroquinate&nbsp;dehydratase,54.2
329726.AM1_0716,AM1_0716,annotation&nbsp;not&nbsp;available,54.2
329726.AM1_1347,trpA,Tryptophan&nbsp;synthase&nbsp;alpha&nbsp;chain,54.2
329726.AM1_3642,AM1_3642,annotation&nbsp;not&nbsp;available,54.2
329726.AM1_2005,AM1_2005,annotation&nbsp;not&nbsp;available,54.2
329726.AM1_5057,AM1_5057,annotation&nbsp;not&nbsp;available,54.1
329726.AM1_3110,AM1_3110,annotation&nbsp;not&nbsp;available,54.1
329726.AM1_3455,mutS2,Endonuclease&nbsp;MutS2,54.1
329726.AM1_1445,chlL,Light-independent&nbsp;protochlorophyllide&nbsp;reductase&nbsp;iron-sulfur&nbsp;ATP-binding&nbsp;protein,54.0
329726.AM1_4056,AM1_4056,annotation&nbsp;not&nbsp;available,54.0
329726.AM1_5101,AM1_5101,annotation&nbsp;not&nbsp;available,54.0
329726.AM1_1985,AM1_1985,annotation&nbsp;not&nbsp;available,54.0
329726.AM1_6351,hemE,Uroporphyrinogen&nbsp;decarboxylase,53.9
329726.AM1_4872,AM1_4872,DNA&nbsp;topoisomerase&nbsp;1,53.9
329726.AM1_2129,AM1_2129,annotation&nbsp;not&nbsp;available,53.8
329726.AM1_5625,AM1_5625,annotation&nbsp;not&nbsp;available,53.7
329726.AM1_4027,AM1_4027,annotation&nbsp;not&nbsp;available,53.7
329726.AM1_4707,rplX,50S&nbsp;ribosomal&nbsp;protein&nbsp;L24,53.6
329726.AM1_4273,AM1_4273,annotation&nbsp;not&nbsp;available,53.6
329726.AM1_4716,infA,Translation&nbsp;initiation&nbsp;factor&nbsp;IF-1,53.5
329726.AM1_3332,gatC,Aspartyl/glutamyl-tRNA(Asn/Gln)&nbsp;amidotransferase&nbsp;subunit&nbsp;C,53.5
329726.AM1_0452,sqr,annotation&nbsp;not&nbsp;available,53.5
329726.AM1_0479,AM1_0479,annotation&nbsp;not&nbsp;available,53.5
329726.AM1_5078,AM1_5078,annotation&nbsp;not&nbsp;available,53.4
329726.AM1_3789,AM1_3789,"Serine&nbsp;phosphatase,&nbsp;putative",53.4
329726.AM1_3966,AM1_3966,Photosystem&nbsp;II&nbsp;12&nbsp;kDa&nbsp;extrinsic&nbsp;protein,53.3
329726.AM1_5046,AM1_5046,Photosystem&nbsp;II&nbsp;12&nbsp;kDa&nbsp;extrinsic&nbsp;protein,53.3
329726.AM1_3576,gldA,annotation&nbsp;not&nbsp;available,53.3
329726.AM1_3571,AM1_3571,annotation&nbsp;not&nbsp;available,53.2
329726.AM1_3514,fabD,annotation&nbsp;not&nbsp;available,53.2
329726.AM1_5192,AM1_5192,annotation&nbsp;not&nbsp;available,53.1
329726.AM1_0702,AM1_0702,annotation&nbsp;not&nbsp;available,53.1
329726.AM1_5128,glnS,Glutamate--tRNA&nbsp;ligase,53.1
329726.AM1_3867,AM1_3867,annotation&nbsp;not&nbsp;available,53.1
329726.AM1_5894,bphP,annotation&nbsp;not&nbsp;available,53.0
329726.AM1_4953,AM1_4953,"ABC&nbsp;transporter,&nbsp;periplasmic&nbsp;solute-binding&nbsp;protein",53.0
329726.AM1_1130,AM1_1130,annotation&nbsp;not&nbsp;available,52.9
329726.AM1_3583,phoE,annotation&nbsp;not&nbsp;available,52.9
329726.AM1_2091,AM1_2091,"6-phosphogluconate&nbsp;dehydrogenase,&nbsp;decarboxylating",52.8
329726.AM1_1221,nifS,annotation&nbsp;not&nbsp;available,52.8
329726.AM1_2021,AM1_2021,annotation&nbsp;not&nbsp;available,52.8
329726.AM1_5167,nrtB,annotation&nbsp;not&nbsp;available,52.7
329726.AM1_4710,rplF,50S&nbsp;ribosomal&nbsp;protein&nbsp;L6,52.7
329726.AM1_0848,AM1_0848,annotation&nbsp;not&nbsp;available,52.6
329726.AM1_5261,AM1_5261,annotation&nbsp;not&nbsp;available,52.6
329726.AM1_4989,AM1_4989,annotation&nbsp;not&nbsp;available,52.6
329726.AM1_3157,aroE,Shikimate&nbsp;dehydrogenase&nbsp;(NADP(+)),52.5
329726.AM1_4452,tatC,Sec-independent&nbsp;protein&nbsp;translocase&nbsp;protein&nbsp;TatC,52.5
329726.AM1_4449,petA,Cytochrome&nbsp;f,52.5
329726.AM1_1839,pheA,annotation&nbsp;not&nbsp;available,52.4
329726.AM1_0642,hisS,annotation&nbsp;not&nbsp;available,52.4
329726.AM1_3653,AM1_3653,annotation&nbsp;not&nbsp;available,52.4
329726.AM1_4331,ald,annotation&nbsp;not&nbsp;available,52.3
329726.AM1_0890,atpI,annotation&nbsp;not&nbsp;available,52.3
329726.AM1_4531,AM1_4531,annotation&nbsp;not&nbsp;available,52.2
329726.AM1_0913,AM1_0913,annotation&nbsp;not&nbsp;available,52.1
329726.AM1_5991,AM1_5991,annotation&nbsp;not&nbsp;available,52.1
329726.AM1_2823,AM1_2823,annotation&nbsp;not&nbsp;available,52.1
329726.AM1_0514,moeB,annotation&nbsp;not&nbsp;available,52.1
329726.AM1_3810,AM1_3810,annotation&nbsp;not&nbsp;available,52.1
329726.AM1_4712,rpsE,30S&nbsp;ribosomal&nbsp;protein&nbsp;S5,52.0
329726.AM1_2330,AM1_2330,ATP-dependent&nbsp;Clp&nbsp;protease&nbsp;proteolytic&nbsp;subunit,52.0
329726.AM1_2385,nrdE,annotation&nbsp;not&nbsp;available,52.0
329726.AM1_0893,AM1_0893,ATP&nbsp;synthase&nbsp;subunit&nbsp;b',52.0
329726.AM1_3427,tsf,Elongation&nbsp;factor&nbsp;Ts,51.9
329726.AM1_1336,AM1_1336,annotation&nbsp;not&nbsp;available,51.9
329726.AM1_4236,AM1_4236,annotation&nbsp;not&nbsp;available,51.9
329726.AM1_3052,AM1_3052,annotation&nbsp;not&nbsp;available,51.9
329726.AM1_2748,acsA,Acetyl-coenzyme&nbsp;A&nbsp;synthetase,51.9
329726.AM1_3944,hemC,Porphobilinogen&nbsp;deaminase,51.9
329726.AM1_4571,AM1_4571,annotation&nbsp;not&nbsp;available,51.9
329726.AM1_3997,AM1_3997,annotation&nbsp;not&nbsp;available,51.8
329726.AM1_2384,pgp,annotation&nbsp;not&nbsp;available,51.8
329726.AM1_5369,AM1_5369,annotation&nbsp;not&nbsp;available,51.8
329726.AM1_1404,murE,"UDP-N-acetylmuramoyl-L-alanyl-D-glutamate--2,6-diaminopimelate&nbsp;ligase",51.8
329726.AM1_1958,thiS,annotation&nbsp;not&nbsp;available,51.7
329726.AM1_4950,ispH,4-hydroxy-3-methylbut-2-enyl&nbsp;diphosphate&nbsp;reductase,51.7
329726.AM1_4099,AM1_4099,annotation&nbsp;not&nbsp;available,51.7
329726.AM1_5349,dnaB,Replicative&nbsp;DNA&nbsp;helicase,51.7
329726.AM1_0023,AM1_0023,annotation&nbsp;not&nbsp;available,51.7
329726.AM1_3291,AM1_3291,annotation&nbsp;not&nbsp;available,51.7
329726.AM1_2440,AM1_2440,Chaperone&nbsp;protein&nbsp;DnaK,51.6
329726.AM1_1101,AM1_1101,annotation&nbsp;not&nbsp;available,51.5
329726.AM1_2309,aroA,3-phosphoshikimate&nbsp;1-carboxyvinyltransferase,51.5
329726.AM1_4430,cikA,annotation&nbsp;not&nbsp;available,51.4
329726.AM1_5633,accA,Acetyl-coenzyme&nbsp;A&nbsp;carboxylase&nbsp;carboxyl&nbsp;transferase&nbsp;subunit&nbsp;alpha,51.4
329726.AM1_4963,AM1_4963,annotation&nbsp;not&nbsp;available,51.4
329726.AM1_1118,AM1_1118,Glycogen&nbsp;synthase,51.4
329726.AM1_0365,glsA,annotation&nbsp;not&nbsp;available,51.3
329726.AM1_1687,AM1_1687,annotation&nbsp;not&nbsp;available,51.2
329726.AM1_4703,rplP,50S&nbsp;ribosomal&nbsp;protein&nbsp;L16,51.1
329726.AM1_3912,AM1_3912,annotation&nbsp;not&nbsp;available,51.1
329726.AM1_2307,ppa,Inorganic&nbsp;pyrophosphatase,51.1
329726.AM1_2861,rplS,50S&nbsp;ribosomal&nbsp;protein&nbsp;L19,51.1
329726.AM1_0350,AM1_0350,annotation&nbsp;not&nbsp;available,51.0
329726.AM1_5859,AM1_5859,annotation&nbsp;not&nbsp;available,51.0
329726.AM1_0046,AM1_0046,annotation&nbsp;not&nbsp;available,51.0
329726.AM1_3917,recR,Recombination&nbsp;protein&nbsp;RecR,51.0
