940282.CADQ01000100_gene1249,CADQ01000100_gene1249,annotation&nbsp;not&nbsp;available,98.8
940282.CADQ01000034_gene996,CADQ01000034_gene996,annotation&nbsp;not&nbsp;available,98.8
940282.CADQ01000101_gene1479,rplW,50S&nbsp;ribosomal&nbsp;protein&nbsp;L23,98.8
940282.CADQ01000101_gene1764,trpE,Anthranilate&nbsp;synthase&nbsp;component&nbsp;1,98.8
940282.CADQ01000013_gene2580,fdoG,annotation&nbsp;not&nbsp;available,98.7
940282.CADQ01000023_gene2266,CADQ01000023_gene2266,annotation&nbsp;not&nbsp;available,98.4
940282.CADQ01000003_gene462,mglL,annotation&nbsp;not&nbsp;available,98.4
940282.CADQ01000031_gene1960,hisH,Imidazole&nbsp;glycerol&nbsp;phosphate&nbsp;synthase&nbsp;subunit&nbsp;HisH,98.4
940282.CADQ01000101_gene1603,secF,Protein-export&nbsp;membrane&nbsp;protein&nbsp;SecF,98.3
940282.CADQ01000014_gene2464,acsS,annotation&nbsp;not&nbsp;available,98.1
940282.CADQ01000031_gene2003,accD,Acetyl-coenzyme&nbsp;A&nbsp;carboxylase&nbsp;carboxyl&nbsp;transferase&nbsp;subunit&nbsp;beta,98.0
940282.CADQ01000101_gene1500,rpsK,30S&nbsp;ribosomal&nbsp;protein&nbsp;S11,98.0
940282.CADQ01000004_gene295,paaF,annotation&nbsp;not&nbsp;available,98.0
940282.CADQ01000012_gene2672,fabH,3-oxoacyl-[acyl-carrier-protein]&nbsp;synthase&nbsp;3,98.0
940282.CADQ01000008_gene106,CADQ01000008_gene106,annotation&nbsp;not&nbsp;available,97.8
940282.CADQ01000039_gene1022,CADQ01000039_gene1022,annotation&nbsp;not&nbsp;available,97.5
940282.CADQ01000031_gene1920,CADQ01000031_gene1920,annotation&nbsp;not&nbsp;available,97.5
940282.CADQ01000100_gene1225,CADQ01000100_gene1225,annotation&nbsp;not&nbsp;available,97.5
940282.CADQ01000101_gene1496,rplO,50S&nbsp;ribosomal&nbsp;protein&nbsp;L15,97.5
940282.CADQ01000003_gene496,ilvE,annotation&nbsp;not&nbsp;available,97.4
940282.CADQ01000012_gene2690,ctaB,Protoheme&nbsp;IX&nbsp;farnesyltransferase,97.4
940282.CADQ01000001_gene524,CADQ01000001_gene524,annotation&nbsp;not&nbsp;available,97.3
940282.CADQ01000101_gene1719,fabD,annotation&nbsp;not&nbsp;available,97.3
940282.CADQ01000101_gene1577,rplT,50S&nbsp;ribosomal&nbsp;protein&nbsp;L20,97.2
940282.CADQ01000101_gene1489,rplE,50S&nbsp;ribosomal&nbsp;protein&nbsp;L5,97.1
940282.CADQ01000005_gene360,CADQ01000005_gene360,annotation&nbsp;not&nbsp;available,97.1
940282.CADQ01000101_gene1540,rpsR,30S&nbsp;ribosomal&nbsp;protein&nbsp;S18,97.1
940282.CADQ01000012_gene2661,leuB,3-isopropylmalate&nbsp;dehydrogenase,97.0
940282.CADQ01000101_gene1477,rplC,50S&nbsp;ribosomal&nbsp;protein&nbsp;L3,96.9
940282.CADQ01000018_gene2547,accC,annotation&nbsp;not&nbsp;available,96.6
940282.CADQ01000031_gene2010,CADQ01000031_gene2010,annotation&nbsp;not&nbsp;available,96.4
940282.CADQ01000016_gene2358,pstC,Phosphate&nbsp;transport&nbsp;system&nbsp;permease&nbsp;protein,96.4
940282.CADQ01000100_gene1116,ahcY,Adenosylhomocysteinase,96.2
940282.CADQ01000062_gene638,CADQ01000062_gene638,annotation&nbsp;not&nbsp;available,96.1
940282.CADQ01000008_gene107,CADQ01000008_gene107,annotation&nbsp;not&nbsp;available,96.0
940282.CADQ01000101_gene1758,CADQ01000101_gene1758,Pyruvate&nbsp;dehydrogenase&nbsp;E1&nbsp;component&nbsp;subunit&nbsp;beta,95.9
940282.CADQ01000022_gene2242,CADQ01000022_gene2242,annotation&nbsp;not&nbsp;available,95.9
940282.CADQ01000031_gene1917,xseA,Exodeoxyribonuclease&nbsp;7&nbsp;large&nbsp;subunit,95.9
940282.CADQ01000012_gene2689,coxA,annotation&nbsp;not&nbsp;available,95.8
940282.CADQ01000010_gene11,ribE,annotation&nbsp;not&nbsp;available,95.6
940282.CADQ01000014_gene2443,CADQ01000014_gene2443,annotation&nbsp;not&nbsp;available,95.6
940282.CADQ01000012_gene2641,CADQ01000012_gene2641,annotation&nbsp;not&nbsp;available,95.6
940282.CADQ01000031_gene2008,CADQ01000031_gene2008,annotation&nbsp;not&nbsp;available,95.6
940282.CADQ01000101_gene1553,minC,Probable&nbsp;septum&nbsp;site-determining&nbsp;protein&nbsp;MinC,95.6
940282.CADQ01000012_gene2711,CADQ01000012_gene2711,annotation&nbsp;not&nbsp;available,95.4
940282.CADQ01000006_gene182,CADQ01000006_gene182,annotation&nbsp;not&nbsp;available,95.3
940282.CADQ01000012_gene2667,envZ,annotation&nbsp;not&nbsp;available,95.3
940282.CADQ01000100_gene1253,dapC,annotation&nbsp;not&nbsp;available,95.2
940282.CADQ01000014_gene2438,dcd,annotation&nbsp;not&nbsp;available,95.2
940282.CADQ01000009_gene162,larS,annotation&nbsp;not&nbsp;available,95.1
940282.CADQ01000011_gene51,yiaY,annotation&nbsp;not&nbsp;available,95.0
940282.CADQ01000034_gene985,CADQ01000034_gene985,annotation&nbsp;not&nbsp;available,95.0
940282.CADQ01000022_gene2198,DB34_05035,annotation&nbsp;not&nbsp;available,95.0
940282.CADQ01000031_gene1924,CADQ01000031_gene1924,annotation&nbsp;not&nbsp;available,94.9
940282.CADQ01000034_gene827,rpmA,annotation&nbsp;not&nbsp;available,94.9
940282.CADQ01000031_gene1907,CADQ01000031_gene1907,annotation&nbsp;not&nbsp;available,94.8
940282.CADQ01000022_gene2104,CADQ01000022_gene2104,annotation&nbsp;not&nbsp;available,94.7
940282.CADQ01000031_gene1912,pntB,NAD(P)&nbsp;transhydrogenase&nbsp;subunit&nbsp;beta,94.7
940282.CADQ01000101_gene1469,rplL,50S&nbsp;ribosomal&nbsp;protein&nbsp;L7/L12,94.6
940282.CADQ01000009_gene122,gatB,Aspartyl/glutamyl-tRNA(Asn/Gln)&nbsp;amidotransferase&nbsp;subunit&nbsp;B,94.4
940282.CADQ01000010_gene30,algA,annotation&nbsp;not&nbsp;available,94.4
940282.CADQ01000012_gene2736,nuoJ,annotation&nbsp;not&nbsp;available,94.3
940282.CADQ01000011_gene49,mmsA,annotation&nbsp;not&nbsp;available,94.3
940282.CADQ01000016_gene2351,rpsI,annotation&nbsp;not&nbsp;available,94.3
940282.CADQ01000013_gene2566,CADQ01000013_gene2566,annotation&nbsp;not&nbsp;available,94.3
940282.CADQ01000002_gene430,CADQ01000002_gene430,annotation&nbsp;not&nbsp;available,94.2
940282.CADQ01000034_gene873,ilvB,annotation&nbsp;not&nbsp;available,94.1
940282.CADQ01000101_gene1415,dnaQ,DNA&nbsp;polymerase&nbsp;III&nbsp;subunit&nbsp;epsilon,94.0
940282.CADQ01000010_gene23,CADQ01000010_gene23,annotation&nbsp;not&nbsp;available,93.9
940282.CADQ01000101_gene1474,rpsG,30S&nbsp;ribosomal&nbsp;protein&nbsp;S7,93.9
940282.CADQ01000008_gene109,CADQ01000008_gene109,annotation&nbsp;not&nbsp;available,93.5
940282.CADQ01000101_gene1432,CADQ01000101_gene1432,annotation&nbsp;not&nbsp;available,93.3
940282.CADQ01000007_gene211,prs,Ribose-phosphate&nbsp;pyrophosphokinase,93.2
940282.CADQ01000013_gene2575,CADQ01000013_gene2575,annotation&nbsp;not&nbsp;available,93.2
940282.CADQ01000101_gene1476,rpsJ,30S&nbsp;ribosomal&nbsp;protein&nbsp;S10,93.0
940282.CADQ01000022_gene2107,mazG,annotation&nbsp;not&nbsp;available,92.8
940282.CADQ01000003_gene487,alaC,annotation&nbsp;not&nbsp;available,92.8
940282.CADQ01000012_gene2731,nuoE,annotation&nbsp;not&nbsp;available,92.8
940282.CADQ01000101_gene1676,prfA,Peptide&nbsp;chain&nbsp;release&nbsp;factor&nbsp;1,92.6
940282.CADQ01000100_gene1301,glo1,annotation&nbsp;not&nbsp;available,92.2
940282.CADQ01000004_gene313,CADQ01000004_gene313,annotation&nbsp;not&nbsp;available,92.2
940282.CADQ01000018_gene2546,CADQ01000018_gene2546,annotation&nbsp;not&nbsp;available,92.2
940282.CADQ01000054_gene596,CADQ01000054_gene596,annotation&nbsp;not&nbsp;available,92.1
940282.CADQ01000031_gene1901,gapA,annotation&nbsp;not&nbsp;available,92.1
940282.CADQ01000008_gene110,CADQ01000008_gene110,annotation&nbsp;not&nbsp;available,91.8
940282.CADQ01000039_gene1026,CADQ01000039_gene1026,Fe(3+)&nbsp;ions&nbsp;import&nbsp;ATP-binding&nbsp;protein&nbsp;FbpC,91.8
940282.CADQ01000002_gene402,leuA,2-isopropylmalate&nbsp;synthase,91.7
940282.CADQ01000101_gene1744,purQ,Phosphoribosylformylglycinamidine&nbsp;synthase&nbsp;subunit&nbsp;PurQ,91.7
940282.CADQ01000101_gene1578,pheS,annotation&nbsp;not&nbsp;available,91.7
940282.CADQ01000012_gene2636,asnB,annotation&nbsp;not&nbsp;available,91.6
940282.CADQ01000101_gene1768,pyrG,CTP&nbsp;synthase,91.5
940282.CADQ01000003_gene488,CADQ01000003_gene488,annotation&nbsp;not&nbsp;available,91.4
940282.CADQ01000001_gene518,guaB,Inosine-5'-monophosphate&nbsp;dehydrogenase,91.4
940282.CADQ01000101_gene1690,marS,Methionine--tRNA&nbsp;ligase,91.3
940282.CADQ01000101_gene1634,moaE,annotation&nbsp;not&nbsp;available,91.3
940282.CADQ01000012_gene2744,CADQ01000012_gene2744,annotation&nbsp;not&nbsp;available,91.2
940282.CADQ01000006_gene170,CADQ01000006_gene170,annotation&nbsp;not&nbsp;available,91.2
940282.CADQ01000012_gene2712,CADQ01000012_gene2712,annotation&nbsp;not&nbsp;available,91.2
940282.CADQ01000034_gene895,dnaE,annotation&nbsp;not&nbsp;available,91.0
940282.CADQ01000009_gene164,holA,annotation&nbsp;not&nbsp;available,90.5
940282.CADQ01000054_gene598,CADQ01000054_gene598,annotation&nbsp;not&nbsp;available,90.4
940282.CADQ01000101_gene1650,CADQ01000101_gene1650,annotation&nbsp;not&nbsp;available,90.1
940282.CADQ01000022_gene2247,CADQ01000022_gene2247,annotation&nbsp;not&nbsp;available,90.0
940282.CADQ01000101_gene1730,CADQ01000101_gene1730,annotation&nbsp;not&nbsp;available,89.9
940282.CADQ01000101_gene1640,moeA,annotation&nbsp;not&nbsp;available,89.9
940282.CADQ01000101_gene1766,tpiA,Triosephosphate&nbsp;isomerase,89.8
940282.CADQ01000004_gene246,CADQ01000004_gene246,annotation&nbsp;not&nbsp;available,89.7
940282.CADQ01000008_gene108,CADQ01000008_gene108,annotation&nbsp;not&nbsp;available,89.6
940282.CADQ01000012_gene2696,thrC,annotation&nbsp;not&nbsp;available,89.4
940282.CADQ01000017_gene2278,CADQ01000017_gene2278,annotation&nbsp;not&nbsp;available,89.4
940282.CADQ01000002_gene451,CADQ01000002_gene451,annotation&nbsp;not&nbsp;available,89.3
940282.CADQ01000101_gene1480,rplB,50S&nbsp;ribosomal&nbsp;protein&nbsp;L2,89.3
940282.CADQ01000026_gene2069,CADQ01000026_gene2069,annotation&nbsp;not&nbsp;available,89.2
940282.CADQ01000101_gene1552,DB34_09010,annotation&nbsp;not&nbsp;available,89.1
940282.CADQ01000101_gene1630,uvrC,UvrABC&nbsp;system&nbsp;protein&nbsp;C,89.0
940282.CADQ01000101_gene1468,rplJ,50S&nbsp;ribosomal&nbsp;protein&nbsp;L10,88.8
940282.CADQ01000034_gene851,ftsZ,Cell&nbsp;division&nbsp;protein&nbsp;FtsZ,88.8
940282.CADQ01000003_gene464,dsbD,annotation&nbsp;not&nbsp;available,88.8
940282.CADQ01000010_gene7,rip1,Ubiquinol-cytochrome&nbsp;c&nbsp;reductase&nbsp;iron-sulfur&nbsp;subunit,88.7
940282.CADQ01000034_gene936,infA,Translation&nbsp;initiation&nbsp;factor&nbsp;IF-1,88.6
940282.CADQ01000101_gene1491,rpsH,30S&nbsp;ribosomal&nbsp;protein&nbsp;S8,88.5
940282.CADQ01000012_gene2660,leuD,3-isopropylmalate&nbsp;dehydratase&nbsp;small&nbsp;subunit,88.3
940282.CADQ01000022_gene2148,dnaK,Chaperone&nbsp;protein&nbsp;DnaK,88.3
940282.CADQ01000002_gene437,secE,Protein&nbsp;translocase&nbsp;subunit&nbsp;SecE,88.3
940282.CADQ01000022_gene2239,modC,annotation&nbsp;not&nbsp;available,88.3
940282.CADQ01000022_gene2124,hisZ,ATP&nbsp;phosphoribosyltransferase&nbsp;regulatory&nbsp;subunit,88.1
940282.CADQ01000101_gene1767,CADQ01000101_gene1767,annotation&nbsp;not&nbsp;available,88.1
940282.CADQ01000101_gene1475,tuf,Elongation&nbsp;factor&nbsp;Tu,88.0
940282.CADQ01000101_gene1654,CADQ01000101_gene1654,annotation&nbsp;not&nbsp;available,88.0
940282.CADQ01000034_gene888,tsf,Elongation&nbsp;factor&nbsp;Ts,87.8
940282.CADQ01000022_gene2108,argC,N-acetyl-gamma-glutamyl-phosphate&nbsp;reductase,87.7
940282.CADQ01000010_gene38,CADQ01000010_gene38,annotation&nbsp;not&nbsp;available,87.5
940282.CADQ01000007_gene235,CADQ01000007_gene235,annotation&nbsp;not&nbsp;available,87.5
940282.CADQ01000013_gene2573,CADQ01000013_gene2573,annotation&nbsp;not&nbsp;available,87.4
940282.CADQ01000100_gene1142,nuoM,annotation&nbsp;not&nbsp;available,87.4
940282.CADQ01000026_gene2072,CADQ01000026_gene2072,annotation&nbsp;not&nbsp;available,87.2
940282.CADQ01000101_gene1534,carA,annotation&nbsp;not&nbsp;available,87.1
940282.CADQ01000012_gene2590,groL,60&nbsp;kDa&nbsp;chaperonin,87.1
940282.CADQ01000012_gene2713,CADQ01000012_gene2713,annotation&nbsp;not&nbsp;available,87.0
940282.CADQ01000100_gene1192,manA,annotation&nbsp;not&nbsp;available,86.9
940282.CADQ01000016_gene2343,ftsY,Signal&nbsp;recognition&nbsp;particle&nbsp;receptor&nbsp;FtsY,86.9
940282.CADQ01000016_gene2372,fumA,Fumarate&nbsp;hydratase&nbsp;class&nbsp;I,86.9
940282.CADQ01000005_gene372,CADQ01000005_gene372,annotation&nbsp;not&nbsp;available,86.8
940282.CADQ01000100_gene1288,CADQ01000100_gene1288,annotation&nbsp;not&nbsp;available,86.7
940282.CADQ01000010_gene22,CADQ01000010_gene22,annotation&nbsp;not&nbsp;available,86.6
940282.CADQ01000012_gene2730,nuoD,NADH-quinone&nbsp;oxidoreductase&nbsp;subunit&nbsp;D,86.6
940282.CADQ01000016_gene2332,purF,Amidophosphoribosyltransferase,86.6
940282.CADQ01000012_gene2749,glmS,Glutamine--fructose-6-phosphate&nbsp;aminotransferase&nbsp;[isomerizing],86.5
940282.CADQ01000101_gene1482,rplV,50S&nbsp;ribosomal&nbsp;protein&nbsp;L22,86.5
940282.CADQ01000039_gene1021,CADQ01000039_gene1021,annotation&nbsp;not&nbsp;available,86.3
940282.CADQ01000031_gene1887,dnaX,DNA&nbsp;polymerase&nbsp;III&nbsp;subunit&nbsp;gamma/tau,86.1
940282.CADQ01000031_gene1914,CADQ01000031_gene1914,annotation&nbsp;not&nbsp;available,86.0
940282.CADQ01000010_gene32,CADQ01000010_gene32,annotation&nbsp;not&nbsp;available,86.0
940282.CADQ01000101_gene1606,CADQ01000101_gene1606,Ribonucleoside-diphosphate&nbsp;reductase,86.0
940282.CADQ01000022_gene2161,CADQ01000022_gene2161,annotation&nbsp;not&nbsp;available,85.9
940282.CADQ01000034_gene872,ilvH,annotation&nbsp;not&nbsp;available,85.8
940282.CADQ01000034_gene850,ftsA,Cell&nbsp;division&nbsp;protein&nbsp;FtsA,85.7
940282.CADQ01000004_gene321,vanA,annotation&nbsp;not&nbsp;available,85.7
940282.CADQ01000100_gene1121,ogdH,annotation&nbsp;not&nbsp;available,85.4
940282.CADQ01000086_gene777,dlaT,annotation&nbsp;not&nbsp;available,85.4
940282.CADQ01000026_gene2071,fumC,Fumarate&nbsp;hydratase&nbsp;class&nbsp;II,85.4
940282.CADQ01000022_gene2243,CADQ01000022_gene2243,annotation&nbsp;not&nbsp;available,85.2
940282.CADQ01000016_gene2341,atpB,ATP&nbsp;synthase&nbsp;subunit&nbsp;a,85.2
940282.CADQ01000016_gene2387,CADQ01000016_gene2387,annotation&nbsp;not&nbsp;available,85.1
940282.CADQ01000030_gene1865,CADQ01000030_gene1865,annotation&nbsp;not&nbsp;available,85.1
940282.CADQ01000101_gene1698,mqo,annotation&nbsp;not&nbsp;available,85.0
940282.CADQ01000012_gene2756,CADQ01000012_gene2756,annotation&nbsp;not&nbsp;available,85.0
940282.CADQ01000034_gene986,dld,Quinone-dependent&nbsp;D-lactate&nbsp;dehydrogenase,84.9
940282.CADQ01000002_gene440,atpG,ATP&nbsp;synthase&nbsp;gamma&nbsp;chain,84.9
940282.CADQ01000100_gene1310,CADQ01000100_gene1310,annotation&nbsp;not&nbsp;available,84.9
940282.CADQ01000016_gene2398,CADQ01000016_gene2398,annotation&nbsp;not&nbsp;available,84.9
940282.CADQ01000012_gene2729,nuoC,NADH-quinone&nbsp;oxidoreductase&nbsp;subunit&nbsp;C,84.8
940282.CADQ01000004_gene245,CADQ01000004_gene245,annotation&nbsp;not&nbsp;available,84.6
940282.CADQ01000022_gene2192,CADQ01000022_gene2192,annotation&nbsp;not&nbsp;available,84.6
940282.CADQ01000100_gene1218,rpmH,annotation&nbsp;not&nbsp;available,84.4
940282.CADQ01000100_gene1146,iarS,Isoleucine--tRNA&nbsp;ligase,84.3
940282.CADQ01000101_gene1466,rplK,50S&nbsp;ribosomal&nbsp;protein&nbsp;L11,84.3
940282.CADQ01000022_gene2127,trpA,Tryptophan&nbsp;synthase&nbsp;alpha&nbsp;chain,84.2
940282.CADQ01000004_gene247,CADQ01000004_gene247,annotation&nbsp;not&nbsp;available,84.2
940282.CADQ01000101_gene1727,dapA,4-hydroxy-tetrahydrodipicolinate&nbsp;synthase,84.0
940282.CADQ01000034_gene864,earS,Glutamate--tRNA&nbsp;ligase,84.0
940282.CADQ01000006_gene171,CADQ01000006_gene171,annotation&nbsp;not&nbsp;available,84.0
940282.CADQ01000022_gene2168,fbaB,annotation&nbsp;not&nbsp;available,83.9
940282.CADQ01000019_gene2529,eutB,annotation&nbsp;not&nbsp;available,83.9
940282.CADQ01000023_gene2268,CADQ01000023_gene2268,annotation&nbsp;not&nbsp;available,83.8
940282.CADQ01000022_gene2143,purH,annotation&nbsp;not&nbsp;available,83.7
940282.CADQ01000010_gene10,ribD,Riboflavin&nbsp;biosynthesis&nbsp;protein&nbsp;RibD,83.5
940282.CADQ01000004_gene263,tal,Transaldolase,83.5
940282.CADQ01000100_gene1134,CADQ01000100_gene1134,annotation&nbsp;not&nbsp;available,83.4
940282.CADQ01000007_gene241,CADQ01000007_gene241,annotation&nbsp;not&nbsp;available,83.3
940282.CADQ01000101_gene1487,rplN,50S&nbsp;ribosomal&nbsp;protein&nbsp;L14,83.3
940282.CADQ01000012_gene2654,ffh,Signal&nbsp;recognition&nbsp;particle&nbsp;protein,83.3
940282.CADQ01000012_gene2622,ntrY,annotation&nbsp;not&nbsp;available,83.2
940282.CADQ01000100_gene1089,CADQ01000100_gene1089,annotation&nbsp;not&nbsp;available,83.2
940282.CADQ01000101_gene1478,rplD,50S&nbsp;ribosomal&nbsp;protein&nbsp;L4,82.7
940282.CADQ01000013_gene2579,CADQ01000013_gene2579,annotation&nbsp;not&nbsp;available,82.6
940282.CADQ01000039_gene1023,cysG,Uroporphyrinogen-III&nbsp;C-methyltransferase,82.5
940282.CADQ01000015_gene2419,pyrF,Orotidine&nbsp;5'-phosphate&nbsp;decarboxylase,82.5
940282.CADQ01000100_gene1238,rpoZ,DNA-directed&nbsp;RNA&nbsp;polymerase&nbsp;subunit&nbsp;omega,82.3
940282.CADQ01000101_gene1772,dnaN,Beta&nbsp;sliding&nbsp;clamp,82.3
940282.CADQ01000100_gene1251,glnA,annotation&nbsp;not&nbsp;available,82.2
940282.CADQ01000024_gene2030,CADQ01000024_gene2030,annotation&nbsp;not&nbsp;available,82.2
940282.CADQ01000100_gene1220,CADQ01000100_gene1220,Lactoylglutathione&nbsp;lyase,82.1
940282.CADQ01000034_gene832,zwf,Glucose-6-phosphate&nbsp;1-dehydrogenase,82.1
940282.CADQ01000101_gene1539,rpsF,30S&nbsp;ribosomal&nbsp;protein&nbsp;S6,82.0
940282.CADQ01000018_gene2555,treX,annotation&nbsp;not&nbsp;available,81.9
940282.CADQ01000066_gene646,CADQ01000066_gene646,annotation&nbsp;not&nbsp;available,81.9
940282.CADQ01000100_gene1097,accA,Acetyl-coenzyme&nbsp;A&nbsp;carboxylase&nbsp;carboxyl&nbsp;transferase&nbsp;subunit&nbsp;alpha,81.8
940282.CADQ01000101_gene1472,rpoC,DNA-directed&nbsp;RNA&nbsp;polymerase&nbsp;subunit&nbsp;beta',81.8
940282.CADQ01000016_gene2397,CADQ01000016_gene2397,Biotin&nbsp;carboxyl&nbsp;carrier&nbsp;protein&nbsp;of&nbsp;acetyl-CoA&nbsp;carboxylase,81.7
940282.CADQ01000013_gene2576,CADQ01000013_gene2576,annotation&nbsp;not&nbsp;available,81.6
940282.CADQ01000014_gene2465,prpB,2-methylisocitrate&nbsp;lyase,81.6
940282.CADQ01000101_gene1599,rpmE,50S&nbsp;ribosomal&nbsp;protein&nbsp;L31,81.4
940282.CADQ01000008_gene83,nicD,annotation&nbsp;not&nbsp;available,81.1
940282.CADQ01000031_gene1958,hisF,Imidazole&nbsp;glycerol&nbsp;phosphate&nbsp;synthase&nbsp;subunit&nbsp;HisF,80.9
940282.CADQ01000031_gene1895,recA,Protein&nbsp;RecA,80.6
940282.CADQ01000101_gene1462,CADQ01000101_gene1462,annotation&nbsp;not&nbsp;available,80.6
940282.CADQ01000100_gene1164,cysQ,annotation&nbsp;not&nbsp;available,80.6
940282.CADQ01000016_gene2340,atpE,ATP&nbsp;synthase&nbsp;subunit&nbsp;c,80.4
940282.CADQ01000003_gene471,CADQ01000003_gene471,annotation&nbsp;not&nbsp;available,80.4
940282.CADQ01000034_gene882,glyA,Serine&nbsp;hydroxymethyltransferase,80.1
940282.CADQ01000101_gene1731,CADQ01000101_gene1731,annotation&nbsp;not&nbsp;available,80.0
940282.CADQ01000012_gene2623,CADQ01000012_gene2623,annotation&nbsp;not&nbsp;available,80.0
940282.CADQ01000014_gene2456,ltaE,annotation&nbsp;not&nbsp;available,79.9
940282.CADQ01000101_gene1530,gpmI,"2,3-bisphosphoglycerate-independent&nbsp;phosphoglycerate&nbsp;mutase",79.8
940282.CADQ01000034_gene893,CADQ01000034_gene893,annotation&nbsp;not&nbsp;available,79.8
940282.CADQ01000034_gene921,rnhA,Ribonuclease&nbsp;H,79.6
940282.CADQ01000101_gene1835,CADQ01000101_gene1835,annotation&nbsp;not&nbsp;available,79.5
940282.CADQ01000003_gene502,cydA,annotation&nbsp;not&nbsp;available,79.3
940282.CADQ01000039_gene1027,CADQ01000039_gene1027,annotation&nbsp;not&nbsp;available,79.3
940282.CADQ01000100_gene1176,CADQ01000100_gene1176,annotation&nbsp;not&nbsp;available,79.2
940282.CADQ01000022_gene2203,folD,Bifunctional&nbsp;protein&nbsp;FolD,79.1
940282.CADQ01000002_gene439,atpA,ATP&nbsp;synthase&nbsp;subunit&nbsp;alpha,79.0
940282.CADQ01000031_gene1997,glmM,Phosphoglucosamine&nbsp;mutase,78.9
940282.CADQ01000100_gene1101,CADQ01000100_gene1101,annotation&nbsp;not&nbsp;available,78.7
940282.CADQ01000101_gene1579,pheT,annotation&nbsp;not&nbsp;available,78.6
940282.CADQ01000100_gene1119,CADQ01000100_gene1119,annotation&nbsp;not&nbsp;available,78.3
940282.CADQ01000031_gene1910,pntA,annotation&nbsp;not&nbsp;available,78.3
940282.CADQ01000022_gene2147,dnaJ,Chaperone&nbsp;protein&nbsp;DnaJ,78.3
940282.CADQ01000101_gene1576,rpmI,annotation&nbsp;not&nbsp;available,78.3
940282.CADQ01000034_gene928,CADQ01000034_gene928,annotation&nbsp;not&nbsp;available,78.2
940282.CADQ01000100_gene1306,purU,Formyltetrahydrofolate&nbsp;deformylase,78.1
940282.CADQ01000101_gene1484,rplP,50S&nbsp;ribosomal&nbsp;protein&nbsp;L16,77.9
940282.CADQ01000101_gene1748,purB,annotation&nbsp;not&nbsp;available,77.8
940282.CADQ01000034_gene890,CADQ01000034_gene890,annotation&nbsp;not&nbsp;available,77.8
940282.CADQ01000031_gene1982,secA,Protein&nbsp;translocase&nbsp;subunit&nbsp;SecA,77.6
940282.CADQ01000101_gene1573,DB34_09115,annotation&nbsp;not&nbsp;available,77.1
940282.CADQ01000022_gene2204,metF,annotation&nbsp;not&nbsp;available,77.1
940282.CADQ01000100_gene1287,pdhB,annotation&nbsp;not&nbsp;available,77.0
940282.CADQ01000002_gene418,cyoD,annotation&nbsp;not&nbsp;available,77.0
940282.CADQ01000100_gene1214,argB,Acetylglutamate&nbsp;kinase,76.8
940282.CADQ01000013_gene2584,xseB,Exodeoxyribonuclease&nbsp;7&nbsp;small&nbsp;subunit,76.5
940282.CADQ01000100_gene1125,CADQ01000100_gene1125,Glutamate--tRNA&nbsp;ligase,76.5
940282.CADQ01000101_gene1633,moaD,Molybdopterin&nbsp;synthase&nbsp;sulfur&nbsp;carrier&nbsp;subunit,76.5
940282.CADQ01000023_gene2267,CADQ01000023_gene2267,annotation&nbsp;not&nbsp;available,76.4
940282.CADQ01000023_gene2263,CADQ01000023_gene2263,annotation&nbsp;not&nbsp;available,76.3
940282.CADQ01000016_gene2338,CADQ01000016_gene2338,ATP&nbsp;synthase&nbsp;subunit&nbsp;b,76.2
940282.CADQ01000101_gene1747,purC,annotation&nbsp;not&nbsp;available,76.1
940282.CADQ01000019_gene2527,CADQ01000019_gene2527,annotation&nbsp;not&nbsp;available,76.0
940282.CADQ01000005_gene386,CADQ01000005_gene386,annotation&nbsp;not&nbsp;available,75.9
940282.CADQ01000012_gene2670,rpmF,annotation&nbsp;not&nbsp;available,75.8
940282.CADQ01000034_gene901,gluQ,annotation&nbsp;not&nbsp;available,75.7
940282.CADQ01000100_gene1281,CADQ01000100_gene1281,annotation&nbsp;not&nbsp;available,75.7
940282.CADQ01000002_gene406,cckA,annotation&nbsp;not&nbsp;available,75.7
940282.CADQ01000100_gene1091,kae1,tRNA&nbsp;N6-adenosine&nbsp;threonylcarbamoyltransferase,75.6
940282.CADQ01000101_gene1490,rpsN,30S&nbsp;ribosomal&nbsp;protein&nbsp;S14,75.6
940282.CADQ01000022_gene2195,otsB,Trehalose&nbsp;6-phosphate&nbsp;phosphatase,75.6
940282.CADQ01000101_gene1501,rpoA,DNA-directed&nbsp;RNA&nbsp;polymerase&nbsp;subunit&nbsp;alpha,75.5
940282.CADQ01000101_gene1488,rplX,50S&nbsp;ribosomal&nbsp;protein&nbsp;L24,75.5
940282.CADQ01000012_gene2745,lolD,Lipoprotein-releasing&nbsp;system&nbsp;ATP-binding&nbsp;protein&nbsp;LolD,75.4
940282.CADQ01000010_gene29,metZ,O-succinylhomoserine&nbsp;sulfhydrylase,75.3
940282.CADQ01000012_gene2685,gshB,annotation&nbsp;not&nbsp;available,75.2
940282.CADQ01000100_gene1143,mutL,DNA&nbsp;mismatch&nbsp;repair&nbsp;protein&nbsp;MutL,75.1
940282.CADQ01000101_gene1585,rpsD,30S&nbsp;ribosomal&nbsp;protein&nbsp;S4,74.9
940282.CADQ01000002_gene412,exaA,annotation&nbsp;not&nbsp;available,74.9
940282.CADQ01000012_gene2604,cysE,annotation&nbsp;not&nbsp;available,74.9
940282.CADQ01000022_gene2157,CADQ01000022_gene2157,annotation&nbsp;not&nbsp;available,74.8
940282.CADQ01000008_gene115,CADQ01000008_gene115,annotation&nbsp;not&nbsp;available,74.7
940282.CADQ01000101_gene1588,idh3,annotation&nbsp;not&nbsp;available,74.7
940282.CADQ01000101_gene1502,rplQ,annotation&nbsp;not&nbsp;available,74.6
940282.CADQ01000014_gene2466,prpC,annotation&nbsp;not&nbsp;available,74.5
940282.CADQ01000012_gene2674,CADQ01000012_gene2674,annotation&nbsp;not&nbsp;available,74.4
940282.CADQ01000012_gene2683,CADQ01000012_gene2683,annotation&nbsp;not&nbsp;available,74.2
940282.CADQ01000101_gene1663,moaA,"GTP&nbsp;3',8-cyclase",74.2
940282.CADQ01000012_gene2708,CADQ01000012_gene2708,annotation&nbsp;not&nbsp;available,74.2
940282.CADQ01000006_gene191,puuC,annotation&nbsp;not&nbsp;available,74.2
940282.CADQ01000018_gene2558,poxB,annotation&nbsp;not&nbsp;available,74.0
940282.CADQ01000034_gene900,CADQ01000034_gene900,annotation&nbsp;not&nbsp;available,73.9
940282.CADQ01000101_gene1497,secY,Protein&nbsp;translocase&nbsp;subunit&nbsp;SecY,73.9
940282.CADQ01000031_gene1962,nadE,Glutamine-dependent&nbsp;NAD(+)&nbsp;synthetase,73.8
940282.CADQ01000018_gene2553,glgB,"1,4-alpha-glucan&nbsp;branching&nbsp;enzyme&nbsp;GlgB",73.8
940282.CADQ01000002_gene416,cyoB,annotation&nbsp;not&nbsp;available,73.5
940282.CADQ01000006_gene183,CADQ01000006_gene183,annotation&nbsp;not&nbsp;available,73.5
940282.CADQ01000034_gene853,bamD,Outer&nbsp;membrane&nbsp;protein&nbsp;assembly&nbsp;factor&nbsp;BamD,73.2
940282.CADQ01000022_gene2158,clpS,ATP-dependent&nbsp;Clp&nbsp;protease&nbsp;adapter&nbsp;protein&nbsp;ClpS,73.1
940282.CADQ01000034_gene922,thrB,annotation&nbsp;not&nbsp;available,73.0
940282.CADQ01000101_gene1426,CADQ01000101_gene1426,annotation&nbsp;not&nbsp;available,72.9
940282.CADQ01000022_gene2178,dinB,DNA&nbsp;polymerase&nbsp;IV,72.8
940282.CADQ01000101_gene1705,cysD,annotation&nbsp;not&nbsp;available,72.8
940282.CADQ01000012_gene2738,nuoL,annotation&nbsp;not&nbsp;available,72.6
940282.CADQ01000100_gene1237,relA,GTP&nbsp;diphosphokinase,72.3
940282.CADQ01000101_gene1641,rpmG,annotation&nbsp;not&nbsp;available,72.2
940282.CADQ01000054_gene597,CADQ01000054_gene597,annotation&nbsp;not&nbsp;available,71.9
940282.CADQ01000046_gene711,CADQ01000046_gene711,annotation&nbsp;not&nbsp;available,71.7
940282.CADQ01000101_gene1467,rplA,50S&nbsp;ribosomal&nbsp;protein&nbsp;L1,71.7
940282.CADQ01000054_gene594,aldA,annotation&nbsp;not&nbsp;available,71.7
940282.CADQ01000101_gene1570,CADQ01000101_gene1570,ATP-dependent&nbsp;protease&nbsp;ATPase&nbsp;subunit&nbsp;HslU,71.2
940282.CADQ01000012_gene2728,nuoB,NADH-quinone&nbsp;oxidoreductase&nbsp;subunit&nbsp;B,71.0
940282.CADQ01000014_gene2445,CADQ01000014_gene2445,annotation&nbsp;not&nbsp;available,71.0
940282.CADQ01000031_gene1896,CADQ01000031_gene1896,annotation&nbsp;not&nbsp;available,70.9
940282.CADQ01000101_gene1531,ilvA,L-threonine&nbsp;dehydratase&nbsp;catabolic&nbsp;TdcB,70.9
940282.CADQ01000002_gene450,CADQ01000002_gene450,annotation&nbsp;not&nbsp;available,70.8
940282.CADQ01000012_gene2715,CADQ01000012_gene2715,annotation&nbsp;not&nbsp;available,70.7
940282.CADQ01000101_gene1704,cysH,Phosphoadenylyl-sulfate&nbsp;reductase&nbsp;(Thioredoxin),70.7
940282.CADQ01000031_gene1905,sdhB,annotation&nbsp;not&nbsp;available,70.6
940282.CADQ01000101_gene1595,purE,N5-carboxyaminoimidazole&nbsp;ribonucleotide&nbsp;mutase,70.6
940282.CADQ01000101_gene1643,eno,Enolase,70.5
940282.CADQ01000034_gene894,pabB,annotation&nbsp;not&nbsp;available,70.4
940282.CADQ01000040_gene1042,katE,Catalase,70.2
940282.CADQ01000100_gene1216,yidC,Membrane&nbsp;protein&nbsp;insertase&nbsp;YidC,70.2
940282.CADQ01000100_gene1226,bamA,Outer&nbsp;membrane&nbsp;protein&nbsp;assembly&nbsp;factor&nbsp;BamA,70.1
940282.CADQ01000101_gene1481,rpsS,30S&nbsp;ribosomal&nbsp;protein&nbsp;S19,70.1
940282.CADQ01000067_gene642,CADQ01000067_gene642,annotation&nbsp;not&nbsp;available,70.0
940282.CADQ01000060_gene567,CADQ01000060_gene567,annotation&nbsp;not&nbsp;available,69.9
940282.CADQ01000008_gene80,CADQ01000008_gene80,annotation&nbsp;not&nbsp;available,69.8
940282.CADQ01000005_gene390,ansA,annotation&nbsp;not&nbsp;available,69.7
940282.CADQ01000100_gene1286,CADQ01000100_gene1286,annotation&nbsp;not&nbsp;available,69.6
940282.CADQ01000059_gene564,CADQ01000059_gene564,annotation&nbsp;not&nbsp;available,69.5
940282.CADQ01000101_gene1493,rplR,50S&nbsp;ribosomal&nbsp;protein&nbsp;L18,69.3
940282.CADQ01000029_gene1849,CADQ01000029_gene1849,annotation&nbsp;not&nbsp;available,69.3
940282.CADQ01000100_gene1167,glcD,annotation&nbsp;not&nbsp;available,69.2
940282.CADQ01000100_gene1135,CADQ01000100_gene1135,annotation&nbsp;not&nbsp;available,69.1
940282.CADQ01000034_gene899,aspB,annotation&nbsp;not&nbsp;available,69.0
940282.CADQ01000101_gene1666,CADQ01000101_gene1666,Glutaredoxin,68.7
940282.CADQ01000022_gene2149,grpE,Protein&nbsp;GrpE,68.7
940282.CADQ01000002_gene407,apt,Adenine&nbsp;phosphoribosyltransferase,68.6
940282.CADQ01000100_gene1199,kdsD,annotation&nbsp;not&nbsp;available,68.5
940282.CADQ01000002_gene442,atpC,ATP&nbsp;synthase&nbsp;epsilon&nbsp;chain,68.5
940282.CADQ01000101_gene1689,holB,annotation&nbsp;not&nbsp;available,68.5
940282.CADQ01000012_gene2662,rpsU,annotation&nbsp;not&nbsp;available,68.4
940282.CADQ01000101_gene1774,rpsT,30S&nbsp;ribosomal&nbsp;protein&nbsp;S20,68.3
940282.CADQ01000006_gene184,CADQ01000006_gene184,annotation&nbsp;not&nbsp;available,67.9
940282.CADQ01000101_gene1662,CADQ01000101_gene1662,annotation&nbsp;not&nbsp;available,67.8
940282.CADQ01000040_gene1053,CADQ01000040_gene1053,annotation&nbsp;not&nbsp;available,67.6
940282.CADQ01000002_gene435,maeB,annotation&nbsp;not&nbsp;available,67.6
940282.CADQ01000101_gene1483,rpsC,30S&nbsp;ribosomal&nbsp;protein&nbsp;S3,67.4
940282.CADQ01000013_gene2578,CADQ01000013_gene2578,annotation&nbsp;not&nbsp;available,67.3
940282.CADQ01000012_gene2734,nuoH,NADH-quinone&nbsp;oxidoreductase&nbsp;subunit&nbsp;H,67.3
940282.CADQ01000022_gene2094,CADQ01000022_gene2094,annotation&nbsp;not&nbsp;available,67.2
940282.CADQ01000100_gene1179,putA,Bifunctional&nbsp;protein&nbsp;PutA,67.2
940282.CADQ01000034_gene834,CADQ01000034_gene834,annotation&nbsp;not&nbsp;available,67.2
940282.CADQ01000012_gene2673,himA,Integration&nbsp;host&nbsp;factor&nbsp;subunit&nbsp;alpha,67.1
940282.CADQ01000012_gene2595,CADQ01000012_gene2595,annotation&nbsp;not&nbsp;available,67.1
940282.CADQ01000006_gene165,CADQ01000006_gene165,annotation&nbsp;not&nbsp;available,67.1
940282.CADQ01000019_gene2530,eutC,annotation&nbsp;not&nbsp;available,67.0
940282.CADQ01000022_gene2214,CADQ01000022_gene2214,annotation&nbsp;not&nbsp;available,67.0
940282.CADQ01000100_gene1126,pyrB,annotation&nbsp;not&nbsp;available,67.0
940282.CADQ01000101_gene1604,secD,Protein&nbsp;translocase&nbsp;subunit&nbsp;SecD,66.8
940282.CADQ01000004_gene284,cysK,annotation&nbsp;not&nbsp;available,66.7
940282.CADQ01000012_gene2735,nuoI,NADH-quinone&nbsp;oxidoreductase&nbsp;subunit&nbsp;I,66.7
940282.CADQ01000002_gene419,DB34_04490,Ferredoxin,66.6
940282.CADQ01000053_gene551,CADQ01000053_gene551,annotation&nbsp;not&nbsp;available,66.6
940282.CADQ01000022_gene2194,otsA,annotation&nbsp;not&nbsp;available,66.4
940282.CADQ01000001_gene549,CADQ01000001_gene549,annotation&nbsp;not&nbsp;available,66.4
940282.CADQ01000101_gene1572,CADQ01000101_gene1572,annotation&nbsp;not&nbsp;available,66.3
940282.CADQ01000012_gene2591,groS,10&nbsp;kDa&nbsp;chaperonin,66.2
940282.CADQ01000101_gene1734,metC,annotation&nbsp;not&nbsp;available,66.2
940282.CADQ01000031_gene1908,CADQ01000031_gene1908,annotation&nbsp;not&nbsp;available,66.1
940282.CADQ01000012_gene2594,dinG,annotation&nbsp;not&nbsp;available,65.9
940282.CADQ01000034_gene856,ppdK,annotation&nbsp;not&nbsp;available,65.9
940282.CADQ01000005_gene389,asdA,annotation&nbsp;not&nbsp;available,65.9
940282.CADQ01000101_gene1583,CADQ01000101_gene1583,annotation&nbsp;not&nbsp;available,65.9
940282.CADQ01000100_gene1079,CADQ01000100_gene1079,annotation&nbsp;not&nbsp;available,65.9
940282.CADQ01000101_gene1757,CADQ01000101_gene1757,Acetyltransferase&nbsp;component&nbsp;of&nbsp;pyruvate&nbsp;dehydrogenase&nbsp;complex,65.7
940282.CADQ01000027_gene2088,CADQ01000027_gene2088,annotation&nbsp;not&nbsp;available,65.4
940282.CADQ01000100_gene1070,gabD,annotation&nbsp;not&nbsp;available,65.3
940282.CADQ01000010_gene8,CADQ01000010_gene8,annotation&nbsp;not&nbsp;available,65.2
940282.CADQ01000022_gene2121,phoR,annotation&nbsp;not&nbsp;available,65.2
940282.CADQ01000016_gene2305,gcvP,Glycine&nbsp;dehydrogenase&nbsp;(decarboxylating),65.2
940282.CADQ01000101_gene1561,frmB,S-formylglutathione&nbsp;hydrolase,65.0
940282.CADQ01000101_gene1717,acpP,Acyl&nbsp;carrier&nbsp;protein,64.8
940282.CADQ01000101_gene1611,pyrE,Orotate&nbsp;phosphoribosyltransferase,64.8
940282.CADQ01000101_gene1473,rpsL,30S&nbsp;ribosomal&nbsp;protein&nbsp;S12,64.6
940282.CADQ01000005_gene346,CADQ01000005_gene346,annotation&nbsp;not&nbsp;available,64.5
940282.CADQ01000034_gene999,frdA,annotation&nbsp;not&nbsp;available,64.4
940282.CADQ01000054_gene586,CADQ01000054_gene586,annotation&nbsp;not&nbsp;available,64.4
940282.CADQ01000016_gene2329,metH,annotation&nbsp;not&nbsp;available,64.4
940282.CADQ01000005_gene373,uctC,annotation&nbsp;not&nbsp;available,64.2
940282.CADQ01000100_gene1120,dlsT,Dihydrolipoyllysine-residue&nbsp;succinyltransferase&nbsp;component&nbsp;of&nbsp;2-oxoglutarate&nbsp;dehydrogenase&nbsp;complex,64.2
940282.CADQ01000022_gene2128,trpB,Tryptophan&nbsp;synthase&nbsp;beta&nbsp;chain,64.1
940282.CADQ01000100_gene1264,CADQ01000100_gene1264,annotation&nbsp;not&nbsp;available,63.9
940282.CADQ01000003_gene476,CADQ01000003_gene476,annotation&nbsp;not&nbsp;available,63.9
940282.CADQ01000034_gene934,hisG,ATP&nbsp;phosphoribosyltransferase,63.8
940282.CADQ01000005_gene350,CADQ01000005_gene350,annotation&nbsp;not&nbsp;available,63.8
940282.CADQ01000031_gene1902,pgk,annotation&nbsp;not&nbsp;available,63.8
940282.CADQ01000012_gene2739,nuoN,NADH-quinone&nbsp;oxidoreductase&nbsp;subunit&nbsp;N,63.7
940282.CADQ01000100_gene1128,plsY,Glycerol-3-phosphate&nbsp;acyltransferase,63.7
940282.CADQ01000101_gene1615,CADQ01000101_gene1615,annotation&nbsp;not&nbsp;available,63.7
940282.CADQ01000101_gene1594,purK,N5-carboxyaminoimidazole&nbsp;ribonucleotide&nbsp;synthase,63.5
940282.CADQ01000003_gene497,polA,DNA&nbsp;polymerase&nbsp;I,63.4
940282.CADQ01000002_gene445,CADQ01000002_gene445,annotation&nbsp;not&nbsp;available,63.4
940282.CADQ01000003_gene456,CADQ01000003_gene456,annotation&nbsp;not&nbsp;available,63.2
940282.CADQ01000016_gene2357,CADQ01000016_gene2357,annotation&nbsp;not&nbsp;available,63.2
940282.CADQ01000062_gene635,CADQ01000062_gene635,annotation&nbsp;not&nbsp;available,63.2
940282.CADQ01000001_gene550,CADQ01000001_gene550,annotation&nbsp;not&nbsp;available,63.2
940282.CADQ01000023_gene2265,CADQ01000023_gene2265,annotation&nbsp;not&nbsp;available,63.1
940282.CADQ01000034_gene826,rplU,50S&nbsp;ribosomal&nbsp;protein&nbsp;L21,62.9
940282.CADQ01000008_gene79,nicA,annotation&nbsp;not&nbsp;available,62.9
940282.CADQ01000101_gene1708,CADQ01000101_gene1708,annotation&nbsp;not&nbsp;available,62.8
940282.CADQ01000012_gene2658,rplS,50S&nbsp;ribosomal&nbsp;protein&nbsp;L19,62.8
940282.CADQ01000009_gene118,CADQ01000009_gene118,annotation&nbsp;not&nbsp;available,62.8
940282.CADQ01000003_gene501,cydB,annotation&nbsp;not&nbsp;available,62.7
940282.CADQ01000012_gene2732,nuoF,NADH-quinone&nbsp;oxidoreductase&nbsp;subunit&nbsp;F,62.5
940282.CADQ01000101_gene1567,CADQ01000101_gene1567,annotation&nbsp;not&nbsp;available,62.5
940282.CADQ01000101_gene1617,CADQ01000101_gene1617,annotation&nbsp;not&nbsp;available,62.4
940282.CADQ01000016_gene2308,CADQ01000016_gene2308,annotation&nbsp;not&nbsp;available,62.4
940282.CADQ01000034_gene907,ndk,Nucleoside&nbsp;diphosphate&nbsp;kinase,62.3
940282.CADQ01000022_gene2244,CADQ01000022_gene2244,annotation&nbsp;not&nbsp;available,62.2
940282.CADQ01000012_gene2733,nuoG,annotation&nbsp;not&nbsp;available,62.2
940282.CADQ01000006_gene181,CADQ01000006_gene181,annotation&nbsp;not&nbsp;available,62.2
940282.CADQ01000101_gene1421,purN,Phosphoribosylglycinamide&nbsp;formyltransferase,62.1
940282.CADQ01000101_gene1713,impA,annotation&nbsp;not&nbsp;available,62.1
940282.CADQ01000016_gene2306,gcvH,Glycine&nbsp;cleavage&nbsp;system&nbsp;H&nbsp;protein,61.8
940282.CADQ01000101_gene1569,hslV,ATP-dependent&nbsp;protease&nbsp;subunit&nbsp;HslV,61.7
940282.CADQ01000017_gene2288,CADQ01000017_gene2288,annotation&nbsp;not&nbsp;available,61.6
940282.CADQ01000016_gene2317,rpsO,30S&nbsp;ribosomal&nbsp;protein&nbsp;S15,61.4
940282.CADQ01000002_gene417,cyoC,annotation&nbsp;not&nbsp;available,61.4
940282.CADQ01000018_gene2552,CADQ01000018_gene2552,annotation&nbsp;not&nbsp;available,61.3
940282.CADQ01000101_gene1706,cysC,Adenylyl-sulfate&nbsp;kinase,61.2
940282.CADQ01000101_gene1486,rpsQ,30S&nbsp;ribosomal&nbsp;protein&nbsp;S17,61.2
940282.CADQ01000018_gene2550,CADQ01000018_gene2550,annotation&nbsp;not&nbsp;available,61.1
940282.CADQ01000012_gene2705,rpmB,annotation&nbsp;not&nbsp;available,61.0
940282.CADQ01000010_gene12,ribA,Multifunctional&nbsp;fusion&nbsp;protein,60.9
940282.CADQ01000022_gene2212,CADQ01000022_gene2212,annotation&nbsp;not&nbsp;available,60.9
940282.CADQ01000039_gene1025,CADQ01000039_gene1025,annotation&nbsp;not&nbsp;available,60.9
940282.CADQ01000010_gene16,CADQ01000010_gene16,annotation&nbsp;not&nbsp;available,60.8
940282.CADQ01000101_gene1413,aroE,Shikimate&nbsp;dehydrogenase&nbsp;(NADP(+)),60.3
940282.CADQ01000101_gene1762,trpD,Anthranilate&nbsp;phosphoribosyltransferase,60.3
940282.CADQ01000039_gene1024,ldhD,annotation&nbsp;not&nbsp;available,60.1
940282.CADQ01000004_gene283,guaA,GMP&nbsp;synthase&nbsp;[glutamine-hydrolyzing],60.0
940282.CADQ01000101_gene1718,fabG,annotation&nbsp;not&nbsp;available,60.0
940282.CADQ01000101_gene1492,rplF,50S&nbsp;ribosomal&nbsp;protein&nbsp;L6,59.8
940282.CADQ01000101_gene1541,rplI,50S&nbsp;ribosomal&nbsp;protein&nbsp;L9,59.8
940282.CADQ01000034_gene855,ligA,DNA&nbsp;ligase,59.8
940282.CADQ01000014_gene2444,mdlC,annotation&nbsp;not&nbsp;available,59.4
940282.CADQ01000100_gene1360,CADQ01000100_gene1360,annotation&nbsp;not&nbsp;available,59.4
940282.CADQ01000031_gene1963,CADQ01000031_gene1963,annotation&nbsp;not&nbsp;available,59.4
940282.CADQ01000101_gene1613,gltA,annotation&nbsp;not&nbsp;available,59.3
940282.CADQ01000022_gene2145,metK,S-adenosylmethionine&nbsp;synthase,59.2
940282.CADQ01000101_gene1743,purL,Phosphoribosylformylglycinamidine&nbsp;synthase&nbsp;subunit&nbsp;PurL,59.2
940282.CADQ01000031_gene1986,ruvB,Holliday&nbsp;junction&nbsp;ATP-dependent&nbsp;DNA&nbsp;helicase&nbsp;RuvB,59.1
940282.CADQ01000101_gene1732,serA,annotation&nbsp;not&nbsp;available,59.0
940282.CADQ01000016_gene2352,rplM,50S&nbsp;ribosomal&nbsp;protein&nbsp;L13,59.0
940282.CADQ01000101_gene1450,CADQ01000101_gene1450,annotation&nbsp;not&nbsp;available,58.7
940282.CADQ01000031_gene1970,proC,Pyrroline-5-carboxylate&nbsp;reductase,58.7
940282.CADQ01000022_gene2200,nrdA,annotation&nbsp;not&nbsp;available,58.7
940282.CADQ01000004_gene264,CADQ01000004_gene264,annotation&nbsp;not&nbsp;available,58.7
940282.CADQ01000012_gene2630,CADQ01000012_gene2630,annotation&nbsp;not&nbsp;available,58.6
940282.CADQ01000016_gene2381,nusA,Transcription&nbsp;termination/antitermination&nbsp;protein&nbsp;NusA,58.6
940282.CADQ01000031_gene1900,tktA,annotation&nbsp;not&nbsp;available,58.5
940282.CADQ01000013_gene2569,CADQ01000013_gene2569,annotation&nbsp;not&nbsp;available,58.5
940282.CADQ01000034_gene927,gltB,annotation&nbsp;not&nbsp;available,58.4
940282.CADQ01000010_gene27,folE,annotation&nbsp;not&nbsp;available,58.4
940282.CADQ01000101_gene1495,rpmD,annotation&nbsp;not&nbsp;available,58.4
940282.CADQ01000004_gene248,CADQ01000004_gene248,annotation&nbsp;not&nbsp;available,58.3
940282.CADQ01000029_gene1856,CADQ01000029_gene1856,annotation&nbsp;not&nbsp;available,58.3
940282.CADQ01000005_gene371,frc,Formyl-CoA:oxalate&nbsp;CoA-transferase,58.0
940282.CADQ01000008_gene111,CADQ01000008_gene111,annotation&nbsp;not&nbsp;available,58.0
940282.CADQ01000101_gene1792,nrdR,Transcriptional&nbsp;repressor&nbsp;NrdR,57.9
940282.CADQ01000100_gene1255,idh1,annotation&nbsp;not&nbsp;available,57.6
940282.CADQ01000002_gene438,atpH,ATP&nbsp;synthase&nbsp;subunit&nbsp;delta,57.5
940282.CADQ01000039_gene1028,yhb1,annotation&nbsp;not&nbsp;available,57.5
940282.CADQ01000016_gene2336,CADQ01000016_gene2336,annotation&nbsp;not&nbsp;available,57.5
940282.CADQ01000018_gene2548,CADQ01000018_gene2548,annotation&nbsp;not&nbsp;available,57.4
940282.CADQ01000003_gene473,CADQ01000003_gene473,annotation&nbsp;not&nbsp;available,57.3
940282.CADQ01000016_gene2379,infB,Translation&nbsp;initiation&nbsp;factor&nbsp;IF-2,57.3
940282.CADQ01000015_gene2425,preA,annotation&nbsp;not&nbsp;available,57.3
940282.CADQ01000101_gene1763,pabA,annotation&nbsp;not&nbsp;available,57.1
940282.CADQ01000054_gene584,mauB,annotation&nbsp;not&nbsp;available,57.1
940282.CADQ01000009_gene117,gabT,annotation&nbsp;not&nbsp;available,57.1
940282.CADQ01000101_gene1533,carB,annotation&nbsp;not&nbsp;available,57.1
940282.CADQ01000101_gene1537,rpoD,RNA&nbsp;polymerase&nbsp;sigma&nbsp;factor&nbsp;RpoD,57.0
940282.CADQ01000013_gene2583,scrK,annotation&nbsp;not&nbsp;available,56.8
940282.CADQ01000101_gene1494,rpsE,30S&nbsp;ribosomal&nbsp;protein&nbsp;S5,56.7
940282.CADQ01000100_gene1209,fmt,Methionyl-tRNA&nbsp;formyltransferase,56.7
940282.CADQ01000100_gene1231,frr,Ribosome-recycling&nbsp;factor,56.7
940282.CADQ01000016_gene2347,CADQ01000016_gene2347,annotation&nbsp;not&nbsp;available,56.7
940282.CADQ01000012_gene2701,glnD,Bifunctional&nbsp;uridylyltransferase/uridylyl-removing&nbsp;enzyme,56.6
940282.CADQ01000016_gene2373,DB34_02860,annotation&nbsp;not&nbsp;available,56.6
940282.CADQ01000031_gene1911,CADQ01000031_gene1911,annotation&nbsp;not&nbsp;available,56.4
940282.CADQ01000034_gene875,serB,annotation&nbsp;not&nbsp;available,56.4
940282.CADQ01000101_gene1568,CADQ01000101_gene1568,annotation&nbsp;not&nbsp;available,56.3
940282.CADQ01000002_gene425,CADQ01000002_gene425,annotation&nbsp;not&nbsp;available,56.3
940282.CADQ01000002_gene449,cysA,annotation&nbsp;not&nbsp;available,56.3
940282.CADQ01000012_gene2751,CADQ01000012_gene2751,annotation&nbsp;not&nbsp;available,56.3
940282.CADQ01000016_gene2325,CADQ01000016_gene2325,annotation&nbsp;not&nbsp;available,56.2
940282.CADQ01000002_gene441,atpD,ATP&nbsp;synthase&nbsp;subunit&nbsp;beta,56.2
940282.CADQ01000012_gene2706,fusA,Elongation&nbsp;factor&nbsp;G,56.1
940282.CADQ01000015_gene2424,gltD,annotation&nbsp;not&nbsp;available,56.1
940282.CADQ01000031_gene2009,iscS,annotation&nbsp;not&nbsp;available,55.9
940282.CADQ01000101_gene1439,CADQ01000101_gene1439,annotation&nbsp;not&nbsp;available,55.8
940282.CADQ01000012_gene2700,CADQ01000012_gene2700,DNA&nbsp;mismatch&nbsp;repair&nbsp;protein&nbsp;MutS,55.5
940282.CADQ01000031_gene1985,ruvA,Holliday&nbsp;junction&nbsp;ATP-dependent&nbsp;DNA&nbsp;helicase&nbsp;RuvA,55.5
940282.CADQ01000002_gene429,sthA,annotation&nbsp;not&nbsp;available,55.5
940282.CADQ01000101_gene1485,rpmC,annotation&nbsp;not&nbsp;available,55.2
940282.CADQ01000101_gene1499,rpsM,30S&nbsp;ribosomal&nbsp;protein&nbsp;S13,55.2
940282.CADQ01000065_gene648,CADQ01000065_gene648,annotation&nbsp;not&nbsp;available,55.1
940282.CADQ01000101_gene1716,fabF,3-oxoacyl-[acyl-carrier-protein]&nbsp;synthase&nbsp;2,55.1
940282.CADQ01000100_gene1100,aroB,Multifunctional&nbsp;fusion&nbsp;protein,55.0
940282.CADQ01000030_gene1866,CADQ01000030_gene1866,annotation&nbsp;not&nbsp;available,54.9
940282.CADQ01000016_gene2307,gcvT,annotation&nbsp;not&nbsp;available,54.9
940282.CADQ01000016_gene2346,CADQ01000016_gene2346,annotation&nbsp;not&nbsp;available,54.8
940282.CADQ01000026_gene2064,cobL,annotation&nbsp;not&nbsp;available,54.8
940282.CADQ01000006_gene180,CADQ01000006_gene180,annotation&nbsp;not&nbsp;available,54.7
940282.CADQ01000016_gene2309,speD,S-adenosylmethionine&nbsp;decarboxylase&nbsp;proenzyme,54.5
940282.CADQ01000101_gene1821,pucG,annotation&nbsp;not&nbsp;available,54.5
940282.CADQ01000034_gene889,rpsB,annotation&nbsp;not&nbsp;available,54.5
940282.CADQ01000101_gene1759,CADQ01000101_gene1759,Pyruvate&nbsp;dehydrogenase&nbsp;E1&nbsp;component&nbsp;subunit&nbsp;alpha,54.4
940282.CADQ01000031_gene1906,sdhA,annotation&nbsp;not&nbsp;available,54.4
940282.CADQ01000031_gene1918,purD,annotation&nbsp;not&nbsp;available,54.3
940282.CADQ01000100_gene1275,ybfF,annotation&nbsp;not&nbsp;available,54.3
940282.CADQ01000012_gene2655,rpsP,annotation&nbsp;not&nbsp;available,54.2
940282.CADQ01000004_gene293,CADQ01000004_gene293,annotation&nbsp;not&nbsp;available,54.1
940282.CADQ01000009_gene120,gatC,Aspartyl/glutamyl-tRNA(Asn/Gln)&nbsp;amidotransferase&nbsp;subunit&nbsp;C,54.0
940282.CADQ01000024_gene2029,CADQ01000024_gene2029,annotation&nbsp;not&nbsp;available,53.8
940282.CADQ01000094_gene1059,DB34_00225,annotation&nbsp;not&nbsp;available,53.7
940282.CADQ01000101_gene1756,pdhD,annotation&nbsp;not&nbsp;available,53.6
940282.CADQ01000016_gene2370,thyX,Flavin-dependent&nbsp;thymidylate&nbsp;synthase,53.5
940282.CADQ01000012_gene2684,dpm1,annotation&nbsp;not&nbsp;available,53.5
940282.CADQ01000031_gene1879,CADQ01000031_gene1879,30S&nbsp;ribosomal&nbsp;protein&nbsp;S1,53.4
940282.CADQ01000101_gene1410,argH,annotation&nbsp;not&nbsp;available,53.4
940282.CADQ01000014_gene2455,ctc,50S&nbsp;ribosomal&nbsp;protein&nbsp;L25,53.4
940282.CADQ01000012_gene2659,leuC,3-isopropylmalate&nbsp;dehydratase&nbsp;large&nbsp;subunit,53.3
940282.CADQ01000008_gene104,ipdC,annotation&nbsp;not&nbsp;available,53.2
940282.CADQ01000054_gene590,CADQ01000054_gene590,annotation&nbsp;not&nbsp;available,53.0
940282.CADQ01000100_gene1391,CADQ01000100_gene1391,annotation&nbsp;not&nbsp;available,52.9
940282.CADQ01000101_gene1761,trpC,annotation&nbsp;not&nbsp;available,52.8
940282.CADQ01000009_gene121,gatA,Glutamyl-tRNA(Gln)&nbsp;amidotransferase&nbsp;subunit&nbsp;A,52.7
940282.CADQ01000034_gene866,CADQ01000034_gene866,annotation&nbsp;not&nbsp;available,52.7
940282.CADQ01000015_gene2420,trpF,annotation&nbsp;not&nbsp;available,52.5
940282.CADQ01000016_gene2339,CADQ01000016_gene2339,ATP&nbsp;synthase&nbsp;subunit&nbsp;b,52.5
940282.CADQ01000075_gene677,CADQ01000075_gene677,annotation&nbsp;not&nbsp;available,52.3
940282.CADQ01000012_gene2737,nuoK,NADH-quinone&nbsp;oxidoreductase&nbsp;subunit&nbsp;K,52.1
940282.CADQ01000012_gene2727,nuoA,NADH-quinone&nbsp;oxidoreductase&nbsp;subunit&nbsp;A,52.0
940282.CADQ01000013_gene2577,CADQ01000013_gene2577,Protein&nbsp;FdhE&nbsp;like&nbsp;protein,52.0
940282.CADQ01000101_gene1824,CADQ01000101_gene1824,annotation&nbsp;not&nbsp;available,52.0
940282.CADQ01000101_gene1470,rpoB,DNA-directed&nbsp;RNA&nbsp;polymerase&nbsp;subunit&nbsp;beta,51.7
940282.CADQ01000012_gene2621,CADQ01000012_gene2621,annotation&nbsp;not&nbsp;available,51.6
940282.CADQ01000002_gene415,cyoA,annotation&nbsp;not&nbsp;available,51.6
940282.CADQ01000013_gene2568,nifJ,Pyruvate-flavodoxin&nbsp;oxidoreductase,51.3
940282.CADQ01000004_gene292,CADQ01000004_gene292,annotation&nbsp;not&nbsp;available,51.1
940282.CADQ01000026_gene2062,cobM,annotation&nbsp;not&nbsp;available,51.0
940282.CADQ01000012_gene2678,CADQ01000012_gene2678,Integration&nbsp;host&nbsp;factor&nbsp;subunit&nbsp;beta,51.0
