637390.AFOH01000131_gene1915,AFOH01000131_gene1915,annotation&nbsp;not&nbsp;available,98.9
637390.AFOH01000135_gene1836,AFOH01000135_gene1836,annotation&nbsp;not&nbsp;available,98.9
637390.AFOH01000132_gene1901,AFOH01000132_gene1901,annotation&nbsp;not&nbsp;available,98.8
637390.AFOH01000106_gene71,AFOH01000106_gene71,annotation&nbsp;not&nbsp;available,98.8
637390.AFOH01000118_gene327,nusG,Transcription&nbsp;termination/antitermination&nbsp;protein&nbsp;NusG,98.7
637390.AFOH01000087_gene2629,rnc,Ribonuclease&nbsp;3,98.7
637390.AFOH01000135_gene1827,AFOH01000135_gene1827,annotation&nbsp;not&nbsp;available,98.5
637390.AFOH01000046_gene2114,AFOH01000046_gene2114,annotation&nbsp;not&nbsp;available,98.2
637390.AFOH01000106_gene125,AFOH01000106_gene125,NADH-quinone&nbsp;oxidoreductase&nbsp;subunit&nbsp;H,98.2
637390.AFOH01000007_gene932,AFOH01000007_gene932,annotation&nbsp;not&nbsp;available,98.2
637390.AFOH01000013_gene739,AFOH01000013_gene739,annotation&nbsp;not&nbsp;available,98.2
637390.AFOH01000040_gene2348,AFOH01000040_gene2348,annotation&nbsp;not&nbsp;available,98.2
637390.AFOH01000112_gene2930,AFOH01000112_gene2930,annotation&nbsp;not&nbsp;available,98.1
637390.AFOH01000082_gene2505,AFOH01000082_gene2505,annotation&nbsp;not&nbsp;available,97.9
637390.AFOH01000030_gene1405,AFOH01000030_gene1405,Cell&nbsp;division&nbsp;protein&nbsp;FtsX,97.9
637390.AFOH01000106_gene73,AFOH01000106_gene73,annotation&nbsp;not&nbsp;available,97.8
637390.AFOH01000117_gene2714,aroQ,3-dehydroquinate&nbsp;dehydratase,97.8
637390.AFOH01000006_gene968,AFOH01000006_gene968,annotation&nbsp;not&nbsp;available,97.7
637390.AFOH01000045_gene2168,AFOH01000045_gene2168,annotation&nbsp;not&nbsp;available,97.7
637390.AFOH01000097_gene273,AFOH01000097_gene273,annotation&nbsp;not&nbsp;available,97.6
637390.AFOH01000069_gene2955,rpsS,30S&nbsp;ribosomal&nbsp;protein&nbsp;S19,97.6
637390.AFOH01000114_gene2701,glnA,annotation&nbsp;not&nbsp;available,97.5
637390.AFOH01000098_gene16,AFOH01000098_gene16,annotation&nbsp;not&nbsp;available,97.4
637390.AFOH01000051_gene1668,AFOH01000051_gene1668,annotation&nbsp;not&nbsp;available,97.4
637390.AFOH01000108_gene862,AFOH01000108_gene862,16S&nbsp;rRNA&nbsp;(Cytosine(967)-C(5))-methyltransferase,97.4
637390.AFOH01000120_gene544,rnhA,Ribonuclease&nbsp;H,97.3
637390.AFOH01000087_gene2635,AFOH01000087_gene2635,annotation&nbsp;not&nbsp;available,97.2
637390.AFOH01000012_gene672,prfB,Peptide&nbsp;chain&nbsp;release&nbsp;factor&nbsp;2,97.2
637390.AFOH01000006_gene983,AFOH01000006_gene983,annotation&nbsp;not&nbsp;available,97.2
637390.AFOH01000069_gene2943,rpsE,30S&nbsp;ribosomal&nbsp;protein&nbsp;S5,97.2
637390.AFOH01000087_gene2633,acpS,Holo-[acyl-carrier-protein]&nbsp;synthase,97.2
637390.AFOH01000047_gene2034,AFOH01000047_gene2034,annotation&nbsp;not&nbsp;available,97.1
637390.AFOH01000071_gene2876,AFOH01000071_gene2876,annotation&nbsp;not&nbsp;available,97.1
637390.AFOH01000106_gene86,hisG,ATP&nbsp;phosphoribosyltransferase,97.1
637390.AFOH01000029_gene1370,AFOH01000029_gene1370,Replicative&nbsp;DNA&nbsp;helicase,97.1
637390.AFOH01000030_gene1395,hemA,Glutamyl-tRNA&nbsp;reductase,97.0
637390.AFOH01000132_gene1880,gltB,annotation&nbsp;not&nbsp;available,96.7
637390.AFOH01000122_gene396,AFOH01000122_gene396,Ribonucleoside-diphosphate&nbsp;reductase,96.7
637390.AFOH01000105_gene54,AFOH01000105_gene54,annotation&nbsp;not&nbsp;available,96.7
637390.AFOH01000122_gene422,pheS,annotation&nbsp;not&nbsp;available,96.6
637390.AFOH01000026_gene1089,AFOH01000026_gene1089,annotation&nbsp;not&nbsp;available,96.5
637390.AFOH01000004_gene1026,rpsU,annotation&nbsp;not&nbsp;available,96.4
637390.AFOH01000002_gene897,AFOH01000002_gene897,L-aspartate&nbsp;oxidase,96.3
637390.AFOH01000030_gene1391,prs,Ribose-phosphate&nbsp;pyrophosphokinase,96.3
637390.AFOH01000117_gene2719,ftsQ,Cell&nbsp;division&nbsp;protein&nbsp;FtsQ,96.3
637390.AFOH01000012_gene675,lolD,Lipoprotein-releasing&nbsp;system&nbsp;ATP-binding&nbsp;protein&nbsp;LolD,96.2
637390.AFOH01000082_gene2526,mutS,DNA&nbsp;mismatch&nbsp;repair&nbsp;protein&nbsp;MutS,96.2
637390.AFOH01000105_gene52,AFOH01000105_gene52,annotation&nbsp;not&nbsp;available,96.1
637390.AFOH01000056_gene1618,gmhA,Phosphoheptose&nbsp;isomerase,96.1
637390.AFOH01000013_gene745,AFOH01000013_gene745,annotation&nbsp;not&nbsp;available,96.1
637390.AFOH01000120_gene549,argD,annotation&nbsp;not&nbsp;available,96.0
637390.AFOH01000117_gene2770,argB,Acetylglutamate&nbsp;kinase,96.0
637390.AFOH01000098_gene17,AFOH01000098_gene17,annotation&nbsp;not&nbsp;available,96.0
637390.AFOH01000118_gene332,rpoB,DNA-directed&nbsp;RNA&nbsp;polymerase&nbsp;subunit&nbsp;beta,95.9
637390.AFOH01000081_gene2571,alaS,Alanine--tRNA&nbsp;ligase,95.9
637390.AFOH01000078_gene2680,AFOH01000078_gene2680,annotation&nbsp;not&nbsp;available,95.8
637390.AFOH01000013_gene722,glyS,annotation&nbsp;not&nbsp;available,95.8
637390.AFOH01000040_gene2320,AFOH01000040_gene2320,annotation&nbsp;not&nbsp;available,95.8
637390.AFOH01000046_gene2111,accA,Acetyl-coenzyme&nbsp;A&nbsp;carboxylase&nbsp;carboxyl&nbsp;transferase&nbsp;subunit&nbsp;alpha,95.6
637390.AFOH01000013_gene749,moaC,Cyclic&nbsp;pyranopterin&nbsp;monophosphate&nbsp;synthase,95.4
637390.AFOH01000044_gene2211,AFOH01000044_gene2211,annotation&nbsp;not&nbsp;available,95.4
637390.AFOH01000044_gene2210,pepA,Probable&nbsp;cytosol&nbsp;aminopeptidase,95.4
637390.AFOH01000045_gene2139,rep,ATP-dependent&nbsp;DNA&nbsp;helicase&nbsp;Rep,95.3
637390.AFOH01000074_gene2691,hslU,ATP-dependent&nbsp;protease&nbsp;ATPase&nbsp;subunit&nbsp;HslU,95.3
637390.AFOH01000101_gene202,AFOH01000101_gene202,annotation&nbsp;not&nbsp;available,95.3
637390.AFOH01000069_gene2953,rpsC,30S&nbsp;ribosomal&nbsp;protein&nbsp;S3,95.2
637390.AFOH01000105_gene45,AFOH01000105_gene45,annotation&nbsp;not&nbsp;available,95.2
637390.AFOH01000117_gene2803,metX,Homoserine&nbsp;O-succinyltransferase,95.2
637390.AFOH01000045_gene2135,AFOH01000045_gene2135,annotation&nbsp;not&nbsp;available,95.0
637390.AFOH01000013_gene767,AFOH01000013_gene767,Glycine&nbsp;cleavage&nbsp;system&nbsp;H&nbsp;protein,95.0
637390.AFOH01000164_gene320,cyaY,annotation&nbsp;not&nbsp;available,95.0
637390.AFOH01000131_gene1930,AFOH01000131_gene1930,annotation&nbsp;not&nbsp;available,94.9
637390.AFOH01000132_gene1897,AFOH01000132_gene1897,annotation&nbsp;not&nbsp;available,94.8
637390.AFOH01000131_gene1927,AFOH01000131_gene1927,Enolase,94.8
637390.AFOH01000007_gene924,carB,annotation&nbsp;not&nbsp;available,94.8
637390.AFOH01000049_gene1515,AFOH01000049_gene1515,annotation&nbsp;not&nbsp;available,94.7
637390.AFOH01000010_gene787,AFOH01000010_gene787,annotation&nbsp;not&nbsp;available,94.7
637390.AFOH01000051_gene1690,AFOH01000051_gene1690,annotation&nbsp;not&nbsp;available,94.7
637390.AFOH01000037_gene1509,AFOH01000037_gene1509,annotation&nbsp;not&nbsp;available,94.7
637390.AFOH01000006_gene1000,ychF,Ribosome-binding&nbsp;ATPase&nbsp;YchF,94.6
637390.AFOH01000007_gene935,rpiA,Ribose-5-phosphate&nbsp;isomerase&nbsp;A,94.6
637390.AFOH01000082_gene2490,AFOH01000082_gene2490,annotation&nbsp;not&nbsp;available,94.6
637390.AFOH01000069_gene2942,rpmD,annotation&nbsp;not&nbsp;available,94.5
637390.AFOH01000122_gene465,AFOH01000122_gene465,annotation&nbsp;not&nbsp;available,94.5
637390.AFOH01000036_gene1467,AFOH01000036_gene1467,annotation&nbsp;not&nbsp;available,94.5
637390.AFOH01000045_gene2173,AFOH01000045_gene2173,annotation&nbsp;not&nbsp;available,94.5
637390.AFOH01000013_gene747,AFOH01000013_gene747,annotation&nbsp;not&nbsp;available,94.4
637390.AFOH01000037_gene1497,AFOH01000037_gene1497,annotation&nbsp;not&nbsp;available,94.4
637390.AFOH01000132_gene1867,AFOH01000132_gene1867,Endonuclease&nbsp;MutS2,94.4
637390.AFOH01000006_gene965,AFOH01000006_gene965,annotation&nbsp;not&nbsp;available,94.3
637390.AFOH01000046_gene2101,bamA,Outer&nbsp;membrane&nbsp;protein&nbsp;assembly&nbsp;factor&nbsp;BamA,94.2
637390.AFOH01000042_gene2266,AFOH01000042_gene2266,annotation&nbsp;not&nbsp;available,94.1
637390.AFOH01000132_gene1878,AFOH01000132_gene1878,Thymidylate&nbsp;synthase,94.1
637390.AFOH01000003_gene886,hfq,RNA-binding&nbsp;protein&nbsp;Hfq,94.1
637390.AFOH01000097_gene272,AFOH01000097_gene272,annotation&nbsp;not&nbsp;available,94.1
637390.AFOH01000039_gene2424,aroA,3-phosphoshikimate&nbsp;1-carboxyvinyltransferase,94.1
637390.AFOH01000156_gene236,AFOH01000156_gene236,annotation&nbsp;not&nbsp;available,94.0
637390.AFOH01000005_gene1013,AFOH01000005_gene1013,annotation&nbsp;not&nbsp;available,93.9
637390.AFOH01000132_gene1888,ilvA,L-threonine&nbsp;dehydratase,93.9
637390.AFOH01000115_gene2697,AFOH01000115_gene2697,"2,3-bisphosphoglycerate-independent&nbsp;phosphoglycerate&nbsp;mutase",93.9
637390.AFOH01000098_gene2,dapA,4-hydroxy-tetrahydrodipicolinate&nbsp;synthase,93.9
637390.AFOH01000120_gene536,infB,Translation&nbsp;initiation&nbsp;factor&nbsp;IF-2,93.8
637390.AFOH01000108_gene854,glcF,annotation&nbsp;not&nbsp;available,93.8
637390.AFOH01000006_gene982,AFOH01000006_gene982,annotation&nbsp;not&nbsp;available,93.8
637390.AFOH01000071_gene2882,AFOH01000071_gene2882,annotation&nbsp;not&nbsp;available,93.8
637390.AFOH01000082_gene2535,AFOH01000082_gene2535,Phosphate&nbsp;transport&nbsp;system&nbsp;permease&nbsp;protein,93.7
637390.AFOH01000050_gene1740,ligA,DNA&nbsp;ligase,93.7
637390.AFOH01000120_gene554,AFOH01000120_gene554,annotation&nbsp;not&nbsp;available,93.7
637390.AFOH01000107_gene179,atpF,ATP&nbsp;synthase&nbsp;subunit&nbsp;b,93.5
637390.AFOH01000108_gene840,gidA,tRNA&nbsp;uridine&nbsp;5-carboxymethylaminomethyl&nbsp;modification&nbsp;enzyme&nbsp;MnmG,93.4
637390.AFOH01000046_gene2077,hscB,Co-chaperone&nbsp;protein&nbsp;HscB&nbsp;homolog,93.4
637390.AFOH01000029_gene1353,glgB,"1,4-alpha-glucan&nbsp;branching&nbsp;enzyme&nbsp;GlgB",93.4
637390.AFOH01000156_gene238,AFOH01000156_gene238,annotation&nbsp;not&nbsp;available,93.3
637390.AFOH01000106_gene131,AFOH01000106_gene131,NADH-quinone&nbsp;oxidoreductase&nbsp;subunit,93.2
637390.AFOH01000109_gene833,dnaA,Chromosomal&nbsp;replication&nbsp;initiator&nbsp;protein&nbsp;DnaA,93.1
637390.AFOH01000082_gene2524,AFOH01000082_gene2524,annotation&nbsp;not&nbsp;available,93.1
637390.AFOH01000082_gene2532,AFOH01000082_gene2532,annotation&nbsp;not&nbsp;available,93.1
637390.AFOH01000144_gene1305,acsA,Acetyl-coenzyme&nbsp;A&nbsp;synthetase,93.0
637390.AFOH01000056_gene1612,AFOH01000056_gene1612,annotation&nbsp;not&nbsp;available,93.0
637390.AFOH01000007_gene934,AFOH01000007_gene934,annotation&nbsp;not&nbsp;available,93.0
637390.AFOH01000098_gene18,AFOH01000098_gene18,annotation&nbsp;not&nbsp;available,92.9
637390.AFOH01000047_gene2006,AFOH01000047_gene2006,annotation&nbsp;not&nbsp;available,92.9
637390.AFOH01000130_gene1959,trpF,annotation&nbsp;not&nbsp;available,92.9
637390.AFOH01000071_gene2879,AFOH01000071_gene2879,annotation&nbsp;not&nbsp;available,92.9
637390.AFOH01000123_gene499,AFOH01000123_gene499,annotation&nbsp;not&nbsp;available,92.9
637390.AFOH01000069_gene2956,rplB,50S&nbsp;ribosomal&nbsp;protein&nbsp;L2,92.8
637390.AFOH01000024_gene1080,AFOH01000024_gene1080,annotation&nbsp;not&nbsp;available,92.8
637390.AFOH01000040_gene2375,AFOH01000040_gene2375,annotation&nbsp;not&nbsp;available,92.7
637390.AFOH01000138_gene1168,AFOH01000138_gene1168,annotation&nbsp;not&nbsp;available,92.6
637390.AFOH01000123_gene500,AFOH01000123_gene500,annotation&nbsp;not&nbsp;available,92.6
637390.AFOH01000081_gene2573,AFOH01000081_gene2573,annotation&nbsp;not&nbsp;available,92.5
637390.AFOH01000056_gene1587,AFOH01000056_gene1587,annotation&nbsp;not&nbsp;available,92.5
637390.AFOH01000120_gene568,sucD,Succinate--CoA&nbsp;ligase&nbsp;[ADP-forming]&nbsp;subunit&nbsp;alpha,92.5
637390.AFOH01000028_gene1327,rplS,50S&nbsp;ribosomal&nbsp;protein&nbsp;L19,92.5
637390.AFOH01000117_gene2759,bioD,ATP-dependent&nbsp;dethiobiotin&nbsp;synthetase&nbsp;BioD,92.4
637390.AFOH01000041_gene2282,AFOH01000041_gene2282,annotation&nbsp;not&nbsp;available,92.4
637390.AFOH01000037_gene1475,gmk,Guanylate&nbsp;kinase,92.3
637390.AFOH01000046_gene2063,ilvD,annotation&nbsp;not&nbsp;available,92.3
637390.AFOH01000117_gene2781,AFOH01000117_gene2781,annotation&nbsp;not&nbsp;available,92.3
637390.AFOH01000007_gene926,uppP,Undecaprenyl-diphosphatase,92.3
637390.AFOH01000122_gene418,thrS,Threonine--tRNA&nbsp;ligase,92.2
637390.AFOH01000120_gene545,dnaQ,DNA&nbsp;polymerase&nbsp;III&nbsp;subunit&nbsp;epsilon,92.2
637390.AFOH01000121_gene586,AFOH01000121_gene586,Glucose-1-phosphate&nbsp;thymidylyltransferase,92.1
637390.AFOH01000117_gene2709,AFOH01000117_gene2709,annotation&nbsp;not&nbsp;available,92.1
637390.AFOH01000111_gene2815,nadA,Quinolinate&nbsp;synthase&nbsp;A,92.1
637390.AFOH01000130_gene1962,asd,Aspartate-semialdehyde&nbsp;dehydrogenase,92.0
637390.AFOH01000119_gene357,ispF,"2-C-methyl-D-erythritol&nbsp;2,4-cyclodiphosphate&nbsp;synthase",92.0
637390.AFOH01000046_gene2120,parC,DNA&nbsp;topoisomerase&nbsp;4&nbsp;subunit&nbsp;A,91.9
637390.AFOH01000111_gene2824,AFOH01000111_gene2824,annotation&nbsp;not&nbsp;available,91.9
637390.AFOH01000117_gene2806,nrdR,Transcriptional&nbsp;repressor&nbsp;NrdR,91.8
637390.AFOH01000013_gene756,AFOH01000013_gene756,annotation&nbsp;not&nbsp;available,91.7
637390.AFOH01000029_gene1349,AFOH01000029_gene1349,annotation&nbsp;not&nbsp;available,91.7
637390.AFOH01000006_gene950,gatB,Aspartyl/glutamyl-tRNA(Asn/Gln)&nbsp;amidotransferase&nbsp;subunit&nbsp;B,91.6
637390.AFOH01000126_gene373,AFOH01000126_gene373,annotation&nbsp;not&nbsp;available,91.4
637390.AFOH01000120_gene577,mtnB,Methylthioribulose-1-phosphate&nbsp;dehydratase,91.4
637390.AFOH01000051_gene1666,AFOH01000051_gene1666,Alpha-D-ribose&nbsp;1-methylphosphonate&nbsp;5-phosphate&nbsp;C-P&nbsp;lyase,91.3
637390.AFOH01000122_gene466,AFOH01000122_gene466,annotation&nbsp;not&nbsp;available,91.3
637390.AFOH01000106_gene64,AFOH01000106_gene64,annotation&nbsp;not&nbsp;available,91.2
637390.AFOH01000096_gene281,AFOH01000096_gene281,annotation&nbsp;not&nbsp;available,91.2
637390.AFOH01000140_gene1246,AFOH01000140_gene1246,annotation&nbsp;not&nbsp;available,91.2
637390.AFOH01000082_gene2512,guaA,GMP&nbsp;synthase&nbsp;[glutamine-hydrolyzing],91.2
637390.AFOH01000069_gene2936,rpsK,30S&nbsp;ribosomal&nbsp;protein&nbsp;S11,91.2
637390.AFOH01000108_gene856,AFOH01000108_gene856,annotation&nbsp;not&nbsp;available,91.1
637390.AFOH01000039_gene2425,cmk,annotation&nbsp;not&nbsp;available,91.0
637390.AFOH01000116_gene916,AFOH01000116_gene916,annotation&nbsp;not&nbsp;available,91.0
637390.AFOH01000111_gene2835,AFOH01000111_gene2835,S-formylglutathione&nbsp;hydrolase,91.0
637390.AFOH01000052_gene1648,AFOH01000052_gene1648,annotation&nbsp;not&nbsp;available,91.0
637390.AFOH01000039_gene2444,AFOH01000039_gene2444,annotation&nbsp;not&nbsp;available,91.0
637390.AFOH01000107_gene161,AFOH01000107_gene161,annotation&nbsp;not&nbsp;available,90.9
637390.AFOH01000011_gene801,AFOH01000011_gene801,annotation&nbsp;not&nbsp;available,90.9
637390.AFOH01000117_gene2751,AFOH01000117_gene2751,annotation&nbsp;not&nbsp;available,90.9
637390.AFOH01000039_gene2426,rpsA,30S&nbsp;ribosomal&nbsp;protein&nbsp;S1,90.8
637390.AFOH01000123_gene496,AFOH01000123_gene496,annotation&nbsp;not&nbsp;available,90.8
637390.AFOH01000164_gene321,AFOH01000164_gene321,annotation&nbsp;not&nbsp;available,90.8
637390.AFOH01000040_gene2317,AFOH01000040_gene2317,annotation&nbsp;not&nbsp;available,90.7
637390.AFOH01000117_gene2740,secA,Protein&nbsp;translocase&nbsp;subunit&nbsp;SecA,90.7
637390.AFOH01000140_gene1255,AFOH01000140_gene1255,annotation&nbsp;not&nbsp;available,90.5
637390.AFOH01000117_gene2756,bioF,8-amino-7-oxononanoate&nbsp;synthase,90.4
637390.AFOH01000137_gene1776,trpE,Anthranilate&nbsp;synthase&nbsp;component&nbsp;1,90.3
637390.AFOH01000107_gene175,atpD,ATP&nbsp;synthase&nbsp;subunit&nbsp;beta,90.3
637390.AFOH01000110_gene2858,AFOH01000110_gene2858,annotation&nbsp;not&nbsp;available,90.2
637390.AFOH01000119_gene348,AFOH01000119_gene348,annotation&nbsp;not&nbsp;available,90.1
637390.AFOH01000071_gene2877,AFOH01000071_gene2877,annotation&nbsp;not&nbsp;available,90.1
637390.AFOH01000069_gene2946,rpsH,30S&nbsp;ribosomal&nbsp;protein&nbsp;S8,90.1
637390.AFOH01000109_gene832,AFOH01000109_gene832,Beta&nbsp;sliding&nbsp;clamp,90.0
637390.AFOH01000057_gene1527,AFOH01000057_gene1527,annotation&nbsp;not&nbsp;available,90.0
637390.AFOH01000013_gene752,AFOH01000013_gene752,annotation&nbsp;not&nbsp;available,90.0
637390.AFOH01000036_gene1437,AFOH01000036_gene1437,annotation&nbsp;not&nbsp;available,90.0
637390.AFOH01000081_gene2599,AFOH01000081_gene2599,annotation&nbsp;not&nbsp;available,90.0
637390.AFOH01000108_gene849,AFOH01000108_gene849,Molybdenum&nbsp;cofactor&nbsp;biosynthesis&nbsp;protein&nbsp;B,89.9
637390.AFOH01000106_gene103,AFOH01000106_gene103,annotation&nbsp;not&nbsp;available,89.9
637390.AFOH01000117_gene2727,murF,UDP-N-acetylmuramoyl-tripeptide--D-alanyl-D-alanine&nbsp;ligase,89.9
637390.AFOH01000040_gene2349,AFOH01000040_gene2349,annotation&nbsp;not&nbsp;available,89.9
637390.AFOH01000029_gene1358,cysM,annotation&nbsp;not&nbsp;available,89.8
637390.AFOH01000135_gene1824,AFOH01000135_gene1824,annotation&nbsp;not&nbsp;available,89.8
637390.AFOH01000056_gene1581,AFOH01000056_gene1581,annotation&nbsp;not&nbsp;available,89.7
637390.AFOH01000130_gene1953,purF,Amidophosphoribosyltransferase,89.7
637390.AFOH01000133_gene1840,purH,annotation&nbsp;not&nbsp;available,89.6
637390.AFOH01000046_gene2105,lpxA,Acyl-[acyl-carrier-protein]--UDP-N-acetylglucosamine&nbsp;O-acyltransferase,89.6
637390.AFOH01000098_gene11,AFOH01000098_gene11,annotation&nbsp;not&nbsp;available,89.6
637390.AFOH01000013_gene699,AFOH01000013_gene699,annotation&nbsp;not&nbsp;available,89.5
637390.AFOH01000010_gene786,AFOH01000010_gene786,annotation&nbsp;not&nbsp;available,89.5
637390.AFOH01000120_gene553,AFOH01000120_gene553,annotation&nbsp;not&nbsp;available,89.5
637390.AFOH01000004_gene1020,lexA,LexA&nbsp;repressor,89.5
637390.AFOH01000107_gene180,atpE,ATP&nbsp;synthase&nbsp;subunit&nbsp;c,89.4
637390.AFOH01000141_gene1288,AFOH01000141_gene1288,annotation&nbsp;not&nbsp;available,89.3
637390.AFOH01000112_gene2929,AFOH01000112_gene2929,annotation&nbsp;not&nbsp;available,89.2
637390.AFOH01000111_gene2833,AFOH01000111_gene2833,annotation&nbsp;not&nbsp;available,89.1
637390.AFOH01000122_gene455,AFOH01000122_gene455,annotation&nbsp;not&nbsp;available,89.1
637390.AFOH01000105_gene36,AFOH01000105_gene36,annotation&nbsp;not&nbsp;available,89.1
637390.AFOH01000039_gene2442,dapE,Succinyl-diaminopimelate&nbsp;desuccinylase,89.1
637390.AFOH01000121_gene597,AFOH01000121_gene597,annotation&nbsp;not&nbsp;available,89.1
637390.AFOH01000050_gene1724,AFOH01000050_gene1724,annotation&nbsp;not&nbsp;available,89.1
637390.AFOH01000037_gene1495,AFOH01000037_gene1495,annotation&nbsp;not&nbsp;available,89.0
637390.AFOH01000119_gene349,AFOH01000119_gene349,Probable&nbsp;S-methyl-5'-thioinosine&nbsp;phosphorylase,89.0
637390.AFOH01000164_gene324,AFOH01000164_gene324,annotation&nbsp;not&nbsp;available,88.9
637390.AFOH01000102_gene203,yidC,Membrane&nbsp;protein&nbsp;insertase&nbsp;YidC,88.9
637390.AFOH01000044_gene2191,rne,Ribonuclease&nbsp;E,88.9
637390.AFOH01000122_gene415,AFOH01000122_gene415,annotation&nbsp;not&nbsp;available,88.8
637390.AFOH01000082_gene2497,flgC,annotation&nbsp;not&nbsp;available,88.8
637390.AFOH01000006_gene951,gatA,Glutamyl-tRNA(Gln)&nbsp;amidotransferase&nbsp;subunit&nbsp;A,88.7
637390.AFOH01000039_gene2427,AFOH01000039_gene2427,Integration&nbsp;host&nbsp;factor&nbsp;subunit&nbsp;beta,88.6
637390.AFOH01000069_gene2957,rplW,50S&nbsp;ribosomal&nbsp;protein&nbsp;L23,88.5
637390.AFOH01000069_gene2948,rplX,50S&nbsp;ribosomal&nbsp;protein&nbsp;L24,88.2
637390.AFOH01000040_gene2365,AFOH01000040_gene2365,annotation&nbsp;not&nbsp;available,88.2
637390.AFOH01000106_gene80,lptD,LPS-assembly&nbsp;protein&nbsp;LptD,88.2
637390.AFOH01000046_gene2085,AFOH01000046_gene2085,annotation&nbsp;not&nbsp;available,88.1
637390.AFOH01000036_gene1434,ilvE,Branched-chain-amino-acid&nbsp;aminotransferase,88.1
637390.AFOH01000131_gene1913,AFOH01000131_gene1913,annotation&nbsp;not&nbsp;available,88.0
637390.AFOH01000110_gene2859,AFOH01000110_gene2859,annotation&nbsp;not&nbsp;available,88.0
637390.AFOH01000082_gene2519,panB,3-methyl-2-oxobutanoate&nbsp;hydroxymethyltransferase,88.0
637390.AFOH01000132_gene1870,tadA,tRNA-specific&nbsp;adenosine&nbsp;deaminase,87.9
637390.AFOH01000013_gene696,AFOH01000013_gene696,annotation&nbsp;not&nbsp;available,87.9
637390.AFOH01000115_gene2696,AFOH01000115_gene2696,annotation&nbsp;not&nbsp;available,87.9
637390.AFOH01000040_gene2316,AFOH01000040_gene2316,annotation&nbsp;not&nbsp;available,87.9
637390.AFOH01000028_gene1323,ffh,Signal&nbsp;recognition&nbsp;particle&nbsp;protein,87.8
637390.AFOH01000081_gene2574,AFOH01000081_gene2574,annotation&nbsp;not&nbsp;available,87.8
637390.AFOH01000137_gene1769,AFOH01000137_gene1769,annotation&nbsp;not&nbsp;available,87.8
637390.AFOH01000046_gene2078,hscA,Chaperone&nbsp;protein&nbsp;HscA&nbsp;homolog,87.7
637390.AFOH01000155_gene253,AFOH01000155_gene253,annotation&nbsp;not&nbsp;available,87.7
637390.AFOH01000003_gene892,AFOH01000003_gene892,annotation&nbsp;not&nbsp;available,87.5
637390.AFOH01000122_gene411,AFOH01000122_gene411,NADH-quinone&nbsp;oxidoreductase&nbsp;subunit&nbsp;I,87.5
637390.AFOH01000050_gene1723,AFOH01000050_gene1723,annotation&nbsp;not&nbsp;available,87.5
637390.AFOH01000044_gene2189,AFOH01000044_gene2189,Glutamate--tRNA&nbsp;ligase,87.3
637390.AFOH01000110_gene2865,AFOH01000110_gene2865,annotation&nbsp;not&nbsp;available,87.3
637390.AFOH01000013_gene712,AFOH01000013_gene712,annotation&nbsp;not&nbsp;available,87.3
637390.AFOH01000117_gene2741,argJ,Arginine&nbsp;biosynthesis&nbsp;bifunctional&nbsp;protein&nbsp;ArgJ,87.3
637390.AFOH01000044_gene2177,AFOH01000044_gene2177,annotation&nbsp;not&nbsp;available,87.2
637390.AFOH01000118_gene329,rplA,50S&nbsp;ribosomal&nbsp;protein&nbsp;L1,87.2
637390.AFOH01000135_gene1837,AFOH01000135_gene1837,annotation&nbsp;not&nbsp;available,87.2
637390.AFOH01000006_gene952,gatC,Aspartyl/glutamyl-tRNA(Asn/Gln)&nbsp;amidotransferase&nbsp;subunit&nbsp;C,87.1
637390.AFOH01000117_gene2808,AFOH01000117_gene2808,annotation&nbsp;not&nbsp;available,87.1
637390.AFOH01000072_gene2902,fabG,annotation&nbsp;not&nbsp;available,87.1
637390.AFOH01000013_gene695,ahcY,Adenosylhomocysteinase,87.0
637390.AFOH01000043_gene2230,AFOH01000043_gene2230,annotation&nbsp;not&nbsp;available,87.0
637390.AFOH01000010_gene790,AFOH01000010_gene790,annotation&nbsp;not&nbsp;available,87.0
637390.AFOH01000099_gene22,metK,S-adenosylmethionine&nbsp;synthase,86.9
637390.AFOH01000006_gene986,proS,Proline--tRNA&nbsp;ligase,86.8
637390.AFOH01000078_gene2678,AFOH01000078_gene2678,annotation&nbsp;not&nbsp;available,86.8
637390.AFOH01000108_gene863,fmt,Methionyl-tRNA&nbsp;formyltransferase,86.8
637390.AFOH01000081_gene2611,AFOH01000081_gene2611,annotation&nbsp;not&nbsp;available,86.7
637390.AFOH01000047_gene2001,AFOH01000047_gene2001,annotation&nbsp;not&nbsp;available,86.7
637390.AFOH01000048_gene1521,AFOH01000048_gene1521,annotation&nbsp;not&nbsp;available,86.7
637390.AFOH01000154_gene249,rph,Ribonuclease&nbsp;PH,86.6
637390.AFOH01000117_gene2765,AFOH01000117_gene2765,annotation&nbsp;not&nbsp;available,86.5
637390.AFOH01000007_gene946,AFOH01000007_gene946,annotation&nbsp;not&nbsp;available,86.5
637390.AFOH01000036_gene1451,AFOH01000036_gene1451,annotation&nbsp;not&nbsp;available,86.4
637390.AFOH01000106_gene122,AFOH01000106_gene122,NADH-quinone&nbsp;oxidoreductase&nbsp;subunit&nbsp;K,86.4
637390.AFOH01000121_gene582,AFOH01000121_gene582,dTDP-4-dehydrorhamnose&nbsp;reductase,86.3
637390.AFOH01000046_gene2093,rpsB,annotation&nbsp;not&nbsp;available,86.3
637390.AFOH01000046_gene2098,AFOH01000046_gene2098,annotation&nbsp;not&nbsp;available,86.3
637390.AFOH01000156_gene237,AFOH01000156_gene237,annotation&nbsp;not&nbsp;available,86.2
637390.AFOH01000117_gene2712,AFOH01000117_gene2712,annotation&nbsp;not&nbsp;available,86.1
637390.AFOH01000110_gene2850,AFOH01000110_gene2850,annotation&nbsp;not&nbsp;available,86.0
637390.AFOH01000106_gene91,hisA,annotation&nbsp;not&nbsp;available,85.9
637390.AFOH01000106_gene126,AFOH01000106_gene126,annotation&nbsp;not&nbsp;available,85.9
637390.AFOH01000098_gene3,AFOH01000098_gene3,annotation&nbsp;not&nbsp;available,85.9
637390.AFOH01000130_gene1976,AFOH01000130_gene1976,annotation&nbsp;not&nbsp;available,85.6
637390.AFOH01000141_gene1295,AFOH01000141_gene1295,annotation&nbsp;not&nbsp;available,85.6
637390.AFOH01000028_gene1335,AFOH01000028_gene1335,Single-stranded&nbsp;DNA-binding&nbsp;protein,85.6
637390.AFOH01000013_gene711,AFOH01000013_gene711,annotation&nbsp;not&nbsp;available,85.6
637390.AFOH01000082_gene2530,AFOH01000082_gene2530,annotation&nbsp;not&nbsp;available,85.5
637390.AFOH01000007_gene947,AFOH01000007_gene947,annotation&nbsp;not&nbsp;available,85.5
637390.AFOH01000005_gene1009,AFOH01000005_gene1009,annotation&nbsp;not&nbsp;available,85.5
637390.AFOH01000122_gene408,AFOH01000122_gene408,NADH-quinone&nbsp;oxidoreductase&nbsp;subunit&nbsp;F,85.5
637390.AFOH01000117_gene2717,ftsZ,Cell&nbsp;division&nbsp;protein&nbsp;FtsZ,85.5
637390.AFOH01000121_gene589,AFOH01000121_gene589,annotation&nbsp;not&nbsp;available,85.4
637390.AFOH01000006_gene966,AFOH01000006_gene966,annotation&nbsp;not&nbsp;available,85.3
637390.AFOH01000069_gene2954,rplV,50S&nbsp;ribosomal&nbsp;protein&nbsp;L22,85.3
637390.AFOH01000081_gene2617,AFOH01000081_gene2617,Flagellar&nbsp;M-ring&nbsp;protein,85.3
637390.AFOH01000111_gene2819,ruvA,Holliday&nbsp;junction&nbsp;ATP-dependent&nbsp;DNA&nbsp;helicase&nbsp;RuvA,85.2
637390.AFOH01000117_gene2757,AFOH01000117_gene2757,annotation&nbsp;not&nbsp;available,85.1
637390.AFOH01000069_gene2949,rplN,50S&nbsp;ribosomal&nbsp;protein&nbsp;L14,85.1
637390.AFOH01000117_gene2790,bamE,Outer&nbsp;membrane&nbsp;protein&nbsp;assembly&nbsp;factor&nbsp;BamE,85.1
637390.AFOH01000039_gene2432,clpP,ATP-dependent&nbsp;Clp&nbsp;protease&nbsp;proteolytic&nbsp;subunit,85.0
637390.AFOH01000110_gene2863,AFOH01000110_gene2863,annotation&nbsp;not&nbsp;available,85.0
637390.AFOH01000120_gene540,pnp,Polyribonucleotide&nbsp;nucleotidyltransferase,85.0
637390.AFOH01000137_gene1774,AFOH01000137_gene1774,annotation&nbsp;not&nbsp;available,85.0
637390.AFOH01000010_gene781,AFOH01000010_gene781,annotation&nbsp;not&nbsp;available,84.9
637390.AFOH01000131_gene1922,AFOH01000131_gene1922,annotation&nbsp;not&nbsp;available,84.9
637390.AFOH01000013_gene751,AFOH01000013_gene751,annotation&nbsp;not&nbsp;available,84.9
637390.AFOH01000007_gene940,leuC,3-isopropylmalate&nbsp;dehydratase&nbsp;large&nbsp;subunit,84.9
637390.AFOH01000105_gene39,AFOH01000105_gene39,annotation&nbsp;not&nbsp;available,84.9
637390.AFOH01000047_gene2008,AFOH01000047_gene2008,annotation&nbsp;not&nbsp;available,84.7
637390.AFOH01000141_gene1290,AFOH01000141_gene1290,annotation&nbsp;not&nbsp;available,84.7
637390.AFOH01000122_gene410,AFOH01000122_gene410,NADH-quinone&nbsp;oxidoreductase&nbsp;subunit&nbsp;H,84.6
637390.AFOH01000120_gene565,AFOH01000120_gene565,annotation&nbsp;not&nbsp;available,84.6
637390.AFOH01000159_gene298,AFOH01000159_gene298,annotation&nbsp;not&nbsp;available,84.6
637390.AFOH01000051_gene1665,AFOH01000051_gene1665,annotation&nbsp;not&nbsp;available,84.6
637390.AFOH01000030_gene1400,AFOH01000030_gene1400,annotation&nbsp;not&nbsp;available,84.6
637390.AFOH01000082_gene2513,guaB,Inosine-5'-monophosphate&nbsp;dehydrogenase,84.5
637390.AFOH01000121_gene591,AFOH01000121_gene591,annotation&nbsp;not&nbsp;available,84.5
637390.AFOH01000041_gene2308,AFOH01000041_gene2308,annotation&nbsp;not&nbsp;available,84.4
637390.AFOH01000106_gene102,gshB,annotation&nbsp;not&nbsp;available,84.3
637390.AFOH01000081_gene2600,motC,annotation&nbsp;not&nbsp;available,84.3
637390.AFOH01000082_gene2531,pyrC,Dihydroorotase,84.3
637390.AFOH01000042_gene2260,AFOH01000042_gene2260,annotation&nbsp;not&nbsp;available,84.2
637390.AFOH01000110_gene2860,AFOH01000110_gene2860,annotation&nbsp;not&nbsp;available,84.1
637390.AFOH01000110_gene2851,AFOH01000110_gene2851,annotation&nbsp;not&nbsp;available,84.0
637390.AFOH01000056_gene1604,recB,RecBCD&nbsp;enzyme&nbsp;subunit&nbsp;RecB,84.0
637390.AFOH01000036_gene1445,ileS,Isoleucine--tRNA&nbsp;ligase,83.9
637390.AFOH01000015_gene660,AFOH01000015_gene660,Glutaredoxin,83.8
637390.AFOH01000029_gene1352,glgC,Glucose-1-phosphate&nbsp;adenylyltransferase,83.6
637390.AFOH01000120_gene569,nadE,Glutamine-dependent&nbsp;NAD(+)&nbsp;synthetase,83.5
637390.AFOH01000040_gene2325,AFOH01000040_gene2325,annotation&nbsp;not&nbsp;available,83.5
637390.AFOH01000029_gene1359,AFOH01000029_gene1359,annotation&nbsp;not&nbsp;available,83.5
637390.AFOH01000039_gene2433,clpX,ATP-dependent&nbsp;Clp&nbsp;protease&nbsp;ATP-binding&nbsp;subunit&nbsp;ClpX,83.4
637390.AFOH01000139_gene1193,AFOH01000139_gene1193,annotation&nbsp;not&nbsp;available,83.4
637390.AFOH01000118_gene334,rpsL,30S&nbsp;ribosomal&nbsp;protein&nbsp;S12,83.3
637390.AFOH01000012_gene674,AFOH01000012_gene674,annotation&nbsp;not&nbsp;available,83.3
637390.AFOH01000121_gene610,AFOH01000121_gene610,annotation&nbsp;not&nbsp;available,83.2
637390.AFOH01000056_gene1577,AFOH01000056_gene1577,annotation&nbsp;not&nbsp;available,83.2
637390.AFOH01000005_gene1008,AFOH01000005_gene1008,annotation&nbsp;not&nbsp;available,83.2
637390.AFOH01000110_gene2856,AFOH01000110_gene2856,annotation&nbsp;not&nbsp;available,83.1
637390.AFOH01000108_gene860,AFOH01000108_gene860,annotation&nbsp;not&nbsp;available,82.8
637390.AFOH01000022_gene1098,AFOH01000022_gene1098,Bacterioferritin,82.8
637390.AFOH01000109_gene830,gyrB,DNA&nbsp;gyrase&nbsp;subunit&nbsp;B,82.8
637390.AFOH01000106_gene120,AFOH01000106_gene120,annotation&nbsp;not&nbsp;available,82.8
637390.AFOH01000050_gene1713,AFOH01000050_gene1713,Peptidyl-prolyl&nbsp;cis-trans&nbsp;isomerase,82.7
637390.AFOH01000047_gene2004,AFOH01000047_gene2004,annotation&nbsp;not&nbsp;available,82.7
637390.AFOH01000149_gene214,clpA,annotation&nbsp;not&nbsp;available,82.7
637390.AFOH01000107_gene171,AFOH01000107_gene171,annotation&nbsp;not&nbsp;available,82.7
637390.AFOH01000046_gene2070,AFOH01000046_gene2070,annotation&nbsp;not&nbsp;available,82.7
637390.AFOH01000143_gene1298,AFOH01000143_gene1298,annotation&nbsp;not&nbsp;available,82.6
637390.AFOH01000098_gene8,AFOH01000098_gene8,annotation&nbsp;not&nbsp;available,82.6
637390.AFOH01000011_gene810,rpmB,annotation&nbsp;not&nbsp;available,82.6
637390.AFOH01000046_gene2097,AFOH01000046_gene2097,Isoprenyl&nbsp;transferase,82.6
637390.AFOH01000036_gene1471,AFOH01000036_gene1471,annotation&nbsp;not&nbsp;available,82.5
637390.AFOH01000051_gene1667,phnK,annotation&nbsp;not&nbsp;available,82.5
637390.AFOH01000138_gene1162,AFOH01000138_gene1162,annotation&nbsp;not&nbsp;available,82.4
637390.AFOH01000130_gene1963,leuB,3-isopropylmalate&nbsp;dehydrogenase,82.4
637390.AFOH01000108_gene870,minC,Probable&nbsp;septum&nbsp;site-determining&nbsp;protein&nbsp;MinC,82.4
637390.AFOH01000117_gene2795,rplU,50S&nbsp;ribosomal&nbsp;protein&nbsp;L21,82.4
637390.AFOH01000081_gene2619,AFOH01000081_gene2619,annotation&nbsp;not&nbsp;available,82.3
637390.AFOH01000051_gene1664,AFOH01000051_gene1664,annotation&nbsp;not&nbsp;available,82.1
637390.AFOH01000004_gene1023,dnaG,DNA&nbsp;primase,82.1
637390.AFOH01000105_gene57,speH,S-adenosylmethionine&nbsp;decarboxylase&nbsp;proenzyme,82.0
637390.AFOH01000131_gene1916,AFOH01000131_gene1916,Sensor&nbsp;protein,82.0
637390.AFOH01000011_gene800,AFOH01000011_gene800,annotation&nbsp;not&nbsp;available,81.9
637390.AFOH01000117_gene2801,AFOH01000117_gene2801,annotation&nbsp;not&nbsp;available,81.8
637390.AFOH01000112_gene2925,AFOH01000112_gene2925,annotation&nbsp;not&nbsp;available,81.8
637390.AFOH01000069_gene2939,adk,Adenylate&nbsp;kinase,81.8
637390.AFOH01000082_gene2503,AFOH01000082_gene2503,Uncharacterized&nbsp;protein,81.7
637390.AFOH01000087_gene2634,AFOH01000087_gene2634,annotation&nbsp;not&nbsp;available,81.7
637390.AFOH01000140_gene1240,AFOH01000140_gene1240,annotation&nbsp;not&nbsp;available,81.6
637390.AFOH01000029_gene1356,AFOH01000029_gene1356,annotation&nbsp;not&nbsp;available,81.6
637390.AFOH01000045_gene2150,AFOH01000045_gene2150,annotation&nbsp;not&nbsp;available,81.6
637390.AFOH01000130_gene1975,AFOH01000130_gene1975,annotation&nbsp;not&nbsp;available,81.5
637390.AFOH01000120_gene548,AFOH01000120_gene548,Ornithine&nbsp;carbamoyltransferase,81.5
637390.AFOH01000069_gene2958,rplD,50S&nbsp;ribosomal&nbsp;protein&nbsp;L4,81.5
637390.AFOH01000107_gene181,AFOH01000107_gene181,annotation&nbsp;not&nbsp;available,81.4
637390.AFOH01000072_gene2900,fabH,3-oxoacyl-[acyl-carrier-protein]&nbsp;synthase&nbsp;3,81.4
637390.AFOH01000056_gene1561,AFOH01000056_gene1561,annotation&nbsp;not&nbsp;available,81.4
637390.AFOH01000056_gene1616,AFOH01000056_gene1616,annotation&nbsp;not&nbsp;available,81.4
637390.AFOH01000011_gene819,dcd,annotation&nbsp;not&nbsp;available,81.3
637390.AFOH01000069_gene2947,rplE,50S&nbsp;ribosomal&nbsp;protein&nbsp;L5,81.3
637390.AFOH01000122_gene424,himA,Integration&nbsp;host&nbsp;factor&nbsp;subunit&nbsp;alpha,81.2
637390.AFOH01000072_gene2899,plsX,Phosphate&nbsp;acyltransferase,81.2
637390.AFOH01000047_gene2003,AFOH01000047_gene2003,annotation&nbsp;not&nbsp;available,81.2
637390.AFOH01000050_gene1719,AFOH01000050_gene1719,2-isopropylmalate&nbsp;synthase,81.1
637390.AFOH01000038_gene2455,recD2,ATP-dependent&nbsp;RecD-like&nbsp;DNA&nbsp;helicase,81.1
637390.AFOH01000039_gene2450,AFOH01000039_gene2450,annotation&nbsp;not&nbsp;available,81.0
637390.AFOH01000007_gene949,AFOH01000007_gene949,annotation&nbsp;not&nbsp;available,81.0
637390.AFOH01000010_gene791,AFOH01000010_gene791,annotation&nbsp;not&nbsp;available,81.0
637390.AFOH01000121_gene609,AFOH01000121_gene609,annotation&nbsp;not&nbsp;available,81.0
637390.AFOH01000046_gene2131,AFOH01000046_gene2131,annotation&nbsp;not&nbsp;available,80.9
637390.AFOH01000106_gene93,hisI,annotation&nbsp;not&nbsp;available,80.9
637390.AFOH01000130_gene1966,AFOH01000130_gene1966,annotation&nbsp;not&nbsp;available,80.9
637390.AFOH01000045_gene2148,AFOH01000045_gene2148,annotation&nbsp;not&nbsp;available,80.8
637390.AFOH01000139_gene1205,AFOH01000139_gene1205,annotation&nbsp;not&nbsp;available,80.8
637390.AFOH01000108_gene871,AFOH01000108_gene871,annotation&nbsp;not&nbsp;available,80.8
637390.AFOH01000120_gene570,AFOH01000120_gene570,annotation&nbsp;not&nbsp;available,80.6
637390.AFOH01000111_gene2837,fdhD,Sulfur&nbsp;carrier&nbsp;protein&nbsp;FdhD,80.6
637390.AFOH01000106_gene129,AFOH01000106_gene129,NADH-quinone&nbsp;oxidoreductase&nbsp;subunit&nbsp;D,80.5
637390.AFOH01000012_gene673,lysS,annotation&nbsp;not&nbsp;available,80.4
637390.AFOH01000047_gene2002,AFOH01000047_gene2002,annotation&nbsp;not&nbsp;available,80.3
637390.AFOH01000013_gene764,AFOH01000013_gene764,annotation&nbsp;not&nbsp;available,80.1
637390.AFOH01000132_gene1881,AFOH01000132_gene1881,annotation&nbsp;not&nbsp;available,80.1
637390.AFOH01000082_gene2546,AFOH01000082_gene2546,annotation&nbsp;not&nbsp;available,80.0
637390.AFOH01000106_gene81,surA,Chaperone&nbsp;SurA,80.0
637390.AFOH01000084_gene2645,AFOH01000084_gene2645,annotation&nbsp;not&nbsp;available,79.9
637390.AFOH01000122_gene492,AFOH01000122_gene492,annotation&nbsp;not&nbsp;available,79.8
637390.AFOH01000056_gene1582,AFOH01000056_gene1582,annotation&nbsp;not&nbsp;available,79.7
637390.AFOH01000040_gene2394,AFOH01000040_gene2394,annotation&nbsp;not&nbsp;available,79.6
637390.AFOH01000158_gene308,AFOH01000158_gene308,Acyl&nbsp;carrier&nbsp;protein,79.5
637390.AFOH01000122_gene459,AFOH01000122_gene459,annotation&nbsp;not&nbsp;available,79.5
637390.AFOH01000118_gene333,rpoC,DNA-directed&nbsp;RNA&nbsp;polymerase&nbsp;subunit&nbsp;beta',79.4
637390.AFOH01000006_gene998,ctc,50S&nbsp;ribosomal&nbsp;protein&nbsp;L25,79.4
637390.AFOH01000132_gene1866,AFOH01000132_gene1866,annotation&nbsp;not&nbsp;available,79.4
637390.AFOH01000112_gene2928,AFOH01000112_gene2928,annotation&nbsp;not&nbsp;available,79.4
637390.AFOH01000013_gene709,AFOH01000013_gene709,2-isopropylmalate&nbsp;synthase,79.3
637390.AFOH01000130_gene1956,AFOH01000130_gene1956,annotation&nbsp;not&nbsp;available,79.1
637390.AFOH01000117_gene2728,murE,"UDP-N-acetylmuramoyl-L-alanyl-D-glutamate--2,6-diaminopimelate&nbsp;ligase",79.1
637390.AFOH01000042_gene2267,AFOH01000042_gene2267,annotation&nbsp;not&nbsp;available,78.9
637390.AFOH01000082_gene2502,AFOH01000082_gene2502,annotation&nbsp;not&nbsp;available,78.8
637390.AFOH01000045_gene2163,AFOH01000045_gene2163,annotation&nbsp;not&nbsp;available,78.6
637390.AFOH01000046_gene2060,AFOH01000046_gene2060,annotation&nbsp;not&nbsp;available,78.5
637390.AFOH01000047_gene2000,AFOH01000047_gene2000,Enolase,78.4
637390.AFOH01000029_gene1369,rplI,50S&nbsp;ribosomal&nbsp;protein&nbsp;L9,78.3
637390.AFOH01000106_gene94,tatA,Sec-independent&nbsp;protein&nbsp;translocase&nbsp;protein&nbsp;TatA,78.3
637390.AFOH01000106_gene109,pdhA,Pyruvate&nbsp;dehydrogenase&nbsp;E1&nbsp;component&nbsp;subunit&nbsp;alpha,78.3
637390.AFOH01000030_gene1398,fpg,Formamidopyrimidine-DNA&nbsp;glycosylase,78.2
637390.AFOH01000123_gene509,AFOH01000123_gene509,annotation&nbsp;not&nbsp;available,78.1
637390.AFOH01000082_gene2493,flgG,annotation&nbsp;not&nbsp;available,78.1
637390.AFOH01000013_gene733,lipB,Octanoyltransferase,78.0
637390.AFOH01000037_gene1477,AFOH01000037_gene1477,(P)ppGpp&nbsp;synthetase,78.0
637390.AFOH01000039_gene2445,AFOH01000039_gene2445,annotation&nbsp;not&nbsp;available,78.0
637390.AFOH01000140_gene1230,AFOH01000140_gene1230,annotation&nbsp;not&nbsp;available,77.9
637390.AFOH01000106_gene130,AFOH01000106_gene130,NADH-quinone&nbsp;oxidoreductase&nbsp;subunit&nbsp;B,77.8
637390.AFOH01000122_gene453,AFOH01000122_gene453,annotation&nbsp;not&nbsp;available,77.8
637390.AFOH01000046_gene2084,AFOH01000046_gene2084,annotation&nbsp;not&nbsp;available,77.8
637390.AFOH01000106_gene118,rplM,50S&nbsp;ribosomal&nbsp;protein&nbsp;L13,77.8
637390.AFOH01000106_gene96,tatC,Sec-independent&nbsp;protein&nbsp;translocase&nbsp;protein&nbsp;TatC,77.7
637390.AFOH01000013_gene743,AFOH01000013_gene743,annotation&nbsp;not&nbsp;available,77.7
637390.AFOH01000118_gene328,rplK,50S&nbsp;ribosomal&nbsp;protein&nbsp;L11,77.6
637390.AFOH01000069_gene2960,rpsJ,30S&nbsp;ribosomal&nbsp;protein&nbsp;S10,77.6
637390.AFOH01000046_gene2095,pyrH,Uridylate&nbsp;kinase,77.6
637390.AFOH01000115_gene2694,AFOH01000115_gene2694,annotation&nbsp;not&nbsp;available,77.5
637390.AFOH01000106_gene65,AFOH01000106_gene65,annotation&nbsp;not&nbsp;available,77.4
637390.AFOH01000083_gene2560,recR,Recombination&nbsp;protein&nbsp;RecR,77.4
637390.AFOH01000121_gene596,proA,Gamma-glutamyl&nbsp;phosphate&nbsp;reductase,77.4
637390.AFOH01000108_gene864,AFOH01000108_gene864,Peptide&nbsp;deformylase,77.3
637390.AFOH01000056_gene1591,AFOH01000056_gene1591,annotation&nbsp;not&nbsp;available,77.1
637390.AFOH01000046_gene2130,AFOH01000046_gene2130,annotation&nbsp;not&nbsp;available,77.1
637390.AFOH01000082_gene2494,AFOH01000082_gene2494,annotation&nbsp;not&nbsp;available,77.1
637390.AFOH01000130_gene1965,AFOH01000130_gene1965,Molybdenum&nbsp;cofactor&nbsp;guanylyltransferase,77.0
637390.AFOH01000039_gene2446,AFOH01000039_gene2446,annotation&nbsp;not&nbsp;available,77.0
637390.AFOH01000107_gene169,AFOH01000107_gene169,annotation&nbsp;not&nbsp;available,76.6
637390.AFOH01000032_gene1412,AFOH01000032_gene1412,annotation&nbsp;not&nbsp;available,76.6
637390.AFOH01000056_gene1592,AFOH01000056_gene1592,annotation&nbsp;not&nbsp;available,76.5
637390.AFOH01000120_gene539,rpsO,30S&nbsp;ribosomal&nbsp;protein&nbsp;S15,76.5
637390.AFOH01000101_gene198,nadD,Probable&nbsp;nicotinate-nucleotide&nbsp;adenylyltransferase,76.5
637390.AFOH01000047_gene2011,AFOH01000047_gene2011,annotation&nbsp;not&nbsp;available,76.5
637390.AFOH01000121_gene615,AFOH01000121_gene615,annotation&nbsp;not&nbsp;available,76.5
637390.AFOH01000082_gene2518,AFOH01000082_gene2518,annotation&nbsp;not&nbsp;available,76.5
637390.AFOH01000106_gene68,AFOH01000106_gene68,annotation&nbsp;not&nbsp;available,76.5
637390.AFOH01000132_gene1873,AFOH01000132_gene1873,annotation&nbsp;not&nbsp;available,76.4
637390.AFOH01000098_gene15,AFOH01000098_gene15,annotation&nbsp;not&nbsp;available,76.4
637390.AFOH01000082_gene2548,ndk,Nucleoside&nbsp;diphosphate&nbsp;kinase,76.4
637390.AFOH01000012_gene666,AFOH01000012_gene666,Threonine&nbsp;synthase,76.3
637390.AFOH01000122_gene407,AFOH01000122_gene407,annotation&nbsp;not&nbsp;available,76.3
637390.AFOH01000013_gene763,AFOH01000013_gene763,annotation&nbsp;not&nbsp;available,76.2
637390.AFOH01000117_gene2750,AFOH01000117_gene2750,annotation&nbsp;not&nbsp;available,76.1
637390.AFOH01000120_gene547,argG,annotation&nbsp;not&nbsp;available,76.1
637390.AFOH01000028_gene1334,uvrA,UvrABC&nbsp;system&nbsp;protein&nbsp;A,76.1
637390.AFOH01000122_gene420,rpmI,annotation&nbsp;not&nbsp;available,76.0
637390.AFOH01000047_gene1991,AFOH01000047_gene1991,annotation&nbsp;not&nbsp;available,76.0
637390.AFOH01000037_gene1489,AFOH01000037_gene1489,annotation&nbsp;not&nbsp;available,75.9
637390.AFOH01000082_gene2521,AFOH01000082_gene2521,annotation&nbsp;not&nbsp;available,75.9
637390.AFOH01000056_gene1589,AFOH01000056_gene1589,annotation&nbsp;not&nbsp;available,75.8
637390.AFOH01000122_gene395,AFOH01000122_gene395,Ribonucleoside-diphosphate&nbsp;reductase&nbsp;subunit&nbsp;beta,75.8
637390.AFOH01000037_gene1480,recG,ATP-dependent&nbsp;DNA&nbsp;helicase&nbsp;RecG,75.8
637390.AFOH01000117_gene2726,mraY,Phospho-N-acetylmuramoyl-pentapeptide-transferase,75.8
637390.AFOH01000081_gene2620,AFOH01000081_gene2620,annotation&nbsp;not&nbsp;available,75.6
637390.AFOH01000115_gene2698,AFOH01000115_gene2698,"Alpha-1,4&nbsp;glucan&nbsp;phosphorylase",75.6
637390.AFOH01000117_gene2794,rpmA,annotation&nbsp;not&nbsp;available,75.6
637390.AFOH01000130_gene1946,secD,Protein&nbsp;translocase&nbsp;subunit&nbsp;SecD,75.5
637390.AFOH01000088_gene261,AFOH01000088_gene261,annotation&nbsp;not&nbsp;available,75.5
637390.AFOH01000040_gene2376,AFOH01000040_gene2376,annotation&nbsp;not&nbsp;available,75.4
637390.AFOH01000046_gene2103,lpxD,UDP-3-O-acylglucosamine&nbsp;N-acyltransferase,75.4
637390.AFOH01000036_gene1450,cbbL,Ribulose&nbsp;bisphosphate&nbsp;carboxylase&nbsp;large&nbsp;chain,75.3
637390.AFOH01000149_gene213,clpS,ATP-dependent&nbsp;Clp&nbsp;protease&nbsp;adapter&nbsp;protein&nbsp;ClpS,75.3
637390.AFOH01000126_gene371,AFOH01000126_gene371,annotation&nbsp;not&nbsp;available,75.2
637390.AFOH01000107_gene178,atpH,ATP&nbsp;synthase&nbsp;subunit&nbsp;delta,75.2
637390.AFOH01000133_gene1844,pyrD,Dihydroorotate&nbsp;dehydrogenase&nbsp;(quinone),75.2
637390.AFOH01000072_gene2901,AFOH01000072_gene2901,annotation&nbsp;not&nbsp;available,75.2
637390.AFOH01000043_gene2242,AFOH01000043_gene2242,annotation&nbsp;not&nbsp;available,75.2
637390.AFOH01000121_gene599,leuS,annotation&nbsp;not&nbsp;available,75.1
637390.AFOH01000025_gene1036,AFOH01000025_gene1036,annotation&nbsp;not&nbsp;available,75.1
637390.AFOH01000069_gene2945,rplF,50S&nbsp;ribosomal&nbsp;protein&nbsp;L6,75.1
637390.AFOH01000006_gene984,AFOH01000006_gene984,annotation&nbsp;not&nbsp;available,75.1
637390.AFOH01000107_gene177,atpA,ATP&nbsp;synthase&nbsp;subunit&nbsp;alpha,75.1
637390.AFOH01000117_gene2748,AFOH01000117_gene2748,annotation&nbsp;not&nbsp;available,75.0
637390.AFOH01000043_gene2229,AFOH01000043_gene2229,annotation&nbsp;not&nbsp;available,74.9
637390.AFOH01000045_gene2158,AFOH01000045_gene2158,annotation&nbsp;not&nbsp;available,74.9
637390.AFOH01000136_gene1805,AFOH01000136_gene1805,annotation&nbsp;not&nbsp;available,74.9
637390.AFOH01000069_gene2944,rplR,50S&nbsp;ribosomal&nbsp;protein&nbsp;L18,74.9
637390.AFOH01000101_gene188,thiE,Thiamine-phosphate&nbsp;synthase,74.9
637390.AFOH01000074_gene2690,hslV,ATP-dependent&nbsp;protease&nbsp;subunit&nbsp;HslV,74.7
637390.AFOH01000027_gene1088,AFOH01000027_gene1088,annotation&nbsp;not&nbsp;available,74.7
637390.AFOH01000131_gene1925,efp,Elongation&nbsp;factor&nbsp;P,74.7
637390.AFOH01000013_gene720,AFOH01000013_gene720,annotation&nbsp;not&nbsp;available,74.6
637390.AFOH01000053_gene1636,rho,Transcription&nbsp;termination&nbsp;factor&nbsp;Rho,74.6
637390.AFOH01000119_gene342,AFOH01000119_gene342,Coenzyme&nbsp;A&nbsp;biosynthesis&nbsp;bifunctional&nbsp;protein&nbsp;CoaBC,74.2
637390.AFOH01000104_gene24,fbp,annotation&nbsp;not&nbsp;available,74.2
637390.AFOH01000074_gene2693,AFOH01000074_gene2693,RNA&nbsp;polymerase&nbsp;factor&nbsp;sigma-32,74.1
637390.AFOH01000050_gene1710,xseA,Exodeoxyribonuclease&nbsp;7&nbsp;large&nbsp;subunit,74.1
637390.AFOH01000042_gene2246,AFOH01000042_gene2246,annotation&nbsp;not&nbsp;available,74.1
637390.AFOH01000117_gene2792,AFOH01000117_gene2792,Glutamate&nbsp;5-kinase,74.0
637390.AFOH01000107_gene157,AFOH01000107_gene157,annotation&nbsp;not&nbsp;available,74.0
637390.AFOH01000105_gene56,AFOH01000105_gene56,annotation&nbsp;not&nbsp;available,74.0
637390.AFOH01000081_gene2615,AFOH01000081_gene2615,annotation&nbsp;not&nbsp;available,74.0
637390.AFOH01000132_gene1872,AFOH01000132_gene1872,annotation&nbsp;not&nbsp;available,74.0
637390.AFOH01000083_gene2555,AFOH01000083_gene2555,annotation&nbsp;not&nbsp;available,74.0
637390.AFOH01000132_gene1861,AFOH01000132_gene1861,annotation&nbsp;not&nbsp;available,73.8
637390.AFOH01000082_gene2514,AFOH01000082_gene2514,annotation&nbsp;not&nbsp;available,73.7
637390.AFOH01000044_gene2209,AFOH01000044_gene2209,annotation&nbsp;not&nbsp;available,73.7
637390.AFOH01000013_gene744,AFOH01000013_gene744,annotation&nbsp;not&nbsp;available,73.7
637390.AFOH01000130_gene1952,metZ,O-succinylhomoserine&nbsp;sulfhydrylase,73.5
637390.AFOH01000107_gene151,polA,DNA&nbsp;polymerase&nbsp;I,73.5
637390.AFOH01000039_gene2417,mtnA,Methylthioribose-1-phosphate&nbsp;isomerase,73.3
637390.AFOH01000058_gene1141,lysA,Diaminopimelate&nbsp;decarboxylase,73.2
637390.AFOH01000011_gene821,AFOH01000011_gene821,annotation&nbsp;not&nbsp;available,73.2
637390.AFOH01000051_gene1685,AFOH01000051_gene1685,annotation&nbsp;not&nbsp;available,73.1
637390.AFOH01000107_gene160,AFOH01000107_gene160,annotation&nbsp;not&nbsp;available,73.1
637390.AFOH01000046_gene2079,AFOH01000046_gene2079,annotation&nbsp;not&nbsp;available,73.1
637390.AFOH01000009_gene629,AFOH01000009_gene629,annotation&nbsp;not&nbsp;available,73.0
637390.AFOH01000122_gene403,nuoA,NADH-quinone&nbsp;oxidoreductase&nbsp;subunit&nbsp;A,73.0
637390.AFOH01000116_gene918,AFOH01000116_gene918,annotation&nbsp;not&nbsp;available,73.0
637390.AFOH01000011_gene816,dapB,4-hydroxy-tetrahydrodipicolinate&nbsp;reductase,72.8
637390.AFOH01000027_gene1086,AFOH01000027_gene1086,annotation&nbsp;not&nbsp;available,72.8
637390.AFOH01000071_gene2887,AFOH01000071_gene2887,Ferredoxin,72.7
637390.AFOH01000069_gene2950,rpsQ,30S&nbsp;ribosomal&nbsp;protein&nbsp;S17,72.7
637390.AFOH01000014_gene653,AFOH01000014_gene653,Ferrous&nbsp;iron&nbsp;transport&nbsp;protein&nbsp;B,72.7
637390.AFOH01000131_gene1906,AFOH01000131_gene1906,annotation&nbsp;not&nbsp;available,72.7
637390.AFOH01000111_gene2823,AFOH01000111_gene2823,annotation&nbsp;not&nbsp;available,72.6
637390.AFOH01000137_gene1773,AFOH01000137_gene1773,annotation&nbsp;not&nbsp;available,72.6
637390.AFOH01000044_gene2186,AFOH01000044_gene2186,annotation&nbsp;not&nbsp;available,72.6
637390.AFOH01000007_gene923,carA,annotation&nbsp;not&nbsp;available,72.6
637390.AFOH01000046_gene2076,iscA,annotation&nbsp;not&nbsp;available,72.5
637390.AFOH01000137_gene1754,ompR,annotation&nbsp;not&nbsp;available,72.4
637390.AFOH01000120_gene566,sucC,Succinate--CoA&nbsp;ligase&nbsp;[ADP-forming]&nbsp;subunit&nbsp;beta,72.4
637390.AFOH01000096_gene285,AFOH01000096_gene285,annotation&nbsp;not&nbsp;available,72.1
637390.AFOH01000013_gene758,AFOH01000013_gene758,annotation&nbsp;not&nbsp;available,72.1
637390.AFOH01000002_gene900,AFOH01000002_gene900,annotation&nbsp;not&nbsp;available,72.1
637390.AFOH01000049_gene1517,AFOH01000049_gene1517,annotation&nbsp;not&nbsp;available,72.1
637390.AFOH01000051_gene1681,AFOH01000051_gene1681,"2,3-bisphosphoglycerate-independent&nbsp;phosphoglycerate&nbsp;mutase",72.0
637390.AFOH01000042_gene2245,AFOH01000042_gene2245,annotation&nbsp;not&nbsp;available,72.0
637390.AFOH01000131_gene1923,uvrC,UvrABC&nbsp;system&nbsp;protein&nbsp;C,72.0
637390.AFOH01000122_gene405,nuoC,NADH-quinone&nbsp;oxidoreductase&nbsp;subunit&nbsp;C,71.9
637390.AFOH01000051_gene1693,AFOH01000051_gene1693,annotation&nbsp;not&nbsp;available,71.9
637390.AFOH01000071_gene2881,gcvPA,Probable&nbsp;glycine&nbsp;dehydrogenase&nbsp;(decarboxylating)&nbsp;subunit&nbsp;1,71.9
637390.AFOH01000116_gene919,AFOH01000116_gene919,annotation&nbsp;not&nbsp;available,71.9
637390.AFOH01000119_gene360,AFOH01000119_gene360,annotation&nbsp;not&nbsp;available,71.8
637390.AFOH01000046_gene2072,AFOH01000046_gene2072,annotation&nbsp;not&nbsp;available,71.8
637390.AFOH01000070_gene2889,AFOH01000070_gene2889,annotation&nbsp;not&nbsp;available,71.7
637390.AFOH01000013_gene753,AFOH01000013_gene753,annotation&nbsp;not&nbsp;available,71.7
637390.AFOH01000122_gene404,AFOH01000122_gene404,NADH-quinone&nbsp;oxidoreductase&nbsp;subunit&nbsp;B,71.7
637390.AFOH01000045_gene2138,rpsT,30S&nbsp;ribosomal&nbsp;protein&nbsp;S20,71.7
637390.AFOH01000082_gene2515,pcnB,Poly(A)&nbsp;polymerase&nbsp;I,71.7
637390.AFOH01000135_gene1833,AFOH01000135_gene1833,annotation&nbsp;not&nbsp;available,71.6
637390.AFOH01000135_gene1825,tsaD,tRNA&nbsp;N6-adenosine&nbsp;threonylcarbamoyltransferase,71.6
637390.AFOH01000117_gene2724,AFOH01000117_gene2724,annotation&nbsp;not&nbsp;available,71.6
637390.AFOH01000011_gene808,metG,Methionine--tRNA&nbsp;ligase,71.5
637390.AFOH01000117_gene2771,AFOH01000117_gene2771,annotation&nbsp;not&nbsp;available,71.5
637390.AFOH01000106_gene95,tatB,Sec-independent&nbsp;protein&nbsp;translocase&nbsp;protein&nbsp;TatB,71.5
637390.AFOH01000101_gene201,mnmE,tRNA&nbsp;modification&nbsp;GTPase&nbsp;MnmE,71.4
637390.AFOH01000117_gene2784,purK,N5-carboxyaminoimidazole&nbsp;ribonucleotide&nbsp;synthase,71.4
637390.AFOH01000009_gene630,AFOH01000009_gene630,annotation&nbsp;not&nbsp;available,71.4
637390.AFOH01000082_gene2536,AFOH01000082_gene2536,Phosphate-binding&nbsp;protein&nbsp;PstS,71.3
637390.AFOH01000106_gene108,AFOH01000106_gene108,annotation&nbsp;not&nbsp;available,71.3
637390.AFOH01000117_gene2811,nusB,Transcription&nbsp;antitermination&nbsp;protein&nbsp;NusB,71.3
637390.AFOH01000078_gene2673,AFOH01000078_gene2673,annotation&nbsp;not&nbsp;available,71.3
637390.AFOH01000111_gene2830,hemC,Porphobilinogen&nbsp;deaminase,71.2
637390.AFOH01000050_gene1708,AFOH01000050_gene1708,annotation&nbsp;not&nbsp;available,71.2
637390.AFOH01000108_gene869,AFOH01000108_gene869,Ferredoxin,71.2
637390.AFOH01000005_gene1010,AFOH01000005_gene1010,annotation&nbsp;not&nbsp;available,71.1
637390.AFOH01000132_gene1879,AFOH01000132_gene1879,annotation&nbsp;not&nbsp;available,71.1
637390.AFOH01000137_gene1772,AFOH01000137_gene1772,annotation&nbsp;not&nbsp;available,71.1
637390.AFOH01000110_gene2852,AFOH01000110_gene2852,annotation&nbsp;not&nbsp;available,71.0
637390.AFOH01000122_gene483,AFOH01000122_gene483,annotation&nbsp;not&nbsp;available,71.0
637390.AFOH01000072_gene2903,AFOH01000072_gene2903,Acyl&nbsp;carrier&nbsp;protein,71.0
637390.AFOH01000082_gene2488,AFOH01000082_gene2488,annotation&nbsp;not&nbsp;available,70.8
637390.AFOH01000003_gene882,hisZ,ATP&nbsp;phosphoribosyltransferase&nbsp;regulatory&nbsp;subunit,70.8
637390.AFOH01000039_gene2430,pyrE,Orotate&nbsp;phosphoribosyltransferase,70.7
637390.AFOH01000043_gene2237,AFOH01000043_gene2237,Outer&nbsp;membrane&nbsp;protein&nbsp;assembly&nbsp;factor&nbsp;BamD,70.6
637390.AFOH01000117_gene2718,AFOH01000117_gene2718,annotation&nbsp;not&nbsp;available,70.6
637390.AFOH01000107_gene172,glmS,Glutamine--fructose-6-phosphate&nbsp;aminotransferase&nbsp;[isomerizing],70.5
637390.AFOH01000111_gene2820,ruvB,Holliday&nbsp;junction&nbsp;ATP-dependent&nbsp;DNA&nbsp;helicase&nbsp;RuvB,70.5
637390.AFOH01000058_gene1143,argH,annotation&nbsp;not&nbsp;available,70.4
637390.AFOH01000105_gene53,AFOH01000105_gene53,annotation&nbsp;not&nbsp;available,70.4
637390.AFOH01000126_gene374,AFOH01000126_gene374,annotation&nbsp;not&nbsp;available,70.4
637390.AFOH01000036_gene1431,AFOH01000036_gene1431,annotation&nbsp;not&nbsp;available,70.3
637390.AFOH01000081_gene2572,AFOH01000081_gene2572,annotation&nbsp;not&nbsp;available,70.1
637390.AFOH01000029_gene1362,rlmD,23S&nbsp;rRNA&nbsp;(uracil(1939)-C(5))-methyltransferase&nbsp;RlmD,70.1
637390.AFOH01000120_gene552,tal,Transaldolase,70.1
637390.AFOH01000122_gene434,AFOH01000122_gene434,annotation&nbsp;not&nbsp;available,70.0
637390.AFOH01000131_gene1929,pyrG,CTP&nbsp;synthase,70.0
637390.AFOH01000123_gene515,AFOH01000123_gene515,annotation&nbsp;not&nbsp;available,70.0
637390.AFOH01000130_gene1937,AFOH01000130_gene1937,annotation&nbsp;not&nbsp;available,69.9
637390.AFOH01000040_gene2315,AFOH01000040_gene2315,annotation&nbsp;not&nbsp;available,69.9
637390.AFOH01000122_gene402,AFOH01000122_gene402,annotation&nbsp;not&nbsp;available,69.7
637390.AFOH01000050_gene1709,AFOH01000050_gene1709,annotation&nbsp;not&nbsp;available,69.6
637390.AFOH01000104_gene31,aroE,Shikimate&nbsp;dehydrogenase&nbsp;(NADP(+)),69.6
637390.AFOH01000069_gene2952,rplP,50S&nbsp;ribosomal&nbsp;protein&nbsp;L16,69.5
637390.AFOH01000013_gene740,AFOH01000013_gene740,annotation&nbsp;not&nbsp;available,69.5
637390.AFOH01000088_gene262,AFOH01000088_gene262,annotation&nbsp;not&nbsp;available,69.4
637390.AFOH01000051_gene1663,AFOH01000051_gene1663,annotation&nbsp;not&nbsp;available,69.3
637390.AFOH01000117_gene2725,murD,UDP-N-acetylmuramoylalanine--D-glutamate&nbsp;ligase,69.3
637390.AFOH01000046_gene2089,pstB,Phosphate&nbsp;import&nbsp;ATP-binding&nbsp;protein&nbsp;PstB,69.3
637390.AFOH01000044_gene2183,AFOH01000044_gene2183,annotation&nbsp;not&nbsp;available,69.2
637390.AFOH01000029_gene1366,rpsF,30S&nbsp;ribosomal&nbsp;protein&nbsp;S6,69.2
637390.AFOH01000029_gene1365,nagZ,Beta-hexosaminidase,69.2
637390.AFOH01000003_gene877,AFOH01000003_gene877,annotation&nbsp;not&nbsp;available,69.1
637390.AFOH01000141_gene1287,AFOH01000141_gene1287,annotation&nbsp;not&nbsp;available,69.1
637390.AFOH01000013_gene723,glyQ,annotation&nbsp;not&nbsp;available,69.0
637390.AFOH01000109_gene831,recF,DNA&nbsp;replication&nbsp;and&nbsp;repair&nbsp;protein&nbsp;RecF,69.0
637390.AFOH01000007_gene938,leuD,3-isopropylmalate&nbsp;dehydratase&nbsp;small&nbsp;subunit,68.9
637390.AFOH01000106_gene70,AFOH01000106_gene70,RNA&nbsp;polymerase&nbsp;sigma-54&nbsp;factor,68.9
637390.AFOH01000013_gene738,AFOH01000013_gene738,Cell&nbsp;shape-determining&nbsp;protein&nbsp;MreC,68.8
637390.AFOH01000098_gene10,AFOH01000098_gene10,annotation&nbsp;not&nbsp;available,68.7
637390.AFOH01000081_gene2610,AFOH01000081_gene2610,annotation&nbsp;not&nbsp;available,68.7
637390.AFOH01000106_gene88,AFOH01000106_gene88,annotation&nbsp;not&nbsp;available,68.7
637390.AFOH01000052_gene1649,AFOH01000052_gene1649,annotation&nbsp;not&nbsp;available,68.7
637390.AFOH01000154_gene248,AFOH01000154_gene248,dITP/XTP&nbsp;pyrophosphatase,68.7
637390.AFOH01000068_gene2970,AFOH01000068_gene2970,annotation&nbsp;not&nbsp;available,68.7
637390.AFOH01000122_gene414,AFOH01000122_gene414,annotation&nbsp;not&nbsp;available,68.7
637390.AFOH01000111_gene2816,AFOH01000111_gene2816,annotation&nbsp;not&nbsp;available,68.7
637390.AFOH01000098_gene5,purC,annotation&nbsp;not&nbsp;available,68.7
637390.AFOH01000123_gene497,AFOH01000123_gene497,Adenine&nbsp;deaminase,68.6
637390.AFOH01000121_gene587,AFOH01000121_gene587,annotation&nbsp;not&nbsp;available,68.6
637390.AFOH01000131_gene1917,AFOH01000131_gene1917,annotation&nbsp;not&nbsp;available,68.6
637390.AFOH01000056_gene1605,recD,RecBCD&nbsp;enzyme&nbsp;subunit&nbsp;RecD,68.6
637390.AFOH01000107_gene156,uvrD,annotation&nbsp;not&nbsp;available,68.4
637390.AFOH01000014_gene654,AFOH01000014_gene654,annotation&nbsp;not&nbsp;available,68.4
637390.AFOH01000140_gene1235,AFOH01000140_gene1235,annotation&nbsp;not&nbsp;available,68.3
637390.AFOH01000110_gene2864,AFOH01000110_gene2864,annotation&nbsp;not&nbsp;available,68.3
637390.AFOH01000106_gene104,AFOH01000106_gene104,annotation&nbsp;not&nbsp;available,68.3
637390.AFOH01000118_gene330,rplJ,50S&nbsp;ribosomal&nbsp;protein&nbsp;L10,68.3
637390.AFOH01000005_gene1005,AFOH01000005_gene1005,annotation&nbsp;not&nbsp;available,68.2
637390.AFOH01000072_gene2904,AFOH01000072_gene2904,3-oxoacyl-[acyl-carrier-protein]&nbsp;synthase&nbsp;2,68.1
637390.AFOH01000104_gene28,AFOH01000104_gene28,annotation&nbsp;not&nbsp;available,68.1
637390.AFOH01000056_gene1590,AFOH01000056_gene1590,annotation&nbsp;not&nbsp;available,68.1
637390.AFOH01000040_gene2398,AFOH01000040_gene2398,annotation&nbsp;not&nbsp;available,68.1
637390.AFOH01000139_gene1213,AFOH01000139_gene1213,annotation&nbsp;not&nbsp;available,68.0
637390.AFOH01000006_gene969,AFOH01000006_gene969,Protein-export&nbsp;chaperone&nbsp;SecB,68.0
637390.AFOH01000083_gene2554,mutL,DNA&nbsp;mismatch&nbsp;repair&nbsp;protein&nbsp;MutL,68.0
637390.AFOH01000120_gene550,AFOH01000120_gene550,annotation&nbsp;not&nbsp;available,68.0
637390.AFOH01000046_gene2104,fabZ,3-hydroxyacyl-[acyl-carrier-protein]&nbsp;dehydratase&nbsp;FabZ,67.9
637390.AFOH01000101_gene189,hemL,annotation&nbsp;not&nbsp;available,67.9
637390.AFOH01000083_gene2562,dnaX,DNA&nbsp;polymerase&nbsp;III&nbsp;subunit&nbsp;gamma/tau,67.9
637390.AFOH01000006_gene967,AFOH01000006_gene967,annotation&nbsp;not&nbsp;available,67.8
637390.AFOH01000130_gene1958,trpB,Tryptophan&nbsp;synthase&nbsp;beta&nbsp;chain,67.8
637390.AFOH01000032_gene1415,AFOH01000032_gene1415,annotation&nbsp;not&nbsp;available,67.6
637390.AFOH01000047_gene2005,ackA,Acetate&nbsp;kinase,67.5
637390.AFOH01000133_gene1841,purD,annotation&nbsp;not&nbsp;available,67.4
637390.AFOH01000039_gene2429,pyrF,Orotidine&nbsp;5'-phosphate&nbsp;decarboxylase,67.4
637390.AFOH01000121_gene593,nadK,NAD&nbsp;kinase,67.3
637390.AFOH01000050_gene1703,AFOH01000050_gene1703,annotation&nbsp;not&nbsp;available,67.3
637390.AFOH01000106_gene72,AFOH01000106_gene72,annotation&nbsp;not&nbsp;available,67.1
637390.AFOH01000130_gene1970,tpm,annotation&nbsp;not&nbsp;available,67.1
637390.AFOH01000081_gene2593,AFOH01000081_gene2593,annotation&nbsp;not&nbsp;available,67.0
637390.AFOH01000007_gene945,AFOH01000007_gene945,annotation&nbsp;not&nbsp;available,66.9
637390.AFOH01000087_gene2631,recO,DNA&nbsp;repair&nbsp;protein&nbsp;RecO,66.9
637390.AFOH01000039_gene2441,AFOH01000039_gene2441,Endolytic&nbsp;peptidoglycan&nbsp;transglycosylase&nbsp;RlpA,66.7
637390.AFOH01000119_gene353,AFOH01000119_gene353,annotation&nbsp;not&nbsp;available,66.7
637390.AFOH01000106_gene121,AFOH01000106_gene121,annotation&nbsp;not&nbsp;available,66.6
637390.AFOH01000046_gene2075,AFOH01000046_gene2075,Iron-sulfur&nbsp;cluster&nbsp;assembly&nbsp;scaffold&nbsp;protein&nbsp;IscU,66.6
637390.AFOH01000047_gene2020,AFOH01000047_gene2020,annotation&nbsp;not&nbsp;available,66.5
637390.AFOH01000122_gene406,AFOH01000122_gene406,NADH-quinone&nbsp;oxidoreductase&nbsp;subunit&nbsp;D,66.4
637390.AFOH01000117_gene2810,ribH,"6,7-dimethyl-8-ribityllumazine&nbsp;synthase",66.4
637390.AFOH01000106_gene101,AFOH01000106_gene101,annotation&nbsp;not&nbsp;available,66.4
637390.AFOH01000082_gene2541,bamB,Outer&nbsp;membrane&nbsp;protein&nbsp;assembly&nbsp;factor&nbsp;BamB,66.4
637390.AFOH01000118_gene331,rplL,50S&nbsp;ribosomal&nbsp;protein&nbsp;L7/L12,66.1
637390.AFOH01000123_gene501,AFOH01000123_gene501,annotation&nbsp;not&nbsp;available,66.1
637390.AFOH01000135_gene1816,AFOH01000135_gene1816,annotation&nbsp;not&nbsp;available,66.1
637390.AFOH01000012_gene665,AFOH01000012_gene665,annotation&nbsp;not&nbsp;available,66.0
637390.AFOH01000117_gene2764,rnt,Ribonuclease&nbsp;T,66.0
637390.AFOH01000010_gene788,AFOH01000010_gene788,annotation&nbsp;not&nbsp;available,66.0
637390.AFOH01000137_gene1770,AFOH01000137_gene1770,annotation&nbsp;not&nbsp;available,66.0
637390.AFOH01000004_gene1022,rpoD,RNA&nbsp;polymerase&nbsp;sigma&nbsp;factor&nbsp;RpoD,65.9
637390.AFOH01000045_gene2164,AFOH01000045_gene2164,annotation&nbsp;not&nbsp;available,65.9
637390.AFOH01000056_gene1603,recC,RecBCD&nbsp;enzyme&nbsp;subunit&nbsp;RecC,65.9
637390.AFOH01000130_gene1957,trpA,Tryptophan&nbsp;synthase&nbsp;alpha&nbsp;chain,65.9
637390.AFOH01000107_gene162,AFOH01000107_gene162,annotation&nbsp;not&nbsp;available,65.8
637390.AFOH01000069_gene2937,rpsM,30S&nbsp;ribosomal&nbsp;protein&nbsp;S13,65.8
637390.AFOH01000106_gene97,AFOH01000106_gene97,annotation&nbsp;not&nbsp;available,65.7
637390.AFOH01000037_gene1498,AFOH01000037_gene1498,annotation&nbsp;not&nbsp;available,65.7
637390.AFOH01000013_gene708,AFOH01000013_gene708,annotation&nbsp;not&nbsp;available,65.7
637390.AFOH01000013_gene728,AFOH01000013_gene728,annotation&nbsp;not&nbsp;available,65.7
637390.AFOH01000140_gene1238,AFOH01000140_gene1238,annotation&nbsp;not&nbsp;available,65.6
637390.AFOH01000011_gene815,dnaJ,Chaperone&nbsp;protein&nbsp;DnaJ,65.6
637390.AFOH01000037_gene1488,AFOH01000037_gene1488,annotation&nbsp;not&nbsp;available,65.6
637390.AFOH01000044_gene2178,AFOH01000044_gene2178,annotation&nbsp;not&nbsp;available,65.5
637390.AFOH01000106_gene117,rpsI,annotation&nbsp;not&nbsp;available,65.5
637390.AFOH01000039_gene2420,AFOH01000039_gene2420,annotation&nbsp;not&nbsp;available,65.4
637390.AFOH01000081_gene2579,AFOH01000081_gene2579,annotation&nbsp;not&nbsp;available,65.4
637390.AFOH01000044_gene2193,AFOH01000044_gene2193,annotation&nbsp;not&nbsp;available,65.4
637390.AFOH01000111_gene2836,AFOH01000111_gene2836,annotation&nbsp;not&nbsp;available,65.4
637390.AFOH01000039_gene2422,AFOH01000039_gene2422,annotation&nbsp;not&nbsp;available,65.2
637390.AFOH01000007_gene933,AFOH01000007_gene933,annotation&nbsp;not&nbsp;available,65.2
637390.AFOH01000097_gene275,prfC,Peptide&nbsp;chain&nbsp;release&nbsp;factor&nbsp;3,65.2
637390.AFOH01000040_gene2379,AFOH01000040_gene2379,annotation&nbsp;not&nbsp;available,65.2
637390.AFOH01000004_gene1015,ppk,Polyphosphate&nbsp;kinase,65.2
637390.AFOH01000047_gene2007,AFOH01000047_gene2007,annotation&nbsp;not&nbsp;available,65.0
637390.AFOH01000120_gene535,nusA,Transcription&nbsp;termination/antitermination&nbsp;protein&nbsp;NusA,64.9
637390.AFOH01000013_gene737,AFOH01000013_gene737,annotation&nbsp;not&nbsp;available,64.9
637390.AFOH01000006_gene954,AFOH01000006_gene954,annotation&nbsp;not&nbsp;available,64.7
637390.AFOH01000007_gene928,ctaB,Protoheme&nbsp;IX&nbsp;farnesyltransferase,64.7
637390.AFOH01000047_gene2013,AFOH01000047_gene2013,annotation&nbsp;not&nbsp;available,64.6
637390.AFOH01000111_gene2822,AFOH01000111_gene2822,annotation&nbsp;not&nbsp;available,64.6
637390.AFOH01000084_gene2648,AFOH01000084_gene2648,annotation&nbsp;not&nbsp;available,64.6
637390.AFOH01000056_gene1563,AFOH01000056_gene1563,annotation&nbsp;not&nbsp;available,64.5
637390.AFOH01000156_gene243,AFOH01000156_gene243,annotation&nbsp;not&nbsp;available,64.5
637390.AFOH01000069_gene2959,rplC,50S&nbsp;ribosomal&nbsp;protein&nbsp;L3,64.5
637390.AFOH01000007_gene948,AFOH01000007_gene948,annotation&nbsp;not&nbsp;available,64.4
637390.AFOH01000041_gene2306,AFOH01000041_gene2306,annotation&nbsp;not&nbsp;available,64.4
637390.AFOH01000117_gene2805,glyA,Serine&nbsp;hydroxymethyltransferase,64.4
637390.AFOH01000117_gene2807,AFOH01000117_gene2807,Riboflavin&nbsp;biosynthesis&nbsp;protein&nbsp;RibD,64.4
637390.AFOH01000126_gene372,AFOH01000126_gene372,annotation&nbsp;not&nbsp;available,64.2
637390.AFOH01000096_gene284,AFOH01000096_gene284,annotation&nbsp;not&nbsp;available,64.1
637390.AFOH01000082_gene2495,AFOH01000082_gene2495,annotation&nbsp;not&nbsp;available,64.1
637390.AFOH01000039_gene2423,AFOH01000039_gene2423,annotation&nbsp;not&nbsp;available,64.0
637390.AFOH01000120_gene563,AFOH01000120_gene563,Glutamate--tRNA&nbsp;ligase,64.0
637390.AFOH01000050_gene1722,AFOH01000050_gene1722,annotation&nbsp;not&nbsp;available,64.0
637390.AFOH01000117_gene2730,ftsL,Cell&nbsp;division&nbsp;protein&nbsp;FtsL,64.0
637390.AFOH01000004_gene1024,mutS2,Endonuclease&nbsp;MutS2,64.0
637390.AFOH01000120_gene571,AFOH01000120_gene571,Outer&nbsp;membrane&nbsp;protein&nbsp;assembly&nbsp;factor&nbsp;BamD,63.9
637390.AFOH01000122_gene409,AFOH01000122_gene409,annotation&nbsp;not&nbsp;available,63.7
637390.AFOH01000143_gene1302,AFOH01000143_gene1302,annotation&nbsp;not&nbsp;available,63.7
637390.AFOH01000082_gene2527,AFOH01000082_gene2527,annotation&nbsp;not&nbsp;available,63.6
637390.AFOH01000122_gene425,AFOH01000122_gene425,annotation&nbsp;not&nbsp;available,63.6
637390.AFOH01000101_gene187,AFOH01000101_gene187,annotation&nbsp;not&nbsp;available,63.5
637390.AFOH01000056_gene1619,AFOH01000056_gene1619,annotation&nbsp;not&nbsp;available,63.5
637390.AFOH01000117_gene2743,AFOH01000117_gene2743,annotation&nbsp;not&nbsp;available,63.5
637390.AFOH01000123_gene506,AFOH01000123_gene506,annotation&nbsp;not&nbsp;available,63.5
637390.AFOH01000120_gene542,AFOH01000120_gene542,annotation&nbsp;not&nbsp;available,63.4
637390.AFOH01000120_gene546,AFOH01000120_gene546,annotation&nbsp;not&nbsp;available,63.4
637390.AFOH01000050_gene1727,AFOH01000050_gene1727,annotation&nbsp;not&nbsp;available,63.4
637390.AFOH01000117_gene2793,obg,GTPase&nbsp;Obg,63.4
637390.AFOH01000013_gene765,AFOH01000013_gene765,annotation&nbsp;not&nbsp;available,63.4
637390.AFOH01000039_gene2421,AFOH01000039_gene2421,annotation&nbsp;not&nbsp;available,63.4
637390.AFOH01000081_gene2594,AFOH01000081_gene2594,annotation&nbsp;not&nbsp;available,63.3
637390.AFOH01000117_gene2797,AFOH01000117_gene2797,Bifunctional&nbsp;protein&nbsp;PutA,63.3
637390.AFOH01000122_gene413,AFOH01000122_gene413,NADH-quinone&nbsp;oxidoreductase&nbsp;subunit&nbsp;K,63.2
637390.AFOH01000050_gene1729,speA,Biosynthetic&nbsp;arginine&nbsp;decarboxylase,63.2
637390.AFOH01000110_gene2855,AFOH01000110_gene2855,annotation&nbsp;not&nbsp;available,63.2
637390.AFOH01000056_gene1550,AFOH01000056_gene1550,annotation&nbsp;not&nbsp;available,63.1
637390.AFOH01000082_gene2511,AFOH01000082_gene2511,Glutamate&nbsp;5-kinase,63.1
637390.AFOH01000118_gene336,fusA,Elongation&nbsp;factor&nbsp;G,63.0
637390.AFOH01000150_gene225,AFOH01000150_gene225,annotation&nbsp;not&nbsp;available,63.0
637390.AFOH01000068_gene2967,AFOH01000068_gene2967,annotation&nbsp;not&nbsp;available,63.0
637390.AFOH01000130_gene1967,AFOH01000130_gene1967,annotation&nbsp;not&nbsp;available,63.0
637390.AFOH01000110_gene2857,rbsK,Ribokinase,62.9
637390.AFOH01000002_gene896,AFOH01000002_gene896,annotation&nbsp;not&nbsp;available,62.8
637390.AFOH01000105_gene55,AFOH01000105_gene55,annotation&nbsp;not&nbsp;available,62.8
637390.AFOH01000081_gene2582,glnD,Bifunctional&nbsp;uridylyltransferase/uridylyl-removing&nbsp;enzyme,62.7
637390.AFOH01000122_gene423,pheT,annotation&nbsp;not&nbsp;available,62.7
637390.AFOH01000117_gene2783,purE,N5-carboxyaminoimidazole&nbsp;ribonucleotide&nbsp;mutase,62.5
637390.AFOH01000069_gene2940,secY,Protein&nbsp;translocase&nbsp;subunit&nbsp;SecY,62.5
637390.AFOH01000106_gene98,pyrB,annotation&nbsp;not&nbsp;available,62.5
637390.AFOH01000108_gene835,atpB,ATP&nbsp;synthase&nbsp;subunit&nbsp;a,62.5
637390.AFOH01000004_gene1018,pepN,annotation&nbsp;not&nbsp;available,62.5
637390.AFOH01000112_gene2927,trpD,Anthranilate&nbsp;phosphoribosyltransferase,62.4
637390.AFOH01000056_gene1579,AFOH01000056_gene1579,annotation&nbsp;not&nbsp;available,62.3
637390.AFOH01000047_gene2021,AFOH01000047_gene2021,annotation&nbsp;not&nbsp;available,62.3
637390.AFOH01000096_gene288,AFOH01000096_gene288,annotation&nbsp;not&nbsp;available,62.2
637390.AFOH01000105_gene44,argS,annotation&nbsp;not&nbsp;available,62.1
637390.AFOH01000056_gene1585,AFOH01000056_gene1585,annotation&nbsp;not&nbsp;available,62.1
637390.AFOH01000082_gene2498,AFOH01000082_gene2498,Flagellar&nbsp;basal&nbsp;body&nbsp;rod&nbsp;protein&nbsp;FlgB,62.1
637390.AFOH01000079_gene2683,htpG,Chaperone&nbsp;protein&nbsp;HtpG,62.1
637390.AFOH01000013_gene705,AFOH01000013_gene705,annotation&nbsp;not&nbsp;available,62.1
637390.AFOH01000110_gene2862,AFOH01000110_gene2862,annotation&nbsp;not&nbsp;available,62.0
637390.AFOH01000051_gene1696,AFOH01000051_gene1696,annotation&nbsp;not&nbsp;available,62.0
637390.AFOH01000037_gene1476,rpoZ,DNA-directed&nbsp;RNA&nbsp;polymerase&nbsp;subunit&nbsp;omega,61.9
637390.AFOH01000122_gene457,AFOH01000122_gene457,annotation&nbsp;not&nbsp;available,61.8
637390.AFOH01000002_gene902,AFOH01000002_gene902,annotation&nbsp;not&nbsp;available,61.8
637390.AFOH01000037_gene1499,AFOH01000037_gene1499,annotation&nbsp;not&nbsp;available,61.7
637390.AFOH01000084_gene2646,tmk,Thymidylate&nbsp;kinase,61.7
637390.AFOH01000048_gene1519,AFOH01000048_gene1519,annotation&nbsp;not&nbsp;available,61.7
637390.AFOH01000109_gene828,AFOH01000109_gene828,annotation&nbsp;not&nbsp;available,61.7
637390.AFOH01000045_gene2174,AFOH01000045_gene2174,annotation&nbsp;not&nbsp;available,61.6
637390.AFOH01000098_gene12,AFOH01000098_gene12,annotation&nbsp;not&nbsp;available,61.6
637390.AFOH01000045_gene2142,AFOH01000045_gene2142,annotation&nbsp;not&nbsp;available,61.5
637390.AFOH01000137_gene1771,pgk,annotation&nbsp;not&nbsp;available,61.5
637390.AFOH01000081_gene2614,fliI,annotation&nbsp;not&nbsp;available,61.4
637390.AFOH01000046_gene2107,AFOH01000046_gene2107,annotation&nbsp;not&nbsp;available,61.4
637390.AFOH01000098_gene4,AFOH01000098_gene4,annotation&nbsp;not&nbsp;available,61.4
637390.AFOH01000036_gene1464,AFOH01000036_gene1464,annotation&nbsp;not&nbsp;available,61.4
637390.AFOH01000039_gene2418,gyrA,DNA&nbsp;gyrase&nbsp;subunit&nbsp;A,61.3
637390.AFOH01000106_gene119,AFOH01000106_gene119,annotation&nbsp;not&nbsp;available,61.3
637390.AFOH01000050_gene1704,xseB,Exodeoxyribonuclease&nbsp;7&nbsp;small&nbsp;subunit,61.2
637390.AFOH01000110_gene2854,glpK,Glycerol&nbsp;kinase,61.0
637390.AFOH01000137_gene1762,ispH,4-hydroxy-3-methylbut-2-enyl&nbsp;diphosphate&nbsp;reductase,61.0
637390.AFOH01000132_gene1865,AFOH01000132_gene1865,annotation&nbsp;not&nbsp;available,61.0
637390.AFOH01000132_gene1883,AFOH01000132_gene1883,annotation&nbsp;not&nbsp;available,60.8
637390.AFOH01000106_gene90,hisH,Imidazole&nbsp;glycerol&nbsp;phosphate&nbsp;synthase&nbsp;subunit&nbsp;HisH,60.7
637390.AFOH01000136_gene1811,AFOH01000136_gene1811,annotation&nbsp;not&nbsp;available,60.5
637390.AFOH01000046_gene2110,AFOH01000046_gene2110,annotation&nbsp;not&nbsp;available,60.5
637390.AFOH01000105_gene58,speE,Polyamine&nbsp;aminopropyltransferase,60.4
637390.AFOH01000005_gene1004,AFOH01000005_gene1004,annotation&nbsp;not&nbsp;available,60.4
637390.AFOH01000040_gene2361,AFOH01000040_gene2361,annotation&nbsp;not&nbsp;available,60.4
637390.AFOH01000096_gene289,AFOH01000096_gene289,annotation&nbsp;not&nbsp;available,60.4
637390.AFOH01000121_gene600,AFOH01000121_gene600,annotation&nbsp;not&nbsp;available,60.3
637390.AFOH01000121_gene598,AFOH01000121_gene598,annotation&nbsp;not&nbsp;available,60.2
637390.AFOH01000056_gene1562,AFOH01000056_gene1562,annotation&nbsp;not&nbsp;available,60.2
637390.AFOH01000046_gene2074,iscS,Cysteine&nbsp;desulfurase&nbsp;IscS,60.1
637390.AFOH01000106_gene78,AFOH01000106_gene78,annotation&nbsp;not&nbsp;available,60.1
637390.AFOH01000118_gene335,rpsG,30S&nbsp;ribosomal&nbsp;protein&nbsp;S7,59.9
637390.AFOH01000106_gene123,AFOH01000106_gene123,annotation&nbsp;not&nbsp;available,59.8
637390.AFOH01000045_gene2159,thiG,Thiazole&nbsp;synthase,59.7
637390.AFOH01000058_gene1145,AFOH01000058_gene1145,annotation&nbsp;not&nbsp;available,59.7
637390.AFOH01000046_gene2087,AFOH01000046_gene2087,annotation&nbsp;not&nbsp;available,59.6
637390.AFOH01000119_gene354,AFOH01000119_gene354,annotation&nbsp;not&nbsp;available,59.5
637390.AFOH01000069_gene2938,infA,Translation&nbsp;initiation&nbsp;factor&nbsp;IF-1,59.5
637390.AFOH01000003_gene887,ppc,Phosphoenolpyruvate&nbsp;carboxylase,59.5
637390.AFOH01000107_gene170,AFOH01000107_gene170,annotation&nbsp;not&nbsp;available,59.5
637390.AFOH01000140_gene1269,AFOH01000140_gene1269,annotation&nbsp;not&nbsp;available,59.5
637390.AFOH01000046_gene2088,AFOH01000046_gene2088,annotation&nbsp;not&nbsp;available,59.4
637390.AFOH01000013_gene735,AFOH01000013_gene735,annotation&nbsp;not&nbsp;available,59.4
637390.AFOH01000135_gene1823,plsY,Glycerol-3-phosphate&nbsp;acyltransferase,59.3
637390.AFOH01000029_gene1367,rpsR,30S&nbsp;ribosomal&nbsp;protein&nbsp;S18,59.1
637390.AFOH01000122_gene421,rplT,50S&nbsp;ribosomal&nbsp;protein&nbsp;L20,59.0
637390.AFOH01000051_gene1669,AFOH01000051_gene1669,annotation&nbsp;not&nbsp;available,59.0
637390.AFOH01000131_gene1907,AFOH01000131_gene1907,annotation&nbsp;not&nbsp;available,59.0
637390.AFOH01000132_gene1882,hemE,Uroporphyrinogen&nbsp;decarboxylase,58.9
637390.AFOH01000013_gene719,AFOH01000013_gene719,annotation&nbsp;not&nbsp;available,58.9
637390.AFOH01000137_gene1767,AFOH01000137_gene1767,annotation&nbsp;not&nbsp;available,58.9
637390.AFOH01000046_gene2090,AFOH01000046_gene2090,Phosphate-specific&nbsp;transport&nbsp;system&nbsp;accessory&nbsp;protein&nbsp;PhoU,58.8
637390.AFOH01000131_gene1912,AFOH01000131_gene1912,annotation&nbsp;not&nbsp;available,58.8
637390.AFOH01000010_gene783,AFOH01000010_gene783,annotation&nbsp;not&nbsp;available,58.8
637390.AFOH01000117_gene2747,AFOH01000117_gene2747,annotation&nbsp;not&nbsp;available,58.8
637390.AFOH01000117_gene2720,ddl,D-alanine--D-alanine&nbsp;ligase,58.7
637390.AFOH01000130_gene1935,AFOH01000130_gene1935,annotation&nbsp;not&nbsp;available,58.7
637390.AFOH01000050_gene1700,aroC,Chorismate&nbsp;synthase,58.6
637390.AFOH01000119_gene356,ispD,2-C-methyl-D-erythritol&nbsp;4-phosphate&nbsp;cytidylyltransferase,58.6
637390.AFOH01000122_gene463,merA,Mercuric&nbsp;reductase,58.5
637390.AFOH01000108_gene868,AFOH01000108_gene868,annotation&nbsp;not&nbsp;available,58.4
637390.AFOH01000121_gene608,AFOH01000121_gene608,annotation&nbsp;not&nbsp;available,58.2
637390.AFOH01000106_gene63,AFOH01000106_gene63,Phosphoenolpyruvate-protein&nbsp;phosphotransferase,58.0
637390.AFOH01000124_gene379,AFOH01000124_gene379,Ribonuclease&nbsp;H,58.0
637390.AFOH01000027_gene1087,pgi,annotation&nbsp;not&nbsp;available,58.0
637390.AFOH01000002_gene901,AFOH01000002_gene901,annotation&nbsp;not&nbsp;available,58.0
637390.AFOH01000149_gene216,AFOH01000149_gene216,annotation&nbsp;not&nbsp;available,58.0
637390.AFOH01000050_gene1728,AFOH01000050_gene1728,annotation&nbsp;not&nbsp;available,57.9
637390.AFOH01000132_gene1877,aroB,3-dehydroquinate&nbsp;synthase,57.9
637390.AFOH01000117_gene2713,AFOH01000117_gene2713,Biotin&nbsp;carboxyl&nbsp;carrier&nbsp;protein&nbsp;of&nbsp;acetyl-CoA&nbsp;carboxylase,57.9
637390.AFOH01000007_gene931,AFOH01000007_gene931,annotation&nbsp;not&nbsp;available,57.9
637390.AFOH01000013_gene706,AFOH01000013_gene706,annotation&nbsp;not&nbsp;available,57.8
637390.AFOH01000046_gene2086,AFOH01000046_gene2086,annotation&nbsp;not&nbsp;available,57.8
637390.AFOH01000004_gene1014,folD,Bifunctional&nbsp;protein&nbsp;FolD,57.7
637390.AFOH01000084_gene2640,AFOH01000084_gene2640,annotation&nbsp;not&nbsp;available,57.7
637390.AFOH01000119_gene359,AFOH01000119_gene359,annotation&nbsp;not&nbsp;available,57.7
637390.AFOH01000051_gene1674,AFOH01000051_gene1674,annotation&nbsp;not&nbsp;available,57.6
637390.AFOH01000056_gene1621,AFOH01000056_gene1621,annotation&nbsp;not&nbsp;available,57.6
637390.AFOH01000140_gene1277,AFOH01000140_gene1277,annotation&nbsp;not&nbsp;available,57.6
637390.AFOH01000027_gene1085,AFOH01000027_gene1085,annotation&nbsp;not&nbsp;available,57.6
637390.AFOH01000044_gene2212,AFOH01000044_gene2212,annotation&nbsp;not&nbsp;available,57.6
637390.AFOH01000117_gene2809,ribB,"3,4-dihydroxy-2-butanone&nbsp;4-phosphate&nbsp;synthase",57.5
637390.AFOH01000119_gene350,AFOH01000119_gene350,annotation&nbsp;not&nbsp;available,57.5
637390.AFOH01000046_gene2065,argA,annotation&nbsp;not&nbsp;available,57.3
637390.AFOH01000081_gene2621,AFOH01000081_gene2621,annotation&nbsp;not&nbsp;available,57.3
637390.AFOH01000106_gene92,hisF,Imidazole&nbsp;glycerol&nbsp;phosphate&nbsp;synthase&nbsp;subunit&nbsp;HisF,57.2
637390.AFOH01000011_gene806,fumC,Fumarate&nbsp;hydratase&nbsp;class&nbsp;II,57.2
637390.AFOH01000053_gene1637,AFOH01000053_gene1637,annotation&nbsp;not&nbsp;available,57.2
637390.AFOH01000042_gene2261,gmd,"GDP-mannose&nbsp;4,6-dehydratase",57.2
637390.AFOH01000117_gene2776,proC,Pyrroline-5-carboxylate&nbsp;reductase,57.2
637390.AFOH01000106_gene127,AFOH01000106_gene127,annotation&nbsp;not&nbsp;available,57.1
637390.AFOH01000121_gene581,AFOH01000121_gene581,annotation&nbsp;not&nbsp;available,57.0
637390.AFOH01000150_gene227,AFOH01000150_gene227,annotation&nbsp;not&nbsp;available,57.0
637390.AFOH01000122_gene419,infC,Translation&nbsp;initiation&nbsp;factor&nbsp;IF-3,57.0
637390.AFOH01000122_gene400,glmM,Phosphoglucosamine&nbsp;mutase,57.0
637390.AFOH01000008_gene617,AFOH01000008_gene617,annotation&nbsp;not&nbsp;available,56.9
637390.AFOH01000050_gene1745,smc,Chromosome&nbsp;partition&nbsp;protein&nbsp;Smc,56.9
637390.AFOH01000018_gene1029,AFOH01000018_gene1029,annotation&nbsp;not&nbsp;available,56.8
637390.AFOH01000131_gene1926,AFOH01000131_gene1926,Cell&nbsp;division&nbsp;protein&nbsp;FtsB,56.8
637390.AFOH01000106_gene87,hisD,Histidinol&nbsp;dehydrogenase,56.8
637390.AFOH01000111_gene2832,AFOH01000111_gene2832,annotation&nbsp;not&nbsp;available,56.8
637390.AFOH01000107_gene174,atpC,ATP&nbsp;synthase&nbsp;epsilon&nbsp;chain,56.8
637390.AFOH01000106_gene128,AFOH01000106_gene128,annotation&nbsp;not&nbsp;available,56.7
637390.AFOH01000111_gene2818,ruvC,Crossover&nbsp;junction&nbsp;endodeoxyribonuclease&nbsp;RuvC,56.7
637390.AFOH01000130_gene1945,secF,Protein-export&nbsp;membrane&nbsp;protein&nbsp;SecF,56.7
637390.AFOH01000106_gene124,AFOH01000106_gene124,NADH-quinone&nbsp;oxidoreductase&nbsp;subunit&nbsp;I,56.7
637390.AFOH01000051_gene1695,AFOH01000051_gene1695,annotation&nbsp;not&nbsp;available,56.6
637390.AFOH01000137_gene1775,AFOH01000137_gene1775,annotation&nbsp;not&nbsp;available,56.5
637390.AFOH01000030_gene1394,AFOH01000030_gene1394,annotation&nbsp;not&nbsp;available,56.5
637390.AFOH01000056_gene1564,AFOH01000056_gene1564,annotation&nbsp;not&nbsp;available,56.4
637390.AFOH01000069_gene2941,rplO,50S&nbsp;ribosomal&nbsp;protein&nbsp;L15,56.4
637390.AFOH01000096_gene283,AFOH01000096_gene283,annotation&nbsp;not&nbsp;available,56.3
637390.AFOH01000106_gene69,AFOH01000106_gene69,annotation&nbsp;not&nbsp;available,56.2
637390.AFOH01000049_gene1516,AFOH01000049_gene1516,annotation&nbsp;not&nbsp;available,56.2
637390.AFOH01000137_gene1768,glpX,annotation&nbsp;not&nbsp;available,56.2
637390.AFOH01000081_gene2592,AFOH01000081_gene2592,annotation&nbsp;not&nbsp;available,56.2
637390.AFOH01000117_gene2799,metE,5-methyltetrahydropteroyltriglutamate--homocysteine&nbsp;methyltransferase,56.1
637390.AFOH01000010_gene792,AFOH01000010_gene792,annotation&nbsp;not&nbsp;available,56.0
637390.AFOH01000104_gene29,AFOH01000104_gene29,annotation&nbsp;not&nbsp;available,56.0
637390.AFOH01000082_gene2486,AFOH01000082_gene2486,annotation&nbsp;not&nbsp;available,56.0
637390.AFOH01000138_gene1156,AFOH01000138_gene1156,annotation&nbsp;not&nbsp;available,55.9
637390.AFOH01000097_gene274,AFOH01000097_gene274,annotation&nbsp;not&nbsp;available,55.9
637390.AFOH01000075_gene2905,AFOH01000075_gene2905,annotation&nbsp;not&nbsp;available,55.8
637390.AFOH01000030_gene1403,ftsY,Signal&nbsp;recognition&nbsp;particle&nbsp;receptor&nbsp;FtsY,55.7
637390.AFOH01000100_gene182,AFOH01000100_gene182,annotation&nbsp;not&nbsp;available,55.7
637390.AFOH01000082_gene2534,AFOH01000082_gene2534,annotation&nbsp;not&nbsp;available,55.6
637390.AFOH01000121_gene585,AFOH01000121_gene585,"dTDP-4-dehydrorhamnose&nbsp;3,5-epimerase",55.6
637390.AFOH01000119_gene351,AFOH01000119_gene351,annotation&nbsp;not&nbsp;available,55.6
637390.AFOH01000025_gene1052,AFOH01000025_gene1052,annotation&nbsp;not&nbsp;available,55.6
637390.AFOH01000132_gene1898,AFOH01000132_gene1898,annotation&nbsp;not&nbsp;available,55.6
637390.AFOH01000096_gene290,AFOH01000096_gene290,annotation&nbsp;not&nbsp;available,55.5
637390.AFOH01000081_gene2616,AFOH01000081_gene2616,annotation&nbsp;not&nbsp;available,55.4
637390.AFOH01000107_gene163,AFOH01000107_gene163,annotation&nbsp;not&nbsp;available,55.4
637390.AFOH01000132_gene1871,AFOH01000132_gene1871,annotation&nbsp;not&nbsp;available,55.3
637390.AFOH01000053_gene1635,rpmE,50S&nbsp;ribosomal&nbsp;protein&nbsp;L31,55.2
637390.AFOH01000135_gene1819,AFOH01000135_gene1819,annotation&nbsp;not&nbsp;available,55.2
637390.AFOH01000011_gene807,AFOH01000011_gene807,annotation&nbsp;not&nbsp;available,55.2
637390.AFOH01000071_gene2880,AFOH01000071_gene2880,Glycine&nbsp;cleavage&nbsp;system&nbsp;H&nbsp;protein,55.0
637390.AFOH01000107_gene164,AFOH01000107_gene164,annotation&nbsp;not&nbsp;available,54.9
637390.AFOH01000107_gene176,atpG,ATP&nbsp;synthase&nbsp;gamma&nbsp;chain,54.9
637390.AFOH01000056_gene1580,AFOH01000056_gene1580,annotation&nbsp;not&nbsp;available,54.9
637390.AFOH01000035_gene1429,groL,60&nbsp;kDa&nbsp;chaperonin,54.8
637390.AFOH01000003_gene891,AFOH01000003_gene891,annotation&nbsp;not&nbsp;available,54.7
637390.AFOH01000037_gene1496,purT,Formate-dependent&nbsp;phosphoribosylglycinamide&nbsp;formyltransferase,54.7
637390.AFOH01000122_gene416,nuoN,NADH-quinone&nbsp;oxidoreductase&nbsp;subunit&nbsp;N,54.7
637390.AFOH01000122_gene456,AFOH01000122_gene456,annotation&nbsp;not&nbsp;available,54.7
637390.AFOH01000013_gene754,moaA,"GTP&nbsp;3',8-cyclase",54.6
637390.AFOH01000050_gene1701,folE2,GTP&nbsp;cyclohydrolase&nbsp;FolE2,54.6
637390.AFOH01000069_gene2935,rpsD,30S&nbsp;ribosomal&nbsp;protein&nbsp;S4,54.5
637390.AFOH01000111_gene2839,AFOH01000111_gene2839,annotation&nbsp;not&nbsp;available,54.4
637390.AFOH01000013_gene746,AFOH01000013_gene746,annotation&nbsp;not&nbsp;available,54.4
637390.AFOH01000108_gene859,AFOH01000108_gene859,annotation&nbsp;not&nbsp;available,54.3
637390.AFOH01000130_gene1934,AFOH01000130_gene1934,annotation&nbsp;not&nbsp;available,54.3
637390.AFOH01000112_gene2926,trpC,annotation&nbsp;not&nbsp;available,54.3
637390.AFOH01000002_gene898,AFOH01000002_gene898,annotation&nbsp;not&nbsp;available,54.2
637390.AFOH01000117_gene2758,bioC,Malonyl-[acyl-carrier&nbsp;protein]&nbsp;O-methyltransferase,54.1
637390.AFOH01000122_gene480,AFOH01000122_gene480,annotation&nbsp;not&nbsp;available,54.0
637390.AFOH01000108_gene855,glcE,annotation&nbsp;not&nbsp;available,54.0
637390.AFOH01000114_gene2703,surE,5'-nucleotidase&nbsp;SurE,54.0
637390.AFOH01000051_gene1658,AFOH01000051_gene1658,annotation&nbsp;not&nbsp;available,54.0
637390.AFOH01000132_gene1860,uvrB,UvrABC&nbsp;system&nbsp;protein&nbsp;B,54.0
637390.AFOH01000121_gene584,AFOH01000121_gene584,annotation&nbsp;not&nbsp;available,54.0
637390.AFOH01000159_gene297,AFOH01000159_gene297,annotation&nbsp;not&nbsp;available,53.8
637390.AFOH01000028_gene1314,AFOH01000028_gene1314,annotation&nbsp;not&nbsp;available,53.7
637390.AFOH01000108_gene872,minE,Cell&nbsp;division&nbsp;topological&nbsp;specificity&nbsp;factor,53.7
637390.AFOH01000133_gene1856,AFOH01000133_gene1856,annotation&nbsp;not&nbsp;available,53.7
637390.AFOH01000006_gene989,AFOH01000006_gene989,annotation&nbsp;not&nbsp;available,53.7
637390.AFOH01000132_gene1864,ilvC,Ketol-acid&nbsp;reductoisomerase&nbsp;(NADP(+)),53.7
637390.AFOH01000139_gene1221,AFOH01000139_gene1221,annotation&nbsp;not&nbsp;available,53.7
637390.AFOH01000132_gene1876,aroK,Shikimate&nbsp;kinase,53.6
637390.AFOH01000122_gene401,tpiA,Triosephosphate&nbsp;isomerase,53.6
637390.AFOH01000106_gene75,AFOH01000106_gene75,annotation&nbsp;not&nbsp;available,53.5
637390.AFOH01000156_gene239,AFOH01000156_gene239,annotation&nbsp;not&nbsp;available,53.5
637390.AFOH01000046_gene2096,frr,Ribosome-recycling&nbsp;factor,53.5
637390.AFOH01000011_gene814,dnaK,Chaperone&nbsp;protein&nbsp;DnaK,53.4
637390.AFOH01000133_gene1843,hemF,Oxygen-dependent&nbsp;coproporphyrinogen-III&nbsp;oxidase,53.4
637390.AFOH01000143_gene1300,AFOH01000143_gene1300,annotation&nbsp;not&nbsp;available,53.3
637390.AFOH01000112_gene2923,coq7,"2-nonaprenyl-3-methyl-6-methoxy-1,4-benzoquinol&nbsp;hydroxylase",53.3
637390.AFOH01000028_gene1324,rpsP,annotation&nbsp;not&nbsp;available,53.3
637390.AFOH01000130_gene1947,AFOH01000130_gene1947,annotation&nbsp;not&nbsp;available,53.2
637390.AFOH01000011_gene811,rpmG,annotation&nbsp;not&nbsp;available,53.2
637390.AFOH01000012_gene664,AFOH01000012_gene664,annotation&nbsp;not&nbsp;available,53.1
637390.AFOH01000003_gene881,purA,Adenylosuccinate&nbsp;synthetase,53.1
637390.AFOH01000122_gene431,AFOH01000122_gene431,annotation&nbsp;not&nbsp;available,53.0
637390.AFOH01000111_gene2831,AFOH01000111_gene2831,annotation&nbsp;not&nbsp;available,53.0
637390.AFOH01000037_gene1494,zwf,Glucose-6-phosphate&nbsp;1-dehydrogenase,52.9
637390.AFOH01000120_gene575,AFOH01000120_gene575,annotation&nbsp;not&nbsp;available,52.8
637390.AFOH01000069_gene2951,rpmC,annotation&nbsp;not&nbsp;available,52.8
637390.AFOH01000140_gene1234,AFOH01000140_gene1234,annotation&nbsp;not&nbsp;available,52.7
637390.AFOH01000050_gene1706,AFOH01000050_gene1706,annotation&nbsp;not&nbsp;available,52.7
637390.AFOH01000042_gene2259,AFOH01000042_gene2259,annotation&nbsp;not&nbsp;available,52.7
637390.AFOH01000078_gene2675,AFOH01000078_gene2675,annotation&nbsp;not&nbsp;available,52.6
637390.AFOH01000130_gene1936,AFOH01000130_gene1936,annotation&nbsp;not&nbsp;available,52.6
637390.AFOH01000120_gene564,AFOH01000120_gene564,annotation&nbsp;not&nbsp;available,52.6
637390.AFOH01000003_gene880,rnr,Ribonuclease&nbsp;R,52.5
637390.AFOH01000014_gene651,AFOH01000014_gene651,annotation&nbsp;not&nbsp;available,52.5
637390.AFOH01000117_gene2738,lpxC,UDP-3-O-acyl-N-acetylglucosamine&nbsp;deacetylase,52.5
637390.AFOH01000007_gene930,AFOH01000007_gene930,annotation&nbsp;not&nbsp;available,52.4
637390.AFOH01000003_gene889,AFOH01000003_gene889,annotation&nbsp;not&nbsp;available,52.4
637390.AFOH01000119_gene339,rplQ,annotation&nbsp;not&nbsp;available,52.4
637390.AFOH01000119_gene341,AFOH01000119_gene341,Deoxyuridine&nbsp;5'-triphosphate&nbsp;nucleotidohydrolase,52.4
637390.AFOH01000047_gene1998,AFOH01000047_gene1998,annotation&nbsp;not&nbsp;available,52.3
637390.AFOH01000046_gene2119,AFOH01000046_gene2119,annotation&nbsp;not&nbsp;available,52.2
637390.AFOH01000036_gene1459,bfr,annotation&nbsp;not&nbsp;available,52.2
637390.AFOH01000051_gene1680,AFOH01000051_gene1680,Phosphoenolpyruvate&nbsp;synthase,52.2
637390.AFOH01000051_gene1677,purN,Phosphoribosylglycinamide&nbsp;formyltransferase,52.1
637390.AFOH01000035_gene1430,groS,10&nbsp;kDa&nbsp;chaperonin,51.9
637390.AFOH01000117_gene2742,AFOH01000117_gene2742,annotation&nbsp;not&nbsp;available,51.9
637390.AFOH01000030_gene1396,prfA,Peptide&nbsp;chain&nbsp;release&nbsp;factor&nbsp;1,51.9
637390.AFOH01000118_gene326,secE,Protein&nbsp;translocase&nbsp;subunit&nbsp;SecE,51.8
637390.AFOH01000132_gene1889,AFOH01000132_gene1889,annotation&nbsp;not&nbsp;available,51.8
637390.AFOH01000122_gene412,AFOH01000122_gene412,annotation&nbsp;not&nbsp;available,51.7
637390.AFOH01000119_gene338,rpoA,DNA-directed&nbsp;RNA&nbsp;polymerase&nbsp;subunit&nbsp;alpha,51.7
637390.AFOH01000150_gene224,AFOH01000150_gene224,annotation&nbsp;not&nbsp;available,51.7
637390.AFOH01000012_gene693,ppa,Inorganic&nbsp;pyrophosphatase,51.6
637390.AFOH01000105_gene35,AFOH01000105_gene35,annotation&nbsp;not&nbsp;available,51.6
637390.AFOH01000011_gene813,grpE,Protein&nbsp;GrpE,51.6
637390.AFOH01000130_gene1961,AFOH01000130_gene1961,annotation&nbsp;not&nbsp;available,51.6
637390.AFOH01000035_gene1428,AFOH01000035_gene1428,annotation&nbsp;not&nbsp;available,51.5
637390.AFOH01000044_gene2188,AFOH01000044_gene2188,annotation&nbsp;not&nbsp;available,51.5
637390.AFOH01000015_gene662,AFOH01000015_gene662,annotation&nbsp;not&nbsp;available,51.3
637390.AFOH01000106_gene107,AFOH01000106_gene107,annotation&nbsp;not&nbsp;available,51.3
637390.AFOH01000013_gene742,AFOH01000013_gene742,annotation&nbsp;not&nbsp;available,51.2
637390.AFOH01000140_gene1247,AFOH01000140_gene1247,annotation&nbsp;not&nbsp;available,51.2
637390.AFOH01000039_gene2451,AFOH01000039_gene2451,annotation&nbsp;not&nbsp;available,51.1
637390.AFOH01000013_gene732,lipA,Lipoyl&nbsp;synthase,51.0
