535289.Dtpsy_3480,Dtpsy_3480,KEGG:&nbsp;ajs:Ajs_4122&nbsp;diguanylate&nbsp;cyclase,98.9
535289.Dtpsy_0555,Dtpsy_0555,Glucose-1-phosphate&nbsp;thymidylyltransferase,98.9
535289.Dtpsy_2449,Dtpsy_2449,"KEGG:&nbsp;ajs:Ajs_3103&nbsp;aldehyde&nbsp;oxidase&nbsp;and&nbsp;xanthine&nbsp;dehydrogenase,&nbsp;molybdopterin&nbsp;binding",98.8
535289.Dtpsy_2073,Dtpsy_2073,"Two&nbsp;component&nbsp;transcriptional&nbsp;regulator,&nbsp;winged&nbsp;helix&nbsp;family",98.8
535289.Dtpsy_1949,Dtpsy_1949,2-isopropylmalate&nbsp;synthase,98.8
535289.Dtpsy_0282,rpsQ,30S&nbsp;ribosomal&nbsp;protein&nbsp;S17,98.7
535289.Dtpsy_2013,Dtpsy_2013,Phosphonates&nbsp;import&nbsp;ATP-binding&nbsp;protein&nbsp;PhnC,98.7
535289.Dtpsy_2966,aroE,Shikimate&nbsp;dehydrogenase&nbsp;(NADP(+)),98.7
535289.Dtpsy_1629,Dtpsy_1629,PFAM:&nbsp;FAD-dependent&nbsp;pyridine&nbsp;nucleotide-disulphide&nbsp;oxidoreductase,98.7
535289.Dtpsy_0409,Dtpsy_0409,3-hydroxyisobutyrate&nbsp;dehydrogenase,98.6
535289.Dtpsy_1562,Dtpsy_1562,"TIGRFAM:&nbsp;isocitrate&nbsp;dehydrogenase,&nbsp;NADP-dependent",98.6
535289.Dtpsy_1763,Dtpsy_1763,"3-oxoacid&nbsp;CoA-transferase,&nbsp;B&nbsp;subunit",98.6
535289.Dtpsy_1851,Dtpsy_1851,PFAM:&nbsp;carboxyl&nbsp;transferase,98.5
535289.Dtpsy_0279,rpsC,30S&nbsp;ribosomal&nbsp;protein&nbsp;S3,98.5
535289.Dtpsy_0674,tal,Transaldolase,98.5
535289.Dtpsy_1681,Dtpsy_1681,"TIGRFAM:&nbsp;poly(R)-hydroxyalkanoic&nbsp;acid&nbsp;synthase,&nbsp;class&nbsp;I",98.4
535289.Dtpsy_0808,Dtpsy_0808,PFAM:&nbsp;GTP&nbsp;cyclohydrolase&nbsp;I,98.4
535289.Dtpsy_1464,Dtpsy_1464,Histidine&nbsp;kinase,98.4
535289.Dtpsy_2578,Dtpsy_2578,TIGRFAM:&nbsp;UbiD&nbsp;family&nbsp;decarboxylase,98.4
535289.Dtpsy_1641,hscB,Co-chaperone&nbsp;protein&nbsp;HscB&nbsp;homolog,98.3
535289.Dtpsy_0398,rpoA,DNA-directed&nbsp;RNA&nbsp;polymerase&nbsp;subunit&nbsp;alpha,98.2
535289.Dtpsy_1729,Dtpsy_1729,PFAM:&nbsp;D-isomer&nbsp;specific&nbsp;2-hydroxyacid&nbsp;dehydrogenase&nbsp;catalytic&nbsp;region,98.2
535289.Dtpsy_1927,Dtpsy_1927,PFAM:&nbsp;nitrite/sulfite&nbsp;reductase&nbsp;hemoprotein&nbsp;beta-component&nbsp;ferrodoxin&nbsp;domain&nbsp;protein,98.1
535289.Dtpsy_0459,Dtpsy_0459,PFAM:&nbsp;inner-membrane&nbsp;translocator,98.1
535289.Dtpsy_0775,proS,Proline--tRNA&nbsp;ligase,98.1
535289.Dtpsy_1756,Dtpsy_1756,PFAM:&nbsp;sulfatase,98.1
535289.Dtpsy_1835,Dtpsy_1835,"TIGRFAM:&nbsp;type&nbsp;I&nbsp;secretion&nbsp;outer&nbsp;membrane&nbsp;protein,&nbsp;TolC&nbsp;family",98.1
535289.Dtpsy_0173,Dtpsy_0173,PFAM:&nbsp;inner-membrane&nbsp;translocator,98.0
535289.Dtpsy_3087,Dtpsy_3087,Flagellin,98.0
535289.Dtpsy_2147,Dtpsy_2147,PFAM:&nbsp;phosphoesterase&nbsp;PA-phosphatase&nbsp;related,97.9
535289.Dtpsy_2609,Dtpsy_2609,PFAM:&nbsp;ABC&nbsp;transporter&nbsp;related,97.8
535289.Dtpsy_2903,Dtpsy_2903,PFAM:&nbsp;Phosphomethylpyrimidine&nbsp;kinase&nbsp;type-1,97.8
535289.Dtpsy_2698,Dtpsy_2698,Cobalamin&nbsp;biosynthesis&nbsp;protein&nbsp;CobD,97.8
535289.Dtpsy_0002,Dtpsy_0002,Beta&nbsp;sliding&nbsp;clamp,97.8
535289.Dtpsy_0833,nadK,NAD&nbsp;kinase,97.8
535289.Dtpsy_0352,gph,TIGRFAM:&nbsp;phosphoglycolate&nbsp;phosphatase,97.8
535289.Dtpsy_0476,Dtpsy_0476,PFAM:&nbsp;3-hydroxyacyl-CoA&nbsp;dehydrogenase&nbsp;domain&nbsp;protein,97.7
535289.Dtpsy_2905,Dtpsy_2905,KEGG:&nbsp;ajs:Ajs_3582&nbsp;alkaline&nbsp;phosphatase,97.7
535289.Dtpsy_2886,Dtpsy_2886,PFAM:&nbsp;phospholipase&nbsp;D/Transphosphatidylase,97.7
535289.Dtpsy_1310,Dtpsy_1310,TIGRFAM:&nbsp;acetoacetyl-CoA&nbsp;reductase,97.6
535289.Dtpsy_3259,Dtpsy_3259,TIGRFAM:&nbsp;glutamate/cysteine&nbsp;ligase,97.6
535289.Dtpsy_0164,Dtpsy_0164,"Sigma54&nbsp;specific&nbsp;transcriptional&nbsp;regulator,&nbsp;Fis&nbsp;family",97.6
535289.Dtpsy_0304,atpC,ATP&nbsp;synthase&nbsp;epsilon&nbsp;chain,97.5
535289.Dtpsy_2343,Dtpsy_2343,TIGRFAM:&nbsp;FeS&nbsp;assembly&nbsp;protein&nbsp;SufB,97.5
535289.Dtpsy_1018,Dtpsy_1018,"Cob(I)yrinic&nbsp;acid&nbsp;a,c-diamide&nbsp;adenosyltransferase",97.4
535289.Dtpsy_1813,Dtpsy_1813,TIGRFAM:&nbsp;methylmalonate-semialdehyde&nbsp;dehydrogenase,97.4
535289.Dtpsy_0420,Dtpsy_0420,KEGG:&nbsp;aav:Aave_0649&nbsp;diguanylate&nbsp;cyclase/phosphodiesterase&nbsp;with&nbsp;PAS/PAC&nbsp;sensor(s),97.2
535289.Dtpsy_0883,Dtpsy_0883,"KEGG:&nbsp;aav:Aave_1274&nbsp;proton-translocating&nbsp;NADH-quinone&nbsp;oxidoreductase,&nbsp;chain&nbsp;L",97.2
535289.Dtpsy_1480,ppk,Polyphosphate&nbsp;kinase,97.1
535289.Dtpsy_0071,Dtpsy_0071,KEGG:&nbsp;dac:Daci_1599&nbsp;diguanylate&nbsp;cyclase&nbsp;with&nbsp;GAF&nbsp;sensor,97.1
535289.Dtpsy_3419,Dtpsy_3419,Propionyl-CoA&nbsp;carboxylase,97.1
535289.Dtpsy_3431,Dtpsy_3431,"Two&nbsp;component&nbsp;transcriptional&nbsp;regulator,&nbsp;winged&nbsp;helix&nbsp;family",97.1
535289.Dtpsy_1414,Dtpsy_1414,"Two&nbsp;component&nbsp;transcriptional&nbsp;regulator,&nbsp;winged&nbsp;helix&nbsp;family",97.0
535289.Dtpsy_2577,ubiX,Flavin&nbsp;prenyltransferase&nbsp;UbiX,97.0
535289.Dtpsy_0270,fusA,Elongation&nbsp;factor&nbsp;G,97.0
535289.Dtpsy_1941,Dtpsy_1941,PFAM:&nbsp;3-hydroxyacyl-CoA&nbsp;dehydrogenase&nbsp;domain&nbsp;protein,96.9
535289.Dtpsy_2659,Dtpsy_2659,PFAM:&nbsp;extracellular&nbsp;solute-binding&nbsp;protein&nbsp;family&nbsp;1,96.8
535289.Dtpsy_1216,Dtpsy_1216,PFAM:&nbsp;protein&nbsp;of&nbsp;unknown&nbsp;function&nbsp;DUF140,96.8
535289.Dtpsy_2736,Dtpsy_2736,Lipoprotein&nbsp;signal&nbsp;peptidase,96.7
535289.Dtpsy_3100,Dtpsy_3100,Flagellar&nbsp;basal&nbsp;body&nbsp;rod&nbsp;protein&nbsp;FlgB,96.7
535289.Dtpsy_0277,rpsS,30S&nbsp;ribosomal&nbsp;protein&nbsp;S19,96.6
535289.Dtpsy_2922,Dtpsy_2922,PFAM:&nbsp;phosphonate&nbsp;metabolism,96.6
535289.Dtpsy_0931,Dtpsy_0931,PFAM:&nbsp;histidine&nbsp;kinase&nbsp;HAMP&nbsp;region&nbsp;domain&nbsp;protein,96.6
535289.Dtpsy_1973,rnhA,Ribonuclease&nbsp;H,96.5
535289.Dtpsy_2061,Dtpsy_2061,PFAM:&nbsp;inner-membrane&nbsp;translocator,96.4
535289.Dtpsy_1390,Dtpsy_1390,Integration&nbsp;host&nbsp;factor&nbsp;subunit&nbsp;beta,96.3
535289.Dtpsy_2270,Dtpsy_2270,Histidine&nbsp;kinase,96.3
535289.Dtpsy_0517,Dtpsy_0517,Trehalose-6-phosphate&nbsp;synthase,96.3
535289.Dtpsy_0573,Dtpsy_0573,PFAM:&nbsp;Enoyl-CoA&nbsp;hydratase/isomerase,96.3
535289.Dtpsy_1509,recR,Recombination&nbsp;protein&nbsp;RecR,96.3
535289.Dtpsy_1896,Dtpsy_1896,"KEGG:&nbsp;ajs:Ajs_1832&nbsp;ATP-dependent&nbsp;Clp&nbsp;protease,&nbsp;ATP-binding&nbsp;subunit&nbsp;ClpA",96.3
535289.Dtpsy_2296,Dtpsy_2296,PFAM:&nbsp;2-nitropropane&nbsp;dioxygenase&nbsp;NPD,96.2
535289.Dtpsy_2615,acpS,Holo-[acyl-carrier-protein]&nbsp;synthase,96.2
535289.Dtpsy_2943,Dtpsy_2943,Ribonucleoside-diphosphate&nbsp;reductase&nbsp;subunit&nbsp;beta,96.2
535289.Dtpsy_2502,ispF,"2-C-methyl-D-erythritol&nbsp;2,4-cyclodiphosphate&nbsp;synthase",96.1
535289.Dtpsy_1521,Dtpsy_1521,"TIGRFAM:&nbsp;sulfate&nbsp;ABC&nbsp;transporter,&nbsp;inner&nbsp;membrane&nbsp;subunit",96.0
535289.Dtpsy_1895,Dtpsy_1895,TIGRFAM:&nbsp;acetoacetyl-CoA&nbsp;reductase,96.0
535289.Dtpsy_2859,Dtpsy_2859,Cytochrome&nbsp;c&nbsp;oxidase&nbsp;subunit&nbsp;1,96.0
535289.Dtpsy_3088,Dtpsy_3088,PFAM:&nbsp;MotA/TolQ/ExbB&nbsp;proton&nbsp;channel,96.0
535289.Dtpsy_0381,Dtpsy_0381,KEGG:&nbsp;ajs:Ajs_0389&nbsp;extracellular&nbsp;solute-binding&nbsp;protein,95.9
535289.Dtpsy_0387,rpsH,30S&nbsp;ribosomal&nbsp;protein&nbsp;S8,95.9
535289.Dtpsy_1415,Dtpsy_1415,PFAM:&nbsp;VRR-NUC&nbsp;domain&nbsp;protein,95.9
535289.Dtpsy_2243,plsY,Glycerol-3-phosphate&nbsp;acyltransferase,95.7
535289.Dtpsy_2097,Dtpsy_2097,Pyruvate&nbsp;dehydrogenase&nbsp;E1&nbsp;component,95.6
535289.Dtpsy_3407,Dtpsy_3407,PFAM:&nbsp;histidine&nbsp;kinase&nbsp;HAMP&nbsp;region&nbsp;domain&nbsp;protein,95.6
535289.Dtpsy_2825,secB,Protein-export&nbsp;protein&nbsp;SecB,95.6
535289.Dtpsy_3026,pyrC,Dihydroorotase,95.4
535289.Dtpsy_3250,rplK,50S&nbsp;ribosomal&nbsp;protein&nbsp;L11,95.3
535289.Dtpsy_1465,Dtpsy_1465,"Two&nbsp;component&nbsp;transcriptional&nbsp;regulator,&nbsp;winged&nbsp;helix&nbsp;family",95.3
535289.Dtpsy_0564,Dtpsy_0564,PFAM:&nbsp;ABC&nbsp;transporter&nbsp;related,95.3
535289.Dtpsy_3418,Dtpsy_3418,"Sigma54&nbsp;specific&nbsp;transcriptional&nbsp;regulator,&nbsp;Fis&nbsp;family",95.3
535289.Dtpsy_0872,nuoA,NADH-quinone&nbsp;oxidoreductase&nbsp;subunit&nbsp;A,95.2
535289.Dtpsy_2742,Dtpsy_2742,KEGG:&nbsp;aav:Aave_3487&nbsp;diguanylate&nbsp;cyclase/phosphodiesterase,95.2
535289.Dtpsy_1932,Dtpsy_1932,Ferredoxin,95.1
535289.Dtpsy_1796,Dtpsy_1796,PFAM:&nbsp;Mandelate&nbsp;racemase/muconate&nbsp;lactonizing&nbsp;protein,95.1
535289.Dtpsy_1800,Dtpsy_1800,Tryptophan&nbsp;synthase&nbsp;beta&nbsp;chain,95.1
535289.Dtpsy_2668,Dtpsy_2668,Carboxymethylenebutenolidase,95.0
535289.Dtpsy_0113,Dtpsy_0113,PFAM:&nbsp;aminotransferase&nbsp;class&nbsp;I&nbsp;and&nbsp;II,95.0
535289.Dtpsy_2790,Dtpsy_2790,PFAM:&nbsp;4Fe-4S&nbsp;ferredoxin&nbsp;iron-sulfur&nbsp;binding&nbsp;domain&nbsp;protein,94.9
535289.Dtpsy_1040,Dtpsy_1040,KEGG:&nbsp;ajs:Ajs_1120&nbsp;tartrate&nbsp;dehydrogenase,94.9
535289.Dtpsy_0953,Dtpsy_0953,PFAM:&nbsp;Rieske&nbsp;[2Fe-2S]&nbsp;domain&nbsp;protein,94.9
535289.Dtpsy_1449,infC,Translation&nbsp;initiation&nbsp;factor&nbsp;IF-3,94.7
535289.Dtpsy_0201,ilvE,Branched-chain-amino-acid&nbsp;aminotransferase,94.6
535289.Dtpsy_0882,nuoK,NADH-quinone&nbsp;oxidoreductase&nbsp;subunit&nbsp;K,94.6
535289.Dtpsy_2900,Dtpsy_2900,PFAM:&nbsp;response&nbsp;regulator&nbsp;receiver,94.6
535289.Dtpsy_3134,hemE,Uroporphyrinogen&nbsp;decarboxylase,94.6
535289.Dtpsy_1154,Dtpsy_1154,"TIGRFAM:&nbsp;RND&nbsp;efflux&nbsp;system,&nbsp;outer&nbsp;membrane&nbsp;lipoprotein,&nbsp;NodT&nbsp;family",94.6
535289.Dtpsy_1642,hscA,Chaperone&nbsp;protein&nbsp;HscA&nbsp;homolog,94.6
535289.Dtpsy_1489,pstB,Phosphate&nbsp;import&nbsp;ATP-binding&nbsp;protein&nbsp;PstB,94.5
535289.Dtpsy_2604,Dtpsy_2604,KEGG:&nbsp;ajs:Ajs_3251&nbsp;response&nbsp;regulator&nbsp;receiver&nbsp;modulated&nbsp;diguanylate&nbsp;cyclase,94.5
535289.Dtpsy_1588,Dtpsy_1588,KEGG:&nbsp;ajs:Ajs_2286&nbsp;O-acetylhomoserine/O-acetylserine&nbsp;sulfhydrylase,94.3
535289.Dtpsy_0729,hisC,TIGRFAM:&nbsp;histidinol-phosphate&nbsp;aminotransferase,94.3
535289.Dtpsy_0317,Dtpsy_0317,"TIGRFAM:&nbsp;transporter,&nbsp;hydrophobe/amphiphile&nbsp;efflux-1&nbsp;(HAE1)&nbsp;family",94.2
535289.Dtpsy_2106,glnS,Glutamine--tRNA&nbsp;ligase,94.2
535289.Dtpsy_2945,Dtpsy_2945,PFAM:&nbsp;PfkB&nbsp;domain&nbsp;protein,94.1
535289.Dtpsy_0892,Dtpsy_0892,PFAM:&nbsp;Glu/Leu/Phe/Val&nbsp;dehydrogenase&nbsp;,94.1
535289.Dtpsy_2018,Dtpsy_2018,KEGG:&nbsp;ajs:Ajs_1686&nbsp;diguanylate&nbsp;cyclase,94.1
535289.Dtpsy_0944,Dtpsy_0944,PFAM:&nbsp;Aldehyde&nbsp;Dehydrogenase,94.1
535289.Dtpsy_3542,yidC,Membrane&nbsp;protein&nbsp;insertase&nbsp;YidC,94.0
535289.Dtpsy_2329,Dtpsy_2329,"TIGRFAM:&nbsp;nitrite&nbsp;reductase&nbsp;[NAD(P)H],&nbsp;small&nbsp;subunit",94.0
535289.Dtpsy_0807,Dtpsy_0807,Cardiolipin&nbsp;synthase&nbsp;B,93.9
535289.Dtpsy_2496,Dtpsy_2496,"(P)ppGpp&nbsp;synthetase&nbsp;I,&nbsp;SpoT/RelA",93.9
535289.Dtpsy_1491,Dtpsy_1491,KEGG:&nbsp;ajs:Ajs_2367&nbsp;two&nbsp;component&nbsp;transcriptional&nbsp;regulator,93.9
535289.Dtpsy_2386,Dtpsy_2386,TIGRFAM:&nbsp;cysteine&nbsp;synthase,93.8
535289.Dtpsy_1922,Dtpsy_1922,PFAM:&nbsp;Glutathione&nbsp;S-transferase&nbsp;domain,93.8
535289.Dtpsy_0275,rplW,50S&nbsp;ribosomal&nbsp;protein&nbsp;L23,93.8
535289.Dtpsy_0542,Dtpsy_0542,PFAM:&nbsp;Beta-ketoacyl&nbsp;synthase,93.7
535289.Dtpsy_2848,Dtpsy_2848,KEGG:&nbsp;ajs:Ajs_3525&nbsp;diguanylate&nbsp;cyclase/phosphodiesterase&nbsp;with&nbsp;PAS/PAC&nbsp;sensor(s),93.6
535289.Dtpsy_0303,atpD,ATP&nbsp;synthase&nbsp;subunit&nbsp;beta,93.6
535289.Dtpsy_3429,Dtpsy_3429,"TIGRFAM:&nbsp;riboflavin&nbsp;synthase,&nbsp;alpha&nbsp;subunit",93.6
535289.Dtpsy_0358,Dtpsy_0358,TIGRFAM:&nbsp;glutamine&nbsp;amidotransferase&nbsp;of&nbsp;anthranilate&nbsp;synthase,93.6
535289.Dtpsy_0591,Dtpsy_0591,PFAM:&nbsp;ABC&nbsp;transporter&nbsp;related,93.5
535289.Dtpsy_2969,Dtpsy_2969,PFAM:&nbsp;histidine&nbsp;kinase&nbsp;HAMP&nbsp;region&nbsp;domain&nbsp;protein,93.5
535289.Dtpsy_1459,Dtpsy_1459,PFAM:&nbsp;Glu/Leu/Phe/Val&nbsp;dehydrogenase&nbsp;,93.5
535289.Dtpsy_1682,Dtpsy_1682,KEGG:&nbsp;ajs:Ajs_2073&nbsp;acetyl-CoA&nbsp;acetyltransferase,93.4
535289.Dtpsy_1419,Dtpsy_1419,"TIGRFAM:&nbsp;phosphonate&nbsp;ABC&nbsp;transporter,&nbsp;periplasmic&nbsp;phosphonate-binding&nbsp;protein",93.4
535289.Dtpsy_3301,Dtpsy_3301,"KEGG:&nbsp;ajs:Ajs_3952&nbsp;NAD(P)&nbsp;transhydrogenase,&nbsp;subunit&nbsp;alpha&nbsp;part&nbsp;2",93.4
535289.Dtpsy_3270,dapB,4-hydroxy-tetrahydrodipicolinate&nbsp;reductase,93.3
535289.Dtpsy_3462,Dtpsy_3462,PFAM:&nbsp;ABC&nbsp;transporter&nbsp;related,93.3
535289.Dtpsy_2325,Dtpsy_2325,"TIGRFAM:&nbsp;efflux&nbsp;transporter,&nbsp;RND&nbsp;family,&nbsp;MFP&nbsp;subunit",93.3
535289.Dtpsy_1919,Dtpsy_1919,Enoyl-[acyl-carrier-protein]&nbsp;reductase&nbsp;[NADH],93.2
535289.Dtpsy_1964,ppa,Inorganic&nbsp;pyrophosphatase,93.2
535289.Dtpsy_2366,Dtpsy_2366,Phosphoenolpyruvate&nbsp;synthase,93.2
535289.Dtpsy_1477,glmM,Phosphoglucosamine&nbsp;mutase,93.2
535289.Dtpsy_2213,Dtpsy_2213,PFAM:&nbsp;sulfatase,93.0
535289.Dtpsy_3037,Dtpsy_3037,7TM&nbsp;domain&nbsp;sensor&nbsp;diguanylate&nbsp;cyclase,93.0
535289.Dtpsy_2711,Dtpsy_2711,PFAM:&nbsp;inner-membrane&nbsp;translocator,92.9
535289.Dtpsy_1953,Dtpsy_1953,"TIGRFAM:&nbsp;acetolactate&nbsp;synthase,&nbsp;large&nbsp;subunit,&nbsp;biosynthetic&nbsp;type",92.9
535289.Dtpsy_3256,gshB,KEGG:&nbsp;ajs:Ajs_3907&nbsp;glutathione&nbsp;synthetase,92.9
535289.Dtpsy_1435,rlmD,23S&nbsp;rRNA&nbsp;(uracil(1939)-C(5))-methyltransferase&nbsp;RlmD,92.9
535289.Dtpsy_3068,Dtpsy_3068,"Two&nbsp;component&nbsp;transcriptional&nbsp;regulator,&nbsp;LuxR&nbsp;family",92.9
535289.Dtpsy_2582,leuC,3-isopropylmalate&nbsp;dehydratase&nbsp;large&nbsp;subunit,92.9
535289.Dtpsy_3348,Dtpsy_3348,Histidine&nbsp;kinase,92.8
535289.Dtpsy_2566,rplI,50S&nbsp;ribosomal&nbsp;protein&nbsp;L9,92.8
535289.Dtpsy_0105,Dtpsy_0105,KEGG:&nbsp;ajs:Ajs_0086&nbsp;hypothetical&nbsp;protein,92.8
535289.Dtpsy_2591,trpF,PFAM:&nbsp;N-(5'phosphoribosyl)anthranilate&nbsp;isomerase&nbsp;(PRAI),92.7
535289.Dtpsy_2500,Dtpsy_2500,"Two&nbsp;component&nbsp;transcriptional&nbsp;regulator,&nbsp;winged&nbsp;helix&nbsp;family",92.7
535289.Dtpsy_3459,Dtpsy_3459,PFAM:&nbsp;inner-membrane&nbsp;translocator,92.6
535289.Dtpsy_0426,Dtpsy_0426,TIGRFAM:&nbsp;nitrite&nbsp;transporter,92.5
535289.Dtpsy_2145,Dtpsy_2145,Glycerate&nbsp;kinase,92.4
535289.Dtpsy_1478,Dtpsy_1478,Diguanylate&nbsp;cyclase/phosphodiesterase&nbsp;with&nbsp;PAS/PAC&nbsp;sensor(S),92.4
535289.Dtpsy_0240,Dtpsy_0240,PFAM:&nbsp;extracellular&nbsp;solute-binding&nbsp;protein&nbsp;family&nbsp;3,92.2
535289.Dtpsy_0460,Dtpsy_0460,PFAM:&nbsp;ABC&nbsp;transporter&nbsp;related,92.1
535289.Dtpsy_1739,gcvP,Glycine&nbsp;dehydrogenase&nbsp;(decarboxylating),92.1
535289.Dtpsy_0923,Dtpsy_0923,PFAM:&nbsp;NlpBDapX&nbsp;family&nbsp;lipoprotein,92.0
535289.Dtpsy_2271,Dtpsy_2271,"Two&nbsp;component&nbsp;transcriptional&nbsp;regulator,&nbsp;Fis&nbsp;family",92.0
535289.Dtpsy_0954,xseB,Exodeoxyribonuclease&nbsp;7&nbsp;small&nbsp;subunit,92.0
535289.Dtpsy_0232,gatC,Aspartyl/glutamyl-tRNA(Asn/Gln)&nbsp;amidotransferase&nbsp;subunit&nbsp;C,92.0
535289.Dtpsy_1386,Dtpsy_1386,NADH&nbsp;dehydrogenase&nbsp;(Quinone),92.0
535289.Dtpsy_2074,Dtpsy_2074,Histidine&nbsp;kinase,91.9
535289.Dtpsy_3028,Dtpsy_3028,UvrABC&nbsp;system&nbsp;protein&nbsp;A,91.9
535289.Dtpsy_3241,Dtpsy_3241,PAS/PAC&nbsp;sensor&nbsp;signal&nbsp;transduction&nbsp;histidine&nbsp;kinase,91.7
535289.Dtpsy_2414,Dtpsy_2414,PFAM:&nbsp;ferredoxin,91.6
535289.Dtpsy_2533,Dtpsy_2533,Cobalamin&nbsp;biosynthesis&nbsp;protein&nbsp;CobD,91.5
535289.Dtpsy_1222,Dtpsy_1222,PFAM:&nbsp;Amidase,91.5
535289.Dtpsy_0644,Dtpsy_0644,KEGG:&nbsp;ajs:Ajs_0665&nbsp;hypothetical&nbsp;protein,91.5
535289.Dtpsy_2281,mdh,Malate&nbsp;dehydrogenase,91.5
535289.Dtpsy_0461,Dtpsy_0461,PFAM:&nbsp;AMP-dependent&nbsp;synthetase&nbsp;and&nbsp;ligase,91.5
535289.Dtpsy_1495,Dtpsy_1495,TIGRFAM:&nbsp;ribosomal&nbsp;protein&nbsp;L31,91.5
535289.Dtpsy_2322,Dtpsy_2322,"KEGG:&nbsp;ajs:Ajs_2833&nbsp;nitrate&nbsp;ABC&nbsp;transporter,&nbsp;ATPase&nbsp;subunits&nbsp;C&nbsp;and&nbsp;D",91.4
535289.Dtpsy_1453,pheT,KEGG:&nbsp;ajs:Ajs_2395&nbsp;phenylalanyl-tRNA&nbsp;synthetase&nbsp;subunit&nbsp;beta,91.4
535289.Dtpsy_1657,Dtpsy_1657,Pyruvate&nbsp;dehydrogenase&nbsp;E1&nbsp;component,91.4
535289.Dtpsy_1644,dnaQ,DNA&nbsp;polymerase&nbsp;III&nbsp;subunit&nbsp;epsilon,91.4
535289.Dtpsy_2767,Dtpsy_2767,Nitric-oxide&nbsp;reductase,91.3
535289.Dtpsy_0700,Dtpsy_0700,PFAM:&nbsp;Fimbrial&nbsp;assembly&nbsp;family&nbsp;protein,91.3
535289.Dtpsy_2891,Dtpsy_2891,PFAM:&nbsp;phospholipid/glycerol&nbsp;acyltransferase,91.2
535289.Dtpsy_0244,Dtpsy_0244,PFAM:&nbsp;protein&nbsp;of&nbsp;unknown&nbsp;function&nbsp;DUF140,91.2
535289.Dtpsy_0427,Dtpsy_0427,"TIGRFAM:&nbsp;nitrate&nbsp;reductase,&nbsp;alpha&nbsp;subunit",91.1
535289.Dtpsy_2941,Dtpsy_2941,"N-acetylmuramyl-L-alanine&nbsp;amidase,&nbsp;negative&nbsp;regulator&nbsp;of&nbsp;AmpC,&nbsp;AmpD",90.9
535289.Dtpsy_3240,Dtpsy_3240,"Two&nbsp;component&nbsp;transcriptional&nbsp;regulator,&nbsp;Fis&nbsp;family",90.8
535289.Dtpsy_1077,Dtpsy_1077,KEGG:&nbsp;ajs:Ajs_1157&nbsp;alkaline&nbsp;phosphatase,90.8
535289.Dtpsy_1385,Dtpsy_1385,PFAM:&nbsp;NADH-ubiquinone&nbsp;oxidoreductase&nbsp;chain&nbsp;4L,90.7
535289.Dtpsy_2897,Dtpsy_2897,CheA&nbsp;signal&nbsp;transduction&nbsp;histidine&nbsp;kinase,90.7
535289.Dtpsy_1929,Dtpsy_1929,PFAM:&nbsp;phosphoadenosine&nbsp;phosphosulfate&nbsp;reductase,90.6
535289.Dtpsy_0975,fumC,Fumarate&nbsp;hydratase&nbsp;class&nbsp;II,90.6
535289.Dtpsy_3288,Dtpsy_3288,KEGG:&nbsp;ajs:Ajs_3939&nbsp;D-alanyl-D-alanine&nbsp;carboxypeptidase&nbsp;PBP3,90.6
535289.Dtpsy_1050,dcd,dCTP&nbsp;deaminase,90.5
535289.Dtpsy_0616,Dtpsy_0616,Histidine&nbsp;kinase,90.4
535289.Dtpsy_1078,Dtpsy_1078,KEGG:&nbsp;ajs:Ajs_1158&nbsp;diguanylate&nbsp;cyclase,90.4
535289.Dtpsy_2051,Dtpsy_2051,"TIGRFAM:&nbsp;HAD-superfamily&nbsp;hydrolase,&nbsp;subfamily&nbsp;IA,&nbsp;variant&nbsp;1",90.3
535289.Dtpsy_2631,Dtpsy_2631,TIGRFAM:&nbsp;3-oxoacyl-(acyl-carrier-protein)&nbsp;reductase,90.3
535289.Dtpsy_2968,ruvC,Crossover&nbsp;junction&nbsp;endodeoxyribonuclease&nbsp;RuvC,90.2
535289.Dtpsy_0746,tatC,Sec-independent&nbsp;protein&nbsp;translocase&nbsp;protein&nbsp;TatC,90.2
535289.Dtpsy_2349,Dtpsy_2349,KEGG:&nbsp;ajs:Ajs_2860&nbsp;tartrate&nbsp;dehydrogenase,90.2
535289.Dtpsy_1486,Dtpsy_1486,Phosphate-binding&nbsp;protein&nbsp;PstS,90.1
535289.Dtpsy_2463,Dtpsy_2463,PFAM:&nbsp;inner-membrane&nbsp;translocator,90.1
535289.Dtpsy_0318,Dtpsy_0318,"TIGRFAM:&nbsp;efflux&nbsp;transporter,&nbsp;RND&nbsp;family,&nbsp;MFP&nbsp;subunit",90.1
535289.Dtpsy_2012,Dtpsy_2012,"TIGRFAM:&nbsp;phosphonate&nbsp;ABC&nbsp;transporter,&nbsp;periplasmic&nbsp;phosphonate-binding&nbsp;protein",90.0
535289.Dtpsy_1741,Dtpsy_1741,TIGRFAM:&nbsp;glycine&nbsp;cleavage&nbsp;system&nbsp;T&nbsp;protein,89.9
535289.Dtpsy_0213,Dtpsy_0213,"Two&nbsp;component&nbsp;transcriptional&nbsp;regulator,&nbsp;winged&nbsp;helix&nbsp;family",89.9
535289.Dtpsy_1870,Dtpsy_1870,Lactoylglutathione&nbsp;lyase,89.9
535289.Dtpsy_0715,Dtpsy_0715,Adenosylmethionine&nbsp;decarboxylase,89.8
535289.Dtpsy_0670,Dtpsy_0670,5'-nucleotidase,89.8
535289.Dtpsy_2470,Dtpsy_2470,"TIGRFAM:&nbsp;molybdenum&nbsp;ABC&nbsp;transporter,&nbsp;periplasmic&nbsp;molybdate-binding&nbsp;protein",89.8
535289.Dtpsy_1339,gshA,KEGG:&nbsp;ajs:Ajs_2521&nbsp;glutamate-cysteine&nbsp;ligase,89.7
535289.Dtpsy_0102,Dtpsy_0102,PFAM:&nbsp;homocysteine&nbsp;S-methyltransferase,89.7
535289.Dtpsy_0877,Dtpsy_0877,NADH-quinone&nbsp;oxidoreductase&nbsp;subunit&nbsp;F,89.6
535289.Dtpsy_2940,Dtpsy_2940,"Two&nbsp;component,&nbsp;sigma54&nbsp;specific,&nbsp;transcriptional&nbsp;regulator,&nbsp;Fis&nbsp;family",89.6
535289.Dtpsy_0589,Dtpsy_0589,"TIGRFAM:&nbsp;polar&nbsp;amino&nbsp;acid&nbsp;ABC&nbsp;transporter,&nbsp;inner&nbsp;membrane&nbsp;subunit",89.6
535289.Dtpsy_2936,ffh,Signal&nbsp;recognition&nbsp;particle&nbsp;protein,89.5
535289.Dtpsy_3090,Dtpsy_3090,PFAM:&nbsp;response&nbsp;regulator&nbsp;receiver,89.4
535289.Dtpsy_1515,Dtpsy_1515,"TIGRFAM:&nbsp;lipoprotein,&nbsp;YaeC&nbsp;family",89.4
535289.Dtpsy_1340,Dtpsy_1340,PFAM:&nbsp;thiamine&nbsp;pyrophosphate&nbsp;protein&nbsp;domain&nbsp;protein&nbsp;TPP-binding,89.3
535289.Dtpsy_1832,Dtpsy_1832,PFAM:&nbsp;GCN5-related&nbsp;N-acetyltransferase,89.3
535289.Dtpsy_0711,Dtpsy_0711,PFAM:&nbsp;extracellular&nbsp;solute-binding&nbsp;protein&nbsp;family&nbsp;3,89.2
535289.Dtpsy_3446,Dtpsy_3446,Polyamine&nbsp;aminopropyltransferase,89.2
535289.Dtpsy_0109,Dtpsy_0109,KEGG:&nbsp;ajs:Ajs_0092&nbsp;nitric&nbsp;oxide&nbsp;reductase&nbsp;large&nbsp;subunit,89.1
535289.Dtpsy_0163,Dtpsy_0163,Ubiquinol-cytochrome&nbsp;c&nbsp;reductase&nbsp;iron-sulfur&nbsp;subunit,89.1
535289.Dtpsy_2923,Dtpsy_2923,TIGRFAM:&nbsp;phosphonate&nbsp;C-P&nbsp;lyase&nbsp;system&nbsp;protein&nbsp;PhnH,89.1
535289.Dtpsy_0403,Dtpsy_0403,PFAM:&nbsp;glycosyl&nbsp;transferase&nbsp;family&nbsp;2,89.1
535289.Dtpsy_1231,bamA,Outer&nbsp;membrane&nbsp;protein&nbsp;assembly&nbsp;factor&nbsp;BamA,89.1
535289.Dtpsy_0502,Dtpsy_0502,PFAM:&nbsp;Phosphoglycerate&nbsp;mutase,89.0
535289.Dtpsy_3463,Dtpsy_3463,KEGG:&nbsp;dac:Daci_6028&nbsp;amidase,89.0
535289.Dtpsy_2921,Dtpsy_2921,Alpha-D-ribose&nbsp;1-methylphosphonate&nbsp;5-phosphate&nbsp;C-P&nbsp;lyase,89.0
535289.Dtpsy_2806,metG,Methionine--tRNA&nbsp;ligase,89.0
535289.Dtpsy_0675,pgi,PFAM:&nbsp;phosphoglucose&nbsp;isomerase&nbsp;(PGI),88.9
535289.Dtpsy_2368,Dtpsy_2368,"TIGRFAM:&nbsp;alkyl&nbsp;hydroperoxide&nbsp;reductase,&nbsp;F&nbsp;subunit",88.9
535289.Dtpsy_1754,Dtpsy_1754,"Two&nbsp;component&nbsp;transcriptional&nbsp;regulator,&nbsp;winged&nbsp;helix&nbsp;family",88.9
535289.Dtpsy_2598,Dtpsy_2598,TIGRFAM:&nbsp;exopolysaccharide&nbsp;biosynthesis&nbsp;polyprenyl&nbsp;glycosylphosphotransferase,88.8
535289.Dtpsy_2104,aroQ,3-dehydroquinate&nbsp;dehydratase,88.8
535289.Dtpsy_1945,Dtpsy_1945,PFAM:&nbsp;acyl-CoA&nbsp;dehydrogenase&nbsp;domain&nbsp;protein,88.7
535289.Dtpsy_0423,Dtpsy_0423,Histidine&nbsp;kinase,88.7
535289.Dtpsy_1753,Dtpsy_1753,Histidine&nbsp;kinase,88.7
535289.Dtpsy_1015,Dtpsy_1015,PFAM:&nbsp;periplasmic&nbsp;binding&nbsp;protein,88.6
535289.Dtpsy_0375,Dtpsy_0375,PFAM:&nbsp;ABC&nbsp;transporter&nbsp;related,88.6
535289.Dtpsy_1226,frr,Ribosome-recycling&nbsp;factor,88.6
535289.Dtpsy_1370,Dtpsy_1370,PFAM:&nbsp;D-isomer&nbsp;specific&nbsp;2-hydroxyacid&nbsp;dehydrogenase&nbsp;catalytic&nbsp;region,88.6
535289.Dtpsy_0486,Dtpsy_0486,KEGG:&nbsp;ajs:Ajs_3708&nbsp;diguanylate&nbsp;cyclase/phosphodiesterase&nbsp;with&nbsp;PAS/PAC&nbsp;sensor(s),88.4
535289.Dtpsy_2949,Dtpsy_2949,Biotin&nbsp;carboxyl&nbsp;carrier&nbsp;protein&nbsp;of&nbsp;acetyl-CoA&nbsp;carboxylase,88.4
535289.Dtpsy_0246,Dtpsy_0246,PFAM:&nbsp;Mammalian&nbsp;cell&nbsp;entry&nbsp;related&nbsp;domain&nbsp;protein,88.2
535289.Dtpsy_3064,Dtpsy_3064,CheA&nbsp;signal&nbsp;transduction&nbsp;histidine&nbsp;kinase,88.1
535289.Dtpsy_1109,Dtpsy_1109,"TIGRFAM:&nbsp;glutamine&nbsp;synthetase,&nbsp;type&nbsp;I",87.9
535289.Dtpsy_2798,Dtpsy_2798,PFAM:&nbsp;Respiratory-chain&nbsp;NADH&nbsp;dehydrogenase&nbsp;domain&nbsp;51&nbsp;kDa&nbsp;subunit,87.8
535289.Dtpsy_2658,Dtpsy_2658,PFAM:&nbsp;binding-protein-dependent&nbsp;transport&nbsp;systems&nbsp;inner&nbsp;membrane&nbsp;component,87.8
535289.Dtpsy_0714,Dtpsy_0714,Polyamine&nbsp;aminopropyltransferase,87.7
535289.Dtpsy_1728,Dtpsy_1728,PFAM:&nbsp;Extracellular&nbsp;ligand-binding&nbsp;receptor,87.7
535289.Dtpsy_0231,gatA,Glutamyl-tRNA(Gln)&nbsp;amidotransferase&nbsp;subunit&nbsp;A,87.6
535289.Dtpsy_2088,Dtpsy_2088,PFAM:&nbsp;histidine&nbsp;kinase&nbsp;HAMP&nbsp;region&nbsp;domain&nbsp;protein,87.6
535289.Dtpsy_0103,Dtpsy_0103,KEGG:&nbsp;ajs:Ajs_0084&nbsp;ATP-dependent&nbsp;DNA&nbsp;helicase&nbsp;RecQ,87.6
535289.Dtpsy_2851,Dtpsy_2851,PFAM:&nbsp;cytochrome&nbsp;oxidase&nbsp;assembly,87.5
535289.Dtpsy_1759,Dtpsy_1759,PFAM:&nbsp;Catalase&nbsp;domain&nbsp;protein,87.5
535289.Dtpsy_0378,Dtpsy_0378,PFAM:&nbsp;binding-protein-dependent&nbsp;transport&nbsp;systems&nbsp;inner&nbsp;membrane&nbsp;component,87.5
535289.Dtpsy_3354,secF,Protein-export&nbsp;membrane&nbsp;protein&nbsp;SecF,87.5
535289.Dtpsy_2054,Dtpsy_2054,PFAM:&nbsp;Rhodanese&nbsp;domain&nbsp;protein,87.5
535289.Dtpsy_0124,Dtpsy_0124,PFAM:&nbsp;Enoyl-CoA&nbsp;hydratase/isomerase,87.4
535289.Dtpsy_0353,Dtpsy_0353,PFAM:&nbsp;histidine&nbsp;kinase&nbsp;HAMP&nbsp;region&nbsp;domain&nbsp;protein,87.4
535289.Dtpsy_0671,Dtpsy_0671,PFAM:&nbsp;PEBP&nbsp;family&nbsp;protein,87.4
535289.Dtpsy_3079,Dtpsy_3079,PFAM:&nbsp;flagellar&nbsp;assembly&nbsp;protein&nbsp;FliH,87.4
535289.Dtpsy_0299,atpF,ATP&nbsp;synthase&nbsp;subunit&nbsp;b,87.3
535289.Dtpsy_1986,Dtpsy_1986,KEGG:&nbsp;ajs:Ajs_1718&nbsp;DNA-directed&nbsp;DNA&nbsp;polymerase,87.3
535289.Dtpsy_2092,Dtpsy_2092,PFAM:&nbsp;TPR&nbsp;repeat-containing&nbsp;protein,87.2
535289.Dtpsy_2342,Dtpsy_2342,KEGG:&nbsp;ajs:Ajs_2853&nbsp;FeS&nbsp;assembly&nbsp;ATPase&nbsp;SufC,87.1
535289.Dtpsy_0227,Dtpsy_0227,KEGG:&nbsp;ajs:Ajs_0233&nbsp;exodeoxyribonuclease&nbsp;III&nbsp;Xth,87.1
535289.Dtpsy_0430,Dtpsy_0430,KEGG:&nbsp;ajs:Ajs_0439&nbsp;respiratory&nbsp;nitrate&nbsp;reductase&nbsp;gamma&nbsp;subunit,87.1
535289.Dtpsy_2201,Dtpsy_2201,KEGG:&nbsp;ajs:Ajs_2725&nbsp;two&nbsp;component&nbsp;heavy&nbsp;metal&nbsp;response&nbsp;transcriptional&nbsp;regulator,87.0
535289.Dtpsy_1704,purD,KEGG:&nbsp;ajs:Ajs_1899&nbsp;phosphoribosylamine--glycine&nbsp;ligase,87.0
535289.Dtpsy_2986,ftsI,"Peptidoglycan&nbsp;D,D-transpeptidase&nbsp;FtsI",87.0
535289.Dtpsy_1697,upp,Uracil&nbsp;phosphoribosyltransferase,86.9
535289.Dtpsy_3355,secD,Protein&nbsp;translocase&nbsp;subunit&nbsp;SecD,86.8
535289.Dtpsy_0392,rplO,50S&nbsp;ribosomal&nbsp;protein&nbsp;L15,86.8
535289.Dtpsy_1933,Dtpsy_1933,Ferredoxin--NADP&nbsp;reductase,86.8
535289.Dtpsy_1655,Dtpsy_1655,"Two&nbsp;component&nbsp;transcriptional&nbsp;regulator,&nbsp;LuxR&nbsp;family",86.7
535289.Dtpsy_0731,hisH,Imidazole&nbsp;glycerol&nbsp;phosphate&nbsp;synthase&nbsp;subunit&nbsp;HisH,86.7
535289.Dtpsy_2369,Dtpsy_2369,Peroxiredoxin,86.6
535289.Dtpsy_0265,Dtpsy_0265,KEGG:&nbsp;ajs:Ajs_0270&nbsp;ferredoxin-like&nbsp;protein,86.6
535289.Dtpsy_0038,Dtpsy_0038,PFAM:&nbsp;histidine&nbsp;kinase&nbsp;HAMP&nbsp;region&nbsp;domain&nbsp;protein,86.5
535289.Dtpsy_3271,bamE,Outer&nbsp;membrane&nbsp;protein&nbsp;assembly&nbsp;factor&nbsp;BamE,86.5
535289.Dtpsy_2490,Dtpsy_2490,PFAM:&nbsp;pyruvate&nbsp;carboxyltransferase,86.4
535289.Dtpsy_1638,iscS,Cysteine&nbsp;desulfurase&nbsp;IscS,86.4
535289.Dtpsy_3469,surA,Chaperone&nbsp;SurA,86.4
535289.Dtpsy_3392,sucC,Succinate--CoA&nbsp;ligase&nbsp;[ADP-forming]&nbsp;subunit&nbsp;beta,86.3
535289.Dtpsy_2626,Dtpsy_2626,PFAM:&nbsp;Anti&nbsp;sigma-E&nbsp;protein&nbsp;RseA&nbsp;family&nbsp;protein,86.2
535289.Dtpsy_1551,adk,Adenylate&nbsp;kinase,86.2
535289.Dtpsy_0428,Dtpsy_0428,"TIGRFAM:&nbsp;nitrate&nbsp;reductase,&nbsp;beta&nbsp;subunit",86.2
535289.Dtpsy_2799,Dtpsy_2799,Phosphate-binding&nbsp;protein&nbsp;PstS,86.2
535289.Dtpsy_2347,rpsU,TIGRFAM:&nbsp;ribosomal&nbsp;protein&nbsp;S21,86.1
535289.Dtpsy_0544,glyS,KEGG:&nbsp;ajs:Ajs_0528&nbsp;glycine--tRNA&nbsp;ligase,86.0
535289.Dtpsy_0529,Dtpsy_0529,(S)-2-hydroxy-acid&nbsp;oxidase,86.0
535289.Dtpsy_0507,Dtpsy_0507,PFAM:&nbsp;dihydroneopterin&nbsp;aldolase,85.9
535289.Dtpsy_3089,Dtpsy_3089,PFAM:&nbsp;OmpA/MotB&nbsp;domain&nbsp;protein,85.8
535289.Dtpsy_2224,gltX,Glutamate--tRNA&nbsp;ligase,85.7
535289.Dtpsy_1503,Dtpsy_1503,PFAM:&nbsp;UvrD/REP&nbsp;helicase,85.7
535289.Dtpsy_3441,Dtpsy_3441,TIGRFAM:&nbsp;signal&nbsp;peptidase&nbsp;I,85.6
535289.Dtpsy_0021,Dtpsy_0021,KEGG:&nbsp;aav:Aave_0022&nbsp;diguanylate&nbsp;cyclase/phosphodiesterase&nbsp;with&nbsp;PAS/PAC&nbsp;sensor(s),85.6
535289.Dtpsy_1825,Dtpsy_1825,TIGRFAM:&nbsp;propionate/CoA&nbsp;ligase,85.6
535289.Dtpsy_2395,Dtpsy_2395,PFAM:&nbsp;chemotaxis&nbsp;sensory&nbsp;transducer,85.5
535289.Dtpsy_2939,Dtpsy_2939,Histidine&nbsp;kinase,85.4
535289.Dtpsy_0658,ilvA,L-threonine&nbsp;dehydratase,85.3
535289.Dtpsy_1798,Dtpsy_1798,PFAM:&nbsp;SMP-30/Gluconolaconase/LRE&nbsp;domain&nbsp;protein,85.3
535289.Dtpsy_0815,Dtpsy_0815,PFAM:&nbsp;Amidase,85.2
535289.Dtpsy_2089,accA,Acetyl-coenzyme&nbsp;A&nbsp;carboxylase&nbsp;carboxyl&nbsp;transferase&nbsp;subunit&nbsp;alpha,85.1
535289.Dtpsy_2729,purN,Phosphoribosylglycinamide&nbsp;formyltransferase,85.0
535289.Dtpsy_2453,Dtpsy_2453,Diguanylate&nbsp;cyclase/phosphodiesterase,84.9
535289.Dtpsy_0791,Dtpsy_0791,PFAM:&nbsp;extracellular&nbsp;solute-binding&nbsp;protein&nbsp;family&nbsp;1,84.8
535289.Dtpsy_2285,Dtpsy_2285,KEGG:&nbsp;ajs:Ajs_2795&nbsp;succinate&nbsp;dehydrogenase&nbsp;subunit&nbsp;A,84.7
535289.Dtpsy_0097,pckG,Phosphoenolpyruvate&nbsp;carboxykinase&nbsp;[GTP],84.7
535289.Dtpsy_1002,Dtpsy_1002,PFAM:&nbsp;Cbb3-type&nbsp;cytochrome&nbsp;oxidase&nbsp;component,84.6
535289.Dtpsy_1033,Dtpsy_1033,"Malate&nbsp;dehydrogenase&nbsp;(Oxaloacetate-decarboxylating)&nbsp;(NADP(+)).,&nbsp;Phosphate&nbsp;acetyltransferase",84.5
535289.Dtpsy_2372,flhC,Flagellar&nbsp;transcriptional&nbsp;regulator&nbsp;FlhC,84.4
535289.Dtpsy_0003,gyrB,DNA&nbsp;gyrase&nbsp;subunit&nbsp;B,84.2
535289.Dtpsy_2603,lysS,Lysine--tRNA&nbsp;ligase,84.1
535289.Dtpsy_2565,Dtpsy_2565,Replicative&nbsp;DNA&nbsp;helicase,84.1
535289.Dtpsy_2987,ftsL,Cell&nbsp;division&nbsp;protein&nbsp;FtsL,84.0
535289.Dtpsy_0174,Dtpsy_0174,PFAM:&nbsp;ABC&nbsp;transporter&nbsp;related,84.0
535289.Dtpsy_0735,Dtpsy_0735,PFAM:&nbsp;glycosyl&nbsp;transferase&nbsp;family&nbsp;2,83.9
535289.Dtpsy_3325,Dtpsy_3325,PFAM:&nbsp;CoA-binding&nbsp;domain&nbsp;protein,83.8
535289.Dtpsy_1128,clpP,ATP-dependent&nbsp;Clp&nbsp;protease&nbsp;proteolytic&nbsp;subunit,83.8
535289.Dtpsy_2572,dnaJ,Chaperone&nbsp;protein&nbsp;DnaJ,83.8
535289.Dtpsy_2916,Dtpsy_2916,Phosphonates&nbsp;import&nbsp;ATP-binding&nbsp;protein&nbsp;PhnC,83.7
535289.Dtpsy_0736,Dtpsy_0736,KEGG:&nbsp;sbn:Sbal195_0447&nbsp;hypothetical&nbsp;protein,83.7
535289.Dtpsy_2524,Dtpsy_2524,PFAM:&nbsp;General&nbsp;secretory&nbsp;system&nbsp;II&nbsp;protein&nbsp;E&nbsp;domain&nbsp;protein,83.7
535289.Dtpsy_3282,purE,N5-carboxyaminoimidazole&nbsp;ribonucleotide&nbsp;mutase,83.5
535289.Dtpsy_2560,Dtpsy_2560,PFAM:&nbsp;aminotransferase&nbsp;class&nbsp;I&nbsp;and&nbsp;II,83.5
535289.Dtpsy_1458,carB,"TIGRFAM:&nbsp;carbamoyl-phosphate&nbsp;synthase,&nbsp;large&nbsp;subunit",83.4
535289.Dtpsy_0245,Dtpsy_0245,PFAM:&nbsp;ABC&nbsp;transporter&nbsp;related,83.4
535289.Dtpsy_2975,ftsZ,Cell&nbsp;division&nbsp;protein&nbsp;FtsZ,83.4
535289.Dtpsy_3245,rpoC,DNA-directed&nbsp;RNA&nbsp;polymerase&nbsp;subunit&nbsp;beta',83.4
535289.Dtpsy_1001,Dtpsy_1001,"TIGRFAM:&nbsp;cytochrome&nbsp;c&nbsp;oxidase,&nbsp;cbb3-type,&nbsp;subunit&nbsp;II",83.3
535289.Dtpsy_2151,Dtpsy_2151,Iron&nbsp;permease&nbsp;FTR1,83.3
535289.Dtpsy_2570,grpE,Protein&nbsp;GrpE,83.2
535289.Dtpsy_0677,groL,60&nbsp;kDa&nbsp;chaperonin,83.2
535289.Dtpsy_0627,Dtpsy_0627,PFAM:&nbsp;MCP&nbsp;methyltransferase&nbsp;CheR-type,83.2
535289.Dtpsy_2021,Dtpsy_2021,PFAM:&nbsp;ABC&nbsp;transporter&nbsp;related,83.2
535289.Dtpsy_0236,mrdA,"Peptidoglycan&nbsp;D,D-transpeptidase&nbsp;MrdA",83.2
535289.Dtpsy_2267,Dtpsy_2267,"TIGRFAM:&nbsp;cytochrome&nbsp;o&nbsp;ubiquinol&nbsp;oxidase,&nbsp;subunit&nbsp;III",83.2
535289.Dtpsy_1853,Dtpsy_1853,Carbamoyl-phosphate&nbsp;synthase&nbsp;L&nbsp;chain&nbsp;ATP-binding,83.2
535289.Dtpsy_0770,rplU,50S&nbsp;ribosomal&nbsp;protein&nbsp;L21,83.2
535289.Dtpsy_0385,rplE,50S&nbsp;ribosomal&nbsp;protein&nbsp;L5,83.1
535289.Dtpsy_3110,Dtpsy_3110,TIGRFAM:&nbsp;flagellar&nbsp;hook-associated&nbsp;protein&nbsp;FlgK,83.1
535289.Dtpsy_1948,Dtpsy_1948,2-isopropylmalate&nbsp;synthase,83.0
535289.Dtpsy_0175,Dtpsy_0175,PFAM:&nbsp;ABC&nbsp;transporter&nbsp;related,82.9
535289.Dtpsy_2448,Dtpsy_2448,"TIGRFAM:&nbsp;xanthine&nbsp;dehydrogenase,&nbsp;small&nbsp;subunit",82.9
535289.Dtpsy_2607,Dtpsy_2607,PFAM:&nbsp;inner-membrane&nbsp;translocator,82.9
535289.Dtpsy_0011,Dtpsy_0011,Gamma-glutamyltransferase,82.8
535289.Dtpsy_0458,Dtpsy_0458,PFAM:&nbsp;inner-membrane&nbsp;translocator,82.8
535289.Dtpsy_1540,Dtpsy_1540,PFAM:&nbsp;BioY&nbsp;protein,82.7
535289.Dtpsy_1396,gyrA,DNA&nbsp;gyrase&nbsp;subunit&nbsp;A,82.6
535289.Dtpsy_1968,Dtpsy_1968,KEGG:&nbsp;ajs:Ajs_1750&nbsp;hypothetical&nbsp;protein,82.5
535289.Dtpsy_0641,Dtpsy_0641,5'-nucleotidase,82.5
535289.Dtpsy_3492,apt,Adenine&nbsp;phosphoribosyltransferase,82.5
535289.Dtpsy_2828,gpmA,"2,3-bisphosphoglycerate-dependent&nbsp;phosphoglycerate&nbsp;mutase",82.5
535289.Dtpsy_2745,Dtpsy_2745,PFAM:&nbsp;protein&nbsp;of&nbsp;unknown&nbsp;function&nbsp;DUF112&nbsp;transmembrane,82.4
535289.Dtpsy_0924,dapA,4-hydroxy-tetrahydrodipicolinate&nbsp;synthase,82.2
535289.Dtpsy_0720,Dtpsy_0720,PFAM:&nbsp;toluene&nbsp;tolerance&nbsp;family&nbsp;protein,82.1
535289.Dtpsy_0827,Dtpsy_0827,PFAM:&nbsp;TPR&nbsp;repeat-containing&nbsp;protein,82.1
535289.Dtpsy_0875,nuoD,NADH-quinone&nbsp;oxidoreductase&nbsp;subunit&nbsp;D,82.0
535289.Dtpsy_2070,Dtpsy_2070,PFAM:&nbsp;protein&nbsp;of&nbsp;unknown&nbsp;function&nbsp;DUF112&nbsp;transmembrane,82.0
535289.Dtpsy_3339,Dtpsy_3339,KEGG:&nbsp;ajs:Ajs_3990&nbsp;DNA&nbsp;topoisomerase&nbsp;III,82.0
535289.Dtpsy_1093,bamB,Outer&nbsp;membrane&nbsp;protein&nbsp;assembly&nbsp;factor&nbsp;BamB,82.0
535289.Dtpsy_3040,Dtpsy_3040,Carbamoyl-phosphate&nbsp;synthase&nbsp;L&nbsp;chain&nbsp;ATP-binding,81.8
535289.Dtpsy_0084,minC,Probable&nbsp;septum&nbsp;site-determining&nbsp;protein&nbsp;MinC,81.8
535289.Dtpsy_3461,Dtpsy_3461,PFAM:&nbsp;ABC&nbsp;transporter&nbsp;related,81.8
535289.Dtpsy_3246,rpoB,DNA-directed&nbsp;RNA&nbsp;polymerase&nbsp;subunit&nbsp;beta,81.7
535289.Dtpsy_0291,Dtpsy_0291,"TIGRFAM:&nbsp;phosphocarrier,&nbsp;HPr&nbsp;family",81.6
535289.Dtpsy_2662,Dtpsy_2662,Catalase,81.6
535289.Dtpsy_2291,Dtpsy_2291,S-formylglutathione&nbsp;hydrolase,81.6
535289.Dtpsy_2721,Dtpsy_2721,TIGRFAM:&nbsp;thioredoxin&nbsp;reductase,81.5
535289.Dtpsy_0630,Dtpsy_0630,PFAM:&nbsp;response&nbsp;regulator&nbsp;receiver,81.5
535289.Dtpsy_1016,Dtpsy_1016,PFAM:&nbsp;transport&nbsp;system&nbsp;permease&nbsp;protein,81.4
535289.Dtpsy_3283,purK,N5-carboxyaminoimidazole&nbsp;ribonucleotide&nbsp;synthase,81.2
535289.Dtpsy_0962,Dtpsy_0962,PFAM:&nbsp;response&nbsp;regulator&nbsp;receiver,81.2
535289.Dtpsy_2557,Dtpsy_2557,TIGRFAM:&nbsp;molybdopterin-guanine&nbsp;dinucleotide&nbsp;biosynthesis&nbsp;protein&nbsp;B,81.2
535289.Dtpsy_0168,aroK,Shikimate&nbsp;kinase,81.1
535289.Dtpsy_0876,Dtpsy_0876,"KEGG:&nbsp;ajs:Ajs_0961&nbsp;NADH-quinone&nbsp;oxidoreductase,&nbsp;E&nbsp;subunit",81.1
535289.Dtpsy_0298,atpE,ATP&nbsp;synthase&nbsp;subunit&nbsp;c,81.1
535289.Dtpsy_0546,Dtpsy_0546,PFAM:&nbsp;phospholipid/glycerol&nbsp;acyltransferase,81.1
535289.Dtpsy_3351,recA,Protein&nbsp;RecA,81.0
535289.Dtpsy_1420,Dtpsy_1420,Phosphonates&nbsp;import&nbsp;ATP-binding&nbsp;protein&nbsp;PhnC,81.0
535289.Dtpsy_0985,Dtpsy_0985,PFAM:&nbsp;cytochrome&nbsp;c&nbsp;class&nbsp;I,80.9
535289.Dtpsy_1413,Dtpsy_1413,Histidine&nbsp;kinase,80.8
535289.Dtpsy_0587,Dtpsy_0587,PFAM:&nbsp;extracellular&nbsp;solute-binding&nbsp;protein&nbsp;family&nbsp;3,80.8
535289.Dtpsy_0273,rplC,50S&nbsp;ribosomal&nbsp;protein&nbsp;L3,80.7
535289.Dtpsy_3103,Dtpsy_3103,TIGRFAM:&nbsp;flagellar&nbsp;basal&nbsp;body&nbsp;FlaE&nbsp;domain&nbsp;protein,80.7
535289.Dtpsy_0457,Dtpsy_0457,KEGG:&nbsp;ajs:Ajs_0466&nbsp;hypothetical&nbsp;protein,80.7
535289.Dtpsy_0676,Dtpsy_0676,KEGG:&nbsp;ajs:Ajs_0698&nbsp;diguanylate&nbsp;cyclase,80.7
535289.Dtpsy_1452,pheS,"TIGRFAM:&nbsp;phenylalanyl-tRNA&nbsp;synthetase,&nbsp;alpha&nbsp;subunit",80.6
535289.Dtpsy_3114,Dtpsy_3114,PFAM:&nbsp;2-nitropropane&nbsp;dioxygenase&nbsp;NPD,80.6
535289.Dtpsy_3038,Dtpsy_3038,PFAM:&nbsp;pyruvate&nbsp;carboxyltransferase,80.5
535289.Dtpsy_1513,Dtpsy_1513,PFAM:&nbsp;binding-protein-dependent&nbsp;transport&nbsp;systems&nbsp;inner&nbsp;membrane&nbsp;component,80.5
535289.Dtpsy_1850,Dtpsy_1850,TIGRFAM:&nbsp;LAO/AO&nbsp;transport&nbsp;system&nbsp;ATPase,80.5
535289.Dtpsy_2259,Dtpsy_2259,PFAM:&nbsp;aminotransferase&nbsp;class&nbsp;I&nbsp;and&nbsp;II,80.4
535289.Dtpsy_2427,rpsT,30S&nbsp;ribosomal&nbsp;protein&nbsp;S20,80.4
535289.Dtpsy_2290,Dtpsy_2290,TIGRFAM:&nbsp;S-(hydroxymethyl)glutathione&nbsp;dehydrogenase/class&nbsp;III&nbsp;alcohol&nbsp;dehydrogenase,80.3
535289.Dtpsy_2279,Dtpsy_2279,PFAM:&nbsp;HpcH/HpaI&nbsp;aldolase,80.3
535289.Dtpsy_0389,rplR,50S&nbsp;ribosomal&nbsp;protein&nbsp;L18,80.1
535289.Dtpsy_2754,lolD,Lipoprotein-releasing&nbsp;system&nbsp;ATP-binding&nbsp;protein&nbsp;LolD,80.1
535289.Dtpsy_1391,Dtpsy_1391,30S&nbsp;ribosomal&nbsp;protein&nbsp;S1,80.1
535289.Dtpsy_1076,mutS,DNA&nbsp;mismatch&nbsp;repair&nbsp;protein&nbsp;MutS,80.0
535289.Dtpsy_0709,Dtpsy_0709,PFAM:&nbsp;glutamine&nbsp;amidotransferase&nbsp;class-II,80.0
535289.Dtpsy_2679,guaC,GMP&nbsp;reductase,80.0
535289.Dtpsy_1234,fabZ,3-hydroxyacyl-[acyl-carrier-protein]&nbsp;dehydratase&nbsp;FabZ,80.0
535289.Dtpsy_1976,Dtpsy_1976,PFAM:&nbsp;Lytic&nbsp;transglycosylase&nbsp;catalytic,80.0
535289.Dtpsy_0294,lipB,Octanoyltransferase,80.0
535289.Dtpsy_0701,Dtpsy_0701,PFAM:&nbsp;Pilus&nbsp;assembly&nbsp;protein&nbsp;PilO,79.9
535289.Dtpsy_3074,Dtpsy_3074,TIGRFAM:&nbsp;flagellar&nbsp;motor&nbsp;switch&nbsp;protein&nbsp;FliM,79.9
535289.Dtpsy_0336,Dtpsy_0336,PFAM:&nbsp;ABC&nbsp;transporter&nbsp;related,79.9
535289.Dtpsy_0045,gidA,tRNA&nbsp;uridine&nbsp;5-carboxymethylaminomethyl&nbsp;modification&nbsp;enzyme&nbsp;MnmG,79.9
535289.Dtpsy_2532,Dtpsy_2532,PFAM:&nbsp;aminotransferase&nbsp;class&nbsp;I&nbsp;and&nbsp;II,79.8
535289.Dtpsy_1752,Dtpsy_1752,PFAM:&nbsp;histidine&nbsp;kinase&nbsp;HAMP&nbsp;region&nbsp;domain&nbsp;protein,79.8
535289.Dtpsy_0983,acsA,Acetyl-coenzyme&nbsp;A&nbsp;synthetase,79.8
535289.Dtpsy_3300,Dtpsy_3300,NAD(P)&nbsp;transhydrogenase&nbsp;subunit&nbsp;beta,79.8
535289.Dtpsy_0085,Dtpsy_0085,TIGRFAM:&nbsp;septum&nbsp;site-determining&nbsp;protein&nbsp;MinD,79.7
535289.Dtpsy_2284,Dtpsy_2284,"TIGRFAM:&nbsp;succinate&nbsp;dehydrogenase,&nbsp;hydrophobic&nbsp;membrane&nbsp;anchor&nbsp;protein",79.6
535289.Dtpsy_0789,ugpE,Sn-glycerol-3-phosphate&nbsp;transport&nbsp;system&nbsp;permease&nbsp;protein&nbsp;UgpE,79.6
535289.Dtpsy_2924,Dtpsy_2924,TIGRFAM:&nbsp;phosphonate&nbsp;C-P&nbsp;lyase&nbsp;system&nbsp;protein&nbsp;PhnG,79.5
535289.Dtpsy_1424,Dtpsy_1424,PFAM:&nbsp;Polysulphide&nbsp;reductase&nbsp;NrfD,79.4
535289.Dtpsy_0506,Dtpsy_0506,PFAM:&nbsp;dihydroneopterin&nbsp;aldolase,79.4
535289.Dtpsy_1693,Dtpsy_1693,PFAM:&nbsp;Alcohol&nbsp;dehydrogenase&nbsp;zinc-binding&nbsp;domain&nbsp;protein,79.4
535289.Dtpsy_2084,metE,5-methyltetrahydropteroyltriglutamate--homocysteine&nbsp;methyltransferase,79.3
535289.Dtpsy_0590,Dtpsy_0590,"TIGRFAM:&nbsp;polar&nbsp;amino&nbsp;acid&nbsp;ABC&nbsp;transporter,&nbsp;inner&nbsp;membrane&nbsp;subunit",79.2
535289.Dtpsy_1549,lexA,LexA&nbsp;repressor,79.2
535289.Dtpsy_0078,Dtpsy_0078,PFAM:&nbsp;acyl-CoA&nbsp;dehydrogenase&nbsp;domain&nbsp;protein,79.2
535289.Dtpsy_2830,Dtpsy_2830,PFAM:&nbsp;UBA/THIF-type&nbsp;NAD/FAD&nbsp;binding&nbsp;protein,79.1
535289.Dtpsy_2465,Dtpsy_2465,PFAM:&nbsp;Extracellular&nbsp;ligand-binding&nbsp;receptor,79.1
535289.Dtpsy_2860,Dtpsy_2860,Cytochrome&nbsp;c&nbsp;oxidase&nbsp;subunit&nbsp;2,79.1
535289.Dtpsy_2614,nagZ,Beta-hexosaminidase,79.1
535289.Dtpsy_1086,ndk,Nucleoside&nbsp;diphosphate&nbsp;kinase,79.1
535289.Dtpsy_3062,Dtpsy_3062,Chemotaxis&nbsp;protein&nbsp;methyltransferase,79.1
535289.Dtpsy_2468,Dtpsy_2468,PFAM:&nbsp;ABC&nbsp;transporter&nbsp;related,79.1
535289.Dtpsy_0915,pyrG,CTP&nbsp;synthase,79.0
535289.Dtpsy_2907,purH,Bifunctional&nbsp;purine&nbsp;biosynthesis&nbsp;protein&nbsp;PurH,79.0
535289.Dtpsy_1570,Dtpsy_1570,TIGRFAM:&nbsp;conjugative&nbsp;relaxase&nbsp;domain&nbsp;protein,78.9
535289.Dtpsy_2872,Dtpsy_2872,"3-oxoacid&nbsp;CoA-transferase,&nbsp;B&nbsp;subunit",78.9
535289.Dtpsy_3249,rplA,50S&nbsp;ribosomal&nbsp;protein&nbsp;L1,78.9
535289.Dtpsy_1454,himA,Integration&nbsp;host&nbsp;factor&nbsp;subunit&nbsp;alpha,78.9
535289.Dtpsy_2024,Dtpsy_2024,PFAM:&nbsp;inner-membrane&nbsp;translocator,78.8
535289.Dtpsy_1129,clpX,ATP-dependent&nbsp;Clp&nbsp;protease&nbsp;ATP-binding&nbsp;subunit&nbsp;ClpX,78.8
535289.Dtpsy_0186,Dtpsy_0186,Uncharacterized&nbsp;protein,78.8
535289.Dtpsy_2014,Dtpsy_2014,PFAM:&nbsp;binding-protein-dependent&nbsp;transport&nbsp;systems&nbsp;inner&nbsp;membrane&nbsp;component,78.8
535289.Dtpsy_0131,Dtpsy_0131,PFAM:&nbsp;HpcH/HpaI&nbsp;aldolase,78.8
535289.Dtpsy_1114,Dtpsy_1114,TIGRFAM:&nbsp;exodeoxyribonuclease&nbsp;III,78.8
535289.Dtpsy_3375,Dtpsy_3375,PFAM:&nbsp;Glutathione&nbsp;S-transferase&nbsp;domain,78.6
535289.Dtpsy_1898,Dtpsy_1898,"KEGG:&nbsp;ajs:Ajs_1830&nbsp;DNA&nbsp;polymerase&nbsp;III,&nbsp;alpha&nbsp;subunit",78.5
535289.Dtpsy_3349,Dtpsy_3349,"Two&nbsp;component&nbsp;transcriptional&nbsp;regulator,&nbsp;winged&nbsp;helix&nbsp;family",78.4
535289.Dtpsy_1100,hisZ,ATP&nbsp;phosphoribosyltransferase&nbsp;regulatory&nbsp;subunit,78.4
535289.Dtpsy_3122,Dtpsy_3122,PFAM:&nbsp;Extracellular&nbsp;ligand-binding&nbsp;receptor,78.3
535289.Dtpsy_2927,phnN,"Ribose&nbsp;1,5-bisphosphate&nbsp;phosphokinase&nbsp;PhnN",78.3
535289.Dtpsy_0523,Dtpsy_0523,PFAM:&nbsp;Glutathione&nbsp;S-transferase&nbsp;domain,78.3
535289.Dtpsy_0301,atpA,ATP&nbsp;synthase&nbsp;subunit&nbsp;alpha,78.3
535289.Dtpsy_3247,rplL,50S&nbsp;ribosomal&nbsp;protein&nbsp;L7/L12,78.2
535289.Dtpsy_3292,Dtpsy_3292,PFAM:&nbsp;4Fe-4S&nbsp;ferredoxin&nbsp;iron-sulfur&nbsp;binding&nbsp;domain&nbsp;protein,78.2
535289.Dtpsy_0178,Dtpsy_0178,PFAM:&nbsp;histidine&nbsp;kinase&nbsp;HAMP&nbsp;region&nbsp;domain&nbsp;protein,78.1
535289.Dtpsy_2618,recO,DNA&nbsp;repair&nbsp;protein&nbsp;RecO,78.0
535289.Dtpsy_1487,Dtpsy_1487,Phosphate&nbsp;transport&nbsp;system&nbsp;permease&nbsp;protein,78.0
535289.Dtpsy_2551,Dtpsy_2551,PFAM:&nbsp;molybdopterin&nbsp;biosynthesis&nbsp;MoaE&nbsp;protein,77.9
535289.Dtpsy_1694,Dtpsy_1694,PFAM:&nbsp;Aldehyde&nbsp;Dehydrogenase,77.8
535289.Dtpsy_0565,Dtpsy_0565,Transport&nbsp;permease&nbsp;protein,77.8
535289.Dtpsy_0628,Dtpsy_0628,PFAM:&nbsp;CheB&nbsp;methylesterase,77.7
535289.Dtpsy_3044,Dtpsy_3044,Propionyl-CoA&nbsp;carboxylase,77.6
535289.Dtpsy_1003,Dtpsy_1003,Cbb3-type&nbsp;cytochrome&nbsp;c&nbsp;oxidase&nbsp;subunit,77.5
535289.Dtpsy_1959,Dtpsy_1959,Cytokinin&nbsp;riboside&nbsp;5'-monophosphate&nbsp;phosphoribohydrolase,77.5
535289.Dtpsy_0771,rpmA,TIGRFAM:&nbsp;ribosomal&nbsp;protein&nbsp;L27,77.5
535289.Dtpsy_0184,Dtpsy_0184,PFAM:&nbsp;FAD&nbsp;linked&nbsp;oxidase&nbsp;domain&nbsp;protein,77.5
535289.Dtpsy_0300,atpH,ATP&nbsp;synthase&nbsp;subunit&nbsp;delta,77.5
535289.Dtpsy_3105,Dtpsy_3105,TIGRFAM:&nbsp;flagellar&nbsp;basal-body&nbsp;rod&nbsp;protein&nbsp;FlgG,77.5
535289.Dtpsy_1046,Dtpsy_1046,PFAM:&nbsp;Aldehyde&nbsp;Dehydrogenase,77.3
535289.Dtpsy_0090,Dtpsy_0090,D-amino-acid&nbsp;dehydrogenase,77.3
535289.Dtpsy_0693,msrP,Protein-methionine-sulfoxide&nbsp;reductase&nbsp;catalytic&nbsp;subunit&nbsp;MsrP,77.3
535289.Dtpsy_2471,Dtpsy_2471,"TIGRFAM:&nbsp;molybdate&nbsp;ABC&nbsp;transporter,&nbsp;inner&nbsp;membrane&nbsp;subunit",77.3
535289.Dtpsy_0885,nuoN,NADH-quinone&nbsp;oxidoreductase&nbsp;subunit&nbsp;N,77.2
535289.Dtpsy_1718,Dtpsy_1718,TIGRFAM:&nbsp;uroporphyrin-III&nbsp;C-methyltransferase,77.1
535289.Dtpsy_2800,Dtpsy_2800,Iron-sulfur&nbsp;cluster&nbsp;carrier&nbsp;protein,77.1
535289.Dtpsy_3365,Dtpsy_3365,"Two&nbsp;component&nbsp;transcriptional&nbsp;regulator,&nbsp;LuxR&nbsp;family",77.1
535289.Dtpsy_2657,Dtpsy_2657,PFAM:&nbsp;binding-protein-dependent&nbsp;transport&nbsp;systems&nbsp;inner&nbsp;membrane&nbsp;component,77.1
535289.Dtpsy_1723,Dtpsy_1723,PFAM:&nbsp;permease&nbsp;YjgP/YjgQ&nbsp;family&nbsp;protein,77.1
535289.Dtpsy_0726,hisG,ATP&nbsp;phosphoribosyltransferase,77.0
535289.Dtpsy_0089,Dtpsy_0089,PFAM:&nbsp;Extracellular&nbsp;ligand-binding&nbsp;receptor,77.0
535289.Dtpsy_3264,Dtpsy_3264,"TIGRFAM:&nbsp;DNA&nbsp;polymerase&nbsp;III,&nbsp;delta&nbsp;subunit",77.0
535289.Dtpsy_0122,Dtpsy_0122,KEGG:&nbsp;ajs:Ajs_0105&nbsp;acetyl-CoA&nbsp;acetyltransferases,76.9
535289.Dtpsy_0683,metK,S-adenosylmethionine&nbsp;synthase,76.8
535289.Dtpsy_1223,rpsB,TIGRFAM:&nbsp;ribosomal&nbsp;protein&nbsp;S2,76.7
535289.Dtpsy_0867,rpsO,30S&nbsp;ribosomal&nbsp;protein&nbsp;S15,76.7
535289.Dtpsy_2571,dnaK,Chaperone&nbsp;protein&nbsp;DnaK,76.6
535289.Dtpsy_1613,Dtpsy_1613,"3,4-dihydroxy-2-butanone&nbsp;4-phosphate&nbsp;synthase",76.5
535289.Dtpsy_0480,Dtpsy_0480,Putative&nbsp;phytochrome&nbsp;sensor&nbsp;protein,76.3
535289.Dtpsy_0276,rplB,50S&nbsp;ribosomal&nbsp;protein&nbsp;L2,76.3
535289.Dtpsy_2961,Dtpsy_2961,PFAM:&nbsp;cytochrome&nbsp;c&nbsp;class&nbsp;I,76.2
535289.Dtpsy_2762,Dtpsy_2762,PFAM:&nbsp;histidine&nbsp;kinase&nbsp;HAMP&nbsp;region&nbsp;domain&nbsp;protein,76.0
535289.Dtpsy_0074,Dtpsy_0074,TIGRFAM:&nbsp;acetoacetyl-CoA&nbsp;synthase,76.0
535289.Dtpsy_3403,pyrF,TIGRFAM:&nbsp;orotidine&nbsp;5'-phosphate&nbsp;decarboxylase,75.9
535289.Dtpsy_3248,rplJ,50S&nbsp;ribosomal&nbsp;protein&nbsp;L10,75.9
535289.Dtpsy_2824,gpsA,PFAM:&nbsp;NAD-dependent&nbsp;glycerol-3-phosphate&nbsp;dehydrogenase&nbsp;domain&nbsp;protein,75.8
535289.Dtpsy_2435,Dtpsy_2435,PFAM:&nbsp;FeoA&nbsp;family&nbsp;protein,75.8
535289.Dtpsy_0870,tpiA,Triosephosphate&nbsp;isomerase,75.8
535289.Dtpsy_1672,ligA,DNA&nbsp;ligase,75.7
535289.Dtpsy_1782,gluQ,Glutamyl-Q&nbsp;tRNA(Asp)&nbsp;synthetase,75.6
535289.Dtpsy_0727,hisD,Histidinol&nbsp;dehydrogenase,75.5
535289.Dtpsy_0759,secA,Protein&nbsp;translocase&nbsp;subunit&nbsp;SecA,75.5
535289.Dtpsy_2632,Dtpsy_2632,TIGRFAM:&nbsp;malonyl&nbsp;CoA-acyl&nbsp;carrier&nbsp;protein&nbsp;transacylase,75.4
535289.Dtpsy_0432,Dtpsy_0432,Carbonic&nbsp;anhydrase,75.2
535289.Dtpsy_3080,Dtpsy_3080,TIGRFAM:&nbsp;flagellar&nbsp;motor&nbsp;switch&nbsp;protein&nbsp;FliG,75.1
535289.Dtpsy_1185,uvrC,UvrABC&nbsp;system&nbsp;protein&nbsp;C,75.1
535289.Dtpsy_0864,Dtpsy_0864,"(P)ppGpp&nbsp;synthetase&nbsp;I,&nbsp;SpoT/RelA",75.0
535289.Dtpsy_2080,Dtpsy_2080,"TIGRFAM:&nbsp;2-methylisocitrate&nbsp;dehydratase,&nbsp;Fe/S-dependent",75.0
535289.Dtpsy_2288,Dtpsy_2288,Citrate&nbsp;synthase,74.9
535289.Dtpsy_1659,Dtpsy_1659,TIGRFAM:&nbsp;dihydrolipoamide&nbsp;dehydrogenase,74.8
535289.Dtpsy_1930,Dtpsy_1930,PFAM:&nbsp;phosphoadenosine&nbsp;phosphosulfate&nbsp;reductase,74.8
535289.Dtpsy_3013,Dtpsy_3013,PFAM:&nbsp;2-nitropropane&nbsp;dioxygenase&nbsp;NPD,74.7
535289.Dtpsy_2019,Dtpsy_2019,KEGG:&nbsp;ajs:Ajs_1685&nbsp;acetyl-CoA&nbsp;acetyltransferase,74.7
535289.Dtpsy_1073,Dtpsy_1073,7TM&nbsp;domain&nbsp;sensor&nbsp;diguanylate&nbsp;cyclase,74.6
535289.Dtpsy_0620,glmS,Glutamine--fructose-6-phosphate&nbsp;aminotransferase&nbsp;[isomerizing],74.5
535289.Dtpsy_2666,Dtpsy_2666,"Two&nbsp;component&nbsp;transcriptional&nbsp;regulator,&nbsp;LytTR&nbsp;family",74.5
535289.Dtpsy_0604,rplM,50S&nbsp;ribosomal&nbsp;protein&nbsp;L13,74.5
535289.Dtpsy_2586,leuB,3-isopropylmalate&nbsp;dehydrogenase,74.5
535289.Dtpsy_0386,rpsN,30S&nbsp;ribosomal&nbsp;protein&nbsp;S14,74.4
535289.Dtpsy_1451,rplT,50S&nbsp;ribosomal&nbsp;protein&nbsp;L20,74.4
535289.Dtpsy_3065,Dtpsy_3065,PFAM:&nbsp;response&nbsp;regulator&nbsp;receiver,74.3
535289.Dtpsy_3374,Dtpsy_3374,PFAM:&nbsp;glutathione&nbsp;peroxidase,74.3
535289.Dtpsy_0678,groS,10&nbsp;kDa&nbsp;chaperonin,74.2
535289.Dtpsy_0391,rpmD,TIGRFAM:&nbsp;ribosomal&nbsp;protein&nbsp;L30,74.2
535289.Dtpsy_0083,Dtpsy_0083,TIGRFAM:&nbsp;CDP-diacylglycerol/serine&nbsp;O-phosphatidyltransferase,74.2
535289.Dtpsy_2066,Dtpsy_2066,PFAM:&nbsp;Extracellular&nbsp;ligand-binding&nbsp;receptor,74.1
535289.Dtpsy_2266,Dtpsy_2266,KEGG:&nbsp;ajs:Ajs_2776&nbsp;cytochrome-c&nbsp;oxidase,74.1
535289.Dtpsy_1456,carA,"TIGRFAM:&nbsp;carbamoyl-phosphate&nbsp;synthase,&nbsp;small&nbsp;subunit",74.1
535289.Dtpsy_3416,Dtpsy_3416,TIGRFAM:&nbsp;CitB&nbsp;domain&nbsp;protein,74.1
535289.Dtpsy_1831,Dtpsy_1831,PFAM:&nbsp;Three-deoxy-D-manno-octulosonic-acid&nbsp;transferase&nbsp;domain&nbsp;protein,74.1
535289.Dtpsy_2249,Dtpsy_2249,TIGRFAM:&nbsp;aminopeptidase&nbsp;N,74.0
535289.Dtpsy_0744,tatA,Sec-independent&nbsp;protein&nbsp;translocase&nbsp;protein&nbsp;TatA,73.9
535289.Dtpsy_0267,Dtpsy_0267,Serine-type&nbsp;D-Ala-D-Ala&nbsp;carboxypeptidase,73.9
535289.Dtpsy_2831,Dtpsy_2831,PFAM:&nbsp;response&nbsp;regulator&nbsp;receiver,73.9
535289.Dtpsy_0395,rpsM,30S&nbsp;ribosomal&nbsp;protein&nbsp;S13,73.8
535289.Dtpsy_0512,Dtpsy_0512,KEGG:&nbsp;bph:Bphy_3603&nbsp;nitrate/sulfonate/bicarbonate&nbsp;ABC&nbsp;transporter&nbsp;periplasmic&nbsp;ligand-binding&nbsp;protein,73.8
535289.Dtpsy_1512,metN,Methionine&nbsp;import&nbsp;ATP-binding&nbsp;protein&nbsp;MetN,73.7
535289.Dtpsy_2855,Dtpsy_2855,PFAM:&nbsp;cytochrome&nbsp;c&nbsp;oxidase&nbsp;subunit&nbsp;III,73.6
535289.Dtpsy_0553,Dtpsy_0553,"TIGRFAM:&nbsp;dTDP-glucose&nbsp;4,6-dehydratase",73.6
535289.Dtpsy_3305,Dtpsy_3305,KEGG:&nbsp;ajs:Ajs_3956&nbsp;pyruvate&nbsp;kinase,73.4
535289.Dtpsy_1778,Dtpsy_1778,TIGRFAM:&nbsp;succinic&nbsp;semialdehyde&nbsp;dehydrogenase,73.4
535289.Dtpsy_1111,Dtpsy_1111,"Signal&nbsp;transduction&nbsp;histidine&nbsp;kinase,&nbsp;nitrogen&nbsp;specific,&nbsp;NtrB",73.3
535289.Dtpsy_3136,Dtpsy_3136,"KEGG:&nbsp;ajs:Ajs_3863&nbsp;L-asparaginases,&nbsp;type&nbsp;II",73.1
535289.Dtpsy_0255,Dtpsy_0255,Carboxymethylenebutenolidase,73.1
535289.Dtpsy_2023,Dtpsy_2023,PFAM:&nbsp;inner-membrane&nbsp;translocator,73.1
535289.Dtpsy_2610,Dtpsy_2610,PFAM:&nbsp;ABC&nbsp;transporter&nbsp;related,73.1
535289.Dtpsy_1654,folD,Bifunctional&nbsp;protein&nbsp;FolD,72.9
535289.Dtpsy_1636,uvrB,UvrABC&nbsp;system&nbsp;protein&nbsp;B,72.9
535289.Dtpsy_1767,dnaE2,Error-prone&nbsp;DNA&nbsp;polymerase,72.9
535289.Dtpsy_0197,Dtpsy_0197,PFAM:&nbsp;Glutathione&nbsp;S-transferase&nbsp;domain,72.9
535289.Dtpsy_0417,Dtpsy_0417,PFAM:&nbsp;FAD&nbsp;linked&nbsp;oxidase&nbsp;domain&nbsp;protein,72.9
535289.Dtpsy_0394,rpmJ,TIGRFAM:&nbsp;ribosomal&nbsp;protein&nbsp;L36,72.8
535289.Dtpsy_0566,Dtpsy_0566,KEGG:&nbsp;pol:Bpro_3999&nbsp;mannose-1-phosphate&nbsp;guanylyltransferase&nbsp;(GDP),72.7
535289.Dtpsy_2942,Dtpsy_2942,Ribonucleoside-diphosphate&nbsp;reductase,72.7
535289.Dtpsy_1965,hppA,K(+)-insensitive&nbsp;pyrophosphate-energized&nbsp;proton&nbsp;pump,72.7
535289.Dtpsy_2507,Dtpsy_2507,"TIGRFAM:&nbsp;lipoprotein,&nbsp;YaeC&nbsp;family",72.7
535289.Dtpsy_2933,Dtpsy_2933,PFAM:&nbsp;Enoyl-CoA&nbsp;hydratase/isomerase,72.7
535289.Dtpsy_0390,rpsE,30S&nbsp;ribosomal&nbsp;protein&nbsp;S5,72.6
535289.Dtpsy_0753,Dtpsy_0753,Cytochrome&nbsp;b,72.6
535289.Dtpsy_2567,rpsR,30S&nbsp;ribosomal&nbsp;protein&nbsp;S18,72.4
535289.Dtpsy_0745,tatB,Sec-independent&nbsp;protein&nbsp;translocase&nbsp;protein&nbsp;TatB,72.2
535289.Dtpsy_0788,Dtpsy_0788,PFAM:&nbsp;ABC&nbsp;transporter&nbsp;related,72.1
535289.Dtpsy_3401,pgk,PFAM:&nbsp;phosphoglycerate&nbsp;kinase,72.1
535289.Dtpsy_1656,Dtpsy_1656,KEGG:&nbsp;ajs:Ajs_2126&nbsp;multi-sensor&nbsp;signal&nbsp;transduction&nbsp;histidine&nbsp;kinase,72.0
535289.Dtpsy_1208,Dtpsy_1208,PFAM:&nbsp;multicopper&nbsp;oxidase&nbsp;type&nbsp;2,72.0
535289.Dtpsy_2250,fbp,"Fructose-1,6-bisphosphatase&nbsp;class&nbsp;1",71.9
535289.Dtpsy_0636,Dtpsy_0636,TIGRFAM:&nbsp;cyanophycin&nbsp;synthetase,71.9
535289.Dtpsy_3056,Dtpsy_3056,Carbonic&nbsp;anhydrase,71.9
535289.Dtpsy_1888,Dtpsy_1888,PFAM:&nbsp;histidine&nbsp;kinase&nbsp;HAMP&nbsp;region&nbsp;domain&nbsp;protein,71.8
535289.Dtpsy_1961,nadE,Glutamine-dependent&nbsp;NAD(+)&nbsp;synthetase,71.8
535289.Dtpsy_1905,Dtpsy_1905,Dihydrolipoyllysine-residue&nbsp;succinyltransferase&nbsp;component&nbsp;of&nbsp;2-oxoglutarate&nbsp;dehydrogenase&nbsp;complex,71.7
535289.Dtpsy_0599,Dtpsy_0599,"KEGG:&nbsp;ajs:Ajs_0620&nbsp;5,10-methylenetetrahydrofolate&nbsp;reductase",71.7
535289.Dtpsy_2892,Dtpsy_2892,PFAM:&nbsp;amidohydrolase,71.6
535289.Dtpsy_2216,Dtpsy_2216,Sensor&nbsp;protein,71.5
535289.Dtpsy_1217,Dtpsy_1217,PFAM:&nbsp;Mammalian&nbsp;cell&nbsp;entry&nbsp;related&nbsp;domain&nbsp;protein,71.5
535289.Dtpsy_2067,Dtpsy_2067,"PAS&nbsp;modulated&nbsp;sigma54&nbsp;specific&nbsp;transcriptional&nbsp;regulator,&nbsp;Fis&nbsp;family",71.5
535289.Dtpsy_0880,nuoI,NADH-quinone&nbsp;oxidoreductase&nbsp;subunit&nbsp;I,71.4
535289.Dtpsy_2475,Dtpsy_2475,PFAM:&nbsp;ABC&nbsp;transporter&nbsp;related,71.4
535289.Dtpsy_1724,Dtpsy_1724,PFAM:&nbsp;permease&nbsp;YjgP/YjgQ&nbsp;family&nbsp;protein,71.4
535289.Dtpsy_2641,Dtpsy_2641,"TIGRFAM:&nbsp;HAD-superfamily&nbsp;hydrolase,&nbsp;subfamily&nbsp;IA,&nbsp;variant&nbsp;3",71.4
535289.Dtpsy_2697,rsgA,Small&nbsp;ribosomal&nbsp;subunit&nbsp;biogenesis&nbsp;GTPase&nbsp;RsgA,71.2
535289.Dtpsy_2755,Dtpsy_2755,"TIGRFAM:&nbsp;lipoprotein&nbsp;releasing&nbsp;system,&nbsp;transmembrane&nbsp;protein,&nbsp;LolC/E&nbsp;family",71.1
535289.Dtpsy_2048,Dtpsy_2048,O-acetylhomoserine/O-acetylserine&nbsp;sulfhydrylase,71.1
535289.Dtpsy_0863,rpoZ,DNA-directed&nbsp;RNA&nbsp;polymerase&nbsp;subunit&nbsp;omega,71.0
535289.Dtpsy_1490,Dtpsy_1490,Phosphate-specific&nbsp;transport&nbsp;system&nbsp;accessory&nbsp;protein&nbsp;PhoU,70.9
535289.Dtpsy_3460,Dtpsy_3460,PFAM:&nbsp;inner-membrane&nbsp;translocator,70.8
535289.Dtpsy_0063,Dtpsy_0063,TIGRFAM:&nbsp;ATP/cobalamin&nbsp;adenosyltransferase,70.7
535289.Dtpsy_2251,Dtpsy_2251,PFAM:&nbsp;ATP&nbsp;dependent&nbsp;DNA&nbsp;ligase,70.6
535289.Dtpsy_0673,zwf,Glucose-6-phosphate&nbsp;1-dehydrogenase,70.6
535289.Dtpsy_2485,rpoD,RNA&nbsp;polymerase&nbsp;sigma&nbsp;factor&nbsp;RpoD,70.5
535289.Dtpsy_0990,Dtpsy_0990,Bacterioferritin,70.5
535289.Dtpsy_0367,Dtpsy_0367,KEGG:&nbsp;ajs:Ajs_0376&nbsp;ATP-dependent&nbsp;DNA&nbsp;helicase&nbsp;RecG,70.4
535289.Dtpsy_2256,Dtpsy_2256,"3,4-dihydroxy-2-butanone&nbsp;4-phosphate&nbsp;synthase",70.4
535289.Dtpsy_3039,Dtpsy_3039,PFAM:&nbsp;D-isomer&nbsp;specific&nbsp;2-hydroxyacid&nbsp;dehydrogenase&nbsp;NAD-binding,70.4
535289.Dtpsy_3481,Dtpsy_3481,PFAM:&nbsp;histidine&nbsp;kinase&nbsp;HAMP&nbsp;region&nbsp;domain&nbsp;protein,70.4
535289.Dtpsy_0252,Dtpsy_0252,KEGG:&nbsp;ajs:Ajs_0257&nbsp;diguanylate&nbsp;cyclase&nbsp;with&nbsp;PAS/PAC&nbsp;sensor,70.4
535289.Dtpsy_1070,Dtpsy_1070,PFAM:&nbsp;ATP-binding&nbsp;region&nbsp;ATPase&nbsp;domain&nbsp;protein,70.3
535289.Dtpsy_2464,Dtpsy_2464,PFAM:&nbsp;inner-membrane&nbsp;translocator,70.2
535289.Dtpsy_1580,glnD,Bifunctional&nbsp;uridylyltransferase/uridylyl-removing&nbsp;enzyme,70.2
535289.Dtpsy_3358,Dtpsy_3358,PFAM:&nbsp;pyruvate&nbsp;ferredoxin/flavodoxin&nbsp;oxidoreductase,70.1
535289.Dtpsy_3436,Dtpsy_3436,PFAM:&nbsp;oxidoreductase&nbsp;FAD/NAD(P)-binding&nbsp;domain&nbsp;protein,70.1
535289.Dtpsy_2588,asd,Aspartate-semialdehyde&nbsp;dehydrogenase,70.1
535289.Dtpsy_1960,Dtpsy_1960,PFAM:&nbsp;nitrogen&nbsp;regulatory&nbsp;protein&nbsp;P-II,70.1
535289.Dtpsy_0793,Dtpsy_0793,FAD&nbsp;linked&nbsp;oxidase&nbsp;domain&nbsp;protein,70.0
535289.Dtpsy_3063,Dtpsy_3063,PFAM:&nbsp;CheW&nbsp;domain&nbsp;protein,70.0
535289.Dtpsy_3366,Dtpsy_3366,KEGG:&nbsp;ajs:Ajs_4016&nbsp;PAS/PAC&nbsp;sensor&nbsp;signal&nbsp;transduction&nbsp;histidine&nbsp;kinase,69.8
535289.Dtpsy_0136,Dtpsy_0136,PFAM:&nbsp;acyl-CoA&nbsp;dehydrogenase&nbsp;domain&nbsp;protein,69.8
535289.Dtpsy_1492,Dtpsy_1492,KEGG:&nbsp;ajs:Ajs_2366&nbsp;multi-sensor&nbsp;signal&nbsp;transduction&nbsp;histidine&nbsp;kinase,69.8
535289.Dtpsy_0987,Dtpsy_0987,KEGG:&nbsp;ajs:Ajs_1071&nbsp;dihydroxy-acid&nbsp;dehydratase,69.8
535289.Dtpsy_3078,Dtpsy_3078,ATPase&nbsp;FliI/YscN,69.8
535289.Dtpsy_2660,Dtpsy_2660,PFAM:&nbsp;ABC&nbsp;transporter&nbsp;related,69.6
535289.Dtpsy_1854,Dtpsy_1854,KEGG:&nbsp;ajs:Ajs_2044&nbsp;lactoylglutathione&nbsp;lyase,69.6
535289.Dtpsy_1906,Dtpsy_1906,"2-oxoglutarate&nbsp;dehydrogenase,&nbsp;E1&nbsp;subunit",69.6
535289.Dtpsy_2811,Dtpsy_2811,PFAM:&nbsp;thiamine&nbsp;pyrophosphate&nbsp;protein&nbsp;domain&nbsp;protein&nbsp;TPP-binding,69.5
535289.Dtpsy_0346,Dtpsy_0346,Putative&nbsp;glutamate--cysteine&nbsp;ligase&nbsp;2,69.5
535289.Dtpsy_0306,Dtpsy_0306,PFAM:&nbsp;ATP&nbsp;dependent&nbsp;DNA&nbsp;ligase&nbsp;domain&nbsp;protein,69.5
535289.Dtpsy_1423,Dtpsy_1423,PFAM:&nbsp;molydopterin&nbsp;dinucleotide-binding&nbsp;region,69.5
535289.Dtpsy_2703,rpsP,TIGRFAM:&nbsp;ribosomal&nbsp;protein&nbsp;S16,69.5
535289.Dtpsy_0823,ctc,50S&nbsp;ribosomal&nbsp;protein&nbsp;L25,69.4
535289.Dtpsy_3243,Dtpsy_3243,TIGRFAM:&nbsp;sun&nbsp;protein,69.4
535289.Dtpsy_1308,Dtpsy_1308,PFAM:&nbsp;alpha/beta&nbsp;hydrolase&nbsp;fold,69.4
535289.Dtpsy_2819,Dtpsy_2819,"TIGRFAM:&nbsp;para-aminobenzoate&nbsp;synthase,&nbsp;subunit&nbsp;I",69.4
535289.Dtpsy_0787,Dtpsy_0787,PFAM:&nbsp;glycerophosphoryl&nbsp;diester&nbsp;phosphodiesterase,69.4
535289.Dtpsy_2215,Dtpsy_2215,KEGG:&nbsp;dac:Daci_1091&nbsp;two&nbsp;component&nbsp;heavy&nbsp;metal&nbsp;response&nbsp;transcriptional&nbsp;regulator,69.3
535289.Dtpsy_0361,trpC,PFAM:&nbsp;Indole-3-glycerol&nbsp;phosphate&nbsp;synthase,69.2
535289.Dtpsy_3352,recX,Regulatory&nbsp;protein&nbsp;RecX,69.2
535289.Dtpsy_2332,Dtpsy_2332,TIGRFAM:&nbsp;uroporphyrin-III&nbsp;C-methyltransferase,69.2
535289.Dtpsy_1923,Dtpsy_1923,"TIGRFAM:&nbsp;sulfate&nbsp;ABC&nbsp;transporter,&nbsp;periplasmic&nbsp;sulfate-binding&nbsp;protein",69.2
535289.Dtpsy_2991,hslV,ATP-dependent&nbsp;protease&nbsp;subunit&nbsp;HslV,69.2
535289.Dtpsy_2635,rpmF,TIGRFAM:&nbsp;ribosomal&nbsp;protein&nbsp;L32,69.0
535289.Dtpsy_2652,Dtpsy_2652,TIGRFAM:&nbsp;penicillin-binding&nbsp;protein&nbsp;1C,69.0
535289.Dtpsy_2664,argH,TIGRFAM:&nbsp;argininosuccinate&nbsp;lyase,69.0
535289.Dtpsy_2107,Dtpsy_2107,PFAM:&nbsp;extracellular&nbsp;solute-binding&nbsp;protein&nbsp;family&nbsp;1,69.0
535289.Dtpsy_2450,Dtpsy_2450,KEGG:&nbsp;ajs:Ajs_3104&nbsp;diguanylate&nbsp;cyclase&nbsp;with&nbsp;PAS/PAC&nbsp;sensor,69.0
535289.Dtpsy_2744,Dtpsy_2744,PFAM:&nbsp;short-chain&nbsp;dehydrogenase/reductase&nbsp;SDR,68.9
535289.Dtpsy_1448,thrS,Threonine--tRNA&nbsp;ligase,68.9
535289.Dtpsy_0396,rpsK,30S&nbsp;ribosomal&nbsp;protein&nbsp;S11,68.9
535289.Dtpsy_1971,Dtpsy_1971,TIGRFAM:&nbsp;molybdenum&nbsp;cofactor&nbsp;synthesis&nbsp;domain&nbsp;protein,68.8
535289.Dtpsy_0685,Dtpsy_0685,PFAM:&nbsp;lipid&nbsp;A&nbsp;biosynthesis&nbsp;acyltransferase,68.7
535289.Dtpsy_2370,Dtpsy_2370,Bacterioferritin,68.7
535289.Dtpsy_0153,Dtpsy_0153,PFAM:&nbsp;Glu/Leu/Phe/Val&nbsp;dehydrogenase&nbsp;,68.7
535289.Dtpsy_2472,modC,Molybdenum&nbsp;import&nbsp;ATP-binding&nbsp;protein&nbsp;ModC,68.7
535289.Dtpsy_0873,nuoB,NADH-quinone&nbsp;oxidoreductase&nbsp;subunit&nbsp;B,68.6
535289.Dtpsy_2810,Dtpsy_2810,PFAM:&nbsp;FMN-dependent&nbsp;alpha-hydroxy&nbsp;acid&nbsp;dehydrogenase,68.5
535289.Dtpsy_2358,Dtpsy_2358,PFAM:&nbsp;pyruvate&nbsp;carboxyltransferase,68.5
535289.Dtpsy_1530,argA,TIGRFAM:&nbsp;amino-acid&nbsp;N-acetyltransferase,68.5
535289.Dtpsy_1261,guaA,GMP&nbsp;synthase&nbsp;[glutamine-hydrolyzing],68.5
535289.Dtpsy_1899,bamD,Outer&nbsp;membrane&nbsp;protein&nbsp;assembly&nbsp;factor&nbsp;BamD,68.3
535289.Dtpsy_2371,flhD,Flagellar&nbsp;transcriptional&nbsp;regulator&nbsp;FlhD,68.3
535289.Dtpsy_1826,Dtpsy_1826,KEGG:&nbsp;ajs:Ajs_2017&nbsp;diguanylate&nbsp;cyclase/phosphodiesterase&nbsp;with&nbsp;PAS/PAC&nbsp;sensor(s),68.2
535289.Dtpsy_1036,Dtpsy_1036,"Amidase,&nbsp;hydantoinase/carbamoylase&nbsp;family",68.2
535289.Dtpsy_2283,Dtpsy_2283,"TIGRFAM:&nbsp;succinate&nbsp;dehydrogenase,&nbsp;cytochrome&nbsp;b556&nbsp;subunit",68.2
535289.Dtpsy_1557,xseA,Exodeoxyribonuclease&nbsp;7&nbsp;large&nbsp;subunit,68.2
535289.Dtpsy_0425,Dtpsy_0425,PFAM:&nbsp;major&nbsp;facilitator&nbsp;superfamily&nbsp;MFS_1,68.1
535289.Dtpsy_0278,rplV,50S&nbsp;ribosomal&nbsp;protein&nbsp;L22,68.1
535289.Dtpsy_1066,Dtpsy_1066,TIGRFAM:&nbsp;aconitate&nbsp;hydratase&nbsp;1,68.0
535289.Dtpsy_2898,Dtpsy_2898,PFAM:&nbsp;chemotaxis&nbsp;sensory&nbsp;transducer,67.9
535289.Dtpsy_1726,Dtpsy_1726,PFAM:&nbsp;DNA&nbsp;polymerase&nbsp;III&nbsp;chi&nbsp;subunit&nbsp;HolC,67.8
535289.Dtpsy_0397,rpsD,30S&nbsp;ribosomal&nbsp;protein&nbsp;S4,67.8
535289.Dtpsy_2555,moaD,Molybdopterin&nbsp;synthase&nbsp;sulfur&nbsp;carrier&nbsp;subunit,67.8
535289.Dtpsy_2710,Dtpsy_2710,PFAM:&nbsp;ABC&nbsp;transporter&nbsp;related,67.7
535289.Dtpsy_3061,cheD,Probable&nbsp;chemoreceptor&nbsp;glutamine&nbsp;deamidase&nbsp;CheD,67.7
535289.Dtpsy_0988,Dtpsy_0988,KEGG:&nbsp;ajs:Ajs_1072&nbsp;dihydroxy-acid&nbsp;dehydratase,67.6
535289.Dtpsy_0069,Dtpsy_0069,KEGG:&nbsp;ajs:Ajs_0049&nbsp;methyl-accepting&nbsp;chemotaxis&nbsp;sensory&nbsp;transducer,67.6
535289.Dtpsy_1772,Dtpsy_1772,"Two&nbsp;component&nbsp;transcriptional&nbsp;regulator,&nbsp;LuxR&nbsp;family",67.5
535289.Dtpsy_0960,Dtpsy_0960,KEGG:&nbsp;ajs:Ajs_1042&nbsp;gamma-glutamyltransferase&nbsp;1,67.4
535289.Dtpsy_2476,Dtpsy_2476,PFAM:&nbsp;binding-protein-dependent&nbsp;transport&nbsp;systems&nbsp;inner&nbsp;membrane&nbsp;component,67.4
535289.Dtpsy_2625,Dtpsy_2625,PFAM:&nbsp;MucB/RseB&nbsp;family&nbsp;protein,67.4
535289.Dtpsy_0541,Dtpsy_0541,3-hydroxydecanoyl-[acyl-carrier-protein]&nbsp;dehydratase,67.4
535289.Dtpsy_2268,Dtpsy_2268,TIGRFAM:&nbsp;cytochrome&nbsp;o&nbsp;ubiquinol&nbsp;oxidase&nbsp;subunit&nbsp;IV,67.4
535289.Dtpsy_0337,Dtpsy_0337,RNA&nbsp;polymerase&nbsp;sigma-54&nbsp;factor,67.4
535289.Dtpsy_1418,Dtpsy_1418,"TIGRFAM:&nbsp;phosphonate&nbsp;ABC&nbsp;transporter,&nbsp;inner&nbsp;membrane&nbsp;subunit",67.3
535289.Dtpsy_2893,pyrB,TIGRFAM:&nbsp;aspartate&nbsp;carbamoyltransferase,67.3
535289.Dtpsy_0354,Dtpsy_0354,PFAM:&nbsp;histidine&nbsp;kinase&nbsp;HAMP&nbsp;region&nbsp;domain&nbsp;protein,67.2
535289.Dtpsy_1393,Dtpsy_1393,PFAM:&nbsp;Prephenate&nbsp;dehydrogenase,67.2
535289.Dtpsy_2044,glyA,Serine&nbsp;hydroxymethyltransferase,67.2
535289.Dtpsy_1847,Dtpsy_1847,PFAM:&nbsp;AMP-dependent&nbsp;synthetase&nbsp;and&nbsp;ligase,67.2
535289.Dtpsy_3356,Dtpsy_3356,"TIGRFAM:&nbsp;preprotein&nbsp;translocase,&nbsp;YajC&nbsp;subunit",67.0
535289.Dtpsy_2086,Dtpsy_2086,Aspartokinase,67.0
535289.Dtpsy_3091,Dtpsy_3091,Protein&nbsp;phosphatase&nbsp;CheZ,66.9
535289.Dtpsy_2633,fabH,3-oxoacyl-[acyl-carrier-protein]&nbsp;synthase&nbsp;3,66.9
535289.Dtpsy_3470,lptD,LPS-assembly&nbsp;protein&nbsp;LptD,66.9
535289.Dtpsy_0032,Dtpsy_0032,Acetyl-CoA&nbsp;acetyltransferase,66.9
535289.Dtpsy_2585,leuD,3-isopropylmalate&nbsp;dehydratase&nbsp;small&nbsp;subunit,66.8
535289.Dtpsy_1072,uppP,Undecaprenyl-diphosphatase,66.7
535289.Dtpsy_1829,Dtpsy_1829,PFAM:&nbsp;helix-turn-helix-&nbsp;domain&nbsp;containing&nbsp;protein&nbsp;AraC&nbsp;type,66.6
535289.Dtpsy_2914,Dtpsy_2914,"TIGRFAM:&nbsp;phosphonate&nbsp;ABC&nbsp;transporter,&nbsp;inner&nbsp;membrane&nbsp;subunit",66.4
535289.Dtpsy_0042,Dtpsy_0042,PFAM:&nbsp;Glutathione&nbsp;S-transferase&nbsp;domain,66.3
535289.Dtpsy_0979,Dtpsy_0979,PFAM:&nbsp;Substrate-binding&nbsp;region&nbsp;of&nbsp;ABC-type&nbsp;glycine&nbsp;betaine&nbsp;transport&nbsp;system,66.3
535289.Dtpsy_3120,Dtpsy_3120,PFAM:&nbsp;Pyridoxal-5'-phosphate-dependent&nbsp;protein&nbsp;beta&nbsp;subunit,66.3
535289.Dtpsy_3303,Dtpsy_3303,NAD(P)(+)&nbsp;transhydrogenase&nbsp;(AB-specific),66.3
535289.Dtpsy_1550,Dtpsy_1550,PFAM:&nbsp;Asparaginase/glutaminase,66.2
535289.Dtpsy_2756,Dtpsy_2756,PFAM:&nbsp;glycerophosphoryl&nbsp;diester&nbsp;phosphodiesterase,66.2
535289.Dtpsy_1080,surE,5'-nucleotidase&nbsp;SurE,66.2
535289.Dtpsy_2593,trpA,Tryptophan&nbsp;synthase&nbsp;alpha&nbsp;chain,66.1
535289.Dtpsy_0020,Dtpsy_0020,Phospho-2-dehydro-3-deoxyheptonate&nbsp;aldolase,66.0
535289.Dtpsy_3415,Dtpsy_3415,TIGRFAM:&nbsp;precorrin&nbsp;3B&nbsp;synthase&nbsp;CobZ,65.9
535289.Dtpsy_0356,trpE,Anthranilate&nbsp;synthase&nbsp;component&nbsp;1,65.9
535289.Dtpsy_2622,Dtpsy_2622,KEGG:&nbsp;ajs:Ajs_3269&nbsp;signal&nbsp;peptidase&nbsp;I,65.9
535289.Dtpsy_0716,Dtpsy_0716,PFAM:&nbsp;ABC&nbsp;transporter&nbsp;related,65.9
535289.Dtpsy_1598,Dtpsy_1598,KEGG:&nbsp;ajs:Ajs_2276&nbsp;diguanylate&nbsp;cyclase,65.8
535289.Dtpsy_0493,ruvA,Holliday&nbsp;junction&nbsp;ATP-dependent&nbsp;DNA&nbsp;helicase&nbsp;RuvA,65.8
535289.Dtpsy_2990,hslU,ATP-dependent&nbsp;protease&nbsp;ATPase&nbsp;subunit&nbsp;HslU,65.6
535289.Dtpsy_2461,Dtpsy_2461,PFAM:&nbsp;Pyridoxal-5'-phosphate-dependent&nbsp;protein&nbsp;beta&nbsp;subunit,65.6
535289.Dtpsy_2503,ispD,2-C-methyl-D-erythritol&nbsp;4-phosphate&nbsp;cytidylyltransferase,65.6
535289.Dtpsy_3019,Dtpsy_3019,KEGG:&nbsp;ajs:Ajs_3738&nbsp;acetyl-CoA&nbsp;acetyltransferases,65.5
535289.Dtpsy_0029,Dtpsy_0029,"Two&nbsp;component&nbsp;transcriptional&nbsp;regulator,&nbsp;LuxR&nbsp;family",65.4
535289.Dtpsy_0422,Dtpsy_0422,Vitamin&nbsp;B12-dependent&nbsp;ribonucleotide&nbsp;reductase,65.3
535289.Dtpsy_3101,Dtpsy_3101,TIGRFAM:&nbsp;flagellar&nbsp;basal-body&nbsp;rod&nbsp;protein&nbsp;FlgC,65.3
535289.Dtpsy_2665,Dtpsy_2665,PFAM:&nbsp;ATP-binding&nbsp;region&nbsp;ATPase&nbsp;domain&nbsp;protein,65.2
535289.Dtpsy_2025,Dtpsy_2025,PFAM:&nbsp;Extracellular&nbsp;ligand-binding&nbsp;receptor,65.2
535289.Dtpsy_2062,Dtpsy_2062,PFAM:&nbsp;inner-membrane&nbsp;translocator,65.0
535289.Dtpsy_1674,Dtpsy_1674,Peptidoglycan&nbsp;glycosyltransferase,64.9
535289.Dtpsy_2467,Dtpsy_2467,PFAM:&nbsp;ABC&nbsp;transporter&nbsp;related,64.9
535289.Dtpsy_3465,Dtpsy_3465,"Malate&nbsp;dehydrogenase&nbsp;(Oxaloacetate-decarboxylating)&nbsp;(NADP(+)).,&nbsp;Phosphate&nbsp;acetyltransferase",64.9
535289.Dtpsy_0718,Dtpsy_0718,PFAM:&nbsp;Mammalian&nbsp;cell&nbsp;entry&nbsp;related&nbsp;domain&nbsp;protein,64.8
535289.Dtpsy_2434,Dtpsy_2434,TIGRFAM:&nbsp;ferrous&nbsp;iron&nbsp;transport&nbsp;protein&nbsp;B,64.8
535289.Dtpsy_0499,ruvB,Holliday&nbsp;junction&nbsp;ATP-dependent&nbsp;DNA&nbsp;helicase&nbsp;RuvB,64.7
535289.Dtpsy_0028,Dtpsy_0028,PAS/PAC&nbsp;sensor&nbsp;hybrid&nbsp;histidine&nbsp;kinase,64.7
535289.Dtpsy_2339,Dtpsy_2339,"TIGRFAM:&nbsp;SUF&nbsp;system&nbsp;FeS&nbsp;assembly&nbsp;protein,&nbsp;NifU&nbsp;family",64.6
535289.Dtpsy_0383,rplN,50S&nbsp;ribosomal&nbsp;protein&nbsp;L14,64.6
535289.Dtpsy_2735,ileS,Isoleucine--tRNA&nbsp;ligase,64.5
535289.Dtpsy_2712,Dtpsy_2712,PFAM:&nbsp;inner-membrane&nbsp;translocator,64.5
535289.Dtpsy_0016,Dtpsy_0016,"KEGG:&nbsp;ajs:Ajs_4160&nbsp;DNA&nbsp;polymerase&nbsp;III,&nbsp;epsilon&nbsp;subunit",64.5
535289.Dtpsy_1539,Dtpsy_1539,PFAM:&nbsp;cobalt&nbsp;transport&nbsp;protein,64.5
535289.Dtpsy_0372,proC,Pyrroline-5-carboxylate&nbsp;reductase,64.4
535289.Dtpsy_1519,Dtpsy_1519,"TIGRFAM:&nbsp;sulfate&nbsp;ABC&nbsp;transporter,&nbsp;periplasmic&nbsp;sulfate-binding&nbsp;protein",64.4
535289.Dtpsy_1884,Dtpsy_1884,KEGG:&nbsp;ajs:Ajs_2061&nbsp;diguanylate&nbsp;cyclase/phosphodiesterase&nbsp;with&nbsp;PAS/PAC&nbsp;and&nbsp;CHASE&nbsp;sensor(s),64.3
535289.Dtpsy_1809,Dtpsy_1809,KEGG:&nbsp;ajs:Ajs_2005&nbsp;3-hydroxyisobutyrate&nbsp;dehydrogenase,64.3
535289.Dtpsy_3073,Dtpsy_3073,TIGRFAM:&nbsp;flagellar&nbsp;motor&nbsp;switch&nbsp;protein&nbsp;FliN,64.1
535289.Dtpsy_2917,Dtpsy_2917,TIGRFAM:&nbsp;phosphonate&nbsp;metabolism&nbsp;protein&nbsp;PhnM,64.1
535289.Dtpsy_1696,Dtpsy_1696,Putative&nbsp;phytochrome&nbsp;sensor&nbsp;protein,64.1
535289.Dtpsy_2606,Dtpsy_2606,PFAM:&nbsp;Extracellular&nbsp;ligand-binding&nbsp;receptor,64.0
535289.Dtpsy_2202,Dtpsy_2202,Sensor&nbsp;protein,64.0
535289.Dtpsy_0513,Dtpsy_0513,PFAM:&nbsp;ABC&nbsp;transporter&nbsp;related,64.0
535289.Dtpsy_2723,rpmG,TIGRFAM:&nbsp;ribosomal&nbsp;protein&nbsp;L33,63.9
535289.Dtpsy_0898,Dtpsy_0898,KEGG:&nbsp;ajs:Ajs_0983&nbsp;N-acetylmuramoyl-L-alanine&nbsp;amidase,63.9
535289.Dtpsy_0978,Dtpsy_0978,Histidine&nbsp;kinase,63.9
535289.Dtpsy_3252,secE,Protein&nbsp;translocase&nbsp;subunit&nbsp;SecE,63.8
535289.Dtpsy_2146,Dtpsy_2146,Lipoprotein&nbsp;signal&nbsp;peptidase,63.8
535289.Dtpsy_1889,Dtpsy_1889,TIGRFAM:&nbsp;aminotransferase&nbsp;class&nbsp;I&nbsp;and&nbsp;II,63.7
535289.Dtpsy_3060,cheB,Chemotaxis&nbsp;response&nbsp;regulator&nbsp;protein-glutamate&nbsp;methylesterase,63.7
535289.Dtpsy_1639,Dtpsy_1639,Iron-sulfur&nbsp;cluster&nbsp;assembly&nbsp;scaffold&nbsp;protein&nbsp;IscU,63.7
535289.Dtpsy_1112,Dtpsy_1112,"KEGG:&nbsp;ajs:Ajs_1192&nbsp;nitrogen&nbsp;metabolism&nbsp;transcriptional&nbsp;regulator,&nbsp;NtrC,&nbsp;fis&nbsp;family",63.5
535289.Dtpsy_2309,Dtpsy_2309,KEGG:&nbsp;ajs:Ajs_2820&nbsp;putative&nbsp;transporter&nbsp;signal&nbsp;peptide&nbsp;protein,63.5
535289.Dtpsy_0588,Dtpsy_0588,PFAM:&nbsp;extracellular&nbsp;solute-binding&nbsp;protein&nbsp;family&nbsp;3,63.4
535289.Dtpsy_1762,Dtpsy_1762,"KEGG:&nbsp;ajs:Ajs_1961&nbsp;3-oxoacid&nbsp;CoA-transferase,&nbsp;A&nbsp;subunit",63.4
535289.Dtpsy_0424,Dtpsy_0424,"Two&nbsp;component&nbsp;transcriptional&nbsp;regulator,&nbsp;LuxR&nbsp;family",63.4
535289.Dtpsy_3453,Dtpsy_3453,PFAM:&nbsp;flagellar&nbsp;basal&nbsp;body&nbsp;rod&nbsp;protein,63.3
535289.Dtpsy_0297,atpB,ATP&nbsp;synthase&nbsp;subunit&nbsp;a,63.3
535289.Dtpsy_0172,Dtpsy_0172,PFAM:&nbsp;Extracellular&nbsp;ligand-binding&nbsp;receptor,63.2
535289.Dtpsy_1392,cmk,Multifunctional&nbsp;fusion&nbsp;protein,63.0
535289.Dtpsy_2709,Dtpsy_2709,PFAM:&nbsp;ABC&nbsp;transporter&nbsp;related,63.0
535289.Dtpsy_0556,Dtpsy_0556,"dTDP-4-dehydrorhamnose&nbsp;3,5-epimerase",63.0
535289.Dtpsy_2634,plsX,Phosphate&nbsp;acyltransferase,63.0
535289.Dtpsy_2313,Dtpsy_2313,PFAM:&nbsp;ABC&nbsp;transporter&nbsp;related,62.9
535289.Dtpsy_0981,Dtpsy_0981,"KEGG:&nbsp;ajs:Ajs_1065&nbsp;glycine&nbsp;betaine/L-proline&nbsp;ABC&nbsp;transporter,&nbsp;ATPase&nbsp;subunit",62.8
535289.Dtpsy_1737,Dtpsy_1737,Histidine&nbsp;kinase,62.8
535289.Dtpsy_0165,Dtpsy_0165,KEGG:&nbsp;ajs:Ajs_0147&nbsp;methionine&nbsp;synthase&nbsp;(B12-dependent),62.8
535289.Dtpsy_3020,Dtpsy_3020,PFAM:&nbsp;Enoyl-CoA&nbsp;hydratase/isomerase,62.7
535289.Dtpsy_1542,Dtpsy_1542,TIGRFAM:&nbsp;acetyl-CoA&nbsp;acetyltransferase,62.7
535289.Dtpsy_1507,dnaX,DNA&nbsp;polymerase&nbsp;III&nbsp;subunit&nbsp;gamma/tau,62.6
535289.Dtpsy_1830,Dtpsy_1830,Phosphomannomutase,62.6
535289.Dtpsy_2843,ftsY,Signal&nbsp;recognition&nbsp;particle&nbsp;receptor&nbsp;FtsY,62.6
535289.Dtpsy_2314,Dtpsy_2314,"TIGRFAM:&nbsp;efflux&nbsp;transporter,&nbsp;RND&nbsp;family,&nbsp;MFP&nbsp;subunit",62.5
535289.Dtpsy_1538,Dtpsy_1538,PFAM:&nbsp;ABC&nbsp;transporter&nbsp;related,62.5
535289.Dtpsy_1725,pepA,Probable&nbsp;cytosol&nbsp;aminopeptidase,62.5
535289.Dtpsy_2424,Dtpsy_2424,PFAM:&nbsp;protein&nbsp;of&nbsp;unknown&nbsp;function&nbsp;DUF344,62.4
535289.Dtpsy_1042,Dtpsy_1042,Hydroxypyruvate&nbsp;reductase,62.3
535289.Dtpsy_0343,Dtpsy_0343,PFAM:&nbsp;CinA&nbsp;domain&nbsp;protein,62.2
535289.Dtpsy_0626,Dtpsy_0626,Histidine&nbsp;kinase,62.2
535289.Dtpsy_2317,tsaD,tRNA&nbsp;N6-adenosine&nbsp;threonylcarbamoyltransferase,62.1
535289.Dtpsy_1140,Dtpsy_1140,TIGRFAM:&nbsp;dihydrolipoamide&nbsp;dehydrogenase,62.1
535289.Dtpsy_2974,Dtpsy_2974,PFAM:&nbsp;chemotaxis&nbsp;sensory&nbsp;transducer,61.9
535289.Dtpsy_2918,Dtpsy_2918,KEGG:&nbsp;vei:Veis_2962&nbsp;phosphonate&nbsp;C-P&nbsp;lyase&nbsp;system&nbsp;protein&nbsp;PhnL,61.8
535289.Dtpsy_2330,Dtpsy_2330,PFAM:&nbsp;molybdopterin&nbsp;oxidoreductase,61.8
535289.Dtpsy_2017,Dtpsy_2017,PFAM:&nbsp;acyl-CoA&nbsp;dehydrogenase&nbsp;domain&nbsp;protein,61.8
535289.Dtpsy_0281,rpmC,TIGRFAM:&nbsp;ribosomal&nbsp;protein&nbsp;L29,61.7
535289.Dtpsy_1488,Dtpsy_1488,"TIGRFAM:&nbsp;phosphate&nbsp;ABC&nbsp;transporter,&nbsp;inner&nbsp;membrane&nbsp;subunit&nbsp;PstA",61.7
535289.Dtpsy_0382,Dtpsy_0382,PFAM:&nbsp;FAD&nbsp;dependent&nbsp;oxidoreductase,61.7
535289.Dtpsy_3477,Dtpsy_3477,KEGG:&nbsp;ajs:Ajs_4119&nbsp;diguanylate&nbsp;cyclase,61.7
535289.Dtpsy_0280,rplP,50S&nbsp;ribosomal&nbsp;protein&nbsp;L16,61.5
535289.Dtpsy_1761,Dtpsy_1761,KEGG:&nbsp;ajs:Ajs_1960&nbsp;LuxR&nbsp;family&nbsp;transcriptional&nbsp;regulator,61.4
535289.Dtpsy_2594,accD,Acetyl-coenzyme&nbsp;A&nbsp;carboxylase&nbsp;carboxyl&nbsp;transferase&nbsp;subunit&nbsp;beta,61.4
535289.Dtpsy_0302,atpG,ATP&nbsp;synthase&nbsp;gamma&nbsp;chain,61.4
535289.Dtpsy_2832,Dtpsy_2832,"Two&nbsp;component&nbsp;transcriptional&nbsp;regulator,&nbsp;LuxR&nbsp;family",61.3
535289.Dtpsy_0456,Dtpsy_0456,PFAM:&nbsp;ABC&nbsp;transporter&nbsp;related,61.2
535289.Dtpsy_3304,Dtpsy_3304,"Fructose-bisphosphate&nbsp;aldolase,&nbsp;class&nbsp;II,&nbsp;Calvin&nbsp;cycle&nbsp;subtype",61.2
535289.Dtpsy_0554,Dtpsy_0554,dTDP-4-dehydrorhamnose&nbsp;reductase,61.2
535289.Dtpsy_2501,Dtpsy_2501,Histidine&nbsp;kinase,61.1
535289.Dtpsy_2648,Dtpsy_2648,KEGG:&nbsp;ajs:Ajs_3295&nbsp;methyl-accepting&nbsp;chemotaxis&nbsp;sensory&nbsp;transducer,61.1
535289.Dtpsy_0611,tyrS,Tyrosine--tRNA&nbsp;ligase,61.0
535289.Dtpsy_2474,Dtpsy_2474,PFAM:&nbsp;extracellular&nbsp;solute-binding&nbsp;protein&nbsp;family&nbsp;1,60.9
535289.Dtpsy_3330,Dtpsy_3330,PFAM:&nbsp;NAD-dependent&nbsp;epimerase/dehydratase,60.9
535289.Dtpsy_1373,Dtpsy_1373,Cytokinin&nbsp;riboside&nbsp;5'-monophosphate&nbsp;phosphoribohydrolase,60.9
535289.Dtpsy_2977,ftsQ,Cell&nbsp;division&nbsp;protein&nbsp;FtsQ,60.9
535289.Dtpsy_2725,Dtpsy_2725,PFAM:&nbsp;Fmu&nbsp;(Sun)&nbsp;domain&nbsp;protein,60.9
535289.Dtpsy_0228,pyrE,Orotate&nbsp;phosphoribosyltransferase,60.8
535289.Dtpsy_1298,Dtpsy_1298,Cytokinin&nbsp;riboside&nbsp;5'-monophosphate&nbsp;phosphoribohydrolase,60.8
535289.Dtpsy_2484,dnaG,DNA&nbsp;primase,60.8
535289.Dtpsy_3006,Dtpsy_3006,TIGRFAM:&nbsp;cysteine&nbsp;synthase,60.7
535289.Dtpsy_2629,Dtpsy_2629,3-oxoacyl-[acyl-carrier-protein]&nbsp;synthase&nbsp;2,60.5
535289.Dtpsy_3054,Dtpsy_3054,KEGG:&nbsp;ajs:Ajs_3776&nbsp;acetyl-CoA&nbsp;acetyltransferases,60.5
535289.Dtpsy_2797,Dtpsy_2797,"TIGRFAM:&nbsp;formate&nbsp;dehydrogenase,&nbsp;alpha&nbsp;subunit",60.5
535289.Dtpsy_2466,Dtpsy_2466,PFAM:&nbsp;Extracellular&nbsp;ligand-binding&nbsp;receptor,60.5
535289.Dtpsy_0269,rpsG,30S&nbsp;ribosomal&nbsp;protein&nbsp;S7,60.4
535289.Dtpsy_0752,Dtpsy_0752,Ubiquinol-cytochrome&nbsp;c&nbsp;reductase&nbsp;iron-sulfur&nbsp;subunit,60.4
535289.Dtpsy_0740,hisE,TIGRFAM:&nbsp;phosphoribosyl-ATP&nbsp;diphosphatase,60.4
535289.Dtpsy_0142,Dtpsy_0142,KEGG:&nbsp;ajs:Ajs_0124&nbsp;acetyl-CoA&nbsp;acetyltransferase,60.4
535289.Dtpsy_0224,Dtpsy_0224,PFAM:&nbsp;acyl-CoA&nbsp;dehydrogenase&nbsp;domain&nbsp;protein,60.4
535289.Dtpsy_0645,Dtpsy_0645,KEGG:&nbsp;ajs:Ajs_0666&nbsp;general&nbsp;secretory&nbsp;pathway&nbsp;protein&nbsp;E,60.3
535289.Dtpsy_1740,gcvH,Glycine&nbsp;cleavage&nbsp;system&nbsp;H&nbsp;protein,60.3
535289.Dtpsy_2901,Dtpsy_2901,PFAM:&nbsp;response&nbsp;regulator&nbsp;receiver,60.3
535289.Dtpsy_0721,Dtpsy_0721,KEGG:&nbsp;ajs:Ajs_0753&nbsp;sulfate&nbsp;transporter/antisigma-factor&nbsp;antagonist&nbsp;STAS,60.2
535289.Dtpsy_0974,Dtpsy_0974,Fumarate&nbsp;hydratase&nbsp;class&nbsp;I,60.2
535289.Dtpsy_2569,rpsF,30S&nbsp;ribosomal&nbsp;protein&nbsp;S6,60.1
535289.Dtpsy_0376,Dtpsy_0376,PFAM:&nbsp;ABC&nbsp;transporter&nbsp;related,60.1
535289.Dtpsy_0684,Dtpsy_0684,PFAM:&nbsp;lipid&nbsp;A&nbsp;biosynthesis&nbsp;acyltransferase,60.0
535289.Dtpsy_2845,rpoH,TIGRFAM:&nbsp;RNA&nbsp;polymerase&nbsp;sigma&nbsp;factor&nbsp;RpoH,59.9
535289.Dtpsy_0272,rpsJ,30S&nbsp;ribosomal&nbsp;protein&nbsp;S10,59.8
535289.Dtpsy_0738,hisF,Imidazole&nbsp;glycerol&nbsp;phosphate&nbsp;synthase&nbsp;subunit&nbsp;HisF,59.8
535289.Dtpsy_1935,Dtpsy_1935,TIGRFAM:&nbsp;phosphomethylpyrimidine&nbsp;kinase,59.8
535289.Dtpsy_2788,Dtpsy_2788,"TIGRFAM:&nbsp;formate&nbsp;dehydrogenase,&nbsp;gamma&nbsp;subunit",59.7
535289.Dtpsy_0212,Dtpsy_0212,Histidine&nbsp;kinase,59.7
535289.Dtpsy_0739,hisI,Phosphoribosyl-AMP&nbsp;cyclohydrolase,59.7
535289.Dtpsy_3182,Dtpsy_3182,PFAM:&nbsp;sigma-70&nbsp;region&nbsp;4&nbsp;domain&nbsp;protein,59.7
535289.Dtpsy_3299,Dtpsy_3299,PFAM:&nbsp;AMP-dependent&nbsp;synthetase&nbsp;and&nbsp;ligase,59.7
535289.Dtpsy_3309,Dtpsy_3309,TIGRFAM:&nbsp;transketolase,59.6
535289.Dtpsy_2748,Dtpsy_2748,KEGG:&nbsp;ajs:Ajs_3414&nbsp;hypothetical&nbsp;protein,59.6
535289.Dtpsy_0160,Dtpsy_0160,PFAM:&nbsp;intradiol&nbsp;ring-cleavage&nbsp;dioxygenase,59.5
535289.Dtpsy_3430,Dtpsy_3430,Histidine&nbsp;kinase,59.5
535289.Dtpsy_0388,rplF,50S&nbsp;ribosomal&nbsp;protein&nbsp;L6,59.4
535289.Dtpsy_2079,Dtpsy_2079,KEGG:&nbsp;ajs:Ajs_1635&nbsp;methylcitrate&nbsp;synthase,59.4
535289.Dtpsy_1466,Dtpsy_1466,DNA&nbsp;mismatch&nbsp;repair&nbsp;protein&nbsp;MutL,59.3
535289.Dtpsy_1931,Dtpsy_1931,Sulfate&nbsp;adenylyltransferase&nbsp;subunit&nbsp;1,59.3
535289.Dtpsy_3048,Dtpsy_3048,Diguanylate&nbsp;cyclase&nbsp;with&nbsp;PAS/PAC&nbsp;sensor,59.3
535289.Dtpsy_2948,Dtpsy_2948,"TIGRFAM:&nbsp;acetyl-CoA&nbsp;carboxylase,&nbsp;biotin&nbsp;carboxylase",59.1
535289.Dtpsy_0881,Dtpsy_0881,PFAM:&nbsp;NADH-ubiquinone/plastoquinone&nbsp;oxidoreductase&nbsp;chain&nbsp;6,59.1
535289.Dtpsy_0316,Dtpsy_0316,"TIGRFAM:&nbsp;RND&nbsp;efflux&nbsp;system,&nbsp;outer&nbsp;membrane&nbsp;lipoprotein,&nbsp;NodT&nbsp;family",59.1
535289.Dtpsy_0780,prfA,Peptide&nbsp;chain&nbsp;release&nbsp;factor&nbsp;1,59.0
535289.Dtpsy_0635,Dtpsy_0635,TIGRFAM:&nbsp;cyanophycin&nbsp;synthetase,59.0
535289.Dtpsy_3008,Dtpsy_3008,Cardiolipin&nbsp;synthase&nbsp;B,59.0
535289.Dtpsy_2277,Dtpsy_2277,TIGRFAM:&nbsp;aconitate&nbsp;hydratase&nbsp;2,59.0
535289.Dtpsy_1790,Dtpsy_1790,Glucarate&nbsp;dehydratase,58.9
535289.Dtpsy_3266,leuS,Leucine--tRNA&nbsp;ligase,58.9
535289.Dtpsy_3458,Dtpsy_3458,PFAM:&nbsp;Extracellular&nbsp;ligand-binding&nbsp;receptor,58.7
535289.Dtpsy_0207,Dtpsy_0207,PFAM:&nbsp;2-nitropropane&nbsp;dioxygenase&nbsp;NPD,58.6
535289.Dtpsy_2816,Dtpsy_2816,L-aspartate&nbsp;oxidase,58.6
535289.Dtpsy_2613,pfkA,ATP-dependent&nbsp;6-phosphofructokinase,58.5
535289.Dtpsy_0980,Dtpsy_0980,PFAM:&nbsp;binding-protein-dependent&nbsp;transport&nbsp;systems&nbsp;inner&nbsp;membrane&nbsp;component,58.4
535289.Dtpsy_2063,Dtpsy_2063,PFAM:&nbsp;ABC&nbsp;transporter&nbsp;related,58.4
535289.Dtpsy_1963,Dtpsy_1963,PFAM:&nbsp;CheW&nbsp;domain&nbsp;protein,58.4
535289.Dtpsy_3456,Dtpsy_3456,TIGRFAM:&nbsp;methylmalonate-semialdehyde&nbsp;dehydrogenase,58.3
535289.Dtpsy_2321,Dtpsy_2321,"TIGRFAM:&nbsp;nitrate&nbsp;ABC&nbsp;transporter,&nbsp;inner&nbsp;membrane&nbsp;subunit",58.2
535289.Dtpsy_0191,Dtpsy_0191,PFAM:&nbsp;glutathione&nbsp;peroxidase,58.2
535289.Dtpsy_3086,Dtpsy_3086,Flagellin,58.1
535289.Dtpsy_0519,Dtpsy_0519,Trehalose&nbsp;6-phosphate&nbsp;phosphatase,58.1
535289.Dtpsy_3159,Dtpsy_3159,D-amino-acid&nbsp;dehydrogenase,58.1
535289.Dtpsy_1667,Dtpsy_1667,KEGG:&nbsp;ajs:Ajs_2088&nbsp;diguanylate&nbsp;cyclase/phosphodiesterase&nbsp;with&nbsp;PAS/PAC&nbsp;and&nbsp;CHASE&nbsp;sensor(s),58.0
535289.Dtpsy_0879,nuoH,NADH-quinone&nbsp;oxidoreductase&nbsp;subunit&nbsp;H,58.0
535289.Dtpsy_0292,Dtpsy_0292,Phosphoenolpyruvate-protein&nbsp;phosphotransferase,58.0
535289.Dtpsy_2630,acpP,Acyl&nbsp;carrier&nbsp;protein,58.0
535289.Dtpsy_3276,purC,KEGG:&nbsp;ajs:Ajs_3928&nbsp;phosphoribosylaminoimidazole-succinocarboxamide&nbsp;synthase,57.9
535289.Dtpsy_0792,Dtpsy_0792,PFAM:&nbsp;amino&nbsp;acid-binding&nbsp;ACT&nbsp;domain&nbsp;protein,57.5
535289.Dtpsy_0158,Dtpsy_0158,TIGRFAM:&nbsp;muconate&nbsp;and&nbsp;chloromuconate&nbsp;cycloisomerase,57.5
535289.Dtpsy_1450,rpmI,TIGRFAM:&nbsp;ribosomal&nbsp;protein&nbsp;L35,57.5
535289.Dtpsy_2669,polA,DNA&nbsp;polymerase&nbsp;I,57.5
535289.Dtpsy_2651,Dtpsy_2651,L-lactate&nbsp;dehydrogenase&nbsp;(Cytochrome),57.5
535289.Dtpsy_2954,Dtpsy_2954,Phospho-2-dehydro-3-deoxyheptonate&nbsp;aldolase,57.4
535289.Dtpsy_2976,ftsA,Cell&nbsp;division&nbsp;protein&nbsp;FtsA,57.4
535289.Dtpsy_1950,Dtpsy_1950,KEGG:&nbsp;ajs:Ajs_1772&nbsp;CDP-diacylglycerol--serine&nbsp;O-phosphatidyltransferase,57.3
535289.Dtpsy_2328,Dtpsy_2328,"TIGRFAM:&nbsp;nitrite&nbsp;reductase&nbsp;[NAD(P)H],&nbsp;large&nbsp;subunit",57.2
535289.Dtpsy_3289,Dtpsy_3289,PFAM:&nbsp;peptidase&nbsp;M22&nbsp;glycoprotease,57.1
535289.Dtpsy_2915,Dtpsy_2915,"TIGRFAM:&nbsp;phosphonate&nbsp;ABC&nbsp;transporter,&nbsp;periplasmic&nbsp;phosphonate-binding&nbsp;protein",57.1
535289.Dtpsy_1698,Dtpsy_1698,PFAM:&nbsp;Pyridoxal-5'-phosphate-dependent&nbsp;protein&nbsp;beta&nbsp;subunit,57.1
535289.Dtpsy_0874,nuoC,NADH-quinone&nbsp;oxidoreductase&nbsp;subunit&nbsp;C,57.1
535289.Dtpsy_2850,ctaB,Protoheme&nbsp;IX&nbsp;farnesyltransferase,57.1
535289.Dtpsy_1017,Dtpsy_1017,PFAM:&nbsp;ABC&nbsp;transporter&nbsp;related,57.0
535289.Dtpsy_1522,cysA,Sulfate/thiosulfate&nbsp;import&nbsp;ATP-binding&nbsp;protein&nbsp;CysA,57.0
535289.Dtpsy_2894,Dtpsy_2894,PFAM:&nbsp;phosphoribosyltransferase,56.9
535289.Dtpsy_0951,Dtpsy_0951,KEGG:&nbsp;ajs:Ajs_1033&nbsp;3-mercaptopyruvate&nbsp;sulfurtransferase,56.8
535289.Dtpsy_1952,Dtpsy_1952,"TIGRFAM:&nbsp;acetolactate&nbsp;synthase,&nbsp;small&nbsp;subunit",56.8
535289.Dtpsy_3391,sucD,Succinate--CoA&nbsp;ligase&nbsp;[ADP-forming]&nbsp;subunit&nbsp;alpha,56.7
535289.Dtpsy_0893,Dtpsy_0893,DNA&nbsp;mismatch&nbsp;repair&nbsp;protein&nbsp;MutL,56.6
535289.Dtpsy_2833,Dtpsy_2833,Histidine&nbsp;kinase,56.6
535289.Dtpsy_0878,Dtpsy_0878,"TIGRFAM:&nbsp;NADH-quinone&nbsp;oxidoreductase,&nbsp;chain&nbsp;G",56.6
535289.Dtpsy_1635,Dtpsy_1635,PFAM:&nbsp;aminotransferase&nbsp;class&nbsp;I&nbsp;and&nbsp;II,56.6
535289.Dtpsy_0568,argB,Acetylglutamate&nbsp;kinase,56.5
535289.Dtpsy_0274,rplD,50S&nbsp;ribosomal&nbsp;protein&nbsp;L4,56.5
535289.Dtpsy_3310,Dtpsy_3310,KEGG:&nbsp;ajs:Ajs_3960&nbsp;glyceraldehyde-3-phosphate&nbsp;dehydrogenase,56.4
535289.Dtpsy_0362,Dtpsy_0362,KEGG:&nbsp;ajs:Ajs_0371&nbsp;diguanylate&nbsp;cyclase&nbsp;with&nbsp;PAS/PAC&nbsp;sensor,56.4
535289.Dtpsy_2592,Dtpsy_2592,Tryptophan&nbsp;synthase&nbsp;beta&nbsp;chain,56.2
535289.Dtpsy_0429,Dtpsy_0429,TIGRFAM:&nbsp;nitrate&nbsp;reductase&nbsp;molybdenum&nbsp;cofactor&nbsp;assembly&nbsp;chaperone,56.1
535289.Dtpsy_0561,gmd,"GDP-mannose&nbsp;4,6-dehydratase",56.1
535289.Dtpsy_3511,Dtpsy_3511,"Two&nbsp;component&nbsp;transcriptional&nbsp;regulator,&nbsp;LuxR&nbsp;family",56.0
535289.Dtpsy_3104,Dtpsy_3104,TIGRFAM:&nbsp;flagellar&nbsp;basal-body&nbsp;rod&nbsp;protein&nbsp;FlgF,56.0
535289.Dtpsy_3545,rpmH,TIGRFAM:&nbsp;ribosomal&nbsp;protein&nbsp;L34,56.0
535289.Dtpsy_1773,Dtpsy_1773,Putative&nbsp;signal&nbsp;transduction&nbsp;histidine&nbsp;kinase,56.0
535289.Dtpsy_0760,argJ,Arginine&nbsp;biosynthesis&nbsp;bifunctional&nbsp;protein&nbsp;ArgJ,55.9
535289.Dtpsy_1246,nusA,Transcription&nbsp;termination/antitermination&nbsp;protein&nbsp;NusA,55.9
535289.Dtpsy_0562,Dtpsy_0562,PFAM:&nbsp;glycosyl&nbsp;transferase&nbsp;family&nbsp;2,55.9
535289.Dtpsy_1520,Dtpsy_1520,"TIGRFAM:&nbsp;sulfate&nbsp;ABC&nbsp;transporter,&nbsp;inner&nbsp;membrane&nbsp;subunit",55.8
535289.Dtpsy_0790,Dtpsy_0790,PFAM:&nbsp;binding-protein-dependent&nbsp;transport&nbsp;systems&nbsp;inner&nbsp;membrane&nbsp;component,55.8
535289.Dtpsy_0384,rplX,50S&nbsp;ribosomal&nbsp;protein&nbsp;L24,55.7
535289.Dtpsy_2198,Dtpsy_2198,PFAM:&nbsp;multicopper&nbsp;oxidase&nbsp;type&nbsp;2,55.7
535289.Dtpsy_2379,Dtpsy_2379,PFAM:&nbsp;protein&nbsp;of&nbsp;unknown&nbsp;function&nbsp;DUF513&nbsp;hemX,55.6
535289.Dtpsy_2734,Dtpsy_2734,TIGRFAM:&nbsp;riboflavin&nbsp;biosynthesis&nbsp;protein&nbsp;RibF,55.5
535289.Dtpsy_3096,fliA,RNA&nbsp;polymerase&nbsp;sigma&nbsp;factor&nbsp;FliA,55.5
535289.Dtpsy_0559,Dtpsy_0559,PFAM:&nbsp;Aldose&nbsp;1-epimerase,55.4
535289.Dtpsy_0977,Dtpsy_0977,"Two&nbsp;component&nbsp;transcriptional&nbsp;regulator,&nbsp;winged&nbsp;helix&nbsp;family",55.3
535289.Dtpsy_1658,Dtpsy_1658,Acetyltransferase&nbsp;component&nbsp;of&nbsp;pyruvate&nbsp;dehydrogenase&nbsp;complex,55.3
535289.Dtpsy_3265,lptE,LPS-assembly&nbsp;lipoprotein&nbsp;LptE,55.3
535289.Dtpsy_1221,Dtpsy_1221,D-amino-acid&nbsp;dehydrogenase,55.2
535289.Dtpsy_3422,Dtpsy_3422,Pyruvate&nbsp;carboxylase,55.2
535289.Dtpsy_0871,Dtpsy_0871,"TIGRFAM:&nbsp;preprotein&nbsp;translocase,&nbsp;SecG&nbsp;subunit",55.2
535289.Dtpsy_2064,Dtpsy_2064,PFAM:&nbsp;ABC&nbsp;transporter&nbsp;related,55.1
535289.Dtpsy_3131,Dtpsy_3131,KEGG:&nbsp;ajs:Ajs_3858&nbsp;O-acetylhomoserine/O-acetylserine&nbsp;sulfhydrylase,55.1
535289.Dtpsy_2320,Dtpsy_2320,KEGG:&nbsp;ajs:Ajs_2831&nbsp;twin-arginine&nbsp;translocation&nbsp;pathway&nbsp;signal,55.1
535289.Dtpsy_0717,Dtpsy_0717,PFAM:&nbsp;protein&nbsp;of&nbsp;unknown&nbsp;function&nbsp;DUF140,55.0
535289.Dtpsy_0754,Dtpsy_0754,PFAM:&nbsp;cytochrome&nbsp;c1,55.0
535289.Dtpsy_3409,uvrA,UvrABC&nbsp;system&nbsp;protein&nbsp;A,55.0
535289.Dtpsy_2888,Dtpsy_2888,PFAM:&nbsp;binding-protein-dependent&nbsp;transport&nbsp;systems&nbsp;inner&nbsp;membrane&nbsp;component,55.0
535289.Dtpsy_0341,Dtpsy_0341,PFAM:&nbsp;EPSP&nbsp;synthase&nbsp;(3-phosphoshikimate&nbsp;1-carboxyvinyltransferase),55.0
535289.Dtpsy_2022,Dtpsy_2022,PFAM:&nbsp;ABC&nbsp;transporter&nbsp;related,54.9
535289.Dtpsy_2608,Dtpsy_2608,PFAM:&nbsp;inner-membrane&nbsp;translocator,54.9
535289.Dtpsy_2286,Dtpsy_2286,KEGG:&nbsp;ajs:Ajs_2796&nbsp;succinate&nbsp;dehydrogenase&nbsp;subunit&nbsp;B,54.8
535289.Dtpsy_2376,ppc,Phosphoenolpyruvate&nbsp;carboxylase,54.6
535289.Dtpsy_1897,clpS,ATP-dependent&nbsp;Clp&nbsp;protease&nbsp;adapter&nbsp;protein&nbsp;ClpS,54.5
535289.Dtpsy_2556,Dtpsy_2556,TIGRFAM:&nbsp;molybdenum&nbsp;cofactor&nbsp;synthesis&nbsp;domain&nbsp;protein,54.5
535289.Dtpsy_0725,murA,UDP-N-acetylglucosamine&nbsp;1-carboxyvinyltransferase,54.4
535289.Dtpsy_1082,Dtpsy_1082,Peptidase&nbsp;M23,54.3
535289.Dtpsy_0393,secY,Protein&nbsp;translocase&nbsp;subunit&nbsp;SecY,54.2
535289.Dtpsy_2970,Dtpsy_2970,PFAM:&nbsp;histidine&nbsp;kinase&nbsp;HAMP&nbsp;region&nbsp;domain&nbsp;protein,54.1
535289.Dtpsy_0230,gatB,Aspartyl/glutamyl-tRNA(Asn/Gln)&nbsp;amidotransferase&nbsp;subunit&nbsp;B,54.1
535289.Dtpsy_0884,Dtpsy_0884,"KEGG:&nbsp;ajs:Ajs_0969&nbsp;proton-translocating&nbsp;NADH-quinone&nbsp;oxidoreductase,&nbsp;chain&nbsp;M",53.9
535289.Dtpsy_2768,Dtpsy_2768,PFAM:&nbsp;cytochrome&nbsp;c&nbsp;class&nbsp;I,53.9
535289.Dtpsy_1720,Dtpsy_1720,PFAM:&nbsp;aminotransferase&nbsp;class&nbsp;I&nbsp;and&nbsp;II,53.9
535289.Dtpsy_2747,Dtpsy_2747,PFAM:&nbsp;type&nbsp;II&nbsp;secretion&nbsp;system&nbsp;protein&nbsp;E,53.9
535289.Dtpsy_1180,Dtpsy_1180,KEGG:&nbsp;xcv:XCV2382&nbsp;putative&nbsp;secreted&nbsp;protein,53.8
535289.Dtpsy_3098,Dtpsy_3098,PFAM:&nbsp;Anti-sigma-28&nbsp;factor&nbsp;FlgM&nbsp;family&nbsp;protein,53.7
535289.Dtpsy_2928,ychF,Ribosome-binding&nbsp;ATPase&nbsp;YchF,53.7
535289.Dtpsy_0268,rpsL,30S&nbsp;ribosomal&nbsp;protein&nbsp;S12,53.7
535289.Dtpsy_0345,thiL,Thiamine-monophosphate&nbsp;kinase,53.7
535289.Dtpsy_0012,Dtpsy_0012,PFAM:&nbsp;oxidoreductase&nbsp;domain&nbsp;protein,53.7
535289.Dtpsy_0359,trpD,Anthranilate&nbsp;phosphoribosyltransferase,53.7
535289.Dtpsy_1637,Dtpsy_1637,"TIGRFAM:&nbsp;transcriptional&nbsp;regulator,&nbsp;Rrf2&nbsp;family",53.7
535289.Dtpsy_2889,Dtpsy_2889,PFAM:&nbsp;ABC&nbsp;transporter&nbsp;related,53.6
535289.Dtpsy_1994,Dtpsy_1994,Putative&nbsp;PAS/PAC&nbsp;sensor&nbsp;protein,53.6
535289.Dtpsy_2020,Dtpsy_2020,PFAM:&nbsp;Enoyl-CoA&nbsp;hydratase/isomerase,53.5
535289.Dtpsy_3067,Dtpsy_3067,PFAM:&nbsp;response&nbsp;regulator&nbsp;receiver,53.5
535289.Dtpsy_0206,Dtpsy_0206,PFAM:&nbsp;O-antigen&nbsp;polymerase,53.5
535289.Dtpsy_0066,Dtpsy_0066,Succinate&nbsp;CoA&nbsp;transferase,53.5
535289.Dtpsy_2820,Dtpsy_2820,Quinolinate&nbsp;synthase,53.4
535289.Dtpsy_1000,Dtpsy_1000,"KEGG:&nbsp;ajs:Ajs_1084&nbsp;cytochrome&nbsp;c&nbsp;oxidase,&nbsp;cbb3-type,&nbsp;subunit&nbsp;I",53.3
535289.Dtpsy_0698,Dtpsy_0698,KEGG:&nbsp;ajs:Ajs_0729&nbsp;1A&nbsp;family&nbsp;penicillin-binding&nbsp;protein,53.1
535289.Dtpsy_0629,Dtpsy_0629,PFAM:&nbsp;response&nbsp;regulator&nbsp;receiver,53.0
535289.Dtpsy_0605,rpsI,PFAM:&nbsp;ribosomal&nbsp;protein&nbsp;S9,53.0
535289.Dtpsy_0912,eno,Enolase,53.0
535289.Dtpsy_3495,mnmE,tRNA&nbsp;modification&nbsp;GTPase&nbsp;MnmE,53.0
535289.Dtpsy_2090,Dtpsy_2090,PFAM:&nbsp;HhH-GPD&nbsp;family&nbsp;protein,52.8
535289.Dtpsy_0710,Dtpsy_0710,"TIGRFAM:&nbsp;glutamate&nbsp;synthase,&nbsp;NADH/NADPH,&nbsp;small&nbsp;subunit",52.7
535289.Dtpsy_2873,Dtpsy_2873,"KEGG:&nbsp;ajs:Ajs_3550&nbsp;3-oxoacid&nbsp;CoA-transferase,&nbsp;A&nbsp;subunit",52.6
535289.Dtpsy_2559,Dtpsy_2559,PFAM:&nbsp;homoserine&nbsp;dehydrogenase,52.6
535289.Dtpsy_2265,Dtpsy_2265,"TIGRFAM:&nbsp;ubiquinol&nbsp;oxidase,&nbsp;subunit&nbsp;II",52.5
535289.Dtpsy_0120,Dtpsy_0120,PFAM:&nbsp;acyl-CoA&nbsp;dehydrogenase&nbsp;domain&nbsp;protein,52.5
535289.Dtpsy_1384,Dtpsy_1384,PFAM:&nbsp;NADH/Ubiquinone/plastoquinone&nbsp;(complex&nbsp;I),52.5
535289.Dtpsy_0961,Dtpsy_0961,Histidine&nbsp;kinase,52.5
535289.Dtpsy_3081,Dtpsy_3081,Flagellar&nbsp;M-ring&nbsp;protein,52.4
535289.Dtpsy_2899,Dtpsy_2899,PFAM:&nbsp;CheW&nbsp;domain&nbsp;protein,52.4
535289.Dtpsy_2836,Dtpsy_2836,PFAM:&nbsp;Rubrerythrin,52.4
535289.Dtpsy_2700,rplS,50S&nbsp;ribosomal&nbsp;protein&nbsp;L19,52.3
535289.Dtpsy_2919,Dtpsy_2919,Phosphonate&nbsp;C-P&nbsp;lyase&nbsp;system&nbsp;protein&nbsp;PhnK,52.2
535289.Dtpsy_2791,Dtpsy_2791,PFAM:&nbsp;molybdopterin&nbsp;oxidoreductase,52.2
535289.Dtpsy_1427,Dtpsy_1427,Bifunctional&nbsp;protein&nbsp;PutA,52.2
535289.Dtpsy_2722,rpmB,TIGRFAM:&nbsp;ribosomal&nbsp;protein&nbsp;L28,52.1
535289.Dtpsy_1394,Dtpsy_1394,TIGRFAM:&nbsp;chorismate&nbsp;mutase,52.1
535289.Dtpsy_1295,ackA,Acetate&nbsp;kinase,52.1
535289.Dtpsy_2429,argD,TIGRFAM:&nbsp;acetylornithine&nbsp;and&nbsp;succinylornithine&nbsp;aminotransferase,52.0
535289.Dtpsy_1780,Dtpsy_1780,KEGG:&nbsp;ajs:Ajs_1980&nbsp;diguanylate&nbsp;cyclase,51.9
535289.Dtpsy_2794,Dtpsy_2794,PFAM:&nbsp;4Fe-4S&nbsp;ferredoxin&nbsp;iron-sulfur&nbsp;binding&nbsp;domain&nbsp;protein,51.9
535289.Dtpsy_1425,Dtpsy_1425,PFAM:&nbsp;4Fe-4S&nbsp;ferredoxin&nbsp;iron-sulfur&nbsp;binding&nbsp;domain&nbsp;protein,51.9
535289.Dtpsy_2399,Dtpsy_2399,"Transcriptional&nbsp;regulator,&nbsp;MerR&nbsp;family",51.7
535289.Dtpsy_1247,infB,Translation&nbsp;initiation&nbsp;factor&nbsp;IF-2,51.7
535289.Dtpsy_1559,Dtpsy_1559,"KEGG:&nbsp;ajs:Ajs_2300&nbsp;isocitrate&nbsp;dehydrogenase,&nbsp;NADP-dependent",51.7
535289.Dtpsy_1966,Dtpsy_1966,PFAM:&nbsp;Aldehyde&nbsp;Dehydrogenase,51.7
535289.Dtpsy_1260,guaB,Inosine-5'-monophosphate&nbsp;dehydrogenase,51.6
535289.Dtpsy_0332,argS,Arginine--tRNA&nbsp;ligase,51.6
535289.Dtpsy_0399,rplQ,TIGRFAM:&nbsp;ribosomal&nbsp;protein&nbsp;L17,51.5
535289.Dtpsy_1734,Dtpsy_1734,Acetyl-CoA&nbsp;acetyltransferase,51.4
535289.Dtpsy_1849,Dtpsy_1849,"Methylmalonyl-CoA&nbsp;mutase,&nbsp;large&nbsp;subunit",51.4
535289.Dtpsy_0597,ahcY,Adenosylhomocysteinase,51.3
535289.Dtpsy_1904,Dtpsy_1904,TIGRFAM:&nbsp;dihydrolipoamide&nbsp;dehydrogenase,51.3
535289.Dtpsy_0543,glyQ,KEGG:&nbsp;ajs:Ajs_0527&nbsp;glycyl-tRNA&nbsp;synthetase&nbsp;subunit&nbsp;alpha,51.2
535289.Dtpsy_0485,amn,AMP&nbsp;nucleosidase,51.2
535289.Dtpsy_2542,Dtpsy_2542,Riboflavin&nbsp;biosynthesis&nbsp;protein&nbsp;RibD,51.2
535289.Dtpsy_0106,Dtpsy_0106,TIGRFAM:&nbsp;anaerobic&nbsp;ribonucleoside-triphosphate&nbsp;reductase,51.2
535289.Dtpsy_0379,Dtpsy_0379,PFAM:&nbsp;binding-protein-dependent&nbsp;transport&nbsp;systems&nbsp;inner&nbsp;membrane&nbsp;component,51.2
535289.Dtpsy_0099,Dtpsy_0099,L-threonine&nbsp;dehydratase&nbsp;catabolic&nbsp;TdcB,51.2
