525909.Afer_0460,guaA,GMP&nbsp;synthase&nbsp;[glutamine-hydrolyzing],98.9
525909.Afer_1711,ctaB,Protoheme&nbsp;IX&nbsp;farnesyltransferase,98.8
525909.Afer_0500,Afer_0500,Cysteine&nbsp;desulfurase,98.7
525909.Afer_0444,Afer_0444,60&nbsp;kDa&nbsp;chaperonin,98.5
525909.Afer_0369,Afer_0369,"TIGRFAM:&nbsp;NADH-quinone&nbsp;oxidoreductase,&nbsp;chain&nbsp;G",98.3
525909.Afer_0665,Afer_0665,PFAM:&nbsp;NMT1/THI5&nbsp;like&nbsp;domain&nbsp;protein,98.0
525909.Afer_2035,Afer_2035,PFAM:&nbsp;60&nbsp;kDa&nbsp;inner&nbsp;membrane&nbsp;insertion&nbsp;protein,98.0
525909.Afer_0824,Afer_0824,PFAM:&nbsp;Transketolase&nbsp;central&nbsp;region,97.9
525909.Afer_1094,trpA,Tryptophan&nbsp;synthase&nbsp;alpha&nbsp;chain,97.5
525909.Afer_1596,Afer_1596,50S&nbsp;ribosomal&nbsp;protein&nbsp;L25,97.3
525909.Afer_1824,Afer_1824,Cytochrome&nbsp;c&nbsp;oxidase&nbsp;subunit&nbsp;2,97.3
525909.Afer_1967,Afer_1967,PFAM:&nbsp;glutamine&nbsp;synthetase&nbsp;catalytic&nbsp;region,97.2
525909.Afer_1810,rpmE,50S&nbsp;ribosomal&nbsp;protein&nbsp;L31,97.2
525909.Afer_1546,Afer_1546,"TIGRFAM:&nbsp;acetolactate&nbsp;synthase,&nbsp;small&nbsp;subunit",97.0
525909.Afer_1825,Afer_1825,PFAM:&nbsp;Cytochrome&nbsp;b/b6&nbsp;domain,96.8
525909.Afer_1303,Afer_1303,KEGG:&nbsp;rha:RHA1_ro01286&nbsp;DNA&nbsp;polymerase&nbsp;III&nbsp;delta&nbsp;subunit,96.6
525909.Afer_0993,Afer_0993,Monosaccharide-transporting&nbsp;ATPase,96.5
525909.Afer_0499,Afer_0499,KEGG:&nbsp;trq:TRQ2_0031&nbsp;galactose-1-phosphate&nbsp;uridylyltransferase,96.4
525909.Afer_1551,gatC,Aspartyl/glutamyl-tRNA(Asn/Gln)&nbsp;amidotransferase&nbsp;subunit&nbsp;C,96.4
525909.Afer_1177,kdpB,Potassium-transporting&nbsp;ATPase&nbsp;ATP-binding&nbsp;subunit,96.4
525909.Afer_0627,tsf,Elongation&nbsp;factor&nbsp;Ts,96.3
525909.Afer_1903,Afer_1903,PFAM:&nbsp;ATPase&nbsp;AAA-2&nbsp;domain&nbsp;protein,96.1
525909.Afer_0376,nuoN,NADH-quinone&nbsp;oxidoreductase&nbsp;subunit&nbsp;N,96.1
525909.Afer_0882,Afer_0882,PFAM:&nbsp;protein&nbsp;of&nbsp;unknown&nbsp;function&nbsp;DUF224&nbsp;cysteine-&nbsp;rich&nbsp;region&nbsp;domain&nbsp;protein,96.1
525909.Afer_1797,atpA,ATP&nbsp;synthase&nbsp;subunit&nbsp;alpha,95.9
525909.Afer_1881,Afer_1881,"TIGRFAM:&nbsp;isocitrate&nbsp;dehydrogenase,&nbsp;NADP-dependent",95.8
525909.Afer_1954,purS,Phosphoribosylformylglycinamidine&nbsp;synthase&nbsp;subunit&nbsp;PurS,95.8
525909.Afer_1450,Afer_1450,PFAM:&nbsp;FAD-dependent&nbsp;pyridine&nbsp;nucleotide-disulphide&nbsp;oxidoreductase,95.7
525909.Afer_1570,Afer_1570,PFAM:&nbsp;[2Fe-2S]-binding&nbsp;domain&nbsp;protein,95.5
525909.Afer_0642,rpsO,30S&nbsp;ribosomal&nbsp;protein&nbsp;S15,95.1
525909.Afer_0212,Afer_0212,CheA&nbsp;signal&nbsp;transduction&nbsp;histidine&nbsp;kinase,94.9
525909.Afer_0506,Afer_0506,PFAM:&nbsp;inner-membrane&nbsp;translocator,94.8
525909.Afer_0730,Afer_0730,PFAM:&nbsp;Carbamoyl-phosphate&nbsp;synthase&nbsp;L&nbsp;chain&nbsp;ATP-&nbsp;binding,94.8
525909.Afer_0135,Afer_0135,PFAM:&nbsp;protein&nbsp;of&nbsp;unknown&nbsp;function&nbsp;DUF1078&nbsp;domain&nbsp;protein,94.5
525909.Afer_1108,Afer_1108,"Imidazole&nbsp;glycerol&nbsp;phosphate&nbsp;synthase,&nbsp;glutamine&nbsp;amidotransferase&nbsp;subunit",94.5
525909.Afer_0243,Afer_0243,"TIGRFAM:&nbsp;glutamine&nbsp;synthetase,&nbsp;type&nbsp;I",94.5
525909.Afer_0973,Afer_0973,Glycine&nbsp;cleavage&nbsp;system&nbsp;H&nbsp;protein,94.5
525909.Afer_0410,rplE,50S&nbsp;ribosomal&nbsp;protein&nbsp;L5,94.3
525909.Afer_1119,gcvPA,Probable&nbsp;glycine&nbsp;dehydrogenase&nbsp;(decarboxylating)&nbsp;subunit&nbsp;1,94.2
525909.Afer_1828,Afer_1828,PFAM:&nbsp;cytochrome&nbsp;c&nbsp;oxidase&nbsp;subunit&nbsp;III,93.9
525909.Afer_0440,Afer_0440,PFAM:&nbsp;peptidase&nbsp;M22&nbsp;glycoprotease,93.6
525909.Afer_0753,Afer_0753,PFAM:&nbsp;chemotaxis&nbsp;sensory&nbsp;transducer,93.5
525909.Afer_1947,Afer_1947,Malate&nbsp;dehydrogenase&nbsp;(Oxaloacetate-decarboxylating),93.2
525909.Afer_1178,kdpA,Potassium-transporting&nbsp;ATPase&nbsp;potassium-binding&nbsp;subunit,93.0
525909.Afer_1816,Afer_1816,UDP-N-acetylmuramyl-tripeptide&nbsp;synthetase,93.0
525909.Afer_0319,sucC,Succinate--CoA&nbsp;ligase&nbsp;[ADP-forming]&nbsp;subunit&nbsp;beta,93.0
525909.Afer_1095,trpB,Tryptophan&nbsp;synthase&nbsp;beta&nbsp;chain,92.8
525909.Afer_0318,Afer_0318,PFAM:&nbsp;cobalamin&nbsp;B12-binding&nbsp;domain&nbsp;protein,92.8
525909.Afer_0817,Afer_0817,KEGG:&nbsp;nfa:nfa40830&nbsp;putative&nbsp;magnesium&nbsp;chelatase&nbsp;subunit,92.5
525909.Afer_1953,purQ,Phosphoribosylformylglycinamidine&nbsp;synthase&nbsp;subunit&nbsp;PurQ,92.4
525909.Afer_1800,atpE,ATP&nbsp;synthase&nbsp;subunit&nbsp;c,92.2
525909.Afer_1262,Afer_1262,KEGG:&nbsp;nca:Noca_0987&nbsp;pyruvate&nbsp;phosphate&nbsp;dikinase,92.1
525909.Afer_0272,Afer_0272,PFAM:&nbsp;NAD-glutamate&nbsp;dehydrogenase,92.0
525909.Afer_0089,Afer_0089,PFAM:&nbsp;penicillin-binding&nbsp;protein&nbsp;transpeptidase,92.0
525909.Afer_1699,carB,"TIGRFAM:&nbsp;carbamoyl-phosphate&nbsp;synthase,&nbsp;large&nbsp;subunit",91.8
525909.Afer_0417,rplO,50S&nbsp;ribosomal&nbsp;protein&nbsp;L15,91.6
525909.Afer_0042,rplI,50S&nbsp;ribosomal&nbsp;protein&nbsp;L9,91.3
525909.Afer_1259,Afer_1259,PFAM:&nbsp;phosphoesterase&nbsp;PA-phosphatase&nbsp;related,90.8
525909.Afer_0425,rpsD,30S&nbsp;ribosomal&nbsp;protein&nbsp;S4,90.5
525909.Afer_0779,Afer_0779,PFAM:&nbsp;inner-membrane&nbsp;translocator,90.2
525909.Afer_0312,Afer_0312,KEGG:&nbsp;sgr:SGR_2689&nbsp;putative&nbsp;succinate&nbsp;dehydrogenase&nbsp;flavoprotein&nbsp;subunit,90.2
525909.Afer_1827,Afer_1827,PFAM:&nbsp;cytochrome&nbsp;c&nbsp;class&nbsp;I,90.2
525909.Afer_0231,Afer_0231,PFAM:&nbsp;carboxyl&nbsp;transferase,90.2
525909.Afer_1381,Afer_1381,PFAM:&nbsp;binding-protein-dependent&nbsp;transport&nbsp;systems&nbsp;inner&nbsp;membrane&nbsp;component,90.1
525909.Afer_0242,Afer_0242,PFAM:&nbsp;glutamine&nbsp;synthetase&nbsp;catalytic&nbsp;region,89.8
525909.Afer_0713,Afer_0713,Pyruvate&nbsp;dehydrogenase&nbsp;E1&nbsp;component,89.6
525909.Afer_1021,Afer_1021,PFAM:&nbsp;4Fe-4S&nbsp;ferredoxin&nbsp;iron-sulfur&nbsp;binding&nbsp;domain&nbsp;protein,89.5
525909.Afer_0823,Afer_0823,KEGG:&nbsp;hsl:OE4113F&nbsp;putative&nbsp;branched-chain&nbsp;amino&nbsp;acid&nbsp;dehydrogenase&nbsp;E1&nbsp;component&nbsp;alpha&nbsp;subunit,89.4
525909.Afer_1574,Afer_1574,PFAM:&nbsp;ABC&nbsp;transporter&nbsp;related,89.3
525909.Afer_1795,atpD,ATP&nbsp;synthase&nbsp;subunit&nbsp;beta,89.3
525909.Afer_0780,Afer_0780,PFAM:&nbsp;inner-membrane&nbsp;translocator,89.1
525909.Afer_0391,rpoB,DNA-directed&nbsp;RNA&nbsp;polymerase&nbsp;subunit&nbsp;beta,88.8
525909.Afer_0964,Afer_0964,KEGG:&nbsp;cts:Ctha_0138&nbsp;hypothetical&nbsp;protein,88.8
525909.Afer_0193,Afer_0193,PFAM:&nbsp;cytochrome&nbsp;oxidase&nbsp;assembly,88.6
525909.Afer_0772,rpmA,TIGRFAM:&nbsp;ribosomal&nbsp;protein&nbsp;L27,88.3
525909.Afer_0375,Afer_0375,"KEGG:&nbsp;fre:Franean1_6082&nbsp;proton-translocating&nbsp;NADH-&nbsp;quinone&nbsp;oxidoreductase,&nbsp;chain&nbsp;M",88.0
525909.Afer_1673,pheT,KEGG:&nbsp;ade:Adeh_1971&nbsp;phenylalanyl-tRNA&nbsp;synthetase&nbsp;beta&nbsp;subunit,87.9
525909.Afer_1503,ftsY,Signal&nbsp;recognition&nbsp;particle&nbsp;receptor&nbsp;FtsY,87.8
525909.Afer_0385,secE,Protein&nbsp;translocase&nbsp;subunit&nbsp;SecE,87.7
525909.Afer_0756,Afer_0756,PFAM:&nbsp;phosphoesterase&nbsp;PA-phosphatase&nbsp;related,87.7
525909.Afer_1336,Afer_1336,TIGRFAM:&nbsp;cysteine&nbsp;synthase&nbsp;A,87.6
525909.Afer_0442,tsaD,tRNA&nbsp;N6-adenosine&nbsp;threonylcarbamoyltransferase,87.6
525909.Afer_0881,Afer_0881,Uncharacterized&nbsp;protein,87.5
525909.Afer_0363,nuoA,NADH-quinone&nbsp;oxidoreductase&nbsp;subunit&nbsp;A,87.5
525909.Afer_1685,Afer_1685,Riboflavin&nbsp;biosynthesis&nbsp;protein&nbsp;RibD,87.5
525909.Afer_2022,Afer_2022,KEGG:&nbsp;msm:MSMEG_4035&nbsp;citrate&nbsp;synthase,87.5
525909.Afer_1694,rpoZ,DNA-directed&nbsp;RNA&nbsp;polymerase&nbsp;subunit&nbsp;omega,87.5
525909.Afer_1009,tal,Transaldolase,87.4
525909.Afer_1983,Afer_1983,PFAM:&nbsp;aminotransferase&nbsp;class-III,87.2
525909.Afer_1351,Afer_1351,PFAM:&nbsp;cytidylate&nbsp;kinase&nbsp;region,87.1
525909.Afer_0086,Afer_0086,TIGRFAM:&nbsp;glutamine&nbsp;amidotransferase&nbsp;of&nbsp;anthranilate&nbsp;synthase,86.9
525909.Afer_1576,Afer_1576,"Two&nbsp;component&nbsp;transcriptional&nbsp;regulator,&nbsp;winged&nbsp;helix&nbsp;family",86.7
525909.Afer_0413,rplF,50S&nbsp;ribosomal&nbsp;protein&nbsp;L6,86.6
525909.Afer_1497,rplS,50S&nbsp;ribosomal&nbsp;protein&nbsp;L19,86.3
525909.Afer_1361,Afer_1361,PFAM:&nbsp;FAD&nbsp;linked&nbsp;oxidase&nbsp;domain&nbsp;protein,86.3
525909.Afer_0166,Afer_0166,TIGRFAM:&nbsp;transketolase,86.2
525909.Afer_0749,Afer_0749,PFAM:&nbsp;bifunctional&nbsp;deaminase-reductase&nbsp;domain&nbsp;protein,86.2
525909.Afer_0213,Afer_0213,PFAM:&nbsp;CheW&nbsp;domain&nbsp;protein,85.8
525909.Afer_0426,rpoA,DNA-directed&nbsp;RNA&nbsp;polymerase&nbsp;subunit&nbsp;alpha,85.7
525909.Afer_1020,Afer_1020,PFAM:&nbsp;molydopterin&nbsp;dinucleotide-binding&nbsp;region,85.4
525909.Afer_1796,atpG,ATP&nbsp;synthase&nbsp;gamma&nbsp;chain,85.4
525909.Afer_0398,rplC,50S&nbsp;ribosomal&nbsp;protein&nbsp;L3,85.4
525909.Afer_1518,rpmB,TIGRFAM:&nbsp;ribosomal&nbsp;protein&nbsp;L28,85.3
525909.Afer_1568,Afer_1568,PFAM:&nbsp;molybdopterin&nbsp;dehydrogenase&nbsp;FAD-binding,85.0
525909.Afer_0416,rpmD,TIGRFAM:&nbsp;ribosomal&nbsp;protein&nbsp;L30,84.6
525909.Afer_0322,purH,Bifunctional&nbsp;purine&nbsp;biosynthesis&nbsp;protein&nbsp;PurH,84.4
525909.Afer_1794,atpC,ATP&nbsp;synthase&nbsp;epsilon&nbsp;chain,84.3
525909.Afer_0525,Afer_0525,PFAM:&nbsp;cytochrome&nbsp;bd&nbsp;ubiquinol&nbsp;oxidase&nbsp;subunit&nbsp;I,84.2
525909.Afer_0402,rpsS,30S&nbsp;ribosomal&nbsp;protein&nbsp;S19,84.1
525909.Afer_0253,hemL,"TIGRFAM:&nbsp;glutamate-1-semialdehyde-2,1-aminomutase",83.8
525909.Afer_0408,rplN,50S&nbsp;ribosomal&nbsp;protein&nbsp;L14,83.6
525909.Afer_0438,Afer_0438,TIGRFAM:&nbsp;phage&nbsp;SPO1&nbsp;DNA&nbsp;polymerase-related&nbsp;protein,83.5
525909.Afer_0102,dnaX,DNA&nbsp;polymerase&nbsp;III&nbsp;subunit&nbsp;gamma/tau,83.5
525909.Afer_0177,Afer_0177,PFAM:&nbsp;fructose-bisphosphate&nbsp;aldolase&nbsp;class-I,83.1
525909.Afer_1174,Afer_1174,Histidine&nbsp;kinase,83.1
525909.Afer_1826,Afer_1826,PFAM:&nbsp;Rieske&nbsp;[2Fe-2S]&nbsp;domain&nbsp;protein,83.1
525909.Afer_1521,Afer_1521,Glucose-6-phosphate&nbsp;1-dehydrogenase,82.9
525909.Afer_1791,Afer_1791,"Methylmalonyl-CoA&nbsp;mutase,&nbsp;large&nbsp;subunit",82.7
525909.Afer_0120,Afer_0120,PFAM:&nbsp;ribulose&nbsp;bisphosphate&nbsp;carboxylase&nbsp;small&nbsp;chain,82.4
525909.Afer_0852,Afer_0852,"TIGRFAM:&nbsp;preprotein&nbsp;translocase,&nbsp;SecG&nbsp;subunit",82.3
525909.Afer_1173,Afer_1173,"Two&nbsp;component&nbsp;transcriptional&nbsp;regulator,&nbsp;winged&nbsp;helix&nbsp;family",81.9
525909.Afer_1257,Afer_1257,PFAM:&nbsp;peptidase&nbsp;S11&nbsp;D-alanyl-D-alanine&nbsp;carboxypeptidase&nbsp;1,81.9
525909.Afer_0293,Afer_0293,PFAM:&nbsp;pyridine&nbsp;nucleotide-disulphide&nbsp;oxidoreductase&nbsp;dimerization&nbsp;region,81.7
525909.Afer_0401,rplB,50S&nbsp;ribosomal&nbsp;protein&nbsp;L2,81.7
525909.Afer_1025,Afer_1025,KEGG:&nbsp;ace:Acel_1476&nbsp;vitamin&nbsp;B12-dependent&nbsp;ribonucleotide&nbsp;reductase,81.6
525909.Afer_0722,Afer_0722,TIGRFAM:&nbsp;ATP/cobalamin&nbsp;adenosyltransferase,81.4
525909.Afer_1087,Afer_1087,PFAM:&nbsp;short-chain&nbsp;dehydrogenase/reductase&nbsp;SDR,81.4
525909.Afer_0150,Afer_0150,PFAM:&nbsp;surface&nbsp;presentation&nbsp;of&nbsp;antigens&nbsp;(SPOA)&nbsp;protein,81.3
525909.Afer_1382,Afer_1382,PFAM:&nbsp;binding-protein-dependent&nbsp;transport&nbsp;systems&nbsp;inner&nbsp;membrane&nbsp;component,81.3
525909.Afer_0390,rplL,50S&nbsp;ribosomal&nbsp;protein&nbsp;L7/L12,81.2
525909.Afer_0133,Afer_0133,UPF0753&nbsp;protein&nbsp;Afer_0133,81.1
525909.Afer_1118,Afer_1118,PFAM:&nbsp;glycine&nbsp;cleavage&nbsp;system&nbsp;P-protein,81.0
525909.Afer_0636,nusA,Transcription&nbsp;termination/antitermination&nbsp;protein&nbsp;NusA,80.9
525909.Afer_0738,Afer_0738,PFAM:&nbsp;Nucleotidyl&nbsp;transferase,80.9
525909.Afer_0185,Afer_0185,PFAM:&nbsp;dienelactone&nbsp;hydrolase,80.7
525909.Afer_1123,Afer_1123,PFAM:&nbsp;Nucleotidyl&nbsp;transferase,80.6
525909.Afer_0911,prcA,Proteasome&nbsp;subunit&nbsp;alpha,80.4
525909.Afer_0802,Afer_0802,TIGRFAM:&nbsp;precorrin-3B&nbsp;C17-methyltransferase,80.4
525909.Afer_0389,rplJ,50S&nbsp;ribosomal&nbsp;protein&nbsp;L10,80.4
525909.Afer_1708,Afer_1708,PFAM:&nbsp;cytochrome&nbsp;c&nbsp;oxidase&nbsp;subunit&nbsp;II,80.1
525909.Afer_0765,ndk,Nucleoside&nbsp;diphosphate&nbsp;kinase,80.0
525909.Afer_0406,rpmC,TIGRFAM:&nbsp;ribosomal&nbsp;protein&nbsp;L29,80.0
525909.Afer_0777,Afer_0777,PFAM:&nbsp;ABC&nbsp;transporter&nbsp;related,80.0
525909.Afer_1527,Afer_1527,PFAM:&nbsp;3-hydroxyacyl-CoA&nbsp;dehydrogenase&nbsp;NAD-binding,79.8
525909.Afer_0396,tuf,Elongation&nbsp;factor&nbsp;Tu,79.6
525909.Afer_0771,rplU,50S&nbsp;ribosomal&nbsp;protein&nbsp;L21,79.6
525909.Afer_1375,Afer_1375,PFAM:&nbsp;3-hydroxyacyl-CoA&nbsp;dehydrogenase&nbsp;NAD-binding,79.4
525909.Afer_1360,Afer_1360,PFAM:&nbsp;protein&nbsp;of&nbsp;unknown&nbsp;function&nbsp;DUF224&nbsp;cysteine-&nbsp;rich&nbsp;region&nbsp;domain&nbsp;protein,79.4
525909.Afer_1849,Afer_1849,PFAM:&nbsp;glycosyl&nbsp;transferase&nbsp;family&nbsp;20,79.3
525909.Afer_0409,rplX,50S&nbsp;ribosomal&nbsp;protein&nbsp;L24,79.2
525909.Afer_1120,Afer_1120,TIGRFAM:&nbsp;glycine&nbsp;cleavage&nbsp;system&nbsp;T&nbsp;protein,79.2
525909.Afer_0617,Afer_0617,Inositol-1-monophosphatase,79.0
525909.Afer_0232,Afer_0232,PFAM:&nbsp;Amidase,78.9
525909.Afer_1383,Afer_1383,PFAM:&nbsp;ABC&nbsp;transporter&nbsp;related,78.6
525909.Afer_0137,Afer_0137,Flagellar&nbsp;M-ring&nbsp;protein,78.4
525909.Afer_1846,Afer_1846,60&nbsp;kDa&nbsp;chaperonin,78.4
525909.Afer_1884,Afer_1884,PFAM:&nbsp;molybdopterin&nbsp;biosynthesis&nbsp;MoaE&nbsp;protein,78.1
525909.Afer_0412,rpsH,30S&nbsp;ribosomal&nbsp;protein&nbsp;S8,78.0
525909.Afer_1194,Afer_1194,PFAM:&nbsp;Amidase,77.6
525909.Afer_0998,Afer_0998,PFAM:&nbsp;Respiratory-chain&nbsp;NADH&nbsp;dehydrogenase&nbsp;domain&nbsp;51&nbsp;kDa&nbsp;subunit,77.5
525909.Afer_1933,Afer_1933,PFAM:&nbsp;binding-protein-dependent&nbsp;transport&nbsp;systems&nbsp;inner&nbsp;membrane&nbsp;component,77.5
525909.Afer_1697,Afer_1697,Orotidine&nbsp;5'-phosphate&nbsp;decarboxylase,77.4
525909.Afer_0394,rpsG,30S&nbsp;ribosomal&nbsp;protein&nbsp;S7,77.3
525909.Afer_0418,secY,Protein&nbsp;translocase&nbsp;subunit&nbsp;SecY,77.0
525909.Afer_1501,rpsP,TIGRFAM:&nbsp;ribosomal&nbsp;protein&nbsp;S16,76.7
525909.Afer_1783,Afer_1783,Carboxymethylenebutenolidase,76.6
525909.Afer_0377,Afer_0377,PFAM:&nbsp;short-chain&nbsp;dehydrogenase/reductase&nbsp;SDR,76.2
525909.Afer_1534,leuC,3-isopropylmalate&nbsp;dehydratase&nbsp;large&nbsp;subunit,76.2
525909.Afer_1250,Afer_1250,Peptidoglycan&nbsp;glycosyltransferase,76.1
525909.Afer_0371,nuoI,NADH-quinone&nbsp;oxidoreductase&nbsp;subunit&nbsp;I,76.1
525909.Afer_0366,nuoD,NADH-quinone&nbsp;oxidoreductase&nbsp;subunit&nbsp;D,76.0
525909.Afer_1702,Afer_1702,PFAM:&nbsp;aspartate/ornithine&nbsp;carbamoyltransferase&nbsp;carbamoyl-P&nbsp;binding&nbsp;domain,75.9
525909.Afer_1869,Afer_1869,Single-stranded&nbsp;DNA-binding&nbsp;protein,75.8
525909.Afer_1786,fumC,Fumarate&nbsp;hydratase&nbsp;class&nbsp;II,75.7
525909.Afer_0044,Afer_0044,Single-stranded&nbsp;DNA-binding&nbsp;protein,75.6
525909.Afer_0261,Afer_0261,TIGRFAM:&nbsp;acetyl-CoA&nbsp;acetyltransferase,75.6
525909.Afer_0373,nuoK,NADH-quinone&nbsp;oxidoreductase&nbsp;subunit&nbsp;K,75.3
525909.Afer_0825,Afer_0825,PFAM:&nbsp;catalytic&nbsp;domain&nbsp;of&nbsp;components&nbsp;of&nbsp;various&nbsp;dehydrogenase&nbsp;complexes,75.2
525909.Afer_1573,Afer_1573,PFAM:&nbsp;inner-membrane&nbsp;translocator,75.1
525909.Afer_1707,Afer_1707,PFAM:&nbsp;cytochrome&nbsp;c&nbsp;oxidase&nbsp;subunit&nbsp;I,75.0
525909.Afer_1079,Afer_1079,PFAM:&nbsp;RNA&nbsp;binding&nbsp;S1&nbsp;domain&nbsp;protein,75.0
525909.Afer_1286,Afer_1286,TIGRFAM:&nbsp;acetate/CoA&nbsp;ligase,74.9
525909.Afer_0085,Afer_0085,KEGG:&nbsp;rrs:RoseRS_2545&nbsp;acetyl-CoA&nbsp;acetyltransferase,74.9
525909.Afer_2038,rpmH,TIGRFAM:&nbsp;ribosomal&nbsp;protein&nbsp;L34,74.7
525909.Afer_0507,Afer_0507,PFAM:&nbsp;inner-membrane&nbsp;translocator,74.7
525909.Afer_0214,Afer_0214,Protein-glutamate&nbsp;methylesterase,74.7
525909.Afer_1799,atpF,ATP&nbsp;synthase&nbsp;subunit&nbsp;b,74.5
525909.Afer_1221,pdxS,Pyridoxal&nbsp;5'-phosphate&nbsp;synthase&nbsp;subunit&nbsp;PdxS,74.1
525909.Afer_1556,Afer_1556,PFAM:&nbsp;glycerophosphoryl&nbsp;diester&nbsp;phosphodiesterase,74.1
525909.Afer_0414,rplR,50S&nbsp;ribosomal&nbsp;protein&nbsp;L18,74.1
525909.Afer_1952,purL,Phosphoribosylformylglycinamidine&nbsp;synthase&nbsp;subunit&nbsp;PurL,74.0
525909.Afer_1225,Afer_1225,PFAM:&nbsp;CDP-alcohol&nbsp;phosphatidyltransferase,73.9
525909.Afer_1405,Afer_1405,PFAM:&nbsp;FAD-dependent&nbsp;pyridine&nbsp;nucleotide-disulphide&nbsp;oxidoreductase,73.9
525909.Afer_0101,Afer_0101,Phosphoenolpyruvate&nbsp;carboxylase,73.7
525909.Afer_1801,atpB,ATP&nbsp;synthase&nbsp;subunit&nbsp;a,73.7
525909.Afer_1378,Afer_1378,PFAM:&nbsp;Aldehyde&nbsp;Dehydrogenase,73.6
525909.Afer_0222,Afer_0222,PFAM:&nbsp;3-hydroxyacyl-CoA&nbsp;dehydrogenase&nbsp;NAD-binding,73.6
525909.Afer_1097,Afer_1097,PFAM:&nbsp;Indole-3-glycerol&nbsp;phosphate&nbsp;synthase,73.5
525909.Afer_0804,Afer_0804,KEGG:&nbsp;tth:TT_P0002&nbsp;cob(I)alamin&nbsp;adenosyltransferase,73.3
525909.Afer_1220,pdxT,Pyridoxal&nbsp;5'-phosphate&nbsp;synthase&nbsp;subunit&nbsp;PdxT,73.3
525909.Afer_1700,Afer_1700,"TIGRFAM:&nbsp;carbamoyl-phosphate&nbsp;synthase,&nbsp;small&nbsp;subunit",73.0
525909.Afer_0078,Afer_0078,PFAM:&nbsp;FAD-dependent&nbsp;pyridine&nbsp;nucleotide-disulphide&nbsp;oxidoreductase,73.0
525909.Afer_1584,Afer_1584,PFAM:&nbsp;glycerophosphoryl&nbsp;diester&nbsp;phosphodiesterase,72.8
525909.Afer_1848,Afer_1848,Threonine&nbsp;synthase,72.6
525909.Afer_0320,sucD,Succinate--CoA&nbsp;ligase&nbsp;[ADP-forming]&nbsp;subunit&nbsp;alpha,72.5
525909.Afer_0878,Afer_0878,"TIGRFAM:&nbsp;dihydroxyacetone&nbsp;kinase,&nbsp;L&nbsp;subunit",72.5
525909.Afer_1343,Afer_1343,PFAM:&nbsp;chemotaxis&nbsp;sensory&nbsp;transducer,72.4
525909.Afer_0188,Afer_0188,"TIGRFAM:&nbsp;succinate&nbsp;dehydrogenase,&nbsp;cytochrome&nbsp;b556&nbsp;subunit",72.4
525909.Afer_0422,rpmJ,TIGRFAM:&nbsp;ribosomal&nbsp;protein&nbsp;L36,72.4
525909.Afer_1176,kdpC,Potassium-transporting&nbsp;ATPase&nbsp;KdpC&nbsp;subunit,72.4
525909.Afer_1304,Afer_1304,KEGG:&nbsp;ace:Acel_1839&nbsp;dihydropteroate&nbsp;synthase,72.3
525909.Afer_0138,Afer_0138,TIGRFAM:&nbsp;flagellar&nbsp;motor&nbsp;switch&nbsp;protein&nbsp;FliG,72.1
525909.Afer_0651,Afer_0651,PFAM:&nbsp;CDP-alcohol&nbsp;phosphatidyltransferase,72.0
525909.Afer_0187,Afer_0187,KEGG:&nbsp;fra:Francci3_0680&nbsp;succinate&nbsp;dehydrogenase&nbsp;subunit&nbsp;D,71.8
525909.Afer_1980,Afer_1980,PFAM:&nbsp;alanine&nbsp;dehydrogenase/PNT&nbsp;domain&nbsp;protein,71.8
525909.Afer_1295,rpsT,30S&nbsp;ribosomal&nbsp;protein&nbsp;S20,71.5
525909.Afer_1763,secA,Protein&nbsp;translocase&nbsp;subunit&nbsp;SecA,71.4
525909.Afer_1080,polA,DNA&nbsp;polymerase&nbsp;I,71.2
525909.Afer_0002,Afer_0002,"KEGG:&nbsp;rxy:Rxyl_0002&nbsp;DNA&nbsp;polymerase&nbsp;III,&nbsp;beta&nbsp;subunit",71.1
525909.Afer_0368,Afer_0368,PFAM:&nbsp;Respiratory-chain&nbsp;NADH&nbsp;dehydrogenase&nbsp;domain&nbsp;51&nbsp;kDa&nbsp;subunit,71.0
525909.Afer_0781,Afer_0781,KEGG:&nbsp;acr:Acry_2205&nbsp;extracellular&nbsp;ligand-binding&nbsp;receptor,70.8
525909.Afer_0200,Afer_0200,"Two&nbsp;component&nbsp;transcriptional&nbsp;regulator,&nbsp;winged&nbsp;helix&nbsp;family",70.7
525909.Afer_1835,Afer_1835,KEGG:&nbsp;fre:Franean1_7227&nbsp;citrate&nbsp;synthase&nbsp;I,70.7
525909.Afer_0769,Afer_0769,Penicillin-binding&nbsp;protein&nbsp;2,70.7
525909.Afer_1175,Afer_1175,"Osmosensitive&nbsp;K&nbsp;channel&nbsp;signal&nbsp;transduction&nbsp;histidine&nbsp;kinase,&nbsp;sensor&nbsp;subunit&nbsp;KdpD",70.6
525909.Afer_1768,Afer_1768,Phosphomannomutase,70.4
525909.Afer_1085,Afer_1085,PFAM:&nbsp;Acyl&nbsp;transferase,70.4
525909.Afer_1467,Afer_1467,PFAM:&nbsp;Exonuclease&nbsp;RNase&nbsp;T&nbsp;and&nbsp;DNA&nbsp;polymerase&nbsp;III,70.2
525909.Afer_1538,Afer_1538,TIGRFAM:&nbsp;2-isopropylmalate&nbsp;synthase/homocitrate&nbsp;synthase&nbsp;family&nbsp;protein,70.2
525909.Afer_0405,rplP,50S&nbsp;ribosomal&nbsp;protein&nbsp;L16,70.0
525909.Afer_0151,Afer_0151,TIGRFAM:&nbsp;flagellar&nbsp;motor&nbsp;switch&nbsp;protein&nbsp;FliN,70.0
525909.Afer_0945,secD,Protein&nbsp;translocase&nbsp;subunit&nbsp;SecD,69.8
525909.Afer_0826,Afer_0826,TIGRFAM:&nbsp;dihydrolipoamide&nbsp;dehydrogenase,69.7
525909.Afer_0994,Afer_0994,PFAM:&nbsp;periplasmic&nbsp;binding&nbsp;protein/LacI&nbsp;transcriptional&nbsp;regulator,69.7
525909.Afer_0383,rpmG,TIGRFAM:&nbsp;ribosomal&nbsp;protein&nbsp;L33,69.5
525909.Afer_0321,purN,Phosphoribosylglycinamide&nbsp;formyltransferase,69.4
525909.Afer_0392,rpoC,DNA-directed&nbsp;RNA&nbsp;polymerase&nbsp;subunit&nbsp;beta',69.3
525909.Afer_0269,Afer_0269,PFAM:&nbsp;Pyridoxal-5'-phosphate-dependent&nbsp;protein&nbsp;beta&nbsp;subunit,68.9
525909.Afer_0429,rplM,50S&nbsp;ribosomal&nbsp;protein&nbsp;L13,68.8
525909.Afer_1550,gatA,Glutamyl-tRNA(Gln)&nbsp;amidotransferase&nbsp;subunit&nbsp;A,68.7
525909.Afer_0367,Afer_0367,"TIGRFAM:&nbsp;NADH-quinone&nbsp;oxidoreductase,&nbsp;E&nbsp;subunit",68.5
525909.Afer_0667,Afer_0667,PFAM:&nbsp;ABC&nbsp;transporter&nbsp;related,68.2
525909.Afer_1137,nadK,NAD&nbsp;kinase,68.2
525909.Afer_0045,rpsF,30S&nbsp;ribosomal&nbsp;protein&nbsp;S6,67.6
525909.Afer_1934,Afer_1934,KEGG:&nbsp;bvi:Bcep1808_7294&nbsp;tungstate/molybdate&nbsp;binding&nbsp;protein,67.6
525909.Afer_1502,ffh,Signal&nbsp;recognition&nbsp;particle&nbsp;protein,67.6
525909.Afer_0364,nuoB,NADH-quinone&nbsp;oxidoreductase&nbsp;subunit&nbsp;B,67.4
525909.Afer_0523,Afer_0523,PFAM:&nbsp;ABC&nbsp;transporter&nbsp;related,67.1
525909.Afer_0006,Afer_0006,DNA&nbsp;topoisomerase&nbsp;(ATP-hydrolyzing),66.9
525909.Afer_0332,Afer_0332,Heme&nbsp;exporter&nbsp;protein&nbsp;CcmA,66.5
525909.Afer_0403,rplV,50S&nbsp;ribosomal&nbsp;protein&nbsp;L22,66.4
525909.Afer_0005,Afer_0005,DNA&nbsp;topoisomerase&nbsp;(ATP-hydrolyzing),66.0
525909.Afer_0215,Afer_0215,"KEGG:&nbsp;bbt:BBta_0527&nbsp;MCP&nbsp;methyltransferase,&nbsp;CheR-&nbsp;type",65.9
525909.Afer_1978,Afer_1978,NAD(P)&nbsp;transhydrogenase&nbsp;subunit&nbsp;beta,65.8
525909.Afer_1008,pgi,PFAM:&nbsp;phosphoglucose&nbsp;isomerase&nbsp;(PGI),65.8
525909.Afer_0400,rplW,50S&nbsp;ribosomal&nbsp;protein&nbsp;L23,65.7
525909.Afer_0974,Afer_0974,PFAM:&nbsp;glycine&nbsp;cleavage&nbsp;H-protein,65.7
525909.Afer_0404,rpsC,30S&nbsp;ribosomal&nbsp;protein&nbsp;S3,65.6
525909.Afer_1380,Afer_1380,"KEGG:&nbsp;msm:MSMEG_6524&nbsp;ABC&nbsp;polyamine/opine/phosphonate&nbsp;transporter,&nbsp;periplasmic&nbsp;ligand&nbsp;binding&nbsp;protein",65.6
525909.Afer_1984,Afer_1984,KEGG:&nbsp;rce:RC1_0906&nbsp;isocitrate&nbsp;dehydrogenase,65.3
525909.Afer_0649,Afer_0649,PFAM:&nbsp;peptidase&nbsp;S11&nbsp;D-alanyl-D-alanine&nbsp;carboxypeptidase&nbsp;1,65.2
525909.Afer_1911,Afer_1911,Dihydropteroate&nbsp;synthase,64.8
525909.Afer_0388,rplA,50S&nbsp;ribosomal&nbsp;protein&nbsp;L1,64.8
525909.Afer_0965,Afer_0965,PFAM:&nbsp;protein&nbsp;of&nbsp;unknown&nbsp;function&nbsp;DUF224&nbsp;cysteine-&nbsp;rich&nbsp;region&nbsp;domain&nbsp;protein,64.8
525909.Afer_0877,Afer_0877,"KEGG:&nbsp;hmo:HM1_0840&nbsp;dihydroxyacetone&nbsp;kinase,&nbsp;dhak&nbsp;subunit",64.7
525909.Afer_1674,pheS,"TIGRFAM:&nbsp;phenylalanyl-tRNA&nbsp;synthetase,&nbsp;alpha&nbsp;subunit",64.7
525909.Afer_0850,pgk,PFAM:&nbsp;phosphoglycerate&nbsp;kinase,64.6
525909.Afer_0910,prcB,Proteasome&nbsp;subunit&nbsp;beta,64.6
525909.Afer_0718,Afer_0718,PFAM:&nbsp;catalytic&nbsp;domain&nbsp;of&nbsp;components&nbsp;of&nbsp;various&nbsp;dehydrogenase&nbsp;complexes,64.5
525909.Afer_0201,Afer_0201,Histidine&nbsp;kinase,64.4
525909.Afer_0778,Afer_0778,PFAM:&nbsp;ABC&nbsp;transporter&nbsp;related,64.4
525909.Afer_0726,Afer_0726,"Methylmalonyl-CoA&nbsp;mutase,&nbsp;large&nbsp;subunit",64.2
525909.Afer_0946,secF,Protein-export&nbsp;membrane&nbsp;protein&nbsp;SecF,64.1
525909.Afer_0311,Afer_0311,"KEGG:&nbsp;fra:Francci3_3905&nbsp;magnesium&nbsp;chelatase,&nbsp;ChlI&nbsp;subunit",64.0
525909.Afer_1232,Afer_1232,Enoyl-[acyl-carrier-protein]&nbsp;reductase&nbsp;[NADH],64.0
525909.Afer_0818,Afer_0818,PFAM:&nbsp;Uracil-DNA&nbsp;glycosylase&nbsp;superfamily,64.0
525909.Afer_1638,Afer_1638,KEGG:&nbsp;ace:Acel_1054&nbsp;DNA&nbsp;polymerase&nbsp;III&nbsp;subunit&nbsp;alpha,63.9
525909.Afer_1536,Afer_1536,PFAM:&nbsp;isocitrate/isopropylmalate&nbsp;dehydrogenase,63.7
525909.Afer_0147,Afer_0147,PFAM:&nbsp;MotA/TolQ/ExbB&nbsp;proton&nbsp;channel,63.5
525909.Afer_1547,Afer_1547,"TIGRFAM:&nbsp;acetolactate&nbsp;synthase,&nbsp;large&nbsp;subunit,&nbsp;biosynthetic&nbsp;type",63.5
525909.Afer_1513,Afer_1513,KEGG:&nbsp;ace:Acel_1577&nbsp;hypothetical&nbsp;protein,63.1
525909.Afer_0503,Afer_0503,PFAM:&nbsp;Extracellular&nbsp;ligand-binding&nbsp;receptor,62.9
525909.Afer_1944,pyrE,Orotate&nbsp;phosphoribosyltransferase,62.8
525909.Afer_1812,Afer_1812,Threonine&nbsp;synthase,62.4
525909.Afer_0357,proC,Pyrroline-5-carboxylate&nbsp;reductase,62.2
525909.Afer_0370,nuoH,NADH-quinone&nbsp;oxidoreductase&nbsp;subunit&nbsp;H,62.1
525909.Afer_0424,rpsK,30S&nbsp;ribosomal&nbsp;protein&nbsp;S11,62.1
525909.Afer_1988,Afer_1988,PFAM:&nbsp;ferredoxin-dependent&nbsp;glutamate&nbsp;synthase,62.1
525909.Afer_0522,Afer_0522,Sigma&nbsp;54&nbsp;interacting&nbsp;domain&nbsp;protein,61.9
525909.Afer_0397,rpsJ,30S&nbsp;ribosomal&nbsp;protein&nbsp;S10,61.7
525909.Afer_1549,gatB,Aspartyl/glutamyl-tRNA(Asn/Gln)&nbsp;amidotransferase&nbsp;subunit&nbsp;B,61.7
525909.Afer_1683,ribBA,Riboflavin&nbsp;biosynthesis&nbsp;protein&nbsp;RibBA,61.5
525909.Afer_1641,Afer_1641,PFAM:&nbsp;AMP-dependent&nbsp;synthetase&nbsp;and&nbsp;ligase,61.3
525909.Afer_1370,Afer_1370,TIGRFAM:&nbsp;acetyl-CoA&nbsp;acetyltransferase,61.3
525909.Afer_0399,rplD,50S&nbsp;ribosomal&nbsp;protein&nbsp;L4,61.1
525909.Afer_0387,rplK,50S&nbsp;ribosomal&nbsp;protein&nbsp;L11,60.8
525909.Afer_0393,rpsL,30S&nbsp;ribosomal&nbsp;protein&nbsp;S12,60.7
525909.Afer_1979,Afer_1979,KEGG:&nbsp;ace:Acel_2021&nbsp;NAD/NADP&nbsp;transhydrogenase&nbsp;alpha&nbsp;subunit-like,60.6
525909.Afer_1766,Afer_1766,PFAM:&nbsp;sugar&nbsp;isomerase&nbsp;(SIS),60.5
525909.Afer_1994,Afer_1994,KEGG:&nbsp;tfu:Tfu_0354&nbsp;3-mercaptopyruvate&nbsp;sulfurtransferase,60.2
525909.Afer_0372,Afer_0372,PFAM:&nbsp;NADH-ubiquinone/plastoquinone&nbsp;oxidoreductase&nbsp;chain&nbsp;6,59.5
525909.Afer_0411,rpsN,30S&nbsp;ribosomal&nbsp;protein&nbsp;S14&nbsp;type&nbsp;Z,59.4
525909.Afer_0427,rplQ,TIGRFAM:&nbsp;ribosomal&nbsp;protein&nbsp;L17,59.4
525909.Afer_0496,Afer_0496,Glucose-6-phosphate&nbsp;1-dehydrogenase,59.3
525909.Afer_0535,Afer_0535,TIGRFAM:&nbsp;precorrin-2&nbsp;C20-methyltransferase,59.2
525909.Afer_0407,rpsQ,30S&nbsp;ribosomal&nbsp;protein&nbsp;S17,59.2
525909.Afer_1215,ruvB,Holliday&nbsp;junction&nbsp;ATP-dependent&nbsp;DNA&nbsp;helicase&nbsp;RuvB,59.1
525909.Afer_1677,rpmI,TIGRFAM:&nbsp;ribosomal&nbsp;protein&nbsp;L35,59.0
525909.Afer_0365,Afer_0365,PFAM:&nbsp;NADH&nbsp;dehydrogenase&nbsp;(ubiquinone)&nbsp;30&nbsp;kDa&nbsp;subunit,58.9
525909.Afer_0179,Afer_0179,PFAM:&nbsp;thiamineS&nbsp;protein,58.8
525909.Afer_0966,Afer_0966,PFAM:&nbsp;FAD-dependent&nbsp;pyridine&nbsp;nucleotide-disulphide&nbsp;oxidoreductase,58.8
525909.Afer_0505,Afer_0505,PFAM:&nbsp;ABC&nbsp;transporter&nbsp;related,58.7
525909.Afer_0415,rpsE,30S&nbsp;ribosomal&nbsp;protein&nbsp;S5,58.6
525909.Afer_0851,tpiA,Triosephosphate&nbsp;isomerase,58.4
525909.Afer_1096,trpF,PFAM:&nbsp;N-(5'phosphoribosyl)anthranilate&nbsp;isomerase&nbsp;(PRAI),58.1
525909.Afer_1805,glyA,Serine&nbsp;hydroxymethyltransferase,58.1
525909.Afer_0524,Afer_0524,"KEGG:&nbsp;hau:Haur_3758&nbsp;cytochrome&nbsp;d&nbsp;ubiquinol&nbsp;oxidase,&nbsp;subunit&nbsp;II",58.0
525909.Afer_1249,Afer_1249,"UDP-N-acetylmuramoyl-L-alanyl-D-glutamate--2,6-diaminopimelate&nbsp;ligase",57.9
525909.Afer_0628,pyrH,Uridylate&nbsp;kinase,57.9
525909.Afer_0148,Afer_0148,PFAM:&nbsp;OmpA/MotB&nbsp;domain&nbsp;protein,57.8
525909.Afer_0622,Afer_0622,Malate&nbsp;dehydrogenase&nbsp;(Oxaloacetate-decarboxylating),57.7
525909.Afer_0459,Afer_0459,TIGRFAM:&nbsp;IMP&nbsp;dehydrogenase&nbsp;family&nbsp;protein,57.6
525909.Afer_0313,Afer_0313,TIGRFAM:&nbsp;succinate&nbsp;dehydrogenase&nbsp;and&nbsp;fumarate&nbsp;reductase&nbsp;iron-sulfur&nbsp;protein,57.5
525909.Afer_1114,Afer_1114,KEGG:&nbsp;tth:TTC1611&nbsp;pyruvate&nbsp;kinase,57.3
525909.Afer_1987,Afer_1987,"TIGRFAM:&nbsp;glutamate&nbsp;synthase,&nbsp;NADH/NADPH,&nbsp;small&nbsp;subunit",57.3
525909.Afer_1823,Afer_1823,Cytochrome&nbsp;c&nbsp;oxidase&nbsp;subunit&nbsp;1,57.0
525909.Afer_1850,Afer_1850,"TIGRFAM:&nbsp;HAD-superfamily&nbsp;hydrolase,&nbsp;subfamily&nbsp;IIB",57.0
525909.Afer_0626,rpsB,TIGRFAM:&nbsp;ribosomal&nbsp;protein&nbsp;S2,56.8
525909.Afer_1798,atpH,ATP&nbsp;synthase&nbsp;subunit&nbsp;delta,56.8
525909.Afer_1057,Afer_1057,PFAM:&nbsp;short-chain&nbsp;dehydrogenase/reductase&nbsp;SDR,56.5
525909.Afer_0717,Afer_0717,TIGRFAM:&nbsp;dihydrolipoamide&nbsp;dehydrogenase,55.8
525909.Afer_0430,rpsI,PFAM:&nbsp;ribosomal&nbsp;protein&nbsp;S9,55.7
525909.Afer_0487,Afer_0487,TIGRFAM:&nbsp;UTP-glucose-1-phosphate&nbsp;uridylyltransferase,55.5
525909.Afer_1103,Afer_1103,Anthranilate&nbsp;synthase,55.5
525909.Afer_0880,Afer_0880,PFAM:&nbsp;FAD&nbsp;dependent&nbsp;oxidoreductase,55.2
525909.Afer_1575,Afer_1575,KEGG:&nbsp;ace:Acel_1132&nbsp;solute-binding&nbsp;protein,55.0
525909.Afer_0119,Afer_0119,PFAM:&nbsp;ribulose&nbsp;bisphosphate&nbsp;carboxylase&nbsp;large&nbsp;chain,54.9
525909.Afer_1533,leuD,3-isopropylmalate&nbsp;dehydratase&nbsp;small&nbsp;subunit,54.8
525909.Afer_1847,Afer_1847,PFAM:&nbsp;thiamineS&nbsp;protein,54.6
525909.Afer_1124,Afer_1124,Glycine&nbsp;cleavage&nbsp;system&nbsp;H&nbsp;protein,54.2
525909.Afer_0374,Afer_0374,"KEGG:&nbsp;glo:Glov_3127&nbsp;proton-translocating&nbsp;NADH-&nbsp;quinone&nbsp;oxidoreductase,&nbsp;chain&nbsp;L",54.1
525909.Afer_1601,Afer_1601,PFAM:&nbsp;thiamine&nbsp;pyrophosphate&nbsp;protein&nbsp;domain&nbsp;protein&nbsp;TPP-binding,54.1
525909.Afer_1089,Afer_1089,PFAM:&nbsp;Beta-ketoacyl&nbsp;synthase,53.7
525909.Afer_1529,leuA,2-isopropylmalate&nbsp;synthase,53.7
525909.Afer_0334,Afer_0334,PFAM:&nbsp;cytochrome&nbsp;c&nbsp;assembly&nbsp;protein,53.7
525909.Afer_0693,pckG,Phosphoenolpyruvate&nbsp;carboxykinase&nbsp;[GTP],53.6
525909.Afer_1216,ruvA,Holliday&nbsp;junction&nbsp;ATP-dependent&nbsp;DNA&nbsp;helicase&nbsp;RuvA,53.3
525909.Afer_0106,Afer_0106,KEGG:&nbsp;fal:FRAAL5910&nbsp;acetyl-CoA&nbsp;acetyltransferase,53.1
525909.Afer_1086,fabH,3-oxoacyl-[acyl-carrier-protein]&nbsp;synthase&nbsp;3,53.1
525909.Afer_0568,Afer_0568,"TIGRFAM:&nbsp;SUF&nbsp;system&nbsp;FeS&nbsp;assembly&nbsp;protein,&nbsp;NifU&nbsp;family",53.0
525909.Afer_0504,Afer_0504,PFAM:&nbsp;ABC&nbsp;transporter&nbsp;related,52.8
525909.Afer_0333,Afer_0333,PFAM:&nbsp;cytochrome&nbsp;c-type&nbsp;biogenesis&nbsp;protein&nbsp;CcmB,52.8
525909.Afer_1676,rplT,50S&nbsp;ribosomal&nbsp;protein&nbsp;L20,52.6
525909.Afer_1106,hisF,Imidazole&nbsp;glycerol&nbsp;phosphate&nbsp;synthase&nbsp;subunit&nbsp;HisF,52.1
525909.Afer_0163,Afer_0163,PFAM:&nbsp;FAD-dependent&nbsp;pyridine&nbsp;nucleotide-disulphide&nbsp;oxidoreductase,52.1
525909.Afer_1732,Afer_1732,"TIGRFAM:&nbsp;2-oxoglutarate&nbsp;dehydrogenase,&nbsp;E1&nbsp;subunit",52.1
525909.Afer_0895,Afer_0895,PFAM:&nbsp;deoxyribose-phosphate&nbsp;aldolase/phospho-2-&nbsp;dehydro-3-deoxyheptonate&nbsp;aldolase,52.1
525909.Afer_0043,rpsR,30S&nbsp;ribosomal&nbsp;protein&nbsp;S18,52.0
525909.Afer_0134,Afer_0134,Flagellar&nbsp;basal&nbsp;body&nbsp;rod&nbsp;protein&nbsp;FlgB,52.0
525909.Afer_0644,Afer_0644,Inositol-1-monophosphatase,51.5
525909.Afer_0217,Afer_0217,PFAM:&nbsp;response&nbsp;regulator&nbsp;receiver,51.1
