981327.F925_00277,rpsK,30S&nbsp;ribosomal&nbsp;protein&nbsp;S11,98.9
981327.F925_02588,P800_01505,annotation&nbsp;not&nbsp;available,98.9
981327.F925_00823,pyrE,Orotate&nbsp;phosphoribosyltransferase,98.8
981327.F925_02408,P800_01332,annotation&nbsp;not&nbsp;available,98.7
981327.F925_01789,P800_00602,annotation&nbsp;not&nbsp;available,98.6
981327.F925_00669,ppc,Phosphoenolpyruvate&nbsp;carboxylase,98.5
981327.F925_00274,rplQ,annotation&nbsp;not&nbsp;available,98.4
981327.F925_01725,pstB,Phosphate&nbsp;import&nbsp;ATP-binding&nbsp;protein&nbsp;PstB,98.4
981327.F925_01334,smc,Chromosome&nbsp;partition&nbsp;protein&nbsp;Smc,98.3
981327.F925_00293,rplP,50S&nbsp;ribosomal&nbsp;protein&nbsp;L16,98.3
981327.F925_01783,P800_00596,annotation&nbsp;not&nbsp;available,98.2
981327.F925_00177,P800_03146,annotation&nbsp;not&nbsp;available,98.1
981327.F925_00865,F925_00865,annotation&nbsp;not&nbsp;available,98.0
981327.F925_02124,P800_01030,annotation&nbsp;not&nbsp;available,98.0
981327.F925_02001,P800_00820,annotation&nbsp;not&nbsp;available,97.9
981327.F925_02739,P800_01651,annotation&nbsp;not&nbsp;available,97.9
981327.F925_01281,P800_00006,RNA&nbsp;polymerase&nbsp;sigma-54&nbsp;factor,97.9
981327.F925_02365,P800_01289,annotation&nbsp;not&nbsp;available,97.9
981327.F925_00414,P800_02845,annotation&nbsp;not&nbsp;available,97.8
981327.F925_01564,ENW24908.1,annotation&nbsp;not&nbsp;available,97.8
981327.F925_00377,rpoZ,DNA-directed&nbsp;RNA&nbsp;polymerase&nbsp;subunit&nbsp;omega,97.8
981327.F925_01092,asd,Aspartate-semialdehyde&nbsp;dehydrogenase,97.7
981327.F925_02701,P800_01614,annotation&nbsp;not&nbsp;available,97.6
981327.F925_01361,acpP,Acyl&nbsp;carrier&nbsp;protein,97.5
981327.F925_01429,ENW24774.1,annotation&nbsp;not&nbsp;available,97.5
981327.F925_00480,P800_02778,Riboflavin&nbsp;biosynthesis&nbsp;protein&nbsp;RibD,97.5
981327.F925_01176,P800_02124,annotation&nbsp;not&nbsp;available,97.4
981327.F925_01010,P800_02295,annotation&nbsp;not&nbsp;available,97.4
981327.F925_01492,F925_01492,annotation&nbsp;not&nbsp;available,97.2
981327.F925_01264,polA,DNA&nbsp;polymerase&nbsp;I,97.2
981327.F925_01660,rnt,Ribonuclease&nbsp;T,97.2
981327.F925_02385,cyoE,Protoheme&nbsp;IX&nbsp;farnesyltransferase,97.1
981327.F925_02586,ENW23627.1,annotation&nbsp;not&nbsp;available,97.1
981327.F925_00069,ENW26829.1,annotation&nbsp;not&nbsp;available,97.0
981327.F925_02080,P800_00986,annotation&nbsp;not&nbsp;available,97.0
981327.F925_01286,hisD,Histidinol&nbsp;dehydrogenase,96.6
981327.F925_01109,rpmB,annotation&nbsp;not&nbsp;available,96.3
981327.F925_00329,ENW26206.1,annotation&nbsp;not&nbsp;available,96.2
981327.F925_00949,argH,annotation&nbsp;not&nbsp;available,96.2
981327.F925_00522,P800_02733,annotation&nbsp;not&nbsp;available,96.2
981327.F925_02904,ENW23029.1,annotation&nbsp;not&nbsp;available,96.0
981327.F925_01681,P800_00406,annotation&nbsp;not&nbsp;available,95.9
981327.F925_00991,P800_02314,annotation&nbsp;not&nbsp;available,95.9
981327.F925_02253,P800_01171,annotation&nbsp;not&nbsp;available,95.9
981327.F925_02927,P800_01848,annotation&nbsp;not&nbsp;available,95.9
981327.F925_01572,P800_00285,Succinate&nbsp;dehydrogenase&nbsp;hydrophobic&nbsp;membrane&nbsp;anchor&nbsp;subunit,95.9
981327.F925_00297,rplB,50S&nbsp;ribosomal&nbsp;protein&nbsp;L2,95.7
981327.F925_00284,rplR,50S&nbsp;ribosomal&nbsp;protein&nbsp;L18,95.7
981327.F925_00286,rpsH,30S&nbsp;ribosomal&nbsp;protein&nbsp;S8,95.7
981327.F925_01007,rpsO,30S&nbsp;ribosomal&nbsp;protein&nbsp;S15,95.5
981327.F925_00756,ssuB,Aliphatic&nbsp;sulfonates&nbsp;import&nbsp;ATP-binding&nbsp;protein&nbsp;SsuB,95.4
981327.F925_01938,P800_00753,annotation&nbsp;not&nbsp;available,95.4
981327.F925_01091,ENW25737.1,annotation&nbsp;not&nbsp;available,95.4
981327.F925_02113,P800_01019,annotation&nbsp;not&nbsp;available,95.4
981327.F925_01929,bamA,Outer&nbsp;membrane&nbsp;protein&nbsp;assembly&nbsp;factor&nbsp;BamA,95.2
981327.F925_02117,P800_01023,annotation&nbsp;not&nbsp;available,95.2
981327.F925_00658,P800_02630,annotation&nbsp;not&nbsp;available,95.1
981327.F925_01490,gatA,Glutamyl-tRNA(Gln)&nbsp;amidotransferase&nbsp;subunit&nbsp;A,95.1
981327.F925_00154,ENW26372.1,annotation&nbsp;not&nbsp;available,95.1
981327.F925_00526,atpD,ATP&nbsp;synthase&nbsp;subunit&nbsp;beta,95.0
981327.F925_01146,ENW25792.1,annotation&nbsp;not&nbsp;available,94.9
981327.F925_02118,F925_02118,annotation&nbsp;not&nbsp;available,94.9
981327.F925_00974,rplJ,50S&nbsp;ribosomal&nbsp;protein&nbsp;L10,94.7
981327.F925_02381,P800_01305,annotation&nbsp;not&nbsp;available,94.7
981327.F925_00472,P800_02786,annotation&nbsp;not&nbsp;available,94.7
981327.F925_00468,P800_02790,annotation&nbsp;not&nbsp;available,94.6
981327.F925_00291,rpsQ,30S&nbsp;ribosomal&nbsp;protein&nbsp;S17,94.6
981327.F925_00972,rplK,50S&nbsp;ribosomal&nbsp;protein&nbsp;L11,94.6
981327.F925_03069,ENW22982.1,annotation&nbsp;not&nbsp;available,94.5
981327.F925_01712,P800_00512,annotation&nbsp;not&nbsp;available,94.4
981327.F925_00282,rpmD,annotation&nbsp;not&nbsp;available,94.4
981327.F925_01119,ENW25765.1,annotation&nbsp;not&nbsp;available,94.3
981327.F925_00837,ftsZ,Cell&nbsp;division&nbsp;protein&nbsp;FtsZ,94.3
981327.F925_00094,ENW26675.1,annotation&nbsp;not&nbsp;available,94.3
981327.F925_02384,P800_01308,annotation&nbsp;not&nbsp;available,94.3
981327.F925_00960,P800_02346,annotation&nbsp;not&nbsp;available,94.2
981327.F925_02162,P800_01080,annotation&nbsp;not&nbsp;available,94.2
981327.F925_00298,rplW,50S&nbsp;ribosomal&nbsp;protein&nbsp;L23,94.0
981327.F925_00992,P800_02313,annotation&nbsp;not&nbsp;available,93.9
981327.F925_00549,P800_02708,annotation&nbsp;not&nbsp;available,93.9
981327.F925_02116,P800_01022,annotation&nbsp;not&nbsp;available,93.9
981327.F925_02470,mutL,DNA&nbsp;mismatch&nbsp;repair&nbsp;protein&nbsp;MutL,93.9
981327.F925_01443,ENW24788.1,annotation&nbsp;not&nbsp;available,93.9
981327.F925_02810,P800_01726,annotation&nbsp;not&nbsp;available,93.9
981327.F925_01814,purF,Amidophosphoribosyltransferase,93.7
981327.F925_00464,P800_02794,annotation&nbsp;not&nbsp;available,93.7
981327.F925_01989,P800_00808,annotation&nbsp;not&nbsp;available,93.5
981327.F925_01190,bamB,Outer&nbsp;membrane&nbsp;protein&nbsp;assembly&nbsp;factor&nbsp;BamB,93.5
981327.F925_01112,purU,Formyltetrahydrofolate&nbsp;deformylase,93.5
981327.F925_01745,argD,annotation&nbsp;not&nbsp;available,93.3
981327.F925_01360,P800_00089,annotation&nbsp;not&nbsp;available,93.2
981327.F925_01054,P800_02247,annotation&nbsp;not&nbsp;available,93.2
981327.F925_00108,mqo,annotation&nbsp;not&nbsp;available,93.1
981327.F925_02007,P800_00826,annotation&nbsp;not&nbsp;available,93.1
981327.F925_01817,P800_00629,annotation&nbsp;not&nbsp;available,93.0
981327.F925_01865,P800_00678,annotation&nbsp;not&nbsp;available,93.0
981327.F925_01909,purD,annotation&nbsp;not&nbsp;available,93.0
981327.F925_02065,P800_00975,annotation&nbsp;not&nbsp;available,92.9
981327.F925_02547,P800_01466,annotation&nbsp;not&nbsp;available,92.8
981327.F925_01874,P800_00686,Transketolase,92.8
981327.F925_02027,P800_00844,Biotin&nbsp;carboxyl&nbsp;carrier&nbsp;protein&nbsp;of&nbsp;acetyl-CoA&nbsp;carboxylase,92.8
981327.F925_01244,infC,Translation&nbsp;initiation&nbsp;factor&nbsp;IF-3,92.7
981327.F925_02191,P800_01109,annotation&nbsp;not&nbsp;available,92.6
981327.F925_02638,P800_01547,L-aspartate&nbsp;oxidase,92.6
981327.F925_01358,rpmF,annotation&nbsp;not&nbsp;available,92.5
981327.F925_02414,P800_01337,Transaldolase,92.5
981327.F925_01646,ENW24987.1,annotation&nbsp;not&nbsp;available,92.5
981327.F925_00514,def,Peptide&nbsp;deformylase,92.3
981327.F925_01147,ackA,Acetate&nbsp;kinase,92.3
981327.F925_01489,gatB,Aspartyl/glutamyl-tRNA(Asn/Gln)&nbsp;amidotransferase&nbsp;subunit&nbsp;B,92.3
981327.F925_02110,P800_01016,annotation&nbsp;not&nbsp;available,92.2
981327.F925_01430,ENW24775.1,annotation&nbsp;not&nbsp;available,92.2
981327.F925_02735,ahcY,Adenosylhomocysteinase,92.2
981327.F925_01573,P800_00286,annotation&nbsp;not&nbsp;available,92.2
981327.F925_00364,rplS,50S&nbsp;ribosomal&nbsp;protein&nbsp;L19,92.2
981327.F925_00864,P800_02415,annotation&nbsp;not&nbsp;available,92.1
981327.F925_01258,F925_01258,annotation&nbsp;not&nbsp;available,92.1
981327.F925_02373,prfA,Peptide&nbsp;chain&nbsp;release&nbsp;factor&nbsp;1,92.0
981327.F925_00660,dapB,4-hydroxy-tetrahydrodipicolinate&nbsp;reductase,91.9
981327.F925_02716,P800_01627,annotation&nbsp;not&nbsp;available,91.7
981327.F925_01239,P800_02052,Tryptophan&nbsp;synthase&nbsp;beta&nbsp;chain,91.7
981327.F925_01441,ENW24786.1,annotation&nbsp;not&nbsp;available,91.4
981327.F925_01375,fusA,Elongation&nbsp;factor&nbsp;G,91.4
981327.F925_02786,P800_01700,annotation&nbsp;not&nbsp;available,91.2
981327.F925_00483,P800_02775,annotation&nbsp;not&nbsp;available,91.2
981327.F925_02243,recR,Recombination&nbsp;protein&nbsp;RecR,91.2
981327.F925_01391,dut,Deoxyuridine&nbsp;5'-triphosphate&nbsp;nucleotidohydrolase,91.1
981327.F925_02905,ENW23030.1,annotation&nbsp;not&nbsp;available,91.1
981327.F925_02784,dnaG,DNA&nbsp;primase,91.1
981327.F925_01432,ENW24777.1,annotation&nbsp;not&nbsp;available,91.0
981327.F925_00757,P800_02530,annotation&nbsp;not&nbsp;available,90.9
981327.F925_02440,P800_01362,Integration&nbsp;host&nbsp;factor&nbsp;subunit&nbsp;beta,90.8
981327.F925_02455,P800_01377,annotation&nbsp;not&nbsp;available,90.8
981327.F925_00970,secE,Protein&nbsp;translocase&nbsp;subunit&nbsp;SecE,90.8
981327.F925_00471,gpmI,"2,3-bisphosphoglycerate-independent&nbsp;phosphoglycerate&nbsp;mutase",90.5
981327.F925_02648,cysA,Sulfate/thiosulfate&nbsp;import&nbsp;ATP-binding&nbsp;protein&nbsp;CysA,90.4
981327.F925_01703,ENW25035.1,annotation&nbsp;not&nbsp;available,90.3
981327.F925_00962,P800_02344,annotation&nbsp;not&nbsp;available,90.3
981327.F925_01917,gidA,tRNA&nbsp;uridine&nbsp;5-carboxymethylaminomethyl&nbsp;modification&nbsp;enzyme&nbsp;MnmG,90.2
981327.F925_01381,P800_00108,annotation&nbsp;not&nbsp;available,90.2
981327.F925_03010,nadA,Quinolinate&nbsp;synthase&nbsp;A,90.1
981327.F925_02923,nuoB,NADH-quinone&nbsp;oxidoreductase&nbsp;subunit&nbsp;B,90.1
981327.F925_02091,P800_00997,annotation&nbsp;not&nbsp;available,90.0
981327.F925_01724,P800_00525,annotation&nbsp;not&nbsp;available,90.0
981327.F925_01921,P800_00736,annotation&nbsp;not&nbsp;available,90.0
981327.F925_01227,P800_02063,annotation&nbsp;not&nbsp;available,90.0
981327.F925_01665,P800_00389,annotation&nbsp;not&nbsp;available,89.9
981327.F925_01899,F925_01899,Ferredoxin,89.8
981327.F925_01336,ligA,DNA&nbsp;ligase,89.7
981327.F925_02037,fumC,Fumarate&nbsp;hydratase&nbsp;class&nbsp;II,89.6
981327.F925_00433,P800_02825,annotation&nbsp;not&nbsp;available,89.6
981327.F925_02175,gcvH,Glycine&nbsp;cleavage&nbsp;system&nbsp;H&nbsp;protein,89.5
981327.F925_00778,P800_02509,annotation&nbsp;not&nbsp;available,89.5
981327.F925_01214,P800_02076,annotation&nbsp;not&nbsp;available,89.4
981327.F925_00975,rplL,50S&nbsp;ribosomal&nbsp;protein&nbsp;L7/L12,89.4
981327.F925_00709,F925_00709,annotation&nbsp;not&nbsp;available,89.3
981327.F925_02916,P800_01837,annotation&nbsp;not&nbsp;available,89.2
981327.F925_00796,P800_02489,annotation&nbsp;not&nbsp;available,89.2
981327.F925_01786,P800_00599,annotation&nbsp;not&nbsp;available,89.0
981327.F925_02387,rpsR,30S&nbsp;ribosomal&nbsp;protein&nbsp;S18,89.0
981327.F925_01320,P800_00049,Phenylacetate-coenzyme&nbsp;A&nbsp;ligase,88.9
981327.F925_01577,P800_00290,annotation&nbsp;not&nbsp;available,88.9
981327.F925_00945,uvrC,UvrABC&nbsp;system&nbsp;protein&nbsp;C,88.8
981327.F925_00200,lldD,L-lactate&nbsp;dehydrogenase,88.7
981327.F925_03039,P800_01984,annotation&nbsp;not&nbsp;available,88.6
981327.F925_02695,purN,Phosphoribosylglycinamide&nbsp;formyltransferase,88.6
981327.F925_01442,ENW24787.1,annotation&nbsp;not&nbsp;available,88.6
981327.F925_00973,rplA,50S&nbsp;ribosomal&nbsp;protein&nbsp;L1,88.6
981327.F925_00544,P800_02713,annotation&nbsp;not&nbsp;available,88.5
981327.F925_01053,ENW25699.1,annotation&nbsp;not&nbsp;available,88.5
981327.F925_00272,P800_02989,annotation&nbsp;not&nbsp;available,88.4
981327.F925_00608,maeA,annotation&nbsp;not&nbsp;available,88.4
981327.F925_01931,ENW24231.1,annotation&nbsp;not&nbsp;available,88.1
981327.F925_01440,ENW24785.1,annotation&nbsp;not&nbsp;available,88.1
981327.F925_01173,lptE,LPS-assembly&nbsp;lipoprotein&nbsp;LptE,88.0
981327.F925_01940,P800_00755,annotation&nbsp;not&nbsp;available,87.8
981327.F925_01674,ENW25011.1,annotation&nbsp;not&nbsp;available,87.7
981327.F925_01207,ilvE,Branched-chain-amino-acid&nbsp;aminotransferase,87.7
981327.F925_01315,P800_00044,annotation&nbsp;not&nbsp;available,87.6
981327.F925_01906,P800_00717,annotation&nbsp;not&nbsp;available,87.5
981327.F925_01534,P800_00249,annotation&nbsp;not&nbsp;available,87.5
981327.F925_00862,ENW25518.1,annotation&nbsp;not&nbsp;available,87.3
981327.F925_00552,P800_02705,annotation&nbsp;not&nbsp;available,87.1
981327.F925_01570,P800_00283,annotation&nbsp;not&nbsp;available,87.1
981327.F925_02061,P800_00971,annotation&nbsp;not&nbsp;available,87.0
981327.F925_00401,murF,UDP-N-acetylmuramoyl-tripeptide--D-alanyl-D-alanine&nbsp;ligase,87.0
981327.F925_02028,aroQ,3-dehydroquinate&nbsp;dehydratase,87.0
981327.F925_01339,P800_00066,Bacterioferritin,86.9
981327.F925_00976,rpoB,DNA-directed&nbsp;RNA&nbsp;polymerase&nbsp;subunit&nbsp;beta,86.9
981327.F925_01178,ilvC,Ketol-acid&nbsp;reductoisomerase&nbsp;(NADP(+)),86.6
981327.F925_00941,fadA,3-ketoacyl-CoA&nbsp;thiolase,86.5
981327.F925_01575,P800_00288,annotation&nbsp;not&nbsp;available,86.3
981327.F925_00605,ENW26121.1,annotation&nbsp;not&nbsp;available,86.3
981327.F925_00880,P800_02398,Single-stranded&nbsp;DNA-binding&nbsp;protein,86.1
981327.F925_01055,P800_02246,Acetaldehyde&nbsp;dehydrogenase,86.1
981327.F925_02987,P800_01926,annotation&nbsp;not&nbsp;available,86.0
981327.F925_02382,P800_01306,annotation&nbsp;not&nbsp;available,86.0
981327.F925_00467,P800_02791,annotation&nbsp;not&nbsp;available,85.9
981327.F925_01890,P800_00701,annotation&nbsp;not&nbsp;available,85.9
981327.F925_00760,P800_02527,annotation&nbsp;not&nbsp;available,85.8
981327.F925_01287,P800_00012,annotation&nbsp;not&nbsp;available,85.8
981327.F925_00303,ENW26180.1,annotation&nbsp;not&nbsp;available,85.7
981327.F925_02409,P800_01333,annotation&nbsp;not&nbsp;available,85.7
981327.F925_01780,P800_00593,annotation&nbsp;not&nbsp;available,85.7
981327.F925_00254,P800_03008,annotation&nbsp;not&nbsp;available,85.6
981327.F925_02793,rplY,50S&nbsp;ribosomal&nbsp;protein&nbsp;L25,85.3
981327.F925_01174,leuS,annotation&nbsp;not&nbsp;available,85.3
981327.F925_01073,P800_02228,annotation&nbsp;not&nbsp;available,85.3
981327.F925_01005,ENW25652.1,annotation&nbsp;not&nbsp;available,85.2
981327.F925_02123,P800_01029,annotation&nbsp;not&nbsp;available,85.2
981327.F925_01702,P800_00499,annotation&nbsp;not&nbsp;available,85.2
981327.F925_02062,P800_00972,annotation&nbsp;not&nbsp;available,85.1
981327.F925_00528,atpA,ATP&nbsp;synthase&nbsp;subunit&nbsp;alpha,85.1
981327.F925_00161,P800_00573,annotation&nbsp;not&nbsp;available,85.0
981327.F925_00299,rplD,50S&nbsp;ribosomal&nbsp;protein&nbsp;L4,84.9
981327.F925_00319,P800_02942,annotation&nbsp;not&nbsp;available,84.7
981327.F925_00428,nusA,Transcription&nbsp;termination/antitermination&nbsp;protein&nbsp;NusA,84.6
981327.F925_00481,nrdR,Transcriptional&nbsp;repressor&nbsp;NrdR,84.5
981327.F925_00613,nusB,Transcription&nbsp;antitermination&nbsp;protein&nbsp;NusB,84.4
981327.F925_01083,leuB,3-isopropylmalate&nbsp;dehydrogenase,84.4
981327.F925_00589,ENW26105.1,annotation&nbsp;not&nbsp;available,84.3
981327.F925_02369,P800_01293,annotation&nbsp;not&nbsp;available,84.3
981327.F925_02209,P800_01127,annotation&nbsp;not&nbsp;available,84.3
981327.F925_01571,P800_00284,annotation&nbsp;not&nbsp;available,84.2
981327.F925_01162,rsgA,Small&nbsp;ribosomal&nbsp;subunit&nbsp;biogenesis&nbsp;GTPase&nbsp;RsgA,84.2
981327.F925_01159,secB,Protein-export&nbsp;protein&nbsp;SecB,84.2
981327.F925_01599,groS,10&nbsp;kDa&nbsp;chaperonin,84.2
981327.F925_01680,trpD,Anthranilate&nbsp;phosphoribosyltransferase,84.2
981327.F925_00629,ENW25295.1,annotation&nbsp;not&nbsp;available,84.2
981327.F925_00614,thiL,Thiamine-monophosphate&nbsp;kinase,84.1
981327.F925_02145,P800_01065,annotation&nbsp;not&nbsp;available,84.1
981327.F925_01313,P800_00042,annotation&nbsp;not&nbsp;available,84.0
981327.F925_00416,hisI,annotation&nbsp;not&nbsp;available,84.0
981327.F925_03024,P800_01968,annotation&nbsp;not&nbsp;available,84.0
981327.F925_00276,rpsD,30S&nbsp;ribosomal&nbsp;protein&nbsp;S4,84.0
981327.F925_02000,clpS,ATP-dependent&nbsp;Clp&nbsp;protease&nbsp;adapter&nbsp;protein&nbsp;ClpS,84.0
981327.F925_02820,P800_01736,annotation&nbsp;not&nbsp;available,83.9
981327.F925_02032,P800_00916,Sulfurtransferase,83.9
981327.F925_01312,P800_00041,annotation&nbsp;not&nbsp;available,83.7
981327.F925_02430,glcB,Malate&nbsp;synthase&nbsp;G,83.7
981327.F925_00736,purK,N5-carboxyaminoimidazole&nbsp;ribonucleotide&nbsp;synthase,83.6
981327.F925_00402,murE,"UDP-N-acetylmuramoyl-L-alanyl-D-glutamate--2,6-diaminopimelate&nbsp;ligase",83.5
981327.F925_02335,ENW23377.1,annotation&nbsp;not&nbsp;available,83.5
981327.F925_02087,P800_00993,annotation&nbsp;not&nbsp;available,83.5
981327.F925_02562,aroA,3-phosphoshikimate&nbsp;1-carboxyvinyltransferase,83.5
981327.F925_00611,ribB,"3,4-dihydroxy-2-butanone&nbsp;4-phosphate&nbsp;synthase",83.5
981327.F925_02144,P800_01064,annotation&nbsp;not&nbsp;available,83.4
981327.F925_01822,tsaD,tRNA&nbsp;N6-adenosine&nbsp;threonylcarbamoyltransferase,83.4
981327.F925_02921,F925_02921,annotation&nbsp;not&nbsp;available,83.2
981327.F925_00712,P800_02573,Beta&nbsp;sliding&nbsp;clamp,83.2
981327.F925_00059,P800_03223,Sensor&nbsp;protein,83.1
981327.F925_02792,prs,Ribose-phosphate&nbsp;pyrophosphokinase,83.1
981327.F925_00537,P800_02719,annotation&nbsp;not&nbsp;available,83.1
981327.F925_02685,fbp,annotation&nbsp;not&nbsp;available,83.1
981327.F925_02823,P800_01739,annotation&nbsp;not&nbsp;available,83.1
981327.F925_02913,P800_01834,annotation&nbsp;not&nbsp;available,82.9
981327.F925_01253,pheS,annotation&nbsp;not&nbsp;available,82.7
981327.F925_02647,P800_01556,annotation&nbsp;not&nbsp;available,82.6
981327.F925_01314,P800_00043,annotation&nbsp;not&nbsp;available,82.6
981327.F925_00461,F925_00461,annotation&nbsp;not&nbsp;available,82.4
981327.F925_02050,ENW24350.1,annotation&nbsp;not&nbsp;available,82.3
981327.F925_02229,ftsY,Signal&nbsp;recognition&nbsp;particle&nbsp;receptor&nbsp;FtsY,82.3
981327.F925_01530,P800_00247,annotation&nbsp;not&nbsp;available,82.3
981327.F925_00389,P800_02872,annotation&nbsp;not&nbsp;available,82.0
981327.F925_00527,atpG,ATP&nbsp;synthase&nbsp;gamma&nbsp;chain,82.0
981327.F925_00317,ENW26194.1,annotation&nbsp;not&nbsp;available,81.9
981327.F925_01749,P800_00547,Lactoylglutathione&nbsp;lyase,81.8
981327.F925_00488,ppa,Inorganic&nbsp;pyrophosphatase,81.8
981327.F925_00930,hisH,Imidazole&nbsp;glycerol&nbsp;phosphate&nbsp;synthase&nbsp;subunit&nbsp;HisH,81.8
981327.F925_02115,P800_01021,annotation&nbsp;not&nbsp;available,81.8
981327.F925_02237,P800_01154,Tryptophan&nbsp;synthase&nbsp;beta&nbsp;chain,81.7
981327.F925_01616,ENW24957.1,annotation&nbsp;not&nbsp;available,81.7
981327.F925_02245,metZ,O-succinylhomoserine&nbsp;sulfhydrylase,81.6
981327.F925_01751,rpmE,50S&nbsp;ribosomal&nbsp;protein&nbsp;L31,81.3
981327.F925_02429,P800_01352,annotation&nbsp;not&nbsp;available,81.2
981327.F925_01946,ENW24246.1,annotation&nbsp;not&nbsp;available,81.0
981327.F925_02841,ENW23873.1,annotation&nbsp;not&nbsp;available,81.0
981327.F925_01590,ENW24933.1,annotation&nbsp;not&nbsp;available,80.8
981327.F925_00304,ENW26181.1,annotation&nbsp;not&nbsp;available,80.8
981327.F925_03018,trpA,Tryptophan&nbsp;synthase&nbsp;alpha&nbsp;chain,80.6
981327.F925_02442,cmk,annotation&nbsp;not&nbsp;available,80.4
981327.F925_00836,ftsA,Cell&nbsp;division&nbsp;protein&nbsp;FtsA,80.4
981327.F925_01900,mutS,DNA&nbsp;mismatch&nbsp;repair&nbsp;protein&nbsp;MutS,80.4
981327.F925_00628,ENW25294.1,annotation&nbsp;not&nbsp;available,80.4
981327.F925_01721,P800_00522,annotation&nbsp;not&nbsp;available,80.3
981327.F925_01951,pgk,annotation&nbsp;not&nbsp;available,80.2
981327.F925_00699,grpE,Protein&nbsp;GrpE,80.2
981327.F925_01679,trpC,annotation&nbsp;not&nbsp;available,80.1
981327.F925_02199,ENW24499.1,annotation&nbsp;not&nbsp;available,80.1
981327.F925_03045,P800_01990,annotation&nbsp;not&nbsp;available,79.9
981327.F925_02886,metG,Methionine--tRNA&nbsp;ligase,79.9
981327.F925_01784,P800_00597,annotation&nbsp;not&nbsp;available,79.8
981327.F925_02938,P800_01872,annotation&nbsp;not&nbsp;available,79.7
981327.F925_01700,P800_00497,annotation&nbsp;not&nbsp;available,79.6
981327.F925_00250,P800_03013,annotation&nbsp;not&nbsp;available,79.5
981327.F925_01943,P800_00758,annotation&nbsp;not&nbsp;available,79.5
981327.F925_02924,nuoA,NADH-quinone&nbsp;oxidoreductase&nbsp;subunit&nbsp;A,79.5
981327.F925_02348,P800_01267,annotation&nbsp;not&nbsp;available,79.4
981327.F925_02009,ENW24309.1,annotation&nbsp;not&nbsp;available,79.3
981327.F925_00458,murD,UDP-N-acetylmuramoylalanine--D-glutamate&nbsp;ligase,79.3
981327.F925_02969,P800_01907,annotation&nbsp;not&nbsp;available,79.2
981327.F925_01965,P800_00784,Bifunctional&nbsp;protein&nbsp;PutA,79.1
981327.F925_00534,P800_02722,annotation&nbsp;not&nbsp;available,79.1
981327.F925_02549,P800_01468,annotation&nbsp;not&nbsp;available,78.9
981327.F925_01579,sucD,Succinate--CoA&nbsp;ligase&nbsp;[ADP-forming]&nbsp;subunit&nbsp;alpha,78.9
981327.F925_01080,leuC,3-isopropylmalate&nbsp;dehydratase&nbsp;large&nbsp;subunit,78.8
981327.F925_01722,P800_00523,annotation&nbsp;not&nbsp;available,78.8
981327.F925_00852,prfB,Peptide&nbsp;chain&nbsp;release&nbsp;factor&nbsp;2,78.8
981327.F925_02700,P800_01613,Lipoprotein-releasing&nbsp;system&nbsp;ATP-binding&nbsp;protein&nbsp;LolD,78.7
981327.F925_01550,P800_00263,Polyphosphate&nbsp;kinase,78.6
981327.F925_00548,P800_02709,annotation&nbsp;not&nbsp;available,78.6
981327.F925_03046,P800_01991,annotation&nbsp;not&nbsp;available,78.6
981327.F925_01359,P800_00088,annotation&nbsp;not&nbsp;available,78.6
981327.F925_01350,P800_00077,annotation&nbsp;not&nbsp;available,78.5
981327.F925_01348,P800_00075,annotation&nbsp;not&nbsp;available,78.5
981327.F925_01392,ENW24737.1,annotation&nbsp;not&nbsp;available,78.3
981327.F925_02259,eno,Enolase,78.2
981327.F925_00859,acsA,Acetyl-coenzyme&nbsp;A&nbsp;synthetase,78.2
981327.F925_01008,pnp,Polyribonucleotide&nbsp;nucleotidyltransferase,78.1
981327.F925_02646,P800_01555,annotation&nbsp;not&nbsp;available,78.1
981327.F925_00993,F925_00993,annotation&nbsp;not&nbsp;available,78.0
981327.F925_01905,P800_00716,annotation&nbsp;not&nbsp;available,78.0
981327.F925_00275,rpoA,DNA-directed&nbsp;RNA&nbsp;polymerase&nbsp;subunit&nbsp;alpha,78.0
981327.F925_01493,P800_00211,Cell&nbsp;shape-determining&nbsp;protein&nbsp;MreC,77.9
981327.F925_01250,rpmI,annotation&nbsp;not&nbsp;available,77.7
981327.F925_00294,rpsC,30S&nbsp;ribosomal&nbsp;protein&nbsp;S3,77.6
981327.F925_00301,rpsJ,30S&nbsp;ribosomal&nbsp;protein&nbsp;S10,77.5
981327.F925_02771,carA,annotation&nbsp;not&nbsp;available,77.4
981327.F925_01742,surE,5'-nucleotidase&nbsp;SurE,77.4
981327.F925_02919,P800_01840,annotation&nbsp;not&nbsp;available,77.2
981327.F925_02777,P800_01691,annotation&nbsp;not&nbsp;available,77.2
981327.F925_00797,psd,Phosphatidylserine&nbsp;decarboxylase&nbsp;proenzyme,77.2
981327.F925_02974,P800_01912,annotation&nbsp;not&nbsp;available,77.2
981327.F925_01042,glyQ,annotation&nbsp;not&nbsp;available,77.1
981327.F925_02914,P800_01835,annotation&nbsp;not&nbsp;available,77.1
981327.F925_01202,P800_02087,annotation&nbsp;not&nbsp;available,77.0
981327.F925_01902,P800_00713,annotation&nbsp;not&nbsp;available,77.0
981327.F925_01260,accA,Acetyl-coenzyme&nbsp;A&nbsp;carboxylase&nbsp;carboxyl&nbsp;transferase&nbsp;subunit&nbsp;alpha,77.0
981327.F925_01720,P800_00521,annotation&nbsp;not&nbsp;available,77.0
981327.F925_02564,P800_01482,annotation&nbsp;not&nbsp;available,76.8
981327.F925_02673,ruvA,Holliday&nbsp;junction&nbsp;ATP-dependent&nbsp;DNA&nbsp;helicase&nbsp;RuvA,76.8
981327.F925_02683,P800_01596,annotation&nbsp;not&nbsp;available,76.7
981327.F925_00799,argS,annotation&nbsp;not&nbsp;available,76.7
981327.F925_01576,P800_00289,Dihydrolipoyllysine-residue&nbsp;succinyltransferase&nbsp;component&nbsp;of&nbsp;2-oxoglutarate&nbsp;dehydrogenase&nbsp;complex,76.6
981327.F925_01972,P800_00791,annotation&nbsp;not&nbsp;available,76.6
981327.F925_02915,nuoK,NADH-quinone&nbsp;oxidoreductase&nbsp;subunit&nbsp;K,76.5
981327.F925_01787,P800_00600,annotation&nbsp;not&nbsp;available,76.5
981327.F925_02066,P800_00976,annotation&nbsp;not&nbsp;available,76.4
981327.F925_01154,prfC,Peptide&nbsp;chain&nbsp;release&nbsp;factor&nbsp;3,76.4
981327.F925_00942,P800_02365,Fatty&nbsp;acid&nbsp;oxidation&nbsp;complex&nbsp;subunit&nbsp;alpha,76.4
981327.F925_01444,ENW24789.1,annotation&nbsp;not&nbsp;available,76.4
981327.F925_01544,P800_00257,Carbonic&nbsp;anhydrase,76.4
981327.F925_00815,P800_02463,annotation&nbsp;not&nbsp;available,76.0
981327.F925_02389,P800_01313,Replicative&nbsp;DNA&nbsp;helicase,75.9
981327.F925_02126,P800_01032,annotation&nbsp;not&nbsp;available,75.8
981327.F925_00285,rplF,50S&nbsp;ribosomal&nbsp;protein&nbsp;L6,75.6
981327.F925_01979,P800_00798,annotation&nbsp;not&nbsp;available,75.6
981327.F925_01151,nagZ,Beta-hexosaminidase,75.5
981327.F925_02519,P800_01442,annotation&nbsp;not&nbsp;available,75.5
981327.F925_01251,rplT,50S&nbsp;ribosomal&nbsp;protein&nbsp;L20,75.5
981327.F925_00919,hisF,Imidazole&nbsp;glycerol&nbsp;phosphate&nbsp;synthase&nbsp;subunit&nbsp;HisF,75.4
981327.F925_00798,P800_02487,annotation&nbsp;not&nbsp;available,75.4
981327.F925_01661,pyrC,Dihydroorotase,75.3
981327.F925_02057,ENW24357.1,annotation&nbsp;not&nbsp;available,75.3
981327.F925_00735,purE,N5-carboxyaminoimidazole&nbsp;ribonucleotide&nbsp;mutase,75.2
981327.F925_02164,P800_01082,annotation&nbsp;not&nbsp;available,75.2
981327.F925_00393,P800_02868,annotation&nbsp;not&nbsp;available,75.1
981327.F925_02785,hemA,Glutamyl-tRNA&nbsp;reductase,75.1
981327.F925_00296,rpsS,30S&nbsp;ribosomal&nbsp;protein&nbsp;S19,75.1
981327.F925_02672,P800_01584,annotation&nbsp;not&nbsp;available,75.0
981327.F925_01254,pheT,annotation&nbsp;not&nbsp;available,75.0
981327.F925_01723,P800_00524,Phosphate&nbsp;transport&nbsp;system&nbsp;permease&nbsp;protein,75.0
981327.F925_00178,F925_00178,annotation&nbsp;not&nbsp;available,74.8
981327.F925_02006,prpB,2-methylisocitrate&nbsp;lyase,74.7
981327.F925_02180,P800_01099,annotation&nbsp;not&nbsp;available,74.7
981327.F925_00624,ENW25290.1,annotation&nbsp;not&nbsp;available,74.7
981327.F925_02629,P800_01538,annotation&nbsp;not&nbsp;available,74.6
981327.F925_01411,glpK,Glycerol&nbsp;kinase,74.6
981327.F925_01132,P800_02168,dITP/XTP&nbsp;pyrophosphatase,74.6
981327.F925_01995,ilvA,L-threonine&nbsp;dehydratase,74.5
981327.F925_01613,adk,Adenylate&nbsp;kinase,74.4
981327.F925_02026,P800_00843,annotation&nbsp;not&nbsp;available,74.2
981327.F925_01932,fabZ,3-hydroxyacyl-[acyl-carrier-protein]&nbsp;dehydratase&nbsp;FabZ,74.2
981327.F925_02825,P800_01741,annotation&nbsp;not&nbsp;available,74.2
981327.F925_02195,P800_01114,annotation&nbsp;not&nbsp;available,74.1
981327.F925_01060,P800_02241,annotation&nbsp;not&nbsp;available,73.9
981327.F925_00646,ENW25312.1,annotation&nbsp;not&nbsp;available,73.8
981327.F925_00630,ENW25296.1,annotation&nbsp;not&nbsp;available,73.8
981327.F925_01872,metK,S-adenosylmethionine&nbsp;synthase,73.8
981327.F925_00617,glmS,Glutamine--fructose-6-phosphate&nbsp;aminotransferase&nbsp;[isomerizing],73.8
981327.F925_02999,rplM,50S&nbsp;ribosomal&nbsp;protein&nbsp;L13,73.7
981327.F925_01168,macB,Macrolide&nbsp;export&nbsp;ATP-binding/permease&nbsp;protein&nbsp;MacB,73.6
981327.F925_02102,betB,NAD/NADP-dependent&nbsp;betaine&nbsp;aldehyde&nbsp;dehydrogenase,73.5
981327.F925_02516,purT,Formate-dependent&nbsp;phosphoribosylglycinamide&nbsp;formyltransferase,73.2
981327.F925_00875,uvrA,UvrABC&nbsp;system&nbsp;protein&nbsp;A,73.0
981327.F925_00375,ispH,4-hydroxy-3-methylbut-2-enyl&nbsp;diphosphate&nbsp;reductase,73.0
981327.F925_01271,P800_02019,annotation&nbsp;not&nbsp;available,72.9
981327.F925_01798,P800_00610,annotation&nbsp;not&nbsp;available,72.8
981327.F925_01973,P800_00792,annotation&nbsp;not&nbsp;available,72.8
981327.F925_01936,recA,Protein&nbsp;RecA,72.7
981327.F925_01717,proB,Glutamate&nbsp;5-kinase,72.4
981327.F925_01942,rpsT,30S&nbsp;ribosomal&nbsp;protein&nbsp;S20,72.4
981327.F925_00398,P800_02863,annotation&nbsp;not&nbsp;available,72.4
981327.F925_01393,argB,Acetylglutamate&nbsp;kinase,72.4
981327.F925_00465,P800_02793,Threonine&nbsp;synthase,72.4
981327.F925_00307,ENW26184.1,annotation&nbsp;not&nbsp;available,72.2
981327.F925_02190,ENW24490.1,annotation&nbsp;not&nbsp;available,72.2
981327.F925_02918,nuoH,NADH-quinone&nbsp;oxidoreductase&nbsp;subunit&nbsp;H,72.1
981327.F925_02451,P800_01373,annotation&nbsp;not&nbsp;available,72.0
981327.F925_01129,ENW25775.1,annotation&nbsp;not&nbsp;available,71.9
981327.F925_01160,P800_02138,Glutaredoxin,71.8
981327.F925_01081,ENW25727.1,annotation&nbsp;not&nbsp;available,71.7
981327.F925_01923,pyrH,Uridylate&nbsp;kinase,71.7
981327.F925_01644,P800_00365,annotation&nbsp;not&nbsp;available,71.7
981327.F925_00963,trpE,Anthranilate&nbsp;synthase&nbsp;component&nbsp;1,71.7
981327.F925_00842,P800_02436,annotation&nbsp;not&nbsp;available,71.6
981327.F925_01773,F925_01773,annotation&nbsp;not&nbsp;available,71.5
981327.F925_02518,P800_01441,annotation&nbsp;not&nbsp;available,71.4
981327.F925_03032,secD,Protein&nbsp;translocase&nbsp;subunit&nbsp;SecD,71.3
981327.F925_01551,ENW24895.1,annotation&nbsp;not&nbsp;available,71.2
981327.F925_01947,ENW24247.1,annotation&nbsp;not&nbsp;available,71.2
981327.F925_00474,pepA,Probable&nbsp;cytosol&nbsp;aminopeptidase,71.0
981327.F925_01144,P800_02155,Fumarate&nbsp;hydratase&nbsp;class&nbsp;I,70.8
981327.F925_02928,P800_01849,Ribonucleoside-diphosphate&nbsp;reductase,70.7
981327.F925_02466,lptD,LPS-assembly&nbsp;protein&nbsp;LptD,70.7
981327.F925_02620,rpsB,annotation&nbsp;not&nbsp;available,70.7
981327.F925_00179,P800_03144,annotation&nbsp;not&nbsp;available,70.6
981327.F925_03017,accD,Acetyl-coenzyme&nbsp;A&nbsp;carboxylase&nbsp;carboxyl&nbsp;transferase&nbsp;subunit&nbsp;beta,70.6
981327.F925_00378,P800_02885,annotation&nbsp;not&nbsp;available,70.6
981327.F925_00681,P800_02604,annotation&nbsp;not&nbsp;available,70.6
981327.F925_00752,ileS,Isoleucine--tRNA&nbsp;ligase,70.5
981327.F925_02571,P800_01489,Penicillin-binding&nbsp;protein&nbsp;1B,70.5
981327.F925_00502,dinB,DNA&nbsp;polymerase&nbsp;IV,70.5
981327.F925_02881,dcd,annotation&nbsp;not&nbsp;available,70.4
981327.F925_01243,thrS,Threonine--tRNA&nbsp;ligase,70.4
981327.F925_01386,minC,Probable&nbsp;septum&nbsp;site-determining&nbsp;protein&nbsp;MinC,70.4
981327.F925_01584,cysN,Sulfate&nbsp;adenylyltransferase&nbsp;subunit&nbsp;1,70.4
981327.F925_00952,hemC,Porphobilinogen&nbsp;deaminase,70.3
981327.F925_01108,rpmG,annotation&nbsp;not&nbsp;available,70.3
981327.F925_00283,rpsE,30S&nbsp;ribosomal&nbsp;protein&nbsp;S5,70.2
981327.F925_02926,P800_01847,annotation&nbsp;not&nbsp;available,70.2
981327.F925_01491,gatC,Aspartyl/glutamyl-tRNA(Asn/Gln)&nbsp;amidotransferase&nbsp;subunit&nbsp;C,70.2
981327.F925_03013,secA,Protein&nbsp;translocase&nbsp;subunit&nbsp;SecA,70.1
981327.F925_02386,rpsF,30S&nbsp;ribosomal&nbsp;protein&nbsp;S6,70.0
981327.F925_03044,P800_01989,NAD(P)&nbsp;transhydrogenase&nbsp;subunit&nbsp;beta,70.0
981327.F925_02912,nuoN,NADH-quinone&nbsp;oxidoreductase&nbsp;subunit&nbsp;N,69.9
981327.F925_00044,F925_00044,annotation&nbsp;not&nbsp;available,69.9
981327.F925_00664,dnaJ,Chaperone&nbsp;protein&nbsp;DnaJ,69.8
981327.F925_01004,recC,RecBCD&nbsp;enzyme&nbsp;subunit&nbsp;RecC,69.8
981327.F925_02122,P800_01028,Molybdenum&nbsp;cofactor&nbsp;guanylyltransferase,69.8
981327.F925_01953,P800_00769,annotation&nbsp;not&nbsp;available,69.7
981327.F925_01169,P800_02129,annotation&nbsp;not&nbsp;available,69.7
981327.F925_01477,P800_00198,annotation&nbsp;not&nbsp;available,69.6
981327.F925_00530,atpF,ATP&nbsp;synthase&nbsp;subunit&nbsp;b,69.6
981327.F925_01821,rpsU,annotation&nbsp;not&nbsp;available,69.6
981327.F925_01051,ENW25697.1,annotation&nbsp;not&nbsp;available,69.6
981327.F925_00536,znuC,Zinc&nbsp;import&nbsp;ATP-binding&nbsp;protein&nbsp;ZnuC,69.6
981327.F925_00162,P800_00574,annotation&nbsp;not&nbsp;available,69.4
981327.F925_01299,uppP,Undecaprenyl-diphosphatase,69.3
981327.F925_01838,gloB,Hydroxyacylglutathione&nbsp;hydrolase,69.2
981327.F925_01327,ffh,Signal&nbsp;recognition&nbsp;particle&nbsp;protein,69.1
981327.F925_01056,P800_02245,4-hydroxy-2-oxovalerate&nbsp;aldolase,69.1
981327.F925_00321,P800_02940,annotation&nbsp;not&nbsp;available,69.1
981327.F925_00732,P800_02553,annotation&nbsp;not&nbsp;available,69.1
981327.F925_01924,frr,Ribosome-recycling&nbsp;factor,69.1
981327.F925_02036,P800_00920,annotation&nbsp;not&nbsp;available,68.9
981327.F925_02806,rpoD,RNA&nbsp;polymerase&nbsp;sigma&nbsp;factor&nbsp;RpoD,68.9
981327.F925_02736,P800_01648,annotation&nbsp;not&nbsp;available,68.8
981327.F925_00553,guaA,GMP&nbsp;synthase&nbsp;[glutamine-hydrolyzing],68.7
981327.F925_00271,P800_02990,annotation&nbsp;not&nbsp;available,68.6
981327.F925_01225,P800_02065,annotation&nbsp;not&nbsp;available,68.6
981327.F925_01879,ENW24180.1,annotation&nbsp;not&nbsp;available,68.6
981327.F925_00403,ftsI,"Peptidoglycan&nbsp;D,D-transpeptidase&nbsp;FtsI",68.5
981327.F925_00287,rpsN,30S&nbsp;ribosomal&nbsp;protein&nbsp;S14,68.4
981327.F925_00400,mraY,Phospho-N-acetylmuramoyl-pentapeptide-transferase,68.3
981327.F925_00318,P800_02943,annotation&nbsp;not&nbsp;available,68.2
981327.F925_00422,P800_02838,annotation&nbsp;not&nbsp;available,68.1
981327.F925_02265,P800_01184,annotation&nbsp;not&nbsp;available,68.0
981327.F925_01960,glnS,annotation&nbsp;not&nbsp;available,67.9
981327.F925_00427,infB,Translation&nbsp;initiation&nbsp;factor&nbsp;IF-2,67.9
981327.F925_00295,rplV,50S&nbsp;ribosomal&nbsp;protein&nbsp;L22,67.9
981327.F925_02868,P800_01789,annotation&nbsp;not&nbsp;available,67.8
981327.F925_01847,thiE,Thiamine-phosphate&nbsp;synthase,67.8
981327.F925_02205,P800_01123,Phospho-2-dehydro-3-deoxyheptonate&nbsp;aldolase,67.7
981327.F925_01808,gpsA,annotation&nbsp;not&nbsp;available,67.7
981327.F925_03011,argJ,Arginine&nbsp;biosynthesis&nbsp;bifunctional&nbsp;protein&nbsp;ArgJ,67.6
981327.F925_01041,glyS,annotation&nbsp;not&nbsp;available,67.5
981327.F925_01272,F925_01272,annotation&nbsp;not&nbsp;available,67.3
981327.F925_02917,nuoI,NADH-quinone&nbsp;oxidoreductase&nbsp;subunit&nbsp;I,67.3
981327.F925_02218,P800_01136,annotation&nbsp;not&nbsp;available,67.1
981327.F925_02808,lipB,Octanoyltransferase,66.8
981327.F925_01578,sucC,Succinate--CoA&nbsp;ligase&nbsp;[ADP-forming]&nbsp;subunit&nbsp;beta,66.8
981327.F925_02570,nadK,NAD&nbsp;kinase,66.8
981327.F925_01848,hemL,annotation&nbsp;not&nbsp;available,66.7
981327.F925_02422,P800_01345,annotation&nbsp;not&nbsp;available,66.7
981327.F925_01006,ENW25653.1,annotation&nbsp;not&nbsp;available,66.7
981327.F925_00228,P800_03034,annotation&nbsp;not&nbsp;available,66.7
981327.F925_00700,dnaK,Chaperone&nbsp;protein&nbsp;DnaK,66.7
981327.F925_03033,secF,Protein-export&nbsp;membrane&nbsp;protein&nbsp;SecF,66.7
981327.F925_00278,rpsM,30S&nbsp;ribosomal&nbsp;protein&nbsp;S13,66.7
981327.F925_01311,P800_00040,annotation&nbsp;not&nbsp;available,66.6
981327.F925_01148,proA,Gamma-glutamyl&nbsp;phosphate&nbsp;reductase,66.6
981327.F925_02873,P800_01794,annotation&nbsp;not&nbsp;available,66.6
981327.F925_02396,P800_01320,annotation&nbsp;not&nbsp;available,66.6
981327.F925_01158,P800_02140,annotation&nbsp;not&nbsp;available,66.6
981327.F925_01574,P800_00287,annotation&nbsp;not&nbsp;available,66.5
981327.F925_02541,purA,Adenylosuccinate&nbsp;synthetase,66.5
981327.F925_01153,ENW25799.1,annotation&nbsp;not&nbsp;available,66.4
981327.F925_01930,P800_00745,annotation&nbsp;not&nbsp;available,66.4
981327.F925_02856,ENW23888.1,annotation&nbsp;not&nbsp;available,66.3
981327.F925_01779,pyrB,annotation&nbsp;not&nbsp;available,66.3
981327.F925_00201,P800_03110,annotation&nbsp;not&nbsp;available,66.3
981327.F925_00381,P800_02881,Bacterioferritin,66.3
981327.F925_02536,P800_01455,annotation&nbsp;not&nbsp;available,66.3
981327.F925_00223,P800_03076,annotation&nbsp;not&nbsp;available,66.1
981327.F925_01172,ENW25818.1,annotation&nbsp;not&nbsp;available,66.1
981327.F925_01823,P800_00635,annotation&nbsp;not&nbsp;available,66.0
981327.F925_02818,rpmA,annotation&nbsp;not&nbsp;available,65.8
981327.F925_02568,P800_01486,annotation&nbsp;not&nbsp;available,65.8
981327.F925_02252,P800_01170,annotation&nbsp;not&nbsp;available,65.6
981327.F925_02783,bamD,Outer&nbsp;membrane&nbsp;protein&nbsp;assembly&nbsp;factor&nbsp;BamD,65.5
981327.F925_03031,P800_01976,annotation&nbsp;not&nbsp;available,65.4
981327.F925_01732,mnmA,tRNA-specific&nbsp;2-thiouridylase&nbsp;MnmA,65.4
981327.F925_02352,P800_01272,Exodeoxyribonuclease&nbsp;7&nbsp;large&nbsp;subunit,65.4
981327.F925_02871,P800_01792,annotation&nbsp;not&nbsp;available,65.3
981327.F925_01304,P800_00033,annotation&nbsp;not&nbsp;available,65.3
981327.F925_02717,P800_01628,annotation&nbsp;not&nbsp;available,65.3
981327.F925_00846,guaB,Inosine-5'-monophosphate&nbsp;dehydrogenase,65.3
981327.F925_01802,rpoH,annotation&nbsp;not&nbsp;available,65.1
981327.F925_01288,ENW24633.1,annotation&nbsp;not&nbsp;available,65.0
981327.F925_00409,gltX,Glutamate--tRNA&nbsp;ligase,65.0
981327.F925_00482,P800_02776,annotation&nbsp;not&nbsp;available,64.9
981327.F925_00877,P800_02401,Aminopyrimidine&nbsp;aminohydrolase,64.9
981327.F925_00774,P800_02513,annotation&nbsp;not&nbsp;available,64.8
981327.F925_02125,P800_01031,annotation&nbsp;not&nbsp;available,64.8
981327.F925_01395,P800_00125,annotation&nbsp;not&nbsp;available,64.7
981327.F925_01785,P800_00598,annotation&nbsp;not&nbsp;available,64.5
981327.F925_02114,P800_01020,annotation&nbsp;not&nbsp;available,64.4
981327.F925_02692,P800_01605,annotation&nbsp;not&nbsp;available,64.3
981327.F925_02661,P800_01570,annotation&nbsp;not&nbsp;available,64.2
981327.F925_02362,P800_01286,annotation&nbsp;not&nbsp;available,64.2
981327.F925_02194,ENW24494.1,annotation&nbsp;not&nbsp;available,64.2
981327.F925_02024,P800_00841,annotation&nbsp;not&nbsp;available,64.1
981327.F925_01171,ENW25817.1,annotation&nbsp;not&nbsp;available,64.0
981327.F925_01316,P800_00045,annotation&nbsp;not&nbsp;available,64.0
981327.F925_00079,ENW26761.1,annotation&nbsp;not&nbsp;available,64.0
981327.F925_00841,P800_02437,Pyruvate&nbsp;dehydrogenase&nbsp;E1&nbsp;component,63.9
981327.F925_02920,P800_01841,NADH-quinone&nbsp;oxidoreductase&nbsp;subunit&nbsp;F,63.8
981327.F925_02379,P800_01303,Phosphoenolpyruvate&nbsp;synthase,63.8
981327.F925_00325,ribA,GTP&nbsp;cyclohydrolase-2,63.8
981327.F925_00648,ENW25314.1,annotation&nbsp;not&nbsp;available,63.8
981327.F925_02566,P800_01484,annotation&nbsp;not&nbsp;available,63.6
981327.F925_01978,iscS,Cysteine&nbsp;desulfurase&nbsp;IscS,63.6
981327.F925_00453,cpdA,"3',5'-cyclic&nbsp;adenosine&nbsp;monophosphate&nbsp;phosphodiesterase&nbsp;CpdA",63.4
981327.F925_02931,P800_01852,Ribonucleoside-diphosphate&nbsp;reductase&nbsp;subunit&nbsp;beta,63.4
981327.F925_01472,ENW24817.1,annotation&nbsp;not&nbsp;available,63.1
981327.F925_00639,ENW25305.1,annotation&nbsp;not&nbsp;available,63.0
981327.F925_01739,P800_00537,annotation&nbsp;not&nbsp;available,62.9
981327.F925_02119,F925_02119,annotation&nbsp;not&nbsp;available,62.8
981327.F925_00781,P800_02506,annotation&nbsp;not&nbsp;available,62.8
981327.F925_00671,P800_02615,annotation&nbsp;not&nbsp;available,62.8
981327.F925_00612,ribH,"6,7-dimethyl-8-ribityllumazine&nbsp;synthase",62.8
981327.F925_02902,ENW23027.1,annotation&nbsp;not&nbsp;available,62.7
981327.F925_01996,rpiA,Ribose-5-phosphate&nbsp;isomerase&nbsp;A,62.7
981327.F925_01238,ENW25174.1,annotation&nbsp;not&nbsp;available,62.6
981327.F925_02622,P800_01530,annotation&nbsp;not&nbsp;available,62.6
981327.F925_02714,gyrA,DNA&nbsp;gyrase&nbsp;subunit&nbsp;A,62.6
981327.F925_01499,P800_00217,"5'-adenylylsulfate&nbsp;reductase,&nbsp;thioredoxin-independent",62.5
981327.F925_00676,fmt,Methionyl-tRNA&nbsp;formyltransferase,62.5
981327.F925_00447,P800_02811,Phosphate-specific&nbsp;transport&nbsp;system&nbsp;accessory&nbsp;protein&nbsp;PhoU,62.5
981327.F925_00202,P800_03109,annotation&nbsp;not&nbsp;available,62.5
981327.F925_00478,P800_02780,annotation&nbsp;not&nbsp;available,62.4
981327.F925_02870,P800_01791,annotation&nbsp;not&nbsp;available,62.4
981327.F925_02527,ENW23568.1,annotation&nbsp;not&nbsp;available,62.2
981327.F925_02095,P800_01001,annotation&nbsp;not&nbsp;available,62.2
981327.F925_02674,ruvB,Holliday&nbsp;junction&nbsp;ATP-dependent&nbsp;DNA&nbsp;helicase&nbsp;RuvB,62.1
981327.F925_02682,tolB,Protein&nbsp;TolB,62.0
981327.F925_01177,P800_02123,annotation&nbsp;not&nbsp;available,61.9
981327.F925_02146,P800_01066,annotation&nbsp;not&nbsp;available,61.8
981327.F925_00961,P800_02345,annotation&nbsp;not&nbsp;available,61.7
981327.F925_01298,P800_00024,annotation&nbsp;not&nbsp;available,61.4
981327.F925_00761,argA,annotation&nbsp;not&nbsp;available,61.3
981327.F925_01677,folE,annotation&nbsp;not&nbsp;available,61.3
981327.F925_00951,P800_02355,annotation&nbsp;not&nbsp;available,61.2
981327.F925_01610,mrdA,"Peptidoglycan&nbsp;D,D-transpeptidase&nbsp;MrdA",61.1
981327.F925_00610,P800_02692,annotation&nbsp;not&nbsp;available,61.1
981327.F925_00460,P800_02798,annotation&nbsp;not&nbsp;available,61.1
981327.F925_02521,P800_01444,annotation&nbsp;not&nbsp;available,61.0
981327.F925_00391,aroB,3-dehydroquinate&nbsp;synthase,61.0
981327.F925_02640,tmk,Thymidylate&nbsp;kinase,61.0
981327.F925_01183,ndk,Nucleoside&nbsp;diphosphate&nbsp;kinase,60.8
981327.F925_02353,P800_01273,annotation&nbsp;not&nbsp;available,60.8
981327.F925_00292,rpmC,annotation&nbsp;not&nbsp;available,60.8
981327.F925_00788,P800_02498,annotation&nbsp;not&nbsp;available,60.7
981327.F925_01506,P800_00224,annotation&nbsp;not&nbsp;available,60.7
981327.F925_02101,betA,Oxygen-dependent&nbsp;choline&nbsp;dehydrogenase,60.7
981327.F925_02866,dapE,Succinyl-diaminopimelate&nbsp;desuccinylase,60.7
981327.F925_01016,P800_02289,annotation&nbsp;not&nbsp;available,60.6
981327.F925_01371,P800_00098,annotation&nbsp;not&nbsp;available,60.6
981327.F925_01086,infA,Translation&nbsp;initiation&nbsp;factor&nbsp;IF-1,60.6
981327.F925_02390,ENW23432.1,annotation&nbsp;not&nbsp;available,60.5
981327.F925_00420,P800_02840,annotation&nbsp;not&nbsp;available,60.5
981327.F925_00529,atpH,ATP&nbsp;synthase&nbsp;subunit&nbsp;delta,60.4
981327.F925_00867,P800_02412,annotation&nbsp;not&nbsp;available,60.2
981327.F925_00095,ENW26676.1,annotation&nbsp;not&nbsp;available,60.1
981327.F925_01385,P800_00112,annotation&nbsp;not&nbsp;available,60.0
981327.F925_00288,rplE,50S&nbsp;ribosomal&nbsp;protein&nbsp;L5,59.9
981327.F925_02121,moaA,"GTP&nbsp;3',8-cyclase",59.9
981327.F925_01920,P800_00735,annotation&nbsp;not&nbsp;available,59.9
981327.F925_01365,ENW24710.1,annotation&nbsp;not&nbsp;available,59.9
981327.F925_01310,P800_00039,annotation&nbsp;not&nbsp;available,59.9
981327.F925_01568,nadE,Glutamine-dependent&nbsp;NAD(+)&nbsp;synthetase,59.9
981327.F925_00290,rplN,50S&nbsp;ribosomal&nbsp;protein&nbsp;L14,59.8
981327.F925_00550,P800_02707,annotation&nbsp;not&nbsp;available,59.7
981327.F925_02869,P800_01790,annotation&nbsp;not&nbsp;available,59.7
981327.F925_00631,ENW25297.1,annotation&nbsp;not&nbsp;available,59.6
981327.F925_01596,pckG,Phosphoenolpyruvate&nbsp;carboxykinase&nbsp;[GTP],59.4
981327.F925_02051,ENW24351.1,annotation&nbsp;not&nbsp;available,59.4
981327.F925_00782,dapA,4-hydroxy-tetrahydrodipicolinate&nbsp;synthase,59.3
981327.F925_01593,folD,Bifunctional&nbsp;protein&nbsp;FolD,59.1
981327.F925_00448,P800_02810,annotation&nbsp;not&nbsp;available,59.1
981327.F925_00710,gyrB,DNA&nbsp;gyrase&nbsp;subunit&nbsp;B,59.1
981327.F925_02903,ENW23028.1,annotation&nbsp;not&nbsp;available,59.0
981327.F925_01089,ENW25735.1,annotation&nbsp;not&nbsp;available,58.9
981327.F925_00977,rpoC,DNA-directed&nbsp;RNA&nbsp;polymerase&nbsp;subunit&nbsp;beta,58.9
981327.F925_03035,P800_01980,Uncharacterized&nbsp;protein,58.8
981327.F925_02945,ENW23070.1,annotation&nbsp;not&nbsp;available,58.5
981327.F925_00235,mdh,Malate&nbsp;dehydrogenase,58.4
981327.F925_01195,ENW25841.1,annotation&nbsp;not&nbsp;available,58.4
981327.F925_02954,P800_01893,annotation&nbsp;not&nbsp;available,58.4
981327.F925_00920,thrB,annotation&nbsp;not&nbsp;available,58.4
981327.F925_01398,bamE,Outer&nbsp;membrane&nbsp;protein&nbsp;assembly&nbsp;factor&nbsp;BamE,58.4
981327.F925_00122,P800_03054,annotation&nbsp;not&nbsp;available,58.4
981327.F925_02120,F925_02120,annotation&nbsp;not&nbsp;available,58.4
981327.F925_01730,P800_00531,annotation&nbsp;not&nbsp;available,58.4
981327.F925_02383,P800_01307,annotation&nbsp;not&nbsp;available,58.3
981327.F925_02178,P800_01097,Phospho-2-dehydro-3-deoxyheptonate&nbsp;aldolase,58.1
981327.F925_01136,leuA,2-isopropylmalate&nbsp;synthase,58.0
981327.F925_01699,P800_00496,annotation&nbsp;not&nbsp;available,58.0
981327.F925_01683,P800_00475,annotation&nbsp;not&nbsp;available,58.0
981327.F925_02402,P800_01326,annotation&nbsp;not&nbsp;available,57.9
981327.F925_02537,P800_01456,annotation&nbsp;not&nbsp;available,57.8
981327.F925_00714,rpmH,annotation&nbsp;not&nbsp;available,57.8
981327.F925_00279,rpmJ,annotation&nbsp;not&nbsp;available,57.8
981327.F925_01110,P800_02190,annotation&nbsp;not&nbsp;available,57.7
981327.F925_02404,ENW23446.1,annotation&nbsp;not&nbsp;available,57.7
981327.F925_00310,plsB,annotation&nbsp;not&nbsp;available,57.7
981327.F925_01374,rpsG,30S&nbsp;ribosomal&nbsp;protein&nbsp;S7,57.6
981327.F925_02438,pyrF,Orotidine&nbsp;5'-phosphate&nbsp;decarboxylase,57.6
981327.F925_01285,hisG,ATP&nbsp;phosphoribosyltransferase,57.5
981327.F925_00834,ddl,D-alanine--D-alanine&nbsp;ligase,57.4
981327.F925_00434,tpiA,Triosephosphate&nbsp;isomerase,57.4
981327.F925_00330,P800_02931,annotation&nbsp;not&nbsp;available,57.4
981327.F925_01020,P800_02285,annotation&nbsp;not&nbsp;available,57.4
981327.F925_00475,P800_02783,annotation&nbsp;not&nbsp;available,57.3
981327.F925_00376,gmk,Guanylate&nbsp;kinase,57.1
981327.F925_01910,purH,annotation&nbsp;not&nbsp;available,56.9
981327.F925_00367,rpsP,annotation&nbsp;not&nbsp;available,56.8
981327.F925_01812,pyrD,Dihydroorotate&nbsp;dehydrogenase&nbsp;(quinone),56.8
981327.F925_00443,P800_02815,annotation&nbsp;not&nbsp;available,56.6
981327.F925_00718,mnmE,tRNA&nbsp;modification&nbsp;GTPase&nbsp;MnmE,56.6
981327.F925_00455,gluQ,Glutamyl-Q&nbsp;tRNA(Asp)&nbsp;synthetase,56.4
981327.F925_01120,thyA,Thymidylate&nbsp;synthase,56.4
981327.F925_00473,P800_02785,annotation&nbsp;not&nbsp;available,56.4
981327.F925_02677,P800_01590,annotation&nbsp;not&nbsp;available,56.3
981327.F925_00780,purC,annotation&nbsp;not&nbsp;available,56.3
981327.F925_01061,P800_02240,annotation&nbsp;not&nbsp;available,56.3
981327.F925_01130,tatA,Sec-independent&nbsp;protein&nbsp;translocase&nbsp;protein&nbsp;TatA,56.2
981327.F925_02575,ENW23616.1,annotation&nbsp;not&nbsp;available,56.1
981327.F925_00281,rplO,50S&nbsp;ribosomal&nbsp;protein&nbsp;L15,56.1
981327.F925_01349,P800_00076,annotation&nbsp;not&nbsp;available,55.9
981327.F925_02261,pyrG,CTP&nbsp;synthase,55.8
981327.F925_00953,ENW25605.1,annotation&nbsp;not&nbsp;available,55.8
981327.F925_02772,carB,annotation&nbsp;not&nbsp;available,55.4
981327.F925_02035,P800_00919,annotation&nbsp;not&nbsp;available,55.3
981327.F925_01500,P800_00218,annotation&nbsp;not&nbsp;available,55.1
981327.F925_02738,ENW23777.1,annotation&nbsp;not&nbsp;available,54.9
981327.F925_00525,atpC,ATP&nbsp;synthase&nbsp;epsilon&nbsp;chain,54.9
981327.F925_02096,P800_01002,annotation&nbsp;not&nbsp;available,54.9
981327.F925_02952,P800_01891,annotation&nbsp;not&nbsp;available,54.8
981327.F925_02642,ENW23681.1,annotation&nbsp;not&nbsp;available,54.7
981327.F925_00174,P800_03149,annotation&nbsp;not&nbsp;available,54.7
981327.F925_01583,cysD,annotation&nbsp;not&nbsp;available,54.7
981327.F925_01035,ENW25682.1,annotation&nbsp;not&nbsp;available,54.6
981327.F925_02814,cysG,Siroheme&nbsp;synthase,54.6
981327.F925_01558,lysS,annotation&nbsp;not&nbsp;available,54.5
981327.F925_00388,P800_02873,annotation&nbsp;not&nbsp;available,54.4
981327.F925_02388,rplI,50S&nbsp;ribosomal&nbsp;protein&nbsp;L9,54.4
981327.F925_00531,atpE,ATP&nbsp;synthase&nbsp;subunit&nbsp;c,54.3
981327.F925_00196,P800_03129,annotation&nbsp;not&nbsp;available,54.3
981327.F925_01907,metN,Methionine&nbsp;import&nbsp;ATP-binding&nbsp;protein&nbsp;MetN,54.2
981327.F925_01095,lpxL,Lipid&nbsp;A&nbsp;biosynthesis&nbsp;lauroyltransferase,54.2
981327.F925_01617,P800_00334,annotation&nbsp;not&nbsp;available,54.1
981327.F925_02872,P800_01793,annotation&nbsp;not&nbsp;available,54.1
981327.F925_00203,P800_03108,annotation&nbsp;not&nbsp;available,54.1
981327.F925_00863,ENW25519.1,annotation&nbsp;not&nbsp;available,54.1
981327.F925_00320,P800_02941,annotation&nbsp;not&nbsp;available,54.0
981327.F925_00211,P800_03084,annotation&nbsp;not&nbsp;available,53.9
981327.F925_02978,P800_01916,annotation&nbsp;not&nbsp;available,53.9
981327.F925_00532,atpB,ATP&nbsp;synthase&nbsp;subunit&nbsp;a,53.9
981327.F925_01364,ENW24709.1,annotation&nbsp;not&nbsp;available,53.9
981327.F925_02397,P800_01321,annotation&nbsp;not&nbsp;available,53.8
981327.F925_02819,rplU,50S&nbsp;ribosomal&nbsp;protein&nbsp;L21,53.8
981327.F925_02142,F925_02142,annotation&nbsp;not&nbsp;available,53.8
981327.F925_02594,glyA,Serine&nbsp;hydroxymethyltransferase,53.7
981327.F925_02517,glnD,Bifunctional&nbsp;uridylyltransferase/uridylyl-removing&nbsp;enzyme,53.6
981327.F925_01529,ENW24873.1,annotation&nbsp;not&nbsp;available,53.6
981327.F925_01373,rpsL,30S&nbsp;ribosomal&nbsp;protein&nbsp;S12,53.6
981327.F925_02112,cynS,Cyanate&nbsp;hydratase,53.5
981327.F925_00830,gshB,annotation&nbsp;not&nbsp;available,53.5
981327.F925_01002,ENW25649.1,annotation&nbsp;not&nbsp;available,53.4
981327.F925_00469,P800_02789,annotation&nbsp;not&nbsp;available,53.3
981327.F925_01788,P800_00601,annotation&nbsp;not&nbsp;available,53.3
981327.F925_02445,P800_01367,annotation&nbsp;not&nbsp;available,53.1
981327.F925_02484,P800_01403,annotation&nbsp;not&nbsp;available,53.0
981327.F925_01228,F925_01228,annotation&nbsp;not&nbsp;available,53.0
981327.F925_01262,proC,Pyrroline-5-carboxylate&nbsp;reductase,53.0
981327.F925_00717,yidC,Membrane&nbsp;protein&nbsp;insertase&nbsp;YidC,52.9
981327.F925_01255,himA,Integration&nbsp;host&nbsp;factor&nbsp;subunit&nbsp;alpha,52.9
981327.F925_03000,rpsI,annotation&nbsp;not&nbsp;available,52.9
981327.F925_01903,P800_00714,annotation&nbsp;not&nbsp;available,52.8
981327.F925_01977,P800_00796,Iron-sulfur&nbsp;cluster&nbsp;assembly&nbsp;scaffold&nbsp;protein&nbsp;IscU,52.8
981327.F925_02780,P800_01694,annotation&nbsp;not&nbsp;available,52.7
981327.F925_00392,aroK,Shikimate&nbsp;kinase,52.7
981327.F925_01464,P800_00188,annotation&nbsp;not&nbsp;available,52.5
981327.F925_00289,rplX,50S&nbsp;ribosomal&nbsp;protein&nbsp;L24,52.4
981327.F925_01939,P800_00754,annotation&nbsp;not&nbsp;available,52.4
981327.F925_00804,gshA,annotation&nbsp;not&nbsp;available,52.2
981327.F925_02833,ENW23865.1,annotation&nbsp;not&nbsp;available,52.1
981327.F925_03038,P800_01983,annotation&nbsp;not&nbsp;available,51.9
981327.F925_02247,P800_01165,annotation&nbsp;not&nbsp;available,51.8
981327.F925_02542,hisZ,ATP&nbsp;phosphoribosyltransferase&nbsp;regulatory&nbsp;subunit,51.8
981327.F925_01600,groL,60&nbsp;kDa&nbsp;chaperonin,51.7
981327.F925_00280,secY,Protein&nbsp;translocase&nbsp;subunit&nbsp;SecY,51.6
981327.F925_02441,P800_01363,30S&nbsp;ribosomal&nbsp;protein&nbsp;S1,51.5
981327.F925_01478,ENW24823.1,annotation&nbsp;not&nbsp;available,51.5
981327.F925_02922,nuoC,NADH-quinone&nbsp;oxidoreductase&nbsp;subunit&nbsp;C/D,51.4
981327.F925_00950,P800_02356,annotation&nbsp;not&nbsp;available,51.3
981327.F925_00300,rplC,50S&nbsp;ribosomal&nbsp;protein&nbsp;L3,51.3
981327.F925_01185,P800_02107,annotation&nbsp;not&nbsp;available,51.2
981327.F925_01662,P800_00386,annotation&nbsp;not&nbsp;available,51.2
981327.F925_02977,P800_01915,annotation&nbsp;not&nbsp;available,51.1
981327.F925_01198,P800_02091,annotation&nbsp;not&nbsp;available,51.0
