981336.F944_01887,F944_01887,annotation&nbsp;not&nbsp;available,98.8
981336.F944_02510,F944_02510,annotation&nbsp;not&nbsp;available,98.8
981336.F944_01877,F944_01877,annotation&nbsp;not&nbsp;available,98.6
981336.F944_00914,rpsR,30S&nbsp;ribosomal&nbsp;protein&nbsp;S18,98.6
981336.F944_02016,F944_02016,annotation&nbsp;not&nbsp;available,98.6
981336.F944_01719,F944_01719,annotation&nbsp;not&nbsp;available,98.6
981336.F944_02617,uvrA,UvrABC&nbsp;system&nbsp;protein&nbsp;A,98.5
981336.F944_02612,F944_02612,Aminopyrimidine&nbsp;aminohydrolase,98.4
981336.F944_00645,hisG,ATP&nbsp;phosphoribosyltransferase,98.4
981336.F944_00957,F944_00957,annotation&nbsp;not&nbsp;available,98.3
981336.F944_00698,F944_00698,annotation&nbsp;not&nbsp;available,98.2
981336.F944_02947,F944_02947,annotation&nbsp;not&nbsp;available,98.1
981336.F944_01569,F944_01569,annotation&nbsp;not&nbsp;available,98.0
981336.F944_02846,rsgA,Small&nbsp;ribosomal&nbsp;subunit&nbsp;biogenesis&nbsp;GTPase&nbsp;RsgA,98.0
981336.F944_00602,F944_00602,annotation&nbsp;not&nbsp;available,97.9
981336.F944_00150,rplQ,annotation&nbsp;not&nbsp;available,97.8
981336.F944_02292,F944_02292,annotation&nbsp;not&nbsp;available,97.8
981336.F944_01635,F944_01635,L-aspartate&nbsp;oxidase,97.7
981336.F944_01773,pckG,Phosphoenolpyruvate&nbsp;carboxykinase&nbsp;[GTP],97.7
981336.F944_02959,F944_02959,annotation&nbsp;not&nbsp;available,97.7
981336.F944_00779,F944_00779,annotation&nbsp;not&nbsp;available,97.6
981336.F944_00280,F944_00280,annotation&nbsp;not&nbsp;available,97.5
981336.F944_02093,F944_02093,annotation&nbsp;not&nbsp;available,97.4
981336.F944_00003,secE,Protein&nbsp;translocase&nbsp;subunit&nbsp;SecE,97.4
981336.F944_02486,fadB,Fatty&nbsp;acid&nbsp;oxidation&nbsp;complex&nbsp;subunit&nbsp;alpha,97.4
981336.F944_00399,F944_00399,annotation&nbsp;not&nbsp;available,97.3
981336.F944_02085,F944_02085,annotation&nbsp;not&nbsp;available,97.3
981336.F944_01498,F944_01498,annotation&nbsp;not&nbsp;available,97.2
981336.F944_01343,F944_01343,annotation&nbsp;not&nbsp;available,97.1
981336.F944_00943,gpsA,annotation&nbsp;not&nbsp;available,97.1
981336.F944_03233,F944_03233,annotation&nbsp;not&nbsp;available,97.1
981336.F944_02354,F944_02354,annotation&nbsp;not&nbsp;available,97.0
981336.F944_01876,F944_01876,annotation&nbsp;not&nbsp;available,96.9
981336.F944_02163,fusA,Elongation&nbsp;factor&nbsp;G,96.9
981336.F944_01005,F944_01005,annotation&nbsp;not&nbsp;available,96.8
981336.F944_02771,F944_02771,annotation&nbsp;not&nbsp;available,96.6
981336.F944_03164,acsA,Acetyl-coenzyme&nbsp;A&nbsp;synthetase,96.5
981336.F944_03073,atpC,ATP&nbsp;synthase&nbsp;epsilon&nbsp;chain,96.4
981336.F944_00147,rpsK,30S&nbsp;ribosomal&nbsp;protein&nbsp;S11,96.3
981336.F944_02025,F944_02025,annotation&nbsp;not&nbsp;available,96.3
981336.F944_01778,folD,Bifunctional&nbsp;protein&nbsp;FolD,96.3
981336.F944_03344,dnaK,Chaperone&nbsp;protein&nbsp;DnaK,96.3
981336.F944_03179,guaB,Inosine-5'-monophosphate&nbsp;dehydrogenase,96.3
981336.F944_01201,F944_01201,annotation&nbsp;not&nbsp;available,96.1
981336.F944_02311,tatB,Sec-independent&nbsp;protein&nbsp;translocase&nbsp;protein&nbsp;TatB,95.9
981336.F944_00321,tauB,Taurine&nbsp;import&nbsp;ATP-binding&nbsp;protein&nbsp;TauB,95.8
981336.F944_02778,F944_02778,annotation&nbsp;not&nbsp;available,95.7
981336.F944_01961,F944_01961,annotation&nbsp;not&nbsp;available,95.7
981336.F944_03292,ppc,Phosphoenolpyruvate&nbsp;carboxylase,95.6
981336.F944_01959,F944_01959,annotation&nbsp;not&nbsp;available,95.4
981336.F944_01872,rplU,50S&nbsp;ribosomal&nbsp;protein&nbsp;L21,95.4
981336.F944_02328,F944_02328,annotation&nbsp;not&nbsp;available,95.4
981336.F944_03341,F944_03341,annotation&nbsp;not&nbsp;available,95.4
981336.F944_00427,F944_00427,annotation&nbsp;not&nbsp;available,95.3
981336.F944_00359,aroA,3-phosphoshikimate&nbsp;1-carboxyvinyltransferase,95.2
981336.F944_03075,atpG,ATP&nbsp;synthase&nbsp;gamma&nbsp;chain,95.2
981336.F944_01133,F944_01133,annotation&nbsp;not&nbsp;available,95.1
981336.F944_00031,ispH,4-hydroxy-3-methylbut-2-enyl&nbsp;diphosphate&nbsp;reductase,95.1
981336.F944_02282,trpF,annotation&nbsp;not&nbsp;available,95.0
981336.F944_01940,ureB,annotation&nbsp;not&nbsp;available,95.0
981336.F944_01638,F944_01638,annotation&nbsp;not&nbsp;available,94.9
981336.F944_02989,F944_02989,annotation&nbsp;not&nbsp;available,94.9
981336.F944_01946,F944_01946,annotation&nbsp;not&nbsp;available,94.9
981336.F944_01600,F944_01600,annotation&nbsp;not&nbsp;available,94.7
981336.F944_01171,F944_01171,annotation&nbsp;not&nbsp;available,94.6
981336.F944_00134,rplN,50S&nbsp;ribosomal&nbsp;protein&nbsp;L14,94.6
981336.F944_00558,dcd,annotation&nbsp;not&nbsp;available,94.5
981336.F944_00025,F944_00025,Bacterioferritin,94.5
981336.F944_01972,F944_01972,annotation&nbsp;not&nbsp;available,94.5
981336.F944_01960,F944_01960,annotation&nbsp;not&nbsp;available,94.5
981336.F944_00589,F944_00589,annotation&nbsp;not&nbsp;available,94.4
981336.F944_02022,F944_02022,annotation&nbsp;not&nbsp;available,94.1
981336.F944_02291,F944_02291,annotation&nbsp;not&nbsp;available,94.1
981336.F944_00846,pyrH,Uridylate&nbsp;kinase,94.1
981336.F944_00777,F944_00777,annotation&nbsp;not&nbsp;available,93.9
981336.F944_00407,F944_00407,annotation&nbsp;not&nbsp;available,93.9
981336.F944_00130,rpsC,30S&nbsp;ribosomal&nbsp;protein&nbsp;S3,93.8
981336.F944_02472,F944_02472,annotation&nbsp;not&nbsp;available,93.5
981336.F944_01140,F944_01140,annotation&nbsp;not&nbsp;available,93.4
981336.F944_00773,F944_00773,annotation&nbsp;not&nbsp;available,93.3
981336.F944_00714,aroD,3-dehydroquinate&nbsp;dehydratase,93.3
981336.F944_03243,F944_03243,annotation&nbsp;not&nbsp;available,93.3
981336.F944_00441,F944_00441,annotation&nbsp;not&nbsp;available,93.2
981336.F944_02087,F944_02087,annotation&nbsp;not&nbsp;available,93.1
981336.F944_01930,mrdA,"Peptidoglycan&nbsp;D,D-transpeptidase&nbsp;MrdA",93.1
981336.F944_02026,F944_02026,annotation&nbsp;not&nbsp;available,93.0
981336.F944_01408,F944_01408,annotation&nbsp;not&nbsp;available,92.9
981336.F944_00712,F944_00712,annotation&nbsp;not&nbsp;available,92.9
981336.F944_03247,nusB,Transcription&nbsp;antitermination&nbsp;protein&nbsp;NusB,92.6
981336.F944_00391,F944_00391,annotation&nbsp;not&nbsp;available,92.3
981336.F944_01097,F944_01097,annotation&nbsp;not&nbsp;available,92.2
981336.F944_02380,F944_02380,annotation&nbsp;not&nbsp;available,92.1
981336.F944_01633,F944_01633,annotation&nbsp;not&nbsp;available,92.1
981336.F944_00137,rpsN,30S&nbsp;ribosomal&nbsp;protein&nbsp;S14,92.0
981336.F944_03299,ilvD,annotation&nbsp;not&nbsp;available,91.9
981336.F944_02854,proA,Gamma-glutamyl&nbsp;phosphate&nbsp;reductase,91.9
981336.F944_01353,F944_01353,annotation&nbsp;not&nbsp;available,91.8
981336.F944_02310,tatA,Sec-independent&nbsp;protein&nbsp;translocase&nbsp;protein&nbsp;TatA,91.7
981336.F944_01941,ureA,annotation&nbsp;not&nbsp;available,91.6
981336.F944_03318,gyrB,DNA&nbsp;gyrase&nbsp;subunit&nbsp;B,91.6
981336.F944_01413,gloB,Hydroxyacylglutathione&nbsp;hydrolase,91.6
981336.F944_00913,rpsF,30S&nbsp;ribosomal&nbsp;protein&nbsp;S6,91.6
981336.F944_01325,metK,S-adenosylmethionine&nbsp;synthase,91.5
981336.F944_02852,F944_02852,Phosphate&nbsp;acetyltransferase,91.3
981336.F944_02463,tpiA,Triosephosphate&nbsp;isomerase,91.2
981336.F944_00029,rpoZ,DNA-directed&nbsp;RNA&nbsp;polymerase&nbsp;subunit&nbsp;omega,91.2
981336.F944_00088,F944_00088,annotation&nbsp;not&nbsp;available,91.1
981336.F944_02281,trpB,Tryptophan&nbsp;synthase&nbsp;beta&nbsp;chain,91.1
981336.F944_00101,F944_00101,annotation&nbsp;not&nbsp;available,91.1
981336.F944_01769,groL,60&nbsp;kDa&nbsp;chaperonin,91.1
981336.F944_01002,hemL,annotation&nbsp;not&nbsp;available,91.1
981336.F944_00989,F944_00989,annotation&nbsp;not&nbsp;available,91.0
981336.F944_00991,F944_00991,annotation&nbsp;not&nbsp;available,91.0
981336.F944_01360,F944_01360,annotation&nbsp;not&nbsp;available,91.0
981336.F944_03027,proC,Pyrroline-5-carboxylate&nbsp;reductase,91.0
981336.F944_01894,F944_01894,annotation&nbsp;not&nbsp;available,90.9
981336.F944_02893,secF,Protein-export&nbsp;membrane&nbsp;protein&nbsp;SecF,90.8
981336.F944_01955,F944_01955,annotation&nbsp;not&nbsp;available,90.8
981336.F944_02288,F944_02288,Uncharacterized&nbsp;protein,90.8
981336.F944_01163,F944_01163,annotation&nbsp;not&nbsp;available,90.6
981336.F944_01142,F944_01142,annotation&nbsp;not&nbsp;available,90.6
981336.F944_00939,pyrD,Dihydroorotate&nbsp;dehydrogenase&nbsp;(quinone),90.5
981336.F944_00603,F944_00603,annotation&nbsp;not&nbsp;available,90.4
981336.F944_03264,F944_03264,annotation&nbsp;not&nbsp;available,90.4
981336.F944_01406,purH,annotation&nbsp;not&nbsp;available,90.3
981336.F944_03029,polA,DNA&nbsp;polymerase&nbsp;I,90.3
981336.F944_01510,F944_01510,annotation&nbsp;not&nbsp;available,90.3
981336.F944_00643,hisD,Histidinol&nbsp;dehydrogenase,90.2
981336.F944_00339,pyrC,Dihydroorotase,90.2
981336.F944_00075,F944_00075,annotation&nbsp;not&nbsp;available,90.1
981336.F944_00627,F944_00627,S-formylglutathione&nbsp;hydrolase,90.1
981336.F944_01560,F944_01560,annotation&nbsp;not&nbsp;available,90.1
981336.F944_00822,F944_00822,annotation&nbsp;not&nbsp;available,90.1
981336.F944_00010,rpoC,DNA-directed&nbsp;RNA&nbsp;polymerase&nbsp;subunit&nbsp;beta,89.9
981336.F944_02857,nagZ,Beta-hexosaminidase,89.9
981336.F944_00656,F944_00656,annotation&nbsp;not&nbsp;available,89.8
981336.F944_02537,F944_02537,annotation&nbsp;not&nbsp;available,89.6
981336.F944_02895,F944_02895,annotation&nbsp;not&nbsp;available,89.5
981336.F944_00967,F944_00967,annotation&nbsp;not&nbsp;available,89.4
981336.F944_00826,F944_00826,annotation&nbsp;not&nbsp;available,89.3
981336.F944_00364,F944_00364,annotation&nbsp;not&nbsp;available,89.2
981336.F944_03013,rpmI,annotation&nbsp;not&nbsp;available,89.2
981336.F944_02704,F944_02704,annotation&nbsp;not&nbsp;available,89.1
981336.F944_03286,dapB,4-hydroxy-tetrahydrodipicolinate&nbsp;reductase,88.7
981336.F944_00827,rpsT,30S&nbsp;ribosomal&nbsp;protein&nbsp;S20,88.7
981336.F944_02500,F944_02500,annotation&nbsp;not&nbsp;available,88.7
981336.F944_02456,infB,Translation&nbsp;initiation&nbsp;factor&nbsp;IF-2,88.7
981336.F944_00642,hisC,annotation&nbsp;not&nbsp;available,88.6
981336.F944_01090,tsf,Elongation&nbsp;factor&nbsp;Ts,88.6
981336.F944_00587,upp,Uracil&nbsp;phosphoribosyltransferase,88.6
981336.F944_03228,F944_03228,annotation&nbsp;not&nbsp;available,88.5
981336.F944_00491,F944_00491,annotation&nbsp;not&nbsp;available,88.4
981336.F944_00039,rpsP,annotation&nbsp;not&nbsp;available,88.2
981336.F944_02843,secB,Protein-export&nbsp;protein&nbsp;SecB,88.2
981336.F944_01574,hisZ,ATP&nbsp;phosphoribosyltransferase&nbsp;regulatory&nbsp;subunit,88.1
981336.F944_00763,F944_00763,annotation&nbsp;not&nbsp;available,88.1
981336.F944_00172,F944_00172,annotation&nbsp;not&nbsp;available,88.0
981336.F944_00505,F944_00505,annotation&nbsp;not&nbsp;available,87.8
981336.F944_00817,pgk,annotation&nbsp;not&nbsp;available,87.7
981336.F944_01791,carA,annotation&nbsp;not&nbsp;available,87.6
981336.F944_03082,F944_03082,annotation&nbsp;not&nbsp;available,87.6
981336.F944_02144,dut,Deoxyuridine&nbsp;5'-triphosphate&nbsp;nucleotidohydrolase,87.6
981336.F944_02874,F944_02874,Acyl&nbsp;carrier&nbsp;protein,87.4
981336.F944_02520,gltX,Glutamate--tRNA&nbsp;ligase,87.2
981336.F944_03079,atpE,ATP&nbsp;synthase&nbsp;subunit&nbsp;c,87.2
981336.F944_01276,F944_01276,annotation&nbsp;not&nbsp;available,87.0
981336.F944_00510,F944_00510,annotation&nbsp;not&nbsp;available,87.0
981336.F944_00713,F944_00713,annotation&nbsp;not&nbsp;available,87.0
981336.F944_02150,F944_02150,annotation&nbsp;not&nbsp;available,86.9
981336.F944_00346,F944_00346,annotation&nbsp;not&nbsp;available,86.9
981336.F944_00911,F944_00911,annotation&nbsp;not&nbsp;available,86.9
981336.F944_00597,F944_00597,annotation&nbsp;not&nbsp;available,86.8
981336.F944_02786,F944_02786,annotation&nbsp;not&nbsp;available,86.8
981336.F944_00954,F944_00954,annotation&nbsp;not&nbsp;available,86.8
981336.F944_01903,F944_01903,annotation&nbsp;not&nbsp;available,86.7
981336.F944_00848,F944_00848,annotation&nbsp;not&nbsp;available,86.5
981336.F944_01190,ssuD,Alkanesulfonate&nbsp;monooxygenase,86.5
981336.F944_01003,thiE,Thiamine-phosphate&nbsp;synthase,86.4
981336.F944_00866,F944_00866,annotation&nbsp;not&nbsp;available,86.4
981336.F944_01902,F944_01902,Lipoprotein-releasing&nbsp;system&nbsp;ATP-binding&nbsp;protein&nbsp;LolD,86.3
981336.F944_03239,pncB,Nicotinate&nbsp;phosphoribosyltransferase,86.3
981336.F944_00042,rplS,50S&nbsp;ribosomal&nbsp;protein&nbsp;L19,86.2
981336.F944_02483,uvrC,UvrABC&nbsp;system&nbsp;protein&nbsp;C,86.1
981336.F944_00912,cyoE,Protoheme&nbsp;IX&nbsp;farnesyltransferase,86.0
981336.F944_02024,F944_02024,Succinate&nbsp;dehydrogenase&nbsp;hydrophobic&nbsp;membrane&nbsp;anchor&nbsp;subunit,85.9
981336.F944_01445,pyrF,Orotidine&nbsp;5'-phosphate&nbsp;decarboxylase,85.7
981336.F944_00937,purF,Amidophosphoribosyltransferase,85.7
981336.F944_00774,F944_00774,annotation&nbsp;not&nbsp;available,85.6
981336.F944_00146,rpsM,30S&nbsp;ribosomal&nbsp;protein&nbsp;S13,85.5
981336.F944_02401,F944_02401,annotation&nbsp;not&nbsp;available,85.4
981336.F944_00929,tsaD,tRNA&nbsp;N6-adenosine&nbsp;threonylcarbamoyltransferase,85.4
981336.F944_01143,pgi,annotation&nbsp;not&nbsp;available,85.3
981336.F944_03000,F944_03000,annotation&nbsp;not&nbsp;available,85.3
981336.F944_02036,F944_02036,annotation&nbsp;not&nbsp;available,85.2
981336.F944_00123,rpsJ,30S&nbsp;ribosomal&nbsp;protein&nbsp;S10,85.2
981336.F944_00149,rpoA,DNA-directed&nbsp;RNA&nbsp;polymerase&nbsp;subunit&nbsp;alpha,85.2
981336.F944_03345,grpE,Protein&nbsp;GrpE,85.1
981336.F944_00588,nuoN,NADH-quinone&nbsp;oxidoreductase&nbsp;subunit&nbsp;N,85.0
981336.F944_02198,ligA,DNA&nbsp;ligase,84.9
981336.F944_00837,fabZ,3-hydroxyacyl-[acyl-carrier-protein]&nbsp;dehydratase&nbsp;FabZ,84.9
981336.F944_02960,F944_02960,annotation&nbsp;not&nbsp;available,84.9
981336.F944_03050,F944_03050,Peptide&nbsp;deformylase,84.8
981336.F944_01517,F944_01517,annotation&nbsp;not&nbsp;available,84.8
981336.F944_02784,F944_02784,annotation&nbsp;not&nbsp;available,84.8
981336.F944_01270,F944_01270,annotation&nbsp;not&nbsp;available,84.7
981336.F944_02419,F944_02419,annotation&nbsp;not&nbsp;available,84.6
981336.F944_00028,F944_00028,annotation&nbsp;not&nbsp;available,84.6
981336.F944_01361,clpS,ATP-dependent&nbsp;Clp&nbsp;protease&nbsp;adapter&nbsp;protein&nbsp;ClpS,84.5
981336.F944_00898,F944_00898,annotation&nbsp;not&nbsp;available,84.5
981336.F944_00113,plsB,annotation&nbsp;not&nbsp;available,84.5
981336.F944_02853,ackA,Acetate&nbsp;kinase,84.5
981336.F944_01285,F944_01285,annotation&nbsp;not&nbsp;available,84.5
981336.F944_00762,fumC,Fumarate&nbsp;hydratase&nbsp;class&nbsp;II,84.4
981336.F944_03300,fmt,Methionyl-tRNA&nbsp;formyltransferase,84.3
981336.F944_02821,gatA,Glutamyl-tRNA(Gln)&nbsp;amidotransferase&nbsp;subunit&nbsp;A,84.2
981336.F944_00599,nuoB,NADH-quinone&nbsp;oxidoreductase&nbsp;subunit&nbsp;B,84.2
981336.F944_02179,rpmF,annotation&nbsp;not&nbsp;available,84.0
981336.F944_02031,betB,NAD/NADP-dependent&nbsp;betaine&nbsp;aldehyde&nbsp;dehydrogenase,83.9
981336.F944_01607,F944_01607,annotation&nbsp;not&nbsp;available,83.8
981336.F944_00592,F944_00592,annotation&nbsp;not&nbsp;available,83.8
981336.F944_02165,rpsL,30S&nbsp;ribosomal&nbsp;protein&nbsp;S12,83.8
981336.F944_00849,F944_00849,annotation&nbsp;not&nbsp;available,83.8
981336.F944_01440,glcB,Malate&nbsp;synthase&nbsp;G,83.7
981336.F944_02849,F944_02849,Fumarate&nbsp;hydratase&nbsp;class&nbsp;I,83.5
981336.F944_00838,lpxD,UDP-3-O-acylglucosamine&nbsp;N-acyltransferase,83.5
981336.F944_00532,F944_00532,annotation&nbsp;not&nbsp;available,83.4
981336.F944_00429,F944_00429,annotation&nbsp;not&nbsp;available,83.2
981336.F944_00868,kdpB,Potassium-transporting&nbsp;ATPase&nbsp;ATP-binding&nbsp;subunit,83.1
981336.F944_02352,F944_02352,annotation&nbsp;not&nbsp;available,83.1
981336.F944_03204,F944_03204,annotation&nbsp;not&nbsp;available,83.1
981336.F944_01497,F944_01497,annotation&nbsp;not&nbsp;available,83.0
981336.F944_02037,F944_02037,annotation&nbsp;not&nbsp;available,82.9
981336.F944_01937,ureF,Urease&nbsp;accessory&nbsp;protein&nbsp;UreF,82.9
981336.F944_03326,mnmE,tRNA&nbsp;modification&nbsp;GTPase&nbsp;MnmE,82.8
981336.F944_02435,recD,RecBCD&nbsp;enzyme&nbsp;subunit&nbsp;RecD,82.7
981336.F944_02963,F944_02963,annotation&nbsp;not&nbsp;available,82.7
981336.F944_00139,rplF,50S&nbsp;ribosomal&nbsp;protein&nbsp;L6,82.7
981336.F944_01501,F944_01501,Methionine&nbsp;import&nbsp;ATP-binding&nbsp;protein&nbsp;MetN,82.6
981336.F944_01397,F944_01397,annotation&nbsp;not&nbsp;available,82.5
981336.F944_03224,gshA,annotation&nbsp;not&nbsp;available,82.5
981336.F944_02446,hisI,annotation&nbsp;not&nbsp;available,82.3
981336.F944_00878,F944_00878,annotation&nbsp;not&nbsp;available,82.3
981336.F944_03216,alc,annotation&nbsp;not&nbsp;available,82.3
981336.F944_01036,F944_01036,annotation&nbsp;not&nbsp;available,82.2
981336.F944_01376,F944_01376,annotation&nbsp;not&nbsp;available,82.2
981336.F944_02255,F944_02255,annotation&nbsp;not&nbsp;available,82.2
981336.F944_01135,dld,Quinone-dependent&nbsp;D-lactate&nbsp;dehydrogenase,82.2
981336.F944_02503,aroB,3-dehydroquinate&nbsp;synthase,82.1
981336.F944_02931,F944_02931,annotation&nbsp;not&nbsp;available,82.0
981336.F944_03008,F944_03008,annotation&nbsp;not&nbsp;available,82.0
981336.F944_02869,bamB,Outer&nbsp;membrane&nbsp;protein&nbsp;assembly&nbsp;factor&nbsp;BamB,81.8
981336.F944_02720,F944_02720,annotation&nbsp;not&nbsp;available,81.8
981336.F944_01871,rpmA,annotation&nbsp;not&nbsp;available,81.7
981336.F944_02346,lpxL,Lipid&nbsp;A&nbsp;biosynthesis&nbsp;lauroyltransferase,81.7
981336.F944_00323,F944_00323,annotation&nbsp;not&nbsp;available,81.6
981336.F944_02176,F944_02176,Acyl&nbsp;carrier&nbsp;protein,81.4
981336.F944_00598,nuoC,NADH-quinone&nbsp;oxidoreductase&nbsp;subunit&nbsp;C/D,81.4
981336.F944_01979,dnaG,DNA&nbsp;primase,81.4
981336.F944_00363,F944_00363,annotation&nbsp;not&nbsp;available,81.4
981336.F944_02200,smc,Chromosome&nbsp;partition&nbsp;protein&nbsp;Smc,81.3
981336.F944_01613,glyA,Serine&nbsp;hydroxymethyltransferase,81.3
981336.F944_00094,ribA,GTP&nbsp;cyclohydrolase-2,81.3
981336.F944_02058,F944_02058,annotation&nbsp;not&nbsp;available,81.2
981336.F944_01495,F944_01495,annotation&nbsp;not&nbsp;available,81.2
981336.F944_01367,ilvA,L-threonine&nbsp;dehydratase,81.1
981336.F944_00289,F944_00289,annotation&nbsp;not&nbsp;available,81.0
981336.F944_02018,sucC,Succinate--CoA&nbsp;ligase&nbsp;[ADP-forming]&nbsp;subunit&nbsp;beta,80.8
981336.F944_03091,maeA,annotation&nbsp;not&nbsp;available,80.8
981336.F944_02547,hisH,Imidazole&nbsp;glycerol&nbsp;phosphate&nbsp;synthase&nbsp;subunit&nbsp;HisH,80.7
981336.F944_00082,glyQ,annotation&nbsp;not&nbsp;available,80.7
981336.F944_02178,F944_02178,annotation&nbsp;not&nbsp;available,80.7
981336.F944_00195,F944_00195,annotation&nbsp;not&nbsp;available,80.6
981336.F944_03237,psd,Phosphatidylserine&nbsp;decarboxylase&nbsp;proenzyme,80.6
981336.F944_00387,proB,Glutamate&nbsp;5-kinase,80.6
981336.F944_00874,F944_00874,annotation&nbsp;not&nbsp;available,80.5
981336.F944_00378,F944_00378,annotation&nbsp;not&nbsp;available,80.4
981336.F944_01712,F944_01712,annotation&nbsp;not&nbsp;available,80.4
981336.F944_00795,F944_00795,annotation&nbsp;not&nbsp;available,80.4
981336.F944_02844,F944_02844,Glutaredoxin,80.3
981336.F944_00711,F944_00711,annotation&nbsp;not&nbsp;available,80.1
981336.F944_00830,F944_00830,annotation&nbsp;not&nbsp;available,80.0
981336.F944_03019,pheT,annotation&nbsp;not&nbsp;available,80.0
981336.F944_02416,F944_02416,annotation&nbsp;not&nbsp;available,80.0
981336.F944_00802,F944_00802,Bifunctional&nbsp;protein&nbsp;PutA,79.8
981336.F944_02714,F944_02714,Sensor&nbsp;protein,79.8
981336.F944_00992,F944_00992,annotation&nbsp;not&nbsp;available,79.8
981336.F944_02432,pnp,Polyribonucleotide&nbsp;nucleotidyltransferase,79.8
981336.F944_03232,F944_03232,annotation&nbsp;not&nbsp;available,79.7
981336.F944_00623,F944_00623,annotation&nbsp;not&nbsp;available,79.7
981336.F944_02038,F944_02038,annotation&nbsp;not&nbsp;available,79.6
981336.F944_01136,lldD,L-lactate&nbsp;dehydrogenase,79.5
981336.F944_02436,recB,RecBCD&nbsp;enzyme&nbsp;subunit&nbsp;RecB,79.5
981336.F944_00593,nuoI,NADH-quinone&nbsp;oxidoreductase&nbsp;subunit&nbsp;I,79.4
981336.F944_01161,F944_01161,Glucose-1-phosphate&nbsp;thymidylyltransferase,79.3
981336.F944_03085,F944_03085,annotation&nbsp;not&nbsp;available,79.2
981336.F944_00357,F944_00357,annotation&nbsp;not&nbsp;available,79.1
981336.F944_00145,F944_00145,annotation&nbsp;not&nbsp;available,79.0
981336.F944_02285,F944_02285,annotation&nbsp;not&nbsp;available,78.9
981336.F944_00081,glyS,annotation&nbsp;not&nbsp;available,78.8
981336.F944_00239,F944_00239,annotation&nbsp;not&nbsp;available,78.8
981336.F944_03339,purE,N5-carboxyaminoimidazole&nbsp;ribonucleotide&nbsp;mutase,78.7
981336.F944_00591,nuoK,NADH-quinone&nbsp;oxidoreductase&nbsp;subunit&nbsp;K,78.6
981336.F944_02457,nusA,Transcription&nbsp;termination/antitermination&nbsp;protein&nbsp;NusA,78.6
981336.F944_03018,pheS,annotation&nbsp;not&nbsp;available,78.4
981336.F944_01561,pyrB,annotation&nbsp;not&nbsp;available,78.3
981336.F944_02797,F944_02797,annotation&nbsp;not&nbsp;available,78.3
981336.F944_00600,nuoA,NADH-quinone&nbsp;oxidoreductase&nbsp;subunit&nbsp;A,78.2
981336.F944_03340,purK,N5-carboxyaminoimidazole&nbsp;ribonucleotide&nbsp;synthase,78.2
981336.F944_00143,rplO,50S&nbsp;ribosomal&nbsp;protein&nbsp;L15,78.2
981336.F944_02092,F944_02092,annotation&nbsp;not&nbsp;available,78.1
981336.F944_00331,F944_00331,annotation&nbsp;not&nbsp;available,78.1
981336.F944_00190,mdh,Malate&nbsp;dehydrogenase,78.0
981336.F944_01735,F944_01735,annotation&nbsp;not&nbsp;available,78.0
981336.F944_00251,F944_00251,annotation&nbsp;not&nbsp;available,77.9
981336.F944_00007,rplJ,50S&nbsp;ribosomal&nbsp;protein&nbsp;L10,77.8
981336.F944_01792,carB,annotation&nbsp;not&nbsp;available,77.8
981336.F944_02162,tuf,Elongation&nbsp;factor&nbsp;Tu,77.7
981336.F944_01502,F944_01502,annotation&nbsp;not&nbsp;available,77.6
981336.F944_02274,accD,Acetyl-coenzyme&nbsp;A&nbsp;carboxylase&nbsp;carboxyl&nbsp;transferase&nbsp;subunit&nbsp;beta,77.4
981336.F944_00126,rplW,50S&nbsp;ribosomal&nbsp;protein&nbsp;L23,77.4
981336.F944_00767,F944_00767,Sulfurtransferase,77.2
981336.F944_02088,F944_02088,annotation&nbsp;not&nbsp;available,77.2
981336.F944_02427,F944_02427,annotation&nbsp;not&nbsp;available,77.2
981336.F944_03159,F944_03159,annotation&nbsp;not&nbsp;available,77.1
981336.F944_01509,glnD,Bifunctional&nbsp;uridylyltransferase/uridylyl-removing&nbsp;enzyme,77.0
981336.F944_01578,F944_01578,annotation&nbsp;not&nbsp;available,76.7
981336.F944_01592,F944_01592,Penicillin-binding&nbsp;protein&nbsp;1B,76.7
981336.F944_00778,F944_00778,annotation&nbsp;not&nbsp;available,76.6
981336.F944_01900,F944_01900,annotation&nbsp;not&nbsp;available,76.5
981336.F944_00191,F944_00191,annotation&nbsp;not&nbsp;available,76.5
981336.F944_00090,aroE,Shikimate&nbsp;dehydrogenase&nbsp;(NADP(+)),76.5
981336.F944_00596,F944_00596,NADH-quinone&nbsp;oxidoreductase&nbsp;subunit&nbsp;F,76.2
981336.F944_02607,F944_02607,annotation&nbsp;not&nbsp;available,76.2
981336.F944_02862,ndk,Nucleoside&nbsp;diphosphate&nbsp;kinase,76.1
981336.F944_02094,macB,Macrolide&nbsp;export&nbsp;ATP-binding/permease&nbsp;protein&nbsp;MacB,76.0
981336.F944_02620,F944_02620,annotation&nbsp;not&nbsp;available,76.0
981336.F944_01148,F944_01148,annotation&nbsp;not&nbsp;available,75.8
981336.F944_02304,leuA,2-isopropylmalate&nbsp;synthase,75.8
981336.F944_01188,F944_01188,annotation&nbsp;not&nbsp;available,75.7
981336.F944_03263,dapA,4-hydroxy-tetrahydrodipicolinate&nbsp;synthase,75.7
981336.F944_03217,F944_03217,annotation&nbsp;not&nbsp;available,75.7
981336.F944_01950,F944_01950,annotation&nbsp;not&nbsp;available,75.6
981336.F944_02001,rpoD,RNA&nbsp;polymerase&nbsp;sigma&nbsp;factor&nbsp;RpoD,75.5
981336.F944_02788,F944_02788,annotation&nbsp;not&nbsp;available,75.3
981336.F944_02433,rpsO,30S&nbsp;ribosomal&nbsp;protein&nbsp;S15,75.3
981336.F944_01366,rpiA,Ribose-5-phosphate&nbsp;isomerase&nbsp;A,75.2
981336.F944_01144,F944_01144,annotation&nbsp;not&nbsp;available,75.1
981336.F944_01238,aroQ,3-dehydroquinate&nbsp;dehydratase,75.0
981336.F944_02329,rpmB,annotation&nbsp;not&nbsp;available,74.8
981336.F944_03189,ftsZ,Cell&nbsp;division&nbsp;protein&nbsp;FtsZ,74.8
981336.F944_00132,rpmC,annotation&nbsp;not&nbsp;available,74.8
981336.F944_00127,rplB,50S&nbsp;ribosomal&nbsp;protein&nbsp;L2,74.7
981336.F944_02318,thyA,Thymidylate&nbsp;synthase,74.5
981336.F944_01714,trpC,annotation&nbsp;not&nbsp;available,74.5
981336.F944_00856,F944_00856,annotation&nbsp;not&nbsp;available,74.4
981336.F944_02143,F944_02143,annotation&nbsp;not&nbsp;available,74.3
981336.F944_01939,ureC,annotation&nbsp;not&nbsp;available,74.2
981336.F944_02046,F944_02046,annotation&nbsp;not&nbsp;available,74.1
981336.F944_01391,F944_01391,Replicative&nbsp;DNA&nbsp;helicase,73.9
981336.F944_02294,F944_02294,annotation&nbsp;not&nbsp;available,73.8
981336.F944_02873,F944_02873,annotation&nbsp;not&nbsp;available,73.7
981336.F944_03014,rplT,50S&nbsp;ribosomal&nbsp;protein&nbsp;L20,73.7
981336.F944_00831,F944_00831,annotation&nbsp;not&nbsp;available,73.5
981336.F944_03330,F944_03330,annotation&nbsp;not&nbsp;available,73.4
981336.F944_00915,rplI,50S&nbsp;ribosomal&nbsp;protein&nbsp;L9,73.3
981336.F944_00131,rplP,50S&nbsp;ribosomal&nbsp;protein&nbsp;L16,73.2
981336.F944_02206,ffh,Signal&nbsp;recognition&nbsp;particle&nbsp;protein,73.2
981336.F944_02363,leuD,3-isopropylmalate&nbsp;dehydratase&nbsp;small&nbsp;subunit,73.2
981336.F944_01636,tmk,Thymidylate&nbsp;kinase,73.1
981336.F944_03155,F944_03155,annotation&nbsp;not&nbsp;available,73.1
981336.F944_00340,rnt,Ribonuclease&nbsp;T,73.0
981336.F944_01518,F944_01518,annotation&nbsp;not&nbsp;available,73.0
981336.F944_03080,atpB,ATP&nbsp;synthase&nbsp;subunit&nbsp;a,72.9
981336.F944_03329,F944_03329,annotation&nbsp;not&nbsp;available,72.8
981336.F944_00772,F944_00772,annotation&nbsp;not&nbsp;available,72.8
981336.F944_00845,frr,Ribosome-recycling&nbsp;factor,72.8
981336.F944_01271,iscS,Cysteine&nbsp;desulfurase&nbsp;IscS,72.8
981336.F944_01167,F944_01167,annotation&nbsp;not&nbsp;available,72.7
981336.F944_02787,F944_02787,annotation&nbsp;not&nbsp;available,72.7
981336.F944_00005,rplK,50S&nbsp;ribosomal&nbsp;protein&nbsp;L11,72.7
981336.F944_00406,F944_00406,annotation&nbsp;not&nbsp;available,72.6
981336.F944_00756,F944_00756,annotation&nbsp;not&nbsp;available,72.4
981336.F944_03025,accA,Acetyl-coenzyme&nbsp;A&nbsp;carboxylase&nbsp;carboxyl&nbsp;transferase&nbsp;subunit&nbsp;alpha,72.4
981336.F944_01318,F944_01318,annotation&nbsp;not&nbsp;available,72.3
981336.F944_02248,F944_02248,annotation&nbsp;not&nbsp;available,72.3
981336.F944_03160,F944_03160,annotation&nbsp;not&nbsp;available,72.3
981336.F944_03094,F944_03094,annotation&nbsp;not&nbsp;available,72.2
981336.F944_02265,nadA,Quinolinate&nbsp;synthase&nbsp;A,72.2
981336.F944_00970,F944_00970,annotation&nbsp;not&nbsp;available,72.1
981336.F944_00030,gmk,Guanylate&nbsp;kinase,72.1
981336.F944_00956,F944_00956,annotation&nbsp;not&nbsp;available,72.0
981336.F944_03297,F944_03297,annotation&nbsp;not&nbsp;available,72.0
981336.F944_00744,gcvH,Glycine&nbsp;cleavage&nbsp;system&nbsp;H&nbsp;protein,72.0
981336.F944_01452,F944_01452,annotation&nbsp;not&nbsp;available,71.9
981336.F944_00966,ahcY,Adenosylhomocysteinase,71.8
981336.F944_00781,F944_00781,annotation&nbsp;not&nbsp;available,71.8
981336.F944_02449,F944_02449,annotation&nbsp;not&nbsp;available,71.8
981336.F944_02957,F944_02957,annotation&nbsp;not&nbsp;available,71.8
981336.F944_01966,cysD,annotation&nbsp;not&nbsp;available,71.7
981336.F944_00135,rplX,50S&nbsp;ribosomal&nbsp;protein&nbsp;L24,71.6
981336.F944_00128,rpsS,30S&nbsp;ribosomal&nbsp;protein&nbsp;S19,71.6
981336.F944_01409,F944_01409,Methionine&nbsp;import&nbsp;ATP-binding&nbsp;protein&nbsp;MetN,71.5
981336.F944_03076,atpA,ATP&nbsp;synthase&nbsp;subunit&nbsp;alpha,71.3
981336.F944_02086,ilvC,Ketol-acid&nbsp;reductoisomerase&nbsp;(NADP(+)),71.2
981336.F944_02105,F944_02105,annotation&nbsp;not&nbsp;available,71.1
981336.F944_02308,F944_02308,dITP/XTP&nbsp;pyrophosphatase,71.1
981336.F944_00993,F944_00993,annotation&nbsp;not&nbsp;available,71.1
981336.F944_00141,rpsE,30S&nbsp;ribosomal&nbsp;protein&nbsp;S5,71.1
981336.F944_02559,hisF,Imidazole&nbsp;glycerol&nbsp;phosphate&nbsp;synthase&nbsp;subunit&nbsp;HisF,71.1
981336.F944_01923,F944_01923,annotation&nbsp;not&nbsp;available,71.0
981336.F944_00107,F944_00107,annotation&nbsp;not&nbsp;available,71.0
981336.F944_02076,glpK,Glycerol&nbsp;kinase,70.9
981336.F944_02326,purU,Formyltetrahydrofolate&nbsp;deformylase,70.8
981336.F944_00776,moaA,"GTP&nbsp;3',8-cyclase",70.8
981336.F944_01766,F944_01766,annotation&nbsp;not&nbsp;available,70.7
981336.F944_01515,F944_01515,annotation&nbsp;not&nbsp;available,70.6
981336.F944_02364,leuC,3-isopropylmalate&nbsp;dehydratase&nbsp;large&nbsp;subunit,70.5
981336.F944_00008,rplL,50S&nbsp;ribosomal&nbsp;protein&nbsp;L7/L12,70.5
981336.F944_02041,F944_02041,annotation&nbsp;not&nbsp;available,70.5
981336.F944_01878,F944_01878,annotation&nbsp;not&nbsp;available,70.3
981336.F944_00764,F944_00764,annotation&nbsp;not&nbsp;available,70.3
981336.F944_01447,F944_01447,Integration&nbsp;host&nbsp;factor&nbsp;subunit&nbsp;beta,70.3
981336.F944_02032,betA,Oxygen-dependent&nbsp;choline&nbsp;dehydrogenase,70.2
981336.F944_01519,F944_01519,annotation&nbsp;not&nbsp;available,70.1
981336.F944_03192,ddl,D-alanine--D-alanine&nbsp;ligase,70.1
981336.F944_00641,F944_00641,annotation&nbsp;not&nbsp;available,69.8
981336.F944_01226,F944_01226,annotation&nbsp;not&nbsp;available,69.7
981336.F944_00839,F944_00839,annotation&nbsp;not&nbsp;available,69.4
981336.F944_02514,murE,"UDP-N-acetylmuramoyl-L-alanyl-D-glutamate--2,6-diaminopimelate&nbsp;ligase",69.2
981336.F944_03004,F944_03004,annotation&nbsp;not&nbsp;available,69.1
981336.F944_00708,F944_00708,annotation&nbsp;not&nbsp;available,69.0
981336.F944_01399,gidA,tRNA&nbsp;uridine&nbsp;5-carboxymethylaminomethyl&nbsp;modification&nbsp;enzyme&nbsp;MnmG,69.0
981336.F944_03190,ftsA,Cell&nbsp;division&nbsp;protein&nbsp;FtsA,68.9
981336.F944_00463,F944_00463,annotation&nbsp;not&nbsp;available,68.9
981336.F944_03245,F944_03245,"3,4-dihydroxy-2-butanone&nbsp;4-phosphate&nbsp;synthase",68.7
981336.F944_01720,folE,annotation&nbsp;not&nbsp;available,68.7
981336.F944_02177,F944_02177,annotation&nbsp;not&nbsp;available,68.7
981336.F944_01981,F944_01981,annotation&nbsp;not&nbsp;available,68.6
981336.F944_03198,pyrE,Orotate&nbsp;phosphoribosyltransferase,68.5
981336.F944_01522,F944_01522,annotation&nbsp;not&nbsp;available,68.5
981336.F944_00906,F944_00906,Phosphoenolpyruvate&nbsp;synthase,68.4
981336.F944_02539,F944_02539,annotation&nbsp;not&nbsp;available,68.3
981336.F944_02538,F944_02538,annotation&nbsp;not&nbsp;available,68.3
981336.F944_00976,surE,5'-nucleotidase&nbsp;SurE,68.3
981336.F944_01576,F944_01576,annotation&nbsp;not&nbsp;available,68.2
981336.F944_00009,rpoB,DNA-directed&nbsp;RNA&nbsp;polymerase&nbsp;subunit&nbsp;beta,68.2
981336.F944_00330,tolB,Protein&nbsp;TolB,67.9
981336.F944_01643,cysA,Sulfate/thiosulfate&nbsp;import&nbsp;ATP-binding&nbsp;protein&nbsp;CysA,67.8
981336.F944_02021,F944_02021,annotation&nbsp;not&nbsp;available,67.7
981336.F944_00689,F944_00689,annotation&nbsp;not&nbsp;available,67.6
981336.F944_00867,kdpC,Potassium-transporting&nbsp;ATPase&nbsp;KdpC&nbsp;subunit,67.5
981336.F944_00871,F944_00871,annotation&nbsp;not&nbsp;available,67.4
981336.F944_00520,F944_00520,annotation&nbsp;not&nbsp;available,67.4
981336.F944_00333,fbp,annotation&nbsp;not&nbsp;available,67.2
981336.F944_00439,rnhA,Ribonuclease&nbsp;H,67.2
981336.F944_03106,guaA,GMP&nbsp;synthase&nbsp;[glutamine-hydrolyzing],67.2
981336.F944_00780,F944_00780,annotation&nbsp;not&nbsp;available,67.2
981336.F944_03184,F944_03184,annotation&nbsp;not&nbsp;available,67.1
981336.F944_03265,purC,annotation&nbsp;not&nbsp;available,67.1
981336.F944_00506,F944_00506,annotation&nbsp;not&nbsp;available,66.9
981336.F944_01965,cysN,Sulfate&nbsp;adenylyltransferase&nbsp;subunit&nbsp;1,66.8
981336.F944_03078,atpF,ATP&nbsp;synthase&nbsp;subunit&nbsp;b,66.5
981336.F944_01462,F944_01462,annotation&nbsp;not&nbsp;available,66.5
981336.F944_02172,F944_02172,annotation&nbsp;not&nbsp;available,66.4
981336.F944_01980,hemA,Glutamyl-tRNA&nbsp;reductase,66.4
981336.F944_01449,cmk,annotation&nbsp;not&nbsp;available,66.4
981336.F944_00908,F944_00908,annotation&nbsp;not&nbsp;available,66.4
981336.F944_00973,argD,annotation&nbsp;not&nbsp;available,66.3
981336.F944_01591,nadK,NAD&nbsp;kinase,66.3
981336.F944_01192,ssuB,Aliphatic&nbsp;sulfonates&nbsp;import&nbsp;ATP-binding&nbsp;protein&nbsp;SsuB,66.3
981336.F944_00298,F944_00298,Exodeoxyribonuclease&nbsp;7&nbsp;large&nbsp;subunit,66.3
981336.F944_02515,ftsI,"Peptidoglycan&nbsp;D,D-transpeptidase&nbsp;FtsI",66.2
981336.F944_03325,yidC,Membrane&nbsp;protein&nbsp;insertase&nbsp;YidC,66.2
981336.F944_00840,bamA,Outer&nbsp;membrane&nbsp;protein&nbsp;assembly&nbsp;factor&nbsp;BamA,66.1
981336.F944_03322,rpmH,annotation&nbsp;not&nbsp;available,66.1
981336.F944_00408,prpB,2-methylisocitrate&nbsp;lyase,66.0
981336.F944_01713,trpD,Anthranilate&nbsp;phosphoribosyltransferase,66.0
981336.F944_03320,F944_03320,Beta&nbsp;sliding&nbsp;clamp,65.9
981336.F944_00102,F944_00102,annotation&nbsp;not&nbsp;available,65.6
981336.F944_00124,rplC,50S&nbsp;ribosomal&nbsp;protein&nbsp;L3,65.6
981336.F944_01596,F944_01596,annotation&nbsp;not&nbsp;available,65.6
981336.F944_03195,gshB,annotation&nbsp;not&nbsp;available,65.4
981336.F944_00869,kdpA,Potassium-transporting&nbsp;ATPase&nbsp;potassium-binding&nbsp;subunit,65.4
981336.F944_00382,F944_00382,annotation&nbsp;not&nbsp;available,65.4
981336.F944_02139,F944_02139,annotation&nbsp;not&nbsp;available,65.3
981336.F944_00604,F944_00604,Ribonucleoside-diphosphate&nbsp;reductase,65.3
981336.F944_01354,F944_01354,annotation&nbsp;not&nbsp;available,65.2
981336.F944_01477,mutL,DNA&nbsp;mismatch&nbsp;repair&nbsp;protein&nbsp;MutL,65.1
981336.F944_00006,rplA,50S&nbsp;ribosomal&nbsp;protein&nbsp;L1,65.0
981336.F944_00791,pyrG,CTP&nbsp;synthase,65.0
981336.F944_02361,leuB,3-isopropylmalate&nbsp;dehydrogenase,65.0
981336.F944_01988,prs,Ribose-phosphate&nbsp;pyrophosphokinase,64.9
981336.F944_01114,F944_01114,Ferredoxin,64.9
981336.F944_02091,lptE,LPS-assembly&nbsp;lipoprotein&nbsp;LptE,64.8
981336.F944_01410,F944_01410,annotation&nbsp;not&nbsp;available,64.8
981336.F944_02371,F944_02371,annotation&nbsp;not&nbsp;available,64.8
981336.F944_00606,F944_00606,Ribonucleoside-diphosphate&nbsp;reductase&nbsp;subunit&nbsp;beta,64.7
981336.F944_02888,F944_02888,annotation&nbsp;not&nbsp;available,64.6
981336.F944_00125,rplD,50S&nbsp;ribosomal&nbsp;protein&nbsp;L4,64.5
981336.F944_00136,rplE,50S&nbsp;ribosomal&nbsp;protein&nbsp;L5,64.5
981336.F944_02019,F944_02019,annotation&nbsp;not&nbsp;available,64.4
981336.F944_02149,minC,Probable&nbsp;septum&nbsp;site-determining&nbsp;protein&nbsp;MinC,64.3
981336.F944_01204,ileS,Isoleucine--tRNA&nbsp;ligase,64.2
981336.F944_02017,sucD,Succinate--CoA&nbsp;ligase&nbsp;[ADP-forming]&nbsp;subunit&nbsp;alpha,64.2
981336.F944_00595,F944_00595,annotation&nbsp;not&nbsp;available,64.1
981336.F944_02760,F944_02760,annotation&nbsp;not&nbsp;available,64.0
981336.F944_00910,F944_00910,annotation&nbsp;not&nbsp;available,63.7
981336.F944_02680,F944_02680,annotation&nbsp;not&nbsp;available,63.7
981336.F944_00103,F944_00103,annotation&nbsp;not&nbsp;available,63.5
981336.F944_00688,F944_00688,annotation&nbsp;not&nbsp;available,63.5
981336.F944_01642,F944_01642,annotation&nbsp;not&nbsp;available,63.4
981336.F944_00465,F944_00465,annotation&nbsp;not&nbsp;available,63.3
981336.F944_01956,F944_01956,annotation&nbsp;not&nbsp;available,63.3
981336.F944_01521,F944_01521,annotation&nbsp;not&nbsp;available,63.3
981336.F944_02382,rne,Ribonuclease&nbsp;E,63.2
981336.F944_02532,F944_02532,annotation&nbsp;not&nbsp;available,63.0
981336.F944_02224,F944_02224,annotation&nbsp;not&nbsp;available,62.9
981336.F944_00979,F944_00979,annotation&nbsp;not&nbsp;available,62.7
981336.F944_01645,rpmE,50S&nbsp;ribosomal&nbsp;protein&nbsp;L31,62.6
981336.F944_00379,F944_00379,annotation&nbsp;not&nbsp;available,62.6
981336.F944_00119,F944_00119,annotation&nbsp;not&nbsp;available,62.5
981336.F944_01989,rplY,50S&nbsp;ribosomal&nbsp;protein&nbsp;L25,62.5
981336.F944_00815,F944_00815,annotation&nbsp;not&nbsp;available,62.4
981336.F944_02023,F944_02023,annotation&nbsp;not&nbsp;available,62.4
981336.F944_02275,trpA,Tryptophan&nbsp;synthase&nbsp;alpha&nbsp;chain,62.4
981336.F944_00402,F944_00402,annotation&nbsp;not&nbsp;available,62.2
981336.F944_03287,dnaJ,Chaperone&nbsp;protein&nbsp;DnaJ,62.2
981336.F944_01775,F944_01775,annotation&nbsp;not&nbsp;available,62.1
981336.F944_00121,F944_00121,annotation&nbsp;not&nbsp;available,62.1
981336.F944_01407,purD,annotation&nbsp;not&nbsp;available,62.1
981336.F944_03036,F944_03036,annotation&nbsp;not&nbsp;available,62.0
981336.F944_01091,rpsB,annotation&nbsp;not&nbsp;available,61.9
981336.F944_02997,F944_02997,annotation&nbsp;not&nbsp;available,61.7
981336.F944_00466,F944_00466,annotation&nbsp;not&nbsp;available,61.7
981336.F944_01762,F944_01762,annotation&nbsp;not&nbsp;available,61.7
981336.F944_00923,metZ,O-succinylhomoserine&nbsp;sulfhydrylase,61.6
981336.F944_00322,F944_00322,annotation&nbsp;not&nbsp;available,61.6
981336.F944_03084,znuC,Zinc&nbsp;import&nbsp;ATP-binding&nbsp;protein&nbsp;ZnuC,61.6
981336.F944_02451,F944_02451,annotation&nbsp;not&nbsp;available,61.6
981336.F944_00105,F944_00105,annotation&nbsp;not&nbsp;available,61.5
981336.F944_01718,F944_01718,annotation&nbsp;not&nbsp;available,61.5
981336.F944_00789,eno,Enolase,61.5
981336.F944_00104,F944_00104,annotation&nbsp;not&nbsp;available,61.3
981336.F944_01242,F944_01242,annotation&nbsp;not&nbsp;available,61.2
981336.F944_01145,F944_01145,annotation&nbsp;not&nbsp;available,61.2
981336.F944_01029,F944_01029,annotation&nbsp;not&nbsp;available,61.0
981336.F944_02770,F944_02770,annotation&nbsp;not&nbsp;available,61.0
981336.F944_01014,F944_01014,annotation&nbsp;not&nbsp;available,61.0
981336.F944_00934,F944_00934,annotation&nbsp;not&nbsp;available,60.9
981336.F944_00902,prfA,Peptide&nbsp;chain&nbsp;release&nbsp;factor&nbsp;1,60.9
981336.F944_01573,purA,Adenylosuccinate&nbsp;synthetase,60.8
981336.F944_00909,F944_00909,annotation&nbsp;not&nbsp;available,60.8
981336.F944_02894,secD,Protein&nbsp;translocase&nbsp;subunit&nbsp;SecD,60.7
981336.F944_01817,F944_01817,annotation&nbsp;not&nbsp;available,60.7
981336.F944_00988,pstB,Phosphate&nbsp;import&nbsp;ATP-binding&nbsp;protein&nbsp;PstB,60.7
981336.F944_01924,F944_01924,Uncharacterized&nbsp;protein,60.6
981336.F944_00148,rpsD,30S&nbsp;ribosomal&nbsp;protein&nbsp;S4,60.6
981336.F944_00140,rplR,50S&nbsp;ribosomal&nbsp;protein&nbsp;L18,60.5
981336.F944_03248,thiL,Thiamine-monophosphate&nbsp;kinase,60.4
981336.F944_00464,gyrA,DNA&nbsp;gyrase&nbsp;subunit&nbsp;A,60.1
981336.F944_00152,F944_00152,annotation&nbsp;not&nbsp;available,60.1
981336.F944_01294,F944_01294,annotation&nbsp;not&nbsp;available,60.0
981336.F944_01992,F944_01992,"3,4-dihydroxy-2-butanone&nbsp;4-phosphate&nbsp;synthase",60.0
981336.F944_02785,F944_02785,annotation&nbsp;not&nbsp;available,60.0
981336.F944_03001,panB,3-methyl-2-oxobutanoate&nbsp;hydroxymethyltransferase,59.9
981336.F944_02961,F944_02961,NAD(P)&nbsp;transhydrogenase&nbsp;subunit&nbsp;beta,59.9
981336.F944_00133,rpsQ,30S&nbsp;ribosomal&nbsp;protein&nbsp;S17,59.8
981336.F944_00590,F944_00590,annotation&nbsp;not&nbsp;available,59.8
981336.F944_02707,F944_02707,annotation&nbsp;not&nbsp;available,59.8
981336.F944_02196,F944_02196,Bacterioferritin,59.7
981336.F944_00809,glnS,annotation&nbsp;not&nbsp;available,59.5
981336.F944_01239,F944_01239,Biotin&nbsp;carboxyl&nbsp;carrier&nbsp;protein&nbsp;of&nbsp;acetyl-CoA&nbsp;carboxylase,59.3
981336.F944_02820,gatB,Aspartyl/glutamyl-tRNA(Asn/Gln)&nbsp;amidotransferase&nbsp;subunit&nbsp;B,58.9
981336.F944_02513,murF,UDP-N-acetylmuramoyl-tripeptide--D-alanyl-D-alanine&nbsp;ligase,58.8
981336.F944_00345,F944_00345,annotation&nbsp;not&nbsp;available,58.8
981336.F944_01938,ureE,Urease&nbsp;accessory&nbsp;protein&nbsp;UreE,58.8
981336.F944_00544,purN,Phosphoribosylglycinamide&nbsp;formyltransferase,58.7
981336.F944_02822,gatC,Aspartyl/glutamyl-tRNA(Asn/Gln)&nbsp;amidotransferase&nbsp;subunit&nbsp;C,58.7
981336.F944_00541,F944_00541,annotation&nbsp;not&nbsp;available,58.6
981336.F944_01641,F944_01641,annotation&nbsp;not&nbsp;available,58.6
981336.F944_01978,bamD,Outer&nbsp;membrane&nbsp;protein&nbsp;assembly&nbsp;factor&nbsp;BamD,58.6
981336.F944_00142,rpmD,annotation&nbsp;not&nbsp;available,58.4
981336.F944_00129,rplV,50S&nbsp;ribosomal&nbsp;protein&nbsp;L22,58.3
981336.F944_02831,F944_02831,annotation&nbsp;not&nbsp;available,58.2
981336.F944_01547,F944_01547,annotation&nbsp;not&nbsp;available,58.1
981336.F944_00833,recA,Protein&nbsp;RecA,58.1
981336.F944_01847,nadE,Glutamine-dependent&nbsp;NAD(+)&nbsp;synthetase,57.9
981336.F944_00631,F944_00631,annotation&nbsp;not&nbsp;available,57.9
981336.F944_01165,F944_01165,annotation&nbsp;not&nbsp;available,57.8
981336.F944_02167,F944_02167,annotation&nbsp;not&nbsp;available,57.8
981336.F944_01308,F944_01308,annotation&nbsp;not&nbsp;available,57.8
981336.F944_02751,rplM,50S&nbsp;ribosomal&nbsp;protein&nbsp;L13,57.7
981336.F944_01187,argA,annotation&nbsp;not&nbsp;available,57.6
981336.F944_02057,F944_02057,annotation&nbsp;not&nbsp;available,57.5
981336.F944_00983,mnmA,tRNA-specific&nbsp;2-thiouridylase&nbsp;MnmA,57.5
981336.F944_00594,nuoH,NADH-quinone&nbsp;oxidoreductase&nbsp;subunit&nbsp;H,57.2
981336.F944_00564,metG,Methionine--tRNA&nbsp;ligase,57.2
981336.F944_02268,secA,Protein&nbsp;translocase&nbsp;subunit&nbsp;SecA,57.2
981336.F944_00561,F944_00561,annotation&nbsp;not&nbsp;available,57.1
981336.F944_01770,groS,10&nbsp;kDa&nbsp;chaperonin,57.0
981336.F944_00509,F944_00509,Molybdate-transporting&nbsp;ATPase,57.0
981336.F944_01398,F944_01398,annotation&nbsp;not&nbsp;available,57.0
981336.F944_00144,secY,Protein&nbsp;translocase&nbsp;subunit&nbsp;SecY,56.8
981336.F944_03305,F944_03305,annotation&nbsp;not&nbsp;available,56.8
981336.F944_01319,F944_01319,annotation&nbsp;not&nbsp;available,56.7
981336.F944_02238,F944_02238,annotation&nbsp;not&nbsp;available,56.6
981336.F944_03172,prfB,Peptide&nbsp;chain&nbsp;release&nbsp;factor&nbsp;2,56.6
981336.F944_01191,F944_01191,annotation&nbsp;not&nbsp;available,56.6
981336.F944_01739,F944_01739,annotation&nbsp;not&nbsp;available,56.5
981336.F944_01382,ftsY,Signal&nbsp;recognition&nbsp;particle&nbsp;receptor&nbsp;FtsY,56.5
981336.F944_02992,F944_02992,annotation&nbsp;not&nbsp;available,56.5
981336.F944_02083,prfC,Peptide&nbsp;chain&nbsp;release&nbsp;factor&nbsp;3,56.1
981336.F944_03161,F944_03161,annotation&nbsp;not&nbsp;available,56.1
981336.F944_02063,F944_02063,annotation&nbsp;not&nbsp;available,55.9
981336.F944_03077,atpH,ATP&nbsp;synthase&nbsp;subunit&nbsp;delta,55.7
981336.F944_02501,F944_02501,annotation&nbsp;not&nbsp;available,55.6
981336.F944_00990,F944_00990,Phosphate&nbsp;transport&nbsp;system&nbsp;permease&nbsp;protein,55.6
981336.F944_01112,mutS,DNA&nbsp;mismatch&nbsp;repair&nbsp;protein&nbsp;MutS,55.4
981336.F944_00138,rpsH,30S&nbsp;ribosomal&nbsp;protein&nbsp;S8,55.3
981336.F944_01663,F944_01663,annotation&nbsp;not&nbsp;available,55.3
981336.F944_01488,F944_01488,annotation&nbsp;not&nbsp;available,55.3
981336.F944_02079,F944_02079,Aconitate&nbsp;hydratase,55.2
981336.F944_00930,rpsU,annotation&nbsp;not&nbsp;available,55.2
981336.F944_00181,xpt,Xanthine&nbsp;phosphoribosyltransferase,55.0
981336.F944_02783,F944_02783,annotation&nbsp;not&nbsp;available,54.9
981336.F944_02487,fadA,3-ketoacyl-CoA&nbsp;thiolase,54.9
981336.F944_02750,rpsI,annotation&nbsp;not&nbsp;available,54.8
981336.F944_00360,F944_00360,annotation&nbsp;not&nbsp;available,54.7
981336.F944_03238,F944_03238,annotation&nbsp;not&nbsp;available,54.7
981336.F944_01448,F944_01448,30S&nbsp;ribosomal&nbsp;protein&nbsp;S1,54.7
981336.F944_00899,F944_00899,annotation&nbsp;not&nbsp;available,54.6
981336.F944_01927,adk,Adenylate&nbsp;kinase,54.6
981336.F944_02990,F944_02990,annotation&nbsp;not&nbsp;available,54.6
981336.F944_01293,F944_01293,annotation&nbsp;not&nbsp;available,54.5
981336.F944_01473,lptD,LPS-assembly&nbsp;protein&nbsp;LptD,54.4
981336.F944_01377,F944_01377,annotation&nbsp;not&nbsp;available,54.4
981336.F944_00297,F944_00297,annotation&nbsp;not&nbsp;available,54.3
981336.F944_00153,F944_00153,annotation&nbsp;not&nbsp;available,54.3
981336.F944_01299,F944_01299,Transaldolase,54.3
981336.F944_02945,F944_02945,annotation&nbsp;not&nbsp;available,54.3
981336.F944_02042,F944_02042,annotation&nbsp;not&nbsp;available,54.2
981336.F944_01240,F944_01240,annotation&nbsp;not&nbsp;available,54.1
981336.F944_03096,F944_03096,annotation&nbsp;not&nbsp;available,54.0
981336.F944_00959,F944_00959,annotation&nbsp;not&nbsp;available,54.0
981336.F944_02558,thrB,annotation&nbsp;not&nbsp;available,54.0
981336.F944_02351,asd,Aspartate-semialdehyde&nbsp;dehydrogenase,54.0
981336.F944_01277,F944_01277,annotation&nbsp;not&nbsp;available,54.0
981336.F944_02240,F944_02240,annotation&nbsp;not&nbsp;available,53.8
981336.F944_02967,ilvE,Branched-chain-amino-acid&nbsp;aminotransferase,53.8
981336.F944_00757,F944_00757,annotation&nbsp;not&nbsp;available,53.7
981336.F944_02107,F944_02107,annotation&nbsp;not&nbsp;available,53.7
981336.F944_02142,argB,Acetylglutamate&nbsp;kinase,53.7
981336.F944_02437,recC,RecBCD&nbsp;enzyme&nbsp;subunit&nbsp;RecC,53.5
981336.F944_02531,F944_02531,annotation&nbsp;not&nbsp;available,53.3
981336.F944_02005,F944_02005,annotation&nbsp;not&nbsp;available,53.2
981336.F944_02706,F944_02706,annotation&nbsp;not&nbsp;available,53.1
981336.F944_02020,F944_02020,Dihydrolipoyllysine-residue&nbsp;succinyltransferase&nbsp;component&nbsp;of&nbsp;2-oxoglutarate&nbsp;dehydrogenase&nbsp;complex,53.0
981336.F944_01508,purT,Formate-dependent&nbsp;phosphoribosylglycinamide&nbsp;formyltransferase,52.9
981336.F944_01272,F944_01272,Iron-sulfur&nbsp;cluster&nbsp;assembly&nbsp;scaffold&nbsp;protein&nbsp;IscU,52.9
981336.F944_01583,F944_01583,Adenine&nbsp;deaminase,52.7
981336.F944_00686,F944_00686,annotation&nbsp;not&nbsp;available,52.6
981336.F944_00325,ruvB,Holliday&nbsp;junction&nbsp;ATP-dependent&nbsp;DNA&nbsp;helicase&nbsp;RuvB,52.6
981336.F944_03020,himA,Integration&nbsp;host&nbsp;factor&nbsp;subunit&nbsp;alpha,52.6
981336.F944_01873,F944_01873,annotation&nbsp;not&nbsp;available,52.6
981336.F944_02090,leuS,annotation&nbsp;not&nbsp;available,52.5
981336.F944_01287,dnaX,DNA&nbsp;polymerase&nbsp;III&nbsp;subunit&nbsp;gamma/tau,52.5
981336.F944_01324,F944_01324,Transketolase,52.5
981336.F944_01480,F944_01480,annotation&nbsp;not&nbsp;available,52.4
981336.F944_02164,rpsG,30S&nbsp;ribosomal&nbsp;protein&nbsp;S7,52.2
981336.F944_03270,F944_03270,annotation&nbsp;not&nbsp;available,52.2
981336.F944_00394,uvrB,UvrABC&nbsp;system&nbsp;protein&nbsp;B,52.0
981336.F944_02359,infA,Translation&nbsp;initiation&nbsp;factor&nbsp;IF-1,51.9
981336.F944_03251,glmS,Glutamine--fructose-6-phosphate&nbsp;aminotransferase&nbsp;[isomerizing],51.9
981336.F944_02462,F944_02462,annotation&nbsp;not&nbsp;available,51.8
981336.F944_03074,atpD,ATP&nbsp;synthase&nbsp;subunit&nbsp;beta,51.8
981336.F944_00775,F944_00775,annotation&nbsp;not&nbsp;available,51.8
981336.F944_01888,F944_01888,annotation&nbsp;not&nbsp;available,51.8
981336.F944_00324,ruvA,Holliday&nbsp;junction&nbsp;ATP-dependent&nbsp;DNA&nbsp;helicase&nbsp;RuvA,51.7
981336.F944_02266,argJ,Arginine&nbsp;biosynthesis&nbsp;bifunctional&nbsp;protein&nbsp;ArgJ,51.7
981336.F944_02330,rpmG,annotation&nbsp;not&nbsp;available,51.6
981336.F944_03185,F944_03185,Pyruvate&nbsp;dehydrogenase&nbsp;E1&nbsp;component,51.6
981336.F944_00969,F944_00969,annotation&nbsp;not&nbsp;available,51.5
981336.F944_02504,aroK,Shikimate&nbsp;kinase,51.3
