1217658.F987_00021,glyA,Serine&nbsp;hydroxymethyltransferase,98.9
1217658.F987_01152,F987_01152,annotation&nbsp;not&nbsp;available,98.9
1217658.F987_00167,F987_00167,annotation&nbsp;not&nbsp;available,98.8
1217658.F987_02866,F987_02866,annotation&nbsp;not&nbsp;available,98.8
1217658.F987_02566,lptE,LPS-assembly&nbsp;lipoprotein&nbsp;LptE,98.8
1217658.F987_03853,rpsI,annotation&nbsp;not&nbsp;available,98.8
1217658.F987_00383,F987_00383,annotation&nbsp;not&nbsp;available,98.8
1217658.F987_03519,F987_03519,annotation&nbsp;not&nbsp;available,98.8
1217658.F987_01631,gyrA,DNA&nbsp;gyrase&nbsp;subunit&nbsp;A,98.7
1217658.F987_02767,infB,Translation&nbsp;initiation&nbsp;factor&nbsp;IF-2,98.7
1217658.F987_03118,F987_03118,annotation&nbsp;not&nbsp;available,98.6
1217658.F987_03116,F987_03116,annotation&nbsp;not&nbsp;available,98.6
1217658.F987_04291,F987_04291,annotation&nbsp;not&nbsp;available,98.5
1217658.F987_02092,F987_02092,annotation&nbsp;not&nbsp;available,98.5
1217658.F987_02436,F987_02436,annotation&nbsp;not&nbsp;available,98.4
1217658.F987_04303,F987_04303,annotation&nbsp;not&nbsp;available,98.4
1217658.F987_01663,F987_01663,annotation&nbsp;not&nbsp;available,98.4
1217658.F987_01629,F987_01629,annotation&nbsp;not&nbsp;available,98.3
1217658.F987_03670,rplF,50S&nbsp;ribosomal&nbsp;protein&nbsp;L6,98.2
1217658.F987_02870,F987_02870,annotation&nbsp;not&nbsp;available,98.2
1217658.F987_00411,F987_00411,annotation&nbsp;not&nbsp;available,98.2
1217658.F987_02841,F987_02841,annotation&nbsp;not&nbsp;available,98.1
1217658.F987_00141,F987_00141,annotation&nbsp;not&nbsp;available,98.1
1217658.F987_04430,F987_04430,annotation&nbsp;not&nbsp;available,98.1
1217658.F987_00555,F987_00555,annotation&nbsp;not&nbsp;available,98.1
1217658.F987_04131,groL,60&nbsp;kDa&nbsp;chaperonin,98.1
1217658.F987_03141,F987_03141,annotation&nbsp;not&nbsp;available,98.1
1217658.F987_01229,F987_01229,annotation&nbsp;not&nbsp;available,98.1
1217658.F987_02847,F987_02847,Phosphate-specific&nbsp;transport&nbsp;system&nbsp;accessory&nbsp;protein&nbsp;PhoU,98.0
1217658.F987_00942,F987_00942,annotation&nbsp;not&nbsp;available,97.9
1217658.F987_00678,F987_00678,annotation&nbsp;not&nbsp;available,97.9
1217658.F987_00621,F987_00621,annotation&nbsp;not&nbsp;available,97.8
1217658.F987_01088,F987_01088,annotation&nbsp;not&nbsp;available,97.8
1217658.F987_00608,F987_00608,annotation&nbsp;not&nbsp;available,97.8
1217658.F987_03321,F987_03321,annotation&nbsp;not&nbsp;available,97.7
1217658.F987_02996,F987_02996,Peptide&nbsp;deformylase,97.6
1217658.F987_01785,F987_01785,annotation&nbsp;not&nbsp;available,97.6
1217658.F987_03866,F987_03866,annotation&nbsp;not&nbsp;available,97.5
1217658.F987_01347,F987_01347,annotation&nbsp;not&nbsp;available,97.4
1217658.F987_04308,F987_04308,annotation&nbsp;not&nbsp;available,97.4
1217658.F987_02424,F987_02424,annotation&nbsp;not&nbsp;available,97.4
1217658.F987_01369,F987_01369,annotation&nbsp;not&nbsp;available,97.3
1217658.F987_01418,F987_01418,annotation&nbsp;not&nbsp;available,97.3
1217658.F987_01241,F987_01241,annotation&nbsp;not&nbsp;available,97.2
1217658.F987_00742,F987_00742,annotation&nbsp;not&nbsp;available,97.1
1217658.F987_01047,F987_01047,annotation&nbsp;not&nbsp;available,97.1
1217658.F987_01874,F987_01874,annotation&nbsp;not&nbsp;available,97.1
1217658.F987_01514,F987_01514,annotation&nbsp;not&nbsp;available,97.1
1217658.F987_02462,F987_02462,annotation&nbsp;not&nbsp;available,97.1
1217658.F987_01348,pyrC,Dihydroorotase,97.0
1217658.F987_02783,F987_02783,annotation&nbsp;not&nbsp;available,97.0
1217658.F987_01925,F987_01925,annotation&nbsp;not&nbsp;available,96.8
1217658.F987_04107,F987_04107,annotation&nbsp;not&nbsp;available,96.8
1217658.F987_02603,F987_02603,annotation&nbsp;not&nbsp;available,96.7
1217658.F987_03439,phnC,Phosphonates&nbsp;import&nbsp;ATP-binding&nbsp;protein&nbsp;PhnC,96.7
1217658.F987_02054,F987_02054,annotation&nbsp;not&nbsp;available,96.5
1217658.F987_02761,F987_02761,annotation&nbsp;not&nbsp;available,96.5
1217658.F987_01137,surE,5'-nucleotidase&nbsp;SurE,96.4
1217658.F987_00637,F987_00637,annotation&nbsp;not&nbsp;available,96.3
1217658.F987_03091,F987_03091,annotation&nbsp;not&nbsp;available,96.3
1217658.F987_02563,F987_02563,annotation&nbsp;not&nbsp;available,96.3
1217658.F987_03569,rplS,50S&nbsp;ribosomal&nbsp;protein&nbsp;L19,96.3
1217658.F987_01090,F987_01090,annotation&nbsp;not&nbsp;available,96.2
1217658.F987_00653,F987_00653,annotation&nbsp;not&nbsp;available,96.1
1217658.F987_04242,F987_04242,annotation&nbsp;not&nbsp;available,96.1
1217658.F987_00627,F987_00627,annotation&nbsp;not&nbsp;available,96.1
1217658.F987_03707,F987_03707,annotation&nbsp;not&nbsp;available,96.1
1217658.F987_04185,F987_04185,annotation&nbsp;not&nbsp;available,96.0
1217658.F987_03975,F987_03975,annotation&nbsp;not&nbsp;available,96.0
1217658.F987_03169,purE,N5-carboxyaminoimidazole&nbsp;ribonucleotide&nbsp;mutase,96.0
1217658.F987_01777,F987_01777,annotation&nbsp;not&nbsp;available,96.0
1217658.F987_00102,F987_00102,Penicillin-binding&nbsp;protein&nbsp;1B,96.0
1217658.F987_00889,F987_00889,annotation&nbsp;not&nbsp;available,95.9
1217658.F987_00794,F987_00794,Bifunctional&nbsp;protein&nbsp;PutA,95.8
1217658.F987_00005,F987_00005,annotation&nbsp;not&nbsp;available,95.8
1217658.F987_04017,F987_04017,annotation&nbsp;not&nbsp;available,95.7
1217658.F987_03193,rpmH,annotation&nbsp;not&nbsp;available,95.7
1217658.F987_01930,F987_01930,annotation&nbsp;not&nbsp;available,95.7
1217658.F987_01885,F987_01885,annotation&nbsp;not&nbsp;available,95.5
1217658.F987_03897,F987_03897,annotation&nbsp;not&nbsp;available,95.5
1217658.F987_01007,F987_01007,annotation&nbsp;not&nbsp;available,95.4
1217658.F987_02304,F987_02304,annotation&nbsp;not&nbsp;available,95.4
1217658.F987_03053,F987_03053,annotation&nbsp;not&nbsp;available,95.4
1217658.F987_03876,F987_03876,Acyl&nbsp;carrier&nbsp;protein,95.4
1217658.F987_00893,F987_00893,annotation&nbsp;not&nbsp;available,95.3
1217658.F987_00622,F987_00622,annotation&nbsp;not&nbsp;available,95.3
1217658.F987_03375,F987_03375,annotation&nbsp;not&nbsp;available,95.3
1217658.F987_01106,F987_01106,annotation&nbsp;not&nbsp;available,95.3
1217658.F987_01530,F987_01530,annotation&nbsp;not&nbsp;available,95.3
1217658.F987_03165,F987_03165,annotation&nbsp;not&nbsp;available,95.3
1217658.F987_02298,F987_02298,annotation&nbsp;not&nbsp;available,95.1
1217658.F987_03471,F987_03471,annotation&nbsp;not&nbsp;available,95.0
1217658.F987_03190,yidC,Membrane&nbsp;protein&nbsp;insertase&nbsp;YidC,94.9
1217658.F987_01036,F987_01036,annotation&nbsp;not&nbsp;available,94.9
1217658.F987_01576,F987_01576,annotation&nbsp;not&nbsp;available,94.9
1217658.F987_03957,trpA,Tryptophan&nbsp;synthase&nbsp;alpha&nbsp;chain,94.8
1217658.F987_01002,F987_01002,annotation&nbsp;not&nbsp;available,94.8
1217658.F987_01603,F987_01603,annotation&nbsp;not&nbsp;available,94.8
1217658.F987_02372,hisG,ATP&nbsp;phosphoribosyltransferase,94.8
1217658.F987_03102,F987_03102,annotation&nbsp;not&nbsp;available,94.6
1217658.F987_03499,F987_03499,annotation&nbsp;not&nbsp;available,94.5
1217658.F987_03949,F987_03949,Tryptophan&nbsp;synthase&nbsp;beta&nbsp;chain,94.5
1217658.F987_02613,mdh,Malate&nbsp;dehydrogenase,94.5
1217658.F987_04023,F987_04023,annotation&nbsp;not&nbsp;available,94.4
1217658.F987_03011,atpD,ATP&nbsp;synthase&nbsp;subunit&nbsp;beta,94.4
1217658.F987_04015,proS,Proline--tRNA&nbsp;ligase,94.3
1217658.F987_00674,F987_00674,annotation&nbsp;not&nbsp;available,94.3
1217658.F987_01700,F987_01700,annotation&nbsp;not&nbsp;available,94.3
1217658.F987_00332,F987_00332,annotation&nbsp;not&nbsp;available,94.2
1217658.F987_02863,F987_02863,Threonine&nbsp;synthase,94.1
1217658.F987_01236,F987_01236,annotation&nbsp;not&nbsp;available,94.0
1217658.F987_03720,F987_03720,annotation&nbsp;not&nbsp;available,93.9
1217658.F987_01667,F987_01667,annotation&nbsp;not&nbsp;available,93.9
1217658.F987_00231,ilvA,L-threonine&nbsp;dehydratase,93.9
1217658.F987_03958,accD,Acetyl-coenzyme&nbsp;A&nbsp;carboxylase&nbsp;carboxyl&nbsp;transferase&nbsp;subunit&nbsp;beta,93.9
1217658.F987_03937,F987_03937,annotation&nbsp;not&nbsp;available,93.9
1217658.F987_01523,F987_01523,annotation&nbsp;not&nbsp;available,93.8
1217658.F987_03016,atpE,ATP&nbsp;synthase&nbsp;subunit&nbsp;c,93.8
1217658.F987_03127,argA,annotation&nbsp;not&nbsp;available,93.8
1217658.F987_04234,F987_04234,annotation&nbsp;not&nbsp;available,93.8
1217658.F987_00704,F987_00704,Biotin&nbsp;carboxyl&nbsp;carrier&nbsp;protein&nbsp;of&nbsp;acetyl-CoA&nbsp;carboxylase,93.6
1217658.F987_00051,F987_00051,annotation&nbsp;not&nbsp;available,93.5
1217658.F987_04357,F987_04357,annotation&nbsp;not&nbsp;available,93.4
1217658.F987_02097,F987_02097,annotation&nbsp;not&nbsp;available,93.4
1217658.F987_00628,F987_00628,annotation&nbsp;not&nbsp;available,93.3
1217658.F987_01352,F987_01352,annotation&nbsp;not&nbsp;available,93.3
1217658.F987_00619,F987_00619,annotation&nbsp;not&nbsp;available,93.3
1217658.F987_02256,F987_02256,annotation&nbsp;not&nbsp;available,93.2
1217658.F987_03633,F987_03633,annotation&nbsp;not&nbsp;available,93.1
1217658.F987_00143,lptD,LPS-assembly&nbsp;protein&nbsp;LptD,93.1
1217658.F987_03658,rplB,50S&nbsp;ribosomal&nbsp;protein&nbsp;L2,93.0
1217658.F987_03685,F987_03685,annotation&nbsp;not&nbsp;available,93.0
1217658.F987_00638,F987_00638,annotation&nbsp;not&nbsp;available,93.0
1217658.F987_01445,F987_01445,Phosphoenolpyruvate&nbsp;synthase,92.9
1217658.F987_00787,F987_00787,annotation&nbsp;not&nbsp;available,92.8
1217658.F987_02083,argB,Acetylglutamate&nbsp;kinase,92.8
1217658.F987_02792,uvrC,UvrABC&nbsp;system&nbsp;protein&nbsp;C,92.7
1217658.F987_01550,cysA,Sulfate/thiosulfate&nbsp;import&nbsp;ATP-binding&nbsp;protein&nbsp;CysA,92.7
1217658.F987_02264,metG,Methionine--tRNA&nbsp;ligase,92.7
1217658.F987_01877,F987_01877,annotation&nbsp;not&nbsp;available,92.7
1217658.F987_02321,mqo,annotation&nbsp;not&nbsp;available,92.6
1217658.F987_00208,ftsY,Signal&nbsp;recognition&nbsp;particle&nbsp;receptor&nbsp;FtsY,92.6
1217658.F987_00002,F987_00002,annotation&nbsp;not&nbsp;available,92.6
1217658.F987_01572,F987_01572,annotation&nbsp;not&nbsp;available,92.6
1217658.F987_01543,tmk,Thymidylate&nbsp;kinase,92.6
1217658.F987_01252,F987_01252,annotation&nbsp;not&nbsp;available,92.6
1217658.F987_01395,F987_01395,annotation&nbsp;not&nbsp;available,92.5
1217658.F987_02991,F987_02991,annotation&nbsp;not&nbsp;available,92.4
1217658.F987_02762,F987_02762,annotation&nbsp;not&nbsp;available,92.4
1217658.F987_04382,rpoD,RNA&nbsp;polymerase&nbsp;sigma&nbsp;factor&nbsp;RpoD,92.4
1217658.F987_02390,F987_02390,annotation&nbsp;not&nbsp;available,92.4
1217658.F987_02561,ilvC,Ketol-acid&nbsp;reductoisomerase&nbsp;(NADP(+)),92.4
1217658.F987_00544,F987_00544,Tryptophan&nbsp;synthase&nbsp;beta&nbsp;chain,92.3
1217658.F987_02920,F987_02920,annotation&nbsp;not&nbsp;available,92.2
1217658.F987_03665,rplN,50S&nbsp;ribosomal&nbsp;protein&nbsp;L14,92.1
1217658.F987_01662,F987_01662,annotation&nbsp;not&nbsp;available,92.1
1217658.F987_01454,rpsF,30S&nbsp;ribosomal&nbsp;protein&nbsp;S6,92.0
1217658.F987_00188,glcB,Malate&nbsp;synthase&nbsp;G,92.0
1217658.F987_03216,F987_03216,16S&nbsp;rRNA&nbsp;(cytosine(967)-C(5))-methyltransferase,91.9
1217658.F987_01177,rpsU,annotation&nbsp;not&nbsp;available,91.9
1217658.F987_03753,F987_03753,annotation&nbsp;not&nbsp;available,91.9
1217658.F987_00701,F987_00701,annotation&nbsp;not&nbsp;available,91.9
1217658.F987_04027,F987_04027,annotation&nbsp;not&nbsp;available,91.9
1217658.F987_01430,F987_01430,annotation&nbsp;not&nbsp;available,91.8
1217658.F987_01485,F987_01485,annotation&nbsp;not&nbsp;available,91.8
1217658.F987_02454,F987_02454,annotation&nbsp;not&nbsp;available,91.8
1217658.F987_00894,F987_00894,annotation&nbsp;not&nbsp;available,91.8
1217658.F987_04124,F987_04124,annotation&nbsp;not&nbsp;available,91.7
1217658.F987_00388,F987_00388,annotation&nbsp;not&nbsp;available,91.7
1217658.F987_02741,rpsO,30S&nbsp;ribosomal&nbsp;protein&nbsp;S15,91.6
1217658.F987_01061,F987_01061,annotation&nbsp;not&nbsp;available,91.5
1217658.F987_02253,dcd,annotation&nbsp;not&nbsp;available,91.5
1217658.F987_00232,rpiA,Ribose-5-phosphate&nbsp;isomerase&nbsp;A,91.4
1217658.F987_03337,gshB,annotation&nbsp;not&nbsp;available,91.4
1217658.F987_03082,dld,Quinone-dependent&nbsp;D-lactate&nbsp;dehydrogenase,91.3
1217658.F987_03837,F987_03837,annotation&nbsp;not&nbsp;available,91.2
1217658.F987_00059,F987_00059,annotation&nbsp;not&nbsp;available,91.1
1217658.F987_03805,nagZ,Beta-hexosaminidase,91.1
1217658.F987_03184,F987_03184,annotation&nbsp;not&nbsp;available,91.1
1217658.F987_04038,carA,annotation&nbsp;not&nbsp;available,91.1
1217658.F987_03940,F987_03940,annotation&nbsp;not&nbsp;available,91.0
1217658.F987_00955,hscB,Co-chaperone&nbsp;protein&nbsp;HscB&nbsp;homolog,91.0
1217658.F987_02180,rplY,50S&nbsp;ribosomal&nbsp;protein&nbsp;L25,91.0
1217658.F987_04337,F987_04337,annotation&nbsp;not&nbsp;available,90.9
1217658.F987_02832,F987_02832,annotation&nbsp;not&nbsp;available,90.8
1217658.F987_01317,F987_01317,annotation&nbsp;not&nbsp;available,90.7
1217658.F987_01054,F987_01054,annotation&nbsp;not&nbsp;available,90.6
1217658.F987_01358,rnhA,Ribonuclease&nbsp;H,90.6
1217658.F987_03105,F987_03105,annotation&nbsp;not&nbsp;available,90.6
1217658.F987_03005,F987_03005,annotation&nbsp;not&nbsp;available,90.6
1217658.F987_00254,pyrG,CTP&nbsp;synthase,90.5
1217658.F987_03992,F987_03992,annotation&nbsp;not&nbsp;available,90.4
1217658.F987_00220,F987_00220,annotation&nbsp;not&nbsp;available,90.4
1217658.F987_04318,F987_04318,annotation&nbsp;not&nbsp;available,90.4
1217658.F987_02843,F987_02843,annotation&nbsp;not&nbsp;available,90.4
1217658.F987_01678,F987_01678,annotation&nbsp;not&nbsp;available,90.4
1217658.F987_02757,hisI,annotation&nbsp;not&nbsp;available,90.2
1217658.F987_01248,tsf,Elongation&nbsp;factor&nbsp;Ts,90.2
1217658.F987_01866,F987_01866,annotation&nbsp;not&nbsp;available,90.2
1217658.F987_02739,dctA,C4-dicarboxylate&nbsp;transport&nbsp;protein,90.2
1217658.F987_03655,rplC,50S&nbsp;ribosomal&nbsp;protein&nbsp;L3,90.1
1217658.F987_00081,F987_00081,annotation&nbsp;not&nbsp;available,90.1
1217658.F987_02035,F987_02035,annotation&nbsp;not&nbsp;available,90.0
1217658.F987_00751,F987_00751,annotation&nbsp;not&nbsp;available,90.0
1217658.F987_03803,F987_03803,annotation&nbsp;not&nbsp;available,89.8
1217658.F987_02066,sbcD,Nuclease&nbsp;SbcCD&nbsp;subunit&nbsp;D,89.7
1217658.F987_02171,bamD,Outer&nbsp;membrane&nbsp;protein&nbsp;assembly&nbsp;factor&nbsp;BamD,89.7
1217658.F987_03336,F987_03336,annotation&nbsp;not&nbsp;available,89.6
1217658.F987_02224,F987_02224,annotation&nbsp;not&nbsp;available,89.6
1217658.F987_02745,recC,RecBCD&nbsp;enzyme&nbsp;subunit&nbsp;RecC,89.5
1217658.F987_03965,secA,Protein&nbsp;translocase&nbsp;subunit&nbsp;SecA,89.5
1217658.F987_03922,F987_03922,annotation&nbsp;not&nbsp;available,89.4
1217658.F987_00100,F987_00100,annotation&nbsp;not&nbsp;available,89.4
1217658.F987_02034,F987_02034,annotation&nbsp;not&nbsp;available,89.3
1217658.F987_01867,F987_01867,annotation&nbsp;not&nbsp;available,89.3
1217658.F987_01914,F987_01914,annotation&nbsp;not&nbsp;available,89.3
1217658.F987_03674,rplO,50S&nbsp;ribosomal&nbsp;protein&nbsp;L15,89.3
1217658.F987_02873,F987_02873,annotation&nbsp;not&nbsp;available,89.2
1217658.F987_02201,F987_02201,annotation&nbsp;not&nbsp;available,89.2
1217658.F987_00557,F987_00557,annotation&nbsp;not&nbsp;available,89.2
1217658.F987_02853,gluQ,Glutamyl-Q&nbsp;tRNA(Asp)&nbsp;synthetase,89.2
1217658.F987_00849,F987_00849,annotation&nbsp;not&nbsp;available,89.1
1217658.F987_00812,metK,S-adenosylmethionine&nbsp;synthase,89.1
1217658.F987_00034,F987_00034,annotation&nbsp;not&nbsp;available,89.0
1217658.F987_02865,F987_02865,annotation&nbsp;not&nbsp;available,89.0
1217658.F987_01805,F987_01805,annotation&nbsp;not&nbsp;available,89.0
1217658.F987_03921,F987_03921,annotation&nbsp;not&nbsp;available,89.0
1217658.F987_02190,F987_02190,Acyl&nbsp;carrier&nbsp;protein,89.0
1217658.F987_01646,F987_01646,annotation&nbsp;not&nbsp;available,88.8
1217658.F987_01353,F987_01353,annotation&nbsp;not&nbsp;available,88.8
1217658.F987_01776,F987_01776,annotation&nbsp;not&nbsp;available,88.7
1217658.F987_01992,F987_01992,annotation&nbsp;not&nbsp;available,88.7
1217658.F987_00618,F987_00618,Phenylacetate-coenzyme&nbsp;A&nbsp;ligase,88.6
1217658.F987_02445,F987_02445,NAD(P)&nbsp;transhydrogenase&nbsp;subunit&nbsp;beta,88.6
1217658.F987_03653,F987_03653,annotation&nbsp;not&nbsp;available,88.6
1217658.F987_02405,pheT,annotation&nbsp;not&nbsp;available,88.5
1217658.F987_03316,F987_03316,annotation&nbsp;not&nbsp;available,88.4
1217658.F987_02232,ligA,DNA&nbsp;ligase,88.3
1217658.F987_03232,dapB,4-hydroxy-tetrahydrodipicolinate&nbsp;reductase,88.3
1217658.F987_03936,F987_03936,annotation&nbsp;not&nbsp;available,88.3
1217658.F987_02351,F987_02351,annotation&nbsp;not&nbsp;available,88.3
1217658.F987_00584,F987_00584,Phospho-2-dehydro-3-deoxyheptonate&nbsp;aldolase,88.3
1217658.F987_00174,F987_00174,annotation&nbsp;not&nbsp;available,88.3
1217658.F987_00169,F987_00169,annotation&nbsp;not&nbsp;available,88.1
1217658.F987_04380,lipB,Octanoyltransferase,88.1
1217658.F987_03022,F987_03022,annotation&nbsp;not&nbsp;available,88.1
1217658.F987_03086,F987_03086,annotation&nbsp;not&nbsp;available,88.0
1217658.F987_00119,rtcA,RNA&nbsp;3'-terminal&nbsp;phosphate&nbsp;cyclase,88.0
1217658.F987_02872,pepA,Probable&nbsp;cytosol&nbsp;aminopeptidase,88.0
1217658.F987_04256,adk,Adenylate&nbsp;kinase,87.9
1217658.F987_02748,F987_02748,annotation&nbsp;not&nbsp;available,87.8
1217658.F987_02234,smc,Chromosome&nbsp;partition&nbsp;protein&nbsp;Smc,87.8
1217658.F987_00675,F987_00675,annotation&nbsp;not&nbsp;available,87.8
1217658.F987_00554,F987_00554,annotation&nbsp;not&nbsp;available,87.8
1217658.F987_01330,F987_01330,annotation&nbsp;not&nbsp;available,87.8
1217658.F987_03277,F987_03277,annotation&nbsp;not&nbsp;available,87.7
1217658.F987_01420,F987_01420,annotation&nbsp;not&nbsp;available,87.7
1217658.F987_00655,F987_00655,annotation&nbsp;not&nbsp;available,87.6
1217658.F987_00705,F987_00705,annotation&nbsp;not&nbsp;available,87.6
1217658.F987_00050,F987_00050,annotation&nbsp;not&nbsp;available,87.6
1217658.F987_00073,F987_00073,annotation&nbsp;not&nbsp;available,87.6
1217658.F987_03621,aroE,Shikimate&nbsp;dehydrogenase&nbsp;(NADP(+)),87.5
1217658.F987_01579,ruvB,Holliday&nbsp;junction&nbsp;ATP-dependent&nbsp;DNA&nbsp;helicase&nbsp;RuvB,87.5
1217658.F987_01304,F987_01304,annotation&nbsp;not&nbsp;available,87.4
1217658.F987_01356,F987_01356,annotation&nbsp;not&nbsp;available,87.4
1217658.F987_02385,F987_02385,annotation&nbsp;not&nbsp;available,87.3
1217658.F987_03485,F987_03485,annotation&nbsp;not&nbsp;available,87.2
1217658.F987_03268,F987_03268,"3,4-dihydroxy-2-butanone&nbsp;4-phosphate&nbsp;synthase",87.2
1217658.F987_01062,F987_01062,annotation&nbsp;not&nbsp;available,87.2
1217658.F987_03502,F987_03502,annotation&nbsp;not&nbsp;available,87.1
1217658.F987_02624,xpt,Xanthine&nbsp;phosphoribosyltransferase,87.1
1217658.F987_02412,rplT,50S&nbsp;ribosomal&nbsp;protein&nbsp;L20,87.0
1217658.F987_03692,F987_03692,annotation&nbsp;not&nbsp;available,87.0
1217658.F987_03026,F987_03026,annotation&nbsp;not&nbsp;available,87.0
1217658.F987_02727,F987_02727,annotation&nbsp;not&nbsp;available,87.0
1217658.F987_02173,hemA,Glutamyl-tRNA&nbsp;reductase,86.9
1217658.F987_02309,F987_02309,Ribonucleoside-diphosphate&nbsp;reductase&nbsp;subunit&nbsp;beta,86.8
1217658.F987_03724,F987_03724,annotation&nbsp;not&nbsp;available,86.8
1217658.F987_03014,atpH,ATP&nbsp;synthase&nbsp;subunit&nbsp;delta,86.7
1217658.F987_01450,F987_01450,annotation&nbsp;not&nbsp;available,86.6
1217658.F987_02299,F987_02299,NADH-quinone&nbsp;oxidoreductase&nbsp;subunit&nbsp;F,86.6
1217658.F987_03258,dapA,4-hydroxy-tetrahydrodipicolinate&nbsp;synthase,86.6
1217658.F987_02602,F987_02602,annotation&nbsp;not&nbsp;available,86.5
1217658.F987_00850,F987_00850,annotation&nbsp;not&nbsp;available,86.5
1217658.F987_03943,F987_03943,annotation&nbsp;not&nbsp;available,86.5
1217658.F987_03889,F987_03889,annotation&nbsp;not&nbsp;available,86.4
1217658.F987_03131,F987_03131,annotation&nbsp;not&nbsp;available,86.2
1217658.F987_00748,F987_00748,annotation&nbsp;not&nbsp;available,86.2
1217658.F987_03551,rpoZ,DNA-directed&nbsp;RNA&nbsp;polymerase&nbsp;subunit&nbsp;omega,86.2
1217658.F987_02871,F987_02871,annotation&nbsp;not&nbsp;available,86.2
1217658.F987_04024,F987_04024,annotation&nbsp;not&nbsp;available,86.1
1217658.F987_01588,fbp,annotation&nbsp;not&nbsp;available,86.1
1217658.F987_04198,F987_04198,annotation&nbsp;not&nbsp;available,86.1
1217658.F987_02667,F987_02667,annotation&nbsp;not&nbsp;available,86.1
1217658.F987_00796,trmA,tRNA/tmRNA&nbsp;(uracil-C(5))-methyltransferase,86.1
1217658.F987_02826,tuf,Elongation&nbsp;factor&nbsp;Tu,86.0
1217658.F987_03189,mnmE,tRNA&nbsp;modification&nbsp;GTPase&nbsp;MnmE,86.0
1217658.F987_00669,F987_00669,Sulfurtransferase,86.0
1217658.F987_03079,prpB,2-methylisocitrate&nbsp;lyase,85.9
1217658.F987_02172,dnaG,DNA&nbsp;primase,85.7
1217658.F987_01808,F987_01808,annotation&nbsp;not&nbsp;available,85.6
1217658.F987_03478,hisH,Imidazole&nbsp;glycerol&nbsp;phosphate&nbsp;synthase&nbsp;subunit&nbsp;HisH,85.6
1217658.F987_04037,carB,annotation&nbsp;not&nbsp;available,85.5
1217658.F987_01027,F987_01027,annotation&nbsp;not&nbsp;available,85.5
1217658.F987_04264,F987_04264,Uncharacterized&nbsp;protein,85.5
1217658.F987_00905,F987_00905,Undecaprenyl-diphosphatase,85.4
1217658.F987_02867,F987_02867,annotation&nbsp;not&nbsp;available,85.4
1217658.F987_00539,F987_00539,annotation&nbsp;not&nbsp;available,85.3
1217658.F987_02824,secE,Protein&nbsp;translocase&nbsp;subunit&nbsp;SecE,85.3
1217658.F987_00634,F987_00634,annotation&nbsp;not&nbsp;available,85.3
1217658.F987_02626,thyA,Thymidylate&nbsp;synthase,85.3
1217658.F987_04186,F987_04186,annotation&nbsp;not&nbsp;available,85.3
1217658.F987_00175,F987_00175,Integration&nbsp;host&nbsp;factor&nbsp;subunit&nbsp;beta,85.1
1217658.F987_00877,F987_00877,annotation&nbsp;not&nbsp;available,85.0
1217658.F987_02108,rpsL,30S&nbsp;ribosomal&nbsp;protein&nbsp;S12,85.0
1217658.F987_03099,F987_03099,annotation&nbsp;not&nbsp;available,85.0
1217658.F987_01546,F987_01546,annotation&nbsp;not&nbsp;available,85.0
1217658.F987_01018,F987_01018,annotation&nbsp;not&nbsp;available,85.0
1217658.F987_02581,secB,Protein-export&nbsp;protein&nbsp;SecB,84.9
1217658.F987_02084,F987_02084,annotation&nbsp;not&nbsp;available,84.9
1217658.F987_00697,F987_00697,annotation&nbsp;not&nbsp;available,84.9
1217658.F987_02008,F987_02008,annotation&nbsp;not&nbsp;available,84.8
1217658.F987_00117,F987_00117,annotation&nbsp;not&nbsp;available,84.7
1217658.F987_02559,F987_02559,annotation&nbsp;not&nbsp;available,84.6
1217658.F987_03492,F987_03492,annotation&nbsp;not&nbsp;available,84.6
1217658.F987_01303,F987_01303,annotation&nbsp;not&nbsp;available,84.6
1217658.F987_00929,F987_00929,annotation&nbsp;not&nbsp;available,84.6
1217658.F987_03517,gltX,Glutamate--tRNA&nbsp;ligase,84.6
1217658.F987_01361,F987_01361,annotation&nbsp;not&nbsp;available,84.5
1217658.F987_03677,rpsM,30S&nbsp;ribosomal&nbsp;protein&nbsp;S13,84.5
1217658.F987_02187,F987_02187,annotation&nbsp;not&nbsp;available,84.5
1217658.F987_00975,F987_00975,annotation&nbsp;not&nbsp;available,84.5
1217658.F987_04001,F987_04001,annotation&nbsp;not&nbsp;available,84.4
1217658.F987_04029,F987_04029,annotation&nbsp;not&nbsp;available,84.3
1217658.F987_01415,F987_01415,annotation&nbsp;not&nbsp;available,84.2
1217658.F987_01087,F987_01087,annotation&nbsp;not&nbsp;available,84.1
1217658.F987_00614,F987_00614,annotation&nbsp;not&nbsp;available,84.1
1217658.F987_00626,F987_00626,annotation&nbsp;not&nbsp;available,84.1
1217658.F987_01763,F987_01763,annotation&nbsp;not&nbsp;available,84.1
1217658.F987_01336,trpC,annotation&nbsp;not&nbsp;available,84.0
1217658.F987_02208,F987_02208,Protein&nbsp;TonB,83.9
1217658.F987_02427,panB,3-methyl-2-oxobutanoate&nbsp;hydroxymethyltransferase,83.9
1217658.F987_02086,dut,Deoxyuridine&nbsp;5'-triphosphate&nbsp;nucleotidohydrolase,83.9
1217658.F987_01573,F987_01573,annotation&nbsp;not&nbsp;available,83.9
1217658.F987_01665,F987_01665,annotation&nbsp;not&nbsp;available,83.8
1217658.F987_03816,F987_03816,annotation&nbsp;not&nbsp;available,83.8
1217658.F987_03778,F987_03778,annotation&nbsp;not&nbsp;available,83.8
1217658.F987_03673,rpmD,annotation&nbsp;not&nbsp;available,83.8
1217658.F987_01847,F987_01847,annotation&nbsp;not&nbsp;available,83.6
1217658.F987_00224,F987_00224,annotation&nbsp;not&nbsp;available,83.6
1217658.F987_03635,F987_03635,annotation&nbsp;not&nbsp;available,83.6
1217658.F987_02205,F987_02205,annotation&nbsp;not&nbsp;available,83.4
1217658.F987_02881,F987_02881,annotation&nbsp;not&nbsp;available,83.4
1217658.F987_01064,F987_01064,annotation&nbsp;not&nbsp;available,83.4
1217658.F987_03015,atpF,ATP&nbsp;synthase&nbsp;subunit&nbsp;b,83.3
1217658.F987_03130,ssuD,Alkanesulfonate&nbsp;monooxygenase,83.2
1217658.F987_04219,hemL,annotation&nbsp;not&nbsp;available,83.1
1217658.F987_02966,F987_02966,annotation&nbsp;not&nbsp;available,83.0
1217658.F987_02972,F987_02972,annotation&nbsp;not&nbsp;available,83.0
1217658.F987_03384,F987_03384,Aminopyrimidine&nbsp;aminohydrolase,82.9
1217658.F987_00055,F987_00055,annotation&nbsp;not&nbsp;available,82.9
1217658.F987_04122,glpK,Glycerol&nbsp;kinase,82.9
1217658.F987_00551,recR,Recombination&nbsp;protein&nbsp;RecR,82.8
1217658.F987_02067,F987_02067,annotation&nbsp;not&nbsp;available,82.8
1217658.F987_04394,F987_04394,annotation&nbsp;not&nbsp;available,82.8
1217658.F987_01155,F987_01155,annotation&nbsp;not&nbsp;available,82.8
1217658.F987_02080,F987_02080,annotation&nbsp;not&nbsp;available,82.7
1217658.F987_03297,gshA,annotation&nbsp;not&nbsp;available,82.7
1217658.F987_03370,F987_03370,annotation&nbsp;not&nbsp;available,82.7
1217658.F987_01065,F987_01065,annotation&nbsp;not&nbsp;available,82.7
1217658.F987_04218,thiE,Thiamine-phosphate&nbsp;synthase,82.7
1217658.F987_00553,metZ,O-succinylhomoserine&nbsp;sulfhydrylase,82.6
1217658.F987_03875,F987_03875,annotation&nbsp;not&nbsp;available,82.6
1217658.F987_00597,F987_00597,annotation&nbsp;not&nbsp;available,82.6
1217658.F987_01666,F987_01666,annotation&nbsp;not&nbsp;available,82.6
1217658.F987_00240,F987_00240,annotation&nbsp;not&nbsp;available,82.4
1217658.F987_01495,F987_01495,Adenine&nbsp;deaminase,82.4
1217658.F987_03989,F987_03989,annotation&nbsp;not&nbsp;available,82.4
1217658.F987_00466,F987_00466,annotation&nbsp;not&nbsp;available,82.3
1217658.F987_02878,F987_02878,Riboflavin&nbsp;biosynthesis&nbsp;protein&nbsp;RibD,82.3
1217658.F987_00044,F987_00044,annotation&nbsp;not&nbsp;available,82.3
1217658.F987_02296,nuoI,NADH-quinone&nbsp;oxidoreductase&nbsp;subunit&nbsp;I,82.2
1217658.F987_03838,F987_03838,annotation&nbsp;not&nbsp;available,82.2
1217658.F987_02669,F987_02669,annotation&nbsp;not&nbsp;available,82.1
1217658.F987_01000,F987_01000,annotation&nbsp;not&nbsp;available,82.1
1217658.F987_02085,F987_02085,annotation&nbsp;not&nbsp;available,82.1
1217658.F987_02597,F987_02597,annotation&nbsp;not&nbsp;available,82.1
1217658.F987_03358,prfB,Peptide&nbsp;chain&nbsp;release&nbsp;factor&nbsp;2,82.1
1217658.F987_04358,F987_04358,annotation&nbsp;not&nbsp;available,82.1
1217658.F987_04243,F987_04243,Phosphate&nbsp;transport&nbsp;system&nbsp;permease&nbsp;protein,82.0
1217658.F987_02570,macB,Macrolide&nbsp;export&nbsp;ATP-binding/permease&nbsp;protein&nbsp;MacB,82.0
1217658.F987_03537,F987_03537,annotation&nbsp;not&nbsp;available,82.0
1217658.F987_03128,F987_03128,annotation&nbsp;not&nbsp;available,82.0
1217658.F987_01465,F987_01465,annotation&nbsp;not&nbsp;available,81.8
1217658.F987_03986,F987_03986,annotation&nbsp;not&nbsp;available,81.8
1217658.F987_02222,F987_02222,annotation&nbsp;not&nbsp;available,81.8
1217658.F987_02634,purU,Formyltetrahydrofolate&nbsp;deformylase,81.7
1217658.F987_01183,F987_01183,annotation&nbsp;not&nbsp;available,81.7
1217658.F987_03951,F987_03951,annotation&nbsp;not&nbsp;available,81.7
1217658.F987_02203,F987_02203,annotation&nbsp;not&nbsp;available,81.6
1217658.F987_01512,F987_01512,annotation&nbsp;not&nbsp;available,81.6
1217658.F987_04281,F987_04281,annotation&nbsp;not&nbsp;available,81.5
1217658.F987_04363,rplU,50S&nbsp;ribosomal&nbsp;protein&nbsp;L21,81.5
1217658.F987_02470,F987_02470,annotation&nbsp;not&nbsp;available,81.5
1217658.F987_03681,rplQ,annotation&nbsp;not&nbsp;available,81.5
1217658.F987_02458,F987_02458,annotation&nbsp;not&nbsp;available,81.4
1217658.F987_01466,F987_01466,annotation&nbsp;not&nbsp;available,81.4
1217658.F987_03360,F987_03360,annotation&nbsp;not&nbsp;available,81.4
1217658.F987_02678,leuC,3-isopropylmalate&nbsp;dehydratase&nbsp;large&nbsp;subunit,81.3
1217658.F987_03019,F987_03019,annotation&nbsp;not&nbsp;available,81.3
1217658.F987_03046,F987_03046,annotation&nbsp;not&nbsp;available,81.3
1217658.F987_02845,argH,annotation&nbsp;not&nbsp;available,81.2
1217658.F987_00623,F987_00623,annotation&nbsp;not&nbsp;available,81.2
1217658.F987_00661,F987_00661,annotation&nbsp;not&nbsp;available,81.1
1217658.F987_03089,F987_03089,annotation&nbsp;not&nbsp;available,81.1
1217658.F987_03664,rpsQ,30S&nbsp;ribosomal&nbsp;protein&nbsp;S17,81.1
1217658.F987_01782,F987_01782,annotation&nbsp;not&nbsp;available,81.0
1217658.F987_00928,F987_00928,annotation&nbsp;not&nbsp;available,81.0
1217658.F987_00079,F987_00079,annotation&nbsp;not&nbsp;available,80.9
1217658.F987_02660,lpxL,Lipid&nbsp;A&nbsp;biosynthesis&nbsp;lauroyltransferase,80.8
1217658.F987_01672,F987_01672,annotation&nbsp;not&nbsp;available,80.8
1217658.F987_01541,F987_01541,L-aspartate&nbsp;oxidase,80.7
1217658.F987_01070,F987_01070,annotation&nbsp;not&nbsp;available,80.7
1217658.F987_03654,rpsJ,30S&nbsp;ribosomal&nbsp;protein&nbsp;S10,80.7
1217658.F987_03660,rplV,50S&nbsp;ribosomal&nbsp;protein&nbsp;L22,80.7
1217658.F987_03730,tatA,Sec-independent&nbsp;protein&nbsp;translocase&nbsp;protein&nbsp;TatA,80.6
1217658.F987_02002,F987_02002,annotation&nbsp;not&nbsp;available,80.5
1217658.F987_03671,rplR,50S&nbsp;ribosomal&nbsp;protein&nbsp;L18,80.5
1217658.F987_01639,lysA,Diaminopimelate&nbsp;decarboxylase,80.5
1217658.F987_01156,F987_01156,annotation&nbsp;not&nbsp;available,80.4
1217658.F987_03668,rpsN,30S&nbsp;ribosomal&nbsp;protein&nbsp;S14,80.4
1217658.F987_00673,F987_00673,annotation&nbsp;not&nbsp;available,80.3
1217658.F987_04296,kdpC,Potassium-transporting&nbsp;ATPase&nbsp;KdpC&nbsp;subunit,80.3
1217658.F987_02831,trpE,Anthranilate&nbsp;synthase&nbsp;component&nbsp;1,80.3
1217658.F987_03484,F987_03484,annotation&nbsp;not&nbsp;available,80.2
1217658.F987_01786,F987_01786,annotation&nbsp;not&nbsp;available,80.1
1217658.F987_00172,cmk,annotation&nbsp;not&nbsp;available,80.1
1217658.F987_03862,F987_03862,annotation&nbsp;not&nbsp;available,80.1
1217658.F987_01807,F987_01807,annotation&nbsp;not&nbsp;available,80.0
1217658.F987_01578,ruvA,Holliday&nbsp;junction&nbsp;ATP-dependent&nbsp;DNA&nbsp;helicase&nbsp;RuvA,80.0
1217658.F987_01693,F987_01693,annotation&nbsp;not&nbsp;available,80.0
1217658.F987_02879,nrdR,Transcriptional&nbsp;repressor&nbsp;NrdR,80.0
1217658.F987_02384,F987_02384,annotation&nbsp;not&nbsp;available,80.0
1217658.F987_01212,F987_01212,annotation&nbsp;not&nbsp;available,79.9
1217658.F987_02174,F987_02174,annotation&nbsp;not&nbsp;available,79.9
1217658.F987_03342,ftsA,Cell&nbsp;division&nbsp;protein&nbsp;FtsA,79.8
1217658.F987_02118,nadE,Glutamine-dependent&nbsp;NAD(+)&nbsp;synthetase,79.8
1217658.F987_00115,aroA,3-phosphoshikimate&nbsp;1-carboxyvinyltransferase,79.8
1217658.F987_02188,F987_02188,annotation&nbsp;not&nbsp;available,79.8
1217658.F987_01582,F987_01582,annotation&nbsp;not&nbsp;available,79.8
1217658.F987_01694,F987_01694,annotation&nbsp;not&nbsp;available,79.7
1217658.F987_03570,truB,tRNA&nbsp;pseudouridine&nbsp;synthase&nbsp;B,79.7
1217658.F987_03289,F987_03289,annotation&nbsp;not&nbsp;available,79.6
1217658.F987_00891,F987_00891,annotation&nbsp;not&nbsp;available,79.6
1217658.F987_03801,ackA,Acetate&nbsp;kinase,79.6
1217658.F987_03652,F987_03652,annotation&nbsp;not&nbsp;available,79.5
1217658.F987_03365,acsA,Acetyl-coenzyme&nbsp;A&nbsp;synthetase,79.5
1217658.F987_04334,F987_04334,annotation&nbsp;not&nbsp;available,79.4
1217658.F987_00405,F987_00405,annotation&nbsp;not&nbsp;available,79.3
1217658.F987_00541,F987_00541,annotation&nbsp;not&nbsp;available,79.3
1217658.F987_03716,F987_03716,annotation&nbsp;not&nbsp;available,79.2
1217658.F987_02316,F987_02316,annotation&nbsp;not&nbsp;available,79.2
1217658.F987_01586,F987_01586,annotation&nbsp;not&nbsp;available,79.1
1217658.F987_02049,F987_02049,annotation&nbsp;not&nbsp;available,79.1
1217658.F987_00625,F987_00625,annotation&nbsp;not&nbsp;available,79.0
1217658.F987_01869,F987_01869,annotation&nbsp;not&nbsp;available,79.0
1217658.F987_03657,rplW,50S&nbsp;ribosomal&nbsp;protein&nbsp;L23,79.0
1217658.F987_03638,F987_03638,annotation&nbsp;not&nbsp;available,79.0
1217658.F987_04369,cysG,Siroheme&nbsp;synthase,78.9
1217658.F987_03905,F987_03905,annotation&nbsp;not&nbsp;available,78.9
1217658.F987_03534,aroB,3-dehydroquinate&nbsp;synthase,78.9
1217658.F987_00854,F987_00854,annotation&nbsp;not&nbsp;available,78.8
1217658.F987_02675,leuB,3-isopropylmalate&nbsp;dehydrogenase,78.7
1217658.F987_02191,F987_02191,annotation&nbsp;not&nbsp;available,78.7
1217658.F987_04009,F987_04009,annotation&nbsp;not&nbsp;available,78.7
1217658.F987_04197,F987_04197,annotation&nbsp;not&nbsp;available,78.6
1217658.F987_02666,asd,Aspartate-semialdehyde&nbsp;dehydrogenase,78.5
1217658.F987_03553,ispH,4-hydroxy-3-methylbut-2-enyl&nbsp;diphosphate&nbsp;reductase,78.5
1217658.F987_03839,F987_03839,annotation&nbsp;not&nbsp;available,78.5
1217658.F987_00650,frr,Ribosome-recycling&nbsp;factor,78.5
1217658.F987_01926,F987_01926,annotation&nbsp;not&nbsp;available,78.4
1217658.F987_02202,F987_02202,annotation&nbsp;not&nbsp;available,78.4
1217658.F987_02386,F987_02386,annotation&nbsp;not&nbsp;available,78.3
1217658.F987_03387,F987_03387,Single-stranded&nbsp;DNA-binding&nbsp;protein,78.3
1217658.F987_00427,F987_00427,annotation&nbsp;not&nbsp;available,78.2
1217658.F987_03343,ftsZ,Cell&nbsp;division&nbsp;protein&nbsp;FtsZ,78.1
1217658.F987_02677,leuD,3-isopropylmalate&nbsp;dehydratase&nbsp;small&nbsp;subunit,78.1
1217658.F987_03239,F987_03239,annotation&nbsp;not&nbsp;available,78.1
1217658.F987_03547,F987_03547,Bacterioferritin,78.0
1217658.F987_00871,F987_00871,annotation&nbsp;not&nbsp;available,78.0
1217658.F987_01208,F987_01208,annotation&nbsp;not&nbsp;available,78.0
1217658.F987_02343,nadA,Quinolinate&nbsp;synthase&nbsp;A,77.9
1217658.F987_01781,F987_01781,annotation&nbsp;not&nbsp;available,77.8
1217658.F987_03021,znuC,Zinc&nbsp;import&nbsp;ATP-binding&nbsp;protein&nbsp;ZnuC,77.8
1217658.F987_02957,F987_02957,annotation&nbsp;not&nbsp;available,77.7
1217658.F987_01401,F987_01401,annotation&nbsp;not&nbsp;available,77.7
1217658.F987_03533,aroK,Shikimate&nbsp;kinase,77.6
1217658.F987_03266,nusB,Transcription&nbsp;antitermination&nbsp;protein&nbsp;NusB,77.6
1217658.F987_03062,F987_03062,Alanine&nbsp;racemase,77.6
1217658.F987_02621,F987_02621,annotation&nbsp;not&nbsp;available,77.5
1217658.F987_00666,F987_00666,annotation&nbsp;not&nbsp;available,77.5
1217658.F987_01604,lolD,Lipoprotein-releasing&nbsp;system&nbsp;ATP-binding&nbsp;protein&nbsp;LolD,77.4
1217658.F987_00365,F987_00365,annotation&nbsp;not&nbsp;available,77.4
1217658.F987_03976,F987_03976,annotation&nbsp;not&nbsp;available,77.4
1217658.F987_04021,F987_04021,annotation&nbsp;not&nbsp;available,77.3
1217658.F987_03090,F987_03090,annotation&nbsp;not&nbsp;available,77.2
1217658.F987_03267,ribH,"6,7-dimethyl-8-ribityllumazine&nbsp;synthase",77.2
1217658.F987_03313,F987_03313,annotation&nbsp;not&nbsp;available,77.2
1217658.F987_02612,F987_02612,annotation&nbsp;not&nbsp;available,77.2
1217658.F987_02820,rplJ,50S&nbsp;ribosomal&nbsp;protein&nbsp;L10,77.2
1217658.F987_03800,F987_03800,Phosphate&nbsp;acetyltransferase,77.2
1217658.F987_01232,F987_01232,annotation&nbsp;not&nbsp;available,77.1
1217658.F987_00394,F987_00394,Sensor&nbsp;protein,77.1
1217658.F987_03257,F987_03257,annotation&nbsp;not&nbsp;available,77.1
1217658.F987_03414,F987_03414,annotation&nbsp;not&nbsp;available,77.0
1217658.F987_02567,F987_02567,annotation&nbsp;not&nbsp;available,77.0
1217658.F987_02580,F987_02580,Glutaredoxin,77.0
1217658.F987_04237,F987_04237,annotation&nbsp;not&nbsp;available,77.0
1217658.F987_03197,gyrB,DNA&nbsp;gyrase&nbsp;subunit&nbsp;B,76.9
1217658.F987_00606,F987_00606,annotation&nbsp;not&nbsp;available,76.8
1217658.F987_03150,F987_03150,annotation&nbsp;not&nbsp;available,76.8
1217658.F987_01351,F987_01351,annotation&nbsp;not&nbsp;available,76.7
1217658.F987_03327,F987_03327,annotation&nbsp;not&nbsp;available,76.7
1217658.F987_03323,F987_03323,annotation&nbsp;not&nbsp;available,76.7
1217658.F987_01222,F987_01222,Ferredoxin,76.7
1217658.F987_02056,F987_02056,annotation&nbsp;not&nbsp;available,76.6
1217658.F987_00528,F987_00528,annotation&nbsp;not&nbsp;available,76.6
1217658.F987_02461,F987_02461,annotation&nbsp;not&nbsp;available,76.5
1217658.F987_01510,purH,annotation&nbsp;not&nbsp;available,76.5
1217658.F987_03235,F987_03235,annotation&nbsp;not&nbsp;available,76.5
1217658.F987_02844,F987_02844,annotation&nbsp;not&nbsp;available,76.4
1217658.F987_00019,F987_00019,annotation&nbsp;not&nbsp;available,76.4
1217658.F987_02447,F987_02447,annotation&nbsp;not&nbsp;available,76.4
1217658.F987_02433,F987_02433,Uncharacterized&nbsp;protein,76.3
1217658.F987_02569,F987_02569,annotation&nbsp;not&nbsp;available,76.3
1217658.F987_03470,F987_03470,annotation&nbsp;not&nbsp;available,76.3
1217658.F987_00738,F987_00738,annotation&nbsp;not&nbsp;available,76.3
1217658.F987_02687,F987_02687,annotation&nbsp;not&nbsp;available,76.2
1217658.F987_03058,F987_03058,annotation&nbsp;not&nbsp;available,76.2
1217658.F987_00033,F987_00033,annotation&nbsp;not&nbsp;available,76.2
1217658.F987_02490,F987_02490,Aconitate&nbsp;hydratase,76.1
1217658.F987_03566,rpsP,annotation&nbsp;not&nbsp;available,76.1
1217658.F987_03493,F987_03493,annotation&nbsp;not&nbsp;available,76.1
1217658.F987_03093,F987_03093,annotation&nbsp;not&nbsp;available,76.0
1217658.F987_00470,F987_00470,annotation&nbsp;not&nbsp;available,76.0
1217658.F987_01447,F987_01447,annotation&nbsp;not&nbsp;available,76.0
1217658.F987_02295,F987_02295,annotation&nbsp;not&nbsp;available,75.9
1217658.F987_01449,F987_01449,annotation&nbsp;not&nbsp;available,75.9
1217658.F987_00042,F987_00042,annotation&nbsp;not&nbsp;available,75.9
1217658.F987_00366,F987_00366,2-dehydropantoate&nbsp;2-reductase,75.9
1217658.F987_01664,tauB,Taurine&nbsp;import&nbsp;ATP-binding&nbsp;protein&nbsp;TauB,75.9
1217658.F987_03796,F987_03796,Fumarate&nbsp;hydratase&nbsp;class&nbsp;I,75.9
1217658.F987_02302,nuoB,NADH-quinone&nbsp;oxidoreductase&nbsp;subunit&nbsp;B,75.8
1217658.F987_03055,F987_03055,annotation&nbsp;not&nbsp;available,75.8
1217658.F987_00707,F987_00707,annotation&nbsp;not&nbsp;available,75.7
1217658.F987_03822,F987_03822,annotation&nbsp;not&nbsp;available,75.7
1217658.F987_02047,F987_02047,annotation&nbsp;not&nbsp;available,75.7
1217658.F987_00977,F987_00977,annotation&nbsp;not&nbsp;available,75.6
1217658.F987_01048,F987_01048,annotation&nbsp;not&nbsp;available,75.6
1217658.F987_00455,F987_00455,annotation&nbsp;not&nbsp;available,75.6
1217658.F987_04333,F987_04333,annotation&nbsp;not&nbsp;available,75.6
1217658.F987_01647,F987_01647,annotation&nbsp;not&nbsp;available,75.5
1217658.F987_01856,fdhD,Sulfur&nbsp;carrier&nbsp;protein&nbsp;FdhD,75.4
1217658.F987_01035,F987_01035,annotation&nbsp;not&nbsp;available,75.4
1217658.F987_01305,F987_01305,annotation&nbsp;not&nbsp;available,75.4
1217658.F987_02393,F987_02393,annotation&nbsp;not&nbsp;available,75.4
1217658.F987_03523,murE,"UDP-N-acetylmuramoyl-L-alanyl-D-glutamate--2,6-diaminopimelate&nbsp;ligase",75.4
1217658.F987_03311,F987_03311,annotation&nbsp;not&nbsp;available,75.3
1217658.F987_02297,nuoH,NADH-quinone&nbsp;oxidoreductase&nbsp;subunit&nbsp;H,75.3
1217658.F987_03265,thiL,Thiamine-monophosphate&nbsp;kinase,75.3
1217658.F987_01044,F987_01044,annotation&nbsp;not&nbsp;available,75.3
1217658.F987_04282,gatC,Aspartyl/glutamyl-tRNA(Asn/Gln)&nbsp;amidotransferase&nbsp;subunit&nbsp;C,75.3
1217658.F987_03223,F987_03223,annotation&nbsp;not&nbsp;available,75.3
1217658.F987_03666,rplX,50S&nbsp;ribosomal&nbsp;protein&nbsp;L24,75.2
1217658.F987_02821,rplA,50S&nbsp;ribosomal&nbsp;protein&nbsp;L1,75.2
1217658.F987_02331,F987_02331,annotation&nbsp;not&nbsp;available,75.1
1217658.F987_00935,F987_00935,annotation&nbsp;not&nbsp;available,75.1
1217658.F987_02306,F987_02306,annotation&nbsp;not&nbsp;available,75.0
1217658.F987_00457,F987_00457,Phosphoribosyl-AMP&nbsp;cyclohydrolase,75.0
1217658.F987_03662,rplP,50S&nbsp;ribosomal&nbsp;protein&nbsp;L16,75.0
1217658.F987_01994,F987_01994,annotation&nbsp;not&nbsp;available,75.0
1217658.F987_03768,F987_03768,annotation&nbsp;not&nbsp;available,75.0
1217658.F987_00435,F987_00435,annotation&nbsp;not&nbsp;available,74.9
1217658.F987_04332,F987_04332,annotation&nbsp;not&nbsp;available,74.9
1217658.F987_02737,F987_02737,annotation&nbsp;not&nbsp;available,74.8
1217658.F987_04245,pstB,Phosphate&nbsp;import&nbsp;ATP-binding&nbsp;protein&nbsp;PstB,74.8
1217658.F987_01051,F987_01051,annotation&nbsp;not&nbsp;available,74.8
1217658.F987_00043,F987_00043,annotation&nbsp;not&nbsp;available,74.8
1217658.F987_02290,upp,Uracil&nbsp;phosphoribosyltransferase,74.7
1217658.F987_02608,F987_02608,annotation&nbsp;not&nbsp;available,74.7
1217658.F987_00676,F987_00676,annotation&nbsp;not&nbsp;available,74.7
1217658.F987_04118,folD,Bifunctional&nbsp;protein&nbsp;FolD,74.7
1217658.F987_00082,F987_00082,annotation&nbsp;not&nbsp;available,74.6
1217658.F987_03910,F987_03910,annotation&nbsp;not&nbsp;available,74.5
1217658.F987_02587,F987_02587,Coenzyme&nbsp;A&nbsp;biosynthesis&nbsp;bifunctional&nbsp;protein&nbsp;CoaBC,74.5
1217658.F987_00758,dnaX,DNA&nbsp;polymerase&nbsp;III&nbsp;subunit&nbsp;gamma/tau,74.5
1217658.F987_00142,surA,Chaperone&nbsp;SurA,74.4
1217658.F987_03907,ilvE,Branched-chain-amino-acid&nbsp;aminotransferase,74.2
1217658.F987_03013,atpA,ATP&nbsp;synthase&nbsp;subunit&nbsp;alpha,74.1
1217658.F987_01632,F987_01632,annotation&nbsp;not&nbsp;available,74.1
1217658.F987_02055,F987_02055,annotation&nbsp;not&nbsp;available,74.0
1217658.F987_03322,F987_03322,annotation&nbsp;not&nbsp;available,73.9
1217658.F987_03939,F987_03939,annotation&nbsp;not&nbsp;available,73.9
1217658.F987_02819,rplL,50S&nbsp;ribosomal&nbsp;protein&nbsp;L7/L12,73.8
1217658.F987_00967,F987_00967,Transaldolase,73.8
1217658.F987_02705,rpmE2,annotation&nbsp;not&nbsp;available,73.7
1217658.F987_03632,F987_03632,annotation&nbsp;not&nbsp;available,73.7
1217658.F987_02721,F987_02721,annotation&nbsp;not&nbsp;available,73.6
1217658.F987_03103,F987_03103,annotation&nbsp;not&nbsp;available,73.6
1217658.F987_03619,F987_03619,annotation&nbsp;not&nbsp;available,73.5
1217658.F987_01028,F987_01028,annotation&nbsp;not&nbsp;available,73.4
1217658.F987_04359,F987_04359,annotation&nbsp;not&nbsp;available,73.4
1217658.F987_03083,lldD,L-lactate&nbsp;dehydrogenase,73.4
1217658.F987_03895,secF,Protein-export&nbsp;membrane&nbsp;protein&nbsp;SecF,73.3
1217658.F987_04239,F987_04239,annotation&nbsp;not&nbsp;available,73.2
1217658.F987_00724,F987_00724,annotation&nbsp;not&nbsp;available,72.8
1217658.F987_02091,minC,Probable&nbsp;septum&nbsp;site-determining&nbsp;protein&nbsp;MinC,72.7
1217658.F987_01468,purA,Adenylosuccinate&nbsp;synthetase,72.7
1217658.F987_02500,F987_02500,annotation&nbsp;not&nbsp;available,72.7
1217658.F987_02344,argJ,Arginine&nbsp;biosynthesis&nbsp;bifunctional&nbsp;protein&nbsp;ArgJ,72.7
1217658.F987_04127,pckG,Phosphoenolpyruvate&nbsp;carboxykinase&nbsp;[GTP],72.7
1217658.F987_01633,F987_01633,annotation&nbsp;not&nbsp;available,72.7
1217658.F987_03270,F987_03270,annotation&nbsp;not&nbsp;available,72.6
1217658.F987_00936,rpsT,30S&nbsp;ribosomal&nbsp;protein&nbsp;S20,72.5
1217658.F987_03836,F987_03836,annotation&nbsp;not&nbsp;available,72.5
1217658.F987_02880,F987_02880,annotation&nbsp;not&nbsp;available,72.5
1217658.F987_04284,F987_04284,Cell&nbsp;shape-determining&nbsp;protein&nbsp;MreC,72.4
1217658.F987_03135,F987_03135,annotation&nbsp;not&nbsp;available,72.4
1217658.F987_03352,guaB,Inosine-5'-monophosphate&nbsp;dehydrogenase,72.4
1217658.F987_01518,gloB,Hydroxyacylglutathione&nbsp;hydrolase,72.3
1217658.F987_01855,F987_01855,annotation&nbsp;not&nbsp;available,72.2
1217658.F987_03035,guaA,GMP&nbsp;synthase&nbsp;[glutamine-hydrolyzing],72.2
1217658.F987_00491,F987_00491,annotation&nbsp;not&nbsp;available,72.2
1217658.F987_01715,F987_01715,annotation&nbsp;not&nbsp;available,72.2
1217658.F987_02452,F987_02452,annotation&nbsp;not&nbsp;available,72.2
1217658.F987_02358,F987_02358,annotation&nbsp;not&nbsp;available,72.2
1217658.F987_03129,F987_03129,annotation&nbsp;not&nbsp;available,72.1
1217658.F987_03309,F987_03309,annotation&nbsp;not&nbsp;available,72.1
1217658.F987_01419,F987_01419,annotation&nbsp;not&nbsp;available,72.1
1217658.F987_01725,F987_01725,annotation&nbsp;not&nbsp;available,72.1
1217658.F987_00624,F987_00624,annotation&nbsp;not&nbsp;available,72.0
1217658.F987_01316,uvrB,UvrABC&nbsp;system&nbsp;protein&nbsp;B,71.9
1217658.F987_00649,uppS,"Ditrans,polycis-undecaprenyl-diphosphate&nbsp;synthase&nbsp;((2E,6E)-farnesyl-diphosphate&nbsp;specific)",71.8
1217658.F987_00223,F987_00223,annotation&nbsp;not&nbsp;available,71.8
1217658.F987_02899,F987_02899,annotation&nbsp;not&nbsp;available,71.7
1217658.F987_03802,proA,Gamma-glutamyl&nbsp;phosphate&nbsp;reductase,71.7
1217658.F987_00414,F987_00414,annotation&nbsp;not&nbsp;available,71.7
1217658.F987_04432,F987_04432,annotation&nbsp;not&nbsp;available,71.6
1217658.F987_02122,F987_02122,annotation&nbsp;not&nbsp;available,71.5
1217658.F987_02505,F987_02505,annotation&nbsp;not&nbsp;available,71.5
1217658.F987_00103,nadK,NAD&nbsp;kinase,71.5
1217658.F987_03532,F987_03532,annotation&nbsp;not&nbsp;available,71.4
1217658.F987_04399,F987_04399,Dihydrolipoyllysine-residue&nbsp;succinyltransferase&nbsp;component&nbsp;of&nbsp;2-oxoglutarate&nbsp;dehydrogenase&nbsp;complex,71.4
1217658.F987_01234,F987_01234,annotation&nbsp;not&nbsp;available,71.4
1217658.F987_00903,F987_00903,annotation&nbsp;not&nbsp;available,71.4
1217658.F987_03634,F987_03634,annotation&nbsp;not&nbsp;available,71.4
1217658.F987_04247,F987_04247,annotation&nbsp;not&nbsp;available,71.3
1217658.F987_03437,F987_03437,annotation&nbsp;not&nbsp;available,71.3
1217658.F987_02007,F987_02007,annotation&nbsp;not&nbsp;available,71.3
1217658.F987_01349,rnt,Ribonuclease&nbsp;T,71.3
1217658.F987_03025,argS,annotation&nbsp;not&nbsp;available,71.2
1217658.F987_01838,hutG,Formimidoylglutamase,71.2
1217658.F987_03112,F987_03112,annotation&nbsp;not&nbsp;available,71.2
1217658.F987_04392,F987_04392,annotation&nbsp;not&nbsp;available,71.1
1217658.F987_04181,mtgA,Biosynthetic&nbsp;peptidoglycan&nbsp;transglycosylase,71.0
1217658.F987_02712,F987_02712,annotation&nbsp;not&nbsp;available,71.0
1217658.F987_00698,F987_00698,annotation&nbsp;not&nbsp;available,71.0
1217658.F987_01505,gidA,tRNA&nbsp;uridine&nbsp;5-carboxymethylaminomethyl&nbsp;modification&nbsp;enzyme&nbsp;MnmG,71.0
1217658.F987_01520,ahcY,Adenosylhomocysteinase,70.7
1217658.F987_01513,F987_01513,Methionine&nbsp;import&nbsp;ATP-binding&nbsp;protein&nbsp;MetN,70.7
1217658.F987_00039,F987_00039,annotation&nbsp;not&nbsp;available,70.6
1217658.F987_01076,F987_01076,annotation&nbsp;not&nbsp;available,70.6
1217658.F987_01455,rpsR,30S&nbsp;ribosomal&nbsp;protein&nbsp;S18,70.5
1217658.F987_02855,murD,UDP-N-acetylmuramoylalanine--D-glutamate&nbsp;ligase,70.4
1217658.F987_01997,F987_01997,annotation&nbsp;not&nbsp;available,70.4
1217658.F987_02421,thrS,Threonine--tRNA&nbsp;ligase,70.2
1217658.F987_04222,rapA,RNA&nbsp;polymerase-associated&nbsp;protein&nbsp;RapA,70.2
1217658.F987_03132,ssuB,Aliphatic&nbsp;sulfonates&nbsp;import&nbsp;ATP-binding&nbsp;protein&nbsp;SsuB,70.2
1217658.F987_02293,F987_02293,annotation&nbsp;not&nbsp;available,70.2
1217658.F987_02192,F987_02192,annotation&nbsp;not&nbsp;available,70.1
1217658.F987_04327,F987_04327,annotation&nbsp;not&nbsp;available,70.1
1217658.F987_03230,dnaJ,Chaperone&nbsp;protein&nbsp;DnaJ,70.1
1217658.F987_02875,F987_02875,annotation&nbsp;not&nbsp;available,70.1
1217658.F987_00919,pgk,annotation&nbsp;not&nbsp;available,70.0
1217658.F987_02369,hisC,annotation&nbsp;not&nbsp;available,70.0
1217658.F987_02760,F987_02760,annotation&nbsp;not&nbsp;available,70.0
1217658.F987_00944,recA,Protein&nbsp;RecA,70.0
1217658.F987_01797,F987_01797,annotation&nbsp;not&nbsp;available,69.9
1217658.F987_01839,F987_01839,annotation&nbsp;not&nbsp;available,69.9
1217658.F987_04020,F987_04020,annotation&nbsp;not&nbsp;available,69.9
1217658.F987_03878,F987_03878,annotation&nbsp;not&nbsp;available,69.8
1217658.F987_03858,F987_03858,annotation&nbsp;not&nbsp;available,69.8
1217658.F987_00110,F987_00110,annotation&nbsp;not&nbsp;available,69.7
1217658.F987_02869,gpmI,"2,3-bisphosphoglycerate-independent&nbsp;phosphoglycerate&nbsp;mutase",69.7
1217658.F987_03552,gmk,Guanylate&nbsp;kinase,69.7
1217658.F987_03195,F987_03195,Beta&nbsp;sliding&nbsp;clamp,69.7
1217658.F987_03522,ftsI,"Peptidoglycan&nbsp;D,D-transpeptidase&nbsp;FtsI",69.7
1217658.F987_04397,F987_04397,annotation&nbsp;not&nbsp;available,69.6
1217658.F987_03240,F987_03240,annotation&nbsp;not&nbsp;available,69.6
1217658.F987_00699,F987_00699,annotation&nbsp;not&nbsp;available,69.5
1217658.F987_00203,F987_00203,annotation&nbsp;not&nbsp;available,69.5
1217658.F987_03676,rpmJ,annotation&nbsp;not&nbsp;available,69.5
1217658.F987_01268,cysN,Sulfate&nbsp;adenylyltransferase&nbsp;subunit&nbsp;1,69.4
1217658.F987_03890,F987_03890,annotation&nbsp;not&nbsp;available,69.4
1217658.F987_01545,F987_01545,annotation&nbsp;not&nbsp;available,69.4
1217658.F987_03631,F987_03631,annotation&nbsp;not&nbsp;available,69.3
1217658.F987_03347,F987_03347,Pyruvate&nbsp;dehydrogenase&nbsp;E1&nbsp;component,69.3
1217658.F987_01354,F987_01354,annotation&nbsp;not&nbsp;available,69.2
1217658.F987_03012,atpG,ATP&nbsp;synthase&nbsp;gamma&nbsp;chain,69.2
1217658.F987_04436,F987_04436,annotation&nbsp;not&nbsp;available,69.2
1217658.F987_02842,hemC,Porphobilinogen&nbsp;deaminase,69.2
1217658.F987_03525,mraY,Phospho-N-acetylmuramoyl-pentapeptide-transferase,69.2
1217658.F987_03702,rnr,Ribonuclease&nbsp;R,69.2
1217658.F987_01451,cyoE,Protoheme&nbsp;IX&nbsp;farnesyltransferase,69.2
1217658.F987_03663,rpmC,annotation&nbsp;not&nbsp;available,69.1
1217658.F987_00636,F987_00636,annotation&nbsp;not&nbsp;available,69.1
1217658.F987_04253,mrdA,"Peptidoglycan&nbsp;D,D-transpeptidase&nbsp;MrdA",69.1
1217658.F987_01456,rplI,50S&nbsp;ribosomal&nbsp;protein&nbsp;L9,69.0
1217658.F987_02562,F987_02562,annotation&nbsp;not&nbsp;available,68.8
1217658.F987_00111,F987_00111,annotation&nbsp;not&nbsp;available,68.8
1217658.F987_00423,F987_00423,annotation&nbsp;not&nbsp;available,68.7
1217658.F987_03154,grpE,Protein&nbsp;GrpE,68.6
1217658.F987_03659,rpsS,30S&nbsp;ribosomal&nbsp;protein&nbsp;S19,68.6
1217658.F987_03948,trpF,annotation&nbsp;not&nbsp;available,68.6
1217658.F987_01189,F987_01189,annotation&nbsp;not&nbsp;available,68.5
1217658.F987_01089,F987_01089,annotation&nbsp;not&nbsp;available,68.5
1217658.F987_03854,rplM,50S&nbsp;ribosomal&nbsp;protein&nbsp;L13,68.3
1217658.F987_04244,F987_04244,annotation&nbsp;not&nbsp;available,68.2
1217658.F987_02822,rplK,50S&nbsp;ribosomal&nbsp;protein&nbsp;L11,68.2
1217658.F987_00927,F987_00927,annotation&nbsp;not&nbsp;available,68.1
1217658.F987_02186,F987_02186,"3,4-dihydroxy-2-butanone&nbsp;4-phosphate&nbsp;synthase",68.0
1217658.F987_00356,F987_00356,annotation&nbsp;not&nbsp;available,68.0
1217658.F987_01198,F987_01198,annotation&nbsp;not&nbsp;available,67.9
1217658.F987_03225,ppc,Phosphoenolpyruvate&nbsp;carboxylase,67.9
1217658.F987_03675,secY,Protein&nbsp;translocase&nbsp;subunit&nbsp;SecY,67.9
1217658.F987_01583,F987_01583,annotation&nbsp;not&nbsp;available,67.7
1217658.F987_04364,rpmA,annotation&nbsp;not&nbsp;available,67.6
1217658.F987_03678,rpsK,30S&nbsp;ribosomal&nbsp;protein&nbsp;S11,67.6
1217658.F987_02294,nuoK,NADH-quinone&nbsp;oxidoreductase&nbsp;subunit&nbsp;K,67.6
1217658.F987_01306,proB,Glutamate&nbsp;5-kinase,67.5
1217658.F987_03056,F987_03056,annotation&nbsp;not&nbsp;available,67.4
1217658.F987_01443,F987_01443,annotation&nbsp;not&nbsp;available,67.4
1217658.F987_04194,F987_04194,annotation&nbsp;not&nbsp;available,67.2
1217658.F987_03475,hisA,annotation&nbsp;not&nbsp;available,67.2
1217658.F987_01320,F987_01320,annotation&nbsp;not&nbsp;available,67.1
1217658.F987_00853,F987_00853,Methionine&nbsp;import&nbsp;ATP-binding&nbsp;protein&nbsp;MetN,67.1
1217658.F987_01769,F987_01769,annotation&nbsp;not&nbsp;available,67.0
1217658.F987_00696,F987_00696,Molybdenum&nbsp;cofactor&nbsp;guanylyltransferase,67.0
1217658.F987_03155,dnaK,Chaperone&nbsp;protein&nbsp;DnaK,67.0
1217658.F987_04298,F987_04298,annotation&nbsp;not&nbsp;available,66.9
1217658.F987_01269,cysD,annotation&nbsp;not&nbsp;available,66.9
1217658.F987_00915,gpsA,annotation&nbsp;not&nbsp;available,66.9
1217658.F987_02223,F987_02223,annotation&nbsp;not&nbsp;available,66.8
1217658.F987_02578,rsgA,Small&nbsp;ribosomal&nbsp;subunit&nbsp;biogenesis&nbsp;GTPase&nbsp;RsgA,66.8
1217658.F987_00720,F987_00720,annotation&nbsp;not&nbsp;available,66.8
1217658.F987_00180,pyrF,Orotidine&nbsp;5'-phosphate&nbsp;decarboxylase,66.8
1217658.F987_03340,ddl,D-alanine--D-alanine&nbsp;ligase,66.7
1217658.F987_02637,rpmB,annotation&nbsp;not&nbsp;available,66.7
1217658.F987_02862,F987_02862,annotation&nbsp;not&nbsp;available,66.6
1217658.F987_02394,polA,DNA&nbsp;polymerase&nbsp;I,66.5
1217658.F987_00097,F987_00097,annotation&nbsp;not&nbsp;available,66.5
1217658.F987_03027,F987_03027,annotation&nbsp;not&nbsp;available,66.4
1217658.F987_00677,moaA,"GTP&nbsp;3',8-cyclase",66.3
1217658.F987_03575,F987_03575,annotation&nbsp;not&nbsp;available,66.2
1217658.F987_00996,F987_00996,annotation&nbsp;not&nbsp;available,66.2
1217658.F987_00952,iscS,Cysteine&nbsp;desulfurase&nbsp;IscS,66.2
1217658.F987_01335,trpD,Anthranilate&nbsp;phosphoribosyltransferase,66.1
1217658.F987_02068,F987_02068,annotation&nbsp;not&nbsp;available,66.1
1217658.F987_01767,F987_01767,annotation&nbsp;not&nbsp;available,66.0
1217658.F987_00876,purT,Formate-dependent&nbsp;phosphoribosylglycinamide&nbsp;formyltransferase,66.0
1217658.F987_00723,F987_00723,annotation&nbsp;not&nbsp;available,65.9
1217658.F987_02698,rne,Ribonuclease&nbsp;E,65.9
1217658.F987_03529,F987_03529,annotation&nbsp;not&nbsp;available,65.8
1217658.F987_02955,F987_02955,annotation&nbsp;not&nbsp;available,65.7
1217658.F987_01787,aroD,3-dehydroquinate&nbsp;dehydratase,65.7
1217658.F987_00643,lpxD,UDP-3-O-acylglucosamine&nbsp;N-acyltransferase,65.6
1217658.F987_00702,F987_00702,annotation&nbsp;not&nbsp;available,65.3
1217658.F987_00202,F987_00202,annotation&nbsp;not&nbsp;available,65.3
1217658.F987_04297,F987_04297,annotation&nbsp;not&nbsp;available,65.2
1217658.F987_00657,F987_00657,Ornithine&nbsp;carbamoyltransferase,65.2
1217658.F987_03077,F987_03077,annotation&nbsp;not&nbsp;available,65.2
1217658.F987_03732,F987_03732,dITP/XTP&nbsp;pyrophosphatase,65.1
1217658.F987_00078,F987_00078,annotation&nbsp;not&nbsp;available,65.1
1217658.F987_01780,F987_01780,annotation&nbsp;not&nbsp;available,65.1
1217658.F987_01585,tolB,Protein&nbsp;TolB,65.0
1217658.F987_02744,recB,RecBCD&nbsp;enzyme&nbsp;subunit&nbsp;RecB,65.0
1217658.F987_03138,ileS,Isoleucine--tRNA&nbsp;ligase,65.0
1217658.F987_00878,F987_00878,annotation&nbsp;not&nbsp;available,65.0
1217658.F987_01339,folE,annotation&nbsp;not&nbsp;available,64.9
1217658.F987_00004,lipA,Lipoyl&nbsp;synthase,64.9
1217658.F987_03117,rph,Ribonuclease&nbsp;PH,64.9
1217658.F987_02291,nuoN,NADH-quinone&nbsp;oxidoreductase&nbsp;subunit&nbsp;N,64.7
1217658.F987_02193,rpmF,annotation&nbsp;not&nbsp;available,64.7
1217658.F987_02168,F987_02168,annotation&nbsp;not&nbsp;available,64.7
1217658.F987_01884,F987_01884,annotation&nbsp;not&nbsp;available,64.7
1217658.F987_03650,F987_03650,annotation&nbsp;not&nbsp;available,64.6
1217658.F987_02113,F987_02113,annotation&nbsp;not&nbsp;available,64.6
1217658.F987_01630,F987_01630,annotation&nbsp;not&nbsp;available,64.5
1217658.F987_02440,F987_02440,annotation&nbsp;not&nbsp;available,64.5
1217658.F987_01220,mutS,DNA&nbsp;mismatch&nbsp;repair&nbsp;protein&nbsp;MutS,64.5
1217658.F987_02301,nuoC,NADH-quinone&nbsp;oxidoreductase&nbsp;subunit&nbsp;C/D,64.4
1217658.F987_01601,F987_01601,annotation&nbsp;not&nbsp;available,64.4
1217658.F987_02327,betB,NAD/NADP-dependent&nbsp;betaine&nbsp;aldehyde&nbsp;dehydrogenase,64.4
1217658.F987_01249,rpsB,annotation&nbsp;not&nbsp;available,64.4
1217658.F987_02453,F987_02453,annotation&nbsp;not&nbsp;available,64.4
1217658.F987_00645,bamA,Outer&nbsp;membrane&nbsp;protein&nbsp;assembly&nbsp;factor&nbsp;BamA,64.4
1217658.F987_02233,F987_02233,Cell&nbsp;division&nbsp;protein&nbsp;ZipA,64.4
1217658.F987_02105,ESK42086.1,annotation&nbsp;not&nbsp;available,64.4
1217658.F987_01915,F987_01915,annotation&nbsp;not&nbsp;available,64.2
1217658.F987_01695,F987_01695,annotation&nbsp;not&nbsp;available,64.2
1217658.F987_01313,F987_01313,annotation&nbsp;not&nbsp;available,64.1
1217658.F987_04331,F987_04331,annotation&nbsp;not&nbsp;available,64.0
1217658.F987_02242,ffh,Signal&nbsp;recognition&nbsp;particle&nbsp;protein,63.9
1217658.F987_00664,fumC,Fumarate&nbsp;hydratase&nbsp;class&nbsp;II,63.9
1217658.F987_00473,F987_00473,annotation&nbsp;not&nbsp;available,63.9
1217658.F987_01045,F987_01045,annotation&nbsp;not&nbsp;available,63.9
1217658.F987_01109,argG,annotation&nbsp;not&nbsp;available,63.9
1217658.F987_00703,aroQ,3-dehydroquinate&nbsp;dehydratase,63.8
1217658.F987_01896,clpB,Chaperone&nbsp;protein&nbsp;ClpB,63.8
1217658.F987_01145,F987_01145,annotation&nbsp;not&nbsp;available,63.8
1217658.F987_00654,F987_00654,annotation&nbsp;not&nbsp;available,63.7
1217658.F987_04280,F987_04280,annotation&nbsp;not&nbsp;available,63.7
1217658.F987_02206,F987_02206,annotation&nbsp;not&nbsp;available,63.6
1217658.F987_01598,purN,Phosphoribosylglycinamide&nbsp;formyltransferase,63.6
1217658.F987_03661,rpsC,30S&nbsp;ribosomal&nbsp;protein&nbsp;S3,63.6
1217658.F987_00244,F987_00244,annotation&nbsp;not&nbsp;available,63.5
1217658.F987_01784,F987_01784,annotation&nbsp;not&nbsp;available,63.5
1217658.F987_00852,F987_00852,annotation&nbsp;not&nbsp;available,63.4
1217658.F987_02936,ppa,Inorganic&nbsp;pyrophosphatase,63.3
1217658.F987_02565,leuS,annotation&nbsp;not&nbsp;available,63.2
1217658.F987_01717,F987_01717,annotation&nbsp;not&nbsp;available,63.2
1217658.F987_00632,F987_00632,annotation&nbsp;not&nbsp;available,63.2
1217658.F987_03829,F987_03829,annotation&nbsp;not&nbsp;available,63.1
1217658.F987_00916,F987_00916,annotation&nbsp;not&nbsp;available,63.1
1217658.F987_02949,F987_02949,annotation&nbsp;not&nbsp;available,63.1
1217658.F987_01765,F987_01765,annotation&nbsp;not&nbsp;available,63.1
1217658.F987_02773,F987_02773,annotation&nbsp;not&nbsp;available,63.1
1217658.F987_00957,F987_00957,annotation&nbsp;not&nbsp;available,63.0
1217658.F987_02606,F987_02606,annotation&nbsp;not&nbsp;available,63.0
1217658.F987_01882,F987_01882,annotation&nbsp;not&nbsp;available,63.0
1217658.F987_01563,F987_01563,annotation&nbsp;not&nbsp;available,62.9
1217658.F987_03644,plsB,annotation&nbsp;not&nbsp;available,62.9
1217658.F987_04429,F987_04429,annotation&nbsp;not&nbsp;available,62.9
1217658.F987_00471,F987_00471,annotation&nbsp;not&nbsp;available,62.8
1217658.F987_00542,F987_00542,annotation&nbsp;not&nbsp;available,62.8
1217658.F987_02259,F987_02259,annotation&nbsp;not&nbsp;available,62.8
1217658.F987_03328,pyrE,Orotate&nbsp;phosphoribosyltransferase,62.8
1217658.F987_02695,F987_02695,annotation&nbsp;not&nbsp;available,62.7
1217658.F987_03864,ndk,Nucleoside&nbsp;diphosphate&nbsp;kinase,62.7
1217658.F987_00109,F987_00109,annotation&nbsp;not&nbsp;available,62.7
1217658.F987_03208,tyrS,Tyrosine--tRNA&nbsp;ligase,62.7
1217658.F987_00642,fabZ,3-hydroxyacyl-[acyl-carrier-protein]&nbsp;dehydratase&nbsp;FabZ,62.7
1217658.F987_01333,F987_01333,annotation&nbsp;not&nbsp;available,62.5
1217658.F987_00006,F987_00006,annotation&nbsp;not&nbsp;available,62.5
1217658.F987_00467,F987_00467,annotation&nbsp;not&nbsp;available,62.5
1217658.F987_02354,F987_02354,S-formylglutathione&nbsp;hydrolase,62.5
1217658.F987_01701,F987_01701,annotation&nbsp;not&nbsp;available,62.4
1217658.F987_02494,prfC,Peptide&nbsp;chain&nbsp;release&nbsp;factor&nbsp;3,62.4
1217658.F987_03017,atpB,ATP&nbsp;synthase&nbsp;subunit&nbsp;a,62.4
1217658.F987_00679,F987_00679,annotation&nbsp;not&nbsp;available,62.3
1217658.F987_00098,F987_00098,annotation&nbsp;not&nbsp;available,62.3
1217658.F987_00629,F987_00629,annotation&nbsp;not&nbsp;available,62.1
1217658.F987_03626,ribA,GTP&nbsp;cyclohydrolase-2,62.1
1217658.F987_04378,F987_04378,annotation&nbsp;not&nbsp;available,62.1
1217658.F987_03054,F987_03054,annotation&nbsp;not&nbsp;available,62.1
1217658.F987_04031,F987_04031,annotation&nbsp;not&nbsp;available,62.1
1217658.F987_02229,F987_02229,Bacterioferritin,62.1
1217658.F987_03380,uvrA,UvrABC&nbsp;system&nbsp;protein&nbsp;A,62.0
1217658.F987_01424,glnS,annotation&nbsp;not&nbsp;available,62.0
1217658.F987_02579,F987_02579,annotation&nbsp;not&nbsp;available,61.9
1217658.F987_01128,rpmE,50S&nbsp;ribosomal&nbsp;protein&nbsp;L31,61.9
1217658.F987_02638,rpmG,annotation&nbsp;not&nbsp;available,61.9
1217658.F987_02330,F987_02330,annotation&nbsp;not&nbsp;available,61.8
1217658.F987_03679,rpsD,30S&nbsp;ribosomal&nbsp;protein&nbsp;S4,61.8
1217658.F987_00907,purF,Amidophosphoribosyltransferase,61.7
1217658.F987_03104,F987_03104,annotation&nbsp;not&nbsp;available,61.7
1217658.F987_00138,rpoH,annotation&nbsp;not&nbsp;available,61.7
1217658.F987_01697,F987_01697,annotation&nbsp;not&nbsp;available,61.7
1217658.F987_02107,rpsG,30S&nbsp;ribosomal&nbsp;protein&nbsp;S7,61.4
1217658.F987_04360,F987_04360,annotation&nbsp;not&nbsp;available,61.4
1217658.F987_03057,F987_03057,annotation&nbsp;not&nbsp;available,61.4
1217658.F987_02902,F987_02902,annotation&nbsp;not&nbsp;available,61.4
1217658.F987_02817,rpoC,DNA-directed&nbsp;RNA&nbsp;polymerase&nbsp;subunit&nbsp;beta',61.3
1217658.F987_01902,F987_01902,annotation&nbsp;not&nbsp;available,61.3
1217658.F987_04328,F987_04328,annotation&nbsp;not&nbsp;available,61.2
1217658.F987_04396,F987_04396,annotation&nbsp;not&nbsp;available,61.1
1217658.F987_04182,ppk,Polyphosphate&nbsp;kinase,61.0
1217658.F987_03348,F987_03348,annotation&nbsp;not&nbsp;available,61.0
1217658.F987_04183,F987_04183,annotation&nbsp;not&nbsp;available,60.9
1217658.F987_01714,F987_01714,annotation&nbsp;not&nbsp;available,60.9
1217658.F987_00789,F987_00789,Glycine&nbsp;cleavage&nbsp;system&nbsp;H&nbsp;protein,60.8
1217658.F987_01157,F987_01157,annotation&nbsp;not&nbsp;available,60.8
1217658.F987_02633,F987_02633,annotation&nbsp;not&nbsp;available,60.8
1217658.F987_02110,F987_02110,annotation&nbsp;not&nbsp;available,60.7
1217658.F987_04016,F987_04016,annotation&nbsp;not&nbsp;available,60.6
1217658.F987_00790,F987_00790,annotation&nbsp;not&nbsp;available,60.6
1217658.F987_00395,F987_00395,annotation&nbsp;not&nbsp;available,60.5
1217658.F987_04338,F987_04338,annotation&nbsp;not&nbsp;available,60.5
1217658.F987_03536,F987_03536,annotation&nbsp;not&nbsp;available,60.5
1217658.F987_04201,F987_04201,annotation&nbsp;not&nbsp;available,60.4
1217658.F987_04047,F987_04047,annotation&nbsp;not&nbsp;available,60.4
1217658.F987_00953,F987_00953,Iron-sulfur&nbsp;cluster&nbsp;assembly&nbsp;scaffold&nbsp;protein&nbsp;IscU,60.4
1217658.F987_03920,F987_03920,annotation&nbsp;not&nbsp;available,60.3
1217658.F987_03379,F987_03379,annotation&nbsp;not&nbsp;available,60.3
1217658.F987_02812,F987_02812,annotation&nbsp;not&nbsp;available,60.2
1217658.F987_01584,F987_01584,annotation&nbsp;not&nbsp;available,60.2
1217658.F987_00887,F987_00887,annotation&nbsp;not&nbsp;available,60.1
1217658.F987_03656,rplD,50S&nbsp;ribosomal&nbsp;protein&nbsp;L4,60.1
1217658.F987_04130,groS,10&nbsp;kDa&nbsp;chaperonin,60.0
1217658.F987_02774,tpiA,Triosephosphate&nbsp;isomerase,60.0
1217658.F987_00173,F987_00173,annotation&nbsp;not&nbsp;available,60.0
1217658.F987_01680,F987_01680,annotation&nbsp;not&nbsp;available,60.0
1217658.F987_04294,kdpA,Potassium-transporting&nbsp;ATPase&nbsp;potassium-binding&nbsp;subunit,60.0
1217658.F987_02696,F987_02696,annotation&nbsp;not&nbsp;available,59.9
1217658.F987_02376,F987_02376,RNA&nbsp;polymerase&nbsp;sigma-54&nbsp;factor,59.9
1217658.F987_03010,atpC,ATP&nbsp;synthase&nbsp;epsilon&nbsp;chain,59.8
1217658.F987_00065,coq7,"2-nonaprenyl-3-methyl-6-methoxy-1,4-benzoquinol&nbsp;hydroxylase",59.8
1217658.F987_01900,pyrB,annotation&nbsp;not&nbsp;available,59.8
1217658.F987_04398,F987_04398,annotation&nbsp;not&nbsp;available,59.8
1217658.F987_01141,F987_01141,annotation&nbsp;not&nbsp;available,59.8
1217658.F987_00592,F987_00592,annotation&nbsp;not&nbsp;available,59.7
1217658.F987_02540,F987_02540,annotation&nbsp;not&nbsp;available,59.7
1217658.F987_01331,F987_01331,annotation&nbsp;not&nbsp;available,59.6
1217658.F987_04235,F987_04235,annotation&nbsp;not&nbsp;available,59.6
1217658.F987_04340,F987_04340,annotation&nbsp;not&nbsp;available,59.6
1217658.F987_03896,secD,Protein&nbsp;translocase&nbsp;subunit&nbsp;SecD,59.6
1217658.F987_02694,F987_02694,annotation&nbsp;not&nbsp;available,59.5
1217658.F987_01434,mutL,DNA&nbsp;mismatch&nbsp;repair&nbsp;protein&nbsp;MutL,59.5
1217658.F987_03737,leuA,2-isopropylmalate&nbsp;synthase,59.5
1217658.F987_01020,F987_01020,annotation&nbsp;not&nbsp;available,59.4
1217658.F987_01548,F987_01548,annotation&nbsp;not&nbsp;available,59.4
1217658.F987_02300,F987_02300,annotation&nbsp;not&nbsp;available,59.4
1217658.F987_03369,F987_03369,annotation&nbsp;not&nbsp;available,59.4
1217658.F987_00095,F987_00095,annotation&nbsp;not&nbsp;available,59.3
1217658.F987_00340,F987_00340,annotation&nbsp;not&nbsp;available,59.3
1217658.F987_02716,F987_02716,annotation&nbsp;not&nbsp;available,59.3
1217658.F987_02077,bamE,Outer&nbsp;membrane&nbsp;protein&nbsp;assembly&nbsp;factor&nbsp;BamE,59.2
1217658.F987_02648,topA,DNA&nbsp;topoisomerase&nbsp;1,59.2
1217658.F987_03709,F987_03709,annotation&nbsp;not&nbsp;available,59.2
1217658.F987_00357,F987_00357,annotation&nbsp;not&nbsp;available,59.1
1217658.F987_00479,F987_00479,annotation&nbsp;not&nbsp;available,59.0
1217658.F987_01909,F987_01909,annotation&nbsp;not&nbsp;available,59.0
1217658.F987_00726,F987_00726,annotation&nbsp;not&nbsp;available,58.9
1217658.F987_02833,F987_02833,annotation&nbsp;not&nbsp;available,58.8
1217658.F987_00911,F987_00911,annotation&nbsp;not&nbsp;available,58.8
1217658.F987_02558,F987_02558,annotation&nbsp;not&nbsp;available,58.8
1217658.F987_03667,rplE,50S&nbsp;ribosomal&nbsp;protein&nbsp;L5,58.7
1217658.F987_02672,infA,Translation&nbsp;initiation&nbsp;factor&nbsp;IF-1,58.7
1217658.F987_00032,F987_00032,annotation&nbsp;not&nbsp;available,58.6
1217658.F987_01490,F987_01490,annotation&nbsp;not&nbsp;available,58.6
1217658.F987_00245,F987_00245,annotation&nbsp;not&nbsp;available,58.6
1217658.F987_01901,F987_01901,annotation&nbsp;not&nbsp;available,58.5
1217658.F987_04402,sucD,Succinate--CoA&nbsp;ligase&nbsp;[ADP-forming]&nbsp;subunit&nbsp;alpha,58.5
1217658.F987_02740,pnp,Polyribonucleotide&nbsp;nucleotidyltransferase,58.4
1217658.F987_01893,F987_01893,annotation&nbsp;not&nbsp;available,58.4
1217658.F987_03871,bamB,Outer&nbsp;membrane&nbsp;protein&nbsp;assembly&nbsp;factor&nbsp;BamB,58.4
1217658.F987_00665,F987_00665,annotation&nbsp;not&nbsp;available,58.4
1217658.F987_03465,hisF,Imidazole&nbsp;glycerol&nbsp;phosphate&nbsp;synthase&nbsp;subunit&nbsp;HisF,58.4
1217658.F987_01595,F987_01595,annotation&nbsp;not&nbsp;available,58.3
1217658.F987_03063,dadA,D-amino&nbsp;acid&nbsp;dehydrogenase,58.2
1217658.F987_00048,prfA,Peptide&nbsp;chain&nbsp;release&nbsp;factor&nbsp;1,58.2
1217658.F987_02797,fadA,3-ketoacyl-CoA&nbsp;thiolase,58.2
1217658.F987_03728,tatC,Sec-independent&nbsp;protein&nbsp;translocase&nbsp;protein&nbsp;TatC,58.0
1217658.F987_03602,F987_03602,annotation&nbsp;not&nbsp;available,58.0
1217658.F987_02106,fusA,Elongation&nbsp;factor&nbsp;G,58.0
1217658.F987_04101,F987_04101,annotation&nbsp;not&nbsp;available,58.0
1217658.F987_03217,fmt,Methionyl-tRNA&nbsp;formyltransferase,58.0
1217658.F987_01650,glsA,annotation&nbsp;not&nbsp;available,57.9
1217658.F987_01287,F987_01287,annotation&nbsp;not&nbsp;available,57.8
1217658.F987_00458,folE2,GTP&nbsp;cyclohydrolase&nbsp;FolE2,57.8
1217658.F987_04295,kdpB,Potassium-transporting&nbsp;ATPase&nbsp;ATP-binding&nbsp;subunit,57.8
1217658.F987_03861,F987_03861,annotation&nbsp;not&nbsp;available,57.7
1217658.F987_01176,tsaD,tRNA&nbsp;N6-adenosine&nbsp;threonylcarbamoyltransferase,57.6
1217658.F987_04401,sucC,Succinate--CoA&nbsp;ligase&nbsp;[ADP-forming]&nbsp;subunit&nbsp;beta,57.6
1217658.F987_01549,F987_01549,annotation&nbsp;not&nbsp;available,57.6
1217658.F987_03310,F987_03310,annotation&nbsp;not&nbsp;available,57.4
1217658.F987_03087,F987_03087,annotation&nbsp;not&nbsp;available,57.4
1217658.F987_02292,F987_02292,annotation&nbsp;not&nbsp;available,57.4
1217658.F987_02575,F987_02575,annotation&nbsp;not&nbsp;available,57.3
1217658.F987_03686,F987_03686,annotation&nbsp;not&nbsp;available,57.3
1217658.F987_00424,F987_00424,annotation&nbsp;not&nbsp;available,57.3
1217658.F987_01053,F987_01053,annotation&nbsp;not&nbsp;available,57.3
1217658.F987_00648,F987_00648,annotation&nbsp;not&nbsp;available,57.2
1217658.F987_03848,F987_03848,annotation&nbsp;not&nbsp;available,57.2
1217658.F987_01562,F987_01562,annotation&nbsp;not&nbsp;available,57.2
1217658.F987_03176,F987_03176,annotation&nbsp;not&nbsp;available,57.1
1217658.F987_00715,F987_00715,annotation&nbsp;not&nbsp;available,57.1
1217658.F987_03397,F987_03397,annotation&nbsp;not&nbsp;available,57.0
1217658.F987_01019,F987_01019,annotation&nbsp;not&nbsp;available,57.0
1217658.F987_02239,F987_02239,annotation&nbsp;not&nbsp;available,56.9
1217658.F987_01920,F987_01920,annotation&nbsp;not&nbsp;available,56.9
1217658.F987_02636,F987_02636,annotation&nbsp;not&nbsp;available,56.9
1217658.F987_02775,F987_02775,annotation&nbsp;not&nbsp;available,56.8
1217658.F987_04018,F987_04018,annotation&nbsp;not&nbsp;available,56.8
1217658.F987_01712,astD,N-succinylglutamate&nbsp;5-semialdehyde&nbsp;dehydrogenase,56.8
1217658.F987_00811,F987_00811,Transketolase,56.7
1217658.F987_01360,F987_01360,annotation&nbsp;not&nbsp;available,56.6
1217658.F987_04395,F987_04395,Succinate&nbsp;dehydrogenase&nbsp;hydrophobic&nbsp;membrane&nbsp;anchor&nbsp;subunit,56.6
1217658.F987_03693,F987_03693,annotation&nbsp;not&nbsp;available,56.5
1217658.F987_02437,F987_02437,annotation&nbsp;not&nbsp;available,56.4
1217658.F987_00381,F987_00381,annotation&nbsp;not&nbsp;available,56.4
1217658.F987_02093,minE,Cell&nbsp;division&nbsp;topological&nbsp;specificity&nbsp;factor,56.4
1217658.F987_04400,F987_04400,annotation&nbsp;not&nbsp;available,56.3
1217658.F987_00631,F987_00631,annotation&nbsp;not&nbsp;available,56.3
1217658.F987_02308,F987_02308,Ribonucleoside-diphosphate&nbsp;reductase,56.2
1217658.F987_02041,F987_02041,annotation&nbsp;not&nbsp;available,56.2
1217658.F987_02404,himA,Integration&nbsp;host&nbsp;factor&nbsp;subunit&nbsp;alpha,56.1
1217658.F987_00080,F987_00080,annotation&nbsp;not&nbsp;available,56.1
1217658.F987_01130,F987_01130,Lactoylglutathione&nbsp;lyase,56.1
1217658.F987_03262,glmS,Glutamine--fructose-6-phosphate&nbsp;aminotransferase&nbsp;[isomerizing],56.1
1217658.F987_03175,F987_03175,annotation&nbsp;not&nbsp;available,56.0
1217658.F987_04265,F987_04265,annotation&nbsp;not&nbsp;available,55.9
1217658.F987_03574,F987_03574,annotation&nbsp;not&nbsp;available,55.9
1217658.F987_00693,dsdA,annotation&nbsp;not&nbsp;available,55.9
1217658.F987_03398,F987_03398,annotation&nbsp;not&nbsp;available,55.9
1217658.F987_03081,F987_03081,annotation&nbsp;not&nbsp;available,55.8
1217658.F987_03607,glyS,annotation&nbsp;not&nbsp;available,55.8
1217658.F987_03672,rpsE,30S&nbsp;ribosomal&nbsp;protein&nbsp;S5,55.8
1217658.F987_04289,F987_04289,annotation&nbsp;not&nbsp;available,55.8
1217658.F987_00114,F987_00114,annotation&nbsp;not&nbsp;available,55.7
1217658.F987_02368,F987_02368,annotation&nbsp;not&nbsp;available,55.6
1217658.F987_01059,F987_01059,annotation&nbsp;not&nbsp;available,55.6
1217658.F987_02413,rpmI,annotation&nbsp;not&nbsp;available,55.5
1217658.F987_03486,F987_03486,annotation&nbsp;not&nbsp;available,55.5
1217658.F987_02357,F987_02357,Undecaprenyl-diphosphatase,55.4
1217658.F987_03680,rpoA,DNA-directed&nbsp;RNA&nbsp;polymerase&nbsp;subunit&nbsp;alpha,55.4
1217658.F987_03991,F987_03991,annotation&nbsp;not&nbsp;available,55.3
1217658.F987_04019,F987_04019,annotation&nbsp;not&nbsp;available,55.3
1217658.F987_01367,F987_01367,annotation&nbsp;not&nbsp;available,55.3
1217658.F987_00239,F987_00239,ATP-dependent&nbsp;Clp&nbsp;protease&nbsp;adapter&nbsp;protein&nbsp;ClpS,55.3
1217658.F987_03288,F987_03288,annotation&nbsp;not&nbsp;available,55.3
1217658.F987_01469,hisZ,ATP&nbsp;phosphoribosyltransferase&nbsp;regulatory&nbsp;subunit,55.3
1217658.F987_02216,F987_02216,annotation&nbsp;not&nbsp;available,55.2
1217658.F987_00199,F987_00199,annotation&nbsp;not&nbsp;available,55.2
1217658.F987_02397,proC,Pyrroline-5-carboxylate&nbsp;reductase,55.1
1217658.F987_02411,F987_02411,annotation&nbsp;not&nbsp;available,55.0
1217658.F987_04227,F987_04227,annotation&nbsp;not&nbsp;available,54.9
1217658.F987_03312,F987_03312,annotation&nbsp;not&nbsp;available,54.9
1217658.F987_02406,pheS,annotation&nbsp;not&nbsp;available,54.9
1217658.F987_01228,F987_01228,annotation&nbsp;not&nbsp;available,54.8
1217658.F987_00651,pyrH,Uridylate&nbsp;kinase,54.6
1217658.F987_03107,F987_03107,annotation&nbsp;not&nbsp;available,54.6
1217658.F987_00389,F987_00389,annotation&nbsp;not&nbsp;available,54.6
1217658.F987_00786,F987_00786,annotation&nbsp;not&nbsp;available,54.5
1217658.F987_02768,nusA,Transcription&nbsp;termination/antitermination&nbsp;protein&nbsp;NusA,54.5
1217658.F987_02446,F987_02446,annotation&nbsp;not&nbsp;available,54.5
1217658.F987_02303,nuoA,NADH-quinone&nbsp;oxidoreductase&nbsp;subunit&nbsp;A,54.4
1217658.F987_02401,F987_02401,annotation&nbsp;not&nbsp;available,54.4
1217658.F987_03113,F987_03113,annotation&nbsp;not&nbsp;available,54.3
1217658.F987_01524,F987_01524,annotation&nbsp;not&nbsp;available,54.3
1217658.F987_03741,F987_03741,annotation&nbsp;not&nbsp;available,54.3
1217658.F987_04362,F987_04362,annotation&nbsp;not&nbsp;available,54.2
1217658.F987_02307,F987_02307,annotation&nbsp;not&nbsp;available,54.2
1217658.F987_03088,pgi,annotation&nbsp;not&nbsp;available,54.1
1217658.F987_01272,lysS,annotation&nbsp;not&nbsp;available,54.1
1217658.F987_04279,gatB,Aspartyl/glutamyl-tRNA(Asn/Gln)&nbsp;amidotransferase&nbsp;subunit&nbsp;B,54.0
1217658.F987_02834,F987_02834,annotation&nbsp;not&nbsp;available,54.0
1217658.F987_03909,F987_03909,annotation&nbsp;not&nbsp;available,53.9
1217658.F987_03669,rpsH,30S&nbsp;ribosomal&nbsp;protein&nbsp;S8,53.8
1217658.F987_02431,F987_02431,annotation&nbsp;not&nbsp;available,53.7
1217658.F987_01091,F987_01091,annotation&nbsp;not&nbsp;available,53.7
1217658.F987_04290,F987_04290,"5'-adenylylsulfate&nbsp;reductase,&nbsp;thioredoxin-independent",53.7
1217658.F987_02864,F987_02864,annotation&nbsp;not&nbsp;available,53.7
1217658.F987_03609,glyQ,annotation&nbsp;not&nbsp;available,53.6
1217658.F987_03168,purK,N5-carboxyaminoimidazole&nbsp;ribonucleotide&nbsp;synthase,53.5
1217658.F987_00941,F987_00941,annotation&nbsp;not&nbsp;available,53.4
1217658.F987_01932,F987_01932,annotation&nbsp;not&nbsp;available,53.4
1217658.F987_00219,F987_00219,annotation&nbsp;not&nbsp;available,53.4
1217658.F987_04422,F987_04422,annotation&nbsp;not&nbsp;available,53.4
1217658.F987_03213,F987_03213,annotation&nbsp;not&nbsp;available,53.4
1217658.F987_01605,F987_01605,annotation&nbsp;not&nbsp;available,53.3
1217658.F987_02504,F987_02504,S-formylglutathione&nbsp;hydrolase,53.3
1217658.F987_02420,F987_02420,annotation&nbsp;not&nbsp;available,53.2
1217658.F987_00155,F987_00155,annotation&nbsp;not&nbsp;available,53.1
1217658.F987_01448,F987_01448,annotation&nbsp;not&nbsp;available,53.1
1217658.F987_02818,rpoB,DNA-directed&nbsp;RNA&nbsp;polymerase&nbsp;subunit&nbsp;beta,53.1
1217658.F987_04195,F987_04195,annotation&nbsp;not&nbsp;available,53.0
1217658.F987_03078,F987_03078,annotation&nbsp;not&nbsp;available,53.0
1217658.F987_01511,purD,annotation&nbsp;not&nbsp;available,53.0
1217658.F987_03466,thrB,annotation&nbsp;not&nbsp;available,52.7
1217658.F987_03887,F987_03887,annotation&nbsp;not&nbsp;available,52.7
1217658.F987_02851,cpdA,"3',5'-cyclic&nbsp;adenosine&nbsp;monophosphate&nbsp;phosphodiesterase&nbsp;CpdA",52.7
1217658.F987_03524,murF,UDP-N-acetylmuramoyl-tripeptide--D-alanyl-D-alanine&nbsp;ligase,52.7
1217658.F987_01679,F987_01679,annotation&nbsp;not&nbsp;available,52.6
1217658.F987_03438,F987_03438,annotation&nbsp;not&nbsp;available,52.6
1217658.F987_02796,F987_02796,Fatty&nbsp;acid&nbsp;oxidation&nbsp;complex&nbsp;subunit&nbsp;alpha,52.6
1217658.F987_02434,rlmD,23S&nbsp;rRNA&nbsp;(uracil(1939)-C(5))-methyltransferase&nbsp;RlmD,52.5
1217658.F987_00700,F987_00700,annotation&nbsp;not&nbsp;available,52.5
1217658.F987_01149,F987_01149,annotation&nbsp;not&nbsp;available,52.4
1217658.F987_01186,F987_01186,annotation&nbsp;not&nbsp;available,52.4
1217658.F987_01868,F987_01868,annotation&nbsp;not&nbsp;available,52.3
1217658.F987_00526,F987_00526,annotation&nbsp;not&nbsp;available,52.3
1217658.F987_00825,ruvC,Crossover&nbsp;junction&nbsp;endodeoxyribonuclease&nbsp;RuvC,52.2
1217658.F987_03218,ilvD,annotation&nbsp;not&nbsp;available,52.1
1217658.F987_00607,F987_00607,annotation&nbsp;not&nbsp;available,52.1
1217658.F987_02724,F987_02724,annotation&nbsp;not&nbsp;available,52.1
1217658.F987_01359,F987_01359,annotation&nbsp;not&nbsp;available,52.0
1217658.F987_03293,F987_03293,annotation&nbsp;not&nbsp;available,52.0
1217658.F987_00746,F987_00746,annotation&nbsp;not&nbsp;available,52.0
1217658.F987_03436,F987_03436,annotation&nbsp;not&nbsp;available,51.9
1217658.F987_01213,F987_01213,annotation&nbsp;not&nbsp;available,51.9
1217658.F987_02743,recD,RecBCD&nbsp;enzyme&nbsp;subunit&nbsp;RecD,51.9
1217658.F987_02732,priA,Primosomal&nbsp;protein&nbsp;N',51.9
1217658.F987_01472,F987_01472,annotation&nbsp;not&nbsp;available,51.8
1217658.F987_01050,F987_01050,annotation&nbsp;not&nbsp;available,51.8
1217658.F987_03256,purC,annotation&nbsp;not&nbsp;available,51.8
1217658.F987_02179,prs,Ribose-phosphate&nbsp;pyrophosphokinase,51.8
1217658.F987_01355,F987_01355,annotation&nbsp;not&nbsp;available,51.7
1217658.F987_00620,F987_00620,annotation&nbsp;not&nbsp;available,51.6
1217658.F987_01460,F987_01460,Alanine&nbsp;racemase,51.6
1217658.F987_01046,F987_01046,annotation&nbsp;not&nbsp;available,51.6
1217658.F987_03729,tatB,Sec-independent&nbsp;protein&nbsp;translocase&nbsp;protein&nbsp;TatB,51.5
1217658.F987_04283,F987_04283,annotation&nbsp;not&nbsp;available,51.5
1217658.F987_03368,F987_03368,annotation&nbsp;not&nbsp;available,51.5
1217658.F987_00879,F987_00879,annotation&nbsp;not&nbsp;available,51.5
1217658.F987_02399,accA,Acetyl-coenzyme&nbsp;A&nbsp;carboxylase&nbsp;carboxyl&nbsp;transferase&nbsp;subunit&nbsp;alpha,51.5
1217658.F987_03530,F987_03530,annotation&nbsp;not&nbsp;available,51.4
1217658.F987_03527,F987_03527,annotation&nbsp;not&nbsp;available,51.3
1217658.F987_00289,F987_00289,annotation&nbsp;not&nbsp;available,51.3
1217658.F987_00960,F987_00960,annotation&nbsp;not&nbsp;available,51.2
1217658.F987_01521,F987_01521,annotation&nbsp;not&nbsp;available,51.2
1217658.F987_00940,F987_00940,annotation&nbsp;not&nbsp;available,51.2
1217658.F987_00995,F987_00995,annotation&nbsp;not&nbsp;available,51.1
1217658.F987_03550,F987_03550,annotation&nbsp;not&nbsp;available,51.0
1217658.F987_02655,F987_02655,annotation&nbsp;not&nbsp;available,51.0
