1217705.F900_00870,rpsF,30S&nbsp;ribosomal&nbsp;protein&nbsp;S6,98.8
1217705.F900_01604,F900_01604,annotation&nbsp;not&nbsp;available,98.8
1217705.F900_03627,F900_03627,annotation&nbsp;not&nbsp;available,98.7
1217705.F900_03379,ftsA,Cell&nbsp;division&nbsp;protein&nbsp;FtsA,98.7
1217705.F900_01216,F900_01216,annotation&nbsp;not&nbsp;available,98.7
1217705.F900_01775,F900_01775,annotation&nbsp;not&nbsp;available,98.6
1217705.F900_00674,F900_00674,annotation&nbsp;not&nbsp;available,98.4
1217705.F900_02598,nuoH,NADH-quinone&nbsp;oxidoreductase&nbsp;subunit&nbsp;H,98.4
1217705.F900_02815,leuD,3-isopropylmalate&nbsp;dehydratase&nbsp;small&nbsp;subunit,98.4
1217705.F900_00816,tsf,Elongation&nbsp;factor&nbsp;Ts,98.4
1217705.F900_02271,F900_02271,annotation&nbsp;not&nbsp;available,98.3
1217705.F900_00326,F900_00326,annotation&nbsp;not&nbsp;available,98.3
1217705.F900_01772,F900_01772,annotation&nbsp;not&nbsp;available,98.3
1217705.F900_02982,F900_02982,annotation&nbsp;not&nbsp;available,98.3
1217705.F900_00342,F900_00342,annotation&nbsp;not&nbsp;available,98.3
1217705.F900_03715,ackA,Acetate&nbsp;kinase,98.1
1217705.F900_01583,F900_01583,annotation&nbsp;not&nbsp;available,97.9
1217705.F900_03103,znuC,Zinc&nbsp;import&nbsp;ATP-binding&nbsp;protein&nbsp;ZnuC,97.9
1217705.F900_03313,glmS,Glutamine--fructose-6-phosphate&nbsp;aminotransferase&nbsp;[isomerizing],97.9
1217705.F900_00570,F900_00570,annotation&nbsp;not&nbsp;available,97.8
1217705.F900_01367,metZ,O-succinylhomoserine&nbsp;sulfhydrylase,97.7
1217705.F900_01278,F900_01278,annotation&nbsp;not&nbsp;available,97.7
1217705.F900_02649,F900_02649,annotation&nbsp;not&nbsp;available,97.7
1217705.F900_03195,F900_03195,annotation&nbsp;not&nbsp;available,97.7
1217705.F900_03412,uvrA,UvrABC&nbsp;system&nbsp;protein&nbsp;A,97.6
1217705.F900_00325,F900_00325,annotation&nbsp;not&nbsp;available,97.5
1217705.F900_03274,fmt,Methionyl-tRNA&nbsp;formyltransferase,97.5
1217705.F900_01671,F900_01671,annotation&nbsp;not&nbsp;available,97.5
1217705.F900_00304,F900_00304,annotation&nbsp;not&nbsp;available,97.4
1217705.F900_02432,rpsG,30S&nbsp;ribosomal&nbsp;protein&nbsp;S7,97.3
1217705.F900_03149,F900_03149,annotation&nbsp;not&nbsp;available,97.3
1217705.F900_00843,F900_00843,annotation&nbsp;not&nbsp;available,97.2
1217705.F900_01980,F900_01980,annotation&nbsp;not&nbsp;available,97.2
1217705.F900_01745,F900_01745,annotation&nbsp;not&nbsp;available,97.2
1217705.F900_00340,accA,Acetyl-coenzyme&nbsp;A&nbsp;carboxylase&nbsp;carboxyl&nbsp;transferase&nbsp;subunit&nbsp;alpha,97.2
1217705.F900_03221,F900_03221,annotation&nbsp;not&nbsp;available,97.1
1217705.F900_03449,hisF,Imidazole&nbsp;glycerol&nbsp;phosphate&nbsp;synthase&nbsp;subunit&nbsp;HisF,97.1
1217705.F900_00924,F900_00924,annotation&nbsp;not&nbsp;available,97.1
1217705.F900_03728,F900_03728,annotation&nbsp;not&nbsp;available,96.9
1217705.F900_03273,F900_03273,16S&nbsp;rRNA&nbsp;(cytosine(967)-C(5))-methyltransferase,96.9
1217705.F900_01646,F900_01646,annotation&nbsp;not&nbsp;available,96.8
1217705.F900_03727,F900_03727,annotation&nbsp;not&nbsp;available,96.7
1217705.F900_02024,F900_02024,annotation&nbsp;not&nbsp;available,96.7
1217705.F900_01768,F900_01768,annotation&nbsp;not&nbsp;available,96.7
1217705.F900_00059,rpmA,annotation&nbsp;not&nbsp;available,96.6
1217705.F900_02404,bamE,Outer&nbsp;membrane&nbsp;protein&nbsp;assembly&nbsp;factor&nbsp;BamE,96.6
1217705.F900_01655,F900_01655,annotation&nbsp;not&nbsp;available,96.5
1217705.F900_02601,F900_02601,annotation&nbsp;not&nbsp;available,96.5
1217705.F900_02696,F900_02696,Dihydrofolate&nbsp;reductase,96.4
1217705.F900_01222,F900_01222,annotation&nbsp;not&nbsp;available,96.4
1217705.F900_01213,F900_01213,annotation&nbsp;not&nbsp;available,96.3
1217705.F900_00553,F900_00553,annotation&nbsp;not&nbsp;available,96.3
1217705.F900_00877,F900_00877,annotation&nbsp;not&nbsp;available,96.3
1217705.F900_00659,F900_00659,annotation&nbsp;not&nbsp;available,96.2
1217705.F900_01626,gcvH,Glycine&nbsp;cleavage&nbsp;system&nbsp;H&nbsp;protein,96.2
1217705.F900_01732,F900_01732,annotation&nbsp;not&nbsp;available,96.1
1217705.F900_00357,thrS,Threonine--tRNA&nbsp;ligase,96.1
1217705.F900_01764,F900_01764,annotation&nbsp;not&nbsp;available,96.1
1217705.F900_02761,F900_02761,annotation&nbsp;not&nbsp;available,95.9
1217705.F900_01684,F900_01684,annotation&nbsp;not&nbsp;available,95.9
1217705.F900_01770,F900_01770,annotation&nbsp;not&nbsp;available,95.9
1217705.F900_03181,rph,Ribonuclease&nbsp;PH,95.8
1217705.F900_03495,gltX,Glutamate--tRNA&nbsp;ligase,95.7
1217705.F900_01810,argG,annotation&nbsp;not&nbsp;available,95.6
1217705.F900_01194,coq7,"2-nonaprenyl-3-methyl-6-methoxy-1,4-benzoquinol&nbsp;hydroxylase",95.6
1217705.F900_03565,F900_03565,annotation&nbsp;not&nbsp;available,95.6
1217705.F900_02645,F900_02645,S-formylglutathione&nbsp;hydrolase,95.4
1217705.F900_01592,kdsB,3-deoxy-manno-octulosonate&nbsp;cytidylyltransferase,95.4
1217705.F900_03714,F900_03714,Phosphate&nbsp;acetyltransferase,95.4
1217705.F900_00737,purM,annotation&nbsp;not&nbsp;available,95.3
1217705.F900_00801,era,GTPase&nbsp;Era,95.2
1217705.F900_00543,F900_00543,annotation&nbsp;not&nbsp;available,95.2
1217705.F900_00105,F900_00105,annotation&nbsp;not&nbsp;available,95.2
1217705.F900_01018,F900_01018,annotation&nbsp;not&nbsp;available,95.1
1217705.F900_02063,F900_02063,annotation&nbsp;not&nbsp;available,95.1
1217705.F900_03662,F900_03662,annotation&nbsp;not&nbsp;available,95.1
1217705.F900_03536,F900_03536,annotation&nbsp;not&nbsp;available,95.1
1217705.F900_00566,F900_00566,annotation&nbsp;not&nbsp;available,95.1
1217705.F900_00824,gloB,Hydroxyacylglutathione&nbsp;hydrolase,95.1
1217705.F900_00305,F900_00305,annotation&nbsp;not&nbsp;available,95.0
1217705.F900_01733,F900_01733,annotation&nbsp;not&nbsp;available,95.0
1217705.F900_03079,F900_03079,Peptide&nbsp;deformylase,95.0
1217705.F900_00677,F900_00677,annotation&nbsp;not&nbsp;available,94.8
1217705.F900_01654,F900_01654,annotation&nbsp;not&nbsp;available,94.8
1217705.F900_01333,F900_01333,annotation&nbsp;not&nbsp;available,94.8
1217705.F900_02705,rpmB,annotation&nbsp;not&nbsp;available,94.7
1217705.F900_01437,F900_01437,annotation&nbsp;not&nbsp;available,94.7
1217705.F900_00336,polA,DNA&nbsp;polymerase&nbsp;I,94.7
1217705.F900_02486,dnaG,DNA&nbsp;primase,94.7
1217705.F900_03155,F900_03155,annotation&nbsp;not&nbsp;available,94.6
1217705.F900_03153,F900_03153,annotation&nbsp;not&nbsp;available,94.6
1217705.F900_02350,F900_02350,annotation&nbsp;not&nbsp;available,94.5
1217705.F900_00106,F900_00106,annotation&nbsp;not&nbsp;available,94.5
1217705.F900_02992,ftsW,Probable&nbsp;peptidoglycan&nbsp;glycosyltransferase&nbsp;FtsW,94.3
1217705.F900_02596,F900_02596,annotation&nbsp;not&nbsp;available,94.3
1217705.F900_03183,F900_03183,annotation&nbsp;not&nbsp;available,94.3
1217705.F900_02607,F900_02607,annotation&nbsp;not&nbsp;available,94.2
1217705.F900_00555,F900_00555,Sec-independent&nbsp;protein&nbsp;translocase&nbsp;protein&nbsp;TatC,94.2
1217705.F900_01014,F900_01014,Methionine&nbsp;import&nbsp;ATP-binding&nbsp;protein&nbsp;MetN,94.2
1217705.F900_02255,mrdA,"Peptidoglycan&nbsp;D,D-transpeptidase&nbsp;MrdA",94.1
1217705.F900_00547,F900_00547,annotation&nbsp;not&nbsp;available,94.1
1217705.F900_03500,ftsI,"Peptidoglycan&nbsp;D,D-transpeptidase&nbsp;FtsI",94.1
1217705.F900_02813,leuB,3-isopropylmalate&nbsp;dehydrogenase,94.0
1217705.F900_03648,rplR,50S&nbsp;ribosomal&nbsp;protein&nbsp;L18,94.0
1217705.F900_01576,F900_01576,Integration&nbsp;host&nbsp;factor&nbsp;subunit&nbsp;beta,94.0
1217705.F900_03611,F900_03611,annotation&nbsp;not&nbsp;available,93.9
1217705.F900_00644,F900_00644,annotation&nbsp;not&nbsp;available,93.8
1217705.F900_01793,F900_01793,annotation&nbsp;not&nbsp;available,93.8
1217705.F900_00760,purL,Phosphoribosylformylglycinamidine&nbsp;synthase,93.8
1217705.F900_02218,F900_02218,annotation&nbsp;not&nbsp;available,93.8
1217705.F900_00558,F900_00558,annotation&nbsp;not&nbsp;available,93.8
1217705.F900_00519,F900_00519,annotation&nbsp;not&nbsp;available,93.7
1217705.F900_02065,F900_02065,annotation&nbsp;not&nbsp;available,93.6
1217705.F900_03242,mnmE,tRNA&nbsp;modification&nbsp;GTPase&nbsp;MnmE,93.6
1217705.F900_02876,F900_02876,annotation&nbsp;not&nbsp;available,93.6
1217705.F900_00944,rpsT,30S&nbsp;ribosomal&nbsp;protein&nbsp;S20,93.5
1217705.F900_03177,F900_03177,annotation&nbsp;not&nbsp;available,93.4
1217705.F900_03021,nrdR,Transcriptional&nbsp;repressor&nbsp;NrdR,93.3
1217705.F900_02208,F900_02208,annotation&nbsp;not&nbsp;available,93.3
1217705.F900_02347,pckG,Phosphoenolpyruvate&nbsp;carboxykinase&nbsp;[GTP],93.2
1217705.F900_01701,pyrB,annotation&nbsp;not&nbsp;available,93.2
1217705.F900_00270,F900_00270,annotation&nbsp;not&nbsp;available,93.2
1217705.F900_00941,F900_00941,annotation&nbsp;not&nbsp;available,93.2
1217705.F900_00556,F900_00556,annotation&nbsp;not&nbsp;available,93.1
1217705.F900_02045,F900_02045,annotation&nbsp;not&nbsp;available,93.1
1217705.F900_03641,rpsQ,30S&nbsp;ribosomal&nbsp;protein&nbsp;S17,93.0
1217705.F900_00786,F900_00786,annotation&nbsp;not&nbsp;available,93.0
1217705.F900_02633,nadA,Quinolinate&nbsp;synthase&nbsp;A,92.9
1217705.F900_01736,fdhD,Sulfur&nbsp;carrier&nbsp;protein&nbsp;FdhD,92.8
1217705.F900_02613,mqo,annotation&nbsp;not&nbsp;available,92.8
1217705.F900_03484,F900_03484,annotation&nbsp;not&nbsp;available,92.8
1217705.F900_00606,F900_00606,annotation&nbsp;not&nbsp;available,92.8
1217705.F900_03637,rplV,50S&nbsp;ribosomal&nbsp;protein&nbsp;L22,92.7
1217705.F900_03293,F900_03293,annotation&nbsp;not&nbsp;available,92.5
1217705.F900_03169,F900_03169,annotation&nbsp;not&nbsp;available,92.5
1217705.F900_01681,F900_01681,annotation&nbsp;not&nbsp;available,92.5
1217705.F900_01013,F900_01013,annotation&nbsp;not&nbsp;available,92.5
1217705.F900_01794,F900_01794,annotation&nbsp;not&nbsp;available,92.4
1217705.F900_01780,F900_01780,annotation&nbsp;not&nbsp;available,92.4
1217705.F900_02777,F900_02777,annotation&nbsp;not&nbsp;available,92.4
1217705.F900_03192,F900_03192,annotation&nbsp;not&nbsp;available,92.4
1217705.F900_01577,F900_01577,30S&nbsp;ribosomal&nbsp;protein&nbsp;S1,92.4
1217705.F900_00874,F900_00874,annotation&nbsp;not&nbsp;available,92.1
1217705.F900_02956,rpoC,DNA-directed&nbsp;RNA&nbsp;polymerase&nbsp;subunit&nbsp;beta,92.1
1217705.F900_03612,F900_03612,annotation&nbsp;not&nbsp;available,92.1
1217705.F900_03380,ftsZ,Cell&nbsp;division&nbsp;protein&nbsp;FtsZ,92.1
1217705.F900_02268,F900_02268,annotation&nbsp;not&nbsp;available,92.0
1217705.F900_03152,F900_03152,annotation&nbsp;not&nbsp;available,91.9
1217705.F900_00939,recA,Protein&nbsp;RecA,91.9
1217705.F900_03515,F900_03515,annotation&nbsp;not&nbsp;available,91.9
1217705.F900_01436,aroC,Chorismate&nbsp;synthase,91.9
1217705.F900_01804,F900_01804,annotation&nbsp;not&nbsp;available,91.9
1217705.F900_03099,atpB,ATP&nbsp;synthase&nbsp;subunit&nbsp;a,91.8
1217705.F900_00541,F900_00541,annotation&nbsp;not&nbsp;available,91.7
1217705.F900_03351,F900_03351,annotation&nbsp;not&nbsp;available,91.7
1217705.F900_00367,F900_00367,annotation&nbsp;not&nbsp;available,91.7
1217705.F900_00225,trpF,annotation&nbsp;not&nbsp;available,91.7
1217705.F900_00911,F900_00911,annotation&nbsp;not&nbsp;available,91.7
1217705.F900_00687,F900_00687,annotation&nbsp;not&nbsp;available,91.6
1217705.F900_02453,F900_02453,annotation&nbsp;not&nbsp;available,91.6
1217705.F900_02536,F900_02536,Bacterioferritin,91.6
1217705.F900_00176,F900_00176,annotation&nbsp;not&nbsp;available,91.4
1217705.F900_00563,F900_00563,annotation&nbsp;not&nbsp;available,91.4
1217705.F900_00393,rsgA,Small&nbsp;ribosomal&nbsp;subunit&nbsp;biogenesis&nbsp;GTPase&nbsp;RsgA,91.4
1217705.F900_03642,rplN,50S&nbsp;ribosomal&nbsp;protein&nbsp;L14,91.3
1217705.F900_02905,nusA,Transcription&nbsp;termination/antitermination&nbsp;protein&nbsp;NusA,91.3
1217705.F900_03654,rpsM,30S&nbsp;ribosomal&nbsp;protein&nbsp;S13,91.3
1217705.F900_03615,F900_03615,annotation&nbsp;not&nbsp;available,91.3
1217705.F900_00138,F900_00138,annotation&nbsp;not&nbsp;available,91.2
1217705.F900_02695,thyA,Thymidylate&nbsp;synthase,91.2
1217705.F900_02963,secE,Protein&nbsp;translocase&nbsp;subunit&nbsp;SecE,91.1
1217705.F900_01258,F900_01258,annotation&nbsp;not&nbsp;available,91.1
1217705.F900_03166,F900_03166,annotation&nbsp;not&nbsp;available,91.1
1217705.F900_02380,F900_02380,annotation&nbsp;not&nbsp;available,91.1
1217705.F900_02014,F900_02014,annotation&nbsp;not&nbsp;available,91.0
1217705.F900_03363,F900_03363,annotation&nbsp;not&nbsp;available,91.0
1217705.F900_00875,F900_00875,annotation&nbsp;not&nbsp;available,90.9
1217705.F900_00363,panB,3-methyl-2-oxobutanoate&nbsp;hydroxymethyltransferase,90.9
1217705.F900_02747,F900_02747,annotation&nbsp;not&nbsp;available,90.8
1217705.F900_03165,F900_03165,annotation&nbsp;not&nbsp;available,90.8
1217705.F900_01077,F900_01077,annotation&nbsp;not&nbsp;available,90.8
1217705.F900_02165,F900_02165,annotation&nbsp;not&nbsp;available,90.6
1217705.F900_03632,rplC,50S&nbsp;ribosomal&nbsp;protein&nbsp;L3,90.6
1217705.F900_00811,F900_00811,annotation&nbsp;not&nbsp;available,90.6
1217705.F900_03286,dapB,4-hydroxy-tetrahydrodipicolinate&nbsp;reductase,90.5
1217705.F900_03118,guaA,GMP&nbsp;synthase&nbsp;[glutamine-hydrolyzing],90.5
1217705.F900_00996,F900_00996,annotation&nbsp;not&nbsp;available,90.5
1217705.F900_00191,F900_00191,annotation&nbsp;not&nbsp;available,90.4
1217705.F900_02266,F900_02266,annotation&nbsp;not&nbsp;available,90.3
1217705.F900_01311,F900_01311,annotation&nbsp;not&nbsp;available,90.3
1217705.F900_01941,F900_01941,annotation&nbsp;not&nbsp;available,90.3
1217705.F900_03683,F900_03683,annotation&nbsp;not&nbsp;available,90.2
1217705.F900_03095,atpA,ATP&nbsp;synthase&nbsp;subunit&nbsp;alpha,90.2
1217705.F900_01233,F900_01233,annotation&nbsp;not&nbsp;available,90.2
1217705.F900_00620,F900_00620,annotation&nbsp;not&nbsp;available,90.1
1217705.F900_02897,F900_02897,annotation&nbsp;not&nbsp;available,90.0
1217705.F900_00647,F900_00647,annotation&nbsp;not&nbsp;available,89.9
1217705.F900_00882,F900_00882,annotation&nbsp;not&nbsp;available,89.9
1217705.F900_03020,F900_03020,Riboflavin&nbsp;biosynthesis&nbsp;protein&nbsp;RibD,89.8
1217705.F900_00122,gatC,Aspartyl/glutamyl-tRNA(Asn/Gln)&nbsp;amidotransferase&nbsp;subunit&nbsp;C,89.8
1217705.F900_00879,F900_00879,Phosphoenolpyruvate&nbsp;synthase,89.8
1217705.F900_00860,purA,Adenylosuccinate&nbsp;synthetase,89.8
1217705.F900_03275,ilvD,annotation&nbsp;not&nbsp;available,89.8
1217705.F900_02500,F900_02500,"3,4-dihydroxy-2-butanone&nbsp;4-phosphate&nbsp;synthase",89.7
1217705.F900_03417,F900_03417,Aminopyrimidine&nbsp;aminohydrolase,89.6
1217705.F900_00248,F900_00248,annotation&nbsp;not&nbsp;available,89.6
1217705.F900_00237,F900_00237,annotation&nbsp;not&nbsp;available,89.5
1217705.F900_01289,F900_01289,annotation&nbsp;not&nbsp;available,89.4
1217705.F900_03645,rpsN,30S&nbsp;ribosomal&nbsp;protein&nbsp;S14,89.4
1217705.F900_00388,F900_00388,annotation&nbsp;not&nbsp;available,89.3
1217705.F900_02929,uvrC,UvrABC&nbsp;system&nbsp;protein&nbsp;C,89.2
1217705.F900_00379,F900_00379,annotation&nbsp;not&nbsp;available,89.2
1217705.F900_03534,F900_03534,annotation&nbsp;not&nbsp;available,89.1
1217705.F900_02512,F900_02512,annotation&nbsp;not&nbsp;available,89.1
1217705.F900_03610,F900_03610,annotation&nbsp;not&nbsp;available,89.1
1217705.F900_03543,F900_03543,annotation&nbsp;not&nbsp;available,89.1
1217705.F900_03093,atpD,ATP&nbsp;synthase&nbsp;subunit&nbsp;beta,89.1
1217705.F900_02550,ffh,Signal&nbsp;recognition&nbsp;particle&nbsp;protein,89.1
1217705.F900_02514,rpmF,annotation&nbsp;not&nbsp;available,89.1
1217705.F900_01279,F900_01279,Biotin&nbsp;carboxyl&nbsp;carrier&nbsp;protein&nbsp;of&nbsp;acetyl-CoA&nbsp;carboxylase,89.1
1217705.F900_01538,F900_01538,annotation&nbsp;not&nbsp;available,89.1
1217705.F900_02920,F900_02920,annotation&nbsp;not&nbsp;available,89.0
1217705.F900_00557,F900_00557,Sec-independent&nbsp;protein&nbsp;translocase&nbsp;protein&nbsp;TatA,88.9
1217705.F900_03364,F900_03364,annotation&nbsp;not&nbsp;available,88.8
1217705.F900_00425,F900_00425,annotation&nbsp;not&nbsp;available,88.7
1217705.F900_02023,F900_02023,annotation&nbsp;not&nbsp;available,88.7
1217705.F900_00787,F900_00787,annotation&nbsp;not&nbsp;available,88.7
1217705.F900_00169,F900_00169,annotation&nbsp;not&nbsp;available,88.7
1217705.F900_02210,F900_02210,annotation&nbsp;not&nbsp;available,88.6
1217705.F900_02511,F900_02511,Acyl&nbsp;carrier&nbsp;protein,88.5
1217705.F900_01287,F900_01287,Molybdenum&nbsp;cofactor&nbsp;guanylyltransferase,88.5
1217705.F900_00421,F900_00421,annotation&nbsp;not&nbsp;available,88.4
1217705.F900_03048,F900_03048,annotation&nbsp;not&nbsp;available,88.4
1217705.F900_00966,F900_00966,annotation&nbsp;not&nbsp;available,88.4
1217705.F900_03602,F900_03602,Coproporphyrinogen&nbsp;oxidase,88.4
1217705.F900_02612,F900_02612,Ribonucleoside-diphosphate&nbsp;reductase&nbsp;subunit&nbsp;beta,88.3
1217705.F900_03148,F900_03148,annotation&nbsp;not&nbsp;available,88.3
1217705.F900_00302,F900_00302,annotation&nbsp;not&nbsp;available,88.2
1217705.F900_03694,tatB,Sec-independent&nbsp;protein&nbsp;translocase&nbsp;protein&nbsp;TatB,88.2
1217705.F900_01327,F900_01327,annotation&nbsp;not&nbsp;available,88.2
1217705.F900_00926,F900_00926,annotation&nbsp;not&nbsp;available,88.2
1217705.F900_02999,F900_02999,annotation&nbsp;not&nbsp;available,88.2
1217705.F900_02833,F900_02833,annotation&nbsp;not&nbsp;available,88.1
1217705.F900_03634,rplW,50S&nbsp;ribosomal&nbsp;protein&nbsp;L23,88.1
1217705.F900_00594,F900_00594,annotation&nbsp;not&nbsp;available,88.1
1217705.F900_02706,rpmG,annotation&nbsp;not&nbsp;available,88.0
1217705.F900_03160,F900_03160,annotation&nbsp;not&nbsp;available,87.7
1217705.F900_00873,cyoE,Protoheme&nbsp;IX&nbsp;farnesyltransferase,87.7
1217705.F900_00897,glnS,annotation&nbsp;not&nbsp;available,87.6
1217705.F900_00375,rlmD,23S&nbsp;rRNA&nbsp;(uracil(1939)-C(5))-methyltransferase&nbsp;RlmD,87.5
1217705.F900_02524,F900_02524,annotation&nbsp;not&nbsp;available,87.5
1217705.F900_00156,F900_00156,annotation&nbsp;not&nbsp;available,87.5
1217705.F900_01709,F900_01709,annotation&nbsp;not&nbsp;available,87.5
1217705.F900_03354,F900_03354,annotation&nbsp;not&nbsp;available,87.5
1217705.F900_02509,F900_02509,annotation&nbsp;not&nbsp;available,87.4
1217705.F900_01288,F900_01288,annotation&nbsp;not&nbsp;available,87.4
1217705.F900_02252,adk,Adenylate&nbsp;kinase,87.3
1217705.F900_01844,F900_00686,annotation&nbsp;not&nbsp;available,87.3
1217705.F900_03508,F900_03508,annotation&nbsp;not&nbsp;available,87.3
1217705.F900_02057,F900_02057,Ferredoxin,87.3
1217705.F900_01504,ftsB,Cell&nbsp;division&nbsp;protein&nbsp;FtsB,87.3
1217705.F900_01320,bamA,Outer&nbsp;membrane&nbsp;protein&nbsp;assembly&nbsp;factor&nbsp;BamA,87.3
1217705.F900_00789,F900_00789,annotation&nbsp;not&nbsp;available,87.2
1217705.F900_00097,F900_00097,annotation&nbsp;not&nbsp;available,87.2
1217705.F900_02437,F900_02437,annotation&nbsp;not&nbsp;available,87.1
1217705.F900_00414,F900_00414,annotation&nbsp;not&nbsp;available,87.1
1217705.F900_03551,F900_03551,annotation&nbsp;not&nbsp;available,87.0
1217705.F900_00769,F900_00769,annotation&nbsp;not&nbsp;available,87.0
1217705.F900_02676,F900_02676,annotation&nbsp;not&nbsp;available,86.9
1217705.F900_02005,F900_02005,annotation&nbsp;not&nbsp;available,86.9
1217705.F900_01755,hutH,annotation&nbsp;not&nbsp;available,86.8
1217705.F900_03554,rpsP,annotation&nbsp;not&nbsp;available,86.8
1217705.F900_02319,F900_02319,annotation&nbsp;not&nbsp;available,86.8
1217705.F900_00739,F900_00739,annotation&nbsp;not&nbsp;available,86.8
1217705.F900_01816,F900_01816,annotation&nbsp;not&nbsp;available,86.8
1217705.F900_01656,F900_01656,annotation&nbsp;not&nbsp;available,86.7
1217705.F900_01270,F900_01270,annotation&nbsp;not&nbsp;available,86.7
1217705.F900_00630,F900_00630,annotation&nbsp;not&nbsp;available,86.7
1217705.F900_00829,F900_00829,annotation&nbsp;not&nbsp;available,86.6
1217705.F900_00124,gatB,Aspartyl/glutamyl-tRNA(Asn/Gln)&nbsp;amidotransferase&nbsp;subunit&nbsp;B,86.5
1217705.F900_00026,F900_00026,annotation&nbsp;not&nbsp;available,86.5
1217705.F900_03002,F900_03002,annotation&nbsp;not&nbsp;available,86.5
1217705.F900_03285,dnaJ,Chaperone&nbsp;protein&nbsp;DnaJ,86.4
1217705.F900_02422,F900_02422,annotation&nbsp;not&nbsp;available,86.4
1217705.F900_01341,F900_01341,annotation&nbsp;not&nbsp;available,86.3
1217705.F900_02957,rpoB,DNA-directed&nbsp;RNA&nbsp;polymerase&nbsp;subunit&nbsp;beta,86.3
1217705.F900_02070,F900_02070,annotation&nbsp;not&nbsp;available,86.2
1217705.F900_00943,F900_00943,annotation&nbsp;not&nbsp;available,86.1
1217705.F900_00961,F900_00961,annotation&nbsp;not&nbsp;available,86.0
1217705.F900_01554,F900_01554,annotation&nbsp;not&nbsp;available,85.9
1217705.F900_02396,sbcD,Nuclease&nbsp;SbcCD&nbsp;subunit&nbsp;D,85.8
1217705.F900_01322,lpxD,UDP-3-O-acylglucosamine&nbsp;N-acyltransferase,85.8
1217705.F900_02668,F900_02668,RNA&nbsp;polymerase&nbsp;sigma-54&nbsp;factor,85.8
1217705.F900_03158,F900_03158,annotation&nbsp;not&nbsp;available,85.8
1217705.F900_01546,F900_01546,annotation&nbsp;not&nbsp;available,85.7
1217705.F900_01369,recR,Recombination&nbsp;protein&nbsp;RecR,85.7
1217705.F900_00866,F900_00866,Alanine&nbsp;racemase,85.7
1217705.F900_02501,F900_02501,annotation&nbsp;not&nbsp;available,85.5
1217705.F900_02307,F900_02307,annotation&nbsp;not&nbsp;available,85.5
1217705.F900_02776,lptE,LPS-assembly&nbsp;lipoprotein&nbsp;LptE,85.5
1217705.F900_00562,F900_00562,annotation&nbsp;not&nbsp;available,85.5
1217705.F900_03693,F900_03693,Sec-independent&nbsp;protein&nbsp;translocase&nbsp;protein&nbsp;TatC,85.5
1217705.F900_03701,leuA,2-isopropylmalate&nbsp;synthase,85.5
1217705.F900_03007,gpmI,"2,3-bisphosphoglycerate-independent&nbsp;phosphoglycerate&nbsp;mutase",85.4
1217705.F900_00374,F900_00374,Uncharacterized&nbsp;protein,85.4
1217705.F900_00544,F900_00544,annotation&nbsp;not&nbsp;available,85.4
1217705.F900_02029,F900_02029,annotation&nbsp;not&nbsp;available,85.3
1217705.F900_02282,hemL,annotation&nbsp;not&nbsp;available,85.3
1217705.F900_03408,F900_03408,annotation&nbsp;not&nbsp;available,85.2
1217705.F900_03229,F900_03229,annotation&nbsp;not&nbsp;available,85.2
1217705.F900_03384,F900_03384,Pyruvate&nbsp;dehydrogenase&nbsp;E1&nbsp;component,85.1
1217705.F900_03042,F900_03042,annotation&nbsp;not&nbsp;available,85.1
1217705.F900_02600,F900_02600,NADH-quinone&nbsp;oxidoreductase&nbsp;subunit&nbsp;F,85.1
1217705.F900_01591,F900_01591,annotation&nbsp;not&nbsp;available,85.1
1217705.F900_03308,F900_03308,annotation&nbsp;not&nbsp;available,85.0
1217705.F900_02680,F900_02680,annotation&nbsp;not&nbsp;available,84.9
1217705.F900_00749,tolB,Protein&nbsp;TolB,84.9
1217705.F900_00313,F900_00313,annotation&nbsp;not&nbsp;available,84.9
1217705.F900_02080,cysD,annotation&nbsp;not&nbsp;available,84.9
1217705.F900_02056,mutS,DNA&nbsp;mismatch&nbsp;repair&nbsp;protein&nbsp;MutS,84.9
1217705.F900_02021,F900_02021,Phosphoribosyl-AMP&nbsp;cyclohydrolase,84.9
1217705.F900_03237,F900_03237,annotation&nbsp;not&nbsp;available,84.8
1217705.F900_02413,rep,ATP-dependent&nbsp;DNA&nbsp;helicase&nbsp;Rep,84.8
1217705.F900_00861,F900_00861,annotation&nbsp;not&nbsp;available,84.8
1217705.F900_00041,rpoD,RNA&nbsp;polymerase&nbsp;sigma&nbsp;factor&nbsp;RpoD,84.8
1217705.F900_03030,ppa,Inorganic&nbsp;pyrophosphatase,84.8
1217705.F900_03280,ppc,Phosphoenolpyruvate&nbsp;carboxylase,84.7
1217705.F900_01585,F900_01585,annotation&nbsp;not&nbsp;available,84.7
1217705.F900_01660,F900_01660,annotation&nbsp;not&nbsp;available,84.6
1217705.F900_01224,F900_01224,annotation&nbsp;not&nbsp;available,84.6
1217705.F900_02301,F900_02301,annotation&nbsp;not&nbsp;available,84.6
1217705.F900_01321,F900_01321,annotation&nbsp;not&nbsp;available,84.4
1217705.F900_00110,kdpA,Potassium-transporting&nbsp;ATPase&nbsp;potassium-binding&nbsp;subunit,84.2
1217705.F900_01667,F900_01667,annotation&nbsp;not&nbsp;available,84.2
1217705.F900_02894,hisIE,annotation&nbsp;not&nbsp;available,84.2
1217705.F900_02846,rpmE2,annotation&nbsp;not&nbsp;available,84.1
1217705.F900_03466,F900_03466,annotation&nbsp;not&nbsp;available,84.1
1217705.F900_01931,rpmE,50S&nbsp;ribosomal&nbsp;protein&nbsp;L31,83.9
1217705.F900_00345,himA,Integration&nbsp;host&nbsp;factor&nbsp;subunit&nbsp;alpha,83.9
1217705.F900_03532,F900_03532,annotation&nbsp;not&nbsp;available,83.9
1217705.F900_03349,parE,DNA&nbsp;topoisomerase&nbsp;4&nbsp;subunit&nbsp;B,83.9
1217705.F900_00224,F900_00224,Tryptophan&nbsp;synthase&nbsp;beta&nbsp;chain,83.8
1217705.F900_01273,F900_01273,annotation&nbsp;not&nbsp;available,83.7
1217705.F900_01946,mnmA,tRNA-specific&nbsp;2-thiouridylase&nbsp;MnmA,83.6
1217705.F900_00186,F900_00186,annotation&nbsp;not&nbsp;available,83.6
1217705.F900_02176,F900_02176,annotation&nbsp;not&nbsp;available,83.6
1217705.F900_00347,pheS,annotation&nbsp;not&nbsp;available,83.6
1217705.F900_00252,F900_00252,dTDP-4-dehydrorhamnose&nbsp;reductase,83.5
1217705.F900_00230,F900_00230,annotation&nbsp;not&nbsp;available,83.5
1217705.F900_01301,F900_01301,annotation&nbsp;not&nbsp;available,83.5
1217705.F900_03503,mraY,Phospho-N-acetylmuramoyl-pentapeptide-transferase,83.4
1217705.F900_00109,kdpB,Potassium-transporting&nbsp;ATPase&nbsp;ATP-binding&nbsp;subunit,83.4
1217705.F900_00028,F900_00028,Succinate&nbsp;dehydrogenase&nbsp;hydrophobic&nbsp;membrane&nbsp;anchor&nbsp;subunit,83.4
1217705.F900_00928,hscB,Co-chaperone&nbsp;protein&nbsp;HscB&nbsp;homolog,83.3
1217705.F900_03696,F900_03696,dITP/XTP&nbsp;pyrophosphatase,83.3
1217705.F900_03150,prpB,2-methylisocitrate&nbsp;lyase,83.3
1217705.F900_02986,F900_02986,Phosphate-specific&nbsp;transport&nbsp;system&nbsp;accessory&nbsp;protein&nbsp;PhoU,83.2
1217705.F900_02160,uvrB,UvrABC&nbsp;system&nbsp;protein&nbsp;B,83.2
1217705.F900_02006,F900_02006,Sensor&nbsp;protein,83.2
1217705.F900_00065,F900_00065,annotation&nbsp;not&nbsp;available,83.1
1217705.F900_01938,surE,5'-nucleotidase&nbsp;SurE,83.1
1217705.F900_00410,F900_00410,annotation&nbsp;not&nbsp;available,83.0
1217705.F900_00429,carB,annotation&nbsp;not&nbsp;available,83.0
1217705.F900_02605,F900_02605,annotation&nbsp;not&nbsp;available,83.0
1217705.F900_00491,F900_00491,annotation&nbsp;not&nbsp;available,82.9
1217705.F900_01451,F900_01451,annotation&nbsp;not&nbsp;available,82.9
1217705.F900_03630,F900_03630,annotation&nbsp;not&nbsp;available,82.9
1217705.F900_01751,F900_01751,annotation&nbsp;not&nbsp;available,82.8
1217705.F900_02359,F900_02359,annotation&nbsp;not&nbsp;available,82.8
1217705.F900_00413,F900_00413,annotation&nbsp;not&nbsp;available,82.8
1217705.F900_01672,F900_01672,annotation&nbsp;not&nbsp;available,82.7
1217705.F900_02236,F900_02236,annotation&nbsp;not&nbsp;available,82.7
1217705.F900_00223,F900_00223,annotation&nbsp;not&nbsp;available,82.7
1217705.F900_03170,F900_03170,annotation&nbsp;not&nbsp;available,82.6
1217705.F900_02561,dcd,annotation&nbsp;not&nbsp;available,82.6
1217705.F900_00389,F900_00389,annotation&nbsp;not&nbsp;available,82.5
1217705.F900_03414,F900_03414,annotation&nbsp;not&nbsp;available,82.5
1217705.F900_01986,F900_01986,annotation&nbsp;not&nbsp;available,82.4
1217705.F900_00493,F900_00493,annotation&nbsp;not&nbsp;available,82.4
1217705.F900_03390,guaB,Inosine-5'-monophosphate&nbsp;dehydrogenase,82.3
1217705.F900_02157,F900_02157,annotation&nbsp;not&nbsp;available,82.3
1217705.F900_02513,F900_02513,annotation&nbsp;not&nbsp;available,82.2
1217705.F900_03336,F900_03336,annotation&nbsp;not&nbsp;available,82.2
1217705.F900_03510,F900_03510,annotation&nbsp;not&nbsp;available,82.2
1217705.F900_01282,F900_01282,annotation&nbsp;not&nbsp;available,82.2
1217705.F900_02952,F900_02952,annotation&nbsp;not&nbsp;available,82.1
1217705.F900_00629,F900_00629,annotation&nbsp;not&nbsp;available,82.1
1217705.F900_00592,F900_00592,annotation&nbsp;not&nbsp;available,82.1
1217705.F900_02454,F900_02454,annotation&nbsp;not&nbsp;available,82.0
1217705.F900_02910,F900_02910,annotation&nbsp;not&nbsp;available,82.0
1217705.F900_00024,F900_00024,Dihydrolipoyllysine-residue&nbsp;succinyltransferase&nbsp;component&nbsp;of&nbsp;2-oxoglutarate&nbsp;dehydrogenase&nbsp;complex,82.0
1217705.F900_00621,F900_00621,annotation&nbsp;not&nbsp;available,82.0
1217705.F900_00675,lolD,Lipoprotein-releasing&nbsp;system&nbsp;ATP-binding&nbsp;protein&nbsp;LolD,81.9
1217705.F900_02152,proB,Glutamate&nbsp;5-kinase,81.9
1217705.F900_01749,F900_01749,annotation&nbsp;not&nbsp;available,81.9
1217705.F900_00819,F900_00819,annotation&nbsp;not&nbsp;available,81.8
1217705.F900_01284,F900_01284,annotation&nbsp;not&nbsp;available,81.8
1217705.F900_00918,F900_00918,Transaldolase,81.7
1217705.F900_00047,F900_00047,annotation&nbsp;not&nbsp;available,81.6
1217705.F900_01635,F900_01635,annotation&nbsp;not&nbsp;available,81.6
1217705.F900_03098,atpE,ATP&nbsp;synthase&nbsp;subunit&nbsp;c,81.6
1217705.F900_03214,dnaK,Chaperone&nbsp;protein&nbsp;DnaK,81.5
1217705.F900_03335,F900_03335,annotation&nbsp;not&nbsp;available,81.5
1217705.F900_00794,F900_00794,L-aspartate&nbsp;oxidase,81.5
1217705.F900_00836,gidA,tRNA&nbsp;uridine&nbsp;5-carboxymethylaminomethyl&nbsp;modification&nbsp;enzyme&nbsp;MnmG,81.5
1217705.F900_00080,F900_00080,annotation&nbsp;not&nbsp;available,81.4
1217705.F900_00480,F900_00480,Sensor&nbsp;protein,81.4
1217705.F900_01971,tsaD,tRNA&nbsp;N6-adenosine&nbsp;threonylcarbamoyltransferase,81.3
1217705.F900_03507,F900_03507,annotation&nbsp;not&nbsp;available,81.2
1217705.F900_03377,ddl,D-alanine--D-alanine&nbsp;ligase,81.2
1217705.F900_03246,rpmH,annotation&nbsp;not&nbsp;available,81.2
1217705.F900_00123,gatA,Glutamyl-tRNA(Gln)&nbsp;amidotransferase&nbsp;subunit&nbsp;A,81.1
1217705.F900_02395,F900_02395,annotation&nbsp;not&nbsp;available,81.1
1217705.F900_00158,F900_00158,annotation&nbsp;not&nbsp;available,81.1
1217705.F900_00602,astD,N-succinylglutamate&nbsp;5-semialdehyde&nbsp;dehydrogenase,81.0
1217705.F900_03096,atpH,ATP&nbsp;synthase&nbsp;subunit&nbsp;delta,81.0
1217705.F900_02458,F900_02458,annotation&nbsp;not&nbsp;available,80.9
1217705.F900_00142,F900_00142,annotation&nbsp;not&nbsp;available,80.7
1217705.F900_02363,F900_02363,annotation&nbsp;not&nbsp;available,80.7
1217705.F900_03385,F900_03385,annotation&nbsp;not&nbsp;available,80.6
1217705.F900_03461,F900_03461,annotation&nbsp;not&nbsp;available,80.5
1217705.F900_00600,F900_00600,annotation&nbsp;not&nbsp;available,80.5
1217705.F900_02510,F900_02510,Acyl&nbsp;carrier&nbsp;protein,80.4
1217705.F900_02341,groL,60&nbsp;kDa&nbsp;chaperonin,80.3
1217705.F900_00497,F900_00497,Exodeoxyribonuclease&nbsp;7&nbsp;large&nbsp;subunit,80.3
1217705.F900_02899,F900_02899,annotation&nbsp;not&nbsp;available,80.3
1217705.F900_02664,hisG,ATP&nbsp;phosphoribosyltransferase,80.3
1217705.F900_03657,rpoA,DNA-directed&nbsp;RNA&nbsp;polymerase&nbsp;subunit&nbsp;alpha,80.3
1217705.F900_01352,F900_01352,Phospho-2-dehydro-3-deoxyheptonate&nbsp;aldolase,80.2
1217705.F900_02265,F900_02265,Phosphate&nbsp;transport&nbsp;system&nbsp;permease&nbsp;protein,80.2
1217705.F900_00898,F900_00898,annotation&nbsp;not&nbsp;available,80.1
1217705.F900_00338,proC,Pyrroline-5-carboxylate&nbsp;reductase,80.1
1217705.F900_00350,rplT,50S&nbsp;ribosomal&nbsp;protein&nbsp;L20,80.1
1217705.F900_00830,purD,annotation&nbsp;not&nbsp;available,80.0
1217705.F900_01715,F900_01715,annotation&nbsp;not&nbsp;available,79.9
1217705.F900_03182,F900_03182,annotation&nbsp;not&nbsp;available,79.9
1217705.F900_00209,secA,Protein&nbsp;translocase&nbsp;subunit&nbsp;SecA,79.9
1217705.F900_00569,F900_00569,annotation&nbsp;not&nbsp;available,79.7
1217705.F900_01471,F900_01471,annotation&nbsp;not&nbsp;available,79.6
1217705.F900_02912,F900_02912,annotation&nbsp;not&nbsp;available,79.4
1217705.F900_02068,F900_02068,annotation&nbsp;not&nbsp;available,79.4
1217705.F900_00582,F900_00582,annotation&nbsp;not&nbsp;available,79.4
1217705.F900_03497,F900_03497,annotation&nbsp;not&nbsp;available,79.3
1217705.F900_03350,F900_03350,annotation&nbsp;not&nbsp;available,79.3
1217705.F900_02283,thiE,Thiamine-phosphate&nbsp;synthase,79.3
1217705.F900_00539,F900_00539,annotation&nbsp;not&nbsp;available,79.2
1217705.F900_00394,F900_00394,annotation&nbsp;not&nbsp;available,79.1
1217705.F900_02067,lptA,Lipopolysaccharide&nbsp;export&nbsp;system&nbsp;protein&nbsp;LptA,79.1
1217705.F900_03649,rpsE,30S&nbsp;ribosomal&nbsp;protein&nbsp;S5,79.1
1217705.F900_00217,trpA,Tryptophan&nbsp;synthase&nbsp;alpha&nbsp;chain,79.0
1217705.F900_03663,F900_03663,annotation&nbsp;not&nbsp;available,79.0
1217705.F900_01003,purT,Formate-dependent&nbsp;phosphoribosylglycinamide&nbsp;formyltransferase,79.0
1217705.F900_01987,F900_01987,annotation&nbsp;not&nbsp;available,79.0
1217705.F900_03655,rpsK,30S&nbsp;ribosomal&nbsp;protein&nbsp;S11,78.9
1217705.F900_03514,F900_03514,annotation&nbsp;not&nbsp;available,78.8
1217705.F900_00663,gyrA,DNA&nbsp;gyrase&nbsp;subunit&nbsp;A,78.8
1217705.F900_02369,F900_02369,annotation&nbsp;not&nbsp;available,78.7
1217705.F900_00927,hscA,Chaperone&nbsp;protein&nbsp;HscA&nbsp;homolog,78.7
1217705.F900_02690,F900_02690,annotation&nbsp;not&nbsp;available,78.6
1217705.F900_02431,fusA,Elongation&nbsp;factor&nbsp;G,78.6
1217705.F900_01305,F900_01305,annotation&nbsp;not&nbsp;available,78.6
1217705.F900_02523,F900_02523,annotation&nbsp;not&nbsp;available,78.6
1217705.F900_01456,F900_01456,annotation&nbsp;not&nbsp;available,78.5
1217705.F900_03101,F900_03101,annotation&nbsp;not&nbsp;available,78.5
1217705.F900_02904,infB,Translation&nbsp;initiation&nbsp;factor&nbsp;IF-2,78.5
1217705.F900_02547,F900_02547,annotation&nbsp;not&nbsp;available,78.5
1217705.F900_03660,F900_03660,annotation&nbsp;not&nbsp;available,78.5
1217705.F900_01479,F900_01479,annotation&nbsp;not&nbsp;available,78.4
1217705.F900_00831,purH,annotation&nbsp;not&nbsp;available,78.4
1217705.F900_03646,rpsH,30S&nbsp;ribosomal&nbsp;protein&nbsp;S8,78.4
1217705.F900_00022,sucC,Succinate--CoA&nbsp;ligase&nbsp;[ADP-forming]&nbsp;subunit&nbsp;beta,78.4
1217705.F900_00746,fbp,annotation&nbsp;not&nbsp;available,78.4
1217705.F900_02317,F900_02317,annotation&nbsp;not&nbsp;available,78.4
1217705.F900_03650,rpmD,annotation&nbsp;not&nbsp;available,78.4
1217705.F900_03133,dadA,D-amino&nbsp;acid&nbsp;dehydrogenase,78.4
1217705.F900_03719,nagZ,Beta-hexosaminidase,78.2
1217705.F900_02983,F900_02983,annotation&nbsp;not&nbsp;available,78.1
1217705.F900_00103,F900_00103,annotation&nbsp;not&nbsp;available,78.0
1217705.F900_03097,atpF,ATP&nbsp;synthase&nbsp;subunit&nbsp;b,78.0
1217705.F900_01226,F900_01226,Penicillin-binding&nbsp;protein&nbsp;1B,78.0
1217705.F900_03590,glyS,annotation&nbsp;not&nbsp;available,78.0
1217705.F900_00828,F900_00828,Methionine&nbsp;import&nbsp;ATP-binding&nbsp;protein&nbsp;MetN,78.0
1217705.F900_01280,aroQ,3-dehydroquinate&nbsp;dehydratase,77.9
1217705.F900_03107,argS,annotation&nbsp;not&nbsp;available,77.9
1217705.F900_02793,topA,DNA&nbsp;topoisomerase&nbsp;1,77.9
1217705.F900_00890,mutL,DNA&nbsp;mismatch&nbsp;repair&nbsp;protein&nbsp;MutL,77.9
1217705.F900_01285,F900_01285,annotation&nbsp;not&nbsp;available,77.8
1217705.F900_00857,F900_00857,annotation&nbsp;not&nbsp;available,77.8
1217705.F900_00066,F900_00066,annotation&nbsp;not&nbsp;available,77.8
1217705.F900_01729,F900_01729,annotation&nbsp;not&nbsp;available,77.8
1217705.F900_00667,F900_00667,annotation&nbsp;not&nbsp;available,77.8
1217705.F900_00062,F900_00062,annotation&nbsp;not&nbsp;available,77.7
1217705.F900_03374,gshB,annotation&nbsp;not&nbsp;available,77.7
1217705.F900_01662,F900_01662,annotation&nbsp;not&nbsp;available,77.7
1217705.F900_01017,F900_01017,annotation&nbsp;not&nbsp;available,77.6
1217705.F900_03373,F900_03373,annotation&nbsp;not&nbsp;available,77.6
1217705.F900_01624,F900_01624,annotation&nbsp;not&nbsp;available,77.5
1217705.F900_00800,rnc,Ribonuclease&nbsp;3,77.5
1217705.F900_00581,F900_00581,annotation&nbsp;not&nbsp;available,77.4
1217705.F900_03471,F900_03471,annotation&nbsp;not&nbsp;available,77.4
1217705.F900_02960,rplA,50S&nbsp;ribosomal&nbsp;protein&nbsp;L1,77.4
1217705.F900_02175,F900_02175,annotation&nbsp;not&nbsp;available,77.4
1217705.F900_02213,F900_02213,annotation&nbsp;not&nbsp;available,77.4
1217705.F900_03209,F900_03209,annotation&nbsp;not&nbsp;available,77.4
1217705.F900_02025,F900_02025,annotation&nbsp;not&nbsp;available,77.4
1217705.F900_02825,F900_02825,annotation&nbsp;not&nbsp;available,77.2
1217705.F900_01737,F900_01737,annotation&nbsp;not&nbsp;available,77.2
1217705.F900_02525,F900_02525,annotation&nbsp;not&nbsp;available,77.1
1217705.F900_00335,F900_00335,annotation&nbsp;not&nbsp;available,77.1
1217705.F900_01292,F900_01292,annotation&nbsp;not&nbsp;available,77.0
1217705.F900_00327,F900_00327,annotation&nbsp;not&nbsp;available,77.0
1217705.F900_01236,F900_01236,annotation&nbsp;not&nbsp;available,77.0
1217705.F900_01712,F900_01712,annotation&nbsp;not&nbsp;available,77.0
1217705.F900_02485,bamD,Outer&nbsp;membrane&nbsp;protein&nbsp;assembly&nbsp;factor&nbsp;BamD,76.9
1217705.F900_00089,F900_00089,annotation&nbsp;not&nbsp;available,76.9
1217705.F900_03601,aroE,Shikimate&nbsp;dehydrogenase&nbsp;(NADP(+)),76.8
1217705.F900_02244,F900_02244,Uncharacterized&nbsp;protein,76.8
1217705.F900_01315,frr,Ribosome-recycling&nbsp;factor,76.7
1217705.F900_00967,F900_00967,annotation&nbsp;not&nbsp;available,76.7
1217705.F900_03643,rplX,50S&nbsp;ribosomal&nbsp;protein&nbsp;L24,76.6
1217705.F900_01309,F900_01309,Ornithine&nbsp;carbamoyltransferase,76.6
1217705.F900_01786,F900_01786,annotation&nbsp;not&nbsp;available,76.6
1217705.F900_03483,F900_03483,annotation&nbsp;not&nbsp;available,76.6
1217705.F900_02587,F900_02587,annotation&nbsp;not&nbsp;available,76.5
1217705.F900_02028,F900_02028,annotation&nbsp;not&nbsp;available,76.5
1217705.F900_02461,F900_02461,annotation&nbsp;not&nbsp;available,76.5
1217705.F900_03397,F900_03397,annotation&nbsp;not&nbsp;available,76.5
1217705.F900_00593,F900_00593,annotation&nbsp;not&nbsp;available,76.5
1217705.F900_00113,F900_00113,annotation&nbsp;not&nbsp;available,76.5
1217705.F900_03470,F900_03470,annotation&nbsp;not&nbsp;available,76.4
1217705.F900_00081,F900_00081,annotation&nbsp;not&nbsp;available,76.4
1217705.F900_02410,argB,Acetylglutamate&nbsp;kinase,76.4
1217705.F900_02936,F900_02936,Fatty&nbsp;acid&nbsp;oxidation&nbsp;complex&nbsp;subunit&nbsp;alpha,76.4
1217705.F900_01607,F900_01607,annotation&nbsp;not&nbsp;available,76.4
1217705.F900_02308,F900_02308,annotation&nbsp;not&nbsp;available,76.3
1217705.F900_02997,xerD,annotation&nbsp;not&nbsp;available,76.2
1217705.F900_03065,F900_03065,annotation&nbsp;not&nbsp;available,76.2
1217705.F900_03450,thrB,annotation&nbsp;not&nbsp;available,76.2
1217705.F900_00496,F900_00496,annotation&nbsp;not&nbsp;available,76.2
1217705.F900_00589,F900_00589,annotation&nbsp;not&nbsp;available,76.2
1217705.F900_02540,ligA,DNA&nbsp;ligase,76.0
1217705.F900_02775,leuS,annotation&nbsp;not&nbsp;available,76.0
1217705.F900_00974,purF,Amidophosphoribosyltransferase,76.0
1217705.F900_03318,ribH,"6,7-dimethyl-8-ribityllumazine&nbsp;synthase",75.9
1217705.F900_03640,rpmC,annotation&nbsp;not&nbsp;available,75.9
1217705.F900_01181,metK,S-adenosylmethionine&nbsp;synthase,75.7
1217705.F900_03731,F900_03731,annotation&nbsp;not&nbsp;available,75.7
1217705.F900_02592,nuoN,NADH-quinone&nbsp;oxidoreductase&nbsp;subunit&nbsp;N,75.7
1217705.F900_00554,F900_00554,annotation&nbsp;not&nbsp;available,75.7
1217705.F900_03395,prfB,Peptide&nbsp;chain&nbsp;release&nbsp;factor&nbsp;2,75.6
1217705.F900_00561,F900_00561,annotation&nbsp;not&nbsp;available,75.6
1217705.F900_01514,F900_01514,annotation&nbsp;not&nbsp;available,75.5
1217705.F900_02442,nadE,Glutamine-dependent&nbsp;NAD(+)&nbsp;synthetase,75.4
1217705.F900_00351,rpmI,annotation&nbsp;not&nbsp;available,75.3
1217705.F900_01488,F900_01488,annotation&nbsp;not&nbsp;available,75.3
1217705.F900_00859,hisZ,ATP&nbsp;phosphoribosyltransferase&nbsp;regulatory&nbsp;subunit,75.3
1217705.F900_03092,atpC,ATP&nbsp;synthase&nbsp;epsilon&nbsp;chain,75.3
1217705.F900_01266,F900_01266,annotation&nbsp;not&nbsp;available,75.1
1217705.F900_03222,purK,N5-carboxyaminoimidazole&nbsp;ribonucleotide&nbsp;synthase,75.1
1217705.F900_00430,carA,annotation&nbsp;not&nbsp;available,75.0
1217705.F900_03456,hisA,annotation&nbsp;not&nbsp;available,75.0
1217705.F900_02594,F900_02594,annotation&nbsp;not&nbsp;available,75.0
1217705.F900_01752,hutG,Formimidoylglutamase,75.0
1217705.F900_02970,trpE,Anthranilate&nbsp;synthase&nbsp;component&nbsp;1,75.0
1217705.F900_03035,parC,DNA&nbsp;topoisomerase&nbsp;4&nbsp;subunit&nbsp;A,74.8
1217705.F900_01360,F900_01360,annotation&nbsp;not&nbsp;available,74.7
1217705.F900_01094,F900_01094,annotation&nbsp;not&nbsp;available,74.7
1217705.F900_02681,mdh,Malate&nbsp;dehydrogenase,74.6
1217705.F900_00280,F900_00280,annotation&nbsp;not&nbsp;available,74.6
1217705.F900_00161,F900_00161,annotation&nbsp;not&nbsp;available,74.6
1217705.F900_00387,F900_00387,annotation&nbsp;not&nbsp;available,74.5
1217705.F900_02445,F900_02445,annotation&nbsp;not&nbsp;available,74.5
1217705.F900_03104,F900_03104,annotation&nbsp;not&nbsp;available,74.4
1217705.F900_03368,pyrE,Orotate&nbsp;phosphoribosyltransferase,74.4
1217705.F900_02224,F900_02224,annotation&nbsp;not&nbsp;available,74.3
1217705.F900_01143,F900_01143,annotation&nbsp;not&nbsp;available,74.2
1217705.F900_01210,F900_01210,annotation&nbsp;not&nbsp;available,74.2
1217705.F900_01302,F900_01302,annotation&nbsp;not&nbsp;available,74.2
1217705.F900_00978,F900_00978,annotation&nbsp;not&nbsp;available,74.2
1217705.F900_01512,F900_01512,annotation&nbsp;not&nbsp;available,74.1
1217705.F900_00349,F900_00349,annotation&nbsp;not&nbsp;available,74.1
1217705.F900_03591,glyQ,annotation&nbsp;not&nbsp;available,74.0
1217705.F900_03636,rpsS,30S&nbsp;ribosomal&nbsp;protein&nbsp;S19,74.0
1217705.F900_02882,recD,RecBCD&nbsp;enzyme&nbsp;subunit&nbsp;RecD,74.0
1217705.F900_02871,priA,Primosomal&nbsp;protein&nbsp;N,74.0
1217705.F900_01981,F900_01981,annotation&nbsp;not&nbsp;available,73.9
1217705.F900_01809,F900_01809,annotation&nbsp;not&nbsp;available,73.9
1217705.F900_02648,F900_02648,Undecaprenyl-diphosphatase,73.8
1217705.F900_00198,F900_00198,annotation&nbsp;not&nbsp;available,73.8
1217705.F900_02599,F900_02599,annotation&nbsp;not&nbsp;available,73.7
1217705.F900_01227,nadK,NAD&nbsp;kinase,73.7
1217705.F900_00756,ruvB,Holliday&nbsp;junction&nbsp;ATP-dependent&nbsp;DNA&nbsp;helicase&nbsp;RuvB,73.7
1217705.F900_00027,F900_00027,annotation&nbsp;not&nbsp;available,73.6
1217705.F900_03506,F900_03506,annotation&nbsp;not&nbsp;available,73.6
1217705.F900_03345,gshA,annotation&nbsp;not&nbsp;available,73.6
1217705.F900_01539,F900_01539,annotation&nbsp;not&nbsp;available,73.6
1217705.F900_00932,F900_00932,annotation&nbsp;not&nbsp;available,73.6
1217705.F900_01524,rpiA,Ribose-5-phosphate&nbsp;isomerase&nbsp;A,73.5
1217705.F900_01788,F900_01788,annotation&nbsp;not&nbsp;available,73.5
1217705.F900_00599,F900_00599,annotation&nbsp;not&nbsp;available,73.5
1217705.F900_00768,F900_00768,annotation&nbsp;not&nbsp;available,73.4
1217705.F900_01705,clpB,Chaperone&nbsp;protein&nbsp;ClpB,73.3
1217705.F900_02482,F900_02482,annotation&nbsp;not&nbsp;available,73.2
1217705.F900_00758,F900_00758,annotation&nbsp;not&nbsp;available,73.2
1217705.F900_03180,F900_03180,annotation&nbsp;not&nbsp;available,73.0
1217705.F900_03407,F900_03407,annotation&nbsp;not&nbsp;available,73.0
1217705.F900_00157,F900_00157,annotation&nbsp;not&nbsp;available,73.0
1217705.F900_00114,F900_00114,"5'-adenylylsulfate&nbsp;reductase,&nbsp;thioredoxin-independent",72.9
1217705.F900_03017,F900_03017,annotation&nbsp;not&nbsp;available,72.9
1217705.F900_01230,F900_01230,annotation&nbsp;not&nbsp;available,72.9
1217705.F900_02304,F900_02304,annotation&nbsp;not&nbsp;available,72.8
1217705.F900_01200,F900_01200,annotation&nbsp;not&nbsp;available,72.7
1217705.F900_00930,F900_00930,Iron-sulfur&nbsp;cluster&nbsp;assembly&nbsp;scaffold&nbsp;protein&nbsp;IscU,72.6
1217705.F900_01439,F900_01439,annotation&nbsp;not&nbsp;available,72.6
1217705.F900_00514,F900_00514,Lipid&nbsp;A&nbsp;biosynthesis&nbsp;lauroyltransferase,72.6
1217705.F900_01269,F900_01269,annotation&nbsp;not&nbsp;available,72.5
1217705.F900_00108,kdpC,Potassium-transporting&nbsp;ATPase&nbsp;KdpC&nbsp;subunit,72.5
1217705.F900_01011,F900_01011,annotation&nbsp;not&nbsp;available,72.5
1217705.F900_00653,lysA,Diaminopimelate&nbsp;decarboxylase,72.5
1217705.F900_03362,F900_03362,annotation&nbsp;not&nbsp;available,72.4
1217705.F900_00162,F900_00162,annotation&nbsp;not&nbsp;available,72.4
1217705.F900_03706,clpP,ATP-dependent&nbsp;Clp&nbsp;protease&nbsp;proteolytic&nbsp;subunit,72.3
1217705.F900_02320,ppk,Polyphosphate&nbsp;kinase,72.2
1217705.F900_02435,F900_02435,annotation&nbsp;not&nbsp;available,72.2
1217705.F900_02427,F900_02427,Ribosomal-protein-alanine&nbsp;acetyltransferase,72.2
1217705.F900_02832,F900_02832,annotation&nbsp;not&nbsp;available,72.2
1217705.F900_00821,F900_00821,annotation&nbsp;not&nbsp;available,72.1
1217705.F900_02693,xpt,Xanthine&nbsp;phosphoribosyltransferase,72.1
1217705.F900_03420,F900_03420,Single-stranded&nbsp;DNA-binding&nbsp;protein,72.0
1217705.F900_02864,F900_02864,annotation&nbsp;not&nbsp;available,72.0
1217705.F900_02211,F900_02211,annotation&nbsp;not&nbsp;available,72.0
1217705.F900_00423,F900_00423,annotation&nbsp;not&nbsp;available,72.0
1217705.F900_01293,F900_01293,annotation&nbsp;not&nbsp;available,71.9
1217705.F900_01763,aroD,3-dehydroquinate&nbsp;dehydratase,71.9
1217705.F900_02898,F900_02898,annotation&nbsp;not&nbsp;available,71.9
1217705.F900_01978,F900_01978,annotation&nbsp;not&nbsp;available,71.9
1217705.F900_02875,F900_02875,annotation&nbsp;not&nbsp;available,71.8
1217705.F900_00998,F900_00998,annotation&nbsp;not&nbsp;available,71.8
1217705.F900_00395,F900_00395,Glutaredoxin,71.7
1217705.F900_00894,F900_00894,annotation&nbsp;not&nbsp;available,71.7
1217705.F900_03317,nusB,Transcription&nbsp;antitermination&nbsp;protein&nbsp;NusB,71.7
1217705.F900_03316,thiL,Thiamine-monophosphate&nbsp;kinase,71.7
1217705.F900_03631,rpsJ,30S&nbsp;ribosomal&nbsp;protein&nbsp;S10,71.7
1217705.F900_03545,gmk,Guanylate&nbsp;kinase,71.7
1217705.F900_02980,F900_02980,annotation&nbsp;not&nbsp;available,71.5
1217705.F900_01771,F900_01771,annotation&nbsp;not&nbsp;available,71.5
1217705.F900_01542,F900_01542,annotation&nbsp;not&nbsp;available,71.5
1217705.F900_00291,rpsI,annotation&nbsp;not&nbsp;available,71.4
1217705.F900_03621,plsB,annotation&nbsp;not&nbsp;available,71.4
1217705.F900_02001,F900_02001,annotation&nbsp;not&nbsp;available,71.4
1217705.F900_02494,rplY,50S&nbsp;ribosomal&nbsp;protein&nbsp;L25,71.4
1217705.F900_00378,F900_00378,annotation&nbsp;not&nbsp;available,71.3
1217705.F900_01685,F900_01685,annotation&nbsp;not&nbsp;available,71.3
1217705.F900_03629,F900_03629,annotation&nbsp;not&nbsp;available,71.3
1217705.F900_02493,prs,Ribose-phosphate&nbsp;pyrophosphokinase,71.3
1217705.F900_01448,F900_01448,annotation&nbsp;not&nbsp;available,71.3
1217705.F900_01468,F900_01468,annotation&nbsp;not&nbsp;available,71.2
1217705.F900_03326,F900_03326,annotation&nbsp;not&nbsp;available,71.2
1217705.F900_02837,rne,Ribonuclease&nbsp;E,71.2
1217705.F900_00121,F900_00121,annotation&nbsp;not&nbsp;available,71.1
1217705.F900_03164,F900_03164,annotation&nbsp;not&nbsp;available,71.1
1217705.F900_00868,rplI,50S&nbsp;ribosomal&nbsp;protein&nbsp;L9,71.0
1217705.F900_02780,F900_02780,annotation&nbsp;not&nbsp;available,71.0
1217705.F900_02528,F900_02528,annotation&nbsp;not&nbsp;available,70.9
1217705.F900_02000,F900_02000,annotation&nbsp;not&nbsp;available,70.9
1217705.F900_00365,pcnB,Poly(A)&nbsp;polymerase&nbsp;I,70.8
1217705.F900_01989,F900_01989,annotation&nbsp;not&nbsp;available,70.8
1217705.F900_01015,F900_01015,annotation&nbsp;not&nbsp;available,70.8
1217705.F900_02927,F900_02927,annotation&nbsp;not&nbsp;available,70.7
1217705.F900_03537,F900_03537,annotation&nbsp;not&nbsp;available,70.7
1217705.F900_01452,F900_01452,annotation&nbsp;not&nbsp;available,70.6
1217705.F900_01586,F900_01586,annotation&nbsp;not&nbsp;available,70.5
1217705.F900_00546,F900_00546,annotation&nbsp;not&nbsp;available,70.5
1217705.F900_01897,F900_01897,annotation&nbsp;not&nbsp;available,70.4
1217705.F900_02883,recB,RecBCD&nbsp;enzyme&nbsp;subunit&nbsp;RecB,70.3
1217705.F900_01555,F900_01555,annotation&nbsp;not&nbsp;available,70.3
1217705.F900_01665,glyA,Serine&nbsp;hydroxymethyltransferase,70.2
1217705.F900_01329,F900_01329,annotation&nbsp;not&nbsp;available,70.2
1217705.F900_03136,F900_03136,annotation&nbsp;not&nbsp;available,70.1
1217705.F900_02433,rpsL,30S&nbsp;ribosomal&nbsp;protein&nbsp;S12,70.0
1217705.F900_02178,trpD,Anthranilate&nbsp;phosphoribosyltransferase,70.0
1217705.F900_02603,nuoB,NADH-quinone&nbsp;oxidoreductase&nbsp;subunit&nbsp;B,69.9
1217705.F900_01610,F900_01610,annotation&nbsp;not&nbsp;available,69.9
1217705.F900_03228,F900_03228,annotation&nbsp;not&nbsp;available,69.8
1217705.F900_02216,F900_02216,annotation&nbsp;not&nbsp;available,69.7
1217705.F900_01365,F900_01365,annotation&nbsp;not&nbsp;available,69.7
1217705.F900_01984,F900_01984,annotation&nbsp;not&nbsp;available,69.6
1217705.F900_02973,F900_02973,annotation&nbsp;not&nbsp;available,69.5
1217705.F900_01568,glcB,Malate&nbsp;synthase&nbsp;G,69.5
1217705.F900_00064,F900_00064,annotation&nbsp;not&nbsp;available,69.4
1217705.F900_01997,F900_01997,annotation&nbsp;not&nbsp;available,69.4
1217705.F900_02886,F900_02886,annotation&nbsp;not&nbsp;available,69.4
1217705.F900_03004,F900_03004,annotation&nbsp;not&nbsp;available,69.3
1217705.F900_01730,F900_01730,annotation&nbsp;not&nbsp;available,69.3
1217705.F900_00849,F900_00849,Adenine&nbsp;deaminase,69.3
1217705.F900_03201,ileS,Isoleucine--tRNA&nbsp;ligase,69.3
1217705.F900_03050,F900_03050,annotation&nbsp;not&nbsp;available,69.2
1217705.F900_00067,F900_00067,annotation&nbsp;not&nbsp;available,69.0
1217705.F900_00792,tmk,Thymidylate&nbsp;kinase,69.0
1217705.F900_00827,F900_00827,annotation&nbsp;not&nbsp;available,68.9
1217705.F900_03156,F900_03156,annotation&nbsp;not&nbsp;available,68.9
1217705.F900_01007,F900_01007,annotation&nbsp;not&nbsp;available,68.9
1217705.F900_02856,F900_02856,annotation&nbsp;not&nbsp;available,68.9
1217705.F900_03557,rplS,50S&nbsp;ribosomal&nbsp;protein&nbsp;L19,68.9
1217705.F900_00822,ahcY,Adenosylhomocysteinase,68.8
1217705.F900_03656,rpsD,30S&nbsp;ribosomal&nbsp;protein&nbsp;S4,68.8
1217705.F900_00885,F900_00885,annotation&nbsp;not&nbsp;available,68.7
1217705.F900_00910,F900_00910,annotation&nbsp;not&nbsp;available,68.7
1217705.F900_03023,F900_03023,annotation&nbsp;not&nbsp;available,68.7
1217705.F900_03309,dapA,4-hydroxy-tetrahydrodipicolinate&nbsp;synthase,68.6
1217705.F900_02343,F900_02343,annotation&nbsp;not&nbsp;available,68.6
1217705.F900_03075,F900_03075,annotation&nbsp;not&nbsp;available,68.6
1217705.F900_03066,F900_03066,annotation&nbsp;not&nbsp;available,68.6
1217705.F900_00272,secF,Protein-export&nbsp;membrane&nbsp;protein&nbsp;SecF,68.6
1217705.F900_02190,pyrC,Dihydroorotase,68.5
1217705.F900_01316,uppS,"Ditrans,polycis-undecaprenyl-diphosphate&nbsp;synthase&nbsp;((2E,6E)-farnesyl-diphosphate&nbsp;specific)",68.4
1217705.F900_01507,pyrG,CTP&nbsp;synthase,68.4
1217705.F900_01485,F900_01485,annotation&nbsp;not&nbsp;available,68.4
1217705.F900_02593,F900_02593,annotation&nbsp;not&nbsp;available,68.3
1217705.F900_00029,F900_00029,annotation&nbsp;not&nbsp;available,68.3
1217705.F900_01260,F900_01260,annotation&nbsp;not&nbsp;available,68.3
1217705.F900_02588,F900_02588,annotation&nbsp;not&nbsp;available,68.2
1217705.F900_00060,rplU,50S&nbsp;ribosomal&nbsp;protein&nbsp;L21,68.2
1217705.F900_02415,F900_02415,annotation&nbsp;not&nbsp;available,68.1
1217705.F900_01317,F900_01317,annotation&nbsp;not&nbsp;available,68.1
1217705.F900_01044,F900_01044,annotation&nbsp;not&nbsp;available,68.1
1217705.F900_02702,purU,Formyltetrahydrofolate&nbsp;deformylase,68.1
1217705.F900_00053,cysG,Siroheme&nbsp;synthase,68.0
1217705.F900_00380,F900_00380,annotation&nbsp;not&nbsp;available,67.9
1217705.F900_02189,F900_02189,annotation&nbsp;not&nbsp;available,67.9
1217705.F900_03505,F900_03505,annotation&nbsp;not&nbsp;available,67.9
1217705.F900_03485,F900_03485,annotation&nbsp;not&nbsp;available,67.9
1217705.F900_02459,F900_02459,annotation&nbsp;not&nbsp;available,67.9
1217705.F900_00234,F900_00234,annotation&nbsp;not&nbsp;available,67.9
1217705.F900_03250,gyrB,DNA&nbsp;gyrase&nbsp;subunit&nbsp;B,67.9
1217705.F900_02356,folD,Bifunctional&nbsp;protein&nbsp;FolD,67.9
1217705.F900_01345,F900_01345,annotation&nbsp;not&nbsp;available,67.9
1217705.F900_00159,F900_00159,annotation&nbsp;not&nbsp;available,67.8
1217705.F900_02258,F900_02258,annotation&nbsp;not&nbsp;available,67.8
1217705.F900_01801,F900_01801,annotation&nbsp;not&nbsp;available,67.8
1217705.F900_00987,F900_00987,annotation&nbsp;not&nbsp;available,67.7
1217705.F900_01231,F900_01231,annotation&nbsp;not&nbsp;available,67.7
1217705.F900_02166,F900_02166,annotation&nbsp;not&nbsp;available,67.7
1217705.F900_03378,ftsQ,Cell&nbsp;division&nbsp;protein&nbsp;FtsQ,67.7
1217705.F900_00295,F900_00295,annotation&nbsp;not&nbsp;available,67.6
1217705.F900_03352,F900_03352,annotation&nbsp;not&nbsp;available,67.6
1217705.F900_02749,F900_02749,Aconitate&nbsp;hydratase,67.5
1217705.F900_03108,F900_03108,annotation&nbsp;not&nbsp;available,67.4
1217705.F900_00282,ndk,Nucleoside&nbsp;diphosphate&nbsp;kinase,67.4
1217705.F900_00951,F900_00951,annotation&nbsp;not&nbsp;available,67.4
1217705.F900_03652,secY,Protein&nbsp;translocase&nbsp;subunit&nbsp;SecY,67.3
1217705.F900_01790,F900_01790,annotation&nbsp;not&nbsp;available,67.3
1217705.F900_00929,F900_00929,Iron-binding&nbsp;protein&nbsp;IscA,67.3
1217705.F900_00163,proS,Proline--tRNA&nbsp;ligase,67.1
1217705.F900_03499,ftsL,Cell&nbsp;division&nbsp;protein&nbsp;FtsL,67.1
1217705.F900_00803,F900_00803,annotation&nbsp;not&nbsp;available,67.0
1217705.F900_00233,F900_00233,annotation&nbsp;not&nbsp;available,67.0
1217705.F900_03223,purE,N5-carboxyaminoimidazole&nbsp;ribonucleotide&nbsp;mutase,66.9
1217705.F900_03476,F900_03476,annotation&nbsp;not&nbsp;available,66.9
1217705.F900_02570,metG,Methionine--tRNA&nbsp;ligase,66.7
1217705.F900_00021,sucD,Succinate--CoA&nbsp;ligase&nbsp;[ADP-forming]&nbsp;subunit&nbsp;alpha,66.7
1217705.F900_01543,F900_01543,annotation&nbsp;not&nbsp;available,66.7
1217705.F900_02604,nuoA,NADH-quinone&nbsp;oxidoreductase&nbsp;subunit&nbsp;A,66.5
1217705.F900_00818,F900_00818,annotation&nbsp;not&nbsp;available,66.4
1217705.F900_02782,F900_02782,annotation&nbsp;not&nbsp;available,66.4
1217705.F900_00468,F900_00468,annotation&nbsp;not&nbsp;available,66.4
1217705.F900_03243,yidC,Membrane&nbsp;protein&nbsp;insertase&nbsp;YidC,66.3
1217705.F900_01335,F900_01335,annotation&nbsp;not&nbsp;available,66.3
1217705.F900_01193,trmA,tRNA/tmRNA&nbsp;(uracil-C(5))-methyltransferase,66.2
1217705.F900_01571,F900_01571,annotation&nbsp;not&nbsp;available,66.2
1217705.F900_02634,argJ,Arginine&nbsp;biosynthesis&nbsp;bifunctional&nbsp;protein&nbsp;ArgJ,66.2
1217705.F900_01581,F900_01581,annotation&nbsp;not&nbsp;available,66.2
1217705.F900_01558,F900_01558,annotation&nbsp;not&nbsp;available,66.1
1217705.F900_03427,F900_03427,annotation&nbsp;not&nbsp;available,66.1
1217705.F900_00045,lipB,Octanoyltransferase,66.1
1217705.F900_00486,F900_00486,annotation&nbsp;not&nbsp;available,66.0
1217705.F900_03674,rnr,Ribonuclease&nbsp;R,66.0
1217705.F900_02504,F900_02504,annotation&nbsp;not&nbsp;available,66.0
1217705.F900_01182,F900_01182,Transketolase,66.0
1217705.F900_03599,F900_03599,annotation&nbsp;not&nbsp;available,65.9
1217705.F900_00736,purN,Phosphoribosylglycinamide&nbsp;formyltransferase,65.8
1217705.F900_00263,F900_00263,annotation&nbsp;not&nbsp;available,65.8
1217705.F900_02205,F900_02205,annotation&nbsp;not&nbsp;available,65.8
1217705.F900_00753,F900_00753,annotation&nbsp;not&nbsp;available,65.8
1217705.F900_02771,F900_02771,annotation&nbsp;not&nbsp;available,65.8
1217705.F900_00343,rho,Transcription&nbsp;termination&nbsp;factor&nbsp;Rho,65.8
1217705.F900_03319,F900_03319,"3,4-dihydroxy-2-butanone&nbsp;4-phosphate&nbsp;synthase",65.7
1217705.F900_02342,groS,10&nbsp;kDa&nbsp;chaperonin,65.6
1217705.F900_00154,dapE,Succinyl-diaminopimelate&nbsp;desuccinylase,65.6
1217705.F900_00120,F900_00120,Cell&nbsp;shape-determining&nbsp;protein&nbsp;MreC,65.6
1217705.F900_00560,F900_00560,annotation&nbsp;not&nbsp;available,65.6
1217705.F900_03511,aroK,Shikimate&nbsp;kinase,65.4
1217705.F900_03633,rplD,50S&nbsp;ribosomal&nbsp;protein&nbsp;L4,65.4
1217705.F900_02778,F900_02778,annotation&nbsp;not&nbsp;available,65.4
1217705.F900_03178,F900_03178,annotation&nbsp;not&nbsp;available,65.3
1217705.F900_02784,F900_02784,annotation&nbsp;not&nbsp;available,65.3
1217705.F900_02984,argH,annotation&nbsp;not&nbsp;available,65.2
1217705.F900_03000,F900_03000,Threonine&nbsp;synthase,65.2
1217705.F900_03357,F900_03357,annotation&nbsp;not&nbsp;available,65.1
1217705.F900_00608,F900_00608,annotation&nbsp;not&nbsp;available,65.0
1217705.F900_03647,rplF,50S&nbsp;ribosomal&nbsp;protein&nbsp;L6,65.0
1217705.F900_02769,ilvC,Ketol-acid&nbsp;reductoisomerase&nbsp;(NADP(+)),65.0
1217705.F900_03512,aroB,3-dehydroquinate&nbsp;synthase,64.9
1217705.F900_02989,cpdA,"3',5'-cyclic&nbsp;adenosine&nbsp;monophosphate&nbsp;phosphodiesterase&nbsp;CpdA",64.9
1217705.F900_02880,rpsO,30S&nbsp;ribosomal&nbsp;protein&nbsp;S15,64.8
1217705.F900_00419,F900_00419,annotation&nbsp;not&nbsp;available,64.8
1217705.F900_02412,dut,Deoxyuridine&nbsp;5'-triphosphate&nbsp;nucleotidohydrolase,64.8
1217705.F900_01461,F900_01461,annotation&nbsp;not&nbsp;available,64.7
1217705.F900_03094,atpG,ATP&nbsp;synthase&nbsp;gamma&nbsp;chain,64.7
1217705.F900_02804,asd,Aspartate-semialdehyde&nbsp;dehydrogenase,64.6
1217705.F900_02661,hisC,annotation&nbsp;not&nbsp;available,64.5
1217705.F900_03710,F900_03710,Fumarate&nbsp;hydratase&nbsp;class&nbsp;I,64.5
1217705.F900_01001,F900_01001,annotation&nbsp;not&nbsp;available,64.5
1217705.F900_01744,F900_01744,annotation&nbsp;not&nbsp;available,64.4
1217705.F900_02527,F900_02527,annotation&nbsp;not&nbsp;available,64.4
1217705.F900_02215,rnhA,Ribonuclease&nbsp;H,64.4
1217705.F900_01663,F900_01663,annotation&nbsp;not&nbsp;available,64.3
1217705.F900_00972,pyrD,Dihydroorotate&nbsp;dehydrogenase&nbsp;(quinone),64.3
1217705.F900_00867,F900_00867,Replicative&nbsp;DNA&nbsp;helicase,64.3
1217705.F900_00962,gpsA,annotation&nbsp;not&nbsp;available,64.3
1217705.F900_02161,F900_02161,annotation&nbsp;not&nbsp;available,64.2
1217705.F900_03546,ispH,4-hydroxy-3-methylbut-2-enyl&nbsp;diphosphate&nbsp;reductase,64.2
1217705.F900_01312,F900_01312,annotation&nbsp;not&nbsp;available,64.1
1217705.F900_03282,F900_03282,annotation&nbsp;not&nbsp;available,64.1
1217705.F900_00949,F900_00949,annotation&nbsp;not&nbsp;available,64.1
1217705.F900_03193,ssuD,Alkanesulfonate&nbsp;monooxygenase,64.0
1217705.F900_00085,F900_00085,annotation&nbsp;not&nbsp;available,64.0
1217705.F900_02430,ENW99625.1,annotation&nbsp;not&nbsp;available,64.0
1217705.F900_03213,grpE,Protein&nbsp;GrpE,63.9
1217705.F900_01649,prfA,Peptide&nbsp;chain&nbsp;release&nbsp;factor&nbsp;1,63.9
1217705.F900_01798,F900_01798,annotation&nbsp;not&nbsp;available,63.9
1217705.F900_02869,F900_02869,annotation&nbsp;not&nbsp;available,63.7
1217705.F900_00577,F900_00577,annotation&nbsp;not&nbsp;available,63.6
1217705.F900_01765,F900_01765,annotation&nbsp;not&nbsp;available,63.5
1217705.F900_02064,F900_02064,annotation&nbsp;not&nbsp;available,63.5
1217705.F900_02083,lysS,annotation&nbsp;not&nbsp;available,63.5
1217705.F900_00542,F900_00542,annotation&nbsp;not&nbsp;available,63.4
1217705.F900_00250,F900_00250,"dTDP-4-dehydrorhamnose&nbsp;3,5-epimerase",63.4
1217705.F900_00260,F900_00260,annotation&nbsp;not&nbsp;available,63.3
1217705.F900_01477,F900_01477,2-dehydropantoate&nbsp;2-reductase,63.3
1217705.F900_01234,aroA,3-phosphoshikimate&nbsp;1-carboxyvinyltransferase,63.2
1217705.F900_00657,xerC,annotation&nbsp;not&nbsp;available,63.2
1217705.F900_00023,F900_00023,annotation&nbsp;not&nbsp;available,63.1
1217705.F900_00642,glsA,annotation&nbsp;not&nbsp;available,63.0
1217705.F900_02069,F900_02069,3-deoxy-D-manno-octulosonate&nbsp;8-phosphate&nbsp;phosphatase&nbsp;KdsC,62.9
1217705.F900_02079,cysN,Sulfate&nbsp;adenylyltransferase&nbsp;subunit&nbsp;1,62.9
1217705.F900_02316,F900_02316,annotation&nbsp;not&nbsp;available,62.8
1217705.F900_02767,F900_02767,annotation&nbsp;not&nbsp;available,62.8
1217705.F900_00107,F900_00107,annotation&nbsp;not&nbsp;available,62.7
1217705.F900_00892,hfq,RNA-binding&nbsp;protein&nbsp;Hfq,62.7
1217705.F900_02488,F900_02488,annotation&nbsp;not&nbsp;available,62.7
1217705.F900_03653,rpmJ,annotation&nbsp;not&nbsp;available,62.7
1217705.F900_01578,cmk,annotation&nbsp;not&nbsp;available,62.7
1217705.F900_02993,murD,UDP-N-acetylmuramoylalanine--D-glutamate&nbsp;ligase,62.7
1217705.F900_02226,F900_02226,annotation&nbsp;not&nbsp;available,62.6
1217705.F900_03639,rplP,50S&nbsp;ribosomal&nbsp;protein&nbsp;L16,62.4
1217705.F900_00184,F900_00184,annotation&nbsp;not&nbsp;available,62.4
1217705.F900_00386,F900_00386,NAD(P)&nbsp;transhydrogenase&nbsp;subunit&nbsp;beta,62.4
1217705.F900_03194,F900_03194,annotation&nbsp;not&nbsp;available,62.3
1217705.F900_00757,ruvA,Holliday&nbsp;junction&nbsp;ATP-dependent&nbsp;DNA&nbsp;helicase&nbsp;RuvA,62.1
1217705.F900_03707,clpX,ATP-dependent&nbsp;Clp&nbsp;protease&nbsp;ATP-binding&nbsp;subunit&nbsp;ClpX,62.1
1217705.F900_03403,acsA,Acetyl-coenzyme&nbsp;A&nbsp;synthetase,62.1
1217705.F900_03410,F900_03410,annotation&nbsp;not&nbsp;available,62.1
1217705.F900_03638,rpsC,30S&nbsp;ribosomal&nbsp;protein&nbsp;S3,62.1
1217705.F900_03132,F900_03132,Alanine&nbsp;racemase,62.0
1217705.F900_03479,F900_03479,annotation&nbsp;not&nbsp;available,62.0
1217705.F900_01525,ilvA,L-threonine&nbsp;dehydratase,62.0
1217705.F900_02417,minC,Probable&nbsp;septum&nbsp;site-determining&nbsp;protein&nbsp;MinC,62.0
1217705.F900_00538,F900_00538,annotation&nbsp;not&nbsp;available,61.9
1217705.F900_03669,F900_03669,annotation&nbsp;not&nbsp;available,61.9
1217705.F900_01515,F900_01515,Phospho-2-dehydro-3-deoxyheptonate&nbsp;aldolase,61.9
1217705.F900_00197,F900_00197,annotation&nbsp;not&nbsp;available,61.8
1217705.F900_00377,F900_00377,annotation&nbsp;not&nbsp;available,61.8
1217705.F900_00314,F900_00314,annotation&nbsp;not&nbsp;available,61.8
1217705.F900_00332,F900_00332,annotation&nbsp;not&nbsp;available,61.7
1217705.F900_01376,F900_01376,annotation&nbsp;not&nbsp;available,61.6
1217705.F900_01796,F900_01796,annotation&nbsp;not&nbsp;available,61.5
1217705.F900_02411,F900_02411,annotation&nbsp;not&nbsp;available,61.5
1217705.F900_02609,F900_02609,Vitamin&nbsp;B12-dependent&nbsp;ribonucleotide&nbsp;reductase,61.5
1217705.F900_03154,pgi,annotation&nbsp;not&nbsp;available,61.5
1217705.F900_01197,F900_01197,annotation&nbsp;not&nbsp;available,61.4
1217705.F900_02274,F900_02274,annotation&nbsp;not&nbsp;available,61.3
1217705.F900_00869,rpsR,30S&nbsp;ribosomal&nbsp;protein&nbsp;S18,61.3
1217705.F900_02595,nuoK,NADH-quinone&nbsp;oxidoreductase&nbsp;subunit&nbsp;K,61.3
1217705.F900_03459,hisH,Imidazole&nbsp;glycerol&nbsp;phosphate&nbsp;synthase&nbsp;subunit&nbsp;HisH,61.3
1217705.F900_00530,F900_00530,annotation&nbsp;not&nbsp;available,61.2
1217705.F900_02066,F900_02066,annotation&nbsp;not&nbsp;available,61.2
1217705.F900_02861,F900_02861,annotation&nbsp;not&nbsp;available,61.2
1217705.F900_01769,F900_01769,annotation&nbsp;not&nbsp;available,61.2
1217705.F900_03467,F900_03467,annotation&nbsp;not&nbsp;available,61.2
1217705.F900_03604,ribA,GTP&nbsp;cyclohydrolase-2,61.2
1217705.F900_03022,F900_03022,annotation&nbsp;not&nbsp;available,61.1
1217705.F900_01664,F900_01664,annotation&nbsp;not&nbsp;available,61.1
1217705.F900_02701,F900_02701,annotation&nbsp;not&nbsp;available,61.0
1217705.F900_00364,F900_00364,annotation&nbsp;not&nbsp;available,61.0
1217705.F900_03087,F900_03087,annotation&nbsp;not&nbsp;available,60.9
1217705.F900_01314,pyrH,Uridylate&nbsp;kinase,60.9
1217705.F900_03658,rplQ,annotation&nbsp;not&nbsp;available,60.8
1217705.F900_00025,F900_00025,annotation&nbsp;not&nbsp;available,60.8
1217705.F900_01484,F900_01484,annotation&nbsp;not&nbsp;available,60.7
1217705.F900_00137,F900_00137,annotation&nbsp;not&nbsp;available,60.7
1217705.F900_02532,F900_02532,annotation&nbsp;not&nbsp;available,60.7
1217705.F900_03204,F900_03204,annotation&nbsp;not&nbsp;available,60.7
1217705.F900_00492,F900_00492,annotation&nbsp;not&nbsp;available,60.7
1217705.F900_02267,F900_02267,annotation&nbsp;not&nbsp;available,60.7
1217705.F900_01267,F900_01267,annotation&nbsp;not&nbsp;available,60.6
1217705.F900_01549,ftsY,Signal&nbsp;recognition&nbsp;particle&nbsp;receptor&nbsp;FtsY,60.6
1217705.F900_02965,tuf,Elongation&nbsp;factor&nbsp;Tu,60.6
1217705.F900_03406,F900_03406,annotation&nbsp;not&nbsp;available,60.5
1217705.F900_02209,F900_02209,annotation&nbsp;not&nbsp;available,60.5
1217705.F900_02624,F900_02624,annotation&nbsp;not&nbsp;available,60.4
1217705.F900_00938,recX,Regulatory&nbsp;protein&nbsp;RecX,60.4
1217705.F900_00360,F900_00360,annotation&nbsp;not&nbsp;available,60.4
1217705.F900_00958,pgk,annotation&nbsp;not&nbsp;available,60.3
1217705.F900_02542,smc,Chromosome&nbsp;partition&nbsp;protein&nbsp;Smc,60.2
1217705.F900_00396,secB,Protein-export&nbsp;protein&nbsp;SecB,60.1
1217705.F900_02182,folE,annotation&nbsp;not&nbsp;available,60.1
1217705.F900_03651,rplO,50S&nbsp;ribosomal&nbsp;protein&nbsp;L15,60.0
1217705.F900_01290,moaA,"GTP&nbsp;3',8-cyclase",59.9
1217705.F900_00627,F900_00627,annotation&nbsp;not&nbsp;available,59.9
1217705.F900_02620,betB,NAD/NADP-dependent&nbsp;betaine&nbsp;aldehyde&nbsp;dehydrogenase,59.8
1217705.F900_03603,F900_03603,annotation&nbsp;not&nbsp;available,59.8
1217705.F900_02770,F900_02770,annotation&nbsp;not&nbsp;available,59.8
1217705.F900_00236,F900_00236,annotation&nbsp;not&nbsp;available,59.7
1217705.F900_02487,hemA,Glutamyl-tRNA&nbsp;reductase,59.7
1217705.F900_00303,F900_00303,annotation&nbsp;not&nbsp;available,59.7
1217705.F900_03544,rpoZ,DNA-directed&nbsp;RNA&nbsp;polymerase&nbsp;subunit&nbsp;omega,59.6
1217705.F900_01433,F900_01433,Tryptophan&nbsp;synthase&nbsp;beta&nbsp;chain,59.6
1217705.F900_02418,F900_02418,annotation&nbsp;not&nbsp;available,59.6
1217705.F900_03321,F900_03321,annotation&nbsp;not&nbsp;available,59.5
1217705.F900_00559,F900_00559,annotation&nbsp;not&nbsp;available,59.5
1217705.F900_00994,F900_00994,annotation&nbsp;not&nbsp;available,59.4
1217705.F900_02642,F900_02642,annotation&nbsp;not&nbsp;available,59.3
1217705.F900_01221,F900_01221,annotation&nbsp;not&nbsp;available,59.3
1217705.F900_03011,pepA,Probable&nbsp;cytosol&nbsp;aminopeptidase,59.3
1217705.F900_03340,F900_03340,annotation&nbsp;not&nbsp;available,59.2
1217705.F900_00931,iscS,Cysteine&nbsp;desulfurase&nbsp;IscS,59.2
1217705.F900_01711,F900_01711,annotation&nbsp;not&nbsp;available,59.2
1217705.F900_02961,rplK,50S&nbsp;ribosomal&nbsp;protein&nbsp;L11,59.2
1217705.F900_00261,ilvE,Branched-chain-amino-acid&nbsp;aminotransferase,59.1
1217705.F900_02935,F900_02935,annotation&nbsp;not&nbsp;available,59.1
1217705.F900_02243,F900_02243,annotation&nbsp;not&nbsp;available,59.1
1217705.F900_01791,F900_01791,annotation&nbsp;not&nbsp;available,58.9
1217705.F900_02457,F900_02457,annotation&nbsp;not&nbsp;available,58.9
1217705.F900_00686,ENX03988.1,annotation&nbsp;not&nbsp;available,58.8
1217705.F900_03521,F900_03521,annotation&nbsp;not&nbsp;available,58.8
1217705.F900_02834,F900_02834,annotation&nbsp;not&nbsp;available,58.6
1217705.F900_00976,F900_00976,Undecaprenyl-diphosphatase,58.5
1217705.F900_00285,F900_00285,annotation&nbsp;not&nbsp;available,58.5
1217705.F900_02781,macB,Macrolide&nbsp;export&nbsp;ATP-binding/permease&nbsp;protein&nbsp;MacB,58.5
1217705.F900_01286,F900_01286,annotation&nbsp;not&nbsp;available,58.4
1217705.F900_02345,F900_02345,annotation&nbsp;not&nbsp;available,58.4
1217705.F900_03695,F900_03695,Sec-independent&nbsp;protein&nbsp;translocase&nbsp;protein&nbsp;TatA,58.4
1217705.F900_00855,F900_00855,annotation&nbsp;not&nbsp;available,58.3
1217705.F900_01972,rpsU,annotation&nbsp;not&nbsp;available,58.3
1217705.F900_02704,F900_02704,annotation&nbsp;not&nbsp;available,58.2
1217705.F900_01323,fabZ,3-hydroxyacyl-[acyl-carrier-protein]&nbsp;dehydratase&nbsp;FabZ,58.1
1217705.F900_01016,F900_01016,annotation&nbsp;not&nbsp;available,58.0
1217705.F900_01573,pyrF,Orotidine&nbsp;5'-phosphate&nbsp;decarboxylase,57.9
1217705.F900_01196,F900_01196,annotation&nbsp;not&nbsp;available,57.9
1217705.F900_02602,nuoC,NADH-quinone&nbsp;oxidoreductase&nbsp;subunit&nbsp;C/D,57.9
1217705.F900_00862,F900_00862,annotation&nbsp;not&nbsp;available,57.7
1217705.F900_01995,F900_01995,annotation&nbsp;not&nbsp;available,57.5
1217705.F900_01276,F900_01276,annotation&nbsp;not&nbsp;available,57.5
1217705.F900_01602,lptD,LPS-assembly&nbsp;protein&nbsp;LptD,57.5
1217705.F900_01298,F900_01298,Sulfurtransferase,57.4
1217705.F900_00748,F900_00748,annotation&nbsp;not&nbsp;available,57.4
1217705.F900_01505,eno,Enolase,57.2
1217705.F900_03248,F900_03248,Beta&nbsp;sliding&nbsp;clamp,57.2
1217705.F900_02660,F900_02660,annotation&nbsp;not&nbsp;available,57.2
1217705.F900_02623,F900_02623,annotation&nbsp;not&nbsp;available,57.2
1217705.F900_02981,hemC,Porphobilinogen&nbsp;deaminase,57.2
1217705.F900_03635,rplB,50S&nbsp;ribosomal&nbsp;protein&nbsp;L2,57.1
1217705.F900_02958,rplL,50S&nbsp;ribosomal&nbsp;protein&nbsp;L7/L12,57.1
1217705.F900_02937,fadA,3-ketoacyl-CoA&nbsp;thiolase,56.8
1217705.F900_03644,rplE,50S&nbsp;ribosomal&nbsp;protein&nbsp;L5,56.7
1217705.F900_01035,F900_01035,annotation&nbsp;not&nbsp;available,56.7
1217705.F900_02020,folE2,GTP&nbsp;cyclohydrolase&nbsp;FolE2,56.7
1217705.F900_01843,F900_01843,annotation&nbsp;not&nbsp;available,56.7
1217705.F900_02805,F900_02805,annotation&nbsp;not&nbsp;available,56.6
1217705.F900_00384,F900_00384,annotation&nbsp;not&nbsp;available,56.5
1217705.F900_00102,F900_00102,annotation&nbsp;not&nbsp;available,56.5
1217705.F900_02502,F900_02502,annotation&nbsp;not&nbsp;available,56.5
1217705.F900_00284,F900_00284,annotation&nbsp;not&nbsp;available,56.4
1217705.F900_02816,leuC,3-isopropylmalate&nbsp;dehydratase&nbsp;large&nbsp;subunit,56.4
1217705.F900_00790,F900_00790,annotation&nbsp;not&nbsp;available,56.2
1217705.F900_00772,F900_00772,annotation&nbsp;not&nbsp;available,56.2
1217705.F900_00989,F900_00989,annotation&nbsp;not&nbsp;available,56.2
1217705.F900_01238,rtcA,RNA&nbsp;3'-terminal&nbsp;phosphate&nbsp;cyclase,56.2
1217705.F900_01700,F900_01700,annotation&nbsp;not&nbsp;available,56.1
1217705.F900_00622,F900_00622,annotation&nbsp;not&nbsp;available,56.0
1217705.F900_02552,F900_02552,annotation&nbsp;not&nbsp;available,56.0
1217705.F900_01695,F900_01695,annotation&nbsp;not&nbsp;available,56.0
1217705.F900_00950,F900_00950,annotation&nbsp;not&nbsp;available,55.9
1217705.F900_02827,F900_02827,annotation&nbsp;not&nbsp;available,55.9
1217705.F900_02715,F900_02715,annotation&nbsp;not&nbsp;available,55.9
1217705.F900_02789,F900_02789,annotation&nbsp;not&nbsp;available,55.9
1217705.F900_00030,F900_00030,annotation&nbsp;not&nbsp;available,55.8
1217705.F900_03501,murE,"UDP-N-acetylmuramoyl-L-alanyl-D-glutamate--2,6-diaminopimelate&nbsp;ligase",55.8
1217705.F900_00763,F900_00763,annotation&nbsp;not&nbsp;available,55.8
1217705.F900_00540,F900_00540,annotation&nbsp;not&nbsp;available,55.8
1217705.F900_02264,F900_02264,annotation&nbsp;not&nbsp;available,55.8
1217705.F900_01487,F900_01487,annotation&nbsp;not&nbsp;available,55.7
1217705.F900_02962,nusG,Transcription&nbsp;termination/antitermination&nbsp;protein&nbsp;NusG,55.7
1217705.F900_03010,F900_03010,annotation&nbsp;not&nbsp;available,55.6
1217705.F900_01002,glnD,Bifunctional&nbsp;uridylyltransferase/uridylyl-removing&nbsp;enzyme,55.6
1217705.F900_01803,F900_01803,annotation&nbsp;not&nbsp;available,55.3
1217705.F900_00785,cysA,Sulfate/thiosulfate&nbsp;import&nbsp;ATP-binding&nbsp;protein&nbsp;CysA,55.3
1217705.F900_02382,F900_02382,annotation&nbsp;not&nbsp;available,55.2
1217705.F900_00438,F900_00438,annotation&nbsp;not&nbsp;available,55.2
1217705.F900_00812,F900_00812,annotation&nbsp;not&nbsp;available,55.2
1217705.F900_03109,F900_03109,annotation&nbsp;not&nbsp;available,55.2
1217705.F900_02798,F900_02798,Lipid&nbsp;A&nbsp;biosynthesis&nbsp;lauroyltransferase,55.0
1217705.F900_02179,trpC,annotation&nbsp;not&nbsp;available,54.8
1217705.F900_03005,F900_03005,annotation&nbsp;not&nbsp;available,54.8
1217705.F900_03702,F900_03702,annotation&nbsp;not&nbsp;available,54.8
1217705.F900_01294,F900_01294,annotation&nbsp;not&nbsp;available,54.8
1217705.F900_03353,F900_03353,annotation&nbsp;not&nbsp;available,54.8
1217705.F900_02508,F900_02508,Acyl&nbsp;carrier&nbsp;protein,54.8
1217705.F900_00876,F900_00876,annotation&nbsp;not&nbsp;available,54.6
1217705.F900_00660,F900_00660,annotation&nbsp;not&nbsp;available,54.6
1217705.F900_00401,F900_00401,Coenzyme&nbsp;A&nbsp;biosynthesis&nbsp;bifunctional&nbsp;protein&nbsp;CoaBC,54.5
1217705.F900_02807,F900_02807,annotation&nbsp;not&nbsp;available,54.3
1217705.F900_00752,F900_00752,annotation&nbsp;not&nbsp;available,54.3
1217705.F900_01012,ychF,Ribosome-binding&nbsp;ATPase&nbsp;YchF,54.3
1217705.F900_02462,F900_02462,annotation&nbsp;not&nbsp;available,54.2
1217705.F900_00290,rplM,50S&nbsp;ribosomal&nbsp;protein&nbsp;L13,54.2
1217705.F900_02407,F900_02407,annotation&nbsp;not&nbsp;available,54.2
1217705.F900_01766,F900_01766,annotation&nbsp;not&nbsp;available,54.2
1217705.F900_01802,F900_01802,annotation&nbsp;not&nbsp;available,54.1
1217705.F900_03249,recF,DNA&nbsp;replication&nbsp;and&nbsp;repair&nbsp;protein&nbsp;RecF,54.1
1217705.F900_01169,ruvC,Crossover&nbsp;junction&nbsp;endodeoxyribonuclease&nbsp;RuvC,54.1
1217705.F900_02275,F900_02275,annotation&nbsp;not&nbsp;available,54.1
1217705.F900_02810,infA,Translation&nbsp;initiation&nbsp;factor&nbsp;IF-1,54.0
1217705.F900_03270,F900_03270,annotation&nbsp;not&nbsp;available,54.0
1217705.F900_00628,tauB,Taurine&nbsp;import&nbsp;ATP-binding&nbsp;protein&nbsp;TauB,53.9
1217705.F900_01022,F900_01022,annotation&nbsp;not&nbsp;available,53.9
1217705.F900_03716,proA,Gamma-glutamyl&nbsp;phosphate&nbsp;reductase,53.8
1217705.F900_01608,rpoH,annotation&nbsp;not&nbsp;available,53.7
1217705.F900_02879,pnp,Polyribonucleotide&nbsp;nucleotidyltransferase,53.6
1217705.F900_03533,gmd,"GDP-mannose&nbsp;4,6-dehydratase",53.6
1217705.F900_00216,accD,Acetyl-coenzyme&nbsp;A&nbsp;carboxylase&nbsp;carboxyl&nbsp;transferase&nbsp;subunit&nbsp;beta,53.4
1217705.F900_03540,F900_03540,Bacterioferritin,53.4
1217705.F900_03535,F900_03535,annotation&nbsp;not&nbsp;available,53.3
1217705.F900_02959,rplJ,50S&nbsp;ribosomal&nbsp;protein&nbsp;L10,53.3
1217705.F900_02352,glpK,Glycerol&nbsp;kinase,53.3
1217705.F900_03609,F900_03609,annotation&nbsp;not&nbsp;available,53.2
1217705.F900_02212,F900_02212,annotation&nbsp;not&nbsp;available,53.2
1217705.F900_01682,lipA,Lipoyl&nbsp;synthase,53.1
1217705.F900_01756,hutU,Urocanate&nbsp;hydratase,53.0
1217705.F900_02130,F900_02130,annotation&nbsp;not&nbsp;available,53.0
1217705.F900_01291,F900_01291,annotation&nbsp;not&nbsp;available,53.0
1217705.F900_01779,F900_01779,annotation&nbsp;not&nbsp;available,53.0
1217705.F900_03012,F900_03012,annotation&nbsp;not&nbsp;available,52.9
1217705.F900_02616,F900_02616,annotation&nbsp;not&nbsp;available,52.9
1217705.F900_02608,F900_02608,annotation&nbsp;not&nbsp;available,52.9
1217705.F900_01519,clpS,ATP-dependent&nbsp;Clp&nbsp;protease&nbsp;adapter&nbsp;protein&nbsp;ClpS,52.8
1217705.F900_01328,F900_01328,annotation&nbsp;not&nbsp;available,52.8
1217705.F900_00531,F900_00531,annotation&nbsp;not&nbsp;available,52.8
1217705.F900_02191,rnt,Ribonuclease&nbsp;T,52.7
1217705.F900_00275,bamB,Outer&nbsp;membrane&nbsp;protein&nbsp;assembly&nbsp;factor&nbsp;BamB,52.7
1217705.F900_01283,F900_01283,annotation&nbsp;not&nbsp;available,52.7
1217705.F900_00160,F900_00160,annotation&nbsp;not&nbsp;available,52.7
1217705.F900_01998,F900_01998,annotation&nbsp;not&nbsp;available,52.6
1217705.F900_00481,F900_00481,annotation&nbsp;not&nbsp;available,52.6
1217705.F900_00086,F900_00086,annotation&nbsp;not&nbsp;available,52.6
1217705.F900_01630,F900_01630,Bifunctional&nbsp;protein&nbsp;PutA,52.5
1217705.F900_00466,F900_00466,annotation&nbsp;not&nbsp;available,52.5
1217705.F900_00271,secD,Protein&nbsp;translocase&nbsp;subunit&nbsp;SecD,52.4
1217705.F900_03717,F900_03717,annotation&nbsp;not&nbsp;available,52.4
1217705.F900_02884,recC,RecBCD&nbsp;enzyme&nbsp;subunit&nbsp;RecC,52.4
1217705.F900_02597,nuoI,NADH-quinone&nbsp;oxidoreductase&nbsp;subunit&nbsp;I,52.4
1217705.F900_03465,F900_03465,annotation&nbsp;not&nbsp;available,52.3
1217705.F900_03003,F900_03003,annotation&nbsp;not&nbsp;available,52.3
1217705.F900_03172,F900_03172,annotation&nbsp;not&nbsp;available,52.2
1217705.F900_01731,F900_01731,annotation&nbsp;not&nbsp;available,52.2
1217705.F900_00346,pheT,annotation&nbsp;not&nbsp;available,52.2
1217705.F900_00945,F900_00945,annotation&nbsp;not&nbsp;available,52.2
1217705.F900_02419,minE,Cell&nbsp;division&nbsp;topological&nbsp;specificity&nbsp;factor,52.1
1217705.F900_01518,F900_01518,annotation&nbsp;not&nbsp;available,52.1
1217705.F900_02911,tpiA,Triosephosphate&nbsp;isomerase,52.1
1217705.F900_01334,F900_01334,annotation&nbsp;not&nbsp;available,52.1
1217705.F900_03566,F900_03566,annotation&nbsp;not&nbsp;available,52.0
1217705.F900_02955,F900_02955,annotation&nbsp;not&nbsp;available,52.0
1217705.F900_03391,glmM,Phosphoglucosamine&nbsp;mutase,51.9
1217705.F900_02972,F900_02972,annotation&nbsp;not&nbsp;available,51.9
1217705.F900_02321,mtgA,Biosynthetic&nbsp;peptidoglycan&nbsp;transglycosylase,51.9
1217705.F900_00588,F900_00588,annotation&nbsp;not&nbsp;available,51.9
1217705.F900_03613,F900_03613,annotation&nbsp;not&nbsp;available,51.8
1217705.F900_02971,F900_02971,annotation&nbsp;not&nbsp;available,51.8
1217705.F900_03191,argA,annotation&nbsp;not&nbsp;available,51.8
1217705.F900_02753,prfC,Peptide&nbsp;chain&nbsp;release&nbsp;factor&nbsp;3,51.8
1217705.F900_02991,gluQ,Glutamyl-Q&nbsp;tRNA(Asp)&nbsp;synthetase,51.8
1217705.F900_03009,F900_03009,annotation&nbsp;not&nbsp;available,51.8
1217705.F900_00815,rpsB,annotation&nbsp;not&nbsp;available,51.7
1217705.F900_03289,F900_03289,annotation&nbsp;not&nbsp;available,51.7
1217705.F900_00409,mnmC,tRNA&nbsp;5-methylaminomethyl-2-thiouridine&nbsp;biosynthesis&nbsp;bifunctional&nbsp;protein&nbsp;MnmC,51.7
1217705.F900_01303,fumC,Fumarate&nbsp;hydratase&nbsp;class&nbsp;II,51.7
1217705.F900_00986,F900_00986,annotation&nbsp;not&nbsp;available,51.7
1217705.F900_01706,F900_01706,annotation&nbsp;not&nbsp;available,51.6
1217705.F900_02423,F900_02423,annotation&nbsp;not&nbsp;available,51.6
1217705.F900_01797,F900_01797,annotation&nbsp;not&nbsp;available,51.6
1217705.F900_01257,dnaX,DNA&nbsp;polymerase&nbsp;III&nbsp;subunit&nbsp;gamma/tau,51.5
1217705.F900_03689,F900_03689,annotation&nbsp;not&nbsp;available,51.5
1217705.F900_01985,F900_01985,annotation&nbsp;not&nbsp;available,51.4
1217705.F900_01632,F900_01632,annotation&nbsp;not&nbsp;available,51.4
1217705.F900_00942,F900_00942,annotation&nbsp;not&nbsp;available,51.3
1217705.F900_03059,F900_03059,annotation&nbsp;not&nbsp;available,51.3
1217705.F900_03307,purC,annotation&nbsp;not&nbsp;available,51.3
1217705.F900_01933,F900_01933,Lactoylglutathione&nbsp;lyase,51.3
1217705.F900_03502,murF,UDP-N-acetylmuramoyl-tripeptide--D-alanyl-D-alanine&nbsp;ligase,51.2
1217705.F900_01996,F900_01996,annotation&nbsp;not&nbsp;available,51.2
1217705.F900_03162,F900_03162,annotation&nbsp;not&nbsp;available,51.2
1217705.F900_00356,F900_00356,annotation&nbsp;not&nbsp;available,51.1
1217705.F900_02263,pstB,Phosphate&nbsp;import&nbsp;ATP-binding&nbsp;protein&nbsp;PstB,51.0
