421052.F945_03275,F945_03275,annotation&nbsp;not&nbsp;available,98.9
421052.F945_01508,F945_01508,annotation&nbsp;not&nbsp;available,98.9
421052.F945_02418,dnaX,DNA&nbsp;polymerase&nbsp;III&nbsp;subunit&nbsp;gamma/tau,98.8
421052.F945_01538,phnX,Phosphonoacetaldehyde&nbsp;hydrolase,98.8
421052.F945_00552,rpsI,annotation&nbsp;not&nbsp;available,98.8
421052.F945_03636,F945_03636,annotation&nbsp;not&nbsp;available,98.7
421052.F945_01821,F945_01821,annotation&nbsp;not&nbsp;available,98.7
421052.F945_00674,F945_00674,annotation&nbsp;not&nbsp;available,98.7
421052.F945_00845,sucD,Succinate--CoA&nbsp;ligase&nbsp;[ADP-forming]&nbsp;subunit&nbsp;alpha,98.7
421052.F945_03202,infA,Translation&nbsp;initiation&nbsp;factor&nbsp;IF-1,98.7
421052.F945_03119,F945_03119,annotation&nbsp;not&nbsp;available,98.7
421052.F945_00195,F945_00195,Pyruvate&nbsp;dehydrogenase&nbsp;E1&nbsp;component,98.6
421052.F945_01028,rnc,Ribonuclease&nbsp;3,98.5
421052.F945_01410,F945_01410,annotation&nbsp;not&nbsp;available,98.5
421052.F945_03529,F945_03529,annotation&nbsp;not&nbsp;available,98.4
421052.F945_01136,F945_01136,annotation&nbsp;not&nbsp;available,98.3
421052.F945_00078,ppc,Phosphoenolpyruvate&nbsp;carboxylase,98.3
421052.F945_03314,pnp,Polyribonucleotide&nbsp;nucleotidyltransferase,98.3
421052.F945_00761,rep,ATP-dependent&nbsp;DNA&nbsp;helicase&nbsp;Rep,98.2
421052.F945_02068,F945_02068,annotation&nbsp;not&nbsp;available,98.2
421052.F945_00641,F945_00641,annotation&nbsp;not&nbsp;available,98.2
421052.F945_02582,F945_02582,Sensor&nbsp;protein,98.2
421052.F945_01523,F945_01523,annotation&nbsp;not&nbsp;available,98.1
421052.F945_02818,F945_02818,annotation&nbsp;not&nbsp;available,98.1
421052.F945_01457,F945_01457,annotation&nbsp;not&nbsp;available,98.0
421052.F945_03023,F945_03023,annotation&nbsp;not&nbsp;available,98.0
421052.F945_00978,purL,Phosphoribosylformylglycinamidine&nbsp;synthase,98.0
421052.F945_03317,recB,RecBCD&nbsp;enzyme&nbsp;subunit&nbsp;RecB,98.0
421052.F945_01680,F945_01680,Integration&nbsp;host&nbsp;factor&nbsp;subunit&nbsp;beta,98.0
421052.F945_02497,F945_02497,annotation&nbsp;not&nbsp;available,97.9
421052.F945_00956,F945_00956,annotation&nbsp;not&nbsp;available,97.8
421052.F945_01100,rnt,Ribonuclease&nbsp;T,97.7
421052.F945_00034,F945_00034,annotation&nbsp;not&nbsp;available,97.7
421052.F945_00167,thiL,Thiamine-monophosphate&nbsp;kinase,97.6
421052.F945_01257,F945_01257,annotation&nbsp;not&nbsp;available,97.6
421052.F945_01591,F945_01591,annotation&nbsp;not&nbsp;available,97.6
421052.F945_00189,ftsQ,Cell&nbsp;division&nbsp;protein&nbsp;FtsQ,97.6
421052.F945_00489,F945_00489,annotation&nbsp;not&nbsp;available,97.6
421052.F945_00634,F945_00634,annotation&nbsp;not&nbsp;available,97.5
421052.F945_03537,F945_03537,annotation&nbsp;not&nbsp;available,97.5
421052.F945_01262,F945_01262,annotation&nbsp;not&nbsp;available,97.4
421052.F945_02785,F945_02785,annotation&nbsp;not&nbsp;available,97.4
421052.F945_01907,F945_01907,annotation&nbsp;not&nbsp;available,97.3
421052.F945_01209,gloB,Hydroxyacylglutathione&nbsp;hydrolase,97.2
421052.F945_01436,F945_01436,Peptide&nbsp;deformylase,97.2
421052.F945_01544,F945_01544,annotation&nbsp;not&nbsp;available,97.1
421052.F945_00622,F945_00622,annotation&nbsp;not&nbsp;available,97.1
421052.F945_02575,F945_02575,annotation&nbsp;not&nbsp;available,97.1
421052.F945_03231,F945_03231,4-hydroxy-2-oxovalerate&nbsp;aldolase,97.1
421052.F945_00095,gshA,annotation&nbsp;not&nbsp;available,97.0
421052.F945_02978,F945_02978,annotation&nbsp;not&nbsp;available,97.0
421052.F945_01659,F945_01659,annotation&nbsp;not&nbsp;available,96.9
421052.F945_02058,F945_02058,annotation&nbsp;not&nbsp;available,96.8
421052.F945_03142,F945_03142,annotation&nbsp;not&nbsp;available,96.8
421052.F945_00083,F945_00083,annotation&nbsp;not&nbsp;available,96.8
421052.F945_00840,F945_00840,annotation&nbsp;not&nbsp;available,96.7
421052.F945_03037,F945_03037,annotation&nbsp;not&nbsp;available,96.6
421052.F945_03318,recC,RecBCD&nbsp;enzyme&nbsp;subunit&nbsp;RecC,96.6
421052.F945_00824,F945_00824,annotation&nbsp;not&nbsp;available,96.6
421052.F945_00973,F945_00973,annotation&nbsp;not&nbsp;available,96.6
421052.F945_02064,F945_02064,annotation&nbsp;not&nbsp;available,96.5
421052.F945_00889,F945_00889,annotation&nbsp;not&nbsp;available,96.5
421052.F945_01705,F945_01705,annotation&nbsp;not&nbsp;available,96.5
421052.F945_00470,rnr,Ribonuclease&nbsp;R,96.5
421052.F945_00290,atpD,ATP&nbsp;synthase&nbsp;subunit&nbsp;beta,96.5
421052.F945_03041,pheT,annotation&nbsp;not&nbsp;available,96.5
421052.F945_01906,F945_01906,annotation&nbsp;not&nbsp;available,96.4
421052.F945_02527,F945_02527,annotation&nbsp;not&nbsp;available,96.4
421052.F945_03304,F945_03304,annotation&nbsp;not&nbsp;available,96.4
421052.F945_01019,F945_01019,annotation&nbsp;not&nbsp;available,96.4
421052.F945_00632,F945_00632,annotation&nbsp;not&nbsp;available,96.4
421052.F945_00757,F945_00757,annotation&nbsp;not&nbsp;available,96.3
421052.F945_02594,F945_02594,annotation&nbsp;not&nbsp;available,96.3
421052.F945_03484,F945_03484,annotation&nbsp;not&nbsp;available,96.3
421052.F945_02083,F945_02083,Phospho-2-dehydro-3-deoxyheptonate&nbsp;aldolase,96.3
421052.F945_01160,F945_01160,Lactoylglutathione&nbsp;lyase,96.3
421052.F945_01731,F945_01731,annotation&nbsp;not&nbsp;available,96.2
421052.F945_00204,prfB,Peptide&nbsp;chain&nbsp;release&nbsp;factor&nbsp;2,96.1
421052.F945_01742,coq7,"2-nonaprenyl-3-methyl-6-methoxy-1,4-benzoquinol&nbsp;hydroxylase",96.1
421052.F945_00188,ddl,D-alanine--D-alanine&nbsp;ligase,96.0
421052.F945_01707,F945_01707,annotation&nbsp;not&nbsp;available,96.0
421052.F945_02063,F945_02063,annotation&nbsp;not&nbsp;available,95.9
421052.F945_01626,F945_01626,annotation&nbsp;not&nbsp;available,95.9
421052.F945_03064,rlmD,23S&nbsp;rRNA&nbsp;(uracil(1939)-C(5))-methyltransferase&nbsp;RlmD,95.8
421052.F945_00196,F945_00196,annotation&nbsp;not&nbsp;available,95.8
421052.F945_02079,F945_02079,annotation&nbsp;not&nbsp;available,95.7
421052.F945_03012,F945_03012,annotation&nbsp;not&nbsp;available,95.7
421052.F945_03474,htpG,Chaperone&nbsp;protein&nbsp;HtpG,95.6
421052.F945_01153,surE,5'-nucleotidase&nbsp;SurE,95.6
421052.F945_01054,F945_01054,annotation&nbsp;not&nbsp;available,95.5
421052.F945_01466,F945_01466,annotation&nbsp;not&nbsp;available,95.5
421052.F945_02545,gyrA,DNA&nbsp;gyrase&nbsp;subunit&nbsp;A,95.3
421052.F945_02342,F945_02342,annotation&nbsp;not&nbsp;available,95.2
421052.F945_02716,gatB,Aspartyl/glutamyl-tRNA(Asn/Gln)&nbsp;amidotransferase&nbsp;subunit&nbsp;B,95.2
421052.F945_00453,secY,Protein&nbsp;translocase&nbsp;subunit&nbsp;SecY,95.1
421052.F945_02515,F945_02515,annotation&nbsp;not&nbsp;available,95.1
421052.F945_00524,F945_00524,annotation&nbsp;not&nbsp;available,95.1
421052.F945_02407,pgk,annotation&nbsp;not&nbsp;available,95.0
421052.F945_03419,F945_03419,annotation&nbsp;not&nbsp;available,94.9
421052.F945_00636,F945_00636,annotation&nbsp;not&nbsp;available,94.9
421052.F945_03132,secB,Protein-export&nbsp;protein&nbsp;SecB,94.9
421052.F945_00502,tatA,Sec-independent&nbsp;protein&nbsp;translocase&nbsp;protein&nbsp;TatA,94.8
421052.F945_01348,F945_01348,annotation&nbsp;not&nbsp;available,94.8
421052.F945_00302,F945_00302,Peptide&nbsp;deformylase,94.7
421052.F945_01015,F945_01015,annotation&nbsp;not&nbsp;available,94.7
421052.F945_02217,F945_02217,annotation&nbsp;not&nbsp;available,94.6
421052.F945_02939,F945_02939,annotation&nbsp;not&nbsp;available,94.6
421052.F945_00020,F945_00020,16S&nbsp;rRNA&nbsp;(cytosine(967)-C(5))-methyltransferase,94.4
421052.F945_00113,purK,N5-carboxyaminoimidazole&nbsp;ribonucleotide&nbsp;synthase,94.4
421052.F945_00689,trpB,Tryptophan&nbsp;synthase&nbsp;beta&nbsp;chain,94.4
421052.F945_03666,F945_03666,annotation&nbsp;not&nbsp;available,94.3
421052.F945_00379,F945_00379,annotation&nbsp;not&nbsp;available,94.3
421052.F945_01266,F945_01266,annotation&nbsp;not&nbsp;available,94.2
421052.F945_00120,purC,annotation&nbsp;not&nbsp;available,94.1
421052.F945_02713,F945_02713,annotation&nbsp;not&nbsp;available,94.1
421052.F945_00516,clpX,ATP-dependent&nbsp;Clp&nbsp;protease&nbsp;ATP-binding&nbsp;subunit&nbsp;ClpX,94.0
421052.F945_00075,dnaJ,Chaperone&nbsp;protein&nbsp;DnaJ,94.0
421052.F945_00190,ftsA,Cell&nbsp;division&nbsp;protein&nbsp;FtsA,94.0
421052.F945_02253,frr,Ribosome-recycling&nbsp;factor,94.0
421052.F945_02446,F945_02446,annotation&nbsp;not&nbsp;available,94.0
421052.F945_01498,F945_01498,annotation&nbsp;not&nbsp;available,93.9
421052.F945_01542,F945_01542,annotation&nbsp;not&nbsp;available,93.8
421052.F945_00825,hemA,Glutamyl-tRNA&nbsp;reductase,93.8
421052.F945_00483,purU,Formyltetrahydrofolate&nbsp;deformylase,93.8
421052.F945_02089,F945_02089,annotation&nbsp;not&nbsp;available,93.8
421052.F945_02706,F945_02706,Phosphoadenosine&nbsp;phosphosulfate&nbsp;reductase,93.8
421052.F945_03582,F945_03582,annotation&nbsp;not&nbsp;available,93.7
421052.F945_03669,F945_03669,annotation&nbsp;not&nbsp;available,93.6
421052.F945_00818,rplY,50S&nbsp;ribosomal&nbsp;protein&nbsp;L25,93.5
421052.F945_03207,leuC,3-isopropylmalate&nbsp;dehydratase&nbsp;large&nbsp;subunit,93.5
421052.F945_00912,F945_00912,annotation&nbsp;not&nbsp;available,93.4
421052.F945_02310,F945_02310,annotation&nbsp;not&nbsp;available,93.4
421052.F945_00739,F945_00739,annotation&nbsp;not&nbsp;available,93.3
421052.F945_00920,F945_00920,annotation&nbsp;not&nbsp;available,93.3
421052.F945_02050,gcvH,Glycine&nbsp;cleavage&nbsp;system&nbsp;H&nbsp;protein,93.3
421052.F945_00317,F945_00317,Single-stranded&nbsp;DNA-binding&nbsp;protein,93.3
421052.F945_01043,uvrB,UvrABC&nbsp;system&nbsp;protein&nbsp;B,93.2
421052.F945_03266,F945_03266,annotation&nbsp;not&nbsp;available,93.2
421052.F945_03461,F945_03461,Fatty&nbsp;acid&nbsp;oxidation&nbsp;complex&nbsp;subunit&nbsp;alpha,93.2
421052.F945_01354,F945_01354,annotation&nbsp;not&nbsp;available,93.2
421052.F945_02570,F945_02570,annotation&nbsp;not&nbsp;available,93.2
421052.F945_00848,mrdA,"Peptidoglycan&nbsp;D,D-transpeptidase&nbsp;MrdA",93.2
421052.F945_01007,F945_01007,L-aspartate&nbsp;oxidase,93.2
421052.F945_00088,F945_00088,annotation&nbsp;not&nbsp;available,93.1
421052.F945_00563,F945_00563,annotation&nbsp;not&nbsp;available,93.1
421052.F945_00410,recG,ATP-dependent&nbsp;DNA&nbsp;helicase&nbsp;RecG,93.1
421052.F945_02506,F945_02506,Penicillin-binding&nbsp;protein&nbsp;1B,93.1
421052.F945_01090,F945_01090,Microcin&nbsp;C&nbsp;transport&nbsp;system&nbsp;permease,93.0
421052.F945_02722,F945_02722,annotation&nbsp;not&nbsp;available,93.0
421052.F945_01796,F945_01796,annotation&nbsp;not&nbsp;available,93.0
421052.F945_00411,F945_00411,annotation&nbsp;not&nbsp;available,92.8
421052.F945_00168,nusB,Transcription&nbsp;antitermination&nbsp;protein&nbsp;NusB,92.7
421052.F945_01870,F945_01870,annotation&nbsp;not&nbsp;available,92.7
421052.F945_03599,nusG,Transcription&nbsp;termination/antitermination&nbsp;protein&nbsp;NusG,92.7
421052.F945_03072,F945_03072,annotation&nbsp;not&nbsp;available,92.7
421052.F945_00619,F945_00619,annotation&nbsp;not&nbsp;available,92.6
421052.F945_02059,F945_02059,annotation&nbsp;not&nbsp;available,92.6
421052.F945_03301,F945_03301,annotation&nbsp;not&nbsp;available,92.6
421052.F945_00737,ligA,DNA&nbsp;ligase,92.5
421052.F945_03232,F945_03232,Acetaldehyde&nbsp;dehydrogenase,92.5
421052.F945_02119,F945_02119,Phospho-2-dehydro-3-deoxyheptonate&nbsp;aldolase,92.4
421052.F945_03024,F945_03024,annotation&nbsp;not&nbsp;available,92.4
421052.F945_03038,rho,Transcription&nbsp;termination&nbsp;factor&nbsp;Rho,92.3
421052.F945_03245,F945_03245,annotation&nbsp;not&nbsp;available,92.3
421052.F945_01875,F945_01875,annotation&nbsp;not&nbsp;available,92.1
421052.F945_01736,F945_01736,annotation&nbsp;not&nbsp;available,92.1
421052.F945_01001,F945_01001,annotation&nbsp;not&nbsp;available,92.1
421052.F945_01345,F945_01345,annotation&nbsp;not&nbsp;available,92.1
421052.F945_01504,F945_01504,Lipoyl&nbsp;synthase,92.1
421052.F945_00879,F945_00879,annotation&nbsp;not&nbsp;available,92.0
421052.F945_02132,F945_02132,annotation&nbsp;not&nbsp;available,92.0
421052.F945_02546,F945_02546,annotation&nbsp;not&nbsp;available,92.0
421052.F945_03251,glyS,annotation&nbsp;not&nbsp;available,92.0
421052.F945_00307,F945_00307,annotation&nbsp;not&nbsp;available,92.0
421052.F945_02589,F945_02589,annotation&nbsp;not&nbsp;available,92.0
421052.F945_03655,F945_03655,Glucose-1-phosphate&nbsp;thymidylyltransferase,91.9
421052.F945_01527,F945_01527,annotation&nbsp;not&nbsp;available,91.9
421052.F945_00982,F945_00982,annotation&nbsp;not&nbsp;available,91.8
421052.F945_02844,F945_02844,annotation&nbsp;not&nbsp;available,91.7
421052.F945_01813,aroD,3-dehydroquinate&nbsp;dehydratase,91.7
421052.F945_00103,F945_00103,annotation&nbsp;not&nbsp;available,91.6
421052.F945_02944,F945_02944,annotation&nbsp;not&nbsp;available,91.6
421052.F945_03477,F945_03477,annotation&nbsp;not&nbsp;available,91.6
421052.F945_00418,F945_00418,annotation&nbsp;not&nbsp;available,91.6
421052.F945_00459,rplQ,annotation&nbsp;not&nbsp;available,91.5
421052.F945_03087,F945_03087,annotation&nbsp;not&nbsp;available,91.5
421052.F945_02845,F945_02845,annotation&nbsp;not&nbsp;available,91.5
421052.F945_01347,F945_01347,annotation&nbsp;not&nbsp;available,91.3
421052.F945_01139,F945_01139,annotation&nbsp;not&nbsp;available,91.3
421052.F945_01312,F945_01312,annotation&nbsp;not&nbsp;available,91.2
421052.F945_01118,hemL,annotation&nbsp;not&nbsp;available,91.2
421052.F945_02131,F945_02131,annotation&nbsp;not&nbsp;available,91.2
421052.F945_03511,F945_03511,annotation&nbsp;not&nbsp;available,91.2
421052.F945_02850,glpK,Glycerol&nbsp;kinase,91.2
421052.F945_03265,F945_03265,annotation&nbsp;not&nbsp;available,91.1
421052.F945_00884,F945_00884,annotation&nbsp;not&nbsp;available,91.1
421052.F945_03642,F945_03642,annotation&nbsp;not&nbsp;available,91.1
421052.F945_00693,F945_00693,annotation&nbsp;not&nbsp;available,91.1
421052.F945_02646,F945_02646,annotation&nbsp;not&nbsp;available,91.0
421052.F945_00287,atpH,ATP&nbsp;synthase&nbsp;subunit&nbsp;delta,91.0
421052.F945_03356,F945_03356,annotation&nbsp;not&nbsp;available,91.0
421052.F945_00369,F945_00369,annotation&nbsp;not&nbsp;available,91.0
421052.F945_02532,F945_02532,annotation&nbsp;not&nbsp;available,90.8
421052.F945_00257,F945_00257,Lipopolysaccharide&nbsp;export&nbsp;system&nbsp;permease,90.8
421052.F945_03431,F945_03431,annotation&nbsp;not&nbsp;available,90.8
421052.F945_00463,F945_00463,annotation&nbsp;not&nbsp;available,90.7
421052.F945_00221,F945_00221,annotation&nbsp;not&nbsp;available,90.7
421052.F945_00044,F945_00044,Beta&nbsp;sliding&nbsp;clamp,90.6
421052.F945_03217,F945_03217,annotation&nbsp;not&nbsp;available,90.6
421052.F945_02465,F945_02465,annotation&nbsp;not&nbsp;available,90.6
421052.F945_01132,F945_01132,annotation&nbsp;not&nbsp;available,90.5
421052.F945_02508,F945_02508,annotation&nbsp;not&nbsp;available,90.5
421052.F945_00807,rpoD,RNA&nbsp;polymerase&nbsp;sigma&nbsp;factor&nbsp;RpoD,90.4
421052.F945_02806,F945_02806,annotation&nbsp;not&nbsp;available,90.4
421052.F945_01844,F945_01844,annotation&nbsp;not&nbsp;available,90.4
421052.F945_03425,F945_03425,Bacterioferritin,90.4
421052.F945_00939,F945_00939,annotation&nbsp;not&nbsp;available,90.3
421052.F945_02080,F945_02080,annotation&nbsp;not&nbsp;available,90.3
421052.F945_02942,nuoN,NADH-quinone&nbsp;oxidoreductase&nbsp;subunit&nbsp;N,90.3
421052.F945_03557,F945_03557,annotation&nbsp;not&nbsp;available,90.2
421052.F945_01473,F945_01473,annotation&nbsp;not&nbsp;available,90.1
421052.F945_00954,F945_00954,annotation&nbsp;not&nbsp;available,90.0
421052.F945_02385,F945_02385,annotation&nbsp;not&nbsp;available,90.0
421052.F945_00695,F945_00695,annotation&nbsp;not&nbsp;available,90.0
421052.F945_00105,F945_00105,annotation&nbsp;not&nbsp;available,90.0
421052.F945_00314,uvrA,UvrABC&nbsp;system&nbsp;protein&nbsp;A,89.9
421052.F945_03516,F945_03516,annotation&nbsp;not&nbsp;available,89.9
421052.F945_00343,F945_00343,annotation&nbsp;not&nbsp;available,89.8
421052.F945_01236,F945_01236,annotation&nbsp;not&nbsp;available,89.7
421052.F945_01245,F945_01245,Lipid&nbsp;A&nbsp;biosynthesis&nbsp;lauroyltransferase,89.7
421052.F945_01254,F945_01254,annotation&nbsp;not&nbsp;available,89.7
421052.F945_00704,astD,N-succinylglutamate&nbsp;5-semialdehyde&nbsp;dehydrogenase,89.6
421052.F945_02890,F945_02890,annotation&nbsp;not&nbsp;available,89.5
421052.F945_00419,plsB,annotation&nbsp;not&nbsp;available,89.4
421052.F945_02026,F945_02026,annotation&nbsp;not&nbsp;available,89.3
421052.F945_03013,F945_03013,annotation&nbsp;not&nbsp;available,89.3
421052.F945_03222,F945_03222,annotation&nbsp;not&nbsp;available,89.3
421052.F945_00738,F945_00738,Bacterioferritin,89.3
421052.F945_02247,F945_02247,annotation&nbsp;not&nbsp;available,89.3
421052.F945_02048,F945_02048,annotation&nbsp;not&nbsp;available,89.3
421052.F945_00169,ribH,"6,7-dimethyl-8-ribityllumazine&nbsp;synthase",89.2
421052.F945_01708,F945_01708,annotation&nbsp;not&nbsp;available,89.1
421052.F945_00795,rpmA,annotation&nbsp;not&nbsp;available,89.0
421052.F945_00346,ispH,4-hydroxy-3-methylbut-2-enyl&nbsp;diphosphate&nbsp;reductase,89.0
421052.F945_02994,F945_02994,annotation&nbsp;not&nbsp;available,89.0
421052.F945_00794,rplU,50S&nbsp;ribosomal&nbsp;protein&nbsp;L21,89.0
421052.F945_02370,eno,Enolase,89.0
421052.F945_01908,F945_01908,annotation&nbsp;not&nbsp;available,88.9
421052.F945_02703,F945_02703,annotation&nbsp;not&nbsp;available,88.8
421052.F945_00046,rpmH,annotation&nbsp;not&nbsp;available,88.8
421052.F945_00629,F945_00629,annotation&nbsp;not&nbsp;available,88.8
421052.F945_00054,F945_00054,annotation&nbsp;not&nbsp;available,88.7
421052.F945_02968,F945_02968,annotation&nbsp;not&nbsp;available,88.7
421052.F945_01142,F945_01142,Phosphate&nbsp;transport&nbsp;system&nbsp;permease&nbsp;protein,88.7
421052.F945_00246,F945_00246,annotation&nbsp;not&nbsp;available,88.6
421052.F945_01917,aroC,Chorismate&nbsp;synthase,88.6
421052.F945_03513,ssuD,Alkanesulfonate&nbsp;monooxygenase,88.5
421052.F945_00435,rplW,50S&nbsp;ribosomal&nbsp;protein&nbsp;L23,88.5
421052.F945_01187,F945_01187,annotation&nbsp;not&nbsp;available,88.4
421052.F945_02252,uppS,"Ditrans,polycis-undecaprenyl-diphosphate&nbsp;synthase&nbsp;((2E,6E)-farnesyl-diphosphate&nbsp;specific)",88.3
421052.F945_00042,gyrB,DNA&nbsp;gyrase&nbsp;subunit&nbsp;B,88.3
421052.F945_01675,F945_01675,annotation&nbsp;not&nbsp;available,88.3
421052.F945_03593,rpoC,DNA-directed&nbsp;RNA&nbsp;polymerase&nbsp;subunit&nbsp;beta',88.1
421052.F945_00762,F945_00762,annotation&nbsp;not&nbsp;available,88.1
421052.F945_01079,F945_01079,annotation&nbsp;not&nbsp;available,88.1
421052.F945_02790,F945_02790,annotation&nbsp;not&nbsp;available,88.0
421052.F945_03059,F945_03059,annotation&nbsp;not&nbsp;available,87.9
421052.F945_01000,F945_01000,annotation&nbsp;not&nbsp;available,87.9
421052.F945_02771,F945_02771,annotation&nbsp;not&nbsp;available,87.9
421052.F945_01031,F945_01031,annotation&nbsp;not&nbsp;available,87.9
421052.F945_03118,macB,Macrolide&nbsp;export&nbsp;ATP-binding/permease&nbsp;protein&nbsp;MacB,87.9
421052.F945_00280,znuC,Zinc&nbsp;import&nbsp;ATP-binding&nbsp;protein&nbsp;ZnuC,87.8
421052.F945_03046,rpmI,annotation&nbsp;not&nbsp;available,87.8
421052.F945_02795,F945_02795,annotation&nbsp;not&nbsp;available,87.7
421052.F945_00458,rpoA,DNA-directed&nbsp;RNA&nbsp;polymerase&nbsp;subunit&nbsp;alpha,87.7
421052.F945_01336,F945_01336,annotation&nbsp;not&nbsp;available,87.7
421052.F945_00741,F945_00741,annotation&nbsp;not&nbsp;available,87.6
421052.F945_00250,F945_00250,annotation&nbsp;not&nbsp;available,87.5
421052.F945_00887,cysN,Sulfate&nbsp;adenylyltransferase&nbsp;subunit&nbsp;1,87.5
421052.F945_00780,F945_00780,annotation&nbsp;not&nbsp;available,87.4
421052.F945_00640,F945_00640,annotation&nbsp;not&nbsp;available,87.4
421052.F945_01995,F945_01995,annotation&nbsp;not&nbsp;available,87.3
421052.F945_01003,tmk,Thymidylate&nbsp;kinase,87.3
421052.F945_01806,F945_01806,annotation&nbsp;not&nbsp;available,87.3
421052.F945_02358,F945_02358,annotation&nbsp;not&nbsp;available,87.3
421052.F945_02324,F945_02324,annotation&nbsp;not&nbsp;available,87.2
421052.F945_01741,F945_01741,annotation&nbsp;not&nbsp;available,87.1
421052.F945_03250,glyQ,annotation&nbsp;not&nbsp;available,87.1
421052.F945_01590,F945_01590,annotation&nbsp;not&nbsp;available,87.1
421052.F945_00591,trpA,Tryptophan&nbsp;synthase&nbsp;alpha&nbsp;chain,87.0
421052.F945_01585,F945_01585,annotation&nbsp;not&nbsp;available,86.9
421052.F945_01069,rpoH,annotation&nbsp;not&nbsp;available,86.9
421052.F945_00053,F945_00053,annotation&nbsp;not&nbsp;available,86.9
421052.F945_03150,bamB,Outer&nbsp;membrane&nbsp;protein&nbsp;assembly&nbsp;factor&nbsp;BamB,86.8
421052.F945_00504,F945_00504,dITP/XTP&nbsp;pyrophosphatase,86.7
421052.F945_01857,F945_01857,annotation&nbsp;not&nbsp;available,86.7
421052.F945_00643,F945_00643,Phenylacetate-coenzyme&nbsp;A&nbsp;ligase,86.6
421052.F945_01053,F945_01053,annotation&nbsp;not&nbsp;available,86.6
421052.F945_01534,F945_01534,annotation&nbsp;not&nbsp;available,86.6
421052.F945_00361,murE,"UDP-N-acetylmuramoyl-L-alanyl-D-glutamate--2,6-diaminopimelate&nbsp;ligase",86.6
421052.F945_02591,F945_02591,annotation&nbsp;not&nbsp;available,86.6
421052.F945_01787,folE2,GTP&nbsp;cyclohydrolase&nbsp;FolE2,86.6
421052.F945_03045,rplT,50S&nbsp;ribosomal&nbsp;protein&nbsp;L20,86.5
421052.F945_01029,era,GTPase&nbsp;Era,86.5
421052.F945_01597,F945_01597,annotation&nbsp;not&nbsp;available,86.5
421052.F945_00776,F945_00776,Ribonucleoside-diphosphate&nbsp;reductase&nbsp;subunit&nbsp;beta,86.5
421052.F945_00894,F945_00894,annotation&nbsp;not&nbsp;available,86.5
421052.F945_02269,F945_02269,annotation&nbsp;not&nbsp;available,86.5
421052.F945_02245,fabZ,3-hydroxyacyl-[acyl-carrier-protein]&nbsp;dehydratase&nbsp;FabZ,86.4
421052.F945_01800,F945_01800,annotation&nbsp;not&nbsp;available,86.4
421052.F945_00477,F945_00477,annotation&nbsp;not&nbsp;available,86.3
421052.F945_01089,F945_01089,Microcin&nbsp;C&nbsp;transport&nbsp;system&nbsp;permease,86.3
421052.F945_02442,F945_02442,annotation&nbsp;not&nbsp;available,86.3
421052.F945_00736,F945_00736,Cell&nbsp;division&nbsp;protein&nbsp;ZipA,86.1
421052.F945_01358,F945_01358,annotation&nbsp;not&nbsp;available,86.1
421052.F945_00170,F945_00170,"3,4-dihydroxy-2-butanone&nbsp;4-phosphate&nbsp;synthase",86.1
421052.F945_02257,F945_02257,annotation&nbsp;not&nbsp;available,86.1
421052.F945_00260,F945_00260,annotation&nbsp;not&nbsp;available,86.0
421052.F945_01216,hutG,Formimidoylglutamase,86.0
421052.F945_00922,groL,60&nbsp;kDa&nbsp;chaperonin,85.9
421052.F945_03644,F945_03644,annotation&nbsp;not&nbsp;available,85.9
421052.F945_01706,F945_01706,annotation&nbsp;not&nbsp;available,85.8
421052.F945_00617,F945_00617,annotation&nbsp;not&nbsp;available,85.6
421052.F945_02466,tsaD,tRNA&nbsp;N6-adenosine&nbsp;threonylcarbamoyltransferase,85.6
421052.F945_00413,F945_00413,annotation&nbsp;not&nbsp;available,85.5
421052.F945_02573,F945_02573,annotation&nbsp;not&nbsp;available,85.4
421052.F945_01272,F945_01272,annotation&nbsp;not&nbsp;available,85.4
421052.F945_00921,groS,10&nbsp;kDa&nbsp;chaperonin,85.3
421052.F945_01551,F945_01551,annotation&nbsp;not&nbsp;available,85.3
421052.F945_00436,rplB,50S&nbsp;ribosomal&nbsp;protein&nbsp;L2,85.2
421052.F945_03155,F945_03155,annotation&nbsp;not&nbsp;available,85.2
421052.F945_01805,F945_01805,annotation&nbsp;not&nbsp;available,85.2
421052.F945_00258,gpmI,"2,3-bisphosphoglycerate-independent&nbsp;phosphoglycerate&nbsp;mutase",85.1
421052.F945_02322,prfA,Peptide&nbsp;chain&nbsp;release&nbsp;factor&nbsp;1,85.1
421052.F945_03190,topA,DNA&nbsp;topoisomerase&nbsp;1,85.0
421052.F945_00348,F945_00348,annotation&nbsp;not&nbsp;available,84.9
421052.F945_03586,F945_03586,annotation&nbsp;not&nbsp;available,84.9
421052.F945_01484,F945_01484,annotation&nbsp;not&nbsp;available,84.9
421052.F945_00481,F945_00481,annotation&nbsp;not&nbsp;available,84.8
421052.F945_00370,F945_00370,annotation&nbsp;not&nbsp;available,84.7
421052.F945_02378,F945_02378,annotation&nbsp;not&nbsp;available,84.6
421052.F945_00788,F945_00788,annotation&nbsp;not&nbsp;available,84.6
421052.F945_03439,F945_03439,annotation&nbsp;not&nbsp;available,84.6
421052.F945_00186,murG,Undecaprenyl-PP-MurNAc-pentapeptide-UDPGlcNAc&nbsp;GlcNAc&nbsp;transferase,84.6
421052.F945_00614,F945_00614,annotation&nbsp;not&nbsp;available,84.5
421052.F945_03507,F945_03507,annotation&nbsp;not&nbsp;available,84.5
421052.F945_03667,F945_03667,annotation&nbsp;not&nbsp;available,84.4
421052.F945_00915,folD,Bifunctional&nbsp;protein&nbsp;FolD,84.4
421052.F945_02024,aroQ,3-dehydroquinate&nbsp;dehydratase,84.4
421052.F945_02382,F945_02382,Polyphosphate&nbsp;kinase,84.3
421052.F945_02009,F945_02009,annotation&nbsp;not&nbsp;available,84.3
421052.F945_00457,rpsD,30S&nbsp;ribosomal&nbsp;protein&nbsp;S4,84.3
421052.F945_00597,secA,Protein&nbsp;translocase&nbsp;subunit&nbsp;SecA,84.2
421052.F945_03610,F945_03610,annotation&nbsp;not&nbsp;available,84.2
421052.F945_03113,F945_03113,annotation&nbsp;not&nbsp;available,84.2
421052.F945_01064,F945_01064,annotation&nbsp;not&nbsp;available,84.2
421052.F945_03363,hisH,Imidazole&nbsp;glycerol&nbsp;phosphate&nbsp;synthase&nbsp;subunit&nbsp;HisH,84.2
421052.F945_00837,F945_00837,annotation&nbsp;not&nbsp;available,84.1
421052.F945_02796,F945_02796,annotation&nbsp;not&nbsp;available,84.1
421052.F945_00444,rplX,50S&nbsp;ribosomal&nbsp;protein&nbsp;L24,84.1
421052.F945_02547,F945_02547,annotation&nbsp;not&nbsp;available,84.0
421052.F945_00273,cpdA,"3',5'-cyclic&nbsp;adenosine&nbsp;monophosphate&nbsp;phosphodiesterase&nbsp;CpdA",84.0
421052.F945_03122,F945_03122,annotation&nbsp;not&nbsp;available,84.0
421052.F945_03085,F945_03085,annotation&nbsp;not&nbsp;available,84.0
421052.F945_01267,F945_01267,annotation&nbsp;not&nbsp;available,84.0
421052.F945_02107,F945_02107,annotation&nbsp;not&nbsp;available,84.0
421052.F945_02425,F945_02425,Transaldolase,84.0
421052.F945_01384,F945_01384,Catalase,83.9
421052.F945_01679,F945_01679,30S&nbsp;ribosomal&nbsp;protein&nbsp;S1,83.9
421052.F945_00293,F945_00293,annotation&nbsp;not&nbsp;available,83.8
421052.F945_03346,rpsP,annotation&nbsp;not&nbsp;available,83.8
421052.F945_01322,F945_01322,annotation&nbsp;not&nbsp;available,83.8
421052.F945_03434,nusA,Transcription&nbsp;termination/antitermination&nbsp;protein&nbsp;NusA,83.7
421052.F945_00447,rpsH,30S&nbsp;ribosomal&nbsp;protein&nbsp;S8,83.6
421052.F945_02057,F945_02057,annotation&nbsp;not&nbsp;available,83.6
421052.F945_02359,recR,Recombination&nbsp;protein&nbsp;RecR,83.6
421052.F945_00112,purE,N5-carboxyaminoimidazole&nbsp;ribonucleotide&nbsp;mutase,83.6
421052.F945_01550,F945_01550,annotation&nbsp;not&nbsp;available,83.6
421052.F945_03031,polA,DNA&nbsp;polymerase&nbsp;I,83.5
421052.F945_03166,F945_03166,Aconitate&nbsp;hydratase,83.5
421052.F945_00826,dnaG,DNA&nbsp;primase,83.5
421052.F945_00359,ftsL,Cell&nbsp;division&nbsp;protein&nbsp;FtsL,83.5
421052.F945_00520,F945_00520,annotation&nbsp;not&nbsp;available,83.4
421052.F945_00480,rpmB,annotation&nbsp;not&nbsp;available,83.4
421052.F945_00209,acsA,Acetyl-coenzyme&nbsp;A&nbsp;synthetase,83.3
421052.F945_03274,ribA,GTP&nbsp;cyclohydrolase-2,83.3
421052.F945_02772,F945_02772,annotation&nbsp;not&nbsp;available,83.3
421052.F945_02681,F945_02681,NADPH-dependent&nbsp;7-cyano-7-deazaguanine&nbsp;reductase,83.3
421052.F945_00541,F945_00541,annotation&nbsp;not&nbsp;available,83.3
421052.F945_01700,rpsF,30S&nbsp;ribosomal&nbsp;protein&nbsp;S6,83.2
421052.F945_00573,F945_00573,annotation&nbsp;not&nbsp;available,83.2
421052.F945_00537,mdh,Malate&nbsp;dehydrogenase,83.2
421052.F945_00433,rplC,50S&nbsp;ribosomal&nbsp;protein&nbsp;L3,83.1
421052.F945_00903,carB,annotation&nbsp;not&nbsp;available,83.1
421052.F945_02838,F945_02838,annotation&nbsp;not&nbsp;available,83.1
421052.F945_02218,F945_02218,annotation&nbsp;not&nbsp;available,83.0
421052.F945_00443,rplN,50S&nbsp;ribosomal&nbsp;protein&nbsp;L14,82.9
421052.F945_00037,tyrS,Tyrosine--tRNA&nbsp;ligase,82.9
421052.F945_03509,F945_03509,annotation&nbsp;not&nbsp;available,82.8
421052.F945_01804,F945_01804,annotation&nbsp;not&nbsp;available,82.8
421052.F945_00711,F945_00711,annotation&nbsp;not&nbsp;available,82.7
421052.F945_00599,argJ,Arginine&nbsp;biosynthesis&nbsp;bifunctional&nbsp;protein&nbsp;ArgJ,82.7
421052.F945_03595,rplL,50S&nbsp;ribosomal&nbsp;protein&nbsp;L7/L12,82.6
421052.F945_01563,F945_01563,Iron&nbsp;complex&nbsp;transport&nbsp;system&nbsp;permease,82.6
421052.F945_00572,F945_00572,annotation&nbsp;not&nbsp;available,82.6
421052.F945_02915,F945_02915,annotation&nbsp;not&nbsp;available,82.6
421052.F945_03117,F945_03117,annotation&nbsp;not&nbsp;available,82.6
421052.F945_01072,rhlB,ATP-dependent&nbsp;RNA&nbsp;helicase&nbsp;RhlB,82.6
421052.F945_00691,F945_00691,annotation&nbsp;not&nbsp;available,82.5
421052.F945_01477,F945_01477,annotation&nbsp;not&nbsp;available,82.5
421052.F945_03093,F945_03093,annotation&nbsp;not&nbsp;available,82.5
421052.F945_01925,F945_01925,annotation&nbsp;not&nbsp;available,82.5
421052.F945_01281,F945_01281,3-deoxy-D-manno-octulosonate&nbsp;8-phosphate&nbsp;phosphatase&nbsp;KdsC,82.4
421052.F945_02105,F945_02105,annotation&nbsp;not&nbsp;available,82.4
421052.F945_03014,F945_03014,annotation&nbsp;not&nbsp;available,82.4
421052.F945_00430,F945_00430,annotation&nbsp;not&nbsp;available,82.3
421052.F945_01038,F945_01038,annotation&nbsp;not&nbsp;available,82.3
421052.F945_03144,F945_03144,annotation&nbsp;not&nbsp;available,82.3
421052.F945_01149,mnmA,tRNA-specific&nbsp;2-thiouridylase&nbsp;MnmA,82.3
421052.F945_03508,F945_03508,D-methionine&nbsp;transport&nbsp;system&nbsp;ATP-binding&nbsp;protein,82.2
421052.F945_00600,nadA,Quinolinate&nbsp;synthase&nbsp;A,82.1
421052.F945_01151,F945_01151,annotation&nbsp;not&nbsp;available,82.1
421052.F945_01665,kdsB,3-deoxy-manno-octulosonate&nbsp;cytidylyltransferase,82.1
421052.F945_01129,rapA,RNA&nbsp;polymerase-associated&nbsp;protein&nbsp;RapA,82.0
421052.F945_00440,rplP,50S&nbsp;ribosomal&nbsp;protein&nbsp;L16,82.0
421052.F945_00383,aroB,3-dehydroquinate&nbsp;synthase,82.0
421052.F945_01197,hisZ,ATP&nbsp;phosphoribosyltransferase&nbsp;regulatory&nbsp;subunit,82.0
421052.F945_03333,F945_03333,annotation&nbsp;not&nbsp;available,82.0
421052.F945_02106,F945_02106,annotation&nbsp;not&nbsp;available,81.9
421052.F945_01290,F945_01290,Ferredoxin,81.9
421052.F945_03199,F945_03199,annotation&nbsp;not&nbsp;available,81.9
421052.F945_01356,trpC,annotation&nbsp;not&nbsp;available,81.8
421052.F945_02815,F945_02815,Acetyltransferase&nbsp;component&nbsp;of&nbsp;pyruvate&nbsp;dehydrogenase&nbsp;complex,81.7
421052.F945_00770,F945_00770,annotation&nbsp;not&nbsp;available,81.7
421052.F945_02367,F945_02367,annotation&nbsp;not&nbsp;available,81.7
421052.F945_02405,F945_02405,annotation&nbsp;not&nbsp;available,81.7
421052.F945_01198,purA,Adenylosuccinate&nbsp;synthetase,81.6
421052.F945_00838,F945_00838,Succinate&nbsp;dehydrogenase&nbsp;hydrophobic&nbsp;membrane&nbsp;anchor&nbsp;subunit,81.5
421052.F945_01333,F945_01333,annotation&nbsp;not&nbsp;available,81.5
421052.F945_00004,grpE,Protein&nbsp;GrpE,81.4
421052.F945_02583,F945_02583,annotation&nbsp;not&nbsp;available,81.4
421052.F945_03161,F945_03161,annotation&nbsp;not&nbsp;available,81.4
421052.F945_02004,F945_02004,2-methylisocitrate&nbsp;lyase,81.3
421052.F945_03033,proC,Pyrroline-5-carboxylate&nbsp;reductase,81.3
421052.F945_01489,F945_01489,annotation&nbsp;not&nbsp;available,81.3
421052.F945_00758,F945_00758,annotation&nbsp;not&nbsp;available,81.3
421052.F945_00074,F945_00074,annotation&nbsp;not&nbsp;available,81.2
421052.F945_00732,F945_00732,annotation&nbsp;not&nbsp;available,81.2
421052.F945_02979,F945_02979,annotation&nbsp;not&nbsp;available,81.2
421052.F945_03487,guaA,GMP&nbsp;synthase&nbsp;[glutamine-hydrolyzing],81.1
421052.F945_01183,F945_01183,Adenine&nbsp;deaminase,81.1
421052.F945_01812,F945_01812,annotation&nbsp;not&nbsp;available,81.1
421052.F945_02448,F945_02448,annotation&nbsp;not&nbsp;available,81.0
421052.F945_02592,F945_02592,annotation&nbsp;not&nbsp;available,81.0
421052.F945_02348,ftsY,Signal&nbsp;recognition&nbsp;particle&nbsp;receptor&nbsp;FtsY,81.0
421052.F945_02526,purN,Phosphoribosylglycinamide&nbsp;formyltransferase,80.9
421052.F945_02791,F945_02791,annotation&nbsp;not&nbsp;available,80.9
421052.F945_03369,thrB,annotation&nbsp;not&nbsp;available,80.9
421052.F945_02807,F945_02807,annotation&nbsp;not&nbsp;available,80.9
421052.F945_00487,F945_00487,annotation&nbsp;not&nbsp;available,80.9
421052.F945_03226,F945_03226,annotation&nbsp;not&nbsp;available,80.8
421052.F945_03357,F945_03357,annotation&nbsp;not&nbsp;available,80.8
421052.F945_00102,F945_00102,annotation&nbsp;not&nbsp;available,80.7
421052.F945_00754,F945_00754,annotation&nbsp;not&nbsp;available,80.6
421052.F945_02081,F945_02081,annotation&nbsp;not&nbsp;available,80.6
421052.F945_01157,F945_01157,annotation&nbsp;not&nbsp;available,80.6
421052.F945_03027,F945_03027,annotation&nbsp;not&nbsp;available,80.6
421052.F945_03597,rplA,50S&nbsp;ribosomal&nbsp;protein&nbsp;L1,80.6
421052.F945_02773,F945_02773,annotation&nbsp;not&nbsp;available,80.5
421052.F945_00141,F945_00141,annotation&nbsp;not&nbsp;available,80.4
421052.F945_01510,F945_01510,annotation&nbsp;not&nbsp;available,80.4
421052.F945_01732,F945_01732,annotation&nbsp;not&nbsp;available,80.4
421052.F945_01189,F945_01189,annotation&nbsp;not&nbsp;available,80.4
421052.F945_00271,gluQ,Glutamyl-Q&nbsp;tRNA(Asp)&nbsp;synthetase,80.2
421052.F945_03270,F945_03270,annotation&nbsp;not&nbsp;available,80.2
421052.F945_00998,F945_00998,annotation&nbsp;not&nbsp;available,80.2
421052.F945_02836,F945_02836,annotation&nbsp;not&nbsp;available,80.2
421052.F945_02980,F945_02980,annotation&nbsp;not&nbsp;available,80.2
421052.F945_00066,F945_00066,annotation&nbsp;not&nbsp;available,80.2
421052.F945_01704,cyoE,Protoheme&nbsp;IX&nbsp;farnesyltransferase,80.2
421052.F945_01246,F945_01246,annotation&nbsp;not&nbsp;available,80.2
421052.F945_02576,F945_02576,annotation&nbsp;not&nbsp;available,80.1
421052.F945_02585,F945_02585,annotation&nbsp;not&nbsp;available,80.0
421052.F945_00291,atpC,ATP&nbsp;synthase&nbsp;epsilon&nbsp;chain,80.0
421052.F945_01924,F945_01924,annotation&nbsp;not&nbsp;available,80.0
421052.F945_02207,F945_02207,annotation&nbsp;not&nbsp;available,80.0
421052.F945_01409,F945_01409,annotation&nbsp;not&nbsp;available,79.9
421052.F945_02950,F945_02950,NADH-quinone&nbsp;oxidoreductase&nbsp;subunit&nbsp;F,79.9
421052.F945_02270,rpsT,30S&nbsp;ribosomal&nbsp;protein&nbsp;S20,79.9
421052.F945_02369,ftsB,Cell&nbsp;division&nbsp;protein&nbsp;FtsB,79.8
421052.F945_00876,F945_00876,annotation&nbsp;not&nbsp;available,79.8
421052.F945_02459,pyrB,annotation&nbsp;not&nbsp;available,79.8
421052.F945_00680,F945_00680,annotation&nbsp;not&nbsp;available,79.7
421052.F945_00254,F945_00254,annotation&nbsp;not&nbsp;available,79.6
421052.F945_03609,F945_03609,annotation&nbsp;not&nbsp;available,79.6
421052.F945_00119,F945_00119,annotation&nbsp;not&nbsp;available,79.6
421052.F945_01221,F945_01221,annotation&nbsp;not&nbsp;available,79.6
421052.F945_02730,F945_02730,Polyphosphate&nbsp;kinase,79.5
421052.F945_03057,panC,Pantothenate&nbsp;synthetase,79.5
421052.F945_03681,argA,annotation&nbsp;not&nbsp;available,79.4
421052.F945_01255,F945_01255,annotation&nbsp;not&nbsp;available,79.4
421052.F945_01535,F945_01535,annotation&nbsp;not&nbsp;available,79.3
421052.F945_03221,F945_03221,annotation&nbsp;not&nbsp;available,79.3
421052.F945_01486,F945_01486,annotation&nbsp;not&nbsp;available,79.2
421052.F945_01324,F945_01324,annotation&nbsp;not&nbsp;available,79.2
421052.F945_01533,F945_01533,annotation&nbsp;not&nbsp;available,79.1
421052.F945_00396,F945_00396,annotation&nbsp;not&nbsp;available,79.1
421052.F945_01506,F945_01506,annotation&nbsp;not&nbsp;available,79.0
421052.F945_01730,F945_01730,annotation&nbsp;not&nbsp;available,79.0
421052.F945_00439,rpsC,30S&nbsp;ribosomal&nbsp;protein&nbsp;S3,79.0
421052.F945_01830,F945_01830,annotation&nbsp;not&nbsp;available,78.9
421052.F945_01801,F945_01801,annotation&nbsp;not&nbsp;available,78.9
421052.F945_03130,F945_03130,annotation&nbsp;not&nbsp;available,78.8
421052.F945_03114,leuS,annotation&nbsp;not&nbsp;available,78.8
421052.F945_02327,F945_02327,annotation&nbsp;not&nbsp;available,78.7
421052.F945_02609,F945_02609,annotation&nbsp;not&nbsp;available,78.6
421052.F945_03585,F945_03585,annotation&nbsp;not&nbsp;available,78.6
421052.F945_03089,F945_03089,annotation&nbsp;not&nbsp;available,78.6
421052.F945_03214,F945_03214,annotation&nbsp;not&nbsp;available,78.5
421052.F945_03005,hisC,annotation&nbsp;not&nbsp;available,78.5
421052.F945_03204,leuB,3-isopropylmalate&nbsp;dehydrogenase,78.5
421052.F945_01682,pyrF,Orotidine&nbsp;5'-phosphate&nbsp;decarboxylase,78.5
421052.F945_01666,F945_01666,annotation&nbsp;not&nbsp;available,78.5
421052.F945_01678,cmk,annotation&nbsp;not&nbsp;available,78.5
421052.F945_01217,F945_01217,annotation&nbsp;not&nbsp;available,78.4
421052.F945_00405,F945_00405,annotation&nbsp;not&nbsp;available,78.4
421052.F945_03035,accA,Acetyl-coenzyme&nbsp;A&nbsp;carboxylase&nbsp;carboxyl&nbsp;transferase&nbsp;subunit&nbsp;alpha,78.4
421052.F945_01592,F945_01592,annotation&nbsp;not&nbsp;available,78.3
421052.F945_03598,rplK,50S&nbsp;ribosomal&nbsp;protein&nbsp;L11,78.3
421052.F945_02624,F945_02624,annotation&nbsp;not&nbsp;available,78.2
421052.F945_01717,F945_01717,annotation&nbsp;not&nbsp;available,78.2
421052.F945_01998,F945_01998,annotation&nbsp;not&nbsp;available,78.2
421052.F945_01509,F945_01509,annotation&nbsp;not&nbsp;available,78.2
421052.F945_02883,minE,Cell&nbsp;division&nbsp;topological&nbsp;specificity&nbsp;factor,78.1
421052.F945_01819,F945_01819,annotation&nbsp;not&nbsp;available,78.0
421052.F945_03567,lldD,L-lactate&nbsp;dehydrogenase,78.0
421052.F945_03572,F945_03572,annotation&nbsp;not&nbsp;available,78.0
421052.F945_03659,F945_03659,annotation&nbsp;not&nbsp;available,78.0
421052.F945_00050,mnmE,tRNA&nbsp;modification&nbsp;GTPase&nbsp;MnmE,78.0
421052.F945_00798,cysG,Siroheme&nbsp;synthase,77.9
421052.F945_00033,F945_00033,annotation&nbsp;not&nbsp;available,77.7
421052.F945_00886,cysD,annotation&nbsp;not&nbsp;available,77.6
421052.F945_02870,F945_02870,annotation&nbsp;not&nbsp;available,77.6
421052.F945_02726,F945_02726,annotation&nbsp;not&nbsp;available,77.5
421052.F945_03074,F945_03074,annotation&nbsp;not&nbsp;available,77.5
421052.F945_00735,smc,Chromosome&nbsp;partition&nbsp;protein&nbsp;Smc,77.5
421052.F945_02006,F945_02006,Ornithine&nbsp;carbamoyltransferase,77.4
421052.F945_00574,F945_00574,annotation&nbsp;not&nbsp;available,77.4
421052.F945_00839,F945_00839,annotation&nbsp;not&nbsp;available,77.3
421052.F945_03677,F945_03677,annotation&nbsp;not&nbsp;available,77.3
421052.F945_03531,F945_03531,annotation&nbsp;not&nbsp;available,77.3
421052.F945_01874,F945_01874,annotation&nbsp;not&nbsp;available,77.3
421052.F945_03234,F945_03234,annotation&nbsp;not&nbsp;available,77.3
421052.F945_01514,F945_01514,annotation&nbsp;not&nbsp;available,77.2
421052.F945_00688,trpF,annotation&nbsp;not&nbsp;available,77.2
421052.F945_01744,F945_01744,annotation&nbsp;not&nbsp;available,77.2
421052.F945_00245,F945_00245,annotation&nbsp;not&nbsp;available,77.0
421052.F945_00309,F945_00309,annotation&nbsp;not&nbsp;available,77.0
421052.F945_03086,F945_03086,annotation&nbsp;not&nbsp;available,76.9
421052.F945_03131,F945_03131,Glutaredoxin,76.8
421052.F945_01111,F945_01111,annotation&nbsp;not&nbsp;available,76.8
421052.F945_00682,F945_00682,annotation&nbsp;not&nbsp;available,76.8
421052.F945_00321,F945_00321,annotation&nbsp;not&nbsp;available,76.7
421052.F945_01226,F945_01226,annotation&nbsp;not&nbsp;available,76.7
421052.F945_03051,thrS,Threonine--tRNA&nbsp;ligase,76.6
421052.F945_00289,atpG,ATP&nbsp;synthase&nbsp;gamma&nbsp;chain,76.4
421052.F945_00479,rpmG,annotation&nbsp;not&nbsp;available,76.4
421052.F945_02361,metZ,O-succinylhomoserine&nbsp;sulfhydrylase,76.4
421052.F945_00752,rpmF,annotation&nbsp;not&nbsp;available,76.3
421052.F945_00529,xpt,Xanthine&nbsp;phosphoribosyltransferase,76.3
421052.F945_01263,F945_01263,annotation&nbsp;not&nbsp;available,76.3
421052.F945_00781,F945_00781,annotation&nbsp;not&nbsp;available,76.3
421052.F945_00618,F945_00618,annotation&nbsp;not&nbsp;available,76.1
421052.F945_00431,F945_00431,annotation&nbsp;not&nbsp;available,76.1
421052.F945_01565,F945_01565,annotation&nbsp;not&nbsp;available,76.0
421052.F945_01124,F945_01124,annotation&nbsp;not&nbsp;available,76.0
421052.F945_00061,F945_00061,annotation&nbsp;not&nbsp;available,75.9
421052.F945_02286,F945_02286,annotation&nbsp;not&nbsp;available,75.9
421052.F945_01251,F945_01251,annotation&nbsp;not&nbsp;available,75.9
421052.F945_02315,hscA,Chaperone&nbsp;protein&nbsp;HscA&nbsp;homolog,75.8
421052.F945_03116,F945_03116,annotation&nbsp;not&nbsp;available,75.8
421052.F945_00263,F945_00263,annotation&nbsp;not&nbsp;available,75.8
421052.F945_00091,parE,DNA&nbsp;topoisomerase&nbsp;4&nbsp;subunit&nbsp;B,75.8
421052.F945_01823,F945_01823,annotation&nbsp;not&nbsp;available,75.7
421052.F945_03637,F945_03637,annotation&nbsp;not&nbsp;available,75.7
421052.F945_03448,F945_03448,annotation&nbsp;not&nbsp;available,75.5
421052.F945_02761,F945_02761,annotation&nbsp;not&nbsp;available,75.5
421052.F945_02925,F945_02925,Methionine--tRNA&nbsp;ligase,75.4
421052.F945_02302,recX,Regulatory&nbsp;protein&nbsp;RecX,75.3
421052.F945_03254,F945_03254,annotation&nbsp;not&nbsp;available,75.3
421052.F945_00385,F945_00385,annotation&nbsp;not&nbsp;available,75.3
421052.F945_03120,F945_03120,annotation&nbsp;not&nbsp;available,75.2
421052.F945_00130,F945_00130,annotation&nbsp;not&nbsp;available,74.9
421052.F945_03311,F945_03311,annotation&nbsp;not&nbsp;available,74.9
421052.F945_01903,F945_01903,Sulfurtransferase,74.9
421052.F945_02025,F945_02025,Biotin&nbsp;carboxyl&nbsp;carrier&nbsp;protein&nbsp;of&nbsp;acetyl-CoA&nbsp;carboxylase,74.9
421052.F945_02256,F945_02256,annotation&nbsp;not&nbsp;available,74.8
421052.F945_03011,F945_03011,RNA&nbsp;polymerase&nbsp;sigma-54&nbsp;factor,74.7
421052.F945_02922,dcd,annotation&nbsp;not&nbsp;available,74.6
421052.F945_02738,F945_02738,Carbonic&nbsp;anhydrase,74.6
421052.F945_01900,F945_01900,annotation&nbsp;not&nbsp;available,74.6
421052.F945_00855,F945_00855,annotation&nbsp;not&nbsp;available,74.5
421052.F945_00322,F945_00322,annotation&nbsp;not&nbsp;available,74.5
421052.F945_01996,F945_01996,annotation&nbsp;not&nbsp;available,74.5
421052.F945_03543,F945_03543,annotation&nbsp;not&nbsp;available,74.3
421052.F945_03370,hisF,Imidazole&nbsp;glycerol&nbsp;phosphate&nbsp;synthase&nbsp;subunit&nbsp;HisF,74.3
421052.F945_00238,F945_00238,Inorganic&nbsp;pyrophosphatase,74.3
421052.F945_03640,F945_03640,annotation&nbsp;not&nbsp;available,74.2
421052.F945_01692,F945_01692,annotation&nbsp;not&nbsp;available,74.2
421052.F945_02956,EPF70712.1,annotation&nbsp;not&nbsp;available,74.2
421052.F945_00345,gmk,Guanylate&nbsp;kinase,74.2
421052.F945_00164,glmS,Glutamine--fructose-6-phosphate&nbsp;aminotransferase&nbsp;[isomerizing],74.0
421052.F945_00639,F945_00639,annotation&nbsp;not&nbsp;available,74.0
421052.F945_00450,rpsE,30S&nbsp;ribosomal&nbsp;protein&nbsp;S5,74.0
421052.F945_03073,F945_03073,NAD(P)&nbsp;transhydrogenase&nbsp;subunit&nbsp;beta,74.0
421052.F945_00768,F945_00768,annotation&nbsp;not&nbsp;available,74.0
421052.F945_03255,F945_03255,annotation&nbsp;not&nbsp;available,73.9
421052.F945_01562,F945_01562,Iron&nbsp;complex&nbsp;transport&nbsp;system&nbsp;permease,73.9
421052.F945_00261,F945_00261,annotation&nbsp;not&nbsp;available,73.9
421052.F945_02015,ilvA,L-threonine&nbsp;dehydratase,73.8
421052.F945_02312,F945_02312,Iron-sulfur&nbsp;cluster&nbsp;assembly&nbsp;scaffold&nbsp;protein&nbsp;IscU,73.8
421052.F945_02447,F945_02447,annotation&nbsp;not&nbsp;available,73.7
421052.F945_03503,F945_03503,annotation&nbsp;not&nbsp;available,73.7
421052.F945_02441,F945_02441,Methionine&nbsp;import&nbsp;ATP-binding&nbsp;protein&nbsp;MetN,73.7
421052.F945_00454,rpmJ,annotation&nbsp;not&nbsp;available,73.7
421052.F945_02343,F945_02343,annotation&nbsp;not&nbsp;available,73.7
421052.F945_01067,F945_01067,annotation&nbsp;not&nbsp;available,73.6
421052.F945_02475,pyrD,Dihydroorotate&nbsp;dehydrogenase&nbsp;(quinone),73.5
421052.F945_03067,F945_03067,annotation&nbsp;not&nbsp;available,73.5
421052.F945_03206,leuD,3-isopropylmalate&nbsp;dehydratase&nbsp;small&nbsp;subunit,73.4
421052.F945_02311,iscS,Cysteine&nbsp;desulfurase&nbsp;IscS,73.4
421052.F945_00084,F945_00084,annotation&nbsp;not&nbsp;available,73.3
421052.F945_02020,F945_02020,Bifunctional&nbsp;protein&nbsp;PutA,73.2
421052.F945_00882,lysS,annotation&nbsp;not&nbsp;available,73.2
421052.F945_03308,priA,Primosomal&nbsp;protein&nbsp;N',73.2
421052.F945_03210,F945_03210,annotation&nbsp;not&nbsp;available,73.2
421052.F945_00328,F945_00328,annotation&nbsp;not&nbsp;available,73.2
421052.F945_01125,F945_01125,annotation&nbsp;not&nbsp;available,73.1
421052.F945_01818,F945_01818,annotation&nbsp;not&nbsp;available,73.1
421052.F945_02437,purH,annotation&nbsp;not&nbsp;available,73.1
421052.F945_00110,F945_00110,annotation&nbsp;not&nbsp;available,73.1
421052.F945_01311,F945_01311,annotation&nbsp;not&nbsp;available,73.0
421052.F945_02314,hscB,Co-chaperone&nbsp;protein&nbsp;HscB&nbsp;homolog,72.9
421052.F945_02984,F945_02984,annotation&nbsp;not&nbsp;available,72.9
421052.F945_02411,F945_02411,annotation&nbsp;not&nbsp;available,72.8
421052.F945_03574,F945_03574,annotation&nbsp;not&nbsp;available,72.7
421052.F945_01329,F945_01329,annotation&nbsp;not&nbsp;available,72.7
421052.F945_00717,F945_00717,annotation&nbsp;not&nbsp;available,72.7
421052.F945_02949,F945_02949,annotation&nbsp;not&nbsp;available,72.6
421052.F945_02280,F945_02280,annotation&nbsp;not&nbsp;available,72.6
421052.F945_00288,atpA,ATP&nbsp;synthase&nbsp;subunit&nbsp;alpha,72.6
421052.F945_00501,tatB,Sec-independent&nbsp;protein&nbsp;translocase&nbsp;protein&nbsp;TatB,72.6
421052.F945_03583,F945_03583,annotation&nbsp;not&nbsp;available,72.5
421052.F945_00378,F945_00378,annotation&nbsp;not&nbsp;available,72.5
421052.F945_02916,proS,Proline--tRNA&nbsp;ligase,72.4
421052.F945_00386,F945_00386,annotation&nbsp;not&nbsp;available,72.4
421052.F945_02438,purD,annotation&nbsp;not&nbsp;available,72.3
421052.F945_00266,F945_00266,annotation&nbsp;not&nbsp;available,72.2
421052.F945_00637,F945_00637,annotation&nbsp;not&nbsp;available,72.2
421052.F945_02894,F945_02894,annotation&nbsp;not&nbsp;available,72.2
421052.F945_02948,nuoH,NADH-quinone&nbsp;oxidoreductase&nbsp;subunit&nbsp;H,72.2
421052.F945_00791,F945_00791,annotation&nbsp;not&nbsp;available,72.1
421052.F945_03129,rsgA,Small&nbsp;ribosomal&nbsp;subunit&nbsp;biogenesis&nbsp;GTPase&nbsp;RsgA,72.1
421052.F945_03042,pheS,annotation&nbsp;not&nbsp;available,72.1
421052.F945_00727,ffh,Signal&nbsp;recognition&nbsp;particle&nbsp;protein,72.0
421052.F945_01092,F945_01092,annotation&nbsp;not&nbsp;available,71.9
421052.F945_03608,F945_03608,annotation&nbsp;not&nbsp;available,71.8
421052.F945_00775,F945_00775,annotation&nbsp;not&nbsp;available,71.8
421052.F945_03121,F945_03121,annotation&nbsp;not&nbsp;available,71.8
421052.F945_02986,F945_02986,annotation&nbsp;not&nbsp;available,71.8
421052.F945_00147,F945_00147,annotation&nbsp;not&nbsp;available,71.7
421052.F945_03541,F945_03541,annotation&nbsp;not&nbsp;available,71.7
421052.F945_01916,F945_01916,annotation&nbsp;not&nbsp;available,71.7
421052.F945_02786,F945_02786,annotation&nbsp;not&nbsp;available,71.5
421052.F945_00182,F945_00182,annotation&nbsp;not&nbsp;available,71.5
421052.F945_03145,secD,Protein&nbsp;translocase&nbsp;subunit&nbsp;SecD,71.4
421052.F945_01346,F945_01346,annotation&nbsp;not&nbsp;available,71.4
421052.F945_00779,F945_00779,Ribonucleoside-diphosphate&nbsp;reductase,71.4
421052.F945_03652,F945_03652,annotation&nbsp;not&nbsp;available,71.4
421052.F945_03364,hisA,annotation&nbsp;not&nbsp;available,71.4
421052.F945_03180,nagZ,Beta-hexosaminidase,71.3
421052.F945_02495,F945_02495,annotation&nbsp;not&nbsp;available,71.3
421052.F945_00256,F945_00256,Lipopolysaccharide&nbsp;export&nbsp;system&nbsp;permease,71.2
421052.F945_02958,rpsG,30S&nbsp;ribosomal&nbsp;protein&nbsp;S7,71.2
421052.F945_02029,mqo,annotation&nbsp;not&nbsp;available,71.1
421052.F945_01065,F945_01065,annotation&nbsp;not&nbsp;available,71.1
421052.F945_01986,F945_01986,annotation&nbsp;not&nbsp;available,70.9
421052.F945_02235,F945_02235,annotation&nbsp;not&nbsp;available,70.9
421052.F945_01039,F945_01039,annotation&nbsp;not&nbsp;available,70.8
421052.F945_00269,murD,UDP-N-acetylmuramoylalanine--D-glutamate&nbsp;ligase,70.8
421052.F945_03315,rpsO,30S&nbsp;ribosomal&nbsp;protein&nbsp;S15,70.8
421052.F945_03068,F945_03068,annotation&nbsp;not&nbsp;available,70.8
421052.F945_01020,F945_01020,annotation&nbsp;not&nbsp;available,70.8
421052.F945_01567,F945_01567,annotation&nbsp;not&nbsp;available,70.7
421052.F945_02033,F945_02033,annotation&nbsp;not&nbsp;available,70.7
421052.F945_01492,F945_01492,annotation&nbsp;not&nbsp;available,70.7
421052.F945_01843,F945_01843,annotation&nbsp;not&nbsp;available,70.7
421052.F945_02757,F945_02757,annotation&nbsp;not&nbsp;available,70.6
421052.F945_03382,F945_03382,annotation&nbsp;not&nbsp;available,70.4
421052.F945_00337,F945_00337,annotation&nbsp;not&nbsp;available,70.4
421052.F945_00336,F945_00336,2-methylisocitrate&nbsp;lyase,70.4
421052.F945_02440,F945_02440,annotation&nbsp;not&nbsp;available,70.3
421052.F945_02345,F945_02345,annotation&nbsp;not&nbsp;available,70.2
421052.F945_01224,F945_01224,annotation&nbsp;not&nbsp;available,70.2
421052.F945_00508,F945_00508,2-isopropylmalate&nbsp;synthase,70.2
421052.F945_01488,F945_01488,annotation&nbsp;not&nbsp;available,70.1
421052.F945_03182,ackA,Acetate&nbsp;kinase,70.1
421052.F945_03267,F945_03267,annotation&nbsp;not&nbsp;available,70.0
421052.F945_02480,F945_02480,annotation&nbsp;not&nbsp;available,70.0
421052.F945_02246,lpxD,UDP-3-O-acylglucosamine&nbsp;N-acyltransferase,70.0
421052.F945_01910,F945_01910,annotation&nbsp;not&nbsp;available,69.9
421052.F945_01063,F945_01063,annotation&nbsp;not&nbsp;available,69.9
421052.F945_02746,F945_02746,annotation&nbsp;not&nbsp;available,69.8
421052.F945_01284,F945_01284,annotation&nbsp;not&nbsp;available,69.7
421052.F945_00461,F945_00461,annotation&nbsp;not&nbsp;available,69.7
421052.F945_00026,F945_00026,annotation&nbsp;not&nbsp;available,69.6
421052.F945_01833,F945_01833,annotation&nbsp;not&nbsp;available,69.6
421052.F945_01690,glcB,Malate&nbsp;synthase&nbsp;G,69.5
421052.F945_00851,adk,Adenylate&nbsp;kinase,69.4
421052.F945_00199,guaB,Inosine-5'-monophosphate&nbsp;dehydrogenase,69.4
421052.F945_02595,F945_02595,annotation&nbsp;not&nbsp;available,69.4
421052.F945_03181,proA,Gamma-glutamyl&nbsp;phosphate&nbsp;reductase,69.3
421052.F945_00376,F945_00376,annotation&nbsp;not&nbsp;available,69.2
421052.F945_03528,F945_03528,annotation&nbsp;not&nbsp;available,69.2
421052.F945_01135,F945_01135,annotation&nbsp;not&nbsp;available,69.2
421052.F945_00642,F945_00642,annotation&nbsp;not&nbsp;available,69.1
421052.F945_00360,ftsI,"Peptidoglycan&nbsp;D,D-transpeptidase&nbsp;FtsI",69.1
421052.F945_01740,F945_01740,annotation&nbsp;not&nbsp;available,69.1
421052.F945_01997,F945_01997,annotation&nbsp;not&nbsp;available,69.1
421052.F945_03571,F945_03571,annotation&nbsp;not&nbsp;available,69.1
421052.F945_01852,F945_01852,annotation&nbsp;not&nbsp;available,69.0
421052.F945_03233,F945_03233,annotation&nbsp;not&nbsp;available,69.0
421052.F945_02014,rpiA,Ribose-5-phosphate&nbsp;isomerase&nbsp;A,69.0
421052.F945_02812,F945_02812,annotation&nbsp;not&nbsp;available,69.0
421052.F945_02511,F945_02511,annotation&nbsp;not&nbsp;available,68.9
421052.F945_02510,F945_02510,annotation&nbsp;not&nbsp;available,68.9
421052.F945_01143,F945_01143,annotation&nbsp;not&nbsp;available,68.8
421052.F945_00387,F945_00387,annotation&nbsp;not&nbsp;available,68.8
421052.F945_01147,F945_01147,annotation&nbsp;not&nbsp;available,68.8
421052.F945_03160,F945_03160,annotation&nbsp;not&nbsp;available,68.7
421052.F945_00451,rpmD,annotation&nbsp;not&nbsp;available,68.6
421052.F945_01777,F945_01777,annotation&nbsp;not&nbsp;available,68.6
421052.F945_03094,F945_03094,annotation&nbsp;not&nbsp;available,68.6
421052.F945_02951,F945_02951,annotation&nbsp;not&nbsp;available,68.6
421052.F945_02273,F945_02273,annotation&nbsp;not&nbsp;available,68.5
421052.F945_01699,rpsR,30S&nbsp;ribosomal&nbsp;protein&nbsp;S18,68.5
421052.F945_01807,F945_01807,annotation&nbsp;not&nbsp;available,68.5
421052.F945_02470,F945_02470,annotation&nbsp;not&nbsp;available,68.4
421052.F945_03620,argH,annotation&nbsp;not&nbsp;available,68.4
421052.F945_00836,F945_00836,annotation&nbsp;not&nbsp;available,68.3
421052.F945_03112,F945_03112,annotation&nbsp;not&nbsp;available,68.3
421052.F945_02808,F945_02808,annotation&nbsp;not&nbsp;available,68.2
421052.F945_03268,F945_03268,annotation&nbsp;not&nbsp;available,68.2
421052.F945_03587,F945_03587,annotation&nbsp;not&nbsp;available,68.2
421052.F945_02010,clpS,ATP-dependent&nbsp;Clp&nbsp;protease&nbsp;adapter&nbsp;protein&nbsp;ClpS,68.1
421052.F945_02959,rpsL,30S&nbsp;ribosomal&nbsp;protein&nbsp;S12,68.1
421052.F945_02000,F945_02000,annotation&nbsp;not&nbsp;available,68.0
421052.F945_02052,F945_02052,annotation&nbsp;not&nbsp;available,68.0
421052.F945_00790,F945_00790,annotation&nbsp;not&nbsp;available,68.0
421052.F945_00793,F945_00793,annotation&nbsp;not&nbsp;available,68.0
421052.F945_00518,F945_00518,annotation&nbsp;not&nbsp;available,67.9
421052.F945_03247,dadA,D-amino&nbsp;acid&nbsp;dehydrogenase,67.9
421052.F945_02467,rpsU,annotation&nbsp;not&nbsp;available,67.8
421052.F945_01697,F945_01697,Replicative&nbsp;DNA&nbsp;helicase,67.7
421052.F945_02590,F945_02590,annotation&nbsp;not&nbsp;available,67.7
421052.F945_03015,F945_03015,annotation&nbsp;not&nbsp;available,67.7
421052.F945_03088,F945_03088,annotation&nbsp;not&nbsp;available,67.6
421052.F945_03219,F945_03219,annotation&nbsp;not&nbsp;available,67.6
421052.F945_03213,F945_03213,annotation&nbsp;not&nbsp;available,67.6
421052.F945_03641,pgi,annotation&nbsp;not&nbsp;available,67.5
421052.F945_01528,F945_01528,annotation&nbsp;not&nbsp;available,67.5
421052.F945_00438,rplV,50S&nbsp;ribosomal&nbsp;protein&nbsp;L22,67.5
421052.F945_03618,hemC,Porphobilinogen&nbsp;deaminase,67.4
421052.F945_03276,F945_03276,Coproporphyrinogen&nbsp;oxidase,67.4
421052.F945_03223,F945_03223,annotation&nbsp;not&nbsp;available,67.4
421052.F945_02550,lysA,Diaminopimelate&nbsp;decarboxylase,67.4
421052.F945_03352,F945_03352,annotation&nbsp;not&nbsp;available,67.4
421052.F945_01641,F945_01641,annotation&nbsp;not&nbsp;available,67.3
421052.F945_01808,F945_01808,annotation&nbsp;not&nbsp;available,67.3
421052.F945_03170,prfC,Peptide&nbsp;chain&nbsp;release&nbsp;factor&nbsp;3,67.3
421052.F945_03183,F945_03183,Phosphate&nbsp;acetyltransferase,67.2
421052.F945_02391,metK,S-adenosylmethionine&nbsp;synthase,67.2
421052.F945_00585,F945_00585,annotation&nbsp;not&nbsp;available,67.1
421052.F945_01710,F945_01710,Phosphoenolpyruvate&nbsp;synthase,67.1
421052.F945_03566,dld,Quinone-dependent&nbsp;D-lactate&nbsp;dehydrogenase,67.1
421052.F945_02513,F945_02513,annotation&nbsp;not&nbsp;available,67.1
421052.F945_02774,F945_02774,annotation&nbsp;not&nbsp;available,67.1
421052.F945_02947,nuoI,NADH-quinone&nbsp;oxidoreductase&nbsp;subunit&nbsp;I,67.1
421052.F945_01062,F945_01062,annotation&nbsp;not&nbsp;available,67.1
421052.F945_01270,F945_01270,annotation&nbsp;not&nbsp;available,67.0
421052.F945_03178,F945_03178,annotation&nbsp;not&nbsp;available,66.9
421052.F945_01141,F945_01141,annotation&nbsp;not&nbsp;available,66.9
421052.F945_02505,nadK,NAD&nbsp;kinase,66.9
421052.F945_00185,gshB,annotation&nbsp;not&nbsp;available,66.9
421052.F945_00997,F945_00997,annotation&nbsp;not&nbsp;available,66.8
421052.F945_01897,fumC,Fumarate&nbsp;hydratase&nbsp;class&nbsp;II,66.8
421052.F945_00425,F945_00425,annotation&nbsp;not&nbsp;available,66.8
421052.F945_00265,xerD,annotation&nbsp;not&nbsp;available,66.8
421052.F945_03189,F945_03189,Fumarate&nbsp;hydratase&nbsp;class&nbsp;I,66.8
421052.F945_00702,argD,annotation&nbsp;not&nbsp;available,66.8
421052.F945_01694,F945_01694,annotation&nbsp;not&nbsp;available,66.7
421052.F945_03518,F945_03518,annotation&nbsp;not&nbsp;available,66.7
421052.F945_03316,recD,RecBCD&nbsp;enzyme&nbsp;subunit&nbsp;RecD,66.7
421052.F945_02375,F945_02375,annotation&nbsp;not&nbsp;available,66.6
421052.F945_02353,F945_02353,annotation&nbsp;not&nbsp;available,66.6
421052.F945_02973,F945_02973,annotation&nbsp;not&nbsp;available,66.5
421052.F945_00002,F945_00002,annotation&nbsp;not&nbsp;available,66.5
421052.F945_00448,rplF,50S&nbsp;ribosomal&nbsp;protein&nbsp;L6,66.3
421052.F945_02943,F945_02943,annotation&nbsp;not&nbsp;available,66.2
421052.F945_00683,F945_00683,annotation&nbsp;not&nbsp;available,66.2
421052.F945_02473,purF,Amidophosphoribosyltransferase,66.2
421052.F945_01993,F945_01993,annotation&nbsp;not&nbsp;available,66.2
421052.F945_02313,F945_02313,Iron-binding&nbsp;protein&nbsp;IscA,66.2
421052.F945_00183,pyrE,Orotate&nbsp;phosphoribosyltransferase,66.2
421052.F945_02816,F945_02816,annotation&nbsp;not&nbsp;available,66.2
421052.F945_03063,F945_03063,GTP&nbsp;pyrophosphokinase,66.1
421052.F945_01898,F945_01898,annotation&nbsp;not&nbsp;available,66.1
421052.F945_00843,F945_00843,annotation&nbsp;not&nbsp;available,66.1
421052.F945_00324,F945_00324,annotation&nbsp;not&nbsp;available,66.1
421052.F945_00854,F945_00854,Electron&nbsp;transport&nbsp;complex&nbsp;protein&nbsp;RnfB,66.1
421052.F945_02900,F945_02900,annotation&nbsp;not&nbsp;available,66.1
421052.F945_01610,F945_01610,annotation&nbsp;not&nbsp;available,66.1
421052.F945_00584,F945_00584,annotation&nbsp;not&nbsp;available,65.9
421052.F945_03196,F945_03196,annotation&nbsp;not&nbsp;available,65.8
421052.F945_03486,F945_03486,annotation&nbsp;not&nbsp;available,65.8
421052.F945_01293,mutS,DNA&nbsp;mismatch&nbsp;repair&nbsp;protein&nbsp;MutS,65.8
421052.F945_03343,rplS,50S&nbsp;ribosomal&nbsp;protein&nbsp;L19,65.8
421052.F945_01280,F945_01280,annotation&nbsp;not&nbsp;available,65.7
421052.F945_00635,F945_00635,annotation&nbsp;not&nbsp;available,65.7
421052.F945_00315,F945_00315,Aminopyrimidine&nbsp;aminohydrolase,65.7
421052.F945_00966,fbp,annotation&nbsp;not&nbsp;available,65.6
421052.F945_01771,F945_01771,annotation&nbsp;not&nbsp;available,65.6
421052.F945_00377,F945_00377,annotation&nbsp;not&nbsp;available,65.5
421052.F945_03646,F945_03646,annotation&nbsp;not&nbsp;available,65.5
421052.F945_03594,rpoB,DNA-directed&nbsp;RNA&nbsp;polymerase&nbsp;subunit&nbsp;beta,65.4
421052.F945_03355,F945_03355,annotation&nbsp;not&nbsp;available,65.4
421052.F945_02548,xerC,annotation&nbsp;not&nbsp;available,65.4
421052.F945_00834,nadE,Glutamine-dependent&nbsp;NAD(+)&nbsp;synthetase,65.4
421052.F945_02003,F945_02003,annotation&nbsp;not&nbsp;available,65.4
421052.F945_00049,yidC,Membrane&nbsp;protein&nbsp;insertase&nbsp;YidC,65.3
421052.F945_01715,F945_01715,annotation&nbsp;not&nbsp;available,65.3
421052.F945_00449,rplR,50S&nbsp;ribosomal&nbsp;protein&nbsp;L18,65.2
421052.F945_00382,aroK,Shikimate&nbsp;kinase,65.2
421052.F945_02714,gatC,Aspartyl/glutamyl-tRNA(Asn/Gln)&nbsp;amidotransferase&nbsp;subunit&nbsp;C,65.2
421052.F945_00424,F945_00424,annotation&nbsp;not&nbsp;available,65.2
421052.F945_02881,minC,Probable&nbsp;septum&nbsp;site-determining&nbsp;protein&nbsp;MinC,65.2
421052.F945_03224,F945_03224,annotation&nbsp;not&nbsp;available,65.2
421052.F945_03078,F945_03078,annotation&nbsp;not&nbsp;available,65.2
421052.F945_01010,argG,annotation&nbsp;not&nbsp;available,65.1
421052.F945_03661,F945_03661,annotation&nbsp;not&nbsp;available,65.1
421052.F945_01505,F945_01505,annotation&nbsp;not&nbsp;available,65.1
421052.F945_02715,gatA,Glutamyl-tRNA(Gln)&nbsp;amidotransferase&nbsp;subunit&nbsp;A,65.0
421052.F945_01487,F945_01487,Methionine&nbsp;import&nbsp;ATP-binding&nbsp;protein&nbsp;MetN,65.0
421052.F945_00373,F945_00373,annotation&nbsp;not&nbsp;available,64.9
421052.F945_00841,F945_00841,annotation&nbsp;not&nbsp;available,64.9
421052.F945_00455,rpsM,30S&nbsp;ribosomal&nbsp;protein&nbsp;S13,64.9
421052.F945_03294,F945_03294,annotation&nbsp;not&nbsp;available,64.9
421052.F945_00819,prs,Ribose-phosphate&nbsp;pyrophosphokinase,64.8
421052.F945_02102,F945_02102,annotation&nbsp;not&nbsp;available,64.8
421052.F945_01827,F945_01827,annotation&nbsp;not&nbsp;available,64.8
421052.F945_02060,F945_02060,annotation&nbsp;not&nbsp;available,64.8
421052.F945_00248,F945_00248,Riboflavin&nbsp;biosynthesis&nbsp;protein&nbsp;RibD,64.7
421052.F945_02525,purM,annotation&nbsp;not&nbsp;available,64.6
421052.F945_00633,F945_00633,annotation&nbsp;not&nbsp;available,64.6
421052.F945_00456,rpsK,30S&nbsp;ribosomal&nbsp;protein&nbsp;S11,64.6
421052.F945_02878,F945_02878,annotation&nbsp;not&nbsp;available,64.6
421052.F945_01464,F945_01464,annotation&nbsp;not&nbsp;available,64.5
421052.F945_03290,F945_03290,annotation&nbsp;not&nbsp;available,64.5
421052.F945_01086,rnhA,Ribonuclease&nbsp;H,64.5
421052.F945_00679,F945_00679,annotation&nbsp;not&nbsp;available,64.5
421052.F945_00969,tolB,Protein&nbsp;TolB,64.4
421052.F945_00844,sucC,Succinate--CoA&nbsp;ligase&nbsp;[ADP-forming]&nbsp;subunit&nbsp;beta,64.4
421052.F945_02531,lolD,Lipoprotein-releasing&nbsp;system&nbsp;ATP-binding&nbsp;protein&nbsp;LolD,64.3
421052.F945_00656,F945_00656,annotation&nbsp;not&nbsp;available,64.2
421052.F945_02234,F945_02234,2-isopropylmalate&nbsp;synthase,64.2
421052.F945_01810,F945_01810,annotation&nbsp;not&nbsp;available,64.2
421052.F945_00842,F945_00842,Dihydrolipoyllysine-residue&nbsp;succinyltransferase&nbsp;component&nbsp;of&nbsp;2-oxoglutarate&nbsp;dehydrogenase&nbsp;complex,64.2
421052.F945_00515,clpP,ATP-dependent&nbsp;Clp&nbsp;protease&nbsp;proteolytic&nbsp;subunit,64.0
421052.F945_00827,bamD,Outer&nbsp;membrane&nbsp;protein&nbsp;assembly&nbsp;factor&nbsp;BamD,64.0
421052.F945_02251,F945_02251,annotation&nbsp;not&nbsp;available,64.0
421052.F945_03060,pcnB,Poly(A)&nbsp;polymerase&nbsp;I,64.0
421052.F945_01091,F945_01091,annotation&nbsp;not&nbsp;available,63.9
421052.F945_01117,thiE,Thiamine-phosphate&nbsp;synthase,63.9
421052.F945_02946,F945_02946,annotation&nbsp;not&nbsp;available,63.9
421052.F945_03262,F945_03262,Superoxide&nbsp;dismutase&nbsp;[Cu-Zn],63.9
421052.F945_02363,F945_02363,annotation&nbsp;not&nbsp;available,63.8
421052.F945_00262,F945_00262,Threonine&nbsp;synthase,63.8
421052.F945_02031,F945_02031,annotation&nbsp;not&nbsp;available,63.8
421052.F945_01642,F945_01642,annotation&nbsp;not&nbsp;available,63.7
421052.F945_00374,F945_00374,annotation&nbsp;not&nbsp;available,63.6
421052.F945_01657,lptD,LPS-assembly&nbsp;protein&nbsp;LptD,63.6
421052.F945_01491,F945_01491,annotation&nbsp;not&nbsp;available,63.6
421052.F945_00753,F945_00753,annotation&nbsp;not&nbsp;available,63.6
421052.F945_00900,F945_00900,annotation&nbsp;not&nbsp;available,63.5
421052.F945_02398,glnS,annotation&nbsp;not&nbsp;available,63.5
421052.F945_00036,F945_00036,annotation&nbsp;not&nbsp;available,63.4
421052.F945_02868,argB,Acetylglutamate&nbsp;kinase,63.3
421052.F945_02416,F945_02416,annotation&nbsp;not&nbsp;available,63.3
421052.F945_02254,pyrH,Uridylate&nbsp;kinase,63.2
421052.F945_01816,F945_01816,D-methionine&nbsp;transport&nbsp;system&nbsp;ATP-binding&nbsp;protein,63.2
421052.F945_00035,tauB,Taurine&nbsp;import&nbsp;ATP-binding&nbsp;protein&nbsp;TauB,63.2
421052.F945_02397,ruvC,Crossover&nbsp;junction&nbsp;endodeoxyribonuclease&nbsp;RuvC,63.2
421052.F945_00904,carA,annotation&nbsp;not&nbsp;available,63.1
421052.F945_00665,F945_00665,annotation&nbsp;not&nbsp;available,63.1
421052.F945_00255,pepA,Probable&nbsp;cytosol&nbsp;aminopeptidase,63.0
421052.F945_02993,uppP,Undecaprenyl-diphosphatase,62.9
421052.F945_00803,F945_00803,annotation&nbsp;not&nbsp;available,62.8
421052.F945_02458,F945_02458,annotation&nbsp;not&nbsp;available,62.8
421052.F945_02326,glnD,Bifunctional&nbsp;uridylyltransferase/uridylyl-removing&nbsp;enzyme,62.7
421052.F945_02537,F945_02537,annotation&nbsp;not&nbsp;available,62.7
421052.F945_03146,secF,Protein-export&nbsp;membrane&nbsp;protein&nbsp;SecF,62.6
421052.F945_03084,F945_03084,annotation&nbsp;not&nbsp;available,62.6
421052.F945_02333,F945_02333,annotation&nbsp;not&nbsp;available,62.6
421052.F945_01515,F945_01515,annotation&nbsp;not&nbsp;available,62.5
421052.F945_01831,F945_01831,annotation&nbsp;not&nbsp;available,62.5
421052.F945_00363,mraY,Phospho-N-acetylmuramoyl-pentapeptide-transferase,62.5
421052.F945_00996,cysA,Sulfate/thiosulfate&nbsp;import&nbsp;ATP-binding&nbsp;protein&nbsp;CysA,62.5
421052.F945_02421,F945_02421,annotation&nbsp;not&nbsp;available,62.4
421052.F945_02858,F945_02858,annotation&nbsp;not&nbsp;available,62.4
421052.F945_03643,F945_03643,annotation&nbsp;not&nbsp;available,62.4
421052.F945_00045,dnaA,Chromosomal&nbsp;replication&nbsp;initiator&nbsp;protein&nbsp;DnaA,62.3
421052.F945_01283,lptA,Lipopolysaccharide&nbsp;export&nbsp;system&nbsp;protein&nbsp;LptA,62.3
421052.F945_02712,F945_02712,Cell&nbsp;shape-determining&nbsp;protein&nbsp;MreC,62.3
421052.F945_00086,F945_00086,annotation&nbsp;not&nbsp;available,62.3
421052.F945_02762,F945_02762,annotation&nbsp;not&nbsp;available,62.1
421052.F945_03656,F945_03656,annotation&nbsp;not&nbsp;available,62.1
421052.F945_00279,F945_00279,annotation&nbsp;not&nbsp;available,62.0
421052.F945_03334,F945_03334,annotation&nbsp;not&nbsp;available,62.0
421052.F945_01837,F945_01837,annotation&nbsp;not&nbsp;available,61.9
421052.F945_01051,proB,Glutamate&nbsp;5-kinase,61.9
421052.F945_02317,F945_02317,annotation&nbsp;not&nbsp;available,61.8
421052.F945_02389,trmA,tRNA/tmRNA&nbsp;(uracil-C(5))-methyltransferase,61.8
421052.F945_01914,F945_01914,annotation&nbsp;not&nbsp;available,61.7
421052.F945_03111,ilvC,Ketol-acid&nbsp;reductoisomerase&nbsp;(NADP(+)),61.7
421052.F945_03501,F945_03501,annotation&nbsp;not&nbsp;available,61.7
421052.F945_02422,F945_02422,annotation&nbsp;not&nbsp;available,61.7
421052.F945_02069,F945_02069,annotation&nbsp;not&nbsp;available,61.6
421052.F945_02316,F945_02316,annotation&nbsp;not&nbsp;available,61.6
421052.F945_00608,F945_00608,annotation&nbsp;not&nbsp;available,61.6
421052.F945_00918,F945_00918,annotation&nbsp;not&nbsp;available,61.6
421052.F945_01120,F945_01120,annotation&nbsp;not&nbsp;available,61.5
421052.F945_01739,kdpC,Potassium-transporting&nbsp;ATPase&nbsp;KdpC&nbsp;subunit,61.5
421052.F945_02412,F945_02412,annotation&nbsp;not&nbsp;available,61.4
421052.F945_01737,kdpA,Potassium-transporting&nbsp;ATPase&nbsp;potassium-binding&nbsp;subunit,61.4
421052.F945_01811,F945_01811,annotation&nbsp;not&nbsp;available,61.4
421052.F945_00284,atpB,ATP&nbsp;synthase&nbsp;subunit&nbsp;a,61.4
421052.F945_01144,pstB,Phosphate&nbsp;import&nbsp;ATP-binding&nbsp;protein&nbsp;PstB,61.3
421052.F945_01655,hfq,RNA-binding&nbsp;protein&nbsp;Hfq,61.2
421052.F945_00206,F945_00206,annotation&nbsp;not&nbsp;available,61.2
421052.F945_02260,F945_02260,annotation&nbsp;not&nbsp;available,61.2
421052.F945_00760,dut,Deoxyuridine&nbsp;5'-triphosphate&nbsp;nucleotidohydrolase,61.2
421052.F945_03546,F945_03546,annotation&nbsp;not&nbsp;available,61.1
421052.F945_02953,nuoB,NADH-quinone&nbsp;oxidoreductase&nbsp;subunit&nbsp;B,61.0
421052.F945_00462,F945_00462,annotation&nbsp;not&nbsp;available,60.8
421052.F945_02952,nuoC,NADH-quinone&nbsp;oxidoreductase&nbsp;subunit&nbsp;C/D,60.8
421052.F945_01549,F945_01549,annotation&nbsp;not&nbsp;available,60.7
421052.F945_01512,F945_01512,annotation&nbsp;not&nbsp;available,60.7
421052.F945_02271,F945_02271,annotation&nbsp;not&nbsp;available,60.6
421052.F945_01171,F945_01171,annotation&nbsp;not&nbsp;available,60.5
421052.F945_03634,F945_03634,annotation&nbsp;not&nbsp;available,60.5
421052.F945_01268,F945_01268,annotation&nbsp;not&nbsp;available,60.4
421052.F945_00755,acpP,Acyl&nbsp;carrier&nbsp;protein,60.4
421052.F945_00638,F945_00638,annotation&nbsp;not&nbsp;available,60.4
421052.F945_01698,rplI,50S&nbsp;ribosomal&nbsp;protein&nbsp;L9,60.3
421052.F945_00445,rplE,50S&nbsp;ribosomal&nbsp;protein&nbsp;L5,60.3
421052.F945_01453,F945_01453,annotation&nbsp;not&nbsp;available,60.3
421052.F945_01323,F945_01323,annotation&nbsp;not&nbsp;available,60.2
421052.F945_01913,F945_01913,annotation&nbsp;not&nbsp;available,60.1
421052.F945_02695,tsf,Elongation&nbsp;factor&nbsp;Ts,60.1
421052.F945_00968,F945_00968,annotation&nbsp;not&nbsp;available,60.0
421052.F945_03279,F945_03279,annotation&nbsp;not&nbsp;available,60.0
421052.F945_03195,F945_03195,Lipid&nbsp;A&nbsp;biosynthesis&nbsp;lauroyltransferase,59.9
421052.F945_03277,aroE,Shikimate&nbsp;dehydrogenase&nbsp;(NADP(+)),59.9
421052.F945_00143,F945_00143,annotation&nbsp;not&nbsp;available,59.9
421052.F945_03075,F945_03075,annotation&nbsp;not&nbsp;available,59.8
421052.F945_00763,F945_00763,annotation&nbsp;not&nbsp;available,59.8
421052.F945_02586,F945_02586,annotation&nbsp;not&nbsp;available,59.8
421052.F945_02301,recA,Protein&nbsp;RecA,59.8
421052.F945_00919,pckG,Phosphoenolpyruvate&nbsp;carboxykinase&nbsp;[GTP],59.7
421052.F945_01085,F945_01085,annotation&nbsp;not&nbsp;available,59.7
421052.F945_03600,secE,Protein&nbsp;translocase&nbsp;subunit&nbsp;SecE,59.7
421052.F945_03645,F945_03645,annotation&nbsp;not&nbsp;available,59.7
421052.F945_00452,rplO,50S&nbsp;ribosomal&nbsp;protein&nbsp;L15,59.7
421052.F945_01838,F945_01838,annotation&nbsp;not&nbsp;available,59.6
421052.F945_00019,fmt,Methionyl-tRNA&nbsp;formyltransferase,59.6
421052.F945_00668,F945_00668,annotation&nbsp;not&nbsp;available,59.6
421052.F945_00043,recF,DNA&nbsp;replication&nbsp;and&nbsp;repair&nbsp;protein&nbsp;RecF,59.6
421052.F945_00118,dapA,4-hydroxy-tetrahydrodipicolinate&nbsp;synthase,59.5
421052.F945_01088,F945_01088,annotation&nbsp;not&nbsp;available,59.5
421052.F945_00286,atpF,ATP&nbsp;synthase&nbsp;subunit&nbsp;b,59.5
421052.F945_02945,nuoK,NADH-quinone&nbsp;oxidoreductase&nbsp;subunit&nbsp;K,59.4
421052.F945_02882,F945_02882,annotation&nbsp;not&nbsp;available,59.3
421052.F945_02335,F945_02335,annotation&nbsp;not&nbsp;available,59.3
421052.F945_02479,gpsA,annotation&nbsp;not&nbsp;available,59.3
421052.F945_02588,F945_02588,annotation&nbsp;not&nbsp;available,59.3
421052.F945_01631,F945_01631,annotation&nbsp;not&nbsp;available,59.3
421052.F945_03686,ileS,Isoleucine--tRNA&nbsp;ligase,59.2
421052.F945_03544,F945_03544,annotation&nbsp;not&nbsp;available,59.2
421052.F945_02702,F945_02702,Lipoyl&nbsp;synthase,59.1
421052.F945_02123,F945_02123,annotation&nbsp;not&nbsp;available,59.1
421052.F945_01313,F945_01313,annotation&nbsp;not&nbsp;available,59.1
421052.F945_02567,F945_02567,annotation&nbsp;not&nbsp;available,59.1
421052.F945_02299,F945_02299,annotation&nbsp;not&nbsp;available,59.0
421052.F945_01645,F945_01645,annotation&nbsp;not&nbsp;available,59.0
421052.F945_01820,F945_01820,annotation&nbsp;not&nbsp;available,59.0
421052.F945_02154,F945_02154,annotation&nbsp;not&nbsp;available,59.0
421052.F945_01719,ychF,Ribosome-binding&nbsp;ATPase&nbsp;YchF,58.9
421052.F945_00494,thyA,Thymidylate&nbsp;synthase,58.9
421052.F945_01669,F945_01669,annotation&nbsp;not&nbsp;available,58.8
421052.F945_03650,F945_03650,annotation&nbsp;not&nbsp;available,58.6
421052.F945_02325,purT,Formate-dependent&nbsp;phosphoribosylglycinamide&nbsp;formyltransferase,58.6
421052.F945_02529,F945_02529,annotation&nbsp;not&nbsp;available,58.6
421052.F945_00663,F945_00663,annotation&nbsp;not&nbsp;available,58.6
421052.F945_02869,F945_02869,annotation&nbsp;not&nbsp;available,58.5
421052.F945_03512,F945_03512,annotation&nbsp;not&nbsp;available,58.5
421052.F945_00191,ftsZ,Cell&nbsp;division&nbsp;protein&nbsp;FtsZ,58.4
421052.F945_00658,ilvE,Branched-chain-amino-acid&nbsp;aminotransferase,58.4
421052.F945_01133,F945_01133,annotation&nbsp;not&nbsp;available,58.3
421052.F945_01695,F945_01695,Alanine&nbsp;racemase,58.3
421052.F945_00977,F945_00977,annotation&nbsp;not&nbsp;available,58.2
421052.F945_02814,F945_02814,annotation&nbsp;not&nbsp;available,58.2
421052.F945_00769,glyA,Serine&nbsp;hydroxymethyltransferase,58.1
421052.F945_02258,F945_02258,annotation&nbsp;not&nbsp;available,58.0
421052.F945_01745,F945_01745,annotation&nbsp;not&nbsp;available,57.9
421052.F945_02104,F945_02104,annotation&nbsp;not&nbsp;available,57.9
421052.F945_00576,F945_00576,annotation&nbsp;not&nbsp;available,57.9
421052.F945_01989,amiE,Aliphatic&nbsp;amidase,57.7
421052.F945_01899,F945_01899,annotation&nbsp;not&nbsp;available,57.7
421052.F945_01070,F945_01070,annotation&nbsp;not&nbsp;available,57.6
421052.F945_02248,bamA,Outer&nbsp;membrane&nbsp;protein&nbsp;assembly&nbsp;factor&nbsp;BamA,57.6
421052.F945_00234,parC,DNA&nbsp;topoisomerase&nbsp;4&nbsp;subunit&nbsp;A,57.6
421052.F945_00437,rpsS,30S&nbsp;ribosomal&nbsp;protein&nbsp;S19,57.5
421052.F945_00073,dapB,4-hydroxy-tetrahydrodipicolinate&nbsp;reductase,57.5
421052.F945_02338,F945_02338,annotation&nbsp;not&nbsp;available,57.5
421052.F945_00815,F945_00815,"3,4-dihydroxy-2-butanone&nbsp;4-phosphate&nbsp;synthase",57.4
421052.F945_00395,F945_00395,annotation&nbsp;not&nbsp;available,57.3
421052.F945_01447,F945_01447,annotation&nbsp;not&nbsp;available,57.2
421052.F945_02523,F945_02523,annotation&nbsp;not&nbsp;available,57.2
421052.F945_01987,F945_01987,annotation&nbsp;not&nbsp;available,57.2
421052.F945_01994,F945_01994,annotation&nbsp;not&nbsp;available,57.0
421052.F945_01022,F945_01022,annotation&nbsp;not&nbsp;available,57.0
421052.F945_00015,ilvD,annotation&nbsp;not&nbsp;available,57.0
421052.F945_03433,infB,Translation&nbsp;initiation&nbsp;factor&nbsp;IF-2,57.0
421052.F945_02483,F945_02483,annotation&nbsp;not&nbsp;available,57.0
421052.F945_00556,F945_00556,annotation&nbsp;not&nbsp;available,56.9
421052.F945_00488,F945_00488,annotation&nbsp;not&nbsp;available,56.9
421052.F945_00772,F945_00772,annotation&nbsp;not&nbsp;available,56.8
421052.F945_00397,F945_00397,annotation&nbsp;not&nbsp;available,56.8
421052.F945_01635,F945_01635,annotation&nbsp;not&nbsp;available,56.8
421052.F945_00270,ftsW,Probable&nbsp;peptidoglycan&nbsp;glycosyltransferase&nbsp;FtsW,56.7
421052.F945_03602,tuf,Elongation&nbsp;factor&nbsp;Tu,56.7
421052.F945_01084,F945_01084,annotation&nbsp;not&nbsp;available,56.7
421052.F945_03066,F945_03066,annotation&nbsp;not&nbsp;available,56.7
421052.F945_00428,F945_00428,annotation&nbsp;not&nbsp;available,56.6
421052.F945_01023,ahcY,Adenosylhomocysteinase,56.6
421052.F945_00592,accD,Acetyl-coenzyme&nbsp;A&nbsp;carboxylase&nbsp;carboxyl&nbsp;transferase&nbsp;subunit&nbsp;beta,56.4
421052.F945_01452,F945_01452,annotation&nbsp;not&nbsp;available,56.3
421052.F945_02941,upp,Uracil&nbsp;phosphoribosyltransferase,56.3
421052.F945_00005,dnaK,Chaperone&nbsp;protein&nbsp;DnaK,56.3
421052.F945_01298,F945_01298,annotation&nbsp;not&nbsp;available,56.2
421052.F945_00716,F945_00716,annotation&nbsp;not&nbsp;available,56.1
421052.F945_00229,F945_00229,annotation&nbsp;not&nbsp;available,56.1
421052.F945_03007,hisG,ATP&nbsp;phosphoribosyltransferase,56.1
421052.F945_03269,F945_03269,annotation&nbsp;not&nbsp;available,56.1
421052.F945_02070,F945_02070,annotation&nbsp;not&nbsp;available,56.0
421052.F945_01634,F945_01634,annotation&nbsp;not&nbsp;available,55.9
421052.F945_02040,F945_02040,annotation&nbsp;not&nbsp;available,55.9
421052.F945_03462,fadA,3-ketoacyl-CoA&nbsp;thiolase,55.9
421052.F945_01353,F945_01353,annotation&nbsp;not&nbsp;available,55.8
421052.F945_03628,F945_03628,annotation&nbsp;not&nbsp;available,55.8
421052.F945_02340,F945_02340,annotation&nbsp;not&nbsp;available,55.8
421052.F945_02857,sbcD,Nuclease&nbsp;SbcCD&nbsp;subunit&nbsp;D,55.8
421052.F945_00553,rplM,50S&nbsp;ribosomal&nbsp;protein&nbsp;L13,55.7
421052.F945_03542,F945_03542,annotation&nbsp;not&nbsp;available,55.7
421052.F945_01817,F945_01817,annotation&nbsp;not&nbsp;available,55.6
421052.F945_01265,F945_01265,annotation&nbsp;not&nbsp;available,55.6
421052.F945_01824,F945_01824,annotation&nbsp;not&nbsp;available,55.5
421052.F945_03648,F945_03648,annotation&nbsp;not&nbsp;available,55.5
421052.F945_01282,F945_01282,annotation&nbsp;not&nbsp;available,55.5
421052.F945_03115,lptE,LPS-assembly&nbsp;lipoprotein&nbsp;LptE,55.5
421052.F945_03171,F945_03171,annotation&nbsp;not&nbsp;available,55.5
421052.F945_00442,rpsQ,30S&nbsp;ribosomal&nbsp;protein&nbsp;S17,55.4
421052.F945_00173,F945_00173,annotation&nbsp;not&nbsp;available,55.3
421052.F945_00654,F945_00654,annotation&nbsp;not&nbsp;available,55.2
421052.F945_01113,F945_01113,annotation&nbsp;not&nbsp;available,55.2
421052.F945_00362,murF,UDP-N-acetylmuramoyl-tripeptide--D-alanyl-D-alanine&nbsp;ligase,55.1
421052.F945_01456,F945_01456,annotation&nbsp;not&nbsp;available,55.1
421052.F945_02433,gidA,tRNA&nbsp;uridine&nbsp;5-carboxymethylaminomethyl&nbsp;modification&nbsp;enzyme&nbsp;MnmG,55.1
421052.F945_03092,F945_03092,annotation&nbsp;not&nbsp;available,55.0
421052.F945_03249,F945_03249,annotation&nbsp;not&nbsp;available,55.0
421052.F945_00976,ruvA,Holliday&nbsp;junction&nbsp;ATP-dependent&nbsp;DNA&nbsp;helicase&nbsp;RuvA,55.0
421052.F945_01653,mutL,DNA&nbsp;mismatch&nbsp;repair&nbsp;protein&nbsp;MutL,55.0
421052.F945_01911,F945_01911,annotation&nbsp;not&nbsp;available,54.9
421052.F945_03588,F945_03588,annotation&nbsp;not&nbsp;available,54.9
421052.F945_03556,F945_03556,annotation&nbsp;not&nbsp;available,54.9
421052.F945_03635,argS,annotation&nbsp;not&nbsp;available,54.8
421052.F945_00355,gltX,Glutamate--tRNA&nbsp;ligase,54.8
421052.F945_01121,F945_01121,annotation&nbsp;not&nbsp;available,54.7
421052.F945_03548,F945_03548,annotation&nbsp;not&nbsp;available,54.7
421052.F945_00972,F945_00972,annotation&nbsp;not&nbsp;available,54.7
421052.F945_01162,rpmE,50S&nbsp;ribosomal&nbsp;protein&nbsp;L31,54.7
421052.F945_03607,trpE,Anthranilate&nbsp;synthase&nbsp;component&nbsp;1,54.5
421052.F945_03055,F945_03055,annotation&nbsp;not&nbsp;available,54.5
421052.F945_01999,F945_01999,annotation&nbsp;not&nbsp;available,54.5
421052.F945_03157,ndk,Nucleoside&nbsp;diphosphate&nbsp;kinase,54.5
421052.F945_00789,F945_00789,annotation&nbsp;not&nbsp;available,54.5
421052.F945_00344,rpoZ,DNA-directed&nbsp;RNA&nbsp;polymerase&nbsp;subunit&nbsp;omega,54.5
421052.F945_02420,F945_02420,annotation&nbsp;not&nbsp;available,54.4
421052.F945_02159,F945_02159,annotation&nbsp;not&nbsp;available,54.3
421052.F945_01218,F945_01218,annotation&nbsp;not&nbsp;available,54.2
421052.F945_03673,rph,Ribonuclease&nbsp;PH,54.2
421052.F945_00432,rpsJ,30S&nbsp;ribosomal&nbsp;protein&nbsp;S10,54.0
421052.F945_01507,F945_01507,annotation&nbsp;not&nbsp;available,53.9
421052.F945_02954,nuoA,NADH-quinone&nbsp;oxidoreductase&nbsp;subunit&nbsp;A,53.9
421052.F945_02056,F945_02056,annotation&nbsp;not&nbsp;available,53.9
421052.F945_01829,F945_01829,annotation&nbsp;not&nbsp;available,53.8
421052.F945_02494,aroA,3-phosphoshikimate&nbsp;1-carboxyvinyltransferase,53.8
421052.F945_03159,F945_03159,annotation&nbsp;not&nbsp;available,53.8
421052.F945_02696,rpsB,annotation&nbsp;not&nbsp;available,53.7
421052.F945_02086,F945_02086,Transketolase,53.7
421052.F945_00381,F945_00381,annotation&nbsp;not&nbsp;available,53.7
421052.F945_01564,F945_01564,annotation&nbsp;not&nbsp;available,53.7
421052.F945_01490,F945_01490,annotation&nbsp;not&nbsp;available,53.7
421052.F945_03069,F945_03069,annotation&nbsp;not&nbsp;available,53.6
421052.F945_03515,F945_03515,annotation&nbsp;not&nbsp;available,53.6
421052.F945_03040,himA,Integration&nbsp;host&nbsp;factor&nbsp;subunit&nbsp;alpha,53.6
421052.F945_02125,F945_02125,annotation&nbsp;not&nbsp;available,53.6
421052.F945_03004,F945_03004,annotation&nbsp;not&nbsp;available,53.4
421052.F945_02835,F945_02835,annotation&nbsp;not&nbsp;available,53.3
421052.F945_02701,F945_02701,annotation&nbsp;not&nbsp;available,53.3
421052.F945_02769,F945_02769,annotation&nbsp;not&nbsp;available,53.3
421052.F945_01720,F945_01720,annotation&nbsp;not&nbsp;available,53.3
421052.F945_01733,F945_01733,annotation&nbsp;not&nbsp;available,53.3
421052.F945_03299,F945_03299,annotation&nbsp;not&nbsp;available,53.2
421052.F945_03030,F945_03030,annotation&nbsp;not&nbsp;available,53.2
421052.F945_03050,F945_03050,annotation&nbsp;not&nbsp;available,53.2
421052.F945_00952,F945_00952,annotation&nbsp;not&nbsp;available,53.2
421052.F945_02449,F945_02449,annotation&nbsp;not&nbsp;available,53.2
421052.F945_03517,F945_03517,annotation&nbsp;not&nbsp;available,53.2
421052.F945_03440,tpiA,Triosephosphate&nbsp;isomerase,53.2
421052.F945_00441,rpmC,annotation&nbsp;not&nbsp;available,53.1
421052.F945_02957,fusA,Elongation&nbsp;factor&nbsp;G,53.1
421052.F945_03198,asd,Aspartate-semialdehyde&nbsp;dehydrogenase,53.1
421052.F945_02990,F945_02990,S-formylglutathione&nbsp;hydrolase,53.0
421052.F945_00402,hisIE,annotation&nbsp;not&nbsp;available,52.9
421052.F945_01784,F945_01784,annotation&nbsp;not&nbsp;available,52.8
421052.F945_00832,F945_00832,annotation&nbsp;not&nbsp;available,52.6
421052.F945_03058,panB,3-methyl-2-oxobutanoate&nbsp;hydroxymethyltransferase,52.6
421052.F945_00446,rpsN,30S&nbsp;ribosomal&nbsp;protein&nbsp;S14,52.6
421052.F945_01825,F945_01825,annotation&nbsp;not&nbsp;available,52.5
421052.F945_02142,F945_02142,Inorganic&nbsp;pyrophosphatase,52.5
421052.F945_03530,F945_03530,annotation&nbsp;not&nbsp;available,52.5
421052.F945_03514,F945_03514,annotation&nbsp;not&nbsp;available,52.5
421052.F945_00247,nrdR,Transcriptional&nbsp;repressor&nbsp;NrdR,52.4
421052.F945_03320,F945_03320,annotation&nbsp;not&nbsp;available,52.4
421052.F945_01716,F945_01716,annotation&nbsp;not&nbsp;available,52.2
421052.F945_03062,F945_03062,annotation&nbsp;not&nbsp;available,52.2
421052.F945_01537,phnW,2-aminoethylphosphonate--pyruvate&nbsp;transaminase,52.2
421052.F945_01738,kdpB,Potassium-transporting&nbsp;ATPase&nbsp;ATP-binding&nbsp;subunit,52.1
421052.F945_02401,F945_02401,annotation&nbsp;not&nbsp;available,52.1
421052.F945_03306,F945_03306,annotation&nbsp;not&nbsp;available,52.1
421052.F945_01011,pdxB,Erythronate-4-phosphate&nbsp;dehydrogenase,52.0
421052.F945_00500,tatC,Sec-independent&nbsp;protein&nbsp;translocase&nbsp;protein&nbsp;TatC,52.0
421052.F945_00267,F945_00267,annotation&nbsp;not&nbsp;available,52.0
421052.F945_00434,rplD,50S&nbsp;ribosomal&nbsp;protein&nbsp;L4,51.9
421052.F945_02819,F945_02819,annotation&nbsp;not&nbsp;available,51.9
421052.F945_01046,F945_01046,annotation&nbsp;not&nbsp;available,51.8
421052.F945_00148,F945_00148,annotation&nbsp;not&nbsp;available,51.8
421052.F945_00285,atpE,ATP&nbsp;synthase&nbsp;subunit&nbsp;c,51.7
421052.F945_01357,trpD,Anthranilate&nbsp;phosphoribosyltransferase,51.7
421052.F945_02705,F945_02705,annotation&nbsp;not&nbsp;available,51.6
421052.F945_00104,psd,Phosphatidylserine&nbsp;decarboxylase&nbsp;proenzyme,51.6
421052.F945_02372,pyrG,CTP&nbsp;synthase,51.6
421052.F945_00282,F945_00282,annotation&nbsp;not&nbsp;available,51.5
421052.F945_03236,rne,Ribonuclease&nbsp;E,51.4
421052.F945_02731,mtgA,Biosynthetic&nbsp;peptidoglycan&nbsp;transglycosylase,51.4
421052.F945_00975,ruvB,Holliday&nbsp;junction&nbsp;ATP-dependent&nbsp;DNA&nbsp;helicase&nbsp;RuvB,51.3
421052.F945_00888,F945_00888,annotation&nbsp;not&nbsp;available,51.3
421052.F945_03458,uvrC,UvrABC&nbsp;system&nbsp;protein&nbsp;C,51.3
421052.F945_01325,F945_01325,annotation&nbsp;not&nbsp;available,51.1
421052.F945_02723,F945_02723,annotation&nbsp;not&nbsp;available,51.1
421052.F945_03596,rplJ,50S&nbsp;ribosomal&nbsp;protein&nbsp;L10,51.1
421052.F945_03102,F945_03102,annotation&nbsp;not&nbsp;available,51.1
421052.F945_01101,pyrC,Dihydroorotase,51.0
421052.F945_03617,F945_03617,annotation&nbsp;not&nbsp;available,51.0
