202955.BBND01000012_gene653,pyrE,Orotate&nbsp;phosphoribosyltransferase,98.8
202955.BBND01000018_gene1786,cpdA,"3',5'-cyclic&nbsp;adenosine&nbsp;monophosphate&nbsp;phosphodiesterase&nbsp;CpdA",98.8
202955.BBND01000001_gene1413,F990_00010,annotation&nbsp;not&nbsp;available,98.8
202955.BBND01000003_gene897,F990_02512,annotation&nbsp;not&nbsp;available,98.8
202955.BBND01000016_gene1460,F990_01142,annotation&nbsp;not&nbsp;available,98.8
202955.BBND01000027_gene3170,F990_02923,annotation&nbsp;not&nbsp;available,98.7
202955.BBND01000003_gene929,F990_02545,annotation&nbsp;not&nbsp;available,98.7
202955.BBND01000012_gene669,F990_03165,annotation&nbsp;not&nbsp;available,98.7
202955.BBND01000020_gene2569,F990_01861,annotation&nbsp;not&nbsp;available,98.6
202955.BBND01000025_gene3237,F990_02145,annotation&nbsp;not&nbsp;available,98.6
202955.BBND01000007_gene2615,F990_00709,annotation&nbsp;not&nbsp;available,98.5
202955.BBND01000005_gene248,F990_02475,annotation&nbsp;not&nbsp;available,98.5
202955.BBND01000003_gene789,F990_00770,annotation&nbsp;not&nbsp;available,98.3
202955.BBND01000002_gene518,purN,Phosphoribosylglycinamide&nbsp;formyltransferase,98.3
202955.BBND01000018_gene1770,F990_01501,annotation&nbsp;not&nbsp;available,98.1
202955.BBND01000013_gene1123,F990_02292,annotation&nbsp;not&nbsp;available,98.0
202955.BBND01000003_gene791,ndk,Nucleoside&nbsp;diphosphate&nbsp;kinase,98.0
202955.BBND01000015_gene1650,rplN,50S&nbsp;ribosomal&nbsp;protein&nbsp;L14,97.9
202955.BBND01000007_gene2690,F990_00633,annotation&nbsp;not&nbsp;available,97.8
202955.BBND01000007_gene2724,F990_03353,annotation&nbsp;not&nbsp;available,97.7
202955.BBND01000004_gene184,xpt,Xanthine&nbsp;phosphoribosyltransferase,97.6
202955.BBND01000002_gene571,F990_00903,annotation&nbsp;not&nbsp;available,97.5
202955.BBND01000003_gene957,gatA,Glutamyl-tRNA(Gln)&nbsp;amidotransferase&nbsp;subunit&nbsp;A,97.4
202955.BBND01000004_gene5,rplJ,50S&nbsp;ribosomal&nbsp;protein&nbsp;L10,97.4
202955.BBND01000009_gene2045,rph,Ribonuclease&nbsp;PH,97.3
202955.BBND01000016_gene1438,F990_01165,annotation&nbsp;not&nbsp;available,97.3
202955.BBND01000006_gene2797,ffh,Signal&nbsp;recognition&nbsp;particle&nbsp;protein,97.3
202955.BBND01000004_gene106,F990_01304,annotation&nbsp;not&nbsp;available,97.2
202955.BBND01000002_gene500,gyrA,DNA&nbsp;gyrase&nbsp;subunit&nbsp;A,97.2
202955.BBND01000002_gene621,cysN,Sulfate&nbsp;adenylyltransferase&nbsp;subunit&nbsp;1,97.2
202955.BBND01000008_gene2086,F990_02641,Molybdenum&nbsp;cofactor&nbsp;guanylyltransferase,97.1
202955.BBND01000002_gene634,F990_00971,annotation&nbsp;not&nbsp;available,97.1
202955.BBND01000001_gene1190,F990_02414,annotation&nbsp;not&nbsp;available,97.0
202955.BBND01000003_gene854,F990_00839,annotation&nbsp;not&nbsp;available,97.0
202955.BBND01000016_gene1441,F990_01161,annotation&nbsp;not&nbsp;available,96.9
202955.BBND01000003_gene903,F990_02518,annotation&nbsp;not&nbsp;available,96.8
202955.BBND01000002_gene573,tmk,Thymidylate&nbsp;kinase,96.8
202955.BBND01000003_gene928,F990_02544,annotation&nbsp;not&nbsp;available,96.6
202955.BBND01000005_gene358,F990_00504,annotation&nbsp;not&nbsp;available,96.6
202955.BBND01000012_gene700,ribH,"6,7-dimethyl-8-ribityllumazine&nbsp;synthase",96.6
202955.BBND01000001_gene1199,adk,Adenylate&nbsp;kinase,96.5
202955.BBND01000003_gene805,secD,Protein&nbsp;translocase&nbsp;subunit&nbsp;SecD,96.5
202955.BBND01000014_gene1034,F990_01024,annotation&nbsp;not&nbsp;available,96.4
202955.BBND01000012_gene671,F990_03163,annotation&nbsp;not&nbsp;available,96.3
202955.BBND01000017_gene1551,F990_01409,30S&nbsp;ribosomal&nbsp;protein&nbsp;S1,96.3
202955.BBND01000013_gene1097,thrB,annotation&nbsp;not&nbsp;available,96.0
202955.BBND01000006_gene2739,hemA,Glutamyl-tRNA&nbsp;reductase,96.0
202955.BBND01000016_gene1503,metZ,O-succinylhomoserine&nbsp;sulfhydrylase,96.0
202955.BBND01000022_gene3010,nagZ,Beta-hexosaminidase,96.0
202955.BBND01000007_gene2626,recA,Protein&nbsp;RecA,95.9
202955.BBND01000003_gene850,F990_00836,annotation&nbsp;not&nbsp;available,95.9
202955.BBND01000014_gene1068,F990_00989,annotation&nbsp;not&nbsp;available,95.8
202955.BBND01000002_gene514,F990_00213,annotation&nbsp;not&nbsp;available,95.8
202955.BBND01000012_gene748,dapB,4-hydroxy-tetrahydrodipicolinate&nbsp;reductase,95.8
202955.BBND01000001_gene1208,F990_02396,annotation&nbsp;not&nbsp;available,95.6
202955.BBND01000011_gene2220,F990_01994,annotation&nbsp;not&nbsp;available,95.6
202955.BBND01000009_gene1985,guaA,GMP&nbsp;synthase&nbsp;[glutamine-hydrolyzing],95.6
202955.BBND01000002_gene511,F990_00216,annotation&nbsp;not&nbsp;available,95.5
202955.BBND01000007_gene2707,purA,Adenylosuccinate&nbsp;synthetase,95.4
202955.BBND01000013_gene1166,F990_02744,Bacterioferritin,95.4
202955.BBND01000010_gene2376,F990_02829,annotation&nbsp;not&nbsp;available,95.3
202955.BBND01000018_gene1825,ppa,Inorganic&nbsp;pyrophosphatase,95.2
202955.BBND01000017_gene1532,fumC,Fumarate&nbsp;hydratase&nbsp;class&nbsp;II,95.2
202955.BBND01000005_gene368,F990_00494,annotation&nbsp;not&nbsp;available,95.1
202955.BBND01000002_gene550,F990_00882,annotation&nbsp;not&nbsp;available,95.0
202955.BBND01000001_gene1360,rpoD,RNA&nbsp;polymerase&nbsp;sigma&nbsp;factor&nbsp;RpoD,95.0
202955.BBND01000010_gene2379,gloB,Hydroxyacylglutathione&nbsp;hydrolase,95.0
202955.BBND01000025_gene3255,yidC,Membrane&nbsp;protein&nbsp;insertase&nbsp;YidC,94.9
202955.BBND01000001_gene1202,mrdA,"Peptidoglycan&nbsp;D,D-transpeptidase&nbsp;MrdA",94.9
202955.BBND01000015_gene1733,F990_03252,annotation&nbsp;not&nbsp;available,94.8
202955.BBND01000010_gene2347,F990_03141,Lactoylglutathione&nbsp;lyase,94.8
202955.BBND01000005_gene231,macB,Macrolide&nbsp;export&nbsp;ATP-binding/permease&nbsp;protein&nbsp;MacB,94.5
202955.BBND01000013_gene1115,F990_02284,annotation&nbsp;not&nbsp;available,94.5
202955.BBND01000007_gene2603,gpsA,annotation&nbsp;not&nbsp;available,94.5
202955.BBND01000007_gene2706,F990_00617,annotation&nbsp;not&nbsp;available,94.5
202955.BBND01000003_gene832,F990_00816,dTDP-4-dehydrorhamnose&nbsp;reductase,94.5
202955.BBND01000013_gene1154,aroB,3-dehydroquinate&nbsp;synthase,94.4
202955.BBND01000023_gene3076,pckG,Phosphoenolpyruvate&nbsp;carboxykinase&nbsp;[GTP],94.3
202955.BBND01000011_gene2283,F990_01929,annotation&nbsp;not&nbsp;available,94.2
202955.BBND01000003_gene966,F990_02106,"5'-adenylylsulfate&nbsp;reductase,&nbsp;thioredoxin-independent",94.1
202955.BBND01000001_gene1379,rplU,50S&nbsp;ribosomal&nbsp;protein&nbsp;L21,94.1
202955.BBND01000010_gene2352,surE,5'-nucleotidase&nbsp;SurE,94.1
202955.BBND01000009_gene1951,F990_00345,Peptide&nbsp;deformylase,94.1
202955.BBND01000015_gene1694,aroE,Shikimate&nbsp;dehydrogenase&nbsp;(NADP(+)),94.1
202955.BBND01000017_gene1554,pyrF,Orotidine&nbsp;5'-phosphate&nbsp;decarboxylase,94.0
202955.BBND01000006_gene2757,F990_02196,Acyl&nbsp;carrier&nbsp;protein,94.0
202955.BBND01000006_gene2752,F990_02191,annotation&nbsp;not&nbsp;available,94.0
202955.BBND01000005_gene222,F990_02448,Glutaredoxin,93.9
202955.BBND01000015_gene1660,rplC,50S&nbsp;ribosomal&nbsp;protein&nbsp;L3,93.9
202955.BBND01000010_gene2404,trpC,annotation&nbsp;not&nbsp;available,93.9
202955.BBND01000002_gene495,F990_00232,annotation&nbsp;not&nbsp;available,93.8
202955.BBND01000023_gene3090,F990_02658,annotation&nbsp;not&nbsp;available,93.8
202955.BBND01000018_gene1801,F990_01533,annotation&nbsp;not&nbsp;available,93.8
202955.BBND01000003_gene931,F990_02065,annotation&nbsp;not&nbsp;available,93.6
202955.BBND01000001_gene1248,F990_00177,annotation&nbsp;not&nbsp;available,93.6
202955.BBND01000003_gene912,F990_02528,annotation&nbsp;not&nbsp;available,93.6
202955.BBND01000012_gene692,F990_01671,annotation&nbsp;not&nbsp;available,93.6
202955.BBND01000009_gene2020,pgi,annotation&nbsp;not&nbsp;available,93.6
202955.BBND01000002_gene464,F990_00262,annotation&nbsp;not&nbsp;available,93.5
202955.BBND01000016_gene1461,F990_01141,annotation&nbsp;not&nbsp;available,93.4
202955.BBND01000018_gene1840,F990_01571,annotation&nbsp;not&nbsp;available,93.4
202955.BBND01000015_gene1722,F990_02943,annotation&nbsp;not&nbsp;available,93.4
202955.BBND01000006_gene2770,F990_02209,annotation&nbsp;not&nbsp;available,93.3
202955.BBND01000005_gene339,F990_00523,annotation&nbsp;not&nbsp;available,93.3
202955.BBND01000007_gene2725,F990_03354,annotation&nbsp;not&nbsp;available,93.3
202955.BBND01000013_gene1124,F990_02293,annotation&nbsp;not&nbsp;available,93.2
202955.BBND01000007_gene2658,F990_00666,annotation&nbsp;not&nbsp;available,93.2
202955.BBND01000015_gene1648,rplE,50S&nbsp;ribosomal&nbsp;protein&nbsp;L5,93.2
202955.BBND01000015_gene1734,F990_03251,annotation&nbsp;not&nbsp;available,93.2
202955.BBND01000005_gene341,F990_00521,annotation&nbsp;not&nbsp;available,93.1
202955.BBND01000016_gene1468,F990_01134,annotation&nbsp;not&nbsp;available,93.0
202955.BBND01000007_gene2595,F990_00729,Undecaprenyl-diphosphatase,92.9
202955.BBND01000001_gene1344,F990_00080,annotation&nbsp;not&nbsp;available,92.9
202955.BBND01000006_gene2872,argJ,Arginine&nbsp;biosynthesis&nbsp;bifunctional&nbsp;protein&nbsp;ArgJ,92.8
202955.BBND01000007_gene2713,F990_00610,annotation&nbsp;not&nbsp;available,92.7
202955.BBND01000007_gene2648,F990_00676,Transaldolase,92.7
202955.BBND01000003_gene926,F990_02542,annotation&nbsp;not&nbsp;available,92.7
202955.BBND01000004_gene63,F990_01346,annotation&nbsp;not&nbsp;available,92.6
202955.BBND01000008_gene2088,F990_02639,annotation&nbsp;not&nbsp;available,92.6
202955.BBND01000027_gene3168,glyA,Serine&nbsp;hydroxymethyltransferase,92.4
202955.BBND01000013_gene1137,gltX,Glutamate--tRNA&nbsp;ligase,92.3
202955.BBND01000002_gene396,groL,60&nbsp;kDa&nbsp;chaperonin,92.2
202955.BBND01000001_gene1228,thiE,Thiamine-phosphate&nbsp;synthase,92.2
202955.BBND01000022_gene3062,F990_03333,annotation&nbsp;not&nbsp;available,92.2
202955.BBND01000002_gene462,F990_00264,annotation&nbsp;not&nbsp;available,92.1
202955.BBND01000017_gene1534,F990_01392,annotation&nbsp;not&nbsp;available,91.8
202955.BBND01000006_gene2745,rplY,50S&nbsp;ribosomal&nbsp;protein&nbsp;L25,91.8
202955.BBND01000022_gene3033,tatA,Sec-independent&nbsp;protein&nbsp;translocase&nbsp;protein&nbsp;TatA,91.8
202955.BBND01000003_gene782,rpsI,annotation&nbsp;not&nbsp;available,91.8
202955.BBND01000001_gene1210,pstB,Phosphate&nbsp;import&nbsp;ATP-binding&nbsp;protein&nbsp;PstB,91.8
202955.BBND01000012_gene676,gshA,annotation&nbsp;not&nbsp;available,91.7
202955.BBND01000012_gene739,F990_01622,annotation&nbsp;not&nbsp;available,91.7
202955.BBND01000009_gene1999,dadA,D-amino&nbsp;acid&nbsp;dehydrogenase,91.7
202955.BBND01000005_gene333,F990_00529,annotation&nbsp;not&nbsp;available,91.7
202955.BBND01000010_gene2412,F990_02867,annotation&nbsp;not&nbsp;available,91.7
202955.BBND01000015_gene1664,F990_03082,annotation&nbsp;not&nbsp;available,91.7
202955.BBND01000010_gene2420,F990_02876,annotation&nbsp;not&nbsp;available,91.5
202955.BBND01000001_gene1213,F990_02391,annotation&nbsp;not&nbsp;available,91.5
202955.BBND01000010_gene2401,F990_02856,annotation&nbsp;not&nbsp;available,91.4
202955.BBND01000027_gene3150,F990_03531,annotation&nbsp;not&nbsp;available,91.4
202955.BBND01000018_gene1802,F990_01534,annotation&nbsp;not&nbsp;available,91.2
202955.BBND01000005_gene240,F990_02466,annotation&nbsp;not&nbsp;available,91.1
202955.BBND01000004_gene77,F990_01332,annotation&nbsp;not&nbsp;available,91.1
202955.BBND01000028_gene3195,F990_03423,annotation&nbsp;not&nbsp;available,91.0
202955.BBND01000010_gene2374,F990_02831,annotation&nbsp;not&nbsp;available,91.0
202955.BBND01000018_gene1788,gluQ,Glutamyl-Q&nbsp;tRNA(Asp)&nbsp;synthetase,91.0
202955.BBND01000013_gene1114,F990_02283,annotation&nbsp;not&nbsp;available,90.9
202955.BBND01000008_gene2158,gcvH,Glycine&nbsp;cleavage&nbsp;system&nbsp;H&nbsp;protein,90.9
202955.BBND01000024_gene3283,F990_02011,annotation&nbsp;not&nbsp;available,90.8
202955.BBND01000029_gene1864,F990_03407,annotation&nbsp;not&nbsp;available,90.8
202955.BBND01000008_gene2118,F990_02610,annotation&nbsp;not&nbsp;available,90.7
202955.BBND01000006_gene2771,F990_02210,annotation&nbsp;not&nbsp;available,90.6
202955.BBND01000003_gene974,F990_02114,annotation&nbsp;not&nbsp;available,90.6
202955.BBND01000016_gene1425,F990_01179,annotation&nbsp;not&nbsp;available,90.6
202955.BBND01000011_gene2310,F990_02999,annotation&nbsp;not&nbsp;available,90.6
202955.BBND01000012_gene705,glmS,Glutamine--fructose-6-phosphate&nbsp;aminotransferase&nbsp;[isomerizing],90.4
202955.BBND01000012_gene670,F990_03164,annotation&nbsp;not&nbsp;available,90.4
202955.BBND01000020_gene2542,uvrA,UvrABC&nbsp;system&nbsp;protein&nbsp;A,90.2
202955.BBND01000022_gene3057,F990_03339,annotation&nbsp;not&nbsp;available,90.1
202955.BBND01000006_gene2840,F990_01217,annotation&nbsp;not&nbsp;available,90.1
202955.BBND01000002_gene395,groS,10&nbsp;kDa&nbsp;chaperonin,90.1
202955.BBND01000008_gene2096,F990_02632,annotation&nbsp;not&nbsp;available,90.0
202955.BBND01000009_gene2056,argA,annotation&nbsp;not&nbsp;available,90.0
202955.BBND01000004_gene1,secE,Protein&nbsp;translocase&nbsp;subunit&nbsp;SecE,90.0
202955.BBND01000003_gene978,F990_02118,annotation&nbsp;not&nbsp;available,89.8
202955.BBND01000004_gene172,rpmB,annotation&nbsp;not&nbsp;available,89.7
202955.BBND01000019_gene2508,F990_01687,annotation&nbsp;not&nbsp;available,89.6
202955.BBND01000002_gene598,uvrB,UvrABC&nbsp;system&nbsp;protein&nbsp;B,89.6
202955.BBND01000019_gene2498,F990_01698,annotation&nbsp;not&nbsp;available,89.6
202955.BBND01000018_gene1767,trpE,Anthranilate&nbsp;synthase&nbsp;component&nbsp;1,89.5
202955.BBND01000011_gene2277,rpsU,annotation&nbsp;not&nbsp;available,89.5
202955.BBND01000025_gene3238,F990_02146,annotation&nbsp;not&nbsp;available,89.4
202955.BBND01000007_gene2691,F990_00632,annotation&nbsp;not&nbsp;available,89.4
202955.BBND01000001_gene1348,F990_00076,annotation&nbsp;not&nbsp;available,89.3
202955.BBND01000007_gene2688,F990_00635,Phosphoenolpyruvate&nbsp;synthase,89.2
202955.BBND01000001_gene1342,sucD,Succinate--CoA&nbsp;ligase&nbsp;[ADP-forming]&nbsp;subunit&nbsp;alpha,89.2
202955.BBND01000002_gene570,F990_00902,annotation&nbsp;not&nbsp;available,89.1
202955.BBND01000003_gene863,trpF,annotation&nbsp;not&nbsp;available,89.1
202955.BBND01000030_gene1927,F990_00738,annotation&nbsp;not&nbsp;available,89.1
202955.BBND01000015_gene1640,secY,Protein&nbsp;translocase&nbsp;subunit&nbsp;SecY,89.1
202955.BBND01000015_gene1658,rplW,50S&nbsp;ribosomal&nbsp;protein&nbsp;L23,88.9
202955.BBND01000004_gene145,leuD,3-isopropylmalate&nbsp;dehydratase&nbsp;small&nbsp;subunit,88.9
202955.BBND01000011_gene2292,F990_02980,annotation&nbsp;not&nbsp;available,88.8
202955.BBND01000017_gene1588,F990_01448,annotation&nbsp;not&nbsp;available,88.7
202955.BBND01000004_gene65,F990_01344,annotation&nbsp;not&nbsp;available,88.7
202955.BBND01000032_gene1922,F990_03413,annotation&nbsp;not&nbsp;available,88.6
202955.BBND01000003_gene889,F990_02504,annotation&nbsp;not&nbsp;available,88.5
202955.BBND01000009_gene2061,ssuB,Aliphatic&nbsp;sulfonates&nbsp;import&nbsp;ATP-binding&nbsp;protein&nbsp;SsuB,88.4
202955.BBND01000007_gene2674,F990_00650,annotation&nbsp;not&nbsp;available,88.4
202955.BBND01000009_gene2059,ssuD,Alkanesulfonate&nbsp;monooxygenase,88.4
202955.BBND01000019_gene2473,F990_01723,annotation&nbsp;not&nbsp;available,88.4
202955.BBND01000006_gene2851,F990_01228,annotation&nbsp;not&nbsp;available,88.3
202955.BBND01000014_gene1051,hutG,Formimidoylglutamase,88.2
202955.BBND01000015_gene1681,F990_03065,annotation&nbsp;not&nbsp;available,88.0
202955.BBND01000009_gene1978,F990_00372,annotation&nbsp;not&nbsp;available,88.0
202955.BBND01000010_gene2413,pyrC,Dihydroorotase,87.9
202955.BBND01000021_gene2907,F990_03277,annotation&nbsp;not&nbsp;available,87.9
202955.BBND01000001_gene1191,F990_02413,Uncharacterized&nbsp;protein,87.9
202955.BBND01000013_gene1113,F990_02282,annotation&nbsp;not&nbsp;available,87.9
202955.BBND01000006_gene2807,dcd,annotation&nbsp;not&nbsp;available,87.9
202955.BBND01000012_gene668,F990_03166,annotation&nbsp;not&nbsp;available,87.8
202955.BBND01000018_gene1815,nrdR,Transcriptional&nbsp;repressor&nbsp;NrdR,87.8
202955.BBND01000018_gene1768,F990_01499,annotation&nbsp;not&nbsp;available,87.8
202955.BBND01000004_gene87,F990_01322,annotation&nbsp;not&nbsp;available,87.7
202955.BBND01000018_gene1807,F990_01539,annotation&nbsp;not&nbsp;available,87.7
202955.BBND01000026_gene3374,F990_02348,annotation&nbsp;not&nbsp;available,87.7
202955.BBND01000017_gene1607,F990_01466,Phospho-2-dehydro-3-deoxyheptonate&nbsp;aldolase,87.6
202955.BBND01000015_gene1656,rpsS,30S&nbsp;ribosomal&nbsp;protein&nbsp;S19,87.6
202955.BBND01000004_gene83,rpsO,30S&nbsp;ribosomal&nbsp;protein&nbsp;S15,87.5
202955.BBND01000004_gene200,F990_01762,annotation&nbsp;not&nbsp;available,87.4
202955.BBND01000001_gene1364,lipB,Octanoyltransferase,87.3
202955.BBND01000015_gene1703,glyQ,annotation&nbsp;not&nbsp;available,87.3
202955.BBND01000024_gene3308,F990_02036,annotation&nbsp;not&nbsp;available,87.2
202955.BBND01000010_gene2381,ahcY,Adenosylhomocysteinase,87.2
202955.BBND01000031_gene1915,hisC,annotation&nbsp;not&nbsp;available,87.2
202955.BBND01000019_gene2503,F990_01693,2-dehydropantoate&nbsp;2-reductase,87.1
202955.BBND01000018_gene1806,F990_01538,annotation&nbsp;not&nbsp;available,87.0
202955.BBND01000001_gene1214,F990_02390,annotation&nbsp;not&nbsp;available,87.0
202955.BBND01000019_gene2501,F990_01695,annotation&nbsp;not&nbsp;available,87.0
202955.BBND01000019_gene2483,F990_01713,annotation&nbsp;not&nbsp;available,87.0
202955.BBND01000001_gene1372,cysG,Siroheme&nbsp;synthase,86.9
202955.BBND01000020_gene2575,ftsZ,Cell&nbsp;division&nbsp;protein&nbsp;FtsZ,86.9
202955.BBND01000015_gene1678,F990_03068,annotation&nbsp;not&nbsp;available,86.9
202955.BBND01000001_gene1402,F990_00021,annotation&nbsp;not&nbsp;available,86.8
202955.BBND01000004_gene129,F990_01833,annotation&nbsp;not&nbsp;available,86.8
202955.BBND01000002_gene394,F990_00331,annotation&nbsp;not&nbsp;available,86.7
202955.BBND01000006_gene2760,F990_02199,annotation&nbsp;not&nbsp;available,86.7
202955.BBND01000013_gene1172,ispH,4-hydroxy-3-methylbut-2-enyl&nbsp;diphosphate&nbsp;reductase,86.6
202955.BBND01000004_gene84,pnp,Polyribonucleotide&nbsp;nucleotidyltransferase,86.6
202955.BBND01000024_gene3282,F990_02009,annotation&nbsp;not&nbsp;available,86.6
202955.BBND01000025_gene3230,F990_02138,annotation&nbsp;not&nbsp;available,86.5
202955.BBND01000026_gene3378,F990_02352,annotation&nbsp;not&nbsp;available,86.4
202955.BBND01000002_gene455,F990_00271,annotation&nbsp;not&nbsp;available,86.4
202955.BBND01000017_gene1527,F990_01385,Sulfurtransferase,86.4
202955.BBND01000014_gene1044,F990_01014,annotation&nbsp;not&nbsp;available,86.3
202955.BBND01000001_gene1245,F990_00180,annotation&nbsp;not&nbsp;available,86.3
202955.BBND01000011_gene2230,F990_01984,annotation&nbsp;not&nbsp;available,86.3
202955.BBND01000022_gene3064,F990_03332,annotation&nbsp;not&nbsp;available,86.3
202955.BBND01000009_gene2035,F990_00433,annotation&nbsp;not&nbsp;available,86.1
202955.BBND01000006_gene2871,nadA,Quinolinate&nbsp;synthase&nbsp;A,86.0
202955.BBND01000004_gene8,rpoC,DNA-directed&nbsp;RNA&nbsp;polymerase&nbsp;subunit&nbsp;beta',85.8
202955.BBND01000015_gene1641,rplO,50S&nbsp;ribosomal&nbsp;protein&nbsp;L15,85.7
202955.BBND01000023_gene3087,F990_03551,annotation&nbsp;not&nbsp;available,85.7
202955.BBND01000009_gene2012,F990_00407,annotation&nbsp;not&nbsp;available,85.7
202955.BBND01000006_gene2854,F990_01231,annotation&nbsp;not&nbsp;available,85.6
202955.BBND01000001_gene1215,F990_02389,annotation&nbsp;not&nbsp;available,85.6
202955.BBND01000010_gene2367,gidA,tRNA&nbsp;uridine&nbsp;5-carboxymethylaminomethyl&nbsp;modification&nbsp;enzyme&nbsp;MnmG,85.6
202955.BBND01000024_gene3307,F990_02035,annotation&nbsp;not&nbsp;available,85.5
202955.BBND01000003_gene890,F990_02505,annotation&nbsp;not&nbsp;available,85.5
202955.BBND01000006_gene2880,F990_01260,annotation&nbsp;not&nbsp;available,85.4
202955.BBND01000024_gene3311,aroA,3-phosphoshikimate&nbsp;1-carboxyvinyltransferase,85.4
202955.BBND01000012_gene724,dapA,4-hydroxy-tetrahydrodipicolinate&nbsp;synthase,85.4
202955.BBND01000005_gene272,F990_00591,Polyphosphate&nbsp;kinase,85.3
202955.BBND01000009_gene2041,F990_00439,annotation&nbsp;not&nbsp;available,85.2
202955.BBND01000012_gene760,fmt,Methionyl-tRNA&nbsp;formyltransferase,85.1
202955.BBND01000007_gene2634,iscS,Cysteine&nbsp;desulfurase&nbsp;IscS,85.1
202955.BBND01000004_gene176,F990_01786,Protein&nbsp;TonB,85.0
202955.BBND01000007_gene2616,F990_00708,annotation&nbsp;not&nbsp;available,85.0
202955.BBND01000014_gene1063,F990_00994,annotation&nbsp;not&nbsp;available,84.9
202955.BBND01000012_gene701,nusB,Transcription&nbsp;antitermination&nbsp;protein&nbsp;NusB,84.9
202955.BBND01000004_gene156,asd,Aspartate-semialdehyde&nbsp;dehydrogenase,84.5
202955.BBND01000010_gene2385,F990_02820,annotation&nbsp;not&nbsp;available,84.5
202955.BBND01000008_gene2089,F990_02638,annotation&nbsp;not&nbsp;available,84.5
202955.BBND01000006_gene2759,F990_02198,annotation&nbsp;not&nbsp;available,84.5
202955.BBND01000009_gene1964,atpG,ATP&nbsp;synthase&nbsp;gamma&nbsp;chain,84.5
202955.BBND01000002_gene461,F990_00265,annotation&nbsp;not&nbsp;available,84.4
202955.BBND01000009_gene2024,F990_00421,annotation&nbsp;not&nbsp;available,84.3
202955.BBND01000016_gene1442,F990_01160,annotation&nbsp;not&nbsp;available,84.2
202955.BBND01000018_gene1811,F990_01543,annotation&nbsp;not&nbsp;available,84.2
202955.BBND01000015_gene1653,rplP,50S&nbsp;ribosomal&nbsp;protein&nbsp;L16,84.2
202955.BBND01000001_gene1349,F990_00075,Succinate&nbsp;dehydrogenase&nbsp;hydrophobic&nbsp;membrane&nbsp;anchor&nbsp;subunit,84.1
202955.BBND01000002_gene567,F990_00899,annotation&nbsp;not&nbsp;available,84.0
202955.BBND01000001_gene1227,hemL,annotation&nbsp;not&nbsp;available,84.0
202955.BBND01000009_gene1979,F990_00373,annotation&nbsp;not&nbsp;available,83.8
202955.BBND01000015_gene1691,ribA,GTP&nbsp;cyclohydrolase-2,83.8
202955.BBND01000012_gene685,F990_01679,annotation&nbsp;not&nbsp;available,83.8
202955.BBND01000022_gene3032,F990_02582,dITP/XTP&nbsp;pyrophosphatase,83.7
202955.BBND01000006_gene2838,nuoN,NADH-quinone&nbsp;oxidoreductase&nbsp;subunit&nbsp;N,83.7
202955.BBND01000007_gene2705,F990_00618,annotation&nbsp;not&nbsp;available,83.7
202955.BBND01000015_gene1659,rplD,50S&nbsp;ribosomal&nbsp;protein&nbsp;L4,83.7
202955.BBND01000013_gene1143,murE,"UDP-N-acetylmuramoyl-L-alanyl-D-glutamate--2,6-diaminopimelate&nbsp;ligase",83.7
202955.BBND01000009_gene2014,F990_00411,annotation&nbsp;not&nbsp;available,83.6
202955.BBND01000035_gene3067,F990_03486,annotation&nbsp;not&nbsp;available,83.6
202955.BBND01000026_gene3390,F990_02364,annotation&nbsp;not&nbsp;available,83.5
202955.BBND01000001_gene1252,F990_00173,annotation&nbsp;not&nbsp;available,83.4
202955.BBND01000007_gene2699,rplI,50S&nbsp;ribosomal&nbsp;protein&nbsp;L9,83.4
202955.BBND01000004_gene128,F990_01834,annotation&nbsp;not&nbsp;available,83.3
202955.BBND01000004_gene173,F990_01789,annotation&nbsp;not&nbsp;available,83.3
202955.BBND01000027_gene3182,F990_02909,annotation&nbsp;not&nbsp;available,83.1
202955.BBND01000005_gene335,F990_00527,NAD(P)&nbsp;transhydrogenase&nbsp;subunit&nbsp;beta,83.0
202955.BBND01000008_gene2087,F990_02640,annotation&nbsp;not&nbsp;available,83.0
202955.BBND01000011_gene2228,F990_01986,annotation&nbsp;not&nbsp;available,83.0
202955.BBND01000008_gene2162,F990_02800,Bifunctional&nbsp;protein&nbsp;PutA,82.9
202955.BBND01000006_gene2842,F990_01219,annotation&nbsp;not&nbsp;available,82.9
202955.BBND01000013_gene1121,F990_02290,annotation&nbsp;not&nbsp;available,82.8
202955.BBND01000008_gene2127,dnaX,DNA&nbsp;polymerase&nbsp;III&nbsp;subunit&nbsp;gamma/tau,82.7
202955.BBND01000018_gene1817,F990_01549,annotation&nbsp;not&nbsp;available,82.5
202955.BBND01000005_gene391,F990_00471,annotation&nbsp;not&nbsp;available,82.5
202955.BBND01000019_gene2456,F990_01740,annotation&nbsp;not&nbsp;available,82.4
202955.BBND01000015_gene1683,F990_03063,annotation&nbsp;not&nbsp;available,82.3
202955.BBND01000006_gene2841,nuoK,NADH-quinone&nbsp;oxidoreductase&nbsp;subunit&nbsp;K,82.3
202955.BBND01000030_gene1938,F990_00750,annotation&nbsp;not&nbsp;available,82.2
202955.BBND01000010_gene2431,F990_02887,annotation&nbsp;not&nbsp;available,82.2
202955.BBND01000004_gene171,rpmG,annotation&nbsp;not&nbsp;available,82.1
202955.BBND01000004_gene69,hisI,annotation&nbsp;not&nbsp;available,82.1
202955.BBND01000006_gene2784,F990_02223,annotation&nbsp;not&nbsp;available,82.0
202955.BBND01000017_gene1617,eno,Enolase,82.0
202955.BBND01000001_gene1249,F990_00176,annotation&nbsp;not&nbsp;available,81.9
202955.BBND01000008_gene2108,F990_02620,annotation&nbsp;not&nbsp;available,81.9
202955.BBND01000018_gene1814,F990_01546,Riboflavin&nbsp;biosynthesis&nbsp;protein&nbsp;RibD,81.8
202955.BBND01000018_gene1835,F990_01566,annotation&nbsp;not&nbsp;available,81.7
202955.BBND01000004_gene134,F990_01828,annotation&nbsp;not&nbsp;available,81.7
202955.BBND01000007_gene2693,F990_00630,annotation&nbsp;not&nbsp;available,81.6
202955.BBND01000023_gene3112,F990_02679,annotation&nbsp;not&nbsp;available,81.6
202955.BBND01000026_gene3375,F990_02349,Methionine&nbsp;import&nbsp;ATP-binding&nbsp;protein&nbsp;MetN,81.6
202955.BBND01000008_gene2180,F990_03024,Transketolase,81.5
202955.BBND01000004_gene43,F990_01367,annotation&nbsp;not&nbsp;available,81.5
202955.BBND01000007_gene2711,F990_00612,annotation&nbsp;not&nbsp;available,81.4
202955.BBND01000017_gene1550,cmk,annotation&nbsp;not&nbsp;available,81.4
202955.BBND01000027_gene3157,F990_02936,annotation&nbsp;not&nbsp;available,81.3
202955.BBND01000005_gene377,accA,Acetyl-coenzyme&nbsp;A&nbsp;carboxylase&nbsp;carboxyl&nbsp;transferase&nbsp;subunit&nbsp;alpha,81.3
202955.BBND01000009_gene2033,F990_00431,annotation&nbsp;not&nbsp;available,81.2
202955.BBND01000016_gene1476,F990_01126,annotation&nbsp;not&nbsp;available,81.0
202955.BBND01000009_gene2019,F990_00416,annotation&nbsp;not&nbsp;available,80.8
202955.BBND01000004_gene144,leuC,3-isopropylmalate&nbsp;dehydratase&nbsp;large&nbsp;subunit,80.7
202955.BBND01000015_gene1655,rplV,50S&nbsp;ribosomal&nbsp;protein&nbsp;L22,80.7
202955.BBND01000020_gene2581,gshB,annotation&nbsp;not&nbsp;available,80.7
202955.BBND01000001_gene1366,F990_00058,annotation&nbsp;not&nbsp;available,80.6
202955.BBND01000009_gene2026,F990_00423,annotation&nbsp;not&nbsp;available,80.6
202955.BBND01000010_gene2424,F990_02880,annotation&nbsp;not&nbsp;available,80.5
202955.BBND01000026_gene3383,F990_02357,annotation&nbsp;not&nbsp;available,80.5
202955.BBND01000003_gene838,F990_00823,annotation&nbsp;not&nbsp;available,80.5
202955.BBND01000003_gene971,kdpB,Potassium-transporting&nbsp;ATPase&nbsp;ATP-binding&nbsp;subunit,80.4
202955.BBND01000001_gene1346,F990_00078,annotation&nbsp;not&nbsp;available,80.2
202955.BBND01000006_gene2758,F990_02197,Acyl&nbsp;carrier&nbsp;protein,80.0
202955.BBND01000025_gene3232,purE,N5-carboxyaminoimidazole&nbsp;ribonucleotide&nbsp;mutase,80.0
202955.BBND01000010_gene2384,F990_02821,annotation&nbsp;not&nbsp;available,79.9
202955.BBND01000002_gene620,cysD,annotation&nbsp;not&nbsp;available,79.8
202955.BBND01000005_gene287,F990_00577,Aconitate&nbsp;hydratase,79.6
202955.BBND01000011_gene2276,tsaD,tRNA&nbsp;N6-adenosine&nbsp;threonylcarbamoyltransferase,79.5
202955.BBND01000001_gene1212,F990_02392,Phosphate&nbsp;transport&nbsp;system&nbsp;permease&nbsp;protein,79.4
202955.BBND01000002_gene428,F990_00296,annotation&nbsp;not&nbsp;available,79.4
202955.BBND01000002_gene630,F990_00967,annotation&nbsp;not&nbsp;available,79.4
202955.BBND01000024_gene3310,F990_02037,annotation&nbsp;not&nbsp;available,79.3
202955.BBND01000012_gene754,ppc,Phosphoenolpyruvate&nbsp;carboxylase,79.3
202955.BBND01000031_gene1909,F990_01285,RNA&nbsp;polymerase&nbsp;sigma-54&nbsp;factor,79.2
202955.BBND01000001_gene1383,F990_00040,annotation&nbsp;not&nbsp;available,79.1
202955.BBND01000007_gene2656,F990_00668,annotation&nbsp;not&nbsp;available,79.1
202955.BBND01000023_gene3111,sbcD,Nuclease&nbsp;SbcCD&nbsp;subunit&nbsp;D,79.1
202955.BBND01000018_gene1781,argH,annotation&nbsp;not&nbsp;available,79.0
202955.BBND01000003_gene958,gatC,Aspartyl/glutamyl-tRNA(Asn/Gln)&nbsp;amidotransferase&nbsp;subunit&nbsp;C,79.0
202955.BBND01000007_gene2597,purF,Amidophosphoribosyltransferase,78.9
202955.BBND01000029_gene1879,F990_03379,annotation&nbsp;not&nbsp;available,78.7
202955.BBND01000017_gene1552,F990_01410,Integration&nbsp;host&nbsp;factor&nbsp;subunit&nbsp;beta,78.5
202955.BBND01000015_gene1638,rpsM,30S&nbsp;ribosomal&nbsp;protein&nbsp;S13,78.5
202955.BBND01000017_gene1578,ftsY,Signal&nbsp;recognition&nbsp;particle&nbsp;receptor&nbsp;FtsY,78.4
202955.BBND01000016_gene1480,F990_01122,annotation&nbsp;not&nbsp;available,78.4
202955.BBND01000003_gene919,F990_02535,annotation&nbsp;not&nbsp;available,78.3
202955.BBND01000001_gene1398,F990_00025,annotation&nbsp;not&nbsp;available,78.3
202955.BBND01000004_gene57,infB,Translation&nbsp;initiation&nbsp;factor&nbsp;IF-2,78.2
202955.BBND01000002_gene530,F990_00197,annotation&nbsp;not&nbsp;available,78.2
202955.BBND01000005_gene245,F990_02471,annotation&nbsp;not&nbsp;available,78.2
202955.BBND01000005_gene355,panB,3-methyl-2-oxobutanoate&nbsp;hydroxymethyltransferase,78.1
202955.BBND01000024_gene3301,F990_02029,annotation&nbsp;not&nbsp;available,78.1
202955.BBND01000005_gene345,F990_00517,Uncharacterized&nbsp;protein,78.0
202955.BBND01000014_gene1070,F990_03421,annotation&nbsp;not&nbsp;available,77.9
202955.BBND01000003_gene970,kdpA,Potassium-transporting&nbsp;ATPase&nbsp;potassium-binding&nbsp;subunit,77.9
202955.BBND01000004_gene4,rplA,50S&nbsp;ribosomal&nbsp;protein&nbsp;L1,77.7
202955.BBND01000017_gene1610,F990_01469,annotation&nbsp;not&nbsp;available,77.6
202955.BBND01000009_gene2015,prpB,2-methylisocitrate&nbsp;lyase,77.6
202955.BBND01000023_gene3086,folD,Bifunctional&nbsp;protein&nbsp;FolD,77.5
202955.BBND01000014_gene1041,F990_01017,annotation&nbsp;not&nbsp;available,77.4
202955.BBND01000010_gene2414,rnt,Ribonuclease&nbsp;T,77.4
202955.BBND01000001_gene1265,F990_00160,annotation&nbsp;not&nbsp;available,77.3
202955.BBND01000017_gene1598,rpiA,Ribose-5-phosphate&nbsp;isomerase&nbsp;A,77.2
202955.BBND01000014_gene1007,F990_01051,annotation&nbsp;not&nbsp;available,77.2
202955.BBND01000003_gene956,gatB,Aspartyl/glutamyl-tRNA(Asn/Gln)&nbsp;amidotransferase&nbsp;subunit&nbsp;B,77.1
202955.BBND01000013_gene1156,F990_02734,annotation&nbsp;not&nbsp;available,77.1
202955.BBND01000006_gene2843,nuoI,NADH-quinone&nbsp;oxidoreductase&nbsp;subunit&nbsp;I,76.9
202955.BBND01000006_gene2844,nuoH,NADH-quinone&nbsp;oxidoreductase&nbsp;subunit&nbsp;H,76.9
202955.BBND01000003_gene870,trpA,Tryptophan&nbsp;synthase&nbsp;alpha&nbsp;chain,76.9
202955.BBND01000008_gene2094,aroQ,3-dehydroquinate&nbsp;dehydratase,76.9
202955.BBND01000006_gene2855,F990_01232,Vitamin&nbsp;B12-dependent&nbsp;ribonucleotide&nbsp;reductase,76.8
202955.BBND01000017_gene1597,ilvA,L-threonine&nbsp;dehydratase,76.7
202955.BBND01000009_gene1969,atpB,ATP&nbsp;synthase&nbsp;subunit&nbsp;a,76.7
202955.BBND01000006_gene2761,rpmF,annotation&nbsp;not&nbsp;available,76.4
202955.BBND01000020_gene2548,F990_01882,annotation&nbsp;not&nbsp;available,76.3
202955.BBND01000008_gene2092,F990_02636,annotation&nbsp;not&nbsp;available,76.3
202955.BBND01000017_gene1615,pyrG,CTP&nbsp;synthase,76.3
202955.BBND01000003_gene793,F990_00774,annotation&nbsp;not&nbsp;available,76.2
202955.BBND01000004_gene196,F990_01766,annotation&nbsp;not&nbsp;available,76.2
202955.BBND01000011_gene2244,F990_01970,annotation&nbsp;not&nbsp;available,76.2
202955.BBND01000003_gene798,bamB,Outer&nbsp;membrane&nbsp;protein&nbsp;assembly&nbsp;factor&nbsp;BamB,76.2
202955.BBND01000015_gene1685,F990_03061,annotation&nbsp;not&nbsp;available,76.1
202955.BBND01000020_gene2551,acsA,Acetyl-coenzyme&nbsp;A&nbsp;synthetase,76.0
202955.BBND01000013_gene1170,rpoZ,DNA-directed&nbsp;RNA&nbsp;polymerase&nbsp;subunit&nbsp;omega,75.9
202955.BBND01000008_gene2084,F990_02643,Ferredoxin,75.8
202955.BBND01000008_gene2082,F990_02645,annotation&nbsp;not&nbsp;available,75.8
202955.BBND01000014_gene988,F990_01072,annotation&nbsp;not&nbsp;available,75.8
202955.BBND01000002_gene643,F990_00980,Ferredoxin,75.8
202955.BBND01000008_gene2078,F990_02649,annotation&nbsp;not&nbsp;available,75.6
202955.BBND01000031_gene1913,hisG,ATP&nbsp;phosphoribosyltransferase,75.5
202955.BBND01000013_gene1169,F990_02747,annotation&nbsp;not&nbsp;available,75.5
202955.BBND01000005_gene227,F990_02453,annotation&nbsp;not&nbsp;available,75.4
202955.BBND01000002_gene597,F990_00931,annotation&nbsp;not&nbsp;available,75.4
202955.BBND01000012_gene686,F990_01678,annotation&nbsp;not&nbsp;available,75.3
202955.BBND01000023_gene3137,F990_02704,annotation&nbsp;not&nbsp;available,75.2
202955.BBND01000009_gene1973,znuC,Zinc&nbsp;import&nbsp;ATP-binding&nbsp;protein&nbsp;ZnuC,75.2
202955.BBND01000016_gene1450,bamA,Outer&nbsp;membrane&nbsp;protein&nbsp;assembly&nbsp;factor&nbsp;BamA,75.2
202955.BBND01000011_gene2288,mnmA,tRNA-specific&nbsp;2-thiouridylase&nbsp;MnmA,75.1
202955.BBND01000007_gene2621,rpsT,30S&nbsp;ribosomal&nbsp;protein&nbsp;S20,75.0
202955.BBND01000032_gene1923,F990_03414,annotation&nbsp;not&nbsp;available,75.0
202955.BBND01000018_gene1808,pepA,Probable&nbsp;cytosol&nbsp;aminopeptidase,75.0
202955.BBND01000015_gene1645,rplF,50S&nbsp;ribosomal&nbsp;protein&nbsp;L6,74.8
202955.BBND01000010_gene2407,folE,annotation&nbsp;not&nbsp;available,74.8
202955.BBND01000025_gene3260,F990_02166,Beta&nbsp;sliding&nbsp;clamp,74.7
202955.BBND01000013_gene1171,gmk,Guanylate&nbsp;kinase,74.7
202955.BBND01000012_gene659,F990_03176,annotation&nbsp;not&nbsp;available,74.4
202955.BBND01000017_gene1545,F990_01403,annotation&nbsp;not&nbsp;available,74.4
202955.BBND01000010_gene2423,rnhA,Ribonuclease&nbsp;H,74.3
202955.BBND01000007_gene2607,pgk,annotation&nbsp;not&nbsp;available,74.2
202955.BBND01000001_gene1225,rapA,RNA&nbsp;polymerase-associated&nbsp;protein&nbsp;RapA,74.2
202955.BBND01000008_gene2156,F990_02794,annotation&nbsp;not&nbsp;available,74.2
202955.BBND01000015_gene1646,rpsH,30S&nbsp;ribosomal&nbsp;protein&nbsp;S8,74.2
202955.BBND01000001_gene1211,F990_02393,annotation&nbsp;not&nbsp;available,74.1
202955.BBND01000011_gene2233,F990_01981,annotation&nbsp;not&nbsp;available,74.1
202955.BBND01000004_gene29,F990_01380,Fatty&nbsp;acid&nbsp;oxidation&nbsp;complex&nbsp;subunit&nbsp;alpha,74.0
202955.BBND01000003_gene967,F990_02107,annotation&nbsp;not&nbsp;available,74.0
202955.BBND01000017_gene1559,glcB,Malate&nbsp;synthase&nbsp;G,74.0
202955.BBND01000024_gene3276,coq7,"2-nonaprenyl-3-methyl-6-methoxy-1,4-benzoquinol&nbsp;hydroxylase",73.9
202955.BBND01000012_gene697,F990_01666,annotation&nbsp;not&nbsp;available,73.9
202955.BBND01000012_gene725,F990_01636,annotation&nbsp;not&nbsp;available,73.9
202955.BBND01000018_gene1769,F990_01500,annotation&nbsp;not&nbsp;available,73.8
202955.BBND01000025_gene3262,gyrB,DNA&nbsp;gyrase&nbsp;subunit&nbsp;B,73.6
202955.BBND01000011_gene2236,F990_01978,annotation&nbsp;not&nbsp;available,73.5
202955.BBND01000029_gene1883,bamD,Outer&nbsp;membrane&nbsp;protein&nbsp;assembly&nbsp;factor&nbsp;BamD,73.5
202955.BBND01000015_gene1674,F990_03072,annotation&nbsp;not&nbsp;available,73.3
202955.BBND01000013_gene1147,F990_02725,annotation&nbsp;not&nbsp;available,73.2
202955.BBND01000001_gene1347,F990_00077,annotation&nbsp;not&nbsp;available,73.2
202955.BBND01000008_gene2120,F990_02608,annotation&nbsp;not&nbsp;available,73.1
202955.BBND01000004_gene7,rpoB,DNA-directed&nbsp;RNA&nbsp;polymerase&nbsp;subunit&nbsp;beta,73.1
202955.BBND01000015_gene1663,F990_03083,annotation&nbsp;not&nbsp;available,73.1
202955.BBND01000014_gene1010,F990_01048,annotation&nbsp;not&nbsp;available,73.0
202955.BBND01000013_gene1157,F990_02735,annotation&nbsp;not&nbsp;available,73.0
202955.BBND01000007_gene2599,pyrD,Dihydroorotate&nbsp;dehydrogenase&nbsp;(quinone),73.0
202955.BBND01000016_gene1470,F990_01132,annotation&nbsp;not&nbsp;available,72.9
202955.BBND01000015_gene1651,rpsQ,30S&nbsp;ribosomal&nbsp;protein&nbsp;S17,72.9
202955.BBND01000003_gene853,F990_00838,annotation&nbsp;not&nbsp;available,72.8
202955.BBND01000005_gene367,rplT,50S&nbsp;ribosomal&nbsp;protein&nbsp;L20,72.7
202955.BBND01000014_gene1004,clpB,Chaperone&nbsp;protein&nbsp;ClpB,72.6
202955.BBND01000015_gene1654,rpsC,30S&nbsp;ribosomal&nbsp;protein&nbsp;S3,72.6
202955.BBND01000006_gene2755,F990_02194,annotation&nbsp;not&nbsp;available,72.6
202955.BBND01000012_gene699,F990_01664,"3,4-dihydroxy-2-butanone&nbsp;4-phosphate&nbsp;synthase",72.6
202955.BBND01000015_gene1642,rpmD,annotation&nbsp;not&nbsp;available,72.6
202955.BBND01000013_gene1108,hisH,Imidazole&nbsp;glycerol&nbsp;phosphate&nbsp;synthase&nbsp;subunit&nbsp;HisH,72.5
202955.BBND01000025_gene3222,grpE,Protein&nbsp;GrpE,72.5
202955.BBND01000004_gene99,F990_01311,annotation&nbsp;not&nbsp;available,72.4
202955.BBND01000005_gene247,ilvC,Ketol-acid&nbsp;reductoisomerase&nbsp;(NADP(+)),72.4
202955.BBND01000014_gene1045,F990_01013,annotation&nbsp;not&nbsp;available,72.4
202955.BBND01000004_gene187,F990_01775,annotation&nbsp;not&nbsp;available,72.3
202955.BBND01000009_gene1974,F990_00368,annotation&nbsp;not&nbsp;available,72.2
202955.BBND01000011_gene2306,F990_02995,annotation&nbsp;not&nbsp;available,72.1
202955.BBND01000016_gene1516,F990_01084,Tryptophan&nbsp;synthase&nbsp;beta&nbsp;chain,72.1
202955.BBND01000003_gene972,kdpC,Potassium-transporting&nbsp;ATPase&nbsp;KdpC&nbsp;subunit,72.1
202955.BBND01000018_gene1804,gpmI,"2,3-bisphosphoglycerate-independent&nbsp;phosphoglycerate&nbsp;mutase",72.0
202955.BBND01000014_gene1061,F990_00996,annotation&nbsp;not&nbsp;available,72.0
202955.BBND01000016_gene1487,F990_01115,annotation&nbsp;not&nbsp;available,71.9
202955.BBND01000002_gene538,ruvA,Holliday&nbsp;junction&nbsp;ATP-dependent&nbsp;DNA&nbsp;helicase&nbsp;RuvA,71.9
202955.BBND01000005_gene390,F990_00472,annotation&nbsp;not&nbsp;available,71.9
202955.BBND01000008_gene2080,F990_02647,annotation&nbsp;not&nbsp;available,71.8
202955.BBND01000007_gene2734,F990_03363,annotation&nbsp;not&nbsp;available,71.8
202955.BBND01000007_gene2694,cyoE,Protoheme&nbsp;IX&nbsp;farnesyltransferase,71.8
202955.BBND01000004_gene28,fadA,3-ketoacyl-CoA&nbsp;thiolase,71.7
202955.BBND01000026_gene3372,F990_02346,annotation&nbsp;not&nbsp;available,71.7
202955.BBND01000004_gene155,F990_01807,annotation&nbsp;not&nbsp;available,71.6
202955.BBND01000003_gene822,F990_00806,annotation&nbsp;not&nbsp;available,71.5
202955.BBND01000005_gene370,pheS,annotation&nbsp;not&nbsp;available,71.5
202955.BBND01000009_gene1965,atpA,ATP&nbsp;synthase&nbsp;subunit&nbsp;alpha,71.4
202955.BBND01000005_gene288,F990_00576,annotation&nbsp;not&nbsp;available,71.4
202955.BBND01000010_gene2375,F990_02830,Methionine&nbsp;import&nbsp;ATP-binding&nbsp;protein&nbsp;MetN,71.3
202955.BBND01000015_gene1649,rplX,50S&nbsp;ribosomal&nbsp;protein&nbsp;L24,71.3
202955.BBND01000016_gene1490,F990_01112,Phospho-2-dehydro-3-deoxyheptonate&nbsp;aldolase,71.3
202955.BBND01000005_gene362,F990_00500,annotation&nbsp;not&nbsp;available,71.2
202955.BBND01000015_gene1652,rpmC,annotation&nbsp;not&nbsp;available,71.1
202955.BBND01000015_gene1635,rpoA,DNA-directed&nbsp;RNA&nbsp;polymerase&nbsp;subunit&nbsp;alpha,71.0
202955.BBND01000022_gene3026,F990_02576,annotation&nbsp;not&nbsp;available,70.9
202955.BBND01000024_gene3313,F990_02040,annotation&nbsp;not&nbsp;available,70.9
202955.BBND01000005_gene389,F990_00473,annotation&nbsp;not&nbsp;available,70.9
202955.BBND01000001_gene1380,F990_00043,annotation&nbsp;not&nbsp;available,70.9
202955.BBND01000001_gene1312,carB,annotation&nbsp;not&nbsp;available,70.8
202955.BBND01000015_gene1647,rpsN,30S&nbsp;ribosomal&nbsp;protein&nbsp;S14,70.5
202955.BBND01000020_gene2538,F990_01892,Aminopyrimidine&nbsp;aminohydrolase,70.5
202955.BBND01000002_gene429,F990_00295,annotation&nbsp;not&nbsp;available,70.4
202955.BBND01000020_gene2570,F990_01860,Pyruvate&nbsp;dehydrogenase&nbsp;E1&nbsp;component,70.3
202955.BBND01000005_gene342,F990_00520,annotation&nbsp;not&nbsp;available,70.2
202955.BBND01000002_gene608,proB,Glutamate&nbsp;5-kinase,69.9
202955.BBND01000001_gene1343,sucC,Succinate--CoA&nbsp;ligase&nbsp;[ADP-forming]&nbsp;subunit&nbsp;beta,69.7
202955.BBND01000013_gene1153,aroK,Shikimate&nbsp;kinase,69.7
202955.BBND01000002_gene454,F990_00272,annotation&nbsp;not&nbsp;available,69.5
202955.BBND01000023_gene3126,argB,Acetylglutamate&nbsp;kinase,69.5
202955.BBND01000015_gene1639,rpmJ,annotation&nbsp;not&nbsp;available,69.5
202955.BBND01000010_gene2387,tsf,Elongation&nbsp;factor&nbsp;Ts,69.5
202955.BBND01000020_gene2546,F990_01884,annotation&nbsp;not&nbsp;available,69.3
202955.BBND01000002_gene417,F990_00307,annotation&nbsp;not&nbsp;available,69.3
202955.BBND01000005_gene334,F990_00528,annotation&nbsp;not&nbsp;available,69.3
202955.BBND01000004_gene56,nusA,Transcription&nbsp;termination/antitermination&nbsp;protein&nbsp;NusA,69.2
202955.BBND01000004_gene153,F990_01809,annotation&nbsp;not&nbsp;available,69.2
202955.BBND01000005_gene241,lptE,LPS-assembly&nbsp;lipoprotein&nbsp;LptE,69.2
202955.BBND01000005_gene354,F990_00508,annotation&nbsp;not&nbsp;available,69.2
202955.BBND01000022_gene3027,leuA,2-isopropylmalate&nbsp;synthase,69.2
202955.BBND01000016_gene1469,F990_01133,annotation&nbsp;not&nbsp;available,69.2
202955.BBND01000017_gene1530,F990_01388,annotation&nbsp;not&nbsp;available,69.1
202955.BBND01000018_gene1777,F990_01508,annotation&nbsp;not&nbsp;available,69.0
202955.BBND01000018_gene1797,F990_01528,Threonine&nbsp;synthase,69.0
202955.BBND01000019_gene2511,F990_01684,annotation&nbsp;not&nbsp;available,68.9
202955.BBND01000006_gene2783,F990_02222,Bacterioferritin,68.8
202955.BBND01000009_gene2060,F990_00458,annotation&nbsp;not&nbsp;available,68.8
202955.BBND01000006_gene2853,F990_01230,annotation&nbsp;not&nbsp;available,68.8
202955.BBND01000005_gene371,pheT,annotation&nbsp;not&nbsp;available,68.8
202955.BBND01000017_gene1603,clpS,ATP-dependent&nbsp;Clp&nbsp;protease&nbsp;adapter&nbsp;protein&nbsp;ClpS,68.6
202955.BBND01000007_gene2733,F990_03362,annotation&nbsp;not&nbsp;available,68.5
202955.BBND01000024_gene3304,nadK,NAD&nbsp;kinase,68.4
202955.BBND01000010_gene2345,rpmE,50S&nbsp;ribosomal&nbsp;protein&nbsp;L31,68.2
202955.BBND01000010_gene2403,trpD,Anthranilate&nbsp;phosphoribosyltransferase,68.1
202955.BBND01000016_gene1445,frr,Ribosome-recycling&nbsp;factor,68.1
202955.BBND01000029_gene1873,F990_03373,annotation&nbsp;not&nbsp;available,68.0
202955.BBND01000016_gene1427,lptD,LPS-assembly&nbsp;protein&nbsp;LptD,67.9
202955.BBND01000005_gene204,F990_02429,annotation&nbsp;not&nbsp;available,67.9
202955.BBND01000007_gene2671,glnS,annotation&nbsp;not&nbsp;available,67.8
202955.BBND01000015_gene1696,F990_02969,annotation&nbsp;not&nbsp;available,67.6
202955.BBND01000007_gene2614,F990_00710,annotation&nbsp;not&nbsp;available,67.6
202955.BBND01000014_gene1067,F990_00990,annotation&nbsp;not&nbsp;available,67.4
202955.BBND01000010_gene2388,rpsB,annotation&nbsp;not&nbsp;available,67.3
202955.BBND01000012_gene749,dnaJ,Chaperone&nbsp;protein&nbsp;DnaJ,67.1
202955.BBND01000018_gene1783,F990_01514,Phosphate-specific&nbsp;transport&nbsp;system&nbsp;accessory&nbsp;protein&nbsp;PhoU,67.1
202955.BBND01000001_gene1378,rpmA,annotation&nbsp;not&nbsp;available,67.0
202955.BBND01000018_gene1800,F990_01532,annotation&nbsp;not&nbsp;available,67.0
202955.BBND01000015_gene1741,rplS,50S&nbsp;ribosomal&nbsp;protein&nbsp;L19,66.9
202955.BBND01000002_gene477,glsA,annotation&nbsp;not&nbsp;available,66.9
202955.BBND01000018_gene1850,F990_01584,annotation&nbsp;not&nbsp;available,66.9
202955.BBND01000007_gene2657,F990_00667,annotation&nbsp;not&nbsp;available,66.8
202955.BBND01000016_gene1462,F990_01140,annotation&nbsp;not&nbsp;available,66.8
202955.BBND01000029_gene1860,rpsL,30S&nbsp;ribosomal&nbsp;protein&nbsp;S12,66.7
202955.BBND01000007_gene2735,F990_03364,annotation&nbsp;not&nbsp;available,66.6
202955.BBND01000026_gene3388,purT,Formate-dependent&nbsp;phosphoribosylglycinamide&nbsp;formyltransferase,66.6
202955.BBND01000001_gene1345,F990_00079,Dihydrolipoyllysine-residue&nbsp;succinyltransferase&nbsp;component&nbsp;of&nbsp;2-oxoglutarate&nbsp;dehydrogenase&nbsp;complex,66.6
202955.BBND01000012_gene765,F990_01596,annotation&nbsp;not&nbsp;available,66.5
202955.BBND01000022_gene3013,proA,Gamma-glutamyl&nbsp;phosphate&nbsp;reductase,66.5
202955.BBND01000004_gene52,tpiA,Triosephosphate&nbsp;isomerase,66.4
202955.BBND01000002_gene489,lysA,Diaminopimelate&nbsp;decarboxylase,66.3
202955.BBND01000026_gene3348,F990_02318,annotation&nbsp;not&nbsp;available,66.2
202955.BBND01000001_gene1382,F990_00041,annotation&nbsp;not&nbsp;available,66.2
202955.BBND01000003_gene825,F990_00809,annotation&nbsp;not&nbsp;available,66.1
202955.BBND01000011_gene2226,F990_01988,annotation&nbsp;not&nbsp;available,65.7
202955.BBND01000008_gene2098,F990_02630,annotation&nbsp;not&nbsp;available,65.7
202955.BBND01000015_gene1666,F990_03080,annotation&nbsp;not&nbsp;available,65.7
202955.BBND01000001_gene1385,F990_00038,annotation&nbsp;not&nbsp;available,65.5
202955.BBND01000005_gene234,F990_02460,annotation&nbsp;not&nbsp;available,65.5
202955.BBND01000024_gene3303,F990_02031,Penicillin-binding&nbsp;protein&nbsp;1B,65.5
202955.BBND01000005_gene372,himA,Integration&nbsp;host&nbsp;factor&nbsp;subunit&nbsp;alpha,65.4
202955.BBND01000012_gene681,F990_03153,annotation&nbsp;not&nbsp;available,65.4
202955.BBND01000006_gene2845,F990_01222,annotation&nbsp;not&nbsp;available,65.4
202955.BBND01000005_gene366,rpmI,annotation&nbsp;not&nbsp;available,65.3
202955.BBND01000022_gene3014,ackA,Acetate&nbsp;kinase,65.3
202955.BBND01000003_gene834,F990_00818,"dTDP-4-dehydrorhamnose&nbsp;3,5-epimerase",65.1
202955.BBND01000020_gene2530,F990_01901,annotation&nbsp;not&nbsp;available,65.0
202955.BBND01000002_gene531,tolB,Protein&nbsp;TolB,65.0
202955.BBND01000006_gene2847,F990_01224,annotation&nbsp;not&nbsp;available,65.0
202955.BBND01000008_gene2079,F990_02648,annotation&nbsp;not&nbsp;available,64.9
202955.BBND01000009_gene1966,atpH,ATP&nbsp;synthase&nbsp;subunit&nbsp;delta,64.9
202955.BBND01000014_gene998,F990_01060,annotation&nbsp;not&nbsp;available,64.8
202955.BBND01000013_gene1144,murF,UDP-N-acetylmuramoyl-tripeptide--D-alanyl-D-alanine&nbsp;ligase,64.6
202955.BBND01000015_gene1661,rpsJ,30S&nbsp;ribosomal&nbsp;protein&nbsp;S10,64.4
202955.BBND01000025_gene3254,mnmE,tRNA&nbsp;modification&nbsp;GTPase&nbsp;MnmE,64.3
202955.BBND01000003_gene975,F990_02115,annotation&nbsp;not&nbsp;available,64.3
202955.BBND01000007_gene2639,F990_00685,annotation&nbsp;not&nbsp;available,64.2
202955.BBND01000012_gene743,F990_01618,annotation&nbsp;not&nbsp;available,64.2
202955.BBND01000026_gene3376,F990_02350,annotation&nbsp;not&nbsp;available,64.2
202955.BBND01000001_gene1403,F990_00020,annotation&nbsp;not&nbsp;available,64.1
202955.BBND01000003_gene804,secF,Protein-export&nbsp;membrane&nbsp;protein&nbsp;SecF,64.1
202955.BBND01000008_gene2100,F990_02628,annotation&nbsp;not&nbsp;available,64.0
202955.BBND01000005_gene381,polA,DNA&nbsp;polymerase&nbsp;I,63.9
202955.BBND01000006_gene2787,ligA,DNA&nbsp;ligase,63.9
202955.BBND01000004_gene3,rplK,50S&nbsp;ribosomal&nbsp;protein&nbsp;L11,63.9
202955.BBND01000016_gene1453,fabZ,3-hydroxyacyl-[acyl-carrier-protein]&nbsp;dehydratase&nbsp;FabZ,63.9
202955.BBND01000010_gene2421,F990_02877,annotation&nbsp;not&nbsp;available,63.8
202955.BBND01000022_gene3034,tatB,Sec-independent&nbsp;protein&nbsp;translocase&nbsp;protein&nbsp;TatB,63.7
202955.BBND01000022_gene3050,rnr,Ribonuclease&nbsp;R,63.6
202955.BBND01000002_gene483,F990_00244,annotation&nbsp;not&nbsp;available,63.6
202955.BBND01000003_gene819,F990_00801,annotation&nbsp;not&nbsp;available,63.5
202955.BBND01000007_gene2708,hisZ,ATP&nbsp;phosphoribosyltransferase&nbsp;regulatory&nbsp;subunit,63.2
202955.BBND01000011_gene2217,F990_01997,annotation&nbsp;not&nbsp;available,63.1
202955.BBND01000015_gene1704,glyS,annotation&nbsp;not&nbsp;available,63.0
202955.BBND01000011_gene2215,F990_01999,annotation&nbsp;not&nbsp;available,62.9
202955.BBND01000019_gene2509,F990_01686,annotation&nbsp;not&nbsp;available,62.9
202955.BBND01000003_gene783,rplM,50S&nbsp;ribosomal&nbsp;protein&nbsp;L13,62.8
202955.BBND01000006_gene2753,F990_02192,annotation&nbsp;not&nbsp;available,62.6
202955.BBND01000015_gene1682,F990_03064,annotation&nbsp;not&nbsp;available,62.4
202955.BBND01000023_gene3145,tuf,Elongation&nbsp;factor&nbsp;Tu,62.3
202955.BBND01000013_gene1152,F990_02730,annotation&nbsp;not&nbsp;available,62.3
202955.BBND01000025_gene3231,purK,N5-carboxyaminoimidazole&nbsp;ribonucleotide&nbsp;synthase,62.3
202955.BBND01000015_gene1672,plsB,annotation&nbsp;not&nbsp;available,62.2
202955.BBND01000001_gene1311,carA,annotation&nbsp;not&nbsp;available,62.1
202955.BBND01000006_gene2789,smc,Chromosome&nbsp;partition&nbsp;protein&nbsp;Smc,62.0
202955.BBND01000018_gene1790,murD,UDP-N-acetylmuramoylalanine--D-glutamate&nbsp;ligase,61.9
202955.BBND01000022_gene3045,F990_02595,annotation&nbsp;not&nbsp;available,61.8
202955.BBND01000009_gene2022,F990_00419,annotation&nbsp;not&nbsp;available,61.8
202955.BBND01000007_gene2698,rpsR,30S&nbsp;ribosomal&nbsp;protein&nbsp;S18,61.8
202955.BBND01000016_gene1501,F990_01099,annotation&nbsp;not&nbsp;available,61.7
202955.BBND01000002_gene434,F990_00290,Sensor&nbsp;protein,61.7
202955.BBND01000027_gene3163,prfA,Peptide&nbsp;chain&nbsp;release&nbsp;factor&nbsp;1,61.7
202955.BBND01000003_gene871,accD,Acetyl-coenzyme&nbsp;A&nbsp;carboxylase&nbsp;carboxyl&nbsp;transferase&nbsp;subunit&nbsp;beta,61.7
202955.BBND01000004_gene135,F990_01827,annotation&nbsp;not&nbsp;available,61.6
202955.BBND01000010_gene2372,purH,annotation&nbsp;not&nbsp;available,61.5
202955.BBND01000009_gene2013,F990_00410,annotation&nbsp;not&nbsp;available,61.5
202955.BBND01000008_gene2181,metK,S-adenosylmethionine&nbsp;synthase,61.4
202955.BBND01000002_gene435,F990_00289,annotation&nbsp;not&nbsp;available,61.3
202955.BBND01000007_gene2701,F990_00622,Alanine&nbsp;racemase,61.3
202955.BBND01000012_gene726,purC,annotation&nbsp;not&nbsp;available,61.3
202955.BBND01000007_gene2678,mutL,DNA&nbsp;mismatch&nbsp;repair&nbsp;protein&nbsp;MutL,61.1
202955.BBND01000003_gene824,ilvE,Branched-chain-amino-acid&nbsp;aminotransferase,61.0
202955.BBND01000029_gene1858,fusA,Elongation&nbsp;factor&nbsp;G,60.9
202955.BBND01000005_gene224,rsgA,Small&nbsp;ribosomal&nbsp;subunit&nbsp;biogenesis&nbsp;GTPase&nbsp;RsgA,60.7
202955.BBND01000004_gene150,infA,Translation&nbsp;initiation&nbsp;factor&nbsp;IF-1,60.6
202955.BBND01000015_gene1637,rpsK,30S&nbsp;ribosomal&nbsp;protein&nbsp;S11,60.6
202955.BBND01000002_gene566,cysA,Sulfate/thiosulfate&nbsp;import&nbsp;ATP-binding&nbsp;protein&nbsp;CysA,60.6
202955.BBND01000023_gene3081,F990_03392,annotation&nbsp;not&nbsp;available,60.5
202955.BBND01000003_gene849,F990_00835,annotation&nbsp;not&nbsp;available,60.5
202955.BBND01000013_gene1126,F990_02295,annotation&nbsp;not&nbsp;available,60.5
202955.BBND01000010_gene2373,purD,annotation&nbsp;not&nbsp;available,60.4
202955.BBND01000002_gene644,mutS,DNA&nbsp;mismatch&nbsp;repair&nbsp;protein&nbsp;MutS,60.4
202955.BBND01000009_gene2034,F990_00432,annotation&nbsp;not&nbsp;available,60.4
202955.BBND01000013_gene1145,mraY,Phospho-N-acetylmuramoyl-pentapeptide-transferase,60.3
202955.BBND01000018_gene1842,F990_01575,annotation&nbsp;not&nbsp;available,60.1
202955.BBND01000002_gene537,ruvB,Holliday&nbsp;junction&nbsp;ATP-dependent&nbsp;DNA&nbsp;helicase&nbsp;RuvB,60.1
202955.BBND01000017_gene1605,F990_01464,annotation&nbsp;not&nbsp;available,60.1
202955.BBND01000009_gene1967,atpF,ATP&nbsp;synthase&nbsp;subunit&nbsp;b,60.0
202955.BBND01000012_gene667,F990_03167,annotation&nbsp;not&nbsp;available,59.9
202955.BBND01000022_gene3015,F990_02565,Phosphate&nbsp;acetyltransferase,59.9
202955.BBND01000018_gene1799,F990_01531,annotation&nbsp;not&nbsp;available,59.7
202955.BBND01000015_gene1634,rplQ,annotation&nbsp;not&nbsp;available,59.6
202955.BBND01000006_gene2751,F990_02190,"3,4-dihydroxy-2-butanone&nbsp;4-phosphate&nbsp;synthase",59.6
202955.BBND01000006_gene2858,F990_01235,Ribonucleoside-diphosphate&nbsp;reductase&nbsp;subunit&nbsp;beta,59.6
202955.BBND01000003_gene927,F990_02543,annotation&nbsp;not&nbsp;available,59.6
202955.BBND01000016_gene1444,pyrH,Uridylate&nbsp;kinase,59.6
202955.BBND01000002_gene528,fbp,annotation&nbsp;not&nbsp;available,59.5
202955.BBND01000007_gene2624,F990_00700,annotation&nbsp;not&nbsp;available,59.5
202955.BBND01000018_gene1809,F990_01541,annotation&nbsp;not&nbsp;available,59.5
202955.BBND01000004_gene147,leuB,3-isopropylmalate&nbsp;dehydrogenase,59.4
202955.BBND01000006_gene2740,F990_03511,annotation&nbsp;not&nbsp;available,59.4
202955.BBND01000005_gene232,F990_02458,annotation&nbsp;not&nbsp;available,59.3
202955.BBND01000023_gene3127,F990_02694,annotation&nbsp;not&nbsp;available,59.3
202955.BBND01000021_gene2954,F990_03297,Sensor&nbsp;protein,59.1
202955.BBND01000018_gene1779,F990_01510,annotation&nbsp;not&nbsp;available,59.0
202955.BBND01000030_gene1929,F990_00740,annotation&nbsp;not&nbsp;available,59.0
202955.BBND01000004_gene175,purU,Formyltetrahydrofolate&nbsp;deformylase,58.9
202955.BBND01000026_gene3371,F990_02345,annotation&nbsp;not&nbsp;available,58.7
202955.BBND01000026_gene3398,F990_02372,annotation&nbsp;not&nbsp;available,58.6
202955.BBND01000005_gene375,F990_00487,annotation&nbsp;not&nbsp;available,58.6
202955.BBND01000003_gene864,F990_00849,Tryptophan&nbsp;synthase&nbsp;beta&nbsp;chain,58.5
202955.BBND01000002_gene593,F990_00927,annotation&nbsp;not&nbsp;available,58.3
202955.BBND01000003_gene778,F990_00759,annotation&nbsp;not&nbsp;available,58.3
202955.BBND01000025_gene3249,F990_02155,annotation&nbsp;not&nbsp;available,58.2
202955.BBND01000004_gene127,F990_01835,annotation&nbsp;not&nbsp;available,58.2
202955.BBND01000010_gene2359,F990_02846,annotation&nbsp;not&nbsp;available,58.2
202955.BBND01000001_gene1350,F990_00074,annotation&nbsp;not&nbsp;available,58.1
202955.BBND01000011_gene2251,F990_01963,annotation&nbsp;not&nbsp;available,58.1
202955.BBND01000004_gene182,thyA,Thymidylate&nbsp;synthase,58.1
202955.BBND01000002_gene416,F990_00308,Polyphosphate&nbsp;kinase,58.1
202955.BBND01000013_gene1096,hisF,Imidazole&nbsp;glycerol&nbsp;phosphate&nbsp;synthase&nbsp;subunit&nbsp;HisF,58.0
202955.BBND01000010_gene2419,F990_02875,annotation&nbsp;not&nbsp;available,58.0
202955.BBND01000008_gene2121,F990_02607,annotation&nbsp;not&nbsp;available,58.0
202955.BBND01000022_gene3002,F990_02552,annotation&nbsp;not&nbsp;available,58.0
202955.BBND01000004_gene195,mdh,Malate&nbsp;dehydrogenase,57.9
202955.BBND01000001_gene1262,astD,N-succinylglutamate&nbsp;5-semialdehyde&nbsp;dehydrogenase,57.9
202955.BBND01000017_gene1589,F990_01449,annotation&nbsp;not&nbsp;available,57.9
202955.BBND01000004_gene80,recB,RecBCD&nbsp;enzyme&nbsp;subunit&nbsp;RecB,57.8
202955.BBND01000003_gene973,F990_02113,annotation&nbsp;not&nbsp;available,57.7
202955.BBND01000014_gene1064,F990_00993,annotation&nbsp;not&nbsp;available,57.6
202955.BBND01000002_gene512,lolD,Lipoprotein-releasing&nbsp;system&nbsp;ATP-binding&nbsp;protein&nbsp;LolD,57.5
202955.BBND01000024_gene3299,F990_02027,annotation&nbsp;not&nbsp;available,57.4
202955.BBND01000006_gene2816,metG,Methionine--tRNA&nbsp;ligase,57.4
202955.BBND01000026_gene3389,glnD,Bifunctional&nbsp;uridylyltransferase/uridylyl-removing&nbsp;enzyme,57.4
202955.BBND01000027_gene3167,F990_02926,annotation&nbsp;not&nbsp;available,57.3
202955.BBND01000009_gene2021,F990_00418,annotation&nbsp;not&nbsp;available,57.3
202955.BBND01000002_gene577,F990_00910,L-aspartate&nbsp;oxidase,57.3
202955.BBND01000014_gene1009,F990_01049,annotation&nbsp;not&nbsp;available,57.2
202955.BBND01000007_gene2697,rpsF,30S&nbsp;ribosomal&nbsp;protein&nbsp;S6,57.2
202955.BBND01000031_gene1914,hisD,Histidinol&nbsp;dehydrogenase,57.2
202955.BBND01000018_gene1780,F990_01511,annotation&nbsp;not&nbsp;available,57.2
202955.BBND01000018_gene1796,F990_01527,annotation&nbsp;not&nbsp;available,57.2
202955.BBND01000002_gene456,F990_00270,annotation&nbsp;not&nbsp;available,57.2
202955.BBND01000023_gene3109,F990_02676,annotation&nbsp;not&nbsp;available,57.2
202955.BBND01000025_gene3258,rpmH,annotation&nbsp;not&nbsp;available,57.0
202955.BBND01000018_gene1816,F990_01548,annotation&nbsp;not&nbsp;available,57.0
202955.BBND01000029_gene1859,rpsG,30S&nbsp;ribosomal&nbsp;protein&nbsp;S7,57.0
202955.BBND01000006_gene2887,F990_01268,annotation&nbsp;not&nbsp;available,56.9
202955.BBND01000003_gene771,F990_00752,annotation&nbsp;not&nbsp;available,56.8
202955.BBND01000003_gene933,dapE,Succinyl-diaminopimelate&nbsp;desuccinylase,56.7
202955.BBND01000002_gene463,F990_00263,annotation&nbsp;not&nbsp;available,56.7
202955.BBND01000005_gene282,prfC,Peptide&nbsp;chain&nbsp;release&nbsp;factor&nbsp;3,56.6
202955.BBND01000005_gene246,F990_02472,annotation&nbsp;not&nbsp;available,56.5
202955.BBND01000018_gene1778,hemC,Porphobilinogen&nbsp;deaminase,56.3
202955.BBND01000009_gene2037,F990_00435,annotation&nbsp;not&nbsp;available,56.2
202955.BBND01000023_gene3123,F990_02690,annotation&nbsp;not&nbsp;available,56.2
202955.BBND01000008_gene2095,F990_02633,Biotin&nbsp;carboxyl&nbsp;carrier&nbsp;protein&nbsp;of&nbsp;acetyl-CoA&nbsp;carboxylase,56.1
202955.BBND01000004_gene33,uvrC,UvrABC&nbsp;system&nbsp;protein&nbsp;C,56.1
202955.BBND01000020_gene2557,F990_01873,annotation&nbsp;not&nbsp;available,56.0
202955.BBND01000024_gene3334,F990_02060,annotation&nbsp;not&nbsp;available,56.0
202955.BBND01000009_gene1963,atpD,ATP&nbsp;synthase&nbsp;subunit&nbsp;beta,55.8
202955.BBND01000013_gene1142,ftsI,"Peptidoglycan&nbsp;D,D-transpeptidase&nbsp;FtsI",55.8
202955.BBND01000023_gene3083,glpK,Glycerol&nbsp;kinase,55.8
202955.BBND01000020_gene2576,ftsA,Cell&nbsp;division&nbsp;protein&nbsp;FtsA,55.8
202955.BBND01000002_gene541,F990_00872,annotation&nbsp;not&nbsp;available,55.7
202955.BBND01000017_gene1547,F990_01405,annotation&nbsp;not&nbsp;available,55.7
202955.BBND01000017_gene1531,F990_01389,annotation&nbsp;not&nbsp;available,55.7
202955.BBND01000015_gene1644,rplR,50S&nbsp;ribosomal&nbsp;protein&nbsp;L18,55.7
202955.BBND01000018_gene1856,F990_01590,annotation&nbsp;not&nbsp;available,55.7
202955.BBND01000009_gene1962,atpC,ATP&nbsp;synthase&nbsp;epsilon&nbsp;chain,55.7
202955.BBND01000020_gene2565,guaB,Inosine-5'-monophosphate&nbsp;dehydrogenase,55.7
202955.BBND01000020_gene2559,prfB,Peptide&nbsp;chain&nbsp;release&nbsp;factor&nbsp;2,55.5
202955.BBND01000009_gene2029,F990_00426,annotation&nbsp;not&nbsp;available,55.4
202955.BBND01000006_gene2850,nuoA,NADH-quinone&nbsp;oxidoreductase&nbsp;subunit&nbsp;A,55.4
202955.BBND01000009_gene2057,F990_00455,annotation&nbsp;not&nbsp;available,55.4
202955.BBND01000014_gene1065,F990_00992,annotation&nbsp;not&nbsp;available,55.4
202955.BBND01000004_gene124,rne,Ribonuclease&nbsp;E,55.3
202955.BBND01000009_gene2017,F990_00414,annotation&nbsp;not&nbsp;available,55.3
202955.BBND01000005_gene351,F990_00511,annotation&nbsp;not&nbsp;available,55.3
202955.BBND01000027_gene3185,F990_02906,annotation&nbsp;not&nbsp;available,55.2
202955.BBND01000006_gene2848,nuoC,NADH-quinone&nbsp;oxidoreductase&nbsp;subunit&nbsp;C/D,55.2
202955.BBND01000001_gene1183,F990_02421,annotation&nbsp;not&nbsp;available,55.0
202955.BBND01000007_gene2623,F990_00701,annotation&nbsp;not&nbsp;available,54.8
202955.BBND01000014_gene1050,F990_01007,annotation&nbsp;not&nbsp;available,54.8
202955.BBND01000006_gene2883,F990_01264,S-formylglutathione&nbsp;hydrolase,54.8
202955.BBND01000009_gene2018,F990_00415,annotation&nbsp;not&nbsp;available,54.8
202955.BBND01000006_gene2839,F990_01216,annotation&nbsp;not&nbsp;available,54.8
202955.BBND01000005_gene379,proC,Pyrroline-5-carboxylate&nbsp;reductase,54.7
202955.BBND01000012_gene702,thiL,Thiamine-monophosphate&nbsp;kinase,54.7
202955.BBND01000015_gene1636,rpsD,30S&nbsp;ribosomal&nbsp;protein&nbsp;S4,54.7
202955.BBND01000002_gene553,F990_00885,annotation&nbsp;not&nbsp;available,54.7
202955.BBND01000015_gene1657,rplB,50S&nbsp;ribosomal&nbsp;protein&nbsp;L2,54.6
202955.BBND01000016_gene1520,F990_01080,annotation&nbsp;not&nbsp;available,54.5
202955.BBND01000009_gene1946,F990_00340,annotation&nbsp;not&nbsp;available,54.5
202955.BBND01000032_gene1925,F990_03416,annotation&nbsp;not&nbsp;available,54.4
202955.BBND01000017_gene1584,F990_01444,annotation&nbsp;not&nbsp;available,54.4
202955.BBND01000029_gene1862,F990_03405,annotation&nbsp;not&nbsp;available,54.3
202955.BBND01000027_gene3147,F990_03528,annotation&nbsp;not&nbsp;available,54.1
202955.BBND01000006_gene2744,prs,Ribose-phosphate&nbsp;pyrophosphokinase,54.1
202955.BBND01000014_gene1036,F990_01022,annotation&nbsp;not&nbsp;available,54.1
202955.BBND01000021_gene2906,argG,annotation&nbsp;not&nbsp;available,54.1
202955.BBND01000030_gene1937,F990_00749,annotation&nbsp;not&nbsp;available,54.0
202955.BBND01000004_gene81,recD,RecBCD&nbsp;enzyme&nbsp;subunit&nbsp;RecD,54.0
202955.BBND01000008_gene2081,moaA,"GTP&nbsp;3',8-cyclase",53.9
202955.BBND01000002_gene568,F990_00900,annotation&nbsp;not&nbsp;available,53.9
202955.BBND01000015_gene1684,F990_03062,annotation&nbsp;not&nbsp;available,53.7
202955.BBND01000003_gene806,F990_00787,annotation&nbsp;not&nbsp;available,53.7
202955.BBND01000003_gene930,F990_02546,annotation&nbsp;not&nbsp;available,53.6
202955.BBND01000010_gene2402,F990_02857,annotation&nbsp;not&nbsp;available,53.6
202955.BBND01000029_gene1870,nadE,Glutamine-dependent&nbsp;NAD(+)&nbsp;synthetase,53.6
202955.BBND01000013_gene1120,F990_02289,annotation&nbsp;not&nbsp;available,53.5
202955.BBND01000001_gene1384,F990_00039,annotation&nbsp;not&nbsp;available,53.5
202955.BBND01000009_gene1971,F990_00365,annotation&nbsp;not&nbsp;available,53.5
202955.BBND01000002_gene521,F990_00206,annotation&nbsp;not&nbsp;available,53.5
202955.BBND01000014_gene1071,F990_03420,annotation&nbsp;not&nbsp;available,53.4
202955.BBND01000006_gene2846,F990_01223,NADH-quinone&nbsp;oxidoreductase&nbsp;subunit&nbsp;F,53.4
202955.BBND01000004_gene79,recC,RecBCD&nbsp;enzyme&nbsp;subunit&nbsp;RecC,53.4
202955.BBND01000010_gene2382,F990_02823,annotation&nbsp;not&nbsp;available,53.3
202955.BBND01000009_gene1959,F990_00353,annotation&nbsp;not&nbsp;available,53.2
202955.BBND01000022_gene3018,F990_02568,Fumarate&nbsp;hydratase&nbsp;class&nbsp;I,53.2
202955.BBND01000010_gene2433,F990_02889,annotation&nbsp;not&nbsp;available,53.1
202955.BBND01000007_gene2642,F990_00682,annotation&nbsp;not&nbsp;available,53.0
202955.BBND01000007_gene2620,F990_00704,annotation&nbsp;not&nbsp;available,53.0
202955.BBND01000007_gene2635,F990_00689,Iron-sulfur&nbsp;cluster&nbsp;assembly&nbsp;scaffold&nbsp;protein&nbsp;IscU,52.9
202955.BBND01000001_gene1351,F990_00073,annotation&nbsp;not&nbsp;available,52.9
202955.BBND01000017_gene1585,F990_01445,annotation&nbsp;not&nbsp;available,52.8
202955.BBND01000005_gene221,secB,Protein-export&nbsp;protein&nbsp;SecB,52.8
202955.BBND01000004_gene158,lpxL,Lipid&nbsp;A&nbsp;biosynthesis&nbsp;lauroyltransferase,52.8
202955.BBND01000002_gene419,F990_00305,annotation&nbsp;not&nbsp;available,52.8
202955.BBND01000002_gene602,F990_00935,annotation&nbsp;not&nbsp;available,52.7
202955.BBND01000004_gene6,rplL,50S&nbsp;ribosomal&nbsp;protein&nbsp;L7/L12,52.6
202955.BBND01000025_gene3223,dnaK,Chaperone&nbsp;protein&nbsp;DnaK,52.6
202955.BBND01000006_gene2778,F990_02217,annotation&nbsp;not&nbsp;available,52.5
202955.BBND01000008_gene2077,F990_02650,annotation&nbsp;not&nbsp;available,52.5
202955.BBND01000004_gene181,F990_01781,Dihydrofolate&nbsp;reductase,52.4
202955.BBND01000005_gene332,F990_00530,annotation&nbsp;not&nbsp;available,52.3
202955.BBND01000010_gene2355,F990_03149,annotation&nbsp;not&nbsp;available,52.3
202955.BBND01000006_gene2849,nuoB,NADH-quinone&nbsp;oxidoreductase&nbsp;subunit&nbsp;B,52.3
202955.BBND01000009_gene1998,F990_00393,Alanine&nbsp;racemase,52.2
202955.BBND01000018_gene1839,dinB,DNA&nbsp;polymerase&nbsp;IV,52.2
202955.BBND01000005_gene320,F990_00542,annotation&nbsp;not&nbsp;available,52.2
202955.BBND01000003_gene940,F990_02080,annotation&nbsp;not&nbsp;available,52.0
202955.BBND01000015_gene1643,rpsE,30S&nbsp;ribosomal&nbsp;protein&nbsp;S5,52.0
202955.BBND01000031_gene1916,F990_01278,annotation&nbsp;not&nbsp;available,51.9
202955.BBND01000007_gene2719,F990_00604,Adenine&nbsp;deaminase,51.9
202955.BBND01000007_gene2692,F990_00631,annotation&nbsp;not&nbsp;available,51.8
202955.BBND01000011_gene2253,F990_01961,annotation&nbsp;not&nbsp;available,51.8
202955.BBND01000003_gene835,F990_00820,annotation&nbsp;not&nbsp;available,51.8
202955.BBND01000009_gene1968,atpE,ATP&nbsp;synthase&nbsp;subunit&nbsp;c,51.7
202955.BBND01000009_gene2023,F990_00420,annotation&nbsp;not&nbsp;available,51.6
202955.BBND01000023_gene3128,dut,Deoxyuridine&nbsp;5'-triphosphate&nbsp;nucleotidohydrolase,51.6
202955.BBND01000001_gene1247,F990_00178,annotation&nbsp;not&nbsp;available,51.4
202955.BBND01000021_gene2918,F990_03212,annotation&nbsp;not&nbsp;available,51.4
202955.BBND01000003_gene878,secA,Protein&nbsp;translocase&nbsp;subunit&nbsp;SecA,51.4
202955.BBND01000015_gene1744,rpsP,annotation&nbsp;not&nbsp;available,51.3
202955.BBND01000004_gene53,F990_01357,annotation&nbsp;not&nbsp;available,51.2
202955.BBND01000014_gene999,pyrB,annotation&nbsp;not&nbsp;available,51.2
202955.BBND01000012_gene758,ilvD,annotation&nbsp;not&nbsp;available,51.2
202955.BBND01000003_gene858,F990_00843,annotation&nbsp;not&nbsp;available,51.2
202955.BBND01000002_gene496,F990_00231,annotation&nbsp;not&nbsp;available,51.1
202955.BBND01000012_gene711,F990_01651,annotation&nbsp;not&nbsp;available,51.1
