1029823.AFIE01000004_gene1549,AFIE01000004_gene1549,annotation&nbsp;not&nbsp;available,98.9
1029823.AFIE01000001_gene2189,AFIE01000001_gene2189,annotation&nbsp;not&nbsp;available,98.9
1029823.AFIE01000011_gene2913,AFIE01000011_gene2913,annotation&nbsp;not&nbsp;available,98.8
1029823.AFIE01000016_gene2567,AFIE01000016_gene2567,annotation&nbsp;not&nbsp;available,98.8
1029823.AFIE01000052_gene557,AFIE01000052_gene557,annotation&nbsp;not&nbsp;available,98.7
1029823.AFIE01000001_gene2065,AFIE01000001_gene2065,annotation&nbsp;not&nbsp;available,98.7
1029823.AFIE01000003_gene1492,AFIE01000003_gene1492,annotation&nbsp;not&nbsp;available,98.7
1029823.AFIE01000006_gene1337,AFIE01000006_gene1337,annotation&nbsp;not&nbsp;available,98.6
1029823.AFIE01000002_gene2474,AFIE01000002_gene2474,annotation&nbsp;not&nbsp;available,98.6
1029823.AFIE01000004_gene1592,AFIE01000004_gene1592,annotation&nbsp;not&nbsp;available,98.6
1029823.AFIE01000018_gene2665,AFIE01000018_gene2665,annotation&nbsp;not&nbsp;available,98.6
1029823.AFIE01000040_gene150,AFIE01000040_gene150,annotation&nbsp;not&nbsp;available,98.6
1029823.AFIE01000003_gene1426,AFIE01000003_gene1426,annotation&nbsp;not&nbsp;available,98.6
1029823.AFIE01000036_gene49,AFIE01000036_gene49,annotation&nbsp;not&nbsp;available,98.5
1029823.AFIE01000001_gene2187,AFIE01000001_gene2187,annotation&nbsp;not&nbsp;available,98.5
1029823.AFIE01000002_gene2363,AFIE01000002_gene2363,annotation&nbsp;not&nbsp;available,98.4
1029823.AFIE01000026_gene3482,AFIE01000026_gene3482,annotation&nbsp;not&nbsp;available,98.4
1029823.AFIE01000032_gene504,AFIE01000032_gene504,annotation&nbsp;not&nbsp;available,98.3
1029823.AFIE01000001_gene2204,AFIE01000001_gene2204,annotation&nbsp;not&nbsp;available,98.3
1029823.AFIE01000005_gene1194,AFIE01000005_gene1194,annotation&nbsp;not&nbsp;available,98.2
1029823.AFIE01000003_gene1508,AFIE01000003_gene1508,annotation&nbsp;not&nbsp;available,98.2
1029823.AFIE01000038_gene223,AFIE01000038_gene223,annotation&nbsp;not&nbsp;available,98.1
1029823.AFIE01000008_gene1985,AFIE01000008_gene1985,annotation&nbsp;not&nbsp;available,98.1
1029823.AFIE01000023_gene3340,AFIE01000023_gene3340,annotation&nbsp;not&nbsp;available,98.1
1029823.AFIE01000001_gene2178,AFIE01000001_gene2178,annotation&nbsp;not&nbsp;available,98.0
1029823.AFIE01000045_gene704,AFIE01000045_gene704,annotation&nbsp;not&nbsp;available,98.0
1029823.AFIE01000014_gene3040,AFIE01000014_gene3040,annotation&nbsp;not&nbsp;available,98.0
1029823.AFIE01000041_gene782,AFIE01000041_gene782,annotation&nbsp;not&nbsp;available,97.9
1029823.AFIE01000008_gene2008,AFIE01000008_gene2008,annotation&nbsp;not&nbsp;available,97.9
1029823.AFIE01000001_gene2167,AFIE01000001_gene2167,annotation&nbsp;not&nbsp;available,97.9
1029823.AFIE01000003_gene1523,AFIE01000003_gene1523,annotation&nbsp;not&nbsp;available,97.9
1029823.AFIE01000005_gene1248,AFIE01000005_gene1248,annotation&nbsp;not&nbsp;available,97.9
1029823.AFIE01000003_gene1478,AFIE01000003_gene1478,annotation&nbsp;not&nbsp;available,97.7
1029823.AFIE01000018_gene2690,AFIE01000018_gene2690,annotation&nbsp;not&nbsp;available,97.7
1029823.AFIE01000008_gene1960,AFIE01000008_gene1960,annotation&nbsp;not&nbsp;available,97.6
1029823.AFIE01000019_gene3559,AFIE01000019_gene3559,annotation&nbsp;not&nbsp;available,97.6
1029823.AFIE01000065_gene446,AFIE01000065_gene446,annotation&nbsp;not&nbsp;available,97.5
1029823.AFIE01000005_gene1250,AFIE01000005_gene1250,annotation&nbsp;not&nbsp;available,97.5
1029823.AFIE01000003_gene1388,AFIE01000003_gene1388,annotation&nbsp;not&nbsp;available,97.4
1029823.AFIE01000024_gene3387,AFIE01000024_gene3387,annotation&nbsp;not&nbsp;available,97.3
1029823.AFIE01000040_gene155,AFIE01000040_gene155,annotation&nbsp;not&nbsp;available,97.3
1029823.AFIE01000004_gene1546,AFIE01000004_gene1546,annotation&nbsp;not&nbsp;available,97.2
1029823.AFIE01000040_gene145,AFIE01000040_gene145,annotation&nbsp;not&nbsp;available,97.2
1029823.AFIE01000002_gene2370,AFIE01000002_gene2370,annotation&nbsp;not&nbsp;available,97.2
1029823.AFIE01000005_gene1206,AFIE01000005_gene1206,annotation&nbsp;not&nbsp;available,97.2
1029823.AFIE01000013_gene3096,AFIE01000013_gene3096,annotation&nbsp;not&nbsp;available,97.2
1029823.AFIE01000003_gene1502,AFIE01000003_gene1502,annotation&nbsp;not&nbsp;available,97.1
1029823.AFIE01000041_gene757,AFIE01000041_gene757,annotation&nbsp;not&nbsp;available,97.0
1029823.AFIE01000021_gene3144,AFIE01000021_gene3144,annotation&nbsp;not&nbsp;available,97.0
1029823.AFIE01000017_gene2700,AFIE01000017_gene2700,annotation&nbsp;not&nbsp;available,96.9
1029823.AFIE01000029_gene3294,AFIE01000029_gene3294,annotation&nbsp;not&nbsp;available,96.8
1029823.AFIE01000051_gene540,AFIE01000051_gene540,annotation&nbsp;not&nbsp;available,96.8
1029823.AFIE01000046_gene844,AFIE01000046_gene844,annotation&nbsp;not&nbsp;available,96.7
1029823.AFIE01000009_gene1704,AFIE01000009_gene1704,annotation&nbsp;not&nbsp;available,96.6
1029823.AFIE01000001_gene2084,AFIE01000001_gene2084,annotation&nbsp;not&nbsp;available,96.6
1029823.AFIE01000023_gene3332,AFIE01000023_gene3332,annotation&nbsp;not&nbsp;available,96.6
1029823.AFIE01000005_gene1245,AFIE01000005_gene1245,annotation&nbsp;not&nbsp;available,96.5
1029823.AFIE01000014_gene2998,AFIE01000014_gene2998,annotation&nbsp;not&nbsp;available,96.5
1029823.AFIE01000004_gene1613,AFIE01000004_gene1613,annotation&nbsp;not&nbsp;available,96.5
1029823.AFIE01000005_gene1243,AFIE01000005_gene1243,annotation&nbsp;not&nbsp;available,96.4
1029823.AFIE01000013_gene3103,AFIE01000013_gene3103,annotation&nbsp;not&nbsp;available,96.3
1029823.AFIE01000060_gene615,AFIE01000060_gene615,annotation&nbsp;not&nbsp;available,96.2
1029823.AFIE01000003_gene1389,AFIE01000003_gene1389,annotation&nbsp;not&nbsp;available,96.2
1029823.AFIE01000030_gene3619,AFIE01000030_gene3619,annotation&nbsp;not&nbsp;available,96.2
1029823.AFIE01000056_gene577,AFIE01000056_gene577,annotation&nbsp;not&nbsp;available,96.2
1029823.AFIE01000010_gene1780,AFIE01000010_gene1780,annotation&nbsp;not&nbsp;available,96.2
1029823.AFIE01000069_gene401,AFIE01000069_gene401,annotation&nbsp;not&nbsp;available,96.2
1029823.AFIE01000071_gene286,AFIE01000071_gene286,annotation&nbsp;not&nbsp;available,96.0
1029823.AFIE01000010_gene1827,AFIE01000010_gene1827,annotation&nbsp;not&nbsp;available,95.8
1029823.AFIE01000003_gene1487,AFIE01000003_gene1487,annotation&nbsp;not&nbsp;available,95.7
1029823.AFIE01000016_gene2582,AFIE01000016_gene2582,annotation&nbsp;not&nbsp;available,95.7
1029823.AFIE01000004_gene1636,AFIE01000004_gene1636,annotation&nbsp;not&nbsp;available,95.6
1029823.AFIE01000004_gene1548,AFIE01000004_gene1548,annotation&nbsp;not&nbsp;available,95.6
1029823.AFIE01000001_gene2157,AFIE01000001_gene2157,annotation&nbsp;not&nbsp;available,95.4
1029823.AFIE01000003_gene1454,AFIE01000003_gene1454,annotation&nbsp;not&nbsp;available,95.4
1029823.AFIE01000006_gene1355,AFIE01000006_gene1355,annotation&nbsp;not&nbsp;available,95.4
1029823.AFIE01000005_gene1259,AFIE01000005_gene1259,annotation&nbsp;not&nbsp;available,95.3
1029823.AFIE01000001_gene2139,AFIE01000001_gene2139,annotation&nbsp;not&nbsp;available,95.3
1029823.AFIE01000032_gene506,AFIE01000032_gene506,annotation&nbsp;not&nbsp;available,95.2
1029823.AFIE01000001_gene2230,AFIE01000001_gene2230,annotation&nbsp;not&nbsp;available,95.1
1029823.AFIE01000011_gene2926,AFIE01000011_gene2926,annotation&nbsp;not&nbsp;available,95.1
1029823.AFIE01000019_gene3576,AFIE01000019_gene3576,annotation&nbsp;not&nbsp;available,95.1
1029823.AFIE01000006_gene1370,AFIE01000006_gene1370,annotation&nbsp;not&nbsp;available,95.0
1029823.AFIE01000019_gene3525,AFIE01000019_gene3525,annotation&nbsp;not&nbsp;available,95.0
1029823.AFIE01000005_gene1203,AFIE01000005_gene1203,annotation&nbsp;not&nbsp;available,94.9
1029823.AFIE01000038_gene235,AFIE01000038_gene235,annotation&nbsp;not&nbsp;available,94.9
1029823.AFIE01000016_gene2573,AFIE01000016_gene2573,annotation&nbsp;not&nbsp;available,94.7
1029823.AFIE01000074_gene321,AFIE01000074_gene321,annotation&nbsp;not&nbsp;available,94.7
1029823.AFIE01000003_gene1512,AFIE01000003_gene1512,annotation&nbsp;not&nbsp;available,94.7
1029823.AFIE01000032_gene496,AFIE01000032_gene496,annotation&nbsp;not&nbsp;available,94.6
1029823.AFIE01000016_gene2525,AFIE01000016_gene2525,annotation&nbsp;not&nbsp;available,94.5
1029823.AFIE01000066_gene434,AFIE01000066_gene434,annotation&nbsp;not&nbsp;available,94.5
1029823.AFIE01000026_gene3477,AFIE01000026_gene3477,annotation&nbsp;not&nbsp;available,94.5
1029823.AFIE01000027_gene3215,AFIE01000027_gene3215,annotation&nbsp;not&nbsp;available,94.4
1029823.AFIE01000001_gene2169,AFIE01000001_gene2169,annotation&nbsp;not&nbsp;available,94.4
1029823.AFIE01000006_gene1281,AFIE01000006_gene1281,annotation&nbsp;not&nbsp;available,94.3
1029823.AFIE01000002_gene2317,AFIE01000002_gene2317,annotation&nbsp;not&nbsp;available,94.2
1029823.AFIE01000004_gene1642,AFIE01000004_gene1642,annotation&nbsp;not&nbsp;available,94.2
1029823.AFIE01000009_gene1706,AFIE01000009_gene1706,annotation&nbsp;not&nbsp;available,94.2
1029823.AFIE01000002_gene2345,AFIE01000002_gene2345,annotation&nbsp;not&nbsp;available,94.2
1029823.AFIE01000020_gene2774,AFIE01000020_gene2774,annotation&nbsp;not&nbsp;available,94.0
1029823.AFIE01000041_gene781,AFIE01000041_gene781,annotation&nbsp;not&nbsp;available,94.0
1029823.AFIE01000020_gene2787,AFIE01000020_gene2787,annotation&nbsp;not&nbsp;available,93.9
1029823.AFIE01000031_gene14,AFIE01000031_gene14,annotation&nbsp;not&nbsp;available,93.9
1029823.AFIE01000038_gene212,AFIE01000038_gene212,annotation&nbsp;not&nbsp;available,93.9
1029823.AFIE01000034_gene659,AFIE01000034_gene659,annotation&nbsp;not&nbsp;available,93.8
1029823.AFIE01000003_gene1422,AFIE01000003_gene1422,annotation&nbsp;not&nbsp;available,93.8
1029823.AFIE01000071_gene292,AFIE01000071_gene292,annotation&nbsp;not&nbsp;available,93.7
1029823.AFIE01000008_gene1995,AFIE01000008_gene1995,annotation&nbsp;not&nbsp;available,93.5
1029823.AFIE01000002_gene2447,AFIE01000002_gene2447,annotation&nbsp;not&nbsp;available,93.4
1029823.AFIE01000002_gene2484,AFIE01000002_gene2484,annotation&nbsp;not&nbsp;available,93.2
1029823.AFIE01000022_gene979,AFIE01000022_gene979,annotation&nbsp;not&nbsp;available,93.2
1029823.AFIE01000003_gene1497,AFIE01000003_gene1497,annotation&nbsp;not&nbsp;available,93.1
1029823.AFIE01000060_gene623,AFIE01000060_gene623,annotation&nbsp;not&nbsp;available,93.1
1029823.AFIE01000019_gene3531,AFIE01000019_gene3531,annotation&nbsp;not&nbsp;available,93.1
1029823.AFIE01000006_gene1285,AFIE01000006_gene1285,annotation&nbsp;not&nbsp;available,93.0
1029823.AFIE01000002_gene2487,AFIE01000002_gene2487,annotation&nbsp;not&nbsp;available,93.0
1029823.AFIE01000009_gene1720,AFIE01000009_gene1720,annotation&nbsp;not&nbsp;available,93.0
1029823.AFIE01000035_gene104,AFIE01000035_gene104,annotation&nbsp;not&nbsp;available,92.9
1029823.AFIE01000071_gene290,AFIE01000071_gene290,annotation&nbsp;not&nbsp;available,92.9
1029823.AFIE01000015_gene2607,AFIE01000015_gene2607,annotation&nbsp;not&nbsp;available,92.8
1029823.AFIE01000039_gene200,AFIE01000039_gene200,annotation&nbsp;not&nbsp;available,92.8
1029823.AFIE01000025_gene3431,AFIE01000025_gene3431,annotation&nbsp;not&nbsp;available,92.8
1029823.AFIE01000016_gene2572,AFIE01000016_gene2572,annotation&nbsp;not&nbsp;available,92.7
1029823.AFIE01000034_gene656,AFIE01000034_gene656,annotation&nbsp;not&nbsp;available,92.7
1029823.AFIE01000004_gene1577,AFIE01000004_gene1577,annotation&nbsp;not&nbsp;available,92.7
1029823.AFIE01000012_gene2868,AFIE01000012_gene2868,annotation&nbsp;not&nbsp;available,92.6
1029823.AFIE01000034_gene667,AFIE01000034_gene667,annotation&nbsp;not&nbsp;available,92.6
1029823.AFIE01000016_gene2528,AFIE01000016_gene2528,annotation&nbsp;not&nbsp;available,92.6
1029823.AFIE01000001_gene2089,AFIE01000001_gene2089,annotation&nbsp;not&nbsp;available,92.5
1029823.AFIE01000042_gene722,AFIE01000042_gene722,annotation&nbsp;not&nbsp;available,92.4
1029823.AFIE01000007_gene1881,AFIE01000007_gene1881,annotation&nbsp;not&nbsp;available,92.4
1029823.AFIE01000017_gene2695,AFIE01000017_gene2695,annotation&nbsp;not&nbsp;available,92.4
1029823.AFIE01000015_gene2616,AFIE01000015_gene2616,annotation&nbsp;not&nbsp;available,92.3
1029823.AFIE01000016_gene2537,AFIE01000016_gene2537,annotation&nbsp;not&nbsp;available,92.3
1029823.AFIE01000001_gene2064,AFIE01000001_gene2064,annotation&nbsp;not&nbsp;available,92.3
1029823.AFIE01000033_gene138,AFIE01000033_gene138,annotation&nbsp;not&nbsp;available,92.2
1029823.AFIE01000005_gene1196,AFIE01000005_gene1196,annotation&nbsp;not&nbsp;available,92.1
1029823.AFIE01000003_gene1490,AFIE01000003_gene1490,annotation&nbsp;not&nbsp;available,92.0
1029823.AFIE01000004_gene1545,AFIE01000004_gene1545,annotation&nbsp;not&nbsp;available,92.0
1029823.AFIE01000028_gene3231,AFIE01000028_gene3231,annotation&nbsp;not&nbsp;available,92.0
1029823.AFIE01000007_gene1857,AFIE01000007_gene1857,annotation&nbsp;not&nbsp;available,92.0
1029823.AFIE01000038_gene211,AFIE01000038_gene211,annotation&nbsp;not&nbsp;available,91.9
1029823.AFIE01000014_gene3003,AFIE01000014_gene3003,annotation&nbsp;not&nbsp;available,91.9
1029823.AFIE01000030_gene3631,AFIE01000030_gene3631,annotation&nbsp;not&nbsp;available,91.9
1029823.AFIE01000002_gene2320,AFIE01000002_gene2320,annotation&nbsp;not&nbsp;available,91.8
1029823.AFIE01000033_gene109,AFIE01000033_gene109,annotation&nbsp;not&nbsp;available,91.7
1029823.AFIE01000033_gene113,AFIE01000033_gene113,annotation&nbsp;not&nbsp;available,91.7
1029823.AFIE01000020_gene2751,AFIE01000020_gene2751,annotation&nbsp;not&nbsp;available,91.6
1029823.AFIE01000006_gene1350,AFIE01000006_gene1350,annotation&nbsp;not&nbsp;available,91.5
1029823.AFIE01000009_gene1736,AFIE01000009_gene1736,annotation&nbsp;not&nbsp;available,91.4
1029823.AFIE01000038_gene214,AFIE01000038_gene214,annotation&nbsp;not&nbsp;available,91.4
1029823.AFIE01000007_gene1949,AFIE01000007_gene1949,annotation&nbsp;not&nbsp;available,91.3
1029823.AFIE01000002_gene2324,AFIE01000002_gene2324,annotation&nbsp;not&nbsp;available,91.3
1029823.AFIE01000042_gene726,AFIE01000042_gene726,annotation&nbsp;not&nbsp;available,91.3
1029823.AFIE01000034_gene672,AFIE01000034_gene672,annotation&nbsp;not&nbsp;available,91.1
1029823.AFIE01000011_gene2929,AFIE01000011_gene2929,annotation&nbsp;not&nbsp;available,91.0
1029823.AFIE01000037_gene252,AFIE01000037_gene252,annotation&nbsp;not&nbsp;available,90.9
1029823.AFIE01000009_gene1748,AFIE01000009_gene1748,annotation&nbsp;not&nbsp;available,90.8
1029823.AFIE01000011_gene2966,AFIE01000011_gene2966,annotation&nbsp;not&nbsp;available,90.7
1029823.AFIE01000017_gene2715,AFIE01000017_gene2715,annotation&nbsp;not&nbsp;available,90.7
1029823.AFIE01000001_gene2190,AFIE01000001_gene2190,annotation&nbsp;not&nbsp;available,90.7
1029823.AFIE01000005_gene1187,AFIE01000005_gene1187,annotation&nbsp;not&nbsp;available,90.7
1029823.AFIE01000008_gene2021,AFIE01000008_gene2021,annotation&nbsp;not&nbsp;available,90.6
1029823.AFIE01000024_gene3359,AFIE01000024_gene3359,annotation&nbsp;not&nbsp;available,90.5
1029823.AFIE01000028_gene3260,AFIE01000028_gene3260,annotation&nbsp;not&nbsp;available,90.5
1029823.AFIE01000037_gene272,AFIE01000037_gene272,annotation&nbsp;not&nbsp;available,90.5
1029823.AFIE01000001_gene2063,AFIE01000001_gene2063,annotation&nbsp;not&nbsp;available,90.4
1029823.AFIE01000051_gene536,AFIE01000051_gene536,annotation&nbsp;not&nbsp;available,90.3
1029823.AFIE01000006_gene1365,AFIE01000006_gene1365,annotation&nbsp;not&nbsp;available,90.3
1029823.AFIE01000022_gene977,AFIE01000022_gene977,annotation&nbsp;not&nbsp;available,90.1
1029823.AFIE01000025_gene3432,AFIE01000025_gene3432,annotation&nbsp;not&nbsp;available,90.0
1029823.AFIE01000014_gene3002,AFIE01000014_gene3002,annotation&nbsp;not&nbsp;available,90.0
1029823.AFIE01000015_gene2625,AFIE01000015_gene2625,annotation&nbsp;not&nbsp;available,89.9
1029823.AFIE01000036_gene54,AFIE01000036_gene54,annotation&nbsp;not&nbsp;available,89.9
1029823.AFIE01000005_gene1195,AFIE01000005_gene1195,annotation&nbsp;not&nbsp;available,89.9
1029823.AFIE01000035_gene99,AFIE01000035_gene99,annotation&nbsp;not&nbsp;available,89.8
1029823.AFIE01000008_gene1962,AFIE01000008_gene1962,annotation&nbsp;not&nbsp;available,89.8
1029823.AFIE01000005_gene1239,AFIE01000005_gene1239,annotation&nbsp;not&nbsp;available,89.8
1029823.AFIE01000003_gene1392,AFIE01000003_gene1392,annotation&nbsp;not&nbsp;available,89.7
1029823.AFIE01000064_gene459,AFIE01000064_gene459,annotation&nbsp;not&nbsp;available,89.7
1029823.AFIE01000001_gene2183,AFIE01000001_gene2183,annotation&nbsp;not&nbsp;available,89.7
1029823.AFIE01000001_gene2062,AFIE01000001_gene2062,annotation&nbsp;not&nbsp;available,89.7
1029823.AFIE01000046_gene850,AFIE01000046_gene850,annotation&nbsp;not&nbsp;available,89.5
1029823.AFIE01000006_gene1356,AFIE01000006_gene1356,annotation&nbsp;not&nbsp;available,89.5
1029823.AFIE01000085_gene3652,AFIE01000085_gene3652,annotation&nbsp;not&nbsp;available,89.5
1029823.AFIE01000003_gene1494,AFIE01000003_gene1494,annotation&nbsp;not&nbsp;available,89.5
1029823.AFIE01000019_gene3568,AFIE01000019_gene3568,annotation&nbsp;not&nbsp;available,89.5
1029823.AFIE01000071_gene282,AFIE01000071_gene282,annotation&nbsp;not&nbsp;available,89.4
1029823.AFIE01000043_gene841,AFIE01000043_gene841,annotation&nbsp;not&nbsp;available,89.4
1029823.AFIE01000027_gene3195,AFIE01000027_gene3195,annotation&nbsp;not&nbsp;available,89.3
1029823.AFIE01000057_gene1124,AFIE01000057_gene1124,annotation&nbsp;not&nbsp;available,89.3
1029823.AFIE01000029_gene3292,AFIE01000029_gene3292,annotation&nbsp;not&nbsp;available,89.3
1029823.AFIE01000049_gene924,AFIE01000049_gene924,annotation&nbsp;not&nbsp;available,89.3
1029823.AFIE01000016_gene2558,AFIE01000016_gene2558,annotation&nbsp;not&nbsp;available,89.2
1029823.AFIE01000007_gene1936,AFIE01000007_gene1936,annotation&nbsp;not&nbsp;available,89.2
1029823.AFIE01000038_gene232,AFIE01000038_gene232,annotation&nbsp;not&nbsp;available,88.9
1029823.AFIE01000003_gene1415,AFIE01000003_gene1415,annotation&nbsp;not&nbsp;available,88.9
1029823.AFIE01000033_gene134,AFIE01000033_gene134,annotation&nbsp;not&nbsp;available,88.9
1029823.AFIE01000051_gene526,AFIE01000051_gene526,annotation&nbsp;not&nbsp;available,88.8
1029823.AFIE01000002_gene2325,AFIE01000002_gene2325,annotation&nbsp;not&nbsp;available,88.8
1029823.AFIE01000002_gene2375,AFIE01000002_gene2375,annotation&nbsp;not&nbsp;available,88.7
1029823.AFIE01000024_gene3379,AFIE01000024_gene3379,annotation&nbsp;not&nbsp;available,88.7
1029823.AFIE01000002_gene2314,AFIE01000002_gene2314,annotation&nbsp;not&nbsp;available,88.6
1029823.AFIE01000016_gene2531,AFIE01000016_gene2531,annotation&nbsp;not&nbsp;available,88.6
1029823.AFIE01000016_gene2541,AFIE01000016_gene2541,annotation&nbsp;not&nbsp;available,88.6
1029823.AFIE01000026_gene3472,AFIE01000026_gene3472,annotation&nbsp;not&nbsp;available,88.5
1029823.AFIE01000041_gene776,AFIE01000041_gene776,annotation&nbsp;not&nbsp;available,88.5
1029823.AFIE01000004_gene1652,AFIE01000004_gene1652,annotation&nbsp;not&nbsp;available,88.5
1029823.AFIE01000007_gene1855,AFIE01000007_gene1855,annotation&nbsp;not&nbsp;available,88.5
1029823.AFIE01000041_gene780,AFIE01000041_gene780,annotation&nbsp;not&nbsp;available,88.4
1029823.AFIE01000008_gene2045,AFIE01000008_gene2045,annotation&nbsp;not&nbsp;available,88.4
1029823.AFIE01000027_gene3206,AFIE01000027_gene3206,annotation&nbsp;not&nbsp;available,88.4
1029823.AFIE01000005_gene1244,AFIE01000005_gene1244,annotation&nbsp;not&nbsp;available,88.4
1029823.AFIE01000013_gene3115,AFIE01000013_gene3115,annotation&nbsp;not&nbsp;available,88.3
1029823.AFIE01000047_gene894,AFIE01000047_gene894,annotation&nbsp;not&nbsp;available,88.2
1029823.AFIE01000001_gene2179,AFIE01000001_gene2179,annotation&nbsp;not&nbsp;available,88.2
1029823.AFIE01000004_gene1580,AFIE01000004_gene1580,annotation&nbsp;not&nbsp;available,88.2
1029823.AFIE01000024_gene3394,AFIE01000024_gene3394,annotation&nbsp;not&nbsp;available,88.2
1029823.AFIE01000002_gene2401,AFIE01000002_gene2401,annotation&nbsp;not&nbsp;available,88.2
1029823.AFIE01000002_gene2299,AFIE01000002_gene2299,annotation&nbsp;not&nbsp;available,88.1
1029823.AFIE01000030_gene3632,AFIE01000030_gene3632,annotation&nbsp;not&nbsp;available,88.0
1029823.AFIE01000029_gene3299,AFIE01000029_gene3299,annotation&nbsp;not&nbsp;available,88.0
1029823.AFIE01000008_gene2002,AFIE01000008_gene2002,annotation&nbsp;not&nbsp;available,88.0
1029823.AFIE01000008_gene2006,AFIE01000008_gene2006,annotation&nbsp;not&nbsp;available,88.0
1029823.AFIE01000020_gene2795,AFIE01000020_gene2795,annotation&nbsp;not&nbsp;available,87.9
1029823.AFIE01000002_gene2469,AFIE01000002_gene2469,annotation&nbsp;not&nbsp;available,87.8
1029823.AFIE01000052_gene548,AFIE01000052_gene548,annotation&nbsp;not&nbsp;available,87.8
1029823.AFIE01000002_gene2365,AFIE01000002_gene2365,annotation&nbsp;not&nbsp;available,87.8
1029823.AFIE01000012_gene2847,AFIE01000012_gene2847,annotation&nbsp;not&nbsp;available,87.7
1029823.AFIE01000004_gene1669,AFIE01000004_gene1669,annotation&nbsp;not&nbsp;available,87.7
1029823.AFIE01000010_gene1784,AFIE01000010_gene1784,annotation&nbsp;not&nbsp;available,87.7
1029823.AFIE01000003_gene1488,AFIE01000003_gene1488,annotation&nbsp;not&nbsp;available,87.7
1029823.AFIE01000031_gene19,AFIE01000031_gene19,annotation&nbsp;not&nbsp;available,87.6
1029823.AFIE01000051_gene527,AFIE01000051_gene527,annotation&nbsp;not&nbsp;available,87.6
1029823.AFIE01000070_gene393,AFIE01000070_gene393,annotation&nbsp;not&nbsp;available,87.6
1029823.AFIE01000025_gene3434,AFIE01000025_gene3434,annotation&nbsp;not&nbsp;available,87.5
1029823.AFIE01000006_gene1360,AFIE01000006_gene1360,annotation&nbsp;not&nbsp;available,87.4
1029823.AFIE01000008_gene1959,AFIE01000008_gene1959,annotation&nbsp;not&nbsp;available,87.3
1029823.AFIE01000001_gene2136,AFIE01000001_gene2136,annotation&nbsp;not&nbsp;available,87.3
1029823.AFIE01000006_gene1316,AFIE01000006_gene1316,annotation&nbsp;not&nbsp;available,87.3
1029823.AFIE01000005_gene1193,AFIE01000005_gene1193,annotation&nbsp;not&nbsp;available,87.2
1029823.AFIE01000011_gene2974,AFIE01000011_gene2974,annotation&nbsp;not&nbsp;available,87.2
1029823.AFIE01000027_gene3208,AFIE01000027_gene3208,annotation&nbsp;not&nbsp;available,87.2
1029823.AFIE01000028_gene3241,AFIE01000028_gene3241,annotation&nbsp;not&nbsp;available,87.1
1029823.AFIE01000071_gene281,AFIE01000071_gene281,annotation&nbsp;not&nbsp;available,87.1
1029823.AFIE01000002_gene2319,AFIE01000002_gene2319,annotation&nbsp;not&nbsp;available,87.0
1029823.AFIE01000020_gene2765,AFIE01000020_gene2765,annotation&nbsp;not&nbsp;available,87.0
1029823.AFIE01000050_gene908,AFIE01000050_gene908,annotation&nbsp;not&nbsp;available,87.0
1029823.AFIE01000017_gene2717,AFIE01000017_gene2717,annotation&nbsp;not&nbsp;available,87.0
1029823.AFIE01000017_gene2693,AFIE01000017_gene2693,annotation&nbsp;not&nbsp;available,86.9
1029823.AFIE01000001_gene2086,AFIE01000001_gene2086,annotation&nbsp;not&nbsp;available,86.8
1029823.AFIE01000026_gene3466,AFIE01000026_gene3466,annotation&nbsp;not&nbsp;available,86.8
1029823.AFIE01000004_gene1553,AFIE01000004_gene1553,annotation&nbsp;not&nbsp;available,86.8
1029823.AFIE01000025_gene3407,AFIE01000025_gene3407,annotation&nbsp;not&nbsp;available,86.7
1029823.AFIE01000020_gene2756,AFIE01000020_gene2756,annotation&nbsp;not&nbsp;available,86.6
1029823.AFIE01000010_gene1825,AFIE01000010_gene1825,annotation&nbsp;not&nbsp;available,86.5
1029823.AFIE01000032_gene493,AFIE01000032_gene493,annotation&nbsp;not&nbsp;available,86.5
1029823.AFIE01000038_gene205,AFIE01000038_gene205,annotation&nbsp;not&nbsp;available,86.4
1029823.AFIE01000019_gene3561,AFIE01000019_gene3561,annotation&nbsp;not&nbsp;available,86.4
1029823.AFIE01000012_gene2884,AFIE01000012_gene2884,annotation&nbsp;not&nbsp;available,86.3
1029823.AFIE01000047_gene895,AFIE01000047_gene895,annotation&nbsp;not&nbsp;available,86.3
1029823.AFIE01000001_gene2231,AFIE01000001_gene2231,annotation&nbsp;not&nbsp;available,86.3
1029823.AFIE01000001_gene2158,AFIE01000001_gene2158,annotation&nbsp;not&nbsp;available,86.3
1029823.AFIE01000003_gene1404,AFIE01000003_gene1404,annotation&nbsp;not&nbsp;available,86.2
1029823.AFIE01000011_gene2951,AFIE01000011_gene2951,annotation&nbsp;not&nbsp;available,86.1
1029823.AFIE01000008_gene2044,AFIE01000008_gene2044,annotation&nbsp;not&nbsp;available,86.0
1029823.AFIE01000051_gene541,AFIE01000051_gene541,annotation&nbsp;not&nbsp;available,86.0
1029823.AFIE01000015_gene2595,AFIE01000015_gene2595,annotation&nbsp;not&nbsp;available,86.0
1029823.AFIE01000018_gene2678,AFIE01000018_gene2678,annotation&nbsp;not&nbsp;available,86.0
1029823.AFIE01000030_gene3641,AFIE01000030_gene3641,annotation&nbsp;not&nbsp;available,86.0
1029823.AFIE01000010_gene1787,AFIE01000010_gene1787,annotation&nbsp;not&nbsp;available,85.8
1029823.AFIE01000019_gene3569,AFIE01000019_gene3569,annotation&nbsp;not&nbsp;available,85.7
1029823.AFIE01000034_gene661,AFIE01000034_gene661,annotation&nbsp;not&nbsp;available,85.7
1029823.AFIE01000004_gene1582,AFIE01000004_gene1582,annotation&nbsp;not&nbsp;available,85.6
1029823.AFIE01000014_gene3004,AFIE01000014_gene3004,annotation&nbsp;not&nbsp;available,85.5
1029823.AFIE01000002_gene2492,AFIE01000002_gene2492,annotation&nbsp;not&nbsp;available,85.3
1029823.AFIE01000002_gene2280,AFIE01000002_gene2280,annotation&nbsp;not&nbsp;available,85.3
1029823.AFIE01000001_gene2206,AFIE01000001_gene2206,annotation&nbsp;not&nbsp;available,85.1
1029823.AFIE01000013_gene3057,AFIE01000013_gene3057,annotation&nbsp;not&nbsp;available,85.1
1029823.AFIE01000009_gene1764,AFIE01000009_gene1764,annotation&nbsp;not&nbsp;available,85.0
1029823.AFIE01000031_gene20,AFIE01000031_gene20,annotation&nbsp;not&nbsp;available,84.9
1029823.AFIE01000037_gene238,AFIE01000037_gene238,annotation&nbsp;not&nbsp;available,84.9
1029823.AFIE01000050_gene912,AFIE01000050_gene912,annotation&nbsp;not&nbsp;available,84.8
1029823.AFIE01000044_gene819,AFIE01000044_gene819,annotation&nbsp;not&nbsp;available,84.8
1029823.AFIE01000027_gene3211,AFIE01000027_gene3211,annotation&nbsp;not&nbsp;available,84.8
1029823.AFIE01000056_gene567,AFIE01000056_gene567,annotation&nbsp;not&nbsp;available,84.6
1029823.AFIE01000003_gene1457,AFIE01000003_gene1457,annotation&nbsp;not&nbsp;available,84.6
1029823.AFIE01000020_gene2747,AFIE01000020_gene2747,annotation&nbsp;not&nbsp;available,84.5
1029823.AFIE01000010_gene1772,AFIE01000010_gene1772,annotation&nbsp;not&nbsp;available,84.5
1029823.AFIE01000001_gene2184,AFIE01000001_gene2184,annotation&nbsp;not&nbsp;available,84.4
1029823.AFIE01000003_gene1431,AFIE01000003_gene1431,annotation&nbsp;not&nbsp;available,84.4
1029823.AFIE01000009_gene1741,AFIE01000009_gene1741,annotation&nbsp;not&nbsp;available,84.3
1029823.AFIE01000010_gene1802,AFIE01000010_gene1802,annotation&nbsp;not&nbsp;available,84.3
1029823.AFIE01000002_gene2480,AFIE01000002_gene2480,annotation&nbsp;not&nbsp;available,84.3
1029823.AFIE01000049_gene926,AFIE01000049_gene926,annotation&nbsp;not&nbsp;available,84.2
1029823.AFIE01000005_gene1233,AFIE01000005_gene1233,annotation&nbsp;not&nbsp;available,84.2
1029823.AFIE01000021_gene3153,AFIE01000021_gene3153,annotation&nbsp;not&nbsp;available,84.2
1029823.AFIE01000039_gene174,AFIE01000039_gene174,annotation&nbsp;not&nbsp;available,84.1
1029823.AFIE01000026_gene3485,AFIE01000026_gene3485,annotation&nbsp;not&nbsp;available,84.1
1029823.AFIE01000102_gene1110,AFIE01000102_gene1110,annotation&nbsp;not&nbsp;available,84.1
1029823.AFIE01000011_gene2925,AFIE01000011_gene2925,annotation&nbsp;not&nbsp;available,84.1
1029823.AFIE01000058_gene636,AFIE01000058_gene636,annotation&nbsp;not&nbsp;available,84.1
1029823.AFIE01000025_gene3430,AFIE01000025_gene3430,annotation&nbsp;not&nbsp;available,84.0
1029823.AFIE01000009_gene1678,AFIE01000009_gene1678,annotation&nbsp;not&nbsp;available,84.0
1029823.AFIE01000076_gene335,AFIE01000076_gene335,annotation&nbsp;not&nbsp;available,84.0
1029823.AFIE01000001_gene2132,AFIE01000001_gene2132,annotation&nbsp;not&nbsp;available,83.9
1029823.AFIE01000003_gene1418,AFIE01000003_gene1418,annotation&nbsp;not&nbsp;available,83.9
1029823.AFIE01000012_gene2896,AFIE01000012_gene2896,annotation&nbsp;not&nbsp;available,83.8
1029823.AFIE01000051_gene532,AFIE01000051_gene532,annotation&nbsp;not&nbsp;available,83.7
1029823.AFIE01000001_gene2213,AFIE01000001_gene2213,annotation&nbsp;not&nbsp;available,83.7
1029823.AFIE01000072_gene297,AFIE01000072_gene297,annotation&nbsp;not&nbsp;available,83.6
1029823.AFIE01000039_gene192,AFIE01000039_gene192,annotation&nbsp;not&nbsp;available,83.6
1029823.AFIE01000030_gene3629,AFIE01000030_gene3629,annotation&nbsp;not&nbsp;available,83.6
1029823.AFIE01000017_gene2744,AFIE01000017_gene2744,annotation&nbsp;not&nbsp;available,83.5
1029823.AFIE01000067_gene417,AFIE01000067_gene417,annotation&nbsp;not&nbsp;available,83.5
1029823.AFIE01000092_gene2523,AFIE01000092_gene2523,annotation&nbsp;not&nbsp;available,83.5
1029823.AFIE01000016_gene2557,AFIE01000016_gene2557,annotation&nbsp;not&nbsp;available,83.4
1029823.AFIE01000014_gene3012,AFIE01000014_gene3012,annotation&nbsp;not&nbsp;available,83.4
1029823.AFIE01000017_gene2696,AFIE01000017_gene2696,annotation&nbsp;not&nbsp;available,83.4
1029823.AFIE01000066_gene437,AFIE01000066_gene437,annotation&nbsp;not&nbsp;available,83.4
1029823.AFIE01000011_gene2931,AFIE01000011_gene2931,annotation&nbsp;not&nbsp;available,83.3
1029823.AFIE01000004_gene1615,AFIE01000004_gene1615,annotation&nbsp;not&nbsp;available,83.3
1029823.AFIE01000033_gene128,AFIE01000033_gene128,annotation&nbsp;not&nbsp;available,83.3
1029823.AFIE01000011_gene2901,AFIE01000011_gene2901,annotation&nbsp;not&nbsp;available,83.3
1029823.AFIE01000016_gene2527,AFIE01000016_gene2527,annotation&nbsp;not&nbsp;available,83.2
1029823.AFIE01000006_gene1289,AFIE01000006_gene1289,annotation&nbsp;not&nbsp;available,83.2
1029823.AFIE01000022_gene994,AFIE01000022_gene994,annotation&nbsp;not&nbsp;available,83.1
1029823.AFIE01000031_gene21,AFIE01000031_gene21,annotation&nbsp;not&nbsp;available,83.1
1029823.AFIE01000027_gene3204,AFIE01000027_gene3204,annotation&nbsp;not&nbsp;available,83.1
1029823.AFIE01000004_gene1566,AFIE01000004_gene1566,annotation&nbsp;not&nbsp;available,83.1
1029823.AFIE01000008_gene2042,AFIE01000008_gene2042,annotation&nbsp;not&nbsp;available,83.0
1029823.AFIE01000002_gene2323,AFIE01000002_gene2323,annotation&nbsp;not&nbsp;available,83.0
1029823.AFIE01000022_gene976,AFIE01000022_gene976,annotation&nbsp;not&nbsp;available,83.0
1029823.AFIE01000050_gene900,AFIE01000050_gene900,annotation&nbsp;not&nbsp;available,83.0
1029823.AFIE01000014_gene3011,AFIE01000014_gene3011,annotation&nbsp;not&nbsp;available,82.9
1029823.AFIE01000023_gene3325,AFIE01000023_gene3325,annotation&nbsp;not&nbsp;available,82.9
1029823.AFIE01000016_gene2551,AFIE01000016_gene2551,annotation&nbsp;not&nbsp;available,82.8
1029823.AFIE01000001_gene2080,AFIE01000001_gene2080,annotation&nbsp;not&nbsp;available,82.8
1029823.AFIE01000013_gene3066,AFIE01000013_gene3066,annotation&nbsp;not&nbsp;available,82.7
1029823.AFIE01000016_gene2560,AFIE01000016_gene2560,annotation&nbsp;not&nbsp;available,82.7
1029823.AFIE01000025_gene3410,AFIE01000025_gene3410,annotation&nbsp;not&nbsp;available,82.6
1029823.AFIE01000040_gene160,AFIE01000040_gene160,annotation&nbsp;not&nbsp;available,82.5
1029823.AFIE01000058_gene643,AFIE01000058_gene643,annotation&nbsp;not&nbsp;available,82.5
1029823.AFIE01000047_gene879,AFIE01000047_gene879,annotation&nbsp;not&nbsp;available,82.5
1029823.AFIE01000071_gene287,AFIE01000071_gene287,annotation&nbsp;not&nbsp;available,82.4
1029823.AFIE01000022_gene971,AFIE01000022_gene971,annotation&nbsp;not&nbsp;available,82.4
1029823.AFIE01000038_gene233,AFIE01000038_gene233,annotation&nbsp;not&nbsp;available,82.3
1029823.AFIE01000021_gene3143,AFIE01000021_gene3143,annotation&nbsp;not&nbsp;available,82.2
1029823.AFIE01000023_gene3333,AFIE01000023_gene3333,annotation&nbsp;not&nbsp;available,82.2
1029823.AFIE01000003_gene1513,AFIE01000003_gene1513,annotation&nbsp;not&nbsp;available,82.2
1029823.AFIE01000016_gene2547,AFIE01000016_gene2547,annotation&nbsp;not&nbsp;available,82.1
1029823.AFIE01000017_gene2743,AFIE01000017_gene2743,annotation&nbsp;not&nbsp;available,82.1
1029823.AFIE01000014_gene3015,AFIE01000014_gene3015,annotation&nbsp;not&nbsp;available,82.1
1029823.AFIE01000002_gene2376,AFIE01000002_gene2376,annotation&nbsp;not&nbsp;available,82.1
1029823.AFIE01000029_gene3289,AFIE01000029_gene3289,annotation&nbsp;not&nbsp;available,82.1
1029823.AFIE01000053_gene1076,AFIE01000053_gene1076,annotation&nbsp;not&nbsp;available,82.1
1029823.AFIE01000002_gene2318,AFIE01000002_gene2318,annotation&nbsp;not&nbsp;available,82.1
1029823.AFIE01000007_gene1937,AFIE01000007_gene1937,annotation&nbsp;not&nbsp;available,82.1
1029823.AFIE01000001_gene2154,AFIE01000001_gene2154,annotation&nbsp;not&nbsp;available,82.0
1029823.AFIE01000002_gene2445,AFIE01000002_gene2445,annotation&nbsp;not&nbsp;available,82.0
1029823.AFIE01000001_gene2153,AFIE01000001_gene2153,annotation&nbsp;not&nbsp;available,81.8
1029823.AFIE01000005_gene1186,AFIE01000005_gene1186,annotation&nbsp;not&nbsp;available,81.7
1029823.AFIE01000001_gene2055,AFIE01000001_gene2055,annotation&nbsp;not&nbsp;available,81.7
1029823.AFIE01000009_gene1725,AFIE01000009_gene1725,annotation&nbsp;not&nbsp;available,81.7
1029823.AFIE01000008_gene2043,AFIE01000008_gene2043,annotation&nbsp;not&nbsp;available,81.7
1029823.AFIE01000004_gene1608,AFIE01000004_gene1608,annotation&nbsp;not&nbsp;available,81.6
1029823.AFIE01000011_gene2969,AFIE01000011_gene2969,annotation&nbsp;not&nbsp;available,81.5
1029823.AFIE01000024_gene3396,AFIE01000024_gene3396,annotation&nbsp;not&nbsp;available,81.4
1029823.AFIE01000043_gene825,AFIE01000043_gene825,annotation&nbsp;not&nbsp;available,81.4
1029823.AFIE01000002_gene2307,AFIE01000002_gene2307,annotation&nbsp;not&nbsp;available,81.4
1029823.AFIE01000002_gene2334,AFIE01000002_gene2334,annotation&nbsp;not&nbsp;available,81.4
1029823.AFIE01000003_gene1412,AFIE01000003_gene1412,annotation&nbsp;not&nbsp;available,81.3
1029823.AFIE01000005_gene1225,AFIE01000005_gene1225,annotation&nbsp;not&nbsp;available,81.3
1029823.AFIE01000019_gene3557,AFIE01000019_gene3557,annotation&nbsp;not&nbsp;available,81.3
1029823.AFIE01000005_gene1231,AFIE01000005_gene1231,annotation&nbsp;not&nbsp;available,81.3
1029823.AFIE01000022_gene970,AFIE01000022_gene970,annotation&nbsp;not&nbsp;available,81.2
1029823.AFIE01000011_gene2976,AFIE01000011_gene2976,annotation&nbsp;not&nbsp;available,81.1
1029823.AFIE01000006_gene1301,AFIE01000006_gene1301,annotation&nbsp;not&nbsp;available,81.0
1029823.AFIE01000005_gene1192,AFIE01000005_gene1192,annotation&nbsp;not&nbsp;available,81.0
1029823.AFIE01000066_gene435,AFIE01000066_gene435,annotation&nbsp;not&nbsp;available,81.0
1029823.AFIE01000026_gene3483,AFIE01000026_gene3483,annotation&nbsp;not&nbsp;available,81.0
1029823.AFIE01000013_gene3117,AFIE01000013_gene3117,annotation&nbsp;not&nbsp;available,80.9
1029823.AFIE01000011_gene2912,AFIE01000011_gene2912,annotation&nbsp;not&nbsp;available,80.8
1029823.AFIE01000004_gene1589,AFIE01000004_gene1589,annotation&nbsp;not&nbsp;available,80.8
1029823.AFIE01000032_gene520,AFIE01000032_gene520,annotation&nbsp;not&nbsp;available,80.6
1029823.AFIE01000042_gene725,AFIE01000042_gene725,annotation&nbsp;not&nbsp;available,80.6
1029823.AFIE01000018_gene2644,AFIE01000018_gene2644,annotation&nbsp;not&nbsp;available,80.5
1029823.AFIE01000003_gene1440,AFIE01000003_gene1440,annotation&nbsp;not&nbsp;available,80.5
1029823.AFIE01000032_gene513,AFIE01000032_gene513,annotation&nbsp;not&nbsp;available,80.5
1029823.AFIE01000038_gene220,AFIE01000038_gene220,annotation&nbsp;not&nbsp;available,80.5
1029823.AFIE01000023_gene3319,AFIE01000023_gene3319,annotation&nbsp;not&nbsp;available,80.5
1029823.AFIE01000054_gene578,AFIE01000054_gene578,annotation&nbsp;not&nbsp;available,80.4
1029823.AFIE01000003_gene1493,AFIE01000003_gene1493,annotation&nbsp;not&nbsp;available,80.4
1029823.AFIE01000016_gene2543,AFIE01000016_gene2543,annotation&nbsp;not&nbsp;available,80.4
1029823.AFIE01000044_gene805,AFIE01000044_gene805,annotation&nbsp;not&nbsp;available,80.3
1029823.AFIE01000008_gene2020,AFIE01000008_gene2020,annotation&nbsp;not&nbsp;available,80.2
1029823.AFIE01000036_gene68,AFIE01000036_gene68,annotation&nbsp;not&nbsp;available,80.2
1029823.AFIE01000076_gene340,AFIE01000076_gene340,annotation&nbsp;not&nbsp;available,80.2
1029823.AFIE01000005_gene1262,AFIE01000005_gene1262,annotation&nbsp;not&nbsp;available,80.2
1029823.AFIE01000002_gene2351,AFIE01000002_gene2351,annotation&nbsp;not&nbsp;available,80.1
1029823.AFIE01000001_gene2094,AFIE01000001_gene2094,annotation&nbsp;not&nbsp;available,80.1
1029823.AFIE01000037_gene258,AFIE01000037_gene258,annotation&nbsp;not&nbsp;available,80.0
1029823.AFIE01000015_gene2588,AFIE01000015_gene2588,annotation&nbsp;not&nbsp;available,79.8
1029823.AFIE01000005_gene1230,AFIE01000005_gene1230,annotation&nbsp;not&nbsp;available,79.8
1029823.AFIE01000008_gene1965,AFIE01000008_gene1965,annotation&nbsp;not&nbsp;available,79.8
1029823.AFIE01000031_gene27,AFIE01000031_gene27,annotation&nbsp;not&nbsp;available,79.7
1029823.AFIE01000026_gene3468,AFIE01000026_gene3468,annotation&nbsp;not&nbsp;available,79.7
1029823.AFIE01000007_gene1854,AFIE01000007_gene1854,annotation&nbsp;not&nbsp;available,79.5
1029823.AFIE01000013_gene3077,AFIE01000013_gene3077,annotation&nbsp;not&nbsp;available,79.4
1029823.AFIE01000009_gene1702,AFIE01000009_gene1702,annotation&nbsp;not&nbsp;available,79.4
1029823.AFIE01000030_gene3621,AFIE01000030_gene3621,annotation&nbsp;not&nbsp;available,79.4
1029823.AFIE01000048_gene874,AFIE01000048_gene874,annotation&nbsp;not&nbsp;available,79.3
1029823.AFIE01000006_gene1324,AFIE01000006_gene1324,annotation&nbsp;not&nbsp;available,79.3
1029823.AFIE01000041_gene762,AFIE01000041_gene762,annotation&nbsp;not&nbsp;available,79.3
1029823.AFIE01000039_gene190,AFIE01000039_gene190,annotation&nbsp;not&nbsp;available,79.3
1029823.AFIE01000025_gene3441,AFIE01000025_gene3441,annotation&nbsp;not&nbsp;available,79.3
1029823.AFIE01000017_gene2733,AFIE01000017_gene2733,annotation&nbsp;not&nbsp;available,79.2
1029823.AFIE01000024_gene3362,AFIE01000024_gene3362,annotation&nbsp;not&nbsp;available,79.2
1029823.AFIE01000017_gene2718,AFIE01000017_gene2718,annotation&nbsp;not&nbsp;available,79.2
1029823.AFIE01000006_gene1382,AFIE01000006_gene1382,annotation&nbsp;not&nbsp;available,79.1
1029823.AFIE01000036_gene69,AFIE01000036_gene69,annotation&nbsp;not&nbsp;available,79.0
1029823.AFIE01000018_gene2666,AFIE01000018_gene2666,annotation&nbsp;not&nbsp;available,79.0
1029823.AFIE01000005_gene1227,AFIE01000005_gene1227,annotation&nbsp;not&nbsp;available,78.9
1029823.AFIE01000017_gene2699,AFIE01000017_gene2699,annotation&nbsp;not&nbsp;available,78.8
1029823.AFIE01000008_gene1972,AFIE01000008_gene1972,annotation&nbsp;not&nbsp;available,78.8
1029823.AFIE01000049_gene918,AFIE01000049_gene918,annotation&nbsp;not&nbsp;available,78.8
1029823.AFIE01000010_gene1823,AFIE01000010_gene1823,annotation&nbsp;not&nbsp;available,78.7
1029823.AFIE01000016_gene2529,AFIE01000016_gene2529,annotation&nbsp;not&nbsp;available,78.7
1029823.AFIE01000042_gene732,AFIE01000042_gene732,annotation&nbsp;not&nbsp;available,78.6
1029823.AFIE01000033_gene139,AFIE01000033_gene139,annotation&nbsp;not&nbsp;available,78.6
1029823.AFIE01000003_gene1519,AFIE01000003_gene1519,annotation&nbsp;not&nbsp;available,78.6
1029823.AFIE01000002_gene2424,AFIE01000002_gene2424,annotation&nbsp;not&nbsp;available,78.6
1029823.AFIE01000004_gene1667,AFIE01000004_gene1667,annotation&nbsp;not&nbsp;available,78.4
1029823.AFIE01000003_gene1515,AFIE01000003_gene1515,annotation&nbsp;not&nbsp;available,78.4
1029823.AFIE01000014_gene3048,AFIE01000014_gene3048,annotation&nbsp;not&nbsp;available,78.4
1029823.AFIE01000055_gene1054,AFIE01000055_gene1054,annotation&nbsp;not&nbsp;available,78.4
1029823.AFIE01000007_gene1930,AFIE01000007_gene1930,annotation&nbsp;not&nbsp;available,78.2
1029823.AFIE01000028_gene3263,AFIE01000028_gene3263,annotation&nbsp;not&nbsp;available,78.2
1029823.AFIE01000028_gene3267,AFIE01000028_gene3267,annotation&nbsp;not&nbsp;available,78.2
1029823.AFIE01000004_gene1627,AFIE01000004_gene1627,annotation&nbsp;not&nbsp;available,78.1
1029823.AFIE01000017_gene2697,AFIE01000017_gene2697,annotation&nbsp;not&nbsp;available,78.1
1029823.AFIE01000014_gene3041,AFIE01000014_gene3041,annotation&nbsp;not&nbsp;available,78.1
1029823.AFIE01000018_gene2667,AFIE01000018_gene2667,annotation&nbsp;not&nbsp;available,78.0
1029823.AFIE01000001_gene2051,AFIE01000001_gene2051,annotation&nbsp;not&nbsp;available,77.9
1029823.AFIE01000006_gene1340,AFIE01000006_gene1340,annotation&nbsp;not&nbsp;available,77.9
1029823.AFIE01000027_gene3193,AFIE01000027_gene3193,annotation&nbsp;not&nbsp;available,77.8
1029823.AFIE01000049_gene919,AFIE01000049_gene919,annotation&nbsp;not&nbsp;available,77.7
1029823.AFIE01000008_gene1978,AFIE01000008_gene1978,annotation&nbsp;not&nbsp;available,77.7
1029823.AFIE01000005_gene1209,AFIE01000005_gene1209,annotation&nbsp;not&nbsp;available,77.6
1029823.AFIE01000031_gene8,AFIE01000031_gene8,annotation&nbsp;not&nbsp;available,77.5
1029823.AFIE01000043_gene820,AFIE01000043_gene820,annotation&nbsp;not&nbsp;available,77.4
1029823.AFIE01000003_gene1506,AFIE01000003_gene1506,annotation&nbsp;not&nbsp;available,77.3
1029823.AFIE01000006_gene1353,AFIE01000006_gene1353,annotation&nbsp;not&nbsp;available,77.2
1029823.AFIE01000022_gene980,AFIE01000022_gene980,annotation&nbsp;not&nbsp;available,77.1
1029823.AFIE01000002_gene2315,AFIE01000002_gene2315,annotation&nbsp;not&nbsp;available,77.1
1029823.AFIE01000012_gene2891,AFIE01000012_gene2891,annotation&nbsp;not&nbsp;available,76.9
1029823.AFIE01000039_gene193,AFIE01000039_gene193,annotation&nbsp;not&nbsp;available,76.9
1029823.AFIE01000009_gene1760,AFIE01000009_gene1760,annotation&nbsp;not&nbsp;available,76.9
1029823.AFIE01000001_gene2075,AFIE01000001_gene2075,annotation&nbsp;not&nbsp;available,76.9
1029823.AFIE01000045_gene703,AFIE01000045_gene703,annotation&nbsp;not&nbsp;available,76.8
1029823.AFIE01000002_gene2371,AFIE01000002_gene2371,annotation&nbsp;not&nbsp;available,76.8
1029823.AFIE01000004_gene1668,AFIE01000004_gene1668,annotation&nbsp;not&nbsp;available,76.6
1029823.AFIE01000009_gene1742,AFIE01000009_gene1742,annotation&nbsp;not&nbsp;available,76.6
1029823.AFIE01000060_gene624,AFIE01000060_gene624,annotation&nbsp;not&nbsp;available,76.6
1029823.AFIE01000019_gene3520,AFIE01000019_gene3520,annotation&nbsp;not&nbsp;available,76.5
1029823.AFIE01000039_gene191,AFIE01000039_gene191,annotation&nbsp;not&nbsp;available,76.4
1029823.AFIE01000003_gene1456,AFIE01000003_gene1456,annotation&nbsp;not&nbsp;available,76.4
1029823.AFIE01000035_gene88,AFIE01000035_gene88,annotation&nbsp;not&nbsp;available,76.3
1029823.AFIE01000010_gene1833,AFIE01000010_gene1833,annotation&nbsp;not&nbsp;available,76.2
1029823.AFIE01000013_gene3104,AFIE01000013_gene3104,annotation&nbsp;not&nbsp;available,76.1
1029823.AFIE01000002_gene2425,AFIE01000002_gene2425,annotation&nbsp;not&nbsp;available,76.0
1029823.AFIE01000001_gene2142,AFIE01000001_gene2142,annotation&nbsp;not&nbsp;available,75.9
1029823.AFIE01000014_gene3046,AFIE01000014_gene3046,annotation&nbsp;not&nbsp;available,75.9
1029823.AFIE01000008_gene1987,AFIE01000008_gene1987,annotation&nbsp;not&nbsp;available,75.8
1029823.AFIE01000004_gene1578,AFIE01000004_gene1578,annotation&nbsp;not&nbsp;available,75.7
1029823.AFIE01000003_gene1468,AFIE01000003_gene1468,annotation&nbsp;not&nbsp;available,75.6
1029823.AFIE01000006_gene1279,AFIE01000006_gene1279,annotation&nbsp;not&nbsp;available,75.6
1029823.AFIE01000044_gene806,AFIE01000044_gene806,annotation&nbsp;not&nbsp;available,75.5
1029823.AFIE01000003_gene1495,AFIE01000003_gene1495,annotation&nbsp;not&nbsp;available,75.3
1029823.AFIE01000030_gene3643,AFIE01000030_gene3643,annotation&nbsp;not&nbsp;available,75.2
1029823.AFIE01000001_gene2098,AFIE01000001_gene2098,annotation&nbsp;not&nbsp;available,75.1
1029823.AFIE01000001_gene2160,AFIE01000001_gene2160,annotation&nbsp;not&nbsp;available,75.0
1029823.AFIE01000026_gene3467,AFIE01000026_gene3467,annotation&nbsp;not&nbsp;available,75.0
1029823.AFIE01000012_gene2878,AFIE01000012_gene2878,annotation&nbsp;not&nbsp;available,74.9
1029823.AFIE01000019_gene3522,AFIE01000019_gene3522,annotation&nbsp;not&nbsp;available,74.8
1029823.AFIE01000007_gene1942,AFIE01000007_gene1942,annotation&nbsp;not&nbsp;available,74.6
1029823.AFIE01000001_gene2133,AFIE01000001_gene2133,annotation&nbsp;not&nbsp;available,74.6
1029823.AFIE01000029_gene3305,AFIE01000029_gene3305,annotation&nbsp;not&nbsp;available,74.6
1029823.AFIE01000004_gene1593,AFIE01000004_gene1593,annotation&nbsp;not&nbsp;available,74.5
1029823.AFIE01000004_gene1574,AFIE01000004_gene1574,annotation&nbsp;not&nbsp;available,74.3
1029823.AFIE01000003_gene1501,AFIE01000003_gene1501,annotation&nbsp;not&nbsp;available,74.3
1029823.AFIE01000013_gene3114,AFIE01000013_gene3114,annotation&nbsp;not&nbsp;available,74.3
1029823.AFIE01000024_gene3375,AFIE01000024_gene3375,annotation&nbsp;not&nbsp;available,74.2
1029823.AFIE01000016_gene2548,AFIE01000016_gene2548,annotation&nbsp;not&nbsp;available,74.0
1029823.AFIE01000034_gene660,AFIE01000034_gene660,annotation&nbsp;not&nbsp;available,73.9
1029823.AFIE01000031_gene37,AFIE01000031_gene37,annotation&nbsp;not&nbsp;available,73.8
1029823.AFIE01000005_gene1208,AFIE01000005_gene1208,annotation&nbsp;not&nbsp;available,73.8
1029823.AFIE01000068_gene415,AFIE01000068_gene415,annotation&nbsp;not&nbsp;available,73.7
1029823.AFIE01000001_gene2224,AFIE01000001_gene2224,annotation&nbsp;not&nbsp;available,73.7
1029823.AFIE01000010_gene1808,AFIE01000010_gene1808,annotation&nbsp;not&nbsp;available,73.7
1029823.AFIE01000013_gene3125,AFIE01000013_gene3125,annotation&nbsp;not&nbsp;available,73.5
1029823.AFIE01000008_gene1967,AFIE01000008_gene1967,annotation&nbsp;not&nbsp;available,73.5
1029823.AFIE01000027_gene3210,AFIE01000027_gene3210,annotation&nbsp;not&nbsp;available,73.5
1029823.AFIE01000006_gene1288,AFIE01000006_gene1288,annotation&nbsp;not&nbsp;available,73.5
1029823.AFIE01000006_gene1369,AFIE01000006_gene1369,annotation&nbsp;not&nbsp;available,73.3
1029823.AFIE01000020_gene2766,AFIE01000020_gene2766,annotation&nbsp;not&nbsp;available,73.3
1029823.AFIE01000049_gene923,AFIE01000049_gene923,annotation&nbsp;not&nbsp;available,73.3
1029823.AFIE01000001_gene2072,AFIE01000001_gene2072,annotation&nbsp;not&nbsp;available,73.2
1029823.AFIE01000001_gene2229,AFIE01000001_gene2229,annotation&nbsp;not&nbsp;available,73.2
1029823.AFIE01000014_gene3017,AFIE01000014_gene3017,annotation&nbsp;not&nbsp;available,73.2
1029823.AFIE01000003_gene1484,AFIE01000003_gene1484,annotation&nbsp;not&nbsp;available,73.2
1029823.AFIE01000057_gene1127,AFIE01000057_gene1127,annotation&nbsp;not&nbsp;available,73.1
1029823.AFIE01000004_gene1597,AFIE01000004_gene1597,annotation&nbsp;not&nbsp;available,73.1
1029823.AFIE01000050_gene909,AFIE01000050_gene909,annotation&nbsp;not&nbsp;available,73.1
1029823.AFIE01000072_gene298,AFIE01000072_gene298,annotation&nbsp;not&nbsp;available,73.0
1029823.AFIE01000004_gene1647,AFIE01000004_gene1647,annotation&nbsp;not&nbsp;available,72.8
1029823.AFIE01000022_gene987,AFIE01000022_gene987,annotation&nbsp;not&nbsp;available,72.8
1029823.AFIE01000012_gene2898,AFIE01000012_gene2898,annotation&nbsp;not&nbsp;available,72.8
1029823.AFIE01000071_gene291,AFIE01000071_gene291,annotation&nbsp;not&nbsp;available,72.8
1029823.AFIE01000008_gene2022,AFIE01000008_gene2022,annotation&nbsp;not&nbsp;available,72.7
1029823.AFIE01000023_gene3331,AFIE01000023_gene3331,annotation&nbsp;not&nbsp;available,72.7
1029823.AFIE01000018_gene2668,AFIE01000018_gene2668,annotation&nbsp;not&nbsp;available,72.7
1029823.AFIE01000027_gene3207,AFIE01000027_gene3207,annotation&nbsp;not&nbsp;available,72.5
1029823.AFIE01000008_gene2030,AFIE01000008_gene2030,annotation&nbsp;not&nbsp;available,72.3
1029823.AFIE01000002_gene2313,AFIE01000002_gene2313,annotation&nbsp;not&nbsp;available,72.1
1029823.AFIE01000001_gene2117,AFIE01000001_gene2117,annotation&nbsp;not&nbsp;available,72.1
1029823.AFIE01000027_gene3202,AFIE01000027_gene3202,annotation&nbsp;not&nbsp;available,72.0
1029823.AFIE01000018_gene2689,AFIE01000018_gene2689,annotation&nbsp;not&nbsp;available,72.0
1029823.AFIE01000005_gene1223,AFIE01000005_gene1223,annotation&nbsp;not&nbsp;available,72.0
1029823.AFIE01000015_gene2594,AFIE01000015_gene2594,annotation&nbsp;not&nbsp;available,71.9
1029823.AFIE01000074_gene314,AFIE01000074_gene314,annotation&nbsp;not&nbsp;available,71.8
1029823.AFIE01000027_gene3199,AFIE01000027_gene3199,annotation&nbsp;not&nbsp;available,71.6
1029823.AFIE01000002_gene2431,AFIE01000002_gene2431,annotation&nbsp;not&nbsp;available,71.6
1029823.AFIE01000005_gene1251,AFIE01000005_gene1251,annotation&nbsp;not&nbsp;available,71.6
1029823.AFIE01000002_gene2465,AFIE01000002_gene2465,annotation&nbsp;not&nbsp;available,71.6
1029823.AFIE01000030_gene3615,AFIE01000030_gene3615,annotation&nbsp;not&nbsp;available,71.5
1029823.AFIE01000023_gene3317,AFIE01000023_gene3317,annotation&nbsp;not&nbsp;available,71.4
1029823.AFIE01000073_gene310,AFIE01000073_gene310,annotation&nbsp;not&nbsp;available,71.3
1029823.AFIE01000020_gene2793,AFIE01000020_gene2793,annotation&nbsp;not&nbsp;available,71.3
1029823.AFIE01000084_gene3584,AFIE01000084_gene3584,annotation&nbsp;not&nbsp;available,71.2
1029823.AFIE01000003_gene1466,AFIE01000003_gene1466,annotation&nbsp;not&nbsp;available,71.2
1029823.AFIE01000041_gene752,AFIE01000041_gene752,annotation&nbsp;not&nbsp;available,71.2
1029823.AFIE01000003_gene1434,AFIE01000003_gene1434,annotation&nbsp;not&nbsp;available,71.2
1029823.AFIE01000012_gene2899,AFIE01000012_gene2899,annotation&nbsp;not&nbsp;available,71.2
1029823.AFIE01000003_gene1538,AFIE01000003_gene1538,annotation&nbsp;not&nbsp;available,71.0
1029823.AFIE01000005_gene1224,AFIE01000005_gene1224,annotation&nbsp;not&nbsp;available,70.9
1029823.AFIE01000004_gene1614,AFIE01000004_gene1614,annotation&nbsp;not&nbsp;available,70.9
1029823.AFIE01000011_gene2980,AFIE01000011_gene2980,annotation&nbsp;not&nbsp;available,70.8
1029823.AFIE01000069_gene407,AFIE01000069_gene407,annotation&nbsp;not&nbsp;available,70.8
1029823.AFIE01000005_gene1189,AFIE01000005_gene1189,annotation&nbsp;not&nbsp;available,70.8
1029823.AFIE01000014_gene3009,AFIE01000014_gene3009,annotation&nbsp;not&nbsp;available,70.8
1029823.AFIE01000012_gene2887,AFIE01000012_gene2887,annotation&nbsp;not&nbsp;available,70.7
1029823.AFIE01000019_gene3558,AFIE01000019_gene3558,annotation&nbsp;not&nbsp;available,70.7
1029823.AFIE01000015_gene2610,AFIE01000015_gene2610,annotation&nbsp;not&nbsp;available,70.6
1029823.AFIE01000003_gene1505,AFIE01000003_gene1505,annotation&nbsp;not&nbsp;available,70.5
1029823.AFIE01000075_gene333,AFIE01000075_gene333,annotation&nbsp;not&nbsp;available,70.5
1029823.AFIE01000055_gene1053,AFIE01000055_gene1053,annotation&nbsp;not&nbsp;available,70.5
1029823.AFIE01000006_gene1327,AFIE01000006_gene1327,annotation&nbsp;not&nbsp;available,70.5
1029823.AFIE01000040_gene158,AFIE01000040_gene158,annotation&nbsp;not&nbsp;available,70.5
1029823.AFIE01000003_gene1491,AFIE01000003_gene1491,annotation&nbsp;not&nbsp;available,70.4
1029823.AFIE01000016_gene2540,AFIE01000016_gene2540,annotation&nbsp;not&nbsp;available,70.4
1029823.AFIE01000012_gene2885,AFIE01000012_gene2885,annotation&nbsp;not&nbsp;available,70.3
1029823.AFIE01000025_gene3445,AFIE01000025_gene3445,annotation&nbsp;not&nbsp;available,70.1
1029823.AFIE01000016_gene2526,AFIE01000016_gene2526,annotation&nbsp;not&nbsp;available,70.1
1029823.AFIE01000001_gene2162,AFIE01000001_gene2162,annotation&nbsp;not&nbsp;available,70.1
1029823.AFIE01000020_gene2780,AFIE01000020_gene2780,annotation&nbsp;not&nbsp;available,70.0
1029823.AFIE01000004_gene1565,AFIE01000004_gene1565,annotation&nbsp;not&nbsp;available,69.9
1029823.AFIE01000003_gene1393,AFIE01000003_gene1393,annotation&nbsp;not&nbsp;available,69.8
1029823.AFIE01000012_gene2897,AFIE01000012_gene2897,annotation&nbsp;not&nbsp;available,69.7
1029823.AFIE01000002_gene2340,AFIE01000002_gene2340,annotation&nbsp;not&nbsp;available,69.5
1029823.AFIE01000005_gene1249,AFIE01000005_gene1249,annotation&nbsp;not&nbsp;available,69.4
1029823.AFIE01000035_gene84,AFIE01000035_gene84,annotation&nbsp;not&nbsp;available,69.4
1029823.AFIE01000003_gene1499,AFIE01000003_gene1499,annotation&nbsp;not&nbsp;available,69.4
1029823.AFIE01000003_gene1509,AFIE01000003_gene1509,annotation&nbsp;not&nbsp;available,69.4
1029823.AFIE01000029_gene3293,AFIE01000029_gene3293,annotation&nbsp;not&nbsp;available,69.3
1029823.AFIE01000001_gene2137,AFIE01000001_gene2137,annotation&nbsp;not&nbsp;available,69.2
1029823.AFIE01000063_gene465,AFIE01000063_gene465,annotation&nbsp;not&nbsp;available,69.2
1029823.AFIE01000003_gene1518,AFIE01000003_gene1518,annotation&nbsp;not&nbsp;available,69.1
1029823.AFIE01000029_gene3287,AFIE01000029_gene3287,annotation&nbsp;not&nbsp;available,69.1
1029823.AFIE01000041_gene783,AFIE01000041_gene783,annotation&nbsp;not&nbsp;available,69.0
1029823.AFIE01000018_gene2656,AFIE01000018_gene2656,annotation&nbsp;not&nbsp;available,69.0
1029823.AFIE01000037_gene251,AFIE01000037_gene251,annotation&nbsp;not&nbsp;available,69.0
1029823.AFIE01000008_gene2001,AFIE01000008_gene2001,annotation&nbsp;not&nbsp;available,68.8
1029823.AFIE01000009_gene1756,AFIE01000009_gene1756,annotation&nbsp;not&nbsp;available,68.8
1029823.AFIE01000067_gene422,AFIE01000067_gene422,annotation&nbsp;not&nbsp;available,68.7
1029823.AFIE01000002_gene2364,AFIE01000002_gene2364,annotation&nbsp;not&nbsp;available,68.7
1029823.AFIE01000022_gene978,AFIE01000022_gene978,annotation&nbsp;not&nbsp;available,68.6
1029823.AFIE01000001_gene2212,AFIE01000001_gene2212,annotation&nbsp;not&nbsp;available,68.6
1029823.AFIE01000003_gene1470,AFIE01000003_gene1470,annotation&nbsp;not&nbsp;available,68.5
1029823.AFIE01000001_gene2161,AFIE01000001_gene2161,annotation&nbsp;not&nbsp;available,68.5
1029823.AFIE01000050_gene907,AFIE01000050_gene907,annotation&nbsp;not&nbsp;available,68.4
1029823.AFIE01000003_gene1516,AFIE01000003_gene1516,annotation&nbsp;not&nbsp;available,68.4
1029823.AFIE01000006_gene1379,AFIE01000006_gene1379,annotation&nbsp;not&nbsp;available,68.3
1029823.AFIE01000016_gene2549,AFIE01000016_gene2549,annotation&nbsp;not&nbsp;available,68.3
1029823.AFIE01000039_gene194,AFIE01000039_gene194,annotation&nbsp;not&nbsp;available,68.2
1029823.AFIE01000012_gene2873,AFIE01000012_gene2873,annotation&nbsp;not&nbsp;available,68.2
1029823.AFIE01000071_gene289,AFIE01000071_gene289,annotation&nbsp;not&nbsp;available,68.2
1029823.AFIE01000009_gene1746,AFIE01000009_gene1746,annotation&nbsp;not&nbsp;available,68.1
1029823.AFIE01000065_gene443,AFIE01000065_gene443,annotation&nbsp;not&nbsp;available,68.0
1029823.AFIE01000018_gene2684,AFIE01000018_gene2684,annotation&nbsp;not&nbsp;available,68.0
1029823.AFIE01000004_gene1631,AFIE01000004_gene1631,annotation&nbsp;not&nbsp;available,67.9
1029823.AFIE01000009_gene1707,AFIE01000009_gene1707,annotation&nbsp;not&nbsp;available,67.8
1029823.AFIE01000012_gene2832,AFIE01000012_gene2832,annotation&nbsp;not&nbsp;available,67.8
1029823.AFIE01000023_gene3330,AFIE01000023_gene3330,annotation&nbsp;not&nbsp;available,67.8
1029823.AFIE01000031_gene24,AFIE01000031_gene24,annotation&nbsp;not&nbsp;available,67.7
1029823.AFIE01000007_gene1939,AFIE01000007_gene1939,annotation&nbsp;not&nbsp;available,67.7
1029823.AFIE01000044_gene786,AFIE01000044_gene786,annotation&nbsp;not&nbsp;available,67.6
1029823.AFIE01000009_gene1722,AFIE01000009_gene1722,annotation&nbsp;not&nbsp;available,67.6
1029823.AFIE01000012_gene2882,AFIE01000012_gene2882,annotation&nbsp;not&nbsp;available,67.4
1029823.AFIE01000035_gene85,AFIE01000035_gene85,annotation&nbsp;not&nbsp;available,67.4
1029823.AFIE01000010_gene1830,AFIE01000010_gene1830,annotation&nbsp;not&nbsp;available,67.4
1029823.AFIE01000011_gene2963,AFIE01000011_gene2963,annotation&nbsp;not&nbsp;available,67.3
1029823.AFIE01000002_gene2291,AFIE01000002_gene2291,annotation&nbsp;not&nbsp;available,67.3
1029823.AFIE01000028_gene3251,AFIE01000028_gene3251,annotation&nbsp;not&nbsp;available,67.3
1029823.AFIE01000026_gene3463,AFIE01000026_gene3463,annotation&nbsp;not&nbsp;available,67.3
1029823.AFIE01000003_gene1507,AFIE01000003_gene1507,annotation&nbsp;not&nbsp;available,67.3
1029823.AFIE01000063_gene469,AFIE01000063_gene469,annotation&nbsp;not&nbsp;available,67.2
1029823.AFIE01000002_gene2360,AFIE01000002_gene2360,annotation&nbsp;not&nbsp;available,67.2
1029823.AFIE01000014_gene3024,AFIE01000014_gene3024,annotation&nbsp;not&nbsp;available,67.2
1029823.AFIE01000010_gene1781,AFIE01000010_gene1781,annotation&nbsp;not&nbsp;available,67.0
1029823.AFIE01000016_gene2542,AFIE01000016_gene2542,annotation&nbsp;not&nbsp;available,66.9
1029823.AFIE01000001_gene2123,AFIE01000001_gene2123,annotation&nbsp;not&nbsp;available,66.8
1029823.AFIE01000028_gene3232,AFIE01000028_gene3232,annotation&nbsp;not&nbsp;available,66.7
1029823.AFIE01000092_gene2521,AFIE01000092_gene2521,annotation&nbsp;not&nbsp;available,66.7
1029823.AFIE01000008_gene1966,AFIE01000008_gene1966,annotation&nbsp;not&nbsp;available,66.7
1029823.AFIE01000023_gene3349,AFIE01000023_gene3349,annotation&nbsp;not&nbsp;available,66.6
1029823.AFIE01000071_gene284,AFIE01000071_gene284,annotation&nbsp;not&nbsp;available,66.6
1029823.AFIE01000041_gene774,AFIE01000041_gene774,annotation&nbsp;not&nbsp;available,66.5
1029823.AFIE01000020_gene2757,AFIE01000020_gene2757,annotation&nbsp;not&nbsp;available,66.5
1029823.AFIE01000016_gene2568,AFIE01000016_gene2568,annotation&nbsp;not&nbsp;available,66.4
1029823.AFIE01000009_gene1676,AFIE01000009_gene1676,annotation&nbsp;not&nbsp;available,66.3
1029823.AFIE01000022_gene969,AFIE01000022_gene969,annotation&nbsp;not&nbsp;available,66.3
1029823.AFIE01000046_gene861,AFIE01000046_gene861,annotation&nbsp;not&nbsp;available,66.2
1029823.AFIE01000010_gene1818,AFIE01000010_gene1818,annotation&nbsp;not&nbsp;available,66.2
1029823.AFIE01000073_gene309,AFIE01000073_gene309,annotation&nbsp;not&nbsp;available,66.1
1029823.AFIE01000056_gene564,AFIE01000056_gene564,annotation&nbsp;not&nbsp;available,66.1
1029823.AFIE01000003_gene1465,AFIE01000003_gene1465,annotation&nbsp;not&nbsp;available,66.1
1029823.AFIE01000025_gene3443,AFIE01000025_gene3443,annotation&nbsp;not&nbsp;available,66.1
1029823.AFIE01000033_gene137,AFIE01000033_gene137,annotation&nbsp;not&nbsp;available,66.0
1029823.AFIE01000035_gene100,AFIE01000035_gene100,annotation&nbsp;not&nbsp;available,65.9
1029823.AFIE01000019_gene3578,AFIE01000019_gene3578,annotation&nbsp;not&nbsp;available,65.8
1029823.AFIE01000022_gene988,AFIE01000022_gene988,annotation&nbsp;not&nbsp;available,65.7
1029823.AFIE01000040_gene168,AFIE01000040_gene168,annotation&nbsp;not&nbsp;available,65.7
1029823.AFIE01000033_gene124,AFIE01000033_gene124,annotation&nbsp;not&nbsp;available,65.6
1029823.AFIE01000027_gene3209,AFIE01000027_gene3209,annotation&nbsp;not&nbsp;available,65.5
1029823.AFIE01000046_gene852,AFIE01000046_gene852,annotation&nbsp;not&nbsp;available,65.4
1029823.AFIE01000049_gene925,AFIE01000049_gene925,annotation&nbsp;not&nbsp;available,65.3
1029823.AFIE01000027_gene3205,AFIE01000027_gene3205,annotation&nbsp;not&nbsp;available,65.3
1029823.AFIE01000004_gene1671,AFIE01000004_gene1671,annotation&nbsp;not&nbsp;available,65.3
1029823.AFIE01000002_gene2298,AFIE01000002_gene2298,annotation&nbsp;not&nbsp;available,65.2
1029823.AFIE01000008_gene2036,AFIE01000008_gene2036,annotation&nbsp;not&nbsp;available,65.0
1029823.AFIE01000057_gene1129,AFIE01000057_gene1129,annotation&nbsp;not&nbsp;available,65.0
1029823.AFIE01000038_gene231,AFIE01000038_gene231,annotation&nbsp;not&nbsp;available,65.0
1029823.AFIE01000069_gene406,AFIE01000069_gene406,annotation&nbsp;not&nbsp;available,64.8
1029823.AFIE01000003_gene1416,AFIE01000003_gene1416,annotation&nbsp;not&nbsp;available,64.8
1029823.AFIE01000052_gene550,AFIE01000052_gene550,annotation&nbsp;not&nbsp;available,64.8
1029823.AFIE01000028_gene3233,AFIE01000028_gene3233,annotation&nbsp;not&nbsp;available,64.8
1029823.AFIE01000009_gene1708,AFIE01000009_gene1708,annotation&nbsp;not&nbsp;available,64.7
1029823.AFIE01000049_gene915,AFIE01000049_gene915,annotation&nbsp;not&nbsp;available,64.7
1029823.AFIE01000005_gene1256,AFIE01000005_gene1256,annotation&nbsp;not&nbsp;available,64.7
1029823.AFIE01000060_gene622,AFIE01000060_gene622,annotation&nbsp;not&nbsp;available,64.7
1029823.AFIE01000011_gene2952,AFIE01000011_gene2952,annotation&nbsp;not&nbsp;available,64.6
1029823.AFIE01000014_gene3032,AFIE01000014_gene3032,annotation&nbsp;not&nbsp;available,64.5
1029823.AFIE01000020_gene2797,AFIE01000020_gene2797,annotation&nbsp;not&nbsp;available,64.5
1029823.AFIE01000007_gene1902,AFIE01000007_gene1902,annotation&nbsp;not&nbsp;available,64.5
1029823.AFIE01000012_gene2886,AFIE01000012_gene2886,annotation&nbsp;not&nbsp;available,64.4
1029823.AFIE01000002_gene2353,AFIE01000002_gene2353,annotation&nbsp;not&nbsp;available,64.4
1029823.AFIE01000004_gene1617,AFIE01000004_gene1617,annotation&nbsp;not&nbsp;available,64.4
1029823.AFIE01000002_gene2326,AFIE01000002_gene2326,annotation&nbsp;not&nbsp;available,64.3
1029823.AFIE01000005_gene1234,AFIE01000005_gene1234,annotation&nbsp;not&nbsp;available,64.2
1029823.AFIE01000005_gene1188,AFIE01000005_gene1188,annotation&nbsp;not&nbsp;available,64.2
1029823.AFIE01000011_gene2977,AFIE01000011_gene2977,annotation&nbsp;not&nbsp;available,64.1
1029823.AFIE01000007_gene1845,AFIE01000007_gene1845,annotation&nbsp;not&nbsp;available,64.1
1029823.AFIE01000050_gene898,AFIE01000050_gene898,annotation&nbsp;not&nbsp;available,64.1
1029823.AFIE01000005_gene1190,AFIE01000005_gene1190,annotation&nbsp;not&nbsp;available,64.0
1029823.AFIE01000029_gene3304,AFIE01000029_gene3304,annotation&nbsp;not&nbsp;available,63.9
1029823.AFIE01000035_gene81,AFIE01000035_gene81,annotation&nbsp;not&nbsp;available,63.8
1029823.AFIE01000042_gene746,AFIE01000042_gene746,annotation&nbsp;not&nbsp;available,63.7
1029823.AFIE01000005_gene1217,AFIE01000005_gene1217,annotation&nbsp;not&nbsp;available,63.7
1029823.AFIE01000001_gene2116,AFIE01000001_gene2116,annotation&nbsp;not&nbsp;available,63.7
1029823.AFIE01000005_gene1226,AFIE01000005_gene1226,annotation&nbsp;not&nbsp;available,63.6
1029823.AFIE01000010_gene1824,AFIE01000010_gene1824,annotation&nbsp;not&nbsp;available,63.6
1029823.AFIE01000055_gene1039,AFIE01000055_gene1039,annotation&nbsp;not&nbsp;available,63.5
1029823.AFIE01000037_gene253,AFIE01000037_gene253,annotation&nbsp;not&nbsp;available,63.5
1029823.AFIE01000001_gene2074,AFIE01000001_gene2074,annotation&nbsp;not&nbsp;available,63.4
1029823.AFIE01000001_gene2130,AFIE01000001_gene2130,annotation&nbsp;not&nbsp;available,63.4
1029823.AFIE01000017_gene2735,AFIE01000017_gene2735,annotation&nbsp;not&nbsp;available,63.3
1029823.AFIE01000018_gene2661,AFIE01000018_gene2661,annotation&nbsp;not&nbsp;available,63.3
1029823.AFIE01000018_gene2664,AFIE01000018_gene2664,annotation&nbsp;not&nbsp;available,63.3
1029823.AFIE01000009_gene1685,AFIE01000009_gene1685,annotation&nbsp;not&nbsp;available,63.2
1029823.AFIE01000002_gene2405,AFIE01000002_gene2405,annotation&nbsp;not&nbsp;available,63.1
1029823.AFIE01000035_gene86,AFIE01000035_gene86,annotation&nbsp;not&nbsp;available,63.1
1029823.AFIE01000036_gene75,AFIE01000036_gene75,annotation&nbsp;not&nbsp;available,63.0
1029823.AFIE01000019_gene3577,AFIE01000019_gene3577,annotation&nbsp;not&nbsp;available,62.9
1029823.AFIE01000047_gene892,AFIE01000047_gene892,annotation&nbsp;not&nbsp;available,62.9
1029823.AFIE01000003_gene1414,AFIE01000003_gene1414,annotation&nbsp;not&nbsp;available,62.7
1029823.AFIE01000025_gene3433,AFIE01000025_gene3433,annotation&nbsp;not&nbsp;available,62.7
1029823.AFIE01000001_gene2112,AFIE01000001_gene2112,annotation&nbsp;not&nbsp;available,62.7
1029823.AFIE01000041_gene784,AFIE01000041_gene784,annotation&nbsp;not&nbsp;available,62.7
1029823.AFIE01000038_gene224,AFIE01000038_gene224,annotation&nbsp;not&nbsp;available,62.6
1029823.AFIE01000001_gene2146,AFIE01000001_gene2146,annotation&nbsp;not&nbsp;available,62.6
1029823.AFIE01000001_gene2258,AFIE01000001_gene2258,annotation&nbsp;not&nbsp;available,62.5
1029823.AFIE01000059_gene1081,AFIE01000059_gene1081,annotation&nbsp;not&nbsp;available,62.4
1029823.AFIE01000038_gene225,AFIE01000038_gene225,annotation&nbsp;not&nbsp;available,62.4
1029823.AFIE01000016_gene2545,AFIE01000016_gene2545,annotation&nbsp;not&nbsp;available,62.4
1029823.AFIE01000020_gene2773,AFIE01000020_gene2773,annotation&nbsp;not&nbsp;available,62.4
1029823.AFIE01000028_gene3247,AFIE01000028_gene3247,annotation&nbsp;not&nbsp;available,62.3
1029823.AFIE01000013_gene3122,AFIE01000013_gene3122,annotation&nbsp;not&nbsp;available,62.2
1029823.AFIE01000008_gene1971,AFIE01000008_gene1971,annotation&nbsp;not&nbsp;available,62.2
1029823.AFIE01000046_gene848,AFIE01000046_gene848,annotation&nbsp;not&nbsp;available,62.2
1029823.AFIE01000002_gene2294,AFIE01000002_gene2294,annotation&nbsp;not&nbsp;available,62.2
1029823.AFIE01000007_gene1847,AFIE01000007_gene1847,annotation&nbsp;not&nbsp;available,62.1
1029823.AFIE01000008_gene2018,AFIE01000008_gene2018,annotation&nbsp;not&nbsp;available,62.1
1029823.AFIE01000071_gene293,AFIE01000071_gene293,annotation&nbsp;not&nbsp;available,62.1
1029823.AFIE01000003_gene1496,AFIE01000003_gene1496,annotation&nbsp;not&nbsp;available,62.1
1029823.AFIE01000003_gene1500,AFIE01000003_gene1500,annotation&nbsp;not&nbsp;available,62.0
1029823.AFIE01000013_gene3124,AFIE01000013_gene3124,annotation&nbsp;not&nbsp;available,62.0
1029823.AFIE01000009_gene1686,AFIE01000009_gene1686,annotation&nbsp;not&nbsp;available,61.9
1029823.AFIE01000048_gene875,AFIE01000048_gene875,annotation&nbsp;not&nbsp;available,61.9
1029823.AFIE01000049_gene916,AFIE01000049_gene916,annotation&nbsp;not&nbsp;available,61.9
1029823.AFIE01000027_gene3203,AFIE01000027_gene3203,annotation&nbsp;not&nbsp;available,61.9
1029823.AFIE01000081_gene3495,AFIE01000081_gene3495,annotation&nbsp;not&nbsp;available,61.8
1029823.AFIE01000045_gene701,AFIE01000045_gene701,annotation&nbsp;not&nbsp;available,61.8
1029823.AFIE01000017_gene2698,AFIE01000017_gene2698,annotation&nbsp;not&nbsp;available,61.8
1029823.AFIE01000055_gene1058,AFIE01000055_gene1058,annotation&nbsp;not&nbsp;available,61.8
1029823.AFIE01000012_gene2855,AFIE01000012_gene2855,annotation&nbsp;not&nbsp;available,61.7
1029823.AFIE01000012_gene2852,AFIE01000012_gene2852,annotation&nbsp;not&nbsp;available,61.7
1029823.AFIE01000004_gene1616,AFIE01000004_gene1616,annotation&nbsp;not&nbsp;available,61.7
1029823.AFIE01000020_gene2748,AFIE01000020_gene2748,annotation&nbsp;not&nbsp;available,61.7
1029823.AFIE01000068_gene416,AFIE01000068_gene416,annotation&nbsp;not&nbsp;available,61.7
1029823.AFIE01000038_gene229,AFIE01000038_gene229,annotation&nbsp;not&nbsp;available,61.6
1029823.AFIE01000050_gene897,AFIE01000050_gene897,annotation&nbsp;not&nbsp;available,61.5
1029823.AFIE01000023_gene3336,AFIE01000023_gene3336,annotation&nbsp;not&nbsp;available,61.5
1029823.AFIE01000006_gene1378,AFIE01000006_gene1378,annotation&nbsp;not&nbsp;available,61.4
1029823.AFIE01000006_gene1329,AFIE01000006_gene1329,annotation&nbsp;not&nbsp;available,61.3
1029823.AFIE01000078_gene358,AFIE01000078_gene358,annotation&nbsp;not&nbsp;available,61.3
1029823.AFIE01000013_gene3095,AFIE01000013_gene3095,annotation&nbsp;not&nbsp;available,61.1
1029823.AFIE01000037_gene256,AFIE01000037_gene256,annotation&nbsp;not&nbsp;available,61.0
1029823.AFIE01000041_gene785,AFIE01000041_gene785,annotation&nbsp;not&nbsp;available,61.0
1029823.AFIE01000041_gene775,AFIE01000041_gene775,annotation&nbsp;not&nbsp;available,61.0
1029823.AFIE01000012_gene2894,AFIE01000012_gene2894,annotation&nbsp;not&nbsp;available,61.0
1029823.AFIE01000036_gene64,AFIE01000036_gene64,annotation&nbsp;not&nbsp;available,60.9
1029823.AFIE01000031_gene36,AFIE01000031_gene36,annotation&nbsp;not&nbsp;available,60.9
1029823.AFIE01000008_gene1968,AFIE01000008_gene1968,annotation&nbsp;not&nbsp;available,60.7
1029823.AFIE01000011_gene2916,AFIE01000011_gene2916,annotation&nbsp;not&nbsp;available,60.6
1029823.AFIE01000004_gene1542,AFIE01000004_gene1542,annotation&nbsp;not&nbsp;available,60.6
1029823.AFIE01000002_gene2296,AFIE01000002_gene2296,annotation&nbsp;not&nbsp;available,60.5
1029823.AFIE01000013_gene3065,AFIE01000013_gene3065,annotation&nbsp;not&nbsp;available,60.5
1029823.AFIE01000021_gene3145,AFIE01000021_gene3145,annotation&nbsp;not&nbsp;available,60.4
1029823.AFIE01000030_gene3642,AFIE01000030_gene3642,annotation&nbsp;not&nbsp;available,60.4
1029823.AFIE01000041_gene777,AFIE01000041_gene777,annotation&nbsp;not&nbsp;available,60.3
1029823.AFIE01000021_gene3154,AFIE01000021_gene3154,annotation&nbsp;not&nbsp;available,60.3
1029823.AFIE01000022_gene956,AFIE01000022_gene956,annotation&nbsp;not&nbsp;available,60.3
1029823.AFIE01000001_gene2135,AFIE01000001_gene2135,annotation&nbsp;not&nbsp;available,60.2
1029823.AFIE01000006_gene1302,AFIE01000006_gene1302,annotation&nbsp;not&nbsp;available,60.2
1029823.AFIE01000050_gene906,AFIE01000050_gene906,annotation&nbsp;not&nbsp;available,60.1
1029823.AFIE01000019_gene3528,AFIE01000019_gene3528,annotation&nbsp;not&nbsp;available,60.1
1029823.AFIE01000009_gene1701,AFIE01000009_gene1701,annotation&nbsp;not&nbsp;available,60.1
1029823.AFIE01000025_gene3444,AFIE01000025_gene3444,annotation&nbsp;not&nbsp;available,60.0
1029823.AFIE01000002_gene2409,AFIE01000002_gene2409,annotation&nbsp;not&nbsp;available,60.0
1029823.AFIE01000065_gene451,AFIE01000065_gene451,annotation&nbsp;not&nbsp;available,59.9
1029823.AFIE01000003_gene1498,AFIE01000003_gene1498,annotation&nbsp;not&nbsp;available,59.9
1029823.AFIE01000001_gene2148,AFIE01000001_gene2148,annotation&nbsp;not&nbsp;available,59.8
1029823.AFIE01000003_gene1459,AFIE01000003_gene1459,annotation&nbsp;not&nbsp;available,59.8
1029823.AFIE01000042_gene733,AFIE01000042_gene733,annotation&nbsp;not&nbsp;available,59.8
1029823.AFIE01000024_gene3358,AFIE01000024_gene3358,annotation&nbsp;not&nbsp;available,59.8
1029823.AFIE01000031_gene13,AFIE01000031_gene13,annotation&nbsp;not&nbsp;available,59.8
1029823.AFIE01000035_gene87,AFIE01000035_gene87,annotation&nbsp;not&nbsp;available,59.8
1029823.AFIE01000014_gene3033,AFIE01000014_gene3033,annotation&nbsp;not&nbsp;available,59.8
1029823.AFIE01000040_gene152,AFIE01000040_gene152,annotation&nbsp;not&nbsp;available,59.7
1029823.AFIE01000002_gene2432,AFIE01000002_gene2432,annotation&nbsp;not&nbsp;available,59.7
1029823.AFIE01000002_gene2429,AFIE01000002_gene2429,annotation&nbsp;not&nbsp;available,59.6
1029823.AFIE01000001_gene2197,AFIE01000001_gene2197,annotation&nbsp;not&nbsp;available,59.6
1029823.AFIE01000006_gene1367,AFIE01000006_gene1367,annotation&nbsp;not&nbsp;available,59.5
1029823.AFIE01000003_gene1489,AFIE01000003_gene1489,annotation&nbsp;not&nbsp;available,59.4
1029823.AFIE01000008_gene1983,AFIE01000008_gene1983,annotation&nbsp;not&nbsp;available,59.2
1029823.AFIE01000074_gene322,AFIE01000074_gene322,annotation&nbsp;not&nbsp;available,59.2
1029823.AFIE01000019_gene3533,AFIE01000019_gene3533,annotation&nbsp;not&nbsp;available,59.2
1029823.AFIE01000027_gene3197,AFIE01000027_gene3197,annotation&nbsp;not&nbsp;available,59.1
1029823.AFIE01000007_gene1948,AFIE01000007_gene1948,annotation&nbsp;not&nbsp;available,59.0
1029823.AFIE01000028_gene3252,AFIE01000028_gene3252,annotation&nbsp;not&nbsp;available,58.9
1029823.AFIE01000003_gene1390,AFIE01000003_gene1390,annotation&nbsp;not&nbsp;available,58.8
1029823.AFIE01000005_gene1255,AFIE01000005_gene1255,annotation&nbsp;not&nbsp;available,58.8
1029823.AFIE01000002_gene2270,AFIE01000002_gene2270,annotation&nbsp;not&nbsp;available,58.8
1029823.AFIE01000006_gene1304,AFIE01000006_gene1304,annotation&nbsp;not&nbsp;available,58.7
1029823.AFIE01000047_gene890,AFIE01000047_gene890,annotation&nbsp;not&nbsp;available,58.7
1029823.AFIE01000008_gene1957,AFIE01000008_gene1957,annotation&nbsp;not&nbsp;available,58.6
1029823.AFIE01000022_gene964,AFIE01000022_gene964,annotation&nbsp;not&nbsp;available,58.5
1029823.AFIE01000008_gene1969,AFIE01000008_gene1969,annotation&nbsp;not&nbsp;available,58.5
1029823.AFIE01000003_gene1514,AFIE01000003_gene1514,annotation&nbsp;not&nbsp;available,58.5
1029823.AFIE01000004_gene1646,AFIE01000004_gene1646,annotation&nbsp;not&nbsp;available,58.5
1029823.AFIE01000001_gene2221,AFIE01000001_gene2221,annotation&nbsp;not&nbsp;available,58.3
1029823.AFIE01000003_gene1511,AFIE01000003_gene1511,annotation&nbsp;not&nbsp;available,58.2
1029823.AFIE01000008_gene2012,AFIE01000008_gene2012,annotation&nbsp;not&nbsp;available,58.1
1029823.AFIE01000012_gene2888,AFIE01000012_gene2888,annotation&nbsp;not&nbsp;available,58.1
1029823.AFIE01000036_gene67,AFIE01000036_gene67,annotation&nbsp;not&nbsp;available,58.0
1029823.AFIE01000002_gene2418,AFIE01000002_gene2418,annotation&nbsp;not&nbsp;available,58.0
1029823.AFIE01000003_gene1383,AFIE01000003_gene1383,annotation&nbsp;not&nbsp;available,57.9
1029823.AFIE01000022_gene967,AFIE01000022_gene967,annotation&nbsp;not&nbsp;available,57.7
1029823.AFIE01000003_gene1419,AFIE01000003_gene1419,annotation&nbsp;not&nbsp;available,57.7
1029823.AFIE01000027_gene3212,AFIE01000027_gene3212,annotation&nbsp;not&nbsp;available,57.7
1029823.AFIE01000001_gene2052,AFIE01000001_gene2052,annotation&nbsp;not&nbsp;available,57.7
1029823.AFIE01000015_gene2611,AFIE01000015_gene2611,annotation&nbsp;not&nbsp;available,57.7
1029823.AFIE01000002_gene2333,AFIE01000002_gene2333,annotation&nbsp;not&nbsp;available,57.6
1029823.AFIE01000002_gene2388,AFIE01000002_gene2388,annotation&nbsp;not&nbsp;available,57.6
1029823.AFIE01000046_gene845,AFIE01000046_gene845,annotation&nbsp;not&nbsp;available,57.6
1029823.AFIE01000023_gene3335,AFIE01000023_gene3335,annotation&nbsp;not&nbsp;available,57.5
1029823.AFIE01000004_gene1579,AFIE01000004_gene1579,annotation&nbsp;not&nbsp;available,57.5
1029823.AFIE01000023_gene3348,AFIE01000023_gene3348,annotation&nbsp;not&nbsp;available,57.5
1029823.AFIE01000014_gene3021,AFIE01000014_gene3021,annotation&nbsp;not&nbsp;available,57.4
1029823.AFIE01000045_gene702,AFIE01000045_gene702,annotation&nbsp;not&nbsp;available,57.4
1029823.AFIE01000001_gene2119,AFIE01000001_gene2119,annotation&nbsp;not&nbsp;available,57.4
1029823.AFIE01000067_gene421,AFIE01000067_gene421,annotation&nbsp;not&nbsp;available,57.2
1029823.AFIE01000037_gene262,AFIE01000037_gene262,annotation&nbsp;not&nbsp;available,57.2
1029823.AFIE01000004_gene1641,AFIE01000004_gene1641,annotation&nbsp;not&nbsp;available,57.0
1029823.AFIE01000008_gene1974,AFIE01000008_gene1974,annotation&nbsp;not&nbsp;available,56.8
1029823.AFIE01000007_gene1941,AFIE01000007_gene1941,annotation&nbsp;not&nbsp;available,56.7
1029823.AFIE01000016_gene2575,AFIE01000016_gene2575,annotation&nbsp;not&nbsp;available,56.6
1029823.AFIE01000008_gene1991,AFIE01000008_gene1991,annotation&nbsp;not&nbsp;available,56.6
1029823.AFIE01000006_gene1341,AFIE01000006_gene1341,annotation&nbsp;not&nbsp;available,56.6
1029823.AFIE01000070_gene392,AFIE01000070_gene392,annotation&nbsp;not&nbsp;available,56.5
1029823.AFIE01000003_gene1528,AFIE01000003_gene1528,annotation&nbsp;not&nbsp;available,56.5
1029823.AFIE01000010_gene1790,AFIE01000010_gene1790,annotation&nbsp;not&nbsp;available,56.5
1029823.AFIE01000016_gene2554,AFIE01000016_gene2554,annotation&nbsp;not&nbsp;available,56.4
1029823.AFIE01000001_gene2217,AFIE01000001_gene2217,annotation&nbsp;not&nbsp;available,56.4
1029823.AFIE01000004_gene1587,AFIE01000004_gene1587,annotation&nbsp;not&nbsp;available,56.3
1029823.AFIE01000006_gene1335,AFIE01000006_gene1335,annotation&nbsp;not&nbsp;available,56.3
1029823.AFIE01000014_gene3020,AFIE01000014_gene3020,annotation&nbsp;not&nbsp;available,56.0
1029823.AFIE01000007_gene1848,AFIE01000007_gene1848,annotation&nbsp;not&nbsp;available,56.0
1029823.AFIE01000002_gene2446,AFIE01000002_gene2446,annotation&nbsp;not&nbsp;available,56.0
1029823.AFIE01000027_gene3196,AFIE01000027_gene3196,annotation&nbsp;not&nbsp;available,55.8
1029823.AFIE01000009_gene1703,AFIE01000009_gene1703,annotation&nbsp;not&nbsp;available,55.7
1029823.AFIE01000023_gene3347,AFIE01000023_gene3347,annotation&nbsp;not&nbsp;available,55.7
1029823.AFIE01000002_gene2476,AFIE01000002_gene2476,annotation&nbsp;not&nbsp;available,55.7
1029823.AFIE01000003_gene1467,AFIE01000003_gene1467,annotation&nbsp;not&nbsp;available,55.6
1029823.AFIE01000003_gene1398,AFIE01000003_gene1398,annotation&nbsp;not&nbsp;available,55.6
1029823.AFIE01000071_gene288,AFIE01000071_gene288,annotation&nbsp;not&nbsp;available,55.6
1029823.AFIE01000022_gene993,AFIE01000022_gene993,annotation&nbsp;not&nbsp;available,55.5
1029823.AFIE01000023_gene3334,AFIE01000023_gene3334,annotation&nbsp;not&nbsp;available,55.5
1029823.AFIE01000012_gene2843,AFIE01000012_gene2843,annotation&nbsp;not&nbsp;available,55.5
1029823.AFIE01000001_gene2188,AFIE01000001_gene2188,annotation&nbsp;not&nbsp;available,55.5
1029823.AFIE01000022_gene966,AFIE01000022_gene966,annotation&nbsp;not&nbsp;available,55.4
1029823.AFIE01000009_gene1750,AFIE01000009_gene1750,annotation&nbsp;not&nbsp;available,55.4
1029823.AFIE01000003_gene1458,AFIE01000003_gene1458,annotation&nbsp;not&nbsp;available,55.3
1029823.AFIE01000006_gene1336,AFIE01000006_gene1336,annotation&nbsp;not&nbsp;available,55.3
1029823.AFIE01000005_gene1178,AFIE01000005_gene1178,annotation&nbsp;not&nbsp;available,55.3
1029823.AFIE01000013_gene3080,AFIE01000013_gene3080,annotation&nbsp;not&nbsp;available,55.3
1029823.AFIE01000016_gene2546,AFIE01000016_gene2546,annotation&nbsp;not&nbsp;available,55.2
1029823.AFIE01000010_gene1815,AFIE01000010_gene1815,annotation&nbsp;not&nbsp;available,55.2
1029823.AFIE01000027_gene3200,AFIE01000027_gene3200,annotation&nbsp;not&nbsp;available,55.1
1029823.AFIE01000012_gene2895,AFIE01000012_gene2895,annotation&nbsp;not&nbsp;available,55.1
1029823.AFIE01000020_gene2786,AFIE01000020_gene2786,annotation&nbsp;not&nbsp;available,55.1
1029823.AFIE01000019_gene3530,AFIE01000019_gene3530,annotation&nbsp;not&nbsp;available,55.1
1029823.AFIE01000016_gene2550,AFIE01000016_gene2550,annotation&nbsp;not&nbsp;available,55.0
1029823.AFIE01000053_gene1075,AFIE01000053_gene1075,annotation&nbsp;not&nbsp;available,55.0
1029823.AFIE01000011_gene2914,AFIE01000011_gene2914,annotation&nbsp;not&nbsp;available,55.0
1029823.AFIE01000003_gene1428,AFIE01000003_gene1428,annotation&nbsp;not&nbsp;available,54.8
1029823.AFIE01000009_gene1747,AFIE01000009_gene1747,annotation&nbsp;not&nbsp;available,54.8
1029823.AFIE01000008_gene1976,AFIE01000008_gene1976,annotation&nbsp;not&nbsp;available,54.7
1029823.AFIE01000053_gene1066,AFIE01000053_gene1066,annotation&nbsp;not&nbsp;available,54.7
1029823.AFIE01000004_gene1660,AFIE01000004_gene1660,annotation&nbsp;not&nbsp;available,54.6
1029823.AFIE01000074_gene318,AFIE01000074_gene318,annotation&nbsp;not&nbsp;available,54.6
1029823.AFIE01000057_gene1117,AFIE01000057_gene1117,annotation&nbsp;not&nbsp;available,54.6
1029823.AFIE01000004_gene1624,AFIE01000004_gene1624,annotation&nbsp;not&nbsp;available,54.5
1029823.AFIE01000057_gene1126,AFIE01000057_gene1126,annotation&nbsp;not&nbsp;available,54.5
1029823.AFIE01000001_gene2066,AFIE01000001_gene2066,annotation&nbsp;not&nbsp;available,54.4
1029823.AFIE01000006_gene1325,AFIE01000006_gene1325,annotation&nbsp;not&nbsp;available,54.4
1029823.AFIE01000061_gene482,AFIE01000061_gene482,annotation&nbsp;not&nbsp;available,54.3
1029823.AFIE01000092_gene2522,AFIE01000092_gene2522,annotation&nbsp;not&nbsp;available,54.3
1029823.AFIE01000001_gene2159,AFIE01000001_gene2159,annotation&nbsp;not&nbsp;available,54.3
1029823.AFIE01000006_gene1305,AFIE01000006_gene1305,annotation&nbsp;not&nbsp;available,54.2
1029823.AFIE01000006_gene1380,AFIE01000006_gene1380,annotation&nbsp;not&nbsp;available,54.1
1029823.AFIE01000063_gene468,AFIE01000063_gene468,annotation&nbsp;not&nbsp;available,54.0
1029823.AFIE01000055_gene1052,AFIE01000055_gene1052,annotation&nbsp;not&nbsp;available,54.0
1029823.AFIE01000038_gene230,AFIE01000038_gene230,annotation&nbsp;not&nbsp;available,53.9
1029823.AFIE01000012_gene2876,AFIE01000012_gene2876,annotation&nbsp;not&nbsp;available,53.8
1029823.AFIE01000008_gene2019,AFIE01000008_gene2019,annotation&nbsp;not&nbsp;available,53.8
1029823.AFIE01000005_gene1200,AFIE01000005_gene1200,annotation&nbsp;not&nbsp;available,53.8
1029823.AFIE01000011_gene2975,AFIE01000011_gene2975,annotation&nbsp;not&nbsp;available,53.7
1029823.AFIE01000016_gene2569,AFIE01000016_gene2569,annotation&nbsp;not&nbsp;available,53.7
1029823.AFIE01000022_gene992,AFIE01000022_gene992,annotation&nbsp;not&nbsp;available,53.6
1029823.AFIE01000012_gene2858,AFIE01000012_gene2858,annotation&nbsp;not&nbsp;available,53.6
1029823.AFIE01000007_gene1864,AFIE01000007_gene1864,annotation&nbsp;not&nbsp;available,53.5
1029823.AFIE01000005_gene1229,AFIE01000005_gene1229,annotation&nbsp;not&nbsp;available,53.4
1029823.AFIE01000039_gene201,AFIE01000039_gene201,annotation&nbsp;not&nbsp;available,53.4
1029823.AFIE01000024_gene3383,AFIE01000024_gene3383,annotation&nbsp;not&nbsp;available,53.3
1029823.AFIE01000025_gene3401,AFIE01000025_gene3401,annotation&nbsp;not&nbsp;available,53.3
1029823.AFIE01000074_gene316,AFIE01000074_gene316,annotation&nbsp;not&nbsp;available,53.3
1029823.AFIE01000018_gene2663,AFIE01000018_gene2663,annotation&nbsp;not&nbsp;available,53.3
1029823.AFIE01000002_gene2336,AFIE01000002_gene2336,annotation&nbsp;not&nbsp;available,53.2
1029823.AFIE01000027_gene3201,AFIE01000027_gene3201,annotation&nbsp;not&nbsp;available,53.2
1029823.AFIE01000023_gene3327,AFIE01000023_gene3327,annotation&nbsp;not&nbsp;available,53.1
1029823.AFIE01000010_gene1822,AFIE01000010_gene1822,annotation&nbsp;not&nbsp;available,53.1
1029823.AFIE01000016_gene2574,AFIE01000016_gene2574,annotation&nbsp;not&nbsp;available,53.1
1029823.AFIE01000004_gene1567,AFIE01000004_gene1567,annotation&nbsp;not&nbsp;available,53.0
1029823.AFIE01000001_gene2155,AFIE01000001_gene2155,annotation&nbsp;not&nbsp;available,52.9
1029823.AFIE01000064_gene461,AFIE01000064_gene461,annotation&nbsp;not&nbsp;available,52.9
1029823.AFIE01000001_gene2095,AFIE01000001_gene2095,annotation&nbsp;not&nbsp;available,52.9
1029823.AFIE01000013_gene3116,AFIE01000013_gene3116,annotation&nbsp;not&nbsp;available,52.8
1029823.AFIE01000003_gene1400,AFIE01000003_gene1400,annotation&nbsp;not&nbsp;available,52.7
1029823.AFIE01000016_gene2571,AFIE01000016_gene2571,annotation&nbsp;not&nbsp;available,52.6
1029823.AFIE01000025_gene3402,AFIE01000025_gene3402,annotation&nbsp;not&nbsp;available,52.6
1029823.AFIE01000010_gene1832,AFIE01000010_gene1832,annotation&nbsp;not&nbsp;available,52.5
1029823.AFIE01000008_gene1977,AFIE01000008_gene1977,annotation&nbsp;not&nbsp;available,52.4
1029823.AFIE01000002_gene2454,AFIE01000002_gene2454,annotation&nbsp;not&nbsp;available,52.3
1029823.AFIE01000003_gene1464,AFIE01000003_gene1464,annotation&nbsp;not&nbsp;available,52.3
1029823.AFIE01000003_gene1533,AFIE01000003_gene1533,annotation&nbsp;not&nbsp;available,52.2
1029823.AFIE01000010_gene1826,AFIE01000010_gene1826,annotation&nbsp;not&nbsp;available,52.1
1029823.AFIE01000009_gene1714,AFIE01000009_gene1714,annotation&nbsp;not&nbsp;available,52.1
1029823.AFIE01000003_gene1504,AFIE01000003_gene1504,annotation&nbsp;not&nbsp;available,52.0
1029823.AFIE01000003_gene1510,AFIE01000003_gene1510,annotation&nbsp;not&nbsp;available,52.0
1029823.AFIE01000061_gene483,AFIE01000061_gene483,annotation&nbsp;not&nbsp;available,52.0
1029823.AFIE01000022_gene960,AFIE01000022_gene960,annotation&nbsp;not&nbsp;available,51.9
1029823.AFIE01000001_gene2163,AFIE01000001_gene2163,annotation&nbsp;not&nbsp;available,51.8
1029823.AFIE01000001_gene2156,AFIE01000001_gene2156,annotation&nbsp;not&nbsp;available,51.7
1029823.AFIE01000003_gene1503,AFIE01000003_gene1503,annotation&nbsp;not&nbsp;available,51.6
1029823.AFIE01000007_gene1858,AFIE01000007_gene1858,annotation&nbsp;not&nbsp;available,51.6
1029823.AFIE01000012_gene2834,AFIE01000012_gene2834,annotation&nbsp;not&nbsp;available,51.5
1029823.AFIE01000005_gene1191,AFIE01000005_gene1191,annotation&nbsp;not&nbsp;available,51.4
1029823.AFIE01000008_gene1973,AFIE01000008_gene1973,annotation&nbsp;not&nbsp;available,51.4
1029823.AFIE01000004_gene1664,AFIE01000004_gene1664,annotation&nbsp;not&nbsp;available,51.4
1029823.AFIE01000004_gene1544,AFIE01000004_gene1544,annotation&nbsp;not&nbsp;available,51.2
1029823.AFIE01000017_gene2722,AFIE01000017_gene2722,annotation&nbsp;not&nbsp;available,51.2
1029823.AFIE01000007_gene1934,AFIE01000007_gene1934,annotation&nbsp;not&nbsp;available,51.1
