1144672.F966_01859,rplT,50S&nbsp;ribosomal&nbsp;protein&nbsp;L20,98.9
1144672.F966_00309,F966_00309,annotation&nbsp;not&nbsp;available,98.9
1144672.F966_01672,F966_01672,dITP/XTP&nbsp;pyrophosphatase,98.8
1144672.F966_03107,F966_03107,annotation&nbsp;not&nbsp;available,98.8
1144672.F966_03802,F966_03802,annotation&nbsp;not&nbsp;available,98.7
1144672.F966_00127,pckG,Phosphoenolpyruvate&nbsp;carboxykinase&nbsp;[GTP],98.7
1144672.F966_01920,F966_01920,annotation&nbsp;not&nbsp;available,98.5
1144672.F966_01874,proC,Pyrroline-5-carboxylate&nbsp;reductase,98.5
1144672.F966_02664,gloB,Hydroxyacylglutathione&nbsp;hydrolase,98.4
1144672.F966_00514,F966_00514,Phosphate-specific&nbsp;transport&nbsp;system&nbsp;accessory&nbsp;protein&nbsp;PhoU,98.4
1144672.F966_03487,F966_03487,annotation&nbsp;not&nbsp;available,98.4
1144672.F966_00615,rpsO,30S&nbsp;ribosomal&nbsp;protein&nbsp;S15,98.4
1144672.F966_01866,pheT,annotation&nbsp;not&nbsp;available,98.4
1144672.F966_01001,kdpB,Potassium-transporting&nbsp;ATPase&nbsp;ATP-binding&nbsp;subunit,98.3
1144672.F966_01660,F966_01660,annotation&nbsp;not&nbsp;available,98.2
1144672.F966_02095,ligA,DNA&nbsp;ligase,98.1
1144672.F966_02393,F966_02393,annotation&nbsp;not&nbsp;available,98.0
1144672.F966_02732,mutL,DNA&nbsp;mismatch&nbsp;repair&nbsp;protein&nbsp;MutL,97.9
1144672.F966_01619,rpsM,30S&nbsp;ribosomal&nbsp;protein&nbsp;S13,97.9
1144672.F966_00786,rplM,50S&nbsp;ribosomal&nbsp;protein&nbsp;L13,97.8
1144672.F966_00990,F966_00990,Cell&nbsp;shape-determining&nbsp;protein&nbsp;MreC,97.8
1144672.F966_03423,F966_03423,annotation&nbsp;not&nbsp;available,97.8
1144672.F966_01997,F966_01997,annotation&nbsp;not&nbsp;available,97.8
1144672.F966_03847,F966_03847,annotation&nbsp;not&nbsp;available,97.8
1144672.F966_01843,F966_01843,annotation&nbsp;not&nbsp;available,97.8
1144672.F966_00986,gatB,Aspartyl/glutamyl-tRNA(Asn/Gln)&nbsp;amidotransferase&nbsp;subunit&nbsp;B,97.8
1144672.F966_01471,ftsI,"Peptidoglycan&nbsp;D,D-transpeptidase&nbsp;FtsI",97.7
1144672.F966_02835,hutG,Formimidoylglutamase,97.7
1144672.F966_02695,F966_02695,annotation&nbsp;not&nbsp;available,97.7
1144672.F966_01423,hisA,annotation&nbsp;not&nbsp;available,97.7
1144672.F966_01984,F966_01984,annotation&nbsp;not&nbsp;available,97.6
1144672.F966_00291,prpB,2-methylisocitrate&nbsp;lyase,97.5
1144672.F966_00363,F966_00363,annotation&nbsp;not&nbsp;available,97.4
1144672.F966_02147,prs,Ribose-phosphate&nbsp;pyrophosphokinase,97.3
1144672.F966_03829,F966_03829,annotation&nbsp;not&nbsp;available,97.2
1144672.F966_00014,adk,Adenylate&nbsp;kinase,97.1
1144672.F966_02030,nuoC,NADH-quinone&nbsp;oxidoreductase&nbsp;subunit&nbsp;C/D,97.0
1144672.F966_02151,F966_02151,annotation&nbsp;not&nbsp;available,96.8
1144672.F966_04012,mutS,DNA&nbsp;mismatch&nbsp;repair&nbsp;protein&nbsp;MutS,96.8
1144672.F966_02240,fusA,Elongation&nbsp;factor&nbsp;G,96.8
1144672.F966_01413,hisF,Imidazole&nbsp;glycerol&nbsp;phosphate&nbsp;synthase&nbsp;subunit&nbsp;HisF,96.7
1144672.F966_02224,F966_02224,annotation&nbsp;not&nbsp;available,96.7
1144672.F966_02238,rpsL,30S&nbsp;ribosomal&nbsp;protein&nbsp;S12,96.7
1144672.F966_01304,pyrE,Orotate&nbsp;phosphoribosyltransferase,96.7
1144672.F966_01058,F966_01058,annotation&nbsp;not&nbsp;available,96.6
1144672.F966_02846,F966_02846,annotation&nbsp;not&nbsp;available,96.6
1144672.F966_01056,F966_01056,annotation&nbsp;not&nbsp;available,96.5
1144672.F966_01656,F966_01656,annotation&nbsp;not&nbsp;available,96.5
1144672.F966_00680,leuD,3-isopropylmalate&nbsp;dehydratase&nbsp;small&nbsp;subunit,96.4
1144672.F966_01486,F966_01486,annotation&nbsp;not&nbsp;available,96.4
1144672.F966_03539,F966_03539,annotation&nbsp;not&nbsp;available,96.4
1144672.F966_01218,F966_01218,annotation&nbsp;not&nbsp;available,96.3
1144672.F966_03047,F966_03047,annotation&nbsp;not&nbsp;available,96.2
1144672.F966_00640,F966_00640,annotation&nbsp;not&nbsp;available,96.2
1144672.F966_00746,mdh,Malate&nbsp;dehydrogenase,96.2
1144672.F966_01022,F966_01022,annotation&nbsp;not&nbsp;available,96.2
1144672.F966_01440,F966_01440,annotation&nbsp;not&nbsp;available,96.1
1144672.F966_02036,F966_02036,annotation&nbsp;not&nbsp;available,96.1
1144672.F966_02525,purN,Phosphoribosylglycinamide&nbsp;formyltransferase,96.1
1144672.F966_02034,nuoH,NADH-quinone&nbsp;oxidoreductase&nbsp;subunit&nbsp;H,96.1
1144672.F966_01414,thrB,annotation&nbsp;not&nbsp;available,96.0
1144672.F966_02941,prfA,Peptide&nbsp;chain&nbsp;release&nbsp;factor&nbsp;1,95.9
1144672.F966_00143,F966_00143,annotation&nbsp;not&nbsp;available,95.9
1144672.F966_00987,gatA,Glutamyl-tRNA(Gln)&nbsp;amidotransferase&nbsp;subunit&nbsp;A,95.8
1144672.F966_00611,recC,RecBCD&nbsp;enzyme&nbsp;subunit&nbsp;RecC,95.8
1144672.F966_02236,F966_02236,annotation&nbsp;not&nbsp;available,95.7
1144672.F966_02720,F966_02720,annotation&nbsp;not&nbsp;available,95.7
1144672.F966_04129,F966_04129,annotation&nbsp;not&nbsp;available,95.6
1144672.F966_00529,F966_00529,annotation&nbsp;not&nbsp;available,95.6
1144672.F966_03542,F966_03542,annotation&nbsp;not&nbsp;available,95.5
1144672.F966_02659,F966_02659,annotation&nbsp;not&nbsp;available,95.4
1144672.F966_00076,F966_00076,Sensor&nbsp;protein,95.4
1144672.F966_02963,coq7,"2-nonaprenyl-3-methyl-6-methoxy-1,4-benzoquinol&nbsp;hydroxylase",95.2
1144672.F966_01078,rpoD,RNA&nbsp;polymerase&nbsp;sigma&nbsp;factor&nbsp;RpoD,95.2
1144672.F966_03596,gcvH,Glycine&nbsp;cleavage&nbsp;system&nbsp;H&nbsp;protein,95.2
1144672.F966_03443,F966_03443,annotation&nbsp;not&nbsp;available,95.1
1144672.F966_00685,infA,Translation&nbsp;initiation&nbsp;factor&nbsp;IF-1,95.1
1144672.F966_03353,F966_03353,annotation&nbsp;not&nbsp;available,95.1
1144672.F966_01840,F966_01840,annotation&nbsp;not&nbsp;available,95.1
1144672.F966_02464,F966_02464,annotation&nbsp;not&nbsp;available,95.0
1144672.F966_02887,F966_02887,annotation&nbsp;not&nbsp;available,94.9
1144672.F966_03521,F966_03521,annotation&nbsp;not&nbsp;available,94.9
1144672.F966_03171,F966_03171,annotation&nbsp;not&nbsp;available,94.8
1144672.F966_00735,xpt,Xanthine&nbsp;phosphoribosyltransferase,94.8
1144672.F966_01755,leuS,annotation&nbsp;not&nbsp;available,94.8
1144672.F966_01692,ackA,Acetate&nbsp;kinase,94.8
1144672.F966_00488,F966_00488,annotation&nbsp;not&nbsp;available,94.8
1144672.F966_00279,F966_00279,annotation&nbsp;not&nbsp;available,94.8
1144672.F966_02766,F966_02766,annotation&nbsp;not&nbsp;available,94.7
1144672.F966_01038,F966_01038,annotation&nbsp;not&nbsp;available,94.7
1144672.F966_03767,F966_03767,Iron-sulfur&nbsp;cluster&nbsp;assembly&nbsp;scaffold&nbsp;protein&nbsp;IscU,94.6
1144672.F966_01474,mraY,Phospho-N-acetylmuramoyl-pentapeptide-transferase,94.6
1144672.F966_00100,F966_00100,Polyphosphate&nbsp;kinase,94.5
1144672.F966_02023,F966_02023,Ribonucleoside-diphosphate&nbsp;reductase,94.4
1144672.F966_00368,F966_00368,annotation&nbsp;not&nbsp;available,94.2
1144672.F966_00281,F966_00281,annotation&nbsp;not&nbsp;available,94.2
1144672.F966_00365,argS,annotation&nbsp;not&nbsp;available,94.2
1144672.F966_03758,recA,Protein&nbsp;RecA,94.2
1144672.F966_03543,F966_03543,annotation&nbsp;not&nbsp;available,94.1
1144672.F966_00486,F966_00486,annotation&nbsp;not&nbsp;available,94.1
1144672.F966_01825,F966_01825,annotation&nbsp;not&nbsp;available,94.0
1144672.F966_00225,F966_00225,annotation&nbsp;not&nbsp;available,93.9
1144672.F966_00540,rplA,50S&nbsp;ribosomal&nbsp;protein&nbsp;L1,93.9
1144672.F966_01041,F966_01041,annotation&nbsp;not&nbsp;available,93.9
1144672.F966_03928,surE,5'-nucleotidase&nbsp;SurE,93.9
1144672.F966_02787,aroD,3-dehydroquinate&nbsp;dehydratase,93.9
1144672.F966_02102,F966_02102,annotation&nbsp;not&nbsp;available,93.8
1144672.F966_02747,F966_02747,annotation&nbsp;not&nbsp;available,93.7
1144672.F966_03405,F966_03405,Phospho-2-dehydro-3-deoxyheptonate&nbsp;aldolase,93.7
1144672.F966_03552,F966_03552,annotation&nbsp;not&nbsp;available,93.6
1144672.F966_02327,F966_02327,annotation&nbsp;not&nbsp;available,93.5
1144672.F966_03466,pyrH,Uridylate&nbsp;kinase,93.5
1144672.F966_03447,F966_03447,annotation&nbsp;not&nbsp;available,93.4
1144672.F966_01193,F966_01193,annotation&nbsp;not&nbsp;available,93.4
1144672.F966_00306,F966_00306,annotation&nbsp;not&nbsp;available,93.3
1144672.F966_01835,F966_01835,annotation&nbsp;not&nbsp;available,93.1
1144672.F966_03370,recR,Recombination&nbsp;protein&nbsp;RecR,93.1
1144672.F966_03202,F966_03202,Sensor&nbsp;protein,93.0
1144672.F966_02136,F966_02136,Acyl&nbsp;carrier&nbsp;protein,92.8
1144672.F966_00951,F966_00951,annotation&nbsp;not&nbsp;available,92.8
1144672.F966_03424,F966_03424,annotation&nbsp;not&nbsp;available,92.8
1144672.F966_02028,nuoA,NADH-quinone&nbsp;oxidoreductase&nbsp;subunit&nbsp;A,92.5
1144672.F966_02518,F966_02518,annotation&nbsp;not&nbsp;available,92.5
1144672.F966_00520,F966_00520,annotation&nbsp;not&nbsp;available,92.4
1144672.F966_03097,ftsY,Signal&nbsp;recognition&nbsp;particle&nbsp;receptor&nbsp;FtsY,92.4
1144672.F966_03416,F966_03416,annotation&nbsp;not&nbsp;available,92.3
1144672.F966_02653,F966_02653,annotation&nbsp;not&nbsp;available,92.3
1144672.F966_02577,F966_02577,annotation&nbsp;not&nbsp;available,92.3
1144672.F966_02943,F966_02943,annotation&nbsp;not&nbsp;available,92.3
1144672.F966_00034,F966_00034,annotation&nbsp;not&nbsp;available,92.3
1144672.F966_01616,rplO,50S&nbsp;ribosomal&nbsp;protein&nbsp;L15,92.2
1144672.F966_00052,hemL,annotation&nbsp;not&nbsp;available,92.1
1144672.F966_02041,upp,Uracil&nbsp;phosphoribosyltransferase,92.1
1144672.F966_02520,F966_02520,annotation&nbsp;not&nbsp;available,92.1
1144672.F966_01596,rpsJ,30S&nbsp;ribosomal&nbsp;protein&nbsp;S10,91.9
1144672.F966_03725,purF,Amidophosphoribosyltransferase,91.9
1144672.F966_04023,F966_04023,annotation&nbsp;not&nbsp;available,91.8
1144672.F966_03437,F966_03437,annotation&nbsp;not&nbsp;available,91.8
1144672.F966_02713,rpsR,30S&nbsp;ribosomal&nbsp;protein&nbsp;S18,91.7
1144672.F966_01623,rplQ,annotation&nbsp;not&nbsp;available,91.7
1144672.F966_03468,F966_03468,annotation&nbsp;not&nbsp;available,91.6
1144672.F966_02580,tmk,Thymidylate&nbsp;kinase,91.6
1144672.F966_00308,F966_00308,annotation&nbsp;not&nbsp;available,91.5
1144672.F966_02535,fbp,annotation&nbsp;not&nbsp;available,91.5
1144672.F966_02134,F966_02134,annotation&nbsp;not&nbsp;available,91.5
1144672.F966_02414,F966_02414,annotation&nbsp;not&nbsp;available,91.5
1144672.F966_03133,F966_03133,Phospho-2-dehydro-3-deoxyheptonate&nbsp;aldolase,91.3
1144672.F966_03530,F966_03530,annotation&nbsp;not&nbsp;available,91.3
1144672.F966_02937,F966_02937,annotation&nbsp;not&nbsp;available,91.2
1144672.F966_00629,F966_00629,annotation&nbsp;not&nbsp;available,91.2
1144672.F966_00280,F966_00280,annotation&nbsp;not&nbsp;available,91.1
1144672.F966_02139,F966_02139,annotation&nbsp;not&nbsp;available,91.0
1144672.F966_03439,F966_03439,annotation&nbsp;not&nbsp;available,91.0
1144672.F966_01601,rpsS,30S&nbsp;ribosomal&nbsp;protein&nbsp;S19,91.0
1144672.F966_00840,F966_00840,annotation&nbsp;not&nbsp;available,91.0
1144672.F966_02443,F966_02443,annotation&nbsp;not&nbsp;available,91.0
1144672.F966_00347,F966_00347,annotation&nbsp;not&nbsp;available,90.8
1144672.F966_04003,F966_04003,annotation&nbsp;not&nbsp;available,90.7
1144672.F966_02458,F966_02458,annotation&nbsp;not&nbsp;available,90.7
1144672.F966_01269,F966_01269,annotation&nbsp;not&nbsp;available,90.6
1144672.F966_00481,F966_00481,annotation&nbsp;not&nbsp;available,90.6
1144672.F966_02821,F966_02821,annotation&nbsp;not&nbsp;available,90.6
1144672.F966_01780,F966_01780,annotation&nbsp;not&nbsp;available,90.5
1144672.F966_01827,F966_01827,NAD(P)&nbsp;transhydrogenase&nbsp;subunit&nbsp;beta,90.5
1144672.F966_00691,asd,Aspartate-semialdehyde&nbsp;dehydrogenase,90.4
1144672.F966_02944,F966_02944,annotation&nbsp;not&nbsp;available,90.4
1144672.F966_03360,F966_03360,annotation&nbsp;not&nbsp;available,90.4
1144672.F966_03363,F966_03363,Tryptophan&nbsp;synthase&nbsp;beta&nbsp;chain,90.4
1144672.F966_03412,F966_03412,annotation&nbsp;not&nbsp;available,90.3
1144672.F966_01378,F966_01378,annotation&nbsp;not&nbsp;available,90.3
1144672.F966_00920,F966_00920,annotation&nbsp;not&nbsp;available,90.3
1144672.F966_03713,F966_03713,annotation&nbsp;not&nbsp;available,90.2
1144672.F966_00932,F966_00932,annotation&nbsp;not&nbsp;available,90.2
1144672.F966_02399,F966_02399,annotation&nbsp;not&nbsp;available,90.2
1144672.F966_02081,F966_02081,annotation&nbsp;not&nbsp;available,90.2
1144672.F966_00289,F966_00289,annotation&nbsp;not&nbsp;available,90.1
1144672.F966_01687,F966_01687,Fumarate&nbsp;hydratase&nbsp;class&nbsp;I,90.1
1144672.F966_02836,F966_02836,annotation&nbsp;not&nbsp;available,90.0
1144672.F966_02040,nuoN,NADH-quinone&nbsp;oxidoreductase&nbsp;subunit&nbsp;N,90.0
1144672.F966_02741,glnS,annotation&nbsp;not&nbsp;available,90.0
1144672.F966_02544,ruvB,Holliday&nbsp;junction&nbsp;ATP-dependent&nbsp;DNA&nbsp;helicase&nbsp;RuvB,90.0
1144672.F966_00761,F966_00761,annotation&nbsp;not&nbsp;available,90.0
1144672.F966_02855,F966_02855,annotation&nbsp;not&nbsp;available,90.0
1144672.F966_00662,F966_00662,annotation&nbsp;not&nbsp;available,90.0
1144672.F966_01233,purC,annotation&nbsp;not&nbsp;available,90.0
1144672.F966_02287,F966_02287,annotation&nbsp;not&nbsp;available,89.9
1144672.F966_03862,F966_03862,annotation&nbsp;not&nbsp;available,89.8
1144672.F966_02745,F966_02745,annotation&nbsp;not&nbsp;available,89.8
1144672.F966_01342,acsA,Acetyl-coenzyme&nbsp;A&nbsp;synthetase,89.8
1144672.F966_01057,F966_01057,annotation&nbsp;not&nbsp;available,89.7
1144672.F966_00177,F966_00177,Sensor&nbsp;protein,89.7
1144672.F966_02574,F966_02574,annotation&nbsp;not&nbsp;available,89.7
1144672.F966_02537,F966_02537,annotation&nbsp;not&nbsp;available,89.7
1144672.F966_00496,F966_00496,annotation&nbsp;not&nbsp;available,89.6
1144672.F966_03520,F966_03520,Biotin&nbsp;carboxyl&nbsp;carrier&nbsp;protein&nbsp;of&nbsp;acetyl-CoA&nbsp;carboxylase,89.6
1144672.F966_02738,F966_02738,annotation&nbsp;not&nbsp;available,89.5
1144672.F966_04118,rnhA,Ribonuclease&nbsp;H,89.4
1144672.F966_01929,nadA,Quinolinate&nbsp;synthase&nbsp;A,89.4
1144672.F966_02545,ruvA,Holliday&nbsp;junction&nbsp;ATP-dependent&nbsp;DNA&nbsp;helicase&nbsp;RuvA,89.4
1144672.F966_03755,F966_03755,annotation&nbsp;not&nbsp;available,89.4
1144672.F966_03824,F966_03824,annotation&nbsp;not&nbsp;available,89.4
1144672.F966_02261,F966_02261,annotation&nbsp;not&nbsp;available,89.3
1144672.F966_04055,cysN,Sulfate&nbsp;adenylyltransferase&nbsp;subunit&nbsp;1,89.3
1144672.F966_00721,rpmG,annotation&nbsp;not&nbsp;available,89.2
1144672.F966_02714,rpsF,30S&nbsp;ribosomal&nbsp;protein&nbsp;S6,89.2
1144672.F966_00589,nusA,Transcription&nbsp;termination/antitermination&nbsp;protein&nbsp;NusA,89.2
1144672.F966_00679,leuC,3-isopropylmalate&nbsp;dehydratase&nbsp;large&nbsp;subunit,89.0
1144672.F966_02468,F966_02468,annotation&nbsp;not&nbsp;available,89.0
1144672.F966_00722,rpmB,annotation&nbsp;not&nbsp;available,88.9
1144672.F966_01446,F966_01446,annotation&nbsp;not&nbsp;available,88.9
1144672.F966_03199,F966_03199,annotation&nbsp;not&nbsp;available,88.9
1144672.F966_03967,tsaD,tRNA&nbsp;N6-adenosine&nbsp;threonylcarbamoyltransferase,88.9
1144672.F966_00530,trpE,Anthranilate&nbsp;synthase&nbsp;component&nbsp;1,88.8
1144672.F966_02152,hemA,Glutamyl-tRNA&nbsp;reductase,88.6
1144672.F966_03513,F966_03513,annotation&nbsp;not&nbsp;available,88.5
1144672.F966_01234,F966_01234,annotation&nbsp;not&nbsp;available,88.5
1144672.F966_03438,F966_03438,annotation&nbsp;not&nbsp;available,88.3
1144672.F966_03519,aroQ,3-dehydroquinate&nbsp;dehydratase,88.3
1144672.F966_02781,F966_02781,annotation&nbsp;not&nbsp;available,88.1
1144672.F966_01142,F966_01142,annotation&nbsp;not&nbsp;available,88.1
1144672.F966_03696,glnD,Bifunctional&nbsp;uridylyltransferase/uridylyl-removing&nbsp;enzyme,88.0
1144672.F966_00101,mtgA,Biosynthetic&nbsp;peptidoglycan&nbsp;transglycosylase,88.0
1144672.F966_02293,F966_02293,annotation&nbsp;not&nbsp;available,88.0
1144672.F966_01060,F966_01060,annotation&nbsp;not&nbsp;available,88.0
1144672.F966_02122,F966_02122,annotation&nbsp;not&nbsp;available,87.9
1144672.F966_02452,F966_02452,annotation&nbsp;not&nbsp;available,87.9
1144672.F966_02936,F966_02936,annotation&nbsp;not&nbsp;available,87.9
1144672.F966_01791,F966_01791,Aconitate&nbsp;hydratase,87.8
1144672.F966_02662,ahcY,Adenosylhomocysteinase,87.7
1144672.F966_04091,F966_04091,annotation&nbsp;not&nbsp;available,87.7
1144672.F966_03923,F966_03923,Lactoylglutathione&nbsp;lyase,87.7
1144672.F966_03001,F966_03001,Penicillin-binding&nbsp;protein&nbsp;1B,87.7
1144672.F966_01615,rpmD,annotation&nbsp;not&nbsp;available,87.7
1144672.F966_00376,atpH,ATP&nbsp;synthase&nbsp;subunit&nbsp;delta,87.6
1144672.F966_00682,leuB,3-isopropylmalate&nbsp;dehydrogenase,87.6
1144672.F966_01577,F966_01577,annotation&nbsp;not&nbsp;available,87.5
1144672.F966_01008,F966_01008,annotation&nbsp;not&nbsp;available,87.4
1144672.F966_02074,dcd,annotation&nbsp;not&nbsp;available,87.3
1144672.F966_00492,gpmI,"2,3-bisphosphoglycerate-independent&nbsp;phosphoglycerate&nbsp;mutase",87.2
1144672.F966_02697,F966_02697,annotation&nbsp;not&nbsp;available,87.2
1144672.F966_00075,F966_00075,annotation&nbsp;not&nbsp;available,87.2
1144672.F966_00249,argA,annotation&nbsp;not&nbsp;available,87.2
1144672.F966_00282,pgi,annotation&nbsp;not&nbsp;available,87.1
1144672.F966_01604,rplP,50S&nbsp;ribosomal&nbsp;protein&nbsp;L16,86.9
1144672.F966_01832,F966_01832,annotation&nbsp;not&nbsp;available,86.9
1144672.F966_03225,F966_03225,annotation&nbsp;not&nbsp;available,86.8
1144672.F966_01704,F966_01704,annotation&nbsp;not&nbsp;available,86.8
1144672.F966_02974,F966_02974,annotation&nbsp;not&nbsp;available,86.8
1144672.F966_01345,F966_01345,annotation&nbsp;not&nbsp;available,86.8
1144672.F966_00132,glpK,Glycerol&nbsp;kinase,86.6
1144672.F966_04114,F966_04114,annotation&nbsp;not&nbsp;available,86.5
1144672.F966_04037,rpsB,annotation&nbsp;not&nbsp;available,86.5
1144672.F966_02317,F966_02317,annotation&nbsp;not&nbsp;available,86.4
1144672.F966_02493,lysA,Diaminopimelate&nbsp;decarboxylase,86.4
1144672.F966_02700,hisZ,ATP&nbsp;phosphoribosyltransferase&nbsp;regulatory&nbsp;subunit,86.4
1144672.F966_03601,F966_03601,Bifunctional&nbsp;protein&nbsp;PutA,86.3
1144672.F966_01574,F966_01574,annotation&nbsp;not&nbsp;available,86.3
1144672.F966_00563,fadA,3-ketoacyl-CoA&nbsp;thiolase,86.3
1144672.F966_00564,F966_00564,Fatty&nbsp;acid&nbsp;oxidation&nbsp;complex&nbsp;subunit&nbsp;alpha,86.2
1144672.F966_02228,nadE,Glutamine-dependent&nbsp;NAD(+)&nbsp;synthetase,86.2
1144672.F966_01466,gltX,Glutamate--tRNA&nbsp;ligase,86.2
1144672.F966_01872,accA,Acetyl-coenzyme&nbsp;A&nbsp;carboxylase&nbsp;carboxyl&nbsp;transferase&nbsp;subunit&nbsp;alpha,86.1
1144672.F966_00320,dadA,D-amino&nbsp;acid&nbsp;dehydrogenase,86.1
1144672.F966_03168,F966_03168,annotation&nbsp;not&nbsp;available,86.0
1144672.F966_00826,secD,Protein&nbsp;translocase&nbsp;subunit&nbsp;SecD,85.9
1144672.F966_03483,F966_03483,Sulfurtransferase,85.9
1144672.F966_00093,F966_00093,annotation&nbsp;not&nbsp;available,85.8
1144672.F966_02976,F966_02976,annotation&nbsp;not&nbsp;available,85.8
1144672.F966_02031,F966_02031,annotation&nbsp;not&nbsp;available,85.8
1144672.F966_03773,F966_03773,annotation&nbsp;not&nbsp;available,85.8
1144672.F966_02441,F966_02441,annotation&nbsp;not&nbsp;available,85.8
1144672.F966_02085,ffh,Signal&nbsp;recognition&nbsp;particle&nbsp;protein,85.7
1144672.F966_01093,F966_01093,annotation&nbsp;not&nbsp;available,85.7
1144672.F966_01090,F966_01090,Succinate&nbsp;dehydrogenase&nbsp;hydrophobic&nbsp;membrane&nbsp;anchor&nbsp;subunit,85.5
1144672.F966_00026,pstB,Phosphate&nbsp;import&nbsp;ATP-binding&nbsp;protein&nbsp;PstB,85.5
1144672.F966_02154,bamD,Outer&nbsp;membrane&nbsp;protein&nbsp;assembly&nbsp;factor&nbsp;BamD,85.5
1144672.F966_01472,murE,"UDP-N-acetylmuramoyl-L-alanyl-D-glutamate--2,6-diaminopimelate&nbsp;ligase",85.4
1144672.F966_01621,rpsD,30S&nbsp;ribosomal&nbsp;protein&nbsp;S4,85.4
1144672.F966_04120,F966_04120,annotation&nbsp;not&nbsp;available,85.3
1144672.F966_02709,F966_02709,Alanine&nbsp;racemase,85.3
1144672.F966_03036,lptD,LPS-assembly&nbsp;protein&nbsp;LptD,85.2
1144672.F966_00499,F966_00499,annotation&nbsp;not&nbsp;available,85.2
1144672.F966_00263,F966_00263,annotation&nbsp;not&nbsp;available,85.1
1144672.F966_00099,F966_00099,annotation&nbsp;not&nbsp;available,85.0
1144672.F966_03512,F966_03512,Molybdenum&nbsp;cofactor&nbsp;guanylyltransferase,85.0
1144672.F966_03727,pyrD,Dihydroorotate&nbsp;dehydrogenase&nbsp;(quinone),84.9
1144672.F966_01055,F966_01055,annotation&nbsp;not&nbsp;available,84.9
1144672.F966_03697,F966_03697,annotation&nbsp;not&nbsp;available,84.8
1144672.F966_03807,F966_03807,annotation&nbsp;not&nbsp;available,84.7
1144672.F966_01742,F966_01742,Glutaredoxin,84.6
1144672.F966_02499,F966_02499,annotation&nbsp;not&nbsp;available,84.6
1144672.F966_00375,atpF,ATP&nbsp;synthase&nbsp;subunit&nbsp;b,84.5
1144672.F966_00869,F966_00869,annotation&nbsp;not&nbsp;available,84.5
1144672.F966_00053,thiE,Thiamine-phosphate&nbsp;synthase,84.2
1144672.F966_02928,F966_02928,annotation&nbsp;not&nbsp;available,84.2
1144672.F966_03307,F966_03307,annotation&nbsp;not&nbsp;available,84.2
1144672.F966_03141,pyrG,CTP&nbsp;synthase,84.1
1144672.F966_03518,F966_03518,annotation&nbsp;not&nbsp;available,84.1
1144672.F966_04109,pyrC,Dihydroorotase,84.1
1144672.F966_00950,F966_00950,annotation&nbsp;not&nbsp;available,84.1
1144672.F966_04078,F966_04078,annotation&nbsp;not&nbsp;available,84.0
1144672.F966_02146,rplY,50S&nbsp;ribosomal&nbsp;protein&nbsp;L25,84.0
1144672.F966_00244,ssuB,Aliphatic&nbsp;sulfonates&nbsp;import&nbsp;ATP-binding&nbsp;protein&nbsp;SsuB,83.8
1144672.F966_02502,gyrA,DNA&nbsp;gyrase&nbsp;subunit&nbsp;A,83.7
1144672.F966_01210,dnaJ,Chaperone&nbsp;protein&nbsp;DnaJ,83.5
1144672.F966_01600,rplB,50S&nbsp;ribosomal&nbsp;protein&nbsp;L2,83.5
1144672.F966_02133,rpmF,annotation&nbsp;not&nbsp;available,83.4
1144672.F966_01163,yidC,Membrane&nbsp;protein&nbsp;insertase&nbsp;YidC,83.4
1144672.F966_01482,aroK,Shikimate&nbsp;kinase,83.4
1144672.F966_03515,F966_03515,annotation&nbsp;not&nbsp;available,83.4
1144672.F966_01205,ppc,Phosphoenolpyruvate&nbsp;carboxylase,83.3
1144672.F966_01329,guaB,Inosine-5'-monophosphate&nbsp;dehydrogenase,83.3
1144672.F966_01473,murF,UDP-N-acetylmuramoyl-tripeptide--D-alanyl-D-alanine&nbsp;ligase,83.2
1144672.F966_01481,F966_01481,annotation&nbsp;not&nbsp;available,83.2
1144672.F966_01170,gyrB,DNA&nbsp;gyrase&nbsp;subunit&nbsp;B,83.1
1144672.F966_03695,purT,Formate-dependent&nbsp;phosphoribosylglycinamide&nbsp;formyltransferase,83.0
1144672.F966_00326,F966_00326,annotation&nbsp;not&nbsp;available,83.0
1144672.F966_01162,mnmE,tRNA&nbsp;modification&nbsp;GTPase&nbsp;MnmE,83.0
1144672.F966_03431,F966_03431,annotation&nbsp;not&nbsp;available,82.9
1144672.F966_02703,F966_02703,annotation&nbsp;not&nbsp;available,82.9
1144672.F966_00462,F966_00462,annotation&nbsp;not&nbsp;available,82.8
1144672.F966_01610,rpsN,30S&nbsp;ribosomal&nbsp;protein&nbsp;S14,82.7
1144672.F966_01599,rplW,50S&nbsp;ribosomal&nbsp;protein&nbsp;L23,82.6
1144672.F966_02029,nuoB,NADH-quinone&nbsp;oxidoreductase&nbsp;subunit&nbsp;B,82.5
1144672.F966_00947,F966_00947,annotation&nbsp;not&nbsp;available,82.5
1144672.F966_03006,F966_03006,annotation&nbsp;not&nbsp;available,82.5
1144672.F966_00049,rapA,RNA&nbsp;polymerase-associated&nbsp;protein&nbsp;RapA,82.4
1144672.F966_01602,rplV,50S&nbsp;ribosomal&nbsp;protein&nbsp;L22,82.4
1144672.F966_00612,recB,RecBCD&nbsp;enzyme&nbsp;subunit&nbsp;RecB,82.4
1144672.F966_04094,F966_04094,annotation&nbsp;not&nbsp;available,82.3
1144672.F966_02353,F966_02353,annotation&nbsp;not&nbsp;available,82.3
1144672.F966_02320,F966_02320,annotation&nbsp;not&nbsp;available,82.2
1144672.F966_02123,F966_02123,annotation&nbsp;not&nbsp;available,82.2
1144672.F966_03488,F966_03488,annotation&nbsp;not&nbsp;available,82.2
1144672.F966_00010,F966_00010,annotation&nbsp;not&nbsp;available,82.2
1144672.F966_01127,purK,N5-carboxyaminoimidazole&nbsp;ribonucleotide&nbsp;synthase,82.1
1144672.F966_01366,F966_01366,annotation&nbsp;not&nbsp;available,82.1
1144672.F966_01067,cysG,Siroheme&nbsp;synthase,82.1
1144672.F966_01598,rplD,50S&nbsp;ribosomal&nbsp;protein&nbsp;L4,82.1
1144672.F966_02626,F966_02626,annotation&nbsp;not&nbsp;available,82.0
1144672.F966_00223,F966_00223,annotation&nbsp;not&nbsp;available,82.0
1144672.F966_00072,F966_00072,annotation&nbsp;not&nbsp;available,82.0
1144672.F966_01611,rpsH,30S&nbsp;ribosomal&nbsp;protein&nbsp;S8,82.0
1144672.F966_02581,F966_02581,L-aspartate&nbsp;oxidase,81.9
1144672.F966_03803,F966_03803,annotation&nbsp;not&nbsp;available,81.8
1144672.F966_03825,F966_03825,annotation&nbsp;not&nbsp;available,81.8
1144672.F966_03452,F966_03452,annotation&nbsp;not&nbsp;available,81.7
1144672.F966_00171,F966_00171,annotation&nbsp;not&nbsp;available,81.7
1144672.F966_03535,F966_03535,annotation&nbsp;not&nbsp;available,81.6
1144672.F966_01573,F966_01573,annotation&nbsp;not&nbsp;available,81.5
1144672.F966_03249,F966_03249,annotation&nbsp;not&nbsp;available,81.5
1144672.F966_00325,F966_00325,annotation&nbsp;not&nbsp;available,81.5
1144672.F966_00270,F966_00270,Glucose-1-phosphate&nbsp;thymidylyltransferase,81.5
1144672.F966_00011,F966_00011,Uncharacterized&nbsp;protein,81.4
1144672.F966_00751,F966_00751,annotation&nbsp;not&nbsp;available,81.3
1144672.F966_03562,F966_03562,annotation&nbsp;not&nbsp;available,81.3
1144672.F966_03063,cmk,annotation&nbsp;not&nbsp;available,81.2
1144672.F966_03749,F966_03749,annotation&nbsp;not&nbsp;available,81.2
1144672.F966_02038,F966_02038,annotation&nbsp;not&nbsp;available,81.1
1144672.F966_01678,leuA,2-isopropylmalate&nbsp;synthase,81.1
1144672.F966_00616,pnp,Polyribonucleotide&nbsp;nucleotidyltransferase,80.9
1144672.F966_02867,F966_02867,annotation&nbsp;not&nbsp;available,80.9
1144672.F966_00245,F966_00245,annotation&nbsp;not&nbsp;available,80.9
1144672.F966_02557,F966_02557,annotation&nbsp;not&nbsp;available,80.9
1144672.F966_03830,F966_03830,annotation&nbsp;not&nbsp;available,80.7
1144672.F966_01913,F966_01913,annotation&nbsp;not&nbsp;available,80.6
1144672.F966_02483,glsA,annotation&nbsp;not&nbsp;available,80.6
1144672.F966_00268,F966_00268,annotation&nbsp;not&nbsp;available,80.5
1144672.F966_01553,glyS,annotation&nbsp;not&nbsp;available,80.5
1144672.F966_00517,F966_00517,annotation&nbsp;not&nbsp;available,80.4
1144672.F966_03034,F966_03034,annotation&nbsp;not&nbsp;available,80.3
1144672.F966_02255,minC,Probable&nbsp;septum&nbsp;site-determining&nbsp;protein&nbsp;MinC,80.3
1144672.F966_00292,F966_00292,annotation&nbsp;not&nbsp;available,80.2
1144672.F966_01575,F966_01575,annotation&nbsp;not&nbsp;available,80.2
1144672.F966_03939,mnmA,tRNA-specific&nbsp;2-thiouridylase&nbsp;MnmA,80.2
1144672.F966_01337,F966_01337,annotation&nbsp;not&nbsp;available,80.1
1144672.F966_00036,F966_00036,annotation&nbsp;not&nbsp;available,80.1
1144672.F966_02546,F966_02546,annotation&nbsp;not&nbsp;available,80.0
1144672.F966_03358,F966_03358,annotation&nbsp;not&nbsp;available,80.0
1144672.F966_00378,atpG,ATP&nbsp;synthase&nbsp;gamma&nbsp;chain,79.9
1144672.F966_02008,F966_02008,annotation&nbsp;not&nbsp;available,79.8
1144672.F966_02304,F966_02304,annotation&nbsp;not&nbsp;available,79.8
1144672.F966_01607,rplN,50S&nbsp;ribosomal&nbsp;protein&nbsp;L14,79.8
1144672.F966_03372,metZ,O-succinylhomoserine&nbsp;sulfhydrylase,79.7
1144672.F966_01586,plsB,annotation&nbsp;not&nbsp;available,79.6
1144672.F966_02093,smc,Chromosome&nbsp;partition&nbsp;protein&nbsp;Smc,79.6
1144672.F966_01568,ribA,GTP&nbsp;cyclohydrolase-2,79.6
1144672.F966_01606,rpsQ,30S&nbsp;ribosomal&nbsp;protein&nbsp;S17,79.5
1144672.F966_01850,thrS,Threonine--tRNA&nbsp;ligase,79.5
1144672.F966_00543,rpoB,DNA-directed&nbsp;RNA&nbsp;polymerase&nbsp;subunit&nbsp;beta,79.5
1144672.F966_00688,F966_00688,annotation&nbsp;not&nbsp;available,79.5
1144672.F966_00495,F966_00495,annotation&nbsp;not&nbsp;available,79.4
1144672.F966_03750,rpsT,30S&nbsp;ribosomal&nbsp;protein&nbsp;S20,79.2
1144672.F966_01644,rnr,Ribonuclease&nbsp;R,79.2
1144672.F966_02786,F966_02786,annotation&nbsp;not&nbsp;available,79.2
1144672.F966_03848,F966_03848,annotation&nbsp;not&nbsp;available,79.1
1144672.F966_00136,folD,Bifunctional&nbsp;protein&nbsp;FolD,79.1
1144672.F966_01594,F966_01594,annotation&nbsp;not&nbsp;available,79.0
1144672.F966_02960,F966_02960,annotation&nbsp;not&nbsp;available,79.0
1144672.F966_03523,F966_03523,annotation&nbsp;not&nbsp;available,78.9
1144672.F966_00424,F966_00424,annotation&nbsp;not&nbsp;available,78.9
1144672.F966_01851,F966_01851,annotation&nbsp;not&nbsp;available,78.9
1144672.F966_02712,rplI,50S&nbsp;ribosomal&nbsp;protein&nbsp;L9,78.8
1144672.F966_00880,F966_00880,Tryptophan&nbsp;synthase&nbsp;beta&nbsp;chain,78.8
1144672.F966_01000,kdpA,Potassium-transporting&nbsp;ATPase&nbsp;potassium-binding&nbsp;subunit,78.7
1144672.F966_03572,dnaX,DNA&nbsp;polymerase&nbsp;III&nbsp;subunit&nbsp;gamma/tau,78.7
1144672.F966_03070,pyrF,Orotidine&nbsp;5'-phosphate&nbsp;decarboxylase,78.6
1144672.F966_03754,F966_03754,annotation&nbsp;not&nbsp;available,78.6
1144672.F966_01917,F966_01917,S-formylglutathione&nbsp;hydrolase,78.5
1144672.F966_00519,hemC,Porphobilinogen&nbsp;deaminase,78.4
1144672.F966_01357,uvrA,UvrABC&nbsp;system&nbsp;protein&nbsp;A,78.3
1144672.F966_01239,glmS,Glutamine--fructose-6-phosphate&nbsp;aminotransferase&nbsp;[isomerizing],78.3
1144672.F966_01128,purE,N5-carboxyaminoimidazole&nbsp;ribonucleotide&nbsp;mutase,78.3
1144672.F966_03143,eno,Enolase,78.3
1144672.F966_03681,F966_03681,annotation&nbsp;not&nbsp;available,78.2
1144672.F966_01614,rpsE,30S&nbsp;ribosomal&nbsp;protein&nbsp;S5,78.2
1144672.F966_02658,F966_02658,annotation&nbsp;not&nbsp;available,78.1
1144672.F966_03766,iscS,Cysteine&nbsp;desulfurase&nbsp;IscS,78.0
1144672.F966_02032,F966_02032,NADH-quinone&nbsp;oxidoreductase&nbsp;subunit&nbsp;F,78.0
1144672.F966_01087,F966_01087,annotation&nbsp;not&nbsp;available,78.0
1144672.F966_00996,F966_00996,Uncharacterized&nbsp;protein,77.9
1144672.F966_00600,hisI,annotation&nbsp;not&nbsp;available,77.9
1144672.F966_03712,F966_03712,annotation&nbsp;not&nbsp;available,77.9
1144672.F966_03685,F966_03685,Methionine&nbsp;import&nbsp;ATP-binding&nbsp;protein&nbsp;MetN,77.9
1144672.F966_01285,F966_01285,annotation&nbsp;not&nbsp;available,77.8
1144672.F966_00379,atpD,ATP&nbsp;synthase&nbsp;subunit&nbsp;beta,77.6
1144672.F966_03300,F966_03300,annotation&nbsp;not&nbsp;available,77.6
1144672.F966_01693,proA,Gamma-glutamyl&nbsp;phosphate&nbsp;reductase,77.5
1144672.F966_01834,F966_01834,annotation&nbsp;not&nbsp;available,77.5
1144672.F966_01203,F966_01203,annotation&nbsp;not&nbsp;available,77.4
1144672.F966_00671,F966_00671,annotation&nbsp;not&nbsp;available,77.3
1144672.F966_03941,F966_03941,annotation&nbsp;not&nbsp;available,77.3
1144672.F966_01522,rplS,50S&nbsp;ribosomal&nbsp;protein&nbsp;L19,77.2
1144672.F966_03968,rpsU,annotation&nbsp;not&nbsp;available,77.2
1144672.F966_03504,F966_03504,annotation&nbsp;not&nbsp;available,77.0
1144672.F966_01235,dapA,4-hydroxy-tetrahydrodipicolinate&nbsp;synthase,77.0
1144672.F966_01017,F966_01017,annotation&nbsp;not&nbsp;available,77.0
1144672.F966_01309,F966_01309,annotation&nbsp;not&nbsp;available,76.9
1144672.F966_00259,rph,Ribonuclease&nbsp;PH,76.9
1144672.F966_02351,F966_02351,annotation&nbsp;not&nbsp;available,76.8
1144672.F966_03216,F966_03216,annotation&nbsp;not&nbsp;available,76.8
1144672.F966_03170,F966_03170,annotation&nbsp;not&nbsp;available,76.6
1144672.F966_02312,F966_02312,annotation&nbsp;not&nbsp;available,76.5
1144672.F966_01628,F966_01628,annotation&nbsp;not&nbsp;available,76.5
1144672.F966_01928,argJ,Arginine&nbsp;biosynthesis&nbsp;bifunctional&nbsp;protein&nbsp;ArgJ,76.5
1144672.F966_00490,F966_00490,annotation&nbsp;not&nbsp;available,76.5
1144672.F966_03780,F966_03780,Transaldolase,76.5
1144672.F966_03453,F966_03453,annotation&nbsp;not&nbsp;available,76.4
1144672.F966_00329,F966_00329,annotation&nbsp;not&nbsp;available,76.4
1144672.F966_00820,F966_00820,annotation&nbsp;not&nbsp;available,76.4
1144672.F966_02578,F966_02578,annotation&nbsp;not&nbsp;available,76.3
1144672.F966_03127,clpS,ATP-dependent&nbsp;Clp&nbsp;protease&nbsp;adapter&nbsp;protein&nbsp;ClpS,76.3
1144672.F966_02878,F966_02878,annotation&nbsp;not&nbsp;available,76.3
1144672.F966_01099,F966_01099,annotation&nbsp;not&nbsp;available,76.2
1144672.F966_01431,F966_01431,annotation&nbsp;not&nbsp;available,76.2
1144672.F966_00917,F966_00917,annotation&nbsp;not&nbsp;available,76.1
1144672.F966_00796,F966_00796,annotation&nbsp;not&nbsp;available,76.1
1144672.F966_02768,F966_02768,annotation&nbsp;not&nbsp;available,76.1
1144672.F966_04059,lysS,annotation&nbsp;not&nbsp;available,76.0
1144672.F966_03028,F966_03028,annotation&nbsp;not&nbsp;available,76.0
1144672.F966_03765,F966_03765,annotation&nbsp;not&nbsp;available,75.9
1144672.F966_02039,F966_02039,annotation&nbsp;not&nbsp;available,75.8
1144672.F966_02035,nuoI,NADH-quinone&nbsp;oxidoreductase&nbsp;subunit&nbsp;I,75.7
1144672.F966_00660,rne,Ribonuclease&nbsp;E,75.6
1144672.F966_00817,F966_00817,annotation&nbsp;not&nbsp;available,75.6
1144672.F966_01838,F966_01838,Uncharacterized&nbsp;protein,75.5
1144672.F966_00124,F966_00124,annotation&nbsp;not&nbsp;available,75.4
1144672.F966_02446,F966_02446,annotation&nbsp;not&nbsp;available,75.4
1144672.F966_02274,F966_02274,annotation&nbsp;not&nbsp;available,75.2
1144672.F966_03545,F966_03545,annotation&nbsp;not&nbsp;available,75.1
1144672.F966_01793,F966_01793,annotation&nbsp;not&nbsp;available,75.1
1144672.F966_01605,rpmC,annotation&nbsp;not&nbsp;available,75.1
1144672.F966_00430,F966_00430,annotation&nbsp;not&nbsp;available,75.1
1144672.F966_00527,F966_00527,annotation&nbsp;not&nbsp;available,75.1
1144672.F966_01592,F966_01592,annotation&nbsp;not&nbsp;available,75.0
1144672.F966_01627,F966_01627,annotation&nbsp;not&nbsp;available,75.0
1144672.F966_00307,F966_00307,annotation&nbsp;not&nbsp;available,74.9
1144672.F966_03276,F966_03276,annotation&nbsp;not&nbsp;available,74.8
1144672.F966_01324,F966_01324,annotation&nbsp;not&nbsp;available,74.8
1144672.F966_01244,ribH,"6,7-dimethyl-8-ribityllumazine&nbsp;synthase",74.8
1144672.F966_03480,F966_03480,annotation&nbsp;not&nbsp;available,74.8
1144672.F966_02262,argB,Acetylglutamate&nbsp;kinase,74.7
1144672.F966_02718,F966_02718,annotation&nbsp;not&nbsp;available,74.7
1144672.F966_03478,fumC,Fumarate&nbsp;hydratase&nbsp;class&nbsp;II,74.5
1144672.F966_01042,F966_01042,annotation&nbsp;not&nbsp;available,74.5
1144672.F966_02528,F966_02528,annotation&nbsp;not&nbsp;available,74.5
1144672.F966_01166,rpmH,annotation&nbsp;not&nbsp;available,74.3
1144672.F966_02999,F966_02999,annotation&nbsp;not&nbsp;available,74.3
1144672.F966_01433,F966_01433,annotation&nbsp;not&nbsp;available,74.2
1144672.F966_02997,F966_02997,annotation&nbsp;not&nbsp;available,74.2
1144672.F966_03908,argG,annotation&nbsp;not&nbsp;available,74.1
1144672.F966_01361,F966_01361,Aminopyrimidine&nbsp;aminohydrolase,74.1
1144672.F966_03743,F966_03743,annotation&nbsp;not&nbsp;available,74.1
1144672.F966_00836,F966_00836,annotation&nbsp;not&nbsp;available,74.1
1144672.F966_03905,F966_03905,annotation&nbsp;not&nbsp;available,74.1
1144672.F966_02948,F966_02948,annotation&nbsp;not&nbsp;available,74.1
1144672.F966_00780,F966_00780,annotation&nbsp;not&nbsp;available,74.1
1144672.F966_03970,F966_03970,annotation&nbsp;not&nbsp;available,74.1
1144672.F966_04096,trpD,Anthranilate&nbsp;phosphoribosyltransferase,74.0
1144672.F966_03921,rpmE,50S&nbsp;ribosomal&nbsp;protein&nbsp;L31,74.0
1144672.F966_00544,rpoC,DNA-directed&nbsp;RNA&nbsp;polymerase&nbsp;subunit&nbsp;beta',74.0
1144672.F966_00613,recD,RecBCD&nbsp;enzyme&nbsp;subunit&nbsp;RecD,74.0
1144672.F966_01865,pheS,annotation&nbsp;not&nbsp;available,74.0
1144672.F966_02762,F966_02762,annotation&nbsp;not&nbsp;available,73.9
1144672.F966_01316,ddl,D-alanine--D-alanine&nbsp;ligase,73.9
1144672.F966_02025,F966_02025,annotation&nbsp;not&nbsp;available,73.9
1144672.F966_01759,ilvC,Ketol-acid&nbsp;reductoisomerase&nbsp;(NADP(+)),73.9
1144672.F966_01902,hisC,annotation&nbsp;not&nbsp;available,73.8
1144672.F966_00585,F966_00585,annotation&nbsp;not&nbsp;available,73.8
1144672.F966_00483,F966_00483,Riboflavin&nbsp;biosynthesis&nbsp;protein&nbsp;RibD,73.8
1144672.F966_01426,hisH,Imidazole&nbsp;glycerol&nbsp;phosphate&nbsp;synthase&nbsp;subunit&nbsp;HisH,73.7
1144672.F966_02138,F966_02138,annotation&nbsp;not&nbsp;available,73.7
1144672.F966_01004,F966_01004,annotation&nbsp;not&nbsp;available,73.6
1144672.F966_00371,F966_00371,annotation&nbsp;not&nbsp;available,73.6
1144672.F966_03935,F966_03935,annotation&nbsp;not&nbsp;available,73.5
1144672.F966_00123,groS,10&nbsp;kDa&nbsp;chaperonin,73.5
1144672.F966_01696,nagZ,Beta-hexosaminidase,73.5
1144672.F966_01753,F966_01753,annotation&nbsp;not&nbsp;available,73.5
1144672.F966_02669,F966_02669,Methionine&nbsp;import&nbsp;ATP-binding&nbsp;protein&nbsp;MetN,73.5
1144672.F966_03210,F966_03210,annotation&nbsp;not&nbsp;available,73.4
1144672.F966_02486,F966_02486,annotation&nbsp;not&nbsp;available,73.4
1144672.F966_04072,F966_04072,annotation&nbsp;not&nbsp;available,73.3
1144672.F966_02381,F966_02381,annotation&nbsp;not&nbsp;available,73.3
1144672.F966_01318,ftsA,Cell&nbsp;division&nbsp;protein&nbsp;FtsA,73.3
1144672.F966_01287,F966_01287,annotation&nbsp;not&nbsp;available,73.3
1144672.F966_02286,F966_02286,annotation&nbsp;not&nbsp;available,73.2
1144672.F966_02466,F966_02466,annotation&nbsp;not&nbsp;available,73.2
1144672.F966_03441,F966_03441,annotation&nbsp;not&nbsp;available,73.1
1144672.F966_00284,F966_00284,annotation&nbsp;not&nbsp;available,73.0
1144672.F966_03597,F966_03597,annotation&nbsp;not&nbsp;available,73.0
1144672.F966_02288,F966_02288,annotation&nbsp;not&nbsp;available,73.0
1144672.F966_03863,F966_03863,annotation&nbsp;not&nbsp;available,73.0
1144672.F966_02311,F966_02311,annotation&nbsp;not&nbsp;available,72.9
1144672.F966_00327,F966_00327,annotation&nbsp;not&nbsp;available,72.9
1144672.F966_03460,bamA,Outer&nbsp;membrane&nbsp;protein&nbsp;assembly&nbsp;factor&nbsp;BamA,72.8
1144672.F966_00966,F966_00966,annotation&nbsp;not&nbsp;available,72.7
1144672.F966_00952,F966_00952,annotation&nbsp;not&nbsp;available,72.6
1144672.F966_01286,F966_01286,annotation&nbsp;not&nbsp;available,72.6
1144672.F966_01620,rpsK,30S&nbsp;ribosomal&nbsp;protein&nbsp;S11,72.5
1144672.F966_03031,F966_03031,annotation&nbsp;not&nbsp;available,72.4
1144672.F966_02000,betB,NAD/NADP-dependent&nbsp;betaine&nbsp;aldehyde&nbsp;dehydrogenase,72.4
1144672.F966_01031,F966_01031,annotation&nbsp;not&nbsp;available,72.2
1144672.F966_02717,F966_02717,annotation&nbsp;not&nbsp;available,72.1
1144672.F966_02911,F966_02911,annotation&nbsp;not&nbsp;available,72.1
1144672.F966_03732,F966_03732,annotation&nbsp;not&nbsp;available,72.0
1144672.F966_03844,F966_03844,annotation&nbsp;not&nbsp;available,72.0
1144672.F966_00321,F966_00321,Alanine&nbsp;racemase,72.0
1144672.F966_03232,F966_03232,annotation&nbsp;not&nbsp;available,72.0
1144672.F966_03691,F966_03691,annotation&nbsp;not&nbsp;available,71.9
1144672.F966_02097,F966_02097,Bacterioferritin,71.8
1144672.F966_01747,F966_01747,annotation&nbsp;not&nbsp;available,71.8
1144672.F966_00248,F966_00248,annotation&nbsp;not&nbsp;available,71.6
1144672.F966_01091,F966_01091,annotation&nbsp;not&nbsp;available,71.4
1144672.F966_00806,F966_00806,Acyl&nbsp;carrier&nbsp;protein,71.3
1144672.F966_01003,F966_01003,annotation&nbsp;not&nbsp;available,71.3
1144672.F966_02239,rpsG,30S&nbsp;ribosomal&nbsp;protein&nbsp;S7,71.3
1144672.F966_01476,F966_01476,annotation&nbsp;not&nbsp;available,71.3
1144672.F966_04027,F966_04027,annotation&nbsp;not&nbsp;available,71.3
1144672.F966_03851,F966_03851,annotation&nbsp;not&nbsp;available,71.0
1144672.F966_00619,F966_00619,annotation&nbsp;not&nbsp;available,71.0
1144672.F966_00027,F966_00027,annotation&nbsp;not&nbsp;available,71.0
1144672.F966_01613,rplR,50S&nbsp;ribosomal&nbsp;protein&nbsp;L18,71.0
1144672.F966_02024,F966_02024,annotation&nbsp;not&nbsp;available,70.9
1144672.F966_03065,F966_03065,Integration&nbsp;host&nbsp;factor&nbsp;subunit&nbsp;beta,70.9
1144672.F966_00082,F966_00082,annotation&nbsp;not&nbsp;available,70.8
1144672.F966_03686,F966_03686,annotation&nbsp;not&nbsp;available,70.7
1144672.F966_00879,trpF,annotation&nbsp;not&nbsp;available,70.7
1144672.F966_04110,rnt,Ribonuclease&nbsp;T,70.6
1144672.F966_01211,dapB,4-hydroxy-tetrahydrodipicolinate&nbsp;reductase,70.6
1144672.F966_02785,F966_02785,annotation&nbsp;not&nbsp;available,70.6
1144672.F966_02930,F966_02930,annotation&nbsp;not&nbsp;available,70.5
1144672.F966_00369,znuC,Zinc&nbsp;import&nbsp;ATP-binding&nbsp;protein&nbsp;ZnuC,70.5
1144672.F966_00663,F966_00663,annotation&nbsp;not&nbsp;available,70.5
1144672.F966_03644,F966_03644,Transketolase,70.5
1144672.F966_03514,F966_03514,annotation&nbsp;not&nbsp;available,70.4
1144672.F966_01741,secB,Protein-export&nbsp;protein&nbsp;SecB,70.4
1144672.F966_00888,trpA,Tryptophan&nbsp;synthase&nbsp;alpha&nbsp;chain,70.4
1144672.F966_03012,F966_03012,annotation&nbsp;not&nbsp;available,70.3
1144672.F966_01622,rpoA,DNA-directed&nbsp;RNA&nbsp;polymerase&nbsp;subunit&nbsp;alpha,70.3
1144672.F966_00801,bamB,Outer&nbsp;membrane&nbsp;protein&nbsp;assembly&nbsp;factor&nbsp;BamB,70.3
1144672.F966_00489,pepA,Probable&nbsp;cytosol&nbsp;aminopeptidase,70.2
1144672.F966_00130,F966_00130,annotation&nbsp;not&nbsp;available,70.2
1144672.F966_03446,F966_03446,annotation&nbsp;not&nbsp;available,70.2
1144672.F966_01192,F966_01192,annotation&nbsp;not&nbsp;available,70.0
1144672.F966_00344,guaA,GMP&nbsp;synthase&nbsp;[glutamine-hydrolyzing],70.0
1144672.F966_02746,F966_02746,annotation&nbsp;not&nbsp;available,70.0
1144672.F966_03850,F966_03850,annotation&nbsp;not&nbsp;available,69.9
1144672.F966_01118,grpE,Protein&nbsp;GrpE,69.9
1144672.F966_03492,F966_03492,annotation&nbsp;not&nbsp;available,69.9
1144672.F966_00438,ppa,Inorganic&nbsp;pyrophosphatase,69.8
1144672.F966_02575,F966_02575,annotation&nbsp;not&nbsp;available,69.8
1144672.F966_00425,F966_00425,annotation&nbsp;not&nbsp;available,69.8
1144672.F966_03194,F966_03194,annotation&nbsp;not&nbsp;available,69.7
1144672.F966_02135,F966_02135,annotation&nbsp;not&nbsp;available,69.7
1144672.F966_02560,F966_02560,annotation&nbsp;not&nbsp;available,69.6
1144672.F966_03458,lpxD,UDP-3-O-acylglucosamine&nbsp;N-acyltransferase,69.6
1144672.F966_02724,F966_02724,annotation&nbsp;not&nbsp;available,69.6
1144672.F966_01245,F966_01245,"3,4-dihydroxy-2-butanone&nbsp;4-phosphate&nbsp;synthase",69.5
1144672.F966_00768,F966_00768,annotation&nbsp;not&nbsp;available,69.5
1144672.F966_00395,F966_00395,annotation&nbsp;not&nbsp;available,69.4
1144672.F966_01750,macB,Macrolide&nbsp;export&nbsp;ATP-binding/permease&nbsp;protein&nbsp;MacB,69.3
1144672.F966_00690,F966_00690,annotation&nbsp;not&nbsp;available,69.2
1144672.F966_01432,F966_01432,annotation&nbsp;not&nbsp;available,69.1
1144672.F966_00246,ssuD,Alkanesulfonate&nbsp;monooxygenase,69.1
1144672.F966_01844,panB,3-methyl-2-oxobutanoate&nbsp;hydroxymethyltransferase,69.0
1144672.F966_00819,F966_00819,annotation&nbsp;not&nbsp;available,68.8
1144672.F966_02719,F966_02719,annotation&nbsp;not&nbsp;available,68.8
1144672.F966_02957,F966_02957,annotation&nbsp;not&nbsp;available,68.8
1144672.F966_01858,rpmI,annotation&nbsp;not&nbsp;available,68.7
1144672.F966_03489,F966_03489,annotation&nbsp;not&nbsp;available,68.7
1144672.F966_04092,F966_04092,annotation&nbsp;not&nbsp;available,68.7
1144672.F966_01527,F966_01527,annotation&nbsp;not&nbsp;available,68.6
1144672.F966_01603,rpsC,30S&nbsp;ribosomal&nbsp;protein&nbsp;S3,68.6
1144672.F966_00595,F966_00595,annotation&nbsp;not&nbsp;available,68.6
1144672.F966_01097,sucD,Succinate--CoA&nbsp;ligase&nbsp;[ADP-forming]&nbsp;subunit&nbsp;alpha,68.4
1144672.F966_01126,F966_01126,annotation&nbsp;not&nbsp;available,68.3
1144672.F966_03030,rpoH,annotation&nbsp;not&nbsp;available,68.3
1144672.F966_00518,F966_00518,annotation&nbsp;not&nbsp;available,68.2
1144672.F966_03564,F966_03564,annotation&nbsp;not&nbsp;available,68.2
1144672.F966_00723,F966_00723,annotation&nbsp;not&nbsp;available,68.1
1144672.F966_00122,groL,60&nbsp;kDa&nbsp;chaperonin,68.0
1144672.F966_03710,F966_03710,annotation&nbsp;not&nbsp;available,68.0
1144672.F966_01580,F966_01580,annotation&nbsp;not&nbsp;available,68.0
1144672.F966_02276,sbcD,Nuclease&nbsp;SbcCD&nbsp;subunit&nbsp;D,68.0
1144672.F966_01273,gshA,annotation&nbsp;not&nbsp;available,67.9
1144672.F966_00460,F966_00460,annotation&nbsp;not&nbsp;available,67.9
1144672.F966_02037,nuoK,NADH-quinone&nbsp;oxidoreductase&nbsp;subunit&nbsp;K,67.9
1144672.F966_01265,F966_01265,annotation&nbsp;not&nbsp;available,67.9
1144672.F966_01617,secY,Protein&nbsp;translocase&nbsp;subunit&nbsp;SecY,67.8
1144672.F966_02421,F966_02421,annotation&nbsp;not&nbsp;available,67.7
1144672.F966_02254,F966_02254,annotation&nbsp;not&nbsp;available,67.7
1144672.F966_02164,F966_02164,annotation&nbsp;not&nbsp;available,67.7
1144672.F966_02110,F966_02110,annotation&nbsp;not&nbsp;available,67.6
1144672.F966_03002,nadK,NAD&nbsp;kinase,67.5
1144672.F966_02926,glyA,Serine&nbsp;hydroxymethyltransferase,67.5
1144672.F966_03836,F966_03836,annotation&nbsp;not&nbsp;available,67.5
1144672.F966_03120,ilvA,L-threonine&nbsp;dehydratase,67.5
1144672.F966_02701,purA,Adenylosuccinate&nbsp;synthetase,67.5
1144672.F966_01691,F966_01691,Phosphate&nbsp;acetyltransferase,67.4
1144672.F966_02886,pyrB,annotation&nbsp;not&nbsp;available,67.3
1144672.F966_01168,F966_01168,Beta&nbsp;sliding&nbsp;clamp,67.3
1144672.F966_01214,F966_01214,annotation&nbsp;not&nbsp;available,67.2
1144672.F966_03684,F966_03684,annotation&nbsp;not&nbsp;available,67.1
1144672.F966_00491,F966_00491,annotation&nbsp;not&nbsp;available,67.1
1144672.F966_03978,F966_03978,annotation&nbsp;not&nbsp;available,67.0
1144672.F966_03598,F966_03598,annotation&nbsp;not&nbsp;available,66.9
1144672.F966_02027,F966_02027,annotation&nbsp;not&nbsp;available,66.9
1144672.F966_03060,F966_03060,annotation&nbsp;not&nbsp;available,66.9
1144672.F966_01002,kdpC,Potassium-transporting&nbsp;ATPase&nbsp;KdpC&nbsp;subunit,66.8
1144672.F966_00632,F966_00632,annotation&nbsp;not&nbsp;available,66.7
1144672.F966_01096,sucC,Succinate--CoA&nbsp;ligase&nbsp;[ADP-forming]&nbsp;subunit&nbsp;beta,66.7
1144672.F966_02006,mqo,annotation&nbsp;not&nbsp;available,66.7
1144672.F966_02423,F966_02423,annotation&nbsp;not&nbsp;available,66.7
1144672.F966_00537,secE,Protein&nbsp;translocase&nbsp;subunit&nbsp;SecE,66.7
1144672.F966_00997,F966_00997,annotation&nbsp;not&nbsp;available,66.5
1144672.F966_01901,hisD,Histidinol&nbsp;dehydrogenase,66.5
1144672.F966_04115,F966_04115,annotation&nbsp;not&nbsp;available,66.4
1144672.F966_03735,pgk,annotation&nbsp;not&nbsp;available,66.2
1144672.F966_00769,F966_00769,annotation&nbsp;not&nbsp;available,66.2
1144672.F966_03108,F966_03108,annotation&nbsp;not&nbsp;available,66.2
1144672.F966_01744,rsgA,Small&nbsp;ribosomal&nbsp;subunit&nbsp;biogenesis&nbsp;GTPase&nbsp;RsgA,66.1
1144672.F966_04119,F966_04119,annotation&nbsp;not&nbsp;available,66.1
1144672.F966_03986,F966_03986,annotation&nbsp;not&nbsp;available,66.1
1144672.F966_00528,F966_00528,annotation&nbsp;not&nbsp;available,66.0
1144672.F966_02749,F966_02749,annotation&nbsp;not&nbsp;available,65.8
1144672.F966_01502,F966_01502,annotation&nbsp;not&nbsp;available,65.8
1144672.F966_01197,fmt,Methionyl-tRNA&nbsp;formyltransferase,65.7
1144672.F966_00805,F966_00805,annotation&nbsp;not&nbsp;available,65.7
1144672.F966_01288,F966_01288,annotation&nbsp;not&nbsp;available,65.7
1144672.F966_00725,purU,Formyltetrahydrofolate&nbsp;deformylase,65.7
1144672.F966_01264,F966_01264,annotation&nbsp;not&nbsp;available,65.6
1144672.F966_01826,F966_01826,annotation&nbsp;not&nbsp;available,65.6
1144672.F966_01036,F966_01036,annotation&nbsp;not&nbsp;available,65.5
1144672.F966_03463,F966_03463,annotation&nbsp;not&nbsp;available,65.5
1144672.F966_00896,secA,Protein&nbsp;translocase&nbsp;subunit&nbsp;SecA,65.4
1144672.F966_00865,F966_00865,annotation&nbsp;not&nbsp;available,65.4
1144672.F966_03565,F966_03565,annotation&nbsp;not&nbsp;available,65.2
1144672.F966_04097,trpC,annotation&nbsp;not&nbsp;available,65.1
1144672.F966_02469,tauB,Taurine&nbsp;import&nbsp;ATP-binding&nbsp;protein&nbsp;TauB,65.1
1144672.F966_00017,mrdA,"Peptidoglycan&nbsp;D,D-transpeptidase&nbsp;MrdA",65.1
1144672.F966_02923,F966_02923,annotation&nbsp;not&nbsp;available,65.1
1144672.F966_01089,F966_01089,annotation&nbsp;not&nbsp;available,65.0
1144672.F966_00409,F966_00409,annotation&nbsp;not&nbsp;available,65.0
1144672.F966_03875,F966_03875,Exodeoxyribonuclease&nbsp;7&nbsp;large&nbsp;subunit,64.9
1144672.F966_02969,F966_02969,annotation&nbsp;not&nbsp;available,64.9
1144672.F966_01554,glyQ,annotation&nbsp;not&nbsp;available,64.9
1144672.F966_00382,F966_00382,annotation&nbsp;not&nbsp;available,64.9
1144672.F966_03529,F966_03529,annotation&nbsp;not&nbsp;available,64.9
1144672.F966_00374,atpE,ATP&nbsp;synthase&nbsp;subunit&nbsp;c,64.8
1144672.F966_01313,gshB,annotation&nbsp;not&nbsp;available,64.7
1144672.F966_01135,F966_01135,annotation&nbsp;not&nbsp;available,64.7
1144672.F966_04068,proB,Glutamate&nbsp;5-kinase,64.6
1144672.F966_01062,rpmA,annotation&nbsp;not&nbsp;available,64.6
1144672.F966_00029,F966_00029,annotation&nbsp;not&nbsp;available,64.5
1144672.F966_02438,F966_02438,annotation&nbsp;not&nbsp;available,64.4
1144672.F966_00948,F966_00948,annotation&nbsp;not&nbsp;available,64.3
1144672.F966_03436,F966_03436,annotation&nbsp;not&nbsp;available,64.2
1144672.F966_03422,F966_03422,annotation&nbsp;not&nbsp;available,64.1
1144672.F966_01519,rpsP,annotation&nbsp;not&nbsp;available,64.1
1144672.F966_02672,purH,annotation&nbsp;not&nbsp;available,64.0
1144672.F966_00380,atpC,ATP&nbsp;synthase&nbsp;epsilon&nbsp;chain,64.0
1144672.F966_02795,F966_02795,annotation&nbsp;not&nbsp;available,63.9
1144672.F966_04014,F966_04014,Ferredoxin,63.9
1144672.F966_01757,F966_01757,annotation&nbsp;not&nbsp;available,63.8
1144672.F966_00970,F966_00970,annotation&nbsp;not&nbsp;available,63.7
1144672.F966_01499,F966_01499,Bacterioferritin,63.6
1144672.F966_00482,nrdR,Transcriptional&nbsp;repressor&nbsp;NrdR,63.5
1144672.F966_01898,hisG,ATP&nbsp;phosphoribosyltransferase,63.5
1144672.F966_02338,F966_02338,annotation&nbsp;not&nbsp;available,63.4
1144672.F966_00868,F966_00868,annotation&nbsp;not&nbsp;available,63.3
1144672.F966_00827,F966_00827,annotation&nbsp;not&nbsp;available,63.3
1144672.F966_02670,F966_02670,annotation&nbsp;not&nbsp;available,63.0
1144672.F966_01092,F966_01092,annotation&nbsp;not&nbsp;available,63.0
1144672.F966_00838,ilvE,Branched-chain-amino-acid&nbsp;aminotransferase,63.0
1144672.F966_03005,F966_03005,annotation&nbsp;not&nbsp;available,63.0
1144672.F966_02339,F966_02339,annotation&nbsp;not&nbsp;available,62.9
1144672.F966_01449,F966_01449,annotation&nbsp;not&nbsp;available,62.9
1144672.F966_00373,atpB,ATP&nbsp;synthase&nbsp;subunit&nbsp;a,62.9
1144672.F966_02929,F966_02929,annotation&nbsp;not&nbsp;available,62.9
1144672.F966_01367,F966_01367,annotation&nbsp;not&nbsp;available,62.8
1144672.F966_00825,secF,Protein-export&nbsp;membrane&nbsp;protein&nbsp;SecF,62.8
1144672.F966_01751,F966_01751,annotation&nbsp;not&nbsp;available,62.8
1144672.F966_00480,F966_00480,annotation&nbsp;not&nbsp;available,62.7
1144672.F966_00791,F966_00791,annotation&nbsp;not&nbsp;available,62.7
1144672.F966_03457,fabZ,3-hydroxyacyl-[acyl-carrier-protein]&nbsp;dehydratase&nbsp;FabZ,62.6
1144672.F966_01612,rplF,50S&nbsp;ribosomal&nbsp;protein&nbsp;L6,62.5
1144672.F966_00794,ndk,Nucleoside&nbsp;diphosphate&nbsp;kinase,62.5
1144672.F966_00567,uvrC,UvrABC&nbsp;system&nbsp;protein&nbsp;C,62.4
1144672.F966_00702,F966_00702,annotation&nbsp;not&nbsp;available,62.4
1144672.F966_01562,F966_01562,annotation&nbsp;not&nbsp;available,62.3
1144672.F966_02933,F966_02933,annotation&nbsp;not&nbsp;available,62.3
1144672.F966_02456,F966_02456,annotation&nbsp;not&nbsp;available,62.3
1144672.F966_01323,F966_01323,Pyruvate&nbsp;dehydrogenase&nbsp;E1&nbsp;component,62.2
1144672.F966_03128,F966_03128,annotation&nbsp;not&nbsp;available,62.2
1144672.F966_02852,F966_02852,annotation&nbsp;not&nbsp;available,62.2
1144672.F966_00506,murD,UDP-N-acetylmuramoylalanine--D-glutamate&nbsp;ligase,62.2
1144672.F966_03351,F966_03351,annotation&nbsp;not&nbsp;available,62.2
1144672.F966_02075,F966_02075,annotation&nbsp;not&nbsp;available,62.0
1144672.F966_03434,F966_03434,Phenylacetate-coenzyme&nbsp;A&nbsp;ligase,61.9
1144672.F966_02471,F966_02471,annotation&nbsp;not&nbsp;available,61.9
1144672.F966_02737,F966_02737,annotation&nbsp;not&nbsp;available,61.7
1144672.F966_02266,F966_02266,annotation&nbsp;not&nbsp;available,61.7
1144672.F966_01860,F966_01860,annotation&nbsp;not&nbsp;available,61.6
1144672.F966_02671,purD,annotation&nbsp;not&nbsp;available,61.6
1144672.F966_00542,rplL,50S&nbsp;ribosomal&nbsp;protein&nbsp;L7/L12,61.5
1144672.F966_00217,carB,annotation&nbsp;not&nbsp;available,61.5
1144672.F966_01576,F966_01576,annotation&nbsp;not&nbsp;available,61.5
1144672.F966_00608,F966_00608,annotation&nbsp;not&nbsp;available,61.5
1144672.F966_00841,F966_00841,annotation&nbsp;not&nbsp;available,61.2
1144672.F966_03442,F966_03442,annotation&nbsp;not&nbsp;available,61.1
1144672.F966_00874,F966_00874,annotation&nbsp;not&nbsp;available,61.0
1144672.F966_03845,F966_03845,annotation&nbsp;not&nbsp;available,61.0
1144672.F966_00330,F966_00330,annotation&nbsp;not&nbsp;available,60.9
1144672.F966_00028,F966_00028,Phosphate&nbsp;transport&nbsp;system&nbsp;permease&nbsp;protein,60.9
1144672.F966_01867,himA,Integration&nbsp;host&nbsp;factor&nbsp;subunit&nbsp;alpha,60.9
1144672.F966_01787,prfC,Peptide&nbsp;chain&nbsp;release&nbsp;factor&nbsp;3,60.9
1144672.F966_03469,F966_03469,annotation&nbsp;not&nbsp;available,60.8
1144672.F966_02722,F966_02722,Phosphoenolpyruvate&nbsp;synthase,60.7
1144672.F966_02975,F966_02975,annotation&nbsp;not&nbsp;available,60.7
1144672.F966_02573,cysA,Sulfate/thiosulfate&nbsp;import&nbsp;ATP-binding&nbsp;protein&nbsp;CysA,60.6
1144672.F966_03178,F966_03178,2-dehydropantoate&nbsp;2-reductase,60.5
1144672.F966_02437,F966_02437,annotation&nbsp;not&nbsp;available,60.5
1144672.F966_02881,clpB,Chaperone&nbsp;protein&nbsp;ClpB,60.5
1144672.F966_00037,F966_00037,annotation&nbsp;not&nbsp;available,60.3
1144672.F966_00906,F966_00906,annotation&nbsp;not&nbsp;available,60.3
1144672.F966_03308,F966_03308,Acetaldehyde&nbsp;dehydrogenase,60.3
1144672.F966_01609,rplE,50S&nbsp;ribosomal&nbsp;protein&nbsp;L5,60.2
1144672.F966_04108,F966_04108,annotation&nbsp;not&nbsp;available,60.1
1144672.F966_01119,dnaK,Chaperone&nbsp;protein&nbsp;DnaK,60.1
1144672.F966_00590,infB,Translation&nbsp;initiation&nbsp;factor&nbsp;IF-2,60.0
1144672.F966_02426,astD,N-succinylglutamate&nbsp;5-semialdehyde&nbsp;dehydrogenase,60.0
1144672.F966_03449,F966_03449,annotation&nbsp;not&nbsp;available,59.9
1144672.F966_00575,F966_00575,annotation&nbsp;not&nbsp;available,59.8
1144672.F966_01335,prfB,Peptide&nbsp;chain&nbsp;release&nbsp;factor&nbsp;2,59.7
1144672.F966_02386,F966_02386,annotation&nbsp;not&nbsp;available,59.7
1144672.F966_02677,gidA,tRNA&nbsp;uridine&nbsp;5-carboxymethylaminomethyl&nbsp;modification&nbsp;enzyme&nbsp;MnmG,59.6
1144672.F966_02973,F966_02973,annotation&nbsp;not&nbsp;available,59.5
1144672.F966_00305,F966_00305,annotation&nbsp;not&nbsp;available,59.5
1144672.F966_03198,F966_03198,annotation&nbsp;not&nbsp;available,59.4
1144672.F966_00091,F966_00091,annotation&nbsp;not&nbsp;available,59.4
1144672.F966_01347,F966_01347,annotation&nbsp;not&nbsp;available,59.3
1144672.F966_00216,carA,annotation&nbsp;not&nbsp;available,59.3
1144672.F966_03374,F966_03374,annotation&nbsp;not&nbsp;available,59.3
1144672.F966_00541,rplJ,50S&nbsp;ribosomal&nbsp;protein&nbsp;L10,59.3
1144672.F966_01061,rplU,50S&nbsp;ribosomal&nbsp;protein&nbsp;L21,59.3
1144672.F966_02260,dut,Deoxyuridine&nbsp;5'-triphosphate&nbsp;nucleotidohydrolase,59.3
1144672.F966_01718,F966_01718,annotation&nbsp;not&nbsp;available,59.2
1144672.F966_01074,F966_01074,annotation&nbsp;not&nbsp;available,59.1
1144672.F966_03475,F966_03475,annotation&nbsp;not&nbsp;available,59.0
1144672.F966_00364,F966_00364,annotation&nbsp;not&nbsp;available,58.9
1144672.F966_00377,atpA,ATP&nbsp;synthase&nbsp;subunit&nbsp;alpha,58.9
1144672.F966_00260,F966_00260,annotation&nbsp;not&nbsp;available,58.9
1144672.F966_00081,F966_00081,annotation&nbsp;not&nbsp;available,58.9
1144672.F966_01134,F966_01134,annotation&nbsp;not&nbsp;available,58.8
1144672.F966_01247,F966_01247,annotation&nbsp;not&nbsp;available,58.8
1144672.F966_02538,tolB,Protein&nbsp;TolB,58.7
1144672.F966_04116,F966_04116,annotation&nbsp;not&nbsp;available,58.6
1144672.F966_03731,gpsA,annotation&nbsp;not&nbsp;available,58.6
1144672.F966_02103,F966_02103,annotation&nbsp;not&nbsp;available,58.6
1144672.F966_01242,thiL,Thiamine-monophosphate&nbsp;kinase,58.6
1144672.F966_01254,F966_01254,annotation&nbsp;not&nbsp;available,58.6
1144672.F966_00597,F966_00597,annotation&nbsp;not&nbsp;available,58.5
1144672.F966_00539,rplK,50S&nbsp;ribosomal&nbsp;protein&nbsp;L11,58.4
1144672.F966_03932,F966_03932,annotation&nbsp;not&nbsp;available,58.4
1144672.F966_03283,F966_03283,Polyphosphate&nbsp;kinase,58.3
1144672.F966_01035,F966_01035,annotation&nbsp;not&nbsp;available,58.2
1144672.F966_01319,ftsZ,Cell&nbsp;division&nbsp;protein&nbsp;FtsZ,58.2
1144672.F966_01037,F966_01037,annotation&nbsp;not&nbsp;available,58.0
1144672.F966_00328,F966_00328,annotation&nbsp;not&nbsp;available,58.0
1144672.F966_02668,F966_02668,annotation&nbsp;not&nbsp;available,58.0
1144672.F966_03517,F966_03517,annotation&nbsp;not&nbsp;available,57.9
1144672.F966_01094,F966_01094,Dihydrolipoyllysine-residue&nbsp;succinyltransferase&nbsp;component&nbsp;of&nbsp;2-oxoglutarate&nbsp;dehydrogenase&nbsp;complex,57.9
1144672.F966_01758,F966_01758,annotation&nbsp;not&nbsp;available,57.9
1144672.F966_03009,F966_03009,annotation&nbsp;not&nbsp;available,57.9
1144672.F966_03744,F966_03744,annotation&nbsp;not&nbsp;available,57.6
1144672.F966_00032,F966_00032,annotation&nbsp;not&nbsp;available,57.5
1144672.F966_03975,F966_03975,annotation&nbsp;not&nbsp;available,57.4
1144672.F966_03835,F966_03835,annotation&nbsp;not&nbsp;available,57.3
1144672.F966_03756,F966_03756,annotation&nbsp;not&nbsp;available,57.1
1144672.F966_01597,rplC,50S&nbsp;ribosomal&nbsp;protein&nbsp;L3,57.1
1144672.F966_02500,F966_02500,annotation&nbsp;not&nbsp;available,57.0
1144672.F966_02519,lolD,Lipoprotein-releasing&nbsp;system&nbsp;ATP-binding&nbsp;protein&nbsp;LolD,56.9
1144672.F966_02784,F966_02784,annotation&nbsp;not&nbsp;available,56.8
1144672.F966_01528,F966_01528,annotation&nbsp;not&nbsp;available,56.7
1144672.F966_00907,F966_00907,annotation&nbsp;not&nbsp;available,56.7
1144672.F966_02370,F966_02370,annotation&nbsp;not&nbsp;available,56.7
1144672.F966_01608,rplX,50S&nbsp;ribosomal&nbsp;protein&nbsp;L24,56.7
1144672.F966_03121,rpiA,Ribose-5-phosphate&nbsp;isomerase&nbsp;A,56.6
1144672.F966_03708,F966_03708,annotation&nbsp;not&nbsp;available,56.6
1144672.F966_00283,F966_00283,annotation&nbsp;not&nbsp;available,56.6
1144672.F966_02470,F966_02470,annotation&nbsp;not&nbsp;available,56.5
1144672.F966_02716,cyoE,Protoheme&nbsp;IX&nbsp;farnesyltransferase,56.4
1144672.F966_01243,nusB,Transcription&nbsp;antitermination&nbsp;protein&nbsp;NusB,56.3
1144672.F966_00287,lldD,L-lactate&nbsp;dehydrogenase,56.2
1144672.F966_01297,F966_01297,annotation&nbsp;not&nbsp;available,56.2
1144672.F966_01618,rpmJ,annotation&nbsp;not&nbsp;available,56.2
1144672.F966_01877,polA,DNA&nbsp;polymerase&nbsp;I,56.2
1144672.F966_00293,F966_00293,annotation&nbsp;not&nbsp;available,56.2
1144672.F966_00238,ileS,Isoleucine--tRNA&nbsp;ligase,56.2
1144672.F966_01289,F966_01289,annotation&nbsp;not&nbsp;available,56.1
1144672.F966_03682,F966_03682,annotation&nbsp;not&nbsp;available,56.0
1144672.F966_02684,F966_02684,annotation&nbsp;not&nbsp;available,55.9
1144672.F966_00889,accD,Acetyl-coenzyme&nbsp;A&nbsp;carboxylase&nbsp;carboxyl&nbsp;transferase&nbsp;subunit&nbsp;beta,55.8
1144672.F966_02140,F966_02140,"3,4-dihydroxy-2-butanone&nbsp;4-phosphate&nbsp;synthase",55.8
1144672.F966_01595,F966_01595,annotation&nbsp;not&nbsp;available,55.7
1144672.F966_01754,lptE,LPS-assembly&nbsp;lipoprotein&nbsp;LptE,55.7
1144672.F966_01760,F966_01760,annotation&nbsp;not&nbsp;available,55.7
1144672.F966_00882,F966_00882,annotation&nbsp;not&nbsp;available,55.7
1144672.F966_00988,gatC,Aspartyl/glutamyl-tRNA(Asn/Gln)&nbsp;amidotransferase&nbsp;subunit&nbsp;C,55.6
1144672.F966_00808,F966_00808,annotation&nbsp;not&nbsp;available,55.5
1144672.F966_02661,F966_02661,annotation&nbsp;not&nbsp;available,55.5
1144672.F966_00584,tpiA,Triosephosphate&nbsp;isomerase,55.5
1144672.F966_03440,F966_03440,annotation&nbsp;not&nbsp;available,55.4
1144672.F966_01894,F966_01894,RNA&nbsp;polymerase&nbsp;sigma-54&nbsp;factor,55.3
1144672.F966_01439,F966_01439,annotation&nbsp;not&nbsp;available,55.2
1144672.F966_00516,argH,annotation&nbsp;not&nbsp;available,55.2
1144672.F966_00494,F966_00494,annotation&nbsp;not&nbsp;available,55.2
1144672.F966_04056,cysD,annotation&nbsp;not&nbsp;available,55.1
1144672.F966_00989,F966_00989,annotation&nbsp;not&nbsp;available,55.1
1144672.F966_03645,metK,S-adenosylmethionine&nbsp;synthase,54.9
1144672.F966_00351,F966_00351,annotation&nbsp;not&nbsp;available,54.8
1144672.F966_01847,F966_01847,annotation&nbsp;not&nbsp;available,54.8
1144672.F966_00511,cpdA,"3',5'-cyclic&nbsp;adenosine&nbsp;monophosphate&nbsp;phosphodiesterase&nbsp;CpdA",54.7
1144672.F966_01564,aroE,Shikimate&nbsp;dehydrogenase&nbsp;(NADP(+)),54.6
1144672.F966_03290,F966_03290,annotation&nbsp;not&nbsp;available,54.6
1144672.F966_00785,rpsI,annotation&nbsp;not&nbsp;available,54.6
1144672.F966_01485,F966_01485,annotation&nbsp;not&nbsp;available,54.5
1144672.F966_00949,F966_00949,annotation&nbsp;not&nbsp;available,54.3
1144672.F966_02233,F966_02233,annotation&nbsp;not&nbsp;available,54.2
1144672.F966_03789,F966_03789,annotation&nbsp;not&nbsp;available,54.1
1144672.F966_00771,F966_00771,annotation&nbsp;not&nbsp;available,53.9
1144672.F966_01095,F966_01095,annotation&nbsp;not&nbsp;available,53.9
1144672.F966_01505,ispH,4-hydroxy-3-methylbut-2-enyl&nbsp;diphosphate&nbsp;reductase,53.7
1144672.F966_04127,F966_04127,annotation&nbsp;not&nbsp;available,53.6
1144672.F966_00664,F966_00664,annotation&nbsp;not&nbsp;available,53.6
1144672.F966_03309,F966_03309,4-hydroxy-2-oxovalerate&nbsp;aldolase,53.6
1144672.F966_03064,F966_03064,30S&nbsp;ribosomal&nbsp;protein&nbsp;S1,53.5
1144672.F966_01886,F966_01886,annotation&nbsp;not&nbsp;available,53.5
1144672.F966_02445,F966_02445,annotation&nbsp;not&nbsp;available,53.4
1144672.F966_01032,F966_01032,annotation&nbsp;not&nbsp;available,53.4
1144672.F966_00498,F966_00498,Threonine&nbsp;synthase,53.4
1144672.F966_01887,F966_01887,annotation&nbsp;not&nbsp;available,53.2
1144672.F966_03010,aroA,3-phosphoshikimate&nbsp;1-carboxyvinyltransferase,53.2
1144672.F966_03112,F966_03112,annotation&nbsp;not&nbsp;available,53.1
1144672.F966_00269,F966_00269,annotation&nbsp;not&nbsp;available,53.1
1144672.F966_03876,F966_03876,annotation&nbsp;not&nbsp;available,53.0
1144672.F966_00866,F966_00866,annotation&nbsp;not&nbsp;available,52.9
1144672.F966_02909,F966_02909,annotation&nbsp;not&nbsp;available,52.9
1144672.F966_00415,F966_00415,annotation&nbsp;not&nbsp;available,52.9
1144672.F966_00098,F966_00098,annotation&nbsp;not&nbsp;available,52.8
1144672.F966_01903,F966_01903,annotation&nbsp;not&nbsp;available,52.8
1144672.F966_01198,ilvD,annotation&nbsp;not&nbsp;available,52.8
1144672.F966_03465,frr,Ribosome-recycling&nbsp;factor,52.7
1144672.F966_04004,F966_04004,annotation&nbsp;not&nbsp;available,52.7
1144672.F966_02064,metG,Methionine--tRNA&nbsp;ligase,52.7
1144672.F966_02033,F966_02033,annotation&nbsp;not&nbsp;available,52.7
1144672.F966_00940,F966_00940,annotation&nbsp;not&nbsp;available,52.6
1144672.F966_04075,uvrB,UvrABC&nbsp;system&nbsp;protein&nbsp;B,52.5
1144672.F966_02104,F966_02104,annotation&nbsp;not&nbsp;available,52.5
1144672.F966_01483,aroB,3-dehydroquinate&nbsp;synthase,52.4
1144672.F966_01503,rpoZ,DNA-directed&nbsp;RNA&nbsp;polymerase&nbsp;subunit&nbsp;omega,52.2
1144672.F966_03479,F966_03479,annotation&nbsp;not&nbsp;available,52.0
1144672.F966_03092,F966_03092,annotation&nbsp;not&nbsp;available,52.0
1144672.F966_00509,gluQ,Glutamyl-Q&nbsp;tRNA(Asp)&nbsp;synthetase,51.9
1144672.F966_00747,F966_00747,annotation&nbsp;not&nbsp;available,51.9
1144672.F966_03077,glcB,Malate&nbsp;synthase&nbsp;G,51.8
1144672.F966_03444,F966_03444,annotation&nbsp;not&nbsp;available,51.8
1144672.F966_02690,F966_02690,Adenine&nbsp;deaminase,51.7
1144672.F966_03490,F966_03490,annotation&nbsp;not&nbsp;available,51.6
1144672.F966_04101,folE,annotation&nbsp;not&nbsp;available,51.6
1144672.F966_03491,moaA,"GTP&nbsp;3',8-cyclase",51.5
1144672.F966_01504,gmk,Guanylate&nbsp;kinase,51.5
1144672.F966_03723,F966_03723,Undecaprenyl-diphosphatase,51.5
1144672.F966_02302,F966_02302,annotation&nbsp;not&nbsp;available,51.4
1144672.F966_02556,F966_02556,annotation&nbsp;not&nbsp;available,51.4
1144672.F966_00267,F966_00267,annotation&nbsp;not&nbsp;available,51.4
1144672.F966_03136,F966_03136,annotation&nbsp;not&nbsp;available,51.3
1144672.F966_00391,F966_00391,Peptide&nbsp;deformylase,51.3
1144672.F966_02457,F966_02457,annotation&nbsp;not&nbsp;available,51.2
1144672.F966_02899,F966_02899,annotation&nbsp;not&nbsp;available,51.0
1144672.F966_02021,F966_02021,Ribonucleoside-diphosphate&nbsp;reductase&nbsp;subunit&nbsp;beta,51.0
