1341679.P253_01508,nuoC,NADH-quinone&nbsp;oxidoreductase&nbsp;subunit&nbsp;C/D,98.9
1341679.P253_00375,P253_00375,annotation&nbsp;not&nbsp;available,98.9
1341679.P253_01721,argA,annotation&nbsp;not&nbsp;available,98.8
1341679.P253_02869,P253_02869,annotation&nbsp;not&nbsp;available,98.8
1341679.P253_02472,rplK,50S&nbsp;ribosomal&nbsp;protein&nbsp;L11,98.7
1341679.P253_00467,hisZ,ATP&nbsp;phosphoribosyltransferase&nbsp;regulatory&nbsp;subunit,98.6
1341679.P253_01084,prfA,Peptide&nbsp;chain&nbsp;release&nbsp;factor&nbsp;1,98.4
1341679.P253_00884,P253_00884,annotation&nbsp;not&nbsp;available,98.4
1341679.P253_00616,P253_00616,annotation&nbsp;not&nbsp;available,98.3
1341679.P253_02722,P253_02722,annotation&nbsp;not&nbsp;available,98.3
1341679.P253_02694,nusB,Transcription&nbsp;antitermination&nbsp;protein&nbsp;NusB,98.2
1341679.P253_01409,P253_01409,annotation&nbsp;not&nbsp;available,98.2
1341679.P253_01305,P253_01305,annotation&nbsp;not&nbsp;available,98.1
1341679.P253_00675,P253_00675,annotation&nbsp;not&nbsp;available,98.0
1341679.P253_02842,P253_02842,Bifunctional&nbsp;protein&nbsp;FolD,98.0
1341679.P253_00862,P253_00862,annotation&nbsp;not&nbsp;available,98.0
1341679.P253_01213,P253_01213,annotation&nbsp;not&nbsp;available,97.9
1341679.P253_01308,P253_01308,annotation&nbsp;not&nbsp;available,97.8
1341679.P253_00146,P253_00146,annotation&nbsp;not&nbsp;available,97.8
1341679.P253_02626,P253_02626,annotation&nbsp;not&nbsp;available,97.8
1341679.P253_00496,P253_00496,annotation&nbsp;not&nbsp;available,97.7
1341679.P253_02101,tatB,Sec-independent&nbsp;protein&nbsp;translocase&nbsp;protein&nbsp;TatB,97.7
1341679.P253_00191,P253_00191,annotation&nbsp;not&nbsp;available,97.7
1341679.P253_02948,P253_02948,annotation&nbsp;not&nbsp;available,97.7
1341679.P253_01269,lipA,Lipoyl&nbsp;synthase,97.6
1341679.P253_02135,P253_02135,annotation&nbsp;not&nbsp;available,97.5
1341679.P253_02182,P253_02182,Uncharacterized&nbsp;protein,97.5
1341679.P253_01120,P253_01120,annotation&nbsp;not&nbsp;available,97.5
1341679.P253_03007,P253_03007,annotation&nbsp;not&nbsp;available,97.4
1341679.P253_00129,P253_00129,annotation&nbsp;not&nbsp;available,97.4
1341679.P253_01096,cyoE,Protoheme&nbsp;IX&nbsp;farnesyltransferase,97.3
1341679.P253_01686,P253_01686,annotation&nbsp;not&nbsp;available,97.2
1341679.P253_02038,P253_02038,annotation&nbsp;not&nbsp;available,97.2
1341679.P253_02196,ilvE,Branched-chain-amino-acid&nbsp;aminotransferase,96.9
1341679.P253_00184,dnaG,DNA&nbsp;primase,96.9
1341679.P253_00855,P253_00855,annotation&nbsp;not&nbsp;available,96.9
1341679.P253_00359,P253_00359,annotation&nbsp;not&nbsp;available,96.8
1341679.P253_01045,P253_01045,annotation&nbsp;not&nbsp;available,96.7
1341679.P253_01038,P253_01038,annotation&nbsp;not&nbsp;available,96.6
1341679.P253_02915,himA,Integration&nbsp;host&nbsp;factor&nbsp;subunit&nbsp;alpha,96.6
1341679.P253_01243,glyA,Serine&nbsp;hydroxymethyltransferase,96.5
1341679.P253_02426,P253_02426,annotation&nbsp;not&nbsp;available,96.5
1341679.P253_02607,atpB,ATP&nbsp;synthase&nbsp;subunit&nbsp;a,96.5
1341679.P253_00152,rpmA,annotation&nbsp;not&nbsp;available,96.4
1341679.P253_02710,P253_02710,annotation&nbsp;not&nbsp;available,96.4
1341679.P253_00803,P253_00803,annotation&nbsp;not&nbsp;available,96.4
1341679.P253_00182,P253_00182,annotation&nbsp;not&nbsp;available,96.3
1341679.P253_01216,P253_01216,Penicillin-binding&nbsp;protein&nbsp;1B,96.3
1341679.P253_01718,ssuD,Alkanesulfonate&nbsp;monooxygenase,96.2
1341679.P253_00963,P253_00963,annotation&nbsp;not&nbsp;available,96.2
1341679.P253_01476,metG,Methionine--tRNA&nbsp;ligase,96.0
1341679.P253_02052,rpsQ,30S&nbsp;ribosomal&nbsp;protein&nbsp;S17,96.0
1341679.P253_02768,P253_02768,annotation&nbsp;not&nbsp;available,96.0
1341679.P253_02197,P253_02197,annotation&nbsp;not&nbsp;available,95.9
1341679.P253_02662,P253_02662,annotation&nbsp;not&nbsp;available,95.9
1341679.P253_02012,hemF,Oxygen-dependent&nbsp;coproporphyrinogen-III&nbsp;oxidase,95.9
1341679.P253_01571,P253_01571,annotation&nbsp;not&nbsp;available,95.9
1341679.P253_00618,P253_00618,annotation&nbsp;not&nbsp;available,95.8
1341679.P253_01077,P253_01077,annotation&nbsp;not&nbsp;available,95.6
1341679.P253_01007,P253_01007,Bifunctional&nbsp;protein&nbsp;PutA,95.6
1341679.P253_02179,P253_02179,annotation&nbsp;not&nbsp;available,95.6
1341679.P253_01964,ispH,4-hydroxy-3-methylbut-2-enyl&nbsp;diphosphate&nbsp;reductase,95.5
1341679.P253_02058,rplF,50S&nbsp;ribosomal&nbsp;protein&nbsp;L6,95.4
1341679.P253_01437,P253_01437,annotation&nbsp;not&nbsp;available,95.3
1341679.P253_00512,purF,Amidophosphoribosyltransferase,95.2
1341679.P253_01159,P253_01159,annotation&nbsp;not&nbsp;available,95.2
1341679.P253_01772,P253_01772,annotation&nbsp;not&nbsp;available,95.0
1341679.P253_02273,P253_02273,annotation&nbsp;not&nbsp;available,95.0
1341679.P253_02041,P253_02041,annotation&nbsp;not&nbsp;available,94.9
1341679.P253_00649,P253_00649,annotation&nbsp;not&nbsp;available,94.8
1341679.P253_00478,pyrB,annotation&nbsp;not&nbsp;available,94.7
1341679.P253_02509,P253_02509,annotation&nbsp;not&nbsp;available,94.7
1341679.P253_02514,P253_02514,Threonine&nbsp;synthase,94.6
1341679.P253_01304,P253_01304,annotation&nbsp;not&nbsp;available,94.5
1341679.P253_01750,P253_01750,annotation&nbsp;not&nbsp;available,94.5
1341679.P253_01319,P253_01319,annotation&nbsp;not&nbsp;available,94.5
1341679.P253_02382,P253_02382,annotation&nbsp;not&nbsp;available,94.5
1341679.P253_01988,P253_01988,annotation&nbsp;not&nbsp;available,94.4
1341679.P253_01499,P253_01499,annotation&nbsp;not&nbsp;available,94.4
1341679.P253_01209,P253_01209,annotation&nbsp;not&nbsp;available,94.4
1341679.P253_03062,P253_03062,annotation&nbsp;not&nbsp;available,94.2
1341679.P253_00664,lptD,LPS-assembly&nbsp;protein&nbsp;LptD,94.2
1341679.P253_02960,P253_02960,annotation&nbsp;not&nbsp;available,94.1
1341679.P253_00621,P253_00621,annotation&nbsp;not&nbsp;available,94.1
1341679.P253_02070,P253_02070,annotation&nbsp;not&nbsp;available,94.1
1341679.P253_02954,ilvC,Ketol-acid&nbsp;reductoisomerase&nbsp;(NADP(+)),93.9
1341679.P253_01311,P253_01311,annotation&nbsp;not&nbsp;available,93.9
1341679.P253_01629,P253_01629,annotation&nbsp;not&nbsp;available,93.8
1341679.P253_01781,P253_01781,annotation&nbsp;not&nbsp;available,93.8
1341679.P253_02468,rpoB,DNA-directed&nbsp;RNA&nbsp;polymerase&nbsp;subunit&nbsp;beta,93.7
1341679.P253_00952,P253_00952,annotation&nbsp;not&nbsp;available,93.6
1341679.P253_02227,P253_02227,Tryptophan&nbsp;synthase&nbsp;beta&nbsp;chain,93.6
1341679.P253_01766,P253_01766,annotation&nbsp;not&nbsp;available,93.5
1341679.P253_01230,P253_01230,annotation&nbsp;not&nbsp;available,93.5
1341679.P253_01459,P253_01459,annotation&nbsp;not&nbsp;available,93.5
1341679.P253_02339,P253_02339,4-hydroxy-2-oxovalerate&nbsp;aldolase,93.5
1341679.P253_02104,P253_02104,dITP/XTP&nbsp;pyrophosphatase,93.4
1341679.P253_02548,P253_02548,annotation&nbsp;not&nbsp;available,93.4
1341679.P253_01735,P253_01735,annotation&nbsp;not&nbsp;available,93.4
1341679.P253_01220,P253_01220,annotation&nbsp;not&nbsp;available,93.3
1341679.P253_00150,P253_00150,annotation&nbsp;not&nbsp;available,93.2
1341679.P253_02693,ribH,"6,7-dimethyl-8-ribityllumazine&nbsp;synthase",93.2
1341679.P253_02351,glyQ,annotation&nbsp;not&nbsp;available,93.2
1341679.P253_00183,hemA,Glutamyl-tRNA&nbsp;reductase,93.2
1341679.P253_02698,glmS,Glutamine--fructose-6-phosphate&nbsp;aminotransferase&nbsp;[isomerizing],93.1
1341679.P253_00188,P253_00188,annotation&nbsp;not&nbsp;available,93.1
1341679.P253_00286,P253_00286,annotation&nbsp;not&nbsp;available,93.0
1341679.P253_00560,P253_00560,annotation&nbsp;not&nbsp;available,93.0
1341679.P253_00843,P253_00843,annotation&nbsp;not&nbsp;available,93.0
1341679.P253_01087,P253_01087,annotation&nbsp;not&nbsp;available,92.8
1341679.P253_01218,P253_01218,annotation&nbsp;not&nbsp;available,92.8
1341679.P253_00415,P253_00415,Phosphate&nbsp;transport&nbsp;system&nbsp;permease&nbsp;protein,92.8
1341679.P253_01646,fusA,Elongation&nbsp;factor&nbsp;G,92.8
1341679.P253_03034,rpmH,annotation&nbsp;not&nbsp;available,92.8
1341679.P253_00878,P253_00878,annotation&nbsp;not&nbsp;available,92.8
1341679.P253_02621,maeA,annotation&nbsp;not&nbsp;available,92.7
1341679.P253_02469,rplL,50S&nbsp;ribosomal&nbsp;protein&nbsp;L7/L12,92.6
1341679.P253_02502,cpdA,"3',5'-cyclic&nbsp;adenosine&nbsp;monophosphate&nbsp;phosphodiesterase&nbsp;CpdA",92.5
1341679.P253_02600,atpC,ATP&nbsp;synthase&nbsp;epsilon&nbsp;chain,92.5
1341679.P253_01720,P253_01720,annotation&nbsp;not&nbsp;available,92.4
1341679.P253_00883,P253_00883,Phospho-2-dehydro-3-deoxyheptonate&nbsp;aldolase,92.4
1341679.P253_00690,P253_00690,Integration&nbsp;host&nbsp;factor&nbsp;subunit&nbsp;beta,92.2
1341679.P253_01294,pyrC,Dihydroorotase,92.2
1341679.P253_02063,secY,Protein&nbsp;translocase&nbsp;subunit&nbsp;SecY,92.1
1341679.P253_00506,gpsA,annotation&nbsp;not&nbsp;available,92.1
1341679.P253_02971,P253_02971,Glutaredoxin,92.1
1341679.P253_02120,P253_02120,Phosphate&nbsp;acetyltransferase,92.1
1341679.P253_01811,gshB,annotation&nbsp;not&nbsp;available,92.0
1341679.P253_01265,P253_01265,annotation&nbsp;not&nbsp;available,92.0
1341679.P253_01906,P253_01906,annotation&nbsp;not&nbsp;available,91.9
1341679.P253_00977,rpsT,30S&nbsp;ribosomal&nbsp;protein&nbsp;S20,91.9
1341679.P253_00679,P253_00679,annotation&nbsp;not&nbsp;available,91.8
1341679.P253_01215,nadK,NAD&nbsp;kinase,91.7
1341679.P253_00964,iscS,Cysteine&nbsp;desulfurase&nbsp;IscS,91.7
1341679.P253_01407,P253_01407,annotation&nbsp;not&nbsp;available,91.7
1341679.P253_02897,P253_02897,annotation&nbsp;not&nbsp;available,91.6
1341679.P253_00645,P253_00645,annotation&nbsp;not&nbsp;available,91.6
1341679.P253_00818,P253_00818,annotation&nbsp;not&nbsp;available,91.6
1341679.P253_00500,rpoH,annotation&nbsp;not&nbsp;available,91.5
1341679.P253_00712,pyrH,Uridylate&nbsp;kinase,91.4
1341679.P253_02821,P253_02821,annotation&nbsp;not&nbsp;available,91.4
1341679.P253_01385,mtgA,Biosynthetic&nbsp;peptidoglycan&nbsp;transglycosylase,91.4
1341679.P253_01237,P253_01237,annotation&nbsp;not&nbsp;available,91.4
1341679.P253_02283,rpmB,annotation&nbsp;not&nbsp;available,91.3
1341679.P253_00948,recR,Recombination&nbsp;protein&nbsp;RecR,91.3
1341679.P253_00735,P253_00735,annotation&nbsp;not&nbsp;available,91.3
1341679.P253_02448,fadA,3-ketoacyl-CoA&nbsp;thiolase,91.3
1341679.P253_01352,ureG,Urease&nbsp;accessory&nbsp;protein&nbsp;UreG,91.3
1341679.P253_01834,P253_01834,annotation&nbsp;not&nbsp;available,91.2
1341679.P253_01312,P253_01312,annotation&nbsp;not&nbsp;available,91.2
1341679.P253_02497,P253_02497,Phosphate-specific&nbsp;transport&nbsp;system&nbsp;accessory&nbsp;protein&nbsp;PhoU,91.2
1341679.P253_02044,rplD,50S&nbsp;ribosomal&nbsp;protein&nbsp;L4,91.2
1341679.P253_03038,gyrB,DNA&nbsp;gyrase&nbsp;subunit&nbsp;B,91.1
1341679.P253_01500,P253_01500,annotation&nbsp;not&nbsp;available,91.1
1341679.P253_02836,P253_02836,annotation&nbsp;not&nbsp;available,91.0
1341679.P253_01767,P253_01767,annotation&nbsp;not&nbsp;available,90.9
1341679.P253_01899,P253_01899,annotation&nbsp;not&nbsp;available,90.8
1341679.P253_02845,P253_02845,annotation&nbsp;not&nbsp;available,90.8
1341679.P253_00208,P253_00208,annotation&nbsp;not&nbsp;available,90.6
1341679.P253_01198,P253_01198,annotation&nbsp;not&nbsp;available,90.6
1341679.P253_01322,P253_01322,annotation&nbsp;not&nbsp;available,90.6
1341679.P253_01510,nuoA,NADH-quinone&nbsp;oxidoreductase&nbsp;subunit&nbsp;A,90.6
1341679.P253_01839,P253_01839,annotation&nbsp;not&nbsp;available,90.5
1341679.P253_00888,P253_00888,annotation&nbsp;not&nbsp;available,90.4
1341679.P253_01025,P253_01025,annotation&nbsp;not&nbsp;available,90.3
1341679.P253_02242,argJ,Arginine&nbsp;biosynthesis&nbsp;bifunctional&nbsp;protein&nbsp;ArgJ,90.3
1341679.P253_00011,rpsI,annotation&nbsp;not&nbsp;available,90.3
1341679.P253_01182,hemL,annotation&nbsp;not&nbsp;available,90.3
1341679.P253_02738,P253_02738,annotation&nbsp;not&nbsp;available,90.2
1341679.P253_01803,P253_01803,annotation&nbsp;not&nbsp;available,90.2
1341679.P253_02797,P253_02797,annotation&nbsp;not&nbsp;available,90.1
1341679.P253_00370,cysA,Sulfate/thiosulfate&nbsp;import&nbsp;ATP-binding&nbsp;protein&nbsp;CysA,90.0
1341679.P253_02061,rpmD,annotation&nbsp;not&nbsp;available,90.0
1341679.P253_02981,P253_02981,annotation&nbsp;not&nbsp;available,89.9
1341679.P253_00151,rplU,50S&nbsp;ribosomal&nbsp;protein&nbsp;L21,89.9
1341679.P253_01094,P253_01094,annotation&nbsp;not&nbsp;available,89.8
1341679.P253_01924,murF,UDP-N-acetylmuramoyl-tripeptide--D-alanyl-D-alanine&nbsp;ligase,89.8
1341679.P253_00062,P253_00062,annotation&nbsp;not&nbsp;available,89.8
1341679.P253_00096,P253_00096,Bacterioferritin,89.6
1341679.P253_02308,infA,Translation&nbsp;initiation&nbsp;factor&nbsp;IF-1,89.4
1341679.P253_00617,P253_00617,annotation&nbsp;not&nbsp;available,89.4
1341679.P253_01534,gatC,Aspartyl/glutamyl-tRNA(Asn/Gln)&nbsp;amidotransferase&nbsp;subunit&nbsp;C,89.4
1341679.P253_00832,P253_00832,annotation&nbsp;not&nbsp;available,89.3
1341679.P253_00865,P253_00865,annotation&nbsp;not&nbsp;available,89.3
1341679.P253_01900,P253_01900,annotation&nbsp;not&nbsp;available,89.3
1341679.P253_01685,P253_01685,annotation&nbsp;not&nbsp;available,89.1
1341679.P253_01027,pgk,annotation&nbsp;not&nbsp;available,89.0
1341679.P253_02875,P253_02875,annotation&nbsp;not&nbsp;available,89.0
1341679.P253_00866,P253_00866,annotation&nbsp;not&nbsp;available,89.0
1341679.P253_01373,P253_01373,annotation&nbsp;not&nbsp;available,89.0
1341679.P253_01901,P253_01901,annotation&nbsp;not&nbsp;available,88.9
1341679.P253_02998,P253_02998,annotation&nbsp;not&nbsp;available,88.7
1341679.P253_01784,P253_01784,annotation&nbsp;not&nbsp;available,88.7
1341679.P253_00886,P253_00886,annotation&nbsp;not&nbsp;available,88.7
1341679.P253_01357,ureC,annotation&nbsp;not&nbsp;available,88.6
1341679.P253_02043,rplC,50S&nbsp;ribosomal&nbsp;protein&nbsp;L3,88.6
1341679.P253_01196,P253_01196,annotation&nbsp;not&nbsp;available,88.6
1341679.P253_02420,nusA,Transcription&nbsp;termination/antitermination&nbsp;protein&nbsp;NusA,88.6
1341679.P253_01137,P253_01137,annotation&nbsp;not&nbsp;available,88.6
1341679.P253_01273,P253_01273,annotation&nbsp;not&nbsp;available,88.6
1341679.P253_02830,P253_02830,annotation&nbsp;not&nbsp;available,88.6
1341679.P253_01923,murE,"UDP-N-acetylmuramoyl-L-alanyl-D-glutamate--2,6-diaminopimelate&nbsp;ligase",88.6
1341679.P253_01961,P253_01961,annotation&nbsp;not&nbsp;available,88.6
1341679.P253_00246,P253_00246,annotation&nbsp;not&nbsp;available,88.4
1341679.P253_01654,P253_01654,Alanine&nbsp;racemase,88.2
1341679.P253_03099,P253_03099,annotation&nbsp;not&nbsp;available,88.2
1341679.P253_00860,moaA,"GTP&nbsp;3',8-cyclase",88.2
1341679.P253_00022,P253_00022,annotation&nbsp;not&nbsp;available,88.1
1341679.P253_02081,rnr,Ribonuclease&nbsp;R,88.0
1341679.P253_02611,znuC,Zinc&nbsp;import&nbsp;ATP-binding&nbsp;protein&nbsp;ZnuC,87.8
1341679.P253_01031,P253_01031,annotation&nbsp;not&nbsp;available,87.8
1341679.P253_00713,frr,Ribosome-recycling&nbsp;factor,87.7
1341679.P253_02601,atpD,ATP&nbsp;synthase&nbsp;subunit&nbsp;beta,87.7
1341679.P253_00050,P253_00050,Trehalose&nbsp;6-phosphate&nbsp;phosphatase,87.5
1341679.P253_00212,sucC,Succinate--CoA&nbsp;ligase&nbsp;[ADP-forming]&nbsp;subunit&nbsp;beta,87.4
1341679.P253_02789,P253_02789,annotation&nbsp;not&nbsp;available,87.3
1341679.P253_00854,P253_00854,annotation&nbsp;not&nbsp;available,87.2
1341679.P253_02798,P253_02798,annotation&nbsp;not&nbsp;available,87.1
1341679.P253_00887,P253_00887,annotation&nbsp;not&nbsp;available,87.1
1341679.P253_02193,P253_02193,annotation&nbsp;not&nbsp;available,87.1
1341679.P253_00536,P253_00536,annotation&nbsp;not&nbsp;available,87.0
1341679.P253_02342,P253_02342,annotation&nbsp;not&nbsp;available,87.0
1341679.P253_02045,rplW,50S&nbsp;ribosomal&nbsp;protein&nbsp;L23,86.9
1341679.P253_01717,P253_01717,annotation&nbsp;not&nbsp;available,86.8
1341679.P253_00996,P253_00996,annotation&nbsp;not&nbsp;available,86.6
1341679.P253_02357,P253_02357,annotation&nbsp;not&nbsp;available,86.6
1341679.P253_00784,aroQ,3-dehydroquinate&nbsp;dehydratase,86.5
1341679.P253_00532,gloB,Hydroxyacylglutathione&nbsp;hydrolase,86.2
1341679.P253_02933,P253_02933,annotation&nbsp;not&nbsp;available,85.8
1341679.P253_01095,P253_01095,annotation&nbsp;not&nbsp;available,85.8
1341679.P253_01201,P253_01201,annotation&nbsp;not&nbsp;available,85.7
1341679.P253_02203,P253_02203,annotation&nbsp;not&nbsp;available,85.6
1341679.P253_00950,metZ,O-succinylhomoserine&nbsp;sulfhydrylase,85.6
1341679.P253_00032,P253_00032,annotation&nbsp;not&nbsp;available,85.4
1341679.P253_02047,rpsS,30S&nbsp;ribosomal&nbsp;protein&nbsp;S19,85.4
1341679.P253_01987,P253_01987,annotation&nbsp;not&nbsp;available,85.4
1341679.P253_00646,P253_00646,annotation&nbsp;not&nbsp;available,85.3
1341679.P253_00111,P253_00111,annotation&nbsp;not&nbsp;available,85.3
1341679.P253_00156,cysG,Siroheme&nbsp;synthase,85.2
1341679.P253_02401,recC,RecBCD&nbsp;enzyme&nbsp;subunit&nbsp;RecC,85.2
1341679.P253_02201,P253_02201,annotation&nbsp;not&nbsp;available,85.2
1341679.P253_00331,purN,Phosphoribosylglycinamide&nbsp;formyltransferase,85.1
1341679.P253_01566,P253_01566,annotation&nbsp;not&nbsp;available,85.0
1341679.P253_01854,P253_01854,Aminopyrimidine&nbsp;aminohydrolase,85.0
1341679.P253_02409,hisI,annotation&nbsp;not&nbsp;available,85.0
1341679.P253_02922,P253_02922,annotation&nbsp;not&nbsp;available,84.9
1341679.P253_02253,P253_02253,annotation&nbsp;not&nbsp;available,84.9
1341679.P253_01776,gshA,annotation&nbsp;not&nbsp;available,84.9
1341679.P253_00783,P253_00783,Biotin&nbsp;carboxyl&nbsp;carrier&nbsp;protein&nbsp;of&nbsp;acetyl-CoA&nbsp;carboxylase,84.9
1341679.P253_02946,ndk,Nucleoside&nbsp;diphosphate&nbsp;kinase,84.9
1341679.P253_00858,P253_00858,annotation&nbsp;not&nbsp;available,84.7
1341679.P253_00981,P253_00981,annotation&nbsp;not&nbsp;available,84.7
1341679.P253_02828,P253_02828,annotation&nbsp;not&nbsp;available,84.7
1341679.P253_00410,proB,Glutamate&nbsp;5-kinase,84.6
1341679.P253_00689,P253_00689,30S&nbsp;ribosomal&nbsp;protein&nbsp;S1,84.6
1341679.P253_00615,P253_00615,annotation&nbsp;not&nbsp;available,84.6
1341679.P253_00613,P253_00613,annotation&nbsp;not&nbsp;available,84.6
1341679.P253_02215,P253_02215,annotation&nbsp;not&nbsp;available,84.5
1341679.P253_01183,thiE,Thiamine-phosphate&nbsp;synthase,84.5
1341679.P253_02606,atpE,ATP&nbsp;synthase&nbsp;subunit&nbsp;c,84.5
1341679.P253_02562,ppa,Inorganic&nbsp;pyrophosphatase,84.5
1341679.P253_00358,P253_00358,annotation&nbsp;not&nbsp;available,84.4
1341679.P253_01408,glsA,annotation&nbsp;not&nbsp;available,84.4
1341679.P253_00521,tsaD,tRNA&nbsp;N6-adenosine&nbsp;threonylcarbamoyltransferase,84.3
1341679.P253_01295,rnt,Ribonuclease&nbsp;T,84.3
1341679.P253_02595,P253_02595,annotation&nbsp;not&nbsp;available,84.2
1341679.P253_01343,P253_01343,Uncharacterized&nbsp;protein,84.2
1341679.P253_02926,thrS,Threonine--tRNA&nbsp;ligase,84.1
1341679.P253_00797,P253_00797,annotation&nbsp;not&nbsp;available,84.1
1341679.P253_02397,rpsO,30S&nbsp;ribosomal&nbsp;protein&nbsp;S15,84.1
1341679.P253_01121,P253_01121,annotation&nbsp;not&nbsp;available,83.9
1341679.P253_00647,P253_00647,annotation&nbsp;not&nbsp;available,83.9
1341679.P253_02518,P253_02518,annotation&nbsp;not&nbsp;available,83.9
1341679.P253_02708,pgi,annotation&nbsp;not&nbsp;available,83.8
1341679.P253_02069,rplQ,annotation&nbsp;not&nbsp;available,83.8
1341679.P253_00258,P253_00258,annotation&nbsp;not&nbsp;available,83.7
1341679.P253_02131,prfC,Peptide&nbsp;chain&nbsp;release&nbsp;factor&nbsp;3,83.7
1341679.P253_02513,P253_02513,annotation&nbsp;not&nbsp;available,83.6
1341679.P253_02990,P253_02990,annotation&nbsp;not&nbsp;available,83.6
1341679.P253_01328,dld,Quinone-dependent&nbsp;D-lactate&nbsp;dehydrogenase,83.5
1341679.P253_00856,P253_00856,annotation&nbsp;not&nbsp;available,83.4
1341679.P253_01075,P253_01075,annotation&nbsp;not&nbsp;available,83.3
1341679.P253_01379,P253_01379,annotation&nbsp;not&nbsp;available,83.3
1341679.P253_02396,pnp,Polyribonucleotide&nbsp;nucleotidyltransferase,83.3
1341679.P253_01092,P253_01092,annotation&nbsp;not&nbsp;available,83.2
1341679.P253_00748,P253_00748,annotation&nbsp;not&nbsp;available,83.2
1341679.P253_01621,bamE,Outer&nbsp;membrane&nbsp;protein&nbsp;assembly&nbsp;factor&nbsp;BamE,83.2
1341679.P253_01433,P253_01433,annotation&nbsp;not&nbsp;available,83.1
1341679.P253_01842,P253_01842,annotation&nbsp;not&nbsp;available,83.0
1341679.P253_02399,recD,RecBCD&nbsp;enzyme&nbsp;subunit&nbsp;RecD,83.0
1341679.P253_02969,rsgA,Small&nbsp;ribosomal&nbsp;subunit&nbsp;biogenesis&nbsp;GTPase&nbsp;RsgA,83.0
1341679.P253_00537,P253_00537,annotation&nbsp;not&nbsp;available,83.0
1341679.P253_00906,P253_00906,annotation&nbsp;not&nbsp;available,82.9
1341679.P253_01790,alc,annotation&nbsp;not&nbsp;available,82.8
1341679.P253_00782,P253_00782,annotation&nbsp;not&nbsp;available,82.8
1341679.P253_00868,P253_00868,annotation&nbsp;not&nbsp;available,82.8
1341679.P253_02328,P253_02328,annotation&nbsp;not&nbsp;available,82.7
1341679.P253_01101,P253_01101,Alanine&nbsp;racemase,82.6
1341679.P253_01139,P253_01139,annotation&nbsp;not&nbsp;available,82.6
1341679.P253_02530,P253_02530,Riboflavin&nbsp;biosynthesis&nbsp;protein&nbsp;RibD,82.4
1341679.P253_02178,P253_02178,annotation&nbsp;not&nbsp;available,82.3
1341679.P253_00465,P253_00465,annotation&nbsp;not&nbsp;available,82.2
1341679.P253_00287,P253_00287,annotation&nbsp;not&nbsp;available,82.2
1341679.P253_02393,P253_02393,annotation&nbsp;not&nbsp;available,82.1
1341679.P253_02018,P253_02018,annotation&nbsp;not&nbsp;available,82.1
1341679.P253_01313,P253_01313,annotation&nbsp;not&nbsp;available,82.1
1341679.P253_01915,gltX,Glutamate--tRNA&nbsp;ligase,82.1
1341679.P253_00698,P253_00698,annotation&nbsp;not&nbsp;available,82.0
1341679.P253_00284,trpC,annotation&nbsp;not&nbsp;available,82.0
1341679.P253_02523,pepA,Probable&nbsp;cytosol&nbsp;aminopeptidase,82.0
1341679.P253_02920,rplT,50S&nbsp;ribosomal&nbsp;protein&nbsp;L20,81.9
1341679.P253_00434,surE,5'-nucleotidase&nbsp;SurE,81.8
1341679.P253_00721,fabZ,3-hydroxyacyl-[acyl-carrier-protein]&nbsp;dehydratase&nbsp;FabZ,81.8
1341679.P253_01285,P253_01285,annotation&nbsp;not&nbsp;available,81.8
1341679.P253_01928,P253_01928,annotation&nbsp;not&nbsp;available,81.7
1341679.P253_02024,P253_02024,annotation&nbsp;not&nbsp;available,81.7
1341679.P253_00484,P253_00484,annotation&nbsp;not&nbsp;available,81.6
1341679.P253_00412,P253_00412,annotation&nbsp;not&nbsp;available,81.6
1341679.P253_01814,ddl,D-alanine--D-alanine&nbsp;ligase,81.5
1341679.P253_00148,P253_00148,annotation&nbsp;not&nbsp;available,81.5
1341679.P253_02520,gpmI,"2,3-bisphosphoglycerate-independent&nbsp;phosphoglycerate&nbsp;mutase",81.4
1341679.P253_02777,P253_02777,annotation&nbsp;not&nbsp;available,81.4
1341679.P253_00505,P253_00505,annotation&nbsp;not&nbsp;available,81.4
1341679.P253_02474,secE,Protein&nbsp;translocase&nbsp;subunit&nbsp;SecE,81.3
1341679.P253_02279,P253_02279,annotation&nbsp;not&nbsp;available,81.3
1341679.P253_00697,glcB,Malate&nbsp;synthase&nbsp;G,81.3
1341679.P253_01497,upp,Uracil&nbsp;phosphoribosyltransferase,81.2
1341679.P253_02668,P253_02668,Exodeoxyribonuclease&nbsp;7&nbsp;large&nbsp;subunit,81.2
1341679.P253_00965,P253_00965,Iron-sulfur&nbsp;cluster&nbsp;assembly&nbsp;scaffold&nbsp;protein&nbsp;IscU,81.1
1341679.P253_02056,rpsN,30S&nbsp;ribosomal&nbsp;protein&nbsp;S14,81.1
1341679.P253_00114,P253_00114,Ribonucleoside-diphosphate&nbsp;reductase&nbsp;subunit&nbsp;beta,80.8
1341679.P253_02054,rplX,50S&nbsp;ribosomal&nbsp;protein&nbsp;L24,80.8
1341679.P253_02117,P253_02117,Fumarate&nbsp;hydratase&nbsp;class&nbsp;I,80.8
1341679.P253_00558,P253_00558,annotation&nbsp;not&nbsp;available,80.7
1341679.P253_02029,plsB,annotation&nbsp;not&nbsp;available,80.6
1341679.P253_01821,P253_01821,Pyruvate&nbsp;dehydrogenase&nbsp;E1&nbsp;component,80.5
1341679.P253_02939,bamB,Outer&nbsp;membrane&nbsp;protein&nbsp;assembly&nbsp;factor&nbsp;BamB,80.5
1341679.P253_02403,P253_02403,annotation&nbsp;not&nbsp;available,80.2
1341679.P253_00993,pyrG,CTP&nbsp;synthase,80.1
1341679.P253_00515,P253_00515,annotation&nbsp;not&nbsp;available,80.1
1341679.P253_01306,P253_01306,annotation&nbsp;not&nbsp;available,80.1
1341679.P253_02019,P253_02019,annotation&nbsp;not&nbsp;available,80.0
1341679.P253_02471,rplA,50S&nbsp;ribosomal&nbsp;protein&nbsp;L1,80.0
1341679.P253_01107,P253_01107,annotation&nbsp;not&nbsp;available,79.9
1341679.P253_00317,gyrA,DNA&nbsp;gyrase&nbsp;subunit&nbsp;A,79.9
1341679.P253_00934,ftsY,Signal&nbsp;recognition&nbsp;particle&nbsp;receptor&nbsp;FtsY,79.9
1341679.P253_00282,folE,annotation&nbsp;not&nbsp;available,79.8
1341679.P253_02414,P253_02414,annotation&nbsp;not&nbsp;available,79.8
1341679.P253_00710,P253_00710,annotation&nbsp;not&nbsp;available,79.8
1341679.P253_00485,P253_00485,annotation&nbsp;not&nbsp;available,79.6
1341679.P253_00463,P253_00463,annotation&nbsp;not&nbsp;available,79.5
1341679.P253_01119,metN,Methionine&nbsp;import&nbsp;ATP-binding&nbsp;protein&nbsp;MetN,79.5
1341679.P253_02517,P253_02517,annotation&nbsp;not&nbsp;available,79.5
1341679.P253_01422,P253_01422,annotation&nbsp;not&nbsp;available,79.2
1341679.P253_01503,nuoI,NADH-quinone&nbsp;oxidoreductase&nbsp;subunit&nbsp;I,79.2
1341679.P253_01342,P253_01342,annotation&nbsp;not&nbsp;available,79.2
1341679.P253_02742,fmt,Methionyl-tRNA&nbsp;formyltransferase,79.0
1341679.P253_00760,P253_00760,annotation&nbsp;not&nbsp;available,79.0
1341679.P253_01108,gidA,tRNA&nbsp;uridine&nbsp;5-carboxymethylaminomethyl&nbsp;modification&nbsp;enzyme&nbsp;MnmG,79.0
1341679.P253_00997,P253_00997,annotation&nbsp;not&nbsp;available,78.9
1341679.P253_01456,P253_01456,annotation&nbsp;not&nbsp;available,78.9
1341679.P253_01844,P253_01844,annotation&nbsp;not&nbsp;available,78.9
1341679.P253_00776,P253_00776,annotation&nbsp;not&nbsp;available,78.9
1341679.P253_02400,recB,RecBCD&nbsp;enzyme&nbsp;subunit&nbsp;RecB,78.9
1341679.P253_01783,P253_01783,annotation&nbsp;not&nbsp;available,78.8
1341679.P253_01512,P253_01512,annotation&nbsp;not&nbsp;available,78.8
1341679.P253_02172,P253_02172,annotation&nbsp;not&nbsp;available,78.8
1341679.P253_00754,ilvA,L-threonine&nbsp;dehydratase,78.7
1341679.P253_00414,P253_00414,annotation&nbsp;not&nbsp;available,78.6
1341679.P253_02959,lptE,LPS-assembly&nbsp;lipoprotein&nbsp;LptE,78.6
1341679.P253_00343,P253_00343,annotation&nbsp;not&nbsp;available,78.6
1341679.P253_00380,P253_00380,annotation&nbsp;not&nbsp;available,78.5
1341679.P253_00486,P253_00486,annotation&nbsp;not&nbsp;available,78.5
1341679.P253_01100,P253_01100,Replicative&nbsp;DNA&nbsp;helicase,78.5
1341679.P253_00443,rpmE,50S&nbsp;ribosomal&nbsp;protein&nbsp;L31,78.4
1341679.P253_02707,P253_02707,annotation&nbsp;not&nbsp;available,78.3
1341679.P253_02419,infB,Translation&nbsp;initiation&nbsp;factor&nbsp;IF-2,78.3
1341679.P253_02436,P253_02436,annotation&nbsp;not&nbsp;available,78.3
1341679.P253_00413,P253_00413,annotation&nbsp;not&nbsp;available,78.3
1341679.P253_02303,P253_02303,annotation&nbsp;not&nbsp;available,78.2
1341679.P253_02014,ribA,GTP&nbsp;cyclohydrolase-2,78.2
1341679.P253_03053,P253_03053,annotation&nbsp;not&nbsp;available,78.1
1341679.P253_01051,P253_01051,annotation&nbsp;not&nbsp;available,78.1
1341679.P253_01832,prfB,Peptide&nbsp;chain&nbsp;release&nbsp;factor&nbsp;2,78.0
1341679.P253_02258,P253_02258,annotation&nbsp;not&nbsp;available,78.0
1341679.P253_00095,ligA,DNA&nbsp;ligase,78.0
1341679.P253_01498,nuoN,NADH-quinone&nbsp;oxidoreductase&nbsp;subunit&nbsp;N,77.9
1341679.P253_02851,P253_02851,annotation&nbsp;not&nbsp;available,77.9
1341679.P253_02492,hemC,Porphobilinogen&nbsp;deaminase,77.9
1341679.P253_00253,pckG,Phosphoenolpyruvate&nbsp;carboxykinase&nbsp;[GTP],77.7
1341679.P253_02088,P253_02088,annotation&nbsp;not&nbsp;available,77.6
1341679.P253_01106,P253_01106,annotation&nbsp;not&nbsp;available,77.6
1341679.P253_02495,argH,annotation&nbsp;not&nbsp;available,77.5
1341679.P253_01211,P253_01211,annotation&nbsp;not&nbsp;available,77.5
1341679.P253_02627,P253_02627,annotation&nbsp;not&nbsp;available,77.4
1341679.P253_01093,P253_01093,annotation&nbsp;not&nbsp;available,77.4
1341679.P253_01504,nuoH,NADH-quinone&nbsp;oxidoreductase&nbsp;subunit&nbsp;H,77.4
1341679.P253_02412,P253_02412,annotation&nbsp;not&nbsp;available,77.3
1341679.P253_00431,P253_00431,annotation&nbsp;not&nbsp;available,77.3
1341679.P253_02109,P253_02109,annotation&nbsp;not&nbsp;available,77.3
1341679.P253_01546,P253_01546,annotation&nbsp;not&nbsp;available,77.2
1341679.P253_02128,P253_02128,annotation&nbsp;not&nbsp;available,77.2
1341679.P253_01458,P253_01458,annotation&nbsp;not&nbsp;available,77.2
1341679.P253_00880,gcvH,Glycine&nbsp;cleavage&nbsp;system&nbsp;H&nbsp;protein,77.1
1341679.P253_00236,carA,annotation&nbsp;not&nbsp;available,77.1
1341679.P253_00824,cynS,Cyanate&nbsp;hydratase,77.1
1341679.P253_01658,P253_01658,annotation&nbsp;not&nbsp;available,77.0
1341679.P253_02970,P253_02970,annotation&nbsp;not&nbsp;available,77.0
1341679.P253_00694,P253_00694,annotation&nbsp;not&nbsp;available,77.0
1341679.P253_00853,P253_00853,annotation&nbsp;not&nbsp;available,76.9
1341679.P253_00576,P253_00576,annotation&nbsp;not&nbsp;available,76.9
1341679.P253_00395,P253_00395,annotation&nbsp;not&nbsp;available,76.9
1341679.P253_01145,P253_01145,annotation&nbsp;not&nbsp;available,76.9
1341679.P253_03060,P253_03060,Very&nbsp;short&nbsp;patch&nbsp;repair&nbsp;endonuclease,76.8
1341679.P253_02048,rplV,50S&nbsp;ribosomal&nbsp;protein&nbsp;L22,76.8
1341679.P253_02481,trpE,Anthranilate&nbsp;synthase&nbsp;component&nbsp;1,76.8
1341679.P253_01935,aroB,3-dehydroquinate&nbsp;synthase,76.7
1341679.P253_00896,P253_00896,annotation&nbsp;not&nbsp;available,76.7
1341679.P253_03009,purE,N5-carboxyaminoimidazole&nbsp;ribonucleotide&nbsp;mutase,76.7
1341679.P253_01390,P253_01390,Carbonic&nbsp;anhydrase,76.6
1341679.P253_02905,polA,DNA&nbsp;polymerase&nbsp;I,76.5
1341679.P253_02126,nagZ,Beta-hexosaminidase,76.4
1341679.P253_00780,P253_00780,annotation&nbsp;not&nbsp;available,76.4
1341679.P253_02734,ppc,Phosphoenolpyruvate&nbsp;carboxylase,76.4
1341679.P253_00759,clpS,ATP-dependent&nbsp;Clp&nbsp;protease&nbsp;adapter&nbsp;protein&nbsp;ClpS,76.3
1341679.P253_03004,dnaK,Chaperone&nbsp;protein&nbsp;DnaK,76.3
1341679.P253_01135,P253_01135,annotation&nbsp;not&nbsp;available,76.2
1341679.P253_00210,P253_00210,Dihydrolipoyllysine-residue&nbsp;succinyltransferase&nbsp;component&nbsp;of&nbsp;2-oxoglutarate&nbsp;dehydrogenase&nbsp;complex,76.2
1341679.P253_00235,carB,annotation&nbsp;not&nbsp;available,76.2
1341679.P253_02072,P253_02072,annotation&nbsp;not&nbsp;available,76.1
1341679.P253_01048,P253_01048,Transaldolase,76.1
1341679.P253_02340,P253_02340,Acetaldehyde&nbsp;dehydrogenase,76.0
1341679.P253_02612,P253_02612,annotation&nbsp;not&nbsp;available,76.0
1341679.P253_01655,dadA,D-amino&nbsp;acid&nbsp;dehydrogenase,76.0
1341679.P253_00230,P253_00230,annotation&nbsp;not&nbsp;available,75.7
1341679.P253_00406,P253_00406,annotation&nbsp;not&nbsp;available,75.7
1341679.P253_01841,P253_01841,annotation&nbsp;not&nbsp;available,75.7
1341679.P253_00051,P253_00051,annotation&nbsp;not&nbsp;available,75.7
1341679.P253_02344,rne,Ribonuclease&nbsp;E,75.7
1341679.P253_01172,P253_01172,annotation&nbsp;not&nbsp;available,75.6
1341679.P253_00603,P253_00603,Protein&nbsp;TonB,75.5
1341679.P253_00982,P253_00982,annotation&nbsp;not&nbsp;available,75.5
1341679.P253_00487,P253_00487,annotation&nbsp;not&nbsp;available,75.5
1341679.P253_02961,P253_02961,annotation&nbsp;not&nbsp;available,75.5
1341679.P253_01889,hisA,annotation&nbsp;not&nbsp;available,75.3
1341679.P253_01922,ftsI,"Peptidoglycan&nbsp;D,D-transpeptidase&nbsp;FtsI",75.1
1341679.P253_00991,eno,Enolase,75.1
1341679.P253_02313,P253_02313,3-isopropylmalate&nbsp;dehydratase&nbsp;large&nbsp;subunit,75.0
1341679.P253_01375,cysD,annotation&nbsp;not&nbsp;available,75.0
1341679.P253_02921,rpmI,annotation&nbsp;not&nbsp;available,74.9
1341679.P253_02605,atpF,ATP&nbsp;synthase&nbsp;subunit&nbsp;b,74.8
1341679.P253_01635,minC,Probable&nbsp;septum&nbsp;site-determining&nbsp;protein&nbsp;MinC,74.7
1341679.P253_02299,lpxL,Lipid&nbsp;A&nbsp;biosynthesis&nbsp;lauroyltransferase,74.6
1341679.P253_00099,P253_00099,annotation&nbsp;not&nbsp;available,74.6
1341679.P253_01650,P253_01650,annotation&nbsp;not&nbsp;available,74.6
1341679.P253_02925,P253_02925,annotation&nbsp;not&nbsp;available,74.5
1341679.P253_02243,nadA,Quinolinate&nbsp;synthase&nbsp;A,74.5
1341679.P253_02240,secA,Protein&nbsp;translocase&nbsp;subunit&nbsp;SecA,74.5
1341679.P253_00214,P253_00214,annotation&nbsp;not&nbsp;available,74.5
1341679.P253_00132,P253_00132,annotation&nbsp;not&nbsp;available,74.5
1341679.P253_00118,P253_00118,annotation&nbsp;not&nbsp;available,74.5
1341679.P253_01055,P253_01055,annotation&nbsp;not&nbsp;available,74.5
1341679.P253_01127,mutS,DNA&nbsp;mismatch&nbsp;repair&nbsp;protein&nbsp;MutS,74.3
1341679.P253_01648,rpsL,30S&nbsp;ribosomal&nbsp;protein&nbsp;S12,74.2
1341679.P253_01614,sbcD,Nuclease&nbsp;SbcCD&nbsp;subunit&nbsp;D,74.2
1341679.P253_00205,P253_00205,annotation&nbsp;not&nbsp;available,74.1
1341679.P253_00272,P253_00272,annotation&nbsp;not&nbsp;available,74.0
1341679.P253_01399,P253_01399,annotation&nbsp;not&nbsp;available,74.0
1341679.P253_00557,P253_00557,annotation&nbsp;not&nbsp;available,73.8
1341679.P253_02177,P253_02177,annotation&nbsp;not&nbsp;available,73.8
1341679.P253_00119,P253_00119,annotation&nbsp;not&nbsp;available,73.7
1341679.P253_01518,P253_01518,annotation&nbsp;not&nbsp;available,73.7
1341679.P253_02366,P253_02366,annotation&nbsp;not&nbsp;available,73.6
1341679.P253_02603,atpA,ATP&nbsp;synthase&nbsp;subunit&nbsp;alpha,73.6
1341679.P253_01290,P253_01290,annotation&nbsp;not&nbsp;available,73.6
1341679.P253_02387,P253_02387,annotation&nbsp;not&nbsp;available,73.6
1341679.P253_02267,P253_02267,annotation&nbsp;not&nbsp;available,73.5
1341679.P253_02483,P253_02483,annotation&nbsp;not&nbsp;available,73.5
1341679.P253_00196,nadE,Glutamine-dependent&nbsp;NAD(+)&nbsp;synthetase,73.5
1341679.P253_01268,P253_01268,annotation&nbsp;not&nbsp;available,73.4
1341679.P253_01892,hisH,Imidazole&nbsp;glycerol&nbsp;phosphate&nbsp;synthase&nbsp;subunit&nbsp;HisH,73.4
1341679.P253_01793,P253_01793,annotation&nbsp;not&nbsp;available,73.3
1341679.P253_00056,P253_00056,annotation&nbsp;not&nbsp;available,73.3
1341679.P253_02843,P253_02843,annotation&nbsp;not&nbsp;available,73.3
1341679.P253_02898,P253_02898,annotation&nbsp;not&nbsp;available,73.2
1341679.P253_02800,P253_02800,annotation&nbsp;not&nbsp;available,73.2
1341679.P253_03030,mnmE,tRNA&nbsp;modification&nbsp;GTPase&nbsp;MnmE,73.2
1341679.P253_00087,ffh,Signal&nbsp;recognition&nbsp;particle&nbsp;protein,73.1
1341679.P253_00207,P253_00207,annotation&nbsp;not&nbsp;available,73.1
1341679.P253_00437,argD,annotation&nbsp;not&nbsp;available,73.0
1341679.P253_02531,nrdR,Transcriptional&nbsp;repressor&nbsp;NrdR,73.0
1341679.P253_01958,P253_01958,Bacterioferritin,72.9
1341679.P253_02916,pheT,annotation&nbsp;not&nbsp;available,72.9
1341679.P253_02571,P253_02571,annotation&nbsp;not&nbsp;available,72.9
1341679.P253_00206,P253_00206,Succinate&nbsp;dehydrogenase&nbsp;hydrophobic&nbsp;membrane&nbsp;anchor&nbsp;subunit,72.8
1341679.P253_01509,nuoB,NADH-quinone&nbsp;oxidoreductase&nbsp;subunit&nbsp;B,72.8
1341679.P253_01098,rpsR,30S&nbsp;ribosomal&nbsp;protein&nbsp;S18,72.7
1341679.P253_00641,P253_00641,Transketolase,72.7
1341679.P253_00578,P253_00578,3-isopropylmalate&nbsp;dehydratase&nbsp;large&nbsp;subunit,72.6
1341679.P253_00559,P253_00559,annotation&nbsp;not&nbsp;available,72.5
1341679.P253_01739,P253_01739,annotation&nbsp;not&nbsp;available,72.4
1341679.P253_00640,metK,S-adenosylmethionine&nbsp;synthase,72.4
1341679.P253_01675,P253_01675,annotation&nbsp;not&nbsp;available,72.4
1341679.P253_01535,gatA,Glutamyl-tRNA(Gln)&nbsp;amidotransferase&nbsp;subunit&nbsp;A,72.3
1341679.P253_00351,ruvA,Holliday&nbsp;junction&nbsp;ATP-dependent&nbsp;DNA&nbsp;helicase&nbsp;RuvA,72.3
1341679.P253_00767,prpB,2-methylisocitrate&nbsp;lyase,72.3
1341679.P253_02799,P253_02799,annotation&nbsp;not&nbsp;available,72.2
1341679.P253_02333,P253_02333,annotation&nbsp;not&nbsp;available,72.2
1341679.P253_02194,P253_02194,annotation&nbsp;not&nbsp;available,72.2
1341679.P253_00039,P253_00039,annotation&nbsp;not&nbsp;available,72.1
1341679.P253_02305,P253_02305,annotation&nbsp;not&nbsp;available,72.1
1341679.P253_01124,P253_01124,annotation&nbsp;not&nbsp;available,72.1
1341679.P253_00498,P253_00498,annotation&nbsp;not&nbsp;available,72.1
1341679.P253_00534,P253_00534,annotation&nbsp;not&nbsp;available,71.9
1341679.P253_01040,dnaX,DNA&nbsp;polymerase&nbsp;III&nbsp;subunit&nbsp;gamma/tau,71.8
1341679.P253_01277,P253_01277,annotation&nbsp;not&nbsp;available,71.8
1341679.P253_01857,P253_01857,Single-stranded&nbsp;DNA-binding&nbsp;protein,71.7
1341679.P253_00555,P253_00555,annotation&nbsp;not&nbsp;available,71.6
1341679.P253_01267,P253_01267,annotation&nbsp;not&nbsp;available,71.6
1341679.P253_01502,P253_01502,annotation&nbsp;not&nbsp;available,71.5
1341679.P253_01123,P253_01123,annotation&nbsp;not&nbsp;available,71.4
1341679.P253_00859,P253_00859,annotation&nbsp;not&nbsp;available,71.3
1341679.P253_02528,P253_02528,annotation&nbsp;not&nbsp;available,71.2
1341679.P253_00969,P253_00969,annotation&nbsp;not&nbsp;available,71.1
1341679.P253_00556,P253_00556,annotation&nbsp;not&nbsp;available,71.1
1341679.P253_02066,rpsK,30S&nbsp;ribosomal&nbsp;protein&nbsp;S11,70.9
1341679.P253_01079,P253_01079,annotation&nbsp;not&nbsp;available,70.8
1341679.P253_01274,P253_01274,annotation&nbsp;not&nbsp;available,70.7
1341679.P253_01065,P253_01065,annotation&nbsp;not&nbsp;available,70.7
1341679.P253_02213,P253_02213,annotation&nbsp;not&nbsp;available,70.6
1341679.P253_01221,P253_01221,annotation&nbsp;not&nbsp;available,70.6
1341679.P253_01757,P253_01757,annotation&nbsp;not&nbsp;available,70.5
1341679.P253_00110,P253_00110,annotation&nbsp;not&nbsp;available,70.5
1341679.P253_02630,guaA,GMP&nbsp;synthase&nbsp;[glutamine-hydrolyzing],70.4
1341679.P253_01507,P253_01507,annotation&nbsp;not&nbsp;available,70.4
1341679.P253_01293,P253_01293,annotation&nbsp;not&nbsp;available,70.4
1341679.P253_01506,P253_01506,NADH-quinone&nbsp;oxidoreductase&nbsp;subunit&nbsp;F,70.4
1341679.P253_01245,P253_01245,annotation&nbsp;not&nbsp;available,70.3
1341679.P253_02504,gluQ,Glutamyl-Q&nbsp;tRNA(Asp)&nbsp;synthetase,70.3
1341679.P253_01292,argG,annotation&nbsp;not&nbsp;available,70.2
1341679.P253_01310,rnhA,Ribonuclease&nbsp;H,70.2
1341679.P253_00033,P253_00033,annotation&nbsp;not&nbsp;available,70.1
1341679.P253_03008,purK,N5-carboxyaminoimidazole&nbsp;ribonucleotide&nbsp;synthase,70.1
1341679.P253_02010,aroE,Shikimate&nbsp;dehydrogenase&nbsp;(NADP(+)),70.0
1341679.P253_02729,dnaJ,Chaperone&nbsp;protein&nbsp;DnaJ,70.0
1341679.P253_02482,P253_02482,annotation&nbsp;not&nbsp;available,70.0
1341679.P253_00841,P253_00841,annotation&nbsp;not&nbsp;available,69.9
1341679.P253_00539,purT,Formate-dependent&nbsp;phosphoribosylglycinamide&nbsp;formyltransferase,69.9
1341679.P253_00840,P253_00840,annotation&nbsp;not&nbsp;available,69.8
1341679.P253_01270,P253_01270,annotation&nbsp;not&nbsp;available,69.8
1341679.P253_00076,P253_00076,annotation&nbsp;not&nbsp;available,69.7
1341679.P253_02470,rplJ,50S&nbsp;ribosomal&nbsp;protein&nbsp;L10,69.7
1341679.P253_00728,P253_00728,Phospho-2-dehydro-3-deoxyheptonate&nbsp;aldolase,69.7
1341679.P253_01838,acsA,Acetyl-coenzyme&nbsp;A&nbsp;synthetase,69.7
1341679.P253_02712,P253_02712,annotation&nbsp;not&nbsp;available,69.6
1341679.P253_00941,P253_00941,annotation&nbsp;not&nbsp;available,69.6
1341679.P253_01043,P253_01043,annotation&nbsp;not&nbsp;available,69.6
1341679.P253_01374,cysN,Sulfate&nbsp;adenylyltransferase&nbsp;subunit&nbsp;1,69.5
1341679.P253_01071,coq7,"2-nonaprenyl-3-methyl-6-methoxy-1,4-benzoquinol&nbsp;hydroxylase",69.5
1341679.P253_00093,smc,Chromosome&nbsp;partition&nbsp;protein&nbsp;Smc,69.5
1341679.P253_00250,P253_00250,Bifunctional&nbsp;protein&nbsp;FolD,69.4
1341679.P253_02956,P253_02956,annotation&nbsp;not&nbsp;available,69.4
1341679.P253_01208,P253_01208,annotation&nbsp;not&nbsp;available,69.4
1341679.P253_00520,rpsU,annotation&nbsp;not&nbsp;available,69.3
1341679.P253_00744,P253_00744,annotation&nbsp;not&nbsp;available,69.3
1341679.P253_01707,P253_01707,annotation&nbsp;not&nbsp;available,69.2
1341679.P253_02284,rpmG,annotation&nbsp;not&nbsp;available,69.1
1341679.P253_00806,P253_00806,annotation&nbsp;not&nbsp;available,69.0
1341679.P253_00257,groL,60&nbsp;kDa&nbsp;chaperonin,69.0
1341679.P253_02604,atpH,ATP&nbsp;synthase&nbsp;subunit&nbsp;delta,69.0
1341679.P253_00147,P253_00147,annotation&nbsp;not&nbsp;available,68.9
1341679.P253_02259,P253_02259,annotation&nbsp;not&nbsp;available,68.8
1341679.P253_01765,psd,Phosphatidylserine&nbsp;decarboxylase&nbsp;proenzyme,68.8
1341679.P253_00976,P253_00976,annotation&nbsp;not&nbsp;available,68.8
1341679.P253_02226,trpF,annotation&nbsp;not&nbsp;available,68.8
1341679.P253_02515,P253_02515,annotation&nbsp;not&nbsp;available,68.7
1341679.P253_02102,tatA,Sec-independent&nbsp;protein&nbsp;translocase&nbsp;protein&nbsp;TatA,68.7
1341679.P253_02332,P253_02332,annotation&nbsp;not&nbsp;available,68.7
1341679.P253_00619,P253_00619,annotation&nbsp;not&nbsp;available,68.6
1341679.P253_01457,P253_01457,annotation&nbsp;not&nbsp;available,68.6
1341679.P253_02714,P253_02714,annotation&nbsp;not&nbsp;available,68.5
1341679.P253_01370,P253_01370,annotation&nbsp;not&nbsp;available,68.5
1341679.P253_00468,purA,Adenylosuccinate&nbsp;synthetase,68.4
1341679.P253_02507,murD,UDP-N-acetylmuramoylalanine--D-glutamate&nbsp;ligase,68.4
1341679.P253_00483,P253_00483,annotation&nbsp;not&nbsp;available,68.3
1341679.P253_02629,P253_02629,annotation&nbsp;not&nbsp;available,68.3
1341679.P253_02872,P253_02872,annotation&nbsp;not&nbsp;available,68.3
1341679.P253_00377,tmk,Thymidylate&nbsp;kinase,68.2
1341679.P253_01807,pyrE,Orotate&nbsp;phosphoribosyltransferase,68.1
1341679.P253_00620,P253_00620,annotation&nbsp;not&nbsp;available,68.0
1341679.P253_02312,P253_02312,3-isopropylmalate&nbsp;dehydratase&nbsp;small&nbsp;subunit,68.0
1341679.P253_02447,fadB,Fatty&nbsp;acid&nbsp;oxidation&nbsp;complex&nbsp;subunit&nbsp;alpha,68.0
1341679.P253_02711,P253_02711,annotation&nbsp;not&nbsp;available,67.9
1341679.P253_02051,rpmC,annotation&nbsp;not&nbsp;available,67.9
1341679.P253_02899,P253_02899,annotation&nbsp;not&nbsp;available,67.9
1341679.P253_00918,P253_00918,Sulfurtransferase,67.9
1341679.P253_01416,P253_01416,annotation&nbsp;not&nbsp;available,67.7
1341679.P253_01587,P253_01587,annotation&nbsp;not&nbsp;available,67.7
1341679.P253_01817,ftsZ,Cell&nbsp;division&nbsp;protein&nbsp;FtsZ,67.7
1341679.P253_01826,guaB,Inosine-5'-monophosphate&nbsp;dehydrogenase,67.6
1341679.P253_01116,purD,annotation&nbsp;not&nbsp;available,67.6
1341679.P253_00352,P253_00352,annotation&nbsp;not&nbsp;available,67.5
1341679.P253_00012,rplM,50S&nbsp;ribosomal&nbsp;protein&nbsp;L13,67.5
1341679.P253_00424,mnmA,tRNA-specific&nbsp;2-thiouridylase&nbsp;MnmA,67.4
1341679.P253_01536,gatB,Aspartyl/glutamyl-tRNA(Asn/Gln)&nbsp;amidotransferase&nbsp;subunit&nbsp;B,67.4
1341679.P253_02282,P253_02282,annotation&nbsp;not&nbsp;available,67.3
1341679.P253_02234,accD,Acetyl-coenzyme&nbsp;A&nbsp;carboxylase&nbsp;carboxyl&nbsp;transferase&nbsp;subunit&nbsp;beta,67.2
1341679.P253_02955,P253_02955,annotation&nbsp;not&nbsp;available,67.2
1341679.P253_01353,ureF,Urease&nbsp;accessory&nbsp;protein&nbsp;UreF,67.0
1341679.P253_00479,P253_00479,annotation&nbsp;not&nbsp;available,67.0
1341679.P253_00864,P253_00864,annotation&nbsp;not&nbsp;available,66.9
1341679.P253_02092,P253_02092,Dihydrofolate&nbsp;reductase,66.9
1341679.P253_01628,argB,Acetylglutamate&nbsp;kinase,66.8
1341679.P253_00372,P253_00372,annotation&nbsp;not&nbsp;available,66.6
1341679.P253_02064,rpmJ,annotation&nbsp;not&nbsp;available,66.6
1341679.P253_00718,bamA,Outer&nbsp;membrane&nbsp;protein&nbsp;assembly&nbsp;factor&nbsp;BamA,66.5
1341679.P253_00608,P253_00608,annotation&nbsp;not&nbsp;available,66.5
1341679.P253_02331,P253_02331,annotation&nbsp;not&nbsp;available,66.5
1341679.P253_02062,rplO,50S&nbsp;ribosomal&nbsp;protein&nbsp;L15,66.4
1341679.P253_02724,P253_02724,annotation&nbsp;not&nbsp;available,66.4
1341679.P253_00985,recA,Protein&nbsp;RecA,66.4
1341679.P253_02443,uvrC,UvrABC&nbsp;system&nbsp;protein&nbsp;C,66.4
1341679.P253_01972,rpsP,annotation&nbsp;not&nbsp;available,66.1
1341679.P253_01467,dcd,annotation&nbsp;not&nbsp;available,66.1
1341679.P253_01640,P253_01640,annotation&nbsp;not&nbsp;available,66.0
1341679.P253_02355,P253_02355,annotation&nbsp;not&nbsp;available,66.0
1341679.P253_02936,P253_02936,annotation&nbsp;not&nbsp;available,65.9
1341679.P253_00213,sucD,Succinate--CoA&nbsp;ligase&nbsp;[ADP-forming]&nbsp;subunit&nbsp;alpha,65.8
1341679.P253_02067,rpsD,30S&nbsp;ribosomal&nbsp;protein&nbsp;S4,65.7
1341679.P253_01853,uvrA,UvrABC&nbsp;system&nbsp;protein&nbsp;A,65.7
1341679.P253_00897,P253_00897,annotation&nbsp;not&nbsp;available,65.6
1341679.P253_00755,rpiA,Ribose-5-phosphate&nbsp;isomerase&nbsp;A,65.6
1341679.P253_00209,P253_00209,annotation&nbsp;not&nbsp;available,65.6
1341679.P253_02055,rplE,50S&nbsp;ribosomal&nbsp;protein&nbsp;L5,65.5
1341679.P253_02498,P253_02498,annotation&nbsp;not&nbsp;available,65.5
1341679.P253_02257,P253_02257,annotation&nbsp;not&nbsp;available,65.3
1341679.P253_02176,P253_02176,annotation&nbsp;not&nbsp;available,65.2
1341679.P253_00128,P253_00128,annotation&nbsp;not&nbsp;available,65.2
1341679.P253_01501,nuoK,NADH-quinone&nbsp;oxidoreductase&nbsp;subunit&nbsp;K,65.2
1341679.P253_00863,P253_00863,annotation&nbsp;not&nbsp;available,65.2
1341679.P253_02065,rpsM,30S&nbsp;ribosomal&nbsp;protein&nbsp;S13,65.1
1341679.P253_02692,ribB,"3,4-dihydroxy-2-butanone&nbsp;4-phosphate&nbsp;synthase",65.1
1341679.P253_00942,P253_00942,Tryptophan&nbsp;synthase&nbsp;beta&nbsp;chain,65.0
1341679.P253_01822,P253_01822,annotation&nbsp;not&nbsp;available,65.0
1341679.P253_02060,rpsE,30S&nbsp;ribosomal&nbsp;protein&nbsp;S5,64.9
1341679.P253_02121,ackA,Acetate&nbsp;kinase,64.9
1341679.P253_02352,glyS,annotation&nbsp;not&nbsp;available,64.6
1341679.P253_02057,rpsH,30S&nbsp;ribosomal&nbsp;protein&nbsp;S8,64.6
1341679.P253_01591,P253_01591,annotation&nbsp;not&nbsp;available,64.5
1341679.P253_00112,acpP,Acyl&nbsp;carrier&nbsp;protein,64.4
1341679.P253_02059,rplR,50S&nbsp;ribosomal&nbsp;protein&nbsp;L18,64.4
1341679.P253_02020,P253_02020,annotation&nbsp;not&nbsp;available,64.4
1341679.P253_01099,rplI,50S&nbsp;ribosomal&nbsp;protein&nbsp;L9,64.4
1341679.P253_01359,ureA,annotation&nbsp;not&nbsp;available,64.3
1341679.P253_02819,P253_02819,annotation&nbsp;not&nbsp;available,64.3
1341679.P253_01001,P253_01001,annotation&nbsp;not&nbsp;available,64.2
1341679.P253_00720,lpxD,UDP-3-O-acylglucosamine&nbsp;N-acyltransferase,64.2
1341679.P253_01200,P253_01200,annotation&nbsp;not&nbsp;available,64.2
1341679.P253_02320,P253_02320,annotation&nbsp;not&nbsp;available,64.2
1341679.P253_00538,glnD,Bifunctional&nbsp;uridylyltransferase/uridylyl-removing&nbsp;enzyme,64.1
1341679.P253_00688,cmk,annotation&nbsp;not&nbsp;available,64.0
1341679.P253_02302,asd,Aspartate-semialdehyde&nbsp;dehydrogenase,63.8
1341679.P253_00692,pyrF,Orotidine&nbsp;5'-phosphate&nbsp;decarboxylase,63.8
1341679.P253_01636,P253_01636,annotation&nbsp;not&nbsp;available,63.7
1341679.P253_00441,P253_00441,Lactoylglutathione&nbsp;lyase,63.6
1341679.P253_02009,P253_02009,annotation&nbsp;not&nbsp;available,63.6
1341679.P253_00902,P253_00902,annotation&nbsp;not&nbsp;available,63.5
1341679.P253_02484,P253_02484,annotation&nbsp;not&nbsp;available,63.5
1341679.P253_01032,P253_01032,annotation&nbsp;not&nbsp;available,63.5
1341679.P253_02108,leuA,2-isopropylmalate&nbsp;synthase,63.4
1341679.P253_00901,P253_00901,annotation&nbsp;not&nbsp;available,63.4
1341679.P253_01118,P253_01118,annotation&nbsp;not&nbsp;available,63.3
1341679.P253_01452,dapE,Succinyl-diaminopimelate&nbsp;desuccinylase,63.2
1341679.P253_01556,P253_01556,annotation&nbsp;not&nbsp;available,63.1
1341679.P253_01657,P253_01657,annotation&nbsp;not&nbsp;available,63.1
1341679.P253_02212,P253_02212,annotation&nbsp;not&nbsp;available,63.0
1341679.P253_00145,P253_00145,annotation&nbsp;not&nbsp;available,62.9
1341679.P253_01938,P253_01938,annotation&nbsp;not&nbsp;available,62.8
1341679.P253_00109,rpmF,annotation&nbsp;not&nbsp;available,62.8
1341679.P253_00914,P253_00914,annotation&nbsp;not&nbsp;available,62.8
1341679.P253_01141,P253_01141,annotation&nbsp;not&nbsp;available,62.6
1341679.P253_01785,P253_01785,annotation&nbsp;not&nbsp;available,62.4
1341679.P253_01361,P253_01361,annotation&nbsp;not&nbsp;available,62.3
1341679.P253_01860,ESK47843.1,annotation&nbsp;not&nbsp;available,62.3
1341679.P253_02829,P253_02829,annotation&nbsp;not&nbsp;available,62.3
1341679.P253_00915,P253_00915,annotation&nbsp;not&nbsp;available,62.2
1341679.P253_01885,thrB,annotation&nbsp;not&nbsp;available,62.2
1341679.P253_01262,rpsB,annotation&nbsp;not&nbsp;available,62.1
1341679.P253_01044,P253_01044,annotation&nbsp;not&nbsp;available,62.0
1341679.P253_00381,P253_00381,L-aspartate&nbsp;oxidase,62.0
1341679.P253_02962,macB,Macrolide&nbsp;export&nbsp;ATP-binding/permease&nbsp;protein&nbsp;MacB,62.0
1341679.P253_00061,P253_00061,annotation&nbsp;not&nbsp;available,61.9
1341679.P253_00634,ruvC,Crossover&nbsp;junction&nbsp;endodeoxyribonuclease&nbsp;RuvC,61.9
1341679.P253_01505,P253_01505,annotation&nbsp;not&nbsp;available,61.9
1341679.P253_02173,P253_02173,NAD(P)&nbsp;transhydrogenase&nbsp;subunit&nbsp;beta,61.8
1341679.P253_01630,dut,Deoxyuridine&nbsp;5'-triphosphate&nbsp;nucleotidohydrolase,61.8
1341679.P253_01358,ureB,annotation&nbsp;not&nbsp;available,61.7
1341679.P253_02013,P253_02013,annotation&nbsp;not&nbsp;available,61.7
1341679.P253_00211,P253_00211,annotation&nbsp;not&nbsp;available,61.6
1341679.P253_02493,P253_02493,annotation&nbsp;not&nbsp;available,61.6
1341679.P253_00341,fbp,annotation&nbsp;not&nbsp;available,61.5
1341679.P253_00734,P253_00734,annotation&nbsp;not&nbsp;available,61.5
1341679.P253_00176,prs,Ribose-phosphate&nbsp;pyrophosphokinase,61.5
1341679.P253_00314,P253_00314,annotation&nbsp;not&nbsp;available,61.4
1341679.P253_00371,P253_00371,annotation&nbsp;not&nbsp;available,61.4
1341679.P253_02494,P253_02494,annotation&nbsp;not&nbsp;available,61.4
1341679.P253_01800,P253_01800,annotation&nbsp;not&nbsp;available,61.4
1341679.P253_01934,aroK,Shikimate&nbsp;kinase,61.3
1341679.P253_01925,mraY,Phospho-N-acetylmuramoyl-pentapeptide-transferase,61.2
1341679.P253_02053,rplN,50S&nbsp;ribosomal&nbsp;protein&nbsp;L14,61.2
1341679.P253_01975,rplS,50S&nbsp;ribosomal&nbsp;protein&nbsp;L19,61.2
1341679.P253_01937,P253_01937,annotation&nbsp;not&nbsp;available,61.2
1341679.P253_02280,P253_02280,Formyltetrahydrofolate&nbsp;deformylase,61.1
1341679.P253_02838,P253_02838,Formyltetrahydrofolate&nbsp;deformylase,61.1
1341679.P253_02186,P253_02186,annotation&nbsp;not&nbsp;available,60.9
1341679.P253_02068,rpoA,DNA-directed&nbsp;RNA&nbsp;polymerase&nbsp;subunit&nbsp;alpha,60.8
1341679.P253_00326,lolD,Lipoprotein-releasing&nbsp;system&nbsp;ATP-binding&nbsp;protein&nbsp;LolD,60.8
1341679.P253_00768,P253_00768,annotation&nbsp;not&nbsp;available,60.8
1341679.P253_00719,P253_00719,annotation&nbsp;not&nbsp;available,60.8
1341679.P253_01090,P253_01090,Phosphoenolpyruvate&nbsp;synthase,60.6
1341679.P253_00861,mobA,Molybdenum&nbsp;cofactor&nbsp;guanylyltransferase,60.6
1341679.P253_01693,P253_01693,RNA&nbsp;polymerase&nbsp;sigma-54&nbsp;factor,60.6
1341679.P253_00163,rpoD,RNA&nbsp;polymerase&nbsp;sigma&nbsp;factor&nbsp;RpoD,60.6
1341679.P253_01384,P253_01384,Polyphosphate&nbsp;kinase,60.5
1341679.P253_01349,mrdA,"Peptidoglycan&nbsp;D,D-transpeptidase&nbsp;MrdA",60.4
1341679.P253_01033,P253_01033,annotation&nbsp;not&nbsp;available,60.3
1341679.P253_02910,accA,Acetyl-coenzyme&nbsp;A&nbsp;carboxylase&nbsp;carboxyl&nbsp;transferase&nbsp;subunit&nbsp;alpha,60.3
1341679.P253_02330,P253_02330,annotation&nbsp;not&nbsp;available,60.2
1341679.P253_02260,mdh,Malate&nbsp;dehydrogenase,60.1
1341679.P253_01647,rpsG,30S&nbsp;ribosomal&nbsp;protein&nbsp;S7,60.1
1341679.P253_00660,mutL,DNA&nbsp;mismatch&nbsp;repair&nbsp;protein&nbsp;MutL,60.1
1341679.P253_00913,fumC,Fumarate&nbsp;hydratase&nbsp;class&nbsp;II,60.0
1341679.P253_02746,P253_02746,annotation&nbsp;not&nbsp;available,60.0
1341679.P253_02791,P253_02791,annotation&nbsp;not&nbsp;available,60.0
1341679.P253_00315,P253_00315,annotation&nbsp;not&nbsp;available,60.0
1341679.P253_00867,P253_00867,annotation&nbsp;not&nbsp;available,59.9
1341679.P253_02727,dapB,4-hydroxy-tetrahydrodipicolinate&nbsp;reductase,59.8
1341679.P253_00457,P253_00457,Adenine&nbsp;deaminase,59.6
1341679.P253_02706,P253_02706,annotation&nbsp;not&nbsp;available,59.5
1341679.P253_02661,P253_02661,annotation&nbsp;not&nbsp;available,59.5
1341679.P253_00052,P253_00052,annotation&nbsp;not&nbsp;available,59.5
1341679.P253_00416,P253_00416,annotation&nbsp;not&nbsp;available,59.5
1341679.P253_00614,P253_00614,annotation&nbsp;not&nbsp;available,59.4
1341679.P253_01072,P253_01072,annotation&nbsp;not&nbsp;available,59.4
1341679.P253_00747,P253_00747,annotation&nbsp;not&nbsp;available,59.3
1341679.P253_00579,P253_00579,3-isopropylmalate&nbsp;dehydratase&nbsp;small&nbsp;subunit,59.3
1341679.P253_00983,P253_00983,annotation&nbsp;not&nbsp;available,59.3
1341679.P253_00334,P253_00334,annotation&nbsp;not&nbsp;available,59.3
1341679.P253_01455,P253_01455,annotation&nbsp;not&nbsp;available,59.2
1341679.P253_00036,P253_00036,annotation&nbsp;not&nbsp;available,59.1
1341679.P253_01763,pncB,Nicotinate&nbsp;phosphoribosyltransferase,59.1
1341679.P253_02093,thyA,Thymidylate&nbsp;synthase,58.9
1341679.P253_01716,ssuB,Aliphatic&nbsp;sulfonates&nbsp;import&nbsp;ATP-binding&nbsp;protein&nbsp;SsuB,58.8
1341679.P253_01346,adk,Adenylate&nbsp;kinase,58.8
1341679.P253_02929,P253_02929,annotation&nbsp;not&nbsp;available,58.8
1341679.P253_01749,purC,annotation&nbsp;not&nbsp;available,58.8
1341679.P253_02589,def,Peptide&nbsp;deformylase,58.7
1341679.P253_02021,P253_02021,annotation&nbsp;not&nbsp;available,58.7
1341679.P253_00791,P253_00791,annotation&nbsp;not&nbsp;available,58.7
1341679.P253_00685,P253_00685,annotation&nbsp;not&nbsp;available,58.6
1341679.P253_02233,trpA,Tryptophan&nbsp;synthase&nbsp;alpha&nbsp;chain,58.6
1341679.P253_02792,P253_02792,annotation&nbsp;not&nbsp;available,58.5
1341679.P253_01615,P253_01615,annotation&nbsp;not&nbsp;available,58.5
1341679.P253_02522,P253_02522,annotation&nbsp;not&nbsp;available,58.5
1341679.P253_02317,P253_02317,annotation&nbsp;not&nbsp;available,58.4
1341679.P253_02667,P253_02667,annotation&nbsp;not&nbsp;available,58.3
1341679.P253_02171,P253_02171,annotation&nbsp;not&nbsp;available,58.3
1341679.P253_01962,rpoZ,DNA-directed&nbsp;RNA&nbsp;polymerase&nbsp;subunit&nbsp;omega,58.2
1341679.P253_02185,secD,Protein&nbsp;translocase&nbsp;subunit&nbsp;SecD,58.0
1341679.P253_00130,P253_00130,annotation&nbsp;not&nbsp;available,57.9
1341679.P253_00344,tolB,Protein&nbsp;TolB,57.8
1341679.P253_01128,P253_01128,Ferredoxin,57.8
1341679.P253_01731,rph,Ribonuclease&nbsp;PH,57.7
1341679.P253_02888,P253_01860,annotation&nbsp;not&nbsp;available,57.7
1341679.P253_02917,pheS,annotation&nbsp;not&nbsp;available,57.6
1341679.P253_02521,P253_02521,annotation&nbsp;not&nbsp;available,57.5
1341679.P253_01115,purH,annotation&nbsp;not&nbsp;available,57.4
1341679.P253_02602,atpG,ATP&nbsp;synthase&nbsp;gamma&nbsp;chain,57.3
1341679.P253_01454,P253_01454,annotation&nbsp;not&nbsp;available,57.3
1341679.P253_00809,betB,NAD/NADP-dependent&nbsp;betaine&nbsp;aldehyde&nbsp;dehydrogenase,57.3
1341679.P253_00390,P253_00390,annotation&nbsp;not&nbsp;available,57.2
1341679.P253_01279,P253_01279,annotation&nbsp;not&nbsp;available,57.0
1341679.P253_02040,P253_02040,annotation&nbsp;not&nbsp;available,57.0
1341679.P253_00842,P253_00842,annotation&nbsp;not&nbsp;available,56.9
1341679.P253_00117,P253_00117,Vitamin&nbsp;B12-dependent&nbsp;ribonucleotide&nbsp;reductase,56.8
1341679.P253_00280,P253_00280,annotation&nbsp;not&nbsp;available,56.8
1341679.P253_02123,proA,Gamma-glutamyl&nbsp;phosphate&nbsp;reductase,56.8
1341679.P253_01276,ahcY,Adenosylhomocysteinase,56.7
1341679.P253_00475,clpB,Chaperone&nbsp;protein&nbsp;ClpB,56.7
1341679.P253_00510,pyrD,Dihydroorotate&nbsp;dehydrogenase&nbsp;(quinone),56.7
1341679.P253_01667,P253_01667,annotation&nbsp;not&nbsp;available,56.7
1341679.P253_01884,hisF,Imidazole&nbsp;glycerol&nbsp;phosphate&nbsp;synthase&nbsp;subunit&nbsp;HisF,56.6
1341679.P253_02841,P253_02841,Formyltetrahydrofolate&nbsp;deformylase,56.6
1341679.P253_00159,P253_00159,annotation&nbsp;not&nbsp;available,56.6
1341679.P253_02966,P253_02966,annotation&nbsp;not&nbsp;available,56.5
1341679.P253_01782,P253_01782,annotation&nbsp;not&nbsp;available,56.5
1341679.P253_01625,P253_01625,annotation&nbsp;not&nbsp;available,56.4
1341679.P253_01307,P253_01307,annotation&nbsp;not&nbsp;available,56.4
1341679.P253_01525,P253_01525,annotation&nbsp;not&nbsp;available,56.3
1341679.P253_02709,P253_02709,annotation&nbsp;not&nbsp;available,56.3
1341679.P253_00185,bamD,Outer&nbsp;membrane&nbsp;protein&nbsp;assembly&nbsp;factor&nbsp;BamD,56.3
1341679.P253_00554,P253_00554,annotation&nbsp;not&nbsp;available,56.2
1341679.P253_00325,P253_00325,annotation&nbsp;not&nbsp;available,56.1
1341679.P253_01022,P253_01022,annotation&nbsp;not&nbsp;available,56.1
1341679.P253_01231,P253_01231,annotation&nbsp;not&nbsp;available,56.0
1341679.P253_02467,rpoC,DNA-directed&nbsp;RNA&nbsp;polymerase&nbsp;subunit&nbsp;beta,56.0
1341679.P253_01326,P253_01326,annotation&nbsp;not&nbsp;available,55.9
1341679.P253_02510,P253_02510,annotation&nbsp;not&nbsp;available,55.7
1341679.P253_03036,P253_03036,Beta&nbsp;sliding&nbsp;clamp,55.4
1341679.P253_03031,yidC,Membrane&nbsp;protein&nbsp;insertase&nbsp;YidC,55.4
1341679.P253_02046,rplB,50S&nbsp;ribosomal&nbsp;protein&nbsp;L2,55.4
1341679.P253_00970,P253_00970,annotation&nbsp;not&nbsp;available,55.3
1341679.P253_00273,P253_00273,annotation&nbsp;not&nbsp;available,55.3
1341679.P253_02216,P253_02216,annotation&nbsp;not&nbsp;available,55.3
1341679.P253_02310,leuB,3-isopropylmalate&nbsp;dehydrogenase,55.2
1341679.P253_02524,P253_02524,annotation&nbsp;not&nbsp;available,55.2
1341679.P253_02844,P253_02844,annotation&nbsp;not&nbsp;available,55.2
1341679.P253_00417,pstB,Phosphate&nbsp;import&nbsp;ATP-binding&nbsp;protein&nbsp;PstB,55.2
1341679.P253_02609,P253_02609,annotation&nbsp;not&nbsp;available,55.2
1341679.P253_01526,P253_01526,"5'-adenylylsulfate&nbsp;reductase,&nbsp;thioredoxin-independent",55.1
1341679.P253_01963,gmk,Guanylate&nbsp;kinase,55.1
1341679.P253_01280,P253_01280,annotation&nbsp;not&nbsp;available,55.0
1341679.P253_00131,P253_00131,annotation&nbsp;not&nbsp;available,55.0
1341679.P253_00256,groS,10&nbsp;kDa&nbsp;chaperonin,54.9
1341679.P253_01674,uppP,Undecaprenyl-diphosphatase,54.9
1341679.P253_02776,P253_02776,Sensor&nbsp;protein,54.9
1341679.P253_02184,secF,Protein-export&nbsp;membrane&nbsp;protein&nbsp;SecF,54.8
1341679.P253_02550,P253_02550,annotation&nbsp;not&nbsp;available,54.7
1341679.P253_02846,P253_02846,annotation&nbsp;not&nbsp;available,54.6
1341679.P253_02022,P253_02022,annotation&nbsp;not&nbsp;available,54.5
1341679.P253_02695,thiL,Thiamine-monophosphate&nbsp;kinase,54.3
1341679.P253_00473,P253_00473,annotation&nbsp;not&nbsp;available,54.3
1341679.P253_02323,P253_02323,annotation&nbsp;not&nbsp;available,54.3
1341679.P253_01329,lldD,L-lactate&nbsp;dehydrogenase,54.3
1341679.P253_02341,P253_02341,annotation&nbsp;not&nbsp;available,54.2
1341679.P253_00544,P253_00544,annotation&nbsp;not&nbsp;available,54.1
1341679.P253_01563,P253_01563,annotation&nbsp;not&nbsp;available,54.1
1341679.P253_01789,P253_01789,annotation&nbsp;not&nbsp;available,54.0
1341679.P253_00041,P253_00041,annotation&nbsp;not&nbsp;available,54.0
1341679.P253_01689,hisG,ATP&nbsp;phosphoribosyltransferase,53.9
1341679.P253_00400,uvrB,UvrABC&nbsp;system&nbsp;protein&nbsp;B,53.8
1341679.P253_02071,P253_02071,annotation&nbsp;not&nbsp;available,53.8
1341679.P253_00709,P253_00709,annotation&nbsp;not&nbsp;available,53.7
1341679.P253_02972,secB,Protein-export&nbsp;protein&nbsp;SecB,53.7
1341679.P253_03023,P253_03023,annotation&nbsp;not&nbsp;available,53.6
1341679.P253_03003,grpE,Protein&nbsp;GrpE,53.5
1341679.P253_02491,P253_02491,annotation&nbsp;not&nbsp;available,53.4
1341679.P253_00328,P253_00328,annotation&nbsp;not&nbsp;available,53.3
1341679.P253_00501,P253_00501,annotation&nbsp;not&nbsp;available,53.3
1341679.P253_02944,P253_02944,annotation&nbsp;not&nbsp;available,53.3
1341679.P253_02188,P253_02188,annotation&nbsp;not&nbsp;available,53.3
1341679.P253_00723,P253_00723,annotation&nbsp;not&nbsp;available,52.9
1341679.P253_02912,P253_02912,annotation&nbsp;not&nbsp;available,52.9
1341679.P253_00271,P253_00271,annotation&nbsp;not&nbsp;available,52.8
1341679.P253_02516,P253_02516,annotation&nbsp;not&nbsp;available,52.7
1341679.P253_01018,glnS,annotation&nbsp;not&nbsp;available,52.7
1341679.P253_00683,P253_00683,annotation&nbsp;not&nbsp;available,52.6
1341679.P253_00403,P253_00403,annotation&nbsp;not&nbsp;available,52.6
1341679.P253_00857,P253_00857,annotation&nbsp;not&nbsp;available,52.6
1341679.P253_02682,P253_02682,Aconitate&nbsp;hydratase,52.6
1341679.P253_00422,P253_00422,annotation&nbsp;not&nbsp;available,52.6
1341679.P253_01816,ftsA,Cell&nbsp;division&nbsp;protein&nbsp;FtsA,52.6
1341679.P253_02042,rpsJ,30S&nbsp;ribosomal&nbsp;protein&nbsp;S10,52.5
1341679.P253_02050,rplP,50S&nbsp;ribosomal&nbsp;protein&nbsp;L16,52.4
1341679.P253_01764,P253_01764,annotation&nbsp;not&nbsp;available,52.4
1341679.P253_02908,proC,Pyrroline-5-carboxylate&nbsp;reductase,52.2
1341679.P253_00285,trpD,Anthranilate&nbsp;phosphoribosyltransferase,52.1
1341679.P253_00175,rplY,50S&nbsp;ribosomal&nbsp;protein&nbsp;L25,52.1
1341679.P253_00374,P253_00374,annotation&nbsp;not&nbsp;available,51.9
1341679.P253_02850,P253_02850,annotation&nbsp;not&nbsp;available,51.9
1341679.P253_00350,ruvB,Holliday&nbsp;junction&nbsp;ATP-dependent&nbsp;DNA&nbsp;helicase&nbsp;RuvB,51.9
1341679.P253_01933,P253_01933,annotation&nbsp;not&nbsp;available,51.8
1341679.P253_00204,P253_00204,annotation&nbsp;not&nbsp;available,51.7
1341679.P253_01751,dapA,4-hydroxy-tetrahydrodipicolinate&nbsp;synthase,51.6
1341679.P253_00743,P253_00743,annotation&nbsp;not&nbsp;available,51.6
1341679.P253_01207,aroA,3-phosphoshikimate&nbsp;1-carboxyvinyltransferase,51.5
1341679.P253_01078,P253_01078,annotation&nbsp;not&nbsp;available,51.4
1341679.P253_00808,betA,Oxygen-dependent&nbsp;choline&nbsp;dehydrogenase,51.3
1341679.P253_01354,ureE,Urease&nbsp;accessory&nbsp;protein&nbsp;UreE,51.2
1341679.P253_02427,tpiA,Triosephosphate&nbsp;isomerase,51.1
1341679.P253_00161,lipB,Octanoyltransferase,51.0
1341679.P253_00623,P253_00623,Phenylacetate-coenzyme&nbsp;A&nbsp;ligase,51.0
1341679.P253_01097,rpsF,30S&nbsp;ribosomal&nbsp;protein&nbsp;S6,51.0
1341679.P253_02049,rpsC,30S&nbsp;ribosomal&nbsp;protein&nbsp;S3,51.0
