1217712.F971_00967,F971_00967,Phosphate&nbsp;acetyltransferase,98.9
1217712.F971_00022,F971_00022,annotation&nbsp;not&nbsp;available,98.9
1217712.F971_01766,F971_01766,annotation&nbsp;not&nbsp;available,98.8
1217712.F971_01531,nuoA,NADH-quinone&nbsp;oxidoreductase&nbsp;subunit&nbsp;A,98.7
1217712.F971_02745,rpiA,Ribose-5-phosphate&nbsp;isomerase&nbsp;A,98.6
1217712.F971_02486,F971_02486,annotation&nbsp;not&nbsp;available,98.6
1217712.F971_01055,rpsS,30S&nbsp;ribosomal&nbsp;protein&nbsp;S19,98.5
1217712.F971_02550,metZ,O-succinylhomoserine&nbsp;sulfhydrylase,98.5
1217712.F971_02187,F971_02187,Transaldolase,98.5
1217712.F971_00623,rplU,50S&nbsp;ribosomal&nbsp;protein&nbsp;L21,98.4
1217712.F971_00092,F971_00092,annotation&nbsp;not&nbsp;available,98.2
1217712.F971_02470,fabZ,3-hydroxyacyl-[acyl-carrier-protein]&nbsp;dehydratase&nbsp;FabZ,98.1
1217712.F971_03634,F971_03634,annotation&nbsp;not&nbsp;available,98.1
1217712.F971_01212,F971_01212,annotation&nbsp;not&nbsp;available,98.1
1217712.F971_01691,dut,Deoxyuridine&nbsp;5'-triphosphate&nbsp;nucleotidohydrolase,98.1
1217712.F971_00881,F971_00881,annotation&nbsp;not&nbsp;available,98.0
1217712.F971_02293,F971_02293,annotation&nbsp;not&nbsp;available,98.0
1217712.F971_03437,F971_03437,annotation&nbsp;not&nbsp;available,98.0
1217712.F971_02459,F971_02459,annotation&nbsp;not&nbsp;available,97.8
1217712.F971_03526,F971_03526,annotation&nbsp;not&nbsp;available,97.6
1217712.F971_03818,F971_03818,annotation&nbsp;not&nbsp;available,97.6
1217712.F971_02333,F971_02333,Bifunctional&nbsp;protein&nbsp;PutA,97.6
1217712.F971_00438,F971_00438,annotation&nbsp;not&nbsp;available,97.5
1217712.F971_01716,F971_01716,annotation&nbsp;not&nbsp;available,97.5
1217712.F971_02405,F971_02405,annotation&nbsp;not&nbsp;available,97.4
1217712.F971_01389,purC,annotation&nbsp;not&nbsp;available,97.4
1217712.F971_02413,F971_02413,annotation&nbsp;not&nbsp;available,97.3
1217712.F971_00206,F971_00206,annotation&nbsp;not&nbsp;available,97.2
1217712.F971_00784,trpA,Tryptophan&nbsp;synthase&nbsp;alpha&nbsp;chain,97.2
1217712.F971_00398,F971_00398,annotation&nbsp;not&nbsp;available,97.1
1217712.F971_02953,F971_02953,annotation&nbsp;not&nbsp;available,97.1
1217712.F971_03086,F971_03086,annotation&nbsp;not&nbsp;available,97.1
1217712.F971_01086,ribA,GTP&nbsp;cyclohydrolase-2,97.0
1217712.F971_00754,F971_00754,annotation&nbsp;not&nbsp;available,96.9
1217712.F971_01047,rplE,50S&nbsp;ribosomal&nbsp;protein&nbsp;L5,96.9
1217712.F971_00727,F971_00727,annotation&nbsp;not&nbsp;available,96.9
1217712.F971_00211,mnmA,tRNA-specific&nbsp;2-thiouridylase&nbsp;MnmA,96.9
1217712.F971_00345,macB,Macrolide&nbsp;export&nbsp;ATP-binding/permease&nbsp;protein&nbsp;MacB,96.9
1217712.F971_02592,F971_02592,annotation&nbsp;not&nbsp;available,96.9
1217712.F971_02469,lpxD,UDP-3-O-acylglucosamine&nbsp;N-acyltransferase,96.8
1217712.F971_01527,F971_01527,Ribonucleoside-diphosphate&nbsp;reductase,96.8
1217712.F971_03783,leuD,3-isopropylmalate&nbsp;dehydratase&nbsp;small&nbsp;subunit,96.8
1217712.F971_01091,F971_01091,annotation&nbsp;not&nbsp;available,96.8
1217712.F971_03719,recB,RecBCD&nbsp;enzyme&nbsp;subunit&nbsp;RecB,96.8
1217712.F971_02128,F971_02128,Alanine&nbsp;racemase,96.7
1217712.F971_00109,groS,10&nbsp;kDa&nbsp;chaperonin,96.6
1217712.F971_03328,F971_03328,annotation&nbsp;not&nbsp;available,96.6
1217712.F971_03292,F971_03292,annotation&nbsp;not&nbsp;available,96.6
1217712.F971_03649,rpoB,DNA-directed&nbsp;RNA&nbsp;polymerase&nbsp;subunit&nbsp;beta,96.6
1217712.F971_03589,nrdR,Transcriptional&nbsp;repressor&nbsp;NrdR,96.5
1217712.F971_03068,F971_03068,annotation&nbsp;not&nbsp;available,96.5
1217712.F971_03055,F971_03055,annotation&nbsp;not&nbsp;available,96.3
1217712.F971_02559,F971_02559,Tryptophan&nbsp;synthase&nbsp;beta&nbsp;chain,96.3
1217712.F971_03736,F971_03736,annotation&nbsp;not&nbsp;available,96.2
1217712.F971_00033,F971_00033,annotation&nbsp;not&nbsp;available,96.2
1217712.F971_03777,F971_03777,annotation&nbsp;not&nbsp;available,96.0
1217712.F971_03416,kdpC,Potassium-transporting&nbsp;ATPase&nbsp;KdpC&nbsp;subunit,96.0
1217712.F971_01590,ligA,DNA&nbsp;ligase,96.0
1217712.F971_03465,cysD,annotation&nbsp;not&nbsp;available,96.0
1217712.F971_00906,ndk,Nucleoside&nbsp;diphosphate&nbsp;kinase,95.9
1217712.F971_01343,F971_01343,annotation&nbsp;not&nbsp;available,95.8
1217712.F971_03426,mutS,DNA&nbsp;mismatch&nbsp;repair&nbsp;protein&nbsp;MutS,95.8
1217712.F971_01450,purK,N5-carboxyaminoimidazole&nbsp;ribonucleotide&nbsp;synthase,95.7
1217712.F971_02279,F971_02279,annotation&nbsp;not&nbsp;available,95.6
1217712.F971_02878,F971_02878,annotation&nbsp;not&nbsp;available,95.6
1217712.F971_03096,F971_03096,annotation&nbsp;not&nbsp;available,95.6
1217712.F971_02552,recR,Recombination&nbsp;protein&nbsp;RecR,95.4
1217712.F971_03415,F971_03415,annotation&nbsp;not&nbsp;available,95.4
1217712.F971_00023,F971_00023,Phosphate&nbsp;transport&nbsp;system&nbsp;permease&nbsp;protein,95.3
1217712.F971_02859,F971_02859,Penicillin-binding&nbsp;protein&nbsp;1B,95.3
1217712.F971_02421,F971_02421,annotation&nbsp;not&nbsp;available,95.2
1217712.F971_03519,F971_03519,annotation&nbsp;not&nbsp;available,95.2
1217712.F971_02403,F971_02403,annotation&nbsp;not&nbsp;available,95.2
1217712.F971_00048,thiE,Thiamine-phosphate&nbsp;synthase,95.1
1217712.F971_02420,F971_02420,annotation&nbsp;not&nbsp;available,94.8
1217712.F971_00340,F971_00340,annotation&nbsp;not&nbsp;available,94.8
1217712.F971_02962,F971_02962,annotation&nbsp;not&nbsp;available,94.8
1217712.F971_00080,mtgA,Biosynthetic&nbsp;peptidoglycan&nbsp;transglycosylase,94.7
1217712.F971_02474,F971_02474,annotation&nbsp;not&nbsp;available,94.7
1217712.F971_03023,F971_03023,annotation&nbsp;not&nbsp;available,94.7
1217712.F971_03793,F971_03793,annotation&nbsp;not&nbsp;available,94.7
1217712.F971_01082,F971_01082,annotation&nbsp;not&nbsp;available,94.5
1217712.F971_02134,cyoE,Protoheme&nbsp;IX&nbsp;farnesyltransferase,94.5
1217712.F971_01035,rpsD,30S&nbsp;ribosomal&nbsp;protein&nbsp;S4,94.4
1217712.F971_01422,ilvD,annotation&nbsp;not&nbsp;available,94.4
1217712.F971_00059,F971_00059,annotation&nbsp;not&nbsp;available,94.3
1217712.F971_03705,hisI,annotation&nbsp;not&nbsp;available,94.2
1217712.F971_02489,F971_02489,Phenylacetate-coenzyme&nbsp;A&nbsp;ligase,94.2
1217712.F971_02043,ruvB,Holliday&nbsp;junction&nbsp;ATP-dependent&nbsp;DNA&nbsp;helicase&nbsp;RuvB,94.2
1217712.F971_03428,F971_03428,Ferredoxin,94.2
1217712.F971_00419,F971_00419,annotation&nbsp;not&nbsp;available,94.1
1217712.F971_03560,F971_03560,annotation&nbsp;not&nbsp;available,94.1
1217712.F971_01563,metG,Methionine--tRNA&nbsp;ligase,94.1
1217712.F971_00551,F971_00551,annotation&nbsp;not&nbsp;available,94.0
1217712.F971_01341,F971_01341,annotation&nbsp;not&nbsp;available,94.0
1217712.F971_02669,F971_02669,annotation&nbsp;not&nbsp;available,94.0
1217712.F971_01034,rpoA,DNA-directed&nbsp;RNA&nbsp;polymerase&nbsp;subunit&nbsp;alpha,93.9
1217712.F971_03598,F971_03598,annotation&nbsp;not&nbsp;available,93.7
1217712.F971_03087,F971_03087,annotation&nbsp;not&nbsp;available,93.7
1217712.F971_01542,F971_01542,annotation&nbsp;not&nbsp;available,93.6
1217712.F971_00590,F971_00590,annotation&nbsp;not&nbsp;available,93.6
1217712.F971_00816,F971_00816,annotation&nbsp;not&nbsp;available,93.6
1217712.F971_02759,F971_02759,annotation&nbsp;not&nbsp;available,93.5
1217712.F971_03609,F971_03609,annotation&nbsp;not&nbsp;available,93.4
1217712.F971_00792,trpF,annotation&nbsp;not&nbsp;available,93.4
1217712.F971_02081,F971_02081,annotation&nbsp;not&nbsp;available,93.4
1217712.F971_01305,F971_01305,annotation&nbsp;not&nbsp;available,93.4
1217712.F971_02884,F971_02884,annotation&nbsp;not&nbsp;available,93.3
1217712.F971_00348,F971_00348,annotation&nbsp;not&nbsp;available,93.3
1217712.F971_01058,rplD,50S&nbsp;ribosomal&nbsp;protein&nbsp;L4,93.2
1217712.F971_02277,F971_02277,annotation&nbsp;not&nbsp;available,93.0
1217712.F971_01540,nuoK,NADH-quinone&nbsp;oxidoreductase&nbsp;subunit&nbsp;K,93.0
1217712.F971_02599,F971_02599,annotation&nbsp;not&nbsp;available,93.0
1217712.F971_00078,F971_00078,annotation&nbsp;not&nbsp;available,93.0
1217712.F971_01571,dcd,annotation&nbsp;not&nbsp;available,92.9
1217712.F971_01892,F971_01892,annotation&nbsp;not&nbsp;available,92.9
1217712.F971_02268,glnD,Bifunctional&nbsp;uridylyltransferase/uridylyl-removing&nbsp;enzyme,92.9
1217712.F971_02159,F971_02159,annotation&nbsp;not&nbsp;available,92.9
1217712.F971_03290,F971_03290,annotation&nbsp;not&nbsp;available,92.7
1217712.F971_02278,F971_02278,Methionine&nbsp;import&nbsp;ATP-binding&nbsp;protein&nbsp;MetN,92.6
1217712.F971_01538,nuoI,NADH-quinone&nbsp;oxidoreductase&nbsp;subunit&nbsp;I,92.6
1217712.F971_02926,F971_02926,annotation&nbsp;not&nbsp;available,92.5
1217712.F971_00349,lptE,LPS-assembly&nbsp;lipoprotein&nbsp;LptE,92.5
1217712.F971_03324,F971_03324,annotation&nbsp;not&nbsp;available,92.5
1217712.F971_00677,F971_00677,annotation&nbsp;not&nbsp;available,92.4
1217712.F971_03423,F971_03423,annotation&nbsp;not&nbsp;available,92.4
1217712.F971_02803,F971_02803,30S&nbsp;ribosomal&nbsp;protein&nbsp;S1,92.3
1217712.F971_03726,F971_03726,annotation&nbsp;not&nbsp;available,92.2
1217712.F971_03259,argS,annotation&nbsp;not&nbsp;available,92.2
1217712.F971_02065,F971_02065,annotation&nbsp;not&nbsp;available,92.2
1217712.F971_03714,F971_03714,annotation&nbsp;not&nbsp;available,92.2
1217712.F971_02254,F971_02254,annotation&nbsp;not&nbsp;available,92.2
1217712.F971_01789,F971_01789,annotation&nbsp;not&nbsp;available,92.1
1217712.F971_02118,F971_02118,annotation&nbsp;not&nbsp;available,91.9
1217712.F971_01029,F971_01029,annotation&nbsp;not&nbsp;available,91.9
1217712.F971_03029,F971_03029,annotation&nbsp;not&nbsp;available,91.7
1217712.F971_00464,F971_00464,annotation&nbsp;not&nbsp;available,91.6
1217712.F971_03647,rplJ,50S&nbsp;ribosomal&nbsp;protein&nbsp;L10,91.6
1217712.F971_03105,F971_03105,annotation&nbsp;not&nbsp;available,91.6
1217712.F971_00352,F971_00352,annotation&nbsp;not&nbsp;available,91.4
1217712.F971_02120,F971_02120,annotation&nbsp;not&nbsp;available,91.3
1217712.F971_03251,atpB,ATP&nbsp;synthase&nbsp;subunit&nbsp;a,91.2
1217712.F971_01685,F971_01685,annotation&nbsp;not&nbsp;available,91.0
1217712.F971_00383,F971_00383,Aconitate&nbsp;hydratase,91.0
1217712.F971_01470,rpmH,annotation&nbsp;not&nbsp;available,91.0
1217712.F971_03540,F971_03540,annotation&nbsp;not&nbsp;available,90.9
1217712.F971_02449,fumC,Fumarate&nbsp;hydratase&nbsp;class&nbsp;II,90.9
1217712.F971_02638,F971_02638,annotation&nbsp;not&nbsp;available,90.9
1217712.F971_02217,rpsT,30S&nbsp;ribosomal&nbsp;protein&nbsp;S20,90.9
1217712.F971_02396,F971_02396,annotation&nbsp;not&nbsp;available,90.8
1217712.F971_01537,nuoH,NADH-quinone&nbsp;oxidoreductase&nbsp;subunit&nbsp;H,90.8
1217712.F971_03249,atpF,ATP&nbsp;synthase&nbsp;subunit&nbsp;b,90.8
1217712.F971_02124,purA,Adenylosuccinate&nbsp;synthetase,90.8
1217712.F971_01028,F971_01028,annotation&nbsp;not&nbsp;available,90.7
1217712.F971_00928,F971_00928,annotation&nbsp;not&nbsp;available,90.6
1217712.F971_02723,eno,Enolase,90.6
1217712.F971_03680,F971_03680,annotation&nbsp;not&nbsp;available,90.6
1217712.F971_01059,rplC,50S&nbsp;ribosomal&nbsp;protein&nbsp;L3,90.4
1217712.F971_01306,F971_01306,Pyruvate&nbsp;dehydrogenase&nbsp;E1&nbsp;component,90.4
1217712.F971_02140,F971_02140,Phosphoenolpyruvate&nbsp;synthase,90.4
1217712.F971_00426,F971_00426,annotation&nbsp;not&nbsp;available,90.3
1217712.F971_00197,F971_00197,Lactoylglutathione&nbsp;lyase,90.3
1217712.F971_00435,F971_00435,annotation&nbsp;not&nbsp;available,90.3
1217712.F971_03613,murD,UDP-N-acetylmuramoylalanine--D-glutamate&nbsp;ligase,90.1
1217712.F971_03260,F971_03260,annotation&nbsp;not&nbsp;available,90.1
1217712.F971_00777,secA,Protein&nbsp;translocase&nbsp;subunit&nbsp;SecA,90.1
1217712.F971_01599,F971_01599,annotation&nbsp;not&nbsp;available,90.0
1217712.F971_02593,F971_02593,annotation&nbsp;not&nbsp;available,90.0
1217712.F971_02858,nadK,NAD&nbsp;kinase,90.0
1217712.F971_02201,iscS,Cysteine&nbsp;desulfurase&nbsp;IscS,90.0
1217712.F971_01284,F971_01284,annotation&nbsp;not&nbsp;available,89.9
1217712.F971_01037,rpsM,30S&nbsp;ribosomal&nbsp;protein&nbsp;S13,89.9
1217712.F971_03245,atpD,ATP&nbsp;synthase&nbsp;subunit&nbsp;beta,89.9
1217712.F971_01375,F971_01375,annotation&nbsp;not&nbsp;available,89.8
1217712.F971_00371,F971_00371,annotation&nbsp;not&nbsp;available,89.7
1217712.F971_02422,F971_02422,annotation&nbsp;not&nbsp;available,89.6
1217712.F971_00120,folD,Bifunctional&nbsp;protein&nbsp;FolD,89.6
1217712.F971_01041,rpmD,annotation&nbsp;not&nbsp;available,89.6
1217712.F971_03601,F971_03601,annotation&nbsp;not&nbsp;available,89.5
1217712.F971_02257,F971_02257,annotation&nbsp;not&nbsp;available,89.5
1217712.F971_03603,F971_03603,annotation&nbsp;not&nbsp;available,89.5
1217712.F971_03720,recD,RecBCD&nbsp;enzyme&nbsp;subunit&nbsp;RecD,89.4
1217712.F971_00491,F971_00491,annotation&nbsp;not&nbsp;available,89.4
1217712.F971_01054,rplV,50S&nbsp;ribosomal&nbsp;protein&nbsp;L22,89.3
1217712.F971_03477,proB,Glutamate&nbsp;5-kinase,89.0
1217712.F971_00227,tsaD,tRNA&nbsp;N6-adenosine&nbsp;threonylcarbamoyltransferase,89.0
1217712.F971_01226,F971_01226,annotation&nbsp;not&nbsp;available,88.9
1217712.F971_03791,F971_03791,annotation&nbsp;not&nbsp;available,88.9
1217712.F971_02180,F971_02180,annotation&nbsp;not&nbsp;available,88.8
1217712.F971_03104,F971_03104,annotation&nbsp;not&nbsp;available,88.8
1217712.F971_00442,F971_00442,annotation&nbsp;not&nbsp;available,88.8
1217712.F971_00460,pheT,annotation&nbsp;not&nbsp;available,88.8
1217712.F971_03509,trpC,annotation&nbsp;not&nbsp;available,88.7
1217712.F971_01300,guaB,Inosine-5'-monophosphate&nbsp;dehydrogenase,88.5
1217712.F971_00454,rplT,50S&nbsp;ribosomal&nbsp;protein&nbsp;L20,88.5
1217712.F971_03051,F971_03051,annotation&nbsp;not&nbsp;available,88.4
1217712.F971_01534,F971_01534,annotation&nbsp;not&nbsp;available,88.2
1217712.F971_03244,atpC,ATP&nbsp;synthase&nbsp;epsilon&nbsp;chain,88.1
1217712.F971_01588,smc,Chromosome&nbsp;partition&nbsp;protein&nbsp;Smc,87.9
1217712.F971_02476,F971_02476,annotation&nbsp;not&nbsp;available,87.9
1217712.F971_01648,hemA,Glutamyl-tRNA&nbsp;reductase,87.9
1217712.F971_00612,F971_00612,annotation&nbsp;not&nbsp;available,87.6
1217712.F971_01458,F971_01458,annotation&nbsp;not&nbsp;available,87.6
1217712.F971_00964,F971_00964,annotation&nbsp;not&nbsp;available,87.5
1217712.F971_01679,F971_01679,annotation&nbsp;not&nbsp;available,87.4
1217712.F971_02804,cmk,annotation&nbsp;not&nbsp;available,87.4
1217712.F971_03820,purU,Formyltetrahydrofolate&nbsp;deformylase,87.3
1217712.F971_01186,murF,UDP-N-acetylmuramoyl-tripeptide--D-alanyl-D-alanine&nbsp;ligase,87.2
1217712.F971_00067,F971_00067,annotation&nbsp;not&nbsp;available,87.2
1217712.F971_01173,F971_01173,annotation&nbsp;not&nbsp;available,87.1
1217712.F971_01722,F971_01722,annotation&nbsp;not&nbsp;available,87.1
1217712.F971_03785,leuB,3-isopropylmalate&nbsp;dehydrogenase,87.0
1217712.F971_03771,F971_03771,annotation&nbsp;not&nbsp;available,86.9
1217712.F971_00354,ilvC,Ketol-acid&nbsp;reductoisomerase&nbsp;(NADP(+)),86.7
1217712.F971_00312,F971_00312,annotation&nbsp;not&nbsp;available,86.7
1217712.F971_03648,rplL,50S&nbsp;ribosomal&nbsp;protein&nbsp;L7/L12,86.6
1217712.F971_00334,secB,Protein-export&nbsp;protein&nbsp;SecB,86.6
1217712.F971_00980,leuA,2-isopropylmalate&nbsp;synthase,86.6
1217712.F971_02267,F971_02267,annotation&nbsp;not&nbsp;available,86.5
1217712.F971_03610,F971_03610,annotation&nbsp;not&nbsp;available,86.5
1217712.F971_01671,fusA,Elongation&nbsp;factor&nbsp;G,86.5
1217712.F971_01160,F971_01160,annotation&nbsp;not&nbsp;available,86.5
1217712.F971_01529,F971_01529,annotation&nbsp;not&nbsp;available,86.5
1217712.F971_00624,F971_00624,annotation&nbsp;not&nbsp;available,86.2
1217712.F971_00591,F971_00591,Dihydrolipoyllysine-residue&nbsp;succinyltransferase&nbsp;component&nbsp;of&nbsp;2-oxoglutarate&nbsp;dehydrogenase&nbsp;complex,86.2
1217712.F971_02157,glnS,annotation&nbsp;not&nbsp;available,86.2
1217712.F971_03078,F971_03078,annotation&nbsp;not&nbsp;available,86.1
1217712.F971_02364,F971_02364,annotation&nbsp;not&nbsp;available,86.0
1217712.F971_00478,F971_00478,annotation&nbsp;not&nbsp;available,85.9
1217712.F971_00418,F971_00418,annotation&nbsp;not&nbsp;available,85.9
1217712.F971_02068,F971_02068,annotation&nbsp;not&nbsp;available,85.8
1217712.F971_01924,F971_01924,annotation&nbsp;not&nbsp;available,85.8
1217712.F971_02562,F971_02562,annotation&nbsp;not&nbsp;available,85.8
1217712.F971_03296,F971_03296,Alanine&nbsp;racemase,85.8
1217712.F971_00593,F971_00593,annotation&nbsp;not&nbsp;available,85.8
1217712.F971_01686,minC,Probable&nbsp;septum&nbsp;site-determining&nbsp;protein&nbsp;MinC,85.7
1217712.F971_00926,F971_00926,annotation&nbsp;not&nbsp;available,85.7
1217712.F971_00468,proC,Pyrroline-5-carboxylate&nbsp;reductase,85.6
1217712.F971_01909,glsA,annotation&nbsp;not&nbsp;available,85.6
1217712.F971_02113,F971_02113,Adenine&nbsp;deaminase,85.4
1217712.F971_03335,pgi,annotation&nbsp;not&nbsp;available,85.2
1217712.F971_02374,F971_02374,annotation&nbsp;not&nbsp;available,85.2
1217712.F971_01568,F971_01568,annotation&nbsp;not&nbsp;available,85.2
1217712.F971_03624,F971_03624,annotation&nbsp;not&nbsp;available,85.2
1217712.F971_02564,F971_02564,annotation&nbsp;not&nbsp;available,85.2
1217712.F971_00950,F971_00950,annotation&nbsp;not&nbsp;available,85.2
1217712.F971_00686,gatA,Glutamyl-tRNA(Gln)&nbsp;amidotransferase&nbsp;subunit&nbsp;A,85.2
1217712.F971_01282,F971_01282,annotation&nbsp;not&nbsp;available,85.1
1217712.F971_03520,pyrC,Dihydroorotase,85.0
1217712.F971_01472,F971_01472,Beta&nbsp;sliding&nbsp;clamp,84.9
1217712.F971_02905,prfA,Peptide&nbsp;chain&nbsp;release&nbsp;factor&nbsp;1,84.9
1217712.F971_02239,pyrD,Dihydroorotate&nbsp;dehydrogenase&nbsp;(quinone),84.8
1217712.F971_01532,nuoB,NADH-quinone&nbsp;oxidoreductase&nbsp;subunit&nbsp;B,84.7
1217712.F971_03253,F971_03253,annotation&nbsp;not&nbsp;available,84.7
1217712.F971_02831,F971_02831,annotation&nbsp;not&nbsp;available,84.7
1217712.F971_01078,F971_01078,annotation&nbsp;not&nbsp;available,84.5
1217712.F971_02409,F971_02409,annotation&nbsp;not&nbsp;available,84.4
1217712.F971_00044,rapA,RNA&nbsp;polymerase-associated&nbsp;protein&nbsp;RapA,84.4
1217712.F971_03161,F971_03161,annotation&nbsp;not&nbsp;available,84.3
1217712.F971_01310,ftsZ,Cell&nbsp;division&nbsp;protein&nbsp;FtsZ,84.2
1217712.F971_00088,F971_00088,annotation&nbsp;not&nbsp;available,84.2
1217712.F971_01340,F971_01340,annotation&nbsp;not&nbsp;available,84.2
1217712.F971_02627,F971_02627,annotation&nbsp;not&nbsp;available,84.1
1217712.F971_02193,F971_02193,annotation&nbsp;not&nbsp;available,84.1
1217712.F971_02269,purT,Formate-dependent&nbsp;phosphoribosylglycinamide&nbsp;formyltransferase,84.1
1217712.F971_00429,F971_00429,annotation&nbsp;not&nbsp;available,84.0
1217712.F971_01443,dnaK,Chaperone&nbsp;protein&nbsp;DnaK,84.0
1217712.F971_02487,F971_02487,annotation&nbsp;not&nbsp;available,83.9
1217712.F971_01894,F971_01894,annotation&nbsp;not&nbsp;available,83.9
1217712.F971_03050,F971_03050,annotation&nbsp;not&nbsp;available,83.8
1217712.F971_02725,pyrG,CTP&nbsp;synthase,83.8
1217712.F971_02223,F971_02223,annotation&nbsp;not&nbsp;available,83.7
1217712.F971_03846,F971_03846,annotation&nbsp;not&nbsp;available,83.7
1217712.F971_00282,F971_00282,annotation&nbsp;not&nbsp;available,83.7
1217712.F971_03501,F971_03501,annotation&nbsp;not&nbsp;available,83.7
1217712.F971_03346,F971_03346,annotation&nbsp;not&nbsp;available,83.6
1217712.F971_01597,F971_01597,annotation&nbsp;not&nbsp;available,83.6
1217712.F971_00645,F971_00645,annotation&nbsp;not&nbsp;available,83.6
1217712.F971_00876,secD,Protein&nbsp;translocase&nbsp;subunit&nbsp;SecD,83.3
1217712.F971_02480,F971_02480,annotation&nbsp;not&nbsp;available,83.2
1217712.F971_01428,F971_01428,annotation&nbsp;not&nbsp;available,83.1
1217712.F971_02024,purN,Phosphoribosylglycinamide&nbsp;formyltransferase,83.0
1217712.F971_02829,lptD,LPS-assembly&nbsp;protein&nbsp;LptD,83.0
1217712.F971_03288,F971_03288,annotation&nbsp;not&nbsp;available,82.9
1217712.F971_03418,kdpA,Potassium-transporting&nbsp;ATPase&nbsp;potassium-binding&nbsp;subunit,82.8
1217712.F971_00920,F971_00920,annotation&nbsp;not&nbsp;available,82.8
1217712.F971_01022,F971_01022,annotation&nbsp;not&nbsp;available,82.6
1217712.F971_02582,F971_02582,annotation&nbsp;not&nbsp;available,82.5
1217712.F971_01178,F971_01178,annotation&nbsp;not&nbsp;available,82.5
1217712.F971_02458,F971_02458,annotation&nbsp;not&nbsp;available,82.3
1217712.F971_01174,F971_01174,annotation&nbsp;not&nbsp;available,82.3
1217712.F971_03368,ssuD,Alkanesulfonate&nbsp;monooxygenase,82.3
1217712.F971_00553,hisD,Histidinol&nbsp;dehydrogenase,82.3
1217712.F971_01692,F971_01692,annotation&nbsp;not&nbsp;available,82.2
1217712.F971_00079,F971_00079,Polyphosphate&nbsp;kinase,82.2
1217712.F971_01598,F971_01598,annotation&nbsp;not&nbsp;available,82.0
1217712.F971_00895,F971_00895,annotation&nbsp;not&nbsp;available,81.9
1217712.F971_01417,ppc,Phosphoenolpyruvate&nbsp;carboxylase,81.9
1217712.F971_03842,F971_03842,annotation&nbsp;not&nbsp;available,81.9
1217712.F971_01633,F971_01633,annotation&nbsp;not&nbsp;available,81.8
1217712.F971_01706,sbcD,Nuclease&nbsp;SbcCD&nbsp;subunit&nbsp;D,81.8
1217712.F971_00988,tatB,Sec-independent&nbsp;protein&nbsp;translocase&nbsp;protein&nbsp;TatB,81.6
1217712.F971_02099,purD,annotation&nbsp;not&nbsp;available,81.6
1217712.F971_03643,secE,Protein&nbsp;translocase&nbsp;subunit&nbsp;SecE,81.5
1217712.F971_01523,F971_01523,Ribonucleoside-diphosphate&nbsp;reductase&nbsp;subunit&nbsp;beta,81.5
1217712.F971_00168,F971_00168,annotation&nbsp;not&nbsp;available,81.5
1217712.F971_03377,ileS,Isoleucine--tRNA&nbsp;ligase,81.3
1217712.F971_01667,F971_01667,annotation&nbsp;not&nbsp;available,81.1
1217712.F971_00736,F971_00736,annotation&nbsp;not&nbsp;available,81.0
1217712.F971_02105,gidA,tRNA&nbsp;uridine&nbsp;5-carboxymethylaminomethyl&nbsp;modification&nbsp;enzyme&nbsp;MnmG,81.0
1217712.F971_01357,F971_01357,annotation&nbsp;not&nbsp;available,81.0
1217712.F971_02063,cysA,Sulfate/thiosulfate&nbsp;import&nbsp;ATP-binding&nbsp;protein&nbsp;CysA,80.8
1217712.F971_01234,hisH,Imidazole&nbsp;glycerol&nbsp;phosphate&nbsp;synthase&nbsp;subunit&nbsp;HisH,80.8
1217712.F971_02852,F971_02852,annotation&nbsp;not&nbsp;available,80.8
1217712.F971_01131,F971_01131,annotation&nbsp;not&nbsp;available,80.7
1217712.F971_01929,gyrA,DNA&nbsp;gyrase&nbsp;subunit&nbsp;A,80.7
1217712.F971_03183,F971_03183,annotation&nbsp;not&nbsp;available,80.7
1217712.F971_01535,F971_01535,NADH-quinone&nbsp;oxidoreductase&nbsp;subunit&nbsp;F,80.6
1217712.F971_03336,F971_03336,annotation&nbsp;not&nbsp;available,80.6
1217712.F971_03441,F971_03441,annotation&nbsp;not&nbsp;available,80.6
1217712.F971_01404,F971_01404,annotation&nbsp;not&nbsp;available,80.4
1217712.F971_00353,F971_00353,annotation&nbsp;not&nbsp;available,80.4
1217712.F971_01048,rplX,50S&nbsp;ribosomal&nbsp;protein&nbsp;L24,80.4
1217712.F971_01528,F971_01528,annotation&nbsp;not&nbsp;available,80.3
1217712.F971_01896,F971_01896,annotation&nbsp;not&nbsp;available,80.1
1217712.F971_02479,F971_02479,annotation&nbsp;not&nbsp;available,80.1
1217712.F971_02256,F971_02256,annotation&nbsp;not&nbsp;available,79.9
1217712.F971_03075,F971_03075,annotation&nbsp;not&nbsp;available,79.9
1217712.F971_00453,rpmI,annotation&nbsp;not&nbsp;available,79.8
1217712.F971_02790,glcB,Malate&nbsp;synthase&nbsp;G,79.7
1217712.F971_00445,thrS,Threonine--tRNA&nbsp;ligase,79.7
1217712.F971_00086,F971_00086,Carbonic&nbsp;anhydrase,79.6
1217712.F971_03309,F971_03309,annotation&nbsp;not&nbsp;available,79.6
1217712.F971_02461,pyrH,Uridylate&nbsp;kinase,79.5
1217712.F971_01442,grpE,Protein&nbsp;GrpE,79.5
1217712.F971_00869,F971_00869,annotation&nbsp;not&nbsp;available,79.5
1217712.F971_03333,F971_03333,annotation&nbsp;not&nbsp;available,79.5
1217712.F971_00589,sucC,Succinate--CoA&nbsp;ligase&nbsp;[ADP-forming]&nbsp;subunit&nbsp;beta,79.4
1217712.F971_01311,ftsA,Cell&nbsp;division&nbsp;protein&nbsp;FtsA,79.4
1217712.F971_03830,xpt,Xanthine&nbsp;phosphoribosyltransferase,79.3
1217712.F971_02433,F971_02433,Trehalose&nbsp;6-phosphate&nbsp;phosphatase,79.3
1217712.F971_03162,F971_03162,annotation&nbsp;not&nbsp;available,79.3
1217712.F971_00843,ilvE,Branched-chain-amino-acid&nbsp;aminotransferase,79.2
1217712.F971_02432,F971_02432,annotation&nbsp;not&nbsp;available,79.2
1217712.F971_03289,F971_03289,annotation&nbsp;not&nbsp;available,79.1
1217712.F971_00723,F971_00723,annotation&nbsp;not&nbsp;available,79.0
1217712.F971_00420,F971_00420,annotation&nbsp;not&nbsp;available,78.9
1217712.F971_01089,aroE,Shikimate&nbsp;dehydrogenase&nbsp;(NADP(+)),78.8
1217712.F971_02771,ftsY,Signal&nbsp;recognition&nbsp;particle&nbsp;receptor&nbsp;FtsY,78.8
1217712.F971_02018,lolD,Lipoprotein-releasing&nbsp;system&nbsp;ATP-binding&nbsp;protein&nbsp;LolD,78.8
1217712.F971_00202,surE,5'-nucleotidase&nbsp;SurE,78.7
1217712.F971_01715,F971_01715,annotation&nbsp;not&nbsp;available,78.6
1217712.F971_03828,thyA,Thymidylate&nbsp;synthase,78.5
1217712.F971_00676,F971_00676,annotation&nbsp;not&nbsp;available,78.4
1217712.F971_03626,F971_03626,annotation&nbsp;not&nbsp;available,78.3
1217712.F971_01380,thiL,Thiamine-monophosphate&nbsp;kinase,78.3
1217712.F971_00628,F971_00628,annotation&nbsp;not&nbsp;available,78.2
1217712.F971_01368,F971_01368,annotation&nbsp;not&nbsp;available,78.1
1217712.F971_01060,rpsJ,30S&nbsp;ribosomal&nbsp;protein&nbsp;S10,78.1
1217712.F971_02087,F971_02087,annotation&nbsp;not&nbsp;available,78.1
1217712.F971_01049,rplN,50S&nbsp;ribosomal&nbsp;protein&nbsp;L14,78.1
1217712.F971_01631,F971_01631,Acyl&nbsp;carrier&nbsp;protein,78.0
1217712.F971_02037,tolB,Protein&nbsp;TolB,77.9
1217712.F971_02818,F971_02818,annotation&nbsp;not&nbsp;available,77.8
1217712.F971_03623,F971_03623,annotation&nbsp;not&nbsp;available,77.8
1217712.F971_03605,F971_03605,Threonine&nbsp;synthase,77.7
1217712.F971_02273,F971_02273,annotation&nbsp;not&nbsp;available,77.7
1217712.F971_03351,F971_03351,annotation&nbsp;not&nbsp;available,77.7
1217712.F971_02730,F971_02730,annotation&nbsp;not&nbsp;available,77.6
1217712.F971_00032,F971_00032,annotation&nbsp;not&nbsp;available,77.5
1217712.F971_01245,hisF,Imidazole&nbsp;glycerol&nbsp;phosphate&nbsp;synthase&nbsp;subunit&nbsp;HisF,77.4
1217712.F971_01163,F971_01163,Bacterioferritin,77.4
1217712.F971_02292,F971_02292,annotation&nbsp;not&nbsp;available,77.4
1217712.F971_03772,F971_03772,annotation&nbsp;not&nbsp;available,77.3
1217712.F971_00021,pstB,Phosphate&nbsp;import&nbsp;ATP-binding&nbsp;protein&nbsp;PstB,77.3
1217712.F971_01536,F971_01536,annotation&nbsp;not&nbsp;available,77.3
1217712.F971_03447,rpsB,annotation&nbsp;not&nbsp;available,77.3
1217712.F971_00552,hisC,annotation&nbsp;not&nbsp;available,77.2
1217712.F971_01159,rpoZ,DNA-directed&nbsp;RNA&nbsp;polymerase&nbsp;subunit&nbsp;omega,77.2
1217712.F971_02235,gpsA,annotation&nbsp;not&nbsp;available,77.1
1217712.F971_00373,F971_00373,annotation&nbsp;not&nbsp;available,77.1
1217712.F971_02737,clpS,ATP-dependent&nbsp;Clp&nbsp;protease&nbsp;adapter&nbsp;protein&nbsp;ClpS,76.9
1217712.F971_02901,F971_02901,annotation&nbsp;not&nbsp;available,76.9
1217712.F971_03081,F971_03081,annotation&nbsp;not&nbsp;available,76.8
1217712.F971_02051,F971_02051,annotation&nbsp;not&nbsp;available,76.8
1217712.F971_03338,F971_03338,annotation&nbsp;not&nbsp;available,76.6
1217712.F971_01423,fmt,Methionyl-tRNA&nbsp;formyltransferase,76.6
1217712.F971_01582,ffh,Signal&nbsp;recognition&nbsp;particle&nbsp;protein,76.6
1217712.F971_03103,F971_03103,annotation&nbsp;not&nbsp;available,76.5
1217712.F971_01331,F971_01331,annotation&nbsp;not&nbsp;available,76.4
1217712.F971_02988,F971_02988,annotation&nbsp;not&nbsp;available,76.3
1217712.F971_03095,F971_03095,Exodeoxyribonuclease&nbsp;7&nbsp;large&nbsp;subunit,76.3
1217712.F971_00592,F971_00592,annotation&nbsp;not&nbsp;available,76.2
1217712.F971_01378,ribH,"6,7-dimethyl-8-ribityllumazine&nbsp;synthase",76.1
1217712.F971_01244,thrB,annotation&nbsp;not&nbsp;available,76.1
1217712.F971_00651,F971_00651,annotation&nbsp;not&nbsp;available,76.1
1217712.F971_00966,ackA,Acetate&nbsp;kinase,76.0
1217712.F971_01358,F971_01358,annotation&nbsp;not&nbsp;available,76.0
1217712.F971_01647,F971_01647,annotation&nbsp;not&nbsp;available,76.0
1217712.F971_02070,tmk,Thymidylate&nbsp;kinase,75.8
1217712.F971_02097,F971_02097,Methionine&nbsp;import&nbsp;ATP-binding&nbsp;protein&nbsp;MetN,75.8
1217712.F971_03690,F971_03690,annotation&nbsp;not&nbsp;available,75.8
1217712.F971_03635,F971_03635,annotation&nbsp;not&nbsp;available,75.7
1217712.F971_03330,lldD,L-lactate&nbsp;dehydrogenase,75.7
1217712.F971_02281,F971_02281,annotation&nbsp;not&nbsp;available,75.3
1217712.F971_01283,F971_01283,annotation&nbsp;not&nbsp;available,75.2
1217712.F971_02136,F971_02136,annotation&nbsp;not&nbsp;available,74.9
1217712.F971_00726,F971_00726,annotation&nbsp;not&nbsp;available,74.7
1217712.F971_00845,F971_00845,annotation&nbsp;not&nbsp;available,74.7
1217712.F971_01886,F971_01886,annotation&nbsp;not&nbsp;available,74.6
1217712.F971_03369,F971_03369,annotation&nbsp;not&nbsp;available,74.6
1217712.F971_01157,ispH,4-hydroxy-3-methylbut-2-enyl&nbsp;diphosphate&nbsp;reductase,74.6
1217712.F971_01227,F971_01227,annotation&nbsp;not&nbsp;available,74.6
1217712.F971_02200,F971_02200,Iron-sulfur&nbsp;cluster&nbsp;assembly&nbsp;scaffold&nbsp;protein&nbsp;IscU,74.5
1217712.F971_02282,F971_02282,annotation&nbsp;not&nbsp;available,74.4
1217712.F971_03508,trpD,Anthranilate&nbsp;phosphoribosyltransferase,74.3
1217712.F971_02042,F971_02042,annotation&nbsp;not&nbsp;available,74.3
1217712.F971_00432,F971_00432,Uncharacterized&nbsp;protein,74.1
1217712.F971_03229,F971_03229,annotation&nbsp;not&nbsp;available,74.1
1217712.F971_01629,F971_01629,annotation&nbsp;not&nbsp;available,74.0
1217712.F971_01051,rpmC,annotation&nbsp;not&nbsp;available,74.0
1217712.F971_03525,F971_03525,annotation&nbsp;not&nbsp;available,73.9
1217712.F971_00346,F971_00346,annotation&nbsp;not&nbsp;available,73.8
1217712.F971_02672,F971_02672,annotation&nbsp;not&nbsp;available,73.7
1217712.F971_00459,pheS,annotation&nbsp;not&nbsp;available,73.7
1217712.F971_00007,F971_00007,annotation&nbsp;not&nbsp;available,73.7
1217712.F971_00958,nagZ,Beta-hexosaminidase,73.6
1217712.F971_01277,uvrA,UvrABC&nbsp;system&nbsp;protein&nbsp;A,73.6
1217712.F971_02317,metK,S-adenosylmethionine&nbsp;synthase,73.5
1217712.F971_03163,F971_03163,annotation&nbsp;not&nbsp;available,73.5
1217712.F971_03326,prpB,2-methylisocitrate&nbsp;lyase,73.4
1217712.F971_01466,mnmE,tRNA&nbsp;modification&nbsp;GTPase&nbsp;MnmE,73.4
1217712.F971_00629,F971_00629,annotation&nbsp;not&nbsp;available,73.3
1217712.F971_03636,trpE,Anthranilate&nbsp;synthase&nbsp;component&nbsp;1,73.2
1217712.F971_03633,F971_03633,annotation&nbsp;not&nbsp;available,73.2
1217712.F971_02754,F971_02754,annotation&nbsp;not&nbsp;available,73.2
1217712.F971_02100,purH,annotation&nbsp;not&nbsp;available,73.0
1217712.F971_00683,F971_00683,Cell&nbsp;shape-determining&nbsp;protein&nbsp;MreC,73.0
1217712.F971_02416,F971_02416,Biotin&nbsp;carboxyl&nbsp;carrier&nbsp;protein&nbsp;of&nbsp;acetyl-CoA&nbsp;carboxylase,72.9
1217712.F971_01040,rplO,50S&nbsp;ribosomal&nbsp;protein&nbsp;L15,72.9
1217712.F971_02231,pgk,annotation&nbsp;not&nbsp;available,72.7
1217712.F971_01325,pyrE,Orotate&nbsp;phosphoribosyltransferase,72.7
1217712.F971_01193,gltX,Glutamate--tRNA&nbsp;ligase,72.6
1217712.F971_00356,F971_00356,annotation&nbsp;not&nbsp;available,72.4
1217712.F971_02496,F971_02496,annotation&nbsp;not&nbsp;available,72.4
1217712.F971_01267,F971_01267,annotation&nbsp;not&nbsp;available,72.4
1217712.F971_01642,prs,Ribose-phosphate&nbsp;pyrophosphokinase,72.3
1217712.F971_00280,F971_00280,annotation&nbsp;not&nbsp;available,72.3
1217712.F971_02218,F971_02218,annotation&nbsp;not&nbsp;available,72.3
1217712.F971_01474,gyrB,DNA&nbsp;gyrase&nbsp;subunit&nbsp;B,72.1
1217712.F971_01897,F971_01897,annotation&nbsp;not&nbsp;available,72.1
1217712.F971_01520,F971_01520,annotation&nbsp;not&nbsp;available,71.9
1217712.F971_01256,F971_01256,annotation&nbsp;not&nbsp;available,71.9
1217712.F971_02132,rpsR,30S&nbsp;ribosomal&nbsp;protein&nbsp;S18,71.9
1217712.F971_01177,aroK,Shikimate&nbsp;kinase,71.8
1217712.F971_02336,F971_02336,annotation&nbsp;not&nbsp;available,71.7
1217712.F971_02150,mutL,DNA&nbsp;mismatch&nbsp;repair&nbsp;protein&nbsp;MutL,71.7
1217712.F971_03247,atpA,ATP&nbsp;synthase&nbsp;subunit&nbsp;alpha,71.7
1217712.F971_03788,infA,Translation&nbsp;initiation&nbsp;factor&nbsp;IF-1,71.7
1217712.F971_03650,rpoC,DNA-directed&nbsp;RNA&nbsp;polymerase&nbsp;subunit&nbsp;beta,71.6
1217712.F971_01839,F971_01839,annotation&nbsp;not&nbsp;available,71.5
1217712.F971_00987,tatA,Sec-independent&nbsp;protein&nbsp;translocase&nbsp;protein&nbsp;TatA,71.5
1217712.F971_03323,F971_03323,annotation&nbsp;not&nbsp;available,71.4
1217712.F971_01158,gmk,Guanylate&nbsp;kinase,71.4
1217712.F971_01379,nusB,Transcription&nbsp;antitermination&nbsp;protein&nbsp;NusB,71.4
1217712.F971_03694,nusA,Transcription&nbsp;termination/antitermination&nbsp;protein&nbsp;NusA,71.3
1217712.F971_02424,F971_02424,annotation&nbsp;not&nbsp;available,71.3
1217712.F971_02621,F971_02621,annotation&nbsp;not&nbsp;available,71.3
1217712.F971_03700,F971_03700,annotation&nbsp;not&nbsp;available,71.3
1217712.F971_03739,F971_03739,annotation&nbsp;not&nbsp;available,71.2
1217712.F971_00673,F971_00673,annotation&nbsp;not&nbsp;available,71.1
1217712.F971_00112,pckG,Phosphoenolpyruvate&nbsp;carboxykinase&nbsp;[GTP],71.1
1217712.F971_01462,F971_01462,annotation&nbsp;not&nbsp;available,71.1
1217712.F971_02484,F971_02484,annotation&nbsp;not&nbsp;available,71.1
1217712.F971_00375,F971_00375,annotation&nbsp;not&nbsp;available,71.1
1217712.F971_00213,F971_00213,annotation&nbsp;not&nbsp;available,71.0
1217712.F971_00008,F971_00008,Uncharacterized&nbsp;protein,71.0
1217712.F971_00114,F971_00114,annotation&nbsp;not&nbsp;available,70.9
1217712.F971_02877,F971_02877,annotation&nbsp;not&nbsp;available,70.9
1217712.F971_03588,F971_03588,annotation&nbsp;not&nbsp;available,70.8
1217712.F971_02211,F971_02211,annotation&nbsp;not&nbsp;available,70.8
1217712.F971_02044,ruvA,Holliday&nbsp;junction&nbsp;ATP-dependent&nbsp;DNA&nbsp;helicase&nbsp;RuvA,70.6
1217712.F971_03345,F971_03345,annotation&nbsp;not&nbsp;available,70.5
1217712.F971_00228,rpsU,annotation&nbsp;not&nbsp;available,70.4
1217712.F971_01843,F971_01843,annotation&nbsp;not&nbsp;available,70.3
1217712.F971_01656,F971_01656,annotation&nbsp;not&nbsp;available,70.3
1217712.F971_01836,F971_01836,annotation&nbsp;not&nbsp;available,70.2
1217712.F971_02928,F971_02928,annotation&nbsp;not&nbsp;available,70.2
1217712.F971_03261,F971_03261,annotation&nbsp;not&nbsp;available,70.2
1217712.F971_01457,F971_01457,annotation&nbsp;not&nbsp;available,70.2
1217712.F971_01825,F971_01825,annotation&nbsp;not&nbsp;available,70.1
1217712.F971_03596,pepA,Probable&nbsp;cytosol&nbsp;aminopeptidase,70.0
1217712.F971_01081,F971_01081,annotation&nbsp;not&nbsp;available,70.0
1217712.F971_00498,carB,annotation&nbsp;not&nbsp;available,69.8
1217712.F971_00024,F971_00024,annotation&nbsp;not&nbsp;available,69.8
1217712.F971_02137,F971_02137,annotation&nbsp;not&nbsp;available,69.6
1217712.F971_03794,asd,Aspartate-semialdehyde&nbsp;dehydrogenase,69.5
1217712.F971_01467,yidC,Membrane&nbsp;protein&nbsp;insertase&nbsp;YidC,69.4
1217712.F971_00466,accA,Acetyl-coenzyme&nbsp;A&nbsp;carboxylase&nbsp;carboxyl&nbsp;transferase&nbsp;subunit&nbsp;alpha,69.4
1217712.F971_00985,F971_00985,dITP/XTP&nbsp;pyrophosphatase,69.3
1217712.F971_02631,F971_02631,annotation&nbsp;not&nbsp;available,69.3
1217712.F971_01098,glyQ,annotation&nbsp;not&nbsp;available,69.2
1217712.F971_02485,F971_02485,annotation&nbsp;not&nbsp;available,69.2
1217712.F971_02746,ilvA,L-threonine&nbsp;dehydratase,69.2
1217712.F971_00678,F971_00678,annotation&nbsp;not&nbsp;available,69.1
1217712.F971_00350,leuS,annotation&nbsp;not&nbsp;available,69.1
1217712.F971_01863,F971_01863,annotation&nbsp;not&nbsp;available,69.1
1217712.F971_03597,F971_03597,annotation&nbsp;not&nbsp;available,69.0
1217712.F971_01033,rplQ,annotation&nbsp;not&nbsp;available,68.9
1217712.F971_01053,rpsC,30S&nbsp;ribosomal&nbsp;protein&nbsp;S3,68.9
1217712.F971_02222,F971_02222,annotation&nbsp;not&nbsp;available,68.8
1217712.F971_01070,plsB,annotation&nbsp;not&nbsp;available,68.8
1217712.F971_00237,F971_00237,annotation&nbsp;not&nbsp;available,68.8
1217712.F971_00527,nadA,Quinolinate&nbsp;synthase&nbsp;A,68.7
1217712.F971_01353,F971_01353,annotation&nbsp;not&nbsp;available,68.7
1217712.F971_03695,infB,Translation&nbsp;initiation&nbsp;factor&nbsp;IF-2,68.6
1217712.F971_01332,F971_01332,annotation&nbsp;not&nbsp;available,68.5
1217712.F971_00817,F971_00817,annotation&nbsp;not&nbsp;available,68.4
1217712.F971_02163,F971_02163,annotation&nbsp;not&nbsp;available,68.4
1217712.F971_01411,dapB,4-hydroxy-tetrahydrodipicolinate&nbsp;reductase,68.4
1217712.F971_01846,astD,N-succinylglutamate&nbsp;5-semialdehyde&nbsp;dehydrogenase,68.4
1217712.F971_03723,pnp,Polyribonucleotide&nbsp;nucleotidyltransferase,68.3
1217712.F971_03246,atpG,ATP&nbsp;synthase&nbsp;gamma&nbsp;chain,68.3
1217712.F971_03481,F971_03481,annotation&nbsp;not&nbsp;available,68.3
1217712.F971_01544,upp,Uracil&nbsp;phosphoribosyltransferase,68.2
1217712.F971_00595,F971_00595,Succinate&nbsp;dehydrogenase&nbsp;hydrophobic&nbsp;membrane&nbsp;anchor&nbsp;subunit,68.2
1217712.F971_00028,F971_00028,annotation&nbsp;not&nbsp;available,68.2
1217712.F971_02835,rpoH,annotation&nbsp;not&nbsp;available,68.1
1217712.F971_00499,carA,annotation&nbsp;not&nbsp;available,68.1
1217712.F971_01794,F971_01794,annotation&nbsp;not&nbsp;available,68.0
1217712.F971_02733,F971_02733,Phospho-2-dehydro-3-deoxyheptonate&nbsp;aldolase,68.0
1217712.F971_03018,F971_03018,annotation&nbsp;not&nbsp;available,68.0
1217712.F971_02850,F971_02850,annotation&nbsp;not&nbsp;available,67.9
1217712.F971_02622,F971_02622,annotation&nbsp;not&nbsp;available,67.9
1217712.F971_03069,F971_03069,annotation&nbsp;not&nbsp;available,67.9
1217712.F971_02475,F971_02475,annotation&nbsp;not&nbsp;available,67.9
1217712.F971_02847,F971_02847,annotation&nbsp;not&nbsp;available,67.8
1217712.F971_00487,F971_00487,annotation&nbsp;not&nbsp;available,67.8
1217712.F971_00014,mrdA,"Peptidoglycan&nbsp;D,D-transpeptidase&nbsp;MrdA",67.7
1217712.F971_01383,glmS,Glutamine--fructose-6-phosphate&nbsp;aminotransferase&nbsp;[isomerizing],67.6
1217712.F971_02807,F971_02807,annotation&nbsp;not&nbsp;available,67.5
1217712.F971_00742,F971_00742,annotation&nbsp;not&nbsp;available,67.5
1217712.F971_00649,F971_00649,annotation&nbsp;not&nbsp;available,67.5
1217712.F971_01635,F971_01635,"3,4-dihydroxy-2-butanone&nbsp;4-phosphate&nbsp;synthase",67.5
1217712.F971_02896,F971_02896,annotation&nbsp;not&nbsp;available,67.4
1217712.F971_01617,F971_01617,annotation&nbsp;not&nbsp;available,67.3
1217712.F971_02138,F971_02138,annotation&nbsp;not&nbsp;available,67.2
1217712.F971_00994,F971_00994,annotation&nbsp;not&nbsp;available,67.2
1217712.F971_01125,F971_01125,annotation&nbsp;not&nbsp;available,67.1
1217712.F971_01270,F971_01270,Single-stranded&nbsp;DNA-binding&nbsp;protein,67.1
1217712.F971_01266,F971_01266,annotation&nbsp;not&nbsp;available,67.1
1217712.F971_01187,murE,"UDP-N-acetylmuramoyl-L-alanyl-D-glutamate--2,6-diaminopimelate&nbsp;ligase",67.1
1217712.F971_01662,nadE,Glutamine-dependent&nbsp;NAD(+)&nbsp;synthetase,67.0
1217712.F971_01185,mraY,Phospho-N-acetylmuramoyl-pentapeptide-transferase,67.0
1217712.F971_00428,F971_00428,annotation&nbsp;not&nbsp;available,66.9
1217712.F971_00875,F971_00875,annotation&nbsp;not&nbsp;available,66.9
1217712.F971_02019,F971_02019,annotation&nbsp;not&nbsp;available,66.9
1217712.F971_02989,hutG,Formimidoylglutamase,66.8
1217712.F971_01046,rpsN,30S&nbsp;ribosomal&nbsp;protein&nbsp;S14,66.8
1217712.F971_01592,F971_01592,Bacterioferritin,66.8
1217712.F971_00789,F971_00789,annotation&nbsp;not&nbsp;available,66.7
1217712.F971_02243,F971_02243,Undecaprenyl-diphosphatase,66.5
1217712.F971_03593,F971_03593,annotation&nbsp;not&nbsp;available,66.3
1217712.F971_00724,F971_00724,annotation&nbsp;not&nbsp;available,66.2
1217712.F971_01925,F971_01925,annotation&nbsp;not&nbsp;available,66.2
1217712.F971_02160,F971_02160,annotation&nbsp;not&nbsp;available,66.2
1217712.F971_03599,gpmI,"2,3-bisphosphoglycerate-independent&nbsp;phosphoglycerate&nbsp;mutase",66.1
1217712.F971_00535,F971_00535,annotation&nbsp;not&nbsp;available,66.1
1217712.F971_01183,F971_01183,annotation&nbsp;not&nbsp;available,66.0
1217712.F971_02758,F971_02758,annotation&nbsp;not&nbsp;available,66.0
1217712.F971_01388,F971_01388,annotation&nbsp;not&nbsp;available,65.9
1217712.F971_03487,F971_03487,annotation&nbsp;not&nbsp;available,65.9
1217712.F971_00814,F971_00814,annotation&nbsp;not&nbsp;available,65.8
1217712.F971_03033,F971_03033,annotation&nbsp;not&nbsp;available,65.8
1217712.F971_03617,cpdA,"3',5'-cyclic&nbsp;adenosine&nbsp;monophosphate&nbsp;phosphodiesterase&nbsp;CpdA",65.7
1217712.F971_00598,F971_00598,annotation&nbsp;not&nbsp;available,65.7
1217712.F971_01705,F971_01705,annotation&nbsp;not&nbsp;available,65.7
1217712.F971_00155,F971_00155,annotation&nbsp;not&nbsp;available,65.6
1217712.F971_01140,rplS,50S&nbsp;ribosomal&nbsp;protein&nbsp;L19,65.5
1217712.F971_00537,F971_00537,S-formylglutathione&nbsp;hydrolase,65.4
1217712.F971_01650,bamD,Outer&nbsp;membrane&nbsp;protein&nbsp;assembly&nbsp;factor&nbsp;BamD,65.4
1217712.F971_03769,rne,Ribonuclease&nbsp;E,65.3
1217712.F971_00627,F971_00627,annotation&nbsp;not&nbsp;available,65.3
1217712.F971_00555,hisG,ATP&nbsp;phosphoribosyltransferase,65.2
1217712.F971_00728,F971_00728,annotation&nbsp;not&nbsp;available,65.1
1217712.F971_02447,F971_02447,annotation&nbsp;not&nbsp;available,65.0
1217712.F971_00176,F971_00176,annotation&nbsp;not&nbsp;available,65.0
1217712.F971_00899,bamB,Outer&nbsp;membrane&nbsp;protein&nbsp;assembly&nbsp;factor&nbsp;BamB,64.9
1217712.F971_03365,argA,annotation&nbsp;not&nbsp;available,64.8
1217712.F971_00594,F971_00594,annotation&nbsp;not&nbsp;available,64.8
1217712.F971_03337,F971_03337,annotation&nbsp;not&nbsp;available,64.8
1217712.F971_00757,F971_00757,annotation&nbsp;not&nbsp;available,64.8
1217712.F971_02861,F971_02861,annotation&nbsp;not&nbsp;available,64.7
1217712.F971_02482,F971_02482,annotation&nbsp;not&nbsp;available,64.7
1217712.F971_01316,gshB,annotation&nbsp;not&nbsp;available,64.5
1217712.F971_03160,F971_03160,annotation&nbsp;not&nbsp;available,64.4
1217712.F971_01717,F971_01717,annotation&nbsp;not&nbsp;available,64.3
1217712.F971_00439,panB,3-methyl-2-oxobutanoate&nbsp;hydroxymethyltransferase,64.3
1217712.F971_00877,secF,Protein-export&nbsp;membrane&nbsp;protein&nbsp;SecF,64.3
1217712.F971_02036,F971_02036,annotation&nbsp;not&nbsp;available,64.2
1217712.F971_01176,aroB,3-dehydroquinate&nbsp;synthase,64.1
1217712.F971_00622,rpmA,annotation&nbsp;not&nbsp;available,63.9
1217712.F971_02017,F971_02017,annotation&nbsp;not&nbsp;available,63.8
1217712.F971_02893,F971_02893,annotation&nbsp;not&nbsp;available,63.7
1217712.F971_03625,hemC,Porphobilinogen&nbsp;deaminase,63.5
1217712.F971_01339,F971_01339,annotation&nbsp;not&nbsp;available,63.5
1217712.F971_00914,rplM,50S&nbsp;ribosomal&nbsp;protein&nbsp;L13,63.5
1217712.F971_00608,rpoD,RNA&nbsp;polymerase&nbsp;sigma&nbsp;factor&nbsp;RpoD,63.5
1217712.F971_01369,pncB,Nicotinate&nbsp;phosphoribosyltransferase,63.5
1217712.F971_02133,rpsF,30S&nbsp;ribosomal&nbsp;protein&nbsp;S6,63.4
1217712.F971_02525,F971_02525,Phospho-2-dehydro-3-deoxyheptonate&nbsp;aldolase,63.3
1217712.F971_03646,rplA,50S&nbsp;ribosomal&nbsp;protein&nbsp;L1,63.3
1217712.F971_02045,F971_02045,annotation&nbsp;not&nbsp;available,63.2
1217712.F971_00840,F971_00840,annotation&nbsp;not&nbsp;available,63.2
1217712.F971_00654,F971_00654,annotation&nbsp;not&nbsp;available,63.0
1217712.F971_01387,dapA,4-hydroxy-tetrahydrodipicolinate&nbsp;synthase,62.9
1217712.F971_01287,acsA,Acetyl-coenzyme&nbsp;A&nbsp;synthetase,62.8
1217712.F971_00650,F971_00650,annotation&nbsp;not&nbsp;available,62.8
1217712.F971_00725,F971_00725,annotation&nbsp;not&nbsp;available,62.8
1217712.F971_01912,F971_01912,annotation&nbsp;not&nbsp;available,62.7
1217712.F971_03366,F971_03366,annotation&nbsp;not&nbsp;available,62.5
1217712.F971_03374,F971_03374,annotation&nbsp;not&nbsp;available,62.5
1217712.F971_03702,F971_03702,annotation&nbsp;not&nbsp;available,62.5
1217712.F971_00685,gatC,Aspartyl/glutamyl-tRNA(Asn/Gln)&nbsp;amidotransferase&nbsp;subunit&nbsp;C,62.4
1217712.F971_01215,F971_01215,annotation&nbsp;not&nbsp;available,62.4
1217712.F971_03782,leuC,3-isopropylmalate&nbsp;dehydratase&nbsp;large&nbsp;subunit,62.4
1217712.F971_00618,cysG,Siroheme&nbsp;synthase,62.4
1217712.F971_02071,F971_02071,L-aspartate&nbsp;oxidase,62.2
1217712.F971_03020,F971_03020,annotation&nbsp;not&nbsp;available,62.1
1217712.F971_01770,F971_01770,annotation&nbsp;not&nbsp;available,62.0
1217712.F971_03615,gluQ,Glutamyl-Q&nbsp;tRNA(Asp)&nbsp;synthetase,62.0
1217712.F971_03645,rplK,50S&nbsp;ribosomal&nbsp;protein&nbsp;L11,61.9
1217712.F971_00234,F971_00234,annotation&nbsp;not&nbsp;available,61.8
1217712.F971_02154,F971_02154,annotation&nbsp;not&nbsp;available,61.8
1217712.F971_01228,F971_01228,annotation&nbsp;not&nbsp;available,61.7
1217712.F971_03464,cysN,Sulfate&nbsp;adenylyltransferase&nbsp;subunit&nbsp;1,61.7
1217712.F971_01543,nuoN,NADH-quinone&nbsp;oxidoreductase&nbsp;subunit&nbsp;N,61.7
1217712.F971_02090,F971_02090,annotation&nbsp;not&nbsp;available,61.6
1217712.F971_01080,F971_01080,annotation&nbsp;not&nbsp;available,61.6
1217712.F971_01137,F971_01137,annotation&nbsp;not&nbsp;available,61.6
1217712.F971_02643,F971_02643,annotation&nbsp;not&nbsp;available,61.5
1217712.F971_02337,gcvH,Glycine&nbsp;cleavage&nbsp;system&nbsp;H&nbsp;protein,61.5
1217712.F971_01841,F971_01841,annotation&nbsp;not&nbsp;available,61.4
1217712.F971_01641,rplY,50S&nbsp;ribosomal&nbsp;protein&nbsp;L25,61.4
1217712.F971_00915,rpsI,annotation&nbsp;not&nbsp;available,61.3
1217712.F971_00687,gatB,Aspartyl/glutamyl-tRNA(Asn/Gln)&nbsp;amidotransferase&nbsp;subunit&nbsp;B,61.2
1217712.F971_02939,F971_02939,annotation&nbsp;not&nbsp;available,61.2
1217712.F971_02802,F971_02802,Integration&nbsp;host&nbsp;factor&nbsp;subunit&nbsp;beta,61.2
1217712.F971_02910,glyA,Serine&nbsp;hydroxymethyltransferase,61.2
1217712.F971_01050,rpsQ,30S&nbsp;ribosomal&nbsp;protein&nbsp;S17,61.1
1217712.F971_00644,F971_00644,annotation&nbsp;not&nbsp;available,61.1
1217712.F971_03275,guaA,GMP&nbsp;synthase&nbsp;[glutamine-hydrolyzing],61.1
1217712.F971_01451,purE,N5-carboxyaminoimidazole&nbsp;ribonucleotide&nbsp;mutase,61.1
1217712.F971_00783,accD,Acetyl-coenzyme&nbsp;A&nbsp;carboxylase&nbsp;carboxyl&nbsp;transferase&nbsp;subunit&nbsp;beta,61.0
1217712.F971_02253,F971_02253,annotation&nbsp;not&nbsp;available,61.0
1217712.F971_01736,F971_01736,annotation&nbsp;not&nbsp;available,60.9
1217712.F971_01539,F971_01539,annotation&nbsp;not&nbsp;available,60.9
1217712.F971_00335,F971_00335,Glutaredoxin,60.9
1217712.F971_01079,F971_01079,annotation&nbsp;not&nbsp;available,60.8
1217712.F971_03590,F971_03590,Riboflavin&nbsp;biosynthesis&nbsp;protein&nbsp;RibD,60.7
1217712.F971_03620,F971_03620,Phosphate-specific&nbsp;transport&nbsp;system&nbsp;accessory&nbsp;protein&nbsp;PhoU,60.7
1217712.F971_02663,F971_02663,2-dehydropantoate&nbsp;2-reductase,60.6
1217712.F971_02602,F971_02602,annotation&nbsp;not&nbsp;available,60.6
1217712.F971_01052,rplP,50S&nbsp;ribosomal&nbsp;protein&nbsp;L16,60.5
1217712.F971_00011,adk,Adenylate&nbsp;kinase,60.5
1217712.F971_03248,atpH,ATP&nbsp;synthase&nbsp;subunit&nbsp;delta,60.5
1217712.F971_02611,F971_02611,annotation&nbsp;not&nbsp;available,60.4
1217712.F971_00684,F971_00684,annotation&nbsp;not&nbsp;available,60.4
1217712.F971_00588,sucD,Succinate--CoA&nbsp;ligase&nbsp;[ADP-forming]&nbsp;subunit&nbsp;alpha,60.2
1217712.F971_01895,tauB,Taurine&nbsp;import&nbsp;ATP-binding&nbsp;protein&nbsp;TauB,60.2
1217712.F971_02483,F971_02483,annotation&nbsp;not&nbsp;available,60.2
1217712.F971_00127,F971_00127,annotation&nbsp;not&nbsp;available,60.1
1217712.F971_00894,F971_00894,Acyl&nbsp;carrier&nbsp;protein,60.1
1217712.F971_01618,F971_01618,annotation&nbsp;not&nbsp;available,59.9
1217712.F971_02034,fbp,annotation&nbsp;not&nbsp;available,59.9
1217712.F971_02467,bamA,Outer&nbsp;membrane&nbsp;protein&nbsp;assembly&nbsp;factor&nbsp;BamA,59.7
1217712.F971_02448,F971_02448,annotation&nbsp;not&nbsp;available,59.7
1217712.F971_00767,F971_00767,annotation&nbsp;not&nbsp;available,59.7
1217712.F971_01045,rpsH,30S&nbsp;ribosomal&nbsp;protein&nbsp;S8,59.6
1217712.F971_02135,F971_02135,annotation&nbsp;not&nbsp;available,59.6
1217712.F971_01377,F971_01377,"3,4-dihydroxy-2-butanone&nbsp;4-phosphate&nbsp;synthase",59.3
1217712.F971_03256,F971_03256,annotation&nbsp;not&nbsp;available,59.3
1217712.F971_03622,argH,annotation&nbsp;not&nbsp;available,59.3
1217712.F971_01890,F971_01890,annotation&nbsp;not&nbsp;available,59.3
1217712.F971_02670,F971_02670,annotation&nbsp;not&nbsp;available,59.2
1217712.F971_03669,F971_03669,Fatty&nbsp;acid&nbsp;oxidation&nbsp;complex&nbsp;subunit&nbsp;alpha,59.2
1217712.F971_00648,F971_00648,annotation&nbsp;not&nbsp;available,59.2
1217712.F971_03504,F971_03504,annotation&nbsp;not&nbsp;available,59.1
1217712.F971_02209,recA,Protein&nbsp;RecA,59.1
1217712.F971_00878,F971_00878,annotation&nbsp;not&nbsp;available,59.1
1217712.F971_03668,fadA,3-ketoacyl-CoA&nbsp;thiolase,59.0
1217712.F971_01188,ftsI,"Peptidoglycan&nbsp;D,D-transpeptidase&nbsp;FtsI",58.9
1217712.F971_01064,F971_01064,annotation&nbsp;not&nbsp;available,58.9
1217712.F971_03512,folE,annotation&nbsp;not&nbsp;available,58.8
1217712.F971_03250,atpE,ATP&nbsp;synthase&nbsp;subunit&nbsp;c,58.8
1217712.F971_03722,rpsO,30S&nbsp;ribosomal&nbsp;protein&nbsp;S15,58.8
1217712.F971_03581,ppa,Inorganic&nbsp;pyrophosphatase,58.7
1217712.F971_01057,rplW,50S&nbsp;ribosomal&nbsp;protein&nbsp;L23,58.7
1217712.F971_01628,rpmF,annotation&nbsp;not&nbsp;available,58.4
1217712.F971_00664,F971_00664,annotation&nbsp;not&nbsp;available,58.4
1217712.F971_01039,secY,Protein&nbsp;translocase&nbsp;subunit&nbsp;SecY,58.2
1217712.F971_00337,rsgA,Small&nbsp;ribosomal&nbsp;subunit&nbsp;biogenesis&nbsp;GTPase&nbsp;RsgA,58.2
1217712.F971_03151,F971_03151,annotation&nbsp;not&nbsp;available,58.2
1217712.F971_01036,rpsK,30S&nbsp;ribosomal&nbsp;protein&nbsp;S11,58.2
1217712.F971_02362,dnaX,DNA&nbsp;polymerase&nbsp;III&nbsp;subunit&nbsp;gamma/tau,58.1
1217712.F971_01224,F971_01224,annotation&nbsp;not&nbsp;available,58.1
1217712.F971_00655,F971_00655,annotation&nbsp;not&nbsp;available,58.1
1217712.F971_02591,F971_02591,annotation&nbsp;not&nbsp;available,58.0
1217712.F971_03672,uvrC,UvrABC&nbsp;system&nbsp;protein&nbsp;C,57.8
1217712.F971_02241,purF,Amidophosphoribosyltransferase,57.8
1217712.F971_01533,nuoC,NADH-quinone&nbsp;oxidoreductase&nbsp;subunit&nbsp;C/D,57.7
1217712.F971_02516,F971_02516,annotation&nbsp;not&nbsp;available,57.5
1217712.F971_01044,rplF,50S&nbsp;ribosomal&nbsp;protein&nbsp;L6,57.3
1217712.F971_03370,ssuB,Aliphatic&nbsp;sulfonates&nbsp;import&nbsp;ATP-binding&nbsp;protein&nbsp;SsuB,57.3
1217712.F971_00461,himA,Integration&nbsp;host&nbsp;factor&nbsp;subunit&nbsp;alpha,57.3
1217712.F971_00076,F971_00076,annotation&nbsp;not&nbsp;available,57.2
1217712.F971_01099,glyS,annotation&nbsp;not&nbsp;available,57.2
1217712.F971_01989,F971_01989,annotation&nbsp;not&nbsp;available,57.0
1217712.F971_01449,F971_01449,annotation&nbsp;not&nbsp;available,56.9
1217712.F971_01768,F971_01768,annotation&nbsp;not&nbsp;available,56.9
1217712.F971_03595,F971_03595,annotation&nbsp;not&nbsp;available,56.8
1217712.F971_02067,F971_02067,annotation&nbsp;not&nbsp;available,56.8
1217712.F971_02849,aroA,3-phosphoshikimate&nbsp;1-carboxyvinyltransferase,56.8
1217712.F971_02624,F971_02624,annotation&nbsp;not&nbsp;available,56.8
1217712.F971_03297,dadA,D-amino&nbsp;acid&nbsp;dehydrogenase,56.6
1217712.F971_00813,F971_00813,annotation&nbsp;not&nbsp;available,56.6
1217712.F971_03468,lysS,annotation&nbsp;not&nbsp;available,56.5
1217712.F971_02444,F971_02444,Sulfurtransferase,56.5
1217712.F971_03334,F971_03334,annotation&nbsp;not&nbsp;available,56.4
1217712.F971_02855,F971_02855,annotation&nbsp;not&nbsp;available,56.3
1217712.F971_03414,F971_03414,annotation&nbsp;not&nbsp;available,56.3
1217712.F971_01062,F971_01062,annotation&nbsp;not&nbsp;available,56.2
1217712.F971_02415,F971_02415,annotation&nbsp;not&nbsp;available,56.1
1217712.F971_00904,F971_00904,annotation&nbsp;not&nbsp;available,56.1
1217712.F971_02971,F971_02971,annotation&nbsp;not&nbsp;available,56.0
1217712.F971_03717,recC,RecBCD&nbsp;enzyme&nbsp;subunit&nbsp;RecC,55.9
1217712.F971_03079,F971_03079,annotation&nbsp;not&nbsp;available,55.9
1217712.F971_03255,znuC,Zinc&nbsp;import&nbsp;ATP-binding&nbsp;protein&nbsp;ZnuC,55.9
1217712.F971_02417,aroQ,3-dehydroquinate&nbsp;dehydratase,55.9
1217712.F971_02131,rplI,50S&nbsp;ribosomal&nbsp;protein&nbsp;L9,55.8
1217712.F971_00541,F971_00541,annotation&nbsp;not&nbsp;available,55.8
1217712.F971_00047,hemL,annotation&nbsp;not&nbsp;available,55.8
1217712.F971_02397,F971_02397,annotation&nbsp;not&nbsp;available,55.8
1217712.F971_02093,gloB,Hydroxyacylglutathione&nbsp;hydrolase,55.7
1217712.F971_00707,F971_00707,annotation&nbsp;not&nbsp;available,55.6
1217712.F971_01696,F971_01696,annotation&nbsp;not&nbsp;available,55.6
1217712.F971_02098,F971_02098,annotation&nbsp;not&nbsp;available,55.6
1217712.F971_00195,rpmE,50S&nbsp;ribosomal&nbsp;protein&nbsp;L31,55.5
1217712.F971_02064,F971_02064,annotation&nbsp;not&nbsp;available,55.5
1217712.F971_03689,tpiA,Triosephosphate&nbsp;isomerase,55.4
1217712.F971_01541,F971_01541,annotation&nbsp;not&nbsp;available,55.3
1217712.F971_01885,F971_01885,annotation&nbsp;not&nbsp;available,55.3
1217712.F971_02736,F971_02736,annotation&nbsp;not&nbsp;available,55.3
1217712.F971_00936,F971_00936,annotation&nbsp;not&nbsp;available,55.1
1217712.F971_00421,F971_00421,NAD(P)&nbsp;transhydrogenase&nbsp;subunit&nbsp;beta,55.1
1217712.F971_03841,mdh,Malate&nbsp;dehydrogenase,55.1
1217712.F971_01840,F971_01840,annotation&nbsp;not&nbsp;available,55.1
1217712.F971_02853,F971_02853,annotation&nbsp;not&nbsp;available,55.1
1217712.F971_02212,F971_02212,annotation&nbsp;not&nbsp;available,54.9
1217712.F971_02481,F971_02481,annotation&nbsp;not&nbsp;available,54.9
1217712.F971_03602,F971_03602,annotation&nbsp;not&nbsp;available,54.9
1217712.F971_03019,F971_03019,annotation&nbsp;not&nbsp;available,54.8
1217712.F971_02682,F971_02682,annotation&nbsp;not&nbsp;available,54.8
1217712.F971_00062,F971_00062,Sensor&nbsp;protein,54.8
1217712.F971_03531,F971_03531,annotation&nbsp;not&nbsp;available,54.7
1217712.F971_01693,argB,Acetylglutamate&nbsp;kinase,54.5
1217712.F971_00791,F971_00791,Tryptophan&nbsp;synthase&nbsp;beta&nbsp;chain,54.5
1217712.F971_02909,F971_02909,annotation&nbsp;not&nbsp;available,54.5
1217712.F971_01630,F971_01630,annotation&nbsp;not&nbsp;available,54.3
1217712.F971_02880,F971_02880,annotation&nbsp;not&nbsp;available,54.3
1217712.F971_00262,F971_00262,annotation&nbsp;not&nbsp;available,54.2
1217712.F971_02423,F971_02423,annotation&nbsp;not&nbsp;available,54.2
1217712.F971_02954,pyrB,annotation&nbsp;not&nbsp;available,54.2
1217712.F971_01412,dnaJ,Chaperone&nbsp;protein&nbsp;DnaJ,54.1
1217712.F971_01349,gshA,annotation&nbsp;not&nbsp;available,54.1
1217712.F971_03816,rpmG,annotation&nbsp;not&nbsp;available,54.1
1217712.F971_00378,prfC,Peptide&nbsp;chain&nbsp;release&nbsp;factor&nbsp;3,54.0
1217712.F971_01856,F971_01856,annotation&nbsp;not&nbsp;available,53.9
1217712.F971_00030,F971_00030,annotation&nbsp;not&nbsp;available,53.9
1217712.F971_02649,F971_02649,annotation&nbsp;not&nbsp;available,53.7
1217712.F971_01670,rpsG,30S&nbsp;ribosomal&nbsp;protein&nbsp;S7,53.7
1217712.F971_02451,F971_02451,annotation&nbsp;not&nbsp;available,53.5
1217712.F971_03606,F971_03606,annotation&nbsp;not&nbsp;available,53.4
1217712.F971_00971,F971_00971,Fumarate&nbsp;hydratase&nbsp;class&nbsp;I,53.4
1217712.F971_01342,F971_01342,annotation&nbsp;not&nbsp;available,53.2
1217712.F971_00446,F971_00446,annotation&nbsp;not&nbsp;available,53.2
1217712.F971_03272,F971_03272,annotation&nbsp;not&nbsp;available,53.1
1217712.F971_02027,F971_02027,annotation&nbsp;not&nbsp;available,53.1
1217712.F971_01042,rpsE,30S&nbsp;ribosomal&nbsp;protein&nbsp;S5,53.0
1217712.F971_02234,F971_02234,annotation&nbsp;not&nbsp;available,53.0
1217712.F971_00880,F971_00880,annotation&nbsp;not&nbsp;available,52.9
1217712.F971_00528,argJ,Arginine&nbsp;biosynthesis&nbsp;bifunctional&nbsp;protein&nbsp;ArgJ,52.8
1217712.F971_00641,F971_00641,annotation&nbsp;not&nbsp;available,52.8
1217712.F971_00108,groL,60&nbsp;kDa&nbsp;chaperonin,52.8
1217712.F971_02318,F971_02318,Transketolase,52.8
1217712.F971_02644,F971_02644,annotation&nbsp;not&nbsp;available,52.8
1217712.F971_01056,rplB,50S&nbsp;ribosomal&nbsp;protein&nbsp;L2,52.7
1217712.F971_03587,F971_03587,annotation&nbsp;not&nbsp;available,52.7
1217712.F971_00261,F971_00261,annotation&nbsp;not&nbsp;available,52.7
1217712.F971_00471,polA,DNA&nbsp;polymerase&nbsp;I,52.6
1217712.F971_01273,F971_01273,Aminopyrimidine&nbsp;aminohydrolase,52.5
1217712.F971_00116,glpK,Glycerol&nbsp;kinase,52.4
1217712.F971_00961,proA,Gamma-glutamyl&nbsp;phosphate&nbsp;reductase,52.4
1217712.F971_00559,F971_00559,RNA&nbsp;polymerase&nbsp;sigma-54&nbsp;factor,52.4
1217712.F971_03529,rnhA,Ribonuclease&nbsp;H,52.3
1217712.F971_00596,F971_00596,annotation&nbsp;not&nbsp;available,52.3
1217712.F971_01294,prfB,Peptide&nbsp;chain&nbsp;release&nbsp;factor&nbsp;2,52.3
1217712.F971_03287,F971_03287,annotation&nbsp;not&nbsp;available,52.2
1217712.F971_00270,F971_00270,annotation&nbsp;not&nbsp;available,52.2
1217712.F971_02462,frr,Ribosome-recycling&nbsp;factor,52.2
1217712.F971_00766,F971_00766,annotation&nbsp;not&nbsp;available,52.1
1217712.F971_00480,F971_00480,annotation&nbsp;not&nbsp;available,52.1
1217712.F971_03773,F971_03773,annotation&nbsp;not&nbsp;available,52.1
1217712.F971_02797,pyrF,Orotidine&nbsp;5'-phosphate&nbsp;decarboxylase,52.0
1217712.F971_02548,F971_02548,annotation&nbsp;not&nbsp;available,51.9
1217712.F971_00479,F971_00479,annotation&nbsp;not&nbsp;available,51.8
1217712.F971_02863,F971_02863,annotation&nbsp;not&nbsp;available,51.8
1217712.F971_01143,rpsP,annotation&nbsp;not&nbsp;available,51.8
1217712.F971_03817,rpmB,annotation&nbsp;not&nbsp;available,51.8
1217712.F971_01043,rplR,50S&nbsp;ribosomal&nbsp;protein&nbsp;L18,51.8
1217712.F971_02096,F971_02096,annotation&nbsp;not&nbsp;available,51.7
1217712.F971_01864,F971_01864,annotation&nbsp;not&nbsp;available,51.6
1217712.F971_02091,ahcY,Adenosylhomocysteinase,51.6
1217712.F971_03291,F971_03291,annotation&nbsp;not&nbsp;available,51.6
1217712.F971_01801,F971_01801,annotation&nbsp;not&nbsp;available,51.6
1217712.F971_00703,F971_00703,annotation&nbsp;not&nbsp;available,51.5
1217712.F971_02126,F971_02126,annotation&nbsp;not&nbsp;available,51.5
1217712.F971_02123,hisZ,ATP&nbsp;phosphoribosyltransferase&nbsp;regulatory&nbsp;subunit,51.4
1217712.F971_00489,F971_00489,annotation&nbsp;not&nbsp;available,51.2
1217712.F971_03417,kdpB,Potassium-transporting&nbsp;ATPase&nbsp;ATP-binding&nbsp;subunit,51.2
1217712.F971_03233,F971_03233,Peptide&nbsp;deformylase,51.1
1217712.F971_02597,F971_02597,annotation&nbsp;not&nbsp;available,51.1
1217712.F971_02088,F971_02088,annotation&nbsp;not&nbsp;available,51.1
1217712.F971_00061,F971_00061,annotation&nbsp;not&nbsp;available,51.0
1217712.F971_01669,rpsL,30S&nbsp;ribosomal&nbsp;protein&nbsp;S12,51.0
1217712.F971_01038,rpmJ,annotation&nbsp;not&nbsp;available,51.0
