1509403.GW12_13840,aroK,Shikimate&nbsp;kinase,98.9
1509403.GW12_17110,GW12_17110,S-formylglutathione&nbsp;hydrolase,98.9
1509403.GW12_27970,GW12_27970,Pfam:&nbsp;AAA&nbsp;domain&nbsp;(Cdc48&nbsp;subfamily),98.9
1509403.GW12_12990,rpsG,30S&nbsp;ribosomal&nbsp;protein&nbsp;S7,98.8
1509403.GW12_27050,GW12_27050,"Pfam:&nbsp;Bacterial&nbsp;regulatory&nbsp;proteins,&nbsp;luxR&nbsp;family",98.8
1509403.GW12_00130,proB,Glutamate&nbsp;5-kinase,98.8
1509403.GW12_11700,GW12_11700,Transcriptional&nbsp;regulator,98.7
1509403.GW12_17320,fumC,Fumarate&nbsp;hydratase&nbsp;class&nbsp;II,98.6
1509403.GW12_13650,pheS,Phenylalanine--tRNA&nbsp;ligase&nbsp;alpha&nbsp;subunit,98.6
1509403.GW12_10490,lldD,L-lactate&nbsp;dehydrogenase,98.6
1509403.GW12_28840,rplI,50S&nbsp;ribosomal&nbsp;protein&nbsp;L9,98.6
1509403.GW12_24570,GW12_24570,"Isocitrate&nbsp;dehydrogenase,&nbsp;NADP-dependent",98.5
1509403.GW12_12680,betB,NAD/NADP-dependent&nbsp;betaine&nbsp;aldehyde&nbsp;dehydrogenase,98.4
1509403.GW12_11210,GW12_11210,Alanine&nbsp;glycine&nbsp;permease,98.4
1509403.GW12_19110,GW12_19110,"Pfam:&nbsp;Glyceraldehyde&nbsp;3-phosphate&nbsp;dehydrogenase,&nbsp;C-terminal&nbsp;domain",98.3
1509403.GW12_21340,rplF,50S&nbsp;ribosomal&nbsp;protein&nbsp;L6,98.2
1509403.GW12_06570,folE2,GTP&nbsp;cyclohydrolase&nbsp;FolE2,98.1
1509403.GW12_04880,bamD,Outer&nbsp;membrane&nbsp;protein&nbsp;assembly&nbsp;factor&nbsp;BamD,98.1
1509403.GW12_16240,ppk,Polyphosphate&nbsp;kinase,98.0
1509403.GW12_16630,cysN,Sulfate&nbsp;adenylyltransferase&nbsp;subunit&nbsp;1,97.8
1509403.GW12_04640,GW12_04640,Pfam:&nbsp;Aldehyde&nbsp;dehydrogenase&nbsp;family,97.6
1509403.GW12_08460,GW12_08460,Uncharacterized&nbsp;protein,97.6
1509403.GW12_23510,GW12_23510,Uncharacterized&nbsp;protein,97.5
1509403.GW12_13610,rpmI,PRINTS:&nbsp;Ribosomal&nbsp;protein&nbsp;L35&nbsp;signature,97.4
1509403.GW12_10810,cysG,Siroheme&nbsp;synthase,97.3
1509403.GW12_13580,gatB,Aspartyl/glutamyl-tRNA(Asn/Gln)&nbsp;amidotransferase&nbsp;subunit&nbsp;B,97.3
1509403.GW12_22700,ppa,Inorganic&nbsp;pyrophosphatase,97.3
1509403.GW12_04800,trpC,Pfam:&nbsp;Indole-3-glycerol&nbsp;phosphate&nbsp;synthase,97.3
1509403.GW12_04860,GW12_04860,"Pfam:&nbsp;Glutamine&nbsp;synthetase,&nbsp;beta-Grasp&nbsp;domain",97.2
1509403.GW12_19690,GW12_19690,"TIGRFAM:&nbsp;nirD_assim_sml:&nbsp;nitrite&nbsp;reductase&nbsp;[NAD(P)H],&nbsp;small&nbsp;subunit",97.2
1509403.GW12_02860,GW12_02860,Pfam:&nbsp;His&nbsp;Kinase&nbsp;A&nbsp;(phospho-acceptor)&nbsp;domain,97.2
1509403.GW12_08880,rpsU,Pfam:&nbsp;Ribosomal&nbsp;protein&nbsp;S21,97.2
1509403.GW12_17530,GW12_17530,Uncharacterized&nbsp;protein,96.9
1509403.GW12_00350,GW12_00350,Beta&nbsp;sliding&nbsp;clamp,96.8
1509403.GW12_21500,rpsJ,30S&nbsp;ribosomal&nbsp;protein&nbsp;S10,96.8
1509403.GW12_16540,GW12_16540,annotation&nbsp;not&nbsp;available,96.6
1509403.GW12_27350,GW12_27350,NAD(P)&nbsp;transhydrogenase&nbsp;subunit&nbsp;alpha,96.6
1509403.GW12_19960,GW12_19960,PRINTS:&nbsp;Phosphocarrier&nbsp;protein&nbsp;signature,96.6
1509403.GW12_10400,GW12_10400,Pfam:&nbsp;Acyl&nbsp;transferase&nbsp;domain,96.6
1509403.GW12_13000,rpsL,30S&nbsp;ribosomal&nbsp;protein&nbsp;S12,96.6
1509403.GW12_23890,rplL,50S&nbsp;ribosomal&nbsp;protein&nbsp;L7/L12,96.5
1509403.GW12_24870,GW12_24870,TIGRFAM:&nbsp;protocat_pcaD:&nbsp;3-oxoadipate&nbsp;enol-lactonase,96.4
1509403.GW12_28490,GW12_28490,SMART:&nbsp;Histidine&nbsp;Phosphotransfer&nbsp;domain,96.4
1509403.GW12_10580,GW12_10580,Pfam:&nbsp;Glutamine&nbsp;amidotransferase&nbsp;class-I,96.3
1509403.GW12_06740,GW12_06740,"Pfam:&nbsp;DNA&nbsp;polymerase&nbsp;III,&nbsp;delta&nbsp;subunit",96.2
1509403.GW12_06050,GW12_06050,Uncharacterized&nbsp;protein,96.2
1509403.GW12_19300,GW12_19300,Uncharacterized&nbsp;protein,96.1
1509403.GW12_20910,atpG,ATP&nbsp;synthase&nbsp;gamma&nbsp;chain,96.1
1509403.GW12_14170,GW12_14170,Uncharacterized&nbsp;protein,96.1
1509403.GW12_28660,GW12_28660,Uncharacterized&nbsp;protein,95.9
1509403.GW12_18270,GW12_18270,"TIGRFAM:&nbsp;PA_CoA_Oxy4:&nbsp;phenylacetate-CoA&nbsp;oxygenase,&nbsp;PaaJ&nbsp;subunit",95.8
1509403.GW12_17550,GW12_17550,Acetylornithine&nbsp;deacetylase,95.7
1509403.GW12_28930,GW12_28930,Pfam:&nbsp;Conserved&nbsp;region&nbsp;in&nbsp;glutamate&nbsp;synthase,95.7
1509403.GW12_19170,maeA,PRINTS:&nbsp;Malic&nbsp;enzyme&nbsp;signature,95.6
1509403.GW12_07030,rpmA,TIGRFAM:&nbsp;L27:&nbsp;ribosomal&nbsp;protein&nbsp;L27,95.4
1509403.GW12_24900,GW12_24900,LuxR&nbsp;family&nbsp;DNA-binding&nbsp;response&nbsp;regulator,95.3
1509403.GW12_00020,mnmA,tRNA-specific&nbsp;2-thiouridylase&nbsp;MnmA,95.2
1509403.GW12_16480,GW12_16480,Succinate&nbsp;dehydrogenase&nbsp;iron-sulfur&nbsp;subunit,95.0
1509403.GW12_14760,GW12_14760,"3,4-dihydroxy-2-butanone&nbsp;4-phosphate&nbsp;synthase",95.0
1509403.GW12_22600,GW12_22600,annotation&nbsp;not&nbsp;available,94.9
1509403.GW12_01480,metZ,O-succinylhomoserine&nbsp;sulfhydrylase,94.9
1509403.GW12_17860,GW12_17860,Enoyl-[acyl-carrier-protein]&nbsp;reductase&nbsp;[NADH],94.8
1509403.GW12_02900,GW12_02900,Ferredoxin,94.7
1509403.GW12_05170,GW12_05170,Penicillin-binding&nbsp;protein&nbsp;1B,94.7
1509403.GW12_16520,sucC,Succinate--CoA&nbsp;ligase&nbsp;[ADP-forming]&nbsp;subunit&nbsp;beta,94.6
1509403.GW12_14410,dapB,4-hydroxy-tetrahydrodipicolinate&nbsp;reductase,94.5
1509403.GW12_09470,GW12_09470,Histidine&nbsp;kinase,94.4
1509403.GW12_23910,rplA,50S&nbsp;ribosomal&nbsp;protein&nbsp;L1,94.4
1509403.GW12_18070,purE,N5-carboxyaminoimidazole&nbsp;ribonucleotide&nbsp;mutase,94.4
1509403.GW12_19780,GW12_19780,Molybdate&nbsp;ABC&nbsp;transporter&nbsp;permease,94.3
1509403.GW12_21280,rpmJ,Pfam:&nbsp;Ribosomal&nbsp;protein&nbsp;L36,94.2
1509403.GW12_25440,GW12_25440,Uncharacterized&nbsp;protein,94.2
1509403.GW12_26120,rpsI,Pfam:&nbsp;Ribosomal&nbsp;protein&nbsp;S9/S16,94.1
1509403.GW12_23720,GW12_23720,4-hydroxy-2-oxovalerate&nbsp;aldolase,94.0
1509403.GW12_28770,GW12_28770,"TIGRFAM:&nbsp;CyoA:&nbsp;ubiquinol&nbsp;oxidase,&nbsp;subunit&nbsp;II",94.0
1509403.GW12_14430,dnaJ,Chaperone&nbsp;protein&nbsp;DnaJ,93.9
1509403.GW12_26360,surE,5'-nucleotidase&nbsp;SurE,93.9
1509403.GW12_20350,glnS,Glutamine--tRNA&nbsp;ligase,93.9
1509403.GW12_19770,GW12_19770,Pfam:&nbsp;Bacterial&nbsp;extracellular&nbsp;solute-binding&nbsp;protein,93.9
1509403.GW12_11310,gshA,Pfam:&nbsp;Glutamate-cysteine&nbsp;ligase,93.9
1509403.GW12_18620,GW12_18620,Uncharacterized&nbsp;protein,93.8
1509403.GW12_13470,GW12_13470,Phosphoserine&nbsp;phosphatase,93.8
1509403.GW12_21070,GW12_21070,Uncharacterized&nbsp;protein,93.7
1509403.GW12_24800,GW12_24800,"TIGRFAM:&nbsp;benzo_1_2_benB:&nbsp;benzoate&nbsp;1,2-dioxygenase,&nbsp;small&nbsp;subunit",93.7
1509403.GW12_23710,GW12_23710,Acetaldehyde&nbsp;dehydrogenase,93.7
1509403.GW12_24850,GW12_24850,"TIGRFAM:&nbsp;pcaJ_scoB_fam:&nbsp;3-oxoacid&nbsp;CoA-transferase,&nbsp;B&nbsp;subunit",93.6
1509403.GW12_23700,GW12_23700,2-oxopent-4-enoate&nbsp;hydratase,93.4
1509403.GW12_07300,GW12_07300,Urea&nbsp;ABC&nbsp;transporter&nbsp;ATP-binding&nbsp;protein,93.3
1509403.GW12_28810,cyoE,Protoheme&nbsp;IX&nbsp;farnesyltransferase,93.2
1509403.GW12_20000,GW12_20000,"Pfam:&nbsp;7,8-dihydro-6-hydroxymethylpterin-pyrophosphokinase&nbsp;(HPPK)",93.1
1509403.GW12_28820,rpsF,30S&nbsp;ribosomal&nbsp;protein&nbsp;S6,93.1
1509403.GW12_25950,gltX,Glutamate--tRNA&nbsp;ligase,93.0
1509403.GW12_20870,atpE,ATP&nbsp;synthase&nbsp;subunit&nbsp;c,92.8
1509403.GW12_21890,murD,UDP-N-acetylmuramoylalanine--D-glutamate&nbsp;ligase,92.7
1509403.GW12_19050,rpsO,30S&nbsp;ribosomal&nbsp;protein&nbsp;S15,92.7
1509403.GW12_28050,GW12_28050,Pfam:&nbsp;Citrate&nbsp;synthase,92.7
1509403.GW12_01890,GW12_01890,Ribonuclease&nbsp;H,92.6
1509403.GW12_13190,gidA,tRNA&nbsp;uridine&nbsp;5-carboxymethylaminomethyl&nbsp;modification&nbsp;enzyme&nbsp;MnmG,92.4
1509403.GW12_13020,GW12_13020,"Pfam:&nbsp;Beta-ketoacyl&nbsp;synthase,&nbsp;N-terminal&nbsp;domain",92.4
1509403.GW12_21430,rpsC,30S&nbsp;ribosomal&nbsp;protein&nbsp;S3,92.4
1509403.GW12_19930,GW12_19930,Pfam:&nbsp;His&nbsp;Kinase&nbsp;A&nbsp;(phospho-acceptor)&nbsp;domain,92.2
1509403.GW12_15030,GW12_15030,Uncharacterized&nbsp;protein,92.1
1509403.GW12_23580,glyS,Pfam:&nbsp;Glycyl-tRNA&nbsp;synthetase&nbsp;beta&nbsp;subunit,92.1
1509403.GW12_14680,GW12_14680,Uncharacterized&nbsp;protein,92.1
1509403.GW12_22110,GW12_22110,Riboflavin&nbsp;biosynthesis&nbsp;protein&nbsp;RibD,92.1
1509403.GW12_19710,mobA,Molybdenum&nbsp;cofactor&nbsp;guanylyltransferase,92.1
1509403.GW12_27960,clpS,ATP-dependent&nbsp;Clp&nbsp;protease&nbsp;adapter&nbsp;protein&nbsp;ClpS,92.1
1509403.GW12_09730,leuA,2-isopropylmalate&nbsp;synthase,91.8
1509403.GW12_17270,gloB,Hydroxyacylglutathione&nbsp;hydrolase,91.8
1509403.GW12_16510,GW12_16510,Dihydrolipoyl&nbsp;dehydrogenase,91.7
1509403.GW12_00510,GW12_00510,NADH-quinone&nbsp;oxidoreductase&nbsp;subunit&nbsp;F,91.6
1509403.GW12_01610,eno,Enolase,91.5
1509403.GW12_08800,purU,Formyltetrahydrofolate&nbsp;deformylase,91.3
1509403.GW12_24050,trpA,Tryptophan&nbsp;synthase&nbsp;alpha&nbsp;chain,91.2
1509403.GW12_21990,GW12_21990,Histidine&nbsp;kinase,91.1
1509403.GW12_01720,aroE,Shikimate&nbsp;dehydrogenase&nbsp;(NADP(+)),90.8
1509403.GW12_07830,tmk,Thymidylate&nbsp;kinase,90.8
1509403.GW12_04210,leuD,3-isopropylmalate&nbsp;dehydratase&nbsp;small&nbsp;subunit,90.7
1509403.GW12_17080,GW12_17080,Uncharacterized&nbsp;protein,90.5
1509403.GW12_19210,GW12_19210,Uncharacterized&nbsp;protein,90.5
1509403.GW12_07330,alc,TIGRFAM:&nbsp;allantoicase:&nbsp;allantoicase,90.5
1509403.GW12_13800,GW12_13800,Uncharacterized&nbsp;protein,90.3
1509403.GW12_14580,fmt,Methionyl-tRNA&nbsp;formyltransferase,90.2
1509403.GW12_21420,rplP,50S&nbsp;ribosomal&nbsp;protein&nbsp;L16,90.2
1509403.GW12_08220,GW12_08220,Pyridine&nbsp;nucleotide-disulfide&nbsp;oxidoreductase,90.1
1509403.GW12_26770,GW12_26770,Pyruvate&nbsp;dehydrogenase&nbsp;E1&nbsp;component,90.1
1509403.GW12_05160,nadK,NAD&nbsp;kinase,89.9
1509403.GW12_21520,GW12_21520,Cystathionine&nbsp;beta-lyase,89.8
1509403.GW12_24360,GW12_24360,Pfam:&nbsp;Aldehyde&nbsp;dehydrogenase&nbsp;family,89.7
1509403.GW12_24040,accD,Acetyl-coenzyme&nbsp;A&nbsp;carboxylase&nbsp;carboxyl&nbsp;transferase&nbsp;subunit&nbsp;beta,89.7
1509403.GW12_27330,GW12_27330,NAD(P)&nbsp;transhydrogenase&nbsp;subunit&nbsp;beta,89.7
1509403.GW12_00420,GW12_00420,Ribonucleoside-diphosphate&nbsp;reductase&nbsp;subunit&nbsp;beta,89.5
1509403.GW12_14130,glmS,Glutamine--fructose-6-phosphate&nbsp;aminotransferase&nbsp;[isomerizing],89.5
1509403.GW12_18560,GW12_18560,Uncharacterized&nbsp;protein,89.5
1509403.GW12_04780,folE,Pfam:&nbsp;GTP&nbsp;cyclohydrolase&nbsp;I,89.4
1509403.GW12_15330,argB,Acetylglutamate&nbsp;kinase,89.2
1509403.GW12_28670,GW12_28670,Pfam:&nbsp;Binding-protein-dependent&nbsp;transport&nbsp;system&nbsp;inner&nbsp;membrane&nbsp;component,89.1
1509403.GW12_24840,GW12_24840,3-oxoadipate&nbsp;CoA-transferase&nbsp;subunit&nbsp;A,89.1
1509403.GW12_23660,rne,Ribonuclease&nbsp;E,89.1
1509403.GW12_18260,GW12_18260,"TIGRFAM:&nbsp;PA_CoA_Oxy3:&nbsp;phenylacetate-CoA&nbsp;oxygenase,&nbsp;PaaI&nbsp;subunit",88.9
1509403.GW12_25070,ureE,Urease&nbsp;accessory&nbsp;protein&nbsp;UreE,88.9
1509403.GW12_26130,rplM,50S&nbsp;ribosomal&nbsp;protein&nbsp;L13,88.9
1509403.GW12_14710,rplY,50S&nbsp;ribosomal&nbsp;protein&nbsp;L25,88.8
1509403.GW12_14620,GW12_14620,Pfam:&nbsp;Aldehyde&nbsp;dehydrogenase&nbsp;family,88.8
1509403.GW12_27890,rpiA,Ribose-5-phosphate&nbsp;isomerase&nbsp;A,88.5
1509403.GW12_28780,GW12_28780,PRINTS:&nbsp;Cytochrome&nbsp;c&nbsp;oxidase&nbsp;subunit&nbsp;I&nbsp;signature,88.5
1509403.GW12_20570,GW12_20570,Phosphate&nbsp;regulon&nbsp;sensor&nbsp;kinase&nbsp;PhoR,88.4
1509403.GW12_26780,GW12_26780,Dihydrolipoamide&nbsp;acetyltransferase&nbsp;component&nbsp;of&nbsp;pyruvate&nbsp;dehydrogenase&nbsp;complex,88.3
1509403.GW12_25010,ureC,"Pfam:&nbsp;Urease&nbsp;alpha-subunit,&nbsp;N-terminal&nbsp;domain",88.2
1509403.GW12_04280,GW12_04280,PRINTS:&nbsp;Phosphoenolpyruvate-protein&nbsp;phosphotransferase&nbsp;signature,87.9
1509403.GW12_24160,uvrC,UvrABC&nbsp;system&nbsp;protein&nbsp;C,87.9
1509403.GW12_23590,glyQ,Pfam:&nbsp;Glycyl-tRNA&nbsp;synthetase&nbsp;alpha&nbsp;subunit,87.9
1509403.GW12_28800,GW12_28800,Pfam:&nbsp;Prokaryotic&nbsp;Cytochrome&nbsp;C&nbsp;oxidase&nbsp;subunit&nbsp;IV,87.9
1509403.GW12_22760,ispH,4-hydroxy-3-methylbut-2-enyl&nbsp;diphosphate&nbsp;reductase,87.8
1509403.GW12_22750,gmk,Guanylate&nbsp;kinase,87.4
1509403.GW12_20770,GW12_20770,Uncharacterized&nbsp;protein,87.4
1509403.GW12_23990,secA,Protein&nbsp;translocase&nbsp;subunit&nbsp;SecA,87.3
1509403.GW12_23690,GW12_23690,Uncharacterized&nbsp;protein,87.3
1509403.GW12_13700,GW12_13700,PRINTS:&nbsp;Thioredoxin&nbsp;family&nbsp;signature,87.3
1509403.GW12_18590,GW12_18590,Uncharacterized&nbsp;protein,87.3
1509403.GW12_02670,GW12_02670,"3'(2'),5'-bisphosphate&nbsp;nucleotidase",87.1
1509403.GW12_07550,glnD,Bifunctional&nbsp;uridylyltransferase/uridylyl-removing&nbsp;enzyme,87.1
1509403.GW12_16910,adk,Adenylate&nbsp;kinase,87.1
1509403.GW12_04120,GW12_04120,annotation&nbsp;not&nbsp;available,87.0
1509403.GW12_14150,GW12_14150,TIGRFAM:&nbsp;galE:&nbsp;UDP-glucose&nbsp;4-epimerase&nbsp;GalE,86.9
1509403.GW12_22870,rplS,50S&nbsp;ribosomal&nbsp;protein&nbsp;L19,86.8
1509403.GW12_26570,GW12_26570,Protein-disulfide&nbsp;reductase,86.8
1509403.GW12_13480,GW12_13480,"5'-adenylylsulfate&nbsp;reductase,&nbsp;thioredoxin-independent",86.7
1509403.GW12_21360,rpsN,30S&nbsp;ribosomal&nbsp;protein&nbsp;S14,86.7
1509403.GW12_11630,GW12_11630,Uncharacterized&nbsp;protein,86.7
1509403.GW12_17810,rsgA,Small&nbsp;ribosomal&nbsp;subunit&nbsp;biogenesis&nbsp;GTPase&nbsp;RsgA,86.7
1509403.GW12_19220,GW12_19220,TIGRFAM:&nbsp;SSADH:&nbsp;succinate-semialdehyde&nbsp;dehydrogenase,86.6
1509403.GW12_26180,glyA,Serine&nbsp;hydroxymethyltransferase,86.6
1509403.GW12_04300,katG,Catalase-peroxidase,86.6
1509403.GW12_22060,GW12_22060,"Pfam:&nbsp;DNA&nbsp;polymerase&nbsp;III&nbsp;chi&nbsp;subunit,&nbsp;HolC",86.5
1509403.GW12_01040,GW12_01040,PRINTS:&nbsp;D-Ala-D-Ala&nbsp;carboxypeptidase&nbsp;1&nbsp;(S11)&nbsp;family&nbsp;signature,86.4
1509403.GW12_21250,rpsD,30S&nbsp;ribosomal&nbsp;protein&nbsp;S4,86.3
1509403.GW12_20900,atpA,ATP&nbsp;synthase&nbsp;subunit&nbsp;alpha,86.2
1509403.GW12_22020,gpmI,"2,3-bisphosphoglycerate-independent&nbsp;phosphoglycerate&nbsp;mutase",86.2
1509403.GW12_07910,cysA,Sulfate/thiosulfate&nbsp;import&nbsp;ATP-binding&nbsp;protein&nbsp;CysA,86.2
1509403.GW12_21270,rpsM,30S&nbsp;ribosomal&nbsp;protein&nbsp;S13,86.1
1509403.GW12_12080,pyrC,Dihydroorotase,86.1
1509403.GW12_21440,rplV,50S&nbsp;ribosomal&nbsp;protein&nbsp;L22,86.0
1509403.GW12_09610,GW12_09610,PRINTS:&nbsp;Glyceraldehyde-3-phosphate&nbsp;dehydrogenase&nbsp;signature,85.9
1509403.GW12_19840,GW12_19840,annotation&nbsp;not&nbsp;available,85.9
1509403.GW12_15960,GW12_15960,"TIGRFAM:&nbsp;HAD-SF-IB:&nbsp;HAD&nbsp;phosphoserine&nbsp;phosphatase-like&nbsp;hydrolase,&nbsp;family&nbsp;IB",85.8
1509403.GW12_28410,GW12_28410,Acyl&nbsp;carrier&nbsp;protein,85.8
1509403.GW12_25800,GW12_25800,5-methyltetrahydropteroyltriglutamate--homocysteine&nbsp;methyltransferase,85.8
1509403.GW12_15350,GW12_15350,Uncharacterized&nbsp;protein,85.7
1509403.GW12_26850,guaB,Inosine-5'-monophosphate&nbsp;dehydrogenase,85.7
1509403.GW12_18230,GW12_18230,Pfam:&nbsp;MaoC&nbsp;like&nbsp;domain,85.6
1509403.GW12_15090,GW12_15090,Aminomethyltransferase,85.4
1509403.GW12_21460,rplB,50S&nbsp;ribosomal&nbsp;protein&nbsp;L2,85.4
1509403.GW12_16400,nadE,Glutamine-dependent&nbsp;NAD(+)&nbsp;synthetase,85.3
1509403.GW12_25020,ureB,Pfam:&nbsp;Urease&nbsp;beta&nbsp;subunit,85.3
1509403.GW12_18910,GW12_18910,Chemotaxis&nbsp;protein&nbsp;CheY,85.2
1509403.GW12_17190,GW12_17190,1-acylglycerol-3-phosphate&nbsp;O-acyltransferase,85.1
1509403.GW12_02750,fabZ,3-hydroxyacyl-[acyl-carrier-protein]&nbsp;dehydratase&nbsp;FabZ,85.1
1509403.GW12_13270,purD,Phosphoribosylamine--glycine&nbsp;ligase,85.0
1509403.GW12_19310,GW12_19310,TIGRFAM:&nbsp;AcCoA-C-Actrans:&nbsp;acetyl-CoA&nbsp;C-acetyltransferase,85.0
1509403.GW12_17410,aroQ,3-dehydroquinate&nbsp;dehydratase,85.0
1509403.GW12_16940,GW12_16940,Uncharacterized&nbsp;protein,84.9
1509403.GW12_01140,GW12_01140,Phospho-2-dehydro-3-deoxyheptonate&nbsp;aldolase,84.9
1509403.GW12_02890,mutS,DNA&nbsp;mismatch&nbsp;repair&nbsp;protein&nbsp;MutS,84.9
1509403.GW12_17840,secB,Protein-export&nbsp;protein&nbsp;SecB,84.9
1509403.GW12_00080,GW12_00080,Pfam:&nbsp;Pyridoxal-dependent&nbsp;decarboxylase&nbsp;conserved&nbsp;domain,84.8
1509403.GW12_07560,purT,Formate-dependent&nbsp;phosphoribosylglycinamide&nbsp;formyltransferase,84.7
1509403.GW12_17100,GW12_17100,Pfam:&nbsp;Ribulose-phosphate&nbsp;3&nbsp;epimerase&nbsp;family,84.7
1509403.GW12_26650,gshB,"Pfam:&nbsp;Prokaryotic&nbsp;glutathione&nbsp;synthetase,&nbsp;N-terminal&nbsp;domain",84.5
1509403.GW12_21450,rpsS,30S&nbsp;ribosomal&nbsp;protein&nbsp;S19,84.5
1509403.GW12_28630,GW12_28630,Pfam:&nbsp;short&nbsp;chain&nbsp;dehydrogenase,84.2
1509403.GW12_03070,GW12_03070,Peptide&nbsp;deformylase,84.2
1509403.GW12_18300,GW12_18300,Uncharacterized&nbsp;protein,84.0
1509403.GW12_16440,GW12_16440,TIGRFAM:&nbsp;cit_synth_I:&nbsp;citrate&nbsp;(Si)-synthase,84.0
1509403.GW12_19620,GW12_19620,Pfam:&nbsp;Binding-protein-dependent&nbsp;transport&nbsp;system&nbsp;inner&nbsp;membrane&nbsp;component,84.0
1509403.GW12_01320,ftsY,Signal&nbsp;recognition&nbsp;particle&nbsp;receptor&nbsp;FtsY,83.8
1509403.GW12_20580,GW12_20580,Chemotaxis&nbsp;protein&nbsp;CheY,83.8
1509403.GW12_14520,GW12_14520,SMART:&nbsp;Chorismate&nbsp;mutase&nbsp;type&nbsp;II,83.8
1509403.GW12_05710,hemL,"TIGRFAM:&nbsp;hemL:&nbsp;glutamate-1-semialdehyde-2,1-aminomutase",83.7
1509403.GW12_19030,recB,RecBCD&nbsp;enzyme&nbsp;subunit&nbsp;RecB,83.7
1509403.GW12_27820,GW12_27820,PRINTS:&nbsp;Ribokinase&nbsp;signature,83.6
1509403.GW12_07080,GW12_07080,Uncharacterized&nbsp;protein,83.5
1509403.GW12_03570,purN,Phosphoribosylglycinamide&nbsp;formyltransferase,83.4
1509403.GW12_19700,GW12_19700,Nitrate&nbsp;reductase,83.4
1509403.GW12_26040,GW12_26040,Uncharacterized&nbsp;protein,83.3
1509403.GW12_12370,GW12_12370,PAS&nbsp;sensor&nbsp;protein,83.3
1509403.GW12_20280,GW12_20280,Uncharacterized&nbsp;protein,83.3
1509403.GW12_26430,GW12_26430,Lactoylglutathione&nbsp;lyase,83.1
1509403.GW12_18330,GW12_18330,Phenylacetate-coenzyme&nbsp;A&nbsp;ligase,83.0
1509403.GW12_02550,GW12_02550,Pfam:&nbsp;Methylenetetrahydrofolate&nbsp;reductase,82.8
1509403.GW12_24810,GW12_24810,"Benzoate&nbsp;1,2-dioxygenase&nbsp;electron&nbsp;transfer&nbsp;component",82.8
1509403.GW12_15450,sbcD,Nuclease&nbsp;SbcCD&nbsp;subunit&nbsp;D,82.5
1509403.GW12_02520,GW12_02520,Malate&nbsp;dehydrogenase&nbsp;(Oxaloacetate-darboxylating)&nbsp;(NADP+),82.4
1509403.GW12_21230,rplQ,TIGRFAM:&nbsp;L17:&nbsp;ribosomal&nbsp;protein&nbsp;L17,82.3
1509403.GW12_17750,macB,Macrolide&nbsp;export&nbsp;ATP-binding/permease&nbsp;protein&nbsp;MacB,82.3
1509403.GW12_02560,ahcY,Adenosylhomocysteinase,81.9
1509403.GW12_18060,purK,N5-carboxyaminoimidazole&nbsp;ribonucleotide&nbsp;synthase,81.9
1509403.GW12_11020,GW12_11020,TIGRFAM:&nbsp;cinA_cterm:&nbsp;competence/damage-inducible&nbsp;protein&nbsp;CinA&nbsp;C-terminal&nbsp;domain,81.8
1509403.GW12_15670,argA,Amino-acid&nbsp;acetyltransferase,81.7
1509403.GW12_20920,atpD,ATP&nbsp;synthase&nbsp;subunit&nbsp;beta,81.6
1509403.GW12_19570,GW12_19570,ABC&nbsp;transporter&nbsp;substrate-binding&nbsp;protein,81.4
1509403.GW12_24890,GW12_24890,Histidine&nbsp;kinase,81.4
1509403.GW12_22050,pepA,Probable&nbsp;cytosol&nbsp;aminopeptidase,81.3
1509403.GW12_04990,carA,PRINTS:&nbsp;Carbamoyl-phosphate&nbsp;synthase&nbsp;protein&nbsp;GATase&nbsp;domain&nbsp;signature,81.3
1509403.GW12_25280,gcvH,Glycine&nbsp;cleavage&nbsp;system&nbsp;H&nbsp;protein,81.1
1509403.GW12_22490,GW12_22490,Integration&nbsp;host&nbsp;factor&nbsp;subunit&nbsp;beta,80.9
1509403.GW12_24230,hemC,Porphobilinogen&nbsp;deaminase,80.8
1509403.GW12_22840,rpsP,TIGRFAM:&nbsp;S16:&nbsp;ribosomal&nbsp;protein&nbsp;S16,80.8
1509403.GW12_00540,nuoI,NADH-quinone&nbsp;oxidoreductase&nbsp;subunit&nbsp;I,80.8
1509403.GW12_13900,GW12_13900,Pfam:&nbsp;Penicillin&nbsp;binding&nbsp;protein&nbsp;transpeptidase&nbsp;domain,80.5
1509403.GW12_07640,GW12_07640,Uncharacterized&nbsp;protein,80.4
1509403.GW12_24110,fadB,Fatty&nbsp;acid&nbsp;oxidation&nbsp;complex&nbsp;subunit&nbsp;alpha,80.4
1509403.GW12_18240,GW12_18240,Pfam:&nbsp;Phenylacetic&nbsp;acid&nbsp;catabolic&nbsp;protein,80.3
1509403.GW12_15640,ssuD,Alkanesulfonate&nbsp;monooxygenase,80.1
1509403.GW12_18600,GW12_18600,Pfam:&nbsp;mce&nbsp;related&nbsp;protein,80.1
1509403.GW12_15890,dapA,4-hydroxy-tetrahydrodipicolinate&nbsp;synthase,80.0
1509403.GW12_21410,rpmC,Pfam:&nbsp;Ribosomal&nbsp;L29&nbsp;protein,79.9
1509403.GW12_19560,GW12_19560,TIGRFAM:&nbsp;allophanate_hyd:&nbsp;allophanate&nbsp;hydrolase,79.9
1509403.GW12_27680,GW12_27680,Iron-sulfur&nbsp;cluster&nbsp;assembly&nbsp;scaffold&nbsp;protein&nbsp;IscU,79.8
1509403.GW12_17500,GW12_17500,Uncharacterized&nbsp;protein,79.8
1509403.GW12_21980,GW12_21980,Uncharacterized&nbsp;protein,79.7
1509403.GW12_01260,GW12_01260,Uncharacterized&nbsp;protein,79.7
1509403.GW12_20150,ndk,Nucleoside&nbsp;diphosphate&nbsp;kinase,79.7
1509403.GW12_22950,GW12_22950,"Pfam:&nbsp;D-isomer&nbsp;specific&nbsp;2-hydroxyacid&nbsp;dehydrogenase,&nbsp;NAD&nbsp;binding&nbsp;domain",79.7
1509403.GW12_20520,GW12_20520,Uncharacterized&nbsp;protein,79.5
1509403.GW12_28120,GW12_28120,DNA-directed&nbsp;DNA&nbsp;polymerase,79.4
1509403.GW12_28110,GW12_28110,Pfam:&nbsp;Binding-protein-dependent&nbsp;transport&nbsp;system&nbsp;inner&nbsp;membrane&nbsp;component,79.3
1509403.GW12_18860,mutL,DNA&nbsp;mismatch&nbsp;repair&nbsp;protein&nbsp;MutL,79.2
1509403.GW12_25880,murE,"UDP-N-acetylmuramoyl-L-alanyl-D-glutamate--2,6-diaminopimelate&nbsp;ligase",79.1
1509403.GW12_08780,GW12_08780,Pfam:&nbsp;Aldehyde&nbsp;dehydrogenase&nbsp;family,79.1
1509403.GW12_16110,GW12_16110,Methionine&nbsp;synthase,79.1
1509403.GW12_28450,GW12_28450,Uncharacterized&nbsp;protein,79.0
1509403.GW12_10730,trpF,Pfam:&nbsp;N-(5'phosphoribosyl)anthranilate&nbsp;(PRA)&nbsp;isomerase,78.9
1509403.GW12_20930,atpC,ATP&nbsp;synthase&nbsp;epsilon&nbsp;chain,78.8
1509403.GW12_22000,GW12_22000,Chemotaxis&nbsp;protein&nbsp;CheY,78.8
1509403.GW12_14700,prs,Ribose-phosphate&nbsp;pyrophosphokinase,78.8
1509403.GW12_00300,GW12_00300,Uncharacterized&nbsp;protein,78.7
1509403.GW12_24240,GW12_24240,Pfam:&nbsp;Uroporphyrinogen-III&nbsp;synthase&nbsp;HemD,78.3
1509403.GW12_28480,GW12_28480,TIGRFAM:&nbsp;cysKM:&nbsp;cysteine&nbsp;synthase,78.2
1509403.GW12_00430,GW12_00430,Vitamin&nbsp;B12-dependent&nbsp;ribonucleotide&nbsp;reductase,78.1
1509403.GW12_05720,metK,S-adenosylmethionine&nbsp;synthase,78.0
1509403.GW12_25450,GW12_25450,Uncharacterized&nbsp;protein,77.9
1509403.GW12_16490,GW12_16490,Pfam:&nbsp;Dehydrogenase&nbsp;E1&nbsp;component,77.9
1509403.GW12_17430,GW12_17430,"Acetyl-CoA&nbsp;carboxylase,&nbsp;biotin&nbsp;carboxylase&nbsp;subunit",77.6
1509403.GW12_19000,GW12_19000,Uncharacterized&nbsp;protein,77.5
1509403.GW12_12800,GW12_12800,Uncharacterized&nbsp;protein,77.4
1509403.GW12_22230,lptD,LPS-assembly&nbsp;protein&nbsp;LptD,77.3
1509403.GW12_11920,GW12_11920,Uncharacterized&nbsp;protein,77.0
1509403.GW12_14100,thiL,Thiamine-monophosphate&nbsp;kinase,77.0
1509403.GW12_06730,lptE,LPS-assembly&nbsp;lipoprotein&nbsp;LptE,76.9
1509403.GW12_21660,GW12_21660,Pfam:&nbsp;Preprotein&nbsp;translocase&nbsp;SecG&nbsp;subunit,76.8
1509403.GW12_27690,iscS,Cysteine&nbsp;desulfurase&nbsp;IscS,76.8
1509403.GW12_16460,GW12_16460,Succinate&nbsp;dehydrogenase&nbsp;hydrophobic&nbsp;membrane&nbsp;anchor&nbsp;subunit,76.8
1509403.GW12_24910,GW12_24910,Uncharacterized&nbsp;protein,76.8
1509403.GW12_13570,gatA,Glutamyl-tRNA(Gln)&nbsp;amidotransferase&nbsp;subunit&nbsp;A,76.5
1509403.GW12_27190,GW12_27190,L-aspartate&nbsp;oxidase,76.3
1509403.GW12_00600,upp,Uracil&nbsp;phosphoribosyltransferase,76.3
1509403.GW12_08110,GW12_08110,Deoxyguanosinetriphosphate&nbsp;triphosphohydrolase-like&nbsp;protein,76.3
1509403.GW12_19200,GW12_19200,Uncharacterized&nbsp;protein,76.1
1509403.GW12_06140,GW12_06140,Histidine&nbsp;kinase,76.1
1509403.GW12_20830,znuC,Zinc&nbsp;import&nbsp;ATP-binding&nbsp;protein&nbsp;ZnuC,76.1
1509403.GW12_02840,pyrH,Uridylate&nbsp;kinase,76.1
1509403.GW12_28420,GW12_28420,Acyl&nbsp;carrier&nbsp;protein,76.1
1509403.GW12_15630,GW12_15630,Pfam:&nbsp;Binding-protein-dependent&nbsp;transport&nbsp;system&nbsp;inner&nbsp;membrane&nbsp;component,75.7
1509403.GW12_18760,GW12_18760,Pfam:&nbsp;3-Oxoacyl-[acyl-carrier-protein&nbsp;(ACP)]&nbsp;synthase&nbsp;III,75.7
1509403.GW12_02630,rpsT,30S&nbsp;ribosomal&nbsp;protein&nbsp;S20,75.5
1509403.GW12_08950,purF,Amidophosphoribosyltransferase,75.3
1509403.GW12_07890,GW12_07890,"TIGRFAM:&nbsp;3a0106s02:&nbsp;sulfate&nbsp;ABC&nbsp;transporter,&nbsp;permease&nbsp;protein",75.3
1509403.GW12_13670,himA,Integration&nbsp;host&nbsp;factor&nbsp;subunit&nbsp;alpha,75.3
1509403.GW12_21310,rpmD,Pfam:&nbsp;Ribosomal&nbsp;protein&nbsp;L30p/L7e,75.1
1509403.GW12_25030,ureA,"TIGRFAM:&nbsp;urease_gam:&nbsp;urease,&nbsp;gamma&nbsp;subunit",75.1
1509403.GW12_13420,GW12_13420,"(2E,6E)-farnesyl&nbsp;diphosphate&nbsp;synthase",75.0
1509403.GW12_00490,nuoC,NADH-quinone&nbsp;oxidoreductase&nbsp;subunit&nbsp;C/D,74.9
1509403.GW12_14480,ppc,Phosphoenolpyruvate&nbsp;carboxylase,74.9
1509403.GW12_15810,GW12_15810,Pfam:&nbsp;N-acetylmuramoyl-L-alanine&nbsp;amidase,74.9
1509403.GW12_08770,rpmG,Pfam:&nbsp;Ribosomal&nbsp;protein&nbsp;L33,74.8
1509403.GW12_11950,GW12_11950,"2-methylisocitrate&nbsp;dehydratase,&nbsp;Fe/S-dependent",74.7
1509403.GW12_26060,GW12_26060,Uncharacterized&nbsp;protein,74.6
1509403.GW12_21960,GW12_21960,Threonine&nbsp;synthase,74.6
1509403.GW12_16530,sucD,Succinate--CoA&nbsp;ligase&nbsp;[ADP-forming]&nbsp;subunit&nbsp;alpha,74.4
1509403.GW12_06370,GW12_06370,RNA&nbsp;polymerase&nbsp;sigma-54&nbsp;factor,74.4
1509403.GW12_23940,secE,Protein&nbsp;translocase&nbsp;subunit&nbsp;SecE,74.3
1509403.GW12_27030,GW12_27030,Pfam:&nbsp;Luciferase-like&nbsp;monooxygenase,74.3
1509403.GW12_21540,GW12_21540,Nitric&nbsp;oxide&nbsp;dioxygenase,74.2
1509403.GW12_23960,nadA,Quinolinate&nbsp;synthase&nbsp;A,74.1
1509403.GW12_07320,GW12_07320,Pfam:&nbsp;Ureidoglycolate&nbsp;hydrolase,74.0
1509403.GW12_14060,GW12_14060,Pfam:&nbsp;Aldehyde&nbsp;dehydrogenase&nbsp;family,73.8
1509403.GW12_16020,GW12_16020,Thiosulfate&nbsp;sulfurtransferase,73.6
1509403.GW12_20880,atpF,ATP&nbsp;synthase&nbsp;subunit&nbsp;b,73.6
1509403.GW12_20820,GW12_20820,DNA&nbsp;repair&nbsp;protein&nbsp;HhH-GPD,73.5
1509403.GW12_17970,proA,Gamma-glutamyl&nbsp;phosphate&nbsp;reductase,73.3
1509403.GW12_04080,GW12_04080,Uncharacterized&nbsp;protein,73.3
1509403.GW12_04440,polA,DNA&nbsp;polymerase&nbsp;I,73.3
1509403.GW12_24200,argH,Pfam:&nbsp;Lyase,73.2
1509403.GW12_28920,GW12_28920,Uncharacterized&nbsp;protein,73.2
1509403.GW12_00400,mnmE,tRNA&nbsp;modification&nbsp;GTPase&nbsp;MnmE,72.8
1509403.GW12_12280,GW12_12280,Uncharacterized&nbsp;protein,72.8
1509403.GW12_02870,GW12_02870,Nitrogen&nbsp;regulation&nbsp;protein&nbsp;NR(I),72.7
1509403.GW12_07100,GW12_07100,Adenine&nbsp;deaminase,72.7
1509403.GW12_16500,GW12_16500,Dihydrolipoyllysine-residue&nbsp;succinyltransferase&nbsp;component&nbsp;of&nbsp;2-oxoglutarate&nbsp;dehydrogenase&nbsp;complex,72.6
1509403.GW12_21350,rpsH,30S&nbsp;ribosomal&nbsp;protein&nbsp;S8,72.6
1509403.GW12_27630,GW12_27630,Guanylate&nbsp;cyclase,72.6
1509403.GW12_19750,GW12_19750,Molybdenum&nbsp;cofactor&nbsp;biosynthesis&nbsp;protein&nbsp;C,72.6
1509403.GW12_00500,GW12_00500,Uncharacterized&nbsp;protein,72.5
1509403.GW12_16780,groL,60&nbsp;kDa&nbsp;chaperonin,72.5
1509403.GW12_21400,rpsQ,30S&nbsp;ribosomal&nbsp;protein&nbsp;S17,72.2
1509403.GW12_21290,secY,Protein&nbsp;translocase&nbsp;subunit&nbsp;SecY,72.2
1509403.GW12_12750,glcB,Malate&nbsp;synthase&nbsp;G,72.1
1509403.GW12_25060,ureF,Urease&nbsp;accessory&nbsp;protein&nbsp;UreF,72.1
1509403.GW12_22730,GW12_22730,SMART:&nbsp;Region&nbsp;found&nbsp;in&nbsp;RelA&nbsp;/&nbsp;SpoT&nbsp;proteins,71.8
1509403.GW12_28270,GW12_28270,Uncharacterized&nbsp;protein,71.8
1509403.GW12_21300,rplO,50S&nbsp;ribosomal&nbsp;protein&nbsp;L15,71.7
1509403.GW12_22040,GW12_22040,Uncharacterized&nbsp;protein,71.5
1509403.GW12_26450,rpmE,50S&nbsp;ribosomal&nbsp;protein&nbsp;L31,71.5
1509403.GW12_04110,asd,Aspartate-semialdehyde&nbsp;dehydrogenase,71.4
1509403.GW12_13660,pheT,Phenylalanine--tRNA&nbsp;ligase&nbsp;beta&nbsp;subunit,71.3
1509403.GW12_03470,fbp,"PRINTS:&nbsp;Fructose-1,6-bisphosphatase&nbsp;signature",71.3
1509403.GW12_26980,acsA,Acetyl-coenzyme&nbsp;A&nbsp;synthetase,71.3
1509403.GW12_18310,GW12_18310,Uncharacterized&nbsp;protein,71.2
1509403.GW12_26630,pyrE,Orotate&nbsp;phosphoribosyltransferase,71.1
1509403.GW12_18050,GW12_18050,Lytic&nbsp;transglycosylase,71.1
1509403.GW12_18900,GW12_18900,Pfam:&nbsp;His&nbsp;Kinase&nbsp;A&nbsp;(phospho-acceptor)&nbsp;domain,71.0
1509403.GW12_15870,purC,TIGRFAM:&nbsp;purC:&nbsp;phosphoribosylaminoimidazolesuccinocarboxamide&nbsp;synthase,70.9
1509403.GW12_01400,GW12_01400,Tryptophan&nbsp;synthase&nbsp;beta&nbsp;chain,70.9
1509403.GW12_09720,GW12_09720,Orotidine-5'-phosphate&nbsp;darboxylase,70.9
1509403.GW12_27040,GW12_27040,TIGRFAM:&nbsp;FMN_reduc_MsuE:&nbsp;FMN&nbsp;reductase,70.8
1509403.GW12_05080,aroA,3-phosphoshikimate&nbsp;1-carboxyvinyltransferase,70.7
1509403.GW12_03370,GW12_03370,SMART:&nbsp;Histidine&nbsp;kinase-like&nbsp;ATPases,70.7
1509403.GW12_16470,GW12_16470,"TIGRFAM:&nbsp;sdhA_forward:&nbsp;succinate&nbsp;dehydrogenase,&nbsp;flavoprotein&nbsp;subunit",70.7
1509403.GW12_07040,rplU,50S&nbsp;ribosomal&nbsp;protein&nbsp;L21,70.7
1509403.GW12_22480,GW12_22480,30S&nbsp;ribosomal&nbsp;protein&nbsp;S1,70.6
1509403.GW12_26700,ddl,D-alanine--D-alanine&nbsp;ligase,70.5
1509403.GW12_20890,atpH,ATP&nbsp;synthase&nbsp;subunit&nbsp;delta,70.4
1509403.GW12_04940,GW12_04940,annotation&nbsp;not&nbsp;available,70.4
1509403.GW12_02780,bamA,Outer&nbsp;membrane&nbsp;protein&nbsp;assembly&nbsp;factor&nbsp;BamA,70.4
1509403.GW12_07050,GW12_07050,Uncharacterized&nbsp;protein,70.3
1509403.GW12_04980,carB,"TIGRFAM:&nbsp;CPSaseII_lrg:&nbsp;carbamoyl-phosphate&nbsp;synthase,&nbsp;large&nbsp;subunit",70.3
1509403.GW12_25860,mraY,Phospho-N-acetylmuramoyl-pentapeptide-transferase,70.2
1509403.GW12_06550,GW12_06550,annotation&nbsp;not&nbsp;available,70.1
1509403.GW12_23360,GW12_23360,Uncharacterized&nbsp;protein,69.9
1509403.GW12_20560,GW12_20560,Uncharacterized&nbsp;protein,69.8
1509403.GW12_17920,GW12_17920,Diguanylate&nbsp;cyclase,69.7
1509403.GW12_13260,purH,Bifunctional&nbsp;purine&nbsp;biosynthesis&nbsp;protein&nbsp;PurH,69.7
1509403.GW12_02680,GW12_02680,Uncharacterized&nbsp;protein,69.6
1509403.GW12_19040,recD,RecBCD&nbsp;enzyme&nbsp;subunit&nbsp;RecD,69.4
1509403.GW12_21240,rpoA,DNA-directed&nbsp;RNA&nbsp;polymerase&nbsp;subunit&nbsp;alpha,69.3
1509403.GW12_15020,GW12_15020,"Pfam:&nbsp;Histidine&nbsp;kinase-,&nbsp;DNA&nbsp;gyrase&nbsp;B-,&nbsp;and&nbsp;HSP90-like&nbsp;ATPase",69.2
1509403.GW12_09340,GW12_09340,"TIGRFAM:&nbsp;yajC:&nbsp;preprotein&nbsp;translocase,&nbsp;YajC&nbsp;subunit",69.1
1509403.GW12_27340,GW12_27340,Uncharacterized&nbsp;protein,69.1
1509403.GW12_05120,GW12_05120,Uncharacterized&nbsp;protein,68.8
1509403.GW12_00120,GW12_00120,Uncharacterized&nbsp;protein,68.8
1509403.GW12_07900,GW12_07900,"TIGRFAM:&nbsp;3a0106s02:&nbsp;sulfate&nbsp;ABC&nbsp;transporter,&nbsp;permease&nbsp;protein",68.8
1509403.GW12_29140,hisF,Imidazole&nbsp;glycerol&nbsp;phosphate&nbsp;synthase&nbsp;subunit&nbsp;HisF,68.8
1509403.GW12_22340,GW12_22340,Uncharacterized&nbsp;protein,68.8
1509403.GW12_20130,GW12_20130,Pfam:&nbsp;Tetratricopeptide&nbsp;repeat,68.6
1509403.GW12_08920,GW12_08920,Uncharacterized&nbsp;protein,68.5
1509403.GW12_18610,GW12_18610,Uncharacterized&nbsp;protein,68.4
1509403.GW12_20700,GW12_20700,PRINTS:&nbsp;FIS&nbsp;bacterial&nbsp;regulatory&nbsp;protein&nbsp;HTH&nbsp;signature,68.4
1509403.GW12_29300,GW12_29300,TIGRFAM:&nbsp;cbbA:&nbsp;ketose-bisphosphate&nbsp;aldolase,68.4
1509403.GW12_27700,GW12_27700,Transcriptional&nbsp;regulator,68.4
1509403.GW12_13560,gatC,Aspartyl/glutamyl-tRNA(Asn/Gln)&nbsp;amidotransferase&nbsp;subunit&nbsp;C,68.3
1509403.GW12_22120,nrdR,Transcriptional&nbsp;repressor&nbsp;NrdR,68.2
1509403.GW12_24100,fadA,3-ketoacyl-CoA&nbsp;thiolase,68.2
1509403.GW12_18250,GW12_18250,Pfam:&nbsp;Phenylacetic&nbsp;acid&nbsp;degradation&nbsp;B,68.0
1509403.GW12_17340,GW12_17340,Sulfur&nbsp;relay&nbsp;protein&nbsp;TusD/DsrE,67.9
1509403.GW12_27640,GW12_27640,"Ferredoxin,&nbsp;2Fe-2S&nbsp;type,&nbsp;ISC&nbsp;system&nbsp;protein",67.8
1509403.GW12_26390,argD,"TIGRFAM:&nbsp;argD:&nbsp;transaminase,&nbsp;acetylornithine/succinylornithine&nbsp;family",67.8
1509403.GW12_22510,pyrF,Orotidine&nbsp;5'-phosphate&nbsp;decarboxylase,67.8
1509403.GW12_19480,GW12_19480,Pfam:&nbsp;Biotin&nbsp;carboxylase&nbsp;C-terminal&nbsp;domain,67.7
1509403.GW12_21260,rpsK,30S&nbsp;ribosomal&nbsp;protein&nbsp;S11,67.6
1509403.GW12_04190,leuB,3-isopropylmalate&nbsp;dehydrogenase,67.5
1509403.GW12_14080,ribH,"6,7-dimethyl-8-ribityllumazine&nbsp;synthase",67.5
1509403.GW12_13830,aroB,3-dehydroquinate&nbsp;synthase,67.5
1509403.GW12_17740,GW12_17740,Uncharacterized&nbsp;protein,67.4
1509403.GW12_16620,cysD,"TIGRFAM:&nbsp;CysD:&nbsp;sulfate&nbsp;adenylyltransferase,&nbsp;small&nbsp;subunit",67.3
1509403.GW12_26330,GW12_26330,Serine-type&nbsp;D-Ala-D-Ala&nbsp;carboxypeptidase,67.2
1509403.GW12_19400,GW12_19400,Pfam:&nbsp;Domain&nbsp;of&nbsp;unknown&nbsp;function&nbsp;(DUF3458),67.2
1509403.GW12_06160,GW12_06160,Uncharacterized&nbsp;protein,67.2
1509403.GW12_21370,rplE,50S&nbsp;ribosomal&nbsp;protein&nbsp;L5,67.2
1509403.GW12_19790,GW12_19790,Pfam:&nbsp;ABC&nbsp;transporter,67.0
1509403.GW12_15320,GW12_15320,Uncharacterized&nbsp;protein,66.9
1509403.GW12_28390,GW12_28390,Uncharacterized&nbsp;protein,66.9
1509403.GW12_28590,GW12_28590,Molybdopterin&nbsp;biosynthesis&nbsp;protein,66.5
1509403.GW12_03910,ffh,Signal&nbsp;recognition&nbsp;particle&nbsp;protein,66.5
1509403.GW12_08200,GW12_08200,Uncharacterized&nbsp;protein,66.5
1509403.GW12_28100,metN,Methionine&nbsp;import&nbsp;ATP-binding&nbsp;protein&nbsp;MetN,66.3
1509403.GW12_01500,GW12_01500,Uncharacterized&nbsp;protein,66.3
1509403.GW12_28560,GW12_28560,2-amino-4-hydroxy-6-hydroxymethyldihydropteridine&nbsp;diphosphokinase,66.2
1509403.GW12_21200,GW12_21200,Uncharacterized&nbsp;protein,66.1
1509403.GW12_21640,nusA,Transcription&nbsp;termination/antitermination&nbsp;protein&nbsp;NusA,65.9
1509403.GW12_20860,atpB,ATP&nbsp;synthase&nbsp;subunit&nbsp;a,65.9
1509403.GW12_27070,GW12_27070,Pfam:&nbsp;His&nbsp;Kinase&nbsp;A&nbsp;(phospho-acceptor)&nbsp;domain,65.9
1509403.GW12_17330,GW12_17330,Pfam:&nbsp;UDP-glucose&nbsp;4-epimerase&nbsp;C-term&nbsp;subunit,65.8
1509403.GW12_20500,guaA,GMP&nbsp;synthase&nbsp;[glutamine-hydrolyzing],65.6
1509403.GW12_05340,dnaX,DNA&nbsp;polymerase&nbsp;III&nbsp;subunit&nbsp;gamma/tau,65.5
1509403.GW12_16870,mrdA,"Peptidoglycan&nbsp;D,D-transpeptidase&nbsp;MrdA",65.4
1509403.GW12_18010,GW12_18010,Fumarate&nbsp;hydratase&nbsp;class&nbsp;I,65.0
1509403.GW12_02300,GW12_02300,Aspartate&nbsp;transaminase,64.9
1509403.GW12_13440,GW12_13440,Uncharacterized&nbsp;protein,64.8
1509403.GW12_15380,bamE,Outer&nbsp;membrane&nbsp;protein&nbsp;assembly&nbsp;factor&nbsp;BamE,64.8
1509403.GW12_16450,GW12_16450,"TIGRFAM:&nbsp;succ_dehyd_cytB:&nbsp;succinate&nbsp;dehydrogenase,&nbsp;cytochrome&nbsp;b556&nbsp;subunit",64.8
1509403.GW12_22440,GW12_22440,Uncharacterized&nbsp;protein,64.6
1509403.GW12_27020,GW12_27020,"TIGRFAM:&nbsp;ribE:&nbsp;riboflavin&nbsp;synthase,&nbsp;alpha&nbsp;subunit",64.6
1509403.GW12_23970,argJ,Arginine&nbsp;biosynthesis&nbsp;bifunctional&nbsp;protein&nbsp;ArgJ,64.5
1509403.GW12_07500,GW12_07500,Uncharacterized&nbsp;protein,64.4
1509403.GW12_00210,dnaK,Chaperone&nbsp;protein&nbsp;DnaK,64.1
1509403.GW12_10450,GW12_10450,Uncharacterized&nbsp;protein,64.1
1509403.GW12_15010,GW12_15010,Glycine&nbsp;cleavage&nbsp;system&nbsp;T&nbsp;protein,64.0
1509403.GW12_19630,GW12_19630,Uncharacterized&nbsp;protein,64.0
1509403.GW12_21330,rplR,50S&nbsp;ribosomal&nbsp;protein&nbsp;L18,64.0
1509403.GW12_13720,accA,Acetyl-coenzyme&nbsp;A&nbsp;carboxylase&nbsp;carboxyl&nbsp;transferase&nbsp;subunit&nbsp;alpha,64.0
1509403.GW12_19340,GW12_19340,Transaldolase,63.9
1509403.GW12_05910,GW12_05910,Uncharacterized&nbsp;protein,63.8
1509403.GW12_07700,xpt,Xanthine&nbsp;phosphoribosyltransferase,63.8
1509403.GW12_08030,GW12_08030,Uncharacterized&nbsp;protein,63.7
1509403.GW12_08210,GW12_08210,annotation&nbsp;not&nbsp;available,63.4
1509403.GW12_29060,hisH,Imidazole&nbsp;glycerol&nbsp;phosphate&nbsp;synthase&nbsp;subunit&nbsp;HisH,63.4
1509403.GW12_28280,GW12_28280,Uncharacterized&nbsp;protein,63.4
1509403.GW12_14860,rpoD,RNA&nbsp;polymerase&nbsp;sigma&nbsp;factor&nbsp;RpoD,63.2
1509403.GW12_28790,GW12_28790,"TIGRFAM:&nbsp;CyoC:&nbsp;cytochrome&nbsp;o&nbsp;ubiquinol&nbsp;oxidase,&nbsp;subunit&nbsp;III",63.1
1509403.GW12_03030,GW12_03030,Arabinose&nbsp;5-phosphate&nbsp;isomerase,62.9
1509403.GW12_16950,GW12_16950,Pfam:&nbsp;Glutamate/Leucine/Phenylalanine/Valine&nbsp;dehydrogenase,62.8
1509403.GW12_02280,rpsB,Pfam:&nbsp;Ribosomal&nbsp;protein&nbsp;S2,62.7
1509403.GW12_21470,rplW,50S&nbsp;ribosomal&nbsp;protein&nbsp;L23,62.7
1509403.GW12_19460,GW12_19460,Pfam:&nbsp;Domain&nbsp;of&nbsp;unknown&nbsp;function&nbsp;(DUF1989),62.6
1509403.GW12_21800,GW12_21800,Uncharacterized&nbsp;protein,62.6
1509403.GW12_15850,GW12_15850,Uncharacterized&nbsp;protein,62.3
1509403.GW12_28750,GW12_28750,Phosphoenolpyruvate&nbsp;synthase,62.3
1509403.GW12_06270,dcd,TIGRFAM:&nbsp;dCTP_deam:&nbsp;deoxycytidine&nbsp;triphosphate&nbsp;deaminase,62.2
1509403.GW12_02360,glsA,Pfam:&nbsp;Glutaminase,62.2
1509403.GW12_02140,GW12_02140,TIGRFAM:&nbsp;pssA:&nbsp;CDP-diacylglycerol-serine&nbsp;O-phosphatidyltransferase,62.2
1509403.GW12_17540,GW12_17540,"TIGRFAM:&nbsp;HEQRo_perm_3TM:&nbsp;amino&nbsp;ABC&nbsp;transporter,&nbsp;permease&nbsp;protein,&nbsp;3-TM&nbsp;region,&nbsp;His/Glu/Gln/Arg/opine&nbsp;family",62.1
1509403.GW12_17830,GW12_17830,Glutaredoxin,61.8
1509403.GW12_14160,pgi,PRINTS:&nbsp;Glucose-6-phosphate&nbsp;isomerase&nbsp;signature,61.8
1509403.GW12_22470,cmk,Pfam:&nbsp;Cytidylate&nbsp;kinase,61.4
1509403.GW12_04660,GW12_04660,Uncharacterized&nbsp;protein,61.3
1509403.GW12_12810,GW12_12810,"Pfam:&nbsp;3-hydroxyacyl-CoA&nbsp;dehydrogenase,&nbsp;NAD&nbsp;binding&nbsp;domain",61.2
1509403.GW12_01710,GW12_01710,Uncharacterized&nbsp;protein,61.1
1509403.GW12_24790,GW12_24790,"Benzoate&nbsp;1,2-dioxygenase&nbsp;subunit&nbsp;alpha",61.1
1509403.GW12_02530,GW12_02530,Uncharacterized&nbsp;protein,61.0
1509403.GW12_21950,GW12_21950,Pfam:&nbsp;Homoserine&nbsp;dehydrogenase,60.9
1509403.GW12_06700,GW12_06700,Acetolactate&nbsp;synthase,60.9
1509403.GW12_21390,rplN,50S&nbsp;ribosomal&nbsp;protein&nbsp;L14,60.8
1509403.GW12_16760,pckG,Phosphoenolpyruvate&nbsp;carboxykinase&nbsp;[GTP],60.8
1509403.GW12_21380,rplX,50S&nbsp;ribosomal&nbsp;protein&nbsp;L24,60.7
1509403.GW12_26110,GW12_26110,TIGRFAM:&nbsp;HGPRTase:&nbsp;hypoxanthine&nbsp;phosphoribosyltransferase,60.7
1509403.GW12_07260,GW12_07260,Pfam:&nbsp;Periplasmic&nbsp;binding&nbsp;protein&nbsp;domain,60.6
1509403.GW12_21210,GW12_21210,"Pfam:&nbsp;Acyl-CoA&nbsp;dehydrogenase,&nbsp;N-terminal&nbsp;domain",60.6
1509403.GW12_19080,GW12_19080,Pfam:&nbsp;MerR&nbsp;HTH&nbsp;family&nbsp;regulatory&nbsp;protein,60.6
1509403.GW12_15210,GW12_15210,Thioredoxin&nbsp;reductase,60.6
1509403.GW12_17990,GW12_17990,Phosphate&nbsp;acetyltransferase,60.6
1509403.GW12_19720,moaA,"GTP&nbsp;3',8-cyclase",60.5
1509403.GW12_07520,GW12_07520,PRINTS:&nbsp;Glutathione&nbsp;peroxidase&nbsp;family&nbsp;signature,60.3
1509403.GW12_06150,GW12_06150,PRINTS:&nbsp;Bacterial&nbsp;chemotaxis&nbsp;sensory&nbsp;transducer&nbsp;signature,60.3
1509403.GW12_19470,GW12_19470,Pfam:&nbsp;Domain&nbsp;of&nbsp;unknown&nbsp;function&nbsp;(DUF1989),59.9
1509403.GW12_24440,GW12_24440,Uncharacterized&nbsp;protein,59.9
1509403.GW12_24220,GW12_24220,Uncharacterized&nbsp;protein,59.8
1509403.GW12_20260,GW12_20260,Glutamate&nbsp;synthase&nbsp;large&nbsp;subunit-like&nbsp;protein,59.6
1509403.GW12_09160,GW12_09160,Phosphoglycolate&nbsp;phosphatase,59.5
1509403.GW12_07540,GW12_07540,TIGRFAM:&nbsp;DapC_gpp:&nbsp;succinyldiaminopimelate&nbsp;transaminase,59.4
1509403.GW12_12770,GW12_12770,Uncharacterized&nbsp;protein,59.2
1509403.GW12_10410,GW12_10410,PRINTS:&nbsp;Short-chain&nbsp;dehydrogenase/reductase&nbsp;(SDR)&nbsp;superfamily&nbsp;signature,59.2
1509403.GW12_21840,cpdA,"3',5'-cyclic&nbsp;adenosine&nbsp;monophosphate&nbsp;phosphodiesterase&nbsp;CpdA",59.2
1509403.GW12_13790,GW12_13790,Glutamate&nbsp;synthase&nbsp;[NADPH]&nbsp;small&nbsp;chain,59.0
1509403.GW12_00390,yidC,Membrane&nbsp;protein&nbsp;insertase&nbsp;YidC,58.9
1509403.GW12_12140,GW12_12140,Transketolase,58.9
1509403.GW12_14140,GW12_14140,Phosphomannomutase,58.7
1509403.GW12_14070,GW12_14070,"3,4-dihydroxy-2-butanone&nbsp;4-phosphate&nbsp;synthase",58.6
1509403.GW12_05210,GW12_05210,SMART:&nbsp;His&nbsp;Kinase&nbsp;A&nbsp;(phosphoacceptor)&nbsp;domain,58.6
1509403.GW12_00370,rpmH,TIGRFAM:&nbsp;rpmH_bact:&nbsp;ribosomal&nbsp;protein&nbsp;L34,58.5
1509403.GW12_19910,ilvE,Branched-chain-amino-acid&nbsp;aminotransferase,58.4
1509403.GW12_23920,rplK,50S&nbsp;ribosomal&nbsp;protein&nbsp;L11,58.3
1509403.GW12_26270,GW12_26270,Catalase,58.3
1509403.GW12_15620,GW12_15620,Aliphatic&nbsp;sulfonate&nbsp;ABC&nbsp;transporter&nbsp;ATP-binding&nbsp;protein,58.1
1509403.GW12_04520,GW12_04520,"Pfam:&nbsp;Sarcosine&nbsp;oxidase,&nbsp;gamma&nbsp;subunit&nbsp;family",58.1
1509403.GW12_17980,ackA,Acetate&nbsp;kinase,58.0
1509403.GW12_23870,rpoC,DNA-directed&nbsp;RNA&nbsp;polymerase&nbsp;subunit&nbsp;beta,57.9
1509403.GW12_21480,rplD,50S&nbsp;ribosomal&nbsp;protein&nbsp;L4,57.9
1509403.GW12_23320,GW12_23320,"Pfam:&nbsp;Type&nbsp;II&nbsp;secretion&nbsp;system&nbsp;(T2SS),&nbsp;protein&nbsp;G",57.8
1509403.GW12_28830,rpsR,30S&nbsp;ribosomal&nbsp;protein&nbsp;S18,57.8
1509403.GW12_17940,nagZ,Beta-hexosaminidase,57.6
1509403.GW12_24330,GW12_24330,"Pfam:&nbsp;Glutathione&nbsp;S-transferase,&nbsp;C-terminal&nbsp;domain",57.6
1509403.GW12_24210,GW12_24210,Alginate&nbsp;biosynthesis&nbsp;protein,57.4
1509403.GW12_28090,GW12_28090,Pfam:&nbsp;NLPA&nbsp;lipoprotein,57.3
1509403.GW12_21940,GW12_21940,Thiol:disulfide&nbsp;interchange&nbsp;protein,57.3
1509403.GW12_20290,GW12_20290,"Pfam:&nbsp;Glutamine&nbsp;synthetase,&nbsp;catalytic&nbsp;domain",57.3
1509403.GW12_05770,GW12_05770,2-nitropropane&nbsp;dioxygenase,57.3
1509403.GW12_09150,GW12_09150,Signal&nbsp;peptide&nbsp;protein,57.2
1509403.GW12_14900,GW12_14900,Uncharacterized&nbsp;protein,57.2
1509403.GW12_22090,GW12_22090,"TIGRFAM:&nbsp;ribE:&nbsp;riboflavin&nbsp;synthase,&nbsp;alpha&nbsp;subunit",56.9
1509403.GW12_19760,GW12_19760,Molybdenum&nbsp;cofactor&nbsp;biosynthesis&nbsp;protein&nbsp;MoaA,56.9
1509403.GW12_08580,GW12_08580,Pfam:&nbsp;Aconitate&nbsp;hydratase&nbsp;2&nbsp;N-terminus,56.8
1509403.GW12_21320,rpsE,30S&nbsp;ribosomal&nbsp;protein&nbsp;S5,56.7
1509403.GW12_07270,GW12_07270,"Urea&nbsp;ABC&nbsp;transporter,&nbsp;permease&nbsp;UrtB",56.5
1509403.GW12_14090,nusB,Transcription&nbsp;antitermination&nbsp;protein&nbsp;NusB,56.5
1509403.GW12_19670,GW12_19670,MFS&nbsp;transporter,56.5
1509403.GW12_18690,plsB,TIGRFAM:&nbsp;plsB:&nbsp;glycerol-3-phosphate&nbsp;O-acyltransferase,56.4
1509403.GW12_19650,GW12_19650,Uncharacterized&nbsp;protein,56.4
1509403.GW12_23900,rplJ,50S&nbsp;ribosomal&nbsp;protein&nbsp;L10,56.4
1509403.GW12_19060,pnp,Polyribonucleotide&nbsp;nucleotidyltransferase,56.3
1509403.GW12_10390,rpmF,Pfam:&nbsp;Ribosomal&nbsp;L32p&nbsp;protein&nbsp;family,56.3
1509403.GW12_25130,GW12_25130,Transcriptional&nbsp;regulator,56.3
1509403.GW12_16770,groS,10&nbsp;kDa&nbsp;chaperonin,55.9
1509403.GW12_09450,GW12_09450,Uncharacterized&nbsp;protein,55.9
1509403.GW12_02990,GW12_02990,Uncharacterized&nbsp;protein,55.7
1509403.GW12_14670,hemA,Glutamyl-tRNA&nbsp;reductase,55.6
1509403.GW12_06340,metG,Methionine--tRNA&nbsp;ligase,55.5
1509403.GW12_20080,bamB,Outer&nbsp;membrane&nbsp;protein&nbsp;assembly&nbsp;factor&nbsp;BamB,55.5
1509403.GW12_20530,GW12_20530,Uncharacterized&nbsp;protein,55.4
1509403.GW12_04220,leuC,3-isopropylmalate&nbsp;dehydratase&nbsp;large&nbsp;subunit,55.2
1509403.GW12_27880,ilvA,L-threonine&nbsp;dehydratase,55.2
1509403.GW12_18280,GW12_18280,"Phenylacetate-CoA&nbsp;oxygenase/reductase,&nbsp;PaaK&nbsp;subunit",55.1
1509403.GW12_22030,GW12_22030,Permease,55.1
1509403.GW12_20170,GW12_20170,Uncharacterized&nbsp;protein,55.0
1509403.GW12_23880,rpoB,DNA-directed&nbsp;RNA&nbsp;polymerase&nbsp;subunit&nbsp;beta,54.9
1509403.GW12_21670,tpiA,Triosephosphate&nbsp;isomerase,54.9
1509403.GW12_02660,GW12_02660,Uncharacterized&nbsp;protein,54.8
1509403.GW12_09590,GW12_09590,Aspartokinase,54.5
1509403.GW12_19730,GW12_19730,Uncharacterized&nbsp;protein,54.4
1509403.GW12_16720,GW12_16720,Bifunctional&nbsp;protein&nbsp;FolD,54.4
1509403.GW12_22380,GW12_22380,Uncharacterized&nbsp;protein,54.3
1509403.GW12_14200,GW12_14200,Uncharacterized&nbsp;protein,54.2
1509403.GW12_20850,GW12_20850,Pfam:&nbsp;Periplasmic&nbsp;solute&nbsp;binding&nbsp;protein&nbsp;family,54.2
1509403.GW12_28510,GW12_28510,Uncharacterized&nbsp;protein,54.1
1509403.GW12_17420,GW12_17420,Biotin&nbsp;carboxyl&nbsp;carrier&nbsp;protein&nbsp;of&nbsp;acetyl-CoA&nbsp;carboxylase,54.0
1509403.GW12_27920,GW12_27920,Sulfurtransferase,53.7
1509403.GW12_17460,GW12_17460,Pfam:&nbsp;Amidase,53.6
1509403.GW12_11720,GW12_11720,(4Fe-4S)-binding&nbsp;protein,53.5
1509403.GW12_24520,GW12_24520,Uncharacterized&nbsp;protein,53.5
1509403.GW12_22740,rpoZ,DNA-directed&nbsp;RNA&nbsp;polymerase&nbsp;subunit&nbsp;omega,53.3
1509403.GW12_01760,ribA,GTP&nbsp;cyclohydrolase-2,53.1
1509403.GW12_09140,GW12_09140,PRINTS:&nbsp;Bacterial&nbsp;general&nbsp;secretion&nbsp;pathway&nbsp;protein&nbsp;D&nbsp;signature,52.9
1509403.GW12_25150,GW12_25150,Cysteine&nbsp;synthase,52.8
1509403.GW12_10720,GW12_10720,Tryptophan&nbsp;synthase&nbsp;beta&nbsp;chain,52.8
1509403.GW12_25890,ftsI,"Peptidoglycan&nbsp;D,D-transpeptidase&nbsp;FtsI",52.7
1509403.GW12_17450,GW12_17450,Uncharacterized&nbsp;protein,52.6
1509403.GW12_28040,prpB,2-methylisocitrate&nbsp;lyase,52.5
1509403.GW12_14180,GW12_14180,TIGRFAM:&nbsp;galU:&nbsp;UTP-glucose-1-phosphate&nbsp;uridylyltransferase,52.4
1509403.GW12_21490,rplC,50S&nbsp;ribosomal&nbsp;protein&nbsp;L3,52.3
1509403.GW12_18580,GW12_18580,Organic&nbsp;solvent&nbsp;ABC&nbsp;transporter&nbsp;ATP-binding&nbsp;protein,52.2
1509403.GW12_06460,infC,Translation&nbsp;initiation&nbsp;factor&nbsp;IF-3,52.2
1509403.GW12_29320,pgk,Pfam:&nbsp;Phosphoglycerate&nbsp;kinase,52.2
1509403.GW12_15440,GW12_15440,Uncharacterized&nbsp;protein,52.2
1509403.GW12_21860,gluQ,Glutamyl-Q&nbsp;tRNA(Asp)&nbsp;synthetase,51.8
1509403.GW12_07280,GW12_07280,Pfam:&nbsp;Branched-chain&nbsp;amino&nbsp;acid&nbsp;transport&nbsp;system&nbsp;/&nbsp;permease&nbsp;component,51.6
1509403.GW12_04510,GW12_04510,"Sarcosine&nbsp;oxidase,&nbsp;subunit&nbsp;alpha",51.5
1509403.GW12_17140,uppP,Undecaprenyl-diphosphatase,51.4
1509403.GW12_28140,GW12_28140,TIGRFAM:&nbsp;cysE:&nbsp;serine&nbsp;O-acetyltransferase,51.4
1509403.GW12_19680,GW12_19680,"Nitrite&nbsp;reductase&nbsp;[NAD(P)H],&nbsp;large&nbsp;subunit",51.4
1509403.GW12_18290,GW12_18290,Uncharacterized&nbsp;protein,51.4
1509403.GW12_29130,thrB,Homoserine&nbsp;kinase,51.4
1509403.GW12_17370,GW12_17370,Sulfurtransferase,51.3
1509403.GW12_28150,GW12_28150,annotation&nbsp;not&nbsp;available,51.3
1509403.GW12_24450,pyrB,PRINTS:&nbsp;Aspartate&nbsp;carbamoyltransferase&nbsp;signature,51.3
1509403.GW12_06690,GW12_06690,Pfam:&nbsp;ACT&nbsp;domain,51.3
1509403.GW12_25870,murF,UDP-N-acetylmuramoyl-tripeptide--D-alanyl-D-alanine&nbsp;ligase,51.3
1509403.GW12_13620,rplT,50S&nbsp;ribosomal&nbsp;protein&nbsp;L20,51.2
1509403.GW12_19020,recC,RecBCD&nbsp;enzyme&nbsp;subunit&nbsp;RecC,51.2
1509403.GW12_25320,GW12_25320,Phospho-2-dehydro-3-deoxyheptonate&nbsp;aldolase,51.1
1509403.GW12_01090,purA,Adenylosuccinate&nbsp;synthetase,51.0
1509403.GW12_25990,GW12_25990,Uncharacterized&nbsp;protein,51.0
