883066.HMPREF9233_01337,ackA,Acetate&nbsp;kinase,98.5
883066.HMPREF9233_01282,rplN,50S&nbsp;ribosomal&nbsp;protein&nbsp;L14,98.1
883066.HMPREF9233_01278,rpsC,30S&nbsp;ribosomal&nbsp;protein&nbsp;S3,97.9
883066.HMPREF9233_01184,EKU95046.1,annotation&nbsp;not&nbsp;available,97.8
883066.HMPREF9233_01149,xseA,Exodeoxyribonuclease&nbsp;7&nbsp;large&nbsp;subunit,97.8
883066.HMPREF9233_01273,rplD,50S&nbsp;ribosomal&nbsp;protein&nbsp;L4,97.4
883066.HMPREF9233_01271,rpsJ,30S&nbsp;ribosomal&nbsp;protein&nbsp;S10,97.4
883066.HMPREF9233_01283,rplX,50S&nbsp;ribosomal&nbsp;protein&nbsp;L24,96.5
883066.HMPREF9233_01632,hisH,Imidazole&nbsp;glycerol&nbsp;phosphate&nbsp;synthase&nbsp;subunit&nbsp;HisH,96.5
883066.HMPREF9233_00778,EKU95413.1,Beta&nbsp;sliding&nbsp;clamp,96.2
883066.HMPREF9233_01262,rplL,50S&nbsp;ribosomal&nbsp;protein&nbsp;L7/L12,95.9
883066.HMPREF9233_01609,rpsD,30S&nbsp;ribosomal&nbsp;protein&nbsp;S4,95.6
883066.HMPREF9233_01261,rplJ,50S&nbsp;ribosomal&nbsp;protein&nbsp;L10,95.2
883066.HMPREF9233_01349,trpB,Tryptophan&nbsp;synthase&nbsp;beta&nbsp;chain,95.2
883066.HMPREF9233_01470,rplU,50S&nbsp;ribosomal&nbsp;protein&nbsp;L21,95.0
883066.HMPREF9233_01465,EKU94518.1,annotation&nbsp;not&nbsp;available,94.7
883066.HMPREF9233_00225,rplS,50S&nbsp;ribosomal&nbsp;protein&nbsp;L19,94.2
883066.HMPREF9233_00884,EKU95123.1,annotation&nbsp;not&nbsp;available,94.0
883066.HMPREF9233_01493,EKU94546.1,annotation&nbsp;not&nbsp;available,93.9
883066.HMPREF9233_00386,atpB,ATP&nbsp;synthase&nbsp;subunit&nbsp;a,92.9
883066.HMPREF9233_00663,EKU95876.1,annotation&nbsp;not&nbsp;available,92.4
883066.HMPREF9233_00384,atpF,ATP&nbsp;synthase&nbsp;subunit&nbsp;b,90.1
883066.HMPREF9233_01055,groL,60&nbsp;kDa&nbsp;chaperonin,89.4
883066.HMPREF9233_01279,rplP,50S&nbsp;ribosomal&nbsp;protein&nbsp;L16,89.0
883066.HMPREF9233_01454,rpmB,annotation&nbsp;not&nbsp;available,88.7
883066.HMPREF9233_01300,rplQ,annotation&nbsp;not&nbsp;available,88.4
883066.HMPREF9233_01317,groS,10&nbsp;kDa&nbsp;chaperonin,88.2
883066.HMPREF9233_00019,ruvA,Holliday&nbsp;junction&nbsp;ATP-dependent&nbsp;DNA&nbsp;helicase&nbsp;RuvA,88.0
883066.HMPREF9233_00844,EKU95083.1,"Alpha-1,4&nbsp;glucan&nbsp;phosphorylase",87.6
883066.HMPREF9233_01132,eno,Enolase,87.4
883066.HMPREF9233_01264,rpoB,DNA-directed&nbsp;RNA&nbsp;polymerase&nbsp;subunit&nbsp;beta,87.2
883066.HMPREF9233_01356,pgi,annotation&nbsp;not&nbsp;available,87.2
883066.HMPREF9233_01305,rpsI,annotation&nbsp;not&nbsp;available,87.2
883066.HMPREF9233_01530,EKU94583.1,annotation&nbsp;not&nbsp;available,86.8
883066.HMPREF9233_01471,rpmA,annotation&nbsp;not&nbsp;available,86.8
883066.HMPREF9233_01269,tuf,Elongation&nbsp;factor&nbsp;Tu,86.6
883066.HMPREF9233_00882,EKU95121.1,Phosphate-binding&nbsp;protein&nbsp;PstS,86.1
883066.HMPREF9233_01267,rpsG,30S&nbsp;ribosomal&nbsp;protein&nbsp;S7,85.3
883066.HMPREF9233_01275,rplB,50S&nbsp;ribosomal&nbsp;protein&nbsp;L2,84.2
883066.HMPREF9233_01494,EKU94547.1,NAD(P)&nbsp;transhydrogenase&nbsp;subunit&nbsp;beta,84.1
883066.HMPREF9233_00883,EKU95122.1,Phosphate&nbsp;transport&nbsp;system&nbsp;permease&nbsp;protein,84.1
883066.HMPREF9233_01543,EKU94596.1,annotation&nbsp;not&nbsp;available,83.9
883066.HMPREF9233_00758,purN,Phosphoribosylglycinamide&nbsp;formyltransferase,83.5
883066.HMPREF9233_01265,rpoC,DNA-directed&nbsp;RNA&nbsp;polymerase&nbsp;subunit&nbsp;beta',83.2
883066.HMPREF9233_00379,EKU95592.1,annotation&nbsp;not&nbsp;available,83.2
883066.HMPREF9233_01247,rpmG,annotation&nbsp;not&nbsp;available,83.1
883066.HMPREF9233_01304,rplM,50S&nbsp;ribosomal&nbsp;protein&nbsp;L13,82.1
883066.HMPREF9233_01280,rpmC,annotation&nbsp;not&nbsp;available,81.9
883066.HMPREF9233_01618,pheT,annotation&nbsp;not&nbsp;available,81.7
883066.HMPREF9233_01281,rpsQ,30S&nbsp;ribosomal&nbsp;protein&nbsp;S17,81.6
883066.HMPREF9233_00190,rpsO,30S&nbsp;ribosomal&nbsp;protein&nbsp;S15,81.6
883066.HMPREF9233_01288,rplR,50S&nbsp;ribosomal&nbsp;protein&nbsp;L18,81.6
883066.HMPREF9233_00885,pstB,Phosphate&nbsp;import&nbsp;ATP-binding&nbsp;protein&nbsp;PstB,81.0
883066.HMPREF9233_00428,secA,Protein&nbsp;translocase&nbsp;subunit&nbsp;SecA,80.8
883066.HMPREF9233_01466,EKU94519.1,annotation&nbsp;not&nbsp;available,80.5
883066.HMPREF9233_01328,EKU94874.1,annotation&nbsp;not&nbsp;available,79.6
883066.HMPREF9233_01289,rpsE,30S&nbsp;ribosomal&nbsp;protein&nbsp;S5,79.2
883066.HMPREF9233_01628,rplT,50S&nbsp;ribosomal&nbsp;protein&nbsp;L20,77.8
883066.HMPREF9233_01276,rpsS,30S&nbsp;ribosomal&nbsp;protein&nbsp;S19,77.7
883066.HMPREF9233_01125,ctc,50S&nbsp;ribosomal&nbsp;protein&nbsp;L25,77.6
883066.HMPREF9233_01619,pheS,annotation&nbsp;not&nbsp;available,76.7
883066.HMPREF9233_01524,hisF,Imidazole&nbsp;glycerol&nbsp;phosphate&nbsp;synthase&nbsp;subunit&nbsp;HisF,75.8
883066.HMPREF9233_01362,EKU94908.1,annotation&nbsp;not&nbsp;available,75.2
883066.HMPREF9233_00804,rplI,50S&nbsp;ribosomal&nbsp;protein&nbsp;L9,74.6
883066.HMPREF9233_00803,rpsR,30S&nbsp;ribosomal&nbsp;protein&nbsp;S18,74.5
883066.HMPREF9233_01277,rplV,50S&nbsp;ribosomal&nbsp;protein&nbsp;L22,74.3
883066.HMPREF9233_01527,EKU94580.1,annotation&nbsp;not&nbsp;available,74.2
883066.HMPREF9233_00488,dnaK,Chaperone&nbsp;protein&nbsp;DnaK,74.0
883066.HMPREF9233_00646,EKU95859.1,annotation&nbsp;not&nbsp;available,73.8
883066.HMPREF9233_00381,atpG,ATP&nbsp;synthase&nbsp;gamma&nbsp;chain,73.8
883066.HMPREF9233_01296,rpmJ,annotation&nbsp;not&nbsp;available,73.4
883066.HMPREF9233_01268,fusA,Elongation&nbsp;factor&nbsp;G,72.9
883066.HMPREF9233_01285,rpsN,30S&nbsp;ribosomal&nbsp;protein&nbsp;S14&nbsp;type&nbsp;Z,72.7
883066.HMPREF9233_01298,rpsK,30S&nbsp;ribosomal&nbsp;protein&nbsp;S11,72.3
883066.HMPREF9233_01272,rplC,50S&nbsp;ribosomal&nbsp;protein&nbsp;L3,72.2
883066.HMPREF9233_01259,rplA,50S&nbsp;ribosomal&nbsp;protein&nbsp;L1,71.4
883066.HMPREF9233_00382,atpA,ATP&nbsp;synthase&nbsp;subunit&nbsp;alpha,71.3
883066.HMPREF9233_01464,EKU94517.1,annotation&nbsp;not&nbsp;available,69.7
883066.HMPREF9233_01371,glyA,Serine&nbsp;hydroxymethyltransferase,69.7
883066.HMPREF9233_00726,EKU95361.1,Ribonucleoside-diphosphate&nbsp;reductase,69.6
883066.HMPREF9233_00760,purD,annotation&nbsp;not&nbsp;available,69.5
883066.HMPREF9233_00493,EKU95706.1,annotation&nbsp;not&nbsp;available,69.4
883066.HMPREF9233_00385,atpE,ATP&nbsp;synthase&nbsp;subunit&nbsp;c,69.4
883066.HMPREF9233_01629,rpmI,annotation&nbsp;not&nbsp;available,69.1
883066.HMPREF9233_01148,xseB,Exodeoxyribonuclease&nbsp;7&nbsp;small&nbsp;subunit,68.2
883066.HMPREF9233_00801,rpsF,30S&nbsp;ribosomal&nbsp;protein&nbsp;S6,68.2
883066.HMPREF9233_01546,EKU94599.1,annotation&nbsp;not&nbsp;available,66.8
883066.HMPREF9233_01287,rplF,50S&nbsp;ribosomal&nbsp;protein&nbsp;L6,66.0
883066.HMPREF9233_01291,rplO,50S&nbsp;ribosomal&nbsp;protein&nbsp;L15,65.8
883066.HMPREF9233_00678,EKU95891.1,annotation&nbsp;not&nbsp;available,65.7
883066.HMPREF9233_01284,rplE,50S&nbsp;ribosomal&nbsp;protein&nbsp;L5,63.1
883066.HMPREF9233_00759,EKU95394.1,annotation&nbsp;not&nbsp;available,62.8
883066.HMPREF9233_01495,rpsT,30S&nbsp;ribosomal&nbsp;protein&nbsp;S20,62.7
883066.HMPREF9233_00383,atpH,ATP&nbsp;synthase&nbsp;subunit&nbsp;delta,62.6
883066.HMPREF9233_00392,rpmE,50S&nbsp;ribosomal&nbsp;protein&nbsp;L31,62.6
883066.HMPREF9233_01290,rpmD,annotation&nbsp;not&nbsp;available,62.4
883066.HMPREF9233_00487,grpE,Protein&nbsp;GrpE,62.1
883066.HMPREF9233_01544,pgk,annotation&nbsp;not&nbsp;available,60.8
883066.HMPREF9233_00380,atpD,ATP&nbsp;synthase&nbsp;subunit&nbsp;beta,60.7
883066.HMPREF9233_00215,tsf,Elongation&nbsp;factor&nbsp;Ts,59.8
883066.HMPREF9233_00323,gatB,Aspartyl/glutamyl-tRNA(Asn/Gln)&nbsp;amidotransferase&nbsp;subunit&nbsp;B,59.6
883066.HMPREF9233_01333,EKU94879.1,annotation&nbsp;not&nbsp;available,59.1
883066.HMPREF9233_01274,rplW,50S&nbsp;ribosomal&nbsp;protein&nbsp;L23,58.7
883066.HMPREF9233_01338,EKU94884.1,annotation&nbsp;not&nbsp;available,58.0
883066.HMPREF9233_01266,rpsL,30S&nbsp;ribosomal&nbsp;protein&nbsp;S12,57.7
883066.HMPREF9233_01286,rpsH,30S&nbsp;ribosomal&nbsp;protein&nbsp;S8,57.2
883066.HMPREF9233_00229,rpsP,annotation&nbsp;not&nbsp;available,56.7
883066.HMPREF9233_00216,rpsB,annotation&nbsp;not&nbsp;available,56.5
883066.HMPREF9233_01366,EKU94912.1,annotation&nbsp;not&nbsp;available,56.0
883066.HMPREF9233_00325,gatC,Aspartyl/glutamyl-tRNA(Asn/Gln)&nbsp;amidotransferase&nbsp;subunit&nbsp;C,56.0
883066.HMPREF9233_00018,ruvB,Holliday&nbsp;junction&nbsp;ATP-dependent&nbsp;DNA&nbsp;helicase&nbsp;RuvB,56.0
883066.HMPREF9233_01597,rpoZ,DNA-directed&nbsp;RNA&nbsp;polymerase&nbsp;subunit&nbsp;omega,56.0
883066.HMPREF9233_01350,trpA,Tryptophan&nbsp;synthase&nbsp;alpha&nbsp;chain,55.7
883066.HMPREF9233_01295,infA,Translation&nbsp;initiation&nbsp;factor&nbsp;IF-1,54.8
883066.HMPREF9233_01334,EKU94880.1,annotation&nbsp;not&nbsp;available,54.0
883066.HMPREF9233_01256,secE,Protein&nbsp;translocase&nbsp;subunit&nbsp;SecE,53.3
883066.HMPREF9233_01329,EKU94875.1,annotation&nbsp;not&nbsp;available,52.9
883066.HMPREF9233_01467,EKU94520.1,annotation&nbsp;not&nbsp;available,52.7
883066.HMPREF9233_01299,rpoA,DNA-directed&nbsp;RNA&nbsp;polymerase&nbsp;subunit&nbsp;alpha,51.7
883066.HMPREF9233_01292,secY,Protein&nbsp;translocase&nbsp;subunit&nbsp;SecY,51.5
883066.HMPREF9233_01258,rplK,50S&nbsp;ribosomal&nbsp;protein&nbsp;L11,51.4
883066.HMPREF9233_00322,EKU95535.1,annotation&nbsp;not&nbsp;available,51.1
