1284680.HMPREF1627_04275,rplR,50S&nbsp;ribosomal&nbsp;protein&nbsp;L18,98.9
1284680.HMPREF1627_04325,rpsK,30S&nbsp;ribosomal&nbsp;protein&nbsp;S11,98.8
1284680.HMPREF1627_04225,rpsC,30S&nbsp;ribosomal&nbsp;protein&nbsp;S3,98.8
1284680.HMPREF1627_10180,KGE99498.1,Glycosyl&nbsp;transferase&nbsp;family&nbsp;1,98.8
1284680.HMPREF1627_00070,KGF12168.1,Long-chain&nbsp;fatty&nbsp;acid--CoA&nbsp;ligase,98.7
1284680.HMPREF1627_10035,rpsD,30S&nbsp;ribosomal&nbsp;protein&nbsp;S4,98.5
1284680.HMPREF1627_04330,rpoA,DNA-directed&nbsp;RNA&nbsp;polymerase&nbsp;subunit&nbsp;alpha,98.4
1284680.HMPREF1627_07170,KGE99883.1,NADH-quinone&nbsp;oxidoreductase&nbsp;subunit&nbsp;G,98.2
1284680.HMPREF1627_03655,asd,Aspartate-semialdehyde&nbsp;dehydrogenase,98.0
1284680.HMPREF1627_08295,KGE99151.1,dITP/XTP&nbsp;pyrophosphatase,97.9
1284680.HMPREF1627_10150,KGE99492.1,Phosphoglycerate&nbsp;mutase,97.9
1284680.HMPREF1627_06655,KGE99959.1,Fumarate&nbsp;hydratase,97.9
1284680.HMPREF1627_07140,KGE99877.1,NADH-quinone&nbsp;oxidoreductase&nbsp;subunit&nbsp;M,97.8
1284680.HMPREF1627_08765,kgd,Alpha-ketoglutarate&nbsp;decarboxylase,97.8
1284680.HMPREF1627_06275,sucD,Succinate--CoA&nbsp;ligase&nbsp;[ADP-forming]&nbsp;subunit&nbsp;alpha,97.6
1284680.HMPREF1627_06025,KGF00357.1,ABC&nbsp;transporter&nbsp;permease,97.6
1284680.HMPREF1627_05715,KGF00299.1,Uncharacterized&nbsp;protein,97.6
1284680.HMPREF1627_01185,KGF06219.1,NADH-quinone&nbsp;oxidoreductase&nbsp;subunit&nbsp;J,97.3
1284680.HMPREF1627_09275,KGE99330.1,DNA&nbsp;polymerase&nbsp;III&nbsp;subunit&nbsp;epsilon,97.2
1284680.HMPREF1627_09110,KGE99300.1,Fe-S&nbsp;osidoreductase,97.2
1284680.HMPREF1627_06550,KGF00038.1,6-phosphofructokinase,97.1
1284680.HMPREF1627_01080,KGF06603.1,Uncharacterized&nbsp;protein,97.0
1284680.HMPREF1627_04255,rplE,50S&nbsp;ribosomal&nbsp;protein&nbsp;L5,96.8
1284680.HMPREF1627_09790,murE,UDP-N-acetylmuramyl-tripeptide&nbsp;synthetase,96.8
1284680.HMPREF1627_10115,ruvB,Holliday&nbsp;junction&nbsp;ATP-dependent&nbsp;DNA&nbsp;helicase&nbsp;RuvB,96.7
1284680.HMPREF1627_01760,KGF05226.1,DNA&nbsp;polymerase&nbsp;III&nbsp;subunit&nbsp;delta,96.6
1284680.HMPREF1627_07415,ppa,Inorganic&nbsp;pyrophosphatase,96.6
1284680.HMPREF1627_06625,KGF00053.1,Iron&nbsp;transporter,96.4
1284680.HMPREF1627_01060,KGF06622.1,Glycerol-3-phosphate&nbsp;dehydrogenase,96.3
1284680.HMPREF1627_01300,KGF05317.1,Uncharacterized&nbsp;protein,96.2
1284680.HMPREF1627_05870,KGF00328.1,Mannose-1-phosphate&nbsp;guanylyltransferase,96.0
1284680.HMPREF1627_07685,KGE99049.1,Deoxyguanosinetriphosphate&nbsp;triphosphohydrolase-like&nbsp;protein,95.8
1284680.HMPREF1627_07425,KGE99931.1,ABC&nbsp;transporter&nbsp;permease,95.7
1284680.HMPREF1627_02465,KGF00993.1,Glutamyl-Q&nbsp;tRNA(Asp)&nbsp;ligase,95.4
1284680.HMPREF1627_09910,KGE99446.1,Long-chain&nbsp;fatty&nbsp;acid--CoA&nbsp;ligase,95.2
1284680.HMPREF1627_00850,KGF07063.1,Alpha-galactosidase,95.2
1284680.HMPREF1627_01150,KGF06304.1,Acyl-CoA&nbsp;dehydrogenase,95.1
1284680.HMPREF1627_05080,proB,Glutamate&nbsp;5-kinase,95.1
1284680.HMPREF1627_05075,proA,Gamma-glutamyl&nbsp;phosphate&nbsp;reductase,95.1
1284680.HMPREF1627_04045,KGF00777.1,Short-chain&nbsp;dehydrogenase,94.8
1284680.HMPREF1627_05210,infC,Translation&nbsp;initiation&nbsp;factor&nbsp;IF-3,94.7
1284680.HMPREF1627_08855,KGE99256.1,Formate&nbsp;acetyltransferase,94.4
1284680.HMPREF1627_08730,sbcD,Nuclease&nbsp;SbcCD&nbsp;subunit&nbsp;D,94.0
1284680.HMPREF1627_03425,KGF01159.1,Adenylosuccinate&nbsp;lyase,93.9
1284680.HMPREF1627_07655,KGE99043.1,3-dehydroquinate&nbsp;dehydratase,93.8
1284680.HMPREF1627_01730,KGF05220.1,Iron&nbsp;ABC&nbsp;transporter&nbsp;permease,93.7
1284680.HMPREF1627_07070,KGE99866.1,ABC&nbsp;transporter,93.6
1284680.HMPREF1627_08190,folD,Bifunctional&nbsp;protein&nbsp;FolD,93.6
1284680.HMPREF1627_04195,rplC,50S&nbsp;ribosomal&nbsp;protein&nbsp;L3,93.5
1284680.HMPREF1627_02185,KGF02858.1,"2',&nbsp;3'-cyclic&nbsp;nucleotide&nbsp;2'-phosphodiesterase",93.2
1284680.HMPREF1627_05205,rpmI,50S&nbsp;ribosomal&nbsp;protein&nbsp;L35,93.2
1284680.HMPREF1627_09680,metK,S-adenosylmethionine&nbsp;synthase,93.2
1284680.HMPREF1627_08985,glgB,"1,4-alpha-glucan&nbsp;branching&nbsp;enzyme&nbsp;GlgB",93.2
1284680.HMPREF1627_05530,rpsO,30S&nbsp;ribosomal&nbsp;protein&nbsp;S15,93.2
1284680.HMPREF1627_05915,KGF00336.1,Purine-nucleoside&nbsp;phosphorylase,92.9
1284680.HMPREF1627_06415,ispH,4-hydroxy-3-methylbut-2-enyl&nbsp;diphosphate&nbsp;reductase,92.8
1284680.HMPREF1627_04735,rpsB,30S&nbsp;ribosomal&nbsp;protein&nbsp;S2,92.7
1284680.HMPREF1627_03275,KGF01135.1,Membrane&nbsp;protein,92.7
1284680.HMPREF1627_00940,KGF06773.1,NADH&nbsp;dehydrogenase,92.5
1284680.HMPREF1627_04840,KGF00514.1,Uncharacterized&nbsp;protein,92.4
1284680.HMPREF1627_09820,KGE99428.1,Prephenate&nbsp;dehydrogenase,92.4
1284680.HMPREF1627_04835,KGF00513.1,Dihydroxyacetone&nbsp;kinase,92.4
1284680.HMPREF1627_07985,KGE99102.1,Aspartate&nbsp;aminotransferase,92.4
1284680.HMPREF1627_07195,nuoB,NADH-quinone&nbsp;oxidoreductase&nbsp;subunit&nbsp;B,92.3
1284680.HMPREF1627_03300,KGF01140.1,Beta&nbsp;sliding&nbsp;clamp,91.6
1284680.HMPREF1627_05830,KGF00321.1,Glutamine&nbsp;amidotransferase,91.6
1284680.HMPREF1627_07280,KGE99905.1,Fructose-bisphosphate&nbsp;aldolase,91.4
1284680.HMPREF1627_02920,KGF01073.1,Molybdate&nbsp;ABC&nbsp;transporter&nbsp;permease,91.0
1284680.HMPREF1627_01380,KGF05159.1,Uncharacterized&nbsp;protein,90.9
1284680.HMPREF1627_05560,KGF00271.1,Malate&nbsp;dehydrogenase,90.9
1284680.HMPREF1627_02440,KGF00989.1,ABC&nbsp;transporter,90.9
1284680.HMPREF1627_04495,guaB,Inosine-5'-monophosphate&nbsp;dehydrogenase,90.8
1284680.HMPREF1627_09960,rpsA,30S&nbsp;ribosomal&nbsp;protein&nbsp;S1,90.8
1284680.HMPREF1627_04200,rplD,50S&nbsp;ribosomal&nbsp;protein&nbsp;L4,90.7
1284680.HMPREF1627_01630,KGF05202.1,O-acetylhomoserine&nbsp;aminocarboxypropyltransferase,90.6
1284680.HMPREF1627_00210,KGF11268.1,Ribonucleotide-diphosphate&nbsp;reductase&nbsp;subunit&nbsp;beta,90.6
1284680.HMPREF1627_03095,pyrG,CTP&nbsp;synthase,90.5
1284680.HMPREF1627_00640,KGF08353.1,NADH-quinone&nbsp;oxidoreductase&nbsp;subunit&nbsp;G,90.2
1284680.HMPREF1627_01290,KGF05354.1,Uncharacterized&nbsp;protein,90.1
1284680.HMPREF1627_10185,glgC,Glucose-1-phosphate&nbsp;adenylyltransferase,90.1
1284680.HMPREF1627_04445,KGF00851.1,Succinate&nbsp;dehydrogenase,90.0
1284680.HMPREF1627_04210,rplB,50S&nbsp;ribosomal&nbsp;protein&nbsp;L2,89.7
1284680.HMPREF1627_01250,KGF05791.1,Sulfurtransferase,89.3
1284680.HMPREF1627_00805,KGF07326.1,DNA&nbsp;polymerase&nbsp;III&nbsp;subunit&nbsp;beta,89.2
1284680.HMPREF1627_05305,KGF00600.1,Penicillin-binding&nbsp;protein,89.1
1284680.HMPREF1627_09995,KGE99461.1,Pyruvate&nbsp;kinase,89.0
1284680.HMPREF1627_00325,KGF10788.1,Part&nbsp;of&nbsp;NADH-ubiquinone&nbsp;oxidoreductase&nbsp;complex&nbsp;I,88.9
1284680.HMPREF1627_06950,rplL,50S&nbsp;ribosomal&nbsp;protein&nbsp;L7/L12,88.9
1284680.HMPREF1627_01650,glmS,Glutamine--fructose-6-phosphate&nbsp;aminotransferase&nbsp;[isomerizing],88.8
1284680.HMPREF1627_05375,KGF00611.1,ATP-dependent&nbsp;helicase,88.8
1284680.HMPREF1627_02240,KGF02367.1,Uncharacterized&nbsp;protein,88.8
1284680.HMPREF1627_05875,ctc,50S&nbsp;ribosomal&nbsp;protein&nbsp;L25,88.6
1284680.HMPREF1627_02540,KGF01007.1,Phosphoglucomutase,88.5
1284680.HMPREF1627_07200,nuoA,NADH-quinone&nbsp;oxidoreductase&nbsp;subunit&nbsp;A,88.2
1284680.HMPREF1627_04130,KGF00793.1,Ricin-type&nbsp;beta-trefoil&nbsp;lectin&nbsp;domain&nbsp;protein,87.8
1284680.HMPREF1627_05700,KGF00297.1,Converts&nbsp;2-oxoglutarate&nbsp;to&nbsp;glutamate,87.7
1284680.HMPREF1627_05840,trpB,Tryptophan&nbsp;synthase&nbsp;beta&nbsp;chain,87.6
1284680.HMPREF1627_07135,nuoN,NADH-quinone&nbsp;oxidoreductase&nbsp;subunit&nbsp;N,87.6
1284680.HMPREF1627_04280,rpsE,30S&nbsp;ribosomal&nbsp;protein&nbsp;S5,87.5
1284680.HMPREF1627_09590,uppP,Undecaprenyl-diphosphatase,87.3
1284680.HMPREF1627_09850,KGE99434.1,Transketolase,87.1
1284680.HMPREF1627_10060,aspS,Aspartate--tRNA(Asp/Asn)&nbsp;ligase,87.1
1284680.HMPREF1627_04220,rplV,50S&nbsp;ribosomal&nbsp;protein&nbsp;L22,86.7
1284680.HMPREF1627_08885,prfA,Peptide&nbsp;chain&nbsp;release&nbsp;factor&nbsp;1,86.6
1284680.HMPREF1627_07095,rpmG,50S&nbsp;ribosomal&nbsp;protein&nbsp;L33,86.5
1284680.HMPREF1627_06985,rplA,50S&nbsp;ribosomal&nbsp;protein&nbsp;L1,86.5
1284680.HMPREF1627_01725,KGF05219.1,ABC&nbsp;transporter&nbsp;ATP-binding&nbsp;protein,86.1
1284680.HMPREF1627_08945,KGE99271.1,ATP&nbsp;synthase&nbsp;subunit&nbsp;epsilon,86.0
1284680.HMPREF1627_05290,murD,UDP-N-acetylmuramoylalanine--D-glutamate&nbsp;ligase,85.9
1284680.HMPREF1627_10135,pdxS,Pyridoxal&nbsp;5'-phosphate&nbsp;synthase&nbsp;subunit&nbsp;PdxS,85.7
1284680.HMPREF1627_03385,KGF01153.1,Glycosyltransferase,85.6
1284680.HMPREF1627_08030,leuD,3-isopropylmalate&nbsp;dehydratase&nbsp;small&nbsp;subunit,85.6
1284680.HMPREF1627_04830,KGF00512.1,Dihydroxyacetone&nbsp;kinase,85.5
1284680.HMPREF1627_02845,KGF01059.1,S-adenosyl-L-homocysteine&nbsp;hydrolase,85.5
1284680.HMPREF1627_08925,atpH,ATP&nbsp;synthase&nbsp;subunit&nbsp;delta,85.5
1284680.HMPREF1627_04315,rpmJ,50S&nbsp;ribosomal&nbsp;protein&nbsp;L36,85.2
1284680.HMPREF1627_02410,KGF00983.1,Methylmalonyl-CoA&nbsp;carboxyltransferase,85.2
1284680.HMPREF1627_02975,KGF01082.1,Nucleoside&nbsp;diphosphate&nbsp;kinase,85.1
1284680.HMPREF1627_08725,KGE99232.1,Uncharacterized&nbsp;protein,85.1
1284680.HMPREF1627_04290,rplO,50S&nbsp;ribosomal&nbsp;protein&nbsp;L15,85.1
1284680.HMPREF1627_06720,KGE99803.1,Molybdenum&nbsp;cofactor&nbsp;biosynthesis&nbsp;protein&nbsp;MoaA,85.0
1284680.HMPREF1627_03055,KGF01095.1,Sugar&nbsp;ABC&nbsp;transporter&nbsp;permease,84.8
1284680.HMPREF1627_04390,KGF00842.1,Glycosyl&nbsp;hydrolase,84.8
1284680.HMPREF1627_05500,KGF00634.1,Crotonobetainyl-CoA:carnitine&nbsp;CoA-transferase,84.7
1284680.HMPREF1627_04440,sdhA,Part&nbsp;of&nbsp;four&nbsp;member&nbsp;succinate&nbsp;dehydrogenase&nbsp;enzyme&nbsp;complex&nbsp;that&nbsp;forms&nbsp;a&nbsp;trimeric&nbsp;complex&nbsp;(trimer&nbsp;of&nbsp;tetramers),84.7
1284680.HMPREF1627_04310,infA,Translation&nbsp;initiation&nbsp;factor&nbsp;IF-1,84.6
1284680.HMPREF1627_09425,dnaE2,Error-prone&nbsp;DNA&nbsp;polymerase,84.4
1284680.HMPREF1627_02415,KGF00984.1,ACP&nbsp;S-malonyltransferase,84.4
1284680.HMPREF1627_09870,KGE99438.1,Phosphoglycerate&nbsp;kinase,84.1
1284680.HMPREF1627_02070,KGF03709.1,Uncharacterized&nbsp;protein,83.9
1284680.HMPREF1627_00255,KGF11096.1,Uncharacterized&nbsp;protein,83.9
1284680.HMPREF1627_01030,pntB,Pyridine&nbsp;nucleotide&nbsp;transhydrogenase,83.7
1284680.HMPREF1627_01915,KGF04811.1,ABC&nbsp;transporter&nbsp;permease,83.5
1284680.HMPREF1627_08815,KGE99248.1,Mercuric&nbsp;reductase,83.5
1284680.HMPREF1627_09170,KGE99310.1,PTS&nbsp;sugar&nbsp;transporter&nbsp;subunit&nbsp;IIB,83.4
1284680.HMPREF1627_03050,KGF01094.1,Alpha-amylase,83.4
1284680.HMPREF1627_04655,KGF00480.1,Pyruvate&nbsp;dehydrogenase&nbsp;E1&nbsp;component,83.4
1284680.HMPREF1627_07710,nusA,Transcription&nbsp;termination/antitermination&nbsp;protein&nbsp;NusA,83.3
1284680.HMPREF1627_05150,KGF00570.1,Uncharacterized&nbsp;protein,83.3
1284680.HMPREF1627_08915,atpE,ATP&nbsp;synthase&nbsp;subunit&nbsp;c,83.3
1284680.HMPREF1627_05185,KGF00576.1,Sucrose&nbsp;phosphorylase,83.2
1284680.HMPREF1627_05955,KGF00344.1,Metallophosphatase,82.7
1284680.HMPREF1627_04155,rpoC,DNA-directed&nbsp;RNA&nbsp;polymerase&nbsp;subunit&nbsp;beta',82.7
1284680.HMPREF1627_04270,rplF,50S&nbsp;ribosomal&nbsp;protein&nbsp;L6,82.6
1284680.HMPREF1627_03045,KGF01093.1,Uncharacterized&nbsp;protein,82.6
1284680.HMPREF1627_00335,KGF10776.1,Maltose&nbsp;ABC&nbsp;transporter&nbsp;permease,82.5
1284680.HMPREF1627_08880,rpmE,50S&nbsp;ribosomal&nbsp;protein&nbsp;L31,82.5
1284680.HMPREF1627_01885,KGF05005.1,Phenol&nbsp;2-monooxygenase,82.1
1284680.HMPREF1627_02450,KGF00991.1,ABC&nbsp;transporter,82.1
1284680.HMPREF1627_08455,KGE99180.1,DNA&nbsp;polymerase&nbsp;III&nbsp;subunit&nbsp;delta,82.1
1284680.HMPREF1627_02485,KGF00997.1,Glycoside&nbsp;hydrolase&nbsp;family&nbsp;2,82.0
1284680.HMPREF1627_08810,argS,Arginine--tRNA&nbsp;ligase,81.8
1284680.HMPREF1627_07465,rpsT,30S&nbsp;ribosomal&nbsp;protein&nbsp;S20,81.8
1284680.HMPREF1627_04720,frr,Ribosome-recycling&nbsp;factor,81.6
1284680.HMPREF1627_08255,nagB,Glucosamine-6-phosphate&nbsp;deaminase,81.6
1284680.HMPREF1627_05510,KGF00636.1,Crotonobetainyl-CoA:carnitine&nbsp;CoA-transferase,81.4
1284680.HMPREF1627_04185,tuf,Elongation&nbsp;factor&nbsp;Tu,81.3
1284680.HMPREF1627_05095,rplU,50S&nbsp;ribosomal&nbsp;protein&nbsp;L21,81.2
1284680.HMPREF1627_06935,groEL,60&nbsp;kDa&nbsp;chaperonin,81.1
1284680.HMPREF1627_09915,uvrA,UvrABC&nbsp;system&nbsp;protein&nbsp;A,80.9
1284680.HMPREF1627_05000,KGF00544.1,Glycerol-3-phosphate&nbsp;dehydrogenase,80.8
1284680.HMPREF1627_04585,KGF00469.1,Polyphosphate&nbsp;glucokinase,80.7
1284680.HMPREF1627_08305,KGE99153.1,NUDIX&nbsp;hydrolase,80.5
1284680.HMPREF1627_05780,KGF00311.1,"Alpha-1,4&nbsp;glucan&nbsp;phosphorylase",80.5
1284680.HMPREF1627_06885,lysS,Lysine--tRNA&nbsp;ligase,80.4
1284680.HMPREF1627_05110,KGF00562.1,Cytochrome&nbsp;BD&nbsp;ubiquinol&nbsp;oxidase&nbsp;subunit&nbsp;I,80.3
1284680.HMPREF1627_01860,dcd,dCTP&nbsp;deaminase,80.3
1284680.HMPREF1627_05350,KGF00607.1,DNA&nbsp;helicase,80.3
1284680.HMPREF1627_01920,KGF04812.1,Sugar&nbsp;ABC&nbsp;transporter&nbsp;permease,80.3
1284680.HMPREF1627_05825,KGF00320.1,Anthranilate&nbsp;synthase,80.2
1284680.HMPREF1627_05585,ligA,DNA&nbsp;ligase,80.0
1284680.HMPREF1627_08930,atpA,ATP&nbsp;synthase&nbsp;subunit&nbsp;alpha,79.9
1284680.HMPREF1627_03010,KGF01089.1,ABC&nbsp;transporter&nbsp;ATP-binding&nbsp;protein,79.8
1284680.HMPREF1627_04940,ileS,Isoleucine--tRNA&nbsp;ligase,79.8
1284680.HMPREF1627_05115,KGF00563.1,Cytochrome&nbsp;C&nbsp;oxidase&nbsp;assembly&nbsp;protein,79.7
1284680.HMPREF1627_04205,rplW,50S&nbsp;ribosomal&nbsp;protein&nbsp;L23,79.7
1284680.HMPREF1627_07435,KGE99933.1,ABC&nbsp;transporter&nbsp;ATP-binding&nbsp;protein,79.7
1284680.HMPREF1627_08150,KGE99127.1,Long-chain&nbsp;fatty&nbsp;acid--CoA&nbsp;ligase,79.6
1284680.HMPREF1627_08410,KGE99172.1,ABC&nbsp;transporter&nbsp;permease,79.5
1284680.HMPREF1627_07600,KGE99033.1,Maltose&nbsp;ABC&nbsp;transporter&nbsp;permease,79.4
1284680.HMPREF1627_09725,KGE99411.1,Uncharacterized&nbsp;protein,79.3
1284680.HMPREF1627_01505,KGF05181.1,Threonine&nbsp;synthase,79.3
1284680.HMPREF1627_03565,KGF01183.1,Ribonucleoside-triphosphate&nbsp;reductase,79.3
1284680.HMPREF1627_07150,nuoK,NADH-quinone&nbsp;oxidoreductase&nbsp;subunit&nbsp;K,79.1
1284680.HMPREF1627_09905,KGE99445.1,Long-chain&nbsp;fatty&nbsp;acid--CoA&nbsp;ligase,79.1
1284680.HMPREF1627_09175,KGE99311.1,4-alpha-glucanotransferase,79.0
1284680.HMPREF1627_07125,KGE99874.1,Pyridine&nbsp;nucleotide-disulfide&nbsp;oxidoreductase,79.0
1284680.HMPREF1627_06955,rplJ,50S&nbsp;ribosomal&nbsp;protein&nbsp;L10,78.9
1284680.HMPREF1627_09315,sigA,RNA&nbsp;polymerase&nbsp;sigma&nbsp;factor&nbsp;SigA,78.5
1284680.HMPREF1627_02015,ndk,Nucleoside&nbsp;diphosphate&nbsp;kinase,78.4
1284680.HMPREF1627_09435,KGE99361.1,Long-chain&nbsp;fatty&nbsp;acid--CoA&nbsp;ligase,78.2
1284680.HMPREF1627_08990,glgE,"Alpha-1,4-glucan:maltose-1-phosphate&nbsp;maltosyltransferase",77.6
1284680.HMPREF1627_04510,KGF00862.1,DNA&nbsp;polymerase&nbsp;III&nbsp;subunit&nbsp;epsilon,77.6
1284680.HMPREF1627_09305,KGE99336.1,Polyprenyl&nbsp;synthetase,77.4
1284680.HMPREF1627_09860,KGE99436.1,Preprotein&nbsp;translocase&nbsp;subunit&nbsp;SecG,77.4
1284680.HMPREF1627_10175,KGE99497.1,Iron&nbsp;ABC&nbsp;transporter&nbsp;ATP-binding&nbsp;protein,77.4
1284680.HMPREF1627_10090,KGE99480.1,GTP&nbsp;pyrophosphokinase,77.1
1284680.HMPREF1627_00860,KGF07038.1,Uncharacterized&nbsp;protein,77.1
1284680.HMPREF1627_09080,KGE99294.1,Cysteine&nbsp;synthase,77.0
1284680.HMPREF1627_07175,KGE99884.1,NADH-quinone&nbsp;oxidoreductase&nbsp;subunit&nbsp;F,77.0
1284680.HMPREF1627_08910,atpB,ATP&nbsp;synthase&nbsp;subunit&nbsp;a,76.7
1284680.HMPREF1627_09875,KGE99439.1,Glyceraldehyde-3-phosphate&nbsp;dehydrogenase,76.6
1284680.HMPREF1627_01640,xylA,Xylose&nbsp;isomerase,76.5
1284680.HMPREF1627_03640,KGF01195.1,Histidine&nbsp;kinase,76.5
1284680.HMPREF1627_03165,rpsR,30S&nbsp;ribosomal&nbsp;protein&nbsp;S18,76.4
1284680.HMPREF1627_05565,gatB,Aspartyl/glutamyl-tRNA(Asn/Gln)&nbsp;amidotransferase&nbsp;subunit&nbsp;B,76.3
1284680.HMPREF1627_09670,rpoZ,DNA-directed&nbsp;RNA&nbsp;polymerase&nbsp;subunit&nbsp;omega,76.2
1284680.HMPREF1627_06565,KGF00041.1,Phosphate&nbsp;acetyltransferase,76.2
1284680.HMPREF1627_08940,atpD,ATP&nbsp;synthase&nbsp;subunit&nbsp;beta,76.1
1284680.HMPREF1627_06420,xseA,Exodeoxyribonuclease&nbsp;7&nbsp;large&nbsp;subunit,76.0
1284680.HMPREF1627_07085,KGE99869.1,ABC&nbsp;transporter&nbsp;substrate-binding&nbsp;protein,75.8
1284680.HMPREF1627_08935,atpG,ATP&nbsp;synthase&nbsp;gamma&nbsp;chain,75.7
1284680.HMPREF1627_00500,KGF09573.1,NADH:ubiquinone&nbsp;oxidoreductase&nbsp;subunit&nbsp;N,75.7
1284680.HMPREF1627_07010,KGE99856.1,Aminotransferase,75.7
1284680.HMPREF1627_06990,rplK,50S&nbsp;ribosomal&nbsp;protein&nbsp;L11,75.4
1284680.HMPREF1627_04605,lipB,Octanoyltransferase,75.3
1284680.HMPREF1627_09135,KGE99304.1,5-methyltetrahydropteroyltriglutamate--homocysteine&nbsp;methyltransferase,75.3
1284680.HMPREF1627_04575,panB,3-methyl-2-oxobutanoate&nbsp;hydroxymethyltransferase,75.2
1284680.HMPREF1627_02495,KGF00998.1,ABC&nbsp;transporter&nbsp;ATP-binding&nbsp;protein,75.1
1284680.HMPREF1627_01450,KGF05170.1,Fibronectin,75.0
1284680.HMPREF1627_08025,leuC,3-isopropylmalate&nbsp;dehydratase&nbsp;large&nbsp;subunit,74.8
1284680.HMPREF1627_04150,rpoB,DNA-directed&nbsp;RNA&nbsp;polymerase&nbsp;subunit&nbsp;beta,74.8
1284680.HMPREF1627_04300,adk,Adenylate&nbsp;kinase,74.7
1284680.HMPREF1627_00010,KGF12460.1,Glycosyl&nbsp;transferase,74.5
1284680.HMPREF1627_04615,KGF00474.1,AMP-binding&nbsp;protein,74.4
1284680.HMPREF1627_05835,trpD,Anthranilate&nbsp;phosphoribosyltransferase,74.2
1284680.HMPREF1627_04355,rpsI,30S&nbsp;ribosomal&nbsp;protein&nbsp;S9,74.1
1284680.HMPREF1627_04985,KGF00541.1,Oxidoreductase,74.0
1284680.HMPREF1627_07075,KGE99867.1,ABC&nbsp;transporter,73.9
1284680.HMPREF1627_02665,KGF01026.1,Glutaredoxin,73.7
1284680.HMPREF1627_03900,KGF00752.1,UTP--glucose-1-phosphate&nbsp;uridylyltransferase,73.4
1284680.HMPREF1627_07160,nuoI,NADH-quinone&nbsp;oxidoreductase&nbsp;subunit&nbsp;I,73.4
1284680.HMPREF1627_02645,KGF01024.1,Serine&nbsp;ammonia-lyase,73.3
1284680.HMPREF1627_01480,purA,Adenylosuccinate&nbsp;synthetase,73.3
1284680.HMPREF1627_01065,KGF06623.1,Uncharacterized&nbsp;protein,73.1
1284680.HMPREF1627_08405,KGE99171.1,ABC&nbsp;transporter&nbsp;substrate-binding&nbsp;protein,73.1
1284680.HMPREF1627_09660,KGE99399.1,Uncharacterized&nbsp;protein,73.0
1284680.HMPREF1627_02105,KGF03469.1,Methylmalonate-semialdehyde&nbsp;dehydrogenase,72.9
1284680.HMPREF1627_03065,KGF01097.1,Sugar&nbsp;ABC&nbsp;transporter&nbsp;substrate-binding&nbsp;protein,72.9
1284680.HMPREF1627_02925,KGF01074.1,Molybdate-binding&nbsp;protein,72.9
1284680.HMPREF1627_09965,polA,DNA&nbsp;polymerase&nbsp;I,72.6
1284680.HMPREF1627_09130,KGE99303.1,Methylenetetrahydrofolate&nbsp;reductase,72.3
1284680.HMPREF1627_08705,secA,Protein&nbsp;translocase&nbsp;subunit&nbsp;SecA,72.3
1284680.HMPREF1627_05170,KGF00574.1,Uncharacterized&nbsp;protein,72.2
1284680.HMPREF1627_02405,KGF00982.1,Bacteriochlorophyll&nbsp;4-vinyl&nbsp;reductase,71.9
1284680.HMPREF1627_05570,gatA,Glutamyl-tRNA(Gln)&nbsp;amidotransferase&nbsp;subunit&nbsp;A,71.9
1284680.HMPREF1627_01765,tmk,Thymidylate&nbsp;kinase,71.6
1284680.HMPREF1627_04780,rplS,50S&nbsp;ribosomal&nbsp;protein&nbsp;L19,71.3
1284680.HMPREF1627_07605,KGE99034.1,Sugar&nbsp;ABC&nbsp;transporter&nbsp;permease,71.2
1284680.HMPREF1627_02500,KGF00999.1,Peptide&nbsp;ABC&nbsp;transporter&nbsp;permease,71.1
1284680.HMPREF1627_09645,KGE99396.1,Shikimate&nbsp;kinase,71.1
1284680.HMPREF1627_07535,leuA,2-isopropylmalate&nbsp;synthase,70.8
1284680.HMPREF1627_05880,prs,Ribose-phosphate&nbsp;pyrophosphokinase,70.7
1284680.HMPREF1627_00065,KGF12191.1,Inosine-5-monophosphate&nbsp;dehydrogenase,70.6
1284680.HMPREF1627_05495,KGF00633.1,"3-alpha,7-alpha,&nbsp;12-alpha-trihydroxy-5-beta-cholest-24-enoyl-CoA&nbsp;hydratase",70.5
1284680.HMPREF1627_03145,KGF01113.1,Replicative&nbsp;DNA&nbsp;helicase,70.4
1284680.HMPREF1627_07560,KGE99025.1,Isoprenyl&nbsp;transferase,70.3
1284680.HMPREF1627_02775,KGF01045.1,Beta-lactamase,70.3
1284680.HMPREF1627_00855,KGF07050.1,Pyruvate&nbsp;kinase,70.2
1284680.HMPREF1627_07980,KGE99101.1,Purine&nbsp;nucleoside&nbsp;phosphorylase,70.2
1284680.HMPREF1627_00085,KGF12019.1,Uncharacterized&nbsp;protein,70.1
1284680.HMPREF1627_02525,KGF01004.1,Multicopper&nbsp;oxidase,70.1
1284680.HMPREF1627_07835,ilvD,Dihydroxy-acid&nbsp;dehydratase,70.0
1284680.HMPREF1627_04570,pheS,Phenylalanine--tRNA&nbsp;ligase&nbsp;alpha&nbsp;subunit,69.8
1284680.HMPREF1627_09185,KGE99313.1,Uncharacterized&nbsp;protein,69.8
1284680.HMPREF1627_01710,KGF05216.1,Uncharacterized&nbsp;protein,69.6
1284680.HMPREF1627_07885,KGE99083.1,Glyoxalase,69.5
1284680.HMPREF1627_00800,KGF07332.1,50S&nbsp;ribosomal&nbsp;protein&nbsp;L9,69.4
1284680.HMPREF1627_00285,KGF10950.1,Uncharacterized&nbsp;protein,69.2
1284680.HMPREF1627_08420,KGE99174.1,ABC&nbsp;transporter&nbsp;ATP-binding&nbsp;protein,69.1
1284680.HMPREF1627_06270,KGF00400.1,Uncharacterized&nbsp;protein,69.1
1284680.HMPREF1627_04320,rpsM,30S&nbsp;ribosomal&nbsp;protein&nbsp;S13,68.9
1284680.HMPREF1627_10095,apt,Adenine&nbsp;phosphoribosyltransferase,68.6
1284680.HMPREF1627_07690,dnaG,DNA&nbsp;primase,68.3
1284680.HMPREF1627_07750,KGE99061.1,Sialidase,68.2
1284680.HMPREF1627_09665,gmk,Guanylate&nbsp;kinase,68.0
1284680.HMPREF1627_05575,gatC,Aspartyl/glutamyl-tRNA(Asn/Gln)&nbsp;amidotransferase&nbsp;subunit&nbsp;C,67.9
1284680.HMPREF1627_04535,KGF00867.1,Fumarate&nbsp;hydratase,67.3
1284680.HMPREF1627_05090,rpmA,50S&nbsp;ribosomal&nbsp;protein&nbsp;L27,67.3
1284680.HMPREF1627_02745,KGF01040.1,Ribonucleoside-diphosphate&nbsp;reductase&nbsp;subunit&nbsp;beta,67.2
1284680.HMPREF1627_00075,KGF12109.1,Pyruvate&nbsp;dehydrogenase,67.2
1284680.HMPREF1627_04815,ftsY,Signal&nbsp;recognition&nbsp;particle&nbsp;receptor&nbsp;FtsY,67.1
1284680.HMPREF1627_07740,KGE99059.1,Acetolactate&nbsp;synthase,67.0
1284680.HMPREF1627_04995,KGF00543.1,Glycerol-3-phosphate&nbsp;dehydrogenase,66.9
1284680.HMPREF1627_07155,KGE99880.1,NADH-quinone&nbsp;oxidoreductase&nbsp;subunit&nbsp;J,66.8
1284680.HMPREF1627_08170,KGE99131.1,Zinc&nbsp;ABC&nbsp;transporter&nbsp;permease,66.7
1284680.HMPREF1627_01975,KGF04572.1,Glycosyl&nbsp;transferase,66.6
1284680.HMPREF1627_05125,KGF00565.1,ABC&nbsp;transporter,66.5
1284680.HMPREF1627_05060,KGF00554.1,Histidine&nbsp;phosphatase,66.2
1284680.HMPREF1627_07805,leuB,3-isopropylmalate&nbsp;dehydrogenase,66.0
1284680.HMPREF1627_02445,KGF00990.1,Metal&nbsp;ABC&nbsp;transporter&nbsp;permease,65.9
1284680.HMPREF1627_08800,KGE99245.1,Catalyzes&nbsp;the&nbsp;interconversion&nbsp;of&nbsp;ribose&nbsp;5-phosphate&nbsp;to&nbsp;ribulose&nbsp;5-phosphate,65.7
1284680.HMPREF1627_08490,KGE99186.1,Ferredoxin,65.7
1284680.HMPREF1627_02140,KGF03293.1,Uncharacterized&nbsp;protein,65.7
1284680.HMPREF1627_07185,nuoD,NADH-quinone&nbsp;oxidoreductase&nbsp;subunit&nbsp;D,65.5
1284680.HMPREF1627_10130,pdxT,Pyridoxal&nbsp;5'-phosphate&nbsp;synthase&nbsp;subunit&nbsp;PdxT,65.5
1284680.HMPREF1627_10250,KGE99512.1,Cysteine&nbsp;desulfurase,65.0
1284680.HMPREF1627_06435,KGF00018.1,Isoprenyl&nbsp;transferase,64.8
1284680.HMPREF1627_07235,menC,O-succinylbenzoate&nbsp;synthase,64.7
1284680.HMPREF1627_09635,aroC,Chorismate&nbsp;synthase,64.6
1284680.HMPREF1627_07395,KGE99925.1,Hypoxanthine&nbsp;phosphoribosyltransferase,64.5
1284680.HMPREF1627_02080,KGF03602.1,ABC&nbsp;transporter,64.3
1284680.HMPREF1627_02030,KGF04326.1,Uncharacterized&nbsp;protein,64.3
1284680.HMPREF1627_04095,KGF00787.1,Sugar&nbsp;ABC&nbsp;transporter&nbsp;ATP-binding&nbsp;protein,64.2
1284680.HMPREF1627_08920,atpF,ATP&nbsp;synthase&nbsp;subunit&nbsp;b,64.2
1284680.HMPREF1627_00935,KGF06778.1,Chlorophyll&nbsp;synthesis&nbsp;pathway&nbsp;protein&nbsp;BchC,64.1
1284680.HMPREF1627_06580,nadE,Glutamine-dependent&nbsp;NAD(+)&nbsp;synthetase,64.0
1284680.HMPREF1627_09940,uvrB,UvrABC&nbsp;system&nbsp;protein&nbsp;B,64.0
1284680.HMPREF1627_05410,recA,Protein&nbsp;RecA,63.9
1284680.HMPREF1627_03625,KGF01192.1,DNA&nbsp;polymerase&nbsp;III&nbsp;subunit&nbsp;gamma/tau,63.9
1284680.HMPREF1627_08565,KGE99201.1,UDP-galactopyranose&nbsp;mutase,63.8
1284680.HMPREF1627_07595,KGE99032.1,ABC&nbsp;transporter&nbsp;substrate-binding&nbsp;protein,63.8
1284680.HMPREF1627_05900,KGF00333.1,Cytochrome&nbsp;c&nbsp;oxidase&nbsp;subunit&nbsp;II,63.6
1284680.HMPREF1627_08560,KGE99200.1,Glycosyl&nbsp;transferase,63.5
1284680.HMPREF1627_09145,ilvA,L-threonine&nbsp;dehydratase,63.2
1284680.HMPREF1627_03170,rplI,50S&nbsp;ribosomal&nbsp;protein&nbsp;L9,63.1
1284680.HMPREF1627_05660,prfB,Peptide&nbsp;chain&nbsp;release&nbsp;factor&nbsp;2,63.1
1284680.HMPREF1627_09900,KGE99444.1,Glutamine&nbsp;synthetase,62.9
1284680.HMPREF1627_01210,KGF06191.1,Uncharacterized&nbsp;protein,62.9
1284680.HMPREF1627_08185,glyA,Serine&nbsp;hydroxymethyltransferase,62.6
1284680.HMPREF1627_04675,def,Peptide&nbsp;deformylase,62.5
1284680.HMPREF1627_00310,KGF10875.1,ABC&nbsp;transporter&nbsp;ATP-binding&nbsp;protein,62.4
1284680.HMPREF1627_09380,KGE99351.1,Dihydrolipoyl&nbsp;dehydrogenase,62.4
1284680.HMPREF1627_07165,nuoH,NADH-quinone&nbsp;oxidoreductase&nbsp;subunit&nbsp;H,62.3
1284680.HMPREF1627_05300,murF,UDP-N-acetylmuramoyl-tripeptide--D-alanyl-D-alanine&nbsp;ligase,62.2
1284680.HMPREF1627_04810,ffh,Signal&nbsp;recognition&nbsp;particle&nbsp;protein,62.2
1284680.HMPREF1627_06485,eno,Enolase,62.2
1284680.HMPREF1627_03630,recR,Recombination&nbsp;protein&nbsp;RecR,62.2
1284680.HMPREF1627_04990,KGF00542.1,Glycerol-3-phosphate&nbsp;dehydrogenase,62.2
1284680.HMPREF1627_03645,KGF01196.1,"Phosphotransferase&nbsp;system,&nbsp;enzyme&nbsp;I",62.1
1284680.HMPREF1627_04215,rpsS,30S&nbsp;ribosomal&nbsp;protein&nbsp;S19,61.9
1284680.HMPREF1627_07315,KGE99911.1,Acyl-CoA&nbsp;synthetase,61.9
1284680.HMPREF1627_01050,KGF06626.1,Methylmalonate-semialdehyde&nbsp;dehydrogenase,61.6
1284680.HMPREF1627_04360,glmM,Phosphoglucosamine&nbsp;mutase,61.5
1284680.HMPREF1627_07990,gltX,Glutamate--tRNA&nbsp;ligase,61.4
1284680.HMPREF1627_05295,mraY,Phospho-N-acetylmuramoyl-pentapeptide-transferase,61.3
1284680.HMPREF1627_07190,nuoC,NADH-quinone&nbsp;oxidoreductase&nbsp;subunit&nbsp;C,61.3
1284680.HMPREF1627_04335,KGF00832.1,50S&nbsp;ribosomal&nbsp;protein&nbsp;L17,61.3
1284680.HMPREF1627_00955,KGF06766.1,Uncharacterized&nbsp;protein,61.2
1284680.HMPREF1627_09060,leuS,Leucine--tRNA&nbsp;ligase,60.9
1284680.HMPREF1627_04370,KGF00838.1,Beta-galactosidase,60.7
1284680.HMPREF1627_05120,KGF00564.1,Cysteine&nbsp;ABC&nbsp;transporter&nbsp;permease,60.6
1284680.HMPREF1627_07735,KGE99058.1,Acetolactate&nbsp;synthase&nbsp;large&nbsp;subunit,60.5
1284680.HMPREF1627_04915,KGF00528.1,ABC&nbsp;transporter&nbsp;permease,60.4
1284680.HMPREF1627_10015,KGE99465.1,Uncharacterized&nbsp;protein,60.3
1284680.HMPREF1627_02300,KGF01596.1,30S&nbsp;ribosomal&nbsp;protein&nbsp;S10,60.3
1284680.HMPREF1627_04265,rpsH,30S&nbsp;ribosomal&nbsp;protein&nbsp;S8,60.2
1284680.HMPREF1627_02420,acpS,Holo-[acyl-carrier-protein]&nbsp;synthase,60.1
1284680.HMPREF1627_01110,KGF06551.1,Uncharacterized&nbsp;protein,60.0
1284680.HMPREF1627_03650,KGF01197.1,Aspartokinase,59.9
1284680.HMPREF1627_03155,rpsF,30S&nbsp;ribosomal&nbsp;protein&nbsp;S6,59.7
1284680.HMPREF1627_07385,folE,GTP&nbsp;cyclohydrolase&nbsp;1,59.5
1284680.HMPREF1627_04565,pheT,Phenylalanine--tRNA&nbsp;ligase&nbsp;beta&nbsp;subunit,59.5
1284680.HMPREF1627_07240,KGE99897.1,Beta-galactosidase,59.4
1284680.HMPREF1627_09895,uvrC,UvrABC&nbsp;system&nbsp;protein&nbsp;C,59.4
1284680.HMPREF1627_02860,KGF01062.1,"All-trans-retinol&nbsp;13,14-reductase",59.4
1284680.HMPREF1627_08520,KGE99192.1,UDP-glucose&nbsp;4-epimerase,59.4
1284680.HMPREF1627_00215,KGF11269.1,Uncharacterized&nbsp;protein,59.3
1284680.HMPREF1627_04240,rpsQ,30S&nbsp;ribosomal&nbsp;protein&nbsp;S17,59.3
1284680.HMPREF1627_08735,rsgA,Small&nbsp;ribosomal&nbsp;subunit&nbsp;biogenesis&nbsp;GTPase&nbsp;RsgA,59.3
1284680.HMPREF1627_06280,sucC,Succinate--CoA&nbsp;ligase&nbsp;[ADP-forming]&nbsp;subunit&nbsp;beta,59.2
1284680.HMPREF1627_04350,rplM,50S&nbsp;ribosomal&nbsp;protein&nbsp;L13,59.2
1284680.HMPREF1627_04595,KGF00471.1,Uncharacterized&nbsp;protein,59.1
1284680.HMPREF1627_10295,nadK,NAD&nbsp;kinase,59.0
1284680.HMPREF1627_08695,hpf,Ribosome&nbsp;hibernation&nbsp;promoting&nbsp;factor,58.7
1284680.HMPREF1627_05175,rpmB,50S&nbsp;ribosomal&nbsp;protein&nbsp;L28,58.5
1284680.HMPREF1627_04800,rpsP,30S&nbsp;ribosomal&nbsp;protein&nbsp;S16,58.5
1284680.HMPREF1627_09695,fmt,Methionyl-tRNA&nbsp;formyltransferase,58.4
1284680.HMPREF1627_04625,KGF00475.1,Uncharacterized&nbsp;protein,58.3
1284680.HMPREF1627_09285,pfp,Pyrophosphate--fructose&nbsp;6-phosphate&nbsp;1-phosphotransferase,58.2
1284680.HMPREF1627_04730,tsf,Elongation&nbsp;factor&nbsp;Ts,58.1
1284680.HMPREF1627_02955,KGF01079.1,Uncharacterized&nbsp;protein,58.1
1284680.HMPREF1627_04245,rplN,50S&nbsp;ribosomal&nbsp;protein&nbsp;L14,58.1
1284680.HMPREF1627_06265,guaA,GMP&nbsp;synthase&nbsp;[glutamine-hydrolyzing],57.9
1284680.HMPREF1627_04250,KGF00815.1,50S&nbsp;ribosomal&nbsp;protein&nbsp;L24,57.9
1284680.HMPREF1627_08965,KGE99274.1,N-acetylglucosamine-6-phosphate&nbsp;deacetylase,57.7
1284680.HMPREF1627_02270,KGF01868.1,Oxidoreductase,57.6
1284680.HMPREF1627_07250,KGE99899.1,ABC&nbsp;transporter&nbsp;permease,57.2
1284680.HMPREF1627_04235,rpmC,50S&nbsp;ribosomal&nbsp;protein&nbsp;L29,57.2
1284680.HMPREF1627_04115,KGF00790.1,Pyridine&nbsp;nucleotide-disulfide&nbsp;oxidoreductase,57.1
1284680.HMPREF1627_08865,thrB,Homoserine&nbsp;kinase,57.0
1284680.HMPREF1627_05435,KGF00622.1,Carbohydrate&nbsp;kinase,56.9
1284680.HMPREF1627_09180,KGE99312.1,PTS&nbsp;sugar&nbsp;transporter&nbsp;subunit&nbsp;IIA,56.8
1284680.HMPREF1627_04295,secY,Protein&nbsp;translocase&nbsp;subunit&nbsp;SecY,56.8
1284680.HMPREF1627_04285,rpmD,50S&nbsp;ribosomal&nbsp;protein&nbsp;L30,56.8
1284680.HMPREF1627_08760,KGE99238.1,Lysophospholipase,56.7
1284680.HMPREF1627_06785,KGE99814.1,Pyruvate&nbsp;dehydrogenase,56.6
1284680.HMPREF1627_06790,KGE99815.1,Oxidoreductase,56.6
1284680.HMPREF1627_10105,secD,Protein&nbsp;translocase&nbsp;subunit&nbsp;SecD,56.5
1284680.HMPREF1627_09375,KGE99350.1,Dihydrolipoamide&nbsp;acetyltransferase&nbsp;component&nbsp;of&nbsp;pyruvate&nbsp;dehydrogenase&nbsp;complex,56.5
1284680.HMPREF1627_09000,KGE99281.1,Glycogen&nbsp;debranching&nbsp;protein,56.4
1284680.HMPREF1627_05845,trpA,Tryptophan&nbsp;synthase&nbsp;alpha&nbsp;chain,56.3
1284680.HMPREF1627_02675,KGF01028.1,Ribonucleoside-diphosphate&nbsp;reductase,56.3
1284680.HMPREF1627_02720,rnhA,Ribonuclease&nbsp;H,56.3
1284680.HMPREF1627_01105,KGF06561.1,ABC&nbsp;transporter&nbsp;ATP-binding&nbsp;protein,56.2
1284680.HMPREF1627_04230,rplP,50S&nbsp;ribosomal&nbsp;protein&nbsp;L16,56.2
1284680.HMPREF1627_07680,KGE99048.1,Uncharacterized&nbsp;protein,56.2
1284680.HMPREF1627_03490,KGF01169.1,Crp/Fnr&nbsp;family&nbsp;transcriptional&nbsp;regulator,56.2
1284680.HMPREF1627_00735,KGF07703.1,50S&nbsp;ribosomal&nbsp;protein&nbsp;L24,56.1
1284680.HMPREF1627_07555,recO,DNA&nbsp;repair&nbsp;protein&nbsp;RecO,55.9
1284680.HMPREF1627_03290,rpmH,50S&nbsp;ribosomal&nbsp;protein&nbsp;L34,55.9
1284680.HMPREF1627_00460,KGF10023.1,Lipoate--protein&nbsp;ligase,55.9
1284680.HMPREF1627_06430,KGF00017.1,Ribokinase,55.9
1284680.HMPREF1627_07580,KGE99029.1,ABC&nbsp;transporter&nbsp;ATP-binding&nbsp;protein,55.8
1284680.HMPREF1627_04435,KGF00849.1,Succinate&nbsp;dehydrogenase,55.8
1284680.HMPREF1627_04190,rpsJ,30S&nbsp;ribosomal&nbsp;protein&nbsp;S10,55.7
1284680.HMPREF1627_08165,KGE99130.1,ABC&nbsp;transporter,55.6
1284680.HMPREF1627_06970,KGE99849.1,Cobalt&nbsp;ABC&nbsp;transporter,55.6
1284680.HMPREF1627_04170,rpsL,30S&nbsp;ribosomal&nbsp;protein&nbsp;S12,55.5
1284680.HMPREF1627_02510,KGF01001.1,ABC&nbsp;transporter&nbsp;substrate-binding&nbsp;protein,55.5
1284680.HMPREF1627_00175,KGF11432.1,Ribose&nbsp;5-phosphate&nbsp;isomerase,55.4
1284680.HMPREF1627_08080,KGE99116.1,Thermostable&nbsp;alkaline&nbsp;protease,55.3
1284680.HMPREF1627_06520,KGF00032.1,Uncharacterized&nbsp;protein,55.0
1284680.HMPREF1627_07130,KGE99875.1,Geranylgeranyl&nbsp;pyrophosphate&nbsp;synthase,54.6
1284680.HMPREF1627_07245,KGE99898.1,ABC&nbsp;transporter&nbsp;permease,54.6
1284680.HMPREF1627_09730,KGE99412.1,Uncharacterized&nbsp;protein,54.6
1284680.HMPREF1627_10160,KGE99494.1,Glutamine&nbsp;synthetase,54.5
1284680.HMPREF1627_07305,KGE99909.1,Fructose-bisphosphate&nbsp;aldolase,54.4
1284680.HMPREF1627_07080,KGE99868.1,ABC&nbsp;transporter&nbsp;permease,54.3
1284680.HMPREF1627_00730,KGF07704.1,50S&nbsp;ribosomal&nbsp;protein&nbsp;L5,53.9
1284680.HMPREF1627_02560,KGF01009.1,Collagen-binding&nbsp;protein,53.9
1284680.HMPREF1627_07720,infB,Translation&nbsp;initiation&nbsp;factor&nbsp;IF-2,53.9
1284680.HMPREF1627_04175,rpsG,30S&nbsp;ribosomal&nbsp;protein&nbsp;S7,53.8
1284680.HMPREF1627_10120,ruvA,Holliday&nbsp;junction&nbsp;ATP-dependent&nbsp;DNA&nbsp;helicase&nbsp;RuvA,53.8
1284680.HMPREF1627_06750,fhs,Formate--tetrahydrofolate&nbsp;ligase,53.6
1284680.HMPREF1627_05230,KGF00585.1,DNA-directed&nbsp;DNA&nbsp;polymerase,53.3
1284680.HMPREF1627_09015,KGE99284.1,Aminotransferase,53.2
1284680.HMPREF1627_01310,KGF05147.1,"Pyruvate,&nbsp;phosphate&nbsp;dikinase",53.1
1284680.HMPREF1627_10100,secF,Protein-export&nbsp;membrane&nbsp;protein&nbsp;SecF,53.1
1284680.HMPREF1627_08125,KGE99122.1,Chorismate&nbsp;mutase,53.0
1284680.HMPREF1627_07180,KGE99885.1,NADH&nbsp;dehydrogenase,53.0
1284680.HMPREF1627_00710,KGF07754.1,Phosphoglycerate&nbsp;kinase,53.0
1284680.HMPREF1627_08075,KGE99115.1,Hydroxyacid&nbsp;dehydrogenase,52.9
1284680.HMPREF1627_07145,KGE99878.1,NADH-quinone&nbsp;oxidoreductase&nbsp;subunit&nbsp;L,52.7
1284680.HMPREF1627_05200,rplT,50S&nbsp;ribosomal&nbsp;protein&nbsp;L20,52.7
1284680.HMPREF1627_09705,KGE99407.1,Ribulose-phosphate&nbsp;3-epimerase,52.4
1284680.HMPREF1627_07430,KGE99932.1,ABC&nbsp;transporter&nbsp;permease,52.0
1284680.HMPREF1627_10245,KGE99511.1,Nitrogen&nbsp;fixation&nbsp;protein&nbsp;NifU,51.9
1284680.HMPREF1627_08850,KGE99255.1,Formate&nbsp;acetyltransferase,51.8
1284680.HMPREF1627_06425,xseB,Exodeoxyribonuclease&nbsp;7&nbsp;small&nbsp;subunit,51.8
1284680.HMPREF1627_09075,KGE99293.1,Serine&nbsp;acetyltransferase,51.8
1284680.HMPREF1627_07585,KGE99030.1,ABC&nbsp;transporter&nbsp;substrate-binding&nbsp;protein,51.6
1284680.HMPREF1627_09865,tpiA,Triosephosphate&nbsp;isomerase,51.6
1284680.HMPREF1627_04465,groS,10&nbsp;kDa&nbsp;chaperonin,51.5
1284680.HMPREF1627_04260,rpsN,30S&nbsp;ribosomal&nbsp;protein&nbsp;S14&nbsp;type&nbsp;Z,51.5
1284680.HMPREF1627_05905,KGF00334.1,Phosphomannomutase,51.4
1284680.HMPREF1627_02505,KGF01000.1,ABC&nbsp;transporter&nbsp;permease,51.3
