637911.AM305_09126,EER47155.1,Cysteine/glutathione&nbsp;ABC&nbsp;transporter&nbsp;membrane/ATP-binding&nbsp;component,98.5
637911.AM305_08579,ilvM,"COG3978&nbsp;Acetolactate&nbsp;synthase&nbsp;(isozyme&nbsp;II),&nbsp;small&nbsp;(regulatory)&nbsp;subunit",98.4
637911.AM305_02238,rpoB,DNA-directed&nbsp;RNA&nbsp;polymerase&nbsp;subunit&nbsp;beta,98.3
637911.AM305_10781,metG,Methionine--tRNA&nbsp;ligase,98.3
637911.AM305_00409,EER46472.1,Invertase,98.2
637911.AM305_03693,lolD,Lipoprotein-releasing&nbsp;system&nbsp;ATP-binding&nbsp;protein&nbsp;LolD,98.1
637911.AM305_08049,EER47263.1,"COG2927&nbsp;DNA&nbsp;polymerase&nbsp;III,&nbsp;chi&nbsp;subunit",98.0
637911.AM305_09216,purH,Bifunctional&nbsp;purine&nbsp;biosynthesis&nbsp;protein&nbsp;PurH,98.0
637911.AM305_00444,pgk,COG0126&nbsp;3-phosphoglycerate&nbsp;kinase,98.0
637911.AM305_07398,fbpC,Fe(3+)&nbsp;ions&nbsp;import&nbsp;ATP-binding&nbsp;protein&nbsp;FbpC,97.8
637911.AM305_07393,EER47486.1,"COG1178&nbsp;ABC-type&nbsp;Fe3+&nbsp;transport&nbsp;system,&nbsp;permease&nbsp;component",97.7
637911.AM305_00314,EER46453.1,COG0111&nbsp;Phosphoglycerate&nbsp;dehydrogenase&nbsp;and&nbsp;related&nbsp;dehydrogenases,97.6
637911.AM305_10346,purU,Formyltetrahydrofolate&nbsp;deformylase,97.5
637911.AM305_11160,purT,Formate-dependent&nbsp;phosphoribosylglycinamide&nbsp;formyltransferase,97.4
637911.AM305_11800,EER46566.1,"ABC&nbsp;transporter,&nbsp;ATP-binding/permease&nbsp;protein",97.2
637911.AM305_01064,EER48194.1,Thiamine-binding&nbsp;periplasmic&nbsp;protein,97.2
637911.AM305_06511,EER47596.1,COG0147&nbsp;Anthranilate/para-aminobenzoate&nbsp;synthases&nbsp;component&nbsp;I,97.2
637911.AM305_07613,folE,COG0302&nbsp;GTP&nbsp;cyclohydrolase&nbsp;I,97.1
637911.AM305_09036,guaB,Inosine-5'-monophosphate&nbsp;dehydrogenase,97.0
637911.AM305_01284,rplF,50S&nbsp;ribosomal&nbsp;protein&nbsp;L6,96.6
637911.AM305_08756,EER47185.1,Uncharacterized&nbsp;protein,96.5
637911.AM305_04613,secE,Protein&nbsp;translocase&nbsp;subunit&nbsp;SecE,96.4
637911.AM305_11180,dnaE,"COG0587&nbsp;DNA&nbsp;polymerase&nbsp;III,&nbsp;alpha&nbsp;subunit",96.2
637911.AM305_09696,glgC,Glucose-1-phosphate&nbsp;adenylyltransferase,96.0
637911.AM305_03698,EER45969.1,Outer&nbsp;membrane-specific&nbsp;lipoprotein&nbsp;transporter&nbsp;subunit&nbsp;LolE,95.9
637911.AM305_03208,malG,"COG3833&nbsp;ABC-type&nbsp;maltose&nbsp;transport&nbsp;systems,&nbsp;permease&nbsp;component",95.9
637911.AM305_10611,sucC,Succinate--CoA&nbsp;ligase&nbsp;[ADP-forming]&nbsp;subunit&nbsp;beta,95.9
637911.AM305_09671,ackA,Acetate&nbsp;kinase,95.5
637911.AM305_03743,leuC,3-isopropylmalate&nbsp;dehydratase&nbsp;large&nbsp;subunit,95.5
637911.AM305_05669,EER47896.1,ABC&nbsp;transporter&nbsp;ATP&nbsp;binding&nbsp;protein,95.4
637911.AM305_06836,purN,Phosphoribosylglycinamide&nbsp;formyltransferase,95.4
637911.AM305_01922,EER46387.1,Putative&nbsp;L-ascorbate&nbsp;6-phosphate&nbsp;lactonase,95.4
637911.AM305_07443,aceF,Acetyltransferase&nbsp;component&nbsp;of&nbsp;pyruvate&nbsp;dehydrogenase&nbsp;complex,95.4
637911.AM305_01309,rplN,50S&nbsp;ribosomal&nbsp;protein&nbsp;L14,95.3
637911.AM305_07348,leuA,2-isopropylmalate&nbsp;synthase,95.2
637911.AM305_02408,ureC,Urease&nbsp;subunit&nbsp;alpha,95.2
637911.AM305_11720,trpC,Multifunctional&nbsp;fusion&nbsp;protein,95.2
637911.AM305_05304,EER47823.1,COG0664&nbsp;cAMP-binding&nbsp;proteins&nbsp;-&nbsp;catabolite&nbsp;gene&nbsp;activator&nbsp;and&nbsp;regulatory&nbsp;subunit&nbsp;of&nbsp;cAMP-dependent&nbsp;protein&nbsp;kinases,95.1
637911.AM305_05162,EER47971.1,COG0036&nbsp;Pentose-5-phosphate-3-epimerase,95.0
637911.AM305_10621,pntB,NAD(P)&nbsp;transhydrogenase&nbsp;subunit&nbsp;beta,95.0
637911.AM305_05269,rne,Ribonuclease&nbsp;E,94.7
637911.AM305_10616,sucD,Succinate--CoA&nbsp;ligase&nbsp;[ADP-forming]&nbsp;subunit&nbsp;alpha,94.5
637911.AM305_00729,EER46348.1,COG0859&nbsp;ADP-heptose:LPS&nbsp;heptosyltransferase,94.5
637911.AM305_09501,argA,Amino-acid&nbsp;acetyltransferase,94.3
637911.AM305_02831,glpA,COG0578&nbsp;Glycerol-3-phosphate&nbsp;dehydrogenase,94.2
637911.AM305_02513,EER46241.1,GlnQ&nbsp;protein,93.9
637911.AM305_09606,EER46949.1,Transcriptional&nbsp;regulatory&nbsp;protein&nbsp;CpxR,93.9
637911.AM305_09476,himA,Integration&nbsp;host&nbsp;factor&nbsp;subunit&nbsp;alpha,93.9
637911.AM305_05659,EER47894.1,"COG1463&nbsp;ABC-type&nbsp;transport&nbsp;system&nbsp;involved&nbsp;in&nbsp;resistance&nbsp;to&nbsp;organic&nbsp;solvents,&nbsp;periplasmic&nbsp;component",93.8
637911.AM305_08766,EER47187.1,Uridine&nbsp;phosphorylase,93.6
637911.AM305_01354,fmt,Methionyl-tRNA&nbsp;formyltransferase,93.6
637911.AM305_02318,EER46299.1,COG2197&nbsp;Response&nbsp;regulator&nbsp;containing&nbsp;a&nbsp;CheY-like&nbsp;receiver&nbsp;domain&nbsp;and&nbsp;an&nbsp;HTH&nbsp;DNA-binding&nbsp;domain,93.5
637911.AM305_02020,ansB,COG0252&nbsp;L-asparaginase/archaeal&nbsp;Glu-tRNAGln&nbsp;amidotransferase&nbsp;subunit&nbsp;D,93.5
637911.AM305_02598,EER46258.1,COG1686&nbsp;D-alanyl-D-alanine&nbsp;carboxypeptidase,93.3
637911.AM305_00050,ffh,Signal&nbsp;recognition&nbsp;particle&nbsp;protein,93.3
637911.AM305_00439,EER46478.1,COG0191&nbsp;Fructose/tagatose&nbsp;bisphosphate&nbsp;aldolase,93.2
637911.AM305_02177,accA,Acetyl-coenzyme&nbsp;A&nbsp;carboxylase&nbsp;carboxyl&nbsp;transferase&nbsp;subunit&nbsp;alpha,93.1
637911.AM305_05449,rpsR,30S&nbsp;ribosomal&nbsp;protein&nbsp;S18,93.1
637911.AM305_10206,ushA,Bifunctional&nbsp;UDP-sugar&nbsp;hydrolase/5'-nucleotidase&nbsp;periplasmic,93.1
637911.AM305_00180,rplV,50S&nbsp;ribosomal&nbsp;protein&nbsp;L22,93.1
637911.AM305_10776,ndk,Nucleoside&nbsp;diphosphate&nbsp;kinase,93.0
637911.AM305_10411,rpsO,30S&nbsp;ribosomal&nbsp;protein&nbsp;S15,93.0
637911.AM305_04488,EER48156.1,"COG0479&nbsp;Succinate&nbsp;dehydrogenase/fumarate&nbsp;reductase,&nbsp;Fe-S&nbsp;protein&nbsp;subunit",92.9
637911.AM305_03103,rplU,50S&nbsp;ribosomal&nbsp;protein&nbsp;L21,92.9
637911.AM305_01304,rplX,50S&nbsp;ribosomal&nbsp;protein&nbsp;L24,92.8
637911.AM305_10641,xseA,Exodeoxyribonuclease&nbsp;7&nbsp;large&nbsp;subunit,92.7
637911.AM305_00045,fumC,Fumarate&nbsp;hydratase&nbsp;class&nbsp;II,92.7
637911.AM305_08906,EER47215.1,COG0290&nbsp;Translation&nbsp;initiation&nbsp;factor&nbsp;3&nbsp;(IF-3),92.7
637911.AM305_02483,atpH,ATP&nbsp;synthase&nbsp;subunit&nbsp;delta,92.7
637911.AM305_08014,cysE,COG1045&nbsp;Serine&nbsp;acetyltransferase,92.6
637911.AM305_00709,EER46344.1,"COG4208&nbsp;ABC-type&nbsp;sulfate&nbsp;transport&nbsp;system,&nbsp;permease&nbsp;component",92.5
637911.AM305_01589,thrA,Bifunctional&nbsp;aspartokinase&nbsp;I/homeserine&nbsp;dehydrogenase&nbsp;I,92.5
637911.AM305_11580,lptE,LPS-assembly&nbsp;lipoprotein&nbsp;LptE,92.2
637911.AM305_10950,EER46691.1,COG0626&nbsp;Cystathionine&nbsp;beta-lyases/cystathionine&nbsp;gamma-synthases,92.1
637911.AM305_06821,EER47656.1,Sensor&nbsp;protein&nbsp;QseC,92.0
637911.AM305_02806,EER46192.1,Calcium-binding&nbsp;domain-containing&nbsp;protein,91.9
637911.AM305_09561,EER47050.1,Phospho-2-dehydro-3-deoxyheptonate&nbsp;aldolase,91.9
637911.AM305_02167,EER46329.1,COG0204&nbsp;1-acyl-sn-glycerol-3-phosphate&nbsp;acyltransferase,91.8
637911.AM305_08669,EER47387.1,COG1218&nbsp;3'-Phosphoadenosine&nbsp;5'-phosphosulfate&nbsp;(PAPS)&nbsp;3'-phosphatase,91.8
637911.AM305_10176,EER46904.1,COG0318&nbsp;Acyl-CoA&nbsp;synthetases&nbsp;(AMP-forming)/AMP-acid&nbsp;ligases&nbsp;II,91.7
637911.AM305_11280,EER46757.1,COG5009&nbsp;Membrane&nbsp;carboxypeptidase/penicillin-binding&nbsp;protein,91.7
637911.AM305_00165,rpmC,COG0255&nbsp;Ribosomal&nbsp;protein&nbsp;L29,91.7
637911.AM305_11905,mukB,Chromosome&nbsp;partition&nbsp;protein&nbsp;MukB,91.7
637911.AM305_00105,hslU,ATP-dependent&nbsp;protease&nbsp;ATPase&nbsp;subunit&nbsp;HslU,91.7
637911.AM305_04588,rplJ,50S&nbsp;ribosomal&nbsp;protein&nbsp;L10,91.7
637911.AM305_08274,glyS,"COG0751&nbsp;Glycyl-tRNA&nbsp;synthetase,&nbsp;beta&nbsp;subunit",91.6
637911.AM305_03193,malK,Maltose/maltodextrin&nbsp;import&nbsp;ATP-binding&nbsp;protein&nbsp;MalK,91.3
637911.AM305_10526,EER46876.1,Putative&nbsp;fatty&nbsp;acid&nbsp;oxidation&nbsp;complex&nbsp;alpha&nbsp;subunit,91.3
637911.AM305_00759,EER46354.1,Biotin&nbsp;carboxyl&nbsp;carrier&nbsp;protein&nbsp;of&nbsp;acetyl-CoA&nbsp;carboxylase,91.1
637911.AM305_03683,EER45966.1,COG1052&nbsp;Lactate&nbsp;dehydrogenase&nbsp;and&nbsp;related&nbsp;dehydrogenases,91.1
637911.AM305_12070,EER46620.1,COG0633&nbsp;Ferredoxin,91.0
637911.AM305_01042,EER45922.1,COG0175&nbsp;3'-phosphoadenosine&nbsp;5'-phosphosulfate&nbsp;sulfotransferase&nbsp;(PAPS&nbsp;reductase)/FAD&nbsp;synthetase&nbsp;and&nbsp;related&nbsp;enzymes,90.9
637911.AM305_11865,pnp,Polyribonucleotide&nbsp;nucleotidyltransferase,90.9
637911.AM305_11835,nagB,Glucosamine-6-phosphate&nbsp;deaminase,90.6
637911.AM305_02423,ureE,Urease&nbsp;accessory&nbsp;protein&nbsp;UreE,90.5
637911.AM305_05207,EER47969.1,Uncharacterized&nbsp;protein,90.4
637911.AM305_06486,trmU,tRNA-specific&nbsp;2-thiouridylase&nbsp;MnmA,90.4
637911.AM305_11935,EER46593.1,COG0057&nbsp;Glyceraldehyde-3-phosphate&nbsp;dehydrogenase/erythrose-4-phosphate&nbsp;dehydrogenase,90.2
637911.AM305_03203,malF,Maltose&nbsp;transporter&nbsp;membrane&nbsp;protein,90.2
637911.AM305_03198,malE,COG2182&nbsp;Maltose-binding&nbsp;periplasmic&nbsp;proteins/domains,90.2
637911.AM305_10311,EER46931.1,"COG4168&nbsp;ABC-type&nbsp;antimicrobial&nbsp;peptide&nbsp;transport&nbsp;system,&nbsp;permease&nbsp;component",90.1
637911.AM305_03805,EER45938.1,"COG0601&nbsp;ABC-type&nbsp;dipeptide/oligopeptide/nickel&nbsp;transport&nbsp;systems,&nbsp;permease&nbsp;components",90.1
637911.AM305_07984,EER47250.1,SseA&nbsp;protein,90.0
637911.AM305_07238,secG,COG1314&nbsp;Preprotein&nbsp;translocase&nbsp;subunit&nbsp;SecG,89.8
637911.AM305_10511,leuB,3-isopropylmalate&nbsp;dehydrogenase,89.7
637911.AM305_08119,rpoD,RNA&nbsp;polymerase&nbsp;sigma&nbsp;factor&nbsp;RpoD,89.7
637911.AM305_00205,rplC,50S&nbsp;ribosomal&nbsp;protein&nbsp;L3,89.5
637911.AM305_06761,pepA,Probable&nbsp;cytosol&nbsp;aminopeptidase,89.4
637911.AM305_09571,tdk,COG1435&nbsp;Thymidine&nbsp;kinase,89.2
637911.AM305_10771,EER46826.1,Bifunctional&nbsp;fructose-specific&nbsp;PTS&nbsp;IIA/HPr&nbsp;protein,89.1
637911.AM305_08589,nrfA,Cytochrome&nbsp;c-552,89.1
637911.AM305_04858,mobA,Molybdenum&nbsp;cofactor&nbsp;guanylyltransferase,89.0
637911.AM305_10446,mtgA,Biosynthetic&nbsp;peptidoglycan&nbsp;transglycosylase,88.9
637911.AM305_09021,guaA,GMP&nbsp;synthase&nbsp;[glutamine-hydrolyzing],88.8
637911.AM305_09636,aspC,COG1448&nbsp;Aspartate/tyrosine/aromatic&nbsp;aminotransferase,88.7
637911.AM305_03033,rpmG,COG0267&nbsp;Ribosomal&nbsp;protein&nbsp;L33,88.7
637911.AM305_11825,EER46571.1,COG1940&nbsp;Transcriptional&nbsp;regulator/sugar&nbsp;kinase,88.5
637911.AM305_03323,tmk,Thymidylate&nbsp;kinase,88.3
637911.AM305_05197,EER47978.1,Penicillin-binding&nbsp;protein&nbsp;1B,88.3
637911.AM305_08921,EER47218.1,FeoA&nbsp;family&nbsp;protein,88.0
637911.AM305_10466,trpA,Tryptophan&nbsp;synthase&nbsp;alpha&nbsp;chain,88.0
637911.AM305_00170,rplP,50S&nbsp;ribosomal&nbsp;protein&nbsp;L16,88.0
637911.AM305_06716,EER47635.1,COG2885&nbsp;Outer&nbsp;membrane&nbsp;protein&nbsp;and&nbsp;related&nbsp;peptidoglycan-associated&nbsp;(lipo)proteins,87.9
637911.AM305_04493,frdC,Fumarate&nbsp;reductase&nbsp;subunit&nbsp;C,87.8
637911.AM305_05594,EER47881.1,COG0745&nbsp;Response&nbsp;regulators&nbsp;consisting&nbsp;of&nbsp;a&nbsp;CheY-like&nbsp;receiver&nbsp;domain&nbsp;and&nbsp;a&nbsp;winged-helix&nbsp;DNA-binding&nbsp;domain,87.7
637911.AM305_01119,EER48205.1,"COG0834&nbsp;ABC-type&nbsp;amino&nbsp;acid&nbsp;transport/signal&nbsp;transduction&nbsp;systems,&nbsp;periplasmic&nbsp;component/domain",87.6
637911.AM305_05849,EER47932.1,COG0492&nbsp;Thioredoxin&nbsp;reductase,87.6
637911.AM305_03830,groS,10&nbsp;kDa&nbsp;chaperonin,87.6
637911.AM305_08344,EER47322.1,"COG2893&nbsp;Phosphotransferase&nbsp;system,&nbsp;mannose/fructose-specific&nbsp;component&nbsp;IIA",87.5
637911.AM305_03748,leuD,3-isopropylmalate&nbsp;dehydratase&nbsp;small&nbsp;subunit,87.5
637911.AM305_01962,EER46372.1,Thiol:disulfide&nbsp;interchange&nbsp;protein&nbsp;DsbE,87.3
637911.AM305_09801,EER46988.1,"Chelated&nbsp;iron&nbsp;ABC&nbsp;transporter,&nbsp;permease",87.2
637911.AM305_11065,eno,Enolase,87.2
637911.AM305_09836,purE,N5-carboxyaminoimidazole&nbsp;ribonucleotide&nbsp;mutase,87.2
637911.AM305_06676,fbp,"COG0158&nbsp;Fructose-1,6-bisphosphatase",87.2
637911.AM305_09236,EER47177.1,Lipoprotein,87.1
637911.AM305_04818,argH,COG0165&nbsp;Argininosuccinate&nbsp;lyase,87.0
637911.AM305_11335,EER46768.1,annotation&nbsp;not&nbsp;available,86.9
637911.AM305_10701,pyrE,Orotate&nbsp;phosphoribosyltransferase,86.8
637911.AM305_05974,menF,Isochorismate&nbsp;synthase&nbsp;MenF,86.8
637911.AM305_04748,tpiA,Triosephosphate&nbsp;isomerase,86.8
637911.AM305_01099,EER48201.1,Lactoylglutathione&nbsp;lyase,86.8
637911.AM305_03578,mglA,Galactose/methyl&nbsp;galactoside&nbsp;import&nbsp;ATP-binding&nbsp;protein&nbsp;MglA,86.7
637911.AM305_00569,hisH,Imidazole&nbsp;glycerol&nbsp;phosphate&nbsp;synthase&nbsp;subunit&nbsp;HisH,86.6
637911.AM305_07333,EER47474.1,COG0845&nbsp;Membrane-fusion&nbsp;protein,86.6
637911.AM305_02821,glpC,Sn-glycerol-3-phosphate&nbsp;dehydrogenase&nbsp;subunit&nbsp;C,86.6
637911.AM305_00255,rpoC,DNA-directed&nbsp;RNA&nbsp;polymerase&nbsp;subunit&nbsp;beta',86.6
637911.AM305_09946,EER47017.1,COG0079&nbsp;Histidinol-phosphate/aromatic&nbsp;aminotransferase&nbsp;and&nbsp;cobyric&nbsp;acid&nbsp;decarboxylase,86.5
637911.AM305_01801,ccmC,Heme&nbsp;exporter&nbsp;protein&nbsp;C,86.5
637911.AM305_00554,hisA,1-(5-phosphoribosyl)-5-[(5-phosphoribosylamino)methylideneamino]&nbsp;imidazole-4-carboxamide&nbsp;isomerase,86.3
637911.AM305_00434,EER46477.1,"COG4167&nbsp;ABC-type&nbsp;antimicrobial&nbsp;peptide&nbsp;transport&nbsp;system,&nbsp;ATPase&nbsp;component",86.0
637911.AM305_10536,EER46878.1,COG1760&nbsp;L-serine&nbsp;deaminase,86.0
637911.AM305_07518,dcd,dCTP&nbsp;deaminase,85.9
637911.AM305_09846,purK,N5-carboxyaminoimidazole&nbsp;ribonucleotide&nbsp;synthase,85.9
637911.AM305_01234,rpoA,DNA-directed&nbsp;RNA&nbsp;polymerase&nbsp;subunit&nbsp;alpha,85.8
637911.AM305_05879,deoD,COG0813&nbsp;Purine-nucleoside&nbsp;phosphorylase,85.7
637911.AM305_04733,proA,Gamma-glutamyl&nbsp;phosphate&nbsp;reductase,85.7
637911.AM305_08584,EER47370.1,Acetolactate&nbsp;synthase,85.7
637911.AM305_00185,rpsS,30S&nbsp;ribosomal&nbsp;protein&nbsp;S19,85.5
637911.AM305_09821,dapB,4-hydroxy-tetrahydrodipicolinate&nbsp;reductase,85.4
637911.AM305_03573,mglC,Beta-methylgalactoside&nbsp;transporter&nbsp;inner&nbsp;membrane&nbsp;component,85.3
637911.AM305_04763,EER48053.1,"COG0609&nbsp;ABC-type&nbsp;Fe3+-siderophore&nbsp;transport&nbsp;system,&nbsp;permease&nbsp;component",85.3
637911.AM305_10091,holA,"COG1466&nbsp;DNA&nbsp;polymerase&nbsp;III,&nbsp;delta&nbsp;subunit",85.2
637911.AM305_02851,glpK,Glycerol&nbsp;kinase,85.1
637911.AM305_10786,EER46829.1,COG1012&nbsp;NAD-dependent&nbsp;aldehyde&nbsp;dehydrogenases,84.9
637911.AM305_01124,artP,Arginine&nbsp;transporter&nbsp;ATP-binding&nbsp;subunit,84.9
637911.AM305_06371,rplY,50S&nbsp;ribosomal&nbsp;protein&nbsp;L25,84.5
637911.AM305_03108,rpmA,COG0211&nbsp;Ribosomal&nbsp;protein&nbsp;L27,84.4
637911.AM305_11635,EER46533.1,UTP--glucose-1-phosphate&nbsp;uridylyltransferase,84.4
637911.AM305_09996,EER47027.1,COG0634&nbsp;Hypoxanthine-guanine&nbsp;phosphoribosyltransferase,84.4
637911.AM305_01927,EER46388.1,Ascorbate-specific&nbsp;PTS&nbsp;system&nbsp;enzyme&nbsp;IIC/IIB,84.4
637911.AM305_07056,EER47703.1,Molybdopterin&nbsp;biosynthesis&nbsp;protein&nbsp;MoeB,84.3
637911.AM305_10461,polA,DNA&nbsp;polymerase&nbsp;I,84.3
637911.AM305_12180,EER46642.1,"COG4606&nbsp;ABC-type&nbsp;enterochelin&nbsp;transport&nbsp;system,&nbsp;permease&nbsp;component",84.2
637911.AM305_01379,surE,5'-nucleotidase&nbsp;SurE,84.1
637911.AM305_10821,EER46836.1,Aminoacyl-histidine&nbsp;dipeptidase,84.0
637911.AM305_04598,rplK,50S&nbsp;ribosomal&nbsp;protein&nbsp;L11,84.0
637911.AM305_12235,EER46653.1,Acriflavine&nbsp;resistance&nbsp;protein,84.0
637911.AM305_01714,recC,RecBCD&nbsp;enzyme&nbsp;subunit&nbsp;RecC,84.0
637911.AM305_05444,rplI,50S&nbsp;ribosomal&nbsp;protein&nbsp;L9,83.8
637911.AM305_01624,recD,RecBCD&nbsp;enzyme&nbsp;subunit&nbsp;RecD,83.8
637911.AM305_10166,rseB,COG3026&nbsp;Negative&nbsp;regulator&nbsp;of&nbsp;sigma&nbsp;E&nbsp;activity,83.8
637911.AM305_11095,plsB,COG2937&nbsp;Glycerol-3-phosphate&nbsp;O-acyltransferase,83.5
637911.AM305_06501,EER47594.1,Glutathione&nbsp;reductase,83.4
637911.AM305_10571,EER46883.1,BisC&nbsp;protein,83.4
637911.AM305_09681,dld,Quinone-dependent&nbsp;D-lactate&nbsp;dehydrogenase,83.3
637911.AM305_10061,EER47040.1,COG0623&nbsp;Enoyl-[acyl-carrier-protein]&nbsp;reductase&nbsp;(NADH),83.1
637911.AM305_03927,fucA,L-fuculose&nbsp;phosphate&nbsp;aldolase,83.0
637911.AM305_08019,gpsA,COG0240&nbsp;Glycerol-3-phosphate&nbsp;dehydrogenase,82.9
637911.AM305_02393,cysI,Sulfite&nbsp;reductase&nbsp;[NADPH]&nbsp;hemoprotein&nbsp;beta-component,82.7
637911.AM305_06566,EER47607.1,COG0304&nbsp;3-oxoacyl-(acyl-carrier-protein)&nbsp;synthase,82.6
637911.AM305_07643,EER47536.1,Histidine&nbsp;kinase,82.6
637911.AM305_09706,glgB,"1,4-alpha-glucan&nbsp;branching&nbsp;enzyme&nbsp;GlgB",82.5
637911.AM305_01791,ccmA,Cytochrome&nbsp;c&nbsp;biogenesis&nbsp;ATP-binding&nbsp;export&nbsp;protein&nbsp;CcmA,82.5
637911.AM305_00399,EER46470.1,Copper-containing&nbsp;nitrite&nbsp;reductase,82.4
637911.AM305_09186,EER47167.1,Riboflavin&nbsp;biosynthesis&nbsp;protein&nbsp;RibD,82.2
637911.AM305_01654,trmE,tRNA&nbsp;modification&nbsp;GTPase&nbsp;MnmE,82.1
637911.AM305_00454,EER46481.1,PTS&nbsp;system&nbsp;mannose/fructose/sorbose&nbsp;family&nbsp;IIB&nbsp;subunit,82.0
637911.AM305_03518,EER46008.1,P-protein,82.0
637911.AM305_11075,nagZ,Beta-hexosaminidase,82.0
637911.AM305_03648,EER45959.1,"COG0209&nbsp;Ribonucleotide&nbsp;reductase,&nbsp;alpha&nbsp;subunit",81.9
637911.AM305_09471,pheT,Phenylalanine--tRNA&nbsp;ligase&nbsp;beta&nbsp;subunit,81.7
637911.AM305_01114,EER48204.1,Arginine&nbsp;transporter&nbsp;permease&nbsp;subunit&nbsp;ArtQ,81.7
637911.AM305_10905,EER46682.1,Transketolase,81.6
637911.AM305_09676,EER46963.1,Phosphate&nbsp;acetyltransferase,81.5
637911.AM305_09536,EER47111.1,Putative&nbsp;transcriptional&nbsp;repressor&nbsp;of&nbsp;carbohydrate&nbsp;metabolism,81.5
637911.AM305_01214,rpsP,COG0228&nbsp;Ribosomal&nbsp;protein&nbsp;S16,81.2
637911.AM305_09581,glpX,"COG1494&nbsp;Fructose-1,6-bisphosphatase/sedoheptulose&nbsp;1,7-bisphosphatase&nbsp;and&nbsp;related&nbsp;proteins",81.2
637911.AM305_00704,cysA,Sulfate/thiosulfate&nbsp;import&nbsp;ATP-binding&nbsp;protein&nbsp;CysA,80.9
637911.AM305_11415,EER46784.1,COG1607&nbsp;Acyl-CoA&nbsp;hydrolase,80.7
637911.AM305_12040,EER46614.1,Iron-sulfur&nbsp;cluster&nbsp;assembly&nbsp;scaffold&nbsp;protein&nbsp;IscU,80.7
637911.AM305_08876,EER47209.1,Thioredoxin,80.6
637911.AM305_04708,glpE,Thiosulfate&nbsp;sulfurtransferase&nbsp;GlpE,80.5
637911.AM305_08664,zwf,Glucose-6-phosphate&nbsp;1-dehydrogenase,80.5
637911.AM305_02583,mrdA,"Peptidoglycan&nbsp;D,D-transpeptidase&nbsp;MrdA",80.1
637911.AM305_04498,frdD,Fumarate&nbsp;reductase&nbsp;subunit&nbsp;D,80.0
637911.AM305_01689,fabA,3-hydroxydecanoyl-[acyl-carrier-protein]&nbsp;dehydratase,79.6
637911.AM305_08414,EER47336.1,Heme-binding&nbsp;protein&nbsp;A,79.5
637911.AM305_03688,EER45967.1,Lipoprotein-releasing&nbsp;system&nbsp;transmembrane&nbsp;protein&nbsp;lolC,79.5
637911.AM305_06976,EER47687.1,"Reversible&nbsp;inhibitor&nbsp;of&nbsp;translation,&nbsp;co-repressor&nbsp;of&nbsp;relB&nbsp;operon&nbsp;transcription&nbsp;(RelE-like)&nbsp;protein",79.4
637911.AM305_00210,rpsJ,30S&nbsp;ribosomal&nbsp;protein&nbsp;S10,79.4
637911.AM305_06766,EER47645.1,Uncharacterized&nbsp;protein,79.2
637911.AM305_04903,thiP,Thiamine&nbsp;transporter&nbsp;membrane&nbsp;protein,79.1
637911.AM305_03763,tal,Transaldolase,79.0
637911.AM305_10816,gpt,Xanthine&nbsp;phosphoribosyltransferase,78.9
637911.AM305_09891,moaA,"GTP&nbsp;3',8-cyclase",78.8
637911.AM305_09466,pheS,COG0016&nbsp;Phenylalanyl-tRNA&nbsp;synthetase&nbsp;alpha&nbsp;subunit,78.5
637911.AM305_00175,rpsC,30S&nbsp;ribosomal&nbsp;protein&nbsp;S3,78.4
637911.AM305_06711,tolB,Protein&nbsp;TolB,78.3
637911.AM305_03083,fabG,3-ketoacyl-(Acyl-carrier-protein)&nbsp;reductase,78.3
637911.AM305_01771,EER46417.1,Cobalt&nbsp;transport&nbsp;protein&nbsp;CbiM,78.2
637911.AM305_02498,atpB,ATP&nbsp;synthase&nbsp;subunit&nbsp;a,78.1
637911.AM305_11000,secD,Protein&nbsp;translocase&nbsp;subunit&nbsp;SecD,77.8
637911.AM305_07016,EER47695.1,Putrescine-binding&nbsp;periplasmic&nbsp;protein,77.7
637911.AM305_11220,lpxD,UDP-3-O-acylglucosamine&nbsp;N-acyltransferase,77.6
637911.AM305_12095,rpsI,COG0103&nbsp;Ribosomal&nbsp;protein&nbsp;S9,77.5
637911.AM305_08796,modB,"COG4149&nbsp;ABC-type&nbsp;molybdate&nbsp;transport&nbsp;system,&nbsp;permease&nbsp;component",77.5
637911.AM305_10601,EER46792.1,Aminopeptidase&nbsp;B,77.2
637911.AM305_10156,EER46900.1,"COG1595&nbsp;DNA-directed&nbsp;RNA&nbsp;polymerase&nbsp;specialized&nbsp;sigma&nbsp;subunit,&nbsp;sigma24&nbsp;homolog",77.1
637911.AM305_07588,xseB,Exodeoxyribonuclease&nbsp;7&nbsp;small&nbsp;subunit,77.0
637911.AM305_03028,rpmB,COG0227&nbsp;Ribosomal&nbsp;protein&nbsp;L28,76.9
637911.AM305_00754,EER46353.1,COG0439&nbsp;Biotin&nbsp;carboxylase,76.9
637911.AM305_08309,EER47315.1,COG0498&nbsp;Threonine&nbsp;synthase,76.7
637911.AM305_02478,atpA,ATP&nbsp;synthase&nbsp;subunit&nbsp;alpha,76.6
637911.AM305_07458,prs,Ribose-phosphate&nbsp;pyrophosphokinase,76.6
637911.AM305_08024,secB,Protein-export&nbsp;protein&nbsp;SecB,76.5
637911.AM305_02938,EER46160.1,COG0347&nbsp;Nitrogen&nbsp;regulatory&nbsp;protein&nbsp;PII,76.4
637911.AM305_12090,rplM,50S&nbsp;ribosomal&nbsp;protein&nbsp;L13,76.3
637911.AM305_06746,pfkA,ATP-dependent&nbsp;6-phosphofructokinase,76.3
637911.AM305_08694,EER47392.1,COG5016&nbsp;Pyruvate/oxaloacetate&nbsp;carboxyltransferase,76.2
637911.AM305_11230,bamA,Outer&nbsp;membrane&nbsp;protein&nbsp;assembly&nbsp;factor&nbsp;BamA,76.1
637911.AM305_06376,EER47717.1,COG0281&nbsp;Malic&nbsp;enzyme,76.1
637911.AM305_00015,EER48244.1,COG1929&nbsp;Glycerate&nbsp;kinase,75.8
637911.AM305_00724,cysG,Siroheme&nbsp;synthase,75.7
637911.AM305_10161,EER46901.1,Anti-sigma-E&nbsp;factor&nbsp;RseA,75.7
637911.AM305_08689,EER47391.1,"COG1883&nbsp;Na+-transporting&nbsp;methylmalonyl-CoA/oxaloacetate&nbsp;decarboxylase,&nbsp;beta&nbsp;subunit",75.6
637911.AM305_05549,proC,Pyrroline-5-carboxylate&nbsp;reductase,75.6
637911.AM305_04623,def,Peptide&nbsp;deformylase,75.4
637911.AM305_03713,dnaQ,DNA&nbsp;polymerase&nbsp;III&nbsp;subunit&nbsp;epsilon,75.0
637911.AM305_06686,EER47629.1,COG0308&nbsp;Aminopeptidase&nbsp;N,74.9
637911.AM305_04893,EER48079.1,PTS&nbsp;system&nbsp;sucrose-specific&nbsp;EIIBC&nbsp;component,74.9
637911.AM305_02030,EER46363.1,DEAD-like&nbsp;helicases-like&nbsp;protein,74.7
637911.AM305_02923,dipZ,Thiol:disulfide&nbsp;interchange&nbsp;protein&nbsp;DsbD,74.6
637911.AM305_03318,EER46049.1,DNA&nbsp;polymerase&nbsp;III&nbsp;subunit&nbsp;delta,74.4
637911.AM305_07478,EER47503.1,High-affinity&nbsp;zinc&nbsp;uptake&nbsp;system&nbsp;membrane&nbsp;protein,74.4
637911.AM305_02428,ureF,Urease&nbsp;accessory&nbsp;protein&nbsp;UreF,74.4
637911.AM305_04313,rsgA,Small&nbsp;ribosomal&nbsp;subunit&nbsp;biogenesis&nbsp;GTPase&nbsp;RsgA,74.2
637911.AM305_10271,pckA,Phosphoenolpyruvate&nbsp;carboxykinase&nbsp;(ATP),74.1
637911.AM305_10301,EER46929.1,"COG4170&nbsp;ABC-type&nbsp;antimicrobial&nbsp;peptide&nbsp;transport&nbsp;system,&nbsp;ATPase&nbsp;component",74.1
637911.AM305_10036,himD,Integration&nbsp;host&nbsp;factor&nbsp;subunit&nbsp;beta,74.0
637911.AM305_10021,pyrF,Orotidine&nbsp;5'-phosphate&nbsp;decarboxylase,74.0
637911.AM305_01329,EER48029.1,Deoxyguanosinetriphosphate&nbsp;triphosphohydrolase-like&nbsp;protein,73.9
637911.AM305_05187,EER47976.1,"Guanosine-3',5'-bis(Diphosphate)&nbsp;3'-pyrophosphohydrolase",73.7
637911.AM305_02050,EER46367.1,Ser/Thr&nbsp;protein&nbsp;phosphatase&nbsp;family&nbsp;protein,73.7
637911.AM305_02463,atpC,ATP&nbsp;synthase&nbsp;epsilon&nbsp;chain,73.7
637911.AM305_09976,EER47023.1,COG0527&nbsp;Aspartokinases,73.7
637911.AM305_07011,grpE,Protein&nbsp;GrpE,73.6
637911.AM305_06806,secA,Protein&nbsp;translocase&nbsp;subunit&nbsp;SecA,73.5
637911.AM305_05664,EER47895.1,Permease,73.5
637911.AM305_00644,EER46519.1,COG0279&nbsp;Phosphoheptose&nbsp;isomerase,73.3
637911.AM305_08826,EER47199.1,Sulfurtransferase,73.3
637911.AM305_08059,EER47265.1,2-hydroxy-3-oxopropionate&nbsp;reductase,73.3
637911.AM305_03178,malS,Periplasmic&nbsp;alpha-amylase,73.1
637911.AM305_03148,EER46083.1,"Alpha-1,4&nbsp;glucan&nbsp;phosphorylase",73.0
637911.AM305_11840,nagA,COG1820&nbsp;N-acetylglucosamine-6-phosphate&nbsp;deacetylase,72.9
637911.AM305_04593,rplA,50S&nbsp;ribosomal&nbsp;protein&nbsp;L1,72.8
637911.AM305_07618,kdkA,3-deoxy-D-manno-octulosonic&nbsp;acid&nbsp;kinase,72.8
637911.AM305_12080,cpdB,"Bifunctional&nbsp;2',3'-cyclic&nbsp;nucleotide&nbsp;2'-phosphodiesterase/3'-nucleotidase&nbsp;periplasmic&nbsp;protein",72.7
637911.AM305_03810,EER45939.1,"COG1173&nbsp;ABC-type&nbsp;dipeptide/oligopeptide/nickel&nbsp;transport&nbsp;systems,&nbsp;permease&nbsp;components",72.6
637911.AM305_06781,glyA,Serine&nbsp;hydroxymethyltransferase,72.6
637911.AM305_08736,EER47246.1,COG1085&nbsp;Galactose-1-phosphate&nbsp;uridylyltransferase,72.6
637911.AM305_08599,EER47373.1,"Nitrate&nbsp;reductase,&nbsp;Fe-S&nbsp;protein",72.3
637911.AM305_09101,gpmA,"2,3-bisphosphoglycerate-dependent&nbsp;phosphoglycerate&nbsp;mutase",72.3
637911.AM305_02378,EER46272.1,COG1052&nbsp;Lactate&nbsp;dehydrogenase&nbsp;and&nbsp;related&nbsp;dehydrogenases,72.2
637911.AM305_01294,rpsN,30S&nbsp;ribosomal&nbsp;protein&nbsp;S14,72.1
637911.AM305_04908,EER48082.1,"COG1925&nbsp;Phosphotransferase&nbsp;system,&nbsp;HPr-related&nbsp;proteins",72.1
637911.AM305_10761,EER46824.1,COG1445&nbsp;Phosphotransferase&nbsp;system&nbsp;fructose-specific&nbsp;component&nbsp;IIB,72.1
637911.AM305_11315,thiL,Thiamine-monophosphate&nbsp;kinase,72.0
637911.AM305_10995,secF,Protein-export&nbsp;membrane&nbsp;protein&nbsp;SecF,72.0
637911.AM305_01249,rpsM,30S&nbsp;ribosomal&nbsp;protein&nbsp;S13,71.9
637911.AM305_11215,fabZ,3-hydroxyacyl-[acyl-carrier-protein]&nbsp;dehydratase&nbsp;FabZ,71.8
637911.AM305_05539,EER47870.1,COG0512&nbsp;Anthranilate/para-aminobenzoate&nbsp;synthases&nbsp;component&nbsp;II,71.7
637911.AM305_00299,ilvA,L-threonine&nbsp;dehydratase,71.4
637911.AM305_02693,EER46224.1,COG1553&nbsp;Uncharacterized&nbsp;conserved&nbsp;protein&nbsp;involved&nbsp;in&nbsp;intracellular&nbsp;sulfur&nbsp;reduction,71.3
637911.AM305_02628,mutS,DNA&nbsp;mismatch&nbsp;repair&nbsp;protein&nbsp;MutS,71.1
637911.AM305_02826,glpB,Anaerobic&nbsp;glycerol-3-phosphate&nbsp;dehydrogenase&nbsp;subunit&nbsp;B,71.1
637911.AM305_09486,nrdR,Transcriptional&nbsp;repressor&nbsp;NrdR,71.1
637911.AM305_05202,EER47979.1,Putative&nbsp;glucose-6-phosphate&nbsp;1-epimerase,71.0
637911.AM305_10316,EER46932.1,"COG4166&nbsp;ABC-type&nbsp;oligopeptide&nbsp;transport&nbsp;system,&nbsp;periplasmic&nbsp;component",71.0
637911.AM305_01109,artM,Arginine&nbsp;transporter&nbsp;permease&nbsp;subunit&nbsp;ArtM,70.9
637911.AM305_06556,EER47605.1,Anaerobic&nbsp;dimethyl&nbsp;sulfoxide&nbsp;reductase&nbsp;chain&nbsp;A,70.8
637911.AM305_03825,groL,60&nbsp;kDa&nbsp;chaperonin,70.8
637911.AM305_11875,mukF,Chromosome&nbsp;partition&nbsp;protein&nbsp;MukF,70.8
637911.AM305_05459,rpsF,30S&nbsp;ribosomal&nbsp;protein&nbsp;S6,70.7
637911.AM305_01139,mdh,Malate&nbsp;dehydrogenase,70.6
637911.AM305_03815,dppD,Dipeptide&nbsp;transporter&nbsp;ATP-binding&nbsp;subunit,70.3
637911.AM305_07882,EER47415.1,COG0334&nbsp;Glutamate&nbsp;dehydrogenase/leucine&nbsp;dehydrogenase,70.3
637911.AM305_05157,EER47970.1,Acyl&nbsp;carrier&nbsp;protein,70.3
637911.AM305_03063,EER46066.1,COG0160&nbsp;4-aminobutyrate&nbsp;aminotransferase&nbsp;and&nbsp;related&nbsp;aminotransferases,70.1
637911.AM305_09816,EER46991.1,COG0626&nbsp;Cystathionine&nbsp;beta-lyases/cystathionine&nbsp;gamma-synthases,70.0
637911.AM305_01259,secY,Protein&nbsp;translocase&nbsp;subunit&nbsp;SecY,70.0
637911.AM305_03308,asnA,Aspartate--ammonia&nbsp;ligase,69.9
637911.AM305_06741,EER47640.1,"Cysteine&nbsp;desulfurase,&nbsp;aminotransferase,&nbsp;class&nbsp;V",69.7
637911.AM305_11655,EER46537.1,Trehalose(Maltose)-specific&nbsp;PTS&nbsp;system&nbsp;components&nbsp;IIBC,69.7
637911.AM305_03890,lipB,Octanoyltransferase,69.7
637911.AM305_11460,thiI,tRNA&nbsp;sulfurtransferase,69.6
637911.AM305_05819,napA,Nitrate&nbsp;reductase,69.6
637911.AM305_02816,EER46183.1,COG1012&nbsp;NAD-dependent&nbsp;aldehyde&nbsp;dehydrogenases,69.6
637911.AM305_05704,potC,Spermidine/putrescine&nbsp;ABC&nbsp;transporter&nbsp;membrane&nbsp;protein,69.5
637911.AM305_05182,rpoZ,DNA-directed&nbsp;RNA&nbsp;polymerase&nbsp;subunit&nbsp;omega,69.4
637911.AM305_05429,adk,Adenylate&nbsp;kinase,69.2
637911.AM305_07673,znuC,Zinc&nbsp;import&nbsp;ATP-binding&nbsp;protein&nbsp;ZnuC,69.2
637911.AM305_05132,EER47984.1,Elongation&nbsp;factor&nbsp;Tu,69.1
637911.AM305_02948,ispH,4-hydroxy-3-methylbut-2-enyl&nbsp;diphosphate&nbsp;reductase,69.1
637911.AM305_08709,EER47395.1,DNA&nbsp;ligase,68.9
637911.AM305_08926,EER47219.1,COG0370&nbsp;Fe2+&nbsp;transport&nbsp;system&nbsp;protein&nbsp;B,68.8
637911.AM305_00459,EER46482.1,PTS&nbsp;system&nbsp;mannose/fructose/sorbose&nbsp;family&nbsp;IIC&nbsp;subunit,68.8
637911.AM305_02368,metE,5-methyltetrahydropteroyltriglutamate--homocysteine&nbsp;methyltransferase,68.8
637911.AM305_00474,EER46485.1,Putrescine-binding&nbsp;periplasmic&nbsp;protein,68.6
637911.AM305_01264,rplO,50S&nbsp;ribosomal&nbsp;protein&nbsp;L15,68.4
637911.AM305_09781,nusA,Transcription&nbsp;termination/antitermination&nbsp;protein&nbsp;NusA,68.4
637911.AM305_09591,EER47056.1,Putative&nbsp;macrolide-specific&nbsp;ABC-type&nbsp;efflux&nbsp;carrier,68.3
637911.AM305_11310,nusB,Transcription&nbsp;antitermination&nbsp;protein&nbsp;NusB,68.3
637911.AM305_06916,zipA,Cell&nbsp;division&nbsp;protein&nbsp;ZipA,68.2
637911.AM305_10591,fdhE,Protein&nbsp;FdhE&nbsp;homolog,68.1
637911.AM305_10471,trpB,Tryptophan&nbsp;synthase&nbsp;beta&nbsp;chain,68.0
637911.AM305_10326,gmhA,Phosphoheptose&nbsp;isomerase,67.9
637911.AM305_09686,EER46965.1,"Alpha-1,4&nbsp;glucan&nbsp;phosphorylase",67.7
637911.AM305_07438,EER47495.1,"COG1249&nbsp;Pyruvate/2-oxoglutarate&nbsp;dehydrogenase&nbsp;complex,&nbsp;dihydrolipoamide&nbsp;dehydrogenase&nbsp;(E3)&nbsp;component,&nbsp;and&nbsp;related&nbsp;enzymes",67.5
637911.AM305_10041,rpsA,30S&nbsp;ribosomal&nbsp;protein&nbsp;S1,67.4
637911.AM305_09621,accD,Acetyl-coenzyme&nbsp;A&nbsp;carboxylase&nbsp;carboxyl&nbsp;transferase&nbsp;subunit&nbsp;beta,67.3
637911.AM305_10521,EER46875.1,3-ketoacyl-CoA&nbsp;thiolase,67.1
637911.AM305_11670,gyrB,DNA&nbsp;gyrase&nbsp;subunit&nbsp;B,67.0
637911.AM305_09211,kgd,Alpha-ketoglutarate&nbsp;decarboxylase,66.9
637911.AM305_11890,EER46584.1,Condesin&nbsp;subunit&nbsp;E,66.9
637911.AM305_02698,EER46225.1,Possible&nbsp;sulfur&nbsp;oxidation&nbsp;protein&nbsp;DsrF,66.9
637911.AM305_09601,cpxA,Two-component&nbsp;sensor&nbsp;protein,66.7
637911.AM305_01744,EER46439.1,Bifunctional&nbsp;protein&nbsp;PutA,66.7
637911.AM305_10576,EER46884.1,BisC&nbsp;protein,66.7
637911.AM305_01224,EER48008.1,COG1109&nbsp;Phosphomannomutase,66.7
637911.AM305_07448,aceE,Pyruvate&nbsp;dehydrogenase&nbsp;E1&nbsp;component,66.6
637911.AM305_00654,EER46333.1,COG0174&nbsp;Glutamine&nbsp;synthetase,66.5
637911.AM305_06536,EER47601.1,COG1145&nbsp;Ferredoxin,66.3
637911.AM305_07663,EER47540.1,Thiol:disulfide&nbsp;interchange&nbsp;protein,66.2
637911.AM305_11035,EER46708.1,COG0514&nbsp;Superfamily&nbsp;II&nbsp;DNA&nbsp;helicase,65.9
637911.AM305_01299,rplE,50S&nbsp;ribosomal&nbsp;protein&nbsp;L5,65.9
637911.AM305_04483,EER48155.1,"COG1053&nbsp;Succinate&nbsp;dehydrogenase/fumarate&nbsp;reductase,&nbsp;flavoprotein&nbsp;subunit",65.8
637911.AM305_07273,pyrH,Uridylate&nbsp;kinase,65.7
637911.AM305_02968,rpsG,30S&nbsp;ribosomal&nbsp;protein&nbsp;S7,65.6
637911.AM305_02765,EER46206.1,Beta&nbsp;sliding&nbsp;clamp,65.6
637911.AM305_06971,EER47686.1,Bifunctional&nbsp;antitoxin/transcriptional&nbsp;repressor&nbsp;RelB,65.6
637911.AM305_07051,EER47702.1,COG0303&nbsp;Molybdopterin&nbsp;biosynthesis&nbsp;enzyme,65.6
637911.AM305_08539,rpsU,COG0828&nbsp;Ribosomal&nbsp;protein&nbsp;S21,65.5
637911.AM305_01977,mogA,Molybdenum&nbsp;cofactor&nbsp;biosynthesis&nbsp;protein,65.5
637911.AM305_03088,EER46071.1,COG0331&nbsp;(acyl-carrier-protein)&nbsp;S-malonyltransferase,65.5
637911.AM305_10766,fruK,Phosphofructokinase,65.4
637911.AM305_05714,potA,Spermidine/putrescine&nbsp;import&nbsp;ATP-binding&nbsp;protein&nbsp;PotA,65.4
637911.AM305_02558,gidA,tRNA&nbsp;uridine&nbsp;5-carboxymethylaminomethyl&nbsp;modification&nbsp;enzyme&nbsp;MnmG,65.3
637911.AM305_01932,EER46389.1,COG1762&nbsp;Phosphotransferase&nbsp;system&nbsp;mannitol/fructose-specific&nbsp;IIA&nbsp;domain&nbsp;(Ntr-type),65.3
637911.AM305_11015,bamD,Outer&nbsp;membrane&nbsp;protein&nbsp;assembly&nbsp;factor&nbsp;BamD,65.2
637911.AM305_10586,EER46886.1,COG2864&nbsp;Cytochrome&nbsp;b&nbsp;subunit&nbsp;of&nbsp;formate&nbsp;dehydrogenase,65.2
637911.AM305_12035,iscS,Cysteine&nbsp;desulfurase&nbsp;IscS,64.9
637911.AM305_03138,rpmH,COG0230&nbsp;Ribosomal&nbsp;protein&nbsp;L34,64.8
637911.AM305_01279,rplR,50S&nbsp;ribosomal&nbsp;protein&nbsp;L18,64.7
637911.AM305_02633,EER46212.1,COG0625&nbsp;Glutathione&nbsp;S-transferase,64.5
637911.AM305_11630,EER46532.1,COG1109&nbsp;Phosphomannomutase,64.2
637911.AM305_12185,EER46643.1,"COG4607&nbsp;ABC-type&nbsp;enterochelin&nbsp;transport&nbsp;system,&nbsp;periplasmic&nbsp;component",64.1
637911.AM305_04918,EER48084.1,COG2190&nbsp;Phosphotransferase&nbsp;system&nbsp;IIA&nbsp;components,64.0
637911.AM305_09701,EER46968.1,Glycogen&nbsp;debranching&nbsp;enzyme&nbsp;GlgX,64.0
637911.AM305_05419,EER47846.1,COG0147&nbsp;Anthranilate/para-aminobenzoate&nbsp;synthases&nbsp;component&nbsp;I,64.0
637911.AM305_05689,tyrA,T-protein,63.9
637911.AM305_11005,yajC,COG1862&nbsp;Preprotein&nbsp;translocase&nbsp;subunit&nbsp;YajC,63.7
637911.AM305_02883,cpdA,"3',5'-cyclic&nbsp;adenosine&nbsp;monophosphate&nbsp;phosphodiesterase&nbsp;CpdA",63.6
637911.AM305_08339,EER47321.1,Mannose&nbsp;permease&nbsp;IIC&nbsp;component,63.6
637911.AM305_04823,EER48065.1,COG1482&nbsp;Phosphomannose&nbsp;isomerase,63.5
637911.AM305_03448,EER45994.1,COG0560&nbsp;Phosphoserine&nbsp;phosphatase,63.5
637911.AM305_08801,EER47194.1,Molybdate-binding&nbsp;periplasmic&nbsp;protein,63.4
637911.AM305_06316,EER47778.1,Phage&nbsp;tail&nbsp;protein/putative&nbsp;Fels-1&nbsp;prophage&nbsp;host&nbsp;specificity&nbsp;protein,63.3
637911.AM305_01796,EER46396.1,Heme&nbsp;exporter&nbsp;protein&nbsp;B,63.2
637911.AM305_03653,EER45960.1,"COG0208&nbsp;Ribonucleotide&nbsp;reductase,&nbsp;beta&nbsp;subunit",63.1
637911.AM305_07046,purF,Amidophosphoribosyltransferase,63.1
637911.AM305_10731,EER46818.1,COG1587&nbsp;Uroporphyrinogen-III&nbsp;synthase,63.0
637911.AM305_00464,EER46483.1,Mannose-specific&nbsp;PTS&nbsp;system&nbsp;protein&nbsp;IID,62.9
637911.AM305_05874,deoC,Deoxyribose-phosphate&nbsp;aldolase,62.7
637911.AM305_10746,EER46821.1,COG1940&nbsp;Transcriptional&nbsp;regulator/sugar&nbsp;kinase,62.5
637911.AM305_00404,EER46471.1,Aminoimidazole&nbsp;riboside&nbsp;kinase,62.5
637911.AM305_06911,ligA,DNA&nbsp;ligase,62.5
637911.AM305_05684,EER47899.1,Phospho-2-dehydro-3-deoxyheptonate&nbsp;aldolase,62.4
637911.AM305_09796,EER46987.1,"Chelated&nbsp;iron&nbsp;ABC&nbsp;transporter,&nbsp;permease",62.4
637911.AM305_00604,EER46511.1,COG0079&nbsp;Histidinol-phosphate/aromatic&nbsp;aminotransferase&nbsp;and&nbsp;cobyric&nbsp;acid&nbsp;decarboxylase,62.3
637911.AM305_07678,folD,Bifunctional&nbsp;protein&nbsp;FolD,62.2
637911.AM305_09196,ribBA,Riboflavin&nbsp;biosynthesis&nbsp;protein&nbsp;RibBA,62.0
637911.AM305_05709,potB,Spermidine/putrescine&nbsp;ABC&nbsp;transporter&nbsp;membrane&nbsp;protein,61.9
637911.AM305_03895,lipA,Lipoyl&nbsp;synthase,61.9
637911.AM305_09811,EER46990.1,"Chelated&nbsp;iron&nbsp;ABC&nbsp;transporter,&nbsp;periplasmic-binding&nbsp;protein",61.9
637911.AM305_08916,recB,RecBCD&nbsp;enzyme&nbsp;subunit&nbsp;RecB,61.8
637911.AM305_01659,yidC,Membrane&nbsp;protein&nbsp;insertase&nbsp;YidC,61.8
637911.AM305_04738,mutL,DNA&nbsp;mismatch&nbsp;repair&nbsp;protein&nbsp;MutL,61.8
637911.AM305_00120,glmS,Glutamine--fructose-6-phosphate&nbsp;aminotransferase&nbsp;[isomerizing],61.8
637911.AM305_05519,EER47866.1,COG2040&nbsp;Homocysteine/selenocysteine&nbsp;methylase&nbsp;(S-methylmethionine-dependent),61.6
637911.AM305_11765,EER46559.1,Acetolactate&nbsp;synthase,61.5
637911.AM305_06666,EER47625.1,"COG1271&nbsp;Cytochrome&nbsp;bd-type&nbsp;quinol&nbsp;oxidase,&nbsp;subunit&nbsp;1",61.5
637911.AM305_01584,thrB,Homoserine&nbsp;kinase,61.4
637911.AM305_01439,ftsI,"Peptidoglycan&nbsp;D,D-transpeptidase&nbsp;FtsI",61.1
637911.AM305_10306,EER46930.1,"COG4171&nbsp;ABC-type&nbsp;antimicrobial&nbsp;peptide&nbsp;transport&nbsp;system,&nbsp;permease&nbsp;component",60.8
637911.AM305_01314,rpsT,30S&nbsp;ribosomal&nbsp;protein&nbsp;S20,60.8
637911.AM305_09096,EER47149.1,GTP&nbsp;pyrophosphokinase,60.6
637911.AM305_09081,tsf,Elongation&nbsp;factor&nbsp;Ts,60.6
637911.AM305_00160,rpsQ,30S&nbsp;ribosomal&nbsp;protein&nbsp;S17,60.5
637911.AM305_00714,EER46345.1,"COG0555&nbsp;ABC-type&nbsp;sulfate&nbsp;transport&nbsp;system,&nbsp;permease&nbsp;component",60.3
637911.AM305_09806,EER46989.1,"Chelated&nbsp;iron&nbsp;ABC&nbsp;transporter,&nbsp;ATP-binding&nbsp;protein",60.3
637911.AM305_00349,fabH,3-oxoacyl-[acyl-carrier-protein]&nbsp;synthase&nbsp;3,60.2
637911.AM305_01579,EER47134.1,COG0031&nbsp;Cysteine&nbsp;synthase,59.9
637911.AM305_06826,EER47657.1,Transcriptional&nbsp;regulatory&nbsp;protein,59.7
637911.AM305_01244,rpsK,30S&nbsp;ribosomal&nbsp;protein&nbsp;S11,59.5
637911.AM305_02493,atpE,ATP&nbsp;synthase&nbsp;subunit&nbsp;c,59.5
637911.AM305_03845,EER45946.1,COG0469&nbsp;Pyruvate&nbsp;kinase,59.5
637911.AM305_03563,EER46017.1,COG1087&nbsp;UDP-glucose&nbsp;4-epimerase,59.4
637911.AM305_01786,EER46394.1,COG0593&nbsp;ATPase&nbsp;involved&nbsp;in&nbsp;DNA&nbsp;replication&nbsp;initiation,59.3
637911.AM305_11965,EER46599.1,COG2027&nbsp;D-alanyl-D-alanine&nbsp;carboxypeptidase&nbsp;(penicillin-binding&nbsp;protein&nbsp;4),59.2
637911.AM305_07887,bamE,Outer&nbsp;membrane&nbsp;protein&nbsp;assembly&nbsp;factor&nbsp;BamE,59.1
637911.AM305_05654,EER47893.1,Uncharacterized&nbsp;protein,58.9
637911.AM305_02963,rpsL,30S&nbsp;ribosomal&nbsp;protein&nbsp;S12,58.7
637911.AM305_00309,rpiA,Ribose-5-phosphate&nbsp;isomerase&nbsp;A,58.6
637911.AM305_00200,rplD,50S&nbsp;ribosomal&nbsp;protein&nbsp;L4,58.6
637911.AM305_08334,EER47320.1,Mannose&nbsp;permease&nbsp;IID&nbsp;component,58.5
637911.AM305_02543,EER46247.1,"COG0834&nbsp;ABC-type&nbsp;amino&nbsp;acid&nbsp;transport/signal&nbsp;transduction&nbsp;systems,&nbsp;periplasmic&nbsp;component/domain",58.5
637911.AM305_02518,EER46242.1,Hypothetical&nbsp;amino-acid&nbsp;ABC&nbsp;transporter&nbsp;permease&nbsp;protein,58.4
637911.AM305_00364,rpmF,COG0333&nbsp;Ribosomal&nbsp;protein&nbsp;L32,58.4
637911.AM305_10581,EER46885.1,"Formate&nbsp;dehydrogenase,&nbsp;beta&nbsp;subunit",58.3
637911.AM305_06546,EER47603.1,Anaerobic&nbsp;dimethyl&nbsp;sulfoxide&nbsp;reductase&nbsp;chain&nbsp;C,58.2
637911.AM305_03638,pgi,COG0166&nbsp;Glucose-6-phosphate&nbsp;isomerase,58.0
637911.AM305_03098,EER46073.1,COG0142&nbsp;Geranylgeranyl&nbsp;pyrophosphate&nbsp;synthase,57.8
637911.AM305_01289,rpsH,30S&nbsp;ribosomal&nbsp;protein&nbsp;S8,57.7
637911.AM305_02958,EER46164.1,COG0859&nbsp;ADP-heptose:LPS&nbsp;heptosyltransferase,57.6
637911.AM305_11805,EER46567.1,"ABC&nbsp;transporter,&nbsp;permease&nbsp;protein",57.1
637911.AM305_02468,atpD,ATP&nbsp;synthase&nbsp;subunit&nbsp;beta,57.0
637911.AM305_07593,EER47526.1,Geranyltranstransferase,57.0
637911.AM305_05649,EER47892.1,COG3113&nbsp;Predicted&nbsp;NTP&nbsp;binding&nbsp;protein&nbsp;(contains&nbsp;STAS&nbsp;domain),56.9
637911.AM305_06771,EER47646.1,"Permease,&nbsp;inner&nbsp;membrane&nbsp;protein&nbsp;yjgQ",56.8
637911.AM305_04913,EER48083.1,Phosphoenolpyruvate-protein&nbsp;phosphotransferase,56.6
637911.AM305_10841,ppc,Phosphoenolpyruvate&nbsp;carboxylase,56.6
637911.AM305_08816,dnaX,DNA&nbsp;polymerase&nbsp;III&nbsp;subunit&nbsp;gamma/tau,56.3
637911.AM305_10181,upp,Uracil&nbsp;phosphoribosyltransferase,56.2
637911.AM305_10266,dapA,4-hydroxy-tetrahydrodipicolinate&nbsp;synthase,56.1
637911.AM305_02343,EER46285.1,ABC&nbsp;transporter&nbsp;ATP-binding&nbsp;protein,56.0
637911.AM305_00284,ftsZ,Cell&nbsp;division&nbsp;protein&nbsp;FtsZ,56.0
637911.AM305_11100,metH,"COG0646&nbsp;Methionine&nbsp;synthase&nbsp;I&nbsp;(cobalamin-dependent),&nbsp;methyltransferase&nbsp;domain",56.0
637911.AM305_00195,rplW,50S&nbsp;ribosomal&nbsp;protein&nbsp;L23,55.9
637911.AM305_00095,hslV,ATP-dependent&nbsp;protease&nbsp;subunit&nbsp;HslV,55.8
637911.AM305_11910,glnD,Bifunctional&nbsp;uridylyltransferase/uridylyl-removing&nbsp;enzyme,55.8
637911.AM305_06661,EER47624.1,"COG1294&nbsp;Cytochrome&nbsp;bd-type&nbsp;quinol&nbsp;oxidase,&nbsp;subunit&nbsp;2",55.7
637911.AM305_10796,modC,Molybdenum&nbsp;import&nbsp;ATP-binding&nbsp;protein&nbsp;ModC,55.7
637911.AM305_05744,EER47911.1,COG1876&nbsp;D-alanyl-D-alanine&nbsp;carboxypeptidase,55.6
637911.AM305_05264,znuA,High-affinity&nbsp;zinc&nbsp;transporter&nbsp;periplasmic&nbsp;component,55.6
637911.AM305_06521,trpD,Anthranilate&nbsp;phosphoribosyltransferase,55.6
637911.AM305_08861,gyrA,DNA&nbsp;gyrase&nbsp;subunit&nbsp;A,55.6
637911.AM305_05829,EER47928.1,Ferredoxin-type&nbsp;protein&nbsp;NapF,55.3
637911.AM305_10046,cmk,COG0283&nbsp;Cytidylate&nbsp;kinase,55.3
637911.AM305_06516,EER47597.1,COG0512&nbsp;Anthranilate/para-aminobenzoate&nbsp;synthases&nbsp;component&nbsp;II,55.3
637911.AM305_05494,EER47861.1,COG0115&nbsp;Branched-chain&nbsp;amino&nbsp;acid&nbsp;aminotransferase/4-amino-4-deoxychorismate&nbsp;lyase,55.3
637911.AM305_00190,rplB,50S&nbsp;ribosomal&nbsp;protein&nbsp;L2,55.3
637911.AM305_03800,EER45937.1,"COG0747&nbsp;ABC-type&nbsp;dipeptide&nbsp;transport&nbsp;system,&nbsp;periplasmic&nbsp;component",55.2
637911.AM305_01534,ftsY,Signal&nbsp;recognition&nbsp;particle&nbsp;receptor&nbsp;FtsY,55.1
637911.AM305_00549,hisF,Imidazole&nbsp;glycerol&nbsp;phosphate&nbsp;synthase&nbsp;subunit&nbsp;HisF,55.1
637911.AM305_10856,EER46843.1,Putative&nbsp;ABC&nbsp;transporter&nbsp;ATP-binding&nbsp;protein,55.0
637911.AM305_04898,thiQ,Thiamine&nbsp;import&nbsp;ATP-binding&nbsp;protein&nbsp;ThiQ,54.9
637911.AM305_10231,EER46915.1,COG0620&nbsp;Methionine&nbsp;synthase&nbsp;II&nbsp;(cobalamin-independent),54.9
637911.AM305_03243,dnaK,Chaperone&nbsp;protein&nbsp;DnaK,54.9
637911.AM305_02787,gltX,Glutamate--tRNA&nbsp;ligase,54.8
637911.AM305_08896,rplT,50S&nbsp;ribosomal&nbsp;protein&nbsp;L20,54.7
637911.AM305_03820,dppF,Dipeptide&nbsp;transporter&nbsp;ATP-binding&nbsp;subunit,54.7
637911.AM305_10371,lptD,LPS-assembly&nbsp;protein&nbsp;LptD,54.7
637911.AM305_07031,argG,COG0137&nbsp;Argininosuccinate&nbsp;synthase,54.4
637911.AM305_11870,parC,DNA&nbsp;topoisomerase&nbsp;4&nbsp;subunit&nbsp;A,54.4
637911.AM305_08901,rpmI,COG0291&nbsp;Ribosomal&nbsp;protein&nbsp;L35,54.4
637911.AM305_12230,EER46652.1,COG0845&nbsp;Membrane-fusion&nbsp;protein,54.4
637911.AM305_11855,deaD,ATP-dependent&nbsp;RNA&nbsp;helicase&nbsp;DeaD,54.3
637911.AM305_09076,rpsB,COG0052&nbsp;Ribosomal&nbsp;protein&nbsp;S2,54.3
637911.AM305_08304,glyQ,"COG0752&nbsp;Glycyl-tRNA&nbsp;synthetase,&nbsp;alpha&nbsp;subunit",54.2
637911.AM305_04293,EER48182.1,COG1519&nbsp;3-deoxy-D-manno-octulosonic-acid&nbsp;transferase,54.2
637911.AM305_04583,rplL,50S&nbsp;ribosomal&nbsp;protein&nbsp;L7/L12,54.2
637911.AM305_01274,rpsE,30S&nbsp;ribosomal&nbsp;protein&nbsp;S5,54.0
637911.AM305_11760,ilvH,"COG0440&nbsp;Acetolactate&nbsp;synthase,&nbsp;small&nbsp;(regulatory)&nbsp;subunit",53.8
637911.AM305_09231,EER47176.1,"COG2011&nbsp;ABC-type&nbsp;metal&nbsp;ion&nbsp;transport&nbsp;system,&nbsp;permease&nbsp;component",53.8
637911.AM305_12015,EER46609.1,Aerobic&nbsp;respiration&nbsp;control&nbsp;sensor&nbsp;protein,53.7
637911.AM305_12030,EER46612.1,COG1959&nbsp;Predicted&nbsp;transcriptional&nbsp;regulator,53.6
637911.AM305_10861,EER46844.1,"PTS&nbsp;system,&nbsp;nitrogen&nbsp;regulatory&nbsp;IIA-like&nbsp;protein",53.6
637911.AM305_05439,EER47850.1,Nucleotidase,53.5
637911.AM305_03368,tusA,Sulfur&nbsp;carrier&nbsp;protein&nbsp;TusA,53.4
637911.AM305_06906,EER47673.1,COG1328&nbsp;Oxygen-sensitive&nbsp;ribonucleoside-triphosphate&nbsp;reductase,53.2
637911.AM305_08841,uvrC,UvrABC&nbsp;system&nbsp;protein&nbsp;C,53.2
637911.AM305_10626,pntA,NAD(P)&nbsp;transhydrogenase&nbsp;subunit&nbsp;alpha,53.0
637911.AM305_05324,EER47827.1,Uncharacterized&nbsp;protein,53.0
637911.AM305_09906,EER47009.1,"COG0314&nbsp;Molybdopterin&nbsp;converting&nbsp;factor,&nbsp;large&nbsp;subunit",52.9
637911.AM305_08104,ppa,Inorganic&nbsp;pyrophosphatase,52.9
637911.AM305_03473,ilvC,Ketol-acid&nbsp;reductoisomerase&nbsp;(NADP(+)),52.7
637911.AM305_01199,rplS,50S&nbsp;ribosomal&nbsp;protein&nbsp;L19,52.5
637911.AM305_03068,EER46067.1,COG0076&nbsp;Glutamate&nbsp;decarboxylase&nbsp;and&nbsp;related&nbsp;PLP-dependent&nbsp;proteins,52.5
637911.AM305_09206,EER47171.1,Dihydrolipoyllysine-residue&nbsp;succinyltransferase&nbsp;component&nbsp;of&nbsp;2-oxoglutarate&nbsp;dehydrogenase&nbsp;complex,52.4
637911.AM305_02473,atpG,ATP&nbsp;synthase&nbsp;gamma&nbsp;chain,52.3
637911.AM305_00719,EER46346.1,Sulfate-binding&nbsp;protein,52.3
637911.AM305_11465,purA,Adenylosuccinate&nbsp;synthetase,52.2
637911.AM305_01239,rpsD,30S&nbsp;ribosomal&nbsp;protein&nbsp;S4,52.2
637911.AM305_05969,EER47956.1,Aminotransferase&nbsp;AlaT,52.2
637911.AM305_09896,moaC,Cyclic&nbsp;pyranopterin&nbsp;monophosphate&nbsp;synthase,52.1
637911.AM305_05259,EER47814.1,DNA&nbsp;polymerase&nbsp;III&nbsp;subunit&nbsp;psi,52.0
637911.AM305_06551,EER47604.1,Anaerobic&nbsp;dimethyl&nbsp;sulfoxide&nbsp;reductase&nbsp;chain&nbsp;B,51.9
637911.AM305_01229,rplQ,COG0203&nbsp;Ribosomal&nbsp;protein&nbsp;L17,51.8
637911.AM305_00115,EER48264.1,Putative&nbsp;long-chain-fatty-acid--CoA&nbsp;ligase,51.7
637911.AM305_02117,EER46319.1,COG0546&nbsp;Predicted&nbsp;phosphatases,51.6
637911.AM305_07388,EER47485.1,Iron(III)&nbsp;transport&nbsp;system&nbsp;substrate-binding&nbsp;protein,51.6
637911.AM305_08821,apt,Adenine&nbsp;phosphoribosyltransferase,51.5
637911.AM305_01269,rpmD,COG1841&nbsp;Ribosomal&nbsp;protein&nbsp;L30/L7E,51.5
637911.AM305_03932,EER45924.1,Sulfate&nbsp;adenylyltransferase&nbsp;subunit&nbsp;1,51.4
637911.AM305_11640,EER46534.1,Cysteine/glutathione&nbsp;ABC&nbsp;transporter&nbsp;membrane/ATP-binding&nbsp;component,51.4
637911.AM305_09901,moaD,Molybdopterin&nbsp;synthase&nbsp;sulfur&nbsp;carrier&nbsp;subunit,51.4
637911.AM305_03538,EER46012.1,PflB,51.4
637911.AM305_03253,dnaJ,Chaperone&nbsp;protein&nbsp;DnaJ,51.4
637911.AM305_03508,plsY,Glycerol-3-phosphate&nbsp;acyltransferase,51.2
637911.AM305_02488,atpF,ATP&nbsp;synthase&nbsp;subunit&nbsp;b,51.1
637911.AM305_00359,plsX,Phosphate&nbsp;acyltransferase,51.0
