1177181.T9A_01858,T9A_01858,Negative&nbsp;regulator&nbsp;for&nbsp;alginate&nbsp;biosynthesis,98.9
1177181.T9A_01809,T9A_01809,3-oxoacyl-ACP&nbsp;reductase,98.9
1177181.T9A_00443,T9A_00443,COG3118&nbsp;Thioredoxin&nbsp;domain-containing&nbsp;protein,98.8
1177181.T9A_00505,rpsU,COG0828&nbsp;Ribosomal&nbsp;protein&nbsp;S21,98.8
1177181.T9A_00501,T9A_00501,"COG0801&nbsp;7,8-dihydro-6-hydroxymethylpterin-pyrophosphokinase",98.7
1177181.T9A_01812,T9A_01812,4-amino-4-deoxychorismate&nbsp;lyase,98.7
1177181.T9A_00746,hisH,Imidazole&nbsp;glycerol&nbsp;phosphate&nbsp;synthase&nbsp;subunit&nbsp;HisH,98.6
1177181.T9A_00839,T9A_00839,Molybdenum&nbsp;cofactor&nbsp;biosynthesis&nbsp;protein&nbsp;B,98.6
1177181.T9A_01845,T9A_01845,COG0745&nbsp;Response&nbsp;regulators&nbsp;consisting&nbsp;of&nbsp;a&nbsp;CheY-like&nbsp;receiver&nbsp;domain&nbsp;and&nbsp;a&nbsp;winged-helix&nbsp;DNA-binding&nbsp;domain,98.6
1177181.T9A_00787,T9A_00787,Alginate&nbsp;biosynthesis&nbsp;regulator,98.5
1177181.T9A_03175,T9A_03175,COG1538&nbsp;Outer&nbsp;membrane&nbsp;protein,98.5
1177181.T9A_03237,rplA,50S&nbsp;ribosomal&nbsp;protein&nbsp;L1,98.4
1177181.T9A_00980,yidC,Membrane&nbsp;protein&nbsp;insertase&nbsp;YidC,98.3
1177181.T9A_02918,rpsS,30S&nbsp;ribosomal&nbsp;protein&nbsp;S19,98.3
1177181.T9A_00574,T9A_00574,"COG0847&nbsp;DNA&nbsp;polymerase&nbsp;III,&nbsp;epsilon&nbsp;subunit&nbsp;and&nbsp;related&nbsp;3'-5'&nbsp;exonucleases",98.3
1177181.T9A_02658,T9A_02658,3-ketoacyl-(Acyl-carrier-protein)&nbsp;reductase,98.3
1177181.T9A_00260,T9A_00260,COG3288&nbsp;NAD/NADP&nbsp;transhydrogenase&nbsp;alpha&nbsp;subunit,98.3
1177181.T9A_00473,T9A_00473,COG2357&nbsp;Uncharacterized&nbsp;protein&nbsp;conserved&nbsp;in&nbsp;bacteria,98.2
1177181.T9A_01234,T9A_01234,Transketolase,98.2
1177181.T9A_02011,T9A_02011,COG2716&nbsp;Glycine&nbsp;cleavage&nbsp;system&nbsp;regulatory&nbsp;protein,98.1
1177181.T9A_01667,T9A_01667,COG1109&nbsp;Phosphomannomutase,98.1
1177181.T9A_00954,atpB,ATP&nbsp;synthase&nbsp;subunit&nbsp;a,98.0
1177181.T9A_02233,dnaK,Chaperone&nbsp;protein&nbsp;DnaK,97.9
1177181.T9A_02762,purN,Phosphoribosylglycinamide&nbsp;formyltransferase,97.9
1177181.T9A_02395,T9A_02395,Lipase/esterase,97.8
1177181.T9A_01335,T9A_01335,Inositol&nbsp;1-phosphatase,97.8
1177181.T9A_00537,T9A_00537,Lipase/esterase,97.8
1177181.T9A_01230,T9A_01230,"COG0685&nbsp;5,10-methylenetetrahydrofolate&nbsp;reductase",97.7
1177181.T9A_00027,T9A_00027,Succinate&nbsp;dehydrogenase&nbsp;hydrophobic&nbsp;membrane&nbsp;anchor&nbsp;subunit,97.7
1177181.T9A_02814,T9A_02814,Sensory&nbsp;box&nbsp;protein,97.6
1177181.T9A_00306,T9A_00306,"ATP-dependent&nbsp;Clp&nbsp;protease,&nbsp;ATP-binding&nbsp;subunitclpa",97.6
1177181.T9A_01807,plsX,Phosphate&nbsp;acyltransferase,97.6
1177181.T9A_02147,T9A_02147,Uncharacterized&nbsp;protein,97.5
1177181.T9A_03095,T9A_03095,Uncharacterized&nbsp;protein,97.5
1177181.T9A_03079,trpE,Anthranilate&nbsp;synthase&nbsp;component&nbsp;1,97.5
1177181.T9A_01322,T9A_01322,COG2133&nbsp;Glucose/sorbosone&nbsp;dehydrogenases,97.5
1177181.T9A_00025,gltA,COG0372&nbsp;Citrate&nbsp;synthase,97.5
1177181.T9A_02499,T9A_02499,Cation-transporting&nbsp;P-type&nbsp;ATPase,97.4
1177181.T9A_01769,nqrA,Na(+)-translocating&nbsp;NADH-quinone&nbsp;reductase&nbsp;subunit&nbsp;A,97.3
1177181.T9A_02478,glpK,Glycerol&nbsp;kinase,97.3
1177181.T9A_00047,T9A_00047,COG2030&nbsp;Acyl&nbsp;dehydratase,97.3
1177181.T9A_00108,dnaQ,DNA&nbsp;polymerase&nbsp;III&nbsp;subunit&nbsp;epsilon,97.2
1177181.T9A_02271,T9A_02271,Rieske&nbsp;2Fe-2S&nbsp;family&nbsp;protein,97.2
1177181.T9A_01691,T9A_01691,Phosphotransferase-histidine&nbsp;kinase&nbsp;family&nbsp;protein,97.2
1177181.T9A_03200,T9A_03200,annotation&nbsp;not&nbsp;available,97.2
1177181.T9A_01423,T9A_01423,COG2873&nbsp;O-acetylhomoserine&nbsp;sulfhydrylase,97.2
1177181.T9A_01949,deaD,ATP-dependent&nbsp;RNA&nbsp;helicase&nbsp;DeaD,97.2
1177181.T9A_00359,T9A_00359,COG0365&nbsp;Acyl-coenzyme&nbsp;A&nbsp;synthetases/AMP-(fatty)&nbsp;acid&nbsp;ligases,97.2
1177181.T9A_03244,fusA,Elongation&nbsp;factor&nbsp;G,97.0
1177181.T9A_01447,T9A_01447,Acetyl-CoA&nbsp;hydrolase/transferase&nbsp;family&nbsp;protein,96.9
1177181.T9A_01058,T9A_01058,annotation&nbsp;not&nbsp;available,96.9
1177181.T9A_02095,prfA,Peptide&nbsp;chain&nbsp;release&nbsp;factor&nbsp;1,96.9
1177181.T9A_00196,T9A_00196,COG2169&nbsp;Adenosine&nbsp;deaminase,96.8
1177181.T9A_03206,T9A_03206,Family&nbsp;3&nbsp;extracellular&nbsp;solute-binding&nbsp;protein,96.8
1177181.T9A_00199,T9A_00199,COG0578&nbsp;Glycerol-3-phosphate&nbsp;dehydrogenase,96.7
1177181.T9A_03164,T9A_03164,COG2197&nbsp;Response&nbsp;regulator&nbsp;containing&nbsp;a&nbsp;CheY-like&nbsp;receiver&nbsp;domain&nbsp;and&nbsp;an&nbsp;HTH&nbsp;DNA-binding&nbsp;domain,96.7
1177181.T9A_00650,mutL,DNA&nbsp;mismatch&nbsp;repair&nbsp;protein&nbsp;MutL,96.7
1177181.T9A_00896,T9A_00896,COG1473&nbsp;Metal-dependent&nbsp;amidase/aminoacylase/carboxypeptidase,96.7
1177181.T9A_00507,dnaG,DNA&nbsp;primase,96.6
1177181.T9A_01217,T9A_01217,COG2070&nbsp;Dioxygenases&nbsp;related&nbsp;to&nbsp;2-nitropropane&nbsp;dioxygenase,96.5
1177181.T9A_00430,T9A_00430,COG1012&nbsp;NAD-dependent&nbsp;aldehyde&nbsp;dehydrogenases,96.5
1177181.T9A_01373,T9A_01373,Lipoprotein&nbsp;signal&nbsp;peptidase,96.4
1177181.T9A_00157,T9A_00157,annotation&nbsp;not&nbsp;available,96.4
1177181.T9A_00992,glyQ,"COG0752&nbsp;Glycyl-tRNA&nbsp;synthetase,&nbsp;alpha&nbsp;subunit",96.4
1177181.T9A_00503,plsY,Glycerol-3-phosphate&nbsp;acyltransferase,96.4
1177181.T9A_02932,rpmD,COG1841&nbsp;Ribosomal&nbsp;protein&nbsp;L30/L7E,96.3
1177181.T9A_02867,aroE,Shikimate&nbsp;dehydrogenase&nbsp;(NADP(+)),96.3
1177181.T9A_01664,T9A_01664,COG1004&nbsp;Predicted&nbsp;UDP-glucose&nbsp;6-dehydrogenase,96.3
1177181.T9A_02706,T9A_02706,annotation&nbsp;not&nbsp;available,96.3
1177181.T9A_01511,T9A_01511,Uncharacterized&nbsp;protein,96.3
1177181.T9A_01533,T9A_01533,COG0745&nbsp;Response&nbsp;regulators&nbsp;consisting&nbsp;of&nbsp;a&nbsp;CheY-like&nbsp;receiver&nbsp;domain&nbsp;and&nbsp;a&nbsp;winged-helix&nbsp;DNA-binding&nbsp;domain,96.2
1177181.T9A_02384,T9A_02384,Eukaryotic&nbsp;hydroxysteroid&nbsp;(17-beta)&nbsp;dehydrogenase&nbsp;4,96.2
1177181.T9A_03234,secE,Protein&nbsp;translocase&nbsp;subunit&nbsp;SecE,96.2
1177181.T9A_00162,T9A_00162,COG0147&nbsp;Anthranilate/para-aminobenzoate&nbsp;synthases&nbsp;component&nbsp;I,96.2
1177181.T9A_00093,clpP,ATP-dependent&nbsp;Clp&nbsp;protease&nbsp;proteolytic&nbsp;subunit,96.1
1177181.T9A_02893,purE,N5-carboxyaminoimidazole&nbsp;ribonucleotide&nbsp;mutase,96.1
1177181.T9A_02377,rph,Ribonuclease&nbsp;PH,96.1
1177181.T9A_01869,lysS,Lysine--tRNA&nbsp;ligase,96.1
1177181.T9A_01242,rpiA,Ribose-5-phosphate&nbsp;isomerase&nbsp;A,96.0
1177181.T9A_01884,T9A_01884,Uncharacterized&nbsp;protein,96.0
1177181.T9A_00613,T9A_00613,Phosphate&nbsp;binding&nbsp;protein,96.0
1177181.T9A_00702,T9A_00702,COG0281&nbsp;Malic&nbsp;enzyme,95.8
1177181.T9A_01339,T9A_01339,Uncharacterized&nbsp;protein,95.8
1177181.T9A_02544,T9A_02544,Cysteine&nbsp;desulfurase,95.8
1177181.T9A_02561,T9A_02561,COG0386&nbsp;Glutathione&nbsp;peroxidase,95.7
1177181.T9A_01627,T9A_01627,4-epimerase,95.7
1177181.T9A_01317,T9A_01317,Osmolarity&nbsp;sensor&nbsp;protein&nbsp;EnvZ,95.7
1177181.T9A_00698,T9A_00698,Type&nbsp;4&nbsp;fimbrial&nbsp;biogenesis&nbsp;protein&nbsp;pilO,95.6
1177181.T9A_00589,T9A_00589,Diguanylate&nbsp;cyclase,95.6
1177181.T9A_00030,sucA,"COG0567&nbsp;2-oxoglutarate&nbsp;dehydrogenase&nbsp;complex,&nbsp;dehydrogenase&nbsp;(E1)&nbsp;component,&nbsp;and&nbsp;related&nbsp;enzymes",95.5
1177181.T9A_01682,smc,Chromosome&nbsp;partition&nbsp;protein&nbsp;Smc,95.4
1177181.T9A_03056,T9A_03056,Thioredoxin,95.4
1177181.T9A_01874,fadA,3-ketoacyl-CoA&nbsp;thiolase,95.4
1177181.T9A_03111,T9A_03111,COG0841&nbsp;Cation/multidrug&nbsp;efflux&nbsp;pump,95.4
1177181.T9A_00660,T9A_00660,COG0859&nbsp;ADP-heptose:LPS&nbsp;heptosyltransferase,95.3
1177181.T9A_01806,rpmF,COG0333&nbsp;Ribosomal&nbsp;protein&nbsp;L32,95.3
1177181.T9A_00226,T9A_00226,annotation&nbsp;not&nbsp;available,95.3
1177181.T9A_01978,T9A_01978,COG0460&nbsp;Homoserine&nbsp;dehydrogenase,95.2
1177181.T9A_01948,T9A_01948,annotation&nbsp;not&nbsp;available,95.2
1177181.T9A_02866,hemF,Oxygen-dependent&nbsp;coproporphyrinogen-III&nbsp;oxidase,95.2
1177181.T9A_02923,rpsQ,30S&nbsp;ribosomal&nbsp;protein&nbsp;S17,95.1
1177181.T9A_00023,T9A_00023,COG2084&nbsp;3-hydroxyisobutyrate&nbsp;dehydrogenase&nbsp;and&nbsp;related&nbsp;beta-hydroxyacid&nbsp;dehydrogenases,95.1
1177181.T9A_01026,T9A_01026,COG0405&nbsp;Gamma-glutamyltransferase,95.0
1177181.T9A_01291,T9A_01291,Uncharacterized&nbsp;protein,94.9
1177181.T9A_00261,T9A_00261,Oxidoreductase,94.9
1177181.T9A_01594,ccmE,Cytochrome&nbsp;c-type&nbsp;biogenesis&nbsp;protein&nbsp;CcmE,94.8
1177181.T9A_02270,srkA,Stress&nbsp;response&nbsp;kinase&nbsp;A,94.8
1177181.T9A_02189,T9A_02189,RimK&nbsp;domain-containing&nbsp;protein&nbsp;ATP-grasp,94.7
1177181.T9A_01844,T9A_01844,Kinase&nbsp;sensor&nbsp;protein,94.7
1177181.T9A_00984,T9A_00984,Beta&nbsp;sliding&nbsp;clamp,94.7
1177181.T9A_00202,T9A_00202,COG0789&nbsp;Predicted&nbsp;transcriptional&nbsp;regulators,94.6
1177181.T9A_01598,T9A_01598,Transferase,94.5
1177181.T9A_03066,purD,COG0151&nbsp;Phosphoribosylamine-glycine&nbsp;ligase,94.5
1177181.T9A_03018,mrdA,"Peptidoglycan&nbsp;D,D-transpeptidase&nbsp;MrdA",94.5
1177181.T9A_02574,rapA,RNA&nbsp;polymerase-associated&nbsp;protein&nbsp;RapA,94.5
1177181.T9A_00982,rpmH,annotation&nbsp;not&nbsp;available,94.4
1177181.T9A_00931,T9A_00931,Phosphate&nbsp;acetyltransferase,94.4
1177181.T9A_01219,T9A_01219,COG0625&nbsp;Glutathione&nbsp;S-transferase,94.4
1177181.T9A_02268,T9A_02268,Aminotransferase,94.3
1177181.T9A_02799,T9A_02799,Fumarate&nbsp;hydratase&nbsp;class&nbsp;I,94.3
1177181.T9A_00078,metZ,O-succinylhomoserine&nbsp;sulfhydrylase,94.3
1177181.T9A_00068,T9A_00068,COG3170&nbsp;Tfp&nbsp;pilus&nbsp;assembly&nbsp;protein&nbsp;FimV,94.2
1177181.T9A_01257,gcvH,Glycine&nbsp;cleavage&nbsp;system&nbsp;H&nbsp;protein,94.2
1177181.T9A_01861,T9A_01861,L-aspartate&nbsp;oxidase,94.1
1177181.T9A_02673,T9A_02673,3-oxoacyl-ACP&nbsp;synthase,94.1
1177181.T9A_01109,T9A_01109,High-affinity&nbsp;zinc&nbsp;uptake&nbsp;system&nbsp;protein&nbsp;znuA,94.0
1177181.T9A_00410,lpxD,UDP-3-O-acylglucosamine&nbsp;N-acyltransferase,94.0
1177181.T9A_01680,uvrB,UvrABC&nbsp;system&nbsp;protein&nbsp;B,94.0
1177181.T9A_01771,nqrC,Na(+)-translocating&nbsp;NADH-quinone&nbsp;reductase&nbsp;subunit&nbsp;C,93.8
1177181.T9A_00160,thrH,COG0560&nbsp;Phosphoserine&nbsp;phosphatase,93.7
1177181.T9A_00386,T9A_00386,"COG1454&nbsp;Alcohol&nbsp;dehydrogenase,&nbsp;class&nbsp;IV",93.7
1177181.T9A_00042,T9A_00042,Sensory&nbsp;box&nbsp;protein/response&nbsp;regulator,93.7
1177181.T9A_02084,T9A_02084,Rod&nbsp;shape-determining&nbsp;protein&nbsp;MreD,93.6
1177181.T9A_00422,glnD,Bifunctional&nbsp;uridylyltransferase/uridylyl-removing&nbsp;enzyme,93.5
1177181.T9A_00705,argS,Arginine--tRNA&nbsp;ligase,93.4
1177181.T9A_02984,T9A_02984,Riboflavin&nbsp;biosynthesis&nbsp;protein,93.4
1177181.T9A_00930,ackA,Acetate&nbsp;kinase,93.4
1177181.T9A_02771,T9A_02771,COG0183&nbsp;Acetyl-CoA&nbsp;acetyltransferase,93.3
1177181.T9A_02939,rpoA,DNA-directed&nbsp;RNA&nbsp;polymerase&nbsp;subunit&nbsp;alpha,93.3
1177181.T9A_03078,T9A_03078,COG0512&nbsp;Anthranilate/para-aminobenzoate&nbsp;synthases&nbsp;component&nbsp;II,93.3
1177181.T9A_00377,T9A_00377,Uncharacterized&nbsp;protein,93.2
1177181.T9A_03068,T9A_03068,Sensor&nbsp;histidine&nbsp;kinase/response&nbsp;regulator,93.1
1177181.T9A_02986,T9A_02986,Lipoprotein&nbsp;signal&nbsp;peptidase,93.0
1177181.T9A_00409,fabZ,3-hydroxyacyl-[acyl-carrier-protein]&nbsp;dehydratase&nbsp;FabZ,93.0
1177181.T9A_02858,trkA,Potassium&nbsp;transporter&nbsp;peripheral&nbsp;membrane&nbsp;component,93.0
1177181.T9A_02163,rho,Transcription&nbsp;termination&nbsp;factor&nbsp;Rho,92.9
1177181.T9A_00445,minC,Probable&nbsp;septum&nbsp;site-determining&nbsp;protein&nbsp;MinC,92.8
1177181.T9A_02069,T9A_02069,RNA&nbsp;polymerase&nbsp;sigma-54&nbsp;factor,92.8
1177181.T9A_02577,T9A_02577,COG3175&nbsp;Cytochrome&nbsp;oxidase&nbsp;assembly&nbsp;factor,92.8
1177181.T9A_01716,T9A_01716,COG0308&nbsp;Aminopeptidase&nbsp;N,92.7
1177181.T9A_00032,T9A_00032,"COG1249&nbsp;Pyruvate/2-oxoglutarate&nbsp;dehydrogenase&nbsp;complex,&nbsp;dihydrolipoamide&nbsp;dehydrogenase&nbsp;(E3)&nbsp;component,&nbsp;and&nbsp;related&nbsp;enzymes",92.7
1177181.T9A_02237,carA,COG0505&nbsp;Carbamoylphosphate&nbsp;synthase&nbsp;small&nbsp;subunit,92.7
1177181.T9A_00309,T9A_00309,COG0538&nbsp;Isocitrate&nbsp;dehydrogenases,92.7
1177181.T9A_03100,T9A_03100,COG1012&nbsp;NAD-dependent&nbsp;aldehyde&nbsp;dehydrogenases,92.6
1177181.T9A_02373,argB,Acetylglutamate&nbsp;kinase,92.6
1177181.T9A_00346,mdh,Malate&nbsp;dehydrogenase,92.6
1177181.T9A_03181,parE,DNA&nbsp;topoisomerase&nbsp;4&nbsp;subunit&nbsp;B,92.5
1177181.T9A_02375,T9A_02375,annotation&nbsp;not&nbsp;available,92.5
1177181.T9A_00804,T9A_00804,Dihydrofolate&nbsp;reductase,92.5
1177181.T9A_02429,T9A_02429,"COG0810&nbsp;Periplasmic&nbsp;protein&nbsp;TonB,&nbsp;links&nbsp;inner&nbsp;and&nbsp;outer&nbsp;membranes",92.5
1177181.T9A_03029,T9A_03029,COG0625&nbsp;Glutathione&nbsp;S-transferase,92.5
1177181.T9A_00098,T9A_00098,COG0623&nbsp;Enoyl-[acyl-carrier-protein]&nbsp;reductase&nbsp;(NADH),92.4
1177181.T9A_00423,T9A_00423,Succinyldiaminopimelate&nbsp;transaminase,92.3
1177181.T9A_00766,T9A_00766,COG0859&nbsp;ADP-heptose:LPS&nbsp;heptosyltransferase,92.3
1177181.T9A_00970,T9A_00970,COG0845&nbsp;Membrane-fusion&nbsp;protein,92.3
1177181.T9A_00018,gltX,Glutamate--tRNA&nbsp;ligase,92.2
1177181.T9A_00417,frr,Ribosome-recycling&nbsp;factor,92.2
1177181.T9A_00419,tsf,Elongation&nbsp;factor&nbsp;Ts,92.2
1177181.T9A_01606,T9A_01606,Nitroreductase&nbsp;family&nbsp;protein,92.2
1177181.T9A_01426,T9A_01426,Bifunctional&nbsp;nitric&nbsp;oxide&nbsp;dioxygenase/dihydropteridine&nbsp;reductase&nbsp;2,92.2
1177181.T9A_02088,gatA,Glutamyl-tRNA(Gln)&nbsp;amidotransferase&nbsp;subunit&nbsp;A,92.2
1177181.T9A_03179,cpdA,"3',5'-cyclic&nbsp;adenosine&nbsp;monophosphate&nbsp;phosphodiesterase&nbsp;CpdA",92.1
1177181.T9A_01330,pckA,Phosphoenolpyruvate&nbsp;carboxykinase&nbsp;(ATP),92.1
1177181.T9A_02262,T9A_02262,Nitrogen&nbsp;regulation&nbsp;protein&nbsp;NR(I),92.1
1177181.T9A_03076,trpC,COG0134&nbsp;Indole-3-glycerol&nbsp;phosphate&nbsp;synthase,92.1
1177181.T9A_01408,recC,RecBCD&nbsp;enzyme&nbsp;subunit&nbsp;RecC,92.1
1177181.T9A_02698,T9A_02698,Filamentous&nbsp;hemagglutinin,92.1
1177181.T9A_02925,rplX,50S&nbsp;ribosomal&nbsp;protein&nbsp;L24,92.0
1177181.T9A_03169,T9A_03169,Allophanate&nbsp;hydrolase,92.0
1177181.T9A_01029,T9A_01029,COG0789&nbsp;Predicted&nbsp;transcriptional&nbsp;regulators,92.0
1177181.T9A_01866,T9A_01866,COG1024&nbsp;Enoyl-CoA&nbsp;hydratase/carnithine&nbsp;racemase,92.0
1177181.T9A_00063,leuD,3-isopropylmalate&nbsp;dehydratase&nbsp;small&nbsp;subunit,91.9
1177181.T9A_01640,T9A_01640,COG0367&nbsp;Asparagine&nbsp;synthase&nbsp;(glutamine-hydrolyzing),91.9
1177181.T9A_01770,nqrB,Na(+)-translocating&nbsp;NADH-quinone&nbsp;reductase&nbsp;subunit&nbsp;B,91.8
1177181.T9A_03235,nusG,Transcription&nbsp;termination/antitermination&nbsp;protein&nbsp;NusG,91.8
1177181.T9A_01258,gcvPA,Probable&nbsp;glycine&nbsp;dehydrogenase&nbsp;(decarboxylating)&nbsp;subunit&nbsp;1,91.7
1177181.T9A_00182,T9A_00182,Uncharacterized&nbsp;protein,91.7
1177181.T9A_02140,T9A_02140,Uncharacterized&nbsp;protein,91.7
1177181.T9A_03091,T9A_03091,"COG1622&nbsp;Heme/copper-type&nbsp;cytochrome/quinol&nbsp;oxidases,&nbsp;subunit&nbsp;2",91.7
1177181.T9A_01545,T9A_01545,Uncharacterized&nbsp;protein,91.7
1177181.T9A_01428,T9A_01428,annotation&nbsp;not&nbsp;available,91.7
1177181.T9A_00632,T9A_00632,Sec-independent&nbsp;protein&nbsp;translocase&nbsp;protein&nbsp;TatA,91.5
1177181.T9A_01895,T9A_01895,annotation&nbsp;not&nbsp;available,91.4
1177181.T9A_01829,T9A_01829,Nitrate&nbsp;reductase&nbsp;large&nbsp;subunit,91.4
1177181.T9A_00330,T9A_00330,Diguanylate&nbsp;cyclase,91.4
1177181.T9A_02716,T9A_02716,"COG3090&nbsp;TRAP-type&nbsp;C4-dicarboxylate&nbsp;transport&nbsp;system,&nbsp;small&nbsp;permease&nbsp;component",91.4
1177181.T9A_02944,uvrA,UvrABC&nbsp;system&nbsp;protein&nbsp;A,91.3
1177181.T9A_01179,T9A_01179,"COG0651&nbsp;Formate&nbsp;hydrogenlyase&nbsp;subunit&nbsp;3/Multisubunit&nbsp;Na+/H+&nbsp;antiporter,&nbsp;MnhD&nbsp;subunit",91.3
1177181.T9A_00664,T9A_00664,Biotin&nbsp;biosynthesis&nbsp;protein&nbsp;BioC,91.3
1177181.T9A_01619,T9A_01619,Oxidoreductase,91.2
1177181.T9A_01711,T9A_01711,annotation&nbsp;not&nbsp;available,91.2
1177181.T9A_01024,T9A_01024,COG2070&nbsp;Dioxygenases&nbsp;related&nbsp;to&nbsp;2-nitropropane&nbsp;dioxygenase,91.2
1177181.T9A_00949,atpG,ATP&nbsp;synthase&nbsp;gamma&nbsp;chain,91.1
1177181.T9A_02104,ychF,Ribosome-binding&nbsp;ATPase&nbsp;YchF,91.0
1177181.T9A_02931,rpsE,30S&nbsp;ribosomal&nbsp;protein&nbsp;S5,91.0
1177181.T9A_00582,T9A_00582,TRAP&nbsp;transporter&nbsp;large&nbsp;transmembrane&nbsp;protein&nbsp;TeaC,90.9
1177181.T9A_00699,T9A_00699,Type&nbsp;IV&nbsp;pili&nbsp;biogenesis&nbsp;protein&nbsp;PilN,90.9
1177181.T9A_03094,T9A_03094,COG1960&nbsp;Acyl-CoA&nbsp;dehydrogenases,90.7
1177181.T9A_00070,trpF,COG0135&nbsp;Phosphoribosylanthranilate&nbsp;isomerase,90.6
1177181.T9A_01850,recO,DNA&nbsp;repair&nbsp;protein&nbsp;RecO,90.6
1177181.T9A_00446,T9A_00446,Site-determining&nbsp;protein,90.6
1177181.T9A_01250,T9A_01250,Oxygenase,90.6
1177181.T9A_01529,T9A_01529,3-ketoacyl-(Acyl-carrier-protein)&nbsp;reductase,90.5
1177181.T9A_01459,dnaX,DNA&nbsp;polymerase&nbsp;III&nbsp;subunit&nbsp;gamma/tau,90.5
1177181.T9A_01237,T9A_01237,COG0191&nbsp;Fructose/tagatose&nbsp;bisphosphate&nbsp;aldolase,90.4
1177181.T9A_01595,T9A_01595,COG0189&nbsp;Glutathione&nbsp;synthase/Ribosomal&nbsp;protein&nbsp;S6&nbsp;modification&nbsp;enzyme&nbsp;(glutaminyl&nbsp;transferase),90.3
1177181.T9A_02634,T9A_02634,Uncharacterized&nbsp;protein,90.3
1177181.T9A_01113,thrB,COG2334&nbsp;Putative&nbsp;homoserine&nbsp;kinase&nbsp;type&nbsp;II&nbsp;(protein&nbsp;kinase&nbsp;fold),90.3
1177181.T9A_01458,T9A_01458,COG0057&nbsp;Glyceraldehyde-3-phosphate&nbsp;dehydrogenase/erythrose-4-phosphate&nbsp;dehydrogenase,90.3
1177181.T9A_01722,pyrD,Dihydroorotate&nbsp;dehydrogenase&nbsp;(quinone),90.3
1177181.T9A_01665,pgi,COG0166&nbsp;Glucose-6-phosphate&nbsp;isomerase,90.2
1177181.T9A_01553,T9A_01553,DNA-binding&nbsp;heavy&nbsp;metal&nbsp;response&nbsp;regulator,90.1
1177181.T9A_01056,T9A_01056,COG1560&nbsp;Lauroyl/myristoyl&nbsp;acyltransferase,90.0
1177181.T9A_03077,trpD,Anthranilate&nbsp;phosphoribosyltransferase,89.9
1177181.T9A_01750,T9A_01750,annotation&nbsp;not&nbsp;available,89.9
1177181.T9A_02337,T9A_02337,COG2104&nbsp;Sulfur&nbsp;transfer&nbsp;protein&nbsp;involved&nbsp;in&nbsp;thiamine&nbsp;biosynthesis,89.8
1177181.T9A_02540,ndk,Nucleoside&nbsp;diphosphate&nbsp;kinase,89.8
1177181.T9A_02894,purK,N5-carboxyaminoimidazole&nbsp;ribonucleotide&nbsp;synthase,89.8
1177181.T9A_00708,hslU,ATP-dependent&nbsp;protease&nbsp;ATPase&nbsp;subunit&nbsp;HslU,89.8
1177181.T9A_02821,T9A_02821,Phosphate&nbsp;transport&nbsp;system&nbsp;permease&nbsp;protein,89.8
1177181.T9A_02327,T9A_02327,Diguanylate&nbsp;cyclase,89.7
1177181.T9A_02176,fadE,COG1960&nbsp;Acyl-CoA&nbsp;dehydrogenases,89.7
1177181.T9A_03071,coq7,"2-nonaprenyl-3-methyl-6-methoxy-1,4-benzoquinol&nbsp;hydroxylase",89.7
1177181.T9A_02998,T9A_02998,Fis&nbsp;family&nbsp;transcriptional&nbsp;regulator,89.7
1177181.T9A_01417,T9A_01417,Ferredoxin,89.7
1177181.T9A_02584,T9A_02584,COG1612&nbsp;Uncharacterized&nbsp;protein&nbsp;required&nbsp;for&nbsp;cytochrome&nbsp;oxidase&nbsp;assembly,89.6
1177181.T9A_00348,T9A_00348,Uncharacterized&nbsp;protein,89.6
1177181.T9A_02103,T9A_02103,COG0625&nbsp;Glutathione&nbsp;S-transferase,89.5
1177181.T9A_00444,T9A_00444,COG1960&nbsp;Acyl-CoA&nbsp;dehydrogenases,89.4
1177181.T9A_00723,T9A_00723,"COG2204&nbsp;Response&nbsp;regulator&nbsp;containing&nbsp;CheY-like&nbsp;receiver,&nbsp;AAA-type&nbsp;ATPase,&nbsp;and&nbsp;DNA-binding&nbsp;domains",89.4
1177181.T9A_00724,T9A_00724,Sensory&nbsp;box&nbsp;histidine&nbsp;kinase&nbsp;NtrB,89.3
1177181.T9A_02014,secA,Protein&nbsp;translocase&nbsp;subunit&nbsp;SecA,89.3
1177181.T9A_00587,T9A_00587,COG0142&nbsp;Geranylgeranyl&nbsp;pyrophosphate&nbsp;synthase,89.3
1177181.T9A_02186,T9A_02186,Uncharacterized&nbsp;protein,89.2
1177181.T9A_01293,T9A_01293,COG0183&nbsp;Acetyl-CoA&nbsp;acetyltransferase,89.2
1177181.T9A_02839,T9A_02839,GAF/PAS/GGDEF&nbsp;domain-containing&nbsp;protein,89.2
1177181.T9A_00838,T9A_00838,COG0303&nbsp;Molybdopterin&nbsp;biosynthesis&nbsp;enzyme,89.1
1177181.T9A_01537,T9A_01537,"COG1902&nbsp;NADH:flavin&nbsp;oxidoreductases,&nbsp;Old&nbsp;Yellow&nbsp;Enzyme&nbsp;family",89.1
1177181.T9A_00637,T9A_00637,annotation&nbsp;not&nbsp;available,89.1
1177181.T9A_02916,rplW,50S&nbsp;ribosomal&nbsp;protein&nbsp;L23,89.0
1177181.T9A_02248,nusA,Transcription&nbsp;termination/antitermination&nbsp;protein&nbsp;NusA,89.0
1177181.T9A_00989,T9A_00989,COG0204&nbsp;1-acyl-sn-glycerol-3-phosphate&nbsp;acyltransferase,88.9
1177181.T9A_00824,moaA,"GTP&nbsp;3',8-cyclase",88.9
1177181.T9A_01490,gyrA,DNA&nbsp;gyrase&nbsp;subunit&nbsp;A,88.9
1177181.T9A_02058,T9A_02058,COG0079&nbsp;Histidinol-phosphate/aromatic&nbsp;aminotransferase&nbsp;and&nbsp;cobyric&nbsp;acid&nbsp;decarboxylase,88.9
1177181.T9A_01835,T9A_01835,COG0183&nbsp;Acetyl-CoA&nbsp;acetyltransferase,88.8
1177181.T9A_00461,T9A_00461,"COG2086&nbsp;Electron&nbsp;transfer&nbsp;flavoprotein,&nbsp;beta&nbsp;subunit",88.8
1177181.T9A_02443,T9A_02443,COG4567&nbsp;Response&nbsp;regulator&nbsp;consisting&nbsp;of&nbsp;a&nbsp;CheY-like&nbsp;receiver&nbsp;domain&nbsp;and&nbsp;a&nbsp;Fis-type&nbsp;HTH&nbsp;domain,88.8
1177181.T9A_02433,ruvB,Holliday&nbsp;junction&nbsp;ATP-dependent&nbsp;DNA&nbsp;helicase&nbsp;RuvB,88.7
1177181.T9A_02765,T9A_02765,Uncharacterized&nbsp;protein,88.7
1177181.T9A_02132,T9A_02132,annotation&nbsp;not&nbsp;available,88.6
1177181.T9A_01704,T9A_01704,COG1024&nbsp;Enoyl-CoA&nbsp;hydratase/carnithine&nbsp;racemase,88.6
1177181.T9A_03051,T9A_03051,COG0642&nbsp;Signal&nbsp;transduction&nbsp;histidine&nbsp;kinase,88.6
1177181.T9A_02188,T9A_02188,Uncharacterized&nbsp;protein,88.6
1177181.T9A_02520,pheS,COG0016&nbsp;Phenylalanyl-tRNA&nbsp;synthetase&nbsp;alpha&nbsp;subunit,88.5
1177181.T9A_00065,leuB,3-isopropylmalate&nbsp;dehydrogenase,88.5
1177181.T9A_01062,T9A_01062,COG0840&nbsp;Methyl-accepting&nbsp;chemotaxis&nbsp;protein,88.4
1177181.T9A_00663,bioD,ATP-dependent&nbsp;dethiobiotin&nbsp;synthetase&nbsp;BioD,88.4
1177181.T9A_02579,T9A_02579,Cytochrome&nbsp;c&nbsp;oxidase&nbsp;subunit&nbsp;2,88.4
1177181.T9A_00935,T9A_00935,Phospholipase&nbsp;D/transphosphatidylase,88.3
1177181.T9A_00594,ribB,"3,4-dihydroxy-2-butanone&nbsp;4-phosphate&nbsp;synthase",88.3
1177181.T9A_03008,ilvH,"COG0440&nbsp;Acetolactate&nbsp;synthase,&nbsp;small&nbsp;(regulatory)&nbsp;subunit",88.2
1177181.T9A_00418,pyrH,Uridylate&nbsp;kinase,88.2
1177181.T9A_00071,trpB,Tryptophan&nbsp;synthase&nbsp;beta&nbsp;chain,88.2
1177181.T9A_01752,T9A_01752,Small&nbsp;GTP-binding&nbsp;protein,88.2
1177181.T9A_02178,fadI,3-ketoacyl-CoA&nbsp;thiolase,88.1
1177181.T9A_03047,ppa,Inorganic&nbsp;pyrophosphatase,88.1
1177181.T9A_01252,T9A_01252,Fe-ABC&nbsp;transporter&nbsp;permease,88.1
1177181.T9A_00950,atpA,ATP&nbsp;synthase&nbsp;subunit&nbsp;alpha,88.1
1177181.T9A_01562,adk,Adenylate&nbsp;kinase,88.1
1177181.T9A_00882,T9A_00882,Sensor&nbsp;histidine&nbsp;kinase,88.1
1177181.T9A_01574,T9A_01574,"COG0715&nbsp;ABC-type&nbsp;nitrate/sulfonate/bicarbonate&nbsp;transport&nbsp;systems,&nbsp;periplasmic&nbsp;components",88.0
1177181.T9A_00995,T9A_00995,COG0518&nbsp;GMP&nbsp;synthase&nbsp;-&nbsp;Glutamine&nbsp;amidotransferase&nbsp;domain,88.0
1177181.T9A_02903,T9A_02903,COG0334&nbsp;Glutamate&nbsp;dehydrogenase/leucine&nbsp;dehydrogenase,88.0
1177181.T9A_02934,secY,Protein&nbsp;translocase&nbsp;subunit&nbsp;SecY,88.0
1177181.T9A_02936,rpsM,30S&nbsp;ribosomal&nbsp;protein&nbsp;S13,88.0
1177181.T9A_01295,T9A_01295,Uncharacterized&nbsp;protein,87.9
1177181.T9A_01659,cysC,Adenylyl-sulfate&nbsp;kinase,87.8
1177181.T9A_01051,T9A_01051,Lactoylglutathione&nbsp;lyase,87.7
1177181.T9A_01983,T9A_01983,Diguanylate&nbsp;cyclase,87.7
1177181.T9A_02464,T9A_02464,COG0346&nbsp;Lactoylglutathione&nbsp;lyase&nbsp;and&nbsp;related&nbsp;lyases,87.7
1177181.T9A_02366,rpmG,COG0267&nbsp;Ribosomal&nbsp;protein&nbsp;L33,87.7
1177181.T9A_02150,T9A_02150,"COG2927&nbsp;DNA&nbsp;polymerase&nbsp;III,&nbsp;chi&nbsp;subunit",87.6
1177181.T9A_03021,rlpA,Endolytic&nbsp;peptidoglycan&nbsp;transglycosylase&nbsp;RlpA,87.6
1177181.T9A_02334,T9A_02334,Cell&nbsp;division&nbsp;protein&nbsp;FtsX,87.5
1177181.T9A_02453,T9A_02453,COG0514&nbsp;Superfamily&nbsp;II&nbsp;DNA&nbsp;helicase,87.5
1177181.T9A_02527,guaB,Inosine-5'-monophosphate&nbsp;dehydrogenase,87.5
1177181.T9A_03174,T9A_03174,COG1519&nbsp;3-deoxy-D-manno-octulosonic-acid&nbsp;transferase,87.5
1177181.T9A_02344,T9A_02344,dITP/XTP&nbsp;pyrophosphatase,87.5
1177181.T9A_02021,ddl,D-alanine--D-alanine&nbsp;ligase,87.4
1177181.T9A_01593,T9A_01593,Heme&nbsp;exporter&nbsp;protein&nbsp;D,87.4
1177181.T9A_01676,T9A_01676,COG1087&nbsp;UDP-glucose&nbsp;4-epimerase,87.4
1177181.T9A_02704,T9A_02704,Uncharacterized&nbsp;protein,87.3
1177181.T9A_02652,T9A_02652,Uncharacterized&nbsp;protein,87.3
1177181.T9A_00171,prpB,2-methylisocitrate&nbsp;lyase,87.3
1177181.T9A_02999,T9A_02999,COG0642&nbsp;Signal&nbsp;transduction&nbsp;histidine&nbsp;kinase,87.2
1177181.T9A_02462,rimK,Probable&nbsp;alpha-L-glutamate&nbsp;ligase,87.1
1177181.T9A_01660,T9A_01660,COG1004&nbsp;Predicted&nbsp;UDP-glucose&nbsp;6-dehydrogenase,87.0
1177181.T9A_01556,T9A_01556,3-oxoacyl-ACP&nbsp;synthase,87.0
1177181.T9A_02952,T9A_02952,COG0840&nbsp;Methyl-accepting&nbsp;chemotaxis&nbsp;protein,87.0
1177181.T9A_01096,T9A_01096,Phosphate&nbsp;regulon&nbsp;transcriptional&nbsp;regulatory&nbsp;protein&nbsp;phoB,87.0
1177181.T9A_03132,T9A_03132,COG0183&nbsp;Acetyl-CoA&nbsp;acetyltransferase,86.9
1177181.T9A_00367,T9A_00367,"COG2010&nbsp;Cytochrome&nbsp;c,&nbsp;mono-&nbsp;and&nbsp;diheme&nbsp;variants",86.9
1177181.T9A_02367,rpmB,COG0227&nbsp;Ribosomal&nbsp;protein&nbsp;L28,86.8
1177181.T9A_02087,gatC,Aspartyl/glutamyl-tRNA(Asn/Gln)&nbsp;amidotransferase&nbsp;subunit&nbsp;C,86.7
1177181.T9A_00550,thrS,Threonine--tRNA&nbsp;ligase,86.7
1177181.T9A_00026,T9A_00026,"COG2009&nbsp;Succinate&nbsp;dehydrogenase/fumarate&nbsp;reductase,&nbsp;cytochrome&nbsp;b&nbsp;subunit",86.7
1177181.T9A_01810,acpP,Acyl&nbsp;carrier&nbsp;protein,86.6
1177181.T9A_00435,uppP,Undecaprenyl-diphosphatase,86.5
1177181.T9A_00240,T9A_00240,annotation&nbsp;not&nbsp;available,86.5
1177181.T9A_02227,bamE,Outer&nbsp;membrane&nbsp;protein&nbsp;assembly&nbsp;factor&nbsp;BamE,86.5
1177181.T9A_01198,T9A_01198,COG0386&nbsp;Glutathione&nbsp;peroxidase,86.5
1177181.T9A_01312,T9A_01312,S1&nbsp;RNA-binding&nbsp;domain-containing&nbsp;protein,86.4
1177181.T9A_01651,T9A_01651,UDP-glucose&nbsp;4-epimerase,86.4
1177181.T9A_02421,T9A_02421,COG0789&nbsp;Predicted&nbsp;transcriptional&nbsp;regulators,86.3
1177181.T9A_01815,T9A_01815,DNA&nbsp;polymerase&nbsp;III&nbsp;subunit&nbsp;delta,86.3
1177181.T9A_00570,T9A_00570,Acetyl-coenzyme&nbsp;A&nbsp;synthetase,86.2
1177181.T9A_02390,T9A_02390,COG0633&nbsp;Ferredoxin,86.1
1177181.T9A_02977,T9A_02977,Transferase,86.1
1177181.T9A_02565,T9A_02565,"COG0600&nbsp;ABC-type&nbsp;nitrate/sulfonate/bicarbonate&nbsp;transport&nbsp;system,&nbsp;permease&nbsp;component",86.1
1177181.T9A_01662,T9A_01662,UTP-glucose-1-phosphate&nbsp;uridylyltransferase,86.1
1177181.T9A_01772,nqrD,Na(+)-translocating&nbsp;NADH-quinone&nbsp;reductase&nbsp;subunit&nbsp;D,86.1
1177181.T9A_02059,hisD,Histidinol&nbsp;dehydrogenase,86.0
1177181.T9A_02460,sat,COG2046&nbsp;ATP&nbsp;sulfurylase&nbsp;(sulfate&nbsp;adenylyltransferase),86.0
1177181.T9A_02260,T9A_02260,"COG0801&nbsp;7,8-dihydro-6-hydroxymethylpterin-pyrophosphokinase",85.8
1177181.T9A_02920,rpsC,30S&nbsp;ribosomal&nbsp;protein&nbsp;S3,85.7
1177181.T9A_01615,T9A_01615,Histidine&nbsp;kinase,85.7
1177181.T9A_01243,ilvA,L-threonine&nbsp;dehydratase,85.7
1177181.T9A_00788,T9A_00788,"Two-component&nbsp;system&nbsp;sensor&nbsp;protein,&nbsp;alginate&nbsp;biosynthesis",85.6
1177181.T9A_00886,T9A_00886,"COG1271&nbsp;Cytochrome&nbsp;bd-type&nbsp;quinol&nbsp;oxidase,&nbsp;subunit&nbsp;1",85.6
1177181.T9A_01462,T9A_01462,COG1960&nbsp;Acyl-CoA&nbsp;dehydrogenases,85.5
1177181.T9A_01980,T9A_01980,Thiol:disulfide&nbsp;interchange&nbsp;protein,85.5
1177181.T9A_02353,T9A_02353,"COG0145&nbsp;N-methylhydantoinase&nbsp;A/acetone&nbsp;carboxylase,&nbsp;beta&nbsp;subunit",85.4
1177181.T9A_00602,glyA,Serine&nbsp;hydroxymethyltransferase,85.3
1177181.T9A_02517,T9A_02517,COG0789&nbsp;Predicted&nbsp;transcriptional&nbsp;regulators,85.3
1177181.T9A_00624,rpsF,30S&nbsp;ribosomal&nbsp;protein&nbsp;S6,85.2
1177181.T9A_02768,T9A_02768,Soluble&nbsp;pyridine&nbsp;nucleotide&nbsp;transhydrogenase,85.2
1177181.T9A_02020,ftsQ,Cell&nbsp;division&nbsp;protein&nbsp;FtsQ,85.2
1177181.T9A_02265,gluQ,Glutamyl-Q&nbsp;tRNA(Asp)&nbsp;synthetase,85.2
1177181.T9A_01561,T9A_01561,COG4235&nbsp;Cytochrome&nbsp;c&nbsp;biogenesis&nbsp;factor,85.1
1177181.T9A_00084,T9A_00084,Aconitate&nbsp;hydratase&nbsp;B,85.1
1177181.T9A_00282,T9A_00282,Sensory&nbsp;box&nbsp;protein/response&nbsp;regulator,85.1
1177181.T9A_02261,pcnB,Poly(A)&nbsp;polymerase&nbsp;I,85.0
1177181.T9A_01852,rnc,Ribonuclease&nbsp;3,85.0
1177181.T9A_02477,T9A_02477,Diguanylate&nbsp;cyclase,85.0
1177181.T9A_03022,T9A_03022,D-alanyl-D-alanine-carboxypeptidase,85.0
1177181.T9A_02928,rpsH,30S&nbsp;ribosomal&nbsp;protein&nbsp;S8,84.9
1177181.T9A_00656,rsgA,Small&nbsp;ribosomal&nbsp;subunit&nbsp;biogenesis&nbsp;GTPase&nbsp;RsgA,84.9
1177181.T9A_00657,T9A_00657,COG2897&nbsp;Rhodanese-related&nbsp;sulfurtransferase,84.9
1177181.T9A_02841,T9A_02841,ATPase&nbsp;family&nbsp;protein,84.9
1177181.T9A_01612,T9A_01612,GTP&nbsp;pyrophosphokinase,84.8
1177181.T9A_00789,argH,COG0165&nbsp;Argininosuccinate&nbsp;lyase,84.7
1177181.T9A_00314,moaD,Molybdopterin&nbsp;synthase&nbsp;sulfur&nbsp;carrier&nbsp;subunit,84.7
1177181.T9A_01436,T9A_01436,Glycine&nbsp;cleavage&nbsp;operon&nbsp;activator,84.7
1177181.T9A_01074,pyrB,"COG0540&nbsp;Aspartate&nbsp;carbamoyltransferase,&nbsp;catalytic&nbsp;chain",84.7
1177181.T9A_02717,T9A_02717,"COG1593&nbsp;TRAP-type&nbsp;C4-dicarboxylate&nbsp;transport&nbsp;system,&nbsp;large&nbsp;permease&nbsp;component",84.7
1177181.T9A_00460,T9A_00460,"COG2025&nbsp;Electron&nbsp;transfer&nbsp;flavoprotein,&nbsp;alpha&nbsp;subunit",84.7
1177181.T9A_01729,lexA,LexA&nbsp;repressor,84.6
1177181.T9A_01158,T9A_01158,COG1012&nbsp;NAD-dependent&nbsp;aldehyde&nbsp;dehydrogenases,84.6
1177181.T9A_02382,T9A_02382,"COG1454&nbsp;Alcohol&nbsp;dehydrogenase,&nbsp;class&nbsp;IV",84.5
1177181.T9A_02096,hemA,Glutamyl-tRNA&nbsp;reductase,84.5
1177181.T9A_01067,T9A_01067,TonB,84.5
1177181.T9A_01713,nadK,NAD&nbsp;kinase,84.4
1177181.T9A_01228,T9A_01228,COG0469&nbsp;Pyruvate&nbsp;kinase,84.4
1177181.T9A_03106,T9A_03106,Putative&nbsp;transcriptional&nbsp;regulator&nbsp;ycf27,84.4
1177181.T9A_00212,T9A_00212,annotation&nbsp;not&nbsp;available,84.4
1177181.T9A_00494,apaH,"Bis(5'-nucleosyl)-tetraphosphatase,&nbsp;symmetrical",84.4
1177181.T9A_01353,T9A_01353,COG0789&nbsp;Predicted&nbsp;transcriptional&nbsp;regulators,84.4
1177181.T9A_01176,T9A_01176,"COG1009&nbsp;NADH:ubiquinone&nbsp;oxidoreductase&nbsp;subunit&nbsp;5&nbsp;(chain&nbsp;L)/Multisubunit&nbsp;Na+/H+&nbsp;antiporter,&nbsp;MnhA&nbsp;subunit",84.3
1177181.T9A_00974,T9A_00974,DNA&nbsp;polymerase&nbsp;III&nbsp;subunit&nbsp;epsilon,84.3
1177181.T9A_01760,T9A_01760,Uncharacterized&nbsp;protein,84.3
1177181.T9A_00952,atpF,ATP&nbsp;synthase&nbsp;subunit&nbsp;b,84.2
1177181.T9A_00797,T9A_00797,Hydrolase,84.1
1177181.T9A_02917,rplB,50S&nbsp;ribosomal&nbsp;protein&nbsp;L2,84.1
1177181.T9A_01979,T9A_01979,Aminotransferase,84.1
1177181.T9A_02029,ftsI,"Peptidoglycan&nbsp;D,D-transpeptidase&nbsp;FtsI",84.1
1177181.T9A_01157,T9A_01157,Aminotransferase,84.1
1177181.T9A_01607,T9A_01607,"COG2114&nbsp;Adenylate&nbsp;cyclase,&nbsp;family&nbsp;3&nbsp;(some&nbsp;proteins&nbsp;contain&nbsp;HAMP&nbsp;domain)",84.1
1177181.T9A_02668,prfC,Peptide&nbsp;chain&nbsp;release&nbsp;factor&nbsp;3,84.0
1177181.T9A_02569,T9A_02569,COG0439&nbsp;Biotin&nbsp;carboxylase,84.0
1177181.T9A_01649,T9A_01649,DegT/DnrJ/EryC1/StrS&nbsp;aminotransferase,83.9
1177181.T9A_02913,rpsJ,30S&nbsp;ribosomal&nbsp;protein&nbsp;S10,83.8
1177181.T9A_00280,T9A_00280,Sensory&nbsp;box&nbsp;protein/response&nbsp;regulator,83.8
1177181.T9A_02784,T9A_02784,Uncharacterized&nbsp;protein,83.6
1177181.T9A_00572,T9A_00572,Na-solute&nbsp;symporter/sensory&nbsp;box&nbsp;histidinekinase,83.6
1177181.T9A_00612,T9A_00612,Phosphate&nbsp;transport&nbsp;system&nbsp;permease&nbsp;protein,83.6
1177181.T9A_03052,T9A_03052,Transcriptional&nbsp;regulatory&nbsp;protein,83.6
1177181.T9A_00184,T9A_00184,Glutathione&nbsp;reductase,83.6
1177181.T9A_02149,pepA,Probable&nbsp;cytosol&nbsp;aminopeptidase,83.5
1177181.T9A_00979,mnmE,tRNA&nbsp;modification&nbsp;GTPase&nbsp;MnmE,83.5
1177181.T9A_00985,recF,DNA&nbsp;replication&nbsp;and&nbsp;repair&nbsp;protein&nbsp;RecF,83.5
1177181.T9A_00265,metH,"COG0646&nbsp;Methionine&nbsp;synthase&nbsp;I&nbsp;(cobalamin-dependent),&nbsp;methyltransferase&nbsp;domain",83.5
1177181.T9A_00284,T9A_00284,Histidine&nbsp;kinase,83.4
1177181.T9A_00247,T9A_00247,COG0635&nbsp;Coproporphyrinogen&nbsp;III&nbsp;oxidase&nbsp;and&nbsp;related&nbsp;Fe-S&nbsp;oxidoreductases,83.4
1177181.T9A_02280,T9A_02280,Adenine&nbsp;phosphoribosyltransferase,83.4
1177181.T9A_01658,T9A_01658,annotation&nbsp;not&nbsp;available,83.3
1177181.T9A_03203,T9A_03203,Response&nbsp;regulator,83.3
1177181.T9A_01496,rpsA,30S&nbsp;ribosomal&nbsp;protein&nbsp;S1,83.3
1177181.T9A_02566,T9A_02566,Sulfonate&nbsp;ABC&nbsp;transporter&nbsp;ATP-binding&nbsp;protein,83.2
1177181.T9A_01326,T9A_01326,Glycosidase,83.1
1177181.T9A_02647,aceE,Pyruvate&nbsp;dehydrogenase&nbsp;E1&nbsp;component,83.1
1177181.T9A_01851,era,GTPase&nbsp;Era,83.1
1177181.T9A_01108,znuC,Zinc&nbsp;import&nbsp;ATP-binding&nbsp;protein&nbsp;ZnuC,83.1
1177181.T9A_01568,T9A_01568,"COG1883&nbsp;Na+-transporting&nbsp;methylmalonyl-CoA/oxaloacetate&nbsp;decarboxylase,&nbsp;beta&nbsp;subunit",83.1
1177181.T9A_01377,T9A_01377,CzcB&nbsp;family&nbsp;heavy&nbsp;metal&nbsp;RND&nbsp;efflux&nbsp;membrane&nbsp;fusion&nbsp;protein,83.1
1177181.T9A_00694,aroB,3-dehydroquinate&nbsp;synthase,83.0
1177181.T9A_03089,T9A_03089,"COG1845&nbsp;Heme/copper-type&nbsp;cytochrome/quinol&nbsp;oxidase,&nbsp;subunit&nbsp;3",83.0
1177181.T9A_01375,T9A_01375,COG0789&nbsp;Predicted&nbsp;transcriptional&nbsp;regulators,82.9
1177181.T9A_00049,T9A_00049,COG3706&nbsp;Response&nbsp;regulator&nbsp;containing&nbsp;a&nbsp;CheY-like&nbsp;receiver&nbsp;domain&nbsp;and&nbsp;a&nbsp;GGDEF&nbsp;domain,82.9
1177181.T9A_00238,T9A_00238,"COG3278&nbsp;Cbb3-type&nbsp;cytochrome&nbsp;oxidase,&nbsp;subunit&nbsp;1",82.8
1177181.T9A_02899,rpoZ,DNA-directed&nbsp;RNA&nbsp;polymerase&nbsp;subunit&nbsp;omega,82.8
1177181.T9A_01560,T9A_01560,Cytochrome&nbsp;c-type&nbsp;biogenesis&nbsp;protein,82.7
1177181.T9A_02480,T9A_02480,COG0745&nbsp;Response&nbsp;regulators&nbsp;consisting&nbsp;of&nbsp;a&nbsp;CheY-like&nbsp;receiver&nbsp;domain&nbsp;and&nbsp;a&nbsp;winged-helix&nbsp;DNA-binding&nbsp;domain,82.7
1177181.T9A_02044,rplM,50S&nbsp;ribosomal&nbsp;protein&nbsp;L13,82.6
1177181.T9A_01800,T9A_01800,HAD&nbsp;superfamily&nbsp;hydrolase,82.6
1177181.T9A_02097,T9A_02097,Uncharacterized&nbsp;protein,82.6
1177181.T9A_03259,T9A_03259,"COG1902&nbsp;NADH:flavin&nbsp;oxidoreductases,&nbsp;Old&nbsp;Yellow&nbsp;Enzyme&nbsp;family",82.6
1177181.T9A_00315,moaC,Cyclic&nbsp;pyranopterin&nbsp;monophosphate&nbsp;synthase,82.3
1177181.T9A_00610,T9A_00610,"COG1117&nbsp;ABC-type&nbsp;phosphate&nbsp;transport&nbsp;system,&nbsp;ATPase&nbsp;component",82.2
1177181.T9A_00547,T9A_00547,Diguanylate&nbsp;cyclase,82.1
1177181.T9A_00437,T9A_00437,Uncharacterized&nbsp;protein,82.1
1177181.T9A_02071,T9A_02071,"Phosphotransferase&nbsp;system,&nbsp;nitrogen&nbsp;regulatory&nbsp;IIA&nbsp;protein",82.1
1177181.T9A_00094,clpX,ATP-dependent&nbsp;Clp&nbsp;protease&nbsp;ATP-binding&nbsp;subunit&nbsp;ClpX,82.1
1177181.T9A_02961,T9A_02961,Oxidoreductase,82.0
1177181.T9A_02467,rnt,Ribonuclease&nbsp;T,82.0
1177181.T9A_00948,atpD,ATP&nbsp;synthase&nbsp;subunit&nbsp;beta,82.0
1177181.T9A_02651,T9A_02651,Phosphotransferase,81.9
1177181.T9A_01575,T9A_01575,"COG0600&nbsp;ABC-type&nbsp;nitrate/sulfonate/bicarbonate&nbsp;transport&nbsp;system,&nbsp;permease&nbsp;component",81.9
1177181.T9A_01063,T9A_01063,Type&nbsp;IV&nbsp;pili&nbsp;signal&nbsp;transduction&nbsp;protein&nbsp;PilI,81.9
1177181.T9A_03067,T9A_03067,cAMP-dependent&nbsp;protein&nbsp;kinase&nbsp;regulatory&nbsp;chain,81.9
1177181.T9A_03065,purH,Bifunctional&nbsp;purine&nbsp;biosynthesis&nbsp;protein&nbsp;PurH,81.9
1177181.T9A_01534,T9A_01534,COG0642&nbsp;Signal&nbsp;transduction&nbsp;histidine&nbsp;kinase,81.9
1177181.T9A_02335,rpoH,RNA&nbsp;polymerase&nbsp;sigma&nbsp;factor&nbsp;RpoH,81.8
1177181.T9A_01663,T9A_01663,annotation&nbsp;not&nbsp;available,81.8
1177181.T9A_03090,T9A_03090,"COG0843&nbsp;Heme/copper-type&nbsp;cytochrome/quinol&nbsp;oxidases,&nbsp;subunit&nbsp;1",81.8
1177181.T9A_00302,T9A_00302,COG0492&nbsp;Thioredoxin&nbsp;reductase,81.6
1177181.T9A_00749,T9A_00749,COG0642&nbsp;Signal&nbsp;transduction&nbsp;histidine&nbsp;kinase,81.4
1177181.T9A_01204,T9A_01204,Peroxiredoxin&nbsp;family&nbsp;protein/glutaredoxin,81.4
1177181.T9A_02246,T9A_02246,Protein-export&nbsp;membrane&nbsp;protein,81.4
1177181.T9A_00337,modC,Molybdenum&nbsp;import&nbsp;ATP-binding&nbsp;protein&nbsp;ModC,81.4
1177181.T9A_02596,T9A_02596,COG0204&nbsp;1-acyl-sn-glycerol-3-phosphate&nbsp;acyltransferase,81.4
1177181.T9A_01538,T9A_01538,"COG1902&nbsp;NADH:flavin&nbsp;oxidoreductases,&nbsp;Old&nbsp;Yellow&nbsp;Enzyme&nbsp;family",81.3
1177181.T9A_02578,T9A_02578,Cytochrome&nbsp;c&nbsp;oxidase&nbsp;subunit&nbsp;1,81.3
1177181.T9A_00067,T9A_00067,COG0136&nbsp;Aspartate-semialdehyde&nbsp;dehydrogenase,81.2
1177181.T9A_01517,T9A_01517,"COG3221&nbsp;ABC-type&nbsp;phosphate/phosphonate&nbsp;transport&nbsp;system,&nbsp;periplasmic&nbsp;component",81.1
1177181.T9A_00729,T9A_00729,COG0189&nbsp;Glutathione&nbsp;synthase/Ribosomal&nbsp;protein&nbsp;S6&nbsp;modification&nbsp;enzyme&nbsp;(glutaminyl&nbsp;transferase),81.1
1177181.T9A_02487,T9A_02487,COG0633&nbsp;Ferredoxin,81.1
1177181.T9A_01608,T9A_01608,Histidine&nbsp;kinase,81.1
1177181.T9A_02428,tolB,Protein&nbsp;TolB,80.8
1177181.T9A_02090,T9A_02090,COG1024&nbsp;Enoyl-CoA&nbsp;hydratase/carnithine&nbsp;racemase,80.8
1177181.T9A_01542,purT,Formate-dependent&nbsp;phosphoribosylglycinamide&nbsp;formyltransferase,80.7
1177181.T9A_00062,leuC,3-isopropylmalate&nbsp;dehydratase&nbsp;large&nbsp;subunit,80.6
1177181.T9A_01683,zipA,Cell&nbsp;division&nbsp;protein&nbsp;ZipA,80.6
1177181.T9A_01838,T9A_01838,Phospho-2-dehydro-3-deoxyheptonate&nbsp;aldolase,80.5
1177181.T9A_00939,T9A_00939,COG0439&nbsp;Biotin&nbsp;carboxylase,80.4
1177181.T9A_00420,rpsB,COG0052&nbsp;Ribosomal&nbsp;protein&nbsp;S2,80.4
1177181.T9A_01218,T9A_01218,COG0695&nbsp;Glutaredoxin&nbsp;and&nbsp;related&nbsp;proteins,80.4
1177181.T9A_00338,T9A_00338,"COG4149&nbsp;ABC-type&nbsp;molybdate&nbsp;transport&nbsp;system,&nbsp;permease&nbsp;component",80.3
1177181.T9A_02937,rpsK,30S&nbsp;ribosomal&nbsp;protein&nbsp;S11,80.3
1177181.T9A_01363,T9A_01363,Protein&nbsp;PhoQ,80.3
1177181.T9A_02644,T9A_02644,annotation&nbsp;not&nbsp;available,80.1
1177181.T9A_02315,T9A_02315,NAD-dependent&nbsp;epimerase/dehydratase,80.1
1177181.T9A_00960,gidA,tRNA&nbsp;uridine&nbsp;5-carboxymethylaminomethyl&nbsp;modification&nbsp;enzyme&nbsp;MnmG,80.0
1177181.T9A_02376,pyrE,Orotate&nbsp;phosphoribosyltransferase,79.9
1177181.T9A_02018,ftsZ,Cell&nbsp;division&nbsp;protein&nbsp;FtsZ,79.9
1177181.T9A_02263,T9A_02263,Sensory&nbsp;box&nbsp;histidine&nbsp;kinase,79.8
1177181.T9A_00313,T9A_00313,Molybdenum&nbsp;cofactor&nbsp;biosynthesis&nbsp;protein&nbsp;E,79.7
1177181.T9A_00936,T9A_00936,DNA&nbsp;ligase,79.5
1177181.T9A_02114,secF,Protein-export&nbsp;membrane&nbsp;protein&nbsp;SecF,79.5
1177181.T9A_01679,T9A_01679,Aminotransferase,79.4
1177181.T9A_02710,T9A_02710,COG0204&nbsp;1-acyl-sn-glycerol-3-phosphate&nbsp;acyltransferase,79.4
1177181.T9A_02898,T9A_02898,GTP&nbsp;pyrophosphokinase,79.4
1177181.T9A_00857,T9A_00857,COG1052&nbsp;Lactate&nbsp;dehydrogenase&nbsp;and&nbsp;related&nbsp;dehydrogenases,79.4
1177181.T9A_00274,T9A_00274,General&nbsp;secretion&nbsp;pathway&nbsp;protein&nbsp;GspJ,79.4
1177181.T9A_01609,cysM,COG0031&nbsp;Cysteine&nbsp;synthase,79.3
1177181.T9A_02985,ileS,Isoleucine--tRNA&nbsp;ligase,79.3
1177181.T9A_00551,hisI,Phosphoribosyl-AMP&nbsp;cyclohydrolase,79.2
1177181.T9A_01223,T9A_01223,Glutathione-dependent&nbsp;formaldehyde-activating&nbsp;protein,79.1
1177181.T9A_00775,T9A_00775,COG0129&nbsp;Dihydroxyacid&nbsp;dehydratase/phosphogluconate&nbsp;dehydratase,79.1
1177181.T9A_01352,T9A_01352,COG0473&nbsp;Isocitrate/isopropylmalate&nbsp;dehydrogenase,79.1
1177181.T9A_00166,T9A_00166,annotation&nbsp;not&nbsp;available,79.1
1177181.T9A_00462,T9A_00462,Electron&nbsp;transfer&nbsp;flavoprotein-ubiquinone&nbsp;oxidoreductase,79.1
1177181.T9A_01942,T9A_01942,Uncharacterized&nbsp;protein,79.1
1177181.T9A_02978,rplU,50S&nbsp;ribosomal&nbsp;protein&nbsp;L21,79.0
1177181.T9A_00767,ilvE,Branched-chain-amino-acid&nbsp;aminotransferase,78.9
1177181.T9A_01578,T9A_01578,Nitrogen&nbsp;assimilation&nbsp;response&nbsp;regulatory&nbsp;protein,78.9
1177181.T9A_00311,T9A_00311,COG2838&nbsp;Monomeric&nbsp;isocitrate&nbsp;dehydrogenase,78.8
1177181.T9A_00531,T9A_00531,Uncharacterized&nbsp;protein,78.7
1177181.T9A_02824,T9A_02824,Phosphate-specific&nbsp;transport&nbsp;system&nbsp;accessory&nbsp;protein&nbsp;PhoU,78.7
1177181.T9A_01611,rlmD,23S&nbsp;rRNA&nbsp;(uracil(1939)-C(5))-methyltransferase&nbsp;RlmD,78.7
1177181.T9A_03215,T9A_03215,COG0745&nbsp;Response&nbsp;regulators&nbsp;consisting&nbsp;of&nbsp;a&nbsp;CheY-like&nbsp;receiver&nbsp;domain&nbsp;and&nbsp;a&nbsp;winged-helix&nbsp;DNA-binding&nbsp;domain,78.6
1177181.T9A_02522,rpmI,COG0291&nbsp;Ribosomal&nbsp;protein&nbsp;L35,78.5
1177181.T9A_00926,T9A_00926,Short&nbsp;chain&nbsp;dehydrogenase,78.5
1177181.T9A_00740,T9A_00740,Uncharacterized&nbsp;protein,78.5
1177181.T9A_03182,parC,DNA&nbsp;topoisomerase&nbsp;4&nbsp;subunit&nbsp;A,78.5
1177181.T9A_02981,proB,Glutamate&nbsp;5-kinase,78.5
1177181.T9A_02100,prs,Ribose-phosphate&nbsp;pyrophosphokinase,78.2
1177181.T9A_01068,T9A_01068,UPF0301&nbsp;protein&nbsp;T9A_01068,78.1
1177181.T9A_02733,metG,Methionine--tRNA&nbsp;ligase,78.0
1177181.T9A_03002,bamD,Outer&nbsp;membrane&nbsp;protein&nbsp;assembly&nbsp;factor&nbsp;BamD,78.0
1177181.T9A_00281,T9A_00281,Protein-glutamate&nbsp;methylesterase,77.9
1177181.T9A_02253,pnp,Polyribonucleotide&nbsp;nucleotidyltransferase,77.9
1177181.T9A_02997,T9A_02997,Oxidoreductase,77.8
1177181.T9A_01410,T9A_01410,Cardiolipin&nbsp;synthase,77.8
1177181.T9A_02693,dinB,DNA&nbsp;polymerase&nbsp;IV,77.8
1177181.T9A_00969,T9A_00969,AcrB/AcrD/AcrF&nbsp;family&nbsp;protein,77.8
1177181.T9A_02707,ppc,Phosphoenolpyruvate&nbsp;carboxylase,77.8
1177181.T9A_00439,T9A_00439,Molybdenum&nbsp;cofactor&nbsp;guanylyltransferase,77.7
1177181.T9A_02655,T9A_02655,COG3706&nbsp;Response&nbsp;regulator&nbsp;containing&nbsp;a&nbsp;CheY-like&nbsp;receiver&nbsp;domain&nbsp;and&nbsp;a&nbsp;GGDEF&nbsp;domain,77.6
1177181.T9A_02064,T9A_02064,Arabinose&nbsp;5-phosphate&nbsp;isomerase,77.6
1177181.T9A_02526,guaA,GMP&nbsp;synthase&nbsp;[glutamine-hydrolyzing],77.6
1177181.T9A_02759,dcd,dCTP&nbsp;deaminase,77.6
1177181.T9A_02042,T9A_02042,Ubiquinol-cytochrome&nbsp;c&nbsp;reductase&nbsp;iron-sulfur&nbsp;subunit,77.5
1177181.T9A_02252,rpsO,30S&nbsp;ribosomal&nbsp;protein&nbsp;S15,77.4
1177181.T9A_00339,T9A_00339,"COG0725&nbsp;ABC-type&nbsp;molybdate&nbsp;transport&nbsp;system,&nbsp;periplasmic&nbsp;component",77.3
1177181.T9A_01185,T9A_01185,COG2863&nbsp;Cytochrome&nbsp;c553,77.2
1177181.T9A_01625,T9A_01625,Tyrosine-protein&nbsp;kinase,77.2
1177181.T9A_02110,T9A_02110,Aminotransferase,76.9
1177181.T9A_00489,lptD,LPS-assembly&nbsp;protein&nbsp;LptD,76.9
1177181.T9A_02811,T9A_02811,annotation&nbsp;not&nbsp;available,76.8
1177181.T9A_02177,T9A_02177,Short&nbsp;chain&nbsp;enoyl-CoA&nbsp;hydratase/3-hydroxyacyl-CoA&nbsp;dehydrogenase,76.7
1177181.T9A_00262,T9A_00262,NAD(P)&nbsp;transhydrogenase&nbsp;subunit&nbsp;beta,76.7
1177181.T9A_02947,T9A_02947,Single-stranded&nbsp;DNA-binding&nbsp;protein,76.7
1177181.T9A_00700,T9A_00700,Type&nbsp;IV&nbsp;fimbrial&nbsp;biogenesis&nbsp;protein&nbsp;PilM,76.7
1177181.T9A_02093,T9A_02093,Molybdopterin&nbsp;biosynthesis&nbsp;MoeB&nbsp;protein,76.6
1177181.T9A_02019,ftsA,Cell&nbsp;division&nbsp;protein&nbsp;FtsA,76.6
1177181.T9A_02568,T9A_02568,Uncharacterized&nbsp;protein,76.6
1177181.T9A_02528,xseA,Exodeoxyribonuclease&nbsp;7&nbsp;large&nbsp;subunit,76.5
1177181.T9A_00762,T9A_00762,Lipopolysaccharide&nbsp;core&nbsp;heptose(I)&nbsp;kinase,76.5
1177181.T9A_02818,T9A_02818,"COG4664&nbsp;TRAP-type&nbsp;mannitol/chloroaromatic&nbsp;compound&nbsp;transport&nbsp;system,&nbsp;large&nbsp;permease&nbsp;component",76.5
1177181.T9A_00004,T9A_00004,COG0332&nbsp;3-oxoacyl-[acyl-carrier-protein]&nbsp;synthase&nbsp;III,76.5
1177181.T9A_01121,T9A_01121,Transcriptional&nbsp;regulator&nbsp;MmsR,76.5
1177181.T9A_00117,T9A_00117,"COG0155&nbsp;Sulfite&nbsp;reductase,&nbsp;beta&nbsp;subunit&nbsp;(hemoprotein)",76.5
1177181.T9A_01075,T9A_01075,"Dihydroorotase,&nbsp;multifunctional&nbsp;complex&nbsp;type",76.4
1177181.T9A_02659,groS,10&nbsp;kDa&nbsp;chaperonin,76.4
1177181.T9A_03058,aroQ,3-dehydroquinate&nbsp;dehydratase,76.3
1177181.T9A_00986,gyrB,DNA&nbsp;gyrase&nbsp;subunit&nbsp;B,76.3
1177181.T9A_01873,fadB,Fatty&nbsp;acid&nbsp;oxidation&nbsp;complex&nbsp;subunit&nbsp;alpha,76.3
1177181.T9A_02028,murE,"UDP-N-acetylmuramoyl-L-alanyl-D-glutamate--2,6-diaminopimelate&nbsp;ligase",76.2
1177181.T9A_01765,T9A_01765,annotation&nbsp;not&nbsp;available,76.2
1177181.T9A_02915,rplD,50S&nbsp;ribosomal&nbsp;protein&nbsp;L4,76.1
1177181.T9A_00275,T9A_00275,General&nbsp;secretion&nbsp;pathway&nbsp;protein&nbsp;GspO,76.1
1177181.T9A_00072,trpA,Tryptophan&nbsp;synthase&nbsp;alpha&nbsp;chain,76.1
1177181.T9A_01406,recD,RecBCD&nbsp;enzyme&nbsp;subunit&nbsp;RecD,76.0
1177181.T9A_03092,T9A_03092,COG1024&nbsp;Enoyl-CoA&nbsp;hydratase/carnithine&nbsp;racemase,76.0
1177181.T9A_03226,T9A_03226,COG1960&nbsp;Acyl-CoA&nbsp;dehydrogenases,76.0
1177181.T9A_02498,T9A_02498,D-xylulose&nbsp;5-phosphate/D-fructose&nbsp;6-phosphate&nbsp;phosphoketolase,76.0
1177181.T9A_01012,T9A_01012,COG0111&nbsp;Phosphoglycerate&nbsp;dehydrogenase&nbsp;and&nbsp;related&nbsp;dehydrogenases,76.0
1177181.T9A_02715,T9A_02715,"COG1638&nbsp;TRAP-type&nbsp;C4-dicarboxylate&nbsp;transport&nbsp;system,&nbsp;periplasmic&nbsp;component",75.6
1177181.T9A_00102,T9A_00102,"COG4166&nbsp;ABC-type&nbsp;oligopeptide&nbsp;transport&nbsp;system,&nbsp;periplasmic&nbsp;component",75.6
1177181.T9A_00701,T9A_00701,COG5009&nbsp;Membrane&nbsp;carboxypeptidase/penicillin-binding&nbsp;protein,75.6
1177181.T9A_02332,ftsY,Signal&nbsp;recognition&nbsp;particle&nbsp;receptor&nbsp;FtsY,75.5
1177181.T9A_01376,T9A_01376,CzcC&nbsp;family&nbsp;heavy&nbsp;metal&nbsp;RND&nbsp;efflux&nbsp;outer&nbsp;membrane&nbsp;protein,75.4
1177181.T9A_01910,T9A_01910,"COG0411&nbsp;ABC-type&nbsp;branched-chain&nbsp;amino&nbsp;acid&nbsp;transport&nbsp;systems,&nbsp;ATPase&nbsp;component",75.3
1177181.T9A_00953,atpE,ATP&nbsp;synthase&nbsp;subunit&nbsp;c,75.3
1177181.T9A_02542,T9A_02542,ABC&nbsp;transporter&nbsp;ATP-binding&nbsp;protein,75.1
1177181.T9A_00622,rpsR,30S&nbsp;ribosomal&nbsp;protein&nbsp;S18,75.0
1177181.T9A_00405,dnaE,"COG0587&nbsp;DNA&nbsp;polymerase&nbsp;III,&nbsp;alpha&nbsp;subunit",74.9
1177181.T9A_02416,nadA,Quinolinate&nbsp;synthase&nbsp;A,74.8
1177181.T9A_00951,atpH,ATP&nbsp;synthase&nbsp;subunit&nbsp;delta,74.8
1177181.T9A_01381,T9A_01381,COG1538&nbsp;Outer&nbsp;membrane&nbsp;protein,74.7
1177181.T9A_02861,def,Peptide&nbsp;deformylase,74.7
1177181.T9A_02550,T9A_02550,Cysteine&nbsp;desulfurase&nbsp;IscS,74.5
1177181.T9A_00101,T9A_00101,"COG4174&nbsp;ABC-type&nbsp;uncharacterized&nbsp;transport&nbsp;system,&nbsp;permease&nbsp;component",74.5
1177181.T9A_01623,T9A_01623,COG1596&nbsp;Periplasmic&nbsp;protein&nbsp;involved&nbsp;in&nbsp;polysaccharide&nbsp;export,74.5
1177181.T9A_00352,T9A_00352,COG0642&nbsp;Signal&nbsp;transduction&nbsp;histidine&nbsp;kinase,74.4
1177181.T9A_01964,T9A_01964,Thioredoxin,74.2
1177181.T9A_00880,T9A_00880,"COG0656&nbsp;Aldo/keto&nbsp;reductases,&nbsp;related&nbsp;to&nbsp;diketogulonate&nbsp;reductase",74.2
1177181.T9A_02161,ubiD,3-octaprenyl-4-hydroxybenzoate&nbsp;carboxy-lyase,74.2
1177181.T9A_01444,pyrC,Dihydroorotase,74.1
1177181.T9A_02430,T9A_02430,COG0848&nbsp;Biopolymer&nbsp;transport&nbsp;protein,74.0
1177181.T9A_01271,T9A_01271,annotation&nbsp;not&nbsp;available,74.0
1177181.T9A_02319,T9A_02319,COG1024&nbsp;Enoyl-CoA&nbsp;hydratase/carnithine&nbsp;racemase,74.0
1177181.T9A_02789,T9A_02789,annotation&nbsp;not&nbsp;available,73.9
1177181.T9A_00114,T9A_00114,Alcohol&nbsp;dehydrogenase,73.9
1177181.T9A_01378,T9A_01378,CzcA&nbsp;family&nbsp;heavy&nbsp;metal&nbsp;RND&nbsp;efflux&nbsp;protein,73.8
1177181.T9A_01256,gcvT,Aminomethyltransferase,73.8
1177181.T9A_01703,T9A_01703,"COG4770&nbsp;Acetyl/propionyl-CoA&nbsp;carboxylase,&nbsp;alpha&nbsp;subunit",73.6
1177181.T9A_01913,T9A_01913,Uncharacterized&nbsp;protein,73.6
1177181.T9A_03216,T9A_03216,Protein&nbsp;PtsP,73.6
1177181.T9A_03204,T9A_03204,COG0642&nbsp;Signal&nbsp;transduction&nbsp;histidine&nbsp;kinase,73.5
1177181.T9A_02816,T9A_02816,TRAP-type&nbsp;transports&nbsp;system&nbsp;extracellular&nbsp;solute&nbsp;binding&nbsp;protein,73.4
1177181.T9A_00726,T9A_00726,COG0174&nbsp;Glutamine&nbsp;synthetase,73.4
1177181.T9A_00784,T9A_00784,COG1587&nbsp;Uroporphyrinogen-III&nbsp;synthase,73.3
1177181.T9A_02518,ihfA,Integration&nbsp;host&nbsp;factor&nbsp;subunit&nbsp;alpha,73.2
1177181.T9A_00358,T9A_00358,"COG4770&nbsp;Acetyl/propionyl-CoA&nbsp;carboxylase,&nbsp;alpha&nbsp;subunit",73.2
1177181.T9A_02414,T9A_02414,"COG0425&nbsp;Predicted&nbsp;redox&nbsp;protein,&nbsp;regulator&nbsp;of&nbsp;disulfide&nbsp;bond&nbsp;formation",73.2
1177181.T9A_01065,T9A_01065,Type&nbsp;IV&nbsp;pili&nbsp;response&nbsp;regulator&nbsp;PilG,73.2
1177181.T9A_01495,cmk,COG0283&nbsp;Cytidylate&nbsp;kinase,73.2
1177181.T9A_02738,T9A_02738,COG2902&nbsp;NAD-specific&nbsp;glutamate&nbsp;dehydrogenase,73.1
1177181.T9A_00031,T9A_00031,Dihydrolipoyllysine-residue&nbsp;succinyltransferase&nbsp;component&nbsp;of&nbsp;2-oxoglutarate&nbsp;dehydrogenase&nbsp;complex,73.1
1177181.T9A_00029,T9A_00029,"Succinate&nbsp;dehydrogenase,&nbsp;iron-sulfur",73.1
1177181.T9A_03059,T9A_03059,Biotin&nbsp;carboxyl&nbsp;carrier&nbsp;protein&nbsp;of&nbsp;acetyl-CoA&nbsp;carboxylase,73.0
1177181.T9A_02101,ctc,50S&nbsp;ribosomal&nbsp;protein&nbsp;L25,72.9
1177181.T9A_01768,T9A_01768,COG0057&nbsp;Glyceraldehyde-3-phosphate&nbsp;dehydrogenase/erythrose-4-phosphate&nbsp;dehydrogenase,72.8
1177181.T9A_01717,T9A_01717,COG0308&nbsp;Aminopeptidase&nbsp;N,72.8
1177181.T9A_01196,T9A_01196,Deoxyguanosinetriphosphate&nbsp;triphosphohydrolase-like&nbsp;protein,72.8
1177181.T9A_00580,T9A_00580,Family&nbsp;7&nbsp;extracellular&nbsp;solute-binding&nbsp;protein,72.7
1177181.T9A_02232,grpE,Protein&nbsp;GrpE,72.6
1177181.T9A_02778,purU,Formyltetrahydrofolate&nbsp;deformylase,72.5
1177181.T9A_00073,accD,Acetyl-coenzyme&nbsp;A&nbsp;carboxylase&nbsp;carboxyl&nbsp;transferase&nbsp;subunit&nbsp;beta,72.5
1177181.T9A_01839,T9A_01839,Penicillin-binding&nbsp;protein&nbsp;1C,72.4
1177181.T9A_02921,rplP,50S&nbsp;ribosomal&nbsp;protein&nbsp;L16,72.4
1177181.T9A_00704,priA,Primosomal&nbsp;protein&nbsp;N',72.4
1177181.T9A_00033,sucC,Succinate--CoA&nbsp;ligase&nbsp;[ADP-forming]&nbsp;subunit&nbsp;beta,72.1
1177181.T9A_00593,ribH,"6,7-dimethyl-8-ribityllumazine&nbsp;synthase",72.1
1177181.T9A_01177,T9A_01177,"COG1009&nbsp;NADH:ubiquinone&nbsp;oxidoreductase&nbsp;subunit&nbsp;5&nbsp;(chain&nbsp;L)/Multisubunit&nbsp;Na+/H+&nbsp;antiporter,&nbsp;MnhA&nbsp;subunit",72.1
1177181.T9A_00149,mtnB,Methylthioribulose-1-phosphate&nbsp;dehydratase,72.1
1177181.T9A_00885,T9A_00885,"COG1294&nbsp;Cytochrome&nbsp;bd-type&nbsp;quinol&nbsp;oxidase,&nbsp;subunit&nbsp;2",72.0
1177181.T9A_02068,T9A_02068,ABC&nbsp;transporter&nbsp;ATP-binding&nbsp;protein,71.9
1177181.T9A_01965,T9A_01965,COG1024&nbsp;Enoyl-CoA&nbsp;hydratase/carnithine&nbsp;racemase,71.9
1177181.T9A_00286,uvrC,UvrABC&nbsp;system&nbsp;protein&nbsp;C,71.9
1177181.T9A_03115,T9A_03115,"COG0559&nbsp;Branched-chain&nbsp;amino&nbsp;acid&nbsp;ABC-type&nbsp;transport&nbsp;system,&nbsp;permease&nbsp;components",71.9
1177181.T9A_02234,dnaJ,Chaperone&nbsp;protein&nbsp;DnaJ,71.8
1177181.T9A_02245,tpiA,Triosephosphate&nbsp;isomerase,71.7
1177181.T9A_00571,T9A_00571,Transcriptional&nbsp;regulator&nbsp;DegU,71.6
1177181.T9A_01939,T9A_01939,Uncharacterized&nbsp;protein,71.5
1177181.T9A_02482,T9A_02482,Ribonucleoside-diphosphate&nbsp;reductase,71.5
1177181.T9A_03194,T9A_03194,Short&nbsp;chain&nbsp;dehydrogenase,71.5
1177181.T9A_01530,T9A_01530,COG0183&nbsp;Acetyl-CoA&nbsp;acetyltransferase,71.4
1177181.T9A_01442,T9A_01442,COG0527&nbsp;Aspartokinases,71.4
1177181.T9A_02164,T9A_02164,Thioredoxin,71.3
1177181.T9A_00366,T9A_00366,2-hydroxy-3-oxopropionate&nbsp;reductase,71.2
1177181.T9A_02601,T9A_02601,Thiosulfate&nbsp;sulfurtransferase&nbsp;GlpE,71.2
1177181.T9A_02933,rplO,50S&nbsp;ribosomal&nbsp;protein&nbsp;L15,71.1
1177181.T9A_01988,ffh,Signal&nbsp;recognition&nbsp;particle&nbsp;protein,71.1
1177181.T9A_01239,T9A_01239,"COG1853&nbsp;Conserved&nbsp;protein/domain&nbsp;typically&nbsp;associated&nbsp;with&nbsp;flavoprotein&nbsp;oxygenases,&nbsp;DIM6/NTAB&nbsp;family",71.0
1177181.T9A_02924,rplN,50S&nbsp;ribosomal&nbsp;protein&nbsp;L14,71.0
1177181.T9A_02174,T9A_02174,Lipase/esterase,71.0
1177181.T9A_00608,T9A_00608,COG0695&nbsp;Glutaredoxin&nbsp;and&nbsp;related&nbsp;proteins,70.9
1177181.T9A_00634,purA,Adenylosuccinate&nbsp;synthetase,70.9
1177181.T9A_00764,T9A_00764,Lipopolysaccharide&nbsp;heptosyltransferase&nbsp;I,70.9
1177181.T9A_00164,T9A_00164,Uncharacterized&nbsp;protein,70.8
1177181.T9A_01567,T9A_01567,COG5016&nbsp;Pyruvate/oxaloacetate&nbsp;carboxyltransferase,70.7
1177181.T9A_02116,T9A_02116,COG1862&nbsp;Preprotein&nbsp;translocase&nbsp;subunit&nbsp;YajC,70.6
1177181.T9A_02272,T9A_02272,"COG0524&nbsp;Sugar&nbsp;kinases,&nbsp;ribokinase&nbsp;family",70.6
1177181.T9A_01827,T9A_01827,COG2146&nbsp;Ferredoxin&nbsp;subunits&nbsp;of&nbsp;nitrite&nbsp;reductase&nbsp;and&nbsp;ring-hydroxylating&nbsp;dioxygenases,70.5
1177181.T9A_03107,T9A_03107,Putative&nbsp;methyl-accepting&nbsp;chemotaxis&nbsp;protein,70.4
1177181.T9A_02585,cyoE,Protoheme&nbsp;IX&nbsp;farnesyltransferase,70.4
1177181.T9A_01494,aroA,3-phosphoshikimate&nbsp;1-carboxyvinyltransferase,70.4
1177181.T9A_01653,T9A_01653,annotation&nbsp;not&nbsp;available,70.3
1177181.T9A_01115,T9A_01115,Lipase/esterase,70.3
1177181.T9A_00778,T9A_00778,(Fe-S)-binding&nbsp;protein,70.3
1177181.T9A_00301,T9A_00301,COG1674&nbsp;DNA&nbsp;segregation&nbsp;ATPase&nbsp;FtsK/SpoIIIE&nbsp;and&nbsp;related&nbsp;proteins,70.2
1177181.T9A_01034,T9A_01034,COG1012&nbsp;NAD-dependent&nbsp;aldehyde&nbsp;dehydrogenases,70.2
1177181.T9A_01613,T9A_01613,Nucleotide&nbsp;pyrophosphohydrolase,70.1
1177181.T9A_01077,T9A_01077,Uncharacterized&nbsp;protein,70.1
1177181.T9A_02109,T9A_02109,Tartrate&nbsp;dehydrogenase,70.0
1177181.T9A_02819,T9A_02819,"COG4665&nbsp;TRAP-type&nbsp;mannitol/chloroaromatic&nbsp;compound&nbsp;transport&nbsp;system,&nbsp;small&nbsp;permease&nbsp;component",70.0
1177181.T9A_02089,gatB,Aspartyl/glutamyl-tRNA(Asn/Gln)&nbsp;amidotransferase&nbsp;subunit&nbsp;B,69.9
1177181.T9A_02645,T9A_02645,N-acetyl-anhydromuranmyl-L-alanine&nbsp;amidase,69.9
1177181.T9A_02782,tusA,Sulfur&nbsp;carrier&nbsp;protein&nbsp;TusA,69.9
1177181.T9A_01674,T9A_01674,COG2148&nbsp;Sugar&nbsp;transferases&nbsp;involved&nbsp;in&nbsp;lipopolysaccharide&nbsp;synthesis,69.8
1177181.T9A_03247,birA,Bifunctional&nbsp;ligase/repressor&nbsp;BirA,69.8
1177181.T9A_02859,T9A_02859,tRNA&nbsp;and&nbsp;rRNA&nbsp;cytosine-C5-methylase,69.7
1177181.T9A_00713,hisE,COG0140&nbsp;Phosphoribosyl-ATP&nbsp;pyrophosphohydrolase,69.5
1177181.T9A_02196,mtgA,Biosynthetic&nbsp;peptidoglycan&nbsp;transglycosylase,69.5
1177181.T9A_02776,T9A_02776,DNA-binding&nbsp;response&nbsp;regulator&nbsp;OmpR,69.5
1177181.T9A_00412,bamA,Outer&nbsp;membrane&nbsp;protein&nbsp;assembly&nbsp;factor&nbsp;BamA,69.5
1177181.T9A_01863,T9A_01863,Uncharacterized&nbsp;protein,69.4
1177181.T9A_01236,pgk,COG0126&nbsp;3-phosphoglycerate&nbsp;kinase,69.4
1177181.T9A_02190,T9A_02190,COG1024&nbsp;Enoyl-CoA&nbsp;hydratase/carnithine&nbsp;racemase,69.3
1177181.T9A_00379,T9A_00379,Uncharacterized&nbsp;protein,69.2
1177181.T9A_01059,T9A_01059,Protein-glutamate&nbsp;methylesterase,69.2
1177181.T9A_01438,recA,Protein&nbsp;RecA,69.1
1177181.T9A_02632,lptE,LPS-assembly&nbsp;lipoprotein&nbsp;LptE,68.9
1177181.T9A_02085,T9A_02085,Cell&nbsp;shape-determining&nbsp;protein&nbsp;MreC,68.9
1177181.T9A_01825,T9A_01825,COG2223&nbsp;Nitrate/nitrite&nbsp;transporter,68.8
1177181.T9A_00831,T9A_00831,"COG0614&nbsp;ABC-type&nbsp;Fe3+-hydroxamate&nbsp;transport&nbsp;system,&nbsp;periplasmic&nbsp;component",68.8
1177181.T9A_00737,secB,Protein-export&nbsp;protein&nbsp;SecB,68.7
1177181.T9A_00621,rplI,50S&nbsp;ribosomal&nbsp;protein&nbsp;L9,68.7
1177181.T9A_02927,rpsN,30S&nbsp;ribosomal&nbsp;protein&nbsp;S14,68.7
1177181.T9A_02735,T9A_02735,Sensor&nbsp;histidine&nbsp;kinase/response&nbsp;regulator,68.7
1177181.T9A_01316,ompR,COG0745&nbsp;Response&nbsp;regulators&nbsp;consisting&nbsp;of&nbsp;a&nbsp;CheY-like&nbsp;receiver&nbsp;domain&nbsp;and&nbsp;a&nbsp;winged-helix&nbsp;DNA-binding&nbsp;domain,68.6
1177181.T9A_02086,T9A_02086,Rod&nbsp;shape-determining&nbsp;protein&nbsp;MreB,68.6
1177181.T9A_00356,T9A_00356,"COG4799&nbsp;Acetyl-CoA&nbsp;carboxylase,&nbsp;carboxyltransferase&nbsp;component&nbsp;(subunits&nbsp;alpha&nbsp;and&nbsp;beta)",68.6
1177181.T9A_02541,T9A_02541,Cysteine&nbsp;desulfurase&nbsp;activator&nbsp;complex&nbsp;subunit&nbsp;SufB,68.6
1177181.T9A_01591,T9A_01591,Heme&nbsp;exporter&nbsp;protein&nbsp;B,68.5
1177181.T9A_01558,T9A_01558,Cytochrome&nbsp;c-type&nbsp;biogenesis&nbsp;protein&nbsp;CcmF,68.5
1177181.T9A_02626,T9A_02626,COG0446&nbsp;Uncharacterized&nbsp;NAD(FAD)-dependent&nbsp;dehydrogenases,68.5
1177181.T9A_01251,T9A_01251,Iron&nbsp;ABC&nbsp;transporter&nbsp;substrate-binding&nbsp;protein,68.5
1177181.T9A_01383,T9A_01383,CzcA&nbsp;family&nbsp;heavy&nbsp;metal&nbsp;efflux&nbsp;protein,68.5
1177181.T9A_03239,rplL,50S&nbsp;ribosomal&nbsp;protein&nbsp;L7/L12,68.4
1177181.T9A_03192,T9A_03192,Amidase,68.3
1177181.T9A_00592,nusB,Transcription&nbsp;antitermination&nbsp;protein&nbsp;NusB,68.3
1177181.T9A_03015,nadD,Probable&nbsp;nicotinate-nucleotide&nbsp;adenylyltransferase,68.3
1177181.T9A_01580,metE,5-methyltetrahydropteroyltriglutamate--homocysteine&nbsp;methyltransferase,68.2
1177181.T9A_03028,T9A_03028,COG2027&nbsp;D-alanyl-D-alanine&nbsp;carboxypeptidase&nbsp;(penicillin-binding&nbsp;protein&nbsp;4),68.1
1177181.T9A_03086,T9A_03086,"Two-component,&nbsp;sensor&nbsp;histidine&nbsp;protein&nbsp;kinase",68.1
1177181.T9A_02476,T9A_02476,Diguanylate&nbsp;cyclase,68.0
1177181.T9A_01516,T9A_01516,ABC&nbsp;transporter&nbsp;ATP-binding&nbsp;protein,67.9
1177181.T9A_01787,T9A_01787,"LolC/E&nbsp;family&nbsp;lipoprotein&nbsp;releasing&nbsp;system,&nbsp;transmembrane&nbsp;protein",67.9
1177181.T9A_01826,T9A_01826,COG1251&nbsp;NAD(P)H-nitrite&nbsp;reductase,67.8
1177181.T9A_01122,T9A_01122,Methylmalonate&nbsp;semialdehyde&nbsp;dehydrogenase,67.7
1177181.T9A_00628,rnr,Ribonuclease&nbsp;R,67.5
1177181.T9A_03075,T9A_03075,Isochorismate-pyruvate&nbsp;lyase,67.5
1177181.T9A_02434,ruvA,Holliday&nbsp;junction&nbsp;ATP-dependent&nbsp;DNA&nbsp;helicase&nbsp;RuvA,67.5
1177181.T9A_00596,T9A_00596,Riboflavin&nbsp;biosynthesis&nbsp;protein&nbsp;RibD,67.5
1177181.T9A_01416,T9A_01416,Two-component&nbsp;hybrid&nbsp;sensor&nbsp;and&nbsp;regulator,67.4
1177181.T9A_01064,T9A_01064,Type&nbsp;IV&nbsp;pili&nbsp;response&nbsp;regulator&nbsp;PilH,67.4
1177181.T9A_00744,hisF,Imidazole&nbsp;glycerol&nbsp;phosphate&nbsp;synthase&nbsp;subunit&nbsp;HisF,67.4
1177181.T9A_00210,T9A_00210,annotation&nbsp;not&nbsp;available,67.3
1177181.T9A_02067,T9A_02067,COG1934&nbsp;Uncharacterized&nbsp;protein&nbsp;conserved&nbsp;in&nbsp;bacteria,67.3
1177181.T9A_00438,T9A_00438,COG1199&nbsp;Rad3-related&nbsp;DNA&nbsp;helicases,67.2
1177181.T9A_01828,T9A_01828,COG1251&nbsp;NAD(P)H-nitrite&nbsp;reductase,67.2
1177181.T9A_03165,T9A_03165,Two-component&nbsp;sensor&nbsp;protein,67.1
1177181.T9A_01811,T9A_01811,3-oxoacyl-[acyl-carrier-protein]&nbsp;synthase&nbsp;2,67.1
1177181.T9A_02383,T9A_02383,Lipid-transfer&nbsp;protein,67.1
1177181.T9A_02752,T9A_02752,LexA&nbsp;repressor,67.1
1177181.T9A_00714,T9A_00714,Sec-independent&nbsp;protein&nbsp;translocase&nbsp;protein&nbsp;TatA,67.0
1177181.T9A_02070,T9A_02070,Sigma&nbsp;54&nbsp;modulation&nbsp;protein/ribosomal&nbsp;protein&nbsp;S30EA,67.0
1177181.T9A_02521,rplT,50S&nbsp;ribosomal&nbsp;protein&nbsp;L20,67.0
1177181.T9A_02115,secD,Protein&nbsp;translocase&nbsp;subunit&nbsp;SecD,66.9
1177181.T9A_01066,gshB,COG0189&nbsp;Glutathione&nbsp;synthase/Ribosomal&nbsp;protein&nbsp;S6&nbsp;modification&nbsp;enzyme&nbsp;(glutaminyl&nbsp;transferase),66.9
1177181.T9A_02663,T9A_02663,2-isopropylmalate&nbsp;synthase,66.9
1177181.T9A_02492,T9A_02492,Dehydrogenase,66.8
1177181.T9A_00241,T9A_00241,Cbb3-type&nbsp;cytochrome&nbsp;c&nbsp;oxidase&nbsp;subunit,66.7
1177181.T9A_00504,tsaD,tRNA&nbsp;N6-adenosine&nbsp;threonylcarbamoyltransferase,66.7
1177181.T9A_03060,T9A_03060,COG0439&nbsp;Biotin&nbsp;carboxylase,66.6
1177181.T9A_00034,sucD,Succinate--CoA&nbsp;ligase&nbsp;[ADP-forming]&nbsp;subunit&nbsp;alpha,66.5
1177181.T9A_03010,ilvC,Ketol-acid&nbsp;reductoisomerase&nbsp;(NADP(+)),66.5
1177181.T9A_01439,recX,Regulatory&nbsp;protein&nbsp;RecX,66.5
1177181.T9A_01830,T9A_01830,Alpha/beta&nbsp;hydrolase&nbsp;domain-containing&nbsp;protein,66.3
1177181.T9A_02945,T9A_02945,LuxR&nbsp;family&nbsp;transcriptional&nbsp;regulator,66.2
1177181.T9A_01333,T9A_01333,COG1011&nbsp;Predicted&nbsp;hydrolase&nbsp;(HAD&nbsp;superfamily),66.1
1177181.T9A_02844,T9A_02844,Hydroxymethylglutaryl-CoA&nbsp;lyase,66.1
1177181.T9A_00829,T9A_00829,ABC&nbsp;transporter&nbsp;ATP-binding&nbsp;protein,66.0
1177181.T9A_00993,T9A_00993,Regulatory&nbsp;protein&nbsp;DeoR,65.8
1177181.T9A_02442,T9A_02442,Uncharacterized&nbsp;protein,65.7
1177181.T9A_00927,T9A_00927,Uncharacterized&nbsp;protein,65.7
1177181.T9A_00758,T9A_00758,COG1560&nbsp;Lauroyl/myristoyl&nbsp;acyltransferase,65.7
1177181.T9A_00508,rpoD,RNA&nbsp;polymerase&nbsp;sigma&nbsp;factor&nbsp;RpoD,65.6
1177181.T9A_01136,T9A_01136,Amidase,65.6
1177181.T9A_00564,T9A_00564,Uncharacterized&nbsp;protein,65.5
1177181.T9A_00486,T9A_00486,COG0036&nbsp;Pentose-5-phosphate-3-epimerase,65.5
1177181.T9A_02194,T9A_02194,COG0518&nbsp;GMP&nbsp;synthase&nbsp;-&nbsp;Glutamine&nbsp;amidotransferase&nbsp;domain,65.4
1177181.T9A_00283,T9A_00283,COG1352&nbsp;Methylase&nbsp;of&nbsp;chemotaxis&nbsp;methyl-accepting&nbsp;proteins,65.4
1177181.T9A_01124,T9A_01124,COG2084&nbsp;3-hydroxyisobutyrate&nbsp;dehydrogenase&nbsp;and&nbsp;related&nbsp;beta-hydroxyacid&nbsp;dehydrogenases,65.4
1177181.T9A_01515,T9A_01515,Binding-protein-dependent&nbsp;transport&nbsp;system&nbsp;inner&nbsp;membrane&nbsp;protein,65.4
1177181.T9A_02040,T9A_02040,COG2857&nbsp;Cytochrome&nbsp;c1,65.4
1177181.T9A_02287,T9A_02287,Uncharacterized&nbsp;protein,65.3
1177181.T9A_01576,T9A_01576,Nitrate&nbsp;transporter&nbsp;ATPase&nbsp;NasD,65.2
1177181.T9A_01510,T9A_01510,Uncharacterized&nbsp;protein,65.2
1177181.T9A_00810,T9A_00810,Phosphoenolpyruvate-protein&nbsp;phosphotransferase,65.0
1177181.T9A_03044,pfp,Pyrophosphate--fructose&nbsp;6-phosphate&nbsp;1-phosphotransferase,65.0
1177181.T9A_00287,T9A_00287,COG2197&nbsp;Response&nbsp;regulator&nbsp;containing&nbsp;a&nbsp;CheY-like&nbsp;receiver&nbsp;domain&nbsp;and&nbsp;an&nbsp;HTH&nbsp;DNA-binding&nbsp;domain,64.9
1177181.T9A_02387,T9A_02387,Ferredoxin&nbsp;reductase,64.9
1177181.T9A_02523,T9A_02523,COG0290&nbsp;Translation&nbsp;initiation&nbsp;factor&nbsp;3&nbsp;(IF-3),64.8
1177181.T9A_01824,T9A_01824,COG0631&nbsp;Serine/threonine&nbsp;protein&nbsp;phosphatase,64.8
1177181.T9A_00039,gpsA,COG0240&nbsp;Glycerol-3-phosphate&nbsp;dehydrogenase,64.8
1177181.T9A_01821,T9A_01821,Aminotransferase,64.8
1177181.T9A_02445,T9A_02445,COG2911&nbsp;Uncharacterized&nbsp;protein&nbsp;conserved&nbsp;in&nbsp;bacteria,64.7
1177181.T9A_02322,T9A_02322,Uncharacterized&nbsp;protein,64.7
1177181.T9A_01860,T9A_01860,"COG1595&nbsp;DNA-directed&nbsp;RNA&nbsp;polymerase&nbsp;specialized&nbsp;sigma&nbsp;subunit,&nbsp;sigma24&nbsp;homolog",64.7
1177181.T9A_02650,T9A_02650,Two-component&nbsp;response&nbsp;regulatory&nbsp;protein,64.6
1177181.T9A_02988,ispH,4-hydroxy-3-methylbut-2-enyl&nbsp;diphosphate&nbsp;reductase,64.6
1177181.T9A_01840,T9A_01840,Phosphoadenosine&nbsp;phosphosulfate&nbsp;reductase,64.6
1177181.T9A_00279,T9A_00279,General&nbsp;secretion&nbsp;pathway&nbsp;protein&nbsp;E,64.6
1177181.T9A_02919,rplV,50S&nbsp;ribosomal&nbsp;protein&nbsp;L22,64.6
1177181.T9A_00104,T9A_00104,COG0741&nbsp;Soluble&nbsp;lytic&nbsp;murein&nbsp;transglycosylase&nbsp;and&nbsp;related&nbsp;regulatory&nbsp;proteins&nbsp;(some&nbsp;contain&nbsp;LysM/invasin&nbsp;domains),64.6
1177181.T9A_01095,T9A_01095,Phosphate&nbsp;regulon&nbsp;sensor&nbsp;protein&nbsp;PhoR,64.5
1177181.T9A_01616,T9A_01616,COG0745&nbsp;Response&nbsp;regulators&nbsp;consisting&nbsp;of&nbsp;a&nbsp;CheY-like&nbsp;receiver&nbsp;domain&nbsp;and&nbsp;a&nbsp;winged-helix&nbsp;DNA-binding&nbsp;domain,64.4
1177181.T9A_00066,asd,Aspartate-semialdehyde&nbsp;dehydrogenase,64.4
1177181.T9A_00267,T9A_00267,Uncharacterized&nbsp;protein,64.4
1177181.T9A_00195,T9A_00195,Uncharacterized&nbsp;protein,64.3
1177181.T9A_02297,T9A_02297,DNA-binding&nbsp;heavy&nbsp;metal&nbsp;response&nbsp;regulator,64.3
1177181.T9A_00401,pyrG,CTP&nbsp;synthase,64.3
1177181.T9A_02529,T9A_02529,Histidine&nbsp;kinase,64.2
1177181.T9A_01592,ccmC,Heme&nbsp;exporter&nbsp;protein&nbsp;C,64.2
1177181.T9A_00591,thiL,Thiamine-monophosphate&nbsp;kinase,64.2
1177181.T9A_01774,nqrF,Na(+)-translocating&nbsp;NADH-quinone&nbsp;reductase&nbsp;subunit&nbsp;F,64.1
1177181.T9A_01743,T9A_01743,COG0031&nbsp;Cysteine&nbsp;synthase,63.9
1177181.T9A_01231,ahcY,Adenosylhomocysteinase,63.8
1177181.T9A_03007,T9A_03007,Acetolactate&nbsp;synthase,63.8
1177181.T9A_01788,lolD,Lipoprotein-releasing&nbsp;system&nbsp;ATP-binding&nbsp;protein&nbsp;LolD,63.7
1177181.T9A_02472,T9A_02472,"COG0146&nbsp;N-methylhydantoinase&nbsp;B/acetone&nbsp;carboxylase,&nbsp;alpha&nbsp;subunit",63.7
1177181.T9A_01753,T9A_01753,Glutamate&nbsp;synthetase,63.7
1177181.T9A_00821,T9A_00821,COG2132&nbsp;Putative&nbsp;multicopper&nbsp;oxidases,63.6
1177181.T9A_03112,T9A_03112,COG0845&nbsp;Membrane-fusion&nbsp;protein,63.3
1177181.T9A_01732,topA,DNA&nbsp;topoisomerase&nbsp;1,63.3
1177181.T9A_02842,T9A_02842,Two&nbsp;component&nbsp;LuxR&nbsp;family&nbsp;transcriptional&nbsp;regulator,63.3
1177181.T9A_00620,T9A_00620,Replicative&nbsp;DNA&nbsp;helicase,63.3
1177181.T9A_02166,ppk,Polyphosphate&nbsp;kinase,63.3
1177181.T9A_02236,dapB,4-hydroxy-tetrahydrodipicolinate&nbsp;reductase,63.2
1177181.T9A_02295,T9A_02295,Sensory&nbsp;box&nbsp;histidine&nbsp;kinase&nbsp;PhoR,63.2
1177181.T9A_00763,T9A_00763,"UDP-glucose:(Heptosyl)&nbsp;LPS&nbsp;alpha1,3-glucosyltransferase",63.1
1177181.T9A_00860,T9A_00860,COG2146&nbsp;Ferredoxin&nbsp;subunits&nbsp;of&nbsp;nitrite&nbsp;reductase&nbsp;and&nbsp;ring-hydroxylating&nbsp;dioxygenases,62.9
1177181.T9A_00707,hslV,ATP-dependent&nbsp;protease&nbsp;subunit&nbsp;HslV,62.9
1177181.T9A_01555,T9A_01555,COG1960&nbsp;Acyl-CoA&nbsp;dehydrogenases,62.8
1177181.T9A_02279,thiE,Thiamine-phosphate&nbsp;synthase,62.8
1177181.T9A_00028,sdhA,"COG1053&nbsp;Succinate&nbsp;dehydrogenase/fumarate&nbsp;reductase,&nbsp;flavoprotein&nbsp;subunit",62.7
1177181.T9A_02538,T9A_02538,Type&nbsp;IV&nbsp;pili&nbsp;biogenesis&nbsp;protein&nbsp;PilF,62.5
1177181.T9A_02812,T9A_02812,Peptidoglycan&nbsp;lytic&nbsp;exotransglycosylase,62.5
1177181.T9A_02965,T9A_02965,COG0642&nbsp;Signal&nbsp;transduction&nbsp;histidine&nbsp;kinase,62.5
1177181.T9A_01407,recB,RecBCD&nbsp;enzyme&nbsp;subunit&nbsp;RecB,62.5
1177181.T9A_02567,T9A_02567,Uncharacterized&nbsp;protein,62.4
1177181.T9A_00666,bioF,8-amino-7-oxononanoate&nbsp;synthase,62.4
1177181.T9A_02024,ftsW,Probable&nbsp;peptidoglycan&nbsp;glycosyltransferase&nbsp;FtsW,62.3
1177181.T9A_00785,hemC,Porphobilinogen&nbsp;deaminase,62.3
1177181.T9A_02444,T9A_02444,COG0729&nbsp;Outer&nbsp;membrane&nbsp;protein,62.2
1177181.T9A_00715,tatB,Sec-independent&nbsp;protein&nbsp;translocase&nbsp;protein&nbsp;TatB,62.2
1177181.T9A_02674,T9A_02674,COG0183&nbsp;Acetyl-CoA&nbsp;acetyltransferase,62.2
1177181.T9A_00239,T9A_00239,"COG2993&nbsp;Cbb3-type&nbsp;cytochrome&nbsp;oxidase,&nbsp;cytochrome&nbsp;c&nbsp;subunit",62.1
1177181.T9A_03214,T9A_03214,Histidine&nbsp;kinase,62.1
1177181.T9A_02108,T9A_02108,COG1012&nbsp;NAD-dependent&nbsp;aldehyde&nbsp;dehydrogenases,62.1
1177181.T9A_02734,T9A_02734,Histidine&nbsp;kinase,62.1
1177181.T9A_01896,T9A_01896,DnaJ&nbsp;family&nbsp;curved-DNA-binding&nbsp;protein,62.0
1177181.T9A_01519,T9A_01519,COG2030&nbsp;Acyl&nbsp;dehydratase,62.0
1177181.T9A_00945,glmS,Glutamine--fructose-6-phosphate&nbsp;aminotransferase&nbsp;[isomerizing],62.0
1177181.T9A_01472,rnd,Ribonuclease&nbsp;D,61.9
1177181.T9A_00357,T9A_00357,COG1024&nbsp;Enoyl-CoA&nbsp;hydratase/carnithine&nbsp;racemase,61.9
1177181.T9A_01859,T9A_01859,annotation&nbsp;not&nbsp;available,61.8
1177181.T9A_01940,T9A_01940,annotation&nbsp;not&nbsp;available,61.8
1177181.T9A_02491,T9A_02491,Acetolactate&nbsp;synthase,61.8
1177181.T9A_03157,T9A_03157,Alkane&nbsp;1-monooxygenase,61.7
1177181.T9A_00834,T9A_00834,"COG0406&nbsp;Fructose-2,6-bisphosphatase",61.6
1177181.T9A_02576,T9A_02576,"COG1845&nbsp;Heme/copper-type&nbsp;cytochrome/quinol&nbsp;oxidase,&nbsp;subunit&nbsp;3",61.6
1177181.T9A_00111,T9A_00111,NADH&nbsp;pyrophosphatase,61.5
1177181.T9A_00563,folE2,GTP&nbsp;cyclohydrolase&nbsp;FolE2,61.5
1177181.T9A_01211,ppnP,Pyrimidine/purine&nbsp;nucleoside&nbsp;phosphorylase,61.5
1177181.T9A_02533,bamB,Outer&nbsp;membrane&nbsp;protein&nbsp;assembly&nbsp;factor&nbsp;BamB,61.4
1177181.T9A_03198,T9A_03198,Cation&nbsp;efflux&nbsp;system&nbsp;protein,61.4
1177181.T9A_02982,rpsT,30S&nbsp;ribosomal&nbsp;protein&nbsp;S20,61.3
1177181.T9A_00739,T9A_00739,Rhodanese&nbsp;domain-containing&nbsp;protein,61.3
1177181.T9A_00675,T9A_00675,Response&nbsp;regulator&nbsp;receiver&nbsp;protein,61.3
1177181.T9A_00760,T9A_00760,COG0515&nbsp;Serine/threonine&nbsp;protein&nbsp;kinase,61.2
1177181.T9A_03117,T9A_03117,"COG0411&nbsp;ABC-type&nbsp;branched-chain&nbsp;amino&nbsp;acid&nbsp;transport&nbsp;systems,&nbsp;ATPase&nbsp;component",61.2
1177181.T9A_02822,T9A_02822,"COG0581&nbsp;ABC-type&nbsp;phosphate&nbsp;transport&nbsp;system,&nbsp;permease&nbsp;component",61.1
1177181.T9A_01909,T9A_01909,"COG0410&nbsp;ABC-type&nbsp;branched-chain&nbsp;amino&nbsp;acid&nbsp;transport&nbsp;systems,&nbsp;ATPase&nbsp;component",61.0
1177181.T9A_02043,rpsI,COG0103&nbsp;Ribosomal&nbsp;protein&nbsp;S9,61.0
1177181.T9A_00745,hisA,1-(5-phosphoribosyl)-5-[(5-phosphoribosylamino)methylideneamino]&nbsp;imidazole-4-carboxamide&nbsp;isomerase,60.9
1177181.T9A_00549,T9A_00549,Chemotaxis&nbsp;sensory&nbsp;transducer&nbsp;family&nbsp;protein,60.8
1177181.T9A_02879,T9A_02879,COG1018&nbsp;Flavodoxin&nbsp;reductases&nbsp;(ferredoxin-NADPH&nbsp;reductases)&nbsp;family&nbsp;1,60.8
1177181.T9A_00432,plsB,COG2937&nbsp;Glycerol-3-phosphate&nbsp;O-acyltransferase,60.8
1177181.T9A_03120,T9A_03120,NAD-binding&nbsp;3-hydroxyacyl-CoA&nbsp;dehydrogenase,60.7
1177181.T9A_01808,T9A_01808,COG0331&nbsp;(acyl-carrier-protein)&nbsp;S-malonyltransferase,60.7
1177181.T9A_02817,T9A_02817,COG1607&nbsp;Acyl-CoA&nbsp;hydrolase,60.7
1177181.T9A_01364,T9A_01364,DNA-binding&nbsp;heavy&nbsp;metal&nbsp;response&nbsp;regulator,60.7
1177181.T9A_02519,pheT,Phenylalanine--tRNA&nbsp;ligase&nbsp;beta&nbsp;subunit,60.6
1177181.T9A_00635,hisZ,ATP&nbsp;phosphoribosyltransferase&nbsp;regulatory&nbsp;subunit,60.6
1177181.T9A_00566,T9A_00566,COG0454&nbsp;Histone&nbsp;acetyltransferase&nbsp;HPA2&nbsp;and&nbsp;related&nbsp;acetyltransferases,60.5
1177181.T9A_02027,murF,UDP-N-acetylmuramoyl-tripeptide--D-alanyl-D-alanine&nbsp;ligase,60.5
1177181.T9A_00103,T9A_00103,"COG4166&nbsp;ABC-type&nbsp;oligopeptide&nbsp;transport&nbsp;system,&nbsp;periplasmic&nbsp;component",60.4
1177181.T9A_00244,T9A_00244,Cation-transporting&nbsp;P-type&nbsp;ATPase,60.4
1177181.T9A_00402,T9A_00402,COG0514&nbsp;Superfamily&nbsp;II&nbsp;DNA&nbsp;helicase,60.4
1177181.T9A_02774,T9A_02774,Uncharacterized&nbsp;protein,60.4
1177181.T9A_01864,T9A_01864,Uncharacterized&nbsp;protein,60.4
1177181.T9A_03110,T9A_03110,Response&nbsp;regulator,60.3
1177181.T9A_00404,accA,Acetyl-coenzyme&nbsp;A&nbsp;carboxylase&nbsp;carboxyl&nbsp;transferase&nbsp;subunit&nbsp;alpha,60.3
1177181.T9A_00105,gloB,Hydroxyacylglutathione&nbsp;hydrolase,60.3
1177181.T9A_01590,ccmA,Cytochrome&nbsp;c&nbsp;biogenesis&nbsp;ATP-binding&nbsp;export&nbsp;protein&nbsp;CcmA,60.3
1177181.T9A_00914,T9A_00914,COG1063&nbsp;Threonine&nbsp;dehydrogenase&nbsp;and&nbsp;related&nbsp;Zn-dependent&nbsp;dehydrogenases,60.3
1177181.T9A_02914,rplC,50S&nbsp;ribosomal&nbsp;protein&nbsp;L3,60.3
1177181.T9A_02259,T9A_02259,COG1428&nbsp;Deoxynucleoside&nbsp;kinases,60.3
1177181.T9A_02113,T9A_02113,Aminotransferase,60.2
1177181.T9A_01833,T9A_01833,Oxidoreductase,60.2
1177181.T9A_02473,argD,COG4992&nbsp;Ornithine/acetylornithine&nbsp;aminotransferase,60.2
1177181.T9A_01232,metK,S-adenosylmethionine&nbsp;synthase,60.1
1177181.T9A_01544,T9A_01544,COG2885&nbsp;Outer&nbsp;membrane&nbsp;protein&nbsp;and&nbsp;related&nbsp;peptidoglycan-associated&nbsp;(lipo)proteins,60.1
1177181.T9A_02041,T9A_02041,Cytochrome&nbsp;b,60.1
1177181.T9A_02406,T9A_02406,COG1960&nbsp;Acyl-CoA&nbsp;dehydrogenases,60.1
1177181.T9A_00561,T9A_00561,Heme&nbsp;peroxidase,60.1
1177181.T9A_03236,rplK,50S&nbsp;ribosomal&nbsp;protein&nbsp;L11,60.0
1177181.T9A_02197,T9A_02197,Signal&nbsp;transduction&nbsp;protein,60.0
1177181.T9A_02238,carB,COG0458&nbsp;Carbamoylphosphate&nbsp;synthase&nbsp;large&nbsp;subunit&nbsp;(split&nbsp;gene&nbsp;in&nbsp;MJ),60.0
1177181.T9A_01500,pyrF,Orotidine&nbsp;5'-phosphate&nbsp;decarboxylase,59.8
1177181.T9A_03074,T9A_03074,DNA-binding&nbsp;transcriptional&nbsp;dual&nbsp;regulator&nbsp;Crp,59.8
1177181.T9A_03108,T9A_03108,CheW&nbsp;protein,59.8
1177181.T9A_01366,T9A_01366,COG2132&nbsp;Putative&nbsp;multicopper&nbsp;oxidases,59.7
1177181.T9A_00522,T9A_00522,Redoxin&nbsp;domain-containing&nbsp;protein,59.7
1177181.T9A_01010,T9A_01010,Fumarylacetoacetate&nbsp;hydrolase&nbsp;family&nbsp;protein,59.7
1177181.T9A_00661,T9A_00661,annotation&nbsp;not&nbsp;available,59.7
1177181.T9A_02753,T9A_02753,DNA-damage-inducible&nbsp;protein,59.6
1177181.T9A_00090,glnS,Glutamine--tRNA&nbsp;ligase,59.6
1177181.T9A_02926,rplE,50S&nbsp;ribosomal&nbsp;protein&nbsp;L5,59.6
1177181.T9A_02633,T9A_02633,"COG1466&nbsp;DNA&nbsp;polymerase&nbsp;III,&nbsp;delta&nbsp;subunit",59.5
1177181.T9A_00966,T9A_00966,Putative&nbsp;glucose-6-phosphate&nbsp;1-epimerase,59.5
1177181.T9A_02066,T9A_02066,COG3117&nbsp;Uncharacterized&nbsp;protein&nbsp;conserved&nbsp;in&nbsp;bacteria,59.5
1177181.T9A_00973,fumC,Fumarate&nbsp;hydratase&nbsp;class&nbsp;II,59.4
1177181.T9A_03005,clpB,Chaperone&nbsp;protein&nbsp;ClpB,59.4
1177181.T9A_02820,T9A_02820,Phosphate&nbsp;ABC&nbsp;transporter&nbsp;substrate-binding&nbsp;protein,59.4
1177181.T9A_00862,speE,Polyamine&nbsp;aminopropyltransferase,59.4
1177181.T9A_00991,glyS,"COG0751&nbsp;Glycyl-tRNA&nbsp;synthetase,&nbsp;beta&nbsp;subunit",59.4
1177181.T9A_01492,T9A_01492,Chorismate&nbsp;mutase/prephenate&nbsp;dehydratase,59.4
1177181.T9A_02187,T9A_02187,Phosphoserine&nbsp;phosphatase,59.3
1177181.T9A_00828,T9A_00828,"Cob(I)yrinic&nbsp;acid&nbsp;a,c-diamide&nbsp;adenosyltransferase",59.3
1177181.T9A_01959,T9A_01959,COG1960&nbsp;Acyl-CoA&nbsp;dehydrogenases,59.2
1177181.T9A_00651,T9A_00651,COG0860&nbsp;N-acetylmuramoyl-L-alanine&nbsp;amidase,59.2
1177181.T9A_01311,gshA,Glutamate--cysteine&nbsp;ligase,59.2
1177181.T9A_02025,murD,UDP-N-acetylmuramoylalanine--D-glutamate&nbsp;ligase,59.1
1177181.T9A_02273,T9A_02273,Penicillin-binding&nbsp;protein&nbsp;1B,59.1
1177181.T9A_02475,T9A_02475,ABC&nbsp;transporter&nbsp;ATP-binding&nbsp;protein,59.0
1177181.T9A_03001,nadE,Glutamine-dependent&nbsp;NAD(+)&nbsp;synthetase,59.0
1177181.T9A_02466,argG,COG0137&nbsp;Argininosuccinate&nbsp;synthase,58.9
1177181.T9A_00783,T9A_00783,Uroporphyrin-III&nbsp;C-methyltransferase,58.8
1177181.T9A_02427,T9A_02427,Peptidogycan-associated&nbsp;lipoprotein,58.8
1177181.T9A_01559,T9A_01559,Thiol:disulfide&nbsp;interchange&nbsp;protein&nbsp;DsbE,58.7
1177181.T9A_02648,T9A_02648,Acetyltransferase&nbsp;component&nbsp;of&nbsp;pyruvate&nbsp;dehydrogenase&nbsp;complex,58.7
1177181.T9A_03035,T9A_03035,Protein&nbsp;TonB,58.5
1177181.T9A_03241,rpoC,DNA-directed&nbsp;RNA&nbsp;polymerase&nbsp;subunit&nbsp;beta',58.5
1177181.T9A_00295,T9A_00295,Uncharacterized&nbsp;protein,58.5
1177181.T9A_02929,rplF,50S&nbsp;ribosomal&nbsp;protein&nbsp;L6,58.3
1177181.T9A_03023,T9A_03023,COG0115&nbsp;Branched-chain&nbsp;amino&nbsp;acid&nbsp;aminotransferase/4-amino-4-deoxychorismate&nbsp;lyase,58.3
1177181.T9A_03105,cheB,Chemotaxis&nbsp;response&nbsp;regulator&nbsp;protein-glutamate&nbsp;methylesterase,58.3
1177181.T9A_01777,T9A_01777,COG0456&nbsp;Acetyltransferases,58.3
1177181.T9A_00830,T9A_00830,Transporter&nbsp;permease,58.2
1177181.T9A_01493,T9A_01493,COG0079&nbsp;Histidinol-phosphate/aromatic&nbsp;aminotransferase&nbsp;and&nbsp;cobyric&nbsp;acid&nbsp;decarboxylase,58.2
1177181.T9A_01173,T9A_01173,NADH&nbsp;dehydrogenase&nbsp;(Quinone),58.2
1177181.T9A_00568,ectC,L-ectoine&nbsp;synthase,58.2
1177181.T9A_01706,T9A_01706,"COG4799&nbsp;Acetyl-CoA&nbsp;carboxylase,&nbsp;carboxyltransferase&nbsp;component&nbsp;(subunits&nbsp;alpha&nbsp;and&nbsp;beta)",58.2
1177181.T9A_00693,T9A_00693,Uncharacterized&nbsp;protein,58.2
1177181.T9A_01313,T9A_01313,PilH&nbsp;family&nbsp;regulatory&nbsp;protein,58.1
1177181.T9A_01461,recR,Recombination&nbsp;protein&nbsp;RecR,58.1
1177181.T9A_00458,T9A_00458,Oxidoreductase,58.0
1177181.T9A_02435,ruvC,Crossover&nbsp;junction&nbsp;endodeoxyribonuclease&nbsp;RuvC,58.0
1177181.T9A_02938,rpsD,30S&nbsp;ribosomal&nbsp;protein&nbsp;S4,58.0
1177181.T9A_02013,argJ,Arginine&nbsp;biosynthesis&nbsp;bifunctional&nbsp;protein&nbsp;ArgJ,57.9
1177181.T9A_01235,T9A_01235,COG0057&nbsp;Glyceraldehyde-3-phosphate&nbsp;dehydrogenase/erythrose-4-phosphate&nbsp;dehydrogenase,57.9
1177181.T9A_02979,rpmA,COG0211&nbsp;Ribosomal&nbsp;protein&nbsp;L27,57.8
1177181.T9A_00150,mtnA,Methylthioribose-1-phosphate&nbsp;isomerase,57.7
1177181.T9A_01977,T9A_01977,Threonine&nbsp;synthase,57.6
1177181.T9A_00099,T9A_00099,Oligopeptide&nbsp;ABC&nbsp;transporter&nbsp;ATP-binding&nbsp;protein,57.5
1177181.T9A_00581,T9A_00581,TRAP&nbsp;transporter&nbsp;small&nbsp;transmembrane&nbsp;protein&nbsp;TeaB,57.5
1177181.T9A_01551,T9A_01551,ColS,57.5
1177181.T9A_01552,T9A_01552,Uncharacterized&nbsp;protein,57.4
1177181.T9A_00479,T9A_00479,Phospho-2-dehydro-3-deoxyheptonate&nbsp;aldolase,57.3
1177181.T9A_00411,T9A_00411,COG2825&nbsp;Outer&nbsp;membrane&nbsp;protein,57.3
1177181.T9A_00615,T9A_00615,Dihydrolipoyl&nbsp;dehydrogenase,57.3
1177181.T9A_01725,T9A_01725,Uncharacterized&nbsp;protein,57.2
1177181.T9A_02105,T9A_02105,COG1045&nbsp;Serine&nbsp;acetyltransferase,57.1
1177181.T9A_02112,T9A_02112,Amidase,57.1
1177181.T9A_00077,purF,Amidophosphoribosyltransferase,57.1
1177181.T9A_02657,T9A_02657,COG3695&nbsp;Predicted&nbsp;methylated&nbsp;DNA-protein&nbsp;cysteine&nbsp;methyltransferase,57.0
1177181.T9A_01259,gcvPB,Probable&nbsp;glycine&nbsp;dehydrogenase&nbsp;(decarboxylating)&nbsp;subunit&nbsp;2,56.9
1177181.T9A_00600,nrdR,Transcriptional&nbsp;repressor&nbsp;NrdR,56.9
1177181.T9A_03263,tuf,Elongation&nbsp;factor&nbsp;Tu,56.9
1177181.T9A_03014,proA,Gamma-glutamyl&nbsp;phosphate&nbsp;reductase,56.8
1177181.T9A_00085,T9A_00085,COG1560&nbsp;Lauroyl/myristoyl&nbsp;acyltransferase,56.8
1177181.T9A_02009,T9A_02009,COG3317&nbsp;Uncharacterized&nbsp;lipoprotein,56.8
1177181.T9A_02073,T9A_02073,"COG1925&nbsp;Phosphotransferase&nbsp;system,&nbsp;HPr-related&nbsp;proteins",56.8
1177181.T9A_01061,T9A_01061,COG1352&nbsp;Methylase&nbsp;of&nbsp;chemotaxis&nbsp;methyl-accepting&nbsp;proteins,56.7
1177181.T9A_01497,himD,Integration&nbsp;host&nbsp;factor&nbsp;subunit&nbsp;beta,56.7
1177181.T9A_02034,T9A_02034,Lipoprotein,56.6
1177181.T9A_01107,T9A_01107,"COG1108&nbsp;ABC-type&nbsp;Mn2+/Zn2+&nbsp;transport&nbsp;systems,&nbsp;permease&nbsp;components",56.6
1177181.T9A_02276,hemL,COG0001&nbsp;Glutamate-1-semialdehyde&nbsp;aminotransferase,56.6
1177181.T9A_01798,rne,Ribonuclease&nbsp;E,56.5
1177181.T9A_01984,rplS,50S&nbsp;ribosomal&nbsp;protein&nbsp;L19,56.5
1177181.T9A_01738,nagZ,Beta-hexosaminidase,56.5
1177181.T9A_01220,T9A_01220,S-formylglutathione&nbsp;hydrolase,56.5
1177181.T9A_00706,T9A_00706,COG3087&nbsp;Cell&nbsp;division&nbsp;protein,56.4
1177181.T9A_00695,aroK,Shikimate&nbsp;kinase,56.1
1177181.T9A_01169,polA,DNA&nbsp;polymerase&nbsp;I,56.1
1177181.T9A_01471,gpmA,"2,3-bisphosphoglycerate-dependent&nbsp;phosphoglycerate&nbsp;mutase",56.1
1177181.T9A_00738,T9A_00738,Glutaredoxin,56.1
1177181.T9A_00384,T9A_00384,annotation&nbsp;not&nbsp;available,56.0
1177181.T9A_02010,dapA,4-hydroxy-tetrahydrodipicolinate&nbsp;synthase,55.9
1177181.T9A_02372,T9A_02372,Phosphoglucomutase/phosphomannomutase,55.8
1177181.T9A_02007,purC,COG0152&nbsp;Phosphoribosylaminoimidazolesuccinocarboxamide&nbsp;(SAICAR)&nbsp;synthase,55.8
1177181.T9A_00454,T9A_00454,Sensor&nbsp;histidine&nbsp;kinase/response&nbsp;regulator,55.7
1177181.T9A_01987,rpsP,COG0228&nbsp;Ribosomal&nbsp;protein&nbsp;S16,55.6
1177181.T9A_00172,T9A_00172,COG0372&nbsp;Citrate&nbsp;synthase,55.5
1177181.T9A_00138,T9A_00138,Virulence-associated&nbsp;protein&nbsp;E,55.5
1177181.T9A_00325,glcB,Malate&nbsp;synthase&nbsp;G,55.5
1177181.T9A_00772,argA,Amino-acid&nbsp;acetyltransferase,55.4
1177181.T9A_01011,T9A_01011,Oxidoreductase,55.4
1177181.T9A_00369,T9A_00369,Aminotransferase&nbsp;AlaT,55.4
1177181.T9A_00305,infA,Translation&nbsp;initiation&nbsp;factor&nbsp;IF-1,55.4
1177181.T9A_02660,groL,60&nbsp;kDa&nbsp;chaperonin,55.3
1177181.T9A_01943,T9A_01943,Uncharacterized&nbsp;protein,55.2
1177181.T9A_03243,rpsG,30S&nbsp;ribosomal&nbsp;protein&nbsp;S7,55.2
1177181.T9A_03104,T9A_03104,CheR-type&nbsp;MCP&nbsp;methyltransferase,55.2
1177181.T9A_03133,T9A_03133,COG1960&nbsp;Acyl-CoA&nbsp;dehydrogenases,55.1
1177181.T9A_00447,minE,Cell&nbsp;division&nbsp;topological&nbsp;specificity&nbsp;factor,55.0
1177181.T9A_02454,T9A_02454,MgtC/SapB&nbsp;transporter,55.0
1177181.T9A_02940,rplQ,COG0203&nbsp;Ribosomal&nbsp;protein&nbsp;L17,55.0
1177181.T9A_02860,fmt,Methionyl-tRNA&nbsp;formyltransferase,55.0
1177181.T9A_00200,T9A_00200,COG1070&nbsp;Sugar&nbsp;(pentulose&nbsp;and&nbsp;hexulose)&nbsp;kinases,55.0
1177181.T9A_01654,T9A_01654,annotation&nbsp;not&nbsp;available,54.9
1177181.T9A_02193,T9A_02193,2-isopropylmalate&nbsp;synthase,54.7
1177181.T9A_02631,leuS,Leucine--tRNA&nbsp;ligase,54.7
1177181.T9A_03238,rplJ,50S&nbsp;ribosomal&nbsp;protein&nbsp;L10,54.7
1177181.T9A_01956,T9A_01956,annotation&nbsp;not&nbsp;available,54.6
1177181.T9A_03218,T9A_03218,Nitropropane&nbsp;dioxygenase/trans-enoyl-CoA&nbsp;reductase&nbsp;family&nbsp;protein,54.6
1177181.T9A_00691,gltD,COG0493&nbsp;NADPH-dependent&nbsp;glutamate&nbsp;synthase&nbsp;beta&nbsp;chain&nbsp;and&nbsp;related&nbsp;oxidoreductases,54.5
1177181.T9A_02843,T9A_02843,annotation&nbsp;not&nbsp;available,54.5
1177181.T9A_02543,T9A_02543,ABC&nbsp;transporter&nbsp;permease,54.4
1177181.T9A_01403,T9A_01403,annotation&nbsp;not&nbsp;available,54.4
1177181.T9A_00703,rpmE,50S&nbsp;ribosomal&nbsp;protein&nbsp;L31,54.4
1177181.T9A_02479,T9A_02479,COG0642&nbsp;Signal&nbsp;transduction&nbsp;histidine&nbsp;kinase,54.3
1177181.T9A_00611,T9A_00611,"COG0581&nbsp;ABC-type&nbsp;phosphate&nbsp;transport&nbsp;system,&nbsp;permease&nbsp;component",54.2
1177181.T9A_02900,gmk,Guanylate&nbsp;kinase,54.1
1177181.T9A_03085,T9A_03085,COG4567&nbsp;Response&nbsp;regulator&nbsp;consisting&nbsp;of&nbsp;a&nbsp;CheY-like&nbsp;receiver&nbsp;domain&nbsp;and&nbsp;a&nbsp;Fis-type&nbsp;HTH&nbsp;domain,54.1
1177181.T9A_00107,rnhA,Ribonuclease&nbsp;H,54.1
1177181.T9A_02249,infB,Translation&nbsp;initiation&nbsp;factor&nbsp;IF-2,54.0
1177181.T9A_02935,rpmJ,COG0257&nbsp;Ribosomal&nbsp;protein&nbsp;L36,54.0
1177181.T9A_03125,T9A_03125,2-dehydropantoate&nbsp;2-reductase,53.9
1177181.T9A_00805,thyA,Thymidylate&nbsp;synthase,53.9
1177181.T9A_00038,htpG,Chaperone&nbsp;protein&nbsp;HtpG,53.9
1177181.T9A_02901,T9A_02901,COG0129&nbsp;Dihydroxyacid&nbsp;dehydratase/phosphogluconate&nbsp;dehydratase,53.9
1177181.T9A_00595,T9A_00595,COG0307&nbsp;Riboflavin&nbsp;synthase&nbsp;alpha&nbsp;chain,53.8
1177181.T9A_02060,hisG,ATP&nbsp;phosphoribosyltransferase,53.8
1177181.T9A_02131,T9A_02131,DNA&nbsp;helicase-like&nbsp;protein,53.7
1177181.T9A_03072,speD,S-adenosylmethionine&nbsp;decarboxylase&nbsp;proenzyme,53.6
1177181.T9A_03242,rpsL,30S&nbsp;ribosomal&nbsp;protein&nbsp;S12,53.6
1177181.T9A_02772,T9A_02772,Fatty&nbsp;oxidation&nbsp;complex&nbsp;subunit&nbsp;alpha,53.5
1177181.T9A_03088,T9A_03088,"COG3125&nbsp;Heme/copper-type&nbsp;cytochrome/quinol&nbsp;oxidase,&nbsp;subunit&nbsp;4",53.5
1177181.T9A_01557,fabA,3-hydroxydecanoyl-[acyl-carrier-protein]&nbsp;dehydratase,53.4
1177181.T9A_00757,T9A_00757,annotation&nbsp;not&nbsp;available,53.4
1177181.T9A_03262,T9A_03262,COG4585&nbsp;Signal&nbsp;transduction&nbsp;histidine&nbsp;kinase,53.4
1177181.T9A_02922,rpmC,COG0255&nbsp;Ribosomal&nbsp;protein&nbsp;L29,53.4
1177181.T9A_00354,T9A_00354,COG0789&nbsp;Predicted&nbsp;transcriptional&nbsp;regulators,53.3
1177181.T9A_01566,oadG,Probable&nbsp;oxaloacetate&nbsp;decarboxylase&nbsp;gamma&nbsp;chain,53.2
1177181.T9A_00947,atpC,ATP&nbsp;synthase&nbsp;epsilon&nbsp;chain,53.0
1177181.T9A_01870,T9A_01870,Peptide&nbsp;chain&nbsp;release&nbsp;factor&nbsp;2,53.0
1177181.T9A_01814,tmk,Thymidylate&nbsp;kinase,53.0
1177181.T9A_01712,T9A_01712,Cyclic&nbsp;nucleotide-binding&nbsp;protein,52.9
1177181.T9A_00296,cysG,Siroheme&nbsp;synthase,52.9
1177181.T9A_00091,folD,Bifunctional&nbsp;protein&nbsp;FolD,52.9
1177181.T9A_00586,xseB,Exodeoxyribonuclease&nbsp;7&nbsp;small&nbsp;subunit,52.9
1177181.T9A_02930,rplR,50S&nbsp;ribosomal&nbsp;protein&nbsp;L18,52.8
1177181.T9A_00648,hfq,RNA-binding&nbsp;protein&nbsp;Hfq,52.8
1177181.T9A_00399,eno,Enolase,52.6
1177181.T9A_02255,T9A_02255,Acetyl-coenzyme&nbsp;A&nbsp;synthetase,52.6
1177181.T9A_00110,T9A_00110,annotation&nbsp;not&nbsp;available,52.6
1177181.T9A_00983,dnaA,Chromosomal&nbsp;replication&nbsp;initiator&nbsp;protein&nbsp;DnaA,52.6
1177181.T9A_02431,T9A_02431,COG0811&nbsp;Biopolymer&nbsp;transport&nbsp;proteins,52.5
1177181.T9A_03011,T9A_03011,CDP-diacylglycerol--serine&nbsp;O-phosphatidyltransferase,52.5
1177181.T9A_02026,mraY,Phospho-N-acetylmuramoyl-pentapeptide-transferase,52.4
1177181.T9A_02665,T9A_02665,Ribosomal-protein-alanine&nbsp;N-acetyltransferase,52.3
1177181.T9A_00769,T9A_00769,Type&nbsp;II&nbsp;secretion&nbsp;system&nbsp;protein,52.3
1177181.T9A_00132,T9A_00132,COG1881&nbsp;Phospholipid-binding&nbsp;protein,52.3
1177181.T9A_00277,T9A_00277,General&nbsp;secretion&nbsp;pathway&nbsp;protein&nbsp;GspG,52.2
1177181.T9A_01060,T9A_01060,Two-component&nbsp;hybrid&nbsp;chemotactic&nbsp;sensor&nbsp;and&nbsp;regulator,52.2
1177181.T9A_00692,gltB,COG0067&nbsp;Glutamate&nbsp;synthase&nbsp;domain&nbsp;1,52.2
1177181.T9A_03240,rpoB,DNA-directed&nbsp;RNA&nbsp;polymerase&nbsp;subunit&nbsp;beta,52.1
1177181.T9A_02030,ftsL,Multifunctional&nbsp;fusion&nbsp;protein,52.1
1177181.T9A_02371,dut,Deoxyuridine&nbsp;5'-triphosphate&nbsp;nucleotidohydrolase,52.1
1177181.T9A_00319,T9A_00319,COG0015&nbsp;Adenylosuccinate&nbsp;lyase,52.0
1177181.T9A_00181,T9A_00181,Phosphoenolpyruvate&nbsp;synthase,52.0
1177181.T9A_00307,clpS,ATP-dependent&nbsp;Clp&nbsp;protease&nbsp;adapter&nbsp;protein&nbsp;ClpS,52.0
1177181.T9A_03037,ubiX,Flavin&nbsp;prenyltransferase&nbsp;UbiX,52.0
1177181.T9A_01284,T9A_01284,COG0789&nbsp;Predicted&nbsp;transcriptional&nbsp;regulators,51.9
1177181.T9A_02258,panB,3-methyl-2-oxobutanoate&nbsp;hydroxymethyltransferase,51.8
1177181.T9A_01954,T9A_01954,COG0778&nbsp;Nitroreductase,51.8
1177181.T9A_02823,pstB,Phosphate&nbsp;import&nbsp;ATP-binding&nbsp;protein&nbsp;PstB,51.7
1177181.T9A_00100,T9A_00100,"COG4239&nbsp;ABC-type&nbsp;uncharacterized&nbsp;transport&nbsp;system,&nbsp;permease&nbsp;component",51.7
1177181.T9A_00011,T9A_00011,Transaldolase,51.7
1177181.T9A_01773,nqrE,Na(+)-translocating&nbsp;NADH-quinone&nbsp;reductase&nbsp;subunit&nbsp;E,51.6
1177181.T9A_00902,T9A_00902,COG0789&nbsp;Predicted&nbsp;transcriptional&nbsp;regulators,51.5
1177181.T9A_03118,T9A_03118,"COG0410&nbsp;ABC-type&nbsp;branched-chain&nbsp;amino&nbsp;acid&nbsp;transport&nbsp;systems,&nbsp;ATPase&nbsp;component",51.5
1177181.T9A_01221,T9A_01221,"COG1062&nbsp;Zn-dependent&nbsp;alcohol&nbsp;dehydrogenases,&nbsp;class&nbsp;III",51.5
1177181.T9A_02483,T9A_02483,Ribonucleoside-diphosphate&nbsp;reductase&nbsp;subunit&nbsp;beta,51.5
1177181.T9A_02148,T9A_02148,Uncharacterized&nbsp;protein,51.5
1177181.T9A_00841,T9A_00841,Metallo-beta-lactamase&nbsp;family&nbsp;protein,51.4
1177181.T9A_03057,T9A_03057,COG4232&nbsp;Thiol:disulfide&nbsp;interchange&nbsp;protein,51.3
1177181.T9A_01684,ligA,DNA&nbsp;ligase,51.3
1177181.T9A_01418,mutS,DNA&nbsp;mismatch&nbsp;repair&nbsp;protein&nbsp;MutS,51.2
1177181.T9A_03109,T9A_03109,CheA&nbsp;signal&nbsp;transduction&nbsp;histidine&nbsp;kinase,51.0
1177181.T9A_01673,T9A_01673,UDP-glucose&nbsp;4-epimerase&nbsp;WbpV,51.0
