930169.B5T_03804,rplJ,50S&nbsp;ribosomal&nbsp;protein&nbsp;L10,98.8
930169.B5T_02827,tusA,Sulfur&nbsp;carrier&nbsp;protein&nbsp;TusA,98.8
930169.B5T_01545,rumA,23S&nbsp;rRNA&nbsp;(uracil(1939)-C(5))-methyltransferase&nbsp;RlmD,98.6
930169.B5T_01479,deaD,ATP-dependent&nbsp;RNA&nbsp;helicase&nbsp;DeaD,98.6
930169.B5T_01563,nrtC,annotation&nbsp;not&nbsp;available,98.5
930169.B5T_01992,trxB,annotation&nbsp;not&nbsp;available,98.5
930169.B5T_03298,B5T_03298,annotation&nbsp;not&nbsp;available,98.5
930169.B5T_00779,hisZ,ATP&nbsp;phosphoribosyltransferase&nbsp;regulatory&nbsp;subunit,98.5
930169.B5T_03986,maeB,annotation&nbsp;not&nbsp;available,98.4
930169.B5T_03450,groES,10&nbsp;kDa&nbsp;chaperonin,98.2
930169.B5T_00299,gcvP-1,Probable&nbsp;glycine&nbsp;dehydrogenase&nbsp;(decarboxylating)&nbsp;subunit&nbsp;2,98.2
930169.B5T_01630,aldh1,annotation&nbsp;not&nbsp;available,98.1
930169.B5T_03253,B5T_03253,annotation&nbsp;not&nbsp;available,98.1
930169.B5T_03869,carB,annotation&nbsp;not&nbsp;available,98.0
930169.B5T_01204,B5T_01204,GMP&nbsp;synthase&nbsp;[glutamine-hydrolyzing],98.0
930169.B5T_01924,frr,Ribosome-recycling&nbsp;factor,98.0
930169.B5T_03453,B5T_03453,2-dehydropantoate&nbsp;2-reductase,97.9
930169.B5T_02734,rpmF,annotation&nbsp;not&nbsp;available,97.9
930169.B5T_04334,znuC,Zinc&nbsp;import&nbsp;ATP-binding&nbsp;protein&nbsp;ZnuC,97.9
930169.B5T_01050,urtC_2,annotation&nbsp;not&nbsp;available,97.7
930169.B5T_04144,B5T_04144,annotation&nbsp;not&nbsp;available,97.6
930169.B5T_00248,adhC,annotation&nbsp;not&nbsp;available,97.6
930169.B5T_03314,B5T_03314,annotation&nbsp;not&nbsp;available,97.5
930169.B5T_00765,glpE,annotation&nbsp;not&nbsp;available,97.4
930169.B5T_02017,acd-6,annotation&nbsp;not&nbsp;available,97.3
930169.B5T_04310,dhlA,annotation&nbsp;not&nbsp;available,97.3
930169.B5T_00644,waaF,annotation&nbsp;not&nbsp;available,97.2
930169.B5T_04053,B5T_04053,annotation&nbsp;not&nbsp;available,97.1
930169.B5T_04052,creC,annotation&nbsp;not&nbsp;available,97.1
930169.B5T_03752,B5T_03752,annotation&nbsp;not&nbsp;available,97.1
930169.B5T_03725,rpsT,annotation&nbsp;not&nbsp;available,97.0
930169.B5T_03059,narG,annotation&nbsp;not&nbsp;available,97.0
930169.B5T_02249,B5T_02249,annotation&nbsp;not&nbsp;available,97.0
930169.B5T_02839,B5T_02839,annotation&nbsp;not&nbsp;available,96.8
930169.B5T_02285,ccoN-1,annotation&nbsp;not&nbsp;available,96.8
930169.B5T_01561,oadB,annotation&nbsp;not&nbsp;available,96.7
930169.B5T_04090,B5T_04090,annotation&nbsp;not&nbsp;available,96.7
930169.B5T_02237,B5T_02237,annotation&nbsp;not&nbsp;available,96.7
930169.B5T_02383,hmd,Bifunctional&nbsp;protein&nbsp;FolD,96.6
930169.B5T_00667,B5T_00667,annotation&nbsp;not&nbsp;available,96.6
930169.B5T_02846,B5T_02846,annotation&nbsp;not&nbsp;available,96.5
930169.B5T_04331,thrB,annotation&nbsp;not&nbsp;available,96.5
930169.B5T_02012,B5T_02012,annotation&nbsp;not&nbsp;available,96.5
930169.B5T_03210,cioA,annotation&nbsp;not&nbsp;available,96.5
930169.B5T_00641,B5T_00641,annotation&nbsp;not&nbsp;available,96.4
930169.B5T_03393,B5T_03393,Chemotaxis&nbsp;response&nbsp;regulator&nbsp;protein-glutamate&nbsp;methylesterase,96.4
930169.B5T_03392,B5T_03392,annotation&nbsp;not&nbsp;available,96.3
930169.B5T_02905,fadB3,annotation&nbsp;not&nbsp;available,96.3
930169.B5T_02235,thrH,annotation&nbsp;not&nbsp;available,96.3
930169.B5T_00653,lpxL1,Lipid&nbsp;A&nbsp;biosynthesis&nbsp;lauroyltransferase,96.2
930169.B5T_01850,B5T_01850,annotation&nbsp;not&nbsp;available,96.2
930169.B5T_01684,pcaF,annotation&nbsp;not&nbsp;available,96.2
930169.B5T_00297,gcvH,Glycine&nbsp;cleavage&nbsp;system&nbsp;H&nbsp;protein,96.1
930169.B5T_01550,fabB,annotation&nbsp;not&nbsp;available,96.1
930169.B5T_04417,atpD,ATP&nbsp;synthase&nbsp;subunit&nbsp;beta,96.1
930169.B5T_03806,rplK,50S&nbsp;ribosomal&nbsp;protein&nbsp;L11,96.1
930169.B5T_03395,B5T_03395,annotation&nbsp;not&nbsp;available,95.9
930169.B5T_01387,sitB,annotation&nbsp;not&nbsp;available,95.9
930169.B5T_01799,B5T_01799,annotation&nbsp;not&nbsp;available,95.9
930169.B5T_03533,B5T_03533,annotation&nbsp;not&nbsp;available,95.8
930169.B5T_00103,alkB2,annotation&nbsp;not&nbsp;available,95.7
930169.B5T_01929,bamA,Outer&nbsp;membrane&nbsp;protein&nbsp;assembly&nbsp;factor&nbsp;BamA,95.7
930169.B5T_00502,pilH2,annotation&nbsp;not&nbsp;available,95.5
930169.B5T_01628,B5T_01628,annotation&nbsp;not&nbsp;available,95.5
930169.B5T_02571,B5T_02571,annotation&nbsp;not&nbsp;available,95.4
930169.B5T_04410,B5T_04410,annotation&nbsp;not&nbsp;available,95.4
930169.B5T_00737,B5T_00737,annotation&nbsp;not&nbsp;available,95.4
930169.B5T_00647,waaG,annotation&nbsp;not&nbsp;available,95.4
930169.B5T_00396,akr1a1,annotation&nbsp;not&nbsp;available,95.3
930169.B5T_02282,B5T_02282,Cbb3-type&nbsp;cytochrome&nbsp;c&nbsp;oxidase&nbsp;subunit,95.2
930169.B5T_03136,B5T_03136,annotation&nbsp;not&nbsp;available,95.2
930169.B5T_01891,B5T_01891,annotation&nbsp;not&nbsp;available,94.9
930169.B5T_03993,hslV,ATP-dependent&nbsp;protease&nbsp;subunit&nbsp;HslV,94.7
930169.B5T_02871,B5T_02871,annotation&nbsp;not&nbsp;available,94.7
930169.B5T_00395,B5T_00395,annotation&nbsp;not&nbsp;available,94.6
930169.B5T_03416,fliI,annotation&nbsp;not&nbsp;available,94.5
930169.B5T_02798,B5T_02798,annotation&nbsp;not&nbsp;available,94.5
930169.B5T_00734,B5T_00734,annotation&nbsp;not&nbsp;available,94.4
930169.B5T_00599,narK,annotation&nbsp;not&nbsp;available,94.3
930169.B5T_03009,dnaX,DNA&nbsp;polymerase&nbsp;III&nbsp;subunit&nbsp;gamma/tau,94.2
930169.B5T_00503,ompR,annotation&nbsp;not&nbsp;available,94.2
930169.B5T_01135,coxC,annotation&nbsp;not&nbsp;available,94.1
930169.B5T_00109,B5T_00109,annotation&nbsp;not&nbsp;available,94.1
930169.B5T_00406,B5T_00406,annotation&nbsp;not&nbsp;available,94.1
930169.B5T_00793,rplI,50S&nbsp;ribosomal&nbsp;protein&nbsp;L9,94.0
930169.B5T_00015,glyQ,annotation&nbsp;not&nbsp;available,94.0
930169.B5T_02440,B5T_02440,annotation&nbsp;not&nbsp;available,94.0
930169.B5T_02725,holB,annotation&nbsp;not&nbsp;available,94.0
930169.B5T_02641,leuC,3-isopropylmalate&nbsp;dehydratase&nbsp;large&nbsp;subunit,93.9
930169.B5T_02782,B5T_02782,annotation&nbsp;not&nbsp;available,93.9
930169.B5T_01707,wbpA,annotation&nbsp;not&nbsp;available,93.7
930169.B5T_03940,leuA2,2-isopropylmalate&nbsp;synthase,93.6
930169.B5T_01923,pyrH,Uridylate&nbsp;kinase,93.5
930169.B5T_03101,recA,Protein&nbsp;RecA,93.5
930169.B5T_01320,B5T_01320,annotation&nbsp;not&nbsp;available,93.5
930169.B5T_03556,B5T_03556,annotation&nbsp;not&nbsp;available,93.4
930169.B5T_01656,B5T_01656,annotation&nbsp;not&nbsp;available,93.4
930169.B5T_02801,trbJ,annotation&nbsp;not&nbsp;available,93.4
930169.B5T_03794,rplD,50S&nbsp;ribosomal&nbsp;protein&nbsp;L4,93.4
930169.B5T_00524,B5T_00524,annotation&nbsp;not&nbsp;available,93.3
930169.B5T_03271,B5T_03271,annotation&nbsp;not&nbsp;available,93.3
930169.B5T_02705,etfB,annotation&nbsp;not&nbsp;available,93.2
930169.B5T_01188,aapB,annotation&nbsp;not&nbsp;available,93.1
930169.B5T_03199,pheT,annotation&nbsp;not&nbsp;available,93.0
930169.B5T_02371,B5T_02371,annotation&nbsp;not&nbsp;available,93.0
930169.B5T_02163,B5T_02163,"Branched-chain&nbsp;amino&nbsp;acid&nbsp;ABC-type&nbsp;transport&nbsp;system,&nbsp;permease&nbsp;components",93.0
930169.B5T_00234,ftsY,Signal&nbsp;recognition&nbsp;particle&nbsp;receptor&nbsp;FtsY,93.0
930169.B5T_00844,B5T_00844,annotation&nbsp;not&nbsp;available,92.9
930169.B5T_03966,gltB,annotation&nbsp;not&nbsp;available,92.9
930169.B5T_01384,hmuU,annotation&nbsp;not&nbsp;available,92.9
930169.B5T_04154,B5T_04154,annotation&nbsp;not&nbsp;available,92.8
930169.B5T_03444,leuA,2-isopropylmalate&nbsp;synthase,92.7
930169.B5T_01637,B5T_01637,annotation&nbsp;not&nbsp;available,92.7
930169.B5T_03791,rpsS,30S&nbsp;ribosomal&nbsp;protein&nbsp;S19,92.6
930169.B5T_04420,atpH,ATP&nbsp;synthase&nbsp;subunit&nbsp;delta,92.5
930169.B5T_04011,argH,annotation&nbsp;not&nbsp;available,92.5
930169.B5T_01156,B5T_01156,annotation&nbsp;not&nbsp;available,92.5
930169.B5T_01189,B5T_01189,annotation&nbsp;not&nbsp;available,92.5
930169.B5T_01495,B5T_01495,annotation&nbsp;not&nbsp;available,92.5
930169.B5T_03948,B5T_03948,annotation&nbsp;not&nbsp;available,92.3
930169.B5T_04303,B5T_04303,annotation&nbsp;not&nbsp;available,92.3
930169.B5T_03772,rpsK,30S&nbsp;ribosomal&nbsp;protein&nbsp;S11,92.3
930169.B5T_01657,B5T_01657,annotation&nbsp;not&nbsp;available,92.3
930169.B5T_00646,waaC,annotation&nbsp;not&nbsp;available,92.3
930169.B5T_02264,pntA,annotation&nbsp;not&nbsp;available,92.3
930169.B5T_02904,B5T_02904,Bacterioferritin,92.2
930169.B5T_04389,B5T_04389,annotation&nbsp;not&nbsp;available,92.2
930169.B5T_01895,minC,Probable&nbsp;septum&nbsp;site-determining&nbsp;protein&nbsp;MinC,92.2
930169.B5T_01683,B5T_01683,annotation&nbsp;not&nbsp;available,92.1
930169.B5T_01117,B5T_01117,Thiosulfate&nbsp;sulfurtransferase&nbsp;GlpE,92.0
930169.B5T_03872,dnaJ,Chaperone&nbsp;protein&nbsp;DnaJ,92.0
930169.B5T_02206,B5T_02206,annotation&nbsp;not&nbsp;available,91.9
930169.B5T_03675,B5T_03675,Protein&nbsp;translocase&nbsp;subunit&nbsp;SecD,91.9
930169.B5T_00002,dnaN,Beta&nbsp;sliding&nbsp;clamp,91.8
930169.B5T_04352,phoB,annotation&nbsp;not&nbsp;available,91.8
930169.B5T_03674,secF,Protein-export&nbsp;membrane&nbsp;protein&nbsp;SecF,91.7
930169.B5T_03200,pheS,annotation&nbsp;not&nbsp;available,91.7
930169.B5T_00413,B5T_00413,annotation&nbsp;not&nbsp;available,91.3
930169.B5T_03699,ilvH,annotation&nbsp;not&nbsp;available,91.2
930169.B5T_02704,etfA,annotation&nbsp;not&nbsp;available,91.2
930169.B5T_02942,fdsG,annotation&nbsp;not&nbsp;available,91.2
930169.B5T_02339,glpD,annotation&nbsp;not&nbsp;available,91.2
930169.B5T_03775,secY,Protein&nbsp;translocase&nbsp;subunit&nbsp;SecY,91.2
930169.B5T_03597,gatA,Glutamyl-tRNA(Gln)&nbsp;amidotransferase&nbsp;subunit&nbsp;A,91.1
930169.B5T_03801,rpoC,DNA-directed&nbsp;RNA&nbsp;polymerase&nbsp;subunit&nbsp;beta,91.1
930169.B5T_01000,trpC,annotation&nbsp;not&nbsp;available,91.1
930169.B5T_02443,B5T_02443,annotation&nbsp;not&nbsp;available,91.1
930169.B5T_01681,B5T_01681,annotation&nbsp;not&nbsp;available,91.0
930169.B5T_03483,ftsZ,Cell&nbsp;division&nbsp;protein&nbsp;FtsZ,90.9
930169.B5T_03770,rpoA,DNA-directed&nbsp;RNA&nbsp;polymerase&nbsp;subunit&nbsp;alpha,90.8
930169.B5T_03040,cysJ,annotation&nbsp;not&nbsp;available,90.8
930169.B5T_00966,plsY,Glycerol-3-phosphate&nbsp;acyltransferase,90.7
930169.B5T_00968,folK,annotation&nbsp;not&nbsp;available,90.7
930169.B5T_03202,rpmI,annotation&nbsp;not&nbsp;available,90.7
930169.B5T_03323,plsC2,annotation&nbsp;not&nbsp;available,90.6
930169.B5T_01911,plsB,annotation&nbsp;not&nbsp;available,90.6
930169.B5T_04141,B5T_04141,annotation&nbsp;not&nbsp;available,90.5
930169.B5T_00643,ilvE,Branched-chain-amino-acid&nbsp;aminotransferase,90.5
930169.B5T_00066,pilI,annotation&nbsp;not&nbsp;available,90.5
930169.B5T_00056,B5T_00056,Lactoylglutathione&nbsp;lyase,90.4
930169.B5T_01383,B5T_01383,annotation&nbsp;not&nbsp;available,90.4
930169.B5T_03291,B5T_03291,annotation&nbsp;not&nbsp;available,90.4
930169.B5T_00999,trpD,Anthranilate&nbsp;phosphoribosyltransferase,90.4
930169.B5T_02858,B5T_02858,annotation&nbsp;not&nbsp;available,90.3
930169.B5T_03518,petB,Cytochrome&nbsp;b,90.3
930169.B5T_03634,rplY,50S&nbsp;ribosomal&nbsp;protein&nbsp;L25,90.3
930169.B5T_01163,uahA,annotation&nbsp;not&nbsp;available,90.3
930169.B5T_01129,idsA,Protoheme&nbsp;IX&nbsp;farnesyltransferase,90.2
930169.B5T_03831,mrcB,Penicillin-binding&nbsp;protein&nbsp;1B,90.2
930169.B5T_01197,bamB,Outer&nbsp;membrane&nbsp;protein&nbsp;assembly&nbsp;factor&nbsp;BamB,90.2
930169.B5T_01900,B5T_01900,Uncharacterized&nbsp;protein,90.1
930169.B5T_01483,pfeR,annotation&nbsp;not&nbsp;available,90.0
930169.B5T_01349,B5T_01349,annotation&nbsp;not&nbsp;available,90.0
930169.B5T_02479,B5T_02479,annotation&nbsp;not&nbsp;available,90.0
930169.B5T_01696,wza,annotation&nbsp;not&nbsp;available,90.0
930169.B5T_00218,B5T_00218,annotation&nbsp;not&nbsp;available,90.0
930169.B5T_02911,sth,annotation&nbsp;not&nbsp;available,89.9
930169.B5T_02132,pilL,annotation&nbsp;not&nbsp;available,89.7
930169.B5T_01417,rpsP,annotation&nbsp;not&nbsp;available,89.6
930169.B5T_02615,B5T_02615,annotation&nbsp;not&nbsp;available,89.5
930169.B5T_00648,waaP3,Lipopolysaccharide&nbsp;core&nbsp;heptose(I)&nbsp;kinase,89.5
930169.B5T_02442,"fabG,",annotation&nbsp;not&nbsp;available,89.0
930169.B5T_00815,glyA,Serine&nbsp;hydroxymethyltransferase,88.9
930169.B5T_03873,dnaK,Chaperone&nbsp;protein&nbsp;DnaK,88.9
930169.B5T_01941,pyrG,CTP&nbsp;synthase,88.9
930169.B5T_00154,purK,N5-carboxyaminoimidazole&nbsp;ribonucleotide&nbsp;synthase,88.8
930169.B5T_02716,nirB,annotation&nbsp;not&nbsp;available,88.8
930169.B5T_02164,B5T_02164,annotation&nbsp;not&nbsp;available,88.8
930169.B5T_03683,pepA,Probable&nbsp;cytosol&nbsp;aminopeptidase,88.7
930169.B5T_00554,B5T_00554,annotation&nbsp;not&nbsp;available,88.7
930169.B5T_00566,B5T_00566,annotation&nbsp;not&nbsp;available,88.6
930169.B5T_01658,B5T_01658,annotation&nbsp;not&nbsp;available,88.6
930169.B5T_01649,B5T_01649,annotation&nbsp;not&nbsp;available,88.5
930169.B5T_00288,B5T_00288,annotation&nbsp;not&nbsp;available,88.5
930169.B5T_01865,lolD,Lipoprotein-releasing&nbsp;system&nbsp;ATP-binding&nbsp;protein&nbsp;LolD,88.5
930169.B5T_03682,B5T_03682,annotation&nbsp;not&nbsp;available,88.5
930169.B5T_01068,dacB,annotation&nbsp;not&nbsp;available,88.5
930169.B5T_01158,B5T_01158,annotation&nbsp;not&nbsp;available,88.5
930169.B5T_00115,"rsmB,",Ribosomal&nbsp;RNA&nbsp;small&nbsp;subunit&nbsp;methyltransferase&nbsp;B,88.4
930169.B5T_02354,ppsA,Phosphoenolpyruvate&nbsp;synthase,88.4
930169.B5T_03454,B5T_03454,annotation&nbsp;not&nbsp;available,88.2
930169.B5T_01060,B5T_01060,Flavin&nbsp;prenyltransferase&nbsp;UbiX,88.0
930169.B5T_01809,pepN,annotation&nbsp;not&nbsp;available,88.0
930169.B5T_04218,B5T_04218,annotation&nbsp;not&nbsp;available,88.0
930169.B5T_02738,B5T_02738,annotation&nbsp;not&nbsp;available,88.0
930169.B5T_03238,B5T_03238,annotation&nbsp;not&nbsp;available,87.9
930169.B5T_03231,ruvB,Holliday&nbsp;junction&nbsp;ATP-dependent&nbsp;DNA&nbsp;helicase&nbsp;RuvB,87.8
930169.B5T_04409,B5T_04409,annotation&nbsp;not&nbsp;available,87.8
930169.B5T_03709,pilS,annotation&nbsp;not&nbsp;available,87.7
930169.B5T_03413,fliF,Flagellar&nbsp;M-ring&nbsp;protein,87.7
930169.B5T_03793,rplW,50S&nbsp;ribosomal&nbsp;protein&nbsp;L23,87.6
930169.B5T_02934,B5T_02934,annotation&nbsp;not&nbsp;available,87.6
930169.B5T_03900,B5T_03900,annotation&nbsp;not&nbsp;available,87.5
930169.B5T_04428,gidA,tRNA&nbsp;uridine&nbsp;5-carboxymethylaminomethyl&nbsp;modification&nbsp;enzyme&nbsp;MnmG,87.5
930169.B5T_00123,aroE,Shikimate&nbsp;dehydrogenase&nbsp;(NADP(+)),87.3
930169.B5T_03790,rplV,50S&nbsp;ribosomal&nbsp;protein&nbsp;L22,87.3
930169.B5T_00259,B5T_00259,annotation&nbsp;not&nbsp;available,87.3
930169.B5T_00821,B5T_00821,annotation&nbsp;not&nbsp;available,87.3
930169.B5T_03455,B5T_03455,annotation&nbsp;not&nbsp;available,87.1
930169.B5T_00508,B5T_00508,annotation&nbsp;not&nbsp;available,86.9
930169.B5T_03764,B5T_03764,annotation&nbsp;not&nbsp;available,86.9
930169.B5T_03226,tolB,Protein&nbsp;TolB,86.8
930169.B5T_00790,rpsF,30S&nbsp;ribosomal&nbsp;protein&nbsp;S6,86.5
930169.B5T_03062,narI,annotation&nbsp;not&nbsp;available,86.4
930169.B5T_01386,sitA,annotation&nbsp;not&nbsp;available,86.4
930169.B5T_02956,B5T_02956,annotation&nbsp;not&nbsp;available,86.4
930169.B5T_03521,rplM,50S&nbsp;ribosomal&nbsp;protein&nbsp;L13,86.4
930169.B5T_03402,flhD,Flagellar&nbsp;transcriptional&nbsp;regulator&nbsp;FlhD,86.4
930169.B5T_02806,B5T_02806,annotation&nbsp;not&nbsp;available,86.3
930169.B5T_04117,B5T_04117,annotation&nbsp;not&nbsp;available,86.3
930169.B5T_00017,B5T_00017,annotation&nbsp;not&nbsp;available,86.2
930169.B5T_03432,flgF,annotation&nbsp;not&nbsp;available,86.2
930169.B5T_00275,B5T_00275,annotation&nbsp;not&nbsp;available,86.2
930169.B5T_03529,B5T_03529,annotation&nbsp;not&nbsp;available,86.2
930169.B5T_02211,gspE,annotation&nbsp;not&nbsp;available,86.2
930169.B5T_03975,B5T_03975,annotation&nbsp;not&nbsp;available,86.1
930169.B5T_01420,rplS,50S&nbsp;ribosomal&nbsp;protein&nbsp;L19,86.1
930169.B5T_03672,B5T_03672,annotation&nbsp;not&nbsp;available,86.0
930169.B5T_03911,B5T_03911,annotation&nbsp;not&nbsp;available,86.0
930169.B5T_00076,pyrB,annotation&nbsp;not&nbsp;available,85.9
930169.B5T_00296,gcvT,Aminomethyltransferase,85.9
930169.B5T_04104,pcoA,annotation&nbsp;not&nbsp;available,85.9
930169.B5T_01613,B5T_01613,annotation&nbsp;not&nbsp;available,85.9
930169.B5T_04422,atpE,ATP&nbsp;synthase&nbsp;subunit&nbsp;c,85.8
930169.B5T_03581,ptsO,annotation&nbsp;not&nbsp;available,85.8
930169.B5T_03777,rpmD,annotation&nbsp;not&nbsp;available,85.8
930169.B5T_01392,B5T_01392,annotation&nbsp;not&nbsp;available,85.7
930169.B5T_00044,B5T_00044,Acetate&nbsp;CoA-transferase&nbsp;YdiF,85.7
930169.B5T_03530,B5T_03530,annotation&nbsp;not&nbsp;available,85.7
930169.B5T_03978,B5T_03978,annotation&nbsp;not&nbsp;available,85.6
930169.B5T_00530,pad,annotation&nbsp;not&nbsp;available,85.5
930169.B5T_03396,cheD,annotation&nbsp;not&nbsp;available,85.5
930169.B5T_03268,hyuB,annotation&nbsp;not&nbsp;available,85.5
930169.B5T_03774,rpmJ,annotation&nbsp;not&nbsp;available,85.5
930169.B5T_01516,B5T_01516,3-ketoacyl-CoA&nbsp;thiolase,85.4
930169.B5T_03060,B5T_03060,annotation&nbsp;not&nbsp;available,85.4
930169.B5T_00783,B5T_00783,annotation&nbsp;not&nbsp;available,85.3
930169.B5T_01051,livG,annotation&nbsp;not&nbsp;available,85.2
930169.B5T_01181,iscS,annotation&nbsp;not&nbsp;available,85.1
930169.B5T_01202,xseA,Exodeoxyribonuclease&nbsp;7&nbsp;large&nbsp;subunit,85.1
930169.B5T_00166,rpoZ,DNA-directed&nbsp;RNA&nbsp;polymerase&nbsp;subunit&nbsp;omega,85.1
930169.B5T_01215,adeA,annotation&nbsp;not&nbsp;available,85.0
930169.B5T_01546,relA,GTP&nbsp;pyrophosphokinase,84.9
930169.B5T_04366,pstA,annotation&nbsp;not&nbsp;available,84.9
930169.B5T_02162,B5T_02162,"ABC-type&nbsp;branched-chain&nbsp;amino&nbsp;acid&nbsp;transport&nbsp;system,&nbsp;permease&nbsp;component",84.8
930169.B5T_04142,B5T_04142,annotation&nbsp;not&nbsp;available,84.7
930169.B5T_03848,B5T_03848,Acetyl-coenzyme&nbsp;A&nbsp;synthetase,84.7
930169.B5T_01155,B5T_01155,annotation&nbsp;not&nbsp;available,84.7
930169.B5T_04329,polA,DNA&nbsp;polymerase&nbsp;I,84.6
930169.B5T_03091,B5T_03091,3-isopropylmalate&nbsp;dehydratase&nbsp;small&nbsp;subunit,84.5
930169.B5T_02233,B5T_02233,annotation&nbsp;not&nbsp;available,84.4
930169.B5T_00703,B5T_00703,annotation&nbsp;not&nbsp;available,84.4
930169.B5T_03517,petC,annotation&nbsp;not&nbsp;available,84.3
930169.B5T_02803,B5T_02803,annotation&nbsp;not&nbsp;available,84.3
930169.B5T_04353,B5T_04353,annotation&nbsp;not&nbsp;available,84.2
930169.B5T_02975,cmk,annotation&nbsp;not&nbsp;available,84.2
930169.B5T_02480,B5T_02480,annotation&nbsp;not&nbsp;available,84.1
930169.B5T_01987,B5T_01987,annotation&nbsp;not&nbsp;available,84.1
930169.B5T_01017,accB,Biotin&nbsp;carboxyl&nbsp;carrier&nbsp;protein&nbsp;of&nbsp;acetyl-CoA&nbsp;carboxylase,84.0
930169.B5T_01931,lpxD,UDP-3-O-acylglucosamine&nbsp;N-acyltransferase,84.0
930169.B5T_00266,fda,annotation&nbsp;not&nbsp;available,84.0
930169.B5T_01595,B5T_01595,annotation&nbsp;not&nbsp;available,83.9
930169.B5T_03198,ihfA,Integration&nbsp;host&nbsp;factor&nbsp;subunit&nbsp;alpha,83.9
930169.B5T_02843,B5T_02843,annotation&nbsp;not&nbsp;available,83.8
930169.B5T_00823,paaI,annotation&nbsp;not&nbsp;available,83.8
930169.B5T_02284,ccoO-1,annotation&nbsp;not&nbsp;available,83.7
930169.B5T_04319,B5T_04319,annotation&nbsp;not&nbsp;available,83.7
930169.B5T_00077,pyrC-2,annotation&nbsp;not&nbsp;available,83.7
930169.B5T_02804,B5T_02804,annotation&nbsp;not&nbsp;available,83.6
930169.B5T_02805,B5T_02805,annotation&nbsp;not&nbsp;available,83.6
930169.B5T_01439,B5T_01439,annotation&nbsp;not&nbsp;available,83.6
930169.B5T_01103,cysP,annotation&nbsp;not&nbsp;available,83.6
930169.B5T_02350,gor,annotation&nbsp;not&nbsp;available,83.5
930169.B5T_01363,B5T_01363,annotation&nbsp;not&nbsp;available,83.3
930169.B5T_00995,B5T_00995,annotation&nbsp;not&nbsp;available,83.2
930169.B5T_03773,rpsM,30S&nbsp;ribosomal&nbsp;protein&nbsp;S13,83.2
930169.B5T_00247,B5T_00247,S-formylglutathione&nbsp;hydrolase,83.1
930169.B5T_01100,cysA,Sulfate/thiosulfate&nbsp;import&nbsp;ATP-binding&nbsp;protein&nbsp;CysA,83.1
930169.B5T_01016,accC,annotation&nbsp;not&nbsp;available,83.0
930169.B5T_02513,B5T_02513,annotation&nbsp;not&nbsp;available,83.0
930169.B5T_01893,minE,Cell&nbsp;division&nbsp;topological&nbsp;specificity&nbsp;factor,83.0
930169.B5T_03796,rpsJ,30S&nbsp;ribosomal&nbsp;protein&nbsp;S10,83.0
930169.B5T_02941,fdsB,annotation&nbsp;not&nbsp;available,82.9
930169.B5T_00391,B5T_00391,annotation&nbsp;not&nbsp;available,82.9
930169.B5T_01960,glcB,Malate&nbsp;synthase&nbsp;G,82.9
930169.B5T_01049,B5T_01049,annotation&nbsp;not&nbsp;available,82.9
930169.B5T_03459,aceE,Pyruvate&nbsp;dehydrogenase&nbsp;E1&nbsp;component,82.8
930169.B5T_02105,B5T_02105,DNA&nbsp;helicase,82.7
930169.B5T_03427,flgK,annotation&nbsp;not&nbsp;available,82.7
930169.B5T_03759,ssb,Single-stranded&nbsp;DNA-binding&nbsp;protein,82.6
930169.B5T_00792,rpsR,30S&nbsp;ribosomal&nbsp;protein&nbsp;S18,82.5
930169.B5T_00747,amiF,Formamidase,82.5
930169.B5T_03855,rpsO,30S&nbsp;ribosomal&nbsp;protein&nbsp;S15,82.5
930169.B5T_02494,kdpA,Potassium-transporting&nbsp;ATPase&nbsp;potassium-binding&nbsp;subunit,82.3
930169.B5T_03090,B5T_03090,annotation&nbsp;not&nbsp;available,82.2
930169.B5T_01137,coxA,Cytochrome&nbsp;c&nbsp;oxidase&nbsp;subunit&nbsp;1,82.2
930169.B5T_03783,rplE,50S&nbsp;ribosomal&nbsp;protein&nbsp;L5,82.1
930169.B5T_03397,B5T_03397,annotation&nbsp;not&nbsp;available,82.1
930169.B5T_03789,rpsC,30S&nbsp;ribosomal&nbsp;protein&nbsp;S3,82.0
930169.B5T_04210,B5T_04210,annotation&nbsp;not&nbsp;available,81.8
930169.B5T_02495,kdpB,Potassium-transporting&nbsp;ATPase&nbsp;ATP-binding&nbsp;subunit,81.8
930169.B5T_03878,omlA,Outer&nbsp;membrane&nbsp;protein&nbsp;assembly&nbsp;factor&nbsp;BamE,81.8
930169.B5T_00842,B5T_00842,annotation&nbsp;not&nbsp;available,81.7
930169.B5T_01531,algS,annotation&nbsp;not&nbsp;available,81.7
930169.B5T_00861,dhbP,"3,4-dihydroxy-2-butanone&nbsp;4-phosphate&nbsp;synthase",81.6
930169.B5T_02428,modB,annotation&nbsp;not&nbsp;available,81.6
930169.B5T_01080,mrdA,"Peptidoglycan&nbsp;D,D-transpeptidase&nbsp;MrdA",81.6
930169.B5T_02507,B5T_02507,annotation&nbsp;not&nbsp;available,81.6
930169.B5T_02740,rne,Ribonuclease&nbsp;E,81.5
930169.B5T_03061,narJ,annotation&nbsp;not&nbsp;available,81.5
930169.B5T_03087,B5T_03087,annotation&nbsp;not&nbsp;available,81.5
930169.B5T_02715,nirD,annotation&nbsp;not&nbsp;available,81.5
930169.B5T_03015,B5T_03015,annotation&nbsp;not&nbsp;available,81.3
930169.B5T_01047,B5T_01047,annotation&nbsp;not&nbsp;available,81.2
930169.B5T_03899,B5T_03899,annotation&nbsp;not&nbsp;available,81.2
930169.B5T_03000,gpm,"2,3-bisphosphoglycerate-dependent&nbsp;phosphoglycerate&nbsp;mutase",81.1
930169.B5T_03749,B5T_03749,annotation&nbsp;not&nbsp;available,81.0
930169.B5T_02321,trpS,annotation&nbsp;not&nbsp;available,81.0
930169.B5T_01614,B5T_01614,annotation&nbsp;not&nbsp;available,80.9
930169.B5T_03984,B5T_03984,annotation&nbsp;not&nbsp;available,80.9
930169.B5T_03478,argJ,Arginine&nbsp;biosynthesis&nbsp;bifunctional&nbsp;protein&nbsp;ArgJ,80.8
930169.B5T_01644,B5T_01644,annotation&nbsp;not&nbsp;available,80.8
930169.B5T_01488,cysH,Phosphoadenosine&nbsp;phosphosulfate&nbsp;reductase,80.7
930169.B5T_01751,B5T_01751,annotation&nbsp;not&nbsp;available,80.7
930169.B5T_00825,B5T_00825,annotation&nbsp;not&nbsp;available,80.5
930169.B5T_01889,B5T_01889,annotation&nbsp;not&nbsp;available,80.5
930169.B5T_00863,nusB,Transcription&nbsp;antitermination&nbsp;protein&nbsp;NusB,80.5
930169.B5T_00605,B5T_00605,annotation&nbsp;not&nbsp;available,80.3
930169.B5T_02681,lpdG,annotation&nbsp;not&nbsp;available,80.3
930169.B5T_01389,B5T_01389,annotation&nbsp;not&nbsp;available,80.2
930169.B5T_03414,fliG,Flagellar&nbsp;motor&nbsp;switch&nbsp;protein&nbsp;FliG,80.2
930169.B5T_01747,ugd2,annotation&nbsp;not&nbsp;available,80.2
930169.B5T_02844,B5T_02844,"GTP&nbsp;3',8-cyclase",80.0
930169.B5T_01087,rlpB,LPS-assembly&nbsp;lipoprotein&nbsp;LptE,80.0
930169.B5T_03074,aroF,Phospho-2-dehydro-3-deoxyheptonate&nbsp;aldolase,80.0
930169.B5T_04416,atpC,ATP&nbsp;synthase&nbsp;epsilon&nbsp;chain,79.9
930169.B5T_01612,B5T_01612,annotation&nbsp;not&nbsp;available,79.9
930169.B5T_00064,B5T_00064,annotation&nbsp;not&nbsp;available,79.8
930169.B5T_04042,trx-2,annotation&nbsp;not&nbsp;available,79.8
930169.B5T_01333,B5T_01333,annotation&nbsp;not&nbsp;available,79.8
930169.B5T_01187,sufD,annotation&nbsp;not&nbsp;available,79.8
930169.B5T_00161,B5T_00161,annotation&nbsp;not&nbsp;available,79.8
930169.B5T_02372,oppB,annotation&nbsp;not&nbsp;available,79.7
930169.B5T_00981,lptD,LPS-assembly&nbsp;protein&nbsp;LptD,79.7
930169.B5T_03038,atoB,annotation&nbsp;not&nbsp;available,79.4
930169.B5T_00546,B5T_00546,annotation&nbsp;not&nbsp;available,79.4
930169.B5T_02637,asd-1,annotation&nbsp;not&nbsp;available,79.4
930169.B5T_03728,rpmA,annotation&nbsp;not&nbsp;available,79.4
930169.B5T_01943,B5T_01943,Enolase,79.4
930169.B5T_03147,recC,RecBCD&nbsp;enzyme&nbsp;subunit&nbsp;RecC,79.3
930169.B5T_01918,B5T_01918,annotation&nbsp;not&nbsp;available,79.3
930169.B5T_02194,B5T_02194,Uncharacterized&nbsp;protein,79.3
930169.B5T_04368,B5T_04368,annotation&nbsp;not&nbsp;available,79.3
930169.B5T_00514,B5T_00514,annotation&nbsp;not&nbsp;available,79.2
930169.B5T_01385,B5T_01385,annotation&nbsp;not&nbsp;available,79.2
930169.B5T_03947,B5T_03947,annotation&nbsp;not&nbsp;available,79.2
930169.B5T_03803,rplL,50S&nbsp;ribosomal&nbsp;protein&nbsp;L7/L12,79.2
930169.B5T_00997,trpE,Anthranilate&nbsp;synthase&nbsp;component&nbsp;1,79.0
930169.B5T_04140,B5T_04140,annotation&nbsp;not&nbsp;available,79.0
930169.B5T_01973,trpB-1,Tryptophan&nbsp;synthase&nbsp;beta&nbsp;chain,79.0
930169.B5T_03994,hslU,ATP-dependent&nbsp;protease&nbsp;ATPase&nbsp;subunit&nbsp;HslU,78.9
930169.B5T_03025,pyrC,Dihydroorotase,78.9
930169.B5T_02393,lpxL2,annotation&nbsp;not&nbsp;available,78.9
930169.B5T_00258,B5T_00258,annotation&nbsp;not&nbsp;available,78.8
930169.B5T_02634,trpF,annotation&nbsp;not&nbsp;available,78.8
930169.B5T_01985,infA,Translation&nbsp;initiation&nbsp;factor&nbsp;IF-1,78.6
930169.B5T_00736,B5T_00736,annotation&nbsp;not&nbsp;available,78.5
930169.B5T_01484,pfeS,annotation&nbsp;not&nbsp;available,78.5
930169.B5T_00484,B5T_00484,annotation&nbsp;not&nbsp;available,78.4
930169.B5T_01568,metE,5-methyltetrahydropteroyltriglutamate--homocysteine&nbsp;methyltransferase,78.3
930169.B5T_04145,cobD,Cobalamin&nbsp;biosynthesis&nbsp;protein&nbsp;CobD,78.3
930169.B5T_04335,B5T_04335,annotation&nbsp;not&nbsp;available,78.2
930169.B5T_03862,tpiA,Triosephosphate&nbsp;isomerase,78.2
930169.B5T_03203,infC,Translation&nbsp;initiation&nbsp;factor&nbsp;IF-3,78.1
930169.B5T_01572,ccmA,Cytochrome&nbsp;c&nbsp;biogenesis&nbsp;ATP-binding&nbsp;export&nbsp;protein&nbsp;CcmA,78.1
930169.B5T_02733,plsX,Phosphate&nbsp;acyltransferase,78.0
930169.B5T_03239,B5T_03239,annotation&nbsp;not&nbsp;available,78.0
930169.B5T_04423,atpB,ATP&nbsp;synthase&nbsp;subunit&nbsp;a,78.0
930169.B5T_00186,argB,Acetylglutamate&nbsp;kinase,77.9
930169.B5T_00093,mvaB,annotation&nbsp;not&nbsp;available,77.9
930169.B5T_03383,prfC,Peptide&nbsp;chain&nbsp;release&nbsp;factor&nbsp;3,77.9
930169.B5T_01655,B5T_01655,annotation&nbsp;not&nbsp;available,77.9
930169.B5T_01666,maeB3,annotation&nbsp;not&nbsp;available,77.8
930169.B5T_03930,B5T_03930,annotation&nbsp;not&nbsp;available,77.8
930169.B5T_04397,B5T_04397,annotation&nbsp;not&nbsp;available,77.8
930169.B5T_01648,B5T_01648,annotation&nbsp;not&nbsp;available,77.7
930169.B5T_04047,ubiD,3-octaprenyl-4-hydroxybenzoate&nbsp;carboxy-lyase,77.7
930169.B5T_03565,hisC-1,annotation&nbsp;not&nbsp;available,77.7
930169.B5T_03374,B5T_03374,annotation&nbsp;not&nbsp;available,77.7
930169.B5T_02799,B5T_02799,annotation&nbsp;not&nbsp;available,77.7
930169.B5T_00011,B5T_00011,annotation&nbsp;not&nbsp;available,77.6
930169.B5T_00944,B5T_00944,annotation&nbsp;not&nbsp;available,77.6
930169.B5T_02032,gacA,annotation&nbsp;not&nbsp;available,77.5
930169.B5T_01574,ccmC,Heme&nbsp;exporter&nbsp;protein&nbsp;C,77.5
930169.B5T_03149,recD,RecBCD&nbsp;enzyme&nbsp;subunit&nbsp;RecD,77.4
930169.B5T_03965,gltD,annotation&nbsp;not&nbsp;available,77.4
930169.B5T_01604,B5T_01604,annotation&nbsp;not&nbsp;available,77.4
930169.B5T_02667,gpsA,annotation&nbsp;not&nbsp;available,77.3
930169.B5T_02365,B5T_02365,annotation&nbsp;not&nbsp;available,77.2
930169.B5T_01700,"apsK,",Adenylyl-sulfate&nbsp;kinase,77.1
930169.B5T_03987,rpmE,50S&nbsp;ribosomal&nbsp;protein&nbsp;L31,77.1
930169.B5T_02686,sdhD,Succinate&nbsp;dehydrogenase&nbsp;hydrophobic&nbsp;membrane&nbsp;anchor&nbsp;subunit,77.1
930169.B5T_03979,B5T_03979,annotation&nbsp;not&nbsp;available,77.0
930169.B5T_00065,B5T_00065,annotation&nbsp;not&nbsp;available,77.0
930169.B5T_02732,fabD,annotation&nbsp;not&nbsp;available,76.9
930169.B5T_00565,B5T_00565,annotation&nbsp;not&nbsp;available,76.8
930169.B5T_01622,B5T_01622,annotation&nbsp;not&nbsp;available,76.7
930169.B5T_01609,B5T_01609,annotation&nbsp;not&nbsp;available,76.7
930169.B5T_02729,fabF,3-oxoacyl-[acyl-carrier-protein]&nbsp;synthase&nbsp;2,76.7
930169.B5T_01157,B5T_01157,annotation&nbsp;not&nbsp;available,76.6
930169.B5T_04447,yidC,Membrane&nbsp;protein&nbsp;insertase&nbsp;YidC,76.6
930169.B5T_00551,cysQ,annotation&nbsp;not&nbsp;available,76.6
930169.B5T_00822,paaB,annotation&nbsp;not&nbsp;available,76.5
930169.B5T_02685,sdhA,annotation&nbsp;not&nbsp;available,76.4
930169.B5T_02970,pyrF,Orotidine&nbsp;5'-phosphate&nbsp;decarboxylase,76.4
930169.B5T_00766,rsgA,Small&nbsp;ribosomal&nbsp;subunit&nbsp;biogenesis&nbsp;GTPase&nbsp;RsgA,76.4
930169.B5T_03131,B5T_03131,annotation&nbsp;not&nbsp;available,76.4
930169.B5T_01154,B5T_01154,annotation&nbsp;not&nbsp;available,76.2
930169.B5T_04102,B5T_04102,annotation&nbsp;not&nbsp;available,76.2
930169.B5T_03436,flgB,Flagellar&nbsp;basal&nbsp;body&nbsp;rod&nbsp;protein&nbsp;FlgB,76.1
930169.B5T_01864,B5T_01864,annotation&nbsp;not&nbsp;available,76.0
930169.B5T_01517,fadB,Fatty&nbsp;acid&nbsp;oxidation&nbsp;complex&nbsp;subunit&nbsp;alpha,76.0
930169.B5T_03676,yajC,annotation&nbsp;not&nbsp;available,76.0
930169.B5T_02898,B5T_02898,annotation&nbsp;not&nbsp;available,76.0
930169.B5T_00612,secB,Protein-export&nbsp;protein&nbsp;SecB,75.9
930169.B5T_03788,rplP,50S&nbsp;ribosomal&nbsp;protein&nbsp;L16,75.9
930169.B5T_01800,B5T_01800,annotation&nbsp;not&nbsp;available,75.9
930169.B5T_03384,fliA,RNA&nbsp;polymerase&nbsp;sigma&nbsp;factor&nbsp;FliA,75.9
930169.B5T_00187,pgm,annotation&nbsp;not&nbsp;available,75.8
930169.B5T_01874,B5T_01874,annotation&nbsp;not&nbsp;available,75.7
930169.B5T_03358,B5T_03358,annotation&nbsp;not&nbsp;available,75.6
930169.B5T_00481,B5T_00481,annotation&nbsp;not&nbsp;available,75.4
930169.B5T_03212,purC,annotation&nbsp;not&nbsp;available,75.3
930169.B5T_00067,pilH,annotation&nbsp;not&nbsp;available,75.2
930169.B5T_00091,proC,Pyrroline-5-carboxylate&nbsp;reductase,75.2
930169.B5T_01460,B5T_01460,annotation&nbsp;not&nbsp;available,75.1
930169.B5T_01138,coxB,Cytochrome&nbsp;c&nbsp;oxidase&nbsp;subunit&nbsp;2,75.1
930169.B5T_03519,petA,Ubiquinol-cytochrome&nbsp;c&nbsp;reductase&nbsp;iron-sulfur&nbsp;subunit,75.1
930169.B5T_01565,nasD,annotation&nbsp;not&nbsp;available,75.1
930169.B5T_00214,hyuA,annotation&nbsp;not&nbsp;available,75.1
930169.B5T_01216,mexD,annotation&nbsp;not&nbsp;available,75.1
930169.B5T_02496,kdpC,Potassium-transporting&nbsp;ATPase&nbsp;KdpC&nbsp;subunit,75.0
930169.B5T_00164,B5T_00164,annotation&nbsp;not&nbsp;available,75.0
930169.B5T_00504,envZ,annotation&nbsp;not&nbsp;available,75.0
930169.B5T_03636,B5T_03636,annotation&nbsp;not&nbsp;available,75.0
930169.B5T_04443,fumC,Fumarate&nbsp;hydratase&nbsp;class&nbsp;II,75.0
930169.B5T_01096,B5T_01096,Cyanate&nbsp;hydratase,74.8
930169.B5T_00638,argA,annotation&nbsp;not&nbsp;available,74.8
930169.B5T_00006,plsC,annotation&nbsp;not&nbsp;available,74.7
930169.B5T_03531,B5T_03531,annotation&nbsp;not&nbsp;available,74.7
930169.B5T_02412,B5T_02412,Multifunctional&nbsp;fusion&nbsp;protein,74.6
930169.B5T_01838,tesB,annotation&nbsp;not&nbsp;available,74.5
930169.B5T_01019,dsbD,annotation&nbsp;not&nbsp;available,74.5
930169.B5T_02563,amiC,annotation&nbsp;not&nbsp;available,74.5
930169.B5T_01936,dnaE,annotation&nbsp;not&nbsp;available,74.5
930169.B5T_00738,B5T_00738,annotation&nbsp;not&nbsp;available,74.4
930169.B5T_00529,B5T_00529,annotation&nbsp;not&nbsp;available,74.4
930169.B5T_03250,recQ1,annotation&nbsp;not&nbsp;available,74.4
930169.B5T_03148,recB,RecBCD&nbsp;enzyme&nbsp;subunit&nbsp;RecB,74.3
930169.B5T_03870,carA,annotation&nbsp;not&nbsp;available,74.3
930169.B5T_04421,atpF,ATP&nbsp;synthase&nbsp;subunit&nbsp;b,74.3
930169.B5T_00814,B5T_00814,annotation&nbsp;not&nbsp;available,74.2
930169.B5T_00568,B5T_00568,annotation&nbsp;not&nbsp;available,74.2
930169.B5T_02714,B5T_02714,annotation&nbsp;not&nbsp;available,74.2
930169.B5T_03398,cheA,annotation&nbsp;not&nbsp;available,74.2
930169.B5T_01551,fabA,3-hydroxydecanoyl-[acyl-carrier-protein]&nbsp;dehydratase,74.1
930169.B5T_00165,B5T_00165,"Guanosine&nbsp;3,5-bis-pyrophosphate&nbsp;(PpGpp)&nbsp;synthetase,&nbsp;RelA/SpoT&nbsp;protein",74.0
930169.B5T_02262,pntB,NAD(P)&nbsp;transhydrogenase&nbsp;subunit&nbsp;beta,73.9
930169.B5T_00624,ntrC,annotation&nbsp;not&nbsp;available,73.8
930169.B5T_00004,gyrB,DNA&nbsp;gyrase&nbsp;subunit&nbsp;B,73.8
930169.B5T_02481,fabB2,annotation&nbsp;not&nbsp;available,73.7
930169.B5T_01532,algN,annotation&nbsp;not&nbsp;available,73.7
930169.B5T_01573,ccmB,Heme&nbsp;exporter&nbsp;protein&nbsp;B,73.6
930169.B5T_03373,fabB3,annotation&nbsp;not&nbsp;available,73.6
930169.B5T_03981,B5T_03981,annotation&nbsp;not&nbsp;available,73.6
930169.B5T_03766,B5T_03766,annotation&nbsp;not&nbsp;available,73.5
930169.B5T_03598,gatB,Aspartyl/glutamyl-tRNA(Asn/Gln)&nbsp;amidotransferase&nbsp;subunit&nbsp;B,73.5
930169.B5T_00735,B5T_00735,annotation&nbsp;not&nbsp;available,73.4
930169.B5T_00533,B5T_00533,annotation&nbsp;not&nbsp;available,73.3
930169.B5T_01003,speD,S-adenosylmethionine&nbsp;decarboxylase&nbsp;proenzyme,73.2
930169.B5T_04305,B5T_04305,annotation&nbsp;not&nbsp;available,73.2
930169.B5T_00961,rpoD,RNA&nbsp;polymerase&nbsp;sigma&nbsp;factor&nbsp;RpoD,73.1
930169.B5T_01749,algC,annotation&nbsp;not&nbsp;available,73.0
930169.B5T_03784,rplX,50S&nbsp;ribosomal&nbsp;protein&nbsp;L24,72.9
930169.B5T_02847,B5T_02847,annotation&nbsp;not&nbsp;available,72.9
930169.B5T_01858,B5T_01858,annotation&nbsp;not&nbsp;available,72.7
930169.B5T_02945,B5T_02945,annotation&nbsp;not&nbsp;available,72.5
930169.B5T_03781,rpsH,30S&nbsp;ribosomal&nbsp;protein&nbsp;S8,72.5
930169.B5T_02193,B5T_02193,annotation&nbsp;not&nbsp;available,72.5
930169.B5T_02139,B5T_02139,annotation&nbsp;not&nbsp;available,72.5
930169.B5T_00536,B5T_00536,annotation&nbsp;not&nbsp;available,72.5
930169.B5T_02906,B5T_02906,annotation&nbsp;not&nbsp;available,72.4
930169.B5T_03982,B5T_03982,annotation&nbsp;not&nbsp;available,72.3
930169.B5T_04401,B5T_04401,annotation&nbsp;not&nbsp;available,72.3
930169.B5T_03336,B5T_03336,annotation&nbsp;not&nbsp;available,72.3
930169.B5T_02165,B5T_02165,"Sulfite&nbsp;reductase,&nbsp;alpha&nbsp;subunit&nbsp;(Flavoprotein)",72.2
930169.B5T_00254,metK,S-adenosylmethionine&nbsp;synthase,72.1
930169.B5T_01797,B5T_01797,annotation&nbsp;not&nbsp;available,72.1
930169.B5T_03843,B5T_03843,annotation&nbsp;not&nbsp;available,72.0
930169.B5T_03874,grpE,Protein&nbsp;GrpE,72.0
930169.B5T_04365,pstB,Phosphate&nbsp;import&nbsp;ATP-binding&nbsp;protein&nbsp;PstB,72.0
930169.B5T_03785,rplN,50S&nbsp;ribosomal&nbsp;protein&nbsp;L14,71.9
930169.B5T_00772,mutL,DNA&nbsp;mismatch&nbsp;repair&nbsp;protein&nbsp;MutL,71.9
930169.B5T_03779,rplR,50S&nbsp;ribosomal&nbsp;protein&nbsp;L18,71.8
930169.B5T_01388,B5T_01388,annotation&nbsp;not&nbsp;available,71.8
930169.B5T_03854,pnp,Polyribonucleotide&nbsp;nucleotidyltransferase,71.7
930169.B5T_00298,gcvP-2,Probable&nbsp;glycine&nbsp;dehydrogenase&nbsp;(decarboxylating)&nbsp;subunit&nbsp;1,71.6
930169.B5T_01890,B5T_01890,annotation&nbsp;not&nbsp;available,71.6
930169.B5T_01835,B5T_01835,annotation&nbsp;not&nbsp;available,71.6
930169.B5T_02577,B5T_02577,annotation&nbsp;not&nbsp;available,71.6
930169.B5T_02853,B5T_02853,annotation&nbsp;not&nbsp;available,71.5
930169.B5T_01367,B5T_01367,annotation&nbsp;not&nbsp;available,71.4
930169.B5T_01553,dsbE,annotation&nbsp;not&nbsp;available,71.4
930169.B5T_02299,B5T_02299,annotation&nbsp;not&nbsp;available,71.4
930169.B5T_03300,B5T_03300,annotation&nbsp;not&nbsp;available,71.3
930169.B5T_02190,B5T_02190,annotation&nbsp;not&nbsp;available,71.3
930169.B5T_02283,ccoQ,annotation&nbsp;not&nbsp;available,71.2
930169.B5T_01752,B5T_01752,annotation&nbsp;not&nbsp;available,71.1
930169.B5T_03394,B5T_03394,Chemotaxis&nbsp;protein&nbsp;methyltransferase,71.1
930169.B5T_03134,mutS,DNA&nbsp;mismatch&nbsp;repair&nbsp;protein&nbsp;MutS,71.1
930169.B5T_02730,acpP,Acyl&nbsp;carrier&nbsp;protein,71.0
930169.B5T_00862,ribH,"6,7-dimethyl-8-ribityllumazine&nbsp;synthase",71.0
930169.B5T_03277,nrdA,Ribonucleoside-diphosphate&nbsp;reductase,71.0
930169.B5T_03729,rplU,50S&nbsp;ribosomal&nbsp;protein&nbsp;L21,70.9
930169.B5T_03082,B5T_03082,annotation&nbsp;not&nbsp;available,70.8
930169.B5T_02677,B5T_02677,3-methyl-2-oxobutanoate&nbsp;hydroxymethyltransferase,70.8
930169.B5T_02503,entE,annotation&nbsp;not&nbsp;available,70.8
930169.B5T_03909,B5T_03909,annotation&nbsp;not&nbsp;available,70.8
930169.B5T_03269,argD,annotation&nbsp;not&nbsp;available,70.8
930169.B5T_00824,paaJ,annotation&nbsp;not&nbsp;available,70.7
930169.B5T_03225,B5T_03225,annotation&nbsp;not&nbsp;available,70.6
930169.B5T_00740,B5T_00740,annotation&nbsp;not&nbsp;available,70.6
930169.B5T_00403,B5T_00403,annotation&nbsp;not&nbsp;available,70.6
930169.B5T_00263,tktA,Transketolase,70.5
930169.B5T_00841,B5T_00841,annotation&nbsp;not&nbsp;available,70.5
930169.B5T_00660,waaA,annotation&nbsp;not&nbsp;available,70.5
930169.B5T_01645,B5T_01645,annotation&nbsp;not&nbsp;available,70.4
930169.B5T_03292,B5T_03292,annotation&nbsp;not&nbsp;available,70.4
930169.B5T_02683,sucA,annotation&nbsp;not&nbsp;available,70.3
930169.B5T_00419,B5T_00419,annotation&nbsp;not&nbsp;available,70.3
930169.B5T_02867,B5T_02867,Flavin&nbsp;prenyltransferase&nbsp;UbiX,70.2
930169.B5T_01055,fmdA,annotation&nbsp;not&nbsp;available,70.1
930169.B5T_03456,B5T_03456,annotation&nbsp;not&nbsp;available,70.0
930169.B5T_03953,bioD,ATP-dependent&nbsp;dethiobiotin&nbsp;synthetase&nbsp;BioD,69.9
930169.B5T_03051,B5T_03051,annotation&nbsp;not&nbsp;available,69.9
930169.B5T_01984,clpA,annotation&nbsp;not&nbsp;available,69.8
930169.B5T_00342,B5T_00342,annotation&nbsp;not&nbsp;available,69.8
930169.B5T_03507,B5T_03507,annotation&nbsp;not&nbsp;available,69.7
930169.B5T_02940,fdsA,annotation&nbsp;not&nbsp;available,69.6
930169.B5T_03049,B5T_03049,annotation&nbsp;not&nbsp;available,69.6
930169.B5T_02668,htpG,Chaperone&nbsp;protein&nbsp;HtpG,69.5
930169.B5T_00601,B5T_00601,annotation&nbsp;not&nbsp;available,69.5
930169.B5T_00787,B5T_00787,annotation&nbsp;not&nbsp;available,69.5
930169.B5T_03577,rpoN,RNA&nbsp;polymerase&nbsp;sigma-54&nbsp;factor,69.3
930169.B5T_01907,B5T_01907,annotation&nbsp;not&nbsp;available,69.3
930169.B5T_04333,znuA,annotation&nbsp;not&nbsp;available,69.2
930169.B5T_00063,chpA,annotation&nbsp;not&nbsp;available,69.2
930169.B5T_03778,rpsE,30S&nbsp;ribosomal&nbsp;protein&nbsp;S5,69.1
930169.B5T_03276,rstA,annotation&nbsp;not&nbsp;available,69.1
930169.B5T_00996,B5T_00996,annotation&nbsp;not&nbsp;available,69.0
930169.B5T_03858,infB,Translation&nbsp;initiation&nbsp;factor&nbsp;IF-2,68.9
930169.B5T_01416,ffh,Signal&nbsp;recognition&nbsp;particle&nbsp;protein,68.8
930169.B5T_03433,flgE,annotation&nbsp;not&nbsp;available,68.8
930169.B5T_03799,rpsG,30S&nbsp;ribosomal&nbsp;protein&nbsp;S7,68.8
930169.B5T_04367,pstC,Phosphate&nbsp;transport&nbsp;system&nbsp;permease&nbsp;protein,68.8
930169.B5T_04446,trmE,tRNA&nbsp;modification&nbsp;GTPase&nbsp;MnmE,68.7
930169.B5T_01581,B5T_01581,annotation&nbsp;not&nbsp;available,68.7
930169.B5T_03143,cls,annotation&nbsp;not&nbsp;available,68.7
930169.B5T_00880,B5T_00880,annotation&nbsp;not&nbsp;available,68.7
930169.B5T_03596,gatC,Aspartyl/glutamyl-tRNA(Asn/Gln)&nbsp;amidotransferase&nbsp;subunit&nbsp;C,68.7
930169.B5T_02535,leuA1,2-isopropylmalate&nbsp;synthase,68.6
930169.B5T_01252,lldD,L-lactate&nbsp;dehydrogenase,68.6
930169.B5T_02977,hisC-2,annotation&nbsp;not&nbsp;available,68.6
930169.B5T_03681,B5T_03681,annotation&nbsp;not&nbsp;available,68.5
930169.B5T_03723,ribF,annotation&nbsp;not&nbsp;available,68.5
930169.B5T_00992,cyoC,annotation&nbsp;not&nbsp;available,68.5
930169.B5T_03625,B5T_03625,Peptide&nbsp;chain&nbsp;release&nbsp;factor&nbsp;1,68.5
930169.B5T_00993,cyoD,annotation&nbsp;not&nbsp;available,68.5
930169.B5T_01642,B5T_01642,annotation&nbsp;not&nbsp;available,68.3
930169.B5T_04348,rubB,annotation&nbsp;not&nbsp;available,68.3
930169.B5T_01610,B5T_01610,annotation&nbsp;not&nbsp;available,68.3
930169.B5T_02062,B5T_02062,annotation&nbsp;not&nbsp;available,68.1
930169.B5T_03449,groEL,60&nbsp;kDa&nbsp;chaperonin,68.0
930169.B5T_02429,B5T_02429,annotation&nbsp;not&nbsp;available,68.0
930169.B5T_00251,metF,annotation&nbsp;not&nbsp;available,67.9
930169.B5T_00153,purE,N5-carboxyaminoimidazole&nbsp;ribonucleotide&nbsp;mutase,67.7
930169.B5T_01640,B5T_01640,annotation&nbsp;not&nbsp;available,67.7
930169.B5T_00265,pgk,annotation&nbsp;not&nbsp;available,67.6
930169.B5T_02679,sucD,Succinate--CoA&nbsp;ligase&nbsp;[ADP-forming]&nbsp;subunit&nbsp;alpha,67.6
930169.B5T_03668,B5T_03668,annotation&nbsp;not&nbsp;available,67.6
930169.B5T_00846,phaE,Phenylacetate-coenzyme&nbsp;A&nbsp;ligase,67.5
930169.B5T_03951,putA,Bifunctional&nbsp;protein&nbsp;PutA,67.5
930169.B5T_04129,B5T_04129,annotation&nbsp;not&nbsp;available,67.5
930169.B5T_04393,B5T_04393,annotation&nbsp;not&nbsp;available,67.5
930169.B5T_03980,B5T_03980,annotation&nbsp;not&nbsp;available,67.4
930169.B5T_04153,B5T_04153,annotation&nbsp;not&nbsp;available,67.4
930169.B5T_01932,fabZ,3-hydroxyacyl-[acyl-carrier-protein]&nbsp;dehydratase&nbsp;FabZ,67.4
930169.B5T_03255,B5T_03255,annotation&nbsp;not&nbsp;available,67.4
930169.B5T_01083,nadD,Probable&nbsp;nicotinate-nucleotide&nbsp;adenylyltransferase,67.3
930169.B5T_03050,B5T_03050,annotation&nbsp;not&nbsp;available,67.3
930169.B5T_00591,hisH,Imidazole&nbsp;glycerol&nbsp;phosphate&nbsp;synthase&nbsp;subunit&nbsp;HisH,67.2
930169.B5T_04407,livK3,annotation&nbsp;not&nbsp;available,67.2
930169.B5T_02682,sucB,Dihydrolipoyllysine-residue&nbsp;succinyltransferase&nbsp;component&nbsp;of&nbsp;2-oxoglutarate&nbsp;dehydrogenase&nbsp;complex,67.1
930169.B5T_01086,holA,annotation&nbsp;not&nbsp;available,67.0
930169.B5T_04006,hemX,annotation&nbsp;not&nbsp;available,67.0
930169.B5T_01807,yfjB,NAD&nbsp;kinase,67.0
930169.B5T_01467,B5T_01467,annotation&nbsp;not&nbsp;available,67.0
930169.B5T_00150,recG,ATP-dependent&nbsp;DNA&nbsp;helicase&nbsp;RecG,66.8
930169.B5T_01043,pfkA,Pyrophosphate--fructose&nbsp;6-phosphate&nbsp;1-phosphotransferase,66.8
930169.B5T_01364,"hpaI,",annotation&nbsp;not&nbsp;available,66.8
930169.B5T_03275,rstB,annotation&nbsp;not&nbsp;available,66.6
930169.B5T_02366,dnaQ,DNA&nbsp;polymerase&nbsp;III&nbsp;subunit&nbsp;epsilon,66.5
930169.B5T_01888,B5T_01888,annotation&nbsp;not&nbsp;available,66.4
930169.B5T_02512,B5T_02512,annotation&nbsp;not&nbsp;available,66.3
930169.B5T_02199,B5T_02199,annotation&nbsp;not&nbsp;available,66.3
930169.B5T_02731,B5T_02731,annotation&nbsp;not&nbsp;available,66.2
930169.B5T_03800,rpsL,30S&nbsp;ribosomal&nbsp;protein&nbsp;S12,66.2
930169.B5T_01839,gapA,annotation&nbsp;not&nbsp;available,66.1
930169.B5T_03771,rpsD,30S&nbsp;ribosomal&nbsp;protein&nbsp;S4,66.1
930169.B5T_03560,sat,annotation&nbsp;not&nbsp;available,66.0
930169.B5T_00941,B5T_00941,annotation&nbsp;not&nbsp;available,66.0
930169.B5T_03528,B5T_03528,annotation&nbsp;not&nbsp;available,65.9
930169.B5T_00543,pckA,Phosphoenolpyruvate&nbsp;carboxykinase&nbsp;(ATP),65.9
930169.B5T_00061,B5T_00061,annotation&nbsp;not&nbsp;available,65.9
930169.B5T_03795,rplC,50S&nbsp;ribosomal&nbsp;protein&nbsp;L3,65.8
930169.B5T_02797,B5T_02797,annotation&nbsp;not&nbsp;available,65.7
930169.B5T_02939,B5T_02939,annotation&nbsp;not&nbsp;available,65.6
930169.B5T_03391,cheY,annotation&nbsp;not&nbsp;available,65.6
930169.B5T_01834,pdhA,annotation&nbsp;not&nbsp;available,65.5
930169.B5T_03337,ppc,Phosphoenolpyruvate&nbsp;carboxylase,65.5
930169.B5T_00711,icd,annotation&nbsp;not&nbsp;available,65.5
930169.B5T_01307,B5T_01307,annotation&nbsp;not&nbsp;available,65.5
930169.B5T_01547,B5T_01547,annotation&nbsp;not&nbsp;available,65.4
930169.B5T_03334,B5T_03334,Cytokinin&nbsp;riboside&nbsp;5'-monophosphate&nbsp;phosphoribohydrolase,65.4
930169.B5T_00868,xseB,Exodeoxyribonuclease&nbsp;7&nbsp;small&nbsp;subunit,65.3
930169.B5T_02160,B5T_02160,"ABC-type&nbsp;branched-chain&nbsp;amino&nbsp;acid&nbsp;transport&nbsp;systems,&nbsp;ATPase&nbsp;component",65.3
930169.B5T_03431,flgG,annotation&nbsp;not&nbsp;available,65.1
930169.B5T_01894,minD,annotation&nbsp;not&nbsp;available,65.0
930169.B5T_03076,tsr,annotation&nbsp;not&nbsp;available,64.9
930169.B5T_01716,wbpI,annotation&nbsp;not&nbsp;available,64.9
930169.B5T_00464,ptsP,annotation&nbsp;not&nbsp;available,64.8
930169.B5T_03399,motB,annotation&nbsp;not&nbsp;available,64.8
930169.B5T_01558,bfr,Bacterioferritin,64.7
930169.B5T_02958,metG,Methionine--tRNA&nbsp;ligase,64.7
930169.B5T_00604,B5T_00604,"GTP&nbsp;3',8-cyclase",64.7
930169.B5T_03331,B5T_03331,annotation&nbsp;not&nbsp;available,64.6
930169.B5T_03786,rpsQ,30S&nbsp;ribosomal&nbsp;protein&nbsp;S17,64.5
930169.B5T_02207,B5T_02207,annotation&nbsp;not&nbsp;available,64.4
930169.B5T_01159,B5T_01159,annotation&nbsp;not&nbsp;available,64.2
930169.B5T_00014,glyS,annotation&nbsp;not&nbsp;available,64.2
930169.B5T_01998,cysG,Siroheme&nbsp;synthase,64.2
930169.B5T_03776,rplO,50S&nbsp;ribosomal&nbsp;protein&nbsp;L15,64.1
930169.B5T_03782,rpsN,30S&nbsp;ribosomal&nbsp;protein&nbsp;S14,64.1
930169.B5T_00752,B5T_00752,"6,7-dimethyl-8-ribityllumazine&nbsp;synthase",64.0
930169.B5T_03484,ftsA,Cell&nbsp;division&nbsp;protein&nbsp;FtsA,63.9
930169.B5T_03302,acnA2,Aconitate&nbsp;hydratase,63.9
930169.B5T_03048,cydB,annotation&nbsp;not&nbsp;available,63.8
930169.B5T_01076,dacA,annotation&nbsp;not&nbsp;available,63.8
930169.B5T_02171,B5T_02171,annotation&nbsp;not&nbsp;available,63.8
930169.B5T_02912,B5T_02912,annotation&nbsp;not&nbsp;available,63.8
930169.B5T_03997,B5T_03997,annotation&nbsp;not&nbsp;available,63.7
930169.B5T_04419,atpA,ATP&nbsp;synthase&nbsp;subunit&nbsp;alpha,63.7
930169.B5T_02357,prpD,annotation&nbsp;not&nbsp;available,63.5
930169.B5T_03378,B5T_03378,Cytokinin&nbsp;riboside&nbsp;5'-monophosphate&nbsp;phosphoribohydrolase,63.4
930169.B5T_00661,tolC,annotation&nbsp;not&nbsp;available,63.4
930169.B5T_02915,purN,Phosphoribosylglycinamide&nbsp;formyltransferase,63.3
930169.B5T_00367,B5T_00367,annotation&nbsp;not&nbsp;available,63.2
930169.B5T_02461,talB,Transaldolase,63.1
930169.B5T_01659,B5T_01659,annotation&nbsp;not&nbsp;available,63.1
930169.B5T_02632,trpA,Tryptophan&nbsp;synthase&nbsp;alpha&nbsp;chain,63.0
930169.B5T_02712,aroF-1,Phospho-2-dehydro-3-deoxyheptonate&nbsp;aldolase,63.0
930169.B5T_02543,B5T_02543,annotation&nbsp;not&nbsp;available,62.9
930169.B5T_01729,B5T_01729,annotation&nbsp;not&nbsp;available,62.8
930169.B5T_03041,B5T_03041,Sulfite&nbsp;reductase&nbsp;[NADPH]&nbsp;hemoprotein&nbsp;beta-component,62.8
930169.B5T_01571,B5T_01571,annotation&nbsp;not&nbsp;available,62.6
930169.B5T_01208,B5T_01208,annotation&nbsp;not&nbsp;available,62.5
930169.B5T_00191,rpmB,annotation&nbsp;not&nbsp;available,62.5
930169.B5T_02499,B5T_02499,annotation&nbsp;not&nbsp;available,62.4
930169.B5T_03706,bamD,Outer&nbsp;membrane&nbsp;protein&nbsp;assembly&nbsp;factor&nbsp;BamD,62.4
930169.B5T_03892,B5T_03892,annotation&nbsp;not&nbsp;available,62.4
930169.B5T_03415,B5T_03415,annotation&nbsp;not&nbsp;available,62.3
930169.B5T_02631,B5T_02631,Acetyl-coenzyme&nbsp;A&nbsp;carboxylase&nbsp;carboxyl&nbsp;transferase&nbsp;subunit&nbsp;beta,62.3
930169.B5T_00838,B5T_00838,annotation&nbsp;not&nbsp;available,62.3
930169.B5T_00423,phoP2,annotation&nbsp;not&nbsp;available,62.3
930169.B5T_04295,mnhAB,annotation&nbsp;not&nbsp;available,62.2
930169.B5T_00325,B5T_00325,annotation&nbsp;not&nbsp;available,62.1
930169.B5T_01459,B5T_01459,annotation&nbsp;not&nbsp;available,62.0
930169.B5T_01423,dsbC,Thiol:disulfide&nbsp;interchange&nbsp;protein,62.0
930169.B5T_01937,B5T_01937,Acetyl-coenzyme&nbsp;A&nbsp;carboxylase&nbsp;carboxyl&nbsp;transferase&nbsp;subunit&nbsp;alpha,61.9
930169.B5T_01611,B5T_01611,annotation&nbsp;not&nbsp;available,61.9
930169.B5T_03005,B5T_03005,annotation&nbsp;not&nbsp;available,61.8
930169.B5T_02290,B5T_02290,annotation&nbsp;not&nbsp;available,61.7
930169.B5T_00264,gap,annotation&nbsp;not&nbsp;available,61.6
930169.B5T_03462,B5T_03462,annotation&nbsp;not&nbsp;available,61.5
930169.B5T_00623,ntrB,annotation&nbsp;not&nbsp;available,61.4
930169.B5T_00117,def-1,Peptide&nbsp;deformylase,61.4
930169.B5T_00069,gshB,annotation&nbsp;not&nbsp;available,61.4
930169.B5T_00068,pilG,annotation&nbsp;not&nbsp;available,61.4
930169.B5T_03112,B5T_03112,annotation&nbsp;not&nbsp;available,61.3
930169.B5T_00183,pyrE,Orotate&nbsp;phosphoribosyltransferase,61.3
930169.B5T_01916,dapD,"2,3,4,5-tetrahydropyridine-2,6-dicarboxylate&nbsp;N-succinyltransferase",61.2
930169.B5T_02638,asd-2,Aspartate-semialdehyde&nbsp;dehydrogenase,61.1
930169.B5T_03479,secA,Protein&nbsp;translocase&nbsp;subunit&nbsp;SecA,61.1
930169.B5T_01775,ligA,DNA&nbsp;ligase,61.0
930169.B5T_03700,ilvB-1,annotation&nbsp;not&nbsp;available,61.0
930169.B5T_02002,B5T_02002,annotation&nbsp;not&nbsp;available,60.9
930169.B5T_01556,adk,Adenylate&nbsp;kinase,60.9
930169.B5T_04404,B5T_04404,annotation&nbsp;not&nbsp;available,60.9
930169.B5T_03954,bioC,Malonyl-[acyl-carrier&nbsp;protein]&nbsp;O-methyltransferase,60.9
930169.B5T_03567,hisG,ATP&nbsp;phosphoribosyltransferase,60.9
930169.B5T_00426,B5T_00426,annotation&nbsp;not&nbsp;available,60.9
930169.B5T_02024,B5T_02024,annotation&nbsp;not&nbsp;available,60.8
930169.B5T_00632,tatA,Sec-independent&nbsp;protein&nbsp;translocase&nbsp;protein&nbsp;TatA,60.7
930169.B5T_01774,zipA,Cell&nbsp;division&nbsp;protein&nbsp;ZipA,60.7
930169.B5T_01748,pgi,annotation&nbsp;not&nbsp;available,60.7
930169.B5T_00491,B5T_00491,annotation&nbsp;not&nbsp;available,60.7
930169.B5T_03520,rpsI,annotation&nbsp;not&nbsp;available,60.7
930169.B5T_02376,B5T_02376,annotation&nbsp;not&nbsp;available,60.6
930169.B5T_03111,B5T_03111,annotation&nbsp;not&nbsp;available,60.5
930169.B5T_01660,B5T_01660,annotation&nbsp;not&nbsp;available,60.4
930169.B5T_01647,B5T_01647,annotation&nbsp;not&nbsp;available,60.4
930169.B5T_01067,B5T_01067,annotation&nbsp;not&nbsp;available,60.4
930169.B5T_04380,B5T_04380,annotation&nbsp;not&nbsp;available,60.3
930169.B5T_03342,B5T_03342,annotation&nbsp;not&nbsp;available,60.2
930169.B5T_01560,oadA,annotation&nbsp;not&nbsp;available,60.2
930169.B5T_02579,fumA,Fumarate&nbsp;hydratase&nbsp;class&nbsp;I,60.2
930169.B5T_01379,B5T_01379,annotation&nbsp;not&nbsp;available,60.1
930169.B5T_01833,B5T_01833,annotation&nbsp;not&nbsp;available,60.1
930169.B5T_00784,B5T_00784,annotation&nbsp;not&nbsp;available,60.1
930169.B5T_02166,B5T_02166,annotation&nbsp;not&nbsp;available,60.0
930169.B5T_04252,B5T_04252,annotation&nbsp;not&nbsp;available,60.0
930169.B5T_03802,rpoB,DNA-directed&nbsp;RNA&nbsp;polymerase&nbsp;subunit&nbsp;beta,60.0
930169.B5T_00059,lpxL3,annotation&nbsp;not&nbsp;available,60.0
930169.B5T_02779,B5T_02779,annotation&nbsp;not&nbsp;available,59.9
930169.B5T_03211,cydB2,annotation&nbsp;not&nbsp;available,59.9
930169.B5T_03421,B5T_03421,Flagellar&nbsp;motor&nbsp;switch&nbsp;protein&nbsp;FliN,59.9
930169.B5T_01543,cysM,annotation&nbsp;not&nbsp;available,59.8
930169.B5T_03808,secE,Protein&nbsp;translocase&nbsp;subunit&nbsp;SecE,59.5
930169.B5T_01909,bacA,Undecaprenyl-diphosphatase,59.5
930169.B5T_03780,rplF,50S&nbsp;ribosomal&nbsp;protein&nbsp;L6,59.4
930169.B5T_03787,rpmC,annotation&nbsp;not&nbsp;available,59.4
930169.B5T_01599,B5T_01599,annotation&nbsp;not&nbsp;available,59.3
930169.B5T_02973,ihfB,Integration&nbsp;host&nbsp;factor&nbsp;subunit&nbsp;beta,59.3
930169.B5T_00991,cyoB2,annotation&nbsp;not&nbsp;available,59.3
930169.B5T_03684,holC,annotation&nbsp;not&nbsp;available,59.3
930169.B5T_01832,B5T_01832,annotation&nbsp;not&nbsp;available,59.2
930169.B5T_00602,napA2,annotation&nbsp;not&nbsp;available,59.2
930169.B5T_01024,upp,Uracil&nbsp;phosphoribosyltransferase,59.1
930169.B5T_03527,B5T_03527,annotation&nbsp;not&nbsp;available,59.1
930169.B5T_00071,algH,annotation&nbsp;not&nbsp;available,59.0
930169.B5T_03576,B5T_03576,annotation&nbsp;not&nbsp;available,58.8
930169.B5T_02243,cysI,annotation&nbsp;not&nbsp;available,58.8
930169.B5T_03512,B5T_03512,annotation&nbsp;not&nbsp;available,58.8
930169.B5T_01542,gacS,annotation&nbsp;not&nbsp;available,58.8
930169.B5T_02554,B5T_02554,annotation&nbsp;not&nbsp;available,58.7
930169.B5T_00721,B5T_00721,annotation&nbsp;not&nbsp;available,58.7
930169.B5T_01665,B5T_01665,2-dehydropantoate&nbsp;2-reductase,58.6
930169.B5T_02161,B5T_02161,annotation&nbsp;not&nbsp;available,58.6
930169.B5T_02020,B5T_02020,annotation&nbsp;not&nbsp;available,58.6
930169.B5T_01653,surE,5'-nucleotidase&nbsp;SurE,58.5
930169.B5T_03494,ftsI,"Peptidoglycan&nbsp;D,D-transpeptidase&nbsp;FtsI",58.5
930169.B5T_04440,B5T_04440,annotation&nbsp;not&nbsp;available,58.5
930169.B5T_02057,B5T_02057,annotation&nbsp;not&nbsp;available,58.5
930169.B5T_02300,B5T_02300,annotation&nbsp;not&nbsp;available,58.5
930169.B5T_03861,B5T_03861,annotation&nbsp;not&nbsp;available,58.3
930169.B5T_00033,ggt,annotation&nbsp;not&nbsp;available,58.3
930169.B5T_00840,livM,annotation&nbsp;not&nbsp;available,58.3
930169.B5T_04438,B5T_04438,annotation&nbsp;not&nbsp;available,58.1
930169.B5T_00276,B5T_00276,annotation&nbsp;not&nbsp;available,58.1
930169.B5T_02684,sdhB,annotation&nbsp;not&nbsp;available,58.1
930169.B5T_04138,B5T_04138,"Cob(I)yrinic&nbsp;acid&nbsp;a,c-diamide&nbsp;adenosyltransferase",58.1
930169.B5T_01887,B5T_01887,annotation&nbsp;not&nbsp;available,58.1
930169.B5T_04169,speE,Polyamine&nbsp;aminopropyltransferase,58.0
930169.B5T_03623,moeB,annotation&nbsp;not&nbsp;available,57.9
930169.B5T_00965,gcp,tRNA&nbsp;N6-adenosine&nbsp;threonylcarbamoyltransferase,57.9
930169.B5T_00289,B5T_00289,annotation&nbsp;not&nbsp;available,57.9
930169.B5T_00998,trpG,annotation&nbsp;not&nbsp;available,57.6
930169.B5T_00698,B5T_00698,annotation&nbsp;not&nbsp;available,57.5
930169.B5T_02687,sdhC,annotation&nbsp;not&nbsp;available,57.5
930169.B5T_02617,B5T_02617,annotation&nbsp;not&nbsp;available,57.5
930169.B5T_02800,B5T_02800,annotation&nbsp;not&nbsp;available,57.4
930169.B5T_01401,purT,Formate-dependent&nbsp;phosphoribosylglycinamide&nbsp;formyltransferase,57.3
930169.B5T_03420,fliM,Flagellar&nbsp;motor&nbsp;switch&nbsp;protein&nbsp;FliM,57.3
930169.B5T_02980,gyrA,DNA&nbsp;gyrase&nbsp;subunit&nbsp;A,57.2
930169.B5T_04034,B5T_04034,annotation&nbsp;not&nbsp;available,57.2
930169.B5T_02688,gltA,annotation&nbsp;not&nbsp;available,57.2
930169.B5T_00422,B5T_00422,annotation&nbsp;not&nbsp;available,57.2
930169.B5T_02498,B5T_02498,annotation&nbsp;not&nbsp;available,57.1
930169.B5T_03859,nusA,Transcription&nbsp;termination/antitermination&nbsp;protein&nbsp;NusA,57.1
930169.B5T_02640,B5T_02640,3-isopropylmalate&nbsp;dehydratase&nbsp;small&nbsp;subunit,57.0
930169.B5T_00490,B5T_00490,annotation&nbsp;not&nbsp;available,57.0
930169.B5T_03845,panB,3-methyl-2-oxobutanoate&nbsp;hydroxymethyltransferase,56.9
930169.B5T_00837,B5T_00837,annotation&nbsp;not&nbsp;available,56.9
930169.B5T_00990,cyoA,annotation&nbsp;not&nbsp;available,56.8
930169.B5T_02427,modC,Molybdenum&nbsp;import&nbsp;ATP-binding&nbsp;protein&nbsp;ModC,56.5
930169.B5T_02351,B5T_02351,annotation&nbsp;not&nbsp;available,56.4
930169.B5T_03400,motA,annotation&nbsp;not&nbsp;available,56.4
930169.B5T_01201,B5T_01201,annotation&nbsp;not&nbsp;available,56.4
930169.B5T_01740,galE,annotation&nbsp;not&nbsp;available,56.3
930169.B5T_04009,algR,annotation&nbsp;not&nbsp;available,56.3
930169.B5T_01585,B5T_01585,annotation&nbsp;not&nbsp;available,56.3
930169.B5T_02845,B5T_02845,annotation&nbsp;not&nbsp;available,56.3
930169.B5T_02397,acnB,annotation&nbsp;not&nbsp;available,56.3
930169.B5T_02222,metH,annotation&nbsp;not&nbsp;available,56.3
930169.B5T_03995,ilvD2,annotation&nbsp;not&nbsp;available,56.1
930169.B5T_00926,B5T_00926,annotation&nbsp;not&nbsp;available,56.1
930169.B5T_01458,B5T_01458,annotation&nbsp;not&nbsp;available,56.1
930169.B5T_00831,B5T_00831,annotation&nbsp;not&nbsp;available,56.0
930169.B5T_04373,uvrD,annotation&nbsp;not&nbsp;available,56.0
930169.B5T_01536,lepB,annotation&nbsp;not&nbsp;available,56.0
930169.B5T_01052,B5T_01052,annotation&nbsp;not&nbsp;available,56.0
930169.B5T_00675,B5T_00675,annotation&nbsp;not&nbsp;available,55.9
930169.B5T_02680,sucC,Succinate--CoA&nbsp;ligase&nbsp;[ADP-forming]&nbsp;subunit&nbsp;beta,55.9
930169.B5T_00407,B5T_00407,annotation&nbsp;not&nbsp;available,55.9
930169.B5T_00397,B5T_00397,annotation&nbsp;not&nbsp;available,55.8
930169.B5T_01750,B5T_01750,annotation&nbsp;not&nbsp;available,55.8
930169.B5T_00075,pyrR,annotation&nbsp;not&nbsp;available,55.8
930169.B5T_03710,B5T_03710,annotation&nbsp;not&nbsp;available,55.7
930169.B5T_03435,flgC,annotation&nbsp;not&nbsp;available,55.7
930169.B5T_03306,B5T_03306,annotation&nbsp;not&nbsp;available,55.6
930169.B5T_04405,B5T_04405,annotation&nbsp;not&nbsp;available,55.6
930169.B5T_03390,cheZ,Protein&nbsp;phosphatase&nbsp;CheZ,55.4
930169.B5T_00839,B5T_00839,annotation&nbsp;not&nbsp;available,55.3
930169.B5T_01393,atoB1,annotation&nbsp;not&nbsp;available,55.2
930169.B5T_00192,rpmG,annotation&nbsp;not&nbsp;available,55.2
930169.B5T_03458,aceF,Acetyltransferase&nbsp;component&nbsp;of&nbsp;pyruvate&nbsp;dehydrogenase&nbsp;complex,55.2
930169.B5T_02974,rpsA,30S&nbsp;ribosomal&nbsp;protein&nbsp;S1,55.1
930169.B5T_04388,B5T_04388,annotation&nbsp;not&nbsp;available,55.0
930169.B5T_00631,tatB,Sec-independent&nbsp;protein&nbsp;translocase&nbsp;protein&nbsp;TatB,55.0
930169.B5T_01564,nrtB,annotation&nbsp;not&nbsp;available,55.0
930169.B5T_03401,flhC,Flagellar&nbsp;transcriptional&nbsp;regulator&nbsp;FlhC,55.0
930169.B5T_03372,fadAx,annotation&nbsp;not&nbsp;available,55.0
930169.B5T_04441,B5T_04441,annotation&nbsp;not&nbsp;available,54.9
930169.B5T_04300,mmsA,annotation&nbsp;not&nbsp;available,54.8
930169.B5T_01698,wzc,annotation&nbsp;not&nbsp;available,54.7
930169.B5T_00012,B5T_00012,annotation&nbsp;not&nbsp;available,54.6
930169.B5T_01981,icdA,annotation&nbsp;not&nbsp;available,54.6
930169.B5T_04278,nirM,annotation&nbsp;not&nbsp;available,54.5
930169.B5T_01983,clpS,ATP-dependent&nbsp;Clp&nbsp;protease&nbsp;adapter&nbsp;protein&nbsp;ClpS,54.5
930169.B5T_00818,ribD,Riboflavin&nbsp;biosynthesis&nbsp;protein&nbsp;RibD,54.4
930169.B5T_01761,aspC,annotation&nbsp;not&nbsp;available,54.3
930169.B5T_02840,B5T_02840,Cyanate&nbsp;hydratase,54.2
930169.B5T_03805,rplA,50S&nbsp;ribosomal&nbsp;protein&nbsp;L1,54.1
930169.B5T_04411,B5T_04411,annotation&nbsp;not&nbsp;available,54.1
930169.B5T_00864,thiL,Thiamine-monophosphate&nbsp;kinase,54.1
930169.B5T_00409,B5T_00409,annotation&nbsp;not&nbsp;available,53.9
930169.B5T_03214,B5T_03214,annotation&nbsp;not&nbsp;available,53.9
930169.B5T_00062,B5T_00062,annotation&nbsp;not&nbsp;available,53.8
930169.B5T_00219,B5T_00219,annotation&nbsp;not&nbsp;available,53.6
930169.B5T_03280,ilvB-2,annotation&nbsp;not&nbsp;available,53.6
930169.B5T_00820,B5T_00820,annotation&nbsp;not&nbsp;available,53.6
930169.B5T_01500,B5T_01500,annotation&nbsp;not&nbsp;available,53.5
930169.B5T_04274,gshPx,annotation&nbsp;not&nbsp;available,53.4
930169.B5T_03232,ruvA,Holliday&nbsp;junction&nbsp;ATP-dependent&nbsp;DNA&nbsp;helicase&nbsp;RuvA,53.3
930169.B5T_04115,B5T_04115,annotation&nbsp;not&nbsp;available,53.2
930169.B5T_02209,B5T_02209,annotation&nbsp;not&nbsp;available,53.2
930169.B5T_00620,B5T_00620,annotation&nbsp;not&nbsp;available,53.2
930169.B5T_02068,B5T_02068,annotation&nbsp;not&nbsp;available,53.2
930169.B5T_02633,trpB,Tryptophan&nbsp;synthase&nbsp;beta&nbsp;chain,53.1
930169.B5T_00024,serA,annotation&nbsp;not&nbsp;available,53.0
930169.B5T_04408,livH3,annotation&nbsp;not&nbsp;available,53.0
930169.B5T_01101,cysW,annotation&nbsp;not&nbsp;available,52.9
930169.B5T_01921,rpsB,annotation&nbsp;not&nbsp;available,52.9
930169.B5T_02263,B5T_02263,annotation&nbsp;not&nbsp;available,52.9
930169.B5T_00392,B5T_00392,annotation&nbsp;not&nbsp;available,52.8
930169.B5T_03769,rplQ,annotation&nbsp;not&nbsp;available,52.8
930169.B5T_03296,B5T_03296,annotation&nbsp;not&nbsp;available,52.7
930169.B5T_04418,atpG,ATP&nbsp;synthase&nbsp;gamma&nbsp;chain,52.7
930169.B5T_03201,rplT,50S&nbsp;ribosomal&nbsp;protein&nbsp;L20,52.6
930169.B5T_01102,B5T_01102,annotation&nbsp;not&nbsp;available,52.6
930169.B5T_03058,B5T_03058,annotation&nbsp;not&nbsp;available,52.4
930169.B5T_02422,B5T_02422,annotation&nbsp;not&nbsp;available,52.4
930169.B5T_01009,purH,annotation&nbsp;not&nbsp;available,52.3
930169.B5T_01001,B5T_01001,annotation&nbsp;not&nbsp;available,52.2
930169.B5T_01559,oadG,Probable&nbsp;oxaloacetate&nbsp;decarboxylase&nbsp;gamma&nbsp;chain,52.1
930169.B5T_00964,rpsU,annotation&nbsp;not&nbsp;available,52.0
930169.B5T_03820,B5T_03820,annotation&nbsp;not&nbsp;available,51.9
930169.B5T_01075,dat,annotation&nbsp;not&nbsp;available,51.9
930169.B5T_03910,B5T_03910,annotation&nbsp;not&nbsp;available,51.8
930169.B5T_01008,purD,annotation&nbsp;not&nbsp;available,51.8
930169.B5T_03798,fusA,Elongation&nbsp;factor&nbsp;G,51.8
930169.B5T_03297,hpaI,annotation&nbsp;not&nbsp;available,51.7
930169.B5T_03307,dppF,annotation&nbsp;not&nbsp;available,51.4
930169.B5T_03438,flgM,annotation&nbsp;not&nbsp;available,51.4
930169.B5T_00593,hisF,Imidazole&nbsp;glycerol&nbsp;phosphate&nbsp;synthase&nbsp;subunit&nbsp;HisF,51.4
930169.B5T_00586,serB,annotation&nbsp;not&nbsp;available,51.3
930169.B5T_04256,metY,annotation&nbsp;not&nbsp;available,51.1
930169.B5T_03278,nrdB,annotation&nbsp;not&nbsp;available,51.1
930169.B5T_03792,rplB,50S&nbsp;ribosomal&nbsp;protein&nbsp;L2,51.1
930169.B5T_04010,algZ,annotation&nbsp;not&nbsp;available,51.0
930169.B5T_03092,B5T_03092,3-isopropylmalate&nbsp;dehydratase&nbsp;large&nbsp;subunit,51.0
