272123.Anacy_2224,Anacy_2224,UBA/THIF-type&nbsp;NAD/FAD&nbsp;binding&nbsp;protein,98.9
272123.Anacy_1933,Anacy_1933,UDP-galactose&nbsp;4-epimerase,98.9
272123.Anacy_3964,Anacy_3964,Lipid-A-disaccharide&nbsp;synthase,98.8
272123.Anacy_1023,Anacy_1023,Transaldolase,98.8
272123.Anacy_4491,rpiA,Ribose-5-phosphate&nbsp;isomerase&nbsp;A,98.8
272123.Anacy_2422,Anacy_2422,Integral&nbsp;membrane&nbsp;sensor&nbsp;hybrid&nbsp;histidine&nbsp;kinase,98.7
272123.Anacy_1901,Anacy_1901,PFAM:&nbsp;PBS&nbsp;lyase&nbsp;HEAT-like&nbsp;repeat,98.7
272123.Anacy_4206,Anacy_4206,Phosphoenolpyruvate&nbsp;synthase,98.7
272123.Anacy_3630,Anacy_3630,PFAM:&nbsp;PHP&nbsp;domain,98.7
272123.Anacy_5497,Anacy_5497,PFAM:&nbsp;Binding-protein-dependent&nbsp;transport&nbsp;system&nbsp;inner&nbsp;membrane&nbsp;component,98.6
272123.Anacy_0256,moaA,"GTP&nbsp;3',8-cyclase",98.6
272123.Anacy_3428,Anacy_3428,Xenobiotic-transporting&nbsp;ATPase,98.6
272123.Anacy_1477,Anacy_1477,Uncharacterized&nbsp;protein,98.5
272123.Anacy_0936,minC,Probable&nbsp;septum&nbsp;site-determining&nbsp;protein&nbsp;MinC,98.4
272123.Anacy_1489,Anacy_1489,Molybdopterin&nbsp;dinucleotide-binding&nbsp;region,98.4
272123.Anacy_5625,Anacy_5625,PFAM:&nbsp;Dak1&nbsp;domain,98.4
272123.Anacy_4754,Anacy_4754,60&nbsp;kDa&nbsp;chaperonin,98.4
272123.Anacy_3756,thf1,Protein&nbsp;Thf1,98.3
272123.Anacy_5196,Anacy_5196,PFAM:&nbsp;Dienelactone&nbsp;hydrolase&nbsp;family,98.2
272123.Anacy_2126,Anacy_2126,PFAM:&nbsp;Plasmid&nbsp;recombination&nbsp;enzyme,98.2
272123.Anacy_3691,dnaG,DNA&nbsp;primase,98.2
272123.Anacy_4378,Anacy_4378,16S&nbsp;rRNA&nbsp;(cytosine(967)-C(5))-methyltransferase,98.2
272123.Anacy_4052,Anacy_4052,Neutral&nbsp;amino&nbsp;acid-binding&nbsp;protein,98.1
272123.Anacy_2465,Anacy_2465,Homocitrate&nbsp;synthase,98.1
272123.Anacy_0772,gcvT,Aminomethyltransferase,98.0
272123.Anacy_5374,leuC,3-isopropylmalate&nbsp;dehydratase&nbsp;large&nbsp;subunit,98.0
272123.Anacy_2290,ffh,Signal&nbsp;recognition&nbsp;particle&nbsp;protein,97.8
272123.Anacy_3631,Anacy_3631,KEGG:&nbsp;ana:all1626&nbsp;hypothetical&nbsp;protein,97.8
272123.Anacy_0802,Anacy_0802,PFAM:&nbsp;Survival&nbsp;protein&nbsp;SurE,97.7
272123.Anacy_1453,Anacy_1453,"ABC-type&nbsp;transporter,&nbsp;integral&nbsp;membrane&nbsp;subunit",97.7
272123.Anacy_3064,Anacy_3064,PFAM:&nbsp;3-Oxoacyl-[acyl-carrier-protein&nbsp;(ACP)]&nbsp;synthase&nbsp;III&nbsp;C&nbsp;terminal,97.6
272123.Anacy_5115,pheS,Phenylalanine--tRNA&nbsp;ligase&nbsp;alpha&nbsp;subunit,97.6
272123.Anacy_2170,Anacy_2170,KEGG:&nbsp;ava:Ava_B0281&nbsp;hypothetical&nbsp;protein,97.6
272123.Anacy_3142,Anacy_3142,PFAM:&nbsp;Binding-protein-dependent&nbsp;transport&nbsp;system&nbsp;inner&nbsp;membrane&nbsp;component,97.6
272123.Anacy_3693,Anacy_3693,PFAM:&nbsp;EAL&nbsp;domain,97.6
272123.Anacy_4791,Anacy_4791,Arogenate&nbsp;dehydrogenase&nbsp;(NADP),97.5
272123.Anacy_2987,Anacy_2987,PFAM:&nbsp;Ribosomal&nbsp;protein&nbsp;S21,97.5
272123.Anacy_4392,Anacy_4392,"PFAM:&nbsp;Histidine&nbsp;kinase-,&nbsp;DNA&nbsp;gyrase&nbsp;B-,&nbsp;and&nbsp;HSP90-like&nbsp;ATPase",97.4
272123.Anacy_0872,ftsY,Signal&nbsp;recognition&nbsp;particle&nbsp;receptor&nbsp;FtsY,97.3
272123.Anacy_5420,Anacy_5420,Multi-sensor&nbsp;signal&nbsp;transduction&nbsp;histidine&nbsp;kinase,97.2
272123.Anacy_4593,Anacy_4593,Sulfate-transporting&nbsp;ATPase,97.1
272123.Anacy_2886,Anacy_2886,"Two&nbsp;component&nbsp;transcriptional&nbsp;regulator,&nbsp;winged&nbsp;helix&nbsp;family",97.0
272123.Anacy_2086,Anacy_2086,FAD&nbsp;linked&nbsp;oxidase&nbsp;domain&nbsp;protein,96.9
272123.Anacy_1742,Anacy_1742,ATP&nbsp;synthase&nbsp;subunit&nbsp;b',96.9
272123.Anacy_3053,Anacy_3053,Polyketide-type&nbsp;polyunsaturated&nbsp;fatty&nbsp;acid&nbsp;synthase&nbsp;PfaA,96.8
272123.Anacy_2399,Anacy_2399,Cl-channel&nbsp;voltage-gated&nbsp;family&nbsp;protein,96.8
272123.Anacy_2106,Anacy_2106,Cysteine&nbsp;desulfurase,96.8
272123.Anacy_1538,Anacy_1538,"Putative&nbsp;exonuclease,&nbsp;RecJ",96.7
272123.Anacy_5026,Anacy_5026,SSU&nbsp;ribosomal&nbsp;protein&nbsp;S1P,96.7
272123.Anacy_2937,Anacy_2937,PFAM:&nbsp;Iron&nbsp;permease&nbsp;FTR1&nbsp;family,96.7
272123.Anacy_4846,lexA,LexA&nbsp;repressor,96.7
272123.Anacy_5488,apt,Adenine&nbsp;phosphoribosyltransferase,96.6
272123.Anacy_3501,hisI,Histidine&nbsp;biosynthesis&nbsp;bifunctional&nbsp;protein&nbsp;HisIE,96.6
272123.Anacy_2005,Anacy_2005,Uncharacterized&nbsp;protein,96.6
272123.Anacy_4976,Anacy_4976,"3-phytase,&nbsp;Alkaline&nbsp;phosphatase",96.5
272123.Anacy_1851,accD,Acetyl-coenzyme&nbsp;A&nbsp;carboxylase&nbsp;carboxyl&nbsp;transferase&nbsp;subunit&nbsp;beta,96.4
272123.Anacy_4314,psbK,Photosystem&nbsp;II&nbsp;reaction&nbsp;center&nbsp;protein&nbsp;K,96.4
272123.Anacy_1578,psb28,PFAM:&nbsp;Psb28&nbsp;protein,96.4
272123.Anacy_5148,recR,Recombination&nbsp;protein&nbsp;RecR,96.4
272123.Anacy_5522,Anacy_5522,Adenylate/guanylate&nbsp;cyclase&nbsp;with&nbsp;GAF&nbsp;sensor(S),96.3
272123.Anacy_2490,rpsL,30S&nbsp;ribosomal&nbsp;protein&nbsp;S12,96.2
272123.Anacy_4870,Anacy_4870,Multi-sensor&nbsp;signal&nbsp;transduction&nbsp;histidine&nbsp;kinase,96.2
272123.Anacy_1657,Anacy_1657,PFAM:&nbsp;Ribulose-phosphate&nbsp;3&nbsp;epimerase&nbsp;family,96.2
272123.Anacy_5045,Anacy_5045,"PFAM:&nbsp;Glyceraldehyde&nbsp;3-phosphate&nbsp;dehydrogenase,&nbsp;C-terminal&nbsp;domain",96.2
272123.Anacy_3820,tsf,Elongation&nbsp;factor&nbsp;Ts,96.2
272123.Anacy_1117,purD,Phosphoribosylamine--glycine&nbsp;ligase,96.1
272123.Anacy_4376,Anacy_4376,PFAM:&nbsp;Response&nbsp;regulator&nbsp;receiver&nbsp;domain,96.1
272123.Anacy_3235,Anacy_3235,Anti-sigma-factor&nbsp;antagonist&nbsp;and&nbsp;sugar&nbsp;transfersase,96.1
272123.Anacy_0573,Anacy_0573,Single-stranded&nbsp;DNA-binding&nbsp;protein,96.1
272123.Anacy_4802,Anacy_4802,PFAM:&nbsp;Cytochrome&nbsp;c&nbsp;oxidase&nbsp;subunit&nbsp;III,96.0
272123.Anacy_4798,ctaB,Protoheme&nbsp;IX&nbsp;farnesyltransferase,96.0
272123.Anacy_0509,ndhA,NAD(P)H-quinone&nbsp;oxidoreductase&nbsp;subunit&nbsp;1,95.9
272123.Anacy_5019,Anacy_5019,ATPase&nbsp;AAA-2&nbsp;domain&nbsp;protein,95.9
272123.Anacy_0164,panC/cmk,Bifunctional&nbsp;pantoate&nbsp;ligase/cytidylate&nbsp;kinase,95.8
272123.Anacy_3937,secY,Protein&nbsp;translocase&nbsp;subunit&nbsp;SecY,95.7
272123.Anacy_4207,Anacy_4207,Histidine&nbsp;kinase,95.6
272123.Anacy_1257,Anacy_1257,FAD&nbsp;dependent&nbsp;oxidoreductase,95.5
272123.Anacy_1730,Anacy_1730,"Phycobilisome&nbsp;7.8&nbsp;kDa&nbsp;linker&nbsp;polypeptide,&nbsp;allophycocyanin-associated,&nbsp;core",95.5
272123.Anacy_0884,Anacy_0884,"ABC-type&nbsp;glycine&nbsp;betaine&nbsp;transport,&nbsp;periplasmic&nbsp;subunit",95.5
272123.Anacy_3648,rnhA,Ribonuclease&nbsp;H,95.5
272123.Anacy_2960,ndk,Nucleoside&nbsp;diphosphate&nbsp;kinase,95.3
272123.Anacy_2669,Anacy_2669,"Glycolate&nbsp;oxidase,&nbsp;subunit&nbsp;GlcD",95.2
272123.Anacy_0301,Anacy_0301,"Carbohydrate&nbsp;ABC&nbsp;transporter&nbsp;ATP-binding&nbsp;protein,&nbsp;CUT1&nbsp;family",95.1
272123.Anacy_2298,Anacy_2298,"Cob(I)yrinic&nbsp;acid&nbsp;a,c-diamide&nbsp;adenosyltransferase",95.0
272123.Anacy_1631,Anacy_1631,"PFAM:&nbsp;Histidine&nbsp;kinase-,&nbsp;DNA&nbsp;gyrase&nbsp;B-,&nbsp;and&nbsp;HSP90-like&nbsp;ATPase",95.0
272123.Anacy_0881,Anacy_0881,KEGG:&nbsp;naz:Aazo_3414&nbsp;hypothetical&nbsp;protein,94.9
272123.Anacy_4247,Anacy_4247,PFAM:&nbsp;CoA&nbsp;binding&nbsp;domain,94.9
272123.Anacy_1476,Anacy_1476,"PFAM:&nbsp;Ribulose&nbsp;bisphosphate&nbsp;carboxylase,&nbsp;small&nbsp;chain",94.9
272123.Anacy_3668,Anacy_3668,PFAM:&nbsp;ABC-2&nbsp;type&nbsp;transporter,94.8
272123.Anacy_0983,Anacy_0983,PFAM:&nbsp;Isocitrate/isopropylmalate&nbsp;dehydrogenase,94.7
272123.Anacy_0214,Anacy_0214,"PFAM:&nbsp;Serine&nbsp;acetyltransferase,&nbsp;N-terminal",94.7
272123.Anacy_1467,Anacy_1467,Valine-pyruvate&nbsp;aminotransferase&nbsp;apoenzyme,94.6
272123.Anacy_3718,Anacy_3718,Branched-chain-amino-acid&nbsp;transaminase,94.5
272123.Anacy_0826,Anacy_0826,PFAM:&nbsp;ATP-grasp&nbsp;domain,94.5
272123.Anacy_3735,Anacy_3735,Cobaltochelatase&nbsp;CobN&nbsp;subunit,94.4
272123.Anacy_1369,Anacy_1369,PFAM:&nbsp;Methylenetetrahydrofolate&nbsp;reductase,94.3
272123.Anacy_2798,cofH,FO&nbsp;synthase&nbsp;subunit&nbsp;2,94.3
272123.Anacy_4735,Anacy_4735,Peptidoglycan&nbsp;glycosyltransferase,94.2
272123.Anacy_1109,Anacy_1109,Cysteine&nbsp;desulfurase&nbsp;IscS,94.2
272123.Anacy_5028,psbB,Photosystem&nbsp;II&nbsp;CP47&nbsp;reaction&nbsp;center&nbsp;protein,94.1
272123.Anacy_2403,Anacy_2403,Thioesterase,94.1
272123.Anacy_5058,rplT,50S&nbsp;ribosomal&nbsp;protein&nbsp;L20,94.1
272123.Anacy_4518,Anacy_4518,"PFAM:&nbsp;Acyl-CoA&nbsp;dehydrogenase,&nbsp;C-terminal&nbsp;domain",94.0
272123.Anacy_1264,ssuB,Aliphatic&nbsp;sulfonates&nbsp;import&nbsp;ATP-binding&nbsp;protein&nbsp;SsuB,93.9
272123.Anacy_4955,dapL,LL-diaminopimelate&nbsp;aminotransferase,93.9
272123.Anacy_5566,ureA,"PFAM:&nbsp;Urease,&nbsp;gamma&nbsp;subunit",93.8
272123.Anacy_0255,rps4,30S&nbsp;ribosomal&nbsp;protein&nbsp;S4,93.8
272123.Anacy_3239,Anacy_3239,"PFAM:&nbsp;Histidine&nbsp;kinase-,&nbsp;DNA&nbsp;gyrase&nbsp;B-,&nbsp;and&nbsp;HSP90-like&nbsp;ATPase",93.8
272123.Anacy_3065,Anacy_3065,Uncharacterized&nbsp;protein,93.8
272123.Anacy_3175,Anacy_3175,CheA&nbsp;signal&nbsp;transduction&nbsp;histidine&nbsp;kinase,93.7
272123.Anacy_5563,Anacy_5563,PFAM:&nbsp;tRNA&nbsp;(Uracil-5-)-methyltransferase,93.7
272123.Anacy_0696,Anacy_0696,PFAM:&nbsp;ABC&nbsp;transporter,93.7
272123.Anacy_0412,frr,Ribosome-recycling&nbsp;factor,93.7
272123.Anacy_1269,Anacy_1269,PFAM:&nbsp;NMT1/THI5&nbsp;like,93.7
272123.Anacy_1559,Anacy_1559,Precorrin-4&nbsp;C11-methyltransferase,93.6
272123.Anacy_0741,Anacy_0741,Histidine&nbsp;kinase,93.5
272123.Anacy_3887,Anacy_3887,Integral&nbsp;membrane&nbsp;sensor&nbsp;hybrid&nbsp;histidine&nbsp;kinase,93.5
272123.Anacy_0643,Anacy_0643,"Two&nbsp;component&nbsp;transcriptional&nbsp;regulator,&nbsp;AraC&nbsp;family",93.4
272123.Anacy_4950,hisG,ATP&nbsp;phosphoribosyltransferase,93.4
272123.Anacy_3769,Anacy_3769,Capsular&nbsp;exopolysaccharide&nbsp;family,93.4
272123.Anacy_2821,rpmH,PFAM:&nbsp;Ribosomal&nbsp;protein&nbsp;L34,93.3
272123.Anacy_1444,Anacy_1444,PFAM:&nbsp;ATP-grasp&nbsp;domain,93.2
272123.Anacy_3245,folD,Bifunctional&nbsp;protein&nbsp;FolD,93.2
272123.Anacy_4198,Anacy_4198,"MCP&nbsp;methyltransferase,&nbsp;CheR-type&nbsp;with&nbsp;PAS/PAC&nbsp;sensor",93.1
272123.Anacy_2059,Anacy_2059,KEGG:&nbsp;naz:Aazo_0320&nbsp;type&nbsp;IV&nbsp;pilus&nbsp;assembly&nbsp;protein&nbsp;PilO,93.1
272123.Anacy_1936,Anacy_1936,PFAM:&nbsp;UDP-galactopyranose&nbsp;mutase,93.1
272123.Anacy_3327,alaS,Alanine--tRNA&nbsp;ligase,93.1
272123.Anacy_1820,rplU,50S&nbsp;ribosomal&nbsp;protein&nbsp;L21,93.1
272123.Anacy_2776,Anacy_2776,Dolichyl-phosphate&nbsp;beta-D-mannosyltransferase,93.0
272123.Anacy_3918,ndhN,NAD(P)H-quinone&nbsp;oxidoreductase&nbsp;subunit&nbsp;N,93.0
272123.Anacy_1620,Anacy_1620,GAF&nbsp;sensor&nbsp;hybrid&nbsp;histidine&nbsp;kinase,93.0
272123.Anacy_4067,chlN,Light-independent&nbsp;protochlorophyllide&nbsp;reductase&nbsp;subunit&nbsp;N,93.0
272123.Anacy_5593,Anacy_5593,Arginase/agmatinase/formiminoglutamase,92.9
272123.Anacy_5133,Anacy_5133,"PFAM:&nbsp;Histidine&nbsp;kinase-,&nbsp;DNA&nbsp;gyrase&nbsp;B-,&nbsp;and&nbsp;HSP90-like&nbsp;ATPase",92.9
272123.Anacy_5053,chlB,Light-independent&nbsp;protochlorophyllide&nbsp;reductase&nbsp;subunit&nbsp;B,92.8
272123.Anacy_3949,prfA,Peptide&nbsp;chain&nbsp;release&nbsp;factor&nbsp;1,92.8
272123.Anacy_4379,Anacy_4379,PFAM:&nbsp;Tellurite&nbsp;resistance&nbsp;protein&nbsp;TerB,92.8
272123.Anacy_3942,rpsK,30S&nbsp;ribosomal&nbsp;protein&nbsp;S11,92.7
272123.Anacy_1899,Anacy_1899,PFAM:&nbsp;CpcD/allophycocyanin&nbsp;linker&nbsp;domain,92.6
272123.Anacy_0955,AFZ56530.1,PFAM:&nbsp;Photosynthetic&nbsp;reaction&nbsp;centre&nbsp;protein,92.6
272123.Anacy_0469,mnmE,tRNA&nbsp;modification&nbsp;GTPase&nbsp;MnmE,92.6
272123.Anacy_4635,fni,Isopentenyl-diphosphate&nbsp;delta-isomerase,92.6
272123.Anacy_2444,Anacy_2444,Neutral&nbsp;amino&nbsp;acid&nbsp;ABC&nbsp;transporter&nbsp;membrane&nbsp;protein,92.5
272123.Anacy_1327,Anacy_1327,"TIGRFAM:&nbsp;ABC&nbsp;transporter,&nbsp;substrate-binding&nbsp;protein,&nbsp;aliphatic&nbsp;sulfonates&nbsp;family",92.5
272123.Anacy_1793,Anacy_1793,PFAM:&nbsp;Nickel-dependent&nbsp;hydrogenase,92.5
272123.Anacy_5615,Anacy_5615,PFAM:&nbsp;Thymidylate&nbsp;synthase,92.5
272123.Anacy_4721,Anacy_4721,PFAM:&nbsp;Phosphoadenosine&nbsp;phosphosulfate&nbsp;reductase&nbsp;family,92.4
272123.Anacy_1482,ndhM,NAD(P)H-quinone&nbsp;oxidoreductase&nbsp;subunit&nbsp;M,92.4
272123.Anacy_0701,Anacy_0701,Orotate&nbsp;phosphoribosyltransferase,92.4
272123.Anacy_3517,Anacy_3517,PFAM:&nbsp;GAF&nbsp;domain,92.3
272123.Anacy_0682,Anacy_0682,Cobaltochelatase&nbsp;CobN&nbsp;subunit,92.2
272123.Anacy_0510,ndhI,NAD(P)H-quinone&nbsp;oxidoreductase&nbsp;subunit&nbsp;I,92.1
272123.Anacy_1934,Anacy_1934,dTDP-4-dehydrorhamnose&nbsp;reductase,92.0
272123.Anacy_2509,Anacy_2509,COGs:&nbsp;COG1199&nbsp;Rad3-related&nbsp;DNA&nbsp;helicase,92.0
272123.Anacy_3830,Anacy_3830,Putative&nbsp;phytochrome&nbsp;sensor&nbsp;protein,91.9
272123.Anacy_4974,Anacy_4974,PFAM:&nbsp;Glycerophosphoryl&nbsp;diester&nbsp;phosphodiesterase&nbsp;family,91.9
272123.Anacy_3173,Anacy_3173,PFAM:&nbsp;CheW-like&nbsp;domain,91.9
272123.Anacy_2683,Anacy_2683,PFAM:&nbsp;Pterin&nbsp;binding&nbsp;enzyme,91.8
272123.Anacy_3465,Anacy_3465,Uncharacterized&nbsp;protein,91.7
272123.Anacy_1874,Anacy_1874,PFAM:&nbsp;Response&nbsp;regulator&nbsp;receiver&nbsp;domain,91.5
272123.Anacy_0557,Anacy_0557,PFAM:&nbsp;Photosystem&nbsp;I&nbsp;reaction&nbsp;centre&nbsp;subunit&nbsp;III,91.5
272123.Anacy_4714,purK,N5-carboxyaminoimidazole&nbsp;ribonucleotide&nbsp;synthase,91.5
272123.Anacy_3711,Anacy_3711,"Para-aminobenzoate&nbsp;synthase,&nbsp;subunit&nbsp;I",91.5
272123.Anacy_4822,Anacy_4822,Neutral&nbsp;amino&nbsp;acid&nbsp;ABC&nbsp;transporter&nbsp;membrane&nbsp;protein,91.4
272123.Anacy_5068,Anacy_5068,"PFAM:&nbsp;Alanine&nbsp;dehydrogenase/PNT,&nbsp;C-terminal&nbsp;domain",91.3
272123.Anacy_2983,Anacy_2983,Glycosyl&nbsp;transferase&nbsp;family&nbsp;39,91.3
272123.Anacy_1312,Anacy_1312,"PFAM:&nbsp;Glutathione&nbsp;S-transferase,&nbsp;N-terminal&nbsp;domain",91.3
272123.Anacy_3141,Anacy_3141,Phosphate&nbsp;import&nbsp;ATP-binding&nbsp;protein&nbsp;PstB,91.2
272123.Anacy_4640,Anacy_4640,Integral&nbsp;membrane&nbsp;sensor&nbsp;signal&nbsp;transduction&nbsp;histidine&nbsp;kinase,91.2
272123.Anacy_5496,Anacy_5496,Phosphate&nbsp;transport&nbsp;system&nbsp;permease&nbsp;protein,91.2
272123.Anacy_3524,Anacy_3524,"Two&nbsp;component&nbsp;transcriptional&nbsp;regulator,&nbsp;winged&nbsp;helix&nbsp;family",91.2
272123.Anacy_2938,Anacy_2938,PFAM:&nbsp;Periplasmic&nbsp;binding&nbsp;protein,91.2
272123.Anacy_0818,Anacy_0818,PFAM:&nbsp;Peptidase&nbsp;S24-like,91.2
272123.Anacy_1498,Anacy_1498,PFAM:&nbsp;Rieske&nbsp;[2Fe-2S]&nbsp;domain,91.1
272123.Anacy_4785,psbZ,Photosystem&nbsp;II&nbsp;reaction&nbsp;center&nbsp;protein&nbsp;Z,91.1
272123.Anacy_2367,Anacy_2367,PFAM:&nbsp;Oxidoreductase&nbsp;FAD-binding&nbsp;domain,91.1
272123.Anacy_1733,Anacy_1733,PFAM:&nbsp;Phycobilisome&nbsp;protein,91.0
272123.Anacy_4753,Anacy_4753,PFAM:&nbsp;Iron-Sulfur&nbsp;binding&nbsp;protein&nbsp;C&nbsp;terminal,91.0
272123.Anacy_4496,purH,Bifunctional&nbsp;purine&nbsp;biosynthesis&nbsp;protein&nbsp;PurH,90.9
272123.Anacy_4124,Anacy_4124,Multi-sensor&nbsp;signal&nbsp;transduction&nbsp;histidine&nbsp;kinase,90.8
272123.Anacy_4076,Anacy_4076,Iron-chelate-transporting&nbsp;ATPase,90.8
272123.Anacy_0406,Anacy_0406,TIGRFAM:&nbsp;succinate&nbsp;dehydrogenase&nbsp;and&nbsp;fumarate&nbsp;reductase&nbsp;iron-sulfur&nbsp;protein,90.7
272123.Anacy_5173,metG,Methionine--tRNA&nbsp;ligase,90.5
272123.Anacy_0031,Anacy_0031,"PFAM:&nbsp;Ribulose&nbsp;bisphosphate&nbsp;carboxylase,&nbsp;small&nbsp;chain",90.5
272123.Anacy_4554,Anacy_4554,Alanine-glyoxylate&nbsp;aminotransferase&nbsp;apoenzyme,90.5
272123.Anacy_0609,Anacy_0609,PFAM:&nbsp;Precorrin-8X&nbsp;methylmutase,90.5
272123.Anacy_0444,Anacy_0444,Multi-sensor&nbsp;signal&nbsp;transduction&nbsp;multi-kinase,90.4
272123.Anacy_0389,Anacy_0389,PFAM:&nbsp;CheW-like&nbsp;domain,90.4
272123.Anacy_0369,Anacy_0369,Inositol-1-monophosphatase,90.3
272123.Anacy_2921,Anacy_2921,KEGG:&nbsp;naz:Aazo_1775&nbsp;hypothetical&nbsp;protein,90.3
272123.Anacy_4144,trpA,Tryptophan&nbsp;synthase&nbsp;alpha&nbsp;chain,90.3
272123.Anacy_3000,Anacy_3000,PFAM:&nbsp;6-pyruvoyl&nbsp;tetrahydropterin&nbsp;synthase,90.2
272123.Anacy_2423,Anacy_2423,PFAM:&nbsp;Inositol&nbsp;monophosphatase&nbsp;family,90.1
272123.Anacy_3564,Anacy_3564,"PFAM:&nbsp;Histidine&nbsp;kinase-,&nbsp;DNA&nbsp;gyrase&nbsp;B-,&nbsp;and&nbsp;HSP90-like&nbsp;ATPase",90.0
272123.Anacy_0767,petC,Cytochrome&nbsp;b6-f&nbsp;complex&nbsp;iron-sulfur&nbsp;subunit,89.9
272123.Anacy_3204,murE,"UDP-N-acetylmuramoyl-L-alanyl-D-glutamate--2,6-diaminopimelate&nbsp;ligase",89.9
272123.Anacy_3759,Anacy_3759,Oxygen-dependent&nbsp;coproporphyrinogen-III&nbsp;oxidase,89.9
272123.Anacy_1074,pdhA,Pyruvate&nbsp;dehydrogenase&nbsp;E1&nbsp;component&nbsp;subunit&nbsp;alpha,89.9
272123.Anacy_2932,Anacy_2932,PFAM:&nbsp;Multicopper&nbsp;oxidase,89.9
272123.Anacy_5050,Anacy_5050,LL-diaminopimelate&nbsp;aminotransferase&nbsp;apoenzyme,89.9
272123.Anacy_1919,Anacy_1919,PFAM:&nbsp;Phosphoribulokinase&nbsp;/&nbsp;Uridine&nbsp;kinase&nbsp;family,89.8
272123.Anacy_3391,accA,Acetyl-coenzyme&nbsp;A&nbsp;carboxylase&nbsp;carboxyl&nbsp;transferase&nbsp;subunit&nbsp;alpha,89.8
272123.Anacy_0284,Anacy_0284,Capsular&nbsp;exopolysaccharide&nbsp;family,89.8
272123.Anacy_4980,Anacy_4980,"ABC-type&nbsp;transporter,&nbsp;integral&nbsp;membrane&nbsp;subunit",89.8
272123.Anacy_3613,Anacy_3613,"Putative&nbsp;transcriptional&nbsp;regulator,&nbsp;Crp/Fnr&nbsp;family&nbsp;with&nbsp;PAS/PAC&nbsp;sensor",89.8
272123.Anacy_3007,Anacy_3007,"PFAM:&nbsp;Glutathione&nbsp;S-transferase,&nbsp;N-terminal&nbsp;domain",89.8
272123.Anacy_2717,gyrB,DNA&nbsp;gyrase&nbsp;subunit&nbsp;B,89.7
272123.Anacy_4510,purN,Phosphoribosylglycinamide&nbsp;formyltransferase,89.7
272123.Anacy_3170,Anacy_3170,PFAM:&nbsp;ABC&nbsp;transporter,89.6
272123.Anacy_4903,Anacy_4903,Teichoic-acid-transporting&nbsp;ATPase,89.4
272123.Anacy_3946,rplM,50S&nbsp;ribosomal&nbsp;protein&nbsp;L13,89.4
272123.Anacy_5357,Anacy_5357,Thiamine&nbsp;S&nbsp;protein,89.3
272123.Anacy_0705,petB,Cytochrome&nbsp;b6,89.3
272123.Anacy_4309,Anacy_4309,ATPase&nbsp;AAA-2&nbsp;domain&nbsp;protein,89.3
272123.Anacy_3886,Anacy_3886,PFAM:&nbsp;Response&nbsp;regulator&nbsp;receiver&nbsp;domain,89.3
272123.Anacy_2720,Anacy_2720,"PFAM:&nbsp;DNA&nbsp;gyrase/topoisomerase&nbsp;IV,&nbsp;subunit&nbsp;A",89.2
272123.Anacy_2266,Anacy_2266,KEGG:&nbsp;naz:Aazo_2267&nbsp;hypothetical&nbsp;protein,89.2
272123.Anacy_2924,Anacy_2924,Phosphonate-transporting&nbsp;ATPase,89.0
272123.Anacy_4181,Anacy_4181,Ion&nbsp;transport&nbsp;2&nbsp;domain&nbsp;protein,88.9
272123.Anacy_1731,Anacy_1731,"Allophycocyanin,&nbsp;beta&nbsp;subunit",88.8
272123.Anacy_4416,Anacy_4416,Isochorismate&nbsp;synthase,88.8
272123.Anacy_2060,Anacy_2060,PFAM:&nbsp;Fimbrial&nbsp;assembly&nbsp;protein&nbsp;(PilN),88.7
272123.Anacy_3744,Anacy_3744,Iron-chelate-transporting&nbsp;ATPase,88.7
272123.Anacy_4929,plsY,Glycerol-3-phosphate&nbsp;acyltransferase,88.6
272123.Anacy_0250,Anacy_0250,L-iditol&nbsp;2-dehydrogenase,88.5
272123.Anacy_1869,Anacy_1869,"PFAM:&nbsp;Histidine&nbsp;kinase-,&nbsp;DNA&nbsp;gyrase&nbsp;B-,&nbsp;and&nbsp;HSP90-like&nbsp;ATPase",88.4
272123.Anacy_0986,Anacy_0986,"Carbohydrate&nbsp;ABC&nbsp;transporter&nbsp;ATP-binding&nbsp;protein,&nbsp;CUT1&nbsp;family",88.4
272123.Anacy_2270,Anacy_2270,Beta-Ig-H3/fasciclin,88.4
272123.Anacy_2263,Anacy_2263,PFAM:&nbsp;Protein&nbsp;kinase&nbsp;domain,88.3
272123.Anacy_3930,rplX,50S&nbsp;ribosomal&nbsp;protein&nbsp;L24,88.2
272123.Anacy_0162,glsA,PFAM:&nbsp;Glutaminase,88.1
272123.Anacy_0391,Anacy_0391,Protein&nbsp;PatA,88.1
272123.Anacy_2842,Anacy_2842,"Two&nbsp;component&nbsp;transcriptional&nbsp;regulator,&nbsp;winged&nbsp;helix&nbsp;family",88.1
272123.Anacy_2499,Anacy_2499,Uncharacterized&nbsp;protein,88.0
272123.Anacy_4054,Anacy_4054,PFAM:&nbsp;Binding-protein-dependent&nbsp;transport&nbsp;system&nbsp;inner&nbsp;membrane&nbsp;component,88.0
272123.Anacy_3936,rplO,50S&nbsp;ribosomal&nbsp;protein&nbsp;L15,88.0
272123.Anacy_2432,Anacy_2432,PFAM:&nbsp;D12&nbsp;class&nbsp;N6&nbsp;adenine-specific&nbsp;DNA&nbsp;methyltransferase,87.9
272123.Anacy_2817,Anacy_2817,NAD(P)&nbsp;transhydrogenase&nbsp;subunit&nbsp;beta,87.9
272123.Anacy_2578,AFZ58020.1,PFAM:&nbsp;Photosynthetic&nbsp;reaction&nbsp;centre&nbsp;protein,87.9
272123.Anacy_3488,Anacy_3488,PFAM:&nbsp;Bacterial&nbsp;extracellular&nbsp;solute-binding&nbsp;protein,87.8
272123.Anacy_2549,Anacy_2549,Small&nbsp;GTP-binding&nbsp;protein,87.8
272123.Anacy_1906,Anacy_1906,PFAM:&nbsp;Asparagine&nbsp;synthase,87.7
272123.Anacy_2772,Anacy_2772,PFAM:&nbsp;GAF&nbsp;domain,87.7
272123.Anacy_2818,Anacy_2818,COGs:&nbsp;COG3288&nbsp;NAD/NADP&nbsp;transhydrogenase&nbsp;alpha&nbsp;subunit,87.7
272123.Anacy_3667,Anacy_3667,Teichoic-acid-transporting&nbsp;ATPase,87.7
272123.Anacy_4509,Anacy_4509,"Carbohydrate&nbsp;ABC&nbsp;transporter&nbsp;membrane&nbsp;protein&nbsp;1,&nbsp;CUT1&nbsp;family",87.5
272123.Anacy_2959,speA,Biosynthetic&nbsp;arginine&nbsp;decarboxylase,87.5
272123.Anacy_2533,sasA,Adaptive-response&nbsp;sensory-kinase&nbsp;SasA,87.5
272123.Anacy_3153,Anacy_3153,Polyketide-type&nbsp;polyunsaturated&nbsp;fatty&nbsp;acid&nbsp;synthase&nbsp;PfaA,87.5
272123.Anacy_2488,fusA,Elongation&nbsp;factor&nbsp;G,87.4
272123.Anacy_3039,gatA,Glutamyl-tRNA(Gln)&nbsp;amidotransferase&nbsp;subunit&nbsp;A,87.4
272123.Anacy_4329,Anacy_4329,Phospho-2-dehydro-3-deoxyheptonate&nbsp;aldolase,87.4
272123.Anacy_5093,ahcY,Adenosylhomocysteinase,87.4
272123.Anacy_5177,pepA,Probable&nbsp;cytosol&nbsp;aminopeptidase,87.3
272123.Anacy_2939,mobA,Probable&nbsp;molybdenum&nbsp;cofactor&nbsp;guanylyltransferase,87.3
272123.Anacy_1725,Anacy_1725,UBA/THIF-type&nbsp;NAD/FAD&nbsp;binding&nbsp;protein,87.2
272123.Anacy_5498,Anacy_5498,Phosphate&nbsp;import&nbsp;ATP-binding&nbsp;protein&nbsp;PstB,87.2
272123.Anacy_0306,Anacy_0306,"PFAM:&nbsp;Glutamine&nbsp;synthetase,&nbsp;catalytic&nbsp;domain",87.2
272123.Anacy_0961,ppc,Phosphoenolpyruvate&nbsp;carboxylase,87.2
272123.Anacy_1983,psbF,Cytochrome&nbsp;b559&nbsp;subunit&nbsp;beta,87.1
272123.Anacy_5411,Anacy_5411,PFAM:&nbsp;Cytochrome&nbsp;c&nbsp;oxidase&nbsp;subunit&nbsp;III,87.1
272123.Anacy_2594,rpoB,DNA-directed&nbsp;RNA&nbsp;polymerase&nbsp;subunit&nbsp;beta,87.1
272123.Anacy_5033,Anacy_5033,"ABC-type&nbsp;transporter,&nbsp;periplasmic&nbsp;subunit",87.0
272123.Anacy_1879,Anacy_1879,"PFAM:&nbsp;DNA&nbsp;polymerase&nbsp;III,&nbsp;delta&nbsp;subunit",86.9
272123.Anacy_0020,Anacy_0020,Exodeoxyribonuclease&nbsp;III,86.9
272123.Anacy_0265,Anacy_0265,"PFAM:&nbsp;Glyceraldehyde&nbsp;3-phosphate&nbsp;dehydrogenase,&nbsp;C-terminal&nbsp;domain",86.8
272123.Anacy_3941,rpsM,30S&nbsp;ribosomal&nbsp;protein&nbsp;S13,86.8
272123.Anacy_0527,Anacy_0527,Dihydrofolate&nbsp;reductase,86.6
272123.Anacy_0436,priA,Primosomal&nbsp;protein&nbsp;N',86.5
272123.Anacy_3880,mutL,DNA&nbsp;mismatch&nbsp;repair&nbsp;protein&nbsp;MutL,86.5
272123.Anacy_3340,kaiB,Circadian&nbsp;clock&nbsp;protein&nbsp;KaiB,86.5
272123.Anacy_4462,Anacy_4462,PFAM:&nbsp;ABC&nbsp;transporter,86.5
272123.Anacy_3646,Anacy_3646,PFAM:&nbsp;Glycosyl&nbsp;transferase&nbsp;family&nbsp;2,86.4
272123.Anacy_4437,purE,N5-carboxyaminoimidazole&nbsp;ribonucleotide&nbsp;mutase,86.4
272123.Anacy_4458,Anacy_4458,"PFAM:&nbsp;PEP-utilising&nbsp;enzyme,&nbsp;mobile&nbsp;domain",86.4
272123.Anacy_2997,Anacy_2997,"Multisubunit&nbsp;sodium/proton&nbsp;antiporter,&nbsp;MrpC&nbsp;subunit",86.4
272123.Anacy_3140,Anacy_3140,PFAM:&nbsp;Amino&nbsp;acid&nbsp;kinase&nbsp;family,86.3
272123.Anacy_2033,Anacy_2033,Phycocyanin,86.3
272123.Anacy_4328,Anacy_4328,Malto-oligosyltrehalose&nbsp;trehalohydrolase,86.3
272123.Anacy_2778,Anacy_2778,"PFAM:&nbsp;NADH-Ubiquinone&nbsp;oxidoreductase&nbsp;(complex&nbsp;I),&nbsp;chain&nbsp;5&nbsp;C-terminus",86.3
272123.Anacy_0617,Anacy_0617,PFAM:&nbsp;Response&nbsp;regulator&nbsp;receiver&nbsp;domain,86.3
272123.Anacy_0218,Anacy_0218,PFAM:&nbsp;HMGL-like,86.3
272123.Anacy_3522,Anacy_3522,PFAM:&nbsp;Polysaccharide&nbsp;biosynthesis/export&nbsp;protein,86.2
272123.Anacy_4307,lysA,Diaminopimelate&nbsp;decarboxylase,86.2
272123.Anacy_5331,petG,Cytochrome&nbsp;b6-f&nbsp;complex&nbsp;subunit&nbsp;5,86.2
272123.Anacy_1350,Anacy_1350,PFAM:&nbsp;Alcohol&nbsp;dehydrogenase&nbsp;GroES-like&nbsp;domain,86.2
272123.Anacy_4545,Anacy_4545,Integral&nbsp;membrane&nbsp;sensor&nbsp;signal&nbsp;transduction&nbsp;histidine&nbsp;kinase,86.2
272123.Anacy_5144,Anacy_5144,Precorrin-3B&nbsp;C17-methyltransferase,86.2
272123.Anacy_1866,Anacy_1866,Cytochrome&nbsp;b/b6&nbsp;domain&nbsp;protein,86.1
272123.Anacy_5624,Anacy_5624,PFAM:&nbsp;DAK2&nbsp;domain,86.1
272123.Anacy_5245,hemC,Porphobilinogen&nbsp;deaminase,86.0
272123.Anacy_3682,Anacy_3682,PFAM:&nbsp;KaiB&nbsp;domain,86.0
272123.Anacy_1247,Anacy_1247,Phosphoesterase&nbsp;PA-phosphatase&nbsp;related&nbsp;protein,86.0
272123.Anacy_1562,Anacy_1562,KEGG:&nbsp;naz:Aazo_0902&nbsp;hypothetical&nbsp;protein,86.0
272123.Anacy_3542,Anacy_3542,"PFAM:&nbsp;Glutathione&nbsp;S-transferase,&nbsp;N-terminal&nbsp;domain",85.9
272123.Anacy_5479,purL,Phosphoribosylformylglycinamidine&nbsp;synthase&nbsp;subunit&nbsp;PurL,85.8
272123.Anacy_2849,nusA,Transcription&nbsp;termination/antitermination&nbsp;protein&nbsp;NusA,85.8
272123.Anacy_0890,Anacy_0890,Adenylate/guanylate&nbsp;cyclase&nbsp;with&nbsp;Chase&nbsp;sensor,85.8
272123.Anacy_0574,Anacy_0574,PFAM:&nbsp;MreB/Mbl&nbsp;protein,85.8
272123.Anacy_3992,trpE,Anthranilate&nbsp;synthase&nbsp;component&nbsp;1,85.7
272123.Anacy_2216,nifK,Nitrogenase&nbsp;molybdenum-iron&nbsp;protein&nbsp;beta&nbsp;chain,85.7
272123.Anacy_4902,Anacy_4902,Transport&nbsp;permease&nbsp;protein,85.6
272123.Anacy_3818,rps2,PFAM:&nbsp;Ribosomal&nbsp;protein&nbsp;S2,85.6
272123.Anacy_5460,Anacy_5460,"6-deoxyerythronolide-B&nbsp;synthase,&nbsp;Phenylalanine&nbsp;racemase&nbsp;(ATP-hydrolyzing)",85.6
272123.Anacy_2308,Anacy_2308,Protein&nbsp;serine/threonine&nbsp;phosphatase&nbsp;with&nbsp;GAF(S)&nbsp;sensor(S),85.6
272123.Anacy_4932,Anacy_4932,"ABC-type&nbsp;transporter,&nbsp;integral&nbsp;membrane&nbsp;subunit",85.6
272123.Anacy_1417,secF,Protein-export&nbsp;membrane&nbsp;protein&nbsp;SecF,85.6
272123.Anacy_1741,atpE,ATP&nbsp;synthase&nbsp;subunit&nbsp;c,85.5
272123.Anacy_2620,rplS,50S&nbsp;ribosomal&nbsp;protein&nbsp;L19,85.5
272123.Anacy_4892,Anacy_4892,L-threonine&nbsp;3-dehydrogenase,85.5
272123.Anacy_0402,psbX,Photosystem&nbsp;II&nbsp;reaction&nbsp;center&nbsp;X&nbsp;protein,85.5
272123.Anacy_5206,Anacy_5206,PFAM:&nbsp;Delta-aminolevulinic&nbsp;acid&nbsp;dehydratase,85.4
272123.Anacy_4280,Anacy_4280,"Phosphate&nbsp;ABC&nbsp;transporter&nbsp;substrate-binding&nbsp;protein,&nbsp;PhoT&nbsp;family",85.4
272123.Anacy_0049,Anacy_0049,PFAM:&nbsp;Cytochrome&nbsp;oxidase&nbsp;subunit&nbsp;II,85.3
272123.Anacy_4725,hpf,Ribosome&nbsp;hibernation&nbsp;promoting&nbsp;factor,85.3
272123.Anacy_0077,Anacy_0077,Helix-turn-helix&nbsp;domain&nbsp;protein,85.2
272123.Anacy_0512,ndhE,NAD(P)H-quinone&nbsp;oxidoreductase&nbsp;subunit&nbsp;4L,85.2
272123.Anacy_1662,Anacy_1662,"PFAM:&nbsp;Histidine&nbsp;kinase-,&nbsp;DNA&nbsp;gyrase&nbsp;B-,&nbsp;and&nbsp;HSP90-like&nbsp;ATPase",85.0
272123.Anacy_4524,Anacy_4524,"NAD(P)H&nbsp;dehydrogenase,&nbsp;subunit&nbsp;NdhF3&nbsp;family",85.0
272123.Anacy_4786,Anacy_4786,Polynucleotide&nbsp;adenylyltransferase&nbsp;region,84.9
272123.Anacy_1907,Anacy_1907,"PFAM:&nbsp;Pyridoxal-dependent&nbsp;decarboxylase,&nbsp;C-terminal&nbsp;sheet&nbsp;domain",84.9
272123.Anacy_0373,Anacy_0373,PFAM:&nbsp;ABC&nbsp;transporter,84.7
272123.Anacy_5360,Anacy_5360,ATP-dependent&nbsp;Clp&nbsp;protease&nbsp;proteolytic&nbsp;subunit,84.6
272123.Anacy_4255,Anacy_4255,NAD(P)-dependent&nbsp;nickel-iron&nbsp;dehydrogenase&nbsp;diaphorase&nbsp;component&nbsp;subunit&nbsp;HoxU,84.6
272123.Anacy_5225,Anacy_5225,"PFAM:&nbsp;Orn/Lys/Arg&nbsp;decarboxylase,&nbsp;C-terminal&nbsp;domain",84.6
272123.Anacy_0016,Anacy_0016,Beta&nbsp;sliding&nbsp;clamp,84.5
272123.Anacy_1124,Anacy_1124,PFAM:&nbsp;CBS&nbsp;domain,84.5
272123.Anacy_3934,rplR,50S&nbsp;ribosomal&nbsp;protein&nbsp;L18,84.4
272123.Anacy_2356,uvrA,UvrABC&nbsp;system&nbsp;protein&nbsp;A,84.4
272123.Anacy_0238,Anacy_0238,Magnesium-protoporphyrin&nbsp;IX&nbsp;monomethyl&nbsp;ester&nbsp;[oxidative]&nbsp;cyclase,84.4
272123.Anacy_3445,Anacy_3445,Delta-9&nbsp;acyl-phospholipid&nbsp;desaturase,84.4
272123.Anacy_3106,Anacy_3106,PFAM:&nbsp;ABC&nbsp;transporter,84.3
272123.Anacy_5396,Anacy_5396,PFAM:&nbsp;Fructose-bisphosphate&nbsp;aldolase&nbsp;class-II,84.3
272123.Anacy_0122,ftsZ,Cell&nbsp;division&nbsp;protein&nbsp;FtsZ,84.1
272123.Anacy_4213,Anacy_4213,PFAM:&nbsp;CRISPR-associated&nbsp;protein&nbsp;(Cas_csx3),84.0
272123.Anacy_2339,Anacy_2339,Arachidonate&nbsp;15-lipoxygenase,84.0
272123.Anacy_2672,Anacy_2672,Multi-sensor&nbsp;signal&nbsp;transduction&nbsp;histidine&nbsp;kinase,84.0
272123.Anacy_0993,ligA,DNA&nbsp;ligase,84.0
272123.Anacy_5623,Anacy_5623,PFAM:&nbsp;Ketopantoate&nbsp;reductase&nbsp;PanE/ApbA,83.9
272123.Anacy_3873,Anacy_3873,Neutral&nbsp;amino&nbsp;acid-binding&nbsp;protein,83.8
272123.Anacy_5292,Anacy_5292,PFAM:&nbsp;Uroporphyrinogen-III&nbsp;synthase&nbsp;HemD,83.7
272123.Anacy_2738,Anacy_2738,"HAD-superfamily&nbsp;hydrolase,&nbsp;subfamily&nbsp;IA,&nbsp;variant&nbsp;1",83.7
272123.Anacy_2371,Anacy_2371,PFAM:&nbsp;UvrD/REP&nbsp;helicase,83.7
272123.Anacy_3938,Anacy_3938,Adenylate&nbsp;kinase,83.7
272123.Anacy_3602,Anacy_3602,Translation&nbsp;initiation&nbsp;factor&nbsp;IF-2&nbsp;domain-containing&nbsp;protein,83.6
272123.Anacy_3363,Anacy_3363,Multi-sensor&nbsp;signal&nbsp;transduction&nbsp;multi-kinase,83.5
272123.Anacy_1976,Anacy_1976,PFAM:&nbsp;Protein&nbsp;kinase&nbsp;domain,83.5
272123.Anacy_3943,rpoA,DNA-directed&nbsp;RNA&nbsp;polymerase&nbsp;subunit&nbsp;alpha,83.5
272123.Anacy_1862,psbV,Cytochrome&nbsp;c-550,83.4
272123.Anacy_4498,Anacy_4498,Photosystem&nbsp;II&nbsp;protein&nbsp;D1,83.3
272123.Anacy_0517,Anacy_0517,"Two&nbsp;component&nbsp;transcriptional&nbsp;regulator,&nbsp;winged&nbsp;helix&nbsp;family",83.3
272123.Anacy_3921,rplW,50S&nbsp;ribosomal&nbsp;protein&nbsp;L23,83.3
272123.Anacy_1853,Anacy_1853,"Carbohydrate&nbsp;ABC&nbsp;transporter&nbsp;substrate-binding&nbsp;protein,&nbsp;CUT1&nbsp;family",83.3
272123.Anacy_5076,Anacy_5076,PFAM:&nbsp;DHHA1&nbsp;domain,83.2
272123.Anacy_0079,Anacy_0079,Cytochrome&nbsp;c&nbsp;oxidase&nbsp;subunit&nbsp;2,83.2
272123.Anacy_1552,Anacy_1552,PFAM:&nbsp;Aminotransferase&nbsp;class&nbsp;I&nbsp;and&nbsp;II,83.2
272123.Anacy_5021,Anacy_5021,Mammalian&nbsp;cell&nbsp;entry&nbsp;related&nbsp;domain&nbsp;protein,83.2
272123.Anacy_5412,Anacy_5412,Cytochrome&nbsp;c&nbsp;oxidase&nbsp;subunit&nbsp;1,83.1
272123.Anacy_2951,argB,Acetylglutamate&nbsp;kinase,83.1
272123.Anacy_1554,uvrC,UvrABC&nbsp;system&nbsp;protein&nbsp;C,83.1
272123.Anacy_2030,Anacy_2030,PBS&nbsp;lyase&nbsp;HEAT&nbsp;domain&nbsp;protein&nbsp;repeat-containing&nbsp;protein,83.1
272123.Anacy_4440,Anacy_4440,PFAM:&nbsp;Magnesium-protoporphyrin&nbsp;IX&nbsp;methyltransferase&nbsp;C-terminus,82.9
272123.Anacy_4384,Anacy_4384,PFAM:&nbsp;ABC&nbsp;transporter,82.9
272123.Anacy_2797,psb27,Photosystem&nbsp;II&nbsp;lipoprotein&nbsp;Psb27,82.6
272123.Anacy_2819,Anacy_2819,NAD(P)(+)&nbsp;transhydrogenase&nbsp;(AB-specific),82.6
272123.Anacy_0387,Anacy_0387,CheA&nbsp;signal&nbsp;transduction&nbsp;histidine&nbsp;kinase,82.5
272123.Anacy_5571,Anacy_5571,PFAM:&nbsp;Response&nbsp;regulator&nbsp;receiver&nbsp;domain,82.5
272123.Anacy_4800,Anacy_4800,Cytochrome&nbsp;c&nbsp;oxidase&nbsp;subunit&nbsp;2,82.5
272123.Anacy_5567,ureB,PFAM:&nbsp;Urease&nbsp;beta&nbsp;subunit,82.3
272123.Anacy_3206,gatC,Aspartyl/glutamyl-tRNA(Asn/Gln)&nbsp;amidotransferase&nbsp;subunit&nbsp;C,82.3
272123.Anacy_4700,hemH,Ferrochelatase,82.3
272123.Anacy_4413,Anacy_4413,Gamma-glutamyl&nbsp;phosphate&nbsp;reductase,82.2
272123.Anacy_0432,Anacy_0432,Potassium-transporting&nbsp;ATPase&nbsp;KdpC&nbsp;subunit,82.2
272123.Anacy_5574,clpX,ATP-dependent&nbsp;Clp&nbsp;protease&nbsp;ATP-binding&nbsp;subunit&nbsp;ClpX,82.2
272123.Anacy_4256,Anacy_4256,NAD(P)-dependent&nbsp;nickel-iron&nbsp;dehydrogenase&nbsp;flavin-containing&nbsp;subunit,82.2
272123.Anacy_2646,ispF,"2-C-methyl-D-erythritol&nbsp;2,4-cyclodiphosphate&nbsp;synthase",82.2
272123.Anacy_2031,Anacy_2031,PFAM:&nbsp;Phycobilisome&nbsp;Linker&nbsp;polypeptide,82.1
272123.Anacy_4497,cofG,FO&nbsp;synthase&nbsp;subunit&nbsp;1,82.0
272123.Anacy_4268,Anacy_4268,PFAM:&nbsp;Response&nbsp;regulator&nbsp;receiver&nbsp;domain,81.9
272123.Anacy_2366,Anacy_2366,PFAM:&nbsp;Phosphoribulokinase&nbsp;/&nbsp;Uridine&nbsp;kinase&nbsp;family,81.8
272123.Anacy_0559,Anacy_0559,PFAM:&nbsp;Photosystem&nbsp;I&nbsp;reaction&nbsp;centre&nbsp;subunit&nbsp;XI,81.8
272123.Anacy_0327,Anacy_0327,"Two&nbsp;component&nbsp;transcriptional&nbsp;regulator,&nbsp;winged&nbsp;helix&nbsp;family",81.8
272123.Anacy_2640,argH,PFAM:&nbsp;Lyase,81.8
272123.Anacy_1670,Anacy_1670,Probable&nbsp;nicotinate-nucleotide&nbsp;adenylyltransferase,81.8
272123.Anacy_4461,Anacy_4461,PFAM:&nbsp;ABC&nbsp;transporter,81.8
272123.Anacy_3113,Anacy_3113,"TIGRFAM:&nbsp;dihydroorotase,&nbsp;multifunctional&nbsp;complex&nbsp;type",81.5
272123.Anacy_5259,Anacy_5259,PFAM:&nbsp;Tetrapyrrole&nbsp;(Corrin/Porphyrin)&nbsp;Methylases,81.5
272123.Anacy_2903,Anacy_2903,Phosphoenolpyruvate&nbsp;synthase,81.5
272123.Anacy_0513,Anacy_0513,NAD&nbsp;kinase,81.4
272123.Anacy_2906,recF,DNA&nbsp;replication&nbsp;and&nbsp;repair&nbsp;protein&nbsp;RecF,81.4
272123.Anacy_0125,Anacy_0125,PFAM:&nbsp;Manganese-stabilising&nbsp;protein&nbsp;/&nbsp;photosystem&nbsp;II&nbsp;polypeptide,81.2
272123.Anacy_2791,Anacy_2791,PFAM:&nbsp;GAF&nbsp;domain,81.2
272123.Anacy_0814,Anacy_0814,Multi-sensor&nbsp;signal&nbsp;transduction&nbsp;multi-kinase,81.2
272123.Anacy_1949,Anacy_1949,Uncharacterized&nbsp;protein,81.1
272123.Anacy_2028,Anacy_2028,PFAM:&nbsp;Phycobilisome&nbsp;Linker&nbsp;polypeptide,81.0
272123.Anacy_2299,Anacy_2299,Adenylate&nbsp;kinase,81.0
272123.Anacy_0577,Anacy_0577,Riboflavin&nbsp;biosynthesis&nbsp;protein&nbsp;RibD,81.0
272123.Anacy_3435,Anacy_3435,Membrane&nbsp;alanyl&nbsp;aminopeptidase,81.0
272123.Anacy_3939,infA,Translation&nbsp;initiation&nbsp;factor&nbsp;IF-1,80.9
272123.Anacy_4626,Anacy_4626,KEGG:&nbsp;naz:Aazo_3318&nbsp;hypothetical&nbsp;protein,80.9
272123.Anacy_3457,psbD,Photosystem&nbsp;II&nbsp;D2&nbsp;protein,80.9
272123.Anacy_2898,Anacy_2898,Histidine&nbsp;kinase,80.9
272123.Anacy_2897,Anacy_2897,Lipoyl&nbsp;synthase,80.9
272123.Anacy_0353,petM,Cytochrome&nbsp;b6-f&nbsp;complex&nbsp;subunit&nbsp;7,80.8
272123.Anacy_3174,Anacy_3174,Methyl-accepting&nbsp;chemotaxis&nbsp;sensory&nbsp;transducer&nbsp;with&nbsp;GAF&nbsp;sensor,80.8
272123.Anacy_3972,Anacy_3972,Adenylate/guanylate&nbsp;cyclase&nbsp;with&nbsp;GAF&nbsp;and&nbsp;PAS/PAC&nbsp;sensors,80.7
272123.Anacy_1242,Anacy_1242,Cysteine&nbsp;synthase,80.7
272123.Anacy_1910,Anacy_1910,PFAM:&nbsp;Asparagine&nbsp;synthase,80.5
272123.Anacy_4197,Anacy_4197,PFAM:&nbsp;CheB&nbsp;methylesterase,80.5
272123.Anacy_4740,glgB,"1,4-alpha-glucan&nbsp;branching&nbsp;enzyme&nbsp;GlgB",80.5
272123.Anacy_2269,Anacy_2269,2-dehydropantoate&nbsp;2-reductase,80.5
272123.Anacy_4582,Anacy_4582,"DNA&nbsp;polymerase&nbsp;III,&nbsp;subunits&nbsp;gamma&nbsp;and&nbsp;tau",80.5
272123.Anacy_4281,Anacy_4281,Integral&nbsp;membrane&nbsp;sensor&nbsp;signal&nbsp;transduction&nbsp;histidine&nbsp;kinase,80.5
272123.Anacy_1090,Anacy_1090,Plastoquinol--plastocyanin&nbsp;reductase,80.4
272123.Anacy_0295,Anacy_0295,PFAM:&nbsp;FAD&nbsp;dependent&nbsp;oxidoreductase,80.4
272123.Anacy_1966,gyrA,DNA&nbsp;gyrase&nbsp;subunit&nbsp;A,80.4
272123.Anacy_4604,Anacy_4604,Fmu&nbsp;(Sun)&nbsp;domain&nbsp;protein,80.4
272123.Anacy_3929,rplN,50S&nbsp;ribosomal&nbsp;protein&nbsp;L14,80.4
272123.Anacy_0121,gshB,"PFAM:&nbsp;Prokaryotic&nbsp;glutathione&nbsp;synthetase,&nbsp;N-terminal&nbsp;domain",80.4
272123.Anacy_5141,Anacy_5141,PFAM:&nbsp;Nitrite&nbsp;and&nbsp;sulphite&nbsp;reductase&nbsp;4Fe-4S&nbsp;domain,80.4
272123.Anacy_0503,Anacy_0503,"PFAM:&nbsp;Glyceraldehyde&nbsp;3-phosphate&nbsp;dehydrogenase,&nbsp;C-terminal&nbsp;domain",80.3
272123.Anacy_3172,Anacy_3172,PFAM:&nbsp;Response&nbsp;regulator&nbsp;receiver&nbsp;domain,80.3
272123.Anacy_4575,prs,Ribose-phosphate&nbsp;pyrophosphokinase,80.2
272123.Anacy_1621,Anacy_1621,PFAM:&nbsp;EAL&nbsp;domain,80.2
272123.Anacy_3643,carA,"PFAM:&nbsp;Carbamoyl-phosphate&nbsp;synthase&nbsp;small&nbsp;chain,&nbsp;CPSase&nbsp;domain",80.0
272123.Anacy_3828,moaC,Cyclic&nbsp;pyranopterin&nbsp;monophosphate&nbsp;synthase,80.0
272123.Anacy_2162,Anacy_2162,Photosystem&nbsp;II&nbsp;protein&nbsp;D1,79.9
272123.Anacy_1008,Anacy_1008,Serine&nbsp;acetyltransferase,79.9
272123.Anacy_5445,Anacy_5445,"Two&nbsp;component&nbsp;transcriptional&nbsp;regulator,&nbsp;winged&nbsp;helix&nbsp;family",79.9
272123.Anacy_1743,atpF,ATP&nbsp;synthase&nbsp;subunit&nbsp;b,79.9
272123.Anacy_0066,Anacy_0066,PFAM:&nbsp;Bacterial&nbsp;extracellular&nbsp;solute-binding&nbsp;protein,79.9
272123.Anacy_0448,Anacy_0448,"PFAM:&nbsp;Glutathione&nbsp;S-transferase,&nbsp;N-terminal&nbsp;domain",79.8
272123.Anacy_5551,Anacy_5551,60&nbsp;kDa&nbsp;chaperonin,79.8
272123.Anacy_3077,proC,Pyrroline-5-carboxylate&nbsp;reductase,79.7
272123.Anacy_4172,Anacy_4172,Transketolase,79.6
272123.Anacy_2253,Anacy_2253,Threonine&nbsp;synthase,79.5
272123.Anacy_2684,Anacy_2684,"TIGRFAM:&nbsp;phosphate/phosphite/phosphonate&nbsp;ABC&nbsp;transporters,&nbsp;periplasmic&nbsp;binding&nbsp;protein",79.5
272123.Anacy_2710,Anacy_2710,Uncharacterized&nbsp;protein,79.5
272123.Anacy_5494,Anacy_5494,PFAM:&nbsp;BioY&nbsp;family,79.4
272123.Anacy_5587,Anacy_5587,Ferredoxin,79.4
272123.Anacy_5046,Anacy_5046,"Phosphate&nbsp;ABC&nbsp;transporter&nbsp;substrate-binding&nbsp;protein,&nbsp;PhoT&nbsp;family",79.4
272123.Anacy_4890,Anacy_4890,PFAM:&nbsp;NUDIX&nbsp;domain,79.3
272123.Anacy_5601,Anacy_5601,Carbonate&nbsp;dehydratase,79.3
272123.Anacy_1900,Anacy_1900,PBS&nbsp;lyase&nbsp;HEAT&nbsp;domain&nbsp;protein&nbsp;repeat-containing&nbsp;protein,79.3
272123.Anacy_3719,Anacy_3719,PFAM:&nbsp;Chorismate&nbsp;mutase&nbsp;type&nbsp;II,79.2
272123.Anacy_1605,Anacy_1605,"GDP-mannose&nbsp;4,6-dehydratase",79.2
272123.Anacy_3933,rpl6,50S&nbsp;ribosomal&nbsp;protein&nbsp;L6,79.2
272123.Anacy_1942,Anacy_1942,Adenylate/guanylate&nbsp;cyclase&nbsp;with&nbsp;integral&nbsp;membrane&nbsp;sensor,79.2
272123.Anacy_3875,Anacy_3875,Phytoene&nbsp;desaturase,79.1
272123.Anacy_1266,Anacy_1266,PFAM:&nbsp;NMT1/THI5&nbsp;like,79.1
272123.Anacy_1810,Anacy_1810,Orotate&nbsp;phosphoribosyltransferase,79.1
272123.Anacy_2025,Anacy_2025,Multi-sensor&nbsp;signal&nbsp;transduction&nbsp;histidine&nbsp;kinase,79.0
272123.Anacy_4776,Anacy_4776,Delta-9&nbsp;acyl-phospholipid&nbsp;desaturase,79.0
272123.Anacy_1984,psbJ,Photosystem&nbsp;II&nbsp;reaction&nbsp;center&nbsp;protein&nbsp;J,79.0
272123.Anacy_3191,Anacy_3191,PFAM:&nbsp;Glycerophosphoryl&nbsp;diester&nbsp;phosphodiesterase&nbsp;family,78.9
272123.Anacy_0952,Anacy_0952,Malate&nbsp;dehydrogenase&nbsp;(Oxaloacetate-decarboxylating)&nbsp;(NADP(+)),78.9
272123.Anacy_5382,Anacy_5382,PFAM:&nbsp;3-octaprenyl-4-hydroxybenzoate&nbsp;carboxy-lyase,78.8
272123.Anacy_4400,Anacy_4400,PFAM:&nbsp;Response&nbsp;regulator&nbsp;receiver&nbsp;domain,78.8
272123.Anacy_4563,Anacy_4563,PFAM:&nbsp;Response&nbsp;regulator&nbsp;receiver&nbsp;domain,78.7
272123.Anacy_2597,hisD,Histidinol&nbsp;dehydrogenase,78.7
272123.Anacy_5121,Anacy_5121,Putative&nbsp;transcriptional&nbsp;regulator,78.7
272123.Anacy_1682,Anacy_1682,PFAM:&nbsp;Uncharacterized&nbsp;protein&nbsp;family&nbsp;(UPF0051),78.7
272123.Anacy_4778,Anacy_4778,Delta-15&nbsp;acyl-phospholipid&nbsp;desaturase,78.7
272123.Anacy_3621,ileS,Isoleucine--tRNA&nbsp;ligase,78.6
272123.Anacy_2102,Anacy_2102,NADPH:quinone&nbsp;reductase,78.6
272123.Anacy_5024,Anacy_5024,"HAD-superfamily&nbsp;hydrolase,&nbsp;subfamily&nbsp;IA,&nbsp;variant&nbsp;1",78.5
272123.Anacy_2732,Anacy_2732,PAS/PAC&nbsp;sensor&nbsp;hybrid&nbsp;histidine&nbsp;kinase,78.5
272123.Anacy_0377,Anacy_0377,PFAM:&nbsp;Protein&nbsp;kinase&nbsp;domain,78.5
272123.Anacy_2577,psbC,Photosystem&nbsp;II&nbsp;CP43&nbsp;reaction&nbsp;center&nbsp;protein,78.4
272123.Anacy_1154,Anacy_1154,Multi-sensor&nbsp;signal&nbsp;transduction&nbsp;multi-kinase,78.4
272123.Anacy_4878,Anacy_4878,Diguanylate&nbsp;cyclase&nbsp;with&nbsp;PAS/PAC&nbsp;and&nbsp;Chase2&nbsp;sensors,78.4
272123.Anacy_1904,Anacy_1904,PFAM:&nbsp;Phycobilisome&nbsp;Linker&nbsp;polypeptide,78.3
272123.Anacy_4356,rsgA,Small&nbsp;ribosomal&nbsp;subunit&nbsp;biogenesis&nbsp;GTPase&nbsp;RsgA,78.3
272123.Anacy_4397,Anacy_4397,"Carbohydrate&nbsp;ABC&nbsp;transporter&nbsp;membrane&nbsp;protein&nbsp;1,&nbsp;CUT1&nbsp;family",78.3
272123.Anacy_4653,Anacy_4653,PFAM:&nbsp;Binding-protein-dependent&nbsp;transport&nbsp;system&nbsp;inner&nbsp;membrane&nbsp;component,78.1
272123.Anacy_5457,Anacy_5457,Amino&nbsp;acid&nbsp;adenylation&nbsp;domain&nbsp;protein,78.1
272123.Anacy_4790,Anacy_4790,PFAM:&nbsp;ROK&nbsp;family,78.0
272123.Anacy_3731,Anacy_3731,NIL&nbsp;domain-containing&nbsp;protein,77.9
272123.Anacy_1817,trpD,Anthranilate&nbsp;phosphoribosyltransferase,77.9
272123.Anacy_4699,Anacy_4699,Methyltransferase&nbsp;type&nbsp;11,77.8
272123.Anacy_3161,Anacy_3161,"TIGRFAM:&nbsp;phosphate/phosphite/phosphonate&nbsp;ABC&nbsp;transporters,&nbsp;periplasmic&nbsp;binding&nbsp;protein",77.8
272123.Anacy_4007,thrS,Threonine--tRNA&nbsp;ligase,77.8
272123.Anacy_3447,Anacy_3447,Magnesium-protoporphyrin&nbsp;IX&nbsp;monomethyl&nbsp;ester&nbsp;[oxidative]&nbsp;cyclase,77.8
272123.Anacy_4253,Anacy_4253,NAD(P)-dependent&nbsp;nickel-iron&nbsp;dehydrogenase&nbsp;subunit&nbsp;HoxY,77.8
272123.Anacy_4415,Anacy_4415,"PFAM:&nbsp;Glutathione&nbsp;S-transferase,&nbsp;N-terminal&nbsp;domain",77.7
272123.Anacy_0433,Anacy_0433,Potassium-transporting&nbsp;ATPase&nbsp;ATP-binding&nbsp;subunit,77.7
272123.Anacy_4164,Anacy_4164,PFAM:&nbsp;Peptidase&nbsp;S24-like,77.7
272123.Anacy_0431,Anacy_0431,PFAM:&nbsp;Osmosensitive&nbsp;K+&nbsp;channel&nbsp;His&nbsp;kinase&nbsp;sensor&nbsp;domain,77.6
272123.Anacy_0001,dnaA,Chromosomal&nbsp;replication&nbsp;initiator&nbsp;protein&nbsp;DnaA,77.6
272123.Anacy_1944,Anacy_1944,PFAM:&nbsp;Proline&nbsp;dehydrogenase,77.5
272123.Anacy_3928,rpsQ,30S&nbsp;ribosomal&nbsp;protein&nbsp;S17,77.5
272123.Anacy_2541,Anacy_2541,PFAM:&nbsp;Carbohydrate&nbsp;phosphorylase,77.5
272123.Anacy_4672,Anacy_4672,PFAM:&nbsp;Glutamine&nbsp;amidotransferase&nbsp;class-I,77.5
272123.Anacy_2350,Anacy_2350,Mg-protoporphyrin&nbsp;IX&nbsp;chelatase,77.4
272123.Anacy_5321,Anacy_5321,Dihydrolipoyl&nbsp;dehydrogenase,77.4
272123.Anacy_2527,Anacy_2527,Integral&nbsp;membrane&nbsp;sensor&nbsp;signal&nbsp;transduction&nbsp;histidine&nbsp;kinase,77.4
272123.Anacy_5592,gatB,Aspartyl/glutamyl-tRNA(Asn/Gln)&nbsp;amidotransferase&nbsp;subunit&nbsp;B,77.4
272123.Anacy_0766,petA,Cytochrome&nbsp;f,77.3
272123.Anacy_0078,Anacy_0078,"TIGRFAM:&nbsp;ferredoxin&nbsp;III,&nbsp;nif-specific",77.3
272123.Anacy_2311,Anacy_2311,Glycogen&nbsp;debranching&nbsp;enzyme&nbsp;GlgX,77.2
272123.Anacy_0943,Anacy_0943,NADP-dependent&nbsp;oxidoreductase&nbsp;domain&nbsp;protein,77.1
272123.Anacy_0657,Anacy_0657,ATP-dependent&nbsp;DNA&nbsp;helicase&nbsp;RecQ,77.1
272123.Anacy_1218,dnaX,DNA&nbsp;polymerase&nbsp;III&nbsp;subunit&nbsp;gamma/tau,77.1
272123.Anacy_1688,Anacy_1688,PFAM:&nbsp;Periplasmic&nbsp;solute&nbsp;binding&nbsp;protein&nbsp;family,77.0
272123.Anacy_5195,Anacy_5195,PFAM:&nbsp;S1&nbsp;RNA&nbsp;binding&nbsp;domain,77.0
272123.Anacy_2583,Anacy_2583,Adenylate/guanylate&nbsp;cyclase&nbsp;with&nbsp;Chase&nbsp;sensor,77.0
272123.Anacy_0759,ureE,Urease&nbsp;accessory&nbsp;protein&nbsp;UreE,77.0
272123.Anacy_0234,Anacy_0234,PFAM:&nbsp;Response&nbsp;regulator&nbsp;receiver&nbsp;domain,77.0
272123.Anacy_5363,Anacy_5363,PFAM:&nbsp;Protein&nbsp;kinase&nbsp;domain,76.9
272123.Anacy_3742,Anacy_3742,"ABC-type&nbsp;transporter,&nbsp;integral&nbsp;membrane&nbsp;subunit",76.9
272123.Anacy_1577,Anacy_1577,PFAM:&nbsp;Alkaline&nbsp;phosphatase,76.9
272123.Anacy_4157,Anacy_4157,PFAM:&nbsp;Preprotein&nbsp;translocase&nbsp;SecG&nbsp;subunit,76.8
272123.Anacy_4784,ribH,"6,7-dimethyl-8-ribityllumazine&nbsp;synthase",76.8
272123.Anacy_4132,Anacy_4132,Site-specific&nbsp;DNA-methyltransferase&nbsp;(adenine-specific),76.6
272123.Anacy_4071,Anacy_4071,PFAM:&nbsp;Hemolysin-type&nbsp;calcium-binding&nbsp;repeat&nbsp;(2&nbsp;copies),76.6
272123.Anacy_1801,Anacy_1801,PFAM:&nbsp;HupF/HypC&nbsp;family,76.4
272123.Anacy_2275,murD,UDP-N-acetylmuramoylalanine--D-glutamate&nbsp;ligase,76.4
272123.Anacy_3798,glyA,Serine&nbsp;hydroxymethyltransferase,76.3
272123.Anacy_4923,Anacy_4923,Chorismate&nbsp;mutase&nbsp;AroH,76.3
272123.Anacy_5116,surE,5'-nucleotidase&nbsp;SurE,76.3
272123.Anacy_4125,Anacy_4125,PFAM:&nbsp;Response&nbsp;regulator&nbsp;receiver&nbsp;domain,76.2
272123.Anacy_5316,Anacy_5316,Xenobiotic-transporting&nbsp;ATPase,76.2
272123.Anacy_3227,Anacy_3227,Integral&nbsp;membrane&nbsp;sensor&nbsp;signal&nbsp;transduction&nbsp;histidine&nbsp;kinase,76.2
272123.Anacy_0487,Anacy_0487,"PFAM:&nbsp;NADH-Ubiquinone/plastoquinone&nbsp;(complex&nbsp;I),&nbsp;various&nbsp;chains",76.0
272123.Anacy_4706,Anacy_4706,PFAM:&nbsp;Glutamate/Leucine/Phenylalanine/Valine&nbsp;dehydrogenase,76.0
272123.Anacy_4629,Anacy_4629,PFAM:&nbsp;ThiS&nbsp;family,76.0
272123.Anacy_2300,rph,Ribonuclease&nbsp;PH,75.9
272123.Anacy_3199,Anacy_3199,Teichoic-acid-transporting&nbsp;ATPase,75.8
272123.Anacy_3342,Anacy_3342,CBS&nbsp;sensor&nbsp;hybrid&nbsp;histidine&nbsp;kinase,75.8
272123.Anacy_3932,rps8,30S&nbsp;ribosomal&nbsp;protein&nbsp;S8,75.7
272123.Anacy_5464,Anacy_5464,Benzoate-CoA&nbsp;ligase&nbsp;family,75.7
272123.Anacy_1902,Anacy_1902,PFAM:&nbsp;Phycobilisome&nbsp;Linker&nbsp;polypeptide,75.7
272123.Anacy_0390,Anacy_0390,PFAM:&nbsp;Response&nbsp;regulator&nbsp;receiver&nbsp;domain,75.7
272123.Anacy_3703,Anacy_3703,"TIGRFAM:&nbsp;phosphate/phosphite/phosphonate&nbsp;ABC&nbsp;transporters,&nbsp;periplasmic&nbsp;binding&nbsp;protein",75.6
272123.Anacy_0461,Anacy_0461,PFAM:&nbsp;ATP:corrinoid&nbsp;adenosyltransferase&nbsp;BtuR/CobO/CobP,75.5
272123.Anacy_5452,Anacy_5452,PFAM:&nbsp;Pyridoxal-dependent&nbsp;decarboxylase&nbsp;conserved&nbsp;domain,75.4
272123.Anacy_3927,rpmC,PFAM:&nbsp;Ribosomal&nbsp;L29&nbsp;protein,75.4
272123.Anacy_5317,Anacy_5317,PFAM:&nbsp;Pyridine&nbsp;nucleotide-disulphide&nbsp;oxidoreductase,75.4
272123.Anacy_2365,metK,S-adenosylmethionine&nbsp;synthase,75.4
272123.Anacy_1054,Anacy_1054,PFAM:&nbsp;CheW-like&nbsp;domain,75.4
272123.Anacy_3002,Anacy_3002,Diguanylate&nbsp;cyclase/phosphodiesterase&nbsp;with&nbsp;FHA&nbsp;and&nbsp;GAF&nbsp;sensor,75.2
272123.Anacy_2383,Anacy_2383,PFAM:&nbsp;Nucleotidyl&nbsp;transferase,75.2
272123.Anacy_0333,trpB,Tryptophan&nbsp;synthase&nbsp;beta&nbsp;chain,75.0
272123.Anacy_2292,Anacy_2292,COGs:&nbsp;COG1837&nbsp;RNA-binding&nbsp;protein&nbsp;(contains&nbsp;KH&nbsp;domain),75.0
272123.Anacy_2323,Anacy_2323,Adenylate/guanylate&nbsp;cyclase&nbsp;with&nbsp;Chase&nbsp;sensor,75.0
272123.Anacy_0462,uvrB,UvrABC&nbsp;system&nbsp;protein&nbsp;B,75.0
272123.Anacy_4260,Anacy_4260,PFAM:&nbsp;Periplasmic&nbsp;binding&nbsp;protein,75.0
272123.Anacy_5356,Anacy_5356,L-threonine&nbsp;synthase,75.0
272123.Anacy_5215,rpsR,30S&nbsp;ribosomal&nbsp;protein&nbsp;S18,75.0
272123.Anacy_5373,Anacy_5373,3-isopropylmalate&nbsp;dehydratase&nbsp;small&nbsp;subunit,74.9
272123.Anacy_3455,Anacy_3455,Polyamine-transporting&nbsp;ATPase,74.9
272123.Anacy_4404,Anacy_4404,MazG&nbsp;family&nbsp;protein,74.8
272123.Anacy_4823,Anacy_4823,Histidine&nbsp;kinase,74.8
272123.Anacy_2489,rps7,30S&nbsp;ribosomal&nbsp;protein&nbsp;S7,74.7
272123.Anacy_2576,Anacy_2576,PFAM:&nbsp;Polysaccharide&nbsp;biosynthesis/export&nbsp;protein,74.7
272123.Anacy_1256,Anacy_1256,InterPro&nbsp;IPR001450,74.6
272123.Anacy_4566,Anacy_4566,PFAM:&nbsp;GGDEF&nbsp;domain,74.6
272123.Anacy_4719,sbcD,Nuclease&nbsp;SbcCD&nbsp;subunit&nbsp;D,74.6
272123.Anacy_2032,Anacy_2032,Phycocyanin,74.6
272123.Anacy_0845,Anacy_0845,PFAM:&nbsp;GAF&nbsp;domain,74.5
272123.Anacy_2690,carB,"PFAM:&nbsp;Carbamoyl-phosphate&nbsp;synthase&nbsp;L&nbsp;chain,&nbsp;ATP&nbsp;binding&nbsp;domain",74.5
272123.Anacy_4505,Anacy_4505,"Cob(I)yrinic&nbsp;acid&nbsp;a,c-diamide&nbsp;adenosyltransferase",74.5
272123.Anacy_4251,Anacy_4251,NAD(P)-dependent&nbsp;nickel-iron&nbsp;dehydrogenase&nbsp;catalytic&nbsp;subunit,74.5
272123.Anacy_1089,Anacy_1089,Photosystem&nbsp;II&nbsp;protein&nbsp;D1,74.2
272123.Anacy_5495,Anacy_5495,Phosphate-binding&nbsp;protein,74.2
272123.Anacy_4062,Anacy_4062,Excinuclease&nbsp;ABC&nbsp;C&nbsp;subunit&nbsp;domain&nbsp;protein,74.2
272123.Anacy_5170,Anacy_5170,PFAM:&nbsp;D-Ala-D-Ala&nbsp;carboxypeptidase&nbsp;3&nbsp;(S13)&nbsp;family,74.2
272123.Anacy_1024,zwf,Glucose-6-phosphate&nbsp;1-dehydrogenase,74.2
272123.Anacy_2873,psbI,Photosystem&nbsp;II&nbsp;reaction&nbsp;center&nbsp;protein&nbsp;I,74.2
272123.Anacy_3317,glgC,Glucose-1-phosphate&nbsp;adenylyltransferase,74.1
272123.Anacy_4175,Anacy_4175,"PFAM:&nbsp;Histidine&nbsp;kinase-,&nbsp;DNA&nbsp;gyrase&nbsp;B-,&nbsp;and&nbsp;HSP90-like&nbsp;ATPase",74.1
272123.Anacy_3802,rps6,30S&nbsp;ribosomal&nbsp;protein&nbsp;S6,74.1
272123.Anacy_1056,Anacy_1056,CheA&nbsp;signal&nbsp;transduction&nbsp;histidine&nbsp;kinase,74.0
272123.Anacy_3796,Anacy_3796,CinA-like&nbsp;protein,74.0
272123.Anacy_4875,psbU,Photosystem&nbsp;II&nbsp;12&nbsp;kDa&nbsp;extrinsic&nbsp;protein,73.8
272123.Anacy_4876,Anacy_4876,L-aspartate&nbsp;oxidase,73.8
272123.Anacy_5553,groS,10&nbsp;kDa&nbsp;chaperonin,73.8
272123.Anacy_0693,Anacy_0693,"(P)ppGpp&nbsp;synthetase&nbsp;I,&nbsp;SpoT/RelA",73.7
272123.Anacy_1973,ndhC,NAD(P)H-quinone&nbsp;oxidoreductase&nbsp;subunit&nbsp;3,73.7
272123.Anacy_5139,Anacy_5139,COGs:&nbsp;COG2367&nbsp;Beta-lactamase&nbsp;class&nbsp;A,73.6
272123.Anacy_3948,rpmE,50S&nbsp;ribosomal&nbsp;protein&nbsp;L31,73.5
272123.Anacy_1896,Anacy_1896,"Phycocyanin,&nbsp;beta&nbsp;subunit",73.5
272123.Anacy_0663,Anacy_0663,Dihydrolipoamide&nbsp;acetyltransferase&nbsp;component&nbsp;of&nbsp;pyruvate&nbsp;dehydrogenase&nbsp;complex,73.3
272123.Anacy_1002,tatC,Sec-independent&nbsp;protein&nbsp;translocase&nbsp;protein&nbsp;TatC,73.3
272123.Anacy_0704,petD,Cytochrome&nbsp;b6-f&nbsp;complex&nbsp;subunit&nbsp;4,73.2
272123.Anacy_3145,Anacy_3145,Chromophore&nbsp;lyase&nbsp;CpcT/CpeT,73.2
272123.Anacy_4718,Anacy_4718,PFAM:&nbsp;CBS&nbsp;domain,73.2
272123.Anacy_0004,Anacy_0004,UDP-galactopyranose&nbsp;mutase,73.1
272123.Anacy_5142,Anacy_5142,PFAM:&nbsp;Precorrin-8X&nbsp;methylmutase,73.0
272123.Anacy_3181,Anacy_3181,Peptidoglycan&nbsp;glycosyltransferase,72.9
272123.Anacy_5241,Anacy_5241,Arachidonate&nbsp;15-lipoxygenase,72.9
272123.Anacy_1275,Anacy_1275,PAS/PAC&nbsp;sensor&nbsp;signal&nbsp;transduction&nbsp;histidine&nbsp;kinase,72.9
272123.Anacy_4949,Anacy_4949,"Two&nbsp;component&nbsp;transcriptional&nbsp;regulator,&nbsp;winged&nbsp;helix&nbsp;family",72.8
272123.Anacy_4174,Anacy_4174,"PFAM:&nbsp;Histidine&nbsp;kinase-,&nbsp;DNA&nbsp;gyrase&nbsp;B-,&nbsp;and&nbsp;HSP90-like&nbsp;ATPase",72.8
272123.Anacy_4873,uppP,Undecaprenyl-diphosphatase,72.8
272123.Anacy_3179,Anacy_3179,PFAM:&nbsp;Bacterial&nbsp;extracellular&nbsp;solute-binding&nbsp;protein,72.8
272123.Anacy_4033,Anacy_4033,NAD(P)H-quinone&nbsp;oxidoreductase&nbsp;chain&nbsp;4,72.8
272123.Anacy_0246,proS,Proline--tRNA&nbsp;ligase,72.8
272123.Anacy_1859,Anacy_1859,"Carbohydrate&nbsp;ABC&nbsp;transporter&nbsp;membrane&nbsp;protein&nbsp;1,&nbsp;CUT1&nbsp;family",72.7
272123.Anacy_4977,Anacy_4977,3-phytase,72.7
272123.Anacy_3169,Anacy_3169,Phosphonate&nbsp;C-P&nbsp;lyase&nbsp;system&nbsp;protein&nbsp;PhnK,72.6
272123.Anacy_5216,rpmG,PFAM:&nbsp;Ribosomal&nbsp;protein&nbsp;L33,72.6
272123.Anacy_3704,Anacy_3704,Integral&nbsp;membrane&nbsp;sensor&nbsp;signal&nbsp;transduction&nbsp;histidine&nbsp;kinase,72.6
272123.Anacy_3993,Anacy_3993,PFAM:&nbsp;PsaD,72.5
272123.Anacy_3301,Anacy_3301,Potassium-transporting&nbsp;ATPase&nbsp;KdpC&nbsp;subunit,72.5
272123.Anacy_5577,asd,Aspartate-semialdehyde&nbsp;dehydrogenase,72.5
272123.Anacy_3380,Anacy_3380,"PFAM:&nbsp;Protein&nbsp;of&nbsp;unknown&nbsp;function,&nbsp;DUF606",72.5
272123.Anacy_0501,Anacy_0501,Transaldolase,72.5
272123.Anacy_2665,Anacy_2665,Succinate&nbsp;dehydrogenase&nbsp;subunit&nbsp;A,72.5
272123.Anacy_4683,Anacy_4683,"ABC-type&nbsp;transporter,&nbsp;integral&nbsp;membrane&nbsp;subunit",72.4
272123.Anacy_2105,Anacy_2105,PFAM:&nbsp;4Fe-4S&nbsp;binding&nbsp;domain,72.3
272123.Anacy_2902,Anacy_2902,Aspartate&nbsp;transaminase,72.2
272123.Anacy_1848,leuB,3-isopropylmalate&nbsp;dehydrogenase,72.2
272123.Anacy_1897,Anacy_1897,"Phycocyanin,&nbsp;alpha&nbsp;subunit",72.0
272123.Anacy_0300,Anacy_0300,Protein&nbsp;PatA,72.0
272123.Anacy_1921,Anacy_1921,"PFAM:&nbsp;Histidine&nbsp;kinase-,&nbsp;DNA&nbsp;gyrase&nbsp;B-,&nbsp;and&nbsp;HSP90-like&nbsp;ATPase",72.0
272123.Anacy_0560,gmk,Guanylate&nbsp;kinase,72.0
272123.Anacy_1681,Anacy_1681,PFAM:&nbsp;ABC&nbsp;transporter,72.0
272123.Anacy_0048,Anacy_0048,PFAM:&nbsp;Bacterial&nbsp;Cytochrome&nbsp;Ubiquinol&nbsp;Oxidase,71.8
272123.Anacy_1839,upp,Uracil&nbsp;phosphoribosyltransferase,71.7
272123.Anacy_2678,ribBA,Riboflavin&nbsp;biosynthesis&nbsp;protein&nbsp;RibBA,71.7
272123.Anacy_2117,Anacy_2117,PFAM:&nbsp;Nitrogenase&nbsp;component&nbsp;1&nbsp;type&nbsp;Oxidoreductase,71.6
272123.Anacy_3238,Anacy_3238,PFAM:&nbsp;Response&nbsp;regulator&nbsp;receiver&nbsp;domain,71.5
272123.Anacy_3399,Anacy_3399,PFAM:&nbsp;Photosystem&nbsp;I&nbsp;psaG&nbsp;/&nbsp;psaK,71.5
272123.Anacy_5413,Anacy_5413,Cytochrome&nbsp;c&nbsp;oxidase&nbsp;subunit&nbsp;2,71.5
272123.Anacy_1913,Anacy_1913,D-alanine--D-alanine&nbsp;ligase,71.4
272123.Anacy_4405,Anacy_4405,PFAM:&nbsp;Ligand-gated&nbsp;ion&nbsp;channel,71.3
272123.Anacy_4763,Anacy_4763,KEGG:&nbsp;naz:Aazo_1541&nbsp;hypothetical&nbsp;protein,71.3
272123.Anacy_2978,Anacy_2978,PFAM:&nbsp;Z1&nbsp;domain,71.2
272123.Anacy_4330,Anacy_4330,Cyanophycin&nbsp;synthase&nbsp;(L-aspartate-adding),71.2
272123.Anacy_1804,Anacy_1804,Hydrogenase&nbsp;expression/formation&nbsp;protein&nbsp;HypE,71.2
272123.Anacy_0181,Anacy_0181,Integral&nbsp;membrane&nbsp;sensor&nbsp;hybrid&nbsp;histidine&nbsp;kinase,71.2
272123.Anacy_4975,Anacy_4975,"PFAM:&nbsp;5'-nucleotidase,&nbsp;C-terminal&nbsp;domain",71.1
272123.Anacy_2029,Anacy_2029,Uncharacterized&nbsp;protein,71.1
272123.Anacy_4078,Anacy_4078,PFAM:&nbsp;Periplasmic&nbsp;binding&nbsp;protein,71.0
272123.Anacy_3925,rps3,30S&nbsp;ribosomal&nbsp;protein&nbsp;S3,71.0
272123.Anacy_3446,Anacy_3446,Oxygen-dependent&nbsp;coproporphyrinogen-III&nbsp;oxidase,70.9
272123.Anacy_2891,Anacy_2891,PFAM:&nbsp;GAF&nbsp;domain,70.9
272123.Anacy_4933,Anacy_4933,Cysteine&nbsp;synthase,70.9
272123.Anacy_2045,ispD,2-C-methyl-D-erythritol&nbsp;4-phosphate&nbsp;cytidylyltransferase,70.8
272123.Anacy_3589,Anacy_3589,PFAM:&nbsp;Adenylate&nbsp;and&nbsp;Guanylate&nbsp;cyclase&nbsp;catalytic&nbsp;domain,70.7
272123.Anacy_1630,Anacy_1630,"Two&nbsp;component&nbsp;transcriptional&nbsp;regulator,&nbsp;winged&nbsp;helix&nbsp;family",70.7
272123.Anacy_0371,hisZ,ATP&nbsp;phosphoribosyltransferase&nbsp;regulatory&nbsp;subunit,70.6
272123.Anacy_4561,Anacy_4561,PFAM:&nbsp;Response&nbsp;regulator&nbsp;receiver&nbsp;domain,70.6
272123.Anacy_3523,Anacy_3523,Capsular&nbsp;exopolysaccharide&nbsp;family,70.6
272123.Anacy_1680,Anacy_1680,Iron-regulated&nbsp;ABC&nbsp;transporter&nbsp;membrane&nbsp;component&nbsp;SufB,70.5
272123.Anacy_5291,Anacy_5291,Uroporphyrin-III&nbsp;C-methyltransferase,70.5
272123.Anacy_1794,Anacy_1794,Cytochrome-c3&nbsp;hydrogenase,70.4
272123.Anacy_2258,Anacy_2258,PFAM:&nbsp;NADH:flavin&nbsp;oxidoreductase&nbsp;/&nbsp;NADH&nbsp;oxidase&nbsp;family,70.4
272123.Anacy_5134,Anacy_5134,"Multi-component&nbsp;transcriptional&nbsp;regulator,&nbsp;winged&nbsp;helix&nbsp;family",70.4
272123.Anacy_3143,Anacy_3143,Phosphate&nbsp;transport&nbsp;system&nbsp;permease&nbsp;protein,70.4
272123.Anacy_2971,acsA,Acetyl-coenzyme&nbsp;A&nbsp;synthetase,70.3
272123.Anacy_3639,Anacy_3639,Uncharacterized&nbsp;protein,70.3
272123.Anacy_3966,fabZ,3-hydroxyacyl-[acyl-carrier-protein]&nbsp;dehydratase&nbsp;FabZ,70.3
272123.Anacy_0482,Anacy_0482,Carbonate&nbsp;dehydratase,70.3
272123.Anacy_4151,pyrB,"PFAM:&nbsp;Aspartate/ornithine&nbsp;carbamoyltransferase,&nbsp;carbamoyl-P&nbsp;binding&nbsp;domain",70.3
272123.Anacy_1672,nadE,Glutamine-dependent&nbsp;NAD(+)&nbsp;synthetase,70.2
272123.Anacy_5417,Anacy_5417,"TIGRFAM:&nbsp;DNA&nbsp;polymerase&nbsp;III,&nbsp;delta'&nbsp;subunit",70.1
272123.Anacy_0266,thiL,Thiamine-monophosphate&nbsp;kinase,70.1
272123.Anacy_0799,Anacy_0799,PFAM:&nbsp;Translation&nbsp;initiation&nbsp;factor&nbsp;SUI1,70.1
272123.Anacy_1819,rpmA,PFAM:&nbsp;Ribosomal&nbsp;L27&nbsp;protein,70.1
272123.Anacy_2685,Anacy_2685,Phosphonates&nbsp;import&nbsp;ATP-binding&nbsp;protein&nbsp;PhnC,70.1
272123.Anacy_1860,Anacy_1860,"Carbohydrate&nbsp;ABC&nbsp;transporter&nbsp;membrane&nbsp;protein&nbsp;2,&nbsp;CUT1&nbsp;family",70.0
272123.Anacy_3182,Anacy_3182,PFAM:&nbsp;D-alanyl-D-alanine&nbsp;carboxypeptidase,70.0
272123.Anacy_4381,Anacy_4381,"Penicillin-binding&nbsp;protein,&nbsp;1A&nbsp;family",70.0
272123.Anacy_3882,Anacy_3882,PFAM:&nbsp;Response&nbsp;regulator&nbsp;receiver&nbsp;domain,70.0
272123.Anacy_5072,aroC,Chorismate&nbsp;synthase,69.9
272123.Anacy_4369,psaB,Photosystem&nbsp;I&nbsp;P700&nbsp;chlorophyll&nbsp;a&nbsp;apoprotein&nbsp;A2,69.9
272123.Anacy_3022,mutS,DNA&nbsp;mismatch&nbsp;repair&nbsp;protein&nbsp;MutS,69.8
272123.Anacy_4171,Anacy_4171,3-oxoacyl-[acyl-carrier-protein]&nbsp;synthase&nbsp;2,69.8
272123.Anacy_4332,Anacy_4332,PFAM:&nbsp;4'-phosphopantetheinyl&nbsp;transferase&nbsp;superfamily,69.8
272123.Anacy_1457,pyrG,CTP&nbsp;synthase,69.7
272123.Anacy_3588,Anacy_3588,Succinate-semialdehyde&nbsp;dehydrogenase&nbsp;(NAD(P)(+)),69.7
272123.Anacy_4782,Anacy_4782,Gamma-glutamyl&nbsp;phosphate&nbsp;reductase,69.6
272123.Anacy_0892,ndhH,NAD(P)H-quinone&nbsp;oxidoreductase&nbsp;subunit&nbsp;H,69.6
272123.Anacy_2676,eno,Enolase,69.4
272123.Anacy_2783,Anacy_2783,"Phosphate&nbsp;ABC&nbsp;transporter&nbsp;substrate-binding&nbsp;protein,&nbsp;PhoT&nbsp;family",69.4
272123.Anacy_4122,Anacy_4122,Multi-sensor&nbsp;signal&nbsp;transduction&nbsp;histidine&nbsp;kinase,69.3
272123.Anacy_2677,argC,N-acetyl-gamma-glutamyl-phosphate&nbsp;reductase,69.2
272123.Anacy_4203,Anacy_4203,PFAM:&nbsp;Response&nbsp;regulator&nbsp;receiver&nbsp;domain,69.2
272123.Anacy_1806,Anacy_1806,Hydrogenase&nbsp;accessory&nbsp;protein&nbsp;HypB,69.2
272123.Anacy_3460,Anacy_3460,Cysteine&nbsp;synthase,69.1
272123.Anacy_5059,rpmI,PFAM:&nbsp;Ribosomal&nbsp;protein&nbsp;L35,69.1
272123.Anacy_3935,rps5,30S&nbsp;ribosomal&nbsp;protein&nbsp;S5,69.1
272123.Anacy_5572,Anacy_5572,PFAM:&nbsp;Aldehyde&nbsp;dehydrogenase&nbsp;family,69.0
272123.Anacy_5064,Anacy_5064,PFAM:&nbsp;GAF&nbsp;domain,69.0
272123.Anacy_2034,Anacy_2034,"Two&nbsp;component&nbsp;transcriptional&nbsp;regulator,&nbsp;winged&nbsp;helix&nbsp;family",69.0
272123.Anacy_0750,Anacy_0750,KEGG:&nbsp;sli:Slin_2640&nbsp;hypothetical&nbsp;protein,69.0
272123.Anacy_2087,Anacy_2087,Uncharacterized&nbsp;protein,68.9
272123.Anacy_4641,Anacy_4641,Small&nbsp;GTP-binding&nbsp;protein,68.9
272123.Anacy_4869,Anacy_4869,PFAM:&nbsp;EAL&nbsp;domain,68.9
272123.Anacy_5465,Anacy_5465,Anthranilate&nbsp;synthase,68.9
272123.Anacy_3694,Anacy_3694,PFAM:&nbsp;Response&nbsp;regulator&nbsp;receiver&nbsp;domain,68.8
272123.Anacy_3546,Anacy_3546,PFAM:&nbsp;DRTGG&nbsp;domain,68.8
272123.Anacy_0666,psaK,PFAM:&nbsp;Photosystem&nbsp;I&nbsp;psaG&nbsp;/&nbsp;psaK,68.7
272123.Anacy_5108,leuA,2-isopropylmalate&nbsp;synthase,68.7
272123.Anacy_2071,Anacy_2071,PFAM:&nbsp;Amidase,68.7
272123.Anacy_0873,Anacy_0873,Protein&nbsp;serine/threonine&nbsp;phosphatase,68.7
272123.Anacy_3902,purQ,Phosphoribosylformylglycinamidine&nbsp;synthase&nbsp;subunit&nbsp;PurQ,68.7
272123.Anacy_2593,rpoC1,DNA-directed&nbsp;RNA&nbsp;polymerase&nbsp;subunit&nbsp;gamma,68.6
272123.Anacy_1873,Anacy_1873,"PFAM:&nbsp;Histidine&nbsp;kinase-,&nbsp;DNA&nbsp;gyrase&nbsp;B-,&nbsp;and&nbsp;HSP90-like&nbsp;ATPase",68.5
272123.Anacy_4594,Anacy_4594,PFAM:&nbsp;OstA-like&nbsp;protein,68.5
272123.Anacy_5057,Anacy_5057,"PFAM:&nbsp;Bacterial&nbsp;extracellular&nbsp;solute-binding&nbsp;proteins,&nbsp;family&nbsp;3",68.5
272123.Anacy_4592,Anacy_4592,PFAM:&nbsp;Predicted&nbsp;permease&nbsp;YjgP/YjgQ&nbsp;family,68.4
272123.Anacy_5065,menG,"2-phytyl-1,4-naphtoquinone&nbsp;methyltransferase",68.4
272123.Anacy_1715,Anacy_1715,5-oxoprolinase&nbsp;(ATP-hydrolyzing),68.4
272123.Anacy_5527,hisC,PFAM:&nbsp;Aminotransferase&nbsp;class&nbsp;I&nbsp;and&nbsp;II,68.4
272123.Anacy_5268,pgk,PFAM:&nbsp;Phosphoglycerate&nbsp;kinase,68.4
272123.Anacy_0523,ruvB,Holliday&nbsp;junction&nbsp;ATP-dependent&nbsp;DNA&nbsp;helicase&nbsp;RuvB,68.4
272123.Anacy_0883,Anacy_0883,Polyamine-transporting&nbsp;ATPase,68.3
272123.Anacy_2501,Anacy_2501,PFAM:&nbsp;Alg9-like&nbsp;mannosyltransferase&nbsp;family,68.3
272123.Anacy_0264,Anacy_0264,Probable&nbsp;nicotinate-nucleotide&nbsp;adenylyltransferase,68.3
272123.Anacy_0067,Anacy_0067,PFAM:&nbsp;Bacterial&nbsp;extracellular&nbsp;solute-binding&nbsp;protein,68.3
272123.Anacy_3144,Anacy_3144,"Phosphate&nbsp;ABC&nbsp;transporter&nbsp;substrate-binding&nbsp;protein,&nbsp;PhoT&nbsp;family",68.2
272123.Anacy_3866,Anacy_3866,Cysteine&nbsp;synthase,68.2
272123.Anacy_3969,purC,PFAM:&nbsp;SAICAR&nbsp;synthetase,68.2
272123.Anacy_0232,Anacy_0232,PFAM:&nbsp;Heme&nbsp;oxygenase,68.2
272123.Anacy_3160,Anacy_3160,Phosphonates&nbsp;import&nbsp;ATP-binding&nbsp;protein&nbsp;PhnC,68.2
272123.Anacy_1463,Anacy_1463,S-formylglutathione&nbsp;hydrolase,68.2
272123.Anacy_0709,Anacy_0709,Pullulanase,68.1
272123.Anacy_3128,Anacy_3128,PFAM:&nbsp;Adenylate&nbsp;and&nbsp;Guanylate&nbsp;cyclase&nbsp;catalytic&nbsp;domain,68.0
272123.Anacy_5006,Anacy_5006,Lipopolysaccharide&nbsp;biosynthesis&nbsp;protein,68.0
272123.Anacy_4357,Anacy_4357,Uncharacterized&nbsp;protein,67.9
272123.Anacy_3563,Anacy_3563,Multi-sensor&nbsp;signal&nbsp;transduction&nbsp;histidine&nbsp;kinase,67.8
272123.Anacy_2889,Anacy_2889,Cysteine&nbsp;synthase,67.8
272123.Anacy_1814,Anacy_1814,PFAM:&nbsp;Lumazine&nbsp;binding&nbsp;domain,67.7
272123.Anacy_1471,Anacy_1471,PFAM:&nbsp;Dienelactone&nbsp;hydrolase&nbsp;family,67.7
272123.Anacy_4820,Anacy_4820,Lipoyl&nbsp;synthase,67.7
272123.Anacy_3560,pyrR,Bifunctional&nbsp;protein&nbsp;PyrR,67.6
272123.Anacy_4368,psaA,Photosystem&nbsp;I&nbsp;P700&nbsp;chlorophyll&nbsp;a&nbsp;apoprotein&nbsp;A1,67.5
272123.Anacy_4383,Anacy_4383,PFAM:&nbsp;NUDIX&nbsp;domain,67.5
272123.Anacy_5198,rpmF,PFAM:&nbsp;Ribosomal&nbsp;L32p&nbsp;protein&nbsp;family,67.4
272123.Anacy_1050,Anacy_1050,PFAM:&nbsp;ACT&nbsp;domain,67.3
272123.Anacy_5183,Anacy_5183,PFAM:&nbsp;Acyl&nbsp;transferase&nbsp;domain,67.3
272123.Anacy_3723,Anacy_3723,Proline&nbsp;iminopeptidase,67.1
272123.Anacy_4526,Anacy_4526,"PFAM:&nbsp;NADH-Ubiquinone/plastoquinone&nbsp;(complex&nbsp;I),&nbsp;various&nbsp;chains",67.1
272123.Anacy_5537,Anacy_5537,Beta-aspartyl-peptidase,67.1
272123.Anacy_0233,Anacy_0233,Histidine&nbsp;kinase,67.1
272123.Anacy_4574,Anacy_4574,Metal&nbsp;dependent&nbsp;phosphohydrolase,67.1
272123.Anacy_5143,Anacy_5143,Precorrin-2&nbsp;C20-methyltransferase,67.0
272123.Anacy_3489,Anacy_3489,Farnesyl-diphosphate&nbsp;farnesyltransferase,67.0
272123.Anacy_4512,Anacy_4512,dITP/XTP&nbsp;pyrophosphatase,67.0
272123.Anacy_4366,Anacy_4366,PFAM:&nbsp;Glutaminase,66.9
272123.Anacy_5167,Anacy_5167,PFAM:&nbsp;IMP&nbsp;dehydrogenase&nbsp;/&nbsp;GMP&nbsp;reductase&nbsp;domain,66.9
272123.Anacy_2372,Anacy_2372,PFAM:&nbsp;PhoD-like&nbsp;phosphatase,66.8
272123.Anacy_0041,Anacy_0041,PFAM:&nbsp;Periplasmic&nbsp;solute&nbsp;binding&nbsp;protein&nbsp;family,66.8
272123.Anacy_3166,Anacy_3166,PFAM:&nbsp;Bacterial&nbsp;phosphonate&nbsp;metabolism&nbsp;protein&nbsp;(PhnI),66.7
272123.Anacy_5096,Anacy_5096,PFAM:&nbsp;Aconitate&nbsp;B&nbsp;N-terminal&nbsp;domain,66.7
272123.Anacy_0221,Anacy_0221,PFAM:&nbsp;Respiratory-chain&nbsp;NADH&nbsp;dehydrogenase&nbsp;24&nbsp;Kd&nbsp;subunit,66.7
272123.Anacy_1159,Anacy_1159,Alpha/beta&nbsp;hydrolase&nbsp;fold&nbsp;protein,66.7
272123.Anacy_2790,polA,DNA&nbsp;polymerase&nbsp;I,66.7
272123.Anacy_3554,Anacy_3554,Glycosyl&nbsp;transferase&nbsp;family&nbsp;39,66.6
272123.Anacy_1260,Anacy_1260,Threo-3-hydroxyaspartate&nbsp;ammonia-lyase,66.5
272123.Anacy_4048,Anacy_4048,Anti-sigma&nbsp;factor&nbsp;antagonist,66.5
272123.Anacy_0372,Anacy_0372,InterPro&nbsp;IPR001450,66.5
272123.Anacy_0537,Anacy_0537,PFAM:&nbsp;Delta-aminolevulinic&nbsp;acid&nbsp;dehydratase,66.5
272123.Anacy_5221,Anacy_5221,PFAM:&nbsp;Probable&nbsp;molybdopterin&nbsp;binding&nbsp;domain,66.3
272123.Anacy_3696,proB,Glutamate&nbsp;5-kinase,66.3
272123.Anacy_1150,Anacy_1150,3-oxoacyl-(Acyl-carrier-protein)&nbsp;reductase,66.2
272123.Anacy_5263,ilvA,L-threonine&nbsp;dehydratase,66.2
272123.Anacy_2615,rplJ,50S&nbsp;ribosomal&nbsp;protein&nbsp;L10,66.2
272123.Anacy_3339,kaiC,Circadian&nbsp;clock&nbsp;protein&nbsp;kinase&nbsp;KaiC,66.2
272123.Anacy_0789,Anacy_0789,Pyruvate-flavodoxin&nbsp;oxidoreductase,66.2
272123.Anacy_3193,glmS,Glutamine--fructose-6-phosphate&nbsp;aminotransferase&nbsp;[isomerizing],66.1
272123.Anacy_0822,ruvC,Crossover&nbsp;junction&nbsp;endodeoxyribonuclease&nbsp;RuvC,66.1
272123.Anacy_0937,Anacy_0937,Site-determining&nbsp;protein,66.0
272123.Anacy_3923,rpsS,30S&nbsp;ribosomal&nbsp;protein&nbsp;S19,66.0
272123.Anacy_1568,Anacy_1568,PFAM:&nbsp;HAMP&nbsp;domain,66.0
272123.Anacy_5135,Anacy_5135,PFAM:&nbsp;Response&nbsp;regulator&nbsp;receiver&nbsp;domain,66.0
272123.Anacy_1271,ssuD,Alkanesulfonate&nbsp;monooxygenase,66.0
272123.Anacy_2467,Anacy_2467,"Two&nbsp;component&nbsp;transcriptional&nbsp;regulator,&nbsp;winged&nbsp;helix&nbsp;family",65.9
272123.Anacy_1551,Anacy_1551,PFAM:&nbsp;Thioredoxin,65.9
272123.Anacy_3192,psaC,Photosystem&nbsp;I&nbsp;iron-sulfur&nbsp;center,65.9
272123.Anacy_5583,mutS2,Endonuclease&nbsp;MutS2,65.8
272123.Anacy_1894,Anacy_1894,PFAM:&nbsp;Response&nbsp;regulator&nbsp;receiver&nbsp;domain,65.8
272123.Anacy_1982,psbE,Cytochrome&nbsp;b559&nbsp;subunit&nbsp;alpha,65.7
272123.Anacy_2999,Anacy_2999,"Polar&nbsp;amino&nbsp;acid&nbsp;ABC&nbsp;transporter,&nbsp;inner&nbsp;membrane&nbsp;subunit",65.7
272123.Anacy_3180,potA,Spermidine/putrescine&nbsp;import&nbsp;ATP-binding&nbsp;protein&nbsp;PotA,65.6
272123.Anacy_2649,Anacy_2649,Cyanophycin&nbsp;synthetase,65.5
272123.Anacy_0486,Anacy_0486,"NAD(P)H&nbsp;dehydrogenase,&nbsp;subunit&nbsp;NdhF3&nbsp;family",65.5
272123.Anacy_1579,Anacy_1579,Molybdenum&nbsp;cofactor&nbsp;biosynthesis&nbsp;protein&nbsp;B,65.5
272123.Anacy_5461,Anacy_5461,6-deoxyerythronolide-B&nbsp;synthase,65.4
272123.Anacy_4558,Anacy_4558,"ABC-type&nbsp;transporter,&nbsp;integral&nbsp;membrane&nbsp;subunit",65.4
272123.Anacy_4979,Anacy_4979,PFAM:&nbsp;Alkaline&nbsp;phosphatase,65.4
272123.Anacy_4201,Anacy_4201,Multi-sensor&nbsp;signal&nbsp;transduction&nbsp;histidine&nbsp;kinase,65.4
272123.Anacy_1841,Anacy_1841,Beta-lactamase,65.2
272123.Anacy_3647,Anacy_3647,PFAM:&nbsp;GAF&nbsp;domain,65.2
272123.Anacy_4581,Anacy_4581,Cyanophycin&nbsp;synthase&nbsp;(L-aspartate-adding),65.1
272123.Anacy_1717,Anacy_1717,5-oxoprolinase&nbsp;(ATP-hydrolyzing),65.1
272123.Anacy_0761,ureG,Urease&nbsp;accessory&nbsp;protein&nbsp;UreG,65.1
272123.Anacy_0349,pheT,Phenylalanine--tRNA&nbsp;ligase&nbsp;beta&nbsp;subunit,65.1
272123.Anacy_1802,Anacy_1802,PFAM:&nbsp;Hydrogenase&nbsp;formation&nbsp;hypA&nbsp;family,65.1
272123.Anacy_3347,Anacy_3347,PFAM:&nbsp;Response&nbsp;regulator&nbsp;receiver&nbsp;domain,65.0
272123.Anacy_4044,Anacy_4044,PFAM:&nbsp;L-asparaginase&nbsp;II,65.0
272123.Anacy_2107,Anacy_2107,Nitrogen&nbsp;fixation&nbsp;protein&nbsp;NifU,65.0
272123.Anacy_5431,Anacy_5431,Multi-sensor&nbsp;signal&nbsp;transduction&nbsp;multi-kinase,64.9
272123.Anacy_1935,Anacy_1935,PFAM:&nbsp;Glycosyl&nbsp;hydrolase&nbsp;family&nbsp;1,64.9
272123.Anacy_1052,Anacy_1052,NADPH:quinone&nbsp;reductase,64.9
272123.Anacy_4173,Anacy_4173,PFAM:&nbsp;GAF&nbsp;domain,64.8
272123.Anacy_2551,Anacy_2551,Multi-sensor&nbsp;signal&nbsp;transduction&nbsp;histidine&nbsp;kinase,64.8
272123.Anacy_2326,Anacy_2326,KEGG:&nbsp;naz:Aazo_4775&nbsp;hypothetical&nbsp;protein,64.8
272123.Anacy_1831,Anacy_1831,PFAM:&nbsp;Ferrochelatase,64.6
272123.Anacy_2686,Anacy_2686,PFAM:&nbsp;Binding-protein-dependent&nbsp;transport&nbsp;system&nbsp;inner&nbsp;membrane&nbsp;component,64.6
272123.Anacy_1042,Anacy_1042,PFAM:&nbsp;Photosystem&nbsp;II&nbsp;protein,64.5
272123.Anacy_2481,Anacy_2481,"Ribonuclease,&nbsp;Rne/Rng&nbsp;family",64.5
272123.Anacy_3381,Anacy_3381,"PFAM:&nbsp;Protein&nbsp;of&nbsp;unknown&nbsp;function,&nbsp;DUF606",64.4
272123.Anacy_2965,Anacy_2965,PFAM:&nbsp;PKD&nbsp;domain,64.4
272123.Anacy_2283,Anacy_2283,Xenobiotic-transporting&nbsp;ATPase,64.3
272123.Anacy_4910,Anacy_4910,Teichoic-acid-transporting&nbsp;ATPase,64.3
272123.Anacy_1877,Anacy_1877,PFAM:&nbsp;Surface&nbsp;antigen&nbsp;variable&nbsp;number&nbsp;repeat,64.2
272123.Anacy_0434,Anacy_0434,Potassium-transporting&nbsp;ATPase&nbsp;potassium-binding&nbsp;subunit,64.2
272123.Anacy_0630,Anacy_0630,PFAM:&nbsp;short&nbsp;chain&nbsp;dehydrogenase,64.0
272123.Anacy_2837,Anacy_2837,PFAM:&nbsp;EAL&nbsp;domain,64.0
272123.Anacy_2958,cugP,UTP--glucose-1-phosphate&nbsp;uridylyltransferase,64.0
272123.Anacy_1272,Anacy_1272,PFAM:&nbsp;NADPH-dependent&nbsp;FMN&nbsp;reductase,63.8
272123.Anacy_4818,ndhB,NAD(P)H-quinone&nbsp;oxidoreductase&nbsp;subunit&nbsp;2,63.7
272123.Anacy_1086,Anacy_1086,"Two&nbsp;component&nbsp;transcriptional&nbsp;regulator,&nbsp;winged&nbsp;helix&nbsp;family",63.7
272123.Anacy_1473,glk,PFAM:&nbsp;Glucokinase,63.7
272123.Anacy_1585,psaE,Photosystem&nbsp;I&nbsp;reaction&nbsp;center&nbsp;subunit&nbsp;IV,63.6
272123.Anacy_0094,Anacy_0094,PFAM:&nbsp;Single-strand&nbsp;binding&nbsp;protein&nbsp;family,63.5
272123.Anacy_3085,Anacy_3085,DSH&nbsp;domain&nbsp;protein,63.5
272123.Anacy_3362,ychF,Ribosome-binding&nbsp;ATPase&nbsp;YchF,63.4
272123.Anacy_1149,Anacy_1149,PFAM:&nbsp;Enoyl-CoA&nbsp;hydratase/isomerase&nbsp;family,63.4
272123.Anacy_3177,Anacy_3177,"ABC-type&nbsp;transporter,&nbsp;integral&nbsp;membrane&nbsp;subunit",63.4
272123.Anacy_1022,fbp,"Fructose-1,6-bisphosphatase&nbsp;class&nbsp;1",63.4
272123.Anacy_1290,Anacy_1290,Acetolactate&nbsp;synthase,63.4
272123.Anacy_2329,Anacy_2329,PFAM:&nbsp;Penicillin-Binding&nbsp;Protein&nbsp;C-terminus&nbsp;Family,63.4
272123.Anacy_2415,Anacy_2415,Sec-independent&nbsp;protein&nbsp;translocase&nbsp;protein&nbsp;TatA,63.3
272123.Anacy_3024,Anacy_3024,Amino&nbsp;acid&nbsp;adenylation&nbsp;domain&nbsp;protein,63.3
272123.Anacy_0335,Anacy_0335,COGs:&nbsp;COG0644&nbsp;Dehydrogenase&nbsp;(flavoprotein),63.3
272123.Anacy_4564,Anacy_4564,Multi-sensor&nbsp;signal&nbsp;transduction&nbsp;histidine&nbsp;kinase,63.3
272123.Anacy_4795,Anacy_4795,3-deoxy-D-arabinoheptulosonate-7-phosphate&nbsp;synthase,63.3
272123.Anacy_5473,Anacy_5473,KEGG:&nbsp;cyt:cce_2537&nbsp;hypothetical&nbsp;protein,63.2
272123.Anacy_3413,leuS,Leucine--tRNA&nbsp;ligase,63.2
272123.Anacy_1306,Anacy_1306,3-oxoacyl-[acyl-carrier-protein]&nbsp;synthase&nbsp;2,63.2
272123.Anacy_4110,Anacy_4110,WD-40&nbsp;repeat-containing&nbsp;protein,63.1
272123.Anacy_4169,Anacy_4169,Succinate&nbsp;dehydrogenase&nbsp;subunit&nbsp;C,63.1
272123.Anacy_1111,nadA,Quinolinate&nbsp;synthase&nbsp;A,62.9
272123.Anacy_1953,murF,UDP-N-acetylmuramoyl-tripeptide--D-alanyl-D-alanine&nbsp;ligase,62.9
272123.Anacy_1746,Anacy_1746,ATP&nbsp;synthase&nbsp;gamma&nbsp;chain,62.9
272123.Anacy_2417,Anacy_2417,PFAM:&nbsp;Ribosomal&nbsp;protein&nbsp;S21,62.9
272123.Anacy_2614,rplL,50S&nbsp;ribosomal&nbsp;protein&nbsp;L7/L12,62.8
272123.Anacy_3105,Anacy_3105,"PFAM:&nbsp;Glutathione&nbsp;S-transferase,&nbsp;N-terminal&nbsp;domain",62.6
272123.Anacy_5168,Anacy_5168,PFAM:&nbsp;Thioredoxin,62.6
272123.Anacy_4983,Anacy_4983,Iron-chelate-transporting&nbsp;ATPase,62.6
272123.Anacy_1929,Anacy_1929,"PFAM:&nbsp;Galactose-1-phosphate&nbsp;uridyl&nbsp;transferase,&nbsp;C-terminal&nbsp;domain",62.5
272123.Anacy_1419,Anacy_1419,Pyruvate&nbsp;dehydrogenase&nbsp;(Acetyl-transferring),62.5
272123.Anacy_4661,Anacy_4661,Mg-protoporphyrin&nbsp;IX&nbsp;chelatase,62.5
272123.Anacy_1055,Anacy_1055,PFAM:&nbsp;Methyl-accepting&nbsp;chemotaxis&nbsp;protein&nbsp;(MCP)&nbsp;signaling&nbsp;domain,62.5
272123.Anacy_0305,Anacy_0305,"Allophycocyanin,&nbsp;beta&nbsp;subunit",62.3
272123.Anacy_1739,Anacy_1739,Uncharacterized&nbsp;protein,62.3
272123.Anacy_0827,Anacy_0827,PFAM:&nbsp;CoA&nbsp;binding&nbsp;domain,62.3
272123.Anacy_4761,Anacy_4761,"GDP-mannose&nbsp;4,6-dehydratase",62.2
272123.Anacy_5359,Anacy_5359,ATP-dependent&nbsp;Clp&nbsp;protease&nbsp;proteolytic&nbsp;subunit,62.2
272123.Anacy_3791,Anacy_3791,Teichoic-acid-transporting&nbsp;ATPase,62.2
272123.Anacy_4926,Anacy_4926,Uncharacterized&nbsp;protein,62.1
272123.Anacy_2062,Anacy_2062,"Carbohydrate&nbsp;ABC&nbsp;transporter&nbsp;substrate-binding&nbsp;protein,&nbsp;CUT1&nbsp;family",62.1
272123.Anacy_5449,Anacy_5449,PFAM:&nbsp;Periplasmic&nbsp;binding&nbsp;protein,61.9
272123.Anacy_1366,Anacy_1366,PFAM:&nbsp;NADH:flavin&nbsp;oxidoreductase&nbsp;/&nbsp;NADH&nbsp;oxidase&nbsp;family,61.9
272123.Anacy_0912,Anacy_0912,2-isopropylmalate&nbsp;synthase,61.9
272123.Anacy_3695,Anacy_3695,Multi-sensor&nbsp;signal&nbsp;transduction&nbsp;histidine&nbsp;kinase,61.9
272123.Anacy_2925,Anacy_2925,"ABC-type&nbsp;transporter,&nbsp;integral&nbsp;membrane&nbsp;subunit",61.9
272123.Anacy_1384,Anacy_1384,PFAM:&nbsp;His&nbsp;Kinase&nbsp;A&nbsp;(phosphoacceptor)&nbsp;domain,61.8
272123.Anacy_1529,rpsN,30S&nbsp;ribosomal&nbsp;protein&nbsp;S14,61.8
272123.Anacy_4916,Anacy_4916,"PFAM:&nbsp;Pyruvate&nbsp;kinase,&nbsp;barrel&nbsp;domain",61.6
272123.Anacy_5152,Anacy_5152,"Carbohydrate&nbsp;ABC&nbsp;transporter&nbsp;substrate-binding&nbsp;protein,&nbsp;CUT1&nbsp;family",61.5
272123.Anacy_3947,rps9,PFAM:&nbsp;Ribosomal&nbsp;protein&nbsp;S9/S16,61.4
272123.Anacy_1590,Anacy_1590,"Carbohydrate&nbsp;ABC&nbsp;transporter&nbsp;membrane&nbsp;protein&nbsp;2,&nbsp;CUT1&nbsp;family",61.3
272123.Anacy_5355,Anacy_5355,Molybdopterin&nbsp;synthase&nbsp;subunit&nbsp;MoaD,61.3
272123.Anacy_2052,Anacy_2052,Mercury(II)&nbsp;reductase,61.3
272123.Anacy_3931,rpl5,50S&nbsp;ribosomal&nbsp;protein&nbsp;L5,61.2
272123.Anacy_5616,Anacy_5616,Diguanylate&nbsp;cyclase&nbsp;with&nbsp;PAS/PAC&nbsp;sensor,61.2
272123.Anacy_3329,Anacy_3329,Excinuclease&nbsp;ABC&nbsp;C&nbsp;subunit&nbsp;domain&nbsp;protein,61.2
272123.Anacy_2996,Anacy_2996,"Multisubunit&nbsp;sodium/proton&nbsp;antiporter,&nbsp;MrpD&nbsp;subunit",61.2
272123.Anacy_4031,thrB,Homoserine&nbsp;kinase,61.1
272123.Anacy_3393,Anacy_3393,PFAM:&nbsp;GTP&nbsp;cyclohydrolase&nbsp;I,61.1
272123.Anacy_3530,glyQ,PFAM:&nbsp;Glycyl-tRNA&nbsp;synthetase&nbsp;alpha&nbsp;subunit,61.0
272123.Anacy_1061,Anacy_1061,"PFAM:&nbsp;Transketolase,&nbsp;thiamine&nbsp;diphosphate&nbsp;binding&nbsp;domain",60.9
272123.Anacy_0575,Anacy_0575,PFAM:&nbsp;rod&nbsp;shape-determining&nbsp;protein&nbsp;MreC,60.9
272123.Anacy_0773,gcvH,Glycine&nbsp;cleavage&nbsp;system&nbsp;H&nbsp;protein,60.9
272123.Anacy_3452,nifH,Nitrogenase&nbsp;iron&nbsp;protein,60.8
272123.Anacy_3561,Anacy_3561,"PFAM:&nbsp;Histidine&nbsp;kinase-,&nbsp;DNA&nbsp;gyrase&nbsp;B-,&nbsp;and&nbsp;HSP90-like&nbsp;ATPase",60.8
272123.Anacy_3908,recO,DNA&nbsp;repair&nbsp;protein&nbsp;RecO,60.8
272123.Anacy_3831,Anacy_3831,PFAM:&nbsp;Response&nbsp;regulator&nbsp;receiver&nbsp;domain,60.8
272123.Anacy_1299,Anacy_1299,"Long-chain-fatty-acid--(Acyl-carrier-protein)&nbsp;ligase,&nbsp;6-deoxyerythronolide-B&nbsp;synthase",60.7
272123.Anacy_0638,gcvP,Glycine&nbsp;dehydrogenase&nbsp;(decarboxylating),60.6
272123.Anacy_5539,Anacy_5539,PFAM:&nbsp;GAF&nbsp;domain,60.6
272123.Anacy_5244,Anacy_5244,Glycogen&nbsp;synthase,60.6
272123.Anacy_3565,Anacy_3565,PFAM:&nbsp;MoaE&nbsp;protein,60.5
272123.Anacy_2414,psbH,Photosystem&nbsp;II&nbsp;reaction&nbsp;center&nbsp;protein&nbsp;H,60.5
272123.Anacy_5294,Anacy_5294,PFAM:&nbsp;Response&nbsp;regulator&nbsp;receiver&nbsp;domain,60.5
272123.Anacy_5333,hisH,Imidazole&nbsp;glycerol&nbsp;phosphate&nbsp;synthase&nbsp;subunit&nbsp;HisH,60.5
272123.Anacy_0080,Anacy_0080,Cytochrome&nbsp;c&nbsp;oxidase&nbsp;subunit&nbsp;1,60.5
272123.Anacy_2596,rpsT,30S&nbsp;ribosomal&nbsp;protein&nbsp;S20,60.5
272123.Anacy_3587,Anacy_3587,Acetolactate&nbsp;synthase,60.5
272123.Anacy_0388,Anacy_0388,PFAM:&nbsp;HAMP&nbsp;domain,60.4
272123.Anacy_0640,Anacy_0640,PFAM:&nbsp;Indole-3-glycerol&nbsp;phosphate&nbsp;synthase,60.4
272123.Anacy_2786,Anacy_2786,"Phosphate&nbsp;ABC&nbsp;transporter&nbsp;substrate-binding&nbsp;protein,&nbsp;PhoT&nbsp;family",60.4
272123.Anacy_0182,Anacy_0182,PFAM:&nbsp;Response&nbsp;regulator&nbsp;receiver&nbsp;domain,60.3
272123.Anacy_0356,Anacy_0356,"Two&nbsp;component&nbsp;transcriptional&nbsp;regulator,&nbsp;winged&nbsp;helix&nbsp;family",60.3
272123.Anacy_0271,efp,Elongation&nbsp;factor&nbsp;P,60.3
272123.Anacy_0236,Anacy_0236,PFAM:&nbsp;Response&nbsp;regulator&nbsp;receiver&nbsp;domain,60.2
272123.Anacy_1971,ndhJ,NAD(P)H-quinone&nbsp;oxidoreductase&nbsp;subunit&nbsp;J,60.2
272123.Anacy_2926,Anacy_2926,Cobalamin&nbsp;(Vitamin&nbsp;B12)&nbsp;biosynthesis&nbsp;CbiM&nbsp;protein,60.2
272123.Anacy_5181,plsX,Phosphate&nbsp;acyltransferase,60.1
272123.Anacy_4835,gltX,Glutamate--tRNA&nbsp;ligase,60.1
272123.Anacy_4909,Anacy_4909,Transport&nbsp;permease&nbsp;protein,60.1
272123.Anacy_2441,Anacy_2441,PAS/PAC&nbsp;sensor&nbsp;signal&nbsp;transduction&nbsp;histidine&nbsp;kinase,60.0
272123.Anacy_4868,Anacy_4868,PFAM:&nbsp;Mannose-6-phosphate&nbsp;isomerase,59.9
272123.Anacy_2368,Anacy_2368,PFAM:&nbsp;Homoserine&nbsp;dehydrogenase,59.9
272123.Anacy_1826,Anacy_1826,Acetolactate&nbsp;synthase,59.9
272123.Anacy_1903,Anacy_1903,PFAM:&nbsp;Phycobilisome&nbsp;Linker&nbsp;polypeptide,59.9
272123.Anacy_0901,Anacy_0901,Nickel-transporting&nbsp;ATPase,59.9
272123.Anacy_2492,Anacy_2492,PFAM:&nbsp;Mannose-6-phosphate&nbsp;isomerase,59.8
272123.Anacy_4055,Anacy_4055,L-glutamate&nbsp;ABC&nbsp;transporter&nbsp;ATP-binding&nbsp;protein,59.8
272123.Anacy_1270,Anacy_1270,"ABC-type&nbsp;transporter,&nbsp;integral&nbsp;membrane&nbsp;subunit",59.8
272123.Anacy_1632,Anacy_1632,Phosphate-specific&nbsp;transport&nbsp;system&nbsp;accessory&nbsp;protein&nbsp;PhoU,59.7
272123.Anacy_0065,Anacy_0065,PFAM:&nbsp;Binding-protein-dependent&nbsp;transport&nbsp;system&nbsp;inner&nbsp;membrane&nbsp;component,59.7
272123.Anacy_2801,Anacy_2801,NAD(P)H-quinone&nbsp;oxidoreductase&nbsp;chain&nbsp;4,59.6
272123.Anacy_1744,Anacy_1744,ATP&nbsp;synthase&nbsp;subunit&nbsp;delta,59.5
272123.Anacy_0511,Anacy_0511,NADH&nbsp;dehydrogenase&nbsp;subunit&nbsp;J,59.5
272123.Anacy_0695,Anacy_0695,Integral&nbsp;membrane&nbsp;sensor&nbsp;signal&nbsp;transduction&nbsp;histidine&nbsp;kinase,59.4
272123.Anacy_4562,Anacy_4562,Multi-sensor&nbsp;signal&nbsp;transduction&nbsp;histidine&nbsp;kinase,59.4
272123.Anacy_5123,secA,Protein&nbsp;translocase&nbsp;subunit&nbsp;SecA,59.3
272123.Anacy_0064,Anacy_0064,PFAM:&nbsp;Binding-protein-dependent&nbsp;transport&nbsp;system&nbsp;inner&nbsp;membrane&nbsp;component,59.2
272123.Anacy_5568,ureC,"PFAM:&nbsp;Urease&nbsp;alpha-subunit,&nbsp;N-terminal&nbsp;domain",59.2
272123.Anacy_3343,Anacy_3343,Glycosyl&nbsp;transferase&nbsp;family&nbsp;39,59.2
272123.Anacy_4200,Anacy_4200,"Multi-component&nbsp;transcriptional&nbsp;regulator,&nbsp;winged&nbsp;helix&nbsp;family",59.2
272123.Anacy_0859,rpmB,PFAM:&nbsp;Ribosomal&nbsp;L28&nbsp;family,59.1
272123.Anacy_4362,Anacy_4362,PFAM:&nbsp;Amidase,59.1
272123.Anacy_4839,Anacy_4839,"Glucan&nbsp;1,4-alpha-maltohexaosidase",59.1
272123.Anacy_4077,Anacy_4077,"ABC-type&nbsp;transporter,&nbsp;integral&nbsp;membrane&nbsp;subunit",59.1
272123.Anacy_5348,Anacy_5348,Magnesium-protoporphyrin&nbsp;IX&nbsp;monomethyl&nbsp;ester&nbsp;[oxidative]&nbsp;cyclase,59.0
272123.Anacy_1194,Anacy_1194,"PFAM:&nbsp;Bacterial&nbsp;extracellular&nbsp;solute-binding&nbsp;proteins,&nbsp;family&nbsp;3",59.0
272123.Anacy_4495,Anacy_4495,PFAM:&nbsp;Biotin/lipoate&nbsp;A/B&nbsp;protein&nbsp;ligase&nbsp;family,59.0
272123.Anacy_4232,Anacy_4232,PFAM:&nbsp;Sucrose&nbsp;synthase,59.0
272123.Anacy_3632,Anacy_3632,PFAM:&nbsp;Rhodanese-like&nbsp;domain,58.9
272123.Anacy_1732,Anacy_1732,Phycocyanin,58.9
272123.Anacy_5564,Anacy_5564,Phycocyanin,58.9
272123.Anacy_4527,Anacy_4527,PFAM:&nbsp;CO2&nbsp;hydration&nbsp;protein&nbsp;(ChpXY),58.9
272123.Anacy_4686,cysA,Sulfate/thiosulfate&nbsp;import&nbsp;ATP-binding&nbsp;protein&nbsp;CysA,58.8
272123.Anacy_5565,ureD,Urease&nbsp;accessory&nbsp;protein&nbsp;UreD,58.8
272123.Anacy_3047,Anacy_3047,PFAM:&nbsp;Glucosamine-6-phosphate&nbsp;isomerases/6-phosphogluconolactonase,58.8
272123.Anacy_4756,Anacy_4756,PFAM:&nbsp;short&nbsp;chain&nbsp;dehydrogenase,58.8
272123.Anacy_5209,Anacy_5209,PFAM:&nbsp;GTP&nbsp;cyclohydrolase&nbsp;I,58.7
272123.Anacy_0556,tsaD,tRNA&nbsp;N6-adenosine&nbsp;threonylcarbamoyltransferase,58.7
272123.Anacy_4189,Anacy_4189,PFAM:&nbsp;Histidine&nbsp;kinase,58.7
272123.Anacy_5022,Anacy_5022,Sulfate-transporting&nbsp;ATPase,58.7
272123.Anacy_3164,Anacy_3164,PFAM:&nbsp;Bacterial&nbsp;phosphonate&nbsp;metabolism&nbsp;protein&nbsp;(PhnH),58.6
272123.Anacy_3029,pyrF,Orotidine&nbsp;5'-phosphate&nbsp;decarboxylase,58.6
272123.Anacy_0187,Anacy_0187,"PFAM:&nbsp;Histidine&nbsp;kinase-,&nbsp;DNA&nbsp;gyrase&nbsp;B-,&nbsp;and&nbsp;HSP90-like&nbsp;ATPase",58.6
272123.Anacy_2354,Anacy_2354,PFAM:&nbsp;Aminotransferase&nbsp;class&nbsp;I&nbsp;and&nbsp;II,58.6
272123.Anacy_3968,Anacy_3968,PFAM:&nbsp;Surface&nbsp;antigen&nbsp;variable&nbsp;number&nbsp;repeat,58.5
272123.Anacy_3341,Anacy_3341,KaiA&nbsp;family&nbsp;protein,58.5
272123.Anacy_5487,Anacy_5487,"ABC-type&nbsp;transporter,&nbsp;integral&nbsp;membrane&nbsp;subunit",58.5
272123.Anacy_2946,ubiX,Flavin&nbsp;prenyltransferase&nbsp;UbiX,58.5
272123.Anacy_2619,secE,Protein&nbsp;translocase&nbsp;subunit&nbsp;SecE,58.5
272123.Anacy_2581,Anacy_2581,"PFAM:&nbsp;Beta-ketoacyl&nbsp;synthase,&nbsp;N-terminal&nbsp;domain",58.4
272123.Anacy_1893,Anacy_1893,Uroporphyrinogen-III&nbsp;C-methyltransferase,58.4
272123.Anacy_1010,Anacy_1010,"Pyridoxamine&nbsp;5'-phosphate&nbsp;oxidase-related,&nbsp;FMN-binding&nbsp;protein",58.3
272123.Anacy_4264,Anacy_4264,"Multi-component&nbsp;transcriptional&nbsp;regulator,&nbsp;winged&nbsp;helix&nbsp;family",58.2
272123.Anacy_4905,Anacy_4905,PFAM:&nbsp;UDP-galactopyranose&nbsp;mutase,58.2
272123.Anacy_3582,Anacy_3582,PFAM:&nbsp;Indole-3-glycerol&nbsp;phosphate&nbsp;synthase,58.2
272123.Anacy_3198,Anacy_3198,PFAM:&nbsp;ABC-2&nbsp;type&nbsp;transporter,58.1
272123.Anacy_3922,rpl2,50S&nbsp;ribosomal&nbsp;protein&nbsp;L2,58.1
272123.Anacy_2445,Anacy_2445,PFAM:&nbsp;ABC&nbsp;transporter,58.0
272123.Anacy_3163,Anacy_3163,PFAM:&nbsp;Phosphonate&nbsp;metabolism&nbsp;protein&nbsp;PhnG,58.0
272123.Anacy_3304,Anacy_3304,Potassium-transporting&nbsp;ATPase&nbsp;potassium-binding&nbsp;subunit,58.0
272123.Anacy_5061,Anacy_5061,PFAM:&nbsp;UvrD/REP&nbsp;helicase,58.0
272123.Anacy_2495,Anacy_2495,PFAM:&nbsp;Conserved&nbsp;region&nbsp;in&nbsp;glutamate&nbsp;synthase,58.0
272123.Anacy_1723,recA,Protein&nbsp;RecA,57.9
272123.Anacy_4334,Anacy_4334,"Two&nbsp;component&nbsp;transcriptional&nbsp;regulator,&nbsp;winged&nbsp;helix&nbsp;family",57.9
272123.Anacy_1898,Anacy_1898,PFAM:&nbsp;Phycobilisome&nbsp;Linker&nbsp;polypeptide,57.8
272123.Anacy_4026,Anacy_4026,NAD(P)H-quinone&nbsp;oxidoreductase&nbsp;chain&nbsp;4,57.7
272123.Anacy_5422,Anacy_5422,Multi-sensor&nbsp;signal&nbsp;transduction&nbsp;multi-kinase,57.7
272123.Anacy_4777,Anacy_4777,Delta-12&nbsp;acyl-phospholipid&nbsp;desaturase,57.7
272123.Anacy_0532,Anacy_0532,ATP&nbsp;synthase&nbsp;subunit&nbsp;beta,57.6
272123.Anacy_1455,Anacy_1455,Glucokinase,57.6
272123.Anacy_5242,Anacy_5242,FG-GAP&nbsp;repeatand&nbsp;Cadherin&nbsp;domain&nbsp;containing&nbsp;protein,57.5
272123.Anacy_0061,Anacy_0061,PFAM:&nbsp;Aldehyde&nbsp;dehydrogenase&nbsp;family,57.5
272123.Anacy_3129,Anacy_3129,PAS/PAC&nbsp;sensor&nbsp;hybrid&nbsp;histidine&nbsp;kinase,57.5
272123.Anacy_0159,Anacy_0159,PFAM:&nbsp;NmrA-like&nbsp;family,57.4
272123.Anacy_2500,Anacy_2500,Glycosyl&nbsp;transferase&nbsp;family&nbsp;39,57.4
272123.Anacy_5540,pyrD,Dihydroorotate&nbsp;dehydrogenase&nbsp;(quinone),57.4
272123.Anacy_0400,Anacy_0400,"PFAM:&nbsp;Carbamoyl-phosphate&nbsp;synthase&nbsp;L&nbsp;chain,&nbsp;ATP&nbsp;binding&nbsp;domain",57.3
272123.Anacy_2017,Anacy_2017,Cysteine&nbsp;desulfurase,57.2
272123.Anacy_5171,Anacy_5171,PFAM:&nbsp;Protein&nbsp;of&nbsp;unknown&nbsp;function&nbsp;(DUF1239),57.1
272123.Anacy_4208,Anacy_4208,Dihydroorotate&nbsp;oxidase,57.1
272123.Anacy_0508,Anacy_0508,PFAM:&nbsp;Citrate&nbsp;synthase,57.1
272123.Anacy_1108,Anacy_1108,Glucokinase,57.0
272123.Anacy_4525,Anacy_4525,Carbonic&nbsp;anhydrase,56.8
272123.Anacy_3743,Anacy_3743,"ABC-type&nbsp;transporter,&nbsp;integral&nbsp;membrane&nbsp;subunit",56.8
272123.Anacy_1466,Anacy_1466,PFAM:&nbsp;Alcohol&nbsp;dehydrogenase&nbsp;GroES-like&nbsp;domain,56.8
272123.Anacy_0973,Anacy_0973,PFAM:&nbsp;ABC&nbsp;transporter,56.8
272123.Anacy_4948,Anacy_4948,PFAM:&nbsp;Cache&nbsp;domain,56.7
272123.Anacy_3581,Anacy_3581,Dihydrolipoyl&nbsp;dehydrogenase,56.7
272123.Anacy_2617,rplK,50S&nbsp;ribosomal&nbsp;protein&nbsp;L11,56.7
272123.Anacy_2616,rpl1,50S&nbsp;ribosomal&nbsp;protein&nbsp;L1,56.7
272123.Anacy_5531,Anacy_5531,3-mercaptopyruvate&nbsp;sulfurtransferase,56.7
272123.Anacy_3944,rplQ,PFAM:&nbsp;Ribosomal&nbsp;protein&nbsp;L17,56.6
272123.Anacy_3792,cysC,Adenylyl-sulfate&nbsp;kinase,56.5
272123.Anacy_1047,infC,Translation&nbsp;initiation&nbsp;factor&nbsp;IF-3,56.5
272123.Anacy_4643,Anacy_4643,PFAM:&nbsp;Protein&nbsp;kinase&nbsp;domain,56.5
272123.Anacy_5182,fabH,3-oxoacyl-[acyl-carrier-protein]&nbsp;synthase&nbsp;3,56.5
272123.Anacy_1972,ndhK,NAD(P)H-quinone&nbsp;oxidoreductase&nbsp;subunit&nbsp;K,56.5
272123.Anacy_0819,Anacy_0819,Dihydroorotase,56.5
272123.Anacy_0691,Anacy_0691,Substrate-binding&nbsp;protein&nbsp;of&nbsp;ABC&nbsp;transporter,56.5
272123.Anacy_2658,Anacy_2658,PFAM:&nbsp;4-alpha-glucanotransferase,56.4
272123.Anacy_4858,Anacy_4858,Sulfurtransferase&nbsp;DndC,56.4
272123.Anacy_5441,Anacy_5441,UBA/THIF-type&nbsp;NAD/FAD&nbsp;binding&nbsp;protein,56.4
272123.Anacy_4246,Anacy_4246,Oxidoreductase&nbsp;alpha&nbsp;(Molybdopterin)&nbsp;subunit,56.4
272123.Anacy_3423,rpl9,50S&nbsp;ribosomal&nbsp;protein&nbsp;L9,56.4
272123.Anacy_0348,Anacy_0348,Short-chain&nbsp;dehydrogenase/reductase&nbsp;SDR,56.4
272123.Anacy_5082,Anacy_5082,Adenylate/guanylate&nbsp;cyclase&nbsp;with&nbsp;GAF&nbsp;and&nbsp;PAS/PAC&nbsp;sensors,56.4
272123.Anacy_3822,recG,ATP-dependent&nbsp;DNA&nbsp;helicase&nbsp;RecG,56.3
272123.Anacy_3388,Anacy_3388,"Carbohydrate&nbsp;ABC&nbsp;transporter&nbsp;membrane&nbsp;protein&nbsp;2,&nbsp;CUT1&nbsp;family",56.2
272123.Anacy_4615,gidA,tRNA&nbsp;uridine&nbsp;5-carboxymethylaminomethyl&nbsp;modification&nbsp;enzyme&nbsp;MnmG,56.2
272123.Anacy_2440,pgi,PFAM:&nbsp;Phosphoglucose&nbsp;isomerase,56.2
272123.Anacy_3793,Anacy_3793,Transport&nbsp;permease&nbsp;protein,56.2
272123.Anacy_2753,Anacy_2753,Heat&nbsp;shock&nbsp;protein&nbsp;Hsp90,56.0
272123.Anacy_0081,Anacy_0081,PFAM:&nbsp;Cytochrome&nbsp;c&nbsp;oxidase&nbsp;subunit&nbsp;III,55.9
272123.Anacy_5106,Anacy_5106,PFAM:&nbsp;Protein&nbsp;kinase&nbsp;domain,55.9
272123.Anacy_5034,Anacy_5034,"ABC-type&nbsp;transporter,&nbsp;integral&nbsp;membrane&nbsp;subunit",55.9
272123.Anacy_0237,Anacy_0237,PFAM:&nbsp;EAL&nbsp;domain,55.8
272123.Anacy_0938,minE,Cell&nbsp;division&nbsp;topological&nbsp;specificity&nbsp;factor,55.8
272123.Anacy_2955,pdxH,Pyridoxine/pyridoxamine&nbsp;5'-phosphate&nbsp;oxidase,55.8
272123.Anacy_0760,ureF,Urease&nbsp;accessory&nbsp;protein&nbsp;UreF,55.6
272123.Anacy_3148,Anacy_3148,Thioester&nbsp;reductase&nbsp;domain&nbsp;protein,55.6
272123.Anacy_4396,Anacy_4396,Response&nbsp;regulator&nbsp;receiver&nbsp;protein,55.6
272123.Anacy_1295,Anacy_1295,"Two&nbsp;component&nbsp;transcriptional&nbsp;regulator,&nbsp;AraC&nbsp;family",55.6
272123.Anacy_3503,Anacy_3503,Protein-glutamate&nbsp;methylesterase,55.4
272123.Anacy_0576,Anacy_0576,PFAM:&nbsp;rod&nbsp;shape-determining&nbsp;protein&nbsp;MreD,55.4
272123.Anacy_2061,Anacy_2061,PFAM:&nbsp;Competence&nbsp;protein&nbsp;A,55.4
272123.Anacy_2734,Anacy_2734,Protein&nbsp;serine/threonine&nbsp;phosphatase&nbsp;with&nbsp;GAF(S)&nbsp;sensor(S),55.3
272123.Anacy_2281,Anacy_2281,UDP-galactose&nbsp;4-epimerase,55.2
272123.Anacy_3162,Anacy_3162,PFAM:&nbsp;Binding-protein-dependent&nbsp;transport&nbsp;system&nbsp;inner&nbsp;membrane&nbsp;component,55.2
272123.Anacy_4176,Anacy_4176,PFAM:&nbsp;CBS&nbsp;domain,55.1
272123.Anacy_0502,Anacy_0502,"PFAM:&nbsp;Pyruvate&nbsp;kinase,&nbsp;barrel&nbsp;domain",55.1
272123.Anacy_0074,Anacy_0074,KEGG:&nbsp;naz:Aazo_1871&nbsp;hypothetical&nbsp;protein,55.1
272123.Anacy_1410,Anacy_1410,PFAM:&nbsp;Periplasmic&nbsp;solute&nbsp;binding&nbsp;protein&nbsp;family,55.0
272123.Anacy_4801,Anacy_4801,Cytochrome&nbsp;c&nbsp;oxidase&nbsp;subunit&nbsp;1,55.0
272123.Anacy_4257,Anacy_4257,NAD(P)-dependent&nbsp;nickel-iron&nbsp;dehydrogenase&nbsp;diaphorase&nbsp;component&nbsp;subunit&nbsp;HoxE,55.0
272123.Anacy_4652,Anacy_4652,TIGRFAM:&nbsp;Tat&nbsp;(twin-arginine&nbsp;translocation)&nbsp;pathway&nbsp;signal&nbsp;sequence,55.0
272123.Anacy_4560,Anacy_4560,PFAM:&nbsp;Response&nbsp;regulator&nbsp;receiver&nbsp;domain,55.0
272123.Anacy_0443,Anacy_0443,Farnesyl-diphosphate&nbsp;farnesyltransferase,54.8
272123.Anacy_3844,Anacy_3844,PFAM:&nbsp;Heme&nbsp;oxygenase,54.8
272123.Anacy_0322,Anacy_0322,"Mannose-1-phosphate&nbsp;guanylyltransferase,&nbsp;Phosphoglucosamine&nbsp;mutase",54.7
272123.Anacy_2484,pheA,PFAM:&nbsp;Prephenate&nbsp;dehydratase,54.7
272123.Anacy_2573,Anacy_2573,Enoyl-[acyl-carrier-protein]&nbsp;reductase&nbsp;[NADH],54.6
272123.Anacy_2744,Anacy_2744,PFAM:&nbsp;ABC&nbsp;transporter,54.6
272123.Anacy_2558,Anacy_2558,PFAM:&nbsp;SNF2&nbsp;Helicase&nbsp;protein,54.6
272123.Anacy_2852,infB,Translation&nbsp;initiation&nbsp;factor&nbsp;IF-2,54.6
272123.Anacy_4069,chlL,Light-independent&nbsp;protochlorophyllide&nbsp;reductase&nbsp;iron-sulfur&nbsp;ATP-binding&nbsp;protein,54.5
272123.Anacy_2824,Anacy_2824,PFAM:&nbsp;60Kd&nbsp;inner&nbsp;membrane&nbsp;protein,54.5
272123.Anacy_1193,Anacy_1193,Malto-oligosyltrehalose&nbsp;trehalohydrolase,54.4
272123.Anacy_0531,Anacy_0531,ATP&nbsp;synthase&nbsp;epsilon&nbsp;chain,54.4
272123.Anacy_5296,Anacy_5296,PFAM:&nbsp;EAL&nbsp;domain,54.4
272123.Anacy_5027,psbT,Photosystem&nbsp;II&nbsp;reaction&nbsp;center&nbsp;protein&nbsp;T,54.3
272123.Anacy_5295,Anacy_5295,Multi-sensor&nbsp;signal&nbsp;transduction&nbsp;multi-kinase,54.3
272123.Anacy_0015,Anacy_0015,"PFAM:&nbsp;Histidine&nbsp;kinase-,&nbsp;DNA&nbsp;gyrase&nbsp;B-,&nbsp;and&nbsp;HSP90-like&nbsp;ATPase",54.1
272123.Anacy_2701,sat,Sulfate&nbsp;adenylyltransferase,54.0
272123.Anacy_1600,rpoZ,DNA-directed&nbsp;RNA&nbsp;polymerase&nbsp;subunit&nbsp;omega,53.9
272123.Anacy_3043,Anacy_3043,PFAM:&nbsp;OB-fold&nbsp;nucleic&nbsp;acid&nbsp;binding&nbsp;domain,53.9
272123.Anacy_3891,Anacy_3891,PFAM:&nbsp;Ribosomal&nbsp;L25p&nbsp;family,53.9
272123.Anacy_1500,Anacy_1500,"PFAM:&nbsp;Glycosyl&nbsp;transferase&nbsp;family,&nbsp;a/b&nbsp;domain",53.9
272123.Anacy_4797,rpsO,30S&nbsp;ribosomal&nbsp;protein&nbsp;S15,53.8
272123.Anacy_4682,Anacy_4682,Deoxyhypusine&nbsp;synthase-like&nbsp;protein,53.8
272123.Anacy_1386,Anacy_1386,"PFAM:&nbsp;Glutathione&nbsp;S-transferase,&nbsp;C-terminal&nbsp;domain",53.8
272123.Anacy_0355,Anacy_0355,NAD&nbsp;kinase,53.8
272123.Anacy_1951,Anacy_1951,PFAM:&nbsp;Cache&nbsp;domain,53.8
272123.Anacy_3303,Anacy_3303,Potassium-transporting&nbsp;ATPase&nbsp;ATP-binding&nbsp;subunit,53.7
272123.Anacy_5146,Anacy_0955,Photosystem&nbsp;II&nbsp;protein&nbsp;D1,53.6
272123.Anacy_2088,ackA,Acetate&nbsp;kinase,53.5
272123.Anacy_4373,Anacy_4373,Peptidase&nbsp;M22&nbsp;glycoprotease,53.5
272123.Anacy_5597,Anacy_5597,Lipase&nbsp;class&nbsp;2,53.4
272123.Anacy_2584,Anacy_2584,L-iditol&nbsp;2-dehydrogenase,53.4
272123.Anacy_3422,Anacy_3422,Replicative&nbsp;DNA&nbsp;helicase,53.4
272123.Anacy_3226,Anacy_3226,PFAM:&nbsp;Polysaccharide&nbsp;biosynthesis/export&nbsp;protein,53.3
272123.Anacy_2650,Anacy_2650,Sec-independent&nbsp;protein&nbsp;translocase&nbsp;protein&nbsp;TatA,53.3
272123.Anacy_0542,prfC,Peptide&nbsp;chain&nbsp;release&nbsp;factor&nbsp;3,53.3
272123.Anacy_5004,Anacy_5004,KEGG:&nbsp;ana:alr5151&nbsp;hypothetical&nbsp;protein,53.2
272123.Anacy_1038,Anacy_1038,PFAM:&nbsp;Photosystem&nbsp;II&nbsp;protein,53.2
272123.Anacy_2301,Anacy_2301,Uncharacterized&nbsp;protein,53.1
272123.Anacy_1217,Anacy_1217,"PFAM:&nbsp;DNA&nbsp;polymerase&nbsp;III,&nbsp;delta&nbsp;subunit",53.0
272123.Anacy_3596,Anacy_3596,PFAM:&nbsp;DeoC/LacD&nbsp;family&nbsp;aldolase,53.0
272123.Anacy_0029,cbbL,Ribulose&nbsp;bisphosphate&nbsp;carboxylase&nbsp;large&nbsp;chain,52.9
272123.Anacy_1886,Anacy_1886,PFAM:&nbsp;Sucrose&nbsp;synthase,52.9
272123.Anacy_1696,Anacy_1696,Glycogen&nbsp;synthase,52.8
272123.Anacy_2486,rpsJ,30S&nbsp;ribosomal&nbsp;protein&nbsp;S10,52.8
272123.Anacy_1452,Anacy_1452,Thioredoxin&nbsp;reductase,52.8
272123.Anacy_2825,Anacy_2825,PFAM:&nbsp;R3H&nbsp;domain,52.8
272123.Anacy_4053,Anacy_4053,PFAM:&nbsp;Binding-protein-dependent&nbsp;transport&nbsp;system&nbsp;inner&nbsp;membrane&nbsp;component,52.8
272123.Anacy_1298,Anacy_1298,PFAM:&nbsp;4'-phosphopantetheinyl&nbsp;transferase&nbsp;superfamily,52.8
272123.Anacy_2550,Anacy_2550,PFAM:&nbsp;EAL&nbsp;domain,52.8
272123.Anacy_2990,Anacy_2990,D-alanyl-D-alaninecarboxypeptidase/D-alanyl-D-al&nbsp;anine-endopeptidase,52.7
272123.Anacy_2453,Anacy_2453,"D-fructose&nbsp;1,6-bisphosphatase&nbsp;class&nbsp;2/sedoheptulose&nbsp;1,7-bisphosphatase",52.7
272123.Anacy_2487,tuf,Elongation&nbsp;factor&nbsp;Tu,52.7
272123.Anacy_1094,Anacy_1094,Phosphoenolpyruvate-protein&nbsp;phosphotransferase,52.6
272123.Anacy_0522,hisF,Imidazole&nbsp;glycerol&nbsp;phosphate&nbsp;synthase&nbsp;subunit&nbsp;HisF,52.5
272123.Anacy_2405,Anacy_2405,PFAM:&nbsp;Cna&nbsp;protein&nbsp;B-type&nbsp;domain,52.5
272123.Anacy_3901,purS,Phosphoribosylformylglycinamidine&nbsp;synthase&nbsp;subunit&nbsp;PurS,52.4
272123.Anacy_4651,Anacy_4651,PFAM:&nbsp;ABC&nbsp;transporter,52.4
272123.Anacy_3673,Anacy_3673,Amine&nbsp;oxidase,52.3
272123.Anacy_4459,Anacy_4459,COGs:&nbsp;COG0715&nbsp;ABC-type&nbsp;nitrate/sulfonate/bicarbonate&nbsp;transport&nbsp;systems&nbsp;periplasmic&nbsp;components,52.3
272123.Anacy_1745,atpA,ATP&nbsp;synthase&nbsp;subunit&nbsp;alpha,52.3
272123.Anacy_3940,rpmJ,PFAM:&nbsp;Ribosomal&nbsp;protein&nbsp;L36,52.3
272123.Anacy_2291,rpsP,PFAM:&nbsp;Ribosomal&nbsp;protein&nbsp;S16,52.2
272123.Anacy_3924,rplV,50S&nbsp;ribosomal&nbsp;protein&nbsp;L22,52.1
272123.Anacy_3276,Anacy_3276,"PFAM:&nbsp;Glutathione&nbsp;S-transferase,&nbsp;N-terminal&nbsp;domain",52.1
272123.Anacy_3919,rpl3,50S&nbsp;ribosomal&nbsp;protein&nbsp;L3,52.0
272123.Anacy_4214,Anacy_4214,KEGG:&nbsp;naz:Aazo_2383&nbsp;hypothetical&nbsp;protein,52.0
272123.Anacy_1842,purT,Formate-dependent&nbsp;phosphoribosylglycinamide&nbsp;formyltransferase,51.9
272123.Anacy_3171,Anacy_3171,Protein&nbsp;PatA,51.9
272123.Anacy_3926,rplP,50S&nbsp;ribosomal&nbsp;protein&nbsp;L16,51.8
272123.Anacy_3398,trpF,PFAM:&nbsp;N-(5'phosphoribosyl)anthranilate&nbsp;(PRA)&nbsp;isomerase,51.8
272123.Anacy_1418,secD,Protein&nbsp;translocase&nbsp;subunit&nbsp;SecD,51.8
272123.Anacy_1525,Anacy_1525,Fumarate&nbsp;hydratase&nbsp;class&nbsp;II,51.8
272123.Anacy_5137,Anacy_5137,"PFAM:&nbsp;Histidine&nbsp;kinase-,&nbsp;DNA&nbsp;gyrase&nbsp;B-,&nbsp;and&nbsp;HSP90-like&nbsp;ATPase",51.8
272123.Anacy_0272,Anacy_0272,Biotin&nbsp;carboxyl&nbsp;carrier&nbsp;protein&nbsp;of&nbsp;acetyl-CoA&nbsp;carboxylase,51.8
272123.Anacy_1622,Anacy_1622,"PFAM:&nbsp;Histidine&nbsp;kinase-,&nbsp;DNA&nbsp;gyrase&nbsp;B-,&nbsp;and&nbsp;HSP90-like&nbsp;ATPase",51.7
272123.Anacy_0281,Anacy_0281,Xenobiotic-transporting&nbsp;ATPase,51.7
272123.Anacy_2553,tpiA,Triosephosphate&nbsp;isomerase,51.6
272123.Anacy_1493,Anacy_1493,PFAM:&nbsp;Nitrite&nbsp;and&nbsp;sulphite&nbsp;reductase&nbsp;4Fe-4S&nbsp;domain,51.6
272123.Anacy_0762,Anacy_0762,PFAM:&nbsp;Lipase&nbsp;(class&nbsp;3),51.6
272123.Anacy_4434,ruvA,Holliday&nbsp;junction&nbsp;ATP-dependent&nbsp;DNA&nbsp;helicase&nbsp;RuvA,51.6
272123.Anacy_1740,atpI,ATP&nbsp;synthase&nbsp;subunit&nbsp;a,51.6
272123.Anacy_1661,Anacy_1661,Histidine&nbsp;kinase,51.5
272123.Anacy_3920,rpl4,50S&nbsp;ribosomal&nbsp;protein&nbsp;L4,51.5
272123.Anacy_4891,Anacy_4891,Inositol-1-monophosphatase,51.5
272123.Anacy_0413,pyrH,Uridylate&nbsp;kinase,51.4
272123.Anacy_1659,Anacy_1659,PFAM:&nbsp;Response&nbsp;regulator&nbsp;receiver&nbsp;domain,51.3
272123.Anacy_4460,Anacy_4460,PFAM:&nbsp;Binding-protein-dependent&nbsp;transport&nbsp;system&nbsp;inner&nbsp;membrane&nbsp;component,51.3
272123.Anacy_4121,guaA,GMP&nbsp;synthase&nbsp;[glutamine-hydrolyzing],51.2
272123.Anacy_3168,Anacy_3168,PFAM:&nbsp;Phosphonate&nbsp;metabolism&nbsp;protein&nbsp;PhnJ,51.1
272123.Anacy_1053,Anacy_1053,PFAM:&nbsp;Response&nbsp;regulator&nbsp;receiver&nbsp;domain,51.1
272123.Anacy_2592,rpoC2,DNA-directed&nbsp;RNA&nbsp;polymerase&nbsp;subunit&nbsp;beta,51.0
272123.Anacy_2643,Anacy_2643,"ABC-type&nbsp;transporter,&nbsp;periplasmic&nbsp;subunit",51.0
272123.Anacy_2320,Anacy_2320,Uncharacterized&nbsp;protein,51.0
272123.Anacy_2274,glyS,PFAM:&nbsp;Glycyl-tRNA&nbsp;synthetase&nbsp;beta&nbsp;subunit,51.0
