1442598.JABW01000015_gene1911,JABW01000015_gene1911,annotation&nbsp;not&nbsp;available,98.9
1442598.JABW01000002_gene1691,JABW01000002_gene1691,annotation&nbsp;not&nbsp;available,98.9
1442598.JABW01000024_gene1584,JABW01000024_gene1584,annotation&nbsp;not&nbsp;available,98.9
1442598.JABW01000022_gene2048,JABW01000022_gene2048,annotation&nbsp;not&nbsp;available,98.8
1442598.JABW01000003_gene31,JABW01000003_gene31,annotation&nbsp;not&nbsp;available,98.7
1442598.JABW01000014_gene2146,JABW01000014_gene2146,annotation&nbsp;not&nbsp;available,98.7
1442598.JABW01000005_gene449,JABW01000005_gene449,annotation&nbsp;not&nbsp;available,98.6
1442598.JABW01000027_gene846,JABW01000027_gene846,annotation&nbsp;not&nbsp;available,98.6
1442598.JABW01000010_gene186,JABW01000010_gene186,annotation&nbsp;not&nbsp;available,98.6
1442598.JABW01000004_gene168,JABW01000004_gene168,annotation&nbsp;not&nbsp;available,98.6
1442598.JABW01000012_gene404,JABW01000012_gene404,annotation&nbsp;not&nbsp;available,98.6
1442598.JABW01000014_gene2114,JABW01000014_gene2114,annotation&nbsp;not&nbsp;available,98.6
1442598.JABW01000025_gene1157,JABW01000025_gene1157,annotation&nbsp;not&nbsp;available,98.5
1442598.JABW01000024_gene1528,JABW01000024_gene1528,annotation&nbsp;not&nbsp;available,98.3
1442598.JABW01000014_gene2111,JABW01000014_gene2111,annotation&nbsp;not&nbsp;available,98.2
1442598.JABW01000030_gene1411,JABW01000030_gene1411,annotation&nbsp;not&nbsp;available,98.2
1442598.JABW01000005_gene599,JABW01000005_gene599,annotation&nbsp;not&nbsp;available,98.1
1442598.JABW01000002_gene1719,JABW01000002_gene1719,annotation&nbsp;not&nbsp;available,98.1
1442598.JABW01000031_gene1291,JABW01000031_gene1291,annotation&nbsp;not&nbsp;available,98.0
1442598.JABW01000005_gene581,JABW01000005_gene581,annotation&nbsp;not&nbsp;available,97.9
1442598.JABW01000026_gene1179,JABW01000026_gene1179,annotation&nbsp;not&nbsp;available,97.8
1442598.JABW01000029_gene1324,JABW01000029_gene1324,annotation&nbsp;not&nbsp;available,97.8
1442598.JABW01000025_gene1051,JABW01000025_gene1051,annotation&nbsp;not&nbsp;available,97.7
1442598.JABW01000025_gene1122,JABW01000025_gene1122,annotation&nbsp;not&nbsp;available,97.7
1442598.JABW01000002_gene1728,JABW01000002_gene1728,annotation&nbsp;not&nbsp;available,97.6
1442598.JABW01000003_gene59,JABW01000003_gene59,annotation&nbsp;not&nbsp;available,97.6
1442598.JABW01000002_gene1745,JABW01000002_gene1745,annotation&nbsp;not&nbsp;available,97.6
1442598.JABW01000003_gene51,JABW01000003_gene51,annotation&nbsp;not&nbsp;available,97.5
1442598.JABW01000016_gene1873,JABW01000016_gene1873,annotation&nbsp;not&nbsp;available,97.5
1442598.JABW01000027_gene855,JABW01000027_gene855,annotation&nbsp;not&nbsp;available,97.5
1442598.JABW01000005_gene457,JABW01000005_gene457,annotation&nbsp;not&nbsp;available,97.4
1442598.JABW01000028_gene997,JABW01000028_gene997,annotation&nbsp;not&nbsp;available,97.3
1442598.JABW01000002_gene1777,JABW01000002_gene1777,annotation&nbsp;not&nbsp;available,97.3
1442598.JABW01000012_gene376,JABW01000012_gene376,annotation&nbsp;not&nbsp;available,97.2
1442598.JABW01000011_gene290,JABW01000011_gene290,annotation&nbsp;not&nbsp;available,97.2
1442598.JABW01000022_gene2043,JABW01000022_gene2043,annotation&nbsp;not&nbsp;available,97.2
1442598.JABW01000030_gene1408,JABW01000030_gene1408,annotation&nbsp;not&nbsp;available,97.2
1442598.JABW01000016_gene1886,JABW01000016_gene1886,annotation&nbsp;not&nbsp;available,97.1
1442598.JABW01000028_gene978,JABW01000028_gene978,annotation&nbsp;not&nbsp;available,97.0
1442598.JABW01000003_gene53,JABW01000003_gene53,annotation&nbsp;not&nbsp;available,96.9
1442598.JABW01000003_gene35,JABW01000003_gene35,annotation&nbsp;not&nbsp;available,96.9
1442598.JABW01000001_gene1808,JABW01000001_gene1808,annotation&nbsp;not&nbsp;available,96.9
1442598.JABW01000011_gene336,JABW01000011_gene336,annotation&nbsp;not&nbsp;available,96.9
1442598.JABW01000031_gene1285,JABW01000031_gene1285,annotation&nbsp;not&nbsp;available,96.9
1442598.JABW01000025_gene1139,JABW01000025_gene1139,annotation&nbsp;not&nbsp;available,96.9
1442598.JABW01000024_gene1516,JABW01000024_gene1516,annotation&nbsp;not&nbsp;available,96.8
1442598.JABW01000031_gene1252,JABW01000031_gene1252,annotation&nbsp;not&nbsp;available,96.7
1442598.JABW01000026_gene1188,JABW01000026_gene1188,annotation&nbsp;not&nbsp;available,96.6
1442598.JABW01000016_gene1849,JABW01000016_gene1849,annotation&nbsp;not&nbsp;available,96.6
1442598.JABW01000005_gene608,JABW01000005_gene608,annotation&nbsp;not&nbsp;available,96.6
1442598.JABW01000023_gene1473,JABW01000023_gene1473,annotation&nbsp;not&nbsp;available,96.6
1442598.JABW01000005_gene542,JABW01000005_gene542,annotation&nbsp;not&nbsp;available,96.5
1442598.JABW01000002_gene1681,JABW01000002_gene1681,annotation&nbsp;not&nbsp;available,96.4
1442598.JABW01000024_gene1605,JABW01000024_gene1605,annotation&nbsp;not&nbsp;available,96.3
1442598.JABW01000028_gene938,JABW01000028_gene938,annotation&nbsp;not&nbsp;available,96.3
1442598.JABW01000025_gene1111,JABW01000025_gene1111,annotation&nbsp;not&nbsp;available,96.3
1442598.JABW01000030_gene1365,JABW01000030_gene1365,annotation&nbsp;not&nbsp;available,96.2
1442598.JABW01000003_gene48,JABW01000003_gene48,annotation&nbsp;not&nbsp;available,96.2
1442598.JABW01000028_gene987,JABW01000028_gene987,annotation&nbsp;not&nbsp;available,96.1
1442598.JABW01000005_gene642,JABW01000005_gene642,annotation&nbsp;not&nbsp;available,96.1
1442598.JABW01000021_gene2065,JABW01000021_gene2065,annotation&nbsp;not&nbsp;available,95.9
1442598.JABW01000028_gene1002,JABW01000028_gene1002,annotation&nbsp;not&nbsp;available,95.9
1442598.JABW01000025_gene1078,JABW01000025_gene1078,annotation&nbsp;not&nbsp;available,95.8
1442598.JABW01000022_gene2028,JABW01000022_gene2028,annotation&nbsp;not&nbsp;available,95.7
1442598.JABW01000027_gene883,JABW01000027_gene883,annotation&nbsp;not&nbsp;available,95.6
1442598.JABW01000007_gene705,JABW01000007_gene705,annotation&nbsp;not&nbsp;available,95.5
1442598.JABW01000028_gene1042,JABW01000028_gene1042,annotation&nbsp;not&nbsp;available,95.5
1442598.JABW01000027_gene849,JABW01000027_gene849,annotation&nbsp;not&nbsp;available,95.4
1442598.JABW01000005_gene523,JABW01000005_gene523,annotation&nbsp;not&nbsp;available,95.4
1442598.JABW01000025_gene1082,JABW01000025_gene1082,annotation&nbsp;not&nbsp;available,95.1
1442598.JABW01000003_gene60,JABW01000003_gene60,annotation&nbsp;not&nbsp;available,95.0
1442598.JABW01000025_gene1144,JABW01000025_gene1144,annotation&nbsp;not&nbsp;available,95.0
1442598.JABW01000026_gene1196,JABW01000026_gene1196,annotation&nbsp;not&nbsp;available,94.8
1442598.JABW01000032_gene1314,JABW01000032_gene1314,annotation&nbsp;not&nbsp;available,94.7
1442598.JABW01000020_gene1983,JABW01000020_gene1983,annotation&nbsp;not&nbsp;available,94.6
1442598.JABW01000030_gene1425,JABW01000030_gene1425,annotation&nbsp;not&nbsp;available,94.5
1442598.JABW01000012_gene392,JABW01000012_gene392,annotation&nbsp;not&nbsp;available,94.5
1442598.JABW01000003_gene104,JABW01000003_gene104,annotation&nbsp;not&nbsp;available,94.5
1442598.JABW01000030_gene1407,JABW01000030_gene1407,annotation&nbsp;not&nbsp;available,94.4
1442598.JABW01000008_gene719,JABW01000008_gene719,annotation&nbsp;not&nbsp;available,94.4
1442598.JABW01000015_gene1916,JABW01000015_gene1916,annotation&nbsp;not&nbsp;available,94.3
1442598.JABW01000005_gene485,JABW01000005_gene485,annotation&nbsp;not&nbsp;available,94.3
1442598.JABW01000024_gene1509,JABW01000024_gene1509,annotation&nbsp;not&nbsp;available,94.3
1442598.JABW01000011_gene326,JABW01000011_gene326,annotation&nbsp;not&nbsp;available,94.1
1442598.JABW01000030_gene1441,JABW01000030_gene1441,annotation&nbsp;not&nbsp;available,94.1
1442598.JABW01000030_gene1377,JABW01000030_gene1377,annotation&nbsp;not&nbsp;available,94.0
1442598.JABW01000031_gene1218,JABW01000031_gene1218,annotation&nbsp;not&nbsp;available,93.8
1442598.JABW01000029_gene1325,JABW01000029_gene1325,annotation&nbsp;not&nbsp;available,93.7
1442598.JABW01000003_gene98,JABW01000003_gene98,annotation&nbsp;not&nbsp;available,93.6
1442598.JABW01000002_gene1720,JABW01000002_gene1720,annotation&nbsp;not&nbsp;available,93.5
1442598.JABW01000027_gene831,JABW01000027_gene831,annotation&nbsp;not&nbsp;available,93.5
1442598.JABW01000016_gene1896,JABW01000016_gene1896,annotation&nbsp;not&nbsp;available,93.5
1442598.JABW01000001_gene1837,JABW01000001_gene1837,annotation&nbsp;not&nbsp;available,93.5
1442598.JABW01000003_gene122,JABW01000003_gene122,annotation&nbsp;not&nbsp;available,93.4
1442598.JABW01000030_gene1343,JABW01000030_gene1343,annotation&nbsp;not&nbsp;available,93.3
1442598.JABW01000027_gene861,JABW01000027_gene861,annotation&nbsp;not&nbsp;available,93.3
1442598.JABW01000011_gene345,JABW01000011_gene345,annotation&nbsp;not&nbsp;available,93.2
1442598.JABW01000028_gene980,JABW01000028_gene980,annotation&nbsp;not&nbsp;available,93.1
1442598.JABW01000027_gene911,JABW01000027_gene911,annotation&nbsp;not&nbsp;available,93.0
1442598.JABW01000026_gene1194,JABW01000026_gene1194,annotation&nbsp;not&nbsp;available,92.9
1442598.JABW01000031_gene1247,JABW01000031_gene1247,annotation&nbsp;not&nbsp;available,92.7
1442598.JABW01000023_gene1478,JABW01000023_gene1478,annotation&nbsp;not&nbsp;available,92.7
1442598.JABW01000016_gene1891,JABW01000016_gene1891,annotation&nbsp;not&nbsp;available,92.6
1442598.JABW01000005_gene554,JABW01000005_gene554,annotation&nbsp;not&nbsp;available,92.6
1442598.JABW01000002_gene1729,JABW01000002_gene1729,annotation&nbsp;not&nbsp;available,92.6
1442598.JABW01000025_gene1116,JABW01000025_gene1116,annotation&nbsp;not&nbsp;available,92.4
1442598.JABW01000025_gene1054,JABW01000025_gene1054,annotation&nbsp;not&nbsp;available,92.4
1442598.JABW01000028_gene971,JABW01000028_gene971,annotation&nbsp;not&nbsp;available,92.3
1442598.JABW01000005_gene647,JABW01000005_gene647,annotation&nbsp;not&nbsp;available,92.3
1442598.JABW01000025_gene1099,JABW01000025_gene1099,annotation&nbsp;not&nbsp;available,92.3
1442598.JABW01000027_gene887,JABW01000027_gene887,annotation&nbsp;not&nbsp;available,92.3
1442598.JABW01000026_gene1189,JABW01000026_gene1189,annotation&nbsp;not&nbsp;available,92.3
1442598.JABW01000016_gene1893,JABW01000016_gene1893,annotation&nbsp;not&nbsp;available,92.3
1442598.JABW01000031_gene1233,JABW01000031_gene1233,annotation&nbsp;not&nbsp;available,92.3
1442598.JABW01000028_gene937,JABW01000028_gene937,annotation&nbsp;not&nbsp;available,92.2
1442598.JABW01000003_gene33,JABW01000003_gene33,annotation&nbsp;not&nbsp;available,92.1
1442598.JABW01000003_gene113,JABW01000003_gene113,annotation&nbsp;not&nbsp;available,92.1
1442598.JABW01000003_gene34,JABW01000003_gene34,annotation&nbsp;not&nbsp;available,92.1
1442598.JABW01000024_gene1576,JABW01000024_gene1576,annotation&nbsp;not&nbsp;available,92.0
1442598.JABW01000002_gene1708,JABW01000002_gene1708,annotation&nbsp;not&nbsp;available,92.0
1442598.JABW01000029_gene1327,JABW01000029_gene1327,annotation&nbsp;not&nbsp;available,92.0
1442598.JABW01000032_gene1312,JABW01000032_gene1312,annotation&nbsp;not&nbsp;available,91.9
1442598.JABW01000016_gene1881,JABW01000016_gene1881,annotation&nbsp;not&nbsp;available,91.8
1442598.JABW01000029_gene1318,JABW01000029_gene1318,annotation&nbsp;not&nbsp;available,91.7
1442598.JABW01000014_gene2127,JABW01000014_gene2127,annotation&nbsp;not&nbsp;available,91.7
1442598.JABW01000013_gene2185,JABW01000013_gene2185,annotation&nbsp;not&nbsp;available,91.6
1442598.JABW01000005_gene587,JABW01000005_gene587,annotation&nbsp;not&nbsp;available,91.6
1442598.JABW01000005_gene519,JABW01000005_gene519,annotation&nbsp;not&nbsp;available,91.6
1442598.JABW01000024_gene1544,JABW01000024_gene1544,annotation&nbsp;not&nbsp;available,91.6
1442598.JABW01000005_gene583,JABW01000005_gene583,annotation&nbsp;not&nbsp;available,91.5
1442598.JABW01000005_gene567,JABW01000005_gene567,annotation&nbsp;not&nbsp;available,91.5
1442598.JABW01000030_gene1347,JABW01000030_gene1347,annotation&nbsp;not&nbsp;available,91.5
1442598.JABW01000005_gene490,JABW01000005_gene490,annotation&nbsp;not&nbsp;available,91.5
1442598.JABW01000027_gene908,JABW01000027_gene908,annotation&nbsp;not&nbsp;available,91.5
1442598.JABW01000001_gene1786,JABW01000001_gene1786,annotation&nbsp;not&nbsp;available,91.4
1442598.JABW01000012_gene374,JABW01000012_gene374,annotation&nbsp;not&nbsp;available,91.3
1442598.JABW01000011_gene325,JABW01000011_gene325,annotation&nbsp;not&nbsp;available,91.2
1442598.JABW01000015_gene1912,JABW01000015_gene1912,annotation&nbsp;not&nbsp;available,91.1
1442598.JABW01000025_gene1106,JABW01000025_gene1106,annotation&nbsp;not&nbsp;available,91.0
1442598.JABW01000005_gene616,JABW01000005_gene616,annotation&nbsp;not&nbsp;available,91.0
1442598.JABW01000031_gene1289,JABW01000031_gene1289,annotation&nbsp;not&nbsp;available,90.9
1442598.JABW01000028_gene1003,JABW01000028_gene1003,annotation&nbsp;not&nbsp;available,90.9
1442598.JABW01000011_gene289,JABW01000011_gene289,annotation&nbsp;not&nbsp;available,90.8
1442598.JABW01000028_gene939,JABW01000028_gene939,annotation&nbsp;not&nbsp;available,90.7
1442598.JABW01000024_gene1586,JABW01000024_gene1586,annotation&nbsp;not&nbsp;available,90.7
1442598.JABW01000002_gene1696,JABW01000002_gene1696,annotation&nbsp;not&nbsp;available,90.7
1442598.JABW01000022_gene2044,JABW01000022_gene2044,annotation&nbsp;not&nbsp;available,90.6
1442598.JABW01000030_gene1452,JABW01000030_gene1452,annotation&nbsp;not&nbsp;available,90.5
1442598.JABW01000024_gene1582,JABW01000024_gene1582,annotation&nbsp;not&nbsp;available,90.4
1442598.JABW01000027_gene876,JABW01000027_gene876,annotation&nbsp;not&nbsp;available,90.4
1442598.JABW01000035_gene1607,JABW01000035_gene1607,annotation&nbsp;not&nbsp;available,90.4
1442598.JABW01000026_gene1167,JABW01000026_gene1167,annotation&nbsp;not&nbsp;available,90.4
1442598.JABW01000005_gene627,JABW01000005_gene627,annotation&nbsp;not&nbsp;available,90.4
1442598.JABW01000028_gene952,JABW01000028_gene952,annotation&nbsp;not&nbsp;available,90.3
1442598.JABW01000011_gene263,JABW01000011_gene263,annotation&nbsp;not&nbsp;available,90.1
1442598.JABW01000002_gene1752,JABW01000002_gene1752,annotation&nbsp;not&nbsp;available,90.1
1442598.JABW01000005_gene558,JABW01000005_gene558,annotation&nbsp;not&nbsp;available,90.0
1442598.JABW01000011_gene298,JABW01000011_gene298,annotation&nbsp;not&nbsp;available,90.0
1442598.JABW01000014_gene2137,JABW01000014_gene2137,annotation&nbsp;not&nbsp;available,89.9
1442598.JABW01000008_gene808,JABW01000008_gene808,annotation&nbsp;not&nbsp;available,89.8
1442598.JABW01000014_gene2116,JABW01000014_gene2116,annotation&nbsp;not&nbsp;available,89.8
1442598.JABW01000005_gene497,JABW01000005_gene497,annotation&nbsp;not&nbsp;available,89.7
1442598.JABW01000003_gene45,JABW01000003_gene45,annotation&nbsp;not&nbsp;available,89.6
1442598.JABW01000026_gene1212,JABW01000026_gene1212,annotation&nbsp;not&nbsp;available,89.5
1442598.JABW01000005_gene566,JABW01000005_gene566,annotation&nbsp;not&nbsp;available,89.4
1442598.JABW01000026_gene1197,JABW01000026_gene1197,annotation&nbsp;not&nbsp;available,89.4
1442598.JABW01000014_gene2129,JABW01000014_gene2129,annotation&nbsp;not&nbsp;available,89.2
1442598.JABW01000002_gene1776,JABW01000002_gene1776,annotation&nbsp;not&nbsp;available,89.2
1442598.JABW01000002_gene1751,JABW01000002_gene1751,annotation&nbsp;not&nbsp;available,89.1
1442598.JABW01000003_gene65,JABW01000003_gene65,annotation&nbsp;not&nbsp;available,89.1
1442598.JABW01000015_gene1927,JABW01000015_gene1927,annotation&nbsp;not&nbsp;available,89.0
1442598.JABW01000028_gene946,JABW01000028_gene946,annotation&nbsp;not&nbsp;available,88.9
1442598.JABW01000005_gene540,JABW01000005_gene540,annotation&nbsp;not&nbsp;available,88.9
1442598.JABW01000003_gene41,JABW01000003_gene41,annotation&nbsp;not&nbsp;available,88.9
1442598.JABW01000022_gene2058,JABW01000022_gene2058,annotation&nbsp;not&nbsp;available,88.8
1442598.JABW01000012_gene369,JABW01000012_gene369,annotation&nbsp;not&nbsp;available,88.8
1442598.JABW01000010_gene183,JABW01000010_gene183,annotation&nbsp;not&nbsp;available,88.8
1442598.JABW01000024_gene1587,JABW01000024_gene1587,annotation&nbsp;not&nbsp;available,88.7
1442598.JABW01000020_gene1972,JABW01000020_gene1972,annotation&nbsp;not&nbsp;available,88.7
1442598.JABW01000005_gene607,JABW01000005_gene607,annotation&nbsp;not&nbsp;available,88.6
1442598.JABW01000001_gene1827,JABW01000001_gene1827,annotation&nbsp;not&nbsp;available,88.5
1442598.JABW01000011_gene234,JABW01000011_gene234,annotation&nbsp;not&nbsp;available,88.5
1442598.JABW01000025_gene1133,JABW01000025_gene1133,annotation&nbsp;not&nbsp;available,88.5
1442598.JABW01000001_gene1841,JABW01000001_gene1841,annotation&nbsp;not&nbsp;available,88.4
1442598.JABW01000003_gene96,JABW01000003_gene96,annotation&nbsp;not&nbsp;available,88.4
1442598.JABW01000002_gene1736,JABW01000002_gene1736,annotation&nbsp;not&nbsp;available,88.3
1442598.JABW01000012_gene393,JABW01000012_gene393,annotation&nbsp;not&nbsp;available,88.3
1442598.JABW01000030_gene1427,JABW01000030_gene1427,annotation&nbsp;not&nbsp;available,88.3
1442598.JABW01000008_gene762,JABW01000008_gene762,annotation&nbsp;not&nbsp;available,88.2
1442598.JABW01000005_gene557,JABW01000005_gene557,annotation&nbsp;not&nbsp;available,88.1
1442598.JABW01000005_gene461,JABW01000005_gene461,annotation&nbsp;not&nbsp;available,87.9
1442598.JABW01000008_gene716,JABW01000008_gene716,annotation&nbsp;not&nbsp;available,87.9
1442598.JABW01000030_gene1434,JABW01000030_gene1434,annotation&nbsp;not&nbsp;available,87.9
1442598.JABW01000005_gene620,JABW01000005_gene620,annotation&nbsp;not&nbsp;available,87.9
1442598.JABW01000010_gene193,JABW01000010_gene193,annotation&nbsp;not&nbsp;available,87.9
1442598.JABW01000030_gene1344,JABW01000030_gene1344,annotation&nbsp;not&nbsp;available,87.8
1442598.JABW01000008_gene774,JABW01000008_gene774,annotation&nbsp;not&nbsp;available,87.7
1442598.JABW01000011_gene311,JABW01000011_gene311,annotation&nbsp;not&nbsp;available,87.5
1442598.JABW01000026_gene1213,JABW01000026_gene1213,annotation&nbsp;not&nbsp;available,87.5
1442598.JABW01000027_gene874,JABW01000027_gene874,annotation&nbsp;not&nbsp;available,87.3
1442598.JABW01000012_gene379,JABW01000012_gene379,annotation&nbsp;not&nbsp;available,87.3
1442598.JABW01000016_gene1895,JABW01000016_gene1895,annotation&nbsp;not&nbsp;available,87.1
1442598.JABW01000010_gene182,JABW01000010_gene182,annotation&nbsp;not&nbsp;available,86.9
1442598.JABW01000024_gene1594,JABW01000024_gene1594,annotation&nbsp;not&nbsp;available,86.7
1442598.JABW01000016_gene1890,JABW01000016_gene1890,annotation&nbsp;not&nbsp;available,86.6
1442598.JABW01000005_gene544,JABW01000005_gene544,annotation&nbsp;not&nbsp;available,86.5
1442598.JABW01000026_gene1191,JABW01000026_gene1191,annotation&nbsp;not&nbsp;available,86.5
1442598.JABW01000003_gene94,JABW01000003_gene94,annotation&nbsp;not&nbsp;available,86.5
1442598.JABW01000027_gene853,JABW01000027_gene853,annotation&nbsp;not&nbsp;available,86.5
1442598.JABW01000008_gene730,JABW01000008_gene730,annotation&nbsp;not&nbsp;available,86.5
1442598.JABW01000003_gene67,JABW01000003_gene67,annotation&nbsp;not&nbsp;available,86.3
1442598.JABW01000021_gene2098,JABW01000021_gene2098,annotation&nbsp;not&nbsp;available,86.3
1442598.JABW01000031_gene1286,JABW01000031_gene1286,annotation&nbsp;not&nbsp;available,86.3
1442598.JABW01000003_gene69,JABW01000003_gene69,annotation&nbsp;not&nbsp;available,86.3
1442598.JABW01000011_gene301,JABW01000011_gene301,annotation&nbsp;not&nbsp;available,86.3
1442598.JABW01000021_gene2090,JABW01000021_gene2090,annotation&nbsp;not&nbsp;available,86.2
1442598.JABW01000025_gene1125,JABW01000025_gene1125,annotation&nbsp;not&nbsp;available,86.2
1442598.JABW01000013_gene2189,JABW01000013_gene2189,annotation&nbsp;not&nbsp;available,86.1
1442598.JABW01000014_gene2170,JABW01000014_gene2170,annotation&nbsp;not&nbsp;available,86.1
1442598.JABW01000005_gene491,JABW01000005_gene491,annotation&nbsp;not&nbsp;available,86.1
1442598.JABW01000005_gene527,JABW01000005_gene527,annotation&nbsp;not&nbsp;available,86.1
1442598.JABW01000022_gene2034,JABW01000022_gene2034,annotation&nbsp;not&nbsp;available,86.0
1442598.JABW01000025_gene1096,JABW01000025_gene1096,annotation&nbsp;not&nbsp;available,85.9
1442598.JABW01000025_gene1079,JABW01000025_gene1079,annotation&nbsp;not&nbsp;available,85.8
1442598.JABW01000014_gene2150,JABW01000014_gene2150,annotation&nbsp;not&nbsp;available,85.8
1442598.JABW01000002_gene1697,JABW01000002_gene1697,annotation&nbsp;not&nbsp;available,85.8
1442598.JABW01000016_gene1870,JABW01000016_gene1870,annotation&nbsp;not&nbsp;available,85.6
1442598.JABW01000025_gene1103,JABW01000025_gene1103,annotation&nbsp;not&nbsp;available,85.5
1442598.JABW01000030_gene1395,JABW01000030_gene1395,annotation&nbsp;not&nbsp;available,85.5
1442598.JABW01000015_gene1918,JABW01000015_gene1918,annotation&nbsp;not&nbsp;available,85.4
1442598.JABW01000010_gene211,JABW01000010_gene211,annotation&nbsp;not&nbsp;available,85.4
1442598.JABW01000025_gene1075,JABW01000025_gene1075,annotation&nbsp;not&nbsp;available,85.4
1442598.JABW01000028_gene996,JABW01000028_gene996,annotation&nbsp;not&nbsp;available,85.2
1442598.JABW01000015_gene1914,JABW01000015_gene1914,annotation&nbsp;not&nbsp;available,85.2
1442598.JABW01000030_gene1436,JABW01000030_gene1436,annotation&nbsp;not&nbsp;available,85.2
1442598.JABW01000024_gene1589,JABW01000024_gene1589,annotation&nbsp;not&nbsp;available,85.1
1442598.JABW01000005_gene460,JABW01000005_gene460,annotation&nbsp;not&nbsp;available,85.0
1442598.JABW01000002_gene1674,JABW01000002_gene1674,annotation&nbsp;not&nbsp;available,85.0
1442598.JABW01000011_gene314,JABW01000011_gene314,annotation&nbsp;not&nbsp;available,85.0
1442598.JABW01000031_gene1269,JABW01000031_gene1269,annotation&nbsp;not&nbsp;available,84.9
1442598.JABW01000028_gene935,JABW01000028_gene935,annotation&nbsp;not&nbsp;available,84.9
1442598.JABW01000008_gene809,JABW01000008_gene809,annotation&nbsp;not&nbsp;available,84.9
1442598.JABW01000025_gene1119,JABW01000025_gene1119,annotation&nbsp;not&nbsp;available,84.7
1442598.JABW01000001_gene1798,JABW01000001_gene1798,annotation&nbsp;not&nbsp;available,84.6
1442598.JABW01000024_gene1595,JABW01000024_gene1595,annotation&nbsp;not&nbsp;available,84.6
1442598.JABW01000021_gene2083,JABW01000021_gene2083,annotation&nbsp;not&nbsp;available,84.6
1442598.JABW01000011_gene222,JABW01000011_gene222,annotation&nbsp;not&nbsp;available,84.5
1442598.JABW01000024_gene1510,JABW01000024_gene1510,annotation&nbsp;not&nbsp;available,84.4
1442598.JABW01000027_gene872,JABW01000027_gene872,annotation&nbsp;not&nbsp;available,84.4
1442598.JABW01000005_gene559,JABW01000005_gene559,annotation&nbsp;not&nbsp;available,84.3
1442598.JABW01000003_gene40,JABW01000003_gene40,annotation&nbsp;not&nbsp;available,84.3
1442598.JABW01000021_gene2077,JABW01000021_gene2077,annotation&nbsp;not&nbsp;available,84.3
1442598.JABW01000019_gene1990,JABW01000019_gene1990,annotation&nbsp;not&nbsp;available,84.0
1442598.JABW01000028_gene1037,JABW01000028_gene1037,annotation&nbsp;not&nbsp;available,84.0
1442598.JABW01000033_gene1645,JABW01000033_gene1645,annotation&nbsp;not&nbsp;available,84.0
1442598.JABW01000012_gene380,JABW01000012_gene380,annotation&nbsp;not&nbsp;available,83.9
1442598.JABW01000027_gene857,JABW01000027_gene857,annotation&nbsp;not&nbsp;available,83.9
1442598.JABW01000006_gene673,JABW01000006_gene673,annotation&nbsp;not&nbsp;available,83.9
1442598.JABW01000024_gene1538,JABW01000024_gene1538,annotation&nbsp;not&nbsp;available,83.8
1442598.JABW01000008_gene779,JABW01000008_gene779,annotation&nbsp;not&nbsp;available,83.7
1442598.JABW01000011_gene259,JABW01000011_gene259,annotation&nbsp;not&nbsp;available,83.7
1442598.JABW01000012_gene427,JABW01000012_gene427,annotation&nbsp;not&nbsp;available,83.7
1442598.JABW01000002_gene1692,JABW01000002_gene1692,annotation&nbsp;not&nbsp;available,83.7
1442598.JABW01000003_gene17,JABW01000003_gene17,annotation&nbsp;not&nbsp;available,83.5
1442598.JABW01000005_gene474,JABW01000005_gene474,annotation&nbsp;not&nbsp;available,83.5
1442598.JABW01000008_gene789,JABW01000008_gene789,annotation&nbsp;not&nbsp;available,83.4
1442598.JABW01000011_gene288,JABW01000011_gene288,annotation&nbsp;not&nbsp;available,83.4
1442598.JABW01000031_gene1298,JABW01000031_gene1298,annotation&nbsp;not&nbsp;available,83.3
1442598.JABW01000033_gene1652,JABW01000033_gene1652,annotation&nbsp;not&nbsp;available,83.3
1442598.JABW01000028_gene1034,JABW01000028_gene1034,annotation&nbsp;not&nbsp;available,83.3
1442598.JABW01000010_gene184,JABW01000010_gene184,annotation&nbsp;not&nbsp;available,83.3
1442598.JABW01000013_gene2177,JABW01000013_gene2177,annotation&nbsp;not&nbsp;available,83.2
1442598.JABW01000005_gene438,JABW01000005_gene438,annotation&nbsp;not&nbsp;available,83.2
1442598.JABW01000030_gene1418,JABW01000030_gene1418,annotation&nbsp;not&nbsp;available,83.1
1442598.JABW01000025_gene1156,JABW01000025_gene1156,annotation&nbsp;not&nbsp;available,83.1
1442598.JABW01000004_gene167,JABW01000004_gene167,annotation&nbsp;not&nbsp;available,83.0
1442598.JABW01000005_gene663,JABW01000005_gene663,annotation&nbsp;not&nbsp;available,83.0
1442598.JABW01000026_gene1163,JABW01000026_gene1163,annotation&nbsp;not&nbsp;available,83.0
1442598.JABW01000011_gene307,JABW01000011_gene307,annotation&nbsp;not&nbsp;available,83.0
1442598.JABW01000028_gene1005,JABW01000028_gene1005,annotation&nbsp;not&nbsp;available,83.0
1442598.JABW01000008_gene772,JABW01000008_gene772,annotation&nbsp;not&nbsp;available,82.9
1442598.JABW01000011_gene264,JABW01000011_gene264,annotation&nbsp;not&nbsp;available,82.8
1442598.JABW01000025_gene1135,JABW01000025_gene1135,annotation&nbsp;not&nbsp;available,82.8
1442598.JABW01000027_gene840,JABW01000027_gene840,annotation&nbsp;not&nbsp;available,82.7
1442598.JABW01000028_gene975,JABW01000028_gene975,annotation&nbsp;not&nbsp;available,82.7
1442598.JABW01000016_gene1875,JABW01000016_gene1875,annotation&nbsp;not&nbsp;available,82.6
1442598.JABW01000010_gene192,JABW01000010_gene192,annotation&nbsp;not&nbsp;available,82.6
1442598.JABW01000024_gene1520,JABW01000024_gene1520,annotation&nbsp;not&nbsp;available,82.6
1442598.JABW01000002_gene1669,JABW01000002_gene1669,annotation&nbsp;not&nbsp;available,82.6
1442598.JABW01000010_gene191,JABW01000010_gene191,annotation&nbsp;not&nbsp;available,82.6
1442598.JABW01000025_gene1159,JABW01000025_gene1159,annotation&nbsp;not&nbsp;available,82.5
1442598.JABW01000011_gene250,JABW01000011_gene250,annotation&nbsp;not&nbsp;available,82.5
1442598.JABW01000033_gene1654,JABW01000033_gene1654,annotation&nbsp;not&nbsp;available,82.4
1442598.JABW01000030_gene1446,JABW01000030_gene1446,annotation&nbsp;not&nbsp;available,82.3
1442598.JABW01000028_gene1036,JABW01000028_gene1036,annotation&nbsp;not&nbsp;available,82.3
1442598.JABW01000005_gene524,JABW01000005_gene524,annotation&nbsp;not&nbsp;available,82.3
1442598.JABW01000033_gene1659,JABW01000033_gene1659,annotation&nbsp;not&nbsp;available,82.2
1442598.JABW01000002_gene1707,JABW01000002_gene1707,annotation&nbsp;not&nbsp;available,82.2
1442598.JABW01000011_gene302,JABW01000011_gene302,annotation&nbsp;not&nbsp;available,82.1
1442598.JABW01000015_gene1913,JABW01000015_gene1913,annotation&nbsp;not&nbsp;available,82.1
1442598.JABW01000031_gene1300,JABW01000031_gene1300,annotation&nbsp;not&nbsp;available,82.0
1442598.JABW01000006_gene679,JABW01000006_gene679,annotation&nbsp;not&nbsp;available,81.7
1442598.JABW01000008_gene782,JABW01000008_gene782,annotation&nbsp;not&nbsp;available,81.7
1442598.JABW01000028_gene950,JABW01000028_gene950,annotation&nbsp;not&nbsp;available,81.6
1442598.JABW01000028_gene973,JABW01000028_gene973,annotation&nbsp;not&nbsp;available,81.5
1442598.JABW01000030_gene1423,JABW01000030_gene1423,annotation&nbsp;not&nbsp;available,81.5
1442598.JABW01000005_gene535,JABW01000005_gene535,annotation&nbsp;not&nbsp;available,81.5
1442598.JABW01000022_gene2023,JABW01000022_gene2023,annotation&nbsp;not&nbsp;available,81.4
1442598.JABW01000030_gene1428,JABW01000030_gene1428,annotation&nbsp;not&nbsp;available,81.4
1442598.JABW01000030_gene1424,JABW01000030_gene1424,annotation&nbsp;not&nbsp;available,81.3
1442598.JABW01000005_gene525,JABW01000005_gene525,annotation&nbsp;not&nbsp;available,81.3
1442598.JABW01000001_gene1804,JABW01000001_gene1804,annotation&nbsp;not&nbsp;available,81.2
1442598.JABW01000025_gene1137,JABW01000025_gene1137,annotation&nbsp;not&nbsp;available,81.2
1442598.JABW01000001_gene1803,JABW01000001_gene1803,annotation&nbsp;not&nbsp;available,81.1
1442598.JABW01000008_gene766,JABW01000008_gene766,annotation&nbsp;not&nbsp;available,81.0
1442598.JABW01000026_gene1168,JABW01000026_gene1168,annotation&nbsp;not&nbsp;available,80.9
1442598.JABW01000031_gene1290,JABW01000031_gene1290,annotation&nbsp;not&nbsp;available,80.9
1442598.JABW01000016_gene1858,JABW01000016_gene1858,annotation&nbsp;not&nbsp;available,80.7
1442598.JABW01000028_gene949,JABW01000028_gene949,annotation&nbsp;not&nbsp;available,80.6
1442598.JABW01000008_gene820,JABW01000008_gene820,annotation&nbsp;not&nbsp;available,80.6
1442598.JABW01000029_gene1332,JABW01000029_gene1332,annotation&nbsp;not&nbsp;available,80.5
1442598.JABW01000004_gene162,JABW01000004_gene162,annotation&nbsp;not&nbsp;available,80.5
1442598.JABW01000025_gene1155,JABW01000025_gene1155,annotation&nbsp;not&nbsp;available,80.5
1442598.JABW01000028_gene1012,JABW01000028_gene1012,annotation&nbsp;not&nbsp;available,80.4
1442598.JABW01000030_gene1416,JABW01000030_gene1416,annotation&nbsp;not&nbsp;available,80.3
1442598.JABW01000028_gene934,JABW01000028_gene934,annotation&nbsp;not&nbsp;available,80.2
1442598.JABW01000011_gene331,JABW01000011_gene331,annotation&nbsp;not&nbsp;available,80.1
1442598.JABW01000003_gene63,JABW01000003_gene63,annotation&nbsp;not&nbsp;available,80.0
1442598.JABW01000028_gene1011,JABW01000028_gene1011,annotation&nbsp;not&nbsp;available,79.9
1442598.JABW01000002_gene1726,JABW01000002_gene1726,annotation&nbsp;not&nbsp;available,79.8
1442598.JABW01000022_gene2029,JABW01000022_gene2029,annotation&nbsp;not&nbsp;available,79.7
1442598.JABW01000028_gene924,JABW01000028_gene924,annotation&nbsp;not&nbsp;available,79.7
1442598.JABW01000005_gene563,JABW01000005_gene563,annotation&nbsp;not&nbsp;available,79.6
1442598.JABW01000027_gene884,JABW01000027_gene884,annotation&nbsp;not&nbsp;available,79.5
1442598.JABW01000011_gene251,JABW01000011_gene251,annotation&nbsp;not&nbsp;available,79.4
1442598.JABW01000031_gene1254,JABW01000031_gene1254,annotation&nbsp;not&nbsp;available,79.4
1442598.JABW01000028_gene976,JABW01000028_gene976,annotation&nbsp;not&nbsp;available,79.3
1442598.JABW01000017_gene1953,JABW01000017_gene1953,annotation&nbsp;not&nbsp;available,79.2
1442598.JABW01000024_gene1495,JABW01000024_gene1495,annotation&nbsp;not&nbsp;available,79.2
1442598.JABW01000024_gene1588,JABW01000024_gene1588,annotation&nbsp;not&nbsp;available,79.1
1442598.JABW01000030_gene1360,JABW01000030_gene1360,annotation&nbsp;not&nbsp;available,79.1
1442598.JABW01000016_gene1852,JABW01000016_gene1852,annotation&nbsp;not&nbsp;available,79.1
1442598.JABW01000001_gene1815,JABW01000001_gene1815,annotation&nbsp;not&nbsp;available,79.0
1442598.JABW01000011_gene305,JABW01000011_gene305,annotation&nbsp;not&nbsp;available,79.0
1442598.JABW01000003_gene121,JABW01000003_gene121,annotation&nbsp;not&nbsp;available,78.9
1442598.JABW01000027_gene865,JABW01000027_gene865,annotation&nbsp;not&nbsp;available,78.8
1442598.JABW01000028_gene1004,JABW01000028_gene1004,annotation&nbsp;not&nbsp;available,78.8
1442598.JABW01000027_gene891,JABW01000027_gene891,annotation&nbsp;not&nbsp;available,78.8
1442598.JABW01000031_gene1288,JABW01000031_gene1288,annotation&nbsp;not&nbsp;available,78.8
1442598.JABW01000003_gene49,JABW01000003_gene49,annotation&nbsp;not&nbsp;available,78.7
1442598.JABW01000029_gene1317,JABW01000029_gene1317,annotation&nbsp;not&nbsp;available,78.6
1442598.JABW01000028_gene1015,JABW01000028_gene1015,annotation&nbsp;not&nbsp;available,78.6
1442598.JABW01000005_gene462,JABW01000005_gene462,annotation&nbsp;not&nbsp;available,78.6
1442598.JABW01000003_gene146,JABW01000003_gene146,annotation&nbsp;not&nbsp;available,78.4
1442598.JABW01000028_gene968,JABW01000028_gene968,annotation&nbsp;not&nbsp;available,78.4
1442598.JABW01000005_gene469,JABW01000005_gene469,annotation&nbsp;not&nbsp;available,78.3
1442598.JABW01000003_gene58,JABW01000003_gene58,annotation&nbsp;not&nbsp;available,78.3
1442598.JABW01000011_gene318,JABW01000011_gene318,annotation&nbsp;not&nbsp;available,78.3
1442598.JABW01000005_gene636,JABW01000005_gene636,annotation&nbsp;not&nbsp;available,78.3
1442598.JABW01000030_gene1415,JABW01000030_gene1415,annotation&nbsp;not&nbsp;available,78.2
1442598.JABW01000011_gene348,JABW01000011_gene348,annotation&nbsp;not&nbsp;available,78.1
1442598.JABW01000008_gene756,JABW01000008_gene756,annotation&nbsp;not&nbsp;available,78.1
1442598.JABW01000030_gene1433,JABW01000030_gene1433,annotation&nbsp;not&nbsp;available,78.1
1442598.JABW01000030_gene1453,JABW01000030_gene1453,annotation&nbsp;not&nbsp;available,78.0
1442598.JABW01000008_gene819,JABW01000008_gene819,annotation&nbsp;not&nbsp;available,77.7
1442598.JABW01000008_gene717,JABW01000008_gene717,annotation&nbsp;not&nbsp;available,77.6
1442598.JABW01000030_gene1392,JABW01000030_gene1392,annotation&nbsp;not&nbsp;available,77.6
1442598.JABW01000003_gene50,JABW01000003_gene50,annotation&nbsp;not&nbsp;available,77.5
1442598.JABW01000005_gene538,JABW01000005_gene538,annotation&nbsp;not&nbsp;available,77.4
1442598.JABW01000012_gene432,JABW01000012_gene432,annotation&nbsp;not&nbsp;available,77.3
1442598.JABW01000028_gene1010,JABW01000028_gene1010,annotation&nbsp;not&nbsp;available,77.3
1442598.JABW01000020_gene1954,JABW01000020_gene1954,annotation&nbsp;not&nbsp;available,77.2
1442598.JABW01000003_gene12,JABW01000003_gene12,annotation&nbsp;not&nbsp;available,77.1
1442598.JABW01000003_gene119,JABW01000003_gene119,annotation&nbsp;not&nbsp;available,77.1
1442598.JABW01000003_gene28,JABW01000003_gene28,annotation&nbsp;not&nbsp;available,77.0
1442598.JABW01000003_gene127,JABW01000003_gene127,annotation&nbsp;not&nbsp;available,77.0
1442598.JABW01000020_gene1981,JABW01000020_gene1981,annotation&nbsp;not&nbsp;available,77.0
1442598.JABW01000013_gene2194,JABW01000013_gene2194,annotation&nbsp;not&nbsp;available,76.9
1442598.JABW01000027_gene856,JABW01000027_gene856,annotation&nbsp;not&nbsp;available,76.9
1442598.JABW01000024_gene1513,JABW01000024_gene1513,annotation&nbsp;not&nbsp;available,76.9
1442598.JABW01000005_gene553,JABW01000005_gene553,annotation&nbsp;not&nbsp;available,76.8
1442598.JABW01000003_gene120,JABW01000003_gene120,annotation&nbsp;not&nbsp;available,76.8
1442598.JABW01000010_gene196,JABW01000010_gene196,annotation&nbsp;not&nbsp;available,76.8
1442598.JABW01000008_gene741,JABW01000008_gene741,annotation&nbsp;not&nbsp;available,76.7
1442598.JABW01000028_gene953,JABW01000028_gene953,annotation&nbsp;not&nbsp;available,76.6
1442598.JABW01000020_gene1980,JABW01000020_gene1980,annotation&nbsp;not&nbsp;available,76.5
1442598.JABW01000024_gene1549,JABW01000024_gene1549,annotation&nbsp;not&nbsp;available,76.5
1442598.JABW01000030_gene1432,JABW01000030_gene1432,annotation&nbsp;not&nbsp;available,76.5
1442598.JABW01000027_gene880,JABW01000027_gene880,annotation&nbsp;not&nbsp;available,76.4
1442598.JABW01000012_gene382,JABW01000012_gene382,annotation&nbsp;not&nbsp;available,76.3
1442598.JABW01000028_gene1029,JABW01000028_gene1029,annotation&nbsp;not&nbsp;available,76.2
1442598.JABW01000001_gene1790,JABW01000001_gene1790,annotation&nbsp;not&nbsp;available,76.1
1442598.JABW01000010_gene197,JABW01000010_gene197,annotation&nbsp;not&nbsp;available,76.1
1442598.JABW01000031_gene1299,JABW01000031_gene1299,annotation&nbsp;not&nbsp;available,76.1
1442598.JABW01000025_gene1069,JABW01000025_gene1069,annotation&nbsp;not&nbsp;available,76.1
1442598.JABW01000026_gene1175,JABW01000026_gene1175,annotation&nbsp;not&nbsp;available,76.0
1442598.JABW01000025_gene1081,JABW01000025_gene1081,annotation&nbsp;not&nbsp;available,75.9
1442598.JABW01000001_gene1795,JABW01000001_gene1795,annotation&nbsp;not&nbsp;available,75.8
1442598.JABW01000025_gene1113,JABW01000025_gene1113,annotation&nbsp;not&nbsp;available,75.8
1442598.JABW01000030_gene1414,JABW01000030_gene1414,annotation&nbsp;not&nbsp;available,75.8
1442598.JABW01000030_gene1367,JABW01000030_gene1367,annotation&nbsp;not&nbsp;available,75.7
1442598.JABW01000011_gene339,JABW01000011_gene339,annotation&nbsp;not&nbsp;available,75.7
1442598.JABW01000024_gene1598,JABW01000024_gene1598,annotation&nbsp;not&nbsp;available,75.5
1442598.JABW01000030_gene1374,JABW01000030_gene1374,annotation&nbsp;not&nbsp;available,75.5
1442598.JABW01000025_gene1118,JABW01000025_gene1118,annotation&nbsp;not&nbsp;available,75.5
1442598.JABW01000016_gene1874,JABW01000016_gene1874,annotation&nbsp;not&nbsp;available,75.5
1442598.JABW01000011_gene242,JABW01000011_gene242,annotation&nbsp;not&nbsp;available,75.5
1442598.JABW01000011_gene312,JABW01000011_gene312,annotation&nbsp;not&nbsp;available,75.5
1442598.JABW01000012_gene431,JABW01000012_gene431,annotation&nbsp;not&nbsp;available,75.4
1442598.JABW01000001_gene1816,JABW01000001_gene1816,annotation&nbsp;not&nbsp;available,75.3
1442598.JABW01000031_gene1302,JABW01000031_gene1302,annotation&nbsp;not&nbsp;available,75.3
1442598.JABW01000015_gene1928,JABW01000015_gene1928,annotation&nbsp;not&nbsp;available,75.3
1442598.JABW01000008_gene802,JABW01000008_gene802,annotation&nbsp;not&nbsp;available,75.3
1442598.JABW01000011_gene338,JABW01000011_gene338,annotation&nbsp;not&nbsp;available,75.2
1442598.JABW01000030_gene1353,JABW01000030_gene1353,annotation&nbsp;not&nbsp;available,75.0
1442598.JABW01000016_gene1885,JABW01000016_gene1885,annotation&nbsp;not&nbsp;available,75.0
1442598.JABW01000028_gene927,JABW01000028_gene927,annotation&nbsp;not&nbsp;available,74.9
1442598.JABW01000031_gene1216,JABW01000031_gene1216,annotation&nbsp;not&nbsp;available,74.8
1442598.JABW01000024_gene1541,JABW01000024_gene1541,annotation&nbsp;not&nbsp;available,74.7
1442598.JABW01000028_gene1007,JABW01000028_gene1007,annotation&nbsp;not&nbsp;available,74.7
1442598.JABW01000008_gene731,JABW01000008_gene731,annotation&nbsp;not&nbsp;available,74.6
1442598.JABW01000005_gene619,JABW01000005_gene619,annotation&nbsp;not&nbsp;available,74.4
1442598.JABW01000024_gene1542,JABW01000024_gene1542,annotation&nbsp;not&nbsp;available,74.2
1442598.JABW01000012_gene407,JABW01000012_gene407,annotation&nbsp;not&nbsp;available,74.2
1442598.JABW01000008_gene745,JABW01000008_gene745,annotation&nbsp;not&nbsp;available,74.1
1442598.JABW01000016_gene1868,JABW01000016_gene1868,annotation&nbsp;not&nbsp;available,74.1
1442598.JABW01000030_gene1371,JABW01000030_gene1371,annotation&nbsp;not&nbsp;available,74.1
1442598.JABW01000005_gene556,JABW01000005_gene556,annotation&nbsp;not&nbsp;available,74.1
1442598.JABW01000022_gene2036,JABW01000022_gene2036,annotation&nbsp;not&nbsp;available,74.0
1442598.JABW01000005_gene643,JABW01000005_gene643,annotation&nbsp;not&nbsp;available,74.0
1442598.JABW01000003_gene55,JABW01000003_gene55,annotation&nbsp;not&nbsp;available,73.9
1442598.JABW01000028_gene959,JABW01000028_gene959,annotation&nbsp;not&nbsp;available,73.9
1442598.JABW01000005_gene565,JABW01000005_gene565,annotation&nbsp;not&nbsp;available,73.9
1442598.JABW01000031_gene1243,JABW01000031_gene1243,annotation&nbsp;not&nbsp;available,73.7
1442598.JABW01000026_gene1198,JABW01000026_gene1198,annotation&nbsp;not&nbsp;available,73.6
1442598.JABW01000009_gene179,JABW01000009_gene179,annotation&nbsp;not&nbsp;available,73.5
1442598.JABW01000025_gene1120,JABW01000025_gene1120,annotation&nbsp;not&nbsp;available,73.5
1442598.JABW01000029_gene1328,JABW01000029_gene1328,annotation&nbsp;not&nbsp;available,73.3
1442598.JABW01000028_gene1038,JABW01000028_gene1038,annotation&nbsp;not&nbsp;available,73.2
1442598.JABW01000008_gene814,JABW01000008_gene814,annotation&nbsp;not&nbsp;available,73.2
1442598.JABW01000004_gene148,JABW01000004_gene148,annotation&nbsp;not&nbsp;available,73.2
1442598.JABW01000028_gene992,JABW01000028_gene992,annotation&nbsp;not&nbsp;available,73.2
1442598.JABW01000025_gene1117,JABW01000025_gene1117,annotation&nbsp;not&nbsp;available,73.2
1442598.JABW01000011_gene355,JABW01000011_gene355,annotation&nbsp;not&nbsp;available,73.1
1442598.JABW01000028_gene961,JABW01000028_gene961,annotation&nbsp;not&nbsp;available,73.0
1442598.JABW01000015_gene1909,JABW01000015_gene1909,annotation&nbsp;not&nbsp;available,73.0
1442598.JABW01000025_gene1066,JABW01000025_gene1066,annotation&nbsp;not&nbsp;available,72.9
1442598.JABW01000024_gene1590,JABW01000024_gene1590,annotation&nbsp;not&nbsp;available,72.9
1442598.JABW01000011_gene352,JABW01000011_gene352,annotation&nbsp;not&nbsp;available,72.8
1442598.JABW01000003_gene77,JABW01000003_gene77,annotation&nbsp;not&nbsp;available,72.7
1442598.JABW01000014_gene2115,JABW01000014_gene2115,annotation&nbsp;not&nbsp;available,72.7
1442598.JABW01000024_gene1492,JABW01000024_gene1492,annotation&nbsp;not&nbsp;available,72.6
1442598.JABW01000008_gene773,JABW01000008_gene773,annotation&nbsp;not&nbsp;available,72.6
1442598.JABW01000014_gene2163,JABW01000014_gene2163,annotation&nbsp;not&nbsp;available,72.6
1442598.JABW01000024_gene1536,JABW01000024_gene1536,annotation&nbsp;not&nbsp;available,72.6
1442598.JABW01000012_gene436,JABW01000012_gene436,annotation&nbsp;not&nbsp;available,72.5
1442598.JABW01000003_gene123,JABW01000003_gene123,annotation&nbsp;not&nbsp;available,72.5
1442598.JABW01000024_gene1524,JABW01000024_gene1524,annotation&nbsp;not&nbsp;available,72.4
1442598.JABW01000030_gene1396,JABW01000030_gene1396,annotation&nbsp;not&nbsp;available,72.3
1442598.JABW01000027_gene842,JABW01000027_gene842,annotation&nbsp;not&nbsp;available,72.1
1442598.JABW01000028_gene1044,JABW01000028_gene1044,annotation&nbsp;not&nbsp;available,72.1
1442598.JABW01000022_gene2003,JABW01000022_gene2003,annotation&nbsp;not&nbsp;available,72.1
1442598.JABW01000025_gene1095,JABW01000025_gene1095,annotation&nbsp;not&nbsp;available,72.0
1442598.JABW01000031_gene1264,JABW01000031_gene1264,annotation&nbsp;not&nbsp;available,71.9
1442598.JABW01000028_gene1043,JABW01000028_gene1043,annotation&nbsp;not&nbsp;available,71.9
1442598.JABW01000024_gene1515,JABW01000024_gene1515,annotation&nbsp;not&nbsp;available,71.8
1442598.JABW01000028_gene920,JABW01000028_gene920,annotation&nbsp;not&nbsp;available,71.7
1442598.JABW01000024_gene1539,JABW01000024_gene1539,annotation&nbsp;not&nbsp;available,71.6
1442598.JABW01000011_gene261,JABW01000011_gene261,annotation&nbsp;not&nbsp;available,71.6
1442598.JABW01000020_gene1979,JABW01000020_gene1979,annotation&nbsp;not&nbsp;available,71.5
1442598.JABW01000025_gene1154,JABW01000025_gene1154,annotation&nbsp;not&nbsp;available,71.3
1442598.JABW01000020_gene1974,JABW01000020_gene1974,annotation&nbsp;not&nbsp;available,71.3
1442598.JABW01000030_gene1438,JABW01000030_gene1438,annotation&nbsp;not&nbsp;available,71.1
1442598.JABW01000005_gene444,JABW01000005_gene444,annotation&nbsp;not&nbsp;available,71.1
1442598.JABW01000011_gene225,JABW01000011_gene225,annotation&nbsp;not&nbsp;available,71.1
1442598.JABW01000014_gene2121,JABW01000014_gene2121,annotation&nbsp;not&nbsp;available,71.1
1442598.JABW01000027_gene896,JABW01000027_gene896,annotation&nbsp;not&nbsp;available,70.9
1442598.JABW01000021_gene2100,JABW01000021_gene2100,annotation&nbsp;not&nbsp;available,70.8
1442598.JABW01000025_gene1093,JABW01000025_gene1093,annotation&nbsp;not&nbsp;available,70.8
1442598.JABW01000005_gene582,JABW01000005_gene582,annotation&nbsp;not&nbsp;available,70.7
1442598.JABW01000024_gene1540,JABW01000024_gene1540,annotation&nbsp;not&nbsp;available,70.6
1442598.JABW01000020_gene1977,JABW01000020_gene1977,annotation&nbsp;not&nbsp;available,70.6
1442598.JABW01000005_gene633,JABW01000005_gene633,annotation&nbsp;not&nbsp;available,70.5
1442598.JABW01000002_gene1702,JABW01000002_gene1702,annotation&nbsp;not&nbsp;available,70.3
1442598.JABW01000030_gene1448,JABW01000030_gene1448,annotation&nbsp;not&nbsp;available,70.3
1442598.JABW01000021_gene2075,JABW01000021_gene2075,annotation&nbsp;not&nbsp;available,70.3
1442598.JABW01000023_gene1474,JABW01000023_gene1474,annotation&nbsp;not&nbsp;available,70.2
1442598.JABW01000028_gene970,JABW01000028_gene970,annotation&nbsp;not&nbsp;available,70.1
1442598.JABW01000004_gene170,JABW01000004_gene170,annotation&nbsp;not&nbsp;available,70.1
1442598.JABW01000025_gene1140,JABW01000025_gene1140,annotation&nbsp;not&nbsp;available,70.1
1442598.JABW01000028_gene954,JABW01000028_gene954,annotation&nbsp;not&nbsp;available,70.0
1442598.JABW01000031_gene1227,JABW01000031_gene1227,annotation&nbsp;not&nbsp;available,70.0
1442598.JABW01000011_gene303,JABW01000011_gene303,annotation&nbsp;not&nbsp;available,70.0
1442598.JABW01000008_gene722,JABW01000008_gene722,annotation&nbsp;not&nbsp;available,69.9
1442598.JABW01000024_gene1532,JABW01000024_gene1532,annotation&nbsp;not&nbsp;available,69.9
1442598.JABW01000005_gene615,JABW01000005_gene615,annotation&nbsp;not&nbsp;available,69.9
1442598.JABW01000033_gene1653,JABW01000033_gene1653,annotation&nbsp;not&nbsp;available,69.9
1442598.JABW01000021_gene2062,JABW01000021_gene2062,annotation&nbsp;not&nbsp;available,69.8
1442598.JABW01000016_gene1857,JABW01000016_gene1857,annotation&nbsp;not&nbsp;available,69.8
1442598.JABW01000011_gene332,JABW01000011_gene332,annotation&nbsp;not&nbsp;available,69.8
1442598.JABW01000026_gene1203,JABW01000026_gene1203,annotation&nbsp;not&nbsp;available,69.8
1442598.JABW01000028_gene1000,JABW01000028_gene1000,annotation&nbsp;not&nbsp;available,69.8
1442598.JABW01000025_gene1141,JABW01000025_gene1141,annotation&nbsp;not&nbsp;available,69.7
1442598.JABW01000005_gene580,JABW01000005_gene580,annotation&nbsp;not&nbsp;available,69.7
1442598.JABW01000030_gene1349,JABW01000030_gene1349,annotation&nbsp;not&nbsp;available,69.7
1442598.JABW01000030_gene1420,JABW01000030_gene1420,annotation&nbsp;not&nbsp;available,69.6
1442598.JABW01000011_gene327,JABW01000011_gene327,annotation&nbsp;not&nbsp;available,69.6
1442598.JABW01000030_gene1363,JABW01000030_gene1363,annotation&nbsp;not&nbsp;available,69.5
1442598.JABW01000005_gene584,JABW01000005_gene584,annotation&nbsp;not&nbsp;available,69.5
1442598.JABW01000025_gene1080,JABW01000025_gene1080,annotation&nbsp;not&nbsp;available,69.4
1442598.JABW01000028_gene972,JABW01000028_gene972,annotation&nbsp;not&nbsp;available,69.4
1442598.JABW01000002_gene1733,JABW01000002_gene1733,annotation&nbsp;not&nbsp;available,69.2
1442598.JABW01000011_gene324,JABW01000011_gene324,annotation&nbsp;not&nbsp;available,69.1
1442598.JABW01000005_gene441,JABW01000005_gene441,annotation&nbsp;not&nbsp;available,69.1
1442598.JABW01000028_gene1006,JABW01000028_gene1006,annotation&nbsp;not&nbsp;available,69.1
1442598.JABW01000030_gene1444,JABW01000030_gene1444,annotation&nbsp;not&nbsp;available,69.0
1442598.JABW01000027_gene843,JABW01000027_gene843,annotation&nbsp;not&nbsp;available,69.0
1442598.JABW01000005_gene520,JABW01000005_gene520,annotation&nbsp;not&nbsp;available,68.8
1442598.JABW01000005_gene653,JABW01000005_gene653,annotation&nbsp;not&nbsp;available,68.8
1442598.JABW01000032_gene1315,JABW01000032_gene1315,annotation&nbsp;not&nbsp;available,68.8
1442598.JABW01000011_gene275,JABW01000011_gene275,annotation&nbsp;not&nbsp;available,68.8
1442598.JABW01000005_gene443,JABW01000005_gene443,annotation&nbsp;not&nbsp;available,68.8
1442598.JABW01000028_gene925,JABW01000028_gene925,annotation&nbsp;not&nbsp;available,68.7
1442598.JABW01000008_gene778,JABW01000008_gene778,annotation&nbsp;not&nbsp;available,68.6
1442598.JABW01000020_gene1963,JABW01000020_gene1963,annotation&nbsp;not&nbsp;available,68.6
1442598.JABW01000028_gene1031,JABW01000028_gene1031,annotation&nbsp;not&nbsp;available,68.6
1442598.JABW01000030_gene1461,JABW01000030_gene1461,annotation&nbsp;not&nbsp;available,68.6
1442598.JABW01000012_gene428,JABW01000012_gene428,annotation&nbsp;not&nbsp;available,68.6
1442598.JABW01000016_gene1894,JABW01000016_gene1894,annotation&nbsp;not&nbsp;available,68.5
1442598.JABW01000030_gene1460,JABW01000030_gene1460,annotation&nbsp;not&nbsp;available,68.5
1442598.JABW01000003_gene39,JABW01000003_gene39,annotation&nbsp;not&nbsp;available,68.4
1442598.JABW01000011_gene237,JABW01000011_gene237,annotation&nbsp;not&nbsp;available,68.4
1442598.JABW01000024_gene1497,JABW01000024_gene1497,annotation&nbsp;not&nbsp;available,68.4
1442598.JABW01000002_gene1690,JABW01000002_gene1690,annotation&nbsp;not&nbsp;available,68.2
1442598.JABW01000011_gene291,JABW01000011_gene291,annotation&nbsp;not&nbsp;available,68.1
1442598.JABW01000010_gene216,JABW01000010_gene216,annotation&nbsp;not&nbsp;available,67.9
1442598.JABW01000005_gene555,JABW01000005_gene555,annotation&nbsp;not&nbsp;available,67.8
1442598.JABW01000011_gene227,JABW01000011_gene227,annotation&nbsp;not&nbsp;available,67.8
1442598.JABW01000028_gene1026,JABW01000028_gene1026,annotation&nbsp;not&nbsp;available,67.7
1442598.JABW01000027_gene897,JABW01000027_gene897,annotation&nbsp;not&nbsp;available,67.7
1442598.JABW01000005_gene560,JABW01000005_gene560,annotation&nbsp;not&nbsp;available,67.4
1442598.JABW01000013_gene2183,JABW01000013_gene2183,annotation&nbsp;not&nbsp;available,67.4
1442598.JABW01000028_gene947,JABW01000028_gene947,annotation&nbsp;not&nbsp;available,67.4
1442598.JABW01000008_gene728,JABW01000008_gene728,annotation&nbsp;not&nbsp;available,67.3
1442598.JABW01000022_gene1999,JABW01000022_gene1999,annotation&nbsp;not&nbsp;available,67.3
1442598.JABW01000016_gene1880,JABW01000016_gene1880,annotation&nbsp;not&nbsp;available,67.3
1442598.JABW01000024_gene1581,JABW01000024_gene1581,annotation&nbsp;not&nbsp;available,67.2
1442598.JABW01000028_gene923,JABW01000028_gene923,annotation&nbsp;not&nbsp;available,67.2
1442598.JABW01000003_gene29,JABW01000003_gene29,annotation&nbsp;not&nbsp;available,67.0
1442598.JABW01000005_gene662,JABW01000005_gene662,annotation&nbsp;not&nbsp;available,66.9
1442598.JABW01000008_gene742,JABW01000008_gene742,annotation&nbsp;not&nbsp;available,66.9
1442598.JABW01000002_gene1668,JABW01000002_gene1668,annotation&nbsp;not&nbsp;available,66.9
1442598.JABW01000021_gene2071,JABW01000021_gene2071,annotation&nbsp;not&nbsp;available,66.8
1442598.JABW01000005_gene588,JABW01000005_gene588,annotation&nbsp;not&nbsp;available,66.8
1442598.JABW01000028_gene1028,JABW01000028_gene1028,annotation&nbsp;not&nbsp;available,66.8
1442598.JABW01000008_gene723,JABW01000008_gene723,annotation&nbsp;not&nbsp;available,66.8
1442598.JABW01000015_gene1915,JABW01000015_gene1915,annotation&nbsp;not&nbsp;available,66.7
1442598.JABW01000002_gene1725,JABW01000002_gene1725,annotation&nbsp;not&nbsp;available,66.6
1442598.JABW01000025_gene1138,JABW01000025_gene1138,annotation&nbsp;not&nbsp;available,66.6
1442598.JABW01000005_gene592,JABW01000005_gene592,annotation&nbsp;not&nbsp;available,66.6
1442598.JABW01000005_gene478,JABW01000005_gene478,annotation&nbsp;not&nbsp;available,66.5
1442598.JABW01000003_gene75,JABW01000003_gene75,annotation&nbsp;not&nbsp;available,66.4
1442598.JABW01000011_gene359,JABW01000011_gene359,annotation&nbsp;not&nbsp;available,66.3
1442598.JABW01000032_gene1310,JABW01000032_gene1310,annotation&nbsp;not&nbsp;available,66.2
1442598.JABW01000008_gene760,JABW01000008_gene760,annotation&nbsp;not&nbsp;available,66.1
1442598.JABW01000002_gene1703,JABW01000002_gene1703,annotation&nbsp;not&nbsp;available,66.0
1442598.JABW01000002_gene1698,JABW01000002_gene1698,annotation&nbsp;not&nbsp;available,66.0
1442598.JABW01000022_gene2035,JABW01000022_gene2035,annotation&nbsp;not&nbsp;available,66.0
1442598.JABW01000016_gene1856,JABW01000016_gene1856,annotation&nbsp;not&nbsp;available,66.0
1442598.JABW01000015_gene1900,JABW01000015_gene1900,annotation&nbsp;not&nbsp;available,66.0
1442598.JABW01000008_gene810,JABW01000008_gene810,annotation&nbsp;not&nbsp;available,65.9
1442598.JABW01000030_gene1362,JABW01000030_gene1362,annotation&nbsp;not&nbsp;available,65.8
1442598.JABW01000028_gene962,JABW01000028_gene962,annotation&nbsp;not&nbsp;available,65.7
1442598.JABW01000011_gene252,JABW01000011_gene252,annotation&nbsp;not&nbsp;available,65.7
1442598.JABW01000011_gene361,JABW01000011_gene361,annotation&nbsp;not&nbsp;available,65.7
1442598.JABW01000012_gene421,JABW01000012_gene421,annotation&nbsp;not&nbsp;available,65.6
1442598.JABW01000003_gene42,JABW01000003_gene42,annotation&nbsp;not&nbsp;available,65.6
1442598.JABW01000008_gene783,JABW01000008_gene783,annotation&nbsp;not&nbsp;available,65.6
1442598.JABW01000022_gene2042,JABW01000022_gene2042,annotation&nbsp;not&nbsp;available,65.6
1442598.JABW01000026_gene1199,JABW01000026_gene1199,annotation&nbsp;not&nbsp;available,65.5
1442598.JABW01000011_gene295,JABW01000011_gene295,annotation&nbsp;not&nbsp;available,65.5
1442598.JABW01000023_gene1477,JABW01000023_gene1477,annotation&nbsp;not&nbsp;available,65.5
1442598.JABW01000005_gene632,JABW01000005_gene632,annotation&nbsp;not&nbsp;available,65.3
1442598.JABW01000031_gene1230,JABW01000031_gene1230,annotation&nbsp;not&nbsp;available,65.3
1442598.JABW01000002_gene1675,JABW01000002_gene1675,annotation&nbsp;not&nbsp;available,65.3
1442598.JABW01000027_gene858,JABW01000027_gene858,annotation&nbsp;not&nbsp;available,65.3
1442598.JABW01000005_gene447,JABW01000005_gene447,annotation&nbsp;not&nbsp;available,65.1
1442598.JABW01000008_gene732,JABW01000008_gene732,annotation&nbsp;not&nbsp;available,65.0
1442598.JABW01000014_gene2123,JABW01000014_gene2123,annotation&nbsp;not&nbsp;available,65.0
1442598.JABW01000024_gene1599,JABW01000024_gene1599,annotation&nbsp;not&nbsp;available,65.0
1442598.JABW01000012_gene426,JABW01000012_gene426,annotation&nbsp;not&nbsp;available,65.0
1442598.JABW01000024_gene1519,JABW01000024_gene1519,annotation&nbsp;not&nbsp;available,64.9
1442598.JABW01000005_gene456,JABW01000005_gene456,annotation&nbsp;not&nbsp;available,64.9
1442598.JABW01000029_gene1333,JABW01000029_gene1333,annotation&nbsp;not&nbsp;available,64.9
1442598.JABW01000003_gene115,JABW01000003_gene115,annotation&nbsp;not&nbsp;available,64.7
1442598.JABW01000002_gene1742,JABW01000002_gene1742,annotation&nbsp;not&nbsp;available,64.7
1442598.JABW01000005_gene445,JABW01000005_gene445,annotation&nbsp;not&nbsp;available,64.6
1442598.JABW01000027_gene877,JABW01000027_gene877,annotation&nbsp;not&nbsp;available,64.5
1442598.JABW01000025_gene1134,JABW01000025_gene1134,annotation&nbsp;not&nbsp;available,64.5
1442598.JABW01000031_gene1297,JABW01000031_gene1297,annotation&nbsp;not&nbsp;available,64.3
1442598.JABW01000005_gene493,JABW01000005_gene493,annotation&nbsp;not&nbsp;available,64.3
1442598.JABW01000005_gene652,JABW01000005_gene652,annotation&nbsp;not&nbsp;available,64.3
1442598.JABW01000014_gene2119,JABW01000014_gene2119,annotation&nbsp;not&nbsp;available,64.1
1442598.JABW01000005_gene614,JABW01000005_gene614,annotation&nbsp;not&nbsp;available,64.0
1442598.JABW01000005_gene603,JABW01000005_gene603,annotation&nbsp;not&nbsp;available,64.0
1442598.JABW01000030_gene1471,JABW01000030_gene1471,annotation&nbsp;not&nbsp;available,64.0
1442598.JABW01000030_gene1422,JABW01000030_gene1422,annotation&nbsp;not&nbsp;available,63.9
1442598.JABW01000024_gene1596,JABW01000024_gene1596,annotation&nbsp;not&nbsp;available,63.9
1442598.JABW01000030_gene1410,JABW01000030_gene1410,annotation&nbsp;not&nbsp;available,63.8
1442598.JABW01000030_gene1430,JABW01000030_gene1430,annotation&nbsp;not&nbsp;available,63.7
1442598.JABW01000002_gene1722,JABW01000002_gene1722,annotation&nbsp;not&nbsp;available,63.7
1442598.JABW01000003_gene54,JABW01000003_gene54,annotation&nbsp;not&nbsp;available,63.7
1442598.JABW01000024_gene1526,JABW01000024_gene1526,annotation&nbsp;not&nbsp;available,63.6
1442598.JABW01000024_gene1529,JABW01000024_gene1529,annotation&nbsp;not&nbsp;available,63.6
1442598.JABW01000027_gene909,JABW01000027_gene909,annotation&nbsp;not&nbsp;available,63.5
1442598.JABW01000027_gene873,JABW01000027_gene873,annotation&nbsp;not&nbsp;available,63.5
1442598.JABW01000005_gene586,JABW01000005_gene586,annotation&nbsp;not&nbsp;available,63.5
1442598.JABW01000005_gene562,JABW01000005_gene562,annotation&nbsp;not&nbsp;available,63.4
1442598.JABW01000003_gene30,JABW01000003_gene30,annotation&nbsp;not&nbsp;available,63.4
1442598.JABW01000011_gene236,JABW01000011_gene236,annotation&nbsp;not&nbsp;available,63.4
1442598.JABW01000027_gene882,JABW01000027_gene882,annotation&nbsp;not&nbsp;available,63.4
1442598.JABW01000029_gene1322,JABW01000029_gene1322,annotation&nbsp;not&nbsp;available,63.4
1442598.JABW01000001_gene1828,JABW01000001_gene1828,annotation&nbsp;not&nbsp;available,63.3
1442598.JABW01000020_gene1956,JABW01000020_gene1956,annotation&nbsp;not&nbsp;available,63.3
1442598.JABW01000003_gene117,JABW01000003_gene117,annotation&nbsp;not&nbsp;available,63.2
1442598.JABW01000003_gene16,JABW01000003_gene16,annotation&nbsp;not&nbsp;available,63.1
1442598.JABW01000030_gene1419,JABW01000030_gene1419,annotation&nbsp;not&nbsp;available,63.1
1442598.JABW01000024_gene1556,JABW01000024_gene1556,annotation&nbsp;not&nbsp;available,63.0
1442598.JABW01000001_gene1789,JABW01000001_gene1789,annotation&nbsp;not&nbsp;available,63.0
1442598.JABW01000030_gene1421,JABW01000030_gene1421,annotation&nbsp;not&nbsp;available,62.9
1442598.JABW01000003_gene1,JABW01000003_gene1,annotation&nbsp;not&nbsp;available,62.9
1442598.JABW01000025_gene1132,JABW01000025_gene1132,annotation&nbsp;not&nbsp;available,62.8
1442598.JABW01000005_gene551,JABW01000005_gene551,annotation&nbsp;not&nbsp;available,62.8
1442598.JABW01000003_gene44,JABW01000003_gene44,annotation&nbsp;not&nbsp;available,62.8
1442598.JABW01000027_gene907,JABW01000027_gene907,annotation&nbsp;not&nbsp;available,62.8
1442598.JABW01000028_gene1033,JABW01000028_gene1033,annotation&nbsp;not&nbsp;available,62.6
1442598.JABW01000014_gene2113,JABW01000014_gene2113,annotation&nbsp;not&nbsp;available,62.5
1442598.JABW01000026_gene1214,JABW01000026_gene1214,annotation&nbsp;not&nbsp;available,62.5
1442598.JABW01000024_gene1553,JABW01000024_gene1553,annotation&nbsp;not&nbsp;available,62.5
1442598.JABW01000008_gene817,JABW01000008_gene817,annotation&nbsp;not&nbsp;available,62.4
1442598.JABW01000005_gene552,JABW01000005_gene552,annotation&nbsp;not&nbsp;available,62.4
1442598.JABW01000027_gene859,JABW01000027_gene859,annotation&nbsp;not&nbsp;available,62.3
1442598.JABW01000016_gene1877,JABW01000016_gene1877,annotation&nbsp;not&nbsp;available,62.2
1442598.JABW01000003_gene8,JABW01000003_gene8,annotation&nbsp;not&nbsp;available,62.2
1442598.JABW01000005_gene585,JABW01000005_gene585,annotation&nbsp;not&nbsp;available,62.1
1442598.JABW01000008_gene767,JABW01000008_gene767,annotation&nbsp;not&nbsp;available,62.1
1442598.JABW01000005_gene515,JABW01000005_gene515,annotation&nbsp;not&nbsp;available,62.1
1442598.JABW01000025_gene1094,JABW01000025_gene1094,annotation&nbsp;not&nbsp;available,62.0
1442598.JABW01000024_gene1485,JABW01000024_gene1485,annotation&nbsp;not&nbsp;available,62.0
1442598.JABW01000002_gene1706,JABW01000002_gene1706,annotation&nbsp;not&nbsp;available,62.0
1442598.JABW01000043_gene2198,JABW01000043_gene2198,annotation&nbsp;not&nbsp;available,62.0
1442598.JABW01000024_gene1530,JABW01000024_gene1530,annotation&nbsp;not&nbsp;available,61.9
1442598.JABW01000024_gene1591,JABW01000024_gene1591,annotation&nbsp;not&nbsp;available,61.9
1442598.JABW01000016_gene1860,JABW01000016_gene1860,annotation&nbsp;not&nbsp;available,61.9
1442598.JABW01000030_gene1399,JABW01000030_gene1399,annotation&nbsp;not&nbsp;available,61.6
1442598.JABW01000028_gene969,JABW01000028_gene969,annotation&nbsp;not&nbsp;available,61.5
1442598.JABW01000002_gene1671,JABW01000002_gene1671,annotation&nbsp;not&nbsp;available,61.5
1442598.JABW01000010_gene185,JABW01000010_gene185,annotation&nbsp;not&nbsp;available,61.4
1442598.JABW01000019_gene1994,JABW01000019_gene1994,annotation&nbsp;not&nbsp;available,61.4
1442598.JABW01000005_gene533,JABW01000005_gene533,annotation&nbsp;not&nbsp;available,61.3
1442598.JABW01000008_gene816,JABW01000008_gene816,annotation&nbsp;not&nbsp;available,61.2
1442598.JABW01000021_gene2088,JABW01000021_gene2088,annotation&nbsp;not&nbsp;available,61.2
1442598.JABW01000008_gene733,JABW01000008_gene733,annotation&nbsp;not&nbsp;available,61.2
1442598.JABW01000008_gene724,JABW01000008_gene724,annotation&nbsp;not&nbsp;available,61.1
1442598.JABW01000014_gene2125,JABW01000014_gene2125,annotation&nbsp;not&nbsp;available,61.1
1442598.JABW01000024_gene1601,JABW01000024_gene1601,annotation&nbsp;not&nbsp;available,61.1
1442598.JABW01000022_gene2054,JABW01000022_gene2054,annotation&nbsp;not&nbsp;available,61.0
1442598.JABW01000031_gene1249,JABW01000031_gene1249,annotation&nbsp;not&nbsp;available,61.0
1442598.JABW01000001_gene1799,JABW01000001_gene1799,annotation&nbsp;not&nbsp;available,60.8
1442598.JABW01000028_gene960,JABW01000028_gene960,annotation&nbsp;not&nbsp;available,60.8
1442598.JABW01000022_gene1996,JABW01000022_gene1996,annotation&nbsp;not&nbsp;available,60.7
1442598.JABW01000011_gene287,JABW01000011_gene287,annotation&nbsp;not&nbsp;available,60.7
1442598.JABW01000024_gene1514,JABW01000024_gene1514,annotation&nbsp;not&nbsp;available,60.7
1442598.JABW01000008_gene771,JABW01000008_gene771,annotation&nbsp;not&nbsp;available,60.6
1442598.JABW01000024_gene1517,JABW01000024_gene1517,annotation&nbsp;not&nbsp;available,60.5
1442598.JABW01000003_gene81,JABW01000003_gene81,annotation&nbsp;not&nbsp;available,60.5
1442598.JABW01000003_gene18,JABW01000003_gene18,annotation&nbsp;not&nbsp;available,60.4
1442598.JABW01000025_gene1065,JABW01000025_gene1065,annotation&nbsp;not&nbsp;available,60.3
1442598.JABW01000003_gene100,JABW01000003_gene100,annotation&nbsp;not&nbsp;available,60.2
1442598.JABW01000024_gene1585,JABW01000024_gene1585,annotation&nbsp;not&nbsp;available,60.2
1442598.JABW01000025_gene1123,JABW01000025_gene1123,annotation&nbsp;not&nbsp;available,60.0
1442598.JABW01000005_gene506,JABW01000005_gene506,annotation&nbsp;not&nbsp;available,60.0
1442598.JABW01000025_gene1115,JABW01000025_gene1115,annotation&nbsp;not&nbsp;available,59.9
1442598.JABW01000025_gene1136,JABW01000025_gene1136,annotation&nbsp;not&nbsp;available,59.8
1442598.JABW01000013_gene2176,JABW01000013_gene2176,annotation&nbsp;not&nbsp;available,59.8
1442598.JABW01000030_gene1338,JABW01000030_gene1338,annotation&nbsp;not&nbsp;available,59.6
1442598.JABW01000001_gene1812,JABW01000001_gene1812,annotation&nbsp;not&nbsp;available,59.6
1442598.JABW01000027_gene871,JABW01000027_gene871,annotation&nbsp;not&nbsp;available,59.4
1442598.JABW01000027_gene881,JABW01000027_gene881,annotation&nbsp;not&nbsp;available,59.4
1442598.JABW01000031_gene1292,JABW01000031_gene1292,annotation&nbsp;not&nbsp;available,59.3
1442598.JABW01000030_gene1397,JABW01000030_gene1397,annotation&nbsp;not&nbsp;available,59.3
1442598.JABW01000005_gene531,JABW01000005_gene531,annotation&nbsp;not&nbsp;available,59.3
1442598.JABW01000031_gene1255,JABW01000031_gene1255,annotation&nbsp;not&nbsp;available,59.2
1442598.JABW01000011_gene317,JABW01000011_gene317,annotation&nbsp;not&nbsp;available,59.2
1442598.JABW01000025_gene1073,JABW01000025_gene1073,annotation&nbsp;not&nbsp;available,59.2
1442598.JABW01000027_gene879,JABW01000027_gene879,annotation&nbsp;not&nbsp;available,59.2
1442598.JABW01000030_gene1383,JABW01000030_gene1383,annotation&nbsp;not&nbsp;available,59.2
1442598.JABW01000028_gene965,JABW01000028_gene965,annotation&nbsp;not&nbsp;available,59.1
1442598.JABW01000025_gene1077,JABW01000025_gene1077,annotation&nbsp;not&nbsp;available,59.1
1442598.JABW01000008_gene815,JABW01000008_gene815,annotation&nbsp;not&nbsp;available,59.0
1442598.JABW01000005_gene561,JABW01000005_gene561,annotation&nbsp;not&nbsp;available,58.9
1442598.JABW01000024_gene1593,JABW01000024_gene1593,annotation&nbsp;not&nbsp;available,58.8
1442598.JABW01000008_gene807,JABW01000008_gene807,annotation&nbsp;not&nbsp;available,58.7
1442598.JABW01000028_gene963,JABW01000028_gene963,annotation&nbsp;not&nbsp;available,58.6
1442598.JABW01000008_gene740,JABW01000008_gene740,annotation&nbsp;not&nbsp;available,58.6
1442598.JABW01000005_gene464,JABW01000005_gene464,annotation&nbsp;not&nbsp;available,58.6
1442598.JABW01000014_gene2120,JABW01000014_gene2120,annotation&nbsp;not&nbsp;available,58.6
1442598.JABW01000012_gene399,JABW01000012_gene399,annotation&nbsp;not&nbsp;available,58.4
1442598.JABW01000005_gene472,JABW01000005_gene472,annotation&nbsp;not&nbsp;available,58.3
1442598.JABW01000001_gene1802,JABW01000001_gene1802,annotation&nbsp;not&nbsp;available,58.3
1442598.JABW01000013_gene2181,JABW01000013_gene2181,annotation&nbsp;not&nbsp;available,58.3
1442598.JABW01000024_gene1592,JABW01000024_gene1592,annotation&nbsp;not&nbsp;available,58.2
1442598.JABW01000026_gene1187,JABW01000026_gene1187,annotation&nbsp;not&nbsp;available,58.1
1442598.JABW01000026_gene1211,JABW01000026_gene1211,annotation&nbsp;not&nbsp;available,58.0
1442598.JABW01000018_gene1931,JABW01000018_gene1931,annotation&nbsp;not&nbsp;available,57.9
1442598.JABW01000008_gene746,JABW01000008_gene746,annotation&nbsp;not&nbsp;available,57.9
1442598.JABW01000024_gene1604,JABW01000024_gene1604,annotation&nbsp;not&nbsp;available,57.6
1442598.JABW01000028_gene964,JABW01000028_gene964,annotation&nbsp;not&nbsp;available,57.6
1442598.JABW01000005_gene440,JABW01000005_gene440,annotation&nbsp;not&nbsp;available,57.5
1442598.JABW01000005_gene480,JABW01000005_gene480,annotation&nbsp;not&nbsp;available,57.4
1442598.JABW01000023_gene1480,JABW01000023_gene1480,annotation&nbsp;not&nbsp;available,57.3
1442598.JABW01000011_gene277,JABW01000011_gene277,annotation&nbsp;not&nbsp;available,57.1
1442598.JABW01000030_gene1442,JABW01000030_gene1442,annotation&nbsp;not&nbsp;available,57.1
1442598.JABW01000008_gene796,JABW01000008_gene796,annotation&nbsp;not&nbsp;available,57.0
1442598.JABW01000005_gene473,JABW01000005_gene473,annotation&nbsp;not&nbsp;available,56.9
1442598.JABW01000005_gene604,JABW01000005_gene604,annotation&nbsp;not&nbsp;available,56.9
1442598.JABW01000012_gene430,JABW01000012_gene430,annotation&nbsp;not&nbsp;available,56.8
1442598.JABW01000005_gene596,JABW01000005_gene596,annotation&nbsp;not&nbsp;available,56.8
1442598.JABW01000025_gene1158,JABW01000025_gene1158,annotation&nbsp;not&nbsp;available,56.8
1442598.JABW01000024_gene1505,JABW01000024_gene1505,annotation&nbsp;not&nbsp;available,56.7
1442598.JABW01000031_gene1248,JABW01000031_gene1248,annotation&nbsp;not&nbsp;available,56.7
1442598.JABW01000008_gene749,JABW01000008_gene749,annotation&nbsp;not&nbsp;available,56.6
1442598.JABW01000027_gene870,JABW01000027_gene870,annotation&nbsp;not&nbsp;available,56.5
1442598.JABW01000005_gene530,JABW01000005_gene530,annotation&nbsp;not&nbsp;available,56.4
1442598.JABW01000011_gene274,JABW01000011_gene274,annotation&nbsp;not&nbsp;available,56.4
1442598.JABW01000030_gene1447,JABW01000030_gene1447,annotation&nbsp;not&nbsp;available,56.4
1442598.JABW01000002_gene1715,JABW01000002_gene1715,annotation&nbsp;not&nbsp;available,56.4
1442598.JABW01000011_gene330,JABW01000011_gene330,annotation&nbsp;not&nbsp;available,56.4
1442598.JABW01000040_gene1606,JABW01000040_gene1606,annotation&nbsp;not&nbsp;available,56.4
1442598.JABW01000026_gene1205,JABW01000026_gene1205,annotation&nbsp;not&nbsp;available,56.2
1442598.JABW01000025_gene1124,JABW01000025_gene1124,annotation&nbsp;not&nbsp;available,56.2
1442598.JABW01000001_gene1810,JABW01000001_gene1810,annotation&nbsp;not&nbsp;available,56.1
1442598.JABW01000005_gene610,JABW01000005_gene610,annotation&nbsp;not&nbsp;available,56.0
1442598.JABW01000025_gene1104,JABW01000025_gene1104,annotation&nbsp;not&nbsp;available,55.9
1442598.JABW01000002_gene1701,JABW01000002_gene1701,annotation&nbsp;not&nbsp;available,55.8
1442598.JABW01000014_gene2108,JABW01000014_gene2108,annotation&nbsp;not&nbsp;available,55.8
1442598.JABW01000005_gene622,JABW01000005_gene622,annotation&nbsp;not&nbsp;available,55.8
1442598.JABW01000033_gene1658,JABW01000033_gene1658,annotation&nbsp;not&nbsp;available,55.7
1442598.JABW01000024_gene1531,JABW01000024_gene1531,annotation&nbsp;not&nbsp;available,55.6
1442598.JABW01000012_gene418,JABW01000012_gene418,annotation&nbsp;not&nbsp;available,55.6
1442598.JABW01000030_gene1417,JABW01000030_gene1417,annotation&nbsp;not&nbsp;available,55.6
1442598.JABW01000026_gene1206,JABW01000026_gene1206,annotation&nbsp;not&nbsp;available,55.5
1442598.JABW01000006_gene680,JABW01000006_gene680,annotation&nbsp;not&nbsp;available,55.5
1442598.JABW01000001_gene1819,JABW01000001_gene1819,annotation&nbsp;not&nbsp;available,55.3
1442598.JABW01000005_gene479,JABW01000005_gene479,annotation&nbsp;not&nbsp;available,55.2
1442598.JABW01000005_gene564,JABW01000005_gene564,annotation&nbsp;not&nbsp;available,55.2
1442598.JABW01000033_gene1649,JABW01000033_gene1649,annotation&nbsp;not&nbsp;available,55.2
1442598.JABW01000003_gene27,JABW01000003_gene27,annotation&nbsp;not&nbsp;available,55.2
1442598.JABW01000014_gene2110,JABW01000014_gene2110,annotation&nbsp;not&nbsp;available,55.1
1442598.JABW01000016_gene1892,JABW01000016_gene1892,annotation&nbsp;not&nbsp;available,55.1
1442598.JABW01000025_gene1105,JABW01000025_gene1105,annotation&nbsp;not&nbsp;available,55.0
1442598.JABW01000030_gene1431,JABW01000030_gene1431,annotation&nbsp;not&nbsp;available,55.0
1442598.JABW01000004_gene158,JABW01000004_gene158,annotation&nbsp;not&nbsp;available,54.8
1442598.JABW01000026_gene1165,JABW01000026_gene1165,annotation&nbsp;not&nbsp;available,54.8
1442598.JABW01000005_gene634,JABW01000005_gene634,annotation&nbsp;not&nbsp;available,54.8
1442598.JABW01000011_gene256,JABW01000011_gene256,annotation&nbsp;not&nbsp;available,54.7
1442598.JABW01000001_gene1792,JABW01000001_gene1792,annotation&nbsp;not&nbsp;available,54.7
1442598.JABW01000022_gene2010,JABW01000022_gene2010,annotation&nbsp;not&nbsp;available,54.6
1442598.JABW01000002_gene1676,JABW01000002_gene1676,annotation&nbsp;not&nbsp;available,54.6
1442598.JABW01000011_gene226,JABW01000011_gene226,annotation&nbsp;not&nbsp;available,54.6
1442598.JABW01000030_gene1449,JABW01000030_gene1449,annotation&nbsp;not&nbsp;available,54.6
1442598.JABW01000028_gene951,JABW01000028_gene951,annotation&nbsp;not&nbsp;available,54.6
1442598.JABW01000031_gene1222,JABW01000031_gene1222,annotation&nbsp;not&nbsp;available,54.5
1442598.JABW01000027_gene888,JABW01000027_gene888,annotation&nbsp;not&nbsp;available,54.5
1442598.JABW01000028_gene995,JABW01000028_gene995,annotation&nbsp;not&nbsp;available,54.5
1442598.JABW01000003_gene43,JABW01000003_gene43,annotation&nbsp;not&nbsp;available,54.4
1442598.JABW01000025_gene1076,JABW01000025_gene1076,annotation&nbsp;not&nbsp;available,54.4
1442598.JABW01000025_gene1067,JABW01000025_gene1067,annotation&nbsp;not&nbsp;available,54.4
1442598.JABW01000005_gene606,JABW01000005_gene606,annotation&nbsp;not&nbsp;available,54.3
1442598.JABW01000024_gene1562,JABW01000024_gene1562,annotation&nbsp;not&nbsp;available,54.3
1442598.JABW01000022_gene2001,JABW01000022_gene2001,annotation&nbsp;not&nbsp;available,54.3
1442598.JABW01000005_gene664,JABW01000005_gene664,annotation&nbsp;not&nbsp;available,54.3
1442598.JABW01000014_gene2122,JABW01000014_gene2122,annotation&nbsp;not&nbsp;available,54.3
1442598.JABW01000031_gene1259,JABW01000031_gene1259,annotation&nbsp;not&nbsp;available,54.2
1442598.JABW01000004_gene153,JABW01000004_gene153,annotation&nbsp;not&nbsp;available,54.2
1442598.JABW01000014_gene2126,JABW01000014_gene2126,annotation&nbsp;not&nbsp;available,54.2
1442598.JABW01000003_gene6,JABW01000003_gene6,annotation&nbsp;not&nbsp;available,54.2
1442598.JABW01000031_gene1245,JABW01000031_gene1245,annotation&nbsp;not&nbsp;available,54.1
1442598.JABW01000008_gene781,JABW01000008_gene781,annotation&nbsp;not&nbsp;available,53.9
1442598.JABW01000016_gene1887,JABW01000016_gene1887,annotation&nbsp;not&nbsp;available,53.7
1442598.JABW01000028_gene1035,JABW01000028_gene1035,annotation&nbsp;not&nbsp;available,53.7
1442598.JABW01000010_gene198,JABW01000010_gene198,annotation&nbsp;not&nbsp;available,53.5
1442598.JABW01000024_gene1512,JABW01000024_gene1512,annotation&nbsp;not&nbsp;available,53.5
1442598.JABW01000010_gene189,JABW01000010_gene189,annotation&nbsp;not&nbsp;available,53.5
1442598.JABW01000005_gene502,JABW01000005_gene502,annotation&nbsp;not&nbsp;available,53.4
1442598.JABW01000022_gene1998,JABW01000022_gene1998,annotation&nbsp;not&nbsp;available,53.3
1442598.JABW01000021_gene2089,JABW01000021_gene2089,annotation&nbsp;not&nbsp;available,53.3
1442598.JABW01000011_gene306,JABW01000011_gene306,annotation&nbsp;not&nbsp;available,53.3
1442598.JABW01000005_gene459,JABW01000005_gene459,annotation&nbsp;not&nbsp;available,53.3
1442598.JABW01000003_gene103,JABW01000003_gene103,annotation&nbsp;not&nbsp;available,53.1
1442598.JABW01000012_gene373,JABW01000012_gene373,annotation&nbsp;not&nbsp;available,53.0
1442598.JABW01000011_gene304,JABW01000011_gene304,annotation&nbsp;not&nbsp;available,53.0
1442598.JABW01000003_gene76,JABW01000003_gene76,annotation&nbsp;not&nbsp;available,52.9
1442598.JABW01000027_gene832,JABW01000027_gene832,annotation&nbsp;not&nbsp;available,52.9
1442598.JABW01000022_gene2027,JABW01000022_gene2027,annotation&nbsp;not&nbsp;available,52.9
1442598.JABW01000028_gene984,JABW01000028_gene984,annotation&nbsp;not&nbsp;available,52.8
1442598.JABW01000011_gene241,JABW01000011_gene241,annotation&nbsp;not&nbsp;available,52.8
1442598.JABW01000010_gene195,JABW01000010_gene195,annotation&nbsp;not&nbsp;available,52.6
1442598.JABW01000012_gene375,JABW01000012_gene375,annotation&nbsp;not&nbsp;available,52.6
1442598.JABW01000030_gene1426,JABW01000030_gene1426,annotation&nbsp;not&nbsp;available,52.5
1442598.JABW01000020_gene1968,JABW01000020_gene1968,annotation&nbsp;not&nbsp;available,52.5
1442598.JABW01000005_gene539,JABW01000005_gene539,annotation&nbsp;not&nbsp;available,52.5
1442598.JABW01000024_gene1494,JABW01000024_gene1494,annotation&nbsp;not&nbsp;available,52.5
1442598.JABW01000005_gene591,JABW01000005_gene591,annotation&nbsp;not&nbsp;available,52.4
1442598.JABW01000008_gene793,JABW01000008_gene793,annotation&nbsp;not&nbsp;available,52.3
1442598.JABW01000024_gene1525,JABW01000024_gene1525,annotation&nbsp;not&nbsp;available,52.3
1442598.JABW01000011_gene235,JABW01000011_gene235,annotation&nbsp;not&nbsp;available,52.3
1442598.JABW01000030_gene1429,JABW01000030_gene1429,annotation&nbsp;not&nbsp;available,52.3
1442598.JABW01000026_gene1181,JABW01000026_gene1181,annotation&nbsp;not&nbsp;available,52.1
1442598.JABW01000034_gene1666,JABW01000034_gene1666,annotation&nbsp;not&nbsp;available,52.1
1442598.JABW01000004_gene171,JABW01000004_gene171,annotation&nbsp;not&nbsp;available,51.8
1442598.JABW01000024_gene1507,JABW01000024_gene1507,annotation&nbsp;not&nbsp;available,51.8
1442598.JABW01000011_gene296,JABW01000011_gene296,annotation&nbsp;not&nbsp;available,51.7
1442598.JABW01000005_gene639,JABW01000005_gene639,annotation&nbsp;not&nbsp;available,51.7
1442598.JABW01000002_gene1732,JABW01000002_gene1732,annotation&nbsp;not&nbsp;available,51.7
1442598.JABW01000013_gene2193,JABW01000013_gene2193,annotation&nbsp;not&nbsp;available,51.7
1442598.JABW01000003_gene38,JABW01000003_gene38,annotation&nbsp;not&nbsp;available,51.6
1442598.JABW01000024_gene1583,JABW01000024_gene1583,annotation&nbsp;not&nbsp;available,51.6
1442598.JABW01000030_gene1355,JABW01000030_gene1355,annotation&nbsp;not&nbsp;available,51.6
1442598.JABW01000026_gene1180,JABW01000026_gene1180,annotation&nbsp;not&nbsp;available,51.5
1442598.JABW01000027_gene878,JABW01000027_gene878,annotation&nbsp;not&nbsp;available,51.5
1442598.JABW01000013_gene2184,JABW01000013_gene2184,annotation&nbsp;not&nbsp;available,51.5
1442598.JABW01000002_gene1717,JABW01000002_gene1717,annotation&nbsp;not&nbsp;available,51.5
1442598.JABW01000020_gene1976,JABW01000020_gene1976,annotation&nbsp;not&nbsp;available,51.4
1442598.JABW01000031_gene1223,JABW01000031_gene1223,annotation&nbsp;not&nbsp;available,51.3
1442598.JABW01000005_gene518,JABW01000005_gene518,annotation&nbsp;not&nbsp;available,51.2
1442598.JABW01000026_gene1192,JABW01000026_gene1192,annotation&nbsp;not&nbsp;available,51.2
1442598.JABW01000005_gene568,JABW01000005_gene568,annotation&nbsp;not&nbsp;available,51.0
1442598.JABW01000002_gene1711,JABW01000002_gene1711,annotation&nbsp;not&nbsp;available,51.0
