367737.Abu_1439,acnB,Aconitate&nbsp;hydratase&nbsp;B,98.8
367737.Abu_1227,pckA,Phosphoenolpyruvate&nbsp;carboxykinase&nbsp;(ATP),98.8
367737.Abu_1372,carB,Carbamoyl-phosphate&nbsp;synthase&nbsp;large&nbsp;chain,98.7
367737.Abu_0058,gltX1,Glutamate--tRNA&nbsp;ligase&nbsp;1,98.4
367737.Abu_2301,Abu_2301,annotation&nbsp;not&nbsp;available,98.4
367737.Abu_0777,Abu_0777,CheW-like&nbsp;chemotaxis&nbsp;protein,98.4
367737.Abu_0698,ligA,"Pfam&nbsp;match&nbsp;to&nbsp;PF01068&nbsp;DNA_ligase_A_M,&nbsp;score&nbsp;43.2,&nbsp;E-value&nbsp;7.9E-013",98.0
367737.Abu_2065,petB,Cytochrome&nbsp;b,97.9
367737.Abu_1018,rpsK,30S&nbsp;ribosomal&nbsp;protein&nbsp;S11,97.9
367737.Abu_0356,napH,annotation&nbsp;not&nbsp;available,97.9
367737.Abu_2188,rimK,Ribosomal&nbsp;protein&nbsp;S6&nbsp;modification&nbsp;protein,97.8
367737.Abu_0446,accD,Acetyl-coenzyme&nbsp;A&nbsp;carboxylase&nbsp;carboxyl&nbsp;transferase&nbsp;subunit&nbsp;beta,97.7
367737.Abu_0857,oorC,OorC&nbsp;subunit&nbsp;of&nbsp;2-oxoglutarate:acceptor&nbsp;oxidoreductase,97.3
367737.Abu_0814,Abu_0814,Multidrug&nbsp;efflux&nbsp;RND&nbsp;membrane&nbsp;fusion&nbsp;protein,97.2
367737.Abu_1232,glyS,Glycine--tRNA&nbsp;ligase&nbsp;beta&nbsp;subunit,97.1
367737.Abu_0760,rpmC,"Pfam&nbsp;match&nbsp;to&nbsp;PF00831&nbsp;Ribosomal_L29,&nbsp;score&nbsp;50.1,&nbsp;E-value&nbsp;6.9E-012",97.0
367737.Abu_2028,metE,5-methyltetrahydropteroyltriglutamate--homocysteine&nbsp;methyltransferase,96.8
367737.Abu_1984,Abu_1984,Methyl-accepting&nbsp;chemotaxis&nbsp;protein,96.8
367737.Abu_0541,tsf,Elongation&nbsp;factor&nbsp;Ts,96.6
367737.Abu_1382,recD,annotation&nbsp;not&nbsp;available,96.5
367737.Abu_1020,rpoA,DNA-directed&nbsp;RNA&nbsp;polymerase&nbsp;subunit&nbsp;alpha,96.5
367737.Abu_2057,acpP,Acyl&nbsp;carrier&nbsp;protein,96.5
367737.Abu_2041,thrB,Homoserine&nbsp;kinase,96.5
367737.Abu_0708,Abu_0708,"ABC&nbsp;transporter,&nbsp;ATP-binding&nbsp;protein",96.4
367737.Abu_1749,Abu_1749,Methyl-accepting&nbsp;chemotaxis&nbsp;protein,96.4
367737.Abu_1964,flgB,Flagellar&nbsp;basal&nbsp;body&nbsp;rod&nbsp;protein&nbsp;FlgB,96.3
367737.Abu_1013,leuB,3-isopropylmalate&nbsp;dehydrogenase,96.3
367737.Abu_0285,dnaX,DNA&nbsp;polymerase&nbsp;III&nbsp;subunit&nbsp;gamma/tau,96.2
367737.Abu_0309,nuoG,"NADH-quinone&nbsp;oxidoreductase,&nbsp;G&nbsp;subunit",96.2
367737.Abu_0432,groEL,60&nbsp;kDa&nbsp;chaperonin,96.2
367737.Abu_0565,soxC,"Sulfur&nbsp;oxidation&nbsp;protein&nbsp;SoxCD,&nbsp;sulfur&nbsp;dehydrogenase&nbsp;subunit",96.2
367737.Abu_0312,nuoE,"NADH-quinone&nbsp;oxidoreductase,&nbsp;E&nbsp;subunit",96.1
367737.Abu_0240,Abu_0240,Uncharacterized&nbsp;protein,96.1
367737.Abu_2162,Abu_2162,"RND&nbsp;efflux&nbsp;system,&nbsp;outer&nbsp;membrane&nbsp;lipoprotein",96.0
367737.Abu_2153,gph,Phosphoglycolate&nbsp;phosphatase,95.9
367737.Abu_1976,kdtA,3-deoxy-D-manno-octulosonic-acid&nbsp;transferase,95.5
367737.Abu_0702,pepA,Probable&nbsp;cytosol&nbsp;aminopeptidase,95.4
367737.Abu_0103,cynT1,Carbonic&nbsp;anhydrase,95.4
367737.Abu_0617,cheV,Chemotaxis&nbsp;signal&nbsp;transduction&nbsp;protein&nbsp;CheV,95.2
367737.Abu_0540,rpsB,"Pfam&nbsp;match&nbsp;to&nbsp;PF00318&nbsp;Ribosomal_S2,&nbsp;score&nbsp;343.1,&nbsp;E-value&nbsp;4.3E-100",95.2
367737.Abu_1729,Abu_1729,Methyl-accepting&nbsp;chemotaxis&nbsp;protein,94.9
367737.Abu_2277,frr,Ribosome-recycling&nbsp;factor,94.8
367737.Abu_1474,lpdA,Dihydrolipoyl&nbsp;dehydrogenase,94.8
367737.Abu_0671,hisH2,Imidazole&nbsp;glycerol&nbsp;phosphate&nbsp;synthase&nbsp;subunit&nbsp;HisH,94.7
367737.Abu_0569,soxZ,annotation&nbsp;not&nbsp;available,94.7
367737.Abu_1921,clpS,ATP-dependent&nbsp;Clp&nbsp;protease&nbsp;adapter&nbsp;protein&nbsp;ClpS,94.6
367737.Abu_1358,Abu_1358,"Response&nbsp;regulator&nbsp;receiver&nbsp;domain&nbsp;protein,&nbsp;CheY-like",94.6
367737.Abu_0651,trpE,"Anthranilate&nbsp;synthase,&nbsp;component&nbsp;I",94.6
367737.Abu_2079,ccoQ,annotation&nbsp;not&nbsp;available,94.4
367737.Abu_0253,cynT2,Carbonic&nbsp;anhydrase,94.4
367737.Abu_0020,nrdA,Ribonucleoside-diphosphate&nbsp;reductase,94.3
367737.Abu_1993,Abu_1993,annotation&nbsp;not&nbsp;available,94.3
367737.Abu_0089,pstB,Phosphate&nbsp;import&nbsp;ATP-binding&nbsp;protein&nbsp;PstB,94.3
367737.Abu_0743,Abu_0743,Methyl-accepting&nbsp;chemotaxis&nbsp;protein,94.3
367737.Abu_2071,prfB,Peptide&nbsp;chain&nbsp;release&nbsp;factor&nbsp;2,94.1
367737.Abu_0753,rplD,50S&nbsp;ribosomal&nbsp;protein&nbsp;L4,93.9
367737.Abu_0304,nuoL,"NADH-quinone&nbsp;oxidoreductase,&nbsp;L&nbsp;subunit",93.9
367737.Abu_2133,pgk,Phosphoglycerate&nbsp;kinase,93.9
367737.Abu_1791,argJ,Arginine&nbsp;biosynthesis&nbsp;bifunctional&nbsp;protein&nbsp;ArgJ,93.9
367737.Abu_1739,Abu_1739,"Putative&nbsp;cation&nbsp;ABC&nbsp;transporter,&nbsp;periplasmic-binding&nbsp;protein",93.9
367737.Abu_1218,mobB,Molybdopterin-guanine&nbsp;dinucleotide&nbsp;biosynthesis&nbsp;protein,93.9
367737.Abu_0528,Abu_0528,Methyl-accepting&nbsp;chemotaxis&nbsp;protein,93.8
367737.Abu_0754,rplW,50S&nbsp;ribosomal&nbsp;protein&nbsp;L23,93.4
367737.Abu_2257,pyrG,CTP&nbsp;synthase,93.4
367737.Abu_0846,Abu_0846,Methyl-accepting&nbsp;chemotaxis&nbsp;protein,93.3
367737.Abu_0021,nrdB,Ribonucleoside-diphosphate&nbsp;reductase&nbsp;subunit&nbsp;beta,93.2
367737.Abu_1807,Abu_1807,Putative&nbsp;acetyltransferase,93.2
367737.Abu_1201,holB,annotation&nbsp;not&nbsp;available,93.1
367737.Abu_2196,grpE,Protein&nbsp;GrpE,93.1
367737.Abu_1704,Abu_1704,Uncharacterized&nbsp;protein,92.9
367737.Abu_1773,trpA,Tryptophan&nbsp;synthase&nbsp;alpha&nbsp;chain,92.7
367737.Abu_0612,iscS,Cysteine&nbsp;desulfurase/aminotransferase&nbsp;(IscS/NifS),92.7
367737.Abu_1629,Abu_1629,Uncharacterized&nbsp;protein,92.6
367737.Abu_0083,prfA,Peptide&nbsp;chain&nbsp;release&nbsp;factor&nbsp;1,92.6
367737.Abu_1901,Abu_1901,"ABC&nbsp;transporter,&nbsp;ATP-binding&nbsp;protein",92.5
367737.Abu_2134,tpiA,Triosephosphate&nbsp;isomerase,92.4
367737.Abu_1089,cydA,"Cytochrome&nbsp;bd&nbsp;oxidase,&nbsp;subunit&nbsp;I",92.4
367737.Abu_1637,Abu_1637,Two-component&nbsp;sensor&nbsp;histidine&nbsp;kinase,92.3
367737.Abu_1967,cheY2,Chemotaxis&nbsp;protein&nbsp;CheY,92.3
367737.Abu_1920,clpA,"ATP-dependent&nbsp;Clp&nbsp;protease,&nbsp;ATP-binding&nbsp;subunit",92.2
367737.Abu_2006,fbpB,annotation&nbsp;not&nbsp;available,92.2
367737.Abu_0425,xseA,Exodeoxyribonuclease&nbsp;7&nbsp;large&nbsp;subunit,92.0
367737.Abu_0653,glyA1,Serine&nbsp;hydroxymethyltransferase,91.9
367737.Abu_0766,rpsH,30S&nbsp;ribosomal&nbsp;protein&nbsp;S8,91.9
367737.Abu_1258,dnaQ4,"DNA&nbsp;polymerase&nbsp;III,&nbsp;epsilon&nbsp;subunit",91.8
367737.Abu_2053,pheS,Phenylalanine--tRNA&nbsp;ligase&nbsp;alpha&nbsp;subunit,91.7
367737.Abu_0602,Abu_0602,Methyl-accepting&nbsp;chemotaxis&nbsp;protein,91.7
367737.Abu_0789,Abu_0789,Methyl-accepting&nbsp;chemotaxis&nbsp;protein,91.5
367737.Abu_2005,fbpA,"Putative&nbsp;iron-uptake&nbsp;ABC&nbsp;transporter,&nbsp;periplasmic&nbsp;iron-binding&nbsp;protein",91.2
367737.Abu_2299,cysK2,Cysteine&nbsp;synthase,91.1
367737.Abu_0294,plsX,Phosphate&nbsp;acyltransferase,91.1
367737.Abu_1973,rpsP,"Pfam&nbsp;match&nbsp;to&nbsp;PF00886&nbsp;Ribosomal_S16,&nbsp;score&nbsp;121.7,&nbsp;E-value&nbsp;1.9E-033",91.0
367737.Abu_1017,rpsM,30S&nbsp;ribosomal&nbsp;protein&nbsp;S13,90.7
367737.Abu_0854,oorD,OorD&nbsp;subunit&nbsp;of&nbsp;2-oxoglutarate:acceptor&nbsp;oxidoreductase,90.7
367737.Abu_1987,fus,Elongation&nbsp;factor&nbsp;G,90.6
367737.Abu_0737,Abu_0737,Pyrimidine/purine&nbsp;nucleoside&nbsp;phosphorylase,90.5
367737.Abu_1102,Abu_1102,"Putative&nbsp;iron&nbsp;compound&nbsp;ABC&nbsp;transporter,&nbsp;periplasmic&nbsp;substrate-binding&nbsp;protein",90.0
367737.Abu_0074,rplT,50S&nbsp;ribosomal&nbsp;protein&nbsp;L20,90.0
367737.Abu_0032,Abu_0032,"Oxidoreductase,&nbsp;FAD-binding/iron-sulfur&nbsp;cluster-binding&nbsp;protein",89.8
367737.Abu_1903,glnA,Glutamine&nbsp;synthetase,89.7
367737.Abu_1097,Abu_1097,"Pfam&nbsp;match&nbsp;to&nbsp;PF00702&nbsp;Hydrolase,&nbsp;score&nbsp;98.3,&nbsp;E-value&nbsp;1E-027",89.7
367737.Abu_0646,rpoZ,DNA-directed&nbsp;RNA&nbsp;polymerase&nbsp;subunit&nbsp;omega,89.6
367737.Abu_1479,rhlE,ATP-dependent&nbsp;RNA&nbsp;helicase&nbsp;RhlE,89.5
367737.Abu_0790,Abu_0790,Methyl-accepting&nbsp;chemotaxis&nbsp;protein,89.5
367737.Abu_0788,Abu_0788,Methyl-accepting&nbsp;chemotaxis&nbsp;protein,89.4
367737.Abu_0164,gcp,tRNA&nbsp;N6-adenosine&nbsp;threonylcarbamoyltransferase,89.4
367737.Abu_0689,hisH3,Imidazole&nbsp;glycerol&nbsp;phosphate&nbsp;synthase&nbsp;subunit&nbsp;HisH,89.4
367737.Abu_2052,pheT,Phenylalanine--tRNA&nbsp;ligase&nbsp;beta&nbsp;subunit,89.2
367737.Abu_0191,Abu_0191,Phosphatidate&nbsp;cytidylyltransferase,89.2
367737.Abu_2129,argS,Arginine--tRNA&nbsp;ligase,89.1
367737.Abu_0925,aspB3,"Aspartate&nbsp;aminotransferase,&nbsp;aminotransferase,&nbsp;classes&nbsp;I&nbsp;and&nbsp;II",89.0
367737.Abu_0542,Abu_0542,"ABC&nbsp;transporter,&nbsp;ATP-binding&nbsp;protein",88.8
367737.Abu_0867,Abu_0867,Putative&nbsp;nucleotide&nbsp;phosphoribosyltransferase,88.8
367737.Abu_1906,moaD,"Molybdopterin&nbsp;converting&nbsp;factor,&nbsp;subunit&nbsp;1",88.7
367737.Abu_2068,argB,Acetylglutamate&nbsp;kinase,88.6
367737.Abu_1827,gltB,"Glutamate&nbsp;synthase,&nbsp;large&nbsp;chain",88.6
367737.Abu_0856,oorB,OorB&nbsp;subunit&nbsp;of&nbsp;2-oxoglutarate:acceptor&nbsp;oxidoreductase,88.5
367737.Abu_0095,rpsI,"Pfam&nbsp;match&nbsp;to&nbsp;PF00380&nbsp;Ribosomal_S9,&nbsp;score&nbsp;166,&nbsp;E-value&nbsp;8.9E-047",88.5
367737.Abu_1886,rplJ,50S&nbsp;ribosomal&nbsp;protein&nbsp;L10,88.5
367737.Abu_1840,glcD,Glycolate&nbsp;oxidase,88.4
367737.Abu_0921,guaA,GMP&nbsp;synthase&nbsp;[glutamine-hydrolyzing],88.3
367737.Abu_0082,rpsT,30S&nbsp;ribosomal&nbsp;protein&nbsp;S20,88.3
367737.Abu_1703,Abu_1703,Uncharacterized&nbsp;protein,88.0
367737.Abu_1825,Abu_1825,Inositol-1-monophosphatase,87.9
367737.Abu_0045,asnB1,Asparagine&nbsp;synthetase&nbsp;(Glutamine-hydrolyzing),87.8
367737.Abu_1052,Abu_1052,Uncharacterized&nbsp;protein,87.6
367737.Abu_1826,gltD,"Glutamate&nbsp;synthase,&nbsp;small&nbsp;chain",87.6
367737.Abu_1131,ribB,"3,4-dihydroxy-2-butanone&nbsp;4-phosphate&nbsp;synthase",87.2
367737.Abu_0805,ureD,Urease&nbsp;accessory&nbsp;protein&nbsp;UreD,87.1
367737.Abu_0632,Abu_0632,Methyl-accepting&nbsp;chemotaxis&nbsp;protein,86.9
367737.Abu_2200,Abu_2200,Conserved&nbsp;hypothetical&nbsp;membrane&nbsp;protein,86.8
367737.Abu_0758,rpsC,30S&nbsp;ribosomal&nbsp;protein&nbsp;S3,86.6
367737.Abu_0719,fumC,Fumarate&nbsp;hydratase&nbsp;class&nbsp;II,86.4
367737.Abu_1525,selB,Selenocysteine-specific&nbsp;elongation&nbsp;factor,86.3
367737.Abu_1979,glyQ,Glycine--tRNA&nbsp;ligase&nbsp;alpha&nbsp;subunit,86.3
367737.Abu_2296,cysA,Sulfate/thiosulfate&nbsp;import&nbsp;ATP-binding&nbsp;protein&nbsp;CysA,86.2
367737.Abu_0757,rplV,50S&nbsp;ribosomal&nbsp;protein&nbsp;L22,85.9
367737.Abu_0518,mqo,Malate:quinone&nbsp;oxidoreductase,85.9
367737.Abu_0572,soxB,"Sulfur&nbsp;oxidation&nbsp;protein,&nbsp;sulfate&nbsp;thiol&nbsp;esterase",85.9
367737.Abu_0065,czcA,Heavy&nbsp;metal&nbsp;efflux&nbsp;pump,85.6
367737.Abu_2123,purQ,Phosphoribosylformylglycinamidine&nbsp;synthase&nbsp;subunit&nbsp;PurQ,85.4
367737.Abu_0010,modB,"Molybdenum&nbsp;ABC&nbsp;transporter,&nbsp;permease&nbsp;protein",85.4
367737.Abu_1595,atpD,ATP&nbsp;synthase&nbsp;subunit&nbsp;beta,85.3
367737.Abu_1890,secE,Protein&nbsp;translocase&nbsp;subunit&nbsp;SecE,85.3
367737.Abu_1723,metC1,Cystathionine&nbsp;gamma-synthase,85.2
367737.Abu_1157,ilvH,"Acetolactate&nbsp;synthase,&nbsp;small&nbsp;subunit",85.1
367737.Abu_2043,infB,Translation&nbsp;initiation&nbsp;factor&nbsp;IF-2,85.0
367737.Abu_1511,fdhA2,"Formate&nbsp;dehydrogenase,&nbsp;large&nbsp;subunit&nbsp;FdhA&nbsp;(Cysteine&nbsp;containing)",84.9
367737.Abu_0347,nrfA,Cytochrome&nbsp;c-552,84.8
367737.Abu_0272,Abu_0272,annotation&nbsp;not&nbsp;available,84.7
367737.Abu_0278,acnA,Aconitate&nbsp;hydratase,84.7
367737.Abu_1885,rplL,50S&nbsp;ribosomal&nbsp;protein&nbsp;L7/L12,84.6
367737.Abu_1961,fliH,annotation&nbsp;not&nbsp;available,84.6
367737.Abu_2055,accA,Acetyl-coenzyme&nbsp;A&nbsp;carboxylase&nbsp;carboxyl&nbsp;transferase&nbsp;subunit&nbsp;alpha,84.5
367737.Abu_0986,argC,N-acetyl-gamma-glutamyl-phosphate&nbsp;reductase,84.5
367737.Abu_2297,cysW,Sulfate&nbsp;transport&nbsp;system&nbsp;permease&nbsp;protein,84.5
367737.Abu_0699,apt,Adenine&nbsp;phosphoribosyltransferase,84.5
367737.Abu_1243,nrdD,Oxygen-sensitive&nbsp;ribonucleoside-triphosphate&nbsp;reductase,84.5
367737.Abu_0107,iamA,"ABC&nbsp;transporter,&nbsp;ATP-binding&nbsp;protein",84.4
367737.Abu_1940,fliI,Flagellum-specific&nbsp;ATP&nbsp;synthase&nbsp;FliI,84.3
367737.Abu_1793,rpmB,"Pfam&nbsp;match&nbsp;to&nbsp;PF00830&nbsp;Ribosomal_L28,&nbsp;score&nbsp;83.2,&nbsp;E-value&nbsp;7.3E-022",84.3
367737.Abu_1968,flgG2,Flagellar&nbsp;basal-body&nbsp;rod&nbsp;protein&nbsp;FlgF,84.2
367737.Abu_2080,ccoO,"Cytochrome&nbsp;c&nbsp;oxidase,&nbsp;cbb3-type,&nbsp;subunit&nbsp;II",84.1
367737.Abu_0216,Abu_0216,"Oligopeptide&nbsp;ABC&nbsp;transporter,&nbsp;permease&nbsp;protein",84.1
367737.Abu_1905,moaE,annotation&nbsp;not&nbsp;available,84.1
367737.Abu_0400,motA,Flagellar&nbsp;motor&nbsp;component&nbsp;MotA,83.9
367737.Abu_1472,aceE,Pyruvate&nbsp;dehydrogenase&nbsp;E1&nbsp;component,83.8
367737.Abu_0308,nuoH,NADH-quinone&nbsp;oxidoreductase&nbsp;subunit&nbsp;H,83.8
367737.Abu_0094,rplM,50S&nbsp;ribosomal&nbsp;protein&nbsp;L13,83.7
367737.Abu_0958,uvrA,UvrABC&nbsp;system&nbsp;protein&nbsp;A,83.7
367737.Abu_2135,fabI,Enoyl-[acyl-carrier-protein]&nbsp;reductase&nbsp;[NADH],83.7
367737.Abu_2078,ccoP,Cbb3-type&nbsp;cytochrome&nbsp;c&nbsp;oxidase&nbsp;subunit,83.6
367737.Abu_0621,uvrB,UvrABC&nbsp;system&nbsp;protein&nbsp;B,83.5
367737.Abu_1642,folE,"Pfam&nbsp;match&nbsp;to&nbsp;PF01227&nbsp;GTP_cyclohydroI,&nbsp;score&nbsp;179.3,&nbsp;E-value&nbsp;8.6E-051",83.4
367737.Abu_1494,Abu_1494,Cysteine&nbsp;desulfurase,83.3
367737.Abu_0370,rpsO,30S&nbsp;ribosomal&nbsp;protein&nbsp;S15,83.3
367737.Abu_0968,ubiD,Phenylacrylic&nbsp;acid&nbsp;decarboxylase,83.2
367737.Abu_1700,def,Peptide&nbsp;deformylase,83.1
367737.Abu_1186,cheR,Chemotaxis&nbsp;protein&nbsp;methyltransferase,83.1
367737.Abu_2330,thyX,Thymidylate&nbsp;synthase&nbsp;ThyX,83.0
367737.Abu_2122,purS,Phosphoribosylformylglycinamidine&nbsp;synthase&nbsp;subunit&nbsp;PurS,83.0
367737.Abu_0384,hisD,Histidinol&nbsp;dehydrogenase,82.9
367737.Abu_0938,Abu_0938,"Cobalt&nbsp;ABC&nbsp;transporter,&nbsp;ATP-binding&nbsp;protein,&nbsp;putative",82.7
367737.Abu_1928,fumA,Fumarate&nbsp;hydratase&nbsp;class&nbsp;I,82.7
367737.Abu_1222,Abu_1222,annotation&nbsp;not&nbsp;available,82.6
367737.Abu_0519,ileS,Isoleucine--tRNA&nbsp;ligase,82.6
367737.Abu_1958,flgE2,Flagellar&nbsp;basal&nbsp;body&nbsp;protein,82.6
367737.Abu_1496,fdhC,annotation&nbsp;not&nbsp;available,82.6
367737.Abu_1776,ruvB,Holliday&nbsp;junction&nbsp;ATP-dependent&nbsp;DNA&nbsp;helicase&nbsp;RuvB,82.5
367737.Abu_0763,rplX,50S&nbsp;ribosomal&nbsp;protein&nbsp;L24,82.1
367737.Abu_2175,cysNC,Sulfate&nbsp;adenylyltransferase&nbsp;subunit&nbsp;1,82.0
367737.Abu_1473,aceF,Dihydrolipoamide&nbsp;acetyltransferase&nbsp;component&nbsp;of&nbsp;pyruvate&nbsp;dehydrogenase&nbsp;complex,82.0
367737.Abu_0097,Abu_0097,Uncharacterized&nbsp;protein,81.9
367737.Abu_2160,Abu_2160,"Multidrug&nbsp;efflux&nbsp;protein,&nbsp;HlyD&nbsp;family",81.8
367737.Abu_1911,ftsW,Cell&nbsp;division&nbsp;protein&nbsp;FtsW,81.8
367737.Abu_0316,Abu_0316,Aminotransferase/L-cysteine&nbsp;desulfhydrase,81.7
367737.Abu_0855,oorA,OorA&nbsp;subunit&nbsp;of&nbsp;2-oxoglutarate:acceptor&nbsp;oxidoreductase,81.5
367737.Abu_0261,pyrB,Aspartate&nbsp;carbamoyltransferase,81.5
367737.Abu_1594,atpC,ATP&nbsp;synthase&nbsp;epsilon&nbsp;chain,81.4
367737.Abu_0549,Abu_0549,"Oligopeptide&nbsp;ABC&nbsp;transporter,&nbsp;ATP-binding&nbsp;protein",81.3
367737.Abu_1953,fliY,Flagellar&nbsp;motor&nbsp;switch&nbsp;protein&nbsp;FliY,81.1
367737.Abu_2169,metY,O-acetylhomoserine&nbsp;sulfhydrylase,80.8
367737.Abu_0396,secF,Protein-export&nbsp;membrane&nbsp;protein&nbsp;SecF,80.8
367737.Abu_0311,nuoF,"NADH-quinone&nbsp;oxidoreductase,&nbsp;F&nbsp;subunit",80.4
367737.Abu_2127,Abu_2127,Sec-independent&nbsp;protein&nbsp;translocase&nbsp;protein&nbsp;TatA,80.4
367737.Abu_0730,cysJ,"Sulfite&nbsp;reductase,&nbsp;flavoprotein&nbsp;component",80.1
367737.Abu_0030,gatB,Aspartyl/glutamyl-tRNA(Asn/Gln)&nbsp;amidotransferase&nbsp;subunit&nbsp;B,80.1
367737.Abu_1311,Abu_1311,Conserved&nbsp;hypothetical&nbsp;integral&nbsp;membrane&nbsp;protein,80.0
367737.Abu_0079,leuC,3-isopropylmalate&nbsp;dehydratase&nbsp;large&nbsp;subunit,79.7
367737.Abu_0779,adk1,Adenylate&nbsp;kinase,79.5
367737.Abu_0937,Abu_0937,"Cobalt&nbsp;ABC&nbsp;transporter,&nbsp;permease&nbsp;protein,&nbsp;putative",79.4
367737.Abu_0130,carA,Carbamoyl-phosphate&nbsp;synthase&nbsp;small&nbsp;chain,79.3
367737.Abu_2138,hisC,Histidinol-phosphate&nbsp;aminotransferase,79.2
367737.Abu_0475,hisH1,Imidazole&nbsp;glycerol&nbsp;phosphate&nbsp;synthase&nbsp;subunit&nbsp;HisH,79.2
367737.Abu_1989,rpsL,30S&nbsp;ribosomal&nbsp;protein&nbsp;S12,79.1
367737.Abu_0445,metK,S-adenosylmethionine&nbsp;synthetase,79.1
367737.Abu_1893,tufA,Elongation&nbsp;factor&nbsp;Tu,79.1
367737.Abu_0801,Abu_0801,"ABC&nbsp;transporter,&nbsp;permease&nbsp;protein",79.0
367737.Abu_1724,metC2,Cystathionine&nbsp;gamma-synthase,78.9
367737.Abu_1379,ftsZ,Cell&nbsp;division&nbsp;protein&nbsp;FtsZ,78.9
367737.Abu_1460,glyA2,Serine&nbsp;hydroxymethyltransferase,78.9
367737.Abu_1498,Abu_1498,"Formate&nbsp;dehydrogenase,&nbsp;large&nbsp;subunit&nbsp;FdhA",78.7
367737.Abu_1436,hupL,"Ni/Fe-dependent&nbsp;hydrogenase,&nbsp;large&nbsp;subunit",78.7
367737.Abu_1294,dnaJ,Chaperone&nbsp;protein&nbsp;DnaJ,78.5
367737.Abu_0613,iscU,Nitrogen&nbsp;fixation&nbsp;protein&nbsp;NifU,78.4
367737.Abu_0700,trpB1,Tryptophan&nbsp;synthase&nbsp;beta&nbsp;chain,78.4
367737.Abu_0744,ruvA,Holliday&nbsp;junction&nbsp;ATP-dependent&nbsp;DNA&nbsp;helicase&nbsp;RuvA,78.2
367737.Abu_0307,nuoI,NADH-quinone&nbsp;oxidoreductase&nbsp;subunit&nbsp;I,78.1
367737.Abu_0496,ackA3,Acetate&nbsp;kinase,78.0
367737.Abu_2161,Abu_2161,annotation&nbsp;not&nbsp;available,78.0
367737.Abu_2128,Abu_2128,Sec-independent&nbsp;protein&nbsp;translocase&nbsp;protein&nbsp;TatA,78.0
367737.Abu_0568,soxY,annotation&nbsp;not&nbsp;available,77.9
367737.Abu_0399,motB,Flagellar&nbsp;motor&nbsp;component&nbsp;MotB,77.9
367737.Abu_0315,nuoA,NADH-quinone&nbsp;oxidoreductase&nbsp;subunit&nbsp;A,77.9
367737.Abu_0733,ychF,Ribosome-binding&nbsp;ATPase&nbsp;YchF,77.7
367737.Abu_1830,Abu_1830,Methyl-accepting&nbsp;chemotaxis&nbsp;protein,77.7
367737.Abu_1586,fabD,Malonyl&nbsp;CoA-acyl&nbsp;carrier&nbsp;protein&nbsp;transacylase,77.7
367737.Abu_0771,secY,Protein&nbsp;translocase&nbsp;subunit&nbsp;SecY,77.6
367737.Abu_0970,rplI,50S&nbsp;ribosomal&nbsp;protein&nbsp;L9,77.2
367737.Abu_0770,rplO,50S&nbsp;ribosomal&nbsp;protein&nbsp;L15,77.1
367737.Abu_0394,yajC,Preprotein&nbsp;translocase&nbsp;subunit,77.1
367737.Abu_2004,trpG,"Anthranilate&nbsp;synthase,&nbsp;component&nbsp;II",77.0
367737.Abu_1789,gyrA,DNA&nbsp;gyrase&nbsp;subunit&nbsp;A,76.9
367737.Abu_0258,pyk,Pyruvate&nbsp;kinase,76.9
367737.Abu_0808,ureE,Urease&nbsp;accessory&nbsp;protein&nbsp;UreE,76.9
367737.Abu_0799,Abu_0799,"Urea/short-chain&nbsp;amide&nbsp;ABC&nbsp;transporter,&nbsp;periplasmic&nbsp;urea/short-chain&nbsp;amide-binding&nbsp;protein",76.8
367737.Abu_2025,rplS,50S&nbsp;ribosomal&nbsp;protein&nbsp;L19,76.7
367737.Abu_1154,Abu_1154,Ppx/GppA&nbsp;phosphatase&nbsp;family&nbsp;protein,76.7
367737.Abu_1419,thiI,tRNA&nbsp;sulfurtransferase,76.5
367737.Abu_0200,fliM,Flagellar&nbsp;motor&nbsp;switch&nbsp;protein&nbsp;FliM,76.5
367737.Abu_2195,dnaK,Chaperone&nbsp;protein&nbsp;DnaK,76.4
367737.Abu_0009,modD,"Molybdenum&nbsp;ABC&nbsp;transporter,&nbsp;ATP-binding&nbsp;protein",76.4
367737.Abu_1995,Abu_1995,"ABC&nbsp;transporter,&nbsp;ATP-binding&nbsp;protein",76.3
367737.Abu_0752,rplC,"Pfam&nbsp;match&nbsp;to&nbsp;PF00297&nbsp;Ribosomal_L3,&nbsp;score&nbsp;56.2,&nbsp;E-value&nbsp;9.6E-014",76.3
367737.Abu_0996,pbpC,Penicillin-binding&nbsp;protein,76.3
367737.Abu_0071,thrS,Threonine--tRNA&nbsp;ligase,76.0
367737.Abu_0935,cbiM,Cobalamin&nbsp;(Vitamin&nbsp;B12)&nbsp;biosynthesis&nbsp;protein,76.0
367737.Abu_1185,cheA,Chemotaxis&nbsp;protein&nbsp;CheA,75.8
367737.Abu_1012,leuD,3-isopropylmalate&nbsp;dehydratase&nbsp;small&nbsp;subunit,75.7
367737.Abu_0768,rplR,50S&nbsp;ribosomal&nbsp;protein&nbsp;L18,75.6
367737.Abu_1291,kdpD,Two-component&nbsp;regulatory&nbsp;protein&nbsp;sensor&nbsp;kinase&nbsp;KdpD,75.6
367737.Abu_1067,lig,DNA&nbsp;ligase,75.5
367737.Abu_2121,purC,Phosphoribosylaminoimidazole-succinocarboxamide&nbsp;synthase,75.5
367737.Abu_1600,Abu_1600,"ATP&nbsp;synthase&nbsp;F0&nbsp;sector,&nbsp;B'&nbsp;subunit",75.4
367737.Abu_0182,tkt,Transketolase,75.4
367737.Abu_0003,gyrB,DNA&nbsp;gyrase&nbsp;subunit&nbsp;B,75.3
367737.Abu_2030,atpB,ATP&nbsp;synthase&nbsp;subunit&nbsp;a,75.2
367737.Abu_0222,tal,Transaldolase,75.1
367737.Abu_2034,plsY,Glycerol-3-phosphate&nbsp;acyltransferase,74.9
367737.Abu_1022,gatA,Glutamyl-tRNA(Gln)&nbsp;amidotransferase&nbsp;subunit&nbsp;A,74.9
367737.Abu_2334,purN,Phosphoribosylglycinamide&nbsp;formyltransferase,74.7
367737.Abu_0302,nuoN,NADH-quinone&nbsp;oxidoreductase&nbsp;subunit&nbsp;N,74.7
367737.Abu_0217,acpS,Holo-[acyl-carrier-protein]&nbsp;synthase,74.6
367737.Abu_0640,Abu_0640,Conserved&nbsp;hypothetical&nbsp;membrane&nbsp;protein,74.6
367737.Abu_0638,rplY,50S&nbsp;ribosomal&nbsp;protein&nbsp;L25,74.6
367737.Abu_2090,trxB,Thioredoxin&nbsp;reductase,74.4
367737.Abu_0198,glnB1,Nitrogen&nbsp;regulatory&nbsp;protein&nbsp;PII,74.4
367737.Abu_0447,thiE,Thiamine-phosphate&nbsp;pyrophosphorylase,74.4
367737.Abu_1276,trpD,Anthranilate&nbsp;phosphoribosyltransferase,74.3
367737.Abu_1493,moeA1,Molybdenum&nbsp;cofactor&nbsp;biosynthesis&nbsp;protein&nbsp;A,74.2
367737.Abu_0534,moeA2,Molybdenum&nbsp;cofactor&nbsp;biosynthesis&nbsp;protein&nbsp;A,74.0
367737.Abu_2058,fabG,3-oxoacyl-(Acyl&nbsp;carrier&nbsp;protein)&nbsp;reductase,74.0
367737.Abu_0295,fabH,3-oxoacyl-[acyl-carrier-protein]&nbsp;synthase&nbsp;3,74.0
367737.Abu_1468,argD2,N-acetylornithine&nbsp;aminotransferase,73.6
367737.Abu_2013,nirA,Ferredoxin-nitrite&nbsp;reductase,73.6
367737.Abu_1305,pepD,Aminoacyl-histidine&nbsp;dipeptidase&nbsp;PepD,73.5
367737.Abu_0355,napB,"Periplasmic&nbsp;nitrate&nbsp;reductase,&nbsp;electron&nbsp;transfer&nbsp;subunit",73.5
367737.Abu_0810,ureG,Urease&nbsp;accessory&nbsp;protein&nbsp;UreG,73.3
367737.Abu_0767,rplF,50S&nbsp;ribosomal&nbsp;protein&nbsp;L6,73.2
367737.Abu_1887,rplA,50S&nbsp;ribosomal&nbsp;protein&nbsp;L1,73.0
367737.Abu_0012,modA,"Molybdenum&nbsp;ABC&nbsp;transporter,&nbsp;periplasmic&nbsp;molybdate-binding&nbsp;protein",72.7
367737.Abu_0426,cheW,Chemotaxis&nbsp;protein&nbsp;CheW,72.7
367737.Abu_1988,rpsG,30S&nbsp;ribosomal&nbsp;protein&nbsp;S7,72.7
367737.Abu_1726,Abu_0633,Methyl-accepting&nbsp;chemotaxis&nbsp;protein,72.7
367737.Abu_1375,Abu_1375,Exodeoxyribonuclease&nbsp;7&nbsp;small&nbsp;subunit,72.7
367737.Abu_2240,eno,Enolase,72.7
367737.Abu_0756,rpsS,30S&nbsp;ribosomal&nbsp;protein&nbsp;S19,72.7
367737.Abu_0114,dacA,Serine-type&nbsp;D-Ala-D-Ala&nbsp;carboxypeptidase,72.6
367737.Abu_1104,Abu_1104,"Putative&nbsp;iron&nbsp;compound&nbsp;ABC&nbsp;transporter,&nbsp;permease&nbsp;protein",72.5
367737.Abu_1380,ftsA,Cell&nbsp;division&nbsp;protein&nbsp;FtsA,72.4
367737.Abu_1221,metS,Methionine--tRNA&nbsp;ligase,72.4
367737.Abu_0041,accC1,"Acetyl&nbsp;CoA&nbsp;carboxylase,&nbsp;biotin&nbsp;carboxylase&nbsp;subunit",72.4
367737.Abu_0054,hisF1,Imidazole&nbsp;glycerol&nbsp;phosphate&nbsp;synthase&nbsp;subunit&nbsp;HisF,72.0
367737.Abu_0262,pabB,"Para-aminobenzoate&nbsp;synthase,&nbsp;glutamine&nbsp;amidotransferase&nbsp;component&nbsp;I",72.0
367737.Abu_2331,glsA,Glutaminase,72.0
367737.Abu_0040,accB,Biotin&nbsp;carboxyl&nbsp;carrier&nbsp;protein&nbsp;of&nbsp;acetyl-CoA&nbsp;carboxylase,72.0
367737.Abu_1570,leuA2,2-isopropylmalate&nbsp;synthase,72.0
367737.Abu_0073,rpmI,"Pfam&nbsp;match&nbsp;to&nbsp;PF01632&nbsp;Ribosomal_L35p,&nbsp;score&nbsp;42.6,&nbsp;E-value&nbsp;1E-005",71.7
367737.Abu_0431,groES,10&nbsp;kDa&nbsp;chaperonin,71.6
367737.Abu_1888,rplK,50S&nbsp;ribosomal&nbsp;protein&nbsp;L11,71.5
367737.Abu_2276,secG,Protein-export&nbsp;membrane&nbsp;protein&nbsp;SecG,71.5
367737.Abu_1730,Abu_1730,Two-component&nbsp;sensor&nbsp;histidine&nbsp;kinase,71.3
367737.Abu_1444,Abu_1444,Putative&nbsp;periplasmic&nbsp;protein,71.2
367737.Abu_0780,adk2,Adenylate&nbsp;kinase,71.2
367737.Abu_1965,flgG1,Flagellar&nbsp;basal&nbsp;body&nbsp;protein,71.2
367737.Abu_0314,nuoB,NADH-quinone&nbsp;oxidoreductase&nbsp;subunit&nbsp;B,71.0
367737.Abu_1962,fliG,Flagellar&nbsp;motor&nbsp;switch&nbsp;protein&nbsp;FliG,70.7
367737.Abu_1011,rpoD,RNA&nbsp;polymerase&nbsp;sigma&nbsp;factor&nbsp;RpoD,70.7
367737.Abu_0456,leuA1,2-isopropylmalate&nbsp;synthase,70.5
367737.Abu_2241,recA,Protein&nbsp;RecA,70.5
367737.Abu_0773,infA,Translation&nbsp;initiation&nbsp;factor&nbsp;IF-1,70.5
367737.Abu_1184,cheY1,Chemotaxis&nbsp;protein&nbsp;CheY,70.5
367737.Abu_0377,fba,"Pfam&nbsp;match&nbsp;to&nbsp;PF01116&nbsp;F_bP_aldolase,&nbsp;score&nbsp;641.9,&nbsp;E-value&nbsp;4.8E-190",70.4
367737.Abu_0299,frdB,annotation&nbsp;not&nbsp;available,70.4
367737.Abu_0813,Abu_0813,annotation&nbsp;not&nbsp;available,70.3
367737.Abu_0209,flgK,Flagellar&nbsp;hook-associated&nbsp;protein&nbsp;FlgK,70.2
367737.Abu_0610,sufC,"Fe-S&nbsp;assembly&nbsp;ABC&nbsp;transporter,&nbsp;ATP-binding&nbsp;protein",70.1
367737.Abu_1963,fliF,Flagellar&nbsp;M-ring&nbsp;protein,69.8
367737.Abu_0858,dnaQ3,DNA&nbsp;polymerase&nbsp;III,69.7
367737.Abu_1284,dltC,annotation&nbsp;not&nbsp;available,69.6
367737.Abu_0807,ureC,Urease&nbsp;subunit&nbsp;beta,69.6
367737.Abu_1638,purH,Bifunctional&nbsp;purine&nbsp;biosynthesis&nbsp;protein&nbsp;PurH,69.6
367737.Abu_0791,Abu_0791,Methyl-accepting&nbsp;chemotaxis&nbsp;protein,69.6
367737.Abu_0096,appA,"Oligopeptide&nbsp;ABC&nbsp;transporter,&nbsp;periplasmic&nbsp;substrate-binding&nbsp;protein",69.5
367737.Abu_1307,Abu_1307,Methyl-accepting&nbsp;chemotaxis&nbsp;protein,69.4
367737.Abu_2250,Abu_2250,ATP-grasp&nbsp;(A)&nbsp;domain&nbsp;protein,69.2
367737.Abu_1214,gltX2,Glutamate--tRNA&nbsp;ligase&nbsp;2,69.1
367737.Abu_0936,Abu_0936,annotation&nbsp;not&nbsp;available,69.1
367737.Abu_0764,rplE,50S&nbsp;ribosomal&nbsp;protein&nbsp;L5,68.9
367737.Abu_0145,purT,Formate-dependent&nbsp;phosphoribosylglycinamide&nbsp;formyltransferase,68.7
367737.Abu_0106,Abu_0106,"ABC&nbsp;transporter,&nbsp;periplasmic&nbsp;substrate-binding&nbsp;protein,&nbsp;putative",68.6
367737.Abu_0004,Abu_0004,Probable&nbsp;thioredoxin&nbsp;reductase,68.6
367737.Abu_0293,rpmF,"Pfam&nbsp;match&nbsp;to&nbsp;PF01783&nbsp;Ribosomal_L32p,&nbsp;score&nbsp;34.1,&nbsp;E-value&nbsp;4E-003",68.5
367737.Abu_0692,Abu_0692,Putative&nbsp;hexose&nbsp;epimerase,68.5
367737.Abu_1748,atpE,ATP&nbsp;synthase&nbsp;subunit&nbsp;c,68.4
367737.Abu_0894,Abu_0894,"ABC&nbsp;transporter,&nbsp;permease&nbsp;protein",68.4
367737.Abu_0800,Abu_0800,"Urea/short-chain&nbsp;amide&nbsp;ABC&nbsp;transporter,&nbsp;permease&nbsp;protein",68.2
367737.Abu_0526,Abu_0526,Methyl-accepting&nbsp;chemotaxis&nbsp;protein,68.1
367737.Abu_2046,ribD,Bifunctional&nbsp;riboflavin&nbsp;biosynthesis&nbsp;protein&nbsp;RibD,68.0
367737.Abu_1848,pyrF,Orotidine&nbsp;5'-phosphate&nbsp;decarboxylase,67.8
367737.Abu_1188,cheB,Chemotaxis&nbsp;response&nbsp;regulator&nbsp;protein-glutamate&nbsp;methylesterase,67.8
367737.Abu_0117,metH,5-methyltetrahydrofolate--homocysteine&nbsp;methyltransferase,67.3
367737.Abu_0134,Abu_0134,Putative&nbsp;aminotransferase,67.3
367737.Abu_0661,Abu_0661,UDP-hexose&nbsp;dehydrogenase,67.1
367737.Abu_1639,purL,Phosphoribosylformylglycinamidine&nbsp;synthase&nbsp;subunit&nbsp;PurL,67.1
367737.Abu_2255,flaB,Flagellin,67.1
367737.Abu_1547,htpG,Chaperone&nbsp;protein&nbsp;HtpG,67.0
367737.Abu_1580,Abu_1580,annotation&nbsp;not&nbsp;available,67.0
367737.Abu_1892,rpmG,"Pfam&nbsp;match&nbsp;to&nbsp;PF00471&nbsp;Ribosomal_L33,&nbsp;score&nbsp;64.3,&nbsp;E-value&nbsp;3.6E-016",66.9
367737.Abu_2262,dnaE,DNA-directed&nbsp;DNA&nbsp;polymerase,66.7
367737.Abu_0567,soxX,"Sulfur&nbsp;oxidation&nbsp;protein&nbsp;SoxXA,&nbsp;monoheme&nbsp;cytochrome&nbsp;c&nbsp;subunit",66.5
367737.Abu_0305,nuoK,NADH-quinone&nbsp;oxidoreductase&nbsp;subunit&nbsp;K,66.5
367737.Abu_1598,atpH,ATP&nbsp;synthase&nbsp;subunit&nbsp;delta,65.9
367737.Abu_1290,kdpE,Two&nbsp;component&nbsp;system&nbsp;transcriptional&nbsp;regulatory&nbsp;protein,65.9
367737.Abu_1735,Abu_1735,annotation&nbsp;not&nbsp;available,65.8
367737.Abu_0591,Abu_0591,annotation&nbsp;not&nbsp;available,65.8
367737.Abu_0802,Abu_0802,"ABC&nbsp;transporter,&nbsp;ATP-binding&nbsp;protein",65.8
367737.Abu_0761,rpsQ,30S&nbsp;ribosomal&nbsp;protein&nbsp;S17,65.8
367737.Abu_0317,Abu_0317,Carboxylyase-related&nbsp;protein,65.8
367737.Abu_0934,Abu_0934,annotation&nbsp;not&nbsp;available,65.7
367737.Abu_1823,gppA,Guanosine&nbsp;pentaphosphate&nbsp;phosphohydrolase&nbsp;(GppA),65.6
367737.Abu_0690,hisF3,"Imidazoleglycerol&nbsp;phosphate&nbsp;synthase,&nbsp;cyclase&nbsp;subunit",65.5
367737.Abu_1609,rpmA,"Pfam&nbsp;match&nbsp;to&nbsp;PF01016&nbsp;Ribosomal_L27,&nbsp;score&nbsp;189.8,&nbsp;E-value&nbsp;5.8E-054",65.4
367737.Abu_1625,rpmH,"Pfam&nbsp;match&nbsp;to&nbsp;PF00468&nbsp;Ribosomal_L34,&nbsp;score&nbsp;72.6,&nbsp;E-value&nbsp;1.2E-018",65.1
367737.Abu_2278,pyrE,Orotate&nbsp;phosphoribosyltransferase,64.6
367737.Abu_1253,Abu_1253,DnaJ&nbsp;domain&nbsp;protein,64.5
367737.Abu_1492,dinP,DNA&nbsp;polymerase&nbsp;IV,64.5
367737.Abu_0459,mutS1,Mismatch&nbsp;repair&nbsp;ATPase,64.4
367737.Abu_2173,cysH,Phosphoadenosine&nbsp;phosphosulfate&nbsp;reductase,64.4
367737.Abu_1088,cydB,"Cytochrome&nbsp;bd&nbsp;oxidase,&nbsp;subunit&nbsp;II",64.3
367737.Abu_1981,purE,N5-carboxyaminoimidazole&nbsp;ribonucleotide&nbsp;mutase,64.1
367737.Abu_2267,rpsU,"Pfam&nbsp;match&nbsp;to&nbsp;PF01165&nbsp;Ribosomal_S21,&nbsp;score&nbsp;99.7,&nbsp;E-value&nbsp;7.7E-027",64.0
367737.Abu_1883,rpoC,DNA-directed&nbsp;RNA&nbsp;polymerase&nbsp;subunit&nbsp;beta',64.0
367737.Abu_1016,rpmJ,"Pfam&nbsp;match&nbsp;to&nbsp;PF00444&nbsp;Ribosomal_L36,&nbsp;score&nbsp;34.9,&nbsp;E-value&nbsp;2E-003",64.0
367737.Abu_1039,Abu_1039,"ABC&nbsp;transporter,&nbsp;ATP-binding&nbsp;protein",63.9
367737.Abu_0313,nuoCD,NADH-quinone&nbsp;oxidoreductase&nbsp;subunit&nbsp;C/D,63.9
367737.Abu_1926,Abu_1926,MaoC&nbsp;family&nbsp;protein,63.9
367737.Abu_0108,iamB,"ABC&nbsp;transporter,&nbsp;permease&nbsp;protein",63.8
367737.Abu_1146,mutS2,Endonuclease&nbsp;MutS2,63.5
367737.Abu_1433,hyaC,annotation&nbsp;not&nbsp;available,63.5
367737.Abu_0443,suhB,Inositol-1-monophosphatase,63.4
367737.Abu_2064,petC,annotation&nbsp;not&nbsp;available,63.4
367737.Abu_1270,polA,DNA&nbsp;polymerase&nbsp;I,63.1
367737.Abu_0566,soxD,annotation&nbsp;not&nbsp;available,63.1
367737.Abu_1599,Abu_1599,ATP&nbsp;synthase&nbsp;subunit&nbsp;b,63.1
367737.Abu_1510,fdhB2,"Formate&nbsp;dehydrogenase,&nbsp;iron-sulfur&nbsp;subunit&nbsp;FdhB",63.1
367737.Abu_1280,dltA,D-alanine&nbsp;activating&nbsp;enzyme,62.8
367737.Abu_0002,dnaN,"DNA&nbsp;polymerase&nbsp;III,&nbsp;beta&nbsp;subunit",62.6
367737.Abu_1226,pycB2,Pyruvate/oxaloacetate&nbsp;carboxyltransferase,62.5
367737.Abu_0762,rplN,50S&nbsp;ribosomal&nbsp;protein&nbsp;L14,62.5
367737.Abu_1974,ffh,Signal&nbsp;recognition&nbsp;particle&nbsp;protein,62.3
367737.Abu_1622,oxaA,Membrane&nbsp;protein&nbsp;insertase&nbsp;YidC,62.2
367737.Abu_0570,soxA,annotation&nbsp;not&nbsp;available,62.1
367737.Abu_1116,Abu_1116,Putative&nbsp;ATP-dependent&nbsp;RNA&nbsp;helicase&nbsp;RhlE,62.0
367737.Abu_0643,npd,2-nitropropane&nbsp;dioxygenase,61.8
367737.Abu_1315,mdh,Malate&nbsp;dehydrogenase,61.8
367737.Abu_0301,frdC,"Fumarate&nbsp;reductase,&nbsp;cytochrome&nbsp;b&nbsp;subunit",61.7
367737.Abu_2232,Abu_2232,annotation&nbsp;not&nbsp;available,61.7
367737.Abu_0960,Abu_0960,Methyl-accepting&nbsp;chemotaxis&nbsp;protein,61.2
367737.Abu_0243,rpsR,30S&nbsp;ribosomal&nbsp;protein&nbsp;S18,61.2
367737.Abu_0064,czcB,annotation&nbsp;not&nbsp;available,61.2
367737.Abu_0755,rplB,50S&nbsp;ribosomal&nbsp;protein&nbsp;L2,61.2
367737.Abu_0497,dnaQ1,"DNA&nbsp;polymerase&nbsp;III,&nbsp;epsilon&nbsp;subunit",61.1
367737.Abu_0809,ureF,Urease&nbsp;complex&nbsp;component,61.1
367737.Abu_1103,Abu_1103,"Putative&nbsp;iron&nbsp;compound&nbsp;ABC&nbsp;transporter,&nbsp;ATP-binding&nbsp;protein",61.0
367737.Abu_1211,Abu_1211,Outer&nbsp;membrane&nbsp;surface&nbsp;antigen&nbsp;protein,60.9
367737.Abu_1152,glnB2,Nitrogen&nbsp;regulatory&nbsp;protein&nbsp;PII,60.7
367737.Abu_2031,Abu_2031,Thiamine&nbsp;monophosphate&nbsp;synthase,60.7
367737.Abu_0707,Abu_0707,HlyD&nbsp;family&nbsp;secretion&nbsp;protein,60.6
367737.Abu_0563,rep,DNA&nbsp;helicase,60.6
367737.Abu_0492,ackA1,Acetate&nbsp;kinase,60.5
367737.Abu_0803,Abu_0803,"ABC&nbsp;transporter,&nbsp;ATP-binding&nbsp;protein",60.5
367737.Abu_2132,gapA,Glyceraldehyde-3-phosphate&nbsp;dehydrogenase,60.5
367737.Abu_1359,Abu_1359,"Inhibitor&nbsp;of&nbsp;MCP&nbsp;methylation,&nbsp;CheC",60.4
367737.Abu_1611,dnaG,DNA&nbsp;primase,60.0
367737.Abu_2254,flaA,Flagellin,59.9
367737.Abu_1960,fliN,Flagellar&nbsp;motor&nbsp;switch&nbsp;protein&nbsp;FliN,59.8
367737.Abu_0246,nusA,Transcription&nbsp;termination/antitermination&nbsp;protein&nbsp;NusA,59.7
367737.Abu_1187,cheD,Probable&nbsp;chemoreceptor&nbsp;glutamine&nbsp;deamidase&nbsp;CheD,59.7
367737.Abu_1426,hydC,"Ni/Fe&nbsp;hydrogenase,&nbsp;cytochrome&nbsp;b&nbsp;subunit",59.6
367737.Abu_2081,ccoN,"Cytochrome&nbsp;c&nbsp;oxidase,&nbsp;cbb3-type,&nbsp;subunit&nbsp;I",59.5
367737.Abu_1596,atpG,ATP&nbsp;synthase&nbsp;gamma&nbsp;chain,59.4
367737.Abu_2292,moeB,Molybdopterin&nbsp;biosynthesis&nbsp;protein,59.4
367737.Abu_0678,asnB,Asparagine&nbsp;synthetase,59.3
367737.Abu_1179,purD,Phosphoribosylamine--glycine&nbsp;ligase,59.0
367737.Abu_1281,dltB,D-alanyl&nbsp;transfer&nbsp;protein,59.0
367737.Abu_2040,Abu_2040,annotation&nbsp;not&nbsp;available,58.8
367737.Abu_0971,hslV,ATP-dependent&nbsp;protease&nbsp;subunit&nbsp;HslV,58.8
367737.Abu_2085,Abu_2085,DNA&nbsp;helicase,58.6
367737.Abu_2302,sbp,Sulfate-binding&nbsp;protein,58.6
367737.Abu_0494,ackA2,Acetate&nbsp;kinase,58.5
367737.Abu_1847,nusB,Transcription&nbsp;antitermination&nbsp;protein&nbsp;NusB,58.5
367737.Abu_0605,accC2,"Acetyl&nbsp;CoA&nbsp;carboxylase,&nbsp;biotin&nbsp;carboxylase&nbsp;subunit",58.4
367737.Abu_0609,sufD,Fe-S&nbsp;assembly&nbsp;protein,58.4
367737.Abu_1822,waaC,Lipopolysaccharide&nbsp;heptosyltransferase&nbsp;I,58.4
367737.Abu_0616,argH,"Pfam&nbsp;match&nbsp;to&nbsp;PF00206&nbsp;Lyase_1,&nbsp;score&nbsp;259.9,&nbsp;E-value&nbsp;4.9E-075",58.3
367737.Abu_0611,sufB,"Fe-S&nbsp;assembly&nbsp;ABC&nbsp;transporter,&nbsp;permease&nbsp;protein",58.2
367737.Abu_0806,ureAB,Multifunctional&nbsp;fusion&nbsp;protein,58.2
367737.Abu_1408,hypB,Hydrogenase&nbsp;expression/formation&nbsp;protein&nbsp;HypB,57.9
367737.Abu_1814,Abu_1814,Putative&nbsp;O-antigen&nbsp;polymerase,57.8
367737.Abu_2210,gidA,tRNA&nbsp;uridine&nbsp;5-carboxymethylaminomethyl&nbsp;modification&nbsp;enzyme&nbsp;MnmG,57.7
367737.Abu_0725,Abu_0725,FMN-dependent&nbsp;alpha-hydroxy&nbsp;acid&nbsp;dehydrogenase,57.6
367737.Abu_0303,nuoM,"NADH-quinone&nbsp;oxidoreductase,&nbsp;M&nbsp;subunit",57.5
367737.Abu_1023,guaB,Inosine-5'-monophosphate&nbsp;dehydrogenase,57.5
367737.Abu_0759,rplP,50S&nbsp;ribosomal&nbsp;protein&nbsp;L16,57.4
367737.Abu_0637,folD,Bifunctional&nbsp;protein&nbsp;FolD,57.3
367737.Abu_1957,flgE1,Flagellar&nbsp;basal&nbsp;body&nbsp;protein,57.2
367737.Abu_0140,gapB,Glyceraldehyde-3-phosphate&nbsp;dehydrogenase&nbsp;B,57.2
367737.Abu_2066,petA,"Ubiquinol&nbsp;cytochrome&nbsp;c&nbsp;oxidoreductase,&nbsp;2Fe-2S&nbsp;subunit",57.1
367737.Abu_1007,Abu_1007,Pyrimidine/purine&nbsp;nucleoside&nbsp;phosphorylase,57.0
367737.Abu_0503,dnaQ2,"DNA&nbsp;polymerase&nbsp;III,&nbsp;epsilon&nbsp;subunit",57.0
367737.Abu_0310,gltA,"Pfam&nbsp;match&nbsp;to&nbsp;PF00285&nbsp;Citrate_synt,&nbsp;score&nbsp;541.9,&nbsp;E-value&nbsp;6.2E-160",56.9
367737.Abu_0751,rpsJ,30S&nbsp;ribosomal&nbsp;protein&nbsp;S10,56.8
367737.Abu_1237,ribA,GTP&nbsp;cyclohydrolase-2,56.8
367737.Abu_0395,secD,Protein&nbsp;translocase&nbsp;subunit&nbsp;SecD,56.6
367737.Abu_2298,cysT,Sulfate&nbsp;transport&nbsp;system&nbsp;permease&nbsp;protein,56.6
367737.Abu_1228,ribAB,"3,4-dihydroxy-2-butanone&nbsp;4-phosphate&nbsp;synthase",56.6
367737.Abu_1884,rpoB,DNA-directed&nbsp;RNA&nbsp;polymerase&nbsp;subunit&nbsp;beta,56.4
367737.Abu_0555,Abu_0555,"ABC&nbsp;transporter,&nbsp;permease&nbsp;protein",56.4
367737.Abu_1902,pbpA,Penicillin-binding&nbsp;protein&nbsp;1A,56.3
367737.Abu_0194,glnD,Bifunctional&nbsp;uridylyltransferase/uridylyl-removing&nbsp;enzyme,56.3
367737.Abu_1497,fdhB1,"Pfam&nbsp;match&nbsp;to&nbsp;PF00037&nbsp;Fer4,&nbsp;score&nbsp;37.6,&nbsp;E-value&nbsp;3.9E-008",56.1
367737.Abu_0402,leuS,Leucine--tRNA&nbsp;ligase,56.1
367737.Abu_0972,hslU,ATP-dependent&nbsp;protease&nbsp;ATPase&nbsp;subunit&nbsp;HslU,56.0
367737.Abu_0485,trmU2,tRNA-specific&nbsp;2-thiouridylase&nbsp;MnmA&nbsp;2,56.0
367737.Abu_0088,pstA,Phosphate&nbsp;transport&nbsp;system&nbsp;permease&nbsp;protein&nbsp;PstA,55.9
367737.Abu_0982,Abu_0982,"Acetyltransferase,&nbsp;GNAT&nbsp;Family",55.9
367737.Abu_0838,pgi,Glucose-6-phosphate&nbsp;isomerase,55.8
367737.Abu_0440,Abu_0440,"ABC&nbsp;transporter,&nbsp;ATP-binding&nbsp;protein",55.8
367737.Abu_2176,cysI,"Sulfite&nbsp;reductase,&nbsp;iron-sulfur&nbsp;subunit",55.7
367737.Abu_0358,napA,"Periplasmic&nbsp;nitrate&nbsp;reductase,&nbsp;large&nbsp;subunit",55.7
367737.Abu_0277,prpC,"Pfam&nbsp;match&nbsp;to&nbsp;PF00285&nbsp;Citrate_synt,&nbsp;score&nbsp;328.2,&nbsp;E-value&nbsp;1.3E-095",55.6
367737.Abu_1021,rplQ,"Pfam&nbsp;match&nbsp;to&nbsp;PF01196&nbsp;Ribosomal_L17,&nbsp;score&nbsp;153.2,&nbsp;E-value&nbsp;6.3E-043",55.6
367737.Abu_0291,ndk,Nucleoside&nbsp;diphosphate&nbsp;kinase,55.4
367737.Abu_0658,dnaB,Replicative&nbsp;DNA&nbsp;helicase,55.4
367737.Abu_1070,dgt,Deoxyguanosinetriphosphate&nbsp;triphosphohydrolase,55.4
367737.Abu_0484,trmU1,tRNA-specific&nbsp;2-thiouridylase&nbsp;MnmA&nbsp;1,55.3
367737.Abu_0859,trpF,N-(5'-phosphoribosyl)anthranilate&nbsp;isomerase,55.3
367737.Abu_2056,fabF,3-oxoacyl-[acyl-carrier-protein]&nbsp;synthase&nbsp;2,55.3
367737.Abu_0153,rpmE,50S&nbsp;ribosomal&nbsp;protein&nbsp;L31,55.2
367737.Abu_0176,pycB1,"Pfam&nbsp;matches&nbsp;to&nbsp;PF00364&nbsp;Biotin_lipoyl,&nbsp;score&nbsp;83.9,&nbsp;E-value&nbsp;4.4E-022,&nbsp;and&nbsp;to&nbsp;PF00682&nbsp;HMGL-like,&nbsp;score&nbsp;-49.1,&nbsp;E-value&nbsp;6.8E-005",55.2
367737.Abu_1597,atpA,ATP&nbsp;synthase&nbsp;subunit&nbsp;alpha,55.0
367737.Abu_1714,Abu_1714,annotation&nbsp;not&nbsp;available,54.7
367737.Abu_1156,ilvI,Acetolactate&nbsp;synthase,54.6
367737.Abu_1310,secA,Protein&nbsp;translocase&nbsp;subunit&nbsp;SecA,54.4
367737.Abu_0850,trpC,Indole-3-glycerol&nbsp;phosphate&nbsp;synthase,54.3
367737.Abu_0357,napG,Fe-S&nbsp;ferredoxin-type&nbsp;protein&nbsp;NapG,54.2
367737.Abu_0229,gatC,Aspartyl/glutamyl-tRNA(Asn/Gln)&nbsp;amidotransferase&nbsp;subunit&nbsp;C,54.2
367737.Abu_0241,rpsF,30S&nbsp;ribosomal&nbsp;protein&nbsp;S6,54.1
367737.Abu_0351,Abu_0351,Methyl-accepting&nbsp;chemotaxis&nbsp;protein,54.0
367737.Abu_2174,cysD,Sulfate&nbsp;adenylyltransferase&nbsp;subunit&nbsp;2,54.0
367737.Abu_0300,frdA,"Fumarate&nbsp;reductase,&nbsp;flavoprotein&nbsp;subunit",53.6
367737.Abu_0550,hemH,Ferrochelatase,53.5
367737.Abu_0220,metF,Methylenetetrahydrofolate&nbsp;reductase,53.5
367737.Abu_0087,pstC,Phosphate&nbsp;transport&nbsp;system&nbsp;permease&nbsp;protein,53.5
367737.Abu_1610,rplU,50S&nbsp;ribosomal&nbsp;protein&nbsp;L21,53.4
367737.Abu_2206,Abu_2206,Probable&nbsp;ATP-dependent&nbsp;RNA&nbsp;helicase,53.1
367737.Abu_1295,trpB2,Tryptophan&nbsp;synthase&nbsp;beta&nbsp;chain,53.1
367737.Abu_0121,hisI,Histidine&nbsp;biosynthesis&nbsp;bifunctional&nbsp;protein&nbsp;HisIE,53.0
367737.Abu_2069,Abu_2069,"ATP-dependent&nbsp;DNA&nbsp;helicase,&nbsp;UvrD/REP&nbsp;family",52.9
367737.Abu_0160,cdsA,Phosphatidate&nbsp;cytidylyltransferase,52.9
367737.Abu_1283,dltD,annotation&nbsp;not&nbsp;available,52.8
367737.Abu_0554,Abu_0554,"ABC&nbsp;transporter,&nbsp;ATP-binding&nbsp;protein",52.3
367737.Abu_2067,thrC,Threonine&nbsp;synthase,52.3
367737.Abu_1800,waaF,Lipopolysaccharide&nbsp;heptosyltransferase&nbsp;II,52.2
367737.Abu_0259,argD1,N-acetylornithine&nbsp;aminotransferase,52.2
367737.Abu_0085,pstS,annotation&nbsp;not&nbsp;available,52.2
367737.Abu_2049,rpsA,30S&nbsp;ribosomal&nbsp;protein&nbsp;S1,52.1
367737.Abu_0769,rpsE,30S&nbsp;ribosomal&nbsp;protein&nbsp;S5,52.1
367737.Abu_1274,Abu_1274,"ABC&nbsp;transporter,&nbsp;ATP-binding&nbsp;protein",52.1
367737.Abu_1978,Abu_1978,Uncharacterized&nbsp;protein,52.1
367737.Abu_0654,lysS,Lysine--tRNA&nbsp;ligase,52.1
367737.Abu_1945,flgC,annotation&nbsp;not&nbsp;available,52.0
367737.Abu_1019,rpsD,30S&nbsp;ribosomal&nbsp;protein&nbsp;S4,51.9
367737.Abu_1620,trmE,tRNA&nbsp;modification&nbsp;GTPase&nbsp;MnmE,51.8
367737.Abu_0765,rpsN,30S&nbsp;ribosomal&nbsp;protein&nbsp;S14&nbsp;type&nbsp;Z,51.8
367737.Abu_0287,gdhA,Glutamate&nbsp;dehydrogenase,51.7
367737.Abu_0348,nrfH,"Cytochrome&nbsp;c&nbsp;nitrite&nbsp;reductase,&nbsp;small&nbsp;subunit&nbsp;NrfH",51.6
367737.Abu_0306,nuoJ,"NADH-quinone&nbsp;oxidoreductase,&nbsp;J&nbsp;subunit",51.5
367737.Abu_0668,asnB2,Asparagine&nbsp;synthetase,51.4
367737.Abu_2149,ilvB,Acetolactate&nbsp;synthase,51.4
367737.Abu_0889,ftsY,Signal&nbsp;recognition&nbsp;particle&nbsp;receptor&nbsp;FtsY,51.2
367737.Abu_0072,infC,Translation&nbsp;initiation&nbsp;factor&nbsp;IF-3,51.2
367737.Abu_1437,hupS,annotation&nbsp;not&nbsp;available,51.1
