866774.HMPREF9248_1157,rplL,50S&nbsp;ribosomal&nbsp;protein&nbsp;L7/L12,98.8
866774.HMPREF9248_0667,EFL43599.1,"Branched-chain&nbsp;amino&nbsp;acid&nbsp;ABC&nbsp;transporter,&nbsp;permease&nbsp;protein",97.7
866774.HMPREF9248_0091,gyrA,DNA&nbsp;gyrase&nbsp;subunit&nbsp;A,97.5
866774.HMPREF9248_0585,rplD,50S&nbsp;ribosomal&nbsp;protein&nbsp;L4,97.4
866774.HMPREF9248_0808,EFL44044.1,"PTS&nbsp;system,&nbsp;glucose-like&nbsp;IIB&nbsp;component",97.4
866774.HMPREF9248_0809,EFL44047.1,"PTS&nbsp;system,&nbsp;glucose&nbsp;subfamily,&nbsp;IIA&nbsp;component",96.4
866774.HMPREF9248_0624,EFL44602.1,annotation&nbsp;not&nbsp;available,95.8
866774.HMPREF9248_1035,rpsA,30S&nbsp;ribosomal&nbsp;protein&nbsp;S1,95.8
866774.HMPREF9248_0586,rplC,50S&nbsp;ribosomal&nbsp;protein&nbsp;L3,94.1
866774.HMPREF9248_1156,rpoB,DNA-directed&nbsp;RNA&nbsp;polymerase&nbsp;subunit&nbsp;beta,94.1
866774.HMPREF9248_0548,rplQ,50S&nbsp;ribosomal&nbsp;protein&nbsp;L17,94.1
866774.HMPREF9248_0551,rpsK,30S&nbsp;ribosomal&nbsp;protein&nbsp;S11,93.3
866774.HMPREF9248_0740,rpmI,50S&nbsp;ribosomal&nbsp;protein&nbsp;L35,93.0
866774.HMPREF9248_0974,ftsQ,Cell&nbsp;division&nbsp;protein&nbsp;FtsQ,92.3
866774.HMPREF9248_1052,rplS,50S&nbsp;ribosomal&nbsp;protein&nbsp;L19,92.3
866774.HMPREF9248_0390,atpD,ATP&nbsp;synthase&nbsp;subunit&nbsp;beta,90.8
866774.HMPREF9248_0322,EFL44129.1,"Phosphocarrier,&nbsp;HPr&nbsp;family",89.7
866774.HMPREF9248_0056,EFL43700.1,PTS&nbsp;system&nbsp;sorbose-specific&nbsp;iic&nbsp;component,89.1
866774.HMPREF9248_0550,rpsD,30S&nbsp;ribosomal&nbsp;protein&nbsp;S4,88.3
866774.HMPREF9248_0593,EFL43873.1,"Phosphotransferase&nbsp;system,&nbsp;EIIC",87.9
866774.HMPREF9248_0577,rplN,50S&nbsp;ribosomal&nbsp;protein&nbsp;L14,87.7
866774.HMPREF9248_0560,rpmD,50S&nbsp;ribosomal&nbsp;protein&nbsp;L30,87.1
866774.HMPREF9248_1162,rplA,50S&nbsp;ribosomal&nbsp;protein&nbsp;L1,86.7
866774.HMPREF9248_0584,rplW,50S&nbsp;ribosomal&nbsp;protein&nbsp;L23,86.5
866774.HMPREF9248_0032,rplI,50S&nbsp;ribosomal&nbsp;protein&nbsp;L9,84.0
866774.HMPREF9248_0772,xseA,Exodeoxyribonuclease&nbsp;7&nbsp;large&nbsp;subunit,83.3
866774.HMPREF9248_1150,rpsG,30S&nbsp;ribosomal&nbsp;protein&nbsp;S7,82.7
866774.HMPREF9248_0190,rpmB,50S&nbsp;ribosomal&nbsp;protein&nbsp;L28,82.7
866774.HMPREF9248_0549,rpoA,DNA-directed&nbsp;RNA&nbsp;polymerase&nbsp;subunit&nbsp;alpha,82.7
866774.HMPREF9248_1155,rpoC,DNA-directed&nbsp;RNA&nbsp;polymerase&nbsp;subunit&nbsp;beta',81.5
866774.HMPREF9248_0391,atpG,ATP&nbsp;synthase&nbsp;gamma&nbsp;chain,80.6
866774.HMPREF9248_0477,ruvB,Holliday&nbsp;junction&nbsp;ATP-dependent&nbsp;DNA&nbsp;helicase&nbsp;RuvB,79.9
866774.HMPREF9248_0576,rplX,50S&nbsp;ribosomal&nbsp;protein&nbsp;L24,79.9
866774.HMPREF9248_0582,rplV,50S&nbsp;ribosomal&nbsp;protein&nbsp;L22,79.6
866774.HMPREF9248_1122,trpB,Tryptophan&nbsp;synthase&nbsp;beta&nbsp;chain,79.3
866774.HMPREF9248_1151,rpsL,30S&nbsp;ribosomal&nbsp;protein&nbsp;S12,78.6
866774.HMPREF9248_0666,EFL43645.1,"Branched-chain&nbsp;amino&nbsp;acid&nbsp;ABC&nbsp;transporter,&nbsp;permease&nbsp;protein",77.3
866774.HMPREF9248_0304,pstC,Phosphate&nbsp;transport&nbsp;system&nbsp;permease&nbsp;protein,77.2
866774.HMPREF9248_0614,EFL44518.1,"PTS&nbsp;system,&nbsp;glucose-like&nbsp;IIB&nbsp;component",77.0
866774.HMPREF9248_0393,atpH,ATP&nbsp;synthase&nbsp;subunit&nbsp;delta,76.8
866774.HMPREF9248_0580,rplP,50S&nbsp;ribosomal&nbsp;protein&nbsp;L16,76.4
866774.HMPREF9248_0739,rplT,50S&nbsp;ribosomal&nbsp;protein&nbsp;L20,75.5
866774.HMPREF9248_0130,secG,"Preprotein&nbsp;translocase,&nbsp;SecG&nbsp;subunit",75.2
866774.HMPREF9248_0851,groS,10&nbsp;kDa&nbsp;chaperonin,74.3
866774.HMPREF9248_0598,EFL43775.1,"PTS&nbsp;system,&nbsp;Fru&nbsp;family,&nbsp;IIC&nbsp;component",74.0
866774.HMPREF9248_0474,purH,Bifunctional&nbsp;purine&nbsp;biosynthesis&nbsp;protein&nbsp;PurH,73.9
866774.HMPREF9248_0578,rpsQ,30S&nbsp;ribosomal&nbsp;protein&nbsp;S17,73.7
866774.HMPREF9248_0761,rpsT,30S&nbsp;ribosomal&nbsp;protein&nbsp;S20,73.1
866774.HMPREF9248_0565,rpsN,30S&nbsp;ribosomal&nbsp;protein&nbsp;S14&nbsp;type&nbsp;Z,72.4
866774.HMPREF9248_0581,rpsC,30S&nbsp;ribosomal&nbsp;protein&nbsp;S3,72.2
866774.HMPREF9248_0035,rpsF,30S&nbsp;ribosomal&nbsp;protein&nbsp;S6,71.7
866774.HMPREF9248_0829,pheS,Phenylalanine--tRNA&nbsp;ligase&nbsp;alpha&nbsp;subunit,70.7
866774.HMPREF9248_1121,trpA,Tryptophan&nbsp;synthase&nbsp;alpha&nbsp;chain,70.7
866774.HMPREF9248_1090,rpmA,50S&nbsp;ribosomal&nbsp;protein&nbsp;L27,70.3
866774.HMPREF9248_0627,EFL44606.1,Orotidine&nbsp;5'-phosphate&nbsp;decarboxylase,70.1
866774.HMPREF9248_1165,secE,Protein&nbsp;translocase&nbsp;subunit&nbsp;SecE,69.4
866774.HMPREF9248_0810,EFL44015.1,"Penicillin-binding&nbsp;protein,&nbsp;1A&nbsp;family",69.2
866774.HMPREF9248_0669,livF,"ABC&nbsp;transporter,&nbsp;ATP-binding&nbsp;protein",68.8
866774.HMPREF9248_0604,EFL43770.1,Putative&nbsp;PTS&nbsp;system&nbsp;mannose-specific&nbsp;EIIBCA&nbsp;component,68.7
866774.HMPREF9248_0563,rplF,50S&nbsp;ribosomal&nbsp;protein&nbsp;L6,68.4
866774.HMPREF9248_0566,rplE,50S&nbsp;ribosomal&nbsp;protein&nbsp;L5,68.2
866774.HMPREF9248_0100,rpmH,50S&nbsp;ribosomal&nbsp;protein&nbsp;L34,68.2
866774.HMPREF9248_0559,rplO,50S&nbsp;ribosomal&nbsp;protein&nbsp;L15,67.8
866774.HMPREF9248_0389,atpC,ATP&nbsp;synthase&nbsp;epsilon&nbsp;chain,67.8
866774.HMPREF9248_0986,nifJ,Pyruvate-flavodoxin&nbsp;oxidoreductase,67.4
866774.HMPREF9248_0852,groL,60&nbsp;kDa&nbsp;chaperonin,67.1
866774.HMPREF9248_1014,EFL44337.1,PTS&nbsp;system&nbsp;fructose&nbsp;IIA&nbsp;component,66.3
866774.HMPREF9248_0599,EFL43886.1,"PTS&nbsp;system,&nbsp;Fru&nbsp;family,&nbsp;IIB&nbsp;component",66.1
866774.HMPREF9248_0253,EFL44091.1,"Efflux&nbsp;ABC&nbsp;transporter,&nbsp;permease&nbsp;protein",65.4
866774.HMPREF9248_0561,rpsE,30S&nbsp;ribosomal&nbsp;protein&nbsp;S5,65.2
866774.HMPREF9248_0579,rpmC,50S&nbsp;ribosomal&nbsp;protein&nbsp;L29,64.3
866774.HMPREF9248_0543,pyrE,Orotate&nbsp;phosphoribosyltransferase,63.6
866774.HMPREF9248_0558,secY,Protein&nbsp;translocase&nbsp;subunit&nbsp;SecY,62.6
866774.HMPREF9248_0564,rpsH,30S&nbsp;ribosomal&nbsp;protein&nbsp;S8,62.5
866774.HMPREF9248_1158,rplJ,50S&nbsp;ribosomal&nbsp;protein&nbsp;L10,62.2
866774.HMPREF9248_0182,rpsP,30S&nbsp;ribosomal&nbsp;protein&nbsp;S16,62.1
866774.HMPREF9248_0305,pstA,Phosphate&nbsp;transport&nbsp;system&nbsp;permease&nbsp;protein&nbsp;PstA,62.0
866774.HMPREF9248_1218,purN,Phosphoribosylglycinamide&nbsp;formyltransferase,61.8
866774.HMPREF9248_0856,guaA,GMP&nbsp;synthase&nbsp;[glutamine-hydrolyzing],61.7
866774.HMPREF9248_0553,rpmJ,annotation&nbsp;not&nbsp;available,61.6
866774.HMPREF9248_0828,pheT,Phenylalanine--tRNA&nbsp;ligase&nbsp;beta&nbsp;subunit,61.6
866774.HMPREF9248_0231,rplM,50S&nbsp;ribosomal&nbsp;protein&nbsp;L13,61.1
866774.HMPREF9248_0611,EFL44517.1,"PTS&nbsp;system,&nbsp;glucose&nbsp;subfamily,&nbsp;IIA&nbsp;component",61.0
866774.HMPREF9248_1060,rpsB,30S&nbsp;ribosomal&nbsp;protein&nbsp;S2,60.2
866774.HMPREF9248_0583,rplB,50S&nbsp;ribosomal&nbsp;protein&nbsp;L2,60.1
866774.HMPREF9248_0403,rpmE,50S&nbsp;ribosomal&nbsp;protein&nbsp;L31,59.6
866774.HMPREF9248_0092,gyrB,DNA&nbsp;gyrase&nbsp;subunit&nbsp;B,59.5
866774.HMPREF9248_0562,rplR,50S&nbsp;ribosomal&nbsp;protein&nbsp;L18,58.9
866774.HMPREF9248_0605,frwB,Fructose-like&nbsp;phosphotransferase&nbsp;enzyme&nbsp;IIB&nbsp;component&nbsp;2,58.7
866774.HMPREF9248_1148,rpsJ,30S&nbsp;ribosomal&nbsp;protein&nbsp;S10,58.3
866774.HMPREF9248_1167,tuf,Elongation&nbsp;factor&nbsp;Tu,57.9
866774.HMPREF9248_1028,EFL44195.1,"Efflux&nbsp;transporter,&nbsp;RND&nbsp;family,&nbsp;MFP&nbsp;subunit",57.0
866774.HMPREF9248_0057,EFL43704.1,PTS&nbsp;system&nbsp;sorbose&nbsp;subfamily&nbsp;IIB&nbsp;component,56.9
866774.HMPREF9248_0771,xseB,Exodeoxyribonuclease&nbsp;7&nbsp;small&nbsp;subunit,55.2
866774.HMPREF9248_0244,secA,Protein&nbsp;translocase&nbsp;subunit&nbsp;SecA,54.8
866774.HMPREF9248_1061,tsf,Elongation&nbsp;factor&nbsp;Ts,54.4
866774.HMPREF9248_1163,rplK,50S&nbsp;ribosomal&nbsp;protein&nbsp;L11,54.3
866774.HMPREF9248_0748,rpsO,30S&nbsp;ribosomal&nbsp;protein&nbsp;S15,54.0
866774.HMPREF9248_0478,ruvA,Holliday&nbsp;junction&nbsp;ATP-dependent&nbsp;DNA&nbsp;helicase&nbsp;RuvA,54.0
866774.HMPREF9248_1089,rplU,50S&nbsp;ribosomal&nbsp;protein&nbsp;L21,53.6
866774.HMPREF9248_1142,EFL44477.1,"Penicillin-binding&nbsp;protein,&nbsp;transpeptidase&nbsp;domain&nbsp;protein",53.4
866774.HMPREF9248_0080,EFL43677.1,Inosine&nbsp;5-monophosphate&nbsp;dehydrogenase,52.8
866774.HMPREF9248_0033,rpsR,30S&nbsp;ribosomal&nbsp;protein&nbsp;S18,52.8
866774.HMPREF9248_0392,atpA,ATP&nbsp;synthase&nbsp;subunit&nbsp;alpha,52.3
866774.HMPREF9248_0078,rpmF,50S&nbsp;ribosomal&nbsp;protein&nbsp;L32,52.2
866774.HMPREF9248_0768,pta,Phosphate&nbsp;acetyltransferase,52.0
866774.HMPREF9248_0230,rpsI,30S&nbsp;ribosomal&nbsp;protein&nbsp;S9,51.3
