395963.Bind_2916,Bind_2916,Fumarate&nbsp;hydratase&nbsp;class&nbsp;I,98.9
395963.Bind_0185,Bind_0185,"Two&nbsp;component,&nbsp;sigma54&nbsp;specific,&nbsp;transcriptional&nbsp;regulator,&nbsp;Fis&nbsp;family",98.9
395963.Bind_0593,Bind_0593,Permease-like&nbsp;protein,98.8
395963.Bind_2032,Bind_2032,"KEGG:&nbsp;bch:Bcen2424_4026&nbsp;ABC&nbsp;nitrate/sulfonate/bicarbonate&nbsp;family&nbsp;transporter,&nbsp;periplasmic&nbsp;ligand&nbsp;binding&nbsp;protein",98.7
395963.Bind_2201,Bind_2201,PFAM:&nbsp;alpha/beta&nbsp;hydrolase&nbsp;fold,98.7
395963.Bind_2284,Bind_2284,"TIGRFAM:&nbsp;molybdenum&nbsp;ABC&nbsp;transporter,&nbsp;periplasmic&nbsp;molybdate-binding&nbsp;protein",98.7
395963.Bind_3141,Bind_3141,PFAM:&nbsp;Allophanate&nbsp;hydrolase&nbsp;subunit&nbsp;1,98.7
395963.Bind_0071,cysD,"TIGRFAM:&nbsp;sulfate&nbsp;adenylyltransferase,&nbsp;small&nbsp;subunit",98.7
395963.Bind_0589,ahcY,Adenosylhomocysteinase,98.6
395963.Bind_0725,Bind_0725,PFAM:&nbsp;cytochrome&nbsp;c&nbsp;oxidase&nbsp;subunit&nbsp;III,98.3
395963.Bind_2397,nuoC,NADH-quinone&nbsp;oxidoreductase&nbsp;subunit&nbsp;C,98.2
395963.Bind_3419,Bind_3419,KEGG:&nbsp;nwi:Nwi_2008&nbsp;dihydroorotase,98.2
395963.Bind_0332,Bind_0332,PFAM:&nbsp;Beta-ketoacyl&nbsp;synthase,98.1
395963.Bind_0412,nadD,Probable&nbsp;nicotinate-nucleotide&nbsp;adenylyltransferase,98.0
395963.Bind_0511,Bind_0511,Glyoxylate&nbsp;reductase,98.0
395963.Bind_3045,Bind_3045,Gluconokinase,98.0
395963.Bind_1193,prfC,Peptide&nbsp;chain&nbsp;release&nbsp;factor&nbsp;3,97.9
395963.Bind_3247,pheT,"KEGG:&nbsp;mex:Mext_1630&nbsp;phenylalanyl-tRNA&nbsp;synthetase,&nbsp;beta&nbsp;subunit",97.9
395963.Bind_0473,nifH,Nitrogenase&nbsp;iron&nbsp;protein,97.8
395963.Bind_0553,Bind_0553,KEGG:&nbsp;azc:AZC_3170&nbsp;sulfate&nbsp;ester&nbsp;transport&nbsp;system&nbsp;substrate-binding&nbsp;protein,97.8
395963.Bind_1145,Bind_1145,PAS/PAC&nbsp;sensor&nbsp;signal&nbsp;transduction&nbsp;histidine&nbsp;kinase,97.8
395963.Bind_0944,Bind_0944,"3,4-dihydroxy-2-butanone&nbsp;4-phosphate&nbsp;synthase",97.7
395963.Bind_3575,Bind_3575,PFAM:&nbsp;amine&nbsp;oxidase,97.5
395963.Bind_1704,minC,Probable&nbsp;septum&nbsp;site-determining&nbsp;protein&nbsp;MinC,97.4
395963.Bind_2858,Bind_2858,KEGG:&nbsp;reh:H16_A3602&nbsp;pyruvate&nbsp;kinase,97.4
395963.Bind_3080,Bind_3080,PFAM:&nbsp;dihydrodipicolinate&nbsp;synthetase,97.3
395963.Bind_0333,fabA,3-hydroxydecanoyl-[acyl-carrier-protein]&nbsp;dehydratase,97.3
395963.Bind_1913,Bind_1913,TIGRFAM:&nbsp;2-isopropylmalate&nbsp;synthase/homocitrate&nbsp;synthase&nbsp;family&nbsp;protein,97.2
395963.Bind_2340,Bind_2340,PFAM:&nbsp;periplasmic&nbsp;binding&nbsp;protein/LacI&nbsp;transcriptional&nbsp;regulator,97.1
395963.Bind_2695,adc,Probable&nbsp;acetoacetate&nbsp;decarboxylase,97.1
395963.Bind_2823,Bind_2823,Putative&nbsp;ribose/galactose/methyl&nbsp;galactoside&nbsp;import&nbsp;ATP-binding&nbsp;protein,97.0
395963.Bind_3673,Bind_3673,KEGG:&nbsp;mex:Mext_0714&nbsp;ceramide&nbsp;glucosyltransferase,97.0
395963.Bind_2436,ssuB,Aliphatic&nbsp;sulfonates&nbsp;import&nbsp;ATP-binding&nbsp;protein&nbsp;SsuB,96.9
395963.Bind_0128,dnaK,Chaperone&nbsp;protein&nbsp;DnaK,96.9
395963.Bind_2000,Bind_2000,KEGG:&nbsp;xau:Xaut_0559&nbsp;adenylate&nbsp;kinase-like&nbsp;protein,96.8
395963.Bind_0805,folD,Bifunctional&nbsp;protein&nbsp;FolD,96.7
395963.Bind_0337,grpE,Protein&nbsp;GrpE,96.7
395963.Bind_0250,hslV,ATP-dependent&nbsp;protease&nbsp;subunit&nbsp;HslV,96.6
395963.Bind_1870,dapA,4-hydroxy-tetrahydrodipicolinate&nbsp;synthase,96.6
395963.Bind_3464,Bind_3464,PFAM:&nbsp;binding-protein-dependent&nbsp;transport&nbsp;systems&nbsp;inner&nbsp;membrane&nbsp;component,96.6
395963.Bind_2194,Bind_2194,PFAM:&nbsp;extracellular&nbsp;solute-binding&nbsp;protein&nbsp;family&nbsp;5,96.6
395963.Bind_0300,frr,Ribosome-recycling&nbsp;factor,96.5
395963.Bind_2098,Bind_2098,PFAM:&nbsp;alpha/beta&nbsp;hydrolase&nbsp;fold,96.5
395963.Bind_0992,Bind_0992,TIGRFAM:&nbsp;molybdenum&nbsp;cofactor&nbsp;synthesis&nbsp;domain&nbsp;protein,96.3
395963.Bind_1527,Bind_1527,TIGRFAM:&nbsp;MazG&nbsp;family&nbsp;protein,96.2
395963.Bind_0699,bamD,Outer&nbsp;membrane&nbsp;protein&nbsp;assembly&nbsp;factor&nbsp;BamD,96.2
395963.Bind_0440,purE,N5-carboxyaminoimidazole&nbsp;ribonucleotide&nbsp;mutase,96.1
395963.Bind_0451,Bind_0451,KEGG:&nbsp;mlo:mlr5650&nbsp;ceramide&nbsp;glucosyltransferase,95.9
395963.Bind_1137,Bind_1137,"TIGRFAM:&nbsp;para-aminobenzoate&nbsp;synthase,&nbsp;subunit&nbsp;I",95.9
395963.Bind_2107,rplS,50S&nbsp;ribosomal&nbsp;protein&nbsp;L19,95.8
395963.Bind_2329,Bind_2329,PFAM:&nbsp;transport&nbsp;system&nbsp;permease&nbsp;protein,95.8
395963.Bind_0257,Bind_0257,PFAM:&nbsp;NUDIX&nbsp;hydrolase,95.7
395963.Bind_3196,Bind_3196,Histidine&nbsp;kinase,95.6
395963.Bind_2045,pyrE,Orotate&nbsp;phosphoribosyltransferase,95.5
395963.Bind_3468,Bind_3468,"KEGG:&nbsp;xau:Xaut_3075&nbsp;glyceraldehyde-3-phosphate&nbsp;dehydrogenase,&nbsp;type&nbsp;I",95.5
395963.Bind_2257,cysA,Sulfate/thiosulfate&nbsp;import&nbsp;ATP-binding&nbsp;protein&nbsp;CysA,95.4
395963.Bind_0267,Bind_0267,Uroporphyrin-III&nbsp;C-methyltransferase,95.4
395963.Bind_0909,Bind_0909,TIGRFAM:&nbsp;zinc-binding&nbsp;alcohol&nbsp;dehydrogenase&nbsp;family&nbsp;protein,95.3
395963.Bind_1337,Bind_1337,PFAM:&nbsp;GAF&nbsp;domain&nbsp;protein,95.3
395963.Bind_3522,Bind_3522,PFAM:&nbsp;thiamine&nbsp;monophosphate&nbsp;synthase,95.2
395963.Bind_3215,Bind_3215,PFAM:&nbsp;aminotransferase&nbsp;class-III,95.1
395963.Bind_1359,rplV,50S&nbsp;ribosomal&nbsp;protein&nbsp;L22,94.9
395963.Bind_0155,Bind_0155,Cytochrome&nbsp;b,94.7
395963.Bind_3624,Bind_3624,PFAM:&nbsp;CheW&nbsp;domain&nbsp;protein,94.7
395963.Bind_2831,Bind_2831,PFAM:&nbsp;Aldehyde&nbsp;Dehydrogenase_,94.6
395963.Bind_3307,ureA,Multifunctional&nbsp;fusion&nbsp;protein,94.6
395963.Bind_1349,rpsL,30S&nbsp;ribosomal&nbsp;protein&nbsp;S12,94.5
395963.Bind_3609,Bind_3609,TIGRFAM:&nbsp;dihydrolipoamide&nbsp;dehydrogenase,94.5
395963.Bind_0417,rpmA,PFAM:&nbsp;ribosomal&nbsp;protein&nbsp;L27,94.4
395963.Bind_2627,Bind_2627,"3,4-dihydroxy-2-butanone&nbsp;4-phosphate&nbsp;synthase",94.1
395963.Bind_1508,Bind_1508,TIGRFAM:&nbsp;dihydrolipoamide&nbsp;dehydrogenase,94.1
395963.Bind_3491,Bind_3491,KEGG:&nbsp;rru:Rru_A0089&nbsp;ATP-dependent&nbsp;DNA&nbsp;helicase&nbsp;RecQ,94.1
395963.Bind_1161,Bind_1161,"Two&nbsp;component,&nbsp;sigma54&nbsp;specific,&nbsp;transcriptional&nbsp;regulator,&nbsp;Fis&nbsp;family",94.1
395963.Bind_2388,nuoK,NADH-quinone&nbsp;oxidoreductase&nbsp;subunit&nbsp;K,94.0
395963.Bind_0199,ackA,Acetate&nbsp;kinase,94.0
395963.Bind_3622,Bind_3622,PFAM:&nbsp;response&nbsp;regulator&nbsp;receiver,93.9
395963.Bind_1217,Bind_1217,PFAM:&nbsp;nitrogen&nbsp;regulatory&nbsp;protein&nbsp;P-II,93.9
395963.Bind_0583,ppa,Inorganic&nbsp;pyrophosphatase,93.8
395963.Bind_0711,ccmC,Heme&nbsp;exporter&nbsp;protein&nbsp;C,93.8
395963.Bind_1122,Bind_1122,"KEGG:&nbsp;xau:Xaut_2831&nbsp;5,10-methylenetetrahydrofolate&nbsp;reductase",93.7
395963.Bind_1360,rpsC,30S&nbsp;ribosomal&nbsp;protein&nbsp;S3,93.7
395963.Bind_3670,Bind_3670,PFAM:&nbsp;Mammalian&nbsp;cell&nbsp;entry&nbsp;related&nbsp;domain&nbsp;protein,93.6
395963.Bind_3287,Bind_3287,"TIGRFAM:&nbsp;cytochrome&nbsp;d&nbsp;ubiquinol&nbsp;oxidase,&nbsp;subunit&nbsp;II",93.6
395963.Bind_3357,Bind_3357,PFAM:&nbsp;cytochrome&nbsp;c&nbsp;class&nbsp;I,93.4
395963.Bind_0808,ctaA,Heme&nbsp;A&nbsp;synthase,93.3
395963.Bind_1506,Bind_1506,Pyruvate&nbsp;dehydrogenase&nbsp;E1&nbsp;component&nbsp;subunit&nbsp;beta,93.3
395963.Bind_2589,Bind_2589,"Two&nbsp;component&nbsp;transcriptional&nbsp;regulator,&nbsp;winged&nbsp;helix&nbsp;family",93.3
395963.Bind_3524,Bind_3524,Serine--glyoxylate&nbsp;transaminase,93.3
395963.Bind_2028,Bind_2028,TIGRFAM:&nbsp;phage&nbsp;SPO1&nbsp;DNA&nbsp;polymerase-related&nbsp;protein,93.2
395963.Bind_0735,gcvPA,Probable&nbsp;glycine&nbsp;dehydrogenase&nbsp;(decarboxylating)&nbsp;subunit&nbsp;1,93.2
395963.Bind_2560,Bind_2560,3-oxoacyl-[acyl-carrier-protein]&nbsp;synthase&nbsp;2,93.2
395963.Bind_1182,leuB,3-isopropylmalate&nbsp;dehydrogenase,93.1
395963.Bind_3084,Bind_3084,PFAM:&nbsp;4Fe-4S&nbsp;ferredoxin&nbsp;iron-sulfur&nbsp;binding&nbsp;domain&nbsp;protein,93.1
395963.Bind_0613,Bind_0613,PFAM:&nbsp;AMP-dependent&nbsp;synthetase&nbsp;and&nbsp;ligase,93.1
395963.Bind_1103,Bind_1103,Enoyl-[acyl-carrier-protein]&nbsp;reductase&nbsp;[NADH],93.0
395963.Bind_0099,Bind_0099,KEGG:&nbsp;mex:Mext_3978&nbsp;FeS&nbsp;assembly&nbsp;ATPase&nbsp;SufC,93.0
395963.Bind_0006,tsaD,tRNA&nbsp;N6-adenosine&nbsp;threonylcarbamoyltransferase,93.0
395963.Bind_1448,trpE,Anthranilate&nbsp;synthase&nbsp;component&nbsp;1,92.9
395963.Bind_1363,rpsQ,30S&nbsp;ribosomal&nbsp;protein&nbsp;S17,92.9
395963.Bind_1450,tpiA,Triosephosphate&nbsp;isomerase,92.9
395963.Bind_0251,hslU,ATP-dependent&nbsp;protease&nbsp;ATPase&nbsp;subunit&nbsp;HslU,92.8
395963.Bind_0973,katG,Catalase-peroxidase,92.7
395963.Bind_1350,rpsG,30S&nbsp;ribosomal&nbsp;protein&nbsp;S7,92.6
395963.Bind_1169,Bind_1169,"TIGRFAM:&nbsp;efflux&nbsp;transporter,&nbsp;RND&nbsp;family,&nbsp;MFP&nbsp;subunit",92.5
395963.Bind_3546,Bind_3546,"Two&nbsp;component&nbsp;transcriptional&nbsp;regulator,&nbsp;winged&nbsp;helix&nbsp;family",92.5
395963.Bind_1969,Bind_1969,PFAM:&nbsp;oxidoreductase&nbsp;FAD/NAD(P)-binding&nbsp;domain&nbsp;protein,92.5
395963.Bind_1374,secY,Protein&nbsp;translocase&nbsp;subunit&nbsp;SecY,92.4
395963.Bind_1979,glyQ,"KEGG:&nbsp;mex:Mext_3099&nbsp;glycyl-tRNA&nbsp;synthetase,&nbsp;alpha&nbsp;subunit",92.3
395963.Bind_1958,Bind_1958,KEGG:&nbsp;scl:sce7776&nbsp;two-component&nbsp;hybrid&nbsp;histidine&nbsp;kinase,92.2
395963.Bind_0098,Bind_0098,TIGRFAM:&nbsp;FeS&nbsp;assembly&nbsp;protein&nbsp;SufB,92.2
395963.Bind_1284,mnmE,tRNA&nbsp;modification&nbsp;GTPase&nbsp;MnmE,92.1
395963.Bind_2850,Bind_2850,PFAM:&nbsp;FAD-dependent&nbsp;pyridine&nbsp;nucleotide-disulphide&nbsp;oxidoreductase,92.1
395963.Bind_1444,trpD,Anthranilate&nbsp;phosphoribosyltransferase,92.0
395963.Bind_2004,Bind_2004,KEGG:&nbsp;gdi:GDI2313&nbsp;putative&nbsp;ABC-type&nbsp;Fe3+&nbsp;transport&nbsp;system&nbsp;periplasmic&nbsp;component,92.0
395963.Bind_0378,Bind_0378,Glycerol-3-phosphate&nbsp;dehydrogenase,92.0
395963.Bind_1974,Bind_1974,"KEGG:&nbsp;rpd:RPD_0591&nbsp;DNA&nbsp;helicase,&nbsp;putative",91.9
395963.Bind_1147,Bind_1147,PFAM:&nbsp;nickel-dependent&nbsp;hydrogenase&nbsp;large&nbsp;subunit,91.6
395963.Bind_2391,nuoH,NADH-quinone&nbsp;oxidoreductase&nbsp;subunit&nbsp;H,91.6
395963.Bind_2420,Bind_2420,"TIGRFAM:&nbsp;acetolactate&nbsp;synthase,&nbsp;large&nbsp;subunit,&nbsp;biosynthetic&nbsp;type",91.6
395963.Bind_3142,Bind_3142,TIGRFAM:&nbsp;urea&nbsp;amidolyase&nbsp;related&nbsp;protein,91.6
395963.Bind_2051,ssuD,Alkanesulfonate&nbsp;monooxygenase,91.5
395963.Bind_2036,rpsM,30S&nbsp;ribosomal&nbsp;protein&nbsp;S13,91.4
395963.Bind_1834,Bind_1834,PFAM:&nbsp;NADH:flavin&nbsp;oxidoreductase/NADH&nbsp;oxidase,91.3
395963.Bind_0159,apt,Adenine&nbsp;phosphoribosyltransferase,91.3
395963.Bind_3254,secA,Protein&nbsp;translocase&nbsp;subunit&nbsp;SecA,91.2
395963.Bind_2622,Bind_2622,PFAM:&nbsp;FMN-dependent&nbsp;alpha-hydroxy&nbsp;acid&nbsp;dehydrogenase,91.2
395963.Bind_2259,Bind_2259,"TIGRFAM:&nbsp;sulfate&nbsp;ABC&nbsp;transporter,&nbsp;inner&nbsp;membrane&nbsp;subunit",91.1
395963.Bind_1212,Bind_1212,PFAM:&nbsp;response&nbsp;regulator&nbsp;receiver,91.1
395963.Bind_3204,Bind_3204,PFAM:&nbsp;Glyoxalase/bleomycin&nbsp;resistance&nbsp;protein/dioxygenase,91.1
395963.Bind_0625,Bind_0625,Gluconokinase,91.1
395963.Bind_3457,Bind_3457,3-isopropylmalate&nbsp;dehydratase&nbsp;large&nbsp;subunit,91.0
395963.Bind_2033,Bind_2033,Multi-sensor&nbsp;signal&nbsp;transduction&nbsp;histidine&nbsp;kinase,91.0
395963.Bind_3122,purC,KEGG:&nbsp;mex:Mext_0587&nbsp;phosphoribosylaminoimidazole-succinocarboxamide&nbsp;synthase,90.9
395963.Bind_2154,Bind_2154,"Two&nbsp;component&nbsp;transcriptional&nbsp;regulator,&nbsp;winged&nbsp;helix&nbsp;family",90.8
395963.Bind_1672,Bind_1672,PFAM:&nbsp;Glutathione&nbsp;S-transferase&nbsp;domain,90.8
395963.Bind_0427,Bind_0427,KEGG:&nbsp;mex:Mext_3469&nbsp;acetyl-CoA&nbsp;acetyltransferase,90.6
395963.Bind_3582,ctc,50S&nbsp;ribosomal&nbsp;protein&nbsp;L25,90.6
395963.Bind_1356,rplW,50S&nbsp;ribosomal&nbsp;protein&nbsp;L23,90.4
395963.Bind_1410,gltX1,Glutamate--tRNA&nbsp;ligase&nbsp;1,90.3
395963.Bind_3606,sucD,Succinate--CoA&nbsp;ligase&nbsp;[ADP-forming]&nbsp;subunit&nbsp;alpha,90.3
395963.Bind_3515,Bind_3515,KEGG:&nbsp;bbt:BBta_3152&nbsp;precorrin-4&nbsp;C(11)-methyltransferase,90.3
395963.Bind_0130,Bind_0130,SMART:&nbsp;ribosomal&nbsp;RNA&nbsp;adenine&nbsp;methylase&nbsp;transferase,90.3
395963.Bind_3459,Bind_3459,PFAM:&nbsp;alpha/beta&nbsp;hydrolase&nbsp;fold,90.2
395963.Bind_3420,plsY,Glycerol-3-phosphate&nbsp;acyltransferase,90.2
395963.Bind_1809,Bind_1809,KEGG:&nbsp;azc:AZC_0410&nbsp;pyruvate&nbsp;phosphate&nbsp;dikinase,90.2
395963.Bind_1000,Bind_1000,"TIGRFAM:&nbsp;preprotein&nbsp;translocase,&nbsp;YajC&nbsp;subunit",90.2
395963.Bind_3046,Bind_3046,"KEGG:&nbsp;rpe:RPE_0224&nbsp;penicillin-binding&nbsp;protein,&nbsp;1A&nbsp;family",90.2
395963.Bind_0260,Bind_0260,PFAM:&nbsp;helicase&nbsp;domain&nbsp;protein,90.1
395963.Bind_0819,gyrB,DNA&nbsp;gyrase&nbsp;subunit&nbsp;B,90.0
395963.Bind_0008,Bind_0008,KEGG:&nbsp;xau:Xaut_1159&nbsp;uroporphyrinogen&nbsp;III&nbsp;synthase&nbsp;HEM4,90.0
395963.Bind_0769,thyX,Flavin-dependent&nbsp;thymidylate&nbsp;synthase,90.0
395963.Bind_1219,Bind_1219,PFAM:&nbsp;Rhodanese&nbsp;domain&nbsp;protein,90.0
395963.Bind_3642,Bind_3642,TIGRFAM:&nbsp;histidinol-phosphate&nbsp;phosphatase,89.9
395963.Bind_1318,Bind_1318,PFAM:&nbsp;biotin/lipoyl&nbsp;attachment&nbsp;domain-containing&nbsp;protein,89.9
395963.Bind_0707,Bind_0707,Protein-glutamate&nbsp;methylesterase,89.9
395963.Bind_0629,Bind_0629,KEGG:&nbsp;xau:Xaut_1019&nbsp;2-dehydro-3-deoxyphosphogluconate&nbsp;aldolase/4-hydroxy-2-oxoglutarate&nbsp;aldolase,89.8
395963.Bind_1639,Bind_1639,Multi-sensor&nbsp;signal&nbsp;transduction&nbsp;histidine&nbsp;kinase,89.7
395963.Bind_1729,Bind_1729,PFAM:&nbsp;dihydrofolate&nbsp;reductase&nbsp;region,89.6
395963.Bind_3104,Bind_3104,KEGG:&nbsp;bur:Bcep18194_B0123&nbsp;phospholipase&nbsp;C,89.6
395963.Bind_1668,clpS,ATP-dependent&nbsp;Clp&nbsp;protease&nbsp;adapter&nbsp;protein&nbsp;ClpS,89.6
395963.Bind_1667,Bind_1667,"KEGG:&nbsp;mex:Mext_4802&nbsp;ATP-dependent&nbsp;Clp&nbsp;protease,&nbsp;ATP-binding&nbsp;subunit&nbsp;ClpA",89.5
395963.Bind_0183,Bind_0183,C4-dicarboxylate&nbsp;transport&nbsp;protein,89.5
395963.Bind_2552,Bind_2552,"KEGG:&nbsp;sme:SMa2081&nbsp;probable&nbsp;ABC&nbsp;transporter,&nbsp;ATP-binding&nbsp;protein",89.5
395963.Bind_1362,rpmC,PFAM:&nbsp;ribosomal&nbsp;protein&nbsp;L29,89.3
395963.Bind_1883,Bind_1883,PFAM:&nbsp;response&nbsp;regulator&nbsp;receiver,89.2
395963.Bind_0154,Bind_0154,Ubiquinol-cytochrome&nbsp;c&nbsp;reductase&nbsp;iron-sulfur&nbsp;subunit,89.1
395963.Bind_2740,Bind_2740,Integral&nbsp;membrane&nbsp;sensor&nbsp;signal&nbsp;transduction&nbsp;histidine&nbsp;kinase,89.1
395963.Bind_0119,Bind_0119,PFAM:&nbsp;alpha/beta&nbsp;hydrolase&nbsp;fold,89.1
395963.Bind_3410,Bind_3410,"TIGRFAM:&nbsp;phosphate&nbsp;ABC&nbsp;transporter,&nbsp;inner&nbsp;membrane&nbsp;subunit&nbsp;PstA",89.1
395963.Bind_2306,rplI,50S&nbsp;ribosomal&nbsp;protein&nbsp;L9,88.9
395963.Bind_2368,thrS,Threonine--tRNA&nbsp;ligase,88.8
395963.Bind_3532,Bind_3532,PFAM:&nbsp;Methyltransferase&nbsp;type&nbsp;11,88.7
395963.Bind_0219,Bind_0219,ATP&nbsp;synthase&nbsp;gamma&nbsp;chain,88.5
395963.Bind_3531,carA,"TIGRFAM:&nbsp;carbamoyl-phosphate&nbsp;synthase,&nbsp;small&nbsp;subunit",88.4
395963.Bind_1100,Bind_1100,"Two&nbsp;component&nbsp;transcriptional&nbsp;regulator,&nbsp;winged&nbsp;helix&nbsp;family",88.3
395963.Bind_2829,Bind_2829,PFAM:&nbsp;D-isomer&nbsp;specific&nbsp;2-hydroxyacid&nbsp;dehydrogenase&nbsp;catalytic&nbsp;region,88.3
395963.Bind_1062,Bind_1062,PFAM:&nbsp;S-adenosylmethionine&nbsp;synthetase,88.1
395963.Bind_2780,Bind_2780,PFAM:&nbsp;H+transporting&nbsp;two-sector&nbsp;ATPase&nbsp;gamma&nbsp;subunit,88.1
395963.Bind_3630,Bind_3630,PFAM:&nbsp;phospholipid/glycerol&nbsp;acyltransferase,88.1
395963.Bind_1068,Bind_1068,Dihydroorotate&nbsp;dehydrogenase&nbsp;(quinone),88.1
395963.Bind_2807,Bind_2807,PFAM:&nbsp;flagellar&nbsp;motor&nbsp;switch&nbsp;protein&nbsp;FliG,88.0
395963.Bind_1344,rplA,50S&nbsp;ribosomal&nbsp;protein&nbsp;L1,88.0
395963.Bind_1568,ppk,Polyphosphate&nbsp;kinase,87.9
395963.Bind_1151,Bind_1151,PFAM:&nbsp;nickel-dependent&nbsp;hydrogenase&nbsp;large&nbsp;subunit,87.9
395963.Bind_3235,Bind_3235,Histidine&nbsp;kinase,87.9
395963.Bind_2071,Bind_2071,TIGRFAM:&nbsp;sun&nbsp;protein,87.8
395963.Bind_0742,Bind_0742,ATP&nbsp;synthase&nbsp;subunit&nbsp;c,87.7
395963.Bind_0846,Bind_0846,TIGRFAM:&nbsp;amino&nbsp;acid&nbsp;adenylation&nbsp;domain&nbsp;protein,87.6
395963.Bind_2303,rpsF,30S&nbsp;ribosomal&nbsp;protein&nbsp;S6,87.5
395963.Bind_3026,rpmG,PFAM:&nbsp;ribosomal&nbsp;protein&nbsp;L33,87.5
395963.Bind_2450,Bind_2450,"TIGRFAM:&nbsp;efflux&nbsp;transporter,&nbsp;RND&nbsp;family,&nbsp;MFP&nbsp;subunit",87.5
395963.Bind_1587,Bind_1587,TIGRFAM:&nbsp;general&nbsp;secretion&nbsp;pathway&nbsp;protein&nbsp;D,87.4
395963.Bind_1180,ccmA,Cytochrome&nbsp;c&nbsp;biogenesis&nbsp;ATP-binding&nbsp;export&nbsp;protein&nbsp;CcmA,87.4
395963.Bind_2206,Bind_2206,PFAM:&nbsp;sulfatase,87.4
395963.Bind_1820,Bind_1820,PFAM:&nbsp;Aldehyde&nbsp;Dehydrogenase_,87.4
395963.Bind_2173,Bind_2173,PFAM:&nbsp;protein&nbsp;of&nbsp;unknown&nbsp;function&nbsp;DUF344,87.3
395963.Bind_2290,Bind_2290,PFAM:&nbsp;glycoside&nbsp;hydrolase&nbsp;family&nbsp;3&nbsp;domain&nbsp;protein,87.3
395963.Bind_0247,hisH,Imidazole&nbsp;glycerol&nbsp;phosphate&nbsp;synthase&nbsp;subunit&nbsp;HisH,87.2
395963.Bind_1357,rplB,50S&nbsp;ribosomal&nbsp;protein&nbsp;L2,87.2
395963.Bind_1378,rplM,50S&nbsp;ribosomal&nbsp;protein&nbsp;L13,87.2
395963.Bind_2862,Bind_2862,Monosaccharide-transporting&nbsp;ATPase,87.1
395963.Bind_2143,Bind_2143,Acid&nbsp;phosphatase,87.0
395963.Bind_3120,purQ,Phosphoribosylformylglycinamidine&nbsp;synthase&nbsp;subunit&nbsp;PurQ,87.0
395963.Bind_1976,Bind_1976,Trehalose&nbsp;6-phosphate&nbsp;phosphatase,86.9
395963.Bind_2479,Bind_2479,PFAM:&nbsp;NADH&nbsp;ubiquinone&nbsp;oxidoreductase&nbsp;20&nbsp;kDa&nbsp;subunit,86.8
395963.Bind_0461,Bind_0461,"Haloacid&nbsp;dehalogenase,&nbsp;type&nbsp;II",86.8
395963.Bind_0133,ruvB,Holliday&nbsp;junction&nbsp;ATP-dependent&nbsp;DNA&nbsp;helicase&nbsp;RuvB,86.8
395963.Bind_2453,Bind_2453,PFAM:&nbsp;phosphate&nbsp;acetyl/butaryl&nbsp;transferase,86.6
395963.Bind_0877,gph,Phosphoglycolate&nbsp;phosphatase,86.6
395963.Bind_2205,Bind_2205,PFAM:&nbsp;RNA&nbsp;binding&nbsp;S1&nbsp;domain&nbsp;protein,86.5
395963.Bind_3071,Bind_3071,PFAM:&nbsp;periplasmic&nbsp;binding&nbsp;protein/LacI&nbsp;transcriptional&nbsp;regulator,86.5
395963.Bind_1545,Bind_1545,PFAM:&nbsp;thymidylate&nbsp;synthase,86.4
395963.Bind_2804,Bind_2804,PFAM:&nbsp;MotA/TolQ/ExbB&nbsp;proton&nbsp;channel,86.4
395963.Bind_0444,Bind_0444,TIGRFAM:&nbsp;exodeoxyribonuclease&nbsp;III&nbsp;Xth,86.4
395963.Bind_3325,Bind_3325,"Two&nbsp;component&nbsp;transcriptional&nbsp;regulator,&nbsp;Fis&nbsp;family",86.3
395963.Bind_2687,Bind_2687,PFAM:&nbsp;OmpA/MotB&nbsp;domain&nbsp;protein,86.2
395963.Bind_1884,Bind_1884,PFAM:&nbsp;response&nbsp;regulator&nbsp;receiver,86.2
395963.Bind_3409,Bind_3409,Phosphate&nbsp;transport&nbsp;system&nbsp;permease&nbsp;protein,86.2
395963.Bind_1774,Bind_1774,ATP&nbsp;phosphoribosyltransferase,86.1
395963.Bind_0740,atpF1,ATP&nbsp;synthase&nbsp;subunit&nbsp;b&nbsp;1,86.1
395963.Bind_3042,rpmI,PFAM:&nbsp;ribosomal&nbsp;protein&nbsp;L35,86.1
395963.Bind_0217,Bind_0217,ATP&nbsp;synthase&nbsp;epsilon&nbsp;chain,86.0
395963.Bind_2067,gyrA,DNA&nbsp;gyrase&nbsp;subunit&nbsp;A,86.0
395963.Bind_3426,Bind_3426,"KEGG:&nbsp;mex:Mext_3229&nbsp;cobalt&nbsp;chelatase,&nbsp;pCobT&nbsp;subunit",85.9
395963.Bind_2455,Bind_2455,PFAM:&nbsp;NLPA&nbsp;lipoprotein,85.9
395963.Bind_1317,Bind_1317,PFAM:&nbsp;carboxyl&nbsp;transferase,85.8
395963.Bind_3198,dnaQ,DNA&nbsp;polymerase&nbsp;III&nbsp;subunit&nbsp;epsilon,85.7
395963.Bind_1271,Bind_1271,Catalase-related&nbsp;peroxidase,85.7
395963.Bind_0306,Bind_0306,PFAM:&nbsp;Chorismate&nbsp;mutase,85.6
395963.Bind_0254,recR,Recombination&nbsp;protein&nbsp;RecR,85.6
395963.Bind_2163,Bind_2163,Thiamine-phosphate&nbsp;synthase,85.5
395963.Bind_3505,Bind_3505,Uncharacterized&nbsp;protein,85.4
395963.Bind_3308,ureD,Urease&nbsp;accessory&nbsp;protein&nbsp;UreD,85.3
395963.Bind_0066,Bind_0066,PFAM:&nbsp;Ethanolamine&nbsp;ammonia-lyase&nbsp;light&nbsp;chain,85.3
395963.Bind_1139,Bind_1139,PFAM:&nbsp;aminotransferase&nbsp;class&nbsp;IV,85.3
395963.Bind_2744,polA,DNA&nbsp;polymerase&nbsp;I,85.2
395963.Bind_1757,Bind_1757,PFAM:&nbsp;AMP-dependent&nbsp;synthetase&nbsp;and&nbsp;ligase,85.2
395963.Bind_2242,uvrA,UvrABC&nbsp;system&nbsp;protein&nbsp;A,85.2
395963.Bind_1020,Bind_1020,"TIGRFAM:&nbsp;3'(2'),5'-bisphosphate&nbsp;nucleotidase",85.1
395963.Bind_3605,sucC,Succinate--CoA&nbsp;ligase&nbsp;[ADP-forming]&nbsp;subunit&nbsp;beta,84.9
395963.Bind_3302,Bind_3302,"Two&nbsp;component&nbsp;transcriptional&nbsp;regulator,&nbsp;winged&nbsp;helix&nbsp;family",84.9
395963.Bind_1879,gatC,Aspartyl/glutamyl-tRNA(Asn/Gln)&nbsp;amidotransferase&nbsp;subunit&nbsp;C,84.9
395963.Bind_2300,Bind_2300,TIGRFAM:&nbsp;malonyl&nbsp;CoA-acyl&nbsp;carrier&nbsp;protein&nbsp;transacylase,84.9
395963.Bind_3066,Bind_3066,"TIGRFAM:&nbsp;molybdenum&nbsp;ABC&nbsp;transporter,&nbsp;periplasmic&nbsp;molybdate-binding&nbsp;protein",84.9
395963.Bind_1927,Bind_1927,PFAM:&nbsp;Ppx/GppA&nbsp;phosphatase,84.9
395963.Bind_1006,ileS,Isoleucine--tRNA&nbsp;ligase,84.5
395963.Bind_3418,pyrB,KEGG:&nbsp;mex:Mext_3312&nbsp;aspartate&nbsp;carbamoyltransferase,84.5
395963.Bind_2477,Bind_2477,NADH&nbsp;dehydrogenase&nbsp;(Quinone),84.4
395963.Bind_0733,Bind_0733,TIGRFAM:&nbsp;glycine&nbsp;cleavage&nbsp;system&nbsp;T&nbsp;protein,84.4
395963.Bind_1071,Bind_1071,PFAM:&nbsp;ATP&nbsp;dependent&nbsp;DNA&nbsp;ligase&nbsp;domain&nbsp;protein,84.3
395963.Bind_0596,leuA,2-isopropylmalate&nbsp;synthase,84.3
395963.Bind_2063,Bind_2063,PFAM:&nbsp;phosphate&nbsp;acetyl/butaryl&nbsp;transferase,84.3
395963.Bind_3644,Bind_3644,PFAM:&nbsp;response&nbsp;regulator&nbsp;receiver,84.2
395963.Bind_0213,Bind_0213,TIGRFAM:&nbsp;cysteine&nbsp;synthase,84.2
395963.Bind_3498,Bind_3498,PFAM:&nbsp;Mammalian&nbsp;cell&nbsp;entry&nbsp;related&nbsp;domain&nbsp;protein,84.0
395963.Bind_0736,Bind_0736,PFAM:&nbsp;glycine&nbsp;cleavage&nbsp;system&nbsp;P-protein,84.0
395963.Bind_2869,Bind_2869,KEGG:&nbsp;xau:Xaut_1019&nbsp;2-dehydro-3-deoxyphosphogluconate&nbsp;aldolase/4-hydroxy-2-oxoglutarate&nbsp;aldolase,83.9
395963.Bind_2810,Bind_2810,KEGG:&nbsp;rpe:RPE_1147&nbsp;flagellar&nbsp;basal&nbsp;body&nbsp;rod&nbsp;protein,83.9
395963.Bind_0001,rpsT,30S&nbsp;ribosomal&nbsp;protein&nbsp;S20,83.9
395963.Bind_1343,rplK,50S&nbsp;ribosomal&nbsp;protein&nbsp;L11,83.9
395963.Bind_1445,Bind_1445,TIGRFAM:&nbsp;glutamine&nbsp;amidotransferase&nbsp;of&nbsp;anthranilate&nbsp;synthase,83.8
395963.Bind_2553,Bind_2553,"Oligopeptide/dipeptide&nbsp;ABC&nbsp;transporter,&nbsp;ATPase&nbsp;subunit",83.8
395963.Bind_3413,Bind_3413,"Two&nbsp;component&nbsp;transcriptional&nbsp;regulator,&nbsp;winged&nbsp;helix&nbsp;family",83.8
395963.Bind_3548,Bind_3548,PFAM:&nbsp;SirA&nbsp;family&nbsp;protein,83.7
395963.Bind_1596,Bind_1596,"KEGG:&nbsp;rpe:RPE_2550&nbsp;DNA&nbsp;polymerase&nbsp;III,&nbsp;alpha&nbsp;subunit",83.7
395963.Bind_3299,rpoD,RNA&nbsp;polymerase&nbsp;sigma&nbsp;factor&nbsp;RpoD,83.7
395963.Bind_1339,Bind_1339,Biotin&nbsp;carboxyl&nbsp;carrier&nbsp;protein&nbsp;of&nbsp;acetyl-CoA&nbsp;carboxylase,83.5
395963.Bind_2392,Bind_2392,"TIGRFAM:&nbsp;NADH-quinone&nbsp;oxidoreductase,&nbsp;chain&nbsp;G",83.4
395963.Bind_1721,Bind_1721,Hydroxypyruvate&nbsp;reductase,83.4
395963.Bind_2771,Bind_2771,PFAM:&nbsp;periplasmic&nbsp;binding&nbsp;protein/LacI&nbsp;transcriptional&nbsp;regulator,83.4
395963.Bind_2768,Bind_2768,"TIGRFAM:&nbsp;Rieske&nbsp;[2Fe-2S]&nbsp;domain&nbsp;protein,&nbsp;MocE&nbsp;subfamily",83.3
395963.Bind_0863,nadK,NAD&nbsp;kinase,83.3
395963.Bind_1367,rpsN,30S&nbsp;ribosomal&nbsp;protein&nbsp;S14,83.3
395963.Bind_1369,rplF,50S&nbsp;ribosomal&nbsp;protein&nbsp;L6,83.2
395963.Bind_1361,rplP,50S&nbsp;ribosomal&nbsp;protein&nbsp;L16,82.9
395963.Bind_0551,Bind_0551,PFAM:&nbsp;binding-protein-dependent&nbsp;transport&nbsp;systems&nbsp;inner&nbsp;membrane&nbsp;component,82.9
395963.Bind_2126,glyS,"KEGG:&nbsp;mex:Mext_3096&nbsp;glycyl-tRNA&nbsp;synthetase,&nbsp;beta&nbsp;subunit",82.9
395963.Bind_1664,Bind_1664,PFAM:&nbsp;amine&nbsp;oxidase,82.9
395963.Bind_3136,Bind_3136,Ferredoxin,82.8
395963.Bind_1654,fhs,PFAM:&nbsp;formate-tetrahydrofolate&nbsp;ligase&nbsp;FTHFS,82.8
395963.Bind_1529,Bind_1529,Pyruvate&nbsp;dehydrogenase&nbsp;E1&nbsp;component,82.8
395963.Bind_2824,Bind_2824,PFAM:&nbsp;periplasmic&nbsp;binding&nbsp;protein/LacI&nbsp;transcriptional&nbsp;regulator,82.8
395963.Bind_1179,Bind_1179,Heme&nbsp;exporter&nbsp;protein&nbsp;B,82.8
395963.Bind_1097,kdpB,Potassium-transporting&nbsp;ATPase&nbsp;ATP-binding&nbsp;subunit,82.7
395963.Bind_1238,xseA,Exodeoxyribonuclease&nbsp;7&nbsp;large&nbsp;subunit,82.7
395963.Bind_0097,Bind_0097,PFAM:&nbsp;aminotransferase&nbsp;class&nbsp;V,82.6
395963.Bind_3219,gpsA,PFAM:&nbsp;NAD-dependent&nbsp;glycerol-3-phosphate&nbsp;dehydrogenase&nbsp;domain&nbsp;protein,82.4
395963.Bind_3205,Bind_3205,PFAM:&nbsp;cytochrome&nbsp;c&nbsp;class&nbsp;I,82.2
395963.Bind_2689,Bind_2689,Flagellar&nbsp;M-ring&nbsp;protein,82.2
395963.Bind_3412,Bind_3412,Phosphate-specific&nbsp;transport&nbsp;system&nbsp;accessory&nbsp;protein&nbsp;PhoU,82.2
395963.Bind_3058,Bind_3058,KEGG:&nbsp;azc:AZC_3903&nbsp;thiolase,82.2
395963.Bind_2437,Bind_2437,PFAM:&nbsp;binding-protein-dependent&nbsp;transport&nbsp;systems&nbsp;inner&nbsp;membrane&nbsp;component,82.0
395963.Bind_3467,pgk,PFAM:&nbsp;phosphoglycerate&nbsp;kinase,81.9
395963.Bind_3326,rpmH,PFAM:&nbsp;ribosomal&nbsp;protein&nbsp;L34,81.9
395963.Bind_0331,Bind_0331,Enoyl-[acyl-carrier-protein]&nbsp;reductase&nbsp;[NADH],81.8
395963.Bind_0418,rplU,50S&nbsp;ribosomal&nbsp;protein&nbsp;L21,81.8
395963.Bind_1709,prs,Ribose-phosphate&nbsp;pyrophosphokinase,81.7
395963.Bind_0908,Bind_0908,TIGRFAM:&nbsp;aconitate&nbsp;hydratase,81.6
395963.Bind_1256,rpsD,30S&nbsp;ribosomal&nbsp;protein&nbsp;S4,81.6
395963.Bind_0881,Bind_0881,TIGRFAM:&nbsp;glutathione-disulfide&nbsp;reductase,81.6
395963.Bind_3669,Bind_3669,PFAM:&nbsp;ABC&nbsp;transporter&nbsp;related,81.6
395963.Bind_2891,Bind_2891,PFAM:&nbsp;short-chain&nbsp;dehydrogenase/reductase&nbsp;SDR,81.5
395963.Bind_1579,hisI,Phosphoribosyl-AMP&nbsp;cyclohydrolase,81.5
395963.Bind_3379,Bind_3379,3-oxoacyl-[acyl-carrier-protein]&nbsp;synthase&nbsp;3,81.4
395963.Bind_0796,Bind_0796,PFAM:&nbsp;NAD-dependent&nbsp;epimerase/dehydratase,81.4
395963.Bind_0990,Bind_0990,"TIGRFAM:&nbsp;formate&nbsp;dehydrogenase,&nbsp;alpha&nbsp;subunit",81.1
395963.Bind_3031,Bind_3031,PFAM:&nbsp;glutamine&nbsp;amidotransferase&nbsp;class-II,80.9
395963.Bind_1535,Bind_1535,KEGG:&nbsp;azc:AZC_2174&nbsp;putative&nbsp;DNA&nbsp;polymerase&nbsp;III&nbsp;delta&nbsp;prime&nbsp;subunit,80.9
395963.Bind_2006,Bind_2006,PFAM:&nbsp;ABC&nbsp;transporter&nbsp;related,80.9
395963.Bind_0475,Bind_0475,Nitrogenase&nbsp;molybdenum-iron&nbsp;protein&nbsp;beta&nbsp;chain,80.9
395963.Bind_2751,Bind_2751,"TIGRFAM:&nbsp;succinate&nbsp;dehydrogenase,&nbsp;cytochrome&nbsp;b556&nbsp;subunit",80.7
395963.Bind_1676,infA,Translation&nbsp;initiation&nbsp;factor&nbsp;IF-1,80.7
395963.Bind_1929,Bind_1929,Integral&nbsp;membrane&nbsp;sensor&nbsp;signal&nbsp;transduction&nbsp;histidine&nbsp;kinase,80.7
395963.Bind_0734,gcvH,Glycine&nbsp;cleavage&nbsp;system&nbsp;H&nbsp;protein,80.7
395963.Bind_2774,Bind_2774,ATP&nbsp;synthase&nbsp;epsilon&nbsp;chain,80.5
395963.Bind_2005,Bind_2005,PFAM:&nbsp;transport&nbsp;system&nbsp;permease&nbsp;protein,80.4
395963.Bind_0668,hisD,Histidinol&nbsp;dehydrogenase,80.4
395963.Bind_2461,Bind_2461,PFAM:&nbsp;binding-protein-dependent&nbsp;transport&nbsp;systems&nbsp;inner&nbsp;membrane&nbsp;component,80.3
395963.Bind_1096,kdpA,Potassium-transporting&nbsp;ATPase&nbsp;potassium-binding&nbsp;subunit,80.3
395963.Bind_0650,pepA,Probable&nbsp;cytosol&nbsp;aminopeptidase,80.1
395963.Bind_1354,rplC,50S&nbsp;ribosomal&nbsp;protein&nbsp;L3,80.1
395963.Bind_2938,cmk,KEGG:&nbsp;xau:Xaut_1111&nbsp;cytidylate&nbsp;kinase,80.1
395963.Bind_1599,Bind_1599,PFAM:&nbsp;ABC&nbsp;transporter&nbsp;related,80.0
395963.Bind_1381,Bind_1381,"TIGRFAM:&nbsp;poly(R)-hydroxyalkanoic&nbsp;acid&nbsp;synthase,&nbsp;class&nbsp;I",80.0
395963.Bind_0812,Bind_0812,KEGG:&nbsp;mex:Mext_2541&nbsp;O-acetylhomoserine/O-acetylserine&nbsp;sulfhydrylase,79.9
395963.Bind_2749,Bind_2749,"KEGG:&nbsp;mex:Mext_3602&nbsp;succinate&nbsp;dehydrogenase,&nbsp;flavoprotein&nbsp;subunit",79.9
395963.Bind_0926,Bind_0926,KEGG:&nbsp;rpa:RPA3429&nbsp;serine&nbsp;acetyltransferase,79.9
395963.Bind_0649,Bind_0649,PFAM:&nbsp;DNA&nbsp;polymerase&nbsp;III&nbsp;chi&nbsp;subunit&nbsp;HolC,79.8
395963.Bind_0307,hisC,TIGRFAM:&nbsp;histidinol-phosphate&nbsp;aminotransferase,79.8
395963.Bind_3324,Bind_3324,Integral&nbsp;membrane&nbsp;sensor&nbsp;signal&nbsp;transduction&nbsp;histidine&nbsp;kinase,79.7
395963.Bind_1966,Bind_1966,TIGRFAM:&nbsp;molybdopterin-guanine&nbsp;dinucleotide&nbsp;biosynthesis&nbsp;protein&nbsp;B,79.6
395963.Bind_0989,Bind_0989,PFAM:&nbsp;Respiratory-chain&nbsp;NADH&nbsp;dehydrogenase&nbsp;domain&nbsp;51&nbsp;kDa&nbsp;subunit,79.6
395963.Bind_3352,rpsP,PFAM:&nbsp;ribosomal&nbsp;protein&nbsp;S16,79.6
395963.Bind_2299,Bind_2299,TIGRFAM:&nbsp;3-oxoacyl-(acyl-carrier-protein)&nbsp;reductase,79.5
395963.Bind_0216,Bind_0216,3-isopropylmalate&nbsp;dehydratase&nbsp;small&nbsp;subunit,79.4
395963.Bind_3298,dnaG,DNA&nbsp;primase,79.2
395963.Bind_2489,Bind_2489,PFAM:&nbsp;periplasmic&nbsp;binding&nbsp;protein/LacI&nbsp;transcriptional&nbsp;regulator,79.2
395963.Bind_3389,Bind_3389,PFAM:&nbsp;thiamine&nbsp;pyrophosphate&nbsp;protein&nbsp;domain&nbsp;protein&nbsp;TPP-binding,79.2
395963.Bind_3463,Bind_3463,PFAM:&nbsp;binding-protein-dependent&nbsp;transport&nbsp;systems&nbsp;inner&nbsp;membrane&nbsp;component,79.0
395963.Bind_2548,Bind_2548,PFAM:&nbsp;binding-protein-dependent&nbsp;transport&nbsp;systems&nbsp;inner&nbsp;membrane&nbsp;component,79.0
395963.Bind_1355,rplD,50S&nbsp;ribosomal&nbsp;protein&nbsp;L4,78.7
395963.Bind_1142,Bind_1142,KEGG:&nbsp;rpa:RPA4156&nbsp;3-oxoadipate&nbsp;CoA-transferase&nbsp;subunit&nbsp;A,78.7
395963.Bind_3891,Bind_3891,"TIGRFAM:&nbsp;acetyl-CoA&nbsp;carboxylase,&nbsp;biotin&nbsp;carboxylase",78.7
395963.Bind_3462,Bind_3462,PFAM:&nbsp;extracellular&nbsp;solute-binding&nbsp;protein&nbsp;family&nbsp;5,78.6
395963.Bind_2282,modC,Molybdenum&nbsp;import&nbsp;ATP-binding&nbsp;protein&nbsp;ModC,78.6
395963.Bind_0905,Bind_0905,PFAM:&nbsp;NADH:flavin&nbsp;oxidoreductase/NADH&nbsp;oxidase,78.6
395963.Bind_0104,Bind_0104,Shikimate&nbsp;dehydrogenase&nbsp;(NADP(+)),78.5
395963.Bind_2462,Bind_2462,PFAM:&nbsp;binding-protein-dependent&nbsp;transport&nbsp;systems&nbsp;inner&nbsp;membrane&nbsp;component,78.5
395963.Bind_3395,Bind_3395,PFAM:&nbsp;methane/phenol/toluene&nbsp;hydroxylase,78.4
395963.Bind_1375,adk,Adenylate&nbsp;kinase,78.4
395963.Bind_3668,Bind_3668,PFAM:&nbsp;protein&nbsp;of&nbsp;unknown&nbsp;function&nbsp;DUF140,78.3
395963.Bind_3330,argB,Acetylglutamate&nbsp;kinase,78.3
395963.Bind_2545,Bind_2545,KEGG:&nbsp;azc:AZC_1865&nbsp;NADP-dependent&nbsp;isocitrate&nbsp;dehydrogenase,78.3
395963.Bind_1052,Bind_1052,PFAM:&nbsp;peptidase&nbsp;M22&nbsp;glycoprotease,78.2
395963.Bind_2262,cysH,Phosphoadenosine&nbsp;phosphosulfate&nbsp;reductase,78.2
395963.Bind_2398,nuoB,NADH-quinone&nbsp;oxidoreductase&nbsp;subunit&nbsp;B,78.1
395963.Bind_0697,ftsA,Cell&nbsp;division&nbsp;protein&nbsp;FtsA,78.1
395963.Bind_1371,rpsE,30S&nbsp;ribosomal&nbsp;protein&nbsp;S5,78.1
395963.Bind_0934,Bind_0934,"KEGG:&nbsp;mex:Mext_3662&nbsp;penicillin-binding&nbsp;protein,&nbsp;1A&nbsp;family",78.0
395963.Bind_2438,Bind_2438,"KEGG:&nbsp;rpe:RPE_3192&nbsp;aliphatic&nbsp;sulfonates&nbsp;family&nbsp;ABC&nbsp;transporter,&nbsp;periplsmic&nbsp;ligand-binding&nbsp;protein",77.9
395963.Bind_1115,Bind_1115,PFAM:&nbsp;Glutathione&nbsp;S-transferase&nbsp;domain,77.9
395963.Bind_2918,accA,Acetyl-coenzyme&nbsp;A&nbsp;carboxylase&nbsp;carboxyl&nbsp;transferase&nbsp;subunit&nbsp;alpha,77.9
395963.Bind_0980,Bind_0980,KEGG:&nbsp;azc:AZC_4102&nbsp;putative&nbsp;ABC&nbsp;transporter&nbsp;ATP-binding&nbsp;component,77.9
395963.Bind_0175,Bind_0175,TIGRFAM:&nbsp;methylmalonate-semialdehyde&nbsp;dehydrogenase,77.9
395963.Bind_3417,topA,DNA&nbsp;topoisomerase&nbsp;1,77.9
395963.Bind_2040,rplQ,PFAM:&nbsp;ribosomal&nbsp;protein&nbsp;L17,77.8
395963.Bind_3260,ureF,Urease&nbsp;accessory&nbsp;protein&nbsp;UreF,77.8
395963.Bind_1263,mutS,DNA&nbsp;mismatch&nbsp;repair&nbsp;protein&nbsp;MutS,77.7
395963.Bind_2580,Bind_2580,PFAM:&nbsp;regulatory&nbsp;protein&nbsp;MerR,77.6
395963.Bind_3625,Bind_3625,Chemotaxis&nbsp;protein&nbsp;methyltransferase,77.4
395963.Bind_0460,Bind_0460,TIGRFAM:&nbsp;transketolase,77.4
395963.Bind_3634,Bind_3634,PFAM:&nbsp;UBA/THIF-type&nbsp;NAD/FAD&nbsp;binding&nbsp;protein,77.4
395963.Bind_1798,Bind_1798,PFAM:&nbsp;histidine&nbsp;kinase&nbsp;HAMP&nbsp;region&nbsp;domain&nbsp;protein,77.4
395963.Bind_1136,Bind_1136,PFAM:&nbsp;Methyltransferase&nbsp;type&nbsp;11,77.1
395963.Bind_0526,Bind_0526,"TIGRFAM:&nbsp;aliphatic&nbsp;sulfonates&nbsp;family&nbsp;ABC&nbsp;transporter,&nbsp;periplsmic&nbsp;ligand-binding&nbsp;protein",77.0
395963.Bind_2549,Bind_2549,PFAM:&nbsp;binding-protein-dependent&nbsp;transport&nbsp;systems&nbsp;inner&nbsp;membrane&nbsp;component,77.0
395963.Bind_2805,Bind_2805,PFAM:&nbsp;flagellar&nbsp;motor&nbsp;switch&nbsp;protein&nbsp;FliM,76.9
395963.Bind_1380,argC,N-acetyl-gamma-glutamyl-phosphate&nbsp;reductase,76.8
395963.Bind_0991,Bind_0991,KEGG:&nbsp;mex:Mext_4407&nbsp;hypothetical&nbsp;protein,76.7
395963.Bind_2464,Bind_2464,TIGRFAM:&nbsp;xylulokinase,76.6
395963.Bind_2547,Bind_2547,PFAM:&nbsp;extracellular&nbsp;solute-binding&nbsp;protein&nbsp;family&nbsp;5,76.6
395963.Bind_3900,Bind_3900,Erythronolide&nbsp;synthase,76.5
395963.Bind_2386,Bind_2386,"KEGG:&nbsp;xau:Xaut_4621&nbsp;proton-translocating&nbsp;NADH-quinone&nbsp;oxidoreductase,&nbsp;chain&nbsp;M",76.5
395963.Bind_0383,Bind_0383,Non-homologous&nbsp;end&nbsp;joining&nbsp;protein&nbsp;Ku,76.5
395963.Bind_2521,Bind_2521,PFAM:&nbsp;extracellular&nbsp;solute-binding&nbsp;protein&nbsp;family&nbsp;1,76.5
395963.Bind_1308,Bind_1308,NADH&nbsp;dehydrogenase&nbsp;(Ubiquinone),76.4
395963.Bind_0318,rpsU,PFAM:&nbsp;ribosomal&nbsp;protein&nbsp;S21,76.3
395963.Bind_0548,Bind_0548,PFAM:&nbsp;glucose-inhibited&nbsp;division&nbsp;protein&nbsp;A,76.2
395963.Bind_1141,Bind_1141,"KEGG:&nbsp;nha:Nham_1247&nbsp;3-oxoacid&nbsp;CoA-transferase,&nbsp;subunit&nbsp;B",76.2
395963.Bind_0070,cysC,Multifunctional&nbsp;fusion&nbsp;protein,76.2
395963.Bind_1313,Bind_1313,"TIGRFAM:&nbsp;HAD-superfamily&nbsp;hydrolase,&nbsp;subfamily&nbsp;IA,&nbsp;variant&nbsp;3",76.2
395963.Bind_2298,acpP,Acyl&nbsp;carrier&nbsp;protein,76.1
395963.Bind_0889,prfA,Peptide&nbsp;chain&nbsp;release&nbsp;factor&nbsp;1,76.1
395963.Bind_2328,Bind_2328,PFAM:&nbsp;ABC&nbsp;transporter&nbsp;related,76.1
395963.Bind_1796,Bind_1796,"TIGRFAM:&nbsp;lipoprotein&nbsp;releasing&nbsp;system,&nbsp;transmembrane&nbsp;protein,&nbsp;LolC/E&nbsp;family",76.0
395963.Bind_1451,Bind_1451,"TIGRFAM:&nbsp;preprotein&nbsp;translocase,&nbsp;SecG&nbsp;subunit",75.9
395963.Bind_2717,ilvD,KEGG:&nbsp;bra:BRADO2754&nbsp;dihydroxyacid&nbsp;dehydratase&nbsp;(DAD),75.8
395963.Bind_1372,rpmD,PFAM:&nbsp;ribosomal&nbsp;protein&nbsp;L30,75.7
395963.Bind_0730,Bind_0730,Cytochrome&nbsp;c&nbsp;oxidase&nbsp;subunit&nbsp;2,75.6
395963.Bind_0706,ligA,DNA&nbsp;ligase,75.5
395963.Bind_1505,pdhA,Pyruvate&nbsp;dehydrogenase&nbsp;E1&nbsp;component&nbsp;subunit&nbsp;alpha,75.5
395963.Bind_3513,Bind_3513,"KEGG:&nbsp;xau:Xaut_3280&nbsp;precorrin-6y&nbsp;C5,15-methyltransferase&nbsp;(decarboxylating),&nbsp;CbiE&nbsp;subunit",75.4
395963.Bind_1923,guaB,Inosine-5'-monophosphate&nbsp;dehydrogenase,75.4
395963.Bind_0388,cobD,Cobalamin&nbsp;biosynthesis&nbsp;protein&nbsp;CobD,75.3
395963.Bind_3200,secB,Protein-export&nbsp;protein&nbsp;SecB,75.3
395963.Bind_2387,Bind_2387,"KEGG:&nbsp;mex:Mext_1074&nbsp;proton-translocating&nbsp;NADH-quinone&nbsp;oxidoreductase,&nbsp;chain&nbsp;L",75.2
395963.Bind_2861,Bind_2861,PFAM:&nbsp;periplasmic&nbsp;binding&nbsp;protein/LacI&nbsp;transcriptional&nbsp;regulator,75.2
395963.Bind_2385,nuoN,NADH-quinone&nbsp;oxidoreductase&nbsp;subunit&nbsp;N,75.2
395963.Bind_2446,rpoZ,DNA-directed&nbsp;RNA&nbsp;polymerase&nbsp;subunit&nbsp;omega,75.1
395963.Bind_3243,Bind_3243,PFAM:&nbsp;glutamine&nbsp;amidotransferase&nbsp;class-I,75.0
395963.Bind_1338,Bind_1338,"TIGRFAM:&nbsp;acetyl-CoA&nbsp;carboxylase,&nbsp;biotin&nbsp;carboxylase",75.0
395963.Bind_0354,aroB,Multifunctional&nbsp;fusion&nbsp;protein,75.0
395963.Bind_2863,Bind_2863,PFAM:&nbsp;ABC&nbsp;transporter&nbsp;related,74.9
395963.Bind_0121,Bind_0121,PFAM:&nbsp;dehydrogenase&nbsp;E1&nbsp;component,74.8
395963.Bind_1755,Bind_1755,3-hydroxyacyl-CoA&nbsp;dehydrogenase&nbsp;NAD-binding,74.8
395963.Bind_1946,Bind_1946,PFAM:&nbsp;sulfatase,74.7
395963.Bind_0439,purK,N5-carboxyaminoimidazole&nbsp;ribonucleotide&nbsp;synthase,74.6
395963.Bind_3539,Bind_3539,KEGG:&nbsp;azc:AZC_0431&nbsp;putative&nbsp;NAD(P)&nbsp;transhydrogenase&nbsp;subunit&nbsp;alpha&nbsp;part&nbsp;2&nbsp;transmembrane&nbsp;protein,74.4
395963.Bind_0547,Bind_0547,PFAM:&nbsp;4Fe-4S&nbsp;ferredoxin&nbsp;iron-sulfur&nbsp;binding&nbsp;domain&nbsp;protein,74.4
395963.Bind_3653,Bind_3653,TIGRFAM:&nbsp;flagellar&nbsp;basal-body&nbsp;rod&nbsp;protein&nbsp;FlgG,74.3
395963.Bind_0975,Bind_0975,Integral&nbsp;membrane&nbsp;sensor&nbsp;hybrid&nbsp;histidine&nbsp;kinase,74.3
395963.Bind_0550,Bind_0550,PFAM:&nbsp;ABC&nbsp;transporter&nbsp;related,74.3
395963.Bind_2750,Bind_2750,"TIGRFAM:&nbsp;succinate&nbsp;dehydrogenase,&nbsp;hydrophobic&nbsp;membrane&nbsp;anchor&nbsp;protein",74.2
395963.Bind_2395,Bind_2395,"KEGG:&nbsp;xau:Xaut_4629&nbsp;NADH-quinone&nbsp;oxidoreductase,&nbsp;E&nbsp;subunit",74.1
395963.Bind_2875,Bind_2875,PFAM:&nbsp;dihydroxy-acid&nbsp;and&nbsp;6-phosphogluconate&nbsp;dehydratase,74.1
395963.Bind_2297,Bind_2297,3-oxoacyl-[acyl-carrier-protein]&nbsp;synthase&nbsp;2,74.1
395963.Bind_0229,Bind_0229,"Two&nbsp;component&nbsp;transcriptional&nbsp;regulator,&nbsp;winged&nbsp;helix&nbsp;family",74.0
395963.Bind_1537,Bind_1537,Serine-type&nbsp;D-Ala-D-Ala&nbsp;carboxypeptidase,74.0
395963.Bind_0129,dnaJ,Chaperone&nbsp;protein&nbsp;DnaJ,73.9
395963.Bind_3674,gltX2,Glutamate--tRNA&nbsp;ligase&nbsp;2,73.9
395963.Bind_0481,Bind_0481,"TIGRFAM:&nbsp;ferredoxin&nbsp;III,&nbsp;nif-specific",73.9
395963.Bind_0729,Bind_0729,Cytochrome&nbsp;c&nbsp;oxidase&nbsp;subunit&nbsp;1,73.9
395963.Bind_3288,Bind_3288,PFAM:&nbsp;cytochrome&nbsp;bd&nbsp;ubiquinol&nbsp;oxidase&nbsp;subunit&nbsp;I,73.7
395963.Bind_1001,secD,Protein&nbsp;translocase&nbsp;subunit&nbsp;SecD,73.7
395963.Bind_3396,Bind_3396,PFAM:&nbsp;ferredoxin,73.7
395963.Bind_0915,Bind_0915,Inositol-1-monophosphatase,73.7
395963.Bind_1226,Bind_1226,Riboflavin&nbsp;biosynthesis&nbsp;protein&nbsp;RibD,73.7
395963.Bind_3017,Bind_3017,3-oxoacyl-[acyl-carrier-protein]&nbsp;synthase&nbsp;3,73.6
395963.Bind_3617,Bind_3617,"Phospholipase&nbsp;C,&nbsp;phosphocholine-specific",73.5
395963.Bind_2812,Bind_2812,Bifunctional&nbsp;protein&nbsp;PutA,73.5
395963.Bind_3091,Bind_3091,"TIGRFAM:&nbsp;efflux&nbsp;transporter,&nbsp;RND&nbsp;family,&nbsp;MFP&nbsp;subunit",73.4
395963.Bind_2307,Bind_2307,Replicative&nbsp;DNA&nbsp;helicase,73.3
395963.Bind_2456,Bind_2456,PFAM:&nbsp;binding-protein-dependent&nbsp;transport&nbsp;systems&nbsp;inner&nbsp;membrane&nbsp;component,73.3
395963.Bind_1365,rplX,50S&nbsp;ribosomal&nbsp;protein&nbsp;L24,73.2
395963.Bind_3566,Bind_3566,Catalase-related&nbsp;peroxidase,73.2
395963.Bind_1466,eno,Enolase,73.1
395963.Bind_1837,Bind_1837,KEGG:&nbsp;bte:BTH_I1762&nbsp;phospholipase&nbsp;C,73.0
395963.Bind_1413,Bind_1413,PFAM:&nbsp;glutamine&nbsp;amidotransferase&nbsp;class-I,73.0
395963.Bind_1518,Bind_1518,"Signal&nbsp;transduction&nbsp;histidine&nbsp;kinase,&nbsp;nitrogen&nbsp;specific,&nbsp;NtrB",72.9
395963.Bind_0929,Bind_0929,PFAM:&nbsp;GCN5-related&nbsp;N-acetyltransferase,72.7
395963.Bind_0978,Bind_0978,"TIGRFAM:&nbsp;urea&nbsp;ABC&nbsp;transporter,&nbsp;permease&nbsp;protein&nbsp;UrtC",72.7
395963.Bind_1102,Bind_1102,Non-ribosomal&nbsp;peptide&nbsp;synthetase,72.6
395963.Bind_3259,ureE,Urease&nbsp;accessory&nbsp;protein&nbsp;UreE,72.5
395963.Bind_2814,Bind_2814,TIGRFAM:&nbsp;ornithine&nbsp;aminotransferase,72.5
395963.Bind_0179,Bind_0179,PFAM:&nbsp;ABC-3&nbsp;protein,72.4
395963.Bind_3499,Bind_3499,PFAM:&nbsp;ABC&nbsp;transporter&nbsp;related,72.3
395963.Bind_3562,Bind_3562,PFAM:&nbsp;phospholipid/glycerol&nbsp;acyltransferase,72.2
395963.Bind_1572,Bind_1572,"TIGRFAM:&nbsp;sulfate&nbsp;ABC&nbsp;transporter,&nbsp;periplasmic&nbsp;sulfate-binding&nbsp;protein",72.2
395963.Bind_2333,rnhA,Ribonuclease&nbsp;H,72.2
395963.Bind_0988,Bind_0988,PFAM:&nbsp;NADH&nbsp;dehydrogenase&nbsp;(ubiquinone)&nbsp;24&nbsp;kDa&nbsp;subunit,72.1
395963.Bind_1364,rplN,50S&nbsp;ribosomal&nbsp;protein&nbsp;L14,72.1
395963.Bind_0552,Bind_0552,PFAM:&nbsp;binding-protein-dependent&nbsp;transport&nbsp;systems&nbsp;inner&nbsp;membrane&nbsp;component,72.0
395963.Bind_2741,Bind_2741,"Two&nbsp;component&nbsp;transcriptional&nbsp;regulator,&nbsp;winged&nbsp;helix&nbsp;family",72.0
395963.Bind_0120,Bind_0120,PFAM:&nbsp;Transketolase&nbsp;central&nbsp;region,72.0
395963.Bind_2399,nuoA,NADH-quinone&nbsp;oxidoreductase&nbsp;subunit&nbsp;A,71.9
395963.Bind_0568,Bind_0568,PFAM:&nbsp;ABC&nbsp;transporter&nbsp;related,71.9
395963.Bind_0074,Bind_0074,PFAM:&nbsp;helicase&nbsp;domain&nbsp;protein,71.9
395963.Bind_1938,Bind_1938,PFAM:&nbsp;Acetoacetate&nbsp;decarboxylase,71.9
395963.Bind_1049,nusA,Transcription&nbsp;termination/antitermination&nbsp;protein&nbsp;NusA,71.8
395963.Bind_1302,Bind_1302,PFAM:&nbsp;Amidase,71.7
395963.Bind_3425,rpmB,PFAM:&nbsp;ribosomal&nbsp;protein&nbsp;L28,71.7
395963.Bind_3127,glnD,Bifunctional&nbsp;uridylyltransferase/uridylyl-removing&nbsp;enzyme,71.7
395963.Bind_2326,Bind_2326,PFAM:&nbsp;periplasmic&nbsp;binding&nbsp;protein,71.6
395963.Bind_1520,Bind_1520,Multi-sensor&nbsp;signal&nbsp;transduction&nbsp;histidine&nbsp;kinase,71.6
395963.Bind_1788,Bind_1788,3-hydroxyisobutyrate&nbsp;dehydrogenase,71.6
395963.Bind_0594,Bind_0594,PFAM:&nbsp;ABC&nbsp;transporter&nbsp;related,71.4
395963.Bind_1300,Bind_1300,PFAM:&nbsp;alpha/beta&nbsp;hydrolase&nbsp;fold,71.4
395963.Bind_2936,Bind_2936,30S&nbsp;ribosomal&nbsp;protein&nbsp;S1,71.4
395963.Bind_3085,Bind_3085,PFAM:&nbsp;fumarate&nbsp;reductase/succinate&nbsp;dehydrogenase&nbsp;flavoprotein&nbsp;domain&nbsp;protein,71.4
395963.Bind_0222,Bind_0222,"TIGRFAM:&nbsp;DNA&nbsp;polymerase&nbsp;III,&nbsp;delta&nbsp;subunit",71.3
395963.Bind_1901,Bind_1901,PFAM:&nbsp;protein&nbsp;of&nbsp;unknown&nbsp;function&nbsp;DUF224&nbsp;cysteine-rich&nbsp;region&nbsp;domain&nbsp;protein,71.3
395963.Bind_0156,Bind_0156,PFAM:&nbsp;cytochrome&nbsp;c1,71.2
395963.Bind_1366,rplE,50S&nbsp;ribosomal&nbsp;protein&nbsp;L5,71.1
395963.Bind_0301,pyrH,Uridylate&nbsp;kinase,70.9
395963.Bind_2365,Bind_2365,"TIGRFAM:&nbsp;aliphatic&nbsp;sulfonates&nbsp;family&nbsp;ABC&nbsp;transporter,&nbsp;periplsmic&nbsp;ligand-binding&nbsp;protein",70.9
395963.Bind_2390,nuoI,NADH-quinone&nbsp;oxidoreductase&nbsp;subunit&nbsp;I,70.8
395963.Bind_1348,rpoC,DNA-directed&nbsp;RNA&nbsp;polymerase&nbsp;subunit&nbsp;beta',70.7
395963.Bind_3608,Bind_3608,Dihydrolipoyllysine-residue&nbsp;succinyltransferase&nbsp;component&nbsp;of&nbsp;2-oxoglutarate&nbsp;dehydrogenase&nbsp;complex,70.7
395963.Bind_1383,Bind_1383,Phosphoribosylamine--glycine&nbsp;ligase,70.6
395963.Bind_1131,gpt,Xanthine&nbsp;phosphoribosyltransferase,70.5
395963.Bind_2776,Bind_2776,ATP&nbsp;synthase&nbsp;subunit&nbsp;a,70.4
395963.Bind_1358,rpsS,30S&nbsp;ribosomal&nbsp;protein&nbsp;S19,70.4
395963.Bind_0474,Bind_0474,KEGG:&nbsp;azc:AZC_1040&nbsp;nitrogenase&nbsp;molybdenum-iron&nbsp;protein&nbsp;alpha&nbsp;chain,70.3
395963.Bind_1524,Bind_1524,PFAM:&nbsp;aminotransferase&nbsp;class&nbsp;IV,70.3
395963.Bind_2433,ndk,Nucleoside&nbsp;diphosphate&nbsp;kinase,70.3
395963.Bind_0110,Bind_0110,KEGG:&nbsp;gdi:GDI1498&nbsp;putative&nbsp;chemoreceptor&nbsp;McpA,70.2
395963.Bind_3447,Bind_3447,"Two&nbsp;component&nbsp;transcriptional&nbsp;regulator,&nbsp;winged&nbsp;helix&nbsp;family",70.0
395963.Bind_2867,Bind_2867,Glucose-6-phosphate&nbsp;1-dehydrogenase,69.9
395963.Bind_1795,lolD,Lipoprotein-releasing&nbsp;system&nbsp;ATP-binding&nbsp;protein&nbsp;LolD,69.9
395963.Bind_0573,metXA,Homoserine&nbsp;O-acetyltransferase,69.9
395963.Bind_0993,mobA,Molybdenum&nbsp;cofactor&nbsp;guanylyltransferase,69.6
395963.Bind_2258,Bind_2258,"TIGRFAM:&nbsp;sulfate&nbsp;ABC&nbsp;transporter,&nbsp;inner&nbsp;membrane&nbsp;subunit",69.6
395963.Bind_3027,recO,DNA&nbsp;repair&nbsp;protein&nbsp;RecO,69.6
395963.Bind_0294,Bind_0294,PFAM:&nbsp;transferase&nbsp;hexapeptide&nbsp;repeat&nbsp;containing&nbsp;protein,69.6
395963.Bind_2283,Bind_2283,"TIGRFAM:&nbsp;molybdate&nbsp;ABC&nbsp;transporter,&nbsp;inner&nbsp;membrane&nbsp;subunit",69.6
395963.Bind_0850,Bind_0850,TIGRFAM:&nbsp;aminopeptidase&nbsp;N,69.6
395963.Bind_1775,Bind_1775,PFAM:&nbsp;tRNA&nbsp;synthetase&nbsp;class&nbsp;II&nbsp;(G&nbsp;H&nbsp;P&nbsp;and&nbsp;S),69.4
395963.Bind_1600,Bind_1600,"TIGRFAM:&nbsp;polar&nbsp;amino&nbsp;acid&nbsp;ABC&nbsp;transporter,&nbsp;inner&nbsp;membrane&nbsp;subunit",69.4
395963.Bind_1164,Bind_1164,TIGRFAM:&nbsp;hydrogenase&nbsp;expression/formation&nbsp;protein&nbsp;HypE,69.2
395963.Bind_1379,rpsI,PFAM:&nbsp;ribosomal&nbsp;protein&nbsp;S9,69.1
395963.Bind_3465,Bind_3465,PFAM:&nbsp;ABC&nbsp;transporter&nbsp;related,69.0
395963.Bind_2806,Bind_2806,Flagellar&nbsp;motor&nbsp;switch&nbsp;protein&nbsp;FliN,68.9
395963.Bind_0458,Bind_0458,Glucose-6-phosphate&nbsp;1-dehydrogenase,68.9
395963.Bind_1877,gatB,Aspartyl/glutamyl-tRNA(Asn/Gln)&nbsp;amidotransferase&nbsp;subunit&nbsp;B,68.9
395963.Bind_3397,Bind_3397,PFAM:&nbsp;methane/phenol/toluene&nbsp;hydroxylase,68.8
395963.Bind_1814,Bind_1814,KEGG:&nbsp;xau:Xaut_4164&nbsp;putative&nbsp;RNA&nbsp;methyltransferase,68.8
395963.Bind_0775,Bind_0775,PFAM:&nbsp;Aldehyde&nbsp;Dehydrogenase_,68.7
395963.Bind_3639,Bind_3639,"TIGRFAM:&nbsp;PQQ-dependent&nbsp;dehydrogenase,&nbsp;methanol/ethanol&nbsp;family",68.7
395963.Bind_0974,Bind_0974,"Two&nbsp;component&nbsp;transcriptional&nbsp;regulator,&nbsp;LuxR&nbsp;family",68.6
395963.Bind_0101,Bind_0101,"TIGRFAM:&nbsp;cysteine&nbsp;desulfurase,&nbsp;SufS&nbsp;subfamily",68.4
395963.Bind_0567,Bind_0567,RNA&nbsp;polymerase&nbsp;sigma-54&nbsp;factor,68.3
395963.Bind_1519,Bind_1519,"KEGG:&nbsp;xau:Xaut_4399&nbsp;nitrogen&nbsp;metabolism&nbsp;transcriptional&nbsp;regulator,&nbsp;NtrC,&nbsp;fis&nbsp;family",68.1
395963.Bind_1963,Bind_1963,PFAM:&nbsp;Glutathione&nbsp;S-transferase&nbsp;domain,67.8
395963.Bind_1567,Bind_1567,PFAM:&nbsp;Ppx/GppA&nbsp;phosphatase,67.6
395963.Bind_0065,Bind_0065,PFAM:&nbsp;Ethanolamine&nbsp;ammonia&nbsp;lyase&nbsp;large&nbsp;subunit,67.6
395963.Bind_3607,Bind_3607,"KEGG:&nbsp;xau:Xaut_0156&nbsp;2-oxoglutarate&nbsp;dehydrogenase,&nbsp;E1&nbsp;subunit",67.4
395963.Bind_0220,Bind_0220,ATP&nbsp;synthase&nbsp;subunit&nbsp;alpha,67.4
395963.Bind_3032,Bind_3032,"TIGRFAM:&nbsp;glutamate&nbsp;synthase,&nbsp;NADH/NADPH,&nbsp;small&nbsp;subunit",67.3
395963.Bind_1725,Bind_1725,"TIGRFAM:&nbsp;type&nbsp;I&nbsp;secretion&nbsp;outer&nbsp;membrane&nbsp;protein,&nbsp;TolC&nbsp;family",67.2
395963.Bind_0079,Bind_0079,PFAM:&nbsp;aminotransferase&nbsp;class&nbsp;I&nbsp;and&nbsp;II,67.2
395963.Bind_2396,nuoD1,NADH-quinone&nbsp;oxidoreductase&nbsp;subunit&nbsp;D&nbsp;1,67.2
395963.Bind_0496,Bind_0496,Peptide&nbsp;deformylase,67.1
395963.Bind_3036,Bind_3036,Phosphatidylethanolamine&nbsp;N-methyltransferase,67.0
395963.Bind_0273,Bind_0273,TIGRFAM:&nbsp;protein&nbsp;TolQ,67.0
395963.Bind_2496,Bind_2496,S-formylglutathione&nbsp;hydrolase,67.0
395963.Bind_0073,Bind_0073,TIGRFAM:&nbsp;outer&nbsp;membrane&nbsp;autotransporter&nbsp;barrel&nbsp;domain&nbsp;protein,67.0
395963.Bind_1738,groL,60&nbsp;kDa&nbsp;chaperonin,66.9
395963.Bind_2103,Bind_2103,3-isopropylmalate&nbsp;dehydratase&nbsp;large&nbsp;subunit,66.9
395963.Bind_3193,rpsO,30S&nbsp;ribosomal&nbsp;protein&nbsp;S15,66.8
395963.Bind_1712,uvrC,UvrABC&nbsp;system&nbsp;protein&nbsp;C,66.8
395963.Bind_1920,Bind_1920,PFAM:&nbsp;Choloylglycine&nbsp;hydrolase,66.7
395963.Bind_0295,bamA,Outer&nbsp;membrane&nbsp;protein&nbsp;assembly&nbsp;factor&nbsp;BamA,66.7
395963.Bind_0462,Bind_0462,PFAM:&nbsp;Glutathione&nbsp;S-transferase&nbsp;domain,66.7
395963.Bind_3043,rplT,50S&nbsp;ribosomal&nbsp;protein&nbsp;L20,66.6
395963.Bind_2304,rpsR,30S&nbsp;ribosomal&nbsp;protein&nbsp;S18,66.6
395963.Bind_2199,Bind_2199,"KEGG:&nbsp;mex:Mext_4794&nbsp;methylmalonyl-CoA&nbsp;mutase,&nbsp;large&nbsp;subunit",66.6
395963.Bind_1606,Bind_1606,PFAM:&nbsp;GCN5-related&nbsp;N-acetyltransferase,66.6
395963.Bind_0178,Bind_0178,PFAM:&nbsp;ABC&nbsp;transporter&nbsp;related,66.5
395963.Bind_1285,gidA,tRNA&nbsp;uridine&nbsp;5-carboxymethylaminomethyl&nbsp;modification&nbsp;enzyme&nbsp;MnmG,66.5
395963.Bind_3119,purL,Phosphoribosylformylglycinamidine&nbsp;synthase&nbsp;subunit&nbsp;PurL,66.4
395963.Bind_0131,pyrF,Orotidine&nbsp;5'-phosphate&nbsp;decarboxylase,66.4
395963.Bind_2847,Bind_2847,PFAM:&nbsp;Rieske&nbsp;[2Fe-2S]&nbsp;domain&nbsp;protein,66.3
395963.Bind_1715,Bind_1715,PFAM:&nbsp;molybdopterin&nbsp;biosynthesis&nbsp;MoaE&nbsp;protein,66.3
395963.Bind_1269,Bind_1269,TIGRFAM:&nbsp;D-3-phosphoglycerate&nbsp;dehydrogenase,66.2
395963.Bind_2778,atpF3,ATP&nbsp;synthase&nbsp;subunit&nbsp;b&nbsp;3,66.2
395963.Bind_0056,Bind_0056,TIGRFAM:&nbsp;thioredoxin&nbsp;reductase,66.2
395963.Bind_1961,Bind_1961,PFAM:&nbsp;response&nbsp;regulator&nbsp;receiver,66.2
395963.Bind_1749,Bind_1749,PFAM:&nbsp;2-nitropropane&nbsp;dioxygenase&nbsp;NPD,66.1
395963.Bind_3600,Bind_3600,PFAM:&nbsp;aminotransferase&nbsp;class&nbsp;I&nbsp;and&nbsp;II,66.1
395963.Bind_1123,Bind_1123,TIGRFAM:&nbsp;methionine&nbsp;synthase,66.1
395963.Bind_3293,glk,Glucokinase,66.0
395963.Bind_0053,acsA,Acetyl-coenzyme&nbsp;A&nbsp;synthetase,66.0
395963.Bind_2175,Bind_2175,TIGRFAM:&nbsp;double-strand&nbsp;break&nbsp;repair&nbsp;helicase&nbsp;AddA,66.0
395963.Bind_2091,Bind_2091,PFAM:&nbsp;2-nitropropane&nbsp;dioxygenase&nbsp;NPD,66.0
395963.Bind_0201,Bind_0201,Enoyl-[acyl-carrier-protein]&nbsp;reductase&nbsp;[NADH],65.8
395963.Bind_3556,flgK,TIGRFAM:&nbsp;flagellar&nbsp;hook-associated&nbsp;protein&nbsp;FlgK,65.8
395963.Bind_3540,Bind_3540,NAD(P)&nbsp;transhydrogenase&nbsp;subunit&nbsp;beta,65.8
395963.Bind_0890,Bind_0890,"PTSINtr&nbsp;with&nbsp;GAF&nbsp;domain,&nbsp;PtsP",65.7
395963.Bind_1554,Bind_1554,PFAM:&nbsp;thiamine&nbsp;pyrophosphate&nbsp;protein&nbsp;domain&nbsp;protein&nbsp;TPP-binding,65.6
395963.Bind_1575,Bind_1575,PFAM:&nbsp;nitrogen-fixing&nbsp;NifU&nbsp;domain&nbsp;protein,65.6
395963.Bind_3231,Bind_3231,"TIGRFAM:&nbsp;type&nbsp;I&nbsp;secretion&nbsp;outer&nbsp;membrane&nbsp;protein,&nbsp;TolC&nbsp;family",65.5
395963.Bind_0698,ftsZ,Cell&nbsp;division&nbsp;protein&nbsp;FtsZ,65.5
395963.Bind_1894,Bind_1894,PFAM:&nbsp;AMP-dependent&nbsp;synthetase&nbsp;and&nbsp;ligase,65.4
395963.Bind_3626,cheB,Chemotaxis&nbsp;response&nbsp;regulator&nbsp;protein-glutamate&nbsp;methylesterase,65.4
395963.Bind_0865,Bind_0865,Beta-N-acetylhexosaminidase,65.2
395963.Bind_0011,Bind_0011,PFAM:&nbsp;cytochrome&nbsp;c&nbsp;class&nbsp;I,65.2
395963.Bind_3387,Bind_3387,"Two&nbsp;component&nbsp;transcriptional&nbsp;regulator,&nbsp;winged&nbsp;helix&nbsp;family",65.2
395963.Bind_0344,Bind_0344,"Two&nbsp;component&nbsp;transcriptional&nbsp;regulator,&nbsp;winged&nbsp;helix&nbsp;family",65.2
395963.Bind_0726,ctaG,Cytochrome&nbsp;c&nbsp;oxidase&nbsp;assembly&nbsp;protein&nbsp;CtaG,65.1
395963.Bind_0979,Bind_0979,"TIGRFAM:&nbsp;urea&nbsp;ABC&nbsp;transporter,&nbsp;ATP-binding&nbsp;protein&nbsp;UrtD",64.9
395963.Bind_1507,Bind_1507,Acetyltransferase&nbsp;component&nbsp;of&nbsp;pyruvate&nbsp;dehydrogenase&nbsp;complex,64.9
395963.Bind_1714,moaD,Molybdopterin&nbsp;synthase&nbsp;sulfur&nbsp;carrier&nbsp;subunit,64.9
395963.Bind_0728,ctaB,Protoheme&nbsp;IX&nbsp;farnesyltransferase,64.9
395963.Bind_1452,pyrG,CTP&nbsp;synthase,64.8
395963.Bind_3411,pstB,Phosphate&nbsp;import&nbsp;ATP-binding&nbsp;protein&nbsp;PstB,64.7
395963.Bind_0505,Bind_0505,PFAM:&nbsp;oxidoreductase&nbsp;FAD/NAD(P)-binding&nbsp;domain&nbsp;protein,64.7
395963.Bind_1258,proC,Pyrroline-5-carboxylate&nbsp;reductase,64.6
395963.Bind_0774,Bind_0774,PFAM:&nbsp;Alcohol&nbsp;dehydrogenase&nbsp;zinc-binding&nbsp;domain&nbsp;protein,64.3
395963.Bind_0085,rpmJ,TIGRFAM:&nbsp;ribosomal&nbsp;protein&nbsp;L36,64.3
395963.Bind_0256,dnaX,DNA&nbsp;polymerase&nbsp;III&nbsp;subunit&nbsp;gamma/tau,64.2
395963.Bind_3013,Bind_3013,"Alpha,alpha-trehalose-phosphate&nbsp;synthase&nbsp;(UDP-forming)",64.1
395963.Bind_1733,Bind_1733,Periplasmic&nbsp;serine&nbsp;endoprotease&nbsp;DegP-like,64.1
395963.Bind_1346,rplL,50S&nbsp;ribosomal&nbsp;protein&nbsp;L7/L12,64.1
395963.Bind_3009,Bind_3009,TIGRFAM:&nbsp;3-hydroxybutyrate&nbsp;dehydrogenase,64.1
395963.Bind_3436,Bind_3436,PFAM:&nbsp;AMP-dependent&nbsp;synthetase&nbsp;and&nbsp;ligase,64.0
395963.Bind_3466,Bind_3466,PFAM:&nbsp;fructose-bisphosphate&nbsp;aldolase&nbsp;class-I,63.9
395963.Bind_3656,Bind_3656,KEGG:&nbsp;bja:bll6876&nbsp;flagellar&nbsp;basal&nbsp;body&nbsp;rod&nbsp;protein&nbsp;FlgB,63.9
395963.Bind_2389,Bind_2389,PFAM:&nbsp;NADH-ubiquinone/plastoquinone&nbsp;oxidoreductase&nbsp;chain&nbsp;6,63.8
395963.Bind_0977,Bind_0977,"TIGRFAM:&nbsp;urea&nbsp;ABC&nbsp;transporter,&nbsp;permease&nbsp;protein&nbsp;UrtB",63.6
395963.Bind_0389,Bind_0389,TIGRFAM:&nbsp;L-threonine-O-3-phosphate&nbsp;decarboxylase,63.6
395963.Bind_1765,Bind_1765,PFAM:&nbsp;Rieske&nbsp;[2Fe-2S]&nbsp;domain&nbsp;protein,63.5
395963.Bind_2157,pheS,"TIGRFAM:&nbsp;phenylalanyl-tRNA&nbsp;synthetase,&nbsp;alpha&nbsp;subunit",63.4
395963.Bind_2448,Bind_2448,PFAM:&nbsp;Uracil-DNA&nbsp;glycosylase&nbsp;superfamily,63.3
395963.Bind_3195,Bind_3195,PFAM:&nbsp;protein&nbsp;of&nbsp;unknown&nbsp;function&nbsp;DUF344,63.3
395963.Bind_0718,Bind_0718,UPF0301&nbsp;protein&nbsp;Bind_0718,63.2
395963.Bind_0386,Bind_0386,"Cob(I)yrinic&nbsp;acid&nbsp;a,c-diamide&nbsp;adenosyltransferase",63.1
395963.Bind_1407,Bind_1407,PFAM:&nbsp;NAD(P)H&nbsp;dehydrogenase&nbsp;(quinone),63.1
395963.Bind_0403,Bind_0403,PFAM:&nbsp;aminotransferase&nbsp;class&nbsp;V,63.0
395963.Bind_1627,Bind_1627,"KEGG:&nbsp;mex:Mext_0928&nbsp;penicillin-binding&nbsp;protein,&nbsp;1A&nbsp;family",62.9
395963.Bind_1232,Bind_1232,"TIGRFAM:&nbsp;cysteine&nbsp;desulfurase,&nbsp;SufS&nbsp;subfamily",62.9
395963.Bind_2735,pgi,PFAM:&nbsp;phosphoglucose&nbsp;isomerase&nbsp;(PGI),62.8
395963.Bind_2039,rpoA,DNA-directed&nbsp;RNA&nbsp;polymerase&nbsp;subunit&nbsp;alpha,62.8
395963.Bind_1690,Bind_1690,"TIGRFAM:&nbsp;sulfate&nbsp;ABC&nbsp;transporter,&nbsp;periplasmic&nbsp;sulfate-binding&nbsp;protein",62.8
395963.Bind_1373,rplO,50S&nbsp;ribosomal&nbsp;protein&nbsp;L15,62.5
395963.Bind_0847,Bind_0847,PFAM:&nbsp;Thioesterase,62.5
395963.Bind_3659,argJ,Arginine&nbsp;biosynthesis&nbsp;bifunctional&nbsp;protein&nbsp;ArgJ,62.5
395963.Bind_0976,Bind_0976,"TIGRFAM:&nbsp;urea&nbsp;ABC&nbsp;transporter,&nbsp;urea&nbsp;binding&nbsp;protein",62.5
395963.Bind_2037,rpsK,30S&nbsp;ribosomal&nbsp;protein&nbsp;S11,62.4
395963.Bind_1002,secF,Protein-export&nbsp;membrane&nbsp;protein&nbsp;SecF,62.3
395963.Bind_1418,Bind_1418,TIGRFAM:&nbsp;molybdenum&nbsp;cofactor&nbsp;synthesis&nbsp;domain&nbsp;protein,62.3
395963.Bind_3393,Bind_3393,60&nbsp;kDa&nbsp;chaperonin,62.3
395963.Bind_0676,Bind_0676,PFAM:&nbsp;binding-protein-dependent&nbsp;transport&nbsp;systems&nbsp;inner&nbsp;membrane&nbsp;component,62.2
395963.Bind_1416,trpC,PFAM:&nbsp;Indole-3-glycerol&nbsp;phosphate&nbsp;synthase,62.2
395963.Bind_1409,Bind_1409,KEGG:&nbsp;azc:AZC_1710&nbsp;citrate&nbsp;synthase,62.2
395963.Bind_0887,Bind_0887,PFAM:&nbsp;PEBP&nbsp;family&nbsp;protein,62.2
395963.Bind_1955,Bind_1955,Vitamin&nbsp;B12-dependent&nbsp;ribonucleotide&nbsp;reductase,62.1
395963.Bind_1756,Bind_1756,KEGG:&nbsp;rru:Rru_A1310&nbsp;acetyl-CoA&nbsp;C-acyltransferase,62.1
395963.Bind_1138,Bind_1138,TIGRFAM:&nbsp;glutamine&nbsp;amidotransferase&nbsp;of&nbsp;anthranilate&nbsp;synthase,62.1
395963.Bind_2235,Bind_2235,Periplasmic&nbsp;serine&nbsp;endoprotease&nbsp;DegP-like,62.1
395963.Bind_1213,Bind_1213,TIGRFAM:&nbsp;diguanylate&nbsp;cyclase,62.0
395963.Bind_3269,Bind_3269,PFAM:&nbsp;Enoyl-CoA&nbsp;hydratase/isomerase,61.9
395963.Bind_3351,ffh,Signal&nbsp;recognition&nbsp;particle&nbsp;protein,61.9
395963.Bind_0083,Bind_0083,PFAM:&nbsp;pyruvate&nbsp;ferredoxin/flavodoxin&nbsp;oxidoreductase,61.9
395963.Bind_3655,Bind_3655,TIGRFAM:&nbsp;flagellar&nbsp;basal-body&nbsp;rod&nbsp;protein&nbsp;FlgC,61.6
395963.Bind_2822,Bind_2822,Monosaccharide-transporting&nbsp;ATPase,61.5
395963.Bind_2475,Bind_2475,KEGG:&nbsp;azc:AZC_4359&nbsp;NADH&nbsp;dehydrogenase,61.5
395963.Bind_0618,Bind_0618,TIGRFAM:&nbsp;methylmalonate-semialdehyde&nbsp;dehydrogenase,61.4
395963.Bind_1040,Bind_1040,TIGRFAM:&nbsp;acetylornithine&nbsp;deacetylase&nbsp;(ArgE),61.4
395963.Bind_0280,Bind_0280,PFAM:&nbsp;TOBE&nbsp;domain&nbsp;protein,61.3
395963.Bind_3508,Bind_3508,TIGRFAM:&nbsp;precorrin-3B&nbsp;synthase,61.3
395963.Bind_0741,atpF2,ATP&nbsp;synthase&nbsp;subunit&nbsp;b&nbsp;2,61.1
395963.Bind_0170,ychF,Ribosome-binding&nbsp;ATPase&nbsp;YchF,61.0
395963.Bind_1152,Bind_1152,"TIGRFAM:&nbsp;Ni/Fe-hydrogenase,&nbsp;b-type&nbsp;cytochrome&nbsp;subunit",61.0
395963.Bind_1013,purD,Phosphoribosylamine--glycine&nbsp;ligase,60.9
395963.Bind_3234,tal,Transaldolase,60.9
395963.Bind_3547,Bind_3547,Integral&nbsp;membrane&nbsp;sensor&nbsp;signal&nbsp;transduction&nbsp;histidine&nbsp;kinase,60.9
395963.Bind_2488,Bind_2488,PFAM:&nbsp;FAD-dependent&nbsp;pyridine&nbsp;nucleotide-disulphide&nbsp;oxidoreductase,60.8
395963.Bind_2692,Bind_2692,PFAM:&nbsp;Luciferase-like&nbsp;monooxygenase,60.8
395963.Bind_0184,Bind_0184,Histidine&nbsp;kinase,60.7
395963.Bind_1987,accD,Acetyl-coenzyme&nbsp;A&nbsp;carboxylase&nbsp;carboxyl&nbsp;transferase&nbsp;subunit&nbsp;beta,60.6
395963.Bind_3126,gshB,KEGG:&nbsp;rpa:RPA0322&nbsp;glutathione&nbsp;synthetase,60.6
395963.Bind_1703,Bind_1703,TIGRFAM:&nbsp;septum&nbsp;site-determining&nbsp;protein&nbsp;MinD,60.5
395963.Bind_0218,Bind_0218,ATP&nbsp;synthase&nbsp;subunit&nbsp;beta,60.5
395963.Bind_3380,plsX,Phosphate&nbsp;acyltransferase,60.5
395963.Bind_2837,Bind_2837,PFAM:&nbsp;periplasmic&nbsp;binding&nbsp;protein/LacI&nbsp;transcriptional&nbsp;regulator,60.5
395963.Bind_1171,xseB,Exodeoxyribonuclease&nbsp;7&nbsp;small&nbsp;subunit,60.4
395963.Bind_1047,infB,Translation&nbsp;initiation&nbsp;factor&nbsp;IF-2,60.4
395963.Bind_0651,Bind_0651,PFAM:&nbsp;permease&nbsp;YjgP/YjgQ&nbsp;family&nbsp;protein,60.4
395963.Bind_1990,trpB,Tryptophan&nbsp;synthase&nbsp;beta&nbsp;chain,60.3
395963.Bind_2747,Bind_2747,TIGRFAM:&nbsp;succinate&nbsp;dehydrogenase&nbsp;and&nbsp;fumarate&nbsp;reductase&nbsp;iron-sulfur&nbsp;protein,60.3
395963.Bind_1560,Bind_1560,Indole-3-glycerol-phosphate&nbsp;synthase,60.1
395963.Bind_3427,Bind_3427,"KEGG:&nbsp;nwi:Nwi_0403&nbsp;cobalt&nbsp;chelatase,&nbsp;pCobS&nbsp;small&nbsp;subunit",60.0
395963.Bind_0171,Bind_0171,"KEGG:&nbsp;ppg:PputGB1_1966&nbsp;aliphatic&nbsp;sulfonates&nbsp;family&nbsp;ABC&nbsp;transporter,&nbsp;periplsmic&nbsp;ligand-binding&nbsp;protein",59.8
395963.Bind_0209,hppA,K(+)-insensitive&nbsp;pyrophosphate-energized&nbsp;proton&nbsp;pump,59.8
395963.Bind_3121,purS,Phosphoribosylformylglycinamidine&nbsp;synthase&nbsp;subunit&nbsp;PurS,59.8
395963.Bind_0813,bioD,ATP-dependent&nbsp;dethiobiotin&nbsp;synthetase&nbsp;BioD,59.8
395963.Bind_0211,Bind_0211,KEGG:&nbsp;rru:Rru_A0792&nbsp;serine&nbsp;O-acetyltransferase,59.7
395963.Bind_1447,Bind_1447,PFAM:&nbsp;Choloylglycine&nbsp;hydrolase,59.7
395963.Bind_3095,Bind_3095,PFAM:&nbsp;pyruvate&nbsp;phosphate&nbsp;dikinase&nbsp;PEP/pyruvate-binding,59.6
395963.Bind_2987,Bind_2987,PFAM:&nbsp;Inorganic&nbsp;pyrophosphatase,59.6
395963.Bind_0149,Bind_0149,TIGRFAM:&nbsp;ATP--cobalamin&nbsp;adenosyltransferase,59.6
395963.Bind_0221,atpH,ATP&nbsp;synthase&nbsp;subunit&nbsp;delta,59.4
395963.Bind_0795,Bind_0795,KEGG:&nbsp;mex:Mext_1948&nbsp;nucleotide&nbsp;sugar&nbsp;dehydrogenase,59.4
395963.Bind_3538,Bind_3538,PFAM:&nbsp;alanine&nbsp;dehydrogenase/PNT&nbsp;domain&nbsp;protein,59.4
395963.Bind_0854,Bind_0854,PFAM:&nbsp;Glyoxalase/bleomycin&nbsp;resistance&nbsp;protein/dioxygenase,59.3
395963.Bind_3489,fabZ,3-hydroxyacyl-[acyl-carrier-protein]&nbsp;dehydratase&nbsp;FabZ,59.3
395963.Bind_3242,fumC,Fumarate&nbsp;hydratase&nbsp;class&nbsp;II,59.3
395963.Bind_1570,Bind_1570,TIGRFAM:&nbsp;alanine&nbsp;dehydrogenase,59.3
395963.Bind_3545,ilvE,Branched-chain-amino-acid&nbsp;aminotransferase,59.2
395963.Bind_2922,Bind_2922,"TIGRFAM:&nbsp;efflux&nbsp;transporter,&nbsp;RND&nbsp;family,&nbsp;MFP&nbsp;subunit",59.1
395963.Bind_3408,Bind_3408,Phosphate-binding&nbsp;protein&nbsp;PstS,59.0
395963.Bind_1220,Bind_1220,PFAM:&nbsp;Pyridoxal-5'-phosphate-dependent&nbsp;protein&nbsp;beta&nbsp;subunit,58.9
395963.Bind_1402,Bind_1402,TIGRFAM:&nbsp;exodeoxyribonuclease&nbsp;III,58.7
395963.Bind_1900,Bind_1900,PFAM:&nbsp;FAD&nbsp;linked&nbsp;oxidase&nbsp;domain&nbsp;protein,58.7
395963.Bind_0381,Bind_0381,Non-homologous&nbsp;end&nbsp;joining&nbsp;protein&nbsp;Ku,58.7
395963.Bind_0768,Bind_0768,TIGRFAM:&nbsp;flavoprotein&nbsp;WrbA,58.7
395963.Bind_1370,rplR,50S&nbsp;ribosomal&nbsp;protein&nbsp;L18,58.6
395963.Bind_0743,Bind_0743,ATP&nbsp;synthase&nbsp;subunit&nbsp;a,58.6
395963.Bind_2737,Bind_2737,"TIGRFAM:&nbsp;phosphocarrier,&nbsp;HPr&nbsp;family",58.5
395963.Bind_1921,Bind_1921,PFAM:&nbsp;Fmu&nbsp;(Sun)&nbsp;domain&nbsp;protein,58.4
395963.Bind_2777,Bind_2777,ATP&nbsp;synthase&nbsp;subunit&nbsp;c,58.4
395963.Bind_0361,ftsY,Signal&nbsp;recognition&nbsp;particle&nbsp;receptor&nbsp;FtsY,58.2
395963.Bind_1113,Bind_1113,Beta-ketoacyl&nbsp;synthase,58.2
395963.Bind_2474,Bind_2474,NADH&nbsp;dehydrogenase&nbsp;(Quinone),58.1
395963.Bind_0425,rpmF,TIGRFAM:&nbsp;ribosomal&nbsp;protein&nbsp;L32,58.1
395963.Bind_1503,Bind_1503,KEGG:&nbsp;bra:BRADO0256&nbsp;putative&nbsp;alkaline&nbsp;phosphatase&nbsp;(PhoD),58.1
395963.Bind_1158,Bind_1158,KEGG:&nbsp;xau:Xaut_2181&nbsp;putative&nbsp;hydrogenase&nbsp;expression/formation&nbsp;protein&nbsp;HupK,58.0
395963.Bind_0615,Bind_0615,KEGG:&nbsp;rle:pRL110406&nbsp;putative&nbsp;3-hydroxyisobutyrate&nbsp;dehydrogenase,58.0
395963.Bind_2209,Bind_2209,Hydroxypyruvate&nbsp;reductase,58.0
395963.Bind_2345,Bind_2345,Ferredoxin--NADP&nbsp;reductase,57.9
395963.Bind_1864,Bind_1864,KEGG:&nbsp;nwi:Nwi_0986&nbsp;pyruvate&nbsp;kinase,57.8
395963.Bind_3261,ureG,Urease&nbsp;accessory&nbsp;protein&nbsp;UreG,57.8
395963.Bind_2200,Bind_2200,PFAM:&nbsp;methylmalonyl-CoA&nbsp;mutase,57.7
395963.Bind_3394,Bind_3394,KEGG:&nbsp;azo:azo1222&nbsp;phenol&nbsp;2-monooxygenase,57.7
395963.Bind_3623,Bind_3623,CheA&nbsp;signal&nbsp;transduction&nbsp;histidine&nbsp;kinase,57.7
395963.Bind_3015,Bind_3015,Integral&nbsp;membrane&nbsp;sensor&nbsp;hybrid&nbsp;histidine&nbsp;kinase,57.6
395963.Bind_3557,Bind_3557,PFAM:&nbsp;flagellar&nbsp;basal&nbsp;body&nbsp;rod&nbsp;protein,57.6
395963.Bind_1521,Bind_1521,"Two&nbsp;component,&nbsp;sigma54&nbsp;specific,&nbsp;transcriptional&nbsp;regulator,&nbsp;Fis&nbsp;family",57.6
395963.Bind_2639,Bind_2639,KEGG:&nbsp;mex:Mext_1948&nbsp;nucleotide&nbsp;sugar&nbsp;dehydrogenase,57.5
395963.Bind_1932,Bind_1932,NAD(P)H&nbsp;dehydrogenase&nbsp;(quinone),57.4
395963.Bind_0595,Bind_0595,Transport&nbsp;permease&nbsp;protein,57.4
395963.Bind_0677,Bind_0677,PFAM:&nbsp;ABC&nbsp;transporter&nbsp;related,57.4
395963.Bind_3500,Bind_3500,PFAM:&nbsp;protein&nbsp;of&nbsp;unknown&nbsp;function&nbsp;DUF140,57.3
395963.Bind_0928,Bind_0928,PFAM:&nbsp;Orn/Lys/Arg&nbsp;decarboxylase&nbsp;major&nbsp;region,57.3
395963.Bind_2074,Bind_2074,PFAM:&nbsp;periplasmic&nbsp;binding&nbsp;protein,57.3
395963.Bind_2478,Bind_2478,NADH&nbsp;dehydrogenase&nbsp;(Quinone),57.3
395963.Bind_3102,Bind_3102,PFAM:&nbsp;3-hydroxyacyl-CoA&nbsp;dehydrogenase&nbsp;domain&nbsp;protein,57.3
395963.Bind_3040,Bind_3040,PFAM:&nbsp;peptidase&nbsp;M17&nbsp;leucyl&nbsp;aminopeptidase&nbsp;domain&nbsp;protein,57.1
395963.Bind_1387,Bind_1387,PFAM:&nbsp;homoserine&nbsp;dehydrogenase,57.0
395963.Bind_2236,Bind_2236,"Two&nbsp;component&nbsp;transcriptional&nbsp;regulator,&nbsp;winged&nbsp;helix&nbsp;family",56.7
395963.Bind_2223,rpsB,PFAM:&nbsp;ribosomal&nbsp;protein&nbsp;S2,56.7
395963.Bind_1160,Bind_1160,TIGRFAM:&nbsp;hydrogenase&nbsp;accessory&nbsp;protein&nbsp;HypB,56.7
395963.Bind_0630,Bind_0630,KEGG:&nbsp;reh:H16_A3602&nbsp;pyruvate&nbsp;kinase,56.6
395963.Bind_3313,Bind_3313,PFAM:&nbsp;Glutathione&nbsp;S-transferase&nbsp;domain,56.6
395963.Bind_2457,metN,Methionine&nbsp;import&nbsp;ATP-binding&nbsp;protein&nbsp;MetN,56.6
395963.Bind_3294,Bind_3294,PFAM:&nbsp;Shikimate/quinate&nbsp;5-dehydrogenase,56.6
395963.Bind_1098,kdpC,Potassium-transporting&nbsp;ATPase&nbsp;KdpC&nbsp;subunit,56.6
395963.Bind_0494,gpmA,"2,3-bisphosphoglycerate-dependent&nbsp;phosphoglycerate&nbsp;mutase",56.5
395963.Bind_2915,Bind_2915,PFAM:&nbsp;Glucokinase,56.5
395963.Bind_1287,purH,Bifunctional&nbsp;purine&nbsp;biosynthesis&nbsp;protein&nbsp;PurH,56.4
395963.Bind_1882,Bind_1882,Multi-sensor&nbsp;signal&nbsp;transduction&nbsp;histidine&nbsp;kinase,56.4
395963.Bind_1133,Bind_1133,KEGG:&nbsp;azc:AZC_1865&nbsp;NADP-dependent&nbsp;isocitrate&nbsp;dehydrogenase,56.4
395963.Bind_0080,Bind_0080,PFAM:&nbsp;chemotaxis&nbsp;sensory&nbsp;transducer,56.4
395963.Bind_1368,rpsH,30S&nbsp;ribosomal&nbsp;protein&nbsp;S8,56.2
395963.Bind_3507,Bind_3507,"Cobaltochelatase,&nbsp;CobN&nbsp;subunit",55.9
395963.Bind_3274,Bind_3274,"3-oxoacid&nbsp;CoA-transferase,&nbsp;B&nbsp;subunit",55.9
395963.Bind_0291,uvrB,UvrABC&nbsp;system&nbsp;protein&nbsp;B,55.9
395963.Bind_2394,Bind_2394,NADH-quinone&nbsp;oxidoreductase&nbsp;subunit&nbsp;F,55.8
395963.Bind_1011,mutL,DNA&nbsp;mismatch&nbsp;repair&nbsp;protein&nbsp;MutL,55.8
395963.Bind_1769,Bind_1769,PFAM:&nbsp;amine&nbsp;oxidase,55.8
395963.Bind_1601,Bind_1601,PFAM:&nbsp;binding-protein-dependent&nbsp;transport&nbsp;systems&nbsp;inner&nbsp;membrane&nbsp;component,55.7
395963.Bind_3640,Bind_3640,PFAM:&nbsp;cytochrome&nbsp;c&nbsp;class&nbsp;I,55.6
395963.Bind_3572,Bind_3572,Shikimate&nbsp;dehydrogenase&nbsp;(NADP(+)),55.6
395963.Bind_2519,Bind_2519,PFAM:&nbsp;ABC&nbsp;transporter&nbsp;related,55.6
395963.Bind_1899,Bind_1899,D-lactate&nbsp;dehydrogenase&nbsp;(Cytochrome),55.5
395963.Bind_1347,rpoB,DNA-directed&nbsp;RNA&nbsp;polymerase&nbsp;subunit&nbsp;beta,55.5
395963.Bind_1737,groS,10&nbsp;kDa&nbsp;chaperonin,55.4
395963.Bind_1353,rpsJ,30S&nbsp;ribosomal&nbsp;protein&nbsp;S10,55.4
395963.Bind_2460,Bind_2460,PFAM:&nbsp;ABC&nbsp;transporter&nbsp;related,55.3
395963.Bind_1327,Bind_1327,TIGRFAM:&nbsp;riboflavin&nbsp;biosynthesis&nbsp;protein&nbsp;RibF,55.3
395963.Bind_2926,trpF,PFAM:&nbsp;N-(5'phosphoribosyl)anthranilate&nbsp;isomerase&nbsp;(PRAI),55.2
395963.Bind_2779,Bind_2779,ATP&nbsp;synthase&nbsp;subunit&nbsp;alpha,55.0
395963.Bind_0005,ruvA,Holliday&nbsp;junction&nbsp;ATP-dependent&nbsp;DNA&nbsp;helicase&nbsp;RuvA,55.0
395963.Bind_0364,Bind_0364,KEGG:&nbsp;psa:PST_4184&nbsp;sensory&nbsp;box&nbsp;histidine&nbsp;kinase/response&nbsp;regulator,54.8
395963.Bind_2241,Bind_2241,C4-dicarboxylate&nbsp;transport&nbsp;protein,54.8
395963.Bind_0207,nusB,Transcription&nbsp;antitermination&nbsp;protein&nbsp;NusB,54.7
395963.Bind_1602,Bind_1602,"TIGRFAM:&nbsp;cationic&nbsp;amino&nbsp;acid&nbsp;ABC&nbsp;transporter,&nbsp;periplasmic&nbsp;binding&nbsp;protein",54.5
395963.Bind_1225,glyA,Serine&nbsp;hydroxymethyltransferase,54.5
395963.Bind_2202,Bind_2202,PFAM:&nbsp;phosphate&nbsp;acetyl/butaryl&nbsp;transferase,54.3
395963.Bind_1840,Bind_1840,PFAM:&nbsp;RimK&nbsp;domain&nbsp;protein&nbsp;ATP-grasp,54.2
395963.Bind_1983,Bind_1983,Multi-sensor&nbsp;hybrid&nbsp;histidine&nbsp;kinase,54.2
395963.Bind_1163,Bind_1163,TIGRFAM:&nbsp;hydrogenase&nbsp;expression/formation&nbsp;protein&nbsp;HypD,54.1
395963.Bind_2228,Bind_2228,"Two&nbsp;component&nbsp;transcriptional&nbsp;regulator,&nbsp;winged&nbsp;helix&nbsp;family",54.0
395963.Bind_1099,Bind_1099,PFAM:&nbsp;ATP-binding&nbsp;region&nbsp;ATPase&nbsp;domain&nbsp;protein,54.0
395963.Bind_2895,guaA,GMP&nbsp;synthase&nbsp;[glutamine-hydrolyzing],53.9
395963.Bind_1041,ureC,"KEGG:&nbsp;mex:Mext_3016&nbsp;urease,&nbsp;alpha&nbsp;subunit",53.9
395963.Bind_0225,leuS,Leucine--tRNA&nbsp;ligase,53.9
395963.Bind_0243,hisF,Imidazole&nbsp;glycerol&nbsp;phosphate&nbsp;synthase&nbsp;subunit&nbsp;HisF,53.8
395963.Bind_1988,trpA,Tryptophan&nbsp;synthase&nbsp;alpha&nbsp;chain,53.8
395963.Bind_3335,Bind_3335,TIGRFAM:&nbsp;phage&nbsp;SPO1&nbsp;DNA&nbsp;polymerase-related&nbsp;protein,53.7
395963.Bind_0261,rpmE,50S&nbsp;ribosomal&nbsp;protein&nbsp;L31,53.5
395963.Bind_1310,Bind_1310,"TIGRFAM:&nbsp;haloacid&nbsp;dehalogenase,&nbsp;type&nbsp;II",53.5
395963.Bind_1181,Bind_1181,Aconitate&nbsp;hydratase,53.4
395963.Bind_0713,Bind_0713,Dihydroorotase,53.1
395963.Bind_0177,Bind_0177,TIGRFAM:&nbsp;xylulokinase,53.1
395963.Bind_1150,Bind_1150,KEGG:&nbsp;azc:AZC_0598&nbsp;Ni-Fe&nbsp;hydrogenase&nbsp;small&nbsp;subunit&nbsp;protein,53.1
395963.Bind_3216,Bind_3216,Inositol-1-monophosphatase,53.0
395963.Bind_2738,Bind_2738,PFAM:&nbsp;PTS&nbsp;system&nbsp;fructose&nbsp;subfamily&nbsp;IIA&nbsp;component,52.9
395963.Bind_0321,Bind_0321,PFAM:&nbsp;FAD-dependent&nbsp;pyridine&nbsp;nucleotide-disulphide&nbsp;oxidoreductase,52.9
395963.Bind_2419,Bind_2419,"TIGRFAM:&nbsp;acetolactate&nbsp;synthase,&nbsp;small&nbsp;subunit",52.8
395963.Bind_1341,secE,Protein&nbsp;translocase&nbsp;subunit&nbsp;SecE,52.8
395963.Bind_2261,Bind_2261,PFAM:&nbsp;nitrite/sulfite&nbsp;reductase&nbsp;hemoprotein&nbsp;beta-component&nbsp;ferrodoxin&nbsp;domain&nbsp;protein,52.6
395963.Bind_3344,Bind_3344,PFAM:&nbsp;OmpA/MotB&nbsp;domain&nbsp;protein,52.6
395963.Bind_3627,Bind_3627,PFAM:&nbsp;response&nbsp;regulator&nbsp;receiver,52.4
395963.Bind_1345,rplJ,50S&nbsp;ribosomal&nbsp;protein&nbsp;L10,52.4
395963.Bind_0100,Bind_0100,TIGRFAM:&nbsp;FeS&nbsp;assembly&nbsp;protein&nbsp;SufD,52.4
395963.Bind_3458,Bind_3458,3-isopropylmalate&nbsp;dehydratase&nbsp;small&nbsp;subunit,52.4
395963.Bind_3628,cheD,Probable&nbsp;chemoreceptor&nbsp;glutamine&nbsp;deamidase&nbsp;CheD,52.3
395963.Bind_3620,Bind_3620,PFAM:&nbsp;histidine&nbsp;kinase&nbsp;HAMP&nbsp;region&nbsp;domain&nbsp;protein,52.3
395963.Bind_0907,Bind_0907,PFAM:&nbsp;cytochrome&nbsp;c&nbsp;class&nbsp;I,52.3
395963.Bind_1292,purN,Phosphoribosylglycinamide&nbsp;formyltransferase,52.2
395963.Bind_2495,Bind_2495,TIGRFAM:&nbsp;S-(hydroxymethyl)glutathione&nbsp;dehydrogenase/class&nbsp;III&nbsp;alcohol&nbsp;dehydrogenase,52.2
395963.Bind_3342,Bind_3342,TIGRFAM:&nbsp;succinic&nbsp;semialdehyde&nbsp;dehydrogenase,52.0
395963.Bind_3067,Bind_3067,TIGRFAM:&nbsp;general&nbsp;secretion&nbsp;pathway&nbsp;protein&nbsp;D,52.0
395963.Bind_1216,Bind_1216,"TIGRFAM:&nbsp;glutamine&nbsp;synthetase,&nbsp;type&nbsp;I",51.8
395963.Bind_2109,infC,Translation&nbsp;initiation&nbsp;factor&nbsp;IF-3,51.6
395963.Bind_2546,Bind_2546,PFAM:&nbsp;extracellular&nbsp;solute-binding&nbsp;protein&nbsp;family&nbsp;5,51.5
395963.Bind_3047,Bind_3047,Beta&nbsp;sliding&nbsp;clamp,51.5
395963.Bind_2155,Bind_2155,Integral&nbsp;membrane&nbsp;sensor&nbsp;signal&nbsp;transduction&nbsp;histidine&nbsp;kinase,51.5
395963.Bind_1080,Bind_1080,PFAM:&nbsp;Orn/DAP/Arg&nbsp;decarboxylase&nbsp;2,51.4
395963.Bind_0869,carB,"TIGRFAM:&nbsp;carbamoyl-phosphate&nbsp;synthase,&nbsp;large&nbsp;subunit",51.4
395963.Bind_0524,Bind_0524,"KEGG:&nbsp;pfl:PFL_1382&nbsp;ABC&nbsp;transporter,&nbsp;periplasmic&nbsp;substrate-binding&nbsp;protein,&nbsp;aliphatic&nbsp;sulfonates&nbsp;family,&nbsp;putative",51.3
395963.Bind_2403,recA,Protein&nbsp;RecA,51.3
395963.Bind_1019,Bind_1019,KEGG:&nbsp;mex:Mext_1528&nbsp;hypothetical&nbsp;protein,51.3
395963.Bind_2696,Bind_2696,TIGRFAM:&nbsp;3-hydroxybutyrate&nbsp;dehydrogenase,51.3
395963.Bind_2773,Bind_2773,ATP&nbsp;synthase&nbsp;subunit&nbsp;beta,51.2
395963.Bind_2656,Bind_2656,PFAM:&nbsp;NAD-dependent&nbsp;epimerase/dehydratase,51.2
395963.Bind_2520,Bind_2520,PFAM:&nbsp;binding-protein-dependent&nbsp;transport&nbsp;systems&nbsp;inner&nbsp;membrane&nbsp;component,51.1
395963.Bind_3328,yidC,Membrane&nbsp;protein&nbsp;insertase&nbsp;YidC,51.0
395963.Bind_1959,Bind_1959,PFAM:&nbsp;Glutathione&nbsp;S-transferase&nbsp;domain,51.0
395963.Bind_1878,gatA,Glutamyl-tRNA(Gln)&nbsp;amidotransferase&nbsp;subunit&nbsp;A,51.0
