1435051.BMOU_1260,BMOU_1260,annotation&nbsp;not&nbsp;available,98.9
1435051.BMOU_1574,ddl,D-alanine--D-alanine&nbsp;ligase,98.8
1435051.BMOU_0847,BMOU_0847,annotation&nbsp;not&nbsp;available,98.0
1435051.BMOU_0293,ldh,annotation&nbsp;not&nbsp;available,97.7
1435051.BMOU_1311,BMOU_1311,Beta&nbsp;sliding&nbsp;clamp,97.5
1435051.BMOU_0016,pheS,annotation&nbsp;not&nbsp;available,97.0
1435051.BMOU_1729,rpmJ,annotation&nbsp;not&nbsp;available,96.2
1435051.BMOU_1111,BMOU_1111,annotation&nbsp;not&nbsp;available,96.2
1435051.BMOU_1717,rplX,50S&nbsp;ribosomal&nbsp;protein&nbsp;L24,96.1
1435051.BMOU_1642,BMOU_1642,annotation&nbsp;not&nbsp;available,96.0
1435051.BMOU_0512,xseA,Exodeoxyribonuclease&nbsp;7&nbsp;large&nbsp;subunit,95.9
1435051.BMOU_1710,rpsS,30S&nbsp;ribosomal&nbsp;protein&nbsp;S19,95.6
1435051.BMOU_0943,BMOU_0943,annotation&nbsp;not&nbsp;available,95.6
1435051.BMOU_1522,leuA,2-isopropylmalate&nbsp;synthase,95.5
1435051.BMOU_1735,BMOU_1735,annotation&nbsp;not&nbsp;available,95.3
1435051.BMOU_0191,rplT,50S&nbsp;ribosomal&nbsp;protein&nbsp;L20,94.9
1435051.BMOU_1200,BMOU_1200,annotation&nbsp;not&nbsp;available,94.4
1435051.BMOU_1157,glyA,Serine&nbsp;hydroxymethyltransferase,94.1
1435051.BMOU_0436,BMOU_0436,annotation&nbsp;not&nbsp;available,93.9
1435051.BMOU_1083,ruvB,Holliday&nbsp;junction&nbsp;ATP-dependent&nbsp;DNA&nbsp;helicase&nbsp;RuvB,93.8
1435051.BMOU_1905,glmS,Glutamine--fructose-6-phosphate&nbsp;aminotransferase&nbsp;[isomerizing],93.7
1435051.BMOU_0980,rpsT,30S&nbsp;ribosomal&nbsp;protein&nbsp;S20,93.6
1435051.BMOU_0072,BMOU_0072,annotation&nbsp;not&nbsp;available,93.1
1435051.BMOU_0141,recA,Protein&nbsp;RecA,93.1
1435051.BMOU_1706,rplC,50S&nbsp;ribosomal&nbsp;protein&nbsp;L3,92.6
1435051.BMOU_0415,atpG,ATP&nbsp;synthase&nbsp;gamma&nbsp;chain,92.3
1435051.BMOU_1040,BMOU_1040,annotation&nbsp;not&nbsp;available,92.3
1435051.BMOU_0375,gatC,Aspartyl/glutamyl-tRNA(Asn/Gln)&nbsp;amidotransferase&nbsp;subunit&nbsp;C,92.2
1435051.BMOU_0954,BMOU_0954,annotation&nbsp;not&nbsp;available,91.4
1435051.BMOU_1632,secE,Protein&nbsp;translocase&nbsp;subunit&nbsp;SecE,91.3
1435051.BMOU_0725,BMOU_0725,dTDP-4-dehydrorhamnose&nbsp;reductase,90.8
1435051.BMOU_0414,atpA,ATP&nbsp;synthase&nbsp;subunit&nbsp;alpha,90.4
1435051.BMOU_0412,atpF,ATP&nbsp;synthase&nbsp;subunit&nbsp;b,90.2
1435051.BMOU_2048,BMOU_2048,annotation&nbsp;not&nbsp;available,90.1
1435051.BMOU_1044,BMOU_1044,annotation&nbsp;not&nbsp;available,89.1
1435051.BMOU_2091,dcd,annotation&nbsp;not&nbsp;available,88.9
1435051.BMOU_0024,BMOU_0024,annotation&nbsp;not&nbsp;available,88.9
1435051.BMOU_1606,rpmF,annotation&nbsp;not&nbsp;available,88.7
1435051.BMOU_1265,thiC,Multifunctional&nbsp;fusion&nbsp;protein,88.7
1435051.BMOU_1099,trpA,Tryptophan&nbsp;synthase&nbsp;alpha&nbsp;chain,87.9
1435051.BMOU_1380,BMOU_1380,annotation&nbsp;not&nbsp;available,87.7
1435051.BMOU_1981,tuf,Elongation&nbsp;factor&nbsp;Tu,87.6
1435051.BMOU_1317,BMOU_1317,annotation&nbsp;not&nbsp;available,87.5
1435051.BMOU_1597,rpsP,annotation&nbsp;not&nbsp;available,87.4
1435051.BMOU_0670,rpoB,DNA-directed&nbsp;RNA&nbsp;polymerase&nbsp;subunit&nbsp;beta,87.3
1435051.BMOU_1711,rplV,50S&nbsp;ribosomal&nbsp;protein&nbsp;L22,86.9
1435051.BMOU_0890,BMOU_0890,annotation&nbsp;not&nbsp;available,86.9
1435051.BMOU_1413,BMOU_1413,annotation&nbsp;not&nbsp;available,86.8
1435051.BMOU_1035,BMOU_1035,annotation&nbsp;not&nbsp;available,86.7
1435051.BMOU_0581,BMOU_0581,annotation&nbsp;not&nbsp;available,86.6
1435051.BMOU_1002,BMOU_1002,annotation&nbsp;not&nbsp;available,86.4
1435051.BMOU_1984,carA,annotation&nbsp;not&nbsp;available,86.1
1435051.BMOU_1557,gltX,Glutamate--tRNA&nbsp;ligase,86.0
1435051.BMOU_1282,hisH,Imidazole&nbsp;glycerol&nbsp;phosphate&nbsp;synthase&nbsp;subunit&nbsp;HisH,85.3
1435051.BMOU_0635,BMOU_0635,annotation&nbsp;not&nbsp;available,85.3
1435051.BMOU_1989,rpoZ,DNA-directed&nbsp;RNA&nbsp;polymerase&nbsp;subunit&nbsp;omega,85.2
1435051.BMOU_1926,BMOU_1926,annotation&nbsp;not&nbsp;available,84.9
1435051.BMOU_0691,leuB,3-isopropylmalate&nbsp;dehydrogenase,84.8
1435051.BMOU_0843,BMOU_0843,annotation&nbsp;not&nbsp;available,84.8
1435051.BMOU_1398,BMOU_1398,annotation&nbsp;not&nbsp;available,84.7
1435051.BMOU_1100,trpB,Multifunctional&nbsp;fusion&nbsp;protein,84.7
1435051.BMOU_1034,uvrC,UvrABC&nbsp;system&nbsp;protein&nbsp;C,84.0
1435051.BMOU_2113,BMOU_2113,annotation&nbsp;not&nbsp;available,83.9
1435051.BMOU_0329,BMOU_0329,annotation&nbsp;not&nbsp;available,83.5
1435051.BMOU_1720,rpsH,30S&nbsp;ribosomal&nbsp;protein&nbsp;S8,83.3
1435051.BMOU_1116,BMOU_1116,annotation&nbsp;not&nbsp;available,83.0
1435051.BMOU_0513,BMOU_0513,Exodeoxyribonuclease&nbsp;7&nbsp;small&nbsp;subunit,82.9
1435051.BMOU_1705,rpsJ,30S&nbsp;ribosomal&nbsp;protein&nbsp;S10,82.2
1435051.BMOU_1713,rplP,50S&nbsp;ribosomal&nbsp;protein&nbsp;L16,82.0
1435051.BMOU_1707,rplD,50S&nbsp;ribosomal&nbsp;protein&nbsp;L4,82.0
1435051.BMOU_1283,hisA,annotation&nbsp;not&nbsp;available,81.9
1435051.BMOU_0694,gcvH,Glycine&nbsp;cleavage&nbsp;system&nbsp;H&nbsp;protein,81.9
1435051.BMOU_1708,rplW,50S&nbsp;ribosomal&nbsp;protein&nbsp;L23,81.7
1435051.BMOU_1686,BMOU_1686,annotation&nbsp;not&nbsp;available,80.9
1435051.BMOU_1667,BMOU_1667,annotation&nbsp;not&nbsp;available,80.2
1435051.BMOU_0428,BMOU_0428,annotation&nbsp;not&nbsp;available,80.2
1435051.BMOU_1619,rplS,50S&nbsp;ribosomal&nbsp;protein&nbsp;L19,80.2
1435051.BMOU_1731,rpsK,30S&nbsp;ribosomal&nbsp;protein&nbsp;S11,79.8
1435051.BMOU_1080,sucC,Succinate--CoA&nbsp;ligase&nbsp;[ADP-forming]&nbsp;subunit&nbsp;beta,79.2
1435051.BMOU_0361,BMOU_0361,annotation&nbsp;not&nbsp;available,78.7
1435051.BMOU_1012,BMOU_1012,annotation&nbsp;not&nbsp;available,78.2
1435051.BMOU_0384,BMOU_0384,annotation&nbsp;not&nbsp;available,77.4
1435051.BMOU_0192,rpmI,annotation&nbsp;not&nbsp;available,76.8
1435051.BMOU_1079,sucD,Succinate--CoA&nbsp;ligase&nbsp;[ADP-forming]&nbsp;subunit&nbsp;alpha,76.4
1435051.BMOU_2112,BMOU_2112,annotation&nbsp;not&nbsp;available,76.0
1435051.BMOU_1759,BMOU_1759,annotation&nbsp;not&nbsp;available,75.6
1435051.BMOU_0983,BMOU_0983,annotation&nbsp;not&nbsp;available,75.5
1435051.BMOU_1671,rplJ,50S&nbsp;ribosomal&nbsp;protein&nbsp;L10,75.3
1435051.BMOU_0288,nrdR,Transcriptional&nbsp;repressor&nbsp;NrdR,75.1
1435051.BMOU_1246,BMOU_1246,annotation&nbsp;not&nbsp;available,75.0
1435051.BMOU_0299,BMOU_0299,annotation&nbsp;not&nbsp;available,74.5
1435051.BMOU_1627,rplU,50S&nbsp;ribosomal&nbsp;protein&nbsp;L21,74.3
1435051.BMOU_1718,rplE,50S&nbsp;ribosomal&nbsp;protein&nbsp;L5,73.9
1435051.BMOU_1722,rplR,50S&nbsp;ribosomal&nbsp;protein&nbsp;L18,73.7
1435051.BMOU_0416,atpD,ATP&nbsp;synthase&nbsp;subunit&nbsp;beta,73.3
1435051.BMOU_1721,rplF,50S&nbsp;ribosomal&nbsp;protein&nbsp;L6,73.3
1435051.BMOU_1712,rpsC,30S&nbsp;ribosomal&nbsp;protein&nbsp;S3,72.9
1435051.BMOU_1703,BMOU_1703,annotation&nbsp;not&nbsp;available,72.9
1435051.BMOU_1715,rpsQ,30S&nbsp;ribosomal&nbsp;protein&nbsp;S17,72.7
1435051.BMOU_1056,BMOU_1056,annotation&nbsp;not&nbsp;available,72.6
1435051.BMOU_1985,carB,annotation&nbsp;not&nbsp;available,72.6
1435051.BMOU_1109,rpsB,annotation&nbsp;not&nbsp;available,72.3
1435051.BMOU_1612,BMOU_1612,annotation&nbsp;not&nbsp;available,72.2
1435051.BMOU_1264,BMOU_1264,annotation&nbsp;not&nbsp;available,71.9
1435051.BMOU_1723,rpsE,30S&nbsp;ribosomal&nbsp;protein&nbsp;S5,71.5
1435051.BMOU_1062,BMOU_1062,annotation&nbsp;not&nbsp;available,71.3
1435051.BMOU_1590,rpmB,annotation&nbsp;not&nbsp;available,70.9
1435051.BMOU_0511,BMOU_0511,annotation&nbsp;not&nbsp;available,70.7
1435051.BMOU_1309,rpmH,annotation&nbsp;not&nbsp;available,70.4
1435051.BMOU_2106,BMOU_2106,annotation&nbsp;not&nbsp;available,70.1
1435051.BMOU_1760,BMOU_1760,annotation&nbsp;not&nbsp;available,69.6
1435051.BMOU_0998,pyrB,annotation&nbsp;not&nbsp;available,69.3
1435051.BMOU_0605,grpE,Protein&nbsp;GrpE,68.7
1435051.BMOU_1628,rpmA,annotation&nbsp;not&nbsp;available,68.5
1435051.BMOU_0889,BMOU_0889,annotation&nbsp;not&nbsp;available,68.4
1435051.BMOU_1724,rpmD,annotation&nbsp;not&nbsp;available,68.3
1435051.BMOU_0356,rpsR,30S&nbsp;ribosomal&nbsp;protein&nbsp;S18,68.2
1435051.BMOU_1077,purH,annotation&nbsp;not&nbsp;available,67.8
1435051.BMOU_1084,ruvA,Holliday&nbsp;junction&nbsp;ATP-dependent&nbsp;DNA&nbsp;helicase&nbsp;RuvA,67.7
1435051.BMOU_0413,atpH,ATP&nbsp;synthase&nbsp;subunit&nbsp;delta,67.0
1435051.BMOU_0100,nadE,Glutamine-dependent&nbsp;NAD(+)&nbsp;synthetase,66.5
1435051.BMOU_2031,BMOU_2031,annotation&nbsp;not&nbsp;available,66.4
1435051.BMOU_1114,BMOU_1114,annotation&nbsp;not&nbsp;available,66.2
1435051.BMOU_1538,BMOU_1538,annotation&nbsp;not&nbsp;available,66.0
1435051.BMOU_1540,BMOU_1540,annotation&nbsp;not&nbsp;available,66.0
1435051.BMOU_1979,rpsG,30S&nbsp;ribosomal&nbsp;protein&nbsp;S7,65.9
1435051.BMOU_1101,trpE,Anthranilate&nbsp;synthase&nbsp;component&nbsp;1,65.8
1435051.BMOU_0417,BMOU_0417,annotation&nbsp;not&nbsp;available,65.6
1435051.BMOU_1641,BMOU_1641,annotation&nbsp;not&nbsp;available,65.3
1435051.BMOU_1640,BMOU_1640,annotation&nbsp;not&nbsp;available,65.2
1435051.BMOU_0194,BMOU_0194,annotation&nbsp;not&nbsp;available,65.2
1435051.BMOU_0184,BMOU_0184,annotation&nbsp;not&nbsp;available,65.1
1435051.BMOU_1682,groS,10&nbsp;kDa&nbsp;chaperonin,64.8
1435051.BMOU_1892,BMOU_1892,annotation&nbsp;not&nbsp;available,64.3
1435051.BMOU_0881,BMOU_0881,annotation&nbsp;not&nbsp;available,64.0
1435051.BMOU_1719,rpsN,30S&nbsp;ribosomal&nbsp;protein&nbsp;S14&nbsp;type&nbsp;Z,63.7
1435051.BMOU_1463,BMOU_1463,annotation&nbsp;not&nbsp;available,63.4
1435051.BMOU_1978,rpsL,30S&nbsp;ribosomal&nbsp;protein&nbsp;S12,63.3
1435051.BMOU_0483,BMOU_0483,annotation&nbsp;not&nbsp;available,63.0
1435051.BMOU_2049,BMOU_2049,annotation&nbsp;not&nbsp;available,62.9
1435051.BMOU_1448,BMOU_1448,annotation&nbsp;not&nbsp;available,62.9
1435051.BMOU_1714,rpmC,annotation&nbsp;not&nbsp;available,62.8
1435051.BMOU_1969,purF,Amidophosphoribosyltransferase,62.8
1435051.BMOU_0062,BMOU_0062,annotation&nbsp;not&nbsp;available,62.6
1435051.BMOU_1725,rplO,50S&nbsp;ribosomal&nbsp;protein&nbsp;L15,61.2
1435051.BMOU_0669,rpoC,DNA-directed&nbsp;RNA&nbsp;polymerase&nbsp;subunit&nbsp;beta',60.8
1435051.BMOU_1276,BMOU_1276,annotation&nbsp;not&nbsp;available,60.7
1435051.BMOU_1531,BMOU_1531,annotation&nbsp;not&nbsp;available,60.6
1435051.BMOU_1634,rplK,50S&nbsp;ribosomal&nbsp;protein&nbsp;L11,60.2
1435051.BMOU_1683,rpmG,annotation&nbsp;not&nbsp;available,58.9
1435051.BMOU_0984,BMOU_0984,annotation&nbsp;not&nbsp;available,58.8
1435051.BMOU_0638,glmM,Phosphoglucosamine&nbsp;mutase,58.6
1435051.BMOU_1716,rplN,50S&nbsp;ribosomal&nbsp;protein&nbsp;L14,58.4
1435051.BMOU_0999,BMOU_0999,annotation&nbsp;not&nbsp;available,58.3
1435051.BMOU_1726,secY,Protein&nbsp;translocase&nbsp;subunit&nbsp;SecY,58.2
1435051.BMOU_1108,tsf,Elongation&nbsp;factor&nbsp;Ts,58.1
1435051.BMOU_1103,hisF,Imidazole&nbsp;glycerol&nbsp;phosphate&nbsp;synthase&nbsp;subunit&nbsp;HisF,57.6
1435051.BMOU_0924,rpsD,30S&nbsp;ribosomal&nbsp;protein&nbsp;S4,57.4
1435051.BMOU_1755,BMOU_1755,Ribonuclease&nbsp;H,57.3
1435051.BMOU_1672,rplL,50S&nbsp;ribosomal&nbsp;protein&nbsp;L7/L12,57.0
1435051.BMOU_1696,rplM,50S&nbsp;ribosomal&nbsp;protein&nbsp;L13,57.0
1435051.BMOU_0482,BMOU_0482,annotation&nbsp;not&nbsp;available,57.0
1435051.BMOU_0603,BMOU_0603,annotation&nbsp;not&nbsp;available,56.8
1435051.BMOU_1967,purD,annotation&nbsp;not&nbsp;available,56.7
1435051.BMOU_0606,dnaK,Chaperone&nbsp;protein&nbsp;DnaK,56.6
1435051.BMOU_1960,deoC,Deoxyribose-phosphate&nbsp;aldolase,56.5
1435051.BMOU_0894,polA,DNA&nbsp;polymerase&nbsp;I,56.4
1435051.BMOU_0357,rplI,50S&nbsp;ribosomal&nbsp;protein&nbsp;L9,56.0
1435051.BMOU_1541,BMOU_1541,Phosphoenolpyruvate-protein&nbsp;phosphotransferase,55.9
1435051.BMOU_0354,rpsF,30S&nbsp;ribosomal&nbsp;protein&nbsp;S6,55.8
1435051.BMOU_1730,rpsM,30S&nbsp;ribosomal&nbsp;protein&nbsp;S13,55.8
1435051.BMOU_1733,rplQ,annotation&nbsp;not&nbsp;available,55.6
1435051.BMOU_1728,infA,Translation&nbsp;initiation&nbsp;factor&nbsp;IF-1,55.4
1435051.BMOU_1666,BMOU_1666,Phosphate&nbsp;transport&nbsp;system&nbsp;permease&nbsp;protein,55.3
1435051.BMOU_0977,ctc,50S&nbsp;ribosomal&nbsp;protein&nbsp;L25,55.0
1435051.BMOU_1618,pgi,annotation&nbsp;not&nbsp;available,54.7
1435051.BMOU_1471,BMOU_1471,annotation&nbsp;not&nbsp;available,54.6
1435051.BMOU_1560,leuC,3-isopropylmalate&nbsp;dehydratase&nbsp;large&nbsp;subunit,54.5
1435051.BMOU_0022,BMOU_0022,annotation&nbsp;not&nbsp;available,54.3
1435051.BMOU_0015,pheT,annotation&nbsp;not&nbsp;available,54.1
1435051.BMOU_0040,ligA,DNA&nbsp;ligase,53.9
1435051.BMOU_0138,secA,Protein&nbsp;translocase&nbsp;subunit&nbsp;SecA,53.9
1435051.BMOU_1514,BMOU_1514,annotation&nbsp;not&nbsp;available,53.8
1435051.BMOU_1635,rplA,50S&nbsp;ribosomal&nbsp;protein&nbsp;L1,53.6
1435051.BMOU_2015,groL,60&nbsp;kDa&nbsp;chaperonin,53.3
1435051.BMOU_1732,rpoA,DNA-directed&nbsp;RNA&nbsp;polymerase&nbsp;subunit&nbsp;alpha,53.3
1435051.BMOU_1709,rplB,50S&nbsp;ribosomal&nbsp;protein&nbsp;L2,53.2
1435051.BMOU_1043,tal,Transaldolase,53.1
1435051.BMOU_1362,BMOU_1362,annotation&nbsp;not&nbsp;available,52.8
1435051.BMOU_0934,aroB,Multifunctional&nbsp;fusion&nbsp;protein,52.7
1435051.BMOU_1646,rpsO,30S&nbsp;ribosomal&nbsp;protein&nbsp;S15,52.4
1435051.BMOU_1870,rpmE,50S&nbsp;ribosomal&nbsp;protein&nbsp;L31,52.3
1435051.BMOU_0571,BMOU_0571,annotation&nbsp;not&nbsp;available,52.0
1435051.BMOU_0377,gatB,Aspartyl/glutamyl-tRNA(Asn/Gln)&nbsp;amidotransferase&nbsp;subunit&nbsp;B,51.8
1435051.BMOU_1337,BMOU_1337,annotation&nbsp;not&nbsp;available,51.7
1435051.BMOU_0699,BMOU_0699,annotation&nbsp;not&nbsp;available,51.5
1435051.BMOU_1124,BMOU_1124,annotation&nbsp;not&nbsp;available,51.5
1435051.BMOU_1697,rpsI,annotation&nbsp;not&nbsp;available,51.1
