78345.BMERY_0642,rplQ,annotation&nbsp;not&nbsp;available,98.4
78345.BMERY_0617,rplW,50S&nbsp;ribosomal&nbsp;protein&nbsp;L23,98.3
78345.BMERY_1106,BMERY_1106,annotation&nbsp;not&nbsp;available,97.7
78345.BMERY_1498,rpmA,annotation&nbsp;not&nbsp;available,97.4
78345.BMERY_1748,rplS,50S&nbsp;ribosomal&nbsp;protein&nbsp;L19,97.4
78345.BMERY_1497,rplU,50S&nbsp;ribosomal&nbsp;protein&nbsp;L21,96.5
78345.BMERY_0624,rpsQ,30S&nbsp;ribosomal&nbsp;protein&nbsp;S17,96.0
78345.BMERY_0357,BMERY_0357,annotation&nbsp;not&nbsp;available,95.0
78345.BMERY_0730,trpE,Anthranilate&nbsp;synthase&nbsp;component&nbsp;1,94.6
78345.BMERY_1323,leuB,3-isopropylmalate&nbsp;dehydrogenase,94.4
78345.BMERY_0615,rplC,50S&nbsp;ribosomal&nbsp;protein&nbsp;L3,94.2
78345.BMERY_1279,xseA,Exodeoxyribonuclease&nbsp;7&nbsp;large&nbsp;subunit,94.1
78345.BMERY_0638,rpmJ,annotation&nbsp;not&nbsp;available,93.8
78345.BMERY_1505,rplA,50S&nbsp;ribosomal&nbsp;protein&nbsp;L1,92.6
78345.BMERY_1470,atpC,ATP&nbsp;synthase&nbsp;epsilon&nbsp;chain,92.3
78345.BMERY_0433,BMERY_0433,annotation&nbsp;not&nbsp;available,92.1
78345.BMERY_0622,rplP,50S&nbsp;ribosomal&nbsp;protein&nbsp;L16,91.5
78345.BMERY_1280,xseB,Exodeoxyribonuclease&nbsp;7&nbsp;small&nbsp;subunit,91.3
78345.BMERY_0640,rpsK,30S&nbsp;ribosomal&nbsp;protein&nbsp;S11,90.6
78345.BMERY_1039,hisH,Imidazole&nbsp;glycerol&nbsp;phosphate&nbsp;synthase&nbsp;subunit&nbsp;HisH,90.6
78345.BMERY_0346,ctc,50S&nbsp;ribosomal&nbsp;protein&nbsp;L25,90.2
78345.BMERY_0637,infA,Translation&nbsp;initiation&nbsp;factor&nbsp;IF-1,89.2
78345.BMERY_1467,atpA,ATP&nbsp;synthase&nbsp;subunit&nbsp;alpha,88.8
78345.BMERY_0635,secY,Protein&nbsp;translocase&nbsp;subunit&nbsp;SecY,88.2
78345.BMERY_1504,rplK,50S&nbsp;ribosomal&nbsp;protein&nbsp;L11,87.8
78345.BMERY_0928,BMERY_0928,annotation&nbsp;not&nbsp;available,87.4
78345.BMERY_0619,rpsS,30S&nbsp;ribosomal&nbsp;protein&nbsp;S19,86.6
78345.BMERY_0991,rpoZ,DNA-directed&nbsp;RNA&nbsp;polymerase&nbsp;subunit&nbsp;omega,86.4
78345.BMERY_0623,rpmC,annotation&nbsp;not&nbsp;available,86.1
78345.BMERY_1512,leuC,3-isopropylmalate&nbsp;dehydratase&nbsp;large&nbsp;subunit,85.7
78345.BMERY_0630,rplF,50S&nbsp;ribosomal&nbsp;protein&nbsp;L6,85.0
78345.BMERY_0936,BMERY_0936,annotation&nbsp;not&nbsp;available,84.5
78345.BMERY_0097,rplT,50S&nbsp;ribosomal&nbsp;protein&nbsp;L20,84.2
78345.BMERY_0673,ruvB,Holliday&nbsp;junction&nbsp;ATP-dependent&nbsp;DNA&nbsp;helicase&nbsp;RuvB,83.3
78345.BMERY_1832,rpmG,annotation&nbsp;not&nbsp;available,82.9
78345.BMERY_1770,rpsP,annotation&nbsp;not&nbsp;available,81.9
78345.BMERY_1063,carB,annotation&nbsp;not&nbsp;available,80.3
78345.BMERY_1445,gatC,Aspartyl/glutamyl-tRNA(Asn/Gln)&nbsp;amidotransferase&nbsp;subunit&nbsp;C,79.8
78345.BMERY_0620,rplV,50S&nbsp;ribosomal&nbsp;protein&nbsp;L22,79.8
78345.BMERY_0729,trpB,Multifunctional&nbsp;fusion&nbsp;protein,79.2
78345.BMERY_0639,rpsM,30S&nbsp;ribosomal&nbsp;protein&nbsp;S13,79.0
78345.BMERY_0341,BMERY_0341,annotation&nbsp;not&nbsp;available,78.8
78345.BMERY_1202,BMERY_1202,annotation&nbsp;not&nbsp;available,78.7
78345.BMERY_1062,carA,annotation&nbsp;not&nbsp;available,78.3
78345.BMERY_1108,pheS,annotation&nbsp;not&nbsp;available,77.8
78345.BMERY_1301,rpoB,DNA-directed&nbsp;RNA&nbsp;polymerase&nbsp;subunit&nbsp;beta,77.1
78345.BMERY_1300,rpoC,DNA-directed&nbsp;RNA&nbsp;polymerase&nbsp;subunit&nbsp;beta',76.7
78345.BMERY_0628,rpsN,30S&nbsp;ribosomal&nbsp;protein&nbsp;S14&nbsp;type&nbsp;Z,76.5
78345.BMERY_1760,rpmF,annotation&nbsp;not&nbsp;available,76.4
78345.BMERY_1030,rpsL,30S&nbsp;ribosomal&nbsp;protein&nbsp;S12,76.3
78345.BMERY_1437,rpsR,30S&nbsp;ribosomal&nbsp;protein&nbsp;S18,75.5
78345.BMERY_1447,gatB,Aspartyl/glutamyl-tRNA(Asn/Gln)&nbsp;amidotransferase&nbsp;subunit&nbsp;B,75.2
78345.BMERY_0616,rplD,50S&nbsp;ribosomal&nbsp;protein&nbsp;L4,74.8
78345.BMERY_0602,BMERY_0602,annotation&nbsp;not&nbsp;available,74.5
78345.BMERY_0267,BMERY_0267,annotation&nbsp;not&nbsp;available,74.3
78345.BMERY_1446,gatA,Glutamyl-tRNA(Gln)&nbsp;amidotransferase&nbsp;subunit&nbsp;A,74.2
78345.BMERY_1831,groS,10&nbsp;kDa&nbsp;chaperonin,72.3
78345.BMERY_0740,tsf,Elongation&nbsp;factor&nbsp;Ts,72.2
78345.BMERY_1817,rplJ,50S&nbsp;ribosomal&nbsp;protein&nbsp;L10,71.0
78345.BMERY_1835,BMERY_1835,annotation&nbsp;not&nbsp;available,71.0
78345.BMERY_0001,purD,annotation&nbsp;not&nbsp;available,70.9
78345.BMERY_0356,BMERY_0356,annotation&nbsp;not&nbsp;available,70.7
78345.BMERY_0303,BMERY_0303,annotation&nbsp;not&nbsp;available,68.5
78345.BMERY_0621,rpsC,30S&nbsp;ribosomal&nbsp;protein&nbsp;S3,68.2
78345.BMERY_0634,rplO,50S&nbsp;ribosomal&nbsp;protein&nbsp;L15,68.0
78345.BMERY_1378,BMERY_1378,annotation&nbsp;not&nbsp;available,68.0
78345.BMERY_0633,rpmD,annotation&nbsp;not&nbsp;available,67.3
78345.BMERY_0618,rplB,50S&nbsp;ribosomal&nbsp;protein&nbsp;L2,67.1
78345.BMERY_0676,sucC,Succinate--CoA&nbsp;ligase&nbsp;[ADP-forming]&nbsp;subunit&nbsp;beta,67.1
78345.BMERY_0626,rplX,50S&nbsp;ribosomal&nbsp;protein&nbsp;L24,66.9
78345.BMERY_0937,BMERY_0937,annotation&nbsp;not&nbsp;available,66.8
78345.BMERY_1031,rpsG,30S&nbsp;ribosomal&nbsp;protein&nbsp;S7,65.9
78345.BMERY_1109,pheT,annotation&nbsp;not&nbsp;available,65.6
78345.BMERY_1469,atpD,ATP&nbsp;synthase&nbsp;subunit&nbsp;beta,65.4
78345.BMERY_0631,rplR,50S&nbsp;ribosomal&nbsp;protein&nbsp;L18,64.6
78345.BMERY_0266,pyrB,annotation&nbsp;not&nbsp;available,64.4
78345.BMERY_1818,rplL,50S&nbsp;ribosomal&nbsp;protein&nbsp;L7/L12,63.8
78345.BMERY_1033,tuf,Elongation&nbsp;factor&nbsp;Tu,63.4
78345.BMERY_0096,rpmI,annotation&nbsp;not&nbsp;available,63.0
78345.BMERY_0458,BMERY_0458,annotation&nbsp;not&nbsp;available,62.7
78345.BMERY_0757,BMERY_0757,annotation&nbsp;not&nbsp;available,62.2
78345.BMERY_0727,trpA,Tryptophan&nbsp;synthase&nbsp;alpha&nbsp;chain,62.1
78345.BMERY_1778,rpmB,annotation&nbsp;not&nbsp;available,61.8
78345.BMERY_0629,rpsH,30S&nbsp;ribosomal&nbsp;protein&nbsp;S8,61.3
78345.BMERY_0386,rpmH,annotation&nbsp;not&nbsp;available,60.8
78345.BMERY_1591,rpmE,50S&nbsp;ribosomal&nbsp;protein&nbsp;L31,60.1
78345.BMERY_0601,rplM,50S&nbsp;ribosomal&nbsp;protein&nbsp;L13,59.4
78345.BMERY_0614,rpsJ,30S&nbsp;ribosomal&nbsp;protein&nbsp;S10,59.1
78345.BMERY_0672,ruvA,Holliday&nbsp;junction&nbsp;ATP-dependent&nbsp;DNA&nbsp;helicase&nbsp;RuvA,58.7
78345.BMERY_1465,atpF,ATP&nbsp;synthase&nbsp;subunit&nbsp;b,58.7
78345.BMERY_0677,sucD,Succinate--CoA&nbsp;ligase&nbsp;[ADP-forming]&nbsp;subunit&nbsp;alpha,58.5
78345.BMERY_1435,rpsF,30S&nbsp;ribosomal&nbsp;protein&nbsp;S6,58.2
78345.BMERY_0112,BMERY_0112,annotation&nbsp;not&nbsp;available,57.2
78345.BMERY_1515,rpsO,30S&nbsp;ribosomal&nbsp;protein&nbsp;S15,56.3
78345.BMERY_0490,groL,60&nbsp;kDa&nbsp;chaperonin,55.7
78345.BMERY_0349,rpsT,30S&nbsp;ribosomal&nbsp;protein&nbsp;S20,55.7
78345.BMERY_0632,rpsE,30S&nbsp;ribosomal&nbsp;protein&nbsp;S5,55.6
78345.BMERY_0778,rpsD,30S&nbsp;ribosomal&nbsp;protein&nbsp;S4,54.7
78345.BMERY_1377,BMERY_1377,annotation&nbsp;not&nbsp;available,54.3
78345.BMERY_0741,rpsB,annotation&nbsp;not&nbsp;available,54.2
78345.BMERY_0679,purH,annotation&nbsp;not&nbsp;available,54.0
78345.BMERY_0625,rplN,50S&nbsp;ribosomal&nbsp;protein&nbsp;L14,53.7
78345.BMERY_0641,rpoA,DNA-directed&nbsp;RNA&nbsp;polymerase&nbsp;subunit&nbsp;alpha,53.6
78345.BMERY_1468,atpG,ATP&nbsp;synthase&nbsp;gamma&nbsp;chain,53.5
78345.BMERY_1438,rplI,50S&nbsp;ribosomal&nbsp;protein&nbsp;L9,52.8
78345.BMERY_0164,secA,Protein&nbsp;translocase&nbsp;subunit&nbsp;SecA,52.7
78345.BMERY_1502,secE,Protein&nbsp;translocase&nbsp;subunit&nbsp;SecE,51.7
78345.BMERY_1466,atpH,ATP&nbsp;synthase&nbsp;subunit&nbsp;delta,51.6
78345.BMERY_0627,rplE,50S&nbsp;ribosomal&nbsp;protein&nbsp;L5,51.5
78345.BMERY_0732,hisF,Imidazole&nbsp;glycerol&nbsp;phosphate&nbsp;synthase&nbsp;subunit&nbsp;HisF,51.1
