518635.BIFANG_02906,yajC,"Preprotein&nbsp;translocase,&nbsp;YajC&nbsp;subunit",98.1
518635.BIFANG_02967,pulA,"1,4-alpha-glucan&nbsp;branching&nbsp;enzyme",97.9
518635.BIFANG_02100,groL,60&nbsp;kDa&nbsp;chaperonin,97.6
518635.BIFANG_02365,atpE,ATP&nbsp;synthase&nbsp;subunit&nbsp;c,97.1
518635.BIFANG_02623,EEP21264.1,"KEGG:&nbsp;rha:RHA1_ro09047&nbsp;1.9e-43&nbsp;ABC&nbsp;peptide&nbsp;transporter,&nbsp;permease&nbsp;component&nbsp;&nbsp;K02033",96.8
518635.BIFANG_03539,rpsJ,30S&nbsp;ribosomal&nbsp;protein&nbsp;S10,96.7
518635.BIFANG_03669,pstS,Phosphate-binding&nbsp;protein&nbsp;PstS,96.6
518635.BIFANG_03448,gcvH,Glycine&nbsp;cleavage&nbsp;system&nbsp;H&nbsp;protein,96.4
518635.BIFANG_02404,rplK,50S&nbsp;ribosomal&nbsp;protein&nbsp;L11,95.5
518635.BIFANG_03613,rpmF,50S&nbsp;ribosomal&nbsp;protein&nbsp;L32,95.1
518635.BIFANG_03287,purT,Formate-dependent&nbsp;phosphoribosylglycinamide&nbsp;formyltransferase,95.0
518635.BIFANG_02905,ruvB,Holliday&nbsp;junction&nbsp;ATP-dependent&nbsp;DNA&nbsp;helicase&nbsp;RuvB,94.9
518635.BIFANG_02367,atpH,ATP&nbsp;synthase&nbsp;subunit&nbsp;delta,94.2
518635.BIFANG_02364,atpB,ATP&nbsp;synthase&nbsp;subunit&nbsp;a,94.2
518635.BIFANG_02621,EEP21262.1,"ABC&nbsp;transporter,&nbsp;substrate-binding&nbsp;protein,&nbsp;family&nbsp;5",93.9
518635.BIFANG_03528,rplN,50S&nbsp;ribosomal&nbsp;protein&nbsp;L14,93.7
518635.BIFANG_02741,EEP21381.1,"ABC&nbsp;transporter,&nbsp;ATP-binding&nbsp;protein",93.6
518635.BIFANG_03793,EEP20469.1,"ABC&nbsp;transporter,&nbsp;ATP-binding&nbsp;protein",93.5
518635.BIFANG_02248,EEP21852.1,"Membrane&nbsp;protein&nbsp;insertase,&nbsp;YidC/Oxa1&nbsp;family",93.0
518635.BIFANG_02436,metN,Methionine&nbsp;import&nbsp;ATP-binding&nbsp;protein&nbsp;MetN,92.9
518635.BIFANG_03415,rpoB,DNA-directed&nbsp;RNA&nbsp;polymerase&nbsp;subunit&nbsp;beta,92.8
518635.BIFANG_03531,rplP,50S&nbsp;ribosomal&nbsp;protein&nbsp;L16,92.4
518635.BIFANG_03394,xseA,Exodeoxyribonuclease&nbsp;7&nbsp;large&nbsp;subunit,92.3
518635.BIFANG_03611,ilvB,Acetolactate&nbsp;synthase,92.0
518635.BIFANG_02904,ruvA,Holliday&nbsp;junction&nbsp;ATP-dependent&nbsp;DNA&nbsp;helicase&nbsp;RuvA,91.4
518635.BIFANG_03790,EEP20466.1,Receptor&nbsp;family&nbsp;ligand-binding&nbsp;protein,91.3
518635.BIFANG_02029,EEP21912.1,KEGG:&nbsp;blo:BL0433&nbsp;1.0e-255&nbsp;glnD,91.2
518635.BIFANG_03535,rplB,50S&nbsp;ribosomal&nbsp;protein&nbsp;L2,91.0
518635.BIFANG_03445,leuB,3-isopropylmalate&nbsp;dehydrogenase,90.9
518635.BIFANG_03724,rpsO,30S&nbsp;ribosomal&nbsp;protein&nbsp;S15,90.9
518635.BIFANG_02437,EEP21081.1,"ABC&nbsp;transporter,&nbsp;permease&nbsp;protein",90.8
518635.BIFANG_02908,sucC,Succinate--CoA&nbsp;ligase&nbsp;[ADP-forming]&nbsp;subunit&nbsp;beta,90.6
518635.BIFANG_03610,ilvN,KEGG:&nbsp;blo:BL0297&nbsp;3.4e-83&nbsp;ilvN,89.8
518635.BIFANG_03534,rpsS,30S&nbsp;ribosomal&nbsp;protein&nbsp;S19,89.5
518635.BIFANG_02009,dnaX,KEGG:&nbsp;blo:BL0500&nbsp;1.6e-252&nbsp;dnaX,89.3
518635.BIFANG_02943,tsf,Elongation&nbsp;factor&nbsp;Ts,89.1
518635.BIFANG_02251,rpmH,50S&nbsp;ribosomal&nbsp;protein&nbsp;L34,89.0
518635.BIFANG_03511,rplQ,annotation&nbsp;not&nbsp;available,88.8
518635.BIFANG_02933,trpA,Tryptophan&nbsp;synthase&nbsp;alpha&nbsp;chain,88.6
518635.BIFANG_03527,rplX,50S&nbsp;ribosomal&nbsp;protein&nbsp;L24,87.6
518635.BIFANG_02624,EEP21265.1,"ABC&nbsp;transporter,&nbsp;permease&nbsp;protein",87.3
518635.BIFANG_02909,sucD,Succinate--CoA&nbsp;ligase&nbsp;[ADP-forming]&nbsp;subunit&nbsp;alpha,86.9
518635.BIFANG_03678,rplJ,50S&nbsp;ribosomal&nbsp;protein&nbsp;L10,86.4
518635.BIFANG_02405,rplA,50S&nbsp;ribosomal&nbsp;protein&nbsp;L1,86.4
518635.BIFANG_02350,EEP20997.1,Chorismate&nbsp;mutase,86.4
518635.BIFANG_02032,ftsY,Signal&nbsp;recognition&nbsp;particle&nbsp;receptor&nbsp;FtsY,86.0
518635.BIFANG_02589,carA,KEGG:&nbsp;blo:BL0067&nbsp;2.8e-191&nbsp;carA,85.1
518635.BIFANG_03720,leuC,3-isopropylmalate&nbsp;dehydratase&nbsp;large&nbsp;subunit,85.0
518635.BIFANG_03520,rpmD,annotation&nbsp;not&nbsp;available,84.5
518635.BIFANG_02880,EEP21515.1,Pyridine&nbsp;nucleotide-disulfide&nbsp;oxidoreductase,84.1
518635.BIFANG_03414,rpoC,DNA-directed&nbsp;RNA&nbsp;polymerase&nbsp;subunit&nbsp;beta',82.2
518635.BIFANG_03689,groS,10&nbsp;kDa&nbsp;chaperonin,82.0
518635.BIFANG_03791,EEP20467.1,KEGG:&nbsp;fal:FRAAL2623&nbsp;7.0e-22&nbsp;hypothetical&nbsp;protein,81.4
518635.BIFANG_02196,glgP,"Alpha-1,4&nbsp;glucan&nbsp;phosphorylase",80.9
518635.BIFANG_03523,rplF,50S&nbsp;ribosomal&nbsp;protein&nbsp;L6,80.5
518635.BIFANG_03067,EEP21698.1,KEGG:&nbsp;blo:BL0938&nbsp;1.6e-259&nbsp;sdhA,80.2
518635.BIFANG_02341,gatC,Aspartyl/glutamyl-tRNA(Asn/Gln)&nbsp;amidotransferase&nbsp;subunit&nbsp;C,80.1
518635.BIFANG_03679,rplL,50S&nbsp;ribosomal&nbsp;protein&nbsp;L7/L12,79.6
518635.BIFANG_02493,EEP21136.1,"ABC&nbsp;transporter,&nbsp;permease&nbsp;protein",79.6
518635.BIFANG_02495,EEP21138.1,"KEGG:&nbsp;fal:FRAAL4086&nbsp;1.3e-44&nbsp;putative&nbsp;oligopeptide&nbsp;transport&nbsp;protein&nbsp;(ABC&nbsp;superfamily,&nbsp;atp_bind)",79.6
518635.BIFANG_03794,EEP20470.1,"ABC&nbsp;transporter,&nbsp;ATP-binding&nbsp;protein",79.6
518635.BIFANG_02402,secE,Protein&nbsp;translocase&nbsp;subunit&nbsp;SecE,79.5
518635.BIFANG_02164,EEP21773.1,Pyridine&nbsp;nucleotide-disulfide&nbsp;oxidoreductase,79.3
518635.BIFANG_03530,rpmC,50S&nbsp;ribosomal&nbsp;protein&nbsp;L29,78.7
518635.BIFANG_02557,tuf,Elongation&nbsp;factor&nbsp;Tu,78.5
518635.BIFANG_03551,rplM,50S&nbsp;ribosomal&nbsp;protein&nbsp;L13,78.5
518635.BIFANG_02253,dnaN,Beta&nbsp;sliding&nbsp;clamp,78.2
518635.BIFANG_03537,rplD,50S&nbsp;ribosomal&nbsp;protein&nbsp;L4,78.1
518635.BIFANG_03671,pstA,Phosphate&nbsp;transport&nbsp;system&nbsp;permease&nbsp;protein&nbsp;PstA,78.0
518635.BIFANG_02617,EEP21258.1,KEGG:&nbsp;blo:BL0127&nbsp;0.&nbsp;dnaE,77.9
518635.BIFANG_02228,EEP21833.1,Glutamate&nbsp;dehydrogenase,77.7
518635.BIFANG_03600,rpsP,30S&nbsp;ribosomal&nbsp;protein&nbsp;S16,77.5
518635.BIFANG_02328,rpsF,30S&nbsp;ribosomal&nbsp;protein&nbsp;S6,77.5
518635.BIFANG_02874,EEP21509.1,"Oxidoreductase,&nbsp;short&nbsp;chain&nbsp;dehydrogenase/reductase&nbsp;family&nbsp;protein",77.4
518635.BIFANG_03521,rpsE,30S&nbsp;ribosomal&nbsp;protein&nbsp;S5,77.0
518635.BIFANG_03247,lpdA,Dihydrolipoyl&nbsp;dehydrogenase,76.6
518635.BIFANG_03130,polA,DNA&nbsp;polymerase&nbsp;I,76.6
518635.BIFANG_03792,EEP20468.1,"Branched-chain&nbsp;amino&nbsp;acid&nbsp;ABC&nbsp;transporter,&nbsp;permease&nbsp;protein",75.6
518635.BIFANG_02655,EEP21296.1,"Aminotransferase,&nbsp;class&nbsp;V",75.6
518635.BIFANG_02646,rpmI,annotation&nbsp;not&nbsp;available,75.4
518635.BIFANG_02984,EEP21615.1,DNA&nbsp;helicase,74.8
518635.BIFANG_02647,rplT,50S&nbsp;ribosomal&nbsp;protein&nbsp;L20,74.6
518635.BIFANG_02978,rpsD,30S&nbsp;ribosomal&nbsp;protein&nbsp;S4,74.5
518635.BIFANG_03522,rplR,50S&nbsp;ribosomal&nbsp;protein&nbsp;L18,74.5
518635.BIFANG_03670,pstC,Phosphate&nbsp;transport&nbsp;system&nbsp;permease&nbsp;protein,74.2
518635.BIFANG_03722,leuD,3-isopropylmalate&nbsp;dehydratase&nbsp;small&nbsp;subunit,73.5
518635.BIFANG_02944,rpsB,30S&nbsp;ribosomal&nbsp;protein&nbsp;S2,73.4
518635.BIFANG_03658,pdxT,Pyridoxal&nbsp;5'-phosphate&nbsp;synthase&nbsp;subunit&nbsp;PdxT,73.3
518635.BIFANG_02828,secG,"Preprotein&nbsp;translocase,&nbsp;SecG&nbsp;subunit",72.3
518635.BIFANG_02878,EEP21513.1,Class&nbsp;II&nbsp;glutamine&nbsp;amidotransferase,72.1
518635.BIFANG_02397,rpmA,annotation&nbsp;not&nbsp;available,72.0
518635.BIFANG_02030,EEP21913.1,Nitrogen&nbsp;regulatory&nbsp;protein&nbsp;P-II,71.9
518635.BIFANG_02961,EEP21592.1,"SUF&nbsp;system&nbsp;FeS&nbsp;assembly&nbsp;protein,&nbsp;NifU&nbsp;family",71.3
518635.BIFANG_03693,rpmG,50S&nbsp;ribosomal&nbsp;protein&nbsp;L33,71.0
518635.BIFANG_02555,rpsG,30S&nbsp;ribosomal&nbsp;protein&nbsp;S7,70.0
518635.BIFANG_03628,rplS,50S&nbsp;ribosomal&nbsp;protein&nbsp;L19,69.7
518635.BIFANG_02937,hisF,Imidazole&nbsp;glycerol&nbsp;phosphate&nbsp;synthase&nbsp;subunit&nbsp;HisF,69.7
518635.BIFANG_02799,pyrB,KEGG:&nbsp;blo:BL0794&nbsp;1.4e-155&nbsp;pyrB,69.5
518635.BIFANG_02331,rplI,50S&nbsp;ribosomal&nbsp;protein&nbsp;L9,69.4
518635.BIFANG_03513,rpsK,30S&nbsp;ribosomal&nbsp;protein&nbsp;S11,69.2
518635.BIFANG_03538,rplC,50S&nbsp;ribosomal&nbsp;protein&nbsp;L3,69.1
518635.BIFANG_03701,EEP20380.1,"DNA&nbsp;polymerase&nbsp;III,&nbsp;delta'&nbsp;subunit",69.1
518635.BIFANG_02668,EEP21309.1,Putative&nbsp;phosphonate&nbsp;C-P&nbsp;lyase&nbsp;system&nbsp;protein&nbsp;PhnK,69.0
518635.BIFANG_03515,rpmJ,50S&nbsp;ribosomal&nbsp;protein&nbsp;L36,68.7
518635.BIFANG_03657,pdxS,Pyridoxal&nbsp;5'-phosphate&nbsp;synthase&nbsp;subunit&nbsp;PdxS,68.5
518635.BIFANG_03240,pheS,Phenylalanine--tRNA&nbsp;ligase&nbsp;alpha&nbsp;subunit,68.4
518635.BIFANG_02703,secA,Protein&nbsp;translocase&nbsp;subunit&nbsp;SecA,68.0
518635.BIFANG_02894,EEP21529.1,"KEGG:&nbsp;blo:BL1454&nbsp;2.5e-110&nbsp;putative&nbsp;DNA&nbsp;polymerase&nbsp;III,&nbsp;delta&nbsp;subunit&nbsp;&nbsp;K02340",67.9
518635.BIFANG_03532,rpsC,30S&nbsp;ribosomal&nbsp;protein&nbsp;S3,67.7
518635.BIFANG_02330,rpsR,30S&nbsp;ribosomal&nbsp;protein&nbsp;S18,67.0
518635.BIFANG_03602,ffh,Signal&nbsp;recognition&nbsp;particle&nbsp;protein,66.3
518635.BIFANG_02513,rpoZ,DNA-directed&nbsp;RNA&nbsp;polymerase&nbsp;subunit&nbsp;omega,65.8
518635.BIFANG_02740,EEP21380.1,"ABC&nbsp;transporter,&nbsp;permease&nbsp;protein",65.6
518635.BIFANG_02870,rpsT,30S&nbsp;ribosomal&nbsp;protein&nbsp;S20,65.3
518635.BIFANG_03239,pheT,Phenylalanine--tRNA&nbsp;ligase&nbsp;beta&nbsp;subunit,65.0
518635.BIFANG_03138,EEP20866.1,Putative&nbsp;ribosomal&nbsp;protein&nbsp;S1,64.7
518635.BIFANG_02847,EEP21482.1,KEGG:&nbsp;blo:BL0857&nbsp;5.6e-170&nbsp;pntA,64.3
518635.BIFANG_02369,atpG,ATP&nbsp;synthase&nbsp;gamma&nbsp;chain,64.2
518635.BIFANG_03579,EEP20493.1,MaoC-like&nbsp;protein,64.0
518635.BIFANG_02343,gatB,Aspartyl/glutamyl-tRNA(Asn/Gln)&nbsp;amidotransferase&nbsp;subunit&nbsp;B,64.0
518635.BIFANG_02590,carB,KEGG:&nbsp;blo:BL0068&nbsp;0.&nbsp;carB,63.8
518635.BIFANG_03672,pstB,Phosphate&nbsp;import&nbsp;ATP-binding&nbsp;protein&nbsp;PstB,63.5
518635.BIFANG_03536,rplW,50S&nbsp;ribosomal&nbsp;protein&nbsp;L23,63.3
518635.BIFANG_03395,xseB,Exodeoxyribonuclease&nbsp;7&nbsp;small&nbsp;subunit,63.2
518635.BIFANG_02371,atpC,ATP&nbsp;synthase&nbsp;epsilon&nbsp;chain,62.9
518635.BIFANG_02342,gatA,Glutamyl-tRNA(Gln)&nbsp;amidotransferase&nbsp;subunit&nbsp;A,62.5
518635.BIFANG_03524,rpsH,30S&nbsp;ribosomal&nbsp;protein&nbsp;S8,62.0
518635.BIFANG_03787,rpmE,50S&nbsp;ribosomal&nbsp;protein&nbsp;L31,61.9
518635.BIFANG_02554,rpsL,30S&nbsp;ribosomal&nbsp;protein&nbsp;S12,61.4
518635.BIFANG_03457,EEP20530.1,"Exonuclease,&nbsp;DNA&nbsp;polymerase&nbsp;III,&nbsp;epsilon&nbsp;subunit&nbsp;family",61.3
518635.BIFANG_02491,EEP21134.1,"ABC&nbsp;transporter,&nbsp;substrate-binding&nbsp;protein,&nbsp;family&nbsp;5",61.3
518635.BIFANG_02934,trpB,Multifunctional&nbsp;fusion&nbsp;protein,61.3
518635.BIFANG_02368,atpA,ATP&nbsp;synthase&nbsp;subunit&nbsp;alpha,61.2
518635.BIFANG_03525,rpsN,30S&nbsp;ribosomal&nbsp;protein&nbsp;S14&nbsp;type&nbsp;Z,60.7
518635.BIFANG_02866,ctc,50S&nbsp;ribosomal&nbsp;protein&nbsp;L25,60.6
518635.BIFANG_03592,rpmB,annotation&nbsp;not&nbsp;available,60.4
518635.BIFANG_02800,pyrI,"Aspartate&nbsp;carbamoyltransferase&nbsp;regulatory&nbsp;chain,&nbsp;allosteric&nbsp;domain&nbsp;protein",59.9
518635.BIFANG_03550,rpsI,30S&nbsp;ribosomal&nbsp;protein&nbsp;S9,59.6
518635.BIFANG_02492,EEP21135.1,"KEGG:&nbsp;rha:RHA1_ro09047&nbsp;4.3e-37&nbsp;ABC&nbsp;peptide&nbsp;transporter,&nbsp;permease&nbsp;component&nbsp;&nbsp;K02033",58.8
518635.BIFANG_02564,hisH,Imidazole&nbsp;glycerol&nbsp;phosphate&nbsp;synthase&nbsp;subunit&nbsp;HisH,58.8
518635.BIFANG_03495,EEP20563.1,"Phosphotransferase&nbsp;system,&nbsp;EIIC",58.8
518635.BIFANG_03514,rpsM,30S&nbsp;ribosomal&nbsp;protein&nbsp;S13,58.3
518635.BIFANG_03494,EEP20562.1,PRD&nbsp;domain&nbsp;protein,57.4
518635.BIFANG_02849,EEP21484.1,NAD(P)&nbsp;transhydrogenase&nbsp;subunit&nbsp;beta,57.0
518635.BIFANG_02370,atpD,ATP&nbsp;synthase&nbsp;subunit&nbsp;beta,56.1
518635.BIFANG_03512,rpoA,DNA-directed&nbsp;RNA&nbsp;polymerase&nbsp;subunit&nbsp;alpha,56.0
518635.BIFANG_02911,purH,KEGG:&nbsp;blo:BL0735&nbsp;2.7e-248&nbsp;purH,55.6
518635.BIFANG_02574,EEP21216.1,"Penicillin-binding&nbsp;protein,&nbsp;transpeptidase&nbsp;domain&nbsp;protein",55.2
518635.BIFANG_02396,rplU,50S&nbsp;ribosomal&nbsp;protein&nbsp;L21,54.6
518635.BIFANG_02187,pbpA,Penicillin-binding&nbsp;protein&nbsp;A,54.2
518635.BIFANG_03533,rplV,50S&nbsp;ribosomal&nbsp;protein&nbsp;L22,53.8
518635.BIFANG_03529,rpsQ,30S&nbsp;ribosomal&nbsp;protein&nbsp;S17,53.7
518635.BIFANG_03518,secY,Protein&nbsp;translocase&nbsp;subunit&nbsp;SecY,53.1
518635.BIFANG_02659,EEP21300.1,Prephenate&nbsp;dehydratase,53.0
518635.BIFANG_02879,EEP21514.1,Uncharacterized&nbsp;protein,52.8
518635.BIFANG_02452,EEP21096.1,DNA&nbsp;helicase,52.7
518635.BIFANG_02848,EEP21483.1,Uncharacterized&nbsp;protein,52.6
518635.BIFANG_02366,atpF,ATP&nbsp;synthase&nbsp;subunit&nbsp;b,52.5
518635.BIFANG_03068,EEP21699.1,Succinate&nbsp;dehydrogenase&nbsp;iron-sulfur&nbsp;subunit,52.1
518635.BIFANG_03519,rplO,50S&nbsp;ribosomal&nbsp;protein&nbsp;L15,51.9
518635.BIFANG_03526,rplE,50S&nbsp;ribosomal&nbsp;protein&nbsp;L5,51.5
