203907.Bfl200,rpsQ,30S&nbsp;ribosomal&nbsp;protein&nbsp;S17,98.5
203907.Bfl115,dnaJ,Chaperone&nbsp;protein&nbsp;DnaJ,98.4
203907.Bfl292,accB,Biotin&nbsp;carboxyl&nbsp;carrier&nbsp;protein&nbsp;of&nbsp;acetyl-CoA&nbsp;carboxylase,97.9
203907.Bfl122,carA,Carbamoyl-phosphate&nbsp;synthase&nbsp;small&nbsp;chain,97.9
203907.Bfl005,atpH,ATP&nbsp;synthase&nbsp;subunit&nbsp;delta,97.6
203907.Bfl206,rplF,50S&nbsp;ribosomal&nbsp;protein&nbsp;L6,97.3
203907.Bfl086,rpsR,30S&nbsp;ribosomal&nbsp;protein&nbsp;S18,97.3
203907.Bfl121,dapB,4-hydroxy-tetrahydrodipicolinate&nbsp;reductase,97.0
203907.Bfl619,polA,DNA&nbsp;polymerase&nbsp;I,96.9
203907.Bfl361,sufD,Required&nbsp;for&nbsp;stability&nbsp;of&nbsp;iron-sulfur&nbsp;component&nbsp;of&nbsp;FhuF,96.9
203907.Bfl103,nusA,Transcription&nbsp;termination/antitermination&nbsp;protein&nbsp;NusA,96.9
203907.Bfl557,rpoB,DNA-directed&nbsp;RNA&nbsp;polymerase&nbsp;subunit&nbsp;beta,96.5
203907.Bfl210,rplO,50S&nbsp;ribosomal&nbsp;protein&nbsp;L15,96.2
203907.Bfl058,rpsU,30S&nbsp;ribosomal&nbsp;protein&nbsp;S21,96.1
203907.Bfl572,aroK,Shikimate&nbsp;kinase,95.8
203907.Bfl620,yigC,3-octaprenyl-4-hydroxybenzoate&nbsp;carboxy-lyase,95.6
203907.Bfl123,carB,Carbamoyl-phosphate&nbsp;synthase&nbsp;large&nbsp;chain,95.4
203907.Bfl429,trpC,N-(5'-phosphoribosyl)anthranilate&nbsp;isomerase,95.4
203907.Bfl020,glyQ,Glycine--tRNA&nbsp;ligase&nbsp;alpha&nbsp;subunit,95.3
203907.Bfl057,dnaG,DNA&nbsp;primase,95.1
203907.Bfl612,rpmB,50S&nbsp;ribosomal&nbsp;protein&nbsp;L28,95.0
203907.Bfl443,pabB,Para-aminobenzoate&nbsp;synthase&nbsp;component&nbsp;I,94.8
203907.Bfl016,dnaN,Beta&nbsp;sliding&nbsp;clamp,94.7
203907.Bfl560,rplA,50S&nbsp;ribosomal&nbsp;protein&nbsp;L1,94.6
203907.Bfl395,lolD,Lipoprotein-releasing&nbsp;system&nbsp;ATP-binding&nbsp;protein&nbsp;LolD,94.6
203907.Bfl514,cysP,Thiosulphate-binding&nbsp;protein,94.5
203907.Bfl488,nuoG,NADH-quinone&nbsp;oxidoreductase&nbsp;subunit&nbsp;G,94.1
203907.Bfl330,sdhB,Succinate&nbsp;dehydrogenase&nbsp;iron-sulfur&nbsp;protein,94.1
203907.Bfl587,trxA,Thioredoxin,93.9
203907.Bfl524,ureB,Urease&nbsp;subunit&nbsp;beta,93.8
203907.Bfl533,ndk,Nucleoside&nbsp;diphosphate&nbsp;kinase,93.7
203907.Bfl192,rplD,50S&nbsp;ribosomal&nbsp;protein&nbsp;L4,93.6
203907.Bfl225,dnaQ,DNA&nbsp;polymerase&nbsp;III&nbsp;subunit&nbsp;epsilon,93.6
203907.Bfl268,recB,RecBCD&nbsp;enzyme&nbsp;subunit&nbsp;RecB,93.6
203907.Bfl380,rpsA,30S&nbsp;ribosomal&nbsp;protein&nbsp;S1,93.2
203907.Bfl291,accC,"Acetyl&nbsp;CoA&nbsp;carboxylase,&nbsp;biotin&nbsp;carboxylase&nbsp;subunit",93.1
203907.Bfl593,ilvG,Acetolactate&nbsp;synthase,92.8
203907.Bfl426,trpE,Anthranilate&nbsp;synthase&nbsp;component&nbsp;1,92.8
203907.Bfl110,holD,DNA&nbsp;polymerase&nbsp;III&nbsp;subunit&nbsp;psi,92.8
203907.Bfl271,rpsB,30S&nbsp;ribosomal&nbsp;protein&nbsp;S2,92.6
203907.Bfl627,ftsY,Cell&nbsp;division&nbsp;protein&nbsp;FtsY,92.6
203907.Bfl162,cysD,Sulfate&nbsp;adenylyltransferase,92.5
203907.Bfl111,thrA,Aspartokinase&nbsp;I/homoserine&nbsp;dehydrogenase&nbsp;I,92.4
203907.Bfl400,holB,"DNA&nbsp;polymerase&nbsp;III,&nbsp;delta&nbsp;prime&nbsp;subunit",92.4
203907.Bfl133,leuA,2-isopropylmalate&nbsp;synthase,92.3
203907.Bfl008,atpD,ATP&nbsp;synthase&nbsp;subunit&nbsp;beta,92.3
203907.Bfl130,leuD,3-isopropylmalate&nbsp;dehydratase&nbsp;small&nbsp;subunit,92.2
203907.Bfl107,rpsO,30S&nbsp;ribosomal&nbsp;protein&nbsp;S15,92.1
203907.Bfl281,lpxD,UDP-3-O-(3-hydroxymyristoyl)glucosamine&nbsp;N-acyltransferase,91.5
203907.Bfl394,lolE,ABC&nbsp;transporter&nbsp;integral&nbsp;membrane&nbsp;subunit,91.3
203907.Bfl558,rplL,50S&nbsp;ribosomal&nbsp;protein&nbsp;L7/L12,90.9
203907.Bfl425,ribA,GTP&nbsp;cyclohydrolase-2,90.5
203907.Bfl332,sucB,Dihydrolipoyllysine-residue&nbsp;succinyltransferase&nbsp;component&nbsp;of&nbsp;2-oxoglutarate&nbsp;dehydrogenase&nbsp;complex,90.4
203907.Bfl522,ureF,Urease&nbsp;accessory&nbsp;protein&nbsp;UreF,90.3
203907.Bfl338,tolB,Protein&nbsp;TolB,90.2
203907.Bfl489,nuoF,NADH-quinone&nbsp;oxidoreductase&nbsp;subunit&nbsp;F,90.0
203907.Bfl159,cysI,Sulfite&nbsp;reductase&nbsp;[NADPH]&nbsp;hemoprotein&nbsp;beta-component,89.4
203907.Bfl567,rpsL,30S&nbsp;ribosomal&nbsp;protein&nbsp;S12,89.1
203907.Bfl353,rpmI,50S&nbsp;ribosomal&nbsp;protein&nbsp;L35,88.8
203907.Bfl610,kdtA,3-deoxy-D-manno-octulosonic-acid&nbsp;transferase,88.7
203907.Bfl509,ptsH,Phosphocarrier&nbsp;protein&nbsp;HPr,88.5
203907.Bfl445,manX,"PTS&nbsp;system,&nbsp;mannose-specific&nbsp;IIAB&nbsp;component",88.4
203907.Bfl405,fabD,Malonyl&nbsp;CoA-acyl&nbsp;carrier&nbsp;protein&nbsp;transacylase,88.1
203907.Bfl592,ilvM,"Acetolactate&nbsp;synthase&nbsp;II,&nbsp;small&nbsp;subunit",87.9
203907.Bfl513,cysU,Sulphate&nbsp;transport&nbsp;system&nbsp;permease&nbsp;protein&nbsp;CysU,87.8
203907.Bfl609,rfaC,Lipopolysaccharide&nbsp;heptosyltransferase&nbsp;I,87.6
203907.Bfl178,tyrA,T-protein,87.6
203907.Bfl093,rplU,50S&nbsp;ribosomal&nbsp;protein&nbsp;L21,87.4
203907.Bfl359,sufB,"ABC&nbsp;transporter&nbsp;sufB&nbsp;involved&nbsp;in&nbsp;Fe-S&nbsp;cluster&nbsp;assembly,&nbsp;permease&nbsp;compound",87.2
203907.Bfl387,trxB,Thioredoxin&nbsp;reductase,86.9
203907.Bfl354,rplT,50S&nbsp;ribosomal&nbsp;protein&nbsp;L20,86.8
203907.Bfl070,mopB,10&nbsp;kDa&nbsp;chaperonin,86.8
203907.Bfl071,mopA,60&nbsp;kDa&nbsp;chaperonin,86.8
203907.Bfl279,yaeT,Outer&nbsp;membrane&nbsp;protein&nbsp;assembly&nbsp;factor&nbsp;BamA,86.6
203907.Bfl447,manZ,"Phosphotransferase&nbsp;enzyme&nbsp;II,&nbsp;D&nbsp;component",86.5
203907.Bfl172,ffh,"4.5S-RNP&nbsp;protein,&nbsp;GTP&nbsp;binding&nbsp;export&nbsp;factor,&nbsp;part&nbsp;of&nbsp;signal&nbsp;recognition&nbsp;particle&nbsp;with&nbsp;4.5&nbsp;RNA",86.3
203907.Bfl214,rpsK,30S&nbsp;ribosomal&nbsp;protein&nbsp;S11,86.0
203907.Bfl272,tsf,Elongation&nbsp;factor&nbsp;Ts,85.9
203907.Bfl131,leuC,3-isopropylmalate&nbsp;dehydratase&nbsp;large&nbsp;subunit,85.1
203907.Bfl233,secF,Protein-export&nbsp;membrane&nbsp;protein&nbsp;SecF,84.8
203907.Bfl312,rlpB,LPS-assembly&nbsp;lipoprotein&nbsp;LptE,84.7
203907.Bfl085,rpsF,30S&nbsp;ribosomal&nbsp;protein&nbsp;S6,84.2
203907.Bfl286,dnaE,DNA-directed&nbsp;DNA&nbsp;polymerase,84.1
203907.Bfl060,ygiH,Glycerol-3-phosphate&nbsp;acyltransferase,83.8
203907.Bfl050,rpsI,30S&nbsp;ribosomal&nbsp;protein&nbsp;S9,83.6
203907.Bfl424,fabI,Enoyl-[acyl-carrier-protein]&nbsp;reductase&nbsp;[NADH],83.3
203907.Bfl329,sdhA,Succinate&nbsp;dehydrogenase&nbsp;flavoprotein&nbsp;subunit,82.9
203907.Bfl450,pykA,Pyruvate&nbsp;kinase,82.9
203907.Bfl617,rpoZ,DNA-directed&nbsp;RNA&nbsp;polymerase&nbsp;subunit&nbsp;omega,82.2
203907.Bfl507,lig,DNA&nbsp;ligase,82.2
203907.Bfl132,leuB,3-isopropylmalate&nbsp;dehydrogenase,82.1
203907.Bfl464,hisC,Histidinol-phosphate&nbsp;aminotransferase,82.1
203907.Bfl408,rpmF,50S&nbsp;ribosomal&nbsp;protein&nbsp;L32,82.1
203907.Bfl202,rplX,50S&nbsp;ribosomal&nbsp;protein&nbsp;L24,82.1
203907.Bfl231,yajC,Preprotein&nbsp;translocase&nbsp;YajC&nbsp;subunit,81.7
203907.Bfl114,dnaK,Chaperone&nbsp;protein&nbsp;DnaK,81.7
203907.Bfl203,rplE,50S&nbsp;ribosomal&nbsp;protein&nbsp;L5,81.4
203907.Bfl198,rplP,50S&nbsp;ribosomal&nbsp;protein&nbsp;L16,81.0
203907.Bfl042,yhbG,"Probable&nbsp;ABC&nbsp;transport&nbsp;protein,&nbsp;ATP-binding&nbsp;component",81.0
203907.Bfl049,rplM,50S&nbsp;ribosomal&nbsp;protein&nbsp;L13,80.9
203907.Bfl418,yccK,Sulfurtransferase,80.7
203907.Bfl611,rpmG,50S&nbsp;ribosomal&nbsp;protein&nbsp;L33,80.3
203907.Bfl446,manY,"Phosphotransferase&nbsp;enzyme&nbsp;II,&nbsp;C&nbsp;component",80.0
203907.Bfl201,rplN,50S&nbsp;ribosomal&nbsp;protein&nbsp;L14,80.0
203907.Bfl164,cysC,Adenylyl-sulfate&nbsp;kinase,79.5
203907.Bfl403,acpP,Acyl&nbsp;carrier&nbsp;protein,79.4
203907.Bfl492,nuoB,NADH-quinone&nbsp;oxidoreductase&nbsp;subunit&nbsp;B,79.2
203907.Bfl207,rplR,50S&nbsp;ribosomal&nbsp;protein&nbsp;L18,79.1
203907.Bfl034,holC,"DNA&nbsp;polymerase&nbsp;III,&nbsp;chi&nbsp;subunit",78.8
203907.Bfl556,rpoC,DNA-directed&nbsp;RNA&nbsp;polymerase&nbsp;subunit&nbsp;beta',78.6
203907.Bfl190,rpsJ,30S&nbsp;ribosomal&nbsp;protein&nbsp;S10,78.5
203907.Bfl219,def,Peptide&nbsp;deformylase,78.4
203907.Bfl493,nuoA,NADH-quinone&nbsp;oxidoreductase&nbsp;subunit&nbsp;A,78.0
203907.Bfl311,holA,"DNA&nbsp;polymerase&nbsp;III,&nbsp;delta&nbsp;subunit",77.9
203907.Bfl534,nifS,Cysteine&nbsp;desulfurase&nbsp;IscS,77.6
203907.Bfl153,aceE,Pyruvate&nbsp;dehydrogenase&nbsp;E1&nbsp;component,77.0
203907.Bfl476,gyrA,DNA&nbsp;gyrase&nbsp;subunit&nbsp;A,76.8
203907.Bfl002,atpB,ATP&nbsp;synthase&nbsp;subunit&nbsp;a,76.7
203907.Bfl116,rpsT,30S&nbsp;ribosomal&nbsp;protein&nbsp;S20,76.3
203907.Bfl442,yeaZ,Peptidase&nbsp;M22&nbsp;Glycoprotease,76.3
203907.Bfl287,accA,Acetyl-coenzyme&nbsp;A&nbsp;carboxylase&nbsp;carboxyl&nbsp;transferase&nbsp;subunit&nbsp;alpha,76.0
203907.Bfl205,rpsH,30S&nbsp;ribosomal&nbsp;protein&nbsp;S8,75.9
203907.Bfl601,tpiA,Triosephosphate&nbsp;isomerase,75.9
203907.Bfl213,rpsM,30S&nbsp;ribosomal&nbsp;protein&nbsp;S13,75.8
203907.Bfl208,rpsE,30S&nbsp;ribosomal&nbsp;protein&nbsp;S5,75.8
203907.Bfl224,rnhA,Ribonuclease&nbsp;H,75.5
203907.Bfl007,atpG,ATP&nbsp;synthase&nbsp;gamma&nbsp;chain,75.4
203907.Bfl381,cmk,Cytidylate&nbsp;kinase,75.2
203907.Bfl239,thiI,tRNA&nbsp;sulfurtransferase,75.2
203907.Bfl485,nuoJ,NADH&nbsp;dehydrogenase&nbsp;I&nbsp;chain&nbsp;J,75.0
203907.Bfl036,yjgP,Putative&nbsp;inner&nbsp;membrane&nbsp;protein&nbsp;predicted&nbsp;permease,74.4
203907.Bfl468,hisF,Imidazole&nbsp;glycerol&nbsp;phosphate&nbsp;synthase&nbsp;subunit&nbsp;HisF,74.2
203907.Bfl108,pnp,Polyribonucleotide&nbsp;nucleotidyltransferase,74.2
203907.Bfl129,imp,LPS-assembly&nbsp;protein&nbsp;LptD,74.2
203907.Bfl117,ribF,Riboflavin&nbsp;biosynthesis&nbsp;protein,74.1
203907.Bfl094,rpmA,50S&nbsp;ribosomal&nbsp;protein&nbsp;L27,73.9
203907.Bfl407,plsX,Phosphate&nbsp;acyltransferase,73.5
203907.Bfl244,cyoB,Cytochrome&nbsp;o&nbsp;ubiquinol&nbsp;oxidase&nbsp;subunit&nbsp;I,73.5
203907.Bfl241,cyoE,Protoheme&nbsp;IX&nbsp;farnesyltransferase,73.4
203907.Bfl088,cysQ,CysQ&nbsp;protein,72.2
203907.Bfl482,nuoM,NADH&nbsp;dehydrogenase&nbsp;I&nbsp;chain&nbsp;M,72.1
203907.Bfl538,acpS,Holo-[acyl-carrier-protein]&nbsp;synthase,71.9
203907.Bfl481,nuoN,NADH-quinone&nbsp;oxidoreductase&nbsp;subunit&nbsp;N,71.8
203907.Bfl333,sucC,Succinate--CoA&nbsp;ligase&nbsp;[ADP-forming]&nbsp;subunit&nbsp;beta,71.6
203907.Bfl056,rpoD,RNA&nbsp;polymerase&nbsp;sigma&nbsp;factor&nbsp;RpoD,71.3
203907.Bfl599,rpmE,50S&nbsp;ribosomal&nbsp;protein&nbsp;L31,71.1
203907.Bfl191,rplC,50S&nbsp;ribosomal&nbsp;protein&nbsp;L3,71.0
203907.Bfl177,aroF,Phospho-2-dehydro-3-deoxyheptonate&nbsp;aldolase,70.9
203907.Bfl430,trpB,Tryptophan&nbsp;synthase&nbsp;beta&nbsp;chain,70.7
203907.Bfl483,nuoL,NADH&nbsp;dehydrogenase&nbsp;I&nbsp;chain&nbsp;L,70.5
203907.Bfl273,pyrH,Uridylate&nbsp;kinase,70.5
203907.Bfl473,rplY,50S&nbsp;ribosomal&nbsp;protein&nbsp;L25,70.5
203907.Bfl001,gidA,tRNA&nbsp;uridine&nbsp;5-carboxymethylaminomethyl&nbsp;modification&nbsp;enzyme&nbsp;MnmG,70.0
203907.Bfl004,atpF,ATP&nbsp;synthase&nbsp;subunit&nbsp;b,69.7
203907.Bfl327,sdhC,Succinate&nbsp;dehydrogenase&nbsp;cytochrome&nbsp;b-556&nbsp;subunit,69.3
203907.Bfl151,lpdA,Dihydrolipoyl&nbsp;dehydrogenase,69.1
203907.Bfl012,yidC,Membrane&nbsp;protein&nbsp;insertase&nbsp;YidC,69.0
203907.Bfl466,hisH,Imidazole&nbsp;glycerol&nbsp;phosphate&nbsp;synthase&nbsp;subunit&nbsp;HisH,68.9
203907.Bfl561,rplK,50S&nbsp;ribosomal&nbsp;protein&nbsp;L11,68.8
203907.Bfl568,pabA,"Para-aminobenzoate&nbsp;synthase,&nbsp;glutamine&nbsp;amidotransferase&nbsp;component&nbsp;II",68.7
203907.Bfl232,secD,Protein&nbsp;translocase&nbsp;subunit&nbsp;SecD,68.4
203907.Bfl301,dnaX,DNA&nbsp;polymerase&nbsp;III&nbsp;subunit&nbsp;gamma/tau,68.3
203907.Bfl021,glyS,Glycine--tRNA&nbsp;ligase&nbsp;beta&nbsp;subunit,68.1
203907.Bfl511,cysA,Sulfate-transporting&nbsp;ATPase,68.1
203907.Bfl392,trmU,tRNA-specific&nbsp;2-thiouridylase&nbsp;MnmA,68.0
203907.Bfl404,fabG,3-oxoacyl-[acyl-carrier&nbsp;protein]&nbsp;reductase,67.5
203907.Bfl158,cysJ,Sulfite&nbsp;reductase&nbsp;[NADPH]&nbsp;flavoprotein&nbsp;alpha-component,67.4
203907.Bfl564,tuf,Elongation&nbsp;factor&nbsp;Tu,67.0
203907.Bfl011,thdF,tRNA&nbsp;modification&nbsp;GTPase&nbsp;MnmE,66.9
203907.Bfl427,trpG,Anthranilate&nbsp;synthase&nbsp;component&nbsp;II,66.7
203907.Bfl487,nuoH,NADH-quinone&nbsp;oxidoreductase&nbsp;subunit&nbsp;H,66.6
203907.Bfl420,fabA,3-hydroxydecanoyl-[acyl-carrier-protein]&nbsp;dehydratase,66.5
203907.Bfl334,sucD,Succinate--CoA&nbsp;ligase&nbsp;[ADP-forming]&nbsp;subunit&nbsp;alpha,66.3
203907.Bfl512,cysW,Sulphate&nbsp;transport&nbsp;system&nbsp;permease&nbsp;protein&nbsp;CysW,66.1
203907.Bfl510,ptsI,Phosphoenolpyruvate-protein&nbsp;phosphotransferase,66.1
203907.Bfl196,rplV,50S&nbsp;ribosomal&nbsp;protein&nbsp;L22,66.1
203907.Bfl431,trpA,Tryptophan&nbsp;synthase&nbsp;alpha&nbsp;chain,66.0
203907.Bfl017,gyrB,DNA&nbsp;gyrase&nbsp;subunit&nbsp;B,65.9
203907.Bfl006,atpA,ATP&nbsp;synthase&nbsp;subunit&nbsp;alpha,65.8
203907.Bfl479,nrdB,Ribonucleoside-diphosphate&nbsp;reductase&nbsp;1&nbsp;beta&nbsp;chain,65.8
203907.Bfl217,rplQ,50S&nbsp;ribosomal&nbsp;protein&nbsp;L17,65.7
203907.Bfl209,rpmD,50S&nbsp;ribosomal&nbsp;protein&nbsp;L30,65.6
203907.Bfl037,yjgQ,Putative&nbsp;inner&nbsp;membrane&nbsp;protein&nbsp;predicted&nbsp;permease,65.5
203907.Bfl193,rplW,50S&nbsp;ribosomal&nbsp;protein&nbsp;L23,65.5
203907.Bfl234,ribD,Riboflavin&nbsp;biosynthesis&nbsp;protein&nbsp;RibD,65.2
203907.Bfl523,ureC,Urease&nbsp;subunit&nbsp;alpha,65.1
203907.Bfl352,infC,Translation&nbsp;initiation&nbsp;factor&nbsp;IF-3,64.5
203907.Bfl339,pal,Peptidoglycan-associated&nbsp;lipoprotein,62.7
203907.Bfl490,nuoE,NADH&nbsp;dehydrogenase&nbsp;I&nbsp;chain&nbsp;E,62.6
203907.Bfl254,pgk,Phosphoglycerate&nbsp;kinase,62.5
203907.Bfl211,secY,Protein&nbsp;translocase&nbsp;subunit&nbsp;SecY,62.3
203907.Bfl282,fabZ,3-hydroxyacyl-[acyl-carrier-protein]&nbsp;dehydratase&nbsp;FabZ,61.7
203907.Bfl179,pheA,Prephenate&nbsp;dehydratase,60.5
203907.Bfl486,nuoI,NADH-quinone&nbsp;oxidoreductase&nbsp;subunit&nbsp;I,60.2
203907.Bfl467,hisA,1-(5-phosphoribosyl)-5-[(5-phosphoribosylamino)methylideneamino]&nbsp;imidazole-4-carboxamide&nbsp;isomerase,59.7
203907.Bfl087,rplI,50S&nbsp;ribosomal&nbsp;protein&nbsp;L9,59.6
203907.Bfl015,rpmH,50S&nbsp;ribosomal&nbsp;protein&nbsp;L34,59.5
203907.Bfl267,recD,RecBCD&nbsp;enzyme&nbsp;subunit&nbsp;RecD,59.5
203907.Bfl245,cyoA,Ubiquinol&nbsp;oxidase&nbsp;subunit&nbsp;2,59.4
203907.Bfl498,fabB,3-oxoacyl-[acyl-carrier-protein]&nbsp;synthase&nbsp;I,58.9
203907.Bfl309,mrdA,"Peptidoglycan&nbsp;D,D-transpeptidase&nbsp;MrdA",58.8
203907.Bfl216,rpoA,DNA-directed&nbsp;RNA&nbsp;polymerase&nbsp;subunit&nbsp;alpha,57.9
203907.Bfl194,rplB,50S&nbsp;ribosomal&nbsp;protein&nbsp;L2,57.9
203907.Bfl176,rplS,50S&nbsp;ribosomal&nbsp;protein&nbsp;L19,57.9
203907.Bfl328,sdhD,Succinate&nbsp;dehydrogenase&nbsp;hydrophobic&nbsp;membrane&nbsp;anchor&nbsp;subunit,57.7
203907.Bfl136,ftsI,"Peptidoglycan&nbsp;D,D-transpeptidase&nbsp;FtsI",57.7
203907.Bfl003,atpE,ATP&nbsp;synthase&nbsp;subunit&nbsp;c,57.5
203907.Bfl331,sucA,2-oxoglutarate&nbsp;dehydrogenase&nbsp;E1&nbsp;component,57.2
203907.Bfl544,grpE,Protein&nbsp;GrpE,57.1
203907.Bfl148,secA,Protein&nbsp;translocase&nbsp;subunit&nbsp;SecA,56.8
203907.Bfl160,cysH,Phosphoadenosine&nbsp;phosphosulfate&nbsp;reductase,56.5
203907.Bfl242,cyoD,Cytochrome&nbsp;O&nbsp;ubiquinol&nbsp;oxidase&nbsp;subunit&nbsp;CyoD,56.4
203907.Bfl197,rpsC,30S&nbsp;ribosomal&nbsp;protein&nbsp;S3,55.7
203907.Bfl495,accD,Acetyl-coenzyme&nbsp;A&nbsp;carboxylase&nbsp;carboxyl&nbsp;transferase&nbsp;subunit&nbsp;beta,55.6
203907.Bfl422,aspC,Aminotransferase,55.4
203907.Bfl152,aceF,Dihydrolipoamide&nbsp;acetyltransferase&nbsp;component&nbsp;of&nbsp;pyruvate&nbsp;dehydrogenase&nbsp;complex,55.0
203907.Bfl163,cysN,Sulfate&nbsp;adenylyltransferase&nbsp;subunit&nbsp;1,55.0
203907.Bfl236,nusB,Transcription&nbsp;antitermination&nbsp;protein&nbsp;NusB,54.9
203907.Bfl009,atpC,ATP&nbsp;synthase&nbsp;epsilon&nbsp;chain,54.9
203907.Bfl578,yigB,Predicted&nbsp;hydrolase&nbsp;of&nbsp;the&nbsp;HAD&nbsp;superfamily,54.9
203907.Bfl195,rpsS,30S&nbsp;ribosomal&nbsp;protein&nbsp;S19,53.7
203907.Bfl491,nuoCD,NADH-quinone&nbsp;oxidoreductase&nbsp;subunit&nbsp;C/D,53.5
203907.Bfl059,gcp,tRNA&nbsp;N6-adenosine&nbsp;threonylcarbamoyltransferase,53.4
203907.Bfl410,rne,COG&nbsp;category=J,53.4
203907.Bfl608,rfaF,ADP-heptose&nbsp;lipopolysaccharide&nbsp;heptosyltransferase&nbsp;II,53.3
203907.Bfl255,fba,"Fructose&nbsp;1,6-bisphosphate&nbsp;aldolase",53.2
203907.Bfl478,nrdA,Ribonucleoside-diphosphate&nbsp;reductase,52.6
203907.Bfl065,ribB,"3,4-dihydroxy-2-butanone&nbsp;4-phosphate&nbsp;synthase",52.6
203907.Bfl266,recC,RecBCD&nbsp;enzyme&nbsp;subunit&nbsp;RecC,52.4
203907.Bfl559,rplJ,50S&nbsp;ribosomal&nbsp;protein&nbsp;L10,52.3
203907.Bfl173,rpsP,30S&nbsp;ribosomal&nbsp;protein&nbsp;S16,52.2
203907.Bfl563,secE,Protein&nbsp;translocase&nbsp;subunit&nbsp;SecE,52.1
203907.Bfl396,ycfU,ABC&nbsp;transporter&nbsp;integral&nbsp;membrane&nbsp;subunit,52.1
203907.Bfl356,pheT,Phenylalanine--tRNA&nbsp;ligase&nbsp;beta&nbsp;subunit,52.0
203907.Bfl215,rpsD,30S&nbsp;ribosomal&nbsp;protein&nbsp;S4,52.0
203907.Bfl243,cyoC,Cytochrome&nbsp;o&nbsp;ubiquinol&nbsp;oxidase&nbsp;subunit&nbsp;III,52.0
203907.Bfl180,yfiO,Outer&nbsp;membrane&nbsp;protein&nbsp;assembly&nbsp;factor&nbsp;BamD,51.8
203907.Bfl566,rpsG,30S&nbsp;ribosomal&nbsp;protein&nbsp;S7,51.7
203907.Bfl375,ubiX,Flavin&nbsp;prenyltransferase&nbsp;UbiX,51.5
203907.Bfl484,nuoK,NADH-quinone&nbsp;oxidoreductase&nbsp;subunit&nbsp;K,51.4
203907.Bfl360,sufC,Probable&nbsp;ATP-dependent&nbsp;transporter&nbsp;sufC,51.3
203907.Bfl355,pheS,Phenylalanine--tRNA&nbsp;ligase&nbsp;alpha&nbsp;subunit,51.3
203907.Bfl525,ureA,Urease&nbsp;subunit&nbsp;gamma,51.2
203907.Bfl204,rpsN,30S&nbsp;ribosomal&nbsp;protein&nbsp;S14,51.0
