1005090.BAKON_510,rplO,50S&nbsp;ribosomal&nbsp;protein&nbsp;L15,98.9
1005090.BAKON_127,rplT,50S&nbsp;ribosomal&nbsp;protein&nbsp;L20,98.8
1005090.BAKON_137,rplY,50S&nbsp;ribosomal&nbsp;protein&nbsp;L25,98.3
1005090.BAKON_202,secA,Protein&nbsp;translocase&nbsp;subunit&nbsp;SecA,98.2
1005090.BAKON_342,flgE,annotation&nbsp;not&nbsp;available,98.2
1005090.BAKON_024,ftsY,Signal&nbsp;recognition&nbsp;particle&nbsp;receptor&nbsp;FtsY,98.0
1005090.BAKON_585,rpmE,50S&nbsp;ribosomal&nbsp;protein&nbsp;L31,98.0
1005090.BAKON_501,def,Peptide&nbsp;deformylase,98.0
1005090.BAKON_400,rplS,50S&nbsp;ribosomal&nbsp;protein&nbsp;L19,97.7
1005090.BAKON_074,fliG,annotation&nbsp;not&nbsp;available,97.5
1005090.BAKON_432,mutS,DNA&nbsp;mismatch&nbsp;repair&nbsp;protein&nbsp;MutS,97.4
1005090.BAKON_176,pta,Phosphate&nbsp;acetyltransferase,97.4
1005090.BAKON_519,rplN,50S&nbsp;ribosomal&nbsp;protein&nbsp;L14,97.2
1005090.BAKON_154,nuoB,NADH-quinone&nbsp;oxidoreductase&nbsp;subunit&nbsp;B,97.0
1005090.BAKON_210,speE,Polyamine&nbsp;aminopropyltransferase,96.8
1005090.BAKON_280,trpB,Tryptophan&nbsp;synthase&nbsp;beta&nbsp;chain,96.7
1005090.BAKON_213,ftsZ,Cell&nbsp;division&nbsp;protein&nbsp;FtsZ,96.3
1005090.BAKON_522,rplP,50S&nbsp;ribosomal&nbsp;protein&nbsp;L16,95.6
1005090.BAKON_514,rplF,50S&nbsp;ribosomal&nbsp;protein&nbsp;L6,95.4
1005090.BAKON_273,ribA,GTP&nbsp;cyclohydrolase-2,95.4
1005090.BAKON_605,trxA,annotation&nbsp;not&nbsp;available,95.4
1005090.BAKON_135,glyQ,annotation&nbsp;not&nbsp;available,95.3
1005090.BAKON_513,rplR,50S&nbsp;ribosomal&nbsp;protein&nbsp;L18,95.2
1005090.BAKON_195,thrA,annotation&nbsp;not&nbsp;available,95.1
1005090.BAKON_151,dnaJ,Chaperone&nbsp;protein&nbsp;DnaJ,94.4
1005090.BAKON_523,rpsC,30S&nbsp;ribosomal&nbsp;protein&nbsp;S3,94.2
1005090.BAKON_569,cysQ,CysQ&nbsp;protein,94.1
1005090.BAKON_263,mnmA,tRNA-specific&nbsp;2-thiouridylase&nbsp;MnmA,93.8
1005090.BAKON_019,groEL,60&nbsp;kDa&nbsp;chaperonin,93.7
1005090.BAKON_571,rpsR,30S&nbsp;ribosomal&nbsp;protein&nbsp;S18,93.3
1005090.BAKON_063,crr,annotation&nbsp;not&nbsp;available,93.0
1005090.BAKON_011,dnaN,Beta&nbsp;sliding&nbsp;clamp,92.9
1005090.BAKON_451,asd,Aspartate-semialdehyde&nbsp;dehydrogenase,92.8
1005090.BAKON_381,nusA,Transcription&nbsp;termination/antitermination&nbsp;protein&nbsp;NusA,92.3
1005090.BAKON_512,rpsE,30S&nbsp;ribosomal&nbsp;protein&nbsp;S5,92.1
1005090.BAKON_426,cysN,Sulfate&nbsp;adenylyltransferase&nbsp;subunit&nbsp;1,92.0
1005090.BAKON_253,gpt,Xanthine&nbsp;phosphoribosyltransferase,92.0
1005090.BAKON_530,rpsJ,30S&nbsp;ribosomal&nbsp;protein&nbsp;S10,91.8
1005090.BAKON_527,rplW,50S&nbsp;ribosomal&nbsp;protein&nbsp;L23,91.4
1005090.BAKON_281,trpC,annotation&nbsp;not&nbsp;available,91.1
1005090.BAKON_339,flgB,Flagellar&nbsp;basal&nbsp;body&nbsp;rod&nbsp;protein&nbsp;FlgB,91.0
1005090.BAKON_520,rpsQ,30S&nbsp;ribosomal&nbsp;protein&nbsp;S17,91.0
1005090.BAKON_006,atpA,ATP&nbsp;synthase&nbsp;subunit&nbsp;alpha,90.4
1005090.BAKON_033,rpoC,DNA-directed&nbsp;RNA&nbsp;polymerase&nbsp;subunit&nbsp;beta',89.1
1005090.BAKON_354,acpP,Acyl&nbsp;carrier&nbsp;protein,89.1
1005090.BAKON_084,rpmG,annotation&nbsp;not&nbsp;available,88.7
1005090.BAKON_036,rplJ,50S&nbsp;ribosomal&nbsp;protein&nbsp;L10,88.5
1005090.BAKON_465,ribD2,annotation&nbsp;not&nbsp;available,88.4
1005090.BAKON_128,pheS,annotation&nbsp;not&nbsp;available,88.4
1005090.BAKON_390,rplU,50S&nbsp;ribosomal&nbsp;protein&nbsp;L21,87.7
1005090.BAKON_377,rpsO,30S&nbsp;ribosomal&nbsp;protein&nbsp;S15,87.5
1005090.BAKON_528,rplD,50S&nbsp;ribosomal&nbsp;protein&nbsp;L4,87.5
1005090.BAKON_525,rpsS,30S&nbsp;ribosomal&nbsp;protein&nbsp;S19,87.1
1005090.BAKON_134,glyS,annotation&nbsp;not&nbsp;available,86.9
1005090.BAKON_517,rplE,50S&nbsp;ribosomal&nbsp;protein&nbsp;L5,86.0
1005090.BAKON_503,rplQ,50S&nbsp;ribosomal&nbsp;protein&nbsp;L17,86.0
1005090.BAKON_009,atpC,ATP&nbsp;synthase&nbsp;epsilon&nbsp;chain,85.8
1005090.BAKON_305,sucB,annotation&nbsp;not&nbsp;available,85.5
1005090.BAKON_279,trpA,Tryptophan&nbsp;synthase&nbsp;alpha&nbsp;chain,85.3
1005090.BAKON_483,mdlA,annotation&nbsp;not&nbsp;available,85.1
1005090.BAKON_178,nrdB,annotation&nbsp;not&nbsp;available,84.6
1005090.BAKON_586,hslV,ATP-dependent&nbsp;protease&nbsp;subunit&nbsp;HslV,84.6
1005090.BAKON_049,argB,Acetylglutamate&nbsp;kinase,84.5
1005090.BAKON_143,carB,annotation&nbsp;not&nbsp;available,84.0
1005090.BAKON_055,rpoD,RNA&nbsp;polymerase&nbsp;sigma&nbsp;factor&nbsp;RpoD,83.3
1005090.BAKON_104,hisF,Imidazole&nbsp;glycerol&nbsp;phosphate&nbsp;synthase&nbsp;subunit&nbsp;HisF,83.1
1005090.BAKON_153,nuoA,NADH-quinone&nbsp;oxidoreductase&nbsp;subunit&nbsp;A,83.0
1005090.BAKON_003,atpE,ATP&nbsp;synthase&nbsp;subunit&nbsp;c,83.0
1005090.BAKON_505,rpsD,30S&nbsp;ribosomal&nbsp;protein&nbsp;S4,82.9
1005090.BAKON_001,mnmG,tRNA&nbsp;uridine&nbsp;5-carboxymethylaminomethyl&nbsp;modification&nbsp;enzyme&nbsp;MnmG,82.6
1005090.BAKON_457,recB,RecBCD&nbsp;enzyme&nbsp;subunit&nbsp;RecB,82.3
1005090.BAKON_516,rpsN,30S&nbsp;ribosomal&nbsp;protein&nbsp;S14,82.0
1005090.BAKON_092,talA,Transaldolase,81.9
1005090.BAKON_587,hslU,ATP-dependent&nbsp;protease&nbsp;ATPase&nbsp;subunit&nbsp;HslU,81.8
1005090.BAKON_474,cyoB,annotation&nbsp;not&nbsp;available,81.7
1005090.BAKON_535,yheL,Protein&nbsp;TusB,81.2
1005090.BAKON_536,yheM,Protein&nbsp;TusC,81.1
1005090.BAKON_079,fliM,annotation&nbsp;not&nbsp;available,80.6
1005090.BAKON_214,ftsA,Cell&nbsp;division&nbsp;protein&nbsp;FtsA,80.6
1005090.BAKON_240,dnaE,annotation&nbsp;not&nbsp;available,80.6
1005090.BAKON_035,rplL,50S&nbsp;ribosomal&nbsp;protein&nbsp;L7/L12,80.5
1005090.BAKON_405,bamD,Outer&nbsp;membrane&nbsp;protein&nbsp;assembly&nbsp;factor&nbsp;BamD,80.4
1005090.BAKON_145,dapB,4-hydroxy-tetrahydrodipicolinate&nbsp;reductase,79.9
1005090.BAKON_343,flgF,annotation&nbsp;not&nbsp;available,79.7
1005090.BAKON_348,flgK,annotation&nbsp;not&nbsp;available,79.6
1005090.BAKON_209,speD,S-adenosylmethionine&nbsp;decarboxylase&nbsp;proenzyme,79.4
1005090.BAKON_327,minE,Cell&nbsp;division&nbsp;topological&nbsp;specificity&nbsp;factor,79.3
1005090.BAKON_008,atpD,ATP&nbsp;synthase&nbsp;subunit&nbsp;beta,78.9
1005090.BAKON_085,rpmB,annotation&nbsp;not&nbsp;available,78.8
1005090.BAKON_144,carA,annotation&nbsp;not&nbsp;available,78.6
1005090.BAKON_393,rpsI,annotation&nbsp;not&nbsp;available,78.6
1005090.BAKON_272,pyrF,Orotidine&nbsp;5'-phosphate&nbsp;decarboxylase,78.3
1005090.BAKON_250,dnaQ,DNA&nbsp;polymerase&nbsp;III&nbsp;subunit&nbsp;epsilon,78.2
1005090.BAKON_441,lysA,Diaminopimelate&nbsp;decarboxylase,78.1
1005090.BAKON_458,recD,RecBCD&nbsp;enzyme&nbsp;subunit&nbsp;RecD,78.1
1005090.BAKON_372,pyrB,annotation&nbsp;not&nbsp;available,78.0
1005090.BAKON_133,yajC,annotation&nbsp;not&nbsp;available,77.8
1005090.BAKON_578,mutL,DNA&nbsp;mismatch&nbsp;repair&nbsp;protein&nbsp;MutL,77.7
1005090.BAKON_156,nuoE,annotation&nbsp;not&nbsp;available,77.4
1005090.BAKON_311,rpsA,30S&nbsp;ribosomal&nbsp;protein&nbsp;S1,77.4
1005090.BAKON_506,rpsK,30S&nbsp;ribosomal&nbsp;protein&nbsp;S11,77.2
1005090.BAKON_470,yccK,Sulfurtransferase,77.2
1005090.BAKON_162,nuoK,NADH-quinone&nbsp;oxidoreductase&nbsp;subunit&nbsp;K,76.9
1005090.BAKON_450,sirA,Sulfur&nbsp;carrier&nbsp;protein&nbsp;TusA,76.5
1005090.BAKON_103,hisA,annotation&nbsp;not&nbsp;available,76.3
1005090.BAKON_611,iscU,Iron-sulfur&nbsp;cluster&nbsp;assembly&nbsp;scaffold&nbsp;protein&nbsp;IscU,76.2
1005090.BAKON_521,rpmC,annotation&nbsp;not&nbsp;available,76.1
1005090.BAKON_059,ribB,"3,4-dihydroxy-2-butanone&nbsp;4-phosphate&nbsp;synthase",75.8
1005090.BAKON_454,fba,annotation&nbsp;not&nbsp;available,75.7
1005090.BAKON_534,rpsL,30S&nbsp;ribosomal&nbsp;protein&nbsp;S12,75.7
1005090.BAKON_053,secB,Protein-export&nbsp;protein&nbsp;SecB,75.3
1005090.BAKON_150,rpsT,30S&nbsp;ribosomal&nbsp;protein&nbsp;S20,75.1
1005090.BAKON_310,ihfB,Integration&nbsp;host&nbsp;factor&nbsp;subunit&nbsp;beta,75.1
1005090.BAKON_184,grpE,Protein&nbsp;GrpE,74.9
1005090.BAKON_572,rpsF,30S&nbsp;ribosomal&nbsp;protein&nbsp;S6,74.6
1005090.BAKON_126,rpmI,annotation&nbsp;not&nbsp;available,74.5
1005090.BAKON_448,holA,annotation&nbsp;not&nbsp;available,74.0
1005090.BAKON_165,nuoN,NADH-quinone&nbsp;oxidoreductase&nbsp;subunit&nbsp;N,73.7
1005090.BAKON_091,fabB,annotation&nbsp;not&nbsp;available,73.7
1005090.BAKON_395,pheA,annotation&nbsp;not&nbsp;available,73.3
1005090.BAKON_459,argA,annotation&nbsp;not&nbsp;available,73.1
1005090.BAKON_344,flgG,annotation&nbsp;not&nbsp;available,73.1
1005090.BAKON_163,nuoL,annotation&nbsp;not&nbsp;available,72.7
1005090.BAKON_515,rpsH,30S&nbsp;ribosomal&nbsp;protein&nbsp;S8,72.0
1005090.BAKON_356,holB,annotation&nbsp;not&nbsp;available,71.9
1005090.BAKON_472,cyoD,annotation&nbsp;not&nbsp;available,71.8
1005090.BAKON_196,hpt,annotation&nbsp;not&nbsp;available,71.7
1005090.BAKON_073,fliF,Flagellar&nbsp;M-ring&nbsp;protein,71.7
1005090.BAKON_511,rpmD,annotation&nbsp;not&nbsp;available,71.6
1005090.BAKON_567,pyrE,Orotate&nbsp;phosphoribosyltransferase,71.4
1005090.BAKON_015,yidC,Membrane&nbsp;protein&nbsp;insertase&nbsp;YidC,71.2
1005090.BAKON_383,secG,annotation&nbsp;not&nbsp;available,71.1
1005090.BAKON_130,ihfA,Integration&nbsp;host&nbsp;factor&nbsp;subunit&nbsp;alpha,70.9
1005090.BAKON_353,fabG,annotation&nbsp;not&nbsp;available,70.8
1005090.BAKON_484,mdlB,Multidrug&nbsp;resistance-like&nbsp;ATP-binding&nbsp;protein&nbsp;MdlB,70.0
1005090.BAKON_394,rplM,50S&nbsp;ribosomal&nbsp;protein&nbsp;L13,69.8
1005090.BAKON_010,gyrB,DNA&nbsp;gyrase&nbsp;subunit&nbsp;B,69.6
1005090.BAKON_095,dapA,4-hydroxy-tetrahydrodipicolinate&nbsp;synthase,69.3
1005090.BAKON_234,pyrH,Uridylate&nbsp;kinase,69.2
1005090.BAKON_453,pgk,annotation&nbsp;not&nbsp;available,69.2
1005090.BAKON_238,bamA,Outer&nbsp;membrane&nbsp;protein&nbsp;assembly&nbsp;factor&nbsp;BamA,68.9
1005090.BAKON_340,flgC,annotation&nbsp;not&nbsp;available,68.5
1005090.BAKON_254,grpE1,Protein&nbsp;GrpE,68.4
1005090.BAKON_316,trxB,annotation&nbsp;not&nbsp;available,68.3
1005090.BAKON_508,rpmJ,annotation&nbsp;not&nbsp;available,68.2
1005090.BAKON_152,dnaK,Chaperone&nbsp;protein&nbsp;DnaK,68.2
1005090.BAKON_518,rplX,50S&nbsp;ribosomal&nbsp;protein&nbsp;L24,68.1
1005090.BAKON_358,ptsG,annotation&nbsp;not&nbsp;available,67.9
1005090.BAKON_038,rplK,50S&nbsp;ribosomal&nbsp;protein&nbsp;L11,67.7
1005090.BAKON_267,fabI,annotation&nbsp;not&nbsp;available,67.4
1005090.BAKON_427,cysD,annotation&nbsp;not&nbsp;available,67.4
1005090.BAKON_179,nrdA,Ribonucleoside-diphosphate&nbsp;reductase,67.1
1005090.BAKON_471,cyoE,Protoheme&nbsp;IX&nbsp;farnesyltransferase,67.0
1005090.BAKON_004,atpF,ATP&nbsp;synthase&nbsp;subunit&nbsp;b,66.6
1005090.BAKON_537,yheN,Sulfurtransferase&nbsp;TusD,66.6
1005090.BAKON_351,rpmF,annotation&nbsp;not&nbsp;available,66.2
1005090.BAKON_129,pheT,annotation&nbsp;not&nbsp;available,66.0
1005090.BAKON_431,cysJ,Sulfite&nbsp;reductase&nbsp;[NADPH]&nbsp;flavoprotein&nbsp;alpha-component,65.4
1005090.BAKON_376,pnp,Polyribonucleotide&nbsp;nucleotidyltransferase,65.3
1005090.BAKON_397,rpsP,annotation&nbsp;not&nbsp;available,65.3
1005090.BAKON_304,sucA,annotation&nbsp;not&nbsp;available,65.2
1005090.BAKON_297,lolC,annotation&nbsp;not&nbsp;available,64.8
1005090.BAKON_430,cysI,Sulfite&nbsp;reductase&nbsp;[NADPH]&nbsp;hemoprotein&nbsp;beta-component,64.0
1005090.BAKON_526,rplB,50S&nbsp;ribosomal&nbsp;protein&nbsp;L2,64.0
1005090.BAKON_002,atpB,ATP&nbsp;synthase&nbsp;subunit&nbsp;a,63.8
1005090.BAKON_051,argH,annotation&nbsp;not&nbsp;available,63.4
1005090.BAKON_233,tsf,Elongation&nbsp;factor&nbsp;Ts,63.3
1005090.BAKON_610,iscS,Cysteine&nbsp;desulfurase&nbsp;IscS,63.0
1005090.BAKON_007,atpG,ATP&nbsp;synthase&nbsp;gamma&nbsp;chain,62.4
1005090.BAKON_319,znuB,annotation&nbsp;not&nbsp;available,62.4
1005090.BAKON_158,nuoG,annotation&nbsp;not&nbsp;available,62.2
1005090.BAKON_529,rplC,50S&nbsp;ribosomal&nbsp;protein&nbsp;L3,62.1
1005090.BAKON_328,minD,annotation&nbsp;not&nbsp;available,61.7
1005090.BAKON_160,nuoI,NADH-quinone&nbsp;oxidoreductase&nbsp;subunit&nbsp;I,61.6
1005090.BAKON_504,rpoA,DNA-directed&nbsp;RNA&nbsp;polymerase&nbsp;subunit&nbsp;alpha,61.5
1005090.BAKON_034,rpoB,DNA-directed&nbsp;RNA&nbsp;polymerase&nbsp;subunit&nbsp;beta,61.3
1005090.BAKON_016,mnmE,tRNA&nbsp;modification&nbsp;GTPase&nbsp;MnmE,61.3
1005090.BAKON_161,nuoJ,annotation&nbsp;not&nbsp;available,61.1
1005090.BAKON_396,ffh,Signal&nbsp;recognition&nbsp;particle&nbsp;protein,60.9
1005090.BAKON_057,rpsU,annotation&nbsp;not&nbsp;available,60.7
1005090.BAKON_373,pyrI,Aspartate&nbsp;carbamoyltransferase&nbsp;regulatory&nbsp;chain,60.7
1005090.BAKON_005,atpH,ATP&nbsp;synthase&nbsp;subunit&nbsp;delta,60.7
1005090.BAKON_093,tktB,Transketolase,60.4
1005090.BAKON_080,fliN,Flagellar&nbsp;motor&nbsp;switch&nbsp;protein&nbsp;FliN,60.4
1005090.BAKON_429,cysH,Phosphoadenosine&nbsp;phosphosulfate&nbsp;reductase,60.1
1005090.BAKON_475,cyoA,Ubiquinol&nbsp;oxidase&nbsp;subunit&nbsp;2,60.0
1005090.BAKON_524,rplV,50S&nbsp;ribosomal&nbsp;protein&nbsp;L22,59.9
1005090.BAKON_180,gyrA,DNA&nbsp;gyrase&nbsp;subunit&nbsp;A,59.7
1005090.BAKON_486,dnaX,DNA&nbsp;polymerase&nbsp;III&nbsp;subunit&nbsp;gamma/tau,59.1
1005090.BAKON_232,rpsB,annotation&nbsp;not&nbsp;available,58.5
1005090.BAKON_299,lolE,annotation&nbsp;not&nbsp;available,58.4
1005090.BAKON_349,rne,Ribonuclease&nbsp;E,58.2
1005090.BAKON_466,nusB,Transcription&nbsp;antitermination&nbsp;protein&nbsp;NusB,58.1
1005090.BAKON_018,groES,10&nbsp;kDa&nbsp;chaperonin,58.0
1005090.BAKON_123,aroH,Phospho-2-dehydro-3-deoxyheptonate&nbsp;aldolase,57.6
1005090.BAKON_040,secE,Protein&nbsp;translocase&nbsp;subunit&nbsp;SecE,57.4
1005090.BAKON_037,rplA,50S&nbsp;ribosomal&nbsp;protein&nbsp;L1,56.8
1005090.BAKON_391,rpmA,annotation&nbsp;not&nbsp;available,56.7
1005090.BAKON_125,infC,Translation&nbsp;initiation&nbsp;factor&nbsp;IF-3,56.4
1005090.BAKON_312,cmk,annotation&nbsp;not&nbsp;available,56.0
1005090.BAKON_533,rpsG,30S&nbsp;ribosomal&nbsp;protein&nbsp;S7,55.6
1005090.BAKON_065,ptsH,annotation&nbsp;not&nbsp;available,55.3
1005090.BAKON_473,cyoC,annotation&nbsp;not&nbsp;available,55.3
1005090.BAKON_206,aceE,Pyruvate&nbsp;dehydrogenase&nbsp;E1&nbsp;component,55.3
1005090.BAKON_425,cysC,Adenylyl-sulfate&nbsp;kinase,55.1
1005090.BAKON_159,nuoH,NADH-quinone&nbsp;oxidoreductase&nbsp;subunit&nbsp;H,54.9
1005090.BAKON_064,ptsI,Phosphoenolpyruvate-protein&nbsp;phosphotransferase,54.5
1005090.BAKON_013,rpmH,annotation&nbsp;not&nbsp;available,54.4
1005090.BAKON_531,tufA,Elongation&nbsp;factor&nbsp;Tu,54.0
1005090.BAKON_570,rplI,50S&nbsp;ribosomal&nbsp;protein&nbsp;L9,53.6
1005090.BAKON_164,nuoM,annotation&nbsp;not&nbsp;available,53.5
1005090.BAKON_545,aroK,Shikimate&nbsp;kinase&nbsp;1,53.5
1005090.BAKON_434,polA,annotation&nbsp;not&nbsp;available,53.4
1005090.BAKON_227,ilvI,annotation&nbsp;not&nbsp;available,53.4
1005090.BAKON_207,aceF,annotation&nbsp;not&nbsp;available,53.2
1005090.BAKON_175,ackA,Acetate&nbsp;kinase,52.7
1005090.BAKON_298,lolD,Lipoprotein-releasing&nbsp;system&nbsp;ATP-binding&nbsp;protein&nbsp;LolD,52.6
1005090.BAKON_580,mtlA,annotation&nbsp;not&nbsp;available,52.6
1005090.BAKON_509,secY,Protein&nbsp;translocase&nbsp;subunit&nbsp;SecY,52.5
1005090.BAKON_155,nuoCD,NADH-quinone&nbsp;oxidoreductase&nbsp;subunit&nbsp;C/D,52.2
1005090.BAKON_320,znuC,Zinc&nbsp;import&nbsp;ATP-binding&nbsp;protein&nbsp;ZnuC,52.2
1005090.BAKON_102,hisH,Imidazole&nbsp;glycerol&nbsp;phosphate&nbsp;synthase&nbsp;subunit&nbsp;HisH,52.2
1005090.BAKON_208,lpdA,annotation&nbsp;not&nbsp;available,52.1
1005090.BAKON_226,ilvH,annotation&nbsp;not&nbsp;available,52.0
1005090.BAKON_309,tpiA,Triosephosphate&nbsp;isomerase,51.9
1005090.BAKON_157,nuoF,NADH-quinone&nbsp;oxidoreductase&nbsp;subunit&nbsp;F,51.5
1005090.BAKON_507,rpsM,30S&nbsp;ribosomal&nbsp;protein&nbsp;S13,51.0
